============================================================
  Generated by:           Genus(TM) Synthesis Solution 23.13-s073_1
  Generated on:           Dec 10 2025  08:29:41 am
  Module:                 riscv_core
  Operating conditions:   tt_1.0_25.0 (balanced_tree)
  Wireload mode:          enclosed
  Area mode:              timing library
============================================================


Path 1: VIOLATED (-440 ps) Setup Check with Pin u_issue/pc_x_q_reg[31]/CLK->D
          Group: clk
     Startpoint: (R) u_frontend/u_decode/genblk1.u_fifo/rd_ptr_q_reg[0]/CLK
          Clock: (R) clk
       Endpoint: (R) u_issue/pc_x_q_reg[31]/D
          Clock: (R) clk

                     Capture       Launch     
        Clock Edge:+     250            0     
       Src Latency:+       0            0     
       Net Latency:+       0 (I)        0 (I) 
           Arrival:=     250            0     
                                              
             Setup:-       9                  
       Uncertainty:-      25                  
     Required Time:=     216                  
      Launch Clock:-       0                  
         Data Path:-     656                  
             Slack:=    -440                  

#------------------------------------------------------------------------------------------------------------------------------------------------
#                     Timing Point                       Flags    Arc    Edge           Cell            Fanout Load Trans Delay Arrival Instance 
#                                                                                                              (fF)  (ps)  (ps)   (ps)  Location 
#------------------------------------------------------------------------------------------------------------------------------------------------
  u_frontend/u_decode/genblk1.u_fifo/rd_ptr_q_reg[0]/CLK -       -       R     (arrival)                  5362    -    12     0       0    (-,-) 
  u_frontend/u_decode/genblk1.u_fifo/rd_ptr_q_reg[0]/QN  -       CLK->QN R     ASYNC_DFFHx1_ASAP7_75t_R      1  1.3    18    43      43    (-,-) 
  u_frontend/u_decode/genblk1.u_fifo/fopt275/Y           -       A->Y    R     BUFx6f_ASAP7_75t_R            8 11.6    15    19      62    (-,-) 
  u_frontend/u_decode/genblk1.u_fifo/fopt274/Y           -       A->Y    F     INVx6_ASAP7_75t_R            13  8.9    11     9      72    (-,-) 
  u_frontend/u_decode/genblk1.u_fifo/g6487/Y             -       B->Y    R     NAND2xp5_ASAP7_75t_R          1  0.6    13     9      81    (-,-) 
  u_frontend/u_decode/genblk1.u_fifo/g6394/Y             -       B->Y    F     OAI21xp5_ASAP7_75t_R          2  1.3    17    12      93    (-,-) 
  u_issue/g39104/Y                                       -       B->Y    F     XOR2xp5_ASAP7_75t_R           1  0.6    16    19     112    (-,-) 
  u_issue/g39000/Y                                       -       B->Y    F     AO21x1_ASAP7_75t_R            1  1.1     9    18     130    (-,-) 
  u_issue/g38988/Y                                       -       A->Y    R     NOR2x1_ASAP7_75t_R            2  1.2    14    11     140    (-,-) 
  u_issue/g38982/Y                                       -       B->Y    F     NAND2xp5_ASAP7_75t_R          1  1.1    17    12     152    (-,-) 
  u_issue/g38981/Y                                       -       B->Y    R     NOR2x1_ASAP7_75t_R            2  1.4    16    13     165    (-,-) 
  u_issue/g38975/Y                                       -       A->Y    R     AND3x4_ASAP7_75t_R            9  6.6    19    29     194    (-,-) 
  u_issue/g38974/Y                                       -       A->Y    R     BUFx6f_ASAP7_75t_R           11  9.3    13    18     212    (-,-) 
  u_issue/g38972/Y                                       -       A->Y    R     AND2x4_ASAP7_75t_R            6  4.5    12    20     232    (-,-) 
  u_issue/fopt78294/Y                                    -       A->Y    F     INVx1_ASAP7_75t_R             6  3.2    18    13     245    (-,-) 
  u_issue/g50749/Y                                       -       A->Y    R     NAND2xp5_ASAP7_75t_R          2  1.1    18    15     260    (-,-) 
  u_issue/g50609/Y                                       -       A->Y    F     NOR3xp33_ASAP7_75t_R          1  0.6    13    10     270    (-,-) 
  u_issue/g50562/Y                                       -       B->Y    R     AOI21xp5_ASAP7_75t_R          1  0.6    14    11     281    (-,-) 
  u_issue/g50534/Y                                       -       D->Y    R     AND4x2_ASAP7_75t_R            4  3.1    20    36     317    (-,-) 
  u_issue/g50446/Y                                       -       B->Y    R     OA211x2_ASAP7_75t_R           3  3.3    16    27     344    (-,-) 
  u_issue/g50385/Y                                       -       B->Y    R     AND2x4_ASAP7_75t_R           12  9.3    21    25     369    (-,-) 
  u_issue/fopt78629/Y                                    -       A->Y    F     INVx4_ASAP7_75t_R            14  8.5    15    12     381    (-,-) 
  u_issue/fopt78628/Y                                    -       A->Y    R     INVx1_ASAP7_75t_R             3  1.6    14    11     392    (-,-) 
  u_issue/g50110/Y                                       -       A1->Y   R     AO221x2_ASAP7_75t_R           4  2.7    17    29     421    (-,-) 
  u_exec1/g10969/Y                                       -       A->Y    R     XNOR2xp5_ASAP7_75t_R          1  0.5    18    16     437    (-,-) 
  u_exec1/g10910/Y                                       -       D->Y    F     NAND4xp25_ASAP7_75t_R         1  0.5    22    16     453    (-,-) 
  u_exec1/g10888/Y                                       -       C->Y    R     NOR3xp33_ASAP7_75t_R          1  0.8    26    20     473    (-,-) 
  u_exec1/g10828/Y                                       -       A->Y    F     NAND2xp67_ASAP7_75t_R         2  1.9    26    16     489    (-,-) 
  u_exec1/g10780/Y                                       -       A->Y    R     NOR3x1_ASAP7_75t_R            2  1.2    22    14     503    (-,-) 
  u_exec1/g10677/Y                                       -       A1->Y   F     O2A1O1Ixp33_ASAP7_75t_R       2  0.8    17    14     517    (-,-) 
  u_exec1/g10673/Y                                       -       B->Y    R     AOI311xp33_ASAP7_75t_R        1  0.5    23    17     534    (-,-) 
  u_exec1/g10672/Y                                       -       C->Y    F     NAND3xp33_ASAP7_75t_R         1  0.7    18    14     548    (-,-) 
  u_exec1/g5994/Y                                        -       A->Y    R     INVx1_ASAP7_75t_R             3  2.0    16    13     560    (-,-) 
  u_issue/g42039/Y                                       -       B->Y    F     NOR2x1_ASAP7_75t_R            2  1.7    16    12     573    (-,-) 
  u_issue/g42028/Y                                       -       B->Y    F     AND2x4_ASAP7_75t_R            5  4.4    10    20     593    (-,-) 
  u_issue/g41997/Y                                       -       B->Y    R     NAND2x1p5_ASAP7_75t_R         4  2.9    21    12     605    (-,-) 
  u_issue/g41977/Y                                       -       A->Y    F     INVx1_ASAP7_75t_R             3  2.3    16    13     618    (-,-) 
  u_issue/g41860/Y                                       -       A2->Y   R     AOI321xp33_ASAP7_75t_R        1  0.5    25    17     635    (-,-) 
  u_issue/g41728/Y                                       -       A->Y    F     NAND2xp5_ASAP7_75t_R          1  0.6    12    10     646    (-,-) 
  u_issue/g41726/Y                                       -       B->Y    R     AOI21xp5_ASAP7_75t_R          1  0.6    14    11     656    (-,-) 
  u_issue/pc_x_q_reg[31]/D                               -       -       R     ASYNC_DFFHx1_ASAP7_75t_R      1    -     -     0     656    (-,-) 
#------------------------------------------------------------------------------------------------------------------------------------------------



Path 2: VIOLATED (-440 ps) Setup Check with Pin u_issue/pc_x_q_reg[26]/CLK->D
          Group: clk
     Startpoint: (R) u_frontend/u_decode/genblk1.u_fifo/rd_ptr_q_reg[0]/CLK
          Clock: (R) clk
       Endpoint: (R) u_issue/pc_x_q_reg[26]/D
          Clock: (R) clk

                     Capture       Launch     
        Clock Edge:+     250            0     
       Src Latency:+       0            0     
       Net Latency:+       0 (I)        0 (I) 
           Arrival:=     250            0     
                                              
             Setup:-       9                  
       Uncertainty:-      25                  
     Required Time:=     216                  
      Launch Clock:-       0                  
         Data Path:-     656                  
             Slack:=    -440                  

#------------------------------------------------------------------------------------------------------------------------------------------------
#                     Timing Point                       Flags    Arc    Edge           Cell            Fanout Load Trans Delay Arrival Instance 
#                                                                                                              (fF)  (ps)  (ps)   (ps)  Location 
#------------------------------------------------------------------------------------------------------------------------------------------------
  u_frontend/u_decode/genblk1.u_fifo/rd_ptr_q_reg[0]/CLK -       -       R     (arrival)                  5362    -    12     0       0    (-,-) 
  u_frontend/u_decode/genblk1.u_fifo/rd_ptr_q_reg[0]/QN  -       CLK->QN R     ASYNC_DFFHx1_ASAP7_75t_R      1  1.3    18    43      43    (-,-) 
  u_frontend/u_decode/genblk1.u_fifo/fopt275/Y           -       A->Y    R     BUFx6f_ASAP7_75t_R            8 11.6    15    19      62    (-,-) 
  u_frontend/u_decode/genblk1.u_fifo/fopt274/Y           -       A->Y    F     INVx6_ASAP7_75t_R            13  8.9    11     9      72    (-,-) 
  u_frontend/u_decode/genblk1.u_fifo/g6487/Y             -       B->Y    R     NAND2xp5_ASAP7_75t_R          1  0.6    13     9      81    (-,-) 
  u_frontend/u_decode/genblk1.u_fifo/g6394/Y             -       B->Y    F     OAI21xp5_ASAP7_75t_R          2  1.3    17    12      93    (-,-) 
  u_issue/g39104/Y                                       -       B->Y    F     XOR2xp5_ASAP7_75t_R           1  0.6    16    19     112    (-,-) 
  u_issue/g39000/Y                                       -       B->Y    F     AO21x1_ASAP7_75t_R            1  1.1     9    18     130    (-,-) 
  u_issue/g38988/Y                                       -       A->Y    R     NOR2x1_ASAP7_75t_R            2  1.2    14    11     140    (-,-) 
  u_issue/g38982/Y                                       -       B->Y    F     NAND2xp5_ASAP7_75t_R          1  1.1    17    12     152    (-,-) 
  u_issue/g38981/Y                                       -       B->Y    R     NOR2x1_ASAP7_75t_R            2  1.4    16    13     165    (-,-) 
  u_issue/g38975/Y                                       -       A->Y    R     AND3x4_ASAP7_75t_R            9  6.6    19    29     194    (-,-) 
  u_issue/g38974/Y                                       -       A->Y    R     BUFx6f_ASAP7_75t_R           11  9.3    13    18     212    (-,-) 
  u_issue/g38972/Y                                       -       A->Y    R     AND2x4_ASAP7_75t_R            6  4.5    12    20     232    (-,-) 
  u_issue/fopt78294/Y                                    -       A->Y    F     INVx1_ASAP7_75t_R             6  3.2    18    13     245    (-,-) 
  u_issue/g50749/Y                                       -       A->Y    R     NAND2xp5_ASAP7_75t_R          2  1.1    18    15     260    (-,-) 
  u_issue/g50609/Y                                       -       A->Y    F     NOR3xp33_ASAP7_75t_R          1  0.6    13    10     270    (-,-) 
  u_issue/g50562/Y                                       -       B->Y    R     AOI21xp5_ASAP7_75t_R          1  0.6    14    11     281    (-,-) 
  u_issue/g50534/Y                                       -       D->Y    R     AND4x2_ASAP7_75t_R            4  3.1    20    36     317    (-,-) 
  u_issue/g50446/Y                                       -       B->Y    R     OA211x2_ASAP7_75t_R           3  3.3    16    27     344    (-,-) 
  u_issue/g50385/Y                                       -       B->Y    R     AND2x4_ASAP7_75t_R           12  9.3    21    25     369    (-,-) 
  u_issue/fopt78629/Y                                    -       A->Y    F     INVx4_ASAP7_75t_R            14  8.5    15    12     381    (-,-) 
  u_issue/fopt78628/Y                                    -       A->Y    R     INVx1_ASAP7_75t_R             3  1.6    14    11     392    (-,-) 
  u_issue/g50110/Y                                       -       A1->Y   R     AO221x2_ASAP7_75t_R           4  2.7    17    29     421    (-,-) 
  u_exec1/g10969/Y                                       -       A->Y    R     XNOR2xp5_ASAP7_75t_R          1  0.5    18    16     437    (-,-) 
  u_exec1/g10910/Y                                       -       D->Y    F     NAND4xp25_ASAP7_75t_R         1  0.5    22    16     453    (-,-) 
  u_exec1/g10888/Y                                       -       C->Y    R     NOR3xp33_ASAP7_75t_R          1  0.8    26    20     473    (-,-) 
  u_exec1/g10828/Y                                       -       A->Y    F     NAND2xp67_ASAP7_75t_R         2  1.9    26    16     489    (-,-) 
  u_exec1/g10780/Y                                       -       A->Y    R     NOR3x1_ASAP7_75t_R            2  1.2    22    14     503    (-,-) 
  u_exec1/g10677/Y                                       -       A1->Y   F     O2A1O1Ixp33_ASAP7_75t_R       2  0.8    17    14     517    (-,-) 
  u_exec1/g10673/Y                                       -       B->Y    R     AOI311xp33_ASAP7_75t_R        1  0.5    23    17     534    (-,-) 
  u_exec1/g10672/Y                                       -       C->Y    F     NAND3xp33_ASAP7_75t_R         1  0.7    18    14     548    (-,-) 
  u_exec1/g5994/Y                                        -       A->Y    R     INVx1_ASAP7_75t_R             3  2.0    16    13     560    (-,-) 
  u_issue/g42039/Y                                       -       B->Y    F     NOR2x1_ASAP7_75t_R            2  1.7    16    12     573    (-,-) 
  u_issue/g42028/Y                                       -       B->Y    F     AND2x4_ASAP7_75t_R            5  4.4    10    20     593    (-,-) 
  u_issue/g41997/Y                                       -       B->Y    R     NAND2x1p5_ASAP7_75t_R         4  2.9    21    12     605    (-,-) 
  u_issue/g41977/Y                                       -       A->Y    F     INVx1_ASAP7_75t_R             3  2.3    16    13     618    (-,-) 
  u_issue/g41975/Y                                       -       A->Y    R     INVx2_ASAP7_75t_R             8  4.8    18    13     631    (-,-) 
  u_issue/g41757/Y                                       -       A2->Y   F     OAI21xp5_ASAP7_75t_R          1  0.5    12     9     640    (-,-) 
  u_issue/g41742/Y                                       -       A2->Y   R     AOI221xp5_ASAP7_75t_R         1  0.6    24    16     656    (-,-) 
  u_issue/pc_x_q_reg[26]/D                               -       -       R     ASYNC_DFFHx1_ASAP7_75t_R      1    -     -     0     656    (-,-) 
#------------------------------------------------------------------------------------------------------------------------------------------------



Path 3: VIOLATED (-440 ps) Setup Check with Pin u_issue/pc_x_q_reg[25]/CLK->D
          Group: clk
     Startpoint: (R) u_frontend/u_decode/genblk1.u_fifo/rd_ptr_q_reg[0]/CLK
          Clock: (R) clk
       Endpoint: (R) u_issue/pc_x_q_reg[25]/D
          Clock: (R) clk

                     Capture       Launch     
        Clock Edge:+     250            0     
       Src Latency:+       0            0     
       Net Latency:+       0 (I)        0 (I) 
           Arrival:=     250            0     
                                              
             Setup:-       9                  
       Uncertainty:-      25                  
     Required Time:=     216                  
      Launch Clock:-       0                  
         Data Path:-     656                  
             Slack:=    -440                  

#------------------------------------------------------------------------------------------------------------------------------------------------
#                     Timing Point                       Flags    Arc    Edge           Cell            Fanout Load Trans Delay Arrival Instance 
#                                                                                                              (fF)  (ps)  (ps)   (ps)  Location 
#------------------------------------------------------------------------------------------------------------------------------------------------
  u_frontend/u_decode/genblk1.u_fifo/rd_ptr_q_reg[0]/CLK -       -       R     (arrival)                  5362    -    12     0       0    (-,-) 
  u_frontend/u_decode/genblk1.u_fifo/rd_ptr_q_reg[0]/QN  -       CLK->QN R     ASYNC_DFFHx1_ASAP7_75t_R      1  1.3    18    43      43    (-,-) 
  u_frontend/u_decode/genblk1.u_fifo/fopt275/Y           -       A->Y    R     BUFx6f_ASAP7_75t_R            8 11.6    15    19      62    (-,-) 
  u_frontend/u_decode/genblk1.u_fifo/fopt274/Y           -       A->Y    F     INVx6_ASAP7_75t_R            13  8.9    11     9      72    (-,-) 
  u_frontend/u_decode/genblk1.u_fifo/g6487/Y             -       B->Y    R     NAND2xp5_ASAP7_75t_R          1  0.6    13     9      81    (-,-) 
  u_frontend/u_decode/genblk1.u_fifo/g6394/Y             -       B->Y    F     OAI21xp5_ASAP7_75t_R          2  1.3    17    12      93    (-,-) 
  u_issue/g39104/Y                                       -       B->Y    F     XOR2xp5_ASAP7_75t_R           1  0.6    16    19     112    (-,-) 
  u_issue/g39000/Y                                       -       B->Y    F     AO21x1_ASAP7_75t_R            1  1.1     9    18     130    (-,-) 
  u_issue/g38988/Y                                       -       A->Y    R     NOR2x1_ASAP7_75t_R            2  1.2    14    11     140    (-,-) 
  u_issue/g38982/Y                                       -       B->Y    F     NAND2xp5_ASAP7_75t_R          1  1.1    17    12     152    (-,-) 
  u_issue/g38981/Y                                       -       B->Y    R     NOR2x1_ASAP7_75t_R            2  1.4    16    13     165    (-,-) 
  u_issue/g38975/Y                                       -       A->Y    R     AND3x4_ASAP7_75t_R            9  6.6    19    29     194    (-,-) 
  u_issue/g38974/Y                                       -       A->Y    R     BUFx6f_ASAP7_75t_R           11  9.3    13    18     212    (-,-) 
  u_issue/g38972/Y                                       -       A->Y    R     AND2x4_ASAP7_75t_R            6  4.5    12    20     232    (-,-) 
  u_issue/fopt78294/Y                                    -       A->Y    F     INVx1_ASAP7_75t_R             6  3.2    18    13     245    (-,-) 
  u_issue/g50749/Y                                       -       A->Y    R     NAND2xp5_ASAP7_75t_R          2  1.1    18    15     260    (-,-) 
  u_issue/g50609/Y                                       -       A->Y    F     NOR3xp33_ASAP7_75t_R          1  0.6    13    10     270    (-,-) 
  u_issue/g50562/Y                                       -       B->Y    R     AOI21xp5_ASAP7_75t_R          1  0.6    14    11     281    (-,-) 
  u_issue/g50534/Y                                       -       D->Y    R     AND4x2_ASAP7_75t_R            4  3.1    20    36     317    (-,-) 
  u_issue/g50446/Y                                       -       B->Y    R     OA211x2_ASAP7_75t_R           3  3.3    16    27     344    (-,-) 
  u_issue/g50385/Y                                       -       B->Y    R     AND2x4_ASAP7_75t_R           12  9.3    21    25     369    (-,-) 
  u_issue/fopt78629/Y                                    -       A->Y    F     INVx4_ASAP7_75t_R            14  8.5    15    12     381    (-,-) 
  u_issue/fopt78628/Y                                    -       A->Y    R     INVx1_ASAP7_75t_R             3  1.6    14    11     392    (-,-) 
  u_issue/g50110/Y                                       -       A1->Y   R     AO221x2_ASAP7_75t_R           4  2.7    17    29     421    (-,-) 
  u_exec1/g10969/Y                                       -       A->Y    R     XNOR2xp5_ASAP7_75t_R          1  0.5    18    16     437    (-,-) 
  u_exec1/g10910/Y                                       -       D->Y    F     NAND4xp25_ASAP7_75t_R         1  0.5    22    16     453    (-,-) 
  u_exec1/g10888/Y                                       -       C->Y    R     NOR3xp33_ASAP7_75t_R          1  0.8    26    20     473    (-,-) 
  u_exec1/g10828/Y                                       -       A->Y    F     NAND2xp67_ASAP7_75t_R         2  1.9    26    16     489    (-,-) 
  u_exec1/g10780/Y                                       -       A->Y    R     NOR3x1_ASAP7_75t_R            2  1.2    22    14     503    (-,-) 
  u_exec1/g10677/Y                                       -       A1->Y   F     O2A1O1Ixp33_ASAP7_75t_R       2  0.8    17    14     517    (-,-) 
  u_exec1/g10673/Y                                       -       B->Y    R     AOI311xp33_ASAP7_75t_R        1  0.5    23    17     534    (-,-) 
  u_exec1/g10672/Y                                       -       C->Y    F     NAND3xp33_ASAP7_75t_R         1  0.7    18    14     548    (-,-) 
  u_exec1/g5994/Y                                        -       A->Y    R     INVx1_ASAP7_75t_R             3  2.0    16    13     560    (-,-) 
  u_issue/g42039/Y                                       -       B->Y    F     NOR2x1_ASAP7_75t_R            2  1.7    16    12     573    (-,-) 
  u_issue/g42028/Y                                       -       B->Y    F     AND2x4_ASAP7_75t_R            5  4.4    10    20     593    (-,-) 
  u_issue/g41997/Y                                       -       B->Y    R     NAND2x1p5_ASAP7_75t_R         4  2.9    21    12     605    (-,-) 
  u_issue/g41977/Y                                       -       A->Y    F     INVx1_ASAP7_75t_R             3  2.3    16    13     618    (-,-) 
  u_issue/g41975/Y                                       -       A->Y    R     INVx2_ASAP7_75t_R             8  4.8    18    13     631    (-,-) 
  u_issue/g41763/Y                                       -       A2->Y   F     OAI21xp5_ASAP7_75t_R          1  0.5    12     9     640    (-,-) 
  u_issue/g41746/Y                                       -       A2->Y   R     AOI221xp5_ASAP7_75t_R         1  0.6    24    16     656    (-,-) 
  u_issue/pc_x_q_reg[25]/D                               -       -       R     ASYNC_DFFHx1_ASAP7_75t_R      1    -     -     0     656    (-,-) 
#------------------------------------------------------------------------------------------------------------------------------------------------



Path 4: VIOLATED (-440 ps) Setup Check with Pin u_issue/pc_x_q_reg[20]/CLK->D
          Group: clk
     Startpoint: (R) u_frontend/u_decode/genblk1.u_fifo/rd_ptr_q_reg[0]/CLK
          Clock: (R) clk
       Endpoint: (R) u_issue/pc_x_q_reg[20]/D
          Clock: (R) clk

                     Capture       Launch     
        Clock Edge:+     250            0     
       Src Latency:+       0            0     
       Net Latency:+       0 (I)        0 (I) 
           Arrival:=     250            0     
                                              
             Setup:-       9                  
       Uncertainty:-      25                  
     Required Time:=     216                  
      Launch Clock:-       0                  
         Data Path:-     656                  
             Slack:=    -440                  

#------------------------------------------------------------------------------------------------------------------------------------------------
#                     Timing Point                       Flags    Arc    Edge           Cell            Fanout Load Trans Delay Arrival Instance 
#                                                                                                              (fF)  (ps)  (ps)   (ps)  Location 
#------------------------------------------------------------------------------------------------------------------------------------------------
  u_frontend/u_decode/genblk1.u_fifo/rd_ptr_q_reg[0]/CLK -       -       R     (arrival)                  5362    -    12     0       0    (-,-) 
  u_frontend/u_decode/genblk1.u_fifo/rd_ptr_q_reg[0]/QN  -       CLK->QN R     ASYNC_DFFHx1_ASAP7_75t_R      1  1.3    18    43      43    (-,-) 
  u_frontend/u_decode/genblk1.u_fifo/fopt275/Y           -       A->Y    R     BUFx6f_ASAP7_75t_R            8 11.6    15    19      62    (-,-) 
  u_frontend/u_decode/genblk1.u_fifo/fopt274/Y           -       A->Y    F     INVx6_ASAP7_75t_R            13  8.9    11     9      72    (-,-) 
  u_frontend/u_decode/genblk1.u_fifo/g6487/Y             -       B->Y    R     NAND2xp5_ASAP7_75t_R          1  0.6    13     9      81    (-,-) 
  u_frontend/u_decode/genblk1.u_fifo/g6394/Y             -       B->Y    F     OAI21xp5_ASAP7_75t_R          2  1.3    17    12      93    (-,-) 
  u_issue/g39104/Y                                       -       B->Y    F     XOR2xp5_ASAP7_75t_R           1  0.6    16    19     112    (-,-) 
  u_issue/g39000/Y                                       -       B->Y    F     AO21x1_ASAP7_75t_R            1  1.1     9    18     130    (-,-) 
  u_issue/g38988/Y                                       -       A->Y    R     NOR2x1_ASAP7_75t_R            2  1.2    14    11     140    (-,-) 
  u_issue/g38982/Y                                       -       B->Y    F     NAND2xp5_ASAP7_75t_R          1  1.1    17    12     152    (-,-) 
  u_issue/g38981/Y                                       -       B->Y    R     NOR2x1_ASAP7_75t_R            2  1.4    16    13     165    (-,-) 
  u_issue/g38975/Y                                       -       A->Y    R     AND3x4_ASAP7_75t_R            9  6.6    19    29     194    (-,-) 
  u_issue/g38974/Y                                       -       A->Y    R     BUFx6f_ASAP7_75t_R           11  9.3    13    18     212    (-,-) 
  u_issue/g38972/Y                                       -       A->Y    R     AND2x4_ASAP7_75t_R            6  4.5    12    20     232    (-,-) 
  u_issue/fopt78294/Y                                    -       A->Y    F     INVx1_ASAP7_75t_R             6  3.2    18    13     245    (-,-) 
  u_issue/g50749/Y                                       -       A->Y    R     NAND2xp5_ASAP7_75t_R          2  1.1    18    15     260    (-,-) 
  u_issue/g50609/Y                                       -       A->Y    F     NOR3xp33_ASAP7_75t_R          1  0.6    13    10     270    (-,-) 
  u_issue/g50562/Y                                       -       B->Y    R     AOI21xp5_ASAP7_75t_R          1  0.6    14    11     281    (-,-) 
  u_issue/g50534/Y                                       -       D->Y    R     AND4x2_ASAP7_75t_R            4  3.1    20    36     317    (-,-) 
  u_issue/g50446/Y                                       -       B->Y    R     OA211x2_ASAP7_75t_R           3  3.3    16    27     344    (-,-) 
  u_issue/g50385/Y                                       -       B->Y    R     AND2x4_ASAP7_75t_R           12  9.3    21    25     369    (-,-) 
  u_issue/fopt78629/Y                                    -       A->Y    F     INVx4_ASAP7_75t_R            14  8.5    15    12     381    (-,-) 
  u_issue/fopt78628/Y                                    -       A->Y    R     INVx1_ASAP7_75t_R             3  1.6    14    11     392    (-,-) 
  u_issue/g50110/Y                                       -       A1->Y   R     AO221x2_ASAP7_75t_R           4  2.7    17    29     421    (-,-) 
  u_exec1/g10969/Y                                       -       A->Y    R     XNOR2xp5_ASAP7_75t_R          1  0.5    18    16     437    (-,-) 
  u_exec1/g10910/Y                                       -       D->Y    F     NAND4xp25_ASAP7_75t_R         1  0.5    22    16     453    (-,-) 
  u_exec1/g10888/Y                                       -       C->Y    R     NOR3xp33_ASAP7_75t_R          1  0.8    26    20     473    (-,-) 
  u_exec1/g10828/Y                                       -       A->Y    F     NAND2xp67_ASAP7_75t_R         2  1.9    26    16     489    (-,-) 
  u_exec1/g10780/Y                                       -       A->Y    R     NOR3x1_ASAP7_75t_R            2  1.2    22    14     503    (-,-) 
  u_exec1/g10677/Y                                       -       A1->Y   F     O2A1O1Ixp33_ASAP7_75t_R       2  0.8    17    14     517    (-,-) 
  u_exec1/g10673/Y                                       -       B->Y    R     AOI311xp33_ASAP7_75t_R        1  0.5    23    17     534    (-,-) 
  u_exec1/g10672/Y                                       -       C->Y    F     NAND3xp33_ASAP7_75t_R         1  0.7    18    14     548    (-,-) 
  u_exec1/g5994/Y                                        -       A->Y    R     INVx1_ASAP7_75t_R             3  2.0    16    13     560    (-,-) 
  u_issue/g42039/Y                                       -       B->Y    F     NOR2x1_ASAP7_75t_R            2  1.7    16    12     573    (-,-) 
  u_issue/g42028/Y                                       -       B->Y    F     AND2x4_ASAP7_75t_R            5  4.4    10    20     593    (-,-) 
  u_issue/g41997/Y                                       -       B->Y    R     NAND2x1p5_ASAP7_75t_R         4  2.9    21    12     605    (-,-) 
  u_issue/g41977/Y                                       -       A->Y    F     INVx1_ASAP7_75t_R             3  2.3    16    13     618    (-,-) 
  u_issue/g41975/Y                                       -       A->Y    R     INVx2_ASAP7_75t_R             8  4.8    18    13     631    (-,-) 
  u_issue/g41793/Y                                       -       A2->Y   F     OAI21xp5_ASAP7_75t_R          1  0.5    12     9     640    (-,-) 
  u_issue/g41776/Y                                       -       A2->Y   R     AOI221xp5_ASAP7_75t_R         1  0.6    23    16     656    (-,-) 
  u_issue/pc_x_q_reg[20]/D                               -       -       R     ASYNC_DFFHx1_ASAP7_75t_R      1    -     -     0     656    (-,-) 
#------------------------------------------------------------------------------------------------------------------------------------------------



Path 5: VIOLATED (-440 ps) Setup Check with Pin u_issue/pc_x_q_reg[19]/CLK->D
          Group: clk
     Startpoint: (R) u_frontend/u_decode/genblk1.u_fifo/rd_ptr_q_reg[0]/CLK
          Clock: (R) clk
       Endpoint: (R) u_issue/pc_x_q_reg[19]/D
          Clock: (R) clk

                     Capture       Launch     
        Clock Edge:+     250            0     
       Src Latency:+       0            0     
       Net Latency:+       0 (I)        0 (I) 
           Arrival:=     250            0     
                                              
             Setup:-       9                  
       Uncertainty:-      25                  
     Required Time:=     216                  
      Launch Clock:-       0                  
         Data Path:-     656                  
             Slack:=    -440                  

#------------------------------------------------------------------------------------------------------------------------------------------------
#                     Timing Point                       Flags    Arc    Edge           Cell            Fanout Load Trans Delay Arrival Instance 
#                                                                                                              (fF)  (ps)  (ps)   (ps)  Location 
#------------------------------------------------------------------------------------------------------------------------------------------------
  u_frontend/u_decode/genblk1.u_fifo/rd_ptr_q_reg[0]/CLK -       -       R     (arrival)                  5362    -    12     0       0    (-,-) 
  u_frontend/u_decode/genblk1.u_fifo/rd_ptr_q_reg[0]/QN  -       CLK->QN R     ASYNC_DFFHx1_ASAP7_75t_R      1  1.3    18    43      43    (-,-) 
  u_frontend/u_decode/genblk1.u_fifo/fopt275/Y           -       A->Y    R     BUFx6f_ASAP7_75t_R            8 11.6    15    19      62    (-,-) 
  u_frontend/u_decode/genblk1.u_fifo/fopt274/Y           -       A->Y    F     INVx6_ASAP7_75t_R            13  8.9    11     9      72    (-,-) 
  u_frontend/u_decode/genblk1.u_fifo/g6487/Y             -       B->Y    R     NAND2xp5_ASAP7_75t_R          1  0.6    13     9      81    (-,-) 
  u_frontend/u_decode/genblk1.u_fifo/g6394/Y             -       B->Y    F     OAI21xp5_ASAP7_75t_R          2  1.3    17    12      93    (-,-) 
  u_issue/g39104/Y                                       -       B->Y    F     XOR2xp5_ASAP7_75t_R           1  0.6    16    19     112    (-,-) 
  u_issue/g39000/Y                                       -       B->Y    F     AO21x1_ASAP7_75t_R            1  1.1     9    18     130    (-,-) 
  u_issue/g38988/Y                                       -       A->Y    R     NOR2x1_ASAP7_75t_R            2  1.2    14    11     140    (-,-) 
  u_issue/g38982/Y                                       -       B->Y    F     NAND2xp5_ASAP7_75t_R          1  1.1    17    12     152    (-,-) 
  u_issue/g38981/Y                                       -       B->Y    R     NOR2x1_ASAP7_75t_R            2  1.4    16    13     165    (-,-) 
  u_issue/g38975/Y                                       -       A->Y    R     AND3x4_ASAP7_75t_R            9  6.6    19    29     194    (-,-) 
  u_issue/g38974/Y                                       -       A->Y    R     BUFx6f_ASAP7_75t_R           11  9.3    13    18     212    (-,-) 
  u_issue/g38972/Y                                       -       A->Y    R     AND2x4_ASAP7_75t_R            6  4.5    12    20     232    (-,-) 
  u_issue/fopt78294/Y                                    -       A->Y    F     INVx1_ASAP7_75t_R             6  3.2    18    13     245    (-,-) 
  u_issue/g50749/Y                                       -       A->Y    R     NAND2xp5_ASAP7_75t_R          2  1.1    18    15     260    (-,-) 
  u_issue/g50609/Y                                       -       A->Y    F     NOR3xp33_ASAP7_75t_R          1  0.6    13    10     270    (-,-) 
  u_issue/g50562/Y                                       -       B->Y    R     AOI21xp5_ASAP7_75t_R          1  0.6    14    11     281    (-,-) 
  u_issue/g50534/Y                                       -       D->Y    R     AND4x2_ASAP7_75t_R            4  3.1    20    36     317    (-,-) 
  u_issue/g50446/Y                                       -       B->Y    R     OA211x2_ASAP7_75t_R           3  3.3    16    27     344    (-,-) 
  u_issue/g50385/Y                                       -       B->Y    R     AND2x4_ASAP7_75t_R           12  9.3    21    25     369    (-,-) 
  u_issue/fopt78629/Y                                    -       A->Y    F     INVx4_ASAP7_75t_R            14  8.5    15    12     381    (-,-) 
  u_issue/fopt78628/Y                                    -       A->Y    R     INVx1_ASAP7_75t_R             3  1.6    14    11     392    (-,-) 
  u_issue/g50110/Y                                       -       A1->Y   R     AO221x2_ASAP7_75t_R           4  2.7    17    29     421    (-,-) 
  u_exec1/g10969/Y                                       -       A->Y    R     XNOR2xp5_ASAP7_75t_R          1  0.5    18    16     437    (-,-) 
  u_exec1/g10910/Y                                       -       D->Y    F     NAND4xp25_ASAP7_75t_R         1  0.5    22    16     453    (-,-) 
  u_exec1/g10888/Y                                       -       C->Y    R     NOR3xp33_ASAP7_75t_R          1  0.8    26    20     473    (-,-) 
  u_exec1/g10828/Y                                       -       A->Y    F     NAND2xp67_ASAP7_75t_R         2  1.9    26    16     489    (-,-) 
  u_exec1/g10780/Y                                       -       A->Y    R     NOR3x1_ASAP7_75t_R            2  1.2    22    14     503    (-,-) 
  u_exec1/g10677/Y                                       -       A1->Y   F     O2A1O1Ixp33_ASAP7_75t_R       2  0.8    17    14     517    (-,-) 
  u_exec1/g10673/Y                                       -       B->Y    R     AOI311xp33_ASAP7_75t_R        1  0.5    23    17     534    (-,-) 
  u_exec1/g10672/Y                                       -       C->Y    F     NAND3xp33_ASAP7_75t_R         1  0.7    18    14     548    (-,-) 
  u_exec1/g5994/Y                                        -       A->Y    R     INVx1_ASAP7_75t_R             3  2.0    16    13     560    (-,-) 
  u_issue/g42039/Y                                       -       B->Y    F     NOR2x1_ASAP7_75t_R            2  1.7    16    12     573    (-,-) 
  u_issue/g42028/Y                                       -       B->Y    F     AND2x4_ASAP7_75t_R            5  4.4    10    20     593    (-,-) 
  u_issue/g41997/Y                                       -       B->Y    R     NAND2x1p5_ASAP7_75t_R         4  2.9    21    12     605    (-,-) 
  u_issue/g41977/Y                                       -       A->Y    F     INVx1_ASAP7_75t_R             3  2.3    16    13     618    (-,-) 
  u_issue/g41975/Y                                       -       A->Y    R     INVx2_ASAP7_75t_R             8  4.8    18    13     631    (-,-) 
  u_issue/g41799/Y                                       -       A2->Y   F     OAI21xp5_ASAP7_75t_R          1  0.5    12     9     640    (-,-) 
  u_issue/g41782/Y                                       -       A2->Y   R     AOI221xp5_ASAP7_75t_R         1  0.6    23    16     656    (-,-) 
  u_issue/pc_x_q_reg[19]/D                               -       -       R     ASYNC_DFFHx1_ASAP7_75t_R      1    -     -     0     656    (-,-) 
#------------------------------------------------------------------------------------------------------------------------------------------------



Path 6: VIOLATED (-440 ps) Setup Check with Pin u_issue/pc_x_q_reg[18]/CLK->D
          Group: clk
     Startpoint: (R) u_frontend/u_decode/genblk1.u_fifo/rd_ptr_q_reg[0]/CLK
          Clock: (R) clk
       Endpoint: (R) u_issue/pc_x_q_reg[18]/D
          Clock: (R) clk

                     Capture       Launch     
        Clock Edge:+     250            0     
       Src Latency:+       0            0     
       Net Latency:+       0 (I)        0 (I) 
           Arrival:=     250            0     
                                              
             Setup:-       9                  
       Uncertainty:-      25                  
     Required Time:=     216                  
      Launch Clock:-       0                  
         Data Path:-     656                  
             Slack:=    -440                  

#------------------------------------------------------------------------------------------------------------------------------------------------
#                     Timing Point                       Flags    Arc    Edge           Cell            Fanout Load Trans Delay Arrival Instance 
#                                                                                                              (fF)  (ps)  (ps)   (ps)  Location 
#------------------------------------------------------------------------------------------------------------------------------------------------
  u_frontend/u_decode/genblk1.u_fifo/rd_ptr_q_reg[0]/CLK -       -       R     (arrival)                  5362    -    12     0       0    (-,-) 
  u_frontend/u_decode/genblk1.u_fifo/rd_ptr_q_reg[0]/QN  -       CLK->QN R     ASYNC_DFFHx1_ASAP7_75t_R      1  1.3    18    43      43    (-,-) 
  u_frontend/u_decode/genblk1.u_fifo/fopt275/Y           -       A->Y    R     BUFx6f_ASAP7_75t_R            8 11.6    15    19      62    (-,-) 
  u_frontend/u_decode/genblk1.u_fifo/fopt274/Y           -       A->Y    F     INVx6_ASAP7_75t_R            13  8.9    11     9      72    (-,-) 
  u_frontend/u_decode/genblk1.u_fifo/g6487/Y             -       B->Y    R     NAND2xp5_ASAP7_75t_R          1  0.6    13     9      81    (-,-) 
  u_frontend/u_decode/genblk1.u_fifo/g6394/Y             -       B->Y    F     OAI21xp5_ASAP7_75t_R          2  1.3    17    12      93    (-,-) 
  u_issue/g39104/Y                                       -       B->Y    F     XOR2xp5_ASAP7_75t_R           1  0.6    16    19     112    (-,-) 
  u_issue/g39000/Y                                       -       B->Y    F     AO21x1_ASAP7_75t_R            1  1.1     9    18     130    (-,-) 
  u_issue/g38988/Y                                       -       A->Y    R     NOR2x1_ASAP7_75t_R            2  1.2    14    11     140    (-,-) 
  u_issue/g38982/Y                                       -       B->Y    F     NAND2xp5_ASAP7_75t_R          1  1.1    17    12     152    (-,-) 
  u_issue/g38981/Y                                       -       B->Y    R     NOR2x1_ASAP7_75t_R            2  1.4    16    13     165    (-,-) 
  u_issue/g38975/Y                                       -       A->Y    R     AND3x4_ASAP7_75t_R            9  6.6    19    29     194    (-,-) 
  u_issue/g38974/Y                                       -       A->Y    R     BUFx6f_ASAP7_75t_R           11  9.3    13    18     212    (-,-) 
  u_issue/g38972/Y                                       -       A->Y    R     AND2x4_ASAP7_75t_R            6  4.5    12    20     232    (-,-) 
  u_issue/fopt78294/Y                                    -       A->Y    F     INVx1_ASAP7_75t_R             6  3.2    18    13     245    (-,-) 
  u_issue/g50749/Y                                       -       A->Y    R     NAND2xp5_ASAP7_75t_R          2  1.1    18    15     260    (-,-) 
  u_issue/g50609/Y                                       -       A->Y    F     NOR3xp33_ASAP7_75t_R          1  0.6    13    10     270    (-,-) 
  u_issue/g50562/Y                                       -       B->Y    R     AOI21xp5_ASAP7_75t_R          1  0.6    14    11     281    (-,-) 
  u_issue/g50534/Y                                       -       D->Y    R     AND4x2_ASAP7_75t_R            4  3.1    20    36     317    (-,-) 
  u_issue/g50446/Y                                       -       B->Y    R     OA211x2_ASAP7_75t_R           3  3.3    16    27     344    (-,-) 
  u_issue/g50385/Y                                       -       B->Y    R     AND2x4_ASAP7_75t_R           12  9.3    21    25     369    (-,-) 
  u_issue/fopt78629/Y                                    -       A->Y    F     INVx4_ASAP7_75t_R            14  8.5    15    12     381    (-,-) 
  u_issue/fopt78628/Y                                    -       A->Y    R     INVx1_ASAP7_75t_R             3  1.6    14    11     392    (-,-) 
  u_issue/g50110/Y                                       -       A1->Y   R     AO221x2_ASAP7_75t_R           4  2.7    17    29     421    (-,-) 
  u_exec1/g10969/Y                                       -       A->Y    R     XNOR2xp5_ASAP7_75t_R          1  0.5    18    16     437    (-,-) 
  u_exec1/g10910/Y                                       -       D->Y    F     NAND4xp25_ASAP7_75t_R         1  0.5    22    16     453    (-,-) 
  u_exec1/g10888/Y                                       -       C->Y    R     NOR3xp33_ASAP7_75t_R          1  0.8    26    20     473    (-,-) 
  u_exec1/g10828/Y                                       -       A->Y    F     NAND2xp67_ASAP7_75t_R         2  1.9    26    16     489    (-,-) 
  u_exec1/g10780/Y                                       -       A->Y    R     NOR3x1_ASAP7_75t_R            2  1.2    22    14     503    (-,-) 
  u_exec1/g10677/Y                                       -       A1->Y   F     O2A1O1Ixp33_ASAP7_75t_R       2  0.8    17    14     517    (-,-) 
  u_exec1/g10673/Y                                       -       B->Y    R     AOI311xp33_ASAP7_75t_R        1  0.5    23    17     534    (-,-) 
  u_exec1/g10672/Y                                       -       C->Y    F     NAND3xp33_ASAP7_75t_R         1  0.7    18    14     548    (-,-) 
  u_exec1/g5994/Y                                        -       A->Y    R     INVx1_ASAP7_75t_R             3  2.0    16    13     560    (-,-) 
  u_issue/g42039/Y                                       -       B->Y    F     NOR2x1_ASAP7_75t_R            2  1.7    16    12     573    (-,-) 
  u_issue/g42028/Y                                       -       B->Y    F     AND2x4_ASAP7_75t_R            5  4.4    10    20     593    (-,-) 
  u_issue/g41997/Y                                       -       B->Y    R     NAND2x1p5_ASAP7_75t_R         4  2.9    21    12     605    (-,-) 
  u_issue/g41977/Y                                       -       A->Y    F     INVx1_ASAP7_75t_R             3  2.3    16    13     618    (-,-) 
  u_issue/g41975/Y                                       -       A->Y    R     INVx2_ASAP7_75t_R             8  4.8    18    13     631    (-,-) 
  u_issue/g41805/Y                                       -       A2->Y   F     OAI21xp5_ASAP7_75t_R          1  0.5    12     9     640    (-,-) 
  u_issue/g41788/Y                                       -       A2->Y   R     AOI221xp5_ASAP7_75t_R         1  0.6    23    16     656    (-,-) 
  u_issue/pc_x_q_reg[18]/D                               -       -       R     ASYNC_DFFHx1_ASAP7_75t_R      1    -     -     0     656    (-,-) 
#------------------------------------------------------------------------------------------------------------------------------------------------



Path 7: VIOLATED (-440 ps) Setup Check with Pin u_issue/pc_x_q_reg[14]/CLK->D
          Group: clk
     Startpoint: (R) u_frontend/u_decode/genblk1.u_fifo/rd_ptr_q_reg[0]/CLK
          Clock: (R) clk
       Endpoint: (R) u_issue/pc_x_q_reg[14]/D
          Clock: (R) clk

                     Capture       Launch     
        Clock Edge:+     250            0     
       Src Latency:+       0            0     
       Net Latency:+       0 (I)        0 (I) 
           Arrival:=     250            0     
                                              
             Setup:-       9                  
       Uncertainty:-      25                  
     Required Time:=     216                  
      Launch Clock:-       0                  
         Data Path:-     656                  
             Slack:=    -440                  

#------------------------------------------------------------------------------------------------------------------------------------------------
#                     Timing Point                       Flags    Arc    Edge           Cell            Fanout Load Trans Delay Arrival Instance 
#                                                                                                              (fF)  (ps)  (ps)   (ps)  Location 
#------------------------------------------------------------------------------------------------------------------------------------------------
  u_frontend/u_decode/genblk1.u_fifo/rd_ptr_q_reg[0]/CLK -       -       R     (arrival)                  5362    -    12     0       0    (-,-) 
  u_frontend/u_decode/genblk1.u_fifo/rd_ptr_q_reg[0]/QN  -       CLK->QN R     ASYNC_DFFHx1_ASAP7_75t_R      1  1.3    18    43      43    (-,-) 
  u_frontend/u_decode/genblk1.u_fifo/fopt275/Y           -       A->Y    R     BUFx6f_ASAP7_75t_R            8 11.6    15    19      62    (-,-) 
  u_frontend/u_decode/genblk1.u_fifo/fopt274/Y           -       A->Y    F     INVx6_ASAP7_75t_R            13  8.9    11     9      72    (-,-) 
  u_frontend/u_decode/genblk1.u_fifo/g6487/Y             -       B->Y    R     NAND2xp5_ASAP7_75t_R          1  0.6    13     9      81    (-,-) 
  u_frontend/u_decode/genblk1.u_fifo/g6394/Y             -       B->Y    F     OAI21xp5_ASAP7_75t_R          2  1.3    17    12      93    (-,-) 
  u_issue/g39104/Y                                       -       B->Y    F     XOR2xp5_ASAP7_75t_R           1  0.6    16    19     112    (-,-) 
  u_issue/g39000/Y                                       -       B->Y    F     AO21x1_ASAP7_75t_R            1  1.1     9    18     130    (-,-) 
  u_issue/g38988/Y                                       -       A->Y    R     NOR2x1_ASAP7_75t_R            2  1.2    14    11     140    (-,-) 
  u_issue/g38982/Y                                       -       B->Y    F     NAND2xp5_ASAP7_75t_R          1  1.1    17    12     152    (-,-) 
  u_issue/g38981/Y                                       -       B->Y    R     NOR2x1_ASAP7_75t_R            2  1.4    16    13     165    (-,-) 
  u_issue/g38975/Y                                       -       A->Y    R     AND3x4_ASAP7_75t_R            9  6.6    19    29     194    (-,-) 
  u_issue/g38974/Y                                       -       A->Y    R     BUFx6f_ASAP7_75t_R           11  9.3    13    18     212    (-,-) 
  u_issue/g38972/Y                                       -       A->Y    R     AND2x4_ASAP7_75t_R            6  4.5    12    20     232    (-,-) 
  u_issue/fopt78294/Y                                    -       A->Y    F     INVx1_ASAP7_75t_R             6  3.2    18    13     245    (-,-) 
  u_issue/g50749/Y                                       -       A->Y    R     NAND2xp5_ASAP7_75t_R          2  1.1    18    15     260    (-,-) 
  u_issue/g50609/Y                                       -       A->Y    F     NOR3xp33_ASAP7_75t_R          1  0.6    13    10     270    (-,-) 
  u_issue/g50562/Y                                       -       B->Y    R     AOI21xp5_ASAP7_75t_R          1  0.6    14    11     281    (-,-) 
  u_issue/g50534/Y                                       -       D->Y    R     AND4x2_ASAP7_75t_R            4  3.1    20    36     317    (-,-) 
  u_issue/g50446/Y                                       -       B->Y    R     OA211x2_ASAP7_75t_R           3  3.3    16    27     344    (-,-) 
  u_issue/g50385/Y                                       -       B->Y    R     AND2x4_ASAP7_75t_R           12  9.3    21    25     369    (-,-) 
  u_issue/fopt78629/Y                                    -       A->Y    F     INVx4_ASAP7_75t_R            14  8.5    15    12     381    (-,-) 
  u_issue/fopt78628/Y                                    -       A->Y    R     INVx1_ASAP7_75t_R             3  1.6    14    11     392    (-,-) 
  u_issue/g50110/Y                                       -       A1->Y   R     AO221x2_ASAP7_75t_R           4  2.7    17    29     421    (-,-) 
  u_exec1/g10969/Y                                       -       A->Y    R     XNOR2xp5_ASAP7_75t_R          1  0.5    18    16     437    (-,-) 
  u_exec1/g10910/Y                                       -       D->Y    F     NAND4xp25_ASAP7_75t_R         1  0.5    22    16     453    (-,-) 
  u_exec1/g10888/Y                                       -       C->Y    R     NOR3xp33_ASAP7_75t_R          1  0.8    26    20     473    (-,-) 
  u_exec1/g10828/Y                                       -       A->Y    F     NAND2xp67_ASAP7_75t_R         2  1.9    26    16     489    (-,-) 
  u_exec1/g10780/Y                                       -       A->Y    R     NOR3x1_ASAP7_75t_R            2  1.2    22    14     503    (-,-) 
  u_exec1/g10677/Y                                       -       A1->Y   F     O2A1O1Ixp33_ASAP7_75t_R       2  0.8    17    14     517    (-,-) 
  u_exec1/g10673/Y                                       -       B->Y    R     AOI311xp33_ASAP7_75t_R        1  0.5    23    17     534    (-,-) 
  u_exec1/g10672/Y                                       -       C->Y    F     NAND3xp33_ASAP7_75t_R         1  0.7    18    14     548    (-,-) 
  u_exec1/g5994/Y                                        -       A->Y    R     INVx1_ASAP7_75t_R             3  2.0    16    13     560    (-,-) 
  u_issue/g42039/Y                                       -       B->Y    F     NOR2x1_ASAP7_75t_R            2  1.7    16    12     573    (-,-) 
  u_issue/g42028/Y                                       -       B->Y    F     AND2x4_ASAP7_75t_R            5  4.4    10    20     593    (-,-) 
  u_issue/g41997/Y                                       -       B->Y    R     NAND2x1p5_ASAP7_75t_R         4  2.9    21    12     605    (-,-) 
  u_issue/g41977/Y                                       -       A->Y    F     INVx1_ASAP7_75t_R             3  2.3    16    13     618    (-,-) 
  u_issue/g41975/Y                                       -       A->Y    R     INVx2_ASAP7_75t_R             8  4.8    18    13     631    (-,-) 
  u_issue/g41829/Y                                       -       A2->Y   F     OAI21xp5_ASAP7_75t_R          1  0.5    12     9     640    (-,-) 
  u_issue/g41812/Y                                       -       A2->Y   R     AOI221xp5_ASAP7_75t_R         1  0.6    23    16     656    (-,-) 
  u_issue/pc_x_q_reg[14]/D                               -       -       R     ASYNC_DFFHx1_ASAP7_75t_R      1    -     -     0     656    (-,-) 
#------------------------------------------------------------------------------------------------------------------------------------------------



Path 8: VIOLATED (-440 ps) Setup Check with Pin u_issue/pc_x_q_reg[13]/CLK->D
          Group: clk
     Startpoint: (R) u_frontend/u_decode/genblk1.u_fifo/rd_ptr_q_reg[0]/CLK
          Clock: (R) clk
       Endpoint: (R) u_issue/pc_x_q_reg[13]/D
          Clock: (R) clk

                     Capture       Launch     
        Clock Edge:+     250            0     
       Src Latency:+       0            0     
       Net Latency:+       0 (I)        0 (I) 
           Arrival:=     250            0     
                                              
             Setup:-       9                  
       Uncertainty:-      25                  
     Required Time:=     216                  
      Launch Clock:-       0                  
         Data Path:-     656                  
             Slack:=    -440                  

#------------------------------------------------------------------------------------------------------------------------------------------------
#                     Timing Point                       Flags    Arc    Edge           Cell            Fanout Load Trans Delay Arrival Instance 
#                                                                                                              (fF)  (ps)  (ps)   (ps)  Location 
#------------------------------------------------------------------------------------------------------------------------------------------------
  u_frontend/u_decode/genblk1.u_fifo/rd_ptr_q_reg[0]/CLK -       -       R     (arrival)                  5362    -    12     0       0    (-,-) 
  u_frontend/u_decode/genblk1.u_fifo/rd_ptr_q_reg[0]/QN  -       CLK->QN R     ASYNC_DFFHx1_ASAP7_75t_R      1  1.3    18    43      43    (-,-) 
  u_frontend/u_decode/genblk1.u_fifo/fopt275/Y           -       A->Y    R     BUFx6f_ASAP7_75t_R            8 11.6    15    19      62    (-,-) 
  u_frontend/u_decode/genblk1.u_fifo/fopt274/Y           -       A->Y    F     INVx6_ASAP7_75t_R            13  8.9    11     9      72    (-,-) 
  u_frontend/u_decode/genblk1.u_fifo/g6487/Y             -       B->Y    R     NAND2xp5_ASAP7_75t_R          1  0.6    13     9      81    (-,-) 
  u_frontend/u_decode/genblk1.u_fifo/g6394/Y             -       B->Y    F     OAI21xp5_ASAP7_75t_R          2  1.3    17    12      93    (-,-) 
  u_issue/g39104/Y                                       -       B->Y    F     XOR2xp5_ASAP7_75t_R           1  0.6    16    19     112    (-,-) 
  u_issue/g39000/Y                                       -       B->Y    F     AO21x1_ASAP7_75t_R            1  1.1     9    18     130    (-,-) 
  u_issue/g38988/Y                                       -       A->Y    R     NOR2x1_ASAP7_75t_R            2  1.2    14    11     140    (-,-) 
  u_issue/g38982/Y                                       -       B->Y    F     NAND2xp5_ASAP7_75t_R          1  1.1    17    12     152    (-,-) 
  u_issue/g38981/Y                                       -       B->Y    R     NOR2x1_ASAP7_75t_R            2  1.4    16    13     165    (-,-) 
  u_issue/g38975/Y                                       -       A->Y    R     AND3x4_ASAP7_75t_R            9  6.6    19    29     194    (-,-) 
  u_issue/g38974/Y                                       -       A->Y    R     BUFx6f_ASAP7_75t_R           11  9.3    13    18     212    (-,-) 
  u_issue/g38972/Y                                       -       A->Y    R     AND2x4_ASAP7_75t_R            6  4.5    12    20     232    (-,-) 
  u_issue/fopt78294/Y                                    -       A->Y    F     INVx1_ASAP7_75t_R             6  3.2    18    13     245    (-,-) 
  u_issue/g50749/Y                                       -       A->Y    R     NAND2xp5_ASAP7_75t_R          2  1.1    18    15     260    (-,-) 
  u_issue/g50609/Y                                       -       A->Y    F     NOR3xp33_ASAP7_75t_R          1  0.6    13    10     270    (-,-) 
  u_issue/g50562/Y                                       -       B->Y    R     AOI21xp5_ASAP7_75t_R          1  0.6    14    11     281    (-,-) 
  u_issue/g50534/Y                                       -       D->Y    R     AND4x2_ASAP7_75t_R            4  3.1    20    36     317    (-,-) 
  u_issue/g50446/Y                                       -       B->Y    R     OA211x2_ASAP7_75t_R           3  3.3    16    27     344    (-,-) 
  u_issue/g50385/Y                                       -       B->Y    R     AND2x4_ASAP7_75t_R           12  9.3    21    25     369    (-,-) 
  u_issue/fopt78629/Y                                    -       A->Y    F     INVx4_ASAP7_75t_R            14  8.5    15    12     381    (-,-) 
  u_issue/fopt78628/Y                                    -       A->Y    R     INVx1_ASAP7_75t_R             3  1.6    14    11     392    (-,-) 
  u_issue/g50110/Y                                       -       A1->Y   R     AO221x2_ASAP7_75t_R           4  2.7    17    29     421    (-,-) 
  u_exec1/g10969/Y                                       -       A->Y    R     XNOR2xp5_ASAP7_75t_R          1  0.5    18    16     437    (-,-) 
  u_exec1/g10910/Y                                       -       D->Y    F     NAND4xp25_ASAP7_75t_R         1  0.5    22    16     453    (-,-) 
  u_exec1/g10888/Y                                       -       C->Y    R     NOR3xp33_ASAP7_75t_R          1  0.8    26    20     473    (-,-) 
  u_exec1/g10828/Y                                       -       A->Y    F     NAND2xp67_ASAP7_75t_R         2  1.9    26    16     489    (-,-) 
  u_exec1/g10780/Y                                       -       A->Y    R     NOR3x1_ASAP7_75t_R            2  1.2    22    14     503    (-,-) 
  u_exec1/g10677/Y                                       -       A1->Y   F     O2A1O1Ixp33_ASAP7_75t_R       2  0.8    17    14     517    (-,-) 
  u_exec1/g10673/Y                                       -       B->Y    R     AOI311xp33_ASAP7_75t_R        1  0.5    23    17     534    (-,-) 
  u_exec1/g10672/Y                                       -       C->Y    F     NAND3xp33_ASAP7_75t_R         1  0.7    18    14     548    (-,-) 
  u_exec1/g5994/Y                                        -       A->Y    R     INVx1_ASAP7_75t_R             3  2.0    16    13     560    (-,-) 
  u_issue/g42039/Y                                       -       B->Y    F     NOR2x1_ASAP7_75t_R            2  1.7    16    12     573    (-,-) 
  u_issue/g42028/Y                                       -       B->Y    F     AND2x4_ASAP7_75t_R            5  4.4    10    20     593    (-,-) 
  u_issue/g41997/Y                                       -       B->Y    R     NAND2x1p5_ASAP7_75t_R         4  2.9    21    12     605    (-,-) 
  u_issue/g41977/Y                                       -       A->Y    F     INVx1_ASAP7_75t_R             3  2.3    16    13     618    (-,-) 
  u_issue/g41975/Y                                       -       A->Y    R     INVx2_ASAP7_75t_R             8  4.8    18    13     631    (-,-) 
  u_issue/g41835/Y                                       -       A2->Y   F     OAI21xp5_ASAP7_75t_R          1  0.5    12     9     640    (-,-) 
  u_issue/g41818/Y                                       -       A2->Y   R     AOI221xp5_ASAP7_75t_R         1  0.6    23    16     656    (-,-) 
  u_issue/pc_x_q_reg[13]/D                               -       -       R     ASYNC_DFFHx1_ASAP7_75t_R      1    -     -     0     656    (-,-) 
#------------------------------------------------------------------------------------------------------------------------------------------------



Path 9: VIOLATED (-440 ps) Setup Check with Pin u_issue/pc_x_q_reg[12]/CLK->D
          Group: clk
     Startpoint: (R) u_frontend/u_decode/genblk1.u_fifo/rd_ptr_q_reg[0]/CLK
          Clock: (R) clk
       Endpoint: (R) u_issue/pc_x_q_reg[12]/D
          Clock: (R) clk

                     Capture       Launch     
        Clock Edge:+     250            0     
       Src Latency:+       0            0     
       Net Latency:+       0 (I)        0 (I) 
           Arrival:=     250            0     
                                              
             Setup:-       9                  
       Uncertainty:-      25                  
     Required Time:=     216                  
      Launch Clock:-       0                  
         Data Path:-     656                  
             Slack:=    -440                  

#------------------------------------------------------------------------------------------------------------------------------------------------
#                     Timing Point                       Flags    Arc    Edge           Cell            Fanout Load Trans Delay Arrival Instance 
#                                                                                                              (fF)  (ps)  (ps)   (ps)  Location 
#------------------------------------------------------------------------------------------------------------------------------------------------
  u_frontend/u_decode/genblk1.u_fifo/rd_ptr_q_reg[0]/CLK -       -       R     (arrival)                  5362    -    12     0       0    (-,-) 
  u_frontend/u_decode/genblk1.u_fifo/rd_ptr_q_reg[0]/QN  -       CLK->QN R     ASYNC_DFFHx1_ASAP7_75t_R      1  1.3    18    43      43    (-,-) 
  u_frontend/u_decode/genblk1.u_fifo/fopt275/Y           -       A->Y    R     BUFx6f_ASAP7_75t_R            8 11.6    15    19      62    (-,-) 
  u_frontend/u_decode/genblk1.u_fifo/fopt274/Y           -       A->Y    F     INVx6_ASAP7_75t_R            13  8.9    11     9      72    (-,-) 
  u_frontend/u_decode/genblk1.u_fifo/g6487/Y             -       B->Y    R     NAND2xp5_ASAP7_75t_R          1  0.6    13     9      81    (-,-) 
  u_frontend/u_decode/genblk1.u_fifo/g6394/Y             -       B->Y    F     OAI21xp5_ASAP7_75t_R          2  1.3    17    12      93    (-,-) 
  u_issue/g39104/Y                                       -       B->Y    F     XOR2xp5_ASAP7_75t_R           1  0.6    16    19     112    (-,-) 
  u_issue/g39000/Y                                       -       B->Y    F     AO21x1_ASAP7_75t_R            1  1.1     9    18     130    (-,-) 
  u_issue/g38988/Y                                       -       A->Y    R     NOR2x1_ASAP7_75t_R            2  1.2    14    11     140    (-,-) 
  u_issue/g38982/Y                                       -       B->Y    F     NAND2xp5_ASAP7_75t_R          1  1.1    17    12     152    (-,-) 
  u_issue/g38981/Y                                       -       B->Y    R     NOR2x1_ASAP7_75t_R            2  1.4    16    13     165    (-,-) 
  u_issue/g38975/Y                                       -       A->Y    R     AND3x4_ASAP7_75t_R            9  6.6    19    29     194    (-,-) 
  u_issue/g38974/Y                                       -       A->Y    R     BUFx6f_ASAP7_75t_R           11  9.3    13    18     212    (-,-) 
  u_issue/g38972/Y                                       -       A->Y    R     AND2x4_ASAP7_75t_R            6  4.5    12    20     232    (-,-) 
  u_issue/fopt78294/Y                                    -       A->Y    F     INVx1_ASAP7_75t_R             6  3.2    18    13     245    (-,-) 
  u_issue/g50749/Y                                       -       A->Y    R     NAND2xp5_ASAP7_75t_R          2  1.1    18    15     260    (-,-) 
  u_issue/g50609/Y                                       -       A->Y    F     NOR3xp33_ASAP7_75t_R          1  0.6    13    10     270    (-,-) 
  u_issue/g50562/Y                                       -       B->Y    R     AOI21xp5_ASAP7_75t_R          1  0.6    14    11     281    (-,-) 
  u_issue/g50534/Y                                       -       D->Y    R     AND4x2_ASAP7_75t_R            4  3.1    20    36     317    (-,-) 
  u_issue/g50446/Y                                       -       B->Y    R     OA211x2_ASAP7_75t_R           3  3.3    16    27     344    (-,-) 
  u_issue/g50385/Y                                       -       B->Y    R     AND2x4_ASAP7_75t_R           12  9.3    21    25     369    (-,-) 
  u_issue/fopt78629/Y                                    -       A->Y    F     INVx4_ASAP7_75t_R            14  8.5    15    12     381    (-,-) 
  u_issue/fopt78628/Y                                    -       A->Y    R     INVx1_ASAP7_75t_R             3  1.6    14    11     392    (-,-) 
  u_issue/g50110/Y                                       -       A1->Y   R     AO221x2_ASAP7_75t_R           4  2.7    17    29     421    (-,-) 
  u_exec1/g10969/Y                                       -       A->Y    R     XNOR2xp5_ASAP7_75t_R          1  0.5    18    16     437    (-,-) 
  u_exec1/g10910/Y                                       -       D->Y    F     NAND4xp25_ASAP7_75t_R         1  0.5    22    16     453    (-,-) 
  u_exec1/g10888/Y                                       -       C->Y    R     NOR3xp33_ASAP7_75t_R          1  0.8    26    20     473    (-,-) 
  u_exec1/g10828/Y                                       -       A->Y    F     NAND2xp67_ASAP7_75t_R         2  1.9    26    16     489    (-,-) 
  u_exec1/g10780/Y                                       -       A->Y    R     NOR3x1_ASAP7_75t_R            2  1.2    22    14     503    (-,-) 
  u_exec1/g10677/Y                                       -       A1->Y   F     O2A1O1Ixp33_ASAP7_75t_R       2  0.8    17    14     517    (-,-) 
  u_exec1/g10673/Y                                       -       B->Y    R     AOI311xp33_ASAP7_75t_R        1  0.5    23    17     534    (-,-) 
  u_exec1/g10672/Y                                       -       C->Y    F     NAND3xp33_ASAP7_75t_R         1  0.7    18    14     548    (-,-) 
  u_exec1/g5994/Y                                        -       A->Y    R     INVx1_ASAP7_75t_R             3  2.0    16    13     560    (-,-) 
  u_issue/g42039/Y                                       -       B->Y    F     NOR2x1_ASAP7_75t_R            2  1.7    16    12     573    (-,-) 
  u_issue/g42028/Y                                       -       B->Y    F     AND2x4_ASAP7_75t_R            5  4.4    10    20     593    (-,-) 
  u_issue/g41997/Y                                       -       B->Y    R     NAND2x1p5_ASAP7_75t_R         4  2.9    21    12     605    (-,-) 
  u_issue/g41977/Y                                       -       A->Y    F     INVx1_ASAP7_75t_R             3  2.3    16    13     618    (-,-) 
  u_issue/g41975/Y                                       -       A->Y    R     INVx2_ASAP7_75t_R             8  4.8    18    13     631    (-,-) 
  u_issue/g41844/Y                                       -       A2->Y   F     OAI21xp5_ASAP7_75t_R          1  0.5    12     9     640    (-,-) 
  u_issue/g41824/Y                                       -       A2->Y   R     AOI221xp5_ASAP7_75t_R         1  0.6    23    16     656    (-,-) 
  u_issue/pc_x_q_reg[12]/D                               -       -       R     ASYNC_DFFHx1_ASAP7_75t_R      1    -     -     0     656    (-,-) 
#------------------------------------------------------------------------------------------------------------------------------------------------



Path 10: VIOLATED (-440 ps) Setup Check with Pin u_frontend/u_npc/BRANCH_PREDICTION.ras_stack_q_reg[6][0]/CLK->D
          Group: clk
     Startpoint: (R) u_frontend/u_decode/genblk1.u_fifo/rd_ptr_q_reg[0]/CLK
          Clock: (R) clk
       Endpoint: (F) u_frontend/u_npc/BRANCH_PREDICTION.ras_stack_q_reg[6][0]/D
          Clock: (R) clk

                     Capture       Launch     
        Clock Edge:+     250            0     
       Src Latency:+       0            0     
       Net Latency:+       0 (I)        0 (I) 
           Arrival:=     250            0     
                                              
             Setup:-       8                  
       Uncertainty:-      25                  
     Required Time:=     217                  
      Launch Clock:-       0                  
         Data Path:-     657                  
             Slack:=    -440                  

#----------------------------------------------------------------------------------------------------------------------------------------------------
#                       Timing Point                         Flags    Arc    Edge           Cell            Fanout Load Trans Delay Arrival Instance 
#                                                                                                                  (fF)  (ps)  (ps)   (ps)  Location 
#----------------------------------------------------------------------------------------------------------------------------------------------------
  u_frontend/u_decode/genblk1.u_fifo/rd_ptr_q_reg[0]/CLK     -       -       R     (arrival)                  5362    -    12     0       0    (-,-) 
  u_frontend/u_decode/genblk1.u_fifo/rd_ptr_q_reg[0]/QN      -       CLK->QN R     ASYNC_DFFHx1_ASAP7_75t_R      1  1.3    18    43      43    (-,-) 
  u_frontend/u_decode/genblk1.u_fifo/fopt275/Y               -       A->Y    R     BUFx6f_ASAP7_75t_R            8 11.6    15    19      62    (-,-) 
  u_frontend/u_decode/genblk1.u_fifo/fopt274/Y               -       A->Y    F     INVx6_ASAP7_75t_R            13  8.9    11     9      72    (-,-) 
  u_frontend/u_decode/genblk1.u_fifo/g6492/Y                 -       B->Y    R     NAND2xp5_ASAP7_75t_R          1  0.6    11     9      81    (-,-) 
  u_frontend/u_decode/genblk1.u_fifo/g6454/Y                 -       B->Y    F     OAI21xp5_ASAP7_75t_R          2  1.3    17    12      92    (-,-) 
  u_issue/g39105/Y                                           -       B->Y    F     XOR2xp5_ASAP7_75t_R           1  1.6    24    22     114    (-,-) 
  u_issue/g38990/Y                                           -       C->Y    R     NOR4xp75_ASAP7_75t_R          1  1.6    31    24     138    (-,-) 
  u_issue/g38985/Y                                           -       A->Y    F     NAND2x1p5_ASAP7_75t_R         1  1.6    14    11     150    (-,-) 
  u_issue/g38979/Y                                           -       B->Y    R     NOR2x1p5_ASAP7_75t_R          3  2.6    18    13     163    (-,-) 
  u_issue/g38978/Y                                           -       A->Y    F     INVx2_ASAP7_75t_R             2  1.7     8     7     170    (-,-) 
  u_issue/g39123/Y                                           -       A->Y    F     OR3x1_ASAP7_75t_R             2  1.5    14    25     195    (-,-) 
  u_issue/g76836/Y                                           -       A1->Y   F     AO31x2_ASAP7_75t_R            4  2.8    10    17     212    (-,-) 
  u_frontend/u_fetch/fopt30/Y                                -       A->Y    F     BUFx6f_ASAP7_75t_R           10  9.3    11    17     229    (-,-) 
  u_frontend/u_fetch/fopt6550/Y                              -       A->Y    F     BUFx3_ASAP7_75t_R             4  2.5     8    15     244    (-,-) 
  u_frontend/u_fetch/fopt6549/Y                              -       A->Y    R     INVx1_ASAP7_75t_R             2  1.2    10     7     252    (-,-) 
  u_frontend/u_fetch/g6231/Y                                 -       B1->Y   F     OAI22xp5_ASAP7_75t_R          2  0.9    14    10     262    (-,-) 
  u_frontend/u_fetch/g6090/Y                                 -       A1->Y   F     AO22x2_ASAP7_75t_R            1  2.6    11    24     286    (-,-) 
  u_frontend/u_fetch/fopt6534/Y                              -       A->Y    F     BUFx12f_ASAP7_75t_R          22 19.4    13    18     304    (-,-) 
  u_frontend/u_npc/fopt282669/Y                              -       A->Y    R     INVx6_ASAP7_75t_R            13  8.6    12    10     313    (-,-) 
  u_frontend/u_npc/fopt282657/Y                              -       A->Y    F     INVx3_ASAP7_75t_R             5  2.9     8     7     320    (-,-) 
  u_frontend/u_npc/g277933/Y                                 -       B2->Y   R     AOI22xp33_ASAP7_75t_R         1  0.5    17    11     331    (-,-) 
  u_frontend/u_npc/g277178/Y                                 -       A->Y    F     NAND2xp5_ASAP7_75t_R          1  0.4    10     8     340    (-,-) 
  u_frontend/u_npc/g276696/Y                                 -       A->Y    R     NOR2xp33_ASAP7_75t_R          1  0.6    17    12     352    (-,-) 
  u_frontend/u_npc/g276671/Y                                 -       B->Y    F     NAND2xp5_ASAP7_75t_R          2  1.1    16    13     365    (-,-) 
  u_frontend/u_npc/g276359/Y                                 -       B->Y    R     NOR2xp67_ASAP7_75t_R          1  0.6    13    11     376    (-,-) 
  u_frontend/u_npc/g276254/Y                                 -       B->Y    F     NAND2xp5_ASAP7_75t_R          3  1.5    19    14     389    (-,-) 
  u_frontend/u_npc/g283300/Y                                 -       B->Y    F     AND2x2_ASAP7_75t_R            2  1.1     7    20     410    (-,-) 
  u_frontend/u_npc/g276013/Y                                 -       B->Y    R     NAND2xp5_ASAP7_75t_R          2  1.6    21    13     422    (-,-) 
  u_frontend/u_npc/g275947/Y                                 -       B->Y    F     NOR2x1_ASAP7_75t_R            2  0.9    12    11     433    (-,-) 
  u_frontend/u_npc/g275907/Y                                 -       B->Y    F     AND2x2_ASAP7_75t_R            4  2.4    11    20     453    (-,-) 
  u_frontend/u_npc/g275875/Y                                 -       B->Y    F     AND2x2_ASAP7_75t_R            3  1.7     9    18     472    (-,-) 
  u_frontend/u_npc/g275862/Y                                 -       B->Y    R     NAND2xp5_ASAP7_75t_R          1  1.4    20    12     484    (-,-) 
  u_frontend/u_npc/g275821/Y                                 -       B->Y    F     OAI21x1_ASAP7_75t_R           4  2.1    17    13     497    (-,-) 
  u_frontend/u_npc/g230703/Y                                 -       A1->Y   R     AOI222xp33_ASAP7_75t_R        1  0.6    25    17     514    (-,-) 
  u_frontend/u_npc/g230604/Y                                 -       A->Y    R     AND4x1_ASAP7_75t_R            1  0.6    11    26     541    (-,-) 
  u_frontend/u_npc/g230592/Y                                 -       B->Y    F     NAND2xp5_ASAP7_75t_R          1  1.1    16    11     552    (-,-) 
  u_frontend/u_npc/g230289/Y                                 -       A->Y    R     NOR2x1_ASAP7_75t_R            1  1.4    15    13     565    (-,-) 
  u_frontend/u_npc/g230008/Y                                 -       B->Y    F     OAI21x1_ASAP7_75t_R           5  2.4    17    13     578    (-,-) 
  u_frontend/u_npc/g228456/Y                                 -       B->Y    F     AND2x2_ASAP7_75t_R            2  1.3     8    20     597    (-,-) 
  u_frontend/u_npc/g227426/Y                                 -       B->Y    R     NAND2xp5_ASAP7_75t_R          1  0.6    14     8     606    (-,-) 
  u_frontend/u_npc/g226902/Y                                 -       B->Y    F     OAI21xp5_ASAP7_75t_R          1  0.5    10     8     614    (-,-) 
  u_frontend/u_npc/g226892/Y                                 -       A->Y    F     OR2x2_ASAP7_75t_R             5  4.1    16    26     640    (-,-) 
  u_frontend/u_npc/fopt283166/Y                              -       A->Y    R     INVx3_ASAP7_75t_R             5  3.0    11     9     648    (-,-) 
  u_frontend/u_npc/g226713/Y                                 -       A1->Y   F     OAI21xp5_ASAP7_75t_R          1  0.6    12     9     657    (-,-) 
  u_frontend/u_npc/BRANCH_PREDICTION.ras_stack_q_reg[6][0]/D -       -       F     ASYNC_DFFHx1_ASAP7_75t_R      1    -     -     0     657    (-,-) 
#----------------------------------------------------------------------------------------------------------------------------------------------------



Path 11: VIOLATED (-440 ps) Setup Check with Pin u_frontend/u_npc/BRANCH_PREDICTION.ras_stack_q_reg[4][0]/CLK->D
          Group: clk
     Startpoint: (R) u_frontend/u_decode/genblk1.u_fifo/rd_ptr_q_reg[0]/CLK
          Clock: (R) clk
       Endpoint: (F) u_frontend/u_npc/BRANCH_PREDICTION.ras_stack_q_reg[4][0]/D
          Clock: (R) clk

                     Capture       Launch     
        Clock Edge:+     250            0     
       Src Latency:+       0            0     
       Net Latency:+       0 (I)        0 (I) 
           Arrival:=     250            0     
                                              
             Setup:-       8                  
       Uncertainty:-      25                  
     Required Time:=     217                  
      Launch Clock:-       0                  
         Data Path:-     657                  
             Slack:=    -440                  

#----------------------------------------------------------------------------------------------------------------------------------------------------
#                       Timing Point                         Flags    Arc    Edge           Cell            Fanout Load Trans Delay Arrival Instance 
#                                                                                                                  (fF)  (ps)  (ps)   (ps)  Location 
#----------------------------------------------------------------------------------------------------------------------------------------------------
  u_frontend/u_decode/genblk1.u_fifo/rd_ptr_q_reg[0]/CLK     -       -       R     (arrival)                  5362    -    12     0       0    (-,-) 
  u_frontend/u_decode/genblk1.u_fifo/rd_ptr_q_reg[0]/QN      -       CLK->QN R     ASYNC_DFFHx1_ASAP7_75t_R      1  1.3    18    43      43    (-,-) 
  u_frontend/u_decode/genblk1.u_fifo/fopt275/Y               -       A->Y    R     BUFx6f_ASAP7_75t_R            8 11.6    15    19      62    (-,-) 
  u_frontend/u_decode/genblk1.u_fifo/fopt274/Y               -       A->Y    F     INVx6_ASAP7_75t_R            13  8.9    11     9      72    (-,-) 
  u_frontend/u_decode/genblk1.u_fifo/g6492/Y                 -       B->Y    R     NAND2xp5_ASAP7_75t_R          1  0.6    11     9      81    (-,-) 
  u_frontend/u_decode/genblk1.u_fifo/g6454/Y                 -       B->Y    F     OAI21xp5_ASAP7_75t_R          2  1.3    17    12      92    (-,-) 
  u_issue/g39105/Y                                           -       B->Y    F     XOR2xp5_ASAP7_75t_R           1  1.6    24    22     114    (-,-) 
  u_issue/g38990/Y                                           -       C->Y    R     NOR4xp75_ASAP7_75t_R          1  1.6    31    24     138    (-,-) 
  u_issue/g38985/Y                                           -       A->Y    F     NAND2x1p5_ASAP7_75t_R         1  1.6    14    11     150    (-,-) 
  u_issue/g38979/Y                                           -       B->Y    R     NOR2x1p5_ASAP7_75t_R          3  2.6    18    13     163    (-,-) 
  u_issue/g38978/Y                                           -       A->Y    F     INVx2_ASAP7_75t_R             2  1.7     8     7     170    (-,-) 
  u_issue/g39123/Y                                           -       A->Y    F     OR3x1_ASAP7_75t_R             2  1.5    14    25     195    (-,-) 
  u_issue/g76836/Y                                           -       A1->Y   F     AO31x2_ASAP7_75t_R            4  2.8    10    17     212    (-,-) 
  u_frontend/u_fetch/fopt30/Y                                -       A->Y    F     BUFx6f_ASAP7_75t_R           10  9.3    11    17     229    (-,-) 
  u_frontend/u_fetch/fopt6550/Y                              -       A->Y    F     BUFx3_ASAP7_75t_R             4  2.5     8    15     244    (-,-) 
  u_frontend/u_fetch/fopt6549/Y                              -       A->Y    R     INVx1_ASAP7_75t_R             2  1.2    10     7     252    (-,-) 
  u_frontend/u_fetch/g6231/Y                                 -       B1->Y   F     OAI22xp5_ASAP7_75t_R          2  0.9    14    10     262    (-,-) 
  u_frontend/u_fetch/g6090/Y                                 -       A1->Y   F     AO22x2_ASAP7_75t_R            1  2.6    11    24     286    (-,-) 
  u_frontend/u_fetch/fopt6534/Y                              -       A->Y    F     BUFx12f_ASAP7_75t_R          22 19.4    13    18     304    (-,-) 
  u_frontend/u_npc/fopt282669/Y                              -       A->Y    R     INVx6_ASAP7_75t_R            13  8.6    12    10     313    (-,-) 
  u_frontend/u_npc/fopt282657/Y                              -       A->Y    F     INVx3_ASAP7_75t_R             5  2.9     8     7     320    (-,-) 
  u_frontend/u_npc/g277933/Y                                 -       B2->Y   R     AOI22xp33_ASAP7_75t_R         1  0.5    17    11     331    (-,-) 
  u_frontend/u_npc/g277178/Y                                 -       A->Y    F     NAND2xp5_ASAP7_75t_R          1  0.4    10     8     340    (-,-) 
  u_frontend/u_npc/g276696/Y                                 -       A->Y    R     NOR2xp33_ASAP7_75t_R          1  0.6    17    12     352    (-,-) 
  u_frontend/u_npc/g276671/Y                                 -       B->Y    F     NAND2xp5_ASAP7_75t_R          2  1.1    16    13     365    (-,-) 
  u_frontend/u_npc/g276359/Y                                 -       B->Y    R     NOR2xp67_ASAP7_75t_R          1  0.6    13    11     376    (-,-) 
  u_frontend/u_npc/g276254/Y                                 -       B->Y    F     NAND2xp5_ASAP7_75t_R          3  1.5    19    14     389    (-,-) 
  u_frontend/u_npc/g283300/Y                                 -       B->Y    F     AND2x2_ASAP7_75t_R            2  1.1     7    20     410    (-,-) 
  u_frontend/u_npc/g276013/Y                                 -       B->Y    R     NAND2xp5_ASAP7_75t_R          2  1.6    21    13     422    (-,-) 
  u_frontend/u_npc/g275947/Y                                 -       B->Y    F     NOR2x1_ASAP7_75t_R            2  0.9    12    11     433    (-,-) 
  u_frontend/u_npc/g275907/Y                                 -       B->Y    F     AND2x2_ASAP7_75t_R            4  2.4    11    20     453    (-,-) 
  u_frontend/u_npc/g275875/Y                                 -       B->Y    F     AND2x2_ASAP7_75t_R            3  1.7     9    18     472    (-,-) 
  u_frontend/u_npc/g275862/Y                                 -       B->Y    R     NAND2xp5_ASAP7_75t_R          1  1.4    20    12     484    (-,-) 
  u_frontend/u_npc/g275821/Y                                 -       B->Y    F     OAI21x1_ASAP7_75t_R           4  2.1    17    13     497    (-,-) 
  u_frontend/u_npc/g230703/Y                                 -       A1->Y   R     AOI222xp33_ASAP7_75t_R        1  0.6    25    17     514    (-,-) 
  u_frontend/u_npc/g230604/Y                                 -       A->Y    R     AND4x1_ASAP7_75t_R            1  0.6    11    26     541    (-,-) 
  u_frontend/u_npc/g230592/Y                                 -       B->Y    F     NAND2xp5_ASAP7_75t_R          1  1.1    16    11     552    (-,-) 
  u_frontend/u_npc/g230289/Y                                 -       A->Y    R     NOR2x1_ASAP7_75t_R            1  1.4    15    13     565    (-,-) 
  u_frontend/u_npc/g230008/Y                                 -       B->Y    F     OAI21x1_ASAP7_75t_R           5  2.4    17    13     578    (-,-) 
  u_frontend/u_npc/g228456/Y                                 -       B->Y    F     AND2x2_ASAP7_75t_R            2  1.3     8    20     597    (-,-) 
  u_frontend/u_npc/g227426/Y                                 -       B->Y    R     NAND2xp5_ASAP7_75t_R          1  0.6    14     8     606    (-,-) 
  u_frontend/u_npc/g226902/Y                                 -       B->Y    F     OAI21xp5_ASAP7_75t_R          1  0.5    10     8     614    (-,-) 
  u_frontend/u_npc/g226892/Y                                 -       A->Y    F     OR2x2_ASAP7_75t_R             5  4.1    16    26     640    (-,-) 
  u_frontend/u_npc/fopt283166/Y                              -       A->Y    R     INVx3_ASAP7_75t_R             5  3.0    11     9     648    (-,-) 
  u_frontend/u_npc/g226743/Y                                 -       A1->Y   F     OAI21xp5_ASAP7_75t_R          1  0.6    12     9     657    (-,-) 
  u_frontend/u_npc/BRANCH_PREDICTION.ras_stack_q_reg[4][0]/D -       -       F     ASYNC_DFFHx1_ASAP7_75t_R      1    -     -     0     657    (-,-) 
#----------------------------------------------------------------------------------------------------------------------------------------------------



Path 12: VIOLATED (-440 ps) Setup Check with Pin u_issue/pc_x_q_reg[30]/CLK->D
          Group: clk
     Startpoint: (R) u_frontend/u_decode/genblk1.u_fifo/rd_ptr_q_reg[0]/CLK
          Clock: (R) clk
       Endpoint: (F) u_issue/pc_x_q_reg[30]/D
          Clock: (R) clk

                     Capture       Launch     
        Clock Edge:+     250            0     
       Src Latency:+       0            0     
       Net Latency:+       0 (I)        0 (I) 
           Arrival:=     250            0     
                                              
             Setup:-       8                  
       Uncertainty:-      25                  
     Required Time:=     217                  
      Launch Clock:-       0                  
         Data Path:-     657                  
             Slack:=    -440                  

#------------------------------------------------------------------------------------------------------------------------------------------------
#                     Timing Point                       Flags    Arc    Edge           Cell            Fanout Load Trans Delay Arrival Instance 
#                                                                                                              (fF)  (ps)  (ps)   (ps)  Location 
#------------------------------------------------------------------------------------------------------------------------------------------------
  u_frontend/u_decode/genblk1.u_fifo/rd_ptr_q_reg[0]/CLK -       -       R     (arrival)                  5362    -    12     0       0    (-,-) 
  u_frontend/u_decode/genblk1.u_fifo/rd_ptr_q_reg[0]/QN  -       CLK->QN R     ASYNC_DFFHx1_ASAP7_75t_R      1  1.3    18    43      43    (-,-) 
  u_frontend/u_decode/genblk1.u_fifo/fopt275/Y           -       A->Y    R     BUFx6f_ASAP7_75t_R            8 11.6    15    19      62    (-,-) 
  u_frontend/u_decode/genblk1.u_fifo/fopt274/Y           -       A->Y    F     INVx6_ASAP7_75t_R            13  8.9    11     9      72    (-,-) 
  u_frontend/u_decode/genblk1.u_fifo/g6487/Y             -       B->Y    R     NAND2xp5_ASAP7_75t_R          1  0.6    13     9      81    (-,-) 
  u_frontend/u_decode/genblk1.u_fifo/g6394/Y             -       B->Y    F     OAI21xp5_ASAP7_75t_R          2  1.3    17    12      93    (-,-) 
  u_issue/g39104/Y                                       -       B->Y    F     XOR2xp5_ASAP7_75t_R           1  0.6    16    19     112    (-,-) 
  u_issue/g39000/Y                                       -       B->Y    F     AO21x1_ASAP7_75t_R            1  1.1     9    18     130    (-,-) 
  u_issue/g38988/Y                                       -       A->Y    R     NOR2x1_ASAP7_75t_R            2  1.2    14    11     140    (-,-) 
  u_issue/g38982/Y                                       -       B->Y    F     NAND2xp5_ASAP7_75t_R          1  1.1    17    12     152    (-,-) 
  u_issue/g38981/Y                                       -       B->Y    R     NOR2x1_ASAP7_75t_R            2  1.4    16    13     165    (-,-) 
  u_issue/g38975/Y                                       -       A->Y    R     AND3x4_ASAP7_75t_R            9  6.6    19    29     194    (-,-) 
  u_issue/g38974/Y                                       -       A->Y    R     BUFx6f_ASAP7_75t_R           11  9.3    13    18     212    (-,-) 
  u_issue/g38972/Y                                       -       A->Y    R     AND2x4_ASAP7_75t_R            6  4.5    12    20     232    (-,-) 
  u_issue/fopt78294/Y                                    -       A->Y    F     INVx1_ASAP7_75t_R             6  3.2    18    13     245    (-,-) 
  u_issue/g50749/Y                                       -       A->Y    R     NAND2xp5_ASAP7_75t_R          2  1.1    18    15     260    (-,-) 
  u_issue/g50609/Y                                       -       A->Y    F     NOR3xp33_ASAP7_75t_R          1  0.6    13    10     270    (-,-) 
  u_issue/g50562/Y                                       -       B->Y    R     AOI21xp5_ASAP7_75t_R          1  0.6    14    11     281    (-,-) 
  u_issue/g50534/Y                                       -       D->Y    R     AND4x2_ASAP7_75t_R            4  3.1    20    36     317    (-,-) 
  u_issue/g50446/Y                                       -       B->Y    R     OA211x2_ASAP7_75t_R           3  3.3    16    27     344    (-,-) 
  u_issue/g50386/Y                                       -       B->Y    R     AND2x6_ASAP7_75t_R           23 16.8    25    31     375    (-,-) 
  u_issue/g50309/Y                                       -       B2->Y   F     AOI22xp33_ASAP7_75t_R         1  0.6    34    13     388    (-,-) 
  u_issue/g50163/Y                                       -       B->Y    R     NAND2xp5_ASAP7_75t_R          2  1.6    25    22     410    (-,-) 
  u_exec1/fopt11150/Y                                    -       A->Y    F     INVx2_ASAP7_75t_R             5  2.7    12    10     420    (-,-) 
  u_exec1/fopt11147/Y                                    -       A->Y    R     INVx1_ASAP7_75t_R             5  2.8    19    13     433    (-,-) 
  u_exec1/greater_than_signed_350_25:sub_285_12_g1375/Y  -       A1->Y   F     AOI211xp5_ASAP7_75t_R         1  1.1    22    15     448    (-,-) 
  u_exec1/greater_than_signed_350_25:sub_285_12_g1342/Y  -       C->Y    R     AOI211x1_ASAP7_75t_R          1  0.6    16    12     460    (-,-) 
  u_exec1/greater_than_signed_350_25:sub_285_12_g1330/Y  -       A2->Y   F     OAI21xp5_ASAP7_75t_R          1  0.5    13     9     469    (-,-) 
  u_exec1/greater_than_signed_350_25:sub_285_12_g1326/Y  -       A1->Y   R     AOI211xp5_ASAP7_75t_R         1  1.0    28    17     486    (-,-) 
  u_exec1/g11289/Y                                       -       A1->Y   F     O2A1O1Ixp5_ASAP7_75t_R        1  1.0    18    15     501    (-,-) 
  u_exec1/greater_than_signed_350_25:sub_285_12_g1323/Y  -       B->Y    F     XNOR2xp5_ASAP7_75t_R          1  0.6    15    20     522    (-,-) 
  u_exec1/g10680/Y                                       -       A2->Y   F     AO21x1_ASAP7_75t_R            2  1.0     9    17     539    (-,-) 
  u_exec1/g10672/Y                                       -       B->Y    R     NAND3xp33_ASAP7_75t_R         1  0.7    17    10     549    (-,-) 
  u_exec1/g5994/Y                                        -       A->Y    F     INVx1_ASAP7_75t_R             3  2.0    14    11     560    (-,-) 
  u_issue/g42039/Y                                       -       B->Y    R     NOR2x1_ASAP7_75t_R            2  1.7    17    13     572    (-,-) 
  u_issue/g42028/Y                                       -       B->Y    R     AND2x4_ASAP7_75t_R            5  4.4    12    21     594    (-,-) 
  u_issue/g41997/Y                                       -       B->Y    F     NAND2x1p5_ASAP7_75t_R         4  2.9    16    11     605    (-,-) 
  u_issue/g41736/Y                                       -       A1->Y   R     OAI21xp33_ASAP7_75t_R         2  1.1    29    16     621    (-,-) 
  u_issue/g41734/Y                                       -       A->Y    F     INVxp67_ASAP7_75t_R           1  0.5    10     8     630    (-,-) 
  u_issue/g41727/Y                                       -       A2->Y   R     OAI221xp5_ASAP7_75t_R         1  0.6    28    17     646    (-,-) 
  u_issue/g41724/Y                                       -       B->Y    F     AOI21xp5_ASAP7_75t_R          1  0.6    13    10     657    (-,-) 
  u_issue/pc_x_q_reg[30]/D                               -       -       F     ASYNC_DFFHx1_ASAP7_75t_R      1    -     -     0     657    (-,-) 
#------------------------------------------------------------------------------------------------------------------------------------------------



Path 13: VIOLATED (-440 ps) Setup Check with Pin u_lsu/mem_cacheable_q_reg/CLK->D
          Group: clk
     Startpoint: (R) u_frontend/u_decode/genblk1.u_fifo/rd_ptr_q_reg[0]/CLK
          Clock: (R) clk
       Endpoint: (R) u_lsu/mem_cacheable_q_reg/D
          Clock: (R) clk

                     Capture       Launch     
        Clock Edge:+     250            0     
       Src Latency:+       0            0     
       Net Latency:+       0 (I)        0 (I) 
           Arrival:=     250            0     
                                              
             Setup:-       9                  
       Uncertainty:-      25                  
     Required Time:=     216                  
      Launch Clock:-       0                  
         Data Path:-     656                  
             Slack:=    -440                  

#------------------------------------------------------------------------------------------------------------------------------------------------
#                     Timing Point                       Flags    Arc    Edge           Cell            Fanout Load Trans Delay Arrival Instance 
#                                                                                                              (fF)  (ps)  (ps)   (ps)  Location 
#------------------------------------------------------------------------------------------------------------------------------------------------
  u_frontend/u_decode/genblk1.u_fifo/rd_ptr_q_reg[0]/CLK -       -       R     (arrival)                  5362    -    12     0       0    (-,-) 
  u_frontend/u_decode/genblk1.u_fifo/rd_ptr_q_reg[0]/QN  -       CLK->QN F     ASYNC_DFFHx1_ASAP7_75t_R      1  1.3    17    41      41    (-,-) 
  u_frontend/u_decode/genblk1.u_fifo/fopt275/Y           -       A->Y    F     BUFx6f_ASAP7_75t_R            8 11.6    13    20      61    (-,-) 
  u_frontend/u_decode/genblk1.u_fifo/fopt253/Y           -       A->Y    F     BUFx6f_ASAP7_75t_R           15 11.0    13    18      79    (-,-) 
  u_frontend/u_decode/genblk1.u_fifo/fopt252/Y           -       A->Y    R     INVx4_ASAP7_75t_R             9  8.1    15    11      90    (-,-) 
  u_frontend/u_decode/genblk1.u_fifo/fopt221/Y           -       A->Y    R     BUFx6f_ASAP7_75t_R           12  7.2    11    16     107    (-,-) 
  u_frontend/u_decode/genblk1.u_fifo/g6453/Y             -       A2->Y   R     AO22x1_ASAP7_75t_R            6  3.4    24    26     133    (-,-) 
  u_frontend/u_decode/genblk1.u_dec1/g14075/Y            -       A->Y    F     INVx2_ASAP7_75t_R             5  3.2    13    11     144    (-,-) 
  u_frontend/u_decode/genblk1.u_dec1/g13974_14081/Y      -       C->Y    R     NAND3x1_ASAP7_75t_R           5  2.8    30    22     165    (-,-) 
  u_frontend/u_decode/genblk1.u_dec1/g13935/Y            -       B->Y    F     NOR2xp33_ASAP7_75t_R          1  1.0    24    20     186    (-,-) 
  u_frontend/u_decode/genblk1.u_dec1/g13895/Y            -       A->Y    R     NAND2x1_ASAP7_75t_R           3  2.2    24    20     206    (-,-) 
  u_frontend/u_decode/genblk1.u_dec1/g13890/Y            -       A->Y    F     INVxp67_ASAP7_75t_R           1  0.6    10     9     214    (-,-) 
  u_issue/g77521/Y                                       -       A1->Y   R     AOI22xp5_ASAP7_75t_R          2  1.3    24    15     230    (-,-) 
  u_issue/g77049/Y                                       -       B->Y    F     NAND2xp5_ASAP7_75t_R          2  1.1    18    14     244    (-,-) 
  u_issue/g77027/Y                                       -       A->Y    R     INVx1_ASAP7_75t_R             1  0.6     9     8     252    (-,-) 
  u_issue/g76885/Y                                       -       A2->Y   R     AO21x2_ASAP7_75t_R            2  2.1    10    17     269    (-,-) 
  u_issue/g76832/Y                                       -       A->Y    R     BUFx3_ASAP7_75t_R             2  2.6     9    15     284    (-,-) 
  u_issue/g76831/Y                                       -       A->Y    F     INVx2_ASAP7_75t_R             3  3.0     9     7     291    (-,-) 
  u_issue/g76532/Y                                       -       A->Y    R     NOR2xp67_ASAP7_75t_R          3  1.8    24    16     307    (-,-) 
  u_issue/g76350/Y                                       -       A2->Y   F     OAI22xp5_ASAP7_75t_R          1  0.6    14    12     319    (-,-) 
  u_issue/g76236/Y                                       -       A->Y    F     AND3x1_ASAP7_75t_R            1  0.5     6    14     333    (-,-) 
  u_issue/g76226/Y                                       -       B->Y    R     AOI31xp33_ASAP7_75t_R         1  0.6    24    13     346    (-,-) 
  u_issue/g76045/Y                                       -       B->Y    R     AND2x2_ASAP7_75t_R            1  1.6    10    22     369    (-,-) 
  u_issue/g75830/Y                                       -       D->Y    F     NAND4xp75_ASAP7_75t_R         2  2.6    28    19     388    (-,-) 
  u_issue/g75811/Y                                       -       B->Y    R     AOI21x1_ASAP7_75t_R           2  2.7    25    20     408    (-,-) 
  u_issue/g75809/Y                                       -       A->Y    F     INVx2_ASAP7_75t_R             1  1.4     9     7     415    (-,-) 
  u_issue/g75801/Y                                       -       B->Y    R     NOR3x1_ASAP7_75t_R            1  1.3    16    12     428    (-,-) 
  u_issue/fopt14/Y                                       -       A->Y    R     BUFx6f_ASAP7_75t_R           12  9.1    13    18     445    (-,-) 
  u_issue/buff/Y                                         -       A->Y    R     BUFx6f_ASAP7_75t_R           12  6.9    10    16     461    (-,-) 
  u_issue/g75653/Y                                       -       B1->Y   R     AO22x1_ASAP7_75t_R            4  2.2    18    21     482    (-,-) 
  u_lsu/ADD_TC_OP_45_g2419/Y                             -       A->Y    F     NOR2xp33_ASAP7_75t_R          2  1.1    24    18     500    (-,-) 
  u_lsu/ADD_TC_OP_45_g2315/Y                             -       B->Y    F     AO21x1_ASAP7_75t_R            2  1.1     9    20     520    (-,-) 
  u_lsu/ADD_TC_OP_45_g2274/Y                             -       A1->Y   R     OAI21xp5_ASAP7_75t_R          1  1.2    19    12     532    (-,-) 
  u_lsu/ADD_TC_OP_45_g2260/Y                             -       B->Y    F     AOI21x1_ASAP7_75t_R           1  1.3    12    10     542    (-,-) 
  u_lsu/fopt4/Y                                          -       A->Y    R     INVx2_ASAP7_75t_R             3  1.6     8     7     549    (-,-) 
  u_lsu/ADD_TC_OP_45_g2239/Y                             -       A2->Y   R     AO21x2_ASAP7_75t_R            4  3.2    14    19     568    (-,-) 
  u_lsu/ADD_TC_OP_45_g2238/Y                             -       A->Y    F     INVx2_ASAP7_75t_R             3  1.8     8     7     575    (-,-) 
  u_lsu/ADD_TC_OP_45_g2214/Y                             -       A2->Y   F     OA21x2_ASAP7_75t_R            2  2.6    11    20     594    (-,-) 
  u_lsu/ADD_TC_OP_45_g2211/Y                             -       A->Y    R     INVx3_ASAP7_75t_R             7  4.9    12     9     604    (-,-) 
  u_lsu/ADD_TC_OP_45_g2173/Y                             -       A2->Y   F     A2O1A1Ixp33_ASAP7_75t_R       1  0.6    18    12     616    (-,-) 
  u_lsu/ADD_TC_OP_45_g2171/Y                             -       B->Y    R     OAI21xp5_ASAP7_75t_R          2  1.1    18    11     627    (-,-) 
  u_lsu/g15958/Y                                         -       B->Y    F     NOR3xp33_ASAP7_75t_R          1  0.5    13    11     638    (-,-) 
  u_lsu/g15588/Y                                         -       B1->Y   R     AOI321xp33_ASAP7_75t_R        1  0.6    26    17     656    (-,-) 
  u_lsu/mem_cacheable_q_reg/D                            -       -       R     ASYNC_DFFHx1_ASAP7_75t_R      1    -     -     0     656    (-,-) 
#------------------------------------------------------------------------------------------------------------------------------------------------



Path 14: VIOLATED (-440 ps) Setup Check with Pin u_frontend/u_npc/BRANCH_PREDICTION.ras_stack_q_reg[7][0]/CLK->D
          Group: clk
     Startpoint: (R) u_frontend/u_decode/genblk1.u_fifo/rd_ptr_q_reg[0]/CLK
          Clock: (R) clk
       Endpoint: (F) u_frontend/u_npc/BRANCH_PREDICTION.ras_stack_q_reg[7][0]/D
          Clock: (R) clk

                     Capture       Launch     
        Clock Edge:+     250            0     
       Src Latency:+       0            0     
       Net Latency:+       0 (I)        0 (I) 
           Arrival:=     250            0     
                                              
             Setup:-       8                  
       Uncertainty:-      25                  
     Required Time:=     218                  
      Launch Clock:-       0                  
         Data Path:-     657                  
             Slack:=    -440                  

#----------------------------------------------------------------------------------------------------------------------------------------------------
#                       Timing Point                         Flags    Arc    Edge           Cell            Fanout Load Trans Delay Arrival Instance 
#                                                                                                                  (fF)  (ps)  (ps)   (ps)  Location 
#----------------------------------------------------------------------------------------------------------------------------------------------------
  u_frontend/u_decode/genblk1.u_fifo/rd_ptr_q_reg[0]/CLK     -       -       R     (arrival)                  5362    -    12     0       0    (-,-) 
  u_frontend/u_decode/genblk1.u_fifo/rd_ptr_q_reg[0]/QN      -       CLK->QN R     ASYNC_DFFHx1_ASAP7_75t_R      1  1.3    18    43      43    (-,-) 
  u_frontend/u_decode/genblk1.u_fifo/fopt275/Y               -       A->Y    R     BUFx6f_ASAP7_75t_R            8 11.6    15    19      62    (-,-) 
  u_frontend/u_decode/genblk1.u_fifo/fopt274/Y               -       A->Y    F     INVx6_ASAP7_75t_R            13  8.9    11     9      72    (-,-) 
  u_frontend/u_decode/genblk1.u_fifo/g6492/Y                 -       B->Y    R     NAND2xp5_ASAP7_75t_R          1  0.6    11     9      81    (-,-) 
  u_frontend/u_decode/genblk1.u_fifo/g6454/Y                 -       B->Y    F     OAI21xp5_ASAP7_75t_R          2  1.3    17    12      92    (-,-) 
  u_issue/g39105/Y                                           -       B->Y    F     XOR2xp5_ASAP7_75t_R           1  1.6    24    22     114    (-,-) 
  u_issue/g38990/Y                                           -       C->Y    R     NOR4xp75_ASAP7_75t_R          1  1.6    31    24     138    (-,-) 
  u_issue/g38985/Y                                           -       A->Y    F     NAND2x1p5_ASAP7_75t_R         1  1.6    14    11     150    (-,-) 
  u_issue/g38979/Y                                           -       B->Y    R     NOR2x1p5_ASAP7_75t_R          3  2.6    18    13     163    (-,-) 
  u_issue/g38978/Y                                           -       A->Y    F     INVx2_ASAP7_75t_R             2  1.7     8     7     170    (-,-) 
  u_issue/g39123/Y                                           -       A->Y    F     OR3x1_ASAP7_75t_R             2  1.5    14    25     195    (-,-) 
  u_issue/g76836/Y                                           -       A1->Y   F     AO31x2_ASAP7_75t_R            4  2.8    10    17     212    (-,-) 
  u_frontend/u_fetch/fopt30/Y                                -       A->Y    F     BUFx6f_ASAP7_75t_R           10  9.3    11    17     229    (-,-) 
  u_frontend/u_fetch/fopt6550/Y                              -       A->Y    F     BUFx3_ASAP7_75t_R             4  2.5     8    15     244    (-,-) 
  u_frontend/u_fetch/fopt6549/Y                              -       A->Y    R     INVx1_ASAP7_75t_R             2  1.2    10     7     252    (-,-) 
  u_frontend/u_fetch/g6231/Y                                 -       B1->Y   F     OAI22xp5_ASAP7_75t_R          2  0.9    14    10     262    (-,-) 
  u_frontend/u_fetch/g6090/Y                                 -       A1->Y   F     AO22x2_ASAP7_75t_R            1  2.6    11    24     286    (-,-) 
  u_frontend/u_fetch/fopt6534/Y                              -       A->Y    F     BUFx12f_ASAP7_75t_R          22 19.4    13    18     304    (-,-) 
  u_frontend/u_npc/fopt282669/Y                              -       A->Y    R     INVx6_ASAP7_75t_R            13  8.6    12    10     313    (-,-) 
  u_frontend/u_npc/fopt282657/Y                              -       A->Y    F     INVx3_ASAP7_75t_R             5  2.9     8     7     320    (-,-) 
  u_frontend/u_npc/g277933/Y                                 -       B2->Y   R     AOI22xp33_ASAP7_75t_R         1  0.5    17    11     331    (-,-) 
  u_frontend/u_npc/g277178/Y                                 -       A->Y    F     NAND2xp5_ASAP7_75t_R          1  0.4    10     8     340    (-,-) 
  u_frontend/u_npc/g276696/Y                                 -       A->Y    R     NOR2xp33_ASAP7_75t_R          1  0.6    17    12     352    (-,-) 
  u_frontend/u_npc/g276671/Y                                 -       B->Y    F     NAND2xp5_ASAP7_75t_R          2  1.1    16    13     365    (-,-) 
  u_frontend/u_npc/g276359/Y                                 -       B->Y    R     NOR2xp67_ASAP7_75t_R          1  0.6    13    11     376    (-,-) 
  u_frontend/u_npc/g276254/Y                                 -       B->Y    F     NAND2xp5_ASAP7_75t_R          3  1.5    19    14     389    (-,-) 
  u_frontend/u_npc/g283300/Y                                 -       B->Y    F     AND2x2_ASAP7_75t_R            2  1.1     7    20     410    (-,-) 
  u_frontend/u_npc/g276013/Y                                 -       B->Y    R     NAND2xp5_ASAP7_75t_R          2  1.6    21    13     422    (-,-) 
  u_frontend/u_npc/g275947/Y                                 -       B->Y    F     NOR2x1_ASAP7_75t_R            2  0.9    12    11     433    (-,-) 
  u_frontend/u_npc/g275907/Y                                 -       B->Y    F     AND2x2_ASAP7_75t_R            4  2.4    11    20     453    (-,-) 
  u_frontend/u_npc/g275875/Y                                 -       B->Y    F     AND2x2_ASAP7_75t_R            3  1.7     9    18     472    (-,-) 
  u_frontend/u_npc/g275862/Y                                 -       B->Y    R     NAND2xp5_ASAP7_75t_R          1  1.4    20    12     484    (-,-) 
  u_frontend/u_npc/g275821/Y                                 -       B->Y    F     OAI21x1_ASAP7_75t_R           4  2.1    17    13     497    (-,-) 
  u_frontend/u_npc/g230703/Y                                 -       A1->Y   R     AOI222xp33_ASAP7_75t_R        1  0.6    25    17     514    (-,-) 
  u_frontend/u_npc/g230604/Y                                 -       A->Y    R     AND4x1_ASAP7_75t_R            1  0.6    11    26     541    (-,-) 
  u_frontend/u_npc/g230592/Y                                 -       B->Y    F     NAND2xp5_ASAP7_75t_R          1  1.1    16    11     552    (-,-) 
  u_frontend/u_npc/g230289/Y                                 -       A->Y    R     NOR2x1_ASAP7_75t_R            1  1.4    15    13     565    (-,-) 
  u_frontend/u_npc/g230008/Y                                 -       B->Y    F     OAI21x1_ASAP7_75t_R           5  2.4    17    13     578    (-,-) 
  u_frontend/u_npc/g228456/Y                                 -       B->Y    F     AND2x2_ASAP7_75t_R            2  1.3     8    20     597    (-,-) 
  u_frontend/u_npc/g227426/Y                                 -       B->Y    R     NAND2xp5_ASAP7_75t_R          1  0.6    14     8     606    (-,-) 
  u_frontend/u_npc/g226902/Y                                 -       B->Y    F     OAI21xp5_ASAP7_75t_R          1  0.5    10     8     614    (-,-) 
  u_frontend/u_npc/g226892/Y                                 -       A->Y    F     OR2x2_ASAP7_75t_R             5  4.1    16    26     640    (-,-) 
  u_frontend/u_npc/fopt283166/Y                              -       A->Y    R     INVx3_ASAP7_75t_R             5  3.0    11     9     648    (-,-) 
  u_frontend/u_npc/g226714/Y                                 -       A1->Y   F     OAI21xp5_ASAP7_75t_R          1  0.6    12     9     657    (-,-) 
  u_frontend/u_npc/BRANCH_PREDICTION.ras_stack_q_reg[7][0]/D -       -       F     ASYNC_DFFHx1_ASAP7_75t_R      1    -     -     0     657    (-,-) 
#----------------------------------------------------------------------------------------------------------------------------------------------------



Path 15: VIOLATED (-440 ps) Setup Check with Pin u_frontend/u_npc/BRANCH_PREDICTION.ras_stack_q_reg[5][0]/CLK->D
          Group: clk
     Startpoint: (R) u_frontend/u_decode/genblk1.u_fifo/rd_ptr_q_reg[0]/CLK
          Clock: (R) clk
       Endpoint: (F) u_frontend/u_npc/BRANCH_PREDICTION.ras_stack_q_reg[5][0]/D
          Clock: (R) clk

                     Capture       Launch     
        Clock Edge:+     250            0     
       Src Latency:+       0            0     
       Net Latency:+       0 (I)        0 (I) 
           Arrival:=     250            0     
                                              
             Setup:-       8                  
       Uncertainty:-      25                  
     Required Time:=     218                  
      Launch Clock:-       0                  
         Data Path:-     657                  
             Slack:=    -440                  

#----------------------------------------------------------------------------------------------------------------------------------------------------
#                       Timing Point                         Flags    Arc    Edge           Cell            Fanout Load Trans Delay Arrival Instance 
#                                                                                                                  (fF)  (ps)  (ps)   (ps)  Location 
#----------------------------------------------------------------------------------------------------------------------------------------------------
  u_frontend/u_decode/genblk1.u_fifo/rd_ptr_q_reg[0]/CLK     -       -       R     (arrival)                  5362    -    12     0       0    (-,-) 
  u_frontend/u_decode/genblk1.u_fifo/rd_ptr_q_reg[0]/QN      -       CLK->QN R     ASYNC_DFFHx1_ASAP7_75t_R      1  1.3    18    43      43    (-,-) 
  u_frontend/u_decode/genblk1.u_fifo/fopt275/Y               -       A->Y    R     BUFx6f_ASAP7_75t_R            8 11.6    15    19      62    (-,-) 
  u_frontend/u_decode/genblk1.u_fifo/fopt274/Y               -       A->Y    F     INVx6_ASAP7_75t_R            13  8.9    11     9      72    (-,-) 
  u_frontend/u_decode/genblk1.u_fifo/g6492/Y                 -       B->Y    R     NAND2xp5_ASAP7_75t_R          1  0.6    11     9      81    (-,-) 
  u_frontend/u_decode/genblk1.u_fifo/g6454/Y                 -       B->Y    F     OAI21xp5_ASAP7_75t_R          2  1.3    17    12      92    (-,-) 
  u_issue/g39105/Y                                           -       B->Y    F     XOR2xp5_ASAP7_75t_R           1  1.6    24    22     114    (-,-) 
  u_issue/g38990/Y                                           -       C->Y    R     NOR4xp75_ASAP7_75t_R          1  1.6    31    24     138    (-,-) 
  u_issue/g38985/Y                                           -       A->Y    F     NAND2x1p5_ASAP7_75t_R         1  1.6    14    11     150    (-,-) 
  u_issue/g38979/Y                                           -       B->Y    R     NOR2x1p5_ASAP7_75t_R          3  2.6    18    13     163    (-,-) 
  u_issue/g38978/Y                                           -       A->Y    F     INVx2_ASAP7_75t_R             2  1.7     8     7     170    (-,-) 
  u_issue/g39123/Y                                           -       A->Y    F     OR3x1_ASAP7_75t_R             2  1.5    14    25     195    (-,-) 
  u_issue/g76836/Y                                           -       A1->Y   F     AO31x2_ASAP7_75t_R            4  2.8    10    17     212    (-,-) 
  u_frontend/u_fetch/fopt30/Y                                -       A->Y    F     BUFx6f_ASAP7_75t_R           10  9.3    11    17     229    (-,-) 
  u_frontend/u_fetch/fopt6550/Y                              -       A->Y    F     BUFx3_ASAP7_75t_R             4  2.5     8    15     244    (-,-) 
  u_frontend/u_fetch/fopt6549/Y                              -       A->Y    R     INVx1_ASAP7_75t_R             2  1.2    10     7     252    (-,-) 
  u_frontend/u_fetch/g6231/Y                                 -       B1->Y   F     OAI22xp5_ASAP7_75t_R          2  0.9    14    10     262    (-,-) 
  u_frontend/u_fetch/g6090/Y                                 -       A1->Y   F     AO22x2_ASAP7_75t_R            1  2.6    11    24     286    (-,-) 
  u_frontend/u_fetch/fopt6534/Y                              -       A->Y    F     BUFx12f_ASAP7_75t_R          22 19.4    13    18     304    (-,-) 
  u_frontend/u_npc/fopt282669/Y                              -       A->Y    R     INVx6_ASAP7_75t_R            13  8.6    12    10     313    (-,-) 
  u_frontend/u_npc/fopt282657/Y                              -       A->Y    F     INVx3_ASAP7_75t_R             5  2.9     8     7     320    (-,-) 
  u_frontend/u_npc/g277933/Y                                 -       B2->Y   R     AOI22xp33_ASAP7_75t_R         1  0.5    17    11     331    (-,-) 
  u_frontend/u_npc/g277178/Y                                 -       A->Y    F     NAND2xp5_ASAP7_75t_R          1  0.4    10     8     340    (-,-) 
  u_frontend/u_npc/g276696/Y                                 -       A->Y    R     NOR2xp33_ASAP7_75t_R          1  0.6    17    12     352    (-,-) 
  u_frontend/u_npc/g276671/Y                                 -       B->Y    F     NAND2xp5_ASAP7_75t_R          2  1.1    16    13     365    (-,-) 
  u_frontend/u_npc/g276359/Y                                 -       B->Y    R     NOR2xp67_ASAP7_75t_R          1  0.6    13    11     376    (-,-) 
  u_frontend/u_npc/g276254/Y                                 -       B->Y    F     NAND2xp5_ASAP7_75t_R          3  1.5    19    14     389    (-,-) 
  u_frontend/u_npc/g283300/Y                                 -       B->Y    F     AND2x2_ASAP7_75t_R            2  1.1     7    20     410    (-,-) 
  u_frontend/u_npc/g276013/Y                                 -       B->Y    R     NAND2xp5_ASAP7_75t_R          2  1.6    21    13     422    (-,-) 
  u_frontend/u_npc/g275947/Y                                 -       B->Y    F     NOR2x1_ASAP7_75t_R            2  0.9    12    11     433    (-,-) 
  u_frontend/u_npc/g275907/Y                                 -       B->Y    F     AND2x2_ASAP7_75t_R            4  2.4    11    20     453    (-,-) 
  u_frontend/u_npc/g275875/Y                                 -       B->Y    F     AND2x2_ASAP7_75t_R            3  1.7     9    18     472    (-,-) 
  u_frontend/u_npc/g275862/Y                                 -       B->Y    R     NAND2xp5_ASAP7_75t_R          1  1.4    20    12     484    (-,-) 
  u_frontend/u_npc/g275821/Y                                 -       B->Y    F     OAI21x1_ASAP7_75t_R           4  2.1    17    13     497    (-,-) 
  u_frontend/u_npc/g230703/Y                                 -       A1->Y   R     AOI222xp33_ASAP7_75t_R        1  0.6    25    17     514    (-,-) 
  u_frontend/u_npc/g230604/Y                                 -       A->Y    R     AND4x1_ASAP7_75t_R            1  0.6    11    26     541    (-,-) 
  u_frontend/u_npc/g230592/Y                                 -       B->Y    F     NAND2xp5_ASAP7_75t_R          1  1.1    16    11     552    (-,-) 
  u_frontend/u_npc/g230289/Y                                 -       A->Y    R     NOR2x1_ASAP7_75t_R            1  1.4    15    13     565    (-,-) 
  u_frontend/u_npc/g230008/Y                                 -       B->Y    F     OAI21x1_ASAP7_75t_R           5  2.4    17    13     578    (-,-) 
  u_frontend/u_npc/g228456/Y                                 -       B->Y    F     AND2x2_ASAP7_75t_R            2  1.3     8    20     597    (-,-) 
  u_frontend/u_npc/g227426/Y                                 -       B->Y    R     NAND2xp5_ASAP7_75t_R          1  0.6    14     8     606    (-,-) 
  u_frontend/u_npc/g226902/Y                                 -       B->Y    F     OAI21xp5_ASAP7_75t_R          1  0.5    10     8     614    (-,-) 
  u_frontend/u_npc/g226892/Y                                 -       A->Y    F     OR2x2_ASAP7_75t_R             5  4.1    16    26     640    (-,-) 
  u_frontend/u_npc/fopt283166/Y                              -       A->Y    R     INVx3_ASAP7_75t_R             5  3.0    11     9     648    (-,-) 
  u_frontend/u_npc/g226708/Y                                 -       A1->Y   F     OAI21xp5_ASAP7_75t_R          1  0.6    12     9     657    (-,-) 
  u_frontend/u_npc/BRANCH_PREDICTION.ras_stack_q_reg[5][0]/D -       -       F     ASYNC_DFFHx1_ASAP7_75t_R      1    -     -     0     657    (-,-) 
#----------------------------------------------------------------------------------------------------------------------------------------------------



Path 16: VIOLATED (-440 ps) Setup Check with Pin u_frontend/u_npc/BRANCH_PREDICTION.ras_stack_q_reg[3][0]/CLK->D
          Group: clk
     Startpoint: (R) u_frontend/u_decode/genblk1.u_fifo/rd_ptr_q_reg[0]/CLK
          Clock: (R) clk
       Endpoint: (F) u_frontend/u_npc/BRANCH_PREDICTION.ras_stack_q_reg[3][0]/D
          Clock: (R) clk

                     Capture       Launch     
        Clock Edge:+     250            0     
       Src Latency:+       0            0     
       Net Latency:+       0 (I)        0 (I) 
           Arrival:=     250            0     
                                              
             Setup:-       8                  
       Uncertainty:-      25                  
     Required Time:=     217                  
      Launch Clock:-       0                  
         Data Path:-     657                  
             Slack:=    -440                  

#----------------------------------------------------------------------------------------------------------------------------------------------------
#                       Timing Point                         Flags    Arc    Edge           Cell            Fanout Load Trans Delay Arrival Instance 
#                                                                                                                  (fF)  (ps)  (ps)   (ps)  Location 
#----------------------------------------------------------------------------------------------------------------------------------------------------
  u_frontend/u_decode/genblk1.u_fifo/rd_ptr_q_reg[0]/CLK     -       -       R     (arrival)                  5362    -    12     0       0    (-,-) 
  u_frontend/u_decode/genblk1.u_fifo/rd_ptr_q_reg[0]/QN      -       CLK->QN R     ASYNC_DFFHx1_ASAP7_75t_R      1  1.3    18    43      43    (-,-) 
  u_frontend/u_decode/genblk1.u_fifo/fopt275/Y               -       A->Y    R     BUFx6f_ASAP7_75t_R            8 11.6    15    19      62    (-,-) 
  u_frontend/u_decode/genblk1.u_fifo/fopt274/Y               -       A->Y    F     INVx6_ASAP7_75t_R            13  8.9    11     9      72    (-,-) 
  u_frontend/u_decode/genblk1.u_fifo/g6492/Y                 -       B->Y    R     NAND2xp5_ASAP7_75t_R          1  0.6    11     9      81    (-,-) 
  u_frontend/u_decode/genblk1.u_fifo/g6454/Y                 -       B->Y    F     OAI21xp5_ASAP7_75t_R          2  1.3    17    12      92    (-,-) 
  u_issue/g39105/Y                                           -       B->Y    F     XOR2xp5_ASAP7_75t_R           1  1.6    24    22     114    (-,-) 
  u_issue/g38990/Y                                           -       C->Y    R     NOR4xp75_ASAP7_75t_R          1  1.6    31    24     138    (-,-) 
  u_issue/g38985/Y                                           -       A->Y    F     NAND2x1p5_ASAP7_75t_R         1  1.6    14    11     150    (-,-) 
  u_issue/g38979/Y                                           -       B->Y    R     NOR2x1p5_ASAP7_75t_R          3  2.6    18    13     163    (-,-) 
  u_issue/g38978/Y                                           -       A->Y    F     INVx2_ASAP7_75t_R             2  1.7     8     7     170    (-,-) 
  u_issue/g39123/Y                                           -       A->Y    F     OR3x1_ASAP7_75t_R             2  1.5    14    25     195    (-,-) 
  u_issue/g76836/Y                                           -       A1->Y   F     AO31x2_ASAP7_75t_R            4  2.8    10    17     212    (-,-) 
  u_frontend/u_fetch/fopt30/Y                                -       A->Y    F     BUFx6f_ASAP7_75t_R           10  9.3    11    17     229    (-,-) 
  u_frontend/u_fetch/fopt6550/Y                              -       A->Y    F     BUFx3_ASAP7_75t_R             4  2.5     8    15     244    (-,-) 
  u_frontend/u_fetch/fopt6549/Y                              -       A->Y    R     INVx1_ASAP7_75t_R             2  1.2    10     7     252    (-,-) 
  u_frontend/u_fetch/g6231/Y                                 -       B1->Y   F     OAI22xp5_ASAP7_75t_R          2  0.9    14    10     262    (-,-) 
  u_frontend/u_fetch/g6090/Y                                 -       A1->Y   F     AO22x2_ASAP7_75t_R            1  2.6    11    24     286    (-,-) 
  u_frontend/u_fetch/fopt6534/Y                              -       A->Y    F     BUFx12f_ASAP7_75t_R          22 19.4    13    18     304    (-,-) 
  u_frontend/u_npc/fopt282669/Y                              -       A->Y    R     INVx6_ASAP7_75t_R            13  8.6    12    10     313    (-,-) 
  u_frontend/u_npc/fopt282657/Y                              -       A->Y    F     INVx3_ASAP7_75t_R             5  2.9     8     7     320    (-,-) 
  u_frontend/u_npc/g277933/Y                                 -       B2->Y   R     AOI22xp33_ASAP7_75t_R         1  0.5    17    11     331    (-,-) 
  u_frontend/u_npc/g277178/Y                                 -       A->Y    F     NAND2xp5_ASAP7_75t_R          1  0.4    10     8     340    (-,-) 
  u_frontend/u_npc/g276696/Y                                 -       A->Y    R     NOR2xp33_ASAP7_75t_R          1  0.6    17    12     352    (-,-) 
  u_frontend/u_npc/g276671/Y                                 -       B->Y    F     NAND2xp5_ASAP7_75t_R          2  1.1    16    13     365    (-,-) 
  u_frontend/u_npc/g276359/Y                                 -       B->Y    R     NOR2xp67_ASAP7_75t_R          1  0.6    13    11     376    (-,-) 
  u_frontend/u_npc/g276254/Y                                 -       B->Y    F     NAND2xp5_ASAP7_75t_R          3  1.5    19    14     389    (-,-) 
  u_frontend/u_npc/g283300/Y                                 -       B->Y    F     AND2x2_ASAP7_75t_R            2  1.1     7    20     410    (-,-) 
  u_frontend/u_npc/g276013/Y                                 -       B->Y    R     NAND2xp5_ASAP7_75t_R          2  1.6    21    13     422    (-,-) 
  u_frontend/u_npc/g275947/Y                                 -       B->Y    F     NOR2x1_ASAP7_75t_R            2  0.9    12    11     433    (-,-) 
  u_frontend/u_npc/g275907/Y                                 -       B->Y    F     AND2x2_ASAP7_75t_R            4  2.4    11    20     453    (-,-) 
  u_frontend/u_npc/g275875/Y                                 -       B->Y    F     AND2x2_ASAP7_75t_R            3  1.7     9    18     472    (-,-) 
  u_frontend/u_npc/g275862/Y                                 -       B->Y    R     NAND2xp5_ASAP7_75t_R          1  1.4    20    12     484    (-,-) 
  u_frontend/u_npc/g275821/Y                                 -       B->Y    F     OAI21x1_ASAP7_75t_R           4  2.1    17    13     497    (-,-) 
  u_frontend/u_npc/g230703/Y                                 -       A1->Y   R     AOI222xp33_ASAP7_75t_R        1  0.6    25    17     514    (-,-) 
  u_frontend/u_npc/g230604/Y                                 -       A->Y    R     AND4x1_ASAP7_75t_R            1  0.6    11    26     541    (-,-) 
  u_frontend/u_npc/g230592/Y                                 -       B->Y    F     NAND2xp5_ASAP7_75t_R          1  1.1    16    11     552    (-,-) 
  u_frontend/u_npc/g230289/Y                                 -       A->Y    R     NOR2x1_ASAP7_75t_R            1  1.4    15    13     565    (-,-) 
  u_frontend/u_npc/g230008/Y                                 -       B->Y    F     OAI21x1_ASAP7_75t_R           5  2.4    17    13     578    (-,-) 
  u_frontend/u_npc/g229492/Y                                 -       A->Y    R     INVxp67_ASAP7_75t_R           2  1.1    14    11     589    (-,-) 
  u_frontend/u_npc/g227430/Y                                 -       A2->Y   F     OAI21xp5_ASAP7_75t_R          1  0.6    12     9     598    (-,-) 
  u_frontend/u_npc/g226906/Y                                 -       B->Y    R     AOI21xp5_ASAP7_75t_R          1  0.6    14    11     609    (-,-) 
  u_frontend/u_npc/g226891/Y                                 -       B->Y    R     OA21x2_ASAP7_75t_R            4  3.1    14    21     629    (-,-) 
  u_frontend/u_npc/g226888/Y                                 -       A->Y    F     INVx2_ASAP7_75t_R             2  1.2     6     6     635    (-,-) 
  u_frontend/u_npc/g226850/Y                                 -       B->Y    R     NAND2xp5_ASAP7_75t_R          2  1.0    16    10     645    (-,-) 
  u_frontend/u_npc/g226710/Y                                 -       A1->Y   F     OAI21xp33_ASAP7_75t_R         1  0.6    15    12     657    (-,-) 
  u_frontend/u_npc/BRANCH_PREDICTION.ras_stack_q_reg[3][0]/D -       -       F     ASYNC_DFFHx1_ASAP7_75t_R      1    -     -     0     657    (-,-) 
#----------------------------------------------------------------------------------------------------------------------------------------------------



Path 17: VIOLATED (-440 ps) Setup Check with Pin u_issue/pc_x_q_reg[27]/CLK->D
          Group: clk
     Startpoint: (R) u_frontend/u_decode/genblk1.u_fifo/rd_ptr_q_reg[0]/CLK
          Clock: (R) clk
       Endpoint: (R) u_issue/pc_x_q_reg[27]/D
          Clock: (R) clk

                     Capture       Launch     
        Clock Edge:+     250            0     
       Src Latency:+       0            0     
       Net Latency:+       0 (I)        0 (I) 
           Arrival:=     250            0     
                                              
             Setup:-       9                  
       Uncertainty:-      25                  
     Required Time:=     216                  
      Launch Clock:-       0                  
         Data Path:-     655                  
             Slack:=    -440                  

#------------------------------------------------------------------------------------------------------------------------------------------------
#                     Timing Point                       Flags    Arc    Edge           Cell            Fanout Load Trans Delay Arrival Instance 
#                                                                                                              (fF)  (ps)  (ps)   (ps)  Location 
#------------------------------------------------------------------------------------------------------------------------------------------------
  u_frontend/u_decode/genblk1.u_fifo/rd_ptr_q_reg[0]/CLK -       -       R     (arrival)                  5362    -    12     0       0    (-,-) 
  u_frontend/u_decode/genblk1.u_fifo/rd_ptr_q_reg[0]/QN  -       CLK->QN R     ASYNC_DFFHx1_ASAP7_75t_R      1  1.3    18    43      43    (-,-) 
  u_frontend/u_decode/genblk1.u_fifo/fopt275/Y           -       A->Y    R     BUFx6f_ASAP7_75t_R            8 11.6    15    19      62    (-,-) 
  u_frontend/u_decode/genblk1.u_fifo/fopt274/Y           -       A->Y    F     INVx6_ASAP7_75t_R            13  8.9    11     9      72    (-,-) 
  u_frontend/u_decode/genblk1.u_fifo/g6487/Y             -       B->Y    R     NAND2xp5_ASAP7_75t_R          1  0.6    13     9      81    (-,-) 
  u_frontend/u_decode/genblk1.u_fifo/g6394/Y             -       B->Y    F     OAI21xp5_ASAP7_75t_R          2  1.3    17    12      93    (-,-) 
  u_issue/g39104/Y                                       -       B->Y    F     XOR2xp5_ASAP7_75t_R           1  0.6    16    19     112    (-,-) 
  u_issue/g39000/Y                                       -       B->Y    F     AO21x1_ASAP7_75t_R            1  1.1     9    18     130    (-,-) 
  u_issue/g38988/Y                                       -       A->Y    R     NOR2x1_ASAP7_75t_R            2  1.2    14    11     140    (-,-) 
  u_issue/g38982/Y                                       -       B->Y    F     NAND2xp5_ASAP7_75t_R          1  1.1    17    12     152    (-,-) 
  u_issue/g38981/Y                                       -       B->Y    R     NOR2x1_ASAP7_75t_R            2  1.4    16    13     165    (-,-) 
  u_issue/g38975/Y                                       -       A->Y    R     AND3x4_ASAP7_75t_R            9  6.6    19    29     194    (-,-) 
  u_issue/g37450/Y                                       -       A->Y    F     INVx2_ASAP7_75t_R             2  3.3    12    10     204    (-,-) 
  u_issue/g37449/Y                                       -       A->Y    R     INVx4_ASAP7_75t_R             5  5.5    11     9     213    (-,-) 
  u_issue/g39146/Y                                       -       B->Y    R     AND2x4_ASAP7_75t_R           11  8.3    19    23     236    (-,-) 
  u_issue/g51011/Y                                       -       A->Y    F     INVx4_ASAP7_75t_R             9  6.0    12    10     246    (-,-) 
  u_issue/g50671/Y                                       -       B2->Y   R     AOI22x1_ASAP7_75t_R           1  1.1    17    11     258    (-,-) 
  u_issue/g50612/Y                                       -       B->Y    F     NAND2x1_ASAP7_75t_R           1  1.1    11    10     267    (-,-) 
  u_issue/g50593/Y                                       -       B->Y    R     NOR2x1_ASAP7_75t_R            3  1.6    17    12     279    (-,-) 
  u_issue/g50588/Y                                       -       A->Y    F     INVx1_ASAP7_75t_R             1  0.6     7     7     285    (-,-) 
  u_issue/g50557/Y                                       -       A2->Y   F     OA21x2_ASAP7_75t_R            2  2.6    11    20     305    (-,-) 
  u_issue/g50475/Y                                       -       B->Y    F     AND3x4_ASAP7_75t_R           15  9.2    18    29     334    (-,-) 
  u_issue/g50450/Y                                       -       A->Y    R     INVx5_ASAP7_75t_R            18  9.1    16    12     346    (-,-) 
  u_issue/g50318/Y                                       -       A1->Y   F     OAI22xp33_ASAP7_75t_R         1  0.5    15    12     358    (-,-) 
  u_issue/g50199/Y                                       -       B->Y    R     AOI211xp5_ASAP7_75t_R         1  0.6    26    15     374    (-,-) 
  u_issue/g50115/Y                                       -       B->Y    F     OAI21xp5_ASAP7_75t_R          1  0.5    12    10     384    (-,-) 
  u_issue/g50104/Y                                       -       C->Y    F     AO221x2_ASAP7_75t_R           5  2.9    17    30     414    (-,-) 
  u_exec1/fopt11250/Y                                    -       A->Y    F     BUFx3_ASAP7_75t_R             6  4.3    11    19     433    (-,-) 
  u_exec1/fopt11249/Y                                    -       A->Y    R     INVx1_ASAP7_75t_R             2  1.1    10     8     441    (-,-) 
  u_exec1/fopt11248/Y                                    -       A->Y    F     INVx1_ASAP7_75t_R             3  1.7    11     8     449    (-,-) 
  u_exec1/add_326_51_g1644/Y                             -       B->Y    F     AND2x2_ASAP7_75t_R            2  1.7     9    18     467    (-,-) 
  u_exec1/add_326_51_g1543/Y                             -       A1->Y   R     AOI21x1_ASAP7_75t_R           1  0.6    10     8     475    (-,-) 
  u_exec1/add_326_51_g1526/Y                             -       B->Y    F     OAI21xp5_ASAP7_75t_R          2  1.7    25    13     488    (-,-) 
  u_exec1/add_326_51_g1511/Y                             -       A1->Y   R     AOI21x1_ASAP7_75t_R           3  1.7    18    13     501    (-,-) 
  u_exec1/add_326_51_g1492/Y                             -       A2->Y   R     OA21x2_ASAP7_75t_R            8  5.7    21    26     527    (-,-) 
  u_exec1/add_326_51_g1461/Y                             -       A1->Y   F     O2A1O1Ixp33_ASAP7_75t_R       2  1.0    21    14     541    (-,-) 
  u_exec1/add_326_51_g1445/Y                             -       A1->Y   R     AOI21xp5_ASAP7_75t_R          2  1.3    21    15     556    (-,-) 
  u_exec1/add_326_51_g1444/Y                             -       A->Y    F     INVx1_ASAP7_75t_R             2  1.6    13    11     567    (-,-) 
  u_exec1/add_326_51_g1427/Y                             -       A2->Y   R     A2O1A1Ixp33_ASAP7_75t_R       1  0.6    15    13     580    (-,-) 
  u_exec1/add_326_51_g1425/Y                             -       B->Y    F     OAI21xp5_ASAP7_75t_R          1  0.6    13     9     589    (-,-) 
  u_exec1/g10823/Y                                       -       A2->Y   F     AO21x1_ASAP7_75t_R            1  0.7     8    16     605    (-,-) 
  u_issue/g42143/Y                                       -       A->Y    R     INVx1_ASAP7_75t_R             1  0.6     6     6     611    (-,-) 
  u_issue/g41988/Y                                       -       A1->Y   F     OAI21xp5_ASAP7_75t_R          1  0.5    11     7     618    (-,-) 
  u_issue/g41928/Y                                       -       B->Y    R     AOI21xp33_ASAP7_75t_R         1  0.6    17    13     630    (-,-) 
  u_issue/g41879/Y                                       -       B->Y    F     OAI21xp5_ASAP7_75t_R          1  0.5    13     9     640    (-,-) 
  u_issue/g41739/Y                                       -       C->Y    R     AOI221xp5_ASAP7_75t_R         1  0.6    24    16     655    (-,-) 
  u_issue/pc_x_q_reg[27]/D                               -       -       R     ASYNC_DFFHx1_ASAP7_75t_R      1    -     -     0     655    (-,-) 
#------------------------------------------------------------------------------------------------------------------------------------------------



Path 18: VIOLATED (-440 ps) Setup Check with Pin u_issue/pc_x_q_reg[24]/CLK->D
          Group: clk
     Startpoint: (R) u_frontend/u_decode/genblk1.u_fifo/rd_ptr_q_reg[0]/CLK
          Clock: (R) clk
       Endpoint: (F) u_issue/pc_x_q_reg[24]/D
          Clock: (R) clk

                     Capture       Launch     
        Clock Edge:+     250            0     
       Src Latency:+       0            0     
       Net Latency:+       0 (I)        0 (I) 
           Arrival:=     250            0     
                                              
             Setup:-      10                  
       Uncertainty:-      25                  
     Required Time:=     215                  
      Launch Clock:-       0                  
         Data Path:-     655                  
             Slack:=    -440                  

#------------------------------------------------------------------------------------------------------------------------------------------------
#                     Timing Point                       Flags    Arc    Edge           Cell            Fanout Load Trans Delay Arrival Instance 
#                                                                                                              (fF)  (ps)  (ps)   (ps)  Location 
#------------------------------------------------------------------------------------------------------------------------------------------------
  u_frontend/u_decode/genblk1.u_fifo/rd_ptr_q_reg[0]/CLK -       -       R     (arrival)                  5362    -    12     0       0    (-,-) 
  u_frontend/u_decode/genblk1.u_fifo/rd_ptr_q_reg[0]/QN  -       CLK->QN R     ASYNC_DFFHx1_ASAP7_75t_R      1  1.3    18    43      43    (-,-) 
  u_frontend/u_decode/genblk1.u_fifo/fopt275/Y           -       A->Y    R     BUFx6f_ASAP7_75t_R            8 11.6    15    19      62    (-,-) 
  u_frontend/u_decode/genblk1.u_fifo/fopt274/Y           -       A->Y    F     INVx6_ASAP7_75t_R            13  8.9    11     9      72    (-,-) 
  u_frontend/u_decode/genblk1.u_fifo/g6487/Y             -       B->Y    R     NAND2xp5_ASAP7_75t_R          1  0.6    13     9      81    (-,-) 
  u_frontend/u_decode/genblk1.u_fifo/g6394/Y             -       B->Y    F     OAI21xp5_ASAP7_75t_R          2  1.3    17    12      93    (-,-) 
  u_issue/g39104/Y                                       -       B->Y    F     XOR2xp5_ASAP7_75t_R           1  0.6    16    19     112    (-,-) 
  u_issue/g39000/Y                                       -       B->Y    F     AO21x1_ASAP7_75t_R            1  1.1     9    18     130    (-,-) 
  u_issue/g38988/Y                                       -       A->Y    R     NOR2x1_ASAP7_75t_R            2  1.2    14    11     140    (-,-) 
  u_issue/g38982/Y                                       -       B->Y    F     NAND2xp5_ASAP7_75t_R          1  1.1    17    12     152    (-,-) 
  u_issue/g38981/Y                                       -       B->Y    R     NOR2x1_ASAP7_75t_R            2  1.4    16    13     165    (-,-) 
  u_issue/g38975/Y                                       -       A->Y    R     AND3x4_ASAP7_75t_R            9  6.6    19    29     194    (-,-) 
  u_issue/g38974/Y                                       -       A->Y    R     BUFx6f_ASAP7_75t_R           11  9.3    13    18     212    (-,-) 
  u_issue/g38972/Y                                       -       A->Y    R     AND2x4_ASAP7_75t_R            6  4.5    12    20     232    (-,-) 
  u_issue/fopt78294/Y                                    -       A->Y    F     INVx1_ASAP7_75t_R             6  3.2    18    13     245    (-,-) 
  u_issue/g50749/Y                                       -       A->Y    R     NAND2xp5_ASAP7_75t_R          2  1.1    18    15     260    (-,-) 
  u_issue/g50609/Y                                       -       A->Y    F     NOR3xp33_ASAP7_75t_R          1  0.6    13    10     270    (-,-) 
  u_issue/g50562/Y                                       -       B->Y    R     AOI21xp5_ASAP7_75t_R          1  0.6    14    11     281    (-,-) 
  u_issue/g50534/Y                                       -       D->Y    R     AND4x2_ASAP7_75t_R            4  3.1    20    36     317    (-,-) 
  u_issue/g50446/Y                                       -       B->Y    R     OA211x2_ASAP7_75t_R           3  3.3    16    27     344    (-,-) 
  u_issue/g50386/Y                                       -       B->Y    R     AND2x6_ASAP7_75t_R           23 16.8    25    31     375    (-,-) 
  u_issue/g50309/Y                                       -       B2->Y   F     AOI22xp33_ASAP7_75t_R         1  0.6    34    13     388    (-,-) 
  u_issue/g50163/Y                                       -       B->Y    R     NAND2xp5_ASAP7_75t_R          2  1.6    25    22     410    (-,-) 
  u_exec1/fopt11150/Y                                    -       A->Y    F     INVx2_ASAP7_75t_R             5  2.7    12    10     420    (-,-) 
  u_exec1/fopt11147/Y                                    -       A->Y    R     INVx1_ASAP7_75t_R             5  2.8    19    13     433    (-,-) 
  u_exec1/greater_than_signed_350_25:sub_285_12_g1375/Y  -       A1->Y   F     AOI211xp5_ASAP7_75t_R         1  1.1    22    15     448    (-,-) 
  u_exec1/greater_than_signed_350_25:sub_285_12_g1342/Y  -       C->Y    R     AOI211x1_ASAP7_75t_R          1  0.6    16    12     460    (-,-) 
  u_exec1/greater_than_signed_350_25:sub_285_12_g1330/Y  -       A2->Y   F     OAI21xp5_ASAP7_75t_R          1  0.5    13     9     469    (-,-) 
  u_exec1/greater_than_signed_350_25:sub_285_12_g1326/Y  -       A1->Y   R     AOI211xp5_ASAP7_75t_R         1  1.0    28    17     486    (-,-) 
  u_exec1/g11289/Y                                       -       A1->Y   F     O2A1O1Ixp5_ASAP7_75t_R        1  1.0    18    15     501    (-,-) 
  u_exec1/greater_than_signed_350_25:sub_285_12_g1323/Y  -       B->Y    F     XNOR2xp5_ASAP7_75t_R          1  0.6    15    20     522    (-,-) 
  u_exec1/g10680/Y                                       -       A2->Y   F     AO21x1_ASAP7_75t_R            2  1.0     9    17     539    (-,-) 
  u_exec1/g10672/Y                                       -       B->Y    R     NAND3xp33_ASAP7_75t_R         1  0.7    17    10     549    (-,-) 
  u_exec1/g5994/Y                                        -       A->Y    F     INVx1_ASAP7_75t_R             3  2.0    14    11     560    (-,-) 
  u_issue/g42039/Y                                       -       B->Y    R     NOR2x1_ASAP7_75t_R            2  1.7    17    13     572    (-,-) 
  u_issue/g42028/Y                                       -       B->Y    R     AND2x4_ASAP7_75t_R            5  4.4    12    21     594    (-,-) 
  u_issue/g41997/Y                                       -       B->Y    F     NAND2x1p5_ASAP7_75t_R         4  2.9    16    11     605    (-,-) 
  u_issue/g41947/Y                                       -       A->Y    F     OR2x6_ASAP7_75t_R             2  6.2    13    27     632    (-,-) 
  u_issue/g41919/Y                                       -       A->Y    R     INVx8_ASAP7_75t_R            25 15.0    15    11     643    (-,-) 
  u_issue/g41752/Y                                       -       B1->Y   F     AOI221xp5_ASAP7_75t_R         1  0.6    26    12     655    (-,-) 
  u_issue/pc_x_q_reg[24]/D                               -       -       F     ASYNC_DFFHx1_ASAP7_75t_R      1    -     -     0     655    (-,-) 
#------------------------------------------------------------------------------------------------------------------------------------------------



Path 19: VIOLATED (-440 ps) Setup Check with Pin u_issue/pc_x_q_reg[23]/CLK->D
          Group: clk
     Startpoint: (R) u_frontend/u_decode/genblk1.u_fifo/rd_ptr_q_reg[0]/CLK
          Clock: (R) clk
       Endpoint: (F) u_issue/pc_x_q_reg[23]/D
          Clock: (R) clk

                     Capture       Launch     
        Clock Edge:+     250            0     
       Src Latency:+       0            0     
       Net Latency:+       0 (I)        0 (I) 
           Arrival:=     250            0     
                                              
             Setup:-      10                  
       Uncertainty:-      25                  
     Required Time:=     215                  
      Launch Clock:-       0                  
         Data Path:-     655                  
             Slack:=    -440                  

#------------------------------------------------------------------------------------------------------------------------------------------------
#                     Timing Point                       Flags    Arc    Edge           Cell            Fanout Load Trans Delay Arrival Instance 
#                                                                                                              (fF)  (ps)  (ps)   (ps)  Location 
#------------------------------------------------------------------------------------------------------------------------------------------------
  u_frontend/u_decode/genblk1.u_fifo/rd_ptr_q_reg[0]/CLK -       -       R     (arrival)                  5362    -    12     0       0    (-,-) 
  u_frontend/u_decode/genblk1.u_fifo/rd_ptr_q_reg[0]/QN  -       CLK->QN R     ASYNC_DFFHx1_ASAP7_75t_R      1  1.3    18    43      43    (-,-) 
  u_frontend/u_decode/genblk1.u_fifo/fopt275/Y           -       A->Y    R     BUFx6f_ASAP7_75t_R            8 11.6    15    19      62    (-,-) 
  u_frontend/u_decode/genblk1.u_fifo/fopt274/Y           -       A->Y    F     INVx6_ASAP7_75t_R            13  8.9    11     9      72    (-,-) 
  u_frontend/u_decode/genblk1.u_fifo/g6487/Y             -       B->Y    R     NAND2xp5_ASAP7_75t_R          1  0.6    13     9      81    (-,-) 
  u_frontend/u_decode/genblk1.u_fifo/g6394/Y             -       B->Y    F     OAI21xp5_ASAP7_75t_R          2  1.3    17    12      93    (-,-) 
  u_issue/g39104/Y                                       -       B->Y    F     XOR2xp5_ASAP7_75t_R           1  0.6    16    19     112    (-,-) 
  u_issue/g39000/Y                                       -       B->Y    F     AO21x1_ASAP7_75t_R            1  1.1     9    18     130    (-,-) 
  u_issue/g38988/Y                                       -       A->Y    R     NOR2x1_ASAP7_75t_R            2  1.2    14    11     140    (-,-) 
  u_issue/g38982/Y                                       -       B->Y    F     NAND2xp5_ASAP7_75t_R          1  1.1    17    12     152    (-,-) 
  u_issue/g38981/Y                                       -       B->Y    R     NOR2x1_ASAP7_75t_R            2  1.4    16    13     165    (-,-) 
  u_issue/g38975/Y                                       -       A->Y    R     AND3x4_ASAP7_75t_R            9  6.6    19    29     194    (-,-) 
  u_issue/g38974/Y                                       -       A->Y    R     BUFx6f_ASAP7_75t_R           11  9.3    13    18     212    (-,-) 
  u_issue/g38972/Y                                       -       A->Y    R     AND2x4_ASAP7_75t_R            6  4.5    12    20     232    (-,-) 
  u_issue/fopt78294/Y                                    -       A->Y    F     INVx1_ASAP7_75t_R             6  3.2    18    13     245    (-,-) 
  u_issue/g50749/Y                                       -       A->Y    R     NAND2xp5_ASAP7_75t_R          2  1.1    18    15     260    (-,-) 
  u_issue/g50609/Y                                       -       A->Y    F     NOR3xp33_ASAP7_75t_R          1  0.6    13    10     270    (-,-) 
  u_issue/g50562/Y                                       -       B->Y    R     AOI21xp5_ASAP7_75t_R          1  0.6    14    11     281    (-,-) 
  u_issue/g50534/Y                                       -       D->Y    R     AND4x2_ASAP7_75t_R            4  3.1    20    36     317    (-,-) 
  u_issue/g50446/Y                                       -       B->Y    R     OA211x2_ASAP7_75t_R           3  3.3    16    27     344    (-,-) 
  u_issue/g50386/Y                                       -       B->Y    R     AND2x6_ASAP7_75t_R           23 16.8    25    31     375    (-,-) 
  u_issue/g50309/Y                                       -       B2->Y   F     AOI22xp33_ASAP7_75t_R         1  0.6    34    13     388    (-,-) 
  u_issue/g50163/Y                                       -       B->Y    R     NAND2xp5_ASAP7_75t_R          2  1.6    25    22     410    (-,-) 
  u_exec1/fopt11150/Y                                    -       A->Y    F     INVx2_ASAP7_75t_R             5  2.7    12    10     420    (-,-) 
  u_exec1/fopt11147/Y                                    -       A->Y    R     INVx1_ASAP7_75t_R             5  2.8    19    13     433    (-,-) 
  u_exec1/greater_than_signed_350_25:sub_285_12_g1375/Y  -       A1->Y   F     AOI211xp5_ASAP7_75t_R         1  1.1    22    15     448    (-,-) 
  u_exec1/greater_than_signed_350_25:sub_285_12_g1342/Y  -       C->Y    R     AOI211x1_ASAP7_75t_R          1  0.6    16    12     460    (-,-) 
  u_exec1/greater_than_signed_350_25:sub_285_12_g1330/Y  -       A2->Y   F     OAI21xp5_ASAP7_75t_R          1  0.5    13     9     469    (-,-) 
  u_exec1/greater_than_signed_350_25:sub_285_12_g1326/Y  -       A1->Y   R     AOI211xp5_ASAP7_75t_R         1  1.0    28    17     486    (-,-) 
  u_exec1/g11289/Y                                       -       A1->Y   F     O2A1O1Ixp5_ASAP7_75t_R        1  1.0    18    15     501    (-,-) 
  u_exec1/greater_than_signed_350_25:sub_285_12_g1323/Y  -       B->Y    F     XNOR2xp5_ASAP7_75t_R          1  0.6    15    20     522    (-,-) 
  u_exec1/g10680/Y                                       -       A2->Y   F     AO21x1_ASAP7_75t_R            2  1.0     9    17     539    (-,-) 
  u_exec1/g10672/Y                                       -       B->Y    R     NAND3xp33_ASAP7_75t_R         1  0.7    17    10     549    (-,-) 
  u_exec1/g5994/Y                                        -       A->Y    F     INVx1_ASAP7_75t_R             3  2.0    14    11     560    (-,-) 
  u_issue/g42039/Y                                       -       B->Y    R     NOR2x1_ASAP7_75t_R            2  1.7    17    13     572    (-,-) 
  u_issue/g42028/Y                                       -       B->Y    R     AND2x4_ASAP7_75t_R            5  4.4    12    21     594    (-,-) 
  u_issue/g41997/Y                                       -       B->Y    F     NAND2x1p5_ASAP7_75t_R         4  2.9    16    11     605    (-,-) 
  u_issue/g41947/Y                                       -       A->Y    F     OR2x6_ASAP7_75t_R             2  6.2    13    27     632    (-,-) 
  u_issue/g41919/Y                                       -       A->Y    R     INVx8_ASAP7_75t_R            25 15.0    15    11     643    (-,-) 
  u_issue/g41758/Y                                       -       B1->Y   F     AOI221xp5_ASAP7_75t_R         1  0.6    26    12     655    (-,-) 
  u_issue/pc_x_q_reg[23]/D                               -       -       F     ASYNC_DFFHx1_ASAP7_75t_R      1    -     -     0     655    (-,-) 
#------------------------------------------------------------------------------------------------------------------------------------------------



Path 20: VIOLATED (-440 ps) Setup Check with Pin u_issue/pc_x_q_reg[21]/CLK->D
          Group: clk
     Startpoint: (R) u_frontend/u_decode/genblk1.u_fifo/rd_ptr_q_reg[0]/CLK
          Clock: (R) clk
       Endpoint: (F) u_issue/pc_x_q_reg[21]/D
          Clock: (R) clk

                     Capture       Launch     
        Clock Edge:+     250            0     
       Src Latency:+       0            0     
       Net Latency:+       0 (I)        0 (I) 
           Arrival:=     250            0     
                                              
             Setup:-      10                  
       Uncertainty:-      25                  
     Required Time:=     215                  
      Launch Clock:-       0                  
         Data Path:-     655                  
             Slack:=    -440                  

#------------------------------------------------------------------------------------------------------------------------------------------------
#                     Timing Point                       Flags    Arc    Edge           Cell            Fanout Load Trans Delay Arrival Instance 
#                                                                                                              (fF)  (ps)  (ps)   (ps)  Location 
#------------------------------------------------------------------------------------------------------------------------------------------------
  u_frontend/u_decode/genblk1.u_fifo/rd_ptr_q_reg[0]/CLK -       -       R     (arrival)                  5362    -    12     0       0    (-,-) 
  u_frontend/u_decode/genblk1.u_fifo/rd_ptr_q_reg[0]/QN  -       CLK->QN R     ASYNC_DFFHx1_ASAP7_75t_R      1  1.3    18    43      43    (-,-) 
  u_frontend/u_decode/genblk1.u_fifo/fopt275/Y           -       A->Y    R     BUFx6f_ASAP7_75t_R            8 11.6    15    19      62    (-,-) 
  u_frontend/u_decode/genblk1.u_fifo/fopt274/Y           -       A->Y    F     INVx6_ASAP7_75t_R            13  8.9    11     9      72    (-,-) 
  u_frontend/u_decode/genblk1.u_fifo/g6487/Y             -       B->Y    R     NAND2xp5_ASAP7_75t_R          1  0.6    13     9      81    (-,-) 
  u_frontend/u_decode/genblk1.u_fifo/g6394/Y             -       B->Y    F     OAI21xp5_ASAP7_75t_R          2  1.3    17    12      93    (-,-) 
  u_issue/g39104/Y                                       -       B->Y    F     XOR2xp5_ASAP7_75t_R           1  0.6    16    19     112    (-,-) 
  u_issue/g39000/Y                                       -       B->Y    F     AO21x1_ASAP7_75t_R            1  1.1     9    18     130    (-,-) 
  u_issue/g38988/Y                                       -       A->Y    R     NOR2x1_ASAP7_75t_R            2  1.2    14    11     140    (-,-) 
  u_issue/g38982/Y                                       -       B->Y    F     NAND2xp5_ASAP7_75t_R          1  1.1    17    12     152    (-,-) 
  u_issue/g38981/Y                                       -       B->Y    R     NOR2x1_ASAP7_75t_R            2  1.4    16    13     165    (-,-) 
  u_issue/g38975/Y                                       -       A->Y    R     AND3x4_ASAP7_75t_R            9  6.6    19    29     194    (-,-) 
  u_issue/g38974/Y                                       -       A->Y    R     BUFx6f_ASAP7_75t_R           11  9.3    13    18     212    (-,-) 
  u_issue/g38972/Y                                       -       A->Y    R     AND2x4_ASAP7_75t_R            6  4.5    12    20     232    (-,-) 
  u_issue/fopt78294/Y                                    -       A->Y    F     INVx1_ASAP7_75t_R             6  3.2    18    13     245    (-,-) 
  u_issue/g50749/Y                                       -       A->Y    R     NAND2xp5_ASAP7_75t_R          2  1.1    18    15     260    (-,-) 
  u_issue/g50609/Y                                       -       A->Y    F     NOR3xp33_ASAP7_75t_R          1  0.6    13    10     270    (-,-) 
  u_issue/g50562/Y                                       -       B->Y    R     AOI21xp5_ASAP7_75t_R          1  0.6    14    11     281    (-,-) 
  u_issue/g50534/Y                                       -       D->Y    R     AND4x2_ASAP7_75t_R            4  3.1    20    36     317    (-,-) 
  u_issue/g50446/Y                                       -       B->Y    R     OA211x2_ASAP7_75t_R           3  3.3    16    27     344    (-,-) 
  u_issue/g50386/Y                                       -       B->Y    R     AND2x6_ASAP7_75t_R           23 16.8    25    31     375    (-,-) 
  u_issue/g50309/Y                                       -       B2->Y   F     AOI22xp33_ASAP7_75t_R         1  0.6    34    13     388    (-,-) 
  u_issue/g50163/Y                                       -       B->Y    R     NAND2xp5_ASAP7_75t_R          2  1.6    25    22     410    (-,-) 
  u_exec1/fopt11150/Y                                    -       A->Y    F     INVx2_ASAP7_75t_R             5  2.7    12    10     420    (-,-) 
  u_exec1/fopt11147/Y                                    -       A->Y    R     INVx1_ASAP7_75t_R             5  2.8    19    13     433    (-,-) 
  u_exec1/greater_than_signed_350_25:sub_285_12_g1375/Y  -       A1->Y   F     AOI211xp5_ASAP7_75t_R         1  1.1    22    15     448    (-,-) 
  u_exec1/greater_than_signed_350_25:sub_285_12_g1342/Y  -       C->Y    R     AOI211x1_ASAP7_75t_R          1  0.6    16    12     460    (-,-) 
  u_exec1/greater_than_signed_350_25:sub_285_12_g1330/Y  -       A2->Y   F     OAI21xp5_ASAP7_75t_R          1  0.5    13     9     469    (-,-) 
  u_exec1/greater_than_signed_350_25:sub_285_12_g1326/Y  -       A1->Y   R     AOI211xp5_ASAP7_75t_R         1  1.0    28    17     486    (-,-) 
  u_exec1/g11289/Y                                       -       A1->Y   F     O2A1O1Ixp5_ASAP7_75t_R        1  1.0    18    15     501    (-,-) 
  u_exec1/greater_than_signed_350_25:sub_285_12_g1323/Y  -       B->Y    F     XNOR2xp5_ASAP7_75t_R          1  0.6    15    20     522    (-,-) 
  u_exec1/g10680/Y                                       -       A2->Y   F     AO21x1_ASAP7_75t_R            2  1.0     9    17     539    (-,-) 
  u_exec1/g10672/Y                                       -       B->Y    R     NAND3xp33_ASAP7_75t_R         1  0.7    17    10     549    (-,-) 
  u_exec1/g5994/Y                                        -       A->Y    F     INVx1_ASAP7_75t_R             3  2.0    14    11     560    (-,-) 
  u_issue/g42039/Y                                       -       B->Y    R     NOR2x1_ASAP7_75t_R            2  1.7    17    13     572    (-,-) 
  u_issue/g42028/Y                                       -       B->Y    R     AND2x4_ASAP7_75t_R            5  4.4    12    21     594    (-,-) 
  u_issue/g41997/Y                                       -       B->Y    F     NAND2x1p5_ASAP7_75t_R         4  2.9    16    11     605    (-,-) 
  u_issue/g41947/Y                                       -       A->Y    F     OR2x6_ASAP7_75t_R             2  6.2    13    27     632    (-,-) 
  u_issue/g41919/Y                                       -       A->Y    R     INVx8_ASAP7_75t_R            25 15.0    15    11     643    (-,-) 
  u_issue/g41770/Y                                       -       B1->Y   F     AOI221xp5_ASAP7_75t_R         1  0.6    25    12     655    (-,-) 
  u_issue/pc_x_q_reg[21]/D                               -       -       F     ASYNC_DFFHx1_ASAP7_75t_R      1    -     -     0     655    (-,-) 
#------------------------------------------------------------------------------------------------------------------------------------------------



Path 21: VIOLATED (-440 ps) Setup Check with Pin u_issue/pc_x_q_reg[17]/CLK->D
          Group: clk
     Startpoint: (R) u_frontend/u_decode/genblk1.u_fifo/rd_ptr_q_reg[0]/CLK
          Clock: (R) clk
       Endpoint: (F) u_issue/pc_x_q_reg[17]/D
          Clock: (R) clk

                     Capture       Launch     
        Clock Edge:+     250            0     
       Src Latency:+       0            0     
       Net Latency:+       0 (I)        0 (I) 
           Arrival:=     250            0     
                                              
             Setup:-      10                  
       Uncertainty:-      25                  
     Required Time:=     215                  
      Launch Clock:-       0                  
         Data Path:-     655                  
             Slack:=    -440                  

#------------------------------------------------------------------------------------------------------------------------------------------------
#                     Timing Point                       Flags    Arc    Edge           Cell            Fanout Load Trans Delay Arrival Instance 
#                                                                                                              (fF)  (ps)  (ps)   (ps)  Location 
#------------------------------------------------------------------------------------------------------------------------------------------------
  u_frontend/u_decode/genblk1.u_fifo/rd_ptr_q_reg[0]/CLK -       -       R     (arrival)                  5362    -    12     0       0    (-,-) 
  u_frontend/u_decode/genblk1.u_fifo/rd_ptr_q_reg[0]/QN  -       CLK->QN R     ASYNC_DFFHx1_ASAP7_75t_R      1  1.3    18    43      43    (-,-) 
  u_frontend/u_decode/genblk1.u_fifo/fopt275/Y           -       A->Y    R     BUFx6f_ASAP7_75t_R            8 11.6    15    19      62    (-,-) 
  u_frontend/u_decode/genblk1.u_fifo/fopt274/Y           -       A->Y    F     INVx6_ASAP7_75t_R            13  8.9    11     9      72    (-,-) 
  u_frontend/u_decode/genblk1.u_fifo/g6487/Y             -       B->Y    R     NAND2xp5_ASAP7_75t_R          1  0.6    13     9      81    (-,-) 
  u_frontend/u_decode/genblk1.u_fifo/g6394/Y             -       B->Y    F     OAI21xp5_ASAP7_75t_R          2  1.3    17    12      93    (-,-) 
  u_issue/g39104/Y                                       -       B->Y    F     XOR2xp5_ASAP7_75t_R           1  0.6    16    19     112    (-,-) 
  u_issue/g39000/Y                                       -       B->Y    F     AO21x1_ASAP7_75t_R            1  1.1     9    18     130    (-,-) 
  u_issue/g38988/Y                                       -       A->Y    R     NOR2x1_ASAP7_75t_R            2  1.2    14    11     140    (-,-) 
  u_issue/g38982/Y                                       -       B->Y    F     NAND2xp5_ASAP7_75t_R          1  1.1    17    12     152    (-,-) 
  u_issue/g38981/Y                                       -       B->Y    R     NOR2x1_ASAP7_75t_R            2  1.4    16    13     165    (-,-) 
  u_issue/g38975/Y                                       -       A->Y    R     AND3x4_ASAP7_75t_R            9  6.6    19    29     194    (-,-) 
  u_issue/g38974/Y                                       -       A->Y    R     BUFx6f_ASAP7_75t_R           11  9.3    13    18     212    (-,-) 
  u_issue/g38972/Y                                       -       A->Y    R     AND2x4_ASAP7_75t_R            6  4.5    12    20     232    (-,-) 
  u_issue/fopt78294/Y                                    -       A->Y    F     INVx1_ASAP7_75t_R             6  3.2    18    13     245    (-,-) 
  u_issue/g50749/Y                                       -       A->Y    R     NAND2xp5_ASAP7_75t_R          2  1.1    18    15     260    (-,-) 
  u_issue/g50609/Y                                       -       A->Y    F     NOR3xp33_ASAP7_75t_R          1  0.6    13    10     270    (-,-) 
  u_issue/g50562/Y                                       -       B->Y    R     AOI21xp5_ASAP7_75t_R          1  0.6    14    11     281    (-,-) 
  u_issue/g50534/Y                                       -       D->Y    R     AND4x2_ASAP7_75t_R            4  3.1    20    36     317    (-,-) 
  u_issue/g50446/Y                                       -       B->Y    R     OA211x2_ASAP7_75t_R           3  3.3    16    27     344    (-,-) 
  u_issue/g50386/Y                                       -       B->Y    R     AND2x6_ASAP7_75t_R           23 16.8    25    31     375    (-,-) 
  u_issue/g50309/Y                                       -       B2->Y   F     AOI22xp33_ASAP7_75t_R         1  0.6    34    13     388    (-,-) 
  u_issue/g50163/Y                                       -       B->Y    R     NAND2xp5_ASAP7_75t_R          2  1.6    25    22     410    (-,-) 
  u_exec1/fopt11150/Y                                    -       A->Y    F     INVx2_ASAP7_75t_R             5  2.7    12    10     420    (-,-) 
  u_exec1/fopt11147/Y                                    -       A->Y    R     INVx1_ASAP7_75t_R             5  2.8    19    13     433    (-,-) 
  u_exec1/greater_than_signed_350_25:sub_285_12_g1375/Y  -       A1->Y   F     AOI211xp5_ASAP7_75t_R         1  1.1    22    15     448    (-,-) 
  u_exec1/greater_than_signed_350_25:sub_285_12_g1342/Y  -       C->Y    R     AOI211x1_ASAP7_75t_R          1  0.6    16    12     460    (-,-) 
  u_exec1/greater_than_signed_350_25:sub_285_12_g1330/Y  -       A2->Y   F     OAI21xp5_ASAP7_75t_R          1  0.5    13     9     469    (-,-) 
  u_exec1/greater_than_signed_350_25:sub_285_12_g1326/Y  -       A1->Y   R     AOI211xp5_ASAP7_75t_R         1  1.0    28    17     486    (-,-) 
  u_exec1/g11289/Y                                       -       A1->Y   F     O2A1O1Ixp5_ASAP7_75t_R        1  1.0    18    15     501    (-,-) 
  u_exec1/greater_than_signed_350_25:sub_285_12_g1323/Y  -       B->Y    F     XNOR2xp5_ASAP7_75t_R          1  0.6    15    20     522    (-,-) 
  u_exec1/g10680/Y                                       -       A2->Y   F     AO21x1_ASAP7_75t_R            2  1.0     9    17     539    (-,-) 
  u_exec1/g10672/Y                                       -       B->Y    R     NAND3xp33_ASAP7_75t_R         1  0.7    17    10     549    (-,-) 
  u_exec1/g5994/Y                                        -       A->Y    F     INVx1_ASAP7_75t_R             3  2.0    14    11     560    (-,-) 
  u_issue/g42039/Y                                       -       B->Y    R     NOR2x1_ASAP7_75t_R            2  1.7    17    13     572    (-,-) 
  u_issue/g42028/Y                                       -       B->Y    R     AND2x4_ASAP7_75t_R            5  4.4    12    21     594    (-,-) 
  u_issue/g41997/Y                                       -       B->Y    F     NAND2x1p5_ASAP7_75t_R         4  2.9    16    11     605    (-,-) 
  u_issue/g41947/Y                                       -       A->Y    F     OR2x6_ASAP7_75t_R             2  6.2    13    27     632    (-,-) 
  u_issue/g41919/Y                                       -       A->Y    R     INVx8_ASAP7_75t_R            25 15.0    15    11     643    (-,-) 
  u_issue/g41794/Y                                       -       B1->Y   F     AOI221xp5_ASAP7_75t_R         1  0.6    25    12     655    (-,-) 
  u_issue/pc_x_q_reg[17]/D                               -       -       F     ASYNC_DFFHx1_ASAP7_75t_R      1    -     -     0     655    (-,-) 
#------------------------------------------------------------------------------------------------------------------------------------------------



Path 22: VIOLATED (-440 ps) Setup Check with Pin u_issue/pc_x_q_reg[15]/CLK->D
          Group: clk
     Startpoint: (R) u_frontend/u_decode/genblk1.u_fifo/rd_ptr_q_reg[0]/CLK
          Clock: (R) clk
       Endpoint: (F) u_issue/pc_x_q_reg[15]/D
          Clock: (R) clk

                     Capture       Launch     
        Clock Edge:+     250            0     
       Src Latency:+       0            0     
       Net Latency:+       0 (I)        0 (I) 
           Arrival:=     250            0     
                                              
             Setup:-      10                  
       Uncertainty:-      25                  
     Required Time:=     215                  
      Launch Clock:-       0                  
         Data Path:-     655                  
             Slack:=    -440                  

#------------------------------------------------------------------------------------------------------------------------------------------------
#                     Timing Point                       Flags    Arc    Edge           Cell            Fanout Load Trans Delay Arrival Instance 
#                                                                                                              (fF)  (ps)  (ps)   (ps)  Location 
#------------------------------------------------------------------------------------------------------------------------------------------------
  u_frontend/u_decode/genblk1.u_fifo/rd_ptr_q_reg[0]/CLK -       -       R     (arrival)                  5362    -    12     0       0    (-,-) 
  u_frontend/u_decode/genblk1.u_fifo/rd_ptr_q_reg[0]/QN  -       CLK->QN R     ASYNC_DFFHx1_ASAP7_75t_R      1  1.3    18    43      43    (-,-) 
  u_frontend/u_decode/genblk1.u_fifo/fopt275/Y           -       A->Y    R     BUFx6f_ASAP7_75t_R            8 11.6    15    19      62    (-,-) 
  u_frontend/u_decode/genblk1.u_fifo/fopt274/Y           -       A->Y    F     INVx6_ASAP7_75t_R            13  8.9    11     9      72    (-,-) 
  u_frontend/u_decode/genblk1.u_fifo/g6487/Y             -       B->Y    R     NAND2xp5_ASAP7_75t_R          1  0.6    13     9      81    (-,-) 
  u_frontend/u_decode/genblk1.u_fifo/g6394/Y             -       B->Y    F     OAI21xp5_ASAP7_75t_R          2  1.3    17    12      93    (-,-) 
  u_issue/g39104/Y                                       -       B->Y    F     XOR2xp5_ASAP7_75t_R           1  0.6    16    19     112    (-,-) 
  u_issue/g39000/Y                                       -       B->Y    F     AO21x1_ASAP7_75t_R            1  1.1     9    18     130    (-,-) 
  u_issue/g38988/Y                                       -       A->Y    R     NOR2x1_ASAP7_75t_R            2  1.2    14    11     140    (-,-) 
  u_issue/g38982/Y                                       -       B->Y    F     NAND2xp5_ASAP7_75t_R          1  1.1    17    12     152    (-,-) 
  u_issue/g38981/Y                                       -       B->Y    R     NOR2x1_ASAP7_75t_R            2  1.4    16    13     165    (-,-) 
  u_issue/g38975/Y                                       -       A->Y    R     AND3x4_ASAP7_75t_R            9  6.6    19    29     194    (-,-) 
  u_issue/g38974/Y                                       -       A->Y    R     BUFx6f_ASAP7_75t_R           11  9.3    13    18     212    (-,-) 
  u_issue/g38972/Y                                       -       A->Y    R     AND2x4_ASAP7_75t_R            6  4.5    12    20     232    (-,-) 
  u_issue/fopt78294/Y                                    -       A->Y    F     INVx1_ASAP7_75t_R             6  3.2    18    13     245    (-,-) 
  u_issue/g50749/Y                                       -       A->Y    R     NAND2xp5_ASAP7_75t_R          2  1.1    18    15     260    (-,-) 
  u_issue/g50609/Y                                       -       A->Y    F     NOR3xp33_ASAP7_75t_R          1  0.6    13    10     270    (-,-) 
  u_issue/g50562/Y                                       -       B->Y    R     AOI21xp5_ASAP7_75t_R          1  0.6    14    11     281    (-,-) 
  u_issue/g50534/Y                                       -       D->Y    R     AND4x2_ASAP7_75t_R            4  3.1    20    36     317    (-,-) 
  u_issue/g50446/Y                                       -       B->Y    R     OA211x2_ASAP7_75t_R           3  3.3    16    27     344    (-,-) 
  u_issue/g50386/Y                                       -       B->Y    R     AND2x6_ASAP7_75t_R           23 16.8    25    31     375    (-,-) 
  u_issue/g50309/Y                                       -       B2->Y   F     AOI22xp33_ASAP7_75t_R         1  0.6    34    13     388    (-,-) 
  u_issue/g50163/Y                                       -       B->Y    R     NAND2xp5_ASAP7_75t_R          2  1.6    25    22     410    (-,-) 
  u_exec1/fopt11150/Y                                    -       A->Y    F     INVx2_ASAP7_75t_R             5  2.7    12    10     420    (-,-) 
  u_exec1/fopt11147/Y                                    -       A->Y    R     INVx1_ASAP7_75t_R             5  2.8    19    13     433    (-,-) 
  u_exec1/greater_than_signed_350_25:sub_285_12_g1375/Y  -       A1->Y   F     AOI211xp5_ASAP7_75t_R         1  1.1    22    15     448    (-,-) 
  u_exec1/greater_than_signed_350_25:sub_285_12_g1342/Y  -       C->Y    R     AOI211x1_ASAP7_75t_R          1  0.6    16    12     460    (-,-) 
  u_exec1/greater_than_signed_350_25:sub_285_12_g1330/Y  -       A2->Y   F     OAI21xp5_ASAP7_75t_R          1  0.5    13     9     469    (-,-) 
  u_exec1/greater_than_signed_350_25:sub_285_12_g1326/Y  -       A1->Y   R     AOI211xp5_ASAP7_75t_R         1  1.0    28    17     486    (-,-) 
  u_exec1/g11289/Y                                       -       A1->Y   F     O2A1O1Ixp5_ASAP7_75t_R        1  1.0    18    15     501    (-,-) 
  u_exec1/greater_than_signed_350_25:sub_285_12_g1323/Y  -       B->Y    F     XNOR2xp5_ASAP7_75t_R          1  0.6    15    20     522    (-,-) 
  u_exec1/g10680/Y                                       -       A2->Y   F     AO21x1_ASAP7_75t_R            2  1.0     9    17     539    (-,-) 
  u_exec1/g10672/Y                                       -       B->Y    R     NAND3xp33_ASAP7_75t_R         1  0.7    17    10     549    (-,-) 
  u_exec1/g5994/Y                                        -       A->Y    F     INVx1_ASAP7_75t_R             3  2.0    14    11     560    (-,-) 
  u_issue/g42039/Y                                       -       B->Y    R     NOR2x1_ASAP7_75t_R            2  1.7    17    13     572    (-,-) 
  u_issue/g42028/Y                                       -       B->Y    R     AND2x4_ASAP7_75t_R            5  4.4    12    21     594    (-,-) 
  u_issue/g41997/Y                                       -       B->Y    F     NAND2x1p5_ASAP7_75t_R         4  2.9    16    11     605    (-,-) 
  u_issue/g41947/Y                                       -       A->Y    F     OR2x6_ASAP7_75t_R             2  6.2    13    27     632    (-,-) 
  u_issue/g41919/Y                                       -       A->Y    R     INVx8_ASAP7_75t_R            25 15.0    15    11     643    (-,-) 
  u_issue/g41806/Y                                       -       B1->Y   F     AOI221xp5_ASAP7_75t_R         1  0.6    25    12     655    (-,-) 
  u_issue/pc_x_q_reg[15]/D                               -       -       F     ASYNC_DFFHx1_ASAP7_75t_R      1    -     -     0     655    (-,-) 
#------------------------------------------------------------------------------------------------------------------------------------------------



Path 23: VIOLATED (-440 ps) Setup Check with Pin u_issue/pc_x_q_reg[10]/CLK->D
          Group: clk
     Startpoint: (R) u_frontend/u_decode/genblk1.u_fifo/rd_ptr_q_reg[0]/CLK
          Clock: (R) clk
       Endpoint: (F) u_issue/pc_x_q_reg[10]/D
          Clock: (R) clk

                     Capture       Launch     
        Clock Edge:+     250            0     
       Src Latency:+       0            0     
       Net Latency:+       0 (I)        0 (I) 
           Arrival:=     250            0     
                                              
             Setup:-      10                  
       Uncertainty:-      25                  
     Required Time:=     215                  
      Launch Clock:-       0                  
         Data Path:-     655                  
             Slack:=    -440                  

#------------------------------------------------------------------------------------------------------------------------------------------------
#                     Timing Point                       Flags    Arc    Edge           Cell            Fanout Load Trans Delay Arrival Instance 
#                                                                                                              (fF)  (ps)  (ps)   (ps)  Location 
#------------------------------------------------------------------------------------------------------------------------------------------------
  u_frontend/u_decode/genblk1.u_fifo/rd_ptr_q_reg[0]/CLK -       -       R     (arrival)                  5362    -    12     0       0    (-,-) 
  u_frontend/u_decode/genblk1.u_fifo/rd_ptr_q_reg[0]/QN  -       CLK->QN R     ASYNC_DFFHx1_ASAP7_75t_R      1  1.3    18    43      43    (-,-) 
  u_frontend/u_decode/genblk1.u_fifo/fopt275/Y           -       A->Y    R     BUFx6f_ASAP7_75t_R            8 11.6    15    19      62    (-,-) 
  u_frontend/u_decode/genblk1.u_fifo/fopt274/Y           -       A->Y    F     INVx6_ASAP7_75t_R            13  8.9    11     9      72    (-,-) 
  u_frontend/u_decode/genblk1.u_fifo/g6487/Y             -       B->Y    R     NAND2xp5_ASAP7_75t_R          1  0.6    13     9      81    (-,-) 
  u_frontend/u_decode/genblk1.u_fifo/g6394/Y             -       B->Y    F     OAI21xp5_ASAP7_75t_R          2  1.3    17    12      93    (-,-) 
  u_issue/g39104/Y                                       -       B->Y    F     XOR2xp5_ASAP7_75t_R           1  0.6    16    19     112    (-,-) 
  u_issue/g39000/Y                                       -       B->Y    F     AO21x1_ASAP7_75t_R            1  1.1     9    18     130    (-,-) 
  u_issue/g38988/Y                                       -       A->Y    R     NOR2x1_ASAP7_75t_R            2  1.2    14    11     140    (-,-) 
  u_issue/g38982/Y                                       -       B->Y    F     NAND2xp5_ASAP7_75t_R          1  1.1    17    12     152    (-,-) 
  u_issue/g38981/Y                                       -       B->Y    R     NOR2x1_ASAP7_75t_R            2  1.4    16    13     165    (-,-) 
  u_issue/g38975/Y                                       -       A->Y    R     AND3x4_ASAP7_75t_R            9  6.6    19    29     194    (-,-) 
  u_issue/g38974/Y                                       -       A->Y    R     BUFx6f_ASAP7_75t_R           11  9.3    13    18     212    (-,-) 
  u_issue/g38972/Y                                       -       A->Y    R     AND2x4_ASAP7_75t_R            6  4.5    12    20     232    (-,-) 
  u_issue/fopt78294/Y                                    -       A->Y    F     INVx1_ASAP7_75t_R             6  3.2    18    13     245    (-,-) 
  u_issue/g50749/Y                                       -       A->Y    R     NAND2xp5_ASAP7_75t_R          2  1.1    18    15     260    (-,-) 
  u_issue/g50609/Y                                       -       A->Y    F     NOR3xp33_ASAP7_75t_R          1  0.6    13    10     270    (-,-) 
  u_issue/g50562/Y                                       -       B->Y    R     AOI21xp5_ASAP7_75t_R          1  0.6    14    11     281    (-,-) 
  u_issue/g50534/Y                                       -       D->Y    R     AND4x2_ASAP7_75t_R            4  3.1    20    36     317    (-,-) 
  u_issue/g50446/Y                                       -       B->Y    R     OA211x2_ASAP7_75t_R           3  3.3    16    27     344    (-,-) 
  u_issue/g50386/Y                                       -       B->Y    R     AND2x6_ASAP7_75t_R           23 16.8    25    31     375    (-,-) 
  u_issue/g50309/Y                                       -       B2->Y   F     AOI22xp33_ASAP7_75t_R         1  0.6    34    13     388    (-,-) 
  u_issue/g50163/Y                                       -       B->Y    R     NAND2xp5_ASAP7_75t_R          2  1.6    25    22     410    (-,-) 
  u_exec1/fopt11150/Y                                    -       A->Y    F     INVx2_ASAP7_75t_R             5  2.7    12    10     420    (-,-) 
  u_exec1/fopt11147/Y                                    -       A->Y    R     INVx1_ASAP7_75t_R             5  2.8    19    13     433    (-,-) 
  u_exec1/greater_than_signed_350_25:sub_285_12_g1375/Y  -       A1->Y   F     AOI211xp5_ASAP7_75t_R         1  1.1    22    15     448    (-,-) 
  u_exec1/greater_than_signed_350_25:sub_285_12_g1342/Y  -       C->Y    R     AOI211x1_ASAP7_75t_R          1  0.6    16    12     460    (-,-) 
  u_exec1/greater_than_signed_350_25:sub_285_12_g1330/Y  -       A2->Y   F     OAI21xp5_ASAP7_75t_R          1  0.5    13     9     469    (-,-) 
  u_exec1/greater_than_signed_350_25:sub_285_12_g1326/Y  -       A1->Y   R     AOI211xp5_ASAP7_75t_R         1  1.0    28    17     486    (-,-) 
  u_exec1/g11289/Y                                       -       A1->Y   F     O2A1O1Ixp5_ASAP7_75t_R        1  1.0    18    15     501    (-,-) 
  u_exec1/greater_than_signed_350_25:sub_285_12_g1323/Y  -       B->Y    F     XNOR2xp5_ASAP7_75t_R          1  0.6    15    20     522    (-,-) 
  u_exec1/g10680/Y                                       -       A2->Y   F     AO21x1_ASAP7_75t_R            2  1.0     9    17     539    (-,-) 
  u_exec1/g10672/Y                                       -       B->Y    R     NAND3xp33_ASAP7_75t_R         1  0.7    17    10     549    (-,-) 
  u_exec1/g5994/Y                                        -       A->Y    F     INVx1_ASAP7_75t_R             3  2.0    14    11     560    (-,-) 
  u_issue/g42039/Y                                       -       B->Y    R     NOR2x1_ASAP7_75t_R            2  1.7    17    13     572    (-,-) 
  u_issue/g42028/Y                                       -       B->Y    R     AND2x4_ASAP7_75t_R            5  4.4    12    21     594    (-,-) 
  u_issue/g41997/Y                                       -       B->Y    F     NAND2x1p5_ASAP7_75t_R         4  2.9    16    11     605    (-,-) 
  u_issue/g41947/Y                                       -       A->Y    F     OR2x6_ASAP7_75t_R             2  6.2    13    27     632    (-,-) 
  u_issue/g41919/Y                                       -       A->Y    R     INVx8_ASAP7_75t_R            25 15.0    15    11     643    (-,-) 
  u_issue/g41836/Y                                       -       B1->Y   F     AOI221xp5_ASAP7_75t_R         1  0.6    26    12     655    (-,-) 
  u_issue/pc_x_q_reg[10]/D                               -       -       F     ASYNC_DFFHx1_ASAP7_75t_R      1    -     -     0     655    (-,-) 
#------------------------------------------------------------------------------------------------------------------------------------------------



Path 24: VIOLATED (-440 ps) Setup Check with Pin u_issue/pc_x_q_reg[9]/CLK->D
          Group: clk
     Startpoint: (R) u_frontend/u_decode/genblk1.u_fifo/rd_ptr_q_reg[0]/CLK
          Clock: (R) clk
       Endpoint: (F) u_issue/pc_x_q_reg[9]/D
          Clock: (R) clk

                     Capture       Launch     
        Clock Edge:+     250            0     
       Src Latency:+       0            0     
       Net Latency:+       0 (I)        0 (I) 
           Arrival:=     250            0     
                                              
             Setup:-      10                  
       Uncertainty:-      25                  
     Required Time:=     215                  
      Launch Clock:-       0                  
         Data Path:-     655                  
             Slack:=    -440                  

#------------------------------------------------------------------------------------------------------------------------------------------------
#                     Timing Point                       Flags    Arc    Edge           Cell            Fanout Load Trans Delay Arrival Instance 
#                                                                                                              (fF)  (ps)  (ps)   (ps)  Location 
#------------------------------------------------------------------------------------------------------------------------------------------------
  u_frontend/u_decode/genblk1.u_fifo/rd_ptr_q_reg[0]/CLK -       -       R     (arrival)                  5362    -    12     0       0    (-,-) 
  u_frontend/u_decode/genblk1.u_fifo/rd_ptr_q_reg[0]/QN  -       CLK->QN R     ASYNC_DFFHx1_ASAP7_75t_R      1  1.3    18    43      43    (-,-) 
  u_frontend/u_decode/genblk1.u_fifo/fopt275/Y           -       A->Y    R     BUFx6f_ASAP7_75t_R            8 11.6    15    19      62    (-,-) 
  u_frontend/u_decode/genblk1.u_fifo/fopt274/Y           -       A->Y    F     INVx6_ASAP7_75t_R            13  8.9    11     9      72    (-,-) 
  u_frontend/u_decode/genblk1.u_fifo/g6487/Y             -       B->Y    R     NAND2xp5_ASAP7_75t_R          1  0.6    13     9      81    (-,-) 
  u_frontend/u_decode/genblk1.u_fifo/g6394/Y             -       B->Y    F     OAI21xp5_ASAP7_75t_R          2  1.3    17    12      93    (-,-) 
  u_issue/g39104/Y                                       -       B->Y    F     XOR2xp5_ASAP7_75t_R           1  0.6    16    19     112    (-,-) 
  u_issue/g39000/Y                                       -       B->Y    F     AO21x1_ASAP7_75t_R            1  1.1     9    18     130    (-,-) 
  u_issue/g38988/Y                                       -       A->Y    R     NOR2x1_ASAP7_75t_R            2  1.2    14    11     140    (-,-) 
  u_issue/g38982/Y                                       -       B->Y    F     NAND2xp5_ASAP7_75t_R          1  1.1    17    12     152    (-,-) 
  u_issue/g38981/Y                                       -       B->Y    R     NOR2x1_ASAP7_75t_R            2  1.4    16    13     165    (-,-) 
  u_issue/g38975/Y                                       -       A->Y    R     AND3x4_ASAP7_75t_R            9  6.6    19    29     194    (-,-) 
  u_issue/g38974/Y                                       -       A->Y    R     BUFx6f_ASAP7_75t_R           11  9.3    13    18     212    (-,-) 
  u_issue/g38972/Y                                       -       A->Y    R     AND2x4_ASAP7_75t_R            6  4.5    12    20     232    (-,-) 
  u_issue/fopt78294/Y                                    -       A->Y    F     INVx1_ASAP7_75t_R             6  3.2    18    13     245    (-,-) 
  u_issue/g50749/Y                                       -       A->Y    R     NAND2xp5_ASAP7_75t_R          2  1.1    18    15     260    (-,-) 
  u_issue/g50609/Y                                       -       A->Y    F     NOR3xp33_ASAP7_75t_R          1  0.6    13    10     270    (-,-) 
  u_issue/g50562/Y                                       -       B->Y    R     AOI21xp5_ASAP7_75t_R          1  0.6    14    11     281    (-,-) 
  u_issue/g50534/Y                                       -       D->Y    R     AND4x2_ASAP7_75t_R            4  3.1    20    36     317    (-,-) 
  u_issue/g50446/Y                                       -       B->Y    R     OA211x2_ASAP7_75t_R           3  3.3    16    27     344    (-,-) 
  u_issue/g50386/Y                                       -       B->Y    R     AND2x6_ASAP7_75t_R           23 16.8    25    31     375    (-,-) 
  u_issue/g50309/Y                                       -       B2->Y   F     AOI22xp33_ASAP7_75t_R         1  0.6    34    13     388    (-,-) 
  u_issue/g50163/Y                                       -       B->Y    R     NAND2xp5_ASAP7_75t_R          2  1.6    25    22     410    (-,-) 
  u_exec1/fopt11150/Y                                    -       A->Y    F     INVx2_ASAP7_75t_R             5  2.7    12    10     420    (-,-) 
  u_exec1/fopt11147/Y                                    -       A->Y    R     INVx1_ASAP7_75t_R             5  2.8    19    13     433    (-,-) 
  u_exec1/greater_than_signed_350_25:sub_285_12_g1375/Y  -       A1->Y   F     AOI211xp5_ASAP7_75t_R         1  1.1    22    15     448    (-,-) 
  u_exec1/greater_than_signed_350_25:sub_285_12_g1342/Y  -       C->Y    R     AOI211x1_ASAP7_75t_R          1  0.6    16    12     460    (-,-) 
  u_exec1/greater_than_signed_350_25:sub_285_12_g1330/Y  -       A2->Y   F     OAI21xp5_ASAP7_75t_R          1  0.5    13     9     469    (-,-) 
  u_exec1/greater_than_signed_350_25:sub_285_12_g1326/Y  -       A1->Y   R     AOI211xp5_ASAP7_75t_R         1  1.0    28    17     486    (-,-) 
  u_exec1/g11289/Y                                       -       A1->Y   F     O2A1O1Ixp5_ASAP7_75t_R        1  1.0    18    15     501    (-,-) 
  u_exec1/greater_than_signed_350_25:sub_285_12_g1323/Y  -       B->Y    F     XNOR2xp5_ASAP7_75t_R          1  0.6    15    20     522    (-,-) 
  u_exec1/g10680/Y                                       -       A2->Y   F     AO21x1_ASAP7_75t_R            2  1.0     9    17     539    (-,-) 
  u_exec1/g10672/Y                                       -       B->Y    R     NAND3xp33_ASAP7_75t_R         1  0.7    17    10     549    (-,-) 
  u_exec1/g5994/Y                                        -       A->Y    F     INVx1_ASAP7_75t_R             3  2.0    14    11     560    (-,-) 
  u_issue/g42039/Y                                       -       B->Y    R     NOR2x1_ASAP7_75t_R            2  1.7    17    13     572    (-,-) 
  u_issue/g42028/Y                                       -       B->Y    R     AND2x4_ASAP7_75t_R            5  4.4    12    21     594    (-,-) 
  u_issue/g41997/Y                                       -       B->Y    F     NAND2x1p5_ASAP7_75t_R         4  2.9    16    11     605    (-,-) 
  u_issue/g41947/Y                                       -       A->Y    F     OR2x6_ASAP7_75t_R             2  6.2    13    27     632    (-,-) 
  u_issue/g41919/Y                                       -       A->Y    R     INVx8_ASAP7_75t_R            25 15.0    15    11     643    (-,-) 
  u_issue/g41843/Y                                       -       B1->Y   F     AOI221xp5_ASAP7_75t_R         1  0.6    25    12     655    (-,-) 
  u_issue/pc_x_q_reg[9]/D                                -       -       F     ASYNC_DFFHx1_ASAP7_75t_R      1    -     -     0     655    (-,-) 
#------------------------------------------------------------------------------------------------------------------------------------------------



Path 25: VIOLATED (-440 ps) Setup Check with Pin u_issue/pc_x_q_reg[5]/CLK->D
          Group: clk
     Startpoint: (R) u_frontend/u_decode/genblk1.u_fifo/rd_ptr_q_reg[0]/CLK
          Clock: (R) clk
       Endpoint: (F) u_issue/pc_x_q_reg[5]/D
          Clock: (R) clk

                     Capture       Launch     
        Clock Edge:+     250            0     
       Src Latency:+       0            0     
       Net Latency:+       0 (I)        0 (I) 
           Arrival:=     250            0     
                                              
             Setup:-      10                  
       Uncertainty:-      25                  
     Required Time:=     215                  
      Launch Clock:-       0                  
         Data Path:-     655                  
             Slack:=    -440                  

#------------------------------------------------------------------------------------------------------------------------------------------------
#                     Timing Point                       Flags    Arc    Edge           Cell            Fanout Load Trans Delay Arrival Instance 
#                                                                                                              (fF)  (ps)  (ps)   (ps)  Location 
#------------------------------------------------------------------------------------------------------------------------------------------------
  u_frontend/u_decode/genblk1.u_fifo/rd_ptr_q_reg[0]/CLK -       -       R     (arrival)                  5362    -    12     0       0    (-,-) 
  u_frontend/u_decode/genblk1.u_fifo/rd_ptr_q_reg[0]/QN  -       CLK->QN R     ASYNC_DFFHx1_ASAP7_75t_R      1  1.3    18    43      43    (-,-) 
  u_frontend/u_decode/genblk1.u_fifo/fopt275/Y           -       A->Y    R     BUFx6f_ASAP7_75t_R            8 11.6    15    19      62    (-,-) 
  u_frontend/u_decode/genblk1.u_fifo/fopt274/Y           -       A->Y    F     INVx6_ASAP7_75t_R            13  8.9    11     9      72    (-,-) 
  u_frontend/u_decode/genblk1.u_fifo/g6487/Y             -       B->Y    R     NAND2xp5_ASAP7_75t_R          1  0.6    13     9      81    (-,-) 
  u_frontend/u_decode/genblk1.u_fifo/g6394/Y             -       B->Y    F     OAI21xp5_ASAP7_75t_R          2  1.3    17    12      93    (-,-) 
  u_issue/g39104/Y                                       -       B->Y    F     XOR2xp5_ASAP7_75t_R           1  0.6    16    19     112    (-,-) 
  u_issue/g39000/Y                                       -       B->Y    F     AO21x1_ASAP7_75t_R            1  1.1     9    18     130    (-,-) 
  u_issue/g38988/Y                                       -       A->Y    R     NOR2x1_ASAP7_75t_R            2  1.2    14    11     140    (-,-) 
  u_issue/g38982/Y                                       -       B->Y    F     NAND2xp5_ASAP7_75t_R          1  1.1    17    12     152    (-,-) 
  u_issue/g38981/Y                                       -       B->Y    R     NOR2x1_ASAP7_75t_R            2  1.4    16    13     165    (-,-) 
  u_issue/g38975/Y                                       -       A->Y    R     AND3x4_ASAP7_75t_R            9  6.6    19    29     194    (-,-) 
  u_issue/g38974/Y                                       -       A->Y    R     BUFx6f_ASAP7_75t_R           11  9.3    13    18     212    (-,-) 
  u_issue/g38972/Y                                       -       A->Y    R     AND2x4_ASAP7_75t_R            6  4.5    12    20     232    (-,-) 
  u_issue/fopt78294/Y                                    -       A->Y    F     INVx1_ASAP7_75t_R             6  3.2    18    13     245    (-,-) 
  u_issue/g50749/Y                                       -       A->Y    R     NAND2xp5_ASAP7_75t_R          2  1.1    18    15     260    (-,-) 
  u_issue/g50609/Y                                       -       A->Y    F     NOR3xp33_ASAP7_75t_R          1  0.6    13    10     270    (-,-) 
  u_issue/g50562/Y                                       -       B->Y    R     AOI21xp5_ASAP7_75t_R          1  0.6    14    11     281    (-,-) 
  u_issue/g50534/Y                                       -       D->Y    R     AND4x2_ASAP7_75t_R            4  3.1    20    36     317    (-,-) 
  u_issue/g50446/Y                                       -       B->Y    R     OA211x2_ASAP7_75t_R           3  3.3    16    27     344    (-,-) 
  u_issue/g50386/Y                                       -       B->Y    R     AND2x6_ASAP7_75t_R           23 16.8    25    31     375    (-,-) 
  u_issue/g50309/Y                                       -       B2->Y   F     AOI22xp33_ASAP7_75t_R         1  0.6    34    13     388    (-,-) 
  u_issue/g50163/Y                                       -       B->Y    R     NAND2xp5_ASAP7_75t_R          2  1.6    25    22     410    (-,-) 
  u_exec1/fopt11150/Y                                    -       A->Y    F     INVx2_ASAP7_75t_R             5  2.7    12    10     420    (-,-) 
  u_exec1/fopt11147/Y                                    -       A->Y    R     INVx1_ASAP7_75t_R             5  2.8    19    13     433    (-,-) 
  u_exec1/greater_than_signed_350_25:sub_285_12_g1375/Y  -       A1->Y   F     AOI211xp5_ASAP7_75t_R         1  1.1    22    15     448    (-,-) 
  u_exec1/greater_than_signed_350_25:sub_285_12_g1342/Y  -       C->Y    R     AOI211x1_ASAP7_75t_R          1  0.6    16    12     460    (-,-) 
  u_exec1/greater_than_signed_350_25:sub_285_12_g1330/Y  -       A2->Y   F     OAI21xp5_ASAP7_75t_R          1  0.5    13     9     469    (-,-) 
  u_exec1/greater_than_signed_350_25:sub_285_12_g1326/Y  -       A1->Y   R     AOI211xp5_ASAP7_75t_R         1  1.0    28    17     486    (-,-) 
  u_exec1/g11289/Y                                       -       A1->Y   F     O2A1O1Ixp5_ASAP7_75t_R        1  1.0    18    15     501    (-,-) 
  u_exec1/greater_than_signed_350_25:sub_285_12_g1323/Y  -       B->Y    F     XNOR2xp5_ASAP7_75t_R          1  0.6    15    20     522    (-,-) 
  u_exec1/g10680/Y                                       -       A2->Y   F     AO21x1_ASAP7_75t_R            2  1.0     9    17     539    (-,-) 
  u_exec1/g10672/Y                                       -       B->Y    R     NAND3xp33_ASAP7_75t_R         1  0.7    17    10     549    (-,-) 
  u_exec1/g5994/Y                                        -       A->Y    F     INVx1_ASAP7_75t_R             3  2.0    14    11     560    (-,-) 
  u_issue/g42039/Y                                       -       B->Y    R     NOR2x1_ASAP7_75t_R            2  1.7    17    13     572    (-,-) 
  u_issue/g42028/Y                                       -       B->Y    R     AND2x4_ASAP7_75t_R            5  4.4    12    21     594    (-,-) 
  u_issue/g41997/Y                                       -       B->Y    F     NAND2x1p5_ASAP7_75t_R         4  2.9    16    11     605    (-,-) 
  u_issue/g41947/Y                                       -       A->Y    F     OR2x6_ASAP7_75t_R             2  6.2    13    27     632    (-,-) 
  u_issue/g41919/Y                                       -       A->Y    R     INVx8_ASAP7_75t_R            25 15.0    15    11     643    (-,-) 
  u_issue/g41848/Y                                       -       B1->Y   F     AOI221xp5_ASAP7_75t_R         1  0.6    25    12     655    (-,-) 
  u_issue/pc_x_q_reg[5]/D                                -       -       F     ASYNC_DFFHx1_ASAP7_75t_R      1    -     -     0     655    (-,-) 
#------------------------------------------------------------------------------------------------------------------------------------------------



Path 26: VIOLATED (-440 ps) Setup Check with Pin u_issue/pc_x_q_reg[4]/CLK->D
          Group: clk
     Startpoint: (R) u_frontend/u_decode/genblk1.u_fifo/rd_ptr_q_reg[0]/CLK
          Clock: (R) clk
       Endpoint: (F) u_issue/pc_x_q_reg[4]/D
          Clock: (R) clk

                     Capture       Launch     
        Clock Edge:+     250            0     
       Src Latency:+       0            0     
       Net Latency:+       0 (I)        0 (I) 
           Arrival:=     250            0     
                                              
             Setup:-       8                  
       Uncertainty:-      25                  
     Required Time:=     217                  
      Launch Clock:-       0                  
         Data Path:-     657                  
             Slack:=    -440                  

#------------------------------------------------------------------------------------------------------------------------------------------------
#                     Timing Point                       Flags    Arc    Edge           Cell            Fanout Load Trans Delay Arrival Instance 
#                                                                                                              (fF)  (ps)  (ps)   (ps)  Location 
#------------------------------------------------------------------------------------------------------------------------------------------------
  u_frontend/u_decode/genblk1.u_fifo/rd_ptr_q_reg[0]/CLK -       -       R     (arrival)                  5362    -    12     0       0    (-,-) 
  u_frontend/u_decode/genblk1.u_fifo/rd_ptr_q_reg[0]/QN  -       CLK->QN R     ASYNC_DFFHx1_ASAP7_75t_R      1  1.3    18    43      43    (-,-) 
  u_frontend/u_decode/genblk1.u_fifo/fopt275/Y           -       A->Y    R     BUFx6f_ASAP7_75t_R            8 11.6    15    19      62    (-,-) 
  u_frontend/u_decode/genblk1.u_fifo/fopt274/Y           -       A->Y    F     INVx6_ASAP7_75t_R            13  8.9    11     9      72    (-,-) 
  u_frontend/u_decode/genblk1.u_fifo/g6487/Y             -       B->Y    R     NAND2xp5_ASAP7_75t_R          1  0.6    13     9      81    (-,-) 
  u_frontend/u_decode/genblk1.u_fifo/g6394/Y             -       B->Y    F     OAI21xp5_ASAP7_75t_R          2  1.3    17    12      93    (-,-) 
  u_issue/g39104/Y                                       -       B->Y    F     XOR2xp5_ASAP7_75t_R           1  0.6    16    19     112    (-,-) 
  u_issue/g39000/Y                                       -       B->Y    F     AO21x1_ASAP7_75t_R            1  1.1     9    18     130    (-,-) 
  u_issue/g38988/Y                                       -       A->Y    R     NOR2x1_ASAP7_75t_R            2  1.2    14    11     140    (-,-) 
  u_issue/g38982/Y                                       -       B->Y    F     NAND2xp5_ASAP7_75t_R          1  1.1    17    12     152    (-,-) 
  u_issue/g38981/Y                                       -       B->Y    R     NOR2x1_ASAP7_75t_R            2  1.4    16    13     165    (-,-) 
  u_issue/g38975/Y                                       -       A->Y    R     AND3x4_ASAP7_75t_R            9  6.6    19    29     194    (-,-) 
  u_issue/g38974/Y                                       -       A->Y    R     BUFx6f_ASAP7_75t_R           11  9.3    13    18     212    (-,-) 
  u_issue/g38972/Y                                       -       A->Y    R     AND2x4_ASAP7_75t_R            6  4.5    12    20     232    (-,-) 
  u_issue/fopt78294/Y                                    -       A->Y    F     INVx1_ASAP7_75t_R             6  3.2    18    13     245    (-,-) 
  u_issue/g50749/Y                                       -       A->Y    R     NAND2xp5_ASAP7_75t_R          2  1.1    18    15     260    (-,-) 
  u_issue/g50609/Y                                       -       A->Y    F     NOR3xp33_ASAP7_75t_R          1  0.6    13    10     270    (-,-) 
  u_issue/g50562/Y                                       -       B->Y    R     AOI21xp5_ASAP7_75t_R          1  0.6    14    11     281    (-,-) 
  u_issue/g50534/Y                                       -       D->Y    R     AND4x2_ASAP7_75t_R            4  3.1    20    36     317    (-,-) 
  u_issue/g50446/Y                                       -       B->Y    R     OA211x2_ASAP7_75t_R           3  3.3    16    27     344    (-,-) 
  u_issue/g50386/Y                                       -       B->Y    R     AND2x6_ASAP7_75t_R           23 16.8    25    31     375    (-,-) 
  u_issue/g50309/Y                                       -       B2->Y   F     AOI22xp33_ASAP7_75t_R         1  0.6    34    13     388    (-,-) 
  u_issue/g50163/Y                                       -       B->Y    R     NAND2xp5_ASAP7_75t_R          2  1.6    25    22     410    (-,-) 
  u_exec1/fopt11150/Y                                    -       A->Y    F     INVx2_ASAP7_75t_R             5  2.7    12    10     420    (-,-) 
  u_exec1/fopt11147/Y                                    -       A->Y    R     INVx1_ASAP7_75t_R             5  2.8    19    13     433    (-,-) 
  u_exec1/greater_than_signed_350_25:sub_285_12_g1375/Y  -       A1->Y   F     AOI211xp5_ASAP7_75t_R         1  1.1    22    15     448    (-,-) 
  u_exec1/greater_than_signed_350_25:sub_285_12_g1342/Y  -       C->Y    R     AOI211x1_ASAP7_75t_R          1  0.6    16    12     460    (-,-) 
  u_exec1/greater_than_signed_350_25:sub_285_12_g1330/Y  -       A2->Y   F     OAI21xp5_ASAP7_75t_R          1  0.5    13     9     469    (-,-) 
  u_exec1/greater_than_signed_350_25:sub_285_12_g1326/Y  -       A1->Y   R     AOI211xp5_ASAP7_75t_R         1  1.0    28    17     486    (-,-) 
  u_exec1/g11289/Y                                       -       A1->Y   F     O2A1O1Ixp5_ASAP7_75t_R        1  1.0    18    15     501    (-,-) 
  u_exec1/greater_than_signed_350_25:sub_285_12_g1323/Y  -       B->Y    F     XNOR2xp5_ASAP7_75t_R          1  0.6    15    20     522    (-,-) 
  u_exec1/g10680/Y                                       -       A2->Y   F     AO21x1_ASAP7_75t_R            2  1.0     9    17     539    (-,-) 
  u_exec1/g10672/Y                                       -       B->Y    R     NAND3xp33_ASAP7_75t_R         1  0.7    17    10     549    (-,-) 
  u_exec1/g5994/Y                                        -       A->Y    F     INVx1_ASAP7_75t_R             3  2.0    14    11     560    (-,-) 
  u_issue/g42039/Y                                       -       B->Y    R     NOR2x1_ASAP7_75t_R            2  1.7    17    13     572    (-,-) 
  u_issue/g42028/Y                                       -       B->Y    R     AND2x4_ASAP7_75t_R            5  4.4    12    21     594    (-,-) 
  u_issue/g41948/Y                                       -       B->Y    R     AND2x4_ASAP7_75t_R            4  4.7    13    20     614    (-,-) 
  u_issue/g41923/Y                                       -       A->Y    F     INVx5_ASAP7_75t_R            27 16.1    19    13     627    (-,-) 
  u_issue/g41894/Y                                       -       A1->Y   R     OAI221xp5_ASAP7_75t_R         1  0.6    26    20     647    (-,-) 
  u_issue/g41862/Y                                       -       B->Y    F     AOI21xp5_ASAP7_75t_R          1  0.6    13    10     657    (-,-) 
  u_issue/pc_x_q_reg[4]/D                                -       -       F     ASYNC_DFFHx1_ASAP7_75t_R      1    -     -     0     657    (-,-) 
#------------------------------------------------------------------------------------------------------------------------------------------------



Path 27: VIOLATED (-440 ps) Setup Check with Pin u_issue/pc_x_q_reg[28]/CLK->D
          Group: clk
     Startpoint: (R) u_frontend/u_decode/genblk1.u_fifo/rd_ptr_q_reg[0]/CLK
          Clock: (R) clk
       Endpoint: (F) u_issue/pc_x_q_reg[28]/D
          Clock: (R) clk

                     Capture       Launch     
        Clock Edge:+     250            0     
       Src Latency:+       0            0     
       Net Latency:+       0 (I)        0 (I) 
           Arrival:=     250            0     
                                              
             Setup:-      10                  
       Uncertainty:-      25                  
     Required Time:=     216                  
      Launch Clock:-       0                  
         Data Path:-     655                  
             Slack:=    -440                  

#------------------------------------------------------------------------------------------------------------------------------------------------
#                     Timing Point                       Flags    Arc    Edge           Cell            Fanout Load Trans Delay Arrival Instance 
#                                                                                                              (fF)  (ps)  (ps)   (ps)  Location 
#------------------------------------------------------------------------------------------------------------------------------------------------
  u_frontend/u_decode/genblk1.u_fifo/rd_ptr_q_reg[0]/CLK -       -       R     (arrival)                  5362    -    12     0       0    (-,-) 
  u_frontend/u_decode/genblk1.u_fifo/rd_ptr_q_reg[0]/QN  -       CLK->QN R     ASYNC_DFFHx1_ASAP7_75t_R      1  1.3    18    43      43    (-,-) 
  u_frontend/u_decode/genblk1.u_fifo/fopt275/Y           -       A->Y    R     BUFx6f_ASAP7_75t_R            8 11.6    15    19      62    (-,-) 
  u_frontend/u_decode/genblk1.u_fifo/fopt274/Y           -       A->Y    F     INVx6_ASAP7_75t_R            13  8.9    11     9      72    (-,-) 
  u_frontend/u_decode/genblk1.u_fifo/g6487/Y             -       B->Y    R     NAND2xp5_ASAP7_75t_R          1  0.6    13     9      81    (-,-) 
  u_frontend/u_decode/genblk1.u_fifo/g6394/Y             -       B->Y    F     OAI21xp5_ASAP7_75t_R          2  1.3    17    12      93    (-,-) 
  u_issue/g39104/Y                                       -       B->Y    F     XOR2xp5_ASAP7_75t_R           1  0.6    16    19     112    (-,-) 
  u_issue/g39000/Y                                       -       B->Y    F     AO21x1_ASAP7_75t_R            1  1.1     9    18     130    (-,-) 
  u_issue/g38988/Y                                       -       A->Y    R     NOR2x1_ASAP7_75t_R            2  1.2    14    11     140    (-,-) 
  u_issue/g38982/Y                                       -       B->Y    F     NAND2xp5_ASAP7_75t_R          1  1.1    17    12     152    (-,-) 
  u_issue/g38981/Y                                       -       B->Y    R     NOR2x1_ASAP7_75t_R            2  1.4    16    13     165    (-,-) 
  u_issue/g38975/Y                                       -       A->Y    R     AND3x4_ASAP7_75t_R            9  6.6    19    29     194    (-,-) 
  u_issue/g38974/Y                                       -       A->Y    R     BUFx6f_ASAP7_75t_R           11  9.3    13    18     212    (-,-) 
  u_issue/g38972/Y                                       -       A->Y    R     AND2x4_ASAP7_75t_R            6  4.5    12    20     232    (-,-) 
  u_issue/fopt78294/Y                                    -       A->Y    F     INVx1_ASAP7_75t_R             6  3.2    18    13     245    (-,-) 
  u_issue/g50749/Y                                       -       A->Y    R     NAND2xp5_ASAP7_75t_R          2  1.1    18    15     260    (-,-) 
  u_issue/g50609/Y                                       -       A->Y    F     NOR3xp33_ASAP7_75t_R          1  0.6    13    10     270    (-,-) 
  u_issue/g50562/Y                                       -       B->Y    R     AOI21xp5_ASAP7_75t_R          1  0.6    14    11     281    (-,-) 
  u_issue/g50534/Y                                       -       D->Y    R     AND4x2_ASAP7_75t_R            4  3.1    20    36     317    (-,-) 
  u_issue/g50446/Y                                       -       B->Y    R     OA211x2_ASAP7_75t_R           3  3.3    16    27     344    (-,-) 
  u_issue/g50386/Y                                       -       B->Y    R     AND2x6_ASAP7_75t_R           23 16.8    25    31     375    (-,-) 
  u_issue/g50309/Y                                       -       B2->Y   F     AOI22xp33_ASAP7_75t_R         1  0.6    34    13     388    (-,-) 
  u_issue/g50163/Y                                       -       B->Y    R     NAND2xp5_ASAP7_75t_R          2  1.6    25    22     410    (-,-) 
  u_exec1/fopt11150/Y                                    -       A->Y    F     INVx2_ASAP7_75t_R             5  2.7    12    10     420    (-,-) 
  u_exec1/fopt11147/Y                                    -       A->Y    R     INVx1_ASAP7_75t_R             5  2.8    19    13     433    (-,-) 
  u_exec1/greater_than_signed_350_25:sub_285_12_g1375/Y  -       A1->Y   F     AOI211xp5_ASAP7_75t_R         1  1.1    22    15     448    (-,-) 
  u_exec1/greater_than_signed_350_25:sub_285_12_g1342/Y  -       C->Y    R     AOI211x1_ASAP7_75t_R          1  0.6    16    12     460    (-,-) 
  u_exec1/greater_than_signed_350_25:sub_285_12_g1330/Y  -       A2->Y   F     OAI21xp5_ASAP7_75t_R          1  0.5    13     9     469    (-,-) 
  u_exec1/greater_than_signed_350_25:sub_285_12_g1326/Y  -       A1->Y   R     AOI211xp5_ASAP7_75t_R         1  1.0    28    17     486    (-,-) 
  u_exec1/g11289/Y                                       -       A1->Y   F     O2A1O1Ixp5_ASAP7_75t_R        1  1.0    18    15     501    (-,-) 
  u_exec1/greater_than_signed_350_25:sub_285_12_g1323/Y  -       B->Y    F     XNOR2xp5_ASAP7_75t_R          1  0.6    15    20     522    (-,-) 
  u_exec1/g10680/Y                                       -       A2->Y   F     AO21x1_ASAP7_75t_R            2  1.0     9    17     539    (-,-) 
  u_exec1/g10672/Y                                       -       B->Y    R     NAND3xp33_ASAP7_75t_R         1  0.7    17    10     549    (-,-) 
  u_exec1/g5994/Y                                        -       A->Y    F     INVx1_ASAP7_75t_R             3  2.0    14    11     560    (-,-) 
  u_issue/g42039/Y                                       -       B->Y    R     NOR2x1_ASAP7_75t_R            2  1.7    17    13     572    (-,-) 
  u_issue/g42028/Y                                       -       B->Y    R     AND2x4_ASAP7_75t_R            5  4.4    12    21     594    (-,-) 
  u_issue/g41997/Y                                       -       B->Y    F     NAND2x1p5_ASAP7_75t_R         4  2.9    16    11     605    (-,-) 
  u_issue/g41947/Y                                       -       A->Y    F     OR2x6_ASAP7_75t_R             2  6.2    13    27     632    (-,-) 
  u_issue/g41919/Y                                       -       A->Y    R     INVx8_ASAP7_75t_R            25 15.0    15    11     643    (-,-) 
  u_issue/g41735/Y                                       -       B1->Y   F     AOI221xp5_ASAP7_75t_R         1  0.6    23    12     655    (-,-) 
  u_issue/pc_x_q_reg[28]/D                               -       -       F     ASYNC_DFFHx1_ASAP7_75t_R      1    -     -     0     655    (-,-) 
#------------------------------------------------------------------------------------------------------------------------------------------------



Path 28: VIOLATED (-440 ps) Setup Check with Pin u_issue/pc_x_q_reg[22]/CLK->D
          Group: clk
     Startpoint: (R) u_frontend/u_decode/genblk1.u_fifo/rd_ptr_q_reg[0]/CLK
          Clock: (R) clk
       Endpoint: (F) u_issue/pc_x_q_reg[22]/D
          Clock: (R) clk

                     Capture       Launch     
        Clock Edge:+     250            0     
       Src Latency:+       0            0     
       Net Latency:+       0 (I)        0 (I) 
           Arrival:=     250            0     
                                              
             Setup:-      10                  
       Uncertainty:-      25                  
     Required Time:=     216                  
      Launch Clock:-       0                  
         Data Path:-     655                  
             Slack:=    -440                  

#------------------------------------------------------------------------------------------------------------------------------------------------
#                     Timing Point                       Flags    Arc    Edge           Cell            Fanout Load Trans Delay Arrival Instance 
#                                                                                                              (fF)  (ps)  (ps)   (ps)  Location 
#------------------------------------------------------------------------------------------------------------------------------------------------
  u_frontend/u_decode/genblk1.u_fifo/rd_ptr_q_reg[0]/CLK -       -       R     (arrival)                  5362    -    12     0       0    (-,-) 
  u_frontend/u_decode/genblk1.u_fifo/rd_ptr_q_reg[0]/QN  -       CLK->QN R     ASYNC_DFFHx1_ASAP7_75t_R      1  1.3    18    43      43    (-,-) 
  u_frontend/u_decode/genblk1.u_fifo/fopt275/Y           -       A->Y    R     BUFx6f_ASAP7_75t_R            8 11.6    15    19      62    (-,-) 
  u_frontend/u_decode/genblk1.u_fifo/fopt274/Y           -       A->Y    F     INVx6_ASAP7_75t_R            13  8.9    11     9      72    (-,-) 
  u_frontend/u_decode/genblk1.u_fifo/g6487/Y             -       B->Y    R     NAND2xp5_ASAP7_75t_R          1  0.6    13     9      81    (-,-) 
  u_frontend/u_decode/genblk1.u_fifo/g6394/Y             -       B->Y    F     OAI21xp5_ASAP7_75t_R          2  1.3    17    12      93    (-,-) 
  u_issue/g39104/Y                                       -       B->Y    F     XOR2xp5_ASAP7_75t_R           1  0.6    16    19     112    (-,-) 
  u_issue/g39000/Y                                       -       B->Y    F     AO21x1_ASAP7_75t_R            1  1.1     9    18     130    (-,-) 
  u_issue/g38988/Y                                       -       A->Y    R     NOR2x1_ASAP7_75t_R            2  1.2    14    11     140    (-,-) 
  u_issue/g38982/Y                                       -       B->Y    F     NAND2xp5_ASAP7_75t_R          1  1.1    17    12     152    (-,-) 
  u_issue/g38981/Y                                       -       B->Y    R     NOR2x1_ASAP7_75t_R            2  1.4    16    13     165    (-,-) 
  u_issue/g38975/Y                                       -       A->Y    R     AND3x4_ASAP7_75t_R            9  6.6    19    29     194    (-,-) 
  u_issue/g38974/Y                                       -       A->Y    R     BUFx6f_ASAP7_75t_R           11  9.3    13    18     212    (-,-) 
  u_issue/g38972/Y                                       -       A->Y    R     AND2x4_ASAP7_75t_R            6  4.5    12    20     232    (-,-) 
  u_issue/fopt78294/Y                                    -       A->Y    F     INVx1_ASAP7_75t_R             6  3.2    18    13     245    (-,-) 
  u_issue/g50749/Y                                       -       A->Y    R     NAND2xp5_ASAP7_75t_R          2  1.1    18    15     260    (-,-) 
  u_issue/g50609/Y                                       -       A->Y    F     NOR3xp33_ASAP7_75t_R          1  0.6    13    10     270    (-,-) 
  u_issue/g50562/Y                                       -       B->Y    R     AOI21xp5_ASAP7_75t_R          1  0.6    14    11     281    (-,-) 
  u_issue/g50534/Y                                       -       D->Y    R     AND4x2_ASAP7_75t_R            4  3.1    20    36     317    (-,-) 
  u_issue/g50446/Y                                       -       B->Y    R     OA211x2_ASAP7_75t_R           3  3.3    16    27     344    (-,-) 
  u_issue/g50386/Y                                       -       B->Y    R     AND2x6_ASAP7_75t_R           23 16.8    25    31     375    (-,-) 
  u_issue/g50309/Y                                       -       B2->Y   F     AOI22xp33_ASAP7_75t_R         1  0.6    34    13     388    (-,-) 
  u_issue/g50163/Y                                       -       B->Y    R     NAND2xp5_ASAP7_75t_R          2  1.6    25    22     410    (-,-) 
  u_exec1/fopt11150/Y                                    -       A->Y    F     INVx2_ASAP7_75t_R             5  2.7    12    10     420    (-,-) 
  u_exec1/fopt11147/Y                                    -       A->Y    R     INVx1_ASAP7_75t_R             5  2.8    19    13     433    (-,-) 
  u_exec1/greater_than_signed_350_25:sub_285_12_g1375/Y  -       A1->Y   F     AOI211xp5_ASAP7_75t_R         1  1.1    22    15     448    (-,-) 
  u_exec1/greater_than_signed_350_25:sub_285_12_g1342/Y  -       C->Y    R     AOI211x1_ASAP7_75t_R          1  0.6    16    12     460    (-,-) 
  u_exec1/greater_than_signed_350_25:sub_285_12_g1330/Y  -       A2->Y   F     OAI21xp5_ASAP7_75t_R          1  0.5    13     9     469    (-,-) 
  u_exec1/greater_than_signed_350_25:sub_285_12_g1326/Y  -       A1->Y   R     AOI211xp5_ASAP7_75t_R         1  1.0    28    17     486    (-,-) 
  u_exec1/g11289/Y                                       -       A1->Y   F     O2A1O1Ixp5_ASAP7_75t_R        1  1.0    18    15     501    (-,-) 
  u_exec1/greater_than_signed_350_25:sub_285_12_g1323/Y  -       B->Y    F     XNOR2xp5_ASAP7_75t_R          1  0.6    15    20     522    (-,-) 
  u_exec1/g10680/Y                                       -       A2->Y   F     AO21x1_ASAP7_75t_R            2  1.0     9    17     539    (-,-) 
  u_exec1/g10672/Y                                       -       B->Y    R     NAND3xp33_ASAP7_75t_R         1  0.7    17    10     549    (-,-) 
  u_exec1/g5994/Y                                        -       A->Y    F     INVx1_ASAP7_75t_R             3  2.0    14    11     560    (-,-) 
  u_issue/g42039/Y                                       -       B->Y    R     NOR2x1_ASAP7_75t_R            2  1.7    17    13     572    (-,-) 
  u_issue/g42028/Y                                       -       B->Y    R     AND2x4_ASAP7_75t_R            5  4.4    12    21     594    (-,-) 
  u_issue/g41997/Y                                       -       B->Y    F     NAND2x1p5_ASAP7_75t_R         4  2.9    16    11     605    (-,-) 
  u_issue/g41947/Y                                       -       A->Y    F     OR2x6_ASAP7_75t_R             2  6.2    13    27     632    (-,-) 
  u_issue/g41919/Y                                       -       A->Y    R     INVx8_ASAP7_75t_R            25 15.0    15    11     643    (-,-) 
  u_issue/g41764/Y                                       -       B1->Y   F     AOI221xp5_ASAP7_75t_R         1  0.6    23    12     655    (-,-) 
  u_issue/pc_x_q_reg[22]/D                               -       -       F     ASYNC_DFFHx1_ASAP7_75t_R      1    -     -     0     655    (-,-) 
#------------------------------------------------------------------------------------------------------------------------------------------------



Path 29: VIOLATED (-440 ps) Setup Check with Pin u_issue/pc_x_q_reg[16]/CLK->D
          Group: clk
     Startpoint: (R) u_frontend/u_decode/genblk1.u_fifo/rd_ptr_q_reg[0]/CLK
          Clock: (R) clk
       Endpoint: (F) u_issue/pc_x_q_reg[16]/D
          Clock: (R) clk

                     Capture       Launch     
        Clock Edge:+     250            0     
       Src Latency:+       0            0     
       Net Latency:+       0 (I)        0 (I) 
           Arrival:=     250            0     
                                              
             Setup:-      10                  
       Uncertainty:-      25                  
     Required Time:=     216                  
      Launch Clock:-       0                  
         Data Path:-     655                  
             Slack:=    -440                  

#------------------------------------------------------------------------------------------------------------------------------------------------
#                     Timing Point                       Flags    Arc    Edge           Cell            Fanout Load Trans Delay Arrival Instance 
#                                                                                                              (fF)  (ps)  (ps)   (ps)  Location 
#------------------------------------------------------------------------------------------------------------------------------------------------
  u_frontend/u_decode/genblk1.u_fifo/rd_ptr_q_reg[0]/CLK -       -       R     (arrival)                  5362    -    12     0       0    (-,-) 
  u_frontend/u_decode/genblk1.u_fifo/rd_ptr_q_reg[0]/QN  -       CLK->QN R     ASYNC_DFFHx1_ASAP7_75t_R      1  1.3    18    43      43    (-,-) 
  u_frontend/u_decode/genblk1.u_fifo/fopt275/Y           -       A->Y    R     BUFx6f_ASAP7_75t_R            8 11.6    15    19      62    (-,-) 
  u_frontend/u_decode/genblk1.u_fifo/fopt274/Y           -       A->Y    F     INVx6_ASAP7_75t_R            13  8.9    11     9      72    (-,-) 
  u_frontend/u_decode/genblk1.u_fifo/g6487/Y             -       B->Y    R     NAND2xp5_ASAP7_75t_R          1  0.6    13     9      81    (-,-) 
  u_frontend/u_decode/genblk1.u_fifo/g6394/Y             -       B->Y    F     OAI21xp5_ASAP7_75t_R          2  1.3    17    12      93    (-,-) 
  u_issue/g39104/Y                                       -       B->Y    F     XOR2xp5_ASAP7_75t_R           1  0.6    16    19     112    (-,-) 
  u_issue/g39000/Y                                       -       B->Y    F     AO21x1_ASAP7_75t_R            1  1.1     9    18     130    (-,-) 
  u_issue/g38988/Y                                       -       A->Y    R     NOR2x1_ASAP7_75t_R            2  1.2    14    11     140    (-,-) 
  u_issue/g38982/Y                                       -       B->Y    F     NAND2xp5_ASAP7_75t_R          1  1.1    17    12     152    (-,-) 
  u_issue/g38981/Y                                       -       B->Y    R     NOR2x1_ASAP7_75t_R            2  1.4    16    13     165    (-,-) 
  u_issue/g38975/Y                                       -       A->Y    R     AND3x4_ASAP7_75t_R            9  6.6    19    29     194    (-,-) 
  u_issue/g38974/Y                                       -       A->Y    R     BUFx6f_ASAP7_75t_R           11  9.3    13    18     212    (-,-) 
  u_issue/g38972/Y                                       -       A->Y    R     AND2x4_ASAP7_75t_R            6  4.5    12    20     232    (-,-) 
  u_issue/fopt78294/Y                                    -       A->Y    F     INVx1_ASAP7_75t_R             6  3.2    18    13     245    (-,-) 
  u_issue/g50749/Y                                       -       A->Y    R     NAND2xp5_ASAP7_75t_R          2  1.1    18    15     260    (-,-) 
  u_issue/g50609/Y                                       -       A->Y    F     NOR3xp33_ASAP7_75t_R          1  0.6    13    10     270    (-,-) 
  u_issue/g50562/Y                                       -       B->Y    R     AOI21xp5_ASAP7_75t_R          1  0.6    14    11     281    (-,-) 
  u_issue/g50534/Y                                       -       D->Y    R     AND4x2_ASAP7_75t_R            4  3.1    20    36     317    (-,-) 
  u_issue/g50446/Y                                       -       B->Y    R     OA211x2_ASAP7_75t_R           3  3.3    16    27     344    (-,-) 
  u_issue/g50386/Y                                       -       B->Y    R     AND2x6_ASAP7_75t_R           23 16.8    25    31     375    (-,-) 
  u_issue/g50309/Y                                       -       B2->Y   F     AOI22xp33_ASAP7_75t_R         1  0.6    34    13     388    (-,-) 
  u_issue/g50163/Y                                       -       B->Y    R     NAND2xp5_ASAP7_75t_R          2  1.6    25    22     410    (-,-) 
  u_exec1/fopt11150/Y                                    -       A->Y    F     INVx2_ASAP7_75t_R             5  2.7    12    10     420    (-,-) 
  u_exec1/fopt11147/Y                                    -       A->Y    R     INVx1_ASAP7_75t_R             5  2.8    19    13     433    (-,-) 
  u_exec1/greater_than_signed_350_25:sub_285_12_g1375/Y  -       A1->Y   F     AOI211xp5_ASAP7_75t_R         1  1.1    22    15     448    (-,-) 
  u_exec1/greater_than_signed_350_25:sub_285_12_g1342/Y  -       C->Y    R     AOI211x1_ASAP7_75t_R          1  0.6    16    12     460    (-,-) 
  u_exec1/greater_than_signed_350_25:sub_285_12_g1330/Y  -       A2->Y   F     OAI21xp5_ASAP7_75t_R          1  0.5    13     9     469    (-,-) 
  u_exec1/greater_than_signed_350_25:sub_285_12_g1326/Y  -       A1->Y   R     AOI211xp5_ASAP7_75t_R         1  1.0    28    17     486    (-,-) 
  u_exec1/g11289/Y                                       -       A1->Y   F     O2A1O1Ixp5_ASAP7_75t_R        1  1.0    18    15     501    (-,-) 
  u_exec1/greater_than_signed_350_25:sub_285_12_g1323/Y  -       B->Y    F     XNOR2xp5_ASAP7_75t_R          1  0.6    15    20     522    (-,-) 
  u_exec1/g10680/Y                                       -       A2->Y   F     AO21x1_ASAP7_75t_R            2  1.0     9    17     539    (-,-) 
  u_exec1/g10672/Y                                       -       B->Y    R     NAND3xp33_ASAP7_75t_R         1  0.7    17    10     549    (-,-) 
  u_exec1/g5994/Y                                        -       A->Y    F     INVx1_ASAP7_75t_R             3  2.0    14    11     560    (-,-) 
  u_issue/g42039/Y                                       -       B->Y    R     NOR2x1_ASAP7_75t_R            2  1.7    17    13     572    (-,-) 
  u_issue/g42028/Y                                       -       B->Y    R     AND2x4_ASAP7_75t_R            5  4.4    12    21     594    (-,-) 
  u_issue/g41997/Y                                       -       B->Y    F     NAND2x1p5_ASAP7_75t_R         4  2.9    16    11     605    (-,-) 
  u_issue/g41947/Y                                       -       A->Y    F     OR2x6_ASAP7_75t_R             2  6.2    13    27     632    (-,-) 
  u_issue/g41919/Y                                       -       A->Y    R     INVx8_ASAP7_75t_R            25 15.0    15    11     643    (-,-) 
  u_issue/g41800/Y                                       -       B1->Y   F     AOI221xp5_ASAP7_75t_R         1  0.6    25    12     655    (-,-) 
  u_issue/pc_x_q_reg[16]/D                               -       -       F     ASYNC_DFFHx1_ASAP7_75t_R      1    -     -     0     655    (-,-) 
#------------------------------------------------------------------------------------------------------------------------------------------------



Path 30: VIOLATED (-440 ps) Setup Check with Pin u_issue/pc_x_q_reg[11]/CLK->D
          Group: clk
     Startpoint: (R) u_frontend/u_decode/genblk1.u_fifo/rd_ptr_q_reg[0]/CLK
          Clock: (R) clk
       Endpoint: (F) u_issue/pc_x_q_reg[11]/D
          Clock: (R) clk

                     Capture       Launch     
        Clock Edge:+     250            0     
       Src Latency:+       0            0     
       Net Latency:+       0 (I)        0 (I) 
           Arrival:=     250            0     
                                              
             Setup:-      10                  
       Uncertainty:-      25                  
     Required Time:=     216                  
      Launch Clock:-       0                  
         Data Path:-     655                  
             Slack:=    -440                  

#------------------------------------------------------------------------------------------------------------------------------------------------
#                     Timing Point                       Flags    Arc    Edge           Cell            Fanout Load Trans Delay Arrival Instance 
#                                                                                                              (fF)  (ps)  (ps)   (ps)  Location 
#------------------------------------------------------------------------------------------------------------------------------------------------
  u_frontend/u_decode/genblk1.u_fifo/rd_ptr_q_reg[0]/CLK -       -       R     (arrival)                  5362    -    12     0       0    (-,-) 
  u_frontend/u_decode/genblk1.u_fifo/rd_ptr_q_reg[0]/QN  -       CLK->QN R     ASYNC_DFFHx1_ASAP7_75t_R      1  1.3    18    43      43    (-,-) 
  u_frontend/u_decode/genblk1.u_fifo/fopt275/Y           -       A->Y    R     BUFx6f_ASAP7_75t_R            8 11.6    15    19      62    (-,-) 
  u_frontend/u_decode/genblk1.u_fifo/fopt274/Y           -       A->Y    F     INVx6_ASAP7_75t_R            13  8.9    11     9      72    (-,-) 
  u_frontend/u_decode/genblk1.u_fifo/g6487/Y             -       B->Y    R     NAND2xp5_ASAP7_75t_R          1  0.6    13     9      81    (-,-) 
  u_frontend/u_decode/genblk1.u_fifo/g6394/Y             -       B->Y    F     OAI21xp5_ASAP7_75t_R          2  1.3    17    12      93    (-,-) 
  u_issue/g39104/Y                                       -       B->Y    F     XOR2xp5_ASAP7_75t_R           1  0.6    16    19     112    (-,-) 
  u_issue/g39000/Y                                       -       B->Y    F     AO21x1_ASAP7_75t_R            1  1.1     9    18     130    (-,-) 
  u_issue/g38988/Y                                       -       A->Y    R     NOR2x1_ASAP7_75t_R            2  1.2    14    11     140    (-,-) 
  u_issue/g38982/Y                                       -       B->Y    F     NAND2xp5_ASAP7_75t_R          1  1.1    17    12     152    (-,-) 
  u_issue/g38981/Y                                       -       B->Y    R     NOR2x1_ASAP7_75t_R            2  1.4    16    13     165    (-,-) 
  u_issue/g38975/Y                                       -       A->Y    R     AND3x4_ASAP7_75t_R            9  6.6    19    29     194    (-,-) 
  u_issue/g38974/Y                                       -       A->Y    R     BUFx6f_ASAP7_75t_R           11  9.3    13    18     212    (-,-) 
  u_issue/g38972/Y                                       -       A->Y    R     AND2x4_ASAP7_75t_R            6  4.5    12    20     232    (-,-) 
  u_issue/fopt78294/Y                                    -       A->Y    F     INVx1_ASAP7_75t_R             6  3.2    18    13     245    (-,-) 
  u_issue/g50749/Y                                       -       A->Y    R     NAND2xp5_ASAP7_75t_R          2  1.1    18    15     260    (-,-) 
  u_issue/g50609/Y                                       -       A->Y    F     NOR3xp33_ASAP7_75t_R          1  0.6    13    10     270    (-,-) 
  u_issue/g50562/Y                                       -       B->Y    R     AOI21xp5_ASAP7_75t_R          1  0.6    14    11     281    (-,-) 
  u_issue/g50534/Y                                       -       D->Y    R     AND4x2_ASAP7_75t_R            4  3.1    20    36     317    (-,-) 
  u_issue/g50446/Y                                       -       B->Y    R     OA211x2_ASAP7_75t_R           3  3.3    16    27     344    (-,-) 
  u_issue/g50386/Y                                       -       B->Y    R     AND2x6_ASAP7_75t_R           23 16.8    25    31     375    (-,-) 
  u_issue/g50309/Y                                       -       B2->Y   F     AOI22xp33_ASAP7_75t_R         1  0.6    34    13     388    (-,-) 
  u_issue/g50163/Y                                       -       B->Y    R     NAND2xp5_ASAP7_75t_R          2  1.6    25    22     410    (-,-) 
  u_exec1/fopt11150/Y                                    -       A->Y    F     INVx2_ASAP7_75t_R             5  2.7    12    10     420    (-,-) 
  u_exec1/fopt11147/Y                                    -       A->Y    R     INVx1_ASAP7_75t_R             5  2.8    19    13     433    (-,-) 
  u_exec1/greater_than_signed_350_25:sub_285_12_g1375/Y  -       A1->Y   F     AOI211xp5_ASAP7_75t_R         1  1.1    22    15     448    (-,-) 
  u_exec1/greater_than_signed_350_25:sub_285_12_g1342/Y  -       C->Y    R     AOI211x1_ASAP7_75t_R          1  0.6    16    12     460    (-,-) 
  u_exec1/greater_than_signed_350_25:sub_285_12_g1330/Y  -       A2->Y   F     OAI21xp5_ASAP7_75t_R          1  0.5    13     9     469    (-,-) 
  u_exec1/greater_than_signed_350_25:sub_285_12_g1326/Y  -       A1->Y   R     AOI211xp5_ASAP7_75t_R         1  1.0    28    17     486    (-,-) 
  u_exec1/g11289/Y                                       -       A1->Y   F     O2A1O1Ixp5_ASAP7_75t_R        1  1.0    18    15     501    (-,-) 
  u_exec1/greater_than_signed_350_25:sub_285_12_g1323/Y  -       B->Y    F     XNOR2xp5_ASAP7_75t_R          1  0.6    15    20     522    (-,-) 
  u_exec1/g10680/Y                                       -       A2->Y   F     AO21x1_ASAP7_75t_R            2  1.0     9    17     539    (-,-) 
  u_exec1/g10672/Y                                       -       B->Y    R     NAND3xp33_ASAP7_75t_R         1  0.7    17    10     549    (-,-) 
  u_exec1/g5994/Y                                        -       A->Y    F     INVx1_ASAP7_75t_R             3  2.0    14    11     560    (-,-) 
  u_issue/g42039/Y                                       -       B->Y    R     NOR2x1_ASAP7_75t_R            2  1.7    17    13     572    (-,-) 
  u_issue/g42028/Y                                       -       B->Y    R     AND2x4_ASAP7_75t_R            5  4.4    12    21     594    (-,-) 
  u_issue/g41997/Y                                       -       B->Y    F     NAND2x1p5_ASAP7_75t_R         4  2.9    16    11     605    (-,-) 
  u_issue/g41947/Y                                       -       A->Y    F     OR2x6_ASAP7_75t_R             2  6.2    13    27     632    (-,-) 
  u_issue/g41919/Y                                       -       A->Y    R     INVx8_ASAP7_75t_R            25 15.0    15    11     643    (-,-) 
  u_issue/g41830/Y                                       -       B1->Y   F     AOI221xp5_ASAP7_75t_R         1  0.6    24    12     655    (-,-) 
  u_issue/pc_x_q_reg[11]/D                               -       -       F     ASYNC_DFFHx1_ASAP7_75t_R      1    -     -     0     655    (-,-) 
#------------------------------------------------------------------------------------------------------------------------------------------------



Path 31: VIOLATED (-440 ps) Setup Check with Pin u_issue/pc_x_q_reg[8]/CLK->D
          Group: clk
     Startpoint: (R) u_frontend/u_decode/genblk1.u_fifo/rd_ptr_q_reg[0]/CLK
          Clock: (R) clk
       Endpoint: (F) u_issue/pc_x_q_reg[8]/D
          Clock: (R) clk

                     Capture       Launch     
        Clock Edge:+     250            0     
       Src Latency:+       0            0     
       Net Latency:+       0 (I)        0 (I) 
           Arrival:=     250            0     
                                              
             Setup:-      10                  
       Uncertainty:-      25                  
     Required Time:=     216                  
      Launch Clock:-       0                  
         Data Path:-     655                  
             Slack:=    -440                  

#------------------------------------------------------------------------------------------------------------------------------------------------
#                     Timing Point                       Flags    Arc    Edge           Cell            Fanout Load Trans Delay Arrival Instance 
#                                                                                                              (fF)  (ps)  (ps)   (ps)  Location 
#------------------------------------------------------------------------------------------------------------------------------------------------
  u_frontend/u_decode/genblk1.u_fifo/rd_ptr_q_reg[0]/CLK -       -       R     (arrival)                  5362    -    12     0       0    (-,-) 
  u_frontend/u_decode/genblk1.u_fifo/rd_ptr_q_reg[0]/QN  -       CLK->QN R     ASYNC_DFFHx1_ASAP7_75t_R      1  1.3    18    43      43    (-,-) 
  u_frontend/u_decode/genblk1.u_fifo/fopt275/Y           -       A->Y    R     BUFx6f_ASAP7_75t_R            8 11.6    15    19      62    (-,-) 
  u_frontend/u_decode/genblk1.u_fifo/fopt274/Y           -       A->Y    F     INVx6_ASAP7_75t_R            13  8.9    11     9      72    (-,-) 
  u_frontend/u_decode/genblk1.u_fifo/g6487/Y             -       B->Y    R     NAND2xp5_ASAP7_75t_R          1  0.6    13     9      81    (-,-) 
  u_frontend/u_decode/genblk1.u_fifo/g6394/Y             -       B->Y    F     OAI21xp5_ASAP7_75t_R          2  1.3    17    12      93    (-,-) 
  u_issue/g39104/Y                                       -       B->Y    F     XOR2xp5_ASAP7_75t_R           1  0.6    16    19     112    (-,-) 
  u_issue/g39000/Y                                       -       B->Y    F     AO21x1_ASAP7_75t_R            1  1.1     9    18     130    (-,-) 
  u_issue/g38988/Y                                       -       A->Y    R     NOR2x1_ASAP7_75t_R            2  1.2    14    11     140    (-,-) 
  u_issue/g38982/Y                                       -       B->Y    F     NAND2xp5_ASAP7_75t_R          1  1.1    17    12     152    (-,-) 
  u_issue/g38981/Y                                       -       B->Y    R     NOR2x1_ASAP7_75t_R            2  1.4    16    13     165    (-,-) 
  u_issue/g38975/Y                                       -       A->Y    R     AND3x4_ASAP7_75t_R            9  6.6    19    29     194    (-,-) 
  u_issue/g38974/Y                                       -       A->Y    R     BUFx6f_ASAP7_75t_R           11  9.3    13    18     212    (-,-) 
  u_issue/g38972/Y                                       -       A->Y    R     AND2x4_ASAP7_75t_R            6  4.5    12    20     232    (-,-) 
  u_issue/fopt78294/Y                                    -       A->Y    F     INVx1_ASAP7_75t_R             6  3.2    18    13     245    (-,-) 
  u_issue/g50749/Y                                       -       A->Y    R     NAND2xp5_ASAP7_75t_R          2  1.1    18    15     260    (-,-) 
  u_issue/g50609/Y                                       -       A->Y    F     NOR3xp33_ASAP7_75t_R          1  0.6    13    10     270    (-,-) 
  u_issue/g50562/Y                                       -       B->Y    R     AOI21xp5_ASAP7_75t_R          1  0.6    14    11     281    (-,-) 
  u_issue/g50534/Y                                       -       D->Y    R     AND4x2_ASAP7_75t_R            4  3.1    20    36     317    (-,-) 
  u_issue/g50446/Y                                       -       B->Y    R     OA211x2_ASAP7_75t_R           3  3.3    16    27     344    (-,-) 
  u_issue/g50386/Y                                       -       B->Y    R     AND2x6_ASAP7_75t_R           23 16.8    25    31     375    (-,-) 
  u_issue/g50309/Y                                       -       B2->Y   F     AOI22xp33_ASAP7_75t_R         1  0.6    34    13     388    (-,-) 
  u_issue/g50163/Y                                       -       B->Y    R     NAND2xp5_ASAP7_75t_R          2  1.6    25    22     410    (-,-) 
  u_exec1/fopt11150/Y                                    -       A->Y    F     INVx2_ASAP7_75t_R             5  2.7    12    10     420    (-,-) 
  u_exec1/fopt11147/Y                                    -       A->Y    R     INVx1_ASAP7_75t_R             5  2.8    19    13     433    (-,-) 
  u_exec1/greater_than_signed_350_25:sub_285_12_g1375/Y  -       A1->Y   F     AOI211xp5_ASAP7_75t_R         1  1.1    22    15     448    (-,-) 
  u_exec1/greater_than_signed_350_25:sub_285_12_g1342/Y  -       C->Y    R     AOI211x1_ASAP7_75t_R          1  0.6    16    12     460    (-,-) 
  u_exec1/greater_than_signed_350_25:sub_285_12_g1330/Y  -       A2->Y   F     OAI21xp5_ASAP7_75t_R          1  0.5    13     9     469    (-,-) 
  u_exec1/greater_than_signed_350_25:sub_285_12_g1326/Y  -       A1->Y   R     AOI211xp5_ASAP7_75t_R         1  1.0    28    17     486    (-,-) 
  u_exec1/g11289/Y                                       -       A1->Y   F     O2A1O1Ixp5_ASAP7_75t_R        1  1.0    18    15     501    (-,-) 
  u_exec1/greater_than_signed_350_25:sub_285_12_g1323/Y  -       B->Y    F     XNOR2xp5_ASAP7_75t_R          1  0.6    15    20     522    (-,-) 
  u_exec1/g10680/Y                                       -       A2->Y   F     AO21x1_ASAP7_75t_R            2  1.0     9    17     539    (-,-) 
  u_exec1/g10672/Y                                       -       B->Y    R     NAND3xp33_ASAP7_75t_R         1  0.7    17    10     549    (-,-) 
  u_exec1/g5994/Y                                        -       A->Y    F     INVx1_ASAP7_75t_R             3  2.0    14    11     560    (-,-) 
  u_issue/g42039/Y                                       -       B->Y    R     NOR2x1_ASAP7_75t_R            2  1.7    17    13     572    (-,-) 
  u_issue/g42028/Y                                       -       B->Y    R     AND2x4_ASAP7_75t_R            5  4.4    12    21     594    (-,-) 
  u_issue/g41997/Y                                       -       B->Y    F     NAND2x1p5_ASAP7_75t_R         4  2.9    16    11     605    (-,-) 
  u_issue/g41947/Y                                       -       A->Y    F     OR2x6_ASAP7_75t_R             2  6.2    13    27     632    (-,-) 
  u_issue/g41919/Y                                       -       A->Y    R     INVx8_ASAP7_75t_R            25 15.0    15    11     643    (-,-) 
  u_issue/g41857/Y                                       -       B1->Y   F     AOI221xp5_ASAP7_75t_R         1  0.6    23    12     655    (-,-) 
  u_issue/pc_x_q_reg[8]/D                                -       -       F     ASYNC_DFFHx1_ASAP7_75t_R      1    -     -     0     655    (-,-) 
#------------------------------------------------------------------------------------------------------------------------------------------------



Path 32: VIOLATED (-440 ps) Setup Check with Pin u_issue/pc_x_q_reg[6]/CLK->D
          Group: clk
     Startpoint: (R) u_frontend/u_decode/genblk1.u_fifo/rd_ptr_q_reg[0]/CLK
          Clock: (R) clk
       Endpoint: (F) u_issue/pc_x_q_reg[6]/D
          Clock: (R) clk

                     Capture       Launch     
        Clock Edge:+     250            0     
       Src Latency:+       0            0     
       Net Latency:+       0 (I)        0 (I) 
           Arrival:=     250            0     
                                              
             Setup:-      10                  
       Uncertainty:-      25                  
     Required Time:=     216                  
      Launch Clock:-       0                  
         Data Path:-     655                  
             Slack:=    -440                  

#------------------------------------------------------------------------------------------------------------------------------------------------
#                     Timing Point                       Flags    Arc    Edge           Cell            Fanout Load Trans Delay Arrival Instance 
#                                                                                                              (fF)  (ps)  (ps)   (ps)  Location 
#------------------------------------------------------------------------------------------------------------------------------------------------
  u_frontend/u_decode/genblk1.u_fifo/rd_ptr_q_reg[0]/CLK -       -       R     (arrival)                  5362    -    12     0       0    (-,-) 
  u_frontend/u_decode/genblk1.u_fifo/rd_ptr_q_reg[0]/QN  -       CLK->QN R     ASYNC_DFFHx1_ASAP7_75t_R      1  1.3    18    43      43    (-,-) 
  u_frontend/u_decode/genblk1.u_fifo/fopt275/Y           -       A->Y    R     BUFx6f_ASAP7_75t_R            8 11.6    15    19      62    (-,-) 
  u_frontend/u_decode/genblk1.u_fifo/fopt274/Y           -       A->Y    F     INVx6_ASAP7_75t_R            13  8.9    11     9      72    (-,-) 
  u_frontend/u_decode/genblk1.u_fifo/g6487/Y             -       B->Y    R     NAND2xp5_ASAP7_75t_R          1  0.6    13     9      81    (-,-) 
  u_frontend/u_decode/genblk1.u_fifo/g6394/Y             -       B->Y    F     OAI21xp5_ASAP7_75t_R          2  1.3    17    12      93    (-,-) 
  u_issue/g39104/Y                                       -       B->Y    F     XOR2xp5_ASAP7_75t_R           1  0.6    16    19     112    (-,-) 
  u_issue/g39000/Y                                       -       B->Y    F     AO21x1_ASAP7_75t_R            1  1.1     9    18     130    (-,-) 
  u_issue/g38988/Y                                       -       A->Y    R     NOR2x1_ASAP7_75t_R            2  1.2    14    11     140    (-,-) 
  u_issue/g38982/Y                                       -       B->Y    F     NAND2xp5_ASAP7_75t_R          1  1.1    17    12     152    (-,-) 
  u_issue/g38981/Y                                       -       B->Y    R     NOR2x1_ASAP7_75t_R            2  1.4    16    13     165    (-,-) 
  u_issue/g38975/Y                                       -       A->Y    R     AND3x4_ASAP7_75t_R            9  6.6    19    29     194    (-,-) 
  u_issue/g38974/Y                                       -       A->Y    R     BUFx6f_ASAP7_75t_R           11  9.3    13    18     212    (-,-) 
  u_issue/g38972/Y                                       -       A->Y    R     AND2x4_ASAP7_75t_R            6  4.5    12    20     232    (-,-) 
  u_issue/fopt78294/Y                                    -       A->Y    F     INVx1_ASAP7_75t_R             6  3.2    18    13     245    (-,-) 
  u_issue/g50749/Y                                       -       A->Y    R     NAND2xp5_ASAP7_75t_R          2  1.1    18    15     260    (-,-) 
  u_issue/g50609/Y                                       -       A->Y    F     NOR3xp33_ASAP7_75t_R          1  0.6    13    10     270    (-,-) 
  u_issue/g50562/Y                                       -       B->Y    R     AOI21xp5_ASAP7_75t_R          1  0.6    14    11     281    (-,-) 
  u_issue/g50534/Y                                       -       D->Y    R     AND4x2_ASAP7_75t_R            4  3.1    20    36     317    (-,-) 
  u_issue/g50446/Y                                       -       B->Y    R     OA211x2_ASAP7_75t_R           3  3.3    16    27     344    (-,-) 
  u_issue/g50386/Y                                       -       B->Y    R     AND2x6_ASAP7_75t_R           23 16.8    25    31     375    (-,-) 
  u_issue/g50309/Y                                       -       B2->Y   F     AOI22xp33_ASAP7_75t_R         1  0.6    34    13     388    (-,-) 
  u_issue/g50163/Y                                       -       B->Y    R     NAND2xp5_ASAP7_75t_R          2  1.6    25    22     410    (-,-) 
  u_exec1/fopt11150/Y                                    -       A->Y    F     INVx2_ASAP7_75t_R             5  2.7    12    10     420    (-,-) 
  u_exec1/fopt11147/Y                                    -       A->Y    R     INVx1_ASAP7_75t_R             5  2.8    19    13     433    (-,-) 
  u_exec1/greater_than_signed_350_25:sub_285_12_g1375/Y  -       A1->Y   F     AOI211xp5_ASAP7_75t_R         1  1.1    22    15     448    (-,-) 
  u_exec1/greater_than_signed_350_25:sub_285_12_g1342/Y  -       C->Y    R     AOI211x1_ASAP7_75t_R          1  0.6    16    12     460    (-,-) 
  u_exec1/greater_than_signed_350_25:sub_285_12_g1330/Y  -       A2->Y   F     OAI21xp5_ASAP7_75t_R          1  0.5    13     9     469    (-,-) 
  u_exec1/greater_than_signed_350_25:sub_285_12_g1326/Y  -       A1->Y   R     AOI211xp5_ASAP7_75t_R         1  1.0    28    17     486    (-,-) 
  u_exec1/g11289/Y                                       -       A1->Y   F     O2A1O1Ixp5_ASAP7_75t_R        1  1.0    18    15     501    (-,-) 
  u_exec1/greater_than_signed_350_25:sub_285_12_g1323/Y  -       B->Y    F     XNOR2xp5_ASAP7_75t_R          1  0.6    15    20     522    (-,-) 
  u_exec1/g10680/Y                                       -       A2->Y   F     AO21x1_ASAP7_75t_R            2  1.0     9    17     539    (-,-) 
  u_exec1/g10672/Y                                       -       B->Y    R     NAND3xp33_ASAP7_75t_R         1  0.7    17    10     549    (-,-) 
  u_exec1/g5994/Y                                        -       A->Y    F     INVx1_ASAP7_75t_R             3  2.0    14    11     560    (-,-) 
  u_issue/g42039/Y                                       -       B->Y    R     NOR2x1_ASAP7_75t_R            2  1.7    17    13     572    (-,-) 
  u_issue/g42028/Y                                       -       B->Y    R     AND2x4_ASAP7_75t_R            5  4.4    12    21     594    (-,-) 
  u_issue/g41997/Y                                       -       B->Y    F     NAND2x1p5_ASAP7_75t_R         4  2.9    16    11     605    (-,-) 
  u_issue/g41947/Y                                       -       A->Y    F     OR2x6_ASAP7_75t_R             2  6.2    13    27     632    (-,-) 
  u_issue/g41919/Y                                       -       A->Y    R     INVx8_ASAP7_75t_R            25 15.0    15    11     643    (-,-) 
  u_issue/g41853/Y                                       -       B1->Y   F     AOI221xp5_ASAP7_75t_R         1  0.6    23    12     655    (-,-) 
  u_issue/pc_x_q_reg[6]/D                                -       -       F     ASYNC_DFFHx1_ASAP7_75t_R      1    -     -     0     655    (-,-) 
#------------------------------------------------------------------------------------------------------------------------------------------------



Path 33: VIOLATED (-440 ps) Setup Check with Pin u_issue/pc_x_q_reg[7]/CLK->D
          Group: clk
     Startpoint: (R) u_frontend/u_decode/genblk1.u_fifo/rd_ptr_q_reg[0]/CLK
          Clock: (R) clk
       Endpoint: (R) u_issue/pc_x_q_reg[7]/D
          Clock: (R) clk

                     Capture       Launch     
        Clock Edge:+     250            0     
       Src Latency:+       0            0     
       Net Latency:+       0 (I)        0 (I) 
           Arrival:=     250            0     
                                              
             Setup:-       9                  
       Uncertainty:-      25                  
     Required Time:=     216                  
      Launch Clock:-       0                  
         Data Path:-     655                  
             Slack:=    -440                  

#------------------------------------------------------------------------------------------------------------------------------------------------
#                     Timing Point                       Flags    Arc    Edge           Cell            Fanout Load Trans Delay Arrival Instance 
#                                                                                                              (fF)  (ps)  (ps)   (ps)  Location 
#------------------------------------------------------------------------------------------------------------------------------------------------
  u_frontend/u_decode/genblk1.u_fifo/rd_ptr_q_reg[0]/CLK -       -       R     (arrival)                  5362    -    12     0       0    (-,-) 
  u_frontend/u_decode/genblk1.u_fifo/rd_ptr_q_reg[0]/QN  -       CLK->QN R     ASYNC_DFFHx1_ASAP7_75t_R      1  1.3    18    43      43    (-,-) 
  u_frontend/u_decode/genblk1.u_fifo/fopt275/Y           -       A->Y    R     BUFx6f_ASAP7_75t_R            8 11.6    15    19      62    (-,-) 
  u_frontend/u_decode/genblk1.u_fifo/fopt274/Y           -       A->Y    F     INVx6_ASAP7_75t_R            13  8.9    11     9      72    (-,-) 
  u_frontend/u_decode/genblk1.u_fifo/g6487/Y             -       B->Y    R     NAND2xp5_ASAP7_75t_R          1  0.6    13     9      81    (-,-) 
  u_frontend/u_decode/genblk1.u_fifo/g6394/Y             -       B->Y    F     OAI21xp5_ASAP7_75t_R          2  1.3    17    12      93    (-,-) 
  u_issue/g39104/Y                                       -       B->Y    F     XOR2xp5_ASAP7_75t_R           1  0.6    16    19     112    (-,-) 
  u_issue/g39000/Y                                       -       B->Y    F     AO21x1_ASAP7_75t_R            1  1.1     9    18     130    (-,-) 
  u_issue/g38988/Y                                       -       A->Y    R     NOR2x1_ASAP7_75t_R            2  1.2    14    11     140    (-,-) 
  u_issue/g38982/Y                                       -       B->Y    F     NAND2xp5_ASAP7_75t_R          1  1.1    17    12     152    (-,-) 
  u_issue/g38981/Y                                       -       B->Y    R     NOR2x1_ASAP7_75t_R            2  1.4    16    13     165    (-,-) 
  u_issue/g38975/Y                                       -       A->Y    R     AND3x4_ASAP7_75t_R            9  6.6    19    29     194    (-,-) 
  u_issue/g38974/Y                                       -       A->Y    R     BUFx6f_ASAP7_75t_R           11  9.3    13    18     212    (-,-) 
  u_issue/g38972/Y                                       -       A->Y    R     AND2x4_ASAP7_75t_R            6  4.5    12    20     232    (-,-) 
  u_issue/fopt78294/Y                                    -       A->Y    F     INVx1_ASAP7_75t_R             6  3.2    18    13     245    (-,-) 
  u_issue/g50749/Y                                       -       A->Y    R     NAND2xp5_ASAP7_75t_R          2  1.1    18    15     260    (-,-) 
  u_issue/g50609/Y                                       -       A->Y    F     NOR3xp33_ASAP7_75t_R          1  0.6    13    10     270    (-,-) 
  u_issue/g50562/Y                                       -       B->Y    R     AOI21xp5_ASAP7_75t_R          1  0.6    14    11     281    (-,-) 
  u_issue/g50534/Y                                       -       D->Y    R     AND4x2_ASAP7_75t_R            4  3.1    20    36     317    (-,-) 
  u_issue/g50446/Y                                       -       B->Y    R     OA211x2_ASAP7_75t_R           3  3.3    16    27     344    (-,-) 
  u_issue/g50385/Y                                       -       B->Y    R     AND2x4_ASAP7_75t_R           12  9.3    21    25     369    (-,-) 
  u_issue/fopt78629/Y                                    -       A->Y    F     INVx4_ASAP7_75t_R            14  8.5    15    12     381    (-,-) 
  u_issue/fopt78628/Y                                    -       A->Y    R     INVx1_ASAP7_75t_R             3  1.6    14    11     392    (-,-) 
  u_issue/g50110/Y                                       -       A1->Y   R     AO221x2_ASAP7_75t_R           4  2.7    17    29     421    (-,-) 
  u_exec1/g10969/Y                                       -       A->Y    R     XNOR2xp5_ASAP7_75t_R          1  0.5    18    16     437    (-,-) 
  u_exec1/g10910/Y                                       -       D->Y    F     NAND4xp25_ASAP7_75t_R         1  0.5    22    16     453    (-,-) 
  u_exec1/g10888/Y                                       -       C->Y    R     NOR3xp33_ASAP7_75t_R          1  0.8    26    20     473    (-,-) 
  u_exec1/g10828/Y                                       -       A->Y    F     NAND2xp67_ASAP7_75t_R         2  1.9    26    16     489    (-,-) 
  u_exec1/g10780/Y                                       -       A->Y    R     NOR3x1_ASAP7_75t_R            2  1.2    22    14     503    (-,-) 
  u_exec1/g10677/Y                                       -       A1->Y   F     O2A1O1Ixp33_ASAP7_75t_R       2  0.8    17    14     517    (-,-) 
  u_exec1/g10673/Y                                       -       B->Y    R     AOI311xp33_ASAP7_75t_R        1  0.5    23    17     534    (-,-) 
  u_exec1/g10672/Y                                       -       C->Y    F     NAND3xp33_ASAP7_75t_R         1  0.7    18    14     548    (-,-) 
  u_exec1/g5994/Y                                        -       A->Y    R     INVx1_ASAP7_75t_R             3  2.0    16    13     560    (-,-) 
  u_issue/g42039/Y                                       -       B->Y    F     NOR2x1_ASAP7_75t_R            2  1.7    16    12     573    (-,-) 
  u_issue/g42028/Y                                       -       B->Y    F     AND2x4_ASAP7_75t_R            5  4.4    10    20     593    (-,-) 
  u_issue/g41997/Y                                       -       B->Y    R     NAND2x1p5_ASAP7_75t_R         4  2.9    21    12     605    (-,-) 
  u_issue/g41978/Y                                       -       A->Y    R     BUFx3_ASAP7_75t_R            16  9.6    22    24     629    (-,-) 
  u_issue/g41914/Y                                       -       A2->Y   F     OAI21xp5_ASAP7_75t_R          1  0.5    15    10     639    (-,-) 
  u_issue/g41856/Y                                       -       A2->Y   R     AOI221xp5_ASAP7_75t_R         1  0.6    23    16     655    (-,-) 
  u_issue/pc_x_q_reg[7]/D                                -       -       R     ASYNC_DFFHx1_ASAP7_75t_R      1    -     -     0     655    (-,-) 
#------------------------------------------------------------------------------------------------------------------------------------------------



Path 34: VIOLATED (-439 ps) Setup Check with Pin u_frontend/u_npc/BRANCH_PREDICTION.ras_stack_q_reg[2][0]/CLK->D
          Group: clk
     Startpoint: (R) u_frontend/u_decode/genblk1.u_fifo/rd_ptr_q_reg[0]/CLK
          Clock: (R) clk
       Endpoint: (F) u_frontend/u_npc/BRANCH_PREDICTION.ras_stack_q_reg[2][0]/D
          Clock: (R) clk

                     Capture       Launch     
        Clock Edge:+     250            0     
       Src Latency:+       0            0     
       Net Latency:+       0 (I)        0 (I) 
           Arrival:=     250            0     
                                              
             Setup:-       8                  
       Uncertainty:-      25                  
     Required Time:=     217                  
      Launch Clock:-       0                  
         Data Path:-     656                  
             Slack:=    -439                  

#----------------------------------------------------------------------------------------------------------------------------------------------------
#                       Timing Point                         Flags    Arc    Edge           Cell            Fanout Load Trans Delay Arrival Instance 
#                                                                                                                  (fF)  (ps)  (ps)   (ps)  Location 
#----------------------------------------------------------------------------------------------------------------------------------------------------
  u_frontend/u_decode/genblk1.u_fifo/rd_ptr_q_reg[0]/CLK     -       -       R     (arrival)                  5362    -    12     0       0    (-,-) 
  u_frontend/u_decode/genblk1.u_fifo/rd_ptr_q_reg[0]/QN      -       CLK->QN R     ASYNC_DFFHx1_ASAP7_75t_R      1  1.3    18    43      43    (-,-) 
  u_frontend/u_decode/genblk1.u_fifo/fopt275/Y               -       A->Y    R     BUFx6f_ASAP7_75t_R            8 11.6    15    19      62    (-,-) 
  u_frontend/u_decode/genblk1.u_fifo/fopt274/Y               -       A->Y    F     INVx6_ASAP7_75t_R            13  8.9    11     9      72    (-,-) 
  u_frontend/u_decode/genblk1.u_fifo/g6492/Y                 -       B->Y    R     NAND2xp5_ASAP7_75t_R          1  0.6    11     9      81    (-,-) 
  u_frontend/u_decode/genblk1.u_fifo/g6454/Y                 -       B->Y    F     OAI21xp5_ASAP7_75t_R          2  1.3    17    12      92    (-,-) 
  u_issue/g39105/Y                                           -       B->Y    F     XOR2xp5_ASAP7_75t_R           1  1.6    24    22     114    (-,-) 
  u_issue/g38990/Y                                           -       C->Y    R     NOR4xp75_ASAP7_75t_R          1  1.6    31    24     138    (-,-) 
  u_issue/g38985/Y                                           -       A->Y    F     NAND2x1p5_ASAP7_75t_R         1  1.6    14    11     150    (-,-) 
  u_issue/g38979/Y                                           -       B->Y    R     NOR2x1p5_ASAP7_75t_R          3  2.6    18    13     163    (-,-) 
  u_issue/g38978/Y                                           -       A->Y    F     INVx2_ASAP7_75t_R             2  1.7     8     7     170    (-,-) 
  u_issue/g39123/Y                                           -       A->Y    F     OR3x1_ASAP7_75t_R             2  1.5    14    25     195    (-,-) 
  u_issue/g76836/Y                                           -       A1->Y   F     AO31x2_ASAP7_75t_R            4  2.8    10    17     212    (-,-) 
  u_frontend/u_fetch/fopt30/Y                                -       A->Y    F     BUFx6f_ASAP7_75t_R           10  9.3    11    17     229    (-,-) 
  u_frontend/u_fetch/fopt6550/Y                              -       A->Y    F     BUFx3_ASAP7_75t_R             4  2.5     8    15     244    (-,-) 
  u_frontend/u_fetch/fopt6549/Y                              -       A->Y    R     INVx1_ASAP7_75t_R             2  1.2    10     7     252    (-,-) 
  u_frontend/u_fetch/g6231/Y                                 -       B1->Y   F     OAI22xp5_ASAP7_75t_R          2  0.9    14    10     262    (-,-) 
  u_frontend/u_fetch/g6090/Y                                 -       A1->Y   F     AO22x2_ASAP7_75t_R            1  2.6    11    24     286    (-,-) 
  u_frontend/u_fetch/fopt6534/Y                              -       A->Y    F     BUFx12f_ASAP7_75t_R          22 19.4    13    18     304    (-,-) 
  u_frontend/u_npc/fopt282669/Y                              -       A->Y    R     INVx6_ASAP7_75t_R            13  8.6    12    10     313    (-,-) 
  u_frontend/u_npc/fopt282657/Y                              -       A->Y    F     INVx3_ASAP7_75t_R             5  2.9     8     7     320    (-,-) 
  u_frontend/u_npc/g277933/Y                                 -       B2->Y   R     AOI22xp33_ASAP7_75t_R         1  0.5    17    11     331    (-,-) 
  u_frontend/u_npc/g277178/Y                                 -       A->Y    F     NAND2xp5_ASAP7_75t_R          1  0.4    10     8     340    (-,-) 
  u_frontend/u_npc/g276696/Y                                 -       A->Y    R     NOR2xp33_ASAP7_75t_R          1  0.6    17    12     352    (-,-) 
  u_frontend/u_npc/g276671/Y                                 -       B->Y    F     NAND2xp5_ASAP7_75t_R          2  1.1    16    13     365    (-,-) 
  u_frontend/u_npc/g276359/Y                                 -       B->Y    R     NOR2xp67_ASAP7_75t_R          1  0.6    13    11     376    (-,-) 
  u_frontend/u_npc/g276254/Y                                 -       B->Y    F     NAND2xp5_ASAP7_75t_R          3  1.5    19    14     389    (-,-) 
  u_frontend/u_npc/g283300/Y                                 -       B->Y    F     AND2x2_ASAP7_75t_R            2  1.1     7    20     410    (-,-) 
  u_frontend/u_npc/g276013/Y                                 -       B->Y    R     NAND2xp5_ASAP7_75t_R          2  1.6    21    13     422    (-,-) 
  u_frontend/u_npc/g275947/Y                                 -       B->Y    F     NOR2x1_ASAP7_75t_R            2  0.9    12    11     433    (-,-) 
  u_frontend/u_npc/g275907/Y                                 -       B->Y    F     AND2x2_ASAP7_75t_R            4  2.4    11    20     453    (-,-) 
  u_frontend/u_npc/g275875/Y                                 -       B->Y    F     AND2x2_ASAP7_75t_R            3  1.7     9    18     472    (-,-) 
  u_frontend/u_npc/g275862/Y                                 -       B->Y    R     NAND2xp5_ASAP7_75t_R          1  1.4    20    12     484    (-,-) 
  u_frontend/u_npc/g275821/Y                                 -       B->Y    F     OAI21x1_ASAP7_75t_R           4  2.1    17    13     497    (-,-) 
  u_frontend/u_npc/g230703/Y                                 -       A1->Y   R     AOI222xp33_ASAP7_75t_R        1  0.6    25    17     514    (-,-) 
  u_frontend/u_npc/g230604/Y                                 -       A->Y    R     AND4x1_ASAP7_75t_R            1  0.6    11    26     541    (-,-) 
  u_frontend/u_npc/g230592/Y                                 -       B->Y    F     NAND2xp5_ASAP7_75t_R          1  1.1    16    11     552    (-,-) 
  u_frontend/u_npc/g230289/Y                                 -       A->Y    R     NOR2x1_ASAP7_75t_R            1  1.4    15    13     565    (-,-) 
  u_frontend/u_npc/g230008/Y                                 -       B->Y    F     OAI21x1_ASAP7_75t_R           5  2.4    17    13     578    (-,-) 
  u_frontend/u_npc/g229492/Y                                 -       A->Y    R     INVxp67_ASAP7_75t_R           2  1.1    14    11     589    (-,-) 
  u_frontend/u_npc/g227430/Y                                 -       A2->Y   F     OAI21xp5_ASAP7_75t_R          1  0.6    12     9     598    (-,-) 
  u_frontend/u_npc/g226906/Y                                 -       B->Y    R     AOI21xp5_ASAP7_75t_R          1  0.6    14    11     609    (-,-) 
  u_frontend/u_npc/g226891/Y                                 -       B->Y    R     OA21x2_ASAP7_75t_R            4  3.1    14    21     629    (-,-) 
  u_frontend/u_npc/g226888/Y                                 -       A->Y    F     INVx2_ASAP7_75t_R             2  1.2     6     6     635    (-,-) 
  u_frontend/u_npc/g226847/Y                                 -       B->Y    R     NAND2xp5_ASAP7_75t_R          2  1.2    20    10     646    (-,-) 
  u_frontend/u_npc/g226709/Y                                 -       A1->Y   F     OAI21xp5_ASAP7_75t_R          1  0.6    13    11     656    (-,-) 
  u_frontend/u_npc/BRANCH_PREDICTION.ras_stack_q_reg[2][0]/D -       -       F     ASYNC_DFFHx1_ASAP7_75t_R      1    -     -     0     656    (-,-) 
#----------------------------------------------------------------------------------------------------------------------------------------------------



Path 35: VIOLATED (-439 ps) Setup Check with Pin u_frontend/u_npc/BRANCH_PREDICTION.ras_stack_q_reg[0][0]/CLK->D
          Group: clk
     Startpoint: (R) u_frontend/u_decode/genblk1.u_fifo/rd_ptr_q_reg[0]/CLK
          Clock: (R) clk
       Endpoint: (F) u_frontend/u_npc/BRANCH_PREDICTION.ras_stack_q_reg[0][0]/D
          Clock: (R) clk

                     Capture       Launch     
        Clock Edge:+     250            0     
       Src Latency:+       0            0     
       Net Latency:+       0 (I)        0 (I) 
           Arrival:=     250            0     
                                              
             Setup:-       8                  
       Uncertainty:-      25                  
     Required Time:=     217                  
      Launch Clock:-       0                  
         Data Path:-     656                  
             Slack:=    -439                  

#----------------------------------------------------------------------------------------------------------------------------------------------------
#                       Timing Point                         Flags    Arc    Edge           Cell            Fanout Load Trans Delay Arrival Instance 
#                                                                                                                  (fF)  (ps)  (ps)   (ps)  Location 
#----------------------------------------------------------------------------------------------------------------------------------------------------
  u_frontend/u_decode/genblk1.u_fifo/rd_ptr_q_reg[0]/CLK     -       -       R     (arrival)                  5362    -    12     0       0    (-,-) 
  u_frontend/u_decode/genblk1.u_fifo/rd_ptr_q_reg[0]/QN      -       CLK->QN R     ASYNC_DFFHx1_ASAP7_75t_R      1  1.3    18    43      43    (-,-) 
  u_frontend/u_decode/genblk1.u_fifo/fopt275/Y               -       A->Y    R     BUFx6f_ASAP7_75t_R            8 11.6    15    19      62    (-,-) 
  u_frontend/u_decode/genblk1.u_fifo/fopt274/Y               -       A->Y    F     INVx6_ASAP7_75t_R            13  8.9    11     9      72    (-,-) 
  u_frontend/u_decode/genblk1.u_fifo/g6492/Y                 -       B->Y    R     NAND2xp5_ASAP7_75t_R          1  0.6    11     9      81    (-,-) 
  u_frontend/u_decode/genblk1.u_fifo/g6454/Y                 -       B->Y    F     OAI21xp5_ASAP7_75t_R          2  1.3    17    12      92    (-,-) 
  u_issue/g39105/Y                                           -       B->Y    F     XOR2xp5_ASAP7_75t_R           1  1.6    24    22     114    (-,-) 
  u_issue/g38990/Y                                           -       C->Y    R     NOR4xp75_ASAP7_75t_R          1  1.6    31    24     138    (-,-) 
  u_issue/g38985/Y                                           -       A->Y    F     NAND2x1p5_ASAP7_75t_R         1  1.6    14    11     150    (-,-) 
  u_issue/g38979/Y                                           -       B->Y    R     NOR2x1p5_ASAP7_75t_R          3  2.6    18    13     163    (-,-) 
  u_issue/g38978/Y                                           -       A->Y    F     INVx2_ASAP7_75t_R             2  1.7     8     7     170    (-,-) 
  u_issue/g39123/Y                                           -       A->Y    F     OR3x1_ASAP7_75t_R             2  1.5    14    25     195    (-,-) 
  u_issue/g76836/Y                                           -       A1->Y   F     AO31x2_ASAP7_75t_R            4  2.8    10    17     212    (-,-) 
  u_frontend/u_fetch/fopt30/Y                                -       A->Y    F     BUFx6f_ASAP7_75t_R           10  9.3    11    17     229    (-,-) 
  u_frontend/u_fetch/fopt6550/Y                              -       A->Y    F     BUFx3_ASAP7_75t_R             4  2.5     8    15     244    (-,-) 
  u_frontend/u_fetch/fopt6549/Y                              -       A->Y    R     INVx1_ASAP7_75t_R             2  1.2    10     7     252    (-,-) 
  u_frontend/u_fetch/g6231/Y                                 -       B1->Y   F     OAI22xp5_ASAP7_75t_R          2  0.9    14    10     262    (-,-) 
  u_frontend/u_fetch/g6090/Y                                 -       A1->Y   F     AO22x2_ASAP7_75t_R            1  2.6    11    24     286    (-,-) 
  u_frontend/u_fetch/fopt6534/Y                              -       A->Y    F     BUFx12f_ASAP7_75t_R          22 19.4    13    18     304    (-,-) 
  u_frontend/u_npc/fopt282669/Y                              -       A->Y    R     INVx6_ASAP7_75t_R            13  8.6    12    10     313    (-,-) 
  u_frontend/u_npc/fopt282657/Y                              -       A->Y    F     INVx3_ASAP7_75t_R             5  2.9     8     7     320    (-,-) 
  u_frontend/u_npc/g277933/Y                                 -       B2->Y   R     AOI22xp33_ASAP7_75t_R         1  0.5    17    11     331    (-,-) 
  u_frontend/u_npc/g277178/Y                                 -       A->Y    F     NAND2xp5_ASAP7_75t_R          1  0.4    10     8     340    (-,-) 
  u_frontend/u_npc/g276696/Y                                 -       A->Y    R     NOR2xp33_ASAP7_75t_R          1  0.6    17    12     352    (-,-) 
  u_frontend/u_npc/g276671/Y                                 -       B->Y    F     NAND2xp5_ASAP7_75t_R          2  1.1    16    13     365    (-,-) 
  u_frontend/u_npc/g276359/Y                                 -       B->Y    R     NOR2xp67_ASAP7_75t_R          1  0.6    13    11     376    (-,-) 
  u_frontend/u_npc/g276254/Y                                 -       B->Y    F     NAND2xp5_ASAP7_75t_R          3  1.5    19    14     389    (-,-) 
  u_frontend/u_npc/g283300/Y                                 -       B->Y    F     AND2x2_ASAP7_75t_R            2  1.1     7    20     410    (-,-) 
  u_frontend/u_npc/g276013/Y                                 -       B->Y    R     NAND2xp5_ASAP7_75t_R          2  1.6    21    13     422    (-,-) 
  u_frontend/u_npc/g275947/Y                                 -       B->Y    F     NOR2x1_ASAP7_75t_R            2  0.9    12    11     433    (-,-) 
  u_frontend/u_npc/g275907/Y                                 -       B->Y    F     AND2x2_ASAP7_75t_R            4  2.4    11    20     453    (-,-) 
  u_frontend/u_npc/g275875/Y                                 -       B->Y    F     AND2x2_ASAP7_75t_R            3  1.7     9    18     472    (-,-) 
  u_frontend/u_npc/g275862/Y                                 -       B->Y    R     NAND2xp5_ASAP7_75t_R          1  1.4    20    12     484    (-,-) 
  u_frontend/u_npc/g275821/Y                                 -       B->Y    F     OAI21x1_ASAP7_75t_R           4  2.1    17    13     497    (-,-) 
  u_frontend/u_npc/g230703/Y                                 -       A1->Y   R     AOI222xp33_ASAP7_75t_R        1  0.6    25    17     514    (-,-) 
  u_frontend/u_npc/g230604/Y                                 -       A->Y    R     AND4x1_ASAP7_75t_R            1  0.6    11    26     541    (-,-) 
  u_frontend/u_npc/g230592/Y                                 -       B->Y    F     NAND2xp5_ASAP7_75t_R          1  1.1    16    11     552    (-,-) 
  u_frontend/u_npc/g230289/Y                                 -       A->Y    R     NOR2x1_ASAP7_75t_R            1  1.4    15    13     565    (-,-) 
  u_frontend/u_npc/g230008/Y                                 -       B->Y    F     OAI21x1_ASAP7_75t_R           5  2.4    17    13     578    (-,-) 
  u_frontend/u_npc/g228457/Y                                 -       A->Y    F     AND2x2_ASAP7_75t_R            4  2.4    11    23     600    (-,-) 
  u_frontend/u_npc/g227936/Y                                 -       B->Y    R     NOR2xp67_ASAP7_75t_R          2  1.0    16    11     611    (-,-) 
  u_frontend/u_npc/g226897/Y                                 -       A->Y    F     NOR2xp33_ASAP7_75t_R          2  1.0    22    17     628    (-,-) 
  u_frontend/u_npc/g226851/Y                                 -       A->Y    R     NAND2xp5_ASAP7_75t_R          2  1.0    18    16     644    (-,-) 
  u_frontend/u_npc/g226711/Y                                 -       A1->Y   F     OAI21xp33_ASAP7_75t_R         1  0.6    16    12     656    (-,-) 
  u_frontend/u_npc/BRANCH_PREDICTION.ras_stack_q_reg[0][0]/D -       -       F     ASYNC_DFFHx1_ASAP7_75t_R      1    -     -     0     656    (-,-) 
#----------------------------------------------------------------------------------------------------------------------------------------------------



Path 36: VIOLATED (-439 ps) Setup Check with Pin u_lsu/mem_addr_q_reg[19]/CLK->D
          Group: clk
     Startpoint: (R) u_frontend/u_decode/genblk1.u_fifo/rd_ptr_q_reg[0]/CLK
          Clock: (R) clk
       Endpoint: (R) u_lsu/mem_addr_q_reg[19]/D
          Clock: (R) clk

                     Capture       Launch     
        Clock Edge:+     250            0     
       Src Latency:+       0            0     
       Net Latency:+       0 (I)        0 (I) 
           Arrival:=     250            0     
                                              
             Setup:-       9                  
       Uncertainty:-      25                  
     Required Time:=     216                  
      Launch Clock:-       0                  
         Data Path:-     655                  
             Slack:=    -439                  

#------------------------------------------------------------------------------------------------------------------------------------------------
#                     Timing Point                       Flags    Arc    Edge           Cell            Fanout Load Trans Delay Arrival Instance 
#                                                                                                              (fF)  (ps)  (ps)   (ps)  Location 
#------------------------------------------------------------------------------------------------------------------------------------------------
  u_frontend/u_decode/genblk1.u_fifo/rd_ptr_q_reg[0]/CLK -       -       R     (arrival)                  5362    -    12     0       0    (-,-) 
  u_frontend/u_decode/genblk1.u_fifo/rd_ptr_q_reg[0]/QN  -       CLK->QN F     ASYNC_DFFHx1_ASAP7_75t_R      1  1.3    17    41      41    (-,-) 
  u_frontend/u_decode/genblk1.u_fifo/fopt275/Y           -       A->Y    F     BUFx6f_ASAP7_75t_R            8 11.6    13    20      61    (-,-) 
  u_frontend/u_decode/genblk1.u_fifo/fopt253/Y           -       A->Y    F     BUFx6f_ASAP7_75t_R           15 11.0    13    18      79    (-,-) 
  u_frontend/u_decode/genblk1.u_fifo/fopt252/Y           -       A->Y    R     INVx4_ASAP7_75t_R             9  8.1    15    11      90    (-,-) 
  u_frontend/u_decode/genblk1.u_fifo/fopt221/Y           -       A->Y    R     BUFx6f_ASAP7_75t_R           12  7.2    11    16     107    (-,-) 
  u_frontend/u_decode/genblk1.u_fifo/g6453/Y             -       A2->Y   R     AO22x1_ASAP7_75t_R            6  3.4    24    26     133    (-,-) 
  u_frontend/u_decode/genblk1.u_dec1/g14075/Y            -       A->Y    F     INVx2_ASAP7_75t_R             5  3.2    13    11     144    (-,-) 
  u_frontend/u_decode/genblk1.u_dec1/g13974_14081/Y      -       C->Y    R     NAND3x1_ASAP7_75t_R           5  2.8    30    22     165    (-,-) 
  u_frontend/u_decode/genblk1.u_dec1/g13935/Y            -       B->Y    F     NOR2xp33_ASAP7_75t_R          1  1.0    24    20     186    (-,-) 
  u_frontend/u_decode/genblk1.u_dec1/g13895/Y            -       A->Y    R     NAND2x1_ASAP7_75t_R           3  2.2    24    20     206    (-,-) 
  u_frontend/u_decode/genblk1.u_dec1/g13890/Y            -       A->Y    F     INVxp67_ASAP7_75t_R           1  0.6    10     9     214    (-,-) 
  u_issue/g77521/Y                                       -       A1->Y   R     AOI22xp5_ASAP7_75t_R          2  1.3    24    15     230    (-,-) 
  u_issue/g77049/Y                                       -       B->Y    F     NAND2xp5_ASAP7_75t_R          2  1.1    18    14     244    (-,-) 
  u_issue/g77027/Y                                       -       A->Y    R     INVx1_ASAP7_75t_R             1  0.6     9     8     252    (-,-) 
  u_issue/g76885/Y                                       -       A2->Y   R     AO21x2_ASAP7_75t_R            2  2.1    10    17     269    (-,-) 
  u_issue/g76832/Y                                       -       A->Y    R     BUFx3_ASAP7_75t_R             2  2.6     9    15     284    (-,-) 
  u_issue/g76831/Y                                       -       A->Y    F     INVx2_ASAP7_75t_R             3  3.0     9     7     291    (-,-) 
  u_issue/g76532/Y                                       -       A->Y    R     NOR2xp67_ASAP7_75t_R          3  1.8    24    16     307    (-,-) 
  u_issue/g76350/Y                                       -       A2->Y   F     OAI22xp5_ASAP7_75t_R          1  0.6    14    12     319    (-,-) 
  u_issue/g76236/Y                                       -       A->Y    F     AND3x1_ASAP7_75t_R            1  0.5     6    14     333    (-,-) 
  u_issue/g76226/Y                                       -       B->Y    R     AOI31xp33_ASAP7_75t_R         1  0.6    24    13     346    (-,-) 
  u_issue/g76045/Y                                       -       B->Y    R     AND2x2_ASAP7_75t_R            1  1.6    10    22     369    (-,-) 
  u_issue/g75830/Y                                       -       D->Y    F     NAND4xp75_ASAP7_75t_R         2  2.6    28    19     388    (-,-) 
  u_issue/g75811/Y                                       -       B->Y    R     AOI21x1_ASAP7_75t_R           2  2.7    25    20     408    (-,-) 
  u_issue/g75809/Y                                       -       A->Y    F     INVx2_ASAP7_75t_R             1  1.4     9     7     415    (-,-) 
  u_issue/g75801/Y                                       -       B->Y    R     NOR3x1_ASAP7_75t_R            1  1.3    16    12     428    (-,-) 
  u_issue/fopt14/Y                                       -       A->Y    R     BUFx6f_ASAP7_75t_R           12  9.1    13    18     445    (-,-) 
  u_issue/buff/Y                                         -       A->Y    R     BUFx6f_ASAP7_75t_R           12  6.9    10    16     461    (-,-) 
  u_issue/g75698/Y                                       -       A2->Y   F     OAI22xp5_ASAP7_75t_R          3  2.1    26    15     476    (-,-) 
  u_lsu/ADD_TC_OP_45_g2491/Y                             -       B->Y    R     NAND2xp5_ASAP7_75t_R          3  1.7    24    20     496    (-,-) 
  u_lsu/ADD_TC_OP_45_g2309/Y                             -       A1->Y   F     OAI21xp5_ASAP7_75t_R          1  0.6    14    12     507    (-,-) 
  u_lsu/ADD_TC_OP_45_g2276/Y                             -       B->Y    F     AO21x2_ASAP7_75t_R            4  3.3    13    23     530    (-,-) 
  u_lsu/ADD_TC_OP_45_g2260/Y                             -       A1->Y   R     AOI21x1_ASAP7_75t_R           1  1.3    15    10     541    (-,-) 
  u_lsu/fopt4/Y                                          -       A->Y    F     INVx2_ASAP7_75t_R             3  1.6     8     7     547    (-,-) 
  u_lsu/ADD_TC_OP_45_g2239/Y                             -       A2->Y   F     AO21x2_ASAP7_75t_R            4  3.2    12    20     568    (-,-) 
  u_lsu/ADD_TC_OP_45_g2236/Y                             -       A->Y    R     INVx1_ASAP7_75t_R             2  1.8    14    10     578    (-,-) 
  u_lsu/ADD_TC_OP_45_g2224/Y                             -       B->Y    F     NOR2x1_ASAP7_75t_R            1  1.2    14    10     588    (-,-) 
  u_lsu/ADD_TC_OP_45_g2200/Y                             -       A1->Y   R     AOI21x1_ASAP7_75t_R           2  1.7    16    12     600    (-,-) 
  u_lsu/ADD_TC_OP_45_g2182/Y                             -       A2->Y   F     OAI21xp5_ASAP7_75t_R          1  1.0    15    11     611    (-,-) 
  u_lsu/g16140/Y                                         -       B->Y    F     XNOR2xp5_ASAP7_75t_R          1  0.6    14    19     630    (-,-) 
  u_lsu/g16040/Y                                         -       A2->Y   F     AO21x1_ASAP7_75t_R            1  0.6     7    15     646    (-,-) 
  u_lsu/g15632/Y                                         -       B->Y    R     AOI21xp5_ASAP7_75t_R          1  0.6    14     9     655    (-,-) 
  u_lsu/mem_addr_q_reg[19]/D                             -       -       R     ASYNC_DFFHx1_ASAP7_75t_R      1    -     -     0     655    (-,-) 
#------------------------------------------------------------------------------------------------------------------------------------------------



Path 37: VIOLATED (-438 ps) Setup Check with Pin u_issue/pc_x_q_reg[29]/CLK->D
          Group: clk
     Startpoint: (R) u_frontend/u_decode/genblk1.u_fifo/rd_ptr_q_reg[0]/CLK
          Clock: (R) clk
       Endpoint: (R) u_issue/pc_x_q_reg[29]/D
          Clock: (R) clk

                     Capture       Launch     
        Clock Edge:+     250            0     
       Src Latency:+       0            0     
       Net Latency:+       0 (I)        0 (I) 
           Arrival:=     250            0     
                                              
             Setup:-       9                  
       Uncertainty:-      25                  
     Required Time:=     216                  
      Launch Clock:-       0                  
         Data Path:-     654                  
             Slack:=    -438                  

#------------------------------------------------------------------------------------------------------------------------------------------------
#                     Timing Point                       Flags    Arc    Edge           Cell            Fanout Load Trans Delay Arrival Instance 
#                                                                                                              (fF)  (ps)  (ps)   (ps)  Location 
#------------------------------------------------------------------------------------------------------------------------------------------------
  u_frontend/u_decode/genblk1.u_fifo/rd_ptr_q_reg[0]/CLK -       -       R     (arrival)                  5362    -    12     0       0    (-,-) 
  u_frontend/u_decode/genblk1.u_fifo/rd_ptr_q_reg[0]/QN  -       CLK->QN R     ASYNC_DFFHx1_ASAP7_75t_R      1  1.3    18    43      43    (-,-) 
  u_frontend/u_decode/genblk1.u_fifo/fopt275/Y           -       A->Y    R     BUFx6f_ASAP7_75t_R            8 11.6    15    19      62    (-,-) 
  u_frontend/u_decode/genblk1.u_fifo/fopt274/Y           -       A->Y    F     INVx6_ASAP7_75t_R            13  8.9    11     9      72    (-,-) 
  u_frontend/u_decode/genblk1.u_fifo/g6487/Y             -       B->Y    R     NAND2xp5_ASAP7_75t_R          1  0.6    13     9      81    (-,-) 
  u_frontend/u_decode/genblk1.u_fifo/g6394/Y             -       B->Y    F     OAI21xp5_ASAP7_75t_R          2  1.3    17    12      93    (-,-) 
  u_issue/g39104/Y                                       -       B->Y    F     XOR2xp5_ASAP7_75t_R           1  0.6    16    19     112    (-,-) 
  u_issue/g39000/Y                                       -       B->Y    F     AO21x1_ASAP7_75t_R            1  1.1     9    18     130    (-,-) 
  u_issue/g38988/Y                                       -       A->Y    R     NOR2x1_ASAP7_75t_R            2  1.2    14    11     140    (-,-) 
  u_issue/g38982/Y                                       -       B->Y    F     NAND2xp5_ASAP7_75t_R          1  1.1    17    12     152    (-,-) 
  u_issue/g38981/Y                                       -       B->Y    R     NOR2x1_ASAP7_75t_R            2  1.4    16    13     165    (-,-) 
  u_issue/g38975/Y                                       -       A->Y    R     AND3x4_ASAP7_75t_R            9  6.6    19    29     194    (-,-) 
  u_issue/g38974/Y                                       -       A->Y    R     BUFx6f_ASAP7_75t_R           11  9.3    13    18     212    (-,-) 
  u_issue/g38972/Y                                       -       A->Y    R     AND2x4_ASAP7_75t_R            6  4.5    12    20     232    (-,-) 
  u_issue/fopt78294/Y                                    -       A->Y    F     INVx1_ASAP7_75t_R             6  3.2    18    13     245    (-,-) 
  u_issue/g50749/Y                                       -       A->Y    R     NAND2xp5_ASAP7_75t_R          2  1.1    18    15     260    (-,-) 
  u_issue/g50609/Y                                       -       A->Y    F     NOR3xp33_ASAP7_75t_R          1  0.6    13    10     270    (-,-) 
  u_issue/g50562/Y                                       -       B->Y    R     AOI21xp5_ASAP7_75t_R          1  0.6    14    11     281    (-,-) 
  u_issue/g50534/Y                                       -       D->Y    R     AND4x2_ASAP7_75t_R            4  3.1    20    36     317    (-,-) 
  u_issue/g50446/Y                                       -       B->Y    R     OA211x2_ASAP7_75t_R           3  3.3    16    27     344    (-,-) 
  u_issue/g50386/Y                                       -       B->Y    R     AND2x6_ASAP7_75t_R           23 16.8    25    31     375    (-,-) 
  u_issue/g50309/Y                                       -       B2->Y   F     AOI22xp33_ASAP7_75t_R         1  0.6    34    13     388    (-,-) 
  u_issue/g50163/Y                                       -       B->Y    R     NAND2xp5_ASAP7_75t_R          2  1.6    25    22     410    (-,-) 
  u_exec1/fopt11150/Y                                    -       A->Y    F     INVx2_ASAP7_75t_R             5  2.7    12    10     420    (-,-) 
  u_exec1/fopt11147/Y                                    -       A->Y    R     INVx1_ASAP7_75t_R             5  2.8    19    13     433    (-,-) 
  u_exec1/greater_than_signed_350_25:sub_285_12_g1375/Y  -       A1->Y   F     AOI211xp5_ASAP7_75t_R         1  1.1    22    15     448    (-,-) 
  u_exec1/greater_than_signed_350_25:sub_285_12_g1342/Y  -       C->Y    R     AOI211x1_ASAP7_75t_R          1  0.6    16    12     460    (-,-) 
  u_exec1/greater_than_signed_350_25:sub_285_12_g1330/Y  -       A2->Y   F     OAI21xp5_ASAP7_75t_R          1  0.5    13     9     469    (-,-) 
  u_exec1/greater_than_signed_350_25:sub_285_12_g1326/Y  -       A1->Y   R     AOI211xp5_ASAP7_75t_R         1  1.0    28    17     486    (-,-) 
  u_exec1/g11289/Y                                       -       A1->Y   F     O2A1O1Ixp5_ASAP7_75t_R        1  1.0    18    15     501    (-,-) 
  u_exec1/greater_than_signed_350_25:sub_285_12_g1323/Y  -       B->Y    F     XNOR2xp5_ASAP7_75t_R          1  0.6    15    20     522    (-,-) 
  u_exec1/g10680/Y                                       -       A2->Y   F     AO21x1_ASAP7_75t_R            2  1.0     9    17     539    (-,-) 
  u_exec1/g10672/Y                                       -       B->Y    R     NAND3xp33_ASAP7_75t_R         1  0.7    17    10     549    (-,-) 
  u_exec1/g5994/Y                                        -       A->Y    F     INVx1_ASAP7_75t_R             3  2.0    14    11     560    (-,-) 
  u_issue/g42179/Y                                       -       A->Y    F     BUFx2_ASAP7_75t_R             2  1.7     8    17     576    (-,-) 
  u_issue/g42040/Y                                       -       B->Y    F     AND2x4_ASAP7_75t_R            5  7.3    14    20     596    (-,-) 
  u_issue/fopt78304/Y                                    -       A->Y    R     INVx8_ASAP7_75t_R            27 16.2    16    12     608    (-,-) 
  u_issue/g41993/Y                                       -       A2->Y   F     OAI21xp5_ASAP7_75t_R          1  0.5    11     9     617    (-,-) 
  u_issue/g41732/Y                                       -       C->Y    R     AOI221xp5_ASAP7_75t_R         1  0.6    26    16     633    (-,-) 
  u_issue/g41729/Y                                       -       B->Y    F     OAI21xp5_ASAP7_75t_R          1  0.6    14    11     643    (-,-) 
  u_issue/g41725/Y                                       -       B->Y    R     AOI21xp5_ASAP7_75t_R          1  0.6    15    11     654    (-,-) 
  u_issue/pc_x_q_reg[29]/D                               -       -       R     ASYNC_DFFHx1_ASAP7_75t_R      1    -     -     0     654    (-,-) 
#------------------------------------------------------------------------------------------------------------------------------------------------



Path 38: VIOLATED (-438 ps) Setup Check with Pin u_issue/pc_x_q_reg[3]/CLK->D
          Group: clk
     Startpoint: (R) u_frontend/u_decode/genblk1.u_fifo/rd_ptr_q_reg[0]/CLK
          Clock: (R) clk
       Endpoint: (R) u_issue/pc_x_q_reg[3]/D
          Clock: (R) clk

                     Capture       Launch     
        Clock Edge:+     250            0     
       Src Latency:+       0            0     
       Net Latency:+       0 (I)        0 (I) 
           Arrival:=     250            0     
                                              
             Setup:-       9                  
       Uncertainty:-      25                  
     Required Time:=     216                  
      Launch Clock:-       0                  
         Data Path:-     654                  
             Slack:=    -438                  

#------------------------------------------------------------------------------------------------------------------------------------------------
#                     Timing Point                       Flags    Arc    Edge           Cell            Fanout Load Trans Delay Arrival Instance 
#                                                                                                              (fF)  (ps)  (ps)   (ps)  Location 
#------------------------------------------------------------------------------------------------------------------------------------------------
  u_frontend/u_decode/genblk1.u_fifo/rd_ptr_q_reg[0]/CLK -       -       R     (arrival)                  5362    -    12     0       0    (-,-) 
  u_frontend/u_decode/genblk1.u_fifo/rd_ptr_q_reg[0]/QN  -       CLK->QN R     ASYNC_DFFHx1_ASAP7_75t_R      1  1.3    18    43      43    (-,-) 
  u_frontend/u_decode/genblk1.u_fifo/fopt275/Y           -       A->Y    R     BUFx6f_ASAP7_75t_R            8 11.6    15    19      62    (-,-) 
  u_frontend/u_decode/genblk1.u_fifo/fopt274/Y           -       A->Y    F     INVx6_ASAP7_75t_R            13  8.9    11     9      72    (-,-) 
  u_frontend/u_decode/genblk1.u_fifo/g6487/Y             -       B->Y    R     NAND2xp5_ASAP7_75t_R          1  0.6    13     9      81    (-,-) 
  u_frontend/u_decode/genblk1.u_fifo/g6394/Y             -       B->Y    F     OAI21xp5_ASAP7_75t_R          2  1.3    17    12      93    (-,-) 
  u_issue/g39104/Y                                       -       B->Y    F     XOR2xp5_ASAP7_75t_R           1  0.6    16    19     112    (-,-) 
  u_issue/g39000/Y                                       -       B->Y    F     AO21x1_ASAP7_75t_R            1  1.1     9    18     130    (-,-) 
  u_issue/g38988/Y                                       -       A->Y    R     NOR2x1_ASAP7_75t_R            2  1.2    14    11     140    (-,-) 
  u_issue/g38982/Y                                       -       B->Y    F     NAND2xp5_ASAP7_75t_R          1  1.1    17    12     152    (-,-) 
  u_issue/g38981/Y                                       -       B->Y    R     NOR2x1_ASAP7_75t_R            2  1.4    16    13     165    (-,-) 
  u_issue/g38975/Y                                       -       A->Y    R     AND3x4_ASAP7_75t_R            9  6.6    19    29     194    (-,-) 
  u_issue/g38974/Y                                       -       A->Y    R     BUFx6f_ASAP7_75t_R           11  9.3    13    18     212    (-,-) 
  u_issue/g38972/Y                                       -       A->Y    R     AND2x4_ASAP7_75t_R            6  4.5    12    20     232    (-,-) 
  u_issue/fopt78294/Y                                    -       A->Y    F     INVx1_ASAP7_75t_R             6  3.2    18    13     245    (-,-) 
  u_issue/g50749/Y                                       -       A->Y    R     NAND2xp5_ASAP7_75t_R          2  1.1    18    15     260    (-,-) 
  u_issue/g50609/Y                                       -       A->Y    F     NOR3xp33_ASAP7_75t_R          1  0.6    13    10     270    (-,-) 
  u_issue/g50562/Y                                       -       B->Y    R     AOI21xp5_ASAP7_75t_R          1  0.6    14    11     281    (-,-) 
  u_issue/g50534/Y                                       -       D->Y    R     AND4x2_ASAP7_75t_R            4  3.1    20    36     317    (-,-) 
  u_issue/g50446/Y                                       -       B->Y    R     OA211x2_ASAP7_75t_R           3  3.3    16    27     344    (-,-) 
  u_issue/g50385/Y                                       -       B->Y    R     AND2x4_ASAP7_75t_R           12  9.3    21    25     369    (-,-) 
  u_issue/fopt78629/Y                                    -       A->Y    F     INVx4_ASAP7_75t_R            14  8.5    15    12     381    (-,-) 
  u_issue/fopt78628/Y                                    -       A->Y    R     INVx1_ASAP7_75t_R             3  1.6    14    11     392    (-,-) 
  u_issue/g50110/Y                                       -       A1->Y   R     AO221x2_ASAP7_75t_R           4  2.7    17    29     421    (-,-) 
  u_exec1/g10969/Y                                       -       A->Y    R     XNOR2xp5_ASAP7_75t_R          1  0.5    18    16     437    (-,-) 
  u_exec1/g10910/Y                                       -       D->Y    F     NAND4xp25_ASAP7_75t_R         1  0.5    22    16     453    (-,-) 
  u_exec1/g10888/Y                                       -       C->Y    R     NOR3xp33_ASAP7_75t_R          1  0.8    26    20     473    (-,-) 
  u_exec1/g10828/Y                                       -       A->Y    F     NAND2xp67_ASAP7_75t_R         2  1.9    26    16     489    (-,-) 
  u_exec1/g10780/Y                                       -       A->Y    R     NOR3x1_ASAP7_75t_R            2  1.2    22    14     503    (-,-) 
  u_exec1/g10677/Y                                       -       A1->Y   F     O2A1O1Ixp33_ASAP7_75t_R       2  0.8    17    14     517    (-,-) 
  u_exec1/g10673/Y                                       -       B->Y    R     AOI311xp33_ASAP7_75t_R        1  0.5    23    17     534    (-,-) 
  u_exec1/g10672/Y                                       -       C->Y    F     NAND3xp33_ASAP7_75t_R         1  0.7    18    14     548    (-,-) 
  u_exec1/g5994/Y                                        -       A->Y    R     INVx1_ASAP7_75t_R             3  2.0    16    13     560    (-,-) 
  u_issue/g42039/Y                                       -       B->Y    F     NOR2x1_ASAP7_75t_R            2  1.7    16    12     573    (-,-) 
  u_issue/g42028/Y                                       -       B->Y    F     AND2x4_ASAP7_75t_R            5  4.4    10    20     593    (-,-) 
  u_issue/fopt5/Y                                        -       A->Y    R     INVxp67_ASAP7_75t_R           2  1.1    13     9     603    (-,-) 
  u_issue/fopt4/Y                                        -       A->Y    F     INVxp67_ASAP7_75t_R           3  1.4    13    10     613    (-,-) 
  u_issue/g41932/Y                                       -       A1->Y   R     AOI221xp5_ASAP7_75t_R         1  0.6    22    15     628    (-,-) 
  u_issue/g41911/Y                                       -       B->Y    F     OAI21xp5_ASAP7_75t_R          1  0.5    12    10     638    (-,-) 
  u_issue/g41865/Y                                       -       C->Y    R     AOI221xp5_ASAP7_75t_R         1  0.6    22    16     654    (-,-) 
  u_issue/pc_x_q_reg[3]/D                                -       -       R     ASYNC_DFFHx1_ASAP7_75t_R      1    -     -     0     654    (-,-) 
#------------------------------------------------------------------------------------------------------------------------------------------------



Path 39: VIOLATED (-438 ps) Setup Check with Pin u_lsu/mem_addr_q_reg[23]/CLK->D
          Group: clk
     Startpoint: (R) u_frontend/u_decode/genblk1.u_fifo/rd_ptr_q_reg[0]/CLK
          Clock: (R) clk
       Endpoint: (R) u_lsu/mem_addr_q_reg[23]/D
          Clock: (R) clk

                     Capture       Launch     
        Clock Edge:+     250            0     
       Src Latency:+       0            0     
       Net Latency:+       0 (I)        0 (I) 
           Arrival:=     250            0     
                                              
             Setup:-       9                  
       Uncertainty:-      25                  
     Required Time:=     216                  
      Launch Clock:-       0                  
         Data Path:-     654                  
             Slack:=    -438                  

#------------------------------------------------------------------------------------------------------------------------------------------------
#                     Timing Point                       Flags    Arc    Edge           Cell            Fanout Load Trans Delay Arrival Instance 
#                                                                                                              (fF)  (ps)  (ps)   (ps)  Location 
#------------------------------------------------------------------------------------------------------------------------------------------------
  u_frontend/u_decode/genblk1.u_fifo/rd_ptr_q_reg[0]/CLK -       -       R     (arrival)                  5362    -    12     0       0    (-,-) 
  u_frontend/u_decode/genblk1.u_fifo/rd_ptr_q_reg[0]/QN  -       CLK->QN F     ASYNC_DFFHx1_ASAP7_75t_R      1  1.3    17    41      41    (-,-) 
  u_frontend/u_decode/genblk1.u_fifo/fopt275/Y           -       A->Y    F     BUFx6f_ASAP7_75t_R            8 11.6    13    20      61    (-,-) 
  u_frontend/u_decode/genblk1.u_fifo/fopt253/Y           -       A->Y    F     BUFx6f_ASAP7_75t_R           15 11.0    13    18      79    (-,-) 
  u_frontend/u_decode/genblk1.u_fifo/fopt252/Y           -       A->Y    R     INVx4_ASAP7_75t_R             9  8.1    15    11      90    (-,-) 
  u_frontend/u_decode/genblk1.u_fifo/fopt221/Y           -       A->Y    R     BUFx6f_ASAP7_75t_R           12  7.2    11    16     107    (-,-) 
  u_frontend/u_decode/genblk1.u_fifo/g6453/Y             -       A2->Y   R     AO22x1_ASAP7_75t_R            6  3.4    24    26     133    (-,-) 
  u_frontend/u_decode/genblk1.u_dec1/g14075/Y            -       A->Y    F     INVx2_ASAP7_75t_R             5  3.2    13    11     144    (-,-) 
  u_frontend/u_decode/genblk1.u_dec1/g13974_14081/Y      -       C->Y    R     NAND3x1_ASAP7_75t_R           5  2.8    30    22     165    (-,-) 
  u_frontend/u_decode/genblk1.u_dec1/g13935/Y            -       B->Y    F     NOR2xp33_ASAP7_75t_R          1  1.0    24    20     186    (-,-) 
  u_frontend/u_decode/genblk1.u_dec1/g13895/Y            -       A->Y    R     NAND2x1_ASAP7_75t_R           3  2.2    24    20     206    (-,-) 
  u_frontend/u_decode/genblk1.u_dec1/g13890/Y            -       A->Y    F     INVxp67_ASAP7_75t_R           1  0.6    10     9     214    (-,-) 
  u_issue/g77521/Y                                       -       A1->Y   R     AOI22xp5_ASAP7_75t_R          2  1.3    24    15     230    (-,-) 
  u_issue/g77049/Y                                       -       B->Y    F     NAND2xp5_ASAP7_75t_R          2  1.1    18    14     244    (-,-) 
  u_issue/g77027/Y                                       -       A->Y    R     INVx1_ASAP7_75t_R             1  0.6     9     8     252    (-,-) 
  u_issue/g76885/Y                                       -       A2->Y   R     AO21x2_ASAP7_75t_R            2  2.1    10    17     269    (-,-) 
  u_issue/g76832/Y                                       -       A->Y    R     BUFx3_ASAP7_75t_R             2  2.6     9    15     284    (-,-) 
  u_issue/g76831/Y                                       -       A->Y    F     INVx2_ASAP7_75t_R             3  3.0     9     7     291    (-,-) 
  u_issue/g76532/Y                                       -       A->Y    R     NOR2xp67_ASAP7_75t_R          3  1.8    24    16     307    (-,-) 
  u_issue/g76350/Y                                       -       A2->Y   F     OAI22xp5_ASAP7_75t_R          1  0.6    14    12     319    (-,-) 
  u_issue/g76236/Y                                       -       A->Y    F     AND3x1_ASAP7_75t_R            1  0.5     6    14     333    (-,-) 
  u_issue/g76226/Y                                       -       B->Y    R     AOI31xp33_ASAP7_75t_R         1  0.6    24    13     346    (-,-) 
  u_issue/g76045/Y                                       -       B->Y    R     AND2x2_ASAP7_75t_R            1  1.6    10    22     369    (-,-) 
  u_issue/g75830/Y                                       -       D->Y    F     NAND4xp75_ASAP7_75t_R         2  2.6    28    19     388    (-,-) 
  u_issue/g75811/Y                                       -       B->Y    R     AOI21x1_ASAP7_75t_R           2  2.7    25    20     408    (-,-) 
  u_issue/g75809/Y                                       -       A->Y    F     INVx2_ASAP7_75t_R             1  1.4     9     7     415    (-,-) 
  u_issue/g75801/Y                                       -       B->Y    R     NOR3x1_ASAP7_75t_R            1  1.3    16    12     428    (-,-) 
  u_issue/fopt14/Y                                       -       A->Y    R     BUFx6f_ASAP7_75t_R           12  9.1    13    18     445    (-,-) 
  u_issue/buff/Y                                         -       A->Y    R     BUFx6f_ASAP7_75t_R           12  6.9    10    16     461    (-,-) 
  u_issue/g75653/Y                                       -       B1->Y   R     AO22x1_ASAP7_75t_R            4  2.2    18    21     482    (-,-) 
  u_lsu/ADD_TC_OP_45_g2419/Y                             -       A->Y    F     NOR2xp33_ASAP7_75t_R          2  1.1    24    18     500    (-,-) 
  u_lsu/ADD_TC_OP_45_g2315/Y                             -       B->Y    F     AO21x1_ASAP7_75t_R            2  1.1     9    20     520    (-,-) 
  u_lsu/ADD_TC_OP_45_g2274/Y                             -       A1->Y   R     OAI21xp5_ASAP7_75t_R          1  1.2    19    12     532    (-,-) 
  u_lsu/ADD_TC_OP_45_g2260/Y                             -       B->Y    F     AOI21x1_ASAP7_75t_R           1  1.3    12    10     542    (-,-) 
  u_lsu/fopt4/Y                                          -       A->Y    R     INVx2_ASAP7_75t_R             3  1.6     8     7     549    (-,-) 
  u_lsu/ADD_TC_OP_45_g2239/Y                             -       A2->Y   R     AO21x2_ASAP7_75t_R            4  3.2    14    19     568    (-,-) 
  u_lsu/g16080/Y                                         -       A2->Y   R     AO21x1_ASAP7_75t_R            2  1.3    11    16     584    (-,-) 
  u_lsu/ADD_TC_OP_45_g2197/Y                             -       A1->Y   R     AO21x1_ASAP7_75t_R            3  1.9    15    17     601    (-,-) 
  u_lsu/ADD_TC_OP_45_g2190/Y                             -       A->Y    F     INVx1_ASAP7_75t_R             2  1.2    10     8     610    (-,-) 
  u_lsu/ADD_TC_OP_45_g2165/Y                             -       A2->Y   R     OAI21xp5_ASAP7_75t_R          1  0.6    16    10     619    (-,-) 
  u_lsu/ADD_TC_OP_45_g2159/Y                             -       A2->Y   F     OAI21xp5_ASAP7_75t_R          1  0.6    13     9     628    (-,-) 
  u_lsu/g16043/Y                                         -       A1->Y   F     AO21x1_ASAP7_75t_R            1  0.6     7    16     645    (-,-) 
  u_lsu/g15636/Y                                         -       B->Y    R     AOI21xp5_ASAP7_75t_R          1  0.6    14     9     654    (-,-) 
  u_lsu/mem_addr_q_reg[23]/D                             -       -       R     ASYNC_DFFHx1_ASAP7_75t_R      1    -     -     0     654    (-,-) 
#------------------------------------------------------------------------------------------------------------------------------------------------



Path 40: VIOLATED (-438 ps) Setup Check with Pin u_lsu/mem_addr_q_reg[25]/CLK->D
          Group: clk
     Startpoint: (R) u_frontend/u_decode/genblk1.u_fifo/rd_ptr_q_reg[0]/CLK
          Clock: (R) clk
       Endpoint: (R) u_lsu/mem_addr_q_reg[25]/D
          Clock: (R) clk

                     Capture       Launch     
        Clock Edge:+     250            0     
       Src Latency:+       0            0     
       Net Latency:+       0 (I)        0 (I) 
           Arrival:=     250            0     
                                              
             Setup:-       9                  
       Uncertainty:-      25                  
     Required Time:=     216                  
      Launch Clock:-       0                  
         Data Path:-     654                  
             Slack:=    -438                  

#------------------------------------------------------------------------------------------------------------------------------------------------
#                     Timing Point                       Flags    Arc    Edge           Cell            Fanout Load Trans Delay Arrival Instance 
#                                                                                                              (fF)  (ps)  (ps)   (ps)  Location 
#------------------------------------------------------------------------------------------------------------------------------------------------
  u_frontend/u_decode/genblk1.u_fifo/rd_ptr_q_reg[0]/CLK -       -       R     (arrival)                  5362    -    12     0       0    (-,-) 
  u_frontend/u_decode/genblk1.u_fifo/rd_ptr_q_reg[0]/QN  -       CLK->QN F     ASYNC_DFFHx1_ASAP7_75t_R      1  1.3    17    41      41    (-,-) 
  u_frontend/u_decode/genblk1.u_fifo/fopt275/Y           -       A->Y    F     BUFx6f_ASAP7_75t_R            8 11.6    13    20      61    (-,-) 
  u_frontend/u_decode/genblk1.u_fifo/fopt253/Y           -       A->Y    F     BUFx6f_ASAP7_75t_R           15 11.0    13    18      79    (-,-) 
  u_frontend/u_decode/genblk1.u_fifo/fopt252/Y           -       A->Y    R     INVx4_ASAP7_75t_R             9  8.1    15    11      90    (-,-) 
  u_frontend/u_decode/genblk1.u_fifo/fopt221/Y           -       A->Y    R     BUFx6f_ASAP7_75t_R           12  7.2    11    16     107    (-,-) 
  u_frontend/u_decode/genblk1.u_fifo/g6453/Y             -       A2->Y   R     AO22x1_ASAP7_75t_R            6  3.4    24    26     133    (-,-) 
  u_frontend/u_decode/genblk1.u_dec1/g14075/Y            -       A->Y    F     INVx2_ASAP7_75t_R             5  3.2    13    11     144    (-,-) 
  u_frontend/u_decode/genblk1.u_dec1/g13974_14081/Y      -       C->Y    R     NAND3x1_ASAP7_75t_R           5  2.8    30    22     165    (-,-) 
  u_frontend/u_decode/genblk1.u_dec1/g13935/Y            -       B->Y    F     NOR2xp33_ASAP7_75t_R          1  1.0    24    20     186    (-,-) 
  u_frontend/u_decode/genblk1.u_dec1/g13895/Y            -       A->Y    R     NAND2x1_ASAP7_75t_R           3  2.2    24    20     206    (-,-) 
  u_frontend/u_decode/genblk1.u_dec1/g13890/Y            -       A->Y    F     INVxp67_ASAP7_75t_R           1  0.6    10     9     214    (-,-) 
  u_issue/g77521/Y                                       -       A1->Y   R     AOI22xp5_ASAP7_75t_R          2  1.3    24    15     230    (-,-) 
  u_issue/g77049/Y                                       -       B->Y    F     NAND2xp5_ASAP7_75t_R          2  1.1    18    14     244    (-,-) 
  u_issue/g77027/Y                                       -       A->Y    R     INVx1_ASAP7_75t_R             1  0.6     9     8     252    (-,-) 
  u_issue/g76885/Y                                       -       A2->Y   R     AO21x2_ASAP7_75t_R            2  2.1    10    17     269    (-,-) 
  u_issue/g76832/Y                                       -       A->Y    R     BUFx3_ASAP7_75t_R             2  2.6     9    15     284    (-,-) 
  u_issue/g76831/Y                                       -       A->Y    F     INVx2_ASAP7_75t_R             3  3.0     9     7     291    (-,-) 
  u_issue/g76532/Y                                       -       A->Y    R     NOR2xp67_ASAP7_75t_R          3  1.8    24    16     307    (-,-) 
  u_issue/g76350/Y                                       -       A2->Y   F     OAI22xp5_ASAP7_75t_R          1  0.6    14    12     319    (-,-) 
  u_issue/g76236/Y                                       -       A->Y    F     AND3x1_ASAP7_75t_R            1  0.5     6    14     333    (-,-) 
  u_issue/g76226/Y                                       -       B->Y    R     AOI31xp33_ASAP7_75t_R         1  0.6    24    13     346    (-,-) 
  u_issue/g76045/Y                                       -       B->Y    R     AND2x2_ASAP7_75t_R            1  1.6    10    22     369    (-,-) 
  u_issue/g75830/Y                                       -       D->Y    F     NAND4xp75_ASAP7_75t_R         2  2.6    28    19     388    (-,-) 
  u_issue/g75811/Y                                       -       B->Y    R     AOI21x1_ASAP7_75t_R           2  2.7    25    20     408    (-,-) 
  u_issue/g75809/Y                                       -       A->Y    F     INVx2_ASAP7_75t_R             1  1.4     9     7     415    (-,-) 
  u_issue/g75801/Y                                       -       B->Y    R     NOR3x1_ASAP7_75t_R            1  1.3    16    12     428    (-,-) 
  u_issue/fopt14/Y                                       -       A->Y    R     BUFx6f_ASAP7_75t_R           12  9.1    13    18     445    (-,-) 
  u_issue/buff/Y                                         -       A->Y    R     BUFx6f_ASAP7_75t_R           12  6.9    10    16     461    (-,-) 
  u_issue/g75653/Y                                       -       B1->Y   R     AO22x1_ASAP7_75t_R            4  2.2    18    21     482    (-,-) 
  u_lsu/ADD_TC_OP_45_g2419/Y                             -       A->Y    F     NOR2xp33_ASAP7_75t_R          2  1.1    24    18     500    (-,-) 
  u_lsu/ADD_TC_OP_45_g2315/Y                             -       B->Y    F     AO21x1_ASAP7_75t_R            2  1.1     9    20     520    (-,-) 
  u_lsu/ADD_TC_OP_45_g2274/Y                             -       A1->Y   R     OAI21xp5_ASAP7_75t_R          1  1.2    19    12     532    (-,-) 
  u_lsu/ADD_TC_OP_45_g2260/Y                             -       B->Y    F     AOI21x1_ASAP7_75t_R           1  1.3    12    10     542    (-,-) 
  u_lsu/fopt4/Y                                          -       A->Y    R     INVx2_ASAP7_75t_R             3  1.6     8     7     549    (-,-) 
  u_lsu/ADD_TC_OP_45_g2239/Y                             -       A2->Y   R     AO21x2_ASAP7_75t_R            4  3.2    14    19     568    (-,-) 
  u_lsu/ADD_TC_OP_45_g2238/Y                             -       A->Y    F     INVx2_ASAP7_75t_R             3  1.8     8     7     575    (-,-) 
  u_lsu/ADD_TC_OP_45_g2214/Y                             -       A2->Y   F     OA21x2_ASAP7_75t_R            2  2.6    11    20     594    (-,-) 
  u_lsu/ADD_TC_OP_45_g2211/Y                             -       A->Y    R     INVx3_ASAP7_75t_R             7  4.9    12     9     604    (-,-) 
  u_lsu/ADD_TC_OP_45_g2208/Y                             -       A->Y    F     INVx2_ASAP7_75t_R             3  1.8     8     6     610    (-,-) 
  u_lsu/ADD_TC_OP_45_g2186/Y                             -       A2->Y   R     OAI21xp5_ASAP7_75t_R          1  0.6    13     9     619    (-,-) 
  u_lsu/ADD_TC_OP_45_g2169/Y                             -       A2->Y   F     OAI21xp5_ASAP7_75t_R          1  0.6    13     9     628    (-,-) 
  u_lsu/g16044/Y                                         -       A1->Y   F     AO21x1_ASAP7_75t_R            1  0.6     7    16     644    (-,-) 
  u_lsu/g15638/Y                                         -       B->Y    R     AOI21xp5_ASAP7_75t_R          1  0.6    15     9     654    (-,-) 
  u_lsu/mem_addr_q_reg[25]/D                             -       -       R     ASYNC_DFFHx1_ASAP7_75t_R      1    -     -     0     654    (-,-) 
#------------------------------------------------------------------------------------------------------------------------------------------------



Path 41: VIOLATED (-437 ps) Setup Check with Pin u_lsu/mem_addr_q_reg[26]/CLK->D
          Group: clk
     Startpoint: (R) u_frontend/u_decode/genblk1.u_fifo/rd_ptr_q_reg[0]/CLK
          Clock: (R) clk
       Endpoint: (R) u_lsu/mem_addr_q_reg[26]/D
          Clock: (R) clk

                     Capture       Launch     
        Clock Edge:+     250            0     
       Src Latency:+       0            0     
       Net Latency:+       0 (I)        0 (I) 
           Arrival:=     250            0     
                                              
             Setup:-       9                  
       Uncertainty:-      25                  
     Required Time:=     216                  
      Launch Clock:-       0                  
         Data Path:-     654                  
             Slack:=    -437                  

#------------------------------------------------------------------------------------------------------------------------------------------------
#                     Timing Point                       Flags    Arc    Edge           Cell            Fanout Load Trans Delay Arrival Instance 
#                                                                                                              (fF)  (ps)  (ps)   (ps)  Location 
#------------------------------------------------------------------------------------------------------------------------------------------------
  u_frontend/u_decode/genblk1.u_fifo/rd_ptr_q_reg[0]/CLK -       -       R     (arrival)                  5362    -    12     0       0    (-,-) 
  u_frontend/u_decode/genblk1.u_fifo/rd_ptr_q_reg[0]/QN  -       CLK->QN F     ASYNC_DFFHx1_ASAP7_75t_R      1  1.3    17    41      41    (-,-) 
  u_frontend/u_decode/genblk1.u_fifo/fopt275/Y           -       A->Y    F     BUFx6f_ASAP7_75t_R            8 11.6    13    20      61    (-,-) 
  u_frontend/u_decode/genblk1.u_fifo/fopt253/Y           -       A->Y    F     BUFx6f_ASAP7_75t_R           15 11.0    13    18      79    (-,-) 
  u_frontend/u_decode/genblk1.u_fifo/fopt252/Y           -       A->Y    R     INVx4_ASAP7_75t_R             9  8.1    15    11      90    (-,-) 
  u_frontend/u_decode/genblk1.u_fifo/fopt221/Y           -       A->Y    R     BUFx6f_ASAP7_75t_R           12  7.2    11    16     107    (-,-) 
  u_frontend/u_decode/genblk1.u_fifo/g6453/Y             -       A2->Y   R     AO22x1_ASAP7_75t_R            6  3.4    24    26     133    (-,-) 
  u_frontend/u_decode/genblk1.u_dec1/g14075/Y            -       A->Y    F     INVx2_ASAP7_75t_R             5  3.2    13    11     144    (-,-) 
  u_frontend/u_decode/genblk1.u_dec1/g13974_14081/Y      -       C->Y    R     NAND3x1_ASAP7_75t_R           5  2.8    30    22     165    (-,-) 
  u_frontend/u_decode/genblk1.u_dec1/g13935/Y            -       B->Y    F     NOR2xp33_ASAP7_75t_R          1  1.0    24    20     186    (-,-) 
  u_frontend/u_decode/genblk1.u_dec1/g13895/Y            -       A->Y    R     NAND2x1_ASAP7_75t_R           3  2.2    24    20     206    (-,-) 
  u_frontend/u_decode/genblk1.u_dec1/g13890/Y            -       A->Y    F     INVxp67_ASAP7_75t_R           1  0.6    10     9     214    (-,-) 
  u_issue/g77521/Y                                       -       A1->Y   R     AOI22xp5_ASAP7_75t_R          2  1.3    24    15     230    (-,-) 
  u_issue/g77049/Y                                       -       B->Y    F     NAND2xp5_ASAP7_75t_R          2  1.1    18    14     244    (-,-) 
  u_issue/g77027/Y                                       -       A->Y    R     INVx1_ASAP7_75t_R             1  0.6     9     8     252    (-,-) 
  u_issue/g76885/Y                                       -       A2->Y   R     AO21x2_ASAP7_75t_R            2  2.1    10    17     269    (-,-) 
  u_issue/g76832/Y                                       -       A->Y    R     BUFx3_ASAP7_75t_R             2  2.6     9    15     284    (-,-) 
  u_issue/g76831/Y                                       -       A->Y    F     INVx2_ASAP7_75t_R             3  3.0     9     7     291    (-,-) 
  u_issue/g76532/Y                                       -       A->Y    R     NOR2xp67_ASAP7_75t_R          3  1.8    24    16     307    (-,-) 
  u_issue/g76350/Y                                       -       A2->Y   F     OAI22xp5_ASAP7_75t_R          1  0.6    14    12     319    (-,-) 
  u_issue/g76236/Y                                       -       A->Y    F     AND3x1_ASAP7_75t_R            1  0.5     6    14     333    (-,-) 
  u_issue/g76226/Y                                       -       B->Y    R     AOI31xp33_ASAP7_75t_R         1  0.6    24    13     346    (-,-) 
  u_issue/g76045/Y                                       -       B->Y    R     AND2x2_ASAP7_75t_R            1  1.6    10    22     369    (-,-) 
  u_issue/g75830/Y                                       -       D->Y    F     NAND4xp75_ASAP7_75t_R         2  2.6    28    19     388    (-,-) 
  u_issue/g75811/Y                                       -       B->Y    R     AOI21x1_ASAP7_75t_R           2  2.7    25    20     408    (-,-) 
  u_issue/g75809/Y                                       -       A->Y    F     INVx2_ASAP7_75t_R             1  1.4     9     7     415    (-,-) 
  u_issue/g75801/Y                                       -       B->Y    R     NOR3x1_ASAP7_75t_R            1  1.3    16    12     428    (-,-) 
  u_issue/fopt14/Y                                       -       A->Y    R     BUFx6f_ASAP7_75t_R           12  9.1    13    18     445    (-,-) 
  u_issue/buff/Y                                         -       A->Y    R     BUFx6f_ASAP7_75t_R           12  6.9    10    16     461    (-,-) 
  u_issue/g75653/Y                                       -       B1->Y   R     AO22x1_ASAP7_75t_R            4  2.2    18    21     482    (-,-) 
  u_lsu/ADD_TC_OP_45_g2419/Y                             -       A->Y    F     NOR2xp33_ASAP7_75t_R          2  1.1    24    18     500    (-,-) 
  u_lsu/ADD_TC_OP_45_g2315/Y                             -       B->Y    F     AO21x1_ASAP7_75t_R            2  1.1     9    20     520    (-,-) 
  u_lsu/ADD_TC_OP_45_g2274/Y                             -       A1->Y   R     OAI21xp5_ASAP7_75t_R          1  1.2    19    12     532    (-,-) 
  u_lsu/ADD_TC_OP_45_g2260/Y                             -       B->Y    F     AOI21x1_ASAP7_75t_R           1  1.3    12    10     542    (-,-) 
  u_lsu/fopt4/Y                                          -       A->Y    R     INVx2_ASAP7_75t_R             3  1.6     8     7     549    (-,-) 
  u_lsu/ADD_TC_OP_45_g2239/Y                             -       A2->Y   R     AO21x2_ASAP7_75t_R            4  3.2    14    19     568    (-,-) 
  u_lsu/ADD_TC_OP_45_g2238/Y                             -       A->Y    F     INVx2_ASAP7_75t_R             3  1.8     8     7     575    (-,-) 
  u_lsu/ADD_TC_OP_45_g2214/Y                             -       A2->Y   F     OA21x2_ASAP7_75t_R            2  2.6    11    20     594    (-,-) 
  u_lsu/ADD_TC_OP_45_g2211/Y                             -       A->Y    R     INVx3_ASAP7_75t_R             7  4.9    12     9     604    (-,-) 
  u_lsu/ADD_TC_OP_45_g2208/Y                             -       A->Y    F     INVx2_ASAP7_75t_R             3  1.8     8     6     610    (-,-) 
  u_lsu/ADD_TC_OP_45_g2196/Y                             -       A2->Y   R     OAI21xp5_ASAP7_75t_R          1  0.6    13     9     619    (-,-) 
  u_lsu/ADD_TC_OP_45_g2172/Y                             -       A2->Y   F     OAI21xp5_ASAP7_75t_R          1  0.6    13     9     628    (-,-) 
  u_lsu/g16045/Y                                         -       A1->Y   F     AO21x1_ASAP7_75t_R            1  0.6     7    16     644    (-,-) 
  u_lsu/g15639/Y                                         -       B->Y    R     AOI21xp5_ASAP7_75t_R          1  0.6    15     9     654    (-,-) 
  u_lsu/mem_addr_q_reg[26]/D                             -       -       R     ASYNC_DFFHx1_ASAP7_75t_R      1    -     -     0     654    (-,-) 
#------------------------------------------------------------------------------------------------------------------------------------------------



Path 42: VIOLATED (-437 ps) Setup Check with Pin u_lsu/mem_addr_q_reg[15]/CLK->D
          Group: clk
     Startpoint: (R) u_frontend/u_decode/genblk1.u_fifo/rd_ptr_q_reg[0]/CLK
          Clock: (R) clk
       Endpoint: (R) u_lsu/mem_addr_q_reg[15]/D
          Clock: (R) clk

                     Capture       Launch     
        Clock Edge:+     250            0     
       Src Latency:+       0            0     
       Net Latency:+       0 (I)        0 (I) 
           Arrival:=     250            0     
                                              
             Setup:-       9                  
       Uncertainty:-      25                  
     Required Time:=     216                  
      Launch Clock:-       0                  
         Data Path:-     654                  
             Slack:=    -437                  

#------------------------------------------------------------------------------------------------------------------------------------------------
#                     Timing Point                       Flags    Arc    Edge           Cell            Fanout Load Trans Delay Arrival Instance 
#                                                                                                              (fF)  (ps)  (ps)   (ps)  Location 
#------------------------------------------------------------------------------------------------------------------------------------------------
  u_frontend/u_decode/genblk1.u_fifo/rd_ptr_q_reg[0]/CLK -       -       R     (arrival)                  5362    -    12     0       0    (-,-) 
  u_frontend/u_decode/genblk1.u_fifo/rd_ptr_q_reg[0]/QN  -       CLK->QN F     ASYNC_DFFHx1_ASAP7_75t_R      1  1.3    17    41      41    (-,-) 
  u_frontend/u_decode/genblk1.u_fifo/fopt275/Y           -       A->Y    F     BUFx6f_ASAP7_75t_R            8 11.6    13    20      61    (-,-) 
  u_frontend/u_decode/genblk1.u_fifo/fopt253/Y           -       A->Y    F     BUFx6f_ASAP7_75t_R           15 11.0    13    18      79    (-,-) 
  u_frontend/u_decode/genblk1.u_fifo/fopt252/Y           -       A->Y    R     INVx4_ASAP7_75t_R             9  8.1    15    11      90    (-,-) 
  u_frontend/u_decode/genblk1.u_fifo/fopt221/Y           -       A->Y    R     BUFx6f_ASAP7_75t_R           12  7.2    11    16     107    (-,-) 
  u_frontend/u_decode/genblk1.u_fifo/g6453/Y             -       A2->Y   R     AO22x1_ASAP7_75t_R            6  3.4    24    26     133    (-,-) 
  u_frontend/u_decode/genblk1.u_dec1/g14075/Y            -       A->Y    F     INVx2_ASAP7_75t_R             5  3.2    13    11     144    (-,-) 
  u_frontend/u_decode/genblk1.u_dec1/g13974_14081/Y      -       C->Y    R     NAND3x1_ASAP7_75t_R           5  2.8    30    22     165    (-,-) 
  u_frontend/u_decode/genblk1.u_dec1/g13935/Y            -       B->Y    F     NOR2xp33_ASAP7_75t_R          1  1.0    24    20     186    (-,-) 
  u_frontend/u_decode/genblk1.u_dec1/g13895/Y            -       A->Y    R     NAND2x1_ASAP7_75t_R           3  2.2    24    20     206    (-,-) 
  u_frontend/u_decode/genblk1.u_dec1/g13890/Y            -       A->Y    F     INVxp67_ASAP7_75t_R           1  0.6    10     9     214    (-,-) 
  u_issue/g77521/Y                                       -       A1->Y   R     AOI22xp5_ASAP7_75t_R          2  1.3    24    15     230    (-,-) 
  u_issue/g77049/Y                                       -       B->Y    F     NAND2xp5_ASAP7_75t_R          2  1.1    18    14     244    (-,-) 
  u_issue/g77027/Y                                       -       A->Y    R     INVx1_ASAP7_75t_R             1  0.6     9     8     252    (-,-) 
  u_issue/g76885/Y                                       -       A2->Y   R     AO21x2_ASAP7_75t_R            2  2.1    10    17     269    (-,-) 
  u_issue/g76832/Y                                       -       A->Y    R     BUFx3_ASAP7_75t_R             2  2.6     9    15     284    (-,-) 
  u_issue/g76831/Y                                       -       A->Y    F     INVx2_ASAP7_75t_R             3  3.0     9     7     291    (-,-) 
  u_issue/g76532/Y                                       -       A->Y    R     NOR2xp67_ASAP7_75t_R          3  1.8    24    16     307    (-,-) 
  u_issue/g76350/Y                                       -       A2->Y   F     OAI22xp5_ASAP7_75t_R          1  0.6    14    12     319    (-,-) 
  u_issue/g76236/Y                                       -       A->Y    F     AND3x1_ASAP7_75t_R            1  0.5     6    14     333    (-,-) 
  u_issue/g76226/Y                                       -       B->Y    R     AOI31xp33_ASAP7_75t_R         1  0.6    24    13     346    (-,-) 
  u_issue/g76045/Y                                       -       B->Y    R     AND2x2_ASAP7_75t_R            1  1.6    10    22     369    (-,-) 
  u_issue/g75830/Y                                       -       D->Y    F     NAND4xp75_ASAP7_75t_R         2  2.6    28    19     388    (-,-) 
  u_issue/g75811/Y                                       -       B->Y    R     AOI21x1_ASAP7_75t_R           2  2.7    25    20     408    (-,-) 
  u_issue/g75809/Y                                       -       A->Y    F     INVx2_ASAP7_75t_R             1  1.4     9     7     415    (-,-) 
  u_issue/g75801/Y                                       -       B->Y    R     NOR3x1_ASAP7_75t_R            1  1.3    16    12     428    (-,-) 
  u_issue/fopt14/Y                                       -       A->Y    R     BUFx6f_ASAP7_75t_R           12  9.1    13    18     445    (-,-) 
  u_issue/buff/Y                                         -       A->Y    R     BUFx6f_ASAP7_75t_R           12  6.9    10    16     461    (-,-) 
  u_issue/g75698/Y                                       -       A2->Y   F     OAI22xp5_ASAP7_75t_R          3  2.1    26    15     476    (-,-) 
  u_lsu/ADD_TC_OP_45_g2491/Y                             -       B->Y    R     NAND2xp5_ASAP7_75t_R          3  1.7    24    20     496    (-,-) 
  u_lsu/ADD_TC_OP_45_g2309/Y                             -       A1->Y   F     OAI21xp5_ASAP7_75t_R          1  0.6    14    12     507    (-,-) 
  u_lsu/ADD_TC_OP_45_g2276/Y                             -       B->Y    F     AO21x2_ASAP7_75t_R            4  3.3    13    23     530    (-,-) 
  u_lsu/ADD_TC_OP_45_g2260/Y                             -       A1->Y   R     AOI21x1_ASAP7_75t_R           1  1.3    15    10     541    (-,-) 
  u_lsu/fopt4/Y                                          -       A->Y    F     INVx2_ASAP7_75t_R             3  1.6     8     7     547    (-,-) 
  u_lsu/fopt16060/Y                                      -       A->Y    R     INVx1_ASAP7_75t_R             2  1.4    11     8     555    (-,-) 
  u_lsu/ADD_TC_OP_45_g2234/Y                             -       A2->Y   F     OAI21xp5_ASAP7_75t_R          2  0.8    14     9     564    (-,-) 
  u_lsu/ADD_TC_OP_45_g2226/Y                             -       A->Y    R     NAND2xp5_ASAP7_75t_R          2  1.2    18    14     578    (-,-) 
  u_lsu/ADD_TC_OP_45_g2225/Y                             -       A->Y    F     INVx1_ASAP7_75t_R             1  1.2    10     9     587    (-,-) 
  u_lsu/ADD_TC_OP_45_g2202/Y                             -       A1->Y   R     AOI21x1_ASAP7_75t_R           2  1.7    16    11     598    (-,-) 
  u_lsu/ADD_TC_OP_45_g2183/Y                             -       A2->Y   F     OAI21xp5_ASAP7_75t_R          1  1.0    15    11     610    (-,-) 
  u_lsu/g16141/Y                                         -       B->Y    F     XNOR2xp5_ASAP7_75t_R          1  0.6    14    19     629    (-,-) 
  u_lsu/g16039/Y                                         -       A2->Y   F     AO21x1_ASAP7_75t_R            1  0.6     7    15     644    (-,-) 
  u_lsu/g15631/Y                                         -       B->Y    R     AOI21xp5_ASAP7_75t_R          1  0.6    14     9     654    (-,-) 
  u_lsu/mem_addr_q_reg[15]/D                             -       -       R     ASYNC_DFFHx1_ASAP7_75t_R      1    -     -     0     654    (-,-) 
#------------------------------------------------------------------------------------------------------------------------------------------------



Path 43: VIOLATED (-437 ps) Setup Check with Pin u_frontend/u_npc/BRANCH_PREDICTION.ras_stack_q_reg[1][0]/CLK->D
          Group: clk
     Startpoint: (R) u_frontend/u_decode/genblk1.u_fifo/rd_ptr_q_reg[0]/CLK
          Clock: (R) clk
       Endpoint: (R) u_frontend/u_npc/BRANCH_PREDICTION.ras_stack_q_reg[1][0]/D
          Clock: (R) clk

                     Capture       Launch     
        Clock Edge:+     250            0     
       Src Latency:+       0            0     
       Net Latency:+       0 (I)        0 (I) 
           Arrival:=     250            0     
                                              
             Setup:-       9                  
       Uncertainty:-      25                  
     Required Time:=     216                  
      Launch Clock:-       0                  
         Data Path:-     653                  
             Slack:=    -437                  

#----------------------------------------------------------------------------------------------------------------------------------------------------
#                       Timing Point                         Flags    Arc    Edge           Cell            Fanout Load Trans Delay Arrival Instance 
#                                                                                                                  (fF)  (ps)  (ps)   (ps)  Location 
#----------------------------------------------------------------------------------------------------------------------------------------------------
  u_frontend/u_decode/genblk1.u_fifo/rd_ptr_q_reg[0]/CLK     -       -       R     (arrival)                  5362    -    12     0       0    (-,-) 
  u_frontend/u_decode/genblk1.u_fifo/rd_ptr_q_reg[0]/QN      -       CLK->QN R     ASYNC_DFFHx1_ASAP7_75t_R      1  1.3    18    43      43    (-,-) 
  u_frontend/u_decode/genblk1.u_fifo/fopt275/Y               -       A->Y    R     BUFx6f_ASAP7_75t_R            8 11.6    15    19      62    (-,-) 
  u_frontend/u_decode/genblk1.u_fifo/fopt274/Y               -       A->Y    F     INVx6_ASAP7_75t_R            13  8.9    11     9      72    (-,-) 
  u_frontend/u_decode/genblk1.u_fifo/g6492/Y                 -       B->Y    R     NAND2xp5_ASAP7_75t_R          1  0.6    11     9      81    (-,-) 
  u_frontend/u_decode/genblk1.u_fifo/g6454/Y                 -       B->Y    F     OAI21xp5_ASAP7_75t_R          2  1.3    17    12      92    (-,-) 
  u_issue/g39105/Y                                           -       B->Y    F     XOR2xp5_ASAP7_75t_R           1  1.6    24    22     114    (-,-) 
  u_issue/g38990/Y                                           -       C->Y    R     NOR4xp75_ASAP7_75t_R          1  1.6    31    24     138    (-,-) 
  u_issue/g38985/Y                                           -       A->Y    F     NAND2x1p5_ASAP7_75t_R         1  1.6    14    11     150    (-,-) 
  u_issue/g38979/Y                                           -       B->Y    R     NOR2x1p5_ASAP7_75t_R          3  2.6    18    13     163    (-,-) 
  u_issue/g38978/Y                                           -       A->Y    F     INVx2_ASAP7_75t_R             2  1.7     8     7     170    (-,-) 
  u_issue/g39123/Y                                           -       A->Y    F     OR3x1_ASAP7_75t_R             2  1.5    14    25     195    (-,-) 
  u_issue/g76836/Y                                           -       A1->Y   F     AO31x2_ASAP7_75t_R            4  2.8    10    17     212    (-,-) 
  u_frontend/u_fetch/fopt30/Y                                -       A->Y    F     BUFx6f_ASAP7_75t_R           10  9.3    11    17     229    (-,-) 
  u_frontend/u_fetch/fopt6550/Y                              -       A->Y    F     BUFx3_ASAP7_75t_R             4  2.5     8    15     244    (-,-) 
  u_frontend/u_fetch/fopt6549/Y                              -       A->Y    R     INVx1_ASAP7_75t_R             2  1.2    10     7     252    (-,-) 
  u_frontend/u_fetch/g6231/Y                                 -       B1->Y   F     OAI22xp5_ASAP7_75t_R          2  0.9    14    10     262    (-,-) 
  u_frontend/u_fetch/g6090/Y                                 -       A1->Y   F     AO22x2_ASAP7_75t_R            1  2.6    11    24     286    (-,-) 
  u_frontend/u_fetch/fopt6534/Y                              -       A->Y    F     BUFx12f_ASAP7_75t_R          22 19.4    13    18     304    (-,-) 
  u_frontend/u_npc/fopt282669/Y                              -       A->Y    R     INVx6_ASAP7_75t_R            13  8.6    12    10     313    (-,-) 
  u_frontend/u_npc/fopt282657/Y                              -       A->Y    F     INVx3_ASAP7_75t_R             5  2.9     8     7     320    (-,-) 
  u_frontend/u_npc/g277933/Y                                 -       B2->Y   R     AOI22xp33_ASAP7_75t_R         1  0.5    17    11     331    (-,-) 
  u_frontend/u_npc/g277178/Y                                 -       A->Y    F     NAND2xp5_ASAP7_75t_R          1  0.4    10     8     340    (-,-) 
  u_frontend/u_npc/g276696/Y                                 -       A->Y    R     NOR2xp33_ASAP7_75t_R          1  0.6    17    12     352    (-,-) 
  u_frontend/u_npc/g276671/Y                                 -       B->Y    F     NAND2xp5_ASAP7_75t_R          2  1.1    16    13     365    (-,-) 
  u_frontend/u_npc/g276359/Y                                 -       B->Y    R     NOR2xp67_ASAP7_75t_R          1  0.6    13    11     376    (-,-) 
  u_frontend/u_npc/g276254/Y                                 -       B->Y    F     NAND2xp5_ASAP7_75t_R          3  1.5    19    14     389    (-,-) 
  u_frontend/u_npc/g283300/Y                                 -       B->Y    F     AND2x2_ASAP7_75t_R            2  1.1     7    20     410    (-,-) 
  u_frontend/u_npc/g276013/Y                                 -       B->Y    R     NAND2xp5_ASAP7_75t_R          2  1.6    21    13     422    (-,-) 
  u_frontend/u_npc/g275947/Y                                 -       B->Y    F     NOR2x1_ASAP7_75t_R            2  0.9    12    11     433    (-,-) 
  u_frontend/u_npc/g275907/Y                                 -       B->Y    F     AND2x2_ASAP7_75t_R            4  2.4    11    20     453    (-,-) 
  u_frontend/u_npc/g275875/Y                                 -       B->Y    F     AND2x2_ASAP7_75t_R            3  1.7     9    18     472    (-,-) 
  u_frontend/u_npc/g275862/Y                                 -       B->Y    R     NAND2xp5_ASAP7_75t_R          1  1.4    20    12     484    (-,-) 
  u_frontend/u_npc/g275821/Y                                 -       B->Y    F     OAI21x1_ASAP7_75t_R           4  2.1    17    13     497    (-,-) 
  u_frontend/u_npc/g230703/Y                                 -       A1->Y   R     AOI222xp33_ASAP7_75t_R        1  0.6    25    17     514    (-,-) 
  u_frontend/u_npc/g230604/Y                                 -       A->Y    R     AND4x1_ASAP7_75t_R            1  0.6    11    26     541    (-,-) 
  u_frontend/u_npc/g230592/Y                                 -       B->Y    F     NAND2xp5_ASAP7_75t_R          1  1.1    16    11     552    (-,-) 
  u_frontend/u_npc/g230289/Y                                 -       A->Y    R     NOR2x1_ASAP7_75t_R            1  1.4    15    13     565    (-,-) 
  u_frontend/u_npc/g230008/Y                                 -       B->Y    F     OAI21x1_ASAP7_75t_R           5  2.4    17    13     578    (-,-) 
  u_frontend/u_npc/g229492/Y                                 -       A->Y    R     INVxp67_ASAP7_75t_R           2  1.1    14    11     589    (-,-) 
  u_frontend/u_npc/g227430/Y                                 -       A2->Y   F     OAI21xp5_ASAP7_75t_R          1  0.6    12     9     598    (-,-) 
  u_frontend/u_npc/g226906/Y                                 -       B->Y    R     AOI21xp5_ASAP7_75t_R          1  0.6    14    11     609    (-,-) 
  u_frontend/u_npc/g226891/Y                                 -       B->Y    R     OA21x2_ASAP7_75t_R            4  3.1    14    21     629    (-,-) 
  u_frontend/u_npc/g226848/Y                                 -       B->Y    F     NAND2xp5_ASAP7_75t_R          2  1.0    15    11     641    (-,-) 
  u_frontend/u_npc/g226712/Y                                 -       A1->Y   R     OAI21xp33_ASAP7_75t_R         1  0.6    17    12     653    (-,-) 
  u_frontend/u_npc/BRANCH_PREDICTION.ras_stack_q_reg[1][0]/D -       -       R     ASYNC_DFFHx1_ASAP7_75t_R      1    -     -     0     653    (-,-) 
#----------------------------------------------------------------------------------------------------------------------------------------------------



Path 44: VIOLATED (-435 ps) Setup Check with Pin u_issue/pc_x_q_reg[2]/CLK->D
          Group: clk
     Startpoint: (R) u_frontend/u_decode/genblk1.u_fifo/rd_ptr_q_reg[0]/CLK
          Clock: (R) clk
       Endpoint: (R) u_issue/pc_x_q_reg[2]/D
          Clock: (R) clk

                     Capture       Launch     
        Clock Edge:+     250            0     
       Src Latency:+       0            0     
       Net Latency:+       0 (I)        0 (I) 
           Arrival:=     250            0     
                                              
             Setup:-       9                  
       Uncertainty:-      25                  
     Required Time:=     216                  
      Launch Clock:-       0                  
         Data Path:-     651                  
             Slack:=    -435                  

#------------------------------------------------------------------------------------------------------------------------------------------------
#                     Timing Point                       Flags    Arc    Edge           Cell            Fanout Load Trans Delay Arrival Instance 
#                                                                                                              (fF)  (ps)  (ps)   (ps)  Location 
#------------------------------------------------------------------------------------------------------------------------------------------------
  u_frontend/u_decode/genblk1.u_fifo/rd_ptr_q_reg[0]/CLK -       -       R     (arrival)                  5362    -    12     0       0    (-,-) 
  u_frontend/u_decode/genblk1.u_fifo/rd_ptr_q_reg[0]/QN  -       CLK->QN R     ASYNC_DFFHx1_ASAP7_75t_R      1  1.3    18    43      43    (-,-) 
  u_frontend/u_decode/genblk1.u_fifo/fopt275/Y           -       A->Y    R     BUFx6f_ASAP7_75t_R            8 11.6    15    19      62    (-,-) 
  u_frontend/u_decode/genblk1.u_fifo/fopt274/Y           -       A->Y    F     INVx6_ASAP7_75t_R            13  8.9    11     9      72    (-,-) 
  u_frontend/u_decode/genblk1.u_fifo/g6487/Y             -       B->Y    R     NAND2xp5_ASAP7_75t_R          1  0.6    13     9      81    (-,-) 
  u_frontend/u_decode/genblk1.u_fifo/g6394/Y             -       B->Y    F     OAI21xp5_ASAP7_75t_R          2  1.3    17    12      93    (-,-) 
  u_issue/g39104/Y                                       -       B->Y    F     XOR2xp5_ASAP7_75t_R           1  0.6    16    19     112    (-,-) 
  u_issue/g39000/Y                                       -       B->Y    F     AO21x1_ASAP7_75t_R            1  1.1     9    18     130    (-,-) 
  u_issue/g38988/Y                                       -       A->Y    R     NOR2x1_ASAP7_75t_R            2  1.2    14    11     140    (-,-) 
  u_issue/g38982/Y                                       -       B->Y    F     NAND2xp5_ASAP7_75t_R          1  1.1    17    12     152    (-,-) 
  u_issue/g38981/Y                                       -       B->Y    R     NOR2x1_ASAP7_75t_R            2  1.4    16    13     165    (-,-) 
  u_issue/g38975/Y                                       -       A->Y    R     AND3x4_ASAP7_75t_R            9  6.6    19    29     194    (-,-) 
  u_issue/g38974/Y                                       -       A->Y    R     BUFx6f_ASAP7_75t_R           11  9.3    13    18     212    (-,-) 
  u_issue/g38972/Y                                       -       A->Y    R     AND2x4_ASAP7_75t_R            6  4.5    12    20     232    (-,-) 
  u_issue/fopt78294/Y                                    -       A->Y    F     INVx1_ASAP7_75t_R             6  3.2    18    13     245    (-,-) 
  u_issue/g50749/Y                                       -       A->Y    R     NAND2xp5_ASAP7_75t_R          2  1.1    18    15     260    (-,-) 
  u_issue/g50609/Y                                       -       A->Y    F     NOR3xp33_ASAP7_75t_R          1  0.6    13    10     270    (-,-) 
  u_issue/g50562/Y                                       -       B->Y    R     AOI21xp5_ASAP7_75t_R          1  0.6    14    11     281    (-,-) 
  u_issue/g50534/Y                                       -       D->Y    R     AND4x2_ASAP7_75t_R            4  3.1    20    36     317    (-,-) 
  u_issue/g50446/Y                                       -       B->Y    R     OA211x2_ASAP7_75t_R           3  3.3    16    27     344    (-,-) 
  u_issue/g50385/Y                                       -       B->Y    R     AND2x4_ASAP7_75t_R           12  9.3    21    25     369    (-,-) 
  u_issue/fopt78629/Y                                    -       A->Y    F     INVx4_ASAP7_75t_R            14  8.5    15    12     381    (-,-) 
  u_issue/fopt78628/Y                                    -       A->Y    R     INVx1_ASAP7_75t_R             3  1.6    14    11     392    (-,-) 
  u_issue/g50110/Y                                       -       A1->Y   R     AO221x2_ASAP7_75t_R           4  2.7    17    29     421    (-,-) 
  u_exec1/g10969/Y                                       -       A->Y    R     XNOR2xp5_ASAP7_75t_R          1  0.5    18    16     437    (-,-) 
  u_exec1/g10910/Y                                       -       D->Y    F     NAND4xp25_ASAP7_75t_R         1  0.5    22    16     453    (-,-) 
  u_exec1/g10888/Y                                       -       C->Y    R     NOR3xp33_ASAP7_75t_R          1  0.8    26    20     473    (-,-) 
  u_exec1/g10828/Y                                       -       A->Y    F     NAND2xp67_ASAP7_75t_R         2  1.9    26    16     489    (-,-) 
  u_exec1/g10780/Y                                       -       A->Y    R     NOR3x1_ASAP7_75t_R            2  1.2    22    14     503    (-,-) 
  u_exec1/g10677/Y                                       -       A1->Y   F     O2A1O1Ixp33_ASAP7_75t_R       2  0.8    17    14     517    (-,-) 
  u_exec1/g10673/Y                                       -       B->Y    R     AOI311xp33_ASAP7_75t_R        1  0.5    23    17     534    (-,-) 
  u_exec1/g10672/Y                                       -       C->Y    F     NAND3xp33_ASAP7_75t_R         1  0.7    18    14     548    (-,-) 
  u_exec1/g5994/Y                                        -       A->Y    R     INVx1_ASAP7_75t_R             3  2.0    16    13     560    (-,-) 
  u_issue/g42039/Y                                       -       B->Y    F     NOR2x1_ASAP7_75t_R            2  1.7    16    12     573    (-,-) 
  u_issue/g42028/Y                                       -       B->Y    F     AND2x4_ASAP7_75t_R            5  4.4    10    20     593    (-,-) 
  u_issue/fopt5/Y                                        -       A->Y    R     INVxp67_ASAP7_75t_R           2  1.1    13     9     603    (-,-) 
  u_issue/fopt4/Y                                        -       A->Y    F     INVxp67_ASAP7_75t_R           3  1.4    13    10     613    (-,-) 
  u_issue/g41896/Y                                       -       A1->Y   R     AOI221xp5_ASAP7_75t_R         1  0.6    22    15     628    (-,-) 
  u_issue/g41864/Y                                       -       B->Y    F     OAI21xp5_ASAP7_75t_R          1  0.5    12    10     638    (-,-) 
  u_issue/g41854/Y                                       -       B->Y    R     AOI21xp33_ASAP7_75t_R         1  0.6    18    13     651    (-,-) 
  u_issue/pc_x_q_reg[2]/D                                -       -       R     ASYNC_DFFHx1_ASAP7_75t_R      1    -     -     0     651    (-,-) 
#------------------------------------------------------------------------------------------------------------------------------------------------



Path 45: VIOLATED (-435 ps) Setup Check with Pin u_lsu/mem_addr_q_reg[21]/CLK->D
          Group: clk
     Startpoint: (R) u_frontend/u_decode/genblk1.u_fifo/rd_ptr_q_reg[0]/CLK
          Clock: (R) clk
       Endpoint: (R) u_lsu/mem_addr_q_reg[21]/D
          Clock: (R) clk

                     Capture       Launch     
        Clock Edge:+     250            0     
       Src Latency:+       0            0     
       Net Latency:+       0 (I)        0 (I) 
           Arrival:=     250            0     
                                              
             Setup:-       9                  
       Uncertainty:-      25                  
     Required Time:=     216                  
      Launch Clock:-       0                  
         Data Path:-     651                  
             Slack:=    -435                  

#------------------------------------------------------------------------------------------------------------------------------------------------
#                     Timing Point                       Flags    Arc    Edge           Cell            Fanout Load Trans Delay Arrival Instance 
#                                                                                                              (fF)  (ps)  (ps)   (ps)  Location 
#------------------------------------------------------------------------------------------------------------------------------------------------
  u_frontend/u_decode/genblk1.u_fifo/rd_ptr_q_reg[0]/CLK -       -       R     (arrival)                  5362    -    12     0       0    (-,-) 
  u_frontend/u_decode/genblk1.u_fifo/rd_ptr_q_reg[0]/QN  -       CLK->QN F     ASYNC_DFFHx1_ASAP7_75t_R      1  1.3    17    41      41    (-,-) 
  u_frontend/u_decode/genblk1.u_fifo/fopt275/Y           -       A->Y    F     BUFx6f_ASAP7_75t_R            8 11.6    13    20      61    (-,-) 
  u_frontend/u_decode/genblk1.u_fifo/fopt253/Y           -       A->Y    F     BUFx6f_ASAP7_75t_R           15 11.0    13    18      79    (-,-) 
  u_frontend/u_decode/genblk1.u_fifo/fopt252/Y           -       A->Y    R     INVx4_ASAP7_75t_R             9  8.1    15    11      90    (-,-) 
  u_frontend/u_decode/genblk1.u_fifo/fopt221/Y           -       A->Y    R     BUFx6f_ASAP7_75t_R           12  7.2    11    16     107    (-,-) 
  u_frontend/u_decode/genblk1.u_fifo/g6453/Y             -       A2->Y   R     AO22x1_ASAP7_75t_R            6  3.4    24    26     133    (-,-) 
  u_frontend/u_decode/genblk1.u_dec1/g14075/Y            -       A->Y    F     INVx2_ASAP7_75t_R             5  3.2    13    11     144    (-,-) 
  u_frontend/u_decode/genblk1.u_dec1/g13974_14081/Y      -       C->Y    R     NAND3x1_ASAP7_75t_R           5  2.8    30    22     165    (-,-) 
  u_frontend/u_decode/genblk1.u_dec1/g13935/Y            -       B->Y    F     NOR2xp33_ASAP7_75t_R          1  1.0    24    20     186    (-,-) 
  u_frontend/u_decode/genblk1.u_dec1/g13895/Y            -       A->Y    R     NAND2x1_ASAP7_75t_R           3  2.2    24    20     206    (-,-) 
  u_frontend/u_decode/genblk1.u_dec1/g13890/Y            -       A->Y    F     INVxp67_ASAP7_75t_R           1  0.6    10     9     214    (-,-) 
  u_issue/g77521/Y                                       -       A1->Y   R     AOI22xp5_ASAP7_75t_R          2  1.3    24    15     230    (-,-) 
  u_issue/g77049/Y                                       -       B->Y    F     NAND2xp5_ASAP7_75t_R          2  1.1    18    14     244    (-,-) 
  u_issue/g77027/Y                                       -       A->Y    R     INVx1_ASAP7_75t_R             1  0.6     9     8     252    (-,-) 
  u_issue/g76885/Y                                       -       A2->Y   R     AO21x2_ASAP7_75t_R            2  2.1    10    17     269    (-,-) 
  u_issue/g76832/Y                                       -       A->Y    R     BUFx3_ASAP7_75t_R             2  2.6     9    15     284    (-,-) 
  u_issue/g76831/Y                                       -       A->Y    F     INVx2_ASAP7_75t_R             3  3.0     9     7     291    (-,-) 
  u_issue/g76532/Y                                       -       A->Y    R     NOR2xp67_ASAP7_75t_R          3  1.8    24    16     307    (-,-) 
  u_issue/g76350/Y                                       -       A2->Y   F     OAI22xp5_ASAP7_75t_R          1  0.6    14    12     319    (-,-) 
  u_issue/g76236/Y                                       -       A->Y    F     AND3x1_ASAP7_75t_R            1  0.5     6    14     333    (-,-) 
  u_issue/g76226/Y                                       -       B->Y    R     AOI31xp33_ASAP7_75t_R         1  0.6    24    13     346    (-,-) 
  u_issue/g76045/Y                                       -       B->Y    R     AND2x2_ASAP7_75t_R            1  1.6    10    22     369    (-,-) 
  u_issue/g75830/Y                                       -       D->Y    F     NAND4xp75_ASAP7_75t_R         2  2.6    28    19     388    (-,-) 
  u_issue/g75811/Y                                       -       B->Y    R     AOI21x1_ASAP7_75t_R           2  2.7    25    20     408    (-,-) 
  u_issue/g75809/Y                                       -       A->Y    F     INVx2_ASAP7_75t_R             1  1.4     9     7     415    (-,-) 
  u_issue/g75801/Y                                       -       B->Y    R     NOR3x1_ASAP7_75t_R            1  1.3    16    12     428    (-,-) 
  u_issue/fopt14/Y                                       -       A->Y    R     BUFx6f_ASAP7_75t_R           12  9.1    13    18     445    (-,-) 
  u_issue/buff/Y                                         -       A->Y    R     BUFx6f_ASAP7_75t_R           12  6.9    10    16     461    (-,-) 
  u_issue/g75698/Y                                       -       A2->Y   F     OAI22xp5_ASAP7_75t_R          3  2.1    26    15     476    (-,-) 
  u_lsu/ADD_TC_OP_45_g2491/Y                             -       B->Y    R     NAND2xp5_ASAP7_75t_R          3  1.7    24    20     496    (-,-) 
  u_lsu/ADD_TC_OP_45_g2309/Y                             -       A1->Y   F     OAI21xp5_ASAP7_75t_R          1  0.6    14    12     507    (-,-) 
  u_lsu/ADD_TC_OP_45_g2276/Y                             -       B->Y    F     AO21x2_ASAP7_75t_R            4  3.3    13    23     530    (-,-) 
  u_lsu/ADD_TC_OP_45_g2260/Y                             -       A1->Y   R     AOI21x1_ASAP7_75t_R           1  1.3    15    10     541    (-,-) 
  u_lsu/fopt4/Y                                          -       A->Y    F     INVx2_ASAP7_75t_R             3  1.6     8     7     547    (-,-) 
  u_lsu/ADD_TC_OP_45_g2239/Y                             -       A2->Y   F     AO21x2_ASAP7_75t_R            4  3.2    12    20     568    (-,-) 
  u_lsu/g16080/Y                                         -       A2->Y   F     AO21x1_ASAP7_75t_R            2  1.3    10    17     585    (-,-) 
  u_lsu/ADD_TC_OP_45_g2215/Y                             -       A->Y    R     INVx1_ASAP7_75t_R             2  1.5    12     9     594    (-,-) 
  u_lsu/ADD_TC_OP_45_g2189/Y                             -       A2->Y   F     OAI21xp5_ASAP7_75t_R          1  1.0    21    10     604    (-,-) 
  u_lsu/g16142/Y                                         -       B->Y    F     XNOR2xp5_ASAP7_75t_R          1  0.6    14    21     625    (-,-) 
  u_lsu/g16041/Y                                         -       A1->Y   F     AO21x1_ASAP7_75t_R            1  0.6     7    16     642    (-,-) 
  u_lsu/g15623/Y                                         -       B->Y    R     AOI21xp5_ASAP7_75t_R          1  0.6    14     9     651    (-,-) 
  u_lsu/mem_addr_q_reg[21]/D                             -       -       R     ASYNC_DFFHx1_ASAP7_75t_R      1    -     -     0     651    (-,-) 
#------------------------------------------------------------------------------------------------------------------------------------------------



Path 46: VIOLATED (-435 ps) Setup Check with Pin u_lsu/mem_addr_q_reg[27]/CLK->D
          Group: clk
     Startpoint: (R) u_frontend/u_decode/genblk1.u_fifo/rd_ptr_q_reg[0]/CLK
          Clock: (R) clk
       Endpoint: (R) u_lsu/mem_addr_q_reg[27]/D
          Clock: (R) clk

                     Capture       Launch     
        Clock Edge:+     250            0     
       Src Latency:+       0            0     
       Net Latency:+       0 (I)        0 (I) 
           Arrival:=     250            0     
                                              
             Setup:-       9                  
       Uncertainty:-      25                  
     Required Time:=     216                  
      Launch Clock:-       0                  
         Data Path:-     651                  
             Slack:=    -435                  

#------------------------------------------------------------------------------------------------------------------------------------------------
#                     Timing Point                       Flags    Arc    Edge           Cell            Fanout Load Trans Delay Arrival Instance 
#                                                                                                              (fF)  (ps)  (ps)   (ps)  Location 
#------------------------------------------------------------------------------------------------------------------------------------------------
  u_frontend/u_decode/genblk1.u_fifo/rd_ptr_q_reg[0]/CLK -       -       R     (arrival)                  5362    -    12     0       0    (-,-) 
  u_frontend/u_decode/genblk1.u_fifo/rd_ptr_q_reg[0]/QN  -       CLK->QN F     ASYNC_DFFHx1_ASAP7_75t_R      1  1.3    17    41      41    (-,-) 
  u_frontend/u_decode/genblk1.u_fifo/fopt275/Y           -       A->Y    F     BUFx6f_ASAP7_75t_R            8 11.6    13    20      61    (-,-) 
  u_frontend/u_decode/genblk1.u_fifo/fopt253/Y           -       A->Y    F     BUFx6f_ASAP7_75t_R           15 11.0    13    18      79    (-,-) 
  u_frontend/u_decode/genblk1.u_fifo/fopt252/Y           -       A->Y    R     INVx4_ASAP7_75t_R             9  8.1    15    11      90    (-,-) 
  u_frontend/u_decode/genblk1.u_fifo/fopt221/Y           -       A->Y    R     BUFx6f_ASAP7_75t_R           12  7.2    11    16     107    (-,-) 
  u_frontend/u_decode/genblk1.u_fifo/g6453/Y             -       A2->Y   R     AO22x1_ASAP7_75t_R            6  3.4    24    26     133    (-,-) 
  u_frontend/u_decode/genblk1.u_dec1/g14075/Y            -       A->Y    F     INVx2_ASAP7_75t_R             5  3.2    13    11     144    (-,-) 
  u_frontend/u_decode/genblk1.u_dec1/g13974_14081/Y      -       C->Y    R     NAND3x1_ASAP7_75t_R           5  2.8    30    22     165    (-,-) 
  u_frontend/u_decode/genblk1.u_dec1/g13935/Y            -       B->Y    F     NOR2xp33_ASAP7_75t_R          1  1.0    24    20     186    (-,-) 
  u_frontend/u_decode/genblk1.u_dec1/g13895/Y            -       A->Y    R     NAND2x1_ASAP7_75t_R           3  2.2    24    20     206    (-,-) 
  u_frontend/u_decode/genblk1.u_dec1/g13890/Y            -       A->Y    F     INVxp67_ASAP7_75t_R           1  0.6    10     9     214    (-,-) 
  u_issue/g77521/Y                                       -       A1->Y   R     AOI22xp5_ASAP7_75t_R          2  1.3    24    15     230    (-,-) 
  u_issue/g77049/Y                                       -       B->Y    F     NAND2xp5_ASAP7_75t_R          2  1.1    18    14     244    (-,-) 
  u_issue/g77027/Y                                       -       A->Y    R     INVx1_ASAP7_75t_R             1  0.6     9     8     252    (-,-) 
  u_issue/g76885/Y                                       -       A2->Y   R     AO21x2_ASAP7_75t_R            2  2.1    10    17     269    (-,-) 
  u_issue/g76832/Y                                       -       A->Y    R     BUFx3_ASAP7_75t_R             2  2.6     9    15     284    (-,-) 
  u_issue/g76831/Y                                       -       A->Y    F     INVx2_ASAP7_75t_R             3  3.0     9     7     291    (-,-) 
  u_issue/g76532/Y                                       -       A->Y    R     NOR2xp67_ASAP7_75t_R          3  1.8    24    16     307    (-,-) 
  u_issue/g76350/Y                                       -       A2->Y   F     OAI22xp5_ASAP7_75t_R          1  0.6    14    12     319    (-,-) 
  u_issue/g76236/Y                                       -       A->Y    F     AND3x1_ASAP7_75t_R            1  0.5     6    14     333    (-,-) 
  u_issue/g76226/Y                                       -       B->Y    R     AOI31xp33_ASAP7_75t_R         1  0.6    24    13     346    (-,-) 
  u_issue/g76045/Y                                       -       B->Y    R     AND2x2_ASAP7_75t_R            1  1.6    10    22     369    (-,-) 
  u_issue/g75830/Y                                       -       D->Y    F     NAND4xp75_ASAP7_75t_R         2  2.6    28    19     388    (-,-) 
  u_issue/g75811/Y                                       -       B->Y    R     AOI21x1_ASAP7_75t_R           2  2.7    25    20     408    (-,-) 
  u_issue/g75809/Y                                       -       A->Y    F     INVx2_ASAP7_75t_R             1  1.4     9     7     415    (-,-) 
  u_issue/g75801/Y                                       -       B->Y    R     NOR3x1_ASAP7_75t_R            1  1.3    16    12     428    (-,-) 
  u_issue/fopt14/Y                                       -       A->Y    R     BUFx6f_ASAP7_75t_R           12  9.1    13    18     445    (-,-) 
  u_issue/buff/Y                                         -       A->Y    R     BUFx6f_ASAP7_75t_R           12  6.9    10    16     461    (-,-) 
  u_issue/g75653/Y                                       -       B1->Y   R     AO22x1_ASAP7_75t_R            4  2.2    18    21     482    (-,-) 
  u_lsu/ADD_TC_OP_45_g2419/Y                             -       A->Y    F     NOR2xp33_ASAP7_75t_R          2  1.1    24    18     500    (-,-) 
  u_lsu/ADD_TC_OP_45_g2315/Y                             -       B->Y    F     AO21x1_ASAP7_75t_R            2  1.1     9    20     520    (-,-) 
  u_lsu/ADD_TC_OP_45_g2274/Y                             -       A1->Y   R     OAI21xp5_ASAP7_75t_R          1  1.2    19    12     532    (-,-) 
  u_lsu/ADD_TC_OP_45_g2260/Y                             -       B->Y    F     AOI21x1_ASAP7_75t_R           1  1.3    12    10     542    (-,-) 
  u_lsu/fopt4/Y                                          -       A->Y    R     INVx2_ASAP7_75t_R             3  1.6     8     7     549    (-,-) 
  u_lsu/ADD_TC_OP_45_g2239/Y                             -       A2->Y   R     AO21x2_ASAP7_75t_R            4  3.2    14    19     568    (-,-) 
  u_lsu/ADD_TC_OP_45_g2238/Y                             -       A->Y    F     INVx2_ASAP7_75t_R             3  1.8     8     7     575    (-,-) 
  u_lsu/ADD_TC_OP_45_g2214/Y                             -       A2->Y   F     OA21x2_ASAP7_75t_R            2  2.6    11    20     594    (-,-) 
  u_lsu/ADD_TC_OP_45_g2211/Y                             -       A->Y    R     INVx3_ASAP7_75t_R             7  4.9    12     9     604    (-,-) 
  u_lsu/ADD_TC_OP_45_g2187/Y                             -       A2->Y   R     AO21x1_ASAP7_75t_R            1  0.6     8    14     618    (-,-) 
  u_lsu/ADD_TC_OP_45_g2168/Y                             -       A2->Y   F     OAI21xp5_ASAP7_75t_R          1  0.6    13     8     625    (-,-) 
  u_lsu/g16046/Y                                         -       A1->Y   F     AO21x1_ASAP7_75t_R            1  0.6     7    16     642    (-,-) 
  u_lsu/g15640/Y                                         -       B->Y    R     AOI21xp5_ASAP7_75t_R          1  0.6    15     9     651    (-,-) 
  u_lsu/mem_addr_q_reg[27]/D                             -       -       R     ASYNC_DFFHx1_ASAP7_75t_R      1    -     -     0     651    (-,-) 
#------------------------------------------------------------------------------------------------------------------------------------------------



Path 47: VIOLATED (-434 ps) Setup Check with Pin u_exec1/result_q_reg[29]/CLK->D
          Group: clk
     Startpoint: (R) u_frontend/u_decode/genblk1.u_fifo/rd_ptr_q_reg[0]/CLK
          Clock: (R) clk
       Endpoint: (F) u_exec1/result_q_reg[29]/D
          Clock: (R) clk

                     Capture       Launch     
        Clock Edge:+     250            0     
       Src Latency:+       0            0     
       Net Latency:+       0 (I)        0 (I) 
           Arrival:=     250            0     
                                              
             Setup:-      10                  
       Uncertainty:-      25                  
     Required Time:=     215                  
      Launch Clock:-       0                  
         Data Path:-     650                  
             Slack:=    -434                  

#------------------------------------------------------------------------------------------------------------------------------------------------
#                     Timing Point                       Flags    Arc    Edge           Cell            Fanout Load Trans Delay Arrival Instance 
#                                                                                                              (fF)  (ps)  (ps)   (ps)  Location 
#------------------------------------------------------------------------------------------------------------------------------------------------
  u_frontend/u_decode/genblk1.u_fifo/rd_ptr_q_reg[0]/CLK -       -       R     (arrival)                  5362    -    12     0       0    (-,-) 
  u_frontend/u_decode/genblk1.u_fifo/rd_ptr_q_reg[0]/QN  -       CLK->QN R     ASYNC_DFFHx1_ASAP7_75t_R      1  1.3    18    43      43    (-,-) 
  u_frontend/u_decode/genblk1.u_fifo/fopt275/Y           -       A->Y    R     BUFx6f_ASAP7_75t_R            8 11.6    15    19      62    (-,-) 
  u_frontend/u_decode/genblk1.u_fifo/fopt274/Y           -       A->Y    F     INVx6_ASAP7_75t_R            13  8.9    11     9      72    (-,-) 
  u_frontend/u_decode/genblk1.u_fifo/g6487/Y             -       B->Y    R     NAND2xp5_ASAP7_75t_R          1  0.6    13     9      81    (-,-) 
  u_frontend/u_decode/genblk1.u_fifo/g6394/Y             -       B->Y    F     OAI21xp5_ASAP7_75t_R          2  1.3    17    12      93    (-,-) 
  u_issue/g39104/Y                                       -       B->Y    F     XOR2xp5_ASAP7_75t_R           1  0.6    16    19     112    (-,-) 
  u_issue/g39000/Y                                       -       B->Y    F     AO21x1_ASAP7_75t_R            1  1.1     9    18     130    (-,-) 
  u_issue/g38988/Y                                       -       A->Y    R     NOR2x1_ASAP7_75t_R            2  1.2    14    11     140    (-,-) 
  u_issue/g38982/Y                                       -       B->Y    F     NAND2xp5_ASAP7_75t_R          1  1.1    17    12     152    (-,-) 
  u_issue/g38981/Y                                       -       B->Y    R     NOR2x1_ASAP7_75t_R            2  1.4    16    13     165    (-,-) 
  u_issue/g38975/Y                                       -       A->Y    R     AND3x4_ASAP7_75t_R            9  6.6    19    29     194    (-,-) 
  u_issue/g38974/Y                                       -       A->Y    R     BUFx6f_ASAP7_75t_R           11  9.3    13    18     212    (-,-) 
  u_issue/g38971/Y                                       -       B->Y    R     AND2x4_ASAP7_75t_R            7  6.3    15    22     234    (-,-) 
  u_issue/u_regfile/fopt72549/Y                          -       A->Y    R     BUFx4f_ASAP7_75t_R            7  5.0    11    17     251    (-,-) 
  u_issue/u_regfile/fopt72550/Y                          -       A->Y    F     INVx1_ASAP7_75t_R             2  1.2     9     7     259    (-,-) 
  u_issue/u_regfile/g2080/Y                              -       B->Y    F     AND3x2_ASAP7_75t_R            4  4.4    15    20     279    (-,-) 
  u_issue/u_regfile/g2043/Y                              -       A->Y    F     AND2x4_ASAP7_75t_R           32 19.2    30    32     310    (-,-) 
  u_issue/u_regfile/g3683/Y                              -       B2->Y   R     AOI22xp5_ASAP7_75t_R          1  0.6    18    15     326    (-,-) 
  u_issue/u_regfile/g3439/Y                              -       D->Y    R     AND4x1_ASAP7_75t_R            1  0.5    11    26     352    (-,-) 
  u_issue/u_regfile/g3399/Y                              -       B->Y    F     NAND5xp2_ASAP7_75t_R          1  0.5    29    17     369    (-,-) 
  u_issue/g50898/Y                                       -       A->Y    R     INVxp67_ASAP7_75t_R           1  0.6    13    11     380    (-,-) 
  u_issue/g50186/Y                                       -       A1->Y   F     OAI21xp5_ASAP7_75t_R          1  0.5    12     9     389    (-,-) 
  u_issue/g50154/Y                                       -       C->Y    F     AO221x2_ASAP7_75t_R           5  4.0    20    32     421    (-,-) 
  u_exec1/fopt11333/Y                                    -       A->Y    R     INVx2_ASAP7_75t_R             5  3.0    14    11     432    (-,-) 
  u_exec1/fopt11330/Y                                    -       A->Y    F     INVx1_ASAP7_75t_R             3  1.7    12     9     442    (-,-) 
  u_exec1/g10712/Y                                       -       A2->Y   F     AO21x1_ASAP7_75t_R            8  4.1    24    24     466    (-,-) 
  u_exec1/u_alu/add_147_38_g2639/Y                       -       A->Y    R     NOR2xp33_ASAP7_75t_R          3  1.5    36    24     490    (-,-) 
  u_exec1/u_alu/add_147_38_g2483/Y                       -       B->Y    F     NOR2xp33_ASAP7_75t_R          2  1.2    31    24     514    (-,-) 
  u_exec1/u_alu/add_147_38_g2410/Y                       -       A2->Y   R     AOI21xp5_ASAP7_75t_R          4  2.3    34    23     537    (-,-) 
  u_exec1/u_alu/add_147_38_g2383/Y                       -       A2->Y   R     OA21x2_ASAP7_75t_R            8  4.6    18    27     564    (-,-) 
  u_exec1/u_alu/g20010/Y                                 -       A2->Y   F     OAI221xp5_ASAP7_75t_R         1  0.6    21    13     577    (-,-) 
  u_exec1/u_alu/add_147_38_g2327/Y                       -       B->Y    R     AOI21xp5_ASAP7_75t_R          1  1.1    21    16     593    (-,-) 
  u_exec1/u_alu/add_147_38_g2319/Y                       -       B->Y    R     XOR2xp5_ASAP7_75t_R           1  0.6    18    21     614    (-,-) 
  u_exec1/u_alu/g19163/Y                                 -       A2->Y   R     AO21x1_ASAP7_75t_R            1  0.6     8    15     629    (-,-) 
  u_exec1/u_alu/g19146/Y                                 -       B->Y    R     AO21x1_ASAP7_75t_R            1  0.6     9    11     640    (-,-) 
  u_exec1/g7519/Y                                        -       A2->Y   F     AOI22xp5_ASAP7_75t_R          1  0.6    28    10     650    (-,-) 
  u_exec1/result_q_reg[29]/D                             -       -       F     ASYNC_DFFHx1_ASAP7_75t_R      1    -     -     0     650    (-,-) 
#------------------------------------------------------------------------------------------------------------------------------------------------



Path 48: VIOLATED (-434 ps) Setup Check with Pin u_exec1/result_q_reg[27]/CLK->D
          Group: clk
     Startpoint: (R) u_frontend/u_decode/genblk1.u_fifo/rd_ptr_q_reg[0]/CLK
          Clock: (R) clk
       Endpoint: (F) u_exec1/result_q_reg[27]/D
          Clock: (R) clk

                     Capture       Launch     
        Clock Edge:+     250            0     
       Src Latency:+       0            0     
       Net Latency:+       0 (I)        0 (I) 
           Arrival:=     250            0     
                                              
             Setup:-      10                  
       Uncertainty:-      25                  
     Required Time:=     215                  
      Launch Clock:-       0                  
         Data Path:-     650                  
             Slack:=    -434                  

#------------------------------------------------------------------------------------------------------------------------------------------------
#                     Timing Point                       Flags    Arc    Edge           Cell            Fanout Load Trans Delay Arrival Instance 
#                                                                                                              (fF)  (ps)  (ps)   (ps)  Location 
#------------------------------------------------------------------------------------------------------------------------------------------------
  u_frontend/u_decode/genblk1.u_fifo/rd_ptr_q_reg[0]/CLK -       -       R     (arrival)                  5362    -    12     0       0    (-,-) 
  u_frontend/u_decode/genblk1.u_fifo/rd_ptr_q_reg[0]/QN  -       CLK->QN R     ASYNC_DFFHx1_ASAP7_75t_R      1  1.3    18    43      43    (-,-) 
  u_frontend/u_decode/genblk1.u_fifo/fopt275/Y           -       A->Y    R     BUFx6f_ASAP7_75t_R            8 11.6    15    19      62    (-,-) 
  u_frontend/u_decode/genblk1.u_fifo/fopt274/Y           -       A->Y    F     INVx6_ASAP7_75t_R            13  8.9    11     9      72    (-,-) 
  u_frontend/u_decode/genblk1.u_fifo/g6487/Y             -       B->Y    R     NAND2xp5_ASAP7_75t_R          1  0.6    13     9      81    (-,-) 
  u_frontend/u_decode/genblk1.u_fifo/g6394/Y             -       B->Y    F     OAI21xp5_ASAP7_75t_R          2  1.3    17    12      93    (-,-) 
  u_issue/g39104/Y                                       -       B->Y    F     XOR2xp5_ASAP7_75t_R           1  0.6    16    19     112    (-,-) 
  u_issue/g39000/Y                                       -       B->Y    F     AO21x1_ASAP7_75t_R            1  1.1     9    18     130    (-,-) 
  u_issue/g38988/Y                                       -       A->Y    R     NOR2x1_ASAP7_75t_R            2  1.2    14    11     140    (-,-) 
  u_issue/g38982/Y                                       -       B->Y    F     NAND2xp5_ASAP7_75t_R          1  1.1    17    12     152    (-,-) 
  u_issue/g38981/Y                                       -       B->Y    R     NOR2x1_ASAP7_75t_R            2  1.4    16    13     165    (-,-) 
  u_issue/g38975/Y                                       -       A->Y    R     AND3x4_ASAP7_75t_R            9  6.6    19    29     194    (-,-) 
  u_issue/g37450/Y                                       -       A->Y    F     INVx2_ASAP7_75t_R             2  3.3    12    10     204    (-,-) 
  u_issue/g37448/Y                                       -       A->Y    R     INVx1_ASAP7_75t_R             2  1.8    14    10     215    (-,-) 
  u_issue/g37446/Y                                       -       A->Y    R     BUFx3_ASAP7_75t_R            36 21.3    46    33     247    (-,-) 
  u_issue/g78134/Y                                       -       B->Y    R     AND2x2_ASAP7_75t_R           11  5.6    24    34     281    (-,-) 
  u_exec1/g10950/Y                                       -       C->Y    F     NOR3xp33_ASAP7_75t_R          1  0.5    14    13     294    (-,-) 
  u_exec1/g10931/Y                                       -       A->Y    R     NAND2xp5_ASAP7_75t_R          2  0.9    15    12     307    (-,-) 
  u_exec1/g10903/Y                                       -       B->Y    F     NOR2xp33_ASAP7_75t_R          2  1.1    26    17     323    (-,-) 
  u_exec1/g10895/Y                                       -       A->Y    F     AND2x2_ASAP7_75t_R            4  2.4    11    26     349    (-,-) 
  u_exec1/g10878/Y                                       -       A->Y    R     INVx1_ASAP7_75t_R             3  2.9    20    13     362    (-,-) 
  u_exec1/g10834/Y                                       -       B->Y    F     NOR2x1p5_ASAP7_75t_R          4  2.3    19    12     374    (-,-) 
  u_exec1/g10757/Y                                       -       A1->Y   R     OAI21xp5_ASAP7_75t_R          3  1.7    26    17     392    (-,-) 
  u_exec1/g10683/Y                                       -       A1->Y   F     OAI21xp5_ASAP7_75t_R          4  2.4    35    20     412    (-,-) 
  u_exec1/u_alu/g19881/Y                                 -       A->Y    R     INVx1_ASAP7_75t_R             3  1.8    19    16     428    (-,-) 
  u_exec1/u_alu/g19856/Y                                 -       B->Y    R     AND2x2_ASAP7_75t_R            4  2.3    13    23     450    (-,-) 
  u_exec1/u_alu/g19823/Y                                 -       A->Y    F     NAND3xp33_ASAP7_75t_R         2  0.9    29    14     464    (-,-) 
  u_exec1/u_alu/g19721/Y                                 -       A->Y    F     OR2x2_ASAP7_75t_R            12  6.5    23    34     498    (-,-) 
  u_exec1/u_alu/g19684/Y                                 -       A->Y    R     INVx1_ASAP7_75t_R             3  1.7    16    13     511    (-,-) 
  u_exec1/u_alu/g19593/Y                                 -       B->Y    R     AND2x2_ASAP7_75t_R            9  4.7    21    26     537    (-,-) 
  u_exec1/u_alu/g19559/Y                                 -       A->Y    F     INVx1_ASAP7_75t_R             2  1.6    13    11     547    (-,-) 
  u_exec1/u_alu/g19516/Y                                 -       B->Y    R     NOR2x1_ASAP7_75t_R            4  2.2    21    14     561    (-,-) 
  u_exec1/u_alu/g19488/Y                                 -       A->Y    F     INVx1_ASAP7_75t_R             5  2.6    17    14     575    (-,-) 
  u_exec1/u_alu/g19251/Y                                 -       A2->Y   R     OAI221xp5_ASAP7_75t_R         1  0.6    27    18     594    (-,-) 
  u_exec1/u_alu/g19229/Y                                 -       B->Y    F     AOI21xp5_ASAP7_75t_R          1  0.5    13    10     603    (-,-) 
  u_exec1/u_alu/g19184/Y                                 -       C->Y    R     OAI221xp5_ASAP7_75t_R         1  0.6    28    11     614    (-,-) 
  u_exec1/u_alu/g19164/Y                                 -       B->Y    R     AO21x1_ASAP7_75t_R            1  0.6     8    15     629    (-,-) 
  u_exec1/u_alu/g19149/Y                                 -       B->Y    R     AO21x1_ASAP7_75t_R            1  0.6     9    11     640    (-,-) 
  u_exec1/g7517/Y                                        -       A2->Y   F     AOI22xp5_ASAP7_75t_R          1  0.6    28    10     650    (-,-) 
  u_exec1/result_q_reg[27]/D                             -       -       F     ASYNC_DFFHx1_ASAP7_75t_R      1    -     -     0     650    (-,-) 
#------------------------------------------------------------------------------------------------------------------------------------------------



Path 49: VIOLATED (-434 ps) Setup Check with Pin u_exec1/result_q_reg[25]/CLK->D
          Group: clk
     Startpoint: (R) u_frontend/u_decode/genblk1.u_fifo/rd_ptr_q_reg[0]/CLK
          Clock: (R) clk
       Endpoint: (F) u_exec1/result_q_reg[25]/D
          Clock: (R) clk

                     Capture       Launch     
        Clock Edge:+     250            0     
       Src Latency:+       0            0     
       Net Latency:+       0 (I)        0 (I) 
           Arrival:=     250            0     
                                              
             Setup:-      10                  
       Uncertainty:-      25                  
     Required Time:=     215                  
      Launch Clock:-       0                  
         Data Path:-     650                  
             Slack:=    -434                  

#------------------------------------------------------------------------------------------------------------------------------------------------
#                     Timing Point                       Flags    Arc    Edge           Cell            Fanout Load Trans Delay Arrival Instance 
#                                                                                                              (fF)  (ps)  (ps)   (ps)  Location 
#------------------------------------------------------------------------------------------------------------------------------------------------
  u_frontend/u_decode/genblk1.u_fifo/rd_ptr_q_reg[0]/CLK -       -       R     (arrival)                  5362    -    12     0       0    (-,-) 
  u_frontend/u_decode/genblk1.u_fifo/rd_ptr_q_reg[0]/QN  -       CLK->QN R     ASYNC_DFFHx1_ASAP7_75t_R      1  1.3    18    43      43    (-,-) 
  u_frontend/u_decode/genblk1.u_fifo/fopt275/Y           -       A->Y    R     BUFx6f_ASAP7_75t_R            8 11.6    15    19      62    (-,-) 
  u_frontend/u_decode/genblk1.u_fifo/fopt274/Y           -       A->Y    F     INVx6_ASAP7_75t_R            13  8.9    11     9      72    (-,-) 
  u_frontend/u_decode/genblk1.u_fifo/g6487/Y             -       B->Y    R     NAND2xp5_ASAP7_75t_R          1  0.6    13     9      81    (-,-) 
  u_frontend/u_decode/genblk1.u_fifo/g6394/Y             -       B->Y    F     OAI21xp5_ASAP7_75t_R          2  1.3    17    12      93    (-,-) 
  u_issue/g39104/Y                                       -       B->Y    F     XOR2xp5_ASAP7_75t_R           1  0.6    16    19     112    (-,-) 
  u_issue/g39000/Y                                       -       B->Y    F     AO21x1_ASAP7_75t_R            1  1.1     9    18     130    (-,-) 
  u_issue/g38988/Y                                       -       A->Y    R     NOR2x1_ASAP7_75t_R            2  1.2    14    11     140    (-,-) 
  u_issue/g38982/Y                                       -       B->Y    F     NAND2xp5_ASAP7_75t_R          1  1.1    17    12     152    (-,-) 
  u_issue/g38981/Y                                       -       B->Y    R     NOR2x1_ASAP7_75t_R            2  1.4    16    13     165    (-,-) 
  u_issue/g38975/Y                                       -       A->Y    R     AND3x4_ASAP7_75t_R            9  6.6    19    29     194    (-,-) 
  u_issue/g38974/Y                                       -       A->Y    R     BUFx6f_ASAP7_75t_R           11  9.3    13    18     212    (-,-) 
  u_issue/g38972/Y                                       -       A->Y    R     AND2x4_ASAP7_75t_R            6  4.5    12    20     232    (-,-) 
  u_issue/fopt78294/Y                                    -       A->Y    F     INVx1_ASAP7_75t_R             6  3.2    18    13     245    (-,-) 
  u_issue/g50749/Y                                       -       A->Y    R     NAND2xp5_ASAP7_75t_R          2  1.1    18    15     260    (-,-) 
  u_issue/g50609/Y                                       -       A->Y    F     NOR3xp33_ASAP7_75t_R          1  0.6    13    10     270    (-,-) 
  u_issue/g50562/Y                                       -       B->Y    R     AOI21xp5_ASAP7_75t_R          1  0.6    14    11     281    (-,-) 
  u_issue/g50534/Y                                       -       D->Y    R     AND4x2_ASAP7_75t_R            4  3.1    20    36     317    (-,-) 
  u_issue/g50446/Y                                       -       B->Y    R     OA211x2_ASAP7_75t_R           3  3.3    16    27     344    (-,-) 
  u_issue/g50385/Y                                       -       B->Y    R     AND2x4_ASAP7_75t_R           12  9.3    21    25     369    (-,-) 
  u_issue/fopt78629/Y                                    -       A->Y    F     INVx4_ASAP7_75t_R            14  8.5    15    12     381    (-,-) 
  u_issue/fopt78628/Y                                    -       A->Y    R     INVx1_ASAP7_75t_R             3  1.6    14    11     392    (-,-) 
  u_issue/g50110/Y                                       -       A1->Y   R     AO221x2_ASAP7_75t_R           4  2.7    17    29     421    (-,-) 
  u_exec1/fopt11307/Y                                    -       A->Y    F     INVx1_ASAP7_75t_R             4  2.2    15    12     432    (-,-) 
  u_exec1/fopt11305/Y                                    -       A->Y    R     INVx1_ASAP7_75t_R             3  1.7    14    11     443    (-,-) 
  u_exec1/g11486/Y                                       -       A2->Y   R     AO221x1_ASAP7_75t_R           8  4.2    30    32     475    (-,-) 
  u_exec1/u_alu/sub_57_37_g3976/Y                        -       A->Y    F     NAND2xp5_ASAP7_75t_R          4  2.2    27    20     495    (-,-) 
  u_exec1/u_alu/sub_57_37_g3850/Y                        -       A->Y    R     NAND2xp5_ASAP7_75t_R          3  1.3    22    19     514    (-,-) 
  u_exec1/u_alu/sub_57_37_g3759/Y                        -       B->Y    F     NOR2xp33_ASAP7_75t_R          2  1.2    25    20     533    (-,-) 
  u_exec1/u_alu/sub_57_37_g3741/Y                        -       B->Y    R     NAND2xp5_ASAP7_75t_R          5  2.0    26    21     554    (-,-) 
  u_exec1/u_alu/sub_57_37_g3732/Y                        -       A->Y    R     HB1xp67_ASAP7_75t_R           4  1.6    18    22     576    (-,-) 
  u_exec1/u_alu/sub_57_37_g3694/Y                        -       B->Y    F     NOR2xp33_ASAP7_75t_R          2  1.3    33    19     596    (-,-) 
  u_exec1/u_alu/sub_57_37_g3688/Y                        -       A->Y    R     INVx1_ASAP7_75t_R             1  0.6    12    10     606    (-,-) 
  u_exec1/u_alu/sub_57_37_g3616/Y                        -       A1->Y   F     OAI21xp5_ASAP7_75t_R          1  0.6    16     9     615    (-,-) 
  u_exec1/u_alu/sub_57_37_g3571/Y                        -       A2->Y   R     OAI21xp5_ASAP7_75t_R          1  0.6    14    11     626    (-,-) 
  u_exec1/u_alu/g19142/Y                                 -       A2->Y   R     AO21x1_ASAP7_75t_R            1  0.6     9    14     640    (-,-) 
  u_exec1/g7515/Y                                        -       A2->Y   F     AOI22xp5_ASAP7_75t_R          1  0.6    28    10     650    (-,-) 
  u_exec1/result_q_reg[25]/D                             -       -       F     ASYNC_DFFHx1_ASAP7_75t_R      1    -     -     0     650    (-,-) 
#------------------------------------------------------------------------------------------------------------------------------------------------



Path 50: VIOLATED (-434 ps) Setup Check with Pin u_exec1/result_q_reg[26]/CLK->D
          Group: clk
     Startpoint: (R) u_frontend/u_decode/genblk1.u_fifo/rd_ptr_q_reg[0]/CLK
          Clock: (R) clk
       Endpoint: (F) u_exec1/result_q_reg[26]/D
          Clock: (R) clk

                     Capture       Launch     
        Clock Edge:+     250            0     
       Src Latency:+       0            0     
       Net Latency:+       0 (I)        0 (I) 
           Arrival:=     250            0     
                                              
             Setup:-      10                  
       Uncertainty:-      25                  
     Required Time:=     215                  
      Launch Clock:-       0                  
         Data Path:-     649                  
             Slack:=    -434                  

#------------------------------------------------------------------------------------------------------------------------------------------------
#                     Timing Point                       Flags    Arc    Edge           Cell            Fanout Load Trans Delay Arrival Instance 
#                                                                                                              (fF)  (ps)  (ps)   (ps)  Location 
#------------------------------------------------------------------------------------------------------------------------------------------------
  u_frontend/u_decode/genblk1.u_fifo/rd_ptr_q_reg[0]/CLK -       -       R     (arrival)                  5362    -    12     0       0    (-,-) 
  u_frontend/u_decode/genblk1.u_fifo/rd_ptr_q_reg[0]/QN  -       CLK->QN R     ASYNC_DFFHx1_ASAP7_75t_R      1  1.3    18    43      43    (-,-) 
  u_frontend/u_decode/genblk1.u_fifo/fopt275/Y           -       A->Y    R     BUFx6f_ASAP7_75t_R            8 11.6    15    19      62    (-,-) 
  u_frontend/u_decode/genblk1.u_fifo/fopt274/Y           -       A->Y    F     INVx6_ASAP7_75t_R            13  8.9    11     9      72    (-,-) 
  u_frontend/u_decode/genblk1.u_fifo/g6487/Y             -       B->Y    R     NAND2xp5_ASAP7_75t_R          1  0.6    13     9      81    (-,-) 
  u_frontend/u_decode/genblk1.u_fifo/g6394/Y             -       B->Y    F     OAI21xp5_ASAP7_75t_R          2  1.3    17    12      93    (-,-) 
  u_issue/g39104/Y                                       -       B->Y    F     XOR2xp5_ASAP7_75t_R           1  0.6    16    19     112    (-,-) 
  u_issue/g39000/Y                                       -       B->Y    F     AO21x1_ASAP7_75t_R            1  1.1     9    18     130    (-,-) 
  u_issue/g38988/Y                                       -       A->Y    R     NOR2x1_ASAP7_75t_R            2  1.2    14    11     140    (-,-) 
  u_issue/g38982/Y                                       -       B->Y    F     NAND2xp5_ASAP7_75t_R          1  1.1    17    12     152    (-,-) 
  u_issue/g38981/Y                                       -       B->Y    R     NOR2x1_ASAP7_75t_R            2  1.4    16    13     165    (-,-) 
  u_issue/g38975/Y                                       -       A->Y    R     AND3x4_ASAP7_75t_R            9  6.6    19    29     194    (-,-) 
  u_issue/g37450/Y                                       -       A->Y    F     INVx2_ASAP7_75t_R             2  3.3    12    10     204    (-,-) 
  u_issue/g37448/Y                                       -       A->Y    R     INVx1_ASAP7_75t_R             2  1.8    14    10     215    (-,-) 
  u_issue/g37446/Y                                       -       A->Y    R     BUFx3_ASAP7_75t_R            36 21.3    46    33     247    (-,-) 
  u_issue/g78134/Y                                       -       B->Y    R     AND2x2_ASAP7_75t_R           11  5.6    24    34     281    (-,-) 
  u_exec1/g10950/Y                                       -       C->Y    F     NOR3xp33_ASAP7_75t_R          1  0.5    14    13     294    (-,-) 
  u_exec1/g10931/Y                                       -       A->Y    R     NAND2xp5_ASAP7_75t_R          2  0.9    15    12     307    (-,-) 
  u_exec1/g10903/Y                                       -       B->Y    F     NOR2xp33_ASAP7_75t_R          2  1.1    26    17     323    (-,-) 
  u_exec1/g10895/Y                                       -       A->Y    F     AND2x2_ASAP7_75t_R            4  2.4    11    26     349    (-,-) 
  u_exec1/g10878/Y                                       -       A->Y    R     INVx1_ASAP7_75t_R             3  2.9    20    13     362    (-,-) 
  u_exec1/g10834/Y                                       -       B->Y    F     NOR2x1p5_ASAP7_75t_R          4  2.3    19    12     374    (-,-) 
  u_exec1/g10757/Y                                       -       A1->Y   R     OAI21xp5_ASAP7_75t_R          3  1.7    26    17     392    (-,-) 
  u_exec1/g10683/Y                                       -       A1->Y   F     OAI21xp5_ASAP7_75t_R          4  2.4    35    20     412    (-,-) 
  u_exec1/u_alu/g19881/Y                                 -       A->Y    R     INVx1_ASAP7_75t_R             3  1.8    19    16     428    (-,-) 
  u_exec1/u_alu/g19856/Y                                 -       B->Y    R     AND2x2_ASAP7_75t_R            4  2.3    13    23     450    (-,-) 
  u_exec1/u_alu/g19823/Y                                 -       A->Y    F     NAND3xp33_ASAP7_75t_R         2  0.9    29    14     464    (-,-) 
  u_exec1/u_alu/g19721/Y                                 -       A->Y    F     OR2x2_ASAP7_75t_R            12  6.5    23    34     498    (-,-) 
  u_exec1/u_alu/g19684/Y                                 -       A->Y    R     INVx1_ASAP7_75t_R             3  1.7    16    13     511    (-,-) 
  u_exec1/u_alu/g19593/Y                                 -       B->Y    R     AND2x2_ASAP7_75t_R            9  4.7    21    26     537    (-,-) 
  u_exec1/u_alu/g19559/Y                                 -       A->Y    F     INVx1_ASAP7_75t_R             2  1.6    13    11     547    (-,-) 
  u_exec1/u_alu/g19516/Y                                 -       B->Y    R     NOR2x1_ASAP7_75t_R            4  2.2    21    14     561    (-,-) 
  u_exec1/u_alu/g19488/Y                                 -       A->Y    F     INVx1_ASAP7_75t_R             5  2.6    17    14     575    (-,-) 
  u_exec1/u_alu/g19248/Y                                 -       A2->Y   R     OAI221xp5_ASAP7_75t_R         1  0.6    26    18     594    (-,-) 
  u_exec1/u_alu/g19228/Y                                 -       B->Y    F     AOI21xp5_ASAP7_75t_R          1  0.5    13    10     603    (-,-) 
  u_exec1/u_alu/g19193/Y                                 -       C->Y    R     OAI221xp5_ASAP7_75t_R         1  0.6    28    11     614    (-,-) 
  u_exec1/u_alu/g19151/Y                                 -       B->Y    R     AO21x1_ASAP7_75t_R            1  0.6     8    15     629    (-,-) 
  u_exec1/u_alu/g19143/Y                                 -       B->Y    R     AO21x1_ASAP7_75t_R            1  0.6     9    11     640    (-,-) 
  u_exec1/g7516/Y                                        -       A2->Y   F     AOI22xp5_ASAP7_75t_R          1  0.6    28    10     649    (-,-) 
  u_exec1/result_q_reg[26]/D                             -       -       F     ASYNC_DFFHx1_ASAP7_75t_R      1    -     -     0     649    (-,-) 
#------------------------------------------------------------------------------------------------------------------------------------------------

