============================================================
  Generated by:           Genus(TM) Synthesis Solution 23.13-s073_1
  Generated on:           Jan 11 2026  02:18:17 pm
  Module:                 riscv_core
  Operating conditions:   tt_1.0_25.0 (balanced_tree)
  Wireload mode:          enclosed
  Area mode:              timing library
============================================================


Path 1: MET (1997469 ps) Setup Check with Pin u_issue/pc_x_q_reg[31]/CLK->D
          Group: core_clock
     Startpoint: (R) u_frontend/u_decode/genblk1.u_fifo/rd_ptr_q_reg[0]/CLK
          Clock: (R) core_clock
       Endpoint: (R) u_issue/pc_x_q_reg[31]/D
          Clock: (R) core_clock

                      Capture       Launch     
        Clock Edge:+  2000000            0     
       Src Latency:+        0            0     
       Net Latency:+        0 (I)        0 (I) 
           Arrival:=  2000000            0     
                                               
             Setup:-       13                  
     Required Time:=  1999987                  
      Launch Clock:-        0                  
         Data Path:-     2518                  
             Slack:=  1997469                  

#------------------------------------------------------------------------------------------------------------------------------------------------
#                     Timing Point                       Flags    Arc    Edge           Cell            Fanout Load Trans Delay Arrival Instance 
#                                                                                                              (fF)  (ps)  (ps)   (ps)  Location 
#------------------------------------------------------------------------------------------------------------------------------------------------
  u_frontend/u_decode/genblk1.u_fifo/rd_ptr_q_reg[0]/CLK -       -       R     (arrival)                  5356    -     0     0       0    (-,-) 
  u_frontend/u_decode/genblk1.u_fifo/rd_ptr_q_reg[0]/QN  -       CLK->QN R     ASYNC_DFFHx1_ASAP7_75t_R      1  0.6    13    36      36    (-,-) 
  u_frontend/u_decode/genblk1.u_fifo/g2479/Y             -       A->Y    R     BUFx2_ASAP7_75t_R           102 51.6   156    82     118    (-,-) 
  u_frontend/u_decode/genblk1.u_fifo/g2891/Y             -       A->Y    F     INVx2_ASAP7_75t_R            97 48.2   144   106     224    (-,-) 
  u_frontend/u_decode/genblk1.u_fifo/g2804/Y             -       A2->Y   F     AO22x1_ASAP7_75t_R            3  2.0    17    40     264    (-,-) 
  u_issue/g28658/Y                                       -       B->Y    R     XNOR2xp5_ASAP7_75t_R          1  0.5    18    14     278    (-,-) 
  u_issue/g28644/Y                                       -       D->Y    F     NAND4xp25_ASAP7_75t_R         1  0.6    25    17     296    (-,-) 
  u_issue/g28641/Y                                       -       A->Y    R     NOR5xp2_ASAP7_75t_R           1  0.5    41    23     319    (-,-) 
  u_issue/g28640/Y                                       -       A->Y    F     NAND5xp2_ASAP7_75t_R          2  1.1    46    30     349    (-,-) 
  u_issue/g28639/Y                                       -       A->Y    F     OR5x1_ASAP7_75t_R             3  1.6    19    44     393    (-,-) 
  u_issue/g28638/Y                                       -       A->Y    F     OR2x2_ASAP7_75t_R            20 10.4    33    37     430    (-,-) 
  u_issue/g45300/Y                                       -       A->Y    R     INVx2_ASAP7_75t_R            99 56.3   169    87     517    (-,-) 
  u_issue/g28291/Y                                       -       B2->Y   R     AO22x1_ASAP7_75t_R           22 11.2    71    64     581    (-,-) 
  u_issue/g45298/Y                                       -       A->Y    F     INVx1_ASAP7_75t_R            17  9.2    58    44     624    (-,-) 
  u_issue/g44952/Y                                       -       A->Y    R     NAND2xp5_ASAP7_75t_R          4  2.1    37    32     656    (-,-) 
  u_issue/g44832/Y                                       -       A->Y    F     NOR3xp33_ASAP7_75t_R          2  0.8    28    15     671    (-,-) 
  u_issue/g44639/Y                                       -       A->Y    R     NOR2xp33_ASAP7_75t_R          3  1.7    40    27     698    (-,-) 
  u_issue/g44554/Y                                       -       A->Y    F     NAND3xp33_ASAP7_75t_R         4  2.9    55    36     734    (-,-) 
  u_issue/g44546/Y                                       -       A->Y    R     NOR3xp33_ASAP7_75t_R          3  1.9    55    38     772    (-,-) 
  u_issue/g44542/Y                                       -       A->Y    F     INVx1_ASAP7_75t_R             1  0.6    13    10     782    (-,-) 
  u_issue/g44512/Y                                       -       A->Y    R     NOR4xp25_ASAP7_75t_R         17  8.8   245   118     900    (-,-) 
  u_issue/drc_bufs45344/Y                                -       A->Y    F     INVx1_ASAP7_75t_R             1  0.7    32    15     915    (-,-) 
  u_issue/drc_bufs45343/Y                                -       A->Y    R     INVx1_ASAP7_75t_R            16  8.1    53    34     949    (-,-) 
  u_issue/g44217/Y                                       -       A1->Y   F     AOI222xp33_ASAP7_75t_R        1  0.6    62    20     969    (-,-) 
  u_issue/g44110/Y                                       -       B->Y    R     NAND2xp5_ASAP7_75t_R          1  0.5    20    18     987    (-,-) 
  u_issue/g44019/Y                                       -       C->Y    F     AOI221xp5_ASAP7_75t_R         1  0.6    36    12     999    (-,-) 
  u_issue/g43925/Y                                       -       B->Y    R     NAND2xp5_ASAP7_75t_R         18  9.2   102    58    1057    (-,-) 
  u_exec0/greater_than_signed_350_25:sub_285_12_g745/Y   -       A->Y    F     INVx1_ASAP7_75t_R             2  2.4    31    23    1080    (-,-) 
  u_exec0/less_than_signed_345_25:sub_267_12_g9594/Y     -       B->Y    R     MAJIxp5_ASAP7_75t_R           1  0.6    30    20    1100    (-,-) 
  u_exec0/less_than_signed_345_25:sub_267_12_g9595/Y     -       A->Y    F     MAJIxp5_ASAP7_75t_R           1  0.6    28    15    1115    (-,-) 
  u_exec0/less_than_signed_345_25:sub_267_12_g9596/Y     -       A->Y    R     MAJIxp5_ASAP7_75t_R           1  0.6    30    17    1132    (-,-) 
  u_exec0/less_than_signed_345_25:sub_267_12_g9597/Y     -       A->Y    F     MAJIxp5_ASAP7_75t_R           1  0.6    29    15    1147    (-,-) 
  u_exec0/less_than_signed_345_25:sub_267_12_g9598/Y     -       A->Y    R     MAJIxp5_ASAP7_75t_R           1  0.6    31    18    1165    (-,-) 
  u_exec0/less_than_signed_345_25:sub_267_12_g9599/Y     -       A->Y    F     MAJIxp5_ASAP7_75t_R           1  0.6    29    15    1180    (-,-) 
  u_exec0/less_than_signed_345_25:sub_267_12_g9600/Y     -       A->Y    R     MAJIxp5_ASAP7_75t_R           1  0.6    30    18    1198    (-,-) 
  u_exec0/less_than_signed_345_25:sub_267_12_g9601/Y     -       A->Y    F     MAJIxp5_ASAP7_75t_R           1  0.6    30    15    1212    (-,-) 
  u_exec0/less_than_signed_345_25:sub_267_12_g9602/Y     -       A->Y    R     MAJIxp5_ASAP7_75t_R           1  0.6    30    18    1230    (-,-) 
  u_exec0/less_than_signed_345_25:sub_267_12_g9603/Y     -       A->Y    F     MAJIxp5_ASAP7_75t_R           1  0.6    29    15    1245    (-,-) 
  u_exec0/less_than_signed_345_25:sub_267_12_g9604/Y     -       A->Y    R     MAJIxp5_ASAP7_75t_R           1  0.6    30    18    1263    (-,-) 
  u_exec0/less_than_signed_345_25:sub_267_12_g9605/Y     -       A->Y    F     MAJIxp5_ASAP7_75t_R           1  0.6    30    15    1278    (-,-) 
  u_exec0/less_than_signed_345_25:sub_267_12_g9606/Y     -       A->Y    R     MAJIxp5_ASAP7_75t_R           1  0.6    31    18    1296    (-,-) 
  u_exec0/less_than_signed_345_25:sub_267_12_g9607/Y     -       A->Y    F     MAJIxp5_ASAP7_75t_R           1  0.6    30    15    1311    (-,-) 
  u_exec0/less_than_signed_345_25:sub_267_12_g9608/Y     -       A->Y    R     MAJIxp5_ASAP7_75t_R           1  0.6    29    18    1328    (-,-) 
  u_exec0/less_than_signed_345_25:sub_267_12_g9609/Y     -       A->Y    F     MAJIxp5_ASAP7_75t_R           1  0.6    30    15    1343    (-,-) 
  u_exec0/less_than_signed_345_25:sub_267_12_g9610/Y     -       A->Y    R     MAJIxp5_ASAP7_75t_R           1  0.6    31    18    1361    (-,-) 
  u_exec0/less_than_signed_345_25:sub_267_12_g9611/Y     -       A->Y    F     MAJIxp5_ASAP7_75t_R           1  0.6    30    15    1376    (-,-) 
  u_exec0/less_than_signed_345_25:sub_267_12_g9612/Y     -       A->Y    R     MAJIxp5_ASAP7_75t_R           1  0.6    30    18    1394    (-,-) 
  u_exec0/less_than_signed_345_25:sub_267_12_g9613/Y     -       A->Y    F     MAJIxp5_ASAP7_75t_R           1  0.6    30    15    1408    (-,-) 
  u_exec0/less_than_signed_345_25:sub_267_12_g9614/Y     -       A->Y    R     MAJIxp5_ASAP7_75t_R           1  0.6    30    18    1426    (-,-) 
  u_exec0/less_than_signed_345_25:sub_267_12_g9615/Y     -       A->Y    F     MAJIxp5_ASAP7_75t_R           1  0.6    29    15    1441    (-,-) 
  u_exec0/less_than_signed_345_25:sub_267_12_g9616/Y     -       A->Y    R     MAJIxp5_ASAP7_75t_R           1  0.6    30    18    1459    (-,-) 
  u_exec0/less_than_signed_345_25:sub_267_12_g9617/Y     -       A->Y    F     MAJIxp5_ASAP7_75t_R           1  0.6    30    15    1474    (-,-) 
  u_exec0/less_than_signed_345_25:sub_267_12_g9618/Y     -       A->Y    R     MAJIxp5_ASAP7_75t_R           1  0.6    31    18    1492    (-,-) 
  u_exec0/less_than_signed_345_25:sub_267_12_g9619/Y     -       A->Y    F     MAJIxp5_ASAP7_75t_R           1  0.6    30    15    1507    (-,-) 
  u_exec0/less_than_signed_345_25:sub_267_12_g9620/Y     -       A->Y    R     MAJIxp5_ASAP7_75t_R           1  0.6    31    18    1525    (-,-) 
  u_exec0/less_than_signed_345_25:sub_267_12_g9621/Y     -       A->Y    F     MAJIxp5_ASAP7_75t_R           1  0.6    30    15    1540    (-,-) 
  u_exec0/less_than_signed_345_25:sub_267_12_g9622/Y     -       A->Y    R     MAJIxp5_ASAP7_75t_R           1  0.6    30    18    1558    (-,-) 
  u_exec0/less_than_signed_345_25:sub_267_12_g9623/Y     -       A->Y    F     MAJIxp5_ASAP7_75t_R           2  1.2    37    19    1576    (-,-) 
  u_exec0/gte_360_46_Y_lt_355_46_g705/Y                  -       A->Y    R     MAJIxp5_ASAP7_75t_R           2  1.0    38    23    1599    (-,-) 
  u_exec0/g9545/Y                                        -       A->Y    F     INVxp67_ASAP7_75t_R           1  0.6    13    10    1609    (-,-) 
  u_exec0/g9476/Y                                        -       B1->Y   R     OAI221xp5_ASAP7_75t_R         1  0.6    30    14    1623    (-,-) 
  u_exec0/g9262/Y                                        -       C1->Y   F     AOI322xp5_ASAP7_75t_R         1  0.5    30    16    1639    (-,-) 
  u_exec0/g9261/Y                                        -       A1->Y   R     OAI221xp5_ASAP7_75t_R         3  1.6    44    31    1670    (-,-) 
  u_exec0/g9260/Y                                        -       B->Y    F     NOR2xp33_ASAP7_75t_R          4  2.1    59    34    1704    (-,-) 
  u_issue/g45404/Y                                       -       B->Y    R     NOR4xp25_ASAP7_75t_R          3  1.6    71    44    1748    (-,-) 
  u_issue/add_243_22_Y_add_241_22_g419/Y                 -       B->Y    F     NAND2xp5_ASAP7_75t_R          3  3.3    48    38    1786    (-,-) 
  u_issue/add_243_22_Y_add_241_22_g418/Y                 -       A->Y    R     INVx1_ASAP7_75t_R             1  0.6    14    12    1798    (-,-) 
  u_issue/add_243_22_Y_add_241_22_g415/Y                 -       A->Y    R     MAJx2_ASAP7_75t_R             2  1.2    10    21    1819    (-,-) 
  u_issue/add_243_22_Y_add_241_22_g413/Y                 -       B->Y    F     NAND2xp5_ASAP7_75t_R          3  1.6    22    13    1832    (-,-) 
  u_issue/add_243_22_Y_add_241_22_g411/Y                 -       B->Y    R     NOR2xp33_ASAP7_75t_R          3  1.8    42    27    1859    (-,-) 
  u_issue/add_243_22_Y_add_241_22_g409/Y                 -       B->Y    F     NAND2xp5_ASAP7_75t_R          3  1.6    27    21    1881    (-,-) 
  u_issue/add_243_22_Y_add_241_22_g407/Y                 -       B->Y    R     NOR2xp33_ASAP7_75t_R          3  1.8    43    28    1909    (-,-) 
  u_issue/add_243_22_Y_add_241_22_g405/Y                 -       B->Y    F     NAND2xp5_ASAP7_75t_R          3  1.6    27    22    1931    (-,-) 
  u_issue/add_243_22_Y_add_241_22_g403/Y                 -       B->Y    R     NOR2xp33_ASAP7_75t_R          3  1.8    43    28    1959    (-,-) 
  u_issue/add_243_22_Y_add_241_22_g401/Y                 -       B->Y    F     NAND2xp5_ASAP7_75t_R          3  1.6    27    22    1981    (-,-) 
  u_issue/add_243_22_Y_add_241_22_g399/Y                 -       B->Y    R     NOR2xp33_ASAP7_75t_R          3  1.8    43    28    2009    (-,-) 
  u_issue/add_243_22_Y_add_241_22_g397/Y                 -       B->Y    F     NAND2xp5_ASAP7_75t_R          3  1.6    27    22    2031    (-,-) 
  u_issue/add_243_22_Y_add_241_22_g395/Y                 -       B->Y    R     NOR2xp33_ASAP7_75t_R          3  1.8    43    28    2059    (-,-) 
  u_issue/add_243_22_Y_add_241_22_g393/Y                 -       B->Y    F     NAND2xp5_ASAP7_75t_R          3  1.6    27    22    2081    (-,-) 
  u_issue/add_243_22_Y_add_241_22_g391/Y                 -       B->Y    R     NOR2xp33_ASAP7_75t_R          3  1.8    43    28    2109    (-,-) 
  u_issue/add_243_22_Y_add_241_22_g389/Y                 -       B->Y    F     NAND2xp5_ASAP7_75t_R          3  1.6    27    22    2131    (-,-) 
  u_issue/add_243_22_Y_add_241_22_g387/Y                 -       B->Y    R     NOR2xp33_ASAP7_75t_R          3  1.8    43    28    2159    (-,-) 
  u_issue/add_243_22_Y_add_241_22_g385/Y                 -       B->Y    F     NAND2xp5_ASAP7_75t_R          3  1.6    27    22    2181    (-,-) 
  u_issue/add_243_22_Y_add_241_22_g383/Y                 -       B->Y    R     NOR2xp33_ASAP7_75t_R          3  1.8    43    28    2209    (-,-) 
  u_issue/add_243_22_Y_add_241_22_g381/Y                 -       B->Y    F     NAND2xp5_ASAP7_75t_R          3  1.6    27    22    2231    (-,-) 
  u_issue/add_243_22_Y_add_241_22_g379/Y                 -       B->Y    R     NOR2xp33_ASAP7_75t_R          3  1.8    43    28    2259    (-,-) 
  u_issue/add_243_22_Y_add_241_22_g377/Y                 -       B->Y    F     NAND2xp5_ASAP7_75t_R          3  1.6    27    22    2281    (-,-) 
  u_issue/add_243_22_Y_add_241_22_g375/Y                 -       B->Y    R     NOR2xp33_ASAP7_75t_R          3  1.8    43    28    2309    (-,-) 
  u_issue/add_243_22_Y_add_241_22_g373/Y                 -       B->Y    F     NAND2xp5_ASAP7_75t_R          3  1.6    27    22    2331    (-,-) 
  u_issue/add_243_22_Y_add_241_22_g371/Y                 -       B->Y    R     NOR2xp33_ASAP7_75t_R          3  1.8    43    28    2359    (-,-) 
  u_issue/add_243_22_Y_add_241_22_g369/Y                 -       B->Y    F     NAND2xp5_ASAP7_75t_R          3  1.6    27    22    2381    (-,-) 
  u_issue/add_243_22_Y_add_241_22_g367/Y                 -       B->Y    R     NOR2xp33_ASAP7_75t_R          3  1.8    43    28    2409    (-,-) 
  u_issue/add_243_22_Y_add_241_22_g365/Y                 -       B->Y    F     NAND2xp5_ASAP7_75t_R          3  1.6    27    22    2431    (-,-) 
  u_issue/add_243_22_Y_add_241_22_g363/Y                 -       B->Y    R     NOR2xp33_ASAP7_75t_R          3  1.8    43    28    2459    (-,-) 
  u_issue/add_243_22_Y_add_241_22_g361/Y                 -       B->Y    F     NAND2xp5_ASAP7_75t_R          2  1.6    27    22    2481    (-,-) 
  u_issue/add_243_22_Y_add_241_22_g359/Y                 -       B->Y    F     XNOR2xp5_ASAP7_75t_R          1  0.5    15    22    2502    (-,-) 
  u_issue/g29240/Y                                       -       A1->Y   R     AOI221xp5_ASAP7_75t_R         1  0.6    38    16    2518    (-,-) 
  u_issue/pc_x_q_reg[31]/D                               -       -       R     ASYNC_DFFHx1_ASAP7_75t_R      1    -     -     0    2518    (-,-) 
#------------------------------------------------------------------------------------------------------------------------------------------------



Path 2: MET (1997475 ps) Setup Check with Pin u_issue/pc_x_q_reg[30]/CLK->D
          Group: core_clock
     Startpoint: (R) u_frontend/u_decode/genblk1.u_fifo/rd_ptr_q_reg[0]/CLK
          Clock: (R) core_clock
       Endpoint: (R) u_issue/pc_x_q_reg[30]/D
          Clock: (R) core_clock

                      Capture       Launch     
        Clock Edge:+  2000000            0     
       Src Latency:+        0            0     
       Net Latency:+        0 (I)        0 (I) 
           Arrival:=  2000000            0     
                                               
             Setup:-       13                  
     Required Time:=  1999987                  
      Launch Clock:-        0                  
         Data Path:-     2512                  
             Slack:=  1997475                  

#------------------------------------------------------------------------------------------------------------------------------------------------
#                     Timing Point                       Flags    Arc    Edge           Cell            Fanout Load Trans Delay Arrival Instance 
#                                                                                                              (fF)  (ps)  (ps)   (ps)  Location 
#------------------------------------------------------------------------------------------------------------------------------------------------
  u_frontend/u_decode/genblk1.u_fifo/rd_ptr_q_reg[0]/CLK -       -       R     (arrival)                  5356    -     0     0       0    (-,-) 
  u_frontend/u_decode/genblk1.u_fifo/rd_ptr_q_reg[0]/QN  -       CLK->QN R     ASYNC_DFFHx1_ASAP7_75t_R      1  0.6    13    36      36    (-,-) 
  u_frontend/u_decode/genblk1.u_fifo/g2479/Y             -       A->Y    R     BUFx2_ASAP7_75t_R           102 51.6   156    82     118    (-,-) 
  u_frontend/u_decode/genblk1.u_fifo/g2891/Y             -       A->Y    F     INVx2_ASAP7_75t_R            97 48.2   144   106     224    (-,-) 
  u_frontend/u_decode/genblk1.u_fifo/g2804/Y             -       A2->Y   F     AO22x1_ASAP7_75t_R            3  2.0    17    40     264    (-,-) 
  u_issue/g28658/Y                                       -       B->Y    R     XNOR2xp5_ASAP7_75t_R          1  0.5    18    14     278    (-,-) 
  u_issue/g28644/Y                                       -       D->Y    F     NAND4xp25_ASAP7_75t_R         1  0.6    25    17     296    (-,-) 
  u_issue/g28641/Y                                       -       A->Y    R     NOR5xp2_ASAP7_75t_R           1  0.5    41    23     319    (-,-) 
  u_issue/g28640/Y                                       -       A->Y    F     NAND5xp2_ASAP7_75t_R          2  1.1    46    30     349    (-,-) 
  u_issue/g28639/Y                                       -       A->Y    F     OR5x1_ASAP7_75t_R             3  1.6    19    44     393    (-,-) 
  u_issue/g28638/Y                                       -       A->Y    F     OR2x2_ASAP7_75t_R            20 10.4    33    37     430    (-,-) 
  u_issue/g45300/Y                                       -       A->Y    R     INVx2_ASAP7_75t_R            99 56.3   169    87     517    (-,-) 
  u_issue/g28291/Y                                       -       B2->Y   R     AO22x1_ASAP7_75t_R           22 11.2    71    64     581    (-,-) 
  u_issue/g45298/Y                                       -       A->Y    F     INVx1_ASAP7_75t_R            17  9.2    58    44     624    (-,-) 
  u_issue/g44952/Y                                       -       A->Y    R     NAND2xp5_ASAP7_75t_R          4  2.1    37    32     656    (-,-) 
  u_issue/g44832/Y                                       -       A->Y    F     NOR3xp33_ASAP7_75t_R          2  0.8    28    15     671    (-,-) 
  u_issue/g44639/Y                                       -       A->Y    R     NOR2xp33_ASAP7_75t_R          3  1.7    40    27     698    (-,-) 
  u_issue/g44554/Y                                       -       A->Y    F     NAND3xp33_ASAP7_75t_R         4  2.9    55    36     734    (-,-) 
  u_issue/g44546/Y                                       -       A->Y    R     NOR3xp33_ASAP7_75t_R          3  1.9    55    38     772    (-,-) 
  u_issue/g44542/Y                                       -       A->Y    F     INVx1_ASAP7_75t_R             1  0.6    13    10     782    (-,-) 
  u_issue/g44512/Y                                       -       A->Y    R     NOR4xp25_ASAP7_75t_R         17  8.8   245   118     900    (-,-) 
  u_issue/drc_bufs45344/Y                                -       A->Y    F     INVx1_ASAP7_75t_R             1  0.7    32    15     915    (-,-) 
  u_issue/drc_bufs45343/Y                                -       A->Y    R     INVx1_ASAP7_75t_R            16  8.1    53    34     949    (-,-) 
  u_issue/g44217/Y                                       -       A1->Y   F     AOI222xp33_ASAP7_75t_R        1  0.6    62    20     969    (-,-) 
  u_issue/g44110/Y                                       -       B->Y    R     NAND2xp5_ASAP7_75t_R          1  0.5    20    18     987    (-,-) 
  u_issue/g44019/Y                                       -       C->Y    F     AOI221xp5_ASAP7_75t_R         1  0.6    36    12     999    (-,-) 
  u_issue/g43925/Y                                       -       B->Y    R     NAND2xp5_ASAP7_75t_R         18  9.2   102    58    1057    (-,-) 
  u_exec0/greater_than_signed_350_25:sub_285_12_g745/Y   -       A->Y    F     INVx1_ASAP7_75t_R             2  2.4    31    23    1080    (-,-) 
  u_exec0/less_than_signed_345_25:sub_267_12_g9594/Y     -       B->Y    R     MAJIxp5_ASAP7_75t_R           1  0.6    30    20    1100    (-,-) 
  u_exec0/less_than_signed_345_25:sub_267_12_g9595/Y     -       A->Y    F     MAJIxp5_ASAP7_75t_R           1  0.6    28    15    1115    (-,-) 
  u_exec0/less_than_signed_345_25:sub_267_12_g9596/Y     -       A->Y    R     MAJIxp5_ASAP7_75t_R           1  0.6    30    17    1132    (-,-) 
  u_exec0/less_than_signed_345_25:sub_267_12_g9597/Y     -       A->Y    F     MAJIxp5_ASAP7_75t_R           1  0.6    29    15    1147    (-,-) 
  u_exec0/less_than_signed_345_25:sub_267_12_g9598/Y     -       A->Y    R     MAJIxp5_ASAP7_75t_R           1  0.6    31    18    1165    (-,-) 
  u_exec0/less_than_signed_345_25:sub_267_12_g9599/Y     -       A->Y    F     MAJIxp5_ASAP7_75t_R           1  0.6    29    15    1180    (-,-) 
  u_exec0/less_than_signed_345_25:sub_267_12_g9600/Y     -       A->Y    R     MAJIxp5_ASAP7_75t_R           1  0.6    30    18    1198    (-,-) 
  u_exec0/less_than_signed_345_25:sub_267_12_g9601/Y     -       A->Y    F     MAJIxp5_ASAP7_75t_R           1  0.6    30    15    1212    (-,-) 
  u_exec0/less_than_signed_345_25:sub_267_12_g9602/Y     -       A->Y    R     MAJIxp5_ASAP7_75t_R           1  0.6    30    18    1230    (-,-) 
  u_exec0/less_than_signed_345_25:sub_267_12_g9603/Y     -       A->Y    F     MAJIxp5_ASAP7_75t_R           1  0.6    29    15    1245    (-,-) 
  u_exec0/less_than_signed_345_25:sub_267_12_g9604/Y     -       A->Y    R     MAJIxp5_ASAP7_75t_R           1  0.6    30    18    1263    (-,-) 
  u_exec0/less_than_signed_345_25:sub_267_12_g9605/Y     -       A->Y    F     MAJIxp5_ASAP7_75t_R           1  0.6    30    15    1278    (-,-) 
  u_exec0/less_than_signed_345_25:sub_267_12_g9606/Y     -       A->Y    R     MAJIxp5_ASAP7_75t_R           1  0.6    31    18    1296    (-,-) 
  u_exec0/less_than_signed_345_25:sub_267_12_g9607/Y     -       A->Y    F     MAJIxp5_ASAP7_75t_R           1  0.6    30    15    1311    (-,-) 
  u_exec0/less_than_signed_345_25:sub_267_12_g9608/Y     -       A->Y    R     MAJIxp5_ASAP7_75t_R           1  0.6    29    18    1328    (-,-) 
  u_exec0/less_than_signed_345_25:sub_267_12_g9609/Y     -       A->Y    F     MAJIxp5_ASAP7_75t_R           1  0.6    30    15    1343    (-,-) 
  u_exec0/less_than_signed_345_25:sub_267_12_g9610/Y     -       A->Y    R     MAJIxp5_ASAP7_75t_R           1  0.6    31    18    1361    (-,-) 
  u_exec0/less_than_signed_345_25:sub_267_12_g9611/Y     -       A->Y    F     MAJIxp5_ASAP7_75t_R           1  0.6    30    15    1376    (-,-) 
  u_exec0/less_than_signed_345_25:sub_267_12_g9612/Y     -       A->Y    R     MAJIxp5_ASAP7_75t_R           1  0.6    30    18    1394    (-,-) 
  u_exec0/less_than_signed_345_25:sub_267_12_g9613/Y     -       A->Y    F     MAJIxp5_ASAP7_75t_R           1  0.6    30    15    1408    (-,-) 
  u_exec0/less_than_signed_345_25:sub_267_12_g9614/Y     -       A->Y    R     MAJIxp5_ASAP7_75t_R           1  0.6    30    18    1426    (-,-) 
  u_exec0/less_than_signed_345_25:sub_267_12_g9615/Y     -       A->Y    F     MAJIxp5_ASAP7_75t_R           1  0.6    29    15    1441    (-,-) 
  u_exec0/less_than_signed_345_25:sub_267_12_g9616/Y     -       A->Y    R     MAJIxp5_ASAP7_75t_R           1  0.6    30    18    1459    (-,-) 
  u_exec0/less_than_signed_345_25:sub_267_12_g9617/Y     -       A->Y    F     MAJIxp5_ASAP7_75t_R           1  0.6    30    15    1474    (-,-) 
  u_exec0/less_than_signed_345_25:sub_267_12_g9618/Y     -       A->Y    R     MAJIxp5_ASAP7_75t_R           1  0.6    31    18    1492    (-,-) 
  u_exec0/less_than_signed_345_25:sub_267_12_g9619/Y     -       A->Y    F     MAJIxp5_ASAP7_75t_R           1  0.6    30    15    1507    (-,-) 
  u_exec0/less_than_signed_345_25:sub_267_12_g9620/Y     -       A->Y    R     MAJIxp5_ASAP7_75t_R           1  0.6    31    18    1525    (-,-) 
  u_exec0/less_than_signed_345_25:sub_267_12_g9621/Y     -       A->Y    F     MAJIxp5_ASAP7_75t_R           1  0.6    30    15    1540    (-,-) 
  u_exec0/less_than_signed_345_25:sub_267_12_g9622/Y     -       A->Y    R     MAJIxp5_ASAP7_75t_R           1  0.6    30    18    1558    (-,-) 
  u_exec0/less_than_signed_345_25:sub_267_12_g9623/Y     -       A->Y    F     MAJIxp5_ASAP7_75t_R           2  1.2    37    19    1576    (-,-) 
  u_exec0/gte_360_46_Y_lt_355_46_g705/Y                  -       A->Y    R     MAJIxp5_ASAP7_75t_R           2  1.0    38    23    1599    (-,-) 
  u_exec0/g9545/Y                                        -       A->Y    F     INVxp67_ASAP7_75t_R           1  0.6    13    10    1609    (-,-) 
  u_exec0/g9476/Y                                        -       B1->Y   R     OAI221xp5_ASAP7_75t_R         1  0.6    30    14    1623    (-,-) 
  u_exec0/g9262/Y                                        -       C1->Y   F     AOI322xp5_ASAP7_75t_R         1  0.5    30    16    1639    (-,-) 
  u_exec0/g9261/Y                                        -       A1->Y   R     OAI221xp5_ASAP7_75t_R         3  1.6    44    31    1670    (-,-) 
  u_exec0/g9260/Y                                        -       B->Y    F     NOR2xp33_ASAP7_75t_R          4  2.1    59    34    1704    (-,-) 
  u_issue/g45404/Y                                       -       B->Y    R     NOR4xp25_ASAP7_75t_R          3  1.6    71    44    1748    (-,-) 
  u_issue/add_243_22_Y_add_241_22_g419/Y                 -       B->Y    F     NAND2xp5_ASAP7_75t_R          3  3.3    48    38    1786    (-,-) 
  u_issue/add_243_22_Y_add_241_22_g418/Y                 -       A->Y    R     INVx1_ASAP7_75t_R             1  0.6    14    12    1798    (-,-) 
  u_issue/add_243_22_Y_add_241_22_g415/Y                 -       A->Y    R     MAJx2_ASAP7_75t_R             2  1.2    10    21    1819    (-,-) 
  u_issue/add_243_22_Y_add_241_22_g413/Y                 -       B->Y    F     NAND2xp5_ASAP7_75t_R          3  1.6    22    13    1832    (-,-) 
  u_issue/add_243_22_Y_add_241_22_g411/Y                 -       B->Y    R     NOR2xp33_ASAP7_75t_R          3  1.8    42    27    1859    (-,-) 
  u_issue/add_243_22_Y_add_241_22_g409/Y                 -       B->Y    F     NAND2xp5_ASAP7_75t_R          3  1.6    27    21    1881    (-,-) 
  u_issue/add_243_22_Y_add_241_22_g407/Y                 -       B->Y    R     NOR2xp33_ASAP7_75t_R          3  1.8    43    28    1909    (-,-) 
  u_issue/add_243_22_Y_add_241_22_g405/Y                 -       B->Y    F     NAND2xp5_ASAP7_75t_R          3  1.6    27    22    1931    (-,-) 
  u_issue/add_243_22_Y_add_241_22_g403/Y                 -       B->Y    R     NOR2xp33_ASAP7_75t_R          3  1.8    43    28    1959    (-,-) 
  u_issue/add_243_22_Y_add_241_22_g401/Y                 -       B->Y    F     NAND2xp5_ASAP7_75t_R          3  1.6    27    22    1981    (-,-) 
  u_issue/add_243_22_Y_add_241_22_g399/Y                 -       B->Y    R     NOR2xp33_ASAP7_75t_R          3  1.8    43    28    2009    (-,-) 
  u_issue/add_243_22_Y_add_241_22_g397/Y                 -       B->Y    F     NAND2xp5_ASAP7_75t_R          3  1.6    27    22    2031    (-,-) 
  u_issue/add_243_22_Y_add_241_22_g395/Y                 -       B->Y    R     NOR2xp33_ASAP7_75t_R          3  1.8    43    28    2059    (-,-) 
  u_issue/add_243_22_Y_add_241_22_g393/Y                 -       B->Y    F     NAND2xp5_ASAP7_75t_R          3  1.6    27    22    2081    (-,-) 
  u_issue/add_243_22_Y_add_241_22_g391/Y                 -       B->Y    R     NOR2xp33_ASAP7_75t_R          3  1.8    43    28    2109    (-,-) 
  u_issue/add_243_22_Y_add_241_22_g389/Y                 -       B->Y    F     NAND2xp5_ASAP7_75t_R          3  1.6    27    22    2131    (-,-) 
  u_issue/add_243_22_Y_add_241_22_g387/Y                 -       B->Y    R     NOR2xp33_ASAP7_75t_R          3  1.8    43    28    2159    (-,-) 
  u_issue/add_243_22_Y_add_241_22_g385/Y                 -       B->Y    F     NAND2xp5_ASAP7_75t_R          3  1.6    27    22    2181    (-,-) 
  u_issue/add_243_22_Y_add_241_22_g383/Y                 -       B->Y    R     NOR2xp33_ASAP7_75t_R          3  1.8    43    28    2209    (-,-) 
  u_issue/add_243_22_Y_add_241_22_g381/Y                 -       B->Y    F     NAND2xp5_ASAP7_75t_R          3  1.6    27    22    2231    (-,-) 
  u_issue/add_243_22_Y_add_241_22_g379/Y                 -       B->Y    R     NOR2xp33_ASAP7_75t_R          3  1.8    43    28    2259    (-,-) 
  u_issue/add_243_22_Y_add_241_22_g377/Y                 -       B->Y    F     NAND2xp5_ASAP7_75t_R          3  1.6    27    22    2281    (-,-) 
  u_issue/add_243_22_Y_add_241_22_g375/Y                 -       B->Y    R     NOR2xp33_ASAP7_75t_R          3  1.8    43    28    2309    (-,-) 
  u_issue/add_243_22_Y_add_241_22_g373/Y                 -       B->Y    F     NAND2xp5_ASAP7_75t_R          3  1.6    27    22    2331    (-,-) 
  u_issue/add_243_22_Y_add_241_22_g371/Y                 -       B->Y    R     NOR2xp33_ASAP7_75t_R          3  1.8    43    28    2359    (-,-) 
  u_issue/add_243_22_Y_add_241_22_g369/Y                 -       B->Y    F     NAND2xp5_ASAP7_75t_R          3  1.6    27    22    2381    (-,-) 
  u_issue/add_243_22_Y_add_241_22_g367/Y                 -       B->Y    R     NOR2xp33_ASAP7_75t_R          3  1.8    43    28    2409    (-,-) 
  u_issue/add_243_22_Y_add_241_22_g365/Y                 -       B->Y    F     NAND2xp5_ASAP7_75t_R          3  1.6    27    22    2431    (-,-) 
  u_issue/add_243_22_Y_add_241_22_g363/Y                 -       B->Y    R     NOR2xp33_ASAP7_75t_R          3  1.8    43    28    2459    (-,-) 
  u_issue/add_243_22_Y_add_241_22_g361/Y                 -       B->Y    F     NAND2xp5_ASAP7_75t_R          2  1.6    27    22    2481    (-,-) 
  u_issue/add_243_22_Y_add_241_22_g360/Y                 -       B->Y    F     OA21x2_ASAP7_75t_R            1  0.5     7    17    2498    (-,-) 
  u_issue/g29241/Y                                       -       A1->Y   R     AOI221xp5_ASAP7_75t_R         1  0.6    38    14    2512    (-,-) 
  u_issue/pc_x_q_reg[30]/D                               -       -       R     ASYNC_DFFHx1_ASAP7_75t_R      1    -     -     0    2512    (-,-) 
#------------------------------------------------------------------------------------------------------------------------------------------------



Path 3: MET (1997501 ps) Setup Check with Pin u_issue/pc_x_q_reg[29]/CLK->D
          Group: core_clock
     Startpoint: (R) u_frontend/u_decode/genblk1.u_fifo/rd_ptr_q_reg[0]/CLK
          Clock: (R) core_clock
       Endpoint: (R) u_issue/pc_x_q_reg[29]/D
          Clock: (R) core_clock

                      Capture       Launch     
        Clock Edge:+  2000000            0     
       Src Latency:+        0            0     
       Net Latency:+        0 (I)        0 (I) 
           Arrival:=  2000000            0     
                                               
             Setup:-       13                  
     Required Time:=  1999987                  
      Launch Clock:-        0                  
         Data Path:-     2486                  
             Slack:=  1997501                  

#------------------------------------------------------------------------------------------------------------------------------------------------
#                     Timing Point                       Flags    Arc    Edge           Cell            Fanout Load Trans Delay Arrival Instance 
#                                                                                                              (fF)  (ps)  (ps)   (ps)  Location 
#------------------------------------------------------------------------------------------------------------------------------------------------
  u_frontend/u_decode/genblk1.u_fifo/rd_ptr_q_reg[0]/CLK -       -       R     (arrival)                  5356    -     0     0       0    (-,-) 
  u_frontend/u_decode/genblk1.u_fifo/rd_ptr_q_reg[0]/QN  -       CLK->QN R     ASYNC_DFFHx1_ASAP7_75t_R      1  0.6    13    36      36    (-,-) 
  u_frontend/u_decode/genblk1.u_fifo/g2479/Y             -       A->Y    R     BUFx2_ASAP7_75t_R           102 51.6   156    82     118    (-,-) 
  u_frontend/u_decode/genblk1.u_fifo/g2891/Y             -       A->Y    F     INVx2_ASAP7_75t_R            97 48.2   144   106     224    (-,-) 
  u_frontend/u_decode/genblk1.u_fifo/g2804/Y             -       A2->Y   F     AO22x1_ASAP7_75t_R            3  2.0    17    40     264    (-,-) 
  u_issue/g28658/Y                                       -       B->Y    R     XNOR2xp5_ASAP7_75t_R          1  0.5    18    14     278    (-,-) 
  u_issue/g28644/Y                                       -       D->Y    F     NAND4xp25_ASAP7_75t_R         1  0.6    25    17     296    (-,-) 
  u_issue/g28641/Y                                       -       A->Y    R     NOR5xp2_ASAP7_75t_R           1  0.5    41    23     319    (-,-) 
  u_issue/g28640/Y                                       -       A->Y    F     NAND5xp2_ASAP7_75t_R          2  1.1    46    30     349    (-,-) 
  u_issue/g28639/Y                                       -       A->Y    F     OR5x1_ASAP7_75t_R             3  1.6    19    44     393    (-,-) 
  u_issue/g28638/Y                                       -       A->Y    F     OR2x2_ASAP7_75t_R            20 10.4    33    37     430    (-,-) 
  u_issue/g45300/Y                                       -       A->Y    R     INVx2_ASAP7_75t_R            99 56.3   169    87     517    (-,-) 
  u_issue/g28291/Y                                       -       B2->Y   R     AO22x1_ASAP7_75t_R           22 11.2    71    64     581    (-,-) 
  u_issue/g45298/Y                                       -       A->Y    F     INVx1_ASAP7_75t_R            17  9.2    58    44     624    (-,-) 
  u_issue/g44952/Y                                       -       A->Y    R     NAND2xp5_ASAP7_75t_R          4  2.1    37    32     656    (-,-) 
  u_issue/g44832/Y                                       -       A->Y    F     NOR3xp33_ASAP7_75t_R          2  0.8    28    15     671    (-,-) 
  u_issue/g44639/Y                                       -       A->Y    R     NOR2xp33_ASAP7_75t_R          3  1.7    40    27     698    (-,-) 
  u_issue/g44554/Y                                       -       A->Y    F     NAND3xp33_ASAP7_75t_R         4  2.9    55    36     734    (-,-) 
  u_issue/g44546/Y                                       -       A->Y    R     NOR3xp33_ASAP7_75t_R          3  1.9    55    38     772    (-,-) 
  u_issue/g44542/Y                                       -       A->Y    F     INVx1_ASAP7_75t_R             1  0.6    13    10     782    (-,-) 
  u_issue/g44512/Y                                       -       A->Y    R     NOR4xp25_ASAP7_75t_R         17  8.8   245   118     900    (-,-) 
  u_issue/drc_bufs45344/Y                                -       A->Y    F     INVx1_ASAP7_75t_R             1  0.7    32    15     915    (-,-) 
  u_issue/drc_bufs45343/Y                                -       A->Y    R     INVx1_ASAP7_75t_R            16  8.1    53    34     949    (-,-) 
  u_issue/g44217/Y                                       -       A1->Y   F     AOI222xp33_ASAP7_75t_R        1  0.6    62    20     969    (-,-) 
  u_issue/g44110/Y                                       -       B->Y    R     NAND2xp5_ASAP7_75t_R          1  0.5    20    18     987    (-,-) 
  u_issue/g44019/Y                                       -       C->Y    F     AOI221xp5_ASAP7_75t_R         1  0.6    36    12     999    (-,-) 
  u_issue/g43925/Y                                       -       B->Y    R     NAND2xp5_ASAP7_75t_R         18  9.2   102    58    1057    (-,-) 
  u_exec0/greater_than_signed_350_25:sub_285_12_g745/Y   -       A->Y    F     INVx1_ASAP7_75t_R             2  2.4    31    23    1080    (-,-) 
  u_exec0/less_than_signed_345_25:sub_267_12_g9594/Y     -       B->Y    R     MAJIxp5_ASAP7_75t_R           1  0.6    30    20    1100    (-,-) 
  u_exec0/less_than_signed_345_25:sub_267_12_g9595/Y     -       A->Y    F     MAJIxp5_ASAP7_75t_R           1  0.6    28    15    1115    (-,-) 
  u_exec0/less_than_signed_345_25:sub_267_12_g9596/Y     -       A->Y    R     MAJIxp5_ASAP7_75t_R           1  0.6    30    17    1132    (-,-) 
  u_exec0/less_than_signed_345_25:sub_267_12_g9597/Y     -       A->Y    F     MAJIxp5_ASAP7_75t_R           1  0.6    29    15    1147    (-,-) 
  u_exec0/less_than_signed_345_25:sub_267_12_g9598/Y     -       A->Y    R     MAJIxp5_ASAP7_75t_R           1  0.6    31    18    1165    (-,-) 
  u_exec0/less_than_signed_345_25:sub_267_12_g9599/Y     -       A->Y    F     MAJIxp5_ASAP7_75t_R           1  0.6    29    15    1180    (-,-) 
  u_exec0/less_than_signed_345_25:sub_267_12_g9600/Y     -       A->Y    R     MAJIxp5_ASAP7_75t_R           1  0.6    30    18    1198    (-,-) 
  u_exec0/less_than_signed_345_25:sub_267_12_g9601/Y     -       A->Y    F     MAJIxp5_ASAP7_75t_R           1  0.6    30    15    1212    (-,-) 
  u_exec0/less_than_signed_345_25:sub_267_12_g9602/Y     -       A->Y    R     MAJIxp5_ASAP7_75t_R           1  0.6    30    18    1230    (-,-) 
  u_exec0/less_than_signed_345_25:sub_267_12_g9603/Y     -       A->Y    F     MAJIxp5_ASAP7_75t_R           1  0.6    29    15    1245    (-,-) 
  u_exec0/less_than_signed_345_25:sub_267_12_g9604/Y     -       A->Y    R     MAJIxp5_ASAP7_75t_R           1  0.6    30    18    1263    (-,-) 
  u_exec0/less_than_signed_345_25:sub_267_12_g9605/Y     -       A->Y    F     MAJIxp5_ASAP7_75t_R           1  0.6    30    15    1278    (-,-) 
  u_exec0/less_than_signed_345_25:sub_267_12_g9606/Y     -       A->Y    R     MAJIxp5_ASAP7_75t_R           1  0.6    31    18    1296    (-,-) 
  u_exec0/less_than_signed_345_25:sub_267_12_g9607/Y     -       A->Y    F     MAJIxp5_ASAP7_75t_R           1  0.6    30    15    1311    (-,-) 
  u_exec0/less_than_signed_345_25:sub_267_12_g9608/Y     -       A->Y    R     MAJIxp5_ASAP7_75t_R           1  0.6    29    18    1328    (-,-) 
  u_exec0/less_than_signed_345_25:sub_267_12_g9609/Y     -       A->Y    F     MAJIxp5_ASAP7_75t_R           1  0.6    30    15    1343    (-,-) 
  u_exec0/less_than_signed_345_25:sub_267_12_g9610/Y     -       A->Y    R     MAJIxp5_ASAP7_75t_R           1  0.6    31    18    1361    (-,-) 
  u_exec0/less_than_signed_345_25:sub_267_12_g9611/Y     -       A->Y    F     MAJIxp5_ASAP7_75t_R           1  0.6    30    15    1376    (-,-) 
  u_exec0/less_than_signed_345_25:sub_267_12_g9612/Y     -       A->Y    R     MAJIxp5_ASAP7_75t_R           1  0.6    30    18    1394    (-,-) 
  u_exec0/less_than_signed_345_25:sub_267_12_g9613/Y     -       A->Y    F     MAJIxp5_ASAP7_75t_R           1  0.6    30    15    1408    (-,-) 
  u_exec0/less_than_signed_345_25:sub_267_12_g9614/Y     -       A->Y    R     MAJIxp5_ASAP7_75t_R           1  0.6    30    18    1426    (-,-) 
  u_exec0/less_than_signed_345_25:sub_267_12_g9615/Y     -       A->Y    F     MAJIxp5_ASAP7_75t_R           1  0.6    29    15    1441    (-,-) 
  u_exec0/less_than_signed_345_25:sub_267_12_g9616/Y     -       A->Y    R     MAJIxp5_ASAP7_75t_R           1  0.6    30    18    1459    (-,-) 
  u_exec0/less_than_signed_345_25:sub_267_12_g9617/Y     -       A->Y    F     MAJIxp5_ASAP7_75t_R           1  0.6    30    15    1474    (-,-) 
  u_exec0/less_than_signed_345_25:sub_267_12_g9618/Y     -       A->Y    R     MAJIxp5_ASAP7_75t_R           1  0.6    31    18    1492    (-,-) 
  u_exec0/less_than_signed_345_25:sub_267_12_g9619/Y     -       A->Y    F     MAJIxp5_ASAP7_75t_R           1  0.6    30    15    1507    (-,-) 
  u_exec0/less_than_signed_345_25:sub_267_12_g9620/Y     -       A->Y    R     MAJIxp5_ASAP7_75t_R           1  0.6    31    18    1525    (-,-) 
  u_exec0/less_than_signed_345_25:sub_267_12_g9621/Y     -       A->Y    F     MAJIxp5_ASAP7_75t_R           1  0.6    30    15    1540    (-,-) 
  u_exec0/less_than_signed_345_25:sub_267_12_g9622/Y     -       A->Y    R     MAJIxp5_ASAP7_75t_R           1  0.6    30    18    1558    (-,-) 
  u_exec0/less_than_signed_345_25:sub_267_12_g9623/Y     -       A->Y    F     MAJIxp5_ASAP7_75t_R           2  1.2    37    19    1576    (-,-) 
  u_exec0/gte_360_46_Y_lt_355_46_g705/Y                  -       A->Y    R     MAJIxp5_ASAP7_75t_R           2  1.0    38    23    1599    (-,-) 
  u_exec0/g9545/Y                                        -       A->Y    F     INVxp67_ASAP7_75t_R           1  0.6    13    10    1609    (-,-) 
  u_exec0/g9476/Y                                        -       B1->Y   R     OAI221xp5_ASAP7_75t_R         1  0.6    30    14    1623    (-,-) 
  u_exec0/g9262/Y                                        -       C1->Y   F     AOI322xp5_ASAP7_75t_R         1  0.5    30    16    1639    (-,-) 
  u_exec0/g9261/Y                                        -       A1->Y   R     OAI221xp5_ASAP7_75t_R         3  1.6    44    31    1670    (-,-) 
  u_exec0/g9260/Y                                        -       B->Y    F     NOR2xp33_ASAP7_75t_R          4  2.1    59    34    1704    (-,-) 
  u_issue/g45404/Y                                       -       B->Y    R     NOR4xp25_ASAP7_75t_R          3  1.6    71    44    1748    (-,-) 
  u_issue/add_243_22_Y_add_241_22_g419/Y                 -       B->Y    F     NAND2xp5_ASAP7_75t_R          3  3.3    48    38    1786    (-,-) 
  u_issue/add_243_22_Y_add_241_22_g418/Y                 -       A->Y    R     INVx1_ASAP7_75t_R             1  0.6    14    12    1798    (-,-) 
  u_issue/add_243_22_Y_add_241_22_g415/Y                 -       A->Y    R     MAJx2_ASAP7_75t_R             2  1.2    10    21    1819    (-,-) 
  u_issue/add_243_22_Y_add_241_22_g413/Y                 -       B->Y    F     NAND2xp5_ASAP7_75t_R          3  1.6    22    13    1832    (-,-) 
  u_issue/add_243_22_Y_add_241_22_g411/Y                 -       B->Y    R     NOR2xp33_ASAP7_75t_R          3  1.8    42    27    1859    (-,-) 
  u_issue/add_243_22_Y_add_241_22_g409/Y                 -       B->Y    F     NAND2xp5_ASAP7_75t_R          3  1.6    27    21    1881    (-,-) 
  u_issue/add_243_22_Y_add_241_22_g407/Y                 -       B->Y    R     NOR2xp33_ASAP7_75t_R          3  1.8    43    28    1909    (-,-) 
  u_issue/add_243_22_Y_add_241_22_g405/Y                 -       B->Y    F     NAND2xp5_ASAP7_75t_R          3  1.6    27    22    1931    (-,-) 
  u_issue/add_243_22_Y_add_241_22_g403/Y                 -       B->Y    R     NOR2xp33_ASAP7_75t_R          3  1.8    43    28    1959    (-,-) 
  u_issue/add_243_22_Y_add_241_22_g401/Y                 -       B->Y    F     NAND2xp5_ASAP7_75t_R          3  1.6    27    22    1981    (-,-) 
  u_issue/add_243_22_Y_add_241_22_g399/Y                 -       B->Y    R     NOR2xp33_ASAP7_75t_R          3  1.8    43    28    2009    (-,-) 
  u_issue/add_243_22_Y_add_241_22_g397/Y                 -       B->Y    F     NAND2xp5_ASAP7_75t_R          3  1.6    27    22    2031    (-,-) 
  u_issue/add_243_22_Y_add_241_22_g395/Y                 -       B->Y    R     NOR2xp33_ASAP7_75t_R          3  1.8    43    28    2059    (-,-) 
  u_issue/add_243_22_Y_add_241_22_g393/Y                 -       B->Y    F     NAND2xp5_ASAP7_75t_R          3  1.6    27    22    2081    (-,-) 
  u_issue/add_243_22_Y_add_241_22_g391/Y                 -       B->Y    R     NOR2xp33_ASAP7_75t_R          3  1.8    43    28    2109    (-,-) 
  u_issue/add_243_22_Y_add_241_22_g389/Y                 -       B->Y    F     NAND2xp5_ASAP7_75t_R          3  1.6    27    22    2131    (-,-) 
  u_issue/add_243_22_Y_add_241_22_g387/Y                 -       B->Y    R     NOR2xp33_ASAP7_75t_R          3  1.8    43    28    2159    (-,-) 
  u_issue/add_243_22_Y_add_241_22_g385/Y                 -       B->Y    F     NAND2xp5_ASAP7_75t_R          3  1.6    27    22    2181    (-,-) 
  u_issue/add_243_22_Y_add_241_22_g383/Y                 -       B->Y    R     NOR2xp33_ASAP7_75t_R          3  1.8    43    28    2209    (-,-) 
  u_issue/add_243_22_Y_add_241_22_g381/Y                 -       B->Y    F     NAND2xp5_ASAP7_75t_R          3  1.6    27    22    2231    (-,-) 
  u_issue/add_243_22_Y_add_241_22_g379/Y                 -       B->Y    R     NOR2xp33_ASAP7_75t_R          3  1.8    43    28    2259    (-,-) 
  u_issue/add_243_22_Y_add_241_22_g377/Y                 -       B->Y    F     NAND2xp5_ASAP7_75t_R          3  1.6    27    22    2281    (-,-) 
  u_issue/add_243_22_Y_add_241_22_g375/Y                 -       B->Y    R     NOR2xp33_ASAP7_75t_R          3  1.8    43    28    2309    (-,-) 
  u_issue/add_243_22_Y_add_241_22_g373/Y                 -       B->Y    F     NAND2xp5_ASAP7_75t_R          3  1.6    27    22    2331    (-,-) 
  u_issue/add_243_22_Y_add_241_22_g371/Y                 -       B->Y    R     NOR2xp33_ASAP7_75t_R          3  1.8    43    28    2359    (-,-) 
  u_issue/add_243_22_Y_add_241_22_g369/Y                 -       B->Y    F     NAND2xp5_ASAP7_75t_R          3  1.6    27    22    2381    (-,-) 
  u_issue/add_243_22_Y_add_241_22_g367/Y                 -       B->Y    R     NOR2xp33_ASAP7_75t_R          3  1.8    43    28    2409    (-,-) 
  u_issue/add_243_22_Y_add_241_22_g365/Y                 -       B->Y    F     NAND2xp5_ASAP7_75t_R          3  1.6    27    22    2431    (-,-) 
  u_issue/add_243_22_Y_add_241_22_g363/Y                 -       B->Y    R     NOR2xp33_ASAP7_75t_R          3  1.8    43    28    2459    (-,-) 
  u_issue/add_243_22_Y_add_241_22_g362/Y                 -       B->Y    F     AOI21xp5_ASAP7_75t_R          1  0.5    15    12    2471    (-,-) 
  u_issue/g29243/Y                                       -       A1->Y   R     AOI221xp5_ASAP7_75t_R         1  0.6    38    16    2486    (-,-) 
  u_issue/pc_x_q_reg[29]/D                               -       -       R     ASYNC_DFFHx1_ASAP7_75t_R      1    -     -     0    2486    (-,-) 
#------------------------------------------------------------------------------------------------------------------------------------------------



Path 4: MET (1997525 ps) Setup Check with Pin u_issue/pc_x_q_reg[28]/CLK->D
          Group: core_clock
     Startpoint: (R) u_frontend/u_decode/genblk1.u_fifo/rd_ptr_q_reg[0]/CLK
          Clock: (R) core_clock
       Endpoint: (R) u_issue/pc_x_q_reg[28]/D
          Clock: (R) core_clock

                      Capture       Launch     
        Clock Edge:+  2000000            0     
       Src Latency:+        0            0     
       Net Latency:+        0 (I)        0 (I) 
           Arrival:=  2000000            0     
                                               
             Setup:-       13                  
     Required Time:=  1999987                  
      Launch Clock:-        0                  
         Data Path:-     2462                  
             Slack:=  1997525                  

#------------------------------------------------------------------------------------------------------------------------------------------------
#                     Timing Point                       Flags    Arc    Edge           Cell            Fanout Load Trans Delay Arrival Instance 
#                                                                                                              (fF)  (ps)  (ps)   (ps)  Location 
#------------------------------------------------------------------------------------------------------------------------------------------------
  u_frontend/u_decode/genblk1.u_fifo/rd_ptr_q_reg[0]/CLK -       -       R     (arrival)                  5356    -     0     0       0    (-,-) 
  u_frontend/u_decode/genblk1.u_fifo/rd_ptr_q_reg[0]/QN  -       CLK->QN R     ASYNC_DFFHx1_ASAP7_75t_R      1  0.6    13    36      36    (-,-) 
  u_frontend/u_decode/genblk1.u_fifo/g2479/Y             -       A->Y    R     BUFx2_ASAP7_75t_R           102 51.6   156    82     118    (-,-) 
  u_frontend/u_decode/genblk1.u_fifo/g2891/Y             -       A->Y    F     INVx2_ASAP7_75t_R            97 48.2   144   106     224    (-,-) 
  u_frontend/u_decode/genblk1.u_fifo/g2804/Y             -       A2->Y   F     AO22x1_ASAP7_75t_R            3  2.0    17    40     264    (-,-) 
  u_issue/g28658/Y                                       -       B->Y    R     XNOR2xp5_ASAP7_75t_R          1  0.5    18    14     278    (-,-) 
  u_issue/g28644/Y                                       -       D->Y    F     NAND4xp25_ASAP7_75t_R         1  0.6    25    17     296    (-,-) 
  u_issue/g28641/Y                                       -       A->Y    R     NOR5xp2_ASAP7_75t_R           1  0.5    41    23     319    (-,-) 
  u_issue/g28640/Y                                       -       A->Y    F     NAND5xp2_ASAP7_75t_R          2  1.1    46    30     349    (-,-) 
  u_issue/g28639/Y                                       -       A->Y    F     OR5x1_ASAP7_75t_R             3  1.6    19    44     393    (-,-) 
  u_issue/g28638/Y                                       -       A->Y    F     OR2x2_ASAP7_75t_R            20 10.4    33    37     430    (-,-) 
  u_issue/g45300/Y                                       -       A->Y    R     INVx2_ASAP7_75t_R            99 56.3   169    87     517    (-,-) 
  u_issue/g28291/Y                                       -       B2->Y   R     AO22x1_ASAP7_75t_R           22 11.2    71    64     581    (-,-) 
  u_issue/g45298/Y                                       -       A->Y    F     INVx1_ASAP7_75t_R            17  9.2    58    44     624    (-,-) 
  u_issue/g44952/Y                                       -       A->Y    R     NAND2xp5_ASAP7_75t_R          4  2.1    37    32     656    (-,-) 
  u_issue/g44832/Y                                       -       A->Y    F     NOR3xp33_ASAP7_75t_R          2  0.8    28    15     671    (-,-) 
  u_issue/g44639/Y                                       -       A->Y    R     NOR2xp33_ASAP7_75t_R          3  1.7    40    27     698    (-,-) 
  u_issue/g44554/Y                                       -       A->Y    F     NAND3xp33_ASAP7_75t_R         4  2.9    55    36     734    (-,-) 
  u_issue/g44546/Y                                       -       A->Y    R     NOR3xp33_ASAP7_75t_R          3  1.9    55    38     772    (-,-) 
  u_issue/g44542/Y                                       -       A->Y    F     INVx1_ASAP7_75t_R             1  0.6    13    10     782    (-,-) 
  u_issue/g44512/Y                                       -       A->Y    R     NOR4xp25_ASAP7_75t_R         17  8.8   245   118     900    (-,-) 
  u_issue/drc_bufs45344/Y                                -       A->Y    F     INVx1_ASAP7_75t_R             1  0.7    32    15     915    (-,-) 
  u_issue/drc_bufs45343/Y                                -       A->Y    R     INVx1_ASAP7_75t_R            16  8.1    53    34     949    (-,-) 
  u_issue/g44217/Y                                       -       A1->Y   F     AOI222xp33_ASAP7_75t_R        1  0.6    62    20     969    (-,-) 
  u_issue/g44110/Y                                       -       B->Y    R     NAND2xp5_ASAP7_75t_R          1  0.5    20    18     987    (-,-) 
  u_issue/g44019/Y                                       -       C->Y    F     AOI221xp5_ASAP7_75t_R         1  0.6    36    12     999    (-,-) 
  u_issue/g43925/Y                                       -       B->Y    R     NAND2xp5_ASAP7_75t_R         18  9.2   102    58    1057    (-,-) 
  u_exec0/greater_than_signed_350_25:sub_285_12_g745/Y   -       A->Y    F     INVx1_ASAP7_75t_R             2  2.4    31    23    1080    (-,-) 
  u_exec0/less_than_signed_345_25:sub_267_12_g9594/Y     -       B->Y    R     MAJIxp5_ASAP7_75t_R           1  0.6    30    20    1100    (-,-) 
  u_exec0/less_than_signed_345_25:sub_267_12_g9595/Y     -       A->Y    F     MAJIxp5_ASAP7_75t_R           1  0.6    28    15    1115    (-,-) 
  u_exec0/less_than_signed_345_25:sub_267_12_g9596/Y     -       A->Y    R     MAJIxp5_ASAP7_75t_R           1  0.6    30    17    1132    (-,-) 
  u_exec0/less_than_signed_345_25:sub_267_12_g9597/Y     -       A->Y    F     MAJIxp5_ASAP7_75t_R           1  0.6    29    15    1147    (-,-) 
  u_exec0/less_than_signed_345_25:sub_267_12_g9598/Y     -       A->Y    R     MAJIxp5_ASAP7_75t_R           1  0.6    31    18    1165    (-,-) 
  u_exec0/less_than_signed_345_25:sub_267_12_g9599/Y     -       A->Y    F     MAJIxp5_ASAP7_75t_R           1  0.6    29    15    1180    (-,-) 
  u_exec0/less_than_signed_345_25:sub_267_12_g9600/Y     -       A->Y    R     MAJIxp5_ASAP7_75t_R           1  0.6    30    18    1198    (-,-) 
  u_exec0/less_than_signed_345_25:sub_267_12_g9601/Y     -       A->Y    F     MAJIxp5_ASAP7_75t_R           1  0.6    30    15    1212    (-,-) 
  u_exec0/less_than_signed_345_25:sub_267_12_g9602/Y     -       A->Y    R     MAJIxp5_ASAP7_75t_R           1  0.6    30    18    1230    (-,-) 
  u_exec0/less_than_signed_345_25:sub_267_12_g9603/Y     -       A->Y    F     MAJIxp5_ASAP7_75t_R           1  0.6    29    15    1245    (-,-) 
  u_exec0/less_than_signed_345_25:sub_267_12_g9604/Y     -       A->Y    R     MAJIxp5_ASAP7_75t_R           1  0.6    30    18    1263    (-,-) 
  u_exec0/less_than_signed_345_25:sub_267_12_g9605/Y     -       A->Y    F     MAJIxp5_ASAP7_75t_R           1  0.6    30    15    1278    (-,-) 
  u_exec0/less_than_signed_345_25:sub_267_12_g9606/Y     -       A->Y    R     MAJIxp5_ASAP7_75t_R           1  0.6    31    18    1296    (-,-) 
  u_exec0/less_than_signed_345_25:sub_267_12_g9607/Y     -       A->Y    F     MAJIxp5_ASAP7_75t_R           1  0.6    30    15    1311    (-,-) 
  u_exec0/less_than_signed_345_25:sub_267_12_g9608/Y     -       A->Y    R     MAJIxp5_ASAP7_75t_R           1  0.6    29    18    1328    (-,-) 
  u_exec0/less_than_signed_345_25:sub_267_12_g9609/Y     -       A->Y    F     MAJIxp5_ASAP7_75t_R           1  0.6    30    15    1343    (-,-) 
  u_exec0/less_than_signed_345_25:sub_267_12_g9610/Y     -       A->Y    R     MAJIxp5_ASAP7_75t_R           1  0.6    31    18    1361    (-,-) 
  u_exec0/less_than_signed_345_25:sub_267_12_g9611/Y     -       A->Y    F     MAJIxp5_ASAP7_75t_R           1  0.6    30    15    1376    (-,-) 
  u_exec0/less_than_signed_345_25:sub_267_12_g9612/Y     -       A->Y    R     MAJIxp5_ASAP7_75t_R           1  0.6    30    18    1394    (-,-) 
  u_exec0/less_than_signed_345_25:sub_267_12_g9613/Y     -       A->Y    F     MAJIxp5_ASAP7_75t_R           1  0.6    30    15    1408    (-,-) 
  u_exec0/less_than_signed_345_25:sub_267_12_g9614/Y     -       A->Y    R     MAJIxp5_ASAP7_75t_R           1  0.6    30    18    1426    (-,-) 
  u_exec0/less_than_signed_345_25:sub_267_12_g9615/Y     -       A->Y    F     MAJIxp5_ASAP7_75t_R           1  0.6    29    15    1441    (-,-) 
  u_exec0/less_than_signed_345_25:sub_267_12_g9616/Y     -       A->Y    R     MAJIxp5_ASAP7_75t_R           1  0.6    30    18    1459    (-,-) 
  u_exec0/less_than_signed_345_25:sub_267_12_g9617/Y     -       A->Y    F     MAJIxp5_ASAP7_75t_R           1  0.6    30    15    1474    (-,-) 
  u_exec0/less_than_signed_345_25:sub_267_12_g9618/Y     -       A->Y    R     MAJIxp5_ASAP7_75t_R           1  0.6    31    18    1492    (-,-) 
  u_exec0/less_than_signed_345_25:sub_267_12_g9619/Y     -       A->Y    F     MAJIxp5_ASAP7_75t_R           1  0.6    30    15    1507    (-,-) 
  u_exec0/less_than_signed_345_25:sub_267_12_g9620/Y     -       A->Y    R     MAJIxp5_ASAP7_75t_R           1  0.6    31    18    1525    (-,-) 
  u_exec0/less_than_signed_345_25:sub_267_12_g9621/Y     -       A->Y    F     MAJIxp5_ASAP7_75t_R           1  0.6    30    15    1540    (-,-) 
  u_exec0/less_than_signed_345_25:sub_267_12_g9622/Y     -       A->Y    R     MAJIxp5_ASAP7_75t_R           1  0.6    30    18    1558    (-,-) 
  u_exec0/less_than_signed_345_25:sub_267_12_g9623/Y     -       A->Y    F     MAJIxp5_ASAP7_75t_R           2  1.2    37    19    1576    (-,-) 
  u_exec0/gte_360_46_Y_lt_355_46_g705/Y                  -       A->Y    R     MAJIxp5_ASAP7_75t_R           2  1.0    38    23    1599    (-,-) 
  u_exec0/g9545/Y                                        -       A->Y    F     INVxp67_ASAP7_75t_R           1  0.6    13    10    1609    (-,-) 
  u_exec0/g9476/Y                                        -       B1->Y   R     OAI221xp5_ASAP7_75t_R         1  0.6    30    14    1623    (-,-) 
  u_exec0/g9262/Y                                        -       C1->Y   F     AOI322xp5_ASAP7_75t_R         1  0.5    30    16    1639    (-,-) 
  u_exec0/g9261/Y                                        -       A1->Y   R     OAI221xp5_ASAP7_75t_R         3  1.6    44    31    1670    (-,-) 
  u_exec0/g9260/Y                                        -       B->Y    F     NOR2xp33_ASAP7_75t_R          4  2.1    59    34    1704    (-,-) 
  u_issue/g45404/Y                                       -       B->Y    R     NOR4xp25_ASAP7_75t_R          3  1.6    71    44    1748    (-,-) 
  u_issue/add_243_22_Y_add_241_22_g419/Y                 -       B->Y    F     NAND2xp5_ASAP7_75t_R          3  3.3    48    38    1786    (-,-) 
  u_issue/add_243_22_Y_add_241_22_g418/Y                 -       A->Y    R     INVx1_ASAP7_75t_R             1  0.6    14    12    1798    (-,-) 
  u_issue/add_243_22_Y_add_241_22_g415/Y                 -       A->Y    R     MAJx2_ASAP7_75t_R             2  1.2    10    21    1819    (-,-) 
  u_issue/add_243_22_Y_add_241_22_g413/Y                 -       B->Y    F     NAND2xp5_ASAP7_75t_R          3  1.6    22    13    1832    (-,-) 
  u_issue/add_243_22_Y_add_241_22_g411/Y                 -       B->Y    R     NOR2xp33_ASAP7_75t_R          3  1.8    42    27    1859    (-,-) 
  u_issue/add_243_22_Y_add_241_22_g409/Y                 -       B->Y    F     NAND2xp5_ASAP7_75t_R          3  1.6    27    21    1881    (-,-) 
  u_issue/add_243_22_Y_add_241_22_g407/Y                 -       B->Y    R     NOR2xp33_ASAP7_75t_R          3  1.8    43    28    1909    (-,-) 
  u_issue/add_243_22_Y_add_241_22_g405/Y                 -       B->Y    F     NAND2xp5_ASAP7_75t_R          3  1.6    27    22    1931    (-,-) 
  u_issue/add_243_22_Y_add_241_22_g403/Y                 -       B->Y    R     NOR2xp33_ASAP7_75t_R          3  1.8    43    28    1959    (-,-) 
  u_issue/add_243_22_Y_add_241_22_g401/Y                 -       B->Y    F     NAND2xp5_ASAP7_75t_R          3  1.6    27    22    1981    (-,-) 
  u_issue/add_243_22_Y_add_241_22_g399/Y                 -       B->Y    R     NOR2xp33_ASAP7_75t_R          3  1.8    43    28    2009    (-,-) 
  u_issue/add_243_22_Y_add_241_22_g397/Y                 -       B->Y    F     NAND2xp5_ASAP7_75t_R          3  1.6    27    22    2031    (-,-) 
  u_issue/add_243_22_Y_add_241_22_g395/Y                 -       B->Y    R     NOR2xp33_ASAP7_75t_R          3  1.8    43    28    2059    (-,-) 
  u_issue/add_243_22_Y_add_241_22_g393/Y                 -       B->Y    F     NAND2xp5_ASAP7_75t_R          3  1.6    27    22    2081    (-,-) 
  u_issue/add_243_22_Y_add_241_22_g391/Y                 -       B->Y    R     NOR2xp33_ASAP7_75t_R          3  1.8    43    28    2109    (-,-) 
  u_issue/add_243_22_Y_add_241_22_g389/Y                 -       B->Y    F     NAND2xp5_ASAP7_75t_R          3  1.6    27    22    2131    (-,-) 
  u_issue/add_243_22_Y_add_241_22_g387/Y                 -       B->Y    R     NOR2xp33_ASAP7_75t_R          3  1.8    43    28    2159    (-,-) 
  u_issue/add_243_22_Y_add_241_22_g385/Y                 -       B->Y    F     NAND2xp5_ASAP7_75t_R          3  1.6    27    22    2181    (-,-) 
  u_issue/add_243_22_Y_add_241_22_g383/Y                 -       B->Y    R     NOR2xp33_ASAP7_75t_R          3  1.8    43    28    2209    (-,-) 
  u_issue/add_243_22_Y_add_241_22_g381/Y                 -       B->Y    F     NAND2xp5_ASAP7_75t_R          3  1.6    27    22    2231    (-,-) 
  u_issue/add_243_22_Y_add_241_22_g379/Y                 -       B->Y    R     NOR2xp33_ASAP7_75t_R          3  1.8    43    28    2259    (-,-) 
  u_issue/add_243_22_Y_add_241_22_g377/Y                 -       B->Y    F     NAND2xp5_ASAP7_75t_R          3  1.6    27    22    2281    (-,-) 
  u_issue/add_243_22_Y_add_241_22_g375/Y                 -       B->Y    R     NOR2xp33_ASAP7_75t_R          3  1.8    43    28    2309    (-,-) 
  u_issue/add_243_22_Y_add_241_22_g373/Y                 -       B->Y    F     NAND2xp5_ASAP7_75t_R          3  1.6    27    22    2331    (-,-) 
  u_issue/add_243_22_Y_add_241_22_g371/Y                 -       B->Y    R     NOR2xp33_ASAP7_75t_R          3  1.8    43    28    2359    (-,-) 
  u_issue/add_243_22_Y_add_241_22_g369/Y                 -       B->Y    F     NAND2xp5_ASAP7_75t_R          3  1.6    27    22    2381    (-,-) 
  u_issue/add_243_22_Y_add_241_22_g367/Y                 -       B->Y    R     NOR2xp33_ASAP7_75t_R          3  1.8    43    28    2409    (-,-) 
  u_issue/add_243_22_Y_add_241_22_g365/Y                 -       B->Y    F     NAND2xp5_ASAP7_75t_R          3  1.6    27    22    2431    (-,-) 
  u_issue/add_243_22_Y_add_241_22_g364/Y                 -       B->Y    F     OA21x2_ASAP7_75t_R            1  0.5     7    17    2448    (-,-) 
  u_issue/g29244/Y                                       -       A1->Y   R     AOI221xp5_ASAP7_75t_R         1  0.6    38    14    2462    (-,-) 
  u_issue/pc_x_q_reg[28]/D                               -       -       R     ASYNC_DFFHx1_ASAP7_75t_R      1    -     -     0    2462    (-,-) 
#------------------------------------------------------------------------------------------------------------------------------------------------



Path 5: MET (1997544 ps) Setup Check with Pin u_cbm/column_mask_q_reg[2]/CLK->D
          Group: core_clock
     Startpoint: (R) u_frontend/u_decode/genblk1.u_fifo/rd_ptr_q_reg[0]/CLK
          Clock: (R) core_clock
       Endpoint: (R) u_cbm/column_mask_q_reg[2]/D
          Clock: (R) core_clock

                      Capture       Launch     
        Clock Edge:+  2000000            0     
       Src Latency:+        0            0     
       Net Latency:+        0 (I)        0 (I) 
           Arrival:=  2000000            0     
                                               
             Setup:-       11                  
     Required Time:=  1999989                  
      Launch Clock:-        0                  
         Data Path:-     2445                  
             Slack:=  1997544                  

#------------------------------------------------------------------------------------------------------------------------------------------------
#                     Timing Point                       Flags    Arc    Edge           Cell            Fanout Load Trans Delay Arrival Instance 
#                                                                                                              (fF)  (ps)  (ps)   (ps)  Location 
#------------------------------------------------------------------------------------------------------------------------------------------------
  u_frontend/u_decode/genblk1.u_fifo/rd_ptr_q_reg[0]/CLK -       -       R     (arrival)                  5356    -     0     0       0    (-,-) 
  u_frontend/u_decode/genblk1.u_fifo/rd_ptr_q_reg[0]/QN  -       CLK->QN R     ASYNC_DFFHx1_ASAP7_75t_R      1  0.6    13    36      36    (-,-) 
  u_frontend/u_decode/genblk1.u_fifo/g2479/Y             -       A->Y    R     BUFx2_ASAP7_75t_R           102 51.6   156    82     118    (-,-) 
  u_frontend/u_decode/genblk1.u_fifo/g2891/Y             -       A->Y    F     INVx2_ASAP7_75t_R            97 48.2   144   106     224    (-,-) 
  u_frontend/u_decode/genblk1.u_fifo/g2804/Y             -       A2->Y   F     AO22x1_ASAP7_75t_R            3  2.0    17    40     264    (-,-) 
  u_issue/g28658/Y                                       -       B->Y    R     XNOR2xp5_ASAP7_75t_R          1  0.5    18    14     278    (-,-) 
  u_issue/g28644/Y                                       -       D->Y    F     NAND4xp25_ASAP7_75t_R         1  0.6    25    17     296    (-,-) 
  u_issue/g28641/Y                                       -       A->Y    R     NOR5xp2_ASAP7_75t_R           1  0.5    41    23     319    (-,-) 
  u_issue/g28640/Y                                       -       A->Y    F     NAND5xp2_ASAP7_75t_R          2  1.1    46    30     349    (-,-) 
  u_issue/g28639/Y                                       -       A->Y    F     OR5x1_ASAP7_75t_R             3  1.6    19    44     393    (-,-) 
  u_issue/g28638/Y                                       -       A->Y    F     OR2x2_ASAP7_75t_R            20 10.4    33    37     430    (-,-) 
  u_issue/g45300/Y                                       -       A->Y    R     INVx2_ASAP7_75t_R            99 56.3   169    87     517    (-,-) 
  u_issue/g28291/Y                                       -       B2->Y   R     AO22x1_ASAP7_75t_R           22 11.2    71    64     581    (-,-) 
  u_issue/g45298/Y                                       -       A->Y    F     INVx1_ASAP7_75t_R            17  9.2    58    44     624    (-,-) 
  u_issue/g44952/Y                                       -       A->Y    R     NAND2xp5_ASAP7_75t_R          4  2.1    37    32     656    (-,-) 
  u_issue/g44832/Y                                       -       A->Y    F     NOR3xp33_ASAP7_75t_R          2  0.8    28    15     671    (-,-) 
  u_issue/g44639/Y                                       -       A->Y    R     NOR2xp33_ASAP7_75t_R          3  1.7    40    27     698    (-,-) 
  u_issue/g44554/Y                                       -       A->Y    F     NAND3xp33_ASAP7_75t_R         4  2.9    55    36     734    (-,-) 
  u_issue/g44546/Y                                       -       A->Y    R     NOR3xp33_ASAP7_75t_R          3  1.9    55    38     772    (-,-) 
  u_issue/g44542/Y                                       -       A->Y    F     INVx1_ASAP7_75t_R             1  0.6    13    10     782    (-,-) 
  u_issue/g44512/Y                                       -       A->Y    R     NOR4xp25_ASAP7_75t_R         17  8.8   245   118     900    (-,-) 
  u_issue/drc_bufs45344/Y                                -       A->Y    F     INVx1_ASAP7_75t_R             1  0.7    32    15     915    (-,-) 
  u_issue/drc_bufs45343/Y                                -       A->Y    R     INVx1_ASAP7_75t_R            16  8.1    53    34     949    (-,-) 
  u_issue/g44217/Y                                       -       A1->Y   F     AOI222xp33_ASAP7_75t_R        1  0.6    62    20     969    (-,-) 
  u_issue/g44110/Y                                       -       B->Y    R     NAND2xp5_ASAP7_75t_R          1  0.5    20    18     987    (-,-) 
  u_issue/g44019/Y                                       -       C->Y    F     AOI221xp5_ASAP7_75t_R         1  0.6    36    12     999    (-,-) 
  u_issue/g43925/Y                                       -       B->Y    R     NAND2xp5_ASAP7_75t_R         18  9.2   102    58    1057    (-,-) 
  u_cbm/SUB_UNS_OP276_g589__9315/Y                       -       A->Y    F     NOR2xp33_ASAP7_75t_R          2  1.3    48    40    1097    (-,-) 
  u_cbm/SUB_UNS_OP276_g588/Y                             -       A->Y    R     INVx1_ASAP7_75t_R             2  1.0    17    14    1111    (-,-) 
  u_cbm/SUB_UNS_OP276_g586__4733/Y                       -       B->Y    F     NOR2xp33_ASAP7_75t_R          2  1.3    46    19    1130    (-,-) 
  u_cbm/SUB_UNS_OP276_g585/Y                             -       A->Y    R     INVx1_ASAP7_75t_R             2  1.0    17    14    1144    (-,-) 
  u_cbm/SUB_UNS_OP276_g583__5115/Y                       -       B->Y    F     NOR2xp33_ASAP7_75t_R          2  1.3    42    19    1162    (-,-) 
  u_cbm/SUB_UNS_OP276_g582/Y                             -       A->Y    R     INVx1_ASAP7_75t_R             2  0.8    15    12    1175    (-,-) 
  u_cbm/SUB_UNS_OP276_g580__6131/Y                       -       B->Y    F     NOR2xp33_ASAP7_75t_R          2  1.2    45    17    1192    (-,-) 
  u_cbm/SUB_UNS_OP276_g579/Y                             -       A->Y    R     INVx1_ASAP7_75t_R             2  0.8    15    12    1205    (-,-) 
  u_cbm/SUB_UNS_OP276_g577__8246/Y                       -       B->Y    F     NOR2xp33_ASAP7_75t_R          2  1.2    41    18    1222    (-,-) 
  u_cbm/SUB_UNS_OP276_g576/Y                             -       A->Y    R     INVx1_ASAP7_75t_R             2  0.8    14    12    1234    (-,-) 
  u_cbm/SUB_UNS_OP276_g574__1705/Y                       -       B->Y    F     NOR2xp33_ASAP7_75t_R          2  1.2    45    17    1252    (-,-) 
  u_cbm/SUB_UNS_OP276_g573/Y                             -       A->Y    R     INVx1_ASAP7_75t_R             2  1.0    16    14    1265    (-,-) 
  u_cbm/SUB_UNS_OP276_g571__1617/Y                       -       B->Y    F     NOR2xp33_ASAP7_75t_R          2  1.3    42    19    1284    (-,-) 
  u_cbm/SUB_UNS_OP276_g570/Y                             -       A->Y    R     INVx1_ASAP7_75t_R             2  1.0    16    13    1297    (-,-) 
  u_cbm/SUB_UNS_OP276_g568__6783/Y                       -       B->Y    F     NOR2xp33_ASAP7_75t_R          2  1.3    48    19    1316    (-,-) 
  u_cbm/SUB_UNS_OP276_g567/Y                             -       A->Y    R     INVx1_ASAP7_75t_R             2  1.0    17    14    1330    (-,-) 
  u_cbm/SUB_UNS_OP276_g565__8428/Y                       -       B->Y    F     NOR2xp33_ASAP7_75t_R          2  1.3    44    19    1349    (-,-) 
  u_cbm/SUB_UNS_OP276_g564/Y                             -       A->Y    R     INVx1_ASAP7_75t_R             2  1.0    16    14    1363    (-,-) 
  u_cbm/SUB_UNS_OP276_g562__6260/Y                       -       B->Y    F     NOR2xp33_ASAP7_75t_R          2  1.3    47    19    1382    (-,-) 
  u_cbm/SUB_UNS_OP276_g561/Y                             -       A->Y    R     INVx1_ASAP7_75t_R             2  1.0    17    14    1395    (-,-) 
  u_cbm/SUB_UNS_OP276_g559__2398/Y                       -       B->Y    F     NOR2xp33_ASAP7_75t_R          2  1.3    43    19    1414    (-,-) 
  u_cbm/SUB_UNS_OP276_g558/Y                             -       A->Y    R     INVx1_ASAP7_75t_R             2  1.0    16    13    1428    (-,-) 
  u_cbm/SUB_UNS_OP276_g556__6417/Y                       -       B->Y    F     NOR2xp33_ASAP7_75t_R          2  1.3    48    19    1446    (-,-) 
  u_cbm/SUB_UNS_OP276_g555/Y                             -       A->Y    R     INVx1_ASAP7_75t_R             2  1.0    17    14    1460    (-,-) 
  u_cbm/SUB_UNS_OP276_g553__1666/Y                       -       B->Y    F     NOR2xp33_ASAP7_75t_R          2  1.3    42    19    1479    (-,-) 
  u_cbm/SUB_UNS_OP276_g552/Y                             -       A->Y    R     INVx1_ASAP7_75t_R             2  1.0    16    13    1493    (-,-) 
  u_cbm/SUB_UNS_OP276_g550__2883/Y                       -       B->Y    F     NOR2xp33_ASAP7_75t_R          2  1.3    48    19    1511    (-,-) 
  u_cbm/SUB_UNS_OP276_g549/Y                             -       A->Y    R     INVx1_ASAP7_75t_R             2  1.0    17    14    1525    (-,-) 
  u_cbm/SUB_UNS_OP276_g547__9315/Y                       -       B->Y    F     NOR2xp33_ASAP7_75t_R          2  1.3    45    19    1544    (-,-) 
  u_cbm/SUB_UNS_OP276_g546/Y                             -       A->Y    R     INVx1_ASAP7_75t_R             2  1.0    16    14    1558    (-,-) 
  u_cbm/SUB_UNS_OP276_g544__4733/Y                       -       B->Y    F     NOR2xp33_ASAP7_75t_R          2  1.3    48    19    1577    (-,-) 
  u_cbm/SUB_UNS_OP276_g543/Y                             -       A->Y    R     INVx1_ASAP7_75t_R             2  1.0    17    14    1591    (-,-) 
  u_cbm/SUB_UNS_OP276_g541__5115/Y                       -       B->Y    F     NOR2xp33_ASAP7_75t_R          2  1.3    42    19    1610    (-,-) 
  u_cbm/SUB_UNS_OP276_g540/Y                             -       A->Y    R     INVx1_ASAP7_75t_R             2  1.0    16    13    1623    (-,-) 
  u_cbm/SUB_UNS_OP276_g538__6131/Y                       -       B->Y    F     NOR2xp33_ASAP7_75t_R          2  1.3    48    19    1642    (-,-) 
  u_cbm/SUB_UNS_OP276_g537/Y                             -       A->Y    R     INVx1_ASAP7_75t_R             2  1.0    17    14    1656    (-,-) 
  u_cbm/SUB_UNS_OP276_g535__8246/Y                       -       B->Y    F     NOR2xp33_ASAP7_75t_R          2  1.3    45    19    1675    (-,-) 
  u_cbm/SUB_UNS_OP276_g534/Y                             -       A->Y    R     INVx1_ASAP7_75t_R             2  1.0    16    14    1688    (-,-) 
  u_cbm/SUB_UNS_OP276_g532__1705/Y                       -       B->Y    F     NOR2xp33_ASAP7_75t_R          2  1.3    48    19    1707    (-,-) 
  u_cbm/SUB_UNS_OP276_g531/Y                             -       A->Y    R     INVx1_ASAP7_75t_R             2  1.0    17    14    1721    (-,-) 
  u_cbm/SUB_UNS_OP276_g529__1617/Y                       -       B->Y    F     NOR2xp33_ASAP7_75t_R          2  1.3    45    19    1740    (-,-) 
  u_cbm/SUB_UNS_OP276_g528/Y                             -       A->Y    R     INVx1_ASAP7_75t_R             2  1.0    16    14    1754    (-,-) 
  u_cbm/SUB_UNS_OP276_g526__6783/Y                       -       B->Y    F     NOR2xp33_ASAP7_75t_R          2  1.3    47    19    1772    (-,-) 
  u_cbm/SUB_UNS_OP276_g525/Y                             -       A->Y    R     INVx1_ASAP7_75t_R             2  0.8    15    13    1785    (-,-) 
  u_cbm/SUB_UNS_OP276_g523__8428/Y                       -       B->Y    F     NOR2xp33_ASAP7_75t_R          2  1.2    42    18    1803    (-,-) 
  u_cbm/SUB_UNS_OP276_g522/Y                             -       A->Y    R     INVx1_ASAP7_75t_R             2  1.0    16    13    1816    (-,-) 
  u_cbm/SUB_UNS_OP276_g520__6260/Y                       -       B->Y    F     NOR2xp33_ASAP7_75t_R          2  1.3    48    19    1835    (-,-) 
  u_cbm/SUB_UNS_OP276_g519/Y                             -       A->Y    R     INVx1_ASAP7_75t_R             2  0.8    16    13    1848    (-,-) 
  u_cbm/SUB_UNS_OP276_g517__2398/Y                       -       B->Y    F     NOR2xp33_ASAP7_75t_R          2  1.2    40    18    1866    (-,-) 
  u_cbm/SUB_UNS_OP276_g516/Y                             -       A->Y    R     INVx1_ASAP7_75t_R             2  1.0    16    13    1879    (-,-) 
  u_cbm/SUB_UNS_OP276_g514__6417/Y                       -       B->Y    F     NOR2xp33_ASAP7_75t_R          2  1.3    48    19    1897    (-,-) 
  u_cbm/SUB_UNS_OP276_g513/Y                             -       A->Y    R     INVx1_ASAP7_75t_R             2  1.0    17    14    1911    (-,-) 
  u_cbm/SUB_UNS_OP276_g511__1666/Y                       -       B->Y    F     NOR2xp33_ASAP7_75t_R          2  1.3    44    19    1930    (-,-) 
  u_cbm/SUB_UNS_OP276_g510/Y                             -       A->Y    R     INVx1_ASAP7_75t_R             2  1.0    16    14    1944    (-,-) 
  u_cbm/SUB_UNS_OP276_g508__2883/Y                       -       B->Y    F     NOR2xp33_ASAP7_75t_R          2  1.3    48    19    1963    (-,-) 
  u_cbm/SUB_UNS_OP276_g506__9945/Y                       -       B->Y    R     AOI21xp5_ASAP7_75t_R          1  0.5    25    17    1979    (-,-) 
  u_cbm/g9416__9315/Y                                    -       B2->Y   R     AO22x1_ASAP7_75t_R            5  3.6    27    29    2008    (-,-) 
  u_cbm/csa_tree_SUB_TC_OP109_groupi_g1946/Y             -       A->Y    F     INVxp67_ASAP7_75t_R           1  1.1    14    12    2020    (-,-) 
  u_cbm/csa_tree_SUB_TC_OP109_groupi_g1915__5107/Y       -       C->Y    R     MAJIxp5_ASAP7_75t_R           2  2.2    40    25    2045    (-,-) 
  u_cbm/g12611/SN                                        -       CI->SN  F     FAx1_ASAP7_75t_R              2  1.6    38    55    2099    (-,-) 
  u_cbm/csa_tree_SUB_TC_OP109_groupi_g1763__5122/Y       -       A->Y    R     MAJIxp5_ASAP7_75t_R           2  3.3    56    39    2138    (-,-) 
  u_cbm/g12608/SN                                        -       B->SN   F     FAx1_ASAP7_75t_R              2  1.0    37    49    2188    (-,-) 
  u_cbm/csa_tree_SUB_TC_OP109_groupi_g1751__6260/Y       -       A->Y    R     NAND2xp33_ASAP7_75t_R         2  1.2    35    29    2216    (-,-) 
  u_cbm/csa_tree_SUB_TC_OP109_groupi_g1749__2398/Y       -       A2->Y   R     AO21x1_ASAP7_75t_R            1  0.5     7    17    2234    (-,-) 
  u_cbm/csa_tree_SUB_TC_OP109_groupi_g1748__5477/Y       -       C->Y    F     OAI221xp5_ASAP7_75t_R         1  0.6    21    11    2245    (-,-) 
  u_cbm/csa_tree_SUB_TC_OP109_groupi_g1747__6417/Y       -       A->Y    R     MAJIxp5_ASAP7_75t_R           1  0.6    20    16    2261    (-,-) 
  u_cbm/csa_tree_SUB_TC_OP109_groupi_g1746__7410/Y       -       B->Y    R     OA21x2_ASAP7_75t_R            2  1.7    10    19    2280    (-,-) 
  u_cbm/g12432__8246/Y                                   -       B->Y    F     NOR2x1_ASAP7_75t_R           64 35.7   211    98    2378    (-,-) 
  u_cbm/g12267__6783/Y                                   -       A1->Y   R     AOI222xp33_ASAP7_75t_R        1  0.6    54    42    2420    (-,-) 
  u_cbm/g12173__2802/Y                                   -       B->Y    R     AND2x2_ASAP7_75t_R            1  0.6     8    26    2445    (-,-) 
  u_cbm/column_mask_q_reg[2]/D                           -       -       R     ASYNC_DFFHx1_ASAP7_75t_R      1    -     -     0    2445    (-,-) 
#------------------------------------------------------------------------------------------------------------------------------------------------



Path 6: MET (1997551 ps) Setup Check with Pin u_issue/pc_x_q_reg[27]/CLK->D
          Group: core_clock
     Startpoint: (R) u_frontend/u_decode/genblk1.u_fifo/rd_ptr_q_reg[0]/CLK
          Clock: (R) core_clock
       Endpoint: (R) u_issue/pc_x_q_reg[27]/D
          Clock: (R) core_clock

                      Capture       Launch     
        Clock Edge:+  2000000            0     
       Src Latency:+        0            0     
       Net Latency:+        0 (I)        0 (I) 
           Arrival:=  2000000            0     
                                               
             Setup:-       13                  
     Required Time:=  1999987                  
      Launch Clock:-        0                  
         Data Path:-     2436                  
             Slack:=  1997551                  

#------------------------------------------------------------------------------------------------------------------------------------------------
#                     Timing Point                       Flags    Arc    Edge           Cell            Fanout Load Trans Delay Arrival Instance 
#                                                                                                              (fF)  (ps)  (ps)   (ps)  Location 
#------------------------------------------------------------------------------------------------------------------------------------------------
  u_frontend/u_decode/genblk1.u_fifo/rd_ptr_q_reg[0]/CLK -       -       R     (arrival)                  5356    -     0     0       0    (-,-) 
  u_frontend/u_decode/genblk1.u_fifo/rd_ptr_q_reg[0]/QN  -       CLK->QN R     ASYNC_DFFHx1_ASAP7_75t_R      1  0.6    13    36      36    (-,-) 
  u_frontend/u_decode/genblk1.u_fifo/g2479/Y             -       A->Y    R     BUFx2_ASAP7_75t_R           102 51.6   156    82     118    (-,-) 
  u_frontend/u_decode/genblk1.u_fifo/g2891/Y             -       A->Y    F     INVx2_ASAP7_75t_R            97 48.2   144   106     224    (-,-) 
  u_frontend/u_decode/genblk1.u_fifo/g2804/Y             -       A2->Y   F     AO22x1_ASAP7_75t_R            3  2.0    17    40     264    (-,-) 
  u_issue/g28658/Y                                       -       B->Y    R     XNOR2xp5_ASAP7_75t_R          1  0.5    18    14     278    (-,-) 
  u_issue/g28644/Y                                       -       D->Y    F     NAND4xp25_ASAP7_75t_R         1  0.6    25    17     296    (-,-) 
  u_issue/g28641/Y                                       -       A->Y    R     NOR5xp2_ASAP7_75t_R           1  0.5    41    23     319    (-,-) 
  u_issue/g28640/Y                                       -       A->Y    F     NAND5xp2_ASAP7_75t_R          2  1.1    46    30     349    (-,-) 
  u_issue/g28639/Y                                       -       A->Y    F     OR5x1_ASAP7_75t_R             3  1.6    19    44     393    (-,-) 
  u_issue/g28638/Y                                       -       A->Y    F     OR2x2_ASAP7_75t_R            20 10.4    33    37     430    (-,-) 
  u_issue/g45300/Y                                       -       A->Y    R     INVx2_ASAP7_75t_R            99 56.3   169    87     517    (-,-) 
  u_issue/g28291/Y                                       -       B2->Y   R     AO22x1_ASAP7_75t_R           22 11.2    71    64     581    (-,-) 
  u_issue/g45298/Y                                       -       A->Y    F     INVx1_ASAP7_75t_R            17  9.2    58    44     624    (-,-) 
  u_issue/g44952/Y                                       -       A->Y    R     NAND2xp5_ASAP7_75t_R          4  2.1    37    32     656    (-,-) 
  u_issue/g44832/Y                                       -       A->Y    F     NOR3xp33_ASAP7_75t_R          2  0.8    28    15     671    (-,-) 
  u_issue/g44639/Y                                       -       A->Y    R     NOR2xp33_ASAP7_75t_R          3  1.7    40    27     698    (-,-) 
  u_issue/g44554/Y                                       -       A->Y    F     NAND3xp33_ASAP7_75t_R         4  2.9    55    36     734    (-,-) 
  u_issue/g44546/Y                                       -       A->Y    R     NOR3xp33_ASAP7_75t_R          3  1.9    55    38     772    (-,-) 
  u_issue/g44542/Y                                       -       A->Y    F     INVx1_ASAP7_75t_R             1  0.6    13    10     782    (-,-) 
  u_issue/g44512/Y                                       -       A->Y    R     NOR4xp25_ASAP7_75t_R         17  8.8   245   118     900    (-,-) 
  u_issue/drc_bufs45344/Y                                -       A->Y    F     INVx1_ASAP7_75t_R             1  0.7    32    15     915    (-,-) 
  u_issue/drc_bufs45343/Y                                -       A->Y    R     INVx1_ASAP7_75t_R            16  8.1    53    34     949    (-,-) 
  u_issue/g44217/Y                                       -       A1->Y   F     AOI222xp33_ASAP7_75t_R        1  0.6    62    20     969    (-,-) 
  u_issue/g44110/Y                                       -       B->Y    R     NAND2xp5_ASAP7_75t_R          1  0.5    20    18     987    (-,-) 
  u_issue/g44019/Y                                       -       C->Y    F     AOI221xp5_ASAP7_75t_R         1  0.6    36    12     999    (-,-) 
  u_issue/g43925/Y                                       -       B->Y    R     NAND2xp5_ASAP7_75t_R         18  9.2   102    58    1057    (-,-) 
  u_exec0/greater_than_signed_350_25:sub_285_12_g745/Y   -       A->Y    F     INVx1_ASAP7_75t_R             2  2.4    31    23    1080    (-,-) 
  u_exec0/less_than_signed_345_25:sub_267_12_g9594/Y     -       B->Y    R     MAJIxp5_ASAP7_75t_R           1  0.6    30    20    1100    (-,-) 
  u_exec0/less_than_signed_345_25:sub_267_12_g9595/Y     -       A->Y    F     MAJIxp5_ASAP7_75t_R           1  0.6    28    15    1115    (-,-) 
  u_exec0/less_than_signed_345_25:sub_267_12_g9596/Y     -       A->Y    R     MAJIxp5_ASAP7_75t_R           1  0.6    30    17    1132    (-,-) 
  u_exec0/less_than_signed_345_25:sub_267_12_g9597/Y     -       A->Y    F     MAJIxp5_ASAP7_75t_R           1  0.6    29    15    1147    (-,-) 
  u_exec0/less_than_signed_345_25:sub_267_12_g9598/Y     -       A->Y    R     MAJIxp5_ASAP7_75t_R           1  0.6    31    18    1165    (-,-) 
  u_exec0/less_than_signed_345_25:sub_267_12_g9599/Y     -       A->Y    F     MAJIxp5_ASAP7_75t_R           1  0.6    29    15    1180    (-,-) 
  u_exec0/less_than_signed_345_25:sub_267_12_g9600/Y     -       A->Y    R     MAJIxp5_ASAP7_75t_R           1  0.6    30    18    1198    (-,-) 
  u_exec0/less_than_signed_345_25:sub_267_12_g9601/Y     -       A->Y    F     MAJIxp5_ASAP7_75t_R           1  0.6    30    15    1212    (-,-) 
  u_exec0/less_than_signed_345_25:sub_267_12_g9602/Y     -       A->Y    R     MAJIxp5_ASAP7_75t_R           1  0.6    30    18    1230    (-,-) 
  u_exec0/less_than_signed_345_25:sub_267_12_g9603/Y     -       A->Y    F     MAJIxp5_ASAP7_75t_R           1  0.6    29    15    1245    (-,-) 
  u_exec0/less_than_signed_345_25:sub_267_12_g9604/Y     -       A->Y    R     MAJIxp5_ASAP7_75t_R           1  0.6    30    18    1263    (-,-) 
  u_exec0/less_than_signed_345_25:sub_267_12_g9605/Y     -       A->Y    F     MAJIxp5_ASAP7_75t_R           1  0.6    30    15    1278    (-,-) 
  u_exec0/less_than_signed_345_25:sub_267_12_g9606/Y     -       A->Y    R     MAJIxp5_ASAP7_75t_R           1  0.6    31    18    1296    (-,-) 
  u_exec0/less_than_signed_345_25:sub_267_12_g9607/Y     -       A->Y    F     MAJIxp5_ASAP7_75t_R           1  0.6    30    15    1311    (-,-) 
  u_exec0/less_than_signed_345_25:sub_267_12_g9608/Y     -       A->Y    R     MAJIxp5_ASAP7_75t_R           1  0.6    29    18    1328    (-,-) 
  u_exec0/less_than_signed_345_25:sub_267_12_g9609/Y     -       A->Y    F     MAJIxp5_ASAP7_75t_R           1  0.6    30    15    1343    (-,-) 
  u_exec0/less_than_signed_345_25:sub_267_12_g9610/Y     -       A->Y    R     MAJIxp5_ASAP7_75t_R           1  0.6    31    18    1361    (-,-) 
  u_exec0/less_than_signed_345_25:sub_267_12_g9611/Y     -       A->Y    F     MAJIxp5_ASAP7_75t_R           1  0.6    30    15    1376    (-,-) 
  u_exec0/less_than_signed_345_25:sub_267_12_g9612/Y     -       A->Y    R     MAJIxp5_ASAP7_75t_R           1  0.6    30    18    1394    (-,-) 
  u_exec0/less_than_signed_345_25:sub_267_12_g9613/Y     -       A->Y    F     MAJIxp5_ASAP7_75t_R           1  0.6    30    15    1408    (-,-) 
  u_exec0/less_than_signed_345_25:sub_267_12_g9614/Y     -       A->Y    R     MAJIxp5_ASAP7_75t_R           1  0.6    30    18    1426    (-,-) 
  u_exec0/less_than_signed_345_25:sub_267_12_g9615/Y     -       A->Y    F     MAJIxp5_ASAP7_75t_R           1  0.6    29    15    1441    (-,-) 
  u_exec0/less_than_signed_345_25:sub_267_12_g9616/Y     -       A->Y    R     MAJIxp5_ASAP7_75t_R           1  0.6    30    18    1459    (-,-) 
  u_exec0/less_than_signed_345_25:sub_267_12_g9617/Y     -       A->Y    F     MAJIxp5_ASAP7_75t_R           1  0.6    30    15    1474    (-,-) 
  u_exec0/less_than_signed_345_25:sub_267_12_g9618/Y     -       A->Y    R     MAJIxp5_ASAP7_75t_R           1  0.6    31    18    1492    (-,-) 
  u_exec0/less_than_signed_345_25:sub_267_12_g9619/Y     -       A->Y    F     MAJIxp5_ASAP7_75t_R           1  0.6    30    15    1507    (-,-) 
  u_exec0/less_than_signed_345_25:sub_267_12_g9620/Y     -       A->Y    R     MAJIxp5_ASAP7_75t_R           1  0.6    31    18    1525    (-,-) 
  u_exec0/less_than_signed_345_25:sub_267_12_g9621/Y     -       A->Y    F     MAJIxp5_ASAP7_75t_R           1  0.6    30    15    1540    (-,-) 
  u_exec0/less_than_signed_345_25:sub_267_12_g9622/Y     -       A->Y    R     MAJIxp5_ASAP7_75t_R           1  0.6    30    18    1558    (-,-) 
  u_exec0/less_than_signed_345_25:sub_267_12_g9623/Y     -       A->Y    F     MAJIxp5_ASAP7_75t_R           2  1.2    37    19    1576    (-,-) 
  u_exec0/gte_360_46_Y_lt_355_46_g705/Y                  -       A->Y    R     MAJIxp5_ASAP7_75t_R           2  1.0    38    23    1599    (-,-) 
  u_exec0/g9545/Y                                        -       A->Y    F     INVxp67_ASAP7_75t_R           1  0.6    13    10    1609    (-,-) 
  u_exec0/g9476/Y                                        -       B1->Y   R     OAI221xp5_ASAP7_75t_R         1  0.6    30    14    1623    (-,-) 
  u_exec0/g9262/Y                                        -       C1->Y   F     AOI322xp5_ASAP7_75t_R         1  0.5    30    16    1639    (-,-) 
  u_exec0/g9261/Y                                        -       A1->Y   R     OAI221xp5_ASAP7_75t_R         3  1.6    44    31    1670    (-,-) 
  u_exec0/g9260/Y                                        -       B->Y    F     NOR2xp33_ASAP7_75t_R          4  2.1    59    34    1704    (-,-) 
  u_issue/g45404/Y                                       -       B->Y    R     NOR4xp25_ASAP7_75t_R          3  1.6    71    44    1748    (-,-) 
  u_issue/add_243_22_Y_add_241_22_g419/Y                 -       B->Y    F     NAND2xp5_ASAP7_75t_R          3  3.3    48    38    1786    (-,-) 
  u_issue/add_243_22_Y_add_241_22_g418/Y                 -       A->Y    R     INVx1_ASAP7_75t_R             1  0.6    14    12    1798    (-,-) 
  u_issue/add_243_22_Y_add_241_22_g415/Y                 -       A->Y    R     MAJx2_ASAP7_75t_R             2  1.2    10    21    1819    (-,-) 
  u_issue/add_243_22_Y_add_241_22_g413/Y                 -       B->Y    F     NAND2xp5_ASAP7_75t_R          3  1.6    22    13    1832    (-,-) 
  u_issue/add_243_22_Y_add_241_22_g411/Y                 -       B->Y    R     NOR2xp33_ASAP7_75t_R          3  1.8    42    27    1859    (-,-) 
  u_issue/add_243_22_Y_add_241_22_g409/Y                 -       B->Y    F     NAND2xp5_ASAP7_75t_R          3  1.6    27    21    1881    (-,-) 
  u_issue/add_243_22_Y_add_241_22_g407/Y                 -       B->Y    R     NOR2xp33_ASAP7_75t_R          3  1.8    43    28    1909    (-,-) 
  u_issue/add_243_22_Y_add_241_22_g405/Y                 -       B->Y    F     NAND2xp5_ASAP7_75t_R          3  1.6    27    22    1931    (-,-) 
  u_issue/add_243_22_Y_add_241_22_g403/Y                 -       B->Y    R     NOR2xp33_ASAP7_75t_R          3  1.8    43    28    1959    (-,-) 
  u_issue/add_243_22_Y_add_241_22_g401/Y                 -       B->Y    F     NAND2xp5_ASAP7_75t_R          3  1.6    27    22    1981    (-,-) 
  u_issue/add_243_22_Y_add_241_22_g399/Y                 -       B->Y    R     NOR2xp33_ASAP7_75t_R          3  1.8    43    28    2009    (-,-) 
  u_issue/add_243_22_Y_add_241_22_g397/Y                 -       B->Y    F     NAND2xp5_ASAP7_75t_R          3  1.6    27    22    2031    (-,-) 
  u_issue/add_243_22_Y_add_241_22_g395/Y                 -       B->Y    R     NOR2xp33_ASAP7_75t_R          3  1.8    43    28    2059    (-,-) 
  u_issue/add_243_22_Y_add_241_22_g393/Y                 -       B->Y    F     NAND2xp5_ASAP7_75t_R          3  1.6    27    22    2081    (-,-) 
  u_issue/add_243_22_Y_add_241_22_g391/Y                 -       B->Y    R     NOR2xp33_ASAP7_75t_R          3  1.8    43    28    2109    (-,-) 
  u_issue/add_243_22_Y_add_241_22_g389/Y                 -       B->Y    F     NAND2xp5_ASAP7_75t_R          3  1.6    27    22    2131    (-,-) 
  u_issue/add_243_22_Y_add_241_22_g387/Y                 -       B->Y    R     NOR2xp33_ASAP7_75t_R          3  1.8    43    28    2159    (-,-) 
  u_issue/add_243_22_Y_add_241_22_g385/Y                 -       B->Y    F     NAND2xp5_ASAP7_75t_R          3  1.6    27    22    2181    (-,-) 
  u_issue/add_243_22_Y_add_241_22_g383/Y                 -       B->Y    R     NOR2xp33_ASAP7_75t_R          3  1.8    43    28    2209    (-,-) 
  u_issue/add_243_22_Y_add_241_22_g381/Y                 -       B->Y    F     NAND2xp5_ASAP7_75t_R          3  1.6    27    22    2231    (-,-) 
  u_issue/add_243_22_Y_add_241_22_g379/Y                 -       B->Y    R     NOR2xp33_ASAP7_75t_R          3  1.8    43    28    2259    (-,-) 
  u_issue/add_243_22_Y_add_241_22_g377/Y                 -       B->Y    F     NAND2xp5_ASAP7_75t_R          3  1.6    27    22    2281    (-,-) 
  u_issue/add_243_22_Y_add_241_22_g375/Y                 -       B->Y    R     NOR2xp33_ASAP7_75t_R          3  1.8    43    28    2309    (-,-) 
  u_issue/add_243_22_Y_add_241_22_g373/Y                 -       B->Y    F     NAND2xp5_ASAP7_75t_R          3  1.6    27    22    2331    (-,-) 
  u_issue/add_243_22_Y_add_241_22_g371/Y                 -       B->Y    R     NOR2xp33_ASAP7_75t_R          3  1.8    43    28    2359    (-,-) 
  u_issue/add_243_22_Y_add_241_22_g369/Y                 -       B->Y    F     NAND2xp5_ASAP7_75t_R          3  1.6    27    22    2381    (-,-) 
  u_issue/add_243_22_Y_add_241_22_g367/Y                 -       B->Y    R     NOR2xp33_ASAP7_75t_R          3  1.8    43    28    2409    (-,-) 
  u_issue/add_243_22_Y_add_241_22_g366/Y                 -       B->Y    F     AOI21xp5_ASAP7_75t_R          1  0.5    15    12    2421    (-,-) 
  u_issue/g29278/Y                                       -       A1->Y   R     AOI221xp5_ASAP7_75t_R         1  0.6    38    16    2436    (-,-) 
  u_issue/pc_x_q_reg[27]/D                               -       -       R     ASYNC_DFFHx1_ASAP7_75t_R      1    -     -     0    2436    (-,-) 
#------------------------------------------------------------------------------------------------------------------------------------------------



Path 7: MET (1997564 ps) Setup Check with Pin u_cbm/multiplicand_q_reg[31]/CLK->D
          Group: core_clock
     Startpoint: (R) u_frontend/u_decode/genblk1.u_fifo/rd_ptr_q_reg[0]/CLK
          Clock: (R) core_clock
       Endpoint: (F) u_cbm/multiplicand_q_reg[31]/D
          Clock: (R) core_clock

                      Capture       Launch     
        Clock Edge:+  2000000            0     
       Src Latency:+        0            0     
       Net Latency:+        0 (I)        0 (I) 
           Arrival:=  2000000            0     
                                               
             Setup:-       18                  
     Required Time:=  1999982                  
      Launch Clock:-        0                  
         Data Path:-     2418                  
             Slack:=  1997564                  

#------------------------------------------------------------------------------------------------------------------------------------------------
#                     Timing Point                       Flags    Arc    Edge           Cell            Fanout Load Trans Delay Arrival Instance 
#                                                                                                              (fF)  (ps)  (ps)   (ps)  Location 
#------------------------------------------------------------------------------------------------------------------------------------------------
  u_frontend/u_decode/genblk1.u_fifo/rd_ptr_q_reg[0]/CLK -       -       R     (arrival)                  5356    -     0     0       0    (-,-) 
  u_frontend/u_decode/genblk1.u_fifo/rd_ptr_q_reg[0]/QN  -       CLK->QN R     ASYNC_DFFHx1_ASAP7_75t_R      1  0.6    13    36      36    (-,-) 
  u_frontend/u_decode/genblk1.u_fifo/g2479/Y             -       A->Y    R     BUFx2_ASAP7_75t_R           102 51.6   156    82     118    (-,-) 
  u_frontend/u_decode/genblk1.u_fifo/g2891/Y             -       A->Y    F     INVx2_ASAP7_75t_R            97 48.2   144   106     224    (-,-) 
  u_frontend/u_decode/genblk1.u_fifo/g2804/Y             -       A2->Y   F     AO22x1_ASAP7_75t_R            3  2.0    17    40     264    (-,-) 
  u_issue/g28658/Y                                       -       B->Y    R     XNOR2xp5_ASAP7_75t_R          1  0.5    18    14     278    (-,-) 
  u_issue/g28644/Y                                       -       D->Y    F     NAND4xp25_ASAP7_75t_R         1  0.6    25    17     296    (-,-) 
  u_issue/g28641/Y                                       -       A->Y    R     NOR5xp2_ASAP7_75t_R           1  0.5    41    23     319    (-,-) 
  u_issue/g28640/Y                                       -       A->Y    F     NAND5xp2_ASAP7_75t_R          2  1.1    46    30     349    (-,-) 
  u_issue/g28639/Y                                       -       A->Y    F     OR5x1_ASAP7_75t_R             3  1.6    19    44     393    (-,-) 
  u_issue/g28638/Y                                       -       A->Y    F     OR2x2_ASAP7_75t_R            20 10.4    33    37     430    (-,-) 
  u_issue/g45300/Y                                       -       A->Y    R     INVx2_ASAP7_75t_R            99 56.3   169    87     517    (-,-) 
  u_issue/g28291/Y                                       -       B2->Y   R     AO22x1_ASAP7_75t_R           22 11.2    71    64     581    (-,-) 
  u_issue/g45298/Y                                       -       A->Y    F     INVx1_ASAP7_75t_R            17  9.2    58    44     624    (-,-) 
  u_issue/g44952/Y                                       -       A->Y    R     NAND2xp5_ASAP7_75t_R          4  2.1    37    32     656    (-,-) 
  u_issue/g44832/Y                                       -       A->Y    F     NOR3xp33_ASAP7_75t_R          2  0.8    28    15     671    (-,-) 
  u_issue/g44639/Y                                       -       A->Y    R     NOR2xp33_ASAP7_75t_R          3  1.7    40    27     698    (-,-) 
  u_issue/g44554/Y                                       -       A->Y    F     NAND3xp33_ASAP7_75t_R         4  2.9    55    36     734    (-,-) 
  u_issue/g44546/Y                                       -       A->Y    R     NOR3xp33_ASAP7_75t_R          3  1.9    55    38     772    (-,-) 
  u_issue/g44542/Y                                       -       A->Y    F     INVx1_ASAP7_75t_R             1  0.6    13    10     782    (-,-) 
  u_issue/g44512/Y                                       -       A->Y    R     NOR4xp25_ASAP7_75t_R         17  8.8   245   118     900    (-,-) 
  u_issue/drc_bufs45344/Y                                -       A->Y    F     INVx1_ASAP7_75t_R             1  0.7    32    15     915    (-,-) 
  u_issue/drc_bufs45343/Y                                -       A->Y    R     INVx1_ASAP7_75t_R            16  8.1    53    34     949    (-,-) 
  u_issue/g44217/Y                                       -       A1->Y   F     AOI222xp33_ASAP7_75t_R        1  0.6    62    20     969    (-,-) 
  u_issue/g44110/Y                                       -       B->Y    R     NAND2xp5_ASAP7_75t_R          1  0.5    20    18     987    (-,-) 
  u_issue/g44019/Y                                       -       C->Y    F     AOI221xp5_ASAP7_75t_R         1  0.6    36    12     999    (-,-) 
  u_issue/g43925/Y                                       -       B->Y    R     NAND2xp5_ASAP7_75t_R         18  9.2   102    58    1057    (-,-) 
  u_cbm/SUB_UNS_OP276_g589__9315/Y                       -       A->Y    F     NOR2xp33_ASAP7_75t_R          2  1.3    48    40    1097    (-,-) 
  u_cbm/SUB_UNS_OP276_g588/Y                             -       A->Y    R     INVx1_ASAP7_75t_R             2  1.0    17    14    1111    (-,-) 
  u_cbm/SUB_UNS_OP276_g586__4733/Y                       -       B->Y    F     NOR2xp33_ASAP7_75t_R          2  1.3    46    19    1130    (-,-) 
  u_cbm/SUB_UNS_OP276_g585/Y                             -       A->Y    R     INVx1_ASAP7_75t_R             2  1.0    17    14    1144    (-,-) 
  u_cbm/SUB_UNS_OP276_g583__5115/Y                       -       B->Y    F     NOR2xp33_ASAP7_75t_R          2  1.3    42    19    1162    (-,-) 
  u_cbm/SUB_UNS_OP276_g582/Y                             -       A->Y    R     INVx1_ASAP7_75t_R             2  0.8    15    12    1175    (-,-) 
  u_cbm/SUB_UNS_OP276_g580__6131/Y                       -       B->Y    F     NOR2xp33_ASAP7_75t_R          2  1.2    45    17    1192    (-,-) 
  u_cbm/SUB_UNS_OP276_g579/Y                             -       A->Y    R     INVx1_ASAP7_75t_R             2  0.8    15    12    1205    (-,-) 
  u_cbm/SUB_UNS_OP276_g577__8246/Y                       -       B->Y    F     NOR2xp33_ASAP7_75t_R          2  1.2    41    18    1222    (-,-) 
  u_cbm/SUB_UNS_OP276_g576/Y                             -       A->Y    R     INVx1_ASAP7_75t_R             2  0.8    14    12    1234    (-,-) 
  u_cbm/SUB_UNS_OP276_g574__1705/Y                       -       B->Y    F     NOR2xp33_ASAP7_75t_R          2  1.2    45    17    1252    (-,-) 
  u_cbm/SUB_UNS_OP276_g573/Y                             -       A->Y    R     INVx1_ASAP7_75t_R             2  1.0    16    14    1265    (-,-) 
  u_cbm/SUB_UNS_OP276_g571__1617/Y                       -       B->Y    F     NOR2xp33_ASAP7_75t_R          2  1.3    42    19    1284    (-,-) 
  u_cbm/SUB_UNS_OP276_g570/Y                             -       A->Y    R     INVx1_ASAP7_75t_R             2  1.0    16    13    1297    (-,-) 
  u_cbm/SUB_UNS_OP276_g568__6783/Y                       -       B->Y    F     NOR2xp33_ASAP7_75t_R          2  1.3    48    19    1316    (-,-) 
  u_cbm/SUB_UNS_OP276_g567/Y                             -       A->Y    R     INVx1_ASAP7_75t_R             2  1.0    17    14    1330    (-,-) 
  u_cbm/SUB_UNS_OP276_g565__8428/Y                       -       B->Y    F     NOR2xp33_ASAP7_75t_R          2  1.3    44    19    1349    (-,-) 
  u_cbm/SUB_UNS_OP276_g564/Y                             -       A->Y    R     INVx1_ASAP7_75t_R             2  1.0    16    14    1363    (-,-) 
  u_cbm/SUB_UNS_OP276_g562__6260/Y                       -       B->Y    F     NOR2xp33_ASAP7_75t_R          2  1.3    47    19    1382    (-,-) 
  u_cbm/SUB_UNS_OP276_g561/Y                             -       A->Y    R     INVx1_ASAP7_75t_R             2  1.0    17    14    1395    (-,-) 
  u_cbm/SUB_UNS_OP276_g559__2398/Y                       -       B->Y    F     NOR2xp33_ASAP7_75t_R          2  1.3    43    19    1414    (-,-) 
  u_cbm/SUB_UNS_OP276_g558/Y                             -       A->Y    R     INVx1_ASAP7_75t_R             2  1.0    16    13    1428    (-,-) 
  u_cbm/SUB_UNS_OP276_g556__6417/Y                       -       B->Y    F     NOR2xp33_ASAP7_75t_R          2  1.3    48    19    1446    (-,-) 
  u_cbm/SUB_UNS_OP276_g555/Y                             -       A->Y    R     INVx1_ASAP7_75t_R             2  1.0    17    14    1460    (-,-) 
  u_cbm/SUB_UNS_OP276_g553__1666/Y                       -       B->Y    F     NOR2xp33_ASAP7_75t_R          2  1.3    42    19    1479    (-,-) 
  u_cbm/SUB_UNS_OP276_g552/Y                             -       A->Y    R     INVx1_ASAP7_75t_R             2  1.0    16    13    1493    (-,-) 
  u_cbm/SUB_UNS_OP276_g550__2883/Y                       -       B->Y    F     NOR2xp33_ASAP7_75t_R          2  1.3    48    19    1511    (-,-) 
  u_cbm/SUB_UNS_OP276_g549/Y                             -       A->Y    R     INVx1_ASAP7_75t_R             2  1.0    17    14    1525    (-,-) 
  u_cbm/SUB_UNS_OP276_g547__9315/Y                       -       B->Y    F     NOR2xp33_ASAP7_75t_R          2  1.3    45    19    1544    (-,-) 
  u_cbm/SUB_UNS_OP276_g546/Y                             -       A->Y    R     INVx1_ASAP7_75t_R             2  1.0    16    14    1558    (-,-) 
  u_cbm/SUB_UNS_OP276_g544__4733/Y                       -       B->Y    F     NOR2xp33_ASAP7_75t_R          2  1.3    48    19    1577    (-,-) 
  u_cbm/SUB_UNS_OP276_g543/Y                             -       A->Y    R     INVx1_ASAP7_75t_R             2  1.0    17    14    1591    (-,-) 
  u_cbm/SUB_UNS_OP276_g541__5115/Y                       -       B->Y    F     NOR2xp33_ASAP7_75t_R          2  1.3    42    19    1610    (-,-) 
  u_cbm/SUB_UNS_OP276_g540/Y                             -       A->Y    R     INVx1_ASAP7_75t_R             2  1.0    16    13    1623    (-,-) 
  u_cbm/SUB_UNS_OP276_g538__6131/Y                       -       B->Y    F     NOR2xp33_ASAP7_75t_R          2  1.3    48    19    1642    (-,-) 
  u_cbm/SUB_UNS_OP276_g537/Y                             -       A->Y    R     INVx1_ASAP7_75t_R             2  1.0    17    14    1656    (-,-) 
  u_cbm/SUB_UNS_OP276_g535__8246/Y                       -       B->Y    F     NOR2xp33_ASAP7_75t_R          2  1.3    45    19    1675    (-,-) 
  u_cbm/SUB_UNS_OP276_g534/Y                             -       A->Y    R     INVx1_ASAP7_75t_R             2  1.0    16    14    1688    (-,-) 
  u_cbm/SUB_UNS_OP276_g532__1705/Y                       -       B->Y    F     NOR2xp33_ASAP7_75t_R          2  1.3    48    19    1707    (-,-) 
  u_cbm/SUB_UNS_OP276_g531/Y                             -       A->Y    R     INVx1_ASAP7_75t_R             2  1.0    17    14    1721    (-,-) 
  u_cbm/SUB_UNS_OP276_g529__1617/Y                       -       B->Y    F     NOR2xp33_ASAP7_75t_R          2  1.3    45    19    1740    (-,-) 
  u_cbm/SUB_UNS_OP276_g528/Y                             -       A->Y    R     INVx1_ASAP7_75t_R             2  1.0    16    14    1754    (-,-) 
  u_cbm/SUB_UNS_OP276_g526__6783/Y                       -       B->Y    F     NOR2xp33_ASAP7_75t_R          2  1.3    47    19    1772    (-,-) 
  u_cbm/SUB_UNS_OP276_g525/Y                             -       A->Y    R     INVx1_ASAP7_75t_R             2  0.8    15    13    1785    (-,-) 
  u_cbm/SUB_UNS_OP276_g523__8428/Y                       -       B->Y    F     NOR2xp33_ASAP7_75t_R          2  1.2    42    18    1803    (-,-) 
  u_cbm/SUB_UNS_OP276_g522/Y                             -       A->Y    R     INVx1_ASAP7_75t_R             2  1.0    16    13    1816    (-,-) 
  u_cbm/SUB_UNS_OP276_g520__6260/Y                       -       B->Y    F     NOR2xp33_ASAP7_75t_R          2  1.3    48    19    1835    (-,-) 
  u_cbm/SUB_UNS_OP276_g519/Y                             -       A->Y    R     INVx1_ASAP7_75t_R             2  0.8    16    13    1848    (-,-) 
  u_cbm/SUB_UNS_OP276_g517__2398/Y                       -       B->Y    F     NOR2xp33_ASAP7_75t_R          2  1.2    40    18    1866    (-,-) 
  u_cbm/SUB_UNS_OP276_g516/Y                             -       A->Y    R     INVx1_ASAP7_75t_R             2  1.0    16    13    1879    (-,-) 
  u_cbm/SUB_UNS_OP276_g514__6417/Y                       -       B->Y    F     NOR2xp33_ASAP7_75t_R          2  1.3    48    19    1897    (-,-) 
  u_cbm/SUB_UNS_OP276_g513/Y                             -       A->Y    R     INVx1_ASAP7_75t_R             2  1.0    17    14    1911    (-,-) 
  u_cbm/SUB_UNS_OP276_g511__1666/Y                       -       B->Y    F     NOR2xp33_ASAP7_75t_R          2  1.3    44    19    1930    (-,-) 
  u_cbm/SUB_UNS_OP276_g510/Y                             -       A->Y    R     INVx1_ASAP7_75t_R             2  1.0    16    14    1944    (-,-) 
  u_cbm/SUB_UNS_OP276_g508__2883/Y                       -       B->Y    F     NOR2xp33_ASAP7_75t_R          2  1.3    48    19    1963    (-,-) 
  u_cbm/SUB_UNS_OP276_g506__9945/Y                       -       B->Y    R     AOI21xp5_ASAP7_75t_R          1  0.5    25    17    1979    (-,-) 
  u_cbm/g9416__9315/Y                                    -       B2->Y   R     AO22x1_ASAP7_75t_R            5  3.6    27    29    2008    (-,-) 
  u_cbm/csa_tree_SUB_TC_OP109_groupi_g1946/Y             -       A->Y    F     INVxp67_ASAP7_75t_R           1  1.1    14    12    2020    (-,-) 
  u_cbm/csa_tree_SUB_TC_OP109_groupi_g1915__5107/Y       -       C->Y    R     MAJIxp5_ASAP7_75t_R           2  2.2    40    25    2045    (-,-) 
  u_cbm/g12611/SN                                        -       CI->SN  F     FAx1_ASAP7_75t_R              2  1.6    38    55    2099    (-,-) 
  u_cbm/csa_tree_SUB_TC_OP109_groupi_g1763__5122/Y       -       A->Y    R     MAJIxp5_ASAP7_75t_R           2  3.3    56    39    2138    (-,-) 
  u_cbm/g12608/SN                                        -       B->SN   R     FAx1_ASAP7_75t_R              2  1.0    44    45    2184    (-,-) 
  u_cbm/csa_tree_SUB_TC_OP109_groupi_g1751__6260/Y       -       A->Y    F     NAND2xp33_ASAP7_75t_R         2  1.2    26    20    2204    (-,-) 
  u_cbm/csa_tree_SUB_TC_OP109_groupi_g1749__2398/Y       -       A2->Y   F     AO21x1_ASAP7_75t_R            1  0.5     6    18    2222    (-,-) 
  u_cbm/csa_tree_SUB_TC_OP109_groupi_g1748__5477/Y       -       C->Y    R     OAI221xp5_ASAP7_75t_R         1  0.6    26     9    2230    (-,-) 
  u_cbm/csa_tree_SUB_TC_OP109_groupi_g1747__6417/Y       -       A->Y    F     MAJIxp5_ASAP7_75t_R           1  0.6    17    14    2245    (-,-) 
  u_cbm/csa_tree_SUB_TC_OP109_groupi_g1746__7410/Y       -       B->Y    F     OA21x2_ASAP7_75t_R            2  1.7     9    17    2261    (-,-) 
  u_cbm/g12432__8246/Y                                   -       B->Y    R     NOR2x1_ASAP7_75t_R           64 35.7   248   115    2376    (-,-) 
  u_cbm/g12263__6260/Y                                   -       B1->Y   F     AOI222xp33_ASAP7_75t_R        1  0.6    58    41    2418    (-,-) 
  u_cbm/multiplicand_q_reg[31]/D                         -       -       F     ASYNC_DFFHx1_ASAP7_75t_R      1    -     -     0    2418    (-,-) 
#------------------------------------------------------------------------------------------------------------------------------------------------



Path 8: MET (1997564 ps) Setup Check with Pin u_cbm/multiplicand_q_reg[30]/CLK->D
          Group: core_clock
     Startpoint: (R) u_frontend/u_decode/genblk1.u_fifo/rd_ptr_q_reg[0]/CLK
          Clock: (R) core_clock
       Endpoint: (F) u_cbm/multiplicand_q_reg[30]/D
          Clock: (R) core_clock

                      Capture       Launch     
        Clock Edge:+  2000000            0     
       Src Latency:+        0            0     
       Net Latency:+        0 (I)        0 (I) 
           Arrival:=  2000000            0     
                                               
             Setup:-       18                  
     Required Time:=  1999982                  
      Launch Clock:-        0                  
         Data Path:-     2418                  
             Slack:=  1997564                  

#------------------------------------------------------------------------------------------------------------------------------------------------
#                     Timing Point                       Flags    Arc    Edge           Cell            Fanout Load Trans Delay Arrival Instance 
#                                                                                                              (fF)  (ps)  (ps)   (ps)  Location 
#------------------------------------------------------------------------------------------------------------------------------------------------
  u_frontend/u_decode/genblk1.u_fifo/rd_ptr_q_reg[0]/CLK -       -       R     (arrival)                  5356    -     0     0       0    (-,-) 
  u_frontend/u_decode/genblk1.u_fifo/rd_ptr_q_reg[0]/QN  -       CLK->QN R     ASYNC_DFFHx1_ASAP7_75t_R      1  0.6    13    36      36    (-,-) 
  u_frontend/u_decode/genblk1.u_fifo/g2479/Y             -       A->Y    R     BUFx2_ASAP7_75t_R           102 51.6   156    82     118    (-,-) 
  u_frontend/u_decode/genblk1.u_fifo/g2891/Y             -       A->Y    F     INVx2_ASAP7_75t_R            97 48.2   144   106     224    (-,-) 
  u_frontend/u_decode/genblk1.u_fifo/g2804/Y             -       A2->Y   F     AO22x1_ASAP7_75t_R            3  2.0    17    40     264    (-,-) 
  u_issue/g28658/Y                                       -       B->Y    R     XNOR2xp5_ASAP7_75t_R          1  0.5    18    14     278    (-,-) 
  u_issue/g28644/Y                                       -       D->Y    F     NAND4xp25_ASAP7_75t_R         1  0.6    25    17     296    (-,-) 
  u_issue/g28641/Y                                       -       A->Y    R     NOR5xp2_ASAP7_75t_R           1  0.5    41    23     319    (-,-) 
  u_issue/g28640/Y                                       -       A->Y    F     NAND5xp2_ASAP7_75t_R          2  1.1    46    30     349    (-,-) 
  u_issue/g28639/Y                                       -       A->Y    F     OR5x1_ASAP7_75t_R             3  1.6    19    44     393    (-,-) 
  u_issue/g28638/Y                                       -       A->Y    F     OR2x2_ASAP7_75t_R            20 10.4    33    37     430    (-,-) 
  u_issue/g45300/Y                                       -       A->Y    R     INVx2_ASAP7_75t_R            99 56.3   169    87     517    (-,-) 
  u_issue/g28291/Y                                       -       B2->Y   R     AO22x1_ASAP7_75t_R           22 11.2    71    64     581    (-,-) 
  u_issue/g45298/Y                                       -       A->Y    F     INVx1_ASAP7_75t_R            17  9.2    58    44     624    (-,-) 
  u_issue/g44952/Y                                       -       A->Y    R     NAND2xp5_ASAP7_75t_R          4  2.1    37    32     656    (-,-) 
  u_issue/g44832/Y                                       -       A->Y    F     NOR3xp33_ASAP7_75t_R          2  0.8    28    15     671    (-,-) 
  u_issue/g44639/Y                                       -       A->Y    R     NOR2xp33_ASAP7_75t_R          3  1.7    40    27     698    (-,-) 
  u_issue/g44554/Y                                       -       A->Y    F     NAND3xp33_ASAP7_75t_R         4  2.9    55    36     734    (-,-) 
  u_issue/g44546/Y                                       -       A->Y    R     NOR3xp33_ASAP7_75t_R          3  1.9    55    38     772    (-,-) 
  u_issue/g44542/Y                                       -       A->Y    F     INVx1_ASAP7_75t_R             1  0.6    13    10     782    (-,-) 
  u_issue/g44512/Y                                       -       A->Y    R     NOR4xp25_ASAP7_75t_R         17  8.8   245   118     900    (-,-) 
  u_issue/drc_bufs45344/Y                                -       A->Y    F     INVx1_ASAP7_75t_R             1  0.7    32    15     915    (-,-) 
  u_issue/drc_bufs45343/Y                                -       A->Y    R     INVx1_ASAP7_75t_R            16  8.1    53    34     949    (-,-) 
  u_issue/g44217/Y                                       -       A1->Y   F     AOI222xp33_ASAP7_75t_R        1  0.6    62    20     969    (-,-) 
  u_issue/g44110/Y                                       -       B->Y    R     NAND2xp5_ASAP7_75t_R          1  0.5    20    18     987    (-,-) 
  u_issue/g44019/Y                                       -       C->Y    F     AOI221xp5_ASAP7_75t_R         1  0.6    36    12     999    (-,-) 
  u_issue/g43925/Y                                       -       B->Y    R     NAND2xp5_ASAP7_75t_R         18  9.2   102    58    1057    (-,-) 
  u_cbm/SUB_UNS_OP276_g589__9315/Y                       -       A->Y    F     NOR2xp33_ASAP7_75t_R          2  1.3    48    40    1097    (-,-) 
  u_cbm/SUB_UNS_OP276_g588/Y                             -       A->Y    R     INVx1_ASAP7_75t_R             2  1.0    17    14    1111    (-,-) 
  u_cbm/SUB_UNS_OP276_g586__4733/Y                       -       B->Y    F     NOR2xp33_ASAP7_75t_R          2  1.3    46    19    1130    (-,-) 
  u_cbm/SUB_UNS_OP276_g585/Y                             -       A->Y    R     INVx1_ASAP7_75t_R             2  1.0    17    14    1144    (-,-) 
  u_cbm/SUB_UNS_OP276_g583__5115/Y                       -       B->Y    F     NOR2xp33_ASAP7_75t_R          2  1.3    42    19    1162    (-,-) 
  u_cbm/SUB_UNS_OP276_g582/Y                             -       A->Y    R     INVx1_ASAP7_75t_R             2  0.8    15    12    1175    (-,-) 
  u_cbm/SUB_UNS_OP276_g580__6131/Y                       -       B->Y    F     NOR2xp33_ASAP7_75t_R          2  1.2    45    17    1192    (-,-) 
  u_cbm/SUB_UNS_OP276_g579/Y                             -       A->Y    R     INVx1_ASAP7_75t_R             2  0.8    15    12    1205    (-,-) 
  u_cbm/SUB_UNS_OP276_g577__8246/Y                       -       B->Y    F     NOR2xp33_ASAP7_75t_R          2  1.2    41    18    1222    (-,-) 
  u_cbm/SUB_UNS_OP276_g576/Y                             -       A->Y    R     INVx1_ASAP7_75t_R             2  0.8    14    12    1234    (-,-) 
  u_cbm/SUB_UNS_OP276_g574__1705/Y                       -       B->Y    F     NOR2xp33_ASAP7_75t_R          2  1.2    45    17    1252    (-,-) 
  u_cbm/SUB_UNS_OP276_g573/Y                             -       A->Y    R     INVx1_ASAP7_75t_R             2  1.0    16    14    1265    (-,-) 
  u_cbm/SUB_UNS_OP276_g571__1617/Y                       -       B->Y    F     NOR2xp33_ASAP7_75t_R          2  1.3    42    19    1284    (-,-) 
  u_cbm/SUB_UNS_OP276_g570/Y                             -       A->Y    R     INVx1_ASAP7_75t_R             2  1.0    16    13    1297    (-,-) 
  u_cbm/SUB_UNS_OP276_g568__6783/Y                       -       B->Y    F     NOR2xp33_ASAP7_75t_R          2  1.3    48    19    1316    (-,-) 
  u_cbm/SUB_UNS_OP276_g567/Y                             -       A->Y    R     INVx1_ASAP7_75t_R             2  1.0    17    14    1330    (-,-) 
  u_cbm/SUB_UNS_OP276_g565__8428/Y                       -       B->Y    F     NOR2xp33_ASAP7_75t_R          2  1.3    44    19    1349    (-,-) 
  u_cbm/SUB_UNS_OP276_g564/Y                             -       A->Y    R     INVx1_ASAP7_75t_R             2  1.0    16    14    1363    (-,-) 
  u_cbm/SUB_UNS_OP276_g562__6260/Y                       -       B->Y    F     NOR2xp33_ASAP7_75t_R          2  1.3    47    19    1382    (-,-) 
  u_cbm/SUB_UNS_OP276_g561/Y                             -       A->Y    R     INVx1_ASAP7_75t_R             2  1.0    17    14    1395    (-,-) 
  u_cbm/SUB_UNS_OP276_g559__2398/Y                       -       B->Y    F     NOR2xp33_ASAP7_75t_R          2  1.3    43    19    1414    (-,-) 
  u_cbm/SUB_UNS_OP276_g558/Y                             -       A->Y    R     INVx1_ASAP7_75t_R             2  1.0    16    13    1428    (-,-) 
  u_cbm/SUB_UNS_OP276_g556__6417/Y                       -       B->Y    F     NOR2xp33_ASAP7_75t_R          2  1.3    48    19    1446    (-,-) 
  u_cbm/SUB_UNS_OP276_g555/Y                             -       A->Y    R     INVx1_ASAP7_75t_R             2  1.0    17    14    1460    (-,-) 
  u_cbm/SUB_UNS_OP276_g553__1666/Y                       -       B->Y    F     NOR2xp33_ASAP7_75t_R          2  1.3    42    19    1479    (-,-) 
  u_cbm/SUB_UNS_OP276_g552/Y                             -       A->Y    R     INVx1_ASAP7_75t_R             2  1.0    16    13    1493    (-,-) 
  u_cbm/SUB_UNS_OP276_g550__2883/Y                       -       B->Y    F     NOR2xp33_ASAP7_75t_R          2  1.3    48    19    1511    (-,-) 
  u_cbm/SUB_UNS_OP276_g549/Y                             -       A->Y    R     INVx1_ASAP7_75t_R             2  1.0    17    14    1525    (-,-) 
  u_cbm/SUB_UNS_OP276_g547__9315/Y                       -       B->Y    F     NOR2xp33_ASAP7_75t_R          2  1.3    45    19    1544    (-,-) 
  u_cbm/SUB_UNS_OP276_g546/Y                             -       A->Y    R     INVx1_ASAP7_75t_R             2  1.0    16    14    1558    (-,-) 
  u_cbm/SUB_UNS_OP276_g544__4733/Y                       -       B->Y    F     NOR2xp33_ASAP7_75t_R          2  1.3    48    19    1577    (-,-) 
  u_cbm/SUB_UNS_OP276_g543/Y                             -       A->Y    R     INVx1_ASAP7_75t_R             2  1.0    17    14    1591    (-,-) 
  u_cbm/SUB_UNS_OP276_g541__5115/Y                       -       B->Y    F     NOR2xp33_ASAP7_75t_R          2  1.3    42    19    1610    (-,-) 
  u_cbm/SUB_UNS_OP276_g540/Y                             -       A->Y    R     INVx1_ASAP7_75t_R             2  1.0    16    13    1623    (-,-) 
  u_cbm/SUB_UNS_OP276_g538__6131/Y                       -       B->Y    F     NOR2xp33_ASAP7_75t_R          2  1.3    48    19    1642    (-,-) 
  u_cbm/SUB_UNS_OP276_g537/Y                             -       A->Y    R     INVx1_ASAP7_75t_R             2  1.0    17    14    1656    (-,-) 
  u_cbm/SUB_UNS_OP276_g535__8246/Y                       -       B->Y    F     NOR2xp33_ASAP7_75t_R          2  1.3    45    19    1675    (-,-) 
  u_cbm/SUB_UNS_OP276_g534/Y                             -       A->Y    R     INVx1_ASAP7_75t_R             2  1.0    16    14    1688    (-,-) 
  u_cbm/SUB_UNS_OP276_g532__1705/Y                       -       B->Y    F     NOR2xp33_ASAP7_75t_R          2  1.3    48    19    1707    (-,-) 
  u_cbm/SUB_UNS_OP276_g531/Y                             -       A->Y    R     INVx1_ASAP7_75t_R             2  1.0    17    14    1721    (-,-) 
  u_cbm/SUB_UNS_OP276_g529__1617/Y                       -       B->Y    F     NOR2xp33_ASAP7_75t_R          2  1.3    45    19    1740    (-,-) 
  u_cbm/SUB_UNS_OP276_g528/Y                             -       A->Y    R     INVx1_ASAP7_75t_R             2  1.0    16    14    1754    (-,-) 
  u_cbm/SUB_UNS_OP276_g526__6783/Y                       -       B->Y    F     NOR2xp33_ASAP7_75t_R          2  1.3    47    19    1772    (-,-) 
  u_cbm/SUB_UNS_OP276_g525/Y                             -       A->Y    R     INVx1_ASAP7_75t_R             2  0.8    15    13    1785    (-,-) 
  u_cbm/SUB_UNS_OP276_g523__8428/Y                       -       B->Y    F     NOR2xp33_ASAP7_75t_R          2  1.2    42    18    1803    (-,-) 
  u_cbm/SUB_UNS_OP276_g522/Y                             -       A->Y    R     INVx1_ASAP7_75t_R             2  1.0    16    13    1816    (-,-) 
  u_cbm/SUB_UNS_OP276_g520__6260/Y                       -       B->Y    F     NOR2xp33_ASAP7_75t_R          2  1.3    48    19    1835    (-,-) 
  u_cbm/SUB_UNS_OP276_g519/Y                             -       A->Y    R     INVx1_ASAP7_75t_R             2  0.8    16    13    1848    (-,-) 
  u_cbm/SUB_UNS_OP276_g517__2398/Y                       -       B->Y    F     NOR2xp33_ASAP7_75t_R          2  1.2    40    18    1866    (-,-) 
  u_cbm/SUB_UNS_OP276_g516/Y                             -       A->Y    R     INVx1_ASAP7_75t_R             2  1.0    16    13    1879    (-,-) 
  u_cbm/SUB_UNS_OP276_g514__6417/Y                       -       B->Y    F     NOR2xp33_ASAP7_75t_R          2  1.3    48    19    1897    (-,-) 
  u_cbm/SUB_UNS_OP276_g513/Y                             -       A->Y    R     INVx1_ASAP7_75t_R             2  1.0    17    14    1911    (-,-) 
  u_cbm/SUB_UNS_OP276_g511__1666/Y                       -       B->Y    F     NOR2xp33_ASAP7_75t_R          2  1.3    44    19    1930    (-,-) 
  u_cbm/SUB_UNS_OP276_g510/Y                             -       A->Y    R     INVx1_ASAP7_75t_R             2  1.0    16    14    1944    (-,-) 
  u_cbm/SUB_UNS_OP276_g508__2883/Y                       -       B->Y    F     NOR2xp33_ASAP7_75t_R          2  1.3    48    19    1963    (-,-) 
  u_cbm/SUB_UNS_OP276_g506__9945/Y                       -       B->Y    R     AOI21xp5_ASAP7_75t_R          1  0.5    25    17    1979    (-,-) 
  u_cbm/g9416__9315/Y                                    -       B2->Y   R     AO22x1_ASAP7_75t_R            5  3.6    27    29    2008    (-,-) 
  u_cbm/csa_tree_SUB_TC_OP109_groupi_g1946/Y             -       A->Y    F     INVxp67_ASAP7_75t_R           1  1.1    14    12    2020    (-,-) 
  u_cbm/csa_tree_SUB_TC_OP109_groupi_g1915__5107/Y       -       C->Y    R     MAJIxp5_ASAP7_75t_R           2  2.2    40    25    2045    (-,-) 
  u_cbm/g12611/SN                                        -       CI->SN  F     FAx1_ASAP7_75t_R              2  1.6    38    55    2099    (-,-) 
  u_cbm/csa_tree_SUB_TC_OP109_groupi_g1763__5122/Y       -       A->Y    R     MAJIxp5_ASAP7_75t_R           2  3.3    56    39    2138    (-,-) 
  u_cbm/g12608/SN                                        -       B->SN   R     FAx1_ASAP7_75t_R              2  1.0    44    45    2184    (-,-) 
  u_cbm/csa_tree_SUB_TC_OP109_groupi_g1751__6260/Y       -       A->Y    F     NAND2xp33_ASAP7_75t_R         2  1.2    26    20    2204    (-,-) 
  u_cbm/csa_tree_SUB_TC_OP109_groupi_g1749__2398/Y       -       A2->Y   F     AO21x1_ASAP7_75t_R            1  0.5     6    18    2222    (-,-) 
  u_cbm/csa_tree_SUB_TC_OP109_groupi_g1748__5477/Y       -       C->Y    R     OAI221xp5_ASAP7_75t_R         1  0.6    26     9    2230    (-,-) 
  u_cbm/csa_tree_SUB_TC_OP109_groupi_g1747__6417/Y       -       A->Y    F     MAJIxp5_ASAP7_75t_R           1  0.6    17    14    2245    (-,-) 
  u_cbm/csa_tree_SUB_TC_OP109_groupi_g1746__7410/Y       -       B->Y    F     OA21x2_ASAP7_75t_R            2  1.7     9    17    2261    (-,-) 
  u_cbm/g12432__8246/Y                                   -       B->Y    R     NOR2x1_ASAP7_75t_R           64 35.7   248   115    2376    (-,-) 
  u_cbm/g12261__2398/Y                                   -       B1->Y   F     AOI222xp33_ASAP7_75t_R        1  0.6    58    41    2418    (-,-) 
  u_cbm/multiplicand_q_reg[30]/D                         -       -       F     ASYNC_DFFHx1_ASAP7_75t_R      1    -     -     0    2418    (-,-) 
#------------------------------------------------------------------------------------------------------------------------------------------------



Path 9: MET (1997564 ps) Setup Check with Pin u_cbm/multiplicand_q_reg[29]/CLK->D
          Group: core_clock
     Startpoint: (R) u_frontend/u_decode/genblk1.u_fifo/rd_ptr_q_reg[0]/CLK
          Clock: (R) core_clock
       Endpoint: (F) u_cbm/multiplicand_q_reg[29]/D
          Clock: (R) core_clock

                      Capture       Launch     
        Clock Edge:+  2000000            0     
       Src Latency:+        0            0     
       Net Latency:+        0 (I)        0 (I) 
           Arrival:=  2000000            0     
                                               
             Setup:-       18                  
     Required Time:=  1999982                  
      Launch Clock:-        0                  
         Data Path:-     2418                  
             Slack:=  1997564                  

#------------------------------------------------------------------------------------------------------------------------------------------------
#                     Timing Point                       Flags    Arc    Edge           Cell            Fanout Load Trans Delay Arrival Instance 
#                                                                                                              (fF)  (ps)  (ps)   (ps)  Location 
#------------------------------------------------------------------------------------------------------------------------------------------------
  u_frontend/u_decode/genblk1.u_fifo/rd_ptr_q_reg[0]/CLK -       -       R     (arrival)                  5356    -     0     0       0    (-,-) 
  u_frontend/u_decode/genblk1.u_fifo/rd_ptr_q_reg[0]/QN  -       CLK->QN R     ASYNC_DFFHx1_ASAP7_75t_R      1  0.6    13    36      36    (-,-) 
  u_frontend/u_decode/genblk1.u_fifo/g2479/Y             -       A->Y    R     BUFx2_ASAP7_75t_R           102 51.6   156    82     118    (-,-) 
  u_frontend/u_decode/genblk1.u_fifo/g2891/Y             -       A->Y    F     INVx2_ASAP7_75t_R            97 48.2   144   106     224    (-,-) 
  u_frontend/u_decode/genblk1.u_fifo/g2804/Y             -       A2->Y   F     AO22x1_ASAP7_75t_R            3  2.0    17    40     264    (-,-) 
  u_issue/g28658/Y                                       -       B->Y    R     XNOR2xp5_ASAP7_75t_R          1  0.5    18    14     278    (-,-) 
  u_issue/g28644/Y                                       -       D->Y    F     NAND4xp25_ASAP7_75t_R         1  0.6    25    17     296    (-,-) 
  u_issue/g28641/Y                                       -       A->Y    R     NOR5xp2_ASAP7_75t_R           1  0.5    41    23     319    (-,-) 
  u_issue/g28640/Y                                       -       A->Y    F     NAND5xp2_ASAP7_75t_R          2  1.1    46    30     349    (-,-) 
  u_issue/g28639/Y                                       -       A->Y    F     OR5x1_ASAP7_75t_R             3  1.6    19    44     393    (-,-) 
  u_issue/g28638/Y                                       -       A->Y    F     OR2x2_ASAP7_75t_R            20 10.4    33    37     430    (-,-) 
  u_issue/g45300/Y                                       -       A->Y    R     INVx2_ASAP7_75t_R            99 56.3   169    87     517    (-,-) 
  u_issue/g28291/Y                                       -       B2->Y   R     AO22x1_ASAP7_75t_R           22 11.2    71    64     581    (-,-) 
  u_issue/g45298/Y                                       -       A->Y    F     INVx1_ASAP7_75t_R            17  9.2    58    44     624    (-,-) 
  u_issue/g44952/Y                                       -       A->Y    R     NAND2xp5_ASAP7_75t_R          4  2.1    37    32     656    (-,-) 
  u_issue/g44832/Y                                       -       A->Y    F     NOR3xp33_ASAP7_75t_R          2  0.8    28    15     671    (-,-) 
  u_issue/g44639/Y                                       -       A->Y    R     NOR2xp33_ASAP7_75t_R          3  1.7    40    27     698    (-,-) 
  u_issue/g44554/Y                                       -       A->Y    F     NAND3xp33_ASAP7_75t_R         4  2.9    55    36     734    (-,-) 
  u_issue/g44546/Y                                       -       A->Y    R     NOR3xp33_ASAP7_75t_R          3  1.9    55    38     772    (-,-) 
  u_issue/g44542/Y                                       -       A->Y    F     INVx1_ASAP7_75t_R             1  0.6    13    10     782    (-,-) 
  u_issue/g44512/Y                                       -       A->Y    R     NOR4xp25_ASAP7_75t_R         17  8.8   245   118     900    (-,-) 
  u_issue/drc_bufs45344/Y                                -       A->Y    F     INVx1_ASAP7_75t_R             1  0.7    32    15     915    (-,-) 
  u_issue/drc_bufs45343/Y                                -       A->Y    R     INVx1_ASAP7_75t_R            16  8.1    53    34     949    (-,-) 
  u_issue/g44217/Y                                       -       A1->Y   F     AOI222xp33_ASAP7_75t_R        1  0.6    62    20     969    (-,-) 
  u_issue/g44110/Y                                       -       B->Y    R     NAND2xp5_ASAP7_75t_R          1  0.5    20    18     987    (-,-) 
  u_issue/g44019/Y                                       -       C->Y    F     AOI221xp5_ASAP7_75t_R         1  0.6    36    12     999    (-,-) 
  u_issue/g43925/Y                                       -       B->Y    R     NAND2xp5_ASAP7_75t_R         18  9.2   102    58    1057    (-,-) 
  u_cbm/SUB_UNS_OP276_g589__9315/Y                       -       A->Y    F     NOR2xp33_ASAP7_75t_R          2  1.3    48    40    1097    (-,-) 
  u_cbm/SUB_UNS_OP276_g588/Y                             -       A->Y    R     INVx1_ASAP7_75t_R             2  1.0    17    14    1111    (-,-) 
  u_cbm/SUB_UNS_OP276_g586__4733/Y                       -       B->Y    F     NOR2xp33_ASAP7_75t_R          2  1.3    46    19    1130    (-,-) 
  u_cbm/SUB_UNS_OP276_g585/Y                             -       A->Y    R     INVx1_ASAP7_75t_R             2  1.0    17    14    1144    (-,-) 
  u_cbm/SUB_UNS_OP276_g583__5115/Y                       -       B->Y    F     NOR2xp33_ASAP7_75t_R          2  1.3    42    19    1162    (-,-) 
  u_cbm/SUB_UNS_OP276_g582/Y                             -       A->Y    R     INVx1_ASAP7_75t_R             2  0.8    15    12    1175    (-,-) 
  u_cbm/SUB_UNS_OP276_g580__6131/Y                       -       B->Y    F     NOR2xp33_ASAP7_75t_R          2  1.2    45    17    1192    (-,-) 
  u_cbm/SUB_UNS_OP276_g579/Y                             -       A->Y    R     INVx1_ASAP7_75t_R             2  0.8    15    12    1205    (-,-) 
  u_cbm/SUB_UNS_OP276_g577__8246/Y                       -       B->Y    F     NOR2xp33_ASAP7_75t_R          2  1.2    41    18    1222    (-,-) 
  u_cbm/SUB_UNS_OP276_g576/Y                             -       A->Y    R     INVx1_ASAP7_75t_R             2  0.8    14    12    1234    (-,-) 
  u_cbm/SUB_UNS_OP276_g574__1705/Y                       -       B->Y    F     NOR2xp33_ASAP7_75t_R          2  1.2    45    17    1252    (-,-) 
  u_cbm/SUB_UNS_OP276_g573/Y                             -       A->Y    R     INVx1_ASAP7_75t_R             2  1.0    16    14    1265    (-,-) 
  u_cbm/SUB_UNS_OP276_g571__1617/Y                       -       B->Y    F     NOR2xp33_ASAP7_75t_R          2  1.3    42    19    1284    (-,-) 
  u_cbm/SUB_UNS_OP276_g570/Y                             -       A->Y    R     INVx1_ASAP7_75t_R             2  1.0    16    13    1297    (-,-) 
  u_cbm/SUB_UNS_OP276_g568__6783/Y                       -       B->Y    F     NOR2xp33_ASAP7_75t_R          2  1.3    48    19    1316    (-,-) 
  u_cbm/SUB_UNS_OP276_g567/Y                             -       A->Y    R     INVx1_ASAP7_75t_R             2  1.0    17    14    1330    (-,-) 
  u_cbm/SUB_UNS_OP276_g565__8428/Y                       -       B->Y    F     NOR2xp33_ASAP7_75t_R          2  1.3    44    19    1349    (-,-) 
  u_cbm/SUB_UNS_OP276_g564/Y                             -       A->Y    R     INVx1_ASAP7_75t_R             2  1.0    16    14    1363    (-,-) 
  u_cbm/SUB_UNS_OP276_g562__6260/Y                       -       B->Y    F     NOR2xp33_ASAP7_75t_R          2  1.3    47    19    1382    (-,-) 
  u_cbm/SUB_UNS_OP276_g561/Y                             -       A->Y    R     INVx1_ASAP7_75t_R             2  1.0    17    14    1395    (-,-) 
  u_cbm/SUB_UNS_OP276_g559__2398/Y                       -       B->Y    F     NOR2xp33_ASAP7_75t_R          2  1.3    43    19    1414    (-,-) 
  u_cbm/SUB_UNS_OP276_g558/Y                             -       A->Y    R     INVx1_ASAP7_75t_R             2  1.0    16    13    1428    (-,-) 
  u_cbm/SUB_UNS_OP276_g556__6417/Y                       -       B->Y    F     NOR2xp33_ASAP7_75t_R          2  1.3    48    19    1446    (-,-) 
  u_cbm/SUB_UNS_OP276_g555/Y                             -       A->Y    R     INVx1_ASAP7_75t_R             2  1.0    17    14    1460    (-,-) 
  u_cbm/SUB_UNS_OP276_g553__1666/Y                       -       B->Y    F     NOR2xp33_ASAP7_75t_R          2  1.3    42    19    1479    (-,-) 
  u_cbm/SUB_UNS_OP276_g552/Y                             -       A->Y    R     INVx1_ASAP7_75t_R             2  1.0    16    13    1493    (-,-) 
  u_cbm/SUB_UNS_OP276_g550__2883/Y                       -       B->Y    F     NOR2xp33_ASAP7_75t_R          2  1.3    48    19    1511    (-,-) 
  u_cbm/SUB_UNS_OP276_g549/Y                             -       A->Y    R     INVx1_ASAP7_75t_R             2  1.0    17    14    1525    (-,-) 
  u_cbm/SUB_UNS_OP276_g547__9315/Y                       -       B->Y    F     NOR2xp33_ASAP7_75t_R          2  1.3    45    19    1544    (-,-) 
  u_cbm/SUB_UNS_OP276_g546/Y                             -       A->Y    R     INVx1_ASAP7_75t_R             2  1.0    16    14    1558    (-,-) 
  u_cbm/SUB_UNS_OP276_g544__4733/Y                       -       B->Y    F     NOR2xp33_ASAP7_75t_R          2  1.3    48    19    1577    (-,-) 
  u_cbm/SUB_UNS_OP276_g543/Y                             -       A->Y    R     INVx1_ASAP7_75t_R             2  1.0    17    14    1591    (-,-) 
  u_cbm/SUB_UNS_OP276_g541__5115/Y                       -       B->Y    F     NOR2xp33_ASAP7_75t_R          2  1.3    42    19    1610    (-,-) 
  u_cbm/SUB_UNS_OP276_g540/Y                             -       A->Y    R     INVx1_ASAP7_75t_R             2  1.0    16    13    1623    (-,-) 
  u_cbm/SUB_UNS_OP276_g538__6131/Y                       -       B->Y    F     NOR2xp33_ASAP7_75t_R          2  1.3    48    19    1642    (-,-) 
  u_cbm/SUB_UNS_OP276_g537/Y                             -       A->Y    R     INVx1_ASAP7_75t_R             2  1.0    17    14    1656    (-,-) 
  u_cbm/SUB_UNS_OP276_g535__8246/Y                       -       B->Y    F     NOR2xp33_ASAP7_75t_R          2  1.3    45    19    1675    (-,-) 
  u_cbm/SUB_UNS_OP276_g534/Y                             -       A->Y    R     INVx1_ASAP7_75t_R             2  1.0    16    14    1688    (-,-) 
  u_cbm/SUB_UNS_OP276_g532__1705/Y                       -       B->Y    F     NOR2xp33_ASAP7_75t_R          2  1.3    48    19    1707    (-,-) 
  u_cbm/SUB_UNS_OP276_g531/Y                             -       A->Y    R     INVx1_ASAP7_75t_R             2  1.0    17    14    1721    (-,-) 
  u_cbm/SUB_UNS_OP276_g529__1617/Y                       -       B->Y    F     NOR2xp33_ASAP7_75t_R          2  1.3    45    19    1740    (-,-) 
  u_cbm/SUB_UNS_OP276_g528/Y                             -       A->Y    R     INVx1_ASAP7_75t_R             2  1.0    16    14    1754    (-,-) 
  u_cbm/SUB_UNS_OP276_g526__6783/Y                       -       B->Y    F     NOR2xp33_ASAP7_75t_R          2  1.3    47    19    1772    (-,-) 
  u_cbm/SUB_UNS_OP276_g525/Y                             -       A->Y    R     INVx1_ASAP7_75t_R             2  0.8    15    13    1785    (-,-) 
  u_cbm/SUB_UNS_OP276_g523__8428/Y                       -       B->Y    F     NOR2xp33_ASAP7_75t_R          2  1.2    42    18    1803    (-,-) 
  u_cbm/SUB_UNS_OP276_g522/Y                             -       A->Y    R     INVx1_ASAP7_75t_R             2  1.0    16    13    1816    (-,-) 
  u_cbm/SUB_UNS_OP276_g520__6260/Y                       -       B->Y    F     NOR2xp33_ASAP7_75t_R          2  1.3    48    19    1835    (-,-) 
  u_cbm/SUB_UNS_OP276_g519/Y                             -       A->Y    R     INVx1_ASAP7_75t_R             2  0.8    16    13    1848    (-,-) 
  u_cbm/SUB_UNS_OP276_g517__2398/Y                       -       B->Y    F     NOR2xp33_ASAP7_75t_R          2  1.2    40    18    1866    (-,-) 
  u_cbm/SUB_UNS_OP276_g516/Y                             -       A->Y    R     INVx1_ASAP7_75t_R             2  1.0    16    13    1879    (-,-) 
  u_cbm/SUB_UNS_OP276_g514__6417/Y                       -       B->Y    F     NOR2xp33_ASAP7_75t_R          2  1.3    48    19    1897    (-,-) 
  u_cbm/SUB_UNS_OP276_g513/Y                             -       A->Y    R     INVx1_ASAP7_75t_R             2  1.0    17    14    1911    (-,-) 
  u_cbm/SUB_UNS_OP276_g511__1666/Y                       -       B->Y    F     NOR2xp33_ASAP7_75t_R          2  1.3    44    19    1930    (-,-) 
  u_cbm/SUB_UNS_OP276_g510/Y                             -       A->Y    R     INVx1_ASAP7_75t_R             2  1.0    16    14    1944    (-,-) 
  u_cbm/SUB_UNS_OP276_g508__2883/Y                       -       B->Y    F     NOR2xp33_ASAP7_75t_R          2  1.3    48    19    1963    (-,-) 
  u_cbm/SUB_UNS_OP276_g506__9945/Y                       -       B->Y    R     AOI21xp5_ASAP7_75t_R          1  0.5    25    17    1979    (-,-) 
  u_cbm/g9416__9315/Y                                    -       B2->Y   R     AO22x1_ASAP7_75t_R            5  3.6    27    29    2008    (-,-) 
  u_cbm/csa_tree_SUB_TC_OP109_groupi_g1946/Y             -       A->Y    F     INVxp67_ASAP7_75t_R           1  1.1    14    12    2020    (-,-) 
  u_cbm/csa_tree_SUB_TC_OP109_groupi_g1915__5107/Y       -       C->Y    R     MAJIxp5_ASAP7_75t_R           2  2.2    40    25    2045    (-,-) 
  u_cbm/g12611/SN                                        -       CI->SN  F     FAx1_ASAP7_75t_R              2  1.6    38    55    2099    (-,-) 
  u_cbm/csa_tree_SUB_TC_OP109_groupi_g1763__5122/Y       -       A->Y    R     MAJIxp5_ASAP7_75t_R           2  3.3    56    39    2138    (-,-) 
  u_cbm/g12608/SN                                        -       B->SN   R     FAx1_ASAP7_75t_R              2  1.0    44    45    2184    (-,-) 
  u_cbm/csa_tree_SUB_TC_OP109_groupi_g1751__6260/Y       -       A->Y    F     NAND2xp33_ASAP7_75t_R         2  1.2    26    20    2204    (-,-) 
  u_cbm/csa_tree_SUB_TC_OP109_groupi_g1749__2398/Y       -       A2->Y   F     AO21x1_ASAP7_75t_R            1  0.5     6    18    2222    (-,-) 
  u_cbm/csa_tree_SUB_TC_OP109_groupi_g1748__5477/Y       -       C->Y    R     OAI221xp5_ASAP7_75t_R         1  0.6    26     9    2230    (-,-) 
  u_cbm/csa_tree_SUB_TC_OP109_groupi_g1747__6417/Y       -       A->Y    F     MAJIxp5_ASAP7_75t_R           1  0.6    17    14    2245    (-,-) 
  u_cbm/csa_tree_SUB_TC_OP109_groupi_g1746__7410/Y       -       B->Y    F     OA21x2_ASAP7_75t_R            2  1.7     9    17    2261    (-,-) 
  u_cbm/g12432__8246/Y                                   -       B->Y    R     NOR2x1_ASAP7_75t_R           64 35.7   248   115    2376    (-,-) 
  u_cbm/g12262__5107/Y                                   -       B1->Y   F     AOI222xp33_ASAP7_75t_R        1  0.6    58    41    2418    (-,-) 
  u_cbm/multiplicand_q_reg[29]/D                         -       -       F     ASYNC_DFFHx1_ASAP7_75t_R      1    -     -     0    2418    (-,-) 
#------------------------------------------------------------------------------------------------------------------------------------------------



Path 10: MET (1997564 ps) Setup Check with Pin u_cbm/multiplicand_q_reg[27]/CLK->D
          Group: core_clock
     Startpoint: (R) u_frontend/u_decode/genblk1.u_fifo/rd_ptr_q_reg[0]/CLK
          Clock: (R) core_clock
       Endpoint: (F) u_cbm/multiplicand_q_reg[27]/D
          Clock: (R) core_clock

                      Capture       Launch     
        Clock Edge:+  2000000            0     
       Src Latency:+        0            0     
       Net Latency:+        0 (I)        0 (I) 
           Arrival:=  2000000            0     
                                               
             Setup:-       18                  
     Required Time:=  1999982                  
      Launch Clock:-        0                  
         Data Path:-     2418                  
             Slack:=  1997564                  

#------------------------------------------------------------------------------------------------------------------------------------------------
#                     Timing Point                       Flags    Arc    Edge           Cell            Fanout Load Trans Delay Arrival Instance 
#                                                                                                              (fF)  (ps)  (ps)   (ps)  Location 
#------------------------------------------------------------------------------------------------------------------------------------------------
  u_frontend/u_decode/genblk1.u_fifo/rd_ptr_q_reg[0]/CLK -       -       R     (arrival)                  5356    -     0     0       0    (-,-) 
  u_frontend/u_decode/genblk1.u_fifo/rd_ptr_q_reg[0]/QN  -       CLK->QN R     ASYNC_DFFHx1_ASAP7_75t_R      1  0.6    13    36      36    (-,-) 
  u_frontend/u_decode/genblk1.u_fifo/g2479/Y             -       A->Y    R     BUFx2_ASAP7_75t_R           102 51.6   156    82     118    (-,-) 
  u_frontend/u_decode/genblk1.u_fifo/g2891/Y             -       A->Y    F     INVx2_ASAP7_75t_R            97 48.2   144   106     224    (-,-) 
  u_frontend/u_decode/genblk1.u_fifo/g2804/Y             -       A2->Y   F     AO22x1_ASAP7_75t_R            3  2.0    17    40     264    (-,-) 
  u_issue/g28658/Y                                       -       B->Y    R     XNOR2xp5_ASAP7_75t_R          1  0.5    18    14     278    (-,-) 
  u_issue/g28644/Y                                       -       D->Y    F     NAND4xp25_ASAP7_75t_R         1  0.6    25    17     296    (-,-) 
  u_issue/g28641/Y                                       -       A->Y    R     NOR5xp2_ASAP7_75t_R           1  0.5    41    23     319    (-,-) 
  u_issue/g28640/Y                                       -       A->Y    F     NAND5xp2_ASAP7_75t_R          2  1.1    46    30     349    (-,-) 
  u_issue/g28639/Y                                       -       A->Y    F     OR5x1_ASAP7_75t_R             3  1.6    19    44     393    (-,-) 
  u_issue/g28638/Y                                       -       A->Y    F     OR2x2_ASAP7_75t_R            20 10.4    33    37     430    (-,-) 
  u_issue/g45300/Y                                       -       A->Y    R     INVx2_ASAP7_75t_R            99 56.3   169    87     517    (-,-) 
  u_issue/g28291/Y                                       -       B2->Y   R     AO22x1_ASAP7_75t_R           22 11.2    71    64     581    (-,-) 
  u_issue/g45298/Y                                       -       A->Y    F     INVx1_ASAP7_75t_R            17  9.2    58    44     624    (-,-) 
  u_issue/g44952/Y                                       -       A->Y    R     NAND2xp5_ASAP7_75t_R          4  2.1    37    32     656    (-,-) 
  u_issue/g44832/Y                                       -       A->Y    F     NOR3xp33_ASAP7_75t_R          2  0.8    28    15     671    (-,-) 
  u_issue/g44639/Y                                       -       A->Y    R     NOR2xp33_ASAP7_75t_R          3  1.7    40    27     698    (-,-) 
  u_issue/g44554/Y                                       -       A->Y    F     NAND3xp33_ASAP7_75t_R         4  2.9    55    36     734    (-,-) 
  u_issue/g44546/Y                                       -       A->Y    R     NOR3xp33_ASAP7_75t_R          3  1.9    55    38     772    (-,-) 
  u_issue/g44542/Y                                       -       A->Y    F     INVx1_ASAP7_75t_R             1  0.6    13    10     782    (-,-) 
  u_issue/g44512/Y                                       -       A->Y    R     NOR4xp25_ASAP7_75t_R         17  8.8   245   118     900    (-,-) 
  u_issue/drc_bufs45344/Y                                -       A->Y    F     INVx1_ASAP7_75t_R             1  0.7    32    15     915    (-,-) 
  u_issue/drc_bufs45343/Y                                -       A->Y    R     INVx1_ASAP7_75t_R            16  8.1    53    34     949    (-,-) 
  u_issue/g44217/Y                                       -       A1->Y   F     AOI222xp33_ASAP7_75t_R        1  0.6    62    20     969    (-,-) 
  u_issue/g44110/Y                                       -       B->Y    R     NAND2xp5_ASAP7_75t_R          1  0.5    20    18     987    (-,-) 
  u_issue/g44019/Y                                       -       C->Y    F     AOI221xp5_ASAP7_75t_R         1  0.6    36    12     999    (-,-) 
  u_issue/g43925/Y                                       -       B->Y    R     NAND2xp5_ASAP7_75t_R         18  9.2   102    58    1057    (-,-) 
  u_cbm/SUB_UNS_OP276_g589__9315/Y                       -       A->Y    F     NOR2xp33_ASAP7_75t_R          2  1.3    48    40    1097    (-,-) 
  u_cbm/SUB_UNS_OP276_g588/Y                             -       A->Y    R     INVx1_ASAP7_75t_R             2  1.0    17    14    1111    (-,-) 
  u_cbm/SUB_UNS_OP276_g586__4733/Y                       -       B->Y    F     NOR2xp33_ASAP7_75t_R          2  1.3    46    19    1130    (-,-) 
  u_cbm/SUB_UNS_OP276_g585/Y                             -       A->Y    R     INVx1_ASAP7_75t_R             2  1.0    17    14    1144    (-,-) 
  u_cbm/SUB_UNS_OP276_g583__5115/Y                       -       B->Y    F     NOR2xp33_ASAP7_75t_R          2  1.3    42    19    1162    (-,-) 
  u_cbm/SUB_UNS_OP276_g582/Y                             -       A->Y    R     INVx1_ASAP7_75t_R             2  0.8    15    12    1175    (-,-) 
  u_cbm/SUB_UNS_OP276_g580__6131/Y                       -       B->Y    F     NOR2xp33_ASAP7_75t_R          2  1.2    45    17    1192    (-,-) 
  u_cbm/SUB_UNS_OP276_g579/Y                             -       A->Y    R     INVx1_ASAP7_75t_R             2  0.8    15    12    1205    (-,-) 
  u_cbm/SUB_UNS_OP276_g577__8246/Y                       -       B->Y    F     NOR2xp33_ASAP7_75t_R          2  1.2    41    18    1222    (-,-) 
  u_cbm/SUB_UNS_OP276_g576/Y                             -       A->Y    R     INVx1_ASAP7_75t_R             2  0.8    14    12    1234    (-,-) 
  u_cbm/SUB_UNS_OP276_g574__1705/Y                       -       B->Y    F     NOR2xp33_ASAP7_75t_R          2  1.2    45    17    1252    (-,-) 
  u_cbm/SUB_UNS_OP276_g573/Y                             -       A->Y    R     INVx1_ASAP7_75t_R             2  1.0    16    14    1265    (-,-) 
  u_cbm/SUB_UNS_OP276_g571__1617/Y                       -       B->Y    F     NOR2xp33_ASAP7_75t_R          2  1.3    42    19    1284    (-,-) 
  u_cbm/SUB_UNS_OP276_g570/Y                             -       A->Y    R     INVx1_ASAP7_75t_R             2  1.0    16    13    1297    (-,-) 
  u_cbm/SUB_UNS_OP276_g568__6783/Y                       -       B->Y    F     NOR2xp33_ASAP7_75t_R          2  1.3    48    19    1316    (-,-) 
  u_cbm/SUB_UNS_OP276_g567/Y                             -       A->Y    R     INVx1_ASAP7_75t_R             2  1.0    17    14    1330    (-,-) 
  u_cbm/SUB_UNS_OP276_g565__8428/Y                       -       B->Y    F     NOR2xp33_ASAP7_75t_R          2  1.3    44    19    1349    (-,-) 
  u_cbm/SUB_UNS_OP276_g564/Y                             -       A->Y    R     INVx1_ASAP7_75t_R             2  1.0    16    14    1363    (-,-) 
  u_cbm/SUB_UNS_OP276_g562__6260/Y                       -       B->Y    F     NOR2xp33_ASAP7_75t_R          2  1.3    47    19    1382    (-,-) 
  u_cbm/SUB_UNS_OP276_g561/Y                             -       A->Y    R     INVx1_ASAP7_75t_R             2  1.0    17    14    1395    (-,-) 
  u_cbm/SUB_UNS_OP276_g559__2398/Y                       -       B->Y    F     NOR2xp33_ASAP7_75t_R          2  1.3    43    19    1414    (-,-) 
  u_cbm/SUB_UNS_OP276_g558/Y                             -       A->Y    R     INVx1_ASAP7_75t_R             2  1.0    16    13    1428    (-,-) 
  u_cbm/SUB_UNS_OP276_g556__6417/Y                       -       B->Y    F     NOR2xp33_ASAP7_75t_R          2  1.3    48    19    1446    (-,-) 
  u_cbm/SUB_UNS_OP276_g555/Y                             -       A->Y    R     INVx1_ASAP7_75t_R             2  1.0    17    14    1460    (-,-) 
  u_cbm/SUB_UNS_OP276_g553__1666/Y                       -       B->Y    F     NOR2xp33_ASAP7_75t_R          2  1.3    42    19    1479    (-,-) 
  u_cbm/SUB_UNS_OP276_g552/Y                             -       A->Y    R     INVx1_ASAP7_75t_R             2  1.0    16    13    1493    (-,-) 
  u_cbm/SUB_UNS_OP276_g550__2883/Y                       -       B->Y    F     NOR2xp33_ASAP7_75t_R          2  1.3    48    19    1511    (-,-) 
  u_cbm/SUB_UNS_OP276_g549/Y                             -       A->Y    R     INVx1_ASAP7_75t_R             2  1.0    17    14    1525    (-,-) 
  u_cbm/SUB_UNS_OP276_g547__9315/Y                       -       B->Y    F     NOR2xp33_ASAP7_75t_R          2  1.3    45    19    1544    (-,-) 
  u_cbm/SUB_UNS_OP276_g546/Y                             -       A->Y    R     INVx1_ASAP7_75t_R             2  1.0    16    14    1558    (-,-) 
  u_cbm/SUB_UNS_OP276_g544__4733/Y                       -       B->Y    F     NOR2xp33_ASAP7_75t_R          2  1.3    48    19    1577    (-,-) 
  u_cbm/SUB_UNS_OP276_g543/Y                             -       A->Y    R     INVx1_ASAP7_75t_R             2  1.0    17    14    1591    (-,-) 
  u_cbm/SUB_UNS_OP276_g541__5115/Y                       -       B->Y    F     NOR2xp33_ASAP7_75t_R          2  1.3    42    19    1610    (-,-) 
  u_cbm/SUB_UNS_OP276_g540/Y                             -       A->Y    R     INVx1_ASAP7_75t_R             2  1.0    16    13    1623    (-,-) 
  u_cbm/SUB_UNS_OP276_g538__6131/Y                       -       B->Y    F     NOR2xp33_ASAP7_75t_R          2  1.3    48    19    1642    (-,-) 
  u_cbm/SUB_UNS_OP276_g537/Y                             -       A->Y    R     INVx1_ASAP7_75t_R             2  1.0    17    14    1656    (-,-) 
  u_cbm/SUB_UNS_OP276_g535__8246/Y                       -       B->Y    F     NOR2xp33_ASAP7_75t_R          2  1.3    45    19    1675    (-,-) 
  u_cbm/SUB_UNS_OP276_g534/Y                             -       A->Y    R     INVx1_ASAP7_75t_R             2  1.0    16    14    1688    (-,-) 
  u_cbm/SUB_UNS_OP276_g532__1705/Y                       -       B->Y    F     NOR2xp33_ASAP7_75t_R          2  1.3    48    19    1707    (-,-) 
  u_cbm/SUB_UNS_OP276_g531/Y                             -       A->Y    R     INVx1_ASAP7_75t_R             2  1.0    17    14    1721    (-,-) 
  u_cbm/SUB_UNS_OP276_g529__1617/Y                       -       B->Y    F     NOR2xp33_ASAP7_75t_R          2  1.3    45    19    1740    (-,-) 
  u_cbm/SUB_UNS_OP276_g528/Y                             -       A->Y    R     INVx1_ASAP7_75t_R             2  1.0    16    14    1754    (-,-) 
  u_cbm/SUB_UNS_OP276_g526__6783/Y                       -       B->Y    F     NOR2xp33_ASAP7_75t_R          2  1.3    47    19    1772    (-,-) 
  u_cbm/SUB_UNS_OP276_g525/Y                             -       A->Y    R     INVx1_ASAP7_75t_R             2  0.8    15    13    1785    (-,-) 
  u_cbm/SUB_UNS_OP276_g523__8428/Y                       -       B->Y    F     NOR2xp33_ASAP7_75t_R          2  1.2    42    18    1803    (-,-) 
  u_cbm/SUB_UNS_OP276_g522/Y                             -       A->Y    R     INVx1_ASAP7_75t_R             2  1.0    16    13    1816    (-,-) 
  u_cbm/SUB_UNS_OP276_g520__6260/Y                       -       B->Y    F     NOR2xp33_ASAP7_75t_R          2  1.3    48    19    1835    (-,-) 
  u_cbm/SUB_UNS_OP276_g519/Y                             -       A->Y    R     INVx1_ASAP7_75t_R             2  0.8    16    13    1848    (-,-) 
  u_cbm/SUB_UNS_OP276_g517__2398/Y                       -       B->Y    F     NOR2xp33_ASAP7_75t_R          2  1.2    40    18    1866    (-,-) 
  u_cbm/SUB_UNS_OP276_g516/Y                             -       A->Y    R     INVx1_ASAP7_75t_R             2  1.0    16    13    1879    (-,-) 
  u_cbm/SUB_UNS_OP276_g514__6417/Y                       -       B->Y    F     NOR2xp33_ASAP7_75t_R          2  1.3    48    19    1897    (-,-) 
  u_cbm/SUB_UNS_OP276_g513/Y                             -       A->Y    R     INVx1_ASAP7_75t_R             2  1.0    17    14    1911    (-,-) 
  u_cbm/SUB_UNS_OP276_g511__1666/Y                       -       B->Y    F     NOR2xp33_ASAP7_75t_R          2  1.3    44    19    1930    (-,-) 
  u_cbm/SUB_UNS_OP276_g510/Y                             -       A->Y    R     INVx1_ASAP7_75t_R             2  1.0    16    14    1944    (-,-) 
  u_cbm/SUB_UNS_OP276_g508__2883/Y                       -       B->Y    F     NOR2xp33_ASAP7_75t_R          2  1.3    48    19    1963    (-,-) 
  u_cbm/SUB_UNS_OP276_g506__9945/Y                       -       B->Y    R     AOI21xp5_ASAP7_75t_R          1  0.5    25    17    1979    (-,-) 
  u_cbm/g9416__9315/Y                                    -       B2->Y   R     AO22x1_ASAP7_75t_R            5  3.6    27    29    2008    (-,-) 
  u_cbm/csa_tree_SUB_TC_OP109_groupi_g1946/Y             -       A->Y    F     INVxp67_ASAP7_75t_R           1  1.1    14    12    2020    (-,-) 
  u_cbm/csa_tree_SUB_TC_OP109_groupi_g1915__5107/Y       -       C->Y    R     MAJIxp5_ASAP7_75t_R           2  2.2    40    25    2045    (-,-) 
  u_cbm/g12611/SN                                        -       CI->SN  F     FAx1_ASAP7_75t_R              2  1.6    38    55    2099    (-,-) 
  u_cbm/csa_tree_SUB_TC_OP109_groupi_g1763__5122/Y       -       A->Y    R     MAJIxp5_ASAP7_75t_R           2  3.3    56    39    2138    (-,-) 
  u_cbm/g12608/SN                                        -       B->SN   R     FAx1_ASAP7_75t_R              2  1.0    44    45    2184    (-,-) 
  u_cbm/csa_tree_SUB_TC_OP109_groupi_g1751__6260/Y       -       A->Y    F     NAND2xp33_ASAP7_75t_R         2  1.2    26    20    2204    (-,-) 
  u_cbm/csa_tree_SUB_TC_OP109_groupi_g1749__2398/Y       -       A2->Y   F     AO21x1_ASAP7_75t_R            1  0.5     6    18    2222    (-,-) 
  u_cbm/csa_tree_SUB_TC_OP109_groupi_g1748__5477/Y       -       C->Y    R     OAI221xp5_ASAP7_75t_R         1  0.6    26     9    2230    (-,-) 
  u_cbm/csa_tree_SUB_TC_OP109_groupi_g1747__6417/Y       -       A->Y    F     MAJIxp5_ASAP7_75t_R           1  0.6    17    14    2245    (-,-) 
  u_cbm/csa_tree_SUB_TC_OP109_groupi_g1746__7410/Y       -       B->Y    F     OA21x2_ASAP7_75t_R            2  1.7     9    17    2261    (-,-) 
  u_cbm/g12432__8246/Y                                   -       B->Y    R     NOR2x1_ASAP7_75t_R           64 35.7   248   115    2376    (-,-) 
  u_cbm/g12259__6417/Y                                   -       B1->Y   F     AOI222xp33_ASAP7_75t_R        1  0.6    58    41    2418    (-,-) 
  u_cbm/multiplicand_q_reg[27]/D                         -       -       F     ASYNC_DFFHx1_ASAP7_75t_R      1    -     -     0    2418    (-,-) 
#------------------------------------------------------------------------------------------------------------------------------------------------



Path 11: MET (1997564 ps) Setup Check with Pin u_cbm/multiplicand_q_reg[26]/CLK->D
          Group: core_clock
     Startpoint: (R) u_frontend/u_decode/genblk1.u_fifo/rd_ptr_q_reg[0]/CLK
          Clock: (R) core_clock
       Endpoint: (F) u_cbm/multiplicand_q_reg[26]/D
          Clock: (R) core_clock

                      Capture       Launch     
        Clock Edge:+  2000000            0     
       Src Latency:+        0            0     
       Net Latency:+        0 (I)        0 (I) 
           Arrival:=  2000000            0     
                                               
             Setup:-       18                  
     Required Time:=  1999982                  
      Launch Clock:-        0                  
         Data Path:-     2418                  
             Slack:=  1997564                  

#------------------------------------------------------------------------------------------------------------------------------------------------
#                     Timing Point                       Flags    Arc    Edge           Cell            Fanout Load Trans Delay Arrival Instance 
#                                                                                                              (fF)  (ps)  (ps)   (ps)  Location 
#------------------------------------------------------------------------------------------------------------------------------------------------
  u_frontend/u_decode/genblk1.u_fifo/rd_ptr_q_reg[0]/CLK -       -       R     (arrival)                  5356    -     0     0       0    (-,-) 
  u_frontend/u_decode/genblk1.u_fifo/rd_ptr_q_reg[0]/QN  -       CLK->QN R     ASYNC_DFFHx1_ASAP7_75t_R      1  0.6    13    36      36    (-,-) 
  u_frontend/u_decode/genblk1.u_fifo/g2479/Y             -       A->Y    R     BUFx2_ASAP7_75t_R           102 51.6   156    82     118    (-,-) 
  u_frontend/u_decode/genblk1.u_fifo/g2891/Y             -       A->Y    F     INVx2_ASAP7_75t_R            97 48.2   144   106     224    (-,-) 
  u_frontend/u_decode/genblk1.u_fifo/g2804/Y             -       A2->Y   F     AO22x1_ASAP7_75t_R            3  2.0    17    40     264    (-,-) 
  u_issue/g28658/Y                                       -       B->Y    R     XNOR2xp5_ASAP7_75t_R          1  0.5    18    14     278    (-,-) 
  u_issue/g28644/Y                                       -       D->Y    F     NAND4xp25_ASAP7_75t_R         1  0.6    25    17     296    (-,-) 
  u_issue/g28641/Y                                       -       A->Y    R     NOR5xp2_ASAP7_75t_R           1  0.5    41    23     319    (-,-) 
  u_issue/g28640/Y                                       -       A->Y    F     NAND5xp2_ASAP7_75t_R          2  1.1    46    30     349    (-,-) 
  u_issue/g28639/Y                                       -       A->Y    F     OR5x1_ASAP7_75t_R             3  1.6    19    44     393    (-,-) 
  u_issue/g28638/Y                                       -       A->Y    F     OR2x2_ASAP7_75t_R            20 10.4    33    37     430    (-,-) 
  u_issue/g45300/Y                                       -       A->Y    R     INVx2_ASAP7_75t_R            99 56.3   169    87     517    (-,-) 
  u_issue/g28291/Y                                       -       B2->Y   R     AO22x1_ASAP7_75t_R           22 11.2    71    64     581    (-,-) 
  u_issue/g45298/Y                                       -       A->Y    F     INVx1_ASAP7_75t_R            17  9.2    58    44     624    (-,-) 
  u_issue/g44952/Y                                       -       A->Y    R     NAND2xp5_ASAP7_75t_R          4  2.1    37    32     656    (-,-) 
  u_issue/g44832/Y                                       -       A->Y    F     NOR3xp33_ASAP7_75t_R          2  0.8    28    15     671    (-,-) 
  u_issue/g44639/Y                                       -       A->Y    R     NOR2xp33_ASAP7_75t_R          3  1.7    40    27     698    (-,-) 
  u_issue/g44554/Y                                       -       A->Y    F     NAND3xp33_ASAP7_75t_R         4  2.9    55    36     734    (-,-) 
  u_issue/g44546/Y                                       -       A->Y    R     NOR3xp33_ASAP7_75t_R          3  1.9    55    38     772    (-,-) 
  u_issue/g44542/Y                                       -       A->Y    F     INVx1_ASAP7_75t_R             1  0.6    13    10     782    (-,-) 
  u_issue/g44512/Y                                       -       A->Y    R     NOR4xp25_ASAP7_75t_R         17  8.8   245   118     900    (-,-) 
  u_issue/drc_bufs45344/Y                                -       A->Y    F     INVx1_ASAP7_75t_R             1  0.7    32    15     915    (-,-) 
  u_issue/drc_bufs45343/Y                                -       A->Y    R     INVx1_ASAP7_75t_R            16  8.1    53    34     949    (-,-) 
  u_issue/g44217/Y                                       -       A1->Y   F     AOI222xp33_ASAP7_75t_R        1  0.6    62    20     969    (-,-) 
  u_issue/g44110/Y                                       -       B->Y    R     NAND2xp5_ASAP7_75t_R          1  0.5    20    18     987    (-,-) 
  u_issue/g44019/Y                                       -       C->Y    F     AOI221xp5_ASAP7_75t_R         1  0.6    36    12     999    (-,-) 
  u_issue/g43925/Y                                       -       B->Y    R     NAND2xp5_ASAP7_75t_R         18  9.2   102    58    1057    (-,-) 
  u_cbm/SUB_UNS_OP276_g589__9315/Y                       -       A->Y    F     NOR2xp33_ASAP7_75t_R          2  1.3    48    40    1097    (-,-) 
  u_cbm/SUB_UNS_OP276_g588/Y                             -       A->Y    R     INVx1_ASAP7_75t_R             2  1.0    17    14    1111    (-,-) 
  u_cbm/SUB_UNS_OP276_g586__4733/Y                       -       B->Y    F     NOR2xp33_ASAP7_75t_R          2  1.3    46    19    1130    (-,-) 
  u_cbm/SUB_UNS_OP276_g585/Y                             -       A->Y    R     INVx1_ASAP7_75t_R             2  1.0    17    14    1144    (-,-) 
  u_cbm/SUB_UNS_OP276_g583__5115/Y                       -       B->Y    F     NOR2xp33_ASAP7_75t_R          2  1.3    42    19    1162    (-,-) 
  u_cbm/SUB_UNS_OP276_g582/Y                             -       A->Y    R     INVx1_ASAP7_75t_R             2  0.8    15    12    1175    (-,-) 
  u_cbm/SUB_UNS_OP276_g580__6131/Y                       -       B->Y    F     NOR2xp33_ASAP7_75t_R          2  1.2    45    17    1192    (-,-) 
  u_cbm/SUB_UNS_OP276_g579/Y                             -       A->Y    R     INVx1_ASAP7_75t_R             2  0.8    15    12    1205    (-,-) 
  u_cbm/SUB_UNS_OP276_g577__8246/Y                       -       B->Y    F     NOR2xp33_ASAP7_75t_R          2  1.2    41    18    1222    (-,-) 
  u_cbm/SUB_UNS_OP276_g576/Y                             -       A->Y    R     INVx1_ASAP7_75t_R             2  0.8    14    12    1234    (-,-) 
  u_cbm/SUB_UNS_OP276_g574__1705/Y                       -       B->Y    F     NOR2xp33_ASAP7_75t_R          2  1.2    45    17    1252    (-,-) 
  u_cbm/SUB_UNS_OP276_g573/Y                             -       A->Y    R     INVx1_ASAP7_75t_R             2  1.0    16    14    1265    (-,-) 
  u_cbm/SUB_UNS_OP276_g571__1617/Y                       -       B->Y    F     NOR2xp33_ASAP7_75t_R          2  1.3    42    19    1284    (-,-) 
  u_cbm/SUB_UNS_OP276_g570/Y                             -       A->Y    R     INVx1_ASAP7_75t_R             2  1.0    16    13    1297    (-,-) 
  u_cbm/SUB_UNS_OP276_g568__6783/Y                       -       B->Y    F     NOR2xp33_ASAP7_75t_R          2  1.3    48    19    1316    (-,-) 
  u_cbm/SUB_UNS_OP276_g567/Y                             -       A->Y    R     INVx1_ASAP7_75t_R             2  1.0    17    14    1330    (-,-) 
  u_cbm/SUB_UNS_OP276_g565__8428/Y                       -       B->Y    F     NOR2xp33_ASAP7_75t_R          2  1.3    44    19    1349    (-,-) 
  u_cbm/SUB_UNS_OP276_g564/Y                             -       A->Y    R     INVx1_ASAP7_75t_R             2  1.0    16    14    1363    (-,-) 
  u_cbm/SUB_UNS_OP276_g562__6260/Y                       -       B->Y    F     NOR2xp33_ASAP7_75t_R          2  1.3    47    19    1382    (-,-) 
  u_cbm/SUB_UNS_OP276_g561/Y                             -       A->Y    R     INVx1_ASAP7_75t_R             2  1.0    17    14    1395    (-,-) 
  u_cbm/SUB_UNS_OP276_g559__2398/Y                       -       B->Y    F     NOR2xp33_ASAP7_75t_R          2  1.3    43    19    1414    (-,-) 
  u_cbm/SUB_UNS_OP276_g558/Y                             -       A->Y    R     INVx1_ASAP7_75t_R             2  1.0    16    13    1428    (-,-) 
  u_cbm/SUB_UNS_OP276_g556__6417/Y                       -       B->Y    F     NOR2xp33_ASAP7_75t_R          2  1.3    48    19    1446    (-,-) 
  u_cbm/SUB_UNS_OP276_g555/Y                             -       A->Y    R     INVx1_ASAP7_75t_R             2  1.0    17    14    1460    (-,-) 
  u_cbm/SUB_UNS_OP276_g553__1666/Y                       -       B->Y    F     NOR2xp33_ASAP7_75t_R          2  1.3    42    19    1479    (-,-) 
  u_cbm/SUB_UNS_OP276_g552/Y                             -       A->Y    R     INVx1_ASAP7_75t_R             2  1.0    16    13    1493    (-,-) 
  u_cbm/SUB_UNS_OP276_g550__2883/Y                       -       B->Y    F     NOR2xp33_ASAP7_75t_R          2  1.3    48    19    1511    (-,-) 
  u_cbm/SUB_UNS_OP276_g549/Y                             -       A->Y    R     INVx1_ASAP7_75t_R             2  1.0    17    14    1525    (-,-) 
  u_cbm/SUB_UNS_OP276_g547__9315/Y                       -       B->Y    F     NOR2xp33_ASAP7_75t_R          2  1.3    45    19    1544    (-,-) 
  u_cbm/SUB_UNS_OP276_g546/Y                             -       A->Y    R     INVx1_ASAP7_75t_R             2  1.0    16    14    1558    (-,-) 
  u_cbm/SUB_UNS_OP276_g544__4733/Y                       -       B->Y    F     NOR2xp33_ASAP7_75t_R          2  1.3    48    19    1577    (-,-) 
  u_cbm/SUB_UNS_OP276_g543/Y                             -       A->Y    R     INVx1_ASAP7_75t_R             2  1.0    17    14    1591    (-,-) 
  u_cbm/SUB_UNS_OP276_g541__5115/Y                       -       B->Y    F     NOR2xp33_ASAP7_75t_R          2  1.3    42    19    1610    (-,-) 
  u_cbm/SUB_UNS_OP276_g540/Y                             -       A->Y    R     INVx1_ASAP7_75t_R             2  1.0    16    13    1623    (-,-) 
  u_cbm/SUB_UNS_OP276_g538__6131/Y                       -       B->Y    F     NOR2xp33_ASAP7_75t_R          2  1.3    48    19    1642    (-,-) 
  u_cbm/SUB_UNS_OP276_g537/Y                             -       A->Y    R     INVx1_ASAP7_75t_R             2  1.0    17    14    1656    (-,-) 
  u_cbm/SUB_UNS_OP276_g535__8246/Y                       -       B->Y    F     NOR2xp33_ASAP7_75t_R          2  1.3    45    19    1675    (-,-) 
  u_cbm/SUB_UNS_OP276_g534/Y                             -       A->Y    R     INVx1_ASAP7_75t_R             2  1.0    16    14    1688    (-,-) 
  u_cbm/SUB_UNS_OP276_g532__1705/Y                       -       B->Y    F     NOR2xp33_ASAP7_75t_R          2  1.3    48    19    1707    (-,-) 
  u_cbm/SUB_UNS_OP276_g531/Y                             -       A->Y    R     INVx1_ASAP7_75t_R             2  1.0    17    14    1721    (-,-) 
  u_cbm/SUB_UNS_OP276_g529__1617/Y                       -       B->Y    F     NOR2xp33_ASAP7_75t_R          2  1.3    45    19    1740    (-,-) 
  u_cbm/SUB_UNS_OP276_g528/Y                             -       A->Y    R     INVx1_ASAP7_75t_R             2  1.0    16    14    1754    (-,-) 
  u_cbm/SUB_UNS_OP276_g526__6783/Y                       -       B->Y    F     NOR2xp33_ASAP7_75t_R          2  1.3    47    19    1772    (-,-) 
  u_cbm/SUB_UNS_OP276_g525/Y                             -       A->Y    R     INVx1_ASAP7_75t_R             2  0.8    15    13    1785    (-,-) 
  u_cbm/SUB_UNS_OP276_g523__8428/Y                       -       B->Y    F     NOR2xp33_ASAP7_75t_R          2  1.2    42    18    1803    (-,-) 
  u_cbm/SUB_UNS_OP276_g522/Y                             -       A->Y    R     INVx1_ASAP7_75t_R             2  1.0    16    13    1816    (-,-) 
  u_cbm/SUB_UNS_OP276_g520__6260/Y                       -       B->Y    F     NOR2xp33_ASAP7_75t_R          2  1.3    48    19    1835    (-,-) 
  u_cbm/SUB_UNS_OP276_g519/Y                             -       A->Y    R     INVx1_ASAP7_75t_R             2  0.8    16    13    1848    (-,-) 
  u_cbm/SUB_UNS_OP276_g517__2398/Y                       -       B->Y    F     NOR2xp33_ASAP7_75t_R          2  1.2    40    18    1866    (-,-) 
  u_cbm/SUB_UNS_OP276_g516/Y                             -       A->Y    R     INVx1_ASAP7_75t_R             2  1.0    16    13    1879    (-,-) 
  u_cbm/SUB_UNS_OP276_g514__6417/Y                       -       B->Y    F     NOR2xp33_ASAP7_75t_R          2  1.3    48    19    1897    (-,-) 
  u_cbm/SUB_UNS_OP276_g513/Y                             -       A->Y    R     INVx1_ASAP7_75t_R             2  1.0    17    14    1911    (-,-) 
  u_cbm/SUB_UNS_OP276_g511__1666/Y                       -       B->Y    F     NOR2xp33_ASAP7_75t_R          2  1.3    44    19    1930    (-,-) 
  u_cbm/SUB_UNS_OP276_g510/Y                             -       A->Y    R     INVx1_ASAP7_75t_R             2  1.0    16    14    1944    (-,-) 
  u_cbm/SUB_UNS_OP276_g508__2883/Y                       -       B->Y    F     NOR2xp33_ASAP7_75t_R          2  1.3    48    19    1963    (-,-) 
  u_cbm/SUB_UNS_OP276_g506__9945/Y                       -       B->Y    R     AOI21xp5_ASAP7_75t_R          1  0.5    25    17    1979    (-,-) 
  u_cbm/g9416__9315/Y                                    -       B2->Y   R     AO22x1_ASAP7_75t_R            5  3.6    27    29    2008    (-,-) 
  u_cbm/csa_tree_SUB_TC_OP109_groupi_g1946/Y             -       A->Y    F     INVxp67_ASAP7_75t_R           1  1.1    14    12    2020    (-,-) 
  u_cbm/csa_tree_SUB_TC_OP109_groupi_g1915__5107/Y       -       C->Y    R     MAJIxp5_ASAP7_75t_R           2  2.2    40    25    2045    (-,-) 
  u_cbm/g12611/SN                                        -       CI->SN  F     FAx1_ASAP7_75t_R              2  1.6    38    55    2099    (-,-) 
  u_cbm/csa_tree_SUB_TC_OP109_groupi_g1763__5122/Y       -       A->Y    R     MAJIxp5_ASAP7_75t_R           2  3.3    56    39    2138    (-,-) 
  u_cbm/g12608/SN                                        -       B->SN   R     FAx1_ASAP7_75t_R              2  1.0    44    45    2184    (-,-) 
  u_cbm/csa_tree_SUB_TC_OP109_groupi_g1751__6260/Y       -       A->Y    F     NAND2xp33_ASAP7_75t_R         2  1.2    26    20    2204    (-,-) 
  u_cbm/csa_tree_SUB_TC_OP109_groupi_g1749__2398/Y       -       A2->Y   F     AO21x1_ASAP7_75t_R            1  0.5     6    18    2222    (-,-) 
  u_cbm/csa_tree_SUB_TC_OP109_groupi_g1748__5477/Y       -       C->Y    R     OAI221xp5_ASAP7_75t_R         1  0.6    26     9    2230    (-,-) 
  u_cbm/csa_tree_SUB_TC_OP109_groupi_g1747__6417/Y       -       A->Y    F     MAJIxp5_ASAP7_75t_R           1  0.6    17    14    2245    (-,-) 
  u_cbm/csa_tree_SUB_TC_OP109_groupi_g1746__7410/Y       -       B->Y    F     OA21x2_ASAP7_75t_R            2  1.7     9    17    2261    (-,-) 
  u_cbm/g12432__8246/Y                                   -       B->Y    R     NOR2x1_ASAP7_75t_R           64 35.7   248   115    2376    (-,-) 
  u_cbm/g12258__7410/Y                                   -       B1->Y   F     AOI222xp33_ASAP7_75t_R        1  0.6    58    41    2418    (-,-) 
  u_cbm/multiplicand_q_reg[26]/D                         -       -       F     ASYNC_DFFHx1_ASAP7_75t_R      1    -     -     0    2418    (-,-) 
#------------------------------------------------------------------------------------------------------------------------------------------------



Path 12: MET (1997564 ps) Setup Check with Pin u_cbm/multiplicand_q_reg[25]/CLK->D
          Group: core_clock
     Startpoint: (R) u_frontend/u_decode/genblk1.u_fifo/rd_ptr_q_reg[0]/CLK
          Clock: (R) core_clock
       Endpoint: (F) u_cbm/multiplicand_q_reg[25]/D
          Clock: (R) core_clock

                      Capture       Launch     
        Clock Edge:+  2000000            0     
       Src Latency:+        0            0     
       Net Latency:+        0 (I)        0 (I) 
           Arrival:=  2000000            0     
                                               
             Setup:-       18                  
     Required Time:=  1999982                  
      Launch Clock:-        0                  
         Data Path:-     2418                  
             Slack:=  1997564                  

#------------------------------------------------------------------------------------------------------------------------------------------------
#                     Timing Point                       Flags    Arc    Edge           Cell            Fanout Load Trans Delay Arrival Instance 
#                                                                                                              (fF)  (ps)  (ps)   (ps)  Location 
#------------------------------------------------------------------------------------------------------------------------------------------------
  u_frontend/u_decode/genblk1.u_fifo/rd_ptr_q_reg[0]/CLK -       -       R     (arrival)                  5356    -     0     0       0    (-,-) 
  u_frontend/u_decode/genblk1.u_fifo/rd_ptr_q_reg[0]/QN  -       CLK->QN R     ASYNC_DFFHx1_ASAP7_75t_R      1  0.6    13    36      36    (-,-) 
  u_frontend/u_decode/genblk1.u_fifo/g2479/Y             -       A->Y    R     BUFx2_ASAP7_75t_R           102 51.6   156    82     118    (-,-) 
  u_frontend/u_decode/genblk1.u_fifo/g2891/Y             -       A->Y    F     INVx2_ASAP7_75t_R            97 48.2   144   106     224    (-,-) 
  u_frontend/u_decode/genblk1.u_fifo/g2804/Y             -       A2->Y   F     AO22x1_ASAP7_75t_R            3  2.0    17    40     264    (-,-) 
  u_issue/g28658/Y                                       -       B->Y    R     XNOR2xp5_ASAP7_75t_R          1  0.5    18    14     278    (-,-) 
  u_issue/g28644/Y                                       -       D->Y    F     NAND4xp25_ASAP7_75t_R         1  0.6    25    17     296    (-,-) 
  u_issue/g28641/Y                                       -       A->Y    R     NOR5xp2_ASAP7_75t_R           1  0.5    41    23     319    (-,-) 
  u_issue/g28640/Y                                       -       A->Y    F     NAND5xp2_ASAP7_75t_R          2  1.1    46    30     349    (-,-) 
  u_issue/g28639/Y                                       -       A->Y    F     OR5x1_ASAP7_75t_R             3  1.6    19    44     393    (-,-) 
  u_issue/g28638/Y                                       -       A->Y    F     OR2x2_ASAP7_75t_R            20 10.4    33    37     430    (-,-) 
  u_issue/g45300/Y                                       -       A->Y    R     INVx2_ASAP7_75t_R            99 56.3   169    87     517    (-,-) 
  u_issue/g28291/Y                                       -       B2->Y   R     AO22x1_ASAP7_75t_R           22 11.2    71    64     581    (-,-) 
  u_issue/g45298/Y                                       -       A->Y    F     INVx1_ASAP7_75t_R            17  9.2    58    44     624    (-,-) 
  u_issue/g44952/Y                                       -       A->Y    R     NAND2xp5_ASAP7_75t_R          4  2.1    37    32     656    (-,-) 
  u_issue/g44832/Y                                       -       A->Y    F     NOR3xp33_ASAP7_75t_R          2  0.8    28    15     671    (-,-) 
  u_issue/g44639/Y                                       -       A->Y    R     NOR2xp33_ASAP7_75t_R          3  1.7    40    27     698    (-,-) 
  u_issue/g44554/Y                                       -       A->Y    F     NAND3xp33_ASAP7_75t_R         4  2.9    55    36     734    (-,-) 
  u_issue/g44546/Y                                       -       A->Y    R     NOR3xp33_ASAP7_75t_R          3  1.9    55    38     772    (-,-) 
  u_issue/g44542/Y                                       -       A->Y    F     INVx1_ASAP7_75t_R             1  0.6    13    10     782    (-,-) 
  u_issue/g44512/Y                                       -       A->Y    R     NOR4xp25_ASAP7_75t_R         17  8.8   245   118     900    (-,-) 
  u_issue/drc_bufs45344/Y                                -       A->Y    F     INVx1_ASAP7_75t_R             1  0.7    32    15     915    (-,-) 
  u_issue/drc_bufs45343/Y                                -       A->Y    R     INVx1_ASAP7_75t_R            16  8.1    53    34     949    (-,-) 
  u_issue/g44217/Y                                       -       A1->Y   F     AOI222xp33_ASAP7_75t_R        1  0.6    62    20     969    (-,-) 
  u_issue/g44110/Y                                       -       B->Y    R     NAND2xp5_ASAP7_75t_R          1  0.5    20    18     987    (-,-) 
  u_issue/g44019/Y                                       -       C->Y    F     AOI221xp5_ASAP7_75t_R         1  0.6    36    12     999    (-,-) 
  u_issue/g43925/Y                                       -       B->Y    R     NAND2xp5_ASAP7_75t_R         18  9.2   102    58    1057    (-,-) 
  u_cbm/SUB_UNS_OP276_g589__9315/Y                       -       A->Y    F     NOR2xp33_ASAP7_75t_R          2  1.3    48    40    1097    (-,-) 
  u_cbm/SUB_UNS_OP276_g588/Y                             -       A->Y    R     INVx1_ASAP7_75t_R             2  1.0    17    14    1111    (-,-) 
  u_cbm/SUB_UNS_OP276_g586__4733/Y                       -       B->Y    F     NOR2xp33_ASAP7_75t_R          2  1.3    46    19    1130    (-,-) 
  u_cbm/SUB_UNS_OP276_g585/Y                             -       A->Y    R     INVx1_ASAP7_75t_R             2  1.0    17    14    1144    (-,-) 
  u_cbm/SUB_UNS_OP276_g583__5115/Y                       -       B->Y    F     NOR2xp33_ASAP7_75t_R          2  1.3    42    19    1162    (-,-) 
  u_cbm/SUB_UNS_OP276_g582/Y                             -       A->Y    R     INVx1_ASAP7_75t_R             2  0.8    15    12    1175    (-,-) 
  u_cbm/SUB_UNS_OP276_g580__6131/Y                       -       B->Y    F     NOR2xp33_ASAP7_75t_R          2  1.2    45    17    1192    (-,-) 
  u_cbm/SUB_UNS_OP276_g579/Y                             -       A->Y    R     INVx1_ASAP7_75t_R             2  0.8    15    12    1205    (-,-) 
  u_cbm/SUB_UNS_OP276_g577__8246/Y                       -       B->Y    F     NOR2xp33_ASAP7_75t_R          2  1.2    41    18    1222    (-,-) 
  u_cbm/SUB_UNS_OP276_g576/Y                             -       A->Y    R     INVx1_ASAP7_75t_R             2  0.8    14    12    1234    (-,-) 
  u_cbm/SUB_UNS_OP276_g574__1705/Y                       -       B->Y    F     NOR2xp33_ASAP7_75t_R          2  1.2    45    17    1252    (-,-) 
  u_cbm/SUB_UNS_OP276_g573/Y                             -       A->Y    R     INVx1_ASAP7_75t_R             2  1.0    16    14    1265    (-,-) 
  u_cbm/SUB_UNS_OP276_g571__1617/Y                       -       B->Y    F     NOR2xp33_ASAP7_75t_R          2  1.3    42    19    1284    (-,-) 
  u_cbm/SUB_UNS_OP276_g570/Y                             -       A->Y    R     INVx1_ASAP7_75t_R             2  1.0    16    13    1297    (-,-) 
  u_cbm/SUB_UNS_OP276_g568__6783/Y                       -       B->Y    F     NOR2xp33_ASAP7_75t_R          2  1.3    48    19    1316    (-,-) 
  u_cbm/SUB_UNS_OP276_g567/Y                             -       A->Y    R     INVx1_ASAP7_75t_R             2  1.0    17    14    1330    (-,-) 
  u_cbm/SUB_UNS_OP276_g565__8428/Y                       -       B->Y    F     NOR2xp33_ASAP7_75t_R          2  1.3    44    19    1349    (-,-) 
  u_cbm/SUB_UNS_OP276_g564/Y                             -       A->Y    R     INVx1_ASAP7_75t_R             2  1.0    16    14    1363    (-,-) 
  u_cbm/SUB_UNS_OP276_g562__6260/Y                       -       B->Y    F     NOR2xp33_ASAP7_75t_R          2  1.3    47    19    1382    (-,-) 
  u_cbm/SUB_UNS_OP276_g561/Y                             -       A->Y    R     INVx1_ASAP7_75t_R             2  1.0    17    14    1395    (-,-) 
  u_cbm/SUB_UNS_OP276_g559__2398/Y                       -       B->Y    F     NOR2xp33_ASAP7_75t_R          2  1.3    43    19    1414    (-,-) 
  u_cbm/SUB_UNS_OP276_g558/Y                             -       A->Y    R     INVx1_ASAP7_75t_R             2  1.0    16    13    1428    (-,-) 
  u_cbm/SUB_UNS_OP276_g556__6417/Y                       -       B->Y    F     NOR2xp33_ASAP7_75t_R          2  1.3    48    19    1446    (-,-) 
  u_cbm/SUB_UNS_OP276_g555/Y                             -       A->Y    R     INVx1_ASAP7_75t_R             2  1.0    17    14    1460    (-,-) 
  u_cbm/SUB_UNS_OP276_g553__1666/Y                       -       B->Y    F     NOR2xp33_ASAP7_75t_R          2  1.3    42    19    1479    (-,-) 
  u_cbm/SUB_UNS_OP276_g552/Y                             -       A->Y    R     INVx1_ASAP7_75t_R             2  1.0    16    13    1493    (-,-) 
  u_cbm/SUB_UNS_OP276_g550__2883/Y                       -       B->Y    F     NOR2xp33_ASAP7_75t_R          2  1.3    48    19    1511    (-,-) 
  u_cbm/SUB_UNS_OP276_g549/Y                             -       A->Y    R     INVx1_ASAP7_75t_R             2  1.0    17    14    1525    (-,-) 
  u_cbm/SUB_UNS_OP276_g547__9315/Y                       -       B->Y    F     NOR2xp33_ASAP7_75t_R          2  1.3    45    19    1544    (-,-) 
  u_cbm/SUB_UNS_OP276_g546/Y                             -       A->Y    R     INVx1_ASAP7_75t_R             2  1.0    16    14    1558    (-,-) 
  u_cbm/SUB_UNS_OP276_g544__4733/Y                       -       B->Y    F     NOR2xp33_ASAP7_75t_R          2  1.3    48    19    1577    (-,-) 
  u_cbm/SUB_UNS_OP276_g543/Y                             -       A->Y    R     INVx1_ASAP7_75t_R             2  1.0    17    14    1591    (-,-) 
  u_cbm/SUB_UNS_OP276_g541__5115/Y                       -       B->Y    F     NOR2xp33_ASAP7_75t_R          2  1.3    42    19    1610    (-,-) 
  u_cbm/SUB_UNS_OP276_g540/Y                             -       A->Y    R     INVx1_ASAP7_75t_R             2  1.0    16    13    1623    (-,-) 
  u_cbm/SUB_UNS_OP276_g538__6131/Y                       -       B->Y    F     NOR2xp33_ASAP7_75t_R          2  1.3    48    19    1642    (-,-) 
  u_cbm/SUB_UNS_OP276_g537/Y                             -       A->Y    R     INVx1_ASAP7_75t_R             2  1.0    17    14    1656    (-,-) 
  u_cbm/SUB_UNS_OP276_g535__8246/Y                       -       B->Y    F     NOR2xp33_ASAP7_75t_R          2  1.3    45    19    1675    (-,-) 
  u_cbm/SUB_UNS_OP276_g534/Y                             -       A->Y    R     INVx1_ASAP7_75t_R             2  1.0    16    14    1688    (-,-) 
  u_cbm/SUB_UNS_OP276_g532__1705/Y                       -       B->Y    F     NOR2xp33_ASAP7_75t_R          2  1.3    48    19    1707    (-,-) 
  u_cbm/SUB_UNS_OP276_g531/Y                             -       A->Y    R     INVx1_ASAP7_75t_R             2  1.0    17    14    1721    (-,-) 
  u_cbm/SUB_UNS_OP276_g529__1617/Y                       -       B->Y    F     NOR2xp33_ASAP7_75t_R          2  1.3    45    19    1740    (-,-) 
  u_cbm/SUB_UNS_OP276_g528/Y                             -       A->Y    R     INVx1_ASAP7_75t_R             2  1.0    16    14    1754    (-,-) 
  u_cbm/SUB_UNS_OP276_g526__6783/Y                       -       B->Y    F     NOR2xp33_ASAP7_75t_R          2  1.3    47    19    1772    (-,-) 
  u_cbm/SUB_UNS_OP276_g525/Y                             -       A->Y    R     INVx1_ASAP7_75t_R             2  0.8    15    13    1785    (-,-) 
  u_cbm/SUB_UNS_OP276_g523__8428/Y                       -       B->Y    F     NOR2xp33_ASAP7_75t_R          2  1.2    42    18    1803    (-,-) 
  u_cbm/SUB_UNS_OP276_g522/Y                             -       A->Y    R     INVx1_ASAP7_75t_R             2  1.0    16    13    1816    (-,-) 
  u_cbm/SUB_UNS_OP276_g520__6260/Y                       -       B->Y    F     NOR2xp33_ASAP7_75t_R          2  1.3    48    19    1835    (-,-) 
  u_cbm/SUB_UNS_OP276_g519/Y                             -       A->Y    R     INVx1_ASAP7_75t_R             2  0.8    16    13    1848    (-,-) 
  u_cbm/SUB_UNS_OP276_g517__2398/Y                       -       B->Y    F     NOR2xp33_ASAP7_75t_R          2  1.2    40    18    1866    (-,-) 
  u_cbm/SUB_UNS_OP276_g516/Y                             -       A->Y    R     INVx1_ASAP7_75t_R             2  1.0    16    13    1879    (-,-) 
  u_cbm/SUB_UNS_OP276_g514__6417/Y                       -       B->Y    F     NOR2xp33_ASAP7_75t_R          2  1.3    48    19    1897    (-,-) 
  u_cbm/SUB_UNS_OP276_g513/Y                             -       A->Y    R     INVx1_ASAP7_75t_R             2  1.0    17    14    1911    (-,-) 
  u_cbm/SUB_UNS_OP276_g511__1666/Y                       -       B->Y    F     NOR2xp33_ASAP7_75t_R          2  1.3    44    19    1930    (-,-) 
  u_cbm/SUB_UNS_OP276_g510/Y                             -       A->Y    R     INVx1_ASAP7_75t_R             2  1.0    16    14    1944    (-,-) 
  u_cbm/SUB_UNS_OP276_g508__2883/Y                       -       B->Y    F     NOR2xp33_ASAP7_75t_R          2  1.3    48    19    1963    (-,-) 
  u_cbm/SUB_UNS_OP276_g506__9945/Y                       -       B->Y    R     AOI21xp5_ASAP7_75t_R          1  0.5    25    17    1979    (-,-) 
  u_cbm/g9416__9315/Y                                    -       B2->Y   R     AO22x1_ASAP7_75t_R            5  3.6    27    29    2008    (-,-) 
  u_cbm/csa_tree_SUB_TC_OP109_groupi_g1946/Y             -       A->Y    F     INVxp67_ASAP7_75t_R           1  1.1    14    12    2020    (-,-) 
  u_cbm/csa_tree_SUB_TC_OP109_groupi_g1915__5107/Y       -       C->Y    R     MAJIxp5_ASAP7_75t_R           2  2.2    40    25    2045    (-,-) 
  u_cbm/g12611/SN                                        -       CI->SN  F     FAx1_ASAP7_75t_R              2  1.6    38    55    2099    (-,-) 
  u_cbm/csa_tree_SUB_TC_OP109_groupi_g1763__5122/Y       -       A->Y    R     MAJIxp5_ASAP7_75t_R           2  3.3    56    39    2138    (-,-) 
  u_cbm/g12608/SN                                        -       B->SN   R     FAx1_ASAP7_75t_R              2  1.0    44    45    2184    (-,-) 
  u_cbm/csa_tree_SUB_TC_OP109_groupi_g1751__6260/Y       -       A->Y    F     NAND2xp33_ASAP7_75t_R         2  1.2    26    20    2204    (-,-) 
  u_cbm/csa_tree_SUB_TC_OP109_groupi_g1749__2398/Y       -       A2->Y   F     AO21x1_ASAP7_75t_R            1  0.5     6    18    2222    (-,-) 
  u_cbm/csa_tree_SUB_TC_OP109_groupi_g1748__5477/Y       -       C->Y    R     OAI221xp5_ASAP7_75t_R         1  0.6    26     9    2230    (-,-) 
  u_cbm/csa_tree_SUB_TC_OP109_groupi_g1747__6417/Y       -       A->Y    F     MAJIxp5_ASAP7_75t_R           1  0.6    17    14    2245    (-,-) 
  u_cbm/csa_tree_SUB_TC_OP109_groupi_g1746__7410/Y       -       B->Y    F     OA21x2_ASAP7_75t_R            2  1.7     9    17    2261    (-,-) 
  u_cbm/g12432__8246/Y                                   -       B->Y    R     NOR2x1_ASAP7_75t_R           64 35.7   248   115    2376    (-,-) 
  u_cbm/g12257__1666/Y                                   -       B1->Y   F     AOI222xp33_ASAP7_75t_R        1  0.6    58    41    2418    (-,-) 
  u_cbm/multiplicand_q_reg[25]/D                         -       -       F     ASYNC_DFFHx1_ASAP7_75t_R      1    -     -     0    2418    (-,-) 
#------------------------------------------------------------------------------------------------------------------------------------------------



Path 13: MET (1997564 ps) Setup Check with Pin u_cbm/multiplicand_q_reg[24]/CLK->D
          Group: core_clock
     Startpoint: (R) u_frontend/u_decode/genblk1.u_fifo/rd_ptr_q_reg[0]/CLK
          Clock: (R) core_clock
       Endpoint: (F) u_cbm/multiplicand_q_reg[24]/D
          Clock: (R) core_clock

                      Capture       Launch     
        Clock Edge:+  2000000            0     
       Src Latency:+        0            0     
       Net Latency:+        0 (I)        0 (I) 
           Arrival:=  2000000            0     
                                               
             Setup:-       18                  
     Required Time:=  1999982                  
      Launch Clock:-        0                  
         Data Path:-     2418                  
             Slack:=  1997564                  

#------------------------------------------------------------------------------------------------------------------------------------------------
#                     Timing Point                       Flags    Arc    Edge           Cell            Fanout Load Trans Delay Arrival Instance 
#                                                                                                              (fF)  (ps)  (ps)   (ps)  Location 
#------------------------------------------------------------------------------------------------------------------------------------------------
  u_frontend/u_decode/genblk1.u_fifo/rd_ptr_q_reg[0]/CLK -       -       R     (arrival)                  5356    -     0     0       0    (-,-) 
  u_frontend/u_decode/genblk1.u_fifo/rd_ptr_q_reg[0]/QN  -       CLK->QN R     ASYNC_DFFHx1_ASAP7_75t_R      1  0.6    13    36      36    (-,-) 
  u_frontend/u_decode/genblk1.u_fifo/g2479/Y             -       A->Y    R     BUFx2_ASAP7_75t_R           102 51.6   156    82     118    (-,-) 
  u_frontend/u_decode/genblk1.u_fifo/g2891/Y             -       A->Y    F     INVx2_ASAP7_75t_R            97 48.2   144   106     224    (-,-) 
  u_frontend/u_decode/genblk1.u_fifo/g2804/Y             -       A2->Y   F     AO22x1_ASAP7_75t_R            3  2.0    17    40     264    (-,-) 
  u_issue/g28658/Y                                       -       B->Y    R     XNOR2xp5_ASAP7_75t_R          1  0.5    18    14     278    (-,-) 
  u_issue/g28644/Y                                       -       D->Y    F     NAND4xp25_ASAP7_75t_R         1  0.6    25    17     296    (-,-) 
  u_issue/g28641/Y                                       -       A->Y    R     NOR5xp2_ASAP7_75t_R           1  0.5    41    23     319    (-,-) 
  u_issue/g28640/Y                                       -       A->Y    F     NAND5xp2_ASAP7_75t_R          2  1.1    46    30     349    (-,-) 
  u_issue/g28639/Y                                       -       A->Y    F     OR5x1_ASAP7_75t_R             3  1.6    19    44     393    (-,-) 
  u_issue/g28638/Y                                       -       A->Y    F     OR2x2_ASAP7_75t_R            20 10.4    33    37     430    (-,-) 
  u_issue/g45300/Y                                       -       A->Y    R     INVx2_ASAP7_75t_R            99 56.3   169    87     517    (-,-) 
  u_issue/g28291/Y                                       -       B2->Y   R     AO22x1_ASAP7_75t_R           22 11.2    71    64     581    (-,-) 
  u_issue/g45298/Y                                       -       A->Y    F     INVx1_ASAP7_75t_R            17  9.2    58    44     624    (-,-) 
  u_issue/g44952/Y                                       -       A->Y    R     NAND2xp5_ASAP7_75t_R          4  2.1    37    32     656    (-,-) 
  u_issue/g44832/Y                                       -       A->Y    F     NOR3xp33_ASAP7_75t_R          2  0.8    28    15     671    (-,-) 
  u_issue/g44639/Y                                       -       A->Y    R     NOR2xp33_ASAP7_75t_R          3  1.7    40    27     698    (-,-) 
  u_issue/g44554/Y                                       -       A->Y    F     NAND3xp33_ASAP7_75t_R         4  2.9    55    36     734    (-,-) 
  u_issue/g44546/Y                                       -       A->Y    R     NOR3xp33_ASAP7_75t_R          3  1.9    55    38     772    (-,-) 
  u_issue/g44542/Y                                       -       A->Y    F     INVx1_ASAP7_75t_R             1  0.6    13    10     782    (-,-) 
  u_issue/g44512/Y                                       -       A->Y    R     NOR4xp25_ASAP7_75t_R         17  8.8   245   118     900    (-,-) 
  u_issue/drc_bufs45344/Y                                -       A->Y    F     INVx1_ASAP7_75t_R             1  0.7    32    15     915    (-,-) 
  u_issue/drc_bufs45343/Y                                -       A->Y    R     INVx1_ASAP7_75t_R            16  8.1    53    34     949    (-,-) 
  u_issue/g44217/Y                                       -       A1->Y   F     AOI222xp33_ASAP7_75t_R        1  0.6    62    20     969    (-,-) 
  u_issue/g44110/Y                                       -       B->Y    R     NAND2xp5_ASAP7_75t_R          1  0.5    20    18     987    (-,-) 
  u_issue/g44019/Y                                       -       C->Y    F     AOI221xp5_ASAP7_75t_R         1  0.6    36    12     999    (-,-) 
  u_issue/g43925/Y                                       -       B->Y    R     NAND2xp5_ASAP7_75t_R         18  9.2   102    58    1057    (-,-) 
  u_cbm/SUB_UNS_OP276_g589__9315/Y                       -       A->Y    F     NOR2xp33_ASAP7_75t_R          2  1.3    48    40    1097    (-,-) 
  u_cbm/SUB_UNS_OP276_g588/Y                             -       A->Y    R     INVx1_ASAP7_75t_R             2  1.0    17    14    1111    (-,-) 
  u_cbm/SUB_UNS_OP276_g586__4733/Y                       -       B->Y    F     NOR2xp33_ASAP7_75t_R          2  1.3    46    19    1130    (-,-) 
  u_cbm/SUB_UNS_OP276_g585/Y                             -       A->Y    R     INVx1_ASAP7_75t_R             2  1.0    17    14    1144    (-,-) 
  u_cbm/SUB_UNS_OP276_g583__5115/Y                       -       B->Y    F     NOR2xp33_ASAP7_75t_R          2  1.3    42    19    1162    (-,-) 
  u_cbm/SUB_UNS_OP276_g582/Y                             -       A->Y    R     INVx1_ASAP7_75t_R             2  0.8    15    12    1175    (-,-) 
  u_cbm/SUB_UNS_OP276_g580__6131/Y                       -       B->Y    F     NOR2xp33_ASAP7_75t_R          2  1.2    45    17    1192    (-,-) 
  u_cbm/SUB_UNS_OP276_g579/Y                             -       A->Y    R     INVx1_ASAP7_75t_R             2  0.8    15    12    1205    (-,-) 
  u_cbm/SUB_UNS_OP276_g577__8246/Y                       -       B->Y    F     NOR2xp33_ASAP7_75t_R          2  1.2    41    18    1222    (-,-) 
  u_cbm/SUB_UNS_OP276_g576/Y                             -       A->Y    R     INVx1_ASAP7_75t_R             2  0.8    14    12    1234    (-,-) 
  u_cbm/SUB_UNS_OP276_g574__1705/Y                       -       B->Y    F     NOR2xp33_ASAP7_75t_R          2  1.2    45    17    1252    (-,-) 
  u_cbm/SUB_UNS_OP276_g573/Y                             -       A->Y    R     INVx1_ASAP7_75t_R             2  1.0    16    14    1265    (-,-) 
  u_cbm/SUB_UNS_OP276_g571__1617/Y                       -       B->Y    F     NOR2xp33_ASAP7_75t_R          2  1.3    42    19    1284    (-,-) 
  u_cbm/SUB_UNS_OP276_g570/Y                             -       A->Y    R     INVx1_ASAP7_75t_R             2  1.0    16    13    1297    (-,-) 
  u_cbm/SUB_UNS_OP276_g568__6783/Y                       -       B->Y    F     NOR2xp33_ASAP7_75t_R          2  1.3    48    19    1316    (-,-) 
  u_cbm/SUB_UNS_OP276_g567/Y                             -       A->Y    R     INVx1_ASAP7_75t_R             2  1.0    17    14    1330    (-,-) 
  u_cbm/SUB_UNS_OP276_g565__8428/Y                       -       B->Y    F     NOR2xp33_ASAP7_75t_R          2  1.3    44    19    1349    (-,-) 
  u_cbm/SUB_UNS_OP276_g564/Y                             -       A->Y    R     INVx1_ASAP7_75t_R             2  1.0    16    14    1363    (-,-) 
  u_cbm/SUB_UNS_OP276_g562__6260/Y                       -       B->Y    F     NOR2xp33_ASAP7_75t_R          2  1.3    47    19    1382    (-,-) 
  u_cbm/SUB_UNS_OP276_g561/Y                             -       A->Y    R     INVx1_ASAP7_75t_R             2  1.0    17    14    1395    (-,-) 
  u_cbm/SUB_UNS_OP276_g559__2398/Y                       -       B->Y    F     NOR2xp33_ASAP7_75t_R          2  1.3    43    19    1414    (-,-) 
  u_cbm/SUB_UNS_OP276_g558/Y                             -       A->Y    R     INVx1_ASAP7_75t_R             2  1.0    16    13    1428    (-,-) 
  u_cbm/SUB_UNS_OP276_g556__6417/Y                       -       B->Y    F     NOR2xp33_ASAP7_75t_R          2  1.3    48    19    1446    (-,-) 
  u_cbm/SUB_UNS_OP276_g555/Y                             -       A->Y    R     INVx1_ASAP7_75t_R             2  1.0    17    14    1460    (-,-) 
  u_cbm/SUB_UNS_OP276_g553__1666/Y                       -       B->Y    F     NOR2xp33_ASAP7_75t_R          2  1.3    42    19    1479    (-,-) 
  u_cbm/SUB_UNS_OP276_g552/Y                             -       A->Y    R     INVx1_ASAP7_75t_R             2  1.0    16    13    1493    (-,-) 
  u_cbm/SUB_UNS_OP276_g550__2883/Y                       -       B->Y    F     NOR2xp33_ASAP7_75t_R          2  1.3    48    19    1511    (-,-) 
  u_cbm/SUB_UNS_OP276_g549/Y                             -       A->Y    R     INVx1_ASAP7_75t_R             2  1.0    17    14    1525    (-,-) 
  u_cbm/SUB_UNS_OP276_g547__9315/Y                       -       B->Y    F     NOR2xp33_ASAP7_75t_R          2  1.3    45    19    1544    (-,-) 
  u_cbm/SUB_UNS_OP276_g546/Y                             -       A->Y    R     INVx1_ASAP7_75t_R             2  1.0    16    14    1558    (-,-) 
  u_cbm/SUB_UNS_OP276_g544__4733/Y                       -       B->Y    F     NOR2xp33_ASAP7_75t_R          2  1.3    48    19    1577    (-,-) 
  u_cbm/SUB_UNS_OP276_g543/Y                             -       A->Y    R     INVx1_ASAP7_75t_R             2  1.0    17    14    1591    (-,-) 
  u_cbm/SUB_UNS_OP276_g541__5115/Y                       -       B->Y    F     NOR2xp33_ASAP7_75t_R          2  1.3    42    19    1610    (-,-) 
  u_cbm/SUB_UNS_OP276_g540/Y                             -       A->Y    R     INVx1_ASAP7_75t_R             2  1.0    16    13    1623    (-,-) 
  u_cbm/SUB_UNS_OP276_g538__6131/Y                       -       B->Y    F     NOR2xp33_ASAP7_75t_R          2  1.3    48    19    1642    (-,-) 
  u_cbm/SUB_UNS_OP276_g537/Y                             -       A->Y    R     INVx1_ASAP7_75t_R             2  1.0    17    14    1656    (-,-) 
  u_cbm/SUB_UNS_OP276_g535__8246/Y                       -       B->Y    F     NOR2xp33_ASAP7_75t_R          2  1.3    45    19    1675    (-,-) 
  u_cbm/SUB_UNS_OP276_g534/Y                             -       A->Y    R     INVx1_ASAP7_75t_R             2  1.0    16    14    1688    (-,-) 
  u_cbm/SUB_UNS_OP276_g532__1705/Y                       -       B->Y    F     NOR2xp33_ASAP7_75t_R          2  1.3    48    19    1707    (-,-) 
  u_cbm/SUB_UNS_OP276_g531/Y                             -       A->Y    R     INVx1_ASAP7_75t_R             2  1.0    17    14    1721    (-,-) 
  u_cbm/SUB_UNS_OP276_g529__1617/Y                       -       B->Y    F     NOR2xp33_ASAP7_75t_R          2  1.3    45    19    1740    (-,-) 
  u_cbm/SUB_UNS_OP276_g528/Y                             -       A->Y    R     INVx1_ASAP7_75t_R             2  1.0    16    14    1754    (-,-) 
  u_cbm/SUB_UNS_OP276_g526__6783/Y                       -       B->Y    F     NOR2xp33_ASAP7_75t_R          2  1.3    47    19    1772    (-,-) 
  u_cbm/SUB_UNS_OP276_g525/Y                             -       A->Y    R     INVx1_ASAP7_75t_R             2  0.8    15    13    1785    (-,-) 
  u_cbm/SUB_UNS_OP276_g523__8428/Y                       -       B->Y    F     NOR2xp33_ASAP7_75t_R          2  1.2    42    18    1803    (-,-) 
  u_cbm/SUB_UNS_OP276_g522/Y                             -       A->Y    R     INVx1_ASAP7_75t_R             2  1.0    16    13    1816    (-,-) 
  u_cbm/SUB_UNS_OP276_g520__6260/Y                       -       B->Y    F     NOR2xp33_ASAP7_75t_R          2  1.3    48    19    1835    (-,-) 
  u_cbm/SUB_UNS_OP276_g519/Y                             -       A->Y    R     INVx1_ASAP7_75t_R             2  0.8    16    13    1848    (-,-) 
  u_cbm/SUB_UNS_OP276_g517__2398/Y                       -       B->Y    F     NOR2xp33_ASAP7_75t_R          2  1.2    40    18    1866    (-,-) 
  u_cbm/SUB_UNS_OP276_g516/Y                             -       A->Y    R     INVx1_ASAP7_75t_R             2  1.0    16    13    1879    (-,-) 
  u_cbm/SUB_UNS_OP276_g514__6417/Y                       -       B->Y    F     NOR2xp33_ASAP7_75t_R          2  1.3    48    19    1897    (-,-) 
  u_cbm/SUB_UNS_OP276_g513/Y                             -       A->Y    R     INVx1_ASAP7_75t_R             2  1.0    17    14    1911    (-,-) 
  u_cbm/SUB_UNS_OP276_g511__1666/Y                       -       B->Y    F     NOR2xp33_ASAP7_75t_R          2  1.3    44    19    1930    (-,-) 
  u_cbm/SUB_UNS_OP276_g510/Y                             -       A->Y    R     INVx1_ASAP7_75t_R             2  1.0    16    14    1944    (-,-) 
  u_cbm/SUB_UNS_OP276_g508__2883/Y                       -       B->Y    F     NOR2xp33_ASAP7_75t_R          2  1.3    48    19    1963    (-,-) 
  u_cbm/SUB_UNS_OP276_g506__9945/Y                       -       B->Y    R     AOI21xp5_ASAP7_75t_R          1  0.5    25    17    1979    (-,-) 
  u_cbm/g9416__9315/Y                                    -       B2->Y   R     AO22x1_ASAP7_75t_R            5  3.6    27    29    2008    (-,-) 
  u_cbm/csa_tree_SUB_TC_OP109_groupi_g1946/Y             -       A->Y    F     INVxp67_ASAP7_75t_R           1  1.1    14    12    2020    (-,-) 
  u_cbm/csa_tree_SUB_TC_OP109_groupi_g1915__5107/Y       -       C->Y    R     MAJIxp5_ASAP7_75t_R           2  2.2    40    25    2045    (-,-) 
  u_cbm/g12611/SN                                        -       CI->SN  F     FAx1_ASAP7_75t_R              2  1.6    38    55    2099    (-,-) 
  u_cbm/csa_tree_SUB_TC_OP109_groupi_g1763__5122/Y       -       A->Y    R     MAJIxp5_ASAP7_75t_R           2  3.3    56    39    2138    (-,-) 
  u_cbm/g12608/SN                                        -       B->SN   R     FAx1_ASAP7_75t_R              2  1.0    44    45    2184    (-,-) 
  u_cbm/csa_tree_SUB_TC_OP109_groupi_g1751__6260/Y       -       A->Y    F     NAND2xp33_ASAP7_75t_R         2  1.2    26    20    2204    (-,-) 
  u_cbm/csa_tree_SUB_TC_OP109_groupi_g1749__2398/Y       -       A2->Y   F     AO21x1_ASAP7_75t_R            1  0.5     6    18    2222    (-,-) 
  u_cbm/csa_tree_SUB_TC_OP109_groupi_g1748__5477/Y       -       C->Y    R     OAI221xp5_ASAP7_75t_R         1  0.6    26     9    2230    (-,-) 
  u_cbm/csa_tree_SUB_TC_OP109_groupi_g1747__6417/Y       -       A->Y    F     MAJIxp5_ASAP7_75t_R           1  0.6    17    14    2245    (-,-) 
  u_cbm/csa_tree_SUB_TC_OP109_groupi_g1746__7410/Y       -       B->Y    F     OA21x2_ASAP7_75t_R            2  1.7     9    17    2261    (-,-) 
  u_cbm/g12432__8246/Y                                   -       B->Y    R     NOR2x1_ASAP7_75t_R           64 35.7   248   115    2376    (-,-) 
  u_cbm/g12256__2346/Y                                   -       B1->Y   F     AOI222xp33_ASAP7_75t_R        1  0.6    58    41    2418    (-,-) 
  u_cbm/multiplicand_q_reg[24]/D                         -       -       F     ASYNC_DFFHx1_ASAP7_75t_R      1    -     -     0    2418    (-,-) 
#------------------------------------------------------------------------------------------------------------------------------------------------



Path 14: MET (1997564 ps) Setup Check with Pin u_cbm/multiplicand_q_reg[22]/CLK->D
          Group: core_clock
     Startpoint: (R) u_frontend/u_decode/genblk1.u_fifo/rd_ptr_q_reg[0]/CLK
          Clock: (R) core_clock
       Endpoint: (F) u_cbm/multiplicand_q_reg[22]/D
          Clock: (R) core_clock

                      Capture       Launch     
        Clock Edge:+  2000000            0     
       Src Latency:+        0            0     
       Net Latency:+        0 (I)        0 (I) 
           Arrival:=  2000000            0     
                                               
             Setup:-       18                  
     Required Time:=  1999982                  
      Launch Clock:-        0                  
         Data Path:-     2418                  
             Slack:=  1997564                  

#------------------------------------------------------------------------------------------------------------------------------------------------
#                     Timing Point                       Flags    Arc    Edge           Cell            Fanout Load Trans Delay Arrival Instance 
#                                                                                                              (fF)  (ps)  (ps)   (ps)  Location 
#------------------------------------------------------------------------------------------------------------------------------------------------
  u_frontend/u_decode/genblk1.u_fifo/rd_ptr_q_reg[0]/CLK -       -       R     (arrival)                  5356    -     0     0       0    (-,-) 
  u_frontend/u_decode/genblk1.u_fifo/rd_ptr_q_reg[0]/QN  -       CLK->QN R     ASYNC_DFFHx1_ASAP7_75t_R      1  0.6    13    36      36    (-,-) 
  u_frontend/u_decode/genblk1.u_fifo/g2479/Y             -       A->Y    R     BUFx2_ASAP7_75t_R           102 51.6   156    82     118    (-,-) 
  u_frontend/u_decode/genblk1.u_fifo/g2891/Y             -       A->Y    F     INVx2_ASAP7_75t_R            97 48.2   144   106     224    (-,-) 
  u_frontend/u_decode/genblk1.u_fifo/g2804/Y             -       A2->Y   F     AO22x1_ASAP7_75t_R            3  2.0    17    40     264    (-,-) 
  u_issue/g28658/Y                                       -       B->Y    R     XNOR2xp5_ASAP7_75t_R          1  0.5    18    14     278    (-,-) 
  u_issue/g28644/Y                                       -       D->Y    F     NAND4xp25_ASAP7_75t_R         1  0.6    25    17     296    (-,-) 
  u_issue/g28641/Y                                       -       A->Y    R     NOR5xp2_ASAP7_75t_R           1  0.5    41    23     319    (-,-) 
  u_issue/g28640/Y                                       -       A->Y    F     NAND5xp2_ASAP7_75t_R          2  1.1    46    30     349    (-,-) 
  u_issue/g28639/Y                                       -       A->Y    F     OR5x1_ASAP7_75t_R             3  1.6    19    44     393    (-,-) 
  u_issue/g28638/Y                                       -       A->Y    F     OR2x2_ASAP7_75t_R            20 10.4    33    37     430    (-,-) 
  u_issue/g45300/Y                                       -       A->Y    R     INVx2_ASAP7_75t_R            99 56.3   169    87     517    (-,-) 
  u_issue/g28291/Y                                       -       B2->Y   R     AO22x1_ASAP7_75t_R           22 11.2    71    64     581    (-,-) 
  u_issue/g45298/Y                                       -       A->Y    F     INVx1_ASAP7_75t_R            17  9.2    58    44     624    (-,-) 
  u_issue/g44952/Y                                       -       A->Y    R     NAND2xp5_ASAP7_75t_R          4  2.1    37    32     656    (-,-) 
  u_issue/g44832/Y                                       -       A->Y    F     NOR3xp33_ASAP7_75t_R          2  0.8    28    15     671    (-,-) 
  u_issue/g44639/Y                                       -       A->Y    R     NOR2xp33_ASAP7_75t_R          3  1.7    40    27     698    (-,-) 
  u_issue/g44554/Y                                       -       A->Y    F     NAND3xp33_ASAP7_75t_R         4  2.9    55    36     734    (-,-) 
  u_issue/g44546/Y                                       -       A->Y    R     NOR3xp33_ASAP7_75t_R          3  1.9    55    38     772    (-,-) 
  u_issue/g44542/Y                                       -       A->Y    F     INVx1_ASAP7_75t_R             1  0.6    13    10     782    (-,-) 
  u_issue/g44512/Y                                       -       A->Y    R     NOR4xp25_ASAP7_75t_R         17  8.8   245   118     900    (-,-) 
  u_issue/drc_bufs45344/Y                                -       A->Y    F     INVx1_ASAP7_75t_R             1  0.7    32    15     915    (-,-) 
  u_issue/drc_bufs45343/Y                                -       A->Y    R     INVx1_ASAP7_75t_R            16  8.1    53    34     949    (-,-) 
  u_issue/g44217/Y                                       -       A1->Y   F     AOI222xp33_ASAP7_75t_R        1  0.6    62    20     969    (-,-) 
  u_issue/g44110/Y                                       -       B->Y    R     NAND2xp5_ASAP7_75t_R          1  0.5    20    18     987    (-,-) 
  u_issue/g44019/Y                                       -       C->Y    F     AOI221xp5_ASAP7_75t_R         1  0.6    36    12     999    (-,-) 
  u_issue/g43925/Y                                       -       B->Y    R     NAND2xp5_ASAP7_75t_R         18  9.2   102    58    1057    (-,-) 
  u_cbm/SUB_UNS_OP276_g589__9315/Y                       -       A->Y    F     NOR2xp33_ASAP7_75t_R          2  1.3    48    40    1097    (-,-) 
  u_cbm/SUB_UNS_OP276_g588/Y                             -       A->Y    R     INVx1_ASAP7_75t_R             2  1.0    17    14    1111    (-,-) 
  u_cbm/SUB_UNS_OP276_g586__4733/Y                       -       B->Y    F     NOR2xp33_ASAP7_75t_R          2  1.3    46    19    1130    (-,-) 
  u_cbm/SUB_UNS_OP276_g585/Y                             -       A->Y    R     INVx1_ASAP7_75t_R             2  1.0    17    14    1144    (-,-) 
  u_cbm/SUB_UNS_OP276_g583__5115/Y                       -       B->Y    F     NOR2xp33_ASAP7_75t_R          2  1.3    42    19    1162    (-,-) 
  u_cbm/SUB_UNS_OP276_g582/Y                             -       A->Y    R     INVx1_ASAP7_75t_R             2  0.8    15    12    1175    (-,-) 
  u_cbm/SUB_UNS_OP276_g580__6131/Y                       -       B->Y    F     NOR2xp33_ASAP7_75t_R          2  1.2    45    17    1192    (-,-) 
  u_cbm/SUB_UNS_OP276_g579/Y                             -       A->Y    R     INVx1_ASAP7_75t_R             2  0.8    15    12    1205    (-,-) 
  u_cbm/SUB_UNS_OP276_g577__8246/Y                       -       B->Y    F     NOR2xp33_ASAP7_75t_R          2  1.2    41    18    1222    (-,-) 
  u_cbm/SUB_UNS_OP276_g576/Y                             -       A->Y    R     INVx1_ASAP7_75t_R             2  0.8    14    12    1234    (-,-) 
  u_cbm/SUB_UNS_OP276_g574__1705/Y                       -       B->Y    F     NOR2xp33_ASAP7_75t_R          2  1.2    45    17    1252    (-,-) 
  u_cbm/SUB_UNS_OP276_g573/Y                             -       A->Y    R     INVx1_ASAP7_75t_R             2  1.0    16    14    1265    (-,-) 
  u_cbm/SUB_UNS_OP276_g571__1617/Y                       -       B->Y    F     NOR2xp33_ASAP7_75t_R          2  1.3    42    19    1284    (-,-) 
  u_cbm/SUB_UNS_OP276_g570/Y                             -       A->Y    R     INVx1_ASAP7_75t_R             2  1.0    16    13    1297    (-,-) 
  u_cbm/SUB_UNS_OP276_g568__6783/Y                       -       B->Y    F     NOR2xp33_ASAP7_75t_R          2  1.3    48    19    1316    (-,-) 
  u_cbm/SUB_UNS_OP276_g567/Y                             -       A->Y    R     INVx1_ASAP7_75t_R             2  1.0    17    14    1330    (-,-) 
  u_cbm/SUB_UNS_OP276_g565__8428/Y                       -       B->Y    F     NOR2xp33_ASAP7_75t_R          2  1.3    44    19    1349    (-,-) 
  u_cbm/SUB_UNS_OP276_g564/Y                             -       A->Y    R     INVx1_ASAP7_75t_R             2  1.0    16    14    1363    (-,-) 
  u_cbm/SUB_UNS_OP276_g562__6260/Y                       -       B->Y    F     NOR2xp33_ASAP7_75t_R          2  1.3    47    19    1382    (-,-) 
  u_cbm/SUB_UNS_OP276_g561/Y                             -       A->Y    R     INVx1_ASAP7_75t_R             2  1.0    17    14    1395    (-,-) 
  u_cbm/SUB_UNS_OP276_g559__2398/Y                       -       B->Y    F     NOR2xp33_ASAP7_75t_R          2  1.3    43    19    1414    (-,-) 
  u_cbm/SUB_UNS_OP276_g558/Y                             -       A->Y    R     INVx1_ASAP7_75t_R             2  1.0    16    13    1428    (-,-) 
  u_cbm/SUB_UNS_OP276_g556__6417/Y                       -       B->Y    F     NOR2xp33_ASAP7_75t_R          2  1.3    48    19    1446    (-,-) 
  u_cbm/SUB_UNS_OP276_g555/Y                             -       A->Y    R     INVx1_ASAP7_75t_R             2  1.0    17    14    1460    (-,-) 
  u_cbm/SUB_UNS_OP276_g553__1666/Y                       -       B->Y    F     NOR2xp33_ASAP7_75t_R          2  1.3    42    19    1479    (-,-) 
  u_cbm/SUB_UNS_OP276_g552/Y                             -       A->Y    R     INVx1_ASAP7_75t_R             2  1.0    16    13    1493    (-,-) 
  u_cbm/SUB_UNS_OP276_g550__2883/Y                       -       B->Y    F     NOR2xp33_ASAP7_75t_R          2  1.3    48    19    1511    (-,-) 
  u_cbm/SUB_UNS_OP276_g549/Y                             -       A->Y    R     INVx1_ASAP7_75t_R             2  1.0    17    14    1525    (-,-) 
  u_cbm/SUB_UNS_OP276_g547__9315/Y                       -       B->Y    F     NOR2xp33_ASAP7_75t_R          2  1.3    45    19    1544    (-,-) 
  u_cbm/SUB_UNS_OP276_g546/Y                             -       A->Y    R     INVx1_ASAP7_75t_R             2  1.0    16    14    1558    (-,-) 
  u_cbm/SUB_UNS_OP276_g544__4733/Y                       -       B->Y    F     NOR2xp33_ASAP7_75t_R          2  1.3    48    19    1577    (-,-) 
  u_cbm/SUB_UNS_OP276_g543/Y                             -       A->Y    R     INVx1_ASAP7_75t_R             2  1.0    17    14    1591    (-,-) 
  u_cbm/SUB_UNS_OP276_g541__5115/Y                       -       B->Y    F     NOR2xp33_ASAP7_75t_R          2  1.3    42    19    1610    (-,-) 
  u_cbm/SUB_UNS_OP276_g540/Y                             -       A->Y    R     INVx1_ASAP7_75t_R             2  1.0    16    13    1623    (-,-) 
  u_cbm/SUB_UNS_OP276_g538__6131/Y                       -       B->Y    F     NOR2xp33_ASAP7_75t_R          2  1.3    48    19    1642    (-,-) 
  u_cbm/SUB_UNS_OP276_g537/Y                             -       A->Y    R     INVx1_ASAP7_75t_R             2  1.0    17    14    1656    (-,-) 
  u_cbm/SUB_UNS_OP276_g535__8246/Y                       -       B->Y    F     NOR2xp33_ASAP7_75t_R          2  1.3    45    19    1675    (-,-) 
  u_cbm/SUB_UNS_OP276_g534/Y                             -       A->Y    R     INVx1_ASAP7_75t_R             2  1.0    16    14    1688    (-,-) 
  u_cbm/SUB_UNS_OP276_g532__1705/Y                       -       B->Y    F     NOR2xp33_ASAP7_75t_R          2  1.3    48    19    1707    (-,-) 
  u_cbm/SUB_UNS_OP276_g531/Y                             -       A->Y    R     INVx1_ASAP7_75t_R             2  1.0    17    14    1721    (-,-) 
  u_cbm/SUB_UNS_OP276_g529__1617/Y                       -       B->Y    F     NOR2xp33_ASAP7_75t_R          2  1.3    45    19    1740    (-,-) 
  u_cbm/SUB_UNS_OP276_g528/Y                             -       A->Y    R     INVx1_ASAP7_75t_R             2  1.0    16    14    1754    (-,-) 
  u_cbm/SUB_UNS_OP276_g526__6783/Y                       -       B->Y    F     NOR2xp33_ASAP7_75t_R          2  1.3    47    19    1772    (-,-) 
  u_cbm/SUB_UNS_OP276_g525/Y                             -       A->Y    R     INVx1_ASAP7_75t_R             2  0.8    15    13    1785    (-,-) 
  u_cbm/SUB_UNS_OP276_g523__8428/Y                       -       B->Y    F     NOR2xp33_ASAP7_75t_R          2  1.2    42    18    1803    (-,-) 
  u_cbm/SUB_UNS_OP276_g522/Y                             -       A->Y    R     INVx1_ASAP7_75t_R             2  1.0    16    13    1816    (-,-) 
  u_cbm/SUB_UNS_OP276_g520__6260/Y                       -       B->Y    F     NOR2xp33_ASAP7_75t_R          2  1.3    48    19    1835    (-,-) 
  u_cbm/SUB_UNS_OP276_g519/Y                             -       A->Y    R     INVx1_ASAP7_75t_R             2  0.8    16    13    1848    (-,-) 
  u_cbm/SUB_UNS_OP276_g517__2398/Y                       -       B->Y    F     NOR2xp33_ASAP7_75t_R          2  1.2    40    18    1866    (-,-) 
  u_cbm/SUB_UNS_OP276_g516/Y                             -       A->Y    R     INVx1_ASAP7_75t_R             2  1.0    16    13    1879    (-,-) 
  u_cbm/SUB_UNS_OP276_g514__6417/Y                       -       B->Y    F     NOR2xp33_ASAP7_75t_R          2  1.3    48    19    1897    (-,-) 
  u_cbm/SUB_UNS_OP276_g513/Y                             -       A->Y    R     INVx1_ASAP7_75t_R             2  1.0    17    14    1911    (-,-) 
  u_cbm/SUB_UNS_OP276_g511__1666/Y                       -       B->Y    F     NOR2xp33_ASAP7_75t_R          2  1.3    44    19    1930    (-,-) 
  u_cbm/SUB_UNS_OP276_g510/Y                             -       A->Y    R     INVx1_ASAP7_75t_R             2  1.0    16    14    1944    (-,-) 
  u_cbm/SUB_UNS_OP276_g508__2883/Y                       -       B->Y    F     NOR2xp33_ASAP7_75t_R          2  1.3    48    19    1963    (-,-) 
  u_cbm/SUB_UNS_OP276_g506__9945/Y                       -       B->Y    R     AOI21xp5_ASAP7_75t_R          1  0.5    25    17    1979    (-,-) 
  u_cbm/g9416__9315/Y                                    -       B2->Y   R     AO22x1_ASAP7_75t_R            5  3.6    27    29    2008    (-,-) 
  u_cbm/csa_tree_SUB_TC_OP109_groupi_g1946/Y             -       A->Y    F     INVxp67_ASAP7_75t_R           1  1.1    14    12    2020    (-,-) 
  u_cbm/csa_tree_SUB_TC_OP109_groupi_g1915__5107/Y       -       C->Y    R     MAJIxp5_ASAP7_75t_R           2  2.2    40    25    2045    (-,-) 
  u_cbm/g12611/SN                                        -       CI->SN  F     FAx1_ASAP7_75t_R              2  1.6    38    55    2099    (-,-) 
  u_cbm/csa_tree_SUB_TC_OP109_groupi_g1763__5122/Y       -       A->Y    R     MAJIxp5_ASAP7_75t_R           2  3.3    56    39    2138    (-,-) 
  u_cbm/g12608/SN                                        -       B->SN   R     FAx1_ASAP7_75t_R              2  1.0    44    45    2184    (-,-) 
  u_cbm/csa_tree_SUB_TC_OP109_groupi_g1751__6260/Y       -       A->Y    F     NAND2xp33_ASAP7_75t_R         2  1.2    26    20    2204    (-,-) 
  u_cbm/csa_tree_SUB_TC_OP109_groupi_g1749__2398/Y       -       A2->Y   F     AO21x1_ASAP7_75t_R            1  0.5     6    18    2222    (-,-) 
  u_cbm/csa_tree_SUB_TC_OP109_groupi_g1748__5477/Y       -       C->Y    R     OAI221xp5_ASAP7_75t_R         1  0.6    26     9    2230    (-,-) 
  u_cbm/csa_tree_SUB_TC_OP109_groupi_g1747__6417/Y       -       A->Y    F     MAJIxp5_ASAP7_75t_R           1  0.6    17    14    2245    (-,-) 
  u_cbm/csa_tree_SUB_TC_OP109_groupi_g1746__7410/Y       -       B->Y    F     OA21x2_ASAP7_75t_R            2  1.7     9    17    2261    (-,-) 
  u_cbm/g12432__8246/Y                                   -       B->Y    R     NOR2x1_ASAP7_75t_R           64 35.7   248   115    2376    (-,-) 
  u_cbm/g12254__9945/Y                                   -       B1->Y   F     AOI222xp33_ASAP7_75t_R        1  0.6    58    41    2418    (-,-) 
  u_cbm/multiplicand_q_reg[22]/D                         -       -       F     ASYNC_DFFHx1_ASAP7_75t_R      1    -     -     0    2418    (-,-) 
#------------------------------------------------------------------------------------------------------------------------------------------------



Path 15: MET (1997564 ps) Setup Check with Pin u_cbm/multiplicand_q_reg[21]/CLK->D
          Group: core_clock
     Startpoint: (R) u_frontend/u_decode/genblk1.u_fifo/rd_ptr_q_reg[0]/CLK
          Clock: (R) core_clock
       Endpoint: (F) u_cbm/multiplicand_q_reg[21]/D
          Clock: (R) core_clock

                      Capture       Launch     
        Clock Edge:+  2000000            0     
       Src Latency:+        0            0     
       Net Latency:+        0 (I)        0 (I) 
           Arrival:=  2000000            0     
                                               
             Setup:-       18                  
     Required Time:=  1999982                  
      Launch Clock:-        0                  
         Data Path:-     2418                  
             Slack:=  1997564                  

#------------------------------------------------------------------------------------------------------------------------------------------------
#                     Timing Point                       Flags    Arc    Edge           Cell            Fanout Load Trans Delay Arrival Instance 
#                                                                                                              (fF)  (ps)  (ps)   (ps)  Location 
#------------------------------------------------------------------------------------------------------------------------------------------------
  u_frontend/u_decode/genblk1.u_fifo/rd_ptr_q_reg[0]/CLK -       -       R     (arrival)                  5356    -     0     0       0    (-,-) 
  u_frontend/u_decode/genblk1.u_fifo/rd_ptr_q_reg[0]/QN  -       CLK->QN R     ASYNC_DFFHx1_ASAP7_75t_R      1  0.6    13    36      36    (-,-) 
  u_frontend/u_decode/genblk1.u_fifo/g2479/Y             -       A->Y    R     BUFx2_ASAP7_75t_R           102 51.6   156    82     118    (-,-) 
  u_frontend/u_decode/genblk1.u_fifo/g2891/Y             -       A->Y    F     INVx2_ASAP7_75t_R            97 48.2   144   106     224    (-,-) 
  u_frontend/u_decode/genblk1.u_fifo/g2804/Y             -       A2->Y   F     AO22x1_ASAP7_75t_R            3  2.0    17    40     264    (-,-) 
  u_issue/g28658/Y                                       -       B->Y    R     XNOR2xp5_ASAP7_75t_R          1  0.5    18    14     278    (-,-) 
  u_issue/g28644/Y                                       -       D->Y    F     NAND4xp25_ASAP7_75t_R         1  0.6    25    17     296    (-,-) 
  u_issue/g28641/Y                                       -       A->Y    R     NOR5xp2_ASAP7_75t_R           1  0.5    41    23     319    (-,-) 
  u_issue/g28640/Y                                       -       A->Y    F     NAND5xp2_ASAP7_75t_R          2  1.1    46    30     349    (-,-) 
  u_issue/g28639/Y                                       -       A->Y    F     OR5x1_ASAP7_75t_R             3  1.6    19    44     393    (-,-) 
  u_issue/g28638/Y                                       -       A->Y    F     OR2x2_ASAP7_75t_R            20 10.4    33    37     430    (-,-) 
  u_issue/g45300/Y                                       -       A->Y    R     INVx2_ASAP7_75t_R            99 56.3   169    87     517    (-,-) 
  u_issue/g28291/Y                                       -       B2->Y   R     AO22x1_ASAP7_75t_R           22 11.2    71    64     581    (-,-) 
  u_issue/g45298/Y                                       -       A->Y    F     INVx1_ASAP7_75t_R            17  9.2    58    44     624    (-,-) 
  u_issue/g44952/Y                                       -       A->Y    R     NAND2xp5_ASAP7_75t_R          4  2.1    37    32     656    (-,-) 
  u_issue/g44832/Y                                       -       A->Y    F     NOR3xp33_ASAP7_75t_R          2  0.8    28    15     671    (-,-) 
  u_issue/g44639/Y                                       -       A->Y    R     NOR2xp33_ASAP7_75t_R          3  1.7    40    27     698    (-,-) 
  u_issue/g44554/Y                                       -       A->Y    F     NAND3xp33_ASAP7_75t_R         4  2.9    55    36     734    (-,-) 
  u_issue/g44546/Y                                       -       A->Y    R     NOR3xp33_ASAP7_75t_R          3  1.9    55    38     772    (-,-) 
  u_issue/g44542/Y                                       -       A->Y    F     INVx1_ASAP7_75t_R             1  0.6    13    10     782    (-,-) 
  u_issue/g44512/Y                                       -       A->Y    R     NOR4xp25_ASAP7_75t_R         17  8.8   245   118     900    (-,-) 
  u_issue/drc_bufs45344/Y                                -       A->Y    F     INVx1_ASAP7_75t_R             1  0.7    32    15     915    (-,-) 
  u_issue/drc_bufs45343/Y                                -       A->Y    R     INVx1_ASAP7_75t_R            16  8.1    53    34     949    (-,-) 
  u_issue/g44217/Y                                       -       A1->Y   F     AOI222xp33_ASAP7_75t_R        1  0.6    62    20     969    (-,-) 
  u_issue/g44110/Y                                       -       B->Y    R     NAND2xp5_ASAP7_75t_R          1  0.5    20    18     987    (-,-) 
  u_issue/g44019/Y                                       -       C->Y    F     AOI221xp5_ASAP7_75t_R         1  0.6    36    12     999    (-,-) 
  u_issue/g43925/Y                                       -       B->Y    R     NAND2xp5_ASAP7_75t_R         18  9.2   102    58    1057    (-,-) 
  u_cbm/SUB_UNS_OP276_g589__9315/Y                       -       A->Y    F     NOR2xp33_ASAP7_75t_R          2  1.3    48    40    1097    (-,-) 
  u_cbm/SUB_UNS_OP276_g588/Y                             -       A->Y    R     INVx1_ASAP7_75t_R             2  1.0    17    14    1111    (-,-) 
  u_cbm/SUB_UNS_OP276_g586__4733/Y                       -       B->Y    F     NOR2xp33_ASAP7_75t_R          2  1.3    46    19    1130    (-,-) 
  u_cbm/SUB_UNS_OP276_g585/Y                             -       A->Y    R     INVx1_ASAP7_75t_R             2  1.0    17    14    1144    (-,-) 
  u_cbm/SUB_UNS_OP276_g583__5115/Y                       -       B->Y    F     NOR2xp33_ASAP7_75t_R          2  1.3    42    19    1162    (-,-) 
  u_cbm/SUB_UNS_OP276_g582/Y                             -       A->Y    R     INVx1_ASAP7_75t_R             2  0.8    15    12    1175    (-,-) 
  u_cbm/SUB_UNS_OP276_g580__6131/Y                       -       B->Y    F     NOR2xp33_ASAP7_75t_R          2  1.2    45    17    1192    (-,-) 
  u_cbm/SUB_UNS_OP276_g579/Y                             -       A->Y    R     INVx1_ASAP7_75t_R             2  0.8    15    12    1205    (-,-) 
  u_cbm/SUB_UNS_OP276_g577__8246/Y                       -       B->Y    F     NOR2xp33_ASAP7_75t_R          2  1.2    41    18    1222    (-,-) 
  u_cbm/SUB_UNS_OP276_g576/Y                             -       A->Y    R     INVx1_ASAP7_75t_R             2  0.8    14    12    1234    (-,-) 
  u_cbm/SUB_UNS_OP276_g574__1705/Y                       -       B->Y    F     NOR2xp33_ASAP7_75t_R          2  1.2    45    17    1252    (-,-) 
  u_cbm/SUB_UNS_OP276_g573/Y                             -       A->Y    R     INVx1_ASAP7_75t_R             2  1.0    16    14    1265    (-,-) 
  u_cbm/SUB_UNS_OP276_g571__1617/Y                       -       B->Y    F     NOR2xp33_ASAP7_75t_R          2  1.3    42    19    1284    (-,-) 
  u_cbm/SUB_UNS_OP276_g570/Y                             -       A->Y    R     INVx1_ASAP7_75t_R             2  1.0    16    13    1297    (-,-) 
  u_cbm/SUB_UNS_OP276_g568__6783/Y                       -       B->Y    F     NOR2xp33_ASAP7_75t_R          2  1.3    48    19    1316    (-,-) 
  u_cbm/SUB_UNS_OP276_g567/Y                             -       A->Y    R     INVx1_ASAP7_75t_R             2  1.0    17    14    1330    (-,-) 
  u_cbm/SUB_UNS_OP276_g565__8428/Y                       -       B->Y    F     NOR2xp33_ASAP7_75t_R          2  1.3    44    19    1349    (-,-) 
  u_cbm/SUB_UNS_OP276_g564/Y                             -       A->Y    R     INVx1_ASAP7_75t_R             2  1.0    16    14    1363    (-,-) 
  u_cbm/SUB_UNS_OP276_g562__6260/Y                       -       B->Y    F     NOR2xp33_ASAP7_75t_R          2  1.3    47    19    1382    (-,-) 
  u_cbm/SUB_UNS_OP276_g561/Y                             -       A->Y    R     INVx1_ASAP7_75t_R             2  1.0    17    14    1395    (-,-) 
  u_cbm/SUB_UNS_OP276_g559__2398/Y                       -       B->Y    F     NOR2xp33_ASAP7_75t_R          2  1.3    43    19    1414    (-,-) 
  u_cbm/SUB_UNS_OP276_g558/Y                             -       A->Y    R     INVx1_ASAP7_75t_R             2  1.0    16    13    1428    (-,-) 
  u_cbm/SUB_UNS_OP276_g556__6417/Y                       -       B->Y    F     NOR2xp33_ASAP7_75t_R          2  1.3    48    19    1446    (-,-) 
  u_cbm/SUB_UNS_OP276_g555/Y                             -       A->Y    R     INVx1_ASAP7_75t_R             2  1.0    17    14    1460    (-,-) 
  u_cbm/SUB_UNS_OP276_g553__1666/Y                       -       B->Y    F     NOR2xp33_ASAP7_75t_R          2  1.3    42    19    1479    (-,-) 
  u_cbm/SUB_UNS_OP276_g552/Y                             -       A->Y    R     INVx1_ASAP7_75t_R             2  1.0    16    13    1493    (-,-) 
  u_cbm/SUB_UNS_OP276_g550__2883/Y                       -       B->Y    F     NOR2xp33_ASAP7_75t_R          2  1.3    48    19    1511    (-,-) 
  u_cbm/SUB_UNS_OP276_g549/Y                             -       A->Y    R     INVx1_ASAP7_75t_R             2  1.0    17    14    1525    (-,-) 
  u_cbm/SUB_UNS_OP276_g547__9315/Y                       -       B->Y    F     NOR2xp33_ASAP7_75t_R          2  1.3    45    19    1544    (-,-) 
  u_cbm/SUB_UNS_OP276_g546/Y                             -       A->Y    R     INVx1_ASAP7_75t_R             2  1.0    16    14    1558    (-,-) 
  u_cbm/SUB_UNS_OP276_g544__4733/Y                       -       B->Y    F     NOR2xp33_ASAP7_75t_R          2  1.3    48    19    1577    (-,-) 
  u_cbm/SUB_UNS_OP276_g543/Y                             -       A->Y    R     INVx1_ASAP7_75t_R             2  1.0    17    14    1591    (-,-) 
  u_cbm/SUB_UNS_OP276_g541__5115/Y                       -       B->Y    F     NOR2xp33_ASAP7_75t_R          2  1.3    42    19    1610    (-,-) 
  u_cbm/SUB_UNS_OP276_g540/Y                             -       A->Y    R     INVx1_ASAP7_75t_R             2  1.0    16    13    1623    (-,-) 
  u_cbm/SUB_UNS_OP276_g538__6131/Y                       -       B->Y    F     NOR2xp33_ASAP7_75t_R          2  1.3    48    19    1642    (-,-) 
  u_cbm/SUB_UNS_OP276_g537/Y                             -       A->Y    R     INVx1_ASAP7_75t_R             2  1.0    17    14    1656    (-,-) 
  u_cbm/SUB_UNS_OP276_g535__8246/Y                       -       B->Y    F     NOR2xp33_ASAP7_75t_R          2  1.3    45    19    1675    (-,-) 
  u_cbm/SUB_UNS_OP276_g534/Y                             -       A->Y    R     INVx1_ASAP7_75t_R             2  1.0    16    14    1688    (-,-) 
  u_cbm/SUB_UNS_OP276_g532__1705/Y                       -       B->Y    F     NOR2xp33_ASAP7_75t_R          2  1.3    48    19    1707    (-,-) 
  u_cbm/SUB_UNS_OP276_g531/Y                             -       A->Y    R     INVx1_ASAP7_75t_R             2  1.0    17    14    1721    (-,-) 
  u_cbm/SUB_UNS_OP276_g529__1617/Y                       -       B->Y    F     NOR2xp33_ASAP7_75t_R          2  1.3    45    19    1740    (-,-) 
  u_cbm/SUB_UNS_OP276_g528/Y                             -       A->Y    R     INVx1_ASAP7_75t_R             2  1.0    16    14    1754    (-,-) 
  u_cbm/SUB_UNS_OP276_g526__6783/Y                       -       B->Y    F     NOR2xp33_ASAP7_75t_R          2  1.3    47    19    1772    (-,-) 
  u_cbm/SUB_UNS_OP276_g525/Y                             -       A->Y    R     INVx1_ASAP7_75t_R             2  0.8    15    13    1785    (-,-) 
  u_cbm/SUB_UNS_OP276_g523__8428/Y                       -       B->Y    F     NOR2xp33_ASAP7_75t_R          2  1.2    42    18    1803    (-,-) 
  u_cbm/SUB_UNS_OP276_g522/Y                             -       A->Y    R     INVx1_ASAP7_75t_R             2  1.0    16    13    1816    (-,-) 
  u_cbm/SUB_UNS_OP276_g520__6260/Y                       -       B->Y    F     NOR2xp33_ASAP7_75t_R          2  1.3    48    19    1835    (-,-) 
  u_cbm/SUB_UNS_OP276_g519/Y                             -       A->Y    R     INVx1_ASAP7_75t_R             2  0.8    16    13    1848    (-,-) 
  u_cbm/SUB_UNS_OP276_g517__2398/Y                       -       B->Y    F     NOR2xp33_ASAP7_75t_R          2  1.2    40    18    1866    (-,-) 
  u_cbm/SUB_UNS_OP276_g516/Y                             -       A->Y    R     INVx1_ASAP7_75t_R             2  1.0    16    13    1879    (-,-) 
  u_cbm/SUB_UNS_OP276_g514__6417/Y                       -       B->Y    F     NOR2xp33_ASAP7_75t_R          2  1.3    48    19    1897    (-,-) 
  u_cbm/SUB_UNS_OP276_g513/Y                             -       A->Y    R     INVx1_ASAP7_75t_R             2  1.0    17    14    1911    (-,-) 
  u_cbm/SUB_UNS_OP276_g511__1666/Y                       -       B->Y    F     NOR2xp33_ASAP7_75t_R          2  1.3    44    19    1930    (-,-) 
  u_cbm/SUB_UNS_OP276_g510/Y                             -       A->Y    R     INVx1_ASAP7_75t_R             2  1.0    16    14    1944    (-,-) 
  u_cbm/SUB_UNS_OP276_g508__2883/Y                       -       B->Y    F     NOR2xp33_ASAP7_75t_R          2  1.3    48    19    1963    (-,-) 
  u_cbm/SUB_UNS_OP276_g506__9945/Y                       -       B->Y    R     AOI21xp5_ASAP7_75t_R          1  0.5    25    17    1979    (-,-) 
  u_cbm/g9416__9315/Y                                    -       B2->Y   R     AO22x1_ASAP7_75t_R            5  3.6    27    29    2008    (-,-) 
  u_cbm/csa_tree_SUB_TC_OP109_groupi_g1946/Y             -       A->Y    F     INVxp67_ASAP7_75t_R           1  1.1    14    12    2020    (-,-) 
  u_cbm/csa_tree_SUB_TC_OP109_groupi_g1915__5107/Y       -       C->Y    R     MAJIxp5_ASAP7_75t_R           2  2.2    40    25    2045    (-,-) 
  u_cbm/g12611/SN                                        -       CI->SN  F     FAx1_ASAP7_75t_R              2  1.6    38    55    2099    (-,-) 
  u_cbm/csa_tree_SUB_TC_OP109_groupi_g1763__5122/Y       -       A->Y    R     MAJIxp5_ASAP7_75t_R           2  3.3    56    39    2138    (-,-) 
  u_cbm/g12608/SN                                        -       B->SN   R     FAx1_ASAP7_75t_R              2  1.0    44    45    2184    (-,-) 
  u_cbm/csa_tree_SUB_TC_OP109_groupi_g1751__6260/Y       -       A->Y    F     NAND2xp33_ASAP7_75t_R         2  1.2    26    20    2204    (-,-) 
  u_cbm/csa_tree_SUB_TC_OP109_groupi_g1749__2398/Y       -       A2->Y   F     AO21x1_ASAP7_75t_R            1  0.5     6    18    2222    (-,-) 
  u_cbm/csa_tree_SUB_TC_OP109_groupi_g1748__5477/Y       -       C->Y    R     OAI221xp5_ASAP7_75t_R         1  0.6    26     9    2230    (-,-) 
  u_cbm/csa_tree_SUB_TC_OP109_groupi_g1747__6417/Y       -       A->Y    F     MAJIxp5_ASAP7_75t_R           1  0.6    17    14    2245    (-,-) 
  u_cbm/csa_tree_SUB_TC_OP109_groupi_g1746__7410/Y       -       B->Y    F     OA21x2_ASAP7_75t_R            2  1.7     9    17    2261    (-,-) 
  u_cbm/g12432__8246/Y                                   -       B->Y    R     NOR2x1_ASAP7_75t_R           64 35.7   248   115    2376    (-,-) 
  u_cbm/g12253__9315/Y                                   -       B1->Y   F     AOI222xp33_ASAP7_75t_R        1  0.6    58    41    2418    (-,-) 
  u_cbm/multiplicand_q_reg[21]/D                         -       -       F     ASYNC_DFFHx1_ASAP7_75t_R      1    -     -     0    2418    (-,-) 
#------------------------------------------------------------------------------------------------------------------------------------------------



Path 16: MET (1997564 ps) Setup Check with Pin u_cbm/multiplicand_q_reg[20]/CLK->D
          Group: core_clock
     Startpoint: (R) u_frontend/u_decode/genblk1.u_fifo/rd_ptr_q_reg[0]/CLK
          Clock: (R) core_clock
       Endpoint: (F) u_cbm/multiplicand_q_reg[20]/D
          Clock: (R) core_clock

                      Capture       Launch     
        Clock Edge:+  2000000            0     
       Src Latency:+        0            0     
       Net Latency:+        0 (I)        0 (I) 
           Arrival:=  2000000            0     
                                               
             Setup:-       18                  
     Required Time:=  1999982                  
      Launch Clock:-        0                  
         Data Path:-     2418                  
             Slack:=  1997564                  

#------------------------------------------------------------------------------------------------------------------------------------------------
#                     Timing Point                       Flags    Arc    Edge           Cell            Fanout Load Trans Delay Arrival Instance 
#                                                                                                              (fF)  (ps)  (ps)   (ps)  Location 
#------------------------------------------------------------------------------------------------------------------------------------------------
  u_frontend/u_decode/genblk1.u_fifo/rd_ptr_q_reg[0]/CLK -       -       R     (arrival)                  5356    -     0     0       0    (-,-) 
  u_frontend/u_decode/genblk1.u_fifo/rd_ptr_q_reg[0]/QN  -       CLK->QN R     ASYNC_DFFHx1_ASAP7_75t_R      1  0.6    13    36      36    (-,-) 
  u_frontend/u_decode/genblk1.u_fifo/g2479/Y             -       A->Y    R     BUFx2_ASAP7_75t_R           102 51.6   156    82     118    (-,-) 
  u_frontend/u_decode/genblk1.u_fifo/g2891/Y             -       A->Y    F     INVx2_ASAP7_75t_R            97 48.2   144   106     224    (-,-) 
  u_frontend/u_decode/genblk1.u_fifo/g2804/Y             -       A2->Y   F     AO22x1_ASAP7_75t_R            3  2.0    17    40     264    (-,-) 
  u_issue/g28658/Y                                       -       B->Y    R     XNOR2xp5_ASAP7_75t_R          1  0.5    18    14     278    (-,-) 
  u_issue/g28644/Y                                       -       D->Y    F     NAND4xp25_ASAP7_75t_R         1  0.6    25    17     296    (-,-) 
  u_issue/g28641/Y                                       -       A->Y    R     NOR5xp2_ASAP7_75t_R           1  0.5    41    23     319    (-,-) 
  u_issue/g28640/Y                                       -       A->Y    F     NAND5xp2_ASAP7_75t_R          2  1.1    46    30     349    (-,-) 
  u_issue/g28639/Y                                       -       A->Y    F     OR5x1_ASAP7_75t_R             3  1.6    19    44     393    (-,-) 
  u_issue/g28638/Y                                       -       A->Y    F     OR2x2_ASAP7_75t_R            20 10.4    33    37     430    (-,-) 
  u_issue/g45300/Y                                       -       A->Y    R     INVx2_ASAP7_75t_R            99 56.3   169    87     517    (-,-) 
  u_issue/g28291/Y                                       -       B2->Y   R     AO22x1_ASAP7_75t_R           22 11.2    71    64     581    (-,-) 
  u_issue/g45298/Y                                       -       A->Y    F     INVx1_ASAP7_75t_R            17  9.2    58    44     624    (-,-) 
  u_issue/g44952/Y                                       -       A->Y    R     NAND2xp5_ASAP7_75t_R          4  2.1    37    32     656    (-,-) 
  u_issue/g44832/Y                                       -       A->Y    F     NOR3xp33_ASAP7_75t_R          2  0.8    28    15     671    (-,-) 
  u_issue/g44639/Y                                       -       A->Y    R     NOR2xp33_ASAP7_75t_R          3  1.7    40    27     698    (-,-) 
  u_issue/g44554/Y                                       -       A->Y    F     NAND3xp33_ASAP7_75t_R         4  2.9    55    36     734    (-,-) 
  u_issue/g44546/Y                                       -       A->Y    R     NOR3xp33_ASAP7_75t_R          3  1.9    55    38     772    (-,-) 
  u_issue/g44542/Y                                       -       A->Y    F     INVx1_ASAP7_75t_R             1  0.6    13    10     782    (-,-) 
  u_issue/g44512/Y                                       -       A->Y    R     NOR4xp25_ASAP7_75t_R         17  8.8   245   118     900    (-,-) 
  u_issue/drc_bufs45344/Y                                -       A->Y    F     INVx1_ASAP7_75t_R             1  0.7    32    15     915    (-,-) 
  u_issue/drc_bufs45343/Y                                -       A->Y    R     INVx1_ASAP7_75t_R            16  8.1    53    34     949    (-,-) 
  u_issue/g44217/Y                                       -       A1->Y   F     AOI222xp33_ASAP7_75t_R        1  0.6    62    20     969    (-,-) 
  u_issue/g44110/Y                                       -       B->Y    R     NAND2xp5_ASAP7_75t_R          1  0.5    20    18     987    (-,-) 
  u_issue/g44019/Y                                       -       C->Y    F     AOI221xp5_ASAP7_75t_R         1  0.6    36    12     999    (-,-) 
  u_issue/g43925/Y                                       -       B->Y    R     NAND2xp5_ASAP7_75t_R         18  9.2   102    58    1057    (-,-) 
  u_cbm/SUB_UNS_OP276_g589__9315/Y                       -       A->Y    F     NOR2xp33_ASAP7_75t_R          2  1.3    48    40    1097    (-,-) 
  u_cbm/SUB_UNS_OP276_g588/Y                             -       A->Y    R     INVx1_ASAP7_75t_R             2  1.0    17    14    1111    (-,-) 
  u_cbm/SUB_UNS_OP276_g586__4733/Y                       -       B->Y    F     NOR2xp33_ASAP7_75t_R          2  1.3    46    19    1130    (-,-) 
  u_cbm/SUB_UNS_OP276_g585/Y                             -       A->Y    R     INVx1_ASAP7_75t_R             2  1.0    17    14    1144    (-,-) 
  u_cbm/SUB_UNS_OP276_g583__5115/Y                       -       B->Y    F     NOR2xp33_ASAP7_75t_R          2  1.3    42    19    1162    (-,-) 
  u_cbm/SUB_UNS_OP276_g582/Y                             -       A->Y    R     INVx1_ASAP7_75t_R             2  0.8    15    12    1175    (-,-) 
  u_cbm/SUB_UNS_OP276_g580__6131/Y                       -       B->Y    F     NOR2xp33_ASAP7_75t_R          2  1.2    45    17    1192    (-,-) 
  u_cbm/SUB_UNS_OP276_g579/Y                             -       A->Y    R     INVx1_ASAP7_75t_R             2  0.8    15    12    1205    (-,-) 
  u_cbm/SUB_UNS_OP276_g577__8246/Y                       -       B->Y    F     NOR2xp33_ASAP7_75t_R          2  1.2    41    18    1222    (-,-) 
  u_cbm/SUB_UNS_OP276_g576/Y                             -       A->Y    R     INVx1_ASAP7_75t_R             2  0.8    14    12    1234    (-,-) 
  u_cbm/SUB_UNS_OP276_g574__1705/Y                       -       B->Y    F     NOR2xp33_ASAP7_75t_R          2  1.2    45    17    1252    (-,-) 
  u_cbm/SUB_UNS_OP276_g573/Y                             -       A->Y    R     INVx1_ASAP7_75t_R             2  1.0    16    14    1265    (-,-) 
  u_cbm/SUB_UNS_OP276_g571__1617/Y                       -       B->Y    F     NOR2xp33_ASAP7_75t_R          2  1.3    42    19    1284    (-,-) 
  u_cbm/SUB_UNS_OP276_g570/Y                             -       A->Y    R     INVx1_ASAP7_75t_R             2  1.0    16    13    1297    (-,-) 
  u_cbm/SUB_UNS_OP276_g568__6783/Y                       -       B->Y    F     NOR2xp33_ASAP7_75t_R          2  1.3    48    19    1316    (-,-) 
  u_cbm/SUB_UNS_OP276_g567/Y                             -       A->Y    R     INVx1_ASAP7_75t_R             2  1.0    17    14    1330    (-,-) 
  u_cbm/SUB_UNS_OP276_g565__8428/Y                       -       B->Y    F     NOR2xp33_ASAP7_75t_R          2  1.3    44    19    1349    (-,-) 
  u_cbm/SUB_UNS_OP276_g564/Y                             -       A->Y    R     INVx1_ASAP7_75t_R             2  1.0    16    14    1363    (-,-) 
  u_cbm/SUB_UNS_OP276_g562__6260/Y                       -       B->Y    F     NOR2xp33_ASAP7_75t_R          2  1.3    47    19    1382    (-,-) 
  u_cbm/SUB_UNS_OP276_g561/Y                             -       A->Y    R     INVx1_ASAP7_75t_R             2  1.0    17    14    1395    (-,-) 
  u_cbm/SUB_UNS_OP276_g559__2398/Y                       -       B->Y    F     NOR2xp33_ASAP7_75t_R          2  1.3    43    19    1414    (-,-) 
  u_cbm/SUB_UNS_OP276_g558/Y                             -       A->Y    R     INVx1_ASAP7_75t_R             2  1.0    16    13    1428    (-,-) 
  u_cbm/SUB_UNS_OP276_g556__6417/Y                       -       B->Y    F     NOR2xp33_ASAP7_75t_R          2  1.3    48    19    1446    (-,-) 
  u_cbm/SUB_UNS_OP276_g555/Y                             -       A->Y    R     INVx1_ASAP7_75t_R             2  1.0    17    14    1460    (-,-) 
  u_cbm/SUB_UNS_OP276_g553__1666/Y                       -       B->Y    F     NOR2xp33_ASAP7_75t_R          2  1.3    42    19    1479    (-,-) 
  u_cbm/SUB_UNS_OP276_g552/Y                             -       A->Y    R     INVx1_ASAP7_75t_R             2  1.0    16    13    1493    (-,-) 
  u_cbm/SUB_UNS_OP276_g550__2883/Y                       -       B->Y    F     NOR2xp33_ASAP7_75t_R          2  1.3    48    19    1511    (-,-) 
  u_cbm/SUB_UNS_OP276_g549/Y                             -       A->Y    R     INVx1_ASAP7_75t_R             2  1.0    17    14    1525    (-,-) 
  u_cbm/SUB_UNS_OP276_g547__9315/Y                       -       B->Y    F     NOR2xp33_ASAP7_75t_R          2  1.3    45    19    1544    (-,-) 
  u_cbm/SUB_UNS_OP276_g546/Y                             -       A->Y    R     INVx1_ASAP7_75t_R             2  1.0    16    14    1558    (-,-) 
  u_cbm/SUB_UNS_OP276_g544__4733/Y                       -       B->Y    F     NOR2xp33_ASAP7_75t_R          2  1.3    48    19    1577    (-,-) 
  u_cbm/SUB_UNS_OP276_g543/Y                             -       A->Y    R     INVx1_ASAP7_75t_R             2  1.0    17    14    1591    (-,-) 
  u_cbm/SUB_UNS_OP276_g541__5115/Y                       -       B->Y    F     NOR2xp33_ASAP7_75t_R          2  1.3    42    19    1610    (-,-) 
  u_cbm/SUB_UNS_OP276_g540/Y                             -       A->Y    R     INVx1_ASAP7_75t_R             2  1.0    16    13    1623    (-,-) 
  u_cbm/SUB_UNS_OP276_g538__6131/Y                       -       B->Y    F     NOR2xp33_ASAP7_75t_R          2  1.3    48    19    1642    (-,-) 
  u_cbm/SUB_UNS_OP276_g537/Y                             -       A->Y    R     INVx1_ASAP7_75t_R             2  1.0    17    14    1656    (-,-) 
  u_cbm/SUB_UNS_OP276_g535__8246/Y                       -       B->Y    F     NOR2xp33_ASAP7_75t_R          2  1.3    45    19    1675    (-,-) 
  u_cbm/SUB_UNS_OP276_g534/Y                             -       A->Y    R     INVx1_ASAP7_75t_R             2  1.0    16    14    1688    (-,-) 
  u_cbm/SUB_UNS_OP276_g532__1705/Y                       -       B->Y    F     NOR2xp33_ASAP7_75t_R          2  1.3    48    19    1707    (-,-) 
  u_cbm/SUB_UNS_OP276_g531/Y                             -       A->Y    R     INVx1_ASAP7_75t_R             2  1.0    17    14    1721    (-,-) 
  u_cbm/SUB_UNS_OP276_g529__1617/Y                       -       B->Y    F     NOR2xp33_ASAP7_75t_R          2  1.3    45    19    1740    (-,-) 
  u_cbm/SUB_UNS_OP276_g528/Y                             -       A->Y    R     INVx1_ASAP7_75t_R             2  1.0    16    14    1754    (-,-) 
  u_cbm/SUB_UNS_OP276_g526__6783/Y                       -       B->Y    F     NOR2xp33_ASAP7_75t_R          2  1.3    47    19    1772    (-,-) 
  u_cbm/SUB_UNS_OP276_g525/Y                             -       A->Y    R     INVx1_ASAP7_75t_R             2  0.8    15    13    1785    (-,-) 
  u_cbm/SUB_UNS_OP276_g523__8428/Y                       -       B->Y    F     NOR2xp33_ASAP7_75t_R          2  1.2    42    18    1803    (-,-) 
  u_cbm/SUB_UNS_OP276_g522/Y                             -       A->Y    R     INVx1_ASAP7_75t_R             2  1.0    16    13    1816    (-,-) 
  u_cbm/SUB_UNS_OP276_g520__6260/Y                       -       B->Y    F     NOR2xp33_ASAP7_75t_R          2  1.3    48    19    1835    (-,-) 
  u_cbm/SUB_UNS_OP276_g519/Y                             -       A->Y    R     INVx1_ASAP7_75t_R             2  0.8    16    13    1848    (-,-) 
  u_cbm/SUB_UNS_OP276_g517__2398/Y                       -       B->Y    F     NOR2xp33_ASAP7_75t_R          2  1.2    40    18    1866    (-,-) 
  u_cbm/SUB_UNS_OP276_g516/Y                             -       A->Y    R     INVx1_ASAP7_75t_R             2  1.0    16    13    1879    (-,-) 
  u_cbm/SUB_UNS_OP276_g514__6417/Y                       -       B->Y    F     NOR2xp33_ASAP7_75t_R          2  1.3    48    19    1897    (-,-) 
  u_cbm/SUB_UNS_OP276_g513/Y                             -       A->Y    R     INVx1_ASAP7_75t_R             2  1.0    17    14    1911    (-,-) 
  u_cbm/SUB_UNS_OP276_g511__1666/Y                       -       B->Y    F     NOR2xp33_ASAP7_75t_R          2  1.3    44    19    1930    (-,-) 
  u_cbm/SUB_UNS_OP276_g510/Y                             -       A->Y    R     INVx1_ASAP7_75t_R             2  1.0    16    14    1944    (-,-) 
  u_cbm/SUB_UNS_OP276_g508__2883/Y                       -       B->Y    F     NOR2xp33_ASAP7_75t_R          2  1.3    48    19    1963    (-,-) 
  u_cbm/SUB_UNS_OP276_g506__9945/Y                       -       B->Y    R     AOI21xp5_ASAP7_75t_R          1  0.5    25    17    1979    (-,-) 
  u_cbm/g9416__9315/Y                                    -       B2->Y   R     AO22x1_ASAP7_75t_R            5  3.6    27    29    2008    (-,-) 
  u_cbm/csa_tree_SUB_TC_OP109_groupi_g1946/Y             -       A->Y    F     INVxp67_ASAP7_75t_R           1  1.1    14    12    2020    (-,-) 
  u_cbm/csa_tree_SUB_TC_OP109_groupi_g1915__5107/Y       -       C->Y    R     MAJIxp5_ASAP7_75t_R           2  2.2    40    25    2045    (-,-) 
  u_cbm/g12611/SN                                        -       CI->SN  F     FAx1_ASAP7_75t_R              2  1.6    38    55    2099    (-,-) 
  u_cbm/csa_tree_SUB_TC_OP109_groupi_g1763__5122/Y       -       A->Y    R     MAJIxp5_ASAP7_75t_R           2  3.3    56    39    2138    (-,-) 
  u_cbm/g12608/SN                                        -       B->SN   R     FAx1_ASAP7_75t_R              2  1.0    44    45    2184    (-,-) 
  u_cbm/csa_tree_SUB_TC_OP109_groupi_g1751__6260/Y       -       A->Y    F     NAND2xp33_ASAP7_75t_R         2  1.2    26    20    2204    (-,-) 
  u_cbm/csa_tree_SUB_TC_OP109_groupi_g1749__2398/Y       -       A2->Y   F     AO21x1_ASAP7_75t_R            1  0.5     6    18    2222    (-,-) 
  u_cbm/csa_tree_SUB_TC_OP109_groupi_g1748__5477/Y       -       C->Y    R     OAI221xp5_ASAP7_75t_R         1  0.6    26     9    2230    (-,-) 
  u_cbm/csa_tree_SUB_TC_OP109_groupi_g1747__6417/Y       -       A->Y    F     MAJIxp5_ASAP7_75t_R           1  0.6    17    14    2245    (-,-) 
  u_cbm/csa_tree_SUB_TC_OP109_groupi_g1746__7410/Y       -       B->Y    F     OA21x2_ASAP7_75t_R            2  1.7     9    17    2261    (-,-) 
  u_cbm/g12432__8246/Y                                   -       B->Y    R     NOR2x1_ASAP7_75t_R           64 35.7   248   115    2376    (-,-) 
  u_cbm/g12252__6161/Y                                   -       B1->Y   F     AOI222xp33_ASAP7_75t_R        1  0.6    58    41    2418    (-,-) 
  u_cbm/multiplicand_q_reg[20]/D                         -       -       F     ASYNC_DFFHx1_ASAP7_75t_R      1    -     -     0    2418    (-,-) 
#------------------------------------------------------------------------------------------------------------------------------------------------



Path 17: MET (1997564 ps) Setup Check with Pin u_cbm/multiplicand_q_reg[19]/CLK->D
          Group: core_clock
     Startpoint: (R) u_frontend/u_decode/genblk1.u_fifo/rd_ptr_q_reg[0]/CLK
          Clock: (R) core_clock
       Endpoint: (F) u_cbm/multiplicand_q_reg[19]/D
          Clock: (R) core_clock

                      Capture       Launch     
        Clock Edge:+  2000000            0     
       Src Latency:+        0            0     
       Net Latency:+        0 (I)        0 (I) 
           Arrival:=  2000000            0     
                                               
             Setup:-       18                  
     Required Time:=  1999982                  
      Launch Clock:-        0                  
         Data Path:-     2418                  
             Slack:=  1997564                  

#------------------------------------------------------------------------------------------------------------------------------------------------
#                     Timing Point                       Flags    Arc    Edge           Cell            Fanout Load Trans Delay Arrival Instance 
#                                                                                                              (fF)  (ps)  (ps)   (ps)  Location 
#------------------------------------------------------------------------------------------------------------------------------------------------
  u_frontend/u_decode/genblk1.u_fifo/rd_ptr_q_reg[0]/CLK -       -       R     (arrival)                  5356    -     0     0       0    (-,-) 
  u_frontend/u_decode/genblk1.u_fifo/rd_ptr_q_reg[0]/QN  -       CLK->QN R     ASYNC_DFFHx1_ASAP7_75t_R      1  0.6    13    36      36    (-,-) 
  u_frontend/u_decode/genblk1.u_fifo/g2479/Y             -       A->Y    R     BUFx2_ASAP7_75t_R           102 51.6   156    82     118    (-,-) 
  u_frontend/u_decode/genblk1.u_fifo/g2891/Y             -       A->Y    F     INVx2_ASAP7_75t_R            97 48.2   144   106     224    (-,-) 
  u_frontend/u_decode/genblk1.u_fifo/g2804/Y             -       A2->Y   F     AO22x1_ASAP7_75t_R            3  2.0    17    40     264    (-,-) 
  u_issue/g28658/Y                                       -       B->Y    R     XNOR2xp5_ASAP7_75t_R          1  0.5    18    14     278    (-,-) 
  u_issue/g28644/Y                                       -       D->Y    F     NAND4xp25_ASAP7_75t_R         1  0.6    25    17     296    (-,-) 
  u_issue/g28641/Y                                       -       A->Y    R     NOR5xp2_ASAP7_75t_R           1  0.5    41    23     319    (-,-) 
  u_issue/g28640/Y                                       -       A->Y    F     NAND5xp2_ASAP7_75t_R          2  1.1    46    30     349    (-,-) 
  u_issue/g28639/Y                                       -       A->Y    F     OR5x1_ASAP7_75t_R             3  1.6    19    44     393    (-,-) 
  u_issue/g28638/Y                                       -       A->Y    F     OR2x2_ASAP7_75t_R            20 10.4    33    37     430    (-,-) 
  u_issue/g45300/Y                                       -       A->Y    R     INVx2_ASAP7_75t_R            99 56.3   169    87     517    (-,-) 
  u_issue/g28291/Y                                       -       B2->Y   R     AO22x1_ASAP7_75t_R           22 11.2    71    64     581    (-,-) 
  u_issue/g45298/Y                                       -       A->Y    F     INVx1_ASAP7_75t_R            17  9.2    58    44     624    (-,-) 
  u_issue/g44952/Y                                       -       A->Y    R     NAND2xp5_ASAP7_75t_R          4  2.1    37    32     656    (-,-) 
  u_issue/g44832/Y                                       -       A->Y    F     NOR3xp33_ASAP7_75t_R          2  0.8    28    15     671    (-,-) 
  u_issue/g44639/Y                                       -       A->Y    R     NOR2xp33_ASAP7_75t_R          3  1.7    40    27     698    (-,-) 
  u_issue/g44554/Y                                       -       A->Y    F     NAND3xp33_ASAP7_75t_R         4  2.9    55    36     734    (-,-) 
  u_issue/g44546/Y                                       -       A->Y    R     NOR3xp33_ASAP7_75t_R          3  1.9    55    38     772    (-,-) 
  u_issue/g44542/Y                                       -       A->Y    F     INVx1_ASAP7_75t_R             1  0.6    13    10     782    (-,-) 
  u_issue/g44512/Y                                       -       A->Y    R     NOR4xp25_ASAP7_75t_R         17  8.8   245   118     900    (-,-) 
  u_issue/drc_bufs45344/Y                                -       A->Y    F     INVx1_ASAP7_75t_R             1  0.7    32    15     915    (-,-) 
  u_issue/drc_bufs45343/Y                                -       A->Y    R     INVx1_ASAP7_75t_R            16  8.1    53    34     949    (-,-) 
  u_issue/g44217/Y                                       -       A1->Y   F     AOI222xp33_ASAP7_75t_R        1  0.6    62    20     969    (-,-) 
  u_issue/g44110/Y                                       -       B->Y    R     NAND2xp5_ASAP7_75t_R          1  0.5    20    18     987    (-,-) 
  u_issue/g44019/Y                                       -       C->Y    F     AOI221xp5_ASAP7_75t_R         1  0.6    36    12     999    (-,-) 
  u_issue/g43925/Y                                       -       B->Y    R     NAND2xp5_ASAP7_75t_R         18  9.2   102    58    1057    (-,-) 
  u_cbm/SUB_UNS_OP276_g589__9315/Y                       -       A->Y    F     NOR2xp33_ASAP7_75t_R          2  1.3    48    40    1097    (-,-) 
  u_cbm/SUB_UNS_OP276_g588/Y                             -       A->Y    R     INVx1_ASAP7_75t_R             2  1.0    17    14    1111    (-,-) 
  u_cbm/SUB_UNS_OP276_g586__4733/Y                       -       B->Y    F     NOR2xp33_ASAP7_75t_R          2  1.3    46    19    1130    (-,-) 
  u_cbm/SUB_UNS_OP276_g585/Y                             -       A->Y    R     INVx1_ASAP7_75t_R             2  1.0    17    14    1144    (-,-) 
  u_cbm/SUB_UNS_OP276_g583__5115/Y                       -       B->Y    F     NOR2xp33_ASAP7_75t_R          2  1.3    42    19    1162    (-,-) 
  u_cbm/SUB_UNS_OP276_g582/Y                             -       A->Y    R     INVx1_ASAP7_75t_R             2  0.8    15    12    1175    (-,-) 
  u_cbm/SUB_UNS_OP276_g580__6131/Y                       -       B->Y    F     NOR2xp33_ASAP7_75t_R          2  1.2    45    17    1192    (-,-) 
  u_cbm/SUB_UNS_OP276_g579/Y                             -       A->Y    R     INVx1_ASAP7_75t_R             2  0.8    15    12    1205    (-,-) 
  u_cbm/SUB_UNS_OP276_g577__8246/Y                       -       B->Y    F     NOR2xp33_ASAP7_75t_R          2  1.2    41    18    1222    (-,-) 
  u_cbm/SUB_UNS_OP276_g576/Y                             -       A->Y    R     INVx1_ASAP7_75t_R             2  0.8    14    12    1234    (-,-) 
  u_cbm/SUB_UNS_OP276_g574__1705/Y                       -       B->Y    F     NOR2xp33_ASAP7_75t_R          2  1.2    45    17    1252    (-,-) 
  u_cbm/SUB_UNS_OP276_g573/Y                             -       A->Y    R     INVx1_ASAP7_75t_R             2  1.0    16    14    1265    (-,-) 
  u_cbm/SUB_UNS_OP276_g571__1617/Y                       -       B->Y    F     NOR2xp33_ASAP7_75t_R          2  1.3    42    19    1284    (-,-) 
  u_cbm/SUB_UNS_OP276_g570/Y                             -       A->Y    R     INVx1_ASAP7_75t_R             2  1.0    16    13    1297    (-,-) 
  u_cbm/SUB_UNS_OP276_g568__6783/Y                       -       B->Y    F     NOR2xp33_ASAP7_75t_R          2  1.3    48    19    1316    (-,-) 
  u_cbm/SUB_UNS_OP276_g567/Y                             -       A->Y    R     INVx1_ASAP7_75t_R             2  1.0    17    14    1330    (-,-) 
  u_cbm/SUB_UNS_OP276_g565__8428/Y                       -       B->Y    F     NOR2xp33_ASAP7_75t_R          2  1.3    44    19    1349    (-,-) 
  u_cbm/SUB_UNS_OP276_g564/Y                             -       A->Y    R     INVx1_ASAP7_75t_R             2  1.0    16    14    1363    (-,-) 
  u_cbm/SUB_UNS_OP276_g562__6260/Y                       -       B->Y    F     NOR2xp33_ASAP7_75t_R          2  1.3    47    19    1382    (-,-) 
  u_cbm/SUB_UNS_OP276_g561/Y                             -       A->Y    R     INVx1_ASAP7_75t_R             2  1.0    17    14    1395    (-,-) 
  u_cbm/SUB_UNS_OP276_g559__2398/Y                       -       B->Y    F     NOR2xp33_ASAP7_75t_R          2  1.3    43    19    1414    (-,-) 
  u_cbm/SUB_UNS_OP276_g558/Y                             -       A->Y    R     INVx1_ASAP7_75t_R             2  1.0    16    13    1428    (-,-) 
  u_cbm/SUB_UNS_OP276_g556__6417/Y                       -       B->Y    F     NOR2xp33_ASAP7_75t_R          2  1.3    48    19    1446    (-,-) 
  u_cbm/SUB_UNS_OP276_g555/Y                             -       A->Y    R     INVx1_ASAP7_75t_R             2  1.0    17    14    1460    (-,-) 
  u_cbm/SUB_UNS_OP276_g553__1666/Y                       -       B->Y    F     NOR2xp33_ASAP7_75t_R          2  1.3    42    19    1479    (-,-) 
  u_cbm/SUB_UNS_OP276_g552/Y                             -       A->Y    R     INVx1_ASAP7_75t_R             2  1.0    16    13    1493    (-,-) 
  u_cbm/SUB_UNS_OP276_g550__2883/Y                       -       B->Y    F     NOR2xp33_ASAP7_75t_R          2  1.3    48    19    1511    (-,-) 
  u_cbm/SUB_UNS_OP276_g549/Y                             -       A->Y    R     INVx1_ASAP7_75t_R             2  1.0    17    14    1525    (-,-) 
  u_cbm/SUB_UNS_OP276_g547__9315/Y                       -       B->Y    F     NOR2xp33_ASAP7_75t_R          2  1.3    45    19    1544    (-,-) 
  u_cbm/SUB_UNS_OP276_g546/Y                             -       A->Y    R     INVx1_ASAP7_75t_R             2  1.0    16    14    1558    (-,-) 
  u_cbm/SUB_UNS_OP276_g544__4733/Y                       -       B->Y    F     NOR2xp33_ASAP7_75t_R          2  1.3    48    19    1577    (-,-) 
  u_cbm/SUB_UNS_OP276_g543/Y                             -       A->Y    R     INVx1_ASAP7_75t_R             2  1.0    17    14    1591    (-,-) 
  u_cbm/SUB_UNS_OP276_g541__5115/Y                       -       B->Y    F     NOR2xp33_ASAP7_75t_R          2  1.3    42    19    1610    (-,-) 
  u_cbm/SUB_UNS_OP276_g540/Y                             -       A->Y    R     INVx1_ASAP7_75t_R             2  1.0    16    13    1623    (-,-) 
  u_cbm/SUB_UNS_OP276_g538__6131/Y                       -       B->Y    F     NOR2xp33_ASAP7_75t_R          2  1.3    48    19    1642    (-,-) 
  u_cbm/SUB_UNS_OP276_g537/Y                             -       A->Y    R     INVx1_ASAP7_75t_R             2  1.0    17    14    1656    (-,-) 
  u_cbm/SUB_UNS_OP276_g535__8246/Y                       -       B->Y    F     NOR2xp33_ASAP7_75t_R          2  1.3    45    19    1675    (-,-) 
  u_cbm/SUB_UNS_OP276_g534/Y                             -       A->Y    R     INVx1_ASAP7_75t_R             2  1.0    16    14    1688    (-,-) 
  u_cbm/SUB_UNS_OP276_g532__1705/Y                       -       B->Y    F     NOR2xp33_ASAP7_75t_R          2  1.3    48    19    1707    (-,-) 
  u_cbm/SUB_UNS_OP276_g531/Y                             -       A->Y    R     INVx1_ASAP7_75t_R             2  1.0    17    14    1721    (-,-) 
  u_cbm/SUB_UNS_OP276_g529__1617/Y                       -       B->Y    F     NOR2xp33_ASAP7_75t_R          2  1.3    45    19    1740    (-,-) 
  u_cbm/SUB_UNS_OP276_g528/Y                             -       A->Y    R     INVx1_ASAP7_75t_R             2  1.0    16    14    1754    (-,-) 
  u_cbm/SUB_UNS_OP276_g526__6783/Y                       -       B->Y    F     NOR2xp33_ASAP7_75t_R          2  1.3    47    19    1772    (-,-) 
  u_cbm/SUB_UNS_OP276_g525/Y                             -       A->Y    R     INVx1_ASAP7_75t_R             2  0.8    15    13    1785    (-,-) 
  u_cbm/SUB_UNS_OP276_g523__8428/Y                       -       B->Y    F     NOR2xp33_ASAP7_75t_R          2  1.2    42    18    1803    (-,-) 
  u_cbm/SUB_UNS_OP276_g522/Y                             -       A->Y    R     INVx1_ASAP7_75t_R             2  1.0    16    13    1816    (-,-) 
  u_cbm/SUB_UNS_OP276_g520__6260/Y                       -       B->Y    F     NOR2xp33_ASAP7_75t_R          2  1.3    48    19    1835    (-,-) 
  u_cbm/SUB_UNS_OP276_g519/Y                             -       A->Y    R     INVx1_ASAP7_75t_R             2  0.8    16    13    1848    (-,-) 
  u_cbm/SUB_UNS_OP276_g517__2398/Y                       -       B->Y    F     NOR2xp33_ASAP7_75t_R          2  1.2    40    18    1866    (-,-) 
  u_cbm/SUB_UNS_OP276_g516/Y                             -       A->Y    R     INVx1_ASAP7_75t_R             2  1.0    16    13    1879    (-,-) 
  u_cbm/SUB_UNS_OP276_g514__6417/Y                       -       B->Y    F     NOR2xp33_ASAP7_75t_R          2  1.3    48    19    1897    (-,-) 
  u_cbm/SUB_UNS_OP276_g513/Y                             -       A->Y    R     INVx1_ASAP7_75t_R             2  1.0    17    14    1911    (-,-) 
  u_cbm/SUB_UNS_OP276_g511__1666/Y                       -       B->Y    F     NOR2xp33_ASAP7_75t_R          2  1.3    44    19    1930    (-,-) 
  u_cbm/SUB_UNS_OP276_g510/Y                             -       A->Y    R     INVx1_ASAP7_75t_R             2  1.0    16    14    1944    (-,-) 
  u_cbm/SUB_UNS_OP276_g508__2883/Y                       -       B->Y    F     NOR2xp33_ASAP7_75t_R          2  1.3    48    19    1963    (-,-) 
  u_cbm/SUB_UNS_OP276_g506__9945/Y                       -       B->Y    R     AOI21xp5_ASAP7_75t_R          1  0.5    25    17    1979    (-,-) 
  u_cbm/g9416__9315/Y                                    -       B2->Y   R     AO22x1_ASAP7_75t_R            5  3.6    27    29    2008    (-,-) 
  u_cbm/csa_tree_SUB_TC_OP109_groupi_g1946/Y             -       A->Y    F     INVxp67_ASAP7_75t_R           1  1.1    14    12    2020    (-,-) 
  u_cbm/csa_tree_SUB_TC_OP109_groupi_g1915__5107/Y       -       C->Y    R     MAJIxp5_ASAP7_75t_R           2  2.2    40    25    2045    (-,-) 
  u_cbm/g12611/SN                                        -       CI->SN  F     FAx1_ASAP7_75t_R              2  1.6    38    55    2099    (-,-) 
  u_cbm/csa_tree_SUB_TC_OP109_groupi_g1763__5122/Y       -       A->Y    R     MAJIxp5_ASAP7_75t_R           2  3.3    56    39    2138    (-,-) 
  u_cbm/g12608/SN                                        -       B->SN   R     FAx1_ASAP7_75t_R              2  1.0    44    45    2184    (-,-) 
  u_cbm/csa_tree_SUB_TC_OP109_groupi_g1751__6260/Y       -       A->Y    F     NAND2xp33_ASAP7_75t_R         2  1.2    26    20    2204    (-,-) 
  u_cbm/csa_tree_SUB_TC_OP109_groupi_g1749__2398/Y       -       A2->Y   F     AO21x1_ASAP7_75t_R            1  0.5     6    18    2222    (-,-) 
  u_cbm/csa_tree_SUB_TC_OP109_groupi_g1748__5477/Y       -       C->Y    R     OAI221xp5_ASAP7_75t_R         1  0.6    26     9    2230    (-,-) 
  u_cbm/csa_tree_SUB_TC_OP109_groupi_g1747__6417/Y       -       A->Y    F     MAJIxp5_ASAP7_75t_R           1  0.6    17    14    2245    (-,-) 
  u_cbm/csa_tree_SUB_TC_OP109_groupi_g1746__7410/Y       -       B->Y    F     OA21x2_ASAP7_75t_R            2  1.7     9    17    2261    (-,-) 
  u_cbm/g12432__8246/Y                                   -       B->Y    R     NOR2x1_ASAP7_75t_R           64 35.7   248   115    2376    (-,-) 
  u_cbm/g12251__4733/Y                                   -       B1->Y   F     AOI222xp33_ASAP7_75t_R        1  0.6    58    41    2418    (-,-) 
  u_cbm/multiplicand_q_reg[19]/D                         -       -       F     ASYNC_DFFHx1_ASAP7_75t_R      1    -     -     0    2418    (-,-) 
#------------------------------------------------------------------------------------------------------------------------------------------------



Path 18: MET (1997564 ps) Setup Check with Pin u_cbm/multiplicand_q_reg[16]/CLK->D
          Group: core_clock
     Startpoint: (R) u_frontend/u_decode/genblk1.u_fifo/rd_ptr_q_reg[0]/CLK
          Clock: (R) core_clock
       Endpoint: (F) u_cbm/multiplicand_q_reg[16]/D
          Clock: (R) core_clock

                      Capture       Launch     
        Clock Edge:+  2000000            0     
       Src Latency:+        0            0     
       Net Latency:+        0 (I)        0 (I) 
           Arrival:=  2000000            0     
                                               
             Setup:-       18                  
     Required Time:=  1999982                  
      Launch Clock:-        0                  
         Data Path:-     2418                  
             Slack:=  1997564                  

#------------------------------------------------------------------------------------------------------------------------------------------------
#                     Timing Point                       Flags    Arc    Edge           Cell            Fanout Load Trans Delay Arrival Instance 
#                                                                                                              (fF)  (ps)  (ps)   (ps)  Location 
#------------------------------------------------------------------------------------------------------------------------------------------------
  u_frontend/u_decode/genblk1.u_fifo/rd_ptr_q_reg[0]/CLK -       -       R     (arrival)                  5356    -     0     0       0    (-,-) 
  u_frontend/u_decode/genblk1.u_fifo/rd_ptr_q_reg[0]/QN  -       CLK->QN R     ASYNC_DFFHx1_ASAP7_75t_R      1  0.6    13    36      36    (-,-) 
  u_frontend/u_decode/genblk1.u_fifo/g2479/Y             -       A->Y    R     BUFx2_ASAP7_75t_R           102 51.6   156    82     118    (-,-) 
  u_frontend/u_decode/genblk1.u_fifo/g2891/Y             -       A->Y    F     INVx2_ASAP7_75t_R            97 48.2   144   106     224    (-,-) 
  u_frontend/u_decode/genblk1.u_fifo/g2804/Y             -       A2->Y   F     AO22x1_ASAP7_75t_R            3  2.0    17    40     264    (-,-) 
  u_issue/g28658/Y                                       -       B->Y    R     XNOR2xp5_ASAP7_75t_R          1  0.5    18    14     278    (-,-) 
  u_issue/g28644/Y                                       -       D->Y    F     NAND4xp25_ASAP7_75t_R         1  0.6    25    17     296    (-,-) 
  u_issue/g28641/Y                                       -       A->Y    R     NOR5xp2_ASAP7_75t_R           1  0.5    41    23     319    (-,-) 
  u_issue/g28640/Y                                       -       A->Y    F     NAND5xp2_ASAP7_75t_R          2  1.1    46    30     349    (-,-) 
  u_issue/g28639/Y                                       -       A->Y    F     OR5x1_ASAP7_75t_R             3  1.6    19    44     393    (-,-) 
  u_issue/g28638/Y                                       -       A->Y    F     OR2x2_ASAP7_75t_R            20 10.4    33    37     430    (-,-) 
  u_issue/g45300/Y                                       -       A->Y    R     INVx2_ASAP7_75t_R            99 56.3   169    87     517    (-,-) 
  u_issue/g28291/Y                                       -       B2->Y   R     AO22x1_ASAP7_75t_R           22 11.2    71    64     581    (-,-) 
  u_issue/g45298/Y                                       -       A->Y    F     INVx1_ASAP7_75t_R            17  9.2    58    44     624    (-,-) 
  u_issue/g44952/Y                                       -       A->Y    R     NAND2xp5_ASAP7_75t_R          4  2.1    37    32     656    (-,-) 
  u_issue/g44832/Y                                       -       A->Y    F     NOR3xp33_ASAP7_75t_R          2  0.8    28    15     671    (-,-) 
  u_issue/g44639/Y                                       -       A->Y    R     NOR2xp33_ASAP7_75t_R          3  1.7    40    27     698    (-,-) 
  u_issue/g44554/Y                                       -       A->Y    F     NAND3xp33_ASAP7_75t_R         4  2.9    55    36     734    (-,-) 
  u_issue/g44546/Y                                       -       A->Y    R     NOR3xp33_ASAP7_75t_R          3  1.9    55    38     772    (-,-) 
  u_issue/g44542/Y                                       -       A->Y    F     INVx1_ASAP7_75t_R             1  0.6    13    10     782    (-,-) 
  u_issue/g44512/Y                                       -       A->Y    R     NOR4xp25_ASAP7_75t_R         17  8.8   245   118     900    (-,-) 
  u_issue/drc_bufs45344/Y                                -       A->Y    F     INVx1_ASAP7_75t_R             1  0.7    32    15     915    (-,-) 
  u_issue/drc_bufs45343/Y                                -       A->Y    R     INVx1_ASAP7_75t_R            16  8.1    53    34     949    (-,-) 
  u_issue/g44217/Y                                       -       A1->Y   F     AOI222xp33_ASAP7_75t_R        1  0.6    62    20     969    (-,-) 
  u_issue/g44110/Y                                       -       B->Y    R     NAND2xp5_ASAP7_75t_R          1  0.5    20    18     987    (-,-) 
  u_issue/g44019/Y                                       -       C->Y    F     AOI221xp5_ASAP7_75t_R         1  0.6    36    12     999    (-,-) 
  u_issue/g43925/Y                                       -       B->Y    R     NAND2xp5_ASAP7_75t_R         18  9.2   102    58    1057    (-,-) 
  u_cbm/SUB_UNS_OP276_g589__9315/Y                       -       A->Y    F     NOR2xp33_ASAP7_75t_R          2  1.3    48    40    1097    (-,-) 
  u_cbm/SUB_UNS_OP276_g588/Y                             -       A->Y    R     INVx1_ASAP7_75t_R             2  1.0    17    14    1111    (-,-) 
  u_cbm/SUB_UNS_OP276_g586__4733/Y                       -       B->Y    F     NOR2xp33_ASAP7_75t_R          2  1.3    46    19    1130    (-,-) 
  u_cbm/SUB_UNS_OP276_g585/Y                             -       A->Y    R     INVx1_ASAP7_75t_R             2  1.0    17    14    1144    (-,-) 
  u_cbm/SUB_UNS_OP276_g583__5115/Y                       -       B->Y    F     NOR2xp33_ASAP7_75t_R          2  1.3    42    19    1162    (-,-) 
  u_cbm/SUB_UNS_OP276_g582/Y                             -       A->Y    R     INVx1_ASAP7_75t_R             2  0.8    15    12    1175    (-,-) 
  u_cbm/SUB_UNS_OP276_g580__6131/Y                       -       B->Y    F     NOR2xp33_ASAP7_75t_R          2  1.2    45    17    1192    (-,-) 
  u_cbm/SUB_UNS_OP276_g579/Y                             -       A->Y    R     INVx1_ASAP7_75t_R             2  0.8    15    12    1205    (-,-) 
  u_cbm/SUB_UNS_OP276_g577__8246/Y                       -       B->Y    F     NOR2xp33_ASAP7_75t_R          2  1.2    41    18    1222    (-,-) 
  u_cbm/SUB_UNS_OP276_g576/Y                             -       A->Y    R     INVx1_ASAP7_75t_R             2  0.8    14    12    1234    (-,-) 
  u_cbm/SUB_UNS_OP276_g574__1705/Y                       -       B->Y    F     NOR2xp33_ASAP7_75t_R          2  1.2    45    17    1252    (-,-) 
  u_cbm/SUB_UNS_OP276_g573/Y                             -       A->Y    R     INVx1_ASAP7_75t_R             2  1.0    16    14    1265    (-,-) 
  u_cbm/SUB_UNS_OP276_g571__1617/Y                       -       B->Y    F     NOR2xp33_ASAP7_75t_R          2  1.3    42    19    1284    (-,-) 
  u_cbm/SUB_UNS_OP276_g570/Y                             -       A->Y    R     INVx1_ASAP7_75t_R             2  1.0    16    13    1297    (-,-) 
  u_cbm/SUB_UNS_OP276_g568__6783/Y                       -       B->Y    F     NOR2xp33_ASAP7_75t_R          2  1.3    48    19    1316    (-,-) 
  u_cbm/SUB_UNS_OP276_g567/Y                             -       A->Y    R     INVx1_ASAP7_75t_R             2  1.0    17    14    1330    (-,-) 
  u_cbm/SUB_UNS_OP276_g565__8428/Y                       -       B->Y    F     NOR2xp33_ASAP7_75t_R          2  1.3    44    19    1349    (-,-) 
  u_cbm/SUB_UNS_OP276_g564/Y                             -       A->Y    R     INVx1_ASAP7_75t_R             2  1.0    16    14    1363    (-,-) 
  u_cbm/SUB_UNS_OP276_g562__6260/Y                       -       B->Y    F     NOR2xp33_ASAP7_75t_R          2  1.3    47    19    1382    (-,-) 
  u_cbm/SUB_UNS_OP276_g561/Y                             -       A->Y    R     INVx1_ASAP7_75t_R             2  1.0    17    14    1395    (-,-) 
  u_cbm/SUB_UNS_OP276_g559__2398/Y                       -       B->Y    F     NOR2xp33_ASAP7_75t_R          2  1.3    43    19    1414    (-,-) 
  u_cbm/SUB_UNS_OP276_g558/Y                             -       A->Y    R     INVx1_ASAP7_75t_R             2  1.0    16    13    1428    (-,-) 
  u_cbm/SUB_UNS_OP276_g556__6417/Y                       -       B->Y    F     NOR2xp33_ASAP7_75t_R          2  1.3    48    19    1446    (-,-) 
  u_cbm/SUB_UNS_OP276_g555/Y                             -       A->Y    R     INVx1_ASAP7_75t_R             2  1.0    17    14    1460    (-,-) 
  u_cbm/SUB_UNS_OP276_g553__1666/Y                       -       B->Y    F     NOR2xp33_ASAP7_75t_R          2  1.3    42    19    1479    (-,-) 
  u_cbm/SUB_UNS_OP276_g552/Y                             -       A->Y    R     INVx1_ASAP7_75t_R             2  1.0    16    13    1493    (-,-) 
  u_cbm/SUB_UNS_OP276_g550__2883/Y                       -       B->Y    F     NOR2xp33_ASAP7_75t_R          2  1.3    48    19    1511    (-,-) 
  u_cbm/SUB_UNS_OP276_g549/Y                             -       A->Y    R     INVx1_ASAP7_75t_R             2  1.0    17    14    1525    (-,-) 
  u_cbm/SUB_UNS_OP276_g547__9315/Y                       -       B->Y    F     NOR2xp33_ASAP7_75t_R          2  1.3    45    19    1544    (-,-) 
  u_cbm/SUB_UNS_OP276_g546/Y                             -       A->Y    R     INVx1_ASAP7_75t_R             2  1.0    16    14    1558    (-,-) 
  u_cbm/SUB_UNS_OP276_g544__4733/Y                       -       B->Y    F     NOR2xp33_ASAP7_75t_R          2  1.3    48    19    1577    (-,-) 
  u_cbm/SUB_UNS_OP276_g543/Y                             -       A->Y    R     INVx1_ASAP7_75t_R             2  1.0    17    14    1591    (-,-) 
  u_cbm/SUB_UNS_OP276_g541__5115/Y                       -       B->Y    F     NOR2xp33_ASAP7_75t_R          2  1.3    42    19    1610    (-,-) 
  u_cbm/SUB_UNS_OP276_g540/Y                             -       A->Y    R     INVx1_ASAP7_75t_R             2  1.0    16    13    1623    (-,-) 
  u_cbm/SUB_UNS_OP276_g538__6131/Y                       -       B->Y    F     NOR2xp33_ASAP7_75t_R          2  1.3    48    19    1642    (-,-) 
  u_cbm/SUB_UNS_OP276_g537/Y                             -       A->Y    R     INVx1_ASAP7_75t_R             2  1.0    17    14    1656    (-,-) 
  u_cbm/SUB_UNS_OP276_g535__8246/Y                       -       B->Y    F     NOR2xp33_ASAP7_75t_R          2  1.3    45    19    1675    (-,-) 
  u_cbm/SUB_UNS_OP276_g534/Y                             -       A->Y    R     INVx1_ASAP7_75t_R             2  1.0    16    14    1688    (-,-) 
  u_cbm/SUB_UNS_OP276_g532__1705/Y                       -       B->Y    F     NOR2xp33_ASAP7_75t_R          2  1.3    48    19    1707    (-,-) 
  u_cbm/SUB_UNS_OP276_g531/Y                             -       A->Y    R     INVx1_ASAP7_75t_R             2  1.0    17    14    1721    (-,-) 
  u_cbm/SUB_UNS_OP276_g529__1617/Y                       -       B->Y    F     NOR2xp33_ASAP7_75t_R          2  1.3    45    19    1740    (-,-) 
  u_cbm/SUB_UNS_OP276_g528/Y                             -       A->Y    R     INVx1_ASAP7_75t_R             2  1.0    16    14    1754    (-,-) 
  u_cbm/SUB_UNS_OP276_g526__6783/Y                       -       B->Y    F     NOR2xp33_ASAP7_75t_R          2  1.3    47    19    1772    (-,-) 
  u_cbm/SUB_UNS_OP276_g525/Y                             -       A->Y    R     INVx1_ASAP7_75t_R             2  0.8    15    13    1785    (-,-) 
  u_cbm/SUB_UNS_OP276_g523__8428/Y                       -       B->Y    F     NOR2xp33_ASAP7_75t_R          2  1.2    42    18    1803    (-,-) 
  u_cbm/SUB_UNS_OP276_g522/Y                             -       A->Y    R     INVx1_ASAP7_75t_R             2  1.0    16    13    1816    (-,-) 
  u_cbm/SUB_UNS_OP276_g520__6260/Y                       -       B->Y    F     NOR2xp33_ASAP7_75t_R          2  1.3    48    19    1835    (-,-) 
  u_cbm/SUB_UNS_OP276_g519/Y                             -       A->Y    R     INVx1_ASAP7_75t_R             2  0.8    16    13    1848    (-,-) 
  u_cbm/SUB_UNS_OP276_g517__2398/Y                       -       B->Y    F     NOR2xp33_ASAP7_75t_R          2  1.2    40    18    1866    (-,-) 
  u_cbm/SUB_UNS_OP276_g516/Y                             -       A->Y    R     INVx1_ASAP7_75t_R             2  1.0    16    13    1879    (-,-) 
  u_cbm/SUB_UNS_OP276_g514__6417/Y                       -       B->Y    F     NOR2xp33_ASAP7_75t_R          2  1.3    48    19    1897    (-,-) 
  u_cbm/SUB_UNS_OP276_g513/Y                             -       A->Y    R     INVx1_ASAP7_75t_R             2  1.0    17    14    1911    (-,-) 
  u_cbm/SUB_UNS_OP276_g511__1666/Y                       -       B->Y    F     NOR2xp33_ASAP7_75t_R          2  1.3    44    19    1930    (-,-) 
  u_cbm/SUB_UNS_OP276_g510/Y                             -       A->Y    R     INVx1_ASAP7_75t_R             2  1.0    16    14    1944    (-,-) 
  u_cbm/SUB_UNS_OP276_g508__2883/Y                       -       B->Y    F     NOR2xp33_ASAP7_75t_R          2  1.3    48    19    1963    (-,-) 
  u_cbm/SUB_UNS_OP276_g506__9945/Y                       -       B->Y    R     AOI21xp5_ASAP7_75t_R          1  0.5    25    17    1979    (-,-) 
  u_cbm/g9416__9315/Y                                    -       B2->Y   R     AO22x1_ASAP7_75t_R            5  3.6    27    29    2008    (-,-) 
  u_cbm/csa_tree_SUB_TC_OP109_groupi_g1946/Y             -       A->Y    F     INVxp67_ASAP7_75t_R           1  1.1    14    12    2020    (-,-) 
  u_cbm/csa_tree_SUB_TC_OP109_groupi_g1915__5107/Y       -       C->Y    R     MAJIxp5_ASAP7_75t_R           2  2.2    40    25    2045    (-,-) 
  u_cbm/g12611/SN                                        -       CI->SN  F     FAx1_ASAP7_75t_R              2  1.6    38    55    2099    (-,-) 
  u_cbm/csa_tree_SUB_TC_OP109_groupi_g1763__5122/Y       -       A->Y    R     MAJIxp5_ASAP7_75t_R           2  3.3    56    39    2138    (-,-) 
  u_cbm/g12608/SN                                        -       B->SN   R     FAx1_ASAP7_75t_R              2  1.0    44    45    2184    (-,-) 
  u_cbm/csa_tree_SUB_TC_OP109_groupi_g1751__6260/Y       -       A->Y    F     NAND2xp33_ASAP7_75t_R         2  1.2    26    20    2204    (-,-) 
  u_cbm/csa_tree_SUB_TC_OP109_groupi_g1749__2398/Y       -       A2->Y   F     AO21x1_ASAP7_75t_R            1  0.5     6    18    2222    (-,-) 
  u_cbm/csa_tree_SUB_TC_OP109_groupi_g1748__5477/Y       -       C->Y    R     OAI221xp5_ASAP7_75t_R         1  0.6    26     9    2230    (-,-) 
  u_cbm/csa_tree_SUB_TC_OP109_groupi_g1747__6417/Y       -       A->Y    F     MAJIxp5_ASAP7_75t_R           1  0.6    17    14    2245    (-,-) 
  u_cbm/csa_tree_SUB_TC_OP109_groupi_g1746__7410/Y       -       B->Y    F     OA21x2_ASAP7_75t_R            2  1.7     9    17    2261    (-,-) 
  u_cbm/g12432__8246/Y                                   -       B->Y    R     NOR2x1_ASAP7_75t_R           64 35.7   248   115    2376    (-,-) 
  u_cbm/g12248__1881/Y                                   -       B1->Y   F     AOI222xp33_ASAP7_75t_R        1  0.6    58    41    2418    (-,-) 
  u_cbm/multiplicand_q_reg[16]/D                         -       -       F     ASYNC_DFFHx1_ASAP7_75t_R      1    -     -     0    2418    (-,-) 
#------------------------------------------------------------------------------------------------------------------------------------------------



Path 19: MET (1997564 ps) Setup Check with Pin u_cbm/multiplicand_q_reg[15]/CLK->D
          Group: core_clock
     Startpoint: (R) u_frontend/u_decode/genblk1.u_fifo/rd_ptr_q_reg[0]/CLK
          Clock: (R) core_clock
       Endpoint: (F) u_cbm/multiplicand_q_reg[15]/D
          Clock: (R) core_clock

                      Capture       Launch     
        Clock Edge:+  2000000            0     
       Src Latency:+        0            0     
       Net Latency:+        0 (I)        0 (I) 
           Arrival:=  2000000            0     
                                               
             Setup:-       18                  
     Required Time:=  1999982                  
      Launch Clock:-        0                  
         Data Path:-     2418                  
             Slack:=  1997564                  

#------------------------------------------------------------------------------------------------------------------------------------------------
#                     Timing Point                       Flags    Arc    Edge           Cell            Fanout Load Trans Delay Arrival Instance 
#                                                                                                              (fF)  (ps)  (ps)   (ps)  Location 
#------------------------------------------------------------------------------------------------------------------------------------------------
  u_frontend/u_decode/genblk1.u_fifo/rd_ptr_q_reg[0]/CLK -       -       R     (arrival)                  5356    -     0     0       0    (-,-) 
  u_frontend/u_decode/genblk1.u_fifo/rd_ptr_q_reg[0]/QN  -       CLK->QN R     ASYNC_DFFHx1_ASAP7_75t_R      1  0.6    13    36      36    (-,-) 
  u_frontend/u_decode/genblk1.u_fifo/g2479/Y             -       A->Y    R     BUFx2_ASAP7_75t_R           102 51.6   156    82     118    (-,-) 
  u_frontend/u_decode/genblk1.u_fifo/g2891/Y             -       A->Y    F     INVx2_ASAP7_75t_R            97 48.2   144   106     224    (-,-) 
  u_frontend/u_decode/genblk1.u_fifo/g2804/Y             -       A2->Y   F     AO22x1_ASAP7_75t_R            3  2.0    17    40     264    (-,-) 
  u_issue/g28658/Y                                       -       B->Y    R     XNOR2xp5_ASAP7_75t_R          1  0.5    18    14     278    (-,-) 
  u_issue/g28644/Y                                       -       D->Y    F     NAND4xp25_ASAP7_75t_R         1  0.6    25    17     296    (-,-) 
  u_issue/g28641/Y                                       -       A->Y    R     NOR5xp2_ASAP7_75t_R           1  0.5    41    23     319    (-,-) 
  u_issue/g28640/Y                                       -       A->Y    F     NAND5xp2_ASAP7_75t_R          2  1.1    46    30     349    (-,-) 
  u_issue/g28639/Y                                       -       A->Y    F     OR5x1_ASAP7_75t_R             3  1.6    19    44     393    (-,-) 
  u_issue/g28638/Y                                       -       A->Y    F     OR2x2_ASAP7_75t_R            20 10.4    33    37     430    (-,-) 
  u_issue/g45300/Y                                       -       A->Y    R     INVx2_ASAP7_75t_R            99 56.3   169    87     517    (-,-) 
  u_issue/g28291/Y                                       -       B2->Y   R     AO22x1_ASAP7_75t_R           22 11.2    71    64     581    (-,-) 
  u_issue/g45298/Y                                       -       A->Y    F     INVx1_ASAP7_75t_R            17  9.2    58    44     624    (-,-) 
  u_issue/g44952/Y                                       -       A->Y    R     NAND2xp5_ASAP7_75t_R          4  2.1    37    32     656    (-,-) 
  u_issue/g44832/Y                                       -       A->Y    F     NOR3xp33_ASAP7_75t_R          2  0.8    28    15     671    (-,-) 
  u_issue/g44639/Y                                       -       A->Y    R     NOR2xp33_ASAP7_75t_R          3  1.7    40    27     698    (-,-) 
  u_issue/g44554/Y                                       -       A->Y    F     NAND3xp33_ASAP7_75t_R         4  2.9    55    36     734    (-,-) 
  u_issue/g44546/Y                                       -       A->Y    R     NOR3xp33_ASAP7_75t_R          3  1.9    55    38     772    (-,-) 
  u_issue/g44542/Y                                       -       A->Y    F     INVx1_ASAP7_75t_R             1  0.6    13    10     782    (-,-) 
  u_issue/g44512/Y                                       -       A->Y    R     NOR4xp25_ASAP7_75t_R         17  8.8   245   118     900    (-,-) 
  u_issue/drc_bufs45344/Y                                -       A->Y    F     INVx1_ASAP7_75t_R             1  0.7    32    15     915    (-,-) 
  u_issue/drc_bufs45343/Y                                -       A->Y    R     INVx1_ASAP7_75t_R            16  8.1    53    34     949    (-,-) 
  u_issue/g44217/Y                                       -       A1->Y   F     AOI222xp33_ASAP7_75t_R        1  0.6    62    20     969    (-,-) 
  u_issue/g44110/Y                                       -       B->Y    R     NAND2xp5_ASAP7_75t_R          1  0.5    20    18     987    (-,-) 
  u_issue/g44019/Y                                       -       C->Y    F     AOI221xp5_ASAP7_75t_R         1  0.6    36    12     999    (-,-) 
  u_issue/g43925/Y                                       -       B->Y    R     NAND2xp5_ASAP7_75t_R         18  9.2   102    58    1057    (-,-) 
  u_cbm/SUB_UNS_OP276_g589__9315/Y                       -       A->Y    F     NOR2xp33_ASAP7_75t_R          2  1.3    48    40    1097    (-,-) 
  u_cbm/SUB_UNS_OP276_g588/Y                             -       A->Y    R     INVx1_ASAP7_75t_R             2  1.0    17    14    1111    (-,-) 
  u_cbm/SUB_UNS_OP276_g586__4733/Y                       -       B->Y    F     NOR2xp33_ASAP7_75t_R          2  1.3    46    19    1130    (-,-) 
  u_cbm/SUB_UNS_OP276_g585/Y                             -       A->Y    R     INVx1_ASAP7_75t_R             2  1.0    17    14    1144    (-,-) 
  u_cbm/SUB_UNS_OP276_g583__5115/Y                       -       B->Y    F     NOR2xp33_ASAP7_75t_R          2  1.3    42    19    1162    (-,-) 
  u_cbm/SUB_UNS_OP276_g582/Y                             -       A->Y    R     INVx1_ASAP7_75t_R             2  0.8    15    12    1175    (-,-) 
  u_cbm/SUB_UNS_OP276_g580__6131/Y                       -       B->Y    F     NOR2xp33_ASAP7_75t_R          2  1.2    45    17    1192    (-,-) 
  u_cbm/SUB_UNS_OP276_g579/Y                             -       A->Y    R     INVx1_ASAP7_75t_R             2  0.8    15    12    1205    (-,-) 
  u_cbm/SUB_UNS_OP276_g577__8246/Y                       -       B->Y    F     NOR2xp33_ASAP7_75t_R          2  1.2    41    18    1222    (-,-) 
  u_cbm/SUB_UNS_OP276_g576/Y                             -       A->Y    R     INVx1_ASAP7_75t_R             2  0.8    14    12    1234    (-,-) 
  u_cbm/SUB_UNS_OP276_g574__1705/Y                       -       B->Y    F     NOR2xp33_ASAP7_75t_R          2  1.2    45    17    1252    (-,-) 
  u_cbm/SUB_UNS_OP276_g573/Y                             -       A->Y    R     INVx1_ASAP7_75t_R             2  1.0    16    14    1265    (-,-) 
  u_cbm/SUB_UNS_OP276_g571__1617/Y                       -       B->Y    F     NOR2xp33_ASAP7_75t_R          2  1.3    42    19    1284    (-,-) 
  u_cbm/SUB_UNS_OP276_g570/Y                             -       A->Y    R     INVx1_ASAP7_75t_R             2  1.0    16    13    1297    (-,-) 
  u_cbm/SUB_UNS_OP276_g568__6783/Y                       -       B->Y    F     NOR2xp33_ASAP7_75t_R          2  1.3    48    19    1316    (-,-) 
  u_cbm/SUB_UNS_OP276_g567/Y                             -       A->Y    R     INVx1_ASAP7_75t_R             2  1.0    17    14    1330    (-,-) 
  u_cbm/SUB_UNS_OP276_g565__8428/Y                       -       B->Y    F     NOR2xp33_ASAP7_75t_R          2  1.3    44    19    1349    (-,-) 
  u_cbm/SUB_UNS_OP276_g564/Y                             -       A->Y    R     INVx1_ASAP7_75t_R             2  1.0    16    14    1363    (-,-) 
  u_cbm/SUB_UNS_OP276_g562__6260/Y                       -       B->Y    F     NOR2xp33_ASAP7_75t_R          2  1.3    47    19    1382    (-,-) 
  u_cbm/SUB_UNS_OP276_g561/Y                             -       A->Y    R     INVx1_ASAP7_75t_R             2  1.0    17    14    1395    (-,-) 
  u_cbm/SUB_UNS_OP276_g559__2398/Y                       -       B->Y    F     NOR2xp33_ASAP7_75t_R          2  1.3    43    19    1414    (-,-) 
  u_cbm/SUB_UNS_OP276_g558/Y                             -       A->Y    R     INVx1_ASAP7_75t_R             2  1.0    16    13    1428    (-,-) 
  u_cbm/SUB_UNS_OP276_g556__6417/Y                       -       B->Y    F     NOR2xp33_ASAP7_75t_R          2  1.3    48    19    1446    (-,-) 
  u_cbm/SUB_UNS_OP276_g555/Y                             -       A->Y    R     INVx1_ASAP7_75t_R             2  1.0    17    14    1460    (-,-) 
  u_cbm/SUB_UNS_OP276_g553__1666/Y                       -       B->Y    F     NOR2xp33_ASAP7_75t_R          2  1.3    42    19    1479    (-,-) 
  u_cbm/SUB_UNS_OP276_g552/Y                             -       A->Y    R     INVx1_ASAP7_75t_R             2  1.0    16    13    1493    (-,-) 
  u_cbm/SUB_UNS_OP276_g550__2883/Y                       -       B->Y    F     NOR2xp33_ASAP7_75t_R          2  1.3    48    19    1511    (-,-) 
  u_cbm/SUB_UNS_OP276_g549/Y                             -       A->Y    R     INVx1_ASAP7_75t_R             2  1.0    17    14    1525    (-,-) 
  u_cbm/SUB_UNS_OP276_g547__9315/Y                       -       B->Y    F     NOR2xp33_ASAP7_75t_R          2  1.3    45    19    1544    (-,-) 
  u_cbm/SUB_UNS_OP276_g546/Y                             -       A->Y    R     INVx1_ASAP7_75t_R             2  1.0    16    14    1558    (-,-) 
  u_cbm/SUB_UNS_OP276_g544__4733/Y                       -       B->Y    F     NOR2xp33_ASAP7_75t_R          2  1.3    48    19    1577    (-,-) 
  u_cbm/SUB_UNS_OP276_g543/Y                             -       A->Y    R     INVx1_ASAP7_75t_R             2  1.0    17    14    1591    (-,-) 
  u_cbm/SUB_UNS_OP276_g541__5115/Y                       -       B->Y    F     NOR2xp33_ASAP7_75t_R          2  1.3    42    19    1610    (-,-) 
  u_cbm/SUB_UNS_OP276_g540/Y                             -       A->Y    R     INVx1_ASAP7_75t_R             2  1.0    16    13    1623    (-,-) 
  u_cbm/SUB_UNS_OP276_g538__6131/Y                       -       B->Y    F     NOR2xp33_ASAP7_75t_R          2  1.3    48    19    1642    (-,-) 
  u_cbm/SUB_UNS_OP276_g537/Y                             -       A->Y    R     INVx1_ASAP7_75t_R             2  1.0    17    14    1656    (-,-) 
  u_cbm/SUB_UNS_OP276_g535__8246/Y                       -       B->Y    F     NOR2xp33_ASAP7_75t_R          2  1.3    45    19    1675    (-,-) 
  u_cbm/SUB_UNS_OP276_g534/Y                             -       A->Y    R     INVx1_ASAP7_75t_R             2  1.0    16    14    1688    (-,-) 
  u_cbm/SUB_UNS_OP276_g532__1705/Y                       -       B->Y    F     NOR2xp33_ASAP7_75t_R          2  1.3    48    19    1707    (-,-) 
  u_cbm/SUB_UNS_OP276_g531/Y                             -       A->Y    R     INVx1_ASAP7_75t_R             2  1.0    17    14    1721    (-,-) 
  u_cbm/SUB_UNS_OP276_g529__1617/Y                       -       B->Y    F     NOR2xp33_ASAP7_75t_R          2  1.3    45    19    1740    (-,-) 
  u_cbm/SUB_UNS_OP276_g528/Y                             -       A->Y    R     INVx1_ASAP7_75t_R             2  1.0    16    14    1754    (-,-) 
  u_cbm/SUB_UNS_OP276_g526__6783/Y                       -       B->Y    F     NOR2xp33_ASAP7_75t_R          2  1.3    47    19    1772    (-,-) 
  u_cbm/SUB_UNS_OP276_g525/Y                             -       A->Y    R     INVx1_ASAP7_75t_R             2  0.8    15    13    1785    (-,-) 
  u_cbm/SUB_UNS_OP276_g523__8428/Y                       -       B->Y    F     NOR2xp33_ASAP7_75t_R          2  1.2    42    18    1803    (-,-) 
  u_cbm/SUB_UNS_OP276_g522/Y                             -       A->Y    R     INVx1_ASAP7_75t_R             2  1.0    16    13    1816    (-,-) 
  u_cbm/SUB_UNS_OP276_g520__6260/Y                       -       B->Y    F     NOR2xp33_ASAP7_75t_R          2  1.3    48    19    1835    (-,-) 
  u_cbm/SUB_UNS_OP276_g519/Y                             -       A->Y    R     INVx1_ASAP7_75t_R             2  0.8    16    13    1848    (-,-) 
  u_cbm/SUB_UNS_OP276_g517__2398/Y                       -       B->Y    F     NOR2xp33_ASAP7_75t_R          2  1.2    40    18    1866    (-,-) 
  u_cbm/SUB_UNS_OP276_g516/Y                             -       A->Y    R     INVx1_ASAP7_75t_R             2  1.0    16    13    1879    (-,-) 
  u_cbm/SUB_UNS_OP276_g514__6417/Y                       -       B->Y    F     NOR2xp33_ASAP7_75t_R          2  1.3    48    19    1897    (-,-) 
  u_cbm/SUB_UNS_OP276_g513/Y                             -       A->Y    R     INVx1_ASAP7_75t_R             2  1.0    17    14    1911    (-,-) 
  u_cbm/SUB_UNS_OP276_g511__1666/Y                       -       B->Y    F     NOR2xp33_ASAP7_75t_R          2  1.3    44    19    1930    (-,-) 
  u_cbm/SUB_UNS_OP276_g510/Y                             -       A->Y    R     INVx1_ASAP7_75t_R             2  1.0    16    14    1944    (-,-) 
  u_cbm/SUB_UNS_OP276_g508__2883/Y                       -       B->Y    F     NOR2xp33_ASAP7_75t_R          2  1.3    48    19    1963    (-,-) 
  u_cbm/SUB_UNS_OP276_g506__9945/Y                       -       B->Y    R     AOI21xp5_ASAP7_75t_R          1  0.5    25    17    1979    (-,-) 
  u_cbm/g9416__9315/Y                                    -       B2->Y   R     AO22x1_ASAP7_75t_R            5  3.6    27    29    2008    (-,-) 
  u_cbm/csa_tree_SUB_TC_OP109_groupi_g1946/Y             -       A->Y    F     INVxp67_ASAP7_75t_R           1  1.1    14    12    2020    (-,-) 
  u_cbm/csa_tree_SUB_TC_OP109_groupi_g1915__5107/Y       -       C->Y    R     MAJIxp5_ASAP7_75t_R           2  2.2    40    25    2045    (-,-) 
  u_cbm/g12611/SN                                        -       CI->SN  F     FAx1_ASAP7_75t_R              2  1.6    38    55    2099    (-,-) 
  u_cbm/csa_tree_SUB_TC_OP109_groupi_g1763__5122/Y       -       A->Y    R     MAJIxp5_ASAP7_75t_R           2  3.3    56    39    2138    (-,-) 
  u_cbm/g12608/SN                                        -       B->SN   R     FAx1_ASAP7_75t_R              2  1.0    44    45    2184    (-,-) 
  u_cbm/csa_tree_SUB_TC_OP109_groupi_g1751__6260/Y       -       A->Y    F     NAND2xp33_ASAP7_75t_R         2  1.2    26    20    2204    (-,-) 
  u_cbm/csa_tree_SUB_TC_OP109_groupi_g1749__2398/Y       -       A2->Y   F     AO21x1_ASAP7_75t_R            1  0.5     6    18    2222    (-,-) 
  u_cbm/csa_tree_SUB_TC_OP109_groupi_g1748__5477/Y       -       C->Y    R     OAI221xp5_ASAP7_75t_R         1  0.6    26     9    2230    (-,-) 
  u_cbm/csa_tree_SUB_TC_OP109_groupi_g1747__6417/Y       -       A->Y    F     MAJIxp5_ASAP7_75t_R           1  0.6    17    14    2245    (-,-) 
  u_cbm/csa_tree_SUB_TC_OP109_groupi_g1746__7410/Y       -       B->Y    F     OA21x2_ASAP7_75t_R            2  1.7     9    17    2261    (-,-) 
  u_cbm/g12432__8246/Y                                   -       B->Y    R     NOR2x1_ASAP7_75t_R           64 35.7   248   115    2376    (-,-) 
  u_cbm/g12247__6131/Y                                   -       B1->Y   F     AOI222xp33_ASAP7_75t_R        1  0.6    58    41    2418    (-,-) 
  u_cbm/multiplicand_q_reg[15]/D                         -       -       F     ASYNC_DFFHx1_ASAP7_75t_R      1    -     -     0    2418    (-,-) 
#------------------------------------------------------------------------------------------------------------------------------------------------



Path 20: MET (1997564 ps) Setup Check with Pin u_cbm/multiplicand_q_reg[13]/CLK->D
          Group: core_clock
     Startpoint: (R) u_frontend/u_decode/genblk1.u_fifo/rd_ptr_q_reg[0]/CLK
          Clock: (R) core_clock
       Endpoint: (F) u_cbm/multiplicand_q_reg[13]/D
          Clock: (R) core_clock

                      Capture       Launch     
        Clock Edge:+  2000000            0     
       Src Latency:+        0            0     
       Net Latency:+        0 (I)        0 (I) 
           Arrival:=  2000000            0     
                                               
             Setup:-       18                  
     Required Time:=  1999982                  
      Launch Clock:-        0                  
         Data Path:-     2418                  
             Slack:=  1997564                  

#------------------------------------------------------------------------------------------------------------------------------------------------
#                     Timing Point                       Flags    Arc    Edge           Cell            Fanout Load Trans Delay Arrival Instance 
#                                                                                                              (fF)  (ps)  (ps)   (ps)  Location 
#------------------------------------------------------------------------------------------------------------------------------------------------
  u_frontend/u_decode/genblk1.u_fifo/rd_ptr_q_reg[0]/CLK -       -       R     (arrival)                  5356    -     0     0       0    (-,-) 
  u_frontend/u_decode/genblk1.u_fifo/rd_ptr_q_reg[0]/QN  -       CLK->QN R     ASYNC_DFFHx1_ASAP7_75t_R      1  0.6    13    36      36    (-,-) 
  u_frontend/u_decode/genblk1.u_fifo/g2479/Y             -       A->Y    R     BUFx2_ASAP7_75t_R           102 51.6   156    82     118    (-,-) 
  u_frontend/u_decode/genblk1.u_fifo/g2891/Y             -       A->Y    F     INVx2_ASAP7_75t_R            97 48.2   144   106     224    (-,-) 
  u_frontend/u_decode/genblk1.u_fifo/g2804/Y             -       A2->Y   F     AO22x1_ASAP7_75t_R            3  2.0    17    40     264    (-,-) 
  u_issue/g28658/Y                                       -       B->Y    R     XNOR2xp5_ASAP7_75t_R          1  0.5    18    14     278    (-,-) 
  u_issue/g28644/Y                                       -       D->Y    F     NAND4xp25_ASAP7_75t_R         1  0.6    25    17     296    (-,-) 
  u_issue/g28641/Y                                       -       A->Y    R     NOR5xp2_ASAP7_75t_R           1  0.5    41    23     319    (-,-) 
  u_issue/g28640/Y                                       -       A->Y    F     NAND5xp2_ASAP7_75t_R          2  1.1    46    30     349    (-,-) 
  u_issue/g28639/Y                                       -       A->Y    F     OR5x1_ASAP7_75t_R             3  1.6    19    44     393    (-,-) 
  u_issue/g28638/Y                                       -       A->Y    F     OR2x2_ASAP7_75t_R            20 10.4    33    37     430    (-,-) 
  u_issue/g45300/Y                                       -       A->Y    R     INVx2_ASAP7_75t_R            99 56.3   169    87     517    (-,-) 
  u_issue/g28291/Y                                       -       B2->Y   R     AO22x1_ASAP7_75t_R           22 11.2    71    64     581    (-,-) 
  u_issue/g45298/Y                                       -       A->Y    F     INVx1_ASAP7_75t_R            17  9.2    58    44     624    (-,-) 
  u_issue/g44952/Y                                       -       A->Y    R     NAND2xp5_ASAP7_75t_R          4  2.1    37    32     656    (-,-) 
  u_issue/g44832/Y                                       -       A->Y    F     NOR3xp33_ASAP7_75t_R          2  0.8    28    15     671    (-,-) 
  u_issue/g44639/Y                                       -       A->Y    R     NOR2xp33_ASAP7_75t_R          3  1.7    40    27     698    (-,-) 
  u_issue/g44554/Y                                       -       A->Y    F     NAND3xp33_ASAP7_75t_R         4  2.9    55    36     734    (-,-) 
  u_issue/g44546/Y                                       -       A->Y    R     NOR3xp33_ASAP7_75t_R          3  1.9    55    38     772    (-,-) 
  u_issue/g44542/Y                                       -       A->Y    F     INVx1_ASAP7_75t_R             1  0.6    13    10     782    (-,-) 
  u_issue/g44512/Y                                       -       A->Y    R     NOR4xp25_ASAP7_75t_R         17  8.8   245   118     900    (-,-) 
  u_issue/drc_bufs45344/Y                                -       A->Y    F     INVx1_ASAP7_75t_R             1  0.7    32    15     915    (-,-) 
  u_issue/drc_bufs45343/Y                                -       A->Y    R     INVx1_ASAP7_75t_R            16  8.1    53    34     949    (-,-) 
  u_issue/g44217/Y                                       -       A1->Y   F     AOI222xp33_ASAP7_75t_R        1  0.6    62    20     969    (-,-) 
  u_issue/g44110/Y                                       -       B->Y    R     NAND2xp5_ASAP7_75t_R          1  0.5    20    18     987    (-,-) 
  u_issue/g44019/Y                                       -       C->Y    F     AOI221xp5_ASAP7_75t_R         1  0.6    36    12     999    (-,-) 
  u_issue/g43925/Y                                       -       B->Y    R     NAND2xp5_ASAP7_75t_R         18  9.2   102    58    1057    (-,-) 
  u_cbm/SUB_UNS_OP276_g589__9315/Y                       -       A->Y    F     NOR2xp33_ASAP7_75t_R          2  1.3    48    40    1097    (-,-) 
  u_cbm/SUB_UNS_OP276_g588/Y                             -       A->Y    R     INVx1_ASAP7_75t_R             2  1.0    17    14    1111    (-,-) 
  u_cbm/SUB_UNS_OP276_g586__4733/Y                       -       B->Y    F     NOR2xp33_ASAP7_75t_R          2  1.3    46    19    1130    (-,-) 
  u_cbm/SUB_UNS_OP276_g585/Y                             -       A->Y    R     INVx1_ASAP7_75t_R             2  1.0    17    14    1144    (-,-) 
  u_cbm/SUB_UNS_OP276_g583__5115/Y                       -       B->Y    F     NOR2xp33_ASAP7_75t_R          2  1.3    42    19    1162    (-,-) 
  u_cbm/SUB_UNS_OP276_g582/Y                             -       A->Y    R     INVx1_ASAP7_75t_R             2  0.8    15    12    1175    (-,-) 
  u_cbm/SUB_UNS_OP276_g580__6131/Y                       -       B->Y    F     NOR2xp33_ASAP7_75t_R          2  1.2    45    17    1192    (-,-) 
  u_cbm/SUB_UNS_OP276_g579/Y                             -       A->Y    R     INVx1_ASAP7_75t_R             2  0.8    15    12    1205    (-,-) 
  u_cbm/SUB_UNS_OP276_g577__8246/Y                       -       B->Y    F     NOR2xp33_ASAP7_75t_R          2  1.2    41    18    1222    (-,-) 
  u_cbm/SUB_UNS_OP276_g576/Y                             -       A->Y    R     INVx1_ASAP7_75t_R             2  0.8    14    12    1234    (-,-) 
  u_cbm/SUB_UNS_OP276_g574__1705/Y                       -       B->Y    F     NOR2xp33_ASAP7_75t_R          2  1.2    45    17    1252    (-,-) 
  u_cbm/SUB_UNS_OP276_g573/Y                             -       A->Y    R     INVx1_ASAP7_75t_R             2  1.0    16    14    1265    (-,-) 
  u_cbm/SUB_UNS_OP276_g571__1617/Y                       -       B->Y    F     NOR2xp33_ASAP7_75t_R          2  1.3    42    19    1284    (-,-) 
  u_cbm/SUB_UNS_OP276_g570/Y                             -       A->Y    R     INVx1_ASAP7_75t_R             2  1.0    16    13    1297    (-,-) 
  u_cbm/SUB_UNS_OP276_g568__6783/Y                       -       B->Y    F     NOR2xp33_ASAP7_75t_R          2  1.3    48    19    1316    (-,-) 
  u_cbm/SUB_UNS_OP276_g567/Y                             -       A->Y    R     INVx1_ASAP7_75t_R             2  1.0    17    14    1330    (-,-) 
  u_cbm/SUB_UNS_OP276_g565__8428/Y                       -       B->Y    F     NOR2xp33_ASAP7_75t_R          2  1.3    44    19    1349    (-,-) 
  u_cbm/SUB_UNS_OP276_g564/Y                             -       A->Y    R     INVx1_ASAP7_75t_R             2  1.0    16    14    1363    (-,-) 
  u_cbm/SUB_UNS_OP276_g562__6260/Y                       -       B->Y    F     NOR2xp33_ASAP7_75t_R          2  1.3    47    19    1382    (-,-) 
  u_cbm/SUB_UNS_OP276_g561/Y                             -       A->Y    R     INVx1_ASAP7_75t_R             2  1.0    17    14    1395    (-,-) 
  u_cbm/SUB_UNS_OP276_g559__2398/Y                       -       B->Y    F     NOR2xp33_ASAP7_75t_R          2  1.3    43    19    1414    (-,-) 
  u_cbm/SUB_UNS_OP276_g558/Y                             -       A->Y    R     INVx1_ASAP7_75t_R             2  1.0    16    13    1428    (-,-) 
  u_cbm/SUB_UNS_OP276_g556__6417/Y                       -       B->Y    F     NOR2xp33_ASAP7_75t_R          2  1.3    48    19    1446    (-,-) 
  u_cbm/SUB_UNS_OP276_g555/Y                             -       A->Y    R     INVx1_ASAP7_75t_R             2  1.0    17    14    1460    (-,-) 
  u_cbm/SUB_UNS_OP276_g553__1666/Y                       -       B->Y    F     NOR2xp33_ASAP7_75t_R          2  1.3    42    19    1479    (-,-) 
  u_cbm/SUB_UNS_OP276_g552/Y                             -       A->Y    R     INVx1_ASAP7_75t_R             2  1.0    16    13    1493    (-,-) 
  u_cbm/SUB_UNS_OP276_g550__2883/Y                       -       B->Y    F     NOR2xp33_ASAP7_75t_R          2  1.3    48    19    1511    (-,-) 
  u_cbm/SUB_UNS_OP276_g549/Y                             -       A->Y    R     INVx1_ASAP7_75t_R             2  1.0    17    14    1525    (-,-) 
  u_cbm/SUB_UNS_OP276_g547__9315/Y                       -       B->Y    F     NOR2xp33_ASAP7_75t_R          2  1.3    45    19    1544    (-,-) 
  u_cbm/SUB_UNS_OP276_g546/Y                             -       A->Y    R     INVx1_ASAP7_75t_R             2  1.0    16    14    1558    (-,-) 
  u_cbm/SUB_UNS_OP276_g544__4733/Y                       -       B->Y    F     NOR2xp33_ASAP7_75t_R          2  1.3    48    19    1577    (-,-) 
  u_cbm/SUB_UNS_OP276_g543/Y                             -       A->Y    R     INVx1_ASAP7_75t_R             2  1.0    17    14    1591    (-,-) 
  u_cbm/SUB_UNS_OP276_g541__5115/Y                       -       B->Y    F     NOR2xp33_ASAP7_75t_R          2  1.3    42    19    1610    (-,-) 
  u_cbm/SUB_UNS_OP276_g540/Y                             -       A->Y    R     INVx1_ASAP7_75t_R             2  1.0    16    13    1623    (-,-) 
  u_cbm/SUB_UNS_OP276_g538__6131/Y                       -       B->Y    F     NOR2xp33_ASAP7_75t_R          2  1.3    48    19    1642    (-,-) 
  u_cbm/SUB_UNS_OP276_g537/Y                             -       A->Y    R     INVx1_ASAP7_75t_R             2  1.0    17    14    1656    (-,-) 
  u_cbm/SUB_UNS_OP276_g535__8246/Y                       -       B->Y    F     NOR2xp33_ASAP7_75t_R          2  1.3    45    19    1675    (-,-) 
  u_cbm/SUB_UNS_OP276_g534/Y                             -       A->Y    R     INVx1_ASAP7_75t_R             2  1.0    16    14    1688    (-,-) 
  u_cbm/SUB_UNS_OP276_g532__1705/Y                       -       B->Y    F     NOR2xp33_ASAP7_75t_R          2  1.3    48    19    1707    (-,-) 
  u_cbm/SUB_UNS_OP276_g531/Y                             -       A->Y    R     INVx1_ASAP7_75t_R             2  1.0    17    14    1721    (-,-) 
  u_cbm/SUB_UNS_OP276_g529__1617/Y                       -       B->Y    F     NOR2xp33_ASAP7_75t_R          2  1.3    45    19    1740    (-,-) 
  u_cbm/SUB_UNS_OP276_g528/Y                             -       A->Y    R     INVx1_ASAP7_75t_R             2  1.0    16    14    1754    (-,-) 
  u_cbm/SUB_UNS_OP276_g526__6783/Y                       -       B->Y    F     NOR2xp33_ASAP7_75t_R          2  1.3    47    19    1772    (-,-) 
  u_cbm/SUB_UNS_OP276_g525/Y                             -       A->Y    R     INVx1_ASAP7_75t_R             2  0.8    15    13    1785    (-,-) 
  u_cbm/SUB_UNS_OP276_g523__8428/Y                       -       B->Y    F     NOR2xp33_ASAP7_75t_R          2  1.2    42    18    1803    (-,-) 
  u_cbm/SUB_UNS_OP276_g522/Y                             -       A->Y    R     INVx1_ASAP7_75t_R             2  1.0    16    13    1816    (-,-) 
  u_cbm/SUB_UNS_OP276_g520__6260/Y                       -       B->Y    F     NOR2xp33_ASAP7_75t_R          2  1.3    48    19    1835    (-,-) 
  u_cbm/SUB_UNS_OP276_g519/Y                             -       A->Y    R     INVx1_ASAP7_75t_R             2  0.8    16    13    1848    (-,-) 
  u_cbm/SUB_UNS_OP276_g517__2398/Y                       -       B->Y    F     NOR2xp33_ASAP7_75t_R          2  1.2    40    18    1866    (-,-) 
  u_cbm/SUB_UNS_OP276_g516/Y                             -       A->Y    R     INVx1_ASAP7_75t_R             2  1.0    16    13    1879    (-,-) 
  u_cbm/SUB_UNS_OP276_g514__6417/Y                       -       B->Y    F     NOR2xp33_ASAP7_75t_R          2  1.3    48    19    1897    (-,-) 
  u_cbm/SUB_UNS_OP276_g513/Y                             -       A->Y    R     INVx1_ASAP7_75t_R             2  1.0    17    14    1911    (-,-) 
  u_cbm/SUB_UNS_OP276_g511__1666/Y                       -       B->Y    F     NOR2xp33_ASAP7_75t_R          2  1.3    44    19    1930    (-,-) 
  u_cbm/SUB_UNS_OP276_g510/Y                             -       A->Y    R     INVx1_ASAP7_75t_R             2  1.0    16    14    1944    (-,-) 
  u_cbm/SUB_UNS_OP276_g508__2883/Y                       -       B->Y    F     NOR2xp33_ASAP7_75t_R          2  1.3    48    19    1963    (-,-) 
  u_cbm/SUB_UNS_OP276_g506__9945/Y                       -       B->Y    R     AOI21xp5_ASAP7_75t_R          1  0.5    25    17    1979    (-,-) 
  u_cbm/g9416__9315/Y                                    -       B2->Y   R     AO22x1_ASAP7_75t_R            5  3.6    27    29    2008    (-,-) 
  u_cbm/csa_tree_SUB_TC_OP109_groupi_g1946/Y             -       A->Y    F     INVxp67_ASAP7_75t_R           1  1.1    14    12    2020    (-,-) 
  u_cbm/csa_tree_SUB_TC_OP109_groupi_g1915__5107/Y       -       C->Y    R     MAJIxp5_ASAP7_75t_R           2  2.2    40    25    2045    (-,-) 
  u_cbm/g12611/SN                                        -       CI->SN  F     FAx1_ASAP7_75t_R              2  1.6    38    55    2099    (-,-) 
  u_cbm/csa_tree_SUB_TC_OP109_groupi_g1763__5122/Y       -       A->Y    R     MAJIxp5_ASAP7_75t_R           2  3.3    56    39    2138    (-,-) 
  u_cbm/g12608/SN                                        -       B->SN   R     FAx1_ASAP7_75t_R              2  1.0    44    45    2184    (-,-) 
  u_cbm/csa_tree_SUB_TC_OP109_groupi_g1751__6260/Y       -       A->Y    F     NAND2xp33_ASAP7_75t_R         2  1.2    26    20    2204    (-,-) 
  u_cbm/csa_tree_SUB_TC_OP109_groupi_g1749__2398/Y       -       A2->Y   F     AO21x1_ASAP7_75t_R            1  0.5     6    18    2222    (-,-) 
  u_cbm/csa_tree_SUB_TC_OP109_groupi_g1748__5477/Y       -       C->Y    R     OAI221xp5_ASAP7_75t_R         1  0.6    26     9    2230    (-,-) 
  u_cbm/csa_tree_SUB_TC_OP109_groupi_g1747__6417/Y       -       A->Y    F     MAJIxp5_ASAP7_75t_R           1  0.6    17    14    2245    (-,-) 
  u_cbm/csa_tree_SUB_TC_OP109_groupi_g1746__7410/Y       -       B->Y    F     OA21x2_ASAP7_75t_R            2  1.7     9    17    2261    (-,-) 
  u_cbm/g12432__8246/Y                                   -       B->Y    R     NOR2x1_ASAP7_75t_R           64 35.7   248   115    2376    (-,-) 
  u_cbm/g12246__7098/Y                                   -       B1->Y   F     AOI222xp33_ASAP7_75t_R        1  0.6    58    41    2418    (-,-) 
  u_cbm/multiplicand_q_reg[13]/D                         -       -       F     ASYNC_DFFHx1_ASAP7_75t_R      1    -     -     0    2418    (-,-) 
#------------------------------------------------------------------------------------------------------------------------------------------------



Path 21: MET (1997564 ps) Setup Check with Pin u_cbm/multiplicand_q_reg[12]/CLK->D
          Group: core_clock
     Startpoint: (R) u_frontend/u_decode/genblk1.u_fifo/rd_ptr_q_reg[0]/CLK
          Clock: (R) core_clock
       Endpoint: (F) u_cbm/multiplicand_q_reg[12]/D
          Clock: (R) core_clock

                      Capture       Launch     
        Clock Edge:+  2000000            0     
       Src Latency:+        0            0     
       Net Latency:+        0 (I)        0 (I) 
           Arrival:=  2000000            0     
                                               
             Setup:-       18                  
     Required Time:=  1999982                  
      Launch Clock:-        0                  
         Data Path:-     2418                  
             Slack:=  1997564                  

#------------------------------------------------------------------------------------------------------------------------------------------------
#                     Timing Point                       Flags    Arc    Edge           Cell            Fanout Load Trans Delay Arrival Instance 
#                                                                                                              (fF)  (ps)  (ps)   (ps)  Location 
#------------------------------------------------------------------------------------------------------------------------------------------------
  u_frontend/u_decode/genblk1.u_fifo/rd_ptr_q_reg[0]/CLK -       -       R     (arrival)                  5356    -     0     0       0    (-,-) 
  u_frontend/u_decode/genblk1.u_fifo/rd_ptr_q_reg[0]/QN  -       CLK->QN R     ASYNC_DFFHx1_ASAP7_75t_R      1  0.6    13    36      36    (-,-) 
  u_frontend/u_decode/genblk1.u_fifo/g2479/Y             -       A->Y    R     BUFx2_ASAP7_75t_R           102 51.6   156    82     118    (-,-) 
  u_frontend/u_decode/genblk1.u_fifo/g2891/Y             -       A->Y    F     INVx2_ASAP7_75t_R            97 48.2   144   106     224    (-,-) 
  u_frontend/u_decode/genblk1.u_fifo/g2804/Y             -       A2->Y   F     AO22x1_ASAP7_75t_R            3  2.0    17    40     264    (-,-) 
  u_issue/g28658/Y                                       -       B->Y    R     XNOR2xp5_ASAP7_75t_R          1  0.5    18    14     278    (-,-) 
  u_issue/g28644/Y                                       -       D->Y    F     NAND4xp25_ASAP7_75t_R         1  0.6    25    17     296    (-,-) 
  u_issue/g28641/Y                                       -       A->Y    R     NOR5xp2_ASAP7_75t_R           1  0.5    41    23     319    (-,-) 
  u_issue/g28640/Y                                       -       A->Y    F     NAND5xp2_ASAP7_75t_R          2  1.1    46    30     349    (-,-) 
  u_issue/g28639/Y                                       -       A->Y    F     OR5x1_ASAP7_75t_R             3  1.6    19    44     393    (-,-) 
  u_issue/g28638/Y                                       -       A->Y    F     OR2x2_ASAP7_75t_R            20 10.4    33    37     430    (-,-) 
  u_issue/g45300/Y                                       -       A->Y    R     INVx2_ASAP7_75t_R            99 56.3   169    87     517    (-,-) 
  u_issue/g28291/Y                                       -       B2->Y   R     AO22x1_ASAP7_75t_R           22 11.2    71    64     581    (-,-) 
  u_issue/g45298/Y                                       -       A->Y    F     INVx1_ASAP7_75t_R            17  9.2    58    44     624    (-,-) 
  u_issue/g44952/Y                                       -       A->Y    R     NAND2xp5_ASAP7_75t_R          4  2.1    37    32     656    (-,-) 
  u_issue/g44832/Y                                       -       A->Y    F     NOR3xp33_ASAP7_75t_R          2  0.8    28    15     671    (-,-) 
  u_issue/g44639/Y                                       -       A->Y    R     NOR2xp33_ASAP7_75t_R          3  1.7    40    27     698    (-,-) 
  u_issue/g44554/Y                                       -       A->Y    F     NAND3xp33_ASAP7_75t_R         4  2.9    55    36     734    (-,-) 
  u_issue/g44546/Y                                       -       A->Y    R     NOR3xp33_ASAP7_75t_R          3  1.9    55    38     772    (-,-) 
  u_issue/g44542/Y                                       -       A->Y    F     INVx1_ASAP7_75t_R             1  0.6    13    10     782    (-,-) 
  u_issue/g44512/Y                                       -       A->Y    R     NOR4xp25_ASAP7_75t_R         17  8.8   245   118     900    (-,-) 
  u_issue/drc_bufs45344/Y                                -       A->Y    F     INVx1_ASAP7_75t_R             1  0.7    32    15     915    (-,-) 
  u_issue/drc_bufs45343/Y                                -       A->Y    R     INVx1_ASAP7_75t_R            16  8.1    53    34     949    (-,-) 
  u_issue/g44217/Y                                       -       A1->Y   F     AOI222xp33_ASAP7_75t_R        1  0.6    62    20     969    (-,-) 
  u_issue/g44110/Y                                       -       B->Y    R     NAND2xp5_ASAP7_75t_R          1  0.5    20    18     987    (-,-) 
  u_issue/g44019/Y                                       -       C->Y    F     AOI221xp5_ASAP7_75t_R         1  0.6    36    12     999    (-,-) 
  u_issue/g43925/Y                                       -       B->Y    R     NAND2xp5_ASAP7_75t_R         18  9.2   102    58    1057    (-,-) 
  u_cbm/SUB_UNS_OP276_g589__9315/Y                       -       A->Y    F     NOR2xp33_ASAP7_75t_R          2  1.3    48    40    1097    (-,-) 
  u_cbm/SUB_UNS_OP276_g588/Y                             -       A->Y    R     INVx1_ASAP7_75t_R             2  1.0    17    14    1111    (-,-) 
  u_cbm/SUB_UNS_OP276_g586__4733/Y                       -       B->Y    F     NOR2xp33_ASAP7_75t_R          2  1.3    46    19    1130    (-,-) 
  u_cbm/SUB_UNS_OP276_g585/Y                             -       A->Y    R     INVx1_ASAP7_75t_R             2  1.0    17    14    1144    (-,-) 
  u_cbm/SUB_UNS_OP276_g583__5115/Y                       -       B->Y    F     NOR2xp33_ASAP7_75t_R          2  1.3    42    19    1162    (-,-) 
  u_cbm/SUB_UNS_OP276_g582/Y                             -       A->Y    R     INVx1_ASAP7_75t_R             2  0.8    15    12    1175    (-,-) 
  u_cbm/SUB_UNS_OP276_g580__6131/Y                       -       B->Y    F     NOR2xp33_ASAP7_75t_R          2  1.2    45    17    1192    (-,-) 
  u_cbm/SUB_UNS_OP276_g579/Y                             -       A->Y    R     INVx1_ASAP7_75t_R             2  0.8    15    12    1205    (-,-) 
  u_cbm/SUB_UNS_OP276_g577__8246/Y                       -       B->Y    F     NOR2xp33_ASAP7_75t_R          2  1.2    41    18    1222    (-,-) 
  u_cbm/SUB_UNS_OP276_g576/Y                             -       A->Y    R     INVx1_ASAP7_75t_R             2  0.8    14    12    1234    (-,-) 
  u_cbm/SUB_UNS_OP276_g574__1705/Y                       -       B->Y    F     NOR2xp33_ASAP7_75t_R          2  1.2    45    17    1252    (-,-) 
  u_cbm/SUB_UNS_OP276_g573/Y                             -       A->Y    R     INVx1_ASAP7_75t_R             2  1.0    16    14    1265    (-,-) 
  u_cbm/SUB_UNS_OP276_g571__1617/Y                       -       B->Y    F     NOR2xp33_ASAP7_75t_R          2  1.3    42    19    1284    (-,-) 
  u_cbm/SUB_UNS_OP276_g570/Y                             -       A->Y    R     INVx1_ASAP7_75t_R             2  1.0    16    13    1297    (-,-) 
  u_cbm/SUB_UNS_OP276_g568__6783/Y                       -       B->Y    F     NOR2xp33_ASAP7_75t_R          2  1.3    48    19    1316    (-,-) 
  u_cbm/SUB_UNS_OP276_g567/Y                             -       A->Y    R     INVx1_ASAP7_75t_R             2  1.0    17    14    1330    (-,-) 
  u_cbm/SUB_UNS_OP276_g565__8428/Y                       -       B->Y    F     NOR2xp33_ASAP7_75t_R          2  1.3    44    19    1349    (-,-) 
  u_cbm/SUB_UNS_OP276_g564/Y                             -       A->Y    R     INVx1_ASAP7_75t_R             2  1.0    16    14    1363    (-,-) 
  u_cbm/SUB_UNS_OP276_g562__6260/Y                       -       B->Y    F     NOR2xp33_ASAP7_75t_R          2  1.3    47    19    1382    (-,-) 
  u_cbm/SUB_UNS_OP276_g561/Y                             -       A->Y    R     INVx1_ASAP7_75t_R             2  1.0    17    14    1395    (-,-) 
  u_cbm/SUB_UNS_OP276_g559__2398/Y                       -       B->Y    F     NOR2xp33_ASAP7_75t_R          2  1.3    43    19    1414    (-,-) 
  u_cbm/SUB_UNS_OP276_g558/Y                             -       A->Y    R     INVx1_ASAP7_75t_R             2  1.0    16    13    1428    (-,-) 
  u_cbm/SUB_UNS_OP276_g556__6417/Y                       -       B->Y    F     NOR2xp33_ASAP7_75t_R          2  1.3    48    19    1446    (-,-) 
  u_cbm/SUB_UNS_OP276_g555/Y                             -       A->Y    R     INVx1_ASAP7_75t_R             2  1.0    17    14    1460    (-,-) 
  u_cbm/SUB_UNS_OP276_g553__1666/Y                       -       B->Y    F     NOR2xp33_ASAP7_75t_R          2  1.3    42    19    1479    (-,-) 
  u_cbm/SUB_UNS_OP276_g552/Y                             -       A->Y    R     INVx1_ASAP7_75t_R             2  1.0    16    13    1493    (-,-) 
  u_cbm/SUB_UNS_OP276_g550__2883/Y                       -       B->Y    F     NOR2xp33_ASAP7_75t_R          2  1.3    48    19    1511    (-,-) 
  u_cbm/SUB_UNS_OP276_g549/Y                             -       A->Y    R     INVx1_ASAP7_75t_R             2  1.0    17    14    1525    (-,-) 
  u_cbm/SUB_UNS_OP276_g547__9315/Y                       -       B->Y    F     NOR2xp33_ASAP7_75t_R          2  1.3    45    19    1544    (-,-) 
  u_cbm/SUB_UNS_OP276_g546/Y                             -       A->Y    R     INVx1_ASAP7_75t_R             2  1.0    16    14    1558    (-,-) 
  u_cbm/SUB_UNS_OP276_g544__4733/Y                       -       B->Y    F     NOR2xp33_ASAP7_75t_R          2  1.3    48    19    1577    (-,-) 
  u_cbm/SUB_UNS_OP276_g543/Y                             -       A->Y    R     INVx1_ASAP7_75t_R             2  1.0    17    14    1591    (-,-) 
  u_cbm/SUB_UNS_OP276_g541__5115/Y                       -       B->Y    F     NOR2xp33_ASAP7_75t_R          2  1.3    42    19    1610    (-,-) 
  u_cbm/SUB_UNS_OP276_g540/Y                             -       A->Y    R     INVx1_ASAP7_75t_R             2  1.0    16    13    1623    (-,-) 
  u_cbm/SUB_UNS_OP276_g538__6131/Y                       -       B->Y    F     NOR2xp33_ASAP7_75t_R          2  1.3    48    19    1642    (-,-) 
  u_cbm/SUB_UNS_OP276_g537/Y                             -       A->Y    R     INVx1_ASAP7_75t_R             2  1.0    17    14    1656    (-,-) 
  u_cbm/SUB_UNS_OP276_g535__8246/Y                       -       B->Y    F     NOR2xp33_ASAP7_75t_R          2  1.3    45    19    1675    (-,-) 
  u_cbm/SUB_UNS_OP276_g534/Y                             -       A->Y    R     INVx1_ASAP7_75t_R             2  1.0    16    14    1688    (-,-) 
  u_cbm/SUB_UNS_OP276_g532__1705/Y                       -       B->Y    F     NOR2xp33_ASAP7_75t_R          2  1.3    48    19    1707    (-,-) 
  u_cbm/SUB_UNS_OP276_g531/Y                             -       A->Y    R     INVx1_ASAP7_75t_R             2  1.0    17    14    1721    (-,-) 
  u_cbm/SUB_UNS_OP276_g529__1617/Y                       -       B->Y    F     NOR2xp33_ASAP7_75t_R          2  1.3    45    19    1740    (-,-) 
  u_cbm/SUB_UNS_OP276_g528/Y                             -       A->Y    R     INVx1_ASAP7_75t_R             2  1.0    16    14    1754    (-,-) 
  u_cbm/SUB_UNS_OP276_g526__6783/Y                       -       B->Y    F     NOR2xp33_ASAP7_75t_R          2  1.3    47    19    1772    (-,-) 
  u_cbm/SUB_UNS_OP276_g525/Y                             -       A->Y    R     INVx1_ASAP7_75t_R             2  0.8    15    13    1785    (-,-) 
  u_cbm/SUB_UNS_OP276_g523__8428/Y                       -       B->Y    F     NOR2xp33_ASAP7_75t_R          2  1.2    42    18    1803    (-,-) 
  u_cbm/SUB_UNS_OP276_g522/Y                             -       A->Y    R     INVx1_ASAP7_75t_R             2  1.0    16    13    1816    (-,-) 
  u_cbm/SUB_UNS_OP276_g520__6260/Y                       -       B->Y    F     NOR2xp33_ASAP7_75t_R          2  1.3    48    19    1835    (-,-) 
  u_cbm/SUB_UNS_OP276_g519/Y                             -       A->Y    R     INVx1_ASAP7_75t_R             2  0.8    16    13    1848    (-,-) 
  u_cbm/SUB_UNS_OP276_g517__2398/Y                       -       B->Y    F     NOR2xp33_ASAP7_75t_R          2  1.2    40    18    1866    (-,-) 
  u_cbm/SUB_UNS_OP276_g516/Y                             -       A->Y    R     INVx1_ASAP7_75t_R             2  1.0    16    13    1879    (-,-) 
  u_cbm/SUB_UNS_OP276_g514__6417/Y                       -       B->Y    F     NOR2xp33_ASAP7_75t_R          2  1.3    48    19    1897    (-,-) 
  u_cbm/SUB_UNS_OP276_g513/Y                             -       A->Y    R     INVx1_ASAP7_75t_R             2  1.0    17    14    1911    (-,-) 
  u_cbm/SUB_UNS_OP276_g511__1666/Y                       -       B->Y    F     NOR2xp33_ASAP7_75t_R          2  1.3    44    19    1930    (-,-) 
  u_cbm/SUB_UNS_OP276_g510/Y                             -       A->Y    R     INVx1_ASAP7_75t_R             2  1.0    16    14    1944    (-,-) 
  u_cbm/SUB_UNS_OP276_g508__2883/Y                       -       B->Y    F     NOR2xp33_ASAP7_75t_R          2  1.3    48    19    1963    (-,-) 
  u_cbm/SUB_UNS_OP276_g506__9945/Y                       -       B->Y    R     AOI21xp5_ASAP7_75t_R          1  0.5    25    17    1979    (-,-) 
  u_cbm/g9416__9315/Y                                    -       B2->Y   R     AO22x1_ASAP7_75t_R            5  3.6    27    29    2008    (-,-) 
  u_cbm/csa_tree_SUB_TC_OP109_groupi_g1946/Y             -       A->Y    F     INVxp67_ASAP7_75t_R           1  1.1    14    12    2020    (-,-) 
  u_cbm/csa_tree_SUB_TC_OP109_groupi_g1915__5107/Y       -       C->Y    R     MAJIxp5_ASAP7_75t_R           2  2.2    40    25    2045    (-,-) 
  u_cbm/g12611/SN                                        -       CI->SN  F     FAx1_ASAP7_75t_R              2  1.6    38    55    2099    (-,-) 
  u_cbm/csa_tree_SUB_TC_OP109_groupi_g1763__5122/Y       -       A->Y    R     MAJIxp5_ASAP7_75t_R           2  3.3    56    39    2138    (-,-) 
  u_cbm/g12608/SN                                        -       B->SN   R     FAx1_ASAP7_75t_R              2  1.0    44    45    2184    (-,-) 
  u_cbm/csa_tree_SUB_TC_OP109_groupi_g1751__6260/Y       -       A->Y    F     NAND2xp33_ASAP7_75t_R         2  1.2    26    20    2204    (-,-) 
  u_cbm/csa_tree_SUB_TC_OP109_groupi_g1749__2398/Y       -       A2->Y   F     AO21x1_ASAP7_75t_R            1  0.5     6    18    2222    (-,-) 
  u_cbm/csa_tree_SUB_TC_OP109_groupi_g1748__5477/Y       -       C->Y    R     OAI221xp5_ASAP7_75t_R         1  0.6    26     9    2230    (-,-) 
  u_cbm/csa_tree_SUB_TC_OP109_groupi_g1747__6417/Y       -       A->Y    F     MAJIxp5_ASAP7_75t_R           1  0.6    17    14    2245    (-,-) 
  u_cbm/csa_tree_SUB_TC_OP109_groupi_g1746__7410/Y       -       B->Y    F     OA21x2_ASAP7_75t_R            2  1.7     9    17    2261    (-,-) 
  u_cbm/g12432__8246/Y                                   -       B->Y    R     NOR2x1_ASAP7_75t_R           64 35.7   248   115    2376    (-,-) 
  u_cbm/g12244__5122/Y                                   -       B1->Y   F     AOI222xp33_ASAP7_75t_R        1  0.6    58    41    2418    (-,-) 
  u_cbm/multiplicand_q_reg[12]/D                         -       -       F     ASYNC_DFFHx1_ASAP7_75t_R      1    -     -     0    2418    (-,-) 
#------------------------------------------------------------------------------------------------------------------------------------------------



Path 22: MET (1997564 ps) Setup Check with Pin u_cbm/multiplicand_q_reg[11]/CLK->D
          Group: core_clock
     Startpoint: (R) u_frontend/u_decode/genblk1.u_fifo/rd_ptr_q_reg[0]/CLK
          Clock: (R) core_clock
       Endpoint: (F) u_cbm/multiplicand_q_reg[11]/D
          Clock: (R) core_clock

                      Capture       Launch     
        Clock Edge:+  2000000            0     
       Src Latency:+        0            0     
       Net Latency:+        0 (I)        0 (I) 
           Arrival:=  2000000            0     
                                               
             Setup:-       18                  
     Required Time:=  1999982                  
      Launch Clock:-        0                  
         Data Path:-     2418                  
             Slack:=  1997564                  

#------------------------------------------------------------------------------------------------------------------------------------------------
#                     Timing Point                       Flags    Arc    Edge           Cell            Fanout Load Trans Delay Arrival Instance 
#                                                                                                              (fF)  (ps)  (ps)   (ps)  Location 
#------------------------------------------------------------------------------------------------------------------------------------------------
  u_frontend/u_decode/genblk1.u_fifo/rd_ptr_q_reg[0]/CLK -       -       R     (arrival)                  5356    -     0     0       0    (-,-) 
  u_frontend/u_decode/genblk1.u_fifo/rd_ptr_q_reg[0]/QN  -       CLK->QN R     ASYNC_DFFHx1_ASAP7_75t_R      1  0.6    13    36      36    (-,-) 
  u_frontend/u_decode/genblk1.u_fifo/g2479/Y             -       A->Y    R     BUFx2_ASAP7_75t_R           102 51.6   156    82     118    (-,-) 
  u_frontend/u_decode/genblk1.u_fifo/g2891/Y             -       A->Y    F     INVx2_ASAP7_75t_R            97 48.2   144   106     224    (-,-) 
  u_frontend/u_decode/genblk1.u_fifo/g2804/Y             -       A2->Y   F     AO22x1_ASAP7_75t_R            3  2.0    17    40     264    (-,-) 
  u_issue/g28658/Y                                       -       B->Y    R     XNOR2xp5_ASAP7_75t_R          1  0.5    18    14     278    (-,-) 
  u_issue/g28644/Y                                       -       D->Y    F     NAND4xp25_ASAP7_75t_R         1  0.6    25    17     296    (-,-) 
  u_issue/g28641/Y                                       -       A->Y    R     NOR5xp2_ASAP7_75t_R           1  0.5    41    23     319    (-,-) 
  u_issue/g28640/Y                                       -       A->Y    F     NAND5xp2_ASAP7_75t_R          2  1.1    46    30     349    (-,-) 
  u_issue/g28639/Y                                       -       A->Y    F     OR5x1_ASAP7_75t_R             3  1.6    19    44     393    (-,-) 
  u_issue/g28638/Y                                       -       A->Y    F     OR2x2_ASAP7_75t_R            20 10.4    33    37     430    (-,-) 
  u_issue/g45300/Y                                       -       A->Y    R     INVx2_ASAP7_75t_R            99 56.3   169    87     517    (-,-) 
  u_issue/g28291/Y                                       -       B2->Y   R     AO22x1_ASAP7_75t_R           22 11.2    71    64     581    (-,-) 
  u_issue/g45298/Y                                       -       A->Y    F     INVx1_ASAP7_75t_R            17  9.2    58    44     624    (-,-) 
  u_issue/g44952/Y                                       -       A->Y    R     NAND2xp5_ASAP7_75t_R          4  2.1    37    32     656    (-,-) 
  u_issue/g44832/Y                                       -       A->Y    F     NOR3xp33_ASAP7_75t_R          2  0.8    28    15     671    (-,-) 
  u_issue/g44639/Y                                       -       A->Y    R     NOR2xp33_ASAP7_75t_R          3  1.7    40    27     698    (-,-) 
  u_issue/g44554/Y                                       -       A->Y    F     NAND3xp33_ASAP7_75t_R         4  2.9    55    36     734    (-,-) 
  u_issue/g44546/Y                                       -       A->Y    R     NOR3xp33_ASAP7_75t_R          3  1.9    55    38     772    (-,-) 
  u_issue/g44542/Y                                       -       A->Y    F     INVx1_ASAP7_75t_R             1  0.6    13    10     782    (-,-) 
  u_issue/g44512/Y                                       -       A->Y    R     NOR4xp25_ASAP7_75t_R         17  8.8   245   118     900    (-,-) 
  u_issue/drc_bufs45344/Y                                -       A->Y    F     INVx1_ASAP7_75t_R             1  0.7    32    15     915    (-,-) 
  u_issue/drc_bufs45343/Y                                -       A->Y    R     INVx1_ASAP7_75t_R            16  8.1    53    34     949    (-,-) 
  u_issue/g44217/Y                                       -       A1->Y   F     AOI222xp33_ASAP7_75t_R        1  0.6    62    20     969    (-,-) 
  u_issue/g44110/Y                                       -       B->Y    R     NAND2xp5_ASAP7_75t_R          1  0.5    20    18     987    (-,-) 
  u_issue/g44019/Y                                       -       C->Y    F     AOI221xp5_ASAP7_75t_R         1  0.6    36    12     999    (-,-) 
  u_issue/g43925/Y                                       -       B->Y    R     NAND2xp5_ASAP7_75t_R         18  9.2   102    58    1057    (-,-) 
  u_cbm/SUB_UNS_OP276_g589__9315/Y                       -       A->Y    F     NOR2xp33_ASAP7_75t_R          2  1.3    48    40    1097    (-,-) 
  u_cbm/SUB_UNS_OP276_g588/Y                             -       A->Y    R     INVx1_ASAP7_75t_R             2  1.0    17    14    1111    (-,-) 
  u_cbm/SUB_UNS_OP276_g586__4733/Y                       -       B->Y    F     NOR2xp33_ASAP7_75t_R          2  1.3    46    19    1130    (-,-) 
  u_cbm/SUB_UNS_OP276_g585/Y                             -       A->Y    R     INVx1_ASAP7_75t_R             2  1.0    17    14    1144    (-,-) 
  u_cbm/SUB_UNS_OP276_g583__5115/Y                       -       B->Y    F     NOR2xp33_ASAP7_75t_R          2  1.3    42    19    1162    (-,-) 
  u_cbm/SUB_UNS_OP276_g582/Y                             -       A->Y    R     INVx1_ASAP7_75t_R             2  0.8    15    12    1175    (-,-) 
  u_cbm/SUB_UNS_OP276_g580__6131/Y                       -       B->Y    F     NOR2xp33_ASAP7_75t_R          2  1.2    45    17    1192    (-,-) 
  u_cbm/SUB_UNS_OP276_g579/Y                             -       A->Y    R     INVx1_ASAP7_75t_R             2  0.8    15    12    1205    (-,-) 
  u_cbm/SUB_UNS_OP276_g577__8246/Y                       -       B->Y    F     NOR2xp33_ASAP7_75t_R          2  1.2    41    18    1222    (-,-) 
  u_cbm/SUB_UNS_OP276_g576/Y                             -       A->Y    R     INVx1_ASAP7_75t_R             2  0.8    14    12    1234    (-,-) 
  u_cbm/SUB_UNS_OP276_g574__1705/Y                       -       B->Y    F     NOR2xp33_ASAP7_75t_R          2  1.2    45    17    1252    (-,-) 
  u_cbm/SUB_UNS_OP276_g573/Y                             -       A->Y    R     INVx1_ASAP7_75t_R             2  1.0    16    14    1265    (-,-) 
  u_cbm/SUB_UNS_OP276_g571__1617/Y                       -       B->Y    F     NOR2xp33_ASAP7_75t_R          2  1.3    42    19    1284    (-,-) 
  u_cbm/SUB_UNS_OP276_g570/Y                             -       A->Y    R     INVx1_ASAP7_75t_R             2  1.0    16    13    1297    (-,-) 
  u_cbm/SUB_UNS_OP276_g568__6783/Y                       -       B->Y    F     NOR2xp33_ASAP7_75t_R          2  1.3    48    19    1316    (-,-) 
  u_cbm/SUB_UNS_OP276_g567/Y                             -       A->Y    R     INVx1_ASAP7_75t_R             2  1.0    17    14    1330    (-,-) 
  u_cbm/SUB_UNS_OP276_g565__8428/Y                       -       B->Y    F     NOR2xp33_ASAP7_75t_R          2  1.3    44    19    1349    (-,-) 
  u_cbm/SUB_UNS_OP276_g564/Y                             -       A->Y    R     INVx1_ASAP7_75t_R             2  1.0    16    14    1363    (-,-) 
  u_cbm/SUB_UNS_OP276_g562__6260/Y                       -       B->Y    F     NOR2xp33_ASAP7_75t_R          2  1.3    47    19    1382    (-,-) 
  u_cbm/SUB_UNS_OP276_g561/Y                             -       A->Y    R     INVx1_ASAP7_75t_R             2  1.0    17    14    1395    (-,-) 
  u_cbm/SUB_UNS_OP276_g559__2398/Y                       -       B->Y    F     NOR2xp33_ASAP7_75t_R          2  1.3    43    19    1414    (-,-) 
  u_cbm/SUB_UNS_OP276_g558/Y                             -       A->Y    R     INVx1_ASAP7_75t_R             2  1.0    16    13    1428    (-,-) 
  u_cbm/SUB_UNS_OP276_g556__6417/Y                       -       B->Y    F     NOR2xp33_ASAP7_75t_R          2  1.3    48    19    1446    (-,-) 
  u_cbm/SUB_UNS_OP276_g555/Y                             -       A->Y    R     INVx1_ASAP7_75t_R             2  1.0    17    14    1460    (-,-) 
  u_cbm/SUB_UNS_OP276_g553__1666/Y                       -       B->Y    F     NOR2xp33_ASAP7_75t_R          2  1.3    42    19    1479    (-,-) 
  u_cbm/SUB_UNS_OP276_g552/Y                             -       A->Y    R     INVx1_ASAP7_75t_R             2  1.0    16    13    1493    (-,-) 
  u_cbm/SUB_UNS_OP276_g550__2883/Y                       -       B->Y    F     NOR2xp33_ASAP7_75t_R          2  1.3    48    19    1511    (-,-) 
  u_cbm/SUB_UNS_OP276_g549/Y                             -       A->Y    R     INVx1_ASAP7_75t_R             2  1.0    17    14    1525    (-,-) 
  u_cbm/SUB_UNS_OP276_g547__9315/Y                       -       B->Y    F     NOR2xp33_ASAP7_75t_R          2  1.3    45    19    1544    (-,-) 
  u_cbm/SUB_UNS_OP276_g546/Y                             -       A->Y    R     INVx1_ASAP7_75t_R             2  1.0    16    14    1558    (-,-) 
  u_cbm/SUB_UNS_OP276_g544__4733/Y                       -       B->Y    F     NOR2xp33_ASAP7_75t_R          2  1.3    48    19    1577    (-,-) 
  u_cbm/SUB_UNS_OP276_g543/Y                             -       A->Y    R     INVx1_ASAP7_75t_R             2  1.0    17    14    1591    (-,-) 
  u_cbm/SUB_UNS_OP276_g541__5115/Y                       -       B->Y    F     NOR2xp33_ASAP7_75t_R          2  1.3    42    19    1610    (-,-) 
  u_cbm/SUB_UNS_OP276_g540/Y                             -       A->Y    R     INVx1_ASAP7_75t_R             2  1.0    16    13    1623    (-,-) 
  u_cbm/SUB_UNS_OP276_g538__6131/Y                       -       B->Y    F     NOR2xp33_ASAP7_75t_R          2  1.3    48    19    1642    (-,-) 
  u_cbm/SUB_UNS_OP276_g537/Y                             -       A->Y    R     INVx1_ASAP7_75t_R             2  1.0    17    14    1656    (-,-) 
  u_cbm/SUB_UNS_OP276_g535__8246/Y                       -       B->Y    F     NOR2xp33_ASAP7_75t_R          2  1.3    45    19    1675    (-,-) 
  u_cbm/SUB_UNS_OP276_g534/Y                             -       A->Y    R     INVx1_ASAP7_75t_R             2  1.0    16    14    1688    (-,-) 
  u_cbm/SUB_UNS_OP276_g532__1705/Y                       -       B->Y    F     NOR2xp33_ASAP7_75t_R          2  1.3    48    19    1707    (-,-) 
  u_cbm/SUB_UNS_OP276_g531/Y                             -       A->Y    R     INVx1_ASAP7_75t_R             2  1.0    17    14    1721    (-,-) 
  u_cbm/SUB_UNS_OP276_g529__1617/Y                       -       B->Y    F     NOR2xp33_ASAP7_75t_R          2  1.3    45    19    1740    (-,-) 
  u_cbm/SUB_UNS_OP276_g528/Y                             -       A->Y    R     INVx1_ASAP7_75t_R             2  1.0    16    14    1754    (-,-) 
  u_cbm/SUB_UNS_OP276_g526__6783/Y                       -       B->Y    F     NOR2xp33_ASAP7_75t_R          2  1.3    47    19    1772    (-,-) 
  u_cbm/SUB_UNS_OP276_g525/Y                             -       A->Y    R     INVx1_ASAP7_75t_R             2  0.8    15    13    1785    (-,-) 
  u_cbm/SUB_UNS_OP276_g523__8428/Y                       -       B->Y    F     NOR2xp33_ASAP7_75t_R          2  1.2    42    18    1803    (-,-) 
  u_cbm/SUB_UNS_OP276_g522/Y                             -       A->Y    R     INVx1_ASAP7_75t_R             2  1.0    16    13    1816    (-,-) 
  u_cbm/SUB_UNS_OP276_g520__6260/Y                       -       B->Y    F     NOR2xp33_ASAP7_75t_R          2  1.3    48    19    1835    (-,-) 
  u_cbm/SUB_UNS_OP276_g519/Y                             -       A->Y    R     INVx1_ASAP7_75t_R             2  0.8    16    13    1848    (-,-) 
  u_cbm/SUB_UNS_OP276_g517__2398/Y                       -       B->Y    F     NOR2xp33_ASAP7_75t_R          2  1.2    40    18    1866    (-,-) 
  u_cbm/SUB_UNS_OP276_g516/Y                             -       A->Y    R     INVx1_ASAP7_75t_R             2  1.0    16    13    1879    (-,-) 
  u_cbm/SUB_UNS_OP276_g514__6417/Y                       -       B->Y    F     NOR2xp33_ASAP7_75t_R          2  1.3    48    19    1897    (-,-) 
  u_cbm/SUB_UNS_OP276_g513/Y                             -       A->Y    R     INVx1_ASAP7_75t_R             2  1.0    17    14    1911    (-,-) 
  u_cbm/SUB_UNS_OP276_g511__1666/Y                       -       B->Y    F     NOR2xp33_ASAP7_75t_R          2  1.3    44    19    1930    (-,-) 
  u_cbm/SUB_UNS_OP276_g510/Y                             -       A->Y    R     INVx1_ASAP7_75t_R             2  1.0    16    14    1944    (-,-) 
  u_cbm/SUB_UNS_OP276_g508__2883/Y                       -       B->Y    F     NOR2xp33_ASAP7_75t_R          2  1.3    48    19    1963    (-,-) 
  u_cbm/SUB_UNS_OP276_g506__9945/Y                       -       B->Y    R     AOI21xp5_ASAP7_75t_R          1  0.5    25    17    1979    (-,-) 
  u_cbm/g9416__9315/Y                                    -       B2->Y   R     AO22x1_ASAP7_75t_R            5  3.6    27    29    2008    (-,-) 
  u_cbm/csa_tree_SUB_TC_OP109_groupi_g1946/Y             -       A->Y    F     INVxp67_ASAP7_75t_R           1  1.1    14    12    2020    (-,-) 
  u_cbm/csa_tree_SUB_TC_OP109_groupi_g1915__5107/Y       -       C->Y    R     MAJIxp5_ASAP7_75t_R           2  2.2    40    25    2045    (-,-) 
  u_cbm/g12611/SN                                        -       CI->SN  F     FAx1_ASAP7_75t_R              2  1.6    38    55    2099    (-,-) 
  u_cbm/csa_tree_SUB_TC_OP109_groupi_g1763__5122/Y       -       A->Y    R     MAJIxp5_ASAP7_75t_R           2  3.3    56    39    2138    (-,-) 
  u_cbm/g12608/SN                                        -       B->SN   R     FAx1_ASAP7_75t_R              2  1.0    44    45    2184    (-,-) 
  u_cbm/csa_tree_SUB_TC_OP109_groupi_g1751__6260/Y       -       A->Y    F     NAND2xp33_ASAP7_75t_R         2  1.2    26    20    2204    (-,-) 
  u_cbm/csa_tree_SUB_TC_OP109_groupi_g1749__2398/Y       -       A2->Y   F     AO21x1_ASAP7_75t_R            1  0.5     6    18    2222    (-,-) 
  u_cbm/csa_tree_SUB_TC_OP109_groupi_g1748__5477/Y       -       C->Y    R     OAI221xp5_ASAP7_75t_R         1  0.6    26     9    2230    (-,-) 
  u_cbm/csa_tree_SUB_TC_OP109_groupi_g1747__6417/Y       -       A->Y    F     MAJIxp5_ASAP7_75t_R           1  0.6    17    14    2245    (-,-) 
  u_cbm/csa_tree_SUB_TC_OP109_groupi_g1746__7410/Y       -       B->Y    F     OA21x2_ASAP7_75t_R            2  1.7     9    17    2261    (-,-) 
  u_cbm/g12432__8246/Y                                   -       B->Y    R     NOR2x1_ASAP7_75t_R           64 35.7   248   115    2376    (-,-) 
  u_cbm/g12243__1705/Y                                   -       B1->Y   F     AOI222xp33_ASAP7_75t_R        1  0.6    58    41    2418    (-,-) 
  u_cbm/multiplicand_q_reg[11]/D                         -       -       F     ASYNC_DFFHx1_ASAP7_75t_R      1    -     -     0    2418    (-,-) 
#------------------------------------------------------------------------------------------------------------------------------------------------



Path 23: MET (1997564 ps) Setup Check with Pin u_cbm/multiplicand_q_reg[10]/CLK->D
          Group: core_clock
     Startpoint: (R) u_frontend/u_decode/genblk1.u_fifo/rd_ptr_q_reg[0]/CLK
          Clock: (R) core_clock
       Endpoint: (F) u_cbm/multiplicand_q_reg[10]/D
          Clock: (R) core_clock

                      Capture       Launch     
        Clock Edge:+  2000000            0     
       Src Latency:+        0            0     
       Net Latency:+        0 (I)        0 (I) 
           Arrival:=  2000000            0     
                                               
             Setup:-       18                  
     Required Time:=  1999982                  
      Launch Clock:-        0                  
         Data Path:-     2418                  
             Slack:=  1997564                  

#------------------------------------------------------------------------------------------------------------------------------------------------
#                     Timing Point                       Flags    Arc    Edge           Cell            Fanout Load Trans Delay Arrival Instance 
#                                                                                                              (fF)  (ps)  (ps)   (ps)  Location 
#------------------------------------------------------------------------------------------------------------------------------------------------
  u_frontend/u_decode/genblk1.u_fifo/rd_ptr_q_reg[0]/CLK -       -       R     (arrival)                  5356    -     0     0       0    (-,-) 
  u_frontend/u_decode/genblk1.u_fifo/rd_ptr_q_reg[0]/QN  -       CLK->QN R     ASYNC_DFFHx1_ASAP7_75t_R      1  0.6    13    36      36    (-,-) 
  u_frontend/u_decode/genblk1.u_fifo/g2479/Y             -       A->Y    R     BUFx2_ASAP7_75t_R           102 51.6   156    82     118    (-,-) 
  u_frontend/u_decode/genblk1.u_fifo/g2891/Y             -       A->Y    F     INVx2_ASAP7_75t_R            97 48.2   144   106     224    (-,-) 
  u_frontend/u_decode/genblk1.u_fifo/g2804/Y             -       A2->Y   F     AO22x1_ASAP7_75t_R            3  2.0    17    40     264    (-,-) 
  u_issue/g28658/Y                                       -       B->Y    R     XNOR2xp5_ASAP7_75t_R          1  0.5    18    14     278    (-,-) 
  u_issue/g28644/Y                                       -       D->Y    F     NAND4xp25_ASAP7_75t_R         1  0.6    25    17     296    (-,-) 
  u_issue/g28641/Y                                       -       A->Y    R     NOR5xp2_ASAP7_75t_R           1  0.5    41    23     319    (-,-) 
  u_issue/g28640/Y                                       -       A->Y    F     NAND5xp2_ASAP7_75t_R          2  1.1    46    30     349    (-,-) 
  u_issue/g28639/Y                                       -       A->Y    F     OR5x1_ASAP7_75t_R             3  1.6    19    44     393    (-,-) 
  u_issue/g28638/Y                                       -       A->Y    F     OR2x2_ASAP7_75t_R            20 10.4    33    37     430    (-,-) 
  u_issue/g45300/Y                                       -       A->Y    R     INVx2_ASAP7_75t_R            99 56.3   169    87     517    (-,-) 
  u_issue/g28291/Y                                       -       B2->Y   R     AO22x1_ASAP7_75t_R           22 11.2    71    64     581    (-,-) 
  u_issue/g45298/Y                                       -       A->Y    F     INVx1_ASAP7_75t_R            17  9.2    58    44     624    (-,-) 
  u_issue/g44952/Y                                       -       A->Y    R     NAND2xp5_ASAP7_75t_R          4  2.1    37    32     656    (-,-) 
  u_issue/g44832/Y                                       -       A->Y    F     NOR3xp33_ASAP7_75t_R          2  0.8    28    15     671    (-,-) 
  u_issue/g44639/Y                                       -       A->Y    R     NOR2xp33_ASAP7_75t_R          3  1.7    40    27     698    (-,-) 
  u_issue/g44554/Y                                       -       A->Y    F     NAND3xp33_ASAP7_75t_R         4  2.9    55    36     734    (-,-) 
  u_issue/g44546/Y                                       -       A->Y    R     NOR3xp33_ASAP7_75t_R          3  1.9    55    38     772    (-,-) 
  u_issue/g44542/Y                                       -       A->Y    F     INVx1_ASAP7_75t_R             1  0.6    13    10     782    (-,-) 
  u_issue/g44512/Y                                       -       A->Y    R     NOR4xp25_ASAP7_75t_R         17  8.8   245   118     900    (-,-) 
  u_issue/drc_bufs45344/Y                                -       A->Y    F     INVx1_ASAP7_75t_R             1  0.7    32    15     915    (-,-) 
  u_issue/drc_bufs45343/Y                                -       A->Y    R     INVx1_ASAP7_75t_R            16  8.1    53    34     949    (-,-) 
  u_issue/g44217/Y                                       -       A1->Y   F     AOI222xp33_ASAP7_75t_R        1  0.6    62    20     969    (-,-) 
  u_issue/g44110/Y                                       -       B->Y    R     NAND2xp5_ASAP7_75t_R          1  0.5    20    18     987    (-,-) 
  u_issue/g44019/Y                                       -       C->Y    F     AOI221xp5_ASAP7_75t_R         1  0.6    36    12     999    (-,-) 
  u_issue/g43925/Y                                       -       B->Y    R     NAND2xp5_ASAP7_75t_R         18  9.2   102    58    1057    (-,-) 
  u_cbm/SUB_UNS_OP276_g589__9315/Y                       -       A->Y    F     NOR2xp33_ASAP7_75t_R          2  1.3    48    40    1097    (-,-) 
  u_cbm/SUB_UNS_OP276_g588/Y                             -       A->Y    R     INVx1_ASAP7_75t_R             2  1.0    17    14    1111    (-,-) 
  u_cbm/SUB_UNS_OP276_g586__4733/Y                       -       B->Y    F     NOR2xp33_ASAP7_75t_R          2  1.3    46    19    1130    (-,-) 
  u_cbm/SUB_UNS_OP276_g585/Y                             -       A->Y    R     INVx1_ASAP7_75t_R             2  1.0    17    14    1144    (-,-) 
  u_cbm/SUB_UNS_OP276_g583__5115/Y                       -       B->Y    F     NOR2xp33_ASAP7_75t_R          2  1.3    42    19    1162    (-,-) 
  u_cbm/SUB_UNS_OP276_g582/Y                             -       A->Y    R     INVx1_ASAP7_75t_R             2  0.8    15    12    1175    (-,-) 
  u_cbm/SUB_UNS_OP276_g580__6131/Y                       -       B->Y    F     NOR2xp33_ASAP7_75t_R          2  1.2    45    17    1192    (-,-) 
  u_cbm/SUB_UNS_OP276_g579/Y                             -       A->Y    R     INVx1_ASAP7_75t_R             2  0.8    15    12    1205    (-,-) 
  u_cbm/SUB_UNS_OP276_g577__8246/Y                       -       B->Y    F     NOR2xp33_ASAP7_75t_R          2  1.2    41    18    1222    (-,-) 
  u_cbm/SUB_UNS_OP276_g576/Y                             -       A->Y    R     INVx1_ASAP7_75t_R             2  0.8    14    12    1234    (-,-) 
  u_cbm/SUB_UNS_OP276_g574__1705/Y                       -       B->Y    F     NOR2xp33_ASAP7_75t_R          2  1.2    45    17    1252    (-,-) 
  u_cbm/SUB_UNS_OP276_g573/Y                             -       A->Y    R     INVx1_ASAP7_75t_R             2  1.0    16    14    1265    (-,-) 
  u_cbm/SUB_UNS_OP276_g571__1617/Y                       -       B->Y    F     NOR2xp33_ASAP7_75t_R          2  1.3    42    19    1284    (-,-) 
  u_cbm/SUB_UNS_OP276_g570/Y                             -       A->Y    R     INVx1_ASAP7_75t_R             2  1.0    16    13    1297    (-,-) 
  u_cbm/SUB_UNS_OP276_g568__6783/Y                       -       B->Y    F     NOR2xp33_ASAP7_75t_R          2  1.3    48    19    1316    (-,-) 
  u_cbm/SUB_UNS_OP276_g567/Y                             -       A->Y    R     INVx1_ASAP7_75t_R             2  1.0    17    14    1330    (-,-) 
  u_cbm/SUB_UNS_OP276_g565__8428/Y                       -       B->Y    F     NOR2xp33_ASAP7_75t_R          2  1.3    44    19    1349    (-,-) 
  u_cbm/SUB_UNS_OP276_g564/Y                             -       A->Y    R     INVx1_ASAP7_75t_R             2  1.0    16    14    1363    (-,-) 
  u_cbm/SUB_UNS_OP276_g562__6260/Y                       -       B->Y    F     NOR2xp33_ASAP7_75t_R          2  1.3    47    19    1382    (-,-) 
  u_cbm/SUB_UNS_OP276_g561/Y                             -       A->Y    R     INVx1_ASAP7_75t_R             2  1.0    17    14    1395    (-,-) 
  u_cbm/SUB_UNS_OP276_g559__2398/Y                       -       B->Y    F     NOR2xp33_ASAP7_75t_R          2  1.3    43    19    1414    (-,-) 
  u_cbm/SUB_UNS_OP276_g558/Y                             -       A->Y    R     INVx1_ASAP7_75t_R             2  1.0    16    13    1428    (-,-) 
  u_cbm/SUB_UNS_OP276_g556__6417/Y                       -       B->Y    F     NOR2xp33_ASAP7_75t_R          2  1.3    48    19    1446    (-,-) 
  u_cbm/SUB_UNS_OP276_g555/Y                             -       A->Y    R     INVx1_ASAP7_75t_R             2  1.0    17    14    1460    (-,-) 
  u_cbm/SUB_UNS_OP276_g553__1666/Y                       -       B->Y    F     NOR2xp33_ASAP7_75t_R          2  1.3    42    19    1479    (-,-) 
  u_cbm/SUB_UNS_OP276_g552/Y                             -       A->Y    R     INVx1_ASAP7_75t_R             2  1.0    16    13    1493    (-,-) 
  u_cbm/SUB_UNS_OP276_g550__2883/Y                       -       B->Y    F     NOR2xp33_ASAP7_75t_R          2  1.3    48    19    1511    (-,-) 
  u_cbm/SUB_UNS_OP276_g549/Y                             -       A->Y    R     INVx1_ASAP7_75t_R             2  1.0    17    14    1525    (-,-) 
  u_cbm/SUB_UNS_OP276_g547__9315/Y                       -       B->Y    F     NOR2xp33_ASAP7_75t_R          2  1.3    45    19    1544    (-,-) 
  u_cbm/SUB_UNS_OP276_g546/Y                             -       A->Y    R     INVx1_ASAP7_75t_R             2  1.0    16    14    1558    (-,-) 
  u_cbm/SUB_UNS_OP276_g544__4733/Y                       -       B->Y    F     NOR2xp33_ASAP7_75t_R          2  1.3    48    19    1577    (-,-) 
  u_cbm/SUB_UNS_OP276_g543/Y                             -       A->Y    R     INVx1_ASAP7_75t_R             2  1.0    17    14    1591    (-,-) 
  u_cbm/SUB_UNS_OP276_g541__5115/Y                       -       B->Y    F     NOR2xp33_ASAP7_75t_R          2  1.3    42    19    1610    (-,-) 
  u_cbm/SUB_UNS_OP276_g540/Y                             -       A->Y    R     INVx1_ASAP7_75t_R             2  1.0    16    13    1623    (-,-) 
  u_cbm/SUB_UNS_OP276_g538__6131/Y                       -       B->Y    F     NOR2xp33_ASAP7_75t_R          2  1.3    48    19    1642    (-,-) 
  u_cbm/SUB_UNS_OP276_g537/Y                             -       A->Y    R     INVx1_ASAP7_75t_R             2  1.0    17    14    1656    (-,-) 
  u_cbm/SUB_UNS_OP276_g535__8246/Y                       -       B->Y    F     NOR2xp33_ASAP7_75t_R          2  1.3    45    19    1675    (-,-) 
  u_cbm/SUB_UNS_OP276_g534/Y                             -       A->Y    R     INVx1_ASAP7_75t_R             2  1.0    16    14    1688    (-,-) 
  u_cbm/SUB_UNS_OP276_g532__1705/Y                       -       B->Y    F     NOR2xp33_ASAP7_75t_R          2  1.3    48    19    1707    (-,-) 
  u_cbm/SUB_UNS_OP276_g531/Y                             -       A->Y    R     INVx1_ASAP7_75t_R             2  1.0    17    14    1721    (-,-) 
  u_cbm/SUB_UNS_OP276_g529__1617/Y                       -       B->Y    F     NOR2xp33_ASAP7_75t_R          2  1.3    45    19    1740    (-,-) 
  u_cbm/SUB_UNS_OP276_g528/Y                             -       A->Y    R     INVx1_ASAP7_75t_R             2  1.0    16    14    1754    (-,-) 
  u_cbm/SUB_UNS_OP276_g526__6783/Y                       -       B->Y    F     NOR2xp33_ASAP7_75t_R          2  1.3    47    19    1772    (-,-) 
  u_cbm/SUB_UNS_OP276_g525/Y                             -       A->Y    R     INVx1_ASAP7_75t_R             2  0.8    15    13    1785    (-,-) 
  u_cbm/SUB_UNS_OP276_g523__8428/Y                       -       B->Y    F     NOR2xp33_ASAP7_75t_R          2  1.2    42    18    1803    (-,-) 
  u_cbm/SUB_UNS_OP276_g522/Y                             -       A->Y    R     INVx1_ASAP7_75t_R             2  1.0    16    13    1816    (-,-) 
  u_cbm/SUB_UNS_OP276_g520__6260/Y                       -       B->Y    F     NOR2xp33_ASAP7_75t_R          2  1.3    48    19    1835    (-,-) 
  u_cbm/SUB_UNS_OP276_g519/Y                             -       A->Y    R     INVx1_ASAP7_75t_R             2  0.8    16    13    1848    (-,-) 
  u_cbm/SUB_UNS_OP276_g517__2398/Y                       -       B->Y    F     NOR2xp33_ASAP7_75t_R          2  1.2    40    18    1866    (-,-) 
  u_cbm/SUB_UNS_OP276_g516/Y                             -       A->Y    R     INVx1_ASAP7_75t_R             2  1.0    16    13    1879    (-,-) 
  u_cbm/SUB_UNS_OP276_g514__6417/Y                       -       B->Y    F     NOR2xp33_ASAP7_75t_R          2  1.3    48    19    1897    (-,-) 
  u_cbm/SUB_UNS_OP276_g513/Y                             -       A->Y    R     INVx1_ASAP7_75t_R             2  1.0    17    14    1911    (-,-) 
  u_cbm/SUB_UNS_OP276_g511__1666/Y                       -       B->Y    F     NOR2xp33_ASAP7_75t_R          2  1.3    44    19    1930    (-,-) 
  u_cbm/SUB_UNS_OP276_g510/Y                             -       A->Y    R     INVx1_ASAP7_75t_R             2  1.0    16    14    1944    (-,-) 
  u_cbm/SUB_UNS_OP276_g508__2883/Y                       -       B->Y    F     NOR2xp33_ASAP7_75t_R          2  1.3    48    19    1963    (-,-) 
  u_cbm/SUB_UNS_OP276_g506__9945/Y                       -       B->Y    R     AOI21xp5_ASAP7_75t_R          1  0.5    25    17    1979    (-,-) 
  u_cbm/g9416__9315/Y                                    -       B2->Y   R     AO22x1_ASAP7_75t_R            5  3.6    27    29    2008    (-,-) 
  u_cbm/csa_tree_SUB_TC_OP109_groupi_g1946/Y             -       A->Y    F     INVxp67_ASAP7_75t_R           1  1.1    14    12    2020    (-,-) 
  u_cbm/csa_tree_SUB_TC_OP109_groupi_g1915__5107/Y       -       C->Y    R     MAJIxp5_ASAP7_75t_R           2  2.2    40    25    2045    (-,-) 
  u_cbm/g12611/SN                                        -       CI->SN  F     FAx1_ASAP7_75t_R              2  1.6    38    55    2099    (-,-) 
  u_cbm/csa_tree_SUB_TC_OP109_groupi_g1763__5122/Y       -       A->Y    R     MAJIxp5_ASAP7_75t_R           2  3.3    56    39    2138    (-,-) 
  u_cbm/g12608/SN                                        -       B->SN   R     FAx1_ASAP7_75t_R              2  1.0    44    45    2184    (-,-) 
  u_cbm/csa_tree_SUB_TC_OP109_groupi_g1751__6260/Y       -       A->Y    F     NAND2xp33_ASAP7_75t_R         2  1.2    26    20    2204    (-,-) 
  u_cbm/csa_tree_SUB_TC_OP109_groupi_g1749__2398/Y       -       A2->Y   F     AO21x1_ASAP7_75t_R            1  0.5     6    18    2222    (-,-) 
  u_cbm/csa_tree_SUB_TC_OP109_groupi_g1748__5477/Y       -       C->Y    R     OAI221xp5_ASAP7_75t_R         1  0.6    26     9    2230    (-,-) 
  u_cbm/csa_tree_SUB_TC_OP109_groupi_g1747__6417/Y       -       A->Y    F     MAJIxp5_ASAP7_75t_R           1  0.6    17    14    2245    (-,-) 
  u_cbm/csa_tree_SUB_TC_OP109_groupi_g1746__7410/Y       -       B->Y    F     OA21x2_ASAP7_75t_R            2  1.7     9    17    2261    (-,-) 
  u_cbm/g12432__8246/Y                                   -       B->Y    R     NOR2x1_ASAP7_75t_R           64 35.7   248   115    2376    (-,-) 
  u_cbm/g12242__2802/Y                                   -       B1->Y   F     AOI222xp33_ASAP7_75t_R        1  0.6    58    41    2418    (-,-) 
  u_cbm/multiplicand_q_reg[10]/D                         -       -       F     ASYNC_DFFHx1_ASAP7_75t_R      1    -     -     0    2418    (-,-) 
#------------------------------------------------------------------------------------------------------------------------------------------------



Path 24: MET (1997564 ps) Setup Check with Pin u_cbm/multiplicand_q_reg[6]/CLK->D
          Group: core_clock
     Startpoint: (R) u_frontend/u_decode/genblk1.u_fifo/rd_ptr_q_reg[0]/CLK
          Clock: (R) core_clock
       Endpoint: (F) u_cbm/multiplicand_q_reg[6]/D
          Clock: (R) core_clock

                      Capture       Launch     
        Clock Edge:+  2000000            0     
       Src Latency:+        0            0     
       Net Latency:+        0 (I)        0 (I) 
           Arrival:=  2000000            0     
                                               
             Setup:-       18                  
     Required Time:=  1999982                  
      Launch Clock:-        0                  
         Data Path:-     2418                  
             Slack:=  1997564                  

#------------------------------------------------------------------------------------------------------------------------------------------------
#                     Timing Point                       Flags    Arc    Edge           Cell            Fanout Load Trans Delay Arrival Instance 
#                                                                                                              (fF)  (ps)  (ps)   (ps)  Location 
#------------------------------------------------------------------------------------------------------------------------------------------------
  u_frontend/u_decode/genblk1.u_fifo/rd_ptr_q_reg[0]/CLK -       -       R     (arrival)                  5356    -     0     0       0    (-,-) 
  u_frontend/u_decode/genblk1.u_fifo/rd_ptr_q_reg[0]/QN  -       CLK->QN R     ASYNC_DFFHx1_ASAP7_75t_R      1  0.6    13    36      36    (-,-) 
  u_frontend/u_decode/genblk1.u_fifo/g2479/Y             -       A->Y    R     BUFx2_ASAP7_75t_R           102 51.6   156    82     118    (-,-) 
  u_frontend/u_decode/genblk1.u_fifo/g2891/Y             -       A->Y    F     INVx2_ASAP7_75t_R            97 48.2   144   106     224    (-,-) 
  u_frontend/u_decode/genblk1.u_fifo/g2804/Y             -       A2->Y   F     AO22x1_ASAP7_75t_R            3  2.0    17    40     264    (-,-) 
  u_issue/g28658/Y                                       -       B->Y    R     XNOR2xp5_ASAP7_75t_R          1  0.5    18    14     278    (-,-) 
  u_issue/g28644/Y                                       -       D->Y    F     NAND4xp25_ASAP7_75t_R         1  0.6    25    17     296    (-,-) 
  u_issue/g28641/Y                                       -       A->Y    R     NOR5xp2_ASAP7_75t_R           1  0.5    41    23     319    (-,-) 
  u_issue/g28640/Y                                       -       A->Y    F     NAND5xp2_ASAP7_75t_R          2  1.1    46    30     349    (-,-) 
  u_issue/g28639/Y                                       -       A->Y    F     OR5x1_ASAP7_75t_R             3  1.6    19    44     393    (-,-) 
  u_issue/g28638/Y                                       -       A->Y    F     OR2x2_ASAP7_75t_R            20 10.4    33    37     430    (-,-) 
  u_issue/g45300/Y                                       -       A->Y    R     INVx2_ASAP7_75t_R            99 56.3   169    87     517    (-,-) 
  u_issue/g28291/Y                                       -       B2->Y   R     AO22x1_ASAP7_75t_R           22 11.2    71    64     581    (-,-) 
  u_issue/g45298/Y                                       -       A->Y    F     INVx1_ASAP7_75t_R            17  9.2    58    44     624    (-,-) 
  u_issue/g44952/Y                                       -       A->Y    R     NAND2xp5_ASAP7_75t_R          4  2.1    37    32     656    (-,-) 
  u_issue/g44832/Y                                       -       A->Y    F     NOR3xp33_ASAP7_75t_R          2  0.8    28    15     671    (-,-) 
  u_issue/g44639/Y                                       -       A->Y    R     NOR2xp33_ASAP7_75t_R          3  1.7    40    27     698    (-,-) 
  u_issue/g44554/Y                                       -       A->Y    F     NAND3xp33_ASAP7_75t_R         4  2.9    55    36     734    (-,-) 
  u_issue/g44546/Y                                       -       A->Y    R     NOR3xp33_ASAP7_75t_R          3  1.9    55    38     772    (-,-) 
  u_issue/g44542/Y                                       -       A->Y    F     INVx1_ASAP7_75t_R             1  0.6    13    10     782    (-,-) 
  u_issue/g44512/Y                                       -       A->Y    R     NOR4xp25_ASAP7_75t_R         17  8.8   245   118     900    (-,-) 
  u_issue/drc_bufs45344/Y                                -       A->Y    F     INVx1_ASAP7_75t_R             1  0.7    32    15     915    (-,-) 
  u_issue/drc_bufs45343/Y                                -       A->Y    R     INVx1_ASAP7_75t_R            16  8.1    53    34     949    (-,-) 
  u_issue/g44217/Y                                       -       A1->Y   F     AOI222xp33_ASAP7_75t_R        1  0.6    62    20     969    (-,-) 
  u_issue/g44110/Y                                       -       B->Y    R     NAND2xp5_ASAP7_75t_R          1  0.5    20    18     987    (-,-) 
  u_issue/g44019/Y                                       -       C->Y    F     AOI221xp5_ASAP7_75t_R         1  0.6    36    12     999    (-,-) 
  u_issue/g43925/Y                                       -       B->Y    R     NAND2xp5_ASAP7_75t_R         18  9.2   102    58    1057    (-,-) 
  u_cbm/SUB_UNS_OP276_g589__9315/Y                       -       A->Y    F     NOR2xp33_ASAP7_75t_R          2  1.3    48    40    1097    (-,-) 
  u_cbm/SUB_UNS_OP276_g588/Y                             -       A->Y    R     INVx1_ASAP7_75t_R             2  1.0    17    14    1111    (-,-) 
  u_cbm/SUB_UNS_OP276_g586__4733/Y                       -       B->Y    F     NOR2xp33_ASAP7_75t_R          2  1.3    46    19    1130    (-,-) 
  u_cbm/SUB_UNS_OP276_g585/Y                             -       A->Y    R     INVx1_ASAP7_75t_R             2  1.0    17    14    1144    (-,-) 
  u_cbm/SUB_UNS_OP276_g583__5115/Y                       -       B->Y    F     NOR2xp33_ASAP7_75t_R          2  1.3    42    19    1162    (-,-) 
  u_cbm/SUB_UNS_OP276_g582/Y                             -       A->Y    R     INVx1_ASAP7_75t_R             2  0.8    15    12    1175    (-,-) 
  u_cbm/SUB_UNS_OP276_g580__6131/Y                       -       B->Y    F     NOR2xp33_ASAP7_75t_R          2  1.2    45    17    1192    (-,-) 
  u_cbm/SUB_UNS_OP276_g579/Y                             -       A->Y    R     INVx1_ASAP7_75t_R             2  0.8    15    12    1205    (-,-) 
  u_cbm/SUB_UNS_OP276_g577__8246/Y                       -       B->Y    F     NOR2xp33_ASAP7_75t_R          2  1.2    41    18    1222    (-,-) 
  u_cbm/SUB_UNS_OP276_g576/Y                             -       A->Y    R     INVx1_ASAP7_75t_R             2  0.8    14    12    1234    (-,-) 
  u_cbm/SUB_UNS_OP276_g574__1705/Y                       -       B->Y    F     NOR2xp33_ASAP7_75t_R          2  1.2    45    17    1252    (-,-) 
  u_cbm/SUB_UNS_OP276_g573/Y                             -       A->Y    R     INVx1_ASAP7_75t_R             2  1.0    16    14    1265    (-,-) 
  u_cbm/SUB_UNS_OP276_g571__1617/Y                       -       B->Y    F     NOR2xp33_ASAP7_75t_R          2  1.3    42    19    1284    (-,-) 
  u_cbm/SUB_UNS_OP276_g570/Y                             -       A->Y    R     INVx1_ASAP7_75t_R             2  1.0    16    13    1297    (-,-) 
  u_cbm/SUB_UNS_OP276_g568__6783/Y                       -       B->Y    F     NOR2xp33_ASAP7_75t_R          2  1.3    48    19    1316    (-,-) 
  u_cbm/SUB_UNS_OP276_g567/Y                             -       A->Y    R     INVx1_ASAP7_75t_R             2  1.0    17    14    1330    (-,-) 
  u_cbm/SUB_UNS_OP276_g565__8428/Y                       -       B->Y    F     NOR2xp33_ASAP7_75t_R          2  1.3    44    19    1349    (-,-) 
  u_cbm/SUB_UNS_OP276_g564/Y                             -       A->Y    R     INVx1_ASAP7_75t_R             2  1.0    16    14    1363    (-,-) 
  u_cbm/SUB_UNS_OP276_g562__6260/Y                       -       B->Y    F     NOR2xp33_ASAP7_75t_R          2  1.3    47    19    1382    (-,-) 
  u_cbm/SUB_UNS_OP276_g561/Y                             -       A->Y    R     INVx1_ASAP7_75t_R             2  1.0    17    14    1395    (-,-) 
  u_cbm/SUB_UNS_OP276_g559__2398/Y                       -       B->Y    F     NOR2xp33_ASAP7_75t_R          2  1.3    43    19    1414    (-,-) 
  u_cbm/SUB_UNS_OP276_g558/Y                             -       A->Y    R     INVx1_ASAP7_75t_R             2  1.0    16    13    1428    (-,-) 
  u_cbm/SUB_UNS_OP276_g556__6417/Y                       -       B->Y    F     NOR2xp33_ASAP7_75t_R          2  1.3    48    19    1446    (-,-) 
  u_cbm/SUB_UNS_OP276_g555/Y                             -       A->Y    R     INVx1_ASAP7_75t_R             2  1.0    17    14    1460    (-,-) 
  u_cbm/SUB_UNS_OP276_g553__1666/Y                       -       B->Y    F     NOR2xp33_ASAP7_75t_R          2  1.3    42    19    1479    (-,-) 
  u_cbm/SUB_UNS_OP276_g552/Y                             -       A->Y    R     INVx1_ASAP7_75t_R             2  1.0    16    13    1493    (-,-) 
  u_cbm/SUB_UNS_OP276_g550__2883/Y                       -       B->Y    F     NOR2xp33_ASAP7_75t_R          2  1.3    48    19    1511    (-,-) 
  u_cbm/SUB_UNS_OP276_g549/Y                             -       A->Y    R     INVx1_ASAP7_75t_R             2  1.0    17    14    1525    (-,-) 
  u_cbm/SUB_UNS_OP276_g547__9315/Y                       -       B->Y    F     NOR2xp33_ASAP7_75t_R          2  1.3    45    19    1544    (-,-) 
  u_cbm/SUB_UNS_OP276_g546/Y                             -       A->Y    R     INVx1_ASAP7_75t_R             2  1.0    16    14    1558    (-,-) 
  u_cbm/SUB_UNS_OP276_g544__4733/Y                       -       B->Y    F     NOR2xp33_ASAP7_75t_R          2  1.3    48    19    1577    (-,-) 
  u_cbm/SUB_UNS_OP276_g543/Y                             -       A->Y    R     INVx1_ASAP7_75t_R             2  1.0    17    14    1591    (-,-) 
  u_cbm/SUB_UNS_OP276_g541__5115/Y                       -       B->Y    F     NOR2xp33_ASAP7_75t_R          2  1.3    42    19    1610    (-,-) 
  u_cbm/SUB_UNS_OP276_g540/Y                             -       A->Y    R     INVx1_ASAP7_75t_R             2  1.0    16    13    1623    (-,-) 
  u_cbm/SUB_UNS_OP276_g538__6131/Y                       -       B->Y    F     NOR2xp33_ASAP7_75t_R          2  1.3    48    19    1642    (-,-) 
  u_cbm/SUB_UNS_OP276_g537/Y                             -       A->Y    R     INVx1_ASAP7_75t_R             2  1.0    17    14    1656    (-,-) 
  u_cbm/SUB_UNS_OP276_g535__8246/Y                       -       B->Y    F     NOR2xp33_ASAP7_75t_R          2  1.3    45    19    1675    (-,-) 
  u_cbm/SUB_UNS_OP276_g534/Y                             -       A->Y    R     INVx1_ASAP7_75t_R             2  1.0    16    14    1688    (-,-) 
  u_cbm/SUB_UNS_OP276_g532__1705/Y                       -       B->Y    F     NOR2xp33_ASAP7_75t_R          2  1.3    48    19    1707    (-,-) 
  u_cbm/SUB_UNS_OP276_g531/Y                             -       A->Y    R     INVx1_ASAP7_75t_R             2  1.0    17    14    1721    (-,-) 
  u_cbm/SUB_UNS_OP276_g529__1617/Y                       -       B->Y    F     NOR2xp33_ASAP7_75t_R          2  1.3    45    19    1740    (-,-) 
  u_cbm/SUB_UNS_OP276_g528/Y                             -       A->Y    R     INVx1_ASAP7_75t_R             2  1.0    16    14    1754    (-,-) 
  u_cbm/SUB_UNS_OP276_g526__6783/Y                       -       B->Y    F     NOR2xp33_ASAP7_75t_R          2  1.3    47    19    1772    (-,-) 
  u_cbm/SUB_UNS_OP276_g525/Y                             -       A->Y    R     INVx1_ASAP7_75t_R             2  0.8    15    13    1785    (-,-) 
  u_cbm/SUB_UNS_OP276_g523__8428/Y                       -       B->Y    F     NOR2xp33_ASAP7_75t_R          2  1.2    42    18    1803    (-,-) 
  u_cbm/SUB_UNS_OP276_g522/Y                             -       A->Y    R     INVx1_ASAP7_75t_R             2  1.0    16    13    1816    (-,-) 
  u_cbm/SUB_UNS_OP276_g520__6260/Y                       -       B->Y    F     NOR2xp33_ASAP7_75t_R          2  1.3    48    19    1835    (-,-) 
  u_cbm/SUB_UNS_OP276_g519/Y                             -       A->Y    R     INVx1_ASAP7_75t_R             2  0.8    16    13    1848    (-,-) 
  u_cbm/SUB_UNS_OP276_g517__2398/Y                       -       B->Y    F     NOR2xp33_ASAP7_75t_R          2  1.2    40    18    1866    (-,-) 
  u_cbm/SUB_UNS_OP276_g516/Y                             -       A->Y    R     INVx1_ASAP7_75t_R             2  1.0    16    13    1879    (-,-) 
  u_cbm/SUB_UNS_OP276_g514__6417/Y                       -       B->Y    F     NOR2xp33_ASAP7_75t_R          2  1.3    48    19    1897    (-,-) 
  u_cbm/SUB_UNS_OP276_g513/Y                             -       A->Y    R     INVx1_ASAP7_75t_R             2  1.0    17    14    1911    (-,-) 
  u_cbm/SUB_UNS_OP276_g511__1666/Y                       -       B->Y    F     NOR2xp33_ASAP7_75t_R          2  1.3    44    19    1930    (-,-) 
  u_cbm/SUB_UNS_OP276_g510/Y                             -       A->Y    R     INVx1_ASAP7_75t_R             2  1.0    16    14    1944    (-,-) 
  u_cbm/SUB_UNS_OP276_g508__2883/Y                       -       B->Y    F     NOR2xp33_ASAP7_75t_R          2  1.3    48    19    1963    (-,-) 
  u_cbm/SUB_UNS_OP276_g506__9945/Y                       -       B->Y    R     AOI21xp5_ASAP7_75t_R          1  0.5    25    17    1979    (-,-) 
  u_cbm/g9416__9315/Y                                    -       B2->Y   R     AO22x1_ASAP7_75t_R            5  3.6    27    29    2008    (-,-) 
  u_cbm/csa_tree_SUB_TC_OP109_groupi_g1946/Y             -       A->Y    F     INVxp67_ASAP7_75t_R           1  1.1    14    12    2020    (-,-) 
  u_cbm/csa_tree_SUB_TC_OP109_groupi_g1915__5107/Y       -       C->Y    R     MAJIxp5_ASAP7_75t_R           2  2.2    40    25    2045    (-,-) 
  u_cbm/g12611/SN                                        -       CI->SN  F     FAx1_ASAP7_75t_R              2  1.6    38    55    2099    (-,-) 
  u_cbm/csa_tree_SUB_TC_OP109_groupi_g1763__5122/Y       -       A->Y    R     MAJIxp5_ASAP7_75t_R           2  3.3    56    39    2138    (-,-) 
  u_cbm/g12608/SN                                        -       B->SN   R     FAx1_ASAP7_75t_R              2  1.0    44    45    2184    (-,-) 
  u_cbm/csa_tree_SUB_TC_OP109_groupi_g1751__6260/Y       -       A->Y    F     NAND2xp33_ASAP7_75t_R         2  1.2    26    20    2204    (-,-) 
  u_cbm/csa_tree_SUB_TC_OP109_groupi_g1749__2398/Y       -       A2->Y   F     AO21x1_ASAP7_75t_R            1  0.5     6    18    2222    (-,-) 
  u_cbm/csa_tree_SUB_TC_OP109_groupi_g1748__5477/Y       -       C->Y    R     OAI221xp5_ASAP7_75t_R         1  0.6    26     9    2230    (-,-) 
  u_cbm/csa_tree_SUB_TC_OP109_groupi_g1747__6417/Y       -       A->Y    F     MAJIxp5_ASAP7_75t_R           1  0.6    17    14    2245    (-,-) 
  u_cbm/csa_tree_SUB_TC_OP109_groupi_g1746__7410/Y       -       B->Y    F     OA21x2_ASAP7_75t_R            2  1.7     9    17    2261    (-,-) 
  u_cbm/g12432__8246/Y                                   -       B->Y    R     NOR2x1_ASAP7_75t_R           64 35.7   248   115    2376    (-,-) 
  u_cbm/g12238__5526/Y                                   -       B1->Y   F     AOI222xp33_ASAP7_75t_R        1  0.6    58    41    2418    (-,-) 
  u_cbm/multiplicand_q_reg[6]/D                          -       -       F     ASYNC_DFFHx1_ASAP7_75t_R      1    -     -     0    2418    (-,-) 
#------------------------------------------------------------------------------------------------------------------------------------------------



Path 25: MET (1997564 ps) Setup Check with Pin u_cbm/multiplicand_q_reg[5]/CLK->D
          Group: core_clock
     Startpoint: (R) u_frontend/u_decode/genblk1.u_fifo/rd_ptr_q_reg[0]/CLK
          Clock: (R) core_clock
       Endpoint: (F) u_cbm/multiplicand_q_reg[5]/D
          Clock: (R) core_clock

                      Capture       Launch     
        Clock Edge:+  2000000            0     
       Src Latency:+        0            0     
       Net Latency:+        0 (I)        0 (I) 
           Arrival:=  2000000            0     
                                               
             Setup:-       18                  
     Required Time:=  1999982                  
      Launch Clock:-        0                  
         Data Path:-     2418                  
             Slack:=  1997564                  

#------------------------------------------------------------------------------------------------------------------------------------------------
#                     Timing Point                       Flags    Arc    Edge           Cell            Fanout Load Trans Delay Arrival Instance 
#                                                                                                              (fF)  (ps)  (ps)   (ps)  Location 
#------------------------------------------------------------------------------------------------------------------------------------------------
  u_frontend/u_decode/genblk1.u_fifo/rd_ptr_q_reg[0]/CLK -       -       R     (arrival)                  5356    -     0     0       0    (-,-) 
  u_frontend/u_decode/genblk1.u_fifo/rd_ptr_q_reg[0]/QN  -       CLK->QN R     ASYNC_DFFHx1_ASAP7_75t_R      1  0.6    13    36      36    (-,-) 
  u_frontend/u_decode/genblk1.u_fifo/g2479/Y             -       A->Y    R     BUFx2_ASAP7_75t_R           102 51.6   156    82     118    (-,-) 
  u_frontend/u_decode/genblk1.u_fifo/g2891/Y             -       A->Y    F     INVx2_ASAP7_75t_R            97 48.2   144   106     224    (-,-) 
  u_frontend/u_decode/genblk1.u_fifo/g2804/Y             -       A2->Y   F     AO22x1_ASAP7_75t_R            3  2.0    17    40     264    (-,-) 
  u_issue/g28658/Y                                       -       B->Y    R     XNOR2xp5_ASAP7_75t_R          1  0.5    18    14     278    (-,-) 
  u_issue/g28644/Y                                       -       D->Y    F     NAND4xp25_ASAP7_75t_R         1  0.6    25    17     296    (-,-) 
  u_issue/g28641/Y                                       -       A->Y    R     NOR5xp2_ASAP7_75t_R           1  0.5    41    23     319    (-,-) 
  u_issue/g28640/Y                                       -       A->Y    F     NAND5xp2_ASAP7_75t_R          2  1.1    46    30     349    (-,-) 
  u_issue/g28639/Y                                       -       A->Y    F     OR5x1_ASAP7_75t_R             3  1.6    19    44     393    (-,-) 
  u_issue/g28638/Y                                       -       A->Y    F     OR2x2_ASAP7_75t_R            20 10.4    33    37     430    (-,-) 
  u_issue/g45300/Y                                       -       A->Y    R     INVx2_ASAP7_75t_R            99 56.3   169    87     517    (-,-) 
  u_issue/g28291/Y                                       -       B2->Y   R     AO22x1_ASAP7_75t_R           22 11.2    71    64     581    (-,-) 
  u_issue/g45298/Y                                       -       A->Y    F     INVx1_ASAP7_75t_R            17  9.2    58    44     624    (-,-) 
  u_issue/g44952/Y                                       -       A->Y    R     NAND2xp5_ASAP7_75t_R          4  2.1    37    32     656    (-,-) 
  u_issue/g44832/Y                                       -       A->Y    F     NOR3xp33_ASAP7_75t_R          2  0.8    28    15     671    (-,-) 
  u_issue/g44639/Y                                       -       A->Y    R     NOR2xp33_ASAP7_75t_R          3  1.7    40    27     698    (-,-) 
  u_issue/g44554/Y                                       -       A->Y    F     NAND3xp33_ASAP7_75t_R         4  2.9    55    36     734    (-,-) 
  u_issue/g44546/Y                                       -       A->Y    R     NOR3xp33_ASAP7_75t_R          3  1.9    55    38     772    (-,-) 
  u_issue/g44542/Y                                       -       A->Y    F     INVx1_ASAP7_75t_R             1  0.6    13    10     782    (-,-) 
  u_issue/g44512/Y                                       -       A->Y    R     NOR4xp25_ASAP7_75t_R         17  8.8   245   118     900    (-,-) 
  u_issue/drc_bufs45344/Y                                -       A->Y    F     INVx1_ASAP7_75t_R             1  0.7    32    15     915    (-,-) 
  u_issue/drc_bufs45343/Y                                -       A->Y    R     INVx1_ASAP7_75t_R            16  8.1    53    34     949    (-,-) 
  u_issue/g44217/Y                                       -       A1->Y   F     AOI222xp33_ASAP7_75t_R        1  0.6    62    20     969    (-,-) 
  u_issue/g44110/Y                                       -       B->Y    R     NAND2xp5_ASAP7_75t_R          1  0.5    20    18     987    (-,-) 
  u_issue/g44019/Y                                       -       C->Y    F     AOI221xp5_ASAP7_75t_R         1  0.6    36    12     999    (-,-) 
  u_issue/g43925/Y                                       -       B->Y    R     NAND2xp5_ASAP7_75t_R         18  9.2   102    58    1057    (-,-) 
  u_cbm/SUB_UNS_OP276_g589__9315/Y                       -       A->Y    F     NOR2xp33_ASAP7_75t_R          2  1.3    48    40    1097    (-,-) 
  u_cbm/SUB_UNS_OP276_g588/Y                             -       A->Y    R     INVx1_ASAP7_75t_R             2  1.0    17    14    1111    (-,-) 
  u_cbm/SUB_UNS_OP276_g586__4733/Y                       -       B->Y    F     NOR2xp33_ASAP7_75t_R          2  1.3    46    19    1130    (-,-) 
  u_cbm/SUB_UNS_OP276_g585/Y                             -       A->Y    R     INVx1_ASAP7_75t_R             2  1.0    17    14    1144    (-,-) 
  u_cbm/SUB_UNS_OP276_g583__5115/Y                       -       B->Y    F     NOR2xp33_ASAP7_75t_R          2  1.3    42    19    1162    (-,-) 
  u_cbm/SUB_UNS_OP276_g582/Y                             -       A->Y    R     INVx1_ASAP7_75t_R             2  0.8    15    12    1175    (-,-) 
  u_cbm/SUB_UNS_OP276_g580__6131/Y                       -       B->Y    F     NOR2xp33_ASAP7_75t_R          2  1.2    45    17    1192    (-,-) 
  u_cbm/SUB_UNS_OP276_g579/Y                             -       A->Y    R     INVx1_ASAP7_75t_R             2  0.8    15    12    1205    (-,-) 
  u_cbm/SUB_UNS_OP276_g577__8246/Y                       -       B->Y    F     NOR2xp33_ASAP7_75t_R          2  1.2    41    18    1222    (-,-) 
  u_cbm/SUB_UNS_OP276_g576/Y                             -       A->Y    R     INVx1_ASAP7_75t_R             2  0.8    14    12    1234    (-,-) 
  u_cbm/SUB_UNS_OP276_g574__1705/Y                       -       B->Y    F     NOR2xp33_ASAP7_75t_R          2  1.2    45    17    1252    (-,-) 
  u_cbm/SUB_UNS_OP276_g573/Y                             -       A->Y    R     INVx1_ASAP7_75t_R             2  1.0    16    14    1265    (-,-) 
  u_cbm/SUB_UNS_OP276_g571__1617/Y                       -       B->Y    F     NOR2xp33_ASAP7_75t_R          2  1.3    42    19    1284    (-,-) 
  u_cbm/SUB_UNS_OP276_g570/Y                             -       A->Y    R     INVx1_ASAP7_75t_R             2  1.0    16    13    1297    (-,-) 
  u_cbm/SUB_UNS_OP276_g568__6783/Y                       -       B->Y    F     NOR2xp33_ASAP7_75t_R          2  1.3    48    19    1316    (-,-) 
  u_cbm/SUB_UNS_OP276_g567/Y                             -       A->Y    R     INVx1_ASAP7_75t_R             2  1.0    17    14    1330    (-,-) 
  u_cbm/SUB_UNS_OP276_g565__8428/Y                       -       B->Y    F     NOR2xp33_ASAP7_75t_R          2  1.3    44    19    1349    (-,-) 
  u_cbm/SUB_UNS_OP276_g564/Y                             -       A->Y    R     INVx1_ASAP7_75t_R             2  1.0    16    14    1363    (-,-) 
  u_cbm/SUB_UNS_OP276_g562__6260/Y                       -       B->Y    F     NOR2xp33_ASAP7_75t_R          2  1.3    47    19    1382    (-,-) 
  u_cbm/SUB_UNS_OP276_g561/Y                             -       A->Y    R     INVx1_ASAP7_75t_R             2  1.0    17    14    1395    (-,-) 
  u_cbm/SUB_UNS_OP276_g559__2398/Y                       -       B->Y    F     NOR2xp33_ASAP7_75t_R          2  1.3    43    19    1414    (-,-) 
  u_cbm/SUB_UNS_OP276_g558/Y                             -       A->Y    R     INVx1_ASAP7_75t_R             2  1.0    16    13    1428    (-,-) 
  u_cbm/SUB_UNS_OP276_g556__6417/Y                       -       B->Y    F     NOR2xp33_ASAP7_75t_R          2  1.3    48    19    1446    (-,-) 
  u_cbm/SUB_UNS_OP276_g555/Y                             -       A->Y    R     INVx1_ASAP7_75t_R             2  1.0    17    14    1460    (-,-) 
  u_cbm/SUB_UNS_OP276_g553__1666/Y                       -       B->Y    F     NOR2xp33_ASAP7_75t_R          2  1.3    42    19    1479    (-,-) 
  u_cbm/SUB_UNS_OP276_g552/Y                             -       A->Y    R     INVx1_ASAP7_75t_R             2  1.0    16    13    1493    (-,-) 
  u_cbm/SUB_UNS_OP276_g550__2883/Y                       -       B->Y    F     NOR2xp33_ASAP7_75t_R          2  1.3    48    19    1511    (-,-) 
  u_cbm/SUB_UNS_OP276_g549/Y                             -       A->Y    R     INVx1_ASAP7_75t_R             2  1.0    17    14    1525    (-,-) 
  u_cbm/SUB_UNS_OP276_g547__9315/Y                       -       B->Y    F     NOR2xp33_ASAP7_75t_R          2  1.3    45    19    1544    (-,-) 
  u_cbm/SUB_UNS_OP276_g546/Y                             -       A->Y    R     INVx1_ASAP7_75t_R             2  1.0    16    14    1558    (-,-) 
  u_cbm/SUB_UNS_OP276_g544__4733/Y                       -       B->Y    F     NOR2xp33_ASAP7_75t_R          2  1.3    48    19    1577    (-,-) 
  u_cbm/SUB_UNS_OP276_g543/Y                             -       A->Y    R     INVx1_ASAP7_75t_R             2  1.0    17    14    1591    (-,-) 
  u_cbm/SUB_UNS_OP276_g541__5115/Y                       -       B->Y    F     NOR2xp33_ASAP7_75t_R          2  1.3    42    19    1610    (-,-) 
  u_cbm/SUB_UNS_OP276_g540/Y                             -       A->Y    R     INVx1_ASAP7_75t_R             2  1.0    16    13    1623    (-,-) 
  u_cbm/SUB_UNS_OP276_g538__6131/Y                       -       B->Y    F     NOR2xp33_ASAP7_75t_R          2  1.3    48    19    1642    (-,-) 
  u_cbm/SUB_UNS_OP276_g537/Y                             -       A->Y    R     INVx1_ASAP7_75t_R             2  1.0    17    14    1656    (-,-) 
  u_cbm/SUB_UNS_OP276_g535__8246/Y                       -       B->Y    F     NOR2xp33_ASAP7_75t_R          2  1.3    45    19    1675    (-,-) 
  u_cbm/SUB_UNS_OP276_g534/Y                             -       A->Y    R     INVx1_ASAP7_75t_R             2  1.0    16    14    1688    (-,-) 
  u_cbm/SUB_UNS_OP276_g532__1705/Y                       -       B->Y    F     NOR2xp33_ASAP7_75t_R          2  1.3    48    19    1707    (-,-) 
  u_cbm/SUB_UNS_OP276_g531/Y                             -       A->Y    R     INVx1_ASAP7_75t_R             2  1.0    17    14    1721    (-,-) 
  u_cbm/SUB_UNS_OP276_g529__1617/Y                       -       B->Y    F     NOR2xp33_ASAP7_75t_R          2  1.3    45    19    1740    (-,-) 
  u_cbm/SUB_UNS_OP276_g528/Y                             -       A->Y    R     INVx1_ASAP7_75t_R             2  1.0    16    14    1754    (-,-) 
  u_cbm/SUB_UNS_OP276_g526__6783/Y                       -       B->Y    F     NOR2xp33_ASAP7_75t_R          2  1.3    47    19    1772    (-,-) 
  u_cbm/SUB_UNS_OP276_g525/Y                             -       A->Y    R     INVx1_ASAP7_75t_R             2  0.8    15    13    1785    (-,-) 
  u_cbm/SUB_UNS_OP276_g523__8428/Y                       -       B->Y    F     NOR2xp33_ASAP7_75t_R          2  1.2    42    18    1803    (-,-) 
  u_cbm/SUB_UNS_OP276_g522/Y                             -       A->Y    R     INVx1_ASAP7_75t_R             2  1.0    16    13    1816    (-,-) 
  u_cbm/SUB_UNS_OP276_g520__6260/Y                       -       B->Y    F     NOR2xp33_ASAP7_75t_R          2  1.3    48    19    1835    (-,-) 
  u_cbm/SUB_UNS_OP276_g519/Y                             -       A->Y    R     INVx1_ASAP7_75t_R             2  0.8    16    13    1848    (-,-) 
  u_cbm/SUB_UNS_OP276_g517__2398/Y                       -       B->Y    F     NOR2xp33_ASAP7_75t_R          2  1.2    40    18    1866    (-,-) 
  u_cbm/SUB_UNS_OP276_g516/Y                             -       A->Y    R     INVx1_ASAP7_75t_R             2  1.0    16    13    1879    (-,-) 
  u_cbm/SUB_UNS_OP276_g514__6417/Y                       -       B->Y    F     NOR2xp33_ASAP7_75t_R          2  1.3    48    19    1897    (-,-) 
  u_cbm/SUB_UNS_OP276_g513/Y                             -       A->Y    R     INVx1_ASAP7_75t_R             2  1.0    17    14    1911    (-,-) 
  u_cbm/SUB_UNS_OP276_g511__1666/Y                       -       B->Y    F     NOR2xp33_ASAP7_75t_R          2  1.3    44    19    1930    (-,-) 
  u_cbm/SUB_UNS_OP276_g510/Y                             -       A->Y    R     INVx1_ASAP7_75t_R             2  1.0    16    14    1944    (-,-) 
  u_cbm/SUB_UNS_OP276_g508__2883/Y                       -       B->Y    F     NOR2xp33_ASAP7_75t_R          2  1.3    48    19    1963    (-,-) 
  u_cbm/SUB_UNS_OP276_g506__9945/Y                       -       B->Y    R     AOI21xp5_ASAP7_75t_R          1  0.5    25    17    1979    (-,-) 
  u_cbm/g9416__9315/Y                                    -       B2->Y   R     AO22x1_ASAP7_75t_R            5  3.6    27    29    2008    (-,-) 
  u_cbm/csa_tree_SUB_TC_OP109_groupi_g1946/Y             -       A->Y    F     INVxp67_ASAP7_75t_R           1  1.1    14    12    2020    (-,-) 
  u_cbm/csa_tree_SUB_TC_OP109_groupi_g1915__5107/Y       -       C->Y    R     MAJIxp5_ASAP7_75t_R           2  2.2    40    25    2045    (-,-) 
  u_cbm/g12611/SN                                        -       CI->SN  F     FAx1_ASAP7_75t_R              2  1.6    38    55    2099    (-,-) 
  u_cbm/csa_tree_SUB_TC_OP109_groupi_g1763__5122/Y       -       A->Y    R     MAJIxp5_ASAP7_75t_R           2  3.3    56    39    2138    (-,-) 
  u_cbm/g12608/SN                                        -       B->SN   R     FAx1_ASAP7_75t_R              2  1.0    44    45    2184    (-,-) 
  u_cbm/csa_tree_SUB_TC_OP109_groupi_g1751__6260/Y       -       A->Y    F     NAND2xp33_ASAP7_75t_R         2  1.2    26    20    2204    (-,-) 
  u_cbm/csa_tree_SUB_TC_OP109_groupi_g1749__2398/Y       -       A2->Y   F     AO21x1_ASAP7_75t_R            1  0.5     6    18    2222    (-,-) 
  u_cbm/csa_tree_SUB_TC_OP109_groupi_g1748__5477/Y       -       C->Y    R     OAI221xp5_ASAP7_75t_R         1  0.6    26     9    2230    (-,-) 
  u_cbm/csa_tree_SUB_TC_OP109_groupi_g1747__6417/Y       -       A->Y    F     MAJIxp5_ASAP7_75t_R           1  0.6    17    14    2245    (-,-) 
  u_cbm/csa_tree_SUB_TC_OP109_groupi_g1746__7410/Y       -       B->Y    F     OA21x2_ASAP7_75t_R            2  1.7     9    17    2261    (-,-) 
  u_cbm/g12432__8246/Y                                   -       B->Y    R     NOR2x1_ASAP7_75t_R           64 35.7   248   115    2376    (-,-) 
  u_cbm/g12237__8428/Y                                   -       B1->Y   F     AOI222xp33_ASAP7_75t_R        1  0.6    58    41    2418    (-,-) 
  u_cbm/multiplicand_q_reg[5]/D                          -       -       F     ASYNC_DFFHx1_ASAP7_75t_R      1    -     -     0    2418    (-,-) 
#------------------------------------------------------------------------------------------------------------------------------------------------



Path 26: MET (1997564 ps) Setup Check with Pin u_cbm/multiplicand_q_reg[4]/CLK->D
          Group: core_clock
     Startpoint: (R) u_frontend/u_decode/genblk1.u_fifo/rd_ptr_q_reg[0]/CLK
          Clock: (R) core_clock
       Endpoint: (F) u_cbm/multiplicand_q_reg[4]/D
          Clock: (R) core_clock

                      Capture       Launch     
        Clock Edge:+  2000000            0     
       Src Latency:+        0            0     
       Net Latency:+        0 (I)        0 (I) 
           Arrival:=  2000000            0     
                                               
             Setup:-       18                  
     Required Time:=  1999982                  
      Launch Clock:-        0                  
         Data Path:-     2418                  
             Slack:=  1997564                  

#------------------------------------------------------------------------------------------------------------------------------------------------
#                     Timing Point                       Flags    Arc    Edge           Cell            Fanout Load Trans Delay Arrival Instance 
#                                                                                                              (fF)  (ps)  (ps)   (ps)  Location 
#------------------------------------------------------------------------------------------------------------------------------------------------
  u_frontend/u_decode/genblk1.u_fifo/rd_ptr_q_reg[0]/CLK -       -       R     (arrival)                  5356    -     0     0       0    (-,-) 
  u_frontend/u_decode/genblk1.u_fifo/rd_ptr_q_reg[0]/QN  -       CLK->QN R     ASYNC_DFFHx1_ASAP7_75t_R      1  0.6    13    36      36    (-,-) 
  u_frontend/u_decode/genblk1.u_fifo/g2479/Y             -       A->Y    R     BUFx2_ASAP7_75t_R           102 51.6   156    82     118    (-,-) 
  u_frontend/u_decode/genblk1.u_fifo/g2891/Y             -       A->Y    F     INVx2_ASAP7_75t_R            97 48.2   144   106     224    (-,-) 
  u_frontend/u_decode/genblk1.u_fifo/g2804/Y             -       A2->Y   F     AO22x1_ASAP7_75t_R            3  2.0    17    40     264    (-,-) 
  u_issue/g28658/Y                                       -       B->Y    R     XNOR2xp5_ASAP7_75t_R          1  0.5    18    14     278    (-,-) 
  u_issue/g28644/Y                                       -       D->Y    F     NAND4xp25_ASAP7_75t_R         1  0.6    25    17     296    (-,-) 
  u_issue/g28641/Y                                       -       A->Y    R     NOR5xp2_ASAP7_75t_R           1  0.5    41    23     319    (-,-) 
  u_issue/g28640/Y                                       -       A->Y    F     NAND5xp2_ASAP7_75t_R          2  1.1    46    30     349    (-,-) 
  u_issue/g28639/Y                                       -       A->Y    F     OR5x1_ASAP7_75t_R             3  1.6    19    44     393    (-,-) 
  u_issue/g28638/Y                                       -       A->Y    F     OR2x2_ASAP7_75t_R            20 10.4    33    37     430    (-,-) 
  u_issue/g45300/Y                                       -       A->Y    R     INVx2_ASAP7_75t_R            99 56.3   169    87     517    (-,-) 
  u_issue/g28291/Y                                       -       B2->Y   R     AO22x1_ASAP7_75t_R           22 11.2    71    64     581    (-,-) 
  u_issue/g45298/Y                                       -       A->Y    F     INVx1_ASAP7_75t_R            17  9.2    58    44     624    (-,-) 
  u_issue/g44952/Y                                       -       A->Y    R     NAND2xp5_ASAP7_75t_R          4  2.1    37    32     656    (-,-) 
  u_issue/g44832/Y                                       -       A->Y    F     NOR3xp33_ASAP7_75t_R          2  0.8    28    15     671    (-,-) 
  u_issue/g44639/Y                                       -       A->Y    R     NOR2xp33_ASAP7_75t_R          3  1.7    40    27     698    (-,-) 
  u_issue/g44554/Y                                       -       A->Y    F     NAND3xp33_ASAP7_75t_R         4  2.9    55    36     734    (-,-) 
  u_issue/g44546/Y                                       -       A->Y    R     NOR3xp33_ASAP7_75t_R          3  1.9    55    38     772    (-,-) 
  u_issue/g44542/Y                                       -       A->Y    F     INVx1_ASAP7_75t_R             1  0.6    13    10     782    (-,-) 
  u_issue/g44512/Y                                       -       A->Y    R     NOR4xp25_ASAP7_75t_R         17  8.8   245   118     900    (-,-) 
  u_issue/drc_bufs45344/Y                                -       A->Y    F     INVx1_ASAP7_75t_R             1  0.7    32    15     915    (-,-) 
  u_issue/drc_bufs45343/Y                                -       A->Y    R     INVx1_ASAP7_75t_R            16  8.1    53    34     949    (-,-) 
  u_issue/g44217/Y                                       -       A1->Y   F     AOI222xp33_ASAP7_75t_R        1  0.6    62    20     969    (-,-) 
  u_issue/g44110/Y                                       -       B->Y    R     NAND2xp5_ASAP7_75t_R          1  0.5    20    18     987    (-,-) 
  u_issue/g44019/Y                                       -       C->Y    F     AOI221xp5_ASAP7_75t_R         1  0.6    36    12     999    (-,-) 
  u_issue/g43925/Y                                       -       B->Y    R     NAND2xp5_ASAP7_75t_R         18  9.2   102    58    1057    (-,-) 
  u_cbm/SUB_UNS_OP276_g589__9315/Y                       -       A->Y    F     NOR2xp33_ASAP7_75t_R          2  1.3    48    40    1097    (-,-) 
  u_cbm/SUB_UNS_OP276_g588/Y                             -       A->Y    R     INVx1_ASAP7_75t_R             2  1.0    17    14    1111    (-,-) 
  u_cbm/SUB_UNS_OP276_g586__4733/Y                       -       B->Y    F     NOR2xp33_ASAP7_75t_R          2  1.3    46    19    1130    (-,-) 
  u_cbm/SUB_UNS_OP276_g585/Y                             -       A->Y    R     INVx1_ASAP7_75t_R             2  1.0    17    14    1144    (-,-) 
  u_cbm/SUB_UNS_OP276_g583__5115/Y                       -       B->Y    F     NOR2xp33_ASAP7_75t_R          2  1.3    42    19    1162    (-,-) 
  u_cbm/SUB_UNS_OP276_g582/Y                             -       A->Y    R     INVx1_ASAP7_75t_R             2  0.8    15    12    1175    (-,-) 
  u_cbm/SUB_UNS_OP276_g580__6131/Y                       -       B->Y    F     NOR2xp33_ASAP7_75t_R          2  1.2    45    17    1192    (-,-) 
  u_cbm/SUB_UNS_OP276_g579/Y                             -       A->Y    R     INVx1_ASAP7_75t_R             2  0.8    15    12    1205    (-,-) 
  u_cbm/SUB_UNS_OP276_g577__8246/Y                       -       B->Y    F     NOR2xp33_ASAP7_75t_R          2  1.2    41    18    1222    (-,-) 
  u_cbm/SUB_UNS_OP276_g576/Y                             -       A->Y    R     INVx1_ASAP7_75t_R             2  0.8    14    12    1234    (-,-) 
  u_cbm/SUB_UNS_OP276_g574__1705/Y                       -       B->Y    F     NOR2xp33_ASAP7_75t_R          2  1.2    45    17    1252    (-,-) 
  u_cbm/SUB_UNS_OP276_g573/Y                             -       A->Y    R     INVx1_ASAP7_75t_R             2  1.0    16    14    1265    (-,-) 
  u_cbm/SUB_UNS_OP276_g571__1617/Y                       -       B->Y    F     NOR2xp33_ASAP7_75t_R          2  1.3    42    19    1284    (-,-) 
  u_cbm/SUB_UNS_OP276_g570/Y                             -       A->Y    R     INVx1_ASAP7_75t_R             2  1.0    16    13    1297    (-,-) 
  u_cbm/SUB_UNS_OP276_g568__6783/Y                       -       B->Y    F     NOR2xp33_ASAP7_75t_R          2  1.3    48    19    1316    (-,-) 
  u_cbm/SUB_UNS_OP276_g567/Y                             -       A->Y    R     INVx1_ASAP7_75t_R             2  1.0    17    14    1330    (-,-) 
  u_cbm/SUB_UNS_OP276_g565__8428/Y                       -       B->Y    F     NOR2xp33_ASAP7_75t_R          2  1.3    44    19    1349    (-,-) 
  u_cbm/SUB_UNS_OP276_g564/Y                             -       A->Y    R     INVx1_ASAP7_75t_R             2  1.0    16    14    1363    (-,-) 
  u_cbm/SUB_UNS_OP276_g562__6260/Y                       -       B->Y    F     NOR2xp33_ASAP7_75t_R          2  1.3    47    19    1382    (-,-) 
  u_cbm/SUB_UNS_OP276_g561/Y                             -       A->Y    R     INVx1_ASAP7_75t_R             2  1.0    17    14    1395    (-,-) 
  u_cbm/SUB_UNS_OP276_g559__2398/Y                       -       B->Y    F     NOR2xp33_ASAP7_75t_R          2  1.3    43    19    1414    (-,-) 
  u_cbm/SUB_UNS_OP276_g558/Y                             -       A->Y    R     INVx1_ASAP7_75t_R             2  1.0    16    13    1428    (-,-) 
  u_cbm/SUB_UNS_OP276_g556__6417/Y                       -       B->Y    F     NOR2xp33_ASAP7_75t_R          2  1.3    48    19    1446    (-,-) 
  u_cbm/SUB_UNS_OP276_g555/Y                             -       A->Y    R     INVx1_ASAP7_75t_R             2  1.0    17    14    1460    (-,-) 
  u_cbm/SUB_UNS_OP276_g553__1666/Y                       -       B->Y    F     NOR2xp33_ASAP7_75t_R          2  1.3    42    19    1479    (-,-) 
  u_cbm/SUB_UNS_OP276_g552/Y                             -       A->Y    R     INVx1_ASAP7_75t_R             2  1.0    16    13    1493    (-,-) 
  u_cbm/SUB_UNS_OP276_g550__2883/Y                       -       B->Y    F     NOR2xp33_ASAP7_75t_R          2  1.3    48    19    1511    (-,-) 
  u_cbm/SUB_UNS_OP276_g549/Y                             -       A->Y    R     INVx1_ASAP7_75t_R             2  1.0    17    14    1525    (-,-) 
  u_cbm/SUB_UNS_OP276_g547__9315/Y                       -       B->Y    F     NOR2xp33_ASAP7_75t_R          2  1.3    45    19    1544    (-,-) 
  u_cbm/SUB_UNS_OP276_g546/Y                             -       A->Y    R     INVx1_ASAP7_75t_R             2  1.0    16    14    1558    (-,-) 
  u_cbm/SUB_UNS_OP276_g544__4733/Y                       -       B->Y    F     NOR2xp33_ASAP7_75t_R          2  1.3    48    19    1577    (-,-) 
  u_cbm/SUB_UNS_OP276_g543/Y                             -       A->Y    R     INVx1_ASAP7_75t_R             2  1.0    17    14    1591    (-,-) 
  u_cbm/SUB_UNS_OP276_g541__5115/Y                       -       B->Y    F     NOR2xp33_ASAP7_75t_R          2  1.3    42    19    1610    (-,-) 
  u_cbm/SUB_UNS_OP276_g540/Y                             -       A->Y    R     INVx1_ASAP7_75t_R             2  1.0    16    13    1623    (-,-) 
  u_cbm/SUB_UNS_OP276_g538__6131/Y                       -       B->Y    F     NOR2xp33_ASAP7_75t_R          2  1.3    48    19    1642    (-,-) 
  u_cbm/SUB_UNS_OP276_g537/Y                             -       A->Y    R     INVx1_ASAP7_75t_R             2  1.0    17    14    1656    (-,-) 
  u_cbm/SUB_UNS_OP276_g535__8246/Y                       -       B->Y    F     NOR2xp33_ASAP7_75t_R          2  1.3    45    19    1675    (-,-) 
  u_cbm/SUB_UNS_OP276_g534/Y                             -       A->Y    R     INVx1_ASAP7_75t_R             2  1.0    16    14    1688    (-,-) 
  u_cbm/SUB_UNS_OP276_g532__1705/Y                       -       B->Y    F     NOR2xp33_ASAP7_75t_R          2  1.3    48    19    1707    (-,-) 
  u_cbm/SUB_UNS_OP276_g531/Y                             -       A->Y    R     INVx1_ASAP7_75t_R             2  1.0    17    14    1721    (-,-) 
  u_cbm/SUB_UNS_OP276_g529__1617/Y                       -       B->Y    F     NOR2xp33_ASAP7_75t_R          2  1.3    45    19    1740    (-,-) 
  u_cbm/SUB_UNS_OP276_g528/Y                             -       A->Y    R     INVx1_ASAP7_75t_R             2  1.0    16    14    1754    (-,-) 
  u_cbm/SUB_UNS_OP276_g526__6783/Y                       -       B->Y    F     NOR2xp33_ASAP7_75t_R          2  1.3    47    19    1772    (-,-) 
  u_cbm/SUB_UNS_OP276_g525/Y                             -       A->Y    R     INVx1_ASAP7_75t_R             2  0.8    15    13    1785    (-,-) 
  u_cbm/SUB_UNS_OP276_g523__8428/Y                       -       B->Y    F     NOR2xp33_ASAP7_75t_R          2  1.2    42    18    1803    (-,-) 
  u_cbm/SUB_UNS_OP276_g522/Y                             -       A->Y    R     INVx1_ASAP7_75t_R             2  1.0    16    13    1816    (-,-) 
  u_cbm/SUB_UNS_OP276_g520__6260/Y                       -       B->Y    F     NOR2xp33_ASAP7_75t_R          2  1.3    48    19    1835    (-,-) 
  u_cbm/SUB_UNS_OP276_g519/Y                             -       A->Y    R     INVx1_ASAP7_75t_R             2  0.8    16    13    1848    (-,-) 
  u_cbm/SUB_UNS_OP276_g517__2398/Y                       -       B->Y    F     NOR2xp33_ASAP7_75t_R          2  1.2    40    18    1866    (-,-) 
  u_cbm/SUB_UNS_OP276_g516/Y                             -       A->Y    R     INVx1_ASAP7_75t_R             2  1.0    16    13    1879    (-,-) 
  u_cbm/SUB_UNS_OP276_g514__6417/Y                       -       B->Y    F     NOR2xp33_ASAP7_75t_R          2  1.3    48    19    1897    (-,-) 
  u_cbm/SUB_UNS_OP276_g513/Y                             -       A->Y    R     INVx1_ASAP7_75t_R             2  1.0    17    14    1911    (-,-) 
  u_cbm/SUB_UNS_OP276_g511__1666/Y                       -       B->Y    F     NOR2xp33_ASAP7_75t_R          2  1.3    44    19    1930    (-,-) 
  u_cbm/SUB_UNS_OP276_g510/Y                             -       A->Y    R     INVx1_ASAP7_75t_R             2  1.0    16    14    1944    (-,-) 
  u_cbm/SUB_UNS_OP276_g508__2883/Y                       -       B->Y    F     NOR2xp33_ASAP7_75t_R          2  1.3    48    19    1963    (-,-) 
  u_cbm/SUB_UNS_OP276_g506__9945/Y                       -       B->Y    R     AOI21xp5_ASAP7_75t_R          1  0.5    25    17    1979    (-,-) 
  u_cbm/g9416__9315/Y                                    -       B2->Y   R     AO22x1_ASAP7_75t_R            5  3.6    27    29    2008    (-,-) 
  u_cbm/csa_tree_SUB_TC_OP109_groupi_g1946/Y             -       A->Y    F     INVxp67_ASAP7_75t_R           1  1.1    14    12    2020    (-,-) 
  u_cbm/csa_tree_SUB_TC_OP109_groupi_g1915__5107/Y       -       C->Y    R     MAJIxp5_ASAP7_75t_R           2  2.2    40    25    2045    (-,-) 
  u_cbm/g12611/SN                                        -       CI->SN  F     FAx1_ASAP7_75t_R              2  1.6    38    55    2099    (-,-) 
  u_cbm/csa_tree_SUB_TC_OP109_groupi_g1763__5122/Y       -       A->Y    R     MAJIxp5_ASAP7_75t_R           2  3.3    56    39    2138    (-,-) 
  u_cbm/g12608/SN                                        -       B->SN   R     FAx1_ASAP7_75t_R              2  1.0    44    45    2184    (-,-) 
  u_cbm/csa_tree_SUB_TC_OP109_groupi_g1751__6260/Y       -       A->Y    F     NAND2xp33_ASAP7_75t_R         2  1.2    26    20    2204    (-,-) 
  u_cbm/csa_tree_SUB_TC_OP109_groupi_g1749__2398/Y       -       A2->Y   F     AO21x1_ASAP7_75t_R            1  0.5     6    18    2222    (-,-) 
  u_cbm/csa_tree_SUB_TC_OP109_groupi_g1748__5477/Y       -       C->Y    R     OAI221xp5_ASAP7_75t_R         1  0.6    26     9    2230    (-,-) 
  u_cbm/csa_tree_SUB_TC_OP109_groupi_g1747__6417/Y       -       A->Y    F     MAJIxp5_ASAP7_75t_R           1  0.6    17    14    2245    (-,-) 
  u_cbm/csa_tree_SUB_TC_OP109_groupi_g1746__7410/Y       -       B->Y    F     OA21x2_ASAP7_75t_R            2  1.7     9    17    2261    (-,-) 
  u_cbm/g12432__8246/Y                                   -       B->Y    R     NOR2x1_ASAP7_75t_R           64 35.7   248   115    2376    (-,-) 
  u_cbm/g12204__6260/Y                                   -       B1->Y   F     AOI222xp33_ASAP7_75t_R        1  0.6    58    41    2418    (-,-) 
  u_cbm/multiplicand_q_reg[4]/D                          -       -       F     ASYNC_DFFHx1_ASAP7_75t_R      1    -     -     0    2418    (-,-) 
#------------------------------------------------------------------------------------------------------------------------------------------------



Path 27: MET (1997564 ps) Setup Check with Pin u_cbm/multiplicand_q_reg[3]/CLK->D
          Group: core_clock
     Startpoint: (R) u_frontend/u_decode/genblk1.u_fifo/rd_ptr_q_reg[0]/CLK
          Clock: (R) core_clock
       Endpoint: (F) u_cbm/multiplicand_q_reg[3]/D
          Clock: (R) core_clock

                      Capture       Launch     
        Clock Edge:+  2000000            0     
       Src Latency:+        0            0     
       Net Latency:+        0 (I)        0 (I) 
           Arrival:=  2000000            0     
                                               
             Setup:-       18                  
     Required Time:=  1999982                  
      Launch Clock:-        0                  
         Data Path:-     2418                  
             Slack:=  1997564                  

#------------------------------------------------------------------------------------------------------------------------------------------------
#                     Timing Point                       Flags    Arc    Edge           Cell            Fanout Load Trans Delay Arrival Instance 
#                                                                                                              (fF)  (ps)  (ps)   (ps)  Location 
#------------------------------------------------------------------------------------------------------------------------------------------------
  u_frontend/u_decode/genblk1.u_fifo/rd_ptr_q_reg[0]/CLK -       -       R     (arrival)                  5356    -     0     0       0    (-,-) 
  u_frontend/u_decode/genblk1.u_fifo/rd_ptr_q_reg[0]/QN  -       CLK->QN R     ASYNC_DFFHx1_ASAP7_75t_R      1  0.6    13    36      36    (-,-) 
  u_frontend/u_decode/genblk1.u_fifo/g2479/Y             -       A->Y    R     BUFx2_ASAP7_75t_R           102 51.6   156    82     118    (-,-) 
  u_frontend/u_decode/genblk1.u_fifo/g2891/Y             -       A->Y    F     INVx2_ASAP7_75t_R            97 48.2   144   106     224    (-,-) 
  u_frontend/u_decode/genblk1.u_fifo/g2804/Y             -       A2->Y   F     AO22x1_ASAP7_75t_R            3  2.0    17    40     264    (-,-) 
  u_issue/g28658/Y                                       -       B->Y    R     XNOR2xp5_ASAP7_75t_R          1  0.5    18    14     278    (-,-) 
  u_issue/g28644/Y                                       -       D->Y    F     NAND4xp25_ASAP7_75t_R         1  0.6    25    17     296    (-,-) 
  u_issue/g28641/Y                                       -       A->Y    R     NOR5xp2_ASAP7_75t_R           1  0.5    41    23     319    (-,-) 
  u_issue/g28640/Y                                       -       A->Y    F     NAND5xp2_ASAP7_75t_R          2  1.1    46    30     349    (-,-) 
  u_issue/g28639/Y                                       -       A->Y    F     OR5x1_ASAP7_75t_R             3  1.6    19    44     393    (-,-) 
  u_issue/g28638/Y                                       -       A->Y    F     OR2x2_ASAP7_75t_R            20 10.4    33    37     430    (-,-) 
  u_issue/g45300/Y                                       -       A->Y    R     INVx2_ASAP7_75t_R            99 56.3   169    87     517    (-,-) 
  u_issue/g28291/Y                                       -       B2->Y   R     AO22x1_ASAP7_75t_R           22 11.2    71    64     581    (-,-) 
  u_issue/g45298/Y                                       -       A->Y    F     INVx1_ASAP7_75t_R            17  9.2    58    44     624    (-,-) 
  u_issue/g44952/Y                                       -       A->Y    R     NAND2xp5_ASAP7_75t_R          4  2.1    37    32     656    (-,-) 
  u_issue/g44832/Y                                       -       A->Y    F     NOR3xp33_ASAP7_75t_R          2  0.8    28    15     671    (-,-) 
  u_issue/g44639/Y                                       -       A->Y    R     NOR2xp33_ASAP7_75t_R          3  1.7    40    27     698    (-,-) 
  u_issue/g44554/Y                                       -       A->Y    F     NAND3xp33_ASAP7_75t_R         4  2.9    55    36     734    (-,-) 
  u_issue/g44546/Y                                       -       A->Y    R     NOR3xp33_ASAP7_75t_R          3  1.9    55    38     772    (-,-) 
  u_issue/g44542/Y                                       -       A->Y    F     INVx1_ASAP7_75t_R             1  0.6    13    10     782    (-,-) 
  u_issue/g44512/Y                                       -       A->Y    R     NOR4xp25_ASAP7_75t_R         17  8.8   245   118     900    (-,-) 
  u_issue/drc_bufs45344/Y                                -       A->Y    F     INVx1_ASAP7_75t_R             1  0.7    32    15     915    (-,-) 
  u_issue/drc_bufs45343/Y                                -       A->Y    R     INVx1_ASAP7_75t_R            16  8.1    53    34     949    (-,-) 
  u_issue/g44217/Y                                       -       A1->Y   F     AOI222xp33_ASAP7_75t_R        1  0.6    62    20     969    (-,-) 
  u_issue/g44110/Y                                       -       B->Y    R     NAND2xp5_ASAP7_75t_R          1  0.5    20    18     987    (-,-) 
  u_issue/g44019/Y                                       -       C->Y    F     AOI221xp5_ASAP7_75t_R         1  0.6    36    12     999    (-,-) 
  u_issue/g43925/Y                                       -       B->Y    R     NAND2xp5_ASAP7_75t_R         18  9.2   102    58    1057    (-,-) 
  u_cbm/SUB_UNS_OP276_g589__9315/Y                       -       A->Y    F     NOR2xp33_ASAP7_75t_R          2  1.3    48    40    1097    (-,-) 
  u_cbm/SUB_UNS_OP276_g588/Y                             -       A->Y    R     INVx1_ASAP7_75t_R             2  1.0    17    14    1111    (-,-) 
  u_cbm/SUB_UNS_OP276_g586__4733/Y                       -       B->Y    F     NOR2xp33_ASAP7_75t_R          2  1.3    46    19    1130    (-,-) 
  u_cbm/SUB_UNS_OP276_g585/Y                             -       A->Y    R     INVx1_ASAP7_75t_R             2  1.0    17    14    1144    (-,-) 
  u_cbm/SUB_UNS_OP276_g583__5115/Y                       -       B->Y    F     NOR2xp33_ASAP7_75t_R          2  1.3    42    19    1162    (-,-) 
  u_cbm/SUB_UNS_OP276_g582/Y                             -       A->Y    R     INVx1_ASAP7_75t_R             2  0.8    15    12    1175    (-,-) 
  u_cbm/SUB_UNS_OP276_g580__6131/Y                       -       B->Y    F     NOR2xp33_ASAP7_75t_R          2  1.2    45    17    1192    (-,-) 
  u_cbm/SUB_UNS_OP276_g579/Y                             -       A->Y    R     INVx1_ASAP7_75t_R             2  0.8    15    12    1205    (-,-) 
  u_cbm/SUB_UNS_OP276_g577__8246/Y                       -       B->Y    F     NOR2xp33_ASAP7_75t_R          2  1.2    41    18    1222    (-,-) 
  u_cbm/SUB_UNS_OP276_g576/Y                             -       A->Y    R     INVx1_ASAP7_75t_R             2  0.8    14    12    1234    (-,-) 
  u_cbm/SUB_UNS_OP276_g574__1705/Y                       -       B->Y    F     NOR2xp33_ASAP7_75t_R          2  1.2    45    17    1252    (-,-) 
  u_cbm/SUB_UNS_OP276_g573/Y                             -       A->Y    R     INVx1_ASAP7_75t_R             2  1.0    16    14    1265    (-,-) 
  u_cbm/SUB_UNS_OP276_g571__1617/Y                       -       B->Y    F     NOR2xp33_ASAP7_75t_R          2  1.3    42    19    1284    (-,-) 
  u_cbm/SUB_UNS_OP276_g570/Y                             -       A->Y    R     INVx1_ASAP7_75t_R             2  1.0    16    13    1297    (-,-) 
  u_cbm/SUB_UNS_OP276_g568__6783/Y                       -       B->Y    F     NOR2xp33_ASAP7_75t_R          2  1.3    48    19    1316    (-,-) 
  u_cbm/SUB_UNS_OP276_g567/Y                             -       A->Y    R     INVx1_ASAP7_75t_R             2  1.0    17    14    1330    (-,-) 
  u_cbm/SUB_UNS_OP276_g565__8428/Y                       -       B->Y    F     NOR2xp33_ASAP7_75t_R          2  1.3    44    19    1349    (-,-) 
  u_cbm/SUB_UNS_OP276_g564/Y                             -       A->Y    R     INVx1_ASAP7_75t_R             2  1.0    16    14    1363    (-,-) 
  u_cbm/SUB_UNS_OP276_g562__6260/Y                       -       B->Y    F     NOR2xp33_ASAP7_75t_R          2  1.3    47    19    1382    (-,-) 
  u_cbm/SUB_UNS_OP276_g561/Y                             -       A->Y    R     INVx1_ASAP7_75t_R             2  1.0    17    14    1395    (-,-) 
  u_cbm/SUB_UNS_OP276_g559__2398/Y                       -       B->Y    F     NOR2xp33_ASAP7_75t_R          2  1.3    43    19    1414    (-,-) 
  u_cbm/SUB_UNS_OP276_g558/Y                             -       A->Y    R     INVx1_ASAP7_75t_R             2  1.0    16    13    1428    (-,-) 
  u_cbm/SUB_UNS_OP276_g556__6417/Y                       -       B->Y    F     NOR2xp33_ASAP7_75t_R          2  1.3    48    19    1446    (-,-) 
  u_cbm/SUB_UNS_OP276_g555/Y                             -       A->Y    R     INVx1_ASAP7_75t_R             2  1.0    17    14    1460    (-,-) 
  u_cbm/SUB_UNS_OP276_g553__1666/Y                       -       B->Y    F     NOR2xp33_ASAP7_75t_R          2  1.3    42    19    1479    (-,-) 
  u_cbm/SUB_UNS_OP276_g552/Y                             -       A->Y    R     INVx1_ASAP7_75t_R             2  1.0    16    13    1493    (-,-) 
  u_cbm/SUB_UNS_OP276_g550__2883/Y                       -       B->Y    F     NOR2xp33_ASAP7_75t_R          2  1.3    48    19    1511    (-,-) 
  u_cbm/SUB_UNS_OP276_g549/Y                             -       A->Y    R     INVx1_ASAP7_75t_R             2  1.0    17    14    1525    (-,-) 
  u_cbm/SUB_UNS_OP276_g547__9315/Y                       -       B->Y    F     NOR2xp33_ASAP7_75t_R          2  1.3    45    19    1544    (-,-) 
  u_cbm/SUB_UNS_OP276_g546/Y                             -       A->Y    R     INVx1_ASAP7_75t_R             2  1.0    16    14    1558    (-,-) 
  u_cbm/SUB_UNS_OP276_g544__4733/Y                       -       B->Y    F     NOR2xp33_ASAP7_75t_R          2  1.3    48    19    1577    (-,-) 
  u_cbm/SUB_UNS_OP276_g543/Y                             -       A->Y    R     INVx1_ASAP7_75t_R             2  1.0    17    14    1591    (-,-) 
  u_cbm/SUB_UNS_OP276_g541__5115/Y                       -       B->Y    F     NOR2xp33_ASAP7_75t_R          2  1.3    42    19    1610    (-,-) 
  u_cbm/SUB_UNS_OP276_g540/Y                             -       A->Y    R     INVx1_ASAP7_75t_R             2  1.0    16    13    1623    (-,-) 
  u_cbm/SUB_UNS_OP276_g538__6131/Y                       -       B->Y    F     NOR2xp33_ASAP7_75t_R          2  1.3    48    19    1642    (-,-) 
  u_cbm/SUB_UNS_OP276_g537/Y                             -       A->Y    R     INVx1_ASAP7_75t_R             2  1.0    17    14    1656    (-,-) 
  u_cbm/SUB_UNS_OP276_g535__8246/Y                       -       B->Y    F     NOR2xp33_ASAP7_75t_R          2  1.3    45    19    1675    (-,-) 
  u_cbm/SUB_UNS_OP276_g534/Y                             -       A->Y    R     INVx1_ASAP7_75t_R             2  1.0    16    14    1688    (-,-) 
  u_cbm/SUB_UNS_OP276_g532__1705/Y                       -       B->Y    F     NOR2xp33_ASAP7_75t_R          2  1.3    48    19    1707    (-,-) 
  u_cbm/SUB_UNS_OP276_g531/Y                             -       A->Y    R     INVx1_ASAP7_75t_R             2  1.0    17    14    1721    (-,-) 
  u_cbm/SUB_UNS_OP276_g529__1617/Y                       -       B->Y    F     NOR2xp33_ASAP7_75t_R          2  1.3    45    19    1740    (-,-) 
  u_cbm/SUB_UNS_OP276_g528/Y                             -       A->Y    R     INVx1_ASAP7_75t_R             2  1.0    16    14    1754    (-,-) 
  u_cbm/SUB_UNS_OP276_g526__6783/Y                       -       B->Y    F     NOR2xp33_ASAP7_75t_R          2  1.3    47    19    1772    (-,-) 
  u_cbm/SUB_UNS_OP276_g525/Y                             -       A->Y    R     INVx1_ASAP7_75t_R             2  0.8    15    13    1785    (-,-) 
  u_cbm/SUB_UNS_OP276_g523__8428/Y                       -       B->Y    F     NOR2xp33_ASAP7_75t_R          2  1.2    42    18    1803    (-,-) 
  u_cbm/SUB_UNS_OP276_g522/Y                             -       A->Y    R     INVx1_ASAP7_75t_R             2  1.0    16    13    1816    (-,-) 
  u_cbm/SUB_UNS_OP276_g520__6260/Y                       -       B->Y    F     NOR2xp33_ASAP7_75t_R          2  1.3    48    19    1835    (-,-) 
  u_cbm/SUB_UNS_OP276_g519/Y                             -       A->Y    R     INVx1_ASAP7_75t_R             2  0.8    16    13    1848    (-,-) 
  u_cbm/SUB_UNS_OP276_g517__2398/Y                       -       B->Y    F     NOR2xp33_ASAP7_75t_R          2  1.2    40    18    1866    (-,-) 
  u_cbm/SUB_UNS_OP276_g516/Y                             -       A->Y    R     INVx1_ASAP7_75t_R             2  1.0    16    13    1879    (-,-) 
  u_cbm/SUB_UNS_OP276_g514__6417/Y                       -       B->Y    F     NOR2xp33_ASAP7_75t_R          2  1.3    48    19    1897    (-,-) 
  u_cbm/SUB_UNS_OP276_g513/Y                             -       A->Y    R     INVx1_ASAP7_75t_R             2  1.0    17    14    1911    (-,-) 
  u_cbm/SUB_UNS_OP276_g511__1666/Y                       -       B->Y    F     NOR2xp33_ASAP7_75t_R          2  1.3    44    19    1930    (-,-) 
  u_cbm/SUB_UNS_OP276_g510/Y                             -       A->Y    R     INVx1_ASAP7_75t_R             2  1.0    16    14    1944    (-,-) 
  u_cbm/SUB_UNS_OP276_g508__2883/Y                       -       B->Y    F     NOR2xp33_ASAP7_75t_R          2  1.3    48    19    1963    (-,-) 
  u_cbm/SUB_UNS_OP276_g506__9945/Y                       -       B->Y    R     AOI21xp5_ASAP7_75t_R          1  0.5    25    17    1979    (-,-) 
  u_cbm/g9416__9315/Y                                    -       B2->Y   R     AO22x1_ASAP7_75t_R            5  3.6    27    29    2008    (-,-) 
  u_cbm/csa_tree_SUB_TC_OP109_groupi_g1946/Y             -       A->Y    F     INVxp67_ASAP7_75t_R           1  1.1    14    12    2020    (-,-) 
  u_cbm/csa_tree_SUB_TC_OP109_groupi_g1915__5107/Y       -       C->Y    R     MAJIxp5_ASAP7_75t_R           2  2.2    40    25    2045    (-,-) 
  u_cbm/g12611/SN                                        -       CI->SN  F     FAx1_ASAP7_75t_R              2  1.6    38    55    2099    (-,-) 
  u_cbm/csa_tree_SUB_TC_OP109_groupi_g1763__5122/Y       -       A->Y    R     MAJIxp5_ASAP7_75t_R           2  3.3    56    39    2138    (-,-) 
  u_cbm/g12608/SN                                        -       B->SN   R     FAx1_ASAP7_75t_R              2  1.0    44    45    2184    (-,-) 
  u_cbm/csa_tree_SUB_TC_OP109_groupi_g1751__6260/Y       -       A->Y    F     NAND2xp33_ASAP7_75t_R         2  1.2    26    20    2204    (-,-) 
  u_cbm/csa_tree_SUB_TC_OP109_groupi_g1749__2398/Y       -       A2->Y   F     AO21x1_ASAP7_75t_R            1  0.5     6    18    2222    (-,-) 
  u_cbm/csa_tree_SUB_TC_OP109_groupi_g1748__5477/Y       -       C->Y    R     OAI221xp5_ASAP7_75t_R         1  0.6    26     9    2230    (-,-) 
  u_cbm/csa_tree_SUB_TC_OP109_groupi_g1747__6417/Y       -       A->Y    F     MAJIxp5_ASAP7_75t_R           1  0.6    17    14    2245    (-,-) 
  u_cbm/csa_tree_SUB_TC_OP109_groupi_g1746__7410/Y       -       B->Y    F     OA21x2_ASAP7_75t_R            2  1.7     9    17    2261    (-,-) 
  u_cbm/g12432__8246/Y                                   -       B->Y    R     NOR2x1_ASAP7_75t_R           64 35.7   248   115    2376    (-,-) 
  u_cbm/g12199__7410/Y                                   -       B1->Y   F     AOI222xp33_ASAP7_75t_R        1  0.6    58    41    2418    (-,-) 
  u_cbm/multiplicand_q_reg[3]/D                          -       -       F     ASYNC_DFFHx1_ASAP7_75t_R      1    -     -     0    2418    (-,-) 
#------------------------------------------------------------------------------------------------------------------------------------------------



Path 28: MET (1997564 ps) Setup Check with Pin u_cbm/multiplicand_q_reg[2]/CLK->D
          Group: core_clock
     Startpoint: (R) u_frontend/u_decode/genblk1.u_fifo/rd_ptr_q_reg[0]/CLK
          Clock: (R) core_clock
       Endpoint: (F) u_cbm/multiplicand_q_reg[2]/D
          Clock: (R) core_clock

                      Capture       Launch     
        Clock Edge:+  2000000            0     
       Src Latency:+        0            0     
       Net Latency:+        0 (I)        0 (I) 
           Arrival:=  2000000            0     
                                               
             Setup:-       18                  
     Required Time:=  1999982                  
      Launch Clock:-        0                  
         Data Path:-     2418                  
             Slack:=  1997564                  

#------------------------------------------------------------------------------------------------------------------------------------------------
#                     Timing Point                       Flags    Arc    Edge           Cell            Fanout Load Trans Delay Arrival Instance 
#                                                                                                              (fF)  (ps)  (ps)   (ps)  Location 
#------------------------------------------------------------------------------------------------------------------------------------------------
  u_frontend/u_decode/genblk1.u_fifo/rd_ptr_q_reg[0]/CLK -       -       R     (arrival)                  5356    -     0     0       0    (-,-) 
  u_frontend/u_decode/genblk1.u_fifo/rd_ptr_q_reg[0]/QN  -       CLK->QN R     ASYNC_DFFHx1_ASAP7_75t_R      1  0.6    13    36      36    (-,-) 
  u_frontend/u_decode/genblk1.u_fifo/g2479/Y             -       A->Y    R     BUFx2_ASAP7_75t_R           102 51.6   156    82     118    (-,-) 
  u_frontend/u_decode/genblk1.u_fifo/g2891/Y             -       A->Y    F     INVx2_ASAP7_75t_R            97 48.2   144   106     224    (-,-) 
  u_frontend/u_decode/genblk1.u_fifo/g2804/Y             -       A2->Y   F     AO22x1_ASAP7_75t_R            3  2.0    17    40     264    (-,-) 
  u_issue/g28658/Y                                       -       B->Y    R     XNOR2xp5_ASAP7_75t_R          1  0.5    18    14     278    (-,-) 
  u_issue/g28644/Y                                       -       D->Y    F     NAND4xp25_ASAP7_75t_R         1  0.6    25    17     296    (-,-) 
  u_issue/g28641/Y                                       -       A->Y    R     NOR5xp2_ASAP7_75t_R           1  0.5    41    23     319    (-,-) 
  u_issue/g28640/Y                                       -       A->Y    F     NAND5xp2_ASAP7_75t_R          2  1.1    46    30     349    (-,-) 
  u_issue/g28639/Y                                       -       A->Y    F     OR5x1_ASAP7_75t_R             3  1.6    19    44     393    (-,-) 
  u_issue/g28638/Y                                       -       A->Y    F     OR2x2_ASAP7_75t_R            20 10.4    33    37     430    (-,-) 
  u_issue/g45300/Y                                       -       A->Y    R     INVx2_ASAP7_75t_R            99 56.3   169    87     517    (-,-) 
  u_issue/g28291/Y                                       -       B2->Y   R     AO22x1_ASAP7_75t_R           22 11.2    71    64     581    (-,-) 
  u_issue/g45298/Y                                       -       A->Y    F     INVx1_ASAP7_75t_R            17  9.2    58    44     624    (-,-) 
  u_issue/g44952/Y                                       -       A->Y    R     NAND2xp5_ASAP7_75t_R          4  2.1    37    32     656    (-,-) 
  u_issue/g44832/Y                                       -       A->Y    F     NOR3xp33_ASAP7_75t_R          2  0.8    28    15     671    (-,-) 
  u_issue/g44639/Y                                       -       A->Y    R     NOR2xp33_ASAP7_75t_R          3  1.7    40    27     698    (-,-) 
  u_issue/g44554/Y                                       -       A->Y    F     NAND3xp33_ASAP7_75t_R         4  2.9    55    36     734    (-,-) 
  u_issue/g44546/Y                                       -       A->Y    R     NOR3xp33_ASAP7_75t_R          3  1.9    55    38     772    (-,-) 
  u_issue/g44542/Y                                       -       A->Y    F     INVx1_ASAP7_75t_R             1  0.6    13    10     782    (-,-) 
  u_issue/g44512/Y                                       -       A->Y    R     NOR4xp25_ASAP7_75t_R         17  8.8   245   118     900    (-,-) 
  u_issue/drc_bufs45344/Y                                -       A->Y    F     INVx1_ASAP7_75t_R             1  0.7    32    15     915    (-,-) 
  u_issue/drc_bufs45343/Y                                -       A->Y    R     INVx1_ASAP7_75t_R            16  8.1    53    34     949    (-,-) 
  u_issue/g44217/Y                                       -       A1->Y   F     AOI222xp33_ASAP7_75t_R        1  0.6    62    20     969    (-,-) 
  u_issue/g44110/Y                                       -       B->Y    R     NAND2xp5_ASAP7_75t_R          1  0.5    20    18     987    (-,-) 
  u_issue/g44019/Y                                       -       C->Y    F     AOI221xp5_ASAP7_75t_R         1  0.6    36    12     999    (-,-) 
  u_issue/g43925/Y                                       -       B->Y    R     NAND2xp5_ASAP7_75t_R         18  9.2   102    58    1057    (-,-) 
  u_cbm/SUB_UNS_OP276_g589__9315/Y                       -       A->Y    F     NOR2xp33_ASAP7_75t_R          2  1.3    48    40    1097    (-,-) 
  u_cbm/SUB_UNS_OP276_g588/Y                             -       A->Y    R     INVx1_ASAP7_75t_R             2  1.0    17    14    1111    (-,-) 
  u_cbm/SUB_UNS_OP276_g586__4733/Y                       -       B->Y    F     NOR2xp33_ASAP7_75t_R          2  1.3    46    19    1130    (-,-) 
  u_cbm/SUB_UNS_OP276_g585/Y                             -       A->Y    R     INVx1_ASAP7_75t_R             2  1.0    17    14    1144    (-,-) 
  u_cbm/SUB_UNS_OP276_g583__5115/Y                       -       B->Y    F     NOR2xp33_ASAP7_75t_R          2  1.3    42    19    1162    (-,-) 
  u_cbm/SUB_UNS_OP276_g582/Y                             -       A->Y    R     INVx1_ASAP7_75t_R             2  0.8    15    12    1175    (-,-) 
  u_cbm/SUB_UNS_OP276_g580__6131/Y                       -       B->Y    F     NOR2xp33_ASAP7_75t_R          2  1.2    45    17    1192    (-,-) 
  u_cbm/SUB_UNS_OP276_g579/Y                             -       A->Y    R     INVx1_ASAP7_75t_R             2  0.8    15    12    1205    (-,-) 
  u_cbm/SUB_UNS_OP276_g577__8246/Y                       -       B->Y    F     NOR2xp33_ASAP7_75t_R          2  1.2    41    18    1222    (-,-) 
  u_cbm/SUB_UNS_OP276_g576/Y                             -       A->Y    R     INVx1_ASAP7_75t_R             2  0.8    14    12    1234    (-,-) 
  u_cbm/SUB_UNS_OP276_g574__1705/Y                       -       B->Y    F     NOR2xp33_ASAP7_75t_R          2  1.2    45    17    1252    (-,-) 
  u_cbm/SUB_UNS_OP276_g573/Y                             -       A->Y    R     INVx1_ASAP7_75t_R             2  1.0    16    14    1265    (-,-) 
  u_cbm/SUB_UNS_OP276_g571__1617/Y                       -       B->Y    F     NOR2xp33_ASAP7_75t_R          2  1.3    42    19    1284    (-,-) 
  u_cbm/SUB_UNS_OP276_g570/Y                             -       A->Y    R     INVx1_ASAP7_75t_R             2  1.0    16    13    1297    (-,-) 
  u_cbm/SUB_UNS_OP276_g568__6783/Y                       -       B->Y    F     NOR2xp33_ASAP7_75t_R          2  1.3    48    19    1316    (-,-) 
  u_cbm/SUB_UNS_OP276_g567/Y                             -       A->Y    R     INVx1_ASAP7_75t_R             2  1.0    17    14    1330    (-,-) 
  u_cbm/SUB_UNS_OP276_g565__8428/Y                       -       B->Y    F     NOR2xp33_ASAP7_75t_R          2  1.3    44    19    1349    (-,-) 
  u_cbm/SUB_UNS_OP276_g564/Y                             -       A->Y    R     INVx1_ASAP7_75t_R             2  1.0    16    14    1363    (-,-) 
  u_cbm/SUB_UNS_OP276_g562__6260/Y                       -       B->Y    F     NOR2xp33_ASAP7_75t_R          2  1.3    47    19    1382    (-,-) 
  u_cbm/SUB_UNS_OP276_g561/Y                             -       A->Y    R     INVx1_ASAP7_75t_R             2  1.0    17    14    1395    (-,-) 
  u_cbm/SUB_UNS_OP276_g559__2398/Y                       -       B->Y    F     NOR2xp33_ASAP7_75t_R          2  1.3    43    19    1414    (-,-) 
  u_cbm/SUB_UNS_OP276_g558/Y                             -       A->Y    R     INVx1_ASAP7_75t_R             2  1.0    16    13    1428    (-,-) 
  u_cbm/SUB_UNS_OP276_g556__6417/Y                       -       B->Y    F     NOR2xp33_ASAP7_75t_R          2  1.3    48    19    1446    (-,-) 
  u_cbm/SUB_UNS_OP276_g555/Y                             -       A->Y    R     INVx1_ASAP7_75t_R             2  1.0    17    14    1460    (-,-) 
  u_cbm/SUB_UNS_OP276_g553__1666/Y                       -       B->Y    F     NOR2xp33_ASAP7_75t_R          2  1.3    42    19    1479    (-,-) 
  u_cbm/SUB_UNS_OP276_g552/Y                             -       A->Y    R     INVx1_ASAP7_75t_R             2  1.0    16    13    1493    (-,-) 
  u_cbm/SUB_UNS_OP276_g550__2883/Y                       -       B->Y    F     NOR2xp33_ASAP7_75t_R          2  1.3    48    19    1511    (-,-) 
  u_cbm/SUB_UNS_OP276_g549/Y                             -       A->Y    R     INVx1_ASAP7_75t_R             2  1.0    17    14    1525    (-,-) 
  u_cbm/SUB_UNS_OP276_g547__9315/Y                       -       B->Y    F     NOR2xp33_ASAP7_75t_R          2  1.3    45    19    1544    (-,-) 
  u_cbm/SUB_UNS_OP276_g546/Y                             -       A->Y    R     INVx1_ASAP7_75t_R             2  1.0    16    14    1558    (-,-) 
  u_cbm/SUB_UNS_OP276_g544__4733/Y                       -       B->Y    F     NOR2xp33_ASAP7_75t_R          2  1.3    48    19    1577    (-,-) 
  u_cbm/SUB_UNS_OP276_g543/Y                             -       A->Y    R     INVx1_ASAP7_75t_R             2  1.0    17    14    1591    (-,-) 
  u_cbm/SUB_UNS_OP276_g541__5115/Y                       -       B->Y    F     NOR2xp33_ASAP7_75t_R          2  1.3    42    19    1610    (-,-) 
  u_cbm/SUB_UNS_OP276_g540/Y                             -       A->Y    R     INVx1_ASAP7_75t_R             2  1.0    16    13    1623    (-,-) 
  u_cbm/SUB_UNS_OP276_g538__6131/Y                       -       B->Y    F     NOR2xp33_ASAP7_75t_R          2  1.3    48    19    1642    (-,-) 
  u_cbm/SUB_UNS_OP276_g537/Y                             -       A->Y    R     INVx1_ASAP7_75t_R             2  1.0    17    14    1656    (-,-) 
  u_cbm/SUB_UNS_OP276_g535__8246/Y                       -       B->Y    F     NOR2xp33_ASAP7_75t_R          2  1.3    45    19    1675    (-,-) 
  u_cbm/SUB_UNS_OP276_g534/Y                             -       A->Y    R     INVx1_ASAP7_75t_R             2  1.0    16    14    1688    (-,-) 
  u_cbm/SUB_UNS_OP276_g532__1705/Y                       -       B->Y    F     NOR2xp33_ASAP7_75t_R          2  1.3    48    19    1707    (-,-) 
  u_cbm/SUB_UNS_OP276_g531/Y                             -       A->Y    R     INVx1_ASAP7_75t_R             2  1.0    17    14    1721    (-,-) 
  u_cbm/SUB_UNS_OP276_g529__1617/Y                       -       B->Y    F     NOR2xp33_ASAP7_75t_R          2  1.3    45    19    1740    (-,-) 
  u_cbm/SUB_UNS_OP276_g528/Y                             -       A->Y    R     INVx1_ASAP7_75t_R             2  1.0    16    14    1754    (-,-) 
  u_cbm/SUB_UNS_OP276_g526__6783/Y                       -       B->Y    F     NOR2xp33_ASAP7_75t_R          2  1.3    47    19    1772    (-,-) 
  u_cbm/SUB_UNS_OP276_g525/Y                             -       A->Y    R     INVx1_ASAP7_75t_R             2  0.8    15    13    1785    (-,-) 
  u_cbm/SUB_UNS_OP276_g523__8428/Y                       -       B->Y    F     NOR2xp33_ASAP7_75t_R          2  1.2    42    18    1803    (-,-) 
  u_cbm/SUB_UNS_OP276_g522/Y                             -       A->Y    R     INVx1_ASAP7_75t_R             2  1.0    16    13    1816    (-,-) 
  u_cbm/SUB_UNS_OP276_g520__6260/Y                       -       B->Y    F     NOR2xp33_ASAP7_75t_R          2  1.3    48    19    1835    (-,-) 
  u_cbm/SUB_UNS_OP276_g519/Y                             -       A->Y    R     INVx1_ASAP7_75t_R             2  0.8    16    13    1848    (-,-) 
  u_cbm/SUB_UNS_OP276_g517__2398/Y                       -       B->Y    F     NOR2xp33_ASAP7_75t_R          2  1.2    40    18    1866    (-,-) 
  u_cbm/SUB_UNS_OP276_g516/Y                             -       A->Y    R     INVx1_ASAP7_75t_R             2  1.0    16    13    1879    (-,-) 
  u_cbm/SUB_UNS_OP276_g514__6417/Y                       -       B->Y    F     NOR2xp33_ASAP7_75t_R          2  1.3    48    19    1897    (-,-) 
  u_cbm/SUB_UNS_OP276_g513/Y                             -       A->Y    R     INVx1_ASAP7_75t_R             2  1.0    17    14    1911    (-,-) 
  u_cbm/SUB_UNS_OP276_g511__1666/Y                       -       B->Y    F     NOR2xp33_ASAP7_75t_R          2  1.3    44    19    1930    (-,-) 
  u_cbm/SUB_UNS_OP276_g510/Y                             -       A->Y    R     INVx1_ASAP7_75t_R             2  1.0    16    14    1944    (-,-) 
  u_cbm/SUB_UNS_OP276_g508__2883/Y                       -       B->Y    F     NOR2xp33_ASAP7_75t_R          2  1.3    48    19    1963    (-,-) 
  u_cbm/SUB_UNS_OP276_g506__9945/Y                       -       B->Y    R     AOI21xp5_ASAP7_75t_R          1  0.5    25    17    1979    (-,-) 
  u_cbm/g9416__9315/Y                                    -       B2->Y   R     AO22x1_ASAP7_75t_R            5  3.6    27    29    2008    (-,-) 
  u_cbm/csa_tree_SUB_TC_OP109_groupi_g1946/Y             -       A->Y    F     INVxp67_ASAP7_75t_R           1  1.1    14    12    2020    (-,-) 
  u_cbm/csa_tree_SUB_TC_OP109_groupi_g1915__5107/Y       -       C->Y    R     MAJIxp5_ASAP7_75t_R           2  2.2    40    25    2045    (-,-) 
  u_cbm/g12611/SN                                        -       CI->SN  F     FAx1_ASAP7_75t_R              2  1.6    38    55    2099    (-,-) 
  u_cbm/csa_tree_SUB_TC_OP109_groupi_g1763__5122/Y       -       A->Y    R     MAJIxp5_ASAP7_75t_R           2  3.3    56    39    2138    (-,-) 
  u_cbm/g12608/SN                                        -       B->SN   R     FAx1_ASAP7_75t_R              2  1.0    44    45    2184    (-,-) 
  u_cbm/csa_tree_SUB_TC_OP109_groupi_g1751__6260/Y       -       A->Y    F     NAND2xp33_ASAP7_75t_R         2  1.2    26    20    2204    (-,-) 
  u_cbm/csa_tree_SUB_TC_OP109_groupi_g1749__2398/Y       -       A2->Y   F     AO21x1_ASAP7_75t_R            1  0.5     6    18    2222    (-,-) 
  u_cbm/csa_tree_SUB_TC_OP109_groupi_g1748__5477/Y       -       C->Y    R     OAI221xp5_ASAP7_75t_R         1  0.6    26     9    2230    (-,-) 
  u_cbm/csa_tree_SUB_TC_OP109_groupi_g1747__6417/Y       -       A->Y    F     MAJIxp5_ASAP7_75t_R           1  0.6    17    14    2245    (-,-) 
  u_cbm/csa_tree_SUB_TC_OP109_groupi_g1746__7410/Y       -       B->Y    F     OA21x2_ASAP7_75t_R            2  1.7     9    17    2261    (-,-) 
  u_cbm/g12432__8246/Y                                   -       B->Y    R     NOR2x1_ASAP7_75t_R           64 35.7   248   115    2376    (-,-) 
  u_cbm/g12203__5107/Y                                   -       B1->Y   F     AOI222xp33_ASAP7_75t_R        1  0.6    58    41    2418    (-,-) 
  u_cbm/multiplicand_q_reg[2]/D                          -       -       F     ASYNC_DFFHx1_ASAP7_75t_R      1    -     -     0    2418    (-,-) 
#------------------------------------------------------------------------------------------------------------------------------------------------



Path 29: MET (1997564 ps) Setup Check with Pin u_cbm/multiplicand_q_reg[1]/CLK->D
          Group: core_clock
     Startpoint: (R) u_frontend/u_decode/genblk1.u_fifo/rd_ptr_q_reg[0]/CLK
          Clock: (R) core_clock
       Endpoint: (F) u_cbm/multiplicand_q_reg[1]/D
          Clock: (R) core_clock

                      Capture       Launch     
        Clock Edge:+  2000000            0     
       Src Latency:+        0            0     
       Net Latency:+        0 (I)        0 (I) 
           Arrival:=  2000000            0     
                                               
             Setup:-       18                  
     Required Time:=  1999982                  
      Launch Clock:-        0                  
         Data Path:-     2418                  
             Slack:=  1997564                  

#------------------------------------------------------------------------------------------------------------------------------------------------
#                     Timing Point                       Flags    Arc    Edge           Cell            Fanout Load Trans Delay Arrival Instance 
#                                                                                                              (fF)  (ps)  (ps)   (ps)  Location 
#------------------------------------------------------------------------------------------------------------------------------------------------
  u_frontend/u_decode/genblk1.u_fifo/rd_ptr_q_reg[0]/CLK -       -       R     (arrival)                  5356    -     0     0       0    (-,-) 
  u_frontend/u_decode/genblk1.u_fifo/rd_ptr_q_reg[0]/QN  -       CLK->QN R     ASYNC_DFFHx1_ASAP7_75t_R      1  0.6    13    36      36    (-,-) 
  u_frontend/u_decode/genblk1.u_fifo/g2479/Y             -       A->Y    R     BUFx2_ASAP7_75t_R           102 51.6   156    82     118    (-,-) 
  u_frontend/u_decode/genblk1.u_fifo/g2891/Y             -       A->Y    F     INVx2_ASAP7_75t_R            97 48.2   144   106     224    (-,-) 
  u_frontend/u_decode/genblk1.u_fifo/g2804/Y             -       A2->Y   F     AO22x1_ASAP7_75t_R            3  2.0    17    40     264    (-,-) 
  u_issue/g28658/Y                                       -       B->Y    R     XNOR2xp5_ASAP7_75t_R          1  0.5    18    14     278    (-,-) 
  u_issue/g28644/Y                                       -       D->Y    F     NAND4xp25_ASAP7_75t_R         1  0.6    25    17     296    (-,-) 
  u_issue/g28641/Y                                       -       A->Y    R     NOR5xp2_ASAP7_75t_R           1  0.5    41    23     319    (-,-) 
  u_issue/g28640/Y                                       -       A->Y    F     NAND5xp2_ASAP7_75t_R          2  1.1    46    30     349    (-,-) 
  u_issue/g28639/Y                                       -       A->Y    F     OR5x1_ASAP7_75t_R             3  1.6    19    44     393    (-,-) 
  u_issue/g28638/Y                                       -       A->Y    F     OR2x2_ASAP7_75t_R            20 10.4    33    37     430    (-,-) 
  u_issue/g45300/Y                                       -       A->Y    R     INVx2_ASAP7_75t_R            99 56.3   169    87     517    (-,-) 
  u_issue/g28291/Y                                       -       B2->Y   R     AO22x1_ASAP7_75t_R           22 11.2    71    64     581    (-,-) 
  u_issue/g45298/Y                                       -       A->Y    F     INVx1_ASAP7_75t_R            17  9.2    58    44     624    (-,-) 
  u_issue/g44952/Y                                       -       A->Y    R     NAND2xp5_ASAP7_75t_R          4  2.1    37    32     656    (-,-) 
  u_issue/g44832/Y                                       -       A->Y    F     NOR3xp33_ASAP7_75t_R          2  0.8    28    15     671    (-,-) 
  u_issue/g44639/Y                                       -       A->Y    R     NOR2xp33_ASAP7_75t_R          3  1.7    40    27     698    (-,-) 
  u_issue/g44554/Y                                       -       A->Y    F     NAND3xp33_ASAP7_75t_R         4  2.9    55    36     734    (-,-) 
  u_issue/g44546/Y                                       -       A->Y    R     NOR3xp33_ASAP7_75t_R          3  1.9    55    38     772    (-,-) 
  u_issue/g44542/Y                                       -       A->Y    F     INVx1_ASAP7_75t_R             1  0.6    13    10     782    (-,-) 
  u_issue/g44512/Y                                       -       A->Y    R     NOR4xp25_ASAP7_75t_R         17  8.8   245   118     900    (-,-) 
  u_issue/drc_bufs45344/Y                                -       A->Y    F     INVx1_ASAP7_75t_R             1  0.7    32    15     915    (-,-) 
  u_issue/drc_bufs45343/Y                                -       A->Y    R     INVx1_ASAP7_75t_R            16  8.1    53    34     949    (-,-) 
  u_issue/g44217/Y                                       -       A1->Y   F     AOI222xp33_ASAP7_75t_R        1  0.6    62    20     969    (-,-) 
  u_issue/g44110/Y                                       -       B->Y    R     NAND2xp5_ASAP7_75t_R          1  0.5    20    18     987    (-,-) 
  u_issue/g44019/Y                                       -       C->Y    F     AOI221xp5_ASAP7_75t_R         1  0.6    36    12     999    (-,-) 
  u_issue/g43925/Y                                       -       B->Y    R     NAND2xp5_ASAP7_75t_R         18  9.2   102    58    1057    (-,-) 
  u_cbm/SUB_UNS_OP276_g589__9315/Y                       -       A->Y    F     NOR2xp33_ASAP7_75t_R          2  1.3    48    40    1097    (-,-) 
  u_cbm/SUB_UNS_OP276_g588/Y                             -       A->Y    R     INVx1_ASAP7_75t_R             2  1.0    17    14    1111    (-,-) 
  u_cbm/SUB_UNS_OP276_g586__4733/Y                       -       B->Y    F     NOR2xp33_ASAP7_75t_R          2  1.3    46    19    1130    (-,-) 
  u_cbm/SUB_UNS_OP276_g585/Y                             -       A->Y    R     INVx1_ASAP7_75t_R             2  1.0    17    14    1144    (-,-) 
  u_cbm/SUB_UNS_OP276_g583__5115/Y                       -       B->Y    F     NOR2xp33_ASAP7_75t_R          2  1.3    42    19    1162    (-,-) 
  u_cbm/SUB_UNS_OP276_g582/Y                             -       A->Y    R     INVx1_ASAP7_75t_R             2  0.8    15    12    1175    (-,-) 
  u_cbm/SUB_UNS_OP276_g580__6131/Y                       -       B->Y    F     NOR2xp33_ASAP7_75t_R          2  1.2    45    17    1192    (-,-) 
  u_cbm/SUB_UNS_OP276_g579/Y                             -       A->Y    R     INVx1_ASAP7_75t_R             2  0.8    15    12    1205    (-,-) 
  u_cbm/SUB_UNS_OP276_g577__8246/Y                       -       B->Y    F     NOR2xp33_ASAP7_75t_R          2  1.2    41    18    1222    (-,-) 
  u_cbm/SUB_UNS_OP276_g576/Y                             -       A->Y    R     INVx1_ASAP7_75t_R             2  0.8    14    12    1234    (-,-) 
  u_cbm/SUB_UNS_OP276_g574__1705/Y                       -       B->Y    F     NOR2xp33_ASAP7_75t_R          2  1.2    45    17    1252    (-,-) 
  u_cbm/SUB_UNS_OP276_g573/Y                             -       A->Y    R     INVx1_ASAP7_75t_R             2  1.0    16    14    1265    (-,-) 
  u_cbm/SUB_UNS_OP276_g571__1617/Y                       -       B->Y    F     NOR2xp33_ASAP7_75t_R          2  1.3    42    19    1284    (-,-) 
  u_cbm/SUB_UNS_OP276_g570/Y                             -       A->Y    R     INVx1_ASAP7_75t_R             2  1.0    16    13    1297    (-,-) 
  u_cbm/SUB_UNS_OP276_g568__6783/Y                       -       B->Y    F     NOR2xp33_ASAP7_75t_R          2  1.3    48    19    1316    (-,-) 
  u_cbm/SUB_UNS_OP276_g567/Y                             -       A->Y    R     INVx1_ASAP7_75t_R             2  1.0    17    14    1330    (-,-) 
  u_cbm/SUB_UNS_OP276_g565__8428/Y                       -       B->Y    F     NOR2xp33_ASAP7_75t_R          2  1.3    44    19    1349    (-,-) 
  u_cbm/SUB_UNS_OP276_g564/Y                             -       A->Y    R     INVx1_ASAP7_75t_R             2  1.0    16    14    1363    (-,-) 
  u_cbm/SUB_UNS_OP276_g562__6260/Y                       -       B->Y    F     NOR2xp33_ASAP7_75t_R          2  1.3    47    19    1382    (-,-) 
  u_cbm/SUB_UNS_OP276_g561/Y                             -       A->Y    R     INVx1_ASAP7_75t_R             2  1.0    17    14    1395    (-,-) 
  u_cbm/SUB_UNS_OP276_g559__2398/Y                       -       B->Y    F     NOR2xp33_ASAP7_75t_R          2  1.3    43    19    1414    (-,-) 
  u_cbm/SUB_UNS_OP276_g558/Y                             -       A->Y    R     INVx1_ASAP7_75t_R             2  1.0    16    13    1428    (-,-) 
  u_cbm/SUB_UNS_OP276_g556__6417/Y                       -       B->Y    F     NOR2xp33_ASAP7_75t_R          2  1.3    48    19    1446    (-,-) 
  u_cbm/SUB_UNS_OP276_g555/Y                             -       A->Y    R     INVx1_ASAP7_75t_R             2  1.0    17    14    1460    (-,-) 
  u_cbm/SUB_UNS_OP276_g553__1666/Y                       -       B->Y    F     NOR2xp33_ASAP7_75t_R          2  1.3    42    19    1479    (-,-) 
  u_cbm/SUB_UNS_OP276_g552/Y                             -       A->Y    R     INVx1_ASAP7_75t_R             2  1.0    16    13    1493    (-,-) 
  u_cbm/SUB_UNS_OP276_g550__2883/Y                       -       B->Y    F     NOR2xp33_ASAP7_75t_R          2  1.3    48    19    1511    (-,-) 
  u_cbm/SUB_UNS_OP276_g549/Y                             -       A->Y    R     INVx1_ASAP7_75t_R             2  1.0    17    14    1525    (-,-) 
  u_cbm/SUB_UNS_OP276_g547__9315/Y                       -       B->Y    F     NOR2xp33_ASAP7_75t_R          2  1.3    45    19    1544    (-,-) 
  u_cbm/SUB_UNS_OP276_g546/Y                             -       A->Y    R     INVx1_ASAP7_75t_R             2  1.0    16    14    1558    (-,-) 
  u_cbm/SUB_UNS_OP276_g544__4733/Y                       -       B->Y    F     NOR2xp33_ASAP7_75t_R          2  1.3    48    19    1577    (-,-) 
  u_cbm/SUB_UNS_OP276_g543/Y                             -       A->Y    R     INVx1_ASAP7_75t_R             2  1.0    17    14    1591    (-,-) 
  u_cbm/SUB_UNS_OP276_g541__5115/Y                       -       B->Y    F     NOR2xp33_ASAP7_75t_R          2  1.3    42    19    1610    (-,-) 
  u_cbm/SUB_UNS_OP276_g540/Y                             -       A->Y    R     INVx1_ASAP7_75t_R             2  1.0    16    13    1623    (-,-) 
  u_cbm/SUB_UNS_OP276_g538__6131/Y                       -       B->Y    F     NOR2xp33_ASAP7_75t_R          2  1.3    48    19    1642    (-,-) 
  u_cbm/SUB_UNS_OP276_g537/Y                             -       A->Y    R     INVx1_ASAP7_75t_R             2  1.0    17    14    1656    (-,-) 
  u_cbm/SUB_UNS_OP276_g535__8246/Y                       -       B->Y    F     NOR2xp33_ASAP7_75t_R          2  1.3    45    19    1675    (-,-) 
  u_cbm/SUB_UNS_OP276_g534/Y                             -       A->Y    R     INVx1_ASAP7_75t_R             2  1.0    16    14    1688    (-,-) 
  u_cbm/SUB_UNS_OP276_g532__1705/Y                       -       B->Y    F     NOR2xp33_ASAP7_75t_R          2  1.3    48    19    1707    (-,-) 
  u_cbm/SUB_UNS_OP276_g531/Y                             -       A->Y    R     INVx1_ASAP7_75t_R             2  1.0    17    14    1721    (-,-) 
  u_cbm/SUB_UNS_OP276_g529__1617/Y                       -       B->Y    F     NOR2xp33_ASAP7_75t_R          2  1.3    45    19    1740    (-,-) 
  u_cbm/SUB_UNS_OP276_g528/Y                             -       A->Y    R     INVx1_ASAP7_75t_R             2  1.0    16    14    1754    (-,-) 
  u_cbm/SUB_UNS_OP276_g526__6783/Y                       -       B->Y    F     NOR2xp33_ASAP7_75t_R          2  1.3    47    19    1772    (-,-) 
  u_cbm/SUB_UNS_OP276_g525/Y                             -       A->Y    R     INVx1_ASAP7_75t_R             2  0.8    15    13    1785    (-,-) 
  u_cbm/SUB_UNS_OP276_g523__8428/Y                       -       B->Y    F     NOR2xp33_ASAP7_75t_R          2  1.2    42    18    1803    (-,-) 
  u_cbm/SUB_UNS_OP276_g522/Y                             -       A->Y    R     INVx1_ASAP7_75t_R             2  1.0    16    13    1816    (-,-) 
  u_cbm/SUB_UNS_OP276_g520__6260/Y                       -       B->Y    F     NOR2xp33_ASAP7_75t_R          2  1.3    48    19    1835    (-,-) 
  u_cbm/SUB_UNS_OP276_g519/Y                             -       A->Y    R     INVx1_ASAP7_75t_R             2  0.8    16    13    1848    (-,-) 
  u_cbm/SUB_UNS_OP276_g517__2398/Y                       -       B->Y    F     NOR2xp33_ASAP7_75t_R          2  1.2    40    18    1866    (-,-) 
  u_cbm/SUB_UNS_OP276_g516/Y                             -       A->Y    R     INVx1_ASAP7_75t_R             2  1.0    16    13    1879    (-,-) 
  u_cbm/SUB_UNS_OP276_g514__6417/Y                       -       B->Y    F     NOR2xp33_ASAP7_75t_R          2  1.3    48    19    1897    (-,-) 
  u_cbm/SUB_UNS_OP276_g513/Y                             -       A->Y    R     INVx1_ASAP7_75t_R             2  1.0    17    14    1911    (-,-) 
  u_cbm/SUB_UNS_OP276_g511__1666/Y                       -       B->Y    F     NOR2xp33_ASAP7_75t_R          2  1.3    44    19    1930    (-,-) 
  u_cbm/SUB_UNS_OP276_g510/Y                             -       A->Y    R     INVx1_ASAP7_75t_R             2  1.0    16    14    1944    (-,-) 
  u_cbm/SUB_UNS_OP276_g508__2883/Y                       -       B->Y    F     NOR2xp33_ASAP7_75t_R          2  1.3    48    19    1963    (-,-) 
  u_cbm/SUB_UNS_OP276_g506__9945/Y                       -       B->Y    R     AOI21xp5_ASAP7_75t_R          1  0.5    25    17    1979    (-,-) 
  u_cbm/g9416__9315/Y                                    -       B2->Y   R     AO22x1_ASAP7_75t_R            5  3.6    27    29    2008    (-,-) 
  u_cbm/csa_tree_SUB_TC_OP109_groupi_g1946/Y             -       A->Y    F     INVxp67_ASAP7_75t_R           1  1.1    14    12    2020    (-,-) 
  u_cbm/csa_tree_SUB_TC_OP109_groupi_g1915__5107/Y       -       C->Y    R     MAJIxp5_ASAP7_75t_R           2  2.2    40    25    2045    (-,-) 
  u_cbm/g12611/SN                                        -       CI->SN  F     FAx1_ASAP7_75t_R              2  1.6    38    55    2099    (-,-) 
  u_cbm/csa_tree_SUB_TC_OP109_groupi_g1763__5122/Y       -       A->Y    R     MAJIxp5_ASAP7_75t_R           2  3.3    56    39    2138    (-,-) 
  u_cbm/g12608/SN                                        -       B->SN   R     FAx1_ASAP7_75t_R              2  1.0    44    45    2184    (-,-) 
  u_cbm/csa_tree_SUB_TC_OP109_groupi_g1751__6260/Y       -       A->Y    F     NAND2xp33_ASAP7_75t_R         2  1.2    26    20    2204    (-,-) 
  u_cbm/csa_tree_SUB_TC_OP109_groupi_g1749__2398/Y       -       A2->Y   F     AO21x1_ASAP7_75t_R            1  0.5     6    18    2222    (-,-) 
  u_cbm/csa_tree_SUB_TC_OP109_groupi_g1748__5477/Y       -       C->Y    R     OAI221xp5_ASAP7_75t_R         1  0.6    26     9    2230    (-,-) 
  u_cbm/csa_tree_SUB_TC_OP109_groupi_g1747__6417/Y       -       A->Y    F     MAJIxp5_ASAP7_75t_R           1  0.6    17    14    2245    (-,-) 
  u_cbm/csa_tree_SUB_TC_OP109_groupi_g1746__7410/Y       -       B->Y    F     OA21x2_ASAP7_75t_R            2  1.7     9    17    2261    (-,-) 
  u_cbm/g12432__8246/Y                                   -       B->Y    R     NOR2x1_ASAP7_75t_R           64 35.7   248   115    2376    (-,-) 
  u_cbm/g12202__2398/Y                                   -       B1->Y   F     AOI222xp33_ASAP7_75t_R        1  0.6    58    41    2418    (-,-) 
  u_cbm/multiplicand_q_reg[1]/D                          -       -       F     ASYNC_DFFHx1_ASAP7_75t_R      1    -     -     0    2418    (-,-) 
#------------------------------------------------------------------------------------------------------------------------------------------------



Path 30: MET (1997564 ps) Setup Check with Pin u_cbm/multiplicand_q_reg[0]/CLK->D
          Group: core_clock
     Startpoint: (R) u_frontend/u_decode/genblk1.u_fifo/rd_ptr_q_reg[0]/CLK
          Clock: (R) core_clock
       Endpoint: (F) u_cbm/multiplicand_q_reg[0]/D
          Clock: (R) core_clock

                      Capture       Launch     
        Clock Edge:+  2000000            0     
       Src Latency:+        0            0     
       Net Latency:+        0 (I)        0 (I) 
           Arrival:=  2000000            0     
                                               
             Setup:-       18                  
     Required Time:=  1999982                  
      Launch Clock:-        0                  
         Data Path:-     2418                  
             Slack:=  1997564                  

#------------------------------------------------------------------------------------------------------------------------------------------------
#                     Timing Point                       Flags    Arc    Edge           Cell            Fanout Load Trans Delay Arrival Instance 
#                                                                                                              (fF)  (ps)  (ps)   (ps)  Location 
#------------------------------------------------------------------------------------------------------------------------------------------------
  u_frontend/u_decode/genblk1.u_fifo/rd_ptr_q_reg[0]/CLK -       -       R     (arrival)                  5356    -     0     0       0    (-,-) 
  u_frontend/u_decode/genblk1.u_fifo/rd_ptr_q_reg[0]/QN  -       CLK->QN R     ASYNC_DFFHx1_ASAP7_75t_R      1  0.6    13    36      36    (-,-) 
  u_frontend/u_decode/genblk1.u_fifo/g2479/Y             -       A->Y    R     BUFx2_ASAP7_75t_R           102 51.6   156    82     118    (-,-) 
  u_frontend/u_decode/genblk1.u_fifo/g2891/Y             -       A->Y    F     INVx2_ASAP7_75t_R            97 48.2   144   106     224    (-,-) 
  u_frontend/u_decode/genblk1.u_fifo/g2804/Y             -       A2->Y   F     AO22x1_ASAP7_75t_R            3  2.0    17    40     264    (-,-) 
  u_issue/g28658/Y                                       -       B->Y    R     XNOR2xp5_ASAP7_75t_R          1  0.5    18    14     278    (-,-) 
  u_issue/g28644/Y                                       -       D->Y    F     NAND4xp25_ASAP7_75t_R         1  0.6    25    17     296    (-,-) 
  u_issue/g28641/Y                                       -       A->Y    R     NOR5xp2_ASAP7_75t_R           1  0.5    41    23     319    (-,-) 
  u_issue/g28640/Y                                       -       A->Y    F     NAND5xp2_ASAP7_75t_R          2  1.1    46    30     349    (-,-) 
  u_issue/g28639/Y                                       -       A->Y    F     OR5x1_ASAP7_75t_R             3  1.6    19    44     393    (-,-) 
  u_issue/g28638/Y                                       -       A->Y    F     OR2x2_ASAP7_75t_R            20 10.4    33    37     430    (-,-) 
  u_issue/g45300/Y                                       -       A->Y    R     INVx2_ASAP7_75t_R            99 56.3   169    87     517    (-,-) 
  u_issue/g28291/Y                                       -       B2->Y   R     AO22x1_ASAP7_75t_R           22 11.2    71    64     581    (-,-) 
  u_issue/g45298/Y                                       -       A->Y    F     INVx1_ASAP7_75t_R            17  9.2    58    44     624    (-,-) 
  u_issue/g44952/Y                                       -       A->Y    R     NAND2xp5_ASAP7_75t_R          4  2.1    37    32     656    (-,-) 
  u_issue/g44832/Y                                       -       A->Y    F     NOR3xp33_ASAP7_75t_R          2  0.8    28    15     671    (-,-) 
  u_issue/g44639/Y                                       -       A->Y    R     NOR2xp33_ASAP7_75t_R          3  1.7    40    27     698    (-,-) 
  u_issue/g44554/Y                                       -       A->Y    F     NAND3xp33_ASAP7_75t_R         4  2.9    55    36     734    (-,-) 
  u_issue/g44546/Y                                       -       A->Y    R     NOR3xp33_ASAP7_75t_R          3  1.9    55    38     772    (-,-) 
  u_issue/g44542/Y                                       -       A->Y    F     INVx1_ASAP7_75t_R             1  0.6    13    10     782    (-,-) 
  u_issue/g44512/Y                                       -       A->Y    R     NOR4xp25_ASAP7_75t_R         17  8.8   245   118     900    (-,-) 
  u_issue/drc_bufs45344/Y                                -       A->Y    F     INVx1_ASAP7_75t_R             1  0.7    32    15     915    (-,-) 
  u_issue/drc_bufs45343/Y                                -       A->Y    R     INVx1_ASAP7_75t_R            16  8.1    53    34     949    (-,-) 
  u_issue/g44217/Y                                       -       A1->Y   F     AOI222xp33_ASAP7_75t_R        1  0.6    62    20     969    (-,-) 
  u_issue/g44110/Y                                       -       B->Y    R     NAND2xp5_ASAP7_75t_R          1  0.5    20    18     987    (-,-) 
  u_issue/g44019/Y                                       -       C->Y    F     AOI221xp5_ASAP7_75t_R         1  0.6    36    12     999    (-,-) 
  u_issue/g43925/Y                                       -       B->Y    R     NAND2xp5_ASAP7_75t_R         18  9.2   102    58    1057    (-,-) 
  u_cbm/SUB_UNS_OP276_g589__9315/Y                       -       A->Y    F     NOR2xp33_ASAP7_75t_R          2  1.3    48    40    1097    (-,-) 
  u_cbm/SUB_UNS_OP276_g588/Y                             -       A->Y    R     INVx1_ASAP7_75t_R             2  1.0    17    14    1111    (-,-) 
  u_cbm/SUB_UNS_OP276_g586__4733/Y                       -       B->Y    F     NOR2xp33_ASAP7_75t_R          2  1.3    46    19    1130    (-,-) 
  u_cbm/SUB_UNS_OP276_g585/Y                             -       A->Y    R     INVx1_ASAP7_75t_R             2  1.0    17    14    1144    (-,-) 
  u_cbm/SUB_UNS_OP276_g583__5115/Y                       -       B->Y    F     NOR2xp33_ASAP7_75t_R          2  1.3    42    19    1162    (-,-) 
  u_cbm/SUB_UNS_OP276_g582/Y                             -       A->Y    R     INVx1_ASAP7_75t_R             2  0.8    15    12    1175    (-,-) 
  u_cbm/SUB_UNS_OP276_g580__6131/Y                       -       B->Y    F     NOR2xp33_ASAP7_75t_R          2  1.2    45    17    1192    (-,-) 
  u_cbm/SUB_UNS_OP276_g579/Y                             -       A->Y    R     INVx1_ASAP7_75t_R             2  0.8    15    12    1205    (-,-) 
  u_cbm/SUB_UNS_OP276_g577__8246/Y                       -       B->Y    F     NOR2xp33_ASAP7_75t_R          2  1.2    41    18    1222    (-,-) 
  u_cbm/SUB_UNS_OP276_g576/Y                             -       A->Y    R     INVx1_ASAP7_75t_R             2  0.8    14    12    1234    (-,-) 
  u_cbm/SUB_UNS_OP276_g574__1705/Y                       -       B->Y    F     NOR2xp33_ASAP7_75t_R          2  1.2    45    17    1252    (-,-) 
  u_cbm/SUB_UNS_OP276_g573/Y                             -       A->Y    R     INVx1_ASAP7_75t_R             2  1.0    16    14    1265    (-,-) 
  u_cbm/SUB_UNS_OP276_g571__1617/Y                       -       B->Y    F     NOR2xp33_ASAP7_75t_R          2  1.3    42    19    1284    (-,-) 
  u_cbm/SUB_UNS_OP276_g570/Y                             -       A->Y    R     INVx1_ASAP7_75t_R             2  1.0    16    13    1297    (-,-) 
  u_cbm/SUB_UNS_OP276_g568__6783/Y                       -       B->Y    F     NOR2xp33_ASAP7_75t_R          2  1.3    48    19    1316    (-,-) 
  u_cbm/SUB_UNS_OP276_g567/Y                             -       A->Y    R     INVx1_ASAP7_75t_R             2  1.0    17    14    1330    (-,-) 
  u_cbm/SUB_UNS_OP276_g565__8428/Y                       -       B->Y    F     NOR2xp33_ASAP7_75t_R          2  1.3    44    19    1349    (-,-) 
  u_cbm/SUB_UNS_OP276_g564/Y                             -       A->Y    R     INVx1_ASAP7_75t_R             2  1.0    16    14    1363    (-,-) 
  u_cbm/SUB_UNS_OP276_g562__6260/Y                       -       B->Y    F     NOR2xp33_ASAP7_75t_R          2  1.3    47    19    1382    (-,-) 
  u_cbm/SUB_UNS_OP276_g561/Y                             -       A->Y    R     INVx1_ASAP7_75t_R             2  1.0    17    14    1395    (-,-) 
  u_cbm/SUB_UNS_OP276_g559__2398/Y                       -       B->Y    F     NOR2xp33_ASAP7_75t_R          2  1.3    43    19    1414    (-,-) 
  u_cbm/SUB_UNS_OP276_g558/Y                             -       A->Y    R     INVx1_ASAP7_75t_R             2  1.0    16    13    1428    (-,-) 
  u_cbm/SUB_UNS_OP276_g556__6417/Y                       -       B->Y    F     NOR2xp33_ASAP7_75t_R          2  1.3    48    19    1446    (-,-) 
  u_cbm/SUB_UNS_OP276_g555/Y                             -       A->Y    R     INVx1_ASAP7_75t_R             2  1.0    17    14    1460    (-,-) 
  u_cbm/SUB_UNS_OP276_g553__1666/Y                       -       B->Y    F     NOR2xp33_ASAP7_75t_R          2  1.3    42    19    1479    (-,-) 
  u_cbm/SUB_UNS_OP276_g552/Y                             -       A->Y    R     INVx1_ASAP7_75t_R             2  1.0    16    13    1493    (-,-) 
  u_cbm/SUB_UNS_OP276_g550__2883/Y                       -       B->Y    F     NOR2xp33_ASAP7_75t_R          2  1.3    48    19    1511    (-,-) 
  u_cbm/SUB_UNS_OP276_g549/Y                             -       A->Y    R     INVx1_ASAP7_75t_R             2  1.0    17    14    1525    (-,-) 
  u_cbm/SUB_UNS_OP276_g547__9315/Y                       -       B->Y    F     NOR2xp33_ASAP7_75t_R          2  1.3    45    19    1544    (-,-) 
  u_cbm/SUB_UNS_OP276_g546/Y                             -       A->Y    R     INVx1_ASAP7_75t_R             2  1.0    16    14    1558    (-,-) 
  u_cbm/SUB_UNS_OP276_g544__4733/Y                       -       B->Y    F     NOR2xp33_ASAP7_75t_R          2  1.3    48    19    1577    (-,-) 
  u_cbm/SUB_UNS_OP276_g543/Y                             -       A->Y    R     INVx1_ASAP7_75t_R             2  1.0    17    14    1591    (-,-) 
  u_cbm/SUB_UNS_OP276_g541__5115/Y                       -       B->Y    F     NOR2xp33_ASAP7_75t_R          2  1.3    42    19    1610    (-,-) 
  u_cbm/SUB_UNS_OP276_g540/Y                             -       A->Y    R     INVx1_ASAP7_75t_R             2  1.0    16    13    1623    (-,-) 
  u_cbm/SUB_UNS_OP276_g538__6131/Y                       -       B->Y    F     NOR2xp33_ASAP7_75t_R          2  1.3    48    19    1642    (-,-) 
  u_cbm/SUB_UNS_OP276_g537/Y                             -       A->Y    R     INVx1_ASAP7_75t_R             2  1.0    17    14    1656    (-,-) 
  u_cbm/SUB_UNS_OP276_g535__8246/Y                       -       B->Y    F     NOR2xp33_ASAP7_75t_R          2  1.3    45    19    1675    (-,-) 
  u_cbm/SUB_UNS_OP276_g534/Y                             -       A->Y    R     INVx1_ASAP7_75t_R             2  1.0    16    14    1688    (-,-) 
  u_cbm/SUB_UNS_OP276_g532__1705/Y                       -       B->Y    F     NOR2xp33_ASAP7_75t_R          2  1.3    48    19    1707    (-,-) 
  u_cbm/SUB_UNS_OP276_g531/Y                             -       A->Y    R     INVx1_ASAP7_75t_R             2  1.0    17    14    1721    (-,-) 
  u_cbm/SUB_UNS_OP276_g529__1617/Y                       -       B->Y    F     NOR2xp33_ASAP7_75t_R          2  1.3    45    19    1740    (-,-) 
  u_cbm/SUB_UNS_OP276_g528/Y                             -       A->Y    R     INVx1_ASAP7_75t_R             2  1.0    16    14    1754    (-,-) 
  u_cbm/SUB_UNS_OP276_g526__6783/Y                       -       B->Y    F     NOR2xp33_ASAP7_75t_R          2  1.3    47    19    1772    (-,-) 
  u_cbm/SUB_UNS_OP276_g525/Y                             -       A->Y    R     INVx1_ASAP7_75t_R             2  0.8    15    13    1785    (-,-) 
  u_cbm/SUB_UNS_OP276_g523__8428/Y                       -       B->Y    F     NOR2xp33_ASAP7_75t_R          2  1.2    42    18    1803    (-,-) 
  u_cbm/SUB_UNS_OP276_g522/Y                             -       A->Y    R     INVx1_ASAP7_75t_R             2  1.0    16    13    1816    (-,-) 
  u_cbm/SUB_UNS_OP276_g520__6260/Y                       -       B->Y    F     NOR2xp33_ASAP7_75t_R          2  1.3    48    19    1835    (-,-) 
  u_cbm/SUB_UNS_OP276_g519/Y                             -       A->Y    R     INVx1_ASAP7_75t_R             2  0.8    16    13    1848    (-,-) 
  u_cbm/SUB_UNS_OP276_g517__2398/Y                       -       B->Y    F     NOR2xp33_ASAP7_75t_R          2  1.2    40    18    1866    (-,-) 
  u_cbm/SUB_UNS_OP276_g516/Y                             -       A->Y    R     INVx1_ASAP7_75t_R             2  1.0    16    13    1879    (-,-) 
  u_cbm/SUB_UNS_OP276_g514__6417/Y                       -       B->Y    F     NOR2xp33_ASAP7_75t_R          2  1.3    48    19    1897    (-,-) 
  u_cbm/SUB_UNS_OP276_g513/Y                             -       A->Y    R     INVx1_ASAP7_75t_R             2  1.0    17    14    1911    (-,-) 
  u_cbm/SUB_UNS_OP276_g511__1666/Y                       -       B->Y    F     NOR2xp33_ASAP7_75t_R          2  1.3    44    19    1930    (-,-) 
  u_cbm/SUB_UNS_OP276_g510/Y                             -       A->Y    R     INVx1_ASAP7_75t_R             2  1.0    16    14    1944    (-,-) 
  u_cbm/SUB_UNS_OP276_g508__2883/Y                       -       B->Y    F     NOR2xp33_ASAP7_75t_R          2  1.3    48    19    1963    (-,-) 
  u_cbm/SUB_UNS_OP276_g506__9945/Y                       -       B->Y    R     AOI21xp5_ASAP7_75t_R          1  0.5    25    17    1979    (-,-) 
  u_cbm/g9416__9315/Y                                    -       B2->Y   R     AO22x1_ASAP7_75t_R            5  3.6    27    29    2008    (-,-) 
  u_cbm/csa_tree_SUB_TC_OP109_groupi_g1946/Y             -       A->Y    F     INVxp67_ASAP7_75t_R           1  1.1    14    12    2020    (-,-) 
  u_cbm/csa_tree_SUB_TC_OP109_groupi_g1915__5107/Y       -       C->Y    R     MAJIxp5_ASAP7_75t_R           2  2.2    40    25    2045    (-,-) 
  u_cbm/g12611/SN                                        -       CI->SN  F     FAx1_ASAP7_75t_R              2  1.6    38    55    2099    (-,-) 
  u_cbm/csa_tree_SUB_TC_OP109_groupi_g1763__5122/Y       -       A->Y    R     MAJIxp5_ASAP7_75t_R           2  3.3    56    39    2138    (-,-) 
  u_cbm/g12608/SN                                        -       B->SN   R     FAx1_ASAP7_75t_R              2  1.0    44    45    2184    (-,-) 
  u_cbm/csa_tree_SUB_TC_OP109_groupi_g1751__6260/Y       -       A->Y    F     NAND2xp33_ASAP7_75t_R         2  1.2    26    20    2204    (-,-) 
  u_cbm/csa_tree_SUB_TC_OP109_groupi_g1749__2398/Y       -       A2->Y   F     AO21x1_ASAP7_75t_R            1  0.5     6    18    2222    (-,-) 
  u_cbm/csa_tree_SUB_TC_OP109_groupi_g1748__5477/Y       -       C->Y    R     OAI221xp5_ASAP7_75t_R         1  0.6    26     9    2230    (-,-) 
  u_cbm/csa_tree_SUB_TC_OP109_groupi_g1747__6417/Y       -       A->Y    F     MAJIxp5_ASAP7_75t_R           1  0.6    17    14    2245    (-,-) 
  u_cbm/csa_tree_SUB_TC_OP109_groupi_g1746__7410/Y       -       B->Y    F     OA21x2_ASAP7_75t_R            2  1.7     9    17    2261    (-,-) 
  u_cbm/g12432__8246/Y                                   -       B->Y    R     NOR2x1_ASAP7_75t_R           64 35.7   248   115    2376    (-,-) 
  u_cbm/g12201__5477/Y                                   -       B1->Y   F     AOI222xp33_ASAP7_75t_R        1  0.6    58    41    2418    (-,-) 
  u_cbm/multiplicand_q_reg[0]/D                          -       -       F     ASYNC_DFFHx1_ASAP7_75t_R      1    -     -     0    2418    (-,-) 
#------------------------------------------------------------------------------------------------------------------------------------------------



Path 31: MET (1997564 ps) Setup Check with Pin u_cbm/column_mask_q_reg[4]/CLK->D
          Group: core_clock
     Startpoint: (R) u_frontend/u_decode/genblk1.u_fifo/rd_ptr_q_reg[0]/CLK
          Clock: (R) core_clock
       Endpoint: (F) u_cbm/column_mask_q_reg[4]/D
          Clock: (R) core_clock

                      Capture       Launch     
        Clock Edge:+  2000000            0     
       Src Latency:+        0            0     
       Net Latency:+        0 (I)        0 (I) 
           Arrival:=  2000000            0     
                                               
             Setup:-       18                  
     Required Time:=  1999982                  
      Launch Clock:-        0                  
         Data Path:-     2418                  
             Slack:=  1997564                  

#------------------------------------------------------------------------------------------------------------------------------------------------
#                     Timing Point                       Flags    Arc    Edge           Cell            Fanout Load Trans Delay Arrival Instance 
#                                                                                                              (fF)  (ps)  (ps)   (ps)  Location 
#------------------------------------------------------------------------------------------------------------------------------------------------
  u_frontend/u_decode/genblk1.u_fifo/rd_ptr_q_reg[0]/CLK -       -       R     (arrival)                  5356    -     0     0       0    (-,-) 
  u_frontend/u_decode/genblk1.u_fifo/rd_ptr_q_reg[0]/QN  -       CLK->QN R     ASYNC_DFFHx1_ASAP7_75t_R      1  0.6    13    36      36    (-,-) 
  u_frontend/u_decode/genblk1.u_fifo/g2479/Y             -       A->Y    R     BUFx2_ASAP7_75t_R           102 51.6   156    82     118    (-,-) 
  u_frontend/u_decode/genblk1.u_fifo/g2891/Y             -       A->Y    F     INVx2_ASAP7_75t_R            97 48.2   144   106     224    (-,-) 
  u_frontend/u_decode/genblk1.u_fifo/g2804/Y             -       A2->Y   F     AO22x1_ASAP7_75t_R            3  2.0    17    40     264    (-,-) 
  u_issue/g28658/Y                                       -       B->Y    R     XNOR2xp5_ASAP7_75t_R          1  0.5    18    14     278    (-,-) 
  u_issue/g28644/Y                                       -       D->Y    F     NAND4xp25_ASAP7_75t_R         1  0.6    25    17     296    (-,-) 
  u_issue/g28641/Y                                       -       A->Y    R     NOR5xp2_ASAP7_75t_R           1  0.5    41    23     319    (-,-) 
  u_issue/g28640/Y                                       -       A->Y    F     NAND5xp2_ASAP7_75t_R          2  1.1    46    30     349    (-,-) 
  u_issue/g28639/Y                                       -       A->Y    F     OR5x1_ASAP7_75t_R             3  1.6    19    44     393    (-,-) 
  u_issue/g28638/Y                                       -       A->Y    F     OR2x2_ASAP7_75t_R            20 10.4    33    37     430    (-,-) 
  u_issue/g45300/Y                                       -       A->Y    R     INVx2_ASAP7_75t_R            99 56.3   169    87     517    (-,-) 
  u_issue/g28291/Y                                       -       B2->Y   R     AO22x1_ASAP7_75t_R           22 11.2    71    64     581    (-,-) 
  u_issue/g45298/Y                                       -       A->Y    F     INVx1_ASAP7_75t_R            17  9.2    58    44     624    (-,-) 
  u_issue/g44952/Y                                       -       A->Y    R     NAND2xp5_ASAP7_75t_R          4  2.1    37    32     656    (-,-) 
  u_issue/g44832/Y                                       -       A->Y    F     NOR3xp33_ASAP7_75t_R          2  0.8    28    15     671    (-,-) 
  u_issue/g44639/Y                                       -       A->Y    R     NOR2xp33_ASAP7_75t_R          3  1.7    40    27     698    (-,-) 
  u_issue/g44554/Y                                       -       A->Y    F     NAND3xp33_ASAP7_75t_R         4  2.9    55    36     734    (-,-) 
  u_issue/g44546/Y                                       -       A->Y    R     NOR3xp33_ASAP7_75t_R          3  1.9    55    38     772    (-,-) 
  u_issue/g44542/Y                                       -       A->Y    F     INVx1_ASAP7_75t_R             1  0.6    13    10     782    (-,-) 
  u_issue/g44512/Y                                       -       A->Y    R     NOR4xp25_ASAP7_75t_R         17  8.8   245   118     900    (-,-) 
  u_issue/drc_bufs45344/Y                                -       A->Y    F     INVx1_ASAP7_75t_R             1  0.7    32    15     915    (-,-) 
  u_issue/drc_bufs45343/Y                                -       A->Y    R     INVx1_ASAP7_75t_R            16  8.1    53    34     949    (-,-) 
  u_issue/g44217/Y                                       -       A1->Y   F     AOI222xp33_ASAP7_75t_R        1  0.6    62    20     969    (-,-) 
  u_issue/g44110/Y                                       -       B->Y    R     NAND2xp5_ASAP7_75t_R          1  0.5    20    18     987    (-,-) 
  u_issue/g44019/Y                                       -       C->Y    F     AOI221xp5_ASAP7_75t_R         1  0.6    36    12     999    (-,-) 
  u_issue/g43925/Y                                       -       B->Y    R     NAND2xp5_ASAP7_75t_R         18  9.2   102    58    1057    (-,-) 
  u_cbm/SUB_UNS_OP276_g589__9315/Y                       -       A->Y    F     NOR2xp33_ASAP7_75t_R          2  1.3    48    40    1097    (-,-) 
  u_cbm/SUB_UNS_OP276_g588/Y                             -       A->Y    R     INVx1_ASAP7_75t_R             2  1.0    17    14    1111    (-,-) 
  u_cbm/SUB_UNS_OP276_g586__4733/Y                       -       B->Y    F     NOR2xp33_ASAP7_75t_R          2  1.3    46    19    1130    (-,-) 
  u_cbm/SUB_UNS_OP276_g585/Y                             -       A->Y    R     INVx1_ASAP7_75t_R             2  1.0    17    14    1144    (-,-) 
  u_cbm/SUB_UNS_OP276_g583__5115/Y                       -       B->Y    F     NOR2xp33_ASAP7_75t_R          2  1.3    42    19    1162    (-,-) 
  u_cbm/SUB_UNS_OP276_g582/Y                             -       A->Y    R     INVx1_ASAP7_75t_R             2  0.8    15    12    1175    (-,-) 
  u_cbm/SUB_UNS_OP276_g580__6131/Y                       -       B->Y    F     NOR2xp33_ASAP7_75t_R          2  1.2    45    17    1192    (-,-) 
  u_cbm/SUB_UNS_OP276_g579/Y                             -       A->Y    R     INVx1_ASAP7_75t_R             2  0.8    15    12    1205    (-,-) 
  u_cbm/SUB_UNS_OP276_g577__8246/Y                       -       B->Y    F     NOR2xp33_ASAP7_75t_R          2  1.2    41    18    1222    (-,-) 
  u_cbm/SUB_UNS_OP276_g576/Y                             -       A->Y    R     INVx1_ASAP7_75t_R             2  0.8    14    12    1234    (-,-) 
  u_cbm/SUB_UNS_OP276_g574__1705/Y                       -       B->Y    F     NOR2xp33_ASAP7_75t_R          2  1.2    45    17    1252    (-,-) 
  u_cbm/SUB_UNS_OP276_g573/Y                             -       A->Y    R     INVx1_ASAP7_75t_R             2  1.0    16    14    1265    (-,-) 
  u_cbm/SUB_UNS_OP276_g571__1617/Y                       -       B->Y    F     NOR2xp33_ASAP7_75t_R          2  1.3    42    19    1284    (-,-) 
  u_cbm/SUB_UNS_OP276_g570/Y                             -       A->Y    R     INVx1_ASAP7_75t_R             2  1.0    16    13    1297    (-,-) 
  u_cbm/SUB_UNS_OP276_g568__6783/Y                       -       B->Y    F     NOR2xp33_ASAP7_75t_R          2  1.3    48    19    1316    (-,-) 
  u_cbm/SUB_UNS_OP276_g567/Y                             -       A->Y    R     INVx1_ASAP7_75t_R             2  1.0    17    14    1330    (-,-) 
  u_cbm/SUB_UNS_OP276_g565__8428/Y                       -       B->Y    F     NOR2xp33_ASAP7_75t_R          2  1.3    44    19    1349    (-,-) 
  u_cbm/SUB_UNS_OP276_g564/Y                             -       A->Y    R     INVx1_ASAP7_75t_R             2  1.0    16    14    1363    (-,-) 
  u_cbm/SUB_UNS_OP276_g562__6260/Y                       -       B->Y    F     NOR2xp33_ASAP7_75t_R          2  1.3    47    19    1382    (-,-) 
  u_cbm/SUB_UNS_OP276_g561/Y                             -       A->Y    R     INVx1_ASAP7_75t_R             2  1.0    17    14    1395    (-,-) 
  u_cbm/SUB_UNS_OP276_g559__2398/Y                       -       B->Y    F     NOR2xp33_ASAP7_75t_R          2  1.3    43    19    1414    (-,-) 
  u_cbm/SUB_UNS_OP276_g558/Y                             -       A->Y    R     INVx1_ASAP7_75t_R             2  1.0    16    13    1428    (-,-) 
  u_cbm/SUB_UNS_OP276_g556__6417/Y                       -       B->Y    F     NOR2xp33_ASAP7_75t_R          2  1.3    48    19    1446    (-,-) 
  u_cbm/SUB_UNS_OP276_g555/Y                             -       A->Y    R     INVx1_ASAP7_75t_R             2  1.0    17    14    1460    (-,-) 
  u_cbm/SUB_UNS_OP276_g553__1666/Y                       -       B->Y    F     NOR2xp33_ASAP7_75t_R          2  1.3    42    19    1479    (-,-) 
  u_cbm/SUB_UNS_OP276_g552/Y                             -       A->Y    R     INVx1_ASAP7_75t_R             2  1.0    16    13    1493    (-,-) 
  u_cbm/SUB_UNS_OP276_g550__2883/Y                       -       B->Y    F     NOR2xp33_ASAP7_75t_R          2  1.3    48    19    1511    (-,-) 
  u_cbm/SUB_UNS_OP276_g549/Y                             -       A->Y    R     INVx1_ASAP7_75t_R             2  1.0    17    14    1525    (-,-) 
  u_cbm/SUB_UNS_OP276_g547__9315/Y                       -       B->Y    F     NOR2xp33_ASAP7_75t_R          2  1.3    45    19    1544    (-,-) 
  u_cbm/SUB_UNS_OP276_g546/Y                             -       A->Y    R     INVx1_ASAP7_75t_R             2  1.0    16    14    1558    (-,-) 
  u_cbm/SUB_UNS_OP276_g544__4733/Y                       -       B->Y    F     NOR2xp33_ASAP7_75t_R          2  1.3    48    19    1577    (-,-) 
  u_cbm/SUB_UNS_OP276_g543/Y                             -       A->Y    R     INVx1_ASAP7_75t_R             2  1.0    17    14    1591    (-,-) 
  u_cbm/SUB_UNS_OP276_g541__5115/Y                       -       B->Y    F     NOR2xp33_ASAP7_75t_R          2  1.3    42    19    1610    (-,-) 
  u_cbm/SUB_UNS_OP276_g540/Y                             -       A->Y    R     INVx1_ASAP7_75t_R             2  1.0    16    13    1623    (-,-) 
  u_cbm/SUB_UNS_OP276_g538__6131/Y                       -       B->Y    F     NOR2xp33_ASAP7_75t_R          2  1.3    48    19    1642    (-,-) 
  u_cbm/SUB_UNS_OP276_g537/Y                             -       A->Y    R     INVx1_ASAP7_75t_R             2  1.0    17    14    1656    (-,-) 
  u_cbm/SUB_UNS_OP276_g535__8246/Y                       -       B->Y    F     NOR2xp33_ASAP7_75t_R          2  1.3    45    19    1675    (-,-) 
  u_cbm/SUB_UNS_OP276_g534/Y                             -       A->Y    R     INVx1_ASAP7_75t_R             2  1.0    16    14    1688    (-,-) 
  u_cbm/SUB_UNS_OP276_g532__1705/Y                       -       B->Y    F     NOR2xp33_ASAP7_75t_R          2  1.3    48    19    1707    (-,-) 
  u_cbm/SUB_UNS_OP276_g531/Y                             -       A->Y    R     INVx1_ASAP7_75t_R             2  1.0    17    14    1721    (-,-) 
  u_cbm/SUB_UNS_OP276_g529__1617/Y                       -       B->Y    F     NOR2xp33_ASAP7_75t_R          2  1.3    45    19    1740    (-,-) 
  u_cbm/SUB_UNS_OP276_g528/Y                             -       A->Y    R     INVx1_ASAP7_75t_R             2  1.0    16    14    1754    (-,-) 
  u_cbm/SUB_UNS_OP276_g526__6783/Y                       -       B->Y    F     NOR2xp33_ASAP7_75t_R          2  1.3    47    19    1772    (-,-) 
  u_cbm/SUB_UNS_OP276_g525/Y                             -       A->Y    R     INVx1_ASAP7_75t_R             2  0.8    15    13    1785    (-,-) 
  u_cbm/SUB_UNS_OP276_g523__8428/Y                       -       B->Y    F     NOR2xp33_ASAP7_75t_R          2  1.2    42    18    1803    (-,-) 
  u_cbm/SUB_UNS_OP276_g522/Y                             -       A->Y    R     INVx1_ASAP7_75t_R             2  1.0    16    13    1816    (-,-) 
  u_cbm/SUB_UNS_OP276_g520__6260/Y                       -       B->Y    F     NOR2xp33_ASAP7_75t_R          2  1.3    48    19    1835    (-,-) 
  u_cbm/SUB_UNS_OP276_g519/Y                             -       A->Y    R     INVx1_ASAP7_75t_R             2  0.8    16    13    1848    (-,-) 
  u_cbm/SUB_UNS_OP276_g517__2398/Y                       -       B->Y    F     NOR2xp33_ASAP7_75t_R          2  1.2    40    18    1866    (-,-) 
  u_cbm/SUB_UNS_OP276_g516/Y                             -       A->Y    R     INVx1_ASAP7_75t_R             2  1.0    16    13    1879    (-,-) 
  u_cbm/SUB_UNS_OP276_g514__6417/Y                       -       B->Y    F     NOR2xp33_ASAP7_75t_R          2  1.3    48    19    1897    (-,-) 
  u_cbm/SUB_UNS_OP276_g513/Y                             -       A->Y    R     INVx1_ASAP7_75t_R             2  1.0    17    14    1911    (-,-) 
  u_cbm/SUB_UNS_OP276_g511__1666/Y                       -       B->Y    F     NOR2xp33_ASAP7_75t_R          2  1.3    44    19    1930    (-,-) 
  u_cbm/SUB_UNS_OP276_g510/Y                             -       A->Y    R     INVx1_ASAP7_75t_R             2  1.0    16    14    1944    (-,-) 
  u_cbm/SUB_UNS_OP276_g508__2883/Y                       -       B->Y    F     NOR2xp33_ASAP7_75t_R          2  1.3    48    19    1963    (-,-) 
  u_cbm/SUB_UNS_OP276_g506__9945/Y                       -       B->Y    R     AOI21xp5_ASAP7_75t_R          1  0.5    25    17    1979    (-,-) 
  u_cbm/g9416__9315/Y                                    -       B2->Y   R     AO22x1_ASAP7_75t_R            5  3.6    27    29    2008    (-,-) 
  u_cbm/csa_tree_SUB_TC_OP109_groupi_g1946/Y             -       A->Y    F     INVxp67_ASAP7_75t_R           1  1.1    14    12    2020    (-,-) 
  u_cbm/csa_tree_SUB_TC_OP109_groupi_g1915__5107/Y       -       C->Y    R     MAJIxp5_ASAP7_75t_R           2  2.2    40    25    2045    (-,-) 
  u_cbm/g12611/SN                                        -       CI->SN  F     FAx1_ASAP7_75t_R              2  1.6    38    55    2099    (-,-) 
  u_cbm/csa_tree_SUB_TC_OP109_groupi_g1763__5122/Y       -       A->Y    R     MAJIxp5_ASAP7_75t_R           2  3.3    56    39    2138    (-,-) 
  u_cbm/g12608/SN                                        -       B->SN   R     FAx1_ASAP7_75t_R              2  1.0    44    45    2184    (-,-) 
  u_cbm/csa_tree_SUB_TC_OP109_groupi_g1751__6260/Y       -       A->Y    F     NAND2xp33_ASAP7_75t_R         2  1.2    26    20    2204    (-,-) 
  u_cbm/csa_tree_SUB_TC_OP109_groupi_g1749__2398/Y       -       A2->Y   F     AO21x1_ASAP7_75t_R            1  0.5     6    18    2222    (-,-) 
  u_cbm/csa_tree_SUB_TC_OP109_groupi_g1748__5477/Y       -       C->Y    R     OAI221xp5_ASAP7_75t_R         1  0.6    26     9    2230    (-,-) 
  u_cbm/csa_tree_SUB_TC_OP109_groupi_g1747__6417/Y       -       A->Y    F     MAJIxp5_ASAP7_75t_R           1  0.6    17    14    2245    (-,-) 
  u_cbm/csa_tree_SUB_TC_OP109_groupi_g1746__7410/Y       -       B->Y    F     OA21x2_ASAP7_75t_R            2  1.7     9    17    2261    (-,-) 
  u_cbm/g12432__8246/Y                                   -       B->Y    R     NOR2x1_ASAP7_75t_R           64 35.7   248   115    2376    (-,-) 
  u_cbm/g12269__1617/Y                                   -       B1->Y   F     AOI222xp33_ASAP7_75t_R        1  0.6    58    41    2418    (-,-) 
  u_cbm/column_mask_q_reg[4]/D                           -       -       F     ASYNC_DFFHx1_ASAP7_75t_R      1    -     -     0    2418    (-,-) 
#------------------------------------------------------------------------------------------------------------------------------------------------



Path 32: MET (1997564 ps) Setup Check with Pin u_cbm/column_mask_q_reg[0]/CLK->D
          Group: core_clock
     Startpoint: (R) u_frontend/u_decode/genblk1.u_fifo/rd_ptr_q_reg[0]/CLK
          Clock: (R) core_clock
       Endpoint: (F) u_cbm/column_mask_q_reg[0]/D
          Clock: (R) core_clock

                      Capture       Launch     
        Clock Edge:+  2000000            0     
       Src Latency:+        0            0     
       Net Latency:+        0 (I)        0 (I) 
           Arrival:=  2000000            0     
                                               
             Setup:-       18                  
     Required Time:=  1999982                  
      Launch Clock:-        0                  
         Data Path:-     2418                  
             Slack:=  1997564                  

#------------------------------------------------------------------------------------------------------------------------------------------------
#                     Timing Point                       Flags    Arc    Edge           Cell            Fanout Load Trans Delay Arrival Instance 
#                                                                                                              (fF)  (ps)  (ps)   (ps)  Location 
#------------------------------------------------------------------------------------------------------------------------------------------------
  u_frontend/u_decode/genblk1.u_fifo/rd_ptr_q_reg[0]/CLK -       -       R     (arrival)                  5356    -     0     0       0    (-,-) 
  u_frontend/u_decode/genblk1.u_fifo/rd_ptr_q_reg[0]/QN  -       CLK->QN R     ASYNC_DFFHx1_ASAP7_75t_R      1  0.6    13    36      36    (-,-) 
  u_frontend/u_decode/genblk1.u_fifo/g2479/Y             -       A->Y    R     BUFx2_ASAP7_75t_R           102 51.6   156    82     118    (-,-) 
  u_frontend/u_decode/genblk1.u_fifo/g2891/Y             -       A->Y    F     INVx2_ASAP7_75t_R            97 48.2   144   106     224    (-,-) 
  u_frontend/u_decode/genblk1.u_fifo/g2804/Y             -       A2->Y   F     AO22x1_ASAP7_75t_R            3  2.0    17    40     264    (-,-) 
  u_issue/g28658/Y                                       -       B->Y    R     XNOR2xp5_ASAP7_75t_R          1  0.5    18    14     278    (-,-) 
  u_issue/g28644/Y                                       -       D->Y    F     NAND4xp25_ASAP7_75t_R         1  0.6    25    17     296    (-,-) 
  u_issue/g28641/Y                                       -       A->Y    R     NOR5xp2_ASAP7_75t_R           1  0.5    41    23     319    (-,-) 
  u_issue/g28640/Y                                       -       A->Y    F     NAND5xp2_ASAP7_75t_R          2  1.1    46    30     349    (-,-) 
  u_issue/g28639/Y                                       -       A->Y    F     OR5x1_ASAP7_75t_R             3  1.6    19    44     393    (-,-) 
  u_issue/g28638/Y                                       -       A->Y    F     OR2x2_ASAP7_75t_R            20 10.4    33    37     430    (-,-) 
  u_issue/g45300/Y                                       -       A->Y    R     INVx2_ASAP7_75t_R            99 56.3   169    87     517    (-,-) 
  u_issue/g28291/Y                                       -       B2->Y   R     AO22x1_ASAP7_75t_R           22 11.2    71    64     581    (-,-) 
  u_issue/g45298/Y                                       -       A->Y    F     INVx1_ASAP7_75t_R            17  9.2    58    44     624    (-,-) 
  u_issue/g44952/Y                                       -       A->Y    R     NAND2xp5_ASAP7_75t_R          4  2.1    37    32     656    (-,-) 
  u_issue/g44832/Y                                       -       A->Y    F     NOR3xp33_ASAP7_75t_R          2  0.8    28    15     671    (-,-) 
  u_issue/g44639/Y                                       -       A->Y    R     NOR2xp33_ASAP7_75t_R          3  1.7    40    27     698    (-,-) 
  u_issue/g44554/Y                                       -       A->Y    F     NAND3xp33_ASAP7_75t_R         4  2.9    55    36     734    (-,-) 
  u_issue/g44546/Y                                       -       A->Y    R     NOR3xp33_ASAP7_75t_R          3  1.9    55    38     772    (-,-) 
  u_issue/g44542/Y                                       -       A->Y    F     INVx1_ASAP7_75t_R             1  0.6    13    10     782    (-,-) 
  u_issue/g44512/Y                                       -       A->Y    R     NOR4xp25_ASAP7_75t_R         17  8.8   245   118     900    (-,-) 
  u_issue/drc_bufs45344/Y                                -       A->Y    F     INVx1_ASAP7_75t_R             1  0.7    32    15     915    (-,-) 
  u_issue/drc_bufs45343/Y                                -       A->Y    R     INVx1_ASAP7_75t_R            16  8.1    53    34     949    (-,-) 
  u_issue/g44217/Y                                       -       A1->Y   F     AOI222xp33_ASAP7_75t_R        1  0.6    62    20     969    (-,-) 
  u_issue/g44110/Y                                       -       B->Y    R     NAND2xp5_ASAP7_75t_R          1  0.5    20    18     987    (-,-) 
  u_issue/g44019/Y                                       -       C->Y    F     AOI221xp5_ASAP7_75t_R         1  0.6    36    12     999    (-,-) 
  u_issue/g43925/Y                                       -       B->Y    R     NAND2xp5_ASAP7_75t_R         18  9.2   102    58    1057    (-,-) 
  u_cbm/SUB_UNS_OP276_g589__9315/Y                       -       A->Y    F     NOR2xp33_ASAP7_75t_R          2  1.3    48    40    1097    (-,-) 
  u_cbm/SUB_UNS_OP276_g588/Y                             -       A->Y    R     INVx1_ASAP7_75t_R             2  1.0    17    14    1111    (-,-) 
  u_cbm/SUB_UNS_OP276_g586__4733/Y                       -       B->Y    F     NOR2xp33_ASAP7_75t_R          2  1.3    46    19    1130    (-,-) 
  u_cbm/SUB_UNS_OP276_g585/Y                             -       A->Y    R     INVx1_ASAP7_75t_R             2  1.0    17    14    1144    (-,-) 
  u_cbm/SUB_UNS_OP276_g583__5115/Y                       -       B->Y    F     NOR2xp33_ASAP7_75t_R          2  1.3    42    19    1162    (-,-) 
  u_cbm/SUB_UNS_OP276_g582/Y                             -       A->Y    R     INVx1_ASAP7_75t_R             2  0.8    15    12    1175    (-,-) 
  u_cbm/SUB_UNS_OP276_g580__6131/Y                       -       B->Y    F     NOR2xp33_ASAP7_75t_R          2  1.2    45    17    1192    (-,-) 
  u_cbm/SUB_UNS_OP276_g579/Y                             -       A->Y    R     INVx1_ASAP7_75t_R             2  0.8    15    12    1205    (-,-) 
  u_cbm/SUB_UNS_OP276_g577__8246/Y                       -       B->Y    F     NOR2xp33_ASAP7_75t_R          2  1.2    41    18    1222    (-,-) 
  u_cbm/SUB_UNS_OP276_g576/Y                             -       A->Y    R     INVx1_ASAP7_75t_R             2  0.8    14    12    1234    (-,-) 
  u_cbm/SUB_UNS_OP276_g574__1705/Y                       -       B->Y    F     NOR2xp33_ASAP7_75t_R          2  1.2    45    17    1252    (-,-) 
  u_cbm/SUB_UNS_OP276_g573/Y                             -       A->Y    R     INVx1_ASAP7_75t_R             2  1.0    16    14    1265    (-,-) 
  u_cbm/SUB_UNS_OP276_g571__1617/Y                       -       B->Y    F     NOR2xp33_ASAP7_75t_R          2  1.3    42    19    1284    (-,-) 
  u_cbm/SUB_UNS_OP276_g570/Y                             -       A->Y    R     INVx1_ASAP7_75t_R             2  1.0    16    13    1297    (-,-) 
  u_cbm/SUB_UNS_OP276_g568__6783/Y                       -       B->Y    F     NOR2xp33_ASAP7_75t_R          2  1.3    48    19    1316    (-,-) 
  u_cbm/SUB_UNS_OP276_g567/Y                             -       A->Y    R     INVx1_ASAP7_75t_R             2  1.0    17    14    1330    (-,-) 
  u_cbm/SUB_UNS_OP276_g565__8428/Y                       -       B->Y    F     NOR2xp33_ASAP7_75t_R          2  1.3    44    19    1349    (-,-) 
  u_cbm/SUB_UNS_OP276_g564/Y                             -       A->Y    R     INVx1_ASAP7_75t_R             2  1.0    16    14    1363    (-,-) 
  u_cbm/SUB_UNS_OP276_g562__6260/Y                       -       B->Y    F     NOR2xp33_ASAP7_75t_R          2  1.3    47    19    1382    (-,-) 
  u_cbm/SUB_UNS_OP276_g561/Y                             -       A->Y    R     INVx1_ASAP7_75t_R             2  1.0    17    14    1395    (-,-) 
  u_cbm/SUB_UNS_OP276_g559__2398/Y                       -       B->Y    F     NOR2xp33_ASAP7_75t_R          2  1.3    43    19    1414    (-,-) 
  u_cbm/SUB_UNS_OP276_g558/Y                             -       A->Y    R     INVx1_ASAP7_75t_R             2  1.0    16    13    1428    (-,-) 
  u_cbm/SUB_UNS_OP276_g556__6417/Y                       -       B->Y    F     NOR2xp33_ASAP7_75t_R          2  1.3    48    19    1446    (-,-) 
  u_cbm/SUB_UNS_OP276_g555/Y                             -       A->Y    R     INVx1_ASAP7_75t_R             2  1.0    17    14    1460    (-,-) 
  u_cbm/SUB_UNS_OP276_g553__1666/Y                       -       B->Y    F     NOR2xp33_ASAP7_75t_R          2  1.3    42    19    1479    (-,-) 
  u_cbm/SUB_UNS_OP276_g552/Y                             -       A->Y    R     INVx1_ASAP7_75t_R             2  1.0    16    13    1493    (-,-) 
  u_cbm/SUB_UNS_OP276_g550__2883/Y                       -       B->Y    F     NOR2xp33_ASAP7_75t_R          2  1.3    48    19    1511    (-,-) 
  u_cbm/SUB_UNS_OP276_g549/Y                             -       A->Y    R     INVx1_ASAP7_75t_R             2  1.0    17    14    1525    (-,-) 
  u_cbm/SUB_UNS_OP276_g547__9315/Y                       -       B->Y    F     NOR2xp33_ASAP7_75t_R          2  1.3    45    19    1544    (-,-) 
  u_cbm/SUB_UNS_OP276_g546/Y                             -       A->Y    R     INVx1_ASAP7_75t_R             2  1.0    16    14    1558    (-,-) 
  u_cbm/SUB_UNS_OP276_g544__4733/Y                       -       B->Y    F     NOR2xp33_ASAP7_75t_R          2  1.3    48    19    1577    (-,-) 
  u_cbm/SUB_UNS_OP276_g543/Y                             -       A->Y    R     INVx1_ASAP7_75t_R             2  1.0    17    14    1591    (-,-) 
  u_cbm/SUB_UNS_OP276_g541__5115/Y                       -       B->Y    F     NOR2xp33_ASAP7_75t_R          2  1.3    42    19    1610    (-,-) 
  u_cbm/SUB_UNS_OP276_g540/Y                             -       A->Y    R     INVx1_ASAP7_75t_R             2  1.0    16    13    1623    (-,-) 
  u_cbm/SUB_UNS_OP276_g538__6131/Y                       -       B->Y    F     NOR2xp33_ASAP7_75t_R          2  1.3    48    19    1642    (-,-) 
  u_cbm/SUB_UNS_OP276_g537/Y                             -       A->Y    R     INVx1_ASAP7_75t_R             2  1.0    17    14    1656    (-,-) 
  u_cbm/SUB_UNS_OP276_g535__8246/Y                       -       B->Y    F     NOR2xp33_ASAP7_75t_R          2  1.3    45    19    1675    (-,-) 
  u_cbm/SUB_UNS_OP276_g534/Y                             -       A->Y    R     INVx1_ASAP7_75t_R             2  1.0    16    14    1688    (-,-) 
  u_cbm/SUB_UNS_OP276_g532__1705/Y                       -       B->Y    F     NOR2xp33_ASAP7_75t_R          2  1.3    48    19    1707    (-,-) 
  u_cbm/SUB_UNS_OP276_g531/Y                             -       A->Y    R     INVx1_ASAP7_75t_R             2  1.0    17    14    1721    (-,-) 
  u_cbm/SUB_UNS_OP276_g529__1617/Y                       -       B->Y    F     NOR2xp33_ASAP7_75t_R          2  1.3    45    19    1740    (-,-) 
  u_cbm/SUB_UNS_OP276_g528/Y                             -       A->Y    R     INVx1_ASAP7_75t_R             2  1.0    16    14    1754    (-,-) 
  u_cbm/SUB_UNS_OP276_g526__6783/Y                       -       B->Y    F     NOR2xp33_ASAP7_75t_R          2  1.3    47    19    1772    (-,-) 
  u_cbm/SUB_UNS_OP276_g525/Y                             -       A->Y    R     INVx1_ASAP7_75t_R             2  0.8    15    13    1785    (-,-) 
  u_cbm/SUB_UNS_OP276_g523__8428/Y                       -       B->Y    F     NOR2xp33_ASAP7_75t_R          2  1.2    42    18    1803    (-,-) 
  u_cbm/SUB_UNS_OP276_g522/Y                             -       A->Y    R     INVx1_ASAP7_75t_R             2  1.0    16    13    1816    (-,-) 
  u_cbm/SUB_UNS_OP276_g520__6260/Y                       -       B->Y    F     NOR2xp33_ASAP7_75t_R          2  1.3    48    19    1835    (-,-) 
  u_cbm/SUB_UNS_OP276_g519/Y                             -       A->Y    R     INVx1_ASAP7_75t_R             2  0.8    16    13    1848    (-,-) 
  u_cbm/SUB_UNS_OP276_g517__2398/Y                       -       B->Y    F     NOR2xp33_ASAP7_75t_R          2  1.2    40    18    1866    (-,-) 
  u_cbm/SUB_UNS_OP276_g516/Y                             -       A->Y    R     INVx1_ASAP7_75t_R             2  1.0    16    13    1879    (-,-) 
  u_cbm/SUB_UNS_OP276_g514__6417/Y                       -       B->Y    F     NOR2xp33_ASAP7_75t_R          2  1.3    48    19    1897    (-,-) 
  u_cbm/SUB_UNS_OP276_g513/Y                             -       A->Y    R     INVx1_ASAP7_75t_R             2  1.0    17    14    1911    (-,-) 
  u_cbm/SUB_UNS_OP276_g511__1666/Y                       -       B->Y    F     NOR2xp33_ASAP7_75t_R          2  1.3    44    19    1930    (-,-) 
  u_cbm/SUB_UNS_OP276_g510/Y                             -       A->Y    R     INVx1_ASAP7_75t_R             2  1.0    16    14    1944    (-,-) 
  u_cbm/SUB_UNS_OP276_g508__2883/Y                       -       B->Y    F     NOR2xp33_ASAP7_75t_R          2  1.3    48    19    1963    (-,-) 
  u_cbm/SUB_UNS_OP276_g506__9945/Y                       -       B->Y    R     AOI21xp5_ASAP7_75t_R          1  0.5    25    17    1979    (-,-) 
  u_cbm/g9416__9315/Y                                    -       B2->Y   R     AO22x1_ASAP7_75t_R            5  3.6    27    29    2008    (-,-) 
  u_cbm/csa_tree_SUB_TC_OP109_groupi_g1946/Y             -       A->Y    F     INVxp67_ASAP7_75t_R           1  1.1    14    12    2020    (-,-) 
  u_cbm/csa_tree_SUB_TC_OP109_groupi_g1915__5107/Y       -       C->Y    R     MAJIxp5_ASAP7_75t_R           2  2.2    40    25    2045    (-,-) 
  u_cbm/g12611/SN                                        -       CI->SN  F     FAx1_ASAP7_75t_R              2  1.6    38    55    2099    (-,-) 
  u_cbm/csa_tree_SUB_TC_OP109_groupi_g1763__5122/Y       -       A->Y    R     MAJIxp5_ASAP7_75t_R           2  3.3    56    39    2138    (-,-) 
  u_cbm/g12608/SN                                        -       B->SN   R     FAx1_ASAP7_75t_R              2  1.0    44    45    2184    (-,-) 
  u_cbm/csa_tree_SUB_TC_OP109_groupi_g1751__6260/Y       -       A->Y    F     NAND2xp33_ASAP7_75t_R         2  1.2    26    20    2204    (-,-) 
  u_cbm/csa_tree_SUB_TC_OP109_groupi_g1749__2398/Y       -       A2->Y   F     AO21x1_ASAP7_75t_R            1  0.5     6    18    2222    (-,-) 
  u_cbm/csa_tree_SUB_TC_OP109_groupi_g1748__5477/Y       -       C->Y    R     OAI221xp5_ASAP7_75t_R         1  0.6    26     9    2230    (-,-) 
  u_cbm/csa_tree_SUB_TC_OP109_groupi_g1747__6417/Y       -       A->Y    F     MAJIxp5_ASAP7_75t_R           1  0.6    17    14    2245    (-,-) 
  u_cbm/csa_tree_SUB_TC_OP109_groupi_g1746__7410/Y       -       B->Y    F     OA21x2_ASAP7_75t_R            2  1.7     9    17    2261    (-,-) 
  u_cbm/g12432__8246/Y                                   -       B->Y    R     NOR2x1_ASAP7_75t_R           64 35.7   248   115    2376    (-,-) 
  u_cbm/g12268__3680/Y                                   -       B1->Y   F     AOI222xp33_ASAP7_75t_R        1  0.6    58    41    2418    (-,-) 
  u_cbm/column_mask_q_reg[0]/D                           -       -       F     ASYNC_DFFHx1_ASAP7_75t_R      1    -     -     0    2418    (-,-) 
#------------------------------------------------------------------------------------------------------------------------------------------------



Path 33: MET (1997567 ps) Setup Check with Pin u_cbm/multiplicand_q_reg[28]/CLK->D
          Group: core_clock
     Startpoint: (R) u_frontend/u_decode/genblk1.u_fifo/rd_ptr_q_reg[0]/CLK
          Clock: (R) core_clock
       Endpoint: (R) u_cbm/multiplicand_q_reg[28]/D
          Clock: (R) core_clock

                      Capture       Launch     
        Clock Edge:+  2000000            0     
       Src Latency:+        0            0     
       Net Latency:+        0 (I)        0 (I) 
           Arrival:=  2000000            0     
                                               
             Setup:-       13                  
     Required Time:=  1999987                  
      Launch Clock:-        0                  
         Data Path:-     2420                  
             Slack:=  1997567                  

#------------------------------------------------------------------------------------------------------------------------------------------------
#                     Timing Point                       Flags    Arc    Edge           Cell            Fanout Load Trans Delay Arrival Instance 
#                                                                                                              (fF)  (ps)  (ps)   (ps)  Location 
#------------------------------------------------------------------------------------------------------------------------------------------------
  u_frontend/u_decode/genblk1.u_fifo/rd_ptr_q_reg[0]/CLK -       -       R     (arrival)                  5356    -     0     0       0    (-,-) 
  u_frontend/u_decode/genblk1.u_fifo/rd_ptr_q_reg[0]/QN  -       CLK->QN R     ASYNC_DFFHx1_ASAP7_75t_R      1  0.6    13    36      36    (-,-) 
  u_frontend/u_decode/genblk1.u_fifo/g2479/Y             -       A->Y    R     BUFx2_ASAP7_75t_R           102 51.6   156    82     118    (-,-) 
  u_frontend/u_decode/genblk1.u_fifo/g2891/Y             -       A->Y    F     INVx2_ASAP7_75t_R            97 48.2   144   106     224    (-,-) 
  u_frontend/u_decode/genblk1.u_fifo/g2804/Y             -       A2->Y   F     AO22x1_ASAP7_75t_R            3  2.0    17    40     264    (-,-) 
  u_issue/g28658/Y                                       -       B->Y    R     XNOR2xp5_ASAP7_75t_R          1  0.5    18    14     278    (-,-) 
  u_issue/g28644/Y                                       -       D->Y    F     NAND4xp25_ASAP7_75t_R         1  0.6    25    17     296    (-,-) 
  u_issue/g28641/Y                                       -       A->Y    R     NOR5xp2_ASAP7_75t_R           1  0.5    41    23     319    (-,-) 
  u_issue/g28640/Y                                       -       A->Y    F     NAND5xp2_ASAP7_75t_R          2  1.1    46    30     349    (-,-) 
  u_issue/g28639/Y                                       -       A->Y    F     OR5x1_ASAP7_75t_R             3  1.6    19    44     393    (-,-) 
  u_issue/g28638/Y                                       -       A->Y    F     OR2x2_ASAP7_75t_R            20 10.4    33    37     430    (-,-) 
  u_issue/g45300/Y                                       -       A->Y    R     INVx2_ASAP7_75t_R            99 56.3   169    87     517    (-,-) 
  u_issue/g28291/Y                                       -       B2->Y   R     AO22x1_ASAP7_75t_R           22 11.2    71    64     581    (-,-) 
  u_issue/g45298/Y                                       -       A->Y    F     INVx1_ASAP7_75t_R            17  9.2    58    44     624    (-,-) 
  u_issue/g44952/Y                                       -       A->Y    R     NAND2xp5_ASAP7_75t_R          4  2.1    37    32     656    (-,-) 
  u_issue/g44832/Y                                       -       A->Y    F     NOR3xp33_ASAP7_75t_R          2  0.8    28    15     671    (-,-) 
  u_issue/g44639/Y                                       -       A->Y    R     NOR2xp33_ASAP7_75t_R          3  1.7    40    27     698    (-,-) 
  u_issue/g44554/Y                                       -       A->Y    F     NAND3xp33_ASAP7_75t_R         4  2.9    55    36     734    (-,-) 
  u_issue/g44546/Y                                       -       A->Y    R     NOR3xp33_ASAP7_75t_R          3  1.9    55    38     772    (-,-) 
  u_issue/g44542/Y                                       -       A->Y    F     INVx1_ASAP7_75t_R             1  0.6    13    10     782    (-,-) 
  u_issue/g44512/Y                                       -       A->Y    R     NOR4xp25_ASAP7_75t_R         17  8.8   245   118     900    (-,-) 
  u_issue/drc_bufs45344/Y                                -       A->Y    F     INVx1_ASAP7_75t_R             1  0.7    32    15     915    (-,-) 
  u_issue/drc_bufs45343/Y                                -       A->Y    R     INVx1_ASAP7_75t_R            16  8.1    53    34     949    (-,-) 
  u_issue/g44217/Y                                       -       A1->Y   F     AOI222xp33_ASAP7_75t_R        1  0.6    62    20     969    (-,-) 
  u_issue/g44110/Y                                       -       B->Y    R     NAND2xp5_ASAP7_75t_R          1  0.5    20    18     987    (-,-) 
  u_issue/g44019/Y                                       -       C->Y    F     AOI221xp5_ASAP7_75t_R         1  0.6    36    12     999    (-,-) 
  u_issue/g43925/Y                                       -       B->Y    R     NAND2xp5_ASAP7_75t_R         18  9.2   102    58    1057    (-,-) 
  u_cbm/SUB_UNS_OP276_g589__9315/Y                       -       A->Y    F     NOR2xp33_ASAP7_75t_R          2  1.3    48    40    1097    (-,-) 
  u_cbm/SUB_UNS_OP276_g588/Y                             -       A->Y    R     INVx1_ASAP7_75t_R             2  1.0    17    14    1111    (-,-) 
  u_cbm/SUB_UNS_OP276_g586__4733/Y                       -       B->Y    F     NOR2xp33_ASAP7_75t_R          2  1.3    46    19    1130    (-,-) 
  u_cbm/SUB_UNS_OP276_g585/Y                             -       A->Y    R     INVx1_ASAP7_75t_R             2  1.0    17    14    1144    (-,-) 
  u_cbm/SUB_UNS_OP276_g583__5115/Y                       -       B->Y    F     NOR2xp33_ASAP7_75t_R          2  1.3    42    19    1162    (-,-) 
  u_cbm/SUB_UNS_OP276_g582/Y                             -       A->Y    R     INVx1_ASAP7_75t_R             2  0.8    15    12    1175    (-,-) 
  u_cbm/SUB_UNS_OP276_g580__6131/Y                       -       B->Y    F     NOR2xp33_ASAP7_75t_R          2  1.2    45    17    1192    (-,-) 
  u_cbm/SUB_UNS_OP276_g579/Y                             -       A->Y    R     INVx1_ASAP7_75t_R             2  0.8    15    12    1205    (-,-) 
  u_cbm/SUB_UNS_OP276_g577__8246/Y                       -       B->Y    F     NOR2xp33_ASAP7_75t_R          2  1.2    41    18    1222    (-,-) 
  u_cbm/SUB_UNS_OP276_g576/Y                             -       A->Y    R     INVx1_ASAP7_75t_R             2  0.8    14    12    1234    (-,-) 
  u_cbm/SUB_UNS_OP276_g574__1705/Y                       -       B->Y    F     NOR2xp33_ASAP7_75t_R          2  1.2    45    17    1252    (-,-) 
  u_cbm/SUB_UNS_OP276_g573/Y                             -       A->Y    R     INVx1_ASAP7_75t_R             2  1.0    16    14    1265    (-,-) 
  u_cbm/SUB_UNS_OP276_g571__1617/Y                       -       B->Y    F     NOR2xp33_ASAP7_75t_R          2  1.3    42    19    1284    (-,-) 
  u_cbm/SUB_UNS_OP276_g570/Y                             -       A->Y    R     INVx1_ASAP7_75t_R             2  1.0    16    13    1297    (-,-) 
  u_cbm/SUB_UNS_OP276_g568__6783/Y                       -       B->Y    F     NOR2xp33_ASAP7_75t_R          2  1.3    48    19    1316    (-,-) 
  u_cbm/SUB_UNS_OP276_g567/Y                             -       A->Y    R     INVx1_ASAP7_75t_R             2  1.0    17    14    1330    (-,-) 
  u_cbm/SUB_UNS_OP276_g565__8428/Y                       -       B->Y    F     NOR2xp33_ASAP7_75t_R          2  1.3    44    19    1349    (-,-) 
  u_cbm/SUB_UNS_OP276_g564/Y                             -       A->Y    R     INVx1_ASAP7_75t_R             2  1.0    16    14    1363    (-,-) 
  u_cbm/SUB_UNS_OP276_g562__6260/Y                       -       B->Y    F     NOR2xp33_ASAP7_75t_R          2  1.3    47    19    1382    (-,-) 
  u_cbm/SUB_UNS_OP276_g561/Y                             -       A->Y    R     INVx1_ASAP7_75t_R             2  1.0    17    14    1395    (-,-) 
  u_cbm/SUB_UNS_OP276_g559__2398/Y                       -       B->Y    F     NOR2xp33_ASAP7_75t_R          2  1.3    43    19    1414    (-,-) 
  u_cbm/SUB_UNS_OP276_g558/Y                             -       A->Y    R     INVx1_ASAP7_75t_R             2  1.0    16    13    1428    (-,-) 
  u_cbm/SUB_UNS_OP276_g556__6417/Y                       -       B->Y    F     NOR2xp33_ASAP7_75t_R          2  1.3    48    19    1446    (-,-) 
  u_cbm/SUB_UNS_OP276_g555/Y                             -       A->Y    R     INVx1_ASAP7_75t_R             2  1.0    17    14    1460    (-,-) 
  u_cbm/SUB_UNS_OP276_g553__1666/Y                       -       B->Y    F     NOR2xp33_ASAP7_75t_R          2  1.3    42    19    1479    (-,-) 
  u_cbm/SUB_UNS_OP276_g552/Y                             -       A->Y    R     INVx1_ASAP7_75t_R             2  1.0    16    13    1493    (-,-) 
  u_cbm/SUB_UNS_OP276_g550__2883/Y                       -       B->Y    F     NOR2xp33_ASAP7_75t_R          2  1.3    48    19    1511    (-,-) 
  u_cbm/SUB_UNS_OP276_g549/Y                             -       A->Y    R     INVx1_ASAP7_75t_R             2  1.0    17    14    1525    (-,-) 
  u_cbm/SUB_UNS_OP276_g547__9315/Y                       -       B->Y    F     NOR2xp33_ASAP7_75t_R          2  1.3    45    19    1544    (-,-) 
  u_cbm/SUB_UNS_OP276_g546/Y                             -       A->Y    R     INVx1_ASAP7_75t_R             2  1.0    16    14    1558    (-,-) 
  u_cbm/SUB_UNS_OP276_g544__4733/Y                       -       B->Y    F     NOR2xp33_ASAP7_75t_R          2  1.3    48    19    1577    (-,-) 
  u_cbm/SUB_UNS_OP276_g543/Y                             -       A->Y    R     INVx1_ASAP7_75t_R             2  1.0    17    14    1591    (-,-) 
  u_cbm/SUB_UNS_OP276_g541__5115/Y                       -       B->Y    F     NOR2xp33_ASAP7_75t_R          2  1.3    42    19    1610    (-,-) 
  u_cbm/SUB_UNS_OP276_g540/Y                             -       A->Y    R     INVx1_ASAP7_75t_R             2  1.0    16    13    1623    (-,-) 
  u_cbm/SUB_UNS_OP276_g538__6131/Y                       -       B->Y    F     NOR2xp33_ASAP7_75t_R          2  1.3    48    19    1642    (-,-) 
  u_cbm/SUB_UNS_OP276_g537/Y                             -       A->Y    R     INVx1_ASAP7_75t_R             2  1.0    17    14    1656    (-,-) 
  u_cbm/SUB_UNS_OP276_g535__8246/Y                       -       B->Y    F     NOR2xp33_ASAP7_75t_R          2  1.3    45    19    1675    (-,-) 
  u_cbm/SUB_UNS_OP276_g534/Y                             -       A->Y    R     INVx1_ASAP7_75t_R             2  1.0    16    14    1688    (-,-) 
  u_cbm/SUB_UNS_OP276_g532__1705/Y                       -       B->Y    F     NOR2xp33_ASAP7_75t_R          2  1.3    48    19    1707    (-,-) 
  u_cbm/SUB_UNS_OP276_g531/Y                             -       A->Y    R     INVx1_ASAP7_75t_R             2  1.0    17    14    1721    (-,-) 
  u_cbm/SUB_UNS_OP276_g529__1617/Y                       -       B->Y    F     NOR2xp33_ASAP7_75t_R          2  1.3    45    19    1740    (-,-) 
  u_cbm/SUB_UNS_OP276_g528/Y                             -       A->Y    R     INVx1_ASAP7_75t_R             2  1.0    16    14    1754    (-,-) 
  u_cbm/SUB_UNS_OP276_g526__6783/Y                       -       B->Y    F     NOR2xp33_ASAP7_75t_R          2  1.3    47    19    1772    (-,-) 
  u_cbm/SUB_UNS_OP276_g525/Y                             -       A->Y    R     INVx1_ASAP7_75t_R             2  0.8    15    13    1785    (-,-) 
  u_cbm/SUB_UNS_OP276_g523__8428/Y                       -       B->Y    F     NOR2xp33_ASAP7_75t_R          2  1.2    42    18    1803    (-,-) 
  u_cbm/SUB_UNS_OP276_g522/Y                             -       A->Y    R     INVx1_ASAP7_75t_R             2  1.0    16    13    1816    (-,-) 
  u_cbm/SUB_UNS_OP276_g520__6260/Y                       -       B->Y    F     NOR2xp33_ASAP7_75t_R          2  1.3    48    19    1835    (-,-) 
  u_cbm/SUB_UNS_OP276_g519/Y                             -       A->Y    R     INVx1_ASAP7_75t_R             2  0.8    16    13    1848    (-,-) 
  u_cbm/SUB_UNS_OP276_g517__2398/Y                       -       B->Y    F     NOR2xp33_ASAP7_75t_R          2  1.2    40    18    1866    (-,-) 
  u_cbm/SUB_UNS_OP276_g516/Y                             -       A->Y    R     INVx1_ASAP7_75t_R             2  1.0    16    13    1879    (-,-) 
  u_cbm/SUB_UNS_OP276_g514__6417/Y                       -       B->Y    F     NOR2xp33_ASAP7_75t_R          2  1.3    48    19    1897    (-,-) 
  u_cbm/SUB_UNS_OP276_g513/Y                             -       A->Y    R     INVx1_ASAP7_75t_R             2  1.0    17    14    1911    (-,-) 
  u_cbm/SUB_UNS_OP276_g511__1666/Y                       -       B->Y    F     NOR2xp33_ASAP7_75t_R          2  1.3    44    19    1930    (-,-) 
  u_cbm/SUB_UNS_OP276_g510/Y                             -       A->Y    R     INVx1_ASAP7_75t_R             2  1.0    16    14    1944    (-,-) 
  u_cbm/SUB_UNS_OP276_g508__2883/Y                       -       B->Y    F     NOR2xp33_ASAP7_75t_R          2  1.3    48    19    1963    (-,-) 
  u_cbm/SUB_UNS_OP276_g506__9945/Y                       -       B->Y    R     AOI21xp5_ASAP7_75t_R          1  0.5    25    17    1979    (-,-) 
  u_cbm/g9416__9315/Y                                    -       B2->Y   R     AO22x1_ASAP7_75t_R            5  3.6    27    29    2008    (-,-) 
  u_cbm/csa_tree_SUB_TC_OP109_groupi_g1946/Y             -       A->Y    F     INVxp67_ASAP7_75t_R           1  1.1    14    12    2020    (-,-) 
  u_cbm/csa_tree_SUB_TC_OP109_groupi_g1915__5107/Y       -       C->Y    R     MAJIxp5_ASAP7_75t_R           2  2.2    40    25    2045    (-,-) 
  u_cbm/g12611/SN                                        -       CI->SN  F     FAx1_ASAP7_75t_R              2  1.6    38    55    2099    (-,-) 
  u_cbm/csa_tree_SUB_TC_OP109_groupi_g1763__5122/Y       -       A->Y    R     MAJIxp5_ASAP7_75t_R           2  3.3    56    39    2138    (-,-) 
  u_cbm/g12608/SN                                        -       B->SN   F     FAx1_ASAP7_75t_R              2  1.0    37    49    2188    (-,-) 
  u_cbm/csa_tree_SUB_TC_OP109_groupi_g1751__6260/Y       -       A->Y    R     NAND2xp33_ASAP7_75t_R         2  1.2    35    29    2216    (-,-) 
  u_cbm/csa_tree_SUB_TC_OP109_groupi_g1749__2398/Y       -       A2->Y   R     AO21x1_ASAP7_75t_R            1  0.5     7    17    2234    (-,-) 
  u_cbm/csa_tree_SUB_TC_OP109_groupi_g1748__5477/Y       -       C->Y    F     OAI221xp5_ASAP7_75t_R         1  0.6    21    11    2245    (-,-) 
  u_cbm/csa_tree_SUB_TC_OP109_groupi_g1747__6417/Y       -       A->Y    R     MAJIxp5_ASAP7_75t_R           1  0.6    20    16    2261    (-,-) 
  u_cbm/csa_tree_SUB_TC_OP109_groupi_g1746__7410/Y       -       B->Y    R     OA21x2_ASAP7_75t_R            2  1.7    10    19    2280    (-,-) 
  u_cbm/g12432__8246/Y                                   -       B->Y    F     NOR2x1_ASAP7_75t_R           64 35.7   211    98    2378    (-,-) 
  u_cbm/g12260__5477/Y                                   -       A1->Y   R     AOI222xp33_ASAP7_75t_R        1  0.6    54    42    2420    (-,-) 
  u_cbm/multiplicand_q_reg[28]/D                         -       -       R     ASYNC_DFFHx1_ASAP7_75t_R      1    -     -     0    2420    (-,-) 
#------------------------------------------------------------------------------------------------------------------------------------------------



Path 34: MET (1997567 ps) Setup Check with Pin u_cbm/multiplicand_q_reg[23]/CLK->D
          Group: core_clock
     Startpoint: (R) u_frontend/u_decode/genblk1.u_fifo/rd_ptr_q_reg[0]/CLK
          Clock: (R) core_clock
       Endpoint: (R) u_cbm/multiplicand_q_reg[23]/D
          Clock: (R) core_clock

                      Capture       Launch     
        Clock Edge:+  2000000            0     
       Src Latency:+        0            0     
       Net Latency:+        0 (I)        0 (I) 
           Arrival:=  2000000            0     
                                               
             Setup:-       13                  
     Required Time:=  1999987                  
      Launch Clock:-        0                  
         Data Path:-     2420                  
             Slack:=  1997567                  

#------------------------------------------------------------------------------------------------------------------------------------------------
#                     Timing Point                       Flags    Arc    Edge           Cell            Fanout Load Trans Delay Arrival Instance 
#                                                                                                              (fF)  (ps)  (ps)   (ps)  Location 
#------------------------------------------------------------------------------------------------------------------------------------------------
  u_frontend/u_decode/genblk1.u_fifo/rd_ptr_q_reg[0]/CLK -       -       R     (arrival)                  5356    -     0     0       0    (-,-) 
  u_frontend/u_decode/genblk1.u_fifo/rd_ptr_q_reg[0]/QN  -       CLK->QN R     ASYNC_DFFHx1_ASAP7_75t_R      1  0.6    13    36      36    (-,-) 
  u_frontend/u_decode/genblk1.u_fifo/g2479/Y             -       A->Y    R     BUFx2_ASAP7_75t_R           102 51.6   156    82     118    (-,-) 
  u_frontend/u_decode/genblk1.u_fifo/g2891/Y             -       A->Y    F     INVx2_ASAP7_75t_R            97 48.2   144   106     224    (-,-) 
  u_frontend/u_decode/genblk1.u_fifo/g2804/Y             -       A2->Y   F     AO22x1_ASAP7_75t_R            3  2.0    17    40     264    (-,-) 
  u_issue/g28658/Y                                       -       B->Y    R     XNOR2xp5_ASAP7_75t_R          1  0.5    18    14     278    (-,-) 
  u_issue/g28644/Y                                       -       D->Y    F     NAND4xp25_ASAP7_75t_R         1  0.6    25    17     296    (-,-) 
  u_issue/g28641/Y                                       -       A->Y    R     NOR5xp2_ASAP7_75t_R           1  0.5    41    23     319    (-,-) 
  u_issue/g28640/Y                                       -       A->Y    F     NAND5xp2_ASAP7_75t_R          2  1.1    46    30     349    (-,-) 
  u_issue/g28639/Y                                       -       A->Y    F     OR5x1_ASAP7_75t_R             3  1.6    19    44     393    (-,-) 
  u_issue/g28638/Y                                       -       A->Y    F     OR2x2_ASAP7_75t_R            20 10.4    33    37     430    (-,-) 
  u_issue/g45300/Y                                       -       A->Y    R     INVx2_ASAP7_75t_R            99 56.3   169    87     517    (-,-) 
  u_issue/g28291/Y                                       -       B2->Y   R     AO22x1_ASAP7_75t_R           22 11.2    71    64     581    (-,-) 
  u_issue/g45298/Y                                       -       A->Y    F     INVx1_ASAP7_75t_R            17  9.2    58    44     624    (-,-) 
  u_issue/g44952/Y                                       -       A->Y    R     NAND2xp5_ASAP7_75t_R          4  2.1    37    32     656    (-,-) 
  u_issue/g44832/Y                                       -       A->Y    F     NOR3xp33_ASAP7_75t_R          2  0.8    28    15     671    (-,-) 
  u_issue/g44639/Y                                       -       A->Y    R     NOR2xp33_ASAP7_75t_R          3  1.7    40    27     698    (-,-) 
  u_issue/g44554/Y                                       -       A->Y    F     NAND3xp33_ASAP7_75t_R         4  2.9    55    36     734    (-,-) 
  u_issue/g44546/Y                                       -       A->Y    R     NOR3xp33_ASAP7_75t_R          3  1.9    55    38     772    (-,-) 
  u_issue/g44542/Y                                       -       A->Y    F     INVx1_ASAP7_75t_R             1  0.6    13    10     782    (-,-) 
  u_issue/g44512/Y                                       -       A->Y    R     NOR4xp25_ASAP7_75t_R         17  8.8   245   118     900    (-,-) 
  u_issue/drc_bufs45344/Y                                -       A->Y    F     INVx1_ASAP7_75t_R             1  0.7    32    15     915    (-,-) 
  u_issue/drc_bufs45343/Y                                -       A->Y    R     INVx1_ASAP7_75t_R            16  8.1    53    34     949    (-,-) 
  u_issue/g44217/Y                                       -       A1->Y   F     AOI222xp33_ASAP7_75t_R        1  0.6    62    20     969    (-,-) 
  u_issue/g44110/Y                                       -       B->Y    R     NAND2xp5_ASAP7_75t_R          1  0.5    20    18     987    (-,-) 
  u_issue/g44019/Y                                       -       C->Y    F     AOI221xp5_ASAP7_75t_R         1  0.6    36    12     999    (-,-) 
  u_issue/g43925/Y                                       -       B->Y    R     NAND2xp5_ASAP7_75t_R         18  9.2   102    58    1057    (-,-) 
  u_cbm/SUB_UNS_OP276_g589__9315/Y                       -       A->Y    F     NOR2xp33_ASAP7_75t_R          2  1.3    48    40    1097    (-,-) 
  u_cbm/SUB_UNS_OP276_g588/Y                             -       A->Y    R     INVx1_ASAP7_75t_R             2  1.0    17    14    1111    (-,-) 
  u_cbm/SUB_UNS_OP276_g586__4733/Y                       -       B->Y    F     NOR2xp33_ASAP7_75t_R          2  1.3    46    19    1130    (-,-) 
  u_cbm/SUB_UNS_OP276_g585/Y                             -       A->Y    R     INVx1_ASAP7_75t_R             2  1.0    17    14    1144    (-,-) 
  u_cbm/SUB_UNS_OP276_g583__5115/Y                       -       B->Y    F     NOR2xp33_ASAP7_75t_R          2  1.3    42    19    1162    (-,-) 
  u_cbm/SUB_UNS_OP276_g582/Y                             -       A->Y    R     INVx1_ASAP7_75t_R             2  0.8    15    12    1175    (-,-) 
  u_cbm/SUB_UNS_OP276_g580__6131/Y                       -       B->Y    F     NOR2xp33_ASAP7_75t_R          2  1.2    45    17    1192    (-,-) 
  u_cbm/SUB_UNS_OP276_g579/Y                             -       A->Y    R     INVx1_ASAP7_75t_R             2  0.8    15    12    1205    (-,-) 
  u_cbm/SUB_UNS_OP276_g577__8246/Y                       -       B->Y    F     NOR2xp33_ASAP7_75t_R          2  1.2    41    18    1222    (-,-) 
  u_cbm/SUB_UNS_OP276_g576/Y                             -       A->Y    R     INVx1_ASAP7_75t_R             2  0.8    14    12    1234    (-,-) 
  u_cbm/SUB_UNS_OP276_g574__1705/Y                       -       B->Y    F     NOR2xp33_ASAP7_75t_R          2  1.2    45    17    1252    (-,-) 
  u_cbm/SUB_UNS_OP276_g573/Y                             -       A->Y    R     INVx1_ASAP7_75t_R             2  1.0    16    14    1265    (-,-) 
  u_cbm/SUB_UNS_OP276_g571__1617/Y                       -       B->Y    F     NOR2xp33_ASAP7_75t_R          2  1.3    42    19    1284    (-,-) 
  u_cbm/SUB_UNS_OP276_g570/Y                             -       A->Y    R     INVx1_ASAP7_75t_R             2  1.0    16    13    1297    (-,-) 
  u_cbm/SUB_UNS_OP276_g568__6783/Y                       -       B->Y    F     NOR2xp33_ASAP7_75t_R          2  1.3    48    19    1316    (-,-) 
  u_cbm/SUB_UNS_OP276_g567/Y                             -       A->Y    R     INVx1_ASAP7_75t_R             2  1.0    17    14    1330    (-,-) 
  u_cbm/SUB_UNS_OP276_g565__8428/Y                       -       B->Y    F     NOR2xp33_ASAP7_75t_R          2  1.3    44    19    1349    (-,-) 
  u_cbm/SUB_UNS_OP276_g564/Y                             -       A->Y    R     INVx1_ASAP7_75t_R             2  1.0    16    14    1363    (-,-) 
  u_cbm/SUB_UNS_OP276_g562__6260/Y                       -       B->Y    F     NOR2xp33_ASAP7_75t_R          2  1.3    47    19    1382    (-,-) 
  u_cbm/SUB_UNS_OP276_g561/Y                             -       A->Y    R     INVx1_ASAP7_75t_R             2  1.0    17    14    1395    (-,-) 
  u_cbm/SUB_UNS_OP276_g559__2398/Y                       -       B->Y    F     NOR2xp33_ASAP7_75t_R          2  1.3    43    19    1414    (-,-) 
  u_cbm/SUB_UNS_OP276_g558/Y                             -       A->Y    R     INVx1_ASAP7_75t_R             2  1.0    16    13    1428    (-,-) 
  u_cbm/SUB_UNS_OP276_g556__6417/Y                       -       B->Y    F     NOR2xp33_ASAP7_75t_R          2  1.3    48    19    1446    (-,-) 
  u_cbm/SUB_UNS_OP276_g555/Y                             -       A->Y    R     INVx1_ASAP7_75t_R             2  1.0    17    14    1460    (-,-) 
  u_cbm/SUB_UNS_OP276_g553__1666/Y                       -       B->Y    F     NOR2xp33_ASAP7_75t_R          2  1.3    42    19    1479    (-,-) 
  u_cbm/SUB_UNS_OP276_g552/Y                             -       A->Y    R     INVx1_ASAP7_75t_R             2  1.0    16    13    1493    (-,-) 
  u_cbm/SUB_UNS_OP276_g550__2883/Y                       -       B->Y    F     NOR2xp33_ASAP7_75t_R          2  1.3    48    19    1511    (-,-) 
  u_cbm/SUB_UNS_OP276_g549/Y                             -       A->Y    R     INVx1_ASAP7_75t_R             2  1.0    17    14    1525    (-,-) 
  u_cbm/SUB_UNS_OP276_g547__9315/Y                       -       B->Y    F     NOR2xp33_ASAP7_75t_R          2  1.3    45    19    1544    (-,-) 
  u_cbm/SUB_UNS_OP276_g546/Y                             -       A->Y    R     INVx1_ASAP7_75t_R             2  1.0    16    14    1558    (-,-) 
  u_cbm/SUB_UNS_OP276_g544__4733/Y                       -       B->Y    F     NOR2xp33_ASAP7_75t_R          2  1.3    48    19    1577    (-,-) 
  u_cbm/SUB_UNS_OP276_g543/Y                             -       A->Y    R     INVx1_ASAP7_75t_R             2  1.0    17    14    1591    (-,-) 
  u_cbm/SUB_UNS_OP276_g541__5115/Y                       -       B->Y    F     NOR2xp33_ASAP7_75t_R          2  1.3    42    19    1610    (-,-) 
  u_cbm/SUB_UNS_OP276_g540/Y                             -       A->Y    R     INVx1_ASAP7_75t_R             2  1.0    16    13    1623    (-,-) 
  u_cbm/SUB_UNS_OP276_g538__6131/Y                       -       B->Y    F     NOR2xp33_ASAP7_75t_R          2  1.3    48    19    1642    (-,-) 
  u_cbm/SUB_UNS_OP276_g537/Y                             -       A->Y    R     INVx1_ASAP7_75t_R             2  1.0    17    14    1656    (-,-) 
  u_cbm/SUB_UNS_OP276_g535__8246/Y                       -       B->Y    F     NOR2xp33_ASAP7_75t_R          2  1.3    45    19    1675    (-,-) 
  u_cbm/SUB_UNS_OP276_g534/Y                             -       A->Y    R     INVx1_ASAP7_75t_R             2  1.0    16    14    1688    (-,-) 
  u_cbm/SUB_UNS_OP276_g532__1705/Y                       -       B->Y    F     NOR2xp33_ASAP7_75t_R          2  1.3    48    19    1707    (-,-) 
  u_cbm/SUB_UNS_OP276_g531/Y                             -       A->Y    R     INVx1_ASAP7_75t_R             2  1.0    17    14    1721    (-,-) 
  u_cbm/SUB_UNS_OP276_g529__1617/Y                       -       B->Y    F     NOR2xp33_ASAP7_75t_R          2  1.3    45    19    1740    (-,-) 
  u_cbm/SUB_UNS_OP276_g528/Y                             -       A->Y    R     INVx1_ASAP7_75t_R             2  1.0    16    14    1754    (-,-) 
  u_cbm/SUB_UNS_OP276_g526__6783/Y                       -       B->Y    F     NOR2xp33_ASAP7_75t_R          2  1.3    47    19    1772    (-,-) 
  u_cbm/SUB_UNS_OP276_g525/Y                             -       A->Y    R     INVx1_ASAP7_75t_R             2  0.8    15    13    1785    (-,-) 
  u_cbm/SUB_UNS_OP276_g523__8428/Y                       -       B->Y    F     NOR2xp33_ASAP7_75t_R          2  1.2    42    18    1803    (-,-) 
  u_cbm/SUB_UNS_OP276_g522/Y                             -       A->Y    R     INVx1_ASAP7_75t_R             2  1.0    16    13    1816    (-,-) 
  u_cbm/SUB_UNS_OP276_g520__6260/Y                       -       B->Y    F     NOR2xp33_ASAP7_75t_R          2  1.3    48    19    1835    (-,-) 
  u_cbm/SUB_UNS_OP276_g519/Y                             -       A->Y    R     INVx1_ASAP7_75t_R             2  0.8    16    13    1848    (-,-) 
  u_cbm/SUB_UNS_OP276_g517__2398/Y                       -       B->Y    F     NOR2xp33_ASAP7_75t_R          2  1.2    40    18    1866    (-,-) 
  u_cbm/SUB_UNS_OP276_g516/Y                             -       A->Y    R     INVx1_ASAP7_75t_R             2  1.0    16    13    1879    (-,-) 
  u_cbm/SUB_UNS_OP276_g514__6417/Y                       -       B->Y    F     NOR2xp33_ASAP7_75t_R          2  1.3    48    19    1897    (-,-) 
  u_cbm/SUB_UNS_OP276_g513/Y                             -       A->Y    R     INVx1_ASAP7_75t_R             2  1.0    17    14    1911    (-,-) 
  u_cbm/SUB_UNS_OP276_g511__1666/Y                       -       B->Y    F     NOR2xp33_ASAP7_75t_R          2  1.3    44    19    1930    (-,-) 
  u_cbm/SUB_UNS_OP276_g510/Y                             -       A->Y    R     INVx1_ASAP7_75t_R             2  1.0    16    14    1944    (-,-) 
  u_cbm/SUB_UNS_OP276_g508__2883/Y                       -       B->Y    F     NOR2xp33_ASAP7_75t_R          2  1.3    48    19    1963    (-,-) 
  u_cbm/SUB_UNS_OP276_g506__9945/Y                       -       B->Y    R     AOI21xp5_ASAP7_75t_R          1  0.5    25    17    1979    (-,-) 
  u_cbm/g9416__9315/Y                                    -       B2->Y   R     AO22x1_ASAP7_75t_R            5  3.6    27    29    2008    (-,-) 
  u_cbm/csa_tree_SUB_TC_OP109_groupi_g1946/Y             -       A->Y    F     INVxp67_ASAP7_75t_R           1  1.1    14    12    2020    (-,-) 
  u_cbm/csa_tree_SUB_TC_OP109_groupi_g1915__5107/Y       -       C->Y    R     MAJIxp5_ASAP7_75t_R           2  2.2    40    25    2045    (-,-) 
  u_cbm/g12611/SN                                        -       CI->SN  F     FAx1_ASAP7_75t_R              2  1.6    38    55    2099    (-,-) 
  u_cbm/csa_tree_SUB_TC_OP109_groupi_g1763__5122/Y       -       A->Y    R     MAJIxp5_ASAP7_75t_R           2  3.3    56    39    2138    (-,-) 
  u_cbm/g12608/SN                                        -       B->SN   F     FAx1_ASAP7_75t_R              2  1.0    37    49    2188    (-,-) 
  u_cbm/csa_tree_SUB_TC_OP109_groupi_g1751__6260/Y       -       A->Y    R     NAND2xp33_ASAP7_75t_R         2  1.2    35    29    2216    (-,-) 
  u_cbm/csa_tree_SUB_TC_OP109_groupi_g1749__2398/Y       -       A2->Y   R     AO21x1_ASAP7_75t_R            1  0.5     7    17    2234    (-,-) 
  u_cbm/csa_tree_SUB_TC_OP109_groupi_g1748__5477/Y       -       C->Y    F     OAI221xp5_ASAP7_75t_R         1  0.6    21    11    2245    (-,-) 
  u_cbm/csa_tree_SUB_TC_OP109_groupi_g1747__6417/Y       -       A->Y    R     MAJIxp5_ASAP7_75t_R           1  0.6    20    16    2261    (-,-) 
  u_cbm/csa_tree_SUB_TC_OP109_groupi_g1746__7410/Y       -       B->Y    R     OA21x2_ASAP7_75t_R            2  1.7    10    19    2280    (-,-) 
  u_cbm/g12432__8246/Y                                   -       B->Y    F     NOR2x1_ASAP7_75t_R           64 35.7   211    98    2378    (-,-) 
  u_cbm/g12255__2883/Y                                   -       A1->Y   R     AOI222xp33_ASAP7_75t_R        1  0.6    54    42    2420    (-,-) 
  u_cbm/multiplicand_q_reg[23]/D                         -       -       R     ASYNC_DFFHx1_ASAP7_75t_R      1    -     -     0    2420    (-,-) 
#------------------------------------------------------------------------------------------------------------------------------------------------



Path 35: MET (1997567 ps) Setup Check with Pin u_cbm/multiplicand_q_reg[18]/CLK->D
          Group: core_clock
     Startpoint: (R) u_frontend/u_decode/genblk1.u_fifo/rd_ptr_q_reg[0]/CLK
          Clock: (R) core_clock
       Endpoint: (R) u_cbm/multiplicand_q_reg[18]/D
          Clock: (R) core_clock

                      Capture       Launch     
        Clock Edge:+  2000000            0     
       Src Latency:+        0            0     
       Net Latency:+        0 (I)        0 (I) 
           Arrival:=  2000000            0     
                                               
             Setup:-       13                  
     Required Time:=  1999987                  
      Launch Clock:-        0                  
         Data Path:-     2420                  
             Slack:=  1997567                  

#------------------------------------------------------------------------------------------------------------------------------------------------
#                     Timing Point                       Flags    Arc    Edge           Cell            Fanout Load Trans Delay Arrival Instance 
#                                                                                                              (fF)  (ps)  (ps)   (ps)  Location 
#------------------------------------------------------------------------------------------------------------------------------------------------
  u_frontend/u_decode/genblk1.u_fifo/rd_ptr_q_reg[0]/CLK -       -       R     (arrival)                  5356    -     0     0       0    (-,-) 
  u_frontend/u_decode/genblk1.u_fifo/rd_ptr_q_reg[0]/QN  -       CLK->QN R     ASYNC_DFFHx1_ASAP7_75t_R      1  0.6    13    36      36    (-,-) 
  u_frontend/u_decode/genblk1.u_fifo/g2479/Y             -       A->Y    R     BUFx2_ASAP7_75t_R           102 51.6   156    82     118    (-,-) 
  u_frontend/u_decode/genblk1.u_fifo/g2891/Y             -       A->Y    F     INVx2_ASAP7_75t_R            97 48.2   144   106     224    (-,-) 
  u_frontend/u_decode/genblk1.u_fifo/g2804/Y             -       A2->Y   F     AO22x1_ASAP7_75t_R            3  2.0    17    40     264    (-,-) 
  u_issue/g28658/Y                                       -       B->Y    R     XNOR2xp5_ASAP7_75t_R          1  0.5    18    14     278    (-,-) 
  u_issue/g28644/Y                                       -       D->Y    F     NAND4xp25_ASAP7_75t_R         1  0.6    25    17     296    (-,-) 
  u_issue/g28641/Y                                       -       A->Y    R     NOR5xp2_ASAP7_75t_R           1  0.5    41    23     319    (-,-) 
  u_issue/g28640/Y                                       -       A->Y    F     NAND5xp2_ASAP7_75t_R          2  1.1    46    30     349    (-,-) 
  u_issue/g28639/Y                                       -       A->Y    F     OR5x1_ASAP7_75t_R             3  1.6    19    44     393    (-,-) 
  u_issue/g28638/Y                                       -       A->Y    F     OR2x2_ASAP7_75t_R            20 10.4    33    37     430    (-,-) 
  u_issue/g45300/Y                                       -       A->Y    R     INVx2_ASAP7_75t_R            99 56.3   169    87     517    (-,-) 
  u_issue/g28291/Y                                       -       B2->Y   R     AO22x1_ASAP7_75t_R           22 11.2    71    64     581    (-,-) 
  u_issue/g45298/Y                                       -       A->Y    F     INVx1_ASAP7_75t_R            17  9.2    58    44     624    (-,-) 
  u_issue/g44952/Y                                       -       A->Y    R     NAND2xp5_ASAP7_75t_R          4  2.1    37    32     656    (-,-) 
  u_issue/g44832/Y                                       -       A->Y    F     NOR3xp33_ASAP7_75t_R          2  0.8    28    15     671    (-,-) 
  u_issue/g44639/Y                                       -       A->Y    R     NOR2xp33_ASAP7_75t_R          3  1.7    40    27     698    (-,-) 
  u_issue/g44554/Y                                       -       A->Y    F     NAND3xp33_ASAP7_75t_R         4  2.9    55    36     734    (-,-) 
  u_issue/g44546/Y                                       -       A->Y    R     NOR3xp33_ASAP7_75t_R          3  1.9    55    38     772    (-,-) 
  u_issue/g44542/Y                                       -       A->Y    F     INVx1_ASAP7_75t_R             1  0.6    13    10     782    (-,-) 
  u_issue/g44512/Y                                       -       A->Y    R     NOR4xp25_ASAP7_75t_R         17  8.8   245   118     900    (-,-) 
  u_issue/drc_bufs45344/Y                                -       A->Y    F     INVx1_ASAP7_75t_R             1  0.7    32    15     915    (-,-) 
  u_issue/drc_bufs45343/Y                                -       A->Y    R     INVx1_ASAP7_75t_R            16  8.1    53    34     949    (-,-) 
  u_issue/g44217/Y                                       -       A1->Y   F     AOI222xp33_ASAP7_75t_R        1  0.6    62    20     969    (-,-) 
  u_issue/g44110/Y                                       -       B->Y    R     NAND2xp5_ASAP7_75t_R          1  0.5    20    18     987    (-,-) 
  u_issue/g44019/Y                                       -       C->Y    F     AOI221xp5_ASAP7_75t_R         1  0.6    36    12     999    (-,-) 
  u_issue/g43925/Y                                       -       B->Y    R     NAND2xp5_ASAP7_75t_R         18  9.2   102    58    1057    (-,-) 
  u_cbm/SUB_UNS_OP276_g589__9315/Y                       -       A->Y    F     NOR2xp33_ASAP7_75t_R          2  1.3    48    40    1097    (-,-) 
  u_cbm/SUB_UNS_OP276_g588/Y                             -       A->Y    R     INVx1_ASAP7_75t_R             2  1.0    17    14    1111    (-,-) 
  u_cbm/SUB_UNS_OP276_g586__4733/Y                       -       B->Y    F     NOR2xp33_ASAP7_75t_R          2  1.3    46    19    1130    (-,-) 
  u_cbm/SUB_UNS_OP276_g585/Y                             -       A->Y    R     INVx1_ASAP7_75t_R             2  1.0    17    14    1144    (-,-) 
  u_cbm/SUB_UNS_OP276_g583__5115/Y                       -       B->Y    F     NOR2xp33_ASAP7_75t_R          2  1.3    42    19    1162    (-,-) 
  u_cbm/SUB_UNS_OP276_g582/Y                             -       A->Y    R     INVx1_ASAP7_75t_R             2  0.8    15    12    1175    (-,-) 
  u_cbm/SUB_UNS_OP276_g580__6131/Y                       -       B->Y    F     NOR2xp33_ASAP7_75t_R          2  1.2    45    17    1192    (-,-) 
  u_cbm/SUB_UNS_OP276_g579/Y                             -       A->Y    R     INVx1_ASAP7_75t_R             2  0.8    15    12    1205    (-,-) 
  u_cbm/SUB_UNS_OP276_g577__8246/Y                       -       B->Y    F     NOR2xp33_ASAP7_75t_R          2  1.2    41    18    1222    (-,-) 
  u_cbm/SUB_UNS_OP276_g576/Y                             -       A->Y    R     INVx1_ASAP7_75t_R             2  0.8    14    12    1234    (-,-) 
  u_cbm/SUB_UNS_OP276_g574__1705/Y                       -       B->Y    F     NOR2xp33_ASAP7_75t_R          2  1.2    45    17    1252    (-,-) 
  u_cbm/SUB_UNS_OP276_g573/Y                             -       A->Y    R     INVx1_ASAP7_75t_R             2  1.0    16    14    1265    (-,-) 
  u_cbm/SUB_UNS_OP276_g571__1617/Y                       -       B->Y    F     NOR2xp33_ASAP7_75t_R          2  1.3    42    19    1284    (-,-) 
  u_cbm/SUB_UNS_OP276_g570/Y                             -       A->Y    R     INVx1_ASAP7_75t_R             2  1.0    16    13    1297    (-,-) 
  u_cbm/SUB_UNS_OP276_g568__6783/Y                       -       B->Y    F     NOR2xp33_ASAP7_75t_R          2  1.3    48    19    1316    (-,-) 
  u_cbm/SUB_UNS_OP276_g567/Y                             -       A->Y    R     INVx1_ASAP7_75t_R             2  1.0    17    14    1330    (-,-) 
  u_cbm/SUB_UNS_OP276_g565__8428/Y                       -       B->Y    F     NOR2xp33_ASAP7_75t_R          2  1.3    44    19    1349    (-,-) 
  u_cbm/SUB_UNS_OP276_g564/Y                             -       A->Y    R     INVx1_ASAP7_75t_R             2  1.0    16    14    1363    (-,-) 
  u_cbm/SUB_UNS_OP276_g562__6260/Y                       -       B->Y    F     NOR2xp33_ASAP7_75t_R          2  1.3    47    19    1382    (-,-) 
  u_cbm/SUB_UNS_OP276_g561/Y                             -       A->Y    R     INVx1_ASAP7_75t_R             2  1.0    17    14    1395    (-,-) 
  u_cbm/SUB_UNS_OP276_g559__2398/Y                       -       B->Y    F     NOR2xp33_ASAP7_75t_R          2  1.3    43    19    1414    (-,-) 
  u_cbm/SUB_UNS_OP276_g558/Y                             -       A->Y    R     INVx1_ASAP7_75t_R             2  1.0    16    13    1428    (-,-) 
  u_cbm/SUB_UNS_OP276_g556__6417/Y                       -       B->Y    F     NOR2xp33_ASAP7_75t_R          2  1.3    48    19    1446    (-,-) 
  u_cbm/SUB_UNS_OP276_g555/Y                             -       A->Y    R     INVx1_ASAP7_75t_R             2  1.0    17    14    1460    (-,-) 
  u_cbm/SUB_UNS_OP276_g553__1666/Y                       -       B->Y    F     NOR2xp33_ASAP7_75t_R          2  1.3    42    19    1479    (-,-) 
  u_cbm/SUB_UNS_OP276_g552/Y                             -       A->Y    R     INVx1_ASAP7_75t_R             2  1.0    16    13    1493    (-,-) 
  u_cbm/SUB_UNS_OP276_g550__2883/Y                       -       B->Y    F     NOR2xp33_ASAP7_75t_R          2  1.3    48    19    1511    (-,-) 
  u_cbm/SUB_UNS_OP276_g549/Y                             -       A->Y    R     INVx1_ASAP7_75t_R             2  1.0    17    14    1525    (-,-) 
  u_cbm/SUB_UNS_OP276_g547__9315/Y                       -       B->Y    F     NOR2xp33_ASAP7_75t_R          2  1.3    45    19    1544    (-,-) 
  u_cbm/SUB_UNS_OP276_g546/Y                             -       A->Y    R     INVx1_ASAP7_75t_R             2  1.0    16    14    1558    (-,-) 
  u_cbm/SUB_UNS_OP276_g544__4733/Y                       -       B->Y    F     NOR2xp33_ASAP7_75t_R          2  1.3    48    19    1577    (-,-) 
  u_cbm/SUB_UNS_OP276_g543/Y                             -       A->Y    R     INVx1_ASAP7_75t_R             2  1.0    17    14    1591    (-,-) 
  u_cbm/SUB_UNS_OP276_g541__5115/Y                       -       B->Y    F     NOR2xp33_ASAP7_75t_R          2  1.3    42    19    1610    (-,-) 
  u_cbm/SUB_UNS_OP276_g540/Y                             -       A->Y    R     INVx1_ASAP7_75t_R             2  1.0    16    13    1623    (-,-) 
  u_cbm/SUB_UNS_OP276_g538__6131/Y                       -       B->Y    F     NOR2xp33_ASAP7_75t_R          2  1.3    48    19    1642    (-,-) 
  u_cbm/SUB_UNS_OP276_g537/Y                             -       A->Y    R     INVx1_ASAP7_75t_R             2  1.0    17    14    1656    (-,-) 
  u_cbm/SUB_UNS_OP276_g535__8246/Y                       -       B->Y    F     NOR2xp33_ASAP7_75t_R          2  1.3    45    19    1675    (-,-) 
  u_cbm/SUB_UNS_OP276_g534/Y                             -       A->Y    R     INVx1_ASAP7_75t_R             2  1.0    16    14    1688    (-,-) 
  u_cbm/SUB_UNS_OP276_g532__1705/Y                       -       B->Y    F     NOR2xp33_ASAP7_75t_R          2  1.3    48    19    1707    (-,-) 
  u_cbm/SUB_UNS_OP276_g531/Y                             -       A->Y    R     INVx1_ASAP7_75t_R             2  1.0    17    14    1721    (-,-) 
  u_cbm/SUB_UNS_OP276_g529__1617/Y                       -       B->Y    F     NOR2xp33_ASAP7_75t_R          2  1.3    45    19    1740    (-,-) 
  u_cbm/SUB_UNS_OP276_g528/Y                             -       A->Y    R     INVx1_ASAP7_75t_R             2  1.0    16    14    1754    (-,-) 
  u_cbm/SUB_UNS_OP276_g526__6783/Y                       -       B->Y    F     NOR2xp33_ASAP7_75t_R          2  1.3    47    19    1772    (-,-) 
  u_cbm/SUB_UNS_OP276_g525/Y                             -       A->Y    R     INVx1_ASAP7_75t_R             2  0.8    15    13    1785    (-,-) 
  u_cbm/SUB_UNS_OP276_g523__8428/Y                       -       B->Y    F     NOR2xp33_ASAP7_75t_R          2  1.2    42    18    1803    (-,-) 
  u_cbm/SUB_UNS_OP276_g522/Y                             -       A->Y    R     INVx1_ASAP7_75t_R             2  1.0    16    13    1816    (-,-) 
  u_cbm/SUB_UNS_OP276_g520__6260/Y                       -       B->Y    F     NOR2xp33_ASAP7_75t_R          2  1.3    48    19    1835    (-,-) 
  u_cbm/SUB_UNS_OP276_g519/Y                             -       A->Y    R     INVx1_ASAP7_75t_R             2  0.8    16    13    1848    (-,-) 
  u_cbm/SUB_UNS_OP276_g517__2398/Y                       -       B->Y    F     NOR2xp33_ASAP7_75t_R          2  1.2    40    18    1866    (-,-) 
  u_cbm/SUB_UNS_OP276_g516/Y                             -       A->Y    R     INVx1_ASAP7_75t_R             2  1.0    16    13    1879    (-,-) 
  u_cbm/SUB_UNS_OP276_g514__6417/Y                       -       B->Y    F     NOR2xp33_ASAP7_75t_R          2  1.3    48    19    1897    (-,-) 
  u_cbm/SUB_UNS_OP276_g513/Y                             -       A->Y    R     INVx1_ASAP7_75t_R             2  1.0    17    14    1911    (-,-) 
  u_cbm/SUB_UNS_OP276_g511__1666/Y                       -       B->Y    F     NOR2xp33_ASAP7_75t_R          2  1.3    44    19    1930    (-,-) 
  u_cbm/SUB_UNS_OP276_g510/Y                             -       A->Y    R     INVx1_ASAP7_75t_R             2  1.0    16    14    1944    (-,-) 
  u_cbm/SUB_UNS_OP276_g508__2883/Y                       -       B->Y    F     NOR2xp33_ASAP7_75t_R          2  1.3    48    19    1963    (-,-) 
  u_cbm/SUB_UNS_OP276_g506__9945/Y                       -       B->Y    R     AOI21xp5_ASAP7_75t_R          1  0.5    25    17    1979    (-,-) 
  u_cbm/g9416__9315/Y                                    -       B2->Y   R     AO22x1_ASAP7_75t_R            5  3.6    27    29    2008    (-,-) 
  u_cbm/csa_tree_SUB_TC_OP109_groupi_g1946/Y             -       A->Y    F     INVxp67_ASAP7_75t_R           1  1.1    14    12    2020    (-,-) 
  u_cbm/csa_tree_SUB_TC_OP109_groupi_g1915__5107/Y       -       C->Y    R     MAJIxp5_ASAP7_75t_R           2  2.2    40    25    2045    (-,-) 
  u_cbm/g12611/SN                                        -       CI->SN  F     FAx1_ASAP7_75t_R              2  1.6    38    55    2099    (-,-) 
  u_cbm/csa_tree_SUB_TC_OP109_groupi_g1763__5122/Y       -       A->Y    R     MAJIxp5_ASAP7_75t_R           2  3.3    56    39    2138    (-,-) 
  u_cbm/g12608/SN                                        -       B->SN   F     FAx1_ASAP7_75t_R              2  1.0    37    49    2188    (-,-) 
  u_cbm/csa_tree_SUB_TC_OP109_groupi_g1751__6260/Y       -       A->Y    R     NAND2xp33_ASAP7_75t_R         2  1.2    35    29    2216    (-,-) 
  u_cbm/csa_tree_SUB_TC_OP109_groupi_g1749__2398/Y       -       A2->Y   R     AO21x1_ASAP7_75t_R            1  0.5     7    17    2234    (-,-) 
  u_cbm/csa_tree_SUB_TC_OP109_groupi_g1748__5477/Y       -       C->Y    F     OAI221xp5_ASAP7_75t_R         1  0.6    21    11    2245    (-,-) 
  u_cbm/csa_tree_SUB_TC_OP109_groupi_g1747__6417/Y       -       A->Y    R     MAJIxp5_ASAP7_75t_R           1  0.6    20    16    2261    (-,-) 
  u_cbm/csa_tree_SUB_TC_OP109_groupi_g1746__7410/Y       -       B->Y    R     OA21x2_ASAP7_75t_R            2  1.7    10    19    2280    (-,-) 
  u_cbm/g12432__8246/Y                                   -       B->Y    F     NOR2x1_ASAP7_75t_R           64 35.7   211    98    2378    (-,-) 
  u_cbm/g12250__7482/Y                                   -       A1->Y   R     AOI222xp33_ASAP7_75t_R        1  0.6    54    42    2420    (-,-) 
  u_cbm/multiplicand_q_reg[18]/D                         -       -       R     ASYNC_DFFHx1_ASAP7_75t_R      1    -     -     0    2420    (-,-) 
#------------------------------------------------------------------------------------------------------------------------------------------------



Path 36: MET (1997567 ps) Setup Check with Pin u_cbm/multiplicand_q_reg[17]/CLK->D
          Group: core_clock
     Startpoint: (R) u_frontend/u_decode/genblk1.u_fifo/rd_ptr_q_reg[0]/CLK
          Clock: (R) core_clock
       Endpoint: (R) u_cbm/multiplicand_q_reg[17]/D
          Clock: (R) core_clock

                      Capture       Launch     
        Clock Edge:+  2000000            0     
       Src Latency:+        0            0     
       Net Latency:+        0 (I)        0 (I) 
           Arrival:=  2000000            0     
                                               
             Setup:-       13                  
     Required Time:=  1999987                  
      Launch Clock:-        0                  
         Data Path:-     2420                  
             Slack:=  1997567                  

#------------------------------------------------------------------------------------------------------------------------------------------------
#                     Timing Point                       Flags    Arc    Edge           Cell            Fanout Load Trans Delay Arrival Instance 
#                                                                                                              (fF)  (ps)  (ps)   (ps)  Location 
#------------------------------------------------------------------------------------------------------------------------------------------------
  u_frontend/u_decode/genblk1.u_fifo/rd_ptr_q_reg[0]/CLK -       -       R     (arrival)                  5356    -     0     0       0    (-,-) 
  u_frontend/u_decode/genblk1.u_fifo/rd_ptr_q_reg[0]/QN  -       CLK->QN R     ASYNC_DFFHx1_ASAP7_75t_R      1  0.6    13    36      36    (-,-) 
  u_frontend/u_decode/genblk1.u_fifo/g2479/Y             -       A->Y    R     BUFx2_ASAP7_75t_R           102 51.6   156    82     118    (-,-) 
  u_frontend/u_decode/genblk1.u_fifo/g2891/Y             -       A->Y    F     INVx2_ASAP7_75t_R            97 48.2   144   106     224    (-,-) 
  u_frontend/u_decode/genblk1.u_fifo/g2804/Y             -       A2->Y   F     AO22x1_ASAP7_75t_R            3  2.0    17    40     264    (-,-) 
  u_issue/g28658/Y                                       -       B->Y    R     XNOR2xp5_ASAP7_75t_R          1  0.5    18    14     278    (-,-) 
  u_issue/g28644/Y                                       -       D->Y    F     NAND4xp25_ASAP7_75t_R         1  0.6    25    17     296    (-,-) 
  u_issue/g28641/Y                                       -       A->Y    R     NOR5xp2_ASAP7_75t_R           1  0.5    41    23     319    (-,-) 
  u_issue/g28640/Y                                       -       A->Y    F     NAND5xp2_ASAP7_75t_R          2  1.1    46    30     349    (-,-) 
  u_issue/g28639/Y                                       -       A->Y    F     OR5x1_ASAP7_75t_R             3  1.6    19    44     393    (-,-) 
  u_issue/g28638/Y                                       -       A->Y    F     OR2x2_ASAP7_75t_R            20 10.4    33    37     430    (-,-) 
  u_issue/g45300/Y                                       -       A->Y    R     INVx2_ASAP7_75t_R            99 56.3   169    87     517    (-,-) 
  u_issue/g28291/Y                                       -       B2->Y   R     AO22x1_ASAP7_75t_R           22 11.2    71    64     581    (-,-) 
  u_issue/g45298/Y                                       -       A->Y    F     INVx1_ASAP7_75t_R            17  9.2    58    44     624    (-,-) 
  u_issue/g44952/Y                                       -       A->Y    R     NAND2xp5_ASAP7_75t_R          4  2.1    37    32     656    (-,-) 
  u_issue/g44832/Y                                       -       A->Y    F     NOR3xp33_ASAP7_75t_R          2  0.8    28    15     671    (-,-) 
  u_issue/g44639/Y                                       -       A->Y    R     NOR2xp33_ASAP7_75t_R          3  1.7    40    27     698    (-,-) 
  u_issue/g44554/Y                                       -       A->Y    F     NAND3xp33_ASAP7_75t_R         4  2.9    55    36     734    (-,-) 
  u_issue/g44546/Y                                       -       A->Y    R     NOR3xp33_ASAP7_75t_R          3  1.9    55    38     772    (-,-) 
  u_issue/g44542/Y                                       -       A->Y    F     INVx1_ASAP7_75t_R             1  0.6    13    10     782    (-,-) 
  u_issue/g44512/Y                                       -       A->Y    R     NOR4xp25_ASAP7_75t_R         17  8.8   245   118     900    (-,-) 
  u_issue/drc_bufs45344/Y                                -       A->Y    F     INVx1_ASAP7_75t_R             1  0.7    32    15     915    (-,-) 
  u_issue/drc_bufs45343/Y                                -       A->Y    R     INVx1_ASAP7_75t_R            16  8.1    53    34     949    (-,-) 
  u_issue/g44217/Y                                       -       A1->Y   F     AOI222xp33_ASAP7_75t_R        1  0.6    62    20     969    (-,-) 
  u_issue/g44110/Y                                       -       B->Y    R     NAND2xp5_ASAP7_75t_R          1  0.5    20    18     987    (-,-) 
  u_issue/g44019/Y                                       -       C->Y    F     AOI221xp5_ASAP7_75t_R         1  0.6    36    12     999    (-,-) 
  u_issue/g43925/Y                                       -       B->Y    R     NAND2xp5_ASAP7_75t_R         18  9.2   102    58    1057    (-,-) 
  u_cbm/SUB_UNS_OP276_g589__9315/Y                       -       A->Y    F     NOR2xp33_ASAP7_75t_R          2  1.3    48    40    1097    (-,-) 
  u_cbm/SUB_UNS_OP276_g588/Y                             -       A->Y    R     INVx1_ASAP7_75t_R             2  1.0    17    14    1111    (-,-) 
  u_cbm/SUB_UNS_OP276_g586__4733/Y                       -       B->Y    F     NOR2xp33_ASAP7_75t_R          2  1.3    46    19    1130    (-,-) 
  u_cbm/SUB_UNS_OP276_g585/Y                             -       A->Y    R     INVx1_ASAP7_75t_R             2  1.0    17    14    1144    (-,-) 
  u_cbm/SUB_UNS_OP276_g583__5115/Y                       -       B->Y    F     NOR2xp33_ASAP7_75t_R          2  1.3    42    19    1162    (-,-) 
  u_cbm/SUB_UNS_OP276_g582/Y                             -       A->Y    R     INVx1_ASAP7_75t_R             2  0.8    15    12    1175    (-,-) 
  u_cbm/SUB_UNS_OP276_g580__6131/Y                       -       B->Y    F     NOR2xp33_ASAP7_75t_R          2  1.2    45    17    1192    (-,-) 
  u_cbm/SUB_UNS_OP276_g579/Y                             -       A->Y    R     INVx1_ASAP7_75t_R             2  0.8    15    12    1205    (-,-) 
  u_cbm/SUB_UNS_OP276_g577__8246/Y                       -       B->Y    F     NOR2xp33_ASAP7_75t_R          2  1.2    41    18    1222    (-,-) 
  u_cbm/SUB_UNS_OP276_g576/Y                             -       A->Y    R     INVx1_ASAP7_75t_R             2  0.8    14    12    1234    (-,-) 
  u_cbm/SUB_UNS_OP276_g574__1705/Y                       -       B->Y    F     NOR2xp33_ASAP7_75t_R          2  1.2    45    17    1252    (-,-) 
  u_cbm/SUB_UNS_OP276_g573/Y                             -       A->Y    R     INVx1_ASAP7_75t_R             2  1.0    16    14    1265    (-,-) 
  u_cbm/SUB_UNS_OP276_g571__1617/Y                       -       B->Y    F     NOR2xp33_ASAP7_75t_R          2  1.3    42    19    1284    (-,-) 
  u_cbm/SUB_UNS_OP276_g570/Y                             -       A->Y    R     INVx1_ASAP7_75t_R             2  1.0    16    13    1297    (-,-) 
  u_cbm/SUB_UNS_OP276_g568__6783/Y                       -       B->Y    F     NOR2xp33_ASAP7_75t_R          2  1.3    48    19    1316    (-,-) 
  u_cbm/SUB_UNS_OP276_g567/Y                             -       A->Y    R     INVx1_ASAP7_75t_R             2  1.0    17    14    1330    (-,-) 
  u_cbm/SUB_UNS_OP276_g565__8428/Y                       -       B->Y    F     NOR2xp33_ASAP7_75t_R          2  1.3    44    19    1349    (-,-) 
  u_cbm/SUB_UNS_OP276_g564/Y                             -       A->Y    R     INVx1_ASAP7_75t_R             2  1.0    16    14    1363    (-,-) 
  u_cbm/SUB_UNS_OP276_g562__6260/Y                       -       B->Y    F     NOR2xp33_ASAP7_75t_R          2  1.3    47    19    1382    (-,-) 
  u_cbm/SUB_UNS_OP276_g561/Y                             -       A->Y    R     INVx1_ASAP7_75t_R             2  1.0    17    14    1395    (-,-) 
  u_cbm/SUB_UNS_OP276_g559__2398/Y                       -       B->Y    F     NOR2xp33_ASAP7_75t_R          2  1.3    43    19    1414    (-,-) 
  u_cbm/SUB_UNS_OP276_g558/Y                             -       A->Y    R     INVx1_ASAP7_75t_R             2  1.0    16    13    1428    (-,-) 
  u_cbm/SUB_UNS_OP276_g556__6417/Y                       -       B->Y    F     NOR2xp33_ASAP7_75t_R          2  1.3    48    19    1446    (-,-) 
  u_cbm/SUB_UNS_OP276_g555/Y                             -       A->Y    R     INVx1_ASAP7_75t_R             2  1.0    17    14    1460    (-,-) 
  u_cbm/SUB_UNS_OP276_g553__1666/Y                       -       B->Y    F     NOR2xp33_ASAP7_75t_R          2  1.3    42    19    1479    (-,-) 
  u_cbm/SUB_UNS_OP276_g552/Y                             -       A->Y    R     INVx1_ASAP7_75t_R             2  1.0    16    13    1493    (-,-) 
  u_cbm/SUB_UNS_OP276_g550__2883/Y                       -       B->Y    F     NOR2xp33_ASAP7_75t_R          2  1.3    48    19    1511    (-,-) 
  u_cbm/SUB_UNS_OP276_g549/Y                             -       A->Y    R     INVx1_ASAP7_75t_R             2  1.0    17    14    1525    (-,-) 
  u_cbm/SUB_UNS_OP276_g547__9315/Y                       -       B->Y    F     NOR2xp33_ASAP7_75t_R          2  1.3    45    19    1544    (-,-) 
  u_cbm/SUB_UNS_OP276_g546/Y                             -       A->Y    R     INVx1_ASAP7_75t_R             2  1.0    16    14    1558    (-,-) 
  u_cbm/SUB_UNS_OP276_g544__4733/Y                       -       B->Y    F     NOR2xp33_ASAP7_75t_R          2  1.3    48    19    1577    (-,-) 
  u_cbm/SUB_UNS_OP276_g543/Y                             -       A->Y    R     INVx1_ASAP7_75t_R             2  1.0    17    14    1591    (-,-) 
  u_cbm/SUB_UNS_OP276_g541__5115/Y                       -       B->Y    F     NOR2xp33_ASAP7_75t_R          2  1.3    42    19    1610    (-,-) 
  u_cbm/SUB_UNS_OP276_g540/Y                             -       A->Y    R     INVx1_ASAP7_75t_R             2  1.0    16    13    1623    (-,-) 
  u_cbm/SUB_UNS_OP276_g538__6131/Y                       -       B->Y    F     NOR2xp33_ASAP7_75t_R          2  1.3    48    19    1642    (-,-) 
  u_cbm/SUB_UNS_OP276_g537/Y                             -       A->Y    R     INVx1_ASAP7_75t_R             2  1.0    17    14    1656    (-,-) 
  u_cbm/SUB_UNS_OP276_g535__8246/Y                       -       B->Y    F     NOR2xp33_ASAP7_75t_R          2  1.3    45    19    1675    (-,-) 
  u_cbm/SUB_UNS_OP276_g534/Y                             -       A->Y    R     INVx1_ASAP7_75t_R             2  1.0    16    14    1688    (-,-) 
  u_cbm/SUB_UNS_OP276_g532__1705/Y                       -       B->Y    F     NOR2xp33_ASAP7_75t_R          2  1.3    48    19    1707    (-,-) 
  u_cbm/SUB_UNS_OP276_g531/Y                             -       A->Y    R     INVx1_ASAP7_75t_R             2  1.0    17    14    1721    (-,-) 
  u_cbm/SUB_UNS_OP276_g529__1617/Y                       -       B->Y    F     NOR2xp33_ASAP7_75t_R          2  1.3    45    19    1740    (-,-) 
  u_cbm/SUB_UNS_OP276_g528/Y                             -       A->Y    R     INVx1_ASAP7_75t_R             2  1.0    16    14    1754    (-,-) 
  u_cbm/SUB_UNS_OP276_g526__6783/Y                       -       B->Y    F     NOR2xp33_ASAP7_75t_R          2  1.3    47    19    1772    (-,-) 
  u_cbm/SUB_UNS_OP276_g525/Y                             -       A->Y    R     INVx1_ASAP7_75t_R             2  0.8    15    13    1785    (-,-) 
  u_cbm/SUB_UNS_OP276_g523__8428/Y                       -       B->Y    F     NOR2xp33_ASAP7_75t_R          2  1.2    42    18    1803    (-,-) 
  u_cbm/SUB_UNS_OP276_g522/Y                             -       A->Y    R     INVx1_ASAP7_75t_R             2  1.0    16    13    1816    (-,-) 
  u_cbm/SUB_UNS_OP276_g520__6260/Y                       -       B->Y    F     NOR2xp33_ASAP7_75t_R          2  1.3    48    19    1835    (-,-) 
  u_cbm/SUB_UNS_OP276_g519/Y                             -       A->Y    R     INVx1_ASAP7_75t_R             2  0.8    16    13    1848    (-,-) 
  u_cbm/SUB_UNS_OP276_g517__2398/Y                       -       B->Y    F     NOR2xp33_ASAP7_75t_R          2  1.2    40    18    1866    (-,-) 
  u_cbm/SUB_UNS_OP276_g516/Y                             -       A->Y    R     INVx1_ASAP7_75t_R             2  1.0    16    13    1879    (-,-) 
  u_cbm/SUB_UNS_OP276_g514__6417/Y                       -       B->Y    F     NOR2xp33_ASAP7_75t_R          2  1.3    48    19    1897    (-,-) 
  u_cbm/SUB_UNS_OP276_g513/Y                             -       A->Y    R     INVx1_ASAP7_75t_R             2  1.0    17    14    1911    (-,-) 
  u_cbm/SUB_UNS_OP276_g511__1666/Y                       -       B->Y    F     NOR2xp33_ASAP7_75t_R          2  1.3    44    19    1930    (-,-) 
  u_cbm/SUB_UNS_OP276_g510/Y                             -       A->Y    R     INVx1_ASAP7_75t_R             2  1.0    16    14    1944    (-,-) 
  u_cbm/SUB_UNS_OP276_g508__2883/Y                       -       B->Y    F     NOR2xp33_ASAP7_75t_R          2  1.3    48    19    1963    (-,-) 
  u_cbm/SUB_UNS_OP276_g506__9945/Y                       -       B->Y    R     AOI21xp5_ASAP7_75t_R          1  0.5    25    17    1979    (-,-) 
  u_cbm/g9416__9315/Y                                    -       B2->Y   R     AO22x1_ASAP7_75t_R            5  3.6    27    29    2008    (-,-) 
  u_cbm/csa_tree_SUB_TC_OP109_groupi_g1946/Y             -       A->Y    F     INVxp67_ASAP7_75t_R           1  1.1    14    12    2020    (-,-) 
  u_cbm/csa_tree_SUB_TC_OP109_groupi_g1915__5107/Y       -       C->Y    R     MAJIxp5_ASAP7_75t_R           2  2.2    40    25    2045    (-,-) 
  u_cbm/g12611/SN                                        -       CI->SN  F     FAx1_ASAP7_75t_R              2  1.6    38    55    2099    (-,-) 
  u_cbm/csa_tree_SUB_TC_OP109_groupi_g1763__5122/Y       -       A->Y    R     MAJIxp5_ASAP7_75t_R           2  3.3    56    39    2138    (-,-) 
  u_cbm/g12608/SN                                        -       B->SN   F     FAx1_ASAP7_75t_R              2  1.0    37    49    2188    (-,-) 
  u_cbm/csa_tree_SUB_TC_OP109_groupi_g1751__6260/Y       -       A->Y    R     NAND2xp33_ASAP7_75t_R         2  1.2    35    29    2216    (-,-) 
  u_cbm/csa_tree_SUB_TC_OP109_groupi_g1749__2398/Y       -       A2->Y   R     AO21x1_ASAP7_75t_R            1  0.5     7    17    2234    (-,-) 
  u_cbm/csa_tree_SUB_TC_OP109_groupi_g1748__5477/Y       -       C->Y    F     OAI221xp5_ASAP7_75t_R         1  0.6    21    11    2245    (-,-) 
  u_cbm/csa_tree_SUB_TC_OP109_groupi_g1747__6417/Y       -       A->Y    R     MAJIxp5_ASAP7_75t_R           1  0.6    20    16    2261    (-,-) 
  u_cbm/csa_tree_SUB_TC_OP109_groupi_g1746__7410/Y       -       B->Y    R     OA21x2_ASAP7_75t_R            2  1.7    10    19    2280    (-,-) 
  u_cbm/g12432__8246/Y                                   -       B->Y    F     NOR2x1_ASAP7_75t_R           64 35.7   211    98    2378    (-,-) 
  u_cbm/g12249__5115/Y                                   -       A1->Y   R     AOI222xp33_ASAP7_75t_R        1  0.6    54    42    2420    (-,-) 
  u_cbm/multiplicand_q_reg[17]/D                         -       -       R     ASYNC_DFFHx1_ASAP7_75t_R      1    -     -     0    2420    (-,-) 
#------------------------------------------------------------------------------------------------------------------------------------------------



Path 37: MET (1997567 ps) Setup Check with Pin u_cbm/multiplicand_q_reg[14]/CLK->D
          Group: core_clock
     Startpoint: (R) u_frontend/u_decode/genblk1.u_fifo/rd_ptr_q_reg[0]/CLK
          Clock: (R) core_clock
       Endpoint: (R) u_cbm/multiplicand_q_reg[14]/D
          Clock: (R) core_clock

                      Capture       Launch     
        Clock Edge:+  2000000            0     
       Src Latency:+        0            0     
       Net Latency:+        0 (I)        0 (I) 
           Arrival:=  2000000            0     
                                               
             Setup:-       13                  
     Required Time:=  1999987                  
      Launch Clock:-        0                  
         Data Path:-     2420                  
             Slack:=  1997567                  

#------------------------------------------------------------------------------------------------------------------------------------------------
#                     Timing Point                       Flags    Arc    Edge           Cell            Fanout Load Trans Delay Arrival Instance 
#                                                                                                              (fF)  (ps)  (ps)   (ps)  Location 
#------------------------------------------------------------------------------------------------------------------------------------------------
  u_frontend/u_decode/genblk1.u_fifo/rd_ptr_q_reg[0]/CLK -       -       R     (arrival)                  5356    -     0     0       0    (-,-) 
  u_frontend/u_decode/genblk1.u_fifo/rd_ptr_q_reg[0]/QN  -       CLK->QN R     ASYNC_DFFHx1_ASAP7_75t_R      1  0.6    13    36      36    (-,-) 
  u_frontend/u_decode/genblk1.u_fifo/g2479/Y             -       A->Y    R     BUFx2_ASAP7_75t_R           102 51.6   156    82     118    (-,-) 
  u_frontend/u_decode/genblk1.u_fifo/g2891/Y             -       A->Y    F     INVx2_ASAP7_75t_R            97 48.2   144   106     224    (-,-) 
  u_frontend/u_decode/genblk1.u_fifo/g2804/Y             -       A2->Y   F     AO22x1_ASAP7_75t_R            3  2.0    17    40     264    (-,-) 
  u_issue/g28658/Y                                       -       B->Y    R     XNOR2xp5_ASAP7_75t_R          1  0.5    18    14     278    (-,-) 
  u_issue/g28644/Y                                       -       D->Y    F     NAND4xp25_ASAP7_75t_R         1  0.6    25    17     296    (-,-) 
  u_issue/g28641/Y                                       -       A->Y    R     NOR5xp2_ASAP7_75t_R           1  0.5    41    23     319    (-,-) 
  u_issue/g28640/Y                                       -       A->Y    F     NAND5xp2_ASAP7_75t_R          2  1.1    46    30     349    (-,-) 
  u_issue/g28639/Y                                       -       A->Y    F     OR5x1_ASAP7_75t_R             3  1.6    19    44     393    (-,-) 
  u_issue/g28638/Y                                       -       A->Y    F     OR2x2_ASAP7_75t_R            20 10.4    33    37     430    (-,-) 
  u_issue/g45300/Y                                       -       A->Y    R     INVx2_ASAP7_75t_R            99 56.3   169    87     517    (-,-) 
  u_issue/g28291/Y                                       -       B2->Y   R     AO22x1_ASAP7_75t_R           22 11.2    71    64     581    (-,-) 
  u_issue/g45298/Y                                       -       A->Y    F     INVx1_ASAP7_75t_R            17  9.2    58    44     624    (-,-) 
  u_issue/g44952/Y                                       -       A->Y    R     NAND2xp5_ASAP7_75t_R          4  2.1    37    32     656    (-,-) 
  u_issue/g44832/Y                                       -       A->Y    F     NOR3xp33_ASAP7_75t_R          2  0.8    28    15     671    (-,-) 
  u_issue/g44639/Y                                       -       A->Y    R     NOR2xp33_ASAP7_75t_R          3  1.7    40    27     698    (-,-) 
  u_issue/g44554/Y                                       -       A->Y    F     NAND3xp33_ASAP7_75t_R         4  2.9    55    36     734    (-,-) 
  u_issue/g44546/Y                                       -       A->Y    R     NOR3xp33_ASAP7_75t_R          3  1.9    55    38     772    (-,-) 
  u_issue/g44542/Y                                       -       A->Y    F     INVx1_ASAP7_75t_R             1  0.6    13    10     782    (-,-) 
  u_issue/g44512/Y                                       -       A->Y    R     NOR4xp25_ASAP7_75t_R         17  8.8   245   118     900    (-,-) 
  u_issue/drc_bufs45344/Y                                -       A->Y    F     INVx1_ASAP7_75t_R             1  0.7    32    15     915    (-,-) 
  u_issue/drc_bufs45343/Y                                -       A->Y    R     INVx1_ASAP7_75t_R            16  8.1    53    34     949    (-,-) 
  u_issue/g44217/Y                                       -       A1->Y   F     AOI222xp33_ASAP7_75t_R        1  0.6    62    20     969    (-,-) 
  u_issue/g44110/Y                                       -       B->Y    R     NAND2xp5_ASAP7_75t_R          1  0.5    20    18     987    (-,-) 
  u_issue/g44019/Y                                       -       C->Y    F     AOI221xp5_ASAP7_75t_R         1  0.6    36    12     999    (-,-) 
  u_issue/g43925/Y                                       -       B->Y    R     NAND2xp5_ASAP7_75t_R         18  9.2   102    58    1057    (-,-) 
  u_cbm/SUB_UNS_OP276_g589__9315/Y                       -       A->Y    F     NOR2xp33_ASAP7_75t_R          2  1.3    48    40    1097    (-,-) 
  u_cbm/SUB_UNS_OP276_g588/Y                             -       A->Y    R     INVx1_ASAP7_75t_R             2  1.0    17    14    1111    (-,-) 
  u_cbm/SUB_UNS_OP276_g586__4733/Y                       -       B->Y    F     NOR2xp33_ASAP7_75t_R          2  1.3    46    19    1130    (-,-) 
  u_cbm/SUB_UNS_OP276_g585/Y                             -       A->Y    R     INVx1_ASAP7_75t_R             2  1.0    17    14    1144    (-,-) 
  u_cbm/SUB_UNS_OP276_g583__5115/Y                       -       B->Y    F     NOR2xp33_ASAP7_75t_R          2  1.3    42    19    1162    (-,-) 
  u_cbm/SUB_UNS_OP276_g582/Y                             -       A->Y    R     INVx1_ASAP7_75t_R             2  0.8    15    12    1175    (-,-) 
  u_cbm/SUB_UNS_OP276_g580__6131/Y                       -       B->Y    F     NOR2xp33_ASAP7_75t_R          2  1.2    45    17    1192    (-,-) 
  u_cbm/SUB_UNS_OP276_g579/Y                             -       A->Y    R     INVx1_ASAP7_75t_R             2  0.8    15    12    1205    (-,-) 
  u_cbm/SUB_UNS_OP276_g577__8246/Y                       -       B->Y    F     NOR2xp33_ASAP7_75t_R          2  1.2    41    18    1222    (-,-) 
  u_cbm/SUB_UNS_OP276_g576/Y                             -       A->Y    R     INVx1_ASAP7_75t_R             2  0.8    14    12    1234    (-,-) 
  u_cbm/SUB_UNS_OP276_g574__1705/Y                       -       B->Y    F     NOR2xp33_ASAP7_75t_R          2  1.2    45    17    1252    (-,-) 
  u_cbm/SUB_UNS_OP276_g573/Y                             -       A->Y    R     INVx1_ASAP7_75t_R             2  1.0    16    14    1265    (-,-) 
  u_cbm/SUB_UNS_OP276_g571__1617/Y                       -       B->Y    F     NOR2xp33_ASAP7_75t_R          2  1.3    42    19    1284    (-,-) 
  u_cbm/SUB_UNS_OP276_g570/Y                             -       A->Y    R     INVx1_ASAP7_75t_R             2  1.0    16    13    1297    (-,-) 
  u_cbm/SUB_UNS_OP276_g568__6783/Y                       -       B->Y    F     NOR2xp33_ASAP7_75t_R          2  1.3    48    19    1316    (-,-) 
  u_cbm/SUB_UNS_OP276_g567/Y                             -       A->Y    R     INVx1_ASAP7_75t_R             2  1.0    17    14    1330    (-,-) 
  u_cbm/SUB_UNS_OP276_g565__8428/Y                       -       B->Y    F     NOR2xp33_ASAP7_75t_R          2  1.3    44    19    1349    (-,-) 
  u_cbm/SUB_UNS_OP276_g564/Y                             -       A->Y    R     INVx1_ASAP7_75t_R             2  1.0    16    14    1363    (-,-) 
  u_cbm/SUB_UNS_OP276_g562__6260/Y                       -       B->Y    F     NOR2xp33_ASAP7_75t_R          2  1.3    47    19    1382    (-,-) 
  u_cbm/SUB_UNS_OP276_g561/Y                             -       A->Y    R     INVx1_ASAP7_75t_R             2  1.0    17    14    1395    (-,-) 
  u_cbm/SUB_UNS_OP276_g559__2398/Y                       -       B->Y    F     NOR2xp33_ASAP7_75t_R          2  1.3    43    19    1414    (-,-) 
  u_cbm/SUB_UNS_OP276_g558/Y                             -       A->Y    R     INVx1_ASAP7_75t_R             2  1.0    16    13    1428    (-,-) 
  u_cbm/SUB_UNS_OP276_g556__6417/Y                       -       B->Y    F     NOR2xp33_ASAP7_75t_R          2  1.3    48    19    1446    (-,-) 
  u_cbm/SUB_UNS_OP276_g555/Y                             -       A->Y    R     INVx1_ASAP7_75t_R             2  1.0    17    14    1460    (-,-) 
  u_cbm/SUB_UNS_OP276_g553__1666/Y                       -       B->Y    F     NOR2xp33_ASAP7_75t_R          2  1.3    42    19    1479    (-,-) 
  u_cbm/SUB_UNS_OP276_g552/Y                             -       A->Y    R     INVx1_ASAP7_75t_R             2  1.0    16    13    1493    (-,-) 
  u_cbm/SUB_UNS_OP276_g550__2883/Y                       -       B->Y    F     NOR2xp33_ASAP7_75t_R          2  1.3    48    19    1511    (-,-) 
  u_cbm/SUB_UNS_OP276_g549/Y                             -       A->Y    R     INVx1_ASAP7_75t_R             2  1.0    17    14    1525    (-,-) 
  u_cbm/SUB_UNS_OP276_g547__9315/Y                       -       B->Y    F     NOR2xp33_ASAP7_75t_R          2  1.3    45    19    1544    (-,-) 
  u_cbm/SUB_UNS_OP276_g546/Y                             -       A->Y    R     INVx1_ASAP7_75t_R             2  1.0    16    14    1558    (-,-) 
  u_cbm/SUB_UNS_OP276_g544__4733/Y                       -       B->Y    F     NOR2xp33_ASAP7_75t_R          2  1.3    48    19    1577    (-,-) 
  u_cbm/SUB_UNS_OP276_g543/Y                             -       A->Y    R     INVx1_ASAP7_75t_R             2  1.0    17    14    1591    (-,-) 
  u_cbm/SUB_UNS_OP276_g541__5115/Y                       -       B->Y    F     NOR2xp33_ASAP7_75t_R          2  1.3    42    19    1610    (-,-) 
  u_cbm/SUB_UNS_OP276_g540/Y                             -       A->Y    R     INVx1_ASAP7_75t_R             2  1.0    16    13    1623    (-,-) 
  u_cbm/SUB_UNS_OP276_g538__6131/Y                       -       B->Y    F     NOR2xp33_ASAP7_75t_R          2  1.3    48    19    1642    (-,-) 
  u_cbm/SUB_UNS_OP276_g537/Y                             -       A->Y    R     INVx1_ASAP7_75t_R             2  1.0    17    14    1656    (-,-) 
  u_cbm/SUB_UNS_OP276_g535__8246/Y                       -       B->Y    F     NOR2xp33_ASAP7_75t_R          2  1.3    45    19    1675    (-,-) 
  u_cbm/SUB_UNS_OP276_g534/Y                             -       A->Y    R     INVx1_ASAP7_75t_R             2  1.0    16    14    1688    (-,-) 
  u_cbm/SUB_UNS_OP276_g532__1705/Y                       -       B->Y    F     NOR2xp33_ASAP7_75t_R          2  1.3    48    19    1707    (-,-) 
  u_cbm/SUB_UNS_OP276_g531/Y                             -       A->Y    R     INVx1_ASAP7_75t_R             2  1.0    17    14    1721    (-,-) 
  u_cbm/SUB_UNS_OP276_g529__1617/Y                       -       B->Y    F     NOR2xp33_ASAP7_75t_R          2  1.3    45    19    1740    (-,-) 
  u_cbm/SUB_UNS_OP276_g528/Y                             -       A->Y    R     INVx1_ASAP7_75t_R             2  1.0    16    14    1754    (-,-) 
  u_cbm/SUB_UNS_OP276_g526__6783/Y                       -       B->Y    F     NOR2xp33_ASAP7_75t_R          2  1.3    47    19    1772    (-,-) 
  u_cbm/SUB_UNS_OP276_g525/Y                             -       A->Y    R     INVx1_ASAP7_75t_R             2  0.8    15    13    1785    (-,-) 
  u_cbm/SUB_UNS_OP276_g523__8428/Y                       -       B->Y    F     NOR2xp33_ASAP7_75t_R          2  1.2    42    18    1803    (-,-) 
  u_cbm/SUB_UNS_OP276_g522/Y                             -       A->Y    R     INVx1_ASAP7_75t_R             2  1.0    16    13    1816    (-,-) 
  u_cbm/SUB_UNS_OP276_g520__6260/Y                       -       B->Y    F     NOR2xp33_ASAP7_75t_R          2  1.3    48    19    1835    (-,-) 
  u_cbm/SUB_UNS_OP276_g519/Y                             -       A->Y    R     INVx1_ASAP7_75t_R             2  0.8    16    13    1848    (-,-) 
  u_cbm/SUB_UNS_OP276_g517__2398/Y                       -       B->Y    F     NOR2xp33_ASAP7_75t_R          2  1.2    40    18    1866    (-,-) 
  u_cbm/SUB_UNS_OP276_g516/Y                             -       A->Y    R     INVx1_ASAP7_75t_R             2  1.0    16    13    1879    (-,-) 
  u_cbm/SUB_UNS_OP276_g514__6417/Y                       -       B->Y    F     NOR2xp33_ASAP7_75t_R          2  1.3    48    19    1897    (-,-) 
  u_cbm/SUB_UNS_OP276_g513/Y                             -       A->Y    R     INVx1_ASAP7_75t_R             2  1.0    17    14    1911    (-,-) 
  u_cbm/SUB_UNS_OP276_g511__1666/Y                       -       B->Y    F     NOR2xp33_ASAP7_75t_R          2  1.3    44    19    1930    (-,-) 
  u_cbm/SUB_UNS_OP276_g510/Y                             -       A->Y    R     INVx1_ASAP7_75t_R             2  1.0    16    14    1944    (-,-) 
  u_cbm/SUB_UNS_OP276_g508__2883/Y                       -       B->Y    F     NOR2xp33_ASAP7_75t_R          2  1.3    48    19    1963    (-,-) 
  u_cbm/SUB_UNS_OP276_g506__9945/Y                       -       B->Y    R     AOI21xp5_ASAP7_75t_R          1  0.5    25    17    1979    (-,-) 
  u_cbm/g9416__9315/Y                                    -       B2->Y   R     AO22x1_ASAP7_75t_R            5  3.6    27    29    2008    (-,-) 
  u_cbm/csa_tree_SUB_TC_OP109_groupi_g1946/Y             -       A->Y    F     INVxp67_ASAP7_75t_R           1  1.1    14    12    2020    (-,-) 
  u_cbm/csa_tree_SUB_TC_OP109_groupi_g1915__5107/Y       -       C->Y    R     MAJIxp5_ASAP7_75t_R           2  2.2    40    25    2045    (-,-) 
  u_cbm/g12611/SN                                        -       CI->SN  F     FAx1_ASAP7_75t_R              2  1.6    38    55    2099    (-,-) 
  u_cbm/csa_tree_SUB_TC_OP109_groupi_g1763__5122/Y       -       A->Y    R     MAJIxp5_ASAP7_75t_R           2  3.3    56    39    2138    (-,-) 
  u_cbm/g12608/SN                                        -       B->SN   F     FAx1_ASAP7_75t_R              2  1.0    37    49    2188    (-,-) 
  u_cbm/csa_tree_SUB_TC_OP109_groupi_g1751__6260/Y       -       A->Y    R     NAND2xp33_ASAP7_75t_R         2  1.2    35    29    2216    (-,-) 
  u_cbm/csa_tree_SUB_TC_OP109_groupi_g1749__2398/Y       -       A2->Y   R     AO21x1_ASAP7_75t_R            1  0.5     7    17    2234    (-,-) 
  u_cbm/csa_tree_SUB_TC_OP109_groupi_g1748__5477/Y       -       C->Y    F     OAI221xp5_ASAP7_75t_R         1  0.6    21    11    2245    (-,-) 
  u_cbm/csa_tree_SUB_TC_OP109_groupi_g1747__6417/Y       -       A->Y    R     MAJIxp5_ASAP7_75t_R           1  0.6    20    16    2261    (-,-) 
  u_cbm/csa_tree_SUB_TC_OP109_groupi_g1746__7410/Y       -       B->Y    R     OA21x2_ASAP7_75t_R            2  1.7    10    19    2280    (-,-) 
  u_cbm/g12432__8246/Y                                   -       B->Y    F     NOR2x1_ASAP7_75t_R           64 35.7   211    98    2378    (-,-) 
  u_cbm/g12245__8246/Y                                   -       A1->Y   R     AOI222xp33_ASAP7_75t_R        1  0.6    54    42    2420    (-,-) 
  u_cbm/multiplicand_q_reg[14]/D                         -       -       R     ASYNC_DFFHx1_ASAP7_75t_R      1    -     -     0    2420    (-,-) 
#------------------------------------------------------------------------------------------------------------------------------------------------



Path 38: MET (1997567 ps) Setup Check with Pin u_cbm/multiplicand_q_reg[9]/CLK->D
          Group: core_clock
     Startpoint: (R) u_frontend/u_decode/genblk1.u_fifo/rd_ptr_q_reg[0]/CLK
          Clock: (R) core_clock
       Endpoint: (R) u_cbm/multiplicand_q_reg[9]/D
          Clock: (R) core_clock

                      Capture       Launch     
        Clock Edge:+  2000000            0     
       Src Latency:+        0            0     
       Net Latency:+        0 (I)        0 (I) 
           Arrival:=  2000000            0     
                                               
             Setup:-       13                  
     Required Time:=  1999987                  
      Launch Clock:-        0                  
         Data Path:-     2420                  
             Slack:=  1997567                  

#------------------------------------------------------------------------------------------------------------------------------------------------
#                     Timing Point                       Flags    Arc    Edge           Cell            Fanout Load Trans Delay Arrival Instance 
#                                                                                                              (fF)  (ps)  (ps)   (ps)  Location 
#------------------------------------------------------------------------------------------------------------------------------------------------
  u_frontend/u_decode/genblk1.u_fifo/rd_ptr_q_reg[0]/CLK -       -       R     (arrival)                  5356    -     0     0       0    (-,-) 
  u_frontend/u_decode/genblk1.u_fifo/rd_ptr_q_reg[0]/QN  -       CLK->QN R     ASYNC_DFFHx1_ASAP7_75t_R      1  0.6    13    36      36    (-,-) 
  u_frontend/u_decode/genblk1.u_fifo/g2479/Y             -       A->Y    R     BUFx2_ASAP7_75t_R           102 51.6   156    82     118    (-,-) 
  u_frontend/u_decode/genblk1.u_fifo/g2891/Y             -       A->Y    F     INVx2_ASAP7_75t_R            97 48.2   144   106     224    (-,-) 
  u_frontend/u_decode/genblk1.u_fifo/g2804/Y             -       A2->Y   F     AO22x1_ASAP7_75t_R            3  2.0    17    40     264    (-,-) 
  u_issue/g28658/Y                                       -       B->Y    R     XNOR2xp5_ASAP7_75t_R          1  0.5    18    14     278    (-,-) 
  u_issue/g28644/Y                                       -       D->Y    F     NAND4xp25_ASAP7_75t_R         1  0.6    25    17     296    (-,-) 
  u_issue/g28641/Y                                       -       A->Y    R     NOR5xp2_ASAP7_75t_R           1  0.5    41    23     319    (-,-) 
  u_issue/g28640/Y                                       -       A->Y    F     NAND5xp2_ASAP7_75t_R          2  1.1    46    30     349    (-,-) 
  u_issue/g28639/Y                                       -       A->Y    F     OR5x1_ASAP7_75t_R             3  1.6    19    44     393    (-,-) 
  u_issue/g28638/Y                                       -       A->Y    F     OR2x2_ASAP7_75t_R            20 10.4    33    37     430    (-,-) 
  u_issue/g45300/Y                                       -       A->Y    R     INVx2_ASAP7_75t_R            99 56.3   169    87     517    (-,-) 
  u_issue/g28291/Y                                       -       B2->Y   R     AO22x1_ASAP7_75t_R           22 11.2    71    64     581    (-,-) 
  u_issue/g45298/Y                                       -       A->Y    F     INVx1_ASAP7_75t_R            17  9.2    58    44     624    (-,-) 
  u_issue/g44952/Y                                       -       A->Y    R     NAND2xp5_ASAP7_75t_R          4  2.1    37    32     656    (-,-) 
  u_issue/g44832/Y                                       -       A->Y    F     NOR3xp33_ASAP7_75t_R          2  0.8    28    15     671    (-,-) 
  u_issue/g44639/Y                                       -       A->Y    R     NOR2xp33_ASAP7_75t_R          3  1.7    40    27     698    (-,-) 
  u_issue/g44554/Y                                       -       A->Y    F     NAND3xp33_ASAP7_75t_R         4  2.9    55    36     734    (-,-) 
  u_issue/g44546/Y                                       -       A->Y    R     NOR3xp33_ASAP7_75t_R          3  1.9    55    38     772    (-,-) 
  u_issue/g44542/Y                                       -       A->Y    F     INVx1_ASAP7_75t_R             1  0.6    13    10     782    (-,-) 
  u_issue/g44512/Y                                       -       A->Y    R     NOR4xp25_ASAP7_75t_R         17  8.8   245   118     900    (-,-) 
  u_issue/drc_bufs45344/Y                                -       A->Y    F     INVx1_ASAP7_75t_R             1  0.7    32    15     915    (-,-) 
  u_issue/drc_bufs45343/Y                                -       A->Y    R     INVx1_ASAP7_75t_R            16  8.1    53    34     949    (-,-) 
  u_issue/g44217/Y                                       -       A1->Y   F     AOI222xp33_ASAP7_75t_R        1  0.6    62    20     969    (-,-) 
  u_issue/g44110/Y                                       -       B->Y    R     NAND2xp5_ASAP7_75t_R          1  0.5    20    18     987    (-,-) 
  u_issue/g44019/Y                                       -       C->Y    F     AOI221xp5_ASAP7_75t_R         1  0.6    36    12     999    (-,-) 
  u_issue/g43925/Y                                       -       B->Y    R     NAND2xp5_ASAP7_75t_R         18  9.2   102    58    1057    (-,-) 
  u_cbm/SUB_UNS_OP276_g589__9315/Y                       -       A->Y    F     NOR2xp33_ASAP7_75t_R          2  1.3    48    40    1097    (-,-) 
  u_cbm/SUB_UNS_OP276_g588/Y                             -       A->Y    R     INVx1_ASAP7_75t_R             2  1.0    17    14    1111    (-,-) 
  u_cbm/SUB_UNS_OP276_g586__4733/Y                       -       B->Y    F     NOR2xp33_ASAP7_75t_R          2  1.3    46    19    1130    (-,-) 
  u_cbm/SUB_UNS_OP276_g585/Y                             -       A->Y    R     INVx1_ASAP7_75t_R             2  1.0    17    14    1144    (-,-) 
  u_cbm/SUB_UNS_OP276_g583__5115/Y                       -       B->Y    F     NOR2xp33_ASAP7_75t_R          2  1.3    42    19    1162    (-,-) 
  u_cbm/SUB_UNS_OP276_g582/Y                             -       A->Y    R     INVx1_ASAP7_75t_R             2  0.8    15    12    1175    (-,-) 
  u_cbm/SUB_UNS_OP276_g580__6131/Y                       -       B->Y    F     NOR2xp33_ASAP7_75t_R          2  1.2    45    17    1192    (-,-) 
  u_cbm/SUB_UNS_OP276_g579/Y                             -       A->Y    R     INVx1_ASAP7_75t_R             2  0.8    15    12    1205    (-,-) 
  u_cbm/SUB_UNS_OP276_g577__8246/Y                       -       B->Y    F     NOR2xp33_ASAP7_75t_R          2  1.2    41    18    1222    (-,-) 
  u_cbm/SUB_UNS_OP276_g576/Y                             -       A->Y    R     INVx1_ASAP7_75t_R             2  0.8    14    12    1234    (-,-) 
  u_cbm/SUB_UNS_OP276_g574__1705/Y                       -       B->Y    F     NOR2xp33_ASAP7_75t_R          2  1.2    45    17    1252    (-,-) 
  u_cbm/SUB_UNS_OP276_g573/Y                             -       A->Y    R     INVx1_ASAP7_75t_R             2  1.0    16    14    1265    (-,-) 
  u_cbm/SUB_UNS_OP276_g571__1617/Y                       -       B->Y    F     NOR2xp33_ASAP7_75t_R          2  1.3    42    19    1284    (-,-) 
  u_cbm/SUB_UNS_OP276_g570/Y                             -       A->Y    R     INVx1_ASAP7_75t_R             2  1.0    16    13    1297    (-,-) 
  u_cbm/SUB_UNS_OP276_g568__6783/Y                       -       B->Y    F     NOR2xp33_ASAP7_75t_R          2  1.3    48    19    1316    (-,-) 
  u_cbm/SUB_UNS_OP276_g567/Y                             -       A->Y    R     INVx1_ASAP7_75t_R             2  1.0    17    14    1330    (-,-) 
  u_cbm/SUB_UNS_OP276_g565__8428/Y                       -       B->Y    F     NOR2xp33_ASAP7_75t_R          2  1.3    44    19    1349    (-,-) 
  u_cbm/SUB_UNS_OP276_g564/Y                             -       A->Y    R     INVx1_ASAP7_75t_R             2  1.0    16    14    1363    (-,-) 
  u_cbm/SUB_UNS_OP276_g562__6260/Y                       -       B->Y    F     NOR2xp33_ASAP7_75t_R          2  1.3    47    19    1382    (-,-) 
  u_cbm/SUB_UNS_OP276_g561/Y                             -       A->Y    R     INVx1_ASAP7_75t_R             2  1.0    17    14    1395    (-,-) 
  u_cbm/SUB_UNS_OP276_g559__2398/Y                       -       B->Y    F     NOR2xp33_ASAP7_75t_R          2  1.3    43    19    1414    (-,-) 
  u_cbm/SUB_UNS_OP276_g558/Y                             -       A->Y    R     INVx1_ASAP7_75t_R             2  1.0    16    13    1428    (-,-) 
  u_cbm/SUB_UNS_OP276_g556__6417/Y                       -       B->Y    F     NOR2xp33_ASAP7_75t_R          2  1.3    48    19    1446    (-,-) 
  u_cbm/SUB_UNS_OP276_g555/Y                             -       A->Y    R     INVx1_ASAP7_75t_R             2  1.0    17    14    1460    (-,-) 
  u_cbm/SUB_UNS_OP276_g553__1666/Y                       -       B->Y    F     NOR2xp33_ASAP7_75t_R          2  1.3    42    19    1479    (-,-) 
  u_cbm/SUB_UNS_OP276_g552/Y                             -       A->Y    R     INVx1_ASAP7_75t_R             2  1.0    16    13    1493    (-,-) 
  u_cbm/SUB_UNS_OP276_g550__2883/Y                       -       B->Y    F     NOR2xp33_ASAP7_75t_R          2  1.3    48    19    1511    (-,-) 
  u_cbm/SUB_UNS_OP276_g549/Y                             -       A->Y    R     INVx1_ASAP7_75t_R             2  1.0    17    14    1525    (-,-) 
  u_cbm/SUB_UNS_OP276_g547__9315/Y                       -       B->Y    F     NOR2xp33_ASAP7_75t_R          2  1.3    45    19    1544    (-,-) 
  u_cbm/SUB_UNS_OP276_g546/Y                             -       A->Y    R     INVx1_ASAP7_75t_R             2  1.0    16    14    1558    (-,-) 
  u_cbm/SUB_UNS_OP276_g544__4733/Y                       -       B->Y    F     NOR2xp33_ASAP7_75t_R          2  1.3    48    19    1577    (-,-) 
  u_cbm/SUB_UNS_OP276_g543/Y                             -       A->Y    R     INVx1_ASAP7_75t_R             2  1.0    17    14    1591    (-,-) 
  u_cbm/SUB_UNS_OP276_g541__5115/Y                       -       B->Y    F     NOR2xp33_ASAP7_75t_R          2  1.3    42    19    1610    (-,-) 
  u_cbm/SUB_UNS_OP276_g540/Y                             -       A->Y    R     INVx1_ASAP7_75t_R             2  1.0    16    13    1623    (-,-) 
  u_cbm/SUB_UNS_OP276_g538__6131/Y                       -       B->Y    F     NOR2xp33_ASAP7_75t_R          2  1.3    48    19    1642    (-,-) 
  u_cbm/SUB_UNS_OP276_g537/Y                             -       A->Y    R     INVx1_ASAP7_75t_R             2  1.0    17    14    1656    (-,-) 
  u_cbm/SUB_UNS_OP276_g535__8246/Y                       -       B->Y    F     NOR2xp33_ASAP7_75t_R          2  1.3    45    19    1675    (-,-) 
  u_cbm/SUB_UNS_OP276_g534/Y                             -       A->Y    R     INVx1_ASAP7_75t_R             2  1.0    16    14    1688    (-,-) 
  u_cbm/SUB_UNS_OP276_g532__1705/Y                       -       B->Y    F     NOR2xp33_ASAP7_75t_R          2  1.3    48    19    1707    (-,-) 
  u_cbm/SUB_UNS_OP276_g531/Y                             -       A->Y    R     INVx1_ASAP7_75t_R             2  1.0    17    14    1721    (-,-) 
  u_cbm/SUB_UNS_OP276_g529__1617/Y                       -       B->Y    F     NOR2xp33_ASAP7_75t_R          2  1.3    45    19    1740    (-,-) 
  u_cbm/SUB_UNS_OP276_g528/Y                             -       A->Y    R     INVx1_ASAP7_75t_R             2  1.0    16    14    1754    (-,-) 
  u_cbm/SUB_UNS_OP276_g526__6783/Y                       -       B->Y    F     NOR2xp33_ASAP7_75t_R          2  1.3    47    19    1772    (-,-) 
  u_cbm/SUB_UNS_OP276_g525/Y                             -       A->Y    R     INVx1_ASAP7_75t_R             2  0.8    15    13    1785    (-,-) 
  u_cbm/SUB_UNS_OP276_g523__8428/Y                       -       B->Y    F     NOR2xp33_ASAP7_75t_R          2  1.2    42    18    1803    (-,-) 
  u_cbm/SUB_UNS_OP276_g522/Y                             -       A->Y    R     INVx1_ASAP7_75t_R             2  1.0    16    13    1816    (-,-) 
  u_cbm/SUB_UNS_OP276_g520__6260/Y                       -       B->Y    F     NOR2xp33_ASAP7_75t_R          2  1.3    48    19    1835    (-,-) 
  u_cbm/SUB_UNS_OP276_g519/Y                             -       A->Y    R     INVx1_ASAP7_75t_R             2  0.8    16    13    1848    (-,-) 
  u_cbm/SUB_UNS_OP276_g517__2398/Y                       -       B->Y    F     NOR2xp33_ASAP7_75t_R          2  1.2    40    18    1866    (-,-) 
  u_cbm/SUB_UNS_OP276_g516/Y                             -       A->Y    R     INVx1_ASAP7_75t_R             2  1.0    16    13    1879    (-,-) 
  u_cbm/SUB_UNS_OP276_g514__6417/Y                       -       B->Y    F     NOR2xp33_ASAP7_75t_R          2  1.3    48    19    1897    (-,-) 
  u_cbm/SUB_UNS_OP276_g513/Y                             -       A->Y    R     INVx1_ASAP7_75t_R             2  1.0    17    14    1911    (-,-) 
  u_cbm/SUB_UNS_OP276_g511__1666/Y                       -       B->Y    F     NOR2xp33_ASAP7_75t_R          2  1.3    44    19    1930    (-,-) 
  u_cbm/SUB_UNS_OP276_g510/Y                             -       A->Y    R     INVx1_ASAP7_75t_R             2  1.0    16    14    1944    (-,-) 
  u_cbm/SUB_UNS_OP276_g508__2883/Y                       -       B->Y    F     NOR2xp33_ASAP7_75t_R          2  1.3    48    19    1963    (-,-) 
  u_cbm/SUB_UNS_OP276_g506__9945/Y                       -       B->Y    R     AOI21xp5_ASAP7_75t_R          1  0.5    25    17    1979    (-,-) 
  u_cbm/g9416__9315/Y                                    -       B2->Y   R     AO22x1_ASAP7_75t_R            5  3.6    27    29    2008    (-,-) 
  u_cbm/csa_tree_SUB_TC_OP109_groupi_g1946/Y             -       A->Y    F     INVxp67_ASAP7_75t_R           1  1.1    14    12    2020    (-,-) 
  u_cbm/csa_tree_SUB_TC_OP109_groupi_g1915__5107/Y       -       C->Y    R     MAJIxp5_ASAP7_75t_R           2  2.2    40    25    2045    (-,-) 
  u_cbm/g12611/SN                                        -       CI->SN  F     FAx1_ASAP7_75t_R              2  1.6    38    55    2099    (-,-) 
  u_cbm/csa_tree_SUB_TC_OP109_groupi_g1763__5122/Y       -       A->Y    R     MAJIxp5_ASAP7_75t_R           2  3.3    56    39    2138    (-,-) 
  u_cbm/g12608/SN                                        -       B->SN   F     FAx1_ASAP7_75t_R              2  1.0    37    49    2188    (-,-) 
  u_cbm/csa_tree_SUB_TC_OP109_groupi_g1751__6260/Y       -       A->Y    R     NAND2xp33_ASAP7_75t_R         2  1.2    35    29    2216    (-,-) 
  u_cbm/csa_tree_SUB_TC_OP109_groupi_g1749__2398/Y       -       A2->Y   R     AO21x1_ASAP7_75t_R            1  0.5     7    17    2234    (-,-) 
  u_cbm/csa_tree_SUB_TC_OP109_groupi_g1748__5477/Y       -       C->Y    F     OAI221xp5_ASAP7_75t_R         1  0.6    21    11    2245    (-,-) 
  u_cbm/csa_tree_SUB_TC_OP109_groupi_g1747__6417/Y       -       A->Y    R     MAJIxp5_ASAP7_75t_R           1  0.6    20    16    2261    (-,-) 
  u_cbm/csa_tree_SUB_TC_OP109_groupi_g1746__7410/Y       -       B->Y    R     OA21x2_ASAP7_75t_R            2  1.7    10    19    2280    (-,-) 
  u_cbm/g12432__8246/Y                                   -       B->Y    F     NOR2x1_ASAP7_75t_R           64 35.7   211    98    2378    (-,-) 
  u_cbm/g12241__1617/Y                                   -       A1->Y   R     AOI222xp33_ASAP7_75t_R        1  0.6    54    42    2420    (-,-) 
  u_cbm/multiplicand_q_reg[9]/D                          -       -       R     ASYNC_DFFHx1_ASAP7_75t_R      1    -     -     0    2420    (-,-) 
#------------------------------------------------------------------------------------------------------------------------------------------------



Path 39: MET (1997567 ps) Setup Check with Pin u_cbm/multiplicand_q_reg[8]/CLK->D
          Group: core_clock
     Startpoint: (R) u_frontend/u_decode/genblk1.u_fifo/rd_ptr_q_reg[0]/CLK
          Clock: (R) core_clock
       Endpoint: (R) u_cbm/multiplicand_q_reg[8]/D
          Clock: (R) core_clock

                      Capture       Launch     
        Clock Edge:+  2000000            0     
       Src Latency:+        0            0     
       Net Latency:+        0 (I)        0 (I) 
           Arrival:=  2000000            0     
                                               
             Setup:-       13                  
     Required Time:=  1999987                  
      Launch Clock:-        0                  
         Data Path:-     2420                  
             Slack:=  1997567                  

#------------------------------------------------------------------------------------------------------------------------------------------------
#                     Timing Point                       Flags    Arc    Edge           Cell            Fanout Load Trans Delay Arrival Instance 
#                                                                                                              (fF)  (ps)  (ps)   (ps)  Location 
#------------------------------------------------------------------------------------------------------------------------------------------------
  u_frontend/u_decode/genblk1.u_fifo/rd_ptr_q_reg[0]/CLK -       -       R     (arrival)                  5356    -     0     0       0    (-,-) 
  u_frontend/u_decode/genblk1.u_fifo/rd_ptr_q_reg[0]/QN  -       CLK->QN R     ASYNC_DFFHx1_ASAP7_75t_R      1  0.6    13    36      36    (-,-) 
  u_frontend/u_decode/genblk1.u_fifo/g2479/Y             -       A->Y    R     BUFx2_ASAP7_75t_R           102 51.6   156    82     118    (-,-) 
  u_frontend/u_decode/genblk1.u_fifo/g2891/Y             -       A->Y    F     INVx2_ASAP7_75t_R            97 48.2   144   106     224    (-,-) 
  u_frontend/u_decode/genblk1.u_fifo/g2804/Y             -       A2->Y   F     AO22x1_ASAP7_75t_R            3  2.0    17    40     264    (-,-) 
  u_issue/g28658/Y                                       -       B->Y    R     XNOR2xp5_ASAP7_75t_R          1  0.5    18    14     278    (-,-) 
  u_issue/g28644/Y                                       -       D->Y    F     NAND4xp25_ASAP7_75t_R         1  0.6    25    17     296    (-,-) 
  u_issue/g28641/Y                                       -       A->Y    R     NOR5xp2_ASAP7_75t_R           1  0.5    41    23     319    (-,-) 
  u_issue/g28640/Y                                       -       A->Y    F     NAND5xp2_ASAP7_75t_R          2  1.1    46    30     349    (-,-) 
  u_issue/g28639/Y                                       -       A->Y    F     OR5x1_ASAP7_75t_R             3  1.6    19    44     393    (-,-) 
  u_issue/g28638/Y                                       -       A->Y    F     OR2x2_ASAP7_75t_R            20 10.4    33    37     430    (-,-) 
  u_issue/g45300/Y                                       -       A->Y    R     INVx2_ASAP7_75t_R            99 56.3   169    87     517    (-,-) 
  u_issue/g28291/Y                                       -       B2->Y   R     AO22x1_ASAP7_75t_R           22 11.2    71    64     581    (-,-) 
  u_issue/g45298/Y                                       -       A->Y    F     INVx1_ASAP7_75t_R            17  9.2    58    44     624    (-,-) 
  u_issue/g44952/Y                                       -       A->Y    R     NAND2xp5_ASAP7_75t_R          4  2.1    37    32     656    (-,-) 
  u_issue/g44832/Y                                       -       A->Y    F     NOR3xp33_ASAP7_75t_R          2  0.8    28    15     671    (-,-) 
  u_issue/g44639/Y                                       -       A->Y    R     NOR2xp33_ASAP7_75t_R          3  1.7    40    27     698    (-,-) 
  u_issue/g44554/Y                                       -       A->Y    F     NAND3xp33_ASAP7_75t_R         4  2.9    55    36     734    (-,-) 
  u_issue/g44546/Y                                       -       A->Y    R     NOR3xp33_ASAP7_75t_R          3  1.9    55    38     772    (-,-) 
  u_issue/g44542/Y                                       -       A->Y    F     INVx1_ASAP7_75t_R             1  0.6    13    10     782    (-,-) 
  u_issue/g44512/Y                                       -       A->Y    R     NOR4xp25_ASAP7_75t_R         17  8.8   245   118     900    (-,-) 
  u_issue/drc_bufs45344/Y                                -       A->Y    F     INVx1_ASAP7_75t_R             1  0.7    32    15     915    (-,-) 
  u_issue/drc_bufs45343/Y                                -       A->Y    R     INVx1_ASAP7_75t_R            16  8.1    53    34     949    (-,-) 
  u_issue/g44217/Y                                       -       A1->Y   F     AOI222xp33_ASAP7_75t_R        1  0.6    62    20     969    (-,-) 
  u_issue/g44110/Y                                       -       B->Y    R     NAND2xp5_ASAP7_75t_R          1  0.5    20    18     987    (-,-) 
  u_issue/g44019/Y                                       -       C->Y    F     AOI221xp5_ASAP7_75t_R         1  0.6    36    12     999    (-,-) 
  u_issue/g43925/Y                                       -       B->Y    R     NAND2xp5_ASAP7_75t_R         18  9.2   102    58    1057    (-,-) 
  u_cbm/SUB_UNS_OP276_g589__9315/Y                       -       A->Y    F     NOR2xp33_ASAP7_75t_R          2  1.3    48    40    1097    (-,-) 
  u_cbm/SUB_UNS_OP276_g588/Y                             -       A->Y    R     INVx1_ASAP7_75t_R             2  1.0    17    14    1111    (-,-) 
  u_cbm/SUB_UNS_OP276_g586__4733/Y                       -       B->Y    F     NOR2xp33_ASAP7_75t_R          2  1.3    46    19    1130    (-,-) 
  u_cbm/SUB_UNS_OP276_g585/Y                             -       A->Y    R     INVx1_ASAP7_75t_R             2  1.0    17    14    1144    (-,-) 
  u_cbm/SUB_UNS_OP276_g583__5115/Y                       -       B->Y    F     NOR2xp33_ASAP7_75t_R          2  1.3    42    19    1162    (-,-) 
  u_cbm/SUB_UNS_OP276_g582/Y                             -       A->Y    R     INVx1_ASAP7_75t_R             2  0.8    15    12    1175    (-,-) 
  u_cbm/SUB_UNS_OP276_g580__6131/Y                       -       B->Y    F     NOR2xp33_ASAP7_75t_R          2  1.2    45    17    1192    (-,-) 
  u_cbm/SUB_UNS_OP276_g579/Y                             -       A->Y    R     INVx1_ASAP7_75t_R             2  0.8    15    12    1205    (-,-) 
  u_cbm/SUB_UNS_OP276_g577__8246/Y                       -       B->Y    F     NOR2xp33_ASAP7_75t_R          2  1.2    41    18    1222    (-,-) 
  u_cbm/SUB_UNS_OP276_g576/Y                             -       A->Y    R     INVx1_ASAP7_75t_R             2  0.8    14    12    1234    (-,-) 
  u_cbm/SUB_UNS_OP276_g574__1705/Y                       -       B->Y    F     NOR2xp33_ASAP7_75t_R          2  1.2    45    17    1252    (-,-) 
  u_cbm/SUB_UNS_OP276_g573/Y                             -       A->Y    R     INVx1_ASAP7_75t_R             2  1.0    16    14    1265    (-,-) 
  u_cbm/SUB_UNS_OP276_g571__1617/Y                       -       B->Y    F     NOR2xp33_ASAP7_75t_R          2  1.3    42    19    1284    (-,-) 
  u_cbm/SUB_UNS_OP276_g570/Y                             -       A->Y    R     INVx1_ASAP7_75t_R             2  1.0    16    13    1297    (-,-) 
  u_cbm/SUB_UNS_OP276_g568__6783/Y                       -       B->Y    F     NOR2xp33_ASAP7_75t_R          2  1.3    48    19    1316    (-,-) 
  u_cbm/SUB_UNS_OP276_g567/Y                             -       A->Y    R     INVx1_ASAP7_75t_R             2  1.0    17    14    1330    (-,-) 
  u_cbm/SUB_UNS_OP276_g565__8428/Y                       -       B->Y    F     NOR2xp33_ASAP7_75t_R          2  1.3    44    19    1349    (-,-) 
  u_cbm/SUB_UNS_OP276_g564/Y                             -       A->Y    R     INVx1_ASAP7_75t_R             2  1.0    16    14    1363    (-,-) 
  u_cbm/SUB_UNS_OP276_g562__6260/Y                       -       B->Y    F     NOR2xp33_ASAP7_75t_R          2  1.3    47    19    1382    (-,-) 
  u_cbm/SUB_UNS_OP276_g561/Y                             -       A->Y    R     INVx1_ASAP7_75t_R             2  1.0    17    14    1395    (-,-) 
  u_cbm/SUB_UNS_OP276_g559__2398/Y                       -       B->Y    F     NOR2xp33_ASAP7_75t_R          2  1.3    43    19    1414    (-,-) 
  u_cbm/SUB_UNS_OP276_g558/Y                             -       A->Y    R     INVx1_ASAP7_75t_R             2  1.0    16    13    1428    (-,-) 
  u_cbm/SUB_UNS_OP276_g556__6417/Y                       -       B->Y    F     NOR2xp33_ASAP7_75t_R          2  1.3    48    19    1446    (-,-) 
  u_cbm/SUB_UNS_OP276_g555/Y                             -       A->Y    R     INVx1_ASAP7_75t_R             2  1.0    17    14    1460    (-,-) 
  u_cbm/SUB_UNS_OP276_g553__1666/Y                       -       B->Y    F     NOR2xp33_ASAP7_75t_R          2  1.3    42    19    1479    (-,-) 
  u_cbm/SUB_UNS_OP276_g552/Y                             -       A->Y    R     INVx1_ASAP7_75t_R             2  1.0    16    13    1493    (-,-) 
  u_cbm/SUB_UNS_OP276_g550__2883/Y                       -       B->Y    F     NOR2xp33_ASAP7_75t_R          2  1.3    48    19    1511    (-,-) 
  u_cbm/SUB_UNS_OP276_g549/Y                             -       A->Y    R     INVx1_ASAP7_75t_R             2  1.0    17    14    1525    (-,-) 
  u_cbm/SUB_UNS_OP276_g547__9315/Y                       -       B->Y    F     NOR2xp33_ASAP7_75t_R          2  1.3    45    19    1544    (-,-) 
  u_cbm/SUB_UNS_OP276_g546/Y                             -       A->Y    R     INVx1_ASAP7_75t_R             2  1.0    16    14    1558    (-,-) 
  u_cbm/SUB_UNS_OP276_g544__4733/Y                       -       B->Y    F     NOR2xp33_ASAP7_75t_R          2  1.3    48    19    1577    (-,-) 
  u_cbm/SUB_UNS_OP276_g543/Y                             -       A->Y    R     INVx1_ASAP7_75t_R             2  1.0    17    14    1591    (-,-) 
  u_cbm/SUB_UNS_OP276_g541__5115/Y                       -       B->Y    F     NOR2xp33_ASAP7_75t_R          2  1.3    42    19    1610    (-,-) 
  u_cbm/SUB_UNS_OP276_g540/Y                             -       A->Y    R     INVx1_ASAP7_75t_R             2  1.0    16    13    1623    (-,-) 
  u_cbm/SUB_UNS_OP276_g538__6131/Y                       -       B->Y    F     NOR2xp33_ASAP7_75t_R          2  1.3    48    19    1642    (-,-) 
  u_cbm/SUB_UNS_OP276_g537/Y                             -       A->Y    R     INVx1_ASAP7_75t_R             2  1.0    17    14    1656    (-,-) 
  u_cbm/SUB_UNS_OP276_g535__8246/Y                       -       B->Y    F     NOR2xp33_ASAP7_75t_R          2  1.3    45    19    1675    (-,-) 
  u_cbm/SUB_UNS_OP276_g534/Y                             -       A->Y    R     INVx1_ASAP7_75t_R             2  1.0    16    14    1688    (-,-) 
  u_cbm/SUB_UNS_OP276_g532__1705/Y                       -       B->Y    F     NOR2xp33_ASAP7_75t_R          2  1.3    48    19    1707    (-,-) 
  u_cbm/SUB_UNS_OP276_g531/Y                             -       A->Y    R     INVx1_ASAP7_75t_R             2  1.0    17    14    1721    (-,-) 
  u_cbm/SUB_UNS_OP276_g529__1617/Y                       -       B->Y    F     NOR2xp33_ASAP7_75t_R          2  1.3    45    19    1740    (-,-) 
  u_cbm/SUB_UNS_OP276_g528/Y                             -       A->Y    R     INVx1_ASAP7_75t_R             2  1.0    16    14    1754    (-,-) 
  u_cbm/SUB_UNS_OP276_g526__6783/Y                       -       B->Y    F     NOR2xp33_ASAP7_75t_R          2  1.3    47    19    1772    (-,-) 
  u_cbm/SUB_UNS_OP276_g525/Y                             -       A->Y    R     INVx1_ASAP7_75t_R             2  0.8    15    13    1785    (-,-) 
  u_cbm/SUB_UNS_OP276_g523__8428/Y                       -       B->Y    F     NOR2xp33_ASAP7_75t_R          2  1.2    42    18    1803    (-,-) 
  u_cbm/SUB_UNS_OP276_g522/Y                             -       A->Y    R     INVx1_ASAP7_75t_R             2  1.0    16    13    1816    (-,-) 
  u_cbm/SUB_UNS_OP276_g520__6260/Y                       -       B->Y    F     NOR2xp33_ASAP7_75t_R          2  1.3    48    19    1835    (-,-) 
  u_cbm/SUB_UNS_OP276_g519/Y                             -       A->Y    R     INVx1_ASAP7_75t_R             2  0.8    16    13    1848    (-,-) 
  u_cbm/SUB_UNS_OP276_g517__2398/Y                       -       B->Y    F     NOR2xp33_ASAP7_75t_R          2  1.2    40    18    1866    (-,-) 
  u_cbm/SUB_UNS_OP276_g516/Y                             -       A->Y    R     INVx1_ASAP7_75t_R             2  1.0    16    13    1879    (-,-) 
  u_cbm/SUB_UNS_OP276_g514__6417/Y                       -       B->Y    F     NOR2xp33_ASAP7_75t_R          2  1.3    48    19    1897    (-,-) 
  u_cbm/SUB_UNS_OP276_g513/Y                             -       A->Y    R     INVx1_ASAP7_75t_R             2  1.0    17    14    1911    (-,-) 
  u_cbm/SUB_UNS_OP276_g511__1666/Y                       -       B->Y    F     NOR2xp33_ASAP7_75t_R          2  1.3    44    19    1930    (-,-) 
  u_cbm/SUB_UNS_OP276_g510/Y                             -       A->Y    R     INVx1_ASAP7_75t_R             2  1.0    16    14    1944    (-,-) 
  u_cbm/SUB_UNS_OP276_g508__2883/Y                       -       B->Y    F     NOR2xp33_ASAP7_75t_R          2  1.3    48    19    1963    (-,-) 
  u_cbm/SUB_UNS_OP276_g506__9945/Y                       -       B->Y    R     AOI21xp5_ASAP7_75t_R          1  0.5    25    17    1979    (-,-) 
  u_cbm/g9416__9315/Y                                    -       B2->Y   R     AO22x1_ASAP7_75t_R            5  3.6    27    29    2008    (-,-) 
  u_cbm/csa_tree_SUB_TC_OP109_groupi_g1946/Y             -       A->Y    F     INVxp67_ASAP7_75t_R           1  1.1    14    12    2020    (-,-) 
  u_cbm/csa_tree_SUB_TC_OP109_groupi_g1915__5107/Y       -       C->Y    R     MAJIxp5_ASAP7_75t_R           2  2.2    40    25    2045    (-,-) 
  u_cbm/g12611/SN                                        -       CI->SN  F     FAx1_ASAP7_75t_R              2  1.6    38    55    2099    (-,-) 
  u_cbm/csa_tree_SUB_TC_OP109_groupi_g1763__5122/Y       -       A->Y    R     MAJIxp5_ASAP7_75t_R           2  3.3    56    39    2138    (-,-) 
  u_cbm/g12608/SN                                        -       B->SN   F     FAx1_ASAP7_75t_R              2  1.0    37    49    2188    (-,-) 
  u_cbm/csa_tree_SUB_TC_OP109_groupi_g1751__6260/Y       -       A->Y    R     NAND2xp33_ASAP7_75t_R         2  1.2    35    29    2216    (-,-) 
  u_cbm/csa_tree_SUB_TC_OP109_groupi_g1749__2398/Y       -       A2->Y   R     AO21x1_ASAP7_75t_R            1  0.5     7    17    2234    (-,-) 
  u_cbm/csa_tree_SUB_TC_OP109_groupi_g1748__5477/Y       -       C->Y    F     OAI221xp5_ASAP7_75t_R         1  0.6    21    11    2245    (-,-) 
  u_cbm/csa_tree_SUB_TC_OP109_groupi_g1747__6417/Y       -       A->Y    R     MAJIxp5_ASAP7_75t_R           1  0.6    20    16    2261    (-,-) 
  u_cbm/csa_tree_SUB_TC_OP109_groupi_g1746__7410/Y       -       B->Y    R     OA21x2_ASAP7_75t_R            2  1.7    10    19    2280    (-,-) 
  u_cbm/g12432__8246/Y                                   -       B->Y    F     NOR2x1_ASAP7_75t_R           64 35.7   211    98    2378    (-,-) 
  u_cbm/g12240__3680/Y                                   -       A1->Y   R     AOI222xp33_ASAP7_75t_R        1  0.6    54    42    2420    (-,-) 
  u_cbm/multiplicand_q_reg[8]/D                          -       -       R     ASYNC_DFFHx1_ASAP7_75t_R      1    -     -     0    2420    (-,-) 
#------------------------------------------------------------------------------------------------------------------------------------------------



Path 40: MET (1997567 ps) Setup Check with Pin u_cbm/multiplicand_q_reg[7]/CLK->D
          Group: core_clock
     Startpoint: (R) u_frontend/u_decode/genblk1.u_fifo/rd_ptr_q_reg[0]/CLK
          Clock: (R) core_clock
       Endpoint: (R) u_cbm/multiplicand_q_reg[7]/D
          Clock: (R) core_clock

                      Capture       Launch     
        Clock Edge:+  2000000            0     
       Src Latency:+        0            0     
       Net Latency:+        0 (I)        0 (I) 
           Arrival:=  2000000            0     
                                               
             Setup:-       13                  
     Required Time:=  1999987                  
      Launch Clock:-        0                  
         Data Path:-     2420                  
             Slack:=  1997567                  

#------------------------------------------------------------------------------------------------------------------------------------------------
#                     Timing Point                       Flags    Arc    Edge           Cell            Fanout Load Trans Delay Arrival Instance 
#                                                                                                              (fF)  (ps)  (ps)   (ps)  Location 
#------------------------------------------------------------------------------------------------------------------------------------------------
  u_frontend/u_decode/genblk1.u_fifo/rd_ptr_q_reg[0]/CLK -       -       R     (arrival)                  5356    -     0     0       0    (-,-) 
  u_frontend/u_decode/genblk1.u_fifo/rd_ptr_q_reg[0]/QN  -       CLK->QN R     ASYNC_DFFHx1_ASAP7_75t_R      1  0.6    13    36      36    (-,-) 
  u_frontend/u_decode/genblk1.u_fifo/g2479/Y             -       A->Y    R     BUFx2_ASAP7_75t_R           102 51.6   156    82     118    (-,-) 
  u_frontend/u_decode/genblk1.u_fifo/g2891/Y             -       A->Y    F     INVx2_ASAP7_75t_R            97 48.2   144   106     224    (-,-) 
  u_frontend/u_decode/genblk1.u_fifo/g2804/Y             -       A2->Y   F     AO22x1_ASAP7_75t_R            3  2.0    17    40     264    (-,-) 
  u_issue/g28658/Y                                       -       B->Y    R     XNOR2xp5_ASAP7_75t_R          1  0.5    18    14     278    (-,-) 
  u_issue/g28644/Y                                       -       D->Y    F     NAND4xp25_ASAP7_75t_R         1  0.6    25    17     296    (-,-) 
  u_issue/g28641/Y                                       -       A->Y    R     NOR5xp2_ASAP7_75t_R           1  0.5    41    23     319    (-,-) 
  u_issue/g28640/Y                                       -       A->Y    F     NAND5xp2_ASAP7_75t_R          2  1.1    46    30     349    (-,-) 
  u_issue/g28639/Y                                       -       A->Y    F     OR5x1_ASAP7_75t_R             3  1.6    19    44     393    (-,-) 
  u_issue/g28638/Y                                       -       A->Y    F     OR2x2_ASAP7_75t_R            20 10.4    33    37     430    (-,-) 
  u_issue/g45300/Y                                       -       A->Y    R     INVx2_ASAP7_75t_R            99 56.3   169    87     517    (-,-) 
  u_issue/g28291/Y                                       -       B2->Y   R     AO22x1_ASAP7_75t_R           22 11.2    71    64     581    (-,-) 
  u_issue/g45298/Y                                       -       A->Y    F     INVx1_ASAP7_75t_R            17  9.2    58    44     624    (-,-) 
  u_issue/g44952/Y                                       -       A->Y    R     NAND2xp5_ASAP7_75t_R          4  2.1    37    32     656    (-,-) 
  u_issue/g44832/Y                                       -       A->Y    F     NOR3xp33_ASAP7_75t_R          2  0.8    28    15     671    (-,-) 
  u_issue/g44639/Y                                       -       A->Y    R     NOR2xp33_ASAP7_75t_R          3  1.7    40    27     698    (-,-) 
  u_issue/g44554/Y                                       -       A->Y    F     NAND3xp33_ASAP7_75t_R         4  2.9    55    36     734    (-,-) 
  u_issue/g44546/Y                                       -       A->Y    R     NOR3xp33_ASAP7_75t_R          3  1.9    55    38     772    (-,-) 
  u_issue/g44542/Y                                       -       A->Y    F     INVx1_ASAP7_75t_R             1  0.6    13    10     782    (-,-) 
  u_issue/g44512/Y                                       -       A->Y    R     NOR4xp25_ASAP7_75t_R         17  8.8   245   118     900    (-,-) 
  u_issue/drc_bufs45344/Y                                -       A->Y    F     INVx1_ASAP7_75t_R             1  0.7    32    15     915    (-,-) 
  u_issue/drc_bufs45343/Y                                -       A->Y    R     INVx1_ASAP7_75t_R            16  8.1    53    34     949    (-,-) 
  u_issue/g44217/Y                                       -       A1->Y   F     AOI222xp33_ASAP7_75t_R        1  0.6    62    20     969    (-,-) 
  u_issue/g44110/Y                                       -       B->Y    R     NAND2xp5_ASAP7_75t_R          1  0.5    20    18     987    (-,-) 
  u_issue/g44019/Y                                       -       C->Y    F     AOI221xp5_ASAP7_75t_R         1  0.6    36    12     999    (-,-) 
  u_issue/g43925/Y                                       -       B->Y    R     NAND2xp5_ASAP7_75t_R         18  9.2   102    58    1057    (-,-) 
  u_cbm/SUB_UNS_OP276_g589__9315/Y                       -       A->Y    F     NOR2xp33_ASAP7_75t_R          2  1.3    48    40    1097    (-,-) 
  u_cbm/SUB_UNS_OP276_g588/Y                             -       A->Y    R     INVx1_ASAP7_75t_R             2  1.0    17    14    1111    (-,-) 
  u_cbm/SUB_UNS_OP276_g586__4733/Y                       -       B->Y    F     NOR2xp33_ASAP7_75t_R          2  1.3    46    19    1130    (-,-) 
  u_cbm/SUB_UNS_OP276_g585/Y                             -       A->Y    R     INVx1_ASAP7_75t_R             2  1.0    17    14    1144    (-,-) 
  u_cbm/SUB_UNS_OP276_g583__5115/Y                       -       B->Y    F     NOR2xp33_ASAP7_75t_R          2  1.3    42    19    1162    (-,-) 
  u_cbm/SUB_UNS_OP276_g582/Y                             -       A->Y    R     INVx1_ASAP7_75t_R             2  0.8    15    12    1175    (-,-) 
  u_cbm/SUB_UNS_OP276_g580__6131/Y                       -       B->Y    F     NOR2xp33_ASAP7_75t_R          2  1.2    45    17    1192    (-,-) 
  u_cbm/SUB_UNS_OP276_g579/Y                             -       A->Y    R     INVx1_ASAP7_75t_R             2  0.8    15    12    1205    (-,-) 
  u_cbm/SUB_UNS_OP276_g577__8246/Y                       -       B->Y    F     NOR2xp33_ASAP7_75t_R          2  1.2    41    18    1222    (-,-) 
  u_cbm/SUB_UNS_OP276_g576/Y                             -       A->Y    R     INVx1_ASAP7_75t_R             2  0.8    14    12    1234    (-,-) 
  u_cbm/SUB_UNS_OP276_g574__1705/Y                       -       B->Y    F     NOR2xp33_ASAP7_75t_R          2  1.2    45    17    1252    (-,-) 
  u_cbm/SUB_UNS_OP276_g573/Y                             -       A->Y    R     INVx1_ASAP7_75t_R             2  1.0    16    14    1265    (-,-) 
  u_cbm/SUB_UNS_OP276_g571__1617/Y                       -       B->Y    F     NOR2xp33_ASAP7_75t_R          2  1.3    42    19    1284    (-,-) 
  u_cbm/SUB_UNS_OP276_g570/Y                             -       A->Y    R     INVx1_ASAP7_75t_R             2  1.0    16    13    1297    (-,-) 
  u_cbm/SUB_UNS_OP276_g568__6783/Y                       -       B->Y    F     NOR2xp33_ASAP7_75t_R          2  1.3    48    19    1316    (-,-) 
  u_cbm/SUB_UNS_OP276_g567/Y                             -       A->Y    R     INVx1_ASAP7_75t_R             2  1.0    17    14    1330    (-,-) 
  u_cbm/SUB_UNS_OP276_g565__8428/Y                       -       B->Y    F     NOR2xp33_ASAP7_75t_R          2  1.3    44    19    1349    (-,-) 
  u_cbm/SUB_UNS_OP276_g564/Y                             -       A->Y    R     INVx1_ASAP7_75t_R             2  1.0    16    14    1363    (-,-) 
  u_cbm/SUB_UNS_OP276_g562__6260/Y                       -       B->Y    F     NOR2xp33_ASAP7_75t_R          2  1.3    47    19    1382    (-,-) 
  u_cbm/SUB_UNS_OP276_g561/Y                             -       A->Y    R     INVx1_ASAP7_75t_R             2  1.0    17    14    1395    (-,-) 
  u_cbm/SUB_UNS_OP276_g559__2398/Y                       -       B->Y    F     NOR2xp33_ASAP7_75t_R          2  1.3    43    19    1414    (-,-) 
  u_cbm/SUB_UNS_OP276_g558/Y                             -       A->Y    R     INVx1_ASAP7_75t_R             2  1.0    16    13    1428    (-,-) 
  u_cbm/SUB_UNS_OP276_g556__6417/Y                       -       B->Y    F     NOR2xp33_ASAP7_75t_R          2  1.3    48    19    1446    (-,-) 
  u_cbm/SUB_UNS_OP276_g555/Y                             -       A->Y    R     INVx1_ASAP7_75t_R             2  1.0    17    14    1460    (-,-) 
  u_cbm/SUB_UNS_OP276_g553__1666/Y                       -       B->Y    F     NOR2xp33_ASAP7_75t_R          2  1.3    42    19    1479    (-,-) 
  u_cbm/SUB_UNS_OP276_g552/Y                             -       A->Y    R     INVx1_ASAP7_75t_R             2  1.0    16    13    1493    (-,-) 
  u_cbm/SUB_UNS_OP276_g550__2883/Y                       -       B->Y    F     NOR2xp33_ASAP7_75t_R          2  1.3    48    19    1511    (-,-) 
  u_cbm/SUB_UNS_OP276_g549/Y                             -       A->Y    R     INVx1_ASAP7_75t_R             2  1.0    17    14    1525    (-,-) 
  u_cbm/SUB_UNS_OP276_g547__9315/Y                       -       B->Y    F     NOR2xp33_ASAP7_75t_R          2  1.3    45    19    1544    (-,-) 
  u_cbm/SUB_UNS_OP276_g546/Y                             -       A->Y    R     INVx1_ASAP7_75t_R             2  1.0    16    14    1558    (-,-) 
  u_cbm/SUB_UNS_OP276_g544__4733/Y                       -       B->Y    F     NOR2xp33_ASAP7_75t_R          2  1.3    48    19    1577    (-,-) 
  u_cbm/SUB_UNS_OP276_g543/Y                             -       A->Y    R     INVx1_ASAP7_75t_R             2  1.0    17    14    1591    (-,-) 
  u_cbm/SUB_UNS_OP276_g541__5115/Y                       -       B->Y    F     NOR2xp33_ASAP7_75t_R          2  1.3    42    19    1610    (-,-) 
  u_cbm/SUB_UNS_OP276_g540/Y                             -       A->Y    R     INVx1_ASAP7_75t_R             2  1.0    16    13    1623    (-,-) 
  u_cbm/SUB_UNS_OP276_g538__6131/Y                       -       B->Y    F     NOR2xp33_ASAP7_75t_R          2  1.3    48    19    1642    (-,-) 
  u_cbm/SUB_UNS_OP276_g537/Y                             -       A->Y    R     INVx1_ASAP7_75t_R             2  1.0    17    14    1656    (-,-) 
  u_cbm/SUB_UNS_OP276_g535__8246/Y                       -       B->Y    F     NOR2xp33_ASAP7_75t_R          2  1.3    45    19    1675    (-,-) 
  u_cbm/SUB_UNS_OP276_g534/Y                             -       A->Y    R     INVx1_ASAP7_75t_R             2  1.0    16    14    1688    (-,-) 
  u_cbm/SUB_UNS_OP276_g532__1705/Y                       -       B->Y    F     NOR2xp33_ASAP7_75t_R          2  1.3    48    19    1707    (-,-) 
  u_cbm/SUB_UNS_OP276_g531/Y                             -       A->Y    R     INVx1_ASAP7_75t_R             2  1.0    17    14    1721    (-,-) 
  u_cbm/SUB_UNS_OP276_g529__1617/Y                       -       B->Y    F     NOR2xp33_ASAP7_75t_R          2  1.3    45    19    1740    (-,-) 
  u_cbm/SUB_UNS_OP276_g528/Y                             -       A->Y    R     INVx1_ASAP7_75t_R             2  1.0    16    14    1754    (-,-) 
  u_cbm/SUB_UNS_OP276_g526__6783/Y                       -       B->Y    F     NOR2xp33_ASAP7_75t_R          2  1.3    47    19    1772    (-,-) 
  u_cbm/SUB_UNS_OP276_g525/Y                             -       A->Y    R     INVx1_ASAP7_75t_R             2  0.8    15    13    1785    (-,-) 
  u_cbm/SUB_UNS_OP276_g523__8428/Y                       -       B->Y    F     NOR2xp33_ASAP7_75t_R          2  1.2    42    18    1803    (-,-) 
  u_cbm/SUB_UNS_OP276_g522/Y                             -       A->Y    R     INVx1_ASAP7_75t_R             2  1.0    16    13    1816    (-,-) 
  u_cbm/SUB_UNS_OP276_g520__6260/Y                       -       B->Y    F     NOR2xp33_ASAP7_75t_R          2  1.3    48    19    1835    (-,-) 
  u_cbm/SUB_UNS_OP276_g519/Y                             -       A->Y    R     INVx1_ASAP7_75t_R             2  0.8    16    13    1848    (-,-) 
  u_cbm/SUB_UNS_OP276_g517__2398/Y                       -       B->Y    F     NOR2xp33_ASAP7_75t_R          2  1.2    40    18    1866    (-,-) 
  u_cbm/SUB_UNS_OP276_g516/Y                             -       A->Y    R     INVx1_ASAP7_75t_R             2  1.0    16    13    1879    (-,-) 
  u_cbm/SUB_UNS_OP276_g514__6417/Y                       -       B->Y    F     NOR2xp33_ASAP7_75t_R          2  1.3    48    19    1897    (-,-) 
  u_cbm/SUB_UNS_OP276_g513/Y                             -       A->Y    R     INVx1_ASAP7_75t_R             2  1.0    17    14    1911    (-,-) 
  u_cbm/SUB_UNS_OP276_g511__1666/Y                       -       B->Y    F     NOR2xp33_ASAP7_75t_R          2  1.3    44    19    1930    (-,-) 
  u_cbm/SUB_UNS_OP276_g510/Y                             -       A->Y    R     INVx1_ASAP7_75t_R             2  1.0    16    14    1944    (-,-) 
  u_cbm/SUB_UNS_OP276_g508__2883/Y                       -       B->Y    F     NOR2xp33_ASAP7_75t_R          2  1.3    48    19    1963    (-,-) 
  u_cbm/SUB_UNS_OP276_g506__9945/Y                       -       B->Y    R     AOI21xp5_ASAP7_75t_R          1  0.5    25    17    1979    (-,-) 
  u_cbm/g9416__9315/Y                                    -       B2->Y   R     AO22x1_ASAP7_75t_R            5  3.6    27    29    2008    (-,-) 
  u_cbm/csa_tree_SUB_TC_OP109_groupi_g1946/Y             -       A->Y    F     INVxp67_ASAP7_75t_R           1  1.1    14    12    2020    (-,-) 
  u_cbm/csa_tree_SUB_TC_OP109_groupi_g1915__5107/Y       -       C->Y    R     MAJIxp5_ASAP7_75t_R           2  2.2    40    25    2045    (-,-) 
  u_cbm/g12611/SN                                        -       CI->SN  F     FAx1_ASAP7_75t_R              2  1.6    38    55    2099    (-,-) 
  u_cbm/csa_tree_SUB_TC_OP109_groupi_g1763__5122/Y       -       A->Y    R     MAJIxp5_ASAP7_75t_R           2  3.3    56    39    2138    (-,-) 
  u_cbm/g12608/SN                                        -       B->SN   F     FAx1_ASAP7_75t_R              2  1.0    37    49    2188    (-,-) 
  u_cbm/csa_tree_SUB_TC_OP109_groupi_g1751__6260/Y       -       A->Y    R     NAND2xp33_ASAP7_75t_R         2  1.2    35    29    2216    (-,-) 
  u_cbm/csa_tree_SUB_TC_OP109_groupi_g1749__2398/Y       -       A2->Y   R     AO21x1_ASAP7_75t_R            1  0.5     7    17    2234    (-,-) 
  u_cbm/csa_tree_SUB_TC_OP109_groupi_g1748__5477/Y       -       C->Y    F     OAI221xp5_ASAP7_75t_R         1  0.6    21    11    2245    (-,-) 
  u_cbm/csa_tree_SUB_TC_OP109_groupi_g1747__6417/Y       -       A->Y    R     MAJIxp5_ASAP7_75t_R           1  0.6    20    16    2261    (-,-) 
  u_cbm/csa_tree_SUB_TC_OP109_groupi_g1746__7410/Y       -       B->Y    R     OA21x2_ASAP7_75t_R            2  1.7    10    19    2280    (-,-) 
  u_cbm/g12432__8246/Y                                   -       B->Y    F     NOR2x1_ASAP7_75t_R           64 35.7   211    98    2378    (-,-) 
  u_cbm/g12239__6783/Y                                   -       A1->Y   R     AOI222xp33_ASAP7_75t_R        1  0.6    54    42    2420    (-,-) 
  u_cbm/multiplicand_q_reg[7]/D                          -       -       R     ASYNC_DFFHx1_ASAP7_75t_R      1    -     -     0    2420    (-,-) 
#------------------------------------------------------------------------------------------------------------------------------------------------



Path 41: MET (1997567 ps) Setup Check with Pin u_cbm/column_mask_q_reg[31]/CLK->D
          Group: core_clock
     Startpoint: (R) u_frontend/u_decode/genblk1.u_fifo/rd_ptr_q_reg[0]/CLK
          Clock: (R) core_clock
       Endpoint: (R) u_cbm/column_mask_q_reg[31]/D
          Clock: (R) core_clock

                      Capture       Launch     
        Clock Edge:+  2000000            0     
       Src Latency:+        0            0     
       Net Latency:+        0 (I)        0 (I) 
           Arrival:=  2000000            0     
                                               
             Setup:-       13                  
     Required Time:=  1999987                  
      Launch Clock:-        0                  
         Data Path:-     2420                  
             Slack:=  1997567                  

#------------------------------------------------------------------------------------------------------------------------------------------------
#                     Timing Point                       Flags    Arc    Edge           Cell            Fanout Load Trans Delay Arrival Instance 
#                                                                                                              (fF)  (ps)  (ps)   (ps)  Location 
#------------------------------------------------------------------------------------------------------------------------------------------------
  u_frontend/u_decode/genblk1.u_fifo/rd_ptr_q_reg[0]/CLK -       -       R     (arrival)                  5356    -     0     0       0    (-,-) 
  u_frontend/u_decode/genblk1.u_fifo/rd_ptr_q_reg[0]/QN  -       CLK->QN R     ASYNC_DFFHx1_ASAP7_75t_R      1  0.6    13    36      36    (-,-) 
  u_frontend/u_decode/genblk1.u_fifo/g2479/Y             -       A->Y    R     BUFx2_ASAP7_75t_R           102 51.6   156    82     118    (-,-) 
  u_frontend/u_decode/genblk1.u_fifo/g2891/Y             -       A->Y    F     INVx2_ASAP7_75t_R            97 48.2   144   106     224    (-,-) 
  u_frontend/u_decode/genblk1.u_fifo/g2804/Y             -       A2->Y   F     AO22x1_ASAP7_75t_R            3  2.0    17    40     264    (-,-) 
  u_issue/g28658/Y                                       -       B->Y    R     XNOR2xp5_ASAP7_75t_R          1  0.5    18    14     278    (-,-) 
  u_issue/g28644/Y                                       -       D->Y    F     NAND4xp25_ASAP7_75t_R         1  0.6    25    17     296    (-,-) 
  u_issue/g28641/Y                                       -       A->Y    R     NOR5xp2_ASAP7_75t_R           1  0.5    41    23     319    (-,-) 
  u_issue/g28640/Y                                       -       A->Y    F     NAND5xp2_ASAP7_75t_R          2  1.1    46    30     349    (-,-) 
  u_issue/g28639/Y                                       -       A->Y    F     OR5x1_ASAP7_75t_R             3  1.6    19    44     393    (-,-) 
  u_issue/g28638/Y                                       -       A->Y    F     OR2x2_ASAP7_75t_R            20 10.4    33    37     430    (-,-) 
  u_issue/g45300/Y                                       -       A->Y    R     INVx2_ASAP7_75t_R            99 56.3   169    87     517    (-,-) 
  u_issue/g28291/Y                                       -       B2->Y   R     AO22x1_ASAP7_75t_R           22 11.2    71    64     581    (-,-) 
  u_issue/g45298/Y                                       -       A->Y    F     INVx1_ASAP7_75t_R            17  9.2    58    44     624    (-,-) 
  u_issue/g44952/Y                                       -       A->Y    R     NAND2xp5_ASAP7_75t_R          4  2.1    37    32     656    (-,-) 
  u_issue/g44832/Y                                       -       A->Y    F     NOR3xp33_ASAP7_75t_R          2  0.8    28    15     671    (-,-) 
  u_issue/g44639/Y                                       -       A->Y    R     NOR2xp33_ASAP7_75t_R          3  1.7    40    27     698    (-,-) 
  u_issue/g44554/Y                                       -       A->Y    F     NAND3xp33_ASAP7_75t_R         4  2.9    55    36     734    (-,-) 
  u_issue/g44546/Y                                       -       A->Y    R     NOR3xp33_ASAP7_75t_R          3  1.9    55    38     772    (-,-) 
  u_issue/g44542/Y                                       -       A->Y    F     INVx1_ASAP7_75t_R             1  0.6    13    10     782    (-,-) 
  u_issue/g44512/Y                                       -       A->Y    R     NOR4xp25_ASAP7_75t_R         17  8.8   245   118     900    (-,-) 
  u_issue/drc_bufs45344/Y                                -       A->Y    F     INVx1_ASAP7_75t_R             1  0.7    32    15     915    (-,-) 
  u_issue/drc_bufs45343/Y                                -       A->Y    R     INVx1_ASAP7_75t_R            16  8.1    53    34     949    (-,-) 
  u_issue/g44217/Y                                       -       A1->Y   F     AOI222xp33_ASAP7_75t_R        1  0.6    62    20     969    (-,-) 
  u_issue/g44110/Y                                       -       B->Y    R     NAND2xp5_ASAP7_75t_R          1  0.5    20    18     987    (-,-) 
  u_issue/g44019/Y                                       -       C->Y    F     AOI221xp5_ASAP7_75t_R         1  0.6    36    12     999    (-,-) 
  u_issue/g43925/Y                                       -       B->Y    R     NAND2xp5_ASAP7_75t_R         18  9.2   102    58    1057    (-,-) 
  u_cbm/SUB_UNS_OP276_g589__9315/Y                       -       A->Y    F     NOR2xp33_ASAP7_75t_R          2  1.3    48    40    1097    (-,-) 
  u_cbm/SUB_UNS_OP276_g588/Y                             -       A->Y    R     INVx1_ASAP7_75t_R             2  1.0    17    14    1111    (-,-) 
  u_cbm/SUB_UNS_OP276_g586__4733/Y                       -       B->Y    F     NOR2xp33_ASAP7_75t_R          2  1.3    46    19    1130    (-,-) 
  u_cbm/SUB_UNS_OP276_g585/Y                             -       A->Y    R     INVx1_ASAP7_75t_R             2  1.0    17    14    1144    (-,-) 
  u_cbm/SUB_UNS_OP276_g583__5115/Y                       -       B->Y    F     NOR2xp33_ASAP7_75t_R          2  1.3    42    19    1162    (-,-) 
  u_cbm/SUB_UNS_OP276_g582/Y                             -       A->Y    R     INVx1_ASAP7_75t_R             2  0.8    15    12    1175    (-,-) 
  u_cbm/SUB_UNS_OP276_g580__6131/Y                       -       B->Y    F     NOR2xp33_ASAP7_75t_R          2  1.2    45    17    1192    (-,-) 
  u_cbm/SUB_UNS_OP276_g579/Y                             -       A->Y    R     INVx1_ASAP7_75t_R             2  0.8    15    12    1205    (-,-) 
  u_cbm/SUB_UNS_OP276_g577__8246/Y                       -       B->Y    F     NOR2xp33_ASAP7_75t_R          2  1.2    41    18    1222    (-,-) 
  u_cbm/SUB_UNS_OP276_g576/Y                             -       A->Y    R     INVx1_ASAP7_75t_R             2  0.8    14    12    1234    (-,-) 
  u_cbm/SUB_UNS_OP276_g574__1705/Y                       -       B->Y    F     NOR2xp33_ASAP7_75t_R          2  1.2    45    17    1252    (-,-) 
  u_cbm/SUB_UNS_OP276_g573/Y                             -       A->Y    R     INVx1_ASAP7_75t_R             2  1.0    16    14    1265    (-,-) 
  u_cbm/SUB_UNS_OP276_g571__1617/Y                       -       B->Y    F     NOR2xp33_ASAP7_75t_R          2  1.3    42    19    1284    (-,-) 
  u_cbm/SUB_UNS_OP276_g570/Y                             -       A->Y    R     INVx1_ASAP7_75t_R             2  1.0    16    13    1297    (-,-) 
  u_cbm/SUB_UNS_OP276_g568__6783/Y                       -       B->Y    F     NOR2xp33_ASAP7_75t_R          2  1.3    48    19    1316    (-,-) 
  u_cbm/SUB_UNS_OP276_g567/Y                             -       A->Y    R     INVx1_ASAP7_75t_R             2  1.0    17    14    1330    (-,-) 
  u_cbm/SUB_UNS_OP276_g565__8428/Y                       -       B->Y    F     NOR2xp33_ASAP7_75t_R          2  1.3    44    19    1349    (-,-) 
  u_cbm/SUB_UNS_OP276_g564/Y                             -       A->Y    R     INVx1_ASAP7_75t_R             2  1.0    16    14    1363    (-,-) 
  u_cbm/SUB_UNS_OP276_g562__6260/Y                       -       B->Y    F     NOR2xp33_ASAP7_75t_R          2  1.3    47    19    1382    (-,-) 
  u_cbm/SUB_UNS_OP276_g561/Y                             -       A->Y    R     INVx1_ASAP7_75t_R             2  1.0    17    14    1395    (-,-) 
  u_cbm/SUB_UNS_OP276_g559__2398/Y                       -       B->Y    F     NOR2xp33_ASAP7_75t_R          2  1.3    43    19    1414    (-,-) 
  u_cbm/SUB_UNS_OP276_g558/Y                             -       A->Y    R     INVx1_ASAP7_75t_R             2  1.0    16    13    1428    (-,-) 
  u_cbm/SUB_UNS_OP276_g556__6417/Y                       -       B->Y    F     NOR2xp33_ASAP7_75t_R          2  1.3    48    19    1446    (-,-) 
  u_cbm/SUB_UNS_OP276_g555/Y                             -       A->Y    R     INVx1_ASAP7_75t_R             2  1.0    17    14    1460    (-,-) 
  u_cbm/SUB_UNS_OP276_g553__1666/Y                       -       B->Y    F     NOR2xp33_ASAP7_75t_R          2  1.3    42    19    1479    (-,-) 
  u_cbm/SUB_UNS_OP276_g552/Y                             -       A->Y    R     INVx1_ASAP7_75t_R             2  1.0    16    13    1493    (-,-) 
  u_cbm/SUB_UNS_OP276_g550__2883/Y                       -       B->Y    F     NOR2xp33_ASAP7_75t_R          2  1.3    48    19    1511    (-,-) 
  u_cbm/SUB_UNS_OP276_g549/Y                             -       A->Y    R     INVx1_ASAP7_75t_R             2  1.0    17    14    1525    (-,-) 
  u_cbm/SUB_UNS_OP276_g547__9315/Y                       -       B->Y    F     NOR2xp33_ASAP7_75t_R          2  1.3    45    19    1544    (-,-) 
  u_cbm/SUB_UNS_OP276_g546/Y                             -       A->Y    R     INVx1_ASAP7_75t_R             2  1.0    16    14    1558    (-,-) 
  u_cbm/SUB_UNS_OP276_g544__4733/Y                       -       B->Y    F     NOR2xp33_ASAP7_75t_R          2  1.3    48    19    1577    (-,-) 
  u_cbm/SUB_UNS_OP276_g543/Y                             -       A->Y    R     INVx1_ASAP7_75t_R             2  1.0    17    14    1591    (-,-) 
  u_cbm/SUB_UNS_OP276_g541__5115/Y                       -       B->Y    F     NOR2xp33_ASAP7_75t_R          2  1.3    42    19    1610    (-,-) 
  u_cbm/SUB_UNS_OP276_g540/Y                             -       A->Y    R     INVx1_ASAP7_75t_R             2  1.0    16    13    1623    (-,-) 
  u_cbm/SUB_UNS_OP276_g538__6131/Y                       -       B->Y    F     NOR2xp33_ASAP7_75t_R          2  1.3    48    19    1642    (-,-) 
  u_cbm/SUB_UNS_OP276_g537/Y                             -       A->Y    R     INVx1_ASAP7_75t_R             2  1.0    17    14    1656    (-,-) 
  u_cbm/SUB_UNS_OP276_g535__8246/Y                       -       B->Y    F     NOR2xp33_ASAP7_75t_R          2  1.3    45    19    1675    (-,-) 
  u_cbm/SUB_UNS_OP276_g534/Y                             -       A->Y    R     INVx1_ASAP7_75t_R             2  1.0    16    14    1688    (-,-) 
  u_cbm/SUB_UNS_OP276_g532__1705/Y                       -       B->Y    F     NOR2xp33_ASAP7_75t_R          2  1.3    48    19    1707    (-,-) 
  u_cbm/SUB_UNS_OP276_g531/Y                             -       A->Y    R     INVx1_ASAP7_75t_R             2  1.0    17    14    1721    (-,-) 
  u_cbm/SUB_UNS_OP276_g529__1617/Y                       -       B->Y    F     NOR2xp33_ASAP7_75t_R          2  1.3    45    19    1740    (-,-) 
  u_cbm/SUB_UNS_OP276_g528/Y                             -       A->Y    R     INVx1_ASAP7_75t_R             2  1.0    16    14    1754    (-,-) 
  u_cbm/SUB_UNS_OP276_g526__6783/Y                       -       B->Y    F     NOR2xp33_ASAP7_75t_R          2  1.3    47    19    1772    (-,-) 
  u_cbm/SUB_UNS_OP276_g525/Y                             -       A->Y    R     INVx1_ASAP7_75t_R             2  0.8    15    13    1785    (-,-) 
  u_cbm/SUB_UNS_OP276_g523__8428/Y                       -       B->Y    F     NOR2xp33_ASAP7_75t_R          2  1.2    42    18    1803    (-,-) 
  u_cbm/SUB_UNS_OP276_g522/Y                             -       A->Y    R     INVx1_ASAP7_75t_R             2  1.0    16    13    1816    (-,-) 
  u_cbm/SUB_UNS_OP276_g520__6260/Y                       -       B->Y    F     NOR2xp33_ASAP7_75t_R          2  1.3    48    19    1835    (-,-) 
  u_cbm/SUB_UNS_OP276_g519/Y                             -       A->Y    R     INVx1_ASAP7_75t_R             2  0.8    16    13    1848    (-,-) 
  u_cbm/SUB_UNS_OP276_g517__2398/Y                       -       B->Y    F     NOR2xp33_ASAP7_75t_R          2  1.2    40    18    1866    (-,-) 
  u_cbm/SUB_UNS_OP276_g516/Y                             -       A->Y    R     INVx1_ASAP7_75t_R             2  1.0    16    13    1879    (-,-) 
  u_cbm/SUB_UNS_OP276_g514__6417/Y                       -       B->Y    F     NOR2xp33_ASAP7_75t_R          2  1.3    48    19    1897    (-,-) 
  u_cbm/SUB_UNS_OP276_g513/Y                             -       A->Y    R     INVx1_ASAP7_75t_R             2  1.0    17    14    1911    (-,-) 
  u_cbm/SUB_UNS_OP276_g511__1666/Y                       -       B->Y    F     NOR2xp33_ASAP7_75t_R          2  1.3    44    19    1930    (-,-) 
  u_cbm/SUB_UNS_OP276_g510/Y                             -       A->Y    R     INVx1_ASAP7_75t_R             2  1.0    16    14    1944    (-,-) 
  u_cbm/SUB_UNS_OP276_g508__2883/Y                       -       B->Y    F     NOR2xp33_ASAP7_75t_R          2  1.3    48    19    1963    (-,-) 
  u_cbm/SUB_UNS_OP276_g506__9945/Y                       -       B->Y    R     AOI21xp5_ASAP7_75t_R          1  0.5    25    17    1979    (-,-) 
  u_cbm/g9416__9315/Y                                    -       B2->Y   R     AO22x1_ASAP7_75t_R            5  3.6    27    29    2008    (-,-) 
  u_cbm/csa_tree_SUB_TC_OP109_groupi_g1946/Y             -       A->Y    F     INVxp67_ASAP7_75t_R           1  1.1    14    12    2020    (-,-) 
  u_cbm/csa_tree_SUB_TC_OP109_groupi_g1915__5107/Y       -       C->Y    R     MAJIxp5_ASAP7_75t_R           2  2.2    40    25    2045    (-,-) 
  u_cbm/g12611/SN                                        -       CI->SN  F     FAx1_ASAP7_75t_R              2  1.6    38    55    2099    (-,-) 
  u_cbm/csa_tree_SUB_TC_OP109_groupi_g1763__5122/Y       -       A->Y    R     MAJIxp5_ASAP7_75t_R           2  3.3    56    39    2138    (-,-) 
  u_cbm/g12608/SN                                        -       B->SN   F     FAx1_ASAP7_75t_R              2  1.0    37    49    2188    (-,-) 
  u_cbm/csa_tree_SUB_TC_OP109_groupi_g1751__6260/Y       -       A->Y    R     NAND2xp33_ASAP7_75t_R         2  1.2    35    29    2216    (-,-) 
  u_cbm/csa_tree_SUB_TC_OP109_groupi_g1749__2398/Y       -       A2->Y   R     AO21x1_ASAP7_75t_R            1  0.5     7    17    2234    (-,-) 
  u_cbm/csa_tree_SUB_TC_OP109_groupi_g1748__5477/Y       -       C->Y    F     OAI221xp5_ASAP7_75t_R         1  0.6    21    11    2245    (-,-) 
  u_cbm/csa_tree_SUB_TC_OP109_groupi_g1747__6417/Y       -       A->Y    R     MAJIxp5_ASAP7_75t_R           1  0.6    20    16    2261    (-,-) 
  u_cbm/csa_tree_SUB_TC_OP109_groupi_g1746__7410/Y       -       B->Y    R     OA21x2_ASAP7_75t_R            2  1.7    10    19    2280    (-,-) 
  u_cbm/g12432__8246/Y                                   -       B->Y    F     NOR2x1_ASAP7_75t_R           64 35.7   211    98    2378    (-,-) 
  u_cbm/g12126__5477/Y                                   -       A1->Y   R     AOI222xp33_ASAP7_75t_R        1  0.6    54    42    2420    (-,-) 
  u_cbm/column_mask_q_reg[31]/D                          -       -       R     ASYNC_DFFHx1_ASAP7_75t_R      1    -     -     0    2420    (-,-) 
#------------------------------------------------------------------------------------------------------------------------------------------------



Path 42: MET (1997567 ps) Setup Check with Pin u_cbm/column_mask_q_reg[30]/CLK->D
          Group: core_clock
     Startpoint: (R) u_frontend/u_decode/genblk1.u_fifo/rd_ptr_q_reg[0]/CLK
          Clock: (R) core_clock
       Endpoint: (R) u_cbm/column_mask_q_reg[30]/D
          Clock: (R) core_clock

                      Capture       Launch     
        Clock Edge:+  2000000            0     
       Src Latency:+        0            0     
       Net Latency:+        0 (I)        0 (I) 
           Arrival:=  2000000            0     
                                               
             Setup:-       13                  
     Required Time:=  1999987                  
      Launch Clock:-        0                  
         Data Path:-     2420                  
             Slack:=  1997567                  

#------------------------------------------------------------------------------------------------------------------------------------------------
#                     Timing Point                       Flags    Arc    Edge           Cell            Fanout Load Trans Delay Arrival Instance 
#                                                                                                              (fF)  (ps)  (ps)   (ps)  Location 
#------------------------------------------------------------------------------------------------------------------------------------------------
  u_frontend/u_decode/genblk1.u_fifo/rd_ptr_q_reg[0]/CLK -       -       R     (arrival)                  5356    -     0     0       0    (-,-) 
  u_frontend/u_decode/genblk1.u_fifo/rd_ptr_q_reg[0]/QN  -       CLK->QN R     ASYNC_DFFHx1_ASAP7_75t_R      1  0.6    13    36      36    (-,-) 
  u_frontend/u_decode/genblk1.u_fifo/g2479/Y             -       A->Y    R     BUFx2_ASAP7_75t_R           102 51.6   156    82     118    (-,-) 
  u_frontend/u_decode/genblk1.u_fifo/g2891/Y             -       A->Y    F     INVx2_ASAP7_75t_R            97 48.2   144   106     224    (-,-) 
  u_frontend/u_decode/genblk1.u_fifo/g2804/Y             -       A2->Y   F     AO22x1_ASAP7_75t_R            3  2.0    17    40     264    (-,-) 
  u_issue/g28658/Y                                       -       B->Y    R     XNOR2xp5_ASAP7_75t_R          1  0.5    18    14     278    (-,-) 
  u_issue/g28644/Y                                       -       D->Y    F     NAND4xp25_ASAP7_75t_R         1  0.6    25    17     296    (-,-) 
  u_issue/g28641/Y                                       -       A->Y    R     NOR5xp2_ASAP7_75t_R           1  0.5    41    23     319    (-,-) 
  u_issue/g28640/Y                                       -       A->Y    F     NAND5xp2_ASAP7_75t_R          2  1.1    46    30     349    (-,-) 
  u_issue/g28639/Y                                       -       A->Y    F     OR5x1_ASAP7_75t_R             3  1.6    19    44     393    (-,-) 
  u_issue/g28638/Y                                       -       A->Y    F     OR2x2_ASAP7_75t_R            20 10.4    33    37     430    (-,-) 
  u_issue/g45300/Y                                       -       A->Y    R     INVx2_ASAP7_75t_R            99 56.3   169    87     517    (-,-) 
  u_issue/g28291/Y                                       -       B2->Y   R     AO22x1_ASAP7_75t_R           22 11.2    71    64     581    (-,-) 
  u_issue/g45298/Y                                       -       A->Y    F     INVx1_ASAP7_75t_R            17  9.2    58    44     624    (-,-) 
  u_issue/g44952/Y                                       -       A->Y    R     NAND2xp5_ASAP7_75t_R          4  2.1    37    32     656    (-,-) 
  u_issue/g44832/Y                                       -       A->Y    F     NOR3xp33_ASAP7_75t_R          2  0.8    28    15     671    (-,-) 
  u_issue/g44639/Y                                       -       A->Y    R     NOR2xp33_ASAP7_75t_R          3  1.7    40    27     698    (-,-) 
  u_issue/g44554/Y                                       -       A->Y    F     NAND3xp33_ASAP7_75t_R         4  2.9    55    36     734    (-,-) 
  u_issue/g44546/Y                                       -       A->Y    R     NOR3xp33_ASAP7_75t_R          3  1.9    55    38     772    (-,-) 
  u_issue/g44542/Y                                       -       A->Y    F     INVx1_ASAP7_75t_R             1  0.6    13    10     782    (-,-) 
  u_issue/g44512/Y                                       -       A->Y    R     NOR4xp25_ASAP7_75t_R         17  8.8   245   118     900    (-,-) 
  u_issue/drc_bufs45344/Y                                -       A->Y    F     INVx1_ASAP7_75t_R             1  0.7    32    15     915    (-,-) 
  u_issue/drc_bufs45343/Y                                -       A->Y    R     INVx1_ASAP7_75t_R            16  8.1    53    34     949    (-,-) 
  u_issue/g44217/Y                                       -       A1->Y   F     AOI222xp33_ASAP7_75t_R        1  0.6    62    20     969    (-,-) 
  u_issue/g44110/Y                                       -       B->Y    R     NAND2xp5_ASAP7_75t_R          1  0.5    20    18     987    (-,-) 
  u_issue/g44019/Y                                       -       C->Y    F     AOI221xp5_ASAP7_75t_R         1  0.6    36    12     999    (-,-) 
  u_issue/g43925/Y                                       -       B->Y    R     NAND2xp5_ASAP7_75t_R         18  9.2   102    58    1057    (-,-) 
  u_cbm/SUB_UNS_OP276_g589__9315/Y                       -       A->Y    F     NOR2xp33_ASAP7_75t_R          2  1.3    48    40    1097    (-,-) 
  u_cbm/SUB_UNS_OP276_g588/Y                             -       A->Y    R     INVx1_ASAP7_75t_R             2  1.0    17    14    1111    (-,-) 
  u_cbm/SUB_UNS_OP276_g586__4733/Y                       -       B->Y    F     NOR2xp33_ASAP7_75t_R          2  1.3    46    19    1130    (-,-) 
  u_cbm/SUB_UNS_OP276_g585/Y                             -       A->Y    R     INVx1_ASAP7_75t_R             2  1.0    17    14    1144    (-,-) 
  u_cbm/SUB_UNS_OP276_g583__5115/Y                       -       B->Y    F     NOR2xp33_ASAP7_75t_R          2  1.3    42    19    1162    (-,-) 
  u_cbm/SUB_UNS_OP276_g582/Y                             -       A->Y    R     INVx1_ASAP7_75t_R             2  0.8    15    12    1175    (-,-) 
  u_cbm/SUB_UNS_OP276_g580__6131/Y                       -       B->Y    F     NOR2xp33_ASAP7_75t_R          2  1.2    45    17    1192    (-,-) 
  u_cbm/SUB_UNS_OP276_g579/Y                             -       A->Y    R     INVx1_ASAP7_75t_R             2  0.8    15    12    1205    (-,-) 
  u_cbm/SUB_UNS_OP276_g577__8246/Y                       -       B->Y    F     NOR2xp33_ASAP7_75t_R          2  1.2    41    18    1222    (-,-) 
  u_cbm/SUB_UNS_OP276_g576/Y                             -       A->Y    R     INVx1_ASAP7_75t_R             2  0.8    14    12    1234    (-,-) 
  u_cbm/SUB_UNS_OP276_g574__1705/Y                       -       B->Y    F     NOR2xp33_ASAP7_75t_R          2  1.2    45    17    1252    (-,-) 
  u_cbm/SUB_UNS_OP276_g573/Y                             -       A->Y    R     INVx1_ASAP7_75t_R             2  1.0    16    14    1265    (-,-) 
  u_cbm/SUB_UNS_OP276_g571__1617/Y                       -       B->Y    F     NOR2xp33_ASAP7_75t_R          2  1.3    42    19    1284    (-,-) 
  u_cbm/SUB_UNS_OP276_g570/Y                             -       A->Y    R     INVx1_ASAP7_75t_R             2  1.0    16    13    1297    (-,-) 
  u_cbm/SUB_UNS_OP276_g568__6783/Y                       -       B->Y    F     NOR2xp33_ASAP7_75t_R          2  1.3    48    19    1316    (-,-) 
  u_cbm/SUB_UNS_OP276_g567/Y                             -       A->Y    R     INVx1_ASAP7_75t_R             2  1.0    17    14    1330    (-,-) 
  u_cbm/SUB_UNS_OP276_g565__8428/Y                       -       B->Y    F     NOR2xp33_ASAP7_75t_R          2  1.3    44    19    1349    (-,-) 
  u_cbm/SUB_UNS_OP276_g564/Y                             -       A->Y    R     INVx1_ASAP7_75t_R             2  1.0    16    14    1363    (-,-) 
  u_cbm/SUB_UNS_OP276_g562__6260/Y                       -       B->Y    F     NOR2xp33_ASAP7_75t_R          2  1.3    47    19    1382    (-,-) 
  u_cbm/SUB_UNS_OP276_g561/Y                             -       A->Y    R     INVx1_ASAP7_75t_R             2  1.0    17    14    1395    (-,-) 
  u_cbm/SUB_UNS_OP276_g559__2398/Y                       -       B->Y    F     NOR2xp33_ASAP7_75t_R          2  1.3    43    19    1414    (-,-) 
  u_cbm/SUB_UNS_OP276_g558/Y                             -       A->Y    R     INVx1_ASAP7_75t_R             2  1.0    16    13    1428    (-,-) 
  u_cbm/SUB_UNS_OP276_g556__6417/Y                       -       B->Y    F     NOR2xp33_ASAP7_75t_R          2  1.3    48    19    1446    (-,-) 
  u_cbm/SUB_UNS_OP276_g555/Y                             -       A->Y    R     INVx1_ASAP7_75t_R             2  1.0    17    14    1460    (-,-) 
  u_cbm/SUB_UNS_OP276_g553__1666/Y                       -       B->Y    F     NOR2xp33_ASAP7_75t_R          2  1.3    42    19    1479    (-,-) 
  u_cbm/SUB_UNS_OP276_g552/Y                             -       A->Y    R     INVx1_ASAP7_75t_R             2  1.0    16    13    1493    (-,-) 
  u_cbm/SUB_UNS_OP276_g550__2883/Y                       -       B->Y    F     NOR2xp33_ASAP7_75t_R          2  1.3    48    19    1511    (-,-) 
  u_cbm/SUB_UNS_OP276_g549/Y                             -       A->Y    R     INVx1_ASAP7_75t_R             2  1.0    17    14    1525    (-,-) 
  u_cbm/SUB_UNS_OP276_g547__9315/Y                       -       B->Y    F     NOR2xp33_ASAP7_75t_R          2  1.3    45    19    1544    (-,-) 
  u_cbm/SUB_UNS_OP276_g546/Y                             -       A->Y    R     INVx1_ASAP7_75t_R             2  1.0    16    14    1558    (-,-) 
  u_cbm/SUB_UNS_OP276_g544__4733/Y                       -       B->Y    F     NOR2xp33_ASAP7_75t_R          2  1.3    48    19    1577    (-,-) 
  u_cbm/SUB_UNS_OP276_g543/Y                             -       A->Y    R     INVx1_ASAP7_75t_R             2  1.0    17    14    1591    (-,-) 
  u_cbm/SUB_UNS_OP276_g541__5115/Y                       -       B->Y    F     NOR2xp33_ASAP7_75t_R          2  1.3    42    19    1610    (-,-) 
  u_cbm/SUB_UNS_OP276_g540/Y                             -       A->Y    R     INVx1_ASAP7_75t_R             2  1.0    16    13    1623    (-,-) 
  u_cbm/SUB_UNS_OP276_g538__6131/Y                       -       B->Y    F     NOR2xp33_ASAP7_75t_R          2  1.3    48    19    1642    (-,-) 
  u_cbm/SUB_UNS_OP276_g537/Y                             -       A->Y    R     INVx1_ASAP7_75t_R             2  1.0    17    14    1656    (-,-) 
  u_cbm/SUB_UNS_OP276_g535__8246/Y                       -       B->Y    F     NOR2xp33_ASAP7_75t_R          2  1.3    45    19    1675    (-,-) 
  u_cbm/SUB_UNS_OP276_g534/Y                             -       A->Y    R     INVx1_ASAP7_75t_R             2  1.0    16    14    1688    (-,-) 
  u_cbm/SUB_UNS_OP276_g532__1705/Y                       -       B->Y    F     NOR2xp33_ASAP7_75t_R          2  1.3    48    19    1707    (-,-) 
  u_cbm/SUB_UNS_OP276_g531/Y                             -       A->Y    R     INVx1_ASAP7_75t_R             2  1.0    17    14    1721    (-,-) 
  u_cbm/SUB_UNS_OP276_g529__1617/Y                       -       B->Y    F     NOR2xp33_ASAP7_75t_R          2  1.3    45    19    1740    (-,-) 
  u_cbm/SUB_UNS_OP276_g528/Y                             -       A->Y    R     INVx1_ASAP7_75t_R             2  1.0    16    14    1754    (-,-) 
  u_cbm/SUB_UNS_OP276_g526__6783/Y                       -       B->Y    F     NOR2xp33_ASAP7_75t_R          2  1.3    47    19    1772    (-,-) 
  u_cbm/SUB_UNS_OP276_g525/Y                             -       A->Y    R     INVx1_ASAP7_75t_R             2  0.8    15    13    1785    (-,-) 
  u_cbm/SUB_UNS_OP276_g523__8428/Y                       -       B->Y    F     NOR2xp33_ASAP7_75t_R          2  1.2    42    18    1803    (-,-) 
  u_cbm/SUB_UNS_OP276_g522/Y                             -       A->Y    R     INVx1_ASAP7_75t_R             2  1.0    16    13    1816    (-,-) 
  u_cbm/SUB_UNS_OP276_g520__6260/Y                       -       B->Y    F     NOR2xp33_ASAP7_75t_R          2  1.3    48    19    1835    (-,-) 
  u_cbm/SUB_UNS_OP276_g519/Y                             -       A->Y    R     INVx1_ASAP7_75t_R             2  0.8    16    13    1848    (-,-) 
  u_cbm/SUB_UNS_OP276_g517__2398/Y                       -       B->Y    F     NOR2xp33_ASAP7_75t_R          2  1.2    40    18    1866    (-,-) 
  u_cbm/SUB_UNS_OP276_g516/Y                             -       A->Y    R     INVx1_ASAP7_75t_R             2  1.0    16    13    1879    (-,-) 
  u_cbm/SUB_UNS_OP276_g514__6417/Y                       -       B->Y    F     NOR2xp33_ASAP7_75t_R          2  1.3    48    19    1897    (-,-) 
  u_cbm/SUB_UNS_OP276_g513/Y                             -       A->Y    R     INVx1_ASAP7_75t_R             2  1.0    17    14    1911    (-,-) 
  u_cbm/SUB_UNS_OP276_g511__1666/Y                       -       B->Y    F     NOR2xp33_ASAP7_75t_R          2  1.3    44    19    1930    (-,-) 
  u_cbm/SUB_UNS_OP276_g510/Y                             -       A->Y    R     INVx1_ASAP7_75t_R             2  1.0    16    14    1944    (-,-) 
  u_cbm/SUB_UNS_OP276_g508__2883/Y                       -       B->Y    F     NOR2xp33_ASAP7_75t_R          2  1.3    48    19    1963    (-,-) 
  u_cbm/SUB_UNS_OP276_g506__9945/Y                       -       B->Y    R     AOI21xp5_ASAP7_75t_R          1  0.5    25    17    1979    (-,-) 
  u_cbm/g9416__9315/Y                                    -       B2->Y   R     AO22x1_ASAP7_75t_R            5  3.6    27    29    2008    (-,-) 
  u_cbm/csa_tree_SUB_TC_OP109_groupi_g1946/Y             -       A->Y    F     INVxp67_ASAP7_75t_R           1  1.1    14    12    2020    (-,-) 
  u_cbm/csa_tree_SUB_TC_OP109_groupi_g1915__5107/Y       -       C->Y    R     MAJIxp5_ASAP7_75t_R           2  2.2    40    25    2045    (-,-) 
  u_cbm/g12611/SN                                        -       CI->SN  F     FAx1_ASAP7_75t_R              2  1.6    38    55    2099    (-,-) 
  u_cbm/csa_tree_SUB_TC_OP109_groupi_g1763__5122/Y       -       A->Y    R     MAJIxp5_ASAP7_75t_R           2  3.3    56    39    2138    (-,-) 
  u_cbm/g12608/SN                                        -       B->SN   F     FAx1_ASAP7_75t_R              2  1.0    37    49    2188    (-,-) 
  u_cbm/csa_tree_SUB_TC_OP109_groupi_g1751__6260/Y       -       A->Y    R     NAND2xp33_ASAP7_75t_R         2  1.2    35    29    2216    (-,-) 
  u_cbm/csa_tree_SUB_TC_OP109_groupi_g1749__2398/Y       -       A2->Y   R     AO21x1_ASAP7_75t_R            1  0.5     7    17    2234    (-,-) 
  u_cbm/csa_tree_SUB_TC_OP109_groupi_g1748__5477/Y       -       C->Y    F     OAI221xp5_ASAP7_75t_R         1  0.6    21    11    2245    (-,-) 
  u_cbm/csa_tree_SUB_TC_OP109_groupi_g1747__6417/Y       -       A->Y    R     MAJIxp5_ASAP7_75t_R           1  0.6    20    16    2261    (-,-) 
  u_cbm/csa_tree_SUB_TC_OP109_groupi_g1746__7410/Y       -       B->Y    R     OA21x2_ASAP7_75t_R            2  1.7    10    19    2280    (-,-) 
  u_cbm/g12432__8246/Y                                   -       B->Y    F     NOR2x1_ASAP7_75t_R           64 35.7   211    98    2378    (-,-) 
  u_cbm/g12127__2398/Y                                   -       A1->Y   R     AOI222xp33_ASAP7_75t_R        1  0.6    54    42    2420    (-,-) 
  u_cbm/column_mask_q_reg[30]/D                          -       -       R     ASYNC_DFFHx1_ASAP7_75t_R      1    -     -     0    2420    (-,-) 
#------------------------------------------------------------------------------------------------------------------------------------------------



Path 43: MET (1997567 ps) Setup Check with Pin u_cbm/column_mask_q_reg[28]/CLK->D
          Group: core_clock
     Startpoint: (R) u_frontend/u_decode/genblk1.u_fifo/rd_ptr_q_reg[0]/CLK
          Clock: (R) core_clock
       Endpoint: (R) u_cbm/column_mask_q_reg[28]/D
          Clock: (R) core_clock

                      Capture       Launch     
        Clock Edge:+  2000000            0     
       Src Latency:+        0            0     
       Net Latency:+        0 (I)        0 (I) 
           Arrival:=  2000000            0     
                                               
             Setup:-       13                  
     Required Time:=  1999987                  
      Launch Clock:-        0                  
         Data Path:-     2420                  
             Slack:=  1997567                  

#------------------------------------------------------------------------------------------------------------------------------------------------
#                     Timing Point                       Flags    Arc    Edge           Cell            Fanout Load Trans Delay Arrival Instance 
#                                                                                                              (fF)  (ps)  (ps)   (ps)  Location 
#------------------------------------------------------------------------------------------------------------------------------------------------
  u_frontend/u_decode/genblk1.u_fifo/rd_ptr_q_reg[0]/CLK -       -       R     (arrival)                  5356    -     0     0       0    (-,-) 
  u_frontend/u_decode/genblk1.u_fifo/rd_ptr_q_reg[0]/QN  -       CLK->QN R     ASYNC_DFFHx1_ASAP7_75t_R      1  0.6    13    36      36    (-,-) 
  u_frontend/u_decode/genblk1.u_fifo/g2479/Y             -       A->Y    R     BUFx2_ASAP7_75t_R           102 51.6   156    82     118    (-,-) 
  u_frontend/u_decode/genblk1.u_fifo/g2891/Y             -       A->Y    F     INVx2_ASAP7_75t_R            97 48.2   144   106     224    (-,-) 
  u_frontend/u_decode/genblk1.u_fifo/g2804/Y             -       A2->Y   F     AO22x1_ASAP7_75t_R            3  2.0    17    40     264    (-,-) 
  u_issue/g28658/Y                                       -       B->Y    R     XNOR2xp5_ASAP7_75t_R          1  0.5    18    14     278    (-,-) 
  u_issue/g28644/Y                                       -       D->Y    F     NAND4xp25_ASAP7_75t_R         1  0.6    25    17     296    (-,-) 
  u_issue/g28641/Y                                       -       A->Y    R     NOR5xp2_ASAP7_75t_R           1  0.5    41    23     319    (-,-) 
  u_issue/g28640/Y                                       -       A->Y    F     NAND5xp2_ASAP7_75t_R          2  1.1    46    30     349    (-,-) 
  u_issue/g28639/Y                                       -       A->Y    F     OR5x1_ASAP7_75t_R             3  1.6    19    44     393    (-,-) 
  u_issue/g28638/Y                                       -       A->Y    F     OR2x2_ASAP7_75t_R            20 10.4    33    37     430    (-,-) 
  u_issue/g45300/Y                                       -       A->Y    R     INVx2_ASAP7_75t_R            99 56.3   169    87     517    (-,-) 
  u_issue/g28291/Y                                       -       B2->Y   R     AO22x1_ASAP7_75t_R           22 11.2    71    64     581    (-,-) 
  u_issue/g45298/Y                                       -       A->Y    F     INVx1_ASAP7_75t_R            17  9.2    58    44     624    (-,-) 
  u_issue/g44952/Y                                       -       A->Y    R     NAND2xp5_ASAP7_75t_R          4  2.1    37    32     656    (-,-) 
  u_issue/g44832/Y                                       -       A->Y    F     NOR3xp33_ASAP7_75t_R          2  0.8    28    15     671    (-,-) 
  u_issue/g44639/Y                                       -       A->Y    R     NOR2xp33_ASAP7_75t_R          3  1.7    40    27     698    (-,-) 
  u_issue/g44554/Y                                       -       A->Y    F     NAND3xp33_ASAP7_75t_R         4  2.9    55    36     734    (-,-) 
  u_issue/g44546/Y                                       -       A->Y    R     NOR3xp33_ASAP7_75t_R          3  1.9    55    38     772    (-,-) 
  u_issue/g44542/Y                                       -       A->Y    F     INVx1_ASAP7_75t_R             1  0.6    13    10     782    (-,-) 
  u_issue/g44512/Y                                       -       A->Y    R     NOR4xp25_ASAP7_75t_R         17  8.8   245   118     900    (-,-) 
  u_issue/drc_bufs45344/Y                                -       A->Y    F     INVx1_ASAP7_75t_R             1  0.7    32    15     915    (-,-) 
  u_issue/drc_bufs45343/Y                                -       A->Y    R     INVx1_ASAP7_75t_R            16  8.1    53    34     949    (-,-) 
  u_issue/g44217/Y                                       -       A1->Y   F     AOI222xp33_ASAP7_75t_R        1  0.6    62    20     969    (-,-) 
  u_issue/g44110/Y                                       -       B->Y    R     NAND2xp5_ASAP7_75t_R          1  0.5    20    18     987    (-,-) 
  u_issue/g44019/Y                                       -       C->Y    F     AOI221xp5_ASAP7_75t_R         1  0.6    36    12     999    (-,-) 
  u_issue/g43925/Y                                       -       B->Y    R     NAND2xp5_ASAP7_75t_R         18  9.2   102    58    1057    (-,-) 
  u_cbm/SUB_UNS_OP276_g589__9315/Y                       -       A->Y    F     NOR2xp33_ASAP7_75t_R          2  1.3    48    40    1097    (-,-) 
  u_cbm/SUB_UNS_OP276_g588/Y                             -       A->Y    R     INVx1_ASAP7_75t_R             2  1.0    17    14    1111    (-,-) 
  u_cbm/SUB_UNS_OP276_g586__4733/Y                       -       B->Y    F     NOR2xp33_ASAP7_75t_R          2  1.3    46    19    1130    (-,-) 
  u_cbm/SUB_UNS_OP276_g585/Y                             -       A->Y    R     INVx1_ASAP7_75t_R             2  1.0    17    14    1144    (-,-) 
  u_cbm/SUB_UNS_OP276_g583__5115/Y                       -       B->Y    F     NOR2xp33_ASAP7_75t_R          2  1.3    42    19    1162    (-,-) 
  u_cbm/SUB_UNS_OP276_g582/Y                             -       A->Y    R     INVx1_ASAP7_75t_R             2  0.8    15    12    1175    (-,-) 
  u_cbm/SUB_UNS_OP276_g580__6131/Y                       -       B->Y    F     NOR2xp33_ASAP7_75t_R          2  1.2    45    17    1192    (-,-) 
  u_cbm/SUB_UNS_OP276_g579/Y                             -       A->Y    R     INVx1_ASAP7_75t_R             2  0.8    15    12    1205    (-,-) 
  u_cbm/SUB_UNS_OP276_g577__8246/Y                       -       B->Y    F     NOR2xp33_ASAP7_75t_R          2  1.2    41    18    1222    (-,-) 
  u_cbm/SUB_UNS_OP276_g576/Y                             -       A->Y    R     INVx1_ASAP7_75t_R             2  0.8    14    12    1234    (-,-) 
  u_cbm/SUB_UNS_OP276_g574__1705/Y                       -       B->Y    F     NOR2xp33_ASAP7_75t_R          2  1.2    45    17    1252    (-,-) 
  u_cbm/SUB_UNS_OP276_g573/Y                             -       A->Y    R     INVx1_ASAP7_75t_R             2  1.0    16    14    1265    (-,-) 
  u_cbm/SUB_UNS_OP276_g571__1617/Y                       -       B->Y    F     NOR2xp33_ASAP7_75t_R          2  1.3    42    19    1284    (-,-) 
  u_cbm/SUB_UNS_OP276_g570/Y                             -       A->Y    R     INVx1_ASAP7_75t_R             2  1.0    16    13    1297    (-,-) 
  u_cbm/SUB_UNS_OP276_g568__6783/Y                       -       B->Y    F     NOR2xp33_ASAP7_75t_R          2  1.3    48    19    1316    (-,-) 
  u_cbm/SUB_UNS_OP276_g567/Y                             -       A->Y    R     INVx1_ASAP7_75t_R             2  1.0    17    14    1330    (-,-) 
  u_cbm/SUB_UNS_OP276_g565__8428/Y                       -       B->Y    F     NOR2xp33_ASAP7_75t_R          2  1.3    44    19    1349    (-,-) 
  u_cbm/SUB_UNS_OP276_g564/Y                             -       A->Y    R     INVx1_ASAP7_75t_R             2  1.0    16    14    1363    (-,-) 
  u_cbm/SUB_UNS_OP276_g562__6260/Y                       -       B->Y    F     NOR2xp33_ASAP7_75t_R          2  1.3    47    19    1382    (-,-) 
  u_cbm/SUB_UNS_OP276_g561/Y                             -       A->Y    R     INVx1_ASAP7_75t_R             2  1.0    17    14    1395    (-,-) 
  u_cbm/SUB_UNS_OP276_g559__2398/Y                       -       B->Y    F     NOR2xp33_ASAP7_75t_R          2  1.3    43    19    1414    (-,-) 
  u_cbm/SUB_UNS_OP276_g558/Y                             -       A->Y    R     INVx1_ASAP7_75t_R             2  1.0    16    13    1428    (-,-) 
  u_cbm/SUB_UNS_OP276_g556__6417/Y                       -       B->Y    F     NOR2xp33_ASAP7_75t_R          2  1.3    48    19    1446    (-,-) 
  u_cbm/SUB_UNS_OP276_g555/Y                             -       A->Y    R     INVx1_ASAP7_75t_R             2  1.0    17    14    1460    (-,-) 
  u_cbm/SUB_UNS_OP276_g553__1666/Y                       -       B->Y    F     NOR2xp33_ASAP7_75t_R          2  1.3    42    19    1479    (-,-) 
  u_cbm/SUB_UNS_OP276_g552/Y                             -       A->Y    R     INVx1_ASAP7_75t_R             2  1.0    16    13    1493    (-,-) 
  u_cbm/SUB_UNS_OP276_g550__2883/Y                       -       B->Y    F     NOR2xp33_ASAP7_75t_R          2  1.3    48    19    1511    (-,-) 
  u_cbm/SUB_UNS_OP276_g549/Y                             -       A->Y    R     INVx1_ASAP7_75t_R             2  1.0    17    14    1525    (-,-) 
  u_cbm/SUB_UNS_OP276_g547__9315/Y                       -       B->Y    F     NOR2xp33_ASAP7_75t_R          2  1.3    45    19    1544    (-,-) 
  u_cbm/SUB_UNS_OP276_g546/Y                             -       A->Y    R     INVx1_ASAP7_75t_R             2  1.0    16    14    1558    (-,-) 
  u_cbm/SUB_UNS_OP276_g544__4733/Y                       -       B->Y    F     NOR2xp33_ASAP7_75t_R          2  1.3    48    19    1577    (-,-) 
  u_cbm/SUB_UNS_OP276_g543/Y                             -       A->Y    R     INVx1_ASAP7_75t_R             2  1.0    17    14    1591    (-,-) 
  u_cbm/SUB_UNS_OP276_g541__5115/Y                       -       B->Y    F     NOR2xp33_ASAP7_75t_R          2  1.3    42    19    1610    (-,-) 
  u_cbm/SUB_UNS_OP276_g540/Y                             -       A->Y    R     INVx1_ASAP7_75t_R             2  1.0    16    13    1623    (-,-) 
  u_cbm/SUB_UNS_OP276_g538__6131/Y                       -       B->Y    F     NOR2xp33_ASAP7_75t_R          2  1.3    48    19    1642    (-,-) 
  u_cbm/SUB_UNS_OP276_g537/Y                             -       A->Y    R     INVx1_ASAP7_75t_R             2  1.0    17    14    1656    (-,-) 
  u_cbm/SUB_UNS_OP276_g535__8246/Y                       -       B->Y    F     NOR2xp33_ASAP7_75t_R          2  1.3    45    19    1675    (-,-) 
  u_cbm/SUB_UNS_OP276_g534/Y                             -       A->Y    R     INVx1_ASAP7_75t_R             2  1.0    16    14    1688    (-,-) 
  u_cbm/SUB_UNS_OP276_g532__1705/Y                       -       B->Y    F     NOR2xp33_ASAP7_75t_R          2  1.3    48    19    1707    (-,-) 
  u_cbm/SUB_UNS_OP276_g531/Y                             -       A->Y    R     INVx1_ASAP7_75t_R             2  1.0    17    14    1721    (-,-) 
  u_cbm/SUB_UNS_OP276_g529__1617/Y                       -       B->Y    F     NOR2xp33_ASAP7_75t_R          2  1.3    45    19    1740    (-,-) 
  u_cbm/SUB_UNS_OP276_g528/Y                             -       A->Y    R     INVx1_ASAP7_75t_R             2  1.0    16    14    1754    (-,-) 
  u_cbm/SUB_UNS_OP276_g526__6783/Y                       -       B->Y    F     NOR2xp33_ASAP7_75t_R          2  1.3    47    19    1772    (-,-) 
  u_cbm/SUB_UNS_OP276_g525/Y                             -       A->Y    R     INVx1_ASAP7_75t_R             2  0.8    15    13    1785    (-,-) 
  u_cbm/SUB_UNS_OP276_g523__8428/Y                       -       B->Y    F     NOR2xp33_ASAP7_75t_R          2  1.2    42    18    1803    (-,-) 
  u_cbm/SUB_UNS_OP276_g522/Y                             -       A->Y    R     INVx1_ASAP7_75t_R             2  1.0    16    13    1816    (-,-) 
  u_cbm/SUB_UNS_OP276_g520__6260/Y                       -       B->Y    F     NOR2xp33_ASAP7_75t_R          2  1.3    48    19    1835    (-,-) 
  u_cbm/SUB_UNS_OP276_g519/Y                             -       A->Y    R     INVx1_ASAP7_75t_R             2  0.8    16    13    1848    (-,-) 
  u_cbm/SUB_UNS_OP276_g517__2398/Y                       -       B->Y    F     NOR2xp33_ASAP7_75t_R          2  1.2    40    18    1866    (-,-) 
  u_cbm/SUB_UNS_OP276_g516/Y                             -       A->Y    R     INVx1_ASAP7_75t_R             2  1.0    16    13    1879    (-,-) 
  u_cbm/SUB_UNS_OP276_g514__6417/Y                       -       B->Y    F     NOR2xp33_ASAP7_75t_R          2  1.3    48    19    1897    (-,-) 
  u_cbm/SUB_UNS_OP276_g513/Y                             -       A->Y    R     INVx1_ASAP7_75t_R             2  1.0    17    14    1911    (-,-) 
  u_cbm/SUB_UNS_OP276_g511__1666/Y                       -       B->Y    F     NOR2xp33_ASAP7_75t_R          2  1.3    44    19    1930    (-,-) 
  u_cbm/SUB_UNS_OP276_g510/Y                             -       A->Y    R     INVx1_ASAP7_75t_R             2  1.0    16    14    1944    (-,-) 
  u_cbm/SUB_UNS_OP276_g508__2883/Y                       -       B->Y    F     NOR2xp33_ASAP7_75t_R          2  1.3    48    19    1963    (-,-) 
  u_cbm/SUB_UNS_OP276_g506__9945/Y                       -       B->Y    R     AOI21xp5_ASAP7_75t_R          1  0.5    25    17    1979    (-,-) 
  u_cbm/g9416__9315/Y                                    -       B2->Y   R     AO22x1_ASAP7_75t_R            5  3.6    27    29    2008    (-,-) 
  u_cbm/csa_tree_SUB_TC_OP109_groupi_g1946/Y             -       A->Y    F     INVxp67_ASAP7_75t_R           1  1.1    14    12    2020    (-,-) 
  u_cbm/csa_tree_SUB_TC_OP109_groupi_g1915__5107/Y       -       C->Y    R     MAJIxp5_ASAP7_75t_R           2  2.2    40    25    2045    (-,-) 
  u_cbm/g12611/SN                                        -       CI->SN  F     FAx1_ASAP7_75t_R              2  1.6    38    55    2099    (-,-) 
  u_cbm/csa_tree_SUB_TC_OP109_groupi_g1763__5122/Y       -       A->Y    R     MAJIxp5_ASAP7_75t_R           2  3.3    56    39    2138    (-,-) 
  u_cbm/g12608/SN                                        -       B->SN   F     FAx1_ASAP7_75t_R              2  1.0    37    49    2188    (-,-) 
  u_cbm/csa_tree_SUB_TC_OP109_groupi_g1751__6260/Y       -       A->Y    R     NAND2xp33_ASAP7_75t_R         2  1.2    35    29    2216    (-,-) 
  u_cbm/csa_tree_SUB_TC_OP109_groupi_g1749__2398/Y       -       A2->Y   R     AO21x1_ASAP7_75t_R            1  0.5     7    17    2234    (-,-) 
  u_cbm/csa_tree_SUB_TC_OP109_groupi_g1748__5477/Y       -       C->Y    F     OAI221xp5_ASAP7_75t_R         1  0.6    21    11    2245    (-,-) 
  u_cbm/csa_tree_SUB_TC_OP109_groupi_g1747__6417/Y       -       A->Y    R     MAJIxp5_ASAP7_75t_R           1  0.6    20    16    2261    (-,-) 
  u_cbm/csa_tree_SUB_TC_OP109_groupi_g1746__7410/Y       -       B->Y    R     OA21x2_ASAP7_75t_R            2  1.7    10    19    2280    (-,-) 
  u_cbm/g12432__8246/Y                                   -       B->Y    F     NOR2x1_ASAP7_75t_R           64 35.7   211    98    2378    (-,-) 
  u_cbm/g12129__6260/Y                                   -       A1->Y   R     AOI222xp33_ASAP7_75t_R        1  0.6    54    42    2420    (-,-) 
  u_cbm/column_mask_q_reg[28]/D                          -       -       R     ASYNC_DFFHx1_ASAP7_75t_R      1    -     -     0    2420    (-,-) 
#------------------------------------------------------------------------------------------------------------------------------------------------



Path 44: MET (1997567 ps) Setup Check with Pin u_cbm/column_mask_q_reg[24]/CLK->D
          Group: core_clock
     Startpoint: (R) u_frontend/u_decode/genblk1.u_fifo/rd_ptr_q_reg[0]/CLK
          Clock: (R) core_clock
       Endpoint: (R) u_cbm/column_mask_q_reg[24]/D
          Clock: (R) core_clock

                      Capture       Launch     
        Clock Edge:+  2000000            0     
       Src Latency:+        0            0     
       Net Latency:+        0 (I)        0 (I) 
           Arrival:=  2000000            0     
                                               
             Setup:-       13                  
     Required Time:=  1999987                  
      Launch Clock:-        0                  
         Data Path:-     2420                  
             Slack:=  1997567                  

#------------------------------------------------------------------------------------------------------------------------------------------------
#                     Timing Point                       Flags    Arc    Edge           Cell            Fanout Load Trans Delay Arrival Instance 
#                                                                                                              (fF)  (ps)  (ps)   (ps)  Location 
#------------------------------------------------------------------------------------------------------------------------------------------------
  u_frontend/u_decode/genblk1.u_fifo/rd_ptr_q_reg[0]/CLK -       -       R     (arrival)                  5356    -     0     0       0    (-,-) 
  u_frontend/u_decode/genblk1.u_fifo/rd_ptr_q_reg[0]/QN  -       CLK->QN R     ASYNC_DFFHx1_ASAP7_75t_R      1  0.6    13    36      36    (-,-) 
  u_frontend/u_decode/genblk1.u_fifo/g2479/Y             -       A->Y    R     BUFx2_ASAP7_75t_R           102 51.6   156    82     118    (-,-) 
  u_frontend/u_decode/genblk1.u_fifo/g2891/Y             -       A->Y    F     INVx2_ASAP7_75t_R            97 48.2   144   106     224    (-,-) 
  u_frontend/u_decode/genblk1.u_fifo/g2804/Y             -       A2->Y   F     AO22x1_ASAP7_75t_R            3  2.0    17    40     264    (-,-) 
  u_issue/g28658/Y                                       -       B->Y    R     XNOR2xp5_ASAP7_75t_R          1  0.5    18    14     278    (-,-) 
  u_issue/g28644/Y                                       -       D->Y    F     NAND4xp25_ASAP7_75t_R         1  0.6    25    17     296    (-,-) 
  u_issue/g28641/Y                                       -       A->Y    R     NOR5xp2_ASAP7_75t_R           1  0.5    41    23     319    (-,-) 
  u_issue/g28640/Y                                       -       A->Y    F     NAND5xp2_ASAP7_75t_R          2  1.1    46    30     349    (-,-) 
  u_issue/g28639/Y                                       -       A->Y    F     OR5x1_ASAP7_75t_R             3  1.6    19    44     393    (-,-) 
  u_issue/g28638/Y                                       -       A->Y    F     OR2x2_ASAP7_75t_R            20 10.4    33    37     430    (-,-) 
  u_issue/g45300/Y                                       -       A->Y    R     INVx2_ASAP7_75t_R            99 56.3   169    87     517    (-,-) 
  u_issue/g28291/Y                                       -       B2->Y   R     AO22x1_ASAP7_75t_R           22 11.2    71    64     581    (-,-) 
  u_issue/g45298/Y                                       -       A->Y    F     INVx1_ASAP7_75t_R            17  9.2    58    44     624    (-,-) 
  u_issue/g44952/Y                                       -       A->Y    R     NAND2xp5_ASAP7_75t_R          4  2.1    37    32     656    (-,-) 
  u_issue/g44832/Y                                       -       A->Y    F     NOR3xp33_ASAP7_75t_R          2  0.8    28    15     671    (-,-) 
  u_issue/g44639/Y                                       -       A->Y    R     NOR2xp33_ASAP7_75t_R          3  1.7    40    27     698    (-,-) 
  u_issue/g44554/Y                                       -       A->Y    F     NAND3xp33_ASAP7_75t_R         4  2.9    55    36     734    (-,-) 
  u_issue/g44546/Y                                       -       A->Y    R     NOR3xp33_ASAP7_75t_R          3  1.9    55    38     772    (-,-) 
  u_issue/g44542/Y                                       -       A->Y    F     INVx1_ASAP7_75t_R             1  0.6    13    10     782    (-,-) 
  u_issue/g44512/Y                                       -       A->Y    R     NOR4xp25_ASAP7_75t_R         17  8.8   245   118     900    (-,-) 
  u_issue/drc_bufs45344/Y                                -       A->Y    F     INVx1_ASAP7_75t_R             1  0.7    32    15     915    (-,-) 
  u_issue/drc_bufs45343/Y                                -       A->Y    R     INVx1_ASAP7_75t_R            16  8.1    53    34     949    (-,-) 
  u_issue/g44217/Y                                       -       A1->Y   F     AOI222xp33_ASAP7_75t_R        1  0.6    62    20     969    (-,-) 
  u_issue/g44110/Y                                       -       B->Y    R     NAND2xp5_ASAP7_75t_R          1  0.5    20    18     987    (-,-) 
  u_issue/g44019/Y                                       -       C->Y    F     AOI221xp5_ASAP7_75t_R         1  0.6    36    12     999    (-,-) 
  u_issue/g43925/Y                                       -       B->Y    R     NAND2xp5_ASAP7_75t_R         18  9.2   102    58    1057    (-,-) 
  u_cbm/SUB_UNS_OP276_g589__9315/Y                       -       A->Y    F     NOR2xp33_ASAP7_75t_R          2  1.3    48    40    1097    (-,-) 
  u_cbm/SUB_UNS_OP276_g588/Y                             -       A->Y    R     INVx1_ASAP7_75t_R             2  1.0    17    14    1111    (-,-) 
  u_cbm/SUB_UNS_OP276_g586__4733/Y                       -       B->Y    F     NOR2xp33_ASAP7_75t_R          2  1.3    46    19    1130    (-,-) 
  u_cbm/SUB_UNS_OP276_g585/Y                             -       A->Y    R     INVx1_ASAP7_75t_R             2  1.0    17    14    1144    (-,-) 
  u_cbm/SUB_UNS_OP276_g583__5115/Y                       -       B->Y    F     NOR2xp33_ASAP7_75t_R          2  1.3    42    19    1162    (-,-) 
  u_cbm/SUB_UNS_OP276_g582/Y                             -       A->Y    R     INVx1_ASAP7_75t_R             2  0.8    15    12    1175    (-,-) 
  u_cbm/SUB_UNS_OP276_g580__6131/Y                       -       B->Y    F     NOR2xp33_ASAP7_75t_R          2  1.2    45    17    1192    (-,-) 
  u_cbm/SUB_UNS_OP276_g579/Y                             -       A->Y    R     INVx1_ASAP7_75t_R             2  0.8    15    12    1205    (-,-) 
  u_cbm/SUB_UNS_OP276_g577__8246/Y                       -       B->Y    F     NOR2xp33_ASAP7_75t_R          2  1.2    41    18    1222    (-,-) 
  u_cbm/SUB_UNS_OP276_g576/Y                             -       A->Y    R     INVx1_ASAP7_75t_R             2  0.8    14    12    1234    (-,-) 
  u_cbm/SUB_UNS_OP276_g574__1705/Y                       -       B->Y    F     NOR2xp33_ASAP7_75t_R          2  1.2    45    17    1252    (-,-) 
  u_cbm/SUB_UNS_OP276_g573/Y                             -       A->Y    R     INVx1_ASAP7_75t_R             2  1.0    16    14    1265    (-,-) 
  u_cbm/SUB_UNS_OP276_g571__1617/Y                       -       B->Y    F     NOR2xp33_ASAP7_75t_R          2  1.3    42    19    1284    (-,-) 
  u_cbm/SUB_UNS_OP276_g570/Y                             -       A->Y    R     INVx1_ASAP7_75t_R             2  1.0    16    13    1297    (-,-) 
  u_cbm/SUB_UNS_OP276_g568__6783/Y                       -       B->Y    F     NOR2xp33_ASAP7_75t_R          2  1.3    48    19    1316    (-,-) 
  u_cbm/SUB_UNS_OP276_g567/Y                             -       A->Y    R     INVx1_ASAP7_75t_R             2  1.0    17    14    1330    (-,-) 
  u_cbm/SUB_UNS_OP276_g565__8428/Y                       -       B->Y    F     NOR2xp33_ASAP7_75t_R          2  1.3    44    19    1349    (-,-) 
  u_cbm/SUB_UNS_OP276_g564/Y                             -       A->Y    R     INVx1_ASAP7_75t_R             2  1.0    16    14    1363    (-,-) 
  u_cbm/SUB_UNS_OP276_g562__6260/Y                       -       B->Y    F     NOR2xp33_ASAP7_75t_R          2  1.3    47    19    1382    (-,-) 
  u_cbm/SUB_UNS_OP276_g561/Y                             -       A->Y    R     INVx1_ASAP7_75t_R             2  1.0    17    14    1395    (-,-) 
  u_cbm/SUB_UNS_OP276_g559__2398/Y                       -       B->Y    F     NOR2xp33_ASAP7_75t_R          2  1.3    43    19    1414    (-,-) 
  u_cbm/SUB_UNS_OP276_g558/Y                             -       A->Y    R     INVx1_ASAP7_75t_R             2  1.0    16    13    1428    (-,-) 
  u_cbm/SUB_UNS_OP276_g556__6417/Y                       -       B->Y    F     NOR2xp33_ASAP7_75t_R          2  1.3    48    19    1446    (-,-) 
  u_cbm/SUB_UNS_OP276_g555/Y                             -       A->Y    R     INVx1_ASAP7_75t_R             2  1.0    17    14    1460    (-,-) 
  u_cbm/SUB_UNS_OP276_g553__1666/Y                       -       B->Y    F     NOR2xp33_ASAP7_75t_R          2  1.3    42    19    1479    (-,-) 
  u_cbm/SUB_UNS_OP276_g552/Y                             -       A->Y    R     INVx1_ASAP7_75t_R             2  1.0    16    13    1493    (-,-) 
  u_cbm/SUB_UNS_OP276_g550__2883/Y                       -       B->Y    F     NOR2xp33_ASAP7_75t_R          2  1.3    48    19    1511    (-,-) 
  u_cbm/SUB_UNS_OP276_g549/Y                             -       A->Y    R     INVx1_ASAP7_75t_R             2  1.0    17    14    1525    (-,-) 
  u_cbm/SUB_UNS_OP276_g547__9315/Y                       -       B->Y    F     NOR2xp33_ASAP7_75t_R          2  1.3    45    19    1544    (-,-) 
  u_cbm/SUB_UNS_OP276_g546/Y                             -       A->Y    R     INVx1_ASAP7_75t_R             2  1.0    16    14    1558    (-,-) 
  u_cbm/SUB_UNS_OP276_g544__4733/Y                       -       B->Y    F     NOR2xp33_ASAP7_75t_R          2  1.3    48    19    1577    (-,-) 
  u_cbm/SUB_UNS_OP276_g543/Y                             -       A->Y    R     INVx1_ASAP7_75t_R             2  1.0    17    14    1591    (-,-) 
  u_cbm/SUB_UNS_OP276_g541__5115/Y                       -       B->Y    F     NOR2xp33_ASAP7_75t_R          2  1.3    42    19    1610    (-,-) 
  u_cbm/SUB_UNS_OP276_g540/Y                             -       A->Y    R     INVx1_ASAP7_75t_R             2  1.0    16    13    1623    (-,-) 
  u_cbm/SUB_UNS_OP276_g538__6131/Y                       -       B->Y    F     NOR2xp33_ASAP7_75t_R          2  1.3    48    19    1642    (-,-) 
  u_cbm/SUB_UNS_OP276_g537/Y                             -       A->Y    R     INVx1_ASAP7_75t_R             2  1.0    17    14    1656    (-,-) 
  u_cbm/SUB_UNS_OP276_g535__8246/Y                       -       B->Y    F     NOR2xp33_ASAP7_75t_R          2  1.3    45    19    1675    (-,-) 
  u_cbm/SUB_UNS_OP276_g534/Y                             -       A->Y    R     INVx1_ASAP7_75t_R             2  1.0    16    14    1688    (-,-) 
  u_cbm/SUB_UNS_OP276_g532__1705/Y                       -       B->Y    F     NOR2xp33_ASAP7_75t_R          2  1.3    48    19    1707    (-,-) 
  u_cbm/SUB_UNS_OP276_g531/Y                             -       A->Y    R     INVx1_ASAP7_75t_R             2  1.0    17    14    1721    (-,-) 
  u_cbm/SUB_UNS_OP276_g529__1617/Y                       -       B->Y    F     NOR2xp33_ASAP7_75t_R          2  1.3    45    19    1740    (-,-) 
  u_cbm/SUB_UNS_OP276_g528/Y                             -       A->Y    R     INVx1_ASAP7_75t_R             2  1.0    16    14    1754    (-,-) 
  u_cbm/SUB_UNS_OP276_g526__6783/Y                       -       B->Y    F     NOR2xp33_ASAP7_75t_R          2  1.3    47    19    1772    (-,-) 
  u_cbm/SUB_UNS_OP276_g525/Y                             -       A->Y    R     INVx1_ASAP7_75t_R             2  0.8    15    13    1785    (-,-) 
  u_cbm/SUB_UNS_OP276_g523__8428/Y                       -       B->Y    F     NOR2xp33_ASAP7_75t_R          2  1.2    42    18    1803    (-,-) 
  u_cbm/SUB_UNS_OP276_g522/Y                             -       A->Y    R     INVx1_ASAP7_75t_R             2  1.0    16    13    1816    (-,-) 
  u_cbm/SUB_UNS_OP276_g520__6260/Y                       -       B->Y    F     NOR2xp33_ASAP7_75t_R          2  1.3    48    19    1835    (-,-) 
  u_cbm/SUB_UNS_OP276_g519/Y                             -       A->Y    R     INVx1_ASAP7_75t_R             2  0.8    16    13    1848    (-,-) 
  u_cbm/SUB_UNS_OP276_g517__2398/Y                       -       B->Y    F     NOR2xp33_ASAP7_75t_R          2  1.2    40    18    1866    (-,-) 
  u_cbm/SUB_UNS_OP276_g516/Y                             -       A->Y    R     INVx1_ASAP7_75t_R             2  1.0    16    13    1879    (-,-) 
  u_cbm/SUB_UNS_OP276_g514__6417/Y                       -       B->Y    F     NOR2xp33_ASAP7_75t_R          2  1.3    48    19    1897    (-,-) 
  u_cbm/SUB_UNS_OP276_g513/Y                             -       A->Y    R     INVx1_ASAP7_75t_R             2  1.0    17    14    1911    (-,-) 
  u_cbm/SUB_UNS_OP276_g511__1666/Y                       -       B->Y    F     NOR2xp33_ASAP7_75t_R          2  1.3    44    19    1930    (-,-) 
  u_cbm/SUB_UNS_OP276_g510/Y                             -       A->Y    R     INVx1_ASAP7_75t_R             2  1.0    16    14    1944    (-,-) 
  u_cbm/SUB_UNS_OP276_g508__2883/Y                       -       B->Y    F     NOR2xp33_ASAP7_75t_R          2  1.3    48    19    1963    (-,-) 
  u_cbm/SUB_UNS_OP276_g506__9945/Y                       -       B->Y    R     AOI21xp5_ASAP7_75t_R          1  0.5    25    17    1979    (-,-) 
  u_cbm/g9416__9315/Y                                    -       B2->Y   R     AO22x1_ASAP7_75t_R            5  3.6    27    29    2008    (-,-) 
  u_cbm/csa_tree_SUB_TC_OP109_groupi_g1946/Y             -       A->Y    F     INVxp67_ASAP7_75t_R           1  1.1    14    12    2020    (-,-) 
  u_cbm/csa_tree_SUB_TC_OP109_groupi_g1915__5107/Y       -       C->Y    R     MAJIxp5_ASAP7_75t_R           2  2.2    40    25    2045    (-,-) 
  u_cbm/g12611/SN                                        -       CI->SN  F     FAx1_ASAP7_75t_R              2  1.6    38    55    2099    (-,-) 
  u_cbm/csa_tree_SUB_TC_OP109_groupi_g1763__5122/Y       -       A->Y    R     MAJIxp5_ASAP7_75t_R           2  3.3    56    39    2138    (-,-) 
  u_cbm/g12608/SN                                        -       B->SN   F     FAx1_ASAP7_75t_R              2  1.0    37    49    2188    (-,-) 
  u_cbm/csa_tree_SUB_TC_OP109_groupi_g1751__6260/Y       -       A->Y    R     NAND2xp33_ASAP7_75t_R         2  1.2    35    29    2216    (-,-) 
  u_cbm/csa_tree_SUB_TC_OP109_groupi_g1749__2398/Y       -       A2->Y   R     AO21x1_ASAP7_75t_R            1  0.5     7    17    2234    (-,-) 
  u_cbm/csa_tree_SUB_TC_OP109_groupi_g1748__5477/Y       -       C->Y    F     OAI221xp5_ASAP7_75t_R         1  0.6    21    11    2245    (-,-) 
  u_cbm/csa_tree_SUB_TC_OP109_groupi_g1747__6417/Y       -       A->Y    R     MAJIxp5_ASAP7_75t_R           1  0.6    20    16    2261    (-,-) 
  u_cbm/csa_tree_SUB_TC_OP109_groupi_g1746__7410/Y       -       B->Y    R     OA21x2_ASAP7_75t_R            2  1.7    10    19    2280    (-,-) 
  u_cbm/g12432__8246/Y                                   -       B->Y    F     NOR2x1_ASAP7_75t_R           64 35.7   211    98    2378    (-,-) 
  u_cbm/g12183__6161/Y                                   -       A1->Y   R     AOI222xp33_ASAP7_75t_R        1  0.6    54    42    2420    (-,-) 
  u_cbm/column_mask_q_reg[24]/D                          -       -       R     ASYNC_DFFHx1_ASAP7_75t_R      1    -     -     0    2420    (-,-) 
#------------------------------------------------------------------------------------------------------------------------------------------------



Path 45: MET (1997567 ps) Setup Check with Pin u_cbm/column_mask_q_reg[23]/CLK->D
          Group: core_clock
     Startpoint: (R) u_frontend/u_decode/genblk1.u_fifo/rd_ptr_q_reg[0]/CLK
          Clock: (R) core_clock
       Endpoint: (R) u_cbm/column_mask_q_reg[23]/D
          Clock: (R) core_clock

                      Capture       Launch     
        Clock Edge:+  2000000            0     
       Src Latency:+        0            0     
       Net Latency:+        0 (I)        0 (I) 
           Arrival:=  2000000            0     
                                               
             Setup:-       13                  
     Required Time:=  1999987                  
      Launch Clock:-        0                  
         Data Path:-     2420                  
             Slack:=  1997567                  

#------------------------------------------------------------------------------------------------------------------------------------------------
#                     Timing Point                       Flags    Arc    Edge           Cell            Fanout Load Trans Delay Arrival Instance 
#                                                                                                              (fF)  (ps)  (ps)   (ps)  Location 
#------------------------------------------------------------------------------------------------------------------------------------------------
  u_frontend/u_decode/genblk1.u_fifo/rd_ptr_q_reg[0]/CLK -       -       R     (arrival)                  5356    -     0     0       0    (-,-) 
  u_frontend/u_decode/genblk1.u_fifo/rd_ptr_q_reg[0]/QN  -       CLK->QN R     ASYNC_DFFHx1_ASAP7_75t_R      1  0.6    13    36      36    (-,-) 
  u_frontend/u_decode/genblk1.u_fifo/g2479/Y             -       A->Y    R     BUFx2_ASAP7_75t_R           102 51.6   156    82     118    (-,-) 
  u_frontend/u_decode/genblk1.u_fifo/g2891/Y             -       A->Y    F     INVx2_ASAP7_75t_R            97 48.2   144   106     224    (-,-) 
  u_frontend/u_decode/genblk1.u_fifo/g2804/Y             -       A2->Y   F     AO22x1_ASAP7_75t_R            3  2.0    17    40     264    (-,-) 
  u_issue/g28658/Y                                       -       B->Y    R     XNOR2xp5_ASAP7_75t_R          1  0.5    18    14     278    (-,-) 
  u_issue/g28644/Y                                       -       D->Y    F     NAND4xp25_ASAP7_75t_R         1  0.6    25    17     296    (-,-) 
  u_issue/g28641/Y                                       -       A->Y    R     NOR5xp2_ASAP7_75t_R           1  0.5    41    23     319    (-,-) 
  u_issue/g28640/Y                                       -       A->Y    F     NAND5xp2_ASAP7_75t_R          2  1.1    46    30     349    (-,-) 
  u_issue/g28639/Y                                       -       A->Y    F     OR5x1_ASAP7_75t_R             3  1.6    19    44     393    (-,-) 
  u_issue/g28638/Y                                       -       A->Y    F     OR2x2_ASAP7_75t_R            20 10.4    33    37     430    (-,-) 
  u_issue/g45300/Y                                       -       A->Y    R     INVx2_ASAP7_75t_R            99 56.3   169    87     517    (-,-) 
  u_issue/g28291/Y                                       -       B2->Y   R     AO22x1_ASAP7_75t_R           22 11.2    71    64     581    (-,-) 
  u_issue/g45298/Y                                       -       A->Y    F     INVx1_ASAP7_75t_R            17  9.2    58    44     624    (-,-) 
  u_issue/g44952/Y                                       -       A->Y    R     NAND2xp5_ASAP7_75t_R          4  2.1    37    32     656    (-,-) 
  u_issue/g44832/Y                                       -       A->Y    F     NOR3xp33_ASAP7_75t_R          2  0.8    28    15     671    (-,-) 
  u_issue/g44639/Y                                       -       A->Y    R     NOR2xp33_ASAP7_75t_R          3  1.7    40    27     698    (-,-) 
  u_issue/g44554/Y                                       -       A->Y    F     NAND3xp33_ASAP7_75t_R         4  2.9    55    36     734    (-,-) 
  u_issue/g44546/Y                                       -       A->Y    R     NOR3xp33_ASAP7_75t_R          3  1.9    55    38     772    (-,-) 
  u_issue/g44542/Y                                       -       A->Y    F     INVx1_ASAP7_75t_R             1  0.6    13    10     782    (-,-) 
  u_issue/g44512/Y                                       -       A->Y    R     NOR4xp25_ASAP7_75t_R         17  8.8   245   118     900    (-,-) 
  u_issue/drc_bufs45344/Y                                -       A->Y    F     INVx1_ASAP7_75t_R             1  0.7    32    15     915    (-,-) 
  u_issue/drc_bufs45343/Y                                -       A->Y    R     INVx1_ASAP7_75t_R            16  8.1    53    34     949    (-,-) 
  u_issue/g44217/Y                                       -       A1->Y   F     AOI222xp33_ASAP7_75t_R        1  0.6    62    20     969    (-,-) 
  u_issue/g44110/Y                                       -       B->Y    R     NAND2xp5_ASAP7_75t_R          1  0.5    20    18     987    (-,-) 
  u_issue/g44019/Y                                       -       C->Y    F     AOI221xp5_ASAP7_75t_R         1  0.6    36    12     999    (-,-) 
  u_issue/g43925/Y                                       -       B->Y    R     NAND2xp5_ASAP7_75t_R         18  9.2   102    58    1057    (-,-) 
  u_cbm/SUB_UNS_OP276_g589__9315/Y                       -       A->Y    F     NOR2xp33_ASAP7_75t_R          2  1.3    48    40    1097    (-,-) 
  u_cbm/SUB_UNS_OP276_g588/Y                             -       A->Y    R     INVx1_ASAP7_75t_R             2  1.0    17    14    1111    (-,-) 
  u_cbm/SUB_UNS_OP276_g586__4733/Y                       -       B->Y    F     NOR2xp33_ASAP7_75t_R          2  1.3    46    19    1130    (-,-) 
  u_cbm/SUB_UNS_OP276_g585/Y                             -       A->Y    R     INVx1_ASAP7_75t_R             2  1.0    17    14    1144    (-,-) 
  u_cbm/SUB_UNS_OP276_g583__5115/Y                       -       B->Y    F     NOR2xp33_ASAP7_75t_R          2  1.3    42    19    1162    (-,-) 
  u_cbm/SUB_UNS_OP276_g582/Y                             -       A->Y    R     INVx1_ASAP7_75t_R             2  0.8    15    12    1175    (-,-) 
  u_cbm/SUB_UNS_OP276_g580__6131/Y                       -       B->Y    F     NOR2xp33_ASAP7_75t_R          2  1.2    45    17    1192    (-,-) 
  u_cbm/SUB_UNS_OP276_g579/Y                             -       A->Y    R     INVx1_ASAP7_75t_R             2  0.8    15    12    1205    (-,-) 
  u_cbm/SUB_UNS_OP276_g577__8246/Y                       -       B->Y    F     NOR2xp33_ASAP7_75t_R          2  1.2    41    18    1222    (-,-) 
  u_cbm/SUB_UNS_OP276_g576/Y                             -       A->Y    R     INVx1_ASAP7_75t_R             2  0.8    14    12    1234    (-,-) 
  u_cbm/SUB_UNS_OP276_g574__1705/Y                       -       B->Y    F     NOR2xp33_ASAP7_75t_R          2  1.2    45    17    1252    (-,-) 
  u_cbm/SUB_UNS_OP276_g573/Y                             -       A->Y    R     INVx1_ASAP7_75t_R             2  1.0    16    14    1265    (-,-) 
  u_cbm/SUB_UNS_OP276_g571__1617/Y                       -       B->Y    F     NOR2xp33_ASAP7_75t_R          2  1.3    42    19    1284    (-,-) 
  u_cbm/SUB_UNS_OP276_g570/Y                             -       A->Y    R     INVx1_ASAP7_75t_R             2  1.0    16    13    1297    (-,-) 
  u_cbm/SUB_UNS_OP276_g568__6783/Y                       -       B->Y    F     NOR2xp33_ASAP7_75t_R          2  1.3    48    19    1316    (-,-) 
  u_cbm/SUB_UNS_OP276_g567/Y                             -       A->Y    R     INVx1_ASAP7_75t_R             2  1.0    17    14    1330    (-,-) 
  u_cbm/SUB_UNS_OP276_g565__8428/Y                       -       B->Y    F     NOR2xp33_ASAP7_75t_R          2  1.3    44    19    1349    (-,-) 
  u_cbm/SUB_UNS_OP276_g564/Y                             -       A->Y    R     INVx1_ASAP7_75t_R             2  1.0    16    14    1363    (-,-) 
  u_cbm/SUB_UNS_OP276_g562__6260/Y                       -       B->Y    F     NOR2xp33_ASAP7_75t_R          2  1.3    47    19    1382    (-,-) 
  u_cbm/SUB_UNS_OP276_g561/Y                             -       A->Y    R     INVx1_ASAP7_75t_R             2  1.0    17    14    1395    (-,-) 
  u_cbm/SUB_UNS_OP276_g559__2398/Y                       -       B->Y    F     NOR2xp33_ASAP7_75t_R          2  1.3    43    19    1414    (-,-) 
  u_cbm/SUB_UNS_OP276_g558/Y                             -       A->Y    R     INVx1_ASAP7_75t_R             2  1.0    16    13    1428    (-,-) 
  u_cbm/SUB_UNS_OP276_g556__6417/Y                       -       B->Y    F     NOR2xp33_ASAP7_75t_R          2  1.3    48    19    1446    (-,-) 
  u_cbm/SUB_UNS_OP276_g555/Y                             -       A->Y    R     INVx1_ASAP7_75t_R             2  1.0    17    14    1460    (-,-) 
  u_cbm/SUB_UNS_OP276_g553__1666/Y                       -       B->Y    F     NOR2xp33_ASAP7_75t_R          2  1.3    42    19    1479    (-,-) 
  u_cbm/SUB_UNS_OP276_g552/Y                             -       A->Y    R     INVx1_ASAP7_75t_R             2  1.0    16    13    1493    (-,-) 
  u_cbm/SUB_UNS_OP276_g550__2883/Y                       -       B->Y    F     NOR2xp33_ASAP7_75t_R          2  1.3    48    19    1511    (-,-) 
  u_cbm/SUB_UNS_OP276_g549/Y                             -       A->Y    R     INVx1_ASAP7_75t_R             2  1.0    17    14    1525    (-,-) 
  u_cbm/SUB_UNS_OP276_g547__9315/Y                       -       B->Y    F     NOR2xp33_ASAP7_75t_R          2  1.3    45    19    1544    (-,-) 
  u_cbm/SUB_UNS_OP276_g546/Y                             -       A->Y    R     INVx1_ASAP7_75t_R             2  1.0    16    14    1558    (-,-) 
  u_cbm/SUB_UNS_OP276_g544__4733/Y                       -       B->Y    F     NOR2xp33_ASAP7_75t_R          2  1.3    48    19    1577    (-,-) 
  u_cbm/SUB_UNS_OP276_g543/Y                             -       A->Y    R     INVx1_ASAP7_75t_R             2  1.0    17    14    1591    (-,-) 
  u_cbm/SUB_UNS_OP276_g541__5115/Y                       -       B->Y    F     NOR2xp33_ASAP7_75t_R          2  1.3    42    19    1610    (-,-) 
  u_cbm/SUB_UNS_OP276_g540/Y                             -       A->Y    R     INVx1_ASAP7_75t_R             2  1.0    16    13    1623    (-,-) 
  u_cbm/SUB_UNS_OP276_g538__6131/Y                       -       B->Y    F     NOR2xp33_ASAP7_75t_R          2  1.3    48    19    1642    (-,-) 
  u_cbm/SUB_UNS_OP276_g537/Y                             -       A->Y    R     INVx1_ASAP7_75t_R             2  1.0    17    14    1656    (-,-) 
  u_cbm/SUB_UNS_OP276_g535__8246/Y                       -       B->Y    F     NOR2xp33_ASAP7_75t_R          2  1.3    45    19    1675    (-,-) 
  u_cbm/SUB_UNS_OP276_g534/Y                             -       A->Y    R     INVx1_ASAP7_75t_R             2  1.0    16    14    1688    (-,-) 
  u_cbm/SUB_UNS_OP276_g532__1705/Y                       -       B->Y    F     NOR2xp33_ASAP7_75t_R          2  1.3    48    19    1707    (-,-) 
  u_cbm/SUB_UNS_OP276_g531/Y                             -       A->Y    R     INVx1_ASAP7_75t_R             2  1.0    17    14    1721    (-,-) 
  u_cbm/SUB_UNS_OP276_g529__1617/Y                       -       B->Y    F     NOR2xp33_ASAP7_75t_R          2  1.3    45    19    1740    (-,-) 
  u_cbm/SUB_UNS_OP276_g528/Y                             -       A->Y    R     INVx1_ASAP7_75t_R             2  1.0    16    14    1754    (-,-) 
  u_cbm/SUB_UNS_OP276_g526__6783/Y                       -       B->Y    F     NOR2xp33_ASAP7_75t_R          2  1.3    47    19    1772    (-,-) 
  u_cbm/SUB_UNS_OP276_g525/Y                             -       A->Y    R     INVx1_ASAP7_75t_R             2  0.8    15    13    1785    (-,-) 
  u_cbm/SUB_UNS_OP276_g523__8428/Y                       -       B->Y    F     NOR2xp33_ASAP7_75t_R          2  1.2    42    18    1803    (-,-) 
  u_cbm/SUB_UNS_OP276_g522/Y                             -       A->Y    R     INVx1_ASAP7_75t_R             2  1.0    16    13    1816    (-,-) 
  u_cbm/SUB_UNS_OP276_g520__6260/Y                       -       B->Y    F     NOR2xp33_ASAP7_75t_R          2  1.3    48    19    1835    (-,-) 
  u_cbm/SUB_UNS_OP276_g519/Y                             -       A->Y    R     INVx1_ASAP7_75t_R             2  0.8    16    13    1848    (-,-) 
  u_cbm/SUB_UNS_OP276_g517__2398/Y                       -       B->Y    F     NOR2xp33_ASAP7_75t_R          2  1.2    40    18    1866    (-,-) 
  u_cbm/SUB_UNS_OP276_g516/Y                             -       A->Y    R     INVx1_ASAP7_75t_R             2  1.0    16    13    1879    (-,-) 
  u_cbm/SUB_UNS_OP276_g514__6417/Y                       -       B->Y    F     NOR2xp33_ASAP7_75t_R          2  1.3    48    19    1897    (-,-) 
  u_cbm/SUB_UNS_OP276_g513/Y                             -       A->Y    R     INVx1_ASAP7_75t_R             2  1.0    17    14    1911    (-,-) 
  u_cbm/SUB_UNS_OP276_g511__1666/Y                       -       B->Y    F     NOR2xp33_ASAP7_75t_R          2  1.3    44    19    1930    (-,-) 
  u_cbm/SUB_UNS_OP276_g510/Y                             -       A->Y    R     INVx1_ASAP7_75t_R             2  1.0    16    14    1944    (-,-) 
  u_cbm/SUB_UNS_OP276_g508__2883/Y                       -       B->Y    F     NOR2xp33_ASAP7_75t_R          2  1.3    48    19    1963    (-,-) 
  u_cbm/SUB_UNS_OP276_g506__9945/Y                       -       B->Y    R     AOI21xp5_ASAP7_75t_R          1  0.5    25    17    1979    (-,-) 
  u_cbm/g9416__9315/Y                                    -       B2->Y   R     AO22x1_ASAP7_75t_R            5  3.6    27    29    2008    (-,-) 
  u_cbm/csa_tree_SUB_TC_OP109_groupi_g1946/Y             -       A->Y    F     INVxp67_ASAP7_75t_R           1  1.1    14    12    2020    (-,-) 
  u_cbm/csa_tree_SUB_TC_OP109_groupi_g1915__5107/Y       -       C->Y    R     MAJIxp5_ASAP7_75t_R           2  2.2    40    25    2045    (-,-) 
  u_cbm/g12611/SN                                        -       CI->SN  F     FAx1_ASAP7_75t_R              2  1.6    38    55    2099    (-,-) 
  u_cbm/csa_tree_SUB_TC_OP109_groupi_g1763__5122/Y       -       A->Y    R     MAJIxp5_ASAP7_75t_R           2  3.3    56    39    2138    (-,-) 
  u_cbm/g12608/SN                                        -       B->SN   F     FAx1_ASAP7_75t_R              2  1.0    37    49    2188    (-,-) 
  u_cbm/csa_tree_SUB_TC_OP109_groupi_g1751__6260/Y       -       A->Y    R     NAND2xp33_ASAP7_75t_R         2  1.2    35    29    2216    (-,-) 
  u_cbm/csa_tree_SUB_TC_OP109_groupi_g1749__2398/Y       -       A2->Y   R     AO21x1_ASAP7_75t_R            1  0.5     7    17    2234    (-,-) 
  u_cbm/csa_tree_SUB_TC_OP109_groupi_g1748__5477/Y       -       C->Y    F     OAI221xp5_ASAP7_75t_R         1  0.6    21    11    2245    (-,-) 
  u_cbm/csa_tree_SUB_TC_OP109_groupi_g1747__6417/Y       -       A->Y    R     MAJIxp5_ASAP7_75t_R           1  0.6    20    16    2261    (-,-) 
  u_cbm/csa_tree_SUB_TC_OP109_groupi_g1746__7410/Y       -       B->Y    R     OA21x2_ASAP7_75t_R            2  1.7    10    19    2280    (-,-) 
  u_cbm/g12432__8246/Y                                   -       B->Y    F     NOR2x1_ASAP7_75t_R           64 35.7   211    98    2378    (-,-) 
  u_cbm/g12125__6417/Y                                   -       A1->Y   R     AOI222xp33_ASAP7_75t_R        1  0.6    54    42    2420    (-,-) 
  u_cbm/column_mask_q_reg[23]/D                          -       -       R     ASYNC_DFFHx1_ASAP7_75t_R      1    -     -     0    2420    (-,-) 
#------------------------------------------------------------------------------------------------------------------------------------------------



Path 46: MET (1997567 ps) Setup Check with Pin u_cbm/column_mask_q_reg[22]/CLK->D
          Group: core_clock
     Startpoint: (R) u_frontend/u_decode/genblk1.u_fifo/rd_ptr_q_reg[0]/CLK
          Clock: (R) core_clock
       Endpoint: (R) u_cbm/column_mask_q_reg[22]/D
          Clock: (R) core_clock

                      Capture       Launch     
        Clock Edge:+  2000000            0     
       Src Latency:+        0            0     
       Net Latency:+        0 (I)        0 (I) 
           Arrival:=  2000000            0     
                                               
             Setup:-       13                  
     Required Time:=  1999987                  
      Launch Clock:-        0                  
         Data Path:-     2420                  
             Slack:=  1997567                  

#------------------------------------------------------------------------------------------------------------------------------------------------
#                     Timing Point                       Flags    Arc    Edge           Cell            Fanout Load Trans Delay Arrival Instance 
#                                                                                                              (fF)  (ps)  (ps)   (ps)  Location 
#------------------------------------------------------------------------------------------------------------------------------------------------
  u_frontend/u_decode/genblk1.u_fifo/rd_ptr_q_reg[0]/CLK -       -       R     (arrival)                  5356    -     0     0       0    (-,-) 
  u_frontend/u_decode/genblk1.u_fifo/rd_ptr_q_reg[0]/QN  -       CLK->QN R     ASYNC_DFFHx1_ASAP7_75t_R      1  0.6    13    36      36    (-,-) 
  u_frontend/u_decode/genblk1.u_fifo/g2479/Y             -       A->Y    R     BUFx2_ASAP7_75t_R           102 51.6   156    82     118    (-,-) 
  u_frontend/u_decode/genblk1.u_fifo/g2891/Y             -       A->Y    F     INVx2_ASAP7_75t_R            97 48.2   144   106     224    (-,-) 
  u_frontend/u_decode/genblk1.u_fifo/g2804/Y             -       A2->Y   F     AO22x1_ASAP7_75t_R            3  2.0    17    40     264    (-,-) 
  u_issue/g28658/Y                                       -       B->Y    R     XNOR2xp5_ASAP7_75t_R          1  0.5    18    14     278    (-,-) 
  u_issue/g28644/Y                                       -       D->Y    F     NAND4xp25_ASAP7_75t_R         1  0.6    25    17     296    (-,-) 
  u_issue/g28641/Y                                       -       A->Y    R     NOR5xp2_ASAP7_75t_R           1  0.5    41    23     319    (-,-) 
  u_issue/g28640/Y                                       -       A->Y    F     NAND5xp2_ASAP7_75t_R          2  1.1    46    30     349    (-,-) 
  u_issue/g28639/Y                                       -       A->Y    F     OR5x1_ASAP7_75t_R             3  1.6    19    44     393    (-,-) 
  u_issue/g28638/Y                                       -       A->Y    F     OR2x2_ASAP7_75t_R            20 10.4    33    37     430    (-,-) 
  u_issue/g45300/Y                                       -       A->Y    R     INVx2_ASAP7_75t_R            99 56.3   169    87     517    (-,-) 
  u_issue/g28291/Y                                       -       B2->Y   R     AO22x1_ASAP7_75t_R           22 11.2    71    64     581    (-,-) 
  u_issue/g45298/Y                                       -       A->Y    F     INVx1_ASAP7_75t_R            17  9.2    58    44     624    (-,-) 
  u_issue/g44952/Y                                       -       A->Y    R     NAND2xp5_ASAP7_75t_R          4  2.1    37    32     656    (-,-) 
  u_issue/g44832/Y                                       -       A->Y    F     NOR3xp33_ASAP7_75t_R          2  0.8    28    15     671    (-,-) 
  u_issue/g44639/Y                                       -       A->Y    R     NOR2xp33_ASAP7_75t_R          3  1.7    40    27     698    (-,-) 
  u_issue/g44554/Y                                       -       A->Y    F     NAND3xp33_ASAP7_75t_R         4  2.9    55    36     734    (-,-) 
  u_issue/g44546/Y                                       -       A->Y    R     NOR3xp33_ASAP7_75t_R          3  1.9    55    38     772    (-,-) 
  u_issue/g44542/Y                                       -       A->Y    F     INVx1_ASAP7_75t_R             1  0.6    13    10     782    (-,-) 
  u_issue/g44512/Y                                       -       A->Y    R     NOR4xp25_ASAP7_75t_R         17  8.8   245   118     900    (-,-) 
  u_issue/drc_bufs45344/Y                                -       A->Y    F     INVx1_ASAP7_75t_R             1  0.7    32    15     915    (-,-) 
  u_issue/drc_bufs45343/Y                                -       A->Y    R     INVx1_ASAP7_75t_R            16  8.1    53    34     949    (-,-) 
  u_issue/g44217/Y                                       -       A1->Y   F     AOI222xp33_ASAP7_75t_R        1  0.6    62    20     969    (-,-) 
  u_issue/g44110/Y                                       -       B->Y    R     NAND2xp5_ASAP7_75t_R          1  0.5    20    18     987    (-,-) 
  u_issue/g44019/Y                                       -       C->Y    F     AOI221xp5_ASAP7_75t_R         1  0.6    36    12     999    (-,-) 
  u_issue/g43925/Y                                       -       B->Y    R     NAND2xp5_ASAP7_75t_R         18  9.2   102    58    1057    (-,-) 
  u_cbm/SUB_UNS_OP276_g589__9315/Y                       -       A->Y    F     NOR2xp33_ASAP7_75t_R          2  1.3    48    40    1097    (-,-) 
  u_cbm/SUB_UNS_OP276_g588/Y                             -       A->Y    R     INVx1_ASAP7_75t_R             2  1.0    17    14    1111    (-,-) 
  u_cbm/SUB_UNS_OP276_g586__4733/Y                       -       B->Y    F     NOR2xp33_ASAP7_75t_R          2  1.3    46    19    1130    (-,-) 
  u_cbm/SUB_UNS_OP276_g585/Y                             -       A->Y    R     INVx1_ASAP7_75t_R             2  1.0    17    14    1144    (-,-) 
  u_cbm/SUB_UNS_OP276_g583__5115/Y                       -       B->Y    F     NOR2xp33_ASAP7_75t_R          2  1.3    42    19    1162    (-,-) 
  u_cbm/SUB_UNS_OP276_g582/Y                             -       A->Y    R     INVx1_ASAP7_75t_R             2  0.8    15    12    1175    (-,-) 
  u_cbm/SUB_UNS_OP276_g580__6131/Y                       -       B->Y    F     NOR2xp33_ASAP7_75t_R          2  1.2    45    17    1192    (-,-) 
  u_cbm/SUB_UNS_OP276_g579/Y                             -       A->Y    R     INVx1_ASAP7_75t_R             2  0.8    15    12    1205    (-,-) 
  u_cbm/SUB_UNS_OP276_g577__8246/Y                       -       B->Y    F     NOR2xp33_ASAP7_75t_R          2  1.2    41    18    1222    (-,-) 
  u_cbm/SUB_UNS_OP276_g576/Y                             -       A->Y    R     INVx1_ASAP7_75t_R             2  0.8    14    12    1234    (-,-) 
  u_cbm/SUB_UNS_OP276_g574__1705/Y                       -       B->Y    F     NOR2xp33_ASAP7_75t_R          2  1.2    45    17    1252    (-,-) 
  u_cbm/SUB_UNS_OP276_g573/Y                             -       A->Y    R     INVx1_ASAP7_75t_R             2  1.0    16    14    1265    (-,-) 
  u_cbm/SUB_UNS_OP276_g571__1617/Y                       -       B->Y    F     NOR2xp33_ASAP7_75t_R          2  1.3    42    19    1284    (-,-) 
  u_cbm/SUB_UNS_OP276_g570/Y                             -       A->Y    R     INVx1_ASAP7_75t_R             2  1.0    16    13    1297    (-,-) 
  u_cbm/SUB_UNS_OP276_g568__6783/Y                       -       B->Y    F     NOR2xp33_ASAP7_75t_R          2  1.3    48    19    1316    (-,-) 
  u_cbm/SUB_UNS_OP276_g567/Y                             -       A->Y    R     INVx1_ASAP7_75t_R             2  1.0    17    14    1330    (-,-) 
  u_cbm/SUB_UNS_OP276_g565__8428/Y                       -       B->Y    F     NOR2xp33_ASAP7_75t_R          2  1.3    44    19    1349    (-,-) 
  u_cbm/SUB_UNS_OP276_g564/Y                             -       A->Y    R     INVx1_ASAP7_75t_R             2  1.0    16    14    1363    (-,-) 
  u_cbm/SUB_UNS_OP276_g562__6260/Y                       -       B->Y    F     NOR2xp33_ASAP7_75t_R          2  1.3    47    19    1382    (-,-) 
  u_cbm/SUB_UNS_OP276_g561/Y                             -       A->Y    R     INVx1_ASAP7_75t_R             2  1.0    17    14    1395    (-,-) 
  u_cbm/SUB_UNS_OP276_g559__2398/Y                       -       B->Y    F     NOR2xp33_ASAP7_75t_R          2  1.3    43    19    1414    (-,-) 
  u_cbm/SUB_UNS_OP276_g558/Y                             -       A->Y    R     INVx1_ASAP7_75t_R             2  1.0    16    13    1428    (-,-) 
  u_cbm/SUB_UNS_OP276_g556__6417/Y                       -       B->Y    F     NOR2xp33_ASAP7_75t_R          2  1.3    48    19    1446    (-,-) 
  u_cbm/SUB_UNS_OP276_g555/Y                             -       A->Y    R     INVx1_ASAP7_75t_R             2  1.0    17    14    1460    (-,-) 
  u_cbm/SUB_UNS_OP276_g553__1666/Y                       -       B->Y    F     NOR2xp33_ASAP7_75t_R          2  1.3    42    19    1479    (-,-) 
  u_cbm/SUB_UNS_OP276_g552/Y                             -       A->Y    R     INVx1_ASAP7_75t_R             2  1.0    16    13    1493    (-,-) 
  u_cbm/SUB_UNS_OP276_g550__2883/Y                       -       B->Y    F     NOR2xp33_ASAP7_75t_R          2  1.3    48    19    1511    (-,-) 
  u_cbm/SUB_UNS_OP276_g549/Y                             -       A->Y    R     INVx1_ASAP7_75t_R             2  1.0    17    14    1525    (-,-) 
  u_cbm/SUB_UNS_OP276_g547__9315/Y                       -       B->Y    F     NOR2xp33_ASAP7_75t_R          2  1.3    45    19    1544    (-,-) 
  u_cbm/SUB_UNS_OP276_g546/Y                             -       A->Y    R     INVx1_ASAP7_75t_R             2  1.0    16    14    1558    (-,-) 
  u_cbm/SUB_UNS_OP276_g544__4733/Y                       -       B->Y    F     NOR2xp33_ASAP7_75t_R          2  1.3    48    19    1577    (-,-) 
  u_cbm/SUB_UNS_OP276_g543/Y                             -       A->Y    R     INVx1_ASAP7_75t_R             2  1.0    17    14    1591    (-,-) 
  u_cbm/SUB_UNS_OP276_g541__5115/Y                       -       B->Y    F     NOR2xp33_ASAP7_75t_R          2  1.3    42    19    1610    (-,-) 
  u_cbm/SUB_UNS_OP276_g540/Y                             -       A->Y    R     INVx1_ASAP7_75t_R             2  1.0    16    13    1623    (-,-) 
  u_cbm/SUB_UNS_OP276_g538__6131/Y                       -       B->Y    F     NOR2xp33_ASAP7_75t_R          2  1.3    48    19    1642    (-,-) 
  u_cbm/SUB_UNS_OP276_g537/Y                             -       A->Y    R     INVx1_ASAP7_75t_R             2  1.0    17    14    1656    (-,-) 
  u_cbm/SUB_UNS_OP276_g535__8246/Y                       -       B->Y    F     NOR2xp33_ASAP7_75t_R          2  1.3    45    19    1675    (-,-) 
  u_cbm/SUB_UNS_OP276_g534/Y                             -       A->Y    R     INVx1_ASAP7_75t_R             2  1.0    16    14    1688    (-,-) 
  u_cbm/SUB_UNS_OP276_g532__1705/Y                       -       B->Y    F     NOR2xp33_ASAP7_75t_R          2  1.3    48    19    1707    (-,-) 
  u_cbm/SUB_UNS_OP276_g531/Y                             -       A->Y    R     INVx1_ASAP7_75t_R             2  1.0    17    14    1721    (-,-) 
  u_cbm/SUB_UNS_OP276_g529__1617/Y                       -       B->Y    F     NOR2xp33_ASAP7_75t_R          2  1.3    45    19    1740    (-,-) 
  u_cbm/SUB_UNS_OP276_g528/Y                             -       A->Y    R     INVx1_ASAP7_75t_R             2  1.0    16    14    1754    (-,-) 
  u_cbm/SUB_UNS_OP276_g526__6783/Y                       -       B->Y    F     NOR2xp33_ASAP7_75t_R          2  1.3    47    19    1772    (-,-) 
  u_cbm/SUB_UNS_OP276_g525/Y                             -       A->Y    R     INVx1_ASAP7_75t_R             2  0.8    15    13    1785    (-,-) 
  u_cbm/SUB_UNS_OP276_g523__8428/Y                       -       B->Y    F     NOR2xp33_ASAP7_75t_R          2  1.2    42    18    1803    (-,-) 
  u_cbm/SUB_UNS_OP276_g522/Y                             -       A->Y    R     INVx1_ASAP7_75t_R             2  1.0    16    13    1816    (-,-) 
  u_cbm/SUB_UNS_OP276_g520__6260/Y                       -       B->Y    F     NOR2xp33_ASAP7_75t_R          2  1.3    48    19    1835    (-,-) 
  u_cbm/SUB_UNS_OP276_g519/Y                             -       A->Y    R     INVx1_ASAP7_75t_R             2  0.8    16    13    1848    (-,-) 
  u_cbm/SUB_UNS_OP276_g517__2398/Y                       -       B->Y    F     NOR2xp33_ASAP7_75t_R          2  1.2    40    18    1866    (-,-) 
  u_cbm/SUB_UNS_OP276_g516/Y                             -       A->Y    R     INVx1_ASAP7_75t_R             2  1.0    16    13    1879    (-,-) 
  u_cbm/SUB_UNS_OP276_g514__6417/Y                       -       B->Y    F     NOR2xp33_ASAP7_75t_R          2  1.3    48    19    1897    (-,-) 
  u_cbm/SUB_UNS_OP276_g513/Y                             -       A->Y    R     INVx1_ASAP7_75t_R             2  1.0    17    14    1911    (-,-) 
  u_cbm/SUB_UNS_OP276_g511__1666/Y                       -       B->Y    F     NOR2xp33_ASAP7_75t_R          2  1.3    44    19    1930    (-,-) 
  u_cbm/SUB_UNS_OP276_g510/Y                             -       A->Y    R     INVx1_ASAP7_75t_R             2  1.0    16    14    1944    (-,-) 
  u_cbm/SUB_UNS_OP276_g508__2883/Y                       -       B->Y    F     NOR2xp33_ASAP7_75t_R          2  1.3    48    19    1963    (-,-) 
  u_cbm/SUB_UNS_OP276_g506__9945/Y                       -       B->Y    R     AOI21xp5_ASAP7_75t_R          1  0.5    25    17    1979    (-,-) 
  u_cbm/g9416__9315/Y                                    -       B2->Y   R     AO22x1_ASAP7_75t_R            5  3.6    27    29    2008    (-,-) 
  u_cbm/csa_tree_SUB_TC_OP109_groupi_g1946/Y             -       A->Y    F     INVxp67_ASAP7_75t_R           1  1.1    14    12    2020    (-,-) 
  u_cbm/csa_tree_SUB_TC_OP109_groupi_g1915__5107/Y       -       C->Y    R     MAJIxp5_ASAP7_75t_R           2  2.2    40    25    2045    (-,-) 
  u_cbm/g12611/SN                                        -       CI->SN  F     FAx1_ASAP7_75t_R              2  1.6    38    55    2099    (-,-) 
  u_cbm/csa_tree_SUB_TC_OP109_groupi_g1763__5122/Y       -       A->Y    R     MAJIxp5_ASAP7_75t_R           2  3.3    56    39    2138    (-,-) 
  u_cbm/g12608/SN                                        -       B->SN   F     FAx1_ASAP7_75t_R              2  1.0    37    49    2188    (-,-) 
  u_cbm/csa_tree_SUB_TC_OP109_groupi_g1751__6260/Y       -       A->Y    R     NAND2xp33_ASAP7_75t_R         2  1.2    35    29    2216    (-,-) 
  u_cbm/csa_tree_SUB_TC_OP109_groupi_g1749__2398/Y       -       A2->Y   R     AO21x1_ASAP7_75t_R            1  0.5     7    17    2234    (-,-) 
  u_cbm/csa_tree_SUB_TC_OP109_groupi_g1748__5477/Y       -       C->Y    F     OAI221xp5_ASAP7_75t_R         1  0.6    21    11    2245    (-,-) 
  u_cbm/csa_tree_SUB_TC_OP109_groupi_g1747__6417/Y       -       A->Y    R     MAJIxp5_ASAP7_75t_R           1  0.6    20    16    2261    (-,-) 
  u_cbm/csa_tree_SUB_TC_OP109_groupi_g1746__7410/Y       -       B->Y    R     OA21x2_ASAP7_75t_R            2  1.7    10    19    2280    (-,-) 
  u_cbm/g12432__8246/Y                                   -       B->Y    F     NOR2x1_ASAP7_75t_R           64 35.7   211    98    2378    (-,-) 
  u_cbm/g12265__8428/Y                                   -       A1->Y   R     AOI222xp33_ASAP7_75t_R        1  0.6    54    42    2420    (-,-) 
  u_cbm/column_mask_q_reg[22]/D                          -       -       R     ASYNC_DFFHx1_ASAP7_75t_R      1    -     -     0    2420    (-,-) 
#------------------------------------------------------------------------------------------------------------------------------------------------



Path 47: MET (1997567 ps) Setup Check with Pin u_cbm/column_mask_q_reg[21]/CLK->D
          Group: core_clock
     Startpoint: (R) u_frontend/u_decode/genblk1.u_fifo/rd_ptr_q_reg[0]/CLK
          Clock: (R) core_clock
       Endpoint: (R) u_cbm/column_mask_q_reg[21]/D
          Clock: (R) core_clock

                      Capture       Launch     
        Clock Edge:+  2000000            0     
       Src Latency:+        0            0     
       Net Latency:+        0 (I)        0 (I) 
           Arrival:=  2000000            0     
                                               
             Setup:-       13                  
     Required Time:=  1999987                  
      Launch Clock:-        0                  
         Data Path:-     2420                  
             Slack:=  1997567                  

#------------------------------------------------------------------------------------------------------------------------------------------------
#                     Timing Point                       Flags    Arc    Edge           Cell            Fanout Load Trans Delay Arrival Instance 
#                                                                                                              (fF)  (ps)  (ps)   (ps)  Location 
#------------------------------------------------------------------------------------------------------------------------------------------------
  u_frontend/u_decode/genblk1.u_fifo/rd_ptr_q_reg[0]/CLK -       -       R     (arrival)                  5356    -     0     0       0    (-,-) 
  u_frontend/u_decode/genblk1.u_fifo/rd_ptr_q_reg[0]/QN  -       CLK->QN R     ASYNC_DFFHx1_ASAP7_75t_R      1  0.6    13    36      36    (-,-) 
  u_frontend/u_decode/genblk1.u_fifo/g2479/Y             -       A->Y    R     BUFx2_ASAP7_75t_R           102 51.6   156    82     118    (-,-) 
  u_frontend/u_decode/genblk1.u_fifo/g2891/Y             -       A->Y    F     INVx2_ASAP7_75t_R            97 48.2   144   106     224    (-,-) 
  u_frontend/u_decode/genblk1.u_fifo/g2804/Y             -       A2->Y   F     AO22x1_ASAP7_75t_R            3  2.0    17    40     264    (-,-) 
  u_issue/g28658/Y                                       -       B->Y    R     XNOR2xp5_ASAP7_75t_R          1  0.5    18    14     278    (-,-) 
  u_issue/g28644/Y                                       -       D->Y    F     NAND4xp25_ASAP7_75t_R         1  0.6    25    17     296    (-,-) 
  u_issue/g28641/Y                                       -       A->Y    R     NOR5xp2_ASAP7_75t_R           1  0.5    41    23     319    (-,-) 
  u_issue/g28640/Y                                       -       A->Y    F     NAND5xp2_ASAP7_75t_R          2  1.1    46    30     349    (-,-) 
  u_issue/g28639/Y                                       -       A->Y    F     OR5x1_ASAP7_75t_R             3  1.6    19    44     393    (-,-) 
  u_issue/g28638/Y                                       -       A->Y    F     OR2x2_ASAP7_75t_R            20 10.4    33    37     430    (-,-) 
  u_issue/g45300/Y                                       -       A->Y    R     INVx2_ASAP7_75t_R            99 56.3   169    87     517    (-,-) 
  u_issue/g28291/Y                                       -       B2->Y   R     AO22x1_ASAP7_75t_R           22 11.2    71    64     581    (-,-) 
  u_issue/g45298/Y                                       -       A->Y    F     INVx1_ASAP7_75t_R            17  9.2    58    44     624    (-,-) 
  u_issue/g44952/Y                                       -       A->Y    R     NAND2xp5_ASAP7_75t_R          4  2.1    37    32     656    (-,-) 
  u_issue/g44832/Y                                       -       A->Y    F     NOR3xp33_ASAP7_75t_R          2  0.8    28    15     671    (-,-) 
  u_issue/g44639/Y                                       -       A->Y    R     NOR2xp33_ASAP7_75t_R          3  1.7    40    27     698    (-,-) 
  u_issue/g44554/Y                                       -       A->Y    F     NAND3xp33_ASAP7_75t_R         4  2.9    55    36     734    (-,-) 
  u_issue/g44546/Y                                       -       A->Y    R     NOR3xp33_ASAP7_75t_R          3  1.9    55    38     772    (-,-) 
  u_issue/g44542/Y                                       -       A->Y    F     INVx1_ASAP7_75t_R             1  0.6    13    10     782    (-,-) 
  u_issue/g44512/Y                                       -       A->Y    R     NOR4xp25_ASAP7_75t_R         17  8.8   245   118     900    (-,-) 
  u_issue/drc_bufs45344/Y                                -       A->Y    F     INVx1_ASAP7_75t_R             1  0.7    32    15     915    (-,-) 
  u_issue/drc_bufs45343/Y                                -       A->Y    R     INVx1_ASAP7_75t_R            16  8.1    53    34     949    (-,-) 
  u_issue/g44217/Y                                       -       A1->Y   F     AOI222xp33_ASAP7_75t_R        1  0.6    62    20     969    (-,-) 
  u_issue/g44110/Y                                       -       B->Y    R     NAND2xp5_ASAP7_75t_R          1  0.5    20    18     987    (-,-) 
  u_issue/g44019/Y                                       -       C->Y    F     AOI221xp5_ASAP7_75t_R         1  0.6    36    12     999    (-,-) 
  u_issue/g43925/Y                                       -       B->Y    R     NAND2xp5_ASAP7_75t_R         18  9.2   102    58    1057    (-,-) 
  u_cbm/SUB_UNS_OP276_g589__9315/Y                       -       A->Y    F     NOR2xp33_ASAP7_75t_R          2  1.3    48    40    1097    (-,-) 
  u_cbm/SUB_UNS_OP276_g588/Y                             -       A->Y    R     INVx1_ASAP7_75t_R             2  1.0    17    14    1111    (-,-) 
  u_cbm/SUB_UNS_OP276_g586__4733/Y                       -       B->Y    F     NOR2xp33_ASAP7_75t_R          2  1.3    46    19    1130    (-,-) 
  u_cbm/SUB_UNS_OP276_g585/Y                             -       A->Y    R     INVx1_ASAP7_75t_R             2  1.0    17    14    1144    (-,-) 
  u_cbm/SUB_UNS_OP276_g583__5115/Y                       -       B->Y    F     NOR2xp33_ASAP7_75t_R          2  1.3    42    19    1162    (-,-) 
  u_cbm/SUB_UNS_OP276_g582/Y                             -       A->Y    R     INVx1_ASAP7_75t_R             2  0.8    15    12    1175    (-,-) 
  u_cbm/SUB_UNS_OP276_g580__6131/Y                       -       B->Y    F     NOR2xp33_ASAP7_75t_R          2  1.2    45    17    1192    (-,-) 
  u_cbm/SUB_UNS_OP276_g579/Y                             -       A->Y    R     INVx1_ASAP7_75t_R             2  0.8    15    12    1205    (-,-) 
  u_cbm/SUB_UNS_OP276_g577__8246/Y                       -       B->Y    F     NOR2xp33_ASAP7_75t_R          2  1.2    41    18    1222    (-,-) 
  u_cbm/SUB_UNS_OP276_g576/Y                             -       A->Y    R     INVx1_ASAP7_75t_R             2  0.8    14    12    1234    (-,-) 
  u_cbm/SUB_UNS_OP276_g574__1705/Y                       -       B->Y    F     NOR2xp33_ASAP7_75t_R          2  1.2    45    17    1252    (-,-) 
  u_cbm/SUB_UNS_OP276_g573/Y                             -       A->Y    R     INVx1_ASAP7_75t_R             2  1.0    16    14    1265    (-,-) 
  u_cbm/SUB_UNS_OP276_g571__1617/Y                       -       B->Y    F     NOR2xp33_ASAP7_75t_R          2  1.3    42    19    1284    (-,-) 
  u_cbm/SUB_UNS_OP276_g570/Y                             -       A->Y    R     INVx1_ASAP7_75t_R             2  1.0    16    13    1297    (-,-) 
  u_cbm/SUB_UNS_OP276_g568__6783/Y                       -       B->Y    F     NOR2xp33_ASAP7_75t_R          2  1.3    48    19    1316    (-,-) 
  u_cbm/SUB_UNS_OP276_g567/Y                             -       A->Y    R     INVx1_ASAP7_75t_R             2  1.0    17    14    1330    (-,-) 
  u_cbm/SUB_UNS_OP276_g565__8428/Y                       -       B->Y    F     NOR2xp33_ASAP7_75t_R          2  1.3    44    19    1349    (-,-) 
  u_cbm/SUB_UNS_OP276_g564/Y                             -       A->Y    R     INVx1_ASAP7_75t_R             2  1.0    16    14    1363    (-,-) 
  u_cbm/SUB_UNS_OP276_g562__6260/Y                       -       B->Y    F     NOR2xp33_ASAP7_75t_R          2  1.3    47    19    1382    (-,-) 
  u_cbm/SUB_UNS_OP276_g561/Y                             -       A->Y    R     INVx1_ASAP7_75t_R             2  1.0    17    14    1395    (-,-) 
  u_cbm/SUB_UNS_OP276_g559__2398/Y                       -       B->Y    F     NOR2xp33_ASAP7_75t_R          2  1.3    43    19    1414    (-,-) 
  u_cbm/SUB_UNS_OP276_g558/Y                             -       A->Y    R     INVx1_ASAP7_75t_R             2  1.0    16    13    1428    (-,-) 
  u_cbm/SUB_UNS_OP276_g556__6417/Y                       -       B->Y    F     NOR2xp33_ASAP7_75t_R          2  1.3    48    19    1446    (-,-) 
  u_cbm/SUB_UNS_OP276_g555/Y                             -       A->Y    R     INVx1_ASAP7_75t_R             2  1.0    17    14    1460    (-,-) 
  u_cbm/SUB_UNS_OP276_g553__1666/Y                       -       B->Y    F     NOR2xp33_ASAP7_75t_R          2  1.3    42    19    1479    (-,-) 
  u_cbm/SUB_UNS_OP276_g552/Y                             -       A->Y    R     INVx1_ASAP7_75t_R             2  1.0    16    13    1493    (-,-) 
  u_cbm/SUB_UNS_OP276_g550__2883/Y                       -       B->Y    F     NOR2xp33_ASAP7_75t_R          2  1.3    48    19    1511    (-,-) 
  u_cbm/SUB_UNS_OP276_g549/Y                             -       A->Y    R     INVx1_ASAP7_75t_R             2  1.0    17    14    1525    (-,-) 
  u_cbm/SUB_UNS_OP276_g547__9315/Y                       -       B->Y    F     NOR2xp33_ASAP7_75t_R          2  1.3    45    19    1544    (-,-) 
  u_cbm/SUB_UNS_OP276_g546/Y                             -       A->Y    R     INVx1_ASAP7_75t_R             2  1.0    16    14    1558    (-,-) 
  u_cbm/SUB_UNS_OP276_g544__4733/Y                       -       B->Y    F     NOR2xp33_ASAP7_75t_R          2  1.3    48    19    1577    (-,-) 
  u_cbm/SUB_UNS_OP276_g543/Y                             -       A->Y    R     INVx1_ASAP7_75t_R             2  1.0    17    14    1591    (-,-) 
  u_cbm/SUB_UNS_OP276_g541__5115/Y                       -       B->Y    F     NOR2xp33_ASAP7_75t_R          2  1.3    42    19    1610    (-,-) 
  u_cbm/SUB_UNS_OP276_g540/Y                             -       A->Y    R     INVx1_ASAP7_75t_R             2  1.0    16    13    1623    (-,-) 
  u_cbm/SUB_UNS_OP276_g538__6131/Y                       -       B->Y    F     NOR2xp33_ASAP7_75t_R          2  1.3    48    19    1642    (-,-) 
  u_cbm/SUB_UNS_OP276_g537/Y                             -       A->Y    R     INVx1_ASAP7_75t_R             2  1.0    17    14    1656    (-,-) 
  u_cbm/SUB_UNS_OP276_g535__8246/Y                       -       B->Y    F     NOR2xp33_ASAP7_75t_R          2  1.3    45    19    1675    (-,-) 
  u_cbm/SUB_UNS_OP276_g534/Y                             -       A->Y    R     INVx1_ASAP7_75t_R             2  1.0    16    14    1688    (-,-) 
  u_cbm/SUB_UNS_OP276_g532__1705/Y                       -       B->Y    F     NOR2xp33_ASAP7_75t_R          2  1.3    48    19    1707    (-,-) 
  u_cbm/SUB_UNS_OP276_g531/Y                             -       A->Y    R     INVx1_ASAP7_75t_R             2  1.0    17    14    1721    (-,-) 
  u_cbm/SUB_UNS_OP276_g529__1617/Y                       -       B->Y    F     NOR2xp33_ASAP7_75t_R          2  1.3    45    19    1740    (-,-) 
  u_cbm/SUB_UNS_OP276_g528/Y                             -       A->Y    R     INVx1_ASAP7_75t_R             2  1.0    16    14    1754    (-,-) 
  u_cbm/SUB_UNS_OP276_g526__6783/Y                       -       B->Y    F     NOR2xp33_ASAP7_75t_R          2  1.3    47    19    1772    (-,-) 
  u_cbm/SUB_UNS_OP276_g525/Y                             -       A->Y    R     INVx1_ASAP7_75t_R             2  0.8    15    13    1785    (-,-) 
  u_cbm/SUB_UNS_OP276_g523__8428/Y                       -       B->Y    F     NOR2xp33_ASAP7_75t_R          2  1.2    42    18    1803    (-,-) 
  u_cbm/SUB_UNS_OP276_g522/Y                             -       A->Y    R     INVx1_ASAP7_75t_R             2  1.0    16    13    1816    (-,-) 
  u_cbm/SUB_UNS_OP276_g520__6260/Y                       -       B->Y    F     NOR2xp33_ASAP7_75t_R          2  1.3    48    19    1835    (-,-) 
  u_cbm/SUB_UNS_OP276_g519/Y                             -       A->Y    R     INVx1_ASAP7_75t_R             2  0.8    16    13    1848    (-,-) 
  u_cbm/SUB_UNS_OP276_g517__2398/Y                       -       B->Y    F     NOR2xp33_ASAP7_75t_R          2  1.2    40    18    1866    (-,-) 
  u_cbm/SUB_UNS_OP276_g516/Y                             -       A->Y    R     INVx1_ASAP7_75t_R             2  1.0    16    13    1879    (-,-) 
  u_cbm/SUB_UNS_OP276_g514__6417/Y                       -       B->Y    F     NOR2xp33_ASAP7_75t_R          2  1.3    48    19    1897    (-,-) 
  u_cbm/SUB_UNS_OP276_g513/Y                             -       A->Y    R     INVx1_ASAP7_75t_R             2  1.0    17    14    1911    (-,-) 
  u_cbm/SUB_UNS_OP276_g511__1666/Y                       -       B->Y    F     NOR2xp33_ASAP7_75t_R          2  1.3    44    19    1930    (-,-) 
  u_cbm/SUB_UNS_OP276_g510/Y                             -       A->Y    R     INVx1_ASAP7_75t_R             2  1.0    16    14    1944    (-,-) 
  u_cbm/SUB_UNS_OP276_g508__2883/Y                       -       B->Y    F     NOR2xp33_ASAP7_75t_R          2  1.3    48    19    1963    (-,-) 
  u_cbm/SUB_UNS_OP276_g506__9945/Y                       -       B->Y    R     AOI21xp5_ASAP7_75t_R          1  0.5    25    17    1979    (-,-) 
  u_cbm/g9416__9315/Y                                    -       B2->Y   R     AO22x1_ASAP7_75t_R            5  3.6    27    29    2008    (-,-) 
  u_cbm/csa_tree_SUB_TC_OP109_groupi_g1946/Y             -       A->Y    F     INVxp67_ASAP7_75t_R           1  1.1    14    12    2020    (-,-) 
  u_cbm/csa_tree_SUB_TC_OP109_groupi_g1915__5107/Y       -       C->Y    R     MAJIxp5_ASAP7_75t_R           2  2.2    40    25    2045    (-,-) 
  u_cbm/g12611/SN                                        -       CI->SN  F     FAx1_ASAP7_75t_R              2  1.6    38    55    2099    (-,-) 
  u_cbm/csa_tree_SUB_TC_OP109_groupi_g1763__5122/Y       -       A->Y    R     MAJIxp5_ASAP7_75t_R           2  3.3    56    39    2138    (-,-) 
  u_cbm/g12608/SN                                        -       B->SN   F     FAx1_ASAP7_75t_R              2  1.0    37    49    2188    (-,-) 
  u_cbm/csa_tree_SUB_TC_OP109_groupi_g1751__6260/Y       -       A->Y    R     NAND2xp33_ASAP7_75t_R         2  1.2    35    29    2216    (-,-) 
  u_cbm/csa_tree_SUB_TC_OP109_groupi_g1749__2398/Y       -       A2->Y   R     AO21x1_ASAP7_75t_R            1  0.5     7    17    2234    (-,-) 
  u_cbm/csa_tree_SUB_TC_OP109_groupi_g1748__5477/Y       -       C->Y    F     OAI221xp5_ASAP7_75t_R         1  0.6    21    11    2245    (-,-) 
  u_cbm/csa_tree_SUB_TC_OP109_groupi_g1747__6417/Y       -       A->Y    R     MAJIxp5_ASAP7_75t_R           1  0.6    20    16    2261    (-,-) 
  u_cbm/csa_tree_SUB_TC_OP109_groupi_g1746__7410/Y       -       B->Y    R     OA21x2_ASAP7_75t_R            2  1.7    10    19    2280    (-,-) 
  u_cbm/g12432__8246/Y                                   -       B->Y    F     NOR2x1_ASAP7_75t_R           64 35.7   211    98    2378    (-,-) 
  u_cbm/g12130__4319/Y                                   -       A1->Y   R     AOI222xp33_ASAP7_75t_R        1  0.6    54    42    2420    (-,-) 
  u_cbm/column_mask_q_reg[21]/D                          -       -       R     ASYNC_DFFHx1_ASAP7_75t_R      1    -     -     0    2420    (-,-) 
#------------------------------------------------------------------------------------------------------------------------------------------------



Path 48: MET (1997567 ps) Setup Check with Pin u_cbm/column_mask_q_reg[20]/CLK->D
          Group: core_clock
     Startpoint: (R) u_frontend/u_decode/genblk1.u_fifo/rd_ptr_q_reg[0]/CLK
          Clock: (R) core_clock
       Endpoint: (R) u_cbm/column_mask_q_reg[20]/D
          Clock: (R) core_clock

                      Capture       Launch     
        Clock Edge:+  2000000            0     
       Src Latency:+        0            0     
       Net Latency:+        0 (I)        0 (I) 
           Arrival:=  2000000            0     
                                               
             Setup:-       13                  
     Required Time:=  1999987                  
      Launch Clock:-        0                  
         Data Path:-     2420                  
             Slack:=  1997567                  

#------------------------------------------------------------------------------------------------------------------------------------------------
#                     Timing Point                       Flags    Arc    Edge           Cell            Fanout Load Trans Delay Arrival Instance 
#                                                                                                              (fF)  (ps)  (ps)   (ps)  Location 
#------------------------------------------------------------------------------------------------------------------------------------------------
  u_frontend/u_decode/genblk1.u_fifo/rd_ptr_q_reg[0]/CLK -       -       R     (arrival)                  5356    -     0     0       0    (-,-) 
  u_frontend/u_decode/genblk1.u_fifo/rd_ptr_q_reg[0]/QN  -       CLK->QN R     ASYNC_DFFHx1_ASAP7_75t_R      1  0.6    13    36      36    (-,-) 
  u_frontend/u_decode/genblk1.u_fifo/g2479/Y             -       A->Y    R     BUFx2_ASAP7_75t_R           102 51.6   156    82     118    (-,-) 
  u_frontend/u_decode/genblk1.u_fifo/g2891/Y             -       A->Y    F     INVx2_ASAP7_75t_R            97 48.2   144   106     224    (-,-) 
  u_frontend/u_decode/genblk1.u_fifo/g2804/Y             -       A2->Y   F     AO22x1_ASAP7_75t_R            3  2.0    17    40     264    (-,-) 
  u_issue/g28658/Y                                       -       B->Y    R     XNOR2xp5_ASAP7_75t_R          1  0.5    18    14     278    (-,-) 
  u_issue/g28644/Y                                       -       D->Y    F     NAND4xp25_ASAP7_75t_R         1  0.6    25    17     296    (-,-) 
  u_issue/g28641/Y                                       -       A->Y    R     NOR5xp2_ASAP7_75t_R           1  0.5    41    23     319    (-,-) 
  u_issue/g28640/Y                                       -       A->Y    F     NAND5xp2_ASAP7_75t_R          2  1.1    46    30     349    (-,-) 
  u_issue/g28639/Y                                       -       A->Y    F     OR5x1_ASAP7_75t_R             3  1.6    19    44     393    (-,-) 
  u_issue/g28638/Y                                       -       A->Y    F     OR2x2_ASAP7_75t_R            20 10.4    33    37     430    (-,-) 
  u_issue/g45300/Y                                       -       A->Y    R     INVx2_ASAP7_75t_R            99 56.3   169    87     517    (-,-) 
  u_issue/g28291/Y                                       -       B2->Y   R     AO22x1_ASAP7_75t_R           22 11.2    71    64     581    (-,-) 
  u_issue/g45298/Y                                       -       A->Y    F     INVx1_ASAP7_75t_R            17  9.2    58    44     624    (-,-) 
  u_issue/g44952/Y                                       -       A->Y    R     NAND2xp5_ASAP7_75t_R          4  2.1    37    32     656    (-,-) 
  u_issue/g44832/Y                                       -       A->Y    F     NOR3xp33_ASAP7_75t_R          2  0.8    28    15     671    (-,-) 
  u_issue/g44639/Y                                       -       A->Y    R     NOR2xp33_ASAP7_75t_R          3  1.7    40    27     698    (-,-) 
  u_issue/g44554/Y                                       -       A->Y    F     NAND3xp33_ASAP7_75t_R         4  2.9    55    36     734    (-,-) 
  u_issue/g44546/Y                                       -       A->Y    R     NOR3xp33_ASAP7_75t_R          3  1.9    55    38     772    (-,-) 
  u_issue/g44542/Y                                       -       A->Y    F     INVx1_ASAP7_75t_R             1  0.6    13    10     782    (-,-) 
  u_issue/g44512/Y                                       -       A->Y    R     NOR4xp25_ASAP7_75t_R         17  8.8   245   118     900    (-,-) 
  u_issue/drc_bufs45344/Y                                -       A->Y    F     INVx1_ASAP7_75t_R             1  0.7    32    15     915    (-,-) 
  u_issue/drc_bufs45343/Y                                -       A->Y    R     INVx1_ASAP7_75t_R            16  8.1    53    34     949    (-,-) 
  u_issue/g44217/Y                                       -       A1->Y   F     AOI222xp33_ASAP7_75t_R        1  0.6    62    20     969    (-,-) 
  u_issue/g44110/Y                                       -       B->Y    R     NAND2xp5_ASAP7_75t_R          1  0.5    20    18     987    (-,-) 
  u_issue/g44019/Y                                       -       C->Y    F     AOI221xp5_ASAP7_75t_R         1  0.6    36    12     999    (-,-) 
  u_issue/g43925/Y                                       -       B->Y    R     NAND2xp5_ASAP7_75t_R         18  9.2   102    58    1057    (-,-) 
  u_cbm/SUB_UNS_OP276_g589__9315/Y                       -       A->Y    F     NOR2xp33_ASAP7_75t_R          2  1.3    48    40    1097    (-,-) 
  u_cbm/SUB_UNS_OP276_g588/Y                             -       A->Y    R     INVx1_ASAP7_75t_R             2  1.0    17    14    1111    (-,-) 
  u_cbm/SUB_UNS_OP276_g586__4733/Y                       -       B->Y    F     NOR2xp33_ASAP7_75t_R          2  1.3    46    19    1130    (-,-) 
  u_cbm/SUB_UNS_OP276_g585/Y                             -       A->Y    R     INVx1_ASAP7_75t_R             2  1.0    17    14    1144    (-,-) 
  u_cbm/SUB_UNS_OP276_g583__5115/Y                       -       B->Y    F     NOR2xp33_ASAP7_75t_R          2  1.3    42    19    1162    (-,-) 
  u_cbm/SUB_UNS_OP276_g582/Y                             -       A->Y    R     INVx1_ASAP7_75t_R             2  0.8    15    12    1175    (-,-) 
  u_cbm/SUB_UNS_OP276_g580__6131/Y                       -       B->Y    F     NOR2xp33_ASAP7_75t_R          2  1.2    45    17    1192    (-,-) 
  u_cbm/SUB_UNS_OP276_g579/Y                             -       A->Y    R     INVx1_ASAP7_75t_R             2  0.8    15    12    1205    (-,-) 
  u_cbm/SUB_UNS_OP276_g577__8246/Y                       -       B->Y    F     NOR2xp33_ASAP7_75t_R          2  1.2    41    18    1222    (-,-) 
  u_cbm/SUB_UNS_OP276_g576/Y                             -       A->Y    R     INVx1_ASAP7_75t_R             2  0.8    14    12    1234    (-,-) 
  u_cbm/SUB_UNS_OP276_g574__1705/Y                       -       B->Y    F     NOR2xp33_ASAP7_75t_R          2  1.2    45    17    1252    (-,-) 
  u_cbm/SUB_UNS_OP276_g573/Y                             -       A->Y    R     INVx1_ASAP7_75t_R             2  1.0    16    14    1265    (-,-) 
  u_cbm/SUB_UNS_OP276_g571__1617/Y                       -       B->Y    F     NOR2xp33_ASAP7_75t_R          2  1.3    42    19    1284    (-,-) 
  u_cbm/SUB_UNS_OP276_g570/Y                             -       A->Y    R     INVx1_ASAP7_75t_R             2  1.0    16    13    1297    (-,-) 
  u_cbm/SUB_UNS_OP276_g568__6783/Y                       -       B->Y    F     NOR2xp33_ASAP7_75t_R          2  1.3    48    19    1316    (-,-) 
  u_cbm/SUB_UNS_OP276_g567/Y                             -       A->Y    R     INVx1_ASAP7_75t_R             2  1.0    17    14    1330    (-,-) 
  u_cbm/SUB_UNS_OP276_g565__8428/Y                       -       B->Y    F     NOR2xp33_ASAP7_75t_R          2  1.3    44    19    1349    (-,-) 
  u_cbm/SUB_UNS_OP276_g564/Y                             -       A->Y    R     INVx1_ASAP7_75t_R             2  1.0    16    14    1363    (-,-) 
  u_cbm/SUB_UNS_OP276_g562__6260/Y                       -       B->Y    F     NOR2xp33_ASAP7_75t_R          2  1.3    47    19    1382    (-,-) 
  u_cbm/SUB_UNS_OP276_g561/Y                             -       A->Y    R     INVx1_ASAP7_75t_R             2  1.0    17    14    1395    (-,-) 
  u_cbm/SUB_UNS_OP276_g559__2398/Y                       -       B->Y    F     NOR2xp33_ASAP7_75t_R          2  1.3    43    19    1414    (-,-) 
  u_cbm/SUB_UNS_OP276_g558/Y                             -       A->Y    R     INVx1_ASAP7_75t_R             2  1.0    16    13    1428    (-,-) 
  u_cbm/SUB_UNS_OP276_g556__6417/Y                       -       B->Y    F     NOR2xp33_ASAP7_75t_R          2  1.3    48    19    1446    (-,-) 
  u_cbm/SUB_UNS_OP276_g555/Y                             -       A->Y    R     INVx1_ASAP7_75t_R             2  1.0    17    14    1460    (-,-) 
  u_cbm/SUB_UNS_OP276_g553__1666/Y                       -       B->Y    F     NOR2xp33_ASAP7_75t_R          2  1.3    42    19    1479    (-,-) 
  u_cbm/SUB_UNS_OP276_g552/Y                             -       A->Y    R     INVx1_ASAP7_75t_R             2  1.0    16    13    1493    (-,-) 
  u_cbm/SUB_UNS_OP276_g550__2883/Y                       -       B->Y    F     NOR2xp33_ASAP7_75t_R          2  1.3    48    19    1511    (-,-) 
  u_cbm/SUB_UNS_OP276_g549/Y                             -       A->Y    R     INVx1_ASAP7_75t_R             2  1.0    17    14    1525    (-,-) 
  u_cbm/SUB_UNS_OP276_g547__9315/Y                       -       B->Y    F     NOR2xp33_ASAP7_75t_R          2  1.3    45    19    1544    (-,-) 
  u_cbm/SUB_UNS_OP276_g546/Y                             -       A->Y    R     INVx1_ASAP7_75t_R             2  1.0    16    14    1558    (-,-) 
  u_cbm/SUB_UNS_OP276_g544__4733/Y                       -       B->Y    F     NOR2xp33_ASAP7_75t_R          2  1.3    48    19    1577    (-,-) 
  u_cbm/SUB_UNS_OP276_g543/Y                             -       A->Y    R     INVx1_ASAP7_75t_R             2  1.0    17    14    1591    (-,-) 
  u_cbm/SUB_UNS_OP276_g541__5115/Y                       -       B->Y    F     NOR2xp33_ASAP7_75t_R          2  1.3    42    19    1610    (-,-) 
  u_cbm/SUB_UNS_OP276_g540/Y                             -       A->Y    R     INVx1_ASAP7_75t_R             2  1.0    16    13    1623    (-,-) 
  u_cbm/SUB_UNS_OP276_g538__6131/Y                       -       B->Y    F     NOR2xp33_ASAP7_75t_R          2  1.3    48    19    1642    (-,-) 
  u_cbm/SUB_UNS_OP276_g537/Y                             -       A->Y    R     INVx1_ASAP7_75t_R             2  1.0    17    14    1656    (-,-) 
  u_cbm/SUB_UNS_OP276_g535__8246/Y                       -       B->Y    F     NOR2xp33_ASAP7_75t_R          2  1.3    45    19    1675    (-,-) 
  u_cbm/SUB_UNS_OP276_g534/Y                             -       A->Y    R     INVx1_ASAP7_75t_R             2  1.0    16    14    1688    (-,-) 
  u_cbm/SUB_UNS_OP276_g532__1705/Y                       -       B->Y    F     NOR2xp33_ASAP7_75t_R          2  1.3    48    19    1707    (-,-) 
  u_cbm/SUB_UNS_OP276_g531/Y                             -       A->Y    R     INVx1_ASAP7_75t_R             2  1.0    17    14    1721    (-,-) 
  u_cbm/SUB_UNS_OP276_g529__1617/Y                       -       B->Y    F     NOR2xp33_ASAP7_75t_R          2  1.3    45    19    1740    (-,-) 
  u_cbm/SUB_UNS_OP276_g528/Y                             -       A->Y    R     INVx1_ASAP7_75t_R             2  1.0    16    14    1754    (-,-) 
  u_cbm/SUB_UNS_OP276_g526__6783/Y                       -       B->Y    F     NOR2xp33_ASAP7_75t_R          2  1.3    47    19    1772    (-,-) 
  u_cbm/SUB_UNS_OP276_g525/Y                             -       A->Y    R     INVx1_ASAP7_75t_R             2  0.8    15    13    1785    (-,-) 
  u_cbm/SUB_UNS_OP276_g523__8428/Y                       -       B->Y    F     NOR2xp33_ASAP7_75t_R          2  1.2    42    18    1803    (-,-) 
  u_cbm/SUB_UNS_OP276_g522/Y                             -       A->Y    R     INVx1_ASAP7_75t_R             2  1.0    16    13    1816    (-,-) 
  u_cbm/SUB_UNS_OP276_g520__6260/Y                       -       B->Y    F     NOR2xp33_ASAP7_75t_R          2  1.3    48    19    1835    (-,-) 
  u_cbm/SUB_UNS_OP276_g519/Y                             -       A->Y    R     INVx1_ASAP7_75t_R             2  0.8    16    13    1848    (-,-) 
  u_cbm/SUB_UNS_OP276_g517__2398/Y                       -       B->Y    F     NOR2xp33_ASAP7_75t_R          2  1.2    40    18    1866    (-,-) 
  u_cbm/SUB_UNS_OP276_g516/Y                             -       A->Y    R     INVx1_ASAP7_75t_R             2  1.0    16    13    1879    (-,-) 
  u_cbm/SUB_UNS_OP276_g514__6417/Y                       -       B->Y    F     NOR2xp33_ASAP7_75t_R          2  1.3    48    19    1897    (-,-) 
  u_cbm/SUB_UNS_OP276_g513/Y                             -       A->Y    R     INVx1_ASAP7_75t_R             2  1.0    17    14    1911    (-,-) 
  u_cbm/SUB_UNS_OP276_g511__1666/Y                       -       B->Y    F     NOR2xp33_ASAP7_75t_R          2  1.3    44    19    1930    (-,-) 
  u_cbm/SUB_UNS_OP276_g510/Y                             -       A->Y    R     INVx1_ASAP7_75t_R             2  1.0    16    14    1944    (-,-) 
  u_cbm/SUB_UNS_OP276_g508__2883/Y                       -       B->Y    F     NOR2xp33_ASAP7_75t_R          2  1.3    48    19    1963    (-,-) 
  u_cbm/SUB_UNS_OP276_g506__9945/Y                       -       B->Y    R     AOI21xp5_ASAP7_75t_R          1  0.5    25    17    1979    (-,-) 
  u_cbm/g9416__9315/Y                                    -       B2->Y   R     AO22x1_ASAP7_75t_R            5  3.6    27    29    2008    (-,-) 
  u_cbm/csa_tree_SUB_TC_OP109_groupi_g1946/Y             -       A->Y    F     INVxp67_ASAP7_75t_R           1  1.1    14    12    2020    (-,-) 
  u_cbm/csa_tree_SUB_TC_OP109_groupi_g1915__5107/Y       -       C->Y    R     MAJIxp5_ASAP7_75t_R           2  2.2    40    25    2045    (-,-) 
  u_cbm/g12611/SN                                        -       CI->SN  F     FAx1_ASAP7_75t_R              2  1.6    38    55    2099    (-,-) 
  u_cbm/csa_tree_SUB_TC_OP109_groupi_g1763__5122/Y       -       A->Y    R     MAJIxp5_ASAP7_75t_R           2  3.3    56    39    2138    (-,-) 
  u_cbm/g12608/SN                                        -       B->SN   F     FAx1_ASAP7_75t_R              2  1.0    37    49    2188    (-,-) 
  u_cbm/csa_tree_SUB_TC_OP109_groupi_g1751__6260/Y       -       A->Y    R     NAND2xp33_ASAP7_75t_R         2  1.2    35    29    2216    (-,-) 
  u_cbm/csa_tree_SUB_TC_OP109_groupi_g1749__2398/Y       -       A2->Y   R     AO21x1_ASAP7_75t_R            1  0.5     7    17    2234    (-,-) 
  u_cbm/csa_tree_SUB_TC_OP109_groupi_g1748__5477/Y       -       C->Y    F     OAI221xp5_ASAP7_75t_R         1  0.6    21    11    2245    (-,-) 
  u_cbm/csa_tree_SUB_TC_OP109_groupi_g1747__6417/Y       -       A->Y    R     MAJIxp5_ASAP7_75t_R           1  0.6    20    16    2261    (-,-) 
  u_cbm/csa_tree_SUB_TC_OP109_groupi_g1746__7410/Y       -       B->Y    R     OA21x2_ASAP7_75t_R            2  1.7    10    19    2280    (-,-) 
  u_cbm/g12432__8246/Y                                   -       B->Y    F     NOR2x1_ASAP7_75t_R           64 35.7   211    98    2378    (-,-) 
  u_cbm/g12182__4733/Y                                   -       A1->Y   R     AOI222xp33_ASAP7_75t_R        1  0.6    54    42    2420    (-,-) 
  u_cbm/column_mask_q_reg[20]/D                          -       -       R     ASYNC_DFFHx1_ASAP7_75t_R      1    -     -     0    2420    (-,-) 
#------------------------------------------------------------------------------------------------------------------------------------------------



Path 49: MET (1997567 ps) Setup Check with Pin u_cbm/column_mask_q_reg[18]/CLK->D
          Group: core_clock
     Startpoint: (R) u_frontend/u_decode/genblk1.u_fifo/rd_ptr_q_reg[0]/CLK
          Clock: (R) core_clock
       Endpoint: (R) u_cbm/column_mask_q_reg[18]/D
          Clock: (R) core_clock

                      Capture       Launch     
        Clock Edge:+  2000000            0     
       Src Latency:+        0            0     
       Net Latency:+        0 (I)        0 (I) 
           Arrival:=  2000000            0     
                                               
             Setup:-       13                  
     Required Time:=  1999987                  
      Launch Clock:-        0                  
         Data Path:-     2420                  
             Slack:=  1997567                  

#------------------------------------------------------------------------------------------------------------------------------------------------
#                     Timing Point                       Flags    Arc    Edge           Cell            Fanout Load Trans Delay Arrival Instance 
#                                                                                                              (fF)  (ps)  (ps)   (ps)  Location 
#------------------------------------------------------------------------------------------------------------------------------------------------
  u_frontend/u_decode/genblk1.u_fifo/rd_ptr_q_reg[0]/CLK -       -       R     (arrival)                  5356    -     0     0       0    (-,-) 
  u_frontend/u_decode/genblk1.u_fifo/rd_ptr_q_reg[0]/QN  -       CLK->QN R     ASYNC_DFFHx1_ASAP7_75t_R      1  0.6    13    36      36    (-,-) 
  u_frontend/u_decode/genblk1.u_fifo/g2479/Y             -       A->Y    R     BUFx2_ASAP7_75t_R           102 51.6   156    82     118    (-,-) 
  u_frontend/u_decode/genblk1.u_fifo/g2891/Y             -       A->Y    F     INVx2_ASAP7_75t_R            97 48.2   144   106     224    (-,-) 
  u_frontend/u_decode/genblk1.u_fifo/g2804/Y             -       A2->Y   F     AO22x1_ASAP7_75t_R            3  2.0    17    40     264    (-,-) 
  u_issue/g28658/Y                                       -       B->Y    R     XNOR2xp5_ASAP7_75t_R          1  0.5    18    14     278    (-,-) 
  u_issue/g28644/Y                                       -       D->Y    F     NAND4xp25_ASAP7_75t_R         1  0.6    25    17     296    (-,-) 
  u_issue/g28641/Y                                       -       A->Y    R     NOR5xp2_ASAP7_75t_R           1  0.5    41    23     319    (-,-) 
  u_issue/g28640/Y                                       -       A->Y    F     NAND5xp2_ASAP7_75t_R          2  1.1    46    30     349    (-,-) 
  u_issue/g28639/Y                                       -       A->Y    F     OR5x1_ASAP7_75t_R             3  1.6    19    44     393    (-,-) 
  u_issue/g28638/Y                                       -       A->Y    F     OR2x2_ASAP7_75t_R            20 10.4    33    37     430    (-,-) 
  u_issue/g45300/Y                                       -       A->Y    R     INVx2_ASAP7_75t_R            99 56.3   169    87     517    (-,-) 
  u_issue/g28291/Y                                       -       B2->Y   R     AO22x1_ASAP7_75t_R           22 11.2    71    64     581    (-,-) 
  u_issue/g45298/Y                                       -       A->Y    F     INVx1_ASAP7_75t_R            17  9.2    58    44     624    (-,-) 
  u_issue/g44952/Y                                       -       A->Y    R     NAND2xp5_ASAP7_75t_R          4  2.1    37    32     656    (-,-) 
  u_issue/g44832/Y                                       -       A->Y    F     NOR3xp33_ASAP7_75t_R          2  0.8    28    15     671    (-,-) 
  u_issue/g44639/Y                                       -       A->Y    R     NOR2xp33_ASAP7_75t_R          3  1.7    40    27     698    (-,-) 
  u_issue/g44554/Y                                       -       A->Y    F     NAND3xp33_ASAP7_75t_R         4  2.9    55    36     734    (-,-) 
  u_issue/g44546/Y                                       -       A->Y    R     NOR3xp33_ASAP7_75t_R          3  1.9    55    38     772    (-,-) 
  u_issue/g44542/Y                                       -       A->Y    F     INVx1_ASAP7_75t_R             1  0.6    13    10     782    (-,-) 
  u_issue/g44512/Y                                       -       A->Y    R     NOR4xp25_ASAP7_75t_R         17  8.8   245   118     900    (-,-) 
  u_issue/drc_bufs45344/Y                                -       A->Y    F     INVx1_ASAP7_75t_R             1  0.7    32    15     915    (-,-) 
  u_issue/drc_bufs45343/Y                                -       A->Y    R     INVx1_ASAP7_75t_R            16  8.1    53    34     949    (-,-) 
  u_issue/g44217/Y                                       -       A1->Y   F     AOI222xp33_ASAP7_75t_R        1  0.6    62    20     969    (-,-) 
  u_issue/g44110/Y                                       -       B->Y    R     NAND2xp5_ASAP7_75t_R          1  0.5    20    18     987    (-,-) 
  u_issue/g44019/Y                                       -       C->Y    F     AOI221xp5_ASAP7_75t_R         1  0.6    36    12     999    (-,-) 
  u_issue/g43925/Y                                       -       B->Y    R     NAND2xp5_ASAP7_75t_R         18  9.2   102    58    1057    (-,-) 
  u_cbm/SUB_UNS_OP276_g589__9315/Y                       -       A->Y    F     NOR2xp33_ASAP7_75t_R          2  1.3    48    40    1097    (-,-) 
  u_cbm/SUB_UNS_OP276_g588/Y                             -       A->Y    R     INVx1_ASAP7_75t_R             2  1.0    17    14    1111    (-,-) 
  u_cbm/SUB_UNS_OP276_g586__4733/Y                       -       B->Y    F     NOR2xp33_ASAP7_75t_R          2  1.3    46    19    1130    (-,-) 
  u_cbm/SUB_UNS_OP276_g585/Y                             -       A->Y    R     INVx1_ASAP7_75t_R             2  1.0    17    14    1144    (-,-) 
  u_cbm/SUB_UNS_OP276_g583__5115/Y                       -       B->Y    F     NOR2xp33_ASAP7_75t_R          2  1.3    42    19    1162    (-,-) 
  u_cbm/SUB_UNS_OP276_g582/Y                             -       A->Y    R     INVx1_ASAP7_75t_R             2  0.8    15    12    1175    (-,-) 
  u_cbm/SUB_UNS_OP276_g580__6131/Y                       -       B->Y    F     NOR2xp33_ASAP7_75t_R          2  1.2    45    17    1192    (-,-) 
  u_cbm/SUB_UNS_OP276_g579/Y                             -       A->Y    R     INVx1_ASAP7_75t_R             2  0.8    15    12    1205    (-,-) 
  u_cbm/SUB_UNS_OP276_g577__8246/Y                       -       B->Y    F     NOR2xp33_ASAP7_75t_R          2  1.2    41    18    1222    (-,-) 
  u_cbm/SUB_UNS_OP276_g576/Y                             -       A->Y    R     INVx1_ASAP7_75t_R             2  0.8    14    12    1234    (-,-) 
  u_cbm/SUB_UNS_OP276_g574__1705/Y                       -       B->Y    F     NOR2xp33_ASAP7_75t_R          2  1.2    45    17    1252    (-,-) 
  u_cbm/SUB_UNS_OP276_g573/Y                             -       A->Y    R     INVx1_ASAP7_75t_R             2  1.0    16    14    1265    (-,-) 
  u_cbm/SUB_UNS_OP276_g571__1617/Y                       -       B->Y    F     NOR2xp33_ASAP7_75t_R          2  1.3    42    19    1284    (-,-) 
  u_cbm/SUB_UNS_OP276_g570/Y                             -       A->Y    R     INVx1_ASAP7_75t_R             2  1.0    16    13    1297    (-,-) 
  u_cbm/SUB_UNS_OP276_g568__6783/Y                       -       B->Y    F     NOR2xp33_ASAP7_75t_R          2  1.3    48    19    1316    (-,-) 
  u_cbm/SUB_UNS_OP276_g567/Y                             -       A->Y    R     INVx1_ASAP7_75t_R             2  1.0    17    14    1330    (-,-) 
  u_cbm/SUB_UNS_OP276_g565__8428/Y                       -       B->Y    F     NOR2xp33_ASAP7_75t_R          2  1.3    44    19    1349    (-,-) 
  u_cbm/SUB_UNS_OP276_g564/Y                             -       A->Y    R     INVx1_ASAP7_75t_R             2  1.0    16    14    1363    (-,-) 
  u_cbm/SUB_UNS_OP276_g562__6260/Y                       -       B->Y    F     NOR2xp33_ASAP7_75t_R          2  1.3    47    19    1382    (-,-) 
  u_cbm/SUB_UNS_OP276_g561/Y                             -       A->Y    R     INVx1_ASAP7_75t_R             2  1.0    17    14    1395    (-,-) 
  u_cbm/SUB_UNS_OP276_g559__2398/Y                       -       B->Y    F     NOR2xp33_ASAP7_75t_R          2  1.3    43    19    1414    (-,-) 
  u_cbm/SUB_UNS_OP276_g558/Y                             -       A->Y    R     INVx1_ASAP7_75t_R             2  1.0    16    13    1428    (-,-) 
  u_cbm/SUB_UNS_OP276_g556__6417/Y                       -       B->Y    F     NOR2xp33_ASAP7_75t_R          2  1.3    48    19    1446    (-,-) 
  u_cbm/SUB_UNS_OP276_g555/Y                             -       A->Y    R     INVx1_ASAP7_75t_R             2  1.0    17    14    1460    (-,-) 
  u_cbm/SUB_UNS_OP276_g553__1666/Y                       -       B->Y    F     NOR2xp33_ASAP7_75t_R          2  1.3    42    19    1479    (-,-) 
  u_cbm/SUB_UNS_OP276_g552/Y                             -       A->Y    R     INVx1_ASAP7_75t_R             2  1.0    16    13    1493    (-,-) 
  u_cbm/SUB_UNS_OP276_g550__2883/Y                       -       B->Y    F     NOR2xp33_ASAP7_75t_R          2  1.3    48    19    1511    (-,-) 
  u_cbm/SUB_UNS_OP276_g549/Y                             -       A->Y    R     INVx1_ASAP7_75t_R             2  1.0    17    14    1525    (-,-) 
  u_cbm/SUB_UNS_OP276_g547__9315/Y                       -       B->Y    F     NOR2xp33_ASAP7_75t_R          2  1.3    45    19    1544    (-,-) 
  u_cbm/SUB_UNS_OP276_g546/Y                             -       A->Y    R     INVx1_ASAP7_75t_R             2  1.0    16    14    1558    (-,-) 
  u_cbm/SUB_UNS_OP276_g544__4733/Y                       -       B->Y    F     NOR2xp33_ASAP7_75t_R          2  1.3    48    19    1577    (-,-) 
  u_cbm/SUB_UNS_OP276_g543/Y                             -       A->Y    R     INVx1_ASAP7_75t_R             2  1.0    17    14    1591    (-,-) 
  u_cbm/SUB_UNS_OP276_g541__5115/Y                       -       B->Y    F     NOR2xp33_ASAP7_75t_R          2  1.3    42    19    1610    (-,-) 
  u_cbm/SUB_UNS_OP276_g540/Y                             -       A->Y    R     INVx1_ASAP7_75t_R             2  1.0    16    13    1623    (-,-) 
  u_cbm/SUB_UNS_OP276_g538__6131/Y                       -       B->Y    F     NOR2xp33_ASAP7_75t_R          2  1.3    48    19    1642    (-,-) 
  u_cbm/SUB_UNS_OP276_g537/Y                             -       A->Y    R     INVx1_ASAP7_75t_R             2  1.0    17    14    1656    (-,-) 
  u_cbm/SUB_UNS_OP276_g535__8246/Y                       -       B->Y    F     NOR2xp33_ASAP7_75t_R          2  1.3    45    19    1675    (-,-) 
  u_cbm/SUB_UNS_OP276_g534/Y                             -       A->Y    R     INVx1_ASAP7_75t_R             2  1.0    16    14    1688    (-,-) 
  u_cbm/SUB_UNS_OP276_g532__1705/Y                       -       B->Y    F     NOR2xp33_ASAP7_75t_R          2  1.3    48    19    1707    (-,-) 
  u_cbm/SUB_UNS_OP276_g531/Y                             -       A->Y    R     INVx1_ASAP7_75t_R             2  1.0    17    14    1721    (-,-) 
  u_cbm/SUB_UNS_OP276_g529__1617/Y                       -       B->Y    F     NOR2xp33_ASAP7_75t_R          2  1.3    45    19    1740    (-,-) 
  u_cbm/SUB_UNS_OP276_g528/Y                             -       A->Y    R     INVx1_ASAP7_75t_R             2  1.0    16    14    1754    (-,-) 
  u_cbm/SUB_UNS_OP276_g526__6783/Y                       -       B->Y    F     NOR2xp33_ASAP7_75t_R          2  1.3    47    19    1772    (-,-) 
  u_cbm/SUB_UNS_OP276_g525/Y                             -       A->Y    R     INVx1_ASAP7_75t_R             2  0.8    15    13    1785    (-,-) 
  u_cbm/SUB_UNS_OP276_g523__8428/Y                       -       B->Y    F     NOR2xp33_ASAP7_75t_R          2  1.2    42    18    1803    (-,-) 
  u_cbm/SUB_UNS_OP276_g522/Y                             -       A->Y    R     INVx1_ASAP7_75t_R             2  1.0    16    13    1816    (-,-) 
  u_cbm/SUB_UNS_OP276_g520__6260/Y                       -       B->Y    F     NOR2xp33_ASAP7_75t_R          2  1.3    48    19    1835    (-,-) 
  u_cbm/SUB_UNS_OP276_g519/Y                             -       A->Y    R     INVx1_ASAP7_75t_R             2  0.8    16    13    1848    (-,-) 
  u_cbm/SUB_UNS_OP276_g517__2398/Y                       -       B->Y    F     NOR2xp33_ASAP7_75t_R          2  1.2    40    18    1866    (-,-) 
  u_cbm/SUB_UNS_OP276_g516/Y                             -       A->Y    R     INVx1_ASAP7_75t_R             2  1.0    16    13    1879    (-,-) 
  u_cbm/SUB_UNS_OP276_g514__6417/Y                       -       B->Y    F     NOR2xp33_ASAP7_75t_R          2  1.3    48    19    1897    (-,-) 
  u_cbm/SUB_UNS_OP276_g513/Y                             -       A->Y    R     INVx1_ASAP7_75t_R             2  1.0    17    14    1911    (-,-) 
  u_cbm/SUB_UNS_OP276_g511__1666/Y                       -       B->Y    F     NOR2xp33_ASAP7_75t_R          2  1.3    44    19    1930    (-,-) 
  u_cbm/SUB_UNS_OP276_g510/Y                             -       A->Y    R     INVx1_ASAP7_75t_R             2  1.0    16    14    1944    (-,-) 
  u_cbm/SUB_UNS_OP276_g508__2883/Y                       -       B->Y    F     NOR2xp33_ASAP7_75t_R          2  1.3    48    19    1963    (-,-) 
  u_cbm/SUB_UNS_OP276_g506__9945/Y                       -       B->Y    R     AOI21xp5_ASAP7_75t_R          1  0.5    25    17    1979    (-,-) 
  u_cbm/g9416__9315/Y                                    -       B2->Y   R     AO22x1_ASAP7_75t_R            5  3.6    27    29    2008    (-,-) 
  u_cbm/csa_tree_SUB_TC_OP109_groupi_g1946/Y             -       A->Y    F     INVxp67_ASAP7_75t_R           1  1.1    14    12    2020    (-,-) 
  u_cbm/csa_tree_SUB_TC_OP109_groupi_g1915__5107/Y       -       C->Y    R     MAJIxp5_ASAP7_75t_R           2  2.2    40    25    2045    (-,-) 
  u_cbm/g12611/SN                                        -       CI->SN  F     FAx1_ASAP7_75t_R              2  1.6    38    55    2099    (-,-) 
  u_cbm/csa_tree_SUB_TC_OP109_groupi_g1763__5122/Y       -       A->Y    R     MAJIxp5_ASAP7_75t_R           2  3.3    56    39    2138    (-,-) 
  u_cbm/g12608/SN                                        -       B->SN   F     FAx1_ASAP7_75t_R              2  1.0    37    49    2188    (-,-) 
  u_cbm/csa_tree_SUB_TC_OP109_groupi_g1751__6260/Y       -       A->Y    R     NAND2xp33_ASAP7_75t_R         2  1.2    35    29    2216    (-,-) 
  u_cbm/csa_tree_SUB_TC_OP109_groupi_g1749__2398/Y       -       A2->Y   R     AO21x1_ASAP7_75t_R            1  0.5     7    17    2234    (-,-) 
  u_cbm/csa_tree_SUB_TC_OP109_groupi_g1748__5477/Y       -       C->Y    F     OAI221xp5_ASAP7_75t_R         1  0.6    21    11    2245    (-,-) 
  u_cbm/csa_tree_SUB_TC_OP109_groupi_g1747__6417/Y       -       A->Y    R     MAJIxp5_ASAP7_75t_R           1  0.6    20    16    2261    (-,-) 
  u_cbm/csa_tree_SUB_TC_OP109_groupi_g1746__7410/Y       -       B->Y    R     OA21x2_ASAP7_75t_R            2  1.7    10    19    2280    (-,-) 
  u_cbm/g12432__8246/Y                                   -       B->Y    F     NOR2x1_ASAP7_75t_R           64 35.7   211    98    2378    (-,-) 
  u_cbm/g12180__5115/Y                                   -       A1->Y   R     AOI222xp33_ASAP7_75t_R        1  0.6    54    42    2420    (-,-) 
  u_cbm/column_mask_q_reg[18]/D                          -       -       R     ASYNC_DFFHx1_ASAP7_75t_R      1    -     -     0    2420    (-,-) 
#------------------------------------------------------------------------------------------------------------------------------------------------



Path 50: MET (1997567 ps) Setup Check with Pin u_cbm/column_mask_q_reg[17]/CLK->D
          Group: core_clock
     Startpoint: (R) u_frontend/u_decode/genblk1.u_fifo/rd_ptr_q_reg[0]/CLK
          Clock: (R) core_clock
       Endpoint: (R) u_cbm/column_mask_q_reg[17]/D
          Clock: (R) core_clock

                      Capture       Launch     
        Clock Edge:+  2000000            0     
       Src Latency:+        0            0     
       Net Latency:+        0 (I)        0 (I) 
           Arrival:=  2000000            0     
                                               
             Setup:-       13                  
     Required Time:=  1999987                  
      Launch Clock:-        0                  
         Data Path:-     2420                  
             Slack:=  1997567                  

#------------------------------------------------------------------------------------------------------------------------------------------------
#                     Timing Point                       Flags    Arc    Edge           Cell            Fanout Load Trans Delay Arrival Instance 
#                                                                                                              (fF)  (ps)  (ps)   (ps)  Location 
#------------------------------------------------------------------------------------------------------------------------------------------------
  u_frontend/u_decode/genblk1.u_fifo/rd_ptr_q_reg[0]/CLK -       -       R     (arrival)                  5356    -     0     0       0    (-,-) 
  u_frontend/u_decode/genblk1.u_fifo/rd_ptr_q_reg[0]/QN  -       CLK->QN R     ASYNC_DFFHx1_ASAP7_75t_R      1  0.6    13    36      36    (-,-) 
  u_frontend/u_decode/genblk1.u_fifo/g2479/Y             -       A->Y    R     BUFx2_ASAP7_75t_R           102 51.6   156    82     118    (-,-) 
  u_frontend/u_decode/genblk1.u_fifo/g2891/Y             -       A->Y    F     INVx2_ASAP7_75t_R            97 48.2   144   106     224    (-,-) 
  u_frontend/u_decode/genblk1.u_fifo/g2804/Y             -       A2->Y   F     AO22x1_ASAP7_75t_R            3  2.0    17    40     264    (-,-) 
  u_issue/g28658/Y                                       -       B->Y    R     XNOR2xp5_ASAP7_75t_R          1  0.5    18    14     278    (-,-) 
  u_issue/g28644/Y                                       -       D->Y    F     NAND4xp25_ASAP7_75t_R         1  0.6    25    17     296    (-,-) 
  u_issue/g28641/Y                                       -       A->Y    R     NOR5xp2_ASAP7_75t_R           1  0.5    41    23     319    (-,-) 
  u_issue/g28640/Y                                       -       A->Y    F     NAND5xp2_ASAP7_75t_R          2  1.1    46    30     349    (-,-) 
  u_issue/g28639/Y                                       -       A->Y    F     OR5x1_ASAP7_75t_R             3  1.6    19    44     393    (-,-) 
  u_issue/g28638/Y                                       -       A->Y    F     OR2x2_ASAP7_75t_R            20 10.4    33    37     430    (-,-) 
  u_issue/g45300/Y                                       -       A->Y    R     INVx2_ASAP7_75t_R            99 56.3   169    87     517    (-,-) 
  u_issue/g28291/Y                                       -       B2->Y   R     AO22x1_ASAP7_75t_R           22 11.2    71    64     581    (-,-) 
  u_issue/g45298/Y                                       -       A->Y    F     INVx1_ASAP7_75t_R            17  9.2    58    44     624    (-,-) 
  u_issue/g44952/Y                                       -       A->Y    R     NAND2xp5_ASAP7_75t_R          4  2.1    37    32     656    (-,-) 
  u_issue/g44832/Y                                       -       A->Y    F     NOR3xp33_ASAP7_75t_R          2  0.8    28    15     671    (-,-) 
  u_issue/g44639/Y                                       -       A->Y    R     NOR2xp33_ASAP7_75t_R          3  1.7    40    27     698    (-,-) 
  u_issue/g44554/Y                                       -       A->Y    F     NAND3xp33_ASAP7_75t_R         4  2.9    55    36     734    (-,-) 
  u_issue/g44546/Y                                       -       A->Y    R     NOR3xp33_ASAP7_75t_R          3  1.9    55    38     772    (-,-) 
  u_issue/g44542/Y                                       -       A->Y    F     INVx1_ASAP7_75t_R             1  0.6    13    10     782    (-,-) 
  u_issue/g44512/Y                                       -       A->Y    R     NOR4xp25_ASAP7_75t_R         17  8.8   245   118     900    (-,-) 
  u_issue/drc_bufs45344/Y                                -       A->Y    F     INVx1_ASAP7_75t_R             1  0.7    32    15     915    (-,-) 
  u_issue/drc_bufs45343/Y                                -       A->Y    R     INVx1_ASAP7_75t_R            16  8.1    53    34     949    (-,-) 
  u_issue/g44217/Y                                       -       A1->Y   F     AOI222xp33_ASAP7_75t_R        1  0.6    62    20     969    (-,-) 
  u_issue/g44110/Y                                       -       B->Y    R     NAND2xp5_ASAP7_75t_R          1  0.5    20    18     987    (-,-) 
  u_issue/g44019/Y                                       -       C->Y    F     AOI221xp5_ASAP7_75t_R         1  0.6    36    12     999    (-,-) 
  u_issue/g43925/Y                                       -       B->Y    R     NAND2xp5_ASAP7_75t_R         18  9.2   102    58    1057    (-,-) 
  u_cbm/SUB_UNS_OP276_g589__9315/Y                       -       A->Y    F     NOR2xp33_ASAP7_75t_R          2  1.3    48    40    1097    (-,-) 
  u_cbm/SUB_UNS_OP276_g588/Y                             -       A->Y    R     INVx1_ASAP7_75t_R             2  1.0    17    14    1111    (-,-) 
  u_cbm/SUB_UNS_OP276_g586__4733/Y                       -       B->Y    F     NOR2xp33_ASAP7_75t_R          2  1.3    46    19    1130    (-,-) 
  u_cbm/SUB_UNS_OP276_g585/Y                             -       A->Y    R     INVx1_ASAP7_75t_R             2  1.0    17    14    1144    (-,-) 
  u_cbm/SUB_UNS_OP276_g583__5115/Y                       -       B->Y    F     NOR2xp33_ASAP7_75t_R          2  1.3    42    19    1162    (-,-) 
  u_cbm/SUB_UNS_OP276_g582/Y                             -       A->Y    R     INVx1_ASAP7_75t_R             2  0.8    15    12    1175    (-,-) 
  u_cbm/SUB_UNS_OP276_g580__6131/Y                       -       B->Y    F     NOR2xp33_ASAP7_75t_R          2  1.2    45    17    1192    (-,-) 
  u_cbm/SUB_UNS_OP276_g579/Y                             -       A->Y    R     INVx1_ASAP7_75t_R             2  0.8    15    12    1205    (-,-) 
  u_cbm/SUB_UNS_OP276_g577__8246/Y                       -       B->Y    F     NOR2xp33_ASAP7_75t_R          2  1.2    41    18    1222    (-,-) 
  u_cbm/SUB_UNS_OP276_g576/Y                             -       A->Y    R     INVx1_ASAP7_75t_R             2  0.8    14    12    1234    (-,-) 
  u_cbm/SUB_UNS_OP276_g574__1705/Y                       -       B->Y    F     NOR2xp33_ASAP7_75t_R          2  1.2    45    17    1252    (-,-) 
  u_cbm/SUB_UNS_OP276_g573/Y                             -       A->Y    R     INVx1_ASAP7_75t_R             2  1.0    16    14    1265    (-,-) 
  u_cbm/SUB_UNS_OP276_g571__1617/Y                       -       B->Y    F     NOR2xp33_ASAP7_75t_R          2  1.3    42    19    1284    (-,-) 
  u_cbm/SUB_UNS_OP276_g570/Y                             -       A->Y    R     INVx1_ASAP7_75t_R             2  1.0    16    13    1297    (-,-) 
  u_cbm/SUB_UNS_OP276_g568__6783/Y                       -       B->Y    F     NOR2xp33_ASAP7_75t_R          2  1.3    48    19    1316    (-,-) 
  u_cbm/SUB_UNS_OP276_g567/Y                             -       A->Y    R     INVx1_ASAP7_75t_R             2  1.0    17    14    1330    (-,-) 
  u_cbm/SUB_UNS_OP276_g565__8428/Y                       -       B->Y    F     NOR2xp33_ASAP7_75t_R          2  1.3    44    19    1349    (-,-) 
  u_cbm/SUB_UNS_OP276_g564/Y                             -       A->Y    R     INVx1_ASAP7_75t_R             2  1.0    16    14    1363    (-,-) 
  u_cbm/SUB_UNS_OP276_g562__6260/Y                       -       B->Y    F     NOR2xp33_ASAP7_75t_R          2  1.3    47    19    1382    (-,-) 
  u_cbm/SUB_UNS_OP276_g561/Y                             -       A->Y    R     INVx1_ASAP7_75t_R             2  1.0    17    14    1395    (-,-) 
  u_cbm/SUB_UNS_OP276_g559__2398/Y                       -       B->Y    F     NOR2xp33_ASAP7_75t_R          2  1.3    43    19    1414    (-,-) 
  u_cbm/SUB_UNS_OP276_g558/Y                             -       A->Y    R     INVx1_ASAP7_75t_R             2  1.0    16    13    1428    (-,-) 
  u_cbm/SUB_UNS_OP276_g556__6417/Y                       -       B->Y    F     NOR2xp33_ASAP7_75t_R          2  1.3    48    19    1446    (-,-) 
  u_cbm/SUB_UNS_OP276_g555/Y                             -       A->Y    R     INVx1_ASAP7_75t_R             2  1.0    17    14    1460    (-,-) 
  u_cbm/SUB_UNS_OP276_g553__1666/Y                       -       B->Y    F     NOR2xp33_ASAP7_75t_R          2  1.3    42    19    1479    (-,-) 
  u_cbm/SUB_UNS_OP276_g552/Y                             -       A->Y    R     INVx1_ASAP7_75t_R             2  1.0    16    13    1493    (-,-) 
  u_cbm/SUB_UNS_OP276_g550__2883/Y                       -       B->Y    F     NOR2xp33_ASAP7_75t_R          2  1.3    48    19    1511    (-,-) 
  u_cbm/SUB_UNS_OP276_g549/Y                             -       A->Y    R     INVx1_ASAP7_75t_R             2  1.0    17    14    1525    (-,-) 
  u_cbm/SUB_UNS_OP276_g547__9315/Y                       -       B->Y    F     NOR2xp33_ASAP7_75t_R          2  1.3    45    19    1544    (-,-) 
  u_cbm/SUB_UNS_OP276_g546/Y                             -       A->Y    R     INVx1_ASAP7_75t_R             2  1.0    16    14    1558    (-,-) 
  u_cbm/SUB_UNS_OP276_g544__4733/Y                       -       B->Y    F     NOR2xp33_ASAP7_75t_R          2  1.3    48    19    1577    (-,-) 
  u_cbm/SUB_UNS_OP276_g543/Y                             -       A->Y    R     INVx1_ASAP7_75t_R             2  1.0    17    14    1591    (-,-) 
  u_cbm/SUB_UNS_OP276_g541__5115/Y                       -       B->Y    F     NOR2xp33_ASAP7_75t_R          2  1.3    42    19    1610    (-,-) 
  u_cbm/SUB_UNS_OP276_g540/Y                             -       A->Y    R     INVx1_ASAP7_75t_R             2  1.0    16    13    1623    (-,-) 
  u_cbm/SUB_UNS_OP276_g538__6131/Y                       -       B->Y    F     NOR2xp33_ASAP7_75t_R          2  1.3    48    19    1642    (-,-) 
  u_cbm/SUB_UNS_OP276_g537/Y                             -       A->Y    R     INVx1_ASAP7_75t_R             2  1.0    17    14    1656    (-,-) 
  u_cbm/SUB_UNS_OP276_g535__8246/Y                       -       B->Y    F     NOR2xp33_ASAP7_75t_R          2  1.3    45    19    1675    (-,-) 
  u_cbm/SUB_UNS_OP276_g534/Y                             -       A->Y    R     INVx1_ASAP7_75t_R             2  1.0    16    14    1688    (-,-) 
  u_cbm/SUB_UNS_OP276_g532__1705/Y                       -       B->Y    F     NOR2xp33_ASAP7_75t_R          2  1.3    48    19    1707    (-,-) 
  u_cbm/SUB_UNS_OP276_g531/Y                             -       A->Y    R     INVx1_ASAP7_75t_R             2  1.0    17    14    1721    (-,-) 
  u_cbm/SUB_UNS_OP276_g529__1617/Y                       -       B->Y    F     NOR2xp33_ASAP7_75t_R          2  1.3    45    19    1740    (-,-) 
  u_cbm/SUB_UNS_OP276_g528/Y                             -       A->Y    R     INVx1_ASAP7_75t_R             2  1.0    16    14    1754    (-,-) 
  u_cbm/SUB_UNS_OP276_g526__6783/Y                       -       B->Y    F     NOR2xp33_ASAP7_75t_R          2  1.3    47    19    1772    (-,-) 
  u_cbm/SUB_UNS_OP276_g525/Y                             -       A->Y    R     INVx1_ASAP7_75t_R             2  0.8    15    13    1785    (-,-) 
  u_cbm/SUB_UNS_OP276_g523__8428/Y                       -       B->Y    F     NOR2xp33_ASAP7_75t_R          2  1.2    42    18    1803    (-,-) 
  u_cbm/SUB_UNS_OP276_g522/Y                             -       A->Y    R     INVx1_ASAP7_75t_R             2  1.0    16    13    1816    (-,-) 
  u_cbm/SUB_UNS_OP276_g520__6260/Y                       -       B->Y    F     NOR2xp33_ASAP7_75t_R          2  1.3    48    19    1835    (-,-) 
  u_cbm/SUB_UNS_OP276_g519/Y                             -       A->Y    R     INVx1_ASAP7_75t_R             2  0.8    16    13    1848    (-,-) 
  u_cbm/SUB_UNS_OP276_g517__2398/Y                       -       B->Y    F     NOR2xp33_ASAP7_75t_R          2  1.2    40    18    1866    (-,-) 
  u_cbm/SUB_UNS_OP276_g516/Y                             -       A->Y    R     INVx1_ASAP7_75t_R             2  1.0    16    13    1879    (-,-) 
  u_cbm/SUB_UNS_OP276_g514__6417/Y                       -       B->Y    F     NOR2xp33_ASAP7_75t_R          2  1.3    48    19    1897    (-,-) 
  u_cbm/SUB_UNS_OP276_g513/Y                             -       A->Y    R     INVx1_ASAP7_75t_R             2  1.0    17    14    1911    (-,-) 
  u_cbm/SUB_UNS_OP276_g511__1666/Y                       -       B->Y    F     NOR2xp33_ASAP7_75t_R          2  1.3    44    19    1930    (-,-) 
  u_cbm/SUB_UNS_OP276_g510/Y                             -       A->Y    R     INVx1_ASAP7_75t_R             2  1.0    16    14    1944    (-,-) 
  u_cbm/SUB_UNS_OP276_g508__2883/Y                       -       B->Y    F     NOR2xp33_ASAP7_75t_R          2  1.3    48    19    1963    (-,-) 
  u_cbm/SUB_UNS_OP276_g506__9945/Y                       -       B->Y    R     AOI21xp5_ASAP7_75t_R          1  0.5    25    17    1979    (-,-) 
  u_cbm/g9416__9315/Y                                    -       B2->Y   R     AO22x1_ASAP7_75t_R            5  3.6    27    29    2008    (-,-) 
  u_cbm/csa_tree_SUB_TC_OP109_groupi_g1946/Y             -       A->Y    F     INVxp67_ASAP7_75t_R           1  1.1    14    12    2020    (-,-) 
  u_cbm/csa_tree_SUB_TC_OP109_groupi_g1915__5107/Y       -       C->Y    R     MAJIxp5_ASAP7_75t_R           2  2.2    40    25    2045    (-,-) 
  u_cbm/g12611/SN                                        -       CI->SN  F     FAx1_ASAP7_75t_R              2  1.6    38    55    2099    (-,-) 
  u_cbm/csa_tree_SUB_TC_OP109_groupi_g1763__5122/Y       -       A->Y    R     MAJIxp5_ASAP7_75t_R           2  3.3    56    39    2138    (-,-) 
  u_cbm/g12608/SN                                        -       B->SN   F     FAx1_ASAP7_75t_R              2  1.0    37    49    2188    (-,-) 
  u_cbm/csa_tree_SUB_TC_OP109_groupi_g1751__6260/Y       -       A->Y    R     NAND2xp33_ASAP7_75t_R         2  1.2    35    29    2216    (-,-) 
  u_cbm/csa_tree_SUB_TC_OP109_groupi_g1749__2398/Y       -       A2->Y   R     AO21x1_ASAP7_75t_R            1  0.5     7    17    2234    (-,-) 
  u_cbm/csa_tree_SUB_TC_OP109_groupi_g1748__5477/Y       -       C->Y    F     OAI221xp5_ASAP7_75t_R         1  0.6    21    11    2245    (-,-) 
  u_cbm/csa_tree_SUB_TC_OP109_groupi_g1747__6417/Y       -       A->Y    R     MAJIxp5_ASAP7_75t_R           1  0.6    20    16    2261    (-,-) 
  u_cbm/csa_tree_SUB_TC_OP109_groupi_g1746__7410/Y       -       B->Y    R     OA21x2_ASAP7_75t_R            2  1.7    10    19    2280    (-,-) 
  u_cbm/g12432__8246/Y                                   -       B->Y    F     NOR2x1_ASAP7_75t_R           64 35.7   211    98    2378    (-,-) 
  u_cbm/g12181__7482/Y                                   -       A1->Y   R     AOI222xp33_ASAP7_75t_R        1  0.6    54    42    2420    (-,-) 
  u_cbm/column_mask_q_reg[17]/D                          -       -       R     ASYNC_DFFHx1_ASAP7_75t_R      1    -     -     0    2420    (-,-) 
#------------------------------------------------------------------------------------------------------------------------------------------------

