Cadence Genus(TM) Synthesis Solution.
Copyright 2025 Cadence Design Systems, Inc. All rights reserved worldwide.
Cadence and the Cadence logo are registered trademarks and Genus is a trademark
of Cadence Design Systems, Inc. in the United States and other countries.

[20:37:12.515961] Configured Lic search path (25.01-s002): 5280@100.75.31.67

Version: 25.12-s067_1, built Mon Nov 17 05:10:10 PST 2025
Options: -overwrite -no_gui -wait 60 -log logs/genus_job2_mul_500.log -files run_genus_one.tcl 
Date:    Sun Jun 07 20:37:12 2026
Host:    dockereda-rocky8 (x86_64 w/Linux 6.8.0-48-generic) (32cores*128cpus*2physical cpus*AMD EPYC 9354 32-Core Processor 1024KB) (1056508728KB)
PID:     937899
OS:      Rocky Linux 8.10 (Green Obsidian)

Checking out license: Genus_Synthesis
[20:37:15.030698] Periodic Lic check successful
[20:37:15.554995] Feature usage summary:
[20:37:15.554995] Genus_Synthesis  
License checkout complete (3 seconds elapsed).


***********************************************************************************************************
***********************************************************************************************************



Finished executable startup (8 seconds elapsed).

Loading tool scripts...
Finished loading tool scripts (10 seconds elapsed).

#@ Processing -files option
@genus:root: 1> source run_genus_one.tcl
#@ Begin verbose source ./run_genus_one.tcl
@file(run_genus_one.tcl) 1: source lib_setup.tcl
Sourcing './lib_setup.tcl' (Sun Jun 07 20:37:25 UTC 2026)...
#@ Begin verbose source ./lib_setup.tcl
@file(lib_setup.tcl) 2: set libdir "../../../../../Enablements/NanGate45/lib"
@file(lib_setup.tcl) 3: set lefdir "../../../../../Enablements/NanGate45/lef"
@file(lib_setup.tcl) 4: set qrcdir "../../../../../Enablements/NanGate45/qrc"
@file(lib_setup.tcl) 6: set_db init_lib_search_path [list $libdir $lefdir]
  Setting attribute of root '/': 'init_lib_search_path' = ../../../../../Enablements/NanGate45/lib ../../../../../Enablements/NanGate45/lef
@file(lib_setup.tcl) 8: set libworst [list \
    ${libdir}/NangateOpenCellLibrary_typical.lib \
]
@file(lib_setup.tcl) 12: set libbest [list \
    ${libdir}/NangateOpenCellLibrary_typical.lib \
]
@file(lib_setup.tcl) 16: set lefs [list \
    ${lefdir}/NangateOpenCellLibrary.tech.lef \
    ${lefdir}/NangateOpenCellLibrary.macro.mod.lef \
]
@file(lib_setup.tcl) 21: set qrc_max "${qrcdir}/NG45.tch"
@file(lib_setup.tcl) 22: set qrc_min "${qrcdir}/NG45.tch"
@file(lib_setup.tcl) 24: set SITE "FreePDK45_38x28_10R_NP_162NW_34O"
@file(lib_setup.tcl) 25: set TOP_ROUTING_LAYER 10
@file(lib_setup.tcl) 27: setDesignMode -process 45
##  Process: 45             (User Set)
##     Node: (not set)
##  Check design process and node:
##  Design tech node is not set.
#@ End verbose source ./lib_setup.tcl
@file(run_genus_one.tcl) 3: if {![info exists ::env(DESIGN)] || ![info exists ::env(TOP_MODULE)] || ![info exists ::env(SDC_FILE)] || ![info exists ::env(RTL_MODE)] || ![info exists ::env(BIRISCV_ROOT)]} {
    puts "ERROR: Missing one or more required env vars: DESIGN TOP_MODULE SDC_FILE RTL_MODE BIRISCV_ROOT"
    exit 2
}
@file(run_genus_one.tcl) 8: set DESIGN     $::env(DESIGN)
@file(run_genus_one.tcl) 9: set TOP_MODULE $::env(TOP_MODULE)
@file(run_genus_one.tcl) 10: set sdc        $::env(SDC_FILE)
@file(run_genus_one.tcl) 11: set RTL_MODE   $::env(RTL_MODE)
@file(run_genus_one.tcl) 12: set BIRISCV_ROOT $::env(BIRISCV_ROOT)
@file(run_genus_one.tcl) 14: set OUTPUTS_PATH  "outputs/genus/${DESIGN}/syn_output"
@file(run_genus_one.tcl) 15: set REPORTS_PATH  "outputs/genus/${DESIGN}/syn_rpt"
@file(run_genus_one.tcl) 16: set HANDOFF_PATH  "outputs/genus/${DESIGN}/syn_handoff"
@file(run_genus_one.tcl) 18: foreach d [list $OUTPUTS_PATH $REPORTS_PATH $HANDOFF_PATH] {
    if {![file exists $d]} { file mkdir $d }
}
@file(run_genus_one.tcl) 22: puts "================================================================="
=================================================================
@file(run_genus_one.tcl) 23: puts "[clock format [clock seconds] -format {%Y-%m-%d %H:%M:%S}] Genus run"
2026-06-07 20:37:25 Genus run
@file(run_genus_one.tcl) 24: puts "  DESIGN    : $DESIGN"
  DESIGN    : job2_mul_500
@file(run_genus_one.tcl) 25: puts "  TOP_MODULE: $TOP_MODULE"
  TOP_MODULE: biriscv_multiplier
@file(run_genus_one.tcl) 26: puts "  RTL_MODE  : $RTL_MODE"
  RTL_MODE  : mul
@file(run_genus_one.tcl) 27: puts "  SDC       : $sdc"
  SDC       : /home/ykaraagac/cadence-bitirme/Flows/NanGate45/biriscv_mul_mule_power/constraints/mul_500MHz.sdc
@file(run_genus_one.tcl) 28: puts "================================================================="
=================================================================
@file(run_genus_one.tcl) 30: set_db max_cpus_per_server 16
  Setting attribute of root '/': 'max_cpus_per_server' = 16
@file(run_genus_one.tcl) 31: set_db super_thread_servers "localhost"
  Setting attribute of root '/': 'super_thread_servers' = localhost
@file(run_genus_one.tcl) 32: set_db hdl_flatten_complex_port true
  Setting attribute of root '/': 'hdl_flatten_complex_port' = true
@file(run_genus_one.tcl) 33: set_db hdl_record_naming_style %s_%s
  Setting attribute of root '/': 'hdl_record_naming_style' = %s_%s
@file(run_genus_one.tcl) 34: set_db auto_ungroup none
  Setting attribute of root '/': 'auto_ungroup' = none
@file(run_genus_one.tcl) 35: set_db syn_generic_effort high
  Setting attribute of root '/': 'syn_generic_effort' = high
@file(run_genus_one.tcl) 36: set_db syn_map_effort high
  Setting attribute of root '/': 'syn_map_effort' = high
@file(run_genus_one.tcl) 37: set_db syn_opt_effort high
  Setting attribute of root '/': 'syn_opt_effort' = high
@file(run_genus_one.tcl) 39: if {$RTL_MODE == "core"} {
    set_db delete_unloaded_insts false
    set_db merge_combinational_hier_instances false
}
@file(run_genus_one.tcl) 44: set list_lib $libworst
@file(run_genus_one.tcl) 45: set link_library $list_lib
@file(run_genus_one.tcl) 46: set target_library $list_lib
@file(run_genus_one.tcl) 47: set_db library $list_lib

  Message Summary for Library NangateOpenCellLibrary_typical.lib:
  ***************************************************************
  An unsupported construct was detected in this library. [LBR-40]: 3
  ***************************************************************
 
Info    : Created nominal operating condition. [LBR-412]
        : Operating condition '_nominal_' was created for the PVT values (1.000000, 1.100000, 25.000000) in library 'NangateOpenCellLibrary_typical.lib'.
        : The nominal operating condition is represented, either by the nominal PVT values specified in the library source (via nom_process,nom_voltage and nom_temperature respectively), or by the default PVT values (1.0,1.0,1.0).
Warning : Library cell has no output pins defined. [LBR-9]
        : Library cell 'ANTENNA_X1' must have an output pin.
        : Add the missing output pin(s), then reload the library. Else the library cell will be marked as timing model i.e. unusable. Timing_model means that the cell does not have any defined function. If there is no output pin, Genus will mark library cell as unusable i.e. the attribute 'usable' will be marked to 'false' on the libcell. Therefore, the cell is not used for mapping and it will not be picked up from the library for synthesis. If you query the attribute 'unusable_reason' on the libcell; result will be: 'Library cell has no output pins.'Note: The message LBR-9 is only for the logical pins and not for the power_ground pins. Genus will depend upon the output function defined in the pin group (output pin) of the cell, to use it for mapping. The pg_pin will not have any function defined.
Warning : Library cell has no output pins defined. [LBR-9]
        : Library cell 'ANTENNA_X1' must have an output pin.
Warning : Library cell has no output pins defined. [LBR-9]
        : Library cell 'FILLCELL_X1' must have an output pin.
Warning : Library cell has no output pins defined. [LBR-9]
        : Library cell 'FILLCELL_X1' must have an output pin.
Warning : Library cell has no output pins defined. [LBR-9]
        : Library cell 'TAPCELL_X1' must have an output pin.
Warning : Library cell has no output pins defined. [LBR-9]
        : Library cell 'TAPCELL_X1' must have an output pin.
Warning : Library cell has no output pins defined. [LBR-9]
        : Library cell 'FILLCELL_X2' must have an output pin.
Warning : Library cell has no output pins defined. [LBR-9]
        : Library cell 'FILLCELL_X2' must have an output pin.
Warning : Library cell has no output pins defined. [LBR-9]
        : Library cell 'FILLCELL_X4' must have an output pin.
Warning : Library cell has no output pins defined. [LBR-9]
        : Library cell 'FILLCELL_X4' must have an output pin.
Warning : Library cell has no output pins defined. [LBR-9]
        : Library cell 'FILLCELL_X8' must have an output pin.
Warning : Library cell has no output pins defined. [LBR-9]
        : Library cell 'FILLCELL_X8' must have an output pin.
Warning : Library cell has no output pins defined. [LBR-9]
        : Library cell 'FILLCELL_X16' must have an output pin.
Warning : Library cell has no output pins defined. [LBR-9]
        : Library cell 'FILLCELL_X16' must have an output pin.
Warning : Library cell has no output pins defined. [LBR-9]
        : Library cell 'FILLCELL_X32' must have an output pin.
Warning : Library cell has no output pins defined. [LBR-9]
        : Library cell 'FILLCELL_X32' must have an output pin.
  Setting attribute of root '/': 'library' = ../../../../../Enablements/NanGate45/lib/NangateOpenCellLibrary_typical.lib
@file(run_genus_one.tcl) 49: set_db hdl_language sv
  Setting attribute of root '/': 'hdl_language' = sv
@file(run_genus_one.tcl) 51: set core_dir "${BIRISCV_ROOT}/src/core"
@file(run_genus_one.tcl) 53: if {$RTL_MODE == "core"} {
    set rtl_all [glob -nocomplain ${core_dir}/*.v]
} elseif {$RTL_MODE == "mul"} {
    set rtl_all [list \
        ${core_dir}/biriscv_defs.v \
        ${core_dir}/biriscv_multiplier.v \
    ]
} elseif {$RTL_MODE == "mule"} {
    set rtl_all [list \
        ${core_dir}/biriscv_defs.v \
        ${core_dir}/biriscv_multiplier_efficient.v \
    ]
} elseif {$RTL_MODE == "mula"} {
    set rtl_all [list \
        ${core_dir}/biriscv_defs.v \
        ${core_dir}/biriscv_multiplier_array.v \
    ]
} elseif {$RTL_MODE == "mulx"} {
    set rtl_all [list \
        ${core_dir}/biriscv_defs.v \
        ${core_dir}/biriscv_multiplier_wallace.v \
    ]
} elseif {$RTL_MODE == "mulb"} {
    set rtl_all [list \
        ${core_dir}/biriscv_defs.v \
        ${core_dir}/biriscv_multiplier_wallace.v \
        ${core_dir}/biriscv_multiplier_baugh_wooley.v \
    ]
} elseif {$RTL_MODE == "mulr"} {
    set rtl_all [list \
        ${core_dir}/biriscv_defs.v \
        ${core_dir}/biriscv_multiplier_wallace.v \
        ${core_dir}/biriscv_multiplier_redundant.v \
    ]
} elseif {$RTL_MODE == "mulp"} {
    set rtl_all [list \
        ${core_dir}/biriscv_defs.v \
        ${core_dir}/biriscv_multiplier_braun.v \
    ]
} elseif {$RTL_MODE == "cbm"} {
    set rtl_all [list \
        ${core_dir}/biriscv_defs.v \
        ${core_dir}/column_bypass_multiplier.v \
        ${core_dir}/biriscv_multiplier_cbm.v \
    ]
} else {
    puts "ERROR: Unsupported RTL_MODE=$RTL_MODE"
    exit 3
}
@file(run_genus_one.tcl) 103: if {[llength $rtl_all] == 0} {
    puts "ERROR: No RTL files found for mode=$RTL_MODE"
    exit 4
}
@file(run_genus_one.tcl) 108: set read_args [list]
@file(run_genus_one.tcl) 109: foreach rtl_file $rtl_all {
    lappend read_args $rtl_file
}
@file(run_genus_one.tcl) 112: puts "INFO: Reading [llength $rtl_all] RTL file(s)"
INFO: Reading 2 RTL file(s)
@file(run_genus_one.tcl) 113: eval read_hdl -sv $read_args
@file(run_genus_one.tcl) 115: puts "INFO: Elaborating $TOP_MODULE"
INFO: Elaborating biriscv_multiplier
@file(run_genus_one.tcl) 116: elaborate $TOP_MODULE
Warning : Non-monotonic wireload model found. [LBR-81]
        : 'Length' table in wireload model '5K_hvratio_1_1' is non-monotonic.
        : Non-monotonic wireload models can cause problems during synthesis and/or mapping.  Raising some of the points in the curve to give it a monotonic shape.
Warning : Non-monotonic wireload model found. [LBR-81]
        : 'Length' table in wireload model '5K_hvratio_1_2' is non-monotonic.
Warning : Non-monotonic wireload model found. [LBR-81]
        : 'Length' table in wireload model '5K_hvratio_1_4' is non-monotonic.
Warning : Non-monotonic wireload model found. [LBR-81]
        : 'Length' table in wireload model '3K_hvratio_1_1' is non-monotonic.
Warning : Non-monotonic wireload model found. [LBR-81]
        : 'Length' table in wireload model '3K_hvratio_1_2' is non-monotonic.
Warning : Non-monotonic wireload model found. [LBR-81]
        : 'Length' table in wireload model '3K_hvratio_1_2' is non-monotonic.
Warning : Non-monotonic wireload model found. [LBR-81]
        : 'Length' table in wireload model '3K_hvratio_1_2' is non-monotonic.
Warning : Non-monotonic wireload model found. [LBR-81]
        : 'Length' table in wireload model '3K_hvratio_1_4' is non-monotonic.
Warning : Non-monotonic wireload model found. [LBR-81]
        : 'Length' table in wireload model '1K_hvratio_1_1' is non-monotonic.
Warning : Non-monotonic wireload model found. [LBR-81]
        : 'Length' table in wireload model '1K_hvratio_1_2' is non-monotonic.
Warning : Non-monotonic wireload model found. [LBR-81]
        : 'Length' table in wireload model '1K_hvratio_1_4' is non-monotonic.
Info    : Elaborating Design. [ELAB-1]
        : Elaborating top-level block 'biriscv_multiplier' from file '/home/ykaraagac/biriscv/src/core/biriscv_multiplier.v'.
Warning : Removing unused register. [CDFG-508]
        : Removing unused flip-flop register 'result_e3_q' in module 'biriscv_multiplier' in file '/home/ykaraagac/biriscv/src/core/biriscv_multiplier.v' on line 140.
        : Genus removes the flip-flop or latch inferred for an unused signal or variable. To preserve the flip-flop or latch, set the hdl_preserve_unused_registers attribute to true or use a pragma in the RTL.
Info    : Done Elaborating Design. [ELAB-3]
        : Done elaborating 'biriscv_multiplier'.
Checking for source RTL...
Check completed for source RTL.
Running Unified Mux Engine Tricks...
Completed Unified Mux Engine Tricks

Stage: post_elab
-------------------------------------------------------
| Trick             | Accepts | Rejects | Runtime (s) | 
-------------------------------------------------------
| ume_constant_bmux |       0 |       0 |        0.00 | 
| ume_merge         |       0 |       0 |        0.00 | 
| ume_ssm           |       0 |       0 |        0.00 | 
| ume_cse           |       1 |       0 |        0.01 | 
| ume_shrink        |       0 |       0 |        0.00 | 
| ume_sweep         |       0 |       0 |        0.00 | 
| ume_constant_bmux |       0 |       0 |        0.00 | 
| ume_merge         |       0 |       0 |        0.00 | 
| ume_ssm           |       0 |       0 |        0.00 | 
| ume_cse           |       0 |       0 |        0.01 | 
| ume_shrink        |       0 |       0 |        0.00 | 
| ume_sweep         |       0 |       0 |        0.00 | 
-------------------------------------------------------
Starting optimize datapath shifters [v1.0] (stage: post_elab, startdef: biriscv_multiplier, recur: true)
Completed optimize datapath shifters (accepts: 0, rejects: 0, runtime: 0.000s)
Starting clip mux common data inputs [v1.0] (stage: post_elab, startdef: biriscv_multiplier, recur: true)
Completed clip mux common data inputs (accepts: 0, rejects: 0, runtime: 0.000s)
Starting clip the non-user hierarchies [v2.0] (stage: post_elab, startdef: biriscv_multiplier, recur: true)
Completed clip the non-user hierarchies (accepts: 0, rejects: 0, runtime: 0.000s)
Starting basic netlist cleanup [v1.0] (stage: post_elab, startdef: biriscv_multiplier, recur: true)
Completed basic netlist cleanup (accepts: 0, rejects: 0, runtime: 0.000s)

Stage: post_elab
--------------------------------------------------------------------
| Transform                      | Accepts | Rejects | Runtime (s) | 
--------------------------------------------------------------------
| hlo_optimize_datapath_shifters |       0 |       0 |        0.00 | 
| hlo_clip_mux_input             |       0 |       0 |        0.00 | 
| hlo_clip                       |       0 |       0 |        0.00 | 
| hlo_cleanup                    |       0 |       0 |        0.00 | 
--------------------------------------------------------------------
UM:   flow.cputime  flow.realtime  timing.setup.tns  timing.setup.wns  snapshot
UM:*                                                                   elaborate
@file(run_genus_one.tcl) 117: puts "INFO: Reading constraints"
INFO: Reading constraints
@file(run_genus_one.tcl) 118: read_sdc $sdc
Warning : Unsupported SDC command. [SDC-200] [set_max_area]
        : The 'set_max_area' command on line '6' of the SDC file '/home/ykaraagac/cadence-bitirme/Flows/NanGate45/biriscv_mul_mule_power/constraints/mul_500MHz.sdc' is not supported.
        : The current version of Genus does not support this SDC command and ignores it. However, future versions may be enhanced to support this command. This SDC command will be added to the Tcl variable $::dc::sdc_unsupported_commands_write_sdc. The contents of this variable will be written out during write_sdc.
Statistics for commands executed by read_sdc:
 "all_inputs"               - successful      1 , failed      0 (runtime  0.00)
 "all_outputs"              - successful      1 , failed      0 (runtime  0.00)
 "create_clock"             - successful      1 , failed      0 (runtime  0.00)
 "get_clocks"               - successful      1 , failed      0 (runtime  0.00)
 "get_ports"                - successful      3 , failed      0 (runtime  0.00)
 "remove_from_collection"   - successful      1 , failed      0 (runtime  0.00)
 "set_clock_uncertainty"    - successful      1 , failed      0 (runtime  0.00)
 "set_false_path"           - successful      1 , failed      0 (runtime  0.00)
 "set_input_delay"          - successful      1 , failed      0 (runtime  0.00)
 "set_max_area"             - successful      1 , failed      0 (runtime  0.00)
 "set_output_delay"         - successful      1 , failed      0 (runtime  0.00)
read_sdc completed in 00:00:00 (hh:mm:ss)
@file(run_genus_one.tcl) 119: puts "INFO: Initializing design"
INFO: Initializing design
@file(run_genus_one.tcl) 120: init_design
Started checking and loading power intent for design biriscv_multiplier...
==========================================================================
No power intent for design 'biriscv_multiplier'.
Completed checking and loading power intent for design biriscv_multiplier (runtime:0.00s memory_usage:0.00M peak_memory:0.00M).
===============================================================================================================================
#
# Reading SDC /home/ykaraagac/cadence-bitirme/Flows/NanGate45/biriscv_mul_mule_power/constraints/mul_500MHz.sdc for view: (constraint_mode:default_emulate_constraint_mode)
#
Warning : Replacing existing clock definition. [TIM-101]
        : The clock name is 'clk'
        : A new clock has been defined with the same name as an existing clock.
Info    : Replacing an existing timing exception with another. [TIM-304]
        : Existing timing exception is 'path_groups/clk'.
        : Existing exception had a name conflict with the newly created exception. The exception created at a later time is maintained.
Warning : Unsupported SDC command. [SDC-200] [set_max_area]
        : The 'set_max_area' command on line '6' of the SDC file '/home/ykaraagac/cadence-bitirme/Flows/NanGate45/biriscv_mul_mule_power/constraints/mul_500MHz.sdc' is not supported.
Statistics for commands executed by read_sdc:
 "all_inputs"               - successful      1 , failed      0 (runtime  0.00)
 "all_outputs"              - successful      1 , failed      0 (runtime  0.00)
 "create_clock"             - successful      1 , failed      0 (runtime  0.00)
 "get_clocks"               - successful      1 , failed      0 (runtime  0.00)
 "get_ports"                - successful      3 , failed      0 (runtime  0.00)
 "remove_from_collection"   - successful      1 , failed      0 (runtime  0.00)
 "set_clock_uncertainty"    - successful      1 , failed      0 (runtime  0.00)
 "set_false_path"           - successful      1 , failed      0 (runtime  0.00)
 "set_input_delay"          - successful      1 , failed      0 (runtime  0.00)
 "set_max_area"             - successful      1 , failed      0 (runtime  0.00)
 "set_output_delay"         - successful      1 , failed      0 (runtime  0.00)
read_sdc completed in 00:00:00 (hh:mm:ss)
  Setting attribute of root '/': 'read_qrc_tech_file_rc_corner' = true
@file(run_genus_one.tcl) 122: check_design -unresolved


 	 Check Design Report (c)
	 ------------------- 

  Unresolved References & Empty Modules
  ------------------------------------- 
No unresolved references in design 'biriscv_multiplier'

No empty modules in design 'biriscv_multiplier'

  Done Checking the design.
@file(run_genus_one.tcl) 123: check_timing_intent
============================================================
  Generated by:           Genus(TM) Synthesis Solution 25.12-s067_1
  Generated on:           Jun 07 2026  08:37:26 pm
  Module:                 biriscv_multiplier
  Technology library:     NangateOpenCellLibrary revision 1.0
  Operating conditions:   typical (balanced_tree)
  Wireload mode:          enclosed
  Area mode:              timing library
============================================================

-------------------------------------------------------------------------------
Timing exceptions with no effect

The following timing exceptions are not currently affecting timing in the       
design.  Either no paths in the design satisfy the exception's path             
specification, or all paths that satisfy the path specification also satisfy an 
exception with a higher priority.  You can improve runtime and memory usage by  
removing these exceptions if they are not truly needed.  To see if there is a   
path in the design that satisfies the path specification for an exception, or   
to see what other exception is overriding an exception because of priority, use 
the command:                                                                    
  report timing -paths [eval [::legacy::get_attribute paths <exception>]]

exception:biriscv_multiplier/zipped_path_disable_0
-------------------------------------------------------------------------------

-------------------------------------------------------------------------------
Inputs without clocked external delays

The following primary inputs have no clocked external delays.  As a result the  
timing paths leading from the ports have no timing constraints derived from     
clock waveforms.  The'external_delay' command is used to create new external    
delays.                                                                         

port:biriscv_multiplier/rst_i
-------------------------------------------------------------------------------

-------------------------------------------------------------------------------
Inputs without external driver/transition

The following primary inputs have no external driver or input transition set .  
As a result the transition on the ports will be assumed as zero. The            
'external_driver' attribute is used to add and external driver or the           
'fixed_slew' attribute to add an external transition.                           

port:biriscv_multiplier/hold_i
port:biriscv_multiplier/opcode_invalid_i
port:biriscv_multiplier/opcode_opcode_i[0]
  ... 144 other warnings in this category.
 Use the -verbose option for more details.
-------------------------------------------------------------------------------

-------------------------------------------------------------------------------
Outputs without external load

The following primary outputs have no external load set . As a result the load  
on the ports will be assumed as zero. The 'external_pin_cap' attribute is used  
to add and external pin cap.                                                    

port:biriscv_multiplier/writeback_value_o[0]
port:biriscv_multiplier/writeback_value_o[10]
port:biriscv_multiplier/writeback_value_o[11]
  ... 29 other warnings in this category.
 Use the -verbose option for more details.
-------------------------------------------------------------------------------


Lint summary
 Unconnected/logic driven clocks                                                           0
 Sequential data pins driven by a clock signal                                             0
 Sequential clock pins without clock waveform                                              0
 Sequential clock pins with multiple clock waveforms                                       0
 Generated clocks without clock waveform                                                   0
 Generated clocks with incompatible options                                                0
 Generated clocks with multi-master clock                                                  0
 Generated clocks with master clock not reaching the generated clock target                0
 Paths constrained with different clocks                                                   0
 Loop-breaking cells for combinational feedback                                            0
 Nets with multiple drivers                                                                0
 Timing exceptions with no effect                                                          1
 Suspicious multi_cycle exceptions                                                         0
 Pins/ports with conflicting case constants                                                0
 Inputs without clocked external delays                                                    1
 Outputs without clocked external delays                                                   0
 Inputs without external driver/transition                                               147
 Outputs without external load                                                            32
 Exceptions with invalid timing start-/endpoints                                           0

                                                                           Total:        181

@file(run_genus_one.tcl) 124: report_ple > ${REPORTS_PATH}/ple.rpt
@file(run_genus_one.tcl) 126: puts "INFO: Starting syn_generic"
INFO: Starting syn_generic
@file(run_genus_one.tcl) 127: syn_generic
stamp 'PBS_Generic-Start' being created for table 'pbs_debug'

  Total Time (Wall) |  Stage Time (Wall)  |   % (Wall)   |    Date - Time     |  Memory   | Stage
--------------------+---------------------+--------------+--------------------+-----------+----------------------
 00:00:12(00:00:10) |  00:00:00(00:00:00) |   0.0(  0.0) |   20:37:26 (Jun07) |  598.1 MB | PBS_Generic-Start
--------------------+---------------------+--------------+--------------------+-----------+----------------------
Number of threads: 16 * 1   (id: pbs_debug, time_info v1.57)
Info: (*N*) indicates data that was populated from previously saved time_info database
Info: CPU time includes time of parent + longest thread

Stage: pre_early_cg
-----------------------------------------------
| Transform | Accepts | Rejects | Runtime (s) | 
-----------------------------------------------
-----------------------------------------------
Mapping ChipWare ICG instances in biriscv_multiplier
Found 0 unmapped ChipWare ICG instances
Mapped 0 of 0 ChipWare ICG instances
##Generic Timing Info: typical gate delay   92.6 ps   std_slew:    4.0 ps   std_load:  3.4 fF  for library domain _default_
Starting mux data reorder optimization [v1.0] (stage: pre_to_gen_setup, startdef: biriscv_multiplier, recur: true)
Completed mux data reorder optimization (accepts: 0, rejects: 0, runtime: 0.000s)

Stage: pre_to_gen_setup
-----------------------------------------------------
| Transform       | Accepts | Rejects | Runtime (s) | 
-----------------------------------------------------
| hlo_mux_reorder |       0 |       0 |        0.00 | 
-----------------------------------------------------
Running DP early constant propagation (netlist biriscv_multiplier)...
Running DP early redundancy removal
Completed DP early redundancy removal on biriscv_multiplier (runtime = 0.0s)
Multi-threaded constant propagation [4|0] ...
...done running DP early constant propagation (0 seconds CPU time, 0 seconds wall time, netlist biriscv_multiplier).
Info    : Synthesizing. [SYNTH-1]
        : Synthesizing 'biriscv_multiplier' to generic gates using 'high' effort.
Running Synthesis Turbo Flow Version 4.
Info    : Partition Based Synthesis execution skipped. [PHYS-752]
        : Design size is less than the partition size '100000' for distributed generic optimization to kick in.
Starting mux data reorder optimization [v1.0] (stage: pre_to_gen_setup, startdef: biriscv_multiplier, recur: true)
Completed mux data reorder optimization (accepts: 0, rejects: 0, runtime: 0.001s)

Stage: pre_to_gen_setup
-----------------------------------------------------
| Transform       | Accepts | Rejects | Runtime (s) | 
-----------------------------------------------------
| hlo_mux_reorder |       0 |       0 |        0.00 | 
-----------------------------------------------------
Starting mux data reorder optimization [v1.0] (stage: post_to_gen_setup, startdef: biriscv_multiplier, recur: true)
Completed mux data reorder optimization (accepts: 0, rejects: 0, runtime: 0.000s)

Stage: post_to_gen_setup
-----------------------------------------------------
| Transform       | Accepts | Rejects | Runtime (s) | 
-----------------------------------------------------
| hlo_mux_reorder |       0 |       0 |        0.00 | 
-----------------------------------------------------
Running Unified Mux Engine Tricks...
Completed Unified Mux Engine Tricks

Stage: pre_hlo_rtlopt
-----------------------------------------------
| Trick     | Accepts | Rejects | Runtime (s) | 
-----------------------------------------------
| ume_ssm   |       0 |       0 |        0.00 | 
| ume_sweep |       0 |       0 |        0.00 | 
| ume_share |       0 |       0 |        0.00 | 
-----------------------------------------------
Begin SDR optimization CTX_region 
No special hier is found 
End SDR optimization CTX_region 
Begin SDR optimization UME_region 
No special hier is found 
End SDR optimization UME_region 
Begin SDR optimization IMPL_BASED_region 
No special hier is found 
End SDR optimization IMPL_BASED_region 
Starting timing based select reordering [v1.0] (stage: pre_rtlopt, startdef: biriscv_multiplier, recur: true)
Completed timing based select reordering (accepts: 0, rejects: 0, runtime: 0.123s)
Starting recase case-box optimization [v1.0] (stage: pre_rtlopt, startdef: biriscv_multiplier, recur: true)
Completed recase case-box optimization (accepts: 0, rejects: 0, runtime: 0.009s)
Starting infer macro optimization [v1.0] (stage: pre_rtlopt, startdef: biriscv_multiplier, recur: true)
Completed infer macro optimization (accepts: 0, rejects: 0, runtime: 0.004s)
Starting decode mux sandwich optimization [v2.0] (stage: pre_rtlopt, startdef: biriscv_multiplier, recur: true)
Completed decode mux sandwich optimization (accepts: 0, rejects: 0, runtime: 0.000s)
Starting decode mux optimization [v1.0] (stage: pre_rtlopt, startdef: biriscv_multiplier, recur: true)
Completed decode mux optimization (accepts: 0, rejects: 0, runtime: 0.000s)
Starting chop wide muxes [v1.0] (stage: pre_rtlopt, startdef: biriscv_multiplier, recur: true)
Completed chop wide muxes (accepts: 0, rejects: 0, runtime: 0.000s)
Starting common data mux cascade opt [v1.0] (stage: pre_rtlopt, startdef: biriscv_multiplier, recur: true)
Completed common data mux cascade opt (accepts: 0, rejects: 0, runtime: 0.000s)
Starting mux input consolidation [v1.0] (stage: pre_rtlopt, startdef: biriscv_multiplier, recur: true)
Completed mux input consolidation (accepts: 0, rejects: 0, runtime: 0.000s)
Starting constant-data mux optimization [v1.0] (stage: pre_rtlopt, startdef: biriscv_multiplier, recur: true)
Completed constant-data mux optimization (accepts: 0, rejects: 0, runtime: 0.000s)
Starting chain-to-tree inequality transform [v2.0] (stage: pre_rtlopt, startdef: biriscv_multiplier, recur: true)
Completed chain-to-tree inequality transform (accepts: 0, rejects: 0, runtime: 0.004s)
Starting reconvergence optimization [v1.0] (stage: pre_rtlopt, startdef: biriscv_multiplier, recur: true)
Completed reconvergence optimization (accepts: 0, rejects: 0, runtime: 0.000s)
Starting logic restructure optimization [v1.0] (stage: pre_rtlopt, startdef: biriscv_multiplier, recur: true)
Completed logic restructure optimization (accepts: 0, rejects: 0, runtime: 0.000s)
Starting identity transform [v3.0] (stage: pre_rtlopt, startdef: biriscv_multiplier, recur: true)
Completed identity transform (accepts: 0, rejects: 0, runtime: 0.001s)
Starting reduce operator chain [v1.0] (stage: pre_rtlopt, startdef: biriscv_multiplier, recur: true)
Completed reduce operator chain (accepts: 0, rejects: 0, runtime: 0.000s)
Starting common data mux cascade opt [v1.0] (stage: pre_rtlopt, startdef: biriscv_multiplier, recur: true)
Completed common data mux cascade opt (accepts: 0, rejects: 0, runtime: 0.000s)
Starting mux input consolidation [v1.0] (stage: pre_rtlopt, startdef: biriscv_multiplier, recur: true)
Completed mux input consolidation (accepts: 0, rejects: 0, runtime: 0.000s)
Starting optimize datapath elements [v1.0] (stage: pre_rtlopt, startdef: biriscv_multiplier, recur: true)
Completed optimize datapath elements (accepts: 4, rejects: 0, runtime: 0.003s)
Starting datapath recasting [v1.0] (stage: pre_rtlopt, startdef: biriscv_multiplier, recur: true)
Completed datapath recasting (accepts: 0, rejects: 0, runtime: 0.000s)
Starting word-level redundancy removal [v1.0] (stage: pre_rtlopt, startdef: biriscv_multiplier, recur: true)
Word-level redundancy removal for def biriscv_multiplier (round= 0, cands= 21, i/o= 22/19)
Word-level redundancy removal for def biriscv_multiplier (round= 1, cands= 16, i/o= 17/14)
Word-level redundancy removal for def biriscv_multiplier (round= 2, cands= 6, i/o= 7/4)
Word-level redundancy removal for def biriscv_multiplier (round= 3, cands= 6, i/o= 7/4)
Completed word-level redundancy removal (accepts: 15, rejects: 0, runtime: 0.129s)
Starting clip mux common data inputs [v1.0] (stage: pre_rtlopt, startdef: biriscv_multiplier, recur: true)
Completed clip mux common data inputs (accepts: 0, rejects: 0, runtime: 0.000s)
Starting clip the non-user hierarchies [v2.0] (stage: pre_rtlopt, startdef: biriscv_multiplier, recur: true)
Completed clip the non-user hierarchies (accepts: 0, rejects: 0, runtime: 0.000s)
Starting basic netlist cleanup [v1.0] (stage: pre_rtlopt, startdef: biriscv_multiplier, recur: true)
Completed basic netlist cleanup (accepts: 0, rejects: 0, runtime: 0.000s)

Stage: pre_rtlopt
-----------------------------------------------------------------
| Transform                   | Accepts | Rejects | Runtime (s) | 
-----------------------------------------------------------------
| hlo_timing_reorder          |       0 |       0 |        0.12 | 
| hlo_recase_casebox          |       0 |       0 |        0.01 | 
| hlo_infer_macro             |       0 |       0 |        0.00 | 
| hlo_decode_mux_sandwich     |       0 |       0 |        0.00 | 
| hlo_mux_decode              |       0 |       0 |        0.00 | 
| hlo_chop_mux                |       0 |       0 |        0.00 | 
| hlo_mux_cascade_opt         |       0 |       0 |        0.00 | 
| hlo_mux_consolidation       |       0 |       0 |        0.00 | 
| hlo_constant_mux_opt        |       0 |       0 |        0.00 | 
| hlo_inequality_transform    |       0 |       0 |        0.00 | 
| hlo_reconv_opt              |       0 |       0 |        0.00 | 
| hlo_restructure             |       0 |       0 |        0.00 | 
| hlo_identity_transform      |       0 |       0 |        0.00 | 
| hlo_reduce_operator_chain   |       0 |       0 |        0.00 | 
| hlo_mux_cascade_opt         |       0 |       0 |        0.00 | 
| hlo_mux_consolidation       |       0 |       0 |        0.00 | 
| hlo_optimize_datapath       |       4 |       0 |        0.00 | 
| hlo_datapath_recast         |       0 |       0 |        0.00 | 
| hlo_redundancy_removal_word |      15 |       0 |        0.13 | 
| hlo_clip_mux_input          |       0 |       0 |        0.00 | 
| hlo_clip                    |       0 |       0 |        0.00 | 
| hlo_cleanup                 |       0 |       0 |        0.00 | 
-----------------------------------------------------------------
Running Unified Mux Engine Tricks...
Completed Unified Mux Engine Tricks

Stage: post_hlo_rtlopt
----------------------------------------------------------
| Trick                | Accepts | Rejects | Runtime (s) | 
----------------------------------------------------------
| ume_sweep_aggressive |       0 |       0 |        0.00 | 
| ume_runtime          |       0 |       0 |        0.00 | 
----------------------------------------------------------
Number of big hc bmuxes before = 0

==========================
 Sanity Check for PRE-DATAPATH 
==========================
                Boundary check : PASS (TOTAL:    8, PASS:    8, BREAK:    0, SKIPPED:    0)
     Hw code and builder check : PASS (TOTAL:    0, PASS:    0, BREAK:    0, SKIPPED:    0)
 PhaseTable connectivity check : PASS (TOTAL:    6, PASS:    6, BREAK:    0, SKIPPED:    0)
          Rebuildability check : PASS (TOTAL:    5, PASS:    5, BREAK:    0, SKIPPED:    0)
==========================

Info    : Pre-processed datapath logic. [DPOPT-6]
        : Pre-processing optimizations applied to datapath logic in 'biriscv_multiplier':
          output_trim(1) 

==========================
 Sanity Check for POST-PREPARE-NETLIST 
==========================
 PhaseTable connectivity check : PASS
==========================

Info    : Optimizing datapath logic. [DPOPT-1]
        : Optimizing datapath logic in 'biriscv_multiplier'.

==========================
 Sanity Check for POST-TIM-MODEL 
==========================
        Model conversion check : PASS (TOTAL:    8, PASS:    8, BREAK:    0, SKIPPED:    0)
==========================

Info    : Implementing datapath configurations. [DPOPT-3]
        : Implementing datapath configurations for 'CDN_DP_region_0_1'
  CSAGen Prep Share:0 Re-Write:0 Speculation: 0

CDN_DP_region_0_1 level = 0 loads = 0 drivers = 0
CDN_DP_region_0_1_c0 in biriscv_multiplier: area: 10281945000 , DP = 1  Mux = 1  other = 1  sg = slow     
    wns: 12058  norm_wns:  -1.0000 
    tns:  350302
 skipped
CDN_DP_region_0_1_c1 in biriscv_multiplier: area: 10281945000 , DP = 1  Mux = 1  other = 1  sg = fast     
    wns: 12058  norm_wns:  -1.0000 
    tns:  350302
 is current best
CDN_DP_region_0_1_c2 in biriscv_multiplier: area: 10281945000 , DP = 1  Mux = 1  other = 1  sg = very_slow
    wns: 12058  norm_wns:  -1.0000 
    tns:  350302
 is current best
CDN_DP_region_0_1_c3 in biriscv_multiplier: area: 10281945000 , DP = 1  Mux = 1  other = 1  sg = very_fast
    wns: 12058  norm_wns:  -1.0000 
    tns:  350302
 is current best
CDN_DP_region_0_1_c4 in biriscv_multiplier: area: 10281945000 , DP = 1  Mux = 1  other = 1  sg = very_fast
    wns: 12058  norm_wns:  -1.0000 
    tns:  350302
 is current best
CDN_DP_region_0_1_c5 in biriscv_multiplier: area: 10281945000 , DP = 1  Mux = 1  other = 1  sg = very_fast
    wns: 12058  norm_wns:  -1.0000 
    tns:  350302
 is current best
CDN_DP_region_0_1_c6 in biriscv_multiplier: area: 10281945000 , DP = 1  Mux = 1  other = 1  sg = very_fast
    wns: 12058  norm_wns:  -1.0000 
    tns:  350302
 is current best
CDN_DP_region_0_1_c7 in biriscv_multiplier: area: 10281945000 , DP = 1  Mux = 1  other = 1  sg = very_fast
    wns: 12058  norm_wns:  -1.0000 
    tns:  350302
 is current best
Best config: CDN_DP_region_0_1_c7 in biriscv_multiplier: area: 10281945000 , DP = 1  Mux = 1  other = 1  sg = very_fast
    wns: 12058  norm_wns:  -1.0000 
    tns:  350302
  Smallest config area : 10281945000.  Fastest config wns;  12058
##>+----------------------------------------------------------------------------------------------------------------------------------------------------------------+
##>Summary table of configs (Best config is CDN_DP_region_0_1_c7)
##>+----------------------------------------------------------------------------------------------------------------------------------------------------------------+
##>                     0                  1                  2                  3                  4                  5                  6                  7            
##>+----------------------------------------------------------------------------------------------------------------------------------------------------------------+
##>           Area      10281945000        10281945000        10281945000        10281945000        10281945000        10281945000        10281945000        10281945000  
##>            WNS         -1205.80           -1205.80           -1205.80           -1205.80           -1205.80           -1205.80           -1205.80           -1205.80  
##>            TNS           350302             350302             350302             350302             350302             350302             350302             350302  
##>    Num Rewrite                0                  0                  0                  0                  0                  0                  0                  0  
##>      Num Share                0                  0                  0                  0                  0                  0                  0                  0  
##>  Num Speculate                0                  0                  0                  0                  0                  0                  0                  0  
##>         Num DP                1                  1                  1                  1                  1                  1                  1                  1  
##>        Num Mux                1                  1                  1                  1                  1                  1                  1                  1  
##>      Num other                1                  1                  1                  1                  1                  1                  1                  1  
##>     Runtime(s)                0                  0                  0                  0                  0                  0                  0                  2  
+----------------------------------------------------------------------------------------------------------------------------------------------------------------+
##>
##>
##>+-----------------------------------------------------------------------------------------------------------------------------------------------------------------------------------------------------+
##>Optimization Step DEBUG Table for config CDN_DP_region_0_1_c7
##>
##>                          Step                        Area   (  % Chg)         WNS (Change)          TNS (Change)                Power   (  % Chg)        Runtime (s)        Comment                   
##>+-----------------------------------------------------------------------------------------------------------------------------------------------------------------------------------------------------+
##>EquationExtraction              START            10281945000 (       )    -1205.80 (        )     350302 (        )                    0 (       )              
##> rewrite                        START            44928911450 (+336.97)    -1365.90 ( -160.10)     401534 (   51232)                    0 (  +0.00)              (a,ar) Expr0_from --> Expr0_to
##>                                  END            20513675850 ( -54.34)    -1377.30 (  -11.40)     405182 (    3648)                    0 (  +0.00)           0  
##>                                  END            10281945000 (  +0.00)    -1205.80 (   +0.00)     350302 (       0)                    0 (  +0.00)           2  
##>createMaxCarrySave              START            10281945000 (  +0.00)    -1205.80 (   +0.00)     350302 (       0)                    0 (  +0.00)              
##> datapath_rewrite_one_def       START            10281945000 (  +0.00)    -1205.80 (   +0.00)     350302 (       0)                    0 (  +0.00)              
##>                                  END            10281945000 (  +0.00)    -1205.80 (   +0.00)     350302 (       0)                    0 (  +0.00)           0  
##> csa_opto                       START            10281945000 (  +0.00)    -1205.80 (   +0.00)     350302 (       0)                    0 (  +0.00)              
##>                                  END            10281945000 (  +0.00)    -1205.80 (   +0.00)     350302 (       0)                    0 (  +0.00)           0  
##>                                  END            10281945000 (  +0.00)    -1205.80 (   +0.00)     350302 (       0)                    0 (  +0.00)           0  
##>canonicalize_by_names           START            10281945000 (  +0.00)    -1205.80 (   +0.00)     350302 (       0)                    0 (  +0.00)              
##>                                  END            10281945000 (  +0.00)    -1205.80 (   +0.00)     350302 (       0)                    0 (  +0.00)           0  
##>datapath_rewrite_post_csa_one_  START            10281945000 (  +0.00)    -1205.80 (   +0.00)     350302 (       0)                    0 (  +0.00)              
##>                                  END            10281945000 (  +0.00)    -1205.80 (   +0.00)     350302 (       0)                    0 (  +0.00)           0  
##>datapath_csa_factoring_one_gde  START            10281945000 (  +0.00)    -1205.80 (   +0.00)     350302 (       0)                    0 (  +0.00)              
##>                                  END            10281945000 (  +0.00)    -1205.80 (   +0.00)     350302 (       0)                    0 (  +0.00)           0  
##>dpopt_share_one_def             START            10281945000 (  +0.00)    -1205.80 (   +0.00)     350302 (       0)                    0 (  +0.00)              
##>                                  END            10281945000 (  +0.00)    -1205.80 (   +0.00)     350302 (       0)                    0 (  +0.00)           0  
##>datapath_rewrite_post_share     START            10281945000 (  +0.00)    -1205.80 (   +0.00)     350302 (       0)                    0 (  +0.00)              
##>                                  END            10281945000 (  +0.00)    -1205.80 (   +0.00)     350302 (       0)                    0 (  +0.00)           0  
##>dp_combine_const_mult_with_com  START            10281945000 (  +0.00)    -1205.80 (   +0.00)     350302 (       0)                    0 (  +0.00)              
##>                                  END            10281945000 (  +0.00)    -1205.80 (   +0.00)     350302 (       0)                    0 (  +0.00)           0  
##>dp_operator_level_decompositio  START            10281945000 (  +0.00)    -1205.80 (   +0.00)     350302 (       0)                    0 (  +0.00)              
##>                                  END            10281945000 (  +0.00)    -1205.80 (   +0.00)     350302 (       0)                    0 (  +0.00)           0  
##>selective_flatten_dp_config     START            10281945000 (  +0.00)    -1205.80 (   +0.00)     350302 (       0)                    0 (  +0.00)              
##>                                  END            10281945000 (  +0.00)    -1205.80 (   +0.00)     350302 (       0)                    0 (  +0.00)           0  
##>createMaxCarrySave              START            10281945000 (  +0.00)    -1205.80 (   +0.00)     350302 (       0)                    0 (  +0.00)              
##> datapath_rewrite_one_def       START            10281945000 (  +0.00)    -1205.80 (   +0.00)     350302 (       0)                    0 (  +0.00)              
##>  fast_cse_elim                 START            10281945000 (  +0.00)    -1205.80 (   +0.00)     350302 (       0)                    0 (  +0.00)              
##>                                  END            10281945000 (  +0.00)    -1205.80 (   +0.00)     350302 (       0)                    0 (  +0.00)           0  
##>  fast_cse_elim                 START            10281945000 (  +0.00)    -1205.80 (   +0.00)     350302 (       0)                    0 (  +0.00)              
##>                                  END            10281945000 (  +0.00)    -1205.80 (   +0.00)     350302 (       0)                    0 (  +0.00)           0  
##>                                  END            10281945000 (  +0.00)    -1205.80 (   +0.00)     350302 (       0)                    0 (  +0.00)           0  
##> csa_opto                       START            10281945000 (  +0.00)    -1205.80 (   +0.00)     350302 (       0)                    0 (  +0.00)              
##>                                  END            10281945000 (  +0.00)    -1205.80 (   +0.00)     350302 (       0)                    0 (  +0.00)           0  
##>                                  END            10281945000 (  +0.00)    -1205.80 (   +0.00)     350302 (       0)                    0 (  +0.00)           0  
##>context_based_simplify          START            10281945000 (  +0.00)    -1205.80 (   +0.00)     350302 (       0)                    0 (  +0.00)              
##>                                  END            10281945000 (  +0.00)    -1205.80 (   +0.00)     350302 (       0)                    0 (  +0.00)           0  
##>group_csa_final_adder_dp        START            10281945000 (  +0.00)    -1205.80 (   +0.00)     350302 (       0)                    0 (  +0.00)              
##>                                  END            10281945000 (  +0.00)    -1205.80 (   +0.00)     350302 (       0)                    0 (  +0.00)           0  
##>dpopt_flatten_critical_muxes_i  START            10281945000 (  +0.00)    -1205.80 (   +0.00)     350302 (       0)                    0 (  +0.00)              
##>                                  END            10281945000 (  +0.00)    -1205.80 (   +0.00)     350302 (       0)                    0 (  +0.00)           0  
##>create_score                    START            10281945000 (  +0.00)    -1205.80 (   +0.00)     350302 (       0)                    0 (  +0.00)              
##>                                  END            10281945000 (  +0.00)    -1205.80 (   +0.00)     350302 (       0)                    0 (  +0.00)           0  
##>+-----------------------------------------------------------------------------------------------------------------------------------------------------------------------------------------------------+
Committed config: CDN_DP_region_0_1_c7
Info    : Done implementing datapath configurations. [DPOPT-4]
        : Selected 'very_fast' configuration 7 for module 'CDN_DP_region_0_1_c7'.
          Optimizations applied to 'very_fast' configuration:
            rewriting(0), factoring(0), sharing(0), cmultcse(0), downsizing(0), speculation(0)
Info    : Implementing datapath configurations. [DPOPT-3]
        : Implementing datapath configurations for 'CDN_DP_region_0_0'
  CSAGen Prep Share:0 Re-Write:0 Speculation: 0

CDN_DP_region_0_0 level = 0 loads = 0 drivers = 0
CDN_DP_region_0_0_c0 in biriscv_multiplier: area: 291720300 , Mux = 5  ctl_case = 1  other = 2  sg = slow     
    wns: 0  norm_wns:  -1.0000 
    tns:  0
 skipped
CDN_DP_region_0_0_c1 in biriscv_multiplier: area: 233535650 , Mux = 5  other = 9  sg = fast     
    wns: 0  norm_wns:  -1.0000 
    tns:  0
 is current best
CDN_DP_region_0_0_c2 in biriscv_multiplier: area: 233535650 , Mux = 5  other = 9  sg = very_slow
    wns: 0  norm_wns:  -1.0000 
    tns:  0
 is current best
CDN_DP_region_0_0_c3 in biriscv_multiplier: area: 233535650 , Mux = 5  other = 9  sg = very_fast
    wns: 0  norm_wns:  -1.0000 
    tns:  0
 is current best
CDN_DP_region_0_0_c4 in biriscv_multiplier: area: 233535650 , Mux = 5  other = 9  sg = very_fast
    wns: 0  norm_wns:  -1.0000 
    tns:  0
 is current best
CDN_DP_region_0_0_c5 in biriscv_multiplier: area: 233535650 , Mux = 5  other = 9  sg = very_fast
    wns: 0  norm_wns:  -1.0000 
    tns:  0
 is current best
CDN_DP_region_0_0_c6 in biriscv_multiplier: area: 233535650 , Mux = 5  other = 9  sg = very_fast
    wns: 0  norm_wns:  -1.0000 
    tns:  0
 is current best
CDN_DP_region_0_0_c7 in biriscv_multiplier: area: 233535650 , Mux = 5  other = 9  sg = very_fast
    wns: 0  norm_wns:  -1.0000 
    tns:  0
 is current best
Best config: CDN_DP_region_0_0_c7 in biriscv_multiplier: area: 233535650 , Mux = 5  other = 9  sg = very_fast
    wns: 0  norm_wns:  -1.0000 
    tns:  0
  Smallest config area : 233535650.  Fastest config wns;  0
##>+----------------------------------------------------------------------------------------------------------------------------------------------------------------+
##>Summary table of configs (Best config is CDN_DP_region_0_0_c7)
##>+----------------------------------------------------------------------------------------------------------------------------------------------------------------+
##>                     0                  1                  2                  3                  4                  5                  6                  7            
##>+----------------------------------------------------------------------------------------------------------------------------------------------------------------+
##>           Area        291720300          233535650          233535650          233535650          233535650          233535650          233535650          233535650  
##>            WNS          +778.80            +778.80            +778.80            +778.80            +778.80            +778.80            +778.80            +778.80  
##>            TNS                0                  0                  0                  0                  0                  0                  0                  0  
##>    Num Rewrite                0                  0                  0                  0                  0                  0                  0                  0  
##>      Num Share                0                  0                  0                  0                  0                  0                  0                  0  
##>  Num Speculate                0                  0                  0                  0                  0                  0                  0                  0  
##>        Num Mux                5                  5                  5                  5                  5                  5                  5                  5  
##>   Num ctl_case                1                  0                  0                  0                  0                  0                  0                  0  
##>      Num other                2                  9                  9                  9                  9                  9                  9                  9  
##>     Runtime(s)                0                  0                  0                  0                  0                  0                  0                  0  
+----------------------------------------------------------------------------------------------------------------------------------------------------------------+
##>
##>
##>+-----------------------------------------------------------------------------------------------------------------------------------------------------------------------------------------------------+
##>Optimization Step DEBUG Table for config CDN_DP_region_0_0_c7
##>
##>                          Step                        Area   (  % Chg)         WNS (Change)          TNS (Change)                Power   (  % Chg)        Runtime (s)        Comment                   
##>+-----------------------------------------------------------------------------------------------------------------------------------------------------------------------------------------------------+
##>EquationExtraction              START              291720300 (       )      778.80 (        )          0 (        )                    0 (       )              
##>                                  END              291720300 (  +0.00)      778.80 (   +0.00)          0 (       0)                    0 (  +0.00)           0  
##>createMaxCarrySave              START              291720300 (  +0.00)      778.80 (   +0.00)          0 (       0)                    0 (  +0.00)              
##> datapath_rewrite_one_def       START              291720300 (  +0.00)      778.80 (   +0.00)          0 (       0)                    0 (  +0.00)              
##>                                  END              291720300 (  +0.00)      778.80 (   +0.00)          0 (       0)                    0 (  +0.00)           0  
##> csa_opto                       START              291720300 (  +0.00)      778.80 (   +0.00)          0 (       0)                    0 (  +0.00)              
##>                                  END              291720300 (  +0.00)      778.80 (   +0.00)          0 (       0)                    0 (  +0.00)           0  
##>                                  END              291720300 (  +0.00)      778.80 (   +0.00)          0 (       0)                    0 (  +0.00)           0  
##>canonicalize_by_names           START              291720300 (  +0.00)      778.80 (   +0.00)          0 (       0)                    0 (  +0.00)              
##>                                  END              291720300 (  +0.00)      778.80 (   +0.00)          0 (       0)                    0 (  +0.00)           0  
##>datapath_rewrite_post_csa_one_  START              291720300 (  +0.00)      778.80 (   +0.00)          0 (       0)                    0 (  +0.00)              
##>                                  END              291720300 (  +0.00)      778.80 (   +0.00)          0 (       0)                    0 (  +0.00)           0  
##>datapath_csa_factoring_one_gde  START              291720300 (  +0.00)      778.80 (   +0.00)          0 (       0)                    0 (  +0.00)              
##>                                  END              291720300 (  +0.00)      778.80 (   +0.00)          0 (       0)                    0 (  +0.00)           0  
##>dpopt_share_one_def             START              291720300 (  +0.00)      778.80 (   +0.00)          0 (       0)                    0 (  +0.00)              
##>                                  END              291720300 (  +0.00)      778.80 (   +0.00)          0 (       0)                    0 (  +0.00)           0  
##>datapath_rewrite_post_share     START              291720300 (  +0.00)      778.80 (   +0.00)          0 (       0)                    0 (  +0.00)              
##>                                  END              291720300 (  +0.00)      778.80 (   +0.00)          0 (       0)                    0 (  +0.00)           0  
##>dp_combine_const_mult_with_com  START              291720300 (  +0.00)      778.80 (   +0.00)          0 (       0)                    0 (  +0.00)              
##>                                  END              291720300 (  +0.00)      778.80 (   +0.00)          0 (       0)                    0 (  +0.00)           0  
##>dp_operator_level_decompositio  START              291720300 (  +0.00)      778.80 (   +0.00)          0 (       0)                    0 (  +0.00)              
##>                                  END              291720300 (  +0.00)      778.80 (   +0.00)          0 (       0)                    0 (  +0.00)           0  
##>selective_flatten_dp_config     START              291720300 (  +0.00)      778.80 (   +0.00)          0 (       0)                    0 (  +0.00)              
##>                                  END              291720300 (  +0.00)      778.80 (   +0.00)          0 (       0)                    0 (  +0.00)           0  
##>createMaxCarrySave              START              291720300 (  +0.00)      778.80 (   +0.00)          0 (       0)                    0 (  +0.00)              
##> datapath_rewrite_one_def       START              291720300 (  +0.00)      778.80 (   +0.00)          0 (       0)                    0 (  +0.00)              
##>  fast_cse_elim                 START              291720300 (  +0.00)      778.80 (   +0.00)          0 (       0)                    0 (  +0.00)              
##>                                  END              291720300 (  +0.00)      778.80 (   +0.00)          0 (       0)                    0 (  +0.00)           0  
##>  fast_cse_elim                 START              291720300 (  +0.00)      778.80 (   +0.00)          0 (       0)                    0 (  +0.00)              
##>                                  END              291720300 (  +0.00)      778.80 (   +0.00)          0 (       0)                    0 (  +0.00)           0  
##>                                  END              291720300 (  +0.00)      778.80 (   +0.00)          0 (       0)                    0 (  +0.00)           0  
##> csa_opto                       START              291720300 (  +0.00)      778.80 (   +0.00)          0 (       0)                    0 (  +0.00)              
##>                                  END              291720300 (  +0.00)      778.80 (   +0.00)          0 (       0)                    0 (  +0.00)           0  
##>                                  END              291720300 (  +0.00)      778.80 (   +0.00)          0 (       0)                    0 (  +0.00)           0  
##>context_based_simplify          START              233535650 ( -19.95)      778.80 (   +0.00)          0 (       0)                    0 (  +0.00)              
##>                                  END              233535650 (  +0.00)      778.80 (   +0.00)          0 (       0)                    0 (  +0.00)           0  
##>group_csa_final_adder_dp        START              233535650 (  +0.00)      778.80 (   +0.00)          0 (       0)                    0 (  +0.00)              
##>                                  END              233535650 (  +0.00)      778.80 (   +0.00)          0 (       0)                    0 (  +0.00)           0  
##>dpopt_flatten_critical_muxes_i  START              233535650 (  +0.00)      778.80 (   +0.00)          0 (       0)                    0 (  +0.00)              
##>                                  END              233535650 (  +0.00)      778.80 (   +0.00)          0 (       0)                    0 (  +0.00)           0  
##>create_score                    START              233535650 (  +0.00)      778.80 (   +0.00)          0 (       0)                    0 (  +0.00)              
##>                                  END              233535650 (  +0.00)      778.80 (   +0.00)          0 (       0)                    0 (  +0.00)           0  
##>+-----------------------------------------------------------------------------------------------------------------------------------------------------------------------------------------------------+
Committed config: CDN_DP_region_0_0_c7
Info    : Done implementing datapath configurations. [DPOPT-4]
        : Selected 'very_fast' configuration 7 for module 'CDN_DP_region_0_0_c7'.
          Optimizations applied to 'very_fast' configuration:
            rewriting(0), factoring(0), sharing(0), cmultcse(0), downsizing(0), speculation(0)
Info:  Ungrouped 0 dp-cluster instances.  0 cluster instances were left intact, to aid verification.

==========================
 Sanity Check for POST-DATAPATH 
==========================
     DPOPT_INTERNAL_HIER check : PASS
 Components naming style check : PASS
==========================

Info    : Done optimizing datapath logic. [DPOPT-2]
        : Done optimizing datapath logic in 'biriscv_multiplier'.
Number of big hc bmuxes after = 0
Starting bit-level redundancy removal [v1.0] (stage: post_rtlopt, startdef: biriscv_multiplier, recur: true)
Bit-level redundancy removal for def biriscv_multiplier (round= 0, cands= 4, i/o= 6/2)
Bit-level redundancy removal for def biriscv_multiplier (round= 1, cands= 4, i/o= 6/2)
Completed bit-level redundancy removal (accepts: 0, rejects: 0, runtime: 0.062s)
Starting logic reduction [v1.0] (stage: post_rtlopt, startdef: biriscv_multiplier, recur: true)
Completed logic reduction (accepts: 0, rejects: 0, runtime: 0.000s)
Starting mux data reorder optimization [v1.0] (stage: post_rtlopt, startdef: biriscv_multiplier, recur: true)
Completed mux data reorder optimization (accepts: 0, rejects: 0, runtime: 0.000s)
Starting timing based select reordering [v1.0] (stage: post_rtlopt, startdef: biriscv_multiplier, recur: true)
Completed timing based select reordering (accepts: 0, rejects: 0, runtime: 0.108s)

Stage: post_rtlopt
----------------------------------------------------------------
| Transform                  | Accepts | Rejects | Runtime (s) | 
----------------------------------------------------------------
| hlo_redundancy_removal_bit |       0 |       0 |        0.06 | 
| hlo_logic_reduction        |       0 |       0 |        0.00 | 
| hlo_mux_reorder            |       0 |       0 |        0.00 | 
| hlo_timing_reorder         |       0 |       0 |        0.11 | 
----------------------------------------------------------------
Running post blast mux optimization. Please follow up with Cadence support if runtime issues are seen with this optimization.
Starting mux speculation [v1.0] (stage: post_muxopt, startdef: biriscv_multiplier, recur: true)
Starting speculation optimization
Completed speculation optimization (accepts:0)
Completed mux speculation (accepts: 0, rejects: 0, runtime: 0.117s)
Starting timing based select reordering [v1.0] (stage: post_muxopt, startdef: biriscv_multiplier, recur: true)
Completed timing based select reordering (accepts: 0, rejects: 0, runtime: 0.106s)

Stage: post_muxopt
--------------------------------------------------------
| Transform          | Accepts | Rejects | Runtime (s) | 
--------------------------------------------------------
| hlo_speculation    |       0 |       0 |        0.12 | 
| hlo_timing_reorder |       0 |       0 |        0.11 | 
--------------------------------------------------------
==================================
Stage : to_generic 
==================================
  =================
   Message Summary
  =================
---------------------------------------------------------------------------
|   Id   |  Sev  |Count|                   Message Text                   |
---------------------------------------------------------------------------
|CDFG-500|Info   |    5|Unused module input port.                         |
|        |       |     |(In port definition within the module, the input p|
|        |       |     | ort is not used in any assignment statements or  |
|        |       |     | conditional expressions for decision statements. |
|CDFG-508|Warning|    1|Removing unused register.                         |
|        |       |     |Genus removes the flip-flop or latch inferred for |
|        |       |     | an unused signal or variable. To preserve the    |
|        |       |     | flip-flop or latch, set the                      |
|        |       |     | hdl_preserve_unused_registers attribute to true  |
|        |       |     | or use a pragma in the RTL.                      |
|CDFG-738|Info   |    1|Common subexpression eliminated.                  |
|CDFG-739|Info   |    1|Common subexpression kept.                        |
|CWD-19  |Info   |    8|An implementation was inferred.                   |
|DPOPT-1 |Info   |    1|Optimizing datapath logic.                        |
|DPOPT-2 |Info   |    1|Done optimizing datapath logic.                   |
|DPOPT-3 |Info   |    2|Implementing datapath configurations.             |
|DPOPT-4 |Info   |    2|Done implementing datapath configurations.        |
|DPOPT-6 |Info   |    1|Pre-processed datapath logic.                     |
|ELAB-1  |Info   |    1|Elaborating Design.                               |
|ELAB-3  |Info   |    1|Done Elaborating Design.                          |
|GLO-40  |Info   |    2|Combinational hierarchical blocks with identical  |
|        |       |     | inputs have been merged.                         |
|        |       |     |This optimization usually reduces design area. To |
|        |       |     | prevent merging of combinational hierarchical    |
|        |       |     | blocks, set the                                  |
|        |       |     | 'merge_combinational_hier_instances' root        |
|        |       |     | attribute to 'false' or the                      |
|        |       |     | 'merge_combinational_hier_instance' instance     |
|        |       |     | attribute to 'false'.                            |
|GLO-62  |Info   |   13|On tool_generated instance/module 'strict_no' is  |
|        |       |     | set.                                             |
|        |       |     |This shall only be used for special purposes like |
|        |       |     | formal verification.                             |
|LBR-9   |Warning|   16|Library cell has no output pins defined.          |
|        |       |     |Add the missing output pin(s)                     |
|        |       |     | , then reload the library. Else the library cell |
|        |       |     | will be marked as timing model i.e. unusable.    |
|        |       |     | Timing_model means that the cell does not have   |
|        |       |     | any defined function. If there is no output pin, |
|        |       |     | Genus will mark library cell as unusable i.e. the|
|        |       |     | attribute 'usable' will be marked to 'false' on  |
|        |       |     | the libcell. Therefore, the cell is not used for |
|        |       |     | mapping and it will not be picked up from the    |
|        |       |     | library for synthesis. If you query the attribute|
|        |       |     | 'unusable_reason' on the libcell; result will be:|
|        |       |     | 'Library cell has no output pins.'Note: The      |
|        |       |     | message LBR-9 is only for the logical pins and   |
|        |       |     | not for the power_ground pins. Genus will depend |
|        |       |     | upon the output function defined in the pin group|
|        |       |     | (output pin)                                     |
|        |       |     | of the cell, to use it for mapping. The pg_pin   |
|        |       |     | will not have any function defined.              |
|LBR-40  |Info   |    3|An unsupported construct was detected in this     |
|        |       |     | library.                                         |
|        |       |     |Check to see if this construct is really needed   |
|        |       |     | for synthesis. Many liberty constructs are not   |
|        |       |     | actually required.                               |
|LBR-81  |Warning|   11|Non-monotonic wireload model found.               |
|        |       |     |Non-monotonic wireload models can cause problems  |
|        |       |     | during synthesis and/or mapping.  Raising some of|
|        |       |     | the points in the curve to give it a monotonic   |
|        |       |     | shape.                                           |
|LBR-155 |Info   |    1|Mismatch in unateness between 'timing_sense'      |
|        |       |     | attribute and the function.                      |
|        |       |     |The 'timing_sense' attribute will be respected.   |
|LBR-162 |Info   |   15|Both 'pos_unate' and 'neg_unate' timing_sense arcs|
|        |       |     | have been processed.                             |
|        |       |     |Setting the 'timing_sense' to non_unate.          |
|LBR-412 |Info   |    1|Created nominal operating condition.              |
|        |       |     |The nominal operating condition is represented,   |
|        |       |     | either by the nominal PVT values specified in the|
|        |       |     | library source                                   |
|        |       |     | (via nom_process,nom_voltage and nom_temperature |
|        |       |     | respectively)                                    |
|        |       |     | , or by the default PVT values (1.0,1.0,1.0).    |
|PHYS-752|Info   |    1|Partition Based Synthesis execution skipped.      |
|SDC-200 |Warning|    2|Unsupported SDC command.                          |
|        |       |     |The current version of Genus does not support this|
|        |       |     | SDC command and ignores it. However, future      |
|        |       |     | versions may be enhanced to support this command.|
|        |       |     | This SDC command will be added to the Tcl        |
|        |       |     | variable                                         |
|        |       |     | $::dc::sdc_unsupported_commands_write_sdc. The   |
|        |       |     | contents of this variable will be written out    |
|        |       |     | during write_sdc.                                |
|SYNTH-1 |Info   |    1|Synthesizing.                                     |
|TIM-101 |Warning|    1|Replacing existing clock definition.              |
|        |       |     |A new clock has been defined with the same name as|
|        |       |     | an existing clock.                               |
|TIM-304 |Info   |    1|Replacing an existing timing exception with       |
|        |       |     | another.                                         |
|        |       |     |Existing exception had a name conflict with the   |
|        |       |     | newly created exception. The exception created at|
|        |       |     | a later time is maintained.                      |
|TIM-1000|Info   |    1|Multimode clock gating check is disabled.         |
---------------------------------------------------------------------------
	131	 CDN_PAS_CONNECTED_MUXi
Ungrouping: CDN_PAS_CONNECTED_MUXi count=393 ratio=1.0
Mapper: Libraries have:
	domain _default_: 96 combo usable cells and 20 sequential usable cells
Multi-threaded Virtual Mapping    (8 threads per ST process, 8 of 128 CPUs usable)
Normal Structuring mode def=mult_signed_960
Normal Structuring mode def=mux_ctl_0x
==================================
Stage : first_condense 
==================================
  =================
   Message Summary
  =================
---------------------------------------------------------------------------
|  Id  |Sev |Count|                     Message Text                      |
---------------------------------------------------------------------------
|GLO-62|Info|    5|On tool_generated instance/module 'strict_no' is set.  |
|      |    |     |This shall only be used for special purposes like      |
|      |    |     | formal verification.                                  |
---------------------------------------------------------------------------
 
Global mapping target info
==========================
Cost Group 'clk' target slack:    46 ps
Target path end-point (Pin: result_e2_q_reg[20]/d)

/home/ykaraagac/cadence-bitirme/Flows/NanGate45/biriscv_mul_mule_power/scripts/cadence/.st_launch_dockereda-rocky8_937899

State Retention Synthesis Status
================================

Category                        Flops   Percentage
--------------------------------------------------
Total instances                    99        100.0
Excluded from State Retention      99        100.0
    - Will not convert             99        100.0
      - Preserved                   0          0.0
      - Power intent excluded      99        100.0
    - Could not convert             0          0.0
      - Scan type                   0          0.0
      - No suitable cell            0          0.0
State Retention instances           0          0.0
--------------------------------------------------

Starting post first-condense unobservable FF removal
Detecting unobservable FF's ... (design is uniquified)
Detected 0 unobservable FF's cputime(detection/total) = 0.022 /0.029 seconds
Unobservable FF redundancy removal succeeded.
Done post first-condense unobservable FF removal (0.00 cpu seconds) (0.00 elapsed cpu seconds)
Advanced structuring report (syn_gen):
--------------------------------------------------------------------------------------------------
|                    | Graph                | Opt. Graph           | Result         |            | 
|--------------------+----------------------+----------------------+----------------+------------|
| Name       | Tag   | #nodes | #and | #lvl | #nodes | #and | #lvl | Acc | Time     | Netlist ID | 
--------------------------------------------------------------------------------------------------
--------------------------------------------------------------------------------------------------
Number of LFLHs filtered from table: 1
Runtime accepts/rejects/total =     0.00 /     0.65 /     0.65
Accepts/rejects/total = 0 / 1 / 1
Sum of reduced nodes/levels = 0 / 0
PBS_Generic_Opt-Post - Elapsed_Time 23, CPU_Time 23.074068
stamp 'PBS_Generic_Opt-Post' being created for table 'pbs_debug'

  Total Time (Wall) |  Stage Time (Wall)  |   % (Wall)   |    Date - Time     |  Memory   | Stage
--------------------+---------------------+--------------+--------------------+-----------+----------------------
 00:00:12(00:00:10) |  00:00:00(00:00:00) |   0.0(  0.0) |   20:37:26 (Jun07) |  598.1 MB | PBS_Generic-Start
--------------------+---------------------+--------------+--------------------+-----------+----------------------
 00:00:37(00:00:34) |  00:00:24(00:00:24) | 100.0(100.0) |   20:37:50 (Jun07) |   1.17 GB | PBS_Generic_Opt-Post
--------------------+---------------------+--------------+--------------------+-----------+----------------------
Number of threads: 16 * 1   (id: pbs_debug, time_info v1.57)
Info: (*N*) indicates data that was populated from previously saved time_info database
Info: CPU time includes time of parent + longest thread
PBS_Generic-Postgen HBO Optimizations - Elapsed_Time 0, CPU_Time 0.0
stamp 'PBS_Generic-Postgen HBO Optimizations' being created for table 'pbs_debug'

  Total Time (Wall) |  Stage Time (Wall)  |   % (Wall)   |    Date - Time     |  Memory   | Stage
--------------------+---------------------+--------------+--------------------+-----------+----------------------
 00:00:12(00:00:10) |  00:00:00(00:00:00) |   0.0(  0.0) |   20:37:26 (Jun07) |  598.1 MB | PBS_Generic-Start
--------------------+---------------------+--------------+--------------------+-----------+----------------------
 00:00:37(00:00:34) |  00:00:24(00:00:24) | 100.0(100.0) |   20:37:50 (Jun07) |   1.17 GB | PBS_Generic_Opt-Post
--------------------+---------------------+--------------+--------------------+-----------+----------------------
 00:00:37(00:00:34) |  00:00:00(00:00:00) |   0.0(  0.0) |   20:37:50 (Jun07) |   1.17 GB | PBS_Generic-Postgen HBO Optimizations
--------------------+---------------------+--------------+--------------------+-----------+----------------------
Number of threads: 16 * 1   (id: pbs_debug, time_info v1.57)
Info: (*N*) indicates data that was populated from previously saved time_info database
Info: CPU time includes time of parent + longest thread
Starting post syn_generic ultra-effort Boolean optimization
Redundancy removal succeeded.
Done post syn_generic ultra-effort Boolean optimization (0.00 cpu seconds) (0.00 elapsed cpu seconds)
Info    : Done synthesizing. [SYNTH-2]
        : Done synthesizing 'biriscv_multiplier' to generic gates.
##>=================== Cadence Confidential (Generic-Logical) ===================
##>=================== Cadence Confidential (Generic-Logical) ===================
      flow.cputime  flow.realtime  timing.setup.tns  timing.setup.wns  snapshot
UM:*                                                                   syn_gen
@file(run_genus_one.tcl) 128: write_reports -directory ${REPORTS_PATH} -tag generic
Warning : Usage of path_group with define_cost_group defined before will be obsolete, going forward use group_path instead. [TUI-332]
        : Usage of path_group with define_cost_group defined before will be obsolete, going forward use group_path instead.
Warning : Usage of path_group with define_cost_group defined before will be obsolete, going forward use group_path instead. [TUI-332]
Warning : Usage of path_group with define_cost_group defined before will be obsolete, going forward use group_path instead. [TUI-332]
Warning : Usage of path_group with define_cost_group defined before will be obsolete, going forward use group_path instead. [TUI-332]
Warning : A required object parameter could not be found. [TUI-78]
        : An object named "" could not be found for attribute 'name'.
        : Check if a previous get_db or find returned an empty string.
Warning : A required object parameter could not be found. [TUI-78]
        : An object named "" could not be found for attribute 'analysis_view'.


Working Directory = /home/ykaraagac/cadence-bitirme/Flows/NanGate45/biriscv_mul_mule_power/scripts/cadence
QoS Summary for biriscv_multiplier
================================================================================
Metric                          generic        
================================================================================
Slack (ps):                    -1,457
  R2R (ps):                    -1,457
  I2R (ps):                       804
  R2O (ps):                     1,452
  I2O (ps):                  no_value
  CG  (ps):                  no_value
TNS (ps):                     -44,979
  R2R (ps):                   -44,979
  I2R (ps):                         0
  R2O (ps):                         0
  I2O (ps):                  no_value
  CG  (ps):                  no_value
Failing Paths:                     32
Cell Area:                     15,528
Total Cell Area:               15,528
Leaf Instances:                 9,494
Total Instances:                9,494
Utilization (%):                 0.00
Tot. Net Length (um):        no_value
Avg. Net Length (um):        no_value
Route Overflow H (%):        no_value
Route Overflow V (%):        no_value
MBCI(%) (bits/gate) :            0.00
Norm Cong Hotspot Area:
  Max Cong:                  no_value
  Tot Cong:                  no_value
================================================================================
CPU  Runtime (h:m:s):        00:00:38
Real Runtime (h:m:s):        00:00:34
CPU  Elapsed (h:m:s):        00:00:42
Real Elapsed (h:m:s):        00:00:35
Memory (MB):                  2192.48
================================================================================
================================================================================
Flow Settings:
================================================================================
Total Runtime (h:m:s): 00:00:35
Total Memory (MB):     2200.49
Executable Version:    25.12-s067_1
================================================================================
Total Cell Area =  Cell Area + Physical Cell Area
Total Instances =  Leaf Instances + Physical Instances




@file(run_genus_one.tcl) 129: write_db  ${OUTPUTS_PATH}/${DESIGN}_generic.db
Finished exporting design database to file 'outputs/genus/job2_mul_500/syn_output/job2_mul_500_generic.db' for 'biriscv_multiplier' (command execution time mm:ss cpu = 00:00, real = 00:00).
@file(run_genus_one.tcl) 131: puts "INFO: Starting syn_map"
INFO: Starting syn_map
@file(run_genus_one.tcl) 132: syn_map
#----------------------------------------------------------------------------------------
# Root attributes for category: opt
#----------------------------------------------------------------------------------------
# Feature                           | Attribute                    | Value            
#----------------------------------------------------------------------------------------
# Avoid tied inputs                 | avoid_tied_inputs            | false (default)  
# Allow floating outputs            | opt_allow_floating_outputs   | false (default)  
# Power optimization effort         | design_power_effort          | none (default)   
# Do not use qbar sequential pins   | dont_use_qbar_seq_pins       | false (default)  
#----------------------------------------------------------------------------------------

##Generic Timing Info: typical gate delay   92.6 ps   std_slew:    4.0 ps   std_load:  3.4 fF  for library domain _default_
Mapping ChipWare ICG instances in biriscv_multiplier
Found 0 unmapped ChipWare ICG instances
Mapped 0 of 0 ChipWare ICG instances
Info    : Mapping. [SYNTH-4]
        : Mapping 'biriscv_multiplier' using 'high' effort.
Mapper: Libraries have:
	domain _default_: 96 combo usable cells and 20 sequential usable cells
PBS_TechMap-Start - Elapsed_Time 0, CPU_Time 0.0
stamp 'PBS_TechMap-Start' being created for table 'pbs_debug'

  Total Time (Wall) |  Stage Time (Wall)  |   % (Wall)   |    Date - Time     |  Memory   | Stage
--------------------+---------------------+--------------+--------------------+-----------+----------------------
 00:00:12(00:00:10) |  00:00:00(00:00:00) |   0.0(  0.0) |   20:37:26 (Jun07) |  598.1 MB | PBS_Generic-Start
--------------------+---------------------+--------------+--------------------+-----------+----------------------
 00:00:37(00:00:34) |  00:00:24(00:00:24) |  96.3( 92.3) |   20:37:50 (Jun07) |   1.17 GB | PBS_Generic_Opt-Post
--------------------+---------------------+--------------+--------------------+-----------+----------------------
 00:00:37(00:00:34) |  00:00:00(00:00:00) |   0.0(  0.0) |   20:37:50 (Jun07) |   1.17 GB | PBS_Generic-Postgen HBO Optimizations
--------------------+---------------------+--------------+--------------------+-----------+----------------------
 00:00:37(00:00:36) |  00:00:00(00:00:02) |   3.7(  7.7) |   20:37:52 (Jun07) |   1.17 GB | PBS_TechMap-Start
--------------------+---------------------+--------------+--------------------+-----------+----------------------
Number of threads: 16 * 1   (id: pbs_debug, time_info v1.57)
Info: (*N*) indicates data that was populated from previously saved time_info database
Info: CPU time includes time of parent + longest thread
PBS_TechMap-Premap HBO Optimizations - Elapsed_Time 0, CPU_Time 1.0
stamp 'PBS_TechMap-Premap HBO Optimizations' being created for table 'pbs_debug'

  Total Time (Wall) |  Stage Time (Wall)  |   % (Wall)   |    Date - Time     |  Memory   | Stage
--------------------+---------------------+--------------+--------------------+-----------+----------------------
 00:00:12(00:00:10) |  00:00:00(00:00:00) |   0.0(  0.0) |   20:37:26 (Jun07) |  598.1 MB | PBS_Generic-Start
--------------------+---------------------+--------------+--------------------+-----------+----------------------
 00:00:37(00:00:34) |  00:00:24(00:00:24) |  92.6( 92.3) |   20:37:50 (Jun07) |   1.17 GB | PBS_Generic_Opt-Post
--------------------+---------------------+--------------+--------------------+-----------+----------------------
 00:00:37(00:00:34) |  00:00:00(00:00:00) |   0.0(  0.0) |   20:37:50 (Jun07) |   1.17 GB | PBS_Generic-Postgen HBO Optimizations
--------------------+---------------------+--------------+--------------------+-----------+----------------------
 00:00:37(00:00:36) |  00:00:00(00:00:02) |   3.6(  7.7) |   20:37:52 (Jun07) |   1.17 GB | PBS_TechMap-Start
--------------------+---------------------+--------------+--------------------+-----------+----------------------
 00:00:38(00:00:36) |  00:00:01(00:00:00) |   3.8(  0.0) |   20:37:52 (Jun07) |   1.17 GB | PBS_TechMap-Premap HBO Optimizations
--------------------+---------------------+--------------+--------------------+-----------+----------------------
Number of threads: 16 * 1   (id: pbs_debug, time_info v1.57)
Info: (*N*) indicates data that was populated from previously saved time_info database
Info: CPU time includes time of parent + longest thread
Info    : Partition Based Synthesis execution skipped. [PHYS-752]
        : Design size is less than the partition size '100000' for distributed mapping optimization to kick in.
Mapper: Libraries have:
	domain _default_: 96 combo usable cells and 20 sequential usable cells
Multi-threaded Virtual Mapping    (8 threads per ST process, 8 of 128 CPUs usable)
Normal Structuring mode def=mult_signed_960
Normal Structuring mode def=mux_ctl_0x
Working on Hinst: CDN_PAS_SKIP_FFC_0i
[gig_analyze] should_ungroup = 0
[gig_analyze] should_ungroup = 0
[gig_analyze] should_ungroup = 0
[gig_analyze] should_ungroup = 0
[gig_analyze] should_ungroup = 0
[gig_analyze] should_ungroup = 0

INFO: Identified hierarchy for CAS: hinst:iopt_partition/CDN_PAS_SKIP_FFC_0i

 
Global mapping target info
==========================
Cost Group 'clk' target slack:    47 ps
Target path end-point (Pin: result_e2_q_reg[31]/d)

Multi-threaded Technology Mapping (8 threads per ST process, 8 of 128 CPUs usable)
Normal Structuring mode def=mux_ctl_0x
Working on Hinst: CDN_PAS_SKIP_FFC_0i
[gig_analyze] should_ungroup = 0
[gig_analyze] should_ungroup = 0
[gig_analyze] should_ungroup = 0
[gig_analyze] should_ungroup = 0
[gig_analyze] should_ungroup = 0
[gig_analyze] should_ungroup = 0

INFO: Identified hierarchy for CAS: hinst:iopt_partition/CDN_PAS_SKIP_FFC_0i

Normal Structuring mode def=mult_signed_960
Normal Structuring mode def=mult_signed
Normal Structuring mode def=mult_signed
Normal Structuring mode def=mult_signed
 
Global mapping status
=====================
                                   Group   
                                  Tot Wrst 
                           Total  Weighted 
Operation                   Area   Slacks  
 global_map                 5843      -72 
            Worst cost_group: clk, WNS: -72.8
            Path: operand_a_e1_q_reg[0]/CK --> result_e2_q_reg[21]/D

    Cost Group            Target    Slack    Diff.  Constr.
-----------------------------------------------------------
           clk                47      -73      -6%     2000 

 
Global incremental target info
==============================
Cost Group 'clk' target slack:    -5 ps
Target path end-point (Pin: result_e2_q_reg[31]/D (DFFR_X1/D))

Warning : Ungrouping the instance/module as 'false' cannot be set on tool_generated hierarchies. [GLO-61]
        : The 'false' setting on the 'mux_ctl_0x' tool_generated module is being ignored.
        : Kindly check the script whether the ungroup_ok is set to false. Alternately it can be set to 'strict_no' to disable ungrouping but this can impact PPA.
==================================
Stage : global_incr_map 
==================================
  =================
   Message Summary
  =================
---------------------------------------------------------------------------
|   Id   |  Sev  |Count|                   Message Text                   |
---------------------------------------------------------------------------
|GLO-61  |Warning|    1|Ungrouping the instance/module as 'false' cannot  |
|        |       |     | be set on tool_generated hierarchies.            |
|        |       |     |Kindly check the script whether the ungroup_ok is |
|        |       |     | set to false. Alternately it can be set to       |
|        |       |     | 'strict_no' to disable ungrouping but this can   |
|        |       |     | impact PPA.                                      |
|GLO-62  |Info   |  204|On tool_generated instance/module 'strict_no' is  |
|        |       |     | set.                                             |
|        |       |     |This shall only be used for special purposes like |
|        |       |     | formal verification.                             |
|PA-7    |Info   |    4|Resetting power analysis results.                 |
|        |       |     |All computed switching activities are removed.    |
|PHYS-752|Info   |    1|Partition Based Synthesis execution skipped.      |
|SYNTH-2 |Info   |    1|Done synthesizing.                                |
|SYNTH-4 |Info   |    1|Mapping.                                          |
|TUI-78  |Warning|    2|A required object parameter could not be found.   |
|        |       |     |Check if a previous get_db or find returned an    |
|        |       |     | empty string.                                    |
|TUI-332 |Warning|    4|Usage of path_group with define_cost_group defined|
|        |       |     | before will be obsolete, going forward use       |
|        |       |     | group_path instead.                              |
|        |       |     |Usage of path_group with define_cost_group defined|
|        |       |     | before will be obsolete, going forward use       |
|        |       |     | group_path instead.                              |
---------------------------------------------------------------------------
 
Global incremental optimization status
======================================
                                   Group   
                                  Tot Wrst 
                           Total  Weighted 
Operation                   Area   Slacks  
 global_incr                5243        0 

    Cost Group            Target    Slack    Diff.  Constr.
-----------------------------------------------------------
           clk                -5        7      +1%     2000 

/home/ykaraagac/cadence-bitirme/Flows/NanGate45/biriscv_mul_mule_power/scripts/cadence/.st_launch_dockereda-rocky8_937899

State Retention Synthesis Status
================================

Category                        Flops   Percentage
--------------------------------------------------
Total instances                    99        100.0
Excluded from State Retention      99        100.0
    - Will not convert             99        100.0
      - Preserved                   0          0.0
      - Power intent excluded      99        100.0
    - Could not convert             0          0.0
      - Scan type                   0          0.0
      - No suitable cell            0          0.0
State Retention instances           0          0.0
--------------------------------------------------

INFO: skipping constant propagation
PBS_Techmap-Global Mapping - Elapsed_Time 31, CPU_Time 31.413977000000003
stamp 'PBS_Techmap-Global Mapping' being created for table 'pbs_debug'

  Total Time (Wall) |  Stage Time (Wall)  |   % (Wall)   |    Date - Time     |  Memory   | Stage
--------------------+---------------------+--------------+--------------------+-----------+----------------------
 00:00:12(00:00:10) |  00:00:00(00:00:00) |   0.0(  0.0) |   20:37:26 (Jun07) |  598.1 MB | PBS_Generic-Start
--------------------+---------------------+--------------+--------------------+-----------+----------------------
 00:00:37(00:00:34) |  00:00:24(00:00:24) |  41.9( 42.1) |   20:37:50 (Jun07) |   1.17 GB | PBS_Generic_Opt-Post
--------------------+---------------------+--------------+--------------------+-----------+----------------------
 00:00:37(00:00:34) |  00:00:00(00:00:00) |   0.0(  0.0) |   20:37:50 (Jun07) |   1.17 GB | PBS_Generic-Postgen HBO Optimizations
--------------------+---------------------+--------------+--------------------+-----------+----------------------
 00:00:37(00:00:36) |  00:00:00(00:00:02) |   1.6(  3.5) |   20:37:52 (Jun07) |   1.17 GB | PBS_TechMap-Start
--------------------+---------------------+--------------+--------------------+-----------+----------------------
 00:00:38(00:00:36) |  00:00:01(00:00:00) |   1.7(  0.0) |   20:37:52 (Jun07) |   1.17 GB | PBS_TechMap-Premap HBO Optimizations
--------------------+---------------------+--------------+--------------------+-----------+----------------------
 00:01:10(00:01:07) |  00:00:31(00:00:31) |  54.7( 54.4) |   20:38:23 (Jun07) |   1.17 GB | PBS_Techmap-Global Mapping
--------------------+---------------------+--------------+--------------------+-----------+----------------------
Number of threads: 16 * 1   (id: pbs_debug, time_info v1.57)
Info: (*N*) indicates data that was populated from previously saved time_info database
Info: CPU time includes time of parent + longest thread
Advanced structuring report (syn_map):
--------------------------------------------------------------------------------------------------
|                    | Graph                | Opt. Graph           | Result         |            | 
|--------------------+----------------------+----------------------+----------------+------------|
| Name       | Tag   | #nodes | #and | #lvl | #nodes | #and | #lvl | Acc | Time     | Netlist ID | 
--------------------------------------------------------------------------------------------------
--------------------------------------------------------------------------------------------------
Number of LFLHs filtered from table: 3
Runtime accepts/rejects/total =     0.00 /     0.63 /     0.63
Accepts/rejects/total = 0 / 1 / 1
Sum of reduced nodes/levels = 0 / 0
--------------------------------------------------------------------------------------------------
|                    | Graph                | Opt. Graph           | Result         |            | 
|--------------------+----------------------+----------------------+----------------+------------|
| Name       | Tag   | #nodes | #and | #lvl | #nodes | #and | #lvl | Acc | Time     | Netlist ID | 
--------------------------------------------------------------------------------------------------
--------------------------------------------------------------------------------------------------
Number of LFLHs filtered from table: 3
Runtime accepts/rejects/total =     0.00 /     0.60 /     0.60
Accepts/rejects/total = 0 / 1 / 1
Sum of reduced nodes/levels = 0 / 0
Info    : Wrote formal verification information. [CFM-5]
        : Wrote 'fv/biriscv_multiplier/fv_map.fv.json' for netlist 'fv/biriscv_multiplier/fv_map.v.gz'.
Info    : Existing dofile found. Copied as fv/biriscv_multiplier/rtl_to_fv_map.do~.
Info    : Wrote dofile. [CFM-1]
        : Dofile is 'fv/biriscv_multiplier/rtl_to_fv_map.do'.
        : RTL names flow is enabled.
PBS_TechMap-Datapath Postmap Operations - Elapsed_Time 2, CPU_Time 0.9680620000000033
stamp 'PBS_TechMap-Datapath Postmap Operations' being created for table 'pbs_debug'

  Total Time (Wall) |  Stage Time (Wall)  |   % (Wall)   |    Date - Time     |  Memory   | Stage
--------------------+---------------------+--------------+--------------------+-----------+----------------------
 00:00:12(00:00:10) |  00:00:00(00:00:00) |   0.0(  0.0) |   20:37:26 (Jun07) |  598.1 MB | PBS_Generic-Start
--------------------+---------------------+--------------+--------------------+-----------+----------------------
 00:00:37(00:00:34) |  00:00:24(00:00:24) |  41.2( 40.7) |   20:37:50 (Jun07) |   1.17 GB | PBS_Generic_Opt-Post
--------------------+---------------------+--------------+--------------------+-----------+----------------------
 00:00:37(00:00:34) |  00:00:00(00:00:00) |   0.0(  0.0) |   20:37:50 (Jun07) |   1.17 GB | PBS_Generic-Postgen HBO Optimizations
--------------------+---------------------+--------------+--------------------+-----------+----------------------
 00:00:37(00:00:36) |  00:00:00(00:00:02) |   1.6(  3.4) |   20:37:52 (Jun07) |   1.17 GB | PBS_TechMap-Start
--------------------+---------------------+--------------+--------------------+-----------+----------------------
 00:00:38(00:00:36) |  00:00:01(00:00:00) |   1.7(  0.0) |   20:37:52 (Jun07) |   1.17 GB | PBS_TechMap-Premap HBO Optimizations
--------------------+---------------------+--------------+--------------------+-----------+----------------------
 00:01:10(00:01:07) |  00:00:31(00:00:31) |  53.8( 52.5) |   20:38:23 (Jun07) |   1.17 GB | PBS_Techmap-Global Mapping
--------------------+---------------------+--------------+--------------------+-----------+----------------------
 00:01:11(00:01:09) |  00:00:00(00:00:02) |   1.7(  3.4) |   20:38:25 (Jun07) |   1.17 GB | PBS_TechMap-Datapath Postmap Operations
--------------------+---------------------+--------------+--------------------+-----------+----------------------
Number of threads: 16 * 1   (id: pbs_debug, time_info v1.57)
Info: (*N*) indicates data that was populated from previously saved time_info database
Info: CPU time includes time of parent + longest thread
PBS_TechMap-Postmap HBO Optimizations - Elapsed_Time 0, CPU_Time 0.9701829999999916
stamp 'PBS_TechMap-Postmap HBO Optimizations' being created for table 'pbs_debug'

  Total Time (Wall) |  Stage Time (Wall)  |   % (Wall)   |    Date - Time     |  Memory   | Stage
--------------------+---------------------+--------------+--------------------+-----------+----------------------
 00:00:12(00:00:10) |  00:00:00(00:00:00) |   0.0(  0.0) |   20:37:26 (Jun07) |  598.1 MB | PBS_Generic-Start
--------------------+---------------------+--------------+--------------------+-----------+----------------------
 00:00:37(00:00:34) |  00:00:24(00:00:24) |  40.6( 40.7) |   20:37:50 (Jun07) |   1.17 GB | PBS_Generic_Opt-Post
--------------------+---------------------+--------------+--------------------+-----------+----------------------
 00:00:37(00:00:34) |  00:00:00(00:00:00) |   0.0(  0.0) |   20:37:50 (Jun07) |   1.17 GB | PBS_Generic-Postgen HBO Optimizations
--------------------+---------------------+--------------+--------------------+-----------+----------------------
 00:00:37(00:00:36) |  00:00:00(00:00:02) |   1.6(  3.4) |   20:37:52 (Jun07) |   1.17 GB | PBS_TechMap-Start
--------------------+---------------------+--------------+--------------------+-----------+----------------------
 00:00:38(00:00:36) |  00:00:01(00:00:00) |   1.7(  0.0) |   20:37:52 (Jun07) |   1.17 GB | PBS_TechMap-Premap HBO Optimizations
--------------------+---------------------+--------------+--------------------+-----------+----------------------
 00:01:10(00:01:07) |  00:00:31(00:00:31) |  52.9( 52.5) |   20:38:23 (Jun07) |   1.17 GB | PBS_Techmap-Global Mapping
--------------------+---------------------+--------------+--------------------+-----------+----------------------
 00:01:11(00:01:09) |  00:00:00(00:00:02) |   1.6(  3.4) |   20:38:25 (Jun07) |   1.17 GB | PBS_TechMap-Datapath Postmap Operations
--------------------+---------------------+--------------+--------------------+-----------+----------------------
 00:01:12(00:01:09) |  00:00:00(00:00:00) |   1.6(  0.0) |   20:38:25 (Jun07) |   1.17 GB | PBS_TechMap-Postmap HBO Optimizations
--------------------+---------------------+--------------+--------------------+-----------+----------------------
Number of threads: 16 * 1   (id: pbs_debug, time_info v1.57)
Info: (*N*) indicates data that was populated from previously saved time_info database
Info: CPU time includes time of parent + longest thread
 Doing ConstProp on design:biriscv_multiplier ... 

Time taken by ConstProp Step: 00:00:00
PBS_TechMap-Postmap Clock Gating - Elapsed_Time 0, CPU_Time 0.0
stamp 'PBS_TechMap-Postmap Clock Gating' being created for table 'pbs_debug'

  Total Time (Wall) |  Stage Time (Wall)  |   % (Wall)   |    Date - Time     |  Memory   | Stage
--------------------+---------------------+--------------+--------------------+-----------+----------------------
 00:00:12(00:00:10) |  00:00:00(00:00:00) |   0.0(  0.0) |   20:37:26 (Jun07) |  598.1 MB | PBS_Generic-Start
--------------------+---------------------+--------------+--------------------+-----------+----------------------
 00:00:37(00:00:34) |  00:00:24(00:00:24) |  40.6( 40.7) |   20:37:50 (Jun07) |   1.17 GB | PBS_Generic_Opt-Post
--------------------+---------------------+--------------+--------------------+-----------+----------------------
 00:00:37(00:00:34) |  00:00:00(00:00:00) |   0.0(  0.0) |   20:37:50 (Jun07) |   1.17 GB | PBS_Generic-Postgen HBO Optimizations
--------------------+---------------------+--------------+--------------------+-----------+----------------------
 00:00:37(00:00:36) |  00:00:00(00:00:02) |   1.6(  3.4) |   20:37:52 (Jun07) |   1.17 GB | PBS_TechMap-Start
--------------------+---------------------+--------------+--------------------+-----------+----------------------
 00:00:38(00:00:36) |  00:00:01(00:00:00) |   1.7(  0.0) |   20:37:52 (Jun07) |   1.17 GB | PBS_TechMap-Premap HBO Optimizations
--------------------+---------------------+--------------+--------------------+-----------+----------------------
 00:01:10(00:01:07) |  00:00:31(00:00:31) |  52.9( 52.5) |   20:38:23 (Jun07) |   1.17 GB | PBS_Techmap-Global Mapping
--------------------+---------------------+--------------+--------------------+-----------+----------------------
 00:01:11(00:01:09) |  00:00:00(00:00:02) |   1.6(  3.4) |   20:38:25 (Jun07) |   1.17 GB | PBS_TechMap-Datapath Postmap Operations
--------------------+---------------------+--------------+--------------------+-----------+----------------------
 00:01:12(00:01:09) |  00:00:00(00:00:00) |   1.6(  0.0) |   20:38:25 (Jun07) |   1.17 GB | PBS_TechMap-Postmap HBO Optimizations
--------------------+---------------------+--------------+--------------------+-----------+----------------------
 00:01:12(00:01:09) |  00:00:00(00:00:00) |   0.0(  0.0) |   20:38:25 (Jun07) |   1.17 GB | PBS_TechMap-Postmap Clock Gating
--------------------+---------------------+--------------+--------------------+-----------+----------------------
Number of threads: 16 * 1   (id: pbs_debug, time_info v1.57)
Info: (*N*) indicates data that was populated from previously saved time_info database
Info: CPU time includes time of parent + longest thread
-------------------------------------------------------------------------------
 hi_fo_buf                  5239        0         0         0       14

           Trick     Calls     Accepts   Attempts    Time(secs) 
-----------------------------------------------------------
       hi_fo_buf         0  (        0 /        0 )  0.00

 
Incremental optimization status
===============================
                                   Group   
                                  Tot Wrst     Total - - DRC Totals - -
                           Total  Weighted      Neg      Max       Max 
Operation                   Area   Slacks      Slack    Trans      Cap 
 init_delay                 5239        0         0         0       14

           Trick     Calls     Accepts   Attempts    Time(secs) 
-----------------------------------------------------------
       crit_upsz         0  (        0 /        0 )  0.00
    plc_bal_star         0  (        0 /        0 )  0.00
     drc_buftimb         0  (        0 /        0 )  0.00
          plc_st         0  (        0 /        0 )  0.00
    plc_st_fence         0  (        0 /        0 )  0.00
        plc_star         0  (        0 /        0 )  0.00
      plc_laf_st         0  (        0 /        0 )  0.00
 plc_laf_st_fence         0  (        0 /        0 )  0.00
     drc_buftims         0  (        0 /        0 )  0.00
            fopt         0  (        0 /        0 )  0.00
   plc_laf_lo_st         0  (        0 /        0 )  0.00
       plc_lo_st         0  (        0 /        0 )  0.00
        mb_split         0  (        0 /        0 )  0.00

 
Local TNS optimization status
=============================
                                   Group   
                                  Tot Wrst     Total - - DRC Totals - -
                           Total  Weighted      Neg      Max       Max 
Operation                   Area   Slacks      Slack    Trans      Cap 
 init_tns                   5239        0         0         0       14

           Trick     Calls     Accepts   Attempts    Time(secs) 
-----------------------------------------------------------
    plc_bal_star         0  (        0 /        0 )  0.00
     drc_buftimb         0  (        0 /        0 )  0.00
     drc_buftims         0  (        0 /        0 )  0.00
       crit_upsz         0  (        0 /        0 )  0.00
   plc_laf_lo_st         0  (        0 /        0 )  0.00
       plc_lo_st         0  (        0 /        0 )  0.00
            fopt         0  (        0 /        0 )  0.00
       crit_dnsz         0  (        0 /        0 )  0.00
             dup         0  (        0 /        0 )  0.00
        setup_dn         0  (        0 /        0 )  0.00
        mb_split         0  (        0 /        0 )  0.00

PBS_TechMap-Postmap Cleanup - Elapsed_Time 0, CPU_Time -0.028039999999990073
stamp 'PBS_TechMap-Postmap Cleanup' being created for table 'pbs_debug'

  Total Time (Wall) |  Stage Time (Wall)  |   % (Wall)   |    Date - Time     |  Memory   | Stage
--------------------+---------------------+--------------+--------------------+-----------+----------------------
 00:00:12(00:00:10) |  00:00:00(00:00:00) |   0.0(  0.0) |   20:37:26 (Jun07) |  598.1 MB | PBS_Generic-Start
--------------------+---------------------+--------------+--------------------+-----------+----------------------
 00:00:37(00:00:34) |  00:00:24(00:00:24) |  40.6( 40.7) |   20:37:50 (Jun07) |   1.17 GB | PBS_Generic_Opt-Post
--------------------+---------------------+--------------+--------------------+-----------+----------------------
 00:00:37(00:00:34) |  00:00:00(00:00:00) |   0.0(  0.0) |   20:37:50 (Jun07) |   1.17 GB | PBS_Generic-Postgen HBO Optimizations
--------------------+---------------------+--------------+--------------------+-----------+----------------------
 00:00:37(00:00:36) |  00:00:00(00:00:02) |   1.6(  3.4) |   20:37:52 (Jun07) |   1.17 GB | PBS_TechMap-Start
--------------------+---------------------+--------------+--------------------+-----------+----------------------
 00:00:38(00:00:36) |  00:00:01(00:00:00) |   1.7(  0.0) |   20:37:52 (Jun07) |   1.17 GB | PBS_TechMap-Premap HBO Optimizations
--------------------+---------------------+--------------+--------------------+-----------+----------------------
 00:01:10(00:01:07) |  00:00:31(00:00:31) |  53.0( 52.5) |   20:38:23 (Jun07) |   1.17 GB | PBS_Techmap-Global Mapping
--------------------+---------------------+--------------+--------------------+-----------+----------------------
 00:01:11(00:01:09) |  00:00:00(00:00:02) |   1.6(  3.4) |   20:38:25 (Jun07) |   1.17 GB | PBS_TechMap-Datapath Postmap Operations
--------------------+---------------------+--------------+--------------------+-----------+----------------------
 00:01:12(00:01:09) |  00:00:00(00:00:00) |   1.6(  0.0) |   20:38:25 (Jun07) |   1.17 GB | PBS_TechMap-Postmap HBO Optimizations
--------------------+---------------------+--------------+--------------------+-----------+----------------------
 00:01:12(00:01:09) |  00:00:00(00:00:00) |   0.0(  0.0) |   20:38:25 (Jun07) |   1.17 GB | PBS_TechMap-Postmap Clock Gating
--------------------+---------------------+--------------+--------------------+-----------+----------------------
 00:01:12(00:01:09) |  00:00:00(00:00:00) |  -0.0(  0.0) |   20:38:25 (Jun07) |   1.17 GB | PBS_TechMap-Postmap Cleanup
--------------------+---------------------+--------------+--------------------+-----------+----------------------
Number of threads: 16 * 1   (id: pbs_debug, time_info v1.57)
Info: (*N*) indicates data that was populated from previously saved time_info database
Info: CPU time includes time of parent + longest thread
PBS_Techmap-Post_MBCI - Elapsed_Time 0, CPU_Time 0.0
stamp 'PBS_Techmap-Post_MBCI' being created for table 'pbs_debug'

  Total Time (Wall) |  Stage Time (Wall)  |   % (Wall)   |    Date - Time     |  Memory   | Stage
--------------------+---------------------+--------------+--------------------+-----------+----------------------
 00:00:12(00:00:10) |  00:00:00(00:00:00) |   0.0(  0.0) |   20:37:26 (Jun07) |  598.1 MB | PBS_Generic-Start
--------------------+---------------------+--------------+--------------------+-----------+----------------------
 00:00:37(00:00:34) |  00:00:24(00:00:24) |  40.6( 40.7) |   20:37:50 (Jun07) |   1.17 GB | PBS_Generic_Opt-Post
--------------------+---------------------+--------------+--------------------+-----------+----------------------
 00:00:37(00:00:34) |  00:00:00(00:00:00) |   0.0(  0.0) |   20:37:50 (Jun07) |   1.17 GB | PBS_Generic-Postgen HBO Optimizations
--------------------+---------------------+--------------+--------------------+-----------+----------------------
 00:00:37(00:00:36) |  00:00:00(00:00:02) |   1.6(  3.4) |   20:37:52 (Jun07) |   1.17 GB | PBS_TechMap-Start
--------------------+---------------------+--------------+--------------------+-----------+----------------------
 00:00:38(00:00:36) |  00:00:01(00:00:00) |   1.7(  0.0) |   20:37:52 (Jun07) |   1.17 GB | PBS_TechMap-Premap HBO Optimizations
--------------------+---------------------+--------------+--------------------+-----------+----------------------
 00:01:10(00:01:07) |  00:00:31(00:00:31) |  53.0( 52.5) |   20:38:23 (Jun07) |   1.17 GB | PBS_Techmap-Global Mapping
--------------------+---------------------+--------------+--------------------+-----------+----------------------
 00:01:11(00:01:09) |  00:00:00(00:00:02) |   1.6(  3.4) |   20:38:25 (Jun07) |   1.17 GB | PBS_TechMap-Datapath Postmap Operations
--------------------+---------------------+--------------+--------------------+-----------+----------------------
 00:01:12(00:01:09) |  00:00:00(00:00:00) |   1.6(  0.0) |   20:38:25 (Jun07) |   1.17 GB | PBS_TechMap-Postmap HBO Optimizations
--------------------+---------------------+--------------+--------------------+-----------+----------------------
 00:01:12(00:01:09) |  00:00:00(00:00:00) |   0.0(  0.0) |   20:38:25 (Jun07) |   1.17 GB | PBS_TechMap-Postmap Clock Gating
--------------------+---------------------+--------------+--------------------+-----------+----------------------
 00:01:12(00:01:09) |  00:00:00(00:00:00) |  -0.0(  0.0) |   20:38:25 (Jun07) |   1.17 GB | PBS_TechMap-Postmap Cleanup
--------------------+---------------------+--------------+--------------------+-----------+----------------------
 00:01:12(00:01:09) |  00:00:00(00:00:00) |   0.0(  0.0) |   20:38:25 (Jun07) |   1.17 GB | PBS_Techmap-Post_MBCI
--------------------+---------------------+--------------+--------------------+-----------+----------------------
Number of threads: 16 * 1   (id: pbs_debug, time_info v1.57)
Info: (*N*) indicates data that was populated from previously saved time_info database
Info: CPU time includes time of parent + longest thread
##>=================== Cadence Confidential (Mapping-Logical) ===================
##>Main Thread Summary:
##>----------------------------------------------------------------------------------------
##>STEP                           Elapsed       WNS       TNS     Insts      Area    Memory
##>----------------------------------------------------------------------------------------
##>M:Initial                            1         -         -      9494     15528      1171
##>M:Early Clock Gating                 0         -         -         -         -         -
##>M:Pre Cleanup                        0         -         -      9494     15528      1171
##>M:Setup                              0         -         -         -         -         -
##>M:Launch ST                          0         -         -         -         -         -
##>M:Design Partition                   0         -         -         -         -         -
##>M:Create Partition Netlists          0         -         -         -         -         -
##>M:Init Power                         0         -         -         -         -         -
##>M:Budgeting                          0         -         -         -         -         -
##>M:Derenv-DB                          0         -         -         -         -         -
##>M:Debug Outputs                      0         -         -         -         -         -
##>M:ST loading                         0         -         -         -         -         -
##>M:Distributed                        0         -         -         -         -         -
##>M:Timer                              0         -         -         -         -         -
##>M:Assembly                           0         -         -         -         -         -
##>M:DFT                                0         -         -         -         -         -
##>M:DP Operations                      2         -         -      3018      5242      1166
##>M:Const Prop                         0         6         0      3018      5242      1166
##>M:Cleanup                            0         6         0      3016      5239      1166
##>M:MBCI                               0         -         -      3016      5239      1166
##>M:PostGen Opt                        0         -         -         -         -         -
##>M:Const Gate Removal                 0         -         -         -         -         -
##>M:Early Clock Gating Cleanup         0         -         -         -         -         -
##>M:Misc                              31
##>----------------------------------------------------------------------------------------
##>Total Elapsed                       34
##>========================================================================================
Info    : Done mapping. [SYNTH-5]
        : Done mapping 'biriscv_multiplier'.
      flow.cputime  flow.realtime  timing.setup.tns  timing.setup.wns  snapshot
UM:*                                                                   syn_map
@file(run_genus_one.tcl) 133: write_reports -directory ${REPORTS_PATH} -tag map
Info    : Joules engine is used. [RPT-16]
        : Joules engine is being used for the command report_gates -power.
ENABLED NEW REPORT GATE CMD
Info   : ACTP-0001 [ACTPInfo] Activity propagation started for stim#0 netlist
       : biriscv_multiplier
Info   : ACTP-0009 [ACTPInfo] Activity Propagation Progress Report :   0%   1%   2%   3%   4%   5%   6%   7%   8%   9%  10%Warning : Usage of path_group with define_cost_group defined before will be obsolete, going forward use group_path instead. [TUI-332]
  11%  12%  13%  14%  15%  16%  17%  18%  19%Warning : Usage of path_group with define_cost_group defined before will be obsolete, going forward use group_path instead. [TUI-332]
  20%  21%  22%Warning : Usage of path_group with define_cost_group defined before will be obsolete, going forward use group_path instead. [TUI-332]
  23%  24%  25%  26%  27%Warning : Usage of path_group with define_cost_group defined before will be obsolete, going forward use group_path instead. [TUI-332]
  28%  29%  30%  31%  32%  33%  34%  35%  36%  37%  38%  39%  40%  41%  42%  43%  44%  45%  46%  47%  48%  49%  50%  51%  52%  53%  54%  55%  56%  57%  58%  59%  60%  61%  62%  63%  64%  65%  66%  67%  68%  69%  70%  71%  72%  73%  74%  75%  76%  77%  78%  79%  80%  81%  82%  83%  84%  85%  86%  87%  88%  89%  90%  91%  92%  93%  94%  95%  96%  97%  98%  99% 100%
Info   : ACTP-0001 Activity propagation ended for stim#0
Info   : PWRA-0001 [PwrInfo] compute_power effective options 
       : -mode : vectorless
       : -skip_propagation : 1
       : -use_clock_freq : stim
       : -fromGenus : 1
Info   : ACTP-0001 Timing initialization started
Info   : ACTP-0001 Timing initialization ended
Info   : PWRA-0002 [PwrInfo] Skipping activity propagation due to -skip_ap
       : option....
Info   : PWRA-0002 Started 'vectorless' power computation.
Warning : A required object parameter could not be found. [TUI-78]
        : An object named "" could not be found for attribute 'name'.
Warning : A required object parameter could not be found. [TUI-78]
        : An object named "" could not be found for attribute 'analysis_view'.


Working Directory = /home/ykaraagac/cadence-bitirme/Flows/NanGate45/biriscv_mul_mule_power/scripts/cadence
QoS Summary for biriscv_multiplier
================================================================================
Metric                          generic         map            
================================================================================
Slack (ps):                    -1,457               7
  R2R (ps):                    -1,457               7
  I2R (ps):                       804             910
  R2O (ps):                     1,452           1,486
  I2O (ps):                  no_value        no_value
  CG  (ps):                  no_value        no_value
TNS (ps):                     -44,979               0
  R2R (ps):                   -44,979               0
  I2R (ps):                         0               0
  R2O (ps):                         0               0
  I2O (ps):                  no_value        no_value
  CG  (ps):                  no_value        no_value
Failing Paths:                     32               0
Cell Area:                     15,528           5,239
Total Cell Area:               15,528           5,239
Leaf Instances:                 9,494           3,016
Total Instances:                9,494           3,016
Utilization (%):                 0.00            0.00
Tot. Net Length (um):        no_value        no_value
Avg. Net Length (um):        no_value        no_value
Route Overflow H (%):        no_value        no_value
Route Overflow V (%):        no_value        no_value
MBCI(%) (bits/gate) :            0.00            0.00
Norm Cong Hotspot Area:
  Max Cong:                  no_value        no_value
  Tot Cong:                  no_value        no_value
================================================================================
CPU  Runtime (h:m:s):        00:00:38        00:00:57
Real Runtime (h:m:s):        00:00:34        00:00:35
CPU  Elapsed (h:m:s):        00:00:42        00:01:38
Real Elapsed (h:m:s):        00:00:35        00:01:10
Memory (MB):                  2192.48         2241.48
================================================================================
================================================================================
Flow Settings:
================================================================================
Total Runtime (h:m:s): 00:01:10
Total Memory (MB):     2249.49
Executable Version:    25.12-s067_1
================================================================================
Total Cell Area =  Cell Area + Physical Cell Area
Total Instances =  Leaf Instances + Physical Instances




Info   : PWRA-0009 [PwrInfo] Power Computation Progress Report :   0%   1%   2%   3%   4%   5%   6%   7%   8%   9%  10%  11%  12%  13%  14%  15%  16%  17%  18%  19%  20%  21%  22%  23%  24%  25%  26%  27%  28%  29%  30%  31%  32%  33%  34%  35%  36%  37%  38%  39%  40%  41%  42%  43%  44%  45%  46%  47%  48%  49%  50%  51%  52%  53%  54%  55%  56%  57%  58%  59%  60%  61%  62%  63%  64%  65%  66%  67%  68%  69%  70%  71%  72%  73%  74%  75%  76%  77%  78%  79%  80%  81%  82%  83%  84%  85%  86%  87%  88%  89%  90%  91%  92%  93%  94%  95%  96%  97%  98%  99% 100%
Info   : PWRA-0002 Finished power computation.
Info   : PWRA-0007 [PwrInfo] Completed successfully.
       : Info=6, Warn=0, Error=0, Fatal=0




@file(run_genus_one.tcl) 134: write_db  ${OUTPUTS_PATH}/${DESIGN}_map.db
Finished exporting design database to file 'outputs/genus/job2_mul_500/syn_output/job2_mul_500_map.db' for 'biriscv_multiplier' (command execution time mm:ss cpu = 00:00, real = 00:00).
@file(run_genus_one.tcl) 136: puts "INFO: Starting syn_opt"
INFO: Starting syn_opt
@file(run_genus_one.tcl) 137: syn_opt
Warning : The selected flow setting will be removed in a future release. [SYNTH-33]
        : The use of 'syn_opt' for logical only optimization will be obsolete in a future release.
	Transition to 'syn_opt -logical' or 'syn_opt -spatial'.

        : Contact Cadence support to understand current flows.
Info    : Incrementally optimizing. [SYNTH-7]
        : Incrementally optimizing 'biriscv_multiplier' using 'high' effort.
 
Incremental optimization status
===============================
                                   Group   
                                  Tot Wrst     Total - - DRC Totals - -
                           Total  Weighted      Neg      Max       Max 
Operation                   Area   Slacks      Slack    Trans      Cap 
 init_iopt                  5239        0         0         0       14
-------------------------------------------------------------------------------
 const_prop                 5239        0         0         0       14
 simp_cc_inputs             5236        0         0         0       14
-------------------------------------------------------------------------------
 hi_fo_buf                  5236        0         0         0       14

           Trick     Calls     Accepts   Attempts    Time(secs) 
-----------------------------------------------------------
       hi_fo_buf         0  (        0 /        0 )  0.00

 
Incremental optimization status
===============================
                                   Group   
                                  Tot Wrst     Total - - DRC Totals - -
                           Total  Weighted      Neg      Max       Max 
Operation                   Area   Slacks      Slack    Trans      Cap 
 init_delay                 5236        0         0         0       14

           Trick     Calls     Accepts   Attempts    Time(secs) 
-----------------------------------------------------------
        crit_msz         0  (        0 /        0 )  0.00
       crit_upsz         0  (        0 /        0 )  0.00
       crit_slew         0  (        0 /        0 )  0.00
        setup_dn         0  (        0 /        0 )  0.00
    plc_bal_star         0  (        0 /        0 )  0.00
     drc_buftimb         0  (        0 /        0 )  0.00
          plc_st         0  (        0 /        0 )  0.00
    plc_st_fence         0  (        0 /        0 )  0.00
        plc_star         0  (        0 /        0 )  0.00
      plc_laf_st         0  (        0 /        0 )  0.00
 plc_laf_st_fence         0  (        0 /        0 )  0.00
     drc_buftims         0  (        0 /        0 )  0.00
   plc_laf_lo_st         0  (        0 /        0 )  0.00
       plc_lo_st         0  (        0 /        0 )  0.00
            fopt         0  (        0 /        0 )  0.00
       crit_swap         0  (        0 /        0 )  0.00
       mux2_swap         0  (        0 /        0 )  0.00
       crit_dnsz         0  (        0 /        0 )  0.00
       load_swap         0  (        0 /        0 )  0.00
            fopt         0  (        0 /        0 )  0.00
        setup_dn         0  (        0 /        0 )  0.00
       load_isol         0  (        0 /        0 )  0.00
       load_isol         0  (        0 /        0 )  0.00
        move_for         0  (        0 /        0 )  0.00
        move_for         0  (        0 /        0 )  0.00
          rem_bi         0  (        0 /        0 )  0.00
         offload         0  (        0 /        0 )  0.00
          rem_bi         0  (        0 /        0 )  0.00
         offload         0  (        0 /        0 )  0.00
           phase         0  (        0 /        0 )  0.00
        in_phase         0  (        0 /        0 )  0.00
       merge_bit         0  (        0 /        0 )  0.00
     merge_idrvr         0  (        0 /        0 )  0.00
     merge_iload         0  (        0 /        0 )  0.00
    merge_idload         0  (        0 /        0 )  0.00
      merge_drvr         0  (        0 /        0 )  0.00
      merge_load         0  (        0 /        0 )  0.00
          decomp         0  (        0 /        0 )  0.00
        p_decomp         0  (        0 /        0 )  0.00
        levelize         0  (        0 /        0 )  0.00
        mb_split         0  (        0 /        0 )  0.00
             dup         0  (        0 /        0 )  0.00
      mux_retime         0  (        0 /        0 )  0.00
         buf2inv         0  (        0 /        0 )  0.00
             exp         0  (        0 /        0 )  0.00
       gate_deco         0  (        0 /        0 )  0.00
       gcomp_tim         0  (        0 /        0 )  0.00
  inv_pair_2_buf         0  (        0 /        0 )  0.00


           Trick     Calls     Accepts   Attempts    Time(secs) 
-----------------------------------------------------------
         crr_220         0  (        0 /        0 )  0.00
        crr_glob         0  (        0 /        0 )  0.00
         crr_200         0  (        0 /        0 )  0.00
        crr_glob         0  (        0 /        0 )  0.00
         crr_300         0  (        0 /        0 )  0.00
        crr_glob         0  (        0 /        0 )  0.00
         crr_400         0  (        0 /        0 )  0.00
        crr_glob         0  (        0 /        0 )  0.00
         crr_111         0  (        0 /        0 )  0.00
        crr_glob         0  (        0 /        0 )  0.00
         crr_210         0  (        0 /        0 )  0.00
        crr_glob         0  (        0 /        0 )  0.00
         crr_110         0  (        0 /        0 )  0.00
        crr_glob         0  (        0 /        0 )  0.00
         crr_101         0  (        0 /        0 )  0.00
        crr_glob         0  (        0 /        0 )  0.00
         crr_201         0  (        0 /        0 )  0.00
        crr_glob         0  (        0 /        0 )  0.00
         crr_211         0  (        0 /        0 )  0.00
        crr_glob         0  (        0 /        0 )  0.00
        crit_msz         0  (        0 /        0 )  0.00
       crit_upsz         0  (        0 /        0 )  0.00
       crit_slew         0  (        0 /        0 )  0.00
        setup_dn         0  (        0 /        0 )  0.00
    plc_bal_star         0  (        0 /        0 )  0.00
     drc_buftimb         0  (        0 /        0 )  0.00
          plc_st         0  (        0 /        0 )  0.00
    plc_st_fence         0  (        0 /        0 )  0.00
        plc_star         0  (        0 /        0 )  0.00
      plc_laf_st         0  (        0 /        0 )  0.00
 plc_laf_st_fence         0  (        0 /        0 )  0.00
     drc_buftims         0  (        0 /        0 )  0.00
       plc_lo_st         0  (        0 /        0 )  0.00
            fopt         0  (        0 /        0 )  0.00
       crit_swap         0  (        0 /        0 )  0.00
       mux2_swap         0  (        0 /        0 )  0.00
       crit_dnsz         0  (        0 /        0 )  0.00
       load_swap         0  (        0 /        0 )  0.00
            fopt         0  (        0 /        0 )  0.00
        setup_dn         0  (        0 /        0 )  0.00
       load_isol         0  (        0 /        0 )  0.00
       load_isol         0  (        0 /        0 )  0.00
        move_for         0  (        0 /        0 )  0.00
        move_for         0  (        0 /        0 )  0.00
          rem_bi         0  (        0 /        0 )  0.00
         offload         0  (        0 /        0 )  0.00
          rem_bi         0  (        0 /        0 )  0.00
         offload         0  (        0 /        0 )  0.00
       merge_bit         0  (        0 /        0 )  0.00
     merge_idrvr         0  (        0 /        0 )  0.00
     merge_iload         0  (        0 /        0 )  0.00
    merge_idload         0  (        0 /        0 )  0.00
      merge_drvr         0  (        0 /        0 )  0.00
      merge_load         0  (        0 /        0 )  0.00
           phase         0  (        0 /        0 )  0.00
          decomp         0  (        0 /        0 )  0.00
        p_decomp         0  (        0 /        0 )  0.00
        levelize         0  (        0 /        0 )  0.00
        mb_split         0  (        0 /        0 )  0.00
        in_phase         0  (        0 /        0 )  0.00
             dup         0  (        0 /        0 )  0.00
      mux_retime         0  (        0 /        0 )  0.00
         buf2inv         0  (        0 /        0 )  0.00
             exp         0  (        0 /        0 )  0.00
       gate_deco         0  (        0 /        0 )  0.00
       gcomp_tim         0  (        0 /        0 )  0.00
  inv_pair_2_buf         0  (        0 /        0 )  0.00
 init_drc                   5236        0         0         0       14

           Trick     Calls     Accepts   Attempts    Time(secs) 
-----------------------------------------------------------
          plc_st         0  (        0 /        0 )  0.00
        plc_star         0  (        0 /        0 )  0.00
        drc_bufs         0  (        0 /        0 )  0.00
        drc_fopt         0  (        0 /        0 )  0.00
        drc_bufb         0  (        0 /        0 )  0.00
      simple_buf         0  (        0 /        0 )  0.00
             dup         0  (        0 /        0 )  0.00
       crit_dnsz         0  (        0 /        0 )  0.00
       crit_upsz         0  (        0 /        0 )  0.00
       crit_slew         0  (        0 /        0 )  0.00

 incr_max_cap               5240        0         0         0        0

           Trick     Calls     Accepts   Attempts    Time(secs) 
-----------------------------------------------------------
          plc_st         1  (        0 /        0 )  0.00
        plc_star         1  (        0 /        0 )  0.00
      drc_buf_sp         2  (        0 /        1 )  0.00
        drc_bufs         2  (        1 /        1 )  0.00
        drc_fopt         0  (        0 /        0 )  0.00
        drc_bufb         0  (        0 /        0 )  0.00
      simple_buf         0  (        0 /        0 )  0.00
             dup         0  (        0 /        0 )  0.00
       crit_dnsz         0  (        0 /        0 )  0.00
       crit_upsz         0  (        0 /        0 )  0.00


           Trick     Calls     Accepts   Attempts    Time(secs) 
-----------------------------------------------------------
          plc_st         0  (        0 /        0 )  0.00
        plc_star         0  (        0 /        0 )  0.00
      drc_buf_sp         0  (        0 /        0 )  0.00
        drc_bufs         0  (        0 /        0 )  0.00
        drc_fopt         0  (        0 /        0 )  0.00
        drc_bufb         0  (        0 /        0 )  0.00
             dup         0  (        0 /        0 )  0.00
       crit_dnsz         0  (        0 /        0 )  0.00
       crit_upsz         0  (        0 /        0 )  0.00

 init_tns                   5240        0         0         0        0

           Trick     Calls     Accepts   Attempts    Time(secs) 
-----------------------------------------------------------
            fopt         0  (        0 /        0 )  0.00
    plc_bal_star         0  (        0 /        0 )  0.00
     drc_buftimb         0  (        0 /        0 )  0.00
     drc_buftims         0  (        0 /        0 )  0.00
        crit_msz         0  (        0 /        0 )  0.00
       crit_upsz         0  (        0 /        0 )  0.00
   plc_laf_lo_st         0  (        0 /        0 )  0.00
       plc_lo_st         0  (        0 /        0 )  0.00
       crit_swap         0  (        0 /        0 )  0.00
       mux2_swap         0  (        0 /        0 )  0.00
       crit_dnsz         0  (        0 /        0 )  0.00
       load_swap         0  (        0 /        0 )  0.00
            fopt         0  (        0 /        0 )  0.00
        setup_dn         0  (        0 /        0 )  0.00
       load_isol         0  (        0 /        0 )  0.00
       load_isol         0  (        0 /        0 )  0.00
        move_for         0  (        0 /        0 )  0.00
        move_for         0  (        0 /        0 )  0.00
          rem_bi         0  (        0 /        0 )  0.00
         offload         0  (        0 /        0 )  0.00
          rem_bi         0  (        0 /        0 )  0.00
         offload         0  (        0 /        0 )  0.00
       merge_bit         0  (        0 /        0 )  0.00
     merge_idrvr         0  (        0 /        0 )  0.00
     merge_iload         0  (        0 /        0 )  0.00
    merge_idload         0  (        0 /        0 )  0.00
      merge_drvr         0  (        0 /        0 )  0.00
      merge_load         0  (        0 /        0 )  0.00
           phase         0  (        0 /        0 )  0.00
          decomp         0  (        0 /        0 )  0.00
        p_decomp         0  (        0 /        0 )  0.00
        levelize         0  (        0 /        0 )  0.00
        mb_split         0  (        0 /        0 )  0.00
             dup         0  (        0 /        0 )  0.00
      mux_retime         0  (        0 /        0 )  0.00
       crr_local         0  (        0 /        0 )  0.00
         buf2inv         0  (        0 /        0 )  0.00

 init_area                  5240        0         0         0        0
 rem_buf                    5236        0         0         0        0
 rem_inv                    5228        0         0         0        0
 merge_bi                   5218        0         0         0        0
 rem_inv_qb                 5185        0         0         0        0
 glob_area                  5177        0         0         0        0
 area_down                  5160        0         0         0        0
 rem_buf                    5159        0         0         0        0
 rem_inv                    5157        0         0         0        0
 merge_bi                   5147        0         0         0        0
 merge_bi                   5146        0         0         0        0

           Trick     Calls     Accepts   Attempts    Time(secs) 
-----------------------------------------------------------
           undup         0  (        0 /        0 )  0.00
         rem_buf        19  (        5 /        8 )  0.05
         rem_inv       126  (       14 /       19 )  0.22
        merge_bi       100  (       21 /       26 )  0.19
      rem_inv_qb        70  (        2 /        2 )  0.11
    seq_res_area         2  (        0 /        0 )  0.46
        io_phase         4  (        0 /        1 )  0.02
       gate_comp        14  (        0 /        0 )  0.13
       gcomp_mog        19  (        0 /        0 )  0.09
       glob_area        33  (       10 /       33 )  0.04
       area_down        23  (       11 /       13 )  0.33
      size_n_buf         1  (        0 /        1 )  0.02
  gate_deco_area         0  (        0 /        0 )  0.01
         rem_buf        13  (        1 /        1 )  0.02
         rem_inv        60  (        6 /       11 )  0.11
        merge_bi        66  (       21 /       27 )  0.15
      rem_inv_qb        35  (        0 /        1 )  0.07

 
Incremental optimization status
===============================
                                   Group   
                                  Tot Wrst     Total - - DRC Totals - -
                           Total  Weighted      Neg      Max       Max 
Operation                   Area   Slacks      Slack    Trans      Cap 
 init_delay                 5146        0         0         0        0

           Trick     Calls     Accepts   Attempts    Time(secs) 
-----------------------------------------------------------
         crr_220         0  (        0 /        0 )  0.00
        crr_glob         0  (        0 /        0 )  0.00
         crr_200         0  (        0 /        0 )  0.00
        crr_glob         0  (        0 /        0 )  0.00
         crr_300         0  (        0 /        0 )  0.00
        crr_glob         0  (        0 /        0 )  0.00
         crr_400         0  (        0 /        0 )  0.00
        crr_glob         0  (        0 /        0 )  0.00
         crr_111         0  (        0 /        0 )  0.00
        crr_glob         0  (        0 /        0 )  0.00
         crr_210         0  (        0 /        0 )  0.00
        crr_glob         0  (        0 /        0 )  0.00
         crr_110         0  (        0 /        0 )  0.00
        crr_glob         0  (        0 /        0 )  0.00
         crr_101         0  (        0 /        0 )  0.00
        crr_glob         0  (        0 /        0 )  0.00
         crr_201         0  (        0 /        0 )  0.00
        crr_glob         0  (        0 /        0 )  0.00
         crr_211         0  (        0 /        0 )  0.00
        crr_glob         0  (        0 /        0 )  0.00
        crit_msz         0  (        0 /        0 )  0.00
       crit_upsz         0  (        0 /        0 )  0.00
       crit_slew         0  (        0 /        0 )  0.00
        setup_dn         0  (        0 /        0 )  0.00
    plc_bal_star         0  (        0 /        0 )  0.00
     drc_buftimb         0  (        0 /        0 )  0.00
          plc_st         0  (        0 /        0 )  0.00
    plc_st_fence         0  (        0 /        0 )  0.00
        plc_star         0  (        0 /        0 )  0.00
      plc_laf_st         0  (        0 /        0 )  0.00
 plc_laf_st_fence         0  (        0 /        0 )  0.00
     drc_buftims         0  (        0 /        0 )  0.00
       plc_lo_st         0  (        0 /        0 )  0.00
            fopt         0  (        0 /        0 )  0.00
       crit_swap         0  (        0 /        0 )  0.00
       mux2_swap         0  (        0 /        0 )  0.00
       crit_dnsz         0  (        0 /        0 )  0.00
       load_swap         0  (        0 /        0 )  0.00
            fopt         0  (        0 /        0 )  0.00
        setup_dn         0  (        0 /        0 )  0.00
       load_isol         0  (        0 /        0 )  0.00
       load_isol         0  (        0 /        0 )  0.00
        move_for         0  (        0 /        0 )  0.00
        move_for         0  (        0 /        0 )  0.00
          rem_bi         0  (        0 /        0 )  0.00
         offload         0  (        0 /        0 )  0.00
          rem_bi         0  (        0 /        0 )  0.00
         offload         0  (        0 /        0 )  0.00
       merge_bit         0  (        0 /        0 )  0.00
     merge_idrvr         0  (        0 /        0 )  0.00
     merge_iload         0  (        0 /        0 )  0.00
    merge_idload         0  (        0 /        0 )  0.00
      merge_drvr         0  (        0 /        0 )  0.00
      merge_load         0  (        0 /        0 )  0.00
           phase         0  (        0 /        0 )  0.00
          decomp         0  (        0 /        0 )  0.00
        p_decomp         0  (        0 /        0 )  0.00
        levelize         0  (        0 /        0 )  0.00
        mb_split         0  (        0 /        0 )  0.00
        in_phase         0  (        0 /        0 )  0.00
             dup         0  (        0 /        0 )  0.00
      mux_retime         0  (        0 /        0 )  0.00
         buf2inv         0  (        0 /        0 )  0.00
             exp         0  (        0 /        0 )  0.00
       gate_deco         0  (        0 /        0 )  0.00
       gcomp_tim         0  (        0 /        0 )  0.00
  inv_pair_2_buf         0  (        0 /        0 )  0.00
 init_drc                   5146        0         0         0        0

           Trick     Calls     Accepts   Attempts    Time(secs) 
-----------------------------------------------------------
          plc_st         0  (        0 /        0 )  0.00
        plc_star         0  (        0 /        0 )  0.00
        drc_bufs         0  (        0 /        0 )  0.00
        drc_fopt         0  (        0 /        0 )  0.00
        drc_bufb         0  (        0 /        0 )  0.00
      simple_buf         0  (        0 /        0 )  0.00
             dup         0  (        0 /        0 )  0.00
       crit_dnsz         0  (        0 /        0 )  0.00
       crit_upsz         0  (        0 /        0 )  0.00
       crit_slew         0  (        0 /        0 )  0.00


           Trick     Calls     Accepts   Attempts    Time(secs) 
-----------------------------------------------------------
          plc_st         0  (        0 /        0 )  0.00
        plc_star         0  (        0 /        0 )  0.00
        drc_bufs         0  (        0 /        0 )  0.00
        drc_fopt         0  (        0 /        0 )  0.00
        drc_bufb         0  (        0 /        0 )  0.00
      simple_buf         0  (        0 /        0 )  0.00
             dup         0  (        0 /        0 )  0.00
       crit_dnsz         0  (        0 /        0 )  0.00
       crit_upsz         0  (        0 /        0 )  0.00


           Trick     Calls     Accepts   Attempts    Time(secs) 
-----------------------------------------------------------
          plc_st         0  (        0 /        0 )  0.00
        plc_star         0  (        0 /        0 )  0.00
        drc_bufs         0  (        0 /        0 )  0.00
        drc_fopt         0  (        0 /        0 )  0.00
        drc_bufb         0  (        0 /        0 )  0.00
             dup         0  (        0 /        0 )  0.00
       crit_dnsz         0  (        0 /        0 )  0.00
       crit_upsz         0  (        0 /        0 )  0.00

 init_tns                   5146        0         0         0        0

           Trick     Calls     Accepts   Attempts    Time(secs) 
-----------------------------------------------------------
            fopt         0  (        0 /        0 )  0.00
    plc_bal_star         0  (        0 /        0 )  0.00
     drc_buftimb         0  (        0 /        0 )  0.00
     drc_buftims         0  (        0 /        0 )  0.00
        crit_msz         0  (        0 /        0 )  0.00
       crit_upsz         0  (        0 /        0 )  0.00
   plc_laf_lo_st         0  (        0 /        0 )  0.00
       plc_lo_st         0  (        0 /        0 )  0.00
       crit_swap         0  (        0 /        0 )  0.00
       mux2_swap         0  (        0 /        0 )  0.00
       crit_dnsz         0  (        0 /        0 )  0.00
       load_swap         0  (        0 /        0 )  0.00
            fopt         0  (        0 /        0 )  0.00
        setup_dn         0  (        0 /        0 )  0.00
       load_isol         0  (        0 /        0 )  0.00
       load_isol         0  (        0 /        0 )  0.00
        move_for         0  (        0 /        0 )  0.00
        move_for         0  (        0 /        0 )  0.00
          rem_bi         0  (        0 /        0 )  0.00
         offload         0  (        0 /        0 )  0.00
          rem_bi         0  (        0 /        0 )  0.00
         offload         0  (        0 /        0 )  0.00
       merge_bit         0  (        0 /        0 )  0.00
     merge_idrvr         0  (        0 /        0 )  0.00
     merge_iload         0  (        0 /        0 )  0.00
    merge_idload         0  (        0 /        0 )  0.00
      merge_drvr         0  (        0 /        0 )  0.00
      merge_load         0  (        0 /        0 )  0.00
           phase         0  (        0 /        0 )  0.00
          decomp         0  (        0 /        0 )  0.00
        p_decomp         0  (        0 /        0 )  0.00
        levelize         0  (        0 /        0 )  0.00
        mb_split         0  (        0 /        0 )  0.00
             dup         0  (        0 /        0 )  0.00
      mux_retime         0  (        0 /        0 )  0.00
       crr_local         0  (        0 /        0 )  0.00
         buf2inv         0  (        0 /        0 )  0.00

 init_area                  5146        0         0         0        0
 rem_buf                    5146        0         0         0        0
 merge_bi                   5144        0         0         0        0
 glob_area                  5144        0         0         0        0
 area_down                  5144        0         0         0        0

           Trick     Calls     Accepts   Attempts    Time(secs) 
-----------------------------------------------------------
           undup         0  (        0 /        0 )  0.01
         rem_buf        12  (        1 /        1 )  0.02
         rem_inv        47  (        0 /        4 )  0.08
        merge_bi        44  (        2 /        8 )  0.09
      rem_inv_qb        36  (        0 /        1 )  0.07
        io_phase         4  (        0 /        1 )  0.02
       gate_comp        14  (        0 /        1 )  0.14
       gcomp_mog        19  (        0 /        0 )  0.09
       glob_area        29  (        2 /       29 )  0.01
       area_down        15  (        1 /        3 )  0.15
      size_n_buf         1  (        0 /        0 )  0.01
  gate_deco_area         0  (        0 /        0 )  0.00

 
Incremental optimization status
===============================
                                   Group   
                                  Tot Wrst     Total - - DRC Totals - -
                           Total  Weighted      Neg      Max       Max 
Operation                   Area   Slacks      Slack    Trans      Cap 
 init_delay                 5144        0         0         0        0

           Trick     Calls     Accepts   Attempts    Time(secs) 
-----------------------------------------------------------
        crit_msz         0  (        0 /        0 )  0.00
       crit_upsz         0  (        0 /        0 )  0.00
       crit_slew         0  (        0 /        0 )  0.00
        setup_dn         0  (        0 /        0 )  0.00
    plc_bal_star         0  (        0 /        0 )  0.00
     drc_buftimb         0  (        0 /        0 )  0.00
          plc_st         0  (        0 /        0 )  0.00
    plc_st_fence         0  (        0 /        0 )  0.00
        plc_star         0  (        0 /        0 )  0.00
      plc_laf_st         0  (        0 /        0 )  0.00
 plc_laf_st_fence         0  (        0 /        0 )  0.00
     drc_buftims         0  (        0 /        0 )  0.00
   plc_laf_lo_st         0  (        0 /        0 )  0.00
       plc_lo_st         0  (        0 /        0 )  0.00
            fopt         0  (        0 /        0 )  0.00
       crit_swap         0  (        0 /        0 )  0.00
       mux2_swap         0  (        0 /        0 )  0.00
       crit_dnsz         0  (        0 /        0 )  0.00
       load_swap         0  (        0 /        0 )  0.00
            fopt         0  (        0 /        0 )  0.00
        setup_dn         0  (        0 /        0 )  0.00
       load_isol         0  (        0 /        0 )  0.00
       load_isol         0  (        0 /        0 )  0.00
        move_for         0  (        0 /        0 )  0.00
        move_for         0  (        0 /        0 )  0.00
          rem_bi         0  (        0 /        0 )  0.00
         offload         0  (        0 /        0 )  0.00
          rem_bi         0  (        0 /        0 )  0.00
         offload         0  (        0 /        0 )  0.00
           phase         0  (        0 /        0 )  0.00
        in_phase         0  (        0 /        0 )  0.00
       merge_bit         0  (        0 /        0 )  0.00
     merge_idrvr         0  (        0 /        0 )  0.00
     merge_iload         0  (        0 /        0 )  0.00
    merge_idload         0  (        0 /        0 )  0.00
      merge_drvr         0  (        0 /        0 )  0.00
      merge_load         0  (        0 /        0 )  0.00
          decomp         0  (        0 /        0 )  0.00
        p_decomp         0  (        0 /        0 )  0.00
        levelize         0  (        0 /        0 )  0.00
        mb_split         0  (        0 /        0 )  0.00
             dup         0  (        0 /        0 )  0.00
      mux_retime         0  (        0 /        0 )  0.00
         buf2inv         0  (        0 /        0 )  0.00
             exp         0  (        0 /        0 )  0.00
       gate_deco         0  (        0 /        0 )  0.00
       gcomp_tim         0  (        0 /        0 )  0.00
  inv_pair_2_buf         0  (        0 /        0 )  0.00

 init_drc                   5144        0         0         0        0

           Trick     Calls     Accepts   Attempts    Time(secs) 
-----------------------------------------------------------
          plc_st         0  (        0 /        0 )  0.00
        plc_star         0  (        0 /        0 )  0.00
        drc_bufs         0  (        0 /        0 )  0.00
        drc_fopt         0  (        0 /        0 )  0.00
        drc_bufb         0  (        0 /        0 )  0.00
      simple_buf         0  (        0 /        0 )  0.00
             dup         0  (        0 /        0 )  0.00
       crit_dnsz         0  (        0 /        0 )  0.00
       crit_upsz         0  (        0 /        0 )  0.00
       crit_slew         0  (        0 /        0 )  0.00


           Trick     Calls     Accepts   Attempts    Time(secs) 
-----------------------------------------------------------
          plc_st         0  (        0 /        0 )  0.00
        plc_star         0  (        0 /        0 )  0.00
        drc_bufs         0  (        0 /        0 )  0.00
        drc_fopt         0  (        0 /        0 )  0.00
        drc_bufb         0  (        0 /        0 )  0.00
      simple_buf         0  (        0 /        0 )  0.00
             dup         0  (        0 /        0 )  0.00
       crit_dnsz         0  (        0 /        0 )  0.00
       crit_upsz         0  (        0 /        0 )  0.00


           Trick     Calls     Accepts   Attempts    Time(secs) 
-----------------------------------------------------------
          plc_st         0  (        0 /        0 )  0.00
        plc_star         0  (        0 /        0 )  0.00
        drc_bufs         0  (        0 /        0 )  0.00
        drc_fopt         0  (        0 /        0 )  0.00
        drc_bufb         0  (        0 /        0 )  0.00
             dup         0  (        0 /        0 )  0.00
       crit_dnsz         0  (        0 /        0 )  0.00
       crit_upsz         0  (        0 /        0 )  0.00

==================================
Stage : incr_opt 
==================================
  =================
   Message Summary
  =================
---------------------------------------------------------------------------
|   Id   |  Sev  |Count|                   Message Text                   |
---------------------------------------------------------------------------
|CFM-1   |Info   |    1|Wrote dofile.                                     |
|CFM-5   |Info   |    1|Wrote formal verification information.            |
|PA-7    |Info   |    4|Resetting power analysis results.                 |
|        |       |     |All computed switching activities are removed.    |
|SYNTH-5 |Info   |    1|Done mapping.                                     |
|SYNTH-7 |Info   |    1|Incrementally optimizing.                         |
|SYNTH-33|Warning|    1|The selected flow setting will be removed in a    |
|        |       |     | future release.                                  |
|        |       |     |Contact Cadence support to understand current     |
|        |       |     | flows.                                           |
|TUI-78  |Warning|    2|A required object parameter could not be found.   |
|        |       |     |Check if a previous get_db or find returned an    |
|        |       |     | empty string.                                    |
|TUI-332 |Warning|    4|Usage of path_group with define_cost_group defined|
|        |       |     | before will be obsolete, going forward use       |
|        |       |     | group_path instead.                              |
|        |       |     |Usage of path_group with define_cost_group defined|
|        |       |     | before will be obsolete, going forward use       |
|        |       |     | group_path instead.                              |
---------------------------------------------------------------------------
Info    : Done incrementally optimizing. [SYNTH-8]
        : Done incrementally optimizing 'biriscv_multiplier'.
      flow.cputime  flow.realtime  timing.setup.tns  timing.setup.wns  snapshot
UM:*                                                                   syn_opt
@file(run_genus_one.tcl) 138: write_reports -directory ${REPORTS_PATH} -tag final
Info    : Joules engine is used. [RPT-16]
        : Joules engine is being used for the command report_gates -power.
ENABLED NEW REPORT GATE CMD
Warning : Usage of path_group with define_cost_group defined before will be obsolete, going forward use group_path instead. [TUI-332]
Warning : Usage of path_group with define_cost_group defined before will be obsolete, going forward use group_path instead. [TUI-332]
Warning : Usage of path_group with define_cost_group defined before will be obsolete, going forward use group_path instead. [TUI-332]
Warning : Usage of path_group with define_cost_group defined before will be obsolete, going forward use group_path instead. [TUI-332]
Info   : ACTP-0001 [ACTPInfo] Activity propagation started for stim#0 netlist
       : biriscv_multiplier
Info   : ACTP-0009 [ACTPInfo] Activity Propagation Progress Report :   0%   1%   2%   3%   4%   5%   6%   7%   8%   9%  10%  11%  12%  13%  14%  15%  16%  17%  18%  19%  20%  21%  22%  23%  24%  25%  26%  27%  28%  29%  30%  31%  32%  33%  34%  35%  36%  37%  38%  39%  40%  41%  42%  43%  44%  45%  46%  47%  48%  49%  50%  51%  52%  53%  54%  55%  56%  57%  58%  59%  60%  61%  62%  63%  64%  65%  66%  67%  68%  69%  70%  71%  72%  73%  74%  75%  76%  77%  78%  79%  80%  81%  82%  83%  84%  85%  86%  87%  88%  89%  90%  91%  92%  93%  94%  95%  96%  97%  98%  99% 100%
Warning : A required object parameter could not be found. [TUI-78]
        : An object named "" could not be found for attribute 'name'.
Warning : A required object parameter could not be found. [TUI-78]
        : An object named "" could not be found for attribute 'analysis_view'.
Info   : ACTP-0001 Activity propagation ended for stim#0


Working Directory = /home/ykaraagac/cadence-bitirme/Flows/NanGate45/biriscv_mul_mule_power/scripts/cadence
QoS Summary for biriscv_multiplier
================================================================================
Metric                          generic         map             final          
================================================================================
Slack (ps):                    -1,457               7              14
  R2R (ps):                    -1,457               7              14
  I2R (ps):                       804             910             910
  R2O (ps):                     1,452           1,486           1,486
  I2O (ps):                  no_value        no_value        no_value
  CG  (ps):                  no_value        no_value        no_value
TNS (ps):                     -44,979               0               0
  R2R (ps):                   -44,979               0               0
  I2R (ps):                         0               0               0
  R2O (ps):                         0               0               0
  I2O (ps):                  no_value        no_value        no_value
  CG  (ps):                  no_value        no_value        no_value
Failing Paths:                     32               0               0
Cell Area:                     15,528           5,239           5,144
Total Cell Area:               15,528           5,239           5,144
Leaf Instances:                 9,494           3,016           2,885
Total Instances:                9,494           3,016           2,885
Utilization (%):                 0.00            0.00            0.00
Tot. Net Length (um):        no_value        no_value        no_value
Avg. Net Length (um):        no_value        no_value        no_value
Route Overflow H (%):        no_value        no_value        no_value
Route Overflow V (%):        no_value        no_value        no_value
MBCI(%) (bits/gate) :            0.00            0.00            0.00
Norm Cong Hotspot Area:
  Max Cong:                  no_value        no_value        no_value
  Tot Cong:                  no_value        no_value        no_value
================================================================================
CPU  Runtime (h:m:s):        00:00:38        00:00:57        00:00:04
Real Runtime (h:m:s):        00:00:34        00:00:35        00:00:04
CPU  Elapsed (h:m:s):        00:00:42        00:01:38        00:01:43
Real Elapsed (h:m:s):        00:00:35        00:01:10        00:01:14
Memory (MB):                  2192.48         2241.48         2241.48
================================================================================
================================================================================
Flow Settings:
================================================================================
Total Runtime (h:m:s): 00:01:14
Total Memory (MB):     2249.49
Executable Version:    25.12-s067_1
================================================================================
Total Cell Area =  Cell Area + Physical Cell Area
Total Instances =  Leaf Instances + Physical Instances




Info   : PWRA-0001 [PwrInfo] compute_power effective options 
       : -mode : vectorless
       : -skip_propagation : 1
       : -use_clock_freq : stim
       : -fromGenus : 1
Info   : ACTP-0001 Timing initialization started
Info   : ACTP-0001 Timing initialization ended
Info   : PWRA-0002 [PwrInfo] Skipping activity propagation due to -skip_ap
       : option....
Info   : PWRA-0002 Started 'vectorless' power computation.
Info   : PWRA-0009 [PwrInfo] Power Computation Progress Report :   0%   1%   2%   3%   4%   5%   6%   7%   8%   9%  10%  11%  12%  13%  14%  15%  16%  17%  18%  19%  20%  21%  22%  23%  24%  25%  26%  27%  28%  29%  30%  31%  32%  33%  34%  35%  36%  37%  38%  39%  40%  41%  42%  43%  44%  45%  46%  47%  48%  49%  50%  51%  52%  53%  54%  55%  56%  57%  58%  59%  60%  61%  62%  63%  64%  65%  66%  67%  68%  69%  70%  71%  72%  73%  74%  75%  76%  77%  78%  79%  80%  81%  82%  83%  84%  85%  86%  87%  88%  89%  90%  91%  92%  93%  94%  95%  96%  97%  98%  99% 100%
Info   : PWRA-0002 Finished power computation.
Info   : PWRA-0007 [PwrInfo] Completed successfully.
       : Info=6, Warn=0, Error=0, Fatal=0




@file(run_genus_one.tcl) 139: write_db ${OUTPUTS_PATH}/${DESIGN}_opt.db
Finished exporting design database to file 'outputs/genus/job2_mul_500/syn_output/job2_mul_500_opt.db' for 'biriscv_multiplier' (command execution time mm:ss cpu = 00:00, real = 00:00).
@file(run_genus_one.tcl) 141: report_messages > ${REPORTS_PATH}/${DESIGN}_messages.rpt
@file(run_genus_one.tcl) 142: report_gates > ${REPORTS_PATH}/${DESIGN}_gates.rpt
ENABLED NEW REPORT GATE CMD




@file(run_genus_one.tcl) 143: report_power > ${REPORTS_PATH}/${DESIGN}_power_vectorless.rpt
Info    : Joules engine is used. [RPT-16]
        : Joules engine is being used for the command report_power.
Info   : ACTP-0001 [ACTPInfo] Activity propagation started for stim#0 netlist
       : biriscv_multiplier
Info   : ACTP-0009 [ACTPInfo] Activity Propagation Progress Report :   0%   1%   2%   3%   4%   5%   6%   7%   8%   9%  10%  11%  12%  13%  14%  15%  16%  17%  18%  19%  20%  21%  22%  23%  24%  25%  26%  27%  28%  29%  30%  31%  32%  33%  34%  35%  36%  37%  38%  39%  40%  41%  42%  43%  44%  45%  46%  47%  48%  49%  50%  51%  52%  53%  54%  55%  56%  57%  58%  59%  60%  61%  62%  63%  64%  65%  66%  67%  68%  69%  70%  71%  72%  73%  74%  75%  76%  77%  78%  79%  80%  81%  82%  83%  84%  85%  86%  87%  88%  89%  90%  91%  92%  93%  94%  95%  96%  97%  98%  99% 100%
Info   : ACTP-0001 Activity propagation ended for stim#0
Info   : PWRA-0001 [PwrInfo] compute_power effective options 
       : -mode : vectorless
       : -skip_propagation : 1
       : -use_clock_freq : stim
       : -fromGenus : 1
Info   : ACTP-0001 Timing initialization started
Info   : ACTP-0001 Timing initialization ended
Info   : PWRA-0002 [PwrInfo] Skipping activity propagation due to -skip_ap
       : option....
Info   : PWRA-0002 Started 'vectorless' power computation.
Info   : PWRA-0009 [PwrInfo] Power Computation Progress Report :   0%   1%   2%   3%   4%   5%   6%   7%   8%   9%  10%  11%  12%  13%  14%  15%  16%  17%  18%  19%  20%  21%  22%  23%  24%  25%  26%  27%  28%  29%  30%  31%  32%  33%  34%  35%  36%  37%  38%  39%  40%  41%  42%  43%  44%  45%  46%  47%  48%  49%  50%  51%  52%  53%  54%  55%  56%  57%  58%  59%  60%  61%  62%  63%  64%  65%  66%  67%  68%  69%  70%  71%  72%  73%  74%  75%  76%  77%  78%  79%  80%  81%  82%  83%  84%  85%  86%  87%  88%  89%  90%  91%  92%  93%  94%  95%  96%  97%  98%  99% 100%
Info   : PWRA-0002 Finished power computation.
Info   : PWRA-0007 [PwrInfo] Completed successfully.
       : Info=6, Warn=0, Error=0, Fatal=0
Output file: outputs/genus/job2_mul_500/syn_rpt/job2_mul_500_power_vectorless.rpt
@file(run_genus_one.tcl) 144: report_area > ${REPORTS_PATH}/${DESIGN}_area.rpt
@file(run_genus_one.tcl) 146: write_sdc > ${HANDOFF_PATH}/${DESIGN}.sdc
Finished SDC export (command execution time mm:ss (real) = 00:00).
@file(run_genus_one.tcl) 147: write_hdl > ${HANDOFF_PATH}/${DESIGN}.v
@file(run_genus_one.tcl) 149: puts "INFO: Genus completed for $DESIGN"
INFO: Genus completed for job2_mul_500
@file(run_genus_one.tcl) 151: exit

Lic Summary:
[20:38:31.243160] Cdslmd servers: nemesys3
[20:38:31.243170] Feature usage summary:
[20:38:31.243170] Genus_Synthesis  
Normal exit.