
Cadence Innovus(TM) Implementation System.
Copyright 2025 Cadence Design Systems, Inc. All rights reserved worldwide.

Version:	v25.12-s079_1, built Tue Nov 18 12:56:37 PST 2025
Options:	-overwrite -no_gui -wait 60 -log logs/innovus_core_hybrid_100.log -files run_innovus_one.tcl 
Date:		Mon Jun  8 11:07:41 2026
Host:		dockereda-rocky8 (x86_64 w/Linux 6.8.0-48-generic) (32cores*128cpus*AMD EPYC 9354 32-Core Processor 1024KB)
OS:		Rocky Linux 8.10 (Green Obsidian)

License:
		[11:07:41.515953] Configured Lic search path (25.01-s002): 5280@100.75.31.67

		invs	Innovus Implementation System	INVS100	25.1
		8 CPU jobs allowed with the current license(s). Use setMultiCpuUsage to set your required CPU count.

**Info: Common UI will be the default UI for innovus in the next major release. Please use -legacy_ui when invoking innovus if you wish to continue to use legacy UI.
Change the soft stacksize limit to 0.2%RAM (2063 mbytes). Set global soft_stack_size_limit to change the value.
Info: Process UID = 1028768 / 0b58e1c8-17ef-44a6-badc-280b1143a8d4 / Kq7A2Wz55X

**INFO:  MMMC transition support version v31-84 

<CMD> set_global _enable_mmmc_by_default_flow      $CTE::mmmc_default
<CMD> suppressMessage ENCEXT-2799
Sourcing file "run_innovus_one.tcl" ...
source run_innovus_one.tcl
<CMD> setDesignMode -process 45
**WARN: (IMPDB-6501):	"Option '-process' in setDesignMode" will be obsoleted in future release. Remove it from the script to avoid the interruption of running the script in future.
##  Process: 45            (User Set)               
##     Node: (not set)                           

##  Check design process and node:  
##  Design tech node is not set.

Applying the recommended capacitance filtering threshold values for 45nm process node: total_c_th=0, relative_c_th=1 and coupling_c_th=0.1.
	These values will be used by all post-route extraction engines, including TQuantus, IQuantus and Quantus QRC extraction.
	Capacitance filtering mode(-capFilterMode option of the setExtractRCMode) is 'relAndCoup' for all engines.
	The accuracy mode for postRoute effortLevel low extraction will be set to 'high'.
	Default value for EffortLevel(-effortLevel option of the setExtractRCMode) in postRoute extraction mode will be 'medium' if Quantus QRC technology file is specified else 'low'.
<CMD> create_library_set -name WC_LIB -timing $libworst
<CMD> create_library_set -name BC_LIB -timing $libbest
<CMD> create_rc_corner -name Cmax -qx_tech_file $qrc_max
<CMD> create_rc_corner -name Cmin -qx_tech_file $qrc_min
<CMD> create_delay_corner -name WC -library_set WC_LIB -rc_corner Cmax
<CMD> create_delay_corner -name BC -library_set BC_LIB -rc_corner Cmin
<CMD> create_constraint_mode -name CON -sdc_file $sdc
<CMD> create_analysis_view -name WC_VIEW -delay_corner WC -constraint_mode CON
<CMD> create_analysis_view -name BC_VIEW -delay_corner BC -constraint_mode CON
<CMD> setMultiCpuUsage -localCpu 16
<CMD> set init_pwr_net VDD
<CMD> set init_gnd_net VSS
<CMD> set init_verilog outputs/genus/core_hybrid_100/syn_handoff/core_hybrid_100.v
<CMD> set init_design_netlisttype Verilog
<CMD> set init_design_settop 1
<CMD> set init_top_cell riscv_core
<CMD> set init_lef_file {../../../../../Enablements/NanGate45/lef/NangateOpenCellLibrary.tech.lef ../../../../../Enablements/NanGate45/lef/NangateOpenCellLibrary.macro.mod.lef}
<CMD> init_design -setup WC_VIEW -hold BC_VIEW

Loading LEF file ../../../../../Enablements/NanGate45/lef/NangateOpenCellLibrary.tech.lef ...

Loading LEF file ../../../../../Enablements/NanGate45/lef/NangateOpenCellLibrary.macro.mod.lef ...
Set DBUPerIGU to M2 pitch 380.

##  Check design process and node:  
##  Design tech node is not set.

Starting library reading in 'Multi-threaded flow' (with '16' threads)
Reading WC_LIB timing library /home/ykaraagac/cadence-bitirme/Enablements/NanGate45/lib/NangateOpenCellLibrary_typical.lib.
Read 135 cells in library NangateOpenCellLibrary.
Library reading multithread flow ended.
*** End library_loading (cpu=0.04min, real=0.00min, mem=11.9M, fe_cpu=0.34min, fe_real=0.33min, fe_mem=1701.5M) ***
#% Begin Load netlist data ... (date=06/08 11:08:01, mem=1701.5M)
*** Begin netlist parsing (mem=1701.5M) ***
**WARN: (IMPVL-159):	Pin 'Z' of cell 'LOGIC1_X1' is defined in LEF but not in the timing library.
Type 'man IMPVL-159' for more detail.
**WARN: (IMPVL-159):	Pin 'Z' of cell 'LOGIC0_X1' is defined in LEF but not in the timing library.
Type 'man IMPVL-159' for more detail.
Created 135 new cells from 1 timing libraries.
Reading netlist ...
Backslashed names will retain backslash and a trailing blank character.
Reading verilog netlist 'outputs/genus/core_hybrid_100/syn_handoff/core_hybrid_100.v'

*** Memory Usage v#3 (Current mem = 1719.539M, initial mem = 775.000M) ***
*** End netlist parsing (cpu=0:00:00.2, real=0:00:00.0, mem=1719.5M) ***
#% End Load netlist data ... (date=06/08 11:08:01, total cpu=0:00:00.2, real=0:00:00.0, peak res=1719.5M, current mem=1719.5M)
Set top cell to riscv_core.
**WARN: (IMPTS-124):	Timing library description of pin 'Z' is missing from cell 'LOGIC1_X1' in timing library 'NangateOpenCellLibrary'.
Type 'man IMPTS-124' for more detail.
**WARN: (IMPTS-124):	Timing library description of pin 'Z' is missing from cell 'LOGIC0_X1' in timing library 'NangateOpenCellLibrary'.
Type 'man IMPTS-124' for more detail.
Hooked 135 DB cells to tlib cells.
Starting recursive module instantiation check.
No recursion found.
Building hierarchical netlist for Cell riscv_core ...
***** UseNewTieNetMode *****.
*** Netlist is unique.
** info: there are 159 modules.
** info: there are 28123 stdCell insts.
** info: there are 28123 stdCell insts with at least one signal pin.

*** Memory Usage v#3 (Current mem = 1760.484M, initial mem = 775.000M) ***
Start create_tracks
Generated pitch 1.68 in metal10 is different from 1.6 defined in technology file in preferred direction.
Generated pitch 0.84 in metal8 is different from 0.8 defined in technology file in preferred direction.
Generated pitch 0.84 in metal7 is different from 0.8 defined in technology file in preferred direction.
WC_VIEW BC_VIEW
Extraction setup Started for TopCell riscv_core 
Initializing multi-corner RC extraction with 2 active RC Corners ...
Captable file(s) not specified in multi-corner setup. PreRoute extraction will use technology file. For postRoute extraction, default value for effort level would be 'medium' and effort level 'low' would not be allowed.
Generating auto layer map file.
Importing multi-corner technology file(s) for preRoute extraction...
../../../../../Enablements/NanGate45/qrc/NG45.tch
Generating auto layer map file.

Completed (cpu: 0:00:00.4 real: 0:00:02.0)
Set Shrink Factor to 1.00000
Summary of Active RC-Corners : 
 
 Analysis View: WC_VIEW
    RC-Corner Name        : Cmax
    RC-Corner Index       : 0
    RC-Corner Temperature : 25 Celsius
    RC-Corner Cap Table   : ''
    RC-Corner PreRoute Res Factor         : 1
    RC-Corner PreRoute Cap Factor         : 1
    RC-Corner PostRoute Res Factor        : 1 {1 1 1}
    RC-Corner PostRoute Cap Factor        : 1 {1 1 1}
    RC-Corner PostRoute XCap Factor       : 1 {1 1 1}
    RC-Corner PreRoute Clock Res Factor   : 1	[Derived from postRoute_res (effortLevel low)]
    RC-Corner PreRoute Clock Cap Factor   : 1	[Derived from postRoute_cap (effortLevel low)]
    RC-Corner PostRoute Clock Cap Factor  : 1 {1 1 1} 	[Derived from postRoute_cap (effortLevel low)]
    RC-Corner PostRoute Clock Res Factor  : 1 {1 1 1} 	[Derived from postRoute_res (effortLevel low)]
    RC-Corner PostRoute Clock coupling capacitance Factor : 1 {1 1 1} 
    RC-Corner Technology file: '../../../../../Enablements/NanGate45/qrc/NG45.tch'
 
 Analysis View: BC_VIEW
    RC-Corner Name        : Cmin
    RC-Corner Index       : 1
    RC-Corner Temperature : 25 Celsius
    RC-Corner Cap Table   : ''
    RC-Corner PreRoute Res Factor         : 1
    RC-Corner PreRoute Cap Factor         : 1
    RC-Corner PostRoute Res Factor        : 1 {1 1 1}
    RC-Corner PostRoute Cap Factor        : 1 {1 1 1}
    RC-Corner PostRoute XCap Factor       : 1 {1 1 1}
    RC-Corner PreRoute Clock Res Factor   : 1	[Derived from postRoute_res (effortLevel low)]
    RC-Corner PreRoute Clock Cap Factor   : 1	[Derived from postRoute_cap (effortLevel low)]
    RC-Corner PostRoute Clock Cap Factor  : 1 {1 1 1} 	[Derived from postRoute_cap (effortLevel low)]
    RC-Corner PostRoute Clock Res Factor  : 1 {1 1 1} 	[Derived from postRoute_res (effortLevel low)]
    RC-Corner PostRoute Clock coupling capacitance Factor : 1 {1 1 1} 
    RC-Corner Technology file: '../../../../../Enablements/NanGate45/qrc/NG45.tch'
Updating RC Grid density data for preRoute extraction ...
Initializing multi-corner resistance tables ...
Default value for postRoute extraction mode's effortLevel (-effortLevel option of setExtractRCMode) changed to 'medium'.
*Info: initialize multi-corner CTS.
Total CPU(s) requested: 16
Total CPU(s) enabled with current License(s): 8
Current free CPU(s): 8
Additional license(s) checked out: 1 Innovus_CPU_Opt license(s) for 8 CPU(s)
[11:08:06.324571] Periodic Lic check successful
[11:08:06.324586] Feature usage summary:
[11:08:06.324586] Innovus_Impl_System  
[11:08:06.324587] Innovus_CPU_Opt  
Total CPU(s) now enabled: 16
Multithreaded Timing Analysis is initialized with 16 threads

Reading timing constraints file '/home/ykaraagac/cadence-bitirme/Flows/NanGate45/biriscv_2mul_vs_hybrid/constraints/core_100MHz.sdc' ...
Current (total cpu=0:00:22.6, real=0:00:25.0, peak res=2447.7M, current mem=2447.7M)
------------------------------------------------------------------------------------
CONSTRAINT READING SUMMARY                                                          
------------------------------------------------------------------------------------
Constraint                                        | Success        | Fail           
------------------------------------------------------------------------------------
set_output_delay                                  | 1              | 0              
all_outputs                                       | 1              | 0              
set_input_delay                                   | 1              | 0              
all_inputs                                        | 1              | 0              
set_clock_uncertainty                             | 1              | 0              
get_clocks                                        | 1              | 0              
set_false_path                                    | 1              | 0              
create_clock                                      | 1              | 0              
get_ports                                         | 3              | 0              
------------------------------------------------------------------------------------
INFO (CTE): Constraints read successfully.
WARNING (CTE-25): Line: 6 of File /home/ykaraagac/cadence-bitirme/Flows/NanGate45/biriscv_2mul_vs_hybrid/constraints/core_100MHz.sdc : Skipped unsupported command: set_max_area


Ending "Constraint file reading stats" (total cpu=0:00:00.1, real=0:00:00.0, peak res=2479.7M, current mem=2479.7M)
Current (total cpu=0:00:22.7, real=0:00:25.0, peak res=2479.7M, current mem=2479.7M)
Total number of combinational cells: 93
Total number of sequential cells: 29
Total number of tristate cells: 6
Total number of level shifter cells: 0
Total number of power gating cells: 0
Total number of isolation cells: 0
Total number of power switch cells: 0
Total number of pulse generator cells: 0
Total number of always on buffers: 0
Total number of retention cells: 0
Total number of physical cells: 7
List of usable buffers: CLKBUF_X1 BUF_X1 CLKBUF_X2 BUF_X2 CLKBUF_X3 BUF_X4 BUF_X8 BUF_X16 BUF_X32
Total number of usable buffers: 9
List of unusable buffers:
Total number of unusable buffers: 0
List of usable inverters: INV_X1 INV_X2 INV_X4 INV_X8 INV_X16 INV_X32
Total number of usable inverters: 6
List of unusable inverters:
Total number of unusable inverters: 0
List of identified usable delay cells:
Total number of identified usable delay cells: 0
List of identified unusable delay cells:
Total number of identified unusable delay cells: 0
No delay cells were detected in the set of buffers. Buffers will be used to fix hold violations.

*** Summary of all messages that are not suppressed in this session:
Severity  ID               Count  Summary                                  
WARNING   IMPTS-124            2  Timing library description of pin '%s' i...
WARNING   IMPVL-159            2  Pin '%s' of cell '%s' is defined in LEF ...
*** Message Summary: 4 warning(s), 0 error(s)

<CMD> set_power_analysis_mode -leakage_power_view WC_VIEW -dynamic_power_view WC_VIEW
** WARN:  (VOLTUS_POWR-3212): The 'set_power_analysis_mode -leakage_power_view |-dynamic_power_view|-analysis_view' will be obsolete in 18.20 release. Use 'set_analysis_view -leakage <> | -dynamic <>' to set leakage and dynamic power views.

** WARN:  (VOLTUS_POWR-3212): The 'set_power_analysis_mode -leakage_power_view |-dynamic_power_view|-analysis_view' will be obsolete in 18.20 release. Use 'set_analysis_view -leakage <> | -dynamic <>' to set leakage and dynamic power views.

<CMD> set_interactive_constraint_modes {CON}
<CMD> setAnalysisMode -reset
<CMD> setAnalysisMode -analysisType onChipVariation -cppr both
<CMD> clearGlobalNets
<CMD> globalNetConnect VDD -type pgpin -pin VDD -inst * -override
<CMD> globalNetConnect VSS -type pgpin -pin VSS -inst * -override
<CMD> globalNetConnect VDD -type tiehi -inst * -override
<CMD> globalNetConnect VSS -type tielo -inst * -override
<CMD> createBasicPathGroups -expanded
Created reg2reg path group
Effort level <high> specified for reg2reg path_group
<CMD> floorPlan -site FreePDK45_38x28_10R_NP_162NW_34O -r 1.0 0.70 10 10 10 10
Adjusting coreMargin left    to finFet grid (PlacementGrid) : after adjusting :10.07
Adjusting coreMargin bottom  to finFet grid (PlacementGrid) : after adjusting :10.08
Adjusting coreMargin right   to finFet grid (PlacementGrid) : after adjusting :10.07
Adjusting coreMargin top     to finFet grid (PlacementGrid) : after adjusting :10.08
Adjusting core size to PlacementGrid : width :295.26 height : 294
Start create_tracks
Generated pitch 1.68 in metal10 is different from 1.6 defined in technology file in preferred direction.
Generated pitch 0.84 in metal8 is different from 0.8 defined in technology file in preferred direction.
Generated pitch 0.84 in metal7 is different from 0.8 defined in technology file in preferred direction.
<CMD> assignIoPins -align -autoBusGroup
#% Begin assignIoPins (date=06/08 11:08:07, mem=2772.1M)
Starting IO pin assignment...
The design is not placed. Using floorplan based method for pin assignment.
Completed IO pin assignment.
#% End assignIoPins (date=06/08 11:08:07, total cpu=0:00:00.2, real=0:00:00.0, peak res=2810.1M, current mem=2798.3M)
<CMD> setDesignMode -topRoutingLayer 10
<CMD> setDesignMode -bottomRoutingLayer 2
<CMD> place_opt_design -out_dir outputs/innovus/core_hybrid_100/vcd/reports -prefix place
#% Begin place_opt_design (date=06/08 11:08:07, mem=2798.3M)
**INFO: User settings:
setDesignMode -bottomRoutingLayer  2
setDesignMode -process             45
setDesignMode -topRoutingLayer     10
setExtractRCMode -coupling_c_th    3
setExtractRCMode -relative_c_th    0.03
setExtractRCMode -total_c_th       5
setDelayCalMode -engine            aae
setAnalysisMode -analysisType      onChipVariation
setAnalysisMode -cppr              both

Info: Logic Synthesis step was not run from RTL in this session / on this DB.
Info: Synthesize design with physical option was not run earlier in this session / on this DB.
Info: place_opt_design is not being run for the first time in this session
Info: place_opt_design has been started with standard effort
Checking for testpoints in the design....
Info: There is no testpoint present in the design. Skipping physical test point optimization.

*** place_opt_design #1 [begin] () : totSession cpu/real = 0:00:24.6/0:00:23.0 (1.1), mem = 2809.3M
No user sequential activity specified, applying default sequential activity of "0.2" for Dynamic Power reporting.
'set_default_switching_activity' finished successfully.
*** Starting GigaPlace ***
-earlyGlobalBlockTracks {}                # string, default="", private
-earlyGlobalCapacityScreen {}             # string, default="", private
There is no track adjustment
Starting place_opt_design V2 flow
*** GlobalPlace #1 [begin] (place_opt_design #1) : totSession cpu/real = 0:00:24.7/0:00:23.0 (1.1), mem = 2831.7M
*** Starting delete buffer tree (mem=2832.7M) ***

Buffer/Inverters difference: -203
*** Finished delete buffer tree (cpu=0:00:02.6 real=0:00:00.0 mem=2639.4M) ***
INFO: #ExclusiveGroups=0
INFO: There are no Exclusive Groups.
Extracting standard cell pins and blockage ...... 
Pin and blockage extraction finished
Extracting macro/IO cell pins and blockage ...... 
Pin and blockage extraction finished
No user-set net weight.
Net fanout histogram:
2		: 18189 (61.3%) nets
3		: 5479 (18.5%) nets
4     -	14	: 5032 (17.0%) nets
15    -	39	: 825 (2.8%) nets
40    -	79	: 119 (0.4%) nets
80    -	159	: 14 (0.0%) nets
160   -	319	: 0 (0.0%) nets
320   -	639	: 2 (0.0%) nets
640   -	1279	: 1 (0.0%) nets
1280  -	2559	: 0 (0.0%) nets
2560  -	5119	: 1 (0.0%) nets
5120+		: 1 (0.0%) nets
Scan chains were not defined.
#std cell=27920 (0 fixed + 27920 movable) #buf cell=0 #inv cell=2587 #block=0 (0 floating + 0 preplaced)
#ioInst=0 #net=29663 #term=122154 #term/net=4.12, #fixedIo=0, #floatIo=0, #fixedPin=0, #floatPin=271
stdCell: 27920 single + 0 double + 0 multi
Total standard cell length = 43.3067 (mm), area = 0.0606 (mm^2)
Average module density = 0.698.
Density for the design = 0.698.
       = stdcell_area 227930 sites (60629 um^2) / alloc_area 326340 sites (86806 um^2).
Pin Density = 0.3743.
            = total # of pins 122154 / total area 326340.
Enabling multi-CPU acceleration with 16 CPU(s) for placement
[spp] 0
Clock gating cells determined by native netlist tracing.
=== lastAutoLevel = 9 
Iteration  1: Total net bbox = 6.294e+04 (2.90e+04 3.39e+04)
              Est.  stn bbox = 7.132e+04 (3.35e+04 3.78e+04)
              cpu = 0:00:00.3 real = 0:00:01.0 mem = 2685.8M
Iteration  2: Total net bbox = 6.294e+04 (2.90e+04 3.39e+04)
              Est.  stn bbox = 7.132e+04 (3.35e+04 3.78e+04)
              cpu = 0:00:00.0 real = 0:00:00.0 mem = 2685.8M
*** Finished SKP initialization (cpu=0:00:08.4, real=0:00:02.0)***
SKP will use view:
  WC_VIEW
Iteration  3: Total net bbox = 6.751e+04 (3.07e+04 3.68e+04)
              Est.  stn bbox = 8.340e+04 (3.86e+04 4.48e+04)
              cpu = 0:00:13.9 real = 0:00:03.0 mem = 3074.7M
Iteration  4: Total net bbox = 3.120e+05 (1.26e+05 1.86e+05)
              Est.  stn bbox = 4.097e+05 (1.69e+05 2.40e+05)
              cpu = 0:00:17.2 real = 0:00:01.0 mem = 3139.9M
Iteration  5: Total net bbox = 3.120e+05 (1.26e+05 1.86e+05)
              Est.  stn bbox = 4.097e+05 (1.69e+05 2.40e+05)
              cpu = 0:00:00.0 real = 0:00:00.0 mem = 3139.9M
Iteration  6: Total net bbox = 3.732e+05 (1.96e+05 1.77e+05)
              Est.  stn bbox = 5.181e+05 (2.74e+05 2.44e+05)
              cpu = 0:00:13.0 real = 0:00:01.0 mem = 3102.8M
[NR-eGR] Started Early Global Route kernel ( Curr Mem: 2.48 MB )
Iteration  7: Total net bbox = 4.102e+05 (2.15e+05 1.95e+05)
              Est.  stn bbox = 5.637e+05 (2.96e+05 2.68e+05)
              cpu = 0:00:12.5 real = 0:00:02.0 mem = 3110.6M
Iteration  8: Total net bbox = 4.102e+05 (2.15e+05 1.95e+05)
              Est.  stn bbox = 5.637e+05 (2.96e+05 2.68e+05)
              cpu = 0:00:00.0 real = 0:00:00.0 mem = 3110.6M
Iteration  9: Total net bbox = 4.367e+05 (2.29e+05 2.08e+05)
              Est.  stn bbox = 5.966e+05 (3.13e+05 2.84e+05)
              cpu = 0:00:13.8 real = 0:00:02.0 mem = 3110.2M
Iteration 10: Total net bbox = 4.367e+05 (2.29e+05 2.08e+05)
              Est.  stn bbox = 5.966e+05 (3.13e+05 2.84e+05)
              cpu = 0:00:00.0 real = 0:00:00.0 mem = 3110.2M
Iteration 11: Total net bbox = 4.419e+05 (2.32e+05 2.10e+05)
              Est.  stn bbox = 6.026e+05 (3.17e+05 2.86e+05)
              cpu = 0:00:10.4 real = 0:00:01.0 mem = 3114.7M
Iteration 12: Total net bbox = 4.419e+05 (2.32e+05 2.10e+05)
              Est.  stn bbox = 6.026e+05 (3.17e+05 2.86e+05)
              cpu = 0:00:00.0 real = 0:00:00.0 mem = 3114.7M
Iteration 13: Total net bbox = 4.335e+05 (2.25e+05 2.09e+05)
              Est.  stn bbox = 5.842e+05 (3.04e+05 2.80e+05)
              cpu = 0:00:31.5 real = 0:00:04.0 mem = 3129.4M
Iteration 14: Total net bbox = 4.335e+05 (2.25e+05 2.09e+05)
              Est.  stn bbox = 5.842e+05 (3.04e+05 2.80e+05)
              cpu = 0:00:00.1 real = 0:00:00.0 mem = 3129.4M
Finished Global Placement (cpu=0:01:53, real=0:00:17.0, mem=3129.4M)
0 delay mode for cte disabled.
Info: 0 clock gating cells identified, 0 (on average) moved 0/7
**INFO user setting to run inv-resyn!
INV-Resyn: there are 2587 deletable inverters
[Inverter Restructure]: Starting analysis of design 'riscv_core' of instances=27920 and nets=37689.
[Inverter Restructure]: Found 31437 root-nets and 2587 deletable inverters for buffering analysis.
[Inverter Restructure]: minFanout is 5
inv-resyn real minFanout is 5
[Inverter Restructure]: Exp #added inverter: 590
ratio is 0.11403 
NBF resyn would process 295 inverters
INV-Resyn: the clusterSize is: 50, and the hpwlLimit is: 266000 (95, 2800)
*** Starting nbf clustering (mem=2883.1M) ***
	CornerforLayerOpt timing analysis view WC_VIEW has been selected for calibration 
	CornerforLayerOpt timing analysis view WC_VIEW has been selected for calibration 
	CornerforLayerOpt timing analysis view WC_VIEW has been selected for calibration 
	CornerforLayerOpt timing analysis view WC_VIEW has been selected for calibration 

Buffer/Inverters difference: 311
Number of created clusters: 901
*** Finished nbf clustering (cpu=0:00:00.8 real=0:00:01.0 mem=2993.8M) ***
Begin: Reorder Scan Chains
**WARN: (IMPSP-9025):	No scan chain specified/traced.
Type 'man IMPSP-9025' for more detail.
End: Reorder Scan Chains
*** Starting refinePlace (0:02:22 mem=2990.4M) ***
Total net bbox length = 4.464e+05 (2.309e+05 2.154e+05) (ext = 3.308e+04)
Move report: Detail placement moved 28230 insts, mean move: 0.79 um, max move: 46.89 um 
	Max move on inst (u_issue/u_pipe0_ctrl/FE_DBTC347_exec0_hold_w): (123.98, 156.13) --> (157.32, 169.68)
	Runtime: CPU: 0:00:04.6 REAL: 0:00:02.0 MEM: 3160.7MB
Summary Report:
Instances moved: 28230 (out of 28231 movable)
Instances flipped: 0
Mean displacement: 0.79 um
Max displacement: 46.89 um (Instance: u_issue/u_pipe0_ctrl/FE_DBTC347_exec0_hold_w) (123.984, 156.129) -> (157.32, 169.68)
	Length: 2 sites, height: 1 rows, site name: FreePDK45_38x28_10R_NP_162NW_34O, cell type: INV_X1
Physical-only instances moved: 0 (out of 0 movable physical-only)
Total net bbox length = 4.353e+05 (2.199e+05 2.154e+05) (ext = 3.301e+04)
Runtime: CPU: 0:00:04.6 REAL: 0:00:02.0 MEM: 3160.7MB
*** Finished refinePlace (0:02:27 mem=3160.7M) ***
*** Finished Initial Placement (cpu=0:01:59, real=0:00:20.0, mem=3014.7M) ***

*** Start incrementalPlace ***
No Views given, use default active views for adaptive view pruning
Active views:
  WC_VIEW
[NR-eGR] Early global route reroute all routable nets
[NR-eGR] Track table information for default rule: 
[NR-eGR] metal1 has single uniform track structure
[NR-eGR] metal2 has single uniform track structure
[NR-eGR] metal3 has single uniform track structure
[NR-eGR] metal4 has single uniform track structure
[NR-eGR] metal5 has single uniform track structure
[NR-eGR] metal6 has single uniform track structure
[NR-eGR] metal7 has single uniform track structure
[NR-eGR] metal8 has single uniform track structure
[NR-eGR] metal9 has single uniform track structure
[NR-eGR] metal10 has single uniform track structure
[NR-eGR] Read 0 PG shapes
[NR-eGR] Read 0 clock shapes
[NR-eGR] Read 0 other shapes
[NR-eGR] #Routing Blockages  : 0
[NR-eGR] #Bump Blockages     : 0
[NR-eGR] #Instance Blockages : 0
[NR-eGR] #PG Blockages       : 0
[NR-eGR] #Halo Blockages     : 0
[NR-eGR] #Boundary Blockages : 0
[NR-eGR] #Clock Blockages    : 0
[NR-eGR] #Other Blockages    : 0
[NR-eGR] #prerouted nets         : 0
[NR-eGR] #prerouted special nets : 0
[NR-eGR] #prerouted wires        : 0
[NR-eGR] Read 29974 nets ( ignored 0 )
[NR-eGR] Handle net priority by net group ordering
[NR-eGR] There are 1 clock nets ( 0 with NDR ).
[NR-eGR] == Routing rule table ==
[NR-eGR]  ID  Name       #Nets 
[NR-eGR] ----------------------
[NR-eGR]   0  (Default)  29974 
[NR-eGR] Layer group 1: route 29974 net(s) in layer range [2, 10]
[NR-eGR] Early Global Route overflow of layer group 1: 0.05% H + 0.08% V. EstWL: 5.554080e+05um
[NR-eGR] Congestion Analysis By layer: (blocked Gcells are excluded) 
[NR-eGR]                        OverCon           OverCon            
[NR-eGR]                         #Gcell            #Gcell     %Gcell
[NR-eGR]        Layer             (1-2)             (3-4)    OverCon
[NR-eGR] ---------------------------------------------------------------
[NR-eGR]  metal1 ( 1)         0( 0.00%)         0( 0.00%)   ( 0.00%) 
[NR-eGR]  metal2 ( 2)       298( 0.59%)        10( 0.02%)   ( 0.61%) 
[NR-eGR]  metal3 ( 3)       216( 0.43%)        14( 0.03%)   ( 0.45%) 
[NR-eGR]  metal4 ( 4)       336( 0.67%)        16( 0.03%)   ( 0.70%) 
[NR-eGR]  metal5 ( 5)       157( 0.31%)         4( 0.01%)   ( 0.32%) 
[NR-eGR]  metal6 ( 6)        55( 0.11%)         0( 0.00%)   ( 0.11%) 
[NR-eGR]  metal7 ( 7)        10( 0.02%)         0( 0.00%)   ( 0.02%) 
[NR-eGR]  metal8 ( 8)         1( 0.00%)         0( 0.00%)   ( 0.00%) 
[NR-eGR]  metal9 ( 9)         0( 0.00%)         0( 0.00%)   ( 0.00%) 
[NR-eGR] metal10 (10)         0( 0.00%)         0( 0.00%)   ( 0.00%) 
[NR-eGR] ---------------------------------------------------------------
[NR-eGR]        Total      1073( 0.24%)        44( 0.01%)   ( 0.25%) 
[NR-eGR] 
[NR-eGR] Overflow after Early Global Route 0.06% H + 0.03% V
[NR-eGR] Finished Early Global Route kernel ( CPU: 6.46 sec, Real: 0.92 sec, Curr Mem: 2.52 MB )
Early Global Route congestion estimation runtime: 0.92 seconds, mem = 3054.0M
Local HotSpot Analysis: normalized max congestion hotspot area = 0.44, normalized total congestion hotspot area = 0.44 (area is in unit of 4 std-cell row bins)
Skipped repairing congestion.
[NR-eGR] Connected 0 must-join pins/ports (post-process)
[NR-eGR] Total eGR-routed clock nets wire length: 14786um, number of vias: 16157
[NR-eGR] --------------------------------------------------------------------------
[NR-eGR]                  Length (um)    Vias 
[NR-eGR] -------------------------------------
[NR-eGR]  metal1   (1H)             0  122505 
[NR-eGR]  metal2   (2V)        117595  155653 
[NR-eGR]  metal3   (3H)        212675   55766 
[NR-eGR]  metal4   (4V)         92477   13629 
[NR-eGR]  metal5   (5H)         62067   10531 
[NR-eGR]  metal6   (6V)         74591    1592 
[NR-eGR]  metal7   (7H)         10833     702 
[NR-eGR]  metal8   (8V)         10978      26 
[NR-eGR]  metal9   (9H)            43       6 
[NR-eGR]  metal10  (10V)           16       0 
[NR-eGR] -------------------------------------
[NR-eGR]           Total       581274  360410 
[NR-eGR] --------------------------------------------------------------------------
[NR-eGR] Total half perimeter of net bounding box: 435308um
[NR-eGR] Total length: 581274um, number of vias: 360410
[NR-eGR] --------------------------------------------------------------------------
Early Global Route wiring runtime: 0.22 seconds, mem = 3101.8M
Tdgp not enabled or already been cleared! skip clearing

*** Finished incrementalPlace (cpu=0:00:07.6, real=0:00:01.0)***
Tdgp not enabled or already been cleared! skip clearing
**placeDesign ... cpu = 0: 2:10, real = 0: 0:23, mem = 3050.7M **
AAE DB initialization (MEM=3070.683594 CPU=0:00:00.0 REAL=0:00:00.0) 
*** GlobalPlace #1 [finish] (place_opt_design #1) : cpu/real = 0:02:10.5/0:00:22.9 (5.7), totSession cpu/real = 0:02:35.2/0:00:46.0 (3.4), mem = 3070.7M
Enable CTE adjustment.
Enable Layer aware incrSKP.
**optDesign ... cpu = 0:00:00, real = 0:00:00, mem = 3070.7M, totSessionCpu=0:02:35 **
GigaOpt running with 16 threads.
*** InitOpt #1 [begin] (place_opt_design #1) : totSession cpu/real = 0:02:35.3/0:00:46.0 (3.4), mem = 3070.7M
**INFO: setDesignMode -flowEffort standard -> setting 'setOptMode -allEndPoints true' for the duration of this command.
Updating RC Grid density data for preRoute extraction ...
Initializing multi-corner resistance tables ...
AAE DB initialization (MEM=3074.183594 CPU=0:00:00.0 REAL=0:00:00.0) 
WC_LIB BC_LIB
Info: Using SynthesisEngine executable '/eda/cadence/DDI251/INNOVUS251/bin/innovus_'.
      SynthesisEngine workers will not check out additional licenses.
**optDesign ... cpu = 0:00:01, real = 0:00:18, mem = 3073.0M, totSessionCpu=0:02:36 **
#optDebug: { P: 45 W: 6201 FE: standard PE: none LDR: 1}
*** optDesign -preCTS ***
DRC Margin: user margin 0.0; extra margin 0.2
Setup Target Slack: user slack 0; extra slack 0.0
Hold Target Slack: user slack 0
**WARN: (IMPOPT-3195):	Analysis mode has changed.
Type 'man IMPOPT-3195' for more detail.
Multi-VT timing optimization disabled based on library information.
**INFO: Using Advanced Metric Collection system.
	CornerforLayerOpt timing analysis view WC_VIEW has been selected for calibration 
	CornerforLayerOpt timing analysis view WC_VIEW has been selected for calibration 
	CornerforLayerOpt timing analysis view WC_VIEW has been selected for calibration 
	CornerforLayerOpt timing analysis view WC_VIEW has been selected for calibration 
[NR-eGR] Started Early Global Route ( Curr Mem: 2.59 MB )
[NR-eGR] Started Early Global Route kernel ( Curr Mem: 2.59 MB )
[NR-eGR] Early global route reroute all routable nets
[NR-eGR] Track table information for default rule: 
[NR-eGR] metal1 has single uniform track structure
[NR-eGR] metal2 has single uniform track structure
[NR-eGR] metal3 has single uniform track structure
[NR-eGR] metal4 has single uniform track structure
[NR-eGR] metal5 has single uniform track structure
[NR-eGR] metal6 has single uniform track structure
[NR-eGR] metal7 has single uniform track structure
[NR-eGR] metal8 has single uniform track structure
[NR-eGR] metal9 has single uniform track structure
[NR-eGR] metal10 has single uniform track structure
[NR-eGR] Read 0 PG shapes
[NR-eGR] Read 0 clock shapes
[NR-eGR] Read 0 other shapes
[NR-eGR] #Routing Blockages  : 0
[NR-eGR] #Bump Blockages     : 0
[NR-eGR] #Instance Blockages : 0
[NR-eGR] #PG Blockages       : 0
[NR-eGR] #Halo Blockages     : 0
[NR-eGR] #Boundary Blockages : 0
[NR-eGR] #Clock Blockages    : 0
[NR-eGR] #Other Blockages    : 0
[NR-eGR] #prerouted nets         : 0
[NR-eGR] #prerouted special nets : 0
[NR-eGR] #prerouted wires        : 0
[NR-eGR] Read 29974 nets ( ignored 0 )
[NR-eGR] Handle net priority by net group ordering
[NR-eGR] There are 1 clock nets ( 0 with NDR ).
[NR-eGR] == Routing rule table ==
[NR-eGR]  ID  Name       #Nets 
[NR-eGR] ----------------------
[NR-eGR]   0  (Default)  29974 
[NR-eGR] Layer group 1: route 29974 net(s) in layer range [2, 10]
[NR-eGR] Early Global Route overflow of layer group 1: 0.06% H + 0.06% V. EstWL: 5.631710e+05um
[NR-eGR] Congestion Analysis By layer: (blocked Gcells are excluded) 
[NR-eGR]                        OverCon           OverCon           OverCon            
[NR-eGR]                         #Gcell            #Gcell            #Gcell     %Gcell
[NR-eGR]        Layer             (1-2)             (3-4)               (5)    OverCon
[NR-eGR] --------------------------------------------------------------------------------
[NR-eGR]  metal1 ( 1)         0( 0.00%)         0( 0.00%)         0( 0.00%)   ( 0.00%) 
[NR-eGR]  metal2 ( 2)       263( 0.52%)         7( 0.01%)         0( 0.00%)   ( 0.53%) 
[NR-eGR]  metal3 ( 3)       268( 0.53%)        22( 0.04%)         1( 0.00%)   ( 0.57%) 
[NR-eGR]  metal4 ( 4)       349( 0.69%)        15( 0.03%)         0( 0.00%)   ( 0.72%) 
[NR-eGR]  metal5 ( 5)       150( 0.30%)         1( 0.00%)         0( 0.00%)   ( 0.30%) 
[NR-eGR]  metal6 ( 6)        49( 0.10%)         2( 0.00%)         0( 0.00%)   ( 0.10%) 
[NR-eGR]  metal7 ( 7)        16( 0.03%)         0( 0.00%)         0( 0.00%)   ( 0.03%) 
[NR-eGR]  metal8 ( 8)         0( 0.00%)         0( 0.00%)         0( 0.00%)   ( 0.00%) 
[NR-eGR]  metal9 ( 9)         0( 0.00%)         0( 0.00%)         0( 0.00%)   ( 0.00%) 
[NR-eGR] metal10 (10)         0( 0.00%)         0( 0.00%)         0( 0.00%)   ( 0.00%) 
[NR-eGR] --------------------------------------------------------------------------------
[NR-eGR]        Total      1095( 0.25%)        47( 0.01%)         1( 0.00%)   ( 0.26%) 
[NR-eGR] 
[NR-eGR] Overflow after Early Global Route 0.09% H + 0.06% V
[NR-eGR] Connected 0 must-join pins/ports (post-process)
[NR-eGR] Total eGR-routed clock nets wire length: 15685um, number of vias: 16127
[NR-eGR] --------------------------------------------------------------------------
[NR-eGR]                  Length (um)    Vias 
[NR-eGR] -------------------------------------
[NR-eGR]  metal1   (1H)             0  122505 
[NR-eGR]  metal2   (2V)        117758  156310 
[NR-eGR]  metal3   (3H)        216416   55665 
[NR-eGR]  metal4   (4V)         93955   13945 
[NR-eGR]  metal5   (5H)         64966   10600 
[NR-eGR]  metal6   (6V)         75290    1526 
[NR-eGR]  metal7   (7H)         10324     670 
[NR-eGR]  metal8   (8V)         10511      24 
[NR-eGR]  metal9   (9H)            40       6 
[NR-eGR]  metal10  (10V)            7       0 
[NR-eGR] -------------------------------------
[NR-eGR]           Total       589268  361251 
[NR-eGR] --------------------------------------------------------------------------
[NR-eGR] Total half perimeter of net bounding box: 435308um
[NR-eGR] Total length: 589268um, number of vias: 361251
[NR-eGR] --------------------------------------------------------------------------
[NR-eGR] Finished Early Global Route kernel ( CPU: 7.73 sec, Real: 1.20 sec, Curr Mem: 2.74 MB )
[NR-eGR] Finished Early Global Route ( CPU: 7.75 sec, Real: 1.22 sec, Curr Mem: 2.64 MB )
Extraction called for design 'riscv_core' of instances=28231 and nets=38000 using extraction engine 'preRoute' .
PreRoute RC Extraction called for design riscv_core.
RC Extraction called in multi-corner(2) mode.
RCMode: PreRoute
      RC Corner Indexes            0       1   
Capacitance Scaling Factor   : 1.00000 1.00000 
Resistance Scaling Factor    : 1.00000 1.00000 
Clock Cap. Scaling Factor    : 1.00000 1.00000 
Clock Res. Scaling Factor    : 1.00000 1.00000 
Shrink Factor                : 1.00000
PreRoute extraction is honoring NDR/Shielding/ExtraSpace for clock nets.
Using Quantus QRC technology file ...
Updating RC Grid density data for preRoute extraction ...
Initializing multi-corner resistance tables ...
PreRoute RC Extraction DONE (CPU Time: 0:00:00.3  Real Time: 0:00:00.0  MEM: 3096.711M)
Starting delay calculation for Setup views
AAE_INFO: opIsDesignInPostRouteState() is 0
#################################################################################
# Design Stage: PreRoute
# Design Name: riscv_core
# Design Mode: 45nm
# Analysis Mode: MMMC OCV 
# Parasitics Mode: No SPEF/RCDB 
# Signoff Settings: SI Off 
#################################################################################
Start delay calculation (fullDC) (16 T). (MEM=3377.62)
Total number of fetched objects 34325
End delay calculation. (MEM=3497.34 CPU=0:00:06.6 REAL=0:00:01.0)
End delay calculation (fullDC). (MEM=3488.47 CPU=0:00:09.7 REAL=0:00:03.0)
*** Done Building Timing Graph (cpu=0:00:17.8 real=0:00:03.0 totSessionCpu=0:03:03 mem=3511.3M)

OptSummary:

------------------------------------------------------------------
             Initial Summary
------------------------------------------------------------------

Setup views included:
 WC_VIEW 

+--------------------+---------+
|     Setup mode     |   all   |
+--------------------+---------+
|           WNS (ns):|  2.617  |
|           TNS (ns):|  0.000  |
|    Violating Paths:|    0    |
|          All Paths:|  11140  |
+--------------------+---------+

+----------------+-------------------------------+------------------+
|                |              Real             |       Total      |
|    DRVs        +------------------+------------+------------------|
|                |  Nr nets(terms)  | Worst Vio  |  Nr nets(terms)  |
+----------------+------------------+------------+------------------+
|   max_cap      |    302 (302)     |   -1.180   |    302 (302)     |
|   max_tran     |    667 (5241)    |   -1.341   |    667 (5735)    |
|   max_fanout   |      0 (0)       |     0      |      0 (0)       |
|   max_length   |      0 (0)       |     0      |      0 (0)       |
+----------------+------------------+------------+------------------+

Density: 69.989%
------------------------------------------------------------------
**optDesign ... cpu = 0:00:29, real = 0:00:25, mem = 3391.6M, totSessionCpu=0:03:04 **
*** InitOpt #1 [finish] (place_opt_design #1) : cpu/real = 0:00:29.0/0:00:24.8 (1.2), totSession cpu/real = 0:03:04.2/0:01:10.8 (2.6), mem = 3390.5M
** INFO : this run is activating medium effort placeOptDesign flow
*** ExcludedClockNetOpt #1 [begin] (place_opt_design #1) : totSession cpu/real = 0:03:04.5/0:01:10.9 (2.6), mem = 3393.3M
*** Starting optimizing excluded clock nets MEM= 3393.3M) ***
*info: No excluded clock nets to be optimized.
*** Finished optimizing excluded clock nets (CPU Time= 0:00:00.0  MEM= 3393.3M) ***
*** ExcludedClockNetOpt #1 [finish] (place_opt_design #1) : cpu/real = 0:00:00.0/0:00:00.0 (0.0), totSession cpu/real = 0:03:04.5/0:01:10.9 (2.6), mem = 3393.3M
The useful skew maximum allowed delay is: 0.3
*** SimplifyNetlist #1 [begin] (place_opt_design #1) : totSession cpu/real = 0:03:08.3/0:01:11.8 (2.6), mem = 3423.6M
Info: 1 clock net  excluded from IPO operation.

Footprint cell information for calculating maxBufDist
*info: There are 9 candidate Buffer cells
*info: There are 6 candidate Inverter cells


Netlist preparation processing... 
Removed 0 instance
*info: Marking 0 isolation instances dont touch
*info: Marking 0 level shifter instances dont touch
*** SimplifyNetlist #1 [finish] (place_opt_design #1) : cpu/real = 0:00:01.5/0:00:00.9 (1.6), totSession cpu/real = 0:03:09.8/0:01:12.7 (2.6), mem = 3401.4M
Running new flow changes for HFN
Begin: GigaOpt high fanout net optimization
*** DrvOpt #1 [begin] (place_opt_design #1) : totSession cpu/real = 0:03:10.0/0:01:12.9 (2.6), mem = 3401.4M
Info: 1 clock net  excluded from IPO operation.
	CornerforLayerOpt timing analysis view WC_VIEW has been selected for calibration 
	CornerforLayerOpt timing analysis view WC_VIEW has been selected for calibration 
	CornerforLayerOpt timing analysis view WC_VIEW has been selected for calibration 
	CornerforLayerOpt timing analysis view WC_VIEW has been selected for calibration 
	CornerforLayerOpt timing analysis view WC_VIEW has been selected for calibration 
	CornerforLayerOpt timing analysis view WC_VIEW has been selected for calibration 
	CornerforLayerOpt timing analysis view WC_VIEW has been selected for calibration 
	CornerforLayerOpt timing analysis view WC_VIEW has been selected for calibration 
#InfoCS: Num dontuse cells 10, Num usable cells 149, Num real usable cells 125
+---------+---------+--------+--------+------------+--------+
| Density | Commits |  WNS   |  TNS   |    Real    |  Mem   |
+---------+---------+--------+--------+------------+--------+
|   69.99%|        -|   0.000|   0.000|   0:00:00.0| 3424.8M|
|   70.03%|       22|   0.000|   0.000|   0:00:00.0| 3624.8M|
+---------+---------+--------+--------+------------+--------+

*** Finish pre-CTS High Fanout Net Fixing (cpu=0:00:01.4 real=0:00:00.0 mem=3624.8M) ***
Bottom Preferred Layer:
    None
Via Pillar Rule:
    None
*** DrvOpt #1 [finish] (place_opt_design #1) : cpu/real = 0:00:02.8/0:00:00.9 (3.1), totSession cpu/real = 0:03:12.8/0:01:13.8 (2.6), mem = 3568.5M
End: GigaOpt high fanout net optimization
Begin: GigaOpt DRV Optimization
*** DrvOpt #2 [begin] (place_opt_design #1) : totSession cpu/real = 0:03:13.2/0:01:14.2 (2.6), mem = 3567.2M
Info: 1 clock net  excluded from IPO operation.
	CornerforLayerOpt timing analysis view WC_VIEW has been selected for calibration 
	CornerforLayerOpt timing analysis view WC_VIEW has been selected for calibration 
	CornerforLayerOpt timing analysis view WC_VIEW has been selected for calibration 
	CornerforLayerOpt timing analysis view WC_VIEW has been selected for calibration 
	CornerforLayerOpt timing analysis view WC_VIEW has been selected for calibration 
	CornerforLayerOpt timing analysis view WC_VIEW has been selected for calibration 
	CornerforLayerOpt timing analysis view WC_VIEW has been selected for calibration 
	CornerforLayerOpt timing analysis view WC_VIEW has been selected for calibration 
#InfoCS: Num dontuse cells 10, Num usable cells 149, Num real usable cells 125
+-------------------------------------------------------------------------------------------------------------------------------------------------------+
|        max-tran       |        max-cap        |  max-fanout |  max-length |       setup       |        |        |        |       |          |         |
+-------------------------------------------------------------------------------------------------------------------------------------------------------+
| nets | terms|  wViol  | nets | terms|  wViol  | nets | terms| nets | terms|   WNS   |   TNS   |  #Buf  |  #Inv  | #Resize|Density|   Real   |   Mem   |
+-------------------------------------------------------------------------------------------------------------------------------------------------------+
|   208|  6850|    -0.33|   559|   559|    -0.18|     0|     0|     0|     0|     2.97|     0.00|       0|       0|       0| 70.03%|          |         |
|     1|    41|    -0.02|    10|    10|    -0.05|     0|     0|     0|     0|     3.71|     0.00|     239|       2|     371| 70.40%| 0:00:02.0|  3803.8M|
|     0|     0|     0.00|     0|     0|     0.00|     0|     0|     0|     0|     3.71|     0.00|       3|       0|       8| 70.41%| 0:00:00.0|  3805.8M|
+-------------------------------------------------------------------------------------------------------------------------------------------------------+
Bottom Preferred Layer:
+---------------+------------+----------+
|     Layer     |   OPT_LA   |   Rule   |
+---------------+------------+----------+
| metal4 (z=4)  |          2 | default  |
+---------------+------------+----------+
Via Pillar Rule:
    None

*** Finish DRV Fixing (cpu=0:00:15.7 real=0:00:02.0 mem=3805.8M) ***

*** DrvOpt #2 [finish] (place_opt_design #1) : cpu/real = 0:00:17.0/0:00:02.9 (5.8), totSession cpu/real = 0:03:30.3/0:01:17.1 (2.7), mem = 3732.2M
End: GigaOpt DRV Optimization
**optDesign ... cpu = 0:00:55, real = 0:00:31, mem = 3730.9M, totSessionCpu=0:03:30 **

Active setup views:
 WC_VIEW
  Dominating endpoints: 0
  Dominating TNS: -0.000

Begin: GigaOpt Global Optimization
*info: use new DP (enabled)
Info: 1 clock net  excluded from IPO operation.
*** GlobalOpt #1 [begin] (place_opt_design #1) : totSession cpu/real = 0:03:30.8/0:01:17.6 (2.7), mem = 3729.4M
*info: 1 clock net excluded
*info: 3645 no-driver nets excluded.
#InfoCS: Num dontuse cells 10, Num usable cells 149, Num real usable cells 125
** GigaOpt Global Opt WNS Slack 0.000  TNS Slack 0.000 
+--------+--------+---------+------------+--------+----------+---------+----------------------------------------------------+
|  WNS   |  TNS   | Density |    Real    |  Mem   |Worst View|Pathgroup|                     End Point                      |
+--------+--------+---------+------------+--------+----------+---------+----------------------------------------------------+
|   0.000|   0.000|   70.41%|   0:00:00.0| 3827.9M|   WC_VIEW|       NA| NA                                                 |
+--------+--------+---------+------------+--------+----------+---------+----------------------------------------------------+

*** Finish pre-CTS Global Setup Fixing (cpu=0:00:00.0 real=0:00:00.0 mem=3827.9M) ***

*** Finish pre-CTS Setup Fixing (cpu=0:00:00.0 real=0:00:00.0 mem=3827.9M) ***
Bottom Preferred Layer:
+---------------+------------+----------+
|     Layer     |   OPT_LA   |   Rule   |
+---------------+------------+----------+
| metal4 (z=4)  |          2 | default  |
+---------------+------------+----------+
Via Pillar Rule:
    None
** GigaOpt Global Opt End WNS Slack 0.000  TNS Slack 0.000 
*** GlobalOpt #1 [finish] (place_opt_design #1) : cpu/real = 0:00:01.4/0:00:01.0 (1.3), totSession cpu/real = 0:03:32.1/0:01:18.6 (2.7), mem = 3748.3M
End: GigaOpt Global Optimization
*** Timing Is met
*** Check timing (0:00:00.0)
Info: 1 clock net  excluded from IPO operation.
Begin: Area Reclaim Optimization
#InfoCS: Num dontuse cells 10, Num usable cells 149, Num real usable cells 125
*** AreaOpt #1 [begin] (place_opt_design #1) : totSession cpu/real = 0:03:32.7/0:01:19.0 (2.7), mem = 3752.1M
Reclaim Optimization WNS Slack 0.000  TNS Slack 0.000 Density 70.41
+---------+---------+--------+--------+------------+--------+
| Density | Commits |  WNS   |  TNS   |    Real    |  Mem   |
+---------+---------+--------+--------+------------+--------+
|   70.41%|        -|   0.000|   0.000|   0:00:00.0| 3759.5M|
|   70.41%|        0|   0.000|   0.000|   0:00:00.0| 3773.5M|
|   70.41%|        1|   0.000|   0.000|   0:00:00.0| 3777.5M|
|   70.40%|       13|   0.000|   0.000|   0:00:00.0| 3784.5M|
|   70.38%|       23|   0.000|   0.000|   0:00:01.0| 3804.5M|
|   70.38%|        0|   0.000|   0.000|   0:00:00.0| 3804.5M|
|   70.38%|        0|   0.000|   0.000|   0:00:00.0| 3805.5M|
+---------+---------+--------+--------+------------+--------+
Reclaim Optimization End WNS Slack 0.000  TNS Slack 0.000 Density 70.38
Bottom Preferred Layer:
+---------------+------------+----------+
|     Layer     |   OPT_LA   |   Rule   |
+---------------+------------+----------+
| metal4 (z=4)  |          1 | default  |
+---------------+------------+----------+
Via Pillar Rule:
    None

Number of times islegalLocAvaiable called = 0 skipped = 0, called in commitmove = 0, skipped in commitmove = 0
End: Core Area Reclaim Optimization (cpu = 0:00:05.8) (real = 0:00:02.0) **
*** AreaOpt #1 [finish] (place_opt_design #1) : cpu/real = 0:00:05.8/0:00:01.7 (3.5), totSession cpu/real = 0:03:38.5/0:01:20.7 (2.7), mem = 3806.9M
Executing incremental physical updates
Executing incremental physical updates
End: Area Reclaim Optimization (cpu=0:00:06, real=0:00:02, mem=3753.23M, totSessionCpu=0:03:39).
*** IncrReplace #1 [begin] (place_opt_design #1) : totSession cpu/real = 0:03:38.9/0:01:21.1 (2.7), mem = 3754.2M

*** Start incrementalPlace ***
No Views given, use default active views for adaptive view pruning
Active views:
  WC_VIEW
[NR-eGR] Started Early Global Route kernel ( Curr Mem: 2.62 MB )
[NR-eGR] Early global route reroute all routable nets
[NR-eGR] Track table information for default rule: 
[NR-eGR] metal1 has single uniform track structure
[NR-eGR] metal2 has single uniform track structure
[NR-eGR] metal3 has single uniform track structure
[NR-eGR] metal4 has single uniform track structure
[NR-eGR] metal5 has single uniform track structure
[NR-eGR] metal6 has single uniform track structure
[NR-eGR] metal7 has single uniform track structure
[NR-eGR] metal8 has single uniform track structure
[NR-eGR] metal9 has single uniform track structure
[NR-eGR] metal10 has single uniform track structure
[NR-eGR] Read 0 PG shapes
[NR-eGR] Read 0 clock shapes
[NR-eGR] Read 0 other shapes
[NR-eGR] #Routing Blockages  : 0
[NR-eGR] #Bump Blockages     : 0
[NR-eGR] #Instance Blockages : 0
[NR-eGR] #PG Blockages       : 0
[NR-eGR] #Halo Blockages     : 0
[NR-eGR] #Boundary Blockages : 0
[NR-eGR] #Clock Blockages    : 0
[NR-eGR] #Other Blockages    : 0
[NR-eGR] #prerouted nets         : 0
[NR-eGR] #prerouted special nets : 0
[NR-eGR] #prerouted wires        : 0
[NR-eGR] Read 30227 nets ( ignored 0 )
[NR-eGR] Handle net priority by net group ordering
[NR-eGR] There are 1 clock nets ( 0 with NDR ).
[NR-eGR] == Routing rule table ==
[NR-eGR]  ID  Name       #Nets 
[NR-eGR] ----------------------
[NR-eGR]   0  (Default)  30227 
[NR-eGR] Layer group 1: route 30227 net(s) in layer range [2, 10]
[NR-eGR] Early Global Route overflow of layer group 1: 0.04% H + 0.09% V. EstWL: 5.568808e+05um
[NR-eGR] Congestion Analysis By layer: (blocked Gcells are excluded) 
[NR-eGR]                        OverCon           OverCon            
[NR-eGR]                         #Gcell            #Gcell     %Gcell
[NR-eGR]        Layer             (1-2)             (3-4)    OverCon
[NR-eGR] ---------------------------------------------------------------
[NR-eGR]  metal1 ( 1)         0( 0.00%)         0( 0.00%)   ( 0.00%) 
[NR-eGR]  metal2 ( 2)       287( 0.57%)        15( 0.03%)   ( 0.60%) 
[NR-eGR]  metal3 ( 3)       228( 0.45%)        15( 0.03%)   ( 0.48%) 
[NR-eGR]  metal4 ( 4)       359( 0.71%)        14( 0.03%)   ( 0.74%) 
[NR-eGR]  metal5 ( 5)       135( 0.27%)         4( 0.01%)   ( 0.27%) 
[NR-eGR]  metal6 ( 6)        64( 0.13%)         0( 0.00%)   ( 0.13%) 
[NR-eGR]  metal7 ( 7)        14( 0.03%)         0( 0.00%)   ( 0.03%) 
[NR-eGR]  metal8 ( 8)         0( 0.00%)         0( 0.00%)   ( 0.00%) 
[NR-eGR]  metal9 ( 9)         0( 0.00%)         0( 0.00%)   ( 0.00%) 
[NR-eGR] metal10 (10)         0( 0.00%)         0( 0.00%)   ( 0.00%) 
[NR-eGR] ---------------------------------------------------------------
[NR-eGR]        Total      1087( 0.25%)        48( 0.01%)   ( 0.26%) 
[NR-eGR] 
[NR-eGR] Overflow after Early Global Route 0.06% H + 0.03% V
[NR-eGR] Finished Early Global Route kernel ( CPU: 6.97 sec, Real: 0.96 sec, Curr Mem: 2.68 MB )
Early Global Route congestion estimation runtime: 0.97 seconds, mem = 3769.0M
Local HotSpot Analysis: normalized max congestion hotspot area = 0.44, normalized total congestion hotspot area = 0.44 (area is in unit of 4 std-cell row bins)

=== incrementalPlace Internal Loop 1 ===
      flow.cputime  flow.realtime  timing.setup.tns  timing.setup.wns  snapshot
UM:*                                                                   incrNP_iter_start
[spp] 0
*** Finished SKP initialization (cpu=0:00:07.4, real=0:00:02.0)***
SKP will use view:
  WC_VIEW
Iteration  7: Total net bbox = 4.343e+05 (2.20e+05 2.15e+05)
              Est.  stn bbox = 5.827e+05 (2.95e+05 2.88e+05)
              cpu = 0:00:10.6 real = 0:00:01.0 mem = 4070.3M
Iteration  8: Total net bbox = 4.469e+05 (2.25e+05 2.22e+05)
              Est.  stn bbox = 5.968e+05 (3.01e+05 2.96e+05)
              cpu = 0:00:13.9 real = 0:00:02.0 mem = 4059.8M
Iteration  9: Total net bbox = 4.475e+05 (2.26e+05 2.22e+05)
              Est.  stn bbox = 5.971e+05 (3.02e+05 2.95e+05)
              cpu = 0:00:23.2 real = 0:00:02.0 mem = 4063.1M
[NR-eGR] Started Early Global Route kernel ( Curr Mem: 3.18 MB )
Iteration 10: Total net bbox = 4.619e+05 (2.32e+05 2.30e+05)
              Est.  stn bbox = 6.111e+05 (3.07e+05 3.04e+05)
              cpu = 0:00:30.1 real = 0:00:04.0 mem = 4088.5M
Iteration 11: Total net bbox = 4.553e+05 (2.27e+05 2.29e+05)
              Est.  stn bbox = 6.020e+05 (3.00e+05 3.02e+05)
              cpu = 0:00:09.2 real = 0:00:01.0 mem = 4070.2M
Move report: Timing Driven Placement moved 28484 insts, mean move: 7.22 um, max move: 136.34 um 
	Max move on inst (u_issue/FE_DBTC207_n_1883): (139.65, 270.48) --> (179.38, 173.87)

Finished Incremental Placement (cpu=0:01:38, real=0:00:13.0, mem=4049.5M)
Begin: Reorder Scan Chains
**WARN: (IMPSP-9025):	No scan chain specified/traced.
Type 'man IMPSP-9025' for more detail.
End: Reorder Scan Chains
*** Starting refinePlace (0:05:24 mem=3940.0M) ***
Total net bbox length = 4.694e+05 (2.379e+05 2.315e+05) (ext = 3.364e+04)
Move report: Detail placement moved 28483 insts, mean move: 0.35 um, max move: 25.84 um 
	Max move on inst (u_frontend/u_npc/FE_DBTC425_branch_info_source_w_22): (203.87, 60.47) --> (178.03, 60.48)
	Runtime: CPU: 0:00:03.1 REAL: 0:00:02.0 MEM: 4105.3MB
Summary Report:
Instances moved: 28483 (out of 28484 movable)
Instances flipped: 1
Mean displacement: 0.35 um
Max displacement: 25.84 um (Instance: u_frontend/u_npc/FE_DBTC425_branch_info_source_w_22) (203.869, 60.4745) -> (178.03, 60.48)
	Length: 3 sites, height: 1 rows, site name: FreePDK45_38x28_10R_NP_162NW_34O, cell type: INV_X2
Physical-only instances moved: 0 (out of 0 movable physical-only)
Total net bbox length = 4.595e+05 (2.276e+05 2.319e+05) (ext = 3.352e+04)
Runtime: CPU: 0:00:03.1 REAL: 0:00:02.0 MEM: 4105.3MB
*** Finished refinePlace (0:05:27 mem=4105.3M) ***
[NR-eGR] Early global route reroute all routable nets
[NR-eGR] Track table information for default rule: 
[NR-eGR] metal1 has single uniform track structure
[NR-eGR] metal2 has single uniform track structure
[NR-eGR] metal3 has single uniform track structure
[NR-eGR] metal4 has single uniform track structure
[NR-eGR] metal5 has single uniform track structure
[NR-eGR] metal6 has single uniform track structure
[NR-eGR] metal7 has single uniform track structure
[NR-eGR] metal8 has single uniform track structure
[NR-eGR] metal9 has single uniform track structure
[NR-eGR] metal10 has single uniform track structure
[NR-eGR] Read 0 PG shapes
[NR-eGR] Read 0 clock shapes
[NR-eGR] Read 0 other shapes
[NR-eGR] #Routing Blockages  : 0
[NR-eGR] #Bump Blockages     : 0
[NR-eGR] #Instance Blockages : 0
[NR-eGR] #PG Blockages       : 0
[NR-eGR] #Halo Blockages     : 0
[NR-eGR] #Boundary Blockages : 0
[NR-eGR] #Clock Blockages    : 0
[NR-eGR] #Other Blockages    : 0
[NR-eGR] #prerouted nets         : 0
[NR-eGR] #prerouted special nets : 0
[NR-eGR] #prerouted wires        : 0
[NR-eGR] Read 30227 nets ( ignored 0 )
[NR-eGR] Handle net priority by net group ordering
[NR-eGR] There are 1 clock nets ( 0 with NDR ).
[NR-eGR] == Routing rule table ==
[NR-eGR]  ID  Name       #Nets 
[NR-eGR] ----------------------
[NR-eGR]   0  (Default)  30227 
[NR-eGR] Layer group 1: route 30227 net(s) in layer range [2, 10]
[NR-eGR] Early Global Route overflow of layer group 1: 0.02% H + 0.00% V. EstWL: 5.727288e+05um
[NR-eGR] Congestion Analysis By layer: (blocked Gcells are excluded) 
[NR-eGR]                        OverCon           OverCon            
[NR-eGR]                         #Gcell            #Gcell     %Gcell
[NR-eGR]        Layer             (1-2)             (3-4)    OverCon
[NR-eGR] ---------------------------------------------------------------
[NR-eGR]  metal1 ( 1)         0( 0.00%)         0( 0.00%)   ( 0.00%) 
[NR-eGR]  metal2 ( 2)       191( 0.38%)         6( 0.01%)   ( 0.39%) 
[NR-eGR]  metal3 ( 3)       116( 0.23%)        11( 0.02%)   ( 0.25%) 
[NR-eGR]  metal4 ( 4)       251( 0.50%)         5( 0.01%)   ( 0.51%) 
[NR-eGR]  metal5 ( 5)        80( 0.16%)         0( 0.00%)   ( 0.16%) 
[NR-eGR]  metal6 ( 6)        21( 0.04%)         0( 0.00%)   ( 0.04%) 
[NR-eGR]  metal7 ( 7)        13( 0.03%)         0( 0.00%)   ( 0.03%) 
[NR-eGR]  metal8 ( 8)         0( 0.00%)         0( 0.00%)   ( 0.00%) 
[NR-eGR]  metal9 ( 9)         0( 0.00%)         0( 0.00%)   ( 0.00%) 
[NR-eGR] metal10 (10)         0( 0.00%)         0( 0.00%)   ( 0.00%) 
[NR-eGR] ---------------------------------------------------------------
[NR-eGR]        Total       672( 0.15%)        22( 0.01%)   ( 0.16%) 
[NR-eGR] 
[NR-eGR] Overflow after Early Global Route 0.03% H + 0.02% V
[NR-eGR] Finished Early Global Route kernel ( CPU: 6.92 sec, Real: 0.96 sec, Curr Mem: 2.94 MB )
Early Global Route congestion estimation runtime: 0.97 seconds, mem = 3950.6M
Local HotSpot Analysis: normalized max congestion hotspot area = 0.00, normalized total congestion hotspot area = 0.00 (area is in unit of 4 std-cell row bins)
[NR-eGR] Connected 0 must-join pins/ports (post-process)
[NR-eGR] Total eGR-routed clock nets wire length: 15088um, number of vias: 15951
[NR-eGR] --------------------------------------------------------------------------
[NR-eGR]                  Length (um)    Vias 
[NR-eGR] -------------------------------------
[NR-eGR]  metal1   (1H)             0  123011 
[NR-eGR]  metal2   (2V)        122348  156762 
[NR-eGR]  metal3   (3H)        217897   56085 
[NR-eGR]  metal4   (4V)         96587   13079 
[NR-eGR]  metal5   (5H)         63137   10395 
[NR-eGR]  metal6   (6V)         77421    1480 
[NR-eGR]  metal7   (7H)          9971     613 
[NR-eGR]  metal8   (8V)         10943      30 
[NR-eGR]  metal9   (9H)            15       6 
[NR-eGR]  metal10  (10V)           15       0 
[NR-eGR] -------------------------------------
[NR-eGR]           Total       598332  361461 
[NR-eGR] --------------------------------------------------------------------------
[NR-eGR] Total half perimeter of net bounding box: 459491um
[NR-eGR] Total length: 598332um, number of vias: 361461
[NR-eGR] --------------------------------------------------------------------------
Early Global Route wiring runtime: 0.52 seconds, mem = 3469.3M
[hotspot] +------------+---------------+---------------+
[hotspot] |            |   max hotspot | total hotspot |
[hotspot] +------------+---------------+---------------+
[hotspot] | normalized |          0.00 |          0.00 |
[hotspot] +------------+---------------+---------------+
Local HotSpot Analysis: normalized max congestion hotspot area = 0.00, normalized total congestion hotspot area = 0.00 (area is in unit of 4 std-cell row bins)
[hotspot] Hotspot report including placement blocked areas
[hotspot] +------------+---------------+---------------+
[hotspot] |            |   max hotspot | total hotspot |
[hotspot] +------------+---------------+---------------+
[hotspot] | normalized |          4.22 |          4.22 |
[hotspot] +------------+---------------+---------------+
Local HotSpot Analysis (blockage included): normalized max congestion hotspot area = 4.22, normalized total congestion hotspot area = 4.22 (area is in unit of 4 std-cell row bins)
[hotspot] top 1 congestion hotspot bounding boxes and scores of normalized hotspot
[hotspot] +-----+-------------------------------------+---------------+-------------------------------+
[hotspot] | top |            hotspot bbox             | hotspot score |           module              |
[hotspot] +-----+-------------------------------------+---------------+-------------------------------+
[hotspot] |  1  |   145.87   308.28   162.67   315.28 |        4.22   |             NA                |
[hotspot] +-----+-------------------------------------+---------------+-------------------------------+
0 delay mode for cte disabled.

*** Finished incrementalPlace (cpu=0:01:57, real=0:00:17.0)***
Start to check current routing status for nets...
All nets are already routed correctly.
End to check current routing status for nets (mem=3256.4M)
Extraction called for design 'riscv_core' of instances=28484 and nets=38255 using extraction engine 'preRoute' .
PreRoute RC Extraction called for design riscv_core.
RC Extraction called in multi-corner(2) mode.
RCMode: PreRoute
      RC Corner Indexes            0       1   
Capacitance Scaling Factor   : 1.00000 1.00000 
Resistance Scaling Factor    : 1.00000 1.00000 
Clock Cap. Scaling Factor    : 1.00000 1.00000 
Clock Res. Scaling Factor    : 1.00000 1.00000 
Shrink Factor                : 1.00000
PreRoute extraction is honoring NDR/Shielding/ExtraSpace for clock nets.
Using Quantus QRC technology file ...
Updating RC Grid density data for preRoute extraction ...
Initializing multi-corner resistance tables ...
PreRoute RC Extraction DONE (CPU Time: 0:00:00.3  Real Time: 0:00:00.0  MEM: 3257.789M)
**optDesign ... cpu = 0:03:01, real = 0:00:52, mem = 3257.8M, totSessionCpu=0:05:36 **
Starting delay calculation for Setup views
AAE_INFO: opIsDesignInPostRouteState() is 0
#################################################################################
# Design Stage: PreRoute
# Design Name: riscv_core
# Design Mode: 45nm
# Analysis Mode: MMMC OCV 
# Parasitics Mode: No SPEF/RCDB 
# Signoff Settings: SI Off 
#################################################################################
Start delay calculation (fullDC) (16 T). (MEM=3544.14)
Total number of fetched objects 34578
End delay calculation. (MEM=3621.63 CPU=0:00:06.2 REAL=0:00:01.0)
End delay calculation (fullDC). (MEM=3621.63 CPU=0:00:07.4 REAL=0:00:01.0)
*** Done Building Timing Graph (cpu=0:00:12.1 real=0:00:02.0 totSessionCpu=0:05:48 mem=3639.3M)
*** IncrReplace #1 [finish] (place_opt_design #1) : cpu/real = 0:02:09.4/0:00:19.5 (6.6), totSession cpu/real = 0:05:48.3/0:01:40.6 (3.5), mem = 3535.7M
*** Timing Is met
*** Check timing (0:00:00.0)
*** Timing Is met
*** Check timing (0:00:00.0)
*** Timing Is met
*** Check timing (0:00:00.0)
Info: 1 clock net  excluded from IPO operation.
Begin: Area Reclaim Optimization
#InfoCS: Num dontuse cells 10, Num usable cells 149, Num real usable cells 125
*** AreaOpt #2 [begin] (place_opt_design #1) : totSession cpu/real = 0:05:54.4/0:01:42.0 (3.5), mem = 3578.1M
Reclaim Optimization WNS Slack 0.000  TNS Slack 0.000 Density 70.38
+---------+---------+--------+--------+------------+--------+
| Density | Commits |  WNS   |  TNS   |    Real    |  Mem   |
+---------+---------+--------+--------+------------+--------+
|   70.38%|        -|   0.000|   0.000|   0:00:00.0| 3583.2M|
|   70.36%|       32|   0.000|   0.000|   0:00:03.0| 4278.6M|
+---------+---------+--------+--------+------------+--------+
Reclaim Optimization End WNS Slack 0.000  TNS Slack 0.000 Density 70.36
Bottom Preferred Layer:
+---------------+------------+----------+
|     Layer     |   OPT_LA   |   Rule   |
+---------------+------------+----------+
| metal4 (z=4)  |          2 | default  |
+---------------+------------+----------+
Via Pillar Rule:
    None

Number of times islegalLocAvaiable called = 0 skipped = 0, called in commitmove = 0, skipped in commitmove = 0
End: Core Area Reclaim Optimization (cpu = 0:00:21.7) (real = 0:00:04.0) **
*** AreaOpt #2 [finish] (place_opt_design #1) : cpu/real = 0:00:21.7/0:00:04.3 (5.1), totSession cpu/real = 0:06:16.1/0:01:46.3 (3.5), mem = 4279.8M
End: Area Reclaim Optimization (cpu=0:00:22, real=0:00:05, mem=3871.36M, totSessionCpu=0:06:16).
Info: 1 clock net  excluded from IPO operation.
Begin: Area Reclaim Optimization
#InfoCS: Num dontuse cells 10, Num usable cells 149, Num real usable cells 125
*** AreaOpt #3 [begin] (place_opt_design #1) : totSession cpu/real = 0:06:16.8/0:01:46.8 (3.5), mem = 3857.4M
Reclaim Optimization WNS Slack 0.000  TNS Slack 0.000 Density 70.36
+---------+---------+--------+--------+------------+--------+
| Density | Commits |  WNS   |  TNS   |    Real    |  Mem   |
+---------+---------+--------+--------+------------+--------+
|   70.36%|        -|   0.000|   0.000|   0:00:00.0| 3862.6M|
|   70.36%|        1|   0.000|   0.000|   0:00:00.0| 3891.6M|
|   70.36%|        0|   0.000|   0.000|   0:00:01.0| 3893.6M|
|   70.36%|        7|   0.000|   0.000|   0:00:00.0| 3900.6M|
|   70.36%|        0|   0.000|   0.000|   0:00:00.0| 3900.6M|
|   70.36%|        0|   0.000|   0.000|   0:00:00.0| 3900.6M|
+---------+---------+--------+--------+------------+--------+
Reclaim Optimization End WNS Slack 0.000  TNS Slack 0.000 Density 70.36
Bottom Preferred Layer:
+---------------+------------+----------+
|     Layer     |   OPT_LA   |   Rule   |
+---------------+------------+----------+
| metal4 (z=4)  |          1 | default  |
+---------------+------------+----------+
Via Pillar Rule:
    None

Number of times islegalLocAvaiable called = 0 skipped = 0, called in commitmove = 0, skipped in commitmove = 0
End: Core Area Reclaim Optimization (cpu = 0:00:03.7) (real = 0:00:01.0) **
*** Finished re-routing un-routed nets (3896.6M) ***

*** Finish Physical Update (cpu=0:00:00.4 real=0:00:00.0 mem=3885.4M) ***
*** AreaOpt #3 [finish] (place_opt_design #1) : cpu/real = 0:00:04.1/0:00:01.5 (2.8), totSession cpu/real = 0:06:20.9/0:01:48.2 (3.5), mem = 3885.4M
End: Area Reclaim Optimization (cpu=0:00:04, real=0:00:02, mem=3828.60M, totSessionCpu=0:06:21).
Begin: GigaOpt postEco DRV Optimization
*** DrvOpt #3 [begin] (place_opt_design #1) : totSession cpu/real = 0:06:29.4/0:01:49.7 (3.6), mem = 3863.7M
Info: 1 clock net  excluded from IPO operation.
	CornerforLayerOpt timing analysis view WC_VIEW has been selected for calibration 
	CornerforLayerOpt timing analysis view WC_VIEW has been selected for calibration 
	CornerforLayerOpt timing analysis view WC_VIEW has been selected for calibration 
	CornerforLayerOpt timing analysis view WC_VIEW has been selected for calibration 
	CornerforLayerOpt timing analysis view WC_VIEW has been selected for calibration 
	CornerforLayerOpt timing analysis view WC_VIEW has been selected for calibration 
	CornerforLayerOpt timing analysis view WC_VIEW has been selected for calibration 
	CornerforLayerOpt timing analysis view WC_VIEW has been selected for calibration 
#InfoCS: Num dontuse cells 10, Num usable cells 149, Num real usable cells 125
+-------------------------------------------------------------------------------------------------------------------------------------------------------+
|        max-tran       |        max-cap        |  max-fanout |  max-length |       setup       |        |        |        |       |          |         |
+-------------------------------------------------------------------------------------------------------------------------------------------------------+
| nets | terms|  wViol  | nets | terms|  wViol  | nets | terms| nets | terms|   WNS   |   TNS   |  #Buf  |  #Inv  | #Resize|Density|   Real   |   Mem   |
+-------------------------------------------------------------------------------------------------------------------------------------------------------+
|     1|    57|    -0.01|    36|    36|    -0.01|     0|     0|     0|     0|     3.67|     0.00|       0|       0|       0| 70.36%|          |         |
|     0|     0|     0.00|     0|     0|     0.00|     0|     0|     0|     0|     3.68|     0.00|      16|       0|      22| 70.38%| 0:00:00.0|  3972.2M|
|     0|     0|     0.00|     0|     0|     0.00|     0|     0|     0|     0|     3.68|     0.00|       0|       0|       0| 70.38%| 0:00:00.0|  3975.1M|
+-------------------------------------------------------------------------------------------------------------------------------------------------------+
Bottom Preferred Layer:
+---------------+------------+----------+
|     Layer     |   OPT_LA   |   Rule   |
+---------------+------------+----------+
| metal4 (z=4)  |          2 | default  |
+---------------+------------+----------+
Via Pillar Rule:
    None

*** Finish DRV Fixing (cpu=0:00:02.6 real=0:00:00.0 mem=3975.0M) ***

*** DrvOpt #3 [finish] (place_opt_design #1) : cpu/real = 0:00:03.9/0:00:01.1 (3.6), totSession cpu/real = 0:06:33.4/0:01:50.8 (3.6), mem = 3846.6M
End: GigaOpt postEco DRV Optimization
**WARN: (IMPOPT-7329):	Skipping refinePlace due to user configuration.
Register exp ratio and priority group on 2 nets on 34589 nets : 
z=4 : 2 nets

Active setup views:
 WC_VIEW
  Dominating endpoints: 0
  Dominating TNS: -0.000

Extraction called for design 'riscv_core' of instances=28495 and nets=38283 using extraction engine 'preRoute' .
PreRoute RC Extraction called for design riscv_core.
RC Extraction called in multi-corner(2) mode.
RCMode: PreRoute
      RC Corner Indexes            0       1   
Capacitance Scaling Factor   : 1.00000 1.00000 
Resistance Scaling Factor    : 1.00000 1.00000 
Clock Cap. Scaling Factor    : 1.00000 1.00000 
Clock Res. Scaling Factor    : 1.00000 1.00000 
Shrink Factor                : 1.00000
PreRoute extraction is honoring NDR/Shielding/ExtraSpace for clock nets.
Using Quantus QRC technology file ...
Grid density data update skipped
Initializing multi-corner resistance tables ...
PreRoute RC Extraction DONE (CPU Time: 0:00:00.3  Real Time: 0:00:01.0  MEM: 3273.188M)
Skewing Data Summary (End_of_FINAL)

Skew summary for view WC_VIEW:
* Accumulated skew : count = 0

Starting delay calculation for Setup views
AAE_INFO: opIsDesignInPostRouteState() is 0
#################################################################################
# Design Stage: PreRoute
# Design Name: riscv_core
# Design Mode: 45nm
# Analysis Mode: MMMC OCV 
# Parasitics Mode: No SPEF/RCDB 
# Signoff Settings: SI Off 
#################################################################################
Start delay calculation (fullDC) (16 T). (MEM=3550.16)
Total number of fetched objects 34589
End delay calculation. (MEM=3627.53 CPU=0:00:06.7 REAL=0:00:01.0)
End delay calculation (fullDC). (MEM=3627.53 CPU=0:00:07.8 REAL=0:00:01.0)
*** Done Building Timing Graph (cpu=0:00:12.5 real=0:00:01.0 totSessionCpu=0:06:50 mem=3651.5M)
OPTC: user 20.0
Reported timing to dir outputs/innovus/core_hybrid_100/vcd/reports
**optDesign ... cpu = 0:04:18, real = 0:01:09, mem = 3525.3M, totSessionCpu=0:06:53 **

OptSummary:

------------------------------------------------------------------
     optDesign Final Summary
------------------------------------------------------------------

Setup views included:
 WC_VIEW 

+--------------------+---------+---------+---------+---------+---------+---------+
|     Setup mode     |   all   | reg2reg | in2reg  | reg2out | in2out  | default |
+--------------------+---------+---------+---------+---------+---------+---------+
|           WNS (ns):|  3.676  |  5.150  |  3.676  |  6.540  |  4.892  |  0.000  |
|           TNS (ns):|  0.000  |  0.000  |  0.000  |  0.000  |  0.000  |  0.000  |
|    Violating Paths:|    0    |    0    |    0    |    0    |    0    |    0    |
|          All Paths:|  11140  |  11006  |  4248   |   102   |   35    |    0    |
+--------------------+---------+---------+---------+---------+---------+---------+

+----------------+-------------------------------+------------------+
|                |              Real             |       Total      |
|    DRVs        +------------------+------------+------------------|
|                |  Nr nets(terms)  | Worst Vio  |  Nr nets(terms)  |
+----------------+------------------+------------+------------------+
|   max_cap      |      0 (0)       |   0.000    |      0 (0)       |
|   max_tran     |      0 (0)       |   0.000    |      0 (0)       |
|   max_fanout   |      0 (0)       |     0      |      0 (0)       |
|   max_length   |      0 (0)       |     0      |      0 (0)       |
+----------------+------------------+------------+------------------+

Density: 70.378%
Routing Overflow: 0.03% H and 0.02% V
------------------------------------------------------------------
Begin: Collecting metrics
 ------------------------------------------------------------------------------------------------------------------------------------------------------------------- 
| Snapshot                | WNS                  | TNS                  | Density (%) | Hotspot                   | Resource               | DRVs       | Layer-OPT |
|                         | HEPG (ns) | ALL (ns) | HEPG (ns) | ALL (ns) |             | Max (bins) | Total (bins) | Real (s) | Memory (MB) | Tran | Cap | metal4    |
|-------------------------+-----------+----------+-----------+----------+-------------+------------+--------------+----------+-------------+------+-----+-----------|
| initial_summary         |           |    2.617 |           |        0 |       69.99 |            |              | 0:00:05  |        3392 |  667 | 302 |           |
| simplify_netlist        |           |          |           |          |             |            |              | 0:00:01  |        3401 |      |     |           |
| drv_fixing              |     2.966 |    2.966 |         0 |        0 |       70.03 |            |              | 0:00:01  |        3567 |      |     |           |
| drv_fixing_2            |     3.706 |    3.706 |         0 |        0 |       70.41 |            |              | 0:00:04  |        3731 |    0 |   0 |         2 |
| global_opt              |           |    3.706 |           |        0 |       70.41 |            |              | 0:00:01  |        3743 |      |     |         2 |
| area_reclaiming         |     3.706 |    3.706 |         0 |        0 |       70.38 |            |              | 0:00:02  |        3753 |      |     |         1 |
| incremental_replacement |           |          |           |          |             |       4.22 |         4.22 | 0:00:20  |        3768 |      |     |           |
| area_reclaiming_2       |     5.149 |    3.675 |         0 |        0 |       70.36 |            |              | 0:00:05  |        3871 |      |     |         2 |
| area_reclaiming_3       |     5.149 |    3.675 |         0 |        0 |       70.36 |            |              | 0:00:02  |        3829 |      |     |         1 |
| drv_eco_fixing          |     5.150 |    3.676 |         0 |        0 |       70.38 |            |              | 0:00:01  |        3846 |    0 |   0 |         2 |
| legalization            |           |          |           |          |             |            |              | 0:00:00  |        3846 |      |     |           |
| final_summary           |     5.150 |    3.676 |           |        0 |       70.38 |            |              | 0:00:02  |        3539 |    0 |   0 |           |
 ------------------------------------------------------------------------------------------------------------------------------------------------------------------- 
End: Collecting metrics
**optDesign ... cpu = 0:04:24, real = 0:01:11, mem = 3539.5M, totSessionCpu=0:06:59 **
**WARN: (IMPOPT-3195):	Analysis mode has changed.
Type 'man IMPOPT-3195' for more detail.
*** Finished optDesign ***
      flow.cputime  flow.realtime  timing.setup.tns  timing.setup.wns  snapshot
UM:*                                                                   final
      flow.cputime  flow.realtime  timing.setup.tns  timing.setup.wns  snapshot
UM:*                                                                   opt_design_prects
Info: final physical memory for 17 CRR processes is 1040.78MB.
Info: Summary of CRR changes:
      - Timing transform commits:       0
Disable CTE adjustment.
Disable Layer aware incrSKP.
**place_opt_design ... cpu = 0:06:35, real = 0:01:41, mem = 3441.0M **
*** Finished GigaPlace ***

*** Summary of all messages that are not suppressed in this session:
Severity  ID               Count  Summary                                  
WARNING   IMPSP-9025           2  No scan chain specified/traced.          
WARNING   IMPOPT-3195          2  Analysis mode has changed.               
WARNING   IMPOPT-7329          1  Skipping refinePlace due to user configu...
*** Message Summary: 5 warning(s), 0 error(s)

*** place_opt_design #1 [finish] () : cpu/real = 0:06:35.5/0:01:41.3 (3.9), totSession cpu/real = 0:07:00.1/0:02:04.2 (3.4), mem = 3441.0M
#% End place_opt_design (date=06/08 11:09:48, total cpu=0:06:36, real=0:01:42, peak res=4286.6M, current mem=3441.0M)
<CMD> set_ccopt_property post_conditioning_enable_routing_eco 1
<CMD> set_ccopt_property -cts_def_lock_clock_sinks_after_routing true
<CMD> setOptMode -unfixClkInstForOpt false
<CMD> create_ccopt_clock_tree_spec
Creating clock tree spec for modes (timing configs): CON
extract_clock_generator_skew_groups=true: create_ccopt_clock_tree_spec will generate skew groups with a name prefix of "_clock_gen" to balance clock generator connected flops with the clock generator they drive.
Reset timing graph...
Ignoring AAE DB Resetting ...
Reset timing graph done.
Ignoring AAE DB Resetting ...
Analyzing clock structure...
Analyzing clock structure done.
Reset timing graph...
Ignoring AAE DB Resetting ...
Reset timing graph done.
Extracting original clock gating for clk...
  clock_tree clk contains 5207 sinks and 0 clock gates.
Extracting original clock gating for clk done.
The skew group clk/CON was created. It contains 5207 sinks and 1 sources.
Checking clock tree convergence...
Checking clock tree convergence done.
<CMD> clock_opt_design
*** clock_opt_design #1 [begin] () : totSession cpu/real = 0:07:02.9/0:02:05.7 (3.4), mem = 3199.6M
**INFO: User's settings:
setNanoRouteMode -extract_qrc_n2p_accuracy_enhancement         true
setNanoRouteMode -route_extract_third_party_compatible         false
setNanoRouteMode -route_global_exp_timing_driven_std_delay     10.1
setDesignMode -bottomRoutingLayer                              2
setDesignMode -process                                         45
setDesignMode -topRoutingLayer                                 10
setExtractRCMode -coupling_c_th                                3
setExtractRCMode -engine                                       preRoute
setExtractRCMode -relative_c_th                                0.03
setExtractRCMode -total_c_th                                   5
setDelayCalMode -enable_high_fanout                            true
setDelayCalMode -enable_ideal_seq_async_pins                   false
setDelayCalMode -eng_enablePrePlacedFlow                       false
setDelayCalMode -engine                                        aae
setDelayCalMode -ignoreNetLoad                                 false
setDelayCalMode -socv_accuracy_mode                            low
setOptMode -opt_view_pruning_hold_views_active_list            { BC_VIEW }
setOptMode -opt_view_pruning_setup_views_active_list           { WC_VIEW }
setOptMode -opt_view_pruning_setup_views_persistent_list       { WC_VIEW}
setOptMode -opt_view_pruning_tdgr_setup_views_persistent_list  { WC_VIEW}
setOptMode -opt_drv_margin                                     0
setOptMode -opt_drv                                            true
setOptMode -opt_resize_flip_flops                              true
setOptMode -opt_setup_target_slack                             0
setOptMode -opt_unfix_clock_insts                              false

Hard fence disabled
*** Starting refinePlace (0:07:03 mem=3201.7M) ***

Starting Small incrNP...
Density distribution unevenness ratio = 4.784%
Skipped incrNP (cpu=0:00:00.0, real=0:00:00.0, mem=3202.7M)
End of Small incrNP (cpu=0:00:00.0, real=0:00:00.0)
Move report: Detail placement moved 766 insts, mean move: 1.49 um, max move: 7.48 um 
	Max move on inst (u_frontend/u_npc/FE_OFC1052_BRANCH_PREDICTION_bht_sat_q_BRANCH_PREDICTION_bht_wr_entry_w__0): (53.58, 28.28) --> (47.50, 29.68)
	Runtime: CPU: 0:00:02.9 REAL: 0:00:01.0 MEM: 3356.8MB
Summary Report:
Instances moved: 766 (out of 28495 movable)
Instances flipped: 320
Mean displacement: 1.49 um
Max displacement: 7.48 um (Instance: u_frontend/u_npc/FE_OFC1052_BRANCH_PREDICTION_bht_sat_q_BRANCH_PREDICTION_bht_wr_entry_w__0) (53.58, 28.28) -> (47.5, 29.68)
	Length: 3 sites, height: 1 rows, site name: FreePDK45_38x28_10R_NP_162NW_34O, cell type: BUF_X1
Physical-only instances moved: 0 (out of 0 movable physical-only)
Runtime: CPU: 0:00:03.0 REAL: 0:00:01.0 MEM: 3356.8MB
*** Finished refinePlace (0:07:06 mem=3356.8M) ***
ccopt_args: 
Turning off fast DC mode.
Runtime...
(clock_opt_design): CTS Engine: auto. Used Spec: pre-existing CCOPT spec.
Placement constraints of type 'region' or 'fence' will not be downgraded to 'guide' because the property change_fences_to_guides has been set to false.
Set place::cacheFPlanSiteMark to 1
'setDesignMode -flowEffort standard' => 'setOptMode -usefulSkewCCOpt standard' 
Using CCOpt effort standard.
Updating ideal nets and annotations...
Reset timing graph...
Ignoring AAE DB Resetting ...
Reset timing graph done.
Ignoring AAE DB Resetting ...
Reset timing graph...
Ignoring AAE DB Resetting ...
Reset timing graph done.
Clock tree spec update: Ideal nets, transition and delay annotations were updated to match active timing constraints.
Updating ideal nets and annotations done. (took cpu=0:00:02.3 real=0:00:00.9)
CCOpt::Phase::Initialization...
Check Prerequisites...
Leaving CCOpt scope - CheckPlace...
Begin checking placement ... (start mem=3267.1M, init mem=3267.6M)
*info: Placed = 28495         
*info: Unplaced = 0           
Placement Density:70.37%(61092/86806)
Placement Density (including fixed std cells):70.37%(61092/86806)
Finished checkPlace (total: cpu=0:00:00.3, real=0:00:01.0; vio checks: cpu=0:00:00.3, real=0:00:00.0; mem=3266.2M)
Leaving CCOpt scope - CheckPlace done. (took cpu=0:00:00.3 real=0:00:00.1)
Innovus will update I/O latencies
Reset timing graph...
Ignoring AAE DB Resetting ...
Reset timing graph done.
Ignoring AAE DB Resetting ...
No differences between SDC and CTS ideal net status found.
No differences between SDC and CTS transition time annotations found.
No differences between SDC and CTS delay annotations found.
Reset timing graph...
Ignoring AAE DB Resetting ...
Reset timing graph done.
Found 0 ideal nets, 0 pins with transition annotations, 0 instances with delay annotations, 0 nets with delay annotations, refer to logv for details.

Check Prerequisites done. (took cpu=0:00:02.5 real=0:00:01.0)
CCOpt::Phase::Initialization done. (took cpu=0:00:02.5 real=0:00:01.0)
Executing ccopt post-processing.
Synthesizing clock trees with CCOpt...
*** CTS #1 [begin] (clock_opt_design #1) : totSession cpu/real = 0:07:10.9/0:02:09.3 (3.3), mem = 3277.2M
CCOpt::Phase::PreparingToBalance...
Leaving CCOpt scope - Initializing power interface...
Leaving CCOpt scope - Initializing power interface done. (took cpu=0:00:00.0 real=0:00:00.0)
Leaving CCOpt scope - optDesignGlobalRouteStep...
[NR-eGR] Early global route reroute all routable nets
[NR-eGR] Track table information for default rule: 
[NR-eGR] metal1 has single uniform track structure
[NR-eGR] metal2 has single uniform track structure
[NR-eGR] metal3 has single uniform track structure
[NR-eGR] metal4 has single uniform track structure
[NR-eGR] metal5 has single uniform track structure
[NR-eGR] metal6 has single uniform track structure
[NR-eGR] metal7 has single uniform track structure
[NR-eGR] metal8 has single uniform track structure
[NR-eGR] metal9 has single uniform track structure
[NR-eGR] metal10 has single uniform track structure
[NR-eGR] Read 0 PG shapes
[NR-eGR] Read 0 clock shapes
[NR-eGR] Read 0 other shapes
[NR-eGR] #Routing Blockages  : 0
[NR-eGR] #Bump Blockages     : 0
[NR-eGR] #Instance Blockages : 0
[NR-eGR] #PG Blockages       : 0
[NR-eGR] #Halo Blockages     : 0
[NR-eGR] #Boundary Blockages : 0
[NR-eGR] #Clock Blockages    : 0
[NR-eGR] #Other Blockages    : 0
[NR-eGR] #prerouted nets         : 0
[NR-eGR] #prerouted special nets : 0
[NR-eGR] #prerouted wires        : 0
[NR-eGR] Read 30238 nets ( ignored 0 )
[NR-eGR] Handle net priority by net group ordering
[NR-eGR] There are 1 clock nets ( 0 with NDR ).
[NR-eGR] == Routing rule table ==
[NR-eGR]  ID  Name       #Nets 
[NR-eGR] ----------------------
[NR-eGR]   0  (Default)  30238 
[NR-eGR] Layer group 1: route 30238 net(s) in layer range [2, 10]
[NR-eGR] Early Global Route overflow of layer group 1: 0.02% H + 0.00% V. EstWL: 5.722570e+05um
[NR-eGR] Congestion Analysis By layer: (blocked Gcells are excluded) 
[NR-eGR]                        OverCon           OverCon            
[NR-eGR]                         #Gcell            #Gcell     %Gcell
[NR-eGR]        Layer             (1-2)             (3-4)    OverCon
[NR-eGR] ---------------------------------------------------------------
[NR-eGR]  metal1 ( 1)         0( 0.00%)         0( 0.00%)   ( 0.00%) 
[NR-eGR]  metal2 ( 2)       187( 0.37%)        12( 0.02%)   ( 0.39%) 
[NR-eGR]  metal3 ( 3)       118( 0.23%)        11( 0.02%)   ( 0.25%) 
[NR-eGR]  metal4 ( 4)       246( 0.49%)         5( 0.01%)   ( 0.50%) 
[NR-eGR]  metal5 ( 5)        54( 0.11%)         1( 0.00%)   ( 0.11%) 
[NR-eGR]  metal6 ( 6)        25( 0.05%)         0( 0.00%)   ( 0.05%) 
[NR-eGR]  metal7 ( 7)         9( 0.02%)         1( 0.00%)   ( 0.02%) 
[NR-eGR]  metal8 ( 8)         0( 0.00%)         0( 0.00%)   ( 0.00%) 
[NR-eGR]  metal9 ( 9)         0( 0.00%)         0( 0.00%)   ( 0.00%) 
[NR-eGR] metal10 (10)         0( 0.00%)         0( 0.00%)   ( 0.00%) 
[NR-eGR] ---------------------------------------------------------------
[NR-eGR]        Total       639( 0.15%)        30( 0.01%)   ( 0.15%) 
[NR-eGR] 
[NR-eGR] Overflow after Early Global Route 0.04% H + 0.01% V
[NR-eGR] Connected 0 must-join pins/ports (post-process)
[NR-eGR] Total eGR-routed clock nets wire length: 15065um, number of vias: 15953
[NR-eGR] --------------------------------------------------------------------------
[NR-eGR]                  Length (um)    Vias 
[NR-eGR] -------------------------------------
[NR-eGR]  metal1   (1H)             0  123033 
[NR-eGR]  metal2   (2V)        122561  156829 
[NR-eGR]  metal3   (3H)        217382   55944 
[NR-eGR]  metal4   (4V)         96379   13113 
[NR-eGR]  metal5   (5H)         63059   10318 
[NR-eGR]  metal6   (6V)         77406    1427 
[NR-eGR]  metal7   (7H)         10207     629 
[NR-eGR]  metal8   (8V)         10843      30 
[NR-eGR]  metal9   (9H)            36       6 
[NR-eGR]  metal10  (10V)           12       0 
[NR-eGR] -------------------------------------
[NR-eGR]           Total       597884  361329 
[NR-eGR] --------------------------------------------------------------------------
[NR-eGR] Total half perimeter of net bounding box: 459238um
[NR-eGR] Total length: 597884um, number of vias: 361329
[NR-eGR] --------------------------------------------------------------------------
[NR-eGR] Finished Early Global Route kernel ( CPU: 8.22 sec, Real: 1.20 sec, Curr Mem: 1.66 MB )
[NR-eGR] Finished Early Global Route ( CPU: 8.24 sec, Real: 1.22 sec, Curr Mem: 1.56 MB )
Leaving CCOpt scope - optDesignGlobalRouteStep done. (took cpu=0:00:08.3 real=0:00:01.3)
Legalization setup...
Using cell based legalization.
Initializing placement interface...
  Use check_library -place or consult logv if problems occur.
  Leaving CCOpt scope - Initializing placement interface...
  Leaving CCOpt scope - Initializing placement interface done. (took cpu=0:00:00.1 real=0:00:00.0)
Initializing placement interface done.
Leaving CCOpt scope - Cleaning up placement interface...
Leaving CCOpt scope - Cleaning up placement interface done. (took cpu=0:00:00.1 real=0:00:00.0)
Leaving CCOpt scope - Initializing placement interface...
Leaving CCOpt scope - Initializing placement interface done. (took cpu=0:00:00.0 real=0:00:00.0)
[PSP]    Load db... (mem=1.6M)
[PSP]    Read data from FE... (mem=1.6M)
[PSP]    Done Read data from FE (cpu=0.022s, mem=1.6M)

[PSP]    Done Load db (cpu=0.022s, mem=1.6M)

[PSP]    Constructing placeable region... (mem=1.6M)
[PSP]    Compute region effective width... (mem=1.6M)
[PSP]    Done Compute region effective width (cpu=0.000s, mem=1.6M)

[PSP]    Done Constructing placeable region (cpu=0.005s, mem=1.6M)

Legalization setup done. (took cpu=0:00:00.2 real=0:00:00.1)
Validating CTS configuration...
Checking module port directions...
Checking module port directions done. (took cpu=0:00:00.0 real=0:00:00.0)
Non-default CCOpt properties:
  Public non-default CCOpt properties:
    cts_def_lock_clock_sinks_after_routing: true (default: false)
    cts_merge_clock_gates is set for at least one object
    cts_merge_clock_logic is set for at least one object
    post_conditioning_enable_routing_eco: 1 (default: false)
    route_type is set for at least one object
  No private non-default CCOpt properties
Updating RC Grid density data for preRoute extraction ...
Initializing multi-corner resistance tables ...
Route type trimming info:
  No route type modifications were made.
Library trimming buffers in power domain auto-default and half-corner WC:setup.late removed 0 of 3 cells
Original list had 3 cells:
CLKBUF_X3 CLKBUF_X2 CLKBUF_X1 
Library trimming was not able to trim any cells:
CLKBUF_X3 CLKBUF_X2 CLKBUF_X1 
**WARN: (IMPCCOPT-1184):	The library has no usable balanced inverters for power domain auto-default, while balancing clock_tree clk. If this is not intended behavior, you can specify a list of lib_cells to use with the inverter_cells property.
Clock tree balancer configuration for clock_tree clk:
Non-default CCOpt properties:
  Public non-default CCOpt properties:
    cts_merge_clock_gates: true (default: false)
    cts_merge_clock_logic: true (default: false)
    route_type (leaf): default_route_type_leaf (default: default)
    route_type (top): default_route_type_nonleaf (default: default)
    route_type (trunk): default_route_type_nonleaf (default: default)
  No private non-default CCOpt properties
For power domain auto-default:
  Buffers:     CLKBUF_X3 CLKBUF_X2 CLKBUF_X1
  Inverters:   
  Clock gates (with test): CLKGATETST_X8 CLKGATETST_X4 CLKGATETST_X2 CLKGATETST_X1
  Clock gates   (no test): CLKGATE_X8 CLKGATE_X4 CLKGATE_X2 CLKGATE_X1
  Unblocked area available for placement of any clock cells in power_domain auto-default: 86806.440um^2
Top Routing info:
  Route-type name: default_route_type_nonleaf; Top/bottom preferred layer name: metal4/metal3; 
  Unshielded; Mask Constraint: 0; Source: route_type.
Trunk Routing info:
  Route-type name: default_route_type_nonleaf; Top/bottom preferred layer name: metal4/metal3; 
  Unshielded; Preferred extra space: 1; Mask Constraint: 0; Source: route_type.
Leaf Routing info:
  Route-type name: default_route_type_leaf; Top/bottom preferred layer name: metal4/metal3; 
  Unshielded; Preferred extra space: 1; Mask Constraint: 0; Source: route_type.
For timing_corner WC:setup, late and power domain auto-default:
  Slew time target (leaf):    0.019ns
  Slew time target (trunk):   0.019ns
  Slew time target (top):     0.020ns (Note: no nets are considered top nets in this clock tree)
  Buffer unit delay: 0.034ns
  Buffer max distance: 116.800um
Fastest wire driving cells and distances:
  Buffer    : {lib_cell:CLKBUF_X3, fastest_considered_half_corner=WC:setup.late, optimalDrivingDistance=116.800um, saturatedSlew=0.016ns, speed=2464.135um per ns, cellArea=11.387um^2 per 1000um}
  Clock gate (with test): {lib_cell:CLKGATETST_X8, fastest_considered_half_corner=WC:setup.late, optimalDrivingDistance=215.484um, saturatedSlew=0.016ns, speed=4241.811um per ns, cellArea=35.798um^2 per 1000um}
  Clock gate   (no test): {lib_cell:CLKGATE_X8, fastest_considered_half_corner=WC:setup.late, optimalDrivingDistance=216.774um, saturatedSlew=0.016ns, speed=4469.567um per ns, cellArea=31.904um^2 per 1000um}


Logic Sizing Table:

----------------------------------------------------------
Cell    Instance count    Source    Eligible library cells
----------------------------------------------------------
  (empty table)
----------------------------------------------------------


Clock tree balancer configuration for skew_group clk/CON:
 Created from constraint modes: {[]}
  Sources:                     pin clk_i
  Total number of sinks:       5207
  Delay constrained sinks:     5207
  Constrains:                  default
  Non-leaf sinks:              0
  Ignore pins:                 0
 Timing corner WC:setup.late:
  Skew target:                 0.034ns
Primary reporting skew groups are:
skew_group clk/CON with 5207 clock sinks
Found 0/0 (-nan%) clock tree instances with fixed placement status.


Constraint summary
==================

Transition constraints are active in the following delay corners:

WC:setup.late

Cap constraints are active in the following delay corners:

WC:setup.late

Transition constraint summary:

------------------------------------------------------------------------------------
Delay corner               Target (ns)    Num pins    Target source    Clock tree(s)
------------------------------------------------------------------------------------
WC:setup.late (primary)         -            -              -                -
           -                  0.019         5209      auto computed    all
------------------------------------------------------------------------------------

Capacitance constraint summary:

-----------------------------------------------------------------------------------------------
Delay corner               Limit (fF)    Num nets    Target source                Clock tree(s)
-----------------------------------------------------------------------------------------------
WC:setup.late (primary)        -            -                    -                      -
           -                181.885         1        library_or_sdc_constraint    all
-----------------------------------------------------------------------------------------------


Clock DAG stats initial state:
  cell counts      : b=0, i=0, icg=0, dcg=0, l=0, total=0
  sink counts      : regular=5207, enable_latch=0, load_capacitance=0, antenna=0, node_sink=0, port=0, total=5207
  misc counts      : r=1, pp=0, mci=0
  cell areas       : b=0.000um^2, i=0.000um^2, icg=0.000um^2, dcg=0.000um^2, l=0.000um^2, total=0.000um^2
  hp wire lengths  : top=0.000um, trunk=0.000um, leaf=596.215um, total=596.215um
      flow.cputime  flow.realtime  timing.setup.tns  timing.setup.wns  snapshot
UM:*                                                                   InitialState
Have 16 CPUs available for CTS. Selected algorithms will run multithreaded.
No ideal or dont_touch nets found in the clock tree
No dont_touch hnets found in the clock tree
No dont_touch hpins found in the clock network.
Checking for illegal sizes of clock logic instances...
Checking for illegal sizes of clock logic instances done. (took cpu=0:00:00.0 real=0:00:00.0)
Validating CTS configuration done. (took cpu=0:00:01.0 real=0:00:00.8)
CCOpt configuration status: all checks passed.
Adding exclusion drivers to pins that are effective_sink_type exclude...
    Adding exclusion drivers (these will be instances of the smallest area library cells).
  No exclusion drivers are needed.
Adding exclusion drivers to pins that are effective_sink_type exclude done.
Antenna diode management...
  Found 0 antenna diodes in the clock trees.
  
Antenna diode management done.
Adding driver cells for primary IOs...
Adding driver cells for primary IOs done.
Adding driver cells for primary IOs...
Adding driver cells for primary IOs done.

----------------------------------------------------------------------------------------------
CCOpt reported the following when adding drivers below input ports and above output ports     
----------------------------------------------------------------------------------------------
  (empty table)
----------------------------------------------------------------------------------------------


Adding driver cell for primary IO roots...
Adding driver cell for primary IO roots done.
Maximizing clock DAG abstraction...
  Removing clock DAG drivers
Maximizing clock DAG abstraction done.
CCOpt::Phase::PreparingToBalance done. (took cpu=0:00:09.6 real=0:00:02.3)
Synthesizing clock trees...
  Preparing To Balance...
  Leaving CCOpt scope - Cleaning up placement interface...
  Leaving CCOpt scope - Cleaning up placement interface done. (took cpu=0:00:00.1 real=0:00:00.0)
  Leaving CCOpt scope - Initializing placement interface...
  Leaving CCOpt scope - Initializing placement interface done. (took cpu=0:00:00.0 real=0:00:00.0)
  Merging duplicate siblings in DAG...
    Clock DAG stats before merging:
      cell counts      : b=0, i=0, icg=0, dcg=0, l=0, total=0
      sink counts      : regular=5207, enable_latch=0, load_capacitance=0, antenna=0, node_sink=0, port=0, total=5207
      misc counts      : r=1, pp=0, mci=0
      cell areas       : b=0.000um^2, i=0.000um^2, icg=0.000um^2, dcg=0.000um^2, l=0.000um^2, total=0.000um^2
      hp wire lengths  : top=0.000um, trunk=0.000um, leaf=596.215um, total=596.215um
      flow.cputime  flow.realtime  timing.setup.tns  timing.setup.wns  snapshot
UM:*                                                                   before merging
    Resynthesising clock tree into netlist...
      Reset timing graph...
Ignoring AAE DB Resetting ...
      Reset timing graph done.
    Resynthesising clock tree into netlist done.
    Merging duplicate clock dag driver clones in DAG...
    Merging duplicate clock dag driver clones in DAG done.
    
    Disconnecting clock tree from netlist...
    Disconnecting clock tree from netlist done.
  Merging duplicate siblings in DAG done.
  Applying movement limits...
  Applying movement limits done.
  Preparing To Balance done. (took cpu=0:00:00.3 real=0:00:00.2)
  CCOpt::Phase::Construction...
  Stage::Clustering...
  Clustering...
    Initialize for clustering...
    Clock DAG stats before clustering:
      cell counts      : b=0, i=0, icg=0, dcg=0, l=0, total=0
      sink counts      : regular=5207, enable_latch=0, load_capacitance=0, antenna=0, node_sink=0, port=0, total=5207
      misc counts      : r=1, pp=0, mci=0
      cell areas       : b=0.000um^2, i=0.000um^2, icg=0.000um^2, dcg=0.000um^2, l=0.000um^2, total=0.000um^2
      hp wire lengths  : top=0.000um, trunk=0.000um, leaf=596.215um, total=596.215um
      flow.cputime  flow.realtime  timing.setup.tns  timing.setup.wns  snapshot
UM:*                                                                   before clustering
    Computing max distances from locked parents...
      Computing distance_from_locked_parent_restrictions for 0 nodes driven by 0 locked parents
    Computing max distances from locked parents done.
    Preplacing multi-input logics...
    Preplacing multi-input logics done. (took cpu=0:00:00.0 real=0:00:00.0)
    Computing optimal clock node locations...
    : ...20% ...40% ...60% ...80% ...100% 
    Computing optimal clock node locations done. (took cpu=0:00:00.0 real=0:00:00.0)
    Initialize for clustering done. (took cpu=0:00:00.2 real=0:00:00.2)
    Bottom-up phase...
    Clustering bottom-up starting from leaves...
      Clustering clock_tree clk...
          Clock tree timing engine global stage delay update for WC:setup.late...
          Clock tree timing engine global stage delay update for WC:setup.late done. (took cpu=0:00:00.2 real=0:00:00.0)
      Clustering clock_tree clk done.
    Clustering bottom-up starting from leaves done.
    Rebuilding the clock tree after clustering...
    Rebuilding the clock tree after clustering done.
    Clock DAG stats after bottom-up phase:
      cell counts      : b=467, i=0, icg=0, dcg=0, l=0, total=467
      sink counts      : regular=5207, enable_latch=0, load_capacitance=0, antenna=0, node_sink=0, port=0, total=5207
      misc counts      : r=1, pp=0, mci=0
      cell areas       : b=620.046um^2, i=0.000um^2, icg=0.000um^2, dcg=0.000um^2, l=0.000um^2, total=620.046um^2
      hp wire lengths  : top=0.000um, trunk=4456.460um, leaf=9519.275um, total=13975.735um
    Clock DAG library cell distribution after bottom-up phase {count}:
       Bufs: CLKBUF_X3: 463 CLKBUF_X2: 4 
      flow.cputime  flow.realtime  timing.setup.tns  timing.setup.wns  snapshot
UM:*                                                                   after bottom-up phase
    Bottom-up phase done. (took cpu=0:00:07.1 real=0:00:01.7)
    Legalizing clock trees...
    Resynthesising clock tree into netlist...
      Reset timing graph...
Ignoring AAE DB Resetting ...
      Reset timing graph done.
    Resynthesising clock tree into netlist done.
    Commiting net attributes....
    Commiting net attributes. done.
    Leaving CCOpt scope - ClockRefiner...
    Performing a single pass refine place with checks partially disabled for clock sinks and datapath.
*** Starting refinePlace (0:07:28 mem=3274.7M) ***
Total net bbox length = 4.727e+05 (2.338e+05 2.389e+05) (ext = 3.358e+04)
Move report: Detail placement moved 1811 insts, mean move: 0.91 um, max move: 4.70 um 
	Max move on inst (u_frontend/u_npc/BRANCH_PREDICTION.bht_sat_q_reg[486][1]): (20.90, 36.68) --> (19.00, 33.88)
	Runtime: CPU: 0:00:01.4 REAL: 0:00:01.0 MEM: 3397.2MB
Summary Report:
Instances moved: 1811 (out of 28962 movable)
Instances flipped: 0
Mean displacement: 0.91 um
Max displacement: 4.70 um (Instance: u_frontend/u_npc/BRANCH_PREDICTION.bht_sat_q_reg[486][1]) (20.9, 36.68) -> (19, 33.88)
	Length: 25 sites, height: 1 rows, site name: FreePDK45_38x28_10R_NP_162NW_34O, cell type: SDFFS_X1
Physical-only instances moved: 0 (out of 0 movable physical-only)
Total net bbox length = 4.734e+05 (2.342e+05 2.392e+05) (ext = 3.358e+04)
Runtime: CPU: 0:00:01.4 REAL: 0:00:01.0 MEM: 3397.2MB
*** Finished refinePlace (0:07:30 mem=3397.2M) ***
    ClockRefiner summary
    All clock instances: Moved 688, flipped 251 and cell swapped 0 (out of a total of 5674).
    All Clock instances: Average move = 1.16um
    The largest move was 4.7 um for u_frontend/u_npc/BRANCH_PREDICTION.bht_sat_q_reg[486][1].
    Leaving CCOpt scope - ClockRefiner done. (took cpu=0:00:01.6 real=0:00:00.6)
    Disconnecting clock tree from netlist...
    Disconnecting clock tree from netlist done.
    Leaving CCOpt scope - Cleaning up placement interface...
    Leaving CCOpt scope - Cleaning up placement interface done. (took cpu=0:00:00.1 real=0:00:00.0)
    Leaving CCOpt scope - Initializing placement interface...
    Leaving CCOpt scope - Initializing placement interface done. (took cpu=0:00:00.0 real=0:00:00.0)
    Clock tree timing engine global stage delay update for WC:setup.late...
    Clock tree timing engine global stage delay update for WC:setup.late done. (took cpu=0:00:00.2 real=0:00:00.0)
    
    Clock tree legalization - Histogram:
    ====================================
    
    --------------------------------------
    Movement (um)          Number of cells
    --------------------------------------
    [0.19,0.464444)               4
    [0.464444,0.738889)           1
    [0.738889,1.01333)           14
    [1.01333,1.28778)             2
    [1.28778,1.56222)            33
    [1.56222,1.83667)             0
    [1.83667,2.11111)             0
    [2.11111,2.38556)             0
    [2.38556,2.66)                2
    --------------------------------------
    
    
    Clock tree legalization - Top 10 Movements:
    ===========================================
    
    --------------------------------------------------------------------------------------------------------------------------------------------------------
    Movement (um)    Desired              Achieved             Node
                     location             location             
    --------------------------------------------------------------------------------------------------------------------------------------------------------
        2.66         (176.320,291.480)    (178.980,291.480)    CTS_ccl_a_buf_00367 (a lib_cell CLKBUF_X3) at (178.980,291.480), in power domain auto-default
        2.66         (132.620,290.080)    (135.280,290.080)    CTS_ccl_a_buf_00453 (a lib_cell CLKBUF_X3) at (135.280,290.080), in power domain auto-default
        1.4          (174.230,109.480)    (174.230,108.080)    CTS_ccl_a_buf_00379 (a lib_cell CLKBUF_X3) at (174.230,108.080), in power domain auto-default
        1.4          (164.920,179.480)    (164.920,180.880)    CTS_ccl_a_buf_00143 (a lib_cell CLKBUF_X3) at (164.920,180.880), in power domain auto-default
        1.4          (176.320,291.480)    (176.320,292.880)    CTS_ccl_a_buf_00452 (a lib_cell CLKBUF_X3) at (176.320,292.880), in power domain auto-default
        1.33         (164.730,161.280)    (166.060,161.280)    CTS_ccl_a_buf_00454 (a lib_cell CLKBUF_X3) at (166.060,161.280), in power domain auto-default
        1.33         (135.660,133.280)    (134.330,133.280)    CTS_ccl_a_buf_00448 (a lib_cell CLKBUF_X3) at (134.330,133.280), in power domain auto-default
        1.33         (259.540,143.080)    (260.870,143.080)    CTS_ccl_a_buf_00446 (a lib_cell CLKBUF_X3) at (260.870,143.080), in power domain auto-default
        1.33         (219.070,222.880)    (220.400,222.880)    CTS_ccl_a_buf_00443 (a lib_cell CLKBUF_X3) at (220.400,222.880), in power domain auto-default
        1.33         (44.270,40.880)      (42.940,40.880)      CTS_ccl_a_buf_00445 (a lib_cell CLKBUF_X3) at (42.940,40.880), in power domain auto-default
    --------------------------------------------------------------------------------------------------------------------------------------------------------
    
    Legalizing clock trees done. (took cpu=0:00:02.1 real=0:00:00.8)
    Clock tree timing engine global stage delay update for WC:setup.late...
    Clock tree timing engine global stage delay update for WC:setup.late done. (took cpu=0:00:00.2 real=0:00:00.0)
    Clock DAG stats after 'Clustering':
      cell counts      : b=467, i=0, icg=0, dcg=0, l=0, total=467
      sink counts      : regular=5207, enable_latch=0, load_capacitance=0, antenna=0, node_sink=0, port=0, total=5207
      misc counts      : r=1, pp=0, mci=0
      cell areas       : b=620.046um^2, i=0.000um^2, icg=0.000um^2, dcg=0.000um^2, l=0.000um^2, total=620.046um^2
      cell capacitance : b=663.622fF, i=0.000fF, icg=0.000fF, dcg=0.000fF, l=0.000fF, total=663.622fF
      sink capacitance : total=5154.338fF, avg=0.990fF, sd=0.029fF, min=0.950fF, max=1.026fF
      wire capacitance : top=0.000fF, trunk=560.651fF, leaf=1770.372fF, total=2331.023fF
      wire lengths     : top=0.000um, trunk=5283.065um, leaf=15162.418um, total=20445.484um
      hp wire lengths  : top=0.000um, trunk=4495.240um, leaf=9595.615um, total=14090.855um
    Clock DAG net violations after 'Clustering':
      Remaining Transition : {count=5, worst=[0.000ns, 0.000ns, 0.000ns, 0.000ns, 0.000ns]} avg=0.000ns sd=0.000ns sum=0.001ns
    Clock DAG primary half-corner transition distribution after 'Clustering':
      Trunk : target=0.019ns count=89 avg=0.014ns sd=0.002ns min=0.008ns max=0.018ns {9 <= 0.012ns, 54 <= 0.015ns, 21 <= 0.017ns, 5 <= 0.018ns, 0 <= 0.019ns}
      Leaf  : target=0.019ns count=379 avg=0.018ns sd=0.001ns min=0.015ns max=0.019ns {0 <= 0.012ns, 3 <= 0.015ns, 93 <= 0.017ns, 185 <= 0.018ns, 93 <= 0.019ns} {5 <= 0.020ns, 0 <= 0.021ns, 0 <= 0.023ns, 0 <= 0.029ns, 0 > 0.029ns}
    Clock DAG library cell distribution after 'Clustering' {count}:
       Bufs: CLKBUF_X3: 463 CLKBUF_X2: 4 
    Primary reporting skew groups after 'Clustering':
      skew_group clk/CON: insertion delay [min=0.193, max=0.232, avg=0.215, sd=0.010, skn=-0.708, kur=-0.718], skew [0.039 vs 0.034*], 97.8% {0.194, 0.228} (wid=0.020 ws=0.015) (gid=0.212 gs=0.025)
    Skew group summary after 'Clustering':
      skew_group clk/CON: insertion delay [min=0.193, max=0.232, avg=0.215, sd=0.010, skn=-0.708, kur=-0.718], skew [0.039 vs 0.034*], 97.8% {0.194, 0.228} (wid=0.020 ws=0.015) (gid=0.212 gs=0.025)
    Legalizer API calls during this step: 11534 succeeded with high effort: 11534 succeeded with medium effort: 0 succeeded with low effort: 0 succeeded with basic effort: 0 succeeded with basic unbounded effort: 0
  Clustering done. (took cpu=0:00:09.8 real=0:00:02.8)
  Looking for fanout violations...
  Looking for fanout violations done.
  Removing clustering added virtual delays...
    Resynthesising clock tree into netlist...
      Reset timing graph...
Ignoring AAE DB Resetting ...
      Reset timing graph done.
    Resynthesising clock tree into netlist done.
    Disconnecting clock tree from netlist...
    Disconnecting clock tree from netlist done.
  Removing clustering added virtual delays done.
  CongRepair After Initial Clustering...
  Reset timing graph...
Ignoring AAE DB Resetting ...
  Reset timing graph done.
  Leaving CCOpt scope - Early Global Route...
  Clock implementation routing...
Net route status summary:
  Clock:       468 (unrouted=468, trialRouted=0, noStatus=0, routed=0, fixed=0, [crossesIlmBoundary=0, tooFewTerms=0, (crossesIlmBoundary AND tooFewTerms=0)], steiner=0)
  Non-clock: 41477 (unrouted=11240, trialRouted=30237, noStatus=0, routed=0, fixed=0, [crossesIlmBoundary=0, tooFewTerms=11240, (crossesIlmBoundary AND tooFewTerms=0)])
    Routing using eGR only...
      Early Global Route - eGR only step...
(ccopt eGR): There are 468 nets to be routed. 0 nets have skip routing designation.
(ccopt eGR): There are 468 nets for routing of which 468 have one or more fixed wires.
(ccopt eGR): Start to route 468 all nets
[PSP]    Started Early Global Route ( Curr Mem: 1.69 MB )
[PSP]    Started Early Global Route kernel ( Curr Mem: 1.69 MB )
[NR-eGR] Early global route reroute 468 out of 30705 routable nets
[NR-eGR] Track table information for default rule: 
[NR-eGR] metal1 has single uniform track structure
[NR-eGR] metal2 has single uniform track structure
[NR-eGR] metal3 has single uniform track structure
[NR-eGR] metal4 has single uniform track structure
[NR-eGR] metal5 has single uniform track structure
[NR-eGR] metal6 has single uniform track structure
[NR-eGR] metal7 has single uniform track structure
[NR-eGR] metal8 has single uniform track structure
[NR-eGR] metal9 has single uniform track structure
[NR-eGR] metal10 has single uniform track structure
[NR-eGR] Read 0 PG shapes
[NR-eGR] Read 0 clock shapes
[NR-eGR] Read 0 other shapes
[NR-eGR] #Routing Blockages  : 0
[NR-eGR] #Bump Blockages     : 0
[NR-eGR] #Instance Blockages : 0
[NR-eGR] #PG Blockages       : 0
[NR-eGR] #Halo Blockages     : 0
[NR-eGR] #Boundary Blockages : 0
[NR-eGR] #Clock Blockages    : 0
[NR-eGR] #Other Blockages    : 0
[NR-eGR] #prerouted nets         : 0
[NR-eGR] #prerouted special nets : 0
[NR-eGR] #prerouted wires        : 0
[NR-eGR] Read 30705 nets ( ignored 30237 )
[NR-eGR] Connected 0 must-join pins/ports (pre-process)
[NR-eGR] #via pillars        : 0
[NR-eGR] #must join all port : 0
[NR-eGR] #multiple ports     : 0
[NR-eGR] #has must join      : 0
[NR-eGR] Handle net priority by net group ordering
[NR-eGR] There are 468 clock nets ( 468 with NDR ).
[NR-eGR] == Routing rule table ==
[NR-eGR]  ID  Name  #Nets 
[NR-eGR] -----------------
[NR-eGR]   0          468 
[NR-eGR] Layer group 1: route 468 net(s) in layer range [3, 4]
[NR-eGR] Early Global Route overflow of layer group 1: 0.00% H + 0.00% V. EstWL: 1.993880e+04um
[NR-eGR] Create a new net group with 20 nets and layer range [3, 6]
[NR-eGR] Layer group 2: route 20 net(s) in layer range [3, 6]
[NR-eGR] Early Global Route overflow of layer group 2: 0.00% H + 0.00% V. EstWL: 2.122540e+04um
[NR-eGR] Create a new net group with 3 nets and layer range [2, 6]
[NR-eGR] Layer group 3: route 3 net(s) in layer range [2, 6]
[NR-eGR] Early Global Route overflow of layer group 3: 0.00% H + 0.00% V. EstWL: 2.139200e+04um
[NR-eGR] Congestion Analysis By layer: (blocked Gcells are excluded) 
[NR-eGR]                        OverCon            
[NR-eGR]                         #Gcell     %Gcell
[NR-eGR]        Layer             (1-0)    OverCon
[NR-eGR] ----------------------------------------------
[NR-eGR]  metal1 ( 1)         0( 0.00%)   ( 0.00%) 
[NR-eGR]  metal2 ( 2)         0( 0.00%)   ( 0.00%) 
[NR-eGR]  metal3 ( 3)         0( 0.00%)   ( 0.00%) 
[NR-eGR]  metal4 ( 4)         0( 0.00%)   ( 0.00%) 
[NR-eGR]  metal5 ( 5)         0( 0.00%)   ( 0.00%) 
[NR-eGR]  metal6 ( 6)         0( 0.00%)   ( 0.00%) 
[NR-eGR]  metal7 ( 7)         0( 0.00%)   ( 0.00%) 
[NR-eGR]  metal8 ( 8)         0( 0.00%)   ( 0.00%) 
[NR-eGR]  metal9 ( 9)         0( 0.00%)   ( 0.00%) 
[NR-eGR] metal10 (10)         0( 0.00%)   ( 0.00%) 
[NR-eGR] ----------------------------------------------
[NR-eGR]        Total         0( 0.00%)   ( 0.00%) 
[NR-eGR] 
[NR-eGR] Overflow after Early Global Route 0.00% H + 0.00% V
[NR-eGR] Connected 0 must-join pins/ports (post-process)
[NR-eGR] Total eGR-routed clock nets wire length: 20571um, number of vias: 16695
[NR-eGR] --------------------------------------------------------------------------
[NR-eGR] Report for selected net(s) only.
[NR-eGR]                  Length (um)   Vias 
[NR-eGR] ------------------------------------
[NR-eGR]  metal1   (1H)             0   6141 
[NR-eGR]  metal2   (2V)          4574   7155 
[NR-eGR]  metal3   (3H)          9872   3395 
[NR-eGR]  metal4   (4V)          6114      4 
[NR-eGR]  metal5   (5H)            11      0 
[NR-eGR]  metal6   (6V)             0      0 
[NR-eGR]  metal7   (7H)             0      0 
[NR-eGR]  metal8   (8V)             0      0 
[NR-eGR]  metal9   (9H)             0      0 
[NR-eGR]  metal10  (10V)            0      0 
[NR-eGR] ------------------------------------
[NR-eGR]           Total        20571  16695 
[NR-eGR] --------------------------------------------------------------------------
[NR-eGR] Total half perimeter of net bounding box: 14175um
[NR-eGR] Total length: 20571um, number of vias: 16695
[NR-eGR] --------------------------------------------------------------------------
[NR-eGR] Total routed clock nets wire length: 20571um, number of vias: 16695
[NR-eGR] --------------------------------------------------------------------------
[NR-eGR]                  Length (um)    Vias 
[NR-eGR] -------------------------------------
[NR-eGR]  metal1   (1H)             0  123967 
[NR-eGR]  metal2   (2V)        120712  155459 
[NR-eGR]  metal3   (3H)        220432   57122 
[NR-eGR]  metal4   (4V)        100674   13113 
[NR-eGR]  metal5   (5H)         63069   10318 
[NR-eGR]  metal6   (6V)         77406    1427 
[NR-eGR]  metal7   (7H)         10207     629 
[NR-eGR]  metal8   (8V)         10843      30 
[NR-eGR]  metal9   (9H)            36       6 
[NR-eGR]  metal10  (10V)           12       0 
[NR-eGR] -------------------------------------
[NR-eGR]           Total       603390  362071 
[NR-eGR] --------------------------------------------------------------------------
[NR-eGR] Total half perimeter of net bounding box: 473367um
[NR-eGR] Total length: 603390um, number of vias: 362071
[NR-eGR] --------------------------------------------------------------------------
[NR-eGR] Finished Early Global Route kernel ( CPU: 1.76 sec, Real: 0.54 sec, Curr Mem: 1.73 MB )
[NR-eGR] Finished Early Global Route ( CPU: 1.77 sec, Real: 0.55 sec, Curr Mem: 1.68 MB )
      Early Global Route - eGR only step done. (took cpu=0:00:01.9 real=0:00:00.6)
[hotspot] +----------------+-------------------+-------------------+-------------------------------------+
[hotspot] |      layer     |    max hotspot    |   total hotspot   |            hotspot bbox             |
[hotspot] +----------------+-------------------+-------------------+-------------------------------------+
[hotspot] |   metal3(H)    |              0.00 |              0.00 |   (none)                            |
[hotspot] |   metal4(V)    |              0.00 |              0.00 |   (none)                            |
[hotspot] +----------------+-------------------+-------------------+-------------------------------------+
[hotspot] |      worst     |              0.00 |              0.00 |                                     |
[hotspot] +----------------+-------------------+-------------------+-------------------------------------+
[hotspot] |   all layers   |              0.00 |              0.00 |                                     |
[hotspot] +----------------+-------------------+-------------------+-------------------------------------+
Local HotSpot Analysis (3d): normalized congestion max/total hotspot area = 0.00/0.00 (area is in unit of 4 std-cell row bins)
    Routing using eGR only done.
Net route status summary:
  Clock:       468 (unrouted=0, trialRouted=0, noStatus=0, routed=468, fixed=0, [crossesIlmBoundary=0, tooFewTerms=0, (crossesIlmBoundary AND tooFewTerms=0)], steiner=468)
  Non-clock: 41477 (unrouted=11240, trialRouted=30237, noStatus=0, routed=0, fixed=0, [crossesIlmBoundary=0, tooFewTerms=11240, (crossesIlmBoundary AND tooFewTerms=0)])

CCOPT: Done with clock implementation routing.

  Clock implementation routing done.
  CCOpt: Starting congestion repair using flow wrapper...
    Congestion Repair...
*** IncrReplace #1 [begin] (CTS #1 / clock_opt_design #1) : totSession cpu/real = 0:07:32.9/0:02:15.7 (3.3), mem = 3287.2M
Info: Enable timing driven in postCTS congRepair.

*** Start incrementalPlace ***
No Views given, use default active views for adaptive view pruning
Active views:
  WC_VIEW
[NR-eGR] Started Early Global Route kernel ( Curr Mem: 1.68 MB )
[NR-eGR] Early global route reroute all routable nets
[NR-eGR] Track table information for default rule: 
[NR-eGR] metal1 has single uniform track structure
[NR-eGR] metal2 has single uniform track structure
[NR-eGR] metal3 has single uniform track structure
[NR-eGR] metal4 has single uniform track structure
[NR-eGR] metal5 has single uniform track structure
[NR-eGR] metal6 has single uniform track structure
[NR-eGR] metal7 has single uniform track structure
[NR-eGR] metal8 has single uniform track structure
[NR-eGR] metal9 has single uniform track structure
[NR-eGR] metal10 has single uniform track structure
[NR-eGR] Read 0 PG shapes
[NR-eGR] Read 0 clock shapes
[NR-eGR] Read 0 other shapes
[NR-eGR] #Routing Blockages  : 0
[NR-eGR] #Bump Blockages     : 0
[NR-eGR] #Instance Blockages : 0
[NR-eGR] #PG Blockages       : 0
[NR-eGR] #Halo Blockages     : 0
[NR-eGR] #Boundary Blockages : 0
[NR-eGR] #Clock Blockages    : 0
[NR-eGR] #Other Blockages    : 0
[NR-eGR] #prerouted nets         : 468
[NR-eGR] #prerouted special nets : 0
[NR-eGR] #prerouted wires        : 17813
[NR-eGR] Read 30705 nets ( ignored 468 )
[NR-eGR] Handle net priority by net group ordering
[NR-eGR] == Routing rule table ==
[NR-eGR]  ID  Name       #Nets 
[NR-eGR] ----------------------
[NR-eGR]   1  (Default)  30237 
[NR-eGR] Layer group 1: route 30237 net(s) in layer range [2, 10]
[NR-eGR] Early Global Route overflow of layer group 1: 0.02% H + 0.04% V. EstWL: 5.592300e+05um
[NR-eGR] Congestion Analysis By layer: (blocked Gcells are excluded) 
[NR-eGR]                        OverCon           OverCon           OverCon            
[NR-eGR]                         #Gcell            #Gcell            #Gcell     %Gcell
[NR-eGR]        Layer             (1-2)             (3-4)               (5)    OverCon
[NR-eGR] --------------------------------------------------------------------------------
[NR-eGR]  metal1 ( 1)         0( 0.00%)         0( 0.00%)         0( 0.00%)   ( 0.00%) 
[NR-eGR]  metal2 ( 2)       283( 0.56%)        13( 0.03%)         1( 0.00%)   ( 0.59%) 
[NR-eGR]  metal3 ( 3)       139( 0.27%)        12( 0.02%)         0( 0.00%)   ( 0.30%) 
[NR-eGR]  metal4 ( 4)       375( 0.74%)        12( 0.02%)         0( 0.00%)   ( 0.77%) 
[NR-eGR]  metal5 ( 5)       121( 0.24%)         3( 0.01%)         0( 0.00%)   ( 0.24%) 
[NR-eGR]  metal6 ( 6)        47( 0.09%)         0( 0.00%)         0( 0.00%)   ( 0.09%) 
[NR-eGR]  metal7 ( 7)        12( 0.02%)         0( 0.00%)         0( 0.00%)   ( 0.02%) 
[NR-eGR]  metal8 ( 8)         0( 0.00%)         0( 0.00%)         0( 0.00%)   ( 0.00%) 
[NR-eGR]  metal9 ( 9)         0( 0.00%)         0( 0.00%)         0( 0.00%)   ( 0.00%) 
[NR-eGR] metal10 (10)         0( 0.00%)         0( 0.00%)         0( 0.00%)   ( 0.00%) 
[NR-eGR] --------------------------------------------------------------------------------
[NR-eGR]        Total       977( 0.22%)        40( 0.01%)         1( 0.00%)   ( 0.23%) 
[NR-eGR] 
[NR-eGR] Overflow after Early Global Route 0.06% H + 0.02% V
[NR-eGR] Finished Early Global Route kernel ( CPU: 6.90 sec, Real: 0.95 sec, Curr Mem: 1.72 MB )
Early Global Route congestion estimation runtime: 0.96 seconds, mem = 3305.4M
Local HotSpot Analysis: normalized max congestion hotspot area = 0.00, normalized total congestion hotspot area = 0.00 (area is in unit of 4 std-cell row bins)

=== incrementalPlace Internal Loop 1 ===
      flow.cputime  flow.realtime  timing.setup.tns  timing.setup.wns  snapshot
UM:*                                                                   incrNP_iter_start
[spp] 0
AAE_INFO: opIsDesignInPostRouteState() is 0
#################################################################################
# Design Stage: PreRoute
# Design Name: riscv_core
# Design Mode: 45nm
# Analysis Mode: MMMC OCV 
# Parasitics Mode: No SPEF/RCDB 
# Signoff Settings: SI Off 
#################################################################################
Extraction called for design 'riscv_core' of instances=28962 and nets=41945 using extraction engine 'preRoute' .
PreRoute RC Extraction called for design riscv_core.
RC Extraction called in multi-corner(2) mode.
RCMode: PreRoute
      RC Corner Indexes            0       1   
Capacitance Scaling Factor   : 1.00000 1.00000 
Resistance Scaling Factor    : 1.00000 1.00000 
Clock Cap. Scaling Factor    : 1.00000 1.00000 
Clock Res. Scaling Factor    : 1.00000 1.00000 
Shrink Factor                : 1.00000
Using Quantus QRC technology file ...
Updating RC Grid density data for preRoute extraction ...
Initializing multi-corner resistance tables ...
PreRoute RC Extraction DONE (CPU Time: 0:00:00.3  Real Time: 0:00:01.0  MEM: 3340.750M)
Start delay calculation (fullDC) (16 T). (MEM=3580.75)
Total number of fetched objects 35056
End delay calculation. (MEM=3635.71 CPU=0:00:06.4 REAL=0:00:01.0)
End delay calculation (fullDC). (MEM=3635.71 CPU=0:00:07.4 REAL=0:00:01.0)
*** Finished SKP initialization (cpu=0:00:16.6, real=0:00:03.0)***
SKP will use view:
  WC_VIEW
Iteration  8: Total net bbox = 4.652e+05 (2.34e+05 2.31e+05)
              Est.  stn bbox = 6.194e+05 (3.12e+05 3.08e+05)
              cpu = 0:00:08.7 real = 0:00:01.0 mem = 3795.9M
Iteration  9: Total net bbox = 4.634e+05 (2.33e+05 2.31e+05)
              Est.  stn bbox = 6.167e+05 (3.10e+05 3.06e+05)
              cpu = 0:00:16.6 real = 0:00:02.0 mem = 3801.1M
[NR-eGR] Started Early Global Route kernel ( Curr Mem: 2.64 MB )
Iteration 10: Total net bbox = 4.774e+05 (2.39e+05 2.38e+05)
              Est.  stn bbox = 6.308e+05 (3.16e+05 3.14e+05)
              cpu = 0:00:40.5 real = 0:00:05.0 mem = 3821.6M
Iteration 11: Total net bbox = 4.704e+05 (2.34e+05 2.36e+05)
              Est.  stn bbox = 6.209e+05 (3.09e+05 3.12e+05)
              cpu = 0:00:09.6 real = 0:00:01.0 mem = 3804.3M
Move report: Timing Driven Placement moved 28495 insts, mean move: 3.28 um, max move: 54.22 um 
	Max move on inst (u_frontend/u_npc/FE_OFC1143_branch_info_source_w_3): (86.64, 75.88) --> (86.74, 130.00)

Finished Incremental Placement (cpu=0:01:36, real=0:00:13.0, mem=3782.2M)
*** Starting refinePlace (0:09:16 mem=3703.2M) ***
Total net bbox length = 4.884e+05 (2.472e+05 2.411e+05) (ext = 3.385e+04)
Move report: Detail placement moved 28493 insts, mean move: 0.33 um, max move: 9.23 um 
	Max move on inst (u_mul/mul_123_68_g17770): (46.85, 252.28) --> (37.62, 252.28)
	Runtime: CPU: 0:00:02.6 REAL: 0:00:01.0 MEM: 3858.6MB
Summary Report:
Instances moved: 28493 (out of 28495 movable)
Instances flipped: 2
Mean displacement: 0.33 um
Max displacement: 9.23 um (Instance: u_mul/mul_123_68_g17770) (46.8505, 252.28) -> (37.62, 252.28)
	Length: 8 sites, height: 1 rows, site name: FreePDK45_38x28_10R_NP_162NW_34O, cell type: AOI222_X1
Physical-only instances moved: 0 (out of 0 movable physical-only)
Total net bbox length = 4.833e+05 (2.415e+05 2.417e+05) (ext = 3.384e+04)
Runtime: CPU: 0:00:02.6 REAL: 0:00:01.0 MEM: 3858.6MB
*** Finished refinePlace (0:09:18 mem=3858.6M) ***
[NR-eGR] Early global route reroute all routable nets
[NR-eGR] Track table information for default rule: 
[NR-eGR] metal1 has single uniform track structure
[NR-eGR] metal2 has single uniform track structure
[NR-eGR] metal3 has single uniform track structure
[NR-eGR] metal4 has single uniform track structure
[NR-eGR] metal5 has single uniform track structure
[NR-eGR] metal6 has single uniform track structure
[NR-eGR] metal7 has single uniform track structure
[NR-eGR] metal8 has single uniform track structure
[NR-eGR] metal9 has single uniform track structure
[NR-eGR] metal10 has single uniform track structure
[NR-eGR] Read 0 PG shapes
[NR-eGR] Read 0 clock shapes
[NR-eGR] Read 0 other shapes
[NR-eGR] #Routing Blockages  : 0
[NR-eGR] #Bump Blockages     : 0
[NR-eGR] #Instance Blockages : 0
[NR-eGR] #PG Blockages       : 0
[NR-eGR] #Halo Blockages     : 0
[NR-eGR] #Boundary Blockages : 0
[NR-eGR] #Clock Blockages    : 0
[NR-eGR] #Other Blockages    : 0
[NR-eGR] #prerouted nets         : 468
[NR-eGR] #prerouted special nets : 0
[NR-eGR] #prerouted wires        : 17813
[NR-eGR] Read 30705 nets ( ignored 468 )
[NR-eGR] Handle net priority by net group ordering
[NR-eGR] == Routing rule table ==
[NR-eGR]  ID  Name       #Nets 
[NR-eGR] ----------------------
[NR-eGR]   1  (Default)  30237 
[NR-eGR] Layer group 1: route 30237 net(s) in layer range [2, 10]
[NR-eGR] Early Global Route overflow of layer group 1: 0.03% H + 0.02% V. EstWL: 5.707212e+05um
[NR-eGR] Congestion Analysis By layer: (blocked Gcells are excluded) 
[NR-eGR]                        OverCon           OverCon            
[NR-eGR]                         #Gcell            #Gcell     %Gcell
[NR-eGR]        Layer             (1-2)             (3-4)    OverCon
[NR-eGR] ---------------------------------------------------------------
[NR-eGR]  metal1 ( 1)         0( 0.00%)         0( 0.00%)   ( 0.00%) 
[NR-eGR]  metal2 ( 2)       306( 0.60%)        12( 0.02%)   ( 0.63%) 
[NR-eGR]  metal3 ( 3)       114( 0.23%)         7( 0.01%)   ( 0.24%) 
[NR-eGR]  metal4 ( 4)       296( 0.59%)         7( 0.01%)   ( 0.60%) 
[NR-eGR]  metal5 ( 5)        84( 0.17%)         3( 0.01%)   ( 0.17%) 
[NR-eGR]  metal6 ( 6)        55( 0.11%)         3( 0.01%)   ( 0.12%) 
[NR-eGR]  metal7 ( 7)        13( 0.03%)         0( 0.00%)   ( 0.03%) 
[NR-eGR]  metal8 ( 8)         0( 0.00%)         0( 0.00%)   ( 0.00%) 
[NR-eGR]  metal9 ( 9)         0( 0.00%)         0( 0.00%)   ( 0.00%) 
[NR-eGR] metal10 (10)         0( 0.00%)         0( 0.00%)   ( 0.00%) 
[NR-eGR] ---------------------------------------------------------------
[NR-eGR]        Total       868( 0.20%)        32( 0.01%)   ( 0.20%) 
[NR-eGR] 
[NR-eGR] Overflow after Early Global Route 0.03% H + 0.02% V
[NR-eGR] Finished Early Global Route kernel ( CPU: 6.95 sec, Real: 0.99 sec, Curr Mem: 2.47 MB )
Early Global Route congestion estimation runtime: 1.00 seconds, mem = 3705.7M
Local HotSpot Analysis: normalized max congestion hotspot area = 0.00, normalized total congestion hotspot area = 0.00 (area is in unit of 4 std-cell row bins)
[NR-eGR] Connected 0 must-join pins/ports (post-process)
[NR-eGR] Total eGR-routed clock nets wire length: 0um, number of vias: 0
[NR-eGR] --------------------------------------------------------------------------
[NR-eGR]                  Length (um)    Vias 
[NR-eGR] -------------------------------------
[NR-eGR]  metal1   (1H)             0  123967 
[NR-eGR]  metal2   (2V)        117904  154239 
[NR-eGR]  metal3   (3H)        214943   59558 
[NR-eGR]  metal4   (4V)         92394   16899 
[NR-eGR]  metal5   (5H)         75223   13419 
[NR-eGR]  metal6   (6V)         90801    1828 
[NR-eGR]  metal7   (7H)         12738     741 
[NR-eGR]  metal8   (8V)         12088      34 
[NR-eGR]  metal9   (9H)            15       6 
[NR-eGR]  metal10  (10V)           12       0 
[NR-eGR] -------------------------------------
[NR-eGR]           Total       616118  370691 
[NR-eGR] --------------------------------------------------------------------------
[NR-eGR] Total half perimeter of net bounding box: 483272um
[NR-eGR] Total length: 616118um, number of vias: 370691
[NR-eGR] --------------------------------------------------------------------------
Early Global Route wiring runtime: 0.50 seconds, mem = 3432.2M

*** Finished incrementalPlace (cpu=0:01:54, real=0:00:17.0)***
*** IncrReplace #1 [finish] (CTS #1 / clock_opt_design #1) : cpu/real = 0:01:53.9/0:00:16.8 (6.8), totSession cpu/real = 0:09:26.7/0:02:32.5 (3.7), mem = 3395.5M
    Congestion Repair done. (took cpu=0:01:54 real=0:00:16.8)
  CCOpt: Starting congestion repair using flow wrapper done.
  Leaving CCOpt scope - Early Global Route done. (took cpu=0:01:56 real=0:00:17.8)
  Leaving CCOpt scope - extractRC...
  Updating RC parasitics by calling: "extractRC -noRouteCheck"...
Extraction called for design 'riscv_core' of instances=28962 and nets=41945 using extraction engine 'preRoute' .
PreRoute RC Extraction called for design riscv_core.
RC Extraction called in multi-corner(2) mode.
RCMode: PreRoute
      RC Corner Indexes            0       1   
Capacitance Scaling Factor   : 1.00000 1.00000 
Resistance Scaling Factor    : 1.00000 1.00000 
Clock Cap. Scaling Factor    : 1.00000 1.00000 
Clock Res. Scaling Factor    : 1.00000 1.00000 
Shrink Factor                : 1.00000
PreRoute extraction is honoring NDR/Shielding/ExtraSpace for clock nets.
Using Quantus QRC technology file ...
Updating RC Grid density data for preRoute extraction ...
Initializing multi-corner resistance tables ...
PreRoute RC Extraction DONE (CPU Time: 0:00:00.3  Real Time: 0:00:00.0  MEM: 3232.973M)
  Updating RC parasitics by calling: "extractRC -noRouteCheck" done.
  Leaving CCOpt scope - extractRC done. (took cpu=0:00:00.3 real=0:00:00.2)
  Clock tree timing engine global stage delay update for WC:setup.late...
  Clock tree timing engine global stage delay update for WC:setup.late done. (took cpu=0:00:00.2 real=0:00:00.0)
  Clock DAG stats after clustering cong repair call:
    cell counts      : b=467, i=0, icg=0, dcg=0, l=0, total=467
    sink counts      : regular=5207, enable_latch=0, load_capacitance=0, antenna=0, node_sink=0, port=0, total=5207
    misc counts      : r=1, pp=0, mci=0
    cell areas       : b=620.046um^2, i=0.000um^2, icg=0.000um^2, dcg=0.000um^2, l=0.000um^2, total=620.046um^2
    cell capacitance : b=663.622fF, i=0.000fF, icg=0.000fF, dcg=0.000fF, l=0.000fF, total=663.622fF
    sink capacitance : total=5154.338fF, avg=0.990fF, sd=0.029fF, min=0.950fF, max=1.026fF
    wire capacitance : top=0.000fF, trunk=562.713fF, leaf=1567.946fF, total=2130.660fF
    wire lengths     : top=0.000um, trunk=5283.065um, leaf=13056.541um, total=18339.607um
    hp wire lengths  : top=0.000um, trunk=4495.240um, leaf=7791.865um, total=12287.105um
  Clock DAG net violations after clustering cong repair call:
    Remaining Transition : {count=2, worst=[0.000ns, 0.000ns]} avg=0.000ns sd=0.000ns sum=0.000ns
  Clock DAG primary half-corner transition distribution after clustering cong repair call:
    Trunk : target=0.019ns count=89 avg=0.014ns sd=0.002ns min=0.008ns max=0.018ns {9 <= 0.012ns, 53 <= 0.015ns, 21 <= 0.017ns, 6 <= 0.018ns, 0 <= 0.019ns}
    Leaf  : target=0.019ns count=379 avg=0.017ns sd=0.001ns min=0.014ns max=0.019ns {0 <= 0.012ns, 7 <= 0.015ns, 167 <= 0.017ns, 151 <= 0.018ns, 52 <= 0.019ns} {2 <= 0.020ns, 0 <= 0.021ns, 0 <= 0.023ns, 0 <= 0.029ns, 0 > 0.029ns}
  Clock DAG library cell distribution after clustering cong repair call {count}:
     Bufs: CLKBUF_X3: 463 CLKBUF_X2: 4 
  Primary reporting skew groups after clustering cong repair call:
    skew_group clk/CON: insertion delay [min=0.192, max=0.229, avg=0.215, sd=0.010, skn=-0.692, kur=-0.856], skew [0.037 vs 0.034*], 99.4% {0.195, 0.229} (wid=0.020 ws=0.015) (gid=0.212 gs=0.025)
  Skew group summary after clustering cong repair call:
    skew_group clk/CON: insertion delay [min=0.192, max=0.229, avg=0.215, sd=0.010, skn=-0.692, kur=-0.856], skew [0.037 vs 0.034*], 99.4% {0.195, 0.229} (wid=0.020 ws=0.015) (gid=0.212 gs=0.025)
  CongRepair After Initial Clustering done. (took cpu=0:01:57 real=0:00:18.3)
  Stage::Clustering done. (took cpu=0:02:07 real=0:00:21.2)
  Stage::DRV Fixing...
  Fixing clock tree slew time and max cap violations...
    Fixing clock tree overload: ...20% ...40% ...60% ...80% ...100% 
    Clock DAG stats after 'Fixing clock tree slew time and max cap violations':
      cell counts      : b=469, i=0, icg=0, dcg=0, l=0, total=469
      sink counts      : regular=5207, enable_latch=0, load_capacitance=0, antenna=0, node_sink=0, port=0, total=5207
      misc counts      : r=1, pp=0, mci=0
      cell areas       : b=622.174um^2, i=0.000um^2, icg=0.000um^2, dcg=0.000um^2, l=0.000um^2, total=622.174um^2
      cell capacitance : b=666.434fF, i=0.000fF, icg=0.000fF, dcg=0.000fF, l=0.000fF, total=666.434fF
      sink capacitance : total=5154.338fF, avg=0.990fF, sd=0.029fF, min=0.950fF, max=1.026fF
      wire capacitance : top=0.000fF, trunk=566.656fF, leaf=1568.210fF, total=2134.866fF
      wire lengths     : top=0.000um, trunk=5325.535um, leaf=13061.501um, total=18387.037um
      hp wire lengths  : top=0.000um, trunk=4538.130um, leaf=7804.640um, total=12342.770um
    Clock DAG net violations after 'Fixing clock tree slew time and max cap violations': none
    Clock DAG primary half-corner transition distribution after 'Fixing clock tree slew time and max cap violations':
      Trunk : target=0.019ns count=90 avg=0.014ns sd=0.002ns min=0.008ns max=0.018ns {10 <= 0.012ns, 53 <= 0.015ns, 21 <= 0.017ns, 6 <= 0.018ns, 0 <= 0.019ns}
      Leaf  : target=0.019ns count=380 avg=0.017ns sd=0.001ns min=0.014ns max=0.019ns {0 <= 0.012ns, 9 <= 0.015ns, 167 <= 0.017ns, 151 <= 0.018ns, 53 <= 0.019ns}
    Clock DAG library cell distribution after 'Fixing clock tree slew time and max cap violations' {count}:
       Bufs: CLKBUF_X3: 463 CLKBUF_X2: 6 
    Primary reporting skew groups after 'Fixing clock tree slew time and max cap violations':
      skew_group clk/CON: insertion delay [min=0.192, max=0.229], skew [0.037 vs 0.034*]
    Skew group summary after 'Fixing clock tree slew time and max cap violations':
      skew_group clk/CON: insertion delay [min=0.192, max=0.229], skew [0.037 vs 0.034*]
    Legalizer API calls during this step: 113 succeeded with high effort: 113 succeeded with medium effort: 0 succeeded with low effort: 0 succeeded with basic effort: 0 succeeded with basic unbounded effort: 0
  Fixing clock tree slew time and max cap violations done. (took cpu=0:00:00.2 real=0:00:00.2)
  Fixing clock tree slew time and max cap violations - detailed pass...
    Fixing clock tree overload: ...20% ...40% ...60% ...80% ...100% 
    Clock DAG stats after 'Fixing clock tree slew time and max cap violations - detailed pass':
      cell counts      : b=469, i=0, icg=0, dcg=0, l=0, total=469
      sink counts      : regular=5207, enable_latch=0, load_capacitance=0, antenna=0, node_sink=0, port=0, total=5207
      misc counts      : r=1, pp=0, mci=0
      cell areas       : b=622.174um^2, i=0.000um^2, icg=0.000um^2, dcg=0.000um^2, l=0.000um^2, total=622.174um^2
      cell capacitance : b=666.434fF, i=0.000fF, icg=0.000fF, dcg=0.000fF, l=0.000fF, total=666.434fF
      sink capacitance : total=5154.338fF, avg=0.990fF, sd=0.029fF, min=0.950fF, max=1.026fF
      wire capacitance : top=0.000fF, trunk=566.656fF, leaf=1568.210fF, total=2134.866fF
      wire lengths     : top=0.000um, trunk=5325.535um, leaf=13061.501um, total=18387.037um
      hp wire lengths  : top=0.000um, trunk=4538.130um, leaf=7804.640um, total=12342.770um
    Clock DAG net violations after 'Fixing clock tree slew time and max cap violations - detailed pass': none
    Clock DAG primary half-corner transition distribution after 'Fixing clock tree slew time and max cap violations - detailed pass':
      Trunk : target=0.019ns count=90 avg=0.014ns sd=0.002ns min=0.008ns max=0.018ns {10 <= 0.012ns, 53 <= 0.015ns, 21 <= 0.017ns, 6 <= 0.018ns, 0 <= 0.019ns}
      Leaf  : target=0.019ns count=380 avg=0.017ns sd=0.001ns min=0.014ns max=0.019ns {0 <= 0.012ns, 9 <= 0.015ns, 167 <= 0.017ns, 151 <= 0.018ns, 53 <= 0.019ns}
    Clock DAG library cell distribution after 'Fixing clock tree slew time and max cap violations - detailed pass' {count}:
       Bufs: CLKBUF_X3: 463 CLKBUF_X2: 6 
    Primary reporting skew groups after 'Fixing clock tree slew time and max cap violations - detailed pass':
      skew_group clk/CON: insertion delay [min=0.192, max=0.229, avg=0.215, sd=0.010, skn=-0.699, kur=-0.834], skew [0.037 vs 0.034*], 99.4% {0.195, 0.229} (wid=0.020 ws=0.015) (gid=0.219 gs=0.033)
    Skew group summary after 'Fixing clock tree slew time and max cap violations - detailed pass':
      skew_group clk/CON: insertion delay [min=0.192, max=0.229, avg=0.215, sd=0.010, skn=-0.699, kur=-0.834], skew [0.037 vs 0.034*], 99.4% {0.195, 0.229} (wid=0.020 ws=0.015) (gid=0.219 gs=0.033)
    Legalizer API calls during this step: 0 succeeded with high effort: 0 succeeded with medium effort: 0 succeeded with low effort: 0 succeeded with basic effort: 0 succeeded with basic unbounded effort: 0
  Fixing clock tree slew time and max cap violations - detailed pass done. (took cpu=0:00:00.1 real=0:00:00.1)
  Stage::DRV Fixing done. (took cpu=0:00:00.3 real=0:00:00.3)
  Stage::Insertion Delay Reduction...
  Removing unnecessary root buffering...
    Clock DAG stats after 'Removing unnecessary root buffering':
      cell counts      : b=469, i=0, icg=0, dcg=0, l=0, total=469
      sink counts      : regular=5207, enable_latch=0, load_capacitance=0, antenna=0, node_sink=0, port=0, total=5207
      misc counts      : r=1, pp=0, mci=0
      cell areas       : b=622.174um^2, i=0.000um^2, icg=0.000um^2, dcg=0.000um^2, l=0.000um^2, total=622.174um^2
      cell capacitance : b=666.434fF, i=0.000fF, icg=0.000fF, dcg=0.000fF, l=0.000fF, total=666.434fF
      sink capacitance : total=5154.338fF, avg=0.990fF, sd=0.029fF, min=0.950fF, max=1.026fF
      wire capacitance : top=0.000fF, trunk=566.656fF, leaf=1568.210fF, total=2134.866fF
      wire lengths     : top=0.000um, trunk=5325.535um, leaf=13061.501um, total=18387.037um
      hp wire lengths  : top=0.000um, trunk=4538.130um, leaf=7804.640um, total=12342.770um
    Clock DAG net violations after 'Removing unnecessary root buffering': none
    Clock DAG primary half-corner transition distribution after 'Removing unnecessary root buffering':
      Trunk : target=0.019ns count=90 avg=0.014ns sd=0.002ns min=0.008ns max=0.018ns {10 <= 0.012ns, 53 <= 0.015ns, 21 <= 0.017ns, 6 <= 0.018ns, 0 <= 0.019ns}
      Leaf  : target=0.019ns count=380 avg=0.017ns sd=0.001ns min=0.014ns max=0.019ns {0 <= 0.012ns, 9 <= 0.015ns, 167 <= 0.017ns, 151 <= 0.018ns, 53 <= 0.019ns}
    Clock DAG library cell distribution after 'Removing unnecessary root buffering' {count}:
       Bufs: CLKBUF_X3: 463 CLKBUF_X2: 6 
    Primary reporting skew groups after 'Removing unnecessary root buffering':
      skew_group clk/CON: insertion delay [min=0.192, max=0.229], skew [0.037 vs 0.034*]
    Skew group summary after 'Removing unnecessary root buffering':
      skew_group clk/CON: insertion delay [min=0.192, max=0.229], skew [0.037 vs 0.034*]
    Legalizer API calls during this step: 23 succeeded with high effort: 23 succeeded with medium effort: 0 succeeded with low effort: 0 succeeded with basic effort: 0 succeeded with basic unbounded effort: 0
  Removing unnecessary root buffering done. (took cpu=0:00:00.1 real=0:00:00.1)
  Removing unconstrained drivers...
    Clock DAG stats after 'Removing unconstrained drivers':
      cell counts      : b=469, i=0, icg=0, dcg=0, l=0, total=469
      sink counts      : regular=5207, enable_latch=0, load_capacitance=0, antenna=0, node_sink=0, port=0, total=5207
      misc counts      : r=1, pp=0, mci=0
      cell areas       : b=622.174um^2, i=0.000um^2, icg=0.000um^2, dcg=0.000um^2, l=0.000um^2, total=622.174um^2
      cell capacitance : b=666.434fF, i=0.000fF, icg=0.000fF, dcg=0.000fF, l=0.000fF, total=666.434fF
      sink capacitance : total=5154.338fF, avg=0.990fF, sd=0.029fF, min=0.950fF, max=1.026fF
      wire capacitance : top=0.000fF, trunk=566.656fF, leaf=1568.210fF, total=2134.866fF
      wire lengths     : top=0.000um, trunk=5325.535um, leaf=13061.501um, total=18387.037um
      hp wire lengths  : top=0.000um, trunk=4538.130um, leaf=7804.640um, total=12342.770um
    Clock DAG net violations after 'Removing unconstrained drivers': none
    Clock DAG primary half-corner transition distribution after 'Removing unconstrained drivers':
      Trunk : target=0.019ns count=90 avg=0.014ns sd=0.002ns min=0.008ns max=0.018ns {10 <= 0.012ns, 53 <= 0.015ns, 21 <= 0.017ns, 6 <= 0.018ns, 0 <= 0.019ns}
      Leaf  : target=0.019ns count=380 avg=0.017ns sd=0.001ns min=0.014ns max=0.019ns {0 <= 0.012ns, 9 <= 0.015ns, 167 <= 0.017ns, 151 <= 0.018ns, 53 <= 0.019ns}
    Clock DAG library cell distribution after 'Removing unconstrained drivers' {count}:
       Bufs: CLKBUF_X3: 463 CLKBUF_X2: 6 
    Primary reporting skew groups after 'Removing unconstrained drivers':
      skew_group clk/CON: insertion delay [min=0.192, max=0.229], skew [0.037 vs 0.034*]
    Skew group summary after 'Removing unconstrained drivers':
      skew_group clk/CON: insertion delay [min=0.192, max=0.229], skew [0.037 vs 0.034*]
    Legalizer API calls during this step: 0 succeeded with high effort: 0 succeeded with medium effort: 0 succeeded with low effort: 0 succeeded with basic effort: 0 succeeded with basic unbounded effort: 0
  Removing unconstrained drivers done. (took cpu=0:00:00.1 real=0:00:00.1)
  Reducing insertion delay 1...
    Clock DAG stats after 'Reducing insertion delay 1':
      cell counts      : b=469, i=0, icg=0, dcg=0, l=0, total=469
      sink counts      : regular=5207, enable_latch=0, load_capacitance=0, antenna=0, node_sink=0, port=0, total=5207
      misc counts      : r=1, pp=0, mci=0
      cell areas       : b=622.174um^2, i=0.000um^2, icg=0.000um^2, dcg=0.000um^2, l=0.000um^2, total=622.174um^2
      cell capacitance : b=666.434fF, i=0.000fF, icg=0.000fF, dcg=0.000fF, l=0.000fF, total=666.434fF
      sink capacitance : total=5154.338fF, avg=0.990fF, sd=0.029fF, min=0.950fF, max=1.026fF
      wire capacitance : top=0.000fF, trunk=566.656fF, leaf=1568.210fF, total=2134.866fF
      wire lengths     : top=0.000um, trunk=5325.535um, leaf=13061.501um, total=18387.037um
      hp wire lengths  : top=0.000um, trunk=4538.130um, leaf=7804.640um, total=12342.770um
    Clock DAG net violations after 'Reducing insertion delay 1': none
    Clock DAG primary half-corner transition distribution after 'Reducing insertion delay 1':
      Trunk : target=0.019ns count=90 avg=0.014ns sd=0.002ns min=0.008ns max=0.018ns {10 <= 0.012ns, 53 <= 0.015ns, 21 <= 0.017ns, 6 <= 0.018ns, 0 <= 0.019ns}
      Leaf  : target=0.019ns count=380 avg=0.017ns sd=0.001ns min=0.014ns max=0.019ns {0 <= 0.012ns, 9 <= 0.015ns, 167 <= 0.017ns, 151 <= 0.018ns, 53 <= 0.019ns}
    Clock DAG library cell distribution after 'Reducing insertion delay 1' {count}:
       Bufs: CLKBUF_X3: 463 CLKBUF_X2: 6 
    Primary reporting skew groups after 'Reducing insertion delay 1':
      skew_group clk/CON: insertion delay [min=0.192, max=0.229], skew [0.037 vs 0.034*]
    Skew group summary after 'Reducing insertion delay 1':
      skew_group clk/CON: insertion delay [min=0.192, max=0.229], skew [0.037 vs 0.034*]
    Legalizer API calls during this step: 3 succeeded with high effort: 3 succeeded with medium effort: 0 succeeded with low effort: 0 succeeded with basic effort: 0 succeeded with basic unbounded effort: 0
  Reducing insertion delay 1 done. (took cpu=0:00:00.1 real=0:00:00.1)
  Removing longest path buffering...
    Clock DAG stats after 'Removing longest path buffering':
      cell counts      : b=469, i=0, icg=0, dcg=0, l=0, total=469
      sink counts      : regular=5207, enable_latch=0, load_capacitance=0, antenna=0, node_sink=0, port=0, total=5207
      misc counts      : r=1, pp=0, mci=0
      cell areas       : b=622.174um^2, i=0.000um^2, icg=0.000um^2, dcg=0.000um^2, l=0.000um^2, total=622.174um^2
      cell capacitance : b=666.434fF, i=0.000fF, icg=0.000fF, dcg=0.000fF, l=0.000fF, total=666.434fF
      sink capacitance : total=5154.338fF, avg=0.990fF, sd=0.029fF, min=0.950fF, max=1.026fF
      wire capacitance : top=0.000fF, trunk=566.656fF, leaf=1568.210fF, total=2134.866fF
      wire lengths     : top=0.000um, trunk=5325.535um, leaf=13061.501um, total=18387.037um
      hp wire lengths  : top=0.000um, trunk=4538.130um, leaf=7804.640um, total=12342.770um
    Clock DAG net violations after 'Removing longest path buffering': none
    Clock DAG primary half-corner transition distribution after 'Removing longest path buffering':
      Trunk : target=0.019ns count=90 avg=0.014ns sd=0.002ns min=0.008ns max=0.018ns {10 <= 0.012ns, 53 <= 0.015ns, 21 <= 0.017ns, 6 <= 0.018ns, 0 <= 0.019ns}
      Leaf  : target=0.019ns count=380 avg=0.017ns sd=0.001ns min=0.014ns max=0.019ns {0 <= 0.012ns, 9 <= 0.015ns, 167 <= 0.017ns, 151 <= 0.018ns, 53 <= 0.019ns}
    Clock DAG library cell distribution after 'Removing longest path buffering' {count}:
       Bufs: CLKBUF_X3: 463 CLKBUF_X2: 6 
    Primary reporting skew groups after 'Removing longest path buffering':
      skew_group clk/CON: insertion delay [min=0.192, max=0.229], skew [0.037 vs 0.034*]
    Skew group summary after 'Removing longest path buffering':
      skew_group clk/CON: insertion delay [min=0.192, max=0.229], skew [0.037 vs 0.034*]
    Legalizer API calls during this step: 41 succeeded with high effort: 41 succeeded with medium effort: 0 succeeded with low effort: 0 succeeded with basic effort: 0 succeeded with basic unbounded effort: 0
  Removing longest path buffering done. (took cpu=0:00:00.1 real=0:00:00.1)
  Reducing delay of long paths...
    Clock DAG stats after 'Reducing delay of long paths':
      cell counts      : b=474, i=0, icg=0, dcg=0, l=0, total=474
      sink counts      : regular=5207, enable_latch=0, load_capacitance=0, antenna=0, node_sink=0, port=0, total=5207
      misc counts      : r=1, pp=0, mci=0
      cell areas       : b=628.026um^2, i=0.000um^2, icg=0.000um^2, dcg=0.000um^2, l=0.000um^2, total=628.026um^2
      cell capacitance : b=673.494fF, i=0.000fF, icg=0.000fF, dcg=0.000fF, l=0.000fF, total=673.494fF
      sink capacitance : total=5154.338fF, avg=0.990fF, sd=0.029fF, min=0.950fF, max=1.026fF
      wire capacitance : top=0.000fF, trunk=569.882fF, leaf=1605.005fF, total=2174.887fF
      wire lengths     : top=0.000um, trunk=5343.545um, leaf=13426.806um, total=18770.351um
      hp wire lengths  : top=0.000um, trunk=4718.090um, leaf=8160.120um, total=12878.210um
    Clock DAG net violations after 'Reducing delay of long paths': none
    Clock DAG primary half-corner transition distribution after 'Reducing delay of long paths':
      Trunk : target=0.019ns count=95 avg=0.014ns sd=0.002ns min=0.006ns max=0.019ns {12 <= 0.012ns, 61 <= 0.015ns, 18 <= 0.017ns, 3 <= 0.018ns, 1 <= 0.019ns}
      Leaf  : target=0.019ns count=380 avg=0.017ns sd=0.001ns min=0.012ns max=0.019ns {0 <= 0.012ns, 8 <= 0.015ns, 154 <= 0.017ns, 156 <= 0.018ns, 62 <= 0.019ns}
    Clock DAG library cell distribution after 'Reducing delay of long paths' {count}:
       Bufs: CLKBUF_X3: 465 CLKBUF_X2: 9 
    Primary reporting skew groups after 'Reducing delay of long paths':
      skew_group clk/CON: insertion delay [min=0.192, max=0.218, avg=0.210, sd=0.007, skn=-0.723, kur=-0.825], skew [0.026 vs 0.034], 100% {0.192, 0.218} (wid=0.018 ws=0.013) (gid=0.210 gs=0.024)
    Skew group summary after 'Reducing delay of long paths':
      skew_group clk/CON: insertion delay [min=0.192, max=0.218, avg=0.210, sd=0.007, skn=-0.723, kur=-0.825], skew [0.026 vs 0.034], 100% {0.192, 0.218} (wid=0.018 ws=0.013) (gid=0.210 gs=0.024)
    Legalizer API calls during this step: 3175 succeeded with high effort: 3175 succeeded with medium effort: 0 succeeded with low effort: 0 succeeded with basic effort: 0 succeeded with basic unbounded effort: 0
  Reducing delay of long paths done. (took cpu=0:00:02.9 real=0:00:02.9)
  Stage::Insertion Delay Reduction done. (took cpu=0:00:03.3 real=0:00:03.3)
  CCOpt::Phase::Construction done. (took cpu=0:02:10 real=0:00:24.7)
  CCOpt::Phase::Implementation...
  Stage::Reducing Power...
  Improving clock tree routing...
    Iteration 1...
    Iteration 1 done.
    Clock DAG stats after 'Improving clock tree routing':
      cell counts      : b=474, i=0, icg=0, dcg=0, l=0, total=474
      sink counts      : regular=5207, enable_latch=0, load_capacitance=0, antenna=0, node_sink=0, port=0, total=5207
      misc counts      : r=1, pp=0, mci=0
      cell areas       : b=628.026um^2, i=0.000um^2, icg=0.000um^2, dcg=0.000um^2, l=0.000um^2, total=628.026um^2
      cell capacitance : b=673.494fF, i=0.000fF, icg=0.000fF, dcg=0.000fF, l=0.000fF, total=673.494fF
      sink capacitance : total=5154.338fF, avg=0.990fF, sd=0.029fF, min=0.950fF, max=1.026fF
      wire capacitance : top=0.000fF, trunk=568.516fF, leaf=1605.005fF, total=2173.521fF
      wire lengths     : top=0.000um, trunk=5332.185um, leaf=13426.806um, total=18758.991um
      hp wire lengths  : top=0.000um, trunk=4706.820um, leaf=8160.120um, total=12866.940um
    Clock DAG net violations after 'Improving clock tree routing': none
    Clock DAG primary half-corner transition distribution after 'Improving clock tree routing':
      Trunk : target=0.019ns count=95 avg=0.014ns sd=0.002ns min=0.006ns max=0.019ns {12 <= 0.012ns, 61 <= 0.015ns, 18 <= 0.017ns, 3 <= 0.018ns, 1 <= 0.019ns}
      Leaf  : target=0.019ns count=380 avg=0.017ns sd=0.001ns min=0.012ns max=0.019ns {0 <= 0.012ns, 8 <= 0.015ns, 154 <= 0.017ns, 156 <= 0.018ns, 62 <= 0.019ns}
    Clock DAG library cell distribution after 'Improving clock tree routing' {count}:
       Bufs: CLKBUF_X3: 465 CLKBUF_X2: 9 
    Primary reporting skew groups after 'Improving clock tree routing':
      skew_group clk/CON: insertion delay [min=0.192, max=0.218], skew [0.026 vs 0.034]
    Skew group summary after 'Improving clock tree routing':
      skew_group clk/CON: insertion delay [min=0.192, max=0.218], skew [0.026 vs 0.034]
    Legalizer API calls during this step: 334 succeeded with high effort: 334 succeeded with medium effort: 0 succeeded with low effort: 0 succeeded with basic effort: 0 succeeded with basic unbounded effort: 0
  Improving clock tree routing done. (took cpu=0:00:00.3 real=0:00:00.1)
  Reducing clock tree power 1...
    Resizing gates: 
    ...20% ...40% ...60% ...80% ..Legalizing clock trees...
    Legalizing clock trees done. (took cpu=0:00:00.0 real=0:00:00.0)
    .100% 
    Clock DAG stats after reducing clock tree power 1 iteration 1:
      cell counts      : b=474, i=0, icg=0, dcg=0, l=0, total=474
      sink counts      : regular=5207, enable_latch=0, load_capacitance=0, antenna=0, node_sink=0, port=0, total=5207
      misc counts      : r=1, pp=0, mci=0
      cell areas       : b=617.386um^2, i=0.000um^2, icg=0.000um^2, dcg=0.000um^2, l=0.000um^2, total=617.386um^2
      cell capacitance : b=671.662fF, i=0.000fF, icg=0.000fF, dcg=0.000fF, l=0.000fF, total=671.662fF
      sink capacitance : total=5154.338fF, avg=0.990fF, sd=0.029fF, min=0.950fF, max=1.026fF
      wire capacitance : top=0.000fF, trunk=568.539fF, leaf=1605.079fF, total=2173.618fF
      wire lengths     : top=0.000um, trunk=5332.755um, leaf=13426.996um, total=18759.751um
      hp wire lengths  : top=0.000um, trunk=4706.820um, leaf=8160.120um, total=12866.940um
    Clock DAG net violations after reducing clock tree power 1 iteration 1: none
    Clock DAG primary half-corner transition distribution after reducing clock tree power 1 iteration 1:
      Trunk : target=0.019ns count=95 avg=0.015ns sd=0.002ns min=0.006ns max=0.019ns {6 <= 0.012ns, 41 <= 0.015ns, 29 <= 0.017ns, 12 <= 0.018ns, 7 <= 0.019ns}
      Leaf  : target=0.019ns count=380 avg=0.017ns sd=0.001ns min=0.015ns max=0.019ns {0 <= 0.012ns, 7 <= 0.015ns, 154 <= 0.017ns, 154 <= 0.018ns, 65 <= 0.019ns}
    Clock DAG library cell distribution after reducing clock tree power 1 iteration 1 {count}:
       Bufs: CLKBUF_X3: 427 CLKBUF_X2: 45 CLKBUF_X1: 2 
    Primary reporting skew groups after reducing clock tree power 1 iteration 1:
      skew_group clk/CON: insertion delay [min=0.198, max=0.218], skew [0.020 vs 0.034]
    Skew group summary after reducing clock tree power 1 iteration 1:
      skew_group clk/CON: insertion delay [min=0.198, max=0.218], skew [0.020 vs 0.034]
    Resizing gates: 
    ...20% ...40% ...60% ...80% ...Legalizing clock trees...
    Legalizing clock trees done. (took cpu=0:00:00.0 real=0:00:00.0)
    100% 
    Clock DAG stats after reducing clock tree power 1 iteration 2:
      cell counts      : b=474, i=0, icg=0, dcg=0, l=0, total=474
      sink counts      : regular=5207, enable_latch=0, load_capacitance=0, antenna=0, node_sink=0, port=0, total=5207
      misc counts      : r=1, pp=0, mci=0
      cell areas       : b=617.120um^2, i=0.000um^2, icg=0.000um^2, dcg=0.000um^2, l=0.000um^2, total=617.120um^2
      cell capacitance : b=671.647fF, i=0.000fF, icg=0.000fF, dcg=0.000fF, l=0.000fF, total=671.647fF
      sink capacitance : total=5154.338fF, avg=0.990fF, sd=0.029fF, min=0.950fF, max=1.026fF
      wire capacitance : top=0.000fF, trunk=568.556fF, leaf=1605.079fF, total=2173.635fF
      wire lengths     : top=0.000um, trunk=5332.945um, leaf=13426.996um, total=18759.941um
      hp wire lengths  : top=0.000um, trunk=4706.820um, leaf=8160.120um, total=12866.940um
    Clock DAG net violations after reducing clock tree power 1 iteration 2: none
    Clock DAG primary half-corner transition distribution after reducing clock tree power 1 iteration 2:
      Trunk : target=0.019ns count=95 avg=0.015ns sd=0.002ns min=0.006ns max=0.019ns {6 <= 0.012ns, 40 <= 0.015ns, 29 <= 0.017ns, 13 <= 0.018ns, 7 <= 0.019ns}
      Leaf  : target=0.019ns count=380 avg=0.017ns sd=0.001ns min=0.015ns max=0.019ns {0 <= 0.012ns, 7 <= 0.015ns, 154 <= 0.017ns, 154 <= 0.018ns, 65 <= 0.019ns}
    Clock DAG library cell distribution after reducing clock tree power 1 iteration 2 {count}:
       Bufs: CLKBUF_X3: 426 CLKBUF_X2: 46 CLKBUF_X1: 2 
    Primary reporting skew groups after reducing clock tree power 1 iteration 2:
      skew_group clk/CON: insertion delay [min=0.199, max=0.218], skew [0.019 vs 0.034]
    Skew group summary after reducing clock tree power 1 iteration 2:
      skew_group clk/CON: insertion delay [min=0.199, max=0.218], skew [0.019 vs 0.034]
    Resizing gates: 
    ...20% ...40% ...60% ...80% ..Legalizing clock trees...
    Legalizing clock trees done. (took cpu=0:00:00.0 real=0:00:00.0)
    .100% 
    Clock DAG stats after 'Reducing clock tree power 1':
      cell counts      : b=474, i=0, icg=0, dcg=0, l=0, total=474
      sink counts      : regular=5207, enable_latch=0, load_capacitance=0, antenna=0, node_sink=0, port=0, total=5207
      misc counts      : r=1, pp=0, mci=0
      cell areas       : b=617.120um^2, i=0.000um^2, icg=0.000um^2, dcg=0.000um^2, l=0.000um^2, total=617.120um^2
      cell capacitance : b=671.647fF, i=0.000fF, icg=0.000fF, dcg=0.000fF, l=0.000fF, total=671.647fF
      sink capacitance : total=5154.338fF, avg=0.990fF, sd=0.029fF, min=0.950fF, max=1.026fF
      wire capacitance : top=0.000fF, trunk=568.556fF, leaf=1605.079fF, total=2173.635fF
      wire lengths     : top=0.000um, trunk=5332.945um, leaf=13426.996um, total=18759.941um
      hp wire lengths  : top=0.000um, trunk=4706.820um, leaf=8160.120um, total=12866.940um
    Clock DAG net violations after 'Reducing clock tree power 1': none
    Clock DAG primary half-corner transition distribution after 'Reducing clock tree power 1':
      Trunk : target=0.019ns count=95 avg=0.015ns sd=0.002ns min=0.006ns max=0.019ns {6 <= 0.012ns, 40 <= 0.015ns, 29 <= 0.017ns, 13 <= 0.018ns, 7 <= 0.019ns}
      Leaf  : target=0.019ns count=380 avg=0.017ns sd=0.001ns min=0.015ns max=0.019ns {0 <= 0.012ns, 7 <= 0.015ns, 154 <= 0.017ns, 154 <= 0.018ns, 65 <= 0.019ns}
    Clock DAG library cell distribution after 'Reducing clock tree power 1' {count}:
       Bufs: CLKBUF_X3: 426 CLKBUF_X2: 46 CLKBUF_X1: 2 
    Primary reporting skew groups after 'Reducing clock tree power 1':
      skew_group clk/CON: insertion delay [min=0.199, max=0.218], skew [0.019 vs 0.034]
    Skew group summary after 'Reducing clock tree power 1':
      skew_group clk/CON: insertion delay [min=0.199, max=0.218], skew [0.019 vs 0.034]
    Legalizer API calls during this step: 2947 succeeded with high effort: 2947 succeeded with medium effort: 0 succeeded with low effort: 0 succeeded with basic effort: 0 succeeded with basic unbounded effort: 0
  Reducing clock tree power 1 done. (took cpu=0:00:01.6 real=0:00:00.3)
  Reducing clock tree power 2...
    Clock DAG stats after 'Reducing clock tree power 2':
      cell counts      : b=474, i=0, icg=0, dcg=0, l=0, total=474
      sink counts      : regular=5207, enable_latch=0, load_capacitance=0, antenna=0, node_sink=0, port=0, total=5207
      misc counts      : r=1, pp=0, mci=0
      cell areas       : b=617.120um^2, i=0.000um^2, icg=0.000um^2, dcg=0.000um^2, l=0.000um^2, total=617.120um^2
      cell capacitance : b=671.647fF, i=0.000fF, icg=0.000fF, dcg=0.000fF, l=0.000fF, total=671.647fF
      sink capacitance : total=5154.338fF, avg=0.990fF, sd=0.029fF, min=0.950fF, max=1.026fF
      wire capacitance : top=0.000fF, trunk=568.556fF, leaf=1605.079fF, total=2173.635fF
      wire lengths     : top=0.000um, trunk=5332.945um, leaf=13426.996um, total=18759.941um
      hp wire lengths  : top=0.000um, trunk=4706.820um, leaf=8160.120um, total=12866.940um
    Clock DAG net violations after 'Reducing clock tree power 2': none
    Clock DAG primary half-corner transition distribution after 'Reducing clock tree power 2':
      Trunk : target=0.019ns count=95 avg=0.015ns sd=0.002ns min=0.006ns max=0.019ns {6 <= 0.012ns, 40 <= 0.015ns, 29 <= 0.017ns, 13 <= 0.018ns, 7 <= 0.019ns}
      Leaf  : target=0.019ns count=380 avg=0.017ns sd=0.001ns min=0.015ns max=0.019ns {0 <= 0.012ns, 7 <= 0.015ns, 154 <= 0.017ns, 154 <= 0.018ns, 65 <= 0.019ns}
    Clock DAG library cell distribution after 'Reducing clock tree power 2' {count}:
       Bufs: CLKBUF_X3: 426 CLKBUF_X2: 46 CLKBUF_X1: 2 
    Primary reporting skew groups after 'Reducing clock tree power 2':
      skew_group clk/CON: insertion delay [min=0.199, max=0.218, avg=0.212, sd=0.005, skn=-1.018, kur=-0.041], skew [0.019 vs 0.034], 100% {0.199, 0.218} (wid=0.018 ws=0.013) (gid=0.212 gs=0.021)
    Skew group summary after 'Reducing clock tree power 2':
      skew_group clk/CON: insertion delay [min=0.199, max=0.218, avg=0.212, sd=0.005, skn=-1.018, kur=-0.041], skew [0.019 vs 0.034], 100% {0.199, 0.218} (wid=0.018 ws=0.013) (gid=0.212 gs=0.021)
    Legalizer API calls during this step: 0 succeeded with high effort: 0 succeeded with medium effort: 0 succeeded with low effort: 0 succeeded with basic effort: 0 succeeded with basic unbounded effort: 0
  Reducing clock tree power 2 done. (took cpu=0:00:00.1 real=0:00:00.1)
  Stage::Reducing Power done. (took cpu=0:00:02.0 real=0:00:00.6)
  Stage::Balancing...
  Improving subtree skew...
    Clock DAG stats after 'Improving subtree skew':
      cell counts      : b=474, i=0, icg=0, dcg=0, l=0, total=474
      sink counts      : regular=5207, enable_latch=0, load_capacitance=0, antenna=0, node_sink=0, port=0, total=5207
      misc counts      : r=1, pp=0, mci=0
      cell areas       : b=618.982um^2, i=0.000um^2, icg=0.000um^2, dcg=0.000um^2, l=0.000um^2, total=618.982um^2
      cell capacitance : b=672.364fF, i=0.000fF, icg=0.000fF, dcg=0.000fF, l=0.000fF, total=672.364fF
      sink capacitance : total=5154.338fF, avg=0.990fF, sd=0.029fF, min=0.950fF, max=1.026fF
      wire capacitance : top=0.000fF, trunk=568.696fF, leaf=1605.079fF, total=2173.775fF
      wire lengths     : top=0.000um, trunk=5334.255um, leaf=13426.996um, total=18761.251um
      hp wire lengths  : top=0.000um, trunk=4714.420um, leaf=8160.120um, total=12874.540um
    Clock DAG net violations after 'Improving subtree skew': none
    Clock DAG primary half-corner transition distribution after 'Improving subtree skew':
      Trunk : target=0.019ns count=95 avg=0.015ns sd=0.002ns min=0.006ns max=0.019ns {7 <= 0.012ns, 44 <= 0.015ns, 28 <= 0.017ns, 12 <= 0.018ns, 4 <= 0.019ns}
      Leaf  : target=0.019ns count=380 avg=0.017ns sd=0.001ns min=0.015ns max=0.019ns {0 <= 0.012ns, 7 <= 0.015ns, 154 <= 0.017ns, 155 <= 0.018ns, 64 <= 0.019ns}
    Clock DAG library cell distribution after 'Improving subtree skew' {count}:
       Bufs: CLKBUF_X3: 432 CLKBUF_X2: 41 CLKBUF_X1: 1 
    Primary reporting skew groups after 'Improving subtree skew':
      skew_group clk/CON: insertion delay [min=0.199, max=0.218, avg=0.212, sd=0.005, skn=-0.928, kur=-0.111], skew [0.019 vs 0.034], 100% {0.199, 0.218} (wid=0.018 ws=0.013) (gid=0.212 gs=0.021)
    Skew group summary after 'Improving subtree skew':
      skew_group clk/CON: insertion delay [min=0.199, max=0.218, avg=0.212, sd=0.005, skn=-0.928, kur=-0.111], skew [0.019 vs 0.034], 100% {0.199, 0.218} (wid=0.018 ws=0.013) (gid=0.212 gs=0.021)
    Legalizer API calls during this step: 478 succeeded with high effort: 478 succeeded with medium effort: 0 succeeded with low effort: 0 succeeded with basic effort: 0 succeeded with basic unbounded effort: 0
  Improving subtree skew done. (took cpu=0:00:00.2 real=0:00:00.1)
  Offloading subtrees by buffering...
    Clock DAG stats after 'Offloading subtrees by buffering':
      cell counts      : b=474, i=0, icg=0, dcg=0, l=0, total=474
      sink counts      : regular=5207, enable_latch=0, load_capacitance=0, antenna=0, node_sink=0, port=0, total=5207
      misc counts      : r=1, pp=0, mci=0
      cell areas       : b=618.716um^2, i=0.000um^2, icg=0.000um^2, dcg=0.000um^2, l=0.000um^2, total=618.716um^2
      cell capacitance : b=672.349fF, i=0.000fF, icg=0.000fF, dcg=0.000fF, l=0.000fF, total=672.349fF
      sink capacitance : total=5154.338fF, avg=0.990fF, sd=0.029fF, min=0.950fF, max=1.026fF
      wire capacitance : top=0.000fF, trunk=568.713fF, leaf=1605.079fF, total=2173.792fF
      wire lengths     : top=0.000um, trunk=5334.445um, leaf=13426.996um, total=18761.441um
      hp wire lengths  : top=0.000um, trunk=4714.420um, leaf=8160.120um, total=12874.540um
    Clock DAG net violations after 'Offloading subtrees by buffering': none
    Clock DAG primary half-corner transition distribution after 'Offloading subtrees by buffering':
      Trunk : target=0.019ns count=95 avg=0.015ns sd=0.002ns min=0.006ns max=0.019ns {7 <= 0.012ns, 44 <= 0.015ns, 28 <= 0.017ns, 12 <= 0.018ns, 4 <= 0.019ns}
      Leaf  : target=0.019ns count=380 avg=0.017ns sd=0.001ns min=0.015ns max=0.019ns {0 <= 0.012ns, 7 <= 0.015ns, 154 <= 0.017ns, 155 <= 0.018ns, 64 <= 0.019ns}
    Clock DAG library cell distribution after 'Offloading subtrees by buffering' {count}:
       Bufs: CLKBUF_X3: 431 CLKBUF_X2: 42 CLKBUF_X1: 1 
    Primary reporting skew groups after 'Offloading subtrees by buffering':
      skew_group clk/CON: insertion delay [min=0.199, max=0.218, avg=0.212, sd=0.005, skn=-0.877, kur=-0.269], skew [0.019 vs 0.034], 100% {0.199, 0.218} (wid=0.018 ws=0.013) (gid=0.212 gs=0.021)
    Skew group summary after 'Offloading subtrees by buffering':
      skew_group clk/CON: insertion delay [min=0.199, max=0.218, avg=0.212, sd=0.005, skn=-0.877, kur=-0.269], skew [0.019 vs 0.034], 100% {0.199, 0.218} (wid=0.018 ws=0.013) (gid=0.212 gs=0.021)
    Legalizer API calls during this step: 952 succeeded with high effort: 952 succeeded with medium effort: 0 succeeded with low effort: 0 succeeded with basic effort: 0 succeeded with basic unbounded effort: 0
  Offloading subtrees by buffering done. (took cpu=0:00:00.5 real=0:00:00.2)
  AdjustingMinPinPIDs for balancing...
    Approximately balancing fragments step...
      Resolve constraints - Approximately balancing fragments...
      Resolving skew group constraints...
        Solving LP: 1 skew groups; 2 fragments, 2 fraglets and 3 vertices; 12 variables and 27 constraints; tolerance 1
      Resolving skew group constraints done.
      Resolve constraints - Approximately balancing fragments done. (took cpu=0:00:00.2 real=0:00:00.2)
      Estimate delay to be added in balancing - Approximately balancing fragments...
      Trial balancer estimated the amount of delay to be added in balancing: 0.000ns
      Estimate delay to be added in balancing - Approximately balancing fragments done. (took cpu=0:00:00.1 real=0:00:00.1)
      Approximately balancing fragments...
        Moving gates to improve sub-tree skew...
          Tried: 476 Succeeded: 0
          Clock DAG stats after 'Moving gates to improve sub-tree skew':
            cell counts      : b=474, i=0, icg=0, dcg=0, l=0, total=474
            sink counts      : regular=5207, enable_latch=0, load_capacitance=0, antenna=0, node_sink=0, port=0, total=5207
            misc counts      : r=1, pp=0, mci=0
            cell areas       : b=618.716um^2, i=0.000um^2, icg=0.000um^2, dcg=0.000um^2, l=0.000um^2, total=618.716um^2
            cell capacitance : b=672.349fF, i=0.000fF, icg=0.000fF, dcg=0.000fF, l=0.000fF, total=672.349fF
            sink capacitance : total=5154.338fF, avg=0.990fF, sd=0.029fF, min=0.950fF, max=1.026fF
            wire capacitance : top=0.000fF, trunk=568.713fF, leaf=1605.079fF, total=2173.792fF
            wire lengths     : top=0.000um, trunk=5334.445um, leaf=13426.996um, total=18761.441um
            hp wire lengths  : top=0.000um, trunk=4714.420um, leaf=8160.120um, total=12874.540um
          Clock DAG net violations after 'Moving gates to improve sub-tree skew': none
          Clock DAG primary half-corner transition distribution after 'Moving gates to improve sub-tree skew':
            Trunk : target=0.019ns count=95 avg=0.015ns sd=0.002ns min=0.006ns max=0.019ns {7 <= 0.012ns, 44 <= 0.015ns, 28 <= 0.017ns, 12 <= 0.018ns, 4 <= 0.019ns}
            Leaf  : target=0.019ns count=380 avg=0.017ns sd=0.001ns min=0.015ns max=0.019ns {0 <= 0.012ns, 7 <= 0.015ns, 154 <= 0.017ns, 155 <= 0.018ns, 64 <= 0.019ns}
          Clock DAG library cell distribution after 'Moving gates to improve sub-tree skew' {count}:
             Bufs: CLKBUF_X3: 431 CLKBUF_X2: 42 CLKBUF_X1: 1 
          Legalizer API calls during this step: 0 succeeded with high effort: 0 succeeded with medium effort: 0 succeeded with low effort: 0 succeeded with basic effort: 0 succeeded with basic unbounded effort: 0
        Moving gates to improve sub-tree skew done. (took cpu=0:00:00.1 real=0:00:00.1)
        Approximately balancing fragments bottom up...
          Clock DAG stats after 'Approximately balancing fragments bottom up':
            cell counts      : b=474, i=0, icg=0, dcg=0, l=0, total=474
            sink counts      : regular=5207, enable_latch=0, load_capacitance=0, antenna=0, node_sink=0, port=0, total=5207
            misc counts      : r=1, pp=0, mci=0
            cell areas       : b=618.716um^2, i=0.000um^2, icg=0.000um^2, dcg=0.000um^2, l=0.000um^2, total=618.716um^2
            cell capacitance : b=672.349fF, i=0.000fF, icg=0.000fF, dcg=0.000fF, l=0.000fF, total=672.349fF
            sink capacitance : total=5154.338fF, avg=0.990fF, sd=0.029fF, min=0.950fF, max=1.026fF
            wire capacitance : top=0.000fF, trunk=568.713fF, leaf=1605.079fF, total=2173.792fF
            wire lengths     : top=0.000um, trunk=5334.445um, leaf=13426.996um, total=18761.441um
            hp wire lengths  : top=0.000um, trunk=4714.420um, leaf=8160.120um, total=12874.540um
          Clock DAG net violations after 'Approximately balancing fragments bottom up': none
          Clock DAG primary half-corner transition distribution after 'Approximately balancing fragments bottom up':
            Trunk : target=0.019ns count=95 avg=0.015ns sd=0.002ns min=0.006ns max=0.019ns {7 <= 0.012ns, 44 <= 0.015ns, 28 <= 0.017ns, 12 <= 0.018ns, 4 <= 0.019ns}
            Leaf  : target=0.019ns count=380 avg=0.017ns sd=0.001ns min=0.015ns max=0.019ns {0 <= 0.012ns, 7 <= 0.015ns, 154 <= 0.017ns, 155 <= 0.018ns, 64 <= 0.019ns}
          Clock DAG library cell distribution after 'Approximately balancing fragments bottom up' {count}:
             Bufs: CLKBUF_X3: 431 CLKBUF_X2: 42 CLKBUF_X1: 1 
          Legalizer API calls during this step: 0 succeeded with high effort: 0 succeeded with medium effort: 0 succeeded with low effort: 0 succeeded with basic effort: 0 succeeded with basic unbounded effort: 0
        Approximately balancing fragments bottom up done. (took cpu=0:00:00.1 real=0:00:00.1)
        
        Virtual Delay Histogram:
        
        -----------------
        Histogram
        -----------------
        {6156 <= 0.000ns}
        -----------------
        
        Virtual delay statistics:
        
        --------------------------------------------------------
        Mean     Min      Max      Std. Dev    Count       Total
        --------------------------------------------------------
        0.000    0.000    0.000     0.000      6156.000    0.000
        --------------------------------------------------------
        
        Biggest Virtual delays:
        
        ---------------------------------------
        Virtual    Clock Tree    Pin    Pre-CTS
        Delay                           net
        ---------------------------------------
          (empty table)
        ---------------------------------------
        
        Approximately balancing fragments, wire and cell delays...
        Approximately balancing fragments, wire and cell delays, iteration 1...
          Clock DAG stats after Approximately balancing fragments, wire and cell delays, iteration 1:
            cell counts      : b=474, i=0, icg=0, dcg=0, l=0, total=474
            sink counts      : regular=5207, enable_latch=0, load_capacitance=0, antenna=0, node_sink=0, port=0, total=5207
            misc counts      : r=1, pp=0, mci=0
            cell areas       : b=618.716um^2, i=0.000um^2, icg=0.000um^2, dcg=0.000um^2, l=0.000um^2, total=618.716um^2
            cell capacitance : b=672.349fF, i=0.000fF, icg=0.000fF, dcg=0.000fF, l=0.000fF, total=672.349fF
            sink capacitance : total=5154.338fF, avg=0.990fF, sd=0.029fF, min=0.950fF, max=1.026fF
            wire capacitance : top=0.000fF, trunk=568.713fF, leaf=1605.079fF, total=2173.792fF
            wire lengths     : top=0.000um, trunk=5334.445um, leaf=13426.996um, total=18761.441um
            hp wire lengths  : top=0.000um, trunk=4714.420um, leaf=8160.120um, total=12874.540um
          Clock DAG net violations after Approximately balancing fragments, wire and cell delays, iteration 1: none
          Clock DAG primary half-corner transition distribution after Approximately balancing fragments, wire and cell delays, iteration 1:
            Trunk : target=0.019ns count=95 avg=0.015ns sd=0.002ns min=0.006ns max=0.019ns {7 <= 0.012ns, 44 <= 0.015ns, 28 <= 0.017ns, 12 <= 0.018ns, 4 <= 0.019ns}
            Leaf  : target=0.019ns count=380 avg=0.017ns sd=0.001ns min=0.015ns max=0.019ns {0 <= 0.012ns, 7 <= 0.015ns, 154 <= 0.017ns, 155 <= 0.018ns, 64 <= 0.019ns}
          Clock DAG library cell distribution after Approximately balancing fragments, wire and cell delays, iteration 1 {count}:
             Bufs: CLKBUF_X3: 431 CLKBUF_X2: 42 CLKBUF_X1: 1 
        Approximately balancing fragments, wire and cell delays, iteration 1 done.
        Approximately balancing fragments, wire and cell delays done. (took cpu=0:00:00.1 real=0:00:00.1)
      Approximately balancing fragments done.
      Clock DAG stats after 'Approximately balancing fragments step':
        cell counts      : b=474, i=0, icg=0, dcg=0, l=0, total=474
        sink counts      : regular=5207, enable_latch=0, load_capacitance=0, antenna=0, node_sink=0, port=0, total=5207
        misc counts      : r=1, pp=0, mci=0
        cell areas       : b=618.716um^2, i=0.000um^2, icg=0.000um^2, dcg=0.000um^2, l=0.000um^2, total=618.716um^2
        cell capacitance : b=672.349fF, i=0.000fF, icg=0.000fF, dcg=0.000fF, l=0.000fF, total=672.349fF
        sink capacitance : total=5154.338fF, avg=0.990fF, sd=0.029fF, min=0.950fF, max=1.026fF
        wire capacitance : top=0.000fF, trunk=568.713fF, leaf=1605.079fF, total=2173.792fF
        wire lengths     : top=0.000um, trunk=5334.445um, leaf=13426.996um, total=18761.441um
        hp wire lengths  : top=0.000um, trunk=4714.420um, leaf=8160.120um, total=12874.540um
      Clock DAG net violations after 'Approximately balancing fragments step': none
      Clock DAG primary half-corner transition distribution after 'Approximately balancing fragments step':
        Trunk : target=0.019ns count=95 avg=0.015ns sd=0.002ns min=0.006ns max=0.019ns {7 <= 0.012ns, 44 <= 0.015ns, 28 <= 0.017ns, 12 <= 0.018ns, 4 <= 0.019ns}
        Leaf  : target=0.019ns count=380 avg=0.017ns sd=0.001ns min=0.015ns max=0.019ns {0 <= 0.012ns, 7 <= 0.015ns, 154 <= 0.017ns, 155 <= 0.018ns, 64 <= 0.019ns}
      Clock DAG library cell distribution after 'Approximately balancing fragments step' {count}:
         Bufs: CLKBUF_X3: 431 CLKBUF_X2: 42 CLKBUF_X1: 1 
      Legalizer API calls during this step: 0 succeeded with high effort: 0 succeeded with medium effort: 0 succeeded with low effort: 0 succeeded with basic effort: 0 succeeded with basic unbounded effort: 0
    Approximately balancing fragments step done. (took cpu=0:00:00.6 real=0:00:00.6)
    Clock DAG stats after Approximately balancing fragments:
      cell counts      : b=474, i=0, icg=0, dcg=0, l=0, total=474
      sink counts      : regular=5207, enable_latch=0, load_capacitance=0, antenna=0, node_sink=0, port=0, total=5207
      misc counts      : r=1, pp=0, mci=0
      cell areas       : b=618.716um^2, i=0.000um^2, icg=0.000um^2, dcg=0.000um^2, l=0.000um^2, total=618.716um^2
      cell capacitance : b=672.349fF, i=0.000fF, icg=0.000fF, dcg=0.000fF, l=0.000fF, total=672.349fF
      sink capacitance : total=5154.338fF, avg=0.990fF, sd=0.029fF, min=0.950fF, max=1.026fF
      wire capacitance : top=0.000fF, trunk=568.713fF, leaf=1605.079fF, total=2173.792fF
      wire lengths     : top=0.000um, trunk=5334.445um, leaf=13426.996um, total=18761.441um
      hp wire lengths  : top=0.000um, trunk=4714.420um, leaf=8160.120um, total=12874.540um
    Clock DAG net violations after Approximately balancing fragments: none
    Clock DAG primary half-corner transition distribution after Approximately balancing fragments:
      Trunk : target=0.019ns count=95 avg=0.015ns sd=0.002ns min=0.006ns max=0.019ns {7 <= 0.012ns, 44 <= 0.015ns, 28 <= 0.017ns, 12 <= 0.018ns, 4 <= 0.019ns}
      Leaf  : target=0.019ns count=380 avg=0.017ns sd=0.001ns min=0.015ns max=0.019ns {0 <= 0.012ns, 7 <= 0.015ns, 154 <= 0.017ns, 155 <= 0.018ns, 64 <= 0.019ns}
    Clock DAG library cell distribution after Approximately balancing fragments {count}:
       Bufs: CLKBUF_X3: 431 CLKBUF_X2: 42 CLKBUF_X1: 1 
    Primary reporting skew groups after Approximately balancing fragments:
      skew_group clk/CON: insertion delay [min=0.199, max=0.218], skew [0.019 vs 0.034]
    Skew group summary after Approximately balancing fragments:
      skew_group clk/CON: insertion delay [min=0.199, max=0.218], skew [0.019 vs 0.034]
    Improving fragments clock skew...
      Clock DAG stats after 'Improving fragments clock skew':
        cell counts      : b=474, i=0, icg=0, dcg=0, l=0, total=474
        sink counts      : regular=5207, enable_latch=0, load_capacitance=0, antenna=0, node_sink=0, port=0, total=5207
        misc counts      : r=1, pp=0, mci=0
        cell areas       : b=618.716um^2, i=0.000um^2, icg=0.000um^2, dcg=0.000um^2, l=0.000um^2, total=618.716um^2
        cell capacitance : b=672.349fF, i=0.000fF, icg=0.000fF, dcg=0.000fF, l=0.000fF, total=672.349fF
        sink capacitance : total=5154.338fF, avg=0.990fF, sd=0.029fF, min=0.950fF, max=1.026fF
        wire capacitance : top=0.000fF, trunk=568.713fF, leaf=1605.079fF, total=2173.792fF
        wire lengths     : top=0.000um, trunk=5334.445um, leaf=13426.996um, total=18761.441um
        hp wire lengths  : top=0.000um, trunk=4714.420um, leaf=8160.120um, total=12874.540um
      Clock DAG net violations after 'Improving fragments clock skew': none
      Clock DAG primary half-corner transition distribution after 'Improving fragments clock skew':
        Trunk : target=0.019ns count=95 avg=0.015ns sd=0.002ns min=0.006ns max=0.019ns {7 <= 0.012ns, 44 <= 0.015ns, 28 <= 0.017ns, 12 <= 0.018ns, 4 <= 0.019ns}
        Leaf  : target=0.019ns count=380 avg=0.017ns sd=0.001ns min=0.015ns max=0.019ns {0 <= 0.012ns, 7 <= 0.015ns, 154 <= 0.017ns, 155 <= 0.018ns, 64 <= 0.019ns}
      Clock DAG library cell distribution after 'Improving fragments clock skew' {count}:
         Bufs: CLKBUF_X3: 431 CLKBUF_X2: 42 CLKBUF_X1: 1 
      Primary reporting skew groups after 'Improving fragments clock skew':
        skew_group clk/CON: insertion delay [min=0.199, max=0.218], skew [0.019 vs 0.034]
      Skew group summary after 'Improving fragments clock skew':
        skew_group clk/CON: insertion delay [min=0.199, max=0.218], skew [0.019 vs 0.034]
      Legalizer API calls during this step: 0 succeeded with high effort: 0 succeeded with medium effort: 0 succeeded with low effort: 0 succeeded with basic effort: 0 succeeded with basic unbounded effort: 0
    Improving fragments clock skew done. (took cpu=0:00:00.1 real=0:00:00.1)
    Legalizer API calls during this step: 0 succeeded with high effort: 0 succeeded with medium effort: 0 succeeded with low effort: 0 succeeded with basic effort: 0 succeeded with basic unbounded effort: 0
  AdjustingMinPinPIDs for balancing done. (took cpu=0:00:00.8 real=0:00:00.8)
  Approximately balancing step...
    Resolve constraints - Approximately balancing...
    Resolving skew group constraints...
      Solving LP: 1 skew groups; 2 fragments, 2 fraglets and 3 vertices; 12 variables and 27 constraints; tolerance 1
    Resolving skew group constraints done.
    Resolve constraints - Approximately balancing done. (took cpu=0:00:00.1 real=0:00:00.1)
    Approximately balancing...
      Approximately balancing, wire and cell delays...
      Approximately balancing, wire and cell delays, iteration 1...
        Clock DAG stats after Approximately balancing, wire and cell delays, iteration 1:
          cell counts      : b=474, i=0, icg=0, dcg=0, l=0, total=474
          sink counts      : regular=5207, enable_latch=0, load_capacitance=0, antenna=0, node_sink=0, port=0, total=5207
          misc counts      : r=1, pp=0, mci=0
          cell areas       : b=618.716um^2, i=0.000um^2, icg=0.000um^2, dcg=0.000um^2, l=0.000um^2, total=618.716um^2
          cell capacitance : b=672.349fF, i=0.000fF, icg=0.000fF, dcg=0.000fF, l=0.000fF, total=672.349fF
          sink capacitance : total=5154.338fF, avg=0.990fF, sd=0.029fF, min=0.950fF, max=1.026fF
          wire capacitance : top=0.000fF, trunk=568.713fF, leaf=1605.079fF, total=2173.792fF
          wire lengths     : top=0.000um, trunk=5334.445um, leaf=13426.996um, total=18761.441um
          hp wire lengths  : top=0.000um, trunk=4714.420um, leaf=8160.120um, total=12874.540um
        Clock DAG net violations after Approximately balancing, wire and cell delays, iteration 1: none
        Clock DAG primary half-corner transition distribution after Approximately balancing, wire and cell delays, iteration 1:
          Trunk : target=0.019ns count=95 avg=0.015ns sd=0.002ns min=0.006ns max=0.019ns {7 <= 0.012ns, 44 <= 0.015ns, 28 <= 0.017ns, 12 <= 0.018ns, 4 <= 0.019ns}
          Leaf  : target=0.019ns count=380 avg=0.017ns sd=0.001ns min=0.015ns max=0.019ns {0 <= 0.012ns, 7 <= 0.015ns, 154 <= 0.017ns, 155 <= 0.018ns, 64 <= 0.019ns}
        Clock DAG library cell distribution after Approximately balancing, wire and cell delays, iteration 1 {count}:
           Bufs: CLKBUF_X3: 431 CLKBUF_X2: 42 CLKBUF_X1: 1 
      Approximately balancing, wire and cell delays, iteration 1 done.
      Approximately balancing, wire and cell delays done. (took cpu=0:00:00.1 real=0:00:00.1)
    Approximately balancing done.
    Clock DAG stats after 'Approximately balancing step':
      cell counts      : b=474, i=0, icg=0, dcg=0, l=0, total=474
      sink counts      : regular=5207, enable_latch=0, load_capacitance=0, antenna=0, node_sink=0, port=0, total=5207
      misc counts      : r=1, pp=0, mci=0
      cell areas       : b=618.716um^2, i=0.000um^2, icg=0.000um^2, dcg=0.000um^2, l=0.000um^2, total=618.716um^2
      cell capacitance : b=672.349fF, i=0.000fF, icg=0.000fF, dcg=0.000fF, l=0.000fF, total=672.349fF
      sink capacitance : total=5154.338fF, avg=0.990fF, sd=0.029fF, min=0.950fF, max=1.026fF
      wire capacitance : top=0.000fF, trunk=568.713fF, leaf=1605.079fF, total=2173.792fF
      wire lengths     : top=0.000um, trunk=5334.445um, leaf=13426.996um, total=18761.441um
      hp wire lengths  : top=0.000um, trunk=4714.420um, leaf=8160.120um, total=12874.540um
    Clock DAG net violations after 'Approximately balancing step': none
    Clock DAG primary half-corner transition distribution after 'Approximately balancing step':
      Trunk : target=0.019ns count=95 avg=0.015ns sd=0.002ns min=0.006ns max=0.019ns {7 <= 0.012ns, 44 <= 0.015ns, 28 <= 0.017ns, 12 <= 0.018ns, 4 <= 0.019ns}
      Leaf  : target=0.019ns count=380 avg=0.017ns sd=0.001ns min=0.015ns max=0.019ns {0 <= 0.012ns, 7 <= 0.015ns, 154 <= 0.017ns, 155 <= 0.018ns, 64 <= 0.019ns}
    Clock DAG library cell distribution after 'Approximately balancing step' {count}:
       Bufs: CLKBUF_X3: 431 CLKBUF_X2: 42 CLKBUF_X1: 1 
    Primary reporting skew groups after 'Approximately balancing step':
      skew_group clk/CON: insertion delay [min=0.199, max=0.218], skew [0.019 vs 0.034]
    Skew group summary after 'Approximately balancing step':
      skew_group clk/CON: insertion delay [min=0.199, max=0.218], skew [0.019 vs 0.034]
    Legalizer API calls during this step: 0 succeeded with high effort: 0 succeeded with medium effort: 0 succeeded with low effort: 0 succeeded with basic effort: 0 succeeded with basic unbounded effort: 0
  Approximately balancing step done. (took cpu=0:00:00.2 real=0:00:00.2)
  Approximately balancing paths...
    Added 0 buffers.
    Clock DAG stats after 'Approximately balancing paths':
      cell counts      : b=474, i=0, icg=0, dcg=0, l=0, total=474
      sink counts      : regular=5207, enable_latch=0, load_capacitance=0, antenna=0, node_sink=0, port=0, total=5207
      misc counts      : r=1, pp=0, mci=0
      cell areas       : b=618.716um^2, i=0.000um^2, icg=0.000um^2, dcg=0.000um^2, l=0.000um^2, total=618.716um^2
      cell capacitance : b=672.349fF, i=0.000fF, icg=0.000fF, dcg=0.000fF, l=0.000fF, total=672.349fF
      sink capacitance : total=5154.338fF, avg=0.990fF, sd=0.029fF, min=0.950fF, max=1.026fF
      wire capacitance : top=0.000fF, trunk=568.713fF, leaf=1605.079fF, total=2173.792fF
      wire lengths     : top=0.000um, trunk=5334.445um, leaf=13426.996um, total=18761.441um
      hp wire lengths  : top=0.000um, trunk=4714.420um, leaf=8160.120um, total=12874.540um
    Clock DAG net violations after 'Approximately balancing paths': none
    Clock DAG primary half-corner transition distribution after 'Approximately balancing paths':
      Trunk : target=0.019ns count=95 avg=0.015ns sd=0.002ns min=0.006ns max=0.019ns {7 <= 0.012ns, 44 <= 0.015ns, 28 <= 0.017ns, 12 <= 0.018ns, 4 <= 0.019ns}
      Leaf  : target=0.019ns count=380 avg=0.017ns sd=0.001ns min=0.015ns max=0.019ns {0 <= 0.012ns, 7 <= 0.015ns, 154 <= 0.017ns, 155 <= 0.018ns, 64 <= 0.019ns}
    Clock DAG library cell distribution after 'Approximately balancing paths' {count}:
       Bufs: CLKBUF_X3: 431 CLKBUF_X2: 42 CLKBUF_X1: 1 
    Primary reporting skew groups after 'Approximately balancing paths':
      skew_group clk/CON: insertion delay [min=0.199, max=0.218, avg=0.212, sd=0.005, skn=-0.877, kur=-0.269], skew [0.019 vs 0.034], 100% {0.199, 0.218} (wid=0.018 ws=0.013) (gid=0.212 gs=0.021)
    Skew group summary after 'Approximately balancing paths':
      skew_group clk/CON: insertion delay [min=0.199, max=0.218, avg=0.212, sd=0.005, skn=-0.877, kur=-0.269], skew [0.019 vs 0.034], 100% {0.199, 0.218} (wid=0.018 ws=0.013) (gid=0.212 gs=0.021)
    Legalizer API calls during this step: 0 succeeded with high effort: 0 succeeded with medium effort: 0 succeeded with low effort: 0 succeeded with basic effort: 0 succeeded with basic unbounded effort: 0
  Approximately balancing paths done. (took cpu=0:00:00.1 real=0:00:00.1)
  Stage::Balancing done. (took cpu=0:00:01.8 real=0:00:01.4)
  Stage::Polishing...
  Clock tree timing engine global stage delay update for WC:setup.late...
  Clock tree timing engine global stage delay update for WC:setup.late done. (took cpu=0:00:00.2 real=0:00:00.0)
  Clock DAG stats before polishing:
    cell counts      : b=474, i=0, icg=0, dcg=0, l=0, total=474
    sink counts      : regular=5207, enable_latch=0, load_capacitance=0, antenna=0, node_sink=0, port=0, total=5207
    misc counts      : r=1, pp=0, mci=0
    cell areas       : b=618.716um^2, i=0.000um^2, icg=0.000um^2, dcg=0.000um^2, l=0.000um^2, total=618.716um^2
    cell capacitance : b=672.349fF, i=0.000fF, icg=0.000fF, dcg=0.000fF, l=0.000fF, total=672.349fF
    sink capacitance : total=5154.338fF, avg=0.990fF, sd=0.029fF, min=0.950fF, max=1.026fF
    wire capacitance : top=0.000fF, trunk=568.713fF, leaf=1605.079fF, total=2173.792fF
    wire lengths     : top=0.000um, trunk=5334.445um, leaf=13426.996um, total=18761.441um
    hp wire lengths  : top=0.000um, trunk=4714.420um, leaf=8160.120um, total=12874.540um
  Clock DAG net violations before polishing: none
  Clock DAG primary half-corner transition distribution before polishing:
    Trunk : target=0.019ns count=95 avg=0.015ns sd=0.002ns min=0.006ns max=0.019ns {8 <= 0.012ns, 43 <= 0.015ns, 28 <= 0.017ns, 12 <= 0.018ns, 4 <= 0.019ns}
    Leaf  : target=0.019ns count=380 avg=0.017ns sd=0.001ns min=0.015ns max=0.019ns {0 <= 0.012ns, 7 <= 0.015ns, 154 <= 0.017ns, 156 <= 0.018ns, 63 <= 0.019ns}
  Clock DAG library cell distribution before polishing {count}:
     Bufs: CLKBUF_X3: 431 CLKBUF_X2: 42 CLKBUF_X1: 1 
  Primary reporting skew groups before polishing:
    skew_group clk/CON: insertion delay [min=0.201, max=0.221], skew [0.019 vs 0.034]
  Skew group summary before polishing:
    skew_group clk/CON: insertion delay [min=0.201, max=0.221], skew [0.019 vs 0.034]
  Merging balancing drivers for power...
    Tried: 476 Succeeded: 0
    Clock DAG stats after 'Merging balancing drivers for power':
      cell counts      : b=474, i=0, icg=0, dcg=0, l=0, total=474
      sink counts      : regular=5207, enable_latch=0, load_capacitance=0, antenna=0, node_sink=0, port=0, total=5207
      misc counts      : r=1, pp=0, mci=0
      cell areas       : b=618.716um^2, i=0.000um^2, icg=0.000um^2, dcg=0.000um^2, l=0.000um^2, total=618.716um^2
      cell capacitance : b=672.349fF, i=0.000fF, icg=0.000fF, dcg=0.000fF, l=0.000fF, total=672.349fF
      sink capacitance : total=5154.338fF, avg=0.990fF, sd=0.029fF, min=0.950fF, max=1.026fF
      wire capacitance : top=0.000fF, trunk=568.713fF, leaf=1605.079fF, total=2173.792fF
      wire lengths     : top=0.000um, trunk=5334.445um, leaf=13426.996um, total=18761.441um
      hp wire lengths  : top=0.000um, trunk=4714.420um, leaf=8160.120um, total=12874.540um
    Clock DAG net violations after 'Merging balancing drivers for power': none
    Clock DAG primary half-corner transition distribution after 'Merging balancing drivers for power':
      Trunk : target=0.019ns count=95 avg=0.015ns sd=0.002ns min=0.006ns max=0.019ns {8 <= 0.012ns, 43 <= 0.015ns, 28 <= 0.017ns, 12 <= 0.018ns, 4 <= 0.019ns}
      Leaf  : target=0.019ns count=380 avg=0.017ns sd=0.001ns min=0.015ns max=0.019ns {0 <= 0.012ns, 7 <= 0.015ns, 154 <= 0.017ns, 156 <= 0.018ns, 63 <= 0.019ns}
    Clock DAG library cell distribution after 'Merging balancing drivers for power' {count}:
       Bufs: CLKBUF_X3: 431 CLKBUF_X2: 42 CLKBUF_X1: 1 
    Primary reporting skew groups after 'Merging balancing drivers for power':
      skew_group clk/CON: insertion delay [min=0.201, max=0.221], skew [0.019 vs 0.034]
    Skew group summary after 'Merging balancing drivers for power':
      skew_group clk/CON: insertion delay [min=0.201, max=0.221], skew [0.019 vs 0.034]
    Legalizer API calls during this step: 0 succeeded with high effort: 0 succeeded with medium effort: 0 succeeded with low effort: 0 succeeded with basic effort: 0 succeeded with basic unbounded effort: 0
  Merging balancing drivers for power done. (took cpu=0:00:00.1 real=0:00:00.1)
  Improving clock skew...
    Clock DAG stats after 'Improving clock skew':
      cell counts      : b=474, i=0, icg=0, dcg=0, l=0, total=474
      sink counts      : regular=5207, enable_latch=0, load_capacitance=0, antenna=0, node_sink=0, port=0, total=5207
      misc counts      : r=1, pp=0, mci=0
      cell areas       : b=618.716um^2, i=0.000um^2, icg=0.000um^2, dcg=0.000um^2, l=0.000um^2, total=618.716um^2
      cell capacitance : b=672.349fF, i=0.000fF, icg=0.000fF, dcg=0.000fF, l=0.000fF, total=672.349fF
      sink capacitance : total=5154.338fF, avg=0.990fF, sd=0.029fF, min=0.950fF, max=1.026fF
      wire capacitance : top=0.000fF, trunk=568.713fF, leaf=1605.079fF, total=2173.792fF
      wire lengths     : top=0.000um, trunk=5334.445um, leaf=13426.996um, total=18761.441um
      hp wire lengths  : top=0.000um, trunk=4714.420um, leaf=8160.120um, total=12874.540um
    Clock DAG net violations after 'Improving clock skew': none
    Clock DAG primary half-corner transition distribution after 'Improving clock skew':
      Trunk : target=0.019ns count=95 avg=0.015ns sd=0.002ns min=0.006ns max=0.019ns {8 <= 0.012ns, 43 <= 0.015ns, 28 <= 0.017ns, 12 <= 0.018ns, 4 <= 0.019ns}
      Leaf  : target=0.019ns count=380 avg=0.017ns sd=0.001ns min=0.015ns max=0.019ns {0 <= 0.012ns, 7 <= 0.015ns, 154 <= 0.017ns, 156 <= 0.018ns, 63 <= 0.019ns}
    Clock DAG library cell distribution after 'Improving clock skew' {count}:
       Bufs: CLKBUF_X3: 431 CLKBUF_X2: 42 CLKBUF_X1: 1 
    Primary reporting skew groups after 'Improving clock skew':
      skew_group clk/CON: insertion delay [min=0.201, max=0.221, avg=0.213, sd=0.004, skn=-0.762, kur=-0.348], skew [0.019 vs 0.034], 100% {0.201, 0.221} (wid=0.018 ws=0.013) (gid=0.216 gs=0.025)
    Skew group summary after 'Improving clock skew':
      skew_group clk/CON: insertion delay [min=0.201, max=0.221, avg=0.213, sd=0.004, skn=-0.762, kur=-0.348], skew [0.019 vs 0.034], 100% {0.201, 0.221} (wid=0.018 ws=0.013) (gid=0.216 gs=0.025)
    Legalizer API calls during this step: 0 succeeded with high effort: 0 succeeded with medium effort: 0 succeeded with low effort: 0 succeeded with basic effort: 0 succeeded with basic unbounded effort: 0
  Improving clock skew done. (took cpu=0:00:00.1 real=0:00:00.1)
  Moving gates to reduce wire capacitance...
    Modified slew target multipliers. Leaf=(1 to 0.9) Trunk=(1 to 0.95) Top=(1 to 0.95)
    Iteration 1...
      Artificially removing short and long paths...
        Legalizer API calls during this step: 0 succeeded with high effort: 0 succeeded with medium effort: 0 succeeded with low effort: 0 succeeded with basic effort: 0 succeeded with basic unbounded effort: 0
      Artificially removing short and long paths done. (took cpu=0:00:00.0 real=0:00:00.0)
      Moving gates to reduce wire capacitance - iteration 1: WireCapReduction...
        Legalizing clock trees...
        Legalizing clock trees done. (took cpu=0:00:00.0 real=0:00:00.0)
        Legalizer API calls during this step: 3000 succeeded with high effort: 3000 succeeded with medium effort: 0 succeeded with low effort: 0 succeeded with basic effort: 0 succeeded with basic unbounded effort: 0
      Moving gates to reduce wire capacitance - iteration 1: WireCapReduction done. (took cpu=0:00:01.5 real=0:00:00.2)
      Moving gates to reduce wire capacitance - iteration 1: MoveGates...
        Moving gates: 
        ...20% ...40% ...60% ...80% ..Legalizing clock trees...
        Legalizing clock trees done. (took cpu=0:00:00.0 real=0:00:00.0)
        .100% 
        Legalizer API calls during this step: 6636 succeeded with high effort: 6636 succeeded with medium effort: 0 succeeded with low effort: 0 succeeded with basic effort: 0 succeeded with basic unbounded effort: 0
      Moving gates to reduce wire capacitance - iteration 1: MoveGates done. (took cpu=0:00:03.0 real=0:00:00.3)
    Iteration 1 done.
    Iteration 2...
      Artificially removing short and long paths...
        Legalizer API calls during this step: 0 succeeded with high effort: 0 succeeded with medium effort: 0 succeeded with low effort: 0 succeeded with basic effort: 0 succeeded with basic unbounded effort: 0
      Artificially removing short and long paths done. (took cpu=0:00:00.1 real=0:00:00.0)
      Moving gates to reduce wire capacitance - iteration 2: WireCapReduction...
        Legalizing clock trees...
        Legalizing clock trees done. (took cpu=0:00:00.0 real=0:00:00.0)
        Legalizer API calls during this step: 2839 succeeded with high effort: 2839 succeeded with medium effort: 0 succeeded with low effort: 0 succeeded with basic effort: 0 succeeded with basic unbounded effort: 0
      Moving gates to reduce wire capacitance - iteration 2: WireCapReduction done. (took cpu=0:00:01.2 real=0:00:00.2)
      Moving gates to reduce wire capacitance - iteration 2: MoveGates...
        Moving gates: 
        ...20% ...40% ...60% ...80% ...Legalizing clock trees...
        Legalizing clock trees done. (took cpu=0:00:00.0 real=0:00:00.0)
        100% 
        Legalizer API calls during this step: 6636 succeeded with high effort: 6636 succeeded with medium effort: 0 succeeded with low effort: 0 succeeded with basic effort: 0 succeeded with basic unbounded effort: 0
      Moving gates to reduce wire capacitance - iteration 2: MoveGates done. (took cpu=0:00:02.4 real=0:00:00.2)
    Iteration 2 done.
    Reverted slew target multipliers. Leaf=(0.9 to 1) Trunk=(0.95 to 1) Top=(0.95 to 1)
    Clock DAG stats after 'Moving gates to reduce wire capacitance':
      cell counts      : b=474, i=0, icg=0, dcg=0, l=0, total=474
      sink counts      : regular=5207, enable_latch=0, load_capacitance=0, antenna=0, node_sink=0, port=0, total=5207
      misc counts      : r=1, pp=0, mci=0
      cell areas       : b=618.716um^2, i=0.000um^2, icg=0.000um^2, dcg=0.000um^2, l=0.000um^2, total=618.716um^2
      cell capacitance : b=672.349fF, i=0.000fF, icg=0.000fF, dcg=0.000fF, l=0.000fF, total=672.349fF
      sink capacitance : total=5154.338fF, avg=0.990fF, sd=0.029fF, min=0.950fF, max=1.026fF
      wire capacitance : top=0.000fF, trunk=510.334fF, leaf=1545.424fF, total=2055.758fF
      wire lengths     : top=0.000um, trunk=4810.649um, leaf=12873.703um, total=17684.352um
      hp wire lengths  : top=0.000um, trunk=4382.320um, leaf=7917.035um, total=12299.355um
    Clock DAG net violations after 'Moving gates to reduce wire capacitance': none
    Clock DAG primary half-corner transition distribution after 'Moving gates to reduce wire capacitance':
      Trunk : target=0.019ns count=95 avg=0.015ns sd=0.002ns min=0.006ns max=0.019ns {10 <= 0.012ns, 54 <= 0.015ns, 21 <= 0.017ns, 8 <= 0.018ns, 2 <= 0.019ns}
      Leaf  : target=0.019ns count=380 avg=0.017ns sd=0.001ns min=0.014ns max=0.019ns {0 <= 0.012ns, 7 <= 0.015ns, 177 <= 0.017ns, 146 <= 0.018ns, 50 <= 0.019ns}
    Clock DAG library cell distribution after 'Moving gates to reduce wire capacitance' {count}:
       Bufs: CLKBUF_X3: 431 CLKBUF_X2: 42 CLKBUF_X1: 1 
    Primary reporting skew groups after 'Moving gates to reduce wire capacitance':
      skew_group clk/CON: insertion delay [min=0.198, max=0.219, avg=0.210, sd=0.005, skn=-0.545, kur=-0.863], skew [0.022 vs 0.034], 100% {0.198, 0.219} (wid=0.018 ws=0.013) (gid=0.213 gs=0.025)
    Skew group summary after 'Moving gates to reduce wire capacitance':
      skew_group clk/CON: insertion delay [min=0.198, max=0.219, avg=0.210, sd=0.005, skn=-0.545, kur=-0.863], skew [0.022 vs 0.034], 100% {0.198, 0.219} (wid=0.018 ws=0.013) (gid=0.213 gs=0.025)
    Legalizer API calls during this step: 19111 succeeded with high effort: 19111 succeeded with medium effort: 0 succeeded with low effort: 0 succeeded with basic effort: 0 succeeded with basic unbounded effort: 0
  Moving gates to reduce wire capacitance done. (took cpu=0:00:08.3 real=0:00:01.1)
  Reducing clock tree power 3...
    Artificially removing short and long paths...
      Legalizer API calls during this step: 0 succeeded with high effort: 0 succeeded with medium effort: 0 succeeded with low effort: 0 succeeded with basic effort: 0 succeeded with basic unbounded effort: 0
    Artificially removing short and long paths done. (took cpu=0:00:00.0 real=0:00:00.0)
    Initial gate capacitance is (rise=5826.687fF fall=5275.928fF).
    Resizing gates: 
    ...20% ...40% ...60% ...80% ...Legalizing clock trees...
    Legalizing clock trees done. (took cpu=0:00:00.0 real=0:00:00.0)
    100% 
    Stopping in iteration 1: unable to make further power recovery in this step.
    Iteration 1: gate capacitance is (rise=5825.756fF fall=5275.177fF).
    Clock DAG stats after 'Reducing clock tree power 3':
      cell counts      : b=474, i=0, icg=0, dcg=0, l=0, total=474
      sink counts      : regular=5207, enable_latch=0, load_capacitance=0, antenna=0, node_sink=0, port=0, total=5207
      misc counts      : r=1, pp=0, mci=0
      cell areas       : b=613.130um^2, i=0.000um^2, icg=0.000um^2, dcg=0.000um^2, l=0.000um^2, total=613.130um^2
      cell capacitance : b=671.418fF, i=0.000fF, icg=0.000fF, dcg=0.000fF, l=0.000fF, total=671.418fF
      sink capacitance : total=5154.338fF, avg=0.990fF, sd=0.029fF, min=0.950fF, max=1.026fF
      wire capacitance : top=0.000fF, trunk=510.396fF, leaf=1545.424fF, total=2055.820fF
      wire lengths     : top=0.000um, trunk=4811.789um, leaf=12873.703um, total=17685.492um
      hp wire lengths  : top=0.000um, trunk=4382.320um, leaf=7917.035um, total=12299.355um
    Clock DAG net violations after 'Reducing clock tree power 3': none
    Clock DAG primary half-corner transition distribution after 'Reducing clock tree power 3':
      Trunk : target=0.019ns count=95 avg=0.015ns sd=0.003ns min=0.006ns max=0.019ns {8 <= 0.012ns, 39 <= 0.015ns, 24 <= 0.017ns, 10 <= 0.018ns, 14 <= 0.019ns}
      Leaf  : target=0.019ns count=380 avg=0.017ns sd=0.001ns min=0.015ns max=0.019ns {0 <= 0.012ns, 6 <= 0.015ns, 177 <= 0.017ns, 146 <= 0.018ns, 51 <= 0.019ns}
    Clock DAG library cell distribution after 'Reducing clock tree power 3' {count}:
       Bufs: CLKBUF_X3: 411 CLKBUF_X2: 61 CLKBUF_X1: 2 
    Primary reporting skew groups after 'Reducing clock tree power 3':
      skew_group clk/CON: insertion delay [min=0.199, max=0.219, avg=0.212, sd=0.005, skn=-0.736, kur=-0.668], skew [0.020 vs 0.034], 100% {0.199, 0.219} (wid=0.018 ws=0.013) (gid=0.213 gs=0.025)
    Skew group summary after 'Reducing clock tree power 3':
      skew_group clk/CON: insertion delay [min=0.199, max=0.219, avg=0.212, sd=0.005, skn=-0.736, kur=-0.668], skew [0.020 vs 0.034], 100% {0.199, 0.219} (wid=0.018 ws=0.013) (gid=0.213 gs=0.025)
    Legalizer API calls during this step: 988 succeeded with high effort: 988 succeeded with medium effort: 0 succeeded with low effort: 0 succeeded with basic effort: 0 succeeded with basic unbounded effort: 0
  Reducing clock tree power 3 done. (took cpu=0:00:00.6 real=0:00:00.2)
  Improving insertion delay...
    Clock DAG stats after 'Improving insertion delay':
      cell counts      : b=474, i=0, icg=0, dcg=0, l=0, total=474
      sink counts      : regular=5207, enable_latch=0, load_capacitance=0, antenna=0, node_sink=0, port=0, total=5207
      misc counts      : r=1, pp=0, mci=0
      cell areas       : b=613.130um^2, i=0.000um^2, icg=0.000um^2, dcg=0.000um^2, l=0.000um^2, total=613.130um^2
      cell capacitance : b=671.418fF, i=0.000fF, icg=0.000fF, dcg=0.000fF, l=0.000fF, total=671.418fF
      sink capacitance : total=5154.338fF, avg=0.990fF, sd=0.029fF, min=0.950fF, max=1.026fF
      wire capacitance : top=0.000fF, trunk=510.396fF, leaf=1545.424fF, total=2055.820fF
      wire lengths     : top=0.000um, trunk=4811.789um, leaf=12873.703um, total=17685.492um
      hp wire lengths  : top=0.000um, trunk=4382.320um, leaf=7917.035um, total=12299.355um
    Clock DAG net violations after 'Improving insertion delay': none
    Clock DAG primary half-corner transition distribution after 'Improving insertion delay':
      Trunk : target=0.019ns count=95 avg=0.015ns sd=0.003ns min=0.006ns max=0.019ns {8 <= 0.012ns, 39 <= 0.015ns, 24 <= 0.017ns, 10 <= 0.018ns, 14 <= 0.019ns}
      Leaf  : target=0.019ns count=380 avg=0.017ns sd=0.001ns min=0.015ns max=0.019ns {0 <= 0.012ns, 6 <= 0.015ns, 177 <= 0.017ns, 146 <= 0.018ns, 51 <= 0.019ns}
    Clock DAG library cell distribution after 'Improving insertion delay' {count}:
       Bufs: CLKBUF_X3: 411 CLKBUF_X2: 61 CLKBUF_X1: 2 
    Primary reporting skew groups after 'Improving insertion delay':
      skew_group clk/CON: insertion delay [min=0.199, max=0.219, avg=0.212, sd=0.005, skn=-0.736, kur=-0.668], skew [0.020 vs 0.034], 100% {0.199, 0.219} (wid=0.018 ws=0.013) (gid=0.213 gs=0.025)
    Skew group summary after 'Improving insertion delay':
      skew_group clk/CON: insertion delay [min=0.199, max=0.219, avg=0.212, sd=0.005, skn=-0.736, kur=-0.668], skew [0.020 vs 0.034], 100% {0.199, 0.219} (wid=0.018 ws=0.013) (gid=0.213 gs=0.025)
    Legalizer API calls during this step: 0 succeeded with high effort: 0 succeeded with medium effort: 0 succeeded with low effort: 0 succeeded with basic effort: 0 succeeded with basic unbounded effort: 0
  Improving insertion delay done. (took cpu=0:00:00.1 real=0:00:00.1)
  Wire Opt OverFix...
    Wire Reduction extra effort...
      Modified slew target multipliers. Leaf=(1 to 0.95) Trunk=(1 to 1) Top=(1 to 1)
      Artificially removing short and long paths...
        Legalizer API calls during this step: 0 succeeded with high effort: 0 succeeded with medium effort: 0 succeeded with low effort: 0 succeeded with basic effort: 0 succeeded with basic unbounded effort: 0
      Artificially removing short and long paths done. (took cpu=0:00:00.0 real=0:00:00.0)
      Global shorten wires A0...
        Legalizer API calls during this step: 578 succeeded with high effort: 578 succeeded with medium effort: 0 succeeded with low effort: 0 succeeded with basic effort: 0 succeeded with basic unbounded effort: 0
      Global shorten wires A0 done. (took cpu=0:00:00.1 real=0:00:00.1)
      Move For Wirelength - core...
        Move for wirelength. considered=475, filtered=0, permitted=474, cannotCompute=58, computed=416, moveTooSmall=1325, resolved=0, predictFail=115, currentlyIllegal=0, legalizationFail=121, legalizedMoveTooSmall=106, ignoredLeafDriver=0, invalidLoc=0, worse=878, accepted=57
        Max accepted move=17.170um, total accepted move=310.770um, average move=5.452um
        Move for wirelength. considered=475, filtered=0, permitted=474, cannotCompute=61, computed=413, moveTooSmall=1335, resolved=0, predictFail=122, currentlyIllegal=0, legalizationFail=134, legalizedMoveTooSmall=127, ignoredLeafDriver=0, invalidLoc=0, worse=923, accepted=22
        Max accepted move=7.290um, total accepted move=90.400um, average move=4.109um
        Move for wirelength. considered=475, filtered=0, permitted=474, cannotCompute=63, computed=411, moveTooSmall=1355, resolved=0, predictFail=130, currentlyIllegal=0, legalizationFail=133, legalizedMoveTooSmall=131, ignoredLeafDriver=0, invalidLoc=0, worse=958, accepted=5
        Max accepted move=12.320um, total accepted move=33.400um, average move=6.680um
        Legalizer API calls during this step: 5371 succeeded with high effort: 5371 succeeded with medium effort: 0 succeeded with low effort: 0 succeeded with basic effort: 0 succeeded with basic unbounded effort: 0
      Move For Wirelength - core done. (took cpu=0:00:02.6 real=0:00:00.4)
      Global shorten wires A1...
        Legalizer API calls during this step: 587 succeeded with high effort: 587 succeeded with medium effort: 0 succeeded with low effort: 0 succeeded with basic effort: 0 succeeded with basic unbounded effort: 0
      Global shorten wires A1 done. (took cpu=0:00:00.1 real=0:00:00.0)
      Move For Wirelength - core...
        Move for wirelength. considered=475, filtered=0, permitted=474, cannotCompute=458, computed=16, moveTooSmall=1220, resolved=0, predictFail=0, currentlyIllegal=0, legalizationFail=6, legalizedMoveTooSmall=3, ignoredLeafDriver=0, invalidLoc=0, worse=9, accepted=1
        Max accepted move=6.290um, total accepted move=6.290um, average move=6.290um
        Move for wirelength. considered=475, filtered=0, permitted=474, cannotCompute=459, computed=15, moveTooSmall=1219, resolved=0, predictFail=0, currentlyIllegal=0, legalizationFail=6, legalizedMoveTooSmall=3, ignoredLeafDriver=0, invalidLoc=0, worse=9, accepted=0
        Max accepted move=0.000um, total accepted move=0.000um
        Legalizer API calls during this step: 971 succeeded with high effort: 971 succeeded with medium effort: 0 succeeded with low effort: 0 succeeded with basic effort: 0 succeeded with basic unbounded effort: 0
      Move For Wirelength - core done. (took cpu=0:00:00.2 real=0:00:00.1)
      Global shorten wires B...
        Legalizer API calls during this step: 2681 succeeded with high effort: 2681 succeeded with medium effort: 0 succeeded with low effort: 0 succeeded with basic effort: 0 succeeded with basic unbounded effort: 0
      Global shorten wires B done. (took cpu=0:00:00.6 real=0:00:00.1)
      Move For Wirelength - branch...
        Move for wirelength. considered=475, filtered=0, permitted=474, cannotCompute=0, computed=474, moveTooSmall=0, resolved=0, predictFail=1, currentlyIllegal=0, legalizationFail=553, legalizedMoveTooSmall=0, ignoredLeafDriver=0, invalidLoc=0, worse=26, accepted=0
        Max accepted move=0.000um, total accepted move=0.000um
        Legalizer API calls during this step: 1047 succeeded with high effort: 1047 succeeded with medium effort: 0 succeeded with low effort: 0 succeeded with basic effort: 0 succeeded with basic unbounded effort: 0
      Move For Wirelength - branch done. (took cpu=0:00:00.4 real=0:00:00.1)
      Reverted slew target multipliers. Leaf=(0.95 to 1) Trunk=(1 to 1) Top=(1 to 1)
      Clock DAG stats after 'Wire Reduction extra effort':
        cell counts      : b=474, i=0, icg=0, dcg=0, l=0, total=474
        sink counts      : regular=5207, enable_latch=0, load_capacitance=0, antenna=0, node_sink=0, port=0, total=5207
        misc counts      : r=1, pp=0, mci=0
        cell areas       : b=613.130um^2, i=0.000um^2, icg=0.000um^2, dcg=0.000um^2, l=0.000um^2, total=613.130um^2
        cell capacitance : b=671.418fF, i=0.000fF, icg=0.000fF, dcg=0.000fF, l=0.000fF, total=671.418fF
        sink capacitance : total=5154.338fF, avg=0.990fF, sd=0.029fF, min=0.950fF, max=1.026fF
        wire capacitance : top=0.000fF, trunk=497.244fF, leaf=1547.732fF, total=2044.976fF
        wire lengths     : top=0.000um, trunk=4682.552um, leaf=12890.942um, total=17573.494um
        hp wire lengths  : top=0.000um, trunk=4307.190um, leaf=7947.960um, total=12255.150um
      Clock DAG net violations after 'Wire Reduction extra effort':
        Remaining Transition : {count=1, worst=[0.000ns]} avg=0.000ns sd=0.000ns sum=0.000ns
      Clock DAG primary half-corner transition distribution after 'Wire Reduction extra effort':
        Trunk : target=0.019ns count=95 avg=0.015ns sd=0.003ns min=0.006ns max=0.020ns {7 <= 0.012ns, 44 <= 0.015ns, 21 <= 0.017ns, 10 <= 0.018ns, 12 <= 0.019ns} {1 <= 0.020ns, 0 <= 0.021ns, 0 <= 0.023ns, 0 <= 0.029ns, 0 > 0.029ns}
        Leaf  : target=0.019ns count=380 avg=0.017ns sd=0.001ns min=0.015ns max=0.019ns {0 <= 0.012ns, 6 <= 0.015ns, 178 <= 0.017ns, 145 <= 0.018ns, 51 <= 0.019ns}
      Clock DAG library cell distribution after 'Wire Reduction extra effort' {count}:
         Bufs: CLKBUF_X3: 411 CLKBUF_X2: 61 CLKBUF_X1: 2 
      Primary reporting skew groups after 'Wire Reduction extra effort':
        skew_group clk/CON: insertion delay [min=0.199, max=0.219, avg=0.211, sd=0.005, skn=-0.672, kur=-0.733], skew [0.020 vs 0.034], 100% {0.199, 0.219} (wid=0.017 ws=0.013) (gid=0.213 gs=0.025)
      Skew group summary after 'Wire Reduction extra effort':
        skew_group clk/CON: insertion delay [min=0.199, max=0.219, avg=0.211, sd=0.005, skn=-0.672, kur=-0.733], skew [0.020 vs 0.034], 100% {0.199, 0.219} (wid=0.017 ws=0.013) (gid=0.213 gs=0.025)
      Legalizer API calls during this step: 11235 succeeded with high effort: 11235 succeeded with medium effort: 0 succeeded with low effort: 0 succeeded with basic effort: 0 succeeded with basic unbounded effort: 0
    Wire Reduction extra effort done. (took cpu=0:00:04.2 real=0:00:00.9)
    Optimizing orientation...
    FlipOpt...
    Disconnecting clock tree from netlist...
    Disconnecting clock tree from netlist done.
    Orientation Wirelength Optimization: Attempted = 474 , Succeeded = 84 , Constraints Broken = 390 , CannotMove = 0 , Illegal = 0 , Other = 0
    Resynthesising clock tree into netlist...
      Reset timing graph...
Ignoring AAE DB Resetting ...
      Reset timing graph done.
    Resynthesising clock tree into netlist done.
    FlipOpt done. (took cpu=0:00:01.5 real=0:00:00.4)
    Optimizing orientation done. (took cpu=0:00:01.5 real=0:00:00.4)
    Clock DAG stats after 'Wire Opt OverFix':
      cell counts      : b=474, i=0, icg=0, dcg=0, l=0, total=474
      sink counts      : regular=5207, enable_latch=0, load_capacitance=0, antenna=0, node_sink=0, port=0, total=5207
      misc counts      : r=1, pp=0, mci=0
      cell areas       : b=613.130um^2, i=0.000um^2, icg=0.000um^2, dcg=0.000um^2, l=0.000um^2, total=613.130um^2
      cell capacitance : b=671.418fF, i=0.000fF, icg=0.000fF, dcg=0.000fF, l=0.000fF, total=671.418fF
      sink capacitance : total=5154.338fF, avg=0.990fF, sd=0.029fF, min=0.950fF, max=1.026fF
      wire capacitance : top=0.000fF, trunk=493.064fF, leaf=1549.787fF, total=2042.852fF
      wire lengths     : top=0.000um, trunk=4619.424um, leaf=12900.940um, total=17520.363um
      hp wire lengths  : top=0.000um, trunk=4302.940um, leaf=7955.840um, total=12258.780um
    Clock DAG net violations after 'Wire Opt OverFix':
      Remaining Transition : {count=1, worst=[0.000ns]} avg=0.000ns sd=0.000ns sum=0.000ns
    Clock DAG primary half-corner transition distribution after 'Wire Opt OverFix':
      Trunk : target=0.019ns count=95 avg=0.015ns sd=0.003ns min=0.006ns max=0.020ns {7 <= 0.012ns, 42 <= 0.015ns, 23 <= 0.017ns, 12 <= 0.018ns, 10 <= 0.019ns} {1 <= 0.020ns, 0 <= 0.021ns, 0 <= 0.023ns, 0 <= 0.029ns, 0 > 0.029ns}
      Leaf  : target=0.019ns count=380 avg=0.017ns sd=0.001ns min=0.015ns max=0.019ns {0 <= 0.012ns, 6 <= 0.015ns, 176 <= 0.017ns, 145 <= 0.018ns, 53 <= 0.019ns}
    Clock DAG library cell distribution after 'Wire Opt OverFix' {count}:
       Bufs: CLKBUF_X3: 411 CLKBUF_X2: 61 CLKBUF_X1: 2 
    Primary reporting skew groups after 'Wire Opt OverFix':
      skew_group clk/CON: insertion delay [min=0.199, max=0.219, avg=0.211, sd=0.005, skn=-0.643, kur=-0.776], skew [0.020 vs 0.034], 100% {0.199, 0.219} (wid=0.017 ws=0.013) (gid=0.213 gs=0.025)
    Skew group summary after 'Wire Opt OverFix':
      skew_group clk/CON: insertion delay [min=0.199, max=0.219, avg=0.211, sd=0.005, skn=-0.643, kur=-0.776], skew [0.020 vs 0.034], 100% {0.199, 0.219} (wid=0.017 ws=0.013) (gid=0.213 gs=0.025)
    Legalizer API calls during this step: 13600 succeeded with high effort: 13574 succeeded with medium effort: 0 succeeded with low effort: 0 succeeded with basic effort: 0 succeeded with basic unbounded effort: 0
  Wire Opt OverFix done. (took cpu=0:00:06.0 real=0:00:01.4)
  Total capacitance is (rise=7868.608fF fall=7318.029fF), of which (rise=2042.852fF fall=2042.852fF) is wire, and (rise=5825.756fF fall=5275.177fF) is gate.
  Stage::Polishing done. (took cpu=0:00:15.6 real=0:00:03.1)
  Stage::Updating netlist...
  Reset timing graph...
Ignoring AAE DB Resetting ...
  Reset timing graph done.
  Setting non-default rules before calling refine place.
  Leaving CCOpt scope - Cleaning up placement interface...
  Leaving CCOpt scope - Cleaning up placement interface done. (took cpu=0:00:00.1 real=0:00:00.0)
  Leaving CCOpt scope - ClockRefiner...
  Soft fixed 476 clock instances and 0 clock sinks.
  Performing clock and sink only refine place with checks partially disabled for sinks.
*** Starting refinePlace (0:09:51 mem=3301.4M) ***
Total net bbox length = 4.831e+05 (2.413e+05 2.418e+05) (ext = 3.383e+04)
Move report: Detail placement moved 0 insts, mean move: 0.00 um, max move: 0.00 um 
	Runtime: CPU: 0:00:00.2 REAL: 0:00:00.0 MEM: 3299.1MB
Summary Report:
Instances moved: 0 (out of 28969 movable)
Instances flipped: 0
Mean displacement: 0.00 um
Max displacement: 0.00 um 
Physical-only instances moved: 0 (out of 0 movable physical-only)
Total net bbox length = 4.831e+05 (2.413e+05 2.418e+05) (ext = 3.383e+04)
Runtime: CPU: 0:00:00.2 REAL: 0:00:00.0 MEM: 3299.1MB
*** Finished refinePlace (0:09:51 mem=3299.1M) ***
  ClockRefiner summary
  All clock instances: Moved 0, flipped 0 and cell swapped 0 (out of a total of 5681).
  Restoring pStatusCts on 474 clock instances.
  Leaving CCOpt scope - ClockRefiner done. (took cpu=0:00:00.3 real=0:00:00.2)
  Stage::Updating netlist done. (took cpu=0:00:00.5 real=0:00:00.2)
  CCOpt::Phase::Implementation done. (took cpu=0:00:19.8 real=0:00:05.3)
  CCOpt::Phase::eGRPC...
  eGR Post Conditioning...
    Clock implementation routing...
      Leaving CCOpt scope - Routing Tools...
Net route status summary:
  Clock:       475 (unrouted=475, trialRouted=0, noStatus=0, routed=0, fixed=0, [crossesIlmBoundary=0, tooFewTerms=0, (crossesIlmBoundary AND tooFewTerms=0)], steiner=0)
  Non-clock: 41476 (unrouted=11239, trialRouted=30237, noStatus=0, routed=0, fixed=0, [crossesIlmBoundary=0, tooFewTerms=11239, (crossesIlmBoundary AND tooFewTerms=0)])
      Routing using eGR only...
        Early Global Route - eGR only step...
(ccopt eGR): There are 475 nets to be routed. 0 nets have skip routing designation.
(ccopt eGR): There are 475 nets for routing of which 475 have one or more fixed wires.
(ccopt eGR): Start to route 475 all nets
[PSP]    Started Early Global Route ( Curr Mem: 1.75 MB )
[PSP]    Started Early Global Route kernel ( Curr Mem: 1.75 MB )
[NR-eGR] Early global route reroute 475 out of 30712 routable nets
[NR-eGR] Track table information for default rule: 
[NR-eGR] metal1 has single uniform track structure
[NR-eGR] metal2 has single uniform track structure
[NR-eGR] metal3 has single uniform track structure
[NR-eGR] metal4 has single uniform track structure
[NR-eGR] metal5 has single uniform track structure
[NR-eGR] metal6 has single uniform track structure
[NR-eGR] metal7 has single uniform track structure
[NR-eGR] metal8 has single uniform track structure
[NR-eGR] metal9 has single uniform track structure
[NR-eGR] metal10 has single uniform track structure
[NR-eGR] Read 0 PG shapes
[NR-eGR] Read 0 clock shapes
[NR-eGR] Read 0 other shapes
[NR-eGR] #Routing Blockages  : 0
[NR-eGR] #Bump Blockages     : 0
[NR-eGR] #Instance Blockages : 0
[NR-eGR] #PG Blockages       : 0
[NR-eGR] #Halo Blockages     : 0
[NR-eGR] #Boundary Blockages : 0
[NR-eGR] #Clock Blockages    : 0
[NR-eGR] #Other Blockages    : 0
[NR-eGR] #prerouted nets         : 0
[NR-eGR] #prerouted special nets : 0
[NR-eGR] #prerouted wires        : 0
[NR-eGR] Read 30712 nets ( ignored 30237 )
[NR-eGR] Connected 0 must-join pins/ports (pre-process)
[NR-eGR] #via pillars        : 0
[NR-eGR] #must join all port : 0
[NR-eGR] #multiple ports     : 0
[NR-eGR] #has must join      : 0
[NR-eGR] Handle net priority by net group ordering
[NR-eGR] There are 475 clock nets ( 475 with NDR ).
[NR-eGR] == Routing rule table ==
[NR-eGR]  ID  Name  #Nets 
[NR-eGR] -----------------
[NR-eGR]   0          475 
[NR-eGR] Layer group 1: route 475 net(s) in layer range [3, 4]
[NR-eGR] Early Global Route overflow of layer group 1: 0.00% H + 0.00% V. EstWL: 1.719200e+04um
[NR-eGR] Create a new net group with 9 nets and layer range [3, 6]
[NR-eGR] Layer group 2: route 9 net(s) in layer range [3, 6]
[NR-eGR] Early Global Route overflow of layer group 2: 0.00% H + 0.00% V. EstWL: 1.775060e+04um
[NR-eGR] Create a new net group with 2 nets and layer range [2, 6]
[NR-eGR] Layer group 3: route 2 net(s) in layer range [2, 6]
[NR-eGR] Early Global Route overflow of layer group 3: 0.00% H + 0.00% V. EstWL: 1.790180e+04um
[NR-eGR] Congestion Analysis By layer: (blocked Gcells are excluded) 
[NR-eGR]                        OverCon            
[NR-eGR]                         #Gcell     %Gcell
[NR-eGR]        Layer             (1-0)    OverCon
[NR-eGR] ----------------------------------------------
[NR-eGR]  metal1 ( 1)         0( 0.00%)   ( 0.00%) 
[NR-eGR]  metal2 ( 2)         0( 0.00%)   ( 0.00%) 
[NR-eGR]  metal3 ( 3)         0( 0.00%)   ( 0.00%) 
[NR-eGR]  metal4 ( 4)         0( 0.00%)   ( 0.00%) 
[NR-eGR]  metal5 ( 5)         0( 0.00%)   ( 0.00%) 
[NR-eGR]  metal6 ( 6)         0( 0.00%)   ( 0.00%) 
[NR-eGR]  metal7 ( 7)         0( 0.00%)   ( 0.00%) 
[NR-eGR]  metal8 ( 8)         0( 0.00%)   ( 0.00%) 
[NR-eGR]  metal9 ( 9)         0( 0.00%)   ( 0.00%) 
[NR-eGR] metal10 (10)         0( 0.00%)   ( 0.00%) 
[NR-eGR] ----------------------------------------------
[NR-eGR]        Total         0( 0.00%)   ( 0.00%) 
[NR-eGR] 
[NR-eGR] Overflow after Early Global Route 0.00% H + 0.00% V
[NR-eGR] Connected 0 must-join pins/ports (post-process)
[NR-eGR] Total eGR-routed clock nets wire length: 17782um, number of vias: 15822
[NR-eGR] --------------------------------------------------------------------------
[NR-eGR] Report for selected net(s) only.
[NR-eGR]                  Length (um)   Vias 
[NR-eGR] ------------------------------------
[NR-eGR]  metal1   (1H)             0   6155 
[NR-eGR]  metal2   (2V)          5380   7079 
[NR-eGR]  metal3   (3H)          7897   2583 
[NR-eGR]  metal4   (4V)          4497      5 
[NR-eGR]  metal5   (5H)             8      0 
[NR-eGR]  metal6   (6V)             0      0 
[NR-eGR]  metal7   (7H)             0      0 
[NR-eGR]  metal8   (8V)             0      0 
[NR-eGR]  metal9   (9H)             0      0 
[NR-eGR]  metal10  (10V)            0      0 
[NR-eGR] ------------------------------------
[NR-eGR]           Total        17782  15822 
[NR-eGR] --------------------------------------------------------------------------
[NR-eGR] Total half perimeter of net bounding box: 12204um
[NR-eGR] Total length: 17782um, number of vias: 15822
[NR-eGR] --------------------------------------------------------------------------
[NR-eGR] Total routed clock nets wire length: 17782um, number of vias: 15822
[NR-eGR] --------------------------------------------------------------------------
[NR-eGR]                  Length (um)    Vias 
[NR-eGR] -------------------------------------
[NR-eGR]  metal1   (1H)             0  123981 
[NR-eGR]  metal2   (2V)        118711  154163 
[NR-eGR]  metal3   (3H)        212968   58746 
[NR-eGR]  metal4   (4V)         90776   16900 
[NR-eGR]  metal5   (5H)         75220   13419 
[NR-eGR]  metal6   (6V)         90801    1828 
[NR-eGR]  metal7   (7H)         12738     741 
[NR-eGR]  metal8   (8V)         12088      34 
[NR-eGR]  metal9   (9H)            15       6 
[NR-eGR]  metal10  (10V)           12       0 
[NR-eGR] -------------------------------------
[NR-eGR]           Total       613329  369818 
[NR-eGR] --------------------------------------------------------------------------
[NR-eGR] Total half perimeter of net bounding box: 483100um
[NR-eGR] Total length: 613329um, number of vias: 369818
[NR-eGR] --------------------------------------------------------------------------
[NR-eGR] Finished Early Global Route kernel ( CPU: 1.15 sec, Real: 0.51 sec, Curr Mem: 1.79 MB )
[NR-eGR] Finished Early Global Route ( CPU: 1.16 sec, Real: 0.52 sec, Curr Mem: 1.74 MB )
        Early Global Route - eGR only step done. (took cpu=0:00:01.2 real=0:00:00.6)
[hotspot] +----------------+-------------------+-------------------+-------------------------------------+
[hotspot] |      layer     |    max hotspot    |   total hotspot   |            hotspot bbox             |
[hotspot] +----------------+-------------------+-------------------+-------------------------------------+
[hotspot] |   metal3(H)    |              0.00 |              0.00 |   (none)                            |
[hotspot] |   metal4(V)    |              0.00 |              0.00 |   (none)                            |
[hotspot] +----------------+-------------------+-------------------+-------------------------------------+
[hotspot] |      worst     |              0.00 |              0.00 |                                     |
[hotspot] +----------------+-------------------+-------------------+-------------------------------------+
[hotspot] |   all layers   |              0.00 |              0.00 |                                     |
[hotspot] +----------------+-------------------+-------------------+-------------------------------------+
Local HotSpot Analysis (3d): normalized congestion max/total hotspot area = 0.00/0.00 (area is in unit of 4 std-cell row bins)
      Routing using eGR only done.
Net route status summary:
  Clock:       475 (unrouted=0, trialRouted=0, noStatus=0, routed=475, fixed=0, [crossesIlmBoundary=0, tooFewTerms=0, (crossesIlmBoundary AND tooFewTerms=0)], steiner=475)
  Non-clock: 41476 (unrouted=11239, trialRouted=30237, noStatus=0, routed=0, fixed=0, [crossesIlmBoundary=0, tooFewTerms=11239, (crossesIlmBoundary AND tooFewTerms=0)])

CCOPT: Done with clock implementation routing.

      Leaving CCOpt scope - Routing Tools done. (took cpu=0:00:01.5 real=0:00:00.8)
    Clock implementation routing done.
    Leaving CCOpt scope - Initializing placement interface...
    Leaving CCOpt scope - Initializing placement interface done. (took cpu=0:00:00.0 real=0:00:00.0)
    Calling post conditioning for eGRPC...
      eGRPC...
        eGRPC active optimizations:
         - Move Down
         - Downsizing before DRV sizing
         - DRV fixing with sizing
         - Move to fanout
         - Cloning
        
        Currently running CTS, using active skew data
        Loading clock net RC data...
        Preprocessing clock nets...
        Nets initialized for optimization: Seen: 475 Attempted: 475 Successful: 475 Unsuccessful: 0 Invalid: 0
        Preprocessing clock nets done. (took cpu=0:00:00.1 real=0:00:00.1)
        Loading clock net RC data done. (took cpu=0:00:00.1 real=0:00:00.1)
        ProEngine running disconnected to DB
        Disconnecting...
        Disconnecting Clock Trees
        Disconnecting done. (took cpu=0:00:00.0 real=0:00:00.0)
        Reset bufferability constraints...
        Resetting previous bufferability status on all nets so that eGRPC will attempt to fix all clock tree violations.
        Clock tree timing engine global stage delay update for WC:setup.late...
        Clock tree timing engine global stage delay update for WC:setup.late done. (took cpu=0:00:00.1 real=0:00:00.0)
        Reset bufferability constraints done. (took cpu=0:00:00.1 real=0:00:00.0)
        Clock DAG stats eGRPC initial state:
          cell counts      : b=474, i=0, icg=0, dcg=0, l=0, total=474
          sink counts      : regular=5207, enable_latch=0, load_capacitance=0, antenna=0, node_sink=0, port=0, total=5207
          misc counts      : r=1, pp=0, mci=0
          cell areas       : b=613.130um^2, i=0.000um^2, icg=0.000um^2, dcg=0.000um^2, l=0.000um^2, total=613.130um^2
          cell capacitance : b=671.418fF, i=0.000fF, icg=0.000fF, dcg=0.000fF, l=0.000fF, total=671.418fF
          sink capacitance : total=5154.338fF, avg=0.990fF, sd=0.029fF, min=0.950fF, max=1.026fF
          wire capacitance : top=0.000fF, trunk=498.005fF, leaf=1428.019fF, total=1926.024fF
          wire lengths     : top=0.000um, trunk=4655.150um, leaf=13126.930um, total=17782.080um
          hp wire lengths  : top=0.000um, trunk=4302.940um, leaf=7955.840um, total=12258.780um
        Clock DAG net violations eGRPC initial state:
          Remaining Transition : {count=1, worst=[0.001ns]} avg=0.001ns sd=0.000ns sum=0.001ns
        Clock DAG primary half-corner transition distribution eGRPC initial state:
          Trunk : target=0.019ns count=95 avg=0.015ns sd=0.003ns min=0.006ns max=0.020ns {7 <= 0.012ns, 41 <= 0.015ns, 24 <= 0.017ns, 10 <= 0.018ns, 12 <= 0.019ns} {1 <= 0.020ns, 0 <= 0.021ns, 0 <= 0.023ns, 0 <= 0.029ns, 0 > 0.029ns}
          Leaf  : target=0.019ns count=380 avg=0.017ns sd=0.001ns min=0.015ns max=0.019ns {0 <= 0.012ns, 7 <= 0.015ns, 208 <= 0.017ns, 136 <= 0.018ns, 29 <= 0.019ns}
        Clock DAG library cell distribution eGRPC initial state {count}:
           Bufs: CLKBUF_X3: 411 CLKBUF_X2: 61 CLKBUF_X1: 2 
        Primary reporting skew groups eGRPC initial state:
          skew_group clk/CON: insertion delay [min=0.199, max=0.221, avg=0.212, sd=0.006, skn=-0.697, kur=-0.544], skew [0.022 vs 0.034], 100% {0.199, 0.221} (wid=0.017 ws=0.013) (gid=0.214 gs=0.024)
        Skew group summary eGRPC initial state:
          skew_group clk/CON: insertion delay [min=0.199, max=0.221, avg=0.212, sd=0.006, skn=-0.697, kur=-0.544], skew [0.022 vs 0.034], 100% {0.199, 0.221} (wid=0.017 ws=0.013) (gid=0.214 gs=0.024)
        eGRPC Moving buffers...
          Modifying slew-target multiplier by 1
          Violation analysis...
          Violation analysis done. (took cpu=0:00:00.0 real=0:00:00.0)
          Moving buffers down: ...20% ...40% ...60% ...80% ...100% 
          
            Nodes to move:         1
            Processed:             1
            Moved (slew improved): 0
            Moved (slew fixed):    1
            Not moved:             0
          Restoring slew-target multiplier
          Clock DAG stats after 'eGRPC Moving buffers':
            cell counts      : b=474, i=0, icg=0, dcg=0, l=0, total=474
            sink counts      : regular=5207, enable_latch=0, load_capacitance=0, antenna=0, node_sink=0, port=0, total=5207
            misc counts      : r=1, pp=0, mci=0
            cell areas       : b=613.130um^2, i=0.000um^2, icg=0.000um^2, dcg=0.000um^2, l=0.000um^2, total=613.130um^2
            cell capacitance : b=671.418fF, i=0.000fF, icg=0.000fF, dcg=0.000fF, l=0.000fF, total=671.418fF
            sink capacitance : total=5154.338fF, avg=0.990fF, sd=0.029fF, min=0.950fF, max=1.026fF
            wire capacitance : top=0.000fF, trunk=498.463fF, leaf=1428.019fF, total=1926.482fF
            wire lengths     : top=0.000um, trunk=4655.150um, leaf=13126.930um, total=17782.080um
            hp wire lengths  : top=0.000um, trunk=4304.340um, leaf=7955.840um, total=12260.180um
          Clock DAG net violations after 'eGRPC Moving buffers': none
          Clock DAG primary half-corner transition distribution after 'eGRPC Moving buffers':
            Trunk : target=0.019ns count=95 avg=0.015ns sd=0.003ns min=0.006ns max=0.019ns {7 <= 0.012ns, 40 <= 0.015ns, 25 <= 0.017ns, 11 <= 0.018ns, 12 <= 0.019ns}
            Leaf  : target=0.019ns count=380 avg=0.017ns sd=0.001ns min=0.015ns max=0.019ns {0 <= 0.012ns, 7 <= 0.015ns, 208 <= 0.017ns, 136 <= 0.018ns, 29 <= 0.019ns}
          Clock DAG library cell distribution after 'eGRPC Moving buffers' {count}:
             Bufs: CLKBUF_X3: 411 CLKBUF_X2: 61 CLKBUF_X1: 2 
          Primary reporting skew groups after 'eGRPC Moving buffers':
            skew_group clk/CON: insertion delay [min=0.199, max=0.221], skew [0.022 vs 0.034]
          Skew group summary after 'eGRPC Moving buffers':
            skew_group clk/CON: insertion delay [min=0.199, max=0.221], skew [0.022 vs 0.034]
          Legalizer API calls during this step: 4 succeeded with high effort: 4 succeeded with medium effort: 0 succeeded with low effort: 0 succeeded with basic effort: 0 succeeded with basic unbounded effort: 0
        eGRPC Moving buffers done. (took cpu=0:00:00.1 real=0:00:00.1)
        eGRPC Initial Pass of Downsizing Clock Tree cells...
          Modifying slew-target multiplier by  Leaf:0.9 Trunk:0.9 Top:0.9
          Artificially removing short and long paths...
            Legalizer API calls during this step: 0 succeeded with high effort: 0 succeeded with medium effort: 0 succeeded with low effort: 0 succeeded with basic effort: 0 succeeded with basic unbounded effort: 0
          Artificially removing short and long paths done. (took cpu=0:00:00.0 real=0:00:00.0)
          Downsizing prefiltering...
          Downsizing prefiltering done.
          Prefiltering Summary : numPassedPreFiltering = 39, numSkippedDueToCloseToSlewTarget = 412, numSkippedDueToCloseToSkewTarget = 24
          Downsizing Pass 0...
          Resizing gates: ...20% ...40% ...60% ...80% ...100% 
          Downsizing Pass 0 done. (took cpu=0:00:00.1 real=0:00:00.0)
          Downsizing Pass Summary 0, attempted = 39, resized = 1, running total = 1
          Downsizing Pass 1...
          Resizing gates: ...20% ...40% ...60% ...80% ...100% 
          Downsizing Pass 1 done. (took cpu=0:00:00.0 real=0:00:00.0)
          Downsizing Pass Summary 1, attempted = 6, resized = 0, running total = 1
          DoDownSizing Summary : numSized = 1
          Restoring slew-target multiplier
          Clock DAG stats after 'eGRPC Initial Pass of Downsizing Clock Tree cells':
            cell counts      : b=474, i=0, icg=0, dcg=0, l=0, total=474
            sink counts      : regular=5207, enable_latch=0, load_capacitance=0, antenna=0, node_sink=0, port=0, total=5207
            misc counts      : r=1, pp=0, mci=0
            cell areas       : b=612.864um^2, i=0.000um^2, icg=0.000um^2, dcg=0.000um^2, l=0.000um^2, total=612.864um^2
            cell capacitance : b=671.403fF, i=0.000fF, icg=0.000fF, dcg=0.000fF, l=0.000fF, total=671.403fF
            sink capacitance : total=5154.338fF, avg=0.990fF, sd=0.029fF, min=0.950fF, max=1.026fF
            wire capacitance : top=0.000fF, trunk=498.463fF, leaf=1428.019fF, total=1926.482fF
            wire lengths     : top=0.000um, trunk=4655.150um, leaf=13126.930um, total=17782.080um
            hp wire lengths  : top=0.000um, trunk=4305.670um, leaf=7955.840um, total=12261.510um
          Clock DAG net violations after 'eGRPC Initial Pass of Downsizing Clock Tree cells': none
          Clock DAG primary half-corner transition distribution after 'eGRPC Initial Pass of Downsizing Clock Tree cells':
            Trunk : target=0.019ns count=95 avg=0.015ns sd=0.003ns min=0.006ns max=0.019ns {7 <= 0.012ns, 39 <= 0.015ns, 26 <= 0.017ns, 11 <= 0.018ns, 12 <= 0.019ns}
            Leaf  : target=0.019ns count=380 avg=0.017ns sd=0.001ns min=0.015ns max=0.019ns {0 <= 0.012ns, 7 <= 0.015ns, 208 <= 0.017ns, 136 <= 0.018ns, 29 <= 0.019ns}
          Clock DAG library cell distribution after 'eGRPC Initial Pass of Downsizing Clock Tree cells' {count}:
             Bufs: CLKBUF_X3: 410 CLKBUF_X2: 62 CLKBUF_X1: 2 
          Primary reporting skew groups after 'eGRPC Initial Pass of Downsizing Clock Tree cells':
            skew_group clk/CON: insertion delay [min=0.199, max=0.221], skew [0.022 vs 0.034]
          Skew group summary after 'eGRPC Initial Pass of Downsizing Clock Tree cells':
            skew_group clk/CON: insertion delay [min=0.199, max=0.221], skew [0.022 vs 0.034]
          Legalizer API calls during this step: 42 succeeded with high effort: 42 succeeded with medium effort: 0 succeeded with low effort: 0 succeeded with basic effort: 0 succeeded with basic unbounded effort: 0
        eGRPC Initial Pass of Downsizing Clock Tree cells done. (took cpu=0:00:00.2 real=0:00:00.2)
        eGRPC Fixing DRVs...
          Fixing clock tree DRVs: ...20% ...40% ...60% ...80% ...100% 
          CCOpt-eGRPC: considered: 475, tested: 475, violation detected: 0, violation ignored (due to small violation): 0, cannot run: 0, attempted: 0, unsuccessful: 0, sized: 0
          
          Statistics: Fix DRVs (cell sizing):
          ===================================
          
          Cell changes by Net Type:
          
          -------------------------------------------------------------------------------------------------
          Net Type    Attempted    Upsized     Downsized    Swapped Same Size    Total Changed    Not Sized
          -------------------------------------------------------------------------------------------------
          top                0            0           0            0                    0                0
          trunk              0            0           0            0                    0                0
          leaf               0            0           0            0                    0                0
          -------------------------------------------------------------------------------------------------
          Total              0            0           0            0                    0                0
          -------------------------------------------------------------------------------------------------
          
          Upsized: 0, Downsized: 0, Sized but same area: 0, Unchanged: 0, Area change: 0.000um^2 (0.000%)
          Max. move: 0.000um, Min. move: 0.000um, Avg. move: N/A
          
          Clock DAG stats after 'eGRPC Fixing DRVs':
            cell counts      : b=474, i=0, icg=0, dcg=0, l=0, total=474
            sink counts      : regular=5207, enable_latch=0, load_capacitance=0, antenna=0, node_sink=0, port=0, total=5207
            misc counts      : r=1, pp=0, mci=0
            cell areas       : b=612.864um^2, i=0.000um^2, icg=0.000um^2, dcg=0.000um^2, l=0.000um^2, total=612.864um^2
            cell capacitance : b=671.403fF, i=0.000fF, icg=0.000fF, dcg=0.000fF, l=0.000fF, total=671.403fF
            sink capacitance : total=5154.338fF, avg=0.990fF, sd=0.029fF, min=0.950fF, max=1.026fF
            wire capacitance : top=0.000fF, trunk=498.463fF, leaf=1428.019fF, total=1926.482fF
            wire lengths     : top=0.000um, trunk=4655.150um, leaf=13126.930um, total=17782.080um
            hp wire lengths  : top=0.000um, trunk=4305.670um, leaf=7955.840um, total=12261.510um
          Clock DAG net violations after 'eGRPC Fixing DRVs': none
          Clock DAG primary half-corner transition distribution after 'eGRPC Fixing DRVs':
            Trunk : target=0.019ns count=95 avg=0.015ns sd=0.003ns min=0.006ns max=0.019ns {7 <= 0.012ns, 39 <= 0.015ns, 26 <= 0.017ns, 11 <= 0.018ns, 12 <= 0.019ns}
            Leaf  : target=0.019ns count=380 avg=0.017ns sd=0.001ns min=0.015ns max=0.019ns {0 <= 0.012ns, 7 <= 0.015ns, 208 <= 0.017ns, 136 <= 0.018ns, 29 <= 0.019ns}
          Clock DAG library cell distribution after 'eGRPC Fixing DRVs' {count}:
             Bufs: CLKBUF_X3: 410 CLKBUF_X2: 62 CLKBUF_X1: 2 
          Primary reporting skew groups after 'eGRPC Fixing DRVs':
            skew_group clk/CON: insertion delay [min=0.199, max=0.221], skew [0.022 vs 0.034]
          Skew group summary after 'eGRPC Fixing DRVs':
            skew_group clk/CON: insertion delay [min=0.199, max=0.221], skew [0.022 vs 0.034]
          Legalizer API calls during this step: 0 succeeded with high effort: 0 succeeded with medium effort: 0 succeeded with low effort: 0 succeeded with basic effort: 0 succeeded with basic unbounded effort: 0
        eGRPC Fixing DRVs done. (took cpu=0:00:00.1 real=0:00:00.1)
        Reconnecting optimized routes...
        Reset timing graph...
Ignoring AAE DB Resetting ...
        Reset timing graph done.
        Reconnecting optimized routes done. (took cpu=0:00:00.1 real=0:00:00.1)
        Violation analysis...
        Violation analysis done. (took cpu=0:00:00.2 real=0:00:00.1)
        Reset timing graph...
Ignoring AAE DB Resetting ...
        Reset timing graph done.
        Clock DAG stats before routing clock trees:
          cell counts      : b=474, i=0, icg=0, dcg=0, l=0, total=474
          sink counts      : regular=5207, enable_latch=0, load_capacitance=0, antenna=0, node_sink=0, port=0, total=5207
          misc counts      : r=1, pp=0, mci=0
          cell areas       : b=612.864um^2, i=0.000um^2, icg=0.000um^2, dcg=0.000um^2, l=0.000um^2, total=612.864um^2
          cell capacitance : b=671.403fF, i=0.000fF, icg=0.000fF, dcg=0.000fF, l=0.000fF, total=671.403fF
          sink capacitance : total=5154.338fF, avg=0.990fF, sd=0.029fF, min=0.950fF, max=1.026fF
          wire capacitance : top=0.000fF, trunk=498.513fF, leaf=1428.019fF, total=1926.532fF
          wire lengths     : top=0.000um, trunk=4658.860um, leaf=13126.930um, total=17785.790um
          hp wire lengths  : top=0.000um, trunk=4305.670um, leaf=7955.840um, total=12261.510um
        Clock DAG net violations before routing clock trees: none
        Clock DAG primary half-corner transition distribution before routing clock trees:
          Trunk : target=0.019ns count=95 avg=0.015ns sd=0.003ns min=0.006ns max=0.019ns {7 <= 0.012ns, 39 <= 0.015ns, 26 <= 0.017ns, 11 <= 0.018ns, 12 <= 0.019ns}
          Leaf  : target=0.019ns count=380 avg=0.017ns sd=0.001ns min=0.015ns max=0.019ns {0 <= 0.012ns, 7 <= 0.015ns, 208 <= 0.017ns, 136 <= 0.018ns, 29 <= 0.019ns}
        Clock DAG library cell distribution before routing clock trees {count}:
           Bufs: CLKBUF_X3: 410 CLKBUF_X2: 62 CLKBUF_X1: 2 
        Primary reporting skew groups before routing clock trees:
          skew_group clk/CON: insertion delay [min=0.199, max=0.221, avg=0.212, sd=0.006, skn=-0.678, kur=-0.598], skew [0.022 vs 0.034], 100% {0.199, 0.221} (wid=0.017 ws=0.013) (gid=0.214 gs=0.024)
        Skew group summary before routing clock trees:
          skew_group clk/CON: insertion delay [min=0.199, max=0.221, avg=0.212, sd=0.006, skn=-0.678, kur=-0.598], skew [0.022 vs 0.034], 100% {0.199, 0.221} (wid=0.017 ws=0.013) (gid=0.214 gs=0.024)
        Legalizer API calls during this step: 46 succeeded with high effort: 46 succeeded with medium effort: 0 succeeded with low effort: 0 succeeded with basic effort: 0 succeeded with basic unbounded effort: 0
      eGRPC done.
    Calling post conditioning for eGRPC done.
  eGR Post Conditioning done.
  Refine place not called during Post Conditioning. Calling it now the eGR->PC Loop is complete.
  Leaving CCOpt scope - Cleaning up placement interface...
  Leaving CCOpt scope - Cleaning up placement interface done. (took cpu=0:00:00.1 real=0:00:00.0)
  Leaving CCOpt scope - ClockRefiner...
  Soft fixed 476 clock instances and 0 clock sinks.
  Performing Single Pass Refine Place.
*** Starting refinePlace (0:09:54 mem=3297.0M) ***
Total net bbox length = 4.831e+05 (2.414e+05 2.418e+05) (ext = 3.383e+04)
Move report: Detail placement moved 692 insts, mean move: 0.56 um, max move: 5.01 um 
	Max move on inst (u_frontend/u_decode/genblk1.u_fifo/g3325): (29.64, 152.88) --> (33.25, 154.28)
	Runtime: CPU: 0:00:01.3 REAL: 0:00:00.0 MEM: 3410.5MB
Summary Report:
Instances moved: 692 (out of 28969 movable)
Instances flipped: 0
Mean displacement: 0.56 um
Max displacement: 5.01 um (Instance: u_frontend/u_decode/genblk1.u_fifo/g3325) (29.64, 152.88) -> (33.25, 154.28)
	Length: 7 sites, height: 1 rows, site name: FreePDK45_38x28_10R_NP_162NW_34O, cell type: MUX2_X1
Physical-only instances moved: 0 (out of 0 movable physical-only)
Total net bbox length = 4.833e+05 (2.415e+05 2.418e+05) (ext = 3.383e+04)
Runtime: CPU: 0:00:01.3 REAL: 0:00:00.0 MEM: 3410.5MB
*** Finished refinePlace (0:09:55 mem=3410.5M) ***
  ClockRefiner summary
  All clock instances: Moved 113, flipped 9 and cell swapped 0 (out of a total of 5681).
  All Clock instances: Average move = 0.598um
  The largest move was 2.99 um for u_frontend/u_npc/BRANCH_PREDICTION.btb_is_call_q_reg[2].
  Restoring pStatusCts on 474 clock instances.
  Leaving CCOpt scope - ClockRefiner done. (took cpu=0:00:01.5 real=0:00:00.6)
  CCOpt::Phase::eGRPC done. (took cpu=0:00:04.2 real=0:00:02.4)
  CCOpt::Phase::Routing...
  Clock implementation routing...
    Leaving CCOpt scope - Routing Tools...
Net route status summary:
  Clock:       475 (unrouted=0, trialRouted=0, noStatus=0, routed=475, fixed=0, [crossesIlmBoundary=0, tooFewTerms=0, (crossesIlmBoundary AND tooFewTerms=0)], steiner=0)
  Non-clock: 41476 (unrouted=11239, trialRouted=30237, noStatus=0, routed=0, fixed=0, [crossesIlmBoundary=0, tooFewTerms=11239, (crossesIlmBoundary AND tooFewTerms=0)])
    Routing using eGR in eGR->NR Step...
      Early Global Route - eGR->Nr High Frequency step...
(ccopt eGR): There are 475 nets to be routed. 0 nets have skip routing designation.
(ccopt eGR): There are 475 nets for routing of which 475 have one or more fixed wires.
(ccopt eGR): Start to route 475 all nets
[PSP]    Started Early Global Route ( Curr Mem: 1.77 MB )
[PSP]    Started Early Global Route kernel ( Curr Mem: 1.77 MB )
[NR-eGR] Early global route reroute 475 out of 30712 routable nets
[NR-eGR] Track table information for default rule: 
[NR-eGR] metal1 has single uniform track structure
[NR-eGR] metal2 has single uniform track structure
[NR-eGR] metal3 has single uniform track structure
[NR-eGR] metal4 has single uniform track structure
[NR-eGR] metal5 has single uniform track structure
[NR-eGR] metal6 has single uniform track structure
[NR-eGR] metal7 has single uniform track structure
[NR-eGR] metal8 has single uniform track structure
[NR-eGR] metal9 has single uniform track structure
[NR-eGR] metal10 has single uniform track structure
[NR-eGR] Read 0 PG shapes
[NR-eGR] Read 0 clock shapes
[NR-eGR] Read 0 other shapes
[NR-eGR] #Routing Blockages  : 0
[NR-eGR] #Bump Blockages     : 0
[NR-eGR] #Instance Blockages : 0
[NR-eGR] #PG Blockages       : 0
[NR-eGR] #Halo Blockages     : 0
[NR-eGR] #Boundary Blockages : 0
[NR-eGR] #Clock Blockages    : 0
[NR-eGR] #Other Blockages    : 0
[NR-eGR] #prerouted nets         : 0
[NR-eGR] #prerouted special nets : 0
[NR-eGR] #prerouted wires        : 0
[NR-eGR] Read 30712 nets ( ignored 30237 )
[NR-eGR] Connected 0 must-join pins/ports (pre-process)
[NR-eGR] #via pillars        : 0
[NR-eGR] #must join all port : 0
[NR-eGR] #multiple ports     : 0
[NR-eGR] #has must join      : 0
[NR-eGR] Handle net priority by net group ordering
[NR-eGR] There are 475 clock nets ( 475 with NDR ).
[NR-eGR] == Routing rule table ==
[NR-eGR]  ID  Name  #Nets 
[NR-eGR] -----------------
[NR-eGR]   0          475 
[NR-eGR] Layer group 1: route 475 net(s) in layer range [3, 4]
[NR-eGR] Early Global Route overflow of layer group 1: 0.00% H + 0.00% V. EstWL: 1.721300e+04um
[NR-eGR] Create a new net group with 10 nets and layer range [3, 6]
[NR-eGR] Layer group 2: route 10 net(s) in layer range [3, 6]
[NR-eGR] Early Global Route overflow of layer group 2: 0.00% H + 0.00% V. EstWL: 1.780940e+04um
[NR-eGR] Create a new net group with 2 nets and layer range [2, 6]
[NR-eGR] Layer group 3: route 2 net(s) in layer range [2, 6]
[NR-eGR] Early Global Route overflow of layer group 3: 0.00% H + 0.00% V. EstWL: 1.796060e+04um
[NR-eGR] Congestion Analysis By layer: (blocked Gcells are excluded) 
[NR-eGR]                        OverCon            
[NR-eGR]                         #Gcell     %Gcell
[NR-eGR]        Layer             (1-0)    OverCon
[NR-eGR] ----------------------------------------------
[NR-eGR]  metal1 ( 1)         0( 0.00%)   ( 0.00%) 
[NR-eGR]  metal2 ( 2)         0( 0.00%)   ( 0.00%) 
[NR-eGR]  metal3 ( 3)         0( 0.00%)   ( 0.00%) 
[NR-eGR]  metal4 ( 4)         0( 0.00%)   ( 0.00%) 
[NR-eGR]  metal5 ( 5)         0( 0.00%)   ( 0.00%) 
[NR-eGR]  metal6 ( 6)         0( 0.00%)   ( 0.00%) 
[NR-eGR]  metal7 ( 7)         0( 0.00%)   ( 0.00%) 
[NR-eGR]  metal8 ( 8)         0( 0.00%)   ( 0.00%) 
[NR-eGR]  metal9 ( 9)         0( 0.00%)   ( 0.00%) 
[NR-eGR] metal10 (10)         0( 0.00%)   ( 0.00%) 
[NR-eGR] ----------------------------------------------
[NR-eGR]        Total         0( 0.00%)   ( 0.00%) 
[NR-eGR] 
[NR-eGR] Overflow after Early Global Route 0.00% H + 0.00% V
[NR-eGR] Connected 0 must-join pins/ports (post-process)
[NR-eGR] Total eGR-routed clock nets wire length: 17796um, number of vias: 15822
[NR-eGR] --------------------------------------------------------------------------
[NR-eGR] Report for selected net(s) only.
[NR-eGR]                  Length (um)   Vias 
[NR-eGR] ------------------------------------
[NR-eGR]  metal1   (1H)             0   6155 
[NR-eGR]  metal2   (2V)          5398   7086 
[NR-eGR]  metal3   (3H)          7900   2574 
[NR-eGR]  metal4   (4V)          4481      7 
[NR-eGR]  metal5   (5H)            17      0 
[NR-eGR]  metal6   (6V)             0      0 
[NR-eGR]  metal7   (7H)             0      0 
[NR-eGR]  metal8   (8V)             0      0 
[NR-eGR]  metal9   (9H)             0      0 
[NR-eGR]  metal10  (10V)            0      0 
[NR-eGR] ------------------------------------
[NR-eGR]           Total        17796  15822 
[NR-eGR] --------------------------------------------------------------------------
[NR-eGR] Total half perimeter of net bounding box: 12214um
[NR-eGR] Total length: 17796um, number of vias: 15822
[NR-eGR] --------------------------------------------------------------------------
[NR-eGR] Total routed clock nets wire length: 17796um, number of vias: 15822
[NR-eGR] --------------------------------------------------------------------------
[NR-eGR]                  Length (um)    Vias 
[NR-eGR] -------------------------------------
[NR-eGR]  metal1   (1H)             0  123981 
[NR-eGR]  metal2   (2V)        118729  154170 
[NR-eGR]  metal3   (3H)        212971   58737 
[NR-eGR]  metal4   (4V)         90760   16902 
[NR-eGR]  metal5   (5H)         75229   13419 
[NR-eGR]  metal6   (6V)         90801    1828 
[NR-eGR]  metal7   (7H)         12738     741 
[NR-eGR]  metal8   (8V)         12088      34 
[NR-eGR]  metal9   (9H)            15       6 
[NR-eGR]  metal10  (10V)           12       0 
[NR-eGR] -------------------------------------
[NR-eGR]           Total       613343  369818 
[NR-eGR] --------------------------------------------------------------------------
[NR-eGR] Total half perimeter of net bounding box: 483291um
[NR-eGR] Total length: 613343um, number of vias: 369818
[NR-eGR] --------------------------------------------------------------------------
[NR-eGR] Finished Early Global Route kernel ( CPU: 1.25 sec, Real: 0.52 sec, Curr Mem: 1.81 MB )
[NR-eGR] Finished Early Global Route ( CPU: 1.26 sec, Real: 0.53 sec, Curr Mem: 1.76 MB )
      Early Global Route - eGR->Nr High Frequency step done. (took cpu=0:00:01.3 real=0:00:00.6)
[hotspot] +----------------+-------------------+-------------------+-------------------------------------+
[hotspot] |      layer     |    max hotspot    |   total hotspot   |            hotspot bbox             |
[hotspot] +----------------+-------------------+-------------------+-------------------------------------+
[hotspot] |   metal3(H)    |              0.00 |              0.00 |   (none)                            |
[hotspot] |   metal4(V)    |              0.00 |              0.00 |   (none)                            |
[hotspot] +----------------+-------------------+-------------------+-------------------------------------+
[hotspot] |      worst     |              0.00 |              0.00 |                                     |
[hotspot] +----------------+-------------------+-------------------+-------------------------------------+
[hotspot] |   all layers   |              0.00 |              0.00 |                                     |
[hotspot] +----------------+-------------------+-------------------+-------------------------------------+
Local HotSpot Analysis (3d): normalized congestion max/total hotspot area = 0.00/0.00 (area is in unit of 4 std-cell row bins)
    Routing using eGR in eGR->NR Step done.
    Routing using NR in eGR->NR Step...

CCOPT: Preparing to route 475 clock nets with NanoRoute.
  All net are default rule.
  Preferred NanoRoute mode settings: Current
      Clock detailed routing...
        NanoRoute...
#% Begin globalDetailRoute (date=06/08 11:10:29, mem=3299.1M)

globalDetailRoute

#Start globalDetailRoute on Mon Jun  8 11:10:29 2026
#
#WARNING (NRDB-733) PIN Y in CELL_VIEW LOGIC0_X1 does not have a physical port. NanoRoute will not route to the pin. To resolve this issue, check that the pin shapes exist in the LEF abstract.
#WARNING (NRDB-733) PIN Y in CELL_VIEW LOGIC1_X1 does not have a physical port. NanoRoute will not route to the pin. To resolve this issue, check that the pin shapes exist in the LEF abstract.
#WARNING (NRDB-2120) Special net VSS is missing wiring shapes, will disable tie-net connections to this net.
#WARNING (NRIG-100) Ignoring auto generated timing constraints when routeWithTimingDriven set to false.
#NanoRoute Version 25.12-s079_1 NR251112-0044/25_12-UB
#
#Wire/Via statistics before line assignment ...
#Total number of nets with non-default rule or having extra spacing = 475
#
#  Routing Statistics
#
#----------------+-----------+------+
#  Layer         | Length(um)|  Vias|
#----------------+-----------+------+
#  active ( 0H)  |          0|     0|
#  metal1 ( 1H)  |          0|  6155|
#  metal2 ( 2V)  |       5398|  7086|
#  metal3 ( 3H)  |       7900|  2574|
#  metal4 ( 4V)  |       4481|     7|
#  metal5 ( 5H)  |         17|     0|
#  metal6 ( 6V)  |          0|     0|
#  metal7 ( 7H)  |          0|     0|
#  metal8 ( 8V)  |          0|     0|
#  metal9 ( 9H)  |          0|     0|
#  metal10 (10V) |          0|     0|
#----------------+-----------+------+
#  Total         |      17796| 15822|
#----------------+-----------+------+
#
# Total half perimeter of net bounding box: 12507 um.
#Set instance access analysis scope -5.60000,  4.90000, 309.18000, 309.12000
#Start routing data preparation on Mon Jun  8 11:10:30 2026
#
#Rebuild pin access data for design.
#Initial pin access analysis.
#Detail pin access analysis.
#Done pin access analysis.
# metal1       H   Track-Pitch = 0.14000    Line-2-Via Pitch = 0.13500
# metal2       V   Track-Pitch = 0.19000    Line-2-Via Pitch = 0.14000
# metal3       H   Track-Pitch = 0.14000    Line-2-Via Pitch = 0.14000
# metal4       V   Track-Pitch = 0.28000    Line-2-Via Pitch = 0.28000
# metal5       H   Track-Pitch = 0.28000    Line-2-Via Pitch = 0.28000
# metal6       V   Track-Pitch = 0.28000    Line-2-Via Pitch = 0.28000
# metal7       H   Track-Pitch = 0.84000    Line-2-Via Pitch = 0.80000
# metal8       V   Track-Pitch = 0.84000    Line-2-Via Pitch = 0.80000
# metal9       H   Track-Pitch = 1.60000    Line-2-Via Pitch = 1.60000
# metal10      V   Track-Pitch = 1.68000    Line-2-Via Pitch = 1.60000
#shield_layer  1: layer_id= 2 shield_wire_on_grid=1 shield_via_on_grid=1 is_hard_wire_on_grid=0 allow_ww=0
#shield_layer  2: layer_id= 4 shield_wire_on_grid=1 shield_via_on_grid=1 is_hard_wire_on_grid=0 allow_ww=0
#shield_layer  3: layer_id= 6 shield_wire_on_grid=1 shield_via_on_grid=1 is_hard_wire_on_grid=0 allow_ww=0
#shield_layer  4: layer_id= 8 shield_wire_on_grid=1 shield_via_on_grid=1 is_hard_wire_on_grid=0 allow_ww=0
#shield_layer  5: layer_id=10 shield_wire_on_grid=1 shield_via_on_grid=1 is_hard_wire_on_grid=0 allow_ww=0
#shield_layer  6: layer_id=12 shield_wire_on_grid=1 shield_via_on_grid=1 is_hard_wire_on_grid=0 allow_ww=0
#shield_layer  7: layer_id=14 shield_wire_on_grid=1 shield_via_on_grid=1 is_hard_wire_on_grid=0 allow_ww=0
#shield_layer  8: layer_id=16 shield_wire_on_grid=1 shield_via_on_grid=1 is_hard_wire_on_grid=0 allow_ww=0
#shield_layer  9: layer_id=18 shield_wire_on_grid=1 shield_via_on_grid=1 is_hard_wire_on_grid=0 allow_ww=0
#shield_layer 10: layer_id=20 shield_wire_on_grid=1 shield_via_on_grid=1 is_hard_wire_on_grid=0 allow_ww=0
#Bottom routing layer index=2(metal2), bottom routing layer for shielding=2(metal2), bottom shield layer=2(metal2) top shield layer=10(metal10)
#shield_bottom_stripe_layer=1(metal1), shield_top_stripe_layer=10(metal10)
#pin_access_rlayer=2(metal2) num_routing_layer=10 top_routing_layer=10 top_ripin_layer=10
#shield_top_dpt_rlayer=-1 top_rlayer=10 top_trim_metal_rlayer=-1 rlayer_lowest=1 bottom_rlayer=2
#enable_trim_layer_shield=F enable_dpt_layer_shield=F has_line_end_grid=F
#cpu time = 00:00:00, elapsed time = 00:00:00, memory = 3318.78 (MB), peak = 4286.61 (MB)
#Regenerating Ggrids automatically.
#Auto generating G-grids with size=15 tracks, using layer metal3's pitch = 0.14000.
#Using automatically generated G-grids.
#Done routing data preparation.
#cpu time = 00:00:02, elapsed time = 00:00:00, memory = 3330.78 (MB), peak = 4286.61 (MB)
#Set instance access analysis scope -5.60000,  4.90000, 309.18000, 309.12000
Updating RC Grid density data for preRoute extraction ...
Initializing multi-corner resistance tables ...
#
#Distribution of nets:
#  
# #pin range           #net       % 
#------------------------------------
#          2           18302 ( 43.6%)
#          3            5498 ( 13.1%)
#          4            1711 (  4.1%)
#          5            1226 (  2.9%)
#          6            1486 (  3.5%)
#          7             222 (  0.5%)
#          8             233 (  0.6%)
#          9             144 (  0.3%)
#  10  -  19             995 (  2.4%)
#  20  -  29             201 (  0.5%)
#  30  -  39             554 (  1.3%)
#  40  -  49              73 (  0.2%)
#  50  -  59              38 (  0.1%)
#  60  -  69              20 (  0.0%)
#  70  -  79               9 (  0.0%)
#     >=2000               0 (  0.0%)
#
#Total: 41951 nets, 30712 non-trivial nets
#                                    #net       % 
#-------------------------------------------------
#  Fully global routed                475 ( 1.5%)
#  Clock                              475
#  Extra space                        475
#  Prefer layer range               30712
#
#Nets in 3 layer ranges:
#  Bottom Pref.Layer    Top Pref.Layer       #net       % 
#---------------------------------------------------------
#            -------           metal8*      30235 ( 98.4%)
#             metal3           metal4         475 (  1.5%)
#             metal4          -------           2 (  0.0%)
#
#475 nets selected.
#
#
#..
#
#Iteration 1.1: cpu:00:00:00, real:00:00:00, mem:3.3 GB, peak:4.2 GB --2.68 [16]--
#Iteration 1.2: cpu:00:00:00, real:00:00:00, mem:3.3 GB, peak:4.2 GB --1.60 [16]--
#Iteration 1.3: cpu:00:00:00, real:00:00:00, mem:3.3 GB, peak:4.2 GB --1.56 [16]--
#Iteration 1.4: cpu:00:00:00, real:00:00:00, mem:3.3 GB, peak:4.2 GB --1.49 [16]--
#Iteration 2.1: cpu:00:00:00, real:00:00:00, mem:3.3 GB, peak:4.2 GB --2.66 [16]--
#Iteration 2.2: cpu:00:00:00, real:00:00:00, mem:3.3 GB, peak:4.2 GB --1.62 [16]--
#Iteration 2.3: cpu:00:00:00, real:00:00:00, mem:3.3 GB, peak:4.2 GB --1.58 [16]--
#Iteration 2.4: cpu:00:00:00, real:00:00:00, mem:3.3 GB, peak:4.2 GB --1.52 [16]--
#Iteration 3.1: cpu:00:00:00, real:00:00:00, mem:3.3 GB, peak:4.2 GB --2.47 [16]--
#Iteration 3.2: cpu:00:00:00, real:00:00:00, mem:3.3 GB, peak:4.2 GB --1.54 [16]--
#Iteration 3.3: cpu:00:00:00, real:00:00:00, mem:3.3 GB, peak:4.2 GB --1.55 [16]--
#Iteration 3.4: cpu:00:00:00, real:00:00:00, mem:3.3 GB, peak:4.2 GB --1.49 [16]--
#
#Line Assignment statistics:
#Cpu time = 00:00:02
#Elapsed time = 00:00:01
#Increased memory = 7.00 (MB)
#Total memory = 3372.33 (MB)
#Peak memory = 4286.61 (MB)
#End Line Assignment: cpu:00:00:02, real:00:00:01, mem:3.3 GB, peak:4.2 GB --2.27 [16]--
#
#Wire/Via statistics after line assignment ...
#Total number of nets with non-default rule or having extra spacing = 475
#
#  Routing Statistics
#
#----------------+-----------+------+
#  Layer         | Length(um)|  Vias|
#----------------+-----------+------+
#  active ( 0H)  |          0|     0|
#  metal1 ( 1H)  |          0|  6155|
#  metal2 ( 2V)  |       6095|  6608|
#  metal3 ( 3H)  |       7804|  1620|
#  metal4 ( 4V)  |       4090|     4|
#  metal5 ( 5H)  |         16|     0|
#  metal6 ( 6V)  |          0|     0|
#  metal7 ( 7H)  |          0|     0|
#  metal8 ( 8V)  |          0|     0|
#  metal9 ( 9H)  |          0|     0|
#  metal10 (10V) |          0|     0|
#----------------+-----------+------+
#  Total         |      18005| 14387|
#----------------+-----------+------+
#
# Total half perimeter of net bounding box: 12507 um.
#Routing data preparation, pin analysis, line assignment statistics:
#Cpu time = 00:00:04
#Elapsed time = 00:00:02
#Increased memory = 15.22 (MB)
#Total memory = 3330.62 (MB)
#Peak memory = 4286.61 (MB)
#Skip comparing routing design signature in db-snapshot flow
#Inside shield_view_init(), force=1, the_init_status=0
#The shielding rule is LEF_DEFAULT
#Turn off shielding eco because there is no existing shielding wire
#Using multithreading with 16 threads.
#Set instance access analysis scope -5.60000  4.90000 309.18000 309.12000
#Set instance access analysis scope -5.60000  4.90000 309.18000 309.12000
#Set instance access analysis scope -5.60000  4.90000 309.18000 309.12000
#Set instance access analysis scope -5.60000  4.90000 309.18000 309.12000
#
#Start Detail Routing..
#start initial detail routing ...
#   number of violations = 0
#cpu time = 00:00:11, elapsed time = 00:00:01, memory = 3383.50 (MB), peak = 4286.61 (MB)
#Complete Detail Routing.
#Total number of nets with non-default rule or having extra spacing = 475
#
#  Routing Statistics
#
#----------------+-----------+------+
#  Layer         | Length(um)|  Vias|
#----------------+-----------+------+
#  active ( 0H)  |          0|     0|
#  metal1 ( 1H)  |          0|  6156|
#  metal2 ( 2V)  |       3706|  5610|
#  metal3 ( 3H)  |       8632|  3512|
#  metal4 ( 4V)  |       6285|     4|
#  metal5 ( 5H)  |         16|     0|
#  metal6 ( 6V)  |          0|     0|
#  metal7 ( 7H)  |          0|     0|
#  metal8 ( 8V)  |          0|     0|
#  metal9 ( 9H)  |          0|     0|
#  metal10 (10V) |          0|     0|
#----------------+-----------+------+
#  Total         |      18638| 15282|
#----------------+-----------+------+
#
# Total half perimeter of net bounding box: 12507 um.
#Total number of DRC violations = 0
#Cpu time = 00:00:11
#Elapsed time = 00:00:01
#Increased memory = 21.03 (MB)
#Total memory = 3351.64 (MB)
#Peak memory = 4286.61 (MB)
#detailRoute Statistics:
#Cpu time = 00:00:11
#Elapsed time = 00:00:01
#Increased memory = 21.03 (MB)
#Total memory = 3351.64 (MB)
#Peak memory = 4286.61 (MB)
Extracting standard cell pins and blockage ...... 
Pin and blockage extraction finished
#
#globalDetailRoute statistics:
#Cpu time = 00:00:17
#Elapsed time = 00:00:03
#Increased memory = 54.35 (MB)
#Total memory = 3353.42 (MB)
#Peak memory = 4286.61 (MB)
#Number of warnings = 4
#Total number of warnings = 6
#Number of fails = 0
#Total number of fails = 0
#Complete globalDetailRoute on Mon Jun  8 11:10:33 2026
#
#
#  Scalability Statistics
#
#-------------------------+---------+-------------+------------+
#  globalDetailRoute      | cpu time| elapsed time| scalability|
#-------------------------+---------+-------------+------------+
#  Pre Callback           | 00:00:00|     00:00:00|         1.0|
#  Post Callback          | 00:00:00|     00:00:00|         1.0|
#  Timing Data Generation | 00:00:00|     00:00:00|         1.0|
#  DB Import              | 00:00:01|     00:00:00|         1.0|
#  DB Export              | 00:00:01|     00:00:00|         1.0|
#  Cell Pin Access        | 00:00:01|     00:00:00|         1.0|
#  Data Preparation       | 00:00:01|     00:00:00|         1.0|
#  Line Assignment        | 00:00:02|     00:00:01|         2.2|
#  Detail Routing         | 00:00:11|     00:00:01|         1.0|
#  Entire Command         | 00:00:17|     00:00:03|         5.0|
#-------------------------+---------+-------------+------------+
#
#% End globalDetailRoute (date=06/08 11:10:33, total cpu=0:00:16.8, real=0:00:04.0, peak res=3339.0M, current mem=3339.0M)
        NanoRoute done. (took cpu=0:00:16.9 real=0:00:03.6)
      Clock detailed routing done.
Skipping check of guided vs. routed net lengths.
Set FIXED routing status on 475 net(s)
Set FIXED placed status on 5681 instance(s)
      Route Remaining Unrouted Nets...
Running earlyGlobalRoute to complete any remaining unrouted nets.
Updating RC Grid density data for preRoute extraction ...
Initializing multi-corner resistance tables ...
[NR-eGR] Started Early Global Route ( Curr Mem: 1.42 MB )
[NR-eGR] Started Early Global Route kernel ( Curr Mem: 1.42 MB )
[NR-eGR] Early global route reroute all routable nets
[NR-eGR] Track table information for default rule: 
[NR-eGR] metal1 has single uniform track structure
[NR-eGR] metal2 has single uniform track structure
[NR-eGR] metal3 has single uniform track structure
[NR-eGR] metal4 has single uniform track structure
[NR-eGR] metal5 has single uniform track structure
[NR-eGR] metal6 has single uniform track structure
[NR-eGR] metal7 has single uniform track structure
[NR-eGR] metal8 has single uniform track structure
[NR-eGR] metal9 has single uniform track structure
[NR-eGR] metal10 has single uniform track structure
[NR-eGR] Read 0 PG shapes
[NR-eGR] Read 0 clock shapes
[NR-eGR] Read 0 other shapes
[NR-eGR] #Routing Blockages  : 0
[NR-eGR] #Bump Blockages     : 0
[NR-eGR] #Instance Blockages : 0
[NR-eGR] #PG Blockages       : 0
[NR-eGR] #Halo Blockages     : 0
[NR-eGR] #Boundary Blockages : 0
[NR-eGR] #Clock Blockages    : 0
[NR-eGR] #Other Blockages    : 0
[NR-eGR] #prerouted nets         : 475
[NR-eGR] #prerouted special nets : 0
[NR-eGR] #prerouted wires        : 16207
[NR-eGR] Read 30712 nets ( ignored 475 )
[NR-eGR] Handle net priority by net group ordering
[NR-eGR] == Routing rule table ==
[NR-eGR]  ID  Name       #Nets 
[NR-eGR] ----------------------
[NR-eGR]   1  (Default)  30237 
[NR-eGR] Layer group 1: route 30237 net(s) in layer range [2, 10]
[NR-eGR] Early Global Route overflow of layer group 1: 0.01% H + 0.01% V. EstWL: 5.711188e+05um
[NR-eGR] Congestion Analysis By layer: (blocked Gcells are excluded) 
[NR-eGR]                        OverCon           OverCon            
[NR-eGR]                         #Gcell            #Gcell     %Gcell
[NR-eGR]        Layer             (1-2)               (3)    OverCon
[NR-eGR] ---------------------------------------------------------------
[NR-eGR]  metal1 ( 1)         0( 0.00%)         0( 0.00%)   ( 0.00%) 
[NR-eGR]  metal2 ( 2)       241( 0.48%)         2( 0.00%)   ( 0.48%) 
[NR-eGR]  metal3 ( 3)        53( 0.10%)         1( 0.00%)   ( 0.11%) 
[NR-eGR]  metal4 ( 4)       114( 0.23%)         3( 0.01%)   ( 0.23%) 
[NR-eGR]  metal5 ( 5)        29( 0.06%)         0( 0.00%)   ( 0.06%) 
[NR-eGR]  metal6 ( 6)        17( 0.03%)         0( 0.00%)   ( 0.03%) 
[NR-eGR]  metal7 ( 7)         4( 0.01%)         1( 0.00%)   ( 0.01%) 
[NR-eGR]  metal8 ( 8)         0( 0.00%)         0( 0.00%)   ( 0.00%) 
[NR-eGR]  metal9 ( 9)         0( 0.00%)         0( 0.00%)   ( 0.00%) 
[NR-eGR] metal10 (10)         0( 0.00%)         0( 0.00%)   ( 0.00%) 
[NR-eGR] ---------------------------------------------------------------
[NR-eGR]        Total       458( 0.10%)         7( 0.00%)   ( 0.11%) 
[NR-eGR] 
[NR-eGR] Overflow after Early Global Route 0.02% H + 0.01% V
[NR-eGR] Connected 0 must-join pins/ports (post-process)
[NR-eGR] Total eGR-routed clock nets wire length: 0um, number of vias: 0
[NR-eGR] --------------------------------------------------------------------------
[NR-eGR]                  Length (um)    Vias 
[NR-eGR] -------------------------------------
[NR-eGR]  metal1   (1H)             0  123982 
[NR-eGR]  metal2   (2V)        147838  169221 
[NR-eGR]  metal3   (3H)        224336   30117 
[NR-eGR]  metal4   (4V)         81385   11274 
[NR-eGR]  metal5   (5H)         65884    7696 
[NR-eGR]  metal6   (6V)         73627    1159 
[NR-eGR]  metal7   (7H)         10414     484 
[NR-eGR]  metal8   (8V)          9500      28 
[NR-eGR]  metal9   (9H)            13       6 
[NR-eGR]  metal10  (10V)           11       0 
[NR-eGR] -------------------------------------
[NR-eGR]           Total       613008  343967 
[NR-eGR] --------------------------------------------------------------------------
[NR-eGR] Total half perimeter of net bounding box: 483625um
[NR-eGR] Total length: 613008um, number of vias: 343967
[NR-eGR] --------------------------------------------------------------------------
[NR-eGR] Finished Early Global Route kernel ( CPU: 9.67 sec, Real: 1.51 sec, Curr Mem: 1.49 MB )
[NR-eGR] Finished Early Global Route ( CPU: 9.70 sec, Real: 1.54 sec, Curr Mem: 1.40 MB )
      Route Remaining Unrouted Nets done. (took cpu=0:00:09.8 real=0:00:01.6)
    Routing using NR in eGR->NR Step done.
Net route status summary:
  Clock:       475 (unrouted=0, trialRouted=0, noStatus=0, routed=0, fixed=475, [crossesIlmBoundary=0, tooFewTerms=0, (crossesIlmBoundary AND tooFewTerms=0)], steiner=0)
  Non-clock: 41476 (unrouted=11239, trialRouted=30237, noStatus=0, routed=0, fixed=0, [crossesIlmBoundary=0, tooFewTerms=11239, (crossesIlmBoundary AND tooFewTerms=0)])

CCOPT: Done with clock implementation routing.

    Leaving CCOpt scope - Routing Tools done. (took cpu=0:00:28.4 real=0:00:06.1)
  Clock implementation routing done.
  Leaving CCOpt scope - extractRC...
  Updating RC parasitics by calling: "extractRC -noRouteCheck"...
Extraction called for design 'riscv_core' of instances=28969 and nets=41951 using extraction engine 'preRoute' .
PreRoute RC Extraction called for design riscv_core.
RC Extraction called in multi-corner(2) mode.
RCMode: PreRoute
      RC Corner Indexes            0       1   
Capacitance Scaling Factor   : 1.00000 1.00000 
Resistance Scaling Factor    : 1.00000 1.00000 
Clock Cap. Scaling Factor    : 1.00000 1.00000 
Clock Res. Scaling Factor    : 1.00000 1.00000 
Shrink Factor                : 1.00000
PreRoute extraction is honoring NDR/Shielding/ExtraSpace for clock nets.
Using Quantus QRC technology file ...
Updating RC Grid density data for preRoute extraction ...
Initializing multi-corner resistance tables ...
PreRoute RC Extraction DONE (CPU Time: 0:00:00.4  Real Time: 0:00:00.0  MEM: 3331.688M)
  Updating RC parasitics by calling: "extractRC -noRouteCheck" done.
  Leaving CCOpt scope - extractRC done. (took cpu=0:00:00.4 real=0:00:00.3)
  Clock tree timing engine global stage delay update for WC:setup.late...
  Clock tree timing engine global stage delay update for WC:setup.late done. (took cpu=0:00:00.2 real=0:00:00.1)
  Clock DAG stats after routing clock trees:
    cell counts      : b=474, i=0, icg=0, dcg=0, l=0, total=474
    sink counts      : regular=5207, enable_latch=0, load_capacitance=0, antenna=0, node_sink=0, port=0, total=5207
    misc counts      : r=1, pp=0, mci=0
    cell areas       : b=612.864um^2, i=0.000um^2, icg=0.000um^2, dcg=0.000um^2, l=0.000um^2, total=612.864um^2
    cell capacitance : b=671.403fF, i=0.000fF, icg=0.000fF, dcg=0.000fF, l=0.000fF, total=671.403fF
    sink capacitance : total=5154.338fF, avg=0.990fF, sd=0.029fF, min=0.950fF, max=1.026fF
    wire capacitance : top=0.000fF, trunk=498.997fF, leaf=1509.382fF, total=2008.379fF
    wire lengths     : top=0.000um, trunk=4693.660um, leaf=13944.595um, total=18638.255um
    hp wire lengths  : top=0.000um, trunk=4305.670um, leaf=7963.950um, total=12269.620um
  Clock DAG net violations after routing clock trees: none
  Clock DAG primary half-corner transition distribution after routing clock trees:
    Trunk : target=0.019ns count=95 avg=0.015ns sd=0.003ns min=0.006ns max=0.019ns {7 <= 0.012ns, 38 <= 0.015ns, 27 <= 0.017ns, 10 <= 0.018ns, 13 <= 0.019ns}
    Leaf  : target=0.019ns count=380 avg=0.017ns sd=0.001ns min=0.015ns max=0.019ns {0 <= 0.012ns, 5 <= 0.015ns, 190 <= 0.017ns, 141 <= 0.018ns, 44 <= 0.019ns}
  Clock DAG library cell distribution after routing clock trees {count}:
     Bufs: CLKBUF_X3: 410 CLKBUF_X2: 62 CLKBUF_X1: 2 
  Primary reporting skew groups after routing clock trees:
    skew_group clk/CON: insertion delay [min=0.198, max=0.220, avg=0.211, sd=0.006, skn=-0.642, kur=-0.646], skew [0.022 vs 0.034], 100% {0.198, 0.220} (wid=0.017 ws=0.013) (gid=0.214 gs=0.024)
  Skew group summary after routing clock trees:
    skew_group clk/CON: insertion delay [min=0.198, max=0.220, avg=0.211, sd=0.006, skn=-0.642, kur=-0.646], skew [0.022 vs 0.034], 100% {0.198, 0.220} (wid=0.017 ws=0.013) (gid=0.214 gs=0.024)
  CCOpt::Phase::Routing done. (took cpu=0:00:29.1 real=0:00:06.6)
  CCOpt::Phase::PostConditioning...
  Leaving CCOpt scope - Initializing placement interface...
  Leaving CCOpt scope - Initializing placement interface done. (took cpu=0:00:00.1 real=0:00:00.0)
  PostConditioning...
    PostConditioning active optimizations:
     - DRV fixing with initial upsizing, sizing and buffering
     - Skew fixing with sizing
    
    Currently running CTS, using active skew data
    ProEngine running partially connected to DB
    Reset bufferability constraints...
    Resetting previous bufferability status on all nets so that PostConditioning will attempt to fix all clock tree violations.
    Reset bufferability constraints done. (took cpu=0:00:00.0 real=0:00:00.0)
    PostConditioning Upsizing To Fix DRVs...
      Fixing clock tree DRVs with upsizing: ...20% ...40% ...60% ...80% ...100% 
      CCOpt-PostConditioning: considered: 475, tested: 475, violation detected: 0, violation ignored (due to small violation): 0, cannot run: 0, attempted: 0, unsuccessful: 0, sized: 0
      
      Statistics: Fix DRVs (initial upsizing):
      ========================================
      
      Cell changes by Net Type:
      
      -------------------------------------------------------------------------------------------------
      Net Type    Attempted    Upsized     Downsized    Swapped Same Size    Total Changed    Not Sized
      -------------------------------------------------------------------------------------------------
      top                0            0           0            0                    0                0
      trunk              0            0           0            0                    0                0
      leaf               0            0           0            0                    0                0
      -------------------------------------------------------------------------------------------------
      Total              0            0           0            0                    0                0
      -------------------------------------------------------------------------------------------------
      
      Upsized: 0, Downsized: 0, Sized but same area: 0, Unchanged: 0, Area change: 0.000um^2 (0.000%)
      Max. move: 0.000um, Min. move: 0.000um, Avg. move: N/A
      
      Clock DAG stats after 'PostConditioning Upsizing To Fix DRVs':
        cell counts      : b=474, i=0, icg=0, dcg=0, l=0, total=474
        sink counts      : regular=5207, enable_latch=0, load_capacitance=0, antenna=0, node_sink=0, port=0, total=5207
        misc counts      : r=1, pp=0, mci=0
        cell areas       : b=612.864um^2, i=0.000um^2, icg=0.000um^2, dcg=0.000um^2, l=0.000um^2, total=612.864um^2
        cell capacitance : b=671.403fF, i=0.000fF, icg=0.000fF, dcg=0.000fF, l=0.000fF, total=671.403fF
        sink capacitance : total=5154.338fF, avg=0.990fF, sd=0.029fF, min=0.950fF, max=1.026fF
        wire capacitance : top=0.000fF, trunk=498.997fF, leaf=1509.382fF, total=2008.379fF
        wire lengths     : top=0.000um, trunk=4693.660um, leaf=13944.595um, total=18638.255um
        hp wire lengths  : top=0.000um, trunk=4305.670um, leaf=7963.950um, total=12269.620um
      Clock DAG net violations after 'PostConditioning Upsizing To Fix DRVs': none
      Clock DAG primary half-corner transition distribution after 'PostConditioning Upsizing To Fix DRVs':
        Trunk : target=0.019ns count=95 avg=0.015ns sd=0.003ns min=0.006ns max=0.019ns {7 <= 0.012ns, 38 <= 0.015ns, 27 <= 0.017ns, 10 <= 0.018ns, 13 <= 0.019ns}
        Leaf  : target=0.019ns count=380 avg=0.017ns sd=0.001ns min=0.015ns max=0.019ns {0 <= 0.012ns, 5 <= 0.015ns, 190 <= 0.017ns, 141 <= 0.018ns, 44 <= 0.019ns}
      Clock DAG library cell distribution after 'PostConditioning Upsizing To Fix DRVs' {count}:
         Bufs: CLKBUF_X3: 410 CLKBUF_X2: 62 CLKBUF_X1: 2 
      Primary reporting skew groups after 'PostConditioning Upsizing To Fix DRVs':
        skew_group clk/CON: insertion delay [min=0.198, max=0.220], skew [0.022 vs 0.034]
      Skew group summary after 'PostConditioning Upsizing To Fix DRVs':
        skew_group clk/CON: insertion delay [min=0.198, max=0.220], skew [0.022 vs 0.034]
      Legalizer API calls during this step: 0 succeeded with high effort: 0 succeeded with medium effort: 0 succeeded with low effort: 0 succeeded with basic effort: 0 succeeded with basic unbounded effort: 0
    PostConditioning Upsizing To Fix DRVs done. (took cpu=0:00:00.1 real=0:00:00.1)
    Recomputing CTS skew targets...
    Resolving skew group constraints...
      Solving LP: 1 skew groups; 2 fragments, 2 fraglets and 3 vertices; 12 variables and 27 constraints; tolerance 1
    Resolving skew group constraints done.
    Recomputing CTS skew targets done. (took cpu=0:00:00.3 real=0:00:00.3)
    PostConditioning Fixing DRVs...
      Fixing clock tree DRVs: ...20% ...40% ...60% ...80% ...100% 
      CCOpt-PostConditioning: considered: 475, tested: 475, violation detected: 0, violation ignored (due to small violation): 0, cannot run: 0, attempted: 0, unsuccessful: 0, sized: 0
      
      Statistics: Fix DRVs (cell sizing):
      ===================================
      
      Cell changes by Net Type:
      
      -------------------------------------------------------------------------------------------------
      Net Type    Attempted    Upsized     Downsized    Swapped Same Size    Total Changed    Not Sized
      -------------------------------------------------------------------------------------------------
      top                0            0           0            0                    0                0
      trunk              0            0           0            0                    0                0
      leaf               0            0           0            0                    0                0
      -------------------------------------------------------------------------------------------------
      Total              0            0           0            0                    0                0
      -------------------------------------------------------------------------------------------------
      
      Upsized: 0, Downsized: 0, Sized but same area: 0, Unchanged: 0, Area change: 0.000um^2 (0.000%)
      Max. move: 0.000um, Min. move: 0.000um, Avg. move: N/A
      
      Clock DAG stats after 'PostConditioning Fixing DRVs':
        cell counts      : b=474, i=0, icg=0, dcg=0, l=0, total=474
        sink counts      : regular=5207, enable_latch=0, load_capacitance=0, antenna=0, node_sink=0, port=0, total=5207
        misc counts      : r=1, pp=0, mci=0
        cell areas       : b=612.864um^2, i=0.000um^2, icg=0.000um^2, dcg=0.000um^2, l=0.000um^2, total=612.864um^2
        cell capacitance : b=671.403fF, i=0.000fF, icg=0.000fF, dcg=0.000fF, l=0.000fF, total=671.403fF
        sink capacitance : total=5154.338fF, avg=0.990fF, sd=0.029fF, min=0.950fF, max=1.026fF
        wire capacitance : top=0.000fF, trunk=498.997fF, leaf=1509.382fF, total=2008.379fF
        wire lengths     : top=0.000um, trunk=4693.660um, leaf=13944.595um, total=18638.255um
        hp wire lengths  : top=0.000um, trunk=4305.670um, leaf=7963.950um, total=12269.620um
      Clock DAG net violations after 'PostConditioning Fixing DRVs': none
      Clock DAG primary half-corner transition distribution after 'PostConditioning Fixing DRVs':
        Trunk : target=0.019ns count=95 avg=0.015ns sd=0.003ns min=0.006ns max=0.019ns {7 <= 0.012ns, 38 <= 0.015ns, 27 <= 0.017ns, 10 <= 0.018ns, 13 <= 0.019ns}
        Leaf  : target=0.019ns count=380 avg=0.017ns sd=0.001ns min=0.015ns max=0.019ns {0 <= 0.012ns, 5 <= 0.015ns, 190 <= 0.017ns, 141 <= 0.018ns, 44 <= 0.019ns}
      Clock DAG library cell distribution after 'PostConditioning Fixing DRVs' {count}:
         Bufs: CLKBUF_X3: 410 CLKBUF_X2: 62 CLKBUF_X1: 2 
      Primary reporting skew groups after 'PostConditioning Fixing DRVs':
        skew_group clk/CON: insertion delay [min=0.198, max=0.220], skew [0.022 vs 0.034]
      Skew group summary after 'PostConditioning Fixing DRVs':
        skew_group clk/CON: insertion delay [min=0.198, max=0.220], skew [0.022 vs 0.034]
      Legalizer API calls during this step: 0 succeeded with high effort: 0 succeeded with medium effort: 0 succeeded with low effort: 0 succeeded with basic effort: 0 succeeded with basic unbounded effort: 0
    PostConditioning Fixing DRVs done. (took cpu=0:00:00.1 real=0:00:00.1)
    Buffering to fix DRVs...
    Fixing DRVs with route buffering pass 1. Quick buffering: enabled
    Rebuffering to fix clock tree DRVs: ...20% ...40% ...60% ...80% ...100% 
    Inserted 0 buffers and inverters.
    success count. Default: 0, QS: 0, QD: 0, FS: 0, MQS: 0
    CCOpt-PostConditioning: nets considered: 475, nets tested: 475, nets violation detected: 0, nets violation ignored (due to small violation): 0, nets cannot run: 0, nets attempted: 0, nets unsuccessful: 0, buffered: 0
    Clock DAG stats PostConditioning after re-buffering DRV fixing:
      cell counts      : b=474, i=0, icg=0, dcg=0, l=0, total=474
      sink counts      : regular=5207, enable_latch=0, load_capacitance=0, antenna=0, node_sink=0, port=0, total=5207
      misc counts      : r=1, pp=0, mci=0
      cell areas       : b=612.864um^2, i=0.000um^2, icg=0.000um^2, dcg=0.000um^2, l=0.000um^2, total=612.864um^2
      cell capacitance : b=671.403fF, i=0.000fF, icg=0.000fF, dcg=0.000fF, l=0.000fF, total=671.403fF
      sink capacitance : total=5154.338fF, avg=0.990fF, sd=0.029fF, min=0.950fF, max=1.026fF
      wire capacitance : top=0.000fF, trunk=498.997fF, leaf=1509.382fF, total=2008.379fF
      wire lengths     : top=0.000um, trunk=4693.660um, leaf=13944.595um, total=18638.255um
      hp wire lengths  : top=0.000um, trunk=4305.670um, leaf=7963.950um, total=12269.620um
    Clock DAG net violations PostConditioning after re-buffering DRV fixing: none
    Clock DAG primary half-corner transition distribution PostConditioning after re-buffering DRV fixing:
      Trunk : target=0.019ns count=95 avg=0.015ns sd=0.003ns min=0.006ns max=0.019ns {7 <= 0.012ns, 38 <= 0.015ns, 27 <= 0.017ns, 10 <= 0.018ns, 13 <= 0.019ns}
      Leaf  : target=0.019ns count=380 avg=0.017ns sd=0.001ns min=0.015ns max=0.019ns {0 <= 0.012ns, 5 <= 0.015ns, 190 <= 0.017ns, 141 <= 0.018ns, 44 <= 0.019ns}
    Clock DAG library cell distribution PostConditioning after re-buffering DRV fixing {count}:
       Bufs: CLKBUF_X3: 410 CLKBUF_X2: 62 CLKBUF_X1: 2 
    Primary reporting skew groups PostConditioning after re-buffering DRV fixing:
      skew_group clk/CON: insertion delay [min=0.198, max=0.220, avg=0.211, sd=0.006, skn=-0.642, kur=-0.646], skew [0.022 vs 0.034], 100% {0.198, 0.220} (wid=0.017 ws=0.013) (gid=0.214 gs=0.024)
    Skew group summary PostConditioning after re-buffering DRV fixing:
      skew_group clk/CON: insertion delay [min=0.198, max=0.220, avg=0.211, sd=0.006, skn=-0.642, kur=-0.646], skew [0.022 vs 0.034], 100% {0.198, 0.220} (wid=0.017 ws=0.013) (gid=0.214 gs=0.024)
    Buffering to fix DRVs done. (took cpu=0:00:00.1 real=0:00:00.1)
    PostConditioning Fixing Skew by cell sizing...
      Modifying slew-target multiplier by 1
      Resized 0 clock insts to decrease delay.
      Resized 0 clock insts to increase delay.
      Restoring slew-target multiplier
      
      Statistics: Fix Skew (cell sizing):
      ===================================
      
      Cell changes by Net Type:
      
      -------------------------------------------------------------------------------------------------
      Net Type    Attempted    Upsized     Downsized    Swapped Same Size    Total Changed    Not Sized
      -------------------------------------------------------------------------------------------------
      top                0            0           0            0                    0                0
      trunk              0            0           0            0                    0                0
      leaf               0            0           0            0                    0                0
      -------------------------------------------------------------------------------------------------
      Total              0            0           0            0                    0                0
      -------------------------------------------------------------------------------------------------
      
      Upsized: 0, Downsized: 0, Sized but same area: 0, Unchanged: 0, Area change: 0.000um^2 (0.000%)
      Max. move: 0.000um, Min. move: 0.000um, Avg. move: N/A
      
      Clock DAG stats after 'PostConditioning Fixing Skew by cell sizing':
        cell counts      : b=474, i=0, icg=0, dcg=0, l=0, total=474
        sink counts      : regular=5207, enable_latch=0, load_capacitance=0, antenna=0, node_sink=0, port=0, total=5207
        misc counts      : r=1, pp=0, mci=0
        cell areas       : b=612.864um^2, i=0.000um^2, icg=0.000um^2, dcg=0.000um^2, l=0.000um^2, total=612.864um^2
        cell capacitance : b=671.403fF, i=0.000fF, icg=0.000fF, dcg=0.000fF, l=0.000fF, total=671.403fF
        sink capacitance : total=5154.338fF, avg=0.990fF, sd=0.029fF, min=0.950fF, max=1.026fF
        wire capacitance : top=0.000fF, trunk=498.997fF, leaf=1509.382fF, total=2008.379fF
        wire lengths     : top=0.000um, trunk=4693.660um, leaf=13944.595um, total=18638.255um
        hp wire lengths  : top=0.000um, trunk=4305.670um, leaf=7963.950um, total=12269.620um
      Clock DAG net violations after 'PostConditioning Fixing Skew by cell sizing': none
      Clock DAG primary half-corner transition distribution after 'PostConditioning Fixing Skew by cell sizing':
        Trunk : target=0.019ns count=95 avg=0.015ns sd=0.003ns min=0.006ns max=0.019ns {7 <= 0.012ns, 38 <= 0.015ns, 27 <= 0.017ns, 10 <= 0.018ns, 13 <= 0.019ns}
        Leaf  : target=0.019ns count=380 avg=0.017ns sd=0.001ns min=0.015ns max=0.019ns {0 <= 0.012ns, 5 <= 0.015ns, 190 <= 0.017ns, 141 <= 0.018ns, 44 <= 0.019ns}
      Clock DAG library cell distribution after 'PostConditioning Fixing Skew by cell sizing' {count}:
         Bufs: CLKBUF_X3: 410 CLKBUF_X2: 62 CLKBUF_X1: 2 
      Primary reporting skew groups after 'PostConditioning Fixing Skew by cell sizing':
        skew_group clk/CON: insertion delay [min=0.198, max=0.220, avg=0.211, sd=0.006, skn=-0.642, kur=-0.646], skew [0.022 vs 0.034], 100% {0.198, 0.220} (wid=0.017 ws=0.013) (gid=0.214 gs=0.024)
      Skew group summary after 'PostConditioning Fixing Skew by cell sizing':
        skew_group clk/CON: insertion delay [min=0.198, max=0.220, avg=0.211, sd=0.006, skn=-0.642, kur=-0.646], skew [0.022 vs 0.034], 100% {0.198, 0.220} (wid=0.017 ws=0.013) (gid=0.214 gs=0.024)
      Legalizer API calls during this step: 0 succeeded with high effort: 0 succeeded with medium effort: 0 succeeded with low effort: 0 succeeded with basic effort: 0 succeeded with basic unbounded effort: 0
    PostConditioning Fixing Skew by cell sizing done. (took cpu=0:00:00.1 real=0:00:00.1)
    Reconnecting optimized routes...
    Reset timing graph...
Ignoring AAE DB Resetting ...
    Reset timing graph done.
    Reconnecting optimized routes done. (took cpu=0:00:00.0 real=0:00:00.0)
Skipping refinePlace: no changes were made during DRV and/or skew fixing steps so it is unnecessary.
Skipping ECO: no changes were made during DRV and/or skew fixing steps so it is unneccessary.
    Leaving CCOpt scope - extractRC...
    Updating RC parasitics by calling: "extractRC -noRouteCheck"...
Extraction called for design 'riscv_core' of instances=28969 and nets=41951 using extraction engine 'preRoute' .
PreRoute RC Extraction called for design riscv_core.
RC Extraction called in multi-corner(2) mode.
RCMode: PreRoute
      RC Corner Indexes            0       1   
Capacitance Scaling Factor   : 1.00000 1.00000 
Resistance Scaling Factor    : 1.00000 1.00000 
Clock Cap. Scaling Factor    : 1.00000 1.00000 
Clock Res. Scaling Factor    : 1.00000 1.00000 
Shrink Factor                : 1.00000
PreRoute extraction is honoring NDR/Shielding/ExtraSpace for clock nets.
Using Quantus QRC technology file ...
Updating RC Grid density data for preRoute extraction ...
Initializing multi-corner resistance tables ...
PreRoute RC Extraction DONE (CPU Time: 0:00:00.3  Real Time: 0:00:00.0  MEM: 3334.426M)
    Updating RC parasitics by calling: "extractRC -noRouteCheck" done.
    Leaving CCOpt scope - extractRC done. (took cpu=0:00:00.3 real=0:00:00.2)
    Legalizer API calls during this step: 0 succeeded with high effort: 0 succeeded with medium effort: 0 succeeded with low effort: 0 succeeded with basic effort: 0 succeeded with basic unbounded effort: 0
  PostConditioning done.
Net route status summary:
  Clock:       475 (unrouted=0, trialRouted=0, noStatus=0, routed=0, fixed=475, [crossesIlmBoundary=0, tooFewTerms=0, (crossesIlmBoundary AND tooFewTerms=0)], steiner=0)
  Non-clock: 41476 (unrouted=11239, trialRouted=30237, noStatus=0, routed=0, fixed=0, [crossesIlmBoundary=0, tooFewTerms=11239, (crossesIlmBoundary AND tooFewTerms=0)])
  Update timing and DAG stats after post-conditioning...
  Update timing and DAG stats after post-conditioning done. (took cpu=0:00:00.0 real=0:00:00.0)
  Clock tree timing engine global stage delay update for WC:setup.late...
  Clock tree timing engine global stage delay update for WC:setup.late done. (took cpu=0:00:00.2 real=0:00:00.1)
  Clock DAG stats after post-conditioning:
    cell counts      : b=474, i=0, icg=0, dcg=0, l=0, total=474
    sink counts      : regular=5207, enable_latch=0, load_capacitance=0, antenna=0, node_sink=0, port=0, total=5207
    misc counts      : r=1, pp=0, mci=0
    cell areas       : b=612.864um^2, i=0.000um^2, icg=0.000um^2, dcg=0.000um^2, l=0.000um^2, total=612.864um^2
    cell capacitance : b=671.403fF, i=0.000fF, icg=0.000fF, dcg=0.000fF, l=0.000fF, total=671.403fF
    sink capacitance : total=5154.338fF, avg=0.990fF, sd=0.029fF, min=0.950fF, max=1.026fF
    wire capacitance : top=0.000fF, trunk=498.997fF, leaf=1509.382fF, total=2008.379fF
    wire lengths     : top=0.000um, trunk=4693.660um, leaf=13944.595um, total=18638.255um
    hp wire lengths  : top=0.000um, trunk=4305.670um, leaf=7963.950um, total=12269.620um
  Clock DAG net violations after post-conditioning: none
  Clock DAG primary half-corner transition distribution after post-conditioning:
    Trunk : target=0.019ns count=95 avg=0.015ns sd=0.003ns min=0.006ns max=0.019ns {7 <= 0.012ns, 38 <= 0.015ns, 27 <= 0.017ns, 10 <= 0.018ns, 13 <= 0.019ns}
    Leaf  : target=0.019ns count=380 avg=0.017ns sd=0.001ns min=0.015ns max=0.019ns {0 <= 0.012ns, 5 <= 0.015ns, 190 <= 0.017ns, 141 <= 0.018ns, 44 <= 0.019ns}
  Clock DAG library cell distribution after post-conditioning {count}:
     Bufs: CLKBUF_X3: 410 CLKBUF_X2: 62 CLKBUF_X1: 2 
  Primary reporting skew groups after post-conditioning:
    skew_group clk/CON: insertion delay [min=0.198, max=0.220, avg=0.211, sd=0.006, skn=-0.642, kur=-0.646], skew [0.022 vs 0.034], 100% {0.198, 0.220} (wid=0.017 ws=0.013) (gid=0.214 gs=0.024)
  Skew group summary after post-conditioning:
    skew_group clk/CON: insertion delay [min=0.198, max=0.220, avg=0.211, sd=0.006, skn=-0.642, kur=-0.646], skew [0.022 vs 0.034], 100% {0.198, 0.220} (wid=0.017 ws=0.013) (gid=0.214 gs=0.024)
  CCOpt::Phase::PostConditioning done. (took cpu=0:00:01.4 real=0:00:01.2)
  Post-balance tidy up or trial balance steps...
  
  Clock DAG stats at end of CTS:
  ==============================
  
  ---------------------------------------------------------
  Cell type                 Count    Area       Capacitance
  ---------------------------------------------------------
  Buffers                    474     612.864      671.403
  Inverters                    0       0.000        0.000
  Integrated Clock Gates       0       0.000        0.000
  Discrete Clock Gates         0       0.000        0.000
  Clock Logic                  0       0.000        0.000
  All                        474     612.864      671.403
  ---------------------------------------------------------
  
  Clock DAG miscellaneous counts at end of CTS:
  =============================================
  
  ------------------------------
  Type                     Count
  ------------------------------
  Roots                      1
  Preserved Ports            0
  Multiple Clock Inputs      0
  ------------------------------
  
  
  Clock DAG sink counts at end of CTS:
  ====================================
  
  -------------------------
  Sink type           Count
  -------------------------
  Regular             5207
  Enable Latch           0
  Load Capacitance       0
  Antenna Diode          0
  Node Sink              0
  Port                   0
  Total               5207
  -------------------------
  
  
  Clock DAG wire lengths at end of CTS:
  =====================================
  
  --------------------
  Type     Wire Length
  --------------------
  Top           0.000
  Trunk      4693.660
  Leaf      13944.595
  Total     18638.255
  --------------------
  
  
  Clock DAG hp wire lengths at end of CTS:
  ========================================
  
  -----------------------
  Type     hp Wire Length
  -----------------------
  Top            0.000
  Trunk       4305.670
  Leaf        7963.950
  Total      12269.620
  -----------------------
  
  
  Clock DAG capacitances at end of CTS:
  =====================================
  
  -----------------------------------------
  Type     Gate        Wire        Total
  -----------------------------------------
  Top         0.000       0.000       0.000
  Trunk     671.403     498.997    1170.400
  Leaf     5154.338    1509.382    6663.720
  Total    5825.741    2008.379    7834.120
  -----------------------------------------
  
  
  Clock DAG sink capacitances at end of CTS:
  ==========================================
  
  --------------------------------------------------
  Total       Average    Std. Dev.    Min      Max
  --------------------------------------------------
  5154.338     0.990       0.029      0.950    1.026
  --------------------------------------------------
  
  
  Clock DAG net violations at end of CTS:
  =======================================
  
  None
  
  
  Clock DAG primary half-corner transition distribution at end of CTS:
  ====================================================================
  
  -------------------------------------------------------------------------------------------------------------------------------------------------------------------
  Net Type    Target    Count    Average    Std. Dev.    Min      Max      Distribution                                                                   Over Target
  -------------------------------------------------------------------------------------------------------------------------------------------------------------------
  Trunk       0.019       95      0.015       0.003      0.006    0.019    {7 <= 0.012ns, 38 <= 0.015ns, 27 <= 0.017ns, 10 <= 0.018ns, 13 <= 0.019ns}          -
  Leaf        0.019      380      0.017       0.001      0.015    0.019    {0 <= 0.012ns, 5 <= 0.015ns, 190 <= 0.017ns, 141 <= 0.018ns, 44 <= 0.019ns}         -
  -------------------------------------------------------------------------------------------------------------------------------------------------------------------
  
  
  Clock DAG library cell distribution at end of CTS:
  ==================================================
  
  ------------------------------------------
  Name         Type      Inst     Inst Area 
                         Count    (um^2)
  ------------------------------------------
  CLKBUF_X3    buffer     410      545.300
  CLKBUF_X2    buffer      62       65.968
  CLKBUF_X1    buffer       2        1.596
  ------------------------------------------
  
  
  Primary reporting skew groups summary at end of CTS:
  ====================================================
  
  ---------------------------------------------------------------------------------------------------------------------------------------------------------------------------------
  Half-corner      Skew Group    Min ID    Max ID    Skew     Skew target    Wire skew    Worst sink skew    Average ID    Std.Dev    Skewness    Kurtosis    Skew window occupancy
  ---------------------------------------------------------------------------------------------------------------------------------------------------------------------------------
  WC:setup.late    clk/CON       0.198     0.220     0.022       0.034         0.013           0.001           0.211        0.006      -0.642      -0.646     100% {0.198, 0.220}
  ---------------------------------------------------------------------------------------------------------------------------------------------------------------------------------
  
  
  Skew group summary at end of CTS:
  =================================
  
  ---------------------------------------------------------------------------------------------------------------------------------------------------------------------------------
  Half-corner      Skew Group    Min ID    Max ID    Skew     Skew target    Wire skew    Worst sink skew    Average ID    Std.Dev    Skewness    Kurtosis    Skew window occupancy
  ---------------------------------------------------------------------------------------------------------------------------------------------------------------------------------
  WC:setup.late    clk/CON       0.198     0.220     0.022       0.034         0.013           0.001           0.211        0.006      -0.642      -0.646     100% {0.198, 0.220}
  ---------------------------------------------------------------------------------------------------------------------------------------------------------------------------------
  
  
  Found a total of 0 clock tree pins with a slew violation.
  
  Post-balance tidy up or trial balance steps done. (took cpu=0:00:00.1 real=0:00:00.1)
Synthesizing clock trees done.
Tidy Up And Update Timing...
External - Set all clocks to propagated mode...
Innovus updating I/O latencies
AAE_INFO: opIsDesignInPostRouteState() is 0
#################################################################################
# Design Stage: PreRoute
# Design Name: riscv_core
# Design Mode: 45nm
# Analysis Mode: MMMC OCV 
# Parasitics Mode: No SPEF/RCDB 
# Signoff Settings: SI Off 
#################################################################################
Start delay calculation (fullDC) (16 T). (MEM=3642.66)
Total number of fetched objects 35063
Total number of fetched objects 35063
End delay calculation. (MEM=3708.25 CPU=0:00:02.1 REAL=0:00:00.0)
End delay calculation (fullDC). (MEM=3708.25 CPU=0:00:04.5 REAL=0:00:00.0)
	Clock: clk, View: WC_VIEW, Ideal Latency: 0, Propagated Latency: 0.210988
	 Executing: set_clock_latency -source -early -min -rise -0.210988 [get_pins clk_i]
	Clock: clk, View: WC_VIEW, Ideal Latency: 0, Propagated Latency: 0.210988
	 Executing: set_clock_latency -source -late -min -rise -0.210988 [get_pins clk_i]
	Clock: clk, View: WC_VIEW, Ideal Latency: 0, Propagated Latency: 0.219031
	 Executing: set_clock_latency -source -early -min -fall -0.219031 [get_pins clk_i]
	Clock: clk, View: WC_VIEW, Ideal Latency: 0, Propagated Latency: 0.219031
	 Executing: set_clock_latency -source -late -min -fall -0.219031 [get_pins clk_i]
	Clock: clk, View: WC_VIEW, Ideal Latency: 0, Propagated Latency: 0.210988
	 Executing: set_clock_latency -source -early -max -rise -0.210988 [get_pins clk_i]
	Clock: clk, View: WC_VIEW, Ideal Latency: 0, Propagated Latency: 0.210988
	 Executing: set_clock_latency -source -late -max -rise -0.210988 [get_pins clk_i]
	Clock: clk, View: WC_VIEW, Ideal Latency: 0, Propagated Latency: 0.219031
	 Executing: set_clock_latency -source -early -max -fall -0.219031 [get_pins clk_i]
	Clock: clk, View: WC_VIEW, Ideal Latency: 0, Propagated Latency: 0.219031
	 Executing: set_clock_latency -source -late -max -fall -0.219031 [get_pins clk_i]
	Clock: clk, View: BC_VIEW, Ideal Latency: 0, Propagated Latency: 0.210988
	 Executing: set_clock_latency -source -early -min -rise -0.210988 [get_pins clk_i]
	Clock: clk, View: BC_VIEW, Ideal Latency: 0, Propagated Latency: 0.210988
	 Executing: set_clock_latency -source -late -min -rise -0.210988 [get_pins clk_i]
	Clock: clk, View: BC_VIEW, Ideal Latency: 0, Propagated Latency: 0.219031
	 Executing: set_clock_latency -source -early -min -fall -0.219031 [get_pins clk_i]
	Clock: clk, View: BC_VIEW, Ideal Latency: 0, Propagated Latency: 0.219031
	 Executing: set_clock_latency -source -late -min -fall -0.219031 [get_pins clk_i]
	Clock: clk, View: BC_VIEW, Ideal Latency: 0, Propagated Latency: 0.210988
	 Executing: set_clock_latency -source -early -max -rise -0.210988 [get_pins clk_i]
	Clock: clk, View: BC_VIEW, Ideal Latency: 0, Propagated Latency: 0.210988
	 Executing: set_clock_latency -source -late -max -rise -0.210988 [get_pins clk_i]
	Clock: clk, View: BC_VIEW, Ideal Latency: 0, Propagated Latency: 0.219031
	 Executing: set_clock_latency -source -early -max -fall -0.219031 [get_pins clk_i]
	Clock: clk, View: BC_VIEW, Ideal Latency: 0, Propagated Latency: 0.219031
	 Executing: set_clock_latency -source -late -max -fall -0.219031 [get_pins clk_i]
Setting all clocks to propagated mode.
External - Set all clocks to propagated mode done. (took cpu=0:00:10.7 real=0:00:02.1)
Clock DAG stats after update timingGraph:
  cell counts      : b=474, i=0, icg=0, dcg=0, l=0, total=474
  sink counts      : regular=5207, enable_latch=0, load_capacitance=0, antenna=0, node_sink=0, port=0, total=5207
  misc counts      : r=1, pp=0, mci=0
  cell areas       : b=612.864um^2, i=0.000um^2, icg=0.000um^2, dcg=0.000um^2, l=0.000um^2, total=612.864um^2
  cell capacitance : b=671.403fF, i=0.000fF, icg=0.000fF, dcg=0.000fF, l=0.000fF, total=671.403fF
  sink capacitance : total=5154.338fF, avg=0.990fF, sd=0.029fF, min=0.950fF, max=1.026fF
  wire capacitance : top=0.000fF, trunk=498.997fF, leaf=1509.382fF, total=2008.379fF
  wire lengths     : top=0.000um, trunk=4693.660um, leaf=13944.595um, total=18638.255um
  hp wire lengths  : top=0.000um, trunk=4305.670um, leaf=7963.950um, total=12269.620um
Clock DAG net violations after update timingGraph: none
Clock DAG primary half-corner transition distribution after update timingGraph:
  Trunk : target=0.019ns count=95 avg=0.015ns sd=0.003ns min=0.006ns max=0.019ns {7 <= 0.012ns, 38 <= 0.015ns, 27 <= 0.017ns, 10 <= 0.018ns, 13 <= 0.019ns}
  Leaf  : target=0.019ns count=380 avg=0.017ns sd=0.001ns min=0.015ns max=0.019ns {0 <= 0.012ns, 5 <= 0.015ns, 190 <= 0.017ns, 141 <= 0.018ns, 44 <= 0.019ns}
Clock DAG library cell distribution after update timingGraph {count}:
   Bufs: CLKBUF_X3: 410 CLKBUF_X2: 62 CLKBUF_X1: 2 
Primary reporting skew groups after update timingGraph:
  skew_group clk/CON: insertion delay [min=0.198, max=0.220, avg=0.211, sd=0.006, skn=-0.642, kur=-0.646], skew [0.022 vs 0.034], 100% {0.198, 0.220} (wid=0.017 ws=0.013) (gid=0.214 gs=0.024)
Skew group summary after update timingGraph:
  skew_group clk/CON: insertion delay [min=0.198, max=0.220, avg=0.211, sd=0.006, skn=-0.642, kur=-0.646], skew [0.022 vs 0.034], 100% {0.198, 0.220} (wid=0.017 ws=0.013) (gid=0.214 gs=0.024)
Logging CTS constraint violations...
  No violations found.
Logging CTS constraint violations done.
Tidy Up And Update Timing done. (took cpu=0:00:10.9 real=0:00:02.3)
Runtime done. (took cpu=0:03:30 real=0:00:47.1)
Runtime Summary
===============
Clock Runtime:  (37%) Core CTS          17.76 (Init 2.99, Construction 6.09, Implementation 5.14, eGRPC 1.21, PostConditioning 0.93, Other 1.40)
Clock Runtime:  (15%) CTS services       7.25 (RefinePlace 1.36, EarlyGlobalClock 1.57, NanoRoute 3.58, ExtractRC 0.74, TimingAnalysis 0.00)
Clock Runtime:  (46%) Other CTS         22.04 (Init 1.45, CongRepair/EGR-DP 18.47, TimingUpdate 2.12, Other 0.00)
Clock Runtime: (100%) Total             47.05

Leaving CCOpt scope - Cleaning up placement interface...
Leaving CCOpt scope - Cleaning up placement interface done. (took cpu=0:00:00.2 real=0:00:00.1)
*** CTS #1 [finish] (clock_opt_design #1) : cpu/real = 0:03:25.8/0:00:45.2 (4.6), totSession cpu/real = 0:10:36.6/0:02:54.5 (3.6), mem = 3361.2M
Synthesizing clock trees with CCOpt done.
      flow.cputime  flow.realtime  timing.setup.tns  timing.setup.wns  snapshot
UM:*                                                                   cts
Begin: Reorder Scan Chains
**WARN: (IMPSP-9025):	No scan chain specified/traced.
Type 'man IMPSP-9025' for more detail.
End: Reorder Scan Chains
**optDesign ... cpu = 0:00:00, real = 0:00:00, mem = 3280.0M, totSessionCpu=0:10:37 **
GigaOpt running with 16 threads.
*** InitOpt #1 [begin] (clock_opt_design #1) : totSession cpu/real = 0:10:36.9/0:02:54.7 (3.6), mem = 3280.0M
**INFO: setDesignMode -flowEffort standard -> setting 'setOptMode -allEndPoints true' for the duration of this command.
	CornerforLayerOpt timing analysis view WC_VIEW has been selected for calibration 
	CornerforLayerOpt timing analysis view WC_VIEW has been selected for calibration 
	CornerforLayerOpt timing analysis view WC_VIEW has been selected for calibration 
	CornerforLayerOpt timing analysis view WC_VIEW has been selected for calibration 
WC_LIB BC_LIB
Info: Using SynthesisEngine executable '/eda/cadence/DDI251/INNOVUS251/bin/innovus_'.
      SynthesisEngine workers will not check out additional licenses.
**optDesign ... cpu = 0:00:01, real = 0:00:18, mem = 3378.6M, totSessionCpu=0:10:38 **
#optDebug: { P: 45 W: 8201 FE: standard PE: none LDR: 1}
*** optDesign -postCTS ***
DRC Margin: user margin 0.0; extra margin 0.2
Hold Target Slack: user slack 0
Setup Target Slack: user slack 0; extra slack 0.0
setUsefulSkewMode -opt_skew_eco_route false
**INFO: setOptMode -opt_unfix_clock_insts false -> Flops will not be resized for timing opt and in reclaim.
Multi-VT timing optimization disabled based on library information.
**INFO: Using Advanced Metric Collection system.
Start to check current routing status for nets...
All nets are already routed correctly.
End to check current routing status for nets (mem=3374.3M)
Compute RC Scale Done ...
Starting delay calculation for Setup views
AAE_INFO: opIsDesignInPostRouteState() is 0
#################################################################################
# Design Stage: PreRoute
# Design Name: riscv_core
# Design Mode: 45nm
# Analysis Mode: MMMC OCV 
# Parasitics Mode: No SPEF/RCDB 
# Signoff Settings: SI Off 
#################################################################################
Start delay calculation (fullDC) (16 T). (MEM=3637.48)
Total number of fetched objects 35063
End delay calculation. (MEM=3697.51 CPU=0:00:06.6 REAL=0:00:00.0)
End delay calculation (fullDC). (MEM=3697.51 CPU=0:00:07.7 REAL=0:00:01.0)
*** Done Building Timing Graph (cpu=0:00:16.4 real=0:00:02.0 totSessionCpu=0:10:55 mem=3712.9M)

OptSummary:

------------------------------------------------------------------
             Initial Summary
------------------------------------------------------------------

Setup views included:
 WC_VIEW 

+--------------------+---------+
|     Setup mode     |   all   |
+--------------------+---------+
|           WNS (ns):|  3.702  |
|           TNS (ns):|  0.000  |
|    Violating Paths:|    0    |
|          All Paths:|  11140  |
+--------------------+---------+

+----------------+-------------------------------+------------------+
|                |              Real             |       Total      |
|    DRVs        +------------------+------------+------------------|
|                |  Nr nets(terms)  | Worst Vio  |  Nr nets(terms)  |
+----------------+------------------+------------+------------------+
|   max_cap      |      0 (0)       |   0.000    |      0 (0)       |
|   max_tran     |      0 (0)       |   0.000    |      0 (0)       |
|   max_fanout   |      0 (0)       |     0      |      0 (0)       |
|   max_length   |      0 (0)       |     0      |      0 (0)       |
+----------------+------------------+------------+------------------+

Density: 71.084%
------------------------------------------------------------------
**optDesign ... cpu = 0:00:19, real = 0:00:21, mem = 3615.6M, totSessionCpu=0:10:56 **
*** InitOpt #1 [finish] (clock_opt_design #1) : cpu/real = 0:00:19.4/0:00:21.5 (0.9), totSession cpu/real = 0:10:56.3/0:03:16.3 (3.3), mem = 3615.6M
** INFO : this run is activating low effort ccoptDesign flow
OPTC: m4 20.0 50.0 [ 500.0 20.0 50.0 ]
OPTC: view 50.0:500.0 [ 0.0500 ]
-opt_post_cts_congestion_repair false      # bool, default=false, private
Begin: GigaOpt Route Type Constraints Refinement
*** CongRefineRouteType #1 [begin] (clock_opt_design #1) : totSession cpu/real = 0:11:03.3/0:03:17.4 (3.4), mem = 3657.1M
Updated routing constraints on 0 nets.
Bottom Preferred Layer:
+---------------+------------+------------+----------+
|     Layer     |   OPT_LA   |    CLK     |   Rule   |
+---------------+------------+------------+----------+
| metal3 (z=3)  |          0 |        475 | default  |
| metal4 (z=4)  |          2 |          0 | default  |
+---------------+------------+------------+----------+
Via Pillar Rule:
    None
*** CongRefineRouteType #1 [finish] (clock_opt_design #1) : cpu/real = 0:00:00.3/0:00:00.1 (2.1), totSession cpu/real = 0:11:03.6/0:03:17.5 (3.4), mem = 3660.3M
End: GigaOpt Route Type Constraints Refinement
*** SimplifyNetlist #1 [begin] (clock_opt_design #1) : totSession cpu/real = 0:11:03.8/0:03:17.8 (3.4), mem = 3617.1M
Info: 475 nets with fixed/cover wires excluded.
Info: 475 clock nets excluded from IPO operation.

Netlist preparation processing... 
Removed 0 instance
*info: Marking 0 isolation instances dont touch
*info: Marking 0 level shifter instances dont touch
*** SimplifyNetlist #1 [finish] (clock_opt_design #1) : cpu/real = 0:00:01.5/0:00:00.8 (1.8), totSession cpu/real = 0:11:05.3/0:03:18.6 (3.4), mem = 3617.2M
*** ExcludedClockNetOpt #1 [begin] (clock_opt_design #1) : totSession cpu/real = 0:11:05.6/0:03:18.9 (3.3), mem = 3616.2M
*** Starting optimizing excluded clock nets MEM= 3616.2M) ***
*info: No excluded clock nets to be optimized.
*** Finished optimizing excluded clock nets (CPU Time= 0:00:00.0  MEM= 3616.2M) ***
*** ExcludedClockNetOpt #1 [finish] (clock_opt_design #1) : cpu/real = 0:00:00.0/0:00:00.0 (0.0), totSession cpu/real = 0:11:05.6/0:03:18.9 (3.3), mem = 3616.2M
*** ExcludedClockNetOpt #2 [begin] (clock_opt_design #1) : totSession cpu/real = 0:11:05.6/0:03:18.9 (3.3), mem = 3616.2M
*** Starting optimizing excluded clock nets MEM= 3616.2M) ***
*info: No excluded clock nets to be optimized.
*** Finished optimizing excluded clock nets (CPU Time= 0:00:00.0  MEM= 3616.2M) ***
*** ExcludedClockNetOpt #2 [finish] (clock_opt_design #1) : cpu/real = 0:00:00.0/0:00:00.0 (0.0), totSession cpu/real = 0:11:05.6/0:03:18.9 (3.3), mem = 3616.2M
Info: Done creating the CCOpt slew target map.
Begin: GigaOpt high fanout net optimization
*** DrvOpt #1 [begin] (clock_opt_design #1) : totSession cpu/real = 0:11:05.9/0:03:19.2 (3.3), mem = 3616.2M
Info: 475 nets with fixed/cover wires excluded.
Info: 475 clock nets excluded from IPO operation.
	CornerforLayerOpt timing analysis view WC_VIEW has been selected for calibration 
	CornerforLayerOpt timing analysis view WC_VIEW has been selected for calibration 
	CornerforLayerOpt timing analysis view WC_VIEW has been selected for calibration 
	CornerforLayerOpt timing analysis view WC_VIEW has been selected for calibration 
	CornerforLayerOpt timing analysis view WC_VIEW has been selected for calibration 
	CornerforLayerOpt timing analysis view WC_VIEW has been selected for calibration 
	CornerforLayerOpt timing analysis view WC_VIEW has been selected for calibration 
	CornerforLayerOpt timing analysis view WC_VIEW has been selected for calibration 
*** DrvOpt #1 [finish] (clock_opt_design #1) : cpu/real = 0:00:01.4/0:00:00.6 (2.2), totSession cpu/real = 0:11:07.3/0:03:19.8 (3.3), mem = 3617.1M
End: GigaOpt high fanout net optimization
Number of setup views: 1
Begin: GigaOpt Global Optimization
*info: use new DP (enabled)
Info: 475 nets with fixed/cover wires excluded.
Info: 475 clock nets excluded from IPO operation.
*** GlobalOpt #1 [begin] (clock_opt_design #1) : totSession cpu/real = 0:11:07.8/0:03:20.2 (3.3), mem = 3618.7M
*info: 475 clock nets excluded
*info: 3664 no-driver nets excluded.
*info: 475 nets with fixed/cover wires excluded.
#InfoCS: Num dontuse cells 10, Num usable cells 149, Num real usable cells 125
** GigaOpt Global Opt WNS Slack 0.000  TNS Slack 0.000 
+--------+--------+---------+------------+--------+----------+---------+----------------------------------------------------+
|  WNS   |  TNS   | Density |    Real    |  Mem   |Worst View|Pathgroup|                     End Point                      |
+--------+--------+---------+------------+--------+----------+---------+----------------------------------------------------+
|   0.000|   0.000|   71.08%|   0:00:00.0| 3754.3M|   WC_VIEW|       NA| NA                                                 |
+--------+--------+---------+------------+--------+----------+---------+----------------------------------------------------+

*** Finish post-CTS Global Setup Fixing (cpu=0:00:00.0 real=0:00:00.0 mem=3754.3M) ***

*** Finish post-CTS Setup Fixing (cpu=0:00:00.0 real=0:00:00.0 mem=3754.3M) ***
Bottom Preferred Layer:
+---------------+------------+------------+----------+
|     Layer     |   OPT_LA   |    CLK     |   Rule   |
+---------------+------------+------------+----------+
| metal3 (z=3)  |          0 |        475 | default  |
| metal4 (z=4)  |          2 |          0 | default  |
+---------------+------------+------------+----------+
Via Pillar Rule:
    None
** GigaOpt Global Opt End WNS Slack 0.000  TNS Slack 0.000 
*** GlobalOpt #1 [finish] (clock_opt_design #1) : cpu/real = 0:00:01.5/0:00:01.1 (1.3), totSession cpu/real = 0:11:09.2/0:03:21.3 (3.3), mem = 3681.4M
End: GigaOpt Global Optimization
*** Timing Is met
*** Check timing (0:00:00.0)
Info: 475 nets with fixed/cover wires excluded.
Info: 475 clock nets excluded from IPO operation.
Begin: Area Reclaim Optimization
#InfoCS: Num dontuse cells 10, Num usable cells 149, Num real usable cells 125
*** AreaOpt #1 [begin] (clock_opt_design #1) : totSession cpu/real = 0:11:09.8/0:03:21.8 (3.3), mem = 3689.1M
Reclaim Optimization WNS Slack 0.030  TNS Slack 0.000 Density 71.08
+---------+---------+--------+--------+------------+--------+
| Density | Commits |  WNS   |  TNS   |    Real    |  Mem   |
+---------+---------+--------+--------+------------+--------+
|   71.08%|        -|   0.030|   0.000|   0:00:00.0| 3696.4M|
|   71.08%|        0|   0.030|   0.000|   0:00:00.0| 3711.4M|
|   71.08%|        1|   0.030|   0.000|   0:00:00.0| 3722.4M|
|   71.08%|        5|   0.030|   0.000|   0:00:00.0| 3728.4M|
|   71.07%|       14|   0.030|   0.000|   0:00:01.0| 3747.4M|
|   71.07%|        0|   0.030|   0.000|   0:00:00.0| 3748.4M|
|   71.07%|        0|   0.030|   0.000|   0:00:00.0| 3748.4M|
+---------+---------+--------+--------+------------+--------+
Reclaim Optimization End WNS Slack 0.030  TNS Slack 0.000 Density 71.07
Bottom Preferred Layer:
+---------------+------------+------------+----------+
|     Layer     |   OPT_LA   |    CLK     |   Rule   |
+---------------+------------+------------+----------+
| metal3 (z=3)  |          0 |        475 | default  |
| metal4 (z=4)  |          1 |          0 | default  |
+---------------+------------+------------+----------+
Via Pillar Rule:
    None

Number of times islegalLocAvaiable called = 0 skipped = 0, called in commitmove = 0, skipped in commitmove = 0
End: Core Area Reclaim Optimization (cpu = 0:00:05.9) (real = 0:00:02.0) **
*** AreaOpt #1 [finish] (clock_opt_design #1) : cpu/real = 0:00:05.9/0:00:01.7 (3.5), totSession cpu/real = 0:11:15.7/0:03:23.5 (3.3), mem = 3748.3M
Executing incremental physical updates
Executing incremental physical updates
End: Area Reclaim Optimization (cpu=0:00:06, real=0:00:02, mem=3690.64M, totSessionCpu=0:11:16).
Info: 475 nets with fixed/cover wires excluded.
Info: 475 clock nets excluded from IPO operation.
Begin: Area Reclaim Optimization
#InfoCS: Num dontuse cells 10, Num usable cells 149, Num real usable cells 125
*** AreaOpt #2 [begin] (clock_opt_design #1) : totSession cpu/real = 0:11:20.9/0:03:25.0 (3.3), mem = 3714.4M
Reclaim Optimization WNS Slack 0.000  TNS Slack 0.000 Density 71.07
+---------+---------+--------+--------+------------+--------+
| Density | Commits |  WNS   |  TNS   |    Real    |  Mem   |
+---------+---------+--------+--------+------------+--------+
|   71.07%|        -|   0.000|   0.000|   0:00:00.0| 3721.5M|
|   71.06%|       17|   0.000|   0.000|   0:00:03.0| 4499.2M|
+---------+---------+--------+--------+------------+--------+
Reclaim Optimization End WNS Slack 0.000  TNS Slack 0.000 Density 71.06
Bottom Preferred Layer:
+---------------+------------+------------+----------+
|     Layer     |   OPT_LA   |    CLK     |   Rule   |
+---------------+------------+------------+----------+
| metal3 (z=3)  |          0 |        475 | default  |
| metal4 (z=4)  |          6 |          0 | default  |
+---------------+------------+------------+----------+
Via Pillar Rule:
    None

Number of times islegalLocAvaiable called = 0 skipped = 0, called in commitmove = 0, skipped in commitmove = 0
End: Core Area Reclaim Optimization (cpu = 0:00:19.4) (real = 0:00:04.0) **
*** AreaOpt #2 [finish] (clock_opt_design #1) : cpu/real = 0:00:19.4/0:00:04.2 (4.6), totSession cpu/real = 0:11:40.3/0:03:29.2 (3.3), mem = 4499.2M
End: Area Reclaim Optimization (cpu=0:00:20, real=0:00:05, mem=3992.77M, totSessionCpu=0:11:40).
Info: 475 nets with fixed/cover wires excluded.
Info: 475 clock nets excluded from IPO operation.
Begin: Area Reclaim Optimization
#InfoCS: Num dontuse cells 10, Num usable cells 149, Num real usable cells 125
*** AreaOpt #3 [begin] (clock_opt_design #1) : totSession cpu/real = 0:11:41.1/0:03:29.8 (3.3), mem = 3981.0M
Reclaim Optimization WNS Slack 0.020  TNS Slack 0.000 Density 71.06
+---------+---------+--------+--------+------------+--------+
| Density | Commits |  WNS   |  TNS   |    Real    |  Mem   |
+---------+---------+--------+--------+------------+--------+
|   71.06%|        -|   0.020|   0.000|   0:00:00.0| 3985.3M|
|   71.06%|        0|   0.020|   0.000|   0:00:01.0| 4001.3M|
|   71.06%|        1|   0.020|   0.000|   0:00:00.0| 4013.3M|
|   71.06%|        0|   0.020|   0.000|   0:00:00.0| 4016.3M|
|   71.06%|        0|   0.020|   0.000|   0:00:00.0| 4017.3M|
|   71.06%|        0|   0.020|   0.000|   0:00:00.0| 4017.3M|
+---------+---------+--------+--------+------------+--------+
Reclaim Optimization End WNS Slack 0.020  TNS Slack 0.000 Density 71.06
Bottom Preferred Layer:
+---------------+------------+------------+----------+
|     Layer     |   OPT_LA   |    CLK     |   Rule   |
+---------------+------------+------------+----------+
| metal3 (z=3)  |          0 |        475 | default  |
| metal4 (z=4)  |          5 |          0 | default  |
+---------------+------------+------------+----------+
Via Pillar Rule:
    None

Number of times islegalLocAvaiable called = 0 skipped = 0, called in commitmove = 0, skipped in commitmove = 0
End: Core Area Reclaim Optimization (cpu = 0:00:04.5) (real = 0:00:01.0) **
*** Starting refinePlace (0:11:46 mem=4012.0M) ***
Total net bbox length = 4.833e+05 (2.414e+05 2.418e+05) (ext = 3.383e+04)
Move report: Detail placement moved 31 insts, mean move: 0.92 um, max move: 3.30 um 
	Max move on inst (FE_OFC1217_rst_i): (165.11, 291.48) --> (163.21, 290.08)
	Runtime: CPU: 0:00:00.7 REAL: 0:00:01.0 MEM: 4042.8MB
Summary Report:
Instances moved: 31 (out of 23264 movable)
Instances flipped: 0
Mean displacement: 0.92 um
Max displacement: 3.30 um (Instance: FE_OFC1217_rst_i) (165.11, 291.48) -> (163.21, 290.08)
	Length: 3 sites, height: 1 rows, site name: FreePDK45_38x28_10R_NP_162NW_34O, cell type: CLKBUF_X1
Physical-only instances moved: 0 (out of 0 movable physical-only)
Total net bbox length = 4.833e+05 (2.414e+05 2.418e+05) (ext = 3.383e+04)
Runtime: CPU: 0:00:00.7 REAL: 0:00:01.0 MEM: 4042.8MB
*** Finished refinePlace (0:11:47 mem=4042.8M) ***
*** maximum move = 3.30 um ***
*** Finished re-routing un-routed nets (4012.0M) ***

*** Finish Physical Update (cpu=0:00:01.3 real=0:00:01.0 mem=4009.0M) ***
*** AreaOpt #3 [finish] (clock_opt_design #1) : cpu/real = 0:00:05.9/0:00:01.9 (3.1), totSession cpu/real = 0:11:47.0/0:03:31.7 (3.3), mem = 4009.0M
End: Area Reclaim Optimization (cpu=0:00:06, real=0:00:02, mem=3958.68M, totSessionCpu=0:11:47).
*** LocalWireReclaim #1 [begin] (clock_opt_design #1) : totSession cpu/real = 0:11:47.4/0:03:32.0 (3.3), mem = 3958.7M
Starting local wire reclaim
*** Starting refinePlace (0:11:47 mem=3959.7M) ***
*** Finished SKP initialization (cpu=0:00:03.1, real=0:00:02.0)***
Timing cost in AAE based: 2550.2168326858700311
Call icdpEval cleanup ...
Move report: Detail placement moved 7111 insts, mean move: 2.37 um, max move: 28.01 um 
	Max move on inst (u_csr/FE_DBTC671_rst_i): (162.83, 78.68) --> (174.04, 61.88)
	Runtime: CPU: 0:00:42.2 REAL: 0:00:30.0 MEM: 4061.1MB
Summary Report:
Instances moved: 7111 (out of 23264 movable)
Instances flipped: 14
Mean displacement: 2.37 um
Max displacement: 28.01 um (Instance: u_csr/FE_DBTC671_rst_i) (162.83, 78.68) -> (174.04, 61.88)
	Length: 3 sites, height: 1 rows, site name: FreePDK45_38x28_10R_NP_162NW_34O, cell type: INV_X2
Physical-only instances moved: 0 (out of 0 movable physical-only)
Runtime: CPU: 0:00:42.3 REAL: 0:00:30.0 MEM: 4061.1MB
*** Finished refinePlace (0:12:30 mem=4061.1M) ***
*** LocalWireReclaim #1 [finish] (clock_opt_design #1) : cpu/real = 0:00:42.4/0:00:29.6 (1.4), totSession cpu/real = 0:12:29.8/0:04:01.6 (3.1), mem = 3956.8M
AAE_INFO: opIsDesignInPostRouteState() is 0
#################################################################################
# Design Stage: PreRoute
# Design Name: riscv_core
# Design Mode: 45nm
# Analysis Mode: MMMC OCV 
# Parasitics Mode: No SPEF/RCDB 
# Signoff Settings: SI Off 
#################################################################################
Start delay calculation (fullDC) (16 T). (MEM=3790.26)
Total number of fetched objects 35039
End delay calculation. (MEM=3836.17 CPU=0:00:06.4 REAL=0:00:01.0)
End delay calculation (fullDC). (MEM=3836.17 CPU=0:00:07.4 REAL=0:00:01.0)
eGR doReRoute: optGuide
[NR-eGR] Early global route reroute all routable nets
[NR-eGR] Track table information for default rule: 
[NR-eGR] metal1 has single uniform track structure
[NR-eGR] metal2 has single uniform track structure
[NR-eGR] metal3 has single uniform track structure
[NR-eGR] metal4 has single uniform track structure
[NR-eGR] metal5 has single uniform track structure
[NR-eGR] metal6 has single uniform track structure
[NR-eGR] metal7 has single uniform track structure
[NR-eGR] metal8 has single uniform track structure
[NR-eGR] metal9 has single uniform track structure
[NR-eGR] metal10 has single uniform track structure
[NR-eGR] Read 0 PG shapes
[NR-eGR] Read 0 clock shapes
[NR-eGR] Read 0 other shapes
[NR-eGR] #Routing Blockages  : 0
[NR-eGR] #Bump Blockages     : 0
[NR-eGR] #Instance Blockages : 0
[NR-eGR] #PG Blockages       : 0
[NR-eGR] #Halo Blockages     : 0
[NR-eGR] #Boundary Blockages : 0
[NR-eGR] #Clock Blockages    : 0
[NR-eGR] #Other Blockages    : 0
[NR-eGR] #prerouted nets         : 475
[NR-eGR] #prerouted special nets : 0
[NR-eGR] #prerouted wires        : 16207
[NR-eGR] Read 30688 nets ( ignored 475 )
[NR-eGR] Handle net priority by net group ordering
[NR-eGR] == Routing rule table ==
[NR-eGR]  ID  Name       #Nets 
[NR-eGR] ----------------------
[NR-eGR]   0  (Default)  30213 
[NR-eGR] Layer group 1: route 30213 net(s) in layer range [2, 10]
[NR-eGR] Early Global Route overflow of layer group 1: 0.01% H + 0.02% V. EstWL: 5.688522e+05um
[NR-eGR] Congestion Analysis By layer: (blocked Gcells are excluded) 
[NR-eGR]                        OverCon           OverCon            
[NR-eGR]                         #Gcell            #Gcell     %Gcell
[NR-eGR]        Layer             (1-2)             (3-4)    OverCon
[NR-eGR] ---------------------------------------------------------------
[NR-eGR]  metal1 ( 1)         0( 0.00%)         0( 0.00%)   ( 0.00%) 
[NR-eGR]  metal2 ( 2)       288( 0.57%)         3( 0.01%)   ( 0.57%) 
[NR-eGR]  metal3 ( 3)        73( 0.14%)         3( 0.01%)   ( 0.15%) 
[NR-eGR]  metal4 ( 4)       130( 0.26%)         4( 0.01%)   ( 0.27%) 
[NR-eGR]  metal5 ( 5)        27( 0.05%)         0( 0.00%)   ( 0.05%) 
[NR-eGR]  metal6 ( 6)        25( 0.05%)         0( 0.00%)   ( 0.05%) 
[NR-eGR]  metal7 ( 7)        11( 0.02%)         1( 0.00%)   ( 0.02%) 
[NR-eGR]  metal8 ( 8)         0( 0.00%)         0( 0.00%)   ( 0.00%) 
[NR-eGR]  metal9 ( 9)         0( 0.00%)         0( 0.00%)   ( 0.00%) 
[NR-eGR] metal10 (10)         0( 0.00%)         0( 0.00%)   ( 0.00%) 
[NR-eGR] ---------------------------------------------------------------
[NR-eGR]        Total       554( 0.13%)        11( 0.00%)   ( 0.13%) 
[NR-eGR] 
[NR-eGR] Overflow after Early Global Route 0.02% H + 0.01% V
[NR-eGR] Connected 0 must-join pins/ports (post-process)
[NR-eGR] Total eGR-routed clock nets wire length: 0um, number of vias: 0
[NR-eGR] --------------------------------------------------------------------------
[NR-eGR]                  Length (um)    Vias 
[NR-eGR] -------------------------------------
[NR-eGR]  metal1   (1H)             0  123934 
[NR-eGR]  metal2   (2V)        146930  167394 
[NR-eGR]  metal3   (3H)        224363   29977 
[NR-eGR]  metal4   (4V)         80330   11419 
[NR-eGR]  metal5   (5H)         64907    7746 
[NR-eGR]  metal6   (6V)         73706    1161 
[NR-eGR]  metal7   (7H)         10070     440 
[NR-eGR]  metal8   (8V)          9211      26 
[NR-eGR]  metal9   (9H)            12       6 
[NR-eGR]  metal10  (10V)           12       0 
[NR-eGR] -------------------------------------
[NR-eGR]           Total       609541  342103 
[NR-eGR] --------------------------------------------------------------------------
[NR-eGR] Total half perimeter of net bounding box: 481052um
[NR-eGR] Total length: 609541um, number of vias: 342103
[NR-eGR] --------------------------------------------------------------------------
[NR-eGR] Finished Early Global Route kernel ( CPU: 8.41 sec, Real: 1.39 sec, Curr Mem: 1.32 MB )
[NR-eGR] Finished Early Global Route ( CPU: 8.42 sec, Real: 1.41 sec, Curr Mem: 1.24 MB )
Extraction called for design 'riscv_core' of instances=28945 and nets=38755 using extraction engine 'preRoute' .
PreRoute RC Extraction called for design riscv_core.
RC Extraction called in multi-corner(2) mode.
RCMode: PreRoute
      RC Corner Indexes            0       1   
Capacitance Scaling Factor   : 1.00000 1.00000 
Resistance Scaling Factor    : 1.00000 1.00000 
Clock Cap. Scaling Factor    : 1.00000 1.00000 
Clock Res. Scaling Factor    : 1.00000 1.00000 
Shrink Factor                : 1.00000
PreRoute extraction is honoring NDR/Shielding/ExtraSpace for clock nets.
Using Quantus QRC technology file ...
Updating RC Grid density data for preRoute extraction ...
Initializing multi-corner resistance tables ...
PreRoute RC Extraction DONE (CPU Time: 0:00:00.3  Real Time: 0:00:00.0  MEM: 3418.055M)
Compute RC Scale Done ...
[hotspot] +------------+---------------+---------------+
[hotspot] |            |   max hotspot | total hotspot |
[hotspot] +------------+---------------+---------------+
[hotspot] | normalized |          0.00 |          0.00 |
[hotspot] +------------+---------------+---------------+
Local HotSpot Analysis: normalized max congestion hotspot area = 0.00, normalized total congestion hotspot area = 0.00 (area is in unit of 4 std-cell row bins)
Begin: GigaOpt Route Type Constraints Refinement
*** CongRefineRouteType #2 [begin] (clock_opt_design #1) : totSession cpu/real = 0:12:53.1/0:04:06.5 (3.1), mem = 3419.3M
Updated routing constraints on 0 nets.
Bottom Preferred Layer:
+---------------+------------+------------+----------+
|     Layer     |   OPT_LA   |    CLK     |   Rule   |
+---------------+------------+------------+----------+
| metal3 (z=3)  |          0 |        475 | default  |
| metal4 (z=4)  |          5 |          0 | default  |
+---------------+------------+------------+----------+
Via Pillar Rule:
    None
*** CongRefineRouteType #2 [finish] (clock_opt_design #1) : cpu/real = 0:00:00.3/0:00:00.1 (2.0), totSession cpu/real = 0:12:53.3/0:04:06.6 (3.1), mem = 3421.2M
End: GigaOpt Route Type Constraints Refinement
skip EGR on cluster skew clock nets.
Starting delay calculation for Setup views
AAE_INFO: opIsDesignInPostRouteState() is 0
#################################################################################
# Design Stage: PreRoute
# Design Name: riscv_core
# Design Mode: 45nm
# Analysis Mode: MMMC OCV 
# Parasitics Mode: No SPEF/RCDB 
# Signoff Settings: SI Off 
#################################################################################
Start delay calculation (fullDC) (16 T). (MEM=3684.92)
Total number of fetched objects 35039
End delay calculation. (MEM=3749.15 CPU=0:00:06.0 REAL=0:00:00.0)
End delay calculation (fullDC). (MEM=3749.15 CPU=0:00:07.0 REAL=0:00:00.0)
*** Done Building Timing Graph (cpu=0:00:11.6 real=0:00:02.0 totSessionCpu=0:13:05 mem=3759.1M)
Begin: GigaOpt postEco DRV Optimization
*** DrvOpt #2 [begin] (clock_opt_design #1) : totSession cpu/real = 0:13:06.0/0:04:08.4 (3.2), mem = 3759.1M
Info: 475 nets with fixed/cover wires excluded.
Info: 475 clock nets excluded from IPO operation.
	CornerforLayerOpt timing analysis view WC_VIEW has been selected for calibration 
	CornerforLayerOpt timing analysis view WC_VIEW has been selected for calibration 
	CornerforLayerOpt timing analysis view WC_VIEW has been selected for calibration 
	CornerforLayerOpt timing analysis view WC_VIEW has been selected for calibration 
	CornerforLayerOpt timing analysis view WC_VIEW has been selected for calibration 
	CornerforLayerOpt timing analysis view WC_VIEW has been selected for calibration 
	CornerforLayerOpt timing analysis view WC_VIEW has been selected for calibration 
	CornerforLayerOpt timing analysis view WC_VIEW has been selected for calibration 
#InfoCS: Num dontuse cells 10, Num usable cells 149, Num real usable cells 125
+-------------------------------------------------------------------------------------------------------------------------------------------------------+
|        max-tran       |        max-cap        |  max-fanout |  max-length |       setup       |        |        |        |       |          |         |
+-------------------------------------------------------------------------------------------------------------------------------------------------------+
| nets | terms|  wViol  | nets | terms|  wViol  | nets | terms| nets | terms|   WNS   |   TNS   |  #Buf  |  #Inv  | #Resize|Density|   Real   |   Mem   |
+-------------------------------------------------------------------------------------------------------------------------------------------------------+
|     0|     0|     0.00|    26|    26|    -0.00|     0|     0|     0|     0|     3.70|     0.00|       0|       0|       0| 71.06%|          |         |
|     0|     0|     0.00|     0|     0|     0.00|     0|     0|     0|     0|     3.70|     0.00|       9|       0|      17| 71.08%| 0:00:01.0|  3981.3M|
|     0|     0|     0.00|     0|     0|     0.00|     0|     0|     0|     0|     3.70|     0.00|       0|       0|       0| 71.08%| 0:00:00.0|  3984.5M|
+-------------------------------------------------------------------------------------------------------------------------------------------------------+
Bottom Preferred Layer:
+---------------+------------+------------+----------+
|     Layer     |   OPT_LA   |    CLK     |   Rule   |
+---------------+------------+------------+----------+
| metal3 (z=3)  |          0 |        475 | default  |
| metal4 (z=4)  |          4 |          0 | default  |
+---------------+------------+------------+----------+
Via Pillar Rule:
    None

*** Finish DRV Fixing (cpu=0:00:02.1 real=0:00:01.0 mem=3985.4M) ***

*** DrvOpt #2 [finish] (clock_opt_design #1) : cpu/real = 0:00:03.5/0:00:01.1 (3.2), totSession cpu/real = 0:13:09.5/0:04:09.5 (3.2), mem = 3815.8M
End: GigaOpt postEco DRV Optimization
**INFO: Triggering refine place with 0 non-legal commits and 0 dirty legal commits
Running refinePlace -preserveRouting true -hardFence false
*** Starting refinePlace (0:13:10 mem=3814.8M) ***

Starting Small incrNP...
Density distribution unevenness ratio = 10.344%
Skipped incrNP (cpu=0:00:00.0, real=0:00:00.0, mem=3815.8M)
End of Small incrNP (cpu=0:00:00.0, real=0:00:00.0)
Move report: Detail placement moved 12 insts, mean move: 0.82 um, max move: 3.56 um 
	Max move on inst (u_csr/FE_OFC1104_rst_i): (157.89, 113.68) --> (158.65, 110.88)
	Runtime: CPU: 0:00:00.8 REAL: 0:00:00.0 MEM: 3829.4MB
Summary Report:
Instances moved: 12 (out of 23273 movable)
Instances flipped: 0
Mean displacement: 0.82 um
Max displacement: 3.56 um (Instance: u_csr/FE_OFC1104_rst_i) (157.89, 113.68) -> (158.65, 110.88)
	Length: 3 sites, height: 1 rows, site name: FreePDK45_38x28_10R_NP_162NW_34O, cell type: INV_X2
Physical-only instances moved: 0 (out of 0 movable physical-only)
Runtime: CPU: 0:00:00.8 REAL: 0:00:00.0 MEM: 3829.4MB
*** Finished refinePlace (0:13:11 mem=3829.4M) ***
Design TNS changes after trial route: 0.000 -> 0.000
GigaOpt: Skipping post-eco QFTNS optimization
Register exp ratio and priority group on 4 nets on 35048 nets : 
z=4 : 4 nets

Active setup views:
 WC_VIEW
  Dominating endpoints: 0
  Dominating TNS: -0.000

Extraction called for design 'riscv_core' of instances=28954 and nets=38764 using extraction engine 'preRoute' .
PreRoute RC Extraction called for design riscv_core.
RC Extraction called in multi-corner(2) mode.
RCMode: PreRoute
      RC Corner Indexes            0       1   
Capacitance Scaling Factor   : 1.00000 1.00000 
Resistance Scaling Factor    : 1.00000 1.00000 
Clock Cap. Scaling Factor    : 1.00000 1.00000 
Clock Res. Scaling Factor    : 1.00000 1.00000 
Shrink Factor                : 1.00000
PreRoute extraction is honoring NDR/Shielding/ExtraSpace for clock nets.
Using Quantus QRC technology file ...
Grid density data update skipped
Initializing multi-corner resistance tables ...
PreRoute RC Extraction DONE (CPU Time: 0:00:00.3  Real Time: 0:00:00.0  MEM: 3416.332M)
Starting delay calculation for Setup views
AAE_INFO: opIsDesignInPostRouteState() is 0
#################################################################################
# Design Stage: PreRoute
# Design Name: riscv_core
# Design Mode: 45nm
# Analysis Mode: MMMC OCV 
# Parasitics Mode: No SPEF/RCDB 
# Signoff Settings: SI Off 
#################################################################################
Start delay calculation (fullDC) (16 T). (MEM=3688.29)
Total number of fetched objects 35048
End delay calculation. (MEM=3741.16 CPU=0:00:06.5 REAL=0:00:00.0)
End delay calculation (fullDC). (MEM=3741.16 CPU=0:00:07.5 REAL=0:00:01.0)
*** Done Building Timing Graph (cpu=0:00:12.1 real=0:00:01.0 totSessionCpu=0:13:27 mem=3749.2M)
OPTC: user 20.0 (reset)
[NR-eGR] Early global route reroute all routable nets
[NR-eGR] Track table information for default rule: 
[NR-eGR] metal1 has single uniform track structure
[NR-eGR] metal2 has single uniform track structure
[NR-eGR] metal3 has single uniform track structure
[NR-eGR] metal4 has single uniform track structure
[NR-eGR] metal5 has single uniform track structure
[NR-eGR] metal6 has single uniform track structure
[NR-eGR] metal7 has single uniform track structure
[NR-eGR] metal8 has single uniform track structure
[NR-eGR] metal9 has single uniform track structure
[NR-eGR] metal10 has single uniform track structure
[NR-eGR] Read 0 PG shapes
[NR-eGR] Read 0 clock shapes
[NR-eGR] Read 0 other shapes
[NR-eGR] #Routing Blockages  : 0
[NR-eGR] #Bump Blockages     : 0
[NR-eGR] #Instance Blockages : 0
[NR-eGR] #PG Blockages       : 0
[NR-eGR] #Halo Blockages     : 0
[NR-eGR] #Boundary Blockages : 0
[NR-eGR] #Clock Blockages    : 0
[NR-eGR] #Other Blockages    : 0
[NR-eGR] #prerouted nets         : 475
[NR-eGR] #prerouted special nets : 0
[NR-eGR] #prerouted wires        : 16207
[NR-eGR] Read 30697 nets ( ignored 475 )
[NR-eGR] Handle net priority by net group ordering
[NR-eGR] == Routing rule table ==
[NR-eGR]  ID  Name       #Nets 
[NR-eGR] ----------------------
[NR-eGR]   0  (Default)  30222 
[NR-eGR] Layer group 1: route 30222 net(s) in layer range [2, 10]
[NR-eGR] Early Global Route overflow of layer group 1: 0.01% H + 0.02% V. EstWL: 5.688620e+05um
[NR-eGR] Congestion Analysis By layer: (blocked Gcells are excluded) 
[NR-eGR]                        OverCon           OverCon            
[NR-eGR]                         #Gcell            #Gcell     %Gcell
[NR-eGR]        Layer             (1-2)               (3)    OverCon
[NR-eGR] ---------------------------------------------------------------
[NR-eGR]  metal1 ( 1)         0( 0.00%)         0( 0.00%)   ( 0.00%) 
[NR-eGR]  metal2 ( 2)       281( 0.56%)         3( 0.01%)   ( 0.56%) 
[NR-eGR]  metal3 ( 3)        74( 0.15%)         4( 0.01%)   ( 0.15%) 
[NR-eGR]  metal4 ( 4)       133( 0.26%)         2( 0.00%)   ( 0.27%) 
[NR-eGR]  metal5 ( 5)        31( 0.06%)         0( 0.00%)   ( 0.06%) 
[NR-eGR]  metal6 ( 6)        25( 0.05%)         0( 0.00%)   ( 0.05%) 
[NR-eGR]  metal7 ( 7)         8( 0.02%)         1( 0.00%)   ( 0.02%) 
[NR-eGR]  metal8 ( 8)         0( 0.00%)         0( 0.00%)   ( 0.00%) 
[NR-eGR]  metal9 ( 9)         0( 0.00%)         0( 0.00%)   ( 0.00%) 
[NR-eGR] metal10 (10)         0( 0.00%)         0( 0.00%)   ( 0.00%) 
[NR-eGR] ---------------------------------------------------------------
[NR-eGR]        Total       552( 0.13%)        10( 0.00%)   ( 0.13%) 
[NR-eGR] 
[NR-eGR] Overflow after Early Global Route 0.02% H + 0.00% V
[NR-eGR] Finished Early Global Route kernel ( CPU: 6.96 sec, Real: 0.96 sec, Curr Mem: 1.75 MB )
[NR-eGR] Finished Early Global Route ( CPU: 6.97 sec, Real: 0.97 sec, Curr Mem: 1.69 MB )
[hotspot] +------------+---------------+---------------+
[hotspot] |            |   max hotspot | total hotspot |
[hotspot] +------------+---------------+---------------+
[hotspot] | normalized |          0.00 |          0.00 |
[hotspot] +------------+---------------+---------------+
Local HotSpot Analysis: normalized max congestion hotspot area = 0.00, normalized total congestion hotspot area = 0.00 (area is in unit of 4 std-cell row bins)
[hotspot] Hotspot report including placement blocked areas
[hotspot] +------------+---------------+---------------+
[hotspot] |            |   max hotspot | total hotspot |
[hotspot] +------------+---------------+---------------+
[hotspot] | normalized |          0.89 |          0.89 |
[hotspot] +------------+---------------+---------------+
Local HotSpot Analysis (blockage included): normalized max congestion hotspot area = 0.89, normalized total congestion hotspot area = 0.89 (area is in unit of 4 std-cell row bins)
[hotspot] top 1 congestion hotspot bounding boxes and scores of normalized hotspot
[hotspot] +-----+-------------------------------------+---------------+-------------------------------+
[hotspot] | top |            hotspot bbox             | hotspot score |           module              |
[hotspot] +-----+-------------------------------------+---------------+-------------------------------+
[hotspot] |  1  |   151.47   308.28   162.67   315.28 |        0.89   |             NA                |
[hotspot] +-----+-------------------------------------+---------------+-------------------------------+
Reported timing to dir ./timingReports
**optDesign ... cpu = 0:03:00, real = 0:01:20, mem = 3664.6M, totSessionCpu=0:13:37 **

OptSummary:

------------------------------------------------------------------
     optDesign Final Summary
------------------------------------------------------------------

Setup views included:
 WC_VIEW 

+--------------------+---------+---------+---------+---------+---------+---------+
|     Setup mode     |   all   | reg2reg | in2reg  | reg2out | in2out  | default |
+--------------------+---------+---------+---------+---------+---------+---------+
|           WNS (ns):|  3.703  |  5.183  |  3.703  |  6.505  |  4.843  |  0.000  |
|           TNS (ns):|  0.000  |  0.000  |  0.000  |  0.000  |  0.000  |  0.000  |
|    Violating Paths:|    0    |    0    |    0    |    0    |    0    |    0    |
|          All Paths:|  11140  |  11006  |  4248   |   102   |   35    |    0    |
+--------------------+---------+---------+---------+---------+---------+---------+

+----------------+-------------------------------+------------------+
|                |              Real             |       Total      |
|    DRVs        +------------------+------------+------------------|
|                |  Nr nets(terms)  | Worst Vio  |  Nr nets(terms)  |
+----------------+------------------+------------+------------------+
|   max_cap      |      0 (0)       |   0.000    |      0 (0)       |
|   max_tran     |      0 (0)       |   0.000    |      0 (0)       |
|   max_fanout   |      0 (0)       |     0      |      0 (0)       |
|   max_length   |      0 (0)       |     0      |      0 (0)       |
+----------------+------------------+------------+------------------+

Density: 71.081%
Routing Overflow: 0.02% H and 0.00% V
------------------------------------------------------------------
Begin: Collecting metrics
 ------------------------------------------------------------------------------------------------------------------------------------------------------------------- 
| Snapshot                | WNS                  | TNS                  | Density (%) | Hotspot                   | Resource               | DRVs       | Layer-OPT |
|                         | HEPG (ns) | ALL (ns) | HEPG (ns) | ALL (ns) |             | Max (bins) | Total (bins) | Real (s) | Memory (MB) | Tran | Cap | metal4    |
|-------------------------+-----------+----------+-----------+----------+-------------+------------+--------------+----------+-------------+------+-----+-----------|
| initial_summary         |           |    3.702 |           |        0 |       71.08 |            |              | 0:00:02  |        3616 |    0 |   0 |           |
| route_type_refinement   |           |          |           |          |             |            |              | 0:00:00  |        3617 |      |     |         2 |
| simplify_netlist        |           |          |           |          |             |            |              | 0:00:01  |        3616 |      |     |           |
| excluded_clk_net_fixing |           |          |           |          |             |            |              | 0:00:00  |        3616 |      |     |           |
| global_opt              |           |    3.702 |           |        0 |       71.08 |            |              | 0:00:02  |        3680 |      |     |         2 |
| area_reclaiming         |     0.000 |    3.702 |         0 |        0 |       71.07 |            |              | 0:00:02  |        3691 |      |     |         1 |
| area_reclaiming_2       |     5.178 |    3.702 |         0 |        0 |       71.06 |            |              | 0:00:05  |        3993 |      |     |         6 |
| area_reclaiming_3       |     5.178 |    3.702 |         0 |        0 |       71.06 |            |              | 0:00:02  |        3959 |      |     |         5 |
| local_wire_reclaim      |           |          |           |          |             |            |              | 0:00:30  |        3957 |      |     |           |
| global_route            |           |          |           |          |             |       0.00 |         0.00 | 0:00:03  |        3419 |      |     |           |
| route_type_refinement_2 |           |          |           |          |             |            |              | 0:00:00  |        3421 |      |     |         5 |
| drv_eco_fixing          |     5.183 |    3.703 |         0 |        0 |       71.08 |            |              | 0:00:01  |        3814 |    0 |   0 |         4 |
| legalization            |           |          |           |          |             |            |              | 0:00:01  |        3814 |      |     |           |
| final_summary           |     5.183 |    3.703 |           |        0 |       71.08 |       0.89 |         0.89 | 0:00:04  |        3680 |    0 |   0 |           |
 ------------------------------------------------------------------------------------------------------------------------------------------------------------------- 
End: Collecting metrics
**optDesign ... cpu = 0:03:06, real = 0:01:23, mem = 3679.7M, totSessionCpu=0:13:43 **
*** Finished optDesign ***
      flow.cputime  flow.realtime  timing.setup.tns  timing.setup.wns  snapshot
UM:*                                                                   final
      flow.cputime  flow.realtime  timing.setup.tns  timing.setup.wns  snapshot
UM:*                                                                   opt_design_postcts
Info: final physical memory for 17 CRR processes is 1041.25MB.
Info: Summary of CRR changes:
      - Timing transform commits:       0
Info: Destroy the CCOpt slew target map.
Set place::cacheFPlanSiteMark to 0
(clock_opt_design): dumping clock statistics to metric
Updating ideal nets and annotations...
Clock tree spec update: Ideal nets, transition and delay annotations were updated to match active timing constraints.
Updating ideal nets and annotations done. (took cpu=0:00:00.0 real=0:00:00.0)
No differences between SDC and CTS ideal net status found.
Clock tree timing engine global stage delay update for WC:setup.early...
Clock tree timing engine global stage delay update for WC:setup.early done. (took cpu=0:00:00.4 real=0:00:00.0)
Clock tree timing engine global stage delay update for WC:setup.late...
Clock tree timing engine global stage delay update for WC:setup.late done. (took cpu=0:00:00.1 real=0:00:00.0)
Clock tree timing engine global stage delay update for BC:hold.early...
Clock tree timing engine global stage delay update for BC:hold.early done. (took cpu=0:00:00.1 real=0:00:00.0)
Clock tree timing engine global stage delay update for BC:hold.late...
Clock tree timing engine global stage delay update for BC:hold.late done. (took cpu=0:00:00.1 real=0:00:00.0)
UM: Running design category ...
      flow.cputime  flow.realtime  timing.setup.tns  timing.setup.wns  snapshot
UM:         405.98            146          0.000 ns          3.703 ns  clock_opt_design

*** Summary of all messages that are not suppressed in this session:
Severity  ID               Count  Summary                                  
WARNING   IMPSP-9025           1  No scan chain specified/traced.          
WARNING   IMPCCOPT-1184        1  The library has no usable balanced %ss f...
*** Message Summary: 2 warning(s), 0 error(s)

*** clock_opt_design #1 [finish] () : cpu/real = 0:06:42.6/0:02:18.5 (2.9), totSession cpu/real = 0:13:45.5/0:04:24.2 (3.1), mem = 3695.4M
Ending "clock_opt_design" (total cpu=0:06:43, real=0:02:19, peak res=4507.2M, current mem=3587.1M)
<CMD> set_propagated_clock [all_clocks]
<CMD> setNanoRouteMode -routeWithSiDriven true
<CMD> setNanoRouteMode -routeWithTimingDriven true
<CMD> setNanoRouteMode -routeUseAutoVia true
<CMD> setNanoRouteMode -routeWithViaInPin 1:1
<CMD> setNanoRouteMode -routeWithViaOnlyForStandardCellPin 1:1
<CMD> routeDesign
#% Begin routeDesign (date=06/08 11:12:09, mem=3316.1M)
#routeDesign: cpu time = 00:00:00, elapsed time = 00:00:00, memory = 3316.07 (MB), peak = 4507.20 (MB)
AAE_INFO: Pre Route call back at the beginning of routeDesign
#**INFO: setDesignMode -flowEffort standard
#**INFO: setDesignMode -powerEffort none
**INFO: User settings:
setNanoRouteMode -route_route_side                            front
setNanoRouteMode -extract_qrc_n2p_accuracy_enhancement        true
setNanoRouteMode -route_extract_third_party_compatible        false
setNanoRouteMode -route_global_exp_timing_driven_std_delay    10.1
setNanoRouteMode -route_exp_design_mode_bottom_routing_layer  2
setNanoRouteMode -route_exp_design_mode_top_routing_layer     10
setNanoRouteMode -route_use_auto_via                          true
setNanoRouteMode -route_with_si_driven                        true
setNanoRouteMode -route_with_timing_driven                    true
setNanoRouteMode -route_with_via_in_pin                       1:1
setNanoRouteMode -route_with_via_only_for_stdcell_pin         1:1
setDesignMode -bottomRoutingLayer                             2
setDesignMode -process                                        45
setDesignMode -topRoutingLayer                                10
setExtractRCMode -coupling_c_th                               3
setExtractRCMode -engine                                      preRoute
setExtractRCMode -relative_c_th                               0.03
setExtractRCMode -total_c_th                                  5
setDelayCalMode -enable_high_fanout                           true
setDelayCalMode -enable_ideal_seq_async_pins                  false
setDelayCalMode -eng_enablePrePlacedFlow                      false
setDelayCalMode -engine                                       aae
setDelayCalMode -ignoreNetLoad                                false
setDelayCalMode -socv_accuracy_mode                           low
setSIMode -separate_delta_delay_on_data                       true

#**INFO: multi-cut via swapping will be performed after routing.
#**INFO: All auto set options tuned by routeDesign will be restored to their original settings on command completion.
Begin checking placement ... (start mem=3316.1M, init mem=3317.9M)
*info: Placed = 28954          (Fixed = 5681)
*info: Unplaced = 0           
Placement Density:71.08%(61702/86806)
Placement Density (including fixed std cells):71.08%(61702/86806)
Finished checkPlace (total: cpu=0:00:00.3, real=0:00:00.0; vio checks: cpu=0:00:00.3, real=0:00:00.0; mem=3317.5M)

changeUseClockNetStatus Option :  -ignoreSkipRoutingNets -noFixedNetWires 
*** Changed status on (475) nets in Clock.
*** End changeUseClockNetStatus (cpu=0:00:00.0, real=0:00:00.0, mem=3317.5M) ***
#Start route 475 clock and analog nets...
% Begin globalDetailRoute (date=06/08 11:12:09, mem=3315.4M)

globalDetailRoute

#Start globalDetailRoute on Mon Jun  8 11:12:09 2026
#
Grid density data update skipped
Initializing multi-corner resistance tables ...
#WARNING (NRIG-1303) The congestion map does not match the GCELL grid. Clearing the congestion map.
#WARNING (NRDB-2120) Special net VSS is missing wiring shapes, will disable tie-net connections to this net.
#NanoRoute Version 25.12-s079_1 NR251112-0044/25_12-UB
#Skip comparing routing design signature in db-snapshot flow
#Inside shield_view_init(), force=1, the_init_status=0
#The shielding rule is LEF_DEFAULT
#Turn off shielding eco because there is no existing shielding wire
#Total number of trivial nets (e.g. < 2 pins) = 8067 (skipped).
#Total number of nets with skipped attribute = 30222 (skipped).
#Total number of routable nets = 475.
#Total number of nets in the design = 38764.
#475 routable nets have routed wires.
#30222 skipped nets have only detail routed wires.
#475 detail routed (routable) nets have been constrained (e.g. have preferred extra spacing, require shielding etc.)
#No nets have been global routed.
#Using multithreading with 16 threads.
#Start routing data preparation on Mon Jun  8 11:12:10 2026
#
#Rebuild pin access data for design.
#Rebuild pin access data for option change.
#Initial pin access analysis.
#Detail pin access analysis.
#Done pin access analysis.
# metal1       H   Track-Pitch = 0.14000    Line-2-Via Pitch = 0.13500
# metal2       V   Track-Pitch = 0.19000    Line-2-Via Pitch = 0.14000
# metal3       H   Track-Pitch = 0.14000    Line-2-Via Pitch = 0.14000
# metal4       V   Track-Pitch = 0.28000    Line-2-Via Pitch = 0.28000
# metal5       H   Track-Pitch = 0.28000    Line-2-Via Pitch = 0.28000
# metal6       V   Track-Pitch = 0.28000    Line-2-Via Pitch = 0.28000
# metal7       H   Track-Pitch = 0.84000    Line-2-Via Pitch = 0.80000
# metal8       V   Track-Pitch = 0.84000    Line-2-Via Pitch = 0.80000
# metal9       H   Track-Pitch = 1.60000    Line-2-Via Pitch = 1.60000
# metal10      V   Track-Pitch = 1.68000    Line-2-Via Pitch = 1.60000
#shield_layer  1: layer_id= 2 shield_wire_on_grid=0 shield_via_on_grid=0 is_hard_wire_on_grid=0 allow_ww=1
#shield_layer  2: layer_id= 4 shield_wire_on_grid=0 shield_via_on_grid=0 is_hard_wire_on_grid=0 allow_ww=1
#shield_layer  3: layer_id= 6 shield_wire_on_grid=0 shield_via_on_grid=0 is_hard_wire_on_grid=0 allow_ww=1
#shield_layer  4: layer_id= 8 shield_wire_on_grid=0 shield_via_on_grid=0 is_hard_wire_on_grid=0 allow_ww=1
#shield_layer  5: layer_id=10 shield_wire_on_grid=0 shield_via_on_grid=0 is_hard_wire_on_grid=0 allow_ww=1
#shield_layer  6: layer_id=12 shield_wire_on_grid=0 shield_via_on_grid=0 is_hard_wire_on_grid=0 allow_ww=1
#shield_layer  7: layer_id=14 shield_wire_on_grid=0 shield_via_on_grid=0 is_hard_wire_on_grid=0 allow_ww=1
#shield_layer  8: layer_id=16 shield_wire_on_grid=0 shield_via_on_grid=0 is_hard_wire_on_grid=0 allow_ww=1
#shield_layer  9: layer_id=18 shield_wire_on_grid=0 shield_via_on_grid=0 is_hard_wire_on_grid=0 allow_ww=1
#shield_layer 10: layer_id=20 shield_wire_on_grid=0 shield_via_on_grid=0 is_hard_wire_on_grid=0 allow_ww=1
#Bottom routing layer index=2(metal2), bottom routing layer for shielding=2(metal2), bottom shield layer=2(metal2) top shield layer=10(metal10)
#shield_bottom_stripe_layer=1(metal1), shield_top_stripe_layer=10(metal10)
#pin_access_rlayer=2(metal2) num_routing_layer=10 top_routing_layer=10 top_ripin_layer=10
#shield_top_dpt_rlayer=-1 top_rlayer=10 top_trim_metal_rlayer=-1 rlayer_lowest=1 bottom_rlayer=2
#enable_trim_layer_shield=F enable_dpt_layer_shield=F has_line_end_grid=F
#cpu time = 00:00:00, elapsed time = 00:00:00, memory = 3330.97 (MB), peak = 4507.20 (MB)
#Regenerating Ggrids automatically.
#Auto generating G-grids with size=15 tracks, using layer metal3's pitch = 0.14000.
#Using automatically generated G-grids.
#Done routing data preparation.
#cpu time = 00:00:01, elapsed time = 00:00:00, memory = 3341.97 (MB), peak = 4507.20 (MB)
#
#Finished routing data preparation on Mon Jun  8 11:12:10 2026
#
#Cpu time = 00:00:01
#Elapsed time = 00:00:00
#Increased memory = 11.73 (MB)
#Total memory = 3341.97 (MB)
#Peak memory = 4507.20 (MB)
#
#
#Start global routing on Mon Jun  8 11:12:10 2026
#
#
#Start global routing initialization on Mon Jun  8 11:12:10 2026
#
#WARNING (NRGR-22) Design is already detail routed.
#Routing data preparation, pin analysis, global routing and track assignment statistics:
#Cpu time = 00:00:01
#Elapsed time = 00:00:00
#Increased memory = 11.46 (MB)
#Total memory = 3341.71 (MB)
#Peak memory = 4507.20 (MB)
#Using multithreading with 16 threads.
#
#Start Detail Routing..
#start initial detail routing ...
# ECO: 85.28% of the total area was rechecked for DRC, and 0.00% required routing.
#   number of violations = 2719
#
#  By Layer and Type:
#
#---------+------+-------+
#  -      | ViaIP| Totals|
#---------+------+-------+
#  metal1 |  2719|   2719|
#  Totals |  2719|   2719|
#---------+------+-------+
#
#8021 out of 28954 instances (27.7%) need to be verified(marked ipoed), dirty area = 11.4%.
#   number of violations = 2760
#
#  By Layer and Type:
#
#---------+------+-------+
#  -      | ViaIP| Totals|
#---------+------+-------+
#  metal1 |  2760|   2760|
#  Totals |  2760|   2760|
#---------+------+-------+
#
#cpu time = 00:00:11, elapsed time = 00:00:01, memory = 3398.25 (MB), peak = 4507.20 (MB)
#start 1st optimization iteration ...
#   number of violations = 1
#
#  By Layer and Type:
#
#---------+------+-------+
#  -      | ViaIP| Totals|
#---------+------+-------+
#  metal1 |     1|      1|
#  Totals |     1|      1|
#---------+------+-------+
#
#cpu time = 00:00:11, elapsed time = 00:00:01, memory = 3418.38 (MB), peak = 4507.20 (MB)
#start 2nd optimization iteration ...
#   number of violations = 0
#cpu time = 00:00:00, elapsed time = 00:00:00, memory = 3419.86 (MB), peak = 4507.20 (MB)
#Complete Detail Routing.
#Total number of nets with non-default rule or having extra spacing = 475
#
#  Routing Statistics
#
#----------------+-----------+------+
#  Layer         | Length(um)|  Vias|
#----------------+-----------+------+
#  active ( 0H)  |          0|     0|
#  metal1 ( 1H)  |          0|  6155|
#  metal2 ( 2V)  |       3244|  5794|
#  metal3 ( 3H)  |       8817|  4115|
#  metal4 ( 4V)  |       6836|     4|
#  metal5 ( 5H)  |         16|     0|
#  metal6 ( 6V)  |          0|     0|
#  metal7 ( 7H)  |          0|     0|
#  metal8 ( 8V)  |          0|     0|
#  metal9 ( 9H)  |          0|     0|
#  metal10 (10V) |          0|     0|
#----------------+-----------+------+
#  Total         |      18914| 16068|
#----------------+-----------+------+
#
# Total half perimeter of net bounding box: 12507 um.
#Total number of DRC violations = 0
#Cpu time = 00:00:22
#Elapsed time = 00:00:02
#Increased memory = 4.70 (MB)
#Total memory = 3346.41 (MB)
#Peak memory = 4507.20 (MB)
#detailRoute Statistics:
#Cpu time = 00:00:22
#Elapsed time = 00:00:02
#Increased memory = 4.70 (MB)
#Total memory = 3346.41 (MB)
#Peak memory = 4507.20 (MB)
#
#globalDetailRoute statistics:
#Cpu time = 00:00:25
#Elapsed time = 00:00:03
#Increased memory = 15.77 (MB)
#Total memory = 3331.14 (MB)
#Peak memory = 4507.20 (MB)
#Number of warnings = 3
#Total number of warnings = 9
#Number of fails = 0
#Total number of fails = 0
#Complete globalDetailRoute on Mon Jun  8 11:12:12 2026
#
% End globalDetailRoute (date=06/08 11:12:12, total cpu=0:00:25.5, real=0:00:03.0, peak res=3319.3M, current mem=3319.3M)
#**INFO: auto set of droutePostRouteSwapVia to multiCut
% Begin globalDetailRoute (date=06/08 11:12:12, mem=3319.3M)

globalDetailRoute

#Start globalDetailRoute on Mon Jun  8 11:12:12 2026
#
#Generating timing data, please wait...
#35048 total nets, 475 already routed, 475 will ignore in trialRoute
#View pruning: cpu time = 00:00:00, elapsed time = 00:00:00, memory = 3328.58 (MB), peak = 4507.20 (MB)
#Reporting timing...
#Normalized TNS: 0.000 -> 0.000, r2r 0.000 -> 0.000, unit 1000.000, clk period 10.000 (ns)
#Stage 1: cpu time = 00:00:12, elapsed time = 00:00:02, memory = 3592.94 (MB), peak = 4507.20 (MB)
#Library Standard Delay: 10.10ps
#Slack threshold: 20.20ps
#*** Analyzed 0 timing critical paths, and collected 0.
#Stage 2: cpu time = 00:00:01, elapsed time = 00:00:00, memory = 3592.94 (MB), peak = 4507.20 (MB)
#Stage 3: cpu time = 00:00:00, elapsed time = 00:00:00, memory = 3597.99 (MB), peak = 4507.20 (MB)
#Default setup view is reset to WC_VIEW.
#Stage 4: cpu time = 00:00:00, elapsed time = 00:00:00, memory = 3597.99 (MB), peak = 4507.20 (MB)
#Current view: WC_VIEW 
#Current enabled view: WC_VIEW 
#Generating timing data took: cpu time = 00:00:16, elapsed time = 00:00:03, memory = 3599.88 (MB), peak = 4507.20 (MB)
#Done generating timing data.
#WARNING (NRIG-1303) The congestion map does not match the GCELL grid. Clearing the congestion map.
#WARNING (NRDB-2120) Special net VSS is missing wiring shapes, will disable tie-net connections to this net.
#NanoRoute Version 25.12-s079_1 NR251112-0044/25_12-UB
#Inside shield_view_init(), force=1, the_init_status=0
#The shielding rule is LEF_DEFAULT
#Turn off shielding eco because there is no existing shielding wire
#Start routing data preparation on Mon Jun  8 11:12:17 2026
#
#Initial pin access analysis.
#Detail pin access analysis.
#Done pin access analysis.
# metal1       H   Track-Pitch = 0.14000    Line-2-Via Pitch = 0.13500
# metal2       V   Track-Pitch = 0.19000    Line-2-Via Pitch = 0.14000
# metal3       H   Track-Pitch = 0.14000    Line-2-Via Pitch = 0.14000
# metal4       V   Track-Pitch = 0.28000    Line-2-Via Pitch = 0.28000
# metal5       H   Track-Pitch = 0.28000    Line-2-Via Pitch = 0.28000
# metal6       V   Track-Pitch = 0.28000    Line-2-Via Pitch = 0.28000
# metal7       H   Track-Pitch = 0.84000    Line-2-Via Pitch = 0.80000
# metal8       V   Track-Pitch = 0.84000    Line-2-Via Pitch = 0.80000
# metal9       H   Track-Pitch = 1.60000    Line-2-Via Pitch = 1.60000
# metal10      V   Track-Pitch = 1.68000    Line-2-Via Pitch = 1.60000
#shield_layer  1: layer_id= 2 shield_wire_on_grid=0 shield_via_on_grid=0 is_hard_wire_on_grid=0 allow_ww=1
#shield_layer  2: layer_id= 4 shield_wire_on_grid=0 shield_via_on_grid=0 is_hard_wire_on_grid=0 allow_ww=1
#shield_layer  3: layer_id= 6 shield_wire_on_grid=0 shield_via_on_grid=0 is_hard_wire_on_grid=0 allow_ww=1
#shield_layer  4: layer_id= 8 shield_wire_on_grid=0 shield_via_on_grid=0 is_hard_wire_on_grid=0 allow_ww=1
#shield_layer  5: layer_id=10 shield_wire_on_grid=0 shield_via_on_grid=0 is_hard_wire_on_grid=0 allow_ww=1
#shield_layer  6: layer_id=12 shield_wire_on_grid=0 shield_via_on_grid=0 is_hard_wire_on_grid=0 allow_ww=1
#shield_layer  7: layer_id=14 shield_wire_on_grid=0 shield_via_on_grid=0 is_hard_wire_on_grid=0 allow_ww=1
#shield_layer  8: layer_id=16 shield_wire_on_grid=0 shield_via_on_grid=0 is_hard_wire_on_grid=0 allow_ww=1
#shield_layer  9: layer_id=18 shield_wire_on_grid=0 shield_via_on_grid=0 is_hard_wire_on_grid=0 allow_ww=1
#shield_layer 10: layer_id=20 shield_wire_on_grid=0 shield_via_on_grid=0 is_hard_wire_on_grid=0 allow_ww=1
#Bottom routing layer index=2(metal2), bottom routing layer for shielding=2(metal2), bottom shield layer=2(metal2) top shield layer=10(metal10)
#shield_bottom_stripe_layer=1(metal1), shield_top_stripe_layer=10(metal10)
#pin_access_rlayer=2(metal2) num_routing_layer=10 top_routing_layer=10 top_ripin_layer=10
#shield_top_dpt_rlayer=-1 top_rlayer=10 top_trim_metal_rlayer=-1 rlayer_lowest=1 bottom_rlayer=2
#enable_trim_layer_shield=F enable_dpt_layer_shield=F has_line_end_grid=F
#cpu time = 00:00:00, elapsed time = 00:00:00, memory = 3610.47 (MB), peak = 4507.20 (MB)
#Regenerating Ggrids automatically.
#Auto generating G-grids with size=15 tracks, using layer metal3's pitch = 0.14000.
#Using automatically generated G-grids.
#Done routing data preparation.
#cpu time = 00:00:01, elapsed time = 00:00:00, memory = 3621.47 (MB), peak = 4507.20 (MB)
#
#Summary of active signal nets routing constraints set by OPT:
#	preferred routing layers      : 4
#	(metal4)4 
#	preferred routing layer effort: 0
#	preferred extra space         : 0
#	preferred multi-cut via       : 0
#	avoid detour                  : 0
#	expansion ratio               : 4
#	net priority                  : 4
#	s2s control                   : 0
#	avoid chaining                : 0
#	inst-based stacking via       : 0
#
#Summary of active signal nets routing constraints set by USER:
#	preferred routing layers      : 0
#	preferred routing layer effort     : 0
#	preferred extra space              : 0
#	preferred multi-cut via            : 0
#	avoid detour                       : 0
#	net weight                         : 0
#	avoid chaining                     : 0
#	cell-based stacking via (required) : 0
#	cell-based stacking via (optional) : 0
#
#Start timing driven prevention iteration...
#Setup timing driven global route constraints on 0 nets
#
#----------------------------------------------------
# Summary of active signal nets routing constraints
#+--------------------------+-----------+
#| Max Expansion Ratio      |         4 |
#| Preferred Layer Effort   |         4 |
#+--------------------------+-----------+
#  Bottom Preferred Layer
#+----------------+----------+
#|      Layer     | OPT_LA   |
#+----------------+----------+
#| metal4 (4)     |        4 |
#+----------------+----------+
#
#----------------------------------------------------
#Skipped timing-driven prevention.
#cpu time = 00:00:00, elapsed time = 00:00:00, memory = 3621.47 (MB), peak = 4507.20 (MB)
#Total number of trivial nets (e.g. < 2 pins) = 8067 (skipped).
#Total number of routable nets = 30697.
#Total number of nets in the design = 38764.
#30222 routable nets do not have any wires.
#475 routable nets have routed wires.
#30222 nets will be global routed.
#4 global routed or unrouted (routable) nets have been constrained (e.g. have preferred extra spacing, require shielding etc.)
#475 detail routed (routable) nets have been constrained (e.g. have preferred extra spacing, require shielding etc.)
#Using multithreading with 16 threads.
#
#Finished routing data preparation on Mon Jun  8 11:12:17 2026
#
#Cpu time = 00:00:00
#Elapsed time = 00:00:00
#Increased memory = 0.00 (MB)
#Total memory = 3622.47 (MB)
#Peak memory = 4507.20 (MB)
#
#
#Start global routing on Mon Jun  8 11:12:17 2026
#
#
#Start global routing initialization on Mon Jun  8 11:12:17 2026
#
#Number of eco nets is 0
#
#Start global routing data preparation on Mon Jun  8 11:12:17 2026
#
#Start routing resource analysis on Mon Jun  8 11:12:17 2026
#
#Routing resource analysis is done on Mon Jun  8 11:12:17 2026
#
#  Resource Analysis:
#
#               Routing  #Avail      #Track     #Total     %Gcell
#  Layer      Direction   Track     Blocked      Gcell    Blocked
#  --------------------------------------------------------------
#  metal2         V        1610          50       22500     0.00%
#  metal3         H        2184          60       22500     0.00%
#  metal4         V        1096          30       22500     0.00%
#  metal5         H        1120           1       22500     0.00%
#  metal6         V        1125           1       22500     0.00%
#  metal7         H         372           1       22500     0.00%
#  metal8         V         374           1       22500     0.00%
#  metal9         H         148           1       22500     0.68%
#  metal10        V         149           1       22500     0.02%
#  --------------------------------------------------------------
#  Total                   8182       1.03%      202500     0.08%
#
#  475 nets (1.23%) with 1 preferred extra spacing.
#
#
#
#Global routing data preparation is done on Mon Jun  8 11:12:17 2026
#
#cpu time = 00:00:00, elapsed time = 00:00:00, memory = 3626.88 (MB), peak = 4507.20 (MB)
#
#
#Global routing initialization is done on Mon Jun  8 11:12:17 2026
#
#cpu time = 00:00:00, elapsed time = 00:00:00, memory = 3626.88 (MB), peak = 4507.20 (MB)
#
#Skip 1/3 round for no nets in the round...
#Route nets in 2/3 round...
#start global routing iteration 1...
#cpu time = 00:00:00, elapsed time = 00:00:00, memory = 3626.23 (MB), peak = 4507.20 (MB)
#
#start global routing iteration 2...
#cpu time = 00:00:00, elapsed time = 00:00:00, memory = 3626.23 (MB), peak = 4507.20 (MB)
#
#Route nets in 3/3 round...
#start global routing iteration 3...
#cpu time = 00:00:39, elapsed time = 00:00:38, memory = 3656.18 (MB), peak = 4507.20 (MB)
#
#start global routing iteration 4...
#cpu time = 00:00:11, elapsed time = 00:00:11, memory = 3658.96 (MB), peak = 4507.20 (MB)
#
#
#Total number of trivial nets (e.g. < 2 pins) = 8067 (skipped).
#Total number of routable nets = 30697.
#Total number of nets in the design = 38764.
#
#30697 routable nets have routed wires.
#4 global routed or unrouted (routable) nets have been constrained (e.g. have preferred extra spacing, require shielding etc.)
#475 detail routed (routable) nets have been constrained (e.g. have preferred extra spacing, require shielding etc.)
#
#Routed nets constraints summary:
#------------------------------------------------------------
#        Rules   Pref Layer   Expansion Ratio   Unconstrained  
#------------------------------------------------------------
#      Default            4                 4           30218  
#------------------------------------------------------------
#        Total            4                 4           30218  
#------------------------------------------------------------
#
#Routing constraints summary of the whole design:
#-------------------------------------------------------------------------------
#        Rules   Pref Extra Space   Pref Layer   Expansion Ratio   Unconstrained  
#-------------------------------------------------------------------------------
#      Default                475            4                 4           30218  
#-------------------------------------------------------------------------------
#        Total                475            4                 4           30218  
#-------------------------------------------------------------------------------
#
#
#  Congestion Analysis: (blocked Gcells are excluded)
#
#                 OverCon       OverCon       OverCon          
#                  #Gcell        #Gcell        #Gcell    %Gcell
#     Layer         (1-2)         (3-4)         (5-6)   OverCon  Flow/Cap
#  --------------------------------------------------------------------------
#  metal2      433(1.92%)     76(0.34%)      9(0.04%)   (2.30%)     0.54  
#  metal3       17(0.08%)      0(0.00%)      0(0.00%)   (0.08%)     0.48  
#  metal4      153(0.68%)      0(0.00%)      0(0.00%)   (0.68%)     0.42  
#  metal5        4(0.02%)      0(0.00%)      0(0.00%)   (0.02%)     0.29  
#  metal6        1(0.00%)      0(0.00%)      0(0.00%)   (0.00%)     0.22  
#  metal7        0(0.00%)      0(0.00%)      0(0.00%)   (0.00%)     0.10  
#  metal8        0(0.00%)      0(0.00%)      0(0.00%)   (0.00%)     0.05  
#  metal9        0(0.00%)      0(0.00%)      0(0.00%)   (0.00%)     0.01  
#  metal10       0(0.00%)      0(0.00%)      0(0.00%)   (0.00%)     0.00  
#  --------------------------------------------------------------------------
#     Total    608(0.30%)     76(0.04%)      9(0.00%)   (0.34%)
#
#  The worst congested Gcell overcon (routing demand over resource in number of tracks) = 6
#  Overflow after GR: 0.01% H + 0.33% V
#
#Hotspot report including placement blocked areas
[hotspot] +----------------+-------------------+-------------------+-------------------------------------+
[hotspot] |      layer     |    max hotspot    |   total hotspot   |            hotspot bbox             |
[hotspot] +----------------+-------------------+-------------------+-------------------------------------+
[hotspot] |   metal2(V)    |              4.44 |             10.67 |    67.20   285.60    78.39   296.80 |
[hotspot] |   metal3(H)    |              0.44 |              0.44 |   190.40   156.80   201.59   168.00 |
[hotspot] |   metal4(V)    |              7.56 |             18.22 |    44.80   168.00    61.59   184.80 |
[hotspot] |   metal5(H)    |              0.00 |              0.00 |   (none)                            |
[hotspot] |   metal6(V)    |              0.00 |              0.00 |   (none)                            |
[hotspot] |   metal7(H)    |              0.00 |              0.00 |   (none)                            |
[hotspot] |   metal8(V)    |              0.00 |              0.00 |   (none)                            |
[hotspot] |   metal9(H)    |              0.44 |              0.44 |    84.00   224.00    95.20   235.19 |
[hotspot] |  metal10(V)    |              0.00 |              0.00 |   (none)                            |
[hotspot] +----------------+-------------------+-------------------+-------------------------------------+
[hotspot] |      worst     | (metal4)     7.56 | (metal4)    18.22 |                                     |
[hotspot] +----------------+-------------------+-------------------+-------------------------------------+
[hotspot] |   all layers   |              0.00 |              0.00 |                                     |
[hotspot] +----------------+-------------------+-------------------+-------------------------------------+
Local HotSpot Analysis (blockage included) (3d): normalized congestion max/total hotspot area = 0.00/0.00 (area is in unit of 4 std-cell row bins)
#Complete Global Routing.
#Total number of nets with non-default rule or having extra spacing = 475
#
#  Routing Statistics
#
#----------------+-----------+-------+
#  Layer         | Length(um)|   Vias|
#----------------+-----------+-------+
#  active ( 0H)  |          0|      0|
#  metal1 ( 1H)  |          0| 120402|
#  metal2 ( 2V)  |     114973|  88046|
#  metal3 ( 3H)  |     203483|  29649|
#  metal4 ( 4V)  |     110179|   9733|
#  metal5 ( 5H)  |      86170|   5182|
#  metal6 ( 6V)  |      70925|    961|
#  metal7 ( 7H)  |      10904|    316|
#  metal8 ( 8V)  |       5885|     40|
#  metal9 ( 9H)  |        482|      6|
#  metal10 (10V) |         55|      0|
#----------------+-----------+-------+
#  Total         |     603056| 254335|
#----------------+-----------+-------+
#
# Total half perimeter of net bounding box: 506336 um.
#Total number of involved regular nets 7470
#Maximum src to sink distance  442.2
#Average of max src_to_sink distance  40.4
#Average of ave src_to_sink distance  26.7
#Total number of involved priority nets 4
#Maximum src to sink distance for priority net 146.6
#Average of max src_to_sink distance for priority net 93.3
#Average of ave src_to_sink distance for priority net 65.7
#Max overcon = 6 tracks.
#Total overcon = 0.34%.
#Worst layer Gcell overcon rate = 0.68%.
#
#Global routing statistics:
#Cpu time = 00:00:51
#Elapsed time = 00:00:50
#Increased memory = 32.37 (MB)
#Total memory = 3654.84 (MB)
#Peak memory = 4507.20 (MB)
#
#Finished global routing on Mon Jun  8 11:13:07 2026
#
#
#cpu time = 00:00:00, elapsed time = 00:00:00, memory = 3651.89 (MB), peak = 4507.20 (MB)
#Start Track Assignment.
#Done with 60679 horizontal wires in 5 hboxes and 60860 vertical wires in 5 hboxes.
#Done with 14686 horizontal wires in 5 hboxes and 13343 vertical wires in 5 hboxes.
#Done with 5 horizontal wires in 5 hboxes and 5 vertical wires in 5 hboxes.
#
#Track assignment summary:
# layer   (wire length)   (overlap)     (long ovlp)	(with obs/pg/clk)  
#------------------------------------------------------------------------
# metal2    110150.34 	  0.13%  	  0.00% 	  0.01%
# metal3    192852.85 	  0.09%  	  0.00% 	  0.00%
# metal4    103636.13 	  0.09%  	  0.00% 	  0.01%
# metal5     86555.15 	  0.02%  	  0.00% 	  0.00%
# metal6     71087.15 	  0.02%  	  0.00% 	  0.00%
# metal7     11047.45 	  0.02%  	  0.00% 	  0.00%
# metal8      5951.12 	  0.00%  	  0.00% 	  0.00%
# metal9       498.31 	  0.00%  	  0.00% 	  0.00%
# metal10       58.82 	  0.00%  	  0.00% 	  0.00%
#------------------------------------------------------------------------
# All      581837.31  	  0.08% 	  0.00% 	  0.00%
#Complete Track Assignment.
#Total number of nets with non-default rule or having extra spacing = 475
#
#  Routing Statistics
#
#----------------+-----------+-------+
#  Layer         | Length(um)|   Vias|
#----------------+-----------+-------+
#  active ( 0H)  |          0|      0|
#  metal1 ( 1H)  |          0| 120402|
#  metal2 ( 2V)  |     112121|  88046|
#  metal3 ( 3H)  |     200795|  29649|
#  metal4 ( 4V)  |     109069|   9733|
#  metal5 ( 5H)  |      86023|   5182|
#  metal6 ( 6V)  |      70738|    961|
#  metal7 ( 7H)  |      10867|    316|
#  metal8 ( 8V)  |       5889|     40|
#  metal9 ( 9H)  |        479|      6|
#  metal10 (10V) |         54|      0|
#----------------+-----------+-------+
#  Total         |     596033| 254335|
#----------------+-----------+-------+
#
# Total half perimeter of net bounding box: 506336 um.
#cpu time = 00:00:07, elapsed time = 00:00:04, memory = 3648.49 (MB), peak = 4507.20 (MB)
#
#number of short segments in preferred routing layers
#	metal4    metal5    Total 
#	20        13        33        
#
#Start post global route fixing for timing critical nets ...
#
#* Updating design timing data...
#Extracting RC...
Un-suppress "**WARN ..." messages.
#
#Start tQuantus RC extraction...
#Finish check_net_pin_list step Enter extract_rc_after_routing
#Extract in track assign mode
#Start extraction data preparation
#Start building rc corner(s)...
#Number of RC Corner = 2
#Corner Cmin /home/ykaraagac/cadence-bitirme/Enablements/NanGate45/qrc/NG45.tch 25.000000 (real) 
#Corner Cmax /home/ykaraagac/cadence-bitirme/Enablements/NanGate45/qrc/NG45.tch 25.000000 (real) 
#(i=10, n=10 2000)
#metal1 -> metal1 (1)
#metal2 -> metal2 (2)
#metal3 -> metal3 (3)
#metal4 -> metal4 (4)
#metal5 -> metal5 (5)
#metal6 -> metal6 (6)
#metal7 -> metal7 (7)
#metal8 -> metal8 (8)
#metal9 -> metal9 (9)
#metal10 -> metal10 (10)
#SADV_On
# Corner(s) : 
#Cmin [25.00] 
#Cmax [25.00]
# Corner id: 0
# Layout Scale: 1.000000
# Has Metal Fill model: yes
# Temperature was set
# Temperature : 25.000000
# Ref. Temp   : 25.000000
# Corner id: 1
# Layout Scale: 1.000000
# Has Metal Fill model: yes
# Temperature was set
# Temperature : 25.000000
# Ref. Temp   : 25.000000
#SADV_Off
#total pattern=220 [10, 605]
#Reading previously stored rc_model file ( rc_model.bin ) ...
#found CAPMODEL /home/ykaraagac/cadence-bitirme/Enablements/NanGate45/qrc/NG45.tch
#found RESMODEL /home/ykaraagac/cadence-bitirme/Enablements/NanGate45/qrc/NG45.tch 25.000000 
#CCE Version read = IQuantus/TQuantus 24.1.0-s365
#number model r/c [1,1] [10,605] read
#Build RC corners: cpu time = 00:00:00, elapsed time = 00:00:00, memory = 3649.95 (MB), peak = 4507.20 (MB)
#Finish check_net_pin_list step Enter extract
#Start init net ripin tree building
#Finish init net ripin tree building
#Cpu time = 00:00:00
#Elapsed time = 00:00:00
#Increased memory = 0.00 (MB)
#Total memory = 3657.95 (MB)
#Peak memory = 4507.20 (MB)
#Using multithreading with 16 threads.
#begin processing metal fill model file
#end processing metal fill model file
#
#Start Post Track Assignment Wire Spread.
#Done with 17739 horizontal wires in 5 hboxes and 15303 vertical wires in 5 hboxes.
#Complete Post Track Assignment Wire Spread.
#
#Length limit = 200 pitches
#opt mode = 2
#Finish check_net_pin_list step Fix net pin list
#Start generate extraction boxes.
#
#Extract using 30 x 30 Hboxes
#6x6 initial hboxes
#Use area based hbox pruning.
#0/0 hboxes pruned.
#Complete generating extraction boxes.
#Extract 25 hboxes with 16 threads on machine with  3.25GHz 1024KB Cache 128CPU...
#Process 0 special clock nets for rc extraction
#Total 30697 nets were built. 1085 nodes added to break long wires. 0 net(s) have incomplete routes.
#Start inst blockage merging.
#Run Statistics for Extraction:
#   Cpu time = 00:00:07, elapsed time = 00:00:01 .
#   Increased memory =   483.41 (MB), total memory =  4147.01 (MB), peak memory =  4507.20 (MB)
#
#Scale RC for track assignment: res 1.000000; cap 1.000000; clk res 1.000000; clk cap 1.000000, xcap 1.000000
#Simplify RC tree: cpu time = 00:00:00, elapsed time = 00:00:00, memory = 3776.41 (MB), peak = 4507.20 (MB)
#RC Statistics: 174328 Res, 109591 Ground Cap, 0 XCap (Edge to Edge)
#WARNING (NREX-102) Net u_frontend/u_npc/UNCONNECTED2001 is not extracted due to Has no routing. The result of timing analysis involving such net is inaccurate.
#WARNING (NREX-102) Net u_frontend/u_npc/UNCONNECTED1507 is not extracted due to Has no routing. The result of timing analysis involving such net is inaccurate.
#WARNING (NREX-102) Net u_frontend/u_npc/UNCONNECTED1965 is not extracted due to Has no routing. The result of timing analysis involving such net is inaccurate.
#WARNING (NREX-102) Net u_frontend/u_npc/UNCONNECTED2136 is not extracted due to Has no routing. The result of timing analysis involving such net is inaccurate.
#WARNING (NREX-102) Net u_frontend/u_npc/UNCONNECTED1516 is not extracted due to Has no routing. The result of timing analysis involving such net is inaccurate.
#WARNING (NREX-102) Net u_frontend/u_npc/UNCONNECTED1505 is not extracted due to Has no routing. The result of timing analysis involving such net is inaccurate.
#WARNING (NREX-102) Net u_frontend/u_npc/UNCONNECTED1508 is not extracted due to Has no routing. The result of timing analysis involving such net is inaccurate.
#WARNING (NREX-102) Net u_frontend/u_npc/UNCONNECTED1512 is not extracted due to Has no routing. The result of timing analysis involving such net is inaccurate.
#WARNING (NREX-102) Net u_frontend/u_npc/UNCONNECTED1997 is not extracted due to Has no routing. The result of timing analysis involving such net is inaccurate.
#WARNING (NREX-102) Net u_frontend/u_npc/UNCONNECTED1967 is not extracted due to Has no routing. The result of timing analysis involving such net is inaccurate.
#WARNING (NREX-102) Net u_frontend/u_npc/UNCONNECTED1475 is not extracted due to Has no routing. The result of timing analysis involving such net is inaccurate.
#WARNING (NREX-102) Net u_frontend/u_npc/UNCONNECTED1503 is not extracted due to Has no routing. The result of timing analysis involving such net is inaccurate.
#WARNING (NREX-102) Net u_frontend/u_npc/UNCONNECTED1501 is not extracted due to Has no routing. The result of timing analysis involving such net is inaccurate.
#WARNING (NREX-102) Net u_frontend/u_npc/UNCONNECTED1513 is not extracted due to Has no routing. The result of timing analysis involving such net is inaccurate.
#WARNING (NREX-102) Net u_frontend/u_npc/UNCONNECTED1515 is not extracted due to Has no routing. The result of timing analysis involving such net is inaccurate.
#WARNING (NREX-102) Net u_frontend/u_npc/UNCONNECTED1999 is not extracted due to Has no routing. The result of timing analysis involving such net is inaccurate.
#WARNING (NREX-102) Net u_frontend/u_npc/UNCONNECTED1968 is not extracted due to Has no routing. The result of timing analysis involving such net is inaccurate.
#WARNING (NREX-102) Net u_frontend/u_npc/UNCONNECTED1966 is not extracted due to Has no routing. The result of timing analysis involving such net is inaccurate.
#WARNING (NREX-102) Net u_frontend/u_npc/UNCONNECTED1472 is not extracted due to Has no routing. The result of timing analysis involving such net is inaccurate.
#WARNING (NREX-102) Net u_frontend/u_npc/UNCONNECTED1471 is not extracted due to Has no routing. The result of timing analysis involving such net is inaccurate.
#WARNING (EMS-27) Message (NREX-102) has exceeded the current message display limit of 20.
#To increase the message display limit, refer to the product command reference manual.
#RC V/H edge ratio: 0.36, Avg V/H Edge Length: 2668.99 (114901), Avg L-Edge Length: 14735.36 (36471)
#Register nets and terms for rcdb /home/ykaraagac/cadence-bitirme/Flows/NanGate45/biriscv_2mul_vs_hybrid/scripts/cadence/innovus_temp_1028768_0b58e1c8-17ef-44a6-badc-280b1143a8d4_dockereda-rocky8_ykaraagac_loZ0Xa/nr0_1028768_0b58e1c8-17ef-44a6-badc-280b1143a8d4ruAiig.rcdb.d
#Finish registering nets and terms for rcdb.
#Start writing RC data.
#Finish writing RC data
#Finish writing rcdb with 233813 nodes, 203116 edges, and 0 xcaps
#1085 inserted nodes are removed
#Restored 0 tie nets, 0 tie snets, 0 partial nets
#Remove Post Track Assignment Wire Spread
Restoring parasitic data from file '/home/ykaraagac/cadence-bitirme/Flows/NanGate45/biriscv_2mul_vs_hybrid/scripts/cadence/innovus_temp_1028768_0b58e1c8-17ef-44a6-badc-280b1143a8d4_dockereda-rocky8_ykaraagac_loZ0Xa/nr0_1028768_0b58e1c8-17ef-44a6-badc-280b1143a8d4ruAiig.rcdb.d' ...
Reading RCDB with compressed RC data.
Reading RCDB with compressed RC data.
Begin read_parasitics... (cpu: 0:00:00.0 real: 0:00:00.0 mem: 3775.832M)
Following multi-corner parasitics specified:
	/home/ykaraagac/cadence-bitirme/Flows/NanGate45/biriscv_2mul_vs_hybrid/scripts/cadence/innovus_temp_1028768_0b58e1c8-17ef-44a6-badc-280b1143a8d4_dockereda-rocky8_ykaraagac_loZ0Xa/nr0_1028768_0b58e1c8-17ef-44a6-badc-280b1143a8d4ruAiig.rcdb.d (rcdb)
Reading RCDB with compressed RC data.
		Cell riscv_core has rcdb /home/ykaraagac/cadence-bitirme/Flows/NanGate45/biriscv_2mul_vs_hybrid/scripts/cadence/innovus_temp_1028768_0b58e1c8-17ef-44a6-badc-280b1143a8d4_dockereda-rocky8_ykaraagac_loZ0Xa/nr0_1028768_0b58e1c8-17ef-44a6-badc-280b1143a8d4ruAiig.rcdb.d specified
Cell riscv_core, hinst 
Reading RCDB with compressed RC data.
Done read_parasitics... (cpu: 0:00:00.3 real: 0:00:00.0 mem: 3777.109M)
#
#Restore RCDB.
#Remove Post Track Assignment Wire Spread
#
#Complete tQuantus RC extraction.
#Cpu time = 00:00:18
#Elapsed time = 00:00:06
#Increased memory = 88.47 (MB)
#Total memory = 3736.96 (MB)
#Peak memory = 4507.20 (MB)
#
Un-suppress "**WARN ..." messages.
#RC Extraction Completed...
AAE_INFO: switching setDelayCal -siAware from false to true ...
AAE_INFO: The setting is changed from false to true in setDelayCalMode -SIAware
#Reporting timing...
#Normalized TNS: 0.000 -> 0.000, r2r 0.000 -> 0.000, unit 1000.000, clk period 10.000 (ns)
#Stage 1: cpu time = 00:00:21, elapsed time = 00:00:05, memory = 3877.89 (MB), peak = 4507.20 (MB)
#Library Standard Delay: 10.10ps
#Slack threshold: 0.00ps
#*** Analyzed 0 timing critical paths, and collected 0.
#Stage 2: cpu time = 00:00:01, elapsed time = 00:00:00, memory = 3877.89 (MB), peak = 4507.20 (MB)
#Stage 3: cpu time = 00:00:00, elapsed time = 00:00:00, memory = 3878.43 (MB), peak = 4507.20 (MB)
**WARN: (TCLCMD-1403):	'The -tcl_list output format of report_timing will not be supported in future releases of the software.   Path collections generated by 'report_timing -collection'  can be used instead for programmatic access to timing report data. The  report_timing -tcl_list will continue to work in this release - but, you should update your scripts to use path collections so that they are compatible with future releases.'
Worst slack reported in the design = 6.475376 (late)
*** writeDesignTiming (0:00:01.3) ***
#Stage 4: cpu time = 00:00:01, elapsed time = 00:00:01, memory = 3878.43 (MB), peak = 4507.20 (MB)
Un-suppress "**WARN ..." messages.
#Number of victim nets: 0
#Number of aggressor nets: 0
#Number of weak nets: 0
#Number of critical nets: 0
#	level 1 [   0.0, -1000.0]: 0 nets
#	level 2 [   0.0, -1000.0]: 0 nets
#	level 3 [   0.0, -1000.0]: 0 nets
#Total number of nets: 30697
#Total number of significant detoured timing critical nets is 0
#Total number of selected detoured timing critical nets is 0
#
#----------------------------------------------------
# Summary of active signal nets routing constraints
#+--------------------------+-----------+
#| Max Expansion Ratio      |         4 |
#| Preferred Layer Effort   |         4 |
#+--------------------------+-----------+
#  Bottom Preferred Layer
#+----------------+----------+
#|      Layer     | OPT_LA   |
#+----------------+----------+
#| metal4 (4)     |        4 |
#+----------------+----------+
#
#----------------------------------------------------
Current (total cpu=0:16:22, real=0:05:45, peak res=4507.2M, current mem=3217.9M)
riscv_core
------------------------------------------------------------------------------------
CONSTRAINT READING SUMMARY                                                          
------------------------------------------------------------------------------------
Constraint                                        | Success        | Fail           
------------------------------------------------------------------------------------
set_clock_uncertainty                             | 1              | 0              
set_output_delay                                  | 119            | 0              
set_input_delay                                   | 178            | 0              
set_propagated_clock                              | 2              | 0              
get_clocks                                        | 299            | 0              
set_false_path                                    | 1              | 0              
create_clock                                      | 1              | 0              
get_ports                                         | 300            | 0              
current_design                                    | 1              | 0              
------------------------------------------------------------------------------------
Ending "Constraint file reading stats" (total cpu=0:00:00.1, real=0:00:00.0, peak res=3230.9M, current mem=3230.9M)
Current (total cpu=0:16:23, real=0:05:45, peak res=4507.2M, current mem=3230.9M)
Current (total cpu=0:16:23, real=0:05:45, peak res=4507.2M, current mem=3231.9M)
------------------------------------------------------------------------------------
CONSTRAINT READING SUMMARY                                                          
------------------------------------------------------------------------------------
Constraint                                        | Success        | Fail           
------------------------------------------------------------------------------------
group_path                                        | 4              | 0              
get_ports                                         | 4              | 0              
get_pins                                          | 280            | 0              
------------------------------------------------------------------------------------
Ending "Constraint file reading stats" (total cpu=0:00:00.3, real=0:00:00.0, peak res=3236.9M, current mem=3236.9M)
Current (total cpu=0:16:23, real=0:05:45, peak res=4507.2M, current mem=3236.9M)
#cpu time = 00:00:00, elapsed time = 00:00:00, memory = 3236.88 (MB), peak = 4507.20 (MB)
#* Importing design timing data...
#Number of victim nets: 0
#Number of aggressor nets: 0
#Number of weak nets: 0
#Number of critical nets: 0
#	level 1 [   0.0, -1000.0]: 0 nets
#	level 2 [   0.0, -1000.0]: 0 nets
#	level 3 [   0.0, -1000.0]: 0 nets
#Total number of nets: 30697
#
#timing driven effort level: 3
#Start Track Assignment With Timing Driven.
#Done with 2318 horizontal wires in 5 hboxes and 2187 vertical wires in 5 hboxes.
#Done with 395 horizontal wires in 5 hboxes and 500 vertical wires in 5 hboxes.
#Done with 5 horizontal wires in 5 hboxes and 5 vertical wires in 5 hboxes.
#
#Track assignment summary:
# layer   (wire length)   (overlap)     (long ovlp)	(with obs/pg/clk)  
#------------------------------------------------------------------------
# metal2    109878.53 	  0.05%  	  0.00% 	  0.01%
# metal3    192794.31 	  0.06%  	  0.00% 	  0.00%
# metal4    103607.57 	  0.08%  	  0.00% 	  0.02%
# metal5     86553.51 	  0.01%  	  0.00% 	  0.00%
# metal6     71084.21 	  0.02%  	  0.00% 	  0.00%
# metal7     11049.05 	  0.02%  	  0.00% 	  0.00%
# metal8      5951.54 	  0.00%  	  0.00% 	  0.00%
# metal9       498.31 	  0.00%  	  0.00% 	  0.00%
# metal10       58.82 	  0.00%  	  0.00% 	  0.00%
#------------------------------------------------------------------------
# All      581475.84  	  0.05% 	  0.00% 	  0.00%
#Complete Track Assignment With Timing Driven.
#Total number of nets with non-default rule or having extra spacing = 475
#
#  Routing Statistics
#
#----------------+-----------+-------+
#  Layer         | Length(um)|   Vias|
#----------------+-----------+-------+
#  active ( 0H)  |          0|      0|
#  metal1 ( 1H)  |          0| 120402|
#  metal2 ( 2V)  |     111923|  88046|
#  metal3 ( 3H)  |     200764|  29649|
#  metal4 ( 4V)  |     109057|   9733|
#  metal5 ( 5H)  |      86028|   5182|
#  metal6 ( 6V)  |      70738|    961|
#  metal7 ( 7H)  |      10870|    316|
#  metal8 ( 8V)  |       5889|     40|
#  metal9 ( 9H)  |        479|      6|
#  metal10 (10V) |         54|      0|
#----------------+-----------+-------+
#  Total         |     595802| 254335|
#----------------+-----------+-------+
#
# Total half perimeter of net bounding box: 506336 um.
#cpu time = 00:00:04, elapsed time = 00:00:02, memory = 3237.52 (MB), peak = 4507.20 (MB)
#
#Routing data preparation, pin analysis, global routing and track assignment statistics:
#Cpu time = 00:01:50
#Elapsed time = 00:01:12
#Increased memory = -368.06 (MB)
#Total memory = 3237.52 (MB)
#Peak memory = 4507.20 (MB)
#Using multithreading with 16 threads.
#Start reading timing information from file .timing_file_1028768_0b58e1c8-17ef-44a6-badc-280b1143a8d4.tif.gz ...
#Read in timing information for 299 ports, 28954 instances from timing file .timing_file_1028768_0b58e1c8-17ef-44a6-badc-280b1143a8d4.tif.gz.
#
#Start Detail Routing..
#start initial detail routing ...
#   number of violations = 386
#
#  By Layer and Type:
#
#---------+-------+------+-------+
#  -      | MetSpc| Short| Totals|
#---------+-------+------+-------+
#  metal1 |      0|     0|      0|
#  metal2 |     12|   342|    354|
#  metal3 |      4|    27|     31|
#  metal4 |      0|     1|      1|
#  Totals |     16|   370|    386|
#---------+-------+------+-------+
#
#cpu time = 00:01:45, elapsed time = 00:00:07, memory = 3411.59 (MB), peak = 4507.20 (MB)
#start 1st optimization iteration ...
#   number of violations = 284
#
#  By Layer and Type:
#
#---------+-------+------+-------+-------+
#  -      | MetSpc| Short| CutSpc| Totals|
#---------+-------+------+-------+-------+
#  metal1 |      0|     0|      1|      1|
#  metal2 |     34|   249|      0|    283|
#  Totals |     34|   249|      1|    284|
#---------+-------+------+-------+-------+
#
#cpu time = 00:00:06, elapsed time = 00:00:00, memory = 3411.19 (MB), peak = 4507.20 (MB)
#start 2nd optimization iteration ...
#   number of violations = 278
#
#  By Layer and Type:
#
#---------+-------+------+-------+
#  -      | MetSpc| Short| Totals|
#---------+-------+------+-------+
#  metal1 |      0|     0|      0|
#  metal2 |     51|   226|    277|
#  metal3 |      1|     0|      1|
#  Totals |     52|   226|    278|
#---------+-------+------+-------+
#
#cpu time = 00:00:05, elapsed time = 00:00:00, memory = 3415.79 (MB), peak = 4507.20 (MB)
#start 3rd optimization iteration ...
#   number of violations = 0
#cpu time = 00:00:06, elapsed time = 00:00:00, memory = 3421.77 (MB), peak = 4507.20 (MB)
#Complete Detail Routing.
#Total number of nets with non-default rule or having extra spacing = 475
#
#  Routing Statistics
#
#----------------+-----------+-------+
#  Layer         | Length(um)|   Vias|
#----------------+-----------+-------+
#  active ( 0H)  |          0|      0|
#  metal1 ( 1H)  |          0| 124463|
#  metal2 ( 2V)  |     142800| 105021|
#  metal3 ( 3H)  |     205114|  34472|
#  metal4 ( 4V)  |     109313|  10807|
#  metal5 ( 5H)  |      84510|   5824|
#  metal6 ( 6V)  |      72491|    971|
#  metal7 ( 7H)  |      11161|    322|
#  metal8 ( 8V)  |       6448|     38|
#  metal9 ( 9H)  |        586|      6|
#  metal10 (10V) |         54|      0|
#----------------+-----------+-------+
#  Total         |     632475| 281924|
#----------------+-----------+-------+
#
# Total half perimeter of net bounding box: 506336 um.
#Total number of DRC violations = 0
#Cpu time = 00:02:03
#Elapsed time = 00:00:09
#Increased memory = 130.48 (MB)
#Total memory = 3368.00 (MB)
#Peak memory = 4507.20 (MB)
#
#Start Post Route via swapping...
#98.65% of area are rerouted by ECO routing.
#   number of violations = 0
#cpu time = 00:00:13, elapsed time = 00:00:01, memory = 3408.54 (MB), peak = 4507.20 (MB)
#CELL_VIEW riscv_core,init has no DRC violation.
#Total number of DRC violations = 0
#Post Route via swapping is done.
#Total number of nets with non-default rule or having extra spacing = 475
#
#  Routing Statistics
#
#----------------+-----------+-------+---------------------+---------------------+
#  Layer         | Length(um)|   Vias|           Single-cut|            Multi-cut|
#----------------+-----------+-------+---------------------+---------------------+
#  active ( 0H)  |          0|      0|          0  (  0.0%)|          0  (  0.0%)|
#  metal1 ( 1H)  |          0| 124463|     120696  ( 97.0%)|       3767  (  3.0%)|
#  metal2 ( 2V)  |     142800| 105021|      15003  ( 14.3%)|      90018  ( 85.7%)|
#  metal3 ( 3H)  |     205114|  34472|       2571  (  7.5%)|      31901  ( 92.5%)|
#  metal4 ( 4V)  |     109313|  10807|       2146  ( 19.9%)|       8661  ( 80.1%)|
#  metal5 ( 5H)  |      84510|   5824|        898  ( 15.4%)|       4926  ( 84.6%)|
#  metal6 ( 6V)  |      72491|    971|         24  (  2.5%)|        947  ( 97.5%)|
#  metal7 ( 7H)  |      11161|    322|         25  (  7.8%)|        297  ( 92.2%)|
#  metal8 ( 8V)  |       6448|     38|          0  (  0.0%)|         38  (100.0%)|
#  metal9 ( 9H)  |        586|      6|          0  (  0.0%)|          6  (100.0%)|
#  metal10 (10V) |         54|      0|          0  (  0.0%)|          0  (  0.0%)|
#----------------+-----------+-------+---------------------+---------------------+
#  Total         |     632475| 281924|     141363  ( 50.1%)|     140561  ( 49.9%)|
#----------------+-----------+-------+---------------------+---------------------+
#
# Total half perimeter of net bounding box: 506336 um.
#
#Start Post Route wire spreading..
#
#Start DRC checking..
#   number of violations = 0
#cpu time = 00:00:13, elapsed time = 00:00:01, memory = 3415.25 (MB), peak = 4507.20 (MB)
#CELL_VIEW riscv_core,init has no DRC violation.
#Total number of DRC violations = 0
#
#Start data preparation for wire spreading...
#
#Data preparation is done on Mon Jun  8 11:13:40 2026
#
#
#Start Post Route Wire Spread.
#Done with 14886 horizontal wires in 10 hboxes and 8394 vertical wires in 10 hboxes.
#Complete Post Route Wire Spread.
#
#Total number of nets with non-default rule or having extra spacing = 475
#
#  Routing Statistics
#
#----------------+-----------+-------+---------------------+---------------------+
#  Layer         | Length(um)|   Vias|           Single-cut|            Multi-cut|
#----------------+-----------+-------+---------------------+---------------------+
#  active ( 0H)  |          0|      0|          0  (  0.0%)|          0  (  0.0%)|
#  metal1 ( 1H)  |          0| 124463|     120696  ( 97.0%)|       3767  (  3.0%)|
#  metal2 ( 2V)  |     143757| 105021|      15003  ( 14.3%)|      90018  ( 85.7%)|
#  metal3 ( 3H)  |     207322|  34472|       2571  (  7.5%)|      31901  ( 92.5%)|
#  metal4 ( 4V)  |     110238|  10807|       2146  ( 19.9%)|       8661  ( 80.1%)|
#  metal5 ( 5H)  |      85625|   5824|        898  ( 15.4%)|       4926  ( 84.6%)|
#  metal6 ( 6V)  |      73312|    971|         24  (  2.5%)|        947  ( 97.5%)|
#  metal7 ( 7H)  |      11323|    322|         25  (  7.8%)|        297  ( 92.2%)|
#  metal8 ( 8V)  |       6558|     38|          0  (  0.0%)|         38  (100.0%)|
#  metal9 ( 9H)  |        599|      6|          0  (  0.0%)|          6  (100.0%)|
#  metal10 (10V) |         54|      0|          0  (  0.0%)|          0  (  0.0%)|
#----------------+-----------+-------+---------------------+---------------------+
#  Total         |     638788| 281924|     141363  ( 50.1%)|     140561  ( 49.9%)|
#----------------+-----------+-------+---------------------+---------------------+
#
# Total half perimeter of net bounding box: 506336 um.
#
#Start DRC checking..
#   number of violations = 0
#cpu time = 00:00:14, elapsed time = 00:00:01, memory = 3418.22 (MB), peak = 4507.20 (MB)
#CELL_VIEW riscv_core,init has no DRC violation.
#Total number of DRC violations = 0
#   number of violations = 0
#cpu time = 00:00:20, elapsed time = 00:00:03, memory = 3391.24 (MB), peak = 4507.20 (MB)
#CELL_VIEW riscv_core,init has no DRC violation.
#Total number of DRC violations = 0
#Post Route wire spread is done.
#Total number of nets with non-default rule or having extra spacing = 475
#
#  Routing Statistics
#
#----------------+-----------+-------+---------------------+---------------------+
#  Layer         | Length(um)|   Vias|           Single-cut|            Multi-cut|
#----------------+-----------+-------+---------------------+---------------------+
#  active ( 0H)  |          0|      0|          0  (  0.0%)|          0  (  0.0%)|
#  metal1 ( 1H)  |          0| 124463|     120696  ( 97.0%)|       3767  (  3.0%)|
#  metal2 ( 2V)  |     143757| 105021|      15003  ( 14.3%)|      90018  ( 85.7%)|
#  metal3 ( 3H)  |     207322|  34472|       2571  (  7.5%)|      31901  ( 92.5%)|
#  metal4 ( 4V)  |     110238|  10807|       2146  ( 19.9%)|       8661  ( 80.1%)|
#  metal5 ( 5H)  |      85625|   5824|        898  ( 15.4%)|       4926  ( 84.6%)|
#  metal6 ( 6V)  |      73312|    971|         24  (  2.5%)|        947  ( 97.5%)|
#  metal7 ( 7H)  |      11323|    322|         25  (  7.8%)|        297  ( 92.2%)|
#  metal8 ( 8V)  |       6558|     38|          0  (  0.0%)|         38  (100.0%)|
#  metal9 ( 9H)  |        599|      6|          0  (  0.0%)|          6  (100.0%)|
#  metal10 (10V) |         54|      0|          0  (  0.0%)|          0  (  0.0%)|
#----------------+-----------+-------+---------------------+---------------------+
#  Total         |     638788| 281924|     141363  ( 50.1%)|     140561  ( 49.9%)|
#----------------+-----------+-------+---------------------+---------------------+
#
# Total half perimeter of net bounding box: 506336 um.
#detailRoute Statistics:
#Cpu time = 00:02:51
#Elapsed time = 00:00:14
#Increased memory = 150.12 (MB)
#Total memory = 3387.64 (MB)
#Peak memory = 4507.20 (MB)
#
#globalDetailRoute statistics:
#Cpu time = 00:05:08
#Elapsed time = 00:01:31
#Increased memory = 9.36 (MB)
#Total memory = 3328.65 (MB)
#Peak memory = 4507.20 (MB)
#Number of warnings = 24
#Total number of warnings = 34
#Number of fails = 0
#Total number of fails = 0
#Complete globalDetailRoute on Mon Jun  8 11:13:43 2026
#
% End globalDetailRoute (date=06/08 11:13:43, total cpu=0:05:09, real=0:01:31, peak res=4121.3M, current mem=3299.1M)
#Default setup view is reset to WC_VIEW.
#Default setup view is reset to WC_VIEW.
AAE_INFO: Post Route call back at the end of routeDesign
#routeDesign: cpu time = 00:05:35, elapsed time = 00:01:35, memory = 3273.41 (MB), peak = 4507.20 (MB)
#
#  Scalability Statistics
#
#----------------------------+---------+-------------+------------+
#  routeDesign               | cpu time| elapsed time| scalability|
#----------------------------+---------+-------------+------------+
#  Pre Callback              | 00:00:00|     00:00:00|         1.0|
#  Post Callback             | 00:00:00|     00:00:00|         1.0|
#  Timing Data Generation    | 00:01:08|     00:00:18|         3.8|
#  DB Import                 | 00:00:02|     00:00:01|         1.0|
#  DB Export                 | 00:00:02|     00:00:01|         1.0|
#  Cell Pin Access           | 00:00:01|     00:00:00|         1.0|
#  Data Preparation          | 00:00:03|     00:00:01|         1.0|
#  Global Routing            | 00:00:51|     00:00:50|         1.0|
#  Track Assignment          | 00:00:14|     00:00:07|         1.9|
#  Detail Routing            | 00:02:25|     00:00:10|        14.0|
#  Post Route Via Swapping   | 00:00:13|     00:00:01|        12.8|
#  Post Route Wire Spreading | 00:00:33|     00:00:04|         9.5|
#  Entire Command            | 00:05:35|     00:01:35|         3.5|
#----------------------------+---------+-------------+------------+
#

*** Summary of all messages that are not suppressed in this session:
Severity  ID               Count  Summary                                  
WARNING   NRDB-2120            1  Special net %s is missing wiring shapes,...
WARNING   NREX-102          8067  Net %s is not extracted due to %s. The r...
WARNING   NRIG-1303            1  The congestion map does not match the GC...
WARNING   NRIF-38              1  Option %s%s is not a Boolean option.     
WARNING   TCLCMD-1403          1  '%s'                                     
*** Message Summary: 8071 warning(s), 0 error(s)

#% End routeDesign (date=06/08 11:13:44, total cpu=0:05:35, real=0:01:35, peak res=4121.3M, current mem=3273.4M)
<CMD> optDesign -postRoute
**optDesign ... cpu = 0:00:00, real = 0:00:00, mem = 3273.4M, totSessionCpu=0:19:21 **
*** optDesign #1 [begin] () : totSession cpu/real = 0:19:21.3/0:05:59.6 (3.2), mem = 3273.4M
GigaOpt running with 16 threads.
*** InitOpt #1 [begin] (optDesign #1) : totSession cpu/real = 0:19:21.3/0:05:59.6 (3.2), mem = 3273.4M
**INFO: User settings:
setNanoRouteMode -route_detail_use_lef_pin_taper_rule                                     true
setNanoRouteMode -extract_qrc_n2p_accuracy_enhancement                                    true
setNanoRouteMode -extract_rc_model_file                                                   rc_model.bin
setNanoRouteMode -route_extract_third_party_compatible                                    false
setNanoRouteMode -route_global_exp_timing_driven_std_delay                                10.1
setNanoRouteMode -route_global_exp_timing_driven_use_tif_timing_engine_for_import_design  false
setNanoRouteMode -route_exp_design_mode_bottom_routing_layer                              2
setNanoRouteMode -route_exp_design_mode_top_routing_layer                                 10
setNanoRouteMode -route_use_auto_via                                                      true
setNanoRouteMode -route_with_si_driven                                                    true
setNanoRouteMode -route_with_timing_driven                                                true
setNanoRouteMode -route_with_via_in_pin                                                   1:1
setNanoRouteMode -route_with_via_only_for_stdcell_pin                                     1:1
setNanoRouteMode -timingEngine                                                            .timing_file_1028768_0b58e1c8-17ef-44a6-badc-280b1143a8d4.tif.gz
setDesignMode -bottomRoutingLayer                                                         2
setDesignMode -process                                                                    45
setDesignMode -topRoutingLayer                                                            10
setExtractRCMode -coupling_c_th                                                           3
setExtractRCMode -engine                                                                  preRoute
setExtractRCMode -relative_c_th                                                           0.03
setExtractRCMode -total_c_th                                                              5
setUsefulSkewMode -opt_skew_eco_route                                                     false
setDelayCalMode -enable_high_fanout                                                       true
setDelayCalMode -enable_ideal_seq_async_pins                                              false
setDelayCalMode -eng_enablePrePlacedFlow                                                  false
setDelayCalMode -engine                                                                   aae
setDelayCalMode -ignoreNetLoad                                                            false
setDelayCalMode -socv_accuracy_mode                                                       low
setOptMode -opt_view_pruning_setup_views_active_list                                      { WC_VIEW }
setOptMode -opt_view_pruning_setup_views_persistent_list                                  { WC_VIEW}
setOptMode -opt_view_pruning_tdgr_setup_views_persistent_list                             { WC_VIEW}
setOptMode -opt_drv_margin                                                                0
setOptMode -opt_drv                                                                       true
setOptMode -opt_resize_flip_flops                                                         true
setOptMode -opt_preserve_all_sequential                                                   false
setOptMode -opt_setup_target_slack                                                        0
setOptMode -opt_unfix_clock_insts                                                         false
setSIMode -separate_delta_delay_on_data                                                   true
setAnalysisMode -analysisType                                                             onChipVariation
setAnalysisMode -checkType                                                                setup
setAnalysisMode -clkSrcPath                                                               true
setAnalysisMode -clockPropagation                                                         sdcControl
setAnalysisMode -cppr                                                                     both
setAnalysisMode -usefulSkew                                                               true

**INFO: setDesignMode -flowEffort standard -> setting 'setOptMode -allEndPoints true' for the duration of this command.
Disable merging buffers from different footprints for postRoute code for non-MSV designs
Switching SI Aware to true by default in postroute mode   
AAE_INFO: switching setDelayCal -siAware from false to true ...
AAE_INFO: The setting is changed from false to true in setDelayCalMode -SIAware
	CornerforLayerOpt timing analysis view WC_VIEW has been selected for calibration 
	CornerforLayerOpt timing analysis view WC_VIEW has been selected for calibration 
	CornerforLayerOpt timing analysis view WC_VIEW has been selected for calibration 
	CornerforLayerOpt timing analysis view WC_VIEW has been selected for calibration 
**WARN: (IMPOPT-7320):	Glitch fixing has been disabled since glitch reporting is disabled. Glitch reporting can be enabled using command setSIMode -enable_glitch_report true
WC_LIB BC_LIB
Info: Using SynthesisEngine executable '/eda/cadence/DDI251/INNOVUS251/bin/innovus_'.
      SynthesisEngine workers will not check out additional licenses.
**optDesign ... cpu = 0:00:01, real = 0:00:16, mem = 3361.9M, totSessionCpu=0:19:22 **
Existing Dirty Nets : 0
New Signature Flow (optDesignCheckOptions) ....
#Taking db snapshot
#Taking db snapshot ... done
Begin checking placement ... (start mem=3361.9M, init mem=3363.9M)
*info: Placed = 28954          (Fixed = 5681)
*info: Unplaced = 0           
Placement Density:71.08%(61702/86806)
Placement Density (including fixed std cells):71.08%(61702/86806)
Finished checkPlace (total: cpu=0:00:00.3, real=0:00:00.0; vio checks: cpu=0:00:00.3, real=0:00:00.0; mem=3361.4M)
#optDebug: { P: 45 W: 2201 FE: standard PE: none LDR: 1}
 Initial DC engine is -> aae
 
 AAE-Opt:: Current number of nets in RC Memory -> 100 K
 
 
 AAE-Opt:: New number of nets in RC Memory -> 100 K
 
Reset EOS DB
Ignoring AAE DB Resetting ...
 Set Options for AAE Based Opt flow 
*** optDesign -postRoute ***
DRC Margin: user margin 0.0; extra margin 0
Setup Target Slack: user slack 0
Hold Target Slack: user slack 0
**INFO: setOptMode -opt_unfix_clock_insts false -> Flops will not be resized for timing opt and in reclaim.
Multi-VT timing optimization disabled based on library information.
**INFO: Using Advanced Metric Collection system.
*** InitOpt #1 [finish] (optDesign #1) : cpu/real = 0:00:01.2/0:00:16.8 (0.1), totSession cpu/real = 0:19:22.5/0:06:16.4 (3.1), mem = 3366.3M
** INFO : this run is activating 'postRoute' automaton
**INFO: flowCheckPoint #1 InitialSummary
#WARNING (NRDB-2120) Special net VSS is missing wiring shapes, will disable tie-net connections to this net.
#Extract in post route mode
#Finish check_net_pin_list step Enter extract_rc_in_nr_cmd
#Fast data preparation for tQuantus.
#Start routing data preparation on Mon Jun  8 11:14:01 2026
#
# metal1       H   Track-Pitch = 0.14000    Line-2-Via Pitch = 0.13500
# metal2       V   Track-Pitch = 0.19000    Line-2-Via Pitch = 0.14000
# metal3       H   Track-Pitch = 0.14000    Line-2-Via Pitch = 0.14000
# metal4       V   Track-Pitch = 0.28000    Line-2-Via Pitch = 0.28000
# metal5       H   Track-Pitch = 0.28000    Line-2-Via Pitch = 0.28000
# metal6       V   Track-Pitch = 0.28000    Line-2-Via Pitch = 0.28000
# metal7       H   Track-Pitch = 0.84000    Line-2-Via Pitch = 0.80000
# metal8       V   Track-Pitch = 0.84000    Line-2-Via Pitch = 0.80000
# metal9       H   Track-Pitch = 1.60000    Line-2-Via Pitch = 1.60000
# metal10      V   Track-Pitch = 1.68000    Line-2-Via Pitch = 1.60000
#Regenerating Ggrids automatically.
#Auto generating G-grids with size=15 tracks, using layer metal3's pitch = 0.14000.
#Using automatically generated G-grids.
#Done routing data preparation.
#cpu time = 00:00:00, elapsed time = 00:00:00, memory = 3373.17 (MB), peak = 4507.20 (MB)
#Start routing data preparation on Mon Jun  8 11:14:01 2026
#
#shield_layer  1: layer_id= 2 shield_wire_on_grid=1 shield_via_on_grid=1 is_hard_wire_on_grid=0 allow_ww=0
#shield_layer  2: layer_id= 4 shield_wire_on_grid=1 shield_via_on_grid=1 is_hard_wire_on_grid=0 allow_ww=0
#shield_layer  3: layer_id= 6 shield_wire_on_grid=1 shield_via_on_grid=1 is_hard_wire_on_grid=0 allow_ww=0
#shield_layer  4: layer_id= 8 shield_wire_on_grid=1 shield_via_on_grid=1 is_hard_wire_on_grid=0 allow_ww=0
#shield_layer  5: layer_id=10 shield_wire_on_grid=1 shield_via_on_grid=1 is_hard_wire_on_grid=0 allow_ww=0
#shield_layer  6: layer_id=12 shield_wire_on_grid=1 shield_via_on_grid=1 is_hard_wire_on_grid=0 allow_ww=0
#shield_layer  7: layer_id=14 shield_wire_on_grid=1 shield_via_on_grid=1 is_hard_wire_on_grid=0 allow_ww=0
#shield_layer  8: layer_id=16 shield_wire_on_grid=1 shield_via_on_grid=1 is_hard_wire_on_grid=0 allow_ww=0
#shield_layer  9: layer_id=18 shield_wire_on_grid=1 shield_via_on_grid=1 is_hard_wire_on_grid=0 allow_ww=0
#shield_layer 10: layer_id=20 shield_wire_on_grid=1 shield_via_on_grid=1 is_hard_wire_on_grid=0 allow_ww=0
#Bottom routing layer index=2(metal2), bottom routing layer for shielding=2(metal2), bottom shield layer=2(metal2) top shield layer=10(metal10)
#shield_bottom_stripe_layer=1(metal1), shield_top_stripe_layer=10(metal10)
#pin_access_rlayer=2(metal2) num_routing_layer=10 top_routing_layer=10 top_ripin_layer=10
#shield_top_dpt_rlayer=-1 top_rlayer=10 top_trim_metal_rlayer=-1 rlayer_lowest=1 bottom_rlayer=2
#enable_trim_layer_shield=F enable_dpt_layer_shield=F has_line_end_grid=F
#Regenerating Ggrids automatically.
#Auto generating G-grids with size=15 tracks, using layer metal3's pitch = 0.14000.
#Using automatically generated G-grids.
#Done routing data preparation.
#cpu time = 00:00:01, elapsed time = 00:00:01, memory = 3388.02 (MB), peak = 4507.20 (MB)
#
#Start tQuantus RC extraction...
#Start building rc corner(s)...
#Number of RC Corner = 2
#Corner Cmin /home/ykaraagac/cadence-bitirme/Enablements/NanGate45/qrc/NG45.tch 25.000000 (real) 
#Corner Cmax /home/ykaraagac/cadence-bitirme/Enablements/NanGate45/qrc/NG45.tch 25.000000 (real) 
#(i=10, n=10 2000)
#metal1 -> metal1 (1)
#metal2 -> metal2 (2)
#metal3 -> metal3 (3)
#metal4 -> metal4 (4)
#metal5 -> metal5 (5)
#metal6 -> metal6 (6)
#metal7 -> metal7 (7)
#metal8 -> metal8 (8)
#metal9 -> metal9 (9)
#metal10 -> metal10 (10)
#SADV-On
# Corner(s) : 
#Cmin [25.00] 
#Cmax [25.00]
# Corner id: 0
# Layout Scale: 1.000000
# Has Metal Fill model: yes
# Temperature was set
# Temperature : 25.000000
# Ref. Temp   : 25.000000
# Corner id: 1
# Layout Scale: 1.000000
# Has Metal Fill model: yes
# Temperature was set
# Temperature : 25.000000
# Ref. Temp   : 25.000000
#SADV-Off
#total pattern=220 [10, 605]
#Reading previously stored rc_model file ( rc_model.bin ) ...
#found CAPMODEL /home/ykaraagac/cadence-bitirme/Enablements/NanGate45/qrc/NG45.tch
#found RESMODEL /home/ykaraagac/cadence-bitirme/Enablements/NanGate45/qrc/NG45.tch 25.000000 
#CCE Version read = IQuantus/TQuantus 24.1.0-s365
#number model r/c [1,1] [10,605] read
#0 rcmodel(s) requires rebuild
#Build RC corners: cpu time = 00:00:00, elapsed time = 00:00:00, memory = 3389.92 (MB), peak = 4507.20 (MB)
#Finish check_net_pin_list step Enter extract
#Start init net ripin tree building
#Finish init net ripin tree building
#Cpu time = 00:00:00
#Elapsed time = 00:00:00
#Increased memory = 0.00 (MB)
#Total memory = 3389.92 (MB)
#Peak memory = 4507.20 (MB)
#Using multithreading with 16 threads.
#begin processing metal fill model file
#end processing metal fill model file
#Length limit = 200 pitches
#opt mode = 2
#Finish check_net_pin_list step Fix net pin list
#Start generate extraction boxes.
#
#Extract using 30 x 30 Hboxes
#6x6 initial hboxes
#Use area based hbox pruning.
#0/0 hboxes pruned.
#Complete generating extraction boxes.
#Extract 25 hboxes with 16 threads on machine with  3.25GHz 1024KB Cache 128CPU...
#Process 0 special clock nets for rc extraction
#Total 30697 nets were built. 426 nodes added to break long wires. 0 net(s) have incomplete routes.
#Start inst blockage merging.
#Run Statistics for Extraction:
#   Cpu time = 00:00:13, elapsed time = 00:00:02 .
#   Increased memory =   591.39 (MB), total memory =  3982.17 (MB), peak memory =  4507.20 (MB)
#Register nets and terms for rcdb /home/ykaraagac/cadence-bitirme/Flows/NanGate45/biriscv_2mul_vs_hybrid/scripts/cadence/innovus_temp_1028768_0b58e1c8-17ef-44a6-badc-280b1143a8d4_dockereda-rocky8_ykaraagac_loZ0Xa/nr0_1028768_0b58e1c8-17ef-44a6-badc-280b1143a8d4UQSsCc.rcdb.d
#Finish registering nets and terms for rcdb.
#Simplify RC tree: cpu time = 00:00:00, elapsed time = 00:00:00, memory = 3495.69 (MB), peak = 4507.20 (MB)
#RC Statistics: 202489 Res, 108988 Ground Cap, 13613 XCap (Edge to Edge)
#WARNING (NREX-102) Net u_frontend/u_npc/UNCONNECTED2001 is not extracted due to Has no routing. The result of timing analysis involving such net is inaccurate.
#WARNING (NREX-102) Net u_frontend/u_npc/UNCONNECTED1507 is not extracted due to Has no routing. The result of timing analysis involving such net is inaccurate.
#WARNING (NREX-102) Net u_frontend/u_npc/UNCONNECTED1965 is not extracted due to Has no routing. The result of timing analysis involving such net is inaccurate.
#WARNING (NREX-102) Net u_frontend/u_npc/UNCONNECTED2136 is not extracted due to Has no routing. The result of timing analysis involving such net is inaccurate.
#WARNING (NREX-102) Net u_frontend/u_npc/UNCONNECTED1516 is not extracted due to Has no routing. The result of timing analysis involving such net is inaccurate.
#WARNING (NREX-102) Net u_frontend/u_npc/UNCONNECTED1505 is not extracted due to Has no routing. The result of timing analysis involving such net is inaccurate.
#WARNING (NREX-102) Net u_frontend/u_npc/UNCONNECTED1508 is not extracted due to Has no routing. The result of timing analysis involving such net is inaccurate.
#WARNING (NREX-102) Net u_frontend/u_npc/UNCONNECTED1512 is not extracted due to Has no routing. The result of timing analysis involving such net is inaccurate.
#WARNING (NREX-102) Net u_frontend/u_npc/UNCONNECTED1997 is not extracted due to Has no routing. The result of timing analysis involving such net is inaccurate.
#WARNING (NREX-102) Net u_frontend/u_npc/UNCONNECTED1967 is not extracted due to Has no routing. The result of timing analysis involving such net is inaccurate.
#WARNING (NREX-102) Net u_frontend/u_npc/UNCONNECTED1475 is not extracted due to Has no routing. The result of timing analysis involving such net is inaccurate.
#WARNING (NREX-102) Net u_frontend/u_npc/UNCONNECTED1503 is not extracted due to Has no routing. The result of timing analysis involving such net is inaccurate.
#WARNING (NREX-102) Net u_frontend/u_npc/UNCONNECTED1501 is not extracted due to Has no routing. The result of timing analysis involving such net is inaccurate.
#WARNING (NREX-102) Net u_frontend/u_npc/UNCONNECTED1513 is not extracted due to Has no routing. The result of timing analysis involving such net is inaccurate.
#WARNING (NREX-102) Net u_frontend/u_npc/UNCONNECTED1515 is not extracted due to Has no routing. The result of timing analysis involving such net is inaccurate.
#WARNING (NREX-102) Net u_frontend/u_npc/UNCONNECTED1999 is not extracted due to Has no routing. The result of timing analysis involving such net is inaccurate.
#WARNING (NREX-102) Net u_frontend/u_npc/UNCONNECTED1968 is not extracted due to Has no routing. The result of timing analysis involving such net is inaccurate.
#WARNING (NREX-102) Net u_frontend/u_npc/UNCONNECTED1966 is not extracted due to Has no routing. The result of timing analysis involving such net is inaccurate.
#WARNING (NREX-102) Net u_frontend/u_npc/UNCONNECTED1472 is not extracted due to Has no routing. The result of timing analysis involving such net is inaccurate.
#WARNING (NREX-102) Net u_frontend/u_npc/UNCONNECTED1471 is not extracted due to Has no routing. The result of timing analysis involving such net is inaccurate.
#WARNING (EMS-27) Message (NREX-102) has exceeded the current message display limit of 20.
#To increase the message display limit, refer to the product command reference manual.
#RC V/H edge ratio: 0.34, Avg V/H Edge Length: 3319.06 (95113), Avg L-Edge Length: 8409.51 (72136)
#Nets and terms are pre-registered for rcdb /home/ykaraagac/cadence-bitirme/Flows/NanGate45/biriscv_2mul_vs_hybrid/scripts/cadence/innovus_temp_1028768_0b58e1c8-17ef-44a6-badc-280b1143a8d4_dockereda-rocky8_ykaraagac_loZ0Xa/nr0_1028768_0b58e1c8-17ef-44a6-badc-280b1143a8d4UQSsCc.rcdb.d.
#Start writing RC data.
#Finish writing RC data
#Finish writing rcdb with 233210 nodes, 202513 edges, and 32344 xcaps
#cpu time = 00:00:01, elapsed time = 00:00:00, memory = 3487.54 (MB), peak = 4507.20 (MB)
Restoring parasitic data from file '/home/ykaraagac/cadence-bitirme/Flows/NanGate45/biriscv_2mul_vs_hybrid/scripts/cadence/innovus_temp_1028768_0b58e1c8-17ef-44a6-badc-280b1143a8d4_dockereda-rocky8_ykaraagac_loZ0Xa/nr0_1028768_0b58e1c8-17ef-44a6-badc-280b1143a8d4UQSsCc.rcdb.d' ...
Reading RCDB with compressed RC data.
Reading RCDB with compressed RC data.
Begin read_parasitics... (cpu: 0:00:00.0 real: 0:00:00.0 mem: 3487.539M)
Following multi-corner parasitics specified:
	/home/ykaraagac/cadence-bitirme/Flows/NanGate45/biriscv_2mul_vs_hybrid/scripts/cadence/innovus_temp_1028768_0b58e1c8-17ef-44a6-badc-280b1143a8d4_dockereda-rocky8_ykaraagac_loZ0Xa/nr0_1028768_0b58e1c8-17ef-44a6-badc-280b1143a8d4UQSsCc.rcdb.d (rcdb)
Reading RCDB with compressed RC data.
		Cell riscv_core has rcdb /home/ykaraagac/cadence-bitirme/Flows/NanGate45/biriscv_2mul_vs_hybrid/scripts/cadence/innovus_temp_1028768_0b58e1c8-17ef-44a6-badc-280b1143a8d4_dockereda-rocky8_ykaraagac_loZ0Xa/nr0_1028768_0b58e1c8-17ef-44a6-badc-280b1143a8d4UQSsCc.rcdb.d specified
Cell riscv_core, hinst 
Reading RCDB with compressed RC data.
Done read_parasitics... (cpu: 0:00:00.3 real: 0:00:00.0 mem: 3491.852M)
#
#Restore RCDB.
#
#Complete tQuantus RC extraction.
#Cpu time = 00:00:20
#Elapsed time = 00:00:04
#Increased memory = 103.83 (MB)
#Total memory = 3491.85 (MB)
#Peak memory = 4507.20 (MB)
#
#426 inserted nodes are removed
#Restored 0 tie nets, 0 tie snets, 0 partial nets
#Start Design Signature (0)
#Finish Inst Signature in MT(12439937)
#Finish Net Signature in MT(22004879)
#Finish SNet Signature in MT (36044692)
#Run time and memory report for RC extraction:
#RC extraction running on  3.25GHz 1024KB Cache 128CPU.
#Run Statistics for snet signature:
#   Cpu time = 00:00:00, elapsed time = 00:00:00 , scale factor =  1.01/16, scale score = 0.06.
#    Increased memory =     0.00 (MB), total memory =  3372.50 (MB), peak memory =  4507.20 (MB)
#Run Statistics for Net Final Signature:
#   Cpu time = 00:00:00, elapsed time = 00:00:00 .
#   Increased memory =     0.00 (MB), total memory =  3372.50 (MB), peak memory =  4507.20 (MB)
#Run Statistics for Net launch:
#   Cpu time = 00:00:00, elapsed time = 00:00:00 , scale factor = 13.83/16, scale score = 0.86.
#    Increased memory =     0.91 (MB), total memory =  3372.50 (MB), peak memory =  4507.20 (MB)
#Run Statistics for Net init_dbsNet_slist:
#   Cpu time = 00:00:00, elapsed time = 00:00:00 .
#   Increased memory =     0.00 (MB), total memory =  3371.59 (MB), peak memory =  4507.20 (MB)
#Run Statistics for net signature:
#   Cpu time = 00:00:00, elapsed time = 00:00:00 , scale factor = 12.83/16, scale score = 0.80.
#    Increased memory =     0.91 (MB), total memory =  3372.50 (MB), peak memory =  4507.20 (MB)
#Run Statistics for inst signature:
#   Cpu time = 00:00:00, elapsed time = 00:00:00 , scale factor = 10.13/16, scale score = 0.63.
#    Increased memory =   -11.29 (MB), total memory =  3371.59 (MB), peak memory =  4507.20 (MB)
Reading RCDB with compressed RC data.
** INFO: Initializing Glitch Interface
AAE DB initialization (MEM=3379.625000 CPU=0:00:00.0 REAL=0:00:00.0) 
** INFO: Initializing Glitch Cache
*** BuildHoldData #1 [begin] (optDesign #1) : totSession cpu/real = 0:19:48.3/0:06:22.4 (3.1), mem = 3379.6M
AAE_INFO: switching setDelayCal -siAware from true to false ...
AAE_INFO: The setting is changed from true to false in setDelayCalMode -SIAware
Starting delay calculation for Hold views
AAE_INFO: opIsDesignInPostRouteState() is 1
#################################################################################
# Design Stage: PostRoute
# Design Name: riscv_core
# Design Mode: 45nm
# Analysis Mode: MMMC OCV 
# Parasitics Mode: SPEF/RCDB 
# Signoff Settings: SI Off 
#################################################################################
Start delay calculation (fullDC) (16 T). (MEM=3690.04)
AAE_INFO: 16 threads acquired from CTE.
Total number of fetched objects 35048
End delay calculation. (MEM=3771.73 CPU=0:00:06.5 REAL=0:00:00.0)
End delay calculation (fullDC). (MEM=3763.68 CPU=0:00:09.2 REAL=0:00:03.0)
*** Done Building Timing Graph (cpu=0:00:11.9 real=0:00:03.0 totSessionCpu=0:20:03 mem=3869.9M)
Done building cte hold timing graph (HoldAware) cpu=0:00:14.5 real=0:00:03.0 totSessionCpu=0:20:03 mem=3869.9M ***
AAE_INFO: switching setDelayCal -siAware from false to true ...
AAE_INFO: The setting is changed from false to true in setDelayCalMode -SIAware
Starting delay calculation for Setup views
AAE_INFO: opIsDesignInPostRouteState() is 1
AAE_INFO: resetNetProps viewIdx 0 
Starting SI iteration 1 using Infinite Timing Windows
#################################################################################
# Design Stage: PostRoute
# Design Name: riscv_core
# Design Mode: 45nm
# Analysis Mode: MMMC OCV 
# Parasitics Mode: SPEF/RCDB 
# Signoff Settings: SI On 
#################################################################################
Start delay calculation (fullDC) (16 T). (MEM=3898.63)
AAE_INFO: 16 threads acquired from CTE.
Total number of fetched objects 35048
AAE_INFO-618: Total number of nets in the design is 38764,  90.4 percent of the nets selected for SI analysis
End delay calculation. (MEM=3968.04 CPU=0:00:09.5 REAL=0:00:01.0)
End delay calculation (fullDC). (MEM=3968.04 CPU=0:00:10.2 REAL=0:00:01.0)
Save waveform /home/ykaraagac/cadence-bitirme/Flows/NanGate45/biriscv_2mul_vs_hybrid/scripts/cadence/innovus_temp_1028768_0b58e1c8-17ef-44a6-badc-280b1143a8d4_dockereda-rocky8_ykaraagac_loZ0Xa/.AAE_nPuXgk/.AAE_1028768_0b58e1c8-17ef-44a6-badc-280b1143a8d4/waveform.data...
Loading CTE timing window with TwFlowType 0...(CPU = 0:00:00.0, REAL = 0:00:00.0, MEM = 3971.0M)
Add other clocks and setupCteToAAEClockMapping during iter 1
Loading CTE timing window is completed (CPU = 0:00:00.3, REAL = 0:00:00.0, MEM = 3971.0M)

Executing IPO callback for view pruning ..
Starting SI iteration 2
Start delay calculation (fullDC) (16 T). (MEM=4091.2)
Glitch Analysis: View WC_VIEW -- Total Number of Nets Skipped = 0. 
Glitch Analysis: View WC_VIEW -- Total Number of Nets Analyzed = 35048. 
Total number of fetched objects 35048
AAE_INFO-618: Total number of nets in the design is 38764,  0.1 percent of the nets selected for SI analysis
End delay calculation. (MEM=4107.2 CPU=0:00:01.7 REAL=0:00:00.0)
End delay calculation (fullDC). (MEM=4107.2 CPU=0:00:01.7 REAL=0:00:00.0)
*** Done Building Timing Graph (cpu=0:00:22.5 real=0:00:04.0 totSessionCpu=0:20:29 mem=4100.7M)
** INFO: Initializing Glitch Interface
** INFO: Initializing Glitch Interface

OptSummary:

------------------------------------------------------------------
     Initial SI Timing Summary
------------------------------------------------------------------

Setup views included:
 WC_VIEW 

+--------------------+---------+---------+---------+---------+---------+---------+
|     Setup mode     |   all   | reg2reg | in2reg  | reg2out | in2out  | default |
+--------------------+---------+---------+---------+---------+---------+---------+
|           WNS (ns):|  3.720  |  5.182  |  3.720  |  6.487  |  4.854  |  0.000  |
|           TNS (ns):|  0.000  |  0.000  |  0.000  |  0.000  |  0.000  |  0.000  |
|    Violating Paths:|    0    |    0    |    0    |    0    |    0    |    0    |
|          All Paths:|  11140  |  11006  |  4248   |   102   |   35    |    0    |
+--------------------+---------+---------+---------+---------+---------+---------+

+----------------+-------------------------------+------------------+
|                |              Real             |       Total      |
|    DRVs        +------------------+------------+------------------|
|                |  Nr nets(terms)  | Worst Vio  |  Nr nets(terms)  |
+----------------+------------------+------------+------------------+
|   max_cap      |      0 (0)       |   0.000    |      0 (0)       |
|   max_tran     |      0 (0)       |   0.000    |      0 (0)       |
|   max_fanout   |      0 (0)       |     0      |      0 (0)       |
|   max_length   |      0 (0)       |     0      |      0 (0)       |
+----------------+------------------+------------+------------------+

Density: 71.081%
------------------------------------------------------------------
*** BuildHoldData #1 [finish] (optDesign #1) : cpu/real = 0:00:42.2/0:00:08.7 (4.8), totSession cpu/real = 0:20:30.4/0:06:31.1 (3.1), mem = 4152.3M
**optDesign ... cpu = 0:01:09, real = 0:00:31, mem = 4083.5M, totSessionCpu=0:20:30 **
OPTC: m4 20.0 50.0 [ 500.0 20.0 50.0 ]
OPTC: view 50.0:500.0 [ 0.0500 ]
Setting latch borrow mode to budget during optimization.
Info: Done creating the CCOpt slew target map.
**INFO: flowCheckPoint #2 OptimizationPass1
Glitch fixing enabled
*** ClockDrv #1 [begin] (optDesign #1) : totSession cpu/real = 0:20:39.3/0:06:32.4 (3.2), mem = 4081.1M
Running CCOpt-PRO on entire clock network
Leaving CCOpt scope - Initializing power interface...
Leaving CCOpt scope - Initializing power interface done. (took cpu=0:00:00.0 real=0:00:00.0)
Net route status summary:
  Clock:       475 (unrouted=0, trialRouted=0, noStatus=0, routed=475, fixed=0, [crossesIlmBoundary=0, tooFewTerms=0, (crossesIlmBoundary AND tooFewTerms=0)], steiner=0)
  Non-clock: 38289 (unrouted=8067, trialRouted=0, noStatus=0, routed=30222, fixed=0, [crossesIlmBoundary=0, tooFewTerms=8067, (crossesIlmBoundary AND tooFewTerms=0)])
-effortLevel medium                        # enums={low medium high signoff}, default=undefined
Clock tree cells fixed by user: 0 out of 474 (0%)
PRO...
Relaxing adjacent_rows_legal and cell_density for the duration of PRO. To stop this set pro_respect_cell_density_and_adjacent_row_legal to true.
Initializing clock structures...
  Creating own balancer
  Permitting the movement of (non-FIXED) datapath insts as required for sized/new clock tree insts
  Initializing legalizer
  Using cell based legalization.
  Leaving CCOpt scope - Initializing placement interface...
  Leaving CCOpt scope - Initializing placement interface done. (took cpu=0:00:00.0 real=0:00:00.0)
[PSP]    Load db... (mem=2.3M)
[PSP]    Read data from FE... (mem=2.3M)
[PSP]    Done Read data from FE (cpu=0.021s, mem=2.4M)

[PSP]    Done Load db (cpu=0.021s, mem=2.4M)

[PSP]    Constructing placeable region... (mem=2.4M)
[PSP]    Compute region effective width... (mem=2.4M)
[PSP]    Done Compute region effective width (cpu=0.000s, mem=2.4M)

[PSP]    Done Constructing placeable region (cpu=0.005s, mem=2.4M)

  Reconstructing clock tree datastructures, skew aware...
    Validating CTS configuration...
    Checking module port directions...
    Checking module port directions done. (took cpu=0:00:00.0 real=0:00:00.0)
    Non-default CCOpt properties:
      Public non-default CCOpt properties:
        adjacent_rows_legal: true (default: false)
        cell_density is set for at least one object
        cell_halo_rows: 0 (default: 1)
        cell_halo_sites: 0 (default: 4)
        cts_def_lock_clock_sinks_after_routing: true (default: false)
        original_names is set for at least one object
        post_conditioning_enable_routing_eco: 1 (default: false)
        route_type is set for at least one object
        target_insertion_delay is set for at least one object
        target_skew is set for at least one object
      Private non-default CCOpt properties:
        allow_non_fterm_identical_swaps: 0 (default: true)
        clock_nets_detailed_routed: 1 (default: false)
        force_design_routing_status: 1 (default: auto)
        last_virtual_delay_scaling_factor is set for at least one object
        pro_enable_post_commit_delay_update: 1 (default: false)
        use_accurate_downstream_capacitance_in_optimization: 1 (default: false)
    Route type trimming info:
      No route type modifications were made.
    Library trimming buffers in power domain auto-default and half-corner WC:setup.late removed 0 of 3 cells
    Original list had 3 cells:
    CLKBUF_X3 CLKBUF_X2 CLKBUF_X1 
    Library trimming was not able to trim any cells:
    CLKBUF_X3 CLKBUF_X2 CLKBUF_X1 
**WARN: (IMPCCOPT-1184):	The library has no usable balanced inverters for power domain auto-default, while balancing clock_tree clk. If this is not intended behavior, you can specify a list of lib_cells to use with the inverter_cells property.
    Clock tree balancer configuration for clock_tree clk:
    Non-default CCOpt properties:
      Public non-default CCOpt properties:
        cell_density: 1 (default: 0.75)
        route_type (leaf): default_route_type_leaf (default: default)
        route_type (top): default_route_type_nonleaf (default: default)
        route_type (trunk): default_route_type_nonleaf (default: default)
      No private non-default CCOpt properties
    For power domain auto-default:
      Buffers:     CLKBUF_X3 CLKBUF_X2 CLKBUF_X1
      Inverters:   
      Clock gates (with test): CLKGATETST_X8 CLKGATETST_X4 CLKGATETST_X2 CLKGATETST_X1
      Clock gates   (no test): CLKGATE_X8 CLKGATE_X4 CLKGATE_X2 CLKGATE_X1
      Unblocked area available for placement of any clock cells in power_domain auto-default: 86806.440um^2
    Top Routing info:
      Route-type name: default_route_type_nonleaf; Top/bottom preferred layer name: metal4/metal3; 
      Unshielded; Mask Constraint: 0; Source: route_type.
    Trunk Routing info:
      Route-type name: default_route_type_nonleaf; Top/bottom preferred layer name: metal4/metal3; 
      Unshielded; Preferred extra space: 1; Mask Constraint: 0; Source: route_type.
    Leaf Routing info:
      Route-type name: default_route_type_leaf; Top/bottom preferred layer name: metal4/metal3; 
      Unshielded; Preferred extra space: 1; Mask Constraint: 0; Source: route_type.
    For timing_corner WC:setup, late and power domain auto-default:
      Slew time target (leaf):    0.019ns
      Slew time target (trunk):   0.019ns
      Slew time target (top):     0.020ns (Note: no nets are considered top nets in this clock tree)
      Buffer unit delay: 0.034ns
      Buffer max distance: 116.078um
    Fastest wire driving cells and distances:
      Buffer    : {lib_cell:CLKBUF_X3, fastest_considered_half_corner=WC:setup.late, optimalDrivingDistance=116.078um, saturatedSlew=0.016ns, speed=2459.280um per ns, cellArea=11.458um^2 per 1000um}
      Clock gate (with test): {lib_cell:CLKGATETST_X8, fastest_considered_half_corner=WC:setup.late, optimalDrivingDistance=214.194um, saturatedSlew=0.016ns, speed=4224.734um per ns, cellArea=36.014um^2 per 1000um}
      Clock gate   (no test): {lib_cell:CLKGATE_X8, fastest_considered_half_corner=WC:setup.late, optimalDrivingDistance=215.484um, saturatedSlew=0.016ns, speed=4461.367um per ns, cellArea=32.095um^2 per 1000um}
    
    
    Logic Sizing Table:
    
    ----------------------------------------------------------
    Cell    Instance count    Source    Eligible library cells
    ----------------------------------------------------------
      (empty table)
    ----------------------------------------------------------
    
    
    Clock tree balancer configuration for skew_group clk/CON:
     Created from constraint modes: {[CON]}
      Sources:                     pin clk_i
      Total number of sinks:       5207
      Delay constrained sinks:     5207
      Constrains:                  default
      Non-leaf sinks:              0
      Ignore pins:                 0
     Timing corner WC:setup.late:
      Skew target:                 0.034ns
    Primary reporting skew groups are:
    skew_group clk/CON with 5207 clock sinks
    Found 0/474 (0.000%) clock tree instances with fixed placement status.
    
    
    Constraint summary
    ==================
    
    Transition constraints are active in the following delay corners:
    
    WC:setup.late
    
    Cap constraints are active in the following delay corners:
    
    WC:setup.late
    
    Transition constraint summary:
    
    ------------------------------------------------------------------------------------
    Delay corner               Target (ns)    Num pins    Target source    Clock tree(s)
    ------------------------------------------------------------------------------------
    WC:setup.late (primary)         -            -              -                -
               -                  0.019         6157      auto computed    all
    ------------------------------------------------------------------------------------
    
    Capacitance constraint summary:
    
    -----------------------------------------------------------------------------------------------
    Delay corner               Limit (fF)    Num nets    Target source                Clock tree(s)
    -----------------------------------------------------------------------------------------------
    WC:setup.late (primary)        -            -                    -                      -
               -                 60.730          2       library_or_sdc_constraint    all
               -                121.460         62       library_or_sdc_constraint    all
               -                181.885        411       library_or_sdc_constraint    all
    -----------------------------------------------------------------------------------------------
    
    
    Clock DAG stats initial state:
      cell counts      : b=474, i=0, icg=0, dcg=0, l=0, total=474
      sink counts      : regular=5207, enable_latch=0, load_capacitance=0, antenna=0, node_sink=0, port=0, total=5207
      misc counts      : r=1, pp=0, mci=0
      cell areas       : b=612.864um^2, i=0.000um^2, icg=0.000um^2, dcg=0.000um^2, l=0.000um^2, total=612.864um^2
      hp wire lengths  : top=0.000um, trunk=4305.670um, leaf=7963.950um, total=12269.620um
    Clock DAG library cell distribution initial state {count}:
       Bufs: CLKBUF_X3: 410 CLKBUF_X2: 62 CLKBUF_X1: 2 
      flow.cputime  flow.realtime  timing.setup.tns  timing.setup.wns  snapshot
UM:*                                                                   InitialState
    Have 16 CPUs available for CTS. Selected algorithms will run multithreaded.
    No ideal or dont_touch nets found in the clock tree
    No dont_touch hnets found in the clock tree
    No dont_touch hpins found in the clock network.
    Checking for illegal sizes of clock logic instances...
    Checking for illegal sizes of clock logic instances done. (took cpu=0:00:00.0 real=0:00:00.0)
    Validating CTS configuration done. (took cpu=0:00:00.9 real=0:00:00.7)
    CCOpt configuration status: all checks passed.
  Reconstructing clock tree datastructures, skew aware done.
Initializing clock structures done.
PRO...
  PRO active optimizations:
   - DRV fixing with sizing
  
  Detected clock skew data from CTS
  ProEngine running partially connected to DB
  Clock tree timing engine global stage delay update for WC:setup.late...
  Clock tree timing engine global stage delay update for WC:setup.late done. (took cpu=0:00:00.2 real=0:00:00.1)
  Clock DAG stats PRO initial state:
    cell counts      : b=474, i=0, icg=0, dcg=0, l=0, total=474
    sink counts      : regular=5207, enable_latch=0, load_capacitance=0, antenna=0, node_sink=0, port=0, total=5207
    misc counts      : r=1, pp=0, mci=0
    cell areas       : b=612.864um^2, i=0.000um^2, icg=0.000um^2, dcg=0.000um^2, l=0.000um^2, total=612.864um^2
    cell capacitance : b=671.403fF, i=0.000fF, icg=0.000fF, dcg=0.000fF, l=0.000fF, total=671.403fF
    sink capacitance : total=5154.338fF, avg=0.990fF, sd=0.029fF, min=0.950fF, max=1.026fF
    wire capacitance : top=0.000fF, trunk=532.713fF, leaf=1775.470fF, total=2308.184fF
    wire lengths     : top=0.000um, trunk=4699.145um, leaf=14271.100um, total=18970.245um
    hp wire lengths  : top=0.000um, trunk=4305.670um, leaf=7963.950um, total=12269.620um
  Clock DAG net violations PRO initial state:
    Remaining Transition : {count=30, worst=[0.001ns, 0.001ns, 0.001ns, 0.001ns, 0.001ns, 0.001ns, 0.001ns, 0.001ns, 0.001ns, 0.001ns, ...]} avg=0.000ns sd=0.000ns sum=0.013ns
  Clock DAG primary half-corner transition distribution PRO initial state:
    Trunk : target=0.019ns count=95 avg=0.016ns sd=0.003ns min=0.006ns max=0.020ns {7 <= 0.011ns, 33 <= 0.015ns, 30 <= 0.017ns, 9 <= 0.018ns, 8 <= 0.019ns} {7 <= 0.020ns, 1 <= 0.021ns, 0 <= 0.023ns, 0 <= 0.029ns, 0 > 0.029ns}
    Leaf  : target=0.019ns count=380 avg=0.018ns sd=0.001ns min=0.015ns max=0.020ns {0 <= 0.011ns, 1 <= 0.015ns, 105 <= 0.017ns, 161 <= 0.018ns, 91 <= 0.019ns} {20 <= 0.020ns, 2 <= 0.021ns, 0 <= 0.023ns, 0 <= 0.029ns, 0 > 0.029ns}
  Clock DAG library cell distribution PRO initial state {count}:
     Bufs: CLKBUF_X3: 410 CLKBUF_X2: 62 CLKBUF_X1: 2 
  Primary reporting skew groups PRO initial state:
  Skew group summary PRO initial state:
    skew_group clk/CON: insertion delay [min=0.199, max=0.224, avg=0.213, sd=0.006, skn=-0.606, kur=-0.554], skew [0.025 vs 0.034], 100% {0.199, 0.224} (wid=0.017 ws=0.013) (gid=0.215 gs=0.025)
  Recomputing CTS skew targets...
  Resolving skew group constraints...
    Solving LP: 1 skew groups; 2 fragments, 2 fraglets and 3 vertices; 12 variables and 27 constraints; tolerance 1
  Resolving skew group constraints done.
  Recomputing CTS skew targets done. (took cpu=0:00:00.3 real=0:00:00.3)
  PRO Fixing DRVs...
    Fixing clock tree DRVs: ...20% ...40% ...60% ...80% ...100% 
    CCOpt-PRO: considered: 475, tested: 475, violation detected: 30, violation ignored (due to small violation): 0, cannot run: 0, attempted: 30, unsuccessful: 0, sized: 8
    
    Statistics: Fix DRVs (cell sizing):
    ===================================
    
    Cell changes by Net Type:
    
    ------------------------------------------------------------------------------------------------------------------------------
    Net Type    Attempted            Upsized              Downsized    Swapped Same Size    Total Changed        Not Sized
    ------------------------------------------------------------------------------------------------------------------------------
    top                0                    0                    0            0                    0                    0
    trunk              8 [26.7%]            8 (100.0%)           0            0                    8 (100.0%)           0 (0.0%)
    leaf              22 [73.3%]            0                    0            0                    0 (0.0%)            22 (100.0%)
    ------------------------------------------------------------------------------------------------------------------------------
    Total             30 [100.0%]           8 (26.7%)            0            0                    8 (26.7%)           22 (73.3%)
    ------------------------------------------------------------------------------------------------------------------------------
    
    Upsized: 8, Downsized: 0, Sized but same area: 0, Unchanged: 22, Area change: 2.128um^2 (0.347%)
    Max. move: 0.000um, Min. move: 0.000um, Avg. move: 0.000um
    
    Clock DAG stats after 'PRO Fixing DRVs':
      cell counts      : b=474, i=0, icg=0, dcg=0, l=0, total=474
      sink counts      : regular=5207, enable_latch=0, load_capacitance=0, antenna=0, node_sink=0, port=0, total=5207
      misc counts      : r=1, pp=0, mci=0
      cell areas       : b=614.992um^2, i=0.000um^2, icg=0.000um^2, dcg=0.000um^2, l=0.000um^2, total=614.992um^2
      cell capacitance : b=671.525fF, i=0.000fF, icg=0.000fF, dcg=0.000fF, l=0.000fF, total=671.525fF
      sink capacitance : total=5154.338fF, avg=0.990fF, sd=0.029fF, min=0.950fF, max=1.026fF
      wire capacitance : top=0.000fF, trunk=532.713fF, leaf=1775.470fF, total=2308.184fF
      wire lengths     : top=0.000um, trunk=4699.145um, leaf=14271.100um, total=18970.245um
      hp wire lengths  : top=0.000um, trunk=4305.670um, leaf=7963.950um, total=12269.620um
    Clock DAG net violations after 'PRO Fixing DRVs':
      Remaining Transition : {count=22, worst=[0.001ns, 0.001ns, 0.001ns, 0.001ns, 0.001ns, 0.001ns, 0.001ns, 0.001ns, 0.000ns, 0.000ns, ...]} avg=0.000ns sd=0.000ns sum=0.009ns
    Clock DAG primary half-corner transition distribution after 'PRO Fixing DRVs':
      Trunk : target=0.019ns count=95 avg=0.015ns sd=0.002ns min=0.006ns max=0.019ns {7 <= 0.011ns, 41 <= 0.015ns, 30 <= 0.017ns, 9 <= 0.018ns, 8 <= 0.019ns}
      Leaf  : target=0.019ns count=380 avg=0.018ns sd=0.001ns min=0.015ns max=0.020ns {0 <= 0.011ns, 1 <= 0.015ns, 108 <= 0.017ns, 159 <= 0.018ns, 90 <= 0.019ns} {20 <= 0.020ns, 2 <= 0.021ns, 0 <= 0.023ns, 0 <= 0.029ns, 0 > 0.029ns}
    Clock DAG library cell distribution after 'PRO Fixing DRVs' {count}:
       Bufs: CLKBUF_X3: 418 CLKBUF_X2: 54 CLKBUF_X1: 2 
    Primary reporting skew groups after 'PRO Fixing DRVs':
    Skew group summary after 'PRO Fixing DRVs':
      skew_group clk/CON: insertion delay [min=0.199, max=0.223], skew [0.024 vs 0.034]
    Legalizer API calls during this step: 38 succeeded with high effort: 38 succeeded with medium effort: 0 succeeded with low effort: 0 succeeded with basic effort: 0 succeeded with basic unbounded effort: 0
  PRO Fixing DRVs done. (took cpu=0:00:00.2 real=0:00:00.1)
  Reconnecting optimized routes...
  Reconnecting optimized routes done. (took cpu=0:00:00.0 real=0:00:00.0)
  Clock tree timing engine global stage delay update for WC:setup.late...
  Clock tree timing engine global stage delay update for WC:setup.late done. (took cpu=0:00:00.1 real=0:00:00.0)
  Clock DAG stats PRO final:
    cell counts      : b=474, i=0, icg=0, dcg=0, l=0, total=474
    sink counts      : regular=5207, enable_latch=0, load_capacitance=0, antenna=0, node_sink=0, port=0, total=5207
    misc counts      : r=1, pp=0, mci=0
    cell areas       : b=614.992um^2, i=0.000um^2, icg=0.000um^2, dcg=0.000um^2, l=0.000um^2, total=614.992um^2
    cell capacitance : b=671.525fF, i=0.000fF, icg=0.000fF, dcg=0.000fF, l=0.000fF, total=671.525fF
    sink capacitance : total=5154.338fF, avg=0.990fF, sd=0.029fF, min=0.950fF, max=1.026fF
    wire capacitance : top=0.000fF, trunk=532.713fF, leaf=1775.470fF, total=2308.184fF
    wire lengths     : top=0.000um, trunk=4699.145um, leaf=14271.100um, total=18970.245um
    hp wire lengths  : top=0.000um, trunk=4305.670um, leaf=7963.950um, total=12269.620um
  Clock DAG net violations PRO final:
    Remaining Transition : {count=22, worst=[0.001ns, 0.001ns, 0.001ns, 0.001ns, 0.001ns, 0.001ns, 0.001ns, 0.001ns, 0.000ns, 0.000ns, ...]} avg=0.000ns sd=0.000ns sum=0.009ns
  Clock DAG primary half-corner transition distribution PRO final:
    Trunk : target=0.019ns count=95 avg=0.015ns sd=0.002ns min=0.006ns max=0.019ns {7 <= 0.011ns, 41 <= 0.015ns, 30 <= 0.017ns, 9 <= 0.018ns, 8 <= 0.019ns}
    Leaf  : target=0.019ns count=380 avg=0.018ns sd=0.001ns min=0.015ns max=0.020ns {0 <= 0.011ns, 1 <= 0.015ns, 108 <= 0.017ns, 159 <= 0.018ns, 90 <= 0.019ns} {20 <= 0.020ns, 2 <= 0.021ns, 0 <= 0.023ns, 0 <= 0.029ns, 0 > 0.029ns}
  Clock DAG library cell distribution PRO final {count}:
     Bufs: CLKBUF_X3: 418 CLKBUF_X2: 54 CLKBUF_X1: 2 
  Primary reporting skew groups PRO final:
  Skew group summary PRO final:
    skew_group clk/CON: insertion delay [min=0.199, max=0.223, avg=0.213, sd=0.006, skn=-0.670, kur=-0.641], skew [0.024 vs 0.034], 100% {0.199, 0.223} (wid=0.017 ws=0.013) (gid=0.215 gs=0.025)
  Legalizer API calls during this step: 38 succeeded with high effort: 38 succeeded with medium effort: 0 succeeded with low effort: 0 succeeded with basic effort: 0 succeeded with basic unbounded effort: 0
PRO done.
Net route status summary:
  Clock:       475 (unrouted=0, trialRouted=0, noStatus=0, routed=475, fixed=0, [crossesIlmBoundary=0, tooFewTerms=0, (crossesIlmBoundary AND tooFewTerms=0)], steiner=0)
  Non-clock: 38289 (unrouted=8067, trialRouted=0, noStatus=0, routed=30222, fixed=0, [crossesIlmBoundary=0, tooFewTerms=8067, (crossesIlmBoundary AND tooFewTerms=0)])
Updating delays...
Updating delays done.
PRO done. (took cpu=0:00:02.5 real=0:00:01.8)
Leaving CCOpt scope - Cleaning up placement interface...
Leaving CCOpt scope - Cleaning up placement interface done. (took cpu=0:00:00.1 real=0:00:00.0)
*** ClockDrv #1 [finish] (optDesign #1) : cpu/real = 0:00:02.7/0:00:01.9 (1.4), totSession cpu/real = 0:20:42.1/0:06:34.3 (3.1), mem = 4114.2M
**INFO: Start fixing DRV (Mem = 4100.61M) ...
Begin: GigaOpt DRV Optimization
Glitch fixing enabled
*** DrvOpt #1 [begin] (optDesign #1) : totSession cpu/real = 0:20:43.4/0:06:35.0 (3.1), mem = 4100.6M
Info: 475 clock nets excluded from IPO operation.
	CornerforLayerOpt timing analysis view WC_VIEW has been selected for calibration 
	CornerforLayerOpt timing analysis view WC_VIEW has been selected for calibration 
	CornerforLayerOpt timing analysis view WC_VIEW has been selected for calibration 
	CornerforLayerOpt timing analysis view WC_VIEW has been selected for calibration 
	CornerforLayerOpt timing analysis view WC_VIEW has been selected for calibration 
	CornerforLayerOpt timing analysis view WC_VIEW has been selected for calibration 
	CornerforLayerOpt timing analysis view WC_VIEW has been selected for calibration 
	CornerforLayerOpt timing analysis view WC_VIEW has been selected for calibration 
**INFO: Extra DRV scale -- maxTran 0.97 maxCap 0.97 (high fanout net > 10: maxTran 0.97 maxCap 0.97) for over fixing
DRV pessimism of 2.00% is used for tran, 2.00% for cap, 0.00% for fanout, on top of margin 0.00%
#InfoCS: Num dontuse cells 10, Num usable cells 149, Num real usable cells 125
** INFO: Initializing Glitch Interface
+---------------------------------------------------------------------------------------------------------------------------------------------------------------------+
|        max-tran       |        max-cap        |  max-fanout |  max-length |    glitch   |       setup       |        |        |        |       |          |         |
+---------------------------------------------------------------------------------------------------------------------------------------------------------------------+
| nets | terms|  wViol  | nets | terms|  wViol  | nets | terms| nets | terms| nets | terms|   WNS   |   TNS   |  #Buf  |  #Inv  | #Resize|Density|   Real   |   Mem   |
+---------------------------------------------------------------------------------------------------------------------------------------------------------------------+
|     0|     0|     0.00|     0|     0|     0.00|     0|     0|     0|     0|     0|     0|     3.72|     0.00|       0|       0|       0| 71.08%|          |         |
|     0|     0|     0.00|     0|     0|     0.00|     0|     0|     0|     0|     0|     0|     3.72|     0.00|       0|       0|       0| 71.08%| 0:00:00.0|  4148.1M|
+---------------------------------------------------------------------------------------------------------------------------------------------------------------------+
Bottom Preferred Layer:
+---------------+------------+------------+----------+
|     Layer     |   OPT_LA   |    CLK     |   Rule   |
+---------------+------------+------------+----------+
| metal3 (z=3)  |          0 |        475 | default  |
| metal4 (z=4)  |          4 |          0 | default  |
+---------------+------------+------------+----------+
Via Pillar Rule:
    None

*** Finish DRV Fixing (cpu=0:00:00.9 real=0:00:00.0 mem=4148.9M) ***

*** DrvOpt #1 [finish] (optDesign #1) : cpu/real = 0:00:02.9/0:00:01.4 (2.1), totSession cpu/real = 0:20:46.3/0:06:36.4 (3.1), mem = 4100.2M
**INFO: Skipping refine place as no non-legal commits were detected
End: GigaOpt DRV Optimization
**optDesign ... cpu = 0:01:25, real = 0:00:37, mem = 4100.2M, totSessionCpu=0:20:46 **
*info:
**INFO: Completed fixing DRV (CPU Time = 0:00:03, Mem = 4100.23M).
** INFO: Initializing Glitch Interface

OptSummary:

------------------------------------------------------------------
     SI Timing Summary (cpu=0.05min real=0.03min mem=4100.2M)
------------------------------------------------------------------

Setup views included:
 WC_VIEW 

+--------------------+---------+---------+---------+---------+---------+---------+
|     Setup mode     |   all   | reg2reg | in2reg  | reg2out | in2out  | default |
+--------------------+---------+---------+---------+---------+---------+---------+
|           WNS (ns):|  3.720  |  5.182  |  3.720  |  6.488  |  4.854  |  0.000  |
|           TNS (ns):|  0.000  |  0.000  |  0.000  |  0.000  |  0.000  |  0.000  |
|    Violating Paths:|    0    |    0    |    0    |    0    |    0    |    0    |
|          All Paths:|  11140  |  11006  |  4248   |   102   |   35    |    0    |
+--------------------+---------+---------+---------+---------+---------+---------+

+----------------+-------------------------------+------------------+
|                |              Real             |       Total      |
|    DRVs        +------------------+------------+------------------|
|                |  Nr nets(terms)  | Worst Vio  |  Nr nets(terms)  |
+----------------+------------------+------------+------------------+
|   max_cap      |      0 (0)       |   0.000    |      0 (0)       |
|   max_tran     |      0 (0)       |   0.000    |      0 (0)       |
|   max_fanout   |      0 (0)       |     0      |      0 (0)       |
|   max_length   |      0 (0)       |     0      |      0 (0)       |
+----------------+------------------+------------+------------------+

Density: 71.084%
------------------------------------------------------------------
**optDesign ... cpu = 0:01:26, real = 0:00:37, mem = 4098.5M, totSessionCpu=0:20:48 **
** INFO: Initializing Glitch Interface
*** Timing Is met
*** Check timing (0:00:00.0)
*** Setup timing is met (target slack 0ns)
**INFO: flowCheckPoint #3 OptimizationPreEco
Running postRoute recovery in preEcoRoute mode
**optDesign ... cpu = 0:01:27, real = 0:00:38, mem = 4099.0M, totSessionCpu=0:20:48 **
** INFO: Initializing Glitch Interface
Checking DRV degradation...
**INFO: Skipping DRV recovery as drv did not degrade beyond margin
Finish postRoute recovery in preEcoRoute mode (cpu=0:00:01, real=0:00:00, mem=4099.62M, totSessionCpu=0:20:49).
**optDesign ... cpu = 0:01:28, real = 0:00:38, mem = 4099.6M, totSessionCpu=0:20:49 **

** INFO: Initializing Glitch Interface
Skipping pre eco harden opt
Default Rule : ""
Non Default Rules :
Worst Slack : 5.182 ns

Start Layer Assignment ...
WNS(5.182ns) Target(0.000ns) MaxAssign(0%) MaxCong(20%) MinLen(100um) MinCap(0.050pf) layerBucket(3)

Selected 0 cadidates out of 38764.
No critical nets selected. Skipped !
GigaOpt: setting up router preferences
GigaOpt: 0 nets assigned router directives

Start Assign Priority Nets ...
TargetSlk(0.200ns) MaxAssign(3%) minLen(50um)
Existing Priority Nets 0 (0.0%)
Assigned Priority Nets 0 (0.0%)

Set Prefer Layer Routing Effort ...
Total Net(38762) IPOed(0) PreferLayer(0) -> MediumEffort(0)

Default Rule : ""
Non Default Rules :
Worst Slack : 3.720 ns

Start Layer Assignment ...
WNS(3.720ns) Target(0.000ns) MaxAssign(0%) MaxCong(20%) MinLen(100um) MinCap(0.050pf) layerBucket(3)

Selected 0 cadidates out of 38764.
No critical nets selected. Skipped !
GigaOpt: setting up router preferences
GigaOpt: 0 nets assigned router directives

Start Assign Priority Nets ...
TargetSlk(0.200ns) MaxAssign(3%) minLen(50um)
Existing Priority Nets 0 (0.0%)
Assigned Priority Nets 0 (0.0%)
Running refinePlace -preserveRouting true -hardFence false
*** Starting refinePlace (0:20:51 mem=4101.7M) ***
Move report: Detail placement moved 2 insts, mean move: 0.19 um, max move: 0.19 um 
	Max move on inst (u_frontend/u_npc/g198419): (201.97, 26.88) --> (202.16, 26.88)
	Runtime: CPU: 0:00:00.8 REAL: 0:00:00.0 MEM: 4110.7MB
Summary Report:
Instances moved: 2 (out of 23281 movable)
Instances flipped: 0
Mean displacement: 0.19 um
Max displacement: 0.19 um (Instance: u_frontend/u_npc/g198419) (201.97, 26.88) -> (202.16, 26.88)
	Length: 6 sites, height: 1 rows, site name: FreePDK45_38x28_10R_NP_162NW_34O, cell type: OAI221_X1
Physical-only instances moved: 0 (out of 0 movable physical-only)
Runtime: CPU: 0:00:00.8 REAL: 0:00:00.0 MEM: 4110.7MB
*** Finished refinePlace (0:20:51 mem=4110.7M) ***
** INFO: Initializing Glitch Interface

OptSummary:

------------------------------------------------------------------
        Pre-ecoRoute Summary
------------------------------------------------------------------

Setup views included:
 WC_VIEW 

+--------------------+---------+---------+---------+---------+---------+---------+
|     Setup mode     |   all   | reg2reg | in2reg  | reg2out | in2out  | default |
+--------------------+---------+---------+---------+---------+---------+---------+
|           WNS (ns):|  3.720  |  5.182  |  3.720  |  6.488  |  4.854  |  0.000  |
|           TNS (ns):|  0.000  |  0.000  |  0.000  |  0.000  |  0.000  |  0.000  |
|    Violating Paths:|    0    |    0    |    0    |    0    |    0    |    0    |
|          All Paths:|  11140  |  11006  |  4248   |   102   |   35    |    0    |
+--------------------+---------+---------+---------+---------+---------+---------+

+----------------+-------------------------------+------------------+
|                |              Real             |       Total      |
|    DRVs        +------------------+------------+------------------|
|                |  Nr nets(terms)  | Worst Vio  |  Nr nets(terms)  |
+----------------+------------------+------------+------------------+
|   max_cap      |      0 (0)       |   0.000    |      0 (0)       |
|   max_tran     |      0 (0)       |   0.000    |      0 (0)       |
|   max_fanout   |      0 (0)       |     0      |      0 (0)       |
|   max_length   |      0 (0)       |     0      |      0 (0)       |
+----------------+------------------+------------+------------------+

Density: 71.084%
------------------------------------------------------------------
**optDesign ... cpu = 0:01:31, real = 0:00:40, mem = 4102.1M, totSessionCpu=0:20:53 **
**INFO: flowCheckPoint #4 GlobalDetailRoute
** INFO Cleaning up Glitch Interface
-route_with_eco false                     # bool, default=false
-route_selected_net_only false            # bool, default=false
-route_with_timing_driven true            # bool, default=false, user setting
-route_with_si_driven true                # bool, default=false, user setting
Existing Dirty Nets : 13
New Signature Flow (saveAndSetNanoRouteOptions) ....
Reset Dirty Nets : 13
*** EcoRoute #1 [begin] (optDesign #1) : totSession cpu/real = 0:20:53.1/0:06:39.9 (3.1), mem = 4100.6M

globalDetailRoute

#Start globalDetailRoute on Mon Jun  8 11:14:24 2026
#
#WARNING (NRDB-2120) Special net VSS is missing wiring shapes, will disable tie-net connections to this net.
#NanoRoute Version 25.12-s079_1 NR251112-0044/25_12-UB
#Skip comparing routing design signature in db-snapshot flow
#Inside shield_view_init(), force=1, the_init_status=0
#The shielding rule is LEF_DEFAULT
#Turn off shielding eco because there is no existing shielding wire
#Total number of trivial nets (e.g. < 2 pins) = 8067 (skipped).
#Total number of routable nets = 30697.
#Total number of nets in the design = 38764.
#20 routable nets do not have any wires.
#30677 routable nets have routed wires.
#20 nets will be global routed.
#9 global routed or unrouted (routable) nets have been constrained (e.g. have preferred extra spacing, require shielding etc.)
#470 detail routed (routable) nets have been constrained (e.g. have preferred extra spacing, require shielding etc.)
#Using multithreading with 16 threads.
#Start routing data preparation on Mon Jun  8 11:14:25 2026
#
#Initial pin access analysis.
#Detail pin access analysis.
#Done pin access analysis.
# metal1       H   Track-Pitch = 0.14000    Line-2-Via Pitch = 0.13500
# metal2       V   Track-Pitch = 0.19000    Line-2-Via Pitch = 0.14000
# metal3       H   Track-Pitch = 0.14000    Line-2-Via Pitch = 0.14000
# metal4       V   Track-Pitch = 0.28000    Line-2-Via Pitch = 0.28000
# metal5       H   Track-Pitch = 0.28000    Line-2-Via Pitch = 0.28000
# metal6       V   Track-Pitch = 0.28000    Line-2-Via Pitch = 0.28000
# metal7       H   Track-Pitch = 0.84000    Line-2-Via Pitch = 0.80000
# metal8       V   Track-Pitch = 0.84000    Line-2-Via Pitch = 0.80000
# metal9       H   Track-Pitch = 1.60000    Line-2-Via Pitch = 1.60000
# metal10      V   Track-Pitch = 1.68000    Line-2-Via Pitch = 1.60000
#shield_layer  1: layer_id= 2 shield_wire_on_grid=0 shield_via_on_grid=0 is_hard_wire_on_grid=0 allow_ww=1
#shield_layer  2: layer_id= 4 shield_wire_on_grid=0 shield_via_on_grid=0 is_hard_wire_on_grid=0 allow_ww=1
#shield_layer  3: layer_id= 6 shield_wire_on_grid=0 shield_via_on_grid=0 is_hard_wire_on_grid=0 allow_ww=1
#shield_layer  4: layer_id= 8 shield_wire_on_grid=0 shield_via_on_grid=0 is_hard_wire_on_grid=0 allow_ww=1
#shield_layer  5: layer_id=10 shield_wire_on_grid=0 shield_via_on_grid=0 is_hard_wire_on_grid=0 allow_ww=1
#shield_layer  6: layer_id=12 shield_wire_on_grid=0 shield_via_on_grid=0 is_hard_wire_on_grid=0 allow_ww=1
#shield_layer  7: layer_id=14 shield_wire_on_grid=0 shield_via_on_grid=0 is_hard_wire_on_grid=0 allow_ww=1
#shield_layer  8: layer_id=16 shield_wire_on_grid=0 shield_via_on_grid=0 is_hard_wire_on_grid=0 allow_ww=1
#shield_layer  9: layer_id=18 shield_wire_on_grid=0 shield_via_on_grid=0 is_hard_wire_on_grid=0 allow_ww=1
#shield_layer 10: layer_id=20 shield_wire_on_grid=0 shield_via_on_grid=0 is_hard_wire_on_grid=0 allow_ww=1
#Bottom routing layer index=2(metal2), bottom routing layer for shielding=2(metal2), bottom shield layer=2(metal2) top shield layer=10(metal10)
#shield_bottom_stripe_layer=1(metal1), shield_top_stripe_layer=10(metal10)
#pin_access_rlayer=2(metal2) num_routing_layer=10 top_routing_layer=10 top_ripin_layer=10
#shield_top_dpt_rlayer=-1 top_rlayer=10 top_trim_metal_rlayer=-1 rlayer_lowest=1 bottom_rlayer=2
#enable_trim_layer_shield=F enable_dpt_layer_shield=F has_line_end_grid=F
#Processed 12/0 dirty instances, 0/0 dirty terms, 0/0 dirty fterms, 0/0 dirty pgterms, 0/0 misc dirty regions(10 insts marked dirty, reset pre-exisiting dirty flag on 10 insts, 0 nets marked need extraction)
#cpu time = 00:00:00, elapsed time = 00:00:00, memory = 4110.91 (MB), peak = 4507.20 (MB)
#Regenerating Ggrids automatically.
#Auto generating G-grids with size=15 tracks, using layer metal3's pitch = 0.14000.
#Using automatically generated G-grids.
#Done routing data preparation.
#cpu time = 00:00:02, elapsed time = 00:00:01, memory = 4121.91 (MB), peak = 4507.20 (MB)
#Found 0 nets for post-route si or timing fixing.
#
#Finished routing data preparation on Mon Jun  8 11:14:26 2026
#
#Cpu time = 00:00:02
#Elapsed time = 00:00:01
#Increased memory = 15.66 (MB)
#Total memory = 4121.91 (MB)
#Peak memory = 4507.20 (MB)
#
#
#Start global routing on Mon Jun  8 11:14:26 2026
#
#
#Start global routing initialization on Mon Jun  8 11:14:26 2026
#
#Number of eco nets is 20
#
#Start global routing data preparation on Mon Jun  8 11:14:26 2026
#
#Start routing resource analysis on Mon Jun  8 11:14:26 2026
#
#Routing resource analysis is done on Mon Jun  8 11:14:26 2026
#
#  Resource Analysis:
#
#               Routing  #Avail      #Track     #Total     %Gcell
#  Layer      Direction   Track     Blocked      Gcell    Blocked
#  --------------------------------------------------------------
#  metal2         V         429        1231       22500     0.00%
#  metal3         H        1000        1244       22500     0.00%
#  metal4         V         454         672       22500     0.00%
#  metal5         H         713         408       22500     0.00%
#  metal6         V         796         330       22500     0.00%
#  metal7         H         321          52       22500     0.71%
#  metal8         V         346          29       22500     0.35%
#  metal9         H         147           2       22500     0.68%
#  metal10        V         149           1       22500     0.02%
#  --------------------------------------------------------------
#  Total                   4358      30.88%      202500     0.20%
#
#  475 nets (1.23%) with 1 preferred extra spacing.
#
#
#
#Global routing data preparation is done on Mon Jun  8 11:14:26 2026
#
#cpu time = 00:00:01, elapsed time = 00:00:00, memory = 4125.74 (MB), peak = 4507.20 (MB)
#
#
#Global routing initialization is done on Mon Jun  8 11:14:26 2026
#
#cpu time = 00:00:02, elapsed time = 00:00:00, memory = 4125.74 (MB), peak = 4507.20 (MB)
#
#start global routing iteration 1...
#cpu time = 00:00:00, elapsed time = 00:00:00, memory = 4125.14 (MB), peak = 4507.20 (MB)
#
#start global routing iteration 2...
#cpu time = 00:00:00, elapsed time = 00:00:00, memory = 4125.14 (MB), peak = 4507.20 (MB)
#
#
#Total number of trivial nets (e.g. < 2 pins) = 8067 (skipped).
#Total number of routable nets = 30697.
#Total number of nets in the design = 38764.
#
#30697 routable nets have routed wires.
#9 global routed or unrouted (routable) nets have been constrained (e.g. have preferred extra spacing, require shielding etc.)
#470 detail routed (routable) nets have been constrained (e.g. have preferred extra spacing, require shielding etc.)
#
#Routed nets constraints summary:
#------------------------------------------------
#        Rules   Pref Extra Space   Unconstrained  
#------------------------------------------------
#      Default                  9              11  
#------------------------------------------------
#        Total                  9              11  
#------------------------------------------------
#
#Routing constraints summary of the whole design:
#-------------------------------------------------------------------------------
#        Rules   Pref Extra Space   Pref Layer   Expansion Ratio   Unconstrained  
#-------------------------------------------------------------------------------
#      Default                475            4                 4           30218  
#-------------------------------------------------------------------------------
#        Total                475            4                 4           30218  
#-------------------------------------------------------------------------------
#
#
#  Congestion Analysis: (blocked Gcells are excluded)
#
#                 OverCon          
#                  #Gcell    %Gcell
#     Layer           (1)   OverCon  Flow/Cap
#  ----------------------------------------------
#  metal2        0(0.00%)   (0.00%)     0.74  
#  metal3        0(0.00%)   (0.00%)     0.55  
#  metal4        0(0.00%)   (0.00%)     0.60  
#  metal5        0(0.00%)   (0.00%)     0.36  
#  metal6        0(0.00%)   (0.00%)     0.29  
#  metal7        0(0.00%)   (0.00%)     0.13  
#  metal8        0(0.00%)   (0.00%)     0.06  
#  metal9        0(0.00%)   (0.00%)     0.01  
#  metal10       0(0.00%)   (0.00%)     0.00  
#  ----------------------------------------------
#     Total      0(0.00%)   (0.00%)
#
#  The worst congested Gcell overcon (routing demand over resource in number of tracks) = 1
#  Overflow after GR: 0.00% H + 0.00% V
#
#Complete Global Routing.
#Total number of nets with non-default rule or having extra spacing = 475
#
#  Routing Statistics
#
#----------------+-----------+-------+---------------------+---------------------+
#  Layer         | Length(um)|   Vias|           Single-cut|            Multi-cut|
#----------------+-----------+-------+---------------------+---------------------+
#  active ( 0H)  |          0|      0|          0  (  0.0%)|          0  (  0.0%)|
#  metal1 ( 1H)  |          0| 124463|     120696  ( 97.0%)|       3767  (  3.0%)|
#  metal2 ( 2V)  |     143757| 105021|      15003  ( 14.3%)|      90018  ( 85.7%)|
#  metal3 ( 3H)  |     207322|  34472|       2571  (  7.5%)|      31901  ( 92.5%)|
#  metal4 ( 4V)  |     110238|  10807|       2146  ( 19.9%)|       8661  ( 80.1%)|
#  metal5 ( 5H)  |      85625|   5824|        898  ( 15.4%)|       4926  ( 84.6%)|
#  metal6 ( 6V)  |      73312|    971|         24  (  2.5%)|        947  ( 97.5%)|
#  metal7 ( 7H)  |      11323|    322|         25  (  7.8%)|        297  ( 92.2%)|
#  metal8 ( 8V)  |       6558|     38|          0  (  0.0%)|         38  (100.0%)|
#  metal9 ( 9H)  |        599|      6|          0  (  0.0%)|          6  (100.0%)|
#  metal10 (10V) |         54|      0|          0  (  0.0%)|          0  (  0.0%)|
#----------------+-----------+-------+---------------------+---------------------+
#  Total         |     638788| 281924|     141363  ( 50.1%)|     140561  ( 49.9%)|
#----------------+-----------+-------+---------------------+---------------------+
#
# Total half perimeter of net bounding box: 506337 um.
#Max overcon = 0 track.
#Total overcon = 0.00%.
#Worst layer Gcell overcon rate = 0.00%.
#
#Global routing statistics:
#Cpu time = 00:00:04
#Elapsed time = 00:00:01
#Increased memory = 3.38 (MB)
#Total memory = 4125.30 (MB)
#Peak memory = 4507.20 (MB)
#
#Finished global routing on Mon Jun  8 11:14:27 2026
#
#
#cpu time = 00:00:00, elapsed time = 00:00:00, memory = 4122.01 (MB), peak = 4507.20 (MB)
#Start Track Assignment.
#Done with 0 horizontal wires in 5 hboxes and 0 vertical wires in 5 hboxes.
#Done with 0 horizontal wires in 5 hboxes and 0 vertical wires in 5 hboxes.
#Complete Track Assignment.
#Total number of nets with non-default rule or having extra spacing = 475
#
#  Routing Statistics
#
#----------------+-----------+-------+---------------------+---------------------+
#  Layer         | Length(um)|   Vias|           Single-cut|            Multi-cut|
#----------------+-----------+-------+---------------------+---------------------+
#  active ( 0H)  |          0|      0|          0  (  0.0%)|          0  (  0.0%)|
#  metal1 ( 1H)  |          0| 124463|     120696  ( 97.0%)|       3767  (  3.0%)|
#  metal2 ( 2V)  |     143757| 105021|      15003  ( 14.3%)|      90018  ( 85.7%)|
#  metal3 ( 3H)  |     207322|  34472|       2571  (  7.5%)|      31901  ( 92.5%)|
#  metal4 ( 4V)  |     110238|  10807|       2146  ( 19.9%)|       8661  ( 80.1%)|
#  metal5 ( 5H)  |      85625|   5824|        898  ( 15.4%)|       4926  ( 84.6%)|
#  metal6 ( 6V)  |      73312|    971|         24  (  2.5%)|        947  ( 97.5%)|
#  metal7 ( 7H)  |      11323|    322|         25  (  7.8%)|        297  ( 92.2%)|
#  metal8 ( 8V)  |       6558|     38|          0  (  0.0%)|         38  (100.0%)|
#  metal9 ( 9H)  |        599|      6|          0  (  0.0%)|          6  (100.0%)|
#  metal10 (10V) |         54|      0|          0  (  0.0%)|          0  (  0.0%)|
#----------------+-----------+-------+---------------------+---------------------+
#  Total         |     638788| 281924|     141363  ( 50.1%)|     140561  ( 49.9%)|
#----------------+-----------+-------+---------------------+---------------------+
#
# Total half perimeter of net bounding box: 506337 um.
#cpu time = 00:00:02, elapsed time = 00:00:01, memory = 4120.48 (MB), peak = 4507.20 (MB)
#
#number of short segments in preferred routing layers
#	
#	
#
#Routing data preparation, pin analysis, global routing and track assignment statistics:
#Cpu time = 00:00:09
#Elapsed time = 00:00:04
#Increased memory = 14.23 (MB)
#Total memory = 4120.48 (MB)
#Peak memory = 4507.20 (MB)
#Using multithreading with 16 threads.
#
#Start Detail Routing..
#start initial detail routing ...
# ECO: 0.48% of the total area was rechecked for DRC, and 0.96% required routing.
#   number of violations = 6
#
#  By Layer and Type:
#
#---------+-------+------+------+-------+
#  -      | MetSpc| Short| ViaIP| Totals|
#---------+-------+------+------+-------+
#  metal1 |      0|     0|     2|      2|
#  metal2 |      1|     3|     0|      4|
#  Totals |      1|     3|     2|      6|
#---------+-------+------+------+-------+
#
#10 out of 28954 instances (0.0%) need to be verified(marked ipoed), dirty area = 0.0%.
#0.00% of the total area is being checked for drcs
#0.0% of the total area was checked
#   number of violations = 6
#
#  By Layer and Type:
#
#---------+-------+------+------+-------+
#  -      | MetSpc| Short| ViaIP| Totals|
#---------+-------+------+------+-------+
#  metal1 |      0|     0|     2|      2|
#  metal2 |      1|     3|     0|      4|
#  Totals |      1|     3|     2|      6|
#---------+-------+------+------+-------+
#
#cpu time = 00:00:02, elapsed time = 00:00:01, memory = 4148.23 (MB), peak = 4507.20 (MB)
#start 1st optimization iteration ...
#   number of violations = 2
#
#  By Layer and Type:
#
#---------+------+-------+
#  -      | ViaIP| Totals|
#---------+------+-------+
#  metal1 |     2|      2|
#  Totals |     2|      2|
#---------+------+-------+
#
#cpu time = 00:00:00, elapsed time = 00:00:00, memory = 4146.11 (MB), peak = 4507.20 (MB)
#start 2nd optimization iteration ...
#   number of violations = 2
#
#  By Layer and Type:
#
#---------+------+-------+
#  -      | ViaIP| Totals|
#---------+------+-------+
#  metal1 |     2|      2|
#  Totals |     2|      2|
#---------+------+-------+
#
#cpu time = 00:00:00, elapsed time = 00:00:00, memory = 4146.11 (MB), peak = 4507.20 (MB)
#start 3rd optimization iteration ...
#   number of violations = 0
#cpu time = 00:00:00, elapsed time = 00:00:00, memory = 4147.21 (MB), peak = 4507.20 (MB)
#Complete Detail Routing.
#Total number of nets with non-default rule or having extra spacing = 475
#
#  Routing Statistics
#
#----------------+-----------+-------+---------------------+---------------------+
#  Layer         | Length(um)|   Vias|           Single-cut|            Multi-cut|
#----------------+-----------+-------+---------------------+---------------------+
#  active ( 0H)  |          0|      0|          0  (  0.0%)|          0  (  0.0%)|
#  metal1 ( 1H)  |          0| 124463|     120696  ( 97.0%)|       3767  (  3.0%)|
#  metal2 ( 2V)  |     143756| 105022|      15025  ( 14.3%)|      89997  ( 85.7%)|
#  metal3 ( 3H)  |     207323|  34476|       2578  (  7.5%)|      31898  ( 92.5%)|
#  metal4 ( 4V)  |     110241|  10809|       2148  ( 19.9%)|       8661  ( 80.1%)|
#  metal5 ( 5H)  |      85626|   5824|        898  ( 15.4%)|       4926  ( 84.6%)|
#  metal6 ( 6V)  |      73312|    971|         24  (  2.5%)|        947  ( 97.5%)|
#  metal7 ( 7H)  |      11323|    322|         25  (  7.8%)|        297  ( 92.2%)|
#  metal8 ( 8V)  |       6558|     38|          0  (  0.0%)|         38  (100.0%)|
#  metal9 ( 9H)  |        599|      6|          0  (  0.0%)|          6  (100.0%)|
#  metal10 (10V) |         54|      0|          0  (  0.0%)|          0  (  0.0%)|
#----------------+-----------+-------+---------------------+---------------------+
#  Total         |     638792| 281931|     141394  ( 50.2%)|     140537  ( 49.8%)|
#----------------+-----------+-------+---------------------+---------------------+
#
# Total half perimeter of net bounding box: 506337 um.
#Total number of DRC violations = 0
#Cpu time = 00:00:05
#Elapsed time = 00:00:01
#Increased memory = -6.55 (MB)
#Total memory = 4113.93 (MB)
#Peak memory = 4507.20 (MB)
#
#Start Post Route wire spreading..
#
#Start data preparation for wire spreading...
#
#Data preparation is done on Mon Jun  8 11:14:30 2026
#
#
#Start Post Route Wire Spread.
#Done with 2112 horizontal wires in 10 hboxes and 874 vertical wires in 10 hboxes.
#Complete Post Route Wire Spread.
#
#Total number of nets with non-default rule or having extra spacing = 475
#
#  Routing Statistics
#
#----------------+-----------+-------+---------------------+---------------------+
#  Layer         | Length(um)|   Vias|           Single-cut|            Multi-cut|
#----------------+-----------+-------+---------------------+---------------------+
#  active ( 0H)  |          0|      0|          0  (  0.0%)|          0  (  0.0%)|
#  metal1 ( 1H)  |          0| 124463|     120696  ( 97.0%)|       3767  (  3.0%)|
#  metal2 ( 2V)  |     143849| 105022|      15025  ( 14.3%)|      89997  ( 85.7%)|
#  metal3 ( 3H)  |     207469|  34476|       2578  (  7.5%)|      31898  ( 92.5%)|
#  metal4 ( 4V)  |     110323|  10809|       2148  ( 19.9%)|       8661  ( 80.1%)|
#  metal5 ( 5H)  |      85729|   5824|        898  ( 15.4%)|       4926  ( 84.6%)|
#  metal6 ( 6V)  |      73395|    971|         24  (  2.5%)|        947  ( 97.5%)|
#  metal7 ( 7H)  |      11336|    322|         25  (  7.8%)|        297  ( 92.2%)|
#  metal8 ( 8V)  |       6572|     38|          0  (  0.0%)|         38  (100.0%)|
#  metal9 ( 9H)  |        599|      6|          0  (  0.0%)|          6  (100.0%)|
#  metal10 (10V) |         54|      0|          0  (  0.0%)|          0  (  0.0%)|
#----------------+-----------+-------+---------------------+---------------------+
#  Total         |     639325| 281931|     141394  ( 50.2%)|     140537  ( 49.8%)|
#----------------+-----------+-------+---------------------+---------------------+
#
# Total half perimeter of net bounding box: 506337 um.
#   number of violations = 0
#cpu time = 00:00:04, elapsed time = 00:00:01, memory = 4117.26 (MB), peak = 4507.20 (MB)
#CELL_VIEW riscv_core,init has no DRC violation.
#Total number of DRC violations = 0
#Post Route wire spread is done.
#Total number of nets with non-default rule or having extra spacing = 475
#
#  Routing Statistics
#
#----------------+-----------+-------+---------------------+---------------------+
#  Layer         | Length(um)|   Vias|           Single-cut|            Multi-cut|
#----------------+-----------+-------+---------------------+---------------------+
#  active ( 0H)  |          0|      0|          0  (  0.0%)|          0  (  0.0%)|
#  metal1 ( 1H)  |          0| 124463|     120696  ( 97.0%)|       3767  (  3.0%)|
#  metal2 ( 2V)  |     143849| 105022|      15025  ( 14.3%)|      89997  ( 85.7%)|
#  metal3 ( 3H)  |     207469|  34476|       2578  (  7.5%)|      31898  ( 92.5%)|
#  metal4 ( 4V)  |     110323|  10809|       2148  ( 19.9%)|       8661  ( 80.1%)|
#  metal5 ( 5H)  |      85729|   5824|        898  ( 15.4%)|       4926  ( 84.6%)|
#  metal6 ( 6V)  |      73395|    971|         24  (  2.5%)|        947  ( 97.5%)|
#  metal7 ( 7H)  |      11336|    322|         25  (  7.8%)|        297  ( 92.2%)|
#  metal8 ( 8V)  |       6572|     38|          0  (  0.0%)|         38  (100.0%)|
#  metal9 ( 9H)  |        599|      6|          0  (  0.0%)|          6  (100.0%)|
#  metal10 (10V) |         54|      0|          0  (  0.0%)|          0  (  0.0%)|
#----------------+-----------+-------+---------------------+---------------------+
#  Total         |     639325| 281931|     141394  ( 50.2%)|     140537  ( 49.8%)|
#----------------+-----------+-------+---------------------+---------------------+
#
# Total half perimeter of net bounding box: 506337 um.
#detailRoute Statistics:
#Cpu time = 00:00:09
#Elapsed time = 00:00:03
#Increased memory = -3.65 (MB)
#Total memory = 4116.84 (MB)
#Peak memory = 4507.20 (MB)
#
#globalDetailRoute statistics:
#Cpu time = 00:00:22
#Elapsed time = 00:00:08
#Increased memory = -481.22 (MB)
#Total memory = 3619.37 (MB)
#Peak memory = 4507.20 (MB)
#Number of warnings = 1
#Total number of warnings = 58
#Number of fails = 0
#Total number of fails = 0
#Complete globalDetailRoute on Mon Jun  8 11:14:32 2026
#
#
#  Scalability Statistics
#
#----------------------------+---------+-------------+------------+
#  globalDetailRoute         | cpu time| elapsed time| scalability|
#----------------------------+---------+-------------+------------+
#  Pre Callback              | 00:00:00|     00:00:00|         1.0|
#  Post Callback             | 00:00:00|     00:00:00|         1.0|
#  Timing Data Generation    | 00:00:00|     00:00:00|         1.0|
#  DB Import                 | 00:00:02|     00:00:01|         1.0|
#  DB Export                 | 00:00:01|     00:00:00|         1.0|
#  Cell Pin Access           | 00:00:00|     00:00:00|         1.0|
#  Data Preparation          | 00:00:02|     00:00:01|         2.2|
#  Global Routing            | 00:00:04|     00:00:01|         3.0|
#  Track Assignment          | 00:00:02|     00:00:01|         1.6|
#  Detail Routing            | 00:00:04|     00:00:01|         1.0|
#  Post Route Wire Spreading | 00:00:04|     00:00:01|         3.0|
#  Entire Command            | 00:00:22|     00:00:08|         2.7|
#----------------------------+---------+-------------+------------+
#
*** EcoRoute #1 [finish] (optDesign #1) : cpu/real = 0:00:22.0/0:00:08.2 (2.7), totSession cpu/real = 0:21:15.0/0:06:48.1 (3.1), mem = 3619.4M
**optDesign ... cpu = 0:01:54, real = 0:00:48, mem = 3607.9M, totSessionCpu=0:21:15 **
New Signature Flow (restoreNanoRouteOptions) ....
**INFO: flowCheckPoint #5 PostEcoSummary
Initializing multi-corner resistance tables ...
#WARNING (NRDB-2120) Special net VSS is missing wiring shapes, will disable tie-net connections to this net.
#Extract in post route mode
#Finish check_net_pin_list step Enter extract_rc_in_nr_cmd
#Fast data preparation for tQuantus.
#Start routing data preparation on Mon Jun  8 11:14:33 2026
#
# metal1       H   Track-Pitch = 0.14000    Line-2-Via Pitch = 0.13500
# metal2       V   Track-Pitch = 0.19000    Line-2-Via Pitch = 0.14000
# metal3       H   Track-Pitch = 0.14000    Line-2-Via Pitch = 0.14000
# metal4       V   Track-Pitch = 0.28000    Line-2-Via Pitch = 0.28000
# metal5       H   Track-Pitch = 0.28000    Line-2-Via Pitch = 0.28000
# metal6       V   Track-Pitch = 0.28000    Line-2-Via Pitch = 0.28000
# metal7       H   Track-Pitch = 0.84000    Line-2-Via Pitch = 0.80000
# metal8       V   Track-Pitch = 0.84000    Line-2-Via Pitch = 0.80000
# metal9       H   Track-Pitch = 1.60000    Line-2-Via Pitch = 1.60000
# metal10      V   Track-Pitch = 1.68000    Line-2-Via Pitch = 1.60000
#Regenerating Ggrids automatically.
#Auto generating G-grids with size=15 tracks, using layer metal3's pitch = 0.14000.
#Using automatically generated G-grids.
#Done routing data preparation.
#cpu time = 00:00:00, elapsed time = 00:00:00, memory = 3621.27 (MB), peak = 4507.20 (MB)
#Start routing data preparation on Mon Jun  8 11:14:34 2026
#
#shield_layer  1: layer_id= 2 shield_wire_on_grid=1 shield_via_on_grid=1 is_hard_wire_on_grid=0 allow_ww=0
#shield_layer  2: layer_id= 4 shield_wire_on_grid=1 shield_via_on_grid=1 is_hard_wire_on_grid=0 allow_ww=0
#shield_layer  3: layer_id= 6 shield_wire_on_grid=1 shield_via_on_grid=1 is_hard_wire_on_grid=0 allow_ww=0
#shield_layer  4: layer_id= 8 shield_wire_on_grid=1 shield_via_on_grid=1 is_hard_wire_on_grid=0 allow_ww=0
#shield_layer  5: layer_id=10 shield_wire_on_grid=1 shield_via_on_grid=1 is_hard_wire_on_grid=0 allow_ww=0
#shield_layer  6: layer_id=12 shield_wire_on_grid=1 shield_via_on_grid=1 is_hard_wire_on_grid=0 allow_ww=0
#shield_layer  7: layer_id=14 shield_wire_on_grid=1 shield_via_on_grid=1 is_hard_wire_on_grid=0 allow_ww=0
#shield_layer  8: layer_id=16 shield_wire_on_grid=1 shield_via_on_grid=1 is_hard_wire_on_grid=0 allow_ww=0
#shield_layer  9: layer_id=18 shield_wire_on_grid=1 shield_via_on_grid=1 is_hard_wire_on_grid=0 allow_ww=0
#shield_layer 10: layer_id=20 shield_wire_on_grid=1 shield_via_on_grid=1 is_hard_wire_on_grid=0 allow_ww=0
#Bottom routing layer index=2(metal2), bottom routing layer for shielding=2(metal2), bottom shield layer=2(metal2) top shield layer=10(metal10)
#shield_bottom_stripe_layer=1(metal1), shield_top_stripe_layer=10(metal10)
#pin_access_rlayer=2(metal2) num_routing_layer=10 top_routing_layer=10 top_ripin_layer=10
#shield_top_dpt_rlayer=-1 top_rlayer=10 top_trim_metal_rlayer=-1 rlayer_lowest=1 bottom_rlayer=2
#enable_trim_layer_shield=F enable_dpt_layer_shield=F has_line_end_grid=F
#Regenerating Ggrids automatically.
#Auto generating G-grids with size=15 tracks, using layer metal3's pitch = 0.14000.
#Using automatically generated G-grids.
#Done routing data preparation.
#cpu time = 00:00:01, elapsed time = 00:00:01, memory = 3636.11 (MB), peak = 4507.20 (MB)
#
#Start tQuantus RC extraction...
#Start building rc corner(s)...
#Number of RC Corner = 2
#Corner Cmin /home/ykaraagac/cadence-bitirme/Enablements/NanGate45/qrc/NG45.tch 25.000000 (real) 
#Corner Cmax /home/ykaraagac/cadence-bitirme/Enablements/NanGate45/qrc/NG45.tch 25.000000 (real) 
#(i=10, n=10 2000)
#metal1 -> metal1 (1)
#metal2 -> metal2 (2)
#metal3 -> metal3 (3)
#metal4 -> metal4 (4)
#metal5 -> metal5 (5)
#metal6 -> metal6 (6)
#metal7 -> metal7 (7)
#metal8 -> metal8 (8)
#metal9 -> metal9 (9)
#metal10 -> metal10 (10)
#SADV-On
# Corner(s) : 
#Cmin [25.00] 
#Cmax [25.00]
# Corner id: 0
# Layout Scale: 1.000000
# Has Metal Fill model: yes
# Temperature was set
# Temperature : 25.000000
# Ref. Temp   : 25.000000
# Corner id: 1
# Layout Scale: 1.000000
# Has Metal Fill model: yes
# Temperature was set
# Temperature : 25.000000
# Ref. Temp   : 25.000000
#SADV-Off
#total pattern=220 [10, 605]
#Reading previously stored rc_model file ( rc_model.bin ) ...
#found CAPMODEL /home/ykaraagac/cadence-bitirme/Enablements/NanGate45/qrc/NG45.tch
#found RESMODEL /home/ykaraagac/cadence-bitirme/Enablements/NanGate45/qrc/NG45.tch 25.000000 
#CCE Version read = IQuantus/TQuantus 24.1.0-s365
#number model r/c [1,1] [10,605] read
#0 rcmodel(s) requires rebuild
#Build RC corners: cpu time = 00:00:00, elapsed time = 00:00:00, memory = 3638.14 (MB), peak = 4507.20 (MB)
#Finish check_net_pin_list step Enter extract
#Start init net ripin tree building
#Finish init net ripin tree building
#Cpu time = 00:00:00
#Elapsed time = 00:00:00
#Increased memory = 0.00 (MB)
#Total memory = 3638.14 (MB)
#Peak memory = 4507.20 (MB)
#Using multithreading with 16 threads.
#begin processing metal fill model file
#end processing metal fill model file
#Length limit = 200 pitches
#opt mode = 2
#Finish check_net_pin_list step Fix net pin list
#Start generate extraction boxes.
#
#Extract using 30 x 30 Hboxes
#6x6 initial hboxes
#Use area based hbox pruning.
#0/0 hboxes pruned.
#Complete generating extraction boxes.
#Extract 25 hboxes with 16 threads on machine with  3.25GHz 1024KB Cache 128CPU...
#Process 0 special clock nets for rc extraction
#Total 30697 nets were built. 415 nodes added to break long wires. 0 net(s) have incomplete routes.
#Start inst blockage merging.
#Run Statistics for Extraction:
#   Cpu time = 00:00:13, elapsed time = 00:00:02 .
#   Increased memory =   643.98 (MB), total memory =  4282.19 (MB), peak memory =  4507.20 (MB)
#Register nets and terms for rcdb /home/ykaraagac/cadence-bitirme/Flows/NanGate45/biriscv_2mul_vs_hybrid/scripts/cadence/innovus_temp_1028768_0b58e1c8-17ef-44a6-badc-280b1143a8d4_dockereda-rocky8_ykaraagac_loZ0Xa/nr0_1028768_0b58e1c8-17ef-44a6-badc-280b1143a8d4KaJAWg.rcdb.d
#Finish registering nets and terms for rcdb.
#Simplify RC tree: cpu time = 00:00:00, elapsed time = 00:00:00, memory = 3735.16 (MB), peak = 4507.20 (MB)
#RC Statistics: 202660 Res, 109159 Ground Cap, 13604 XCap (Edge to Edge)
#WARNING (NREX-102) Net u_frontend/u_npc/UNCONNECTED2001 is not extracted due to Has no routing. The result of timing analysis involving such net is inaccurate.
#WARNING (NREX-102) Net u_frontend/u_npc/UNCONNECTED1507 is not extracted due to Has no routing. The result of timing analysis involving such net is inaccurate.
#WARNING (NREX-102) Net u_frontend/u_npc/UNCONNECTED1965 is not extracted due to Has no routing. The result of timing analysis involving such net is inaccurate.
#WARNING (NREX-102) Net u_frontend/u_npc/UNCONNECTED2136 is not extracted due to Has no routing. The result of timing analysis involving such net is inaccurate.
#WARNING (NREX-102) Net u_frontend/u_npc/UNCONNECTED1516 is not extracted due to Has no routing. The result of timing analysis involving such net is inaccurate.
#WARNING (NREX-102) Net u_frontend/u_npc/UNCONNECTED1505 is not extracted due to Has no routing. The result of timing analysis involving such net is inaccurate.
#WARNING (NREX-102) Net u_frontend/u_npc/UNCONNECTED1508 is not extracted due to Has no routing. The result of timing analysis involving such net is inaccurate.
#WARNING (NREX-102) Net u_frontend/u_npc/UNCONNECTED1512 is not extracted due to Has no routing. The result of timing analysis involving such net is inaccurate.
#WARNING (NREX-102) Net u_frontend/u_npc/UNCONNECTED1997 is not extracted due to Has no routing. The result of timing analysis involving such net is inaccurate.
#WARNING (NREX-102) Net u_frontend/u_npc/UNCONNECTED1967 is not extracted due to Has no routing. The result of timing analysis involving such net is inaccurate.
#WARNING (NREX-102) Net u_frontend/u_npc/UNCONNECTED1475 is not extracted due to Has no routing. The result of timing analysis involving such net is inaccurate.
#WARNING (NREX-102) Net u_frontend/u_npc/UNCONNECTED1503 is not extracted due to Has no routing. The result of timing analysis involving such net is inaccurate.
#WARNING (NREX-102) Net u_frontend/u_npc/UNCONNECTED1501 is not extracted due to Has no routing. The result of timing analysis involving such net is inaccurate.
#WARNING (NREX-102) Net u_frontend/u_npc/UNCONNECTED1513 is not extracted due to Has no routing. The result of timing analysis involving such net is inaccurate.
#WARNING (NREX-102) Net u_frontend/u_npc/UNCONNECTED1515 is not extracted due to Has no routing. The result of timing analysis involving such net is inaccurate.
#WARNING (NREX-102) Net u_frontend/u_npc/UNCONNECTED1999 is not extracted due to Has no routing. The result of timing analysis involving such net is inaccurate.
#WARNING (NREX-102) Net u_frontend/u_npc/UNCONNECTED1968 is not extracted due to Has no routing. The result of timing analysis involving such net is inaccurate.
#WARNING (NREX-102) Net u_frontend/u_npc/UNCONNECTED1966 is not extracted due to Has no routing. The result of timing analysis involving such net is inaccurate.
#WARNING (NREX-102) Net u_frontend/u_npc/UNCONNECTED1472 is not extracted due to Has no routing. The result of timing analysis involving such net is inaccurate.
#WARNING (NREX-102) Net u_frontend/u_npc/UNCONNECTED1471 is not extracted due to Has no routing. The result of timing analysis involving such net is inaccurate.
#WARNING (EMS-27) Message (NREX-102) has exceeded the current message display limit of 20.
#To increase the message display limit, refer to the product command reference manual.
#RC V/H edge ratio: 0.34, Avg V/H Edge Length: 3304.82 (95200), Avg L-Edge Length: 8426.90 (72235)
#Nets and terms are pre-registered for rcdb /home/ykaraagac/cadence-bitirme/Flows/NanGate45/biriscv_2mul_vs_hybrid/scripts/cadence/innovus_temp_1028768_0b58e1c8-17ef-44a6-badc-280b1143a8d4_dockereda-rocky8_ykaraagac_loZ0Xa/nr0_1028768_0b58e1c8-17ef-44a6-badc-280b1143a8d4KaJAWg.rcdb.d.
#Start writing RC data.
#Finish writing RC data
#Finish writing rcdb with 233381 nodes, 202684 edges, and 32284 xcaps
#cpu time = 00:00:01, elapsed time = 00:00:00, memory = 3724.71 (MB), peak = 4507.20 (MB)
Restoring parasitic data from file '/home/ykaraagac/cadence-bitirme/Flows/NanGate45/biriscv_2mul_vs_hybrid/scripts/cadence/innovus_temp_1028768_0b58e1c8-17ef-44a6-badc-280b1143a8d4_dockereda-rocky8_ykaraagac_loZ0Xa/nr0_1028768_0b58e1c8-17ef-44a6-badc-280b1143a8d4KaJAWg.rcdb.d' ...
Reading RCDB with compressed RC data.
Reading RCDB with compressed RC data.
Begin read_parasitics... (cpu: 0:00:00.0 real: 0:00:00.0 mem: 3724.707M)
Following multi-corner parasitics specified:
	/home/ykaraagac/cadence-bitirme/Flows/NanGate45/biriscv_2mul_vs_hybrid/scripts/cadence/innovus_temp_1028768_0b58e1c8-17ef-44a6-badc-280b1143a8d4_dockereda-rocky8_ykaraagac_loZ0Xa/nr0_1028768_0b58e1c8-17ef-44a6-badc-280b1143a8d4KaJAWg.rcdb.d (rcdb)
Reading RCDB with compressed RC data.
		Cell riscv_core has rcdb /home/ykaraagac/cadence-bitirme/Flows/NanGate45/biriscv_2mul_vs_hybrid/scripts/cadence/innovus_temp_1028768_0b58e1c8-17ef-44a6-badc-280b1143a8d4_dockereda-rocky8_ykaraagac_loZ0Xa/nr0_1028768_0b58e1c8-17ef-44a6-badc-280b1143a8d4KaJAWg.rcdb.d specified
Cell riscv_core, hinst 
Reading RCDB with compressed RC data.
Done read_parasitics... (cpu: 0:00:00.3 real: 0:00:00.0 mem: 3723.871M)
#
#Restore RCDB.
#
#Complete tQuantus RC extraction.
#Cpu time = 00:00:20
#Elapsed time = 00:00:04
#Increased memory = 87.77 (MB)
#Total memory = 3723.87 (MB)
#Peak memory = 4507.20 (MB)
#
#415 inserted nodes are removed
#Restored 0 tie nets, 0 tie snets, 0 partial nets
#Start Design Signature (0)
#Finish Inst Signature in MT(5233528)
#Finish Net Signature in MT(18358541)
#Finish SNet Signature in MT (32398354)
#Run time and memory report for RC extraction:
#RC extraction running on  3.25GHz 1024KB Cache 128CPU.
#Run Statistics for snet signature:
#   Cpu time = 00:00:00, elapsed time = 00:00:00 , scale factor =  1.01/16, scale score = 0.06.
#    Increased memory =    -1.00 (MB), total memory =  3608.24 (MB), peak memory =  4507.20 (MB)
#Run Statistics for Net Final Signature:
#   Cpu time = 00:00:00, elapsed time = 00:00:00 .
#   Increased memory =     0.00 (MB), total memory =  3609.24 (MB), peak memory =  4507.20 (MB)
#Run Statistics for Net launch:
#   Cpu time = 00:00:00, elapsed time = 00:00:00 , scale factor = 13.86/16, scale score = 0.87.
#    Increased memory =     0.91 (MB), total memory =  3609.24 (MB), peak memory =  4507.20 (MB)
#Run Statistics for Net init_dbsNet_slist:
#   Cpu time = 00:00:00, elapsed time = 00:00:00 .
#   Increased memory =     0.00 (MB), total memory =  3608.33 (MB), peak memory =  4507.20 (MB)
#Run Statistics for net signature:
#   Cpu time = 00:00:00, elapsed time = 00:00:00 , scale factor = 12.75/16, scale score = 0.80.
#    Increased memory =     0.91 (MB), total memory =  3609.24 (MB), peak memory =  4507.20 (MB)
#Run Statistics for inst signature:
#   Cpu time = 00:00:00, elapsed time = 00:00:00 , scale factor = 10.13/16, scale score = 0.63.
#    Increased memory =   -12.96 (MB), total memory =  3608.33 (MB), peak memory =  4507.20 (MB)
**optDesign ... cpu = 0:02:20, real = 0:00:55, mem = 3608.2M, totSessionCpu=0:21:42 **
Starting delay calculation for Setup views
AAE_INFO: opIsDesignInPostRouteState() is 1
AAE_INFO: resetNetProps viewIdx 0 
Starting SI iteration 1 using Infinite Timing Windows
#################################################################################
# Design Stage: PostRoute
# Design Name: riscv_core
# Design Mode: 45nm
# Analysis Mode: MMMC OCV 
# Parasitics Mode: SPEF/RCDB 
# Signoff Settings: SI On 
#################################################################################
Start delay calculation (fullDC) (16 T). (MEM=3900.97)
Reading RCDB with compressed RC data.
AAE_INFO: 16 threads acquired from CTE.
Total number of fetched objects 35048
AAE_INFO-618: Total number of nets in the design is 38764,  90.4 percent of the nets selected for SI analysis
End delay calculation. (MEM=3960.7 CPU=0:00:08.9 REAL=0:00:01.0)
End delay calculation (fullDC). (MEM=3960.7 CPU=0:00:09.6 REAL=0:00:01.0)
Save waveform /home/ykaraagac/cadence-bitirme/Flows/NanGate45/biriscv_2mul_vs_hybrid/scripts/cadence/innovus_temp_1028768_0b58e1c8-17ef-44a6-badc-280b1143a8d4_dockereda-rocky8_ykaraagac_loZ0Xa/.AAE_nPuXgk/.AAE_1028768_0b58e1c8-17ef-44a6-badc-280b1143a8d4/waveform.data...
Loading CTE timing window with TwFlowType 0...(CPU = 0:00:00.0, REAL = 0:00:00.0, MEM = 3977.7M)
Add other clocks and setupCteToAAEClockMapping during iter 1
Loading CTE timing window is completed (CPU = 0:00:00.3, REAL = 0:00:00.0, MEM = 3977.7M)
Starting SI iteration 2
Start delay calculation (fullDC) (16 T). (MEM=4084.65)
Glitch Analysis: View WC_VIEW -- Total Number of Nets Skipped = 0. 
Glitch Analysis: View WC_VIEW -- Total Number of Nets Analyzed = 35048. 
Total number of fetched objects 35048
AAE_INFO-618: Total number of nets in the design is 38764,  0.1 percent of the nets selected for SI analysis
End delay calculation. (MEM=4101.65 CPU=0:00:00.7 REAL=0:00:00.0)
End delay calculation (fullDC). (MEM=4101.65 CPU=0:00:00.8 REAL=0:00:00.0)
*** Done Building Timing Graph (cpu=0:00:21.6 real=0:00:03.0 totSessionCpu=0:22:03 mem=4105.7M)
** INFO: Initializing Glitch Interface
** INFO: Initializing Glitch Interface

OptSummary:

------------------------------------------------------------------
       Post-ecoRoute Summary
------------------------------------------------------------------

Setup views included:
 WC_VIEW 

+--------------------+---------+---------+---------+---------+---------+---------+
|     Setup mode     |   all   | reg2reg | in2reg  | reg2out | in2out  | default |
+--------------------+---------+---------+---------+---------+---------+---------+
|           WNS (ns):|  3.718  |  5.180  |  3.718  |  6.487  |  4.854  |  0.000  |
|           TNS (ns):|  0.000  |  0.000  |  0.000  |  0.000  |  0.000  |  0.000  |
|    Violating Paths:|    0    |    0    |    0    |    0    |    0    |    0    |
|          All Paths:|  11140  |  11006  |  4248   |   102   |   35    |    0    |
+--------------------+---------+---------+---------+---------+---------+---------+

+----------------+-------------------------------+------------------+
|                |              Real             |       Total      |
|    DRVs        +------------------+------------+------------------|
|                |  Nr nets(terms)  | Worst Vio  |  Nr nets(terms)  |
+----------------+------------------+------------+------------------+
|   max_cap      |      0 (0)       |   0.000    |      0 (0)       |
|   max_tran     |      0 (0)       |   0.000    |      0 (0)       |
|   max_fanout   |      0 (0)       |     0      |      0 (0)       |
|   max_length   |      0 (0)       |     0      |      0 (0)       |
+----------------+------------------+------------+------------------+

Density: 71.084%
------------------------------------------------------------------
**optDesign ... cpu = 0:02:43, real = 0:00:59, mem = 4080.1M, totSessionCpu=0:22:05 **
Executing marking Critical Nets1
** INFO: Initializing Glitch Interface
** INFO: Initializing Glitch Cache
**INFO: flowCheckPoint #6 OptimizationRecovery
*** Timing Is met
*** Check timing (0:00:00.0)
Running postRoute recovery in postEcoRoute mode
**optDesign ... cpu = 0:02:44, real = 0:00:59, mem = 4079.1M, totSessionCpu=0:22:05 **
** INFO: Initializing Glitch Interface
Checking setup slack degradation ...
Checking DRV degradation...
**INFO: Skipping DRV recovery as drv did not degrade beyond margin
** INFO Cleaning up Glitch Interface
Finish postRoute recovery in postEcoRoute mode (cpu=0:00:01, real=0:00:00, mem=4079.07M, totSessionCpu=0:22:06).
**optDesign ... cpu = 0:02:44, real = 0:00:59, mem = 4079.1M, totSessionCpu=0:22:06 **

Latch borrow mode reset to max_borrow
**INFO: flowCheckPoint #7 FinalSummary
OPTC: user 20.0 (reset)
Reported timing to dir ./timingReports
**optDesign ... cpu = 0:02:53, real = 0:01:01, mem = 4062.9M, totSessionCpu=0:22:14 **
** INFO: Initializing Glitch Interface
** INFO: Initializing Glitch Interface

OptSummary:

------------------------------------------------------------------
     optDesign Final SI Timing Summary
------------------------------------------------------------------

Setup views included:
 WC_VIEW 

+--------------------+---------+---------+---------+---------+---------+---------+
|     Setup mode     |   all   | reg2reg | in2reg  | reg2out | in2out  | default |
+--------------------+---------+---------+---------+---------+---------+---------+
|           WNS (ns):|  3.718  |  5.180  |  3.718  |  6.487  |  4.854  |  0.000  |
|           TNS (ns):|  0.000  |  0.000  |  0.000  |  0.000  |  0.000  |  0.000  |
|    Violating Paths:|    0    |    0    |    0    |    0    |    0    |    0    |
|          All Paths:|  11140  |  11006  |  4248   |   102   |   35    |    0    |
+--------------------+---------+---------+---------+---------+---------+---------+

+----------------+-------------------------------+------------------+
|                |              Real             |       Total      |
|    DRVs        +------------------+------------+------------------|
|                |  Nr nets(terms)  | Worst Vio  |  Nr nets(terms)  |
+----------------+------------------+------------+------------------+
|   max_cap      |      0 (0)       |   0.000    |      0 (0)       |
|   max_tran     |      0 (0)       |   0.000    |      0 (0)       |
|   max_fanout   |      0 (0)       |     0      |      0 (0)       |
|   max_length   |      0 (0)       |     0      |      0 (0)       |
+----------------+------------------+------------+------------------+

Density: 71.084%
------------------------------------------------------------------
Begin: Collecting metrics
 ---------------------------------------------------------------------------------------------------------------------------------- 
| Snapshot           | WNS                  | TNS                  | Density (%) | Resource               | DRVs       | Layer-OPT |
|                    | HEPG (ns) | ALL (ns) | HEPG (ns) | ALL (ns) |             | Real (s) | Memory (MB) | Tran | Cap | metal4    |
|--------------------+-----------+----------+-----------+----------+-------------+----------+-------------+------+-----+-----------|
| initial_summary    |     5.182 |    3.720 |           |        0 |       71.08 | 0:00:09  |        4084 |    0 |   0 |           |
| ccopt_pro          |           |          |           |          |             | 0:00:02  |        4115 |      |     |           |
| drv_eco_fixing     |     5.182 |    3.720 |         0 |        0 |       71.08 | 0:00:02  |        4100 |    0 |   0 |         4 |
| route_type_fixing  |           |          |           |          |             | 0:00:01  |        4100 |      |     |           |
| pre_route_summary  |     5.182 |    3.720 |           |        0 |       71.08 | 0:00:01  |        4102 |    0 |   0 |           |
| eco_route          |           |          |           |          |             | 0:00:09  |        3608 |      |     |           |
| post_route_summary |     5.180 |    3.718 |           |        0 |       71.08 | 0:00:04  |        4080 |    0 |   0 |           |
| final_summary      |     5.180 |    3.718 |           |        0 |       71.08 | 0:00:03  |        4078 |    0 |   0 |           |
 ---------------------------------------------------------------------------------------------------------------------------------- 
End: Collecting metrics
**optDesign ... cpu = 0:03:00, real = 0:01:04, mem = 4078.5M, totSessionCpu=0:22:21 **
 ReSet Options after AAE Based Opt flow 
*** Finished optDesign ***
      flow.cputime  flow.realtime  timing.setup.tns  timing.setup.wns  snapshot
UM:*                                                                   final
      flow.cputime  flow.realtime  timing.setup.tns  timing.setup.wns  snapshot
UM:*                                                                   opt_design_postroute
Info: final physical memory for 17 CRR processes is 1039.51MB.
Info: Summary of CRR changes:
      - Timing transform commits:       0
Info: Destroy the CCOpt slew target map.

*** Summary of all messages that are not suppressed in this session:
Severity  ID               Count  Summary                                  
WARNING   IMPOPT-7320          1  Glitch fixing has been disabled since gl...
WARNING   IMPCCOPT-1184        1  The library has no usable balanced %ss f...
WARNING   NRDB-2120            1  Special net %s is missing wiring shapes,...
WARNING   NREX-102          8067  Net %s is not extracted due to %s. The r...
*** Message Summary: 8070 warning(s), 0 error(s)

*** optDesign #1 [finish] () : cpu/real = 0:03:00.4/0:01:13.0 (2.5), totSession cpu/real = 0:22:21.7/0:07:12.6 (3.1), mem = 4078.5M
<CMD> extractRC
#Start Design Signature (0)
#Finish Inst Signature in MT(5233528)
#Finish Net Signature in MT(18358541)
#Finish SNet Signature in MT (32398354)
#Run time and memory report for RC extraction:
#RC extraction running on  3.25GHz 1024KB Cache 128CPU.
#Run Statistics for snet signature:
#   Cpu time = 00:00:00, elapsed time = 00:00:00 , scale factor =  1.00/16, scale score = 0.06.
#    Increased memory =    -1.00 (MB), total memory =  3973.03 (MB), peak memory =  4507.20 (MB)
#Run Statistics for Net Final Signature:
#   Cpu time = 00:00:00, elapsed time = 00:00:00 .
#   Increased memory =     0.00 (MB), total memory =  3974.03 (MB), peak memory =  4507.20 (MB)
#Run Statistics for Net launch:
#   Cpu time = 00:00:00, elapsed time = 00:00:00 , scale factor = 13.81/16, scale score = 0.86.
#    Increased memory =     0.91 (MB), total memory =  3974.03 (MB), peak memory =  4507.20 (MB)
#Run Statistics for Net init_dbsNet_slist:
#   Cpu time = 00:00:00, elapsed time = 00:00:00 .
#   Increased memory =     0.00 (MB), total memory =  3973.12 (MB), peak memory =  4507.20 (MB)
#Run Statistics for net signature:
#   Cpu time = 00:00:00, elapsed time = 00:00:00 , scale factor = 12.59/16, scale score = 0.79.
#    Increased memory =     0.91 (MB), total memory =  3974.03 (MB), peak memory =  4507.20 (MB)
#Run Statistics for inst signature:
#   Cpu time = 00:00:00, elapsed time = 00:00:00 , scale factor =  7.85/16, scale score = 0.49.
#    Increased memory =  -100.47 (MB), total memory =  3973.12 (MB), peak memory =  4507.20 (MB)
The design is extracted. Skipping TQuantus.
<CMD> write_sdf ${dbDir}/${DESIGN}.sdf
**WARN: (SDF-808):	The software is currently operating in a high performance mode which optimizes the handling of multiple timing arcs between input and output pin pairs. With the current settings, the SDF file generated will contain the same delay information for all of these arcs. To have the SDF recalculated with explicit pin pair data, you should use the option '-recompute_delay_calc'. This setting is recommended for generating SDF for functional  simulation applications.
AAE_INFO: opIsDesignInPostRouteState() is 1
AAE_INFO: resetNetProps viewIdx 0 
AAE_INFO: resetNetProps viewIdx 1 
Starting SI iteration 1 using Infinite Timing Windows
Total CPU(s) requested: 16
Total CPU(s) enabled with current License(s): 16
Current free CPU(s): 1
Additional license(s) checked out: 1 Innovus_CPU_Opt license(s) for 8 CPU(s)
[11:15:00.110120] Periodic Lic check successful
[11:15:00.110144] Feature usage summary:
[11:15:00.110144] Innovus_Impl_System  
[11:15:00.110146] Innovus_CPU_Opt  
Additional license(s) checked out: 1 Innovus_Impl_System license(s) for 8 CPU(s)
[11:15:01.182507] Periodic Lic check successful
[11:15:01.706810] Feature usage summary:
[11:15:01.706811] Innovus_Impl_System  
[11:15:01.706811] Innovus_CPU_Opt  
Total CPU(s) now enabled: 32
#################################################################################
# Design Stage: PostRoute
# Design Name: riscv_core
# Design Mode: 45nm
# Analysis Mode: MMMC OCV 
# Parasitics Mode: SPEF/RCDB 
# Signoff Settings: SI On 
#################################################################################
Start delay calculation (fullDC) (16 T). (MEM=3877.8)
Reading RCDB with compressed RC data.
Total number of fetched objects 35048
AAE_INFO-618: Total number of nets in the design is 38764,  90.4 percent of the nets selected for SI analysis
Total number of fetched objects 35048
AAE_INFO-618: Total number of nets in the design is 38764,  90.4 percent of the nets selected for SI analysis
End delay calculation. (MEM=3943.21 CPU=0:00:16.1 REAL=0:00:01.0)
End delay calculation (fullDC). (MEM=3943.21 CPU=0:00:17.4 REAL=0:00:01.0)
Save waveform /home/ykaraagac/cadence-bitirme/Flows/NanGate45/biriscv_2mul_vs_hybrid/scripts/cadence/innovus_temp_1028768_0b58e1c8-17ef-44a6-badc-280b1143a8d4_dockereda-rocky8_ykaraagac_loZ0Xa/.AAE_nPuXgk/.AAE_1028768_0b58e1c8-17ef-44a6-badc-280b1143a8d4/waveform.data...
Loading CTE timing window with TwFlowType 0...(CPU = 0:00:00.0, REAL = 0:00:00.0, MEM = 3970.1M)
Add other clocks and setupCteToAAEClockMapping during iter 1
Loading CTE timing window is completed (CPU = 0:00:00.5, REAL = 0:00:00.0, MEM = 3970.1M)
Starting SI iteration 2
Start delay calculation (fullDC) (16 T). (MEM=4060.61)
Glitch Analysis: View WC_VIEW -- Total Number of Nets Skipped = 0. 
Glitch Analysis: View WC_VIEW -- Total Number of Nets Analyzed = 0. 
Total number of fetched objects 35048
AAE_INFO-618: Total number of nets in the design is 38764,  0.1 percent of the nets selected for SI analysis
Glitch Analysis: View BC_VIEW -- Total Number of Nets Skipped = 0. 
Glitch Analysis: View BC_VIEW -- Total Number of Nets Analyzed = 35048. 
Total number of fetched objects 35048
AAE_INFO-618: Total number of nets in the design is 38764,  5.6 percent of the nets selected for SI analysis
End delay calculation. (MEM=4084.61 CPU=0:00:01.3 REAL=0:00:00.0)
End delay calculation (fullDC). (MEM=4084.61 CPU=0:00:01.3 REAL=0:00:00.0)
<CMD> read_activity_file -format VCD /home/ykaraagac/cadence-bitirme/Flows/NanGate45/biriscv_2mul_vs_hybrid/scripts/cadence/outputs/vcd/core_hybrid_matmul_no_mule.vcd -scope tb_parallel_matmul.u_dut
#################################################################################
# Design Stage: PostRoute
# Design Name: riscv_core
# Design Mode: 45nm
# Analysis Mode: MMMC OCV 
# Parasitics Mode: SPEF/RCDB 
# Signoff Settings: SI On 
#################################################################################
clk(100MHz) Parsing VCD file
/home/ykaraagac/cadence-bitirme/Flows/NanGate45/biriscv_2mul_vs_hybrid/scripts/cadence/outputs/vcd/core_hybrid_matmul_no_mule.vcd

Starting Reading VCD variables
2026-Jun-08 11:15:06 (2026-Jun-08 11:15:06 GMT)
2026-Jun-08 11:15:06 (2026-Jun-08 11:15:06 GMT): 10%

Finished Reading VCD variables
2026-Jun-08 11:15:07 (2026-Jun-08 11:15:07 GMT)
   
The vcd command required:
   		1.47 user, 0.31 system, and 1.77 real seconds

   Total number of value changes: 910345.

   Total simulation time: 0.000137635s.

   With this vcd command,  2236964 value changes and 0.00013763 second
simulation time were counted for power consumption calculation.

  Filename (activity)                    :
/home/ykaraagac/cadence-bitirme/Flows/NanGate45/biriscv_2mul_vs_hybrid/scripts/cadence/outputs/vcd/core_hybrid_matmul_no_mule.vcd
  Names in file that matched to design   : 8636/28005
  Annotation coverage for this file
   (Unique nets matched/Total nets)       : 3893/35059 = 11.1041%

  19369 nets were found in the VCD file(s) but were not in
  the design.  These nets are not reported because
  'set_power_analysis_mode' -report_missing_nets' is set to false
(default).

  Total annotation coverage for all files of type VCD: 3893/35059 =
11.1041%
  Percent of VCD annotated nets with zero toggles: 2310/35059 = 6.58889%

'read_activity_file' finished successfully.
<CMD> summaryReport -noHtml -outfile outputs/innovus/core_hybrid_100/vcd/reports/post_route.sum
Start to collect the design information.
Build netlist information for Cell riscv_core.
Finished collecting the design information.
Generating standard cells used in the design report.
Analyze library ... 
Analyze netlist ... 
Generate no-driven nets information report.
Analyze timing ... 
Analyze floorplan/placement ... 
Analysis Routing ...
Report saved in file outputs/innovus/core_hybrid_100/vcd/reports/post_route.sum
<CMD> redirect outputs/innovus/core_hybrid_100/vcd/reports/power_total.rpt { report_power }
<CMD> redirect outputs/innovus/core_hybrid_100/vcd/reports/power_hierarchy.rpt { report_power -hierarchy all }
<CMD> redirect outputs/innovus/core_hybrid_100/vcd/reports/power_inst_a.rpt {report_power -instance $REPORT_INST_A}
<CMD> redirect outputs/innovus/core_hybrid_100/vcd/reports/power_inst_b.rpt {report_power -instance $REPORT_INST_B}
<CMD> saveDesign outputs/innovus/core_hybrid_100/vcd/enc/core_hybrid_100.enc
The in-memory database contained RC information but was not saved. To save 
the RC information, use saveDesign's -rc option. Note: Saving RC information can be quite large, 
so it should only be saved when it is really desired.
#% Begin save design ... (date=06/08 11:15:20, mem=4004.7M)
WC_LIB BC_LIB
Cmin Cmax
% Begin Save ccopt configuration ... (date=06/08 11:15:20, mem=4004.7M)
% End Save ccopt configuration ... (date=06/08 11:15:20, total cpu=0:00:00.3, real=0:00:00.0, peak res=4004.7M, current mem=4004.6M)
% Begin Save netlist data ... (date=06/08 11:15:20, mem=4004.6M)
Writing Binary DB to outputs/innovus/core_hybrid_100/vcd/enc/core_hybrid_100.enc.dat/vbin/riscv_core.v.bin in multi-threaded mode...
% End Save netlist data ... (date=06/08 11:15:20, total cpu=0:00:00.2, real=0:00:00.0, peak res=4004.6M, current mem=3994.2M)
Saving symbol-table file in separate thread ...
Saving congestion map file in separate thread ...
Saving congestion map file outputs/innovus/core_hybrid_100/vcd/enc/core_hybrid_100.enc.dat/riscv_core.route.congmap.gz ...
% Begin Save AAE data ... (date=06/08 11:15:20, mem=3994.2M)
Saving AAE Data ...
% End Save AAE data ... (date=06/08 11:15:21, total cpu=0:00:00.1, real=0:00:00.0, peak res=3994.2M, current mem=3994.2M)
Saving mode setting ...
Saving global file ...
*info - save blackBox cells to lef file outputs/innovus/core_hybrid_100/vcd/enc/core_hybrid_100.enc.dat/riscv_core.bbox.lef
Saving Drc markers ...
... No Drc file written since there is no markers found.
Saving special route data file in separate thread ...
Saving PG file in separate thread ...
Saving placement file in separate thread ...
Saving route file in separate thread ...
Saving PG file outputs/innovus/core_hybrid_100/vcd/enc/core_hybrid_100.enc.dat/riscv_core.pg.gz, version#2, (Created by Innovus v25.12-s079_1 on Mon Jun  8 11:15:21 2026)
Saving property file outputs/innovus/core_hybrid_100/vcd/enc/core_hybrid_100.enc.dat/riscv_core.prop
** Saving stdCellPlacement_binary (version# 2) ...
Save Adaptive View Pruning View Names to Binary file
*** Completed saveProperty (cpu=0:00:00.2 real=0:00:00.0 mem=4042.2M) ***
*** Completed savePGFile (cpu=0:00:00.2 real=0:00:00.0 mem=4042.2M) ***
TAT_INFO: ::saveSpecialRoute REAL = 0 : CPU = 0 : MEM = 0.
TAT_INFO: ::savePGFile REAL = 0 : CPU = 0 : MEM = 0.
TAT_INFO: ::savePlace REAL = 0 : CPU = 0 : MEM = 0.
*** Completed saveRoute (cpu=0:00:00.5 real=0:00:01.0 mem=4042.2M) ***
TAT_INFO: ::saveRoute REAL = 1 : CPU = 0 : MEM = 0.
TAT_INFO: ::db::saveAnnotationAndProp REAL = 0 : CPU = 0 : MEM = 0.
#Saving pin access data to file outputs/innovus/core_hybrid_100/vcd/enc/core_hybrid_100.enc.dat/riscv_core.apa ...
#
Saving preRoute extracted patterns in file 'outputs/innovus/core_hybrid_100/vcd/enc/core_hybrid_100.enc.dat/riscv_core.techData.gz' ...
Saving preRoute extraction data in directory 'outputs/innovus/core_hybrid_100/vcd/enc/core_hybrid_100.enc.dat/extraction/' ...
TAT_INFO: ::db::saveSymbolTable REAL = 1 : CPU = 0 : MEM = 0.
TAT_INFO: ::saveCongMap REAL = 1 : CPU = 0 : MEM = 0.
% Begin Save power constraints data ... (date=06/08 11:15:22, mem=4002.1M)
% End Save power constraints data ... (date=06/08 11:15:22, total cpu=0:00:00.1, real=0:00:00.0, peak res=4002.1M, current mem=4002.1M)
Cmin Cmax
Cmin Cmax
Cmin Cmax
Cmin Cmax
Cmin Cmax
Generated self-contained design core_hybrid_100.enc.dat
#% End save design ... (date=06/08 11:15:23, total cpu=0:00:02.7, real=0:00:03.0, peak res=4005.7M, current mem=4005.7M)
*** Message Summary: 0 warning(s), 0 error(s)

<CMD> defOut -netlist -floorplan -routing outputs/innovus/core_hybrid_100/vcd/enc/core_hybrid_100.def
Writing DEF file 'outputs/innovus/core_hybrid_100/vcd/enc/core_hybrid_100.def', current time is Mon Jun  8 11:15:23 2026 ...
unitPerMicron=2000, dbgMicronPerDBU=0.000500, unitPerDBU=1.000000
DEF file 'outputs/innovus/core_hybrid_100/vcd/enc/core_hybrid_100.def' is written, current time is Mon Jun  8 11:15:23 2026 ...
*** Message Summary: 16157 warning(s), 0 error(s)


*** Memory Usage v#3 (Current mem = 4005.746M, initial mem = 775.000M) ***
--- Ending "Innovus" (totcpu=0:23:37, real=0:07:42, mem=4005.7M) ---
