============================================================
  Generated by:           Genus(TM) Synthesis Solution 23.13-s073_1
  Generated on:           Dec 18 2025  06:57:24 pm
  Module:                 riscv_core
  Operating conditions:   tt_1.0_25.0 (balanced_tree)
  Wireload mode:          enclosed
  Area mode:              timing library
============================================================


Path 1: MET (0 ps) Setup Check with Pin retime_s331_639_reg/CLK->D
          Group: clk
     Startpoint: (R) u_mul_mul_123_68_retime_s328_7_reg/CLK
          Clock: (R) clk
       Endpoint: (R) retime_s331_639_reg/D
          Clock: (R) clk

                     Capture       Launch     
        Clock Edge:+    2000            0     
       Src Latency:+       0            0     
       Net Latency:+       0 (I)        0 (I) 
           Arrival:=    2000            0     
                                              
             Setup:-       5                  
       Uncertainty:-     200                  
     Required Time:=    1795                  
      Launch Clock:-       0                  
         Data Path:-    1795                  
             Slack:=       0                  

#--------------------------------------------------------------------------------------------------------------------------------
#             Timing Point               Flags    Arc    Edge           Cell            Fanout Load Trans Delay Arrival Instance 
#                                                                                              (fF)  (ps)  (ps)   (ps)  Location 
#--------------------------------------------------------------------------------------------------------------------------------
  u_mul_mul_123_68_retime_s328_7_reg/CLK -       -       R     (arrival)                  9929    -   100     0       0    (-,-) 
  u_mul_mul_123_68_retime_s328_7_reg/QN  -       CLK->QN R     ASYNC_DFFHx1_ASAP7_75t_R     34 19.5   122   111     111    (-,-) 
  u_mul_mul_123_68_g141115/Y             -       A->Y    F     INVx1_ASAP7_75t_R             4  2.7    36    26     137    (-,-) 
  u_mul_mul_123_68_g193237/Y             -       A->Y    F     XOR2x2_ASAP7_75t_R           22 12.8    40    49     186    (-,-) 
  u_mul_mul_123_68_g192893/Y             -       B->Y    R     NOR2xp33_ASAP7_75t_R         20 11.8   237   123     310    (-,-) 
  u_mul_mul_123_68_g192783/Y             -       B->Y    F     NAND2xp5_ASAP7_75t_R          7  3.8    84    63     373    (-,-) 
  u_mul_mul_123_68_g192037/Y             -       A1->Y   R     OAI221xp5_ASAP7_75t_R         2  1.7    58    47     420    (-,-) 
  u_mul_mul_123_68_g191558/Y             -       B->Y    R     XOR2xp5_ASAP7_75t_R           2  1.6    36    33     453    (-,-) 
  u_mul_mul_123_68_g191110/Y             -       B->Y    R     XOR2xp5_ASAP7_75t_R           1  0.9    28    26     478    (-,-) 
  u_mul_mul_123_68_g190890/Y             -       B->Y    R     XNOR2xp5_ASAP7_75t_R          2  1.5    32    22     501    (-,-) 
  u_mul_mul_123_68_g190638/Y             -       B->Y    R     XNOR2xp5_ASAP7_75t_R          3  1.6    32    23     524    (-,-) 
  u_mul_mul_123_68_g190478/Y             -       B->Y    F     NOR2xp33_ASAP7_75t_R          1  0.6    20    17     541    (-,-) 
  u_mul_mul_123_68_g190076/Y             -       A1->Y   R     OAI21xp5_ASAP7_75t_R          2  1.7    25    17     558    (-,-) 
  u_mul_mul_123_68_g190028/Y             -       A->Y    F     MAJIxp5_ASAP7_75t_R           2  1.7    28    20     578    (-,-) 
  u_mul_mul_123_68_g190015/Y             -       A->Y    R     INVx1_ASAP7_75t_R             1  0.6    11     9     588    (-,-) 
  u_mul_mul_123_68_g189974/Y             -       A1->Y   F     AOI21xp5_ASAP7_75t_R          2  1.6    20    13     601    (-,-) 
  u_mul_mul_123_68_g189950/Y             -       A->Y    R     MAJIxp5_ASAP7_75t_R           2  1.7    34    23     623    (-,-) 
  u_mul_mul_123_68_g189940/Y             -       A1->Y   F     AOI21xp5_ASAP7_75t_R          2  1.6    24    18     642    (-,-) 
  u_mul_mul_123_68_g189939/Y             -       A->Y    R     MAJIxp5_ASAP7_75t_R           2  1.7    34    24     666    (-,-) 
  u_mul_mul_123_68_g189936/Y             -       A1->Y   F     AOI21xp5_ASAP7_75t_R          2  1.6    24    19     684    (-,-) 
  u_mul_mul_123_68_g189935/Y             -       A->Y    R     MAJIxp5_ASAP7_75t_R           2  1.8    35    25     709    (-,-) 
  u_mul_mul_123_68_g189934/Y             -       A->Y    F     INVx1_ASAP7_75t_R             1  0.6    10     8     717    (-,-) 
  u_mul_mul_123_68_g189932/Y             -       A->Y    R     MAJIxp5_ASAP7_75t_R           2  1.5    31    18     736    (-,-) 
  u_mul_mul_123_68_g189930/Y             -       A->Y    F     MAJIxp5_ASAP7_75t_R           2  2.2    33    24     760    (-,-) 
  u_mul_mul_123_68_g189928/Y             -       A->Y    R     MAJIxp5_ASAP7_75t_R           2  1.7    36    27     787    (-,-) 
  u_mul_mul_123_68_g189925/Y             -       A1->Y   F     AOI21xp5_ASAP7_75t_R          2  2.3    30    22     809    (-,-) 
  u_mul_mul_123_68_g189924/Y             -       A->Y    R     INVx1_ASAP7_75t_R             1  0.6    11    10     819    (-,-) 
  u_mul_mul_123_68_g189923/Y             -       A->Y    F     MAJIxp5_ASAP7_75t_R           2  1.6    31    16     834    (-,-) 
  u_mul_mul_123_68_g189920/Y             -       A2->Y   R     OAI21xp5_ASAP7_75t_R          2  1.7    29    21     855    (-,-) 
  u_mul_mul_123_68_g189919/Y             -       A->Y    F     MAJIxp5_ASAP7_75t_R           2  1.6    27    21     876    (-,-) 
  u_mul_mul_123_68_g189916/Y             -       A2->Y   R     OAI21xp5_ASAP7_75t_R          2  1.5    26    19     895    (-,-) 
  u_mul_mul_123_68_g189915/Y             -       A->Y    F     MAJIxp5_ASAP7_75t_R           2  2.2    31    23     918    (-,-) 
  u_mul_mul_123_68_g189913/Y             -       A->Y    R     MAJIxp5_ASAP7_75t_R           2  1.5    34    25     943    (-,-) 
  u_mul_mul_123_68_g189910/Y             -       A1->Y   F     AOI21xp5_ASAP7_75t_R          2  2.2    29    22     964    (-,-) 
  u_mul_mul_123_68_g189909/Y             -       A->Y    R     MAJIxp5_ASAP7_75t_R           2  1.6    36    25     989    (-,-) 
  u_mul_mul_123_68_g189908/Y             -       A->Y    F     INVx1_ASAP7_75t_R             1  0.6    11     8     997    (-,-) 
  u_mul_mul_123_68_g189906/Y             -       A->Y    R     MAJIxp5_ASAP7_75t_R           2  1.5    33    18    1016    (-,-) 
  u_mul_mul_123_68_g189903/Y             -       A1->Y   F     AOI21xp5_ASAP7_75t_R          2  2.2    29    21    1037    (-,-) 
  u_mul_mul_123_68_g189902/Y             -       A->Y    R     MAJIxp5_ASAP7_75t_R           2  1.7    35    25    1062    (-,-) 
  u_mul_mul_123_68_g189899/Y             -       A1->Y   F     AOI21xp5_ASAP7_75t_R          2  1.6    24    19    1081    (-,-) 
  u_mul_mul_123_68_g189897/Y             -       A2->Y   R     OAI21xp5_ASAP7_75t_R          2  1.7    27    20    1101    (-,-) 
  u_mul_mul_123_68_g189895/Y             -       A1->Y   F     AOI21xp5_ASAP7_75t_R          2  2.2    27    20    1121    (-,-) 
  u_mul_mul_123_68_g189894/Y             -       A->Y    F     MAJx2_ASAP7_75t_R             2  1.6    11    29    1150    (-,-) 
  u_mul_mul_123_68_g189891/Y             -       A2->Y   R     OAI21xp5_ASAP7_75t_R          2  1.5    25    15    1164    (-,-) 
  u_mul_mul_123_68_g189889/Y             -       A1->Y   F     AOI21xp5_ASAP7_75t_R          2  1.6    22    17    1181    (-,-) 
  u_mul_mul_123_68_g189887/Y             -       A2->Y   F     OA21x2_ASAP7_75t_R            2  1.6     9    22    1203    (-,-) 
  u_mul_mul_123_68_g189885/Y             -       A2->Y   R     OAI21xp5_ASAP7_75t_R          2  1.7    25    15    1218    (-,-) 
  u_mul_mul_123_68_g189884/Y             -       A->Y    F     MAJIxp5_ASAP7_75t_R           2  1.6    26    20    1238    (-,-) 
  u_mul_mul_123_68_g189881/Y             -       A1->Y   R     AOI21xp5_ASAP7_75t_R          2  1.7    26    18    1256    (-,-) 
  u_mul_mul_123_68_g189879/Y             -       A1->Y   F     AOI21xp5_ASAP7_75t_R          2  2.2    27    20    1275    (-,-) 
  u_mul_mul_123_68_g189878/Y             -       A->Y    R     MAJIxp5_ASAP7_75t_R           2  1.7    37    25    1300    (-,-) 
  u_mul_mul_123_68_g189875/Y             -       A1->Y   F     AOI21xp5_ASAP7_75t_R          2  2.2    30    22    1322    (-,-) 
  u_mul_mul_123_68_g189874/Y             -       A->Y    R     MAJIxp5_ASAP7_75t_R           2  1.7    36    26    1348    (-,-) 
  u_mul_mul_123_68_g189871/Y             -       A->Y    F     MAJIxp5_ASAP7_75t_R           2  2.2    34    26    1374    (-,-) 
  u_mul_mul_123_68_g189870/Y             -       A->Y    R     MAJIxp5_ASAP7_75t_R           2  1.7    36    27    1401    (-,-) 
  u_mul_mul_123_68_g189867/Y             -       A2->Y   F     OAI21xp5_ASAP7_75t_R          2  1.6    24    18    1419    (-,-) 
  u_mul_mul_123_68_g189865/Y             -       A1->Y   R     AOI21xp5_ASAP7_75t_R          2  1.5    24    17    1436    (-,-) 
  u_mul_mul_123_68_g189863/Y             -       A1->Y   F     AOI21xp5_ASAP7_75t_R          2  2.3    28    20    1456    (-,-) 
  u_mul_mul_123_68_g189862/Y             -       A->Y    R     INVx1_ASAP7_75t_R             1  0.6    11     9    1465    (-,-) 
  u_mul_mul_123_68_g189861/Y             -       A->Y    F     MAJIxp5_ASAP7_75t_R           2  2.2    36    18    1483    (-,-) 
  u_mul_mul_123_68_g189859/Y             -       A->Y    R     MAJIxp5_ASAP7_75t_R           2  1.7    37    28    1511    (-,-) 
  u_mul_mul_123_68_g189856/Y             -       A1->Y   F     AOI21xp5_ASAP7_75t_R          2  2.2    30    22    1533    (-,-) 
  u_mul_mul_123_68_g189855/Y             -       A->Y    F     MAJx2_ASAP7_75t_R             2  1.6    11    30    1562    (-,-) 
  u_mul_mul_123_68_g189852/Y             -       A2->Y   R     OAI21xp5_ASAP7_75t_R          2  1.5    23    15    1577    (-,-) 
  u_mul_mul_123_68_g189851/Y             -       A->Y    R     MAJx2_ASAP7_75t_R             2  1.5    11    25    1602    (-,-) 
  u_mul_mul_123_68_g189849/Y             -       A->Y    F     MAJIxp5_ASAP7_75t_R           2  2.3    34    19    1620    (-,-) 
  u_mul_mul_123_68_g189848/Y             -       A->Y    R     INVx1_ASAP7_75t_R             1  0.6    12    10    1631    (-,-) 
  u_mul_mul_123_68_g189846/Y             -       A->Y    F     MAJIxp5_ASAP7_75t_R           2  2.2    36    18    1649    (-,-) 
  u_mul_mul_123_68_g189844/Y             -       A->Y    R     MAJIxp5_ASAP7_75t_R           2  1.5    34    26    1675    (-,-) 
  u_mul_mul_123_68_g189842/Y             -       A->Y    F     MAJIxp5_ASAP7_75t_R           2  2.2    33    25    1701    (-,-) 
  u_mul_mul_123_68_g189840/Y             -       A->Y    R     MAJIxp5_ASAP7_75t_R           2  1.5    34    25    1726    (-,-) 
  u_mul_mul_123_68_g189838/Y             -       A->Y    F     MAJIxp5_ASAP7_75t_R           1  1.0    22    18    1744    (-,-) 
  u_mul_mul_123_68_g189836/Y             -       B->Y    F     XNOR2xp5_ASAP7_75t_R          1  0.5    14    21    1765    (-,-) 
  g723266/Y                              -       A2->Y   F     AO22x1_ASAP7_75t_R            1  0.6     9    19    1784    (-,-) 
  g692666/Y                              -       A2->Y   R     AOI22xp5_ASAP7_75t_R          1  0.6    47    11    1795    (-,-) 
  retime_s331_639_reg/D                  -       -       R     ASYNC_DFFHx1_ASAP7_75t_R      1    -     -     0    1795    (-,-) 
#--------------------------------------------------------------------------------------------------------------------------------



Path 2: MET (1 ps) Setup Check with Pin u_exec0_u_alu/retime_s416_51_reg/CLK->D
          Group: clk
     Startpoint: (F) mem_d_ack_i
          Clock: (R) clk
       Endpoint: (R) u_exec0_u_alu/retime_s416_51_reg/D
          Clock: (R) clk

                     Capture       Launch     
        Clock Edge:+    2000            0     
        Drv Adjust:+       0            0     
       Src Latency:+       0            0     
       Net Latency:+       0 (I)        0 (I) 
           Arrival:=    2000            0     
                                              
             Setup:-       5                  
       Uncertainty:-     200                  
     Required Time:=    1795                  
      Launch Clock:-       0                  
       Input Delay:-     300                  
         Data Path:-    1494                  
             Slack:=       1                  

Exceptions/Constraints:
  input_delay             300             riscv_core.sdc_1_line_29_619_1 

#-------------------------------------------------------------------------------------------------------------------------------
#             Timing Point              Flags    Arc    Edge           Cell            Fanout Load Trans Delay Arrival Instance 
#                                                                                             (fF)  (ps)  (ps)   (ps)  Location 
#-------------------------------------------------------------------------------------------------------------------------------
  mem_d_ack_i                           -       -       F     (arrival)                     6  5.0     0     0     300    (-,-) 
  g623287/Y                             -       B->Y    R     NOR2x1p5_ASAP7_75t_R          2  1.8    16     7     307    (-,-) 
  g623234/Y                             -       A->Y    R     OR2x6_ASAP7_75t_R            10  5.8    12    22     329    (-,-) 
  g623201/Y                             -       B->Y    F     NOR2xp33_ASAP7_75t_R          3  1.7    35    20     350    (-,-) 
  g623182/Y                             -       B->Y    F     AO21x1_ASAP7_75t_R            3  2.1    14    25     374    (-,-) 
  g623141/Y                             -       A->Y    R     NOR2x1_ASAP7_75t_R            2  1.9    18    14     388    (-,-) 
  g623117/Y                             -       A->Y    F     NAND3x1_ASAP7_75t_R           3  2.8    23    15     403    (-,-) 
  g623091/Y                             -       A->Y    F     OR2x6_ASAP7_75t_R            31 19.5    25    37     440    (-,-) 
  g623090/Y                             -       A->Y    R     INVx2_ASAP7_75t_R            11  6.2    24    18     458    (-,-) 
  g623063/Y                             -       B2->Y   R     AO22x2_ASAP7_75t_R           24 12.4    41    37     495    (-,-) 
  g730027/Y                             -       B->Y    F     NOR2xp33_ASAP7_75t_R          4  2.3    45    35     530    (-,-) 
  g662877/Y                             -       B->Y    R     NAND2xp5_ASAP7_75t_R          4  1.9    32    26     556    (-,-) 
  g662682/Y                             -       B->Y    R     OR2x2_ASAP7_75t_R             7  4.2    19    28     584    (-,-) 
  g662599/Y                             -       B->Y    F     NOR2xp33_ASAP7_75t_R          3  1.8    48    24     608    (-,-) 
  g662454/Y                             -       A->Y    R     NOR3xp33_ASAP7_75t_R          2  1.3    42    31     639    (-,-) 
  g661916/Y                             -       A->Y    F     NAND3xp33_ASAP7_75t_R         2  1.8    39    28     667    (-,-) 
  g661896/Y                             -       A->Y    R     INVx1_ASAP7_75t_R             2  1.2    17    14     681    (-,-) 
  g661816/Y                             -       A->Y    F     NAND3xp33_ASAP7_75t_R         2  1.8    38    21     702    (-,-) 
  g661768/Y                             -       A->Y    R     INVx1_ASAP7_75t_R             2  1.2    17    14     716    (-,-) 
  g661718/Y                             -       A->Y    R     AND3x1_ASAP7_75t_R            9  5.7    44    39     754    (-,-) 
  g661677/Y                             -       A->Y    F     INVx2_ASAP7_75t_R            24 12.7    39    29     783    (-,-) 
  g661252/Y                             -       A1->Y   R     OAI221xp5_ASAP7_75t_R        10  5.2   103    61     845    (-,-) 
  g719271/Y                             -       A1->Y   R     AO221x1_ASAP7_75t_R          46 25.8   155   108     952    (-,-) 
  u_exec0_u_alu/g45569/Y                -       A->Y    F     INVx1_ASAP7_75t_R            39 23.5   140   104    1057    (-,-) 
  u_exec0_u_alu/sub_57_37_g3919__2346/Y -       C->Y    F     MAJx2_ASAP7_75t_R             2  2.2    15    48    1105    (-,-) 
  u_exec0_u_alu/sub_57_37_g3916__9315/Y -       A->Y    F     MAJx2_ASAP7_75t_R             2  2.2    13    26    1131    (-,-) 
  u_exec0_u_alu/sub_57_37_g3914__4733/Y -       A->Y    F     MAJx2_ASAP7_75t_R             2  1.6    11    24    1155    (-,-) 
  u_exec0_u_alu/sub_57_37_g3912__5115/Y -       A->Y    F     MAJx2_ASAP7_75t_R             2  1.6    11    24    1179    (-,-) 
  u_exec0_u_alu/sub_57_37_g3910__6131/Y -       A->Y    F     MAJx2_ASAP7_75t_R             2  2.2    13    25    1204    (-,-) 
  u_exec0_u_alu/sub_57_37_g3908__8246/Y -       A->Y    F     MAJx2_ASAP7_75t_R             2  1.6    11    24    1229    (-,-) 
  u_exec0_u_alu/sub_57_37_g3906__1705/Y -       A->Y    F     MAJx2_ASAP7_75t_R             2  1.6    11    24    1253    (-,-) 
  u_exec0_u_alu/sub_57_37_g3904__1617/Y -       A->Y    F     MAJx2_ASAP7_75t_R             2  1.6    11    24    1277    (-,-) 
  u_exec0_u_alu/sub_57_37_g3902__6783/Y -       A->Y    F     MAJx2_ASAP7_75t_R             2  1.6    11    24    1301    (-,-) 
  u_exec0_u_alu/sub_57_37_g3900__8428/Y -       A->Y    F     MAJx2_ASAP7_75t_R             2  2.2    13    25    1326    (-,-) 
  u_exec0_u_alu/sub_57_37_g3898__6260/Y -       A->Y    F     MAJx2_ASAP7_75t_R             2  1.6    11    24    1350    (-,-) 
  u_exec0_u_alu/sub_57_37_g3896__2398/Y -       A->Y    F     MAJx2_ASAP7_75t_R             2  1.6    11    24    1374    (-,-) 
  u_exec0_u_alu/sub_57_37_g3894__6417/Y -       A->Y    F     MAJx2_ASAP7_75t_R             2  2.2    12    25    1399    (-,-) 
  u_exec0_u_alu/sub_57_37_g3892__1666/Y -       A->Y    F     MAJx2_ASAP7_75t_R             2  2.2    12    26    1424    (-,-) 
  u_exec0_u_alu/sub_57_37_g3890__2883/Y -       A->Y    F     MAJx2_ASAP7_75t_R             2  1.6    11    24    1449    (-,-) 
  u_exec0_u_alu/sub_57_37_g3888__9315/Y -       A->Y    F     MAJx2_ASAP7_75t_R             2  1.6    11    24    1472    (-,-) 
  u_exec0_u_alu/sub_57_37_g3886__4733/Y -       A->Y    F     MAJx2_ASAP7_75t_R             2  1.6    11    24    1496    (-,-) 
  u_exec0_u_alu/sub_57_37_g3884__5115/Y -       A->Y    F     MAJx2_ASAP7_75t_R             1  1.6    11    24    1520    (-,-) 
  u_exec0_u_alu/g45625/CON              -       CI->CON R     FAx1_ASAP7_75t_R              1  0.3    27    14    1534    (-,-) 
  u_exec0_u_alu/g45626/Y                -       A->Y    F     INVxp33_ASAP7_75t_R           1  1.6    29    21    1556    (-,-) 
  u_exec0_u_alu/g45623/CON              -       CI->CON R     FAx1_ASAP7_75t_R              1  0.3    28    20    1576    (-,-) 
  u_exec0_u_alu/g4/Y                    -       A->Y    F     INVxp33_ASAP7_75t_R           1  2.0    34    25    1600    (-,-) 
  u_exec0_u_alu/g45629/CON              -       A->CON  R     FAx1_ASAP7_75t_R              1  0.7    32    24    1624    (-,-) 
  u_exec0_u_alu/g3/Y                    -       A->Y    F     INVx1_ASAP7_75t_R             2  2.2    18    14    1639    (-,-) 
  u_exec0_u_alu/sub_57_37_g3876__1617/Y -       A->Y    F     MAJx2_ASAP7_75t_R             2  1.6    11    26    1665    (-,-) 
  u_exec0_u_alu/sub_57_37_g3874__6783/Y -       A->Y    F     MAJx2_ASAP7_75t_R             2  1.6    11    24    1688    (-,-) 
  u_exec0_u_alu/sub_57_37_g3872__8428/Y -       A->Y    R     MAJIxp5_ASAP7_75t_R           2  1.5    32    18    1707    (-,-) 
  u_exec0_u_alu/sub_57_37_g3870__6260/Y -       A->Y    R     MAJx2_ASAP7_75t_R             2  1.5    13    27    1734    (-,-) 
  u_exec0_u_alu/sub_57_37_g3865__7410/Y -       B->Y    R     XNOR2xp5_ASAP7_75t_R          1  0.9    23    17    1751    (-,-) 
  u_exec0_u_alu/sub_57_37_g3864__1666/Y -       B->Y    R     XNOR2xp5_ASAP7_75t_R          1  0.4    22    17    1768    (-,-) 
  u_exec0_u_alu/g39732__7098/Y          -       A->Y    F     NAND2xp33_ASAP7_75t_R         1  0.6    29    12    1780    (-,-) 
  u_exec0_u_alu/g39673__5115/Y          -       A2->Y   R     AOI22xp5_ASAP7_75t_R          1  0.6    47    14    1794    (-,-) 
  u_exec0_u_alu/retime_s416_51_reg/D    -       -       R     ASYNC_DFFHx1_ASAP7_75t_R      1    -     -     0    1794    (-,-) 
#-------------------------------------------------------------------------------------------------------------------------------



Path 3: MET (4 ps) Setup Check with Pin u_issue_pc_x_q_reg[26]/CLK->D
          Group: clk
     Startpoint: (R) mem_d_ack_i
          Clock: (R) clk
       Endpoint: (F) u_issue_pc_x_q_reg[26]/D
          Clock: (R) clk

                     Capture       Launch     
        Clock Edge:+    2000            0     
        Drv Adjust:+       0            0     
       Src Latency:+       0            0     
       Net Latency:+       0 (I)        0 (I) 
           Arrival:=    2000            0     
                                              
             Setup:-      -3                  
       Uncertainty:-     200                  
     Required Time:=    1803                  
      Launch Clock:-       0                  
       Input Delay:-     300                  
         Data Path:-    1499                  
             Slack:=       4                  

Exceptions/Constraints:
  input_delay             300             riscv_core.sdc_1_line_29_619_1 

#----------------------------------------------------------------------------------------------------------------------------------------
#                  Timing Point                   Flags    Arc   Edge           Cell            Fanout Load Trans Delay Arrival Instance 
#                                                                                                      (fF)  (ps)  (ps)   (ps)  Location 
#----------------------------------------------------------------------------------------------------------------------------------------
  mem_d_ack_i                                     -       -      R     (arrival)                     6  5.0     0     0     300    (-,-) 
  g623287/Y                                       -       B->Y   F     NOR2x1p5_ASAP7_75t_R          2  1.8    16     6     306    (-,-) 
  g623253/Y                                       -       A->Y   R     INVx1_ASAP7_75t_R             3  1.9    15    12     317    (-,-) 
  g662649/Y                                       -       A1->Y  R     OA222x2_ASAP7_75t_R         118 67.6   206   118     436    (-,-) 
  g662543/Y                                       -       B->Y   F     NAND2xp5_ASAP7_75t_R          2  1.3    48    33     469    (-,-) 
  g662516/Y                                       -       A->Y   R     INVx1_ASAP7_75t_R             3  1.8    22    18     487    (-,-) 
  g662474/Y                                       -       B->Y   R     AND2x2_ASAP7_75t_R            5  3.0    15    25     512    (-,-) 
  g662419/Y                                       -       B->Y   F     NAND2xp5_ASAP7_75t_R          6  3.1    34    22     533    (-,-) 
  g662400/Y                                       -       A->Y   R     INVx1_ASAP7_75t_R             3  1.3    16    14     547    (-,-) 
  g662330/Y                                       -       A1->Y  F     AOI22xp33_ASAP7_75t_R         1  0.5    21    11     558    (-,-) 
  g662230/Y                                       -       C->Y   R     OAI221xp5_ASAP7_75t_R         1  0.5    30    13     571    (-,-) 
  g662193/Y                                       -       C->Y   F     AOI221xp5_ASAP7_75t_R         1  0.5    26    13     583    (-,-) 
  g662147/Y                                       -       C->Y   R     OAI221xp5_ASAP7_75t_R         1  0.6    30    14     598    (-,-) 
  g662056/Y                                       -       C->Y   F     O2A1O1Ixp33_ASAP7_75t_R       2  1.1    22    15     613    (-,-) 
  g661915/Y                                       -       B->Y   R     NOR3xp33_ASAP7_75t_R          2  1.2    35    24     636    (-,-) 
  g661818/Y                                       -       B->Y   F     NAND2xp5_ASAP7_75t_R          2  1.1    20    17     653    (-,-) 
  g661720/Y                                       -       B->Y   R     NOR2xp33_ASAP7_75t_R         14  8.6   174    88     741    (-,-) 
  g661678/Y                                       -       A->Y   F     INVx2_ASAP7_75t_R            19 11.2    61    46     787    (-,-) 
  g661340/Y                                       -       A2->Y  R     OAI211xp5_ASAP7_75t_R         1  0.5    28    23     809    (-,-) 
  g661216/Y                                       -       B->Y   F     AOI21xp33_ASAP7_75t_R         1  0.5    29     9     818    (-,-) 
  g661110/Y                                       -       C->Y   R     OAI221xp5_ASAP7_75t_R         6  3.0    73    26     845    (-,-) 
  g660995/Y                                       -       B->Y   F     NOR2xp33_ASAP7_75t_R          3  1.6    42    37     882    (-,-) 
  g660814/Y                                       -       B->Y   R     NOR2xp33_ASAP7_75t_R          1  0.6    25    20     902    (-,-) 
  g660781/Y                                       -       A->Y   F     NAND3xp33_ASAP7_75t_R         1  0.6    20    15     916    (-,-) 
  g660696/Y                                       -       A->Y   R     NOR4xp25_ASAP7_75t_R          1  0.5    34    19     936    (-,-) 
  g660616/Y                                       -       A->Y   F     NAND5xp2_ASAP7_75t_R          1  0.6    34    22     958    (-,-) 
  g660470/Y                                       -       A->Y   R     NOR5xp2_ASAP7_75t_R           1  0.6    46    27     986    (-,-) 
  g660419/Y                                       -       D->Y   R     AND4x1_ASAP7_75t_R            3  1.7    20    34    1020    (-,-) 
  g660415/Y                                       -       B->Y   F     AOI21xp5_ASAP7_75t_R          1  0.6    19     9    1029    (-,-) 
  g660410/Y                                       -       B->Y   F     AO21x1_ASAP7_75t_R            1  0.6     8    18    1047    (-,-) 
  g660370/Y                                       -       B->Y   F     OA21x2_ASAP7_75t_R            1  0.6     7    12    1059    (-,-) 
  g660364/Y                                       -       B2->Y  R     OAI321xp33_ASAP7_75t_R        3  1.7    48    22    1081    (-,-) 
  g660362/Y                                       -       B->Y   F     NAND2xp5_ASAP7_75t_R         11  6.6    81    48    1129    (-,-) 
  g660360/Y                                       -       B->Y   R     NAND2xp5_ASAP7_75t_R          2  1.7    38    33    1161    (-,-) 
  g660355/Y                                       -       A->Y   R     OR3x1_ASAP7_75t_R             2  1.3    13    20    1181    (-,-) 
  g619868/Y                                       -       A->Y   F     INVx1_ASAP7_75t_R             1  1.0     8     7    1189    (-,-) 
  g730563/CON                                     -       B->CON R     HAxp5_ASAP7_75t_R             1  0.6    20    11    1199    (-,-) 
  u_issue_add_243_22_Y_u_issue_add_241_22_g1669/Y -       B->Y   F     OAI21xp5_ASAP7_75t_R          2  1.6    24    14    1214    (-,-) 
  u_issue_add_243_22_Y_u_issue_add_241_22_g1667/Y -       B->Y   R     NAND2xp5_ASAP7_75t_R          2  0.8    16    14    1228    (-,-) 
  u_issue_add_243_22_Y_u_issue_add_241_22_g1665/Y -       B->Y   F     NOR2xp33_ASAP7_75t_R          3  1.9    36    23    1251    (-,-) 
  u_issue_add_243_22_Y_u_issue_add_241_22_g1663/Y -       A->Y   R     NAND2xp33_ASAP7_75t_R         2  0.8    28    24    1275    (-,-) 
  u_issue_add_243_22_Y_u_issue_add_241_22_g1661/Y -       B->Y   F     NOR2xp33_ASAP7_75t_R          3  2.1    39    29    1304    (-,-) 
  u_issue_add_243_22_Y_u_issue_add_241_22_g1659/Y -       B->Y   R     NAND2xp5_ASAP7_75t_R          2  0.8    19    18    1322    (-,-) 
  u_issue_add_243_22_Y_u_issue_add_241_22_g1657/Y -       B->Y   F     NOR2xp33_ASAP7_75t_R          3  2.1    39    26    1348    (-,-) 
  u_issue_add_243_22_Y_u_issue_add_241_22_g1655/Y -       B->Y   R     NAND2xp5_ASAP7_75t_R          2  1.0    21    19    1367    (-,-) 
  u_issue_add_243_22_Y_u_issue_add_241_22_g1653/Y -       B->Y   F     NOR2xp33_ASAP7_75t_R          3  2.0    38    26    1392    (-,-) 
  u_issue_add_243_22_Y_u_issue_add_241_22_g1651/Y -       A->Y   R     NAND2xp33_ASAP7_75t_R         2  1.0    32    27    1419    (-,-) 
  u_issue_add_243_22_Y_u_issue_add_241_22_g1649/Y -       B->Y   F     NOR2xp33_ASAP7_75t_R          3  2.2    41    31    1450    (-,-) 
  u_issue_add_243_22_Y_u_issue_add_241_22_g1647/Y -       B->Y   R     NAND2xp5_ASAP7_75t_R          2  1.0    22    19    1470    (-,-) 
  u_issue_add_243_22_Y_u_issue_add_241_22_g1645/Y -       B->Y   F     NOR2xp33_ASAP7_75t_R          3  2.2    41    28    1497    (-,-) 
  u_issue_add_243_22_Y_u_issue_add_241_22_g1643/Y -       B->Y   R     NAND2xp5_ASAP7_75t_R          2  1.0    22    19    1517    (-,-) 
  u_issue_add_243_22_Y_u_issue_add_241_22_g1641/Y -       B->Y   F     NOR2xp33_ASAP7_75t_R          3  2.0    38    26    1543    (-,-) 
  u_issue_add_243_22_Y_u_issue_add_241_22_g1639/Y -       A->Y   R     NAND2xp33_ASAP7_75t_R         2  1.0    32    27    1570    (-,-) 
  u_issue_add_243_22_Y_u_issue_add_241_22_g1637/Y -       B->Y   F     NOR2xp33_ASAP7_75t_R          3  2.2    41    31    1601    (-,-) 
  u_issue_add_243_22_Y_u_issue_add_241_22_g1635/Y -       B->Y   R     NAND2xp5_ASAP7_75t_R          2  1.0    22    19    1620    (-,-) 
  u_issue_add_243_22_Y_u_issue_add_241_22_g1633/Y -       B->Y   F     NOR2xp33_ASAP7_75t_R          3  2.2    41    28    1648    (-,-) 
  u_issue_add_243_22_Y_u_issue_add_241_22_g1631/Y -       B->Y   R     NAND2xp5_ASAP7_75t_R          2  1.0    22    19    1667    (-,-) 
  u_issue_add_243_22_Y_u_issue_add_241_22_g1629/Y -       B->Y   F     NOR2xp33_ASAP7_75t_R          3  2.2    41    28    1694    (-,-) 
  u_issue_add_243_22_Y_u_issue_add_241_22_g1627/Y -       B->Y   R     NAND2xp5_ASAP7_75t_R          2  1.0    22    19    1714    (-,-) 
  u_issue_add_243_22_Y_u_issue_add_241_22_g1625/Y -       B->Y   F     NOR2xp33_ASAP7_75t_R          3  1.7    33    24    1737    (-,-) 
  u_issue_add_243_22_Y_u_issue_add_241_22_g1623/Y -       B->Y   R     NAND2xp5_ASAP7_75t_R          3  1.6    25    21    1758    (-,-) 
  g730092/Y                                       -       B->Y   F     OAI21xp33_ASAP7_75t_R         1  0.5    18    11    1770    (-,-) 
  g690917/Y                                       -       B2->Y  R     OAI221xp5_ASAP7_75t_R         1  0.6    36    15    1784    (-,-) 
  g687962/Y                                       -       A2->Y  F     AOI22xp5_ASAP7_75t_R          1  0.6    34    15    1799    (-,-) 
  u_issue_pc_x_q_reg[26]/D                        -       -      F     ASYNC_DFFHx1_ASAP7_75t_R      1    -     -     0    1799    (-,-) 
#----------------------------------------------------------------------------------------------------------------------------------------



Path 4: MET (4 ps) Setup Check with Pin u_issue_add_243_22_Y_u_issue_add_241_22_retime_s312_5_reg/CLK->D
          Group: clk
     Startpoint: (R) mem_d_ack_i
          Clock: (R) clk
       Endpoint: (R) u_issue_add_243_22_Y_u_issue_add_241_22_retime_s312_5_reg/D
          Clock: (R) clk

                     Capture       Launch     
        Clock Edge:+    2000            0     
        Drv Adjust:+       0            0     
       Src Latency:+       0            0     
       Net Latency:+       0 (I)        0 (I) 
           Arrival:=    2000            0     
                                              
             Setup:-       4                  
       Uncertainty:-     200                  
     Required Time:=    1796                  
      Launch Clock:-       0                  
       Input Delay:-     300                  
         Data Path:-    1491                  
             Slack:=       4                  

Exceptions/Constraints:
  input_delay             300             riscv_core.sdc_1_line_29_619_1 

#----------------------------------------------------------------------------------------------------------------------------------------------------
#                        Timing Point                         Flags    Arc   Edge           Cell            Fanout Load Trans Delay Arrival Instance 
#                                                                                                                  (fF)  (ps)  (ps)   (ps)  Location 
#----------------------------------------------------------------------------------------------------------------------------------------------------
  mem_d_ack_i                                                 -       -      R     (arrival)                     6  5.0     0     0     300    (-,-) 
  g623287/Y                                                   -       B->Y   F     NOR2x1p5_ASAP7_75t_R          2  1.8    16     6     306    (-,-) 
  g623253/Y                                                   -       A->Y   R     INVx1_ASAP7_75t_R             3  1.9    15    12     317    (-,-) 
  g662649/Y                                                   -       A1->Y  R     OA222x2_ASAP7_75t_R         118 67.6   206   118     436    (-,-) 
  g662543/Y                                                   -       B->Y   F     NAND2xp5_ASAP7_75t_R          2  1.3    48    33     469    (-,-) 
  g662516/Y                                                   -       A->Y   R     INVx1_ASAP7_75t_R             3  1.8    22    18     487    (-,-) 
  g662474/Y                                                   -       B->Y   R     AND2x2_ASAP7_75t_R            5  3.0    15    25     512    (-,-) 
  g662419/Y                                                   -       B->Y   F     NAND2xp5_ASAP7_75t_R          6  3.1    34    22     533    (-,-) 
  g662400/Y                                                   -       A->Y   R     INVx1_ASAP7_75t_R             3  1.3    16    14     547    (-,-) 
  g662330/Y                                                   -       A1->Y  F     AOI22xp33_ASAP7_75t_R         1  0.5    21    11     558    (-,-) 
  g662230/Y                                                   -       C->Y   R     OAI221xp5_ASAP7_75t_R         1  0.5    30    13     571    (-,-) 
  g662193/Y                                                   -       C->Y   F     AOI221xp5_ASAP7_75t_R         1  0.5    26    13     583    (-,-) 
  g662147/Y                                                   -       C->Y   R     OAI221xp5_ASAP7_75t_R         1  0.6    30    14     598    (-,-) 
  g662056/Y                                                   -       C->Y   F     O2A1O1Ixp33_ASAP7_75t_R       2  1.1    22    15     613    (-,-) 
  g661915/Y                                                   -       B->Y   R     NOR3xp33_ASAP7_75t_R          2  1.2    35    24     636    (-,-) 
  g661818/Y                                                   -       B->Y   F     NAND2xp5_ASAP7_75t_R          2  1.1    20    17     653    (-,-) 
  g661720/Y                                                   -       B->Y   R     NOR2xp33_ASAP7_75t_R         14  8.6   174    88     741    (-,-) 
  g661678/Y                                                   -       A->Y   F     INVx2_ASAP7_75t_R            19 11.2    61    46     787    (-,-) 
  g661340/Y                                                   -       A2->Y  R     OAI211xp5_ASAP7_75t_R         1  0.5    28    23     809    (-,-) 
  g661216/Y                                                   -       B->Y   F     AOI21xp33_ASAP7_75t_R         1  0.5    29     9     818    (-,-) 
  g661110/Y                                                   -       C->Y   R     OAI221xp5_ASAP7_75t_R         6  3.0    73    26     845    (-,-) 
  g660995/Y                                                   -       B->Y   F     NOR2xp33_ASAP7_75t_R          3  1.6    42    37     882    (-,-) 
  g660814/Y                                                   -       B->Y   R     NOR2xp33_ASAP7_75t_R          1  0.6    25    20     902    (-,-) 
  g660781/Y                                                   -       A->Y   F     NAND3xp33_ASAP7_75t_R         1  0.6    20    15     916    (-,-) 
  g660696/Y                                                   -       A->Y   R     NOR4xp25_ASAP7_75t_R          1  0.5    34    19     936    (-,-) 
  g660616/Y                                                   -       A->Y   F     NAND5xp2_ASAP7_75t_R          1  0.6    34    22     958    (-,-) 
  g660470/Y                                                   -       A->Y   R     NOR5xp2_ASAP7_75t_R           1  0.6    46    27     986    (-,-) 
  g660419/Y                                                   -       D->Y   R     AND4x1_ASAP7_75t_R            3  1.7    20    34    1020    (-,-) 
  g660415/Y                                                   -       B->Y   F     AOI21xp5_ASAP7_75t_R          1  0.6    19     9    1029    (-,-) 
  g660410/Y                                                   -       B->Y   F     AO21x1_ASAP7_75t_R            1  0.6     8    18    1047    (-,-) 
  g660370/Y                                                   -       B->Y   F     OA21x2_ASAP7_75t_R            1  0.6     7    12    1059    (-,-) 
  g660364/Y                                                   -       B2->Y  R     OAI321xp33_ASAP7_75t_R        3  1.7    48    22    1081    (-,-) 
  g660362/Y                                                   -       B->Y   F     NAND2xp5_ASAP7_75t_R         11  6.6    81    48    1129    (-,-) 
  g660360/Y                                                   -       B->Y   R     NAND2xp5_ASAP7_75t_R          2  1.7    38    33    1161    (-,-) 
  g660355/Y                                                   -       A->Y   R     OR3x1_ASAP7_75t_R             2  1.3    13    20    1181    (-,-) 
  g619868/Y                                                   -       A->Y   F     INVx1_ASAP7_75t_R             1  1.0     8     7    1189    (-,-) 
  g730563/CON                                                 -       B->CON R     HAxp5_ASAP7_75t_R             1  0.6    20    11    1199    (-,-) 
  u_issue_add_243_22_Y_u_issue_add_241_22_g1669/Y             -       B->Y   F     OAI21xp5_ASAP7_75t_R          2  1.6    24    14    1214    (-,-) 
  u_issue_add_243_22_Y_u_issue_add_241_22_g1667/Y             -       B->Y   R     NAND2xp5_ASAP7_75t_R          2  0.8    16    14    1228    (-,-) 
  u_issue_add_243_22_Y_u_issue_add_241_22_g1665/Y             -       B->Y   F     NOR2xp33_ASAP7_75t_R          3  1.9    36    23    1251    (-,-) 
  u_issue_add_243_22_Y_u_issue_add_241_22_g1663/Y             -       A->Y   R     NAND2xp33_ASAP7_75t_R         2  0.8    28    24    1275    (-,-) 
  u_issue_add_243_22_Y_u_issue_add_241_22_g1661/Y             -       B->Y   F     NOR2xp33_ASAP7_75t_R          3  2.1    39    29    1304    (-,-) 
  u_issue_add_243_22_Y_u_issue_add_241_22_g1659/Y             -       B->Y   R     NAND2xp5_ASAP7_75t_R          2  0.8    19    18    1322    (-,-) 
  u_issue_add_243_22_Y_u_issue_add_241_22_g1657/Y             -       B->Y   F     NOR2xp33_ASAP7_75t_R          3  2.1    39    26    1348    (-,-) 
  u_issue_add_243_22_Y_u_issue_add_241_22_g1655/Y             -       B->Y   R     NAND2xp5_ASAP7_75t_R          2  1.0    21    19    1367    (-,-) 
  u_issue_add_243_22_Y_u_issue_add_241_22_g1653/Y             -       B->Y   F     NOR2xp33_ASAP7_75t_R          3  2.0    38    26    1392    (-,-) 
  u_issue_add_243_22_Y_u_issue_add_241_22_g1651/Y             -       A->Y   R     NAND2xp33_ASAP7_75t_R         2  1.0    32    27    1419    (-,-) 
  u_issue_add_243_22_Y_u_issue_add_241_22_g1649/Y             -       B->Y   F     NOR2xp33_ASAP7_75t_R          3  2.2    41    31    1450    (-,-) 
  u_issue_add_243_22_Y_u_issue_add_241_22_g1647/Y             -       B->Y   R     NAND2xp5_ASAP7_75t_R          2  1.0    22    19    1470    (-,-) 
  u_issue_add_243_22_Y_u_issue_add_241_22_g1645/Y             -       B->Y   F     NOR2xp33_ASAP7_75t_R          3  2.2    41    28    1497    (-,-) 
  u_issue_add_243_22_Y_u_issue_add_241_22_g1643/Y             -       B->Y   R     NAND2xp5_ASAP7_75t_R          2  1.0    22    19    1517    (-,-) 
  u_issue_add_243_22_Y_u_issue_add_241_22_g1641/Y             -       B->Y   F     NOR2xp33_ASAP7_75t_R          3  2.0    38    26    1543    (-,-) 
  u_issue_add_243_22_Y_u_issue_add_241_22_g1639/Y             -       A->Y   R     NAND2xp33_ASAP7_75t_R         2  1.0    32    27    1570    (-,-) 
  u_issue_add_243_22_Y_u_issue_add_241_22_g1637/Y             -       B->Y   F     NOR2xp33_ASAP7_75t_R          3  2.2    41    31    1601    (-,-) 
  u_issue_add_243_22_Y_u_issue_add_241_22_g1635/Y             -       B->Y   R     NAND2xp5_ASAP7_75t_R          2  1.0    22    19    1620    (-,-) 
  u_issue_add_243_22_Y_u_issue_add_241_22_g1633/Y             -       B->Y   F     NOR2xp33_ASAP7_75t_R          3  2.2    41    28    1648    (-,-) 
  u_issue_add_243_22_Y_u_issue_add_241_22_g1631/Y             -       B->Y   R     NAND2xp5_ASAP7_75t_R          2  1.0    22    19    1667    (-,-) 
  u_issue_add_243_22_Y_u_issue_add_241_22_g1629/Y             -       B->Y   F     NOR2xp33_ASAP7_75t_R          3  2.2    41    28    1694    (-,-) 
  u_issue_add_243_22_Y_u_issue_add_241_22_g1627/Y             -       B->Y   R     NAND2xp5_ASAP7_75t_R          2  1.0    22    19    1714    (-,-) 
  u_issue_add_243_22_Y_u_issue_add_241_22_g1625/Y             -       B->Y   F     NOR2xp33_ASAP7_75t_R          3  1.7    33    24    1737    (-,-) 
  g730075/Y                                                   -       B->Y   F     AO21x1_ASAP7_75t_R            1  0.6     7    20    1757    (-,-) 
  g722348/Y                                                   -       A2->Y  R     OAI21xp5_ASAP7_75t_R          2  1.3    28    12    1770    (-,-) 
  g696619/Y                                                   -       A->Y   F     INVx1_ASAP7_75t_R             2  1.2    12    10    1780    (-,-) 
  u_issue_add_243_22_Y_u_issue_add_241_22_g1139/Y             -       B2->Y  R     AOI22xp5_ASAP7_75t_R          1  0.6    36    11    1791    (-,-) 
  u_issue_add_243_22_Y_u_issue_add_241_22_retime_s312_5_reg/D -       -      R     ASYNC_DFFHx1_ASAP7_75t_R      1    -     -     0    1791    (-,-) 
#----------------------------------------------------------------------------------------------------------------------------------------------------



Path 5: MET (4 ps) Setup Check with Pin retime_s312_4_reg/CLK->D
          Group: clk
     Startpoint: (R) mem_d_ack_i
          Clock: (R) clk
       Endpoint: (R) retime_s312_4_reg/D
          Clock: (R) clk

                     Capture       Launch     
        Clock Edge:+    2000            0     
        Drv Adjust:+       0            0     
       Src Latency:+       0            0     
       Net Latency:+       0 (I)        0 (I) 
           Arrival:=    2000            0     
                                              
             Setup:-       4                  
       Uncertainty:-     200                  
     Required Time:=    1796                  
      Launch Clock:-       0                  
       Input Delay:-     300                  
         Data Path:-    1491                  
             Slack:=       4                  

Exceptions/Constraints:
  input_delay             300             riscv_core.sdc_1_line_29_619_1 

#----------------------------------------------------------------------------------------------------------------------------------------
#                  Timing Point                   Flags    Arc   Edge           Cell            Fanout Load Trans Delay Arrival Instance 
#                                                                                                      (fF)  (ps)  (ps)   (ps)  Location 
#----------------------------------------------------------------------------------------------------------------------------------------
  mem_d_ack_i                                     -       -      R     (arrival)                     6  5.0     0     0     300    (-,-) 
  g623287/Y                                       -       B->Y   F     NOR2x1p5_ASAP7_75t_R          2  1.8    16     6     306    (-,-) 
  g623253/Y                                       -       A->Y   R     INVx1_ASAP7_75t_R             3  1.9    15    12     317    (-,-) 
  g662649/Y                                       -       A1->Y  R     OA222x2_ASAP7_75t_R         118 67.6   206   118     436    (-,-) 
  g662543/Y                                       -       B->Y   F     NAND2xp5_ASAP7_75t_R          2  1.3    48    33     469    (-,-) 
  g662516/Y                                       -       A->Y   R     INVx1_ASAP7_75t_R             3  1.8    22    18     487    (-,-) 
  g662474/Y                                       -       B->Y   R     AND2x2_ASAP7_75t_R            5  3.0    15    25     512    (-,-) 
  g662419/Y                                       -       B->Y   F     NAND2xp5_ASAP7_75t_R          6  3.1    34    22     533    (-,-) 
  g662400/Y                                       -       A->Y   R     INVx1_ASAP7_75t_R             3  1.3    16    14     547    (-,-) 
  g662330/Y                                       -       A1->Y  F     AOI22xp33_ASAP7_75t_R         1  0.5    21    11     558    (-,-) 
  g662230/Y                                       -       C->Y   R     OAI221xp5_ASAP7_75t_R         1  0.5    30    13     571    (-,-) 
  g662193/Y                                       -       C->Y   F     AOI221xp5_ASAP7_75t_R         1  0.5    26    13     583    (-,-) 
  g662147/Y                                       -       C->Y   R     OAI221xp5_ASAP7_75t_R         1  0.6    30    14     598    (-,-) 
  g662056/Y                                       -       C->Y   F     O2A1O1Ixp33_ASAP7_75t_R       2  1.1    22    15     613    (-,-) 
  g661915/Y                                       -       B->Y   R     NOR3xp33_ASAP7_75t_R          2  1.2    35    24     636    (-,-) 
  g661818/Y                                       -       B->Y   F     NAND2xp5_ASAP7_75t_R          2  1.1    20    17     653    (-,-) 
  g661720/Y                                       -       B->Y   R     NOR2xp33_ASAP7_75t_R         14  8.6   174    88     741    (-,-) 
  g661678/Y                                       -       A->Y   F     INVx2_ASAP7_75t_R            19 11.2    61    46     787    (-,-) 
  g661340/Y                                       -       A2->Y  R     OAI211xp5_ASAP7_75t_R         1  0.5    28    23     809    (-,-) 
  g661216/Y                                       -       B->Y   F     AOI21xp33_ASAP7_75t_R         1  0.5    29     9     818    (-,-) 
  g661110/Y                                       -       C->Y   R     OAI221xp5_ASAP7_75t_R         6  3.0    73    26     845    (-,-) 
  g660995/Y                                       -       B->Y   F     NOR2xp33_ASAP7_75t_R          3  1.6    42    37     882    (-,-) 
  g660814/Y                                       -       B->Y   R     NOR2xp33_ASAP7_75t_R          1  0.6    25    20     902    (-,-) 
  g660781/Y                                       -       A->Y   F     NAND3xp33_ASAP7_75t_R         1  0.6    20    15     916    (-,-) 
  g660696/Y                                       -       A->Y   R     NOR4xp25_ASAP7_75t_R          1  0.5    34    19     936    (-,-) 
  g660616/Y                                       -       A->Y   F     NAND5xp2_ASAP7_75t_R          1  0.6    34    22     958    (-,-) 
  g660470/Y                                       -       A->Y   R     NOR5xp2_ASAP7_75t_R           1  0.6    46    27     986    (-,-) 
  g660419/Y                                       -       D->Y   R     AND4x1_ASAP7_75t_R            3  1.7    20    34    1020    (-,-) 
  g660415/Y                                       -       B->Y   F     AOI21xp5_ASAP7_75t_R          1  0.6    19     9    1029    (-,-) 
  g660410/Y                                       -       B->Y   F     AO21x1_ASAP7_75t_R            1  0.6     8    18    1047    (-,-) 
  g660370/Y                                       -       B->Y   F     OA21x2_ASAP7_75t_R            1  0.6     7    12    1059    (-,-) 
  g660364/Y                                       -       B2->Y  R     OAI321xp33_ASAP7_75t_R        3  1.7    48    22    1081    (-,-) 
  g660362/Y                                       -       B->Y   F     NAND2xp5_ASAP7_75t_R         11  6.6    81    48    1129    (-,-) 
  g660360/Y                                       -       B->Y   R     NAND2xp5_ASAP7_75t_R          2  1.7    38    33    1161    (-,-) 
  g660355/Y                                       -       A->Y   R     OR3x1_ASAP7_75t_R             2  1.3    13    20    1181    (-,-) 
  g619868/Y                                       -       A->Y   F     INVx1_ASAP7_75t_R             1  1.0     8     7    1189    (-,-) 
  g730563/CON                                     -       B->CON R     HAxp5_ASAP7_75t_R             1  0.6    20    11    1199    (-,-) 
  u_issue_add_243_22_Y_u_issue_add_241_22_g1669/Y -       B->Y   F     OAI21xp5_ASAP7_75t_R          2  1.6    24    14    1214    (-,-) 
  u_issue_add_243_22_Y_u_issue_add_241_22_g1667/Y -       B->Y   R     NAND2xp5_ASAP7_75t_R          2  0.8    16    14    1228    (-,-) 
  u_issue_add_243_22_Y_u_issue_add_241_22_g1665/Y -       B->Y   F     NOR2xp33_ASAP7_75t_R          3  1.9    36    23    1251    (-,-) 
  u_issue_add_243_22_Y_u_issue_add_241_22_g1663/Y -       A->Y   R     NAND2xp33_ASAP7_75t_R         2  0.8    28    24    1275    (-,-) 
  u_issue_add_243_22_Y_u_issue_add_241_22_g1661/Y -       B->Y   F     NOR2xp33_ASAP7_75t_R          3  2.1    39    29    1304    (-,-) 
  u_issue_add_243_22_Y_u_issue_add_241_22_g1659/Y -       B->Y   R     NAND2xp5_ASAP7_75t_R          2  0.8    19    18    1322    (-,-) 
  u_issue_add_243_22_Y_u_issue_add_241_22_g1657/Y -       B->Y   F     NOR2xp33_ASAP7_75t_R          3  2.1    39    26    1348    (-,-) 
  u_issue_add_243_22_Y_u_issue_add_241_22_g1655/Y -       B->Y   R     NAND2xp5_ASAP7_75t_R          2  1.0    21    19    1367    (-,-) 
  u_issue_add_243_22_Y_u_issue_add_241_22_g1653/Y -       B->Y   F     NOR2xp33_ASAP7_75t_R          3  2.0    38    26    1392    (-,-) 
  u_issue_add_243_22_Y_u_issue_add_241_22_g1651/Y -       A->Y   R     NAND2xp33_ASAP7_75t_R         2  1.0    32    27    1419    (-,-) 
  u_issue_add_243_22_Y_u_issue_add_241_22_g1649/Y -       B->Y   F     NOR2xp33_ASAP7_75t_R          3  2.2    41    31    1450    (-,-) 
  u_issue_add_243_22_Y_u_issue_add_241_22_g1647/Y -       B->Y   R     NAND2xp5_ASAP7_75t_R          2  1.0    22    19    1470    (-,-) 
  u_issue_add_243_22_Y_u_issue_add_241_22_g1645/Y -       B->Y   F     NOR2xp33_ASAP7_75t_R          3  2.2    41    28    1497    (-,-) 
  u_issue_add_243_22_Y_u_issue_add_241_22_g1643/Y -       B->Y   R     NAND2xp5_ASAP7_75t_R          2  1.0    22    19    1517    (-,-) 
  u_issue_add_243_22_Y_u_issue_add_241_22_g1641/Y -       B->Y   F     NOR2xp33_ASAP7_75t_R          3  2.0    38    26    1543    (-,-) 
  u_issue_add_243_22_Y_u_issue_add_241_22_g1639/Y -       A->Y   R     NAND2xp33_ASAP7_75t_R         2  1.0    32    27    1570    (-,-) 
  u_issue_add_243_22_Y_u_issue_add_241_22_g1637/Y -       B->Y   F     NOR2xp33_ASAP7_75t_R          3  2.2    41    31    1601    (-,-) 
  u_issue_add_243_22_Y_u_issue_add_241_22_g1635/Y -       B->Y   R     NAND2xp5_ASAP7_75t_R          2  1.0    22    19    1620    (-,-) 
  u_issue_add_243_22_Y_u_issue_add_241_22_g1633/Y -       B->Y   F     NOR2xp33_ASAP7_75t_R          3  2.2    41    28    1648    (-,-) 
  u_issue_add_243_22_Y_u_issue_add_241_22_g1631/Y -       B->Y   R     NAND2xp5_ASAP7_75t_R          2  1.0    22    19    1667    (-,-) 
  u_issue_add_243_22_Y_u_issue_add_241_22_g1629/Y -       B->Y   F     NOR2xp33_ASAP7_75t_R          3  2.2    41    28    1694    (-,-) 
  u_issue_add_243_22_Y_u_issue_add_241_22_g1627/Y -       B->Y   R     NAND2xp5_ASAP7_75t_R          2  1.0    22    19    1714    (-,-) 
  u_issue_add_243_22_Y_u_issue_add_241_22_g1625/Y -       B->Y   F     NOR2xp33_ASAP7_75t_R          3  1.7    33    24    1737    (-,-) 
  g730075/Y                                       -       B->Y   F     AO21x1_ASAP7_75t_R            1  0.6     7    20    1757    (-,-) 
  g722348/Y                                       -       A2->Y  R     OAI21xp5_ASAP7_75t_R          2  1.3    28    12    1770    (-,-) 
  g696619/Y                                       -       A->Y   F     INVx1_ASAP7_75t_R             2  1.2    12    10    1780    (-,-) 
  g692636/Y                                       -       B2->Y  R     AOI22xp5_ASAP7_75t_R          1  0.6    36    11    1791    (-,-) 
  retime_s312_4_reg/D                             -       -      R     ASYNC_DFFHx1_ASAP7_75t_R      1    -     -     0    1791    (-,-) 
#----------------------------------------------------------------------------------------------------------------------------------------



Path 6: MET (6 ps) Setup Check with Pin u_div_sub_159_34_Y_u_div_minus_135_27_retime_s409_32_reg/CLK->D
          Group: clk
     Startpoint: (R) mem_d_ack_i
          Clock: (R) clk
       Endpoint: (F) u_div_sub_159_34_Y_u_div_minus_135_27_retime_s409_32_reg/D
          Clock: (R) clk

                     Capture       Launch     
        Clock Edge:+    2000            0     
        Drv Adjust:+       0            0     
       Src Latency:+       0            0     
       Net Latency:+       0 (I)        0 (I) 
           Arrival:=    2000            0     
                                              
             Setup:-      -3                  
       Uncertainty:-     200                  
     Required Time:=    1803                  
      Launch Clock:-       0                  
       Input Delay:-     300                  
         Data Path:-    1497                  
             Slack:=       6                  

Exceptions/Constraints:
  input_delay             300             riscv_core.sdc_1_line_29_619_1 

#--------------------------------------------------------------------------------------------------------------------------------------------------
#                       Timing Point                         Flags   Arc   Edge           Cell            Fanout Load Trans Delay Arrival Instance 
#                                                                                                                (fF)  (ps)  (ps)   (ps)  Location 
#--------------------------------------------------------------------------------------------------------------------------------------------------
  mem_d_ack_i                                                -       -     R     (arrival)                     6  5.0     0     0     300    (-,-) 
  g623287/Y                                                  -       B->Y  F     NOR2x1p5_ASAP7_75t_R          2  1.8    16     6     306    (-,-) 
  g623234/Y                                                  -       A->Y  F     OR2x6_ASAP7_75t_R            10  5.8    12    27     332    (-,-) 
  g623201/Y                                                  -       B->Y  R     NOR2xp33_ASAP7_75t_R          3  1.7    40    23     355    (-,-) 
  g623182/Y                                                  -       B->Y  R     AO21x1_ASAP7_75t_R            3  1.9    15    20     376    (-,-) 
  g623141/Y                                                  -       A->Y  F     NOR2x1_ASAP7_75t_R            2  1.9    16    14     390    (-,-) 
  g623117/Y                                                  -       A->Y  R     NAND3x1_ASAP7_75t_R           3  2.8    32    19     408    (-,-) 
  g623091/Y                                                  -       A->Y  R     OR2x6_ASAP7_75t_R            31 19.4    28    35     443    (-,-) 
  g663371/Y                                                  -       A->Y  F     INVx3_ASAP7_75t_R            44 26.1    47    30     474    (-,-) 
  g662645/Y                                                  -       A2->Y R     OAI22xp5_ASAP7_75t_R          3  1.4    32    23     497    (-,-) 
  g662496/Y                                                  -       C->Y  F     NAND4xp25_ASAP7_75t_R         1  0.6    27    19     516    (-,-) 
  g662365/Y                                                  -       A2->Y R     OAI22xp5_ASAP7_75t_R          6  3.9    54    32     549    (-,-) 
  g662340/Y                                                  -       A->Y  F     INVx2_ASAP7_75t_R             8  4.1    21    16     566    (-,-) 
  g662279/Y                                                  -       A->Y  R     NOR3xp33_ASAP7_75t_R          4  2.4    57    34     599    (-,-) 
  g662183/Y                                                  -       A1->Y F     OAI31xp33_ASAP7_75t_R         4  2.2    44    27     626    (-,-) 
  g662165/Y                                                  -       A->Y  R     INVx1_ASAP7_75t_R             5  2.6    26    21     647    (-,-) 
  g662109/Y                                                  -       A1->Y F     OAI221xp5_ASAP7_75t_R         4  2.4    42    24     671    (-,-) 
  g661792/Y                                                  -       B1->Y R     AOI221xp5_ASAP7_75t_R         1  0.5    28    20     691    (-,-) 
  g661589/Y                                                  -       A1->Y F     AOI31xp33_ASAP7_75t_R         1  0.6    24    14     704    (-,-) 
  g661428/Y                                                  -       C->Y  R     O2A1O1Ixp33_ASAP7_75t_R       1  0.5    23    16     720    (-,-) 
  g661233/Y                                                  -       A1->Y F     OAI221xp5_ASAP7_75t_R         1  0.6    22    13     733    (-,-) 
  g661031/Y                                                  -       B->Y  R     AOI21xp5_ASAP7_75t_R          1  0.6    19    13     746    (-,-) 
  g660969/Y                                                  -       A->Y  R     AND5x1_ASAP7_75t_R            1  0.6    16    32     778    (-,-) 
  g660835/Y                                                  -       A->Y  F     NAND4xp25_ASAP7_75t_R         3  2.3    56    30     809    (-,-) 
  g660771/Y                                                  -       B->Y  F     OR2x6_ASAP7_75t_R           162 95.1    96    78     886    (-,-) 
  g724256/Y                                                  -       A->Y  R     INVx2_ASAP7_75t_R             7  3.8    30    24     911    (-,-) 
  g660707/Y                                                  -       B->Y  F     NAND2xp5_ASAP7_75t_R          2  0.9    18    14     925    (-,-) 
  g660609/Y                                                  -       A->Y  F     OR2x2_ASAP7_75t_R            32 19.0    57    48     973    (-,-) 
  g660471/Y                                                  -       A2->Y R     OAI22xp5_ASAP7_75t_R          1  0.7    26    19     992    (-,-) 
  u_div_sub_159_34_Y_u_div_minus_135_27_g4361/Y              -       A->Y  F     INVx1_ASAP7_75t_R             2  1.0    11     9    1002    (-,-) 
  u_div_sub_159_34_Y_u_div_minus_135_27_g4346/Y              -       B->Y  R     NOR2xp33_ASAP7_75t_R          3  2.3    50    28    1029    (-,-) 
  u_div_sub_159_34_Y_u_div_minus_135_27_g4316/Y              -       A2->Y F     OAI21xp5_ASAP7_75t_R          2  1.6    27    20    1050    (-,-) 
  u_div_sub_159_34_Y_u_div_minus_135_27_g4314/Y              -       A->Y  F     MAJx2_ASAP7_75t_R             2  2.2    12    30    1080    (-,-) 
  u_div_sub_159_34_Y_u_div_minus_135_27_g4312/Y              -       A->Y  F     MAJx2_ASAP7_75t_R             2  2.2    12    26    1105    (-,-) 
  u_div_sub_159_34_Y_u_div_minus_135_27_g4310/Y              -       A->Y  F     MAJx2_ASAP7_75t_R             2  2.2    12    26    1131    (-,-) 
  u_div_sub_159_34_Y_u_div_minus_135_27_g4308/Y              -       A->Y  F     MAJx2_ASAP7_75t_R             2  2.2    12    26    1156    (-,-) 
  u_div_sub_159_34_Y_u_div_minus_135_27_g4306/Y              -       A->Y  F     MAJx2_ASAP7_75t_R             2  2.2    12    26    1182    (-,-) 
  u_div_sub_159_34_Y_u_div_minus_135_27_g4304/Y              -       A->Y  F     MAJx2_ASAP7_75t_R             2  2.2    12    26    1207    (-,-) 
  u_div_sub_159_34_Y_u_div_minus_135_27_g4302/Y              -       A->Y  F     MAJx2_ASAP7_75t_R             2  2.2    12    26    1233    (-,-) 
  u_div_sub_159_34_Y_u_div_minus_135_27_g4300/Y              -       A->Y  F     MAJx2_ASAP7_75t_R             2  2.2    12    26    1258    (-,-) 
  u_div_sub_159_34_Y_u_div_minus_135_27_g4298/Y              -       A->Y  F     MAJx2_ASAP7_75t_R             2  2.2    12    26    1284    (-,-) 
  u_div_sub_159_34_Y_u_div_minus_135_27_g4296/Y              -       A->Y  F     MAJx2_ASAP7_75t_R             2  2.2    12    26    1309    (-,-) 
  u_div_sub_159_34_Y_u_div_minus_135_27_g4294/Y              -       A->Y  F     MAJx2_ASAP7_75t_R             2  2.2    12    26    1335    (-,-) 
  u_div_sub_159_34_Y_u_div_minus_135_27_g4292/Y              -       A->Y  F     MAJx2_ASAP7_75t_R             2  2.2    12    26    1360    (-,-) 
  u_div_sub_159_34_Y_u_div_minus_135_27_g4290/Y              -       A->Y  F     MAJx2_ASAP7_75t_R             2  2.2    12    26    1386    (-,-) 
  u_div_sub_159_34_Y_u_div_minus_135_27_g4288/Y              -       A->Y  F     MAJx2_ASAP7_75t_R             2  2.2    12    26    1411    (-,-) 
  u_div_sub_159_34_Y_u_div_minus_135_27_g4286/Y              -       A->Y  F     MAJx2_ASAP7_75t_R             2  2.2    12    26    1437    (-,-) 
  u_div_sub_159_34_Y_u_div_minus_135_27_g4284/Y              -       A->Y  F     MAJx2_ASAP7_75t_R             2  2.2    12    26    1462    (-,-) 
  u_div_sub_159_34_Y_u_div_minus_135_27_g4282/Y              -       A->Y  F     MAJx2_ASAP7_75t_R             2  2.2    12    26    1488    (-,-) 
  u_div_sub_159_34_Y_u_div_minus_135_27_g4280/Y              -       A->Y  F     MAJx2_ASAP7_75t_R             2  2.2    12    26    1513    (-,-) 
  u_div_sub_159_34_Y_u_div_minus_135_27_g4278/Y              -       A->Y  F     MAJx2_ASAP7_75t_R             2  2.2    12    26    1539    (-,-) 
  u_div_sub_159_34_Y_u_div_minus_135_27_g4276/Y              -       A->Y  F     MAJx2_ASAP7_75t_R             2  2.2    12    26    1564    (-,-) 
  u_div_sub_159_34_Y_u_div_minus_135_27_g4274/Y              -       A->Y  F     MAJx2_ASAP7_75t_R             2  2.2    12    26    1590    (-,-) 
  u_div_sub_159_34_Y_u_div_minus_135_27_g4272/Y              -       A->Y  F     MAJx2_ASAP7_75t_R             2  2.2    12    26    1615    (-,-) 
  u_div_sub_159_34_Y_u_div_minus_135_27_g4270/Y              -       A->Y  F     MAJx2_ASAP7_75t_R             2  2.2    12    26    1641    (-,-) 
  u_div_sub_159_34_Y_u_div_minus_135_27_g4267/Y              -       A->Y  F     MAJx2_ASAP7_75t_R             2  2.2    12    26    1666    (-,-) 
  u_div_sub_159_34_Y_u_div_minus_135_27_g4265/Y              -       A->Y  F     MAJx2_ASAP7_75t_R             2  2.2    12    26    1692    (-,-) 
  u_div_sub_159_34_Y_u_div_minus_135_27_g4263/Y              -       A->Y  F     MAJx2_ASAP7_75t_R             2  2.2    12    26    1717    (-,-) 
  u_div_sub_159_34_Y_u_div_minus_135_27_g3089/Y              -       A->Y  R     MAJIxp5_ASAP7_75t_R           2  1.7    32    20    1737    (-,-) 
  u_div_sub_159_34_Y_u_div_minus_135_27_g3083/Y              -       B->Y  R     XOR2xp5_ASAP7_75t_R           1  1.1    23    26    1764    (-,-) 
  u_div_sub_159_34_Y_u_div_minus_135_27_g3080/Y              -       B->Y  R     XOR2xp5_ASAP7_75t_R           1  0.6    21    22    1785    (-,-) 
  u_div_sub_159_34_Y_u_div_minus_135_27_g3077/Y              -       A2->Y F     AOI22xp5_ASAP7_75t_R          1  0.6    34    12    1797    (-,-) 
  u_div_sub_159_34_Y_u_div_minus_135_27_retime_s409_32_reg/D -       -     F     ASYNC_DFFHx1_ASAP7_75t_R      1    -     -     0    1797    (-,-) 
#--------------------------------------------------------------------------------------------------------------------------------------------------



Path 7: MET (14 ps) Setup Check with Pin u_exec0_u_alu/retime_s416_56_reg/CLK->D
          Group: clk
     Startpoint: (F) mem_d_ack_i
          Clock: (R) clk
       Endpoint: (F) u_exec0_u_alu/retime_s416_56_reg/D
          Clock: (R) clk

                     Capture       Launch     
        Clock Edge:+    2000            0     
        Drv Adjust:+       0            0     
       Src Latency:+       0            0     
       Net Latency:+       0 (I)        0 (I) 
           Arrival:=    2000            0     
                                              
             Setup:-      -1                  
       Uncertainty:-     200                  
     Required Time:=    1801                  
      Launch Clock:-       0                  
       Input Delay:-     300                  
         Data Path:-    1487                  
             Slack:=      14                  

Exceptions/Constraints:
  input_delay             300             riscv_core.sdc_1_line_29_619_1 

#-------------------------------------------------------------------------------------------------------------------------------
#             Timing Point              Flags    Arc    Edge           Cell            Fanout Load Trans Delay Arrival Instance 
#                                                                                             (fF)  (ps)  (ps)   (ps)  Location 
#-------------------------------------------------------------------------------------------------------------------------------
  mem_d_ack_i                           -       -       F     (arrival)                     6  5.0     0     0     300    (-,-) 
  g623287/Y                             -       B->Y    R     NOR2x1p5_ASAP7_75t_R          2  1.8    16     7     307    (-,-) 
  g623234/Y                             -       A->Y    R     OR2x6_ASAP7_75t_R            10  5.8    12    22     329    (-,-) 
  g623201/Y                             -       B->Y    F     NOR2xp33_ASAP7_75t_R          3  1.7    35    20     350    (-,-) 
  g623182/Y                             -       B->Y    F     AO21x1_ASAP7_75t_R            3  2.1    14    25     374    (-,-) 
  g623141/Y                             -       A->Y    R     NOR2x1_ASAP7_75t_R            2  1.9    18    14     388    (-,-) 
  g623117/Y                             -       A->Y    F     NAND3x1_ASAP7_75t_R           3  2.8    23    15     403    (-,-) 
  g623091/Y                             -       A->Y    F     OR2x6_ASAP7_75t_R            31 19.5    25    37     440    (-,-) 
  g623090/Y                             -       A->Y    R     INVx2_ASAP7_75t_R            11  6.2    24    18     458    (-,-) 
  g623063/Y                             -       B2->Y   R     AO22x2_ASAP7_75t_R           24 12.4    41    37     495    (-,-) 
  g730027/Y                             -       B->Y    F     NOR2xp33_ASAP7_75t_R          4  2.3    45    35     530    (-,-) 
  g662877/Y                             -       B->Y    R     NAND2xp5_ASAP7_75t_R          4  1.9    32    26     556    (-,-) 
  g662682/Y                             -       B->Y    R     OR2x2_ASAP7_75t_R             7  4.2    19    28     584    (-,-) 
  g662599/Y                             -       B->Y    F     NOR2xp33_ASAP7_75t_R          3  1.8    48    24     608    (-,-) 
  g662454/Y                             -       A->Y    R     NOR3xp33_ASAP7_75t_R          2  1.3    42    31     639    (-,-) 
  g661916/Y                             -       A->Y    F     NAND3xp33_ASAP7_75t_R         2  1.8    39    28     667    (-,-) 
  g661896/Y                             -       A->Y    R     INVx1_ASAP7_75t_R             2  1.2    17    14     681    (-,-) 
  g661816/Y                             -       A->Y    F     NAND3xp33_ASAP7_75t_R         2  1.8    38    21     702    (-,-) 
  g661768/Y                             -       A->Y    R     INVx1_ASAP7_75t_R             2  1.2    17    14     716    (-,-) 
  g661718/Y                             -       A->Y    R     AND3x1_ASAP7_75t_R            9  5.7    44    39     754    (-,-) 
  g661677/Y                             -       A->Y    F     INVx2_ASAP7_75t_R            24 12.7    39    29     783    (-,-) 
  g661252/Y                             -       A1->Y   R     OAI221xp5_ASAP7_75t_R        10  5.2   103    61     845    (-,-) 
  g719271/Y                             -       A1->Y   R     AO221x1_ASAP7_75t_R          46 25.8   155   108     952    (-,-) 
  u_exec0_u_alu/g45569/Y                -       A->Y    F     INVx1_ASAP7_75t_R            39 23.5   140   104    1057    (-,-) 
  u_exec0_u_alu/sub_57_37_g3919__2346/Y -       C->Y    F     MAJx2_ASAP7_75t_R             2  2.2    15    48    1105    (-,-) 
  u_exec0_u_alu/sub_57_37_g3916__9315/Y -       A->Y    F     MAJx2_ASAP7_75t_R             2  2.2    13    26    1131    (-,-) 
  u_exec0_u_alu/sub_57_37_g3914__4733/Y -       A->Y    F     MAJx2_ASAP7_75t_R             2  1.6    11    24    1155    (-,-) 
  u_exec0_u_alu/sub_57_37_g3912__5115/Y -       A->Y    F     MAJx2_ASAP7_75t_R             2  1.6    11    24    1179    (-,-) 
  u_exec0_u_alu/sub_57_37_g3910__6131/Y -       A->Y    F     MAJx2_ASAP7_75t_R             2  2.2    13    25    1204    (-,-) 
  u_exec0_u_alu/sub_57_37_g3908__8246/Y -       A->Y    F     MAJx2_ASAP7_75t_R             2  1.6    11    24    1229    (-,-) 
  u_exec0_u_alu/sub_57_37_g3906__1705/Y -       A->Y    F     MAJx2_ASAP7_75t_R             2  1.6    11    24    1253    (-,-) 
  u_exec0_u_alu/sub_57_37_g3904__1617/Y -       A->Y    F     MAJx2_ASAP7_75t_R             2  1.6    11    24    1277    (-,-) 
  u_exec0_u_alu/sub_57_37_g3902__6783/Y -       A->Y    F     MAJx2_ASAP7_75t_R             2  1.6    11    24    1301    (-,-) 
  u_exec0_u_alu/sub_57_37_g3900__8428/Y -       A->Y    F     MAJx2_ASAP7_75t_R             2  2.2    13    25    1326    (-,-) 
  u_exec0_u_alu/sub_57_37_g3898__6260/Y -       A->Y    F     MAJx2_ASAP7_75t_R             2  1.6    11    24    1350    (-,-) 
  u_exec0_u_alu/sub_57_37_g3896__2398/Y -       A->Y    F     MAJx2_ASAP7_75t_R             2  1.6    11    24    1374    (-,-) 
  u_exec0_u_alu/sub_57_37_g3894__6417/Y -       A->Y    F     MAJx2_ASAP7_75t_R             2  2.2    12    25    1399    (-,-) 
  u_exec0_u_alu/sub_57_37_g3892__1666/Y -       A->Y    F     MAJx2_ASAP7_75t_R             2  2.2    12    26    1424    (-,-) 
  u_exec0_u_alu/sub_57_37_g3890__2883/Y -       A->Y    F     MAJx2_ASAP7_75t_R             2  1.6    11    24    1449    (-,-) 
  u_exec0_u_alu/sub_57_37_g3888__9315/Y -       A->Y    F     MAJx2_ASAP7_75t_R             2  1.6    11    24    1472    (-,-) 
  u_exec0_u_alu/sub_57_37_g3886__4733/Y -       A->Y    F     MAJx2_ASAP7_75t_R             2  1.6    11    24    1496    (-,-) 
  u_exec0_u_alu/sub_57_37_g3884__5115/Y -       A->Y    F     MAJx2_ASAP7_75t_R             1  1.6    11    24    1520    (-,-) 
  u_exec0_u_alu/g45625/CON              -       CI->CON R     FAx1_ASAP7_75t_R              1  0.3    27    14    1534    (-,-) 
  u_exec0_u_alu/g45626/Y                -       A->Y    F     INVxp33_ASAP7_75t_R           1  1.6    29    21    1556    (-,-) 
  u_exec0_u_alu/g45623/CON              -       CI->CON R     FAx1_ASAP7_75t_R              1  0.3    28    20    1576    (-,-) 
  u_exec0_u_alu/g4/Y                    -       A->Y    F     INVxp33_ASAP7_75t_R           1  2.0    34    25    1600    (-,-) 
  u_exec0_u_alu/g45629/CON              -       A->CON  R     FAx1_ASAP7_75t_R              1  0.7    32    24    1624    (-,-) 
  u_exec0_u_alu/g3/Y                    -       A->Y    F     INVx1_ASAP7_75t_R             2  2.2    18    14    1639    (-,-) 
  u_exec0_u_alu/sub_57_37_g3876__1617/Y -       A->Y    F     MAJx2_ASAP7_75t_R             2  1.6    11    26    1665    (-,-) 
  u_exec0_u_alu/sub_57_37_g3874__6783/Y -       A->Y    F     MAJx2_ASAP7_75t_R             2  1.6    11    24    1688    (-,-) 
  u_exec0_u_alu/sub_57_37_g3872__8428/Y -       A->Y    R     MAJIxp5_ASAP7_75t_R           2  1.5    32    18    1707    (-,-) 
  u_exec0_u_alu/sub_57_37_g3870__6260/Y -       A->Y    R     MAJx2_ASAP7_75t_R             2  1.5    13    27    1734    (-,-) 
  u_exec0_u_alu/sub_57_37_g3867__5477/Y -       A->Y    R     MAJx2_ASAP7_75t_R             2  1.7    12    22    1756    (-,-) 
  u_exec0_u_alu/sub_57_37_g3863__2346/Y -       B->Y    R     XOR2xp5_ASAP7_75t_R           1  0.6    20    19    1775    (-,-) 
  u_exec0_u_alu/g39694__2802/Y          -       A2->Y   F     AOI22xp5_ASAP7_75t_R          1  0.6    48    12    1787    (-,-) 
  u_exec0_u_alu/retime_s416_56_reg/D    -       -       F     ASYNC_DFFHx1_ASAP7_75t_R      1    -     -     0    1787    (-,-) 
#-------------------------------------------------------------------------------------------------------------------------------



Path 8: MET (14 ps) Setup Check with Pin u_issue_add_243_22_Y_u_issue_add_241_22_retime_s36_2_reg/CLK->D
          Group: clk
     Startpoint: (R) mem_d_ack_i
          Clock: (R) clk
       Endpoint: (R) u_issue_add_243_22_Y_u_issue_add_241_22_retime_s36_2_reg/D
          Clock: (R) clk

                     Capture       Launch     
        Clock Edge:+    2000            0     
        Drv Adjust:+       0            0     
       Src Latency:+       0            0     
       Net Latency:+       0 (I)        0 (I) 
           Arrival:=    2000            0     
                                              
             Setup:-       5                  
       Uncertainty:-     200                  
     Required Time:=    1795                  
      Launch Clock:-       0                  
       Input Delay:-     300                  
         Data Path:-    1481                  
             Slack:=      14                  

Exceptions/Constraints:
  input_delay             300             riscv_core.sdc_1_line_29_619_1 

#---------------------------------------------------------------------------------------------------------------------------------------------------
#                       Timing Point                         Flags    Arc   Edge           Cell            Fanout Load Trans Delay Arrival Instance 
#                                                                                                                 (fF)  (ps)  (ps)   (ps)  Location 
#---------------------------------------------------------------------------------------------------------------------------------------------------
  mem_d_ack_i                                                -       -      R     (arrival)                     6  5.0     0     0     300    (-,-) 
  g623287/Y                                                  -       B->Y   F     NOR2x1p5_ASAP7_75t_R          2  1.8    16     6     306    (-,-) 
  g623253/Y                                                  -       A->Y   R     INVx1_ASAP7_75t_R             3  1.9    15    12     317    (-,-) 
  g662649/Y                                                  -       A1->Y  R     OA222x2_ASAP7_75t_R         118 67.6   206   118     436    (-,-) 
  g662543/Y                                                  -       B->Y   F     NAND2xp5_ASAP7_75t_R          2  1.3    48    33     469    (-,-) 
  g662516/Y                                                  -       A->Y   R     INVx1_ASAP7_75t_R             3  1.8    22    18     487    (-,-) 
  g662474/Y                                                  -       B->Y   R     AND2x2_ASAP7_75t_R            5  3.0    15    25     512    (-,-) 
  g662419/Y                                                  -       B->Y   F     NAND2xp5_ASAP7_75t_R          6  3.1    34    22     533    (-,-) 
  g662400/Y                                                  -       A->Y   R     INVx1_ASAP7_75t_R             3  1.3    16    14     547    (-,-) 
  g662330/Y                                                  -       A1->Y  F     AOI22xp33_ASAP7_75t_R         1  0.5    21    11     558    (-,-) 
  g662230/Y                                                  -       C->Y   R     OAI221xp5_ASAP7_75t_R         1  0.5    30    13     571    (-,-) 
  g662193/Y                                                  -       C->Y   F     AOI221xp5_ASAP7_75t_R         1  0.5    26    13     583    (-,-) 
  g662147/Y                                                  -       C->Y   R     OAI221xp5_ASAP7_75t_R         1  0.6    30    14     598    (-,-) 
  g662056/Y                                                  -       C->Y   F     O2A1O1Ixp33_ASAP7_75t_R       2  1.1    22    15     613    (-,-) 
  g661915/Y                                                  -       B->Y   R     NOR3xp33_ASAP7_75t_R          2  1.2    35    24     636    (-,-) 
  g661818/Y                                                  -       B->Y   F     NAND2xp5_ASAP7_75t_R          2  1.1    20    17     653    (-,-) 
  g661720/Y                                                  -       B->Y   R     NOR2xp33_ASAP7_75t_R         14  8.6   174    88     741    (-,-) 
  g661678/Y                                                  -       A->Y   F     INVx2_ASAP7_75t_R            19 11.2    61    46     787    (-,-) 
  g661340/Y                                                  -       A2->Y  R     OAI211xp5_ASAP7_75t_R         1  0.5    28    23     809    (-,-) 
  g661216/Y                                                  -       B->Y   F     AOI21xp33_ASAP7_75t_R         1  0.5    29     9     818    (-,-) 
  g661110/Y                                                  -       C->Y   R     OAI221xp5_ASAP7_75t_R         6  3.0    73    26     845    (-,-) 
  g660995/Y                                                  -       B->Y   F     NOR2xp33_ASAP7_75t_R          3  1.6    42    37     882    (-,-) 
  g660814/Y                                                  -       B->Y   R     NOR2xp33_ASAP7_75t_R          1  0.6    25    20     902    (-,-) 
  g660781/Y                                                  -       A->Y   F     NAND3xp33_ASAP7_75t_R         1  0.6    20    15     916    (-,-) 
  g660696/Y                                                  -       A->Y   R     NOR4xp25_ASAP7_75t_R          1  0.5    34    19     936    (-,-) 
  g660616/Y                                                  -       A->Y   F     NAND5xp2_ASAP7_75t_R          1  0.6    34    22     958    (-,-) 
  g660470/Y                                                  -       A->Y   R     NOR5xp2_ASAP7_75t_R           1  0.6    46    27     986    (-,-) 
  g660419/Y                                                  -       D->Y   R     AND4x1_ASAP7_75t_R            3  1.7    20    34    1020    (-,-) 
  g660415/Y                                                  -       B->Y   F     AOI21xp5_ASAP7_75t_R          1  0.6    19     9    1029    (-,-) 
  g660410/Y                                                  -       B->Y   F     AO21x1_ASAP7_75t_R            1  0.6     8    18    1047    (-,-) 
  g660370/Y                                                  -       B->Y   F     OA21x2_ASAP7_75t_R            1  0.6     7    12    1059    (-,-) 
  g660364/Y                                                  -       B2->Y  R     OAI321xp33_ASAP7_75t_R        3  1.7    48    22    1081    (-,-) 
  g660362/Y                                                  -       B->Y   F     NAND2xp5_ASAP7_75t_R         11  6.6    81    48    1129    (-,-) 
  g660360/Y                                                  -       B->Y   R     NAND2xp5_ASAP7_75t_R          2  1.7    38    33    1161    (-,-) 
  g660355/Y                                                  -       A->Y   R     OR3x1_ASAP7_75t_R             2  1.3    13    20    1181    (-,-) 
  g619868/Y                                                  -       A->Y   F     INVx1_ASAP7_75t_R             1  1.0     8     7    1189    (-,-) 
  g730563/CON                                                -       B->CON R     HAxp5_ASAP7_75t_R             1  0.6    20    11    1199    (-,-) 
  u_issue_add_243_22_Y_u_issue_add_241_22_g1669/Y            -       B->Y   F     OAI21xp5_ASAP7_75t_R          2  1.6    24    14    1214    (-,-) 
  u_issue_add_243_22_Y_u_issue_add_241_22_g1667/Y            -       B->Y   R     NAND2xp5_ASAP7_75t_R          2  0.8    16    14    1228    (-,-) 
  u_issue_add_243_22_Y_u_issue_add_241_22_g1665/Y            -       B->Y   F     NOR2xp33_ASAP7_75t_R          3  1.9    36    23    1251    (-,-) 
  u_issue_add_243_22_Y_u_issue_add_241_22_g1663/Y            -       A->Y   R     NAND2xp33_ASAP7_75t_R         2  0.8    28    24    1275    (-,-) 
  u_issue_add_243_22_Y_u_issue_add_241_22_g1661/Y            -       B->Y   F     NOR2xp33_ASAP7_75t_R          3  2.1    39    29    1304    (-,-) 
  u_issue_add_243_22_Y_u_issue_add_241_22_g1659/Y            -       B->Y   R     NAND2xp5_ASAP7_75t_R          2  0.8    19    18    1322    (-,-) 
  u_issue_add_243_22_Y_u_issue_add_241_22_g1657/Y            -       B->Y   F     NOR2xp33_ASAP7_75t_R          3  2.1    39    26    1348    (-,-) 
  u_issue_add_243_22_Y_u_issue_add_241_22_g1655/Y            -       B->Y   R     NAND2xp5_ASAP7_75t_R          2  1.0    21    19    1367    (-,-) 
  u_issue_add_243_22_Y_u_issue_add_241_22_g1653/Y            -       B->Y   F     NOR2xp33_ASAP7_75t_R          3  2.0    38    26    1392    (-,-) 
  u_issue_add_243_22_Y_u_issue_add_241_22_g1651/Y            -       A->Y   R     NAND2xp33_ASAP7_75t_R         2  1.0    32    27    1419    (-,-) 
  u_issue_add_243_22_Y_u_issue_add_241_22_g1649/Y            -       B->Y   F     NOR2xp33_ASAP7_75t_R          3  2.2    41    31    1450    (-,-) 
  u_issue_add_243_22_Y_u_issue_add_241_22_g1647/Y            -       B->Y   R     NAND2xp5_ASAP7_75t_R          2  1.0    22    19    1470    (-,-) 
  u_issue_add_243_22_Y_u_issue_add_241_22_g1645/Y            -       B->Y   F     NOR2xp33_ASAP7_75t_R          3  2.2    41    28    1497    (-,-) 
  u_issue_add_243_22_Y_u_issue_add_241_22_g1643/Y            -       B->Y   R     NAND2xp5_ASAP7_75t_R          2  1.0    22    19    1517    (-,-) 
  u_issue_add_243_22_Y_u_issue_add_241_22_g1641/Y            -       B->Y   F     NOR2xp33_ASAP7_75t_R          3  2.0    38    26    1543    (-,-) 
  u_issue_add_243_22_Y_u_issue_add_241_22_g1639/Y            -       A->Y   R     NAND2xp33_ASAP7_75t_R         2  1.0    32    27    1570    (-,-) 
  u_issue_add_243_22_Y_u_issue_add_241_22_g1637/Y            -       B->Y   F     NOR2xp33_ASAP7_75t_R          3  2.2    41    31    1601    (-,-) 
  u_issue_add_243_22_Y_u_issue_add_241_22_g1635/Y            -       B->Y   R     NAND2xp5_ASAP7_75t_R          2  1.0    22    19    1620    (-,-) 
  u_issue_add_243_22_Y_u_issue_add_241_22_g1633/Y            -       B->Y   F     NOR2xp33_ASAP7_75t_R          3  2.2    41    28    1648    (-,-) 
  u_issue_add_243_22_Y_u_issue_add_241_22_g1631/Y            -       B->Y   R     NAND2xp5_ASAP7_75t_R          2  1.0    22    19    1667    (-,-) 
  u_issue_add_243_22_Y_u_issue_add_241_22_g1629/Y            -       B->Y   F     NOR2xp33_ASAP7_75t_R          3  2.2    41    28    1694    (-,-) 
  u_issue_add_243_22_Y_u_issue_add_241_22_g1627/Y            -       B->Y   R     NAND2xp5_ASAP7_75t_R          2  1.0    22    19    1714    (-,-) 
  u_issue_add_243_22_Y_u_issue_add_241_22_g1625/Y            -       B->Y   F     NOR2xp33_ASAP7_75t_R          3  1.7    33    24    1737    (-,-) 
  u_issue_add_243_22_Y_u_issue_add_241_22_g1623/Y            -       B->Y   R     NAND2xp5_ASAP7_75t_R          3  1.6    25    21    1758    (-,-) 
  u_issue_add_243_22_Y_u_issue_add_241_22_g1162/Y            -       A->Y   F     INVxp67_ASAP7_75t_R           1  0.5    10     8    1767    (-,-) 
  u_issue_add_243_22_Y_u_issue_add_241_22_g1104/Y            -       A1->Y  R     AOI32xp33_ASAP7_75t_R         1  0.6    46    14    1781    (-,-) 
  u_issue_add_243_22_Y_u_issue_add_241_22_retime_s36_2_reg/D -       -      R     ASYNC_DFFHx1_ASAP7_75t_R      1    -     -     0    1781    (-,-) 
#---------------------------------------------------------------------------------------------------------------------------------------------------



Path 9: MET (14 ps) Setup Check with Pin u_exec0_u_alu/sub_57_37_retime_s416_50_reg/CLK->D
          Group: clk
     Startpoint: (F) mem_d_ack_i
          Clock: (R) clk
       Endpoint: (R) u_exec0_u_alu/sub_57_37_retime_s416_50_reg/D
          Clock: (R) clk

                     Capture       Launch     
        Clock Edge:+    2000            0     
        Drv Adjust:+       0            0     
       Src Latency:+       0            0     
       Net Latency:+       0 (I)        0 (I) 
           Arrival:=    2000            0     
                                              
             Setup:-       5                  
       Uncertainty:-     200                  
     Required Time:=    1795                  
      Launch Clock:-       0                  
       Input Delay:-     300                  
         Data Path:-    1481                  
             Slack:=      14                  

Exceptions/Constraints:
  input_delay             300             riscv_core.sdc_1_line_29_619_1 

#--------------------------------------------------------------------------------------------------------------------------------------
#                Timing Point                  Flags    Arc    Edge           Cell            Fanout Load Trans Delay Arrival Instance 
#                                                                                                    (fF)  (ps)  (ps)   (ps)  Location 
#--------------------------------------------------------------------------------------------------------------------------------------
  mem_d_ack_i                                  -       -       F     (arrival)                     6  5.0     0     0     300    (-,-) 
  g623287/Y                                    -       B->Y    R     NOR2x1p5_ASAP7_75t_R          2  1.8    16     7     307    (-,-) 
  g623234/Y                                    -       A->Y    R     OR2x6_ASAP7_75t_R            10  5.8    12    22     329    (-,-) 
  g623201/Y                                    -       B->Y    F     NOR2xp33_ASAP7_75t_R          3  1.7    35    20     350    (-,-) 
  g623182/Y                                    -       B->Y    F     AO21x1_ASAP7_75t_R            3  2.1    14    25     374    (-,-) 
  g623141/Y                                    -       A->Y    R     NOR2x1_ASAP7_75t_R            2  1.9    18    14     388    (-,-) 
  g623117/Y                                    -       A->Y    F     NAND3x1_ASAP7_75t_R           3  2.8    23    15     403    (-,-) 
  g623091/Y                                    -       A->Y    F     OR2x6_ASAP7_75t_R            31 19.5    25    37     440    (-,-) 
  g623090/Y                                    -       A->Y    R     INVx2_ASAP7_75t_R            11  6.2    24    18     458    (-,-) 
  g623063/Y                                    -       B2->Y   R     AO22x2_ASAP7_75t_R           24 12.4    41    37     495    (-,-) 
  g730027/Y                                    -       B->Y    F     NOR2xp33_ASAP7_75t_R          4  2.3    45    35     530    (-,-) 
  g662877/Y                                    -       B->Y    R     NAND2xp5_ASAP7_75t_R          4  1.9    32    26     556    (-,-) 
  g662682/Y                                    -       B->Y    R     OR2x2_ASAP7_75t_R             7  4.2    19    28     584    (-,-) 
  g662599/Y                                    -       B->Y    F     NOR2xp33_ASAP7_75t_R          3  1.8    48    24     608    (-,-) 
  g662454/Y                                    -       A->Y    R     NOR3xp33_ASAP7_75t_R          2  1.3    42    31     639    (-,-) 
  g661916/Y                                    -       A->Y    F     NAND3xp33_ASAP7_75t_R         2  1.8    39    28     667    (-,-) 
  g661896/Y                                    -       A->Y    R     INVx1_ASAP7_75t_R             2  1.2    17    14     681    (-,-) 
  g661816/Y                                    -       A->Y    F     NAND3xp33_ASAP7_75t_R         2  1.8    38    21     702    (-,-) 
  g661768/Y                                    -       A->Y    R     INVx1_ASAP7_75t_R             2  1.2    17    14     716    (-,-) 
  g661718/Y                                    -       A->Y    R     AND3x1_ASAP7_75t_R            9  5.7    44    39     754    (-,-) 
  g661677/Y                                    -       A->Y    F     INVx2_ASAP7_75t_R            24 12.7    39    29     783    (-,-) 
  g661252/Y                                    -       A1->Y   R     OAI221xp5_ASAP7_75t_R        10  5.2   103    61     845    (-,-) 
  g719271/Y                                    -       A1->Y   R     AO221x1_ASAP7_75t_R          46 25.8   155   108     952    (-,-) 
  u_exec0_u_alu/g45569/Y                       -       A->Y    F     INVx1_ASAP7_75t_R            39 23.5   140   104    1057    (-,-) 
  u_exec0_u_alu/sub_57_37_g3919__2346/Y        -       C->Y    F     MAJx2_ASAP7_75t_R             2  2.2    15    48    1105    (-,-) 
  u_exec0_u_alu/sub_57_37_g3916__9315/Y        -       A->Y    F     MAJx2_ASAP7_75t_R             2  2.2    13    26    1131    (-,-) 
  u_exec0_u_alu/sub_57_37_g3914__4733/Y        -       A->Y    F     MAJx2_ASAP7_75t_R             2  1.6    11    24    1155    (-,-) 
  u_exec0_u_alu/sub_57_37_g3912__5115/Y        -       A->Y    F     MAJx2_ASAP7_75t_R             2  1.6    11    24    1179    (-,-) 
  u_exec0_u_alu/sub_57_37_g3910__6131/Y        -       A->Y    F     MAJx2_ASAP7_75t_R             2  2.2    13    25    1204    (-,-) 
  u_exec0_u_alu/sub_57_37_g3908__8246/Y        -       A->Y    F     MAJx2_ASAP7_75t_R             2  1.6    11    24    1229    (-,-) 
  u_exec0_u_alu/sub_57_37_g3906__1705/Y        -       A->Y    F     MAJx2_ASAP7_75t_R             2  1.6    11    24    1253    (-,-) 
  u_exec0_u_alu/sub_57_37_g3904__1617/Y        -       A->Y    F     MAJx2_ASAP7_75t_R             2  1.6    11    24    1277    (-,-) 
  u_exec0_u_alu/sub_57_37_g3902__6783/Y        -       A->Y    F     MAJx2_ASAP7_75t_R             2  1.6    11    24    1301    (-,-) 
  u_exec0_u_alu/sub_57_37_g3900__8428/Y        -       A->Y    F     MAJx2_ASAP7_75t_R             2  2.2    13    25    1326    (-,-) 
  u_exec0_u_alu/sub_57_37_g3898__6260/Y        -       A->Y    F     MAJx2_ASAP7_75t_R             2  1.6    11    24    1350    (-,-) 
  u_exec0_u_alu/sub_57_37_g3896__2398/Y        -       A->Y    F     MAJx2_ASAP7_75t_R             2  1.6    11    24    1374    (-,-) 
  u_exec0_u_alu/sub_57_37_g3894__6417/Y        -       A->Y    F     MAJx2_ASAP7_75t_R             2  2.2    12    25    1399    (-,-) 
  u_exec0_u_alu/sub_57_37_g3892__1666/Y        -       A->Y    F     MAJx2_ASAP7_75t_R             2  2.2    12    26    1424    (-,-) 
  u_exec0_u_alu/sub_57_37_g3890__2883/Y        -       A->Y    F     MAJx2_ASAP7_75t_R             2  1.6    11    24    1449    (-,-) 
  u_exec0_u_alu/sub_57_37_g3888__9315/Y        -       A->Y    F     MAJx2_ASAP7_75t_R             2  1.6    11    24    1472    (-,-) 
  u_exec0_u_alu/sub_57_37_g3886__4733/Y        -       A->Y    F     MAJx2_ASAP7_75t_R             2  1.6    11    24    1496    (-,-) 
  u_exec0_u_alu/sub_57_37_g3884__5115/Y        -       A->Y    F     MAJx2_ASAP7_75t_R             1  1.6    11    24    1520    (-,-) 
  u_exec0_u_alu/g45625/CON                     -       CI->CON R     FAx1_ASAP7_75t_R              1  0.3    27    14    1534    (-,-) 
  u_exec0_u_alu/g45626/Y                       -       A->Y    F     INVxp33_ASAP7_75t_R           1  1.6    29    21    1556    (-,-) 
  u_exec0_u_alu/g45623/CON                     -       CI->CON R     FAx1_ASAP7_75t_R              1  0.3    28    20    1576    (-,-) 
  u_exec0_u_alu/g4/Y                           -       A->Y    F     INVxp33_ASAP7_75t_R           1  2.0    34    25    1600    (-,-) 
  u_exec0_u_alu/g45629/CON                     -       A->CON  R     FAx1_ASAP7_75t_R              1  0.7    32    24    1624    (-,-) 
  u_exec0_u_alu/g3/Y                           -       A->Y    F     INVx1_ASAP7_75t_R             2  2.2    18    14    1639    (-,-) 
  u_exec0_u_alu/sub_57_37_g3876__1617/Y        -       A->Y    F     MAJx2_ASAP7_75t_R             2  1.6    11    26    1665    (-,-) 
  u_exec0_u_alu/sub_57_37_g3874__6783/Y        -       A->Y    F     MAJx2_ASAP7_75t_R             2  1.6    11    24    1688    (-,-) 
  u_exec0_u_alu/sub_57_37_g3872__8428/Y        -       A->Y    R     MAJIxp5_ASAP7_75t_R           2  1.5    32    18    1707    (-,-) 
  u_exec0_u_alu/sub_57_37_g3870__6260/Y        -       A->Y    R     MAJx2_ASAP7_75t_R             2  1.5    13    27    1734    (-,-) 
  u_exec0_u_alu/sub_57_37_g3867__5477/Y        -       A->Y    R     MAJx2_ASAP7_75t_R             2  1.7    12    22    1756    (-,-) 
  u_exec0_u_alu/sub_57_37_g2670__7410/Y        -       A->Y    F     MAJIxp5_ASAP7_75t_R           1  0.6    28    11    1767    (-,-) 
  u_exec0_u_alu/sub_57_37_g2666__1666/Y        -       A2->Y   R     AOI22xp5_ASAP7_75t_R          1  0.6    47    14    1781    (-,-) 
  u_exec0_u_alu/sub_57_37_retime_s416_50_reg/D -       -       R     ASYNC_DFFHx1_ASAP7_75t_R      1    -     -     0    1781    (-,-) 
#--------------------------------------------------------------------------------------------------------------------------------------



Path 10: MET (16 ps) Setup Check with Pin u_div_dividend_q_reg[28]/CLK->D
          Group: clk
     Startpoint: (R) mem_d_ack_i
          Clock: (R) clk
       Endpoint: (R) u_div_dividend_q_reg[28]/D
          Clock: (R) clk

                     Capture       Launch     
        Clock Edge:+    2000            0     
        Drv Adjust:+       0            0     
       Src Latency:+       0            0     
       Net Latency:+       0 (I)        0 (I) 
           Arrival:=    2000            0     
                                              
             Setup:-       5                  
       Uncertainty:-     200                  
     Required Time:=    1795                  
      Launch Clock:-       0                  
       Input Delay:-     300                  
         Data Path:-    1479                  
             Slack:=      16                  

Exceptions/Constraints:
  input_delay             300             riscv_core.sdc_1_line_29_619_1 

#--------------------------------------------------------------------------------------------------------------------------------------
#                 Timing Point                  Flags    Arc   Edge           Cell            Fanout Load Trans Delay Arrival Instance 
#                                                                                                    (fF)  (ps)  (ps)   (ps)  Location 
#--------------------------------------------------------------------------------------------------------------------------------------
  mem_d_ack_i                                   -       -      R     (arrival)                     6  5.0     0     0     300    (-,-) 
  g623287/Y                                     -       B->Y   F     NOR2x1p5_ASAP7_75t_R          2  1.8    16     6     306    (-,-) 
  g623234/Y                                     -       A->Y   F     OR2x6_ASAP7_75t_R            10  5.8    12    27     332    (-,-) 
  g623201/Y                                     -       B->Y   R     NOR2xp33_ASAP7_75t_R          3  1.7    40    23     355    (-,-) 
  g623182/Y                                     -       B->Y   R     AO21x1_ASAP7_75t_R            3  1.9    15    20     376    (-,-) 
  g623141/Y                                     -       A->Y   F     NOR2x1_ASAP7_75t_R            2  1.9    16    14     390    (-,-) 
  g623117/Y                                     -       A->Y   R     NAND3x1_ASAP7_75t_R           3  2.8    32    19     408    (-,-) 
  g623091/Y                                     -       A->Y   R     OR2x6_ASAP7_75t_R            31 19.4    28    35     443    (-,-) 
  g663371/Y                                     -       A->Y   F     INVx3_ASAP7_75t_R            44 26.1    47    30     474    (-,-) 
  g662645/Y                                     -       A2->Y  R     OAI22xp5_ASAP7_75t_R          3  1.4    32    23     497    (-,-) 
  g662496/Y                                     -       C->Y   F     NAND4xp25_ASAP7_75t_R         1  0.6    27    19     516    (-,-) 
  g662365/Y                                     -       A2->Y  R     OAI22xp5_ASAP7_75t_R          6  3.9    54    32     549    (-,-) 
  g662340/Y                                     -       A->Y   F     INVx2_ASAP7_75t_R             8  4.1    21    16     566    (-,-) 
  g662279/Y                                     -       A->Y   R     NOR3xp33_ASAP7_75t_R          4  2.4    57    34     599    (-,-) 
  g662183/Y                                     -       A1->Y  F     OAI31xp33_ASAP7_75t_R         4  2.2    44    27     626    (-,-) 
  g662165/Y                                     -       A->Y   R     INVx1_ASAP7_75t_R             5  2.6    26    21     647    (-,-) 
  g662109/Y                                     -       A1->Y  F     OAI221xp5_ASAP7_75t_R         4  2.4    42    24     671    (-,-) 
  g661792/Y                                     -       B1->Y  R     AOI221xp5_ASAP7_75t_R         1  0.5    28    20     691    (-,-) 
  g661589/Y                                     -       A1->Y  F     AOI31xp33_ASAP7_75t_R         1  0.6    24    14     704    (-,-) 
  g661428/Y                                     -       C->Y   R     O2A1O1Ixp33_ASAP7_75t_R       1  0.5    23    16     720    (-,-) 
  g661233/Y                                     -       A1->Y  F     OAI221xp5_ASAP7_75t_R         1  0.6    22    13     733    (-,-) 
  g661031/Y                                     -       B->Y   R     AOI21xp5_ASAP7_75t_R          1  0.6    19    13     746    (-,-) 
  g660969/Y                                     -       A->Y   R     AND5x1_ASAP7_75t_R            1  0.6    16    32     778    (-,-) 
  g660835/Y                                     -       A->Y   F     NAND4xp25_ASAP7_75t_R         3  2.3    56    30     809    (-,-) 
  g660771/Y                                     -       B->Y   F     OR2x6_ASAP7_75t_R           162 95.1    96    78     886    (-,-) 
  g724256/Y                                     -       A->Y   R     INVx2_ASAP7_75t_R             7  3.8    30    24     911    (-,-) 
  g660707/Y                                     -       B->Y   F     NAND2xp5_ASAP7_75t_R          2  0.9    18    14     925    (-,-) 
  g660609/Y                                     -       A->Y   F     OR2x2_ASAP7_75t_R            32 19.0    57    48     973    (-,-) 
  g660471/Y                                     -       A2->Y  R     OAI22xp5_ASAP7_75t_R          1  0.7    26    19     992    (-,-) 
  u_div_sub_159_34_Y_u_div_minus_135_27_g4361/Y -       A->Y   F     INVx1_ASAP7_75t_R             2  1.0    11     9    1002    (-,-) 
  u_div_sub_159_34_Y_u_div_minus_135_27_g4346/Y -       B->Y   R     NOR2xp33_ASAP7_75t_R          3  2.3    50    28    1029    (-,-) 
  u_div_sub_159_34_Y_u_div_minus_135_27_g4316/Y -       A2->Y  F     OAI21xp5_ASAP7_75t_R          2  1.6    27    20    1050    (-,-) 
  u_div_sub_159_34_Y_u_div_minus_135_27_g4314/Y -       A->Y   F     MAJx2_ASAP7_75t_R             2  2.2    12    30    1080    (-,-) 
  u_div_sub_159_34_Y_u_div_minus_135_27_g4312/Y -       A->Y   F     MAJx2_ASAP7_75t_R             2  2.2    12    26    1105    (-,-) 
  u_div_sub_159_34_Y_u_div_minus_135_27_g4310/Y -       A->Y   F     MAJx2_ASAP7_75t_R             2  2.2    12    26    1131    (-,-) 
  u_div_sub_159_34_Y_u_div_minus_135_27_g4308/Y -       A->Y   F     MAJx2_ASAP7_75t_R             2  2.2    12    26    1156    (-,-) 
  u_div_sub_159_34_Y_u_div_minus_135_27_g4306/Y -       A->Y   F     MAJx2_ASAP7_75t_R             2  2.2    12    26    1182    (-,-) 
  u_div_sub_159_34_Y_u_div_minus_135_27_g4304/Y -       A->Y   F     MAJx2_ASAP7_75t_R             2  2.2    12    26    1207    (-,-) 
  u_div_sub_159_34_Y_u_div_minus_135_27_g4302/Y -       A->Y   F     MAJx2_ASAP7_75t_R             2  2.2    12    26    1233    (-,-) 
  u_div_sub_159_34_Y_u_div_minus_135_27_g4300/Y -       A->Y   F     MAJx2_ASAP7_75t_R             2  2.2    12    26    1258    (-,-) 
  u_div_sub_159_34_Y_u_div_minus_135_27_g4298/Y -       A->Y   F     MAJx2_ASAP7_75t_R             2  2.2    12    26    1284    (-,-) 
  u_div_sub_159_34_Y_u_div_minus_135_27_g4296/Y -       A->Y   F     MAJx2_ASAP7_75t_R             2  2.2    12    26    1309    (-,-) 
  u_div_sub_159_34_Y_u_div_minus_135_27_g4294/Y -       A->Y   F     MAJx2_ASAP7_75t_R             2  2.2    12    26    1335    (-,-) 
  u_div_sub_159_34_Y_u_div_minus_135_27_g4292/Y -       A->Y   F     MAJx2_ASAP7_75t_R             2  2.2    12    26    1360    (-,-) 
  u_div_sub_159_34_Y_u_div_minus_135_27_g4290/Y -       A->Y   F     MAJx2_ASAP7_75t_R             2  2.2    12    26    1386    (-,-) 
  u_div_sub_159_34_Y_u_div_minus_135_27_g4288/Y -       A->Y   F     MAJx2_ASAP7_75t_R             2  2.2    12    26    1411    (-,-) 
  u_div_sub_159_34_Y_u_div_minus_135_27_g4286/Y -       A->Y   F     MAJx2_ASAP7_75t_R             2  2.2    12    26    1437    (-,-) 
  u_div_sub_159_34_Y_u_div_minus_135_27_g4284/Y -       A->Y   F     MAJx2_ASAP7_75t_R             2  2.2    12    26    1462    (-,-) 
  u_div_sub_159_34_Y_u_div_minus_135_27_g4282/Y -       A->Y   F     MAJx2_ASAP7_75t_R             2  2.2    12    26    1488    (-,-) 
  u_div_sub_159_34_Y_u_div_minus_135_27_g4280/Y -       A->Y   F     MAJx2_ASAP7_75t_R             2  2.2    12    26    1513    (-,-) 
  u_div_sub_159_34_Y_u_div_minus_135_27_g4278/Y -       A->Y   F     MAJx2_ASAP7_75t_R             2  2.2    12    26    1539    (-,-) 
  u_div_sub_159_34_Y_u_div_minus_135_27_g4276/Y -       A->Y   F     MAJx2_ASAP7_75t_R             2  2.2    12    26    1564    (-,-) 
  u_div_sub_159_34_Y_u_div_minus_135_27_g4274/Y -       A->Y   F     MAJx2_ASAP7_75t_R             2  2.2    12    26    1590    (-,-) 
  u_div_sub_159_34_Y_u_div_minus_135_27_g4272/Y -       A->Y   F     MAJx2_ASAP7_75t_R             2  2.2    12    26    1615    (-,-) 
  u_div_sub_159_34_Y_u_div_minus_135_27_g4270/Y -       A->Y   F     MAJx2_ASAP7_75t_R             2  2.2    12    26    1641    (-,-) 
  u_div_sub_159_34_Y_u_div_minus_135_27_g4267/Y -       A->Y   F     MAJx2_ASAP7_75t_R             2  2.2    12    26    1666    (-,-) 
  u_div_sub_159_34_Y_u_div_minus_135_27_g4265/Y -       A->Y   F     MAJx2_ASAP7_75t_R             2  2.2    12    26    1692    (-,-) 
  u_div_sub_159_34_Y_u_div_minus_135_27_g4263/Y -       A->Y   F     MAJx2_ASAP7_75t_R             2  2.2    12    26    1717    (-,-) 
  g730272/SN                                    -       CI->SN F     FAx1_ASAP7_75t_R              1  0.5    22    29    1746    (-,-) 
  g691606/Y                                     -       B2->Y  F     AO22x1_ASAP7_75t_R            1  0.6    12    22    1768    (-,-) 
  g689121/Y                                     -       A2->Y  R     AOI22xp5_ASAP7_75t_R          1  0.6    42    11    1779    (-,-) 
  u_div_dividend_q_reg[28]/D                    -       -      R     ASYNC_DFFHx1_ASAP7_75t_R      1    -     -     0    1779    (-,-) 
#--------------------------------------------------------------------------------------------------------------------------------------



Path 11: MET (18 ps) Setup Check with Pin u_lsu_mem_addr_q_reg[26]/CLK->D
          Group: clk
     Startpoint: (R) mem_d_ack_i
          Clock: (R) clk
       Endpoint: (F) u_lsu_mem_addr_q_reg[26]/D
          Clock: (R) clk

                     Capture       Launch     
        Clock Edge:+    2000            0     
        Drv Adjust:+       0            0     
       Src Latency:+       0            0     
       Net Latency:+       0 (I)        0 (I) 
           Arrival:=    2000            0     
                                              
             Setup:-       1                  
       Uncertainty:-     200                  
     Required Time:=    1799                  
      Launch Clock:-       0                  
       Input Delay:-     300                  
         Data Path:-    1481                  
             Slack:=      18                  

Exceptions/Constraints:
  input_delay             300             riscv_core.sdc_1_line_29_619_1 

#------------------------------------------------------------------------------------------------------------------
#       Timing Point         Flags   Arc   Edge           Cell            Fanout Load Trans Delay Arrival Instance 
#                                                                                (fF)  (ps)  (ps)   (ps)  Location 
#------------------------------------------------------------------------------------------------------------------
  mem_d_ack_i                -       -     R     (arrival)                     6  5.0     0     0     300    (-,-) 
  g623287/Y                  -       B->Y  F     NOR2x1p5_ASAP7_75t_R          2  1.8    16     6     306    (-,-) 
  g623234/Y                  -       A->Y  F     OR2x6_ASAP7_75t_R            10  5.8    12    27     332    (-,-) 
  g623201/Y                  -       B->Y  R     NOR2xp33_ASAP7_75t_R          3  1.7    40    23     355    (-,-) 
  g623182/Y                  -       B->Y  R     AO21x1_ASAP7_75t_R            3  1.9    15    20     376    (-,-) 
  g623141/Y                  -       A->Y  F     NOR2x1_ASAP7_75t_R            2  1.9    16    14     390    (-,-) 
  g623117/Y                  -       A->Y  R     NAND3x1_ASAP7_75t_R           3  2.8    32    19     408    (-,-) 
  g623091/Y                  -       A->Y  R     OR2x6_ASAP7_75t_R            31 19.4    28    35     443    (-,-) 
  g663371/Y                  -       A->Y  F     INVx3_ASAP7_75t_R            44 26.1    47    30     474    (-,-) 
  g662645/Y                  -       A2->Y R     OAI22xp5_ASAP7_75t_R          3  1.4    32    23     497    (-,-) 
  g662496/Y                  -       C->Y  F     NAND4xp25_ASAP7_75t_R         1  0.6    27    19     516    (-,-) 
  g662365/Y                  -       A2->Y R     OAI22xp5_ASAP7_75t_R          6  3.9    54    32     549    (-,-) 
  g662340/Y                  -       A->Y  F     INVx2_ASAP7_75t_R             8  4.1    21    16     566    (-,-) 
  g662279/Y                  -       A->Y  R     NOR3xp33_ASAP7_75t_R          4  2.4    57    34     599    (-,-) 
  g662183/Y                  -       A1->Y F     OAI31xp33_ASAP7_75t_R         4  2.2    44    27     626    (-,-) 
  g662165/Y                  -       A->Y  R     INVx1_ASAP7_75t_R             5  2.6    26    21     647    (-,-) 
  g662109/Y                  -       A1->Y F     OAI221xp5_ASAP7_75t_R         4  2.4    42    24     671    (-,-) 
  g661792/Y                  -       B1->Y R     AOI221xp5_ASAP7_75t_R         1  0.5    28    20     691    (-,-) 
  g661589/Y                  -       A1->Y F     AOI31xp33_ASAP7_75t_R         1  0.6    24    14     704    (-,-) 
  g661428/Y                  -       C->Y  R     O2A1O1Ixp33_ASAP7_75t_R       1  0.5    23    16     720    (-,-) 
  g661233/Y                  -       A1->Y F     OAI221xp5_ASAP7_75t_R         1  0.6    22    13     733    (-,-) 
  g661031/Y                  -       B->Y  R     AOI21xp5_ASAP7_75t_R          1  0.6    19    13     746    (-,-) 
  g660969/Y                  -       A->Y  R     AND5x1_ASAP7_75t_R            1  0.6    16    32     778    (-,-) 
  g660835/Y                  -       A->Y  F     NAND4xp25_ASAP7_75t_R         3  2.3    56    30     809    (-,-) 
  g660770/Y                  -       B->Y  F     OR2x2_ASAP7_75t_R            20 10.6    34    46     855    (-,-) 
  g660713/Y                  -       A->Y  F     OR5x2_ASAP7_75t_R            39 21.3    71    82     937    (-,-) 
  g660610/Y                  -       B->Y  R     NOR2x1_ASAP7_75t_R           28 15.9   117    75    1012    (-,-) 
  g660594/Y                  -       A->Y  F     INVx1_ASAP7_75t_R            26 15.1    94    70    1082    (-,-) 
  g660519/Y                  -       B2->Y R     OAI22xp5_ASAP7_75t_R          5  2.5    55    43    1125    (-,-) 
  g660430/Y                  -       B->Y  F     NOR2xp33_ASAP7_75t_R          2  1.3    34    30    1154    (-,-) 
  g660425/Y                  -       B->Y  R     NAND2xp5_ASAP7_75t_R          3  1.5    31    21    1175    (-,-) 
  g660423/Y                  -       A->Y  R     OR5x1_ASAP7_75t_R             2  1.0    12    22    1197    (-,-) 
  g660402/Y                  -       A2->Y F     A2O1A1Ixp33_ASAP7_75t_R       5  3.2    66    27    1224    (-,-) 
  g660396/Y                  -       A1->Y R     OAI221xp5_ASAP7_75t_R         2  1.2    46    38    1262    (-,-) 
  ADD_UNS_OP1145_g4561/Y     -       B->Y  F     NAND2xp5_ASAP7_75t_R          3  2.2    33    26    1288    (-,-) 
  ADD_UNS_OP1145_g4508/Y     -       A1->Y F     AO21x1_ASAP7_75t_R            2  1.6    12    24    1312    (-,-) 
  ADD_UNS_OP1145_g4502/Y     -       A2->Y F     AO21x1_ASAP7_75t_R            2  1.6    12    18    1330    (-,-) 
  ADD_UNS_OP1145_g4498/Y     -       A2->Y F     AO21x1_ASAP7_75t_R            2  1.6    12    18    1348    (-,-) 
  ADD_UNS_OP1145_g4494/Y     -       A2->Y F     AO21x1_ASAP7_75t_R            2  1.6    12    18    1366    (-,-) 
  ADD_UNS_OP1145_g4491/Y     -       A2->Y F     AO21x1_ASAP7_75t_R            2  1.6    12    18    1384    (-,-) 
  ADD_UNS_OP1145_g4489/Y     -       A2->Y F     AO21x1_ASAP7_75t_R            2  1.6    12    18    1402    (-,-) 
  ADD_UNS_OP1145_g4487/Y     -       A2->Y F     AO21x1_ASAP7_75t_R            2  1.6    12    18    1420    (-,-) 
  ADD_UNS_OP1145_g4485/Y     -       A2->Y F     AO21x1_ASAP7_75t_R            2  1.6    12    18    1438    (-,-) 
  ADD_UNS_OP1145_g4483/Y     -       A2->Y R     OAI21xp5_ASAP7_75t_R          2  1.7    26    16    1453    (-,-) 
  ADD_UNS_OP1145_g4481/Y     -       A->Y  F     MAJIxp5_ASAP7_75t_R           2  1.6    33    20    1473    (-,-) 
  ADD_UNS_OP1145_g4478/Y     -       A2->Y F     AO21x1_ASAP7_75t_R            2  1.6    12    22    1496    (-,-) 
  ADD_UNS_OP1145_g4476/Y     -       A2->Y F     OA21x2_ASAP7_75t_R            2  1.6     9    19    1515    (-,-) 
  ADD_UNS_OP1145_g4474/Y     -       A2->Y F     AO21x1_ASAP7_75t_R            2  1.6    12    17    1532    (-,-) 
  ADD_UNS_OP1145_g4472/Y     -       A2->Y F     AO21x1_ASAP7_75t_R            2  1.6    12    18    1550    (-,-) 
  ADD_UNS_OP1145_g4470/Y     -       A2->Y F     AO21x1_ASAP7_75t_R            2  1.6    12    18    1568    (-,-) 
  ADD_UNS_OP1145_g4468/Y     -       A2->Y F     AO21x1_ASAP7_75t_R            2  1.6    12    18    1586    (-,-) 
  ADD_UNS_OP1145_g4466/Y     -       A2->Y F     AO21x1_ASAP7_75t_R            2  1.6    12    18    1604    (-,-) 
  ADD_UNS_OP1145_g4464/Y     -       A2->Y F     AO21x1_ASAP7_75t_R            2  1.6    12    18    1622    (-,-) 
  ADD_UNS_OP1145_g4462/Y     -       A2->Y F     AO21x1_ASAP7_75t_R            2  1.6    12    18    1640    (-,-) 
  ADD_UNS_OP1145_g4460/Y     -       A2->Y F     AO21x1_ASAP7_75t_R            2  1.6    12    18    1658    (-,-) 
  ADD_UNS_OP1145_g4458/Y     -       A2->Y F     AO21x1_ASAP7_75t_R            2  1.6    12    18    1676    (-,-) 
  ADD_UNS_OP1145_g4456/Y     -       A2->Y F     AO21x1_ASAP7_75t_R            2  1.6    12    18    1693    (-,-) 
  ADD_UNS_OP1145_g4454/Y     -       A2->Y F     AO21x1_ASAP7_75t_R            2  1.6    12    18    1711    (-,-) 
  ADD_UNS_OP1145_g4452/Y     -       A2->Y F     AO21x1_ASAP7_75t_R            2  1.6    12    18    1729    (-,-) 
  ADD_UNS_OP1145_g4450/Y     -       A2->Y R     OAI21xp5_ASAP7_75t_R          2  1.7    30    16    1745    (-,-) 
  ADD_UNS_OP1145_g4449/Y     -       B->Y  R     XOR2xp5_ASAP7_75t_R           1  0.5    17    22    1767    (-,-) 
  g690536/Y                  -       A1->Y F     AOI32xp33_ASAP7_75t_R         1  0.6    58    13    1781    (-,-) 
  u_lsu_mem_addr_q_reg[26]/D -       -     F     ASYNC_DFFHx1_ASAP7_75t_R      1    -     -     0    1781    (-,-) 
#------------------------------------------------------------------------------------------------------------------



Path 12: MET (21 ps) Setup Check with Pin retime_s312_2_reg/CLK->D
          Group: clk
     Startpoint: (R) mem_d_ack_i
          Clock: (R) clk
       Endpoint: (F) retime_s312_2_reg/D
          Clock: (R) clk

                     Capture       Launch     
        Clock Edge:+    2000            0     
        Drv Adjust:+       0            0     
       Src Latency:+       0            0     
       Net Latency:+       0 (I)        0 (I) 
           Arrival:=    2000            0     
                                              
             Setup:-      -3                  
       Uncertainty:-     200                  
     Required Time:=    1803                  
      Launch Clock:-       0                  
       Input Delay:-     300                  
         Data Path:-    1481                  
             Slack:=      21                  

Exceptions/Constraints:
  input_delay             300             riscv_core.sdc_1_line_29_619_1 

#----------------------------------------------------------------------------------------------------------------------------------------
#                  Timing Point                   Flags    Arc   Edge           Cell            Fanout Load Trans Delay Arrival Instance 
#                                                                                                      (fF)  (ps)  (ps)   (ps)  Location 
#----------------------------------------------------------------------------------------------------------------------------------------
  mem_d_ack_i                                     -       -      R     (arrival)                     6  5.0     0     0     300    (-,-) 
  g623287/Y                                       -       B->Y   F     NOR2x1p5_ASAP7_75t_R          2  1.8    16     6     306    (-,-) 
  g623253/Y                                       -       A->Y   R     INVx1_ASAP7_75t_R             3  1.9    15    12     317    (-,-) 
  g662649/Y                                       -       A1->Y  R     OA222x2_ASAP7_75t_R         118 67.6   206   118     436    (-,-) 
  g662543/Y                                       -       B->Y   F     NAND2xp5_ASAP7_75t_R          2  1.3    48    33     469    (-,-) 
  g662516/Y                                       -       A->Y   R     INVx1_ASAP7_75t_R             3  1.8    22    18     487    (-,-) 
  g662474/Y                                       -       B->Y   R     AND2x2_ASAP7_75t_R            5  3.0    15    25     512    (-,-) 
  g662419/Y                                       -       B->Y   F     NAND2xp5_ASAP7_75t_R          6  3.1    34    22     533    (-,-) 
  g662400/Y                                       -       A->Y   R     INVx1_ASAP7_75t_R             3  1.3    16    14     547    (-,-) 
  g662330/Y                                       -       A1->Y  F     AOI22xp33_ASAP7_75t_R         1  0.5    21    11     558    (-,-) 
  g662230/Y                                       -       C->Y   R     OAI221xp5_ASAP7_75t_R         1  0.5    30    13     571    (-,-) 
  g662193/Y                                       -       C->Y   F     AOI221xp5_ASAP7_75t_R         1  0.5    26    13     583    (-,-) 
  g662147/Y                                       -       C->Y   R     OAI221xp5_ASAP7_75t_R         1  0.6    30    14     598    (-,-) 
  g662056/Y                                       -       C->Y   F     O2A1O1Ixp33_ASAP7_75t_R       2  1.1    22    15     613    (-,-) 
  g661915/Y                                       -       B->Y   R     NOR3xp33_ASAP7_75t_R          2  1.2    35    24     636    (-,-) 
  g661818/Y                                       -       B->Y   F     NAND2xp5_ASAP7_75t_R          2  1.1    20    17     653    (-,-) 
  g661720/Y                                       -       B->Y   R     NOR2xp33_ASAP7_75t_R         14  8.6   174    88     741    (-,-) 
  g661678/Y                                       -       A->Y   F     INVx2_ASAP7_75t_R            19 11.2    61    46     787    (-,-) 
  g661340/Y                                       -       A2->Y  R     OAI211xp5_ASAP7_75t_R         1  0.5    28    23     809    (-,-) 
  g661216/Y                                       -       B->Y   F     AOI21xp33_ASAP7_75t_R         1  0.5    29     9     818    (-,-) 
  g661110/Y                                       -       C->Y   R     OAI221xp5_ASAP7_75t_R         6  3.0    73    26     845    (-,-) 
  g660995/Y                                       -       B->Y   F     NOR2xp33_ASAP7_75t_R          3  1.6    42    37     882    (-,-) 
  g660814/Y                                       -       B->Y   R     NOR2xp33_ASAP7_75t_R          1  0.6    25    20     902    (-,-) 
  g660781/Y                                       -       A->Y   F     NAND3xp33_ASAP7_75t_R         1  0.6    20    15     916    (-,-) 
  g660696/Y                                       -       A->Y   R     NOR4xp25_ASAP7_75t_R          1  0.5    34    19     936    (-,-) 
  g660616/Y                                       -       A->Y   F     NAND5xp2_ASAP7_75t_R          1  0.6    34    22     958    (-,-) 
  g660470/Y                                       -       A->Y   R     NOR5xp2_ASAP7_75t_R           1  0.6    46    27     986    (-,-) 
  g660419/Y                                       -       D->Y   R     AND4x1_ASAP7_75t_R            3  1.7    20    34    1020    (-,-) 
  g660415/Y                                       -       B->Y   F     AOI21xp5_ASAP7_75t_R          1  0.6    19     9    1029    (-,-) 
  g660410/Y                                       -       B->Y   F     AO21x1_ASAP7_75t_R            1  0.6     8    18    1047    (-,-) 
  g660370/Y                                       -       B->Y   F     OA21x2_ASAP7_75t_R            1  0.6     7    12    1059    (-,-) 
  g660364/Y                                       -       B2->Y  R     OAI321xp33_ASAP7_75t_R        3  1.7    48    22    1081    (-,-) 
  g660362/Y                                       -       B->Y   F     NAND2xp5_ASAP7_75t_R         11  6.6    81    48    1129    (-,-) 
  g660360/Y                                       -       B->Y   R     NAND2xp5_ASAP7_75t_R          2  1.7    38    33    1161    (-,-) 
  g660355/Y                                       -       A->Y   R     OR3x1_ASAP7_75t_R             2  1.3    13    20    1181    (-,-) 
  g619868/Y                                       -       A->Y   F     INVx1_ASAP7_75t_R             1  1.0     8     7    1189    (-,-) 
  g730563/CON                                     -       B->CON R     HAxp5_ASAP7_75t_R             1  0.6    20    11    1199    (-,-) 
  u_issue_add_243_22_Y_u_issue_add_241_22_g1669/Y -       B->Y   F     OAI21xp5_ASAP7_75t_R          2  1.6    24    14    1214    (-,-) 
  u_issue_add_243_22_Y_u_issue_add_241_22_g1667/Y -       B->Y   R     NAND2xp5_ASAP7_75t_R          2  0.8    16    14    1228    (-,-) 
  u_issue_add_243_22_Y_u_issue_add_241_22_g1665/Y -       B->Y   F     NOR2xp33_ASAP7_75t_R          3  1.9    36    23    1251    (-,-) 
  u_issue_add_243_22_Y_u_issue_add_241_22_g1663/Y -       A->Y   R     NAND2xp33_ASAP7_75t_R         2  0.8    28    24    1275    (-,-) 
  u_issue_add_243_22_Y_u_issue_add_241_22_g1661/Y -       B->Y   F     NOR2xp33_ASAP7_75t_R          3  2.1    39    29    1304    (-,-) 
  u_issue_add_243_22_Y_u_issue_add_241_22_g1659/Y -       B->Y   R     NAND2xp5_ASAP7_75t_R          2  0.8    19    18    1322    (-,-) 
  u_issue_add_243_22_Y_u_issue_add_241_22_g1657/Y -       B->Y   F     NOR2xp33_ASAP7_75t_R          3  2.1    39    26    1348    (-,-) 
  u_issue_add_243_22_Y_u_issue_add_241_22_g1655/Y -       B->Y   R     NAND2xp5_ASAP7_75t_R          2  1.0    21    19    1367    (-,-) 
  u_issue_add_243_22_Y_u_issue_add_241_22_g1653/Y -       B->Y   F     NOR2xp33_ASAP7_75t_R          3  2.0    38    26    1392    (-,-) 
  u_issue_add_243_22_Y_u_issue_add_241_22_g1651/Y -       A->Y   R     NAND2xp33_ASAP7_75t_R         2  1.0    32    27    1419    (-,-) 
  u_issue_add_243_22_Y_u_issue_add_241_22_g1649/Y -       B->Y   F     NOR2xp33_ASAP7_75t_R          3  2.2    41    31    1450    (-,-) 
  u_issue_add_243_22_Y_u_issue_add_241_22_g1647/Y -       B->Y   R     NAND2xp5_ASAP7_75t_R          2  1.0    22    19    1470    (-,-) 
  u_issue_add_243_22_Y_u_issue_add_241_22_g1645/Y -       B->Y   F     NOR2xp33_ASAP7_75t_R          3  2.2    41    28    1497    (-,-) 
  u_issue_add_243_22_Y_u_issue_add_241_22_g1643/Y -       B->Y   R     NAND2xp5_ASAP7_75t_R          2  1.0    22    19    1517    (-,-) 
  u_issue_add_243_22_Y_u_issue_add_241_22_g1641/Y -       B->Y   F     NOR2xp33_ASAP7_75t_R          3  2.0    38    26    1543    (-,-) 
  u_issue_add_243_22_Y_u_issue_add_241_22_g1639/Y -       A->Y   R     NAND2xp33_ASAP7_75t_R         2  1.0    32    27    1570    (-,-) 
  u_issue_add_243_22_Y_u_issue_add_241_22_g1637/Y -       B->Y   F     NOR2xp33_ASAP7_75t_R          3  2.2    41    31    1601    (-,-) 
  u_issue_add_243_22_Y_u_issue_add_241_22_g1635/Y -       B->Y   R     NAND2xp5_ASAP7_75t_R          2  1.0    22    19    1620    (-,-) 
  u_issue_add_243_22_Y_u_issue_add_241_22_g1633/Y -       B->Y   F     NOR2xp33_ASAP7_75t_R          3  2.2    41    28    1648    (-,-) 
  u_issue_add_243_22_Y_u_issue_add_241_22_g1631/Y -       B->Y   R     NAND2xp5_ASAP7_75t_R          2  1.0    22    19    1667    (-,-) 
  u_issue_add_243_22_Y_u_issue_add_241_22_g1629/Y -       B->Y   F     NOR2xp33_ASAP7_75t_R          3  2.2    41    28    1694    (-,-) 
  u_issue_add_243_22_Y_u_issue_add_241_22_g1627/Y -       B->Y   R     NAND2xp5_ASAP7_75t_R          2  1.0    22    19    1714    (-,-) 
  u_issue_add_243_22_Y_u_issue_add_241_22_g1625/Y -       B->Y   F     NOR2xp33_ASAP7_75t_R          3  1.7    33    24    1737    (-,-) 
  g730075/Y                                       -       B->Y   F     AO21x1_ASAP7_75t_R            1  0.6     7    20    1757    (-,-) 
  g722348/Y                                       -       A2->Y  R     OAI21xp5_ASAP7_75t_R          2  1.3    28    12    1770    (-,-) 
  g691850/Y                                       -       B2->Y  F     AOI22xp5_ASAP7_75t_R          1  0.6    36    12    1781    (-,-) 
  retime_s312_2_reg/D                             -       -      F     ASYNC_DFFHx1_ASAP7_75t_R      1    -     -     0    1781    (-,-) 
#----------------------------------------------------------------------------------------------------------------------------------------



Path 13: MET (23 ps) Setup Check with Pin u_exec0_u_alu/retime_s416_49_reg/CLK->D
          Group: clk
     Startpoint: (F) mem_d_ack_i
          Clock: (R) clk
       Endpoint: (R) u_exec0_u_alu/retime_s416_49_reg/D
          Clock: (R) clk

                     Capture       Launch     
        Clock Edge:+    2000            0     
        Drv Adjust:+       0            0     
       Src Latency:+       0            0     
       Net Latency:+       0 (I)        0 (I) 
           Arrival:=    2000            0     
                                              
             Setup:-       5                  
       Uncertainty:-     200                  
     Required Time:=    1795                  
      Launch Clock:-       0                  
       Input Delay:-     300                  
         Data Path:-    1472                  
             Slack:=      23                  

Exceptions/Constraints:
  input_delay             300             riscv_core.sdc_1_line_29_619_1 

#-------------------------------------------------------------------------------------------------------------------------------
#             Timing Point              Flags    Arc    Edge           Cell            Fanout Load Trans Delay Arrival Instance 
#                                                                                             (fF)  (ps)  (ps)   (ps)  Location 
#-------------------------------------------------------------------------------------------------------------------------------
  mem_d_ack_i                           -       -       F     (arrival)                     6  5.0     0     0     300    (-,-) 
  g623287/Y                             -       B->Y    R     NOR2x1p5_ASAP7_75t_R          2  1.8    16     7     307    (-,-) 
  g623234/Y                             -       A->Y    R     OR2x6_ASAP7_75t_R            10  5.8    12    22     329    (-,-) 
  g623201/Y                             -       B->Y    F     NOR2xp33_ASAP7_75t_R          3  1.7    35    20     350    (-,-) 
  g623182/Y                             -       B->Y    F     AO21x1_ASAP7_75t_R            3  2.1    14    25     374    (-,-) 
  g623141/Y                             -       A->Y    R     NOR2x1_ASAP7_75t_R            2  1.9    18    14     388    (-,-) 
  g623117/Y                             -       A->Y    F     NAND3x1_ASAP7_75t_R           3  2.8    23    15     403    (-,-) 
  g623091/Y                             -       A->Y    F     OR2x6_ASAP7_75t_R            31 19.5    25    37     440    (-,-) 
  g623090/Y                             -       A->Y    R     INVx2_ASAP7_75t_R            11  6.2    24    18     458    (-,-) 
  g623063/Y                             -       B2->Y   R     AO22x2_ASAP7_75t_R           24 12.4    41    37     495    (-,-) 
  g730027/Y                             -       B->Y    F     NOR2xp33_ASAP7_75t_R          4  2.3    45    35     530    (-,-) 
  g662877/Y                             -       B->Y    R     NAND2xp5_ASAP7_75t_R          4  1.9    32    26     556    (-,-) 
  g662682/Y                             -       B->Y    R     OR2x2_ASAP7_75t_R             7  4.2    19    28     584    (-,-) 
  g662599/Y                             -       B->Y    F     NOR2xp33_ASAP7_75t_R          3  1.8    48    24     608    (-,-) 
  g662454/Y                             -       A->Y    R     NOR3xp33_ASAP7_75t_R          2  1.3    42    31     639    (-,-) 
  g661916/Y                             -       A->Y    F     NAND3xp33_ASAP7_75t_R         2  1.8    39    28     667    (-,-) 
  g661896/Y                             -       A->Y    R     INVx1_ASAP7_75t_R             2  1.2    17    14     681    (-,-) 
  g661816/Y                             -       A->Y    F     NAND3xp33_ASAP7_75t_R         2  1.8    38    21     702    (-,-) 
  g661768/Y                             -       A->Y    R     INVx1_ASAP7_75t_R             2  1.2    17    14     716    (-,-) 
  g661718/Y                             -       A->Y    R     AND3x1_ASAP7_75t_R            9  5.7    44    39     754    (-,-) 
  g661677/Y                             -       A->Y    F     INVx2_ASAP7_75t_R            24 12.7    39    29     783    (-,-) 
  g661252/Y                             -       A1->Y   R     OAI221xp5_ASAP7_75t_R        10  5.2   103    61     845    (-,-) 
  g719271/Y                             -       A1->Y   R     AO221x1_ASAP7_75t_R          46 25.8   155   108     952    (-,-) 
  u_exec0_u_alu/g45569/Y                -       A->Y    F     INVx1_ASAP7_75t_R            39 23.5   140   104    1057    (-,-) 
  u_exec0_u_alu/sub_57_37_g3919__2346/Y -       C->Y    F     MAJx2_ASAP7_75t_R             2  2.2    15    48    1105    (-,-) 
  u_exec0_u_alu/sub_57_37_g3916__9315/Y -       A->Y    F     MAJx2_ASAP7_75t_R             2  2.2    13    26    1131    (-,-) 
  u_exec0_u_alu/sub_57_37_g3914__4733/Y -       A->Y    F     MAJx2_ASAP7_75t_R             2  1.6    11    24    1155    (-,-) 
  u_exec0_u_alu/sub_57_37_g3912__5115/Y -       A->Y    F     MAJx2_ASAP7_75t_R             2  1.6    11    24    1179    (-,-) 
  u_exec0_u_alu/sub_57_37_g3910__6131/Y -       A->Y    F     MAJx2_ASAP7_75t_R             2  2.2    13    25    1204    (-,-) 
  u_exec0_u_alu/sub_57_37_g3908__8246/Y -       A->Y    F     MAJx2_ASAP7_75t_R             2  1.6    11    24    1229    (-,-) 
  u_exec0_u_alu/sub_57_37_g3906__1705/Y -       A->Y    F     MAJx2_ASAP7_75t_R             2  1.6    11    24    1253    (-,-) 
  u_exec0_u_alu/sub_57_37_g3904__1617/Y -       A->Y    F     MAJx2_ASAP7_75t_R             2  1.6    11    24    1277    (-,-) 
  u_exec0_u_alu/sub_57_37_g3902__6783/Y -       A->Y    F     MAJx2_ASAP7_75t_R             2  1.6    11    24    1301    (-,-) 
  u_exec0_u_alu/sub_57_37_g3900__8428/Y -       A->Y    F     MAJx2_ASAP7_75t_R             2  2.2    13    25    1326    (-,-) 
  u_exec0_u_alu/sub_57_37_g3898__6260/Y -       A->Y    F     MAJx2_ASAP7_75t_R             2  1.6    11    24    1350    (-,-) 
  u_exec0_u_alu/sub_57_37_g3896__2398/Y -       A->Y    F     MAJx2_ASAP7_75t_R             2  1.6    11    24    1374    (-,-) 
  u_exec0_u_alu/sub_57_37_g3894__6417/Y -       A->Y    F     MAJx2_ASAP7_75t_R             2  2.2    12    25    1399    (-,-) 
  u_exec0_u_alu/sub_57_37_g3892__1666/Y -       A->Y    F     MAJx2_ASAP7_75t_R             2  2.2    12    26    1424    (-,-) 
  u_exec0_u_alu/sub_57_37_g3890__2883/Y -       A->Y    F     MAJx2_ASAP7_75t_R             2  1.6    11    24    1449    (-,-) 
  u_exec0_u_alu/sub_57_37_g3888__9315/Y -       A->Y    F     MAJx2_ASAP7_75t_R             2  1.6    11    24    1472    (-,-) 
  u_exec0_u_alu/sub_57_37_g3886__4733/Y -       A->Y    F     MAJx2_ASAP7_75t_R             2  1.6    11    24    1496    (-,-) 
  u_exec0_u_alu/sub_57_37_g3884__5115/Y -       A->Y    F     MAJx2_ASAP7_75t_R             1  1.6    11    24    1520    (-,-) 
  u_exec0_u_alu/g45625/CON              -       CI->CON R     FAx1_ASAP7_75t_R              1  0.3    27    14    1534    (-,-) 
  u_exec0_u_alu/g45626/Y                -       A->Y    F     INVxp33_ASAP7_75t_R           1  1.6    29    21    1556    (-,-) 
  u_exec0_u_alu/g45623/CON              -       CI->CON R     FAx1_ASAP7_75t_R              1  0.3    28    20    1576    (-,-) 
  u_exec0_u_alu/g4/Y                    -       A->Y    F     INVxp33_ASAP7_75t_R           1  2.0    34    25    1600    (-,-) 
  u_exec0_u_alu/g45629/CON              -       A->CON  R     FAx1_ASAP7_75t_R              1  0.7    32    24    1624    (-,-) 
  u_exec0_u_alu/g3/Y                    -       A->Y    F     INVx1_ASAP7_75t_R             2  2.2    18    14    1639    (-,-) 
  u_exec0_u_alu/sub_57_37_g3876__1617/Y -       A->Y    F     MAJx2_ASAP7_75t_R             2  1.6    11    26    1665    (-,-) 
  u_exec0_u_alu/sub_57_37_g3874__6783/Y -       A->Y    F     MAJx2_ASAP7_75t_R             2  1.6    11    24    1688    (-,-) 
  u_exec0_u_alu/sub_57_37_g3872__8428/Y -       A->Y    R     MAJIxp5_ASAP7_75t_R           2  1.5    32    18    1707    (-,-) 
  u_exec0_u_alu/sub_57_37_g3868__2398/Y -       B->Y    R     XNOR2xp5_ASAP7_75t_R          1  0.9    24    21    1728    (-,-) 
  u_exec0_u_alu/sub_57_37_g3866__6417/Y -       B->Y    R     XNOR2xp5_ASAP7_75t_R          1  0.4    26    18    1745    (-,-) 
  u_exec0_u_alu/g39718__2398/Y          -       A->Y    F     NAND2xp33_ASAP7_75t_R         1  0.6    29    12    1758    (-,-) 
  u_exec0_u_alu/g39678__9945/Y          -       A2->Y   R     AOI22xp5_ASAP7_75t_R          1  0.6    47    14    1772    (-,-) 
  u_exec0_u_alu/retime_s416_49_reg/D    -       -       R     ASYNC_DFFHx1_ASAP7_75t_R      1    -     -     0    1772    (-,-) 
#-------------------------------------------------------------------------------------------------------------------------------



Path 14: MET (26 ps) Setup Check with Pin retime_s20_1_reg/CLK->D
          Group: clk
     Startpoint: (R) u_mul_mul_123_68_retime_s328_7_reg/CLK
          Clock: (R) clk
       Endpoint: (F) retime_s20_1_reg/D
          Clock: (R) clk

                     Capture       Launch     
        Clock Edge:+    2000            0     
       Src Latency:+       0            0     
       Net Latency:+       0 (I)        0 (I) 
           Arrival:=    2000            0     
                                              
             Setup:-      -1                  
       Uncertainty:-     200                  
     Required Time:=    1801                  
      Launch Clock:-       0                  
         Data Path:-    1774                  
             Slack:=      26                  

#--------------------------------------------------------------------------------------------------------------------------------
#             Timing Point               Flags    Arc    Edge           Cell            Fanout Load Trans Delay Arrival Instance 
#                                                                                              (fF)  (ps)  (ps)   (ps)  Location 
#--------------------------------------------------------------------------------------------------------------------------------
  u_mul_mul_123_68_retime_s328_7_reg/CLK -       -       R     (arrival)                  9929    -   100     0       0    (-,-) 
  u_mul_mul_123_68_retime_s328_7_reg/QN  -       CLK->QN R     ASYNC_DFFHx1_ASAP7_75t_R     34 19.5   122   111     111    (-,-) 
  u_mul_mul_123_68_g141115/Y             -       A->Y    F     INVx1_ASAP7_75t_R             4  2.7    36    26     137    (-,-) 
  u_mul_mul_123_68_g193237/Y             -       A->Y    F     XOR2x2_ASAP7_75t_R           22 12.8    40    49     186    (-,-) 
  u_mul_mul_123_68_g192893/Y             -       B->Y    R     NOR2xp33_ASAP7_75t_R         20 11.8   237   123     310    (-,-) 
  u_mul_mul_123_68_g192783/Y             -       B->Y    F     NAND2xp5_ASAP7_75t_R          7  3.8    84    63     373    (-,-) 
  u_mul_mul_123_68_g192037/Y             -       A1->Y   R     OAI221xp5_ASAP7_75t_R         2  1.7    58    47     420    (-,-) 
  u_mul_mul_123_68_g191558/Y             -       B->Y    R     XOR2xp5_ASAP7_75t_R           2  1.6    36    33     453    (-,-) 
  u_mul_mul_123_68_g191110/Y             -       B->Y    R     XOR2xp5_ASAP7_75t_R           1  0.9    28    26     478    (-,-) 
  u_mul_mul_123_68_g190890/Y             -       B->Y    R     XNOR2xp5_ASAP7_75t_R          2  1.5    32    22     501    (-,-) 
  u_mul_mul_123_68_g190638/Y             -       B->Y    R     XNOR2xp5_ASAP7_75t_R          3  1.6    32    23     524    (-,-) 
  u_mul_mul_123_68_g190478/Y             -       B->Y    F     NOR2xp33_ASAP7_75t_R          1  0.6    20    17     541    (-,-) 
  u_mul_mul_123_68_g190076/Y             -       A1->Y   R     OAI21xp5_ASAP7_75t_R          2  1.7    25    17     558    (-,-) 
  u_mul_mul_123_68_g190028/Y             -       A->Y    F     MAJIxp5_ASAP7_75t_R           2  1.7    28    20     578    (-,-) 
  u_mul_mul_123_68_g190015/Y             -       A->Y    R     INVx1_ASAP7_75t_R             1  0.6    11     9     588    (-,-) 
  u_mul_mul_123_68_g189974/Y             -       A1->Y   F     AOI21xp5_ASAP7_75t_R          2  1.6    20    13     601    (-,-) 
  u_mul_mul_123_68_g189950/Y             -       A->Y    R     MAJIxp5_ASAP7_75t_R           2  1.7    34    23     623    (-,-) 
  u_mul_mul_123_68_g189940/Y             -       A1->Y   F     AOI21xp5_ASAP7_75t_R          2  1.6    24    18     642    (-,-) 
  u_mul_mul_123_68_g189939/Y             -       A->Y    R     MAJIxp5_ASAP7_75t_R           2  1.7    34    24     666    (-,-) 
  u_mul_mul_123_68_g189936/Y             -       A1->Y   F     AOI21xp5_ASAP7_75t_R          2  1.6    24    19     684    (-,-) 
  u_mul_mul_123_68_g189935/Y             -       A->Y    R     MAJIxp5_ASAP7_75t_R           2  1.8    35    25     709    (-,-) 
  u_mul_mul_123_68_g189934/Y             -       A->Y    F     INVx1_ASAP7_75t_R             1  0.6    10     8     717    (-,-) 
  u_mul_mul_123_68_g189932/Y             -       A->Y    R     MAJIxp5_ASAP7_75t_R           2  1.5    31    18     736    (-,-) 
  u_mul_mul_123_68_g189930/Y             -       A->Y    F     MAJIxp5_ASAP7_75t_R           2  2.2    33    24     760    (-,-) 
  u_mul_mul_123_68_g189928/Y             -       A->Y    R     MAJIxp5_ASAP7_75t_R           2  1.7    36    27     787    (-,-) 
  u_mul_mul_123_68_g189925/Y             -       A1->Y   F     AOI21xp5_ASAP7_75t_R          2  2.3    30    22     809    (-,-) 
  u_mul_mul_123_68_g189924/Y             -       A->Y    R     INVx1_ASAP7_75t_R             1  0.6    11    10     819    (-,-) 
  u_mul_mul_123_68_g189923/Y             -       A->Y    F     MAJIxp5_ASAP7_75t_R           2  1.6    31    16     834    (-,-) 
  u_mul_mul_123_68_g189920/Y             -       A2->Y   R     OAI21xp5_ASAP7_75t_R          2  1.7    29    21     855    (-,-) 
  u_mul_mul_123_68_g189919/Y             -       A->Y    F     MAJIxp5_ASAP7_75t_R           2  1.6    27    21     876    (-,-) 
  u_mul_mul_123_68_g189916/Y             -       A2->Y   R     OAI21xp5_ASAP7_75t_R          2  1.5    26    19     895    (-,-) 
  u_mul_mul_123_68_g189915/Y             -       A->Y    F     MAJIxp5_ASAP7_75t_R           2  2.2    31    23     918    (-,-) 
  u_mul_mul_123_68_g189913/Y             -       A->Y    R     MAJIxp5_ASAP7_75t_R           2  1.5    34    25     943    (-,-) 
  u_mul_mul_123_68_g189910/Y             -       A1->Y   F     AOI21xp5_ASAP7_75t_R          2  2.2    29    22     964    (-,-) 
  u_mul_mul_123_68_g189909/Y             -       A->Y    R     MAJIxp5_ASAP7_75t_R           2  1.6    36    25     989    (-,-) 
  u_mul_mul_123_68_g189908/Y             -       A->Y    F     INVx1_ASAP7_75t_R             1  0.6    11     8     997    (-,-) 
  u_mul_mul_123_68_g189906/Y             -       A->Y    R     MAJIxp5_ASAP7_75t_R           2  1.5    33    18    1016    (-,-) 
  u_mul_mul_123_68_g189903/Y             -       A1->Y   F     AOI21xp5_ASAP7_75t_R          2  2.2    29    21    1037    (-,-) 
  u_mul_mul_123_68_g189902/Y             -       A->Y    R     MAJIxp5_ASAP7_75t_R           2  1.7    35    25    1062    (-,-) 
  u_mul_mul_123_68_g189899/Y             -       A1->Y   F     AOI21xp5_ASAP7_75t_R          2  1.6    24    19    1081    (-,-) 
  u_mul_mul_123_68_g189897/Y             -       A2->Y   R     OAI21xp5_ASAP7_75t_R          2  1.7    27    20    1101    (-,-) 
  u_mul_mul_123_68_g189895/Y             -       A1->Y   F     AOI21xp5_ASAP7_75t_R          2  2.2    27    20    1121    (-,-) 
  u_mul_mul_123_68_g189894/Y             -       A->Y    F     MAJx2_ASAP7_75t_R             2  1.6    11    29    1150    (-,-) 
  u_mul_mul_123_68_g189891/Y             -       A2->Y   R     OAI21xp5_ASAP7_75t_R          2  1.5    25    15    1164    (-,-) 
  u_mul_mul_123_68_g189889/Y             -       A1->Y   F     AOI21xp5_ASAP7_75t_R          2  1.6    22    17    1181    (-,-) 
  u_mul_mul_123_68_g189887/Y             -       A2->Y   F     OA21x2_ASAP7_75t_R            2  1.6     9    22    1203    (-,-) 
  u_mul_mul_123_68_g189885/Y             -       A2->Y   R     OAI21xp5_ASAP7_75t_R          2  1.7    25    15    1218    (-,-) 
  u_mul_mul_123_68_g189884/Y             -       A->Y    F     MAJIxp5_ASAP7_75t_R           2  1.6    26    20    1238    (-,-) 
  u_mul_mul_123_68_g189881/Y             -       A1->Y   R     AOI21xp5_ASAP7_75t_R          2  1.7    26    18    1256    (-,-) 
  u_mul_mul_123_68_g189879/Y             -       A1->Y   F     AOI21xp5_ASAP7_75t_R          2  2.2    27    20    1275    (-,-) 
  u_mul_mul_123_68_g189878/Y             -       A->Y    R     MAJIxp5_ASAP7_75t_R           2  1.7    37    25    1300    (-,-) 
  u_mul_mul_123_68_g189875/Y             -       A1->Y   F     AOI21xp5_ASAP7_75t_R          2  2.2    30    22    1322    (-,-) 
  u_mul_mul_123_68_g189874/Y             -       A->Y    R     MAJIxp5_ASAP7_75t_R           2  1.7    36    26    1348    (-,-) 
  u_mul_mul_123_68_g189871/Y             -       A->Y    F     MAJIxp5_ASAP7_75t_R           2  2.2    34    26    1374    (-,-) 
  u_mul_mul_123_68_g189870/Y             -       A->Y    R     MAJIxp5_ASAP7_75t_R           2  1.7    36    27    1401    (-,-) 
  u_mul_mul_123_68_g189867/Y             -       A2->Y   F     OAI21xp5_ASAP7_75t_R          2  1.6    24    18    1419    (-,-) 
  u_mul_mul_123_68_g189865/Y             -       A1->Y   R     AOI21xp5_ASAP7_75t_R          2  1.5    24    17    1436    (-,-) 
  u_mul_mul_123_68_g189863/Y             -       A1->Y   F     AOI21xp5_ASAP7_75t_R          2  2.3    28    20    1456    (-,-) 
  u_mul_mul_123_68_g189862/Y             -       A->Y    R     INVx1_ASAP7_75t_R             1  0.6    11     9    1465    (-,-) 
  u_mul_mul_123_68_g189861/Y             -       A->Y    F     MAJIxp5_ASAP7_75t_R           2  2.2    36    18    1483    (-,-) 
  u_mul_mul_123_68_g189859/Y             -       A->Y    R     MAJIxp5_ASAP7_75t_R           2  1.7    37    28    1511    (-,-) 
  u_mul_mul_123_68_g189856/Y             -       A1->Y   F     AOI21xp5_ASAP7_75t_R          2  2.2    30    22    1533    (-,-) 
  u_mul_mul_123_68_g189855/Y             -       A->Y    F     MAJx2_ASAP7_75t_R             2  1.6    11    30    1562    (-,-) 
  u_mul_mul_123_68_g189852/Y             -       A2->Y   R     OAI21xp5_ASAP7_75t_R          2  1.5    23    15    1577    (-,-) 
  u_mul_mul_123_68_g189851/Y             -       A->Y    R     MAJx2_ASAP7_75t_R             2  1.5    11    25    1602    (-,-) 
  u_mul_mul_123_68_g189849/Y             -       A->Y    F     MAJIxp5_ASAP7_75t_R           2  2.3    34    19    1620    (-,-) 
  u_mul_mul_123_68_g189848/Y             -       A->Y    R     INVx1_ASAP7_75t_R             1  0.6    12    10    1631    (-,-) 
  u_mul_mul_123_68_g189846/Y             -       A->Y    F     MAJIxp5_ASAP7_75t_R           2  2.2    36    18    1649    (-,-) 
  u_mul_mul_123_68_g189844/Y             -       A->Y    R     MAJIxp5_ASAP7_75t_R           2  1.5    34    26    1675    (-,-) 
  u_mul_mul_123_68_g189842/Y             -       A->Y    F     MAJIxp5_ASAP7_75t_R           2  2.2    33    25    1701    (-,-) 
  u_mul_mul_123_68_g189840/Y             -       A->Y    R     MAJIxp5_ASAP7_75t_R           2  1.5    34    25    1726    (-,-) 
  u_mul_mul_123_68_g189837/Y             -       B->Y    R     XNOR2xp5_ASAP7_75t_R          1  0.4    19    19    1745    (-,-) 
  g723277/Y                              -       A2->Y   R     AO22x1_ASAP7_75t_R            1  0.6    10    20    1765    (-,-) 
  g692847/Y                              -       A2->Y   F     AOI22xp5_ASAP7_75t_R          1  0.6    48    10    1774    (-,-) 
  retime_s20_1_reg/D                     -       -       F     ASYNC_DFFHx1_ASAP7_75t_R      1    -     -     0    1774    (-,-) 
#--------------------------------------------------------------------------------------------------------------------------------



Path 15: MET (27 ps) Setup Check with Pin retime_s133_1_reg/CLK->D
          Group: clk
     Startpoint: (R) u_mul_mul_123_68_retime_s328_7_reg/CLK
          Clock: (R) clk
       Endpoint: (R) retime_s133_1_reg/D
          Clock: (R) clk

                     Capture       Launch     
        Clock Edge:+    2000            0     
       Src Latency:+       0            0     
       Net Latency:+       0 (I)        0 (I) 
           Arrival:=    2000            0     
                                              
             Setup:-       5                  
       Uncertainty:-     200                  
     Required Time:=    1795                  
      Launch Clock:-       0                  
         Data Path:-    1768                  
             Slack:=      27                  

#--------------------------------------------------------------------------------------------------------------------------------
#             Timing Point               Flags    Arc    Edge           Cell            Fanout Load Trans Delay Arrival Instance 
#                                                                                              (fF)  (ps)  (ps)   (ps)  Location 
#--------------------------------------------------------------------------------------------------------------------------------
  u_mul_mul_123_68_retime_s328_7_reg/CLK -       -       R     (arrival)                  9929    -   100     0       0    (-,-) 
  u_mul_mul_123_68_retime_s328_7_reg/QN  -       CLK->QN R     ASYNC_DFFHx1_ASAP7_75t_R     34 19.5   122   111     111    (-,-) 
  u_mul_mul_123_68_g141115/Y             -       A->Y    F     INVx1_ASAP7_75t_R             4  2.7    36    26     137    (-,-) 
  u_mul_mul_123_68_g193237/Y             -       A->Y    F     XOR2x2_ASAP7_75t_R           22 12.8    40    49     186    (-,-) 
  u_mul_mul_123_68_g192893/Y             -       B->Y    R     NOR2xp33_ASAP7_75t_R         20 11.8   237   123     310    (-,-) 
  u_mul_mul_123_68_g192783/Y             -       B->Y    F     NAND2xp5_ASAP7_75t_R          7  3.8    84    63     373    (-,-) 
  u_mul_mul_123_68_g192037/Y             -       A1->Y   R     OAI221xp5_ASAP7_75t_R         2  1.7    58    47     420    (-,-) 
  u_mul_mul_123_68_g191558/Y             -       B->Y    R     XOR2xp5_ASAP7_75t_R           2  1.6    36    33     453    (-,-) 
  u_mul_mul_123_68_g191110/Y             -       B->Y    R     XOR2xp5_ASAP7_75t_R           1  0.9    28    26     478    (-,-) 
  u_mul_mul_123_68_g190890/Y             -       B->Y    R     XNOR2xp5_ASAP7_75t_R          2  1.5    32    22     501    (-,-) 
  u_mul_mul_123_68_g190638/Y             -       B->Y    R     XNOR2xp5_ASAP7_75t_R          3  1.6    32    23     524    (-,-) 
  u_mul_mul_123_68_g190478/Y             -       B->Y    F     NOR2xp33_ASAP7_75t_R          1  0.6    20    17     541    (-,-) 
  u_mul_mul_123_68_g190076/Y             -       A1->Y   R     OAI21xp5_ASAP7_75t_R          2  1.7    25    17     558    (-,-) 
  u_mul_mul_123_68_g190028/Y             -       A->Y    F     MAJIxp5_ASAP7_75t_R           2  1.7    28    20     578    (-,-) 
  u_mul_mul_123_68_g190015/Y             -       A->Y    R     INVx1_ASAP7_75t_R             1  0.6    11     9     588    (-,-) 
  u_mul_mul_123_68_g189974/Y             -       A1->Y   F     AOI21xp5_ASAP7_75t_R          2  1.6    20    13     601    (-,-) 
  u_mul_mul_123_68_g189950/Y             -       A->Y    R     MAJIxp5_ASAP7_75t_R           2  1.7    34    23     623    (-,-) 
  u_mul_mul_123_68_g189940/Y             -       A1->Y   F     AOI21xp5_ASAP7_75t_R          2  1.6    24    18     642    (-,-) 
  u_mul_mul_123_68_g189939/Y             -       A->Y    R     MAJIxp5_ASAP7_75t_R           2  1.7    34    24     666    (-,-) 
  u_mul_mul_123_68_g189936/Y             -       A1->Y   F     AOI21xp5_ASAP7_75t_R          2  1.6    24    19     684    (-,-) 
  u_mul_mul_123_68_g189935/Y             -       A->Y    R     MAJIxp5_ASAP7_75t_R           2  1.8    35    25     709    (-,-) 
  u_mul_mul_123_68_g189934/Y             -       A->Y    F     INVx1_ASAP7_75t_R             1  0.6    10     8     717    (-,-) 
  u_mul_mul_123_68_g189932/Y             -       A->Y    R     MAJIxp5_ASAP7_75t_R           2  1.5    31    18     736    (-,-) 
  u_mul_mul_123_68_g189930/Y             -       A->Y    F     MAJIxp5_ASAP7_75t_R           2  2.2    33    24     760    (-,-) 
  u_mul_mul_123_68_g189928/Y             -       A->Y    R     MAJIxp5_ASAP7_75t_R           2  1.7    36    27     787    (-,-) 
  u_mul_mul_123_68_g189925/Y             -       A1->Y   F     AOI21xp5_ASAP7_75t_R          2  2.3    30    22     809    (-,-) 
  u_mul_mul_123_68_g189924/Y             -       A->Y    R     INVx1_ASAP7_75t_R             1  0.6    11    10     819    (-,-) 
  u_mul_mul_123_68_g189923/Y             -       A->Y    F     MAJIxp5_ASAP7_75t_R           2  1.6    31    16     834    (-,-) 
  u_mul_mul_123_68_g189920/Y             -       A2->Y   R     OAI21xp5_ASAP7_75t_R          2  1.7    29    21     855    (-,-) 
  u_mul_mul_123_68_g189919/Y             -       A->Y    F     MAJIxp5_ASAP7_75t_R           2  1.6    27    21     876    (-,-) 
  u_mul_mul_123_68_g189916/Y             -       A2->Y   R     OAI21xp5_ASAP7_75t_R          2  1.5    26    19     895    (-,-) 
  u_mul_mul_123_68_g189915/Y             -       A->Y    F     MAJIxp5_ASAP7_75t_R           2  2.2    31    23     918    (-,-) 
  u_mul_mul_123_68_g189913/Y             -       A->Y    R     MAJIxp5_ASAP7_75t_R           2  1.5    34    25     943    (-,-) 
  u_mul_mul_123_68_g189910/Y             -       A1->Y   F     AOI21xp5_ASAP7_75t_R          2  2.2    29    22     964    (-,-) 
  u_mul_mul_123_68_g189909/Y             -       A->Y    R     MAJIxp5_ASAP7_75t_R           2  1.6    36    25     989    (-,-) 
  u_mul_mul_123_68_g189908/Y             -       A->Y    F     INVx1_ASAP7_75t_R             1  0.6    11     8     997    (-,-) 
  u_mul_mul_123_68_g189906/Y             -       A->Y    R     MAJIxp5_ASAP7_75t_R           2  1.5    33    18    1016    (-,-) 
  u_mul_mul_123_68_g189903/Y             -       A1->Y   F     AOI21xp5_ASAP7_75t_R          2  2.2    29    21    1037    (-,-) 
  u_mul_mul_123_68_g189902/Y             -       A->Y    R     MAJIxp5_ASAP7_75t_R           2  1.7    35    25    1062    (-,-) 
  u_mul_mul_123_68_g189899/Y             -       A1->Y   F     AOI21xp5_ASAP7_75t_R          2  1.6    24    19    1081    (-,-) 
  u_mul_mul_123_68_g189897/Y             -       A2->Y   R     OAI21xp5_ASAP7_75t_R          2  1.7    27    20    1101    (-,-) 
  u_mul_mul_123_68_g189895/Y             -       A1->Y   F     AOI21xp5_ASAP7_75t_R          2  2.2    27    20    1121    (-,-) 
  u_mul_mul_123_68_g189894/Y             -       A->Y    F     MAJx2_ASAP7_75t_R             2  1.6    11    29    1150    (-,-) 
  u_mul_mul_123_68_g189891/Y             -       A2->Y   R     OAI21xp5_ASAP7_75t_R          2  1.5    25    15    1164    (-,-) 
  u_mul_mul_123_68_g189889/Y             -       A1->Y   F     AOI21xp5_ASAP7_75t_R          2  1.6    22    17    1181    (-,-) 
  u_mul_mul_123_68_g189887/Y             -       A2->Y   F     OA21x2_ASAP7_75t_R            2  1.6     9    22    1203    (-,-) 
  u_mul_mul_123_68_g189885/Y             -       A2->Y   R     OAI21xp5_ASAP7_75t_R          2  1.7    25    15    1218    (-,-) 
  u_mul_mul_123_68_g189884/Y             -       A->Y    F     MAJIxp5_ASAP7_75t_R           2  1.6    26    20    1238    (-,-) 
  u_mul_mul_123_68_g189881/Y             -       A1->Y   R     AOI21xp5_ASAP7_75t_R          2  1.7    26    18    1256    (-,-) 
  u_mul_mul_123_68_g189879/Y             -       A1->Y   F     AOI21xp5_ASAP7_75t_R          2  2.2    27    20    1275    (-,-) 
  u_mul_mul_123_68_g189878/Y             -       A->Y    R     MAJIxp5_ASAP7_75t_R           2  1.7    37    25    1300    (-,-) 
  u_mul_mul_123_68_g189875/Y             -       A1->Y   F     AOI21xp5_ASAP7_75t_R          2  2.2    30    22    1322    (-,-) 
  u_mul_mul_123_68_g189874/Y             -       A->Y    R     MAJIxp5_ASAP7_75t_R           2  1.7    36    26    1348    (-,-) 
  u_mul_mul_123_68_g189871/Y             -       A->Y    F     MAJIxp5_ASAP7_75t_R           2  2.2    34    26    1374    (-,-) 
  u_mul_mul_123_68_g189870/Y             -       A->Y    R     MAJIxp5_ASAP7_75t_R           2  1.7    36    27    1401    (-,-) 
  u_mul_mul_123_68_g189867/Y             -       A2->Y   F     OAI21xp5_ASAP7_75t_R          2  1.6    24    18    1419    (-,-) 
  u_mul_mul_123_68_g189865/Y             -       A1->Y   R     AOI21xp5_ASAP7_75t_R          2  1.5    24    17    1436    (-,-) 
  u_mul_mul_123_68_g189863/Y             -       A1->Y   F     AOI21xp5_ASAP7_75t_R          2  2.3    28    20    1456    (-,-) 
  u_mul_mul_123_68_g189862/Y             -       A->Y    R     INVx1_ASAP7_75t_R             1  0.6    11     9    1465    (-,-) 
  u_mul_mul_123_68_g189861/Y             -       A->Y    F     MAJIxp5_ASAP7_75t_R           2  2.2    36    18    1483    (-,-) 
  u_mul_mul_123_68_g189859/Y             -       A->Y    R     MAJIxp5_ASAP7_75t_R           2  1.7    37    28    1511    (-,-) 
  u_mul_mul_123_68_g189856/Y             -       A1->Y   F     AOI21xp5_ASAP7_75t_R          2  2.2    30    22    1533    (-,-) 
  u_mul_mul_123_68_g189855/Y             -       A->Y    F     MAJx2_ASAP7_75t_R             2  1.6    11    30    1562    (-,-) 
  u_mul_mul_123_68_g189852/Y             -       A2->Y   R     OAI21xp5_ASAP7_75t_R          2  1.5    23    15    1577    (-,-) 
  u_mul_mul_123_68_g189851/Y             -       A->Y    R     MAJx2_ASAP7_75t_R             2  1.5    11    25    1602    (-,-) 
  u_mul_mul_123_68_g189849/Y             -       A->Y    F     MAJIxp5_ASAP7_75t_R           2  2.3    34    19    1620    (-,-) 
  u_mul_mul_123_68_g189848/Y             -       A->Y    R     INVx1_ASAP7_75t_R             1  0.6    12    10    1631    (-,-) 
  u_mul_mul_123_68_g189846/Y             -       A->Y    F     MAJIxp5_ASAP7_75t_R           2  2.2    36    18    1649    (-,-) 
  u_mul_mul_123_68_g189844/Y             -       A->Y    R     MAJIxp5_ASAP7_75t_R           2  1.5    34    26    1675    (-,-) 
  u_mul_mul_123_68_g189842/Y             -       A->Y    F     MAJIxp5_ASAP7_75t_R           2  2.2    33    25    1701    (-,-) 
  g730300/SN                             -       CI->SN  F     FAx1_ASAP7_75t_R              1  0.5    26    35    1736    (-,-) 
  g723280/Y                              -       A2->Y   F     AO22x1_ASAP7_75t_R            1  0.6     9    22    1758    (-,-) 
  g692745/Y                              -       A2->Y   R     AOI22xp5_ASAP7_75t_R          1  0.6    47    11    1768    (-,-) 
  retime_s133_1_reg/D                    -       -       R     ASYNC_DFFHx1_ASAP7_75t_R      1    -     -     0    1768    (-,-) 
#--------------------------------------------------------------------------------------------------------------------------------



Path 16: MET (28 ps) Setup Check with Pin ADD_UNS_OP1145_retime_s270_1_reg/CLK->D
          Group: clk
     Startpoint: (R) mem_d_ack_i
          Clock: (R) clk
       Endpoint: (R) ADD_UNS_OP1145_retime_s270_1_reg/D
          Clock: (R) clk

                     Capture       Launch     
        Clock Edge:+    2000            0     
        Drv Adjust:+       0            0     
       Src Latency:+       0            0     
       Net Latency:+       0 (I)        0 (I) 
           Arrival:=    2000            0     
                                              
             Setup:-       4                  
       Uncertainty:-     200                  
     Required Time:=    1796                  
      Launch Clock:-       0                  
       Input Delay:-     300                  
         Data Path:-    1468                  
             Slack:=      28                  

Exceptions/Constraints:
  input_delay             300             riscv_core.sdc_1_line_29_619_1 

#--------------------------------------------------------------------------------------------------------------------------
#           Timing Point             Flags   Arc   Edge           Cell            Fanout Load Trans Delay Arrival Instance 
#                                                                                        (fF)  (ps)  (ps)   (ps)  Location 
#--------------------------------------------------------------------------------------------------------------------------
  mem_d_ack_i                        -       -     R     (arrival)                     6  5.0     0     0     300    (-,-) 
  g623287/Y                          -       B->Y  F     NOR2x1p5_ASAP7_75t_R          2  1.8    16     6     306    (-,-) 
  g623234/Y                          -       A->Y  F     OR2x6_ASAP7_75t_R            10  5.8    12    27     332    (-,-) 
  g623201/Y                          -       B->Y  R     NOR2xp33_ASAP7_75t_R          3  1.7    40    23     355    (-,-) 
  g623182/Y                          -       B->Y  R     AO21x1_ASAP7_75t_R            3  1.9    15    20     376    (-,-) 
  g623141/Y                          -       A->Y  F     NOR2x1_ASAP7_75t_R            2  1.9    16    14     390    (-,-) 
  g623117/Y                          -       A->Y  R     NAND3x1_ASAP7_75t_R           3  2.8    32    19     408    (-,-) 
  g623091/Y                          -       A->Y  R     OR2x6_ASAP7_75t_R            31 19.4    28    35     443    (-,-) 
  g663371/Y                          -       A->Y  F     INVx3_ASAP7_75t_R            44 26.1    47    30     474    (-,-) 
  g662645/Y                          -       A2->Y R     OAI22xp5_ASAP7_75t_R          3  1.4    32    23     497    (-,-) 
  g662496/Y                          -       C->Y  F     NAND4xp25_ASAP7_75t_R         1  0.6    27    19     516    (-,-) 
  g662365/Y                          -       A2->Y R     OAI22xp5_ASAP7_75t_R          6  3.9    54    32     549    (-,-) 
  g662340/Y                          -       A->Y  F     INVx2_ASAP7_75t_R             8  4.1    21    16     566    (-,-) 
  g662279/Y                          -       A->Y  R     NOR3xp33_ASAP7_75t_R          4  2.4    57    34     599    (-,-) 
  g662183/Y                          -       A1->Y F     OAI31xp33_ASAP7_75t_R         4  2.2    44    27     626    (-,-) 
  g662165/Y                          -       A->Y  R     INVx1_ASAP7_75t_R             5  2.6    26    21     647    (-,-) 
  g662109/Y                          -       A1->Y F     OAI221xp5_ASAP7_75t_R         4  2.4    42    24     671    (-,-) 
  g661792/Y                          -       B1->Y R     AOI221xp5_ASAP7_75t_R         1  0.5    28    20     691    (-,-) 
  g661589/Y                          -       A1->Y F     AOI31xp33_ASAP7_75t_R         1  0.6    24    14     704    (-,-) 
  g661428/Y                          -       C->Y  R     O2A1O1Ixp33_ASAP7_75t_R       1  0.5    23    16     720    (-,-) 
  g661233/Y                          -       A1->Y F     OAI221xp5_ASAP7_75t_R         1  0.6    22    13     733    (-,-) 
  g661031/Y                          -       B->Y  R     AOI21xp5_ASAP7_75t_R          1  0.6    19    13     746    (-,-) 
  g660969/Y                          -       A->Y  R     AND5x1_ASAP7_75t_R            1  0.6    16    32     778    (-,-) 
  g660835/Y                          -       A->Y  F     NAND4xp25_ASAP7_75t_R         3  2.3    56    30     809    (-,-) 
  g660770/Y                          -       B->Y  F     OR2x2_ASAP7_75t_R            20 10.6    34    46     855    (-,-) 
  g660713/Y                          -       A->Y  F     OR5x2_ASAP7_75t_R            39 21.3    71    82     937    (-,-) 
  g660610/Y                          -       B->Y  R     NOR2x1_ASAP7_75t_R           28 15.9   117    75    1012    (-,-) 
  g660594/Y                          -       A->Y  F     INVx1_ASAP7_75t_R            26 15.1    94    70    1082    (-,-) 
  g660519/Y                          -       B2->Y R     OAI22xp5_ASAP7_75t_R          5  2.5    55    43    1125    (-,-) 
  g660430/Y                          -       B->Y  F     NOR2xp33_ASAP7_75t_R          2  1.3    34    30    1154    (-,-) 
  g660425/Y                          -       B->Y  R     NAND2xp5_ASAP7_75t_R          3  1.5    31    21    1175    (-,-) 
  g660423/Y                          -       A->Y  R     OR5x1_ASAP7_75t_R             2  1.0    12    22    1197    (-,-) 
  g660402/Y                          -       A2->Y F     A2O1A1Ixp33_ASAP7_75t_R       5  3.2    66    27    1224    (-,-) 
  g660396/Y                          -       A1->Y R     OAI221xp5_ASAP7_75t_R         2  1.2    46    38    1262    (-,-) 
  ADD_UNS_OP1145_g4561/Y             -       B->Y  F     NAND2xp5_ASAP7_75t_R          3  2.2    33    26    1288    (-,-) 
  ADD_UNS_OP1145_g4508/Y             -       A1->Y F     AO21x1_ASAP7_75t_R            2  1.6    12    24    1312    (-,-) 
  ADD_UNS_OP1145_g4502/Y             -       A2->Y F     AO21x1_ASAP7_75t_R            2  1.6    12    18    1330    (-,-) 
  ADD_UNS_OP1145_g4498/Y             -       A2->Y F     AO21x1_ASAP7_75t_R            2  1.6    12    18    1348    (-,-) 
  ADD_UNS_OP1145_g4494/Y             -       A2->Y F     AO21x1_ASAP7_75t_R            2  1.6    12    18    1366    (-,-) 
  ADD_UNS_OP1145_g4491/Y             -       A2->Y F     AO21x1_ASAP7_75t_R            2  1.6    12    18    1384    (-,-) 
  ADD_UNS_OP1145_g4489/Y             -       A2->Y F     AO21x1_ASAP7_75t_R            2  1.6    12    18    1402    (-,-) 
  ADD_UNS_OP1145_g4487/Y             -       A2->Y F     AO21x1_ASAP7_75t_R            2  1.6    12    18    1420    (-,-) 
  ADD_UNS_OP1145_g4485/Y             -       A2->Y F     AO21x1_ASAP7_75t_R            2  1.6    12    18    1438    (-,-) 
  ADD_UNS_OP1145_g4483/Y             -       A2->Y R     OAI21xp5_ASAP7_75t_R          2  1.7    26    16    1453    (-,-) 
  ADD_UNS_OP1145_g4481/Y             -       A->Y  F     MAJIxp5_ASAP7_75t_R           2  1.6    33    20    1473    (-,-) 
  ADD_UNS_OP1145_g4478/Y             -       A2->Y F     AO21x1_ASAP7_75t_R            2  1.6    12    22    1496    (-,-) 
  ADD_UNS_OP1145_g4476/Y             -       A2->Y F     OA21x2_ASAP7_75t_R            2  1.6     9    19    1515    (-,-) 
  ADD_UNS_OP1145_g4474/Y             -       A2->Y F     AO21x1_ASAP7_75t_R            2  1.6    12    17    1532    (-,-) 
  ADD_UNS_OP1145_g4472/Y             -       A2->Y F     AO21x1_ASAP7_75t_R            2  1.6    12    18    1550    (-,-) 
  ADD_UNS_OP1145_g4470/Y             -       A2->Y F     AO21x1_ASAP7_75t_R            2  1.6    12    18    1568    (-,-) 
  ADD_UNS_OP1145_g4468/Y             -       A2->Y F     AO21x1_ASAP7_75t_R            2  1.6    12    18    1586    (-,-) 
  ADD_UNS_OP1145_g4466/Y             -       A2->Y F     AO21x1_ASAP7_75t_R            2  1.6    12    18    1604    (-,-) 
  ADD_UNS_OP1145_g4464/Y             -       A2->Y F     AO21x1_ASAP7_75t_R            2  1.6    12    18    1622    (-,-) 
  ADD_UNS_OP1145_g4462/Y             -       A2->Y F     AO21x1_ASAP7_75t_R            2  1.6    12    18    1640    (-,-) 
  ADD_UNS_OP1145_g4460/Y             -       A2->Y F     AO21x1_ASAP7_75t_R            2  1.6    12    18    1658    (-,-) 
  ADD_UNS_OP1145_g4458/Y             -       A2->Y F     AO21x1_ASAP7_75t_R            2  1.6    12    18    1676    (-,-) 
  ADD_UNS_OP1145_g4456/Y             -       A2->Y F     AO21x1_ASAP7_75t_R            2  1.6    12    18    1693    (-,-) 
  ADD_UNS_OP1145_g4454/Y             -       A2->Y F     AO21x1_ASAP7_75t_R            2  1.6    12    18    1711    (-,-) 
  ADD_UNS_OP1145_g4452/Y             -       A2->Y F     AO21x1_ASAP7_75t_R            2  1.6    12    18    1729    (-,-) 
  ADD_UNS_OP1145_g4450/Y             -       A2->Y R     OAI21xp5_ASAP7_75t_R          2  1.7    30    16    1745    (-,-) 
  ADD_UNS_OP1145_g3242/Y             -       A2->Y F     OAI21xp5_ASAP7_75t_R          1  0.6    14    11    1757    (-,-) 
  ADD_UNS_OP1145_g3232/Y             -       A2->Y R     AOI22xp5_ASAP7_75t_R          1  0.6    30    12    1768    (-,-) 
  ADD_UNS_OP1145_retime_s270_1_reg/D -       -     R     ASYNC_DFFHx1_ASAP7_75t_R      1    -     -     0    1768    (-,-) 
#--------------------------------------------------------------------------------------------------------------------------



Path 17: MET (28 ps) Setup Check with Pin retime_s409_33_reg/CLK->D
          Group: clk
     Startpoint: (R) mem_d_ack_i
          Clock: (R) clk
       Endpoint: (R) retime_s409_33_reg/D
          Clock: (R) clk

                     Capture       Launch     
        Clock Edge:+    2000            0     
        Drv Adjust:+       0            0     
       Src Latency:+       0            0     
       Net Latency:+       0 (I)        0 (I) 
           Arrival:=    2000            0     
                                              
             Setup:-       5                  
       Uncertainty:-     200                  
     Required Time:=    1795                  
      Launch Clock:-       0                  
       Input Delay:-     300                  
         Data Path:-    1467                  
             Slack:=      28                  

Exceptions/Constraints:
  input_delay             300             riscv_core.sdc_1_line_29_619_1 

#--------------------------------------------------------------------------------------------------------------------------------------
#                 Timing Point                  Flags    Arc   Edge           Cell            Fanout Load Trans Delay Arrival Instance 
#                                                                                                    (fF)  (ps)  (ps)   (ps)  Location 
#--------------------------------------------------------------------------------------------------------------------------------------
  mem_d_ack_i                                   -       -      R     (arrival)                     6  5.0     0     0     300    (-,-) 
  g623287/Y                                     -       B->Y   F     NOR2x1p5_ASAP7_75t_R          2  1.8    16     6     306    (-,-) 
  g623234/Y                                     -       A->Y   F     OR2x6_ASAP7_75t_R            10  5.8    12    27     332    (-,-) 
  g623201/Y                                     -       B->Y   R     NOR2xp33_ASAP7_75t_R          3  1.7    40    23     355    (-,-) 
  g623182/Y                                     -       B->Y   R     AO21x1_ASAP7_75t_R            3  1.9    15    20     376    (-,-) 
  g623141/Y                                     -       A->Y   F     NOR2x1_ASAP7_75t_R            2  1.9    16    14     390    (-,-) 
  g623117/Y                                     -       A->Y   R     NAND3x1_ASAP7_75t_R           3  2.8    32    19     408    (-,-) 
  g623091/Y                                     -       A->Y   R     OR2x6_ASAP7_75t_R            31 19.4    28    35     443    (-,-) 
  g663371/Y                                     -       A->Y   F     INVx3_ASAP7_75t_R            44 26.1    47    30     474    (-,-) 
  g662645/Y                                     -       A2->Y  R     OAI22xp5_ASAP7_75t_R          3  1.4    32    23     497    (-,-) 
  g662496/Y                                     -       C->Y   F     NAND4xp25_ASAP7_75t_R         1  0.6    27    19     516    (-,-) 
  g662365/Y                                     -       A2->Y  R     OAI22xp5_ASAP7_75t_R          6  3.9    54    32     549    (-,-) 
  g662340/Y                                     -       A->Y   F     INVx2_ASAP7_75t_R             8  4.1    21    16     566    (-,-) 
  g662279/Y                                     -       A->Y   R     NOR3xp33_ASAP7_75t_R          4  2.4    57    34     599    (-,-) 
  g662183/Y                                     -       A1->Y  F     OAI31xp33_ASAP7_75t_R         4  2.2    44    27     626    (-,-) 
  g662165/Y                                     -       A->Y   R     INVx1_ASAP7_75t_R             5  2.6    26    21     647    (-,-) 
  g662109/Y                                     -       A1->Y  F     OAI221xp5_ASAP7_75t_R         4  2.4    42    24     671    (-,-) 
  g661792/Y                                     -       B1->Y  R     AOI221xp5_ASAP7_75t_R         1  0.5    28    20     691    (-,-) 
  g661589/Y                                     -       A1->Y  F     AOI31xp33_ASAP7_75t_R         1  0.6    24    14     704    (-,-) 
  g661428/Y                                     -       C->Y   R     O2A1O1Ixp33_ASAP7_75t_R       1  0.5    23    16     720    (-,-) 
  g661233/Y                                     -       A1->Y  F     OAI221xp5_ASAP7_75t_R         1  0.6    22    13     733    (-,-) 
  g661031/Y                                     -       B->Y   R     AOI21xp5_ASAP7_75t_R          1  0.6    19    13     746    (-,-) 
  g660969/Y                                     -       A->Y   R     AND5x1_ASAP7_75t_R            1  0.6    16    32     778    (-,-) 
  g660835/Y                                     -       A->Y   F     NAND4xp25_ASAP7_75t_R         3  2.3    56    30     809    (-,-) 
  g660771/Y                                     -       B->Y   F     OR2x6_ASAP7_75t_R           162 95.1    96    78     886    (-,-) 
  g724256/Y                                     -       A->Y   R     INVx2_ASAP7_75t_R             7  3.8    30    24     911    (-,-) 
  g660707/Y                                     -       B->Y   F     NAND2xp5_ASAP7_75t_R          2  0.9    18    14     925    (-,-) 
  g660609/Y                                     -       A->Y   F     OR2x2_ASAP7_75t_R            32 19.0    57    48     973    (-,-) 
  g660471/Y                                     -       A2->Y  R     OAI22xp5_ASAP7_75t_R          1  0.7    26    19     992    (-,-) 
  u_div_sub_159_34_Y_u_div_minus_135_27_g4361/Y -       A->Y   F     INVx1_ASAP7_75t_R             2  1.0    11     9    1002    (-,-) 
  u_div_sub_159_34_Y_u_div_minus_135_27_g4346/Y -       B->Y   R     NOR2xp33_ASAP7_75t_R          3  2.3    50    28    1029    (-,-) 
  u_div_sub_159_34_Y_u_div_minus_135_27_g4316/Y -       A2->Y  F     OAI21xp5_ASAP7_75t_R          2  1.6    27    20    1050    (-,-) 
  u_div_sub_159_34_Y_u_div_minus_135_27_g4314/Y -       A->Y   F     MAJx2_ASAP7_75t_R             2  2.2    12    30    1080    (-,-) 
  u_div_sub_159_34_Y_u_div_minus_135_27_g4312/Y -       A->Y   F     MAJx2_ASAP7_75t_R             2  2.2    12    26    1105    (-,-) 
  u_div_sub_159_34_Y_u_div_minus_135_27_g4310/Y -       A->Y   F     MAJx2_ASAP7_75t_R             2  2.2    12    26    1131    (-,-) 
  u_div_sub_159_34_Y_u_div_minus_135_27_g4308/Y -       A->Y   F     MAJx2_ASAP7_75t_R             2  2.2    12    26    1156    (-,-) 
  u_div_sub_159_34_Y_u_div_minus_135_27_g4306/Y -       A->Y   F     MAJx2_ASAP7_75t_R             2  2.2    12    26    1182    (-,-) 
  u_div_sub_159_34_Y_u_div_minus_135_27_g4304/Y -       A->Y   F     MAJx2_ASAP7_75t_R             2  2.2    12    26    1207    (-,-) 
  u_div_sub_159_34_Y_u_div_minus_135_27_g4302/Y -       A->Y   F     MAJx2_ASAP7_75t_R             2  2.2    12    26    1233    (-,-) 
  u_div_sub_159_34_Y_u_div_minus_135_27_g4300/Y -       A->Y   F     MAJx2_ASAP7_75t_R             2  2.2    12    26    1258    (-,-) 
  u_div_sub_159_34_Y_u_div_minus_135_27_g4298/Y -       A->Y   F     MAJx2_ASAP7_75t_R             2  2.2    12    26    1284    (-,-) 
  u_div_sub_159_34_Y_u_div_minus_135_27_g4296/Y -       A->Y   F     MAJx2_ASAP7_75t_R             2  2.2    12    26    1309    (-,-) 
  u_div_sub_159_34_Y_u_div_minus_135_27_g4294/Y -       A->Y   F     MAJx2_ASAP7_75t_R             2  2.2    12    26    1335    (-,-) 
  u_div_sub_159_34_Y_u_div_minus_135_27_g4292/Y -       A->Y   F     MAJx2_ASAP7_75t_R             2  2.2    12    26    1360    (-,-) 
  u_div_sub_159_34_Y_u_div_minus_135_27_g4290/Y -       A->Y   F     MAJx2_ASAP7_75t_R             2  2.2    12    26    1386    (-,-) 
  u_div_sub_159_34_Y_u_div_minus_135_27_g4288/Y -       A->Y   F     MAJx2_ASAP7_75t_R             2  2.2    12    26    1411    (-,-) 
  u_div_sub_159_34_Y_u_div_minus_135_27_g4286/Y -       A->Y   F     MAJx2_ASAP7_75t_R             2  2.2    12    26    1437    (-,-) 
  u_div_sub_159_34_Y_u_div_minus_135_27_g4284/Y -       A->Y   F     MAJx2_ASAP7_75t_R             2  2.2    12    26    1462    (-,-) 
  u_div_sub_159_34_Y_u_div_minus_135_27_g4282/Y -       A->Y   F     MAJx2_ASAP7_75t_R             2  2.2    12    26    1488    (-,-) 
  u_div_sub_159_34_Y_u_div_minus_135_27_g4280/Y -       A->Y   F     MAJx2_ASAP7_75t_R             2  2.2    12    26    1513    (-,-) 
  u_div_sub_159_34_Y_u_div_minus_135_27_g4278/Y -       A->Y   F     MAJx2_ASAP7_75t_R             2  2.2    12    26    1539    (-,-) 
  u_div_sub_159_34_Y_u_div_minus_135_27_g4276/Y -       A->Y   F     MAJx2_ASAP7_75t_R             2  2.2    12    26    1564    (-,-) 
  u_div_sub_159_34_Y_u_div_minus_135_27_g4274/Y -       A->Y   F     MAJx2_ASAP7_75t_R             2  2.2    12    26    1590    (-,-) 
  u_div_sub_159_34_Y_u_div_minus_135_27_g4272/Y -       A->Y   F     MAJx2_ASAP7_75t_R             2  2.2    12    26    1615    (-,-) 
  u_div_sub_159_34_Y_u_div_minus_135_27_g4270/Y -       A->Y   F     MAJx2_ASAP7_75t_R             2  2.2    12    26    1641    (-,-) 
  u_div_sub_159_34_Y_u_div_minus_135_27_g4267/Y -       A->Y   F     MAJx2_ASAP7_75t_R             2  2.2    12    26    1666    (-,-) 
  u_div_sub_159_34_Y_u_div_minus_135_27_g4265/Y -       A->Y   F     MAJx2_ASAP7_75t_R             2  2.2    12    26    1692    (-,-) 
  g730273/SN                                    -       CI->SN F     FAx1_ASAP7_75t_R              1  0.6    23    31    1722    (-,-) 
  g722772/Y                                     -       B->Y   R     NAND2xp5_ASAP7_75t_R          1  0.6    37    12    1735    (-,-) 
  g722655/Y                                     -       B->Y   F     OAI21xp5_ASAP7_75t_R          2  1.2    42    15    1750    (-,-) 
  g691905/Y                                     -       B2->Y  R     AOI22xp5_ASAP7_75t_R          1  0.6    38    18    1767    (-,-) 
  retime_s409_33_reg/D                          -       -      R     ASYNC_DFFHx1_ASAP7_75t_R      1    -     -     0    1767    (-,-) 
#--------------------------------------------------------------------------------------------------------------------------------------



Path 18: MET (28 ps) Setup Check with Pin u_div_lte_157_19_retime_s409_35_reg/CLK->D
          Group: clk
     Startpoint: (R) mem_d_ack_i
          Clock: (R) clk
       Endpoint: (R) u_div_lte_157_19_retime_s409_35_reg/D
          Clock: (R) clk

                     Capture       Launch     
        Clock Edge:+    2000            0     
        Drv Adjust:+       0            0     
       Src Latency:+       0            0     
       Net Latency:+       0 (I)        0 (I) 
           Arrival:=    2000            0     
                                              
             Setup:-       4                  
       Uncertainty:-     200                  
     Required Time:=    1796                  
      Launch Clock:-       0                  
       Input Delay:-     300                  
         Data Path:-    1467                  
             Slack:=      28                  

Exceptions/Constraints:
  input_delay             300             riscv_core.sdc_1_line_29_619_1 

#--------------------------------------------------------------------------------------------------------------------------------------
#                 Timing Point                  Flags    Arc   Edge           Cell            Fanout Load Trans Delay Arrival Instance 
#                                                                                                    (fF)  (ps)  (ps)   (ps)  Location 
#--------------------------------------------------------------------------------------------------------------------------------------
  mem_d_ack_i                                   -       -      R     (arrival)                     6  5.0     0     0     300    (-,-) 
  g623287/Y                                     -       B->Y   F     NOR2x1p5_ASAP7_75t_R          2  1.8    16     6     306    (-,-) 
  g623234/Y                                     -       A->Y   F     OR2x6_ASAP7_75t_R            10  5.8    12    27     332    (-,-) 
  g623201/Y                                     -       B->Y   R     NOR2xp33_ASAP7_75t_R          3  1.7    40    23     355    (-,-) 
  g623182/Y                                     -       B->Y   R     AO21x1_ASAP7_75t_R            3  1.9    15    20     376    (-,-) 
  g623141/Y                                     -       A->Y   F     NOR2x1_ASAP7_75t_R            2  1.9    16    14     390    (-,-) 
  g623117/Y                                     -       A->Y   R     NAND3x1_ASAP7_75t_R           3  2.8    32    19     408    (-,-) 
  g623091/Y                                     -       A->Y   R     OR2x6_ASAP7_75t_R            31 19.4    28    35     443    (-,-) 
  g663371/Y                                     -       A->Y   F     INVx3_ASAP7_75t_R            44 26.1    47    30     474    (-,-) 
  g662645/Y                                     -       A2->Y  R     OAI22xp5_ASAP7_75t_R          3  1.4    32    23     497    (-,-) 
  g662496/Y                                     -       C->Y   F     NAND4xp25_ASAP7_75t_R         1  0.6    27    19     516    (-,-) 
  g662365/Y                                     -       A2->Y  R     OAI22xp5_ASAP7_75t_R          6  3.9    54    32     549    (-,-) 
  g662340/Y                                     -       A->Y   F     INVx2_ASAP7_75t_R             8  4.1    21    16     566    (-,-) 
  g662279/Y                                     -       A->Y   R     NOR3xp33_ASAP7_75t_R          4  2.4    57    34     599    (-,-) 
  g662183/Y                                     -       A1->Y  F     OAI31xp33_ASAP7_75t_R         4  2.2    44    27     626    (-,-) 
  g662165/Y                                     -       A->Y   R     INVx1_ASAP7_75t_R             5  2.6    26    21     647    (-,-) 
  g662109/Y                                     -       A1->Y  F     OAI221xp5_ASAP7_75t_R         4  2.4    42    24     671    (-,-) 
  g661792/Y                                     -       B1->Y  R     AOI221xp5_ASAP7_75t_R         1  0.5    28    20     691    (-,-) 
  g661589/Y                                     -       A1->Y  F     AOI31xp33_ASAP7_75t_R         1  0.6    24    14     704    (-,-) 
  g661428/Y                                     -       C->Y   R     O2A1O1Ixp33_ASAP7_75t_R       1  0.5    23    16     720    (-,-) 
  g661233/Y                                     -       A1->Y  F     OAI221xp5_ASAP7_75t_R         1  0.6    22    13     733    (-,-) 
  g661031/Y                                     -       B->Y   R     AOI21xp5_ASAP7_75t_R          1  0.6    19    13     746    (-,-) 
  g660969/Y                                     -       A->Y   R     AND5x1_ASAP7_75t_R            1  0.6    16    32     778    (-,-) 
  g660835/Y                                     -       A->Y   F     NAND4xp25_ASAP7_75t_R         3  2.3    56    30     809    (-,-) 
  g660771/Y                                     -       B->Y   F     OR2x6_ASAP7_75t_R           162 95.1    96    78     886    (-,-) 
  g724256/Y                                     -       A->Y   R     INVx2_ASAP7_75t_R             7  3.8    30    24     911    (-,-) 
  g660707/Y                                     -       B->Y   F     NAND2xp5_ASAP7_75t_R          2  0.9    18    14     925    (-,-) 
  g660609/Y                                     -       A->Y   F     OR2x2_ASAP7_75t_R            32 19.0    57    48     973    (-,-) 
  g660471/Y                                     -       A2->Y  R     OAI22xp5_ASAP7_75t_R          1  0.7    26    19     992    (-,-) 
  u_div_sub_159_34_Y_u_div_minus_135_27_g4361/Y -       A->Y   F     INVx1_ASAP7_75t_R             2  1.0    11     9    1002    (-,-) 
  u_div_sub_159_34_Y_u_div_minus_135_27_g4346/Y -       B->Y   R     NOR2xp33_ASAP7_75t_R          3  2.3    50    28    1029    (-,-) 
  u_div_sub_159_34_Y_u_div_minus_135_27_g4316/Y -       A2->Y  F     OAI21xp5_ASAP7_75t_R          2  1.6    27    20    1050    (-,-) 
  u_div_sub_159_34_Y_u_div_minus_135_27_g4314/Y -       A->Y   F     MAJx2_ASAP7_75t_R             2  2.2    12    30    1080    (-,-) 
  u_div_sub_159_34_Y_u_div_minus_135_27_g4312/Y -       A->Y   F     MAJx2_ASAP7_75t_R             2  2.2    12    26    1105    (-,-) 
  u_div_sub_159_34_Y_u_div_minus_135_27_g4310/Y -       A->Y   F     MAJx2_ASAP7_75t_R             2  2.2    12    26    1131    (-,-) 
  u_div_sub_159_34_Y_u_div_minus_135_27_g4308/Y -       A->Y   F     MAJx2_ASAP7_75t_R             2  2.2    12    26    1156    (-,-) 
  u_div_sub_159_34_Y_u_div_minus_135_27_g4306/Y -       A->Y   F     MAJx2_ASAP7_75t_R             2  2.2    12    26    1182    (-,-) 
  u_div_sub_159_34_Y_u_div_minus_135_27_g4304/Y -       A->Y   F     MAJx2_ASAP7_75t_R             2  2.2    12    26    1207    (-,-) 
  u_div_sub_159_34_Y_u_div_minus_135_27_g4302/Y -       A->Y   F     MAJx2_ASAP7_75t_R             2  2.2    12    26    1233    (-,-) 
  u_div_sub_159_34_Y_u_div_minus_135_27_g4300/Y -       A->Y   F     MAJx2_ASAP7_75t_R             2  2.2    12    26    1258    (-,-) 
  u_div_sub_159_34_Y_u_div_minus_135_27_g4298/Y -       A->Y   F     MAJx2_ASAP7_75t_R             2  2.2    12    26    1284    (-,-) 
  u_div_sub_159_34_Y_u_div_minus_135_27_g4296/Y -       A->Y   F     MAJx2_ASAP7_75t_R             2  2.2    12    26    1309    (-,-) 
  u_div_sub_159_34_Y_u_div_minus_135_27_g4294/Y -       A->Y   F     MAJx2_ASAP7_75t_R             2  2.2    12    26    1335    (-,-) 
  u_div_sub_159_34_Y_u_div_minus_135_27_g4292/Y -       A->Y   F     MAJx2_ASAP7_75t_R             2  2.2    12    26    1360    (-,-) 
  u_div_sub_159_34_Y_u_div_minus_135_27_g4290/Y -       A->Y   F     MAJx2_ASAP7_75t_R             2  2.2    12    26    1386    (-,-) 
  u_div_sub_159_34_Y_u_div_minus_135_27_g4288/Y -       A->Y   F     MAJx2_ASAP7_75t_R             2  2.2    12    26    1411    (-,-) 
  u_div_sub_159_34_Y_u_div_minus_135_27_g4286/Y -       A->Y   F     MAJx2_ASAP7_75t_R             2  2.2    12    26    1437    (-,-) 
  u_div_sub_159_34_Y_u_div_minus_135_27_g4284/Y -       A->Y   F     MAJx2_ASAP7_75t_R             2  2.2    12    26    1462    (-,-) 
  u_div_sub_159_34_Y_u_div_minus_135_27_g4282/Y -       A->Y   F     MAJx2_ASAP7_75t_R             2  2.2    12    26    1488    (-,-) 
  u_div_sub_159_34_Y_u_div_minus_135_27_g4280/Y -       A->Y   F     MAJx2_ASAP7_75t_R             2  2.2    12    26    1513    (-,-) 
  u_div_sub_159_34_Y_u_div_minus_135_27_g4278/Y -       A->Y   F     MAJx2_ASAP7_75t_R             2  2.2    12    26    1539    (-,-) 
  u_div_sub_159_34_Y_u_div_minus_135_27_g4276/Y -       A->Y   F     MAJx2_ASAP7_75t_R             2  2.2    12    26    1564    (-,-) 
  u_div_sub_159_34_Y_u_div_minus_135_27_g4274/Y -       A->Y   F     MAJx2_ASAP7_75t_R             2  2.2    12    26    1590    (-,-) 
  u_div_sub_159_34_Y_u_div_minus_135_27_g4272/Y -       A->Y   F     MAJx2_ASAP7_75t_R             2  2.2    12    26    1615    (-,-) 
  u_div_sub_159_34_Y_u_div_minus_135_27_g4270/Y -       A->Y   F     MAJx2_ASAP7_75t_R             2  2.2    12    26    1641    (-,-) 
  u_div_sub_159_34_Y_u_div_minus_135_27_g4267/Y -       A->Y   F     MAJx2_ASAP7_75t_R             2  2.2    12    26    1666    (-,-) 
  u_div_sub_159_34_Y_u_div_minus_135_27_g4265/Y -       A->Y   F     MAJx2_ASAP7_75t_R             2  2.2    12    26    1692    (-,-) 
  g730273/SN                                    -       CI->SN F     FAx1_ASAP7_75t_R              1  0.6    23    31    1722    (-,-) 
  g722772/Y                                     -       B->Y   R     NAND2xp5_ASAP7_75t_R          1  0.6    37    12    1735    (-,-) 
  g722655/Y                                     -       B->Y   F     OAI21xp5_ASAP7_75t_R          2  1.2    42    15    1750    (-,-) 
  u_div_lte_157_19_g2951/Y                      -       B2->Y  R     AOI22xp5_ASAP7_75t_R          1  0.6    37    18    1767    (-,-) 
  u_div_lte_157_19_retime_s409_35_reg/D         -       -      R     ASYNC_DFFHx1_ASAP7_75t_R      1    -     -     0    1767    (-,-) 
#--------------------------------------------------------------------------------------------------------------------------------------



Path 19: MET (29 ps) Setup Check with Pin u_frontend_u_npc_BRANCH_PREDICTION.ras_stack_q_reg[3][0]/CLK->D
          Group: clk
     Startpoint: (F) mem_d_ack_i
          Clock: (R) clk
       Endpoint: (R) u_frontend_u_npc_BRANCH_PREDICTION.ras_stack_q_reg[3][0]/D
          Clock: (R) clk

                     Capture       Launch     
        Clock Edge:+    2000            0     
        Drv Adjust:+       0            0     
       Src Latency:+       0            0     
       Net Latency:+       0 (I)        0 (I) 
           Arrival:=    2000            0     
                                              
             Setup:-       2                  
       Uncertainty:-     200                  
     Required Time:=    1798                  
      Launch Clock:-       0                  
       Input Delay:-     300                  
         Data Path:-    1469                  
             Slack:=      29                  

Exceptions/Constraints:
  input_delay             300             riscv_core.sdc_1_line_29_619_1 

#--------------------------------------------------------------------------------------------------------------------------------------------------
#                       Timing Point                         Flags   Arc   Edge           Cell            Fanout Load Trans Delay Arrival Instance 
#                                                                                                                (fF)  (ps)  (ps)   (ps)  Location 
#--------------------------------------------------------------------------------------------------------------------------------------------------
  mem_d_ack_i                                                -       -     F     (arrival)                     6  5.0     0     0     300    (-,-) 
  g623287/Y                                                  -       B->Y  R     NOR2x1p5_ASAP7_75t_R          2  1.8    16     7     307    (-,-) 
  g623234/Y                                                  -       A->Y  R     OR2x6_ASAP7_75t_R            10  5.8    12    22     329    (-,-) 
  g623201/Y                                                  -       B->Y  F     NOR2xp33_ASAP7_75t_R          3  1.7    35    20     350    (-,-) 
  g623182/Y                                                  -       B->Y  F     AO21x1_ASAP7_75t_R            3  2.1    14    25     374    (-,-) 
  g623141/Y                                                  -       A->Y  R     NOR2x1_ASAP7_75t_R            2  1.9    18    14     388    (-,-) 
  g623117/Y                                                  -       A->Y  F     NAND3x1_ASAP7_75t_R           3  2.8    23    15     403    (-,-) 
  g722960/Y                                                  -       A->Y  F     OR3x1_ASAP7_75t_R             4  2.3    18    32     435    (-,-) 
  g722623/Y                                                  -       B->Y  R     NAND2xp5_ASAP7_75t_R         11  5.0    55    32     467    (-,-) 
  g722381/Y                                                  -       B->Y  F     NOR2xp33_ASAP7_75t_R          5  3.1    60    46     513    (-,-) 
  g722286/Y                                                  -       A->Y  R     INVx1_ASAP7_75t_R             4  2.2    27    22     535    (-,-) 
  g722141/Y                                                  -       B->Y  R     AND2x2_ASAP7_75t_R           59 29.9   106    68     602    (-,-) 
  g721406/Y                                                  -       B->Y  F     NOR2xp33_ASAP7_75t_R          1  0.6    32    28     630    (-,-) 
  g721322/Y                                                  -       B->Y  F     AO21x1_ASAP7_75t_R           32 22.4   112    72     702    (-,-) 
  g721228/Y                                                  -       A->Y  R     INVx1_ASAP7_75t_R            24 12.2    93    70     772    (-,-) 
  g719489/Y                                                  -       A2->Y R     AO22x1_ASAP7_75t_R            1  0.5    11    30     802    (-,-) 
  g719093/Y                                                  -       C->Y  F     AOI221xp5_ASAP7_75t_R         1  0.5    36     9     811    (-,-) 
  g718732/Y                                                  -       C->Y  R     OAI221xp5_ASAP7_75t_R         1  0.5    37    16     827    (-,-) 
  g718443/Y                                                  -       C->Y  F     AOI221xp5_ASAP7_75t_R         1  0.5    39    14     841    (-,-) 
  g718342/Y                                                  -       C->Y  F     AND5x1_ASAP7_75t_R            1  0.6     7    29     870    (-,-) 
  g718264/Y                                                  -       A->Y  R     NAND5xp2_ASAP7_75t_R          3  1.5    32    13     883    (-,-) 
  g718230/Y                                                  -       A->Y  F     INVxp67_ASAP7_75t_R           2  1.0    15    12     895    (-,-) 
  g718138/Y                                                  -       C->Y  R     OAI221xp5_ASAP7_75t_R         3  1.5    62    15     910    (-,-) 
  g718057/Y                                                  -       C->Y  F     OAI211xp5_ASAP7_75t_R         3  1.5    37    21     932    (-,-) 
  g718000/Y                                                  -       B->Y  R     AOI211xp5_ASAP7_75t_R         2  1.2    37    25     956    (-,-) 
  g717990/Y                                                  -       B->Y  F     OAI21xp5_ASAP7_75t_R          3  1.5    26    16     973    (-,-) 
  g717980/Y                                                  -       B->Y  R     AOI211xp5_ASAP7_75t_R         3  1.6    43    26     998    (-,-) 
  g717971/Y                                                  -       A->Y  F     NAND3xp33_ASAP7_75t_R         3  1.6    37    27    1025    (-,-) 
  g717964/Y                                                  -       A->Y  R     NOR3xp33_ASAP7_75t_R          2  1.1    37    26    1051    (-,-) 
  g717956/Y                                                  -       A->Y  F     NAND3xp33_ASAP7_75t_R         3  1.5    36    25    1076    (-,-) 
  g717948/Y                                                  -       B->Y  R     AOI211xp5_ASAP7_75t_R         3  1.7    44    29    1105    (-,-) 
  g717940/Y                                                  -       B->Y  F     OAI211xp5_ASAP7_75t_R         3  1.5    34    22    1127    (-,-) 
  g717934/Y                                                  -       B->Y  R     AOI211xp5_ASAP7_75t_R         2  1.1    35    23    1150    (-,-) 
  g717928/Y                                                  -       B->Y  F     NAND2xp5_ASAP7_75t_R          4  2.2    31    23    1174    (-,-) 
  g717926/Y                                                  -       A->Y  R     INVx1_ASAP7_75t_R             1  0.6    12    10    1184    (-,-) 
  g717925/Y                                                  -       A->Y  F     NAND4xp25_ASAP7_75t_R         3  1.6    44    23    1206    (-,-) 
  g717921/Y                                                  -       A->Y  R     NOR3xp33_ASAP7_75t_R          3  1.6    47    33    1240    (-,-) 
  g717917/Y                                                  -       B->Y  F     OAI211xp5_ASAP7_75t_R         3  1.7    38    24    1264    (-,-) 
  g717916/Y                                                  -       A->Y  R     NOR3xp33_ASAP7_75t_R          2  1.1    37    26    1290    (-,-) 
  g717914/Y                                                  -       A->Y  R     AND4x1_ASAP7_75t_R            9  5.4    44    47    1337    (-,-) 
  g717913/Y                                                  -       A->Y  F     INVx1_ASAP7_75t_R             7  3.8    28    22    1360    (-,-) 
  g717912/Y                                                  -       A->Y  R     NOR3xp33_ASAP7_75t_R          2  1.1    34    24    1383    (-,-) 
  g717897/Y                                                  -       A->Y  F     NAND3xp33_ASAP7_75t_R         3  1.6    34    25    1408    (-,-) 
  g717885/Y                                                  -       A->Y  F     OR3x1_ASAP7_75t_R             3  1.7    16    33    1440    (-,-) 
  g717868/Y                                                  -       A->Y  F     OR3x1_ASAP7_75t_R             2  1.3    13    26    1467    (-,-) 
  g717865/Y                                                  -       A->Y  R     INVx1_ASAP7_75t_R             2  1.2    11     9    1476    (-,-) 
  g717839/Y                                                  -       A->Y  F     NAND3xp33_ASAP7_75t_R         3  1.8    40    19    1495    (-,-) 
  g717834/Y                                                  -       A->Y  R     INVx1_ASAP7_75t_R             1  0.6    13    11    1506    (-,-) 
  g717828/Y                                                  -       A->Y  F     NAND3xp33_ASAP7_75t_R         2  1.1    30    15    1521    (-,-) 
  g717818/Y                                                  -       B2->Y R     OAI32xp33_ASAP7_75t_R         3  1.6    45    27    1548    (-,-) 
  g717816/Y                                                  -       A->Y  F     INVxp67_ASAP7_75t_R           1  0.5    13    10    1558    (-,-) 
  g717805/Y                                                  -       A1->Y R     OAI221xp5_ASAP7_75t_R         1  0.5    24    17    1575    (-,-) 
  g717803/Y                                                  -       C->Y  F     AOI221xp5_ASAP7_75t_R         1  0.6    25    12    1588    (-,-) 
  g717802/Y                                                  -       A->Y  R     NAND5xp2_ASAP7_75t_R          1  0.6    19    16    1603    (-,-) 
  g717799/Y                                                  -       B->Y  R     AND2x2_ASAP7_75t_R            3  1.5    10    21    1624    (-,-) 
  g717797/Y                                                  -       B->Y  F     NOR2xp33_ASAP7_75t_R          2  1.1    28    15    1639    (-,-) 
  g717793/Y                                                  -       A->Y  R     NAND3xp33_ASAP7_75t_R         9  5.3    65    38    1677    (-,-) 
  g690936/Y                                                  -       C->Y  F     OAI221xp5_ASAP7_75t_R         1  0.6    25    19    1696    (-,-) 
  g688266/Y                                                  -       A2->Y R     AOI211xp5_ASAP7_75t_R         6  3.7    75    40    1736    (-,-) 
  g687865/Y                                                  -       A->Y  F     INVx1_ASAP7_75t_R             4  2.4    27    21    1757    (-,-) 
  g687024/Y                                                  -       A1->Y R     OAI21xp5_ASAP7_75t_R          1  0.6    15    12    1769    (-,-) 
  u_frontend_u_npc_BRANCH_PREDICTION.ras_stack_q_reg[3][0]/D -       -     R     ASYNC_DFFHx1_ASAP7_75t_R      1    -     -     0    1769    (-,-) 
#--------------------------------------------------------------------------------------------------------------------------------------------------



Path 20: MET (29 ps) Setup Check with Pin u_frontend_u_npc_BRANCH_PREDICTION.ras_stack_q_reg[2][0]/CLK->D
          Group: clk
     Startpoint: (F) mem_d_ack_i
          Clock: (R) clk
       Endpoint: (R) u_frontend_u_npc_BRANCH_PREDICTION.ras_stack_q_reg[2][0]/D
          Clock: (R) clk

                     Capture       Launch     
        Clock Edge:+    2000            0     
        Drv Adjust:+       0            0     
       Src Latency:+       0            0     
       Net Latency:+       0 (I)        0 (I) 
           Arrival:=    2000            0     
                                              
             Setup:-       2                  
       Uncertainty:-     200                  
     Required Time:=    1798                  
      Launch Clock:-       0                  
       Input Delay:-     300                  
         Data Path:-    1469                  
             Slack:=      29                  

Exceptions/Constraints:
  input_delay             300             riscv_core.sdc_1_line_29_619_1 

#--------------------------------------------------------------------------------------------------------------------------------------------------
#                       Timing Point                         Flags   Arc   Edge           Cell            Fanout Load Trans Delay Arrival Instance 
#                                                                                                                (fF)  (ps)  (ps)   (ps)  Location 
#--------------------------------------------------------------------------------------------------------------------------------------------------
  mem_d_ack_i                                                -       -     F     (arrival)                     6  5.0     0     0     300    (-,-) 
  g623287/Y                                                  -       B->Y  R     NOR2x1p5_ASAP7_75t_R          2  1.8    16     7     307    (-,-) 
  g623234/Y                                                  -       A->Y  R     OR2x6_ASAP7_75t_R            10  5.8    12    22     329    (-,-) 
  g623201/Y                                                  -       B->Y  F     NOR2xp33_ASAP7_75t_R          3  1.7    35    20     350    (-,-) 
  g623182/Y                                                  -       B->Y  F     AO21x1_ASAP7_75t_R            3  2.1    14    25     374    (-,-) 
  g623141/Y                                                  -       A->Y  R     NOR2x1_ASAP7_75t_R            2  1.9    18    14     388    (-,-) 
  g623117/Y                                                  -       A->Y  F     NAND3x1_ASAP7_75t_R           3  2.8    23    15     403    (-,-) 
  g722960/Y                                                  -       A->Y  F     OR3x1_ASAP7_75t_R             4  2.3    18    32     435    (-,-) 
  g722623/Y                                                  -       B->Y  R     NAND2xp5_ASAP7_75t_R         11  5.0    55    32     467    (-,-) 
  g722381/Y                                                  -       B->Y  F     NOR2xp33_ASAP7_75t_R          5  3.1    60    46     513    (-,-) 
  g722286/Y                                                  -       A->Y  R     INVx1_ASAP7_75t_R             4  2.2    27    22     535    (-,-) 
  g722141/Y                                                  -       B->Y  R     AND2x2_ASAP7_75t_R           59 29.9   106    68     602    (-,-) 
  g721406/Y                                                  -       B->Y  F     NOR2xp33_ASAP7_75t_R          1  0.6    32    28     630    (-,-) 
  g721322/Y                                                  -       B->Y  F     AO21x1_ASAP7_75t_R           32 22.4   112    72     702    (-,-) 
  g721228/Y                                                  -       A->Y  R     INVx1_ASAP7_75t_R            24 12.2    93    70     772    (-,-) 
  g719489/Y                                                  -       A2->Y R     AO22x1_ASAP7_75t_R            1  0.5    11    30     802    (-,-) 
  g719093/Y                                                  -       C->Y  F     AOI221xp5_ASAP7_75t_R         1  0.5    36     9     811    (-,-) 
  g718732/Y                                                  -       C->Y  R     OAI221xp5_ASAP7_75t_R         1  0.5    37    16     827    (-,-) 
  g718443/Y                                                  -       C->Y  F     AOI221xp5_ASAP7_75t_R         1  0.5    39    14     841    (-,-) 
  g718342/Y                                                  -       C->Y  F     AND5x1_ASAP7_75t_R            1  0.6     7    29     870    (-,-) 
  g718264/Y                                                  -       A->Y  R     NAND5xp2_ASAP7_75t_R          3  1.5    32    13     883    (-,-) 
  g718230/Y                                                  -       A->Y  F     INVxp67_ASAP7_75t_R           2  1.0    15    12     895    (-,-) 
  g718138/Y                                                  -       C->Y  R     OAI221xp5_ASAP7_75t_R         3  1.5    62    15     910    (-,-) 
  g718057/Y                                                  -       C->Y  F     OAI211xp5_ASAP7_75t_R         3  1.5    37    21     932    (-,-) 
  g718000/Y                                                  -       B->Y  R     AOI211xp5_ASAP7_75t_R         2  1.2    37    25     956    (-,-) 
  g717990/Y                                                  -       B->Y  F     OAI21xp5_ASAP7_75t_R          3  1.5    26    16     973    (-,-) 
  g717980/Y                                                  -       B->Y  R     AOI211xp5_ASAP7_75t_R         3  1.6    43    26     998    (-,-) 
  g717971/Y                                                  -       A->Y  F     NAND3xp33_ASAP7_75t_R         3  1.6    37    27    1025    (-,-) 
  g717964/Y                                                  -       A->Y  R     NOR3xp33_ASAP7_75t_R          2  1.1    37    26    1051    (-,-) 
  g717956/Y                                                  -       A->Y  F     NAND3xp33_ASAP7_75t_R         3  1.5    36    25    1076    (-,-) 
  g717948/Y                                                  -       B->Y  R     AOI211xp5_ASAP7_75t_R         3  1.7    44    29    1105    (-,-) 
  g717940/Y                                                  -       B->Y  F     OAI211xp5_ASAP7_75t_R         3  1.5    34    22    1127    (-,-) 
  g717934/Y                                                  -       B->Y  R     AOI211xp5_ASAP7_75t_R         2  1.1    35    23    1150    (-,-) 
  g717928/Y                                                  -       B->Y  F     NAND2xp5_ASAP7_75t_R          4  2.2    31    23    1174    (-,-) 
  g717926/Y                                                  -       A->Y  R     INVx1_ASAP7_75t_R             1  0.6    12    10    1184    (-,-) 
  g717925/Y                                                  -       A->Y  F     NAND4xp25_ASAP7_75t_R         3  1.6    44    23    1206    (-,-) 
  g717921/Y                                                  -       A->Y  R     NOR3xp33_ASAP7_75t_R          3  1.6    47    33    1240    (-,-) 
  g717917/Y                                                  -       B->Y  F     OAI211xp5_ASAP7_75t_R         3  1.7    38    24    1264    (-,-) 
  g717916/Y                                                  -       A->Y  R     NOR3xp33_ASAP7_75t_R          2  1.1    37    26    1290    (-,-) 
  g717914/Y                                                  -       A->Y  R     AND4x1_ASAP7_75t_R            9  5.4    44    47    1337    (-,-) 
  g717913/Y                                                  -       A->Y  F     INVx1_ASAP7_75t_R             7  3.8    28    22    1360    (-,-) 
  g717912/Y                                                  -       A->Y  R     NOR3xp33_ASAP7_75t_R          2  1.1    34    24    1383    (-,-) 
  g717897/Y                                                  -       A->Y  F     NAND3xp33_ASAP7_75t_R         3  1.6    34    25    1408    (-,-) 
  g717885/Y                                                  -       A->Y  F     OR3x1_ASAP7_75t_R             3  1.7    16    33    1440    (-,-) 
  g717868/Y                                                  -       A->Y  F     OR3x1_ASAP7_75t_R             2  1.3    13    26    1467    (-,-) 
  g717865/Y                                                  -       A->Y  R     INVx1_ASAP7_75t_R             2  1.2    11     9    1476    (-,-) 
  g717839/Y                                                  -       A->Y  F     NAND3xp33_ASAP7_75t_R         3  1.8    40    19    1495    (-,-) 
  g717834/Y                                                  -       A->Y  R     INVx1_ASAP7_75t_R             1  0.6    13    11    1506    (-,-) 
  g717828/Y                                                  -       A->Y  F     NAND3xp33_ASAP7_75t_R         2  1.1    30    15    1521    (-,-) 
  g717818/Y                                                  -       B2->Y R     OAI32xp33_ASAP7_75t_R         3  1.6    45    27    1548    (-,-) 
  g717816/Y                                                  -       A->Y  F     INVxp67_ASAP7_75t_R           1  0.5    13    10    1558    (-,-) 
  g717805/Y                                                  -       A1->Y R     OAI221xp5_ASAP7_75t_R         1  0.5    24    17    1575    (-,-) 
  g717803/Y                                                  -       C->Y  F     AOI221xp5_ASAP7_75t_R         1  0.6    25    12    1588    (-,-) 
  g717802/Y                                                  -       A->Y  R     NAND5xp2_ASAP7_75t_R          1  0.6    19    16    1603    (-,-) 
  g717799/Y                                                  -       B->Y  R     AND2x2_ASAP7_75t_R            3  1.5    10    21    1624    (-,-) 
  g717797/Y                                                  -       B->Y  F     NOR2xp33_ASAP7_75t_R          2  1.1    28    15    1639    (-,-) 
  g717793/Y                                                  -       A->Y  R     NAND3xp33_ASAP7_75t_R         9  5.3    65    38    1677    (-,-) 
  g690936/Y                                                  -       C->Y  F     OAI221xp5_ASAP7_75t_R         1  0.6    25    19    1696    (-,-) 
  g688266/Y                                                  -       A2->Y R     AOI211xp5_ASAP7_75t_R         6  3.7    75    40    1736    (-,-) 
  g687865/Y                                                  -       A->Y  F     INVx1_ASAP7_75t_R             4  2.4    27    21    1757    (-,-) 
  g687025/Y                                                  -       A1->Y R     OAI21xp5_ASAP7_75t_R          1  0.6    15    12    1769    (-,-) 
  u_frontend_u_npc_BRANCH_PREDICTION.ras_stack_q_reg[2][0]/D -       -     R     ASYNC_DFFHx1_ASAP7_75t_R      1    -     -     0    1769    (-,-) 
#--------------------------------------------------------------------------------------------------------------------------------------------------



Path 21: MET (29 ps) Setup Check with Pin u_frontend_u_npc_BRANCH_PREDICTION.ras_stack_q_reg[1][0]/CLK->D
          Group: clk
     Startpoint: (F) mem_d_ack_i
          Clock: (R) clk
       Endpoint: (R) u_frontend_u_npc_BRANCH_PREDICTION.ras_stack_q_reg[1][0]/D
          Clock: (R) clk

                     Capture       Launch     
        Clock Edge:+    2000            0     
        Drv Adjust:+       0            0     
       Src Latency:+       0            0     
       Net Latency:+       0 (I)        0 (I) 
           Arrival:=    2000            0     
                                              
             Setup:-       2                  
       Uncertainty:-     200                  
     Required Time:=    1798                  
      Launch Clock:-       0                  
       Input Delay:-     300                  
         Data Path:-    1469                  
             Slack:=      29                  

Exceptions/Constraints:
  input_delay             300             riscv_core.sdc_1_line_29_619_1 

#--------------------------------------------------------------------------------------------------------------------------------------------------
#                       Timing Point                         Flags   Arc   Edge           Cell            Fanout Load Trans Delay Arrival Instance 
#                                                                                                                (fF)  (ps)  (ps)   (ps)  Location 
#--------------------------------------------------------------------------------------------------------------------------------------------------
  mem_d_ack_i                                                -       -     F     (arrival)                     6  5.0     0     0     300    (-,-) 
  g623287/Y                                                  -       B->Y  R     NOR2x1p5_ASAP7_75t_R          2  1.8    16     7     307    (-,-) 
  g623234/Y                                                  -       A->Y  R     OR2x6_ASAP7_75t_R            10  5.8    12    22     329    (-,-) 
  g623201/Y                                                  -       B->Y  F     NOR2xp33_ASAP7_75t_R          3  1.7    35    20     350    (-,-) 
  g623182/Y                                                  -       B->Y  F     AO21x1_ASAP7_75t_R            3  2.1    14    25     374    (-,-) 
  g623141/Y                                                  -       A->Y  R     NOR2x1_ASAP7_75t_R            2  1.9    18    14     388    (-,-) 
  g623117/Y                                                  -       A->Y  F     NAND3x1_ASAP7_75t_R           3  2.8    23    15     403    (-,-) 
  g722960/Y                                                  -       A->Y  F     OR3x1_ASAP7_75t_R             4  2.3    18    32     435    (-,-) 
  g722623/Y                                                  -       B->Y  R     NAND2xp5_ASAP7_75t_R         11  5.0    55    32     467    (-,-) 
  g722381/Y                                                  -       B->Y  F     NOR2xp33_ASAP7_75t_R          5  3.1    60    46     513    (-,-) 
  g722286/Y                                                  -       A->Y  R     INVx1_ASAP7_75t_R             4  2.2    27    22     535    (-,-) 
  g722141/Y                                                  -       B->Y  R     AND2x2_ASAP7_75t_R           59 29.9   106    68     602    (-,-) 
  g721406/Y                                                  -       B->Y  F     NOR2xp33_ASAP7_75t_R          1  0.6    32    28     630    (-,-) 
  g721322/Y                                                  -       B->Y  F     AO21x1_ASAP7_75t_R           32 22.4   112    72     702    (-,-) 
  g721228/Y                                                  -       A->Y  R     INVx1_ASAP7_75t_R            24 12.2    93    70     772    (-,-) 
  g719489/Y                                                  -       A2->Y R     AO22x1_ASAP7_75t_R            1  0.5    11    30     802    (-,-) 
  g719093/Y                                                  -       C->Y  F     AOI221xp5_ASAP7_75t_R         1  0.5    36     9     811    (-,-) 
  g718732/Y                                                  -       C->Y  R     OAI221xp5_ASAP7_75t_R         1  0.5    37    16     827    (-,-) 
  g718443/Y                                                  -       C->Y  F     AOI221xp5_ASAP7_75t_R         1  0.5    39    14     841    (-,-) 
  g718342/Y                                                  -       C->Y  F     AND5x1_ASAP7_75t_R            1  0.6     7    29     870    (-,-) 
  g718264/Y                                                  -       A->Y  R     NAND5xp2_ASAP7_75t_R          3  1.5    32    13     883    (-,-) 
  g718230/Y                                                  -       A->Y  F     INVxp67_ASAP7_75t_R           2  1.0    15    12     895    (-,-) 
  g718138/Y                                                  -       C->Y  R     OAI221xp5_ASAP7_75t_R         3  1.5    62    15     910    (-,-) 
  g718057/Y                                                  -       C->Y  F     OAI211xp5_ASAP7_75t_R         3  1.5    37    21     932    (-,-) 
  g718000/Y                                                  -       B->Y  R     AOI211xp5_ASAP7_75t_R         2  1.2    37    25     956    (-,-) 
  g717990/Y                                                  -       B->Y  F     OAI21xp5_ASAP7_75t_R          3  1.5    26    16     973    (-,-) 
  g717980/Y                                                  -       B->Y  R     AOI211xp5_ASAP7_75t_R         3  1.6    43    26     998    (-,-) 
  g717971/Y                                                  -       A->Y  F     NAND3xp33_ASAP7_75t_R         3  1.6    37    27    1025    (-,-) 
  g717964/Y                                                  -       A->Y  R     NOR3xp33_ASAP7_75t_R          2  1.1    37    26    1051    (-,-) 
  g717956/Y                                                  -       A->Y  F     NAND3xp33_ASAP7_75t_R         3  1.5    36    25    1076    (-,-) 
  g717948/Y                                                  -       B->Y  R     AOI211xp5_ASAP7_75t_R         3  1.7    44    29    1105    (-,-) 
  g717940/Y                                                  -       B->Y  F     OAI211xp5_ASAP7_75t_R         3  1.5    34    22    1127    (-,-) 
  g717934/Y                                                  -       B->Y  R     AOI211xp5_ASAP7_75t_R         2  1.1    35    23    1150    (-,-) 
  g717928/Y                                                  -       B->Y  F     NAND2xp5_ASAP7_75t_R          4  2.2    31    23    1174    (-,-) 
  g717926/Y                                                  -       A->Y  R     INVx1_ASAP7_75t_R             1  0.6    12    10    1184    (-,-) 
  g717925/Y                                                  -       A->Y  F     NAND4xp25_ASAP7_75t_R         3  1.6    44    23    1206    (-,-) 
  g717921/Y                                                  -       A->Y  R     NOR3xp33_ASAP7_75t_R          3  1.6    47    33    1240    (-,-) 
  g717917/Y                                                  -       B->Y  F     OAI211xp5_ASAP7_75t_R         3  1.7    38    24    1264    (-,-) 
  g717916/Y                                                  -       A->Y  R     NOR3xp33_ASAP7_75t_R          2  1.1    37    26    1290    (-,-) 
  g717914/Y                                                  -       A->Y  R     AND4x1_ASAP7_75t_R            9  5.4    44    47    1337    (-,-) 
  g717913/Y                                                  -       A->Y  F     INVx1_ASAP7_75t_R             7  3.8    28    22    1360    (-,-) 
  g717912/Y                                                  -       A->Y  R     NOR3xp33_ASAP7_75t_R          2  1.1    34    24    1383    (-,-) 
  g717897/Y                                                  -       A->Y  F     NAND3xp33_ASAP7_75t_R         3  1.6    34    25    1408    (-,-) 
  g717885/Y                                                  -       A->Y  F     OR3x1_ASAP7_75t_R             3  1.7    16    33    1440    (-,-) 
  g717868/Y                                                  -       A->Y  F     OR3x1_ASAP7_75t_R             2  1.3    13    26    1467    (-,-) 
  g717865/Y                                                  -       A->Y  R     INVx1_ASAP7_75t_R             2  1.2    11     9    1476    (-,-) 
  g717839/Y                                                  -       A->Y  F     NAND3xp33_ASAP7_75t_R         3  1.8    40    19    1495    (-,-) 
  g717834/Y                                                  -       A->Y  R     INVx1_ASAP7_75t_R             1  0.6    13    11    1506    (-,-) 
  g717828/Y                                                  -       A->Y  F     NAND3xp33_ASAP7_75t_R         2  1.1    30    15    1521    (-,-) 
  g717818/Y                                                  -       B2->Y R     OAI32xp33_ASAP7_75t_R         3  1.6    45    27    1548    (-,-) 
  g717816/Y                                                  -       A->Y  F     INVxp67_ASAP7_75t_R           1  0.5    13    10    1558    (-,-) 
  g717805/Y                                                  -       A1->Y R     OAI221xp5_ASAP7_75t_R         1  0.5    24    17    1575    (-,-) 
  g717803/Y                                                  -       C->Y  F     AOI221xp5_ASAP7_75t_R         1  0.6    25    12    1588    (-,-) 
  g717802/Y                                                  -       A->Y  R     NAND5xp2_ASAP7_75t_R          1  0.6    19    16    1603    (-,-) 
  g717799/Y                                                  -       B->Y  R     AND2x2_ASAP7_75t_R            3  1.5    10    21    1624    (-,-) 
  g717797/Y                                                  -       B->Y  F     NOR2xp33_ASAP7_75t_R          2  1.1    28    15    1639    (-,-) 
  g717793/Y                                                  -       A->Y  R     NAND3xp33_ASAP7_75t_R         9  5.3    65    38    1677    (-,-) 
  g690936/Y                                                  -       C->Y  F     OAI221xp5_ASAP7_75t_R         1  0.6    25    19    1696    (-,-) 
  g688266/Y                                                  -       A2->Y R     AOI211xp5_ASAP7_75t_R         6  3.7    75    40    1736    (-,-) 
  g687865/Y                                                  -       A->Y  F     INVx1_ASAP7_75t_R             4  2.4    27    21    1757    (-,-) 
  g687080/Y                                                  -       A1->Y R     OAI21xp5_ASAP7_75t_R          1  0.6    15    12    1769    (-,-) 
  u_frontend_u_npc_BRANCH_PREDICTION.ras_stack_q_reg[1][0]/D -       -     R     ASYNC_DFFHx1_ASAP7_75t_R      1    -     -     0    1769    (-,-) 
#--------------------------------------------------------------------------------------------------------------------------------------------------



Path 22: MET (29 ps) Setup Check with Pin u_frontend_u_npc_BRANCH_PREDICTION.ras_stack_q_reg[0][0]/CLK->D
          Group: clk
     Startpoint: (F) mem_d_ack_i
          Clock: (R) clk
       Endpoint: (R) u_frontend_u_npc_BRANCH_PREDICTION.ras_stack_q_reg[0][0]/D
          Clock: (R) clk

                     Capture       Launch     
        Clock Edge:+    2000            0     
        Drv Adjust:+       0            0     
       Src Latency:+       0            0     
       Net Latency:+       0 (I)        0 (I) 
           Arrival:=    2000            0     
                                              
             Setup:-       2                  
       Uncertainty:-     200                  
     Required Time:=    1798                  
      Launch Clock:-       0                  
       Input Delay:-     300                  
         Data Path:-    1469                  
             Slack:=      29                  

Exceptions/Constraints:
  input_delay             300             riscv_core.sdc_1_line_29_619_1 

#--------------------------------------------------------------------------------------------------------------------------------------------------
#                       Timing Point                         Flags   Arc   Edge           Cell            Fanout Load Trans Delay Arrival Instance 
#                                                                                                                (fF)  (ps)  (ps)   (ps)  Location 
#--------------------------------------------------------------------------------------------------------------------------------------------------
  mem_d_ack_i                                                -       -     F     (arrival)                     6  5.0     0     0     300    (-,-) 
  g623287/Y                                                  -       B->Y  R     NOR2x1p5_ASAP7_75t_R          2  1.8    16     7     307    (-,-) 
  g623234/Y                                                  -       A->Y  R     OR2x6_ASAP7_75t_R            10  5.8    12    22     329    (-,-) 
  g623201/Y                                                  -       B->Y  F     NOR2xp33_ASAP7_75t_R          3  1.7    35    20     350    (-,-) 
  g623182/Y                                                  -       B->Y  F     AO21x1_ASAP7_75t_R            3  2.1    14    25     374    (-,-) 
  g623141/Y                                                  -       A->Y  R     NOR2x1_ASAP7_75t_R            2  1.9    18    14     388    (-,-) 
  g623117/Y                                                  -       A->Y  F     NAND3x1_ASAP7_75t_R           3  2.8    23    15     403    (-,-) 
  g722960/Y                                                  -       A->Y  F     OR3x1_ASAP7_75t_R             4  2.3    18    32     435    (-,-) 
  g722623/Y                                                  -       B->Y  R     NAND2xp5_ASAP7_75t_R         11  5.0    55    32     467    (-,-) 
  g722381/Y                                                  -       B->Y  F     NOR2xp33_ASAP7_75t_R          5  3.1    60    46     513    (-,-) 
  g722286/Y                                                  -       A->Y  R     INVx1_ASAP7_75t_R             4  2.2    27    22     535    (-,-) 
  g722141/Y                                                  -       B->Y  R     AND2x2_ASAP7_75t_R           59 29.9   106    68     602    (-,-) 
  g721406/Y                                                  -       B->Y  F     NOR2xp33_ASAP7_75t_R          1  0.6    32    28     630    (-,-) 
  g721322/Y                                                  -       B->Y  F     AO21x1_ASAP7_75t_R           32 22.4   112    72     702    (-,-) 
  g721228/Y                                                  -       A->Y  R     INVx1_ASAP7_75t_R            24 12.2    93    70     772    (-,-) 
  g719489/Y                                                  -       A2->Y R     AO22x1_ASAP7_75t_R            1  0.5    11    30     802    (-,-) 
  g719093/Y                                                  -       C->Y  F     AOI221xp5_ASAP7_75t_R         1  0.5    36     9     811    (-,-) 
  g718732/Y                                                  -       C->Y  R     OAI221xp5_ASAP7_75t_R         1  0.5    37    16     827    (-,-) 
  g718443/Y                                                  -       C->Y  F     AOI221xp5_ASAP7_75t_R         1  0.5    39    14     841    (-,-) 
  g718342/Y                                                  -       C->Y  F     AND5x1_ASAP7_75t_R            1  0.6     7    29     870    (-,-) 
  g718264/Y                                                  -       A->Y  R     NAND5xp2_ASAP7_75t_R          3  1.5    32    13     883    (-,-) 
  g718230/Y                                                  -       A->Y  F     INVxp67_ASAP7_75t_R           2  1.0    15    12     895    (-,-) 
  g718138/Y                                                  -       C->Y  R     OAI221xp5_ASAP7_75t_R         3  1.5    62    15     910    (-,-) 
  g718057/Y                                                  -       C->Y  F     OAI211xp5_ASAP7_75t_R         3  1.5    37    21     932    (-,-) 
  g718000/Y                                                  -       B->Y  R     AOI211xp5_ASAP7_75t_R         2  1.2    37    25     956    (-,-) 
  g717990/Y                                                  -       B->Y  F     OAI21xp5_ASAP7_75t_R          3  1.5    26    16     973    (-,-) 
  g717980/Y                                                  -       B->Y  R     AOI211xp5_ASAP7_75t_R         3  1.6    43    26     998    (-,-) 
  g717971/Y                                                  -       A->Y  F     NAND3xp33_ASAP7_75t_R         3  1.6    37    27    1025    (-,-) 
  g717964/Y                                                  -       A->Y  R     NOR3xp33_ASAP7_75t_R          2  1.1    37    26    1051    (-,-) 
  g717956/Y                                                  -       A->Y  F     NAND3xp33_ASAP7_75t_R         3  1.5    36    25    1076    (-,-) 
  g717948/Y                                                  -       B->Y  R     AOI211xp5_ASAP7_75t_R         3  1.7    44    29    1105    (-,-) 
  g717940/Y                                                  -       B->Y  F     OAI211xp5_ASAP7_75t_R         3  1.5    34    22    1127    (-,-) 
  g717934/Y                                                  -       B->Y  R     AOI211xp5_ASAP7_75t_R         2  1.1    35    23    1150    (-,-) 
  g717928/Y                                                  -       B->Y  F     NAND2xp5_ASAP7_75t_R          4  2.2    31    23    1174    (-,-) 
  g717926/Y                                                  -       A->Y  R     INVx1_ASAP7_75t_R             1  0.6    12    10    1184    (-,-) 
  g717925/Y                                                  -       A->Y  F     NAND4xp25_ASAP7_75t_R         3  1.6    44    23    1206    (-,-) 
  g717921/Y                                                  -       A->Y  R     NOR3xp33_ASAP7_75t_R          3  1.6    47    33    1240    (-,-) 
  g717917/Y                                                  -       B->Y  F     OAI211xp5_ASAP7_75t_R         3  1.7    38    24    1264    (-,-) 
  g717916/Y                                                  -       A->Y  R     NOR3xp33_ASAP7_75t_R          2  1.1    37    26    1290    (-,-) 
  g717914/Y                                                  -       A->Y  R     AND4x1_ASAP7_75t_R            9  5.4    44    47    1337    (-,-) 
  g717913/Y                                                  -       A->Y  F     INVx1_ASAP7_75t_R             7  3.8    28    22    1360    (-,-) 
  g717912/Y                                                  -       A->Y  R     NOR3xp33_ASAP7_75t_R          2  1.1    34    24    1383    (-,-) 
  g717897/Y                                                  -       A->Y  F     NAND3xp33_ASAP7_75t_R         3  1.6    34    25    1408    (-,-) 
  g717885/Y                                                  -       A->Y  F     OR3x1_ASAP7_75t_R             3  1.7    16    33    1440    (-,-) 
  g717868/Y                                                  -       A->Y  F     OR3x1_ASAP7_75t_R             2  1.3    13    26    1467    (-,-) 
  g717865/Y                                                  -       A->Y  R     INVx1_ASAP7_75t_R             2  1.2    11     9    1476    (-,-) 
  g717839/Y                                                  -       A->Y  F     NAND3xp33_ASAP7_75t_R         3  1.8    40    19    1495    (-,-) 
  g717834/Y                                                  -       A->Y  R     INVx1_ASAP7_75t_R             1  0.6    13    11    1506    (-,-) 
  g717828/Y                                                  -       A->Y  F     NAND3xp33_ASAP7_75t_R         2  1.1    30    15    1521    (-,-) 
  g717818/Y                                                  -       B2->Y R     OAI32xp33_ASAP7_75t_R         3  1.6    45    27    1548    (-,-) 
  g717816/Y                                                  -       A->Y  F     INVxp67_ASAP7_75t_R           1  0.5    13    10    1558    (-,-) 
  g717805/Y                                                  -       A1->Y R     OAI221xp5_ASAP7_75t_R         1  0.5    24    17    1575    (-,-) 
  g717803/Y                                                  -       C->Y  F     AOI221xp5_ASAP7_75t_R         1  0.6    25    12    1588    (-,-) 
  g717802/Y                                                  -       A->Y  R     NAND5xp2_ASAP7_75t_R          1  0.6    19    16    1603    (-,-) 
  g717799/Y                                                  -       B->Y  R     AND2x2_ASAP7_75t_R            3  1.5    10    21    1624    (-,-) 
  g717797/Y                                                  -       B->Y  F     NOR2xp33_ASAP7_75t_R          2  1.1    28    15    1639    (-,-) 
  g717793/Y                                                  -       A->Y  R     NAND3xp33_ASAP7_75t_R         9  5.3    65    38    1677    (-,-) 
  g690936/Y                                                  -       C->Y  F     OAI221xp5_ASAP7_75t_R         1  0.6    25    19    1696    (-,-) 
  g688266/Y                                                  -       A2->Y R     AOI211xp5_ASAP7_75t_R         6  3.7    75    40    1736    (-,-) 
  g687865/Y                                                  -       A->Y  F     INVx1_ASAP7_75t_R             4  2.4    27    21    1757    (-,-) 
  g687079/Y                                                  -       A1->Y R     OAI21xp5_ASAP7_75t_R          1  0.6    15    12    1769    (-,-) 
  u_frontend_u_npc_BRANCH_PREDICTION.ras_stack_q_reg[0][0]/D -       -     R     ASYNC_DFFHx1_ASAP7_75t_R      1    -     -     0    1769    (-,-) 
#--------------------------------------------------------------------------------------------------------------------------------------------------



Path 23: MET (30 ps) Setup Check with Pin retime_s333_1766_reg/CLK->D
          Group: clk
     Startpoint: (R) mem_d_ack_i
          Clock: (R) clk
       Endpoint: (R) retime_s333_1766_reg/D
          Clock: (R) clk

                     Capture       Launch     
        Clock Edge:+    2000            0     
        Drv Adjust:+       0            0     
       Src Latency:+       0            0     
       Net Latency:+       0 (I)        0 (I) 
           Arrival:=    2000            0     
                                              
             Setup:-       5                  
       Uncertainty:-     200                  
     Required Time:=    1795                  
      Launch Clock:-       0                  
       Input Delay:-     300                  
         Data Path:-    1465                  
             Slack:=      30                  

Exceptions/Constraints:
  input_delay             300             riscv_core.sdc_1_line_29_619_1 

#--------------------------------------------------------------------------------------------------------------
#     Timing Point       Flags   Arc   Edge           Cell            Fanout Load Trans Delay Arrival Instance 
#                                                                            (fF)  (ps)  (ps)   (ps)  Location 
#--------------------------------------------------------------------------------------------------------------
  mem_d_ack_i            -       -     R     (arrival)                     6  5.0     0     0     300    (-,-) 
  g623287/Y              -       B->Y  F     NOR2x1p5_ASAP7_75t_R          2  1.8    16     6     306    (-,-) 
  g623234/Y              -       A->Y  F     OR2x6_ASAP7_75t_R            10  5.8    12    27     332    (-,-) 
  g623201/Y              -       B->Y  R     NOR2xp33_ASAP7_75t_R          3  1.7    40    23     355    (-,-) 
  g623182/Y              -       B->Y  R     AO21x1_ASAP7_75t_R            3  1.9    15    20     376    (-,-) 
  g623141/Y              -       A->Y  F     NOR2x1_ASAP7_75t_R            2  1.9    16    14     390    (-,-) 
  g623117/Y              -       A->Y  R     NAND3x1_ASAP7_75t_R           3  2.8    32    19     408    (-,-) 
  g623091/Y              -       A->Y  R     OR2x6_ASAP7_75t_R            31 19.4    28    35     443    (-,-) 
  g663371/Y              -       A->Y  F     INVx3_ASAP7_75t_R            44 26.1    47    30     474    (-,-) 
  g662645/Y              -       A2->Y R     OAI22xp5_ASAP7_75t_R          3  1.4    32    23     497    (-,-) 
  g662496/Y              -       C->Y  F     NAND4xp25_ASAP7_75t_R         1  0.6    27    19     516    (-,-) 
  g662365/Y              -       A2->Y R     OAI22xp5_ASAP7_75t_R          6  3.9    54    32     549    (-,-) 
  g662340/Y              -       A->Y  F     INVx2_ASAP7_75t_R             8  4.1    21    16     566    (-,-) 
  g662279/Y              -       A->Y  R     NOR3xp33_ASAP7_75t_R          4  2.4    57    34     599    (-,-) 
  g662183/Y              -       A1->Y F     OAI31xp33_ASAP7_75t_R         4  2.2    44    27     626    (-,-) 
  g662165/Y              -       A->Y  R     INVx1_ASAP7_75t_R             5  2.6    26    21     647    (-,-) 
  g662109/Y              -       A1->Y F     OAI221xp5_ASAP7_75t_R         4  2.4    42    24     671    (-,-) 
  g661792/Y              -       B1->Y R     AOI221xp5_ASAP7_75t_R         1  0.5    28    20     691    (-,-) 
  g661589/Y              -       A1->Y F     AOI31xp33_ASAP7_75t_R         1  0.6    24    14     704    (-,-) 
  g661428/Y              -       C->Y  R     O2A1O1Ixp33_ASAP7_75t_R       1  0.5    23    16     720    (-,-) 
  g661233/Y              -       A1->Y F     OAI221xp5_ASAP7_75t_R         1  0.6    22    13     733    (-,-) 
  g661031/Y              -       B->Y  R     AOI21xp5_ASAP7_75t_R          1  0.6    19    13     746    (-,-) 
  g660969/Y              -       A->Y  R     AND5x1_ASAP7_75t_R            1  0.6    16    32     778    (-,-) 
  g660835/Y              -       A->Y  F     NAND4xp25_ASAP7_75t_R         3  2.3    56    30     809    (-,-) 
  g660770/Y              -       B->Y  F     OR2x2_ASAP7_75t_R            20 10.6    34    46     855    (-,-) 
  g660713/Y              -       A->Y  F     OR5x2_ASAP7_75t_R            39 21.3    71    82     937    (-,-) 
  g660610/Y              -       B->Y  R     NOR2x1_ASAP7_75t_R           28 15.9   117    75    1012    (-,-) 
  g660594/Y              -       A->Y  F     INVx1_ASAP7_75t_R            26 15.1    94    70    1082    (-,-) 
  g660519/Y              -       B2->Y R     OAI22xp5_ASAP7_75t_R          5  2.5    55    43    1125    (-,-) 
  g660430/Y              -       B->Y  F     NOR2xp33_ASAP7_75t_R          2  1.3    34    30    1154    (-,-) 
  g660425/Y              -       B->Y  R     NAND2xp5_ASAP7_75t_R          3  1.5    31    21    1175    (-,-) 
  g660423/Y              -       A->Y  R     OR5x1_ASAP7_75t_R             2  1.0    12    22    1197    (-,-) 
  g660402/Y              -       A2->Y F     A2O1A1Ixp33_ASAP7_75t_R       5  3.2    66    27    1224    (-,-) 
  g660396/Y              -       A1->Y R     OAI221xp5_ASAP7_75t_R         2  1.2    46    38    1262    (-,-) 
  ADD_UNS_OP1145_g4561/Y -       B->Y  F     NAND2xp5_ASAP7_75t_R          3  2.2    33    26    1288    (-,-) 
  ADD_UNS_OP1145_g4508/Y -       A1->Y F     AO21x1_ASAP7_75t_R            2  1.6    12    24    1312    (-,-) 
  ADD_UNS_OP1145_g4502/Y -       A2->Y F     AO21x1_ASAP7_75t_R            2  1.6    12    18    1330    (-,-) 
  ADD_UNS_OP1145_g4498/Y -       A2->Y F     AO21x1_ASAP7_75t_R            2  1.6    12    18    1348    (-,-) 
  ADD_UNS_OP1145_g4494/Y -       A2->Y F     AO21x1_ASAP7_75t_R            2  1.6    12    18    1366    (-,-) 
  ADD_UNS_OP1145_g4491/Y -       A2->Y F     AO21x1_ASAP7_75t_R            2  1.6    12    18    1384    (-,-) 
  ADD_UNS_OP1145_g4489/Y -       A2->Y F     AO21x1_ASAP7_75t_R            2  1.6    12    18    1402    (-,-) 
  ADD_UNS_OP1145_g4487/Y -       A2->Y F     AO21x1_ASAP7_75t_R            2  1.6    12    18    1420    (-,-) 
  ADD_UNS_OP1145_g4485/Y -       A2->Y F     AO21x1_ASAP7_75t_R            2  1.6    12    18    1438    (-,-) 
  ADD_UNS_OP1145_g4483/Y -       A2->Y R     OAI21xp5_ASAP7_75t_R          2  1.7    26    16    1453    (-,-) 
  ADD_UNS_OP1145_g4481/Y -       A->Y  F     MAJIxp5_ASAP7_75t_R           2  1.6    33    20    1473    (-,-) 
  ADD_UNS_OP1145_g4478/Y -       A2->Y F     AO21x1_ASAP7_75t_R            2  1.6    12    22    1496    (-,-) 
  ADD_UNS_OP1145_g4476/Y -       A2->Y F     OA21x2_ASAP7_75t_R            2  1.6     9    19    1515    (-,-) 
  ADD_UNS_OP1145_g4474/Y -       A2->Y F     AO21x1_ASAP7_75t_R            2  1.6    12    17    1532    (-,-) 
  ADD_UNS_OP1145_g4472/Y -       A2->Y F     AO21x1_ASAP7_75t_R            2  1.6    12    18    1550    (-,-) 
  ADD_UNS_OP1145_g4470/Y -       A2->Y F     AO21x1_ASAP7_75t_R            2  1.6    12    18    1568    (-,-) 
  ADD_UNS_OP1145_g4468/Y -       A2->Y F     AO21x1_ASAP7_75t_R            2  1.6    12    18    1586    (-,-) 
  ADD_UNS_OP1145_g4466/Y -       A2->Y F     AO21x1_ASAP7_75t_R            2  1.6    12    18    1604    (-,-) 
  ADD_UNS_OP1145_g4464/Y -       A2->Y F     AO21x1_ASAP7_75t_R            2  1.6    12    18    1622    (-,-) 
  ADD_UNS_OP1145_g4462/Y -       A2->Y F     AO21x1_ASAP7_75t_R            2  1.6    12    18    1640    (-,-) 
  ADD_UNS_OP1145_g4460/Y -       A2->Y F     AO21x1_ASAP7_75t_R            2  1.6    12    18    1658    (-,-) 
  ADD_UNS_OP1145_g4458/Y -       A2->Y F     AO21x1_ASAP7_75t_R            2  1.6    12    18    1676    (-,-) 
  ADD_UNS_OP1145_g4456/Y -       A2->Y F     AO21x1_ASAP7_75t_R            2  1.6    12    18    1693    (-,-) 
  ADD_UNS_OP1145_g4454/Y -       A2->Y F     AO21x1_ASAP7_75t_R            2  1.6    12    18    1711    (-,-) 
  ADD_UNS_OP1145_g4452/Y -       A2->Y F     AO21x1_ASAP7_75t_R            2  1.6    12    18    1729    (-,-) 
  ADD_UNS_OP1145_g4451/Y -       B->Y  F     XNOR2xp5_ASAP7_75t_R          1  0.5    14    18    1747    (-,-) 
  g730135/Y              -       A3->Y R     AOI32xp33_ASAP7_75t_R         1  0.6    55    18    1765    (-,-) 
  retime_s333_1766_reg/D -       -     R     ASYNC_DFFHx1_ASAP7_75t_R      1    -     -     0    1765    (-,-) 
#--------------------------------------------------------------------------------------------------------------



Path 24: MET (31 ps) Setup Check with Pin u_issue_add_243_22_Y_u_issue_add_241_22_retime_s35_1_reg/CLK->D
          Group: clk
     Startpoint: (F) mem_d_ack_i
          Clock: (R) clk
       Endpoint: (R) u_issue_add_243_22_Y_u_issue_add_241_22_retime_s35_1_reg/D
          Clock: (R) clk

                     Capture       Launch     
        Clock Edge:+    2000            0     
        Drv Adjust:+       0            0     
       Src Latency:+       0            0     
       Net Latency:+       0 (I)        0 (I) 
           Arrival:=    2000            0     
                                              
             Setup:-       4                  
       Uncertainty:-     200                  
     Required Time:=    1796                  
      Launch Clock:-       0                  
       Input Delay:-     300                  
         Data Path:-    1465                  
             Slack:=      31                  

Exceptions/Constraints:
  input_delay             300             riscv_core.sdc_1_line_29_619_1 

#--------------------------------------------------------------------------------------------------------------------------------------------------
#                       Timing Point                         Flags   Arc   Edge           Cell            Fanout Load Trans Delay Arrival Instance 
#                                                                                                                (fF)  (ps)  (ps)   (ps)  Location 
#--------------------------------------------------------------------------------------------------------------------------------------------------
  mem_d_ack_i                                                -       -     F     (arrival)                     6  5.0     0     0     300    (-,-) 
  g623287/Y                                                  -       B->Y  R     NOR2x1p5_ASAP7_75t_R          2  1.8    16     7     307    (-,-) 
  g623234/Y                                                  -       A->Y  R     OR2x6_ASAP7_75t_R            10  5.8    12    22     329    (-,-) 
  g623201/Y                                                  -       B->Y  F     NOR2xp33_ASAP7_75t_R          3  1.7    35    20     350    (-,-) 
  g623182/Y                                                  -       B->Y  F     AO21x1_ASAP7_75t_R            3  2.1    14    25     374    (-,-) 
  g623141/Y                                                  -       A->Y  R     NOR2x1_ASAP7_75t_R            2  1.9    18    14     388    (-,-) 
  g623117/Y                                                  -       A->Y  F     NAND3x1_ASAP7_75t_R           3  2.8    23    15     403    (-,-) 
  g623093/Y                                                  -       B->Y  R     NOR2x1_ASAP7_75t_R            5  2.7    28    19     422    (-,-) 
  g623092/Y                                                  -       A->Y  F     INVx1_ASAP7_75t_R            13  6.4    36    25     447    (-,-) 
  g623074/Y                                                  -       B->Y  R     NOR2xp33_ASAP7_75t_R          1  0.6    23    19     466    (-,-) 
  g623069/Y                                                  -       B->Y  R     AO21x1_ASAP7_75t_R           23 12.7    77    46     512    (-,-) 
  g663234/Y                                                  -       A->Y  F     NOR2xp33_ASAP7_75t_R          3  1.7    46    40     552    (-,-) 
  g662889/Y                                                  -       A->Y  R     NAND3xp33_ASAP7_75t_R         2  0.9    24    20     572    (-,-) 
  g662685/Y                                                  -       B->Y  F     NOR2xp33_ASAP7_75t_R          2  1.3    39    21     594    (-,-) 
  g662651/Y                                                  -       A->Y  R     INVx1_ASAP7_75t_R             3  1.8    20    17     610    (-,-) 
  g662502/Y                                                  -       B->Y  F     NAND2xp5_ASAP7_75t_R          3  1.7    22    17     627    (-,-) 
  g661914/Y                                                  -       A->Y  R     NOR3xp33_ASAP7_75t_R          2  1.1    35    22     649    (-,-) 
  g661817/Y                                                  -       B->Y  F     NAND2xp5_ASAP7_75t_R          2  1.8    27    21     670    (-,-) 
  g661769/Y                                                  -       A->Y  R     INVx1_ASAP7_75t_R             2  1.2    14    12     682    (-,-) 
  g661716/Y                                                  -       A->Y  R     AND3x1_ASAP7_75t_R            3  1.8    18    25     707    (-,-) 
  g661614/Y                                                  -       A->Y  R     AND3x1_ASAP7_75t_R           12  6.0    46    40     747    (-,-) 
  g661558/Y                                                  -       A->Y  F     INVx1_ASAP7_75t_R            21 12.4    66    45     792    (-,-) 
  g661127/Y                                                  -       A2->Y R     OAI211xp5_ASAP7_75t_R        10  5.4   105    68     860    (-,-) 
  g661082/Y                                                  -       A->Y  F     INVx1_ASAP7_75t_R             8  4.6    44    34     894    (-,-) 
  g660986/Y                                                  -       A->Y  F     AND2x2_ASAP7_75t_R            2  1.1    10    29     922    (-,-) 
  g660782/Y                                                  -       B->Y  R     NOR4xp25_ASAP7_75t_R          1  0.5    33    19     941    (-,-) 
  g660703/Y                                                  -       A->Y  F     NAND5xp2_ASAP7_75t_R          1  0.6    34    22     964    (-,-) 
  g660615/Y                                                  -       A->Y  R     NOR5xp2_ASAP7_75t_R           1  0.5    43    26     989    (-,-) 
  g660480/Y                                                  -       B->Y  F     NAND5xp2_ASAP7_75t_R          1  0.6    37    25    1015    (-,-) 
  g660422/Y                                                  -       D->Y  F     OR4x1_ASAP7_75t_R             2  1.2    15    38    1053    (-,-) 
  g660412/Y                                                  -       B->Y  R     NAND2xp5_ASAP7_75t_R          1  0.6    21    10    1063    (-,-) 
  g660400/Y                                                  -       B->Y  F     O2A1O1Ixp33_ASAP7_75t_R       1  0.4    13    11    1074    (-,-) 
  g660398/Y                                                  -       B->Y  R     NOR2xp33_ASAP7_75t_R          1  0.5    26    12    1086    (-,-) 
  g660359/Y                                                  -       C->Y  F     OAI221xp5_ASAP7_75t_R         3  1.9    36    23    1109    (-,-) 
  g660358/Y                                                  -       A->Y  R     INVx1_ASAP7_75t_R             1  0.4    11     9    1118    (-,-) 
  g660357/Y                                                  -       B->Y  F     NOR2xp33_ASAP7_75t_R          2  1.3    44    17    1135    (-,-) 
  g660356/Y                                                  -       A->Y  R     INVx1_ASAP7_75t_R             3  2.2    24    19    1154    (-,-) 
  g660354/Y                                                  -       A->Y  F     NAND3xp33_ASAP7_75t_R         2  1.2    34    19    1173    (-,-) 
  g619869/Y                                                  -       A->Y  R     INVx1_ASAP7_75t_R             2  1.2    16    13    1187    (-,-) 
  u_issue_add_243_22_Y_u_issue_add_241_22_g1674/Y            -       B->Y  F     NAND2xp5_ASAP7_75t_R          3  2.3    27    18    1205    (-,-) 
  u_issue_add_243_22_Y_u_issue_add_241_22_g1669/Y            -       A1->Y R     OAI21xp5_ASAP7_75t_R          2  1.7    27    19    1224    (-,-) 
  u_issue_add_243_22_Y_u_issue_add_241_22_g1667/Y            -       B->Y  F     NAND2xp5_ASAP7_75t_R          2  0.8    16    13    1237    (-,-) 
  u_issue_add_243_22_Y_u_issue_add_241_22_g1665/Y            -       B->Y  R     NOR2xp33_ASAP7_75t_R          3  2.0    44    27    1264    (-,-) 
  u_issue_add_243_22_Y_u_issue_add_241_22_g1663/Y            -       A->Y  F     NAND2xp33_ASAP7_75t_R         2  0.8    21    17    1280    (-,-) 
  u_issue_add_243_22_Y_u_issue_add_241_22_g1661/Y            -       B->Y  R     NOR2xp33_ASAP7_75t_R          3  2.2    49    30    1310    (-,-) 
  u_issue_add_243_22_Y_u_issue_add_241_22_g1659/Y            -       B->Y  F     NAND2xp5_ASAP7_75t_R          2  0.8    20    16    1327    (-,-) 
  u_issue_add_243_22_Y_u_issue_add_241_22_g1657/Y            -       B->Y  R     NOR2xp33_ASAP7_75t_R          3  2.0    45    28    1355    (-,-) 
  u_issue_add_243_22_Y_u_issue_add_241_22_g1655/Y            -       B->Y  F     NAND2xp5_ASAP7_75t_R          2  1.0    22    18    1372    (-,-) 
  u_issue_add_243_22_Y_u_issue_add_241_22_g1653/Y            -       B->Y  R     NOR2xp33_ASAP7_75t_R          3  1.9    43    28    1400    (-,-) 
  u_issue_add_243_22_Y_u_issue_add_241_22_g1651/Y            -       A->Y  F     NAND2xp33_ASAP7_75t_R         2  1.0    23    18    1419    (-,-) 
  u_issue_add_243_22_Y_u_issue_add_241_22_g1649/Y            -       B->Y  R     NOR2xp33_ASAP7_75t_R          3  2.1    48    30    1449    (-,-) 
  u_issue_add_243_22_Y_u_issue_add_241_22_g1647/Y            -       B->Y  F     NAND2xp5_ASAP7_75t_R          2  1.0    22    18    1466    (-,-) 
  u_issue_add_243_22_Y_u_issue_add_241_22_g1645/Y            -       B->Y  R     NOR2xp33_ASAP7_75t_R          3  2.1    47    30    1496    (-,-) 
  u_issue_add_243_22_Y_u_issue_add_241_22_g1643/Y            -       B->Y  F     NAND2xp5_ASAP7_75t_R          2  1.0    22    18    1514    (-,-) 
  u_issue_add_243_22_Y_u_issue_add_241_22_g1641/Y            -       B->Y  R     NOR2xp33_ASAP7_75t_R          3  1.9    44    28    1542    (-,-) 
  u_issue_add_243_22_Y_u_issue_add_241_22_g1639/Y            -       A->Y  F     NAND2xp33_ASAP7_75t_R         2  1.0    23    18    1560    (-,-) 
  u_issue_add_243_22_Y_u_issue_add_241_22_g1637/Y            -       B->Y  R     NOR2xp33_ASAP7_75t_R          3  2.1    48    30    1590    (-,-) 
  u_issue_add_243_22_Y_u_issue_add_241_22_g1635/Y            -       B->Y  F     NAND2xp5_ASAP7_75t_R          2  1.0    22    18    1608    (-,-) 
  u_issue_add_243_22_Y_u_issue_add_241_22_g1633/Y            -       B->Y  R     NOR2xp33_ASAP7_75t_R          3  2.1    47    30    1638    (-,-) 
  u_issue_add_243_22_Y_u_issue_add_241_22_g1631/Y            -       B->Y  F     NAND2xp5_ASAP7_75t_R          2  1.0    22    18    1656    (-,-) 
  u_issue_add_243_22_Y_u_issue_add_241_22_g1629/Y            -       B->Y  R     NOR2xp33_ASAP7_75t_R          3  2.1    47    30    1685    (-,-) 
  u_issue_add_243_22_Y_u_issue_add_241_22_g1627/Y            -       B->Y  F     NAND2xp5_ASAP7_75t_R          2  1.0    22    18    1703    (-,-) 
  u_issue_add_243_22_Y_u_issue_add_241_22_g1625/Y            -       B->Y  R     NOR2xp33_ASAP7_75t_R          3  1.7    40    26    1729    (-,-) 
  u_issue_add_243_22_Y_u_issue_add_241_22_g1623/Y            -       B->Y  F     NAND2xp5_ASAP7_75t_R          3  1.6    26    21    1750    (-,-) 
  u_issue_add_243_22_Y_u_issue_add_241_22_g1123/Y            -       B2->Y R     AOI22xp5_ASAP7_75t_R          1  0.6    36    15    1765    (-,-) 
  u_issue_add_243_22_Y_u_issue_add_241_22_retime_s35_1_reg/D -       -     R     ASYNC_DFFHx1_ASAP7_75t_R      1    -     -     0    1765    (-,-) 
#--------------------------------------------------------------------------------------------------------------------------------------------------



Path 25: MET (31 ps) Setup Check with Pin u_div_sub_159_34_Y_u_div_minus_135_27_retime_s410_1_reg/CLK->D
          Group: clk
     Startpoint: (R) mem_d_ack_i
          Clock: (R) clk
       Endpoint: (R) u_div_sub_159_34_Y_u_div_minus_135_27_retime_s410_1_reg/D
          Clock: (R) clk

                     Capture       Launch     
        Clock Edge:+    2000            0     
        Drv Adjust:+       0            0     
       Src Latency:+       0            0     
       Net Latency:+       0 (I)        0 (I) 
           Arrival:=    2000            0     
                                              
             Setup:-       4                  
       Uncertainty:-     200                  
     Required Time:=    1796                  
      Launch Clock:-       0                  
       Input Delay:-     300                  
         Data Path:-    1465                  
             Slack:=      31                  

Exceptions/Constraints:
  input_delay             300             riscv_core.sdc_1_line_29_619_1 

#-------------------------------------------------------------------------------------------------------------------------------------------------
#                       Timing Point                        Flags   Arc   Edge           Cell            Fanout Load Trans Delay Arrival Instance 
#                                                                                                               (fF)  (ps)  (ps)   (ps)  Location 
#-------------------------------------------------------------------------------------------------------------------------------------------------
  mem_d_ack_i                                               -       -     R     (arrival)                     6  5.0     0     0     300    (-,-) 
  g623287/Y                                                 -       B->Y  F     NOR2x1p5_ASAP7_75t_R          2  1.8    16     6     306    (-,-) 
  g623234/Y                                                 -       A->Y  F     OR2x6_ASAP7_75t_R            10  5.8    12    27     332    (-,-) 
  g623201/Y                                                 -       B->Y  R     NOR2xp33_ASAP7_75t_R          3  1.7    40    23     355    (-,-) 
  g623182/Y                                                 -       B->Y  R     AO21x1_ASAP7_75t_R            3  1.9    15    20     376    (-,-) 
  g623141/Y                                                 -       A->Y  F     NOR2x1_ASAP7_75t_R            2  1.9    16    14     390    (-,-) 
  g623117/Y                                                 -       A->Y  R     NAND3x1_ASAP7_75t_R           3  2.8    32    19     408    (-,-) 
  g623091/Y                                                 -       A->Y  R     OR2x6_ASAP7_75t_R            31 19.4    28    35     443    (-,-) 
  g663371/Y                                                 -       A->Y  F     INVx3_ASAP7_75t_R            44 26.1    47    30     474    (-,-) 
  g662645/Y                                                 -       A2->Y R     OAI22xp5_ASAP7_75t_R          3  1.4    32    23     497    (-,-) 
  g662496/Y                                                 -       C->Y  F     NAND4xp25_ASAP7_75t_R         1  0.6    27    19     516    (-,-) 
  g662365/Y                                                 -       A2->Y R     OAI22xp5_ASAP7_75t_R          6  3.9    54    32     549    (-,-) 
  g662340/Y                                                 -       A->Y  F     INVx2_ASAP7_75t_R             8  4.1    21    16     566    (-,-) 
  g662279/Y                                                 -       A->Y  R     NOR3xp33_ASAP7_75t_R          4  2.4    57    34     599    (-,-) 
  g662183/Y                                                 -       A1->Y F     OAI31xp33_ASAP7_75t_R         4  2.2    44    27     626    (-,-) 
  g662165/Y                                                 -       A->Y  R     INVx1_ASAP7_75t_R             5  2.6    26    21     647    (-,-) 
  g662109/Y                                                 -       A1->Y F     OAI221xp5_ASAP7_75t_R         4  2.4    42    24     671    (-,-) 
  g661792/Y                                                 -       B1->Y R     AOI221xp5_ASAP7_75t_R         1  0.5    28    20     691    (-,-) 
  g661589/Y                                                 -       A1->Y F     AOI31xp33_ASAP7_75t_R         1  0.6    24    14     704    (-,-) 
  g661428/Y                                                 -       C->Y  R     O2A1O1Ixp33_ASAP7_75t_R       1  0.5    23    16     720    (-,-) 
  g661233/Y                                                 -       A1->Y F     OAI221xp5_ASAP7_75t_R         1  0.6    22    13     733    (-,-) 
  g661031/Y                                                 -       B->Y  R     AOI21xp5_ASAP7_75t_R          1  0.6    19    13     746    (-,-) 
  g660969/Y                                                 -       A->Y  R     AND5x1_ASAP7_75t_R            1  0.6    16    32     778    (-,-) 
  g660835/Y                                                 -       A->Y  F     NAND4xp25_ASAP7_75t_R         3  2.3    56    30     809    (-,-) 
  g660771/Y                                                 -       B->Y  F     OR2x6_ASAP7_75t_R           162 95.1    96    78     886    (-,-) 
  g724256/Y                                                 -       A->Y  R     INVx2_ASAP7_75t_R             7  3.8    30    24     911    (-,-) 
  g660707/Y                                                 -       B->Y  F     NAND2xp5_ASAP7_75t_R          2  0.9    18    14     925    (-,-) 
  g660609/Y                                                 -       A->Y  F     OR2x2_ASAP7_75t_R            32 19.0    57    48     973    (-,-) 
  g660471/Y                                                 -       A2->Y R     OAI22xp5_ASAP7_75t_R          1  0.7    26    19     992    (-,-) 
  u_div_sub_159_34_Y_u_div_minus_135_27_g4361/Y             -       A->Y  F     INVx1_ASAP7_75t_R             2  1.0    11     9    1002    (-,-) 
  u_div_sub_159_34_Y_u_div_minus_135_27_g4346/Y             -       B->Y  R     NOR2xp33_ASAP7_75t_R          3  2.3    50    28    1029    (-,-) 
  u_div_sub_159_34_Y_u_div_minus_135_27_g4316/Y             -       A2->Y F     OAI21xp5_ASAP7_75t_R          2  1.6    27    20    1050    (-,-) 
  u_div_sub_159_34_Y_u_div_minus_135_27_g4314/Y             -       A->Y  F     MAJx2_ASAP7_75t_R             2  2.2    12    30    1080    (-,-) 
  u_div_sub_159_34_Y_u_div_minus_135_27_g4312/Y             -       A->Y  F     MAJx2_ASAP7_75t_R             2  2.2    12    26    1105    (-,-) 
  u_div_sub_159_34_Y_u_div_minus_135_27_g4310/Y             -       A->Y  F     MAJx2_ASAP7_75t_R             2  2.2    12    26    1131    (-,-) 
  u_div_sub_159_34_Y_u_div_minus_135_27_g4308/Y             -       A->Y  F     MAJx2_ASAP7_75t_R             2  2.2    12    26    1156    (-,-) 
  u_div_sub_159_34_Y_u_div_minus_135_27_g4306/Y             -       A->Y  F     MAJx2_ASAP7_75t_R             2  2.2    12    26    1182    (-,-) 
  u_div_sub_159_34_Y_u_div_minus_135_27_g4304/Y             -       A->Y  F     MAJx2_ASAP7_75t_R             2  2.2    12    26    1207    (-,-) 
  u_div_sub_159_34_Y_u_div_minus_135_27_g4302/Y             -       A->Y  F     MAJx2_ASAP7_75t_R             2  2.2    12    26    1233    (-,-) 
  u_div_sub_159_34_Y_u_div_minus_135_27_g4300/Y             -       A->Y  F     MAJx2_ASAP7_75t_R             2  2.2    12    26    1258    (-,-) 
  u_div_sub_159_34_Y_u_div_minus_135_27_g4298/Y             -       A->Y  F     MAJx2_ASAP7_75t_R             2  2.2    12    26    1284    (-,-) 
  u_div_sub_159_34_Y_u_div_minus_135_27_g4296/Y             -       A->Y  F     MAJx2_ASAP7_75t_R             2  2.2    12    26    1309    (-,-) 
  u_div_sub_159_34_Y_u_div_minus_135_27_g4294/Y             -       A->Y  F     MAJx2_ASAP7_75t_R             2  2.2    12    26    1335    (-,-) 
  u_div_sub_159_34_Y_u_div_minus_135_27_g4292/Y             -       A->Y  F     MAJx2_ASAP7_75t_R             2  2.2    12    26    1360    (-,-) 
  u_div_sub_159_34_Y_u_div_minus_135_27_g4290/Y             -       A->Y  F     MAJx2_ASAP7_75t_R             2  2.2    12    26    1386    (-,-) 
  u_div_sub_159_34_Y_u_div_minus_135_27_g4288/Y             -       A->Y  F     MAJx2_ASAP7_75t_R             2  2.2    12    26    1411    (-,-) 
  u_div_sub_159_34_Y_u_div_minus_135_27_g4286/Y             -       A->Y  F     MAJx2_ASAP7_75t_R             2  2.2    12    26    1437    (-,-) 
  u_div_sub_159_34_Y_u_div_minus_135_27_g4284/Y             -       A->Y  F     MAJx2_ASAP7_75t_R             2  2.2    12    26    1462    (-,-) 
  u_div_sub_159_34_Y_u_div_minus_135_27_g4282/Y             -       A->Y  F     MAJx2_ASAP7_75t_R             2  2.2    12    26    1488    (-,-) 
  u_div_sub_159_34_Y_u_div_minus_135_27_g4280/Y             -       A->Y  F     MAJx2_ASAP7_75t_R             2  2.2    12    26    1513    (-,-) 
  u_div_sub_159_34_Y_u_div_minus_135_27_g4278/Y             -       A->Y  F     MAJx2_ASAP7_75t_R             2  2.2    12    26    1539    (-,-) 
  u_div_sub_159_34_Y_u_div_minus_135_27_g4276/Y             -       A->Y  F     MAJx2_ASAP7_75t_R             2  2.2    12    26    1564    (-,-) 
  u_div_sub_159_34_Y_u_div_minus_135_27_g4274/Y             -       A->Y  F     MAJx2_ASAP7_75t_R             2  2.2    12    26    1590    (-,-) 
  u_div_sub_159_34_Y_u_div_minus_135_27_g4272/Y             -       A->Y  F     MAJx2_ASAP7_75t_R             2  2.2    12    26    1615    (-,-) 
  u_div_sub_159_34_Y_u_div_minus_135_27_g4270/Y             -       A->Y  F     MAJx2_ASAP7_75t_R             2  2.2    12    26    1641    (-,-) 
  u_div_sub_159_34_Y_u_div_minus_135_27_g4267/Y             -       A->Y  F     MAJx2_ASAP7_75t_R             2  2.2    12    26    1666    (-,-) 
  u_div_sub_159_34_Y_u_div_minus_135_27_g4265/Y             -       A->Y  F     MAJx2_ASAP7_75t_R             2  2.2    12    26    1692    (-,-) 
  u_div_sub_159_34_Y_u_div_minus_135_27_g4263/Y             -       A->Y  F     MAJx2_ASAP7_75t_R             2  2.2    12    26    1717    (-,-) 
  u_div_sub_159_34_Y_u_div_minus_135_27_g3089/Y             -       A->Y  R     MAJIxp5_ASAP7_75t_R           2  1.7    32    20    1737    (-,-) 
  u_div_sub_159_34_Y_u_div_minus_135_27_g3082/Y             -       A->Y  F     MAJIxp5_ASAP7_75t_R           1  0.6    18    15    1753    (-,-) 
  u_div_sub_159_34_Y_u_div_minus_135_27_g3079/Y             -       A2->Y R     AOI22xp5_ASAP7_75t_R          1  0.6    34    12    1765    (-,-) 
  u_div_sub_159_34_Y_u_div_minus_135_27_retime_s410_1_reg/D -       -     R     ASYNC_DFFHx1_ASAP7_75t_R      1    -     -     0    1765    (-,-) 
#-------------------------------------------------------------------------------------------------------------------------------------------------



Path 26: MET (38 ps) Setup Check with Pin u_exec0_u_alu/retime_s416_48_reg/CLK->D
          Group: clk
     Startpoint: (F) mem_d_ack_i
          Clock: (R) clk
       Endpoint: (F) u_exec0_u_alu/retime_s416_48_reg/D
          Clock: (R) clk

                     Capture       Launch     
        Clock Edge:+    2000            0     
        Drv Adjust:+       0            0     
       Src Latency:+       0            0     
       Net Latency:+       0 (I)        0 (I) 
           Arrival:=    2000            0     
                                              
             Setup:-      -1                  
       Uncertainty:-     200                  
     Required Time:=    1801                  
      Launch Clock:-       0                  
       Input Delay:-     300                  
         Data Path:-    1463                  
             Slack:=      38                  

Exceptions/Constraints:
  input_delay             300             riscv_core.sdc_1_line_29_619_1 

#-------------------------------------------------------------------------------------------------------------------------------
#             Timing Point              Flags    Arc    Edge           Cell            Fanout Load Trans Delay Arrival Instance 
#                                                                                             (fF)  (ps)  (ps)   (ps)  Location 
#-------------------------------------------------------------------------------------------------------------------------------
  mem_d_ack_i                           -       -       F     (arrival)                     6  5.0     0     0     300    (-,-) 
  g623287/Y                             -       B->Y    R     NOR2x1p5_ASAP7_75t_R          2  1.8    16     7     307    (-,-) 
  g623234/Y                             -       A->Y    R     OR2x6_ASAP7_75t_R            10  5.8    12    22     329    (-,-) 
  g623201/Y                             -       B->Y    F     NOR2xp33_ASAP7_75t_R          3  1.7    35    20     350    (-,-) 
  g623182/Y                             -       B->Y    F     AO21x1_ASAP7_75t_R            3  2.1    14    25     374    (-,-) 
  g623141/Y                             -       A->Y    R     NOR2x1_ASAP7_75t_R            2  1.9    18    14     388    (-,-) 
  g623117/Y                             -       A->Y    F     NAND3x1_ASAP7_75t_R           3  2.8    23    15     403    (-,-) 
  g623091/Y                             -       A->Y    F     OR2x6_ASAP7_75t_R            31 19.5    25    37     440    (-,-) 
  g623090/Y                             -       A->Y    R     INVx2_ASAP7_75t_R            11  6.2    24    18     458    (-,-) 
  g623063/Y                             -       B2->Y   R     AO22x2_ASAP7_75t_R           24 12.4    41    37     495    (-,-) 
  g730027/Y                             -       B->Y    F     NOR2xp33_ASAP7_75t_R          4  2.3    45    35     530    (-,-) 
  g662877/Y                             -       B->Y    R     NAND2xp5_ASAP7_75t_R          4  1.9    32    26     556    (-,-) 
  g662682/Y                             -       B->Y    R     OR2x2_ASAP7_75t_R             7  4.2    19    28     584    (-,-) 
  g662599/Y                             -       B->Y    F     NOR2xp33_ASAP7_75t_R          3  1.8    48    24     608    (-,-) 
  g662454/Y                             -       A->Y    R     NOR3xp33_ASAP7_75t_R          2  1.3    42    31     639    (-,-) 
  g661916/Y                             -       A->Y    F     NAND3xp33_ASAP7_75t_R         2  1.8    39    28     667    (-,-) 
  g661896/Y                             -       A->Y    R     INVx1_ASAP7_75t_R             2  1.2    17    14     681    (-,-) 
  g661816/Y                             -       A->Y    F     NAND3xp33_ASAP7_75t_R         2  1.8    38    21     702    (-,-) 
  g661768/Y                             -       A->Y    R     INVx1_ASAP7_75t_R             2  1.2    17    14     716    (-,-) 
  g661718/Y                             -       A->Y    R     AND3x1_ASAP7_75t_R            9  5.7    44    39     754    (-,-) 
  g661677/Y                             -       A->Y    F     INVx2_ASAP7_75t_R            24 12.7    39    29     783    (-,-) 
  g661252/Y                             -       A1->Y   R     OAI221xp5_ASAP7_75t_R        10  5.2   103    61     845    (-,-) 
  g719271/Y                             -       A1->Y   R     AO221x1_ASAP7_75t_R          46 25.8   155   108     952    (-,-) 
  u_exec0_u_alu/g45569/Y                -       A->Y    F     INVx1_ASAP7_75t_R            39 23.5   140   104    1057    (-,-) 
  u_exec0_u_alu/sub_57_37_g3919__2346/Y -       C->Y    F     MAJx2_ASAP7_75t_R             2  2.2    15    48    1105    (-,-) 
  u_exec0_u_alu/sub_57_37_g3916__9315/Y -       A->Y    F     MAJx2_ASAP7_75t_R             2  2.2    13    26    1131    (-,-) 
  u_exec0_u_alu/sub_57_37_g3914__4733/Y -       A->Y    F     MAJx2_ASAP7_75t_R             2  1.6    11    24    1155    (-,-) 
  u_exec0_u_alu/sub_57_37_g3912__5115/Y -       A->Y    F     MAJx2_ASAP7_75t_R             2  1.6    11    24    1179    (-,-) 
  u_exec0_u_alu/sub_57_37_g3910__6131/Y -       A->Y    F     MAJx2_ASAP7_75t_R             2  2.2    13    25    1204    (-,-) 
  u_exec0_u_alu/sub_57_37_g3908__8246/Y -       A->Y    F     MAJx2_ASAP7_75t_R             2  1.6    11    24    1229    (-,-) 
  u_exec0_u_alu/sub_57_37_g3906__1705/Y -       A->Y    F     MAJx2_ASAP7_75t_R             2  1.6    11    24    1253    (-,-) 
  u_exec0_u_alu/sub_57_37_g3904__1617/Y -       A->Y    F     MAJx2_ASAP7_75t_R             2  1.6    11    24    1277    (-,-) 
  u_exec0_u_alu/sub_57_37_g3902__6783/Y -       A->Y    F     MAJx2_ASAP7_75t_R             2  1.6    11    24    1301    (-,-) 
  u_exec0_u_alu/sub_57_37_g3900__8428/Y -       A->Y    F     MAJx2_ASAP7_75t_R             2  2.2    13    25    1326    (-,-) 
  u_exec0_u_alu/sub_57_37_g3898__6260/Y -       A->Y    F     MAJx2_ASAP7_75t_R             2  1.6    11    24    1350    (-,-) 
  u_exec0_u_alu/sub_57_37_g3896__2398/Y -       A->Y    F     MAJx2_ASAP7_75t_R             2  1.6    11    24    1374    (-,-) 
  u_exec0_u_alu/sub_57_37_g3894__6417/Y -       A->Y    F     MAJx2_ASAP7_75t_R             2  2.2    12    25    1399    (-,-) 
  u_exec0_u_alu/sub_57_37_g3892__1666/Y -       A->Y    F     MAJx2_ASAP7_75t_R             2  2.2    12    26    1424    (-,-) 
  u_exec0_u_alu/sub_57_37_g3890__2883/Y -       A->Y    F     MAJx2_ASAP7_75t_R             2  1.6    11    24    1449    (-,-) 
  u_exec0_u_alu/sub_57_37_g3888__9315/Y -       A->Y    F     MAJx2_ASAP7_75t_R             2  1.6    11    24    1472    (-,-) 
  u_exec0_u_alu/sub_57_37_g3886__4733/Y -       A->Y    F     MAJx2_ASAP7_75t_R             2  1.6    11    24    1496    (-,-) 
  u_exec0_u_alu/sub_57_37_g3884__5115/Y -       A->Y    F     MAJx2_ASAP7_75t_R             1  1.6    11    24    1520    (-,-) 
  u_exec0_u_alu/g45625/CON              -       CI->CON R     FAx1_ASAP7_75t_R              1  0.3    27    14    1534    (-,-) 
  u_exec0_u_alu/g45626/Y                -       A->Y    F     INVxp33_ASAP7_75t_R           1  1.6    29    21    1556    (-,-) 
  u_exec0_u_alu/g45623/CON              -       CI->CON R     FAx1_ASAP7_75t_R              1  0.3    28    20    1576    (-,-) 
  u_exec0_u_alu/g4/Y                    -       A->Y    F     INVxp33_ASAP7_75t_R           1  2.0    34    25    1600    (-,-) 
  u_exec0_u_alu/g45629/CON              -       A->CON  R     FAx1_ASAP7_75t_R              1  0.7    32    24    1624    (-,-) 
  u_exec0_u_alu/g3/Y                    -       A->Y    F     INVx1_ASAP7_75t_R             2  2.2    18    14    1639    (-,-) 
  u_exec0_u_alu/sub_57_37_g3876__1617/Y -       A->Y    F     MAJx2_ASAP7_75t_R             2  1.6    11    26    1665    (-,-) 
  u_exec0_u_alu/sub_57_37_g3874__6783/Y -       A->Y    F     MAJx2_ASAP7_75t_R             2  1.6    11    24    1688    (-,-) 
  u_exec0_u_alu/sub_57_37_g3871__4319/Y -       B->Y    F     XNOR2xp5_ASAP7_75t_R          1  1.0    20    20    1708    (-,-) 
  u_exec0_u_alu/g45594/Y                -       B->Y    F     XNOR2xp5_ASAP7_75t_R          1  0.5    22    20    1729    (-,-) 
  u_exec0_u_alu/g39595__7098/Y          -       A1->Y   R     OAI221xp5_ASAP7_75t_R         1  0.6    27    21    1750    (-,-) 
  u_exec0_u_alu/g39585__5526/Y          -       A2->Y   F     AOI22xp5_ASAP7_75t_R          1  0.6    48    13    1763    (-,-) 
  u_exec0_u_alu/retime_s416_48_reg/D    -       -       F     ASYNC_DFFHx1_ASAP7_75t_R      1    -     -     0    1763    (-,-) 
#-------------------------------------------------------------------------------------------------------------------------------



Path 27: MET (46 ps) Setup Check with Pin u_issue_add_243_22_Y_u_issue_add_241_22_retime_s310_5_reg/CLK->D
          Group: clk
     Startpoint: (R) mem_d_ack_i
          Clock: (R) clk
       Endpoint: (R) u_issue_add_243_22_Y_u_issue_add_241_22_retime_s310_5_reg/D
          Clock: (R) clk

                     Capture       Launch     
        Clock Edge:+    2000            0     
        Drv Adjust:+       0            0     
       Src Latency:+       0            0     
       Net Latency:+       0 (I)        0 (I) 
           Arrival:=    2000            0     
                                              
             Setup:-       4                  
       Uncertainty:-     200                  
     Required Time:=    1796                  
      Launch Clock:-       0                  
       Input Delay:-     300                  
         Data Path:-    1450                  
             Slack:=      46                  

Exceptions/Constraints:
  input_delay             300             riscv_core.sdc_1_line_29_619_1 

#----------------------------------------------------------------------------------------------------------------------------------------------------
#                        Timing Point                         Flags    Arc   Edge           Cell            Fanout Load Trans Delay Arrival Instance 
#                                                                                                                  (fF)  (ps)  (ps)   (ps)  Location 
#----------------------------------------------------------------------------------------------------------------------------------------------------
  mem_d_ack_i                                                 -       -      R     (arrival)                     6  5.0     0     0     300    (-,-) 
  g623287/Y                                                   -       B->Y   F     NOR2x1p5_ASAP7_75t_R          2  1.8    16     6     306    (-,-) 
  g623253/Y                                                   -       A->Y   R     INVx1_ASAP7_75t_R             3  1.9    15    12     317    (-,-) 
  g662649/Y                                                   -       A1->Y  R     OA222x2_ASAP7_75t_R         118 67.6   206   118     436    (-,-) 
  g662543/Y                                                   -       B->Y   F     NAND2xp5_ASAP7_75t_R          2  1.3    48    33     469    (-,-) 
  g662516/Y                                                   -       A->Y   R     INVx1_ASAP7_75t_R             3  1.8    22    18     487    (-,-) 
  g662474/Y                                                   -       B->Y   R     AND2x2_ASAP7_75t_R            5  3.0    15    25     512    (-,-) 
  g662419/Y                                                   -       B->Y   F     NAND2xp5_ASAP7_75t_R          6  3.1    34    22     533    (-,-) 
  g662400/Y                                                   -       A->Y   R     INVx1_ASAP7_75t_R             3  1.3    16    14     547    (-,-) 
  g662330/Y                                                   -       A1->Y  F     AOI22xp33_ASAP7_75t_R         1  0.5    21    11     558    (-,-) 
  g662230/Y                                                   -       C->Y   R     OAI221xp5_ASAP7_75t_R         1  0.5    30    13     571    (-,-) 
  g662193/Y                                                   -       C->Y   F     AOI221xp5_ASAP7_75t_R         1  0.5    26    13     583    (-,-) 
  g662147/Y                                                   -       C->Y   R     OAI221xp5_ASAP7_75t_R         1  0.6    30    14     598    (-,-) 
  g662056/Y                                                   -       C->Y   F     O2A1O1Ixp33_ASAP7_75t_R       2  1.1    22    15     613    (-,-) 
  g661915/Y                                                   -       B->Y   R     NOR3xp33_ASAP7_75t_R          2  1.2    35    24     636    (-,-) 
  g661818/Y                                                   -       B->Y   F     NAND2xp5_ASAP7_75t_R          2  1.1    20    17     653    (-,-) 
  g661720/Y                                                   -       B->Y   R     NOR2xp33_ASAP7_75t_R         14  8.6   174    88     741    (-,-) 
  g661678/Y                                                   -       A->Y   F     INVx2_ASAP7_75t_R            19 11.2    61    46     787    (-,-) 
  g661340/Y                                                   -       A2->Y  R     OAI211xp5_ASAP7_75t_R         1  0.5    28    23     809    (-,-) 
  g661216/Y                                                   -       B->Y   F     AOI21xp33_ASAP7_75t_R         1  0.5    29     9     818    (-,-) 
  g661110/Y                                                   -       C->Y   R     OAI221xp5_ASAP7_75t_R         6  3.0    73    26     845    (-,-) 
  g660995/Y                                                   -       B->Y   F     NOR2xp33_ASAP7_75t_R          3  1.6    42    37     882    (-,-) 
  g660814/Y                                                   -       B->Y   R     NOR2xp33_ASAP7_75t_R          1  0.6    25    20     902    (-,-) 
  g660781/Y                                                   -       A->Y   F     NAND3xp33_ASAP7_75t_R         1  0.6    20    15     916    (-,-) 
  g660696/Y                                                   -       A->Y   R     NOR4xp25_ASAP7_75t_R          1  0.5    34    19     936    (-,-) 
  g660616/Y                                                   -       A->Y   F     NAND5xp2_ASAP7_75t_R          1  0.6    34    22     958    (-,-) 
  g660470/Y                                                   -       A->Y   R     NOR5xp2_ASAP7_75t_R           1  0.6    46    27     986    (-,-) 
  g660419/Y                                                   -       D->Y   R     AND4x1_ASAP7_75t_R            3  1.7    20    34    1020    (-,-) 
  g660415/Y                                                   -       B->Y   F     AOI21xp5_ASAP7_75t_R          1  0.6    19     9    1029    (-,-) 
  g660410/Y                                                   -       B->Y   F     AO21x1_ASAP7_75t_R            1  0.6     8    18    1047    (-,-) 
  g660370/Y                                                   -       B->Y   F     OA21x2_ASAP7_75t_R            1  0.6     7    12    1059    (-,-) 
  g660364/Y                                                   -       B2->Y  R     OAI321xp33_ASAP7_75t_R        3  1.7    48    22    1081    (-,-) 
  g660362/Y                                                   -       B->Y   F     NAND2xp5_ASAP7_75t_R         11  6.6    81    48    1129    (-,-) 
  g660360/Y                                                   -       B->Y   R     NAND2xp5_ASAP7_75t_R          2  1.7    38    33    1161    (-,-) 
  g660355/Y                                                   -       A->Y   R     OR3x1_ASAP7_75t_R             2  1.3    13    20    1181    (-,-) 
  g619868/Y                                                   -       A->Y   F     INVx1_ASAP7_75t_R             1  1.0     8     7    1189    (-,-) 
  g730563/CON                                                 -       B->CON R     HAxp5_ASAP7_75t_R             1  0.6    20    11    1199    (-,-) 
  u_issue_add_243_22_Y_u_issue_add_241_22_g1669/Y             -       B->Y   F     OAI21xp5_ASAP7_75t_R          2  1.6    24    14    1214    (-,-) 
  u_issue_add_243_22_Y_u_issue_add_241_22_g1667/Y             -       B->Y   R     NAND2xp5_ASAP7_75t_R          2  0.8    16    14    1228    (-,-) 
  u_issue_add_243_22_Y_u_issue_add_241_22_g1665/Y             -       B->Y   F     NOR2xp33_ASAP7_75t_R          3  1.9    36    23    1251    (-,-) 
  u_issue_add_243_22_Y_u_issue_add_241_22_g1663/Y             -       A->Y   R     NAND2xp33_ASAP7_75t_R         2  0.8    28    24    1275    (-,-) 
  u_issue_add_243_22_Y_u_issue_add_241_22_g1661/Y             -       B->Y   F     NOR2xp33_ASAP7_75t_R          3  2.1    39    29    1304    (-,-) 
  u_issue_add_243_22_Y_u_issue_add_241_22_g1659/Y             -       B->Y   R     NAND2xp5_ASAP7_75t_R          2  0.8    19    18    1322    (-,-) 
  u_issue_add_243_22_Y_u_issue_add_241_22_g1657/Y             -       B->Y   F     NOR2xp33_ASAP7_75t_R          3  2.1    39    26    1348    (-,-) 
  u_issue_add_243_22_Y_u_issue_add_241_22_g1655/Y             -       B->Y   R     NAND2xp5_ASAP7_75t_R          2  1.0    21    19    1367    (-,-) 
  u_issue_add_243_22_Y_u_issue_add_241_22_g1653/Y             -       B->Y   F     NOR2xp33_ASAP7_75t_R          3  2.0    38    26    1392    (-,-) 
  u_issue_add_243_22_Y_u_issue_add_241_22_g1651/Y             -       A->Y   R     NAND2xp33_ASAP7_75t_R         2  1.0    32    27    1419    (-,-) 
  u_issue_add_243_22_Y_u_issue_add_241_22_g1649/Y             -       B->Y   F     NOR2xp33_ASAP7_75t_R          3  2.2    41    31    1450    (-,-) 
  u_issue_add_243_22_Y_u_issue_add_241_22_g1647/Y             -       B->Y   R     NAND2xp5_ASAP7_75t_R          2  1.0    22    19    1470    (-,-) 
  u_issue_add_243_22_Y_u_issue_add_241_22_g1645/Y             -       B->Y   F     NOR2xp33_ASAP7_75t_R          3  2.2    41    28    1497    (-,-) 
  u_issue_add_243_22_Y_u_issue_add_241_22_g1643/Y             -       B->Y   R     NAND2xp5_ASAP7_75t_R          2  1.0    22    19    1517    (-,-) 
  u_issue_add_243_22_Y_u_issue_add_241_22_g1641/Y             -       B->Y   F     NOR2xp33_ASAP7_75t_R          3  2.0    38    26    1543    (-,-) 
  u_issue_add_243_22_Y_u_issue_add_241_22_g1639/Y             -       A->Y   R     NAND2xp33_ASAP7_75t_R         2  1.0    32    27    1570    (-,-) 
  u_issue_add_243_22_Y_u_issue_add_241_22_g1637/Y             -       B->Y   F     NOR2xp33_ASAP7_75t_R          3  2.2    41    31    1601    (-,-) 
  u_issue_add_243_22_Y_u_issue_add_241_22_g1635/Y             -       B->Y   R     NAND2xp5_ASAP7_75t_R          2  1.0    22    19    1620    (-,-) 
  u_issue_add_243_22_Y_u_issue_add_241_22_g1633/Y             -       B->Y   F     NOR2xp33_ASAP7_75t_R          3  2.2    41    28    1648    (-,-) 
  u_issue_add_243_22_Y_u_issue_add_241_22_g1631/Y             -       B->Y   R     NAND2xp5_ASAP7_75t_R          2  1.0    22    19    1667    (-,-) 
  u_issue_add_243_22_Y_u_issue_add_241_22_g1629/Y             -       B->Y   F     NOR2xp33_ASAP7_75t_R          3  2.2    41    28    1694    (-,-) 
  g730058/Y                                                   -       B->Y   F     AO21x1_ASAP7_75t_R            1  0.6     7    21    1716    (-,-) 
  g722340/Y                                                   -       A2->Y  R     OAI21xp5_ASAP7_75t_R          2  1.3    28    13    1728    (-,-) 
  g696964/Y                                                   -       A->Y   F     INVx1_ASAP7_75t_R             2  1.2    12    10    1738    (-,-) 
  u_issue_add_243_22_Y_u_issue_add_241_22_g1138/Y             -       B2->Y  R     AOI22xp5_ASAP7_75t_R          1  0.6    36    11    1750    (-,-) 
  u_issue_add_243_22_Y_u_issue_add_241_22_retime_s310_5_reg/D -       -      R     ASYNC_DFFHx1_ASAP7_75t_R      1    -     -     0    1750    (-,-) 
#----------------------------------------------------------------------------------------------------------------------------------------------------



Path 28: MET (46 ps) Setup Check with Pin retime_s310_3_reg/CLK->D
          Group: clk
     Startpoint: (R) mem_d_ack_i
          Clock: (R) clk
       Endpoint: (R) retime_s310_3_reg/D
          Clock: (R) clk

                     Capture       Launch     
        Clock Edge:+    2000            0     
        Drv Adjust:+       0            0     
       Src Latency:+       0            0     
       Net Latency:+       0 (I)        0 (I) 
           Arrival:=    2000            0     
                                              
             Setup:-       4                  
       Uncertainty:-     200                  
     Required Time:=    1796                  
      Launch Clock:-       0                  
       Input Delay:-     300                  
         Data Path:-    1450                  
             Slack:=      46                  

Exceptions/Constraints:
  input_delay             300             riscv_core.sdc_1_line_29_619_1 

#----------------------------------------------------------------------------------------------------------------------------------------
#                  Timing Point                   Flags    Arc   Edge           Cell            Fanout Load Trans Delay Arrival Instance 
#                                                                                                      (fF)  (ps)  (ps)   (ps)  Location 
#----------------------------------------------------------------------------------------------------------------------------------------
  mem_d_ack_i                                     -       -      R     (arrival)                     6  5.0     0     0     300    (-,-) 
  g623287/Y                                       -       B->Y   F     NOR2x1p5_ASAP7_75t_R          2  1.8    16     6     306    (-,-) 
  g623253/Y                                       -       A->Y   R     INVx1_ASAP7_75t_R             3  1.9    15    12     317    (-,-) 
  g662649/Y                                       -       A1->Y  R     OA222x2_ASAP7_75t_R         118 67.6   206   118     436    (-,-) 
  g662543/Y                                       -       B->Y   F     NAND2xp5_ASAP7_75t_R          2  1.3    48    33     469    (-,-) 
  g662516/Y                                       -       A->Y   R     INVx1_ASAP7_75t_R             3  1.8    22    18     487    (-,-) 
  g662474/Y                                       -       B->Y   R     AND2x2_ASAP7_75t_R            5  3.0    15    25     512    (-,-) 
  g662419/Y                                       -       B->Y   F     NAND2xp5_ASAP7_75t_R          6  3.1    34    22     533    (-,-) 
  g662400/Y                                       -       A->Y   R     INVx1_ASAP7_75t_R             3  1.3    16    14     547    (-,-) 
  g662330/Y                                       -       A1->Y  F     AOI22xp33_ASAP7_75t_R         1  0.5    21    11     558    (-,-) 
  g662230/Y                                       -       C->Y   R     OAI221xp5_ASAP7_75t_R         1  0.5    30    13     571    (-,-) 
  g662193/Y                                       -       C->Y   F     AOI221xp5_ASAP7_75t_R         1  0.5    26    13     583    (-,-) 
  g662147/Y                                       -       C->Y   R     OAI221xp5_ASAP7_75t_R         1  0.6    30    14     598    (-,-) 
  g662056/Y                                       -       C->Y   F     O2A1O1Ixp33_ASAP7_75t_R       2  1.1    22    15     613    (-,-) 
  g661915/Y                                       -       B->Y   R     NOR3xp33_ASAP7_75t_R          2  1.2    35    24     636    (-,-) 
  g661818/Y                                       -       B->Y   F     NAND2xp5_ASAP7_75t_R          2  1.1    20    17     653    (-,-) 
  g661720/Y                                       -       B->Y   R     NOR2xp33_ASAP7_75t_R         14  8.6   174    88     741    (-,-) 
  g661678/Y                                       -       A->Y   F     INVx2_ASAP7_75t_R            19 11.2    61    46     787    (-,-) 
  g661340/Y                                       -       A2->Y  R     OAI211xp5_ASAP7_75t_R         1  0.5    28    23     809    (-,-) 
  g661216/Y                                       -       B->Y   F     AOI21xp33_ASAP7_75t_R         1  0.5    29     9     818    (-,-) 
  g661110/Y                                       -       C->Y   R     OAI221xp5_ASAP7_75t_R         6  3.0    73    26     845    (-,-) 
  g660995/Y                                       -       B->Y   F     NOR2xp33_ASAP7_75t_R          3  1.6    42    37     882    (-,-) 
  g660814/Y                                       -       B->Y   R     NOR2xp33_ASAP7_75t_R          1  0.6    25    20     902    (-,-) 
  g660781/Y                                       -       A->Y   F     NAND3xp33_ASAP7_75t_R         1  0.6    20    15     916    (-,-) 
  g660696/Y                                       -       A->Y   R     NOR4xp25_ASAP7_75t_R          1  0.5    34    19     936    (-,-) 
  g660616/Y                                       -       A->Y   F     NAND5xp2_ASAP7_75t_R          1  0.6    34    22     958    (-,-) 
  g660470/Y                                       -       A->Y   R     NOR5xp2_ASAP7_75t_R           1  0.6    46    27     986    (-,-) 
  g660419/Y                                       -       D->Y   R     AND4x1_ASAP7_75t_R            3  1.7    20    34    1020    (-,-) 
  g660415/Y                                       -       B->Y   F     AOI21xp5_ASAP7_75t_R          1  0.6    19     9    1029    (-,-) 
  g660410/Y                                       -       B->Y   F     AO21x1_ASAP7_75t_R            1  0.6     8    18    1047    (-,-) 
  g660370/Y                                       -       B->Y   F     OA21x2_ASAP7_75t_R            1  0.6     7    12    1059    (-,-) 
  g660364/Y                                       -       B2->Y  R     OAI321xp33_ASAP7_75t_R        3  1.7    48    22    1081    (-,-) 
  g660362/Y                                       -       B->Y   F     NAND2xp5_ASAP7_75t_R         11  6.6    81    48    1129    (-,-) 
  g660360/Y                                       -       B->Y   R     NAND2xp5_ASAP7_75t_R          2  1.7    38    33    1161    (-,-) 
  g660355/Y                                       -       A->Y   R     OR3x1_ASAP7_75t_R             2  1.3    13    20    1181    (-,-) 
  g619868/Y                                       -       A->Y   F     INVx1_ASAP7_75t_R             1  1.0     8     7    1189    (-,-) 
  g730563/CON                                     -       B->CON R     HAxp5_ASAP7_75t_R             1  0.6    20    11    1199    (-,-) 
  u_issue_add_243_22_Y_u_issue_add_241_22_g1669/Y -       B->Y   F     OAI21xp5_ASAP7_75t_R          2  1.6    24    14    1214    (-,-) 
  u_issue_add_243_22_Y_u_issue_add_241_22_g1667/Y -       B->Y   R     NAND2xp5_ASAP7_75t_R          2  0.8    16    14    1228    (-,-) 
  u_issue_add_243_22_Y_u_issue_add_241_22_g1665/Y -       B->Y   F     NOR2xp33_ASAP7_75t_R          3  1.9    36    23    1251    (-,-) 
  u_issue_add_243_22_Y_u_issue_add_241_22_g1663/Y -       A->Y   R     NAND2xp33_ASAP7_75t_R         2  0.8    28    24    1275    (-,-) 
  u_issue_add_243_22_Y_u_issue_add_241_22_g1661/Y -       B->Y   F     NOR2xp33_ASAP7_75t_R          3  2.1    39    29    1304    (-,-) 
  u_issue_add_243_22_Y_u_issue_add_241_22_g1659/Y -       B->Y   R     NAND2xp5_ASAP7_75t_R          2  0.8    19    18    1322    (-,-) 
  u_issue_add_243_22_Y_u_issue_add_241_22_g1657/Y -       B->Y   F     NOR2xp33_ASAP7_75t_R          3  2.1    39    26    1348    (-,-) 
  u_issue_add_243_22_Y_u_issue_add_241_22_g1655/Y -       B->Y   R     NAND2xp5_ASAP7_75t_R          2  1.0    21    19    1367    (-,-) 
  u_issue_add_243_22_Y_u_issue_add_241_22_g1653/Y -       B->Y   F     NOR2xp33_ASAP7_75t_R          3  2.0    38    26    1392    (-,-) 
  u_issue_add_243_22_Y_u_issue_add_241_22_g1651/Y -       A->Y   R     NAND2xp33_ASAP7_75t_R         2  1.0    32    27    1419    (-,-) 
  u_issue_add_243_22_Y_u_issue_add_241_22_g1649/Y -       B->Y   F     NOR2xp33_ASAP7_75t_R          3  2.2    41    31    1450    (-,-) 
  u_issue_add_243_22_Y_u_issue_add_241_22_g1647/Y -       B->Y   R     NAND2xp5_ASAP7_75t_R          2  1.0    22    19    1470    (-,-) 
  u_issue_add_243_22_Y_u_issue_add_241_22_g1645/Y -       B->Y   F     NOR2xp33_ASAP7_75t_R          3  2.2    41    28    1497    (-,-) 
  u_issue_add_243_22_Y_u_issue_add_241_22_g1643/Y -       B->Y   R     NAND2xp5_ASAP7_75t_R          2  1.0    22    19    1517    (-,-) 
  u_issue_add_243_22_Y_u_issue_add_241_22_g1641/Y -       B->Y   F     NOR2xp33_ASAP7_75t_R          3  2.0    38    26    1543    (-,-) 
  u_issue_add_243_22_Y_u_issue_add_241_22_g1639/Y -       A->Y   R     NAND2xp33_ASAP7_75t_R         2  1.0    32    27    1570    (-,-) 
  u_issue_add_243_22_Y_u_issue_add_241_22_g1637/Y -       B->Y   F     NOR2xp33_ASAP7_75t_R          3  2.2    41    31    1601    (-,-) 
  u_issue_add_243_22_Y_u_issue_add_241_22_g1635/Y -       B->Y   R     NAND2xp5_ASAP7_75t_R          2  1.0    22    19    1620    (-,-) 
  u_issue_add_243_22_Y_u_issue_add_241_22_g1633/Y -       B->Y   F     NOR2xp33_ASAP7_75t_R          3  2.2    41    28    1648    (-,-) 
  u_issue_add_243_22_Y_u_issue_add_241_22_g1631/Y -       B->Y   R     NAND2xp5_ASAP7_75t_R          2  1.0    22    19    1667    (-,-) 
  u_issue_add_243_22_Y_u_issue_add_241_22_g1629/Y -       B->Y   F     NOR2xp33_ASAP7_75t_R          3  2.2    41    28    1694    (-,-) 
  g730058/Y                                       -       B->Y   F     AO21x1_ASAP7_75t_R            1  0.6     7    21    1716    (-,-) 
  g722340/Y                                       -       A2->Y  R     OAI21xp5_ASAP7_75t_R          2  1.3    28    13    1728    (-,-) 
  g696964/Y                                       -       A->Y   F     INVx1_ASAP7_75t_R             2  1.2    12    10    1738    (-,-) 
  g692643/Y                                       -       B2->Y  R     AOI22xp5_ASAP7_75t_R          1  0.6    36    11    1750    (-,-) 
  retime_s310_3_reg/D                             -       -      R     ASYNC_DFFHx1_ASAP7_75t_R      1    -     -     0    1750    (-,-) 
#----------------------------------------------------------------------------------------------------------------------------------------



Path 29: MET (48 ps) Setup Check with Pin retime_s405_74_reg/CLK->D
          Group: clk
     Startpoint: (R) mem_d_ack_i
          Clock: (R) clk
       Endpoint: (R) retime_s405_74_reg/D
          Clock: (R) clk

                     Capture       Launch     
        Clock Edge:+    2000            0     
        Drv Adjust:+       0            0     
       Src Latency:+       0            0     
       Net Latency:+       0 (I)        0 (I) 
           Arrival:=    2000            0     
                                              
             Setup:-       5                  
       Uncertainty:-     200                  
     Required Time:=    1795                  
      Launch Clock:-       0                  
       Input Delay:-     300                  
         Data Path:-    1447                  
             Slack:=      48                  

Exceptions/Constraints:
  input_delay             300             riscv_core.sdc_1_line_29_619_1 

#--------------------------------------------------------------------------------------------------------------
#     Timing Point       Flags   Arc   Edge           Cell            Fanout Load Trans Delay Arrival Instance 
#                                                                            (fF)  (ps)  (ps)   (ps)  Location 
#--------------------------------------------------------------------------------------------------------------
  mem_d_ack_i            -       -     R     (arrival)                     6  5.0     0     0     300    (-,-) 
  g623287/Y              -       B->Y  F     NOR2x1p5_ASAP7_75t_R          2  1.8    16     6     306    (-,-) 
  g623234/Y              -       A->Y  F     OR2x6_ASAP7_75t_R            10  5.8    12    27     332    (-,-) 
  g623201/Y              -       B->Y  R     NOR2xp33_ASAP7_75t_R          3  1.7    40    23     355    (-,-) 
  g623182/Y              -       B->Y  R     AO21x1_ASAP7_75t_R            3  1.9    15    20     376    (-,-) 
  g623141/Y              -       A->Y  F     NOR2x1_ASAP7_75t_R            2  1.9    16    14     390    (-,-) 
  g623117/Y              -       A->Y  R     NAND3x1_ASAP7_75t_R           3  2.8    32    19     408    (-,-) 
  g623091/Y              -       A->Y  R     OR2x6_ASAP7_75t_R            31 19.4    28    35     443    (-,-) 
  g663371/Y              -       A->Y  F     INVx3_ASAP7_75t_R            44 26.1    47    30     474    (-,-) 
  g662645/Y              -       A2->Y R     OAI22xp5_ASAP7_75t_R          3  1.4    32    23     497    (-,-) 
  g662496/Y              -       C->Y  F     NAND4xp25_ASAP7_75t_R         1  0.6    27    19     516    (-,-) 
  g662365/Y              -       A2->Y R     OAI22xp5_ASAP7_75t_R          6  3.9    54    32     549    (-,-) 
  g662340/Y              -       A->Y  F     INVx2_ASAP7_75t_R             8  4.1    21    16     566    (-,-) 
  g662279/Y              -       A->Y  R     NOR3xp33_ASAP7_75t_R          4  2.4    57    34     599    (-,-) 
  g662183/Y              -       A1->Y F     OAI31xp33_ASAP7_75t_R         4  2.2    44    27     626    (-,-) 
  g662165/Y              -       A->Y  R     INVx1_ASAP7_75t_R             5  2.6    26    21     647    (-,-) 
  g662109/Y              -       A1->Y F     OAI221xp5_ASAP7_75t_R         4  2.4    42    24     671    (-,-) 
  g661792/Y              -       B1->Y R     AOI221xp5_ASAP7_75t_R         1  0.5    28    20     691    (-,-) 
  g661589/Y              -       A1->Y F     AOI31xp33_ASAP7_75t_R         1  0.6    24    14     704    (-,-) 
  g661428/Y              -       C->Y  R     O2A1O1Ixp33_ASAP7_75t_R       1  0.5    23    16     720    (-,-) 
  g661233/Y              -       A1->Y F     OAI221xp5_ASAP7_75t_R         1  0.6    22    13     733    (-,-) 
  g661031/Y              -       B->Y  R     AOI21xp5_ASAP7_75t_R          1  0.6    19    13     746    (-,-) 
  g660969/Y              -       A->Y  R     AND5x1_ASAP7_75t_R            1  0.6    16    32     778    (-,-) 
  g660835/Y              -       A->Y  F     NAND4xp25_ASAP7_75t_R         3  2.3    56    30     809    (-,-) 
  g660770/Y              -       B->Y  F     OR2x2_ASAP7_75t_R            20 10.6    34    46     855    (-,-) 
  g660713/Y              -       A->Y  F     OR5x2_ASAP7_75t_R            39 21.3    71    82     937    (-,-) 
  g660610/Y              -       B->Y  R     NOR2x1_ASAP7_75t_R           28 15.9   117    75    1012    (-,-) 
  g660594/Y              -       A->Y  F     INVx1_ASAP7_75t_R            26 15.1    94    70    1082    (-,-) 
  g660519/Y              -       B2->Y R     OAI22xp5_ASAP7_75t_R          5  2.5    55    43    1125    (-,-) 
  g660430/Y              -       B->Y  F     NOR2xp33_ASAP7_75t_R          2  1.3    34    30    1154    (-,-) 
  g660425/Y              -       B->Y  R     NAND2xp5_ASAP7_75t_R          3  1.5    31    21    1175    (-,-) 
  g660423/Y              -       A->Y  R     OR5x1_ASAP7_75t_R             2  1.0    12    22    1197    (-,-) 
  g660402/Y              -       A2->Y F     A2O1A1Ixp33_ASAP7_75t_R       5  3.2    66    27    1224    (-,-) 
  g660396/Y              -       A1->Y R     OAI221xp5_ASAP7_75t_R         2  1.2    46    38    1262    (-,-) 
  ADD_UNS_OP1145_g4561/Y -       B->Y  F     NAND2xp5_ASAP7_75t_R          3  2.2    33    26    1288    (-,-) 
  ADD_UNS_OP1145_g4508/Y -       A1->Y F     AO21x1_ASAP7_75t_R            2  1.6    12    24    1312    (-,-) 
  ADD_UNS_OP1145_g4502/Y -       A2->Y F     AO21x1_ASAP7_75t_R            2  1.6    12    18    1330    (-,-) 
  ADD_UNS_OP1145_g4498/Y -       A2->Y F     AO21x1_ASAP7_75t_R            2  1.6    12    18    1348    (-,-) 
  ADD_UNS_OP1145_g4494/Y -       A2->Y F     AO21x1_ASAP7_75t_R            2  1.6    12    18    1366    (-,-) 
  ADD_UNS_OP1145_g4491/Y -       A2->Y F     AO21x1_ASAP7_75t_R            2  1.6    12    18    1384    (-,-) 
  ADD_UNS_OP1145_g4489/Y -       A2->Y F     AO21x1_ASAP7_75t_R            2  1.6    12    18    1402    (-,-) 
  ADD_UNS_OP1145_g4487/Y -       A2->Y F     AO21x1_ASAP7_75t_R            2  1.6    12    18    1420    (-,-) 
  ADD_UNS_OP1145_g4485/Y -       A2->Y F     AO21x1_ASAP7_75t_R            2  1.6    12    18    1438    (-,-) 
  ADD_UNS_OP1145_g4483/Y -       A2->Y R     OAI21xp5_ASAP7_75t_R          2  1.7    26    16    1453    (-,-) 
  ADD_UNS_OP1145_g4481/Y -       A->Y  F     MAJIxp5_ASAP7_75t_R           2  1.6    33    20    1473    (-,-) 
  ADD_UNS_OP1145_g4478/Y -       A2->Y F     AO21x1_ASAP7_75t_R            2  1.6    12    22    1496    (-,-) 
  ADD_UNS_OP1145_g4476/Y -       A2->Y F     OA21x2_ASAP7_75t_R            2  1.6     9    19    1515    (-,-) 
  ADD_UNS_OP1145_g4474/Y -       A2->Y F     AO21x1_ASAP7_75t_R            2  1.6    12    17    1532    (-,-) 
  ADD_UNS_OP1145_g4472/Y -       A2->Y F     AO21x1_ASAP7_75t_R            2  1.6    12    18    1550    (-,-) 
  ADD_UNS_OP1145_g4470/Y -       A2->Y F     AO21x1_ASAP7_75t_R            2  1.6    12    18    1568    (-,-) 
  ADD_UNS_OP1145_g4468/Y -       A2->Y F     AO21x1_ASAP7_75t_R            2  1.6    12    18    1586    (-,-) 
  ADD_UNS_OP1145_g4466/Y -       A2->Y F     AO21x1_ASAP7_75t_R            2  1.6    12    18    1604    (-,-) 
  ADD_UNS_OP1145_g4464/Y -       A2->Y F     AO21x1_ASAP7_75t_R            2  1.6    12    18    1622    (-,-) 
  ADD_UNS_OP1145_g4462/Y -       A2->Y F     AO21x1_ASAP7_75t_R            2  1.6    12    18    1640    (-,-) 
  ADD_UNS_OP1145_g4460/Y -       A2->Y F     AO21x1_ASAP7_75t_R            2  1.6    12    18    1658    (-,-) 
  ADD_UNS_OP1145_g4458/Y -       A2->Y F     AO21x1_ASAP7_75t_R            2  1.6    12    18    1676    (-,-) 
  ADD_UNS_OP1145_g4456/Y -       A2->Y F     AO21x1_ASAP7_75t_R            2  1.6    12    18    1693    (-,-) 
  ADD_UNS_OP1145_g4454/Y -       A2->Y F     AO21x1_ASAP7_75t_R            2  1.6    12    18    1711    (-,-) 
  ADD_UNS_OP1145_g4453/Y -       B->Y  F     XNOR2xp5_ASAP7_75t_R          1  0.5    14    18    1729    (-,-) 
  g730145/Y              -       A3->Y R     AOI32xp33_ASAP7_75t_R         1  0.6    55    18    1747    (-,-) 
  retime_s405_74_reg/D   -       -     R     ASYNC_DFFHx1_ASAP7_75t_R      1    -     -     0    1747    (-,-) 
#--------------------------------------------------------------------------------------------------------------



Path 30: MET (52 ps) Setup Check with Pin u_issue_add_243_22_Y_u_issue_add_241_22_retime_s329_10_reg/CLK->D
          Group: clk
     Startpoint: (R) mem_d_ack_i
          Clock: (R) clk
       Endpoint: (R) u_issue_add_243_22_Y_u_issue_add_241_22_retime_s329_10_reg/D
          Clock: (R) clk

                     Capture       Launch     
        Clock Edge:+    2000            0     
        Drv Adjust:+       0            0     
       Src Latency:+       0            0     
       Net Latency:+       0 (I)        0 (I) 
           Arrival:=    2000            0     
                                              
             Setup:-       4                  
       Uncertainty:-     200                  
     Required Time:=    1796                  
      Launch Clock:-       0                  
       Input Delay:-     300                  
         Data Path:-    1444                  
             Slack:=      52                  

Exceptions/Constraints:
  input_delay             300             riscv_core.sdc_1_line_29_619_1 

#-----------------------------------------------------------------------------------------------------------------------------------------------------
#                        Timing Point                          Flags    Arc   Edge           Cell            Fanout Load Trans Delay Arrival Instance 
#                                                                                                                   (fF)  (ps)  (ps)   (ps)  Location 
#-----------------------------------------------------------------------------------------------------------------------------------------------------
  mem_d_ack_i                                                  -       -      R     (arrival)                     6  5.0     0     0     300    (-,-) 
  g623287/Y                                                    -       B->Y   F     NOR2x1p5_ASAP7_75t_R          2  1.8    16     6     306    (-,-) 
  g623253/Y                                                    -       A->Y   R     INVx1_ASAP7_75t_R             3  1.9    15    12     317    (-,-) 
  g662649/Y                                                    -       A1->Y  R     OA222x2_ASAP7_75t_R         118 67.6   206   118     436    (-,-) 
  g662543/Y                                                    -       B->Y   F     NAND2xp5_ASAP7_75t_R          2  1.3    48    33     469    (-,-) 
  g662516/Y                                                    -       A->Y   R     INVx1_ASAP7_75t_R             3  1.8    22    18     487    (-,-) 
  g662474/Y                                                    -       B->Y   R     AND2x2_ASAP7_75t_R            5  3.0    15    25     512    (-,-) 
  g662419/Y                                                    -       B->Y   F     NAND2xp5_ASAP7_75t_R          6  3.1    34    22     533    (-,-) 
  g662400/Y                                                    -       A->Y   R     INVx1_ASAP7_75t_R             3  1.3    16    14     547    (-,-) 
  g662330/Y                                                    -       A1->Y  F     AOI22xp33_ASAP7_75t_R         1  0.5    21    11     558    (-,-) 
  g662230/Y                                                    -       C->Y   R     OAI221xp5_ASAP7_75t_R         1  0.5    30    13     571    (-,-) 
  g662193/Y                                                    -       C->Y   F     AOI221xp5_ASAP7_75t_R         1  0.5    26    13     583    (-,-) 
  g662147/Y                                                    -       C->Y   R     OAI221xp5_ASAP7_75t_R         1  0.6    30    14     598    (-,-) 
  g662056/Y                                                    -       C->Y   F     O2A1O1Ixp33_ASAP7_75t_R       2  1.1    22    15     613    (-,-) 
  g661915/Y                                                    -       B->Y   R     NOR3xp33_ASAP7_75t_R          2  1.2    35    24     636    (-,-) 
  g661818/Y                                                    -       B->Y   F     NAND2xp5_ASAP7_75t_R          2  1.1    20    17     653    (-,-) 
  g661720/Y                                                    -       B->Y   R     NOR2xp33_ASAP7_75t_R         14  8.6   174    88     741    (-,-) 
  g661678/Y                                                    -       A->Y   F     INVx2_ASAP7_75t_R            19 11.2    61    46     787    (-,-) 
  g661340/Y                                                    -       A2->Y  R     OAI211xp5_ASAP7_75t_R         1  0.5    28    23     809    (-,-) 
  g661216/Y                                                    -       B->Y   F     AOI21xp33_ASAP7_75t_R         1  0.5    29     9     818    (-,-) 
  g661110/Y                                                    -       C->Y   R     OAI221xp5_ASAP7_75t_R         6  3.0    73    26     845    (-,-) 
  g660995/Y                                                    -       B->Y   F     NOR2xp33_ASAP7_75t_R          3  1.6    42    37     882    (-,-) 
  g660814/Y                                                    -       B->Y   R     NOR2xp33_ASAP7_75t_R          1  0.6    25    20     902    (-,-) 
  g660781/Y                                                    -       A->Y   F     NAND3xp33_ASAP7_75t_R         1  0.6    20    15     916    (-,-) 
  g660696/Y                                                    -       A->Y   R     NOR4xp25_ASAP7_75t_R          1  0.5    34    19     936    (-,-) 
  g660616/Y                                                    -       A->Y   F     NAND5xp2_ASAP7_75t_R          1  0.6    34    22     958    (-,-) 
  g660470/Y                                                    -       A->Y   R     NOR5xp2_ASAP7_75t_R           1  0.6    46    27     986    (-,-) 
  g660419/Y                                                    -       D->Y   R     AND4x1_ASAP7_75t_R            3  1.7    20    34    1020    (-,-) 
  g660415/Y                                                    -       B->Y   F     AOI21xp5_ASAP7_75t_R          1  0.6    19     9    1029    (-,-) 
  g660410/Y                                                    -       B->Y   F     AO21x1_ASAP7_75t_R            1  0.6     8    18    1047    (-,-) 
  g660370/Y                                                    -       B->Y   F     OA21x2_ASAP7_75t_R            1  0.6     7    12    1059    (-,-) 
  g660364/Y                                                    -       B2->Y  R     OAI321xp33_ASAP7_75t_R        3  1.7    48    22    1081    (-,-) 
  g660362/Y                                                    -       B->Y   F     NAND2xp5_ASAP7_75t_R         11  6.6    81    48    1129    (-,-) 
  g660360/Y                                                    -       B->Y   R     NAND2xp5_ASAP7_75t_R          2  1.7    38    33    1161    (-,-) 
  g660355/Y                                                    -       A->Y   R     OR3x1_ASAP7_75t_R             2  1.3    13    20    1181    (-,-) 
  g619868/Y                                                    -       A->Y   F     INVx1_ASAP7_75t_R             1  1.0     8     7    1189    (-,-) 
  g730563/CON                                                  -       B->CON R     HAxp5_ASAP7_75t_R             1  0.6    20    11    1199    (-,-) 
  u_issue_add_243_22_Y_u_issue_add_241_22_g1669/Y              -       B->Y   F     OAI21xp5_ASAP7_75t_R          2  1.6    24    14    1214    (-,-) 
  u_issue_add_243_22_Y_u_issue_add_241_22_g1667/Y              -       B->Y   R     NAND2xp5_ASAP7_75t_R          2  0.8    16    14    1228    (-,-) 
  u_issue_add_243_22_Y_u_issue_add_241_22_g1665/Y              -       B->Y   F     NOR2xp33_ASAP7_75t_R          3  1.9    36    23    1251    (-,-) 
  u_issue_add_243_22_Y_u_issue_add_241_22_g1663/Y              -       A->Y   R     NAND2xp33_ASAP7_75t_R         2  0.8    28    24    1275    (-,-) 
  u_issue_add_243_22_Y_u_issue_add_241_22_g1661/Y              -       B->Y   F     NOR2xp33_ASAP7_75t_R          3  2.1    39    29    1304    (-,-) 
  u_issue_add_243_22_Y_u_issue_add_241_22_g1659/Y              -       B->Y   R     NAND2xp5_ASAP7_75t_R          2  0.8    19    18    1322    (-,-) 
  u_issue_add_243_22_Y_u_issue_add_241_22_g1657/Y              -       B->Y   F     NOR2xp33_ASAP7_75t_R          3  2.1    39    26    1348    (-,-) 
  u_issue_add_243_22_Y_u_issue_add_241_22_g1655/Y              -       B->Y   R     NAND2xp5_ASAP7_75t_R          2  1.0    21    19    1367    (-,-) 
  u_issue_add_243_22_Y_u_issue_add_241_22_g1653/Y              -       B->Y   F     NOR2xp33_ASAP7_75t_R          3  2.0    38    26    1392    (-,-) 
  u_issue_add_243_22_Y_u_issue_add_241_22_g1651/Y              -       A->Y   R     NAND2xp33_ASAP7_75t_R         2  1.0    32    27    1419    (-,-) 
  u_issue_add_243_22_Y_u_issue_add_241_22_g1649/Y              -       B->Y   F     NOR2xp33_ASAP7_75t_R          3  2.2    41    31    1450    (-,-) 
  u_issue_add_243_22_Y_u_issue_add_241_22_g1647/Y              -       B->Y   R     NAND2xp5_ASAP7_75t_R          2  1.0    22    19    1470    (-,-) 
  u_issue_add_243_22_Y_u_issue_add_241_22_g1645/Y              -       B->Y   F     NOR2xp33_ASAP7_75t_R          3  2.2    41    28    1497    (-,-) 
  u_issue_add_243_22_Y_u_issue_add_241_22_g1643/Y              -       B->Y   R     NAND2xp5_ASAP7_75t_R          2  1.0    22    19    1517    (-,-) 
  u_issue_add_243_22_Y_u_issue_add_241_22_g1641/Y              -       B->Y   F     NOR2xp33_ASAP7_75t_R          3  2.0    38    26    1543    (-,-) 
  u_issue_add_243_22_Y_u_issue_add_241_22_g1639/Y              -       A->Y   R     NAND2xp33_ASAP7_75t_R         2  1.0    32    27    1570    (-,-) 
  u_issue_add_243_22_Y_u_issue_add_241_22_g1637/Y              -       B->Y   F     NOR2xp33_ASAP7_75t_R          3  2.2    41    31    1601    (-,-) 
  u_issue_add_243_22_Y_u_issue_add_241_22_g1635/Y              -       B->Y   R     NAND2xp5_ASAP7_75t_R          2  1.0    22    19    1620    (-,-) 
  u_issue_add_243_22_Y_u_issue_add_241_22_g1633/Y              -       B->Y   F     NOR2xp33_ASAP7_75t_R          3  2.2    41    28    1648    (-,-) 
  u_issue_add_243_22_Y_u_issue_add_241_22_g1631/Y              -       B->Y   R     NAND2xp5_ASAP7_75t_R          2  1.0    22    19    1667    (-,-) 
  u_issue_add_243_22_Y_u_issue_add_241_22_g1629/Y              -       B->Y   F     NOR2xp33_ASAP7_75t_R          3  2.2    41    28    1694    (-,-) 
  g730067/Y                                                    -       B->Y   R     XNOR2xp5_ASAP7_75t_R          1  0.6    24    20    1715    (-,-) 
  g722297/Y                                                    -       A2->Y  F     OAI21xp5_ASAP7_75t_R          2  1.2    28    14    1729    (-,-) 
  u_issue_add_243_22_Y_u_issue_add_241_22_g1127/Y              -       B2->Y  R     AOI22xp5_ASAP7_75t_R          1  0.6    36    15    1744    (-,-) 
  u_issue_add_243_22_Y_u_issue_add_241_22_retime_s329_10_reg/D -       -      R     ASYNC_DFFHx1_ASAP7_75t_R      1    -     -     0    1744    (-,-) 
#-----------------------------------------------------------------------------------------------------------------------------------------------------



Path 31: MET (52 ps) Setup Check with Pin retime_s329_9_reg/CLK->D
          Group: clk
     Startpoint: (R) mem_d_ack_i
          Clock: (R) clk
       Endpoint: (R) retime_s329_9_reg/D
          Clock: (R) clk

                     Capture       Launch     
        Clock Edge:+    2000            0     
        Drv Adjust:+       0            0     
       Src Latency:+       0            0     
       Net Latency:+       0 (I)        0 (I) 
           Arrival:=    2000            0     
                                              
             Setup:-       4                  
       Uncertainty:-     200                  
     Required Time:=    1796                  
      Launch Clock:-       0                  
       Input Delay:-     300                  
         Data Path:-    1444                  
             Slack:=      52                  

Exceptions/Constraints:
  input_delay             300             riscv_core.sdc_1_line_29_619_1 

#----------------------------------------------------------------------------------------------------------------------------------------
#                  Timing Point                   Flags    Arc   Edge           Cell            Fanout Load Trans Delay Arrival Instance 
#                                                                                                      (fF)  (ps)  (ps)   (ps)  Location 
#----------------------------------------------------------------------------------------------------------------------------------------
  mem_d_ack_i                                     -       -      R     (arrival)                     6  5.0     0     0     300    (-,-) 
  g623287/Y                                       -       B->Y   F     NOR2x1p5_ASAP7_75t_R          2  1.8    16     6     306    (-,-) 
  g623253/Y                                       -       A->Y   R     INVx1_ASAP7_75t_R             3  1.9    15    12     317    (-,-) 
  g662649/Y                                       -       A1->Y  R     OA222x2_ASAP7_75t_R         118 67.6   206   118     436    (-,-) 
  g662543/Y                                       -       B->Y   F     NAND2xp5_ASAP7_75t_R          2  1.3    48    33     469    (-,-) 
  g662516/Y                                       -       A->Y   R     INVx1_ASAP7_75t_R             3  1.8    22    18     487    (-,-) 
  g662474/Y                                       -       B->Y   R     AND2x2_ASAP7_75t_R            5  3.0    15    25     512    (-,-) 
  g662419/Y                                       -       B->Y   F     NAND2xp5_ASAP7_75t_R          6  3.1    34    22     533    (-,-) 
  g662400/Y                                       -       A->Y   R     INVx1_ASAP7_75t_R             3  1.3    16    14     547    (-,-) 
  g662330/Y                                       -       A1->Y  F     AOI22xp33_ASAP7_75t_R         1  0.5    21    11     558    (-,-) 
  g662230/Y                                       -       C->Y   R     OAI221xp5_ASAP7_75t_R         1  0.5    30    13     571    (-,-) 
  g662193/Y                                       -       C->Y   F     AOI221xp5_ASAP7_75t_R         1  0.5    26    13     583    (-,-) 
  g662147/Y                                       -       C->Y   R     OAI221xp5_ASAP7_75t_R         1  0.6    30    14     598    (-,-) 
  g662056/Y                                       -       C->Y   F     O2A1O1Ixp33_ASAP7_75t_R       2  1.1    22    15     613    (-,-) 
  g661915/Y                                       -       B->Y   R     NOR3xp33_ASAP7_75t_R          2  1.2    35    24     636    (-,-) 
  g661818/Y                                       -       B->Y   F     NAND2xp5_ASAP7_75t_R          2  1.1    20    17     653    (-,-) 
  g661720/Y                                       -       B->Y   R     NOR2xp33_ASAP7_75t_R         14  8.6   174    88     741    (-,-) 
  g661678/Y                                       -       A->Y   F     INVx2_ASAP7_75t_R            19 11.2    61    46     787    (-,-) 
  g661340/Y                                       -       A2->Y  R     OAI211xp5_ASAP7_75t_R         1  0.5    28    23     809    (-,-) 
  g661216/Y                                       -       B->Y   F     AOI21xp33_ASAP7_75t_R         1  0.5    29     9     818    (-,-) 
  g661110/Y                                       -       C->Y   R     OAI221xp5_ASAP7_75t_R         6  3.0    73    26     845    (-,-) 
  g660995/Y                                       -       B->Y   F     NOR2xp33_ASAP7_75t_R          3  1.6    42    37     882    (-,-) 
  g660814/Y                                       -       B->Y   R     NOR2xp33_ASAP7_75t_R          1  0.6    25    20     902    (-,-) 
  g660781/Y                                       -       A->Y   F     NAND3xp33_ASAP7_75t_R         1  0.6    20    15     916    (-,-) 
  g660696/Y                                       -       A->Y   R     NOR4xp25_ASAP7_75t_R          1  0.5    34    19     936    (-,-) 
  g660616/Y                                       -       A->Y   F     NAND5xp2_ASAP7_75t_R          1  0.6    34    22     958    (-,-) 
  g660470/Y                                       -       A->Y   R     NOR5xp2_ASAP7_75t_R           1  0.6    46    27     986    (-,-) 
  g660419/Y                                       -       D->Y   R     AND4x1_ASAP7_75t_R            3  1.7    20    34    1020    (-,-) 
  g660415/Y                                       -       B->Y   F     AOI21xp5_ASAP7_75t_R          1  0.6    19     9    1029    (-,-) 
  g660410/Y                                       -       B->Y   F     AO21x1_ASAP7_75t_R            1  0.6     8    18    1047    (-,-) 
  g660370/Y                                       -       B->Y   F     OA21x2_ASAP7_75t_R            1  0.6     7    12    1059    (-,-) 
  g660364/Y                                       -       B2->Y  R     OAI321xp33_ASAP7_75t_R        3  1.7    48    22    1081    (-,-) 
  g660362/Y                                       -       B->Y   F     NAND2xp5_ASAP7_75t_R         11  6.6    81    48    1129    (-,-) 
  g660360/Y                                       -       B->Y   R     NAND2xp5_ASAP7_75t_R          2  1.7    38    33    1161    (-,-) 
  g660355/Y                                       -       A->Y   R     OR3x1_ASAP7_75t_R             2  1.3    13    20    1181    (-,-) 
  g619868/Y                                       -       A->Y   F     INVx1_ASAP7_75t_R             1  1.0     8     7    1189    (-,-) 
  g730563/CON                                     -       B->CON R     HAxp5_ASAP7_75t_R             1  0.6    20    11    1199    (-,-) 
  u_issue_add_243_22_Y_u_issue_add_241_22_g1669/Y -       B->Y   F     OAI21xp5_ASAP7_75t_R          2  1.6    24    14    1214    (-,-) 
  u_issue_add_243_22_Y_u_issue_add_241_22_g1667/Y -       B->Y   R     NAND2xp5_ASAP7_75t_R          2  0.8    16    14    1228    (-,-) 
  u_issue_add_243_22_Y_u_issue_add_241_22_g1665/Y -       B->Y   F     NOR2xp33_ASAP7_75t_R          3  1.9    36    23    1251    (-,-) 
  u_issue_add_243_22_Y_u_issue_add_241_22_g1663/Y -       A->Y   R     NAND2xp33_ASAP7_75t_R         2  0.8    28    24    1275    (-,-) 
  u_issue_add_243_22_Y_u_issue_add_241_22_g1661/Y -       B->Y   F     NOR2xp33_ASAP7_75t_R          3  2.1    39    29    1304    (-,-) 
  u_issue_add_243_22_Y_u_issue_add_241_22_g1659/Y -       B->Y   R     NAND2xp5_ASAP7_75t_R          2  0.8    19    18    1322    (-,-) 
  u_issue_add_243_22_Y_u_issue_add_241_22_g1657/Y -       B->Y   F     NOR2xp33_ASAP7_75t_R          3  2.1    39    26    1348    (-,-) 
  u_issue_add_243_22_Y_u_issue_add_241_22_g1655/Y -       B->Y   R     NAND2xp5_ASAP7_75t_R          2  1.0    21    19    1367    (-,-) 
  u_issue_add_243_22_Y_u_issue_add_241_22_g1653/Y -       B->Y   F     NOR2xp33_ASAP7_75t_R          3  2.0    38    26    1392    (-,-) 
  u_issue_add_243_22_Y_u_issue_add_241_22_g1651/Y -       A->Y   R     NAND2xp33_ASAP7_75t_R         2  1.0    32    27    1419    (-,-) 
  u_issue_add_243_22_Y_u_issue_add_241_22_g1649/Y -       B->Y   F     NOR2xp33_ASAP7_75t_R          3  2.2    41    31    1450    (-,-) 
  u_issue_add_243_22_Y_u_issue_add_241_22_g1647/Y -       B->Y   R     NAND2xp5_ASAP7_75t_R          2  1.0    22    19    1470    (-,-) 
  u_issue_add_243_22_Y_u_issue_add_241_22_g1645/Y -       B->Y   F     NOR2xp33_ASAP7_75t_R          3  2.2    41    28    1497    (-,-) 
  u_issue_add_243_22_Y_u_issue_add_241_22_g1643/Y -       B->Y   R     NAND2xp5_ASAP7_75t_R          2  1.0    22    19    1517    (-,-) 
  u_issue_add_243_22_Y_u_issue_add_241_22_g1641/Y -       B->Y   F     NOR2xp33_ASAP7_75t_R          3  2.0    38    26    1543    (-,-) 
  u_issue_add_243_22_Y_u_issue_add_241_22_g1639/Y -       A->Y   R     NAND2xp33_ASAP7_75t_R         2  1.0    32    27    1570    (-,-) 
  u_issue_add_243_22_Y_u_issue_add_241_22_g1637/Y -       B->Y   F     NOR2xp33_ASAP7_75t_R          3  2.2    41    31    1601    (-,-) 
  u_issue_add_243_22_Y_u_issue_add_241_22_g1635/Y -       B->Y   R     NAND2xp5_ASAP7_75t_R          2  1.0    22    19    1620    (-,-) 
  u_issue_add_243_22_Y_u_issue_add_241_22_g1633/Y -       B->Y   F     NOR2xp33_ASAP7_75t_R          3  2.2    41    28    1648    (-,-) 
  u_issue_add_243_22_Y_u_issue_add_241_22_g1631/Y -       B->Y   R     NAND2xp5_ASAP7_75t_R          2  1.0    22    19    1667    (-,-) 
  u_issue_add_243_22_Y_u_issue_add_241_22_g1629/Y -       B->Y   F     NOR2xp33_ASAP7_75t_R          3  2.2    41    28    1694    (-,-) 
  g730067/Y                                       -       B->Y   R     XNOR2xp5_ASAP7_75t_R          1  0.6    24    20    1715    (-,-) 
  g722297/Y                                       -       A2->Y  F     OAI21xp5_ASAP7_75t_R          2  1.2    28    14    1729    (-,-) 
  g691820/Y                                       -       B2->Y  R     AOI22xp5_ASAP7_75t_R          1  0.6    36    15    1744    (-,-) 
  retime_s329_9_reg/D                             -       -      R     ASYNC_DFFHx1_ASAP7_75t_R      1    -     -     0    1744    (-,-) 
#----------------------------------------------------------------------------------------------------------------------------------------



Path 32: MET (52 ps) Setup Check with Pin u_frontend_u_npc_BRANCH_PREDICTION.ras_stack_q_reg[7][0]/CLK->D
          Group: clk
     Startpoint: (F) mem_d_ack_i
          Clock: (R) clk
       Endpoint: (F) u_frontend_u_npc_BRANCH_PREDICTION.ras_stack_q_reg[7][0]/D
          Clock: (R) clk

                     Capture       Launch     
        Clock Edge:+    2000            0     
        Drv Adjust:+       0            0     
       Src Latency:+       0            0     
       Net Latency:+       0 (I)        0 (I) 
           Arrival:=    2000            0     
                                              
             Setup:-      -6                  
       Uncertainty:-     200                  
     Required Time:=    1806                  
      Launch Clock:-       0                  
       Input Delay:-     300                  
         Data Path:-    1454                  
             Slack:=      52                  

Exceptions/Constraints:
  input_delay             300             riscv_core.sdc_1_line_29_619_1 

#--------------------------------------------------------------------------------------------------------------------------------------------------
#                       Timing Point                         Flags   Arc   Edge           Cell            Fanout Load Trans Delay Arrival Instance 
#                                                                                                                (fF)  (ps)  (ps)   (ps)  Location 
#--------------------------------------------------------------------------------------------------------------------------------------------------
  mem_d_ack_i                                                -       -     F     (arrival)                     6  5.0     0     0     300    (-,-) 
  g623287/Y                                                  -       B->Y  R     NOR2x1p5_ASAP7_75t_R          2  1.8    16     7     307    (-,-) 
  g623234/Y                                                  -       A->Y  R     OR2x6_ASAP7_75t_R            10  5.8    12    22     329    (-,-) 
  g623201/Y                                                  -       B->Y  F     NOR2xp33_ASAP7_75t_R          3  1.7    35    20     350    (-,-) 
  g623182/Y                                                  -       B->Y  F     AO21x1_ASAP7_75t_R            3  2.1    14    25     374    (-,-) 
  g623141/Y                                                  -       A->Y  R     NOR2x1_ASAP7_75t_R            2  1.9    18    14     388    (-,-) 
  g623117/Y                                                  -       A->Y  F     NAND3x1_ASAP7_75t_R           3  2.8    23    15     403    (-,-) 
  g722960/Y                                                  -       A->Y  F     OR3x1_ASAP7_75t_R             4  2.3    18    32     435    (-,-) 
  g722623/Y                                                  -       B->Y  R     NAND2xp5_ASAP7_75t_R         11  5.0    55    32     467    (-,-) 
  g722381/Y                                                  -       B->Y  F     NOR2xp33_ASAP7_75t_R          5  3.1    60    46     513    (-,-) 
  g722286/Y                                                  -       A->Y  R     INVx1_ASAP7_75t_R             4  2.2    27    22     535    (-,-) 
  g722141/Y                                                  -       B->Y  R     AND2x2_ASAP7_75t_R           59 29.9   106    68     602    (-,-) 
  g721406/Y                                                  -       B->Y  F     NOR2xp33_ASAP7_75t_R          1  0.6    32    28     630    (-,-) 
  g721322/Y                                                  -       B->Y  F     AO21x1_ASAP7_75t_R           32 22.4   112    72     702    (-,-) 
  g721228/Y                                                  -       A->Y  R     INVx1_ASAP7_75t_R            24 12.2    93    70     772    (-,-) 
  g719489/Y                                                  -       A2->Y R     AO22x1_ASAP7_75t_R            1  0.5    11    30     802    (-,-) 
  g719093/Y                                                  -       C->Y  F     AOI221xp5_ASAP7_75t_R         1  0.5    36     9     811    (-,-) 
  g718732/Y                                                  -       C->Y  R     OAI221xp5_ASAP7_75t_R         1  0.5    37    16     827    (-,-) 
  g718443/Y                                                  -       C->Y  F     AOI221xp5_ASAP7_75t_R         1  0.5    39    14     841    (-,-) 
  g718342/Y                                                  -       C->Y  F     AND5x1_ASAP7_75t_R            1  0.6     7    29     870    (-,-) 
  g718264/Y                                                  -       A->Y  R     NAND5xp2_ASAP7_75t_R          3  1.5    32    13     883    (-,-) 
  g718230/Y                                                  -       A->Y  F     INVxp67_ASAP7_75t_R           2  1.0    15    12     895    (-,-) 
  g718138/Y                                                  -       C->Y  R     OAI221xp5_ASAP7_75t_R         3  1.5    62    15     910    (-,-) 
  g718057/Y                                                  -       C->Y  F     OAI211xp5_ASAP7_75t_R         3  1.5    37    21     932    (-,-) 
  g718000/Y                                                  -       B->Y  R     AOI211xp5_ASAP7_75t_R         2  1.2    37    25     956    (-,-) 
  g717990/Y                                                  -       B->Y  F     OAI21xp5_ASAP7_75t_R          3  1.5    26    16     973    (-,-) 
  g717980/Y                                                  -       B->Y  R     AOI211xp5_ASAP7_75t_R         3  1.6    43    26     998    (-,-) 
  g717971/Y                                                  -       A->Y  F     NAND3xp33_ASAP7_75t_R         3  1.6    37    27    1025    (-,-) 
  g717964/Y                                                  -       A->Y  R     NOR3xp33_ASAP7_75t_R          2  1.1    37    26    1051    (-,-) 
  g717956/Y                                                  -       A->Y  F     NAND3xp33_ASAP7_75t_R         3  1.5    36    25    1076    (-,-) 
  g717948/Y                                                  -       B->Y  R     AOI211xp5_ASAP7_75t_R         3  1.7    44    29    1105    (-,-) 
  g717940/Y                                                  -       B->Y  F     OAI211xp5_ASAP7_75t_R         3  1.5    34    22    1127    (-,-) 
  g717934/Y                                                  -       B->Y  R     AOI211xp5_ASAP7_75t_R         2  1.1    35    23    1150    (-,-) 
  g717928/Y                                                  -       B->Y  F     NAND2xp5_ASAP7_75t_R          4  2.2    31    23    1174    (-,-) 
  g717926/Y                                                  -       A->Y  R     INVx1_ASAP7_75t_R             1  0.6    12    10    1184    (-,-) 
  g717925/Y                                                  -       A->Y  F     NAND4xp25_ASAP7_75t_R         3  1.6    44    23    1206    (-,-) 
  g717921/Y                                                  -       A->Y  R     NOR3xp33_ASAP7_75t_R          3  1.6    47    33    1240    (-,-) 
  g717917/Y                                                  -       B->Y  F     OAI211xp5_ASAP7_75t_R         3  1.7    38    24    1264    (-,-) 
  g717916/Y                                                  -       A->Y  R     NOR3xp33_ASAP7_75t_R          2  1.1    37    26    1290    (-,-) 
  g717914/Y                                                  -       A->Y  R     AND4x1_ASAP7_75t_R            9  5.4    44    47    1337    (-,-) 
  g717913/Y                                                  -       A->Y  F     INVx1_ASAP7_75t_R             7  3.8    28    22    1360    (-,-) 
  g717912/Y                                                  -       A->Y  R     NOR3xp33_ASAP7_75t_R          2  1.1    34    24    1383    (-,-) 
  g717897/Y                                                  -       A->Y  F     NAND3xp33_ASAP7_75t_R         3  1.6    34    25    1408    (-,-) 
  g717885/Y                                                  -       A->Y  F     OR3x1_ASAP7_75t_R             3  1.7    16    33    1440    (-,-) 
  g717868/Y                                                  -       A->Y  F     OR3x1_ASAP7_75t_R             2  1.3    13    26    1467    (-,-) 
  g717865/Y                                                  -       A->Y  R     INVx1_ASAP7_75t_R             2  1.2    11     9    1476    (-,-) 
  g717839/Y                                                  -       A->Y  F     NAND3xp33_ASAP7_75t_R         3  1.8    40    19    1495    (-,-) 
  g717834/Y                                                  -       A->Y  R     INVx1_ASAP7_75t_R             1  0.6    13    11    1506    (-,-) 
  g717828/Y                                                  -       A->Y  F     NAND3xp33_ASAP7_75t_R         2  1.1    30    15    1521    (-,-) 
  g717818/Y                                                  -       B2->Y R     OAI32xp33_ASAP7_75t_R         3  1.6    45    27    1548    (-,-) 
  g717816/Y                                                  -       A->Y  F     INVxp67_ASAP7_75t_R           1  0.5    13    10    1558    (-,-) 
  g717805/Y                                                  -       A1->Y R     OAI221xp5_ASAP7_75t_R         1  0.5    24    17    1575    (-,-) 
  g717803/Y                                                  -       C->Y  F     AOI221xp5_ASAP7_75t_R         1  0.6    25    12    1588    (-,-) 
  g717802/Y                                                  -       A->Y  R     NAND5xp2_ASAP7_75t_R          1  0.6    19    16    1603    (-,-) 
  g717799/Y                                                  -       B->Y  R     AND2x2_ASAP7_75t_R            3  1.5    10    21    1624    (-,-) 
  g717797/Y                                                  -       B->Y  F     NOR2xp33_ASAP7_75t_R          2  1.1    28    15    1639    (-,-) 
  g717793/Y                                                  -       A->Y  R     NAND3xp33_ASAP7_75t_R         9  5.3    65    38    1677    (-,-) 
  g690936/Y                                                  -       C->Y  F     OAI221xp5_ASAP7_75t_R         1  0.6    25    19    1696    (-,-) 
  g688266/Y                                                  -       A2->Y R     AOI211xp5_ASAP7_75t_R         6  3.7    75    40    1736    (-,-) 
  g687022/Y                                                  -       A1->Y F     OAI21xp5_ASAP7_75t_R          1  0.6    22    17    1754    (-,-) 
  u_frontend_u_npc_BRANCH_PREDICTION.ras_stack_q_reg[7][0]/D -       -     F     ASYNC_DFFHx1_ASAP7_75t_R      1    -     -     0    1754    (-,-) 
#--------------------------------------------------------------------------------------------------------------------------------------------------



Path 33: MET (52 ps) Setup Check with Pin u_frontend_u_npc_BRANCH_PREDICTION.ras_stack_q_reg[6][0]/CLK->D
          Group: clk
     Startpoint: (F) mem_d_ack_i
          Clock: (R) clk
       Endpoint: (F) u_frontend_u_npc_BRANCH_PREDICTION.ras_stack_q_reg[6][0]/D
          Clock: (R) clk

                     Capture       Launch     
        Clock Edge:+    2000            0     
        Drv Adjust:+       0            0     
       Src Latency:+       0            0     
       Net Latency:+       0 (I)        0 (I) 
           Arrival:=    2000            0     
                                              
             Setup:-      -6                  
       Uncertainty:-     200                  
     Required Time:=    1806                  
      Launch Clock:-       0                  
       Input Delay:-     300                  
         Data Path:-    1454                  
             Slack:=      52                  

Exceptions/Constraints:
  input_delay             300             riscv_core.sdc_1_line_29_619_1 

#--------------------------------------------------------------------------------------------------------------------------------------------------
#                       Timing Point                         Flags   Arc   Edge           Cell            Fanout Load Trans Delay Arrival Instance 
#                                                                                                                (fF)  (ps)  (ps)   (ps)  Location 
#--------------------------------------------------------------------------------------------------------------------------------------------------
  mem_d_ack_i                                                -       -     F     (arrival)                     6  5.0     0     0     300    (-,-) 
  g623287/Y                                                  -       B->Y  R     NOR2x1p5_ASAP7_75t_R          2  1.8    16     7     307    (-,-) 
  g623234/Y                                                  -       A->Y  R     OR2x6_ASAP7_75t_R            10  5.8    12    22     329    (-,-) 
  g623201/Y                                                  -       B->Y  F     NOR2xp33_ASAP7_75t_R          3  1.7    35    20     350    (-,-) 
  g623182/Y                                                  -       B->Y  F     AO21x1_ASAP7_75t_R            3  2.1    14    25     374    (-,-) 
  g623141/Y                                                  -       A->Y  R     NOR2x1_ASAP7_75t_R            2  1.9    18    14     388    (-,-) 
  g623117/Y                                                  -       A->Y  F     NAND3x1_ASAP7_75t_R           3  2.8    23    15     403    (-,-) 
  g722960/Y                                                  -       A->Y  F     OR3x1_ASAP7_75t_R             4  2.3    18    32     435    (-,-) 
  g722623/Y                                                  -       B->Y  R     NAND2xp5_ASAP7_75t_R         11  5.0    55    32     467    (-,-) 
  g722381/Y                                                  -       B->Y  F     NOR2xp33_ASAP7_75t_R          5  3.1    60    46     513    (-,-) 
  g722286/Y                                                  -       A->Y  R     INVx1_ASAP7_75t_R             4  2.2    27    22     535    (-,-) 
  g722141/Y                                                  -       B->Y  R     AND2x2_ASAP7_75t_R           59 29.9   106    68     602    (-,-) 
  g721406/Y                                                  -       B->Y  F     NOR2xp33_ASAP7_75t_R          1  0.6    32    28     630    (-,-) 
  g721322/Y                                                  -       B->Y  F     AO21x1_ASAP7_75t_R           32 22.4   112    72     702    (-,-) 
  g721228/Y                                                  -       A->Y  R     INVx1_ASAP7_75t_R            24 12.2    93    70     772    (-,-) 
  g719489/Y                                                  -       A2->Y R     AO22x1_ASAP7_75t_R            1  0.5    11    30     802    (-,-) 
  g719093/Y                                                  -       C->Y  F     AOI221xp5_ASAP7_75t_R         1  0.5    36     9     811    (-,-) 
  g718732/Y                                                  -       C->Y  R     OAI221xp5_ASAP7_75t_R         1  0.5    37    16     827    (-,-) 
  g718443/Y                                                  -       C->Y  F     AOI221xp5_ASAP7_75t_R         1  0.5    39    14     841    (-,-) 
  g718342/Y                                                  -       C->Y  F     AND5x1_ASAP7_75t_R            1  0.6     7    29     870    (-,-) 
  g718264/Y                                                  -       A->Y  R     NAND5xp2_ASAP7_75t_R          3  1.5    32    13     883    (-,-) 
  g718230/Y                                                  -       A->Y  F     INVxp67_ASAP7_75t_R           2  1.0    15    12     895    (-,-) 
  g718138/Y                                                  -       C->Y  R     OAI221xp5_ASAP7_75t_R         3  1.5    62    15     910    (-,-) 
  g718057/Y                                                  -       C->Y  F     OAI211xp5_ASAP7_75t_R         3  1.5    37    21     932    (-,-) 
  g718000/Y                                                  -       B->Y  R     AOI211xp5_ASAP7_75t_R         2  1.2    37    25     956    (-,-) 
  g717990/Y                                                  -       B->Y  F     OAI21xp5_ASAP7_75t_R          3  1.5    26    16     973    (-,-) 
  g717980/Y                                                  -       B->Y  R     AOI211xp5_ASAP7_75t_R         3  1.6    43    26     998    (-,-) 
  g717971/Y                                                  -       A->Y  F     NAND3xp33_ASAP7_75t_R         3  1.6    37    27    1025    (-,-) 
  g717964/Y                                                  -       A->Y  R     NOR3xp33_ASAP7_75t_R          2  1.1    37    26    1051    (-,-) 
  g717956/Y                                                  -       A->Y  F     NAND3xp33_ASAP7_75t_R         3  1.5    36    25    1076    (-,-) 
  g717948/Y                                                  -       B->Y  R     AOI211xp5_ASAP7_75t_R         3  1.7    44    29    1105    (-,-) 
  g717940/Y                                                  -       B->Y  F     OAI211xp5_ASAP7_75t_R         3  1.5    34    22    1127    (-,-) 
  g717934/Y                                                  -       B->Y  R     AOI211xp5_ASAP7_75t_R         2  1.1    35    23    1150    (-,-) 
  g717928/Y                                                  -       B->Y  F     NAND2xp5_ASAP7_75t_R          4  2.2    31    23    1174    (-,-) 
  g717926/Y                                                  -       A->Y  R     INVx1_ASAP7_75t_R             1  0.6    12    10    1184    (-,-) 
  g717925/Y                                                  -       A->Y  F     NAND4xp25_ASAP7_75t_R         3  1.6    44    23    1206    (-,-) 
  g717921/Y                                                  -       A->Y  R     NOR3xp33_ASAP7_75t_R          3  1.6    47    33    1240    (-,-) 
  g717917/Y                                                  -       B->Y  F     OAI211xp5_ASAP7_75t_R         3  1.7    38    24    1264    (-,-) 
  g717916/Y                                                  -       A->Y  R     NOR3xp33_ASAP7_75t_R          2  1.1    37    26    1290    (-,-) 
  g717914/Y                                                  -       A->Y  R     AND4x1_ASAP7_75t_R            9  5.4    44    47    1337    (-,-) 
  g717913/Y                                                  -       A->Y  F     INVx1_ASAP7_75t_R             7  3.8    28    22    1360    (-,-) 
  g717912/Y                                                  -       A->Y  R     NOR3xp33_ASAP7_75t_R          2  1.1    34    24    1383    (-,-) 
  g717897/Y                                                  -       A->Y  F     NAND3xp33_ASAP7_75t_R         3  1.6    34    25    1408    (-,-) 
  g717885/Y                                                  -       A->Y  F     OR3x1_ASAP7_75t_R             3  1.7    16    33    1440    (-,-) 
  g717868/Y                                                  -       A->Y  F     OR3x1_ASAP7_75t_R             2  1.3    13    26    1467    (-,-) 
  g717865/Y                                                  -       A->Y  R     INVx1_ASAP7_75t_R             2  1.2    11     9    1476    (-,-) 
  g717839/Y                                                  -       A->Y  F     NAND3xp33_ASAP7_75t_R         3  1.8    40    19    1495    (-,-) 
  g717834/Y                                                  -       A->Y  R     INVx1_ASAP7_75t_R             1  0.6    13    11    1506    (-,-) 
  g717828/Y                                                  -       A->Y  F     NAND3xp33_ASAP7_75t_R         2  1.1    30    15    1521    (-,-) 
  g717818/Y                                                  -       B2->Y R     OAI32xp33_ASAP7_75t_R         3  1.6    45    27    1548    (-,-) 
  g717816/Y                                                  -       A->Y  F     INVxp67_ASAP7_75t_R           1  0.5    13    10    1558    (-,-) 
  g717805/Y                                                  -       A1->Y R     OAI221xp5_ASAP7_75t_R         1  0.5    24    17    1575    (-,-) 
  g717803/Y                                                  -       C->Y  F     AOI221xp5_ASAP7_75t_R         1  0.6    25    12    1588    (-,-) 
  g717802/Y                                                  -       A->Y  R     NAND5xp2_ASAP7_75t_R          1  0.6    19    16    1603    (-,-) 
  g717799/Y                                                  -       B->Y  R     AND2x2_ASAP7_75t_R            3  1.5    10    21    1624    (-,-) 
  g717797/Y                                                  -       B->Y  F     NOR2xp33_ASAP7_75t_R          2  1.1    28    15    1639    (-,-) 
  g717793/Y                                                  -       A->Y  R     NAND3xp33_ASAP7_75t_R         9  5.3    65    38    1677    (-,-) 
  g690936/Y                                                  -       C->Y  F     OAI221xp5_ASAP7_75t_R         1  0.6    25    19    1696    (-,-) 
  g688266/Y                                                  -       A2->Y R     AOI211xp5_ASAP7_75t_R         6  3.7    75    40    1736    (-,-) 
  g687023/Y                                                  -       A1->Y F     OAI21xp5_ASAP7_75t_R          1  0.6    22    17    1754    (-,-) 
  u_frontend_u_npc_BRANCH_PREDICTION.ras_stack_q_reg[6][0]/D -       -     F     ASYNC_DFFHx1_ASAP7_75t_R      1    -     -     0    1754    (-,-) 
#--------------------------------------------------------------------------------------------------------------------------------------------------



Path 34: MET (52 ps) Setup Check with Pin u_frontend_u_npc_BRANCH_PREDICTION.ras_stack_q_reg[5][0]/CLK->D
          Group: clk
     Startpoint: (F) mem_d_ack_i
          Clock: (R) clk
       Endpoint: (F) u_frontend_u_npc_BRANCH_PREDICTION.ras_stack_q_reg[5][0]/D
          Clock: (R) clk

                     Capture       Launch     
        Clock Edge:+    2000            0     
        Drv Adjust:+       0            0     
       Src Latency:+       0            0     
       Net Latency:+       0 (I)        0 (I) 
           Arrival:=    2000            0     
                                              
             Setup:-      -6                  
       Uncertainty:-     200                  
     Required Time:=    1806                  
      Launch Clock:-       0                  
       Input Delay:-     300                  
         Data Path:-    1454                  
             Slack:=      52                  

Exceptions/Constraints:
  input_delay             300             riscv_core.sdc_1_line_29_619_1 

#--------------------------------------------------------------------------------------------------------------------------------------------------
#                       Timing Point                         Flags   Arc   Edge           Cell            Fanout Load Trans Delay Arrival Instance 
#                                                                                                                (fF)  (ps)  (ps)   (ps)  Location 
#--------------------------------------------------------------------------------------------------------------------------------------------------
  mem_d_ack_i                                                -       -     F     (arrival)                     6  5.0     0     0     300    (-,-) 
  g623287/Y                                                  -       B->Y  R     NOR2x1p5_ASAP7_75t_R          2  1.8    16     7     307    (-,-) 
  g623234/Y                                                  -       A->Y  R     OR2x6_ASAP7_75t_R            10  5.8    12    22     329    (-,-) 
  g623201/Y                                                  -       B->Y  F     NOR2xp33_ASAP7_75t_R          3  1.7    35    20     350    (-,-) 
  g623182/Y                                                  -       B->Y  F     AO21x1_ASAP7_75t_R            3  2.1    14    25     374    (-,-) 
  g623141/Y                                                  -       A->Y  R     NOR2x1_ASAP7_75t_R            2  1.9    18    14     388    (-,-) 
  g623117/Y                                                  -       A->Y  F     NAND3x1_ASAP7_75t_R           3  2.8    23    15     403    (-,-) 
  g722960/Y                                                  -       A->Y  F     OR3x1_ASAP7_75t_R             4  2.3    18    32     435    (-,-) 
  g722623/Y                                                  -       B->Y  R     NAND2xp5_ASAP7_75t_R         11  5.0    55    32     467    (-,-) 
  g722381/Y                                                  -       B->Y  F     NOR2xp33_ASAP7_75t_R          5  3.1    60    46     513    (-,-) 
  g722286/Y                                                  -       A->Y  R     INVx1_ASAP7_75t_R             4  2.2    27    22     535    (-,-) 
  g722141/Y                                                  -       B->Y  R     AND2x2_ASAP7_75t_R           59 29.9   106    68     602    (-,-) 
  g721406/Y                                                  -       B->Y  F     NOR2xp33_ASAP7_75t_R          1  0.6    32    28     630    (-,-) 
  g721322/Y                                                  -       B->Y  F     AO21x1_ASAP7_75t_R           32 22.4   112    72     702    (-,-) 
  g721228/Y                                                  -       A->Y  R     INVx1_ASAP7_75t_R            24 12.2    93    70     772    (-,-) 
  g719489/Y                                                  -       A2->Y R     AO22x1_ASAP7_75t_R            1  0.5    11    30     802    (-,-) 
  g719093/Y                                                  -       C->Y  F     AOI221xp5_ASAP7_75t_R         1  0.5    36     9     811    (-,-) 
  g718732/Y                                                  -       C->Y  R     OAI221xp5_ASAP7_75t_R         1  0.5    37    16     827    (-,-) 
  g718443/Y                                                  -       C->Y  F     AOI221xp5_ASAP7_75t_R         1  0.5    39    14     841    (-,-) 
  g718342/Y                                                  -       C->Y  F     AND5x1_ASAP7_75t_R            1  0.6     7    29     870    (-,-) 
  g718264/Y                                                  -       A->Y  R     NAND5xp2_ASAP7_75t_R          3  1.5    32    13     883    (-,-) 
  g718230/Y                                                  -       A->Y  F     INVxp67_ASAP7_75t_R           2  1.0    15    12     895    (-,-) 
  g718138/Y                                                  -       C->Y  R     OAI221xp5_ASAP7_75t_R         3  1.5    62    15     910    (-,-) 
  g718057/Y                                                  -       C->Y  F     OAI211xp5_ASAP7_75t_R         3  1.5    37    21     932    (-,-) 
  g718000/Y                                                  -       B->Y  R     AOI211xp5_ASAP7_75t_R         2  1.2    37    25     956    (-,-) 
  g717990/Y                                                  -       B->Y  F     OAI21xp5_ASAP7_75t_R          3  1.5    26    16     973    (-,-) 
  g717980/Y                                                  -       B->Y  R     AOI211xp5_ASAP7_75t_R         3  1.6    43    26     998    (-,-) 
  g717971/Y                                                  -       A->Y  F     NAND3xp33_ASAP7_75t_R         3  1.6    37    27    1025    (-,-) 
  g717964/Y                                                  -       A->Y  R     NOR3xp33_ASAP7_75t_R          2  1.1    37    26    1051    (-,-) 
  g717956/Y                                                  -       A->Y  F     NAND3xp33_ASAP7_75t_R         3  1.5    36    25    1076    (-,-) 
  g717948/Y                                                  -       B->Y  R     AOI211xp5_ASAP7_75t_R         3  1.7    44    29    1105    (-,-) 
  g717940/Y                                                  -       B->Y  F     OAI211xp5_ASAP7_75t_R         3  1.5    34    22    1127    (-,-) 
  g717934/Y                                                  -       B->Y  R     AOI211xp5_ASAP7_75t_R         2  1.1    35    23    1150    (-,-) 
  g717928/Y                                                  -       B->Y  F     NAND2xp5_ASAP7_75t_R          4  2.2    31    23    1174    (-,-) 
  g717926/Y                                                  -       A->Y  R     INVx1_ASAP7_75t_R             1  0.6    12    10    1184    (-,-) 
  g717925/Y                                                  -       A->Y  F     NAND4xp25_ASAP7_75t_R         3  1.6    44    23    1206    (-,-) 
  g717921/Y                                                  -       A->Y  R     NOR3xp33_ASAP7_75t_R          3  1.6    47    33    1240    (-,-) 
  g717917/Y                                                  -       B->Y  F     OAI211xp5_ASAP7_75t_R         3  1.7    38    24    1264    (-,-) 
  g717916/Y                                                  -       A->Y  R     NOR3xp33_ASAP7_75t_R          2  1.1    37    26    1290    (-,-) 
  g717914/Y                                                  -       A->Y  R     AND4x1_ASAP7_75t_R            9  5.4    44    47    1337    (-,-) 
  g717913/Y                                                  -       A->Y  F     INVx1_ASAP7_75t_R             7  3.8    28    22    1360    (-,-) 
  g717912/Y                                                  -       A->Y  R     NOR3xp33_ASAP7_75t_R          2  1.1    34    24    1383    (-,-) 
  g717897/Y                                                  -       A->Y  F     NAND3xp33_ASAP7_75t_R         3  1.6    34    25    1408    (-,-) 
  g717885/Y                                                  -       A->Y  F     OR3x1_ASAP7_75t_R             3  1.7    16    33    1440    (-,-) 
  g717868/Y                                                  -       A->Y  F     OR3x1_ASAP7_75t_R             2  1.3    13    26    1467    (-,-) 
  g717865/Y                                                  -       A->Y  R     INVx1_ASAP7_75t_R             2  1.2    11     9    1476    (-,-) 
  g717839/Y                                                  -       A->Y  F     NAND3xp33_ASAP7_75t_R         3  1.8    40    19    1495    (-,-) 
  g717834/Y                                                  -       A->Y  R     INVx1_ASAP7_75t_R             1  0.6    13    11    1506    (-,-) 
  g717828/Y                                                  -       A->Y  F     NAND3xp33_ASAP7_75t_R         2  1.1    30    15    1521    (-,-) 
  g717818/Y                                                  -       B2->Y R     OAI32xp33_ASAP7_75t_R         3  1.6    45    27    1548    (-,-) 
  g717816/Y                                                  -       A->Y  F     INVxp67_ASAP7_75t_R           1  0.5    13    10    1558    (-,-) 
  g717805/Y                                                  -       A1->Y R     OAI221xp5_ASAP7_75t_R         1  0.5    24    17    1575    (-,-) 
  g717803/Y                                                  -       C->Y  F     AOI221xp5_ASAP7_75t_R         1  0.6    25    12    1588    (-,-) 
  g717802/Y                                                  -       A->Y  R     NAND5xp2_ASAP7_75t_R          1  0.6    19    16    1603    (-,-) 
  g717799/Y                                                  -       B->Y  R     AND2x2_ASAP7_75t_R            3  1.5    10    21    1624    (-,-) 
  g717797/Y                                                  -       B->Y  F     NOR2xp33_ASAP7_75t_R          2  1.1    28    15    1639    (-,-) 
  g717793/Y                                                  -       A->Y  R     NAND3xp33_ASAP7_75t_R         9  5.3    65    38    1677    (-,-) 
  g690936/Y                                                  -       C->Y  F     OAI221xp5_ASAP7_75t_R         1  0.6    25    19    1696    (-,-) 
  g688266/Y                                                  -       A2->Y R     AOI211xp5_ASAP7_75t_R         6  3.7    75    40    1736    (-,-) 
  g687082/Y                                                  -       A1->Y F     OAI21xp5_ASAP7_75t_R          1  0.6    22    17    1754    (-,-) 
  u_frontend_u_npc_BRANCH_PREDICTION.ras_stack_q_reg[5][0]/D -       -     F     ASYNC_DFFHx1_ASAP7_75t_R      1    -     -     0    1754    (-,-) 
#--------------------------------------------------------------------------------------------------------------------------------------------------



Path 35: MET (52 ps) Setup Check with Pin u_frontend_u_npc_BRANCH_PREDICTION.ras_stack_q_reg[4][0]/CLK->D
          Group: clk
     Startpoint: (F) mem_d_ack_i
          Clock: (R) clk
       Endpoint: (F) u_frontend_u_npc_BRANCH_PREDICTION.ras_stack_q_reg[4][0]/D
          Clock: (R) clk

                     Capture       Launch     
        Clock Edge:+    2000            0     
        Drv Adjust:+       0            0     
       Src Latency:+       0            0     
       Net Latency:+       0 (I)        0 (I) 
           Arrival:=    2000            0     
                                              
             Setup:-      -6                  
       Uncertainty:-     200                  
     Required Time:=    1806                  
      Launch Clock:-       0                  
       Input Delay:-     300                  
         Data Path:-    1454                  
             Slack:=      52                  

Exceptions/Constraints:
  input_delay             300             riscv_core.sdc_1_line_29_619_1 

#--------------------------------------------------------------------------------------------------------------------------------------------------
#                       Timing Point                         Flags   Arc   Edge           Cell            Fanout Load Trans Delay Arrival Instance 
#                                                                                                                (fF)  (ps)  (ps)   (ps)  Location 
#--------------------------------------------------------------------------------------------------------------------------------------------------
  mem_d_ack_i                                                -       -     F     (arrival)                     6  5.0     0     0     300    (-,-) 
  g623287/Y                                                  -       B->Y  R     NOR2x1p5_ASAP7_75t_R          2  1.8    16     7     307    (-,-) 
  g623234/Y                                                  -       A->Y  R     OR2x6_ASAP7_75t_R            10  5.8    12    22     329    (-,-) 
  g623201/Y                                                  -       B->Y  F     NOR2xp33_ASAP7_75t_R          3  1.7    35    20     350    (-,-) 
  g623182/Y                                                  -       B->Y  F     AO21x1_ASAP7_75t_R            3  2.1    14    25     374    (-,-) 
  g623141/Y                                                  -       A->Y  R     NOR2x1_ASAP7_75t_R            2  1.9    18    14     388    (-,-) 
  g623117/Y                                                  -       A->Y  F     NAND3x1_ASAP7_75t_R           3  2.8    23    15     403    (-,-) 
  g722960/Y                                                  -       A->Y  F     OR3x1_ASAP7_75t_R             4  2.3    18    32     435    (-,-) 
  g722623/Y                                                  -       B->Y  R     NAND2xp5_ASAP7_75t_R         11  5.0    55    32     467    (-,-) 
  g722381/Y                                                  -       B->Y  F     NOR2xp33_ASAP7_75t_R          5  3.1    60    46     513    (-,-) 
  g722286/Y                                                  -       A->Y  R     INVx1_ASAP7_75t_R             4  2.2    27    22     535    (-,-) 
  g722141/Y                                                  -       B->Y  R     AND2x2_ASAP7_75t_R           59 29.9   106    68     602    (-,-) 
  g721406/Y                                                  -       B->Y  F     NOR2xp33_ASAP7_75t_R          1  0.6    32    28     630    (-,-) 
  g721322/Y                                                  -       B->Y  F     AO21x1_ASAP7_75t_R           32 22.4   112    72     702    (-,-) 
  g721228/Y                                                  -       A->Y  R     INVx1_ASAP7_75t_R            24 12.2    93    70     772    (-,-) 
  g719489/Y                                                  -       A2->Y R     AO22x1_ASAP7_75t_R            1  0.5    11    30     802    (-,-) 
  g719093/Y                                                  -       C->Y  F     AOI221xp5_ASAP7_75t_R         1  0.5    36     9     811    (-,-) 
  g718732/Y                                                  -       C->Y  R     OAI221xp5_ASAP7_75t_R         1  0.5    37    16     827    (-,-) 
  g718443/Y                                                  -       C->Y  F     AOI221xp5_ASAP7_75t_R         1  0.5    39    14     841    (-,-) 
  g718342/Y                                                  -       C->Y  F     AND5x1_ASAP7_75t_R            1  0.6     7    29     870    (-,-) 
  g718264/Y                                                  -       A->Y  R     NAND5xp2_ASAP7_75t_R          3  1.5    32    13     883    (-,-) 
  g718230/Y                                                  -       A->Y  F     INVxp67_ASAP7_75t_R           2  1.0    15    12     895    (-,-) 
  g718138/Y                                                  -       C->Y  R     OAI221xp5_ASAP7_75t_R         3  1.5    62    15     910    (-,-) 
  g718057/Y                                                  -       C->Y  F     OAI211xp5_ASAP7_75t_R         3  1.5    37    21     932    (-,-) 
  g718000/Y                                                  -       B->Y  R     AOI211xp5_ASAP7_75t_R         2  1.2    37    25     956    (-,-) 
  g717990/Y                                                  -       B->Y  F     OAI21xp5_ASAP7_75t_R          3  1.5    26    16     973    (-,-) 
  g717980/Y                                                  -       B->Y  R     AOI211xp5_ASAP7_75t_R         3  1.6    43    26     998    (-,-) 
  g717971/Y                                                  -       A->Y  F     NAND3xp33_ASAP7_75t_R         3  1.6    37    27    1025    (-,-) 
  g717964/Y                                                  -       A->Y  R     NOR3xp33_ASAP7_75t_R          2  1.1    37    26    1051    (-,-) 
  g717956/Y                                                  -       A->Y  F     NAND3xp33_ASAP7_75t_R         3  1.5    36    25    1076    (-,-) 
  g717948/Y                                                  -       B->Y  R     AOI211xp5_ASAP7_75t_R         3  1.7    44    29    1105    (-,-) 
  g717940/Y                                                  -       B->Y  F     OAI211xp5_ASAP7_75t_R         3  1.5    34    22    1127    (-,-) 
  g717934/Y                                                  -       B->Y  R     AOI211xp5_ASAP7_75t_R         2  1.1    35    23    1150    (-,-) 
  g717928/Y                                                  -       B->Y  F     NAND2xp5_ASAP7_75t_R          4  2.2    31    23    1174    (-,-) 
  g717926/Y                                                  -       A->Y  R     INVx1_ASAP7_75t_R             1  0.6    12    10    1184    (-,-) 
  g717925/Y                                                  -       A->Y  F     NAND4xp25_ASAP7_75t_R         3  1.6    44    23    1206    (-,-) 
  g717921/Y                                                  -       A->Y  R     NOR3xp33_ASAP7_75t_R          3  1.6    47    33    1240    (-,-) 
  g717917/Y                                                  -       B->Y  F     OAI211xp5_ASAP7_75t_R         3  1.7    38    24    1264    (-,-) 
  g717916/Y                                                  -       A->Y  R     NOR3xp33_ASAP7_75t_R          2  1.1    37    26    1290    (-,-) 
  g717914/Y                                                  -       A->Y  R     AND4x1_ASAP7_75t_R            9  5.4    44    47    1337    (-,-) 
  g717913/Y                                                  -       A->Y  F     INVx1_ASAP7_75t_R             7  3.8    28    22    1360    (-,-) 
  g717912/Y                                                  -       A->Y  R     NOR3xp33_ASAP7_75t_R          2  1.1    34    24    1383    (-,-) 
  g717897/Y                                                  -       A->Y  F     NAND3xp33_ASAP7_75t_R         3  1.6    34    25    1408    (-,-) 
  g717885/Y                                                  -       A->Y  F     OR3x1_ASAP7_75t_R             3  1.7    16    33    1440    (-,-) 
  g717868/Y                                                  -       A->Y  F     OR3x1_ASAP7_75t_R             2  1.3    13    26    1467    (-,-) 
  g717865/Y                                                  -       A->Y  R     INVx1_ASAP7_75t_R             2  1.2    11     9    1476    (-,-) 
  g717839/Y                                                  -       A->Y  F     NAND3xp33_ASAP7_75t_R         3  1.8    40    19    1495    (-,-) 
  g717834/Y                                                  -       A->Y  R     INVx1_ASAP7_75t_R             1  0.6    13    11    1506    (-,-) 
  g717828/Y                                                  -       A->Y  F     NAND3xp33_ASAP7_75t_R         2  1.1    30    15    1521    (-,-) 
  g717818/Y                                                  -       B2->Y R     OAI32xp33_ASAP7_75t_R         3  1.6    45    27    1548    (-,-) 
  g717816/Y                                                  -       A->Y  F     INVxp67_ASAP7_75t_R           1  0.5    13    10    1558    (-,-) 
  g717805/Y                                                  -       A1->Y R     OAI221xp5_ASAP7_75t_R         1  0.5    24    17    1575    (-,-) 
  g717803/Y                                                  -       C->Y  F     AOI221xp5_ASAP7_75t_R         1  0.6    25    12    1588    (-,-) 
  g717802/Y                                                  -       A->Y  R     NAND5xp2_ASAP7_75t_R          1  0.6    19    16    1603    (-,-) 
  g717799/Y                                                  -       B->Y  R     AND2x2_ASAP7_75t_R            3  1.5    10    21    1624    (-,-) 
  g717797/Y                                                  -       B->Y  F     NOR2xp33_ASAP7_75t_R          2  1.1    28    15    1639    (-,-) 
  g717793/Y                                                  -       A->Y  R     NAND3xp33_ASAP7_75t_R         9  5.3    65    38    1677    (-,-) 
  g690936/Y                                                  -       C->Y  F     OAI221xp5_ASAP7_75t_R         1  0.6    25    19    1696    (-,-) 
  g688266/Y                                                  -       A2->Y R     AOI211xp5_ASAP7_75t_R         6  3.7    75    40    1736    (-,-) 
  g687081/Y                                                  -       A1->Y F     OAI21xp5_ASAP7_75t_R          1  0.6    22    17    1754    (-,-) 
  u_frontend_u_npc_BRANCH_PREDICTION.ras_stack_q_reg[4][0]/D -       -     F     ASYNC_DFFHx1_ASAP7_75t_R      1    -     -     0    1754    (-,-) 
#--------------------------------------------------------------------------------------------------------------------------------------------------



Path 36: MET (52 ps) Setup Check with Pin u_div_lte_157_19_retime_s409_34_reg/CLK->D
          Group: clk
     Startpoint: (R) mem_d_ack_i
          Clock: (R) clk
       Endpoint: (R) u_div_lte_157_19_retime_s409_34_reg/D
          Clock: (R) clk

                     Capture       Launch     
        Clock Edge:+    2000            0     
        Drv Adjust:+       0            0     
       Src Latency:+       0            0     
       Net Latency:+       0 (I)        0 (I) 
           Arrival:=    2000            0     
                                              
             Setup:-       4                  
       Uncertainty:-     200                  
     Required Time:=    1796                  
      Launch Clock:-       0                  
       Input Delay:-     300                  
         Data Path:-    1443                  
             Slack:=      52                  

Exceptions/Constraints:
  input_delay             300             riscv_core.sdc_1_line_29_619_1 

#--------------------------------------------------------------------------------------------------------------------------------------
#                 Timing Point                  Flags    Arc   Edge           Cell            Fanout Load Trans Delay Arrival Instance 
#                                                                                                    (fF)  (ps)  (ps)   (ps)  Location 
#--------------------------------------------------------------------------------------------------------------------------------------
  mem_d_ack_i                                   -       -      R     (arrival)                     6  5.0     0     0     300    (-,-) 
  g623287/Y                                     -       B->Y   F     NOR2x1p5_ASAP7_75t_R          2  1.8    16     6     306    (-,-) 
  g623234/Y                                     -       A->Y   F     OR2x6_ASAP7_75t_R            10  5.8    12    27     332    (-,-) 
  g623201/Y                                     -       B->Y   R     NOR2xp33_ASAP7_75t_R          3  1.7    40    23     355    (-,-) 
  g623182/Y                                     -       B->Y   R     AO21x1_ASAP7_75t_R            3  1.9    15    20     376    (-,-) 
  g623141/Y                                     -       A->Y   F     NOR2x1_ASAP7_75t_R            2  1.9    16    14     390    (-,-) 
  g623117/Y                                     -       A->Y   R     NAND3x1_ASAP7_75t_R           3  2.8    32    19     408    (-,-) 
  g623091/Y                                     -       A->Y   R     OR2x6_ASAP7_75t_R            31 19.4    28    35     443    (-,-) 
  g663371/Y                                     -       A->Y   F     INVx3_ASAP7_75t_R            44 26.1    47    30     474    (-,-) 
  g662645/Y                                     -       A2->Y  R     OAI22xp5_ASAP7_75t_R          3  1.4    32    23     497    (-,-) 
  g662496/Y                                     -       C->Y   F     NAND4xp25_ASAP7_75t_R         1  0.6    27    19     516    (-,-) 
  g662365/Y                                     -       A2->Y  R     OAI22xp5_ASAP7_75t_R          6  3.9    54    32     549    (-,-) 
  g662340/Y                                     -       A->Y   F     INVx2_ASAP7_75t_R             8  4.1    21    16     566    (-,-) 
  g662279/Y                                     -       A->Y   R     NOR3xp33_ASAP7_75t_R          4  2.4    57    34     599    (-,-) 
  g662183/Y                                     -       A1->Y  F     OAI31xp33_ASAP7_75t_R         4  2.2    44    27     626    (-,-) 
  g662165/Y                                     -       A->Y   R     INVx1_ASAP7_75t_R             5  2.6    26    21     647    (-,-) 
  g662109/Y                                     -       A1->Y  F     OAI221xp5_ASAP7_75t_R         4  2.4    42    24     671    (-,-) 
  g661792/Y                                     -       B1->Y  R     AOI221xp5_ASAP7_75t_R         1  0.5    28    20     691    (-,-) 
  g661589/Y                                     -       A1->Y  F     AOI31xp33_ASAP7_75t_R         1  0.6    24    14     704    (-,-) 
  g661428/Y                                     -       C->Y   R     O2A1O1Ixp33_ASAP7_75t_R       1  0.5    23    16     720    (-,-) 
  g661233/Y                                     -       A1->Y  F     OAI221xp5_ASAP7_75t_R         1  0.6    22    13     733    (-,-) 
  g661031/Y                                     -       B->Y   R     AOI21xp5_ASAP7_75t_R          1  0.6    19    13     746    (-,-) 
  g660969/Y                                     -       A->Y   R     AND5x1_ASAP7_75t_R            1  0.6    16    32     778    (-,-) 
  g660835/Y                                     -       A->Y   F     NAND4xp25_ASAP7_75t_R         3  2.3    56    30     809    (-,-) 
  g660771/Y                                     -       B->Y   F     OR2x6_ASAP7_75t_R           162 95.1    96    78     886    (-,-) 
  g724256/Y                                     -       A->Y   R     INVx2_ASAP7_75t_R             7  3.8    30    24     911    (-,-) 
  g660707/Y                                     -       B->Y   F     NAND2xp5_ASAP7_75t_R          2  0.9    18    14     925    (-,-) 
  g660609/Y                                     -       A->Y   F     OR2x2_ASAP7_75t_R            32 19.0    57    48     973    (-,-) 
  g660471/Y                                     -       A2->Y  R     OAI22xp5_ASAP7_75t_R          1  0.7    26    19     992    (-,-) 
  u_div_sub_159_34_Y_u_div_minus_135_27_g4361/Y -       A->Y   F     INVx1_ASAP7_75t_R             2  1.0    11     9    1002    (-,-) 
  u_div_sub_159_34_Y_u_div_minus_135_27_g4346/Y -       B->Y   R     NOR2xp33_ASAP7_75t_R          3  2.3    50    28    1029    (-,-) 
  u_div_sub_159_34_Y_u_div_minus_135_27_g4316/Y -       A2->Y  F     OAI21xp5_ASAP7_75t_R          2  1.6    27    20    1050    (-,-) 
  u_div_sub_159_34_Y_u_div_minus_135_27_g4314/Y -       A->Y   F     MAJx2_ASAP7_75t_R             2  2.2    12    30    1080    (-,-) 
  u_div_sub_159_34_Y_u_div_minus_135_27_g4312/Y -       A->Y   F     MAJx2_ASAP7_75t_R             2  2.2    12    26    1105    (-,-) 
  u_div_sub_159_34_Y_u_div_minus_135_27_g4310/Y -       A->Y   F     MAJx2_ASAP7_75t_R             2  2.2    12    26    1131    (-,-) 
  u_div_sub_159_34_Y_u_div_minus_135_27_g4308/Y -       A->Y   F     MAJx2_ASAP7_75t_R             2  2.2    12    26    1156    (-,-) 
  u_div_sub_159_34_Y_u_div_minus_135_27_g4306/Y -       A->Y   F     MAJx2_ASAP7_75t_R             2  2.2    12    26    1182    (-,-) 
  u_div_sub_159_34_Y_u_div_minus_135_27_g4304/Y -       A->Y   F     MAJx2_ASAP7_75t_R             2  2.2    12    26    1207    (-,-) 
  u_div_sub_159_34_Y_u_div_minus_135_27_g4302/Y -       A->Y   F     MAJx2_ASAP7_75t_R             2  2.2    12    26    1233    (-,-) 
  u_div_sub_159_34_Y_u_div_minus_135_27_g4300/Y -       A->Y   F     MAJx2_ASAP7_75t_R             2  2.2    12    26    1258    (-,-) 
  u_div_sub_159_34_Y_u_div_minus_135_27_g4298/Y -       A->Y   F     MAJx2_ASAP7_75t_R             2  2.2    12    26    1284    (-,-) 
  u_div_sub_159_34_Y_u_div_minus_135_27_g4296/Y -       A->Y   F     MAJx2_ASAP7_75t_R             2  2.2    12    26    1309    (-,-) 
  u_div_sub_159_34_Y_u_div_minus_135_27_g4294/Y -       A->Y   F     MAJx2_ASAP7_75t_R             2  2.2    12    26    1335    (-,-) 
  u_div_sub_159_34_Y_u_div_minus_135_27_g4292/Y -       A->Y   F     MAJx2_ASAP7_75t_R             2  2.2    12    26    1360    (-,-) 
  u_div_sub_159_34_Y_u_div_minus_135_27_g4290/Y -       A->Y   F     MAJx2_ASAP7_75t_R             2  2.2    12    26    1386    (-,-) 
  u_div_sub_159_34_Y_u_div_minus_135_27_g4288/Y -       A->Y   F     MAJx2_ASAP7_75t_R             2  2.2    12    26    1411    (-,-) 
  u_div_sub_159_34_Y_u_div_minus_135_27_g4286/Y -       A->Y   F     MAJx2_ASAP7_75t_R             2  2.2    12    26    1437    (-,-) 
  u_div_sub_159_34_Y_u_div_minus_135_27_g4284/Y -       A->Y   F     MAJx2_ASAP7_75t_R             2  2.2    12    26    1462    (-,-) 
  u_div_sub_159_34_Y_u_div_minus_135_27_g4282/Y -       A->Y   F     MAJx2_ASAP7_75t_R             2  2.2    12    26    1488    (-,-) 
  u_div_sub_159_34_Y_u_div_minus_135_27_g4280/Y -       A->Y   F     MAJx2_ASAP7_75t_R             2  2.2    12    26    1513    (-,-) 
  u_div_sub_159_34_Y_u_div_minus_135_27_g4278/Y -       A->Y   F     MAJx2_ASAP7_75t_R             2  2.2    12    26    1539    (-,-) 
  u_div_sub_159_34_Y_u_div_minus_135_27_g4276/Y -       A->Y   F     MAJx2_ASAP7_75t_R             2  2.2    12    26    1564    (-,-) 
  u_div_sub_159_34_Y_u_div_minus_135_27_g4274/Y -       A->Y   F     MAJx2_ASAP7_75t_R             2  2.2    12    26    1590    (-,-) 
  u_div_sub_159_34_Y_u_div_minus_135_27_g4272/Y -       A->Y   F     MAJx2_ASAP7_75t_R             2  2.2    12    26    1615    (-,-) 
  u_div_sub_159_34_Y_u_div_minus_135_27_g4270/Y -       A->Y   F     MAJx2_ASAP7_75t_R             2  2.2    12    26    1641    (-,-) 
  u_div_sub_159_34_Y_u_div_minus_135_27_g4267/Y -       A->Y   F     MAJx2_ASAP7_75t_R             2  2.2    12    26    1666    (-,-) 
  g730274/SN                                    -       CI->SN R     FAx1_ASAP7_75t_R              1  0.6    31    29    1695    (-,-) 
  g722762/Y                                     -       B->Y   F     NAND2xp5_ASAP7_75t_R          1  0.6    32    12    1708    (-,-) 
  g722667/Y                                     -       B->Y   R     OAI21xp5_ASAP7_75t_R          2  1.3    46    15    1723    (-,-) 
  u_div_lte_157_19_g3023/Y                      -       A->Y   F     INVx1_ASAP7_75t_R             1  0.6    12     9    1732    (-,-) 
  u_div_lte_157_19_g3015/Y                      -       B2->Y  R     AOI22xp5_ASAP7_75t_R          1  0.6    37    11    1743    (-,-) 
  u_div_lte_157_19_retime_s409_34_reg/D         -       -      R     ASYNC_DFFHx1_ASAP7_75t_R      1    -     -     0    1743    (-,-) 
#--------------------------------------------------------------------------------------------------------------------------------------



Path 37: MET (53 ps) Setup Check with Pin retime_s409_31_reg/CLK->D
          Group: clk
     Startpoint: (R) mem_d_ack_i
          Clock: (R) clk
       Endpoint: (R) retime_s409_31_reg/D
          Clock: (R) clk

                     Capture       Launch     
        Clock Edge:+    2000            0     
        Drv Adjust:+       0            0     
       Src Latency:+       0            0     
       Net Latency:+       0 (I)        0 (I) 
           Arrival:=    2000            0     
                                              
             Setup:-       5                  
       Uncertainty:-     200                  
     Required Time:=    1795                  
      Launch Clock:-       0                  
       Input Delay:-     300                  
         Data Path:-    1443                  
             Slack:=      53                  

Exceptions/Constraints:
  input_delay             300             riscv_core.sdc_1_line_29_619_1 

#--------------------------------------------------------------------------------------------------------------------------------------
#                 Timing Point                  Flags    Arc   Edge           Cell            Fanout Load Trans Delay Arrival Instance 
#                                                                                                    (fF)  (ps)  (ps)   (ps)  Location 
#--------------------------------------------------------------------------------------------------------------------------------------
  mem_d_ack_i                                   -       -      R     (arrival)                     6  5.0     0     0     300    (-,-) 
  g623287/Y                                     -       B->Y   F     NOR2x1p5_ASAP7_75t_R          2  1.8    16     6     306    (-,-) 
  g623234/Y                                     -       A->Y   F     OR2x6_ASAP7_75t_R            10  5.8    12    27     332    (-,-) 
  g623201/Y                                     -       B->Y   R     NOR2xp33_ASAP7_75t_R          3  1.7    40    23     355    (-,-) 
  g623182/Y                                     -       B->Y   R     AO21x1_ASAP7_75t_R            3  1.9    15    20     376    (-,-) 
  g623141/Y                                     -       A->Y   F     NOR2x1_ASAP7_75t_R            2  1.9    16    14     390    (-,-) 
  g623117/Y                                     -       A->Y   R     NAND3x1_ASAP7_75t_R           3  2.8    32    19     408    (-,-) 
  g623091/Y                                     -       A->Y   R     OR2x6_ASAP7_75t_R            31 19.4    28    35     443    (-,-) 
  g663371/Y                                     -       A->Y   F     INVx3_ASAP7_75t_R            44 26.1    47    30     474    (-,-) 
  g662645/Y                                     -       A2->Y  R     OAI22xp5_ASAP7_75t_R          3  1.4    32    23     497    (-,-) 
  g662496/Y                                     -       C->Y   F     NAND4xp25_ASAP7_75t_R         1  0.6    27    19     516    (-,-) 
  g662365/Y                                     -       A2->Y  R     OAI22xp5_ASAP7_75t_R          6  3.9    54    32     549    (-,-) 
  g662340/Y                                     -       A->Y   F     INVx2_ASAP7_75t_R             8  4.1    21    16     566    (-,-) 
  g662279/Y                                     -       A->Y   R     NOR3xp33_ASAP7_75t_R          4  2.4    57    34     599    (-,-) 
  g662183/Y                                     -       A1->Y  F     OAI31xp33_ASAP7_75t_R         4  2.2    44    27     626    (-,-) 
  g662165/Y                                     -       A->Y   R     INVx1_ASAP7_75t_R             5  2.6    26    21     647    (-,-) 
  g662109/Y                                     -       A1->Y  F     OAI221xp5_ASAP7_75t_R         4  2.4    42    24     671    (-,-) 
  g661792/Y                                     -       B1->Y  R     AOI221xp5_ASAP7_75t_R         1  0.5    28    20     691    (-,-) 
  g661589/Y                                     -       A1->Y  F     AOI31xp33_ASAP7_75t_R         1  0.6    24    14     704    (-,-) 
  g661428/Y                                     -       C->Y   R     O2A1O1Ixp33_ASAP7_75t_R       1  0.5    23    16     720    (-,-) 
  g661233/Y                                     -       A1->Y  F     OAI221xp5_ASAP7_75t_R         1  0.6    22    13     733    (-,-) 
  g661031/Y                                     -       B->Y   R     AOI21xp5_ASAP7_75t_R          1  0.6    19    13     746    (-,-) 
  g660969/Y                                     -       A->Y   R     AND5x1_ASAP7_75t_R            1  0.6    16    32     778    (-,-) 
  g660835/Y                                     -       A->Y   F     NAND4xp25_ASAP7_75t_R         3  2.3    56    30     809    (-,-) 
  g660771/Y                                     -       B->Y   F     OR2x6_ASAP7_75t_R           162 95.1    96    78     886    (-,-) 
  g724256/Y                                     -       A->Y   R     INVx2_ASAP7_75t_R             7  3.8    30    24     911    (-,-) 
  g660707/Y                                     -       B->Y   F     NAND2xp5_ASAP7_75t_R          2  0.9    18    14     925    (-,-) 
  g660609/Y                                     -       A->Y   F     OR2x2_ASAP7_75t_R            32 19.0    57    48     973    (-,-) 
  g660471/Y                                     -       A2->Y  R     OAI22xp5_ASAP7_75t_R          1  0.7    26    19     992    (-,-) 
  u_div_sub_159_34_Y_u_div_minus_135_27_g4361/Y -       A->Y   F     INVx1_ASAP7_75t_R             2  1.0    11     9    1002    (-,-) 
  u_div_sub_159_34_Y_u_div_minus_135_27_g4346/Y -       B->Y   R     NOR2xp33_ASAP7_75t_R          3  2.3    50    28    1029    (-,-) 
  u_div_sub_159_34_Y_u_div_minus_135_27_g4316/Y -       A2->Y  F     OAI21xp5_ASAP7_75t_R          2  1.6    27    20    1050    (-,-) 
  u_div_sub_159_34_Y_u_div_minus_135_27_g4314/Y -       A->Y   F     MAJx2_ASAP7_75t_R             2  2.2    12    30    1080    (-,-) 
  u_div_sub_159_34_Y_u_div_minus_135_27_g4312/Y -       A->Y   F     MAJx2_ASAP7_75t_R             2  2.2    12    26    1105    (-,-) 
  u_div_sub_159_34_Y_u_div_minus_135_27_g4310/Y -       A->Y   F     MAJx2_ASAP7_75t_R             2  2.2    12    26    1131    (-,-) 
  u_div_sub_159_34_Y_u_div_minus_135_27_g4308/Y -       A->Y   F     MAJx2_ASAP7_75t_R             2  2.2    12    26    1156    (-,-) 
  u_div_sub_159_34_Y_u_div_minus_135_27_g4306/Y -       A->Y   F     MAJx2_ASAP7_75t_R             2  2.2    12    26    1182    (-,-) 
  u_div_sub_159_34_Y_u_div_minus_135_27_g4304/Y -       A->Y   F     MAJx2_ASAP7_75t_R             2  2.2    12    26    1207    (-,-) 
  u_div_sub_159_34_Y_u_div_minus_135_27_g4302/Y -       A->Y   F     MAJx2_ASAP7_75t_R             2  2.2    12    26    1233    (-,-) 
  u_div_sub_159_34_Y_u_div_minus_135_27_g4300/Y -       A->Y   F     MAJx2_ASAP7_75t_R             2  2.2    12    26    1258    (-,-) 
  u_div_sub_159_34_Y_u_div_minus_135_27_g4298/Y -       A->Y   F     MAJx2_ASAP7_75t_R             2  2.2    12    26    1284    (-,-) 
  u_div_sub_159_34_Y_u_div_minus_135_27_g4296/Y -       A->Y   F     MAJx2_ASAP7_75t_R             2  2.2    12    26    1309    (-,-) 
  u_div_sub_159_34_Y_u_div_minus_135_27_g4294/Y -       A->Y   F     MAJx2_ASAP7_75t_R             2  2.2    12    26    1335    (-,-) 
  u_div_sub_159_34_Y_u_div_minus_135_27_g4292/Y -       A->Y   F     MAJx2_ASAP7_75t_R             2  2.2    12    26    1360    (-,-) 
  u_div_sub_159_34_Y_u_div_minus_135_27_g4290/Y -       A->Y   F     MAJx2_ASAP7_75t_R             2  2.2    12    26    1386    (-,-) 
  u_div_sub_159_34_Y_u_div_minus_135_27_g4288/Y -       A->Y   F     MAJx2_ASAP7_75t_R             2  2.2    12    26    1411    (-,-) 
  u_div_sub_159_34_Y_u_div_minus_135_27_g4286/Y -       A->Y   F     MAJx2_ASAP7_75t_R             2  2.2    12    26    1437    (-,-) 
  u_div_sub_159_34_Y_u_div_minus_135_27_g4284/Y -       A->Y   F     MAJx2_ASAP7_75t_R             2  2.2    12    26    1462    (-,-) 
  u_div_sub_159_34_Y_u_div_minus_135_27_g4282/Y -       A->Y   F     MAJx2_ASAP7_75t_R             2  2.2    12    26    1488    (-,-) 
  u_div_sub_159_34_Y_u_div_minus_135_27_g4280/Y -       A->Y   F     MAJx2_ASAP7_75t_R             2  2.2    12    26    1513    (-,-) 
  u_div_sub_159_34_Y_u_div_minus_135_27_g4278/Y -       A->Y   F     MAJx2_ASAP7_75t_R             2  2.2    12    26    1539    (-,-) 
  u_div_sub_159_34_Y_u_div_minus_135_27_g4276/Y -       A->Y   F     MAJx2_ASAP7_75t_R             2  2.2    12    26    1564    (-,-) 
  u_div_sub_159_34_Y_u_div_minus_135_27_g4274/Y -       A->Y   F     MAJx2_ASAP7_75t_R             2  2.2    12    26    1590    (-,-) 
  u_div_sub_159_34_Y_u_div_minus_135_27_g4272/Y -       A->Y   F     MAJx2_ASAP7_75t_R             2  2.2    12    26    1615    (-,-) 
  u_div_sub_159_34_Y_u_div_minus_135_27_g4270/Y -       A->Y   F     MAJx2_ASAP7_75t_R             2  2.2    12    26    1641    (-,-) 
  u_div_sub_159_34_Y_u_div_minus_135_27_g4267/Y -       A->Y   F     MAJx2_ASAP7_75t_R             2  2.2    12    26    1666    (-,-) 
  g730274/SN                                    -       CI->SN F     FAx1_ASAP7_75t_R              1  0.6    24    31    1697    (-,-) 
  g722762/Y                                     -       B->Y   R     NAND2xp5_ASAP7_75t_R          1  0.6    37    13    1710    (-,-) 
  g722667/Y                                     -       B->Y   F     OAI21xp5_ASAP7_75t_R          2  1.3    44    15    1725    (-,-) 
  g691904/Y                                     -       B2->Y  R     AOI22xp5_ASAP7_75t_R          1  0.6    38    18    1743    (-,-) 
  retime_s409_31_reg/D                          -       -      R     ASYNC_DFFHx1_ASAP7_75t_R      1    -     -     0    1743    (-,-) 
#--------------------------------------------------------------------------------------------------------------------------------------



Path 38: MET (54 ps) Setup Check with Pin u_div_lte_157_19_retime_s293_16_reg/CLK->D
          Group: clk
     Startpoint: (F) mem_d_ack_i
          Clock: (R) clk
       Endpoint: (R) u_div_lte_157_19_retime_s293_16_reg/D
          Clock: (R) clk

                     Capture       Launch     
        Clock Edge:+    2000            0     
        Drv Adjust:+       0            0     
       Src Latency:+       0            0     
       Net Latency:+       0 (I)        0 (I) 
           Arrival:=    2000            0     
                                              
             Setup:-       5                  
       Uncertainty:-     200                  
     Required Time:=    1795                  
      Launch Clock:-       0                  
       Input Delay:-     300                  
         Data Path:-    1441                  
             Slack:=      54                  

Exceptions/Constraints:
  input_delay             300             riscv_core.sdc_1_line_29_619_1 

#-----------------------------------------------------------------------------------------------------------------------------
#             Timing Point              Flags   Arc   Edge           Cell            Fanout Load Trans Delay Arrival Instance 
#                                                                                           (fF)  (ps)  (ps)   (ps)  Location 
#-----------------------------------------------------------------------------------------------------------------------------
  mem_d_ack_i                           -       -     F     (arrival)                     6  5.0     0     0     300    (-,-) 
  g623287/Y                             -       B->Y  R     NOR2x1p5_ASAP7_75t_R          2  1.8    16     7     307    (-,-) 
  g623234/Y                             -       A->Y  R     OR2x6_ASAP7_75t_R            10  5.8    12    22     329    (-,-) 
  g623201/Y                             -       B->Y  F     NOR2xp33_ASAP7_75t_R          3  1.7    35    20     350    (-,-) 
  g623182/Y                             -       B->Y  F     AO21x1_ASAP7_75t_R            3  2.1    14    25     374    (-,-) 
  g623141/Y                             -       A->Y  R     NOR2x1_ASAP7_75t_R            2  1.9    18    14     388    (-,-) 
  g623117/Y                             -       A->Y  F     NAND3x1_ASAP7_75t_R           3  2.8    23    15     403    (-,-) 
  g623091/Y                             -       A->Y  F     OR2x6_ASAP7_75t_R            31 19.5    25    37     440    (-,-) 
  g623090/Y                             -       A->Y  R     INVx2_ASAP7_75t_R            11  6.2    24    18     458    (-,-) 
  g623063/Y                             -       B2->Y R     AO22x2_ASAP7_75t_R           24 12.4    41    37     495    (-,-) 
  g730027/Y                             -       B->Y  F     NOR2xp33_ASAP7_75t_R          4  2.3    45    35     530    (-,-) 
  g662877/Y                             -       B->Y  R     NAND2xp5_ASAP7_75t_R          4  1.9    32    26     556    (-,-) 
  g662682/Y                             -       B->Y  R     OR2x2_ASAP7_75t_R             7  4.2    19    28     584    (-,-) 
  g662599/Y                             -       B->Y  F     NOR2xp33_ASAP7_75t_R          3  1.8    48    24     608    (-,-) 
  g662454/Y                             -       A->Y  R     NOR3xp33_ASAP7_75t_R          2  1.3    42    31     639    (-,-) 
  g661916/Y                             -       A->Y  F     NAND3xp33_ASAP7_75t_R         2  1.8    39    28     667    (-,-) 
  g661896/Y                             -       A->Y  R     INVx1_ASAP7_75t_R             2  1.2    17    14     681    (-,-) 
  g661816/Y                             -       A->Y  F     NAND3xp33_ASAP7_75t_R         2  1.8    38    21     702    (-,-) 
  g661768/Y                             -       A->Y  R     INVx1_ASAP7_75t_R             2  1.2    17    14     716    (-,-) 
  g661719/Y                             -       A->Y  R     AND3x1_ASAP7_75t_R           32 18.2   127    77     792    (-,-) 
  g661312/Y                             -       A1->Y F     AOI21xp5_ASAP7_75t_R          1  0.5    26    19     811    (-,-) 
  g661248/Y                             -       B->Y  R     OAI211xp5_ASAP7_75t_R        12  6.1   112    37     848    (-,-) 
  g723747/Y                             -       B->Y  F     NOR2xp33_ASAP7_75t_R          3  1.5    49    43     891    (-,-) 
  g723116/Y                             -       B->Y  R     NAND2xp5_ASAP7_75t_R          3  1.5    28    25     916    (-,-) 
  g722834/Y                             -       B->Y  F     NOR2xp33_ASAP7_75t_R          3  1.4    34    23     939    (-,-) 
  g722737/Y                             -       A->Y  R     INVxp67_ASAP7_75t_R           1  0.4    12    10     949    (-,-) 
  g722604/Y                             -       B->Y  F     NOR2xp33_ASAP7_75t_R          2  1.2    43    16     966    (-,-) 
  g722508/Y                             -       A->Y  R     INVx1_ASAP7_75t_R             2  1.0    16    13     979    (-,-) 
  g722372/Y                             -       B->Y  F     NOR2xp33_ASAP7_75t_R          3  1.5    49    20     999    (-,-) 
  g722085/Y                             -       B->Y  R     NAND2xp5_ASAP7_75t_R          3  1.5    28    25    1024    (-,-) 
  g721662/Y                             -       B->Y  F     NOR2xp33_ASAP7_75t_R          3  1.5    50    24    1048    (-,-) 
  g721206/Y                             -       B->Y  R     NAND2xp5_ASAP7_75t_R          2  1.3    26    23    1072    (-,-) 
  g721118/Y                             -       A->Y  F     INVx1_ASAP7_75t_R             2  0.9    11     9    1080    (-,-) 
  g720980/Y                             -       A->Y  R     NAND2xp33_ASAP7_75t_R         2  0.9    24    16    1097    (-,-) 
  g720073/Y                             -       B->Y  F     NOR2xp33_ASAP7_75t_R          2  1.2    34    20    1117    (-,-) 
  g719314/Y                             -       A->Y  R     INVx1_ASAP7_75t_R             2  1.0    14    12    1129    (-,-) 
  g719038/Y                             -       B->Y  F     NOR2xp33_ASAP7_75t_R          3  1.4    39    19    1148    (-,-) 
  g718829/Y                             -       A->Y  R     INVxp67_ASAP7_75t_R           1  0.4    13    11    1159    (-,-) 
  g718723/Y                             -       B->Y  F     NOR2xp33_ASAP7_75t_R          2  1.2    36    17    1176    (-,-) 
  g718621/Y                             -       A->Y  R     INVx1_ASAP7_75t_R             2  1.0    15    12    1188    (-,-) 
  g718518/Y                             -       B->Y  F     NOR2xp33_ASAP7_75t_R          3  1.4    39    19    1208    (-,-) 
  g718423/Y                             -       A->Y  R     INVxp67_ASAP7_75t_R           1  0.4    13    11    1218    (-,-) 
  g718381/Y                             -       B->Y  F     NOR2xp33_ASAP7_75t_R          2  1.2    47    17    1235    (-,-) 
  g718345/Y                             -       A->Y  R     INVx1_ASAP7_75t_R             2  1.0    17    14    1249    (-,-) 
  g718306/Y                             -       B->Y  F     NOR2xp33_ASAP7_75t_R          3  1.4    34    20    1269    (-,-) 
  g718269/Y                             -       A->Y  R     INVxp67_ASAP7_75t_R           1  0.4    12    10    1279    (-,-) 
  g718221/Y                             -       B->Y  F     NOR2xp33_ASAP7_75t_R          2  1.2    31    16    1295    (-,-) 
  g718188/Y                             -       A->Y  R     INVx1_ASAP7_75t_R             2  1.0    14    12    1307    (-,-) 
  g718139/Y                             -       B->Y  F     NOR2xp33_ASAP7_75t_R          3  1.4    42    19    1326    (-,-) 
  g718118/Y                             -       A->Y  R     INVxp67_ASAP7_75t_R           1  0.4    13    11    1337    (-,-) 
  g718083/Y                             -       B->Y  F     NOR2xp33_ASAP7_75t_R          2  1.2    30    17    1354    (-,-) 
  g718062/Y                             -       A->Y  R     INVx1_ASAP7_75t_R             2  1.0    14    11    1365    (-,-) 
  g718036/Y                             -       B->Y  F     NOR2xp33_ASAP7_75t_R          3  1.4    33    19    1384    (-,-) 
  g718016/Y                             -       A->Y  R     INVxp67_ASAP7_75t_R           2  1.0    17    14    1398    (-,-) 
  g718009/Y                             -       B->Y  F     NOR2xp33_ASAP7_75t_R          2  1.2    31    18    1417    (-,-) 
  g718003/Y                             -       A->Y  R     INVx1_ASAP7_75t_R             2  1.0    14    12    1428    (-,-) 
  g717996/Y                             -       B->Y  F     NOR2xp33_ASAP7_75t_R          3  1.4    52    19    1447    (-,-) 
  g717991/Y                             -       A->Y  R     INVxp67_ASAP7_75t_R           1  0.4    15    12    1459    (-,-) 
  g717985/Y                             -       B->Y  F     NOR2xp33_ASAP7_75t_R          2  1.2    30    17    1476    (-,-) 
  g717981/Y                             -       A->Y  R     INVx1_ASAP7_75t_R             2  1.0    14    12    1488    (-,-) 
  g717975/Y                             -       B->Y  F     NOR2xp33_ASAP7_75t_R          3  1.4    41    19    1507    (-,-) 
  g717972/Y                             -       A->Y  R     INVxp67_ASAP7_75t_R           1  0.4    13    11    1518    (-,-) 
  g717967/Y                             -       B->Y  F     NOR2xp33_ASAP7_75t_R          3  2.1    42    24    1542    (-,-) 
  g717960/Y                             -       B->Y  R     NAND2xp5_ASAP7_75t_R          2  0.9    21    19    1560    (-,-) 
  g717952/Y                             -       B->Y  F     NOR2xp33_ASAP7_75t_R          2  1.2    37    19    1580    (-,-) 
  g717949/Y                             -       A->Y  R     INVx1_ASAP7_75t_R             2  1.0    15    13    1592    (-,-) 
  g717946/Y                             -       B->Y  F     NOR2xp33_ASAP7_75t_R          3  1.7    38    21    1614    (-,-) 
  g717942/Y                             -       B->Y  R     NAND2xp5_ASAP7_75t_R          3  1.5    25    22    1636    (-,-) 
  g717936/Y                             -       B->Y  F     NOR2xp33_ASAP7_75t_R          4  2.1    60    28    1664    (-,-) 
  g717924/Y                             -       A2->Y R     A2O1A1Ixp33_ASAP7_75t_R       1  0.6    23    20    1684    (-,-) 
  g717919/Y                             -       B->Y  F     NAND2xp5_ASAP7_75t_R          2  1.2    19    15    1699    (-,-) 
  u_div_lte_157_19_g2893/Y              -       B->Y  F     OR4x1_ASAP7_75t_R             1  0.6    11    31    1730    (-,-) 
  u_div_lte_157_19_g2847/Y              -       A2->Y R     AOI22xp5_ASAP7_75t_R          1  0.6    48    11    1741    (-,-) 
  u_div_lte_157_19_retime_s293_16_reg/D -       -     R     ASYNC_DFFHx1_ASAP7_75t_R      1    -     -     0    1741    (-,-) 
#-----------------------------------------------------------------------------------------------------------------------------



Path 39: MET (59 ps) Setup Check with Pin u_frontend_u_npc_BRANCH_PREDICTION.ras_index_q_reg[2]/CLK->D
          Group: clk
     Startpoint: (F) mem_d_ack_i
          Clock: (R) clk
       Endpoint: (R) u_frontend_u_npc_BRANCH_PREDICTION.ras_index_q_reg[2]/D
          Clock: (R) clk

                     Capture       Launch     
        Clock Edge:+    2000            0     
        Drv Adjust:+       0            0     
       Src Latency:+       0            0     
       Net Latency:+       0 (I)        0 (I) 
           Arrival:=    2000            0     
                                              
             Setup:-       5                  
       Uncertainty:-     200                  
     Required Time:=    1795                  
      Launch Clock:-       0                  
       Input Delay:-     300                  
         Data Path:-    1436                  
             Slack:=      59                  

Exceptions/Constraints:
  input_delay             300             riscv_core.sdc_1_line_29_619_1 

#-----------------------------------------------------------------------------------------------------------------------------------------------
#                      Timing Point                       Flags   Arc   Edge           Cell            Fanout Load Trans Delay Arrival Instance 
#                                                                                                             (fF)  (ps)  (ps)   (ps)  Location 
#-----------------------------------------------------------------------------------------------------------------------------------------------
  mem_d_ack_i                                             -       -     F     (arrival)                     6  5.0     0     0     300    (-,-) 
  g623287/Y                                               -       B->Y  R     NOR2x1p5_ASAP7_75t_R          2  1.8    16     7     307    (-,-) 
  g623234/Y                                               -       A->Y  R     OR2x6_ASAP7_75t_R            10  5.8    12    22     329    (-,-) 
  g623201/Y                                               -       B->Y  F     NOR2xp33_ASAP7_75t_R          3  1.7    35    20     350    (-,-) 
  g623182/Y                                               -       B->Y  F     AO21x1_ASAP7_75t_R            3  2.1    14    25     374    (-,-) 
  g623141/Y                                               -       A->Y  R     NOR2x1_ASAP7_75t_R            2  1.9    18    14     388    (-,-) 
  g623117/Y                                               -       A->Y  F     NAND3x1_ASAP7_75t_R           3  2.8    23    15     403    (-,-) 
  g722960/Y                                               -       A->Y  F     OR3x1_ASAP7_75t_R             4  2.3    18    32     435    (-,-) 
  g722623/Y                                               -       B->Y  R     NAND2xp5_ASAP7_75t_R         11  5.0    55    32     467    (-,-) 
  g722381/Y                                               -       B->Y  F     NOR2xp33_ASAP7_75t_R          5  3.1    60    46     513    (-,-) 
  g722286/Y                                               -       A->Y  R     INVx1_ASAP7_75t_R             4  2.2    27    22     535    (-,-) 
  g722141/Y                                               -       B->Y  R     AND2x2_ASAP7_75t_R           59 29.9   106    68     602    (-,-) 
  g721406/Y                                               -       B->Y  F     NOR2xp33_ASAP7_75t_R          1  0.6    32    28     630    (-,-) 
  g721322/Y                                               -       B->Y  F     AO21x1_ASAP7_75t_R           32 22.4   112    72     702    (-,-) 
  g721228/Y                                               -       A->Y  R     INVx1_ASAP7_75t_R            24 12.2    93    70     772    (-,-) 
  g719489/Y                                               -       A2->Y R     AO22x1_ASAP7_75t_R            1  0.5    11    30     802    (-,-) 
  g719093/Y                                               -       C->Y  F     AOI221xp5_ASAP7_75t_R         1  0.5    36     9     811    (-,-) 
  g718732/Y                                               -       C->Y  R     OAI221xp5_ASAP7_75t_R         1  0.5    37    16     827    (-,-) 
  g718443/Y                                               -       C->Y  F     AOI221xp5_ASAP7_75t_R         1  0.5    39    14     841    (-,-) 
  g718342/Y                                               -       C->Y  F     AND5x1_ASAP7_75t_R            1  0.6     7    29     870    (-,-) 
  g718264/Y                                               -       A->Y  R     NAND5xp2_ASAP7_75t_R          3  1.5    32    13     883    (-,-) 
  g718230/Y                                               -       A->Y  F     INVxp67_ASAP7_75t_R           2  1.0    15    12     895    (-,-) 
  g718138/Y                                               -       C->Y  R     OAI221xp5_ASAP7_75t_R         3  1.5    62    15     910    (-,-) 
  g718057/Y                                               -       C->Y  F     OAI211xp5_ASAP7_75t_R         3  1.5    37    21     932    (-,-) 
  g718000/Y                                               -       B->Y  R     AOI211xp5_ASAP7_75t_R         2  1.2    37    25     956    (-,-) 
  g717990/Y                                               -       B->Y  F     OAI21xp5_ASAP7_75t_R          3  1.5    26    16     973    (-,-) 
  g717980/Y                                               -       B->Y  R     AOI211xp5_ASAP7_75t_R         3  1.6    43    26     998    (-,-) 
  g717971/Y                                               -       A->Y  F     NAND3xp33_ASAP7_75t_R         3  1.6    37    27    1025    (-,-) 
  g717964/Y                                               -       A->Y  R     NOR3xp33_ASAP7_75t_R          2  1.1    37    26    1051    (-,-) 
  g717956/Y                                               -       A->Y  F     NAND3xp33_ASAP7_75t_R         3  1.5    36    25    1076    (-,-) 
  g717948/Y                                               -       B->Y  R     AOI211xp5_ASAP7_75t_R         3  1.7    44    29    1105    (-,-) 
  g717940/Y                                               -       B->Y  F     OAI211xp5_ASAP7_75t_R         3  1.5    34    22    1127    (-,-) 
  g717934/Y                                               -       B->Y  R     AOI211xp5_ASAP7_75t_R         2  1.1    35    23    1150    (-,-) 
  g717928/Y                                               -       B->Y  F     NAND2xp5_ASAP7_75t_R          4  2.2    31    23    1174    (-,-) 
  g717926/Y                                               -       A->Y  R     INVx1_ASAP7_75t_R             1  0.6    12    10    1184    (-,-) 
  g717925/Y                                               -       A->Y  F     NAND4xp25_ASAP7_75t_R         3  1.6    44    23    1206    (-,-) 
  g717921/Y                                               -       A->Y  R     NOR3xp33_ASAP7_75t_R          3  1.6    47    33    1240    (-,-) 
  g717917/Y                                               -       B->Y  F     OAI211xp5_ASAP7_75t_R         3  1.7    38    24    1264    (-,-) 
  g717916/Y                                               -       A->Y  R     NOR3xp33_ASAP7_75t_R          2  1.1    37    26    1290    (-,-) 
  g717914/Y                                               -       A->Y  R     AND4x1_ASAP7_75t_R            9  5.4    44    47    1337    (-,-) 
  g717913/Y                                               -       A->Y  F     INVx1_ASAP7_75t_R             7  3.8    28    22    1360    (-,-) 
  g717912/Y                                               -       A->Y  R     NOR3xp33_ASAP7_75t_R          2  1.1    34    24    1383    (-,-) 
  g717897/Y                                               -       A->Y  F     NAND3xp33_ASAP7_75t_R         3  1.6    34    25    1408    (-,-) 
  g717885/Y                                               -       A->Y  F     OR3x1_ASAP7_75t_R             3  1.7    16    33    1440    (-,-) 
  g717868/Y                                               -       A->Y  F     OR3x1_ASAP7_75t_R             2  1.3    13    26    1467    (-,-) 
  g717865/Y                                               -       A->Y  R     INVx1_ASAP7_75t_R             2  1.2    11     9    1476    (-,-) 
  g717839/Y                                               -       A->Y  F     NAND3xp33_ASAP7_75t_R         3  1.8    40    19    1495    (-,-) 
  g717834/Y                                               -       A->Y  R     INVx1_ASAP7_75t_R             1  0.6    13    11    1506    (-,-) 
  g717828/Y                                               -       A->Y  F     NAND3xp33_ASAP7_75t_R         2  1.1    30    15    1521    (-,-) 
  g717818/Y                                               -       B2->Y R     OAI32xp33_ASAP7_75t_R         3  1.6    45    27    1548    (-,-) 
  g717816/Y                                               -       A->Y  F     INVxp67_ASAP7_75t_R           1  0.5    13    10    1558    (-,-) 
  g717805/Y                                               -       A1->Y R     OAI221xp5_ASAP7_75t_R         1  0.5    24    17    1575    (-,-) 
  g717803/Y                                               -       C->Y  F     AOI221xp5_ASAP7_75t_R         1  0.6    25    12    1588    (-,-) 
  g717802/Y                                               -       A->Y  R     NAND5xp2_ASAP7_75t_R          1  0.6    19    16    1603    (-,-) 
  g717799/Y                                               -       B->Y  R     AND2x2_ASAP7_75t_R            3  1.5    10    21    1624    (-,-) 
  g717797/Y                                               -       B->Y  F     NOR2xp33_ASAP7_75t_R          2  1.1    28    15    1639    (-,-) 
  g717793/Y                                               -       A->Y  R     NAND3xp33_ASAP7_75t_R         9  5.3    65    38    1677    (-,-) 
  g690936/Y                                               -       C->Y  F     OAI221xp5_ASAP7_75t_R         1  0.6    25    19    1696    (-,-) 
  g688266/Y                                               -       A2->Y R     AOI211xp5_ASAP7_75t_R         6  3.7    75    40    1736    (-,-) 
  u_frontend_u_npc_BRANCH_PREDICTION.ras_index_q_reg[2]/D -       -     R     ASYNC_DFFHx1_ASAP7_75t_R      6    -     -     0    1736    (-,-) 
#-----------------------------------------------------------------------------------------------------------------------------------------------



Path 40: MET (62 ps) Setup Check with Pin u_exec1_u_alu/sub_57_37_retime_s293_15_reg/CLK->D
          Group: clk
     Startpoint: (R) mem_d_ack_i
          Clock: (R) clk
       Endpoint: (R) u_exec1_u_alu/sub_57_37_retime_s293_15_reg/D
          Clock: (R) clk

                     Capture       Launch     
        Clock Edge:+    2000            0     
        Drv Adjust:+       0            0     
       Src Latency:+       0            0     
       Net Latency:+       0 (I)        0 (I) 
           Arrival:=    2000            0     
                                              
             Setup:-       5                  
       Uncertainty:-     200                  
     Required Time:=    1795                  
      Launch Clock:-       0                  
       Input Delay:-     300                  
         Data Path:-    1434                  
             Slack:=      62                  

Exceptions/Constraints:
  input_delay             300             riscv_core.sdc_1_line_29_619_1 

#------------------------------------------------------------------------------------------------------------------------------------
#                Timing Point                  Flags   Arc   Edge           Cell            Fanout Load Trans Delay Arrival Instance 
#                                                                                                  (fF)  (ps)  (ps)   (ps)  Location 
#------------------------------------------------------------------------------------------------------------------------------------
  mem_d_ack_i                                  -       -     R     (arrival)                     6  5.0     0     0     300    (-,-) 
  g623287/Y                                    -       B->Y  F     NOR2x1p5_ASAP7_75t_R          2  1.8    16     6     306    (-,-) 
  g623253/Y                                    -       A->Y  R     INVx1_ASAP7_75t_R             3  1.9    15    12     317    (-,-) 
  g662649/Y                                    -       A1->Y R     OA222x2_ASAP7_75t_R         118 67.6   206   118     436    (-,-) 
  g662543/Y                                    -       B->Y  F     NAND2xp5_ASAP7_75t_R          2  1.3    48    33     469    (-,-) 
  g662516/Y                                    -       A->Y  R     INVx1_ASAP7_75t_R             3  1.8    22    18     487    (-,-) 
  g662474/Y                                    -       B->Y  R     AND2x2_ASAP7_75t_R            5  3.0    15    25     512    (-,-) 
  g662419/Y                                    -       B->Y  F     NAND2xp5_ASAP7_75t_R          6  3.1    34    22     533    (-,-) 
  g662400/Y                                    -       A->Y  R     INVx1_ASAP7_75t_R             3  1.3    16    14     547    (-,-) 
  g662330/Y                                    -       A1->Y F     AOI22xp33_ASAP7_75t_R         1  0.5    21    11     558    (-,-) 
  g662230/Y                                    -       C->Y  R     OAI221xp5_ASAP7_75t_R         1  0.5    30    13     571    (-,-) 
  g662193/Y                                    -       C->Y  F     AOI221xp5_ASAP7_75t_R         1  0.5    26    13     583    (-,-) 
  g662147/Y                                    -       C->Y  R     OAI221xp5_ASAP7_75t_R         1  0.6    30    14     598    (-,-) 
  g662056/Y                                    -       C->Y  F     O2A1O1Ixp33_ASAP7_75t_R       2  1.1    22    15     613    (-,-) 
  g661915/Y                                    -       B->Y  R     NOR3xp33_ASAP7_75t_R          2  1.2    35    24     636    (-,-) 
  g661818/Y                                    -       B->Y  F     NAND2xp5_ASAP7_75t_R          2  1.1    20    17     653    (-,-) 
  g661720/Y                                    -       B->Y  R     NOR2xp33_ASAP7_75t_R         14  8.6   174    88     741    (-,-) 
  g661527/Y                                    -       B2->Y F     AOI22xp5_ASAP7_75t_R          1  0.5    34    19     760    (-,-) 
  g661377/Y                                    -       B->Y  R     OAI211xp5_ASAP7_75t_R         1  0.6    33    16     776    (-,-) 
  g661223/Y                                    -       B->Y  R     AO21x1_ASAP7_75t_R            1  0.5     9    15     791    (-,-) 
  g661039/Y                                    -       C->Y  F     AOI221xp5_ASAP7_75t_R         2  1.3    46    11     803    (-,-) 
  g661005/Y                                    -       A->Y  R     INVx1_ASAP7_75t_R             4  2.0    23    19     821    (-,-) 
  g718824/Y                                    -       A2->Y R     AO21x1_ASAP7_75t_R           47 28.6   171    90     912    (-,-) 
  u_exec1_u_alu/g45048/Y                       -       A->Y  F     INVx1_ASAP7_75t_R            37 22.2   138   104    1016    (-,-) 
  u_exec1_u_alu/sub_57_37_g4652/Y              -       C->Y  F     MAJx2_ASAP7_75t_R             2  2.2    14    48    1064    (-,-) 
  u_exec1_u_alu/sub_57_37_g4650/Y              -       A->Y  F     MAJx2_ASAP7_75t_R             2  2.2    13    26    1090    (-,-) 
  u_exec1_u_alu/sub_57_37_g4647/Y              -       A->Y  F     MAJx2_ASAP7_75t_R             2  1.6    12    24    1114    (-,-) 
  u_exec1_u_alu/sub_57_37_g4645/Y              -       A->Y  F     MAJx2_ASAP7_75t_R             2  2.2    13    25    1139    (-,-) 
  u_exec1_u_alu/sub_57_37_g4642/Y              -       A->Y  F     MAJx2_ASAP7_75t_R             2  2.2    13    26    1165    (-,-) 
  u_exec1_u_alu/sub_57_37_g4639/Y              -       A->Y  F     MAJx2_ASAP7_75t_R             2  2.2    13    26    1191    (-,-) 
  u_exec1_u_alu/sub_57_37_g4636/Y              -       A->Y  F     MAJx2_ASAP7_75t_R             2  1.6    11    24    1215    (-,-) 
  u_exec1_u_alu/sub_57_37_g4633/Y              -       A->Y  F     MAJx2_ASAP7_75t_R             2  1.6    11    24    1239    (-,-) 
  u_exec1_u_alu/sub_57_37_g4630/Y              -       A->Y  R     MAJIxp5_ASAP7_75t_R           2  2.2    42    23    1262    (-,-) 
  u_exec1_u_alu/sub_57_37_g4627/Y              -       A->Y  R     MAJx2_ASAP7_75t_R             2  2.2    14    31    1293    (-,-) 
  u_exec1_u_alu/sub_57_37_g4624/Y              -       A->Y  F     MAJIxp5_ASAP7_75t_R           2  2.2    44    19    1312    (-,-) 
  u_exec1_u_alu/sub_57_37_g4622/Y              -       A->Y  F     MAJx2_ASAP7_75t_R             2  1.6    12    34    1346    (-,-) 
  u_exec1_u_alu/sub_57_37_g4619/Y              -       A->Y  F     MAJx2_ASAP7_75t_R             2  1.6    11    24    1370    (-,-) 
  u_exec1_u_alu/sub_57_37_g4616/Y              -       A->Y  F     MAJx2_ASAP7_75t_R             2  1.6    11    24    1393    (-,-) 
  u_exec1_u_alu/sub_57_37_g4613/Y              -       A->Y  F     MAJx2_ASAP7_75t_R             2  2.2    13    25    1418    (-,-) 
  u_exec1_u_alu/sub_57_37_g4610/Y              -       A->Y  F     MAJx2_ASAP7_75t_R             2  1.6    11    24    1443    (-,-) 
  u_exec1_u_alu/sub_57_37_g4607/Y              -       A->Y  F     MAJx2_ASAP7_75t_R             2  1.6    11    24    1467    (-,-) 
  u_exec1_u_alu/sub_57_37_g4604/Y              -       A->Y  F     MAJx2_ASAP7_75t_R             2  2.2    13    25    1492    (-,-) 
  u_exec1_u_alu/sub_57_37_g4601/Y              -       A->Y  F     MAJx2_ASAP7_75t_R             2  2.2    13    26    1517    (-,-) 
  u_exec1_u_alu/sub_57_37_g4598/Y              -       A->Y  F     MAJx2_ASAP7_75t_R             2  1.6    11    24    1542    (-,-) 
  u_exec1_u_alu/sub_57_37_g4595/Y              -       A->Y  F     MAJx2_ASAP7_75t_R             2  1.6    11    24    1566    (-,-) 
  u_exec1_u_alu/sub_57_37_g4592/Y              -       A->Y  F     MAJx2_ASAP7_75t_R             2  2.2    13    25    1591    (-,-) 
  u_exec1_u_alu/sub_57_37_g4589/Y              -       A->Y  F     MAJx2_ASAP7_75t_R             2  2.2    13    26    1617    (-,-) 
  u_exec1_u_alu/sub_57_37_g4586/Y              -       A->Y  R     MAJIxp5_ASAP7_75t_R           2  1.5    31    19    1636    (-,-) 
  u_exec1_u_alu/sub_57_37_g4581/Y              -       A1->Y F     AOI21xp5_ASAP7_75t_R          2  1.6    24    18    1654    (-,-) 
  u_exec1_u_alu/sub_57_37_g4579/Y              -       A2->Y R     OAI21xp5_ASAP7_75t_R          2  1.7    27    19    1673    (-,-) 
  u_exec1_u_alu/sub_57_37_g3329/Y              -       A1->Y F     AOI21xp5_ASAP7_75t_R          3  1.8    24    18    1691    (-,-) 
  u_exec1_u_alu/sub_57_37_g3324/Y              -       B->Y  R     NAND2xp5_ASAP7_75t_R          1  0.6    17    13    1704    (-,-) 
  u_exec1_u_alu/sub_57_37_g3320/Y              -       B->Y  F     O2A1O1Ixp33_ASAP7_75t_R       1  0.6    53    11    1715    (-,-) 
  u_exec1_u_alu/sub_57_37_g3318/Y              -       B->Y  R     AOI21xp5_ASAP7_75t_R          1  0.6    40    18    1734    (-,-) 
  u_exec1_u_alu/sub_57_37_retime_s293_15_reg/D -       -     R     ASYNC_DFFHx1_ASAP7_75t_R      1    -     -     0    1734    (-,-) 
#------------------------------------------------------------------------------------------------------------------------------------



Path 41: MET (63 ps) Setup Check with Pin retime_s310_2_reg/CLK->D
          Group: clk
     Startpoint: (R) mem_d_ack_i
          Clock: (R) clk
       Endpoint: (F) retime_s310_2_reg/D
          Clock: (R) clk

                     Capture       Launch     
        Clock Edge:+    2000            0     
        Drv Adjust:+       0            0     
       Src Latency:+       0            0     
       Net Latency:+       0 (I)        0 (I) 
           Arrival:=    2000            0     
                                              
             Setup:-      -3                  
       Uncertainty:-     200                  
     Required Time:=    1803                  
      Launch Clock:-       0                  
       Input Delay:-     300                  
         Data Path:-    1440                  
             Slack:=      63                  

Exceptions/Constraints:
  input_delay             300             riscv_core.sdc_1_line_29_619_1 

#----------------------------------------------------------------------------------------------------------------------------------------
#                  Timing Point                   Flags    Arc   Edge           Cell            Fanout Load Trans Delay Arrival Instance 
#                                                                                                      (fF)  (ps)  (ps)   (ps)  Location 
#----------------------------------------------------------------------------------------------------------------------------------------
  mem_d_ack_i                                     -       -      R     (arrival)                     6  5.0     0     0     300    (-,-) 
  g623287/Y                                       -       B->Y   F     NOR2x1p5_ASAP7_75t_R          2  1.8    16     6     306    (-,-) 
  g623253/Y                                       -       A->Y   R     INVx1_ASAP7_75t_R             3  1.9    15    12     317    (-,-) 
  g662649/Y                                       -       A1->Y  R     OA222x2_ASAP7_75t_R         118 67.6   206   118     436    (-,-) 
  g662543/Y                                       -       B->Y   F     NAND2xp5_ASAP7_75t_R          2  1.3    48    33     469    (-,-) 
  g662516/Y                                       -       A->Y   R     INVx1_ASAP7_75t_R             3  1.8    22    18     487    (-,-) 
  g662474/Y                                       -       B->Y   R     AND2x2_ASAP7_75t_R            5  3.0    15    25     512    (-,-) 
  g662419/Y                                       -       B->Y   F     NAND2xp5_ASAP7_75t_R          6  3.1    34    22     533    (-,-) 
  g662400/Y                                       -       A->Y   R     INVx1_ASAP7_75t_R             3  1.3    16    14     547    (-,-) 
  g662330/Y                                       -       A1->Y  F     AOI22xp33_ASAP7_75t_R         1  0.5    21    11     558    (-,-) 
  g662230/Y                                       -       C->Y   R     OAI221xp5_ASAP7_75t_R         1  0.5    30    13     571    (-,-) 
  g662193/Y                                       -       C->Y   F     AOI221xp5_ASAP7_75t_R         1  0.5    26    13     583    (-,-) 
  g662147/Y                                       -       C->Y   R     OAI221xp5_ASAP7_75t_R         1  0.6    30    14     598    (-,-) 
  g662056/Y                                       -       C->Y   F     O2A1O1Ixp33_ASAP7_75t_R       2  1.1    22    15     613    (-,-) 
  g661915/Y                                       -       B->Y   R     NOR3xp33_ASAP7_75t_R          2  1.2    35    24     636    (-,-) 
  g661818/Y                                       -       B->Y   F     NAND2xp5_ASAP7_75t_R          2  1.1    20    17     653    (-,-) 
  g661720/Y                                       -       B->Y   R     NOR2xp33_ASAP7_75t_R         14  8.6   174    88     741    (-,-) 
  g661678/Y                                       -       A->Y   F     INVx2_ASAP7_75t_R            19 11.2    61    46     787    (-,-) 
  g661340/Y                                       -       A2->Y  R     OAI211xp5_ASAP7_75t_R         1  0.5    28    23     809    (-,-) 
  g661216/Y                                       -       B->Y   F     AOI21xp33_ASAP7_75t_R         1  0.5    29     9     818    (-,-) 
  g661110/Y                                       -       C->Y   R     OAI221xp5_ASAP7_75t_R         6  3.0    73    26     845    (-,-) 
  g660995/Y                                       -       B->Y   F     NOR2xp33_ASAP7_75t_R          3  1.6    42    37     882    (-,-) 
  g660814/Y                                       -       B->Y   R     NOR2xp33_ASAP7_75t_R          1  0.6    25    20     902    (-,-) 
  g660781/Y                                       -       A->Y   F     NAND3xp33_ASAP7_75t_R         1  0.6    20    15     916    (-,-) 
  g660696/Y                                       -       A->Y   R     NOR4xp25_ASAP7_75t_R          1  0.5    34    19     936    (-,-) 
  g660616/Y                                       -       A->Y   F     NAND5xp2_ASAP7_75t_R          1  0.6    34    22     958    (-,-) 
  g660470/Y                                       -       A->Y   R     NOR5xp2_ASAP7_75t_R           1  0.6    46    27     986    (-,-) 
  g660419/Y                                       -       D->Y   R     AND4x1_ASAP7_75t_R            3  1.7    20    34    1020    (-,-) 
  g660415/Y                                       -       B->Y   F     AOI21xp5_ASAP7_75t_R          1  0.6    19     9    1029    (-,-) 
  g660410/Y                                       -       B->Y   F     AO21x1_ASAP7_75t_R            1  0.6     8    18    1047    (-,-) 
  g660370/Y                                       -       B->Y   F     OA21x2_ASAP7_75t_R            1  0.6     7    12    1059    (-,-) 
  g660364/Y                                       -       B2->Y  R     OAI321xp33_ASAP7_75t_R        3  1.7    48    22    1081    (-,-) 
  g660362/Y                                       -       B->Y   F     NAND2xp5_ASAP7_75t_R         11  6.6    81    48    1129    (-,-) 
  g660360/Y                                       -       B->Y   R     NAND2xp5_ASAP7_75t_R          2  1.7    38    33    1161    (-,-) 
  g660355/Y                                       -       A->Y   R     OR3x1_ASAP7_75t_R             2  1.3    13    20    1181    (-,-) 
  g619868/Y                                       -       A->Y   F     INVx1_ASAP7_75t_R             1  1.0     8     7    1189    (-,-) 
  g730563/CON                                     -       B->CON R     HAxp5_ASAP7_75t_R             1  0.6    20    11    1199    (-,-) 
  u_issue_add_243_22_Y_u_issue_add_241_22_g1669/Y -       B->Y   F     OAI21xp5_ASAP7_75t_R          2  1.6    24    14    1214    (-,-) 
  u_issue_add_243_22_Y_u_issue_add_241_22_g1667/Y -       B->Y   R     NAND2xp5_ASAP7_75t_R          2  0.8    16    14    1228    (-,-) 
  u_issue_add_243_22_Y_u_issue_add_241_22_g1665/Y -       B->Y   F     NOR2xp33_ASAP7_75t_R          3  1.9    36    23    1251    (-,-) 
  u_issue_add_243_22_Y_u_issue_add_241_22_g1663/Y -       A->Y   R     NAND2xp33_ASAP7_75t_R         2  0.8    28    24    1275    (-,-) 
  u_issue_add_243_22_Y_u_issue_add_241_22_g1661/Y -       B->Y   F     NOR2xp33_ASAP7_75t_R          3  2.1    39    29    1304    (-,-) 
  u_issue_add_243_22_Y_u_issue_add_241_22_g1659/Y -       B->Y   R     NAND2xp5_ASAP7_75t_R          2  0.8    19    18    1322    (-,-) 
  u_issue_add_243_22_Y_u_issue_add_241_22_g1657/Y -       B->Y   F     NOR2xp33_ASAP7_75t_R          3  2.1    39    26    1348    (-,-) 
  u_issue_add_243_22_Y_u_issue_add_241_22_g1655/Y -       B->Y   R     NAND2xp5_ASAP7_75t_R          2  1.0    21    19    1367    (-,-) 
  u_issue_add_243_22_Y_u_issue_add_241_22_g1653/Y -       B->Y   F     NOR2xp33_ASAP7_75t_R          3  2.0    38    26    1392    (-,-) 
  u_issue_add_243_22_Y_u_issue_add_241_22_g1651/Y -       A->Y   R     NAND2xp33_ASAP7_75t_R         2  1.0    32    27    1419    (-,-) 
  u_issue_add_243_22_Y_u_issue_add_241_22_g1649/Y -       B->Y   F     NOR2xp33_ASAP7_75t_R          3  2.2    41    31    1450    (-,-) 
  u_issue_add_243_22_Y_u_issue_add_241_22_g1647/Y -       B->Y   R     NAND2xp5_ASAP7_75t_R          2  1.0    22    19    1470    (-,-) 
  u_issue_add_243_22_Y_u_issue_add_241_22_g1645/Y -       B->Y   F     NOR2xp33_ASAP7_75t_R          3  2.2    41    28    1497    (-,-) 
  u_issue_add_243_22_Y_u_issue_add_241_22_g1643/Y -       B->Y   R     NAND2xp5_ASAP7_75t_R          2  1.0    22    19    1517    (-,-) 
  u_issue_add_243_22_Y_u_issue_add_241_22_g1641/Y -       B->Y   F     NOR2xp33_ASAP7_75t_R          3  2.0    38    26    1543    (-,-) 
  u_issue_add_243_22_Y_u_issue_add_241_22_g1639/Y -       A->Y   R     NAND2xp33_ASAP7_75t_R         2  1.0    32    27    1570    (-,-) 
  u_issue_add_243_22_Y_u_issue_add_241_22_g1637/Y -       B->Y   F     NOR2xp33_ASAP7_75t_R          3  2.2    41    31    1601    (-,-) 
  u_issue_add_243_22_Y_u_issue_add_241_22_g1635/Y -       B->Y   R     NAND2xp5_ASAP7_75t_R          2  1.0    22    19    1620    (-,-) 
  u_issue_add_243_22_Y_u_issue_add_241_22_g1633/Y -       B->Y   F     NOR2xp33_ASAP7_75t_R          3  2.2    41    28    1648    (-,-) 
  u_issue_add_243_22_Y_u_issue_add_241_22_g1631/Y -       B->Y   R     NAND2xp5_ASAP7_75t_R          2  1.0    22    19    1667    (-,-) 
  u_issue_add_243_22_Y_u_issue_add_241_22_g1629/Y -       B->Y   F     NOR2xp33_ASAP7_75t_R          3  2.2    41    28    1694    (-,-) 
  g730058/Y                                       -       B->Y   F     AO21x1_ASAP7_75t_R            1  0.6     7    21    1716    (-,-) 
  g722340/Y                                       -       A2->Y  R     OAI21xp5_ASAP7_75t_R          2  1.3    28    13    1728    (-,-) 
  g691849/Y                                       -       B2->Y  F     AOI22xp5_ASAP7_75t_R          1  0.6    36    12    1740    (-,-) 
  retime_s310_2_reg/D                             -       -      F     ASYNC_DFFHx1_ASAP7_75t_R      1    -     -     0    1740    (-,-) 
#----------------------------------------------------------------------------------------------------------------------------------------



Path 42: MET (66 ps) Setup Check with Pin retime_s331_276_reg/CLK->D
          Group: clk
     Startpoint: (F) mem_d_ack_i
          Clock: (R) clk
       Endpoint: (R) retime_s331_276_reg/D
          Clock: (R) clk

                     Capture       Launch     
        Clock Edge:+    2000            0     
        Drv Adjust:+       0            0     
       Src Latency:+       0            0     
       Net Latency:+       0 (I)        0 (I) 
           Arrival:=    2000            0     
                                              
             Setup:-       3                  
       Uncertainty:-     200                  
     Required Time:=    1797                  
      Launch Clock:-       0                  
       Input Delay:-     300                  
         Data Path:-    1431                  
             Slack:=      66                  

Exceptions/Constraints:
  input_delay             300             riscv_core.sdc_1_line_29_619_1 

#-------------------------------------------------------------------------------------------------------------
#     Timing Point      Flags   Arc   Edge           Cell            Fanout Load Trans Delay Arrival Instance 
#                                                                           (fF)  (ps)  (ps)   (ps)  Location 
#-------------------------------------------------------------------------------------------------------------
  mem_d_ack_i           -       -     F     (arrival)                     6  5.0     0     0     300    (-,-) 
  g623287/Y             -       B->Y  R     NOR2x1p5_ASAP7_75t_R          2  1.8    16     7     307    (-,-) 
  g623234/Y             -       A->Y  R     OR2x6_ASAP7_75t_R            10  5.8    12    22     329    (-,-) 
  g623201/Y             -       B->Y  F     NOR2xp33_ASAP7_75t_R          3  1.7    35    20     350    (-,-) 
  g623182/Y             -       B->Y  F     AO21x1_ASAP7_75t_R            3  2.1    14    25     374    (-,-) 
  g623141/Y             -       A->Y  R     NOR2x1_ASAP7_75t_R            2  1.9    18    14     388    (-,-) 
  g623117/Y             -       A->Y  F     NAND3x1_ASAP7_75t_R           3  2.8    23    15     403    (-,-) 
  g722960/Y             -       A->Y  F     OR3x1_ASAP7_75t_R             4  2.3    18    32     435    (-,-) 
  g722623/Y             -       B->Y  R     NAND2xp5_ASAP7_75t_R         11  5.0    55    32     467    (-,-) 
  g722381/Y             -       B->Y  F     NOR2xp33_ASAP7_75t_R          5  3.1    60    46     513    (-,-) 
  g722286/Y             -       A->Y  R     INVx1_ASAP7_75t_R             4  2.2    27    22     535    (-,-) 
  g722141/Y             -       B->Y  R     AND2x2_ASAP7_75t_R           59 29.9   106    68     602    (-,-) 
  g721406/Y             -       B->Y  F     NOR2xp33_ASAP7_75t_R          1  0.6    32    28     630    (-,-) 
  g721322/Y             -       B->Y  F     AO21x1_ASAP7_75t_R           32 22.4   112    72     702    (-,-) 
  g721228/Y             -       A->Y  R     INVx1_ASAP7_75t_R            24 12.2    93    70     772    (-,-) 
  g719489/Y             -       A2->Y R     AO22x1_ASAP7_75t_R            1  0.5    11    30     802    (-,-) 
  g719093/Y             -       C->Y  F     AOI221xp5_ASAP7_75t_R         1  0.5    36     9     811    (-,-) 
  g718732/Y             -       C->Y  R     OAI221xp5_ASAP7_75t_R         1  0.5    37    16     827    (-,-) 
  g718443/Y             -       C->Y  F     AOI221xp5_ASAP7_75t_R         1  0.5    39    14     841    (-,-) 
  g718342/Y             -       C->Y  F     AND5x1_ASAP7_75t_R            1  0.6     7    29     870    (-,-) 
  g718264/Y             -       A->Y  R     NAND5xp2_ASAP7_75t_R          3  1.5    32    13     883    (-,-) 
  g718230/Y             -       A->Y  F     INVxp67_ASAP7_75t_R           2  1.0    15    12     895    (-,-) 
  g718138/Y             -       C->Y  R     OAI221xp5_ASAP7_75t_R         3  1.5    62    15     910    (-,-) 
  g718057/Y             -       C->Y  F     OAI211xp5_ASAP7_75t_R         3  1.5    37    21     932    (-,-) 
  g718000/Y             -       B->Y  R     AOI211xp5_ASAP7_75t_R         2  1.2    37    25     956    (-,-) 
  g717990/Y             -       B->Y  F     OAI21xp5_ASAP7_75t_R          3  1.5    26    16     973    (-,-) 
  g717980/Y             -       B->Y  R     AOI211xp5_ASAP7_75t_R         3  1.6    43    26     998    (-,-) 
  g717971/Y             -       A->Y  F     NAND3xp33_ASAP7_75t_R         3  1.6    37    27    1025    (-,-) 
  g717964/Y             -       A->Y  R     NOR3xp33_ASAP7_75t_R          2  1.1    37    26    1051    (-,-) 
  g717956/Y             -       A->Y  F     NAND3xp33_ASAP7_75t_R         3  1.5    36    25    1076    (-,-) 
  g717948/Y             -       B->Y  R     AOI211xp5_ASAP7_75t_R         3  1.7    44    29    1105    (-,-) 
  g717940/Y             -       B->Y  F     OAI211xp5_ASAP7_75t_R         3  1.5    34    22    1127    (-,-) 
  g717934/Y             -       B->Y  R     AOI211xp5_ASAP7_75t_R         2  1.1    35    23    1150    (-,-) 
  g717928/Y             -       B->Y  F     NAND2xp5_ASAP7_75t_R          4  2.2    31    23    1174    (-,-) 
  g717926/Y             -       A->Y  R     INVx1_ASAP7_75t_R             1  0.6    12    10    1184    (-,-) 
  g717925/Y             -       A->Y  F     NAND4xp25_ASAP7_75t_R         3  1.6    44    23    1206    (-,-) 
  g717921/Y             -       A->Y  R     NOR3xp33_ASAP7_75t_R          3  1.6    47    33    1240    (-,-) 
  g717917/Y             -       B->Y  F     OAI211xp5_ASAP7_75t_R         3  1.7    38    24    1264    (-,-) 
  g717916/Y             -       A->Y  R     NOR3xp33_ASAP7_75t_R          2  1.1    37    26    1290    (-,-) 
  g717914/Y             -       A->Y  R     AND4x1_ASAP7_75t_R            9  5.4    44    47    1337    (-,-) 
  g717913/Y             -       A->Y  F     INVx1_ASAP7_75t_R             7  3.8    28    22    1360    (-,-) 
  g717912/Y             -       A->Y  R     NOR3xp33_ASAP7_75t_R          2  1.1    34    24    1383    (-,-) 
  g717897/Y             -       A->Y  F     NAND3xp33_ASAP7_75t_R         3  1.6    34    25    1408    (-,-) 
  g717885/Y             -       A->Y  F     OR3x1_ASAP7_75t_R             3  1.7    16    33    1440    (-,-) 
  g717868/Y             -       A->Y  F     OR3x1_ASAP7_75t_R             2  1.3    13    26    1467    (-,-) 
  g717865/Y             -       A->Y  R     INVx1_ASAP7_75t_R             2  1.2    11     9    1476    (-,-) 
  g717839/Y             -       A->Y  F     NAND3xp33_ASAP7_75t_R         3  1.8    40    19    1495    (-,-) 
  g717834/Y             -       A->Y  R     INVx1_ASAP7_75t_R             1  0.6    13    11    1506    (-,-) 
  g717828/Y             -       A->Y  F     NAND3xp33_ASAP7_75t_R         2  1.1    30    15    1521    (-,-) 
  g717818/Y             -       B2->Y R     OAI32xp33_ASAP7_75t_R         3  1.6    45    27    1548    (-,-) 
  g717816/Y             -       A->Y  F     INVxp67_ASAP7_75t_R           1  0.5    13    10    1558    (-,-) 
  g717805/Y             -       A1->Y R     OAI221xp5_ASAP7_75t_R         1  0.5    24    17    1575    (-,-) 
  g717803/Y             -       C->Y  F     AOI221xp5_ASAP7_75t_R         1  0.6    25    12    1588    (-,-) 
  g717802/Y             -       A->Y  R     NAND5xp2_ASAP7_75t_R          1  0.6    19    16    1603    (-,-) 
  g717799/Y             -       B->Y  R     AND2x2_ASAP7_75t_R            3  1.5    10    21    1624    (-,-) 
  g717794/Y             -       B->Y  F     NAND2xp5_ASAP7_75t_R          5  2.7    32    18    1642    (-,-) 
  g717788/Y             -       A1->Y R     OAI221xp5_ASAP7_75t_R         1  0.5    28    23    1665    (-,-) 
  g717782/Y             -       C->Y  F     AOI211xp5_ASAP7_75t_R         4  2.2    36    20    1686    (-,-) 
  g717781/Y             -       A->Y  R     INVx1_ASAP7_75t_R             6  3.0    26    21    1707    (-,-) 
  g693498/Y             -       A->Y  F     NAND2xp33_ASAP7_75t_R         1  0.6    15    12    1719    (-,-) 
  g691081/Y             -       A2->Y R     AOI22xp5_ASAP7_75t_R          1  0.6    25    12    1731    (-,-) 
  retime_s331_276_reg/D -       -     R     ASYNC_DFFHx1_ASAP7_75t_R      1    -     -     0    1731    (-,-) 
#-------------------------------------------------------------------------------------------------------------



Path 43: MET (66 ps) Setup Check with Pin retime_s331_12_reg/CLK->D
          Group: clk
     Startpoint: (R) mem_d_ack_i
          Clock: (R) clk
       Endpoint: (R) retime_s331_12_reg/D
          Clock: (R) clk

                     Capture       Launch     
        Clock Edge:+    2000            0     
        Drv Adjust:+       0            0     
       Src Latency:+       0            0     
       Net Latency:+       0 (I)        0 (I) 
           Arrival:=    2000            0     
                                              
             Setup:-       5                  
       Uncertainty:-     200                  
     Required Time:=    1795                  
      Launch Clock:-       0                  
       Input Delay:-     300                  
         Data Path:-    1429                  
             Slack:=      66                  

Exceptions/Constraints:
  input_delay             300             riscv_core.sdc_1_line_29_619_1 

#--------------------------------------------------------------------------------------------------------------
#     Timing Point       Flags   Arc   Edge           Cell            Fanout Load Trans Delay Arrival Instance 
#                                                                            (fF)  (ps)  (ps)   (ps)  Location 
#--------------------------------------------------------------------------------------------------------------
  mem_d_ack_i            -       -     R     (arrival)                     6  5.0     0     0     300    (-,-) 
  g623287/Y              -       B->Y  F     NOR2x1p5_ASAP7_75t_R          2  1.8    16     6     306    (-,-) 
  g623234/Y              -       A->Y  F     OR2x6_ASAP7_75t_R            10  5.8    12    27     332    (-,-) 
  g623201/Y              -       B->Y  R     NOR2xp33_ASAP7_75t_R          3  1.7    40    23     355    (-,-) 
  g623182/Y              -       B->Y  R     AO21x1_ASAP7_75t_R            3  1.9    15    20     376    (-,-) 
  g623141/Y              -       A->Y  F     NOR2x1_ASAP7_75t_R            2  1.9    16    14     390    (-,-) 
  g623117/Y              -       A->Y  R     NAND3x1_ASAP7_75t_R           3  2.8    32    19     408    (-,-) 
  g623091/Y              -       A->Y  R     OR2x6_ASAP7_75t_R            31 19.4    28    35     443    (-,-) 
  g663371/Y              -       A->Y  F     INVx3_ASAP7_75t_R            44 26.1    47    30     474    (-,-) 
  g662645/Y              -       A2->Y R     OAI22xp5_ASAP7_75t_R          3  1.4    32    23     497    (-,-) 
  g662496/Y              -       C->Y  F     NAND4xp25_ASAP7_75t_R         1  0.6    27    19     516    (-,-) 
  g662365/Y              -       A2->Y R     OAI22xp5_ASAP7_75t_R          6  3.9    54    32     549    (-,-) 
  g662340/Y              -       A->Y  F     INVx2_ASAP7_75t_R             8  4.1    21    16     566    (-,-) 
  g662279/Y              -       A->Y  R     NOR3xp33_ASAP7_75t_R          4  2.4    57    34     599    (-,-) 
  g662183/Y              -       A1->Y F     OAI31xp33_ASAP7_75t_R         4  2.2    44    27     626    (-,-) 
  g662165/Y              -       A->Y  R     INVx1_ASAP7_75t_R             5  2.6    26    21     647    (-,-) 
  g662109/Y              -       A1->Y F     OAI221xp5_ASAP7_75t_R         4  2.4    42    24     671    (-,-) 
  g661792/Y              -       B1->Y R     AOI221xp5_ASAP7_75t_R         1  0.5    28    20     691    (-,-) 
  g661589/Y              -       A1->Y F     AOI31xp33_ASAP7_75t_R         1  0.6    24    14     704    (-,-) 
  g661428/Y              -       C->Y  R     O2A1O1Ixp33_ASAP7_75t_R       1  0.5    23    16     720    (-,-) 
  g661233/Y              -       A1->Y F     OAI221xp5_ASAP7_75t_R         1  0.6    22    13     733    (-,-) 
  g661031/Y              -       B->Y  R     AOI21xp5_ASAP7_75t_R          1  0.6    19    13     746    (-,-) 
  g660969/Y              -       A->Y  R     AND5x1_ASAP7_75t_R            1  0.6    16    32     778    (-,-) 
  g660835/Y              -       A->Y  F     NAND4xp25_ASAP7_75t_R         3  2.3    56    30     809    (-,-) 
  g660770/Y              -       B->Y  F     OR2x2_ASAP7_75t_R            20 10.6    34    46     855    (-,-) 
  g660713/Y              -       A->Y  F     OR5x2_ASAP7_75t_R            39 21.3    71    82     937    (-,-) 
  g660610/Y              -       B->Y  R     NOR2x1_ASAP7_75t_R           28 15.9   117    75    1012    (-,-) 
  g660594/Y              -       A->Y  F     INVx1_ASAP7_75t_R            26 15.1    94    70    1082    (-,-) 
  g660519/Y              -       B2->Y R     OAI22xp5_ASAP7_75t_R          5  2.5    55    43    1125    (-,-) 
  g660430/Y              -       B->Y  F     NOR2xp33_ASAP7_75t_R          2  1.3    34    30    1154    (-,-) 
  g660425/Y              -       B->Y  R     NAND2xp5_ASAP7_75t_R          3  1.5    31    21    1175    (-,-) 
  g660423/Y              -       A->Y  R     OR5x1_ASAP7_75t_R             2  1.0    12    22    1197    (-,-) 
  g660402/Y              -       A2->Y F     A2O1A1Ixp33_ASAP7_75t_R       5  3.2    66    27    1224    (-,-) 
  g660396/Y              -       A1->Y R     OAI221xp5_ASAP7_75t_R         2  1.2    46    38    1262    (-,-) 
  ADD_UNS_OP1145_g4561/Y -       B->Y  F     NAND2xp5_ASAP7_75t_R          3  2.2    33    26    1288    (-,-) 
  ADD_UNS_OP1145_g4508/Y -       A1->Y F     AO21x1_ASAP7_75t_R            2  1.6    12    24    1312    (-,-) 
  ADD_UNS_OP1145_g4502/Y -       A2->Y F     AO21x1_ASAP7_75t_R            2  1.6    12    18    1330    (-,-) 
  ADD_UNS_OP1145_g4498/Y -       A2->Y F     AO21x1_ASAP7_75t_R            2  1.6    12    18    1348    (-,-) 
  ADD_UNS_OP1145_g4494/Y -       A2->Y F     AO21x1_ASAP7_75t_R            2  1.6    12    18    1366    (-,-) 
  ADD_UNS_OP1145_g4491/Y -       A2->Y F     AO21x1_ASAP7_75t_R            2  1.6    12    18    1384    (-,-) 
  ADD_UNS_OP1145_g4489/Y -       A2->Y F     AO21x1_ASAP7_75t_R            2  1.6    12    18    1402    (-,-) 
  ADD_UNS_OP1145_g4487/Y -       A2->Y F     AO21x1_ASAP7_75t_R            2  1.6    12    18    1420    (-,-) 
  ADD_UNS_OP1145_g4485/Y -       A2->Y F     AO21x1_ASAP7_75t_R            2  1.6    12    18    1438    (-,-) 
  ADD_UNS_OP1145_g4483/Y -       A2->Y R     OAI21xp5_ASAP7_75t_R          2  1.7    26    16    1453    (-,-) 
  ADD_UNS_OP1145_g4481/Y -       A->Y  F     MAJIxp5_ASAP7_75t_R           2  1.6    33    20    1473    (-,-) 
  ADD_UNS_OP1145_g4478/Y -       A2->Y F     AO21x1_ASAP7_75t_R            2  1.6    12    22    1496    (-,-) 
  ADD_UNS_OP1145_g4476/Y -       A2->Y F     OA21x2_ASAP7_75t_R            2  1.6     9    19    1515    (-,-) 
  ADD_UNS_OP1145_g4474/Y -       A2->Y F     AO21x1_ASAP7_75t_R            2  1.6    12    17    1532    (-,-) 
  ADD_UNS_OP1145_g4472/Y -       A2->Y F     AO21x1_ASAP7_75t_R            2  1.6    12    18    1550    (-,-) 
  ADD_UNS_OP1145_g4470/Y -       A2->Y F     AO21x1_ASAP7_75t_R            2  1.6    12    18    1568    (-,-) 
  ADD_UNS_OP1145_g4468/Y -       A2->Y F     AO21x1_ASAP7_75t_R            2  1.6    12    18    1586    (-,-) 
  ADD_UNS_OP1145_g4466/Y -       A2->Y F     AO21x1_ASAP7_75t_R            2  1.6    12    18    1604    (-,-) 
  ADD_UNS_OP1145_g4464/Y -       A2->Y F     AO21x1_ASAP7_75t_R            2  1.6    12    18    1622    (-,-) 
  ADD_UNS_OP1145_g4462/Y -       A2->Y F     AO21x1_ASAP7_75t_R            2  1.6    12    18    1640    (-,-) 
  ADD_UNS_OP1145_g4460/Y -       A2->Y F     AO21x1_ASAP7_75t_R            2  1.6    12    18    1658    (-,-) 
  ADD_UNS_OP1145_g4458/Y -       A2->Y F     AO21x1_ASAP7_75t_R            2  1.6    12    18    1676    (-,-) 
  ADD_UNS_OP1145_g4456/Y -       A2->Y F     AO21x1_ASAP7_75t_R            2  1.6    12    18    1693    (-,-) 
  ADD_UNS_OP1145_g4455/Y -       B->Y  F     XNOR2xp5_ASAP7_75t_R          1  0.5    14    18    1711    (-,-) 
  g730134/Y              -       A3->Y R     AOI32xp33_ASAP7_75t_R         1  0.6    55    18    1729    (-,-) 
  retime_s331_12_reg/D   -       -     R     ASYNC_DFFHx1_ASAP7_75t_R      1    -     -     0    1729    (-,-) 
#--------------------------------------------------------------------------------------------------------------



Path 44: MET (70 ps) Setup Check with Pin retime_s63_2_reg/CLK->D
          Group: clk
     Startpoint: (F) mem_d_ack_i
          Clock: (R) clk
       Endpoint: (R) retime_s63_2_reg/D
          Clock: (R) clk

                     Capture       Launch     
        Clock Edge:+    2000            0     
        Drv Adjust:+       0            0     
       Src Latency:+       0            0     
       Net Latency:+       0 (I)        0 (I) 
           Arrival:=    2000            0     
                                              
             Setup:-       4                  
       Uncertainty:-     200                  
     Required Time:=    1796                  
      Launch Clock:-       0                  
       Input Delay:-     300                  
         Data Path:-    1426                  
             Slack:=      70                  

Exceptions/Constraints:
  input_delay             300             riscv_core.sdc_1_line_29_619_1 

#----------------------------------------------------------------------------------------------------------
#   Timing Point     Flags   Arc   Edge           Cell            Fanout Load Trans Delay Arrival Instance 
#                                                                        (fF)  (ps)  (ps)   (ps)  Location 
#----------------------------------------------------------------------------------------------------------
  mem_d_ack_i        -       -     F     (arrival)                     6  5.0     0     0     300    (-,-) 
  g623287/Y          -       B->Y  R     NOR2x1p5_ASAP7_75t_R          2  1.8    16     7     307    (-,-) 
  g623234/Y          -       A->Y  R     OR2x6_ASAP7_75t_R            10  5.8    12    22     329    (-,-) 
  g623201/Y          -       B->Y  F     NOR2xp33_ASAP7_75t_R          3  1.7    35    20     350    (-,-) 
  g623182/Y          -       B->Y  F     AO21x1_ASAP7_75t_R            3  2.1    14    25     374    (-,-) 
  g623141/Y          -       A->Y  R     NOR2x1_ASAP7_75t_R            2  1.9    18    14     388    (-,-) 
  g623117/Y          -       A->Y  F     NAND3x1_ASAP7_75t_R           3  2.8    23    15     403    (-,-) 
  g722960/Y          -       A->Y  F     OR3x1_ASAP7_75t_R             4  2.3    18    32     435    (-,-) 
  g722623/Y          -       B->Y  R     NAND2xp5_ASAP7_75t_R         11  5.0    55    32     467    (-,-) 
  g722381/Y          -       B->Y  F     NOR2xp33_ASAP7_75t_R          5  3.1    60    46     513    (-,-) 
  g722286/Y          -       A->Y  R     INVx1_ASAP7_75t_R             4  2.2    27    22     535    (-,-) 
  g722141/Y          -       B->Y  R     AND2x2_ASAP7_75t_R           59 29.9   106    68     602    (-,-) 
  g721406/Y          -       B->Y  F     NOR2xp33_ASAP7_75t_R          1  0.6    32    28     630    (-,-) 
  g721322/Y          -       B->Y  F     AO21x1_ASAP7_75t_R           32 22.4   112    72     702    (-,-) 
  g721228/Y          -       A->Y  R     INVx1_ASAP7_75t_R            24 12.2    93    70     772    (-,-) 
  g719489/Y          -       A2->Y R     AO22x1_ASAP7_75t_R            1  0.5    11    30     802    (-,-) 
  g719093/Y          -       C->Y  F     AOI221xp5_ASAP7_75t_R         1  0.5    36     9     811    (-,-) 
  g718732/Y          -       C->Y  R     OAI221xp5_ASAP7_75t_R         1  0.5    37    16     827    (-,-) 
  g718443/Y          -       C->Y  F     AOI221xp5_ASAP7_75t_R         1  0.5    39    14     841    (-,-) 
  g718342/Y          -       C->Y  F     AND5x1_ASAP7_75t_R            1  0.6     7    29     870    (-,-) 
  g718264/Y          -       A->Y  R     NAND5xp2_ASAP7_75t_R          3  1.5    32    13     883    (-,-) 
  g718230/Y          -       A->Y  F     INVxp67_ASAP7_75t_R           2  1.0    15    12     895    (-,-) 
  g718138/Y          -       C->Y  R     OAI221xp5_ASAP7_75t_R         3  1.5    62    15     910    (-,-) 
  g718057/Y          -       C->Y  F     OAI211xp5_ASAP7_75t_R         3  1.5    37    21     932    (-,-) 
  g718000/Y          -       B->Y  R     AOI211xp5_ASAP7_75t_R         2  1.2    37    25     956    (-,-) 
  g717990/Y          -       B->Y  F     OAI21xp5_ASAP7_75t_R          3  1.5    26    16     973    (-,-) 
  g717980/Y          -       B->Y  R     AOI211xp5_ASAP7_75t_R         3  1.6    43    26     998    (-,-) 
  g717971/Y          -       A->Y  F     NAND3xp33_ASAP7_75t_R         3  1.6    37    27    1025    (-,-) 
  g717964/Y          -       A->Y  R     NOR3xp33_ASAP7_75t_R          2  1.1    37    26    1051    (-,-) 
  g717956/Y          -       A->Y  F     NAND3xp33_ASAP7_75t_R         3  1.5    36    25    1076    (-,-) 
  g717948/Y          -       B->Y  R     AOI211xp5_ASAP7_75t_R         3  1.7    44    29    1105    (-,-) 
  g717940/Y          -       B->Y  F     OAI211xp5_ASAP7_75t_R         3  1.5    34    22    1127    (-,-) 
  g717934/Y          -       B->Y  R     AOI211xp5_ASAP7_75t_R         2  1.1    35    23    1150    (-,-) 
  g717928/Y          -       B->Y  F     NAND2xp5_ASAP7_75t_R          4  2.2    31    23    1174    (-,-) 
  g717926/Y          -       A->Y  R     INVx1_ASAP7_75t_R             1  0.6    12    10    1184    (-,-) 
  g717925/Y          -       A->Y  F     NAND4xp25_ASAP7_75t_R         3  1.6    44    23    1206    (-,-) 
  g717921/Y          -       A->Y  R     NOR3xp33_ASAP7_75t_R          3  1.6    47    33    1240    (-,-) 
  g717917/Y          -       B->Y  F     OAI211xp5_ASAP7_75t_R         3  1.7    38    24    1264    (-,-) 
  g717916/Y          -       A->Y  R     NOR3xp33_ASAP7_75t_R          2  1.1    37    26    1290    (-,-) 
  g717914/Y          -       A->Y  R     AND4x1_ASAP7_75t_R            9  5.4    44    47    1337    (-,-) 
  g717913/Y          -       A->Y  F     INVx1_ASAP7_75t_R             7  3.8    28    22    1360    (-,-) 
  g717912/Y          -       A->Y  R     NOR3xp33_ASAP7_75t_R          2  1.1    34    24    1383    (-,-) 
  g717897/Y          -       A->Y  F     NAND3xp33_ASAP7_75t_R         3  1.6    34    25    1408    (-,-) 
  g717885/Y          -       A->Y  F     OR3x1_ASAP7_75t_R             3  1.7    16    33    1440    (-,-) 
  g717868/Y          -       A->Y  F     OR3x1_ASAP7_75t_R             2  1.3    13    26    1467    (-,-) 
  g717865/Y          -       A->Y  R     INVx1_ASAP7_75t_R             2  1.2    11     9    1476    (-,-) 
  g717839/Y          -       A->Y  F     NAND3xp33_ASAP7_75t_R         3  1.8    40    19    1495    (-,-) 
  g717834/Y          -       A->Y  R     INVx1_ASAP7_75t_R             1  0.6    13    11    1506    (-,-) 
  g717828/Y          -       A->Y  F     NAND3xp33_ASAP7_75t_R         2  1.1    30    15    1521    (-,-) 
  g717818/Y          -       B2->Y R     OAI32xp33_ASAP7_75t_R         3  1.6    45    27    1548    (-,-) 
  g717816/Y          -       A->Y  F     INVxp67_ASAP7_75t_R           1  0.5    13    10    1558    (-,-) 
  g717805/Y          -       A1->Y R     OAI221xp5_ASAP7_75t_R         1  0.5    24    17    1575    (-,-) 
  g717803/Y          -       C->Y  F     AOI221xp5_ASAP7_75t_R         1  0.6    25    12    1588    (-,-) 
  g717802/Y          -       A->Y  R     NAND5xp2_ASAP7_75t_R          1  0.6    19    16    1603    (-,-) 
  g717799/Y          -       B->Y  R     AND2x2_ASAP7_75t_R            3  1.5    10    21    1624    (-,-) 
  g717797/Y          -       B->Y  F     NOR2xp33_ASAP7_75t_R          2  1.1    28    15    1639    (-,-) 
  g717793/Y          -       A->Y  R     NAND3xp33_ASAP7_75t_R         9  5.3    65    38    1677    (-,-) 
  g697573/Y          -       A->Y  F     INVx1_ASAP7_75t_R             7  4.1    34    26    1704    (-,-) 
  g690557/Y          -       B2->Y R     AOI32xp33_ASAP7_75t_R         1  0.6    34    22    1726    (-,-) 
  retime_s63_2_reg/D -       -     R     ASYNC_DFFHx1_ASAP7_75t_R      1    -     -     0    1726    (-,-) 
#----------------------------------------------------------------------------------------------------------



Path 45: MET (74 ps) Setup Check with Pin retime_s293_9_reg/CLK->D
          Group: clk
     Startpoint: (F) mem_d_ack_i
          Clock: (R) clk
       Endpoint: (F) retime_s293_9_reg/D
          Clock: (R) clk

                     Capture       Launch     
        Clock Edge:+    2000            0     
        Drv Adjust:+       0            0     
       Src Latency:+       0            0     
       Net Latency:+       0 (I)        0 (I) 
           Arrival:=    2000            0     
                                              
             Setup:-      -0                  
       Uncertainty:-     200                  
     Required Time:=    1800                  
      Launch Clock:-       0                  
       Input Delay:-     300                  
         Data Path:-    1426                  
             Slack:=      74                  

Exceptions/Constraints:
  input_delay             300             riscv_core.sdc_1_line_29_619_1 

#-----------------------------------------------------------------------------------------------------------
#    Timing Point     Flags   Arc   Edge           Cell            Fanout Load Trans Delay Arrival Instance 
#                                                                         (fF)  (ps)  (ps)   (ps)  Location 
#-----------------------------------------------------------------------------------------------------------
  mem_d_ack_i         -       -     F     (arrival)                     6  5.0     0     0     300    (-,-) 
  g623287/Y           -       B->Y  R     NOR2x1p5_ASAP7_75t_R          2  1.8    16     7     307    (-,-) 
  g623234/Y           -       A->Y  R     OR2x6_ASAP7_75t_R            10  5.8    12    22     329    (-,-) 
  g623201/Y           -       B->Y  F     NOR2xp33_ASAP7_75t_R          3  1.7    35    20     350    (-,-) 
  g623182/Y           -       B->Y  F     AO21x1_ASAP7_75t_R            3  2.1    14    25     374    (-,-) 
  g623141/Y           -       A->Y  R     NOR2x1_ASAP7_75t_R            2  1.9    18    14     388    (-,-) 
  g623117/Y           -       A->Y  F     NAND3x1_ASAP7_75t_R           3  2.8    23    15     403    (-,-) 
  g623091/Y           -       A->Y  F     OR2x6_ASAP7_75t_R            31 19.5    25    37     440    (-,-) 
  g623090/Y           -       A->Y  R     INVx2_ASAP7_75t_R            11  6.2    24    18     458    (-,-) 
  g623063/Y           -       B2->Y R     AO22x2_ASAP7_75t_R           24 12.4    41    37     495    (-,-) 
  g730027/Y           -       B->Y  F     NOR2xp33_ASAP7_75t_R          4  2.3    45    35     530    (-,-) 
  g662877/Y           -       B->Y  R     NAND2xp5_ASAP7_75t_R          4  1.9    32    26     556    (-,-) 
  g662682/Y           -       B->Y  R     OR2x2_ASAP7_75t_R             7  4.2    19    28     584    (-,-) 
  g662599/Y           -       B->Y  F     NOR2xp33_ASAP7_75t_R          3  1.8    48    24     608    (-,-) 
  g662454/Y           -       A->Y  R     NOR3xp33_ASAP7_75t_R          2  1.3    42    31     639    (-,-) 
  g661916/Y           -       A->Y  F     NAND3xp33_ASAP7_75t_R         2  1.8    39    28     667    (-,-) 
  g661896/Y           -       A->Y  R     INVx1_ASAP7_75t_R             2  1.2    17    14     681    (-,-) 
  g661816/Y           -       A->Y  F     NAND3xp33_ASAP7_75t_R         2  1.8    38    21     702    (-,-) 
  g661768/Y           -       A->Y  R     INVx1_ASAP7_75t_R             2  1.2    17    14     716    (-,-) 
  g661719/Y           -       A->Y  R     AND3x1_ASAP7_75t_R           32 18.2   127    77     792    (-,-) 
  g661312/Y           -       A1->Y F     AOI21xp5_ASAP7_75t_R          1  0.5    26    19     811    (-,-) 
  g661248/Y           -       B->Y  R     OAI211xp5_ASAP7_75t_R        12  6.1   112    37     848    (-,-) 
  g723747/Y           -       B->Y  F     NOR2xp33_ASAP7_75t_R          3  1.5    49    43     891    (-,-) 
  g723116/Y           -       B->Y  R     NAND2xp5_ASAP7_75t_R          3  1.5    28    25     916    (-,-) 
  g722834/Y           -       B->Y  F     NOR2xp33_ASAP7_75t_R          3  1.4    34    23     939    (-,-) 
  g722737/Y           -       A->Y  R     INVxp67_ASAP7_75t_R           1  0.4    12    10     949    (-,-) 
  g722604/Y           -       B->Y  F     NOR2xp33_ASAP7_75t_R          2  1.2    43    16     966    (-,-) 
  g722508/Y           -       A->Y  R     INVx1_ASAP7_75t_R             2  1.0    16    13     979    (-,-) 
  g722372/Y           -       B->Y  F     NOR2xp33_ASAP7_75t_R          3  1.5    49    20     999    (-,-) 
  g722085/Y           -       B->Y  R     NAND2xp5_ASAP7_75t_R          3  1.5    28    25    1024    (-,-) 
  g721662/Y           -       B->Y  F     NOR2xp33_ASAP7_75t_R          3  1.5    50    24    1048    (-,-) 
  g721206/Y           -       B->Y  R     NAND2xp5_ASAP7_75t_R          2  1.3    26    23    1072    (-,-) 
  g721118/Y           -       A->Y  F     INVx1_ASAP7_75t_R             2  0.9    11     9    1080    (-,-) 
  g720980/Y           -       A->Y  R     NAND2xp33_ASAP7_75t_R         2  0.9    24    16    1097    (-,-) 
  g720073/Y           -       B->Y  F     NOR2xp33_ASAP7_75t_R          2  1.2    34    20    1117    (-,-) 
  g719314/Y           -       A->Y  R     INVx1_ASAP7_75t_R             2  1.0    14    12    1129    (-,-) 
  g719038/Y           -       B->Y  F     NOR2xp33_ASAP7_75t_R          3  1.4    39    19    1148    (-,-) 
  g718829/Y           -       A->Y  R     INVxp67_ASAP7_75t_R           1  0.4    13    11    1159    (-,-) 
  g718723/Y           -       B->Y  F     NOR2xp33_ASAP7_75t_R          2  1.2    36    17    1176    (-,-) 
  g718621/Y           -       A->Y  R     INVx1_ASAP7_75t_R             2  1.0    15    12    1188    (-,-) 
  g718518/Y           -       B->Y  F     NOR2xp33_ASAP7_75t_R          3  1.4    39    19    1208    (-,-) 
  g718423/Y           -       A->Y  R     INVxp67_ASAP7_75t_R           1  0.4    13    11    1218    (-,-) 
  g718381/Y           -       B->Y  F     NOR2xp33_ASAP7_75t_R          2  1.2    47    17    1235    (-,-) 
  g718345/Y           -       A->Y  R     INVx1_ASAP7_75t_R             2  1.0    17    14    1249    (-,-) 
  g718306/Y           -       B->Y  F     NOR2xp33_ASAP7_75t_R          3  1.4    34    20    1269    (-,-) 
  g718269/Y           -       A->Y  R     INVxp67_ASAP7_75t_R           1  0.4    12    10    1279    (-,-) 
  g718221/Y           -       B->Y  F     NOR2xp33_ASAP7_75t_R          2  1.2    31    16    1295    (-,-) 
  g718188/Y           -       A->Y  R     INVx1_ASAP7_75t_R             2  1.0    14    12    1307    (-,-) 
  g718139/Y           -       B->Y  F     NOR2xp33_ASAP7_75t_R          3  1.4    42    19    1326    (-,-) 
  g718118/Y           -       A->Y  R     INVxp67_ASAP7_75t_R           1  0.4    13    11    1337    (-,-) 
  g718083/Y           -       B->Y  F     NOR2xp33_ASAP7_75t_R          2  1.2    30    17    1354    (-,-) 
  g718062/Y           -       A->Y  R     INVx1_ASAP7_75t_R             2  1.0    14    11    1365    (-,-) 
  g718036/Y           -       B->Y  F     NOR2xp33_ASAP7_75t_R          3  1.4    33    19    1384    (-,-) 
  g718016/Y           -       A->Y  R     INVxp67_ASAP7_75t_R           2  1.0    17    14    1398    (-,-) 
  g718009/Y           -       B->Y  F     NOR2xp33_ASAP7_75t_R          2  1.2    31    18    1417    (-,-) 
  g718003/Y           -       A->Y  R     INVx1_ASAP7_75t_R             2  1.0    14    12    1428    (-,-) 
  g717996/Y           -       B->Y  F     NOR2xp33_ASAP7_75t_R          3  1.4    52    19    1447    (-,-) 
  g717991/Y           -       A->Y  R     INVxp67_ASAP7_75t_R           1  0.4    15    12    1459    (-,-) 
  g717985/Y           -       B->Y  F     NOR2xp33_ASAP7_75t_R          2  1.2    30    17    1476    (-,-) 
  g717981/Y           -       A->Y  R     INVx1_ASAP7_75t_R             2  1.0    14    12    1488    (-,-) 
  g717975/Y           -       B->Y  F     NOR2xp33_ASAP7_75t_R          3  1.4    41    19    1507    (-,-) 
  g717972/Y           -       A->Y  R     INVxp67_ASAP7_75t_R           1  0.4    13    11    1518    (-,-) 
  g717967/Y           -       B->Y  F     NOR2xp33_ASAP7_75t_R          3  2.1    42    24    1542    (-,-) 
  g717960/Y           -       B->Y  R     NAND2xp5_ASAP7_75t_R          2  0.9    21    19    1560    (-,-) 
  g717952/Y           -       B->Y  F     NOR2xp33_ASAP7_75t_R          2  1.2    37    19    1580    (-,-) 
  g717949/Y           -       A->Y  R     INVx1_ASAP7_75t_R             2  1.0    15    13    1592    (-,-) 
  g717946/Y           -       B->Y  F     NOR2xp33_ASAP7_75t_R          3  1.7    38    21    1614    (-,-) 
  g717942/Y           -       B->Y  R     NAND2xp5_ASAP7_75t_R          3  1.5    25    22    1636    (-,-) 
  g717936/Y           -       B->Y  F     NOR2xp33_ASAP7_75t_R          4  2.1    60    28    1664    (-,-) 
  g717931/Y           -       B->Y  R     NOR2xp33_ASAP7_75t_R          1  0.6    29    23    1687    (-,-) 
  g717924/Y           -       B->Y  F     A2O1A1Ixp33_ASAP7_75t_R       1  0.6    30    10    1697    (-,-) 
  g717919/Y           -       B->Y  R     NAND2xp5_ASAP7_75t_R          2  1.2    24    18    1715    (-,-) 
  g692145/Y           -       B2->Y F     AOI22xp5_ASAP7_75t_R          1  0.6    51    11    1726    (-,-) 
  retime_s293_9_reg/D -       -     F     ASYNC_DFFHx1_ASAP7_75t_R      1    -     -     0    1726    (-,-) 
#-----------------------------------------------------------------------------------------------------------



Path 46: MET (76 ps) Setup Check with Pin retime_s63_1_reg/CLK->D
          Group: clk
     Startpoint: (F) mem_d_ack_i
          Clock: (R) clk
       Endpoint: (R) retime_s63_1_reg/D
          Clock: (R) clk

                     Capture       Launch     
        Clock Edge:+    2000            0     
        Drv Adjust:+       0            0     
       Src Latency:+       0            0     
       Net Latency:+       0 (I)        0 (I) 
           Arrival:=    2000            0     
                                              
             Setup:-       4                  
       Uncertainty:-     200                  
     Required Time:=    1796                  
      Launch Clock:-       0                  
       Input Delay:-     300                  
         Data Path:-    1421                  
             Slack:=      76                  

Exceptions/Constraints:
  input_delay             300             riscv_core.sdc_1_line_29_619_1 

#----------------------------------------------------------------------------------------------------------
#   Timing Point     Flags   Arc   Edge           Cell            Fanout Load Trans Delay Arrival Instance 
#                                                                        (fF)  (ps)  (ps)   (ps)  Location 
#----------------------------------------------------------------------------------------------------------
  mem_d_ack_i        -       -     F     (arrival)                     6  5.0     0     0     300    (-,-) 
  g623287/Y          -       B->Y  R     NOR2x1p5_ASAP7_75t_R          2  1.8    16     7     307    (-,-) 
  g623234/Y          -       A->Y  R     OR2x6_ASAP7_75t_R            10  5.8    12    22     329    (-,-) 
  g623201/Y          -       B->Y  F     NOR2xp33_ASAP7_75t_R          3  1.7    35    20     350    (-,-) 
  g623182/Y          -       B->Y  F     AO21x1_ASAP7_75t_R            3  2.1    14    25     374    (-,-) 
  g623141/Y          -       A->Y  R     NOR2x1_ASAP7_75t_R            2  1.9    18    14     388    (-,-) 
  g623117/Y          -       A->Y  F     NAND3x1_ASAP7_75t_R           3  2.8    23    15     403    (-,-) 
  g722960/Y          -       A->Y  F     OR3x1_ASAP7_75t_R             4  2.3    18    32     435    (-,-) 
  g722623/Y          -       B->Y  R     NAND2xp5_ASAP7_75t_R         11  5.0    55    32     467    (-,-) 
  g722381/Y          -       B->Y  F     NOR2xp33_ASAP7_75t_R          5  3.1    60    46     513    (-,-) 
  g722286/Y          -       A->Y  R     INVx1_ASAP7_75t_R             4  2.2    27    22     535    (-,-) 
  g722141/Y          -       B->Y  R     AND2x2_ASAP7_75t_R           59 29.9   106    68     602    (-,-) 
  g721406/Y          -       B->Y  F     NOR2xp33_ASAP7_75t_R          1  0.6    32    28     630    (-,-) 
  g721322/Y          -       B->Y  F     AO21x1_ASAP7_75t_R           32 22.4   112    72     702    (-,-) 
  g721228/Y          -       A->Y  R     INVx1_ASAP7_75t_R            24 12.2    93    70     772    (-,-) 
  g719489/Y          -       A2->Y R     AO22x1_ASAP7_75t_R            1  0.5    11    30     802    (-,-) 
  g719093/Y          -       C->Y  F     AOI221xp5_ASAP7_75t_R         1  0.5    36     9     811    (-,-) 
  g718732/Y          -       C->Y  R     OAI221xp5_ASAP7_75t_R         1  0.5    37    16     827    (-,-) 
  g718443/Y          -       C->Y  F     AOI221xp5_ASAP7_75t_R         1  0.5    39    14     841    (-,-) 
  g718342/Y          -       C->Y  F     AND5x1_ASAP7_75t_R            1  0.6     7    29     870    (-,-) 
  g718264/Y          -       A->Y  R     NAND5xp2_ASAP7_75t_R          3  1.5    32    13     883    (-,-) 
  g718230/Y          -       A->Y  F     INVxp67_ASAP7_75t_R           2  1.0    15    12     895    (-,-) 
  g718138/Y          -       C->Y  R     OAI221xp5_ASAP7_75t_R         3  1.5    62    15     910    (-,-) 
  g718057/Y          -       C->Y  F     OAI211xp5_ASAP7_75t_R         3  1.5    37    21     932    (-,-) 
  g718000/Y          -       B->Y  R     AOI211xp5_ASAP7_75t_R         2  1.2    37    25     956    (-,-) 
  g717990/Y          -       B->Y  F     OAI21xp5_ASAP7_75t_R          3  1.5    26    16     973    (-,-) 
  g717980/Y          -       B->Y  R     AOI211xp5_ASAP7_75t_R         3  1.6    43    26     998    (-,-) 
  g717971/Y          -       A->Y  F     NAND3xp33_ASAP7_75t_R         3  1.6    37    27    1025    (-,-) 
  g717964/Y          -       A->Y  R     NOR3xp33_ASAP7_75t_R          2  1.1    37    26    1051    (-,-) 
  g717956/Y          -       A->Y  F     NAND3xp33_ASAP7_75t_R         3  1.5    36    25    1076    (-,-) 
  g717948/Y          -       B->Y  R     AOI211xp5_ASAP7_75t_R         3  1.7    44    29    1105    (-,-) 
  g717940/Y          -       B->Y  F     OAI211xp5_ASAP7_75t_R         3  1.5    34    22    1127    (-,-) 
  g717934/Y          -       B->Y  R     AOI211xp5_ASAP7_75t_R         2  1.1    35    23    1150    (-,-) 
  g717928/Y          -       B->Y  F     NAND2xp5_ASAP7_75t_R          4  2.2    31    23    1174    (-,-) 
  g717926/Y          -       A->Y  R     INVx1_ASAP7_75t_R             1  0.6    12    10    1184    (-,-) 
  g717925/Y          -       A->Y  F     NAND4xp25_ASAP7_75t_R         3  1.6    44    23    1206    (-,-) 
  g717921/Y          -       A->Y  R     NOR3xp33_ASAP7_75t_R          3  1.6    47    33    1240    (-,-) 
  g717917/Y          -       B->Y  F     OAI211xp5_ASAP7_75t_R         3  1.7    38    24    1264    (-,-) 
  g717916/Y          -       A->Y  R     NOR3xp33_ASAP7_75t_R          2  1.1    37    26    1290    (-,-) 
  g717914/Y          -       A->Y  R     AND4x1_ASAP7_75t_R            9  5.4    44    47    1337    (-,-) 
  g717913/Y          -       A->Y  F     INVx1_ASAP7_75t_R             7  3.8    28    22    1360    (-,-) 
  g717912/Y          -       A->Y  R     NOR3xp33_ASAP7_75t_R          2  1.1    34    24    1383    (-,-) 
  g717897/Y          -       A->Y  F     NAND3xp33_ASAP7_75t_R         3  1.6    34    25    1408    (-,-) 
  g717885/Y          -       A->Y  F     OR3x1_ASAP7_75t_R             3  1.7    16    33    1440    (-,-) 
  g717868/Y          -       A->Y  F     OR3x1_ASAP7_75t_R             2  1.3    13    26    1467    (-,-) 
  g717865/Y          -       A->Y  R     INVx1_ASAP7_75t_R             2  1.2    11     9    1476    (-,-) 
  g717839/Y          -       A->Y  F     NAND3xp33_ASAP7_75t_R         3  1.8    40    19    1495    (-,-) 
  g717834/Y          -       A->Y  R     INVx1_ASAP7_75t_R             1  0.6    13    11    1506    (-,-) 
  g717828/Y          -       A->Y  F     NAND3xp33_ASAP7_75t_R         2  1.1    30    15    1521    (-,-) 
  g717818/Y          -       B2->Y R     OAI32xp33_ASAP7_75t_R         3  1.6    45    27    1548    (-,-) 
  g717816/Y          -       A->Y  F     INVxp67_ASAP7_75t_R           1  0.5    13    10    1558    (-,-) 
  g717805/Y          -       A1->Y R     OAI221xp5_ASAP7_75t_R         1  0.5    24    17    1575    (-,-) 
  g717803/Y          -       C->Y  F     AOI221xp5_ASAP7_75t_R         1  0.6    25    12    1588    (-,-) 
  g717802/Y          -       A->Y  R     NAND5xp2_ASAP7_75t_R          1  0.6    19    16    1603    (-,-) 
  g717799/Y          -       B->Y  R     AND2x2_ASAP7_75t_R            3  1.5    10    21    1624    (-,-) 
  g717790/Y          -       B->Y  F     NOR3xp33_ASAP7_75t_R          2  1.3    26    12    1636    (-,-) 
  g717787/Y          -       B->Y  R     NAND2xp5_ASAP7_75t_R          2  1.1    18    16    1652    (-,-) 
  g717786/Y          -       A->Y  F     INVxp67_ASAP7_75t_R           1  0.5     9     8    1660    (-,-) 
  g717782/Y          -       B->Y  R     AOI211xp5_ASAP7_75t_R         4  2.2    48    26    1686    (-,-) 
  g717781/Y          -       A->Y  F     INVx1_ASAP7_75t_R             6  3.0    25    20    1706    (-,-) 
  g691630/Y          -       B2->Y R     AOI22xp5_ASAP7_75t_R          1  0.6    29    14    1721    (-,-) 
  retime_s63_1_reg/D -       -     R     ASYNC_DFFHx1_ASAP7_75t_R      1    -     -     0    1721    (-,-) 
#----------------------------------------------------------------------------------------------------------



Path 47: MET (77 ps) Setup Check with Pin retime_s133_2_reg/CLK->D
          Group: clk
     Startpoint: (R) u_mul_mul_123_68_retime_s328_7_reg/CLK
          Clock: (R) clk
       Endpoint: (F) retime_s133_2_reg/D
          Clock: (R) clk

                     Capture       Launch     
        Clock Edge:+    2000            0     
       Src Latency:+       0            0     
       Net Latency:+       0 (I)        0 (I) 
           Arrival:=    2000            0     
                                              
             Setup:-      -1                  
       Uncertainty:-     200                  
     Required Time:=    1801                  
      Launch Clock:-       0                  
         Data Path:-    1724                  
             Slack:=      77                  

#--------------------------------------------------------------------------------------------------------------------------------
#             Timing Point               Flags    Arc    Edge           Cell            Fanout Load Trans Delay Arrival Instance 
#                                                                                              (fF)  (ps)  (ps)   (ps)  Location 
#--------------------------------------------------------------------------------------------------------------------------------
  u_mul_mul_123_68_retime_s328_7_reg/CLK -       -       R     (arrival)                  9929    -   100     0       0    (-,-) 
  u_mul_mul_123_68_retime_s328_7_reg/QN  -       CLK->QN R     ASYNC_DFFHx1_ASAP7_75t_R     34 19.5   122   111     111    (-,-) 
  u_mul_mul_123_68_g141115/Y             -       A->Y    F     INVx1_ASAP7_75t_R             4  2.7    36    26     137    (-,-) 
  u_mul_mul_123_68_g193237/Y             -       A->Y    F     XOR2x2_ASAP7_75t_R           22 12.8    40    49     186    (-,-) 
  u_mul_mul_123_68_g192893/Y             -       B->Y    R     NOR2xp33_ASAP7_75t_R         20 11.8   237   123     310    (-,-) 
  u_mul_mul_123_68_g192783/Y             -       B->Y    F     NAND2xp5_ASAP7_75t_R          7  3.8    84    63     373    (-,-) 
  u_mul_mul_123_68_g192037/Y             -       A1->Y   R     OAI221xp5_ASAP7_75t_R         2  1.7    58    47     420    (-,-) 
  u_mul_mul_123_68_g191558/Y             -       B->Y    R     XOR2xp5_ASAP7_75t_R           2  1.6    36    33     453    (-,-) 
  u_mul_mul_123_68_g191110/Y             -       B->Y    R     XOR2xp5_ASAP7_75t_R           1  0.9    28    26     478    (-,-) 
  u_mul_mul_123_68_g190890/Y             -       B->Y    R     XNOR2xp5_ASAP7_75t_R          2  1.5    32    22     501    (-,-) 
  u_mul_mul_123_68_g190638/Y             -       B->Y    R     XNOR2xp5_ASAP7_75t_R          3  1.6    32    23     524    (-,-) 
  u_mul_mul_123_68_g190478/Y             -       B->Y    F     NOR2xp33_ASAP7_75t_R          1  0.6    20    17     541    (-,-) 
  u_mul_mul_123_68_g190076/Y             -       A1->Y   R     OAI21xp5_ASAP7_75t_R          2  1.7    25    17     558    (-,-) 
  u_mul_mul_123_68_g190028/Y             -       A->Y    F     MAJIxp5_ASAP7_75t_R           2  1.7    28    20     578    (-,-) 
  u_mul_mul_123_68_g190015/Y             -       A->Y    R     INVx1_ASAP7_75t_R             1  0.6    11     9     588    (-,-) 
  u_mul_mul_123_68_g189974/Y             -       A1->Y   F     AOI21xp5_ASAP7_75t_R          2  1.6    20    13     601    (-,-) 
  u_mul_mul_123_68_g189950/Y             -       A->Y    R     MAJIxp5_ASAP7_75t_R           2  1.7    34    23     623    (-,-) 
  u_mul_mul_123_68_g189940/Y             -       A1->Y   F     AOI21xp5_ASAP7_75t_R          2  1.6    24    18     642    (-,-) 
  u_mul_mul_123_68_g189939/Y             -       A->Y    R     MAJIxp5_ASAP7_75t_R           2  1.7    34    24     666    (-,-) 
  u_mul_mul_123_68_g189936/Y             -       A1->Y   F     AOI21xp5_ASAP7_75t_R          2  1.6    24    19     684    (-,-) 
  u_mul_mul_123_68_g189935/Y             -       A->Y    R     MAJIxp5_ASAP7_75t_R           2  1.8    35    25     709    (-,-) 
  u_mul_mul_123_68_g189934/Y             -       A->Y    F     INVx1_ASAP7_75t_R             1  0.6    10     8     717    (-,-) 
  u_mul_mul_123_68_g189932/Y             -       A->Y    R     MAJIxp5_ASAP7_75t_R           2  1.5    31    18     736    (-,-) 
  u_mul_mul_123_68_g189930/Y             -       A->Y    F     MAJIxp5_ASAP7_75t_R           2  2.2    33    24     760    (-,-) 
  u_mul_mul_123_68_g189928/Y             -       A->Y    R     MAJIxp5_ASAP7_75t_R           2  1.7    36    27     787    (-,-) 
  u_mul_mul_123_68_g189925/Y             -       A1->Y   F     AOI21xp5_ASAP7_75t_R          2  2.3    30    22     809    (-,-) 
  u_mul_mul_123_68_g189924/Y             -       A->Y    R     INVx1_ASAP7_75t_R             1  0.6    11    10     819    (-,-) 
  u_mul_mul_123_68_g189923/Y             -       A->Y    F     MAJIxp5_ASAP7_75t_R           2  1.6    31    16     834    (-,-) 
  u_mul_mul_123_68_g189920/Y             -       A2->Y   R     OAI21xp5_ASAP7_75t_R          2  1.7    29    21     855    (-,-) 
  u_mul_mul_123_68_g189919/Y             -       A->Y    F     MAJIxp5_ASAP7_75t_R           2  1.6    27    21     876    (-,-) 
  u_mul_mul_123_68_g189916/Y             -       A2->Y   R     OAI21xp5_ASAP7_75t_R          2  1.5    26    19     895    (-,-) 
  u_mul_mul_123_68_g189915/Y             -       A->Y    F     MAJIxp5_ASAP7_75t_R           2  2.2    31    23     918    (-,-) 
  u_mul_mul_123_68_g189913/Y             -       A->Y    R     MAJIxp5_ASAP7_75t_R           2  1.5    34    25     943    (-,-) 
  u_mul_mul_123_68_g189910/Y             -       A1->Y   F     AOI21xp5_ASAP7_75t_R          2  2.2    29    22     964    (-,-) 
  u_mul_mul_123_68_g189909/Y             -       A->Y    R     MAJIxp5_ASAP7_75t_R           2  1.6    36    25     989    (-,-) 
  u_mul_mul_123_68_g189908/Y             -       A->Y    F     INVx1_ASAP7_75t_R             1  0.6    11     8     997    (-,-) 
  u_mul_mul_123_68_g189906/Y             -       A->Y    R     MAJIxp5_ASAP7_75t_R           2  1.5    33    18    1016    (-,-) 
  u_mul_mul_123_68_g189903/Y             -       A1->Y   F     AOI21xp5_ASAP7_75t_R          2  2.2    29    21    1037    (-,-) 
  u_mul_mul_123_68_g189902/Y             -       A->Y    R     MAJIxp5_ASAP7_75t_R           2  1.7    35    25    1062    (-,-) 
  u_mul_mul_123_68_g189899/Y             -       A1->Y   F     AOI21xp5_ASAP7_75t_R          2  1.6    24    19    1081    (-,-) 
  u_mul_mul_123_68_g189897/Y             -       A2->Y   R     OAI21xp5_ASAP7_75t_R          2  1.7    27    20    1101    (-,-) 
  u_mul_mul_123_68_g189895/Y             -       A1->Y   F     AOI21xp5_ASAP7_75t_R          2  2.2    27    20    1121    (-,-) 
  u_mul_mul_123_68_g189894/Y             -       A->Y    F     MAJx2_ASAP7_75t_R             2  1.6    11    29    1150    (-,-) 
  u_mul_mul_123_68_g189891/Y             -       A2->Y   R     OAI21xp5_ASAP7_75t_R          2  1.5    25    15    1164    (-,-) 
  u_mul_mul_123_68_g189889/Y             -       A1->Y   F     AOI21xp5_ASAP7_75t_R          2  1.6    22    17    1181    (-,-) 
  u_mul_mul_123_68_g189887/Y             -       A2->Y   F     OA21x2_ASAP7_75t_R            2  1.6     9    22    1203    (-,-) 
  u_mul_mul_123_68_g189885/Y             -       A2->Y   R     OAI21xp5_ASAP7_75t_R          2  1.7    25    15    1218    (-,-) 
  u_mul_mul_123_68_g189884/Y             -       A->Y    F     MAJIxp5_ASAP7_75t_R           2  1.6    26    20    1238    (-,-) 
  u_mul_mul_123_68_g189881/Y             -       A1->Y   R     AOI21xp5_ASAP7_75t_R          2  1.7    26    18    1256    (-,-) 
  u_mul_mul_123_68_g189879/Y             -       A1->Y   F     AOI21xp5_ASAP7_75t_R          2  2.2    27    20    1275    (-,-) 
  u_mul_mul_123_68_g189878/Y             -       A->Y    R     MAJIxp5_ASAP7_75t_R           2  1.7    37    25    1300    (-,-) 
  u_mul_mul_123_68_g189875/Y             -       A1->Y   F     AOI21xp5_ASAP7_75t_R          2  2.2    30    22    1322    (-,-) 
  u_mul_mul_123_68_g189874/Y             -       A->Y    R     MAJIxp5_ASAP7_75t_R           2  1.7    36    26    1348    (-,-) 
  u_mul_mul_123_68_g189871/Y             -       A->Y    F     MAJIxp5_ASAP7_75t_R           2  2.2    34    26    1374    (-,-) 
  u_mul_mul_123_68_g189870/Y             -       A->Y    R     MAJIxp5_ASAP7_75t_R           2  1.7    36    27    1401    (-,-) 
  u_mul_mul_123_68_g189867/Y             -       A2->Y   F     OAI21xp5_ASAP7_75t_R          2  1.6    24    18    1419    (-,-) 
  u_mul_mul_123_68_g189865/Y             -       A1->Y   R     AOI21xp5_ASAP7_75t_R          2  1.5    24    17    1436    (-,-) 
  u_mul_mul_123_68_g189863/Y             -       A1->Y   F     AOI21xp5_ASAP7_75t_R          2  2.3    28    20    1456    (-,-) 
  u_mul_mul_123_68_g189862/Y             -       A->Y    R     INVx1_ASAP7_75t_R             1  0.6    11     9    1465    (-,-) 
  u_mul_mul_123_68_g189861/Y             -       A->Y    F     MAJIxp5_ASAP7_75t_R           2  2.2    36    18    1483    (-,-) 
  u_mul_mul_123_68_g189859/Y             -       A->Y    R     MAJIxp5_ASAP7_75t_R           2  1.7    37    28    1511    (-,-) 
  u_mul_mul_123_68_g189856/Y             -       A1->Y   F     AOI21xp5_ASAP7_75t_R          2  2.2    30    22    1533    (-,-) 
  u_mul_mul_123_68_g189855/Y             -       A->Y    F     MAJx2_ASAP7_75t_R             2  1.6    11    30    1562    (-,-) 
  u_mul_mul_123_68_g189852/Y             -       A2->Y   R     OAI21xp5_ASAP7_75t_R          2  1.5    23    15    1577    (-,-) 
  u_mul_mul_123_68_g189851/Y             -       A->Y    R     MAJx2_ASAP7_75t_R             2  1.5    11    25    1602    (-,-) 
  u_mul_mul_123_68_g189849/Y             -       A->Y    F     MAJIxp5_ASAP7_75t_R           2  2.3    34    19    1620    (-,-) 
  u_mul_mul_123_68_g189848/Y             -       A->Y    R     INVx1_ASAP7_75t_R             1  0.6    12    10    1631    (-,-) 
  u_mul_mul_123_68_g189846/Y             -       A->Y    F     MAJIxp5_ASAP7_75t_R           2  2.2    36    18    1649    (-,-) 
  u_mul_mul_123_68_g189844/Y             -       A->Y    R     MAJIxp5_ASAP7_75t_R           2  1.5    34    26    1675    (-,-) 
  u_mul_mul_123_68_g189841/Y             -       B->Y    R     XNOR2xp5_ASAP7_75t_R          1  0.4    19    19    1695    (-,-) 
  g723257/Y                              -       A2->Y   R     AO22x1_ASAP7_75t_R            1  0.6    10    20    1714    (-,-) 
  g692632/Y                              -       A2->Y   F     AOI22xp5_ASAP7_75t_R          1  0.6    48    10    1724    (-,-) 
  retime_s133_2_reg/D                    -       -       F     ASYNC_DFFHx1_ASAP7_75t_R      1    -     -     0    1724    (-,-) 
#--------------------------------------------------------------------------------------------------------------------------------



Path 48: MET (77 ps) Setup Check with Pin retime_s331_278_reg/CLK->D
          Group: clk
     Startpoint: (F) mem_d_ack_i
          Clock: (R) clk
       Endpoint: (R) retime_s331_278_reg/D
          Clock: (R) clk

                     Capture       Launch     
        Clock Edge:+    2000            0     
        Drv Adjust:+       0            0     
       Src Latency:+       0            0     
       Net Latency:+       0 (I)        0 (I) 
           Arrival:=    2000            0     
                                              
             Setup:-       3                  
       Uncertainty:-     200                  
     Required Time:=    1797                  
      Launch Clock:-       0                  
       Input Delay:-     300                  
         Data Path:-    1420                  
             Slack:=      77                  

Exceptions/Constraints:
  input_delay             300             riscv_core.sdc_1_line_29_619_1 

#-------------------------------------------------------------------------------------------------------------
#     Timing Point      Flags   Arc   Edge           Cell            Fanout Load Trans Delay Arrival Instance 
#                                                                           (fF)  (ps)  (ps)   (ps)  Location 
#-------------------------------------------------------------------------------------------------------------
  mem_d_ack_i           -       -     F     (arrival)                     6  5.0     0     0     300    (-,-) 
  g623287/Y             -       B->Y  R     NOR2x1p5_ASAP7_75t_R          2  1.8    16     7     307    (-,-) 
  g623234/Y             -       A->Y  R     OR2x6_ASAP7_75t_R            10  5.8    12    22     329    (-,-) 
  g623201/Y             -       B->Y  F     NOR2xp33_ASAP7_75t_R          3  1.7    35    20     350    (-,-) 
  g623182/Y             -       B->Y  F     AO21x1_ASAP7_75t_R            3  2.1    14    25     374    (-,-) 
  g623141/Y             -       A->Y  R     NOR2x1_ASAP7_75t_R            2  1.9    18    14     388    (-,-) 
  g623117/Y             -       A->Y  F     NAND3x1_ASAP7_75t_R           3  2.8    23    15     403    (-,-) 
  g722960/Y             -       A->Y  F     OR3x1_ASAP7_75t_R             4  2.3    18    32     435    (-,-) 
  g722623/Y             -       B->Y  R     NAND2xp5_ASAP7_75t_R         11  5.0    55    32     467    (-,-) 
  g722381/Y             -       B->Y  F     NOR2xp33_ASAP7_75t_R          5  3.1    60    46     513    (-,-) 
  g722286/Y             -       A->Y  R     INVx1_ASAP7_75t_R             4  2.2    27    22     535    (-,-) 
  g722141/Y             -       B->Y  R     AND2x2_ASAP7_75t_R           59 29.9   106    68     602    (-,-) 
  g721406/Y             -       B->Y  F     NOR2xp33_ASAP7_75t_R          1  0.6    32    28     630    (-,-) 
  g721322/Y             -       B->Y  F     AO21x1_ASAP7_75t_R           32 22.4   112    72     702    (-,-) 
  g721228/Y             -       A->Y  R     INVx1_ASAP7_75t_R            24 12.2    93    70     772    (-,-) 
  g719489/Y             -       A2->Y R     AO22x1_ASAP7_75t_R            1  0.5    11    30     802    (-,-) 
  g719093/Y             -       C->Y  F     AOI221xp5_ASAP7_75t_R         1  0.5    36     9     811    (-,-) 
  g718732/Y             -       C->Y  R     OAI221xp5_ASAP7_75t_R         1  0.5    37    16     827    (-,-) 
  g718443/Y             -       C->Y  F     AOI221xp5_ASAP7_75t_R         1  0.5    39    14     841    (-,-) 
  g718342/Y             -       C->Y  F     AND5x1_ASAP7_75t_R            1  0.6     7    29     870    (-,-) 
  g718264/Y             -       A->Y  R     NAND5xp2_ASAP7_75t_R          3  1.5    32    13     883    (-,-) 
  g718230/Y             -       A->Y  F     INVxp67_ASAP7_75t_R           2  1.0    15    12     895    (-,-) 
  g718138/Y             -       C->Y  R     OAI221xp5_ASAP7_75t_R         3  1.5    62    15     910    (-,-) 
  g718057/Y             -       C->Y  F     OAI211xp5_ASAP7_75t_R         3  1.5    37    21     932    (-,-) 
  g718000/Y             -       B->Y  R     AOI211xp5_ASAP7_75t_R         2  1.2    37    25     956    (-,-) 
  g717990/Y             -       B->Y  F     OAI21xp5_ASAP7_75t_R          3  1.5    26    16     973    (-,-) 
  g717980/Y             -       B->Y  R     AOI211xp5_ASAP7_75t_R         3  1.6    43    26     998    (-,-) 
  g717971/Y             -       A->Y  F     NAND3xp33_ASAP7_75t_R         3  1.6    37    27    1025    (-,-) 
  g717964/Y             -       A->Y  R     NOR3xp33_ASAP7_75t_R          2  1.1    37    26    1051    (-,-) 
  g717956/Y             -       A->Y  F     NAND3xp33_ASAP7_75t_R         3  1.5    36    25    1076    (-,-) 
  g717948/Y             -       B->Y  R     AOI211xp5_ASAP7_75t_R         3  1.7    44    29    1105    (-,-) 
  g717940/Y             -       B->Y  F     OAI211xp5_ASAP7_75t_R         3  1.5    34    22    1127    (-,-) 
  g717934/Y             -       B->Y  R     AOI211xp5_ASAP7_75t_R         2  1.1    35    23    1150    (-,-) 
  g717928/Y             -       B->Y  F     NAND2xp5_ASAP7_75t_R          4  2.2    31    23    1174    (-,-) 
  g717926/Y             -       A->Y  R     INVx1_ASAP7_75t_R             1  0.6    12    10    1184    (-,-) 
  g717925/Y             -       A->Y  F     NAND4xp25_ASAP7_75t_R         3  1.6    44    23    1206    (-,-) 
  g717921/Y             -       A->Y  R     NOR3xp33_ASAP7_75t_R          3  1.6    47    33    1240    (-,-) 
  g717917/Y             -       B->Y  F     OAI211xp5_ASAP7_75t_R         3  1.7    38    24    1264    (-,-) 
  g717916/Y             -       A->Y  R     NOR3xp33_ASAP7_75t_R          2  1.1    37    26    1290    (-,-) 
  g717914/Y             -       A->Y  R     AND4x1_ASAP7_75t_R            9  5.4    44    47    1337    (-,-) 
  g717913/Y             -       A->Y  F     INVx1_ASAP7_75t_R             7  3.8    28    22    1360    (-,-) 
  g717912/Y             -       A->Y  R     NOR3xp33_ASAP7_75t_R          2  1.1    34    24    1383    (-,-) 
  g717897/Y             -       A->Y  F     NAND3xp33_ASAP7_75t_R         3  1.6    34    25    1408    (-,-) 
  g717885/Y             -       A->Y  F     OR3x1_ASAP7_75t_R             3  1.7    16    33    1440    (-,-) 
  g717868/Y             -       A->Y  F     OR3x1_ASAP7_75t_R             2  1.3    13    26    1467    (-,-) 
  g717865/Y             -       A->Y  R     INVx1_ASAP7_75t_R             2  1.2    11     9    1476    (-,-) 
  g717839/Y             -       A->Y  F     NAND3xp33_ASAP7_75t_R         3  1.8    40    19    1495    (-,-) 
  g717834/Y             -       A->Y  R     INVx1_ASAP7_75t_R             1  0.6    13    11    1506    (-,-) 
  g717828/Y             -       A->Y  F     NAND3xp33_ASAP7_75t_R         2  1.1    30    15    1521    (-,-) 
  g717818/Y             -       B2->Y R     OAI32xp33_ASAP7_75t_R         3  1.6    45    27    1548    (-,-) 
  g717816/Y             -       A->Y  F     INVxp67_ASAP7_75t_R           1  0.5    13    10    1558    (-,-) 
  g717805/Y             -       A1->Y R     OAI221xp5_ASAP7_75t_R         1  0.5    24    17    1575    (-,-) 
  g717803/Y             -       C->Y  F     AOI221xp5_ASAP7_75t_R         1  0.6    25    12    1588    (-,-) 
  g717802/Y             -       A->Y  R     NAND5xp2_ASAP7_75t_R          1  0.6    19    16    1603    (-,-) 
  g717799/Y             -       B->Y  R     AND2x2_ASAP7_75t_R            3  1.5    10    21    1624    (-,-) 
  g717797/Y             -       B->Y  F     NOR2xp33_ASAP7_75t_R          2  1.1    28    15    1639    (-,-) 
  g717793/Y             -       A->Y  R     NAND3xp33_ASAP7_75t_R         9  5.3    65    38    1677    (-,-) 
  g697573/Y             -       A->Y  F     INVx1_ASAP7_75t_R             7  4.1    34    26    1704    (-,-) 
  g690975/Y             -       B2->Y R     AOI22xp5_ASAP7_75t_R          1  0.6    25    16    1720    (-,-) 
  retime_s331_278_reg/D -       -     R     ASYNC_DFFHx1_ASAP7_75t_R      1    -     -     0    1720    (-,-) 
#-------------------------------------------------------------------------------------------------------------



Path 49: MET (77 ps) Setup Check with Pin retime_s402_13_reg/CLK->D
          Group: clk
     Startpoint: (F) mem_d_ack_i
          Clock: (R) clk
       Endpoint: (R) retime_s402_13_reg/D
          Clock: (R) clk

                     Capture       Launch     
        Clock Edge:+    2000            0     
        Drv Adjust:+       0            0     
       Src Latency:+       0            0     
       Net Latency:+       0 (I)        0 (I) 
           Arrival:=    2000            0     
                                              
             Setup:-       5                  
       Uncertainty:-     200                  
     Required Time:=    1795                  
      Launch Clock:-       0                  
       Input Delay:-     300                  
         Data Path:-    1418                  
             Slack:=      77                  

Exceptions/Constraints:
  input_delay             300             riscv_core.sdc_1_line_29_619_1 

#-------------------------------------------------------------------------------------------------------------------------------
#             Timing Point              Flags    Arc    Edge           Cell            Fanout Load Trans Delay Arrival Instance 
#                                                                                             (fF)  (ps)  (ps)   (ps)  Location 
#-------------------------------------------------------------------------------------------------------------------------------
  mem_d_ack_i                           -       -       F     (arrival)                     6  5.0     0     0     300    (-,-) 
  g623287/Y                             -       B->Y    R     NOR2x1p5_ASAP7_75t_R          2  1.8    16     7     307    (-,-) 
  g623234/Y                             -       A->Y    R     OR2x6_ASAP7_75t_R            10  5.8    12    22     329    (-,-) 
  g623201/Y                             -       B->Y    F     NOR2xp33_ASAP7_75t_R          3  1.7    35    20     350    (-,-) 
  g623182/Y                             -       B->Y    F     AO21x1_ASAP7_75t_R            3  2.1    14    25     374    (-,-) 
  g623141/Y                             -       A->Y    R     NOR2x1_ASAP7_75t_R            2  1.9    18    14     388    (-,-) 
  g623117/Y                             -       A->Y    F     NAND3x1_ASAP7_75t_R           3  2.8    23    15     403    (-,-) 
  g623091/Y                             -       A->Y    F     OR2x6_ASAP7_75t_R            31 19.5    25    37     440    (-,-) 
  g623090/Y                             -       A->Y    R     INVx2_ASAP7_75t_R            11  6.2    24    18     458    (-,-) 
  g623063/Y                             -       B2->Y   R     AO22x2_ASAP7_75t_R           24 12.4    41    37     495    (-,-) 
  g730027/Y                             -       B->Y    F     NOR2xp33_ASAP7_75t_R          4  2.3    45    35     530    (-,-) 
  g662877/Y                             -       B->Y    R     NAND2xp5_ASAP7_75t_R          4  1.9    32    26     556    (-,-) 
  g662682/Y                             -       B->Y    R     OR2x2_ASAP7_75t_R             7  4.2    19    28     584    (-,-) 
  g662599/Y                             -       B->Y    F     NOR2xp33_ASAP7_75t_R          3  1.8    48    24     608    (-,-) 
  g662454/Y                             -       A->Y    R     NOR3xp33_ASAP7_75t_R          2  1.3    42    31     639    (-,-) 
  g661916/Y                             -       A->Y    F     NAND3xp33_ASAP7_75t_R         2  1.8    39    28     667    (-,-) 
  g661896/Y                             -       A->Y    R     INVx1_ASAP7_75t_R             2  1.2    17    14     681    (-,-) 
  g661816/Y                             -       A->Y    F     NAND3xp33_ASAP7_75t_R         2  1.8    38    21     702    (-,-) 
  g661768/Y                             -       A->Y    R     INVx1_ASAP7_75t_R             2  1.2    17    14     716    (-,-) 
  g661718/Y                             -       A->Y    R     AND3x1_ASAP7_75t_R            9  5.7    44    39     754    (-,-) 
  g661677/Y                             -       A->Y    F     INVx2_ASAP7_75t_R            24 12.7    39    29     783    (-,-) 
  g661252/Y                             -       A1->Y   R     OAI221xp5_ASAP7_75t_R        10  5.2   103    61     845    (-,-) 
  g719271/Y                             -       A1->Y   R     AO221x1_ASAP7_75t_R          46 25.8   155   108     952    (-,-) 
  u_exec0_u_alu/g45569/Y                -       A->Y    F     INVx1_ASAP7_75t_R            39 23.5   140   104    1057    (-,-) 
  u_exec0_u_alu/sub_57_37_g3919__2346/Y -       C->Y    F     MAJx2_ASAP7_75t_R             2  2.2    15    48    1105    (-,-) 
  u_exec0_u_alu/sub_57_37_g3916__9315/Y -       A->Y    F     MAJx2_ASAP7_75t_R             2  2.2    13    26    1131    (-,-) 
  u_exec0_u_alu/sub_57_37_g3914__4733/Y -       A->Y    F     MAJx2_ASAP7_75t_R             2  1.6    11    24    1155    (-,-) 
  u_exec0_u_alu/sub_57_37_g3912__5115/Y -       A->Y    F     MAJx2_ASAP7_75t_R             2  1.6    11    24    1179    (-,-) 
  u_exec0_u_alu/sub_57_37_g3910__6131/Y -       A->Y    F     MAJx2_ASAP7_75t_R             2  2.2    13    25    1204    (-,-) 
  u_exec0_u_alu/sub_57_37_g3908__8246/Y -       A->Y    F     MAJx2_ASAP7_75t_R             2  1.6    11    24    1229    (-,-) 
  u_exec0_u_alu/sub_57_37_g3906__1705/Y -       A->Y    F     MAJx2_ASAP7_75t_R             2  1.6    11    24    1253    (-,-) 
  u_exec0_u_alu/sub_57_37_g3904__1617/Y -       A->Y    F     MAJx2_ASAP7_75t_R             2  1.6    11    24    1277    (-,-) 
  u_exec0_u_alu/sub_57_37_g3902__6783/Y -       A->Y    F     MAJx2_ASAP7_75t_R             2  1.6    11    24    1301    (-,-) 
  u_exec0_u_alu/sub_57_37_g3900__8428/Y -       A->Y    F     MAJx2_ASAP7_75t_R             2  2.2    13    25    1326    (-,-) 
  u_exec0_u_alu/sub_57_37_g3898__6260/Y -       A->Y    F     MAJx2_ASAP7_75t_R             2  1.6    11    24    1350    (-,-) 
  u_exec0_u_alu/sub_57_37_g3896__2398/Y -       A->Y    F     MAJx2_ASAP7_75t_R             2  1.6    11    24    1374    (-,-) 
  u_exec0_u_alu/sub_57_37_g3894__6417/Y -       A->Y    F     MAJx2_ASAP7_75t_R             2  2.2    12    25    1399    (-,-) 
  u_exec0_u_alu/sub_57_37_g3892__1666/Y -       A->Y    F     MAJx2_ASAP7_75t_R             2  2.2    12    26    1424    (-,-) 
  u_exec0_u_alu/sub_57_37_g3890__2883/Y -       A->Y    F     MAJx2_ASAP7_75t_R             2  1.6    11    24    1449    (-,-) 
  u_exec0_u_alu/sub_57_37_g3888__9315/Y -       A->Y    F     MAJx2_ASAP7_75t_R             2  1.6    11    24    1472    (-,-) 
  u_exec0_u_alu/sub_57_37_g3886__4733/Y -       A->Y    F     MAJx2_ASAP7_75t_R             2  1.6    11    24    1496    (-,-) 
  u_exec0_u_alu/sub_57_37_g3884__5115/Y -       A->Y    F     MAJx2_ASAP7_75t_R             1  1.6    11    24    1520    (-,-) 
  u_exec0_u_alu/g45625/CON              -       CI->CON R     FAx1_ASAP7_75t_R              1  0.3    27    14    1534    (-,-) 
  u_exec0_u_alu/g45626/Y                -       A->Y    F     INVxp33_ASAP7_75t_R           1  1.6    29    21    1556    (-,-) 
  u_exec0_u_alu/g45623/CON              -       CI->CON R     FAx1_ASAP7_75t_R              1  0.3    28    20    1576    (-,-) 
  u_exec0_u_alu/g4/Y                    -       A->Y    F     INVxp33_ASAP7_75t_R           1  2.0    34    25    1600    (-,-) 
  u_exec0_u_alu/g45629/CON              -       A->CON  R     FAx1_ASAP7_75t_R              1  0.7    32    24    1624    (-,-) 
  u_exec0_u_alu/g3/Y                    -       A->Y    F     INVx1_ASAP7_75t_R             2  2.2    18    14    1639    (-,-) 
  u_exec0_u_alu/sub_57_37_g3876__1617/Y -       A->Y    F     MAJx2_ASAP7_75t_R             2  1.6    11    26    1665    (-,-) 
  u_exec0_u_alu/sub_57_37_g3873__5526/Y -       B->Y    F     XNOR2xp5_ASAP7_75t_R          1  0.6    15    18    1683    (-,-) 
  u_exec0_u_alu/g45016__6417/Y          -       B1->Y   F     AO221x1_ASAP7_75t_R           2  1.3    13    24    1706    (-,-) 
  g692864/Y                             -       A2->Y   R     AOI22xp5_ASAP7_75t_R          1  0.6    47    12    1718    (-,-) 
  retime_s402_13_reg/D                  -       -       R     ASYNC_DFFHx1_ASAP7_75t_R      1    -     -     0    1718    (-,-) 
#-------------------------------------------------------------------------------------------------------------------------------



Path 50: MET (78 ps) Setup Check with Pin retime_s241_2_reg/CLK->D
          Group: clk
     Startpoint: (R) u_mul_mul_123_68_retime_s328_7_reg/CLK
          Clock: (R) clk
       Endpoint: (R) retime_s241_2_reg/D
          Clock: (R) clk

                     Capture       Launch     
        Clock Edge:+    2000            0     
       Src Latency:+       0            0     
       Net Latency:+       0 (I)        0 (I) 
           Arrival:=    2000            0     
                                              
             Setup:-       5                  
       Uncertainty:-     200                  
     Required Time:=    1795                  
      Launch Clock:-       0                  
         Data Path:-    1718                  
             Slack:=      78                  

#--------------------------------------------------------------------------------------------------------------------------------
#             Timing Point               Flags    Arc    Edge           Cell            Fanout Load Trans Delay Arrival Instance 
#                                                                                              (fF)  (ps)  (ps)   (ps)  Location 
#--------------------------------------------------------------------------------------------------------------------------------
  u_mul_mul_123_68_retime_s328_7_reg/CLK -       -       R     (arrival)                  9929    -   100     0       0    (-,-) 
  u_mul_mul_123_68_retime_s328_7_reg/QN  -       CLK->QN R     ASYNC_DFFHx1_ASAP7_75t_R     34 19.5   122   111     111    (-,-) 
  u_mul_mul_123_68_g141115/Y             -       A->Y    F     INVx1_ASAP7_75t_R             4  2.7    36    26     137    (-,-) 
  u_mul_mul_123_68_g193237/Y             -       A->Y    F     XOR2x2_ASAP7_75t_R           22 12.8    40    49     186    (-,-) 
  u_mul_mul_123_68_g192893/Y             -       B->Y    R     NOR2xp33_ASAP7_75t_R         20 11.8   237   123     310    (-,-) 
  u_mul_mul_123_68_g192783/Y             -       B->Y    F     NAND2xp5_ASAP7_75t_R          7  3.8    84    63     373    (-,-) 
  u_mul_mul_123_68_g192037/Y             -       A1->Y   R     OAI221xp5_ASAP7_75t_R         2  1.7    58    47     420    (-,-) 
  u_mul_mul_123_68_g191558/Y             -       B->Y    R     XOR2xp5_ASAP7_75t_R           2  1.6    36    33     453    (-,-) 
  u_mul_mul_123_68_g191110/Y             -       B->Y    R     XOR2xp5_ASAP7_75t_R           1  0.9    28    26     478    (-,-) 
  u_mul_mul_123_68_g190890/Y             -       B->Y    R     XNOR2xp5_ASAP7_75t_R          2  1.5    32    22     501    (-,-) 
  u_mul_mul_123_68_g190638/Y             -       B->Y    R     XNOR2xp5_ASAP7_75t_R          3  1.6    32    23     524    (-,-) 
  u_mul_mul_123_68_g190478/Y             -       B->Y    F     NOR2xp33_ASAP7_75t_R          1  0.6    20    17     541    (-,-) 
  u_mul_mul_123_68_g190076/Y             -       A1->Y   R     OAI21xp5_ASAP7_75t_R          2  1.7    25    17     558    (-,-) 
  u_mul_mul_123_68_g190028/Y             -       A->Y    F     MAJIxp5_ASAP7_75t_R           2  1.7    28    20     578    (-,-) 
  u_mul_mul_123_68_g190015/Y             -       A->Y    R     INVx1_ASAP7_75t_R             1  0.6    11     9     588    (-,-) 
  u_mul_mul_123_68_g189974/Y             -       A1->Y   F     AOI21xp5_ASAP7_75t_R          2  1.6    20    13     601    (-,-) 
  u_mul_mul_123_68_g189950/Y             -       A->Y    R     MAJIxp5_ASAP7_75t_R           2  1.7    34    23     623    (-,-) 
  u_mul_mul_123_68_g189940/Y             -       A1->Y   F     AOI21xp5_ASAP7_75t_R          2  1.6    24    18     642    (-,-) 
  u_mul_mul_123_68_g189939/Y             -       A->Y    R     MAJIxp5_ASAP7_75t_R           2  1.7    34    24     666    (-,-) 
  u_mul_mul_123_68_g189936/Y             -       A1->Y   F     AOI21xp5_ASAP7_75t_R          2  1.6    24    19     684    (-,-) 
  u_mul_mul_123_68_g189935/Y             -       A->Y    R     MAJIxp5_ASAP7_75t_R           2  1.8    35    25     709    (-,-) 
  u_mul_mul_123_68_g189934/Y             -       A->Y    F     INVx1_ASAP7_75t_R             1  0.6    10     8     717    (-,-) 
  u_mul_mul_123_68_g189932/Y             -       A->Y    R     MAJIxp5_ASAP7_75t_R           2  1.5    31    18     736    (-,-) 
  u_mul_mul_123_68_g189930/Y             -       A->Y    F     MAJIxp5_ASAP7_75t_R           2  2.2    33    24     760    (-,-) 
  u_mul_mul_123_68_g189928/Y             -       A->Y    R     MAJIxp5_ASAP7_75t_R           2  1.7    36    27     787    (-,-) 
  u_mul_mul_123_68_g189925/Y             -       A1->Y   F     AOI21xp5_ASAP7_75t_R          2  2.3    30    22     809    (-,-) 
  u_mul_mul_123_68_g189924/Y             -       A->Y    R     INVx1_ASAP7_75t_R             1  0.6    11    10     819    (-,-) 
  u_mul_mul_123_68_g189923/Y             -       A->Y    F     MAJIxp5_ASAP7_75t_R           2  1.6    31    16     834    (-,-) 
  u_mul_mul_123_68_g189920/Y             -       A2->Y   R     OAI21xp5_ASAP7_75t_R          2  1.7    29    21     855    (-,-) 
  u_mul_mul_123_68_g189919/Y             -       A->Y    F     MAJIxp5_ASAP7_75t_R           2  1.6    27    21     876    (-,-) 
  u_mul_mul_123_68_g189916/Y             -       A2->Y   R     OAI21xp5_ASAP7_75t_R          2  1.5    26    19     895    (-,-) 
  u_mul_mul_123_68_g189915/Y             -       A->Y    F     MAJIxp5_ASAP7_75t_R           2  2.2    31    23     918    (-,-) 
  u_mul_mul_123_68_g189913/Y             -       A->Y    R     MAJIxp5_ASAP7_75t_R           2  1.5    34    25     943    (-,-) 
  u_mul_mul_123_68_g189910/Y             -       A1->Y   F     AOI21xp5_ASAP7_75t_R          2  2.2    29    22     964    (-,-) 
  u_mul_mul_123_68_g189909/Y             -       A->Y    R     MAJIxp5_ASAP7_75t_R           2  1.6    36    25     989    (-,-) 
  u_mul_mul_123_68_g189908/Y             -       A->Y    F     INVx1_ASAP7_75t_R             1  0.6    11     8     997    (-,-) 
  u_mul_mul_123_68_g189906/Y             -       A->Y    R     MAJIxp5_ASAP7_75t_R           2  1.5    33    18    1016    (-,-) 
  u_mul_mul_123_68_g189903/Y             -       A1->Y   F     AOI21xp5_ASAP7_75t_R          2  2.2    29    21    1037    (-,-) 
  u_mul_mul_123_68_g189902/Y             -       A->Y    R     MAJIxp5_ASAP7_75t_R           2  1.7    35    25    1062    (-,-) 
  u_mul_mul_123_68_g189899/Y             -       A1->Y   F     AOI21xp5_ASAP7_75t_R          2  1.6    24    19    1081    (-,-) 
  u_mul_mul_123_68_g189897/Y             -       A2->Y   R     OAI21xp5_ASAP7_75t_R          2  1.7    27    20    1101    (-,-) 
  u_mul_mul_123_68_g189895/Y             -       A1->Y   F     AOI21xp5_ASAP7_75t_R          2  2.2    27    20    1121    (-,-) 
  u_mul_mul_123_68_g189894/Y             -       A->Y    F     MAJx2_ASAP7_75t_R             2  1.6    11    29    1150    (-,-) 
  u_mul_mul_123_68_g189891/Y             -       A2->Y   R     OAI21xp5_ASAP7_75t_R          2  1.5    25    15    1164    (-,-) 
  u_mul_mul_123_68_g189889/Y             -       A1->Y   F     AOI21xp5_ASAP7_75t_R          2  1.6    22    17    1181    (-,-) 
  u_mul_mul_123_68_g189887/Y             -       A2->Y   F     OA21x2_ASAP7_75t_R            2  1.6     9    22    1203    (-,-) 
  u_mul_mul_123_68_g189885/Y             -       A2->Y   R     OAI21xp5_ASAP7_75t_R          2  1.7    25    15    1218    (-,-) 
  u_mul_mul_123_68_g189884/Y             -       A->Y    F     MAJIxp5_ASAP7_75t_R           2  1.6    26    20    1238    (-,-) 
  u_mul_mul_123_68_g189881/Y             -       A1->Y   R     AOI21xp5_ASAP7_75t_R          2  1.7    26    18    1256    (-,-) 
  u_mul_mul_123_68_g189879/Y             -       A1->Y   F     AOI21xp5_ASAP7_75t_R          2  2.2    27    20    1275    (-,-) 
  u_mul_mul_123_68_g189878/Y             -       A->Y    R     MAJIxp5_ASAP7_75t_R           2  1.7    37    25    1300    (-,-) 
  u_mul_mul_123_68_g189875/Y             -       A1->Y   F     AOI21xp5_ASAP7_75t_R          2  2.2    30    22    1322    (-,-) 
  u_mul_mul_123_68_g189874/Y             -       A->Y    R     MAJIxp5_ASAP7_75t_R           2  1.7    36    26    1348    (-,-) 
  u_mul_mul_123_68_g189871/Y             -       A->Y    F     MAJIxp5_ASAP7_75t_R           2  2.2    34    26    1374    (-,-) 
  u_mul_mul_123_68_g189870/Y             -       A->Y    R     MAJIxp5_ASAP7_75t_R           2  1.7    36    27    1401    (-,-) 
  u_mul_mul_123_68_g189867/Y             -       A2->Y   F     OAI21xp5_ASAP7_75t_R          2  1.6    24    18    1419    (-,-) 
  u_mul_mul_123_68_g189865/Y             -       A1->Y   R     AOI21xp5_ASAP7_75t_R          2  1.5    24    17    1436    (-,-) 
  u_mul_mul_123_68_g189863/Y             -       A1->Y   F     AOI21xp5_ASAP7_75t_R          2  2.3    28    20    1456    (-,-) 
  u_mul_mul_123_68_g189862/Y             -       A->Y    R     INVx1_ASAP7_75t_R             1  0.6    11     9    1465    (-,-) 
  u_mul_mul_123_68_g189861/Y             -       A->Y    F     MAJIxp5_ASAP7_75t_R           2  2.2    36    18    1483    (-,-) 
  u_mul_mul_123_68_g189859/Y             -       A->Y    R     MAJIxp5_ASAP7_75t_R           2  1.7    37    28    1511    (-,-) 
  u_mul_mul_123_68_g189856/Y             -       A1->Y   F     AOI21xp5_ASAP7_75t_R          2  2.2    30    22    1533    (-,-) 
  u_mul_mul_123_68_g189855/Y             -       A->Y    F     MAJx2_ASAP7_75t_R             2  1.6    11    30    1562    (-,-) 
  u_mul_mul_123_68_g189852/Y             -       A2->Y   R     OAI21xp5_ASAP7_75t_R          2  1.5    23    15    1577    (-,-) 
  u_mul_mul_123_68_g189851/Y             -       A->Y    R     MAJx2_ASAP7_75t_R             2  1.5    11    25    1602    (-,-) 
  u_mul_mul_123_68_g189849/Y             -       A->Y    F     MAJIxp5_ASAP7_75t_R           2  2.3    34    19    1620    (-,-) 
  u_mul_mul_123_68_g189848/Y             -       A->Y    R     INVx1_ASAP7_75t_R             1  0.6    12    10    1631    (-,-) 
  u_mul_mul_123_68_g189846/Y             -       A->Y    F     MAJIxp5_ASAP7_75t_R           2  2.2    36    18    1649    (-,-) 
  g730301/SN                             -       CI->SN  F     FAx1_ASAP7_75t_R              1  0.5    26    36    1685    (-,-) 
  g723265/Y                              -       A2->Y   F     AO22x1_ASAP7_75t_R            1  0.6     9    22    1707    (-,-) 
  g692810/Y                              -       A2->Y   R     AOI22xp5_ASAP7_75t_R          1  0.6    47    11    1718    (-,-) 
  retime_s241_2_reg/D                    -       -       R     ASYNC_DFFHx1_ASAP7_75t_R      1    -     -     0    1718    (-,-) 
#--------------------------------------------------------------------------------------------------------------------------------

