============================================================
  Generated by:           Genus(TM) Synthesis Solution 23.13-s073_1
  Generated on:           Dec 16 2025  05:18:26 pm
  Module:                 riscv_core
  Operating conditions:   tt_1.0_25.0 (balanced_tree)
  Wireload mode:          enclosed
  Area mode:              timing library
============================================================


Path 1: VIOLATED (-231 ps) Setup Check with Pin u_frontend_u_npc_BRANCH_PREDICTION.ras_stack_q_reg[3][0]/CLK->D
          Group: clk
     Startpoint: (R) retime_s56_1_reg/CLK
          Clock: (R) clk
       Endpoint: (R) u_frontend_u_npc_BRANCH_PREDICTION.ras_stack_q_reg[3][0]/D
          Clock: (R) clk

                     Capture       Launch     
        Clock Edge:+     500            0     
       Src Latency:+       0            0     
       Net Latency:+       0 (I)        0 (I) 
           Arrival:=     500            0     
                                              
             Setup:-       6                  
       Uncertainty:-      50                  
     Required Time:=     444                  
      Launch Clock:-       0                  
         Data Path:-     675                  
             Slack:=    -231                  

#----------------------------------------------------------------------------------------------------------------------------------------------------
#                       Timing Point                         Flags    Arc    Edge           Cell            Fanout Load Trans Delay Arrival Instance 
#                                                                                                                  (fF)  (ps)  (ps)   (ps)  Location 
#----------------------------------------------------------------------------------------------------------------------------------------------------
  retime_s56_1_reg/CLK                                       -       -       R     (arrival)                 10660    -    25     0       0    (-,-) 
  retime_s56_1_reg/QN                                        -       CLK->QN R     ASYNC_DFFHx1_ASAP7_75t_R      2  2.6    26    52      52    (-,-) 
  fopt12/Y                                                   -       A->Y    R     BUFx6f_ASAP7_75t_R            9  6.1    10    18      70    (-,-) 
  fopt956639/Y                                               -       A->Y    F     INVx2_ASAP7_75t_R             4  2.4     8     7      77    (-,-) 
  g773852/Y                                                  -       A2->Y   F     OA21x2_ASAP7_75t_R            1  1.6     8    18      95    (-,-) 
  g773803/Y                                                  -       A->Y    R     NAND2x1p5_ASAP7_75t_R         3  1.6    12    10     105    (-,-) 
  g776655/Y                                                  -       A->Y    F     INVx1_ASAP7_75t_R             1  0.6     6     6     111    (-,-) 
  g776373/Y                                                  -       A2->Y   F     OA22x2_ASAP7_75t_R            1  1.5     9    18     129    (-,-) 
  g776298/Y                                                  -       C->Y    R     NAND4xp75_ASAP7_75t_R         1  1.6    19    11     140    (-,-) 
  g776287/Y                                                  -       B->Y    F     NOR2x1p5_ASAP7_75t_R          3  4.1    19    15     155    (-,-) 
  g776270/Y                                                  -       C->Y    R     NAND3x1_ASAP7_75t_R           1  1.6    23    20     175    (-,-) 
  g805362/Y                                                  -       B->Y    F     NOR2x1p5_ASAP7_75t_R          2  2.7    15    14     189    (-,-) 
  g805354/Y                                                  -       B->Y    R     NOR2x1p5_ASAP7_75t_R          2  2.7    18    14     203    (-,-) 
  g805352/Y                                                  -       B->Y    F     NAND2x1p5_ASAP7_75t_R         3  1.5    12    10     213    (-,-) 
  g805393/Y                                                  -       B->Y    R     NAND2xp5_ASAP7_75t_R          1  0.7    16    10     223    (-,-) 
  g954697/Y                                                  -       A->Y    F     INVx1_ASAP7_75t_R             1  1.1    10     8     231    (-,-) 
  g953747/Y                                                  -       A->Y    F     OR2x6_ASAP7_75t_R            19 12.6    19    29     260    (-,-) 
  fopt957822/Y                                               -       A->Y    R     INVx2_ASAP7_75t_R             4  2.4    12    10     270    (-,-) 
  g952006/Y                                                  -       A2->Y   R     AO22x2_ASAP7_75t_R            4  6.6    24    27     297    (-,-) 
  fopt956938/Y                                               -       A->Y    F     INVx6_ASAP7_75t_R            16 13.8    17    14     310    (-,-) 
  fopt956912/Y                                               -       A->Y    R     INVx2_ASAP7_75t_R             6  3.1    13    11     321    (-,-) 
  g947220/Y                                                  -       B2->Y   F     AOI221xp5_ASAP7_75t_R         1  0.6    20    11     332    (-,-) 
  g946419/Y                                                  -       B->Y    R     NAND2xp5_ASAP7_75t_R          1  0.4    11    11     343    (-,-) 
  g946145/Y                                                  -       B->Y    F     NOR2xp33_ASAP7_75t_R          1  0.6    16    12     354    (-,-) 
  g945889/Y                                                  -       B->Y    R     NAND2xp5_ASAP7_75t_R          1  1.0    16    13     367    (-,-) 
  g945638/Y                                                  -       A->Y    F     NOR2x1_ASAP7_75t_R            2  1.1    13    12     379    (-,-) 
  g945271/Y                                                  -       B->Y    R     NAND2xp5_ASAP7_75t_R          2  1.0    16    12     391    (-,-) 
  g945175/Y                                                  -       A->Y    F     INVxp67_ASAP7_75t_R           1  0.5     8     7     398    (-,-) 
  g945174/Y                                                  -       A->Y    R     INVxp67_ASAP7_75t_R           3  1.4    15    10     408    (-,-) 
  g944793/Y                                                  -       B->Y    F     NAND3xp33_ASAP7_75t_R         3  1.4    27    18     426    (-,-) 
  g944692/Y                                                  -       B->Y    R     NOR3xp33_ASAP7_75t_R          1  0.7    26    20     446    (-,-) 
  fopt957742/Y                                               -       A->Y    R     BUFx3_ASAP7_75t_R             4  2.6     9    18     464    (-,-) 
  fopt957740/Y                                               -       A->Y    F     INVx2_ASAP7_75t_R             2  1.3     6     5     469    (-,-) 
  g944627/Y                                                  -       B->Y    F     OR2x2_ASAP7_75t_R             1  1.4     9    19     488    (-,-) 
  g944412/Y                                                  -       B->Y    R     OAI21x1_ASAP7_75t_R           3  1.5    17     7     495    (-,-) 
  g944063/Y                                                  -       A1->Y   F     AOI22xp5_ASAP7_75t_R          1  0.6    15    10     505    (-,-) 
  g943973/Y                                                  -       B->Y    R     OAI21xp5_ASAP7_75t_R          2  0.9    16    10     515    (-,-) 
  g943832/Y                                                  -       B->Y    F     NOR2xp33_ASAP7_75t_R          1  0.5    15    12     527    (-,-) 
  g943789/Y                                                  -       B->Y    R     NAND4xp25_ASAP7_75t_R         1  1.0    24    15     542    (-,-) 
  g943764/Y                                                  -       A->Y    F     NOR2x1_ASAP7_75t_R            1  1.3    15    15     557    (-,-) 
  g943751/Y                                                  -       B->Y    R     NAND3x1_ASAP7_75t_R           3  1.7    23    17     574    (-,-) 
  g943739/Y                                                  -       A->Y    R     HB1xp67_ASAP7_75t_R           2  1.0    12    19     593    (-,-) 
  g943717/Y                                                  -       A->Y    F     NAND2xp5_ASAP7_75t_R          1  0.6    20     9     602    (-,-) 
  g831365/Y                                                  -       B1->Y   R     OAI22xp5_ASAP7_75t_R          1  0.6    18    13     615    (-,-) 
  g830865/Y                                                  -       A2->Y   R     AO21x2_ASAP7_75t_R            6  4.1    16    23     638    (-,-) 
  g830820/Y                                                  -       A->Y    F     INVx2_ASAP7_75t_R             4  2.1     9     8     645    (-,-) 
  g830708/Y                                                  -       A->Y    R     NAND2xp5_ASAP7_75t_R          2  1.3    18    13     658    (-,-) 
  g830684/Y                                                  -       A->Y    F     INVx1_ASAP7_75t_R             1  0.6     8     7     665    (-,-) 
  g830566/Y                                                  -       A2->Y   R     AOI22xp5_ASAP7_75t_R          1  0.6    20    10     675    (-,-) 
  u_frontend_u_npc_BRANCH_PREDICTION.ras_stack_q_reg[3][0]/D -       -       R     ASYNC_DFFHx1_ASAP7_75t_R      1    -     -     0     675    (-,-) 
#----------------------------------------------------------------------------------------------------------------------------------------------------



Path 2: VIOLATED (-231 ps) Setup Check with Pin u_frontend_u_npc_BRANCH_PREDICTION.ras_stack_q_reg[1][0]/CLK->D
          Group: clk
     Startpoint: (R) retime_s56_1_reg/CLK
          Clock: (R) clk
       Endpoint: (R) u_frontend_u_npc_BRANCH_PREDICTION.ras_stack_q_reg[1][0]/D
          Clock: (R) clk

                     Capture       Launch     
        Clock Edge:+     500            0     
       Src Latency:+       0            0     
       Net Latency:+       0 (I)        0 (I) 
           Arrival:=     500            0     
                                              
             Setup:-       6                  
       Uncertainty:-      50                  
     Required Time:=     444                  
      Launch Clock:-       0                  
         Data Path:-     675                  
             Slack:=    -231                  

#----------------------------------------------------------------------------------------------------------------------------------------------------
#                       Timing Point                         Flags    Arc    Edge           Cell            Fanout Load Trans Delay Arrival Instance 
#                                                                                                                  (fF)  (ps)  (ps)   (ps)  Location 
#----------------------------------------------------------------------------------------------------------------------------------------------------
  retime_s56_1_reg/CLK                                       -       -       R     (arrival)                 10660    -    25     0       0    (-,-) 
  retime_s56_1_reg/QN                                        -       CLK->QN R     ASYNC_DFFHx1_ASAP7_75t_R      2  2.6    26    52      52    (-,-) 
  fopt12/Y                                                   -       A->Y    R     BUFx6f_ASAP7_75t_R            9  6.1    10    18      70    (-,-) 
  fopt956639/Y                                               -       A->Y    F     INVx2_ASAP7_75t_R             4  2.4     8     7      77    (-,-) 
  g773852/Y                                                  -       A2->Y   F     OA21x2_ASAP7_75t_R            1  1.6     8    18      95    (-,-) 
  g773803/Y                                                  -       A->Y    R     NAND2x1p5_ASAP7_75t_R         3  1.6    12    10     105    (-,-) 
  g776655/Y                                                  -       A->Y    F     INVx1_ASAP7_75t_R             1  0.6     6     6     111    (-,-) 
  g776373/Y                                                  -       A2->Y   F     OA22x2_ASAP7_75t_R            1  1.5     9    18     129    (-,-) 
  g776298/Y                                                  -       C->Y    R     NAND4xp75_ASAP7_75t_R         1  1.6    19    11     140    (-,-) 
  g776287/Y                                                  -       B->Y    F     NOR2x1p5_ASAP7_75t_R          3  4.1    19    15     155    (-,-) 
  g776270/Y                                                  -       C->Y    R     NAND3x1_ASAP7_75t_R           1  1.6    23    20     175    (-,-) 
  g805362/Y                                                  -       B->Y    F     NOR2x1p5_ASAP7_75t_R          2  2.7    15    14     189    (-,-) 
  g805354/Y                                                  -       B->Y    R     NOR2x1p5_ASAP7_75t_R          2  2.7    18    14     203    (-,-) 
  g805352/Y                                                  -       B->Y    F     NAND2x1p5_ASAP7_75t_R         3  1.5    12    10     213    (-,-) 
  g805393/Y                                                  -       B->Y    R     NAND2xp5_ASAP7_75t_R          1  0.7    16    10     223    (-,-) 
  g954697/Y                                                  -       A->Y    F     INVx1_ASAP7_75t_R             1  1.1    10     8     231    (-,-) 
  g953747/Y                                                  -       A->Y    F     OR2x6_ASAP7_75t_R            19 12.6    19    29     260    (-,-) 
  fopt957822/Y                                               -       A->Y    R     INVx2_ASAP7_75t_R             4  2.4    12    10     270    (-,-) 
  g952006/Y                                                  -       A2->Y   R     AO22x2_ASAP7_75t_R            4  6.6    24    27     297    (-,-) 
  fopt956938/Y                                               -       A->Y    F     INVx6_ASAP7_75t_R            16 13.8    17    14     310    (-,-) 
  fopt956912/Y                                               -       A->Y    R     INVx2_ASAP7_75t_R             6  3.1    13    11     321    (-,-) 
  g947220/Y                                                  -       B2->Y   F     AOI221xp5_ASAP7_75t_R         1  0.6    20    11     332    (-,-) 
  g946419/Y                                                  -       B->Y    R     NAND2xp5_ASAP7_75t_R          1  0.4    11    11     343    (-,-) 
  g946145/Y                                                  -       B->Y    F     NOR2xp33_ASAP7_75t_R          1  0.6    16    12     354    (-,-) 
  g945889/Y                                                  -       B->Y    R     NAND2xp5_ASAP7_75t_R          1  1.0    16    13     367    (-,-) 
  g945638/Y                                                  -       A->Y    F     NOR2x1_ASAP7_75t_R            2  1.1    13    12     379    (-,-) 
  g945271/Y                                                  -       B->Y    R     NAND2xp5_ASAP7_75t_R          2  1.0    16    12     391    (-,-) 
  g945175/Y                                                  -       A->Y    F     INVxp67_ASAP7_75t_R           1  0.5     8     7     398    (-,-) 
  g945174/Y                                                  -       A->Y    R     INVxp67_ASAP7_75t_R           3  1.4    15    10     408    (-,-) 
  g944793/Y                                                  -       B->Y    F     NAND3xp33_ASAP7_75t_R         3  1.4    27    18     426    (-,-) 
  g944692/Y                                                  -       B->Y    R     NOR3xp33_ASAP7_75t_R          1  0.7    26    20     446    (-,-) 
  fopt957742/Y                                               -       A->Y    R     BUFx3_ASAP7_75t_R             4  2.6     9    18     464    (-,-) 
  fopt957740/Y                                               -       A->Y    F     INVx2_ASAP7_75t_R             2  1.3     6     5     469    (-,-) 
  g944627/Y                                                  -       B->Y    F     OR2x2_ASAP7_75t_R             1  1.4     9    19     488    (-,-) 
  g944412/Y                                                  -       B->Y    R     OAI21x1_ASAP7_75t_R           3  1.5    17     7     495    (-,-) 
  g944063/Y                                                  -       A1->Y   F     AOI22xp5_ASAP7_75t_R          1  0.6    15    10     505    (-,-) 
  g943973/Y                                                  -       B->Y    R     OAI21xp5_ASAP7_75t_R          2  0.9    16    10     515    (-,-) 
  g943832/Y                                                  -       B->Y    F     NOR2xp33_ASAP7_75t_R          1  0.5    15    12     527    (-,-) 
  g943789/Y                                                  -       B->Y    R     NAND4xp25_ASAP7_75t_R         1  1.0    24    15     542    (-,-) 
  g943764/Y                                                  -       A->Y    F     NOR2x1_ASAP7_75t_R            1  1.3    15    15     557    (-,-) 
  g943751/Y                                                  -       B->Y    R     NAND3x1_ASAP7_75t_R           3  1.7    23    17     574    (-,-) 
  g943739/Y                                                  -       A->Y    R     HB1xp67_ASAP7_75t_R           2  1.0    12    19     593    (-,-) 
  g943717/Y                                                  -       A->Y    F     NAND2xp5_ASAP7_75t_R          1  0.6    20     9     602    (-,-) 
  g831365/Y                                                  -       B1->Y   R     OAI22xp5_ASAP7_75t_R          1  0.6    18    13     615    (-,-) 
  g830865/Y                                                  -       A2->Y   R     AO21x2_ASAP7_75t_R            6  4.1    16    23     638    (-,-) 
  g830820/Y                                                  -       A->Y    F     INVx2_ASAP7_75t_R             4  2.1     9     8     645    (-,-) 
  g830714/Y                                                  -       A->Y    R     NAND2xp5_ASAP7_75t_R          2  1.3    18    13     658    (-,-) 
  g830687/Y                                                  -       A->Y    F     INVx1_ASAP7_75t_R             1  0.6     8     7     665    (-,-) 
  g830586/Y                                                  -       A2->Y   R     AOI22xp5_ASAP7_75t_R          1  0.6    20    10     675    (-,-) 
  u_frontend_u_npc_BRANCH_PREDICTION.ras_stack_q_reg[1][0]/D -       -       R     ASYNC_DFFHx1_ASAP7_75t_R      1    -     -     0     675    (-,-) 
#----------------------------------------------------------------------------------------------------------------------------------------------------



Path 3: VIOLATED (-231 ps) Setup Check with Pin u_frontend_u_npc_BRANCH_PREDICTION.ras_stack_q_reg[0][0]/CLK->D
          Group: clk
     Startpoint: (R) retime_s56_1_reg/CLK
          Clock: (R) clk
       Endpoint: (R) u_frontend_u_npc_BRANCH_PREDICTION.ras_stack_q_reg[0][0]/D
          Clock: (R) clk

                     Capture       Launch     
        Clock Edge:+     500            0     
       Src Latency:+       0            0     
       Net Latency:+       0 (I)        0 (I) 
           Arrival:=     500            0     
                                              
             Setup:-       6                  
       Uncertainty:-      50                  
     Required Time:=     444                  
      Launch Clock:-       0                  
         Data Path:-     675                  
             Slack:=    -231                  

#----------------------------------------------------------------------------------------------------------------------------------------------------
#                       Timing Point                         Flags    Arc    Edge           Cell            Fanout Load Trans Delay Arrival Instance 
#                                                                                                                  (fF)  (ps)  (ps)   (ps)  Location 
#----------------------------------------------------------------------------------------------------------------------------------------------------
  retime_s56_1_reg/CLK                                       -       -       R     (arrival)                 10660    -    25     0       0    (-,-) 
  retime_s56_1_reg/QN                                        -       CLK->QN R     ASYNC_DFFHx1_ASAP7_75t_R      2  2.6    26    52      52    (-,-) 
  fopt12/Y                                                   -       A->Y    R     BUFx6f_ASAP7_75t_R            9  6.1    10    18      70    (-,-) 
  fopt956639/Y                                               -       A->Y    F     INVx2_ASAP7_75t_R             4  2.4     8     7      77    (-,-) 
  g773852/Y                                                  -       A2->Y   F     OA21x2_ASAP7_75t_R            1  1.6     8    18      95    (-,-) 
  g773803/Y                                                  -       A->Y    R     NAND2x1p5_ASAP7_75t_R         3  1.6    12    10     105    (-,-) 
  g776655/Y                                                  -       A->Y    F     INVx1_ASAP7_75t_R             1  0.6     6     6     111    (-,-) 
  g776373/Y                                                  -       A2->Y   F     OA22x2_ASAP7_75t_R            1  1.5     9    18     129    (-,-) 
  g776298/Y                                                  -       C->Y    R     NAND4xp75_ASAP7_75t_R         1  1.6    19    11     140    (-,-) 
  g776287/Y                                                  -       B->Y    F     NOR2x1p5_ASAP7_75t_R          3  4.1    19    15     155    (-,-) 
  g776270/Y                                                  -       C->Y    R     NAND3x1_ASAP7_75t_R           1  1.6    23    20     175    (-,-) 
  g805362/Y                                                  -       B->Y    F     NOR2x1p5_ASAP7_75t_R          2  2.7    15    14     189    (-,-) 
  g805354/Y                                                  -       B->Y    R     NOR2x1p5_ASAP7_75t_R          2  2.7    18    14     203    (-,-) 
  g805352/Y                                                  -       B->Y    F     NAND2x1p5_ASAP7_75t_R         3  1.5    12    10     213    (-,-) 
  g805393/Y                                                  -       B->Y    R     NAND2xp5_ASAP7_75t_R          1  0.7    16    10     223    (-,-) 
  g954697/Y                                                  -       A->Y    F     INVx1_ASAP7_75t_R             1  1.1    10     8     231    (-,-) 
  g953747/Y                                                  -       A->Y    F     OR2x6_ASAP7_75t_R            19 12.6    19    29     260    (-,-) 
  fopt957822/Y                                               -       A->Y    R     INVx2_ASAP7_75t_R             4  2.4    12    10     270    (-,-) 
  g952006/Y                                                  -       A2->Y   R     AO22x2_ASAP7_75t_R            4  6.6    24    27     297    (-,-) 
  fopt956938/Y                                               -       A->Y    F     INVx6_ASAP7_75t_R            16 13.8    17    14     310    (-,-) 
  fopt956912/Y                                               -       A->Y    R     INVx2_ASAP7_75t_R             6  3.1    13    11     321    (-,-) 
  g947220/Y                                                  -       B2->Y   F     AOI221xp5_ASAP7_75t_R         1  0.6    20    11     332    (-,-) 
  g946419/Y                                                  -       B->Y    R     NAND2xp5_ASAP7_75t_R          1  0.4    11    11     343    (-,-) 
  g946145/Y                                                  -       B->Y    F     NOR2xp33_ASAP7_75t_R          1  0.6    16    12     354    (-,-) 
  g945889/Y                                                  -       B->Y    R     NAND2xp5_ASAP7_75t_R          1  1.0    16    13     367    (-,-) 
  g945638/Y                                                  -       A->Y    F     NOR2x1_ASAP7_75t_R            2  1.1    13    12     379    (-,-) 
  g945271/Y                                                  -       B->Y    R     NAND2xp5_ASAP7_75t_R          2  1.0    16    12     391    (-,-) 
  g945175/Y                                                  -       A->Y    F     INVxp67_ASAP7_75t_R           1  0.5     8     7     398    (-,-) 
  g945174/Y                                                  -       A->Y    R     INVxp67_ASAP7_75t_R           3  1.4    15    10     408    (-,-) 
  g944793/Y                                                  -       B->Y    F     NAND3xp33_ASAP7_75t_R         3  1.4    27    18     426    (-,-) 
  g944692/Y                                                  -       B->Y    R     NOR3xp33_ASAP7_75t_R          1  0.7    26    20     446    (-,-) 
  fopt957742/Y                                               -       A->Y    R     BUFx3_ASAP7_75t_R             4  2.6     9    18     464    (-,-) 
  fopt957740/Y                                               -       A->Y    F     INVx2_ASAP7_75t_R             2  1.3     6     5     469    (-,-) 
  g944627/Y                                                  -       B->Y    F     OR2x2_ASAP7_75t_R             1  1.4     9    19     488    (-,-) 
  g944412/Y                                                  -       B->Y    R     OAI21x1_ASAP7_75t_R           3  1.5    17     7     495    (-,-) 
  g944063/Y                                                  -       A1->Y   F     AOI22xp5_ASAP7_75t_R          1  0.6    15    10     505    (-,-) 
  g943973/Y                                                  -       B->Y    R     OAI21xp5_ASAP7_75t_R          2  0.9    16    10     515    (-,-) 
  g943832/Y                                                  -       B->Y    F     NOR2xp33_ASAP7_75t_R          1  0.5    15    12     527    (-,-) 
  g943789/Y                                                  -       B->Y    R     NAND4xp25_ASAP7_75t_R         1  1.0    24    15     542    (-,-) 
  g943764/Y                                                  -       A->Y    F     NOR2x1_ASAP7_75t_R            1  1.3    15    15     557    (-,-) 
  g943751/Y                                                  -       B->Y    R     NAND3x1_ASAP7_75t_R           3  1.7    23    17     574    (-,-) 
  g943739/Y                                                  -       A->Y    R     HB1xp67_ASAP7_75t_R           2  1.0    12    19     593    (-,-) 
  g943717/Y                                                  -       A->Y    F     NAND2xp5_ASAP7_75t_R          1  0.6    20     9     602    (-,-) 
  g831365/Y                                                  -       B1->Y   R     OAI22xp5_ASAP7_75t_R          1  0.6    18    13     615    (-,-) 
  g830865/Y                                                  -       A2->Y   R     AO21x2_ASAP7_75t_R            6  4.1    16    23     638    (-,-) 
  g830820/Y                                                  -       A->Y    F     INVx2_ASAP7_75t_R             4  2.1     9     8     645    (-,-) 
  g830705/Y                                                  -       A->Y    R     NAND2xp5_ASAP7_75t_R          2  1.3    18    13     658    (-,-) 
  g830681/Y                                                  -       A->Y    F     INVx1_ASAP7_75t_R             1  0.6     8     7     665    (-,-) 
  g830585/Y                                                  -       A2->Y   R     AOI22xp5_ASAP7_75t_R          1  0.6    20    10     675    (-,-) 
  u_frontend_u_npc_BRANCH_PREDICTION.ras_stack_q_reg[0][0]/D -       -       R     ASYNC_DFFHx1_ASAP7_75t_R      1    -     -     0     675    (-,-) 
#----------------------------------------------------------------------------------------------------------------------------------------------------



Path 4: VIOLATED (-231 ps) Setup Check with Pin u_frontend_u_npc_BRANCH_PREDICTION.ras_stack_q_reg[5][0]/CLK->D
          Group: clk
     Startpoint: (R) retime_s56_1_reg/CLK
          Clock: (R) clk
       Endpoint: (R) u_frontend_u_npc_BRANCH_PREDICTION.ras_stack_q_reg[5][0]/D
          Clock: (R) clk

                     Capture       Launch     
        Clock Edge:+     500            0     
       Src Latency:+       0            0     
       Net Latency:+       0 (I)        0 (I) 
           Arrival:=     500            0     
                                              
             Setup:-       6                  
       Uncertainty:-      50                  
     Required Time:=     444                  
      Launch Clock:-       0                  
         Data Path:-     675                  
             Slack:=    -231                  

#----------------------------------------------------------------------------------------------------------------------------------------------------
#                       Timing Point                         Flags    Arc    Edge           Cell            Fanout Load Trans Delay Arrival Instance 
#                                                                                                                  (fF)  (ps)  (ps)   (ps)  Location 
#----------------------------------------------------------------------------------------------------------------------------------------------------
  retime_s56_1_reg/CLK                                       -       -       R     (arrival)                 10660    -    25     0       0    (-,-) 
  retime_s56_1_reg/QN                                        -       CLK->QN R     ASYNC_DFFHx1_ASAP7_75t_R      2  2.6    26    52      52    (-,-) 
  fopt12/Y                                                   -       A->Y    R     BUFx6f_ASAP7_75t_R            9  6.1    10    18      70    (-,-) 
  fopt956639/Y                                               -       A->Y    F     INVx2_ASAP7_75t_R             4  2.4     8     7      77    (-,-) 
  g773852/Y                                                  -       A2->Y   F     OA21x2_ASAP7_75t_R            1  1.6     8    18      95    (-,-) 
  g773803/Y                                                  -       A->Y    R     NAND2x1p5_ASAP7_75t_R         3  1.6    12    10     105    (-,-) 
  g776655/Y                                                  -       A->Y    F     INVx1_ASAP7_75t_R             1  0.6     6     6     111    (-,-) 
  g776373/Y                                                  -       A2->Y   F     OA22x2_ASAP7_75t_R            1  1.5     9    18     129    (-,-) 
  g776298/Y                                                  -       C->Y    R     NAND4xp75_ASAP7_75t_R         1  1.6    19    11     140    (-,-) 
  g776287/Y                                                  -       B->Y    F     NOR2x1p5_ASAP7_75t_R          3  4.1    19    15     155    (-,-) 
  g776270/Y                                                  -       C->Y    R     NAND3x1_ASAP7_75t_R           1  1.6    23    20     175    (-,-) 
  g805362/Y                                                  -       B->Y    F     NOR2x1p5_ASAP7_75t_R          2  2.7    15    14     189    (-,-) 
  g805354/Y                                                  -       B->Y    R     NOR2x1p5_ASAP7_75t_R          2  2.7    18    14     203    (-,-) 
  g805352/Y                                                  -       B->Y    F     NAND2x1p5_ASAP7_75t_R         3  1.5    12    10     213    (-,-) 
  g805393/Y                                                  -       B->Y    R     NAND2xp5_ASAP7_75t_R          1  0.7    16    10     223    (-,-) 
  g954697/Y                                                  -       A->Y    F     INVx1_ASAP7_75t_R             1  1.1    10     8     231    (-,-) 
  g953747/Y                                                  -       A->Y    F     OR2x6_ASAP7_75t_R            19 12.6    19    29     260    (-,-) 
  fopt957823/Y                                               -       A->Y    R     INVxp67_ASAP7_75t_R           1  0.6    11     9     269    (-,-) 
  g952015/Y                                                  -       A2->Y   F     AOI22xp5_ASAP7_75t_R          2  2.0    27    16     285    (-,-) 
  fopt957450/Y                                               -       A->Y    F     BUFx6f_ASAP7_75t_R            9  7.3    10    20     305    (-,-) 
  fopt957436/Y                                               -       A->Y    R     INVx2_ASAP7_75t_R             4  1.6     8     7     312    (-,-) 
  fopt957434/Y                                               -       A->Y    R     HB1xp67_ASAP7_75t_R           2  1.0    12    15     327    (-,-) 
  fopt957432/Y                                               -       A->Y    F     INVxp67_ASAP7_75t_R           1  0.5     7     6     334    (-,-) 
  g947025/Y                                                  -       A1->Y   R     AOI211xp5_ASAP7_75t_R         1  0.5    22    12     345    (-,-) 
  g946309/Y                                                  -       B->Y    F     NAND4xp25_ASAP7_75t_R         1  1.4    40    25     370    (-,-) 
  g945621/Y                                                  -       B->Y    R     NOR3x1_ASAP7_75t_R            2  1.0    19    17     387    (-,-) 
  g945263/Y                                                  -       A->Y    F     NAND2xp5_ASAP7_75t_R          2  1.1    16    12     399    (-,-) 
  g944907/Y                                                  -       B->Y    R     NAND2xp5_ASAP7_75t_R          1  0.8    14    12     411    (-,-) 
  g944853/Y                                                  -       A->Y    F     NOR2xp67_ASAP7_75t_R          1  0.6    12    12     422    (-,-) 
  g944712/Y                                                  -       A->Y    R     NAND3xp33_ASAP7_75t_R         1  1.0    17    12     434    (-,-) 
  g944594/Y                                                  -       A->Y    F     NOR2x1_ASAP7_75t_R            1  1.1    13    12     447    (-,-) 
  g944568/Y                                                  -       B->Y    F     AND2x4_ASAP7_75t_R           11  8.1    15    22     469    (-,-) 
  fopt956835/Y                                               -       A->Y    R     INVx1_ASAP7_75t_R             2  1.3    12    10     479    (-,-) 
  g944300/Y                                                  -       A1->Y   F     O2A1O1Ixp33_ASAP7_75t_R       2  0.9    16    11     490    (-,-) 
  g944063/Y                                                  -       B2->Y   R     AOI22xp5_ASAP7_75t_R          1  0.6    16    12     502    (-,-) 
  g943973/Y                                                  -       B->Y    F     OAI21xp5_ASAP7_75t_R          2  0.9    14    11     513    (-,-) 
  g943832/Y                                                  -       B->Y    R     NOR2xp33_ASAP7_75t_R          1  0.5    16    12     525    (-,-) 
  g943789/Y                                                  -       B->Y    F     NAND4xp25_ASAP7_75t_R         1  1.1    34    21     546    (-,-) 
  g943764/Y                                                  -       A->Y    R     NOR2x1_ASAP7_75t_R            1  1.4    17    16     563    (-,-) 
  g943751/Y                                                  -       B->Y    F     NAND3x1_ASAP7_75t_R           3  1.6    15    12     575    (-,-) 
  g943708/Y                                                  -       A2->Y   F     AO21x1_ASAP7_75t_R            1  1.2    10    18     592    (-,-) 
  g943689/Y                                                  -       B->Y    R     AOI21x1_ASAP7_75t_R           1  1.6    16    11     604    (-,-) 
  g943666/Y                                                  -       B->Y    F     NAND2x1p5_ASAP7_75t_R         3  2.0    13    10     614    (-,-) 
  g836960/Y                                                  -       B->Y    R     NAND2xp5_ASAP7_75t_R          2  1.6    22    15     628    (-,-) 
  g835775/Y                                                  -       B->Y    F     NOR2xp67_ASAP7_75t_R          2  1.2    17    14     643    (-,-) 
  g830707/Y                                                  -       B->Y    R     NAND2xp5_ASAP7_75t_R          2  1.3    19    15     658    (-,-) 
  g830683/Y                                                  -       A->Y    F     INVx1_ASAP7_75t_R             1  0.6     8     7     664    (-,-) 
  g830587/Y                                                  -       A2->Y   R     AOI22xp5_ASAP7_75t_R          1  0.6    20    10     675    (-,-) 
  u_frontend_u_npc_BRANCH_PREDICTION.ras_stack_q_reg[5][0]/D -       -       R     ASYNC_DFFHx1_ASAP7_75t_R      1    -     -     0     675    (-,-) 
#----------------------------------------------------------------------------------------------------------------------------------------------------



Path 5: VIOLATED (-230 ps) Setup Check with Pin u_frontend_u_npc_BRANCH_PREDICTION.ras_stack_q_reg[7][0]/CLK->D
          Group: clk
     Startpoint: (R) retime_s56_1_reg/CLK
          Clock: (R) clk
       Endpoint: (R) u_frontend_u_npc_BRANCH_PREDICTION.ras_stack_q_reg[7][0]/D
          Clock: (R) clk

                     Capture       Launch     
        Clock Edge:+     500            0     
       Src Latency:+       0            0     
       Net Latency:+       0 (I)        0 (I) 
           Arrival:=     500            0     
                                              
             Setup:-       6                  
       Uncertainty:-      50                  
     Required Time:=     444                  
      Launch Clock:-       0                  
         Data Path:-     674                  
             Slack:=    -230                  

#----------------------------------------------------------------------------------------------------------------------------------------------------
#                       Timing Point                         Flags    Arc    Edge           Cell            Fanout Load Trans Delay Arrival Instance 
#                                                                                                                  (fF)  (ps)  (ps)   (ps)  Location 
#----------------------------------------------------------------------------------------------------------------------------------------------------
  retime_s56_1_reg/CLK                                       -       -       R     (arrival)                 10660    -    25     0       0    (-,-) 
  retime_s56_1_reg/QN                                        -       CLK->QN R     ASYNC_DFFHx1_ASAP7_75t_R      2  2.6    26    52      52    (-,-) 
  fopt12/Y                                                   -       A->Y    R     BUFx6f_ASAP7_75t_R            9  6.1    10    18      70    (-,-) 
  fopt956639/Y                                               -       A->Y    F     INVx2_ASAP7_75t_R             4  2.4     8     7      77    (-,-) 
  g773852/Y                                                  -       A2->Y   F     OA21x2_ASAP7_75t_R            1  1.6     8    18      95    (-,-) 
  g773803/Y                                                  -       A->Y    R     NAND2x1p5_ASAP7_75t_R         3  1.6    12    10     105    (-,-) 
  g776655/Y                                                  -       A->Y    F     INVx1_ASAP7_75t_R             1  0.6     6     6     111    (-,-) 
  g776373/Y                                                  -       A2->Y   F     OA22x2_ASAP7_75t_R            1  1.5     9    18     129    (-,-) 
  g776298/Y                                                  -       C->Y    R     NAND4xp75_ASAP7_75t_R         1  1.6    19    11     140    (-,-) 
  g776287/Y                                                  -       B->Y    F     NOR2x1p5_ASAP7_75t_R          3  4.1    19    15     155    (-,-) 
  g776270/Y                                                  -       C->Y    R     NAND3x1_ASAP7_75t_R           1  1.6    23    20     175    (-,-) 
  g805362/Y                                                  -       B->Y    F     NOR2x1p5_ASAP7_75t_R          2  2.7    15    14     189    (-,-) 
  g805354/Y                                                  -       B->Y    R     NOR2x1p5_ASAP7_75t_R          2  2.7    18    14     203    (-,-) 
  g805352/Y                                                  -       B->Y    F     NAND2x1p5_ASAP7_75t_R         3  1.5    12    10     213    (-,-) 
  g805393/Y                                                  -       B->Y    R     NAND2xp5_ASAP7_75t_R          1  0.7    16    10     223    (-,-) 
  g954697/Y                                                  -       A->Y    F     INVx1_ASAP7_75t_R             1  1.1    10     8     231    (-,-) 
  g953747/Y                                                  -       A->Y    F     OR2x6_ASAP7_75t_R            19 12.6    19    29     260    (-,-) 
  fopt957823/Y                                               -       A->Y    R     INVxp67_ASAP7_75t_R           1  0.6    11     9     269    (-,-) 
  g952015/Y                                                  -       A2->Y   F     AOI22xp5_ASAP7_75t_R          2  2.0    27    16     285    (-,-) 
  fopt957450/Y                                               -       A->Y    F     BUFx6f_ASAP7_75t_R            9  7.3    10    20     305    (-,-) 
  fopt957436/Y                                               -       A->Y    R     INVx2_ASAP7_75t_R             4  1.6     8     7     312    (-,-) 
  fopt957434/Y                                               -       A->Y    R     HB1xp67_ASAP7_75t_R           2  1.0    12    15     327    (-,-) 
  fopt957432/Y                                               -       A->Y    F     INVxp67_ASAP7_75t_R           1  0.5     7     6     334    (-,-) 
  g947025/Y                                                  -       A1->Y   R     AOI211xp5_ASAP7_75t_R         1  0.5    22    12     345    (-,-) 
  g946309/Y                                                  -       B->Y    F     NAND4xp25_ASAP7_75t_R         1  1.4    40    25     370    (-,-) 
  g945621/Y                                                  -       B->Y    R     NOR3x1_ASAP7_75t_R            2  1.0    19    17     387    (-,-) 
  g945263/Y                                                  -       A->Y    F     NAND2xp5_ASAP7_75t_R          2  1.1    16    12     399    (-,-) 
  g944907/Y                                                  -       B->Y    R     NAND2xp5_ASAP7_75t_R          1  0.8    14    12     411    (-,-) 
  g944853/Y                                                  -       A->Y    F     NOR2xp67_ASAP7_75t_R          1  0.6    12    12     422    (-,-) 
  g944712/Y                                                  -       A->Y    R     NAND3xp33_ASAP7_75t_R         1  1.0    17    12     434    (-,-) 
  g944594/Y                                                  -       A->Y    F     NOR2x1_ASAP7_75t_R            1  1.1    13    12     447    (-,-) 
  g944568/Y                                                  -       B->Y    F     AND2x4_ASAP7_75t_R           11  8.1    15    22     469    (-,-) 
  fopt956835/Y                                               -       A->Y    R     INVx1_ASAP7_75t_R             2  1.3    12    10     479    (-,-) 
  g944300/Y                                                  -       A1->Y   F     O2A1O1Ixp33_ASAP7_75t_R       2  0.9    16    11     490    (-,-) 
  g944063/Y                                                  -       B2->Y   R     AOI22xp5_ASAP7_75t_R          1  0.6    16    12     502    (-,-) 
  g943973/Y                                                  -       B->Y    F     OAI21xp5_ASAP7_75t_R          2  0.9    14    11     513    (-,-) 
  g943832/Y                                                  -       B->Y    R     NOR2xp33_ASAP7_75t_R          1  0.5    16    12     525    (-,-) 
  g943789/Y                                                  -       B->Y    F     NAND4xp25_ASAP7_75t_R         1  1.1    34    21     546    (-,-) 
  g943764/Y                                                  -       A->Y    R     NOR2x1_ASAP7_75t_R            1  1.4    17    16     563    (-,-) 
  g943751/Y                                                  -       B->Y    F     NAND3x1_ASAP7_75t_R           3  1.6    15    12     575    (-,-) 
  g943708/Y                                                  -       A2->Y   F     AO21x1_ASAP7_75t_R            1  1.2    10    18     592    (-,-) 
  g943689/Y                                                  -       B->Y    R     AOI21x1_ASAP7_75t_R           1  1.6    16    11     604    (-,-) 
  g943666/Y                                                  -       B->Y    F     NAND2x1p5_ASAP7_75t_R         3  2.0    13    10     614    (-,-) 
  g836960/Y                                                  -       B->Y    R     NAND2xp5_ASAP7_75t_R          2  1.6    22    15     628    (-,-) 
  g835796/Y                                                  -       B->Y    F     NOR2xp67_ASAP7_75t_R          2  1.2    16    14     643    (-,-) 
  g830711/Y                                                  -       B->Y    R     NAND2xp5_ASAP7_75t_R          2  1.3    19    14     657    (-,-) 
  g830685/Y                                                  -       A->Y    F     INVx1_ASAP7_75t_R             1  0.6     8     7     664    (-,-) 
  g830591/Y                                                  -       A2->Y   R     AOI22xp5_ASAP7_75t_R          1  0.6    20    10     674    (-,-) 
  u_frontend_u_npc_BRANCH_PREDICTION.ras_stack_q_reg[7][0]/D -       -       R     ASYNC_DFFHx1_ASAP7_75t_R      1    -     -     0     674    (-,-) 
#----------------------------------------------------------------------------------------------------------------------------------------------------



Path 6: VIOLATED (-230 ps) Setup Check with Pin u_frontend_u_npc_BRANCH_PREDICTION.ras_stack_q_reg[6][0]/CLK->D
          Group: clk
     Startpoint: (R) retime_s56_1_reg/CLK
          Clock: (R) clk
       Endpoint: (F) u_frontend_u_npc_BRANCH_PREDICTION.ras_stack_q_reg[6][0]/D
          Clock: (R) clk

                     Capture       Launch     
        Clock Edge:+     500            0     
       Src Latency:+       0            0     
       Net Latency:+       0 (I)        0 (I) 
           Arrival:=     500            0     
                                              
             Setup:-       5                  
       Uncertainty:-      50                  
     Required Time:=     445                  
      Launch Clock:-       0                  
         Data Path:-     675                  
             Slack:=    -230                  

#----------------------------------------------------------------------------------------------------------------------------------------------------
#                       Timing Point                         Flags    Arc    Edge           Cell            Fanout Load Trans Delay Arrival Instance 
#                                                                                                                  (fF)  (ps)  (ps)   (ps)  Location 
#----------------------------------------------------------------------------------------------------------------------------------------------------
  retime_s56_1_reg/CLK                                       -       -       R     (arrival)                 10660    -    25     0       0    (-,-) 
  retime_s56_1_reg/QN                                        -       CLK->QN R     ASYNC_DFFHx1_ASAP7_75t_R      2  2.6    26    52      52    (-,-) 
  fopt12/Y                                                   -       A->Y    R     BUFx6f_ASAP7_75t_R            9  6.1    10    18      70    (-,-) 
  fopt956639/Y                                               -       A->Y    F     INVx2_ASAP7_75t_R             4  2.4     8     7      77    (-,-) 
  g773852/Y                                                  -       A2->Y   F     OA21x2_ASAP7_75t_R            1  1.6     8    18      95    (-,-) 
  g773803/Y                                                  -       A->Y    R     NAND2x1p5_ASAP7_75t_R         3  1.6    12    10     105    (-,-) 
  g776655/Y                                                  -       A->Y    F     INVx1_ASAP7_75t_R             1  0.6     6     6     111    (-,-) 
  g776373/Y                                                  -       A2->Y   F     OA22x2_ASAP7_75t_R            1  1.5     9    18     129    (-,-) 
  g776298/Y                                                  -       C->Y    R     NAND4xp75_ASAP7_75t_R         1  1.6    19    11     140    (-,-) 
  g776287/Y                                                  -       B->Y    F     NOR2x1p5_ASAP7_75t_R          3  4.1    19    15     155    (-,-) 
  g776270/Y                                                  -       C->Y    R     NAND3x1_ASAP7_75t_R           1  1.6    23    20     175    (-,-) 
  g805362/Y                                                  -       B->Y    F     NOR2x1p5_ASAP7_75t_R          2  2.7    15    14     189    (-,-) 
  g805354/Y                                                  -       B->Y    R     NOR2x1p5_ASAP7_75t_R          2  2.7    18    14     203    (-,-) 
  g805352/Y                                                  -       B->Y    F     NAND2x1p5_ASAP7_75t_R         3  1.5    12    10     213    (-,-) 
  g805393/Y                                                  -       B->Y    R     NAND2xp5_ASAP7_75t_R          1  0.7    16    10     223    (-,-) 
  g954697/Y                                                  -       A->Y    F     INVx1_ASAP7_75t_R             1  1.1    10     8     231    (-,-) 
  g953747/Y                                                  -       A->Y    F     OR2x6_ASAP7_75t_R            19 12.6    19    29     260    (-,-) 
  fopt957823/Y                                               -       A->Y    R     INVxp67_ASAP7_75t_R           1  0.6    11     9     269    (-,-) 
  g952015/Y                                                  -       A2->Y   F     AOI22xp5_ASAP7_75t_R          2  2.0    27    16     285    (-,-) 
  fopt957450/Y                                               -       A->Y    F     BUFx6f_ASAP7_75t_R            9  7.3    10    20     305    (-,-) 
  fopt957436/Y                                               -       A->Y    R     INVx2_ASAP7_75t_R             4  1.6     8     7     312    (-,-) 
  fopt957434/Y                                               -       A->Y    R     HB1xp67_ASAP7_75t_R           2  1.0    12    15     327    (-,-) 
  fopt957432/Y                                               -       A->Y    F     INVxp67_ASAP7_75t_R           1  0.5     7     6     334    (-,-) 
  g947025/Y                                                  -       A1->Y   R     AOI211xp5_ASAP7_75t_R         1  0.5    22    12     345    (-,-) 
  g946309/Y                                                  -       B->Y    F     NAND4xp25_ASAP7_75t_R         1  1.4    40    25     370    (-,-) 
  g945621/Y                                                  -       B->Y    R     NOR3x1_ASAP7_75t_R            2  1.0    19    17     387    (-,-) 
  g945263/Y                                                  -       A->Y    F     NAND2xp5_ASAP7_75t_R          2  1.1    16    12     399    (-,-) 
  g944907/Y                                                  -       B->Y    R     NAND2xp5_ASAP7_75t_R          1  0.8    14    12     411    (-,-) 
  g944853/Y                                                  -       A->Y    F     NOR2xp67_ASAP7_75t_R          1  0.6    12    12     422    (-,-) 
  g944712/Y                                                  -       A->Y    R     NAND3xp33_ASAP7_75t_R         1  1.0    17    12     434    (-,-) 
  g944594/Y                                                  -       A->Y    F     NOR2x1_ASAP7_75t_R            1  1.1    13    12     447    (-,-) 
  g944568/Y                                                  -       B->Y    F     AND2x4_ASAP7_75t_R           11  8.1    15    22     469    (-,-) 
  fopt956835/Y                                               -       A->Y    R     INVx1_ASAP7_75t_R             2  1.3    12    10     479    (-,-) 
  g944300/Y                                                  -       A1->Y   F     O2A1O1Ixp33_ASAP7_75t_R       2  0.9    16    11     490    (-,-) 
  g944063/Y                                                  -       B2->Y   R     AOI22xp5_ASAP7_75t_R          1  0.6    16    12     502    (-,-) 
  g943973/Y                                                  -       B->Y    F     OAI21xp5_ASAP7_75t_R          2  0.9    14    11     513    (-,-) 
  g943832/Y                                                  -       B->Y    R     NOR2xp33_ASAP7_75t_R          1  0.5    16    12     525    (-,-) 
  g943789/Y                                                  -       B->Y    F     NAND4xp25_ASAP7_75t_R         1  1.1    34    21     546    (-,-) 
  g943764/Y                                                  -       A->Y    R     NOR2x1_ASAP7_75t_R            1  1.4    17    16     563    (-,-) 
  g943751/Y                                                  -       B->Y    F     NAND3x1_ASAP7_75t_R           3  1.6    15    12     575    (-,-) 
  g943708/Y                                                  -       A2->Y   F     AO21x1_ASAP7_75t_R            1  1.2    10    18     592    (-,-) 
  g943689/Y                                                  -       B->Y    R     AOI21x1_ASAP7_75t_R           1  1.6    16    11     604    (-,-) 
  g943666/Y                                                  -       B->Y    F     NAND2x1p5_ASAP7_75t_R         3  2.0    13    10     614    (-,-) 
  g836963/Y                                                  -       B->Y    R     NOR2x1_ASAP7_75t_R            2  1.3    14    11     625    (-,-) 
  g835753/Y                                                  -       B->Y    F     NAND2xp5_ASAP7_75t_R          2  1.4    18    14     638    (-,-) 
  g834564/Y                                                  -       A->Y    R     INVx1_ASAP7_75t_R             1  0.6     9     8     646    (-,-) 
  g830712/Y                                                  -       B->Y    F     NAND2xp5_ASAP7_75t_R          2  1.1    15    11     657    (-,-) 
  g830686/Y                                                  -       A->Y    R     INVxp67_ASAP7_75t_R           1  0.6    10     8     665    (-,-) 
  g830590/Y                                                  -       A2->Y   F     AOI22xp5_ASAP7_75t_R          1  0.6    24    10     675    (-,-) 
  u_frontend_u_npc_BRANCH_PREDICTION.ras_stack_q_reg[6][0]/D -       -       F     ASYNC_DFFHx1_ASAP7_75t_R      1    -     -     0     675    (-,-) 
#----------------------------------------------------------------------------------------------------------------------------------------------------



Path 7: VIOLATED (-230 ps) Setup Check with Pin retime_s62_7_reg/CLK->D
          Group: clk
     Startpoint: (R) retime_s56_1_reg/CLK
          Clock: (R) clk
       Endpoint: (R) retime_s62_7_reg/D
          Clock: (R) clk

                     Capture       Launch     
        Clock Edge:+     500            0     
       Src Latency:+       0            0     
       Net Latency:+       0 (I)        0 (I) 
           Arrival:=     500            0     
                                              
             Setup:-       6                  
       Uncertainty:-      50                  
     Required Time:=     444                  
      Launch Clock:-       0                  
         Data Path:-     674                  
             Slack:=    -230                  

#--------------------------------------------------------------------------------------------------------------
#    Timing Point      Flags    Arc    Edge           Cell            Fanout Load Trans Delay Arrival Instance 
#                                                                            (fF)  (ps)  (ps)   (ps)  Location 
#--------------------------------------------------------------------------------------------------------------
  retime_s56_1_reg/CLK -       -       R     (arrival)                 10660    -    25     0       0    (-,-) 
  retime_s56_1_reg/QN  -       CLK->QN R     ASYNC_DFFHx1_ASAP7_75t_R      2  2.6    26    52      52    (-,-) 
  fopt12/Y             -       A->Y    R     BUFx6f_ASAP7_75t_R            9  6.1    10    18      70    (-,-) 
  fopt11/Y             -       A->Y    F     INVx2_ASAP7_75t_R             3  1.8     7     6      76    (-,-) 
  fopt10/Y             -       A->Y    R     INVx1_ASAP7_75t_R             2  1.0     8     6      82    (-,-) 
  fopt956643/Y         -       A->Y    F     INVxp67_ASAP7_75t_R           1  0.5     6     6      88    (-,-) 
  g773787/Y            -       B2->Y   R     OAI221xp5_ASAP7_75t_R         2  1.2    35    17     105    (-,-) 
  g776677/Y            -       B->Y    R     XNOR2xp5_ASAP7_75t_R          1  1.6    32    24     129    (-,-) 
  g776303/Y            -       D->Y    F     NAND4xp75_ASAP7_75t_R         3  2.9    30    23     152    (-,-) 
  g776275/Y            -       A->Y    R     NOR3x1_ASAP7_75t_R            1  1.4    22    16     168    (-,-) 
  g776272/Y            -       B->Y    F     NAND3x1_ASAP7_75t_R           1  1.1    14    11     180    (-,-) 
  g776266/Y            -       A->Y    F     OR2x6_ASAP7_75t_R            16 13.3    20    31     210    (-,-) 
  g772475/Y            -       A->Y    R     INVx3_ASAP7_75t_R             5  5.5    16    13     223    (-,-) 
  g772470/Y            -       B->Y    R     AND2x4_ASAP7_75t_R           24 14.0    28    29     252    (-,-) 
  g955341/Y            -       A->Y    F     INVx2_ASAP7_75t_R             7  4.0    16    13     265    (-,-) 
  g953898/Y            -       B2->Y   R     AOI22xp5_ASAP7_75t_R          1  0.6    15    12     277    (-,-) 
  g953222/Y            -       B->Y    F     NAND2xp5_ASAP7_75t_R          1  1.4    19    14     291    (-,-) 
  g952687/Y            -       B->Y    R     NOR3x1_ASAP7_75t_R            2  1.3    18    15     306    (-,-) 
  g952171/Y            -       A->Y    F     NOR2xp67_ASAP7_75t_R          2  1.5    19    17     323    (-,-) 
  g948721/Y            -       C->Y    R     OAI211xp5_ASAP7_75t_R         1  1.3    31    16     339    (-,-) 
  g948354/Y            -       A->Y    F     INVx2_ASAP7_75t_R             4  4.9    19    15     354    (-,-) 
  g947561/Y            -       B->Y    F     AND2x6_ASAP7_75t_R           25 14.0    18    29     383    (-,-) 
  g946783/Y            -       A->Y    R     INVx2_ASAP7_75t_R             8  4.8    18    14     397    (-,-) 
  g945795/Y            -       B1->Y   F     OAI221xp5_ASAP7_75t_R         1  1.2    44    17     414    (-,-) 
  g945630/Y            -       B->Y    R     AOI21x1_ASAP7_75t_R           2  1.8    24    20     434    (-,-) 
  g945556/Y            -       A->Y    F     INVx2_ASAP7_75t_R             4  2.3    11     9     443    (-,-) 
  g945266/Y            -       A->Y    R     NAND2xp5_ASAP7_75t_R          3  1.3    18    13     456    (-,-) 
  g944863/Y            -       E->Y    F     NAND5xp2_ASAP7_75t_R          1  0.6    31    22     478    (-,-) 
  g944780/Y            -       A->Y    R     NOR3xp33_ASAP7_75t_R          1  0.6    26    19     497    (-,-) 
  g944702/Y            -       B->Y    F     NAND2xp5_ASAP7_75t_R          1  1.4    21    17     514    (-,-) 
  g944601/Y            -       A->Y    R     NOR3x1_ASAP7_75t_R            3  1.7    21    15     529    (-,-) 
  g944587/Y            -       A->Y    F     INVx1_ASAP7_75t_R             1  0.6     8     7     536    (-,-) 
  g944538/Y            -       A2->Y   R     OAI21xp5_ASAP7_75t_R          1  0.4    14     8     544    (-,-) 
  g944280/Y            -       A1->Y   F     OAI21xp33_ASAP7_75t_R         1  0.5    14    11     555    (-,-) 
  g943818/Y            -       A1->Y   R     AOI211xp5_ASAP7_75t_R         1  0.6    24    14     569    (-,-) 
  g943779/Y            -       B->Y    F     OAI21xp5_ASAP7_75t_R          2  0.9    16    12     581    (-,-) 
  g943758/Y            -       B->Y    R     NAND2xp5_ASAP7_75t_R          2  1.2    21    14     595    (-,-) 
  g832899/Y            -       A->Y    R     AND2x2_ASAP7_75t_R            2  2.2    12    22     616    (-,-) 
  g832212/Y            -       B->Y    F     NAND2x1_ASAP7_75t_R           1  1.3    11     9     626    (-,-) 
  fopt956767/Y         -       A->Y    F     BUFx6f_ASAP7_75t_R            7  8.5    11    17     642    (-,-) 
  fopt956763/Y         -       A->Y    F     BUFx6f_ASAP7_75t_R           20 11.8    14    18     660    (-,-) 
  g831288/Y            -       A2->Y   R     AOI22xp33_ASAP7_75t_R         1  0.6    19    14     674    (-,-) 
  retime_s62_7_reg/D   -       -       R     ASYNC_DFFHx1_ASAP7_75t_R      1    -     -     0     674    (-,-) 
#--------------------------------------------------------------------------------------------------------------



Path 8: VIOLATED (-229 ps) Setup Check with Pin u_frontend_u_npc_BRANCH_PREDICTION.ras_stack_q_reg[4][0]/CLK->D
          Group: clk
     Startpoint: (R) retime_s56_1_reg/CLK
          Clock: (R) clk
       Endpoint: (R) u_frontend_u_npc_BRANCH_PREDICTION.ras_stack_q_reg[4][0]/D
          Clock: (R) clk

                     Capture       Launch     
        Clock Edge:+     500            0     
       Src Latency:+       0            0     
       Net Latency:+       0 (I)        0 (I) 
           Arrival:=     500            0     
                                              
             Setup:-       6                  
       Uncertainty:-      50                  
     Required Time:=     444                  
      Launch Clock:-       0                  
         Data Path:-     673                  
             Slack:=    -229                  

#----------------------------------------------------------------------------------------------------------------------------------------------------
#                       Timing Point                         Flags    Arc    Edge           Cell            Fanout Load Trans Delay Arrival Instance 
#                                                                                                                  (fF)  (ps)  (ps)   (ps)  Location 
#----------------------------------------------------------------------------------------------------------------------------------------------------
  retime_s56_1_reg/CLK                                       -       -       R     (arrival)                 10660    -    25     0       0    (-,-) 
  retime_s56_1_reg/QN                                        -       CLK->QN R     ASYNC_DFFHx1_ASAP7_75t_R      2  2.6    26    52      52    (-,-) 
  fopt12/Y                                                   -       A->Y    R     BUFx6f_ASAP7_75t_R            9  6.1    10    18      70    (-,-) 
  fopt956639/Y                                               -       A->Y    F     INVx2_ASAP7_75t_R             4  2.4     8     7      77    (-,-) 
  g773852/Y                                                  -       A2->Y   F     OA21x2_ASAP7_75t_R            1  1.6     8    18      95    (-,-) 
  g773803/Y                                                  -       A->Y    R     NAND2x1p5_ASAP7_75t_R         3  1.6    12    10     105    (-,-) 
  g776655/Y                                                  -       A->Y    F     INVx1_ASAP7_75t_R             1  0.6     6     6     111    (-,-) 
  g776373/Y                                                  -       A2->Y   F     OA22x2_ASAP7_75t_R            1  1.5     9    18     129    (-,-) 
  g776298/Y                                                  -       C->Y    R     NAND4xp75_ASAP7_75t_R         1  1.6    19    11     140    (-,-) 
  g776287/Y                                                  -       B->Y    F     NOR2x1p5_ASAP7_75t_R          3  4.1    19    15     155    (-,-) 
  g776270/Y                                                  -       C->Y    R     NAND3x1_ASAP7_75t_R           1  1.6    23    20     175    (-,-) 
  g805362/Y                                                  -       B->Y    F     NOR2x1p5_ASAP7_75t_R          2  2.7    15    14     189    (-,-) 
  g805354/Y                                                  -       B->Y    R     NOR2x1p5_ASAP7_75t_R          2  2.7    18    14     203    (-,-) 
  g805352/Y                                                  -       B->Y    F     NAND2x1p5_ASAP7_75t_R         3  1.5    12    10     213    (-,-) 
  g805393/Y                                                  -       B->Y    R     NAND2xp5_ASAP7_75t_R          1  0.7    16    10     223    (-,-) 
  g954697/Y                                                  -       A->Y    F     INVx1_ASAP7_75t_R             1  1.1    10     8     231    (-,-) 
  g953747/Y                                                  -       A->Y    F     OR2x6_ASAP7_75t_R            19 12.6    19    29     260    (-,-) 
  fopt957823/Y                                               -       A->Y    R     INVxp67_ASAP7_75t_R           1  0.6    11     9     269    (-,-) 
  g952015/Y                                                  -       A2->Y   F     AOI22xp5_ASAP7_75t_R          2  2.0    27    16     285    (-,-) 
  fopt957450/Y                                               -       A->Y    F     BUFx6f_ASAP7_75t_R            9  7.3    10    20     305    (-,-) 
  fopt957436/Y                                               -       A->Y    R     INVx2_ASAP7_75t_R             4  1.6     8     7     312    (-,-) 
  fopt957434/Y                                               -       A->Y    R     HB1xp67_ASAP7_75t_R           2  1.0    12    15     327    (-,-) 
  fopt957432/Y                                               -       A->Y    F     INVxp67_ASAP7_75t_R           1  0.5     7     6     334    (-,-) 
  g947025/Y                                                  -       A1->Y   R     AOI211xp5_ASAP7_75t_R         1  0.5    22    12     345    (-,-) 
  g946309/Y                                                  -       B->Y    F     NAND4xp25_ASAP7_75t_R         1  1.4    40    25     370    (-,-) 
  g945621/Y                                                  -       B->Y    R     NOR3x1_ASAP7_75t_R            2  1.0    19    17     387    (-,-) 
  g945263/Y                                                  -       A->Y    F     NAND2xp5_ASAP7_75t_R          2  1.1    16    12     399    (-,-) 
  g944907/Y                                                  -       B->Y    R     NAND2xp5_ASAP7_75t_R          1  0.8    14    12     411    (-,-) 
  g944853/Y                                                  -       A->Y    F     NOR2xp67_ASAP7_75t_R          1  0.6    12    12     422    (-,-) 
  g944712/Y                                                  -       A->Y    R     NAND3xp33_ASAP7_75t_R         1  1.0    17    12     434    (-,-) 
  g944594/Y                                                  -       A->Y    F     NOR2x1_ASAP7_75t_R            1  1.1    13    12     447    (-,-) 
  g944568/Y                                                  -       B->Y    F     AND2x4_ASAP7_75t_R           11  8.1    15    22     469    (-,-) 
  fopt956836/Y                                               -       A->Y    R     INVxp67_ASAP7_75t_R           2  1.2    15    11     480    (-,-) 
  g944470/Y                                                  -       A2->Y   F     OAI21xp5_ASAP7_75t_R          4  2.3    26    16     497    (-,-) 
  g944215/Y                                                  -       B2->Y   F     AO22x1_ASAP7_75t_R            1  0.5     7    22     519    (-,-) 
  g944061/Y                                                  -       B->Y    R     AOI21xp33_ASAP7_75t_R         1  0.5    16    11     530    (-,-) 
  g943819/Y                                                  -       B->Y    F     NAND3xp33_ASAP7_75t_R         1  1.4    27    18     548    (-,-) 
  g943763/Y                                                  -       B->Y    R     NOR3x1_ASAP7_75t_R            2  1.8    22    18     566    (-,-) 
  g943720/Y                                                  -       A1->Y   F     AOI21x1_ASAP7_75t_R           2  1.9    16    13     579    (-,-) 
  g943716/Y                                                  -       A->Y    R     INVx2_ASAP7_75t_R             6  4.0    16    12     591    (-,-) 
  g943689/Y                                                  -       A2->Y   F     AOI21x1_ASAP7_75t_R           1  1.6    14    10     601    (-,-) 
  g943666/Y                                                  -       B->Y    R     NAND2x1p5_ASAP7_75t_R         3  2.0    16    12     612    (-,-) 
  g836963/Y                                                  -       B->Y    F     NOR2x1_ASAP7_75t_R            2  1.3    12    11     624    (-,-) 
  g835862/Y                                                  -       A->Y    R     INVx1_ASAP7_75t_R             1  0.8     9     7     631    (-,-) 
  g835688/Y                                                  -       B->Y    F     NOR2xp67_ASAP7_75t_R          2  1.2    17    10     641    (-,-) 
  g830719/Y                                                  -       B->Y    R     NAND2xp5_ASAP7_75t_R          2  1.3    19    15     656    (-,-) 
  g830689/Y                                                  -       A->Y    F     INVx1_ASAP7_75t_R             1  0.6     8     7     663    (-,-) 
  g830581/Y                                                  -       A2->Y   R     AOI22xp5_ASAP7_75t_R          1  0.6    20    10     673    (-,-) 
  u_frontend_u_npc_BRANCH_PREDICTION.ras_stack_q_reg[4][0]/D -       -       R     ASYNC_DFFHx1_ASAP7_75t_R      1    -     -     0     673    (-,-) 
#----------------------------------------------------------------------------------------------------------------------------------------------------



Path 9: VIOLATED (-229 ps) Setup Check with Pin retime_s62_6_reg/CLK->D
          Group: clk
     Startpoint: (R) retime_s56_1_reg/CLK
          Clock: (R) clk
       Endpoint: (R) retime_s62_6_reg/D
          Clock: (R) clk

                     Capture       Launch     
        Clock Edge:+     500            0     
       Src Latency:+       0            0     
       Net Latency:+       0 (I)        0 (I) 
           Arrival:=     500            0     
                                              
             Setup:-       6                  
       Uncertainty:-      50                  
     Required Time:=     444                  
      Launch Clock:-       0                  
         Data Path:-     674                  
             Slack:=    -229                  

#--------------------------------------------------------------------------------------------------------------
#    Timing Point      Flags    Arc    Edge           Cell            Fanout Load Trans Delay Arrival Instance 
#                                                                            (fF)  (ps)  (ps)   (ps)  Location 
#--------------------------------------------------------------------------------------------------------------
  retime_s56_1_reg/CLK -       -       R     (arrival)                 10660    -    25     0       0    (-,-) 
  retime_s56_1_reg/QN  -       CLK->QN R     ASYNC_DFFHx1_ASAP7_75t_R      2  2.6    26    52      52    (-,-) 
  fopt12/Y             -       A->Y    R     BUFx6f_ASAP7_75t_R            9  6.1    10    18      70    (-,-) 
  fopt11/Y             -       A->Y    F     INVx2_ASAP7_75t_R             3  1.8     7     6      76    (-,-) 
  fopt10/Y             -       A->Y    R     INVx1_ASAP7_75t_R             2  1.0     8     6      82    (-,-) 
  fopt956643/Y         -       A->Y    F     INVxp67_ASAP7_75t_R           1  0.5     6     6      88    (-,-) 
  g773787/Y            -       B2->Y   R     OAI221xp5_ASAP7_75t_R         2  1.2    35    17     105    (-,-) 
  g776677/Y            -       B->Y    R     XNOR2xp5_ASAP7_75t_R          1  1.6    32    24     129    (-,-) 
  g776303/Y            -       D->Y    F     NAND4xp75_ASAP7_75t_R         3  2.9    30    23     152    (-,-) 
  g776275/Y            -       A->Y    R     NOR3x1_ASAP7_75t_R            1  1.4    22    16     168    (-,-) 
  g776272/Y            -       B->Y    F     NAND3x1_ASAP7_75t_R           1  1.1    14    11     180    (-,-) 
  g776266/Y            -       A->Y    F     OR2x6_ASAP7_75t_R            16 13.3    20    31     210    (-,-) 
  g772475/Y            -       A->Y    R     INVx3_ASAP7_75t_R             5  5.5    16    13     223    (-,-) 
  g772470/Y            -       B->Y    R     AND2x4_ASAP7_75t_R           24 14.0    28    29     252    (-,-) 
  g955341/Y            -       A->Y    F     INVx2_ASAP7_75t_R             7  4.0    16    13     265    (-,-) 
  g953898/Y            -       B2->Y   R     AOI22xp5_ASAP7_75t_R          1  0.6    15    12     277    (-,-) 
  g953222/Y            -       B->Y    F     NAND2xp5_ASAP7_75t_R          1  1.4    19    14     291    (-,-) 
  g952687/Y            -       B->Y    R     NOR3x1_ASAP7_75t_R            2  1.3    18    15     306    (-,-) 
  g952171/Y            -       A->Y    F     NOR2xp67_ASAP7_75t_R          2  1.5    19    17     323    (-,-) 
  g948721/Y            -       C->Y    R     OAI211xp5_ASAP7_75t_R         1  1.3    31    16     339    (-,-) 
  g948354/Y            -       A->Y    F     INVx2_ASAP7_75t_R             4  4.9    19    15     354    (-,-) 
  g947561/Y            -       B->Y    F     AND2x6_ASAP7_75t_R           25 14.0    18    29     383    (-,-) 
  g946783/Y            -       A->Y    R     INVx2_ASAP7_75t_R             8  4.8    18    14     397    (-,-) 
  g945795/Y            -       B1->Y   F     OAI221xp5_ASAP7_75t_R         1  1.2    44    17     414    (-,-) 
  g945630/Y            -       B->Y    R     AOI21x1_ASAP7_75t_R           2  1.8    24    20     434    (-,-) 
  g945556/Y            -       A->Y    F     INVx2_ASAP7_75t_R             4  2.3    11     9     443    (-,-) 
  g945266/Y            -       A->Y    R     NAND2xp5_ASAP7_75t_R          3  1.3    18    13     456    (-,-) 
  g944863/Y            -       E->Y    F     NAND5xp2_ASAP7_75t_R          1  0.6    31    22     478    (-,-) 
  g944780/Y            -       A->Y    R     NOR3xp33_ASAP7_75t_R          1  0.6    26    19     497    (-,-) 
  g944702/Y            -       B->Y    F     NAND2xp5_ASAP7_75t_R          1  1.4    21    17     514    (-,-) 
  g944601/Y            -       A->Y    R     NOR3x1_ASAP7_75t_R            3  1.7    21    15     529    (-,-) 
  g944587/Y            -       A->Y    F     INVx1_ASAP7_75t_R             1  0.6     8     7     536    (-,-) 
  g944538/Y            -       A2->Y   R     OAI21xp5_ASAP7_75t_R          1  0.4    14     8     544    (-,-) 
  g944280/Y            -       A1->Y   F     OAI21xp33_ASAP7_75t_R         1  0.5    14    11     555    (-,-) 
  g943818/Y            -       A1->Y   R     AOI211xp5_ASAP7_75t_R         1  0.6    24    14     569    (-,-) 
  g943779/Y            -       B->Y    F     OAI21xp5_ASAP7_75t_R          2  0.9    16    12     581    (-,-) 
  g943758/Y            -       B->Y    R     NAND2xp5_ASAP7_75t_R          2  1.2    21    14     595    (-,-) 
  g832899/Y            -       A->Y    R     AND2x2_ASAP7_75t_R            2  2.2    12    22     616    (-,-) 
  g832212/Y            -       B->Y    F     NAND2x1_ASAP7_75t_R           1  1.3    11     9     626    (-,-) 
  fopt956767/Y         -       A->Y    F     BUFx6f_ASAP7_75t_R            7  8.5    11    17     642    (-,-) 
  fopt956766/Y         -       A->Y    F     BUFx6f_ASAP7_75t_R           22 13.2    15    19     661    (-,-) 
  g831399/Y            -       B1->Y   R     AOI22xp5_ASAP7_75t_R          1  0.6    16    13     674    (-,-) 
  retime_s62_6_reg/D   -       -       R     ASYNC_DFFHx1_ASAP7_75t_R      1    -     -     0     674    (-,-) 
#--------------------------------------------------------------------------------------------------------------



Path 10: VIOLATED (-229 ps) Setup Check with Pin retime_s257_27_reg/CLK->D
          Group: clk
     Startpoint: (R) retime_s5_100_reg/CLK
          Clock: (R) clk
       Endpoint: (F) retime_s257_27_reg/D
          Clock: (R) clk

                     Capture       Launch     
        Clock Edge:+     500            0     
       Src Latency:+       0            0     
       Net Latency:+       0 (I)        0 (I) 
           Arrival:=     500            0     
                                              
             Setup:-       4                  
       Uncertainty:-      50                  
     Required Time:=     446                  
      Launch Clock:-       0                  
         Data Path:-     674                  
             Slack:=    -229                  

#---------------------------------------------------------------------------------------------------------------
#     Timing Point      Flags    Arc    Edge           Cell            Fanout Load Trans Delay Arrival Instance 
#                                                                             (fF)  (ps)  (ps)   (ps)  Location 
#---------------------------------------------------------------------------------------------------------------
  retime_s5_100_reg/CLK -       -       R     (arrival)                 10660    -    25     0       0    (-,-) 
  retime_s5_100_reg/QN  -       CLK->QN R     ASYNC_DFFHx1_ASAP7_75t_R      3  1.6    20    48      48    (-,-) 
  g805236/Y             -       A->Y    F     INVx1_ASAP7_75t_R             3  1.9    14    11      59    (-,-) 
  g805234/Y             -       A->Y    R     INVx1_ASAP7_75t_R             8  5.2    33    20      79    (-,-) 
  g804837/Y             -       A2->Y   R     AO22x1_ASAP7_75t_R            6  3.1    23    30     110    (-,-) 
  g804449/Y             -       B->Y    F     NOR2xp33_ASAP7_75t_R          2  1.1    23    19     129    (-,-) 
  g804156/Y             -       B->Y    R     NAND2xp5_ASAP7_75t_R          3  1.6    22    18     147    (-,-) 
  g804092/Y             -       A->Y    F     NOR2xp33_ASAP7_75t_R          1  0.5    16    15     162    (-,-) 
  g803772/Y             -       B->Y    R     NAND3xp33_ASAP7_75t_R         1  0.7    15    13     175    (-,-) 
  fopt956707/Y          -       A->Y    F     INVx1_ASAP7_75t_R             3  1.5    11     9     184    (-,-) 
  g953162/Y             -       B->Y    R     AOI21xp5_ASAP7_75t_R          1  0.5    13    10     194    (-,-) 
  g952173/Y             -       C->Y    F     OAI211xp5_ASAP7_75t_R         1  0.4    15    10     204    (-,-) 
  g951730/Y             -       A->Y    R     NOR2xp33_ASAP7_75t_R          1  0.6    19    14     218    (-,-) 
  g949655/Y             -       B->Y    F     NAND2xp5_ASAP7_75t_R          2  1.2    18    14     232    (-,-) 
  g948396/Y             -       A->Y    R     NAND2xp5_ASAP7_75t_R          1  0.6    13    12     244    (-,-) 
  g947553/Y             -       B->Y    F     OAI21xp5_ASAP7_75t_R          4  2.1    24    15     259    (-,-) 
  g946534/Y             -       A->Y    R     NAND2xp5_ASAP7_75t_R          2  1.9    26    21     280    (-,-) 
  g946334/Y             -       A->Y    F     INVx2_ASAP7_75t_R             1  1.1     8     7     286    (-,-) 
  g946195/Y             -       B->Y    F     AND2x4_ASAP7_75t_R            5  3.0     8    17     303    (-,-) 
  g946057/Y             -       A->Y    F     BUFx3_ASAP7_75t_R             4  2.9     8    15     318    (-,-) 
  g945823/Y             -       A2->Y   R     AOI21xp5_ASAP7_75t_R          2  1.3    22    13     331    (-,-) 
  g945757/Y             -       A->Y    F     INVx1_ASAP7_75t_R             2  1.2    11    10     341    (-,-) 
  g945353/Y             -       B2->Y   R     AOI22xp5_ASAP7_75t_R          1  0.5    14    11     351    (-,-) 
  g944745/Y             -       D->Y    F     NAND4xp25_ASAP7_75t_R         1  0.6    26    17     368    (-,-) 
  g944653/Y             -       C1->Y   R     OAI311xp33_ASAP7_75t_R        1  0.5    23    12     380    (-,-) 
  g944573/Y             -       A->Y    F     NAND2xp5_ASAP7_75t_R          1  1.0    15    13     392    (-,-) 
  g944567/Y             -       B->Y    R     AOI211x1_ASAP7_75t_R          2  0.9    17    12     405    (-,-) 
  g944544/Y             -       B->Y    R     AND2x2_ASAP7_75t_R            3  2.7    14    23     427    (-,-) 
  g944537/Y             -       A->Y    F     INVx2_ASAP7_75t_R             5  4.0    13    10     437    (-,-) 
  g843708/Y             -       A->Y    F     BUFx3_ASAP7_75t_R             7  4.8    11    18     455    (-,-) 
  g837026/Y             -       B2->Y   R     AOI22xp5_ASAP7_75t_R          2  1.3    24    15     470    (-,-) 
  g835699/Y             -       A->Y    F     NOR2x1_ASAP7_75t_R            2  1.6    17    16     486    (-,-) 
  g832201/Y             -       B->Y    R     NOR2x1_ASAP7_75t_R            2  0.9    13    11     497    (-,-) 
  g831551/Y             -       B->Y    F     OAI21xp5_ASAP7_75t_R          2  1.2    21    12     508    (-,-) 
  g831245/Y             -       B->Y    R     NOR2xp67_ASAP7_75t_R          2  1.0    18    14     522    (-,-) 
  g831079/Y             -       B->Y    F     NAND2xp67_ASAP7_75t_R         2  0.9    13    10     532    (-,-) 
  g830860/Y             -       B->Y    R     AOI21xp5_ASAP7_75t_R          2  0.9    17    13     545    (-,-) 
  g830758/Y             -       B->Y    F     OAI21xp5_ASAP7_75t_R          2  1.9    27    15     560    (-,-) 
  g830635/Y             -       B->Y    R     NOR2x1p5_ASAP7_75t_R          2  1.9    18    14     574    (-,-) 
  g830561/Y             -       B->Y    F     NAND2x1p5_ASAP7_75t_R         2  1.9    13    10     585    (-,-) 
  g830494/Y             -       B->Y    R     NOR2x1p5_ASAP7_75t_R          2  1.9    15    11     596    (-,-) 
  g830458/Y             -       B->Y    F     NAND2x1p5_ASAP7_75t_R         2  1.9    12    10     606    (-,-) 
  g830389/Y             -       B->Y    R     NOR2x1p5_ASAP7_75t_R          5  2.8    19    13     619    (-,-) 
  g830336/Y             -       B->Y    F     OAI21xp5_ASAP7_75t_R          3  1.5    26    14     633    (-,-) 
  g830315/Y             -       A->Y    R     INVx1_ASAP7_75t_R             2  1.2    14    12     644    (-,-) 
  g830310/Y             -       B->Y    F     OAI21xp5_ASAP7_75t_R          1  0.6    13     9     653    (-,-) 
  g830173/Y             -       A2->Y   R     OAI22xp5_ASAP7_75t_R          1  0.6    18    11     664    (-,-) 
  g830012/Y             -       A1->Y   F     AOI21xp5_ASAP7_75t_R          1  0.6    21    10     674    (-,-) 
  retime_s257_27_reg/D  -       -       F     ASYNC_DFFHx1_ASAP7_75t_R      1    -     -     0     674    (-,-) 
#---------------------------------------------------------------------------------------------------------------



Path 11: VIOLATED (-229 ps) Setup Check with Pin retime_s146_1_reg/CLK->D
          Group: clk
     Startpoint: (R) retime_s56_1_reg/CLK
          Clock: (R) clk
       Endpoint: (R) retime_s146_1_reg/D
          Clock: (R) clk

                     Capture       Launch     
        Clock Edge:+     500            0     
       Src Latency:+       0            0     
       Net Latency:+       0 (I)        0 (I) 
           Arrival:=     500            0     
                                              
             Setup:-       6                  
       Uncertainty:-      50                  
     Required Time:=     444                  
      Launch Clock:-       0                  
         Data Path:-     673                  
             Slack:=    -229                  

#--------------------------------------------------------------------------------------------------------------
#    Timing Point      Flags    Arc    Edge           Cell            Fanout Load Trans Delay Arrival Instance 
#                                                                            (fF)  (ps)  (ps)   (ps)  Location 
#--------------------------------------------------------------------------------------------------------------
  retime_s56_1_reg/CLK -       -       R     (arrival)                 10660    -    25     0       0    (-,-) 
  retime_s56_1_reg/QN  -       CLK->QN R     ASYNC_DFFHx1_ASAP7_75t_R      2  2.6    26    52      52    (-,-) 
  fopt12/Y             -       A->Y    R     BUFx6f_ASAP7_75t_R            9  6.1    10    18      70    (-,-) 
  fopt11/Y             -       A->Y    F     INVx2_ASAP7_75t_R             3  1.8     7     6      76    (-,-) 
  fopt10/Y             -       A->Y    R     INVx1_ASAP7_75t_R             2  1.0     8     6      82    (-,-) 
  fopt956643/Y         -       A->Y    F     INVxp67_ASAP7_75t_R           1  0.5     6     6      88    (-,-) 
  g773787/Y            -       B2->Y   R     OAI221xp5_ASAP7_75t_R         2  1.2    35    17     105    (-,-) 
  g776677/Y            -       B->Y    R     XNOR2xp5_ASAP7_75t_R          1  1.6    32    24     129    (-,-) 
  g776303/Y            -       D->Y    F     NAND4xp75_ASAP7_75t_R         3  2.9    30    23     152    (-,-) 
  g776275/Y            -       A->Y    R     NOR3x1_ASAP7_75t_R            1  1.4    22    16     168    (-,-) 
  g776272/Y            -       B->Y    F     NAND3x1_ASAP7_75t_R           1  1.1    14    11     180    (-,-) 
  g776266/Y            -       A->Y    F     OR2x6_ASAP7_75t_R            16 13.3    20    31     210    (-,-) 
  g772475/Y            -       A->Y    R     INVx3_ASAP7_75t_R             5  5.5    16    13     223    (-,-) 
  g772470/Y            -       B->Y    R     AND2x4_ASAP7_75t_R           24 14.0    28    29     252    (-,-) 
  g955341/Y            -       A->Y    F     INVx2_ASAP7_75t_R             7  4.0    16    13     265    (-,-) 
  g953898/Y            -       B2->Y   R     AOI22xp5_ASAP7_75t_R          1  0.6    15    12     277    (-,-) 
  g953222/Y            -       B->Y    F     NAND2xp5_ASAP7_75t_R          1  1.4    19    14     291    (-,-) 
  g952687/Y            -       B->Y    R     NOR3x1_ASAP7_75t_R            2  1.3    18    15     306    (-,-) 
  g952171/Y            -       A->Y    F     NOR2xp67_ASAP7_75t_R          2  1.5    19    17     323    (-,-) 
  g948721/Y            -       C->Y    R     OAI211xp5_ASAP7_75t_R         1  1.3    31    16     339    (-,-) 
  g948354/Y            -       A->Y    F     INVx2_ASAP7_75t_R             4  4.9    19    15     354    (-,-) 
  g947561/Y            -       B->Y    F     AND2x6_ASAP7_75t_R           25 14.0    18    29     383    (-,-) 
  g946783/Y            -       A->Y    R     INVx2_ASAP7_75t_R             8  4.8    18    14     397    (-,-) 
  g945795/Y            -       B1->Y   F     OAI221xp5_ASAP7_75t_R         1  1.2    44    17     414    (-,-) 
  g945630/Y            -       B->Y    R     AOI21x1_ASAP7_75t_R           2  1.8    24    20     434    (-,-) 
  g945556/Y            -       A->Y    F     INVx2_ASAP7_75t_R             4  2.3    11     9     443    (-,-) 
  g945266/Y            -       A->Y    R     NAND2xp5_ASAP7_75t_R          3  1.3    18    13     456    (-,-) 
  g944863/Y            -       E->Y    F     NAND5xp2_ASAP7_75t_R          1  0.6    31    22     478    (-,-) 
  g944780/Y            -       A->Y    R     NOR3xp33_ASAP7_75t_R          1  0.6    26    19     497    (-,-) 
  g944702/Y            -       B->Y    F     NAND2xp5_ASAP7_75t_R          1  1.4    21    17     514    (-,-) 
  g944601/Y            -       A->Y    R     NOR3x1_ASAP7_75t_R            3  1.7    21    15     529    (-,-) 
  g944587/Y            -       A->Y    F     INVx1_ASAP7_75t_R             1  0.6     8     7     536    (-,-) 
  g944538/Y            -       A2->Y   R     OAI21xp5_ASAP7_75t_R          1  0.4    14     8     544    (-,-) 
  g944280/Y            -       A1->Y   F     OAI21xp33_ASAP7_75t_R         1  0.5    14    11     555    (-,-) 
  g943818/Y            -       A1->Y   R     AOI211xp5_ASAP7_75t_R         1  0.6    24    14     569    (-,-) 
  g943779/Y            -       B->Y    F     OAI21xp5_ASAP7_75t_R          2  0.9    16    12     581    (-,-) 
  g943758/Y            -       B->Y    R     NAND2xp5_ASAP7_75t_R          2  1.2    21    14     595    (-,-) 
  g832899/Y            -       A->Y    R     AND2x2_ASAP7_75t_R            2  2.2    12    22     616    (-,-) 
  g832212/Y            -       B->Y    F     NAND2x1_ASAP7_75t_R           1  1.3    11     9     626    (-,-) 
  fopt956767/Y         -       A->Y    F     BUFx6f_ASAP7_75t_R            7  8.5    11    17     642    (-,-) 
  fopt956766/Y         -       A->Y    F     BUFx6f_ASAP7_75t_R           22 13.2    15    19     661    (-,-) 
  g831376/Y            -       B2->Y   R     AOI22xp5_ASAP7_75t_R          1  0.6    18    12     673    (-,-) 
  retime_s146_1_reg/D  -       -       R     ASYNC_DFFHx1_ASAP7_75t_R      1    -     -     0     673    (-,-) 
#--------------------------------------------------------------------------------------------------------------



Path 12: VIOLATED (-228 ps) Setup Check with Pin retime_s192_8_reg/CLK->D
          Group: clk
     Startpoint: (R) retime_s56_1_reg/CLK
          Clock: (R) clk
       Endpoint: (R) retime_s192_8_reg/D
          Clock: (R) clk

                     Capture       Launch     
        Clock Edge:+     500            0     
       Src Latency:+       0            0     
       Net Latency:+       0 (I)        0 (I) 
           Arrival:=     500            0     
                                              
             Setup:-       6                  
       Uncertainty:-      50                  
     Required Time:=     444                  
      Launch Clock:-       0                  
         Data Path:-     673                  
             Slack:=    -228                  

#--------------------------------------------------------------------------------------------------------------
#    Timing Point      Flags    Arc    Edge           Cell            Fanout Load Trans Delay Arrival Instance 
#                                                                            (fF)  (ps)  (ps)   (ps)  Location 
#--------------------------------------------------------------------------------------------------------------
  retime_s56_1_reg/CLK -       -       R     (arrival)                 10660    -    25     0       0    (-,-) 
  retime_s56_1_reg/QN  -       CLK->QN R     ASYNC_DFFHx1_ASAP7_75t_R      2  2.6    26    52      52    (-,-) 
  fopt12/Y             -       A->Y    R     BUFx6f_ASAP7_75t_R            9  6.1    10    18      70    (-,-) 
  fopt11/Y             -       A->Y    F     INVx2_ASAP7_75t_R             3  1.8     7     6      76    (-,-) 
  fopt10/Y             -       A->Y    R     INVx1_ASAP7_75t_R             2  1.0     8     6      82    (-,-) 
  fopt956643/Y         -       A->Y    F     INVxp67_ASAP7_75t_R           1  0.5     6     6      88    (-,-) 
  g773787/Y            -       B2->Y   R     OAI221xp5_ASAP7_75t_R         2  1.2    35    17     105    (-,-) 
  g776677/Y            -       B->Y    R     XNOR2xp5_ASAP7_75t_R          1  1.6    32    24     129    (-,-) 
  g776303/Y            -       D->Y    F     NAND4xp75_ASAP7_75t_R         3  2.9    30    23     152    (-,-) 
  g776275/Y            -       A->Y    R     NOR3x1_ASAP7_75t_R            1  1.4    22    16     168    (-,-) 
  g776272/Y            -       B->Y    F     NAND3x1_ASAP7_75t_R           1  1.1    14    11     180    (-,-) 
  g776266/Y            -       A->Y    F     OR2x6_ASAP7_75t_R            16 13.3    20    31     210    (-,-) 
  g772475/Y            -       A->Y    R     INVx3_ASAP7_75t_R             5  5.5    16    13     223    (-,-) 
  g772470/Y            -       B->Y    R     AND2x4_ASAP7_75t_R           24 14.0    28    29     252    (-,-) 
  g955341/Y            -       A->Y    F     INVx2_ASAP7_75t_R             7  4.0    16    13     265    (-,-) 
  g953898/Y            -       B2->Y   R     AOI22xp5_ASAP7_75t_R          1  0.6    15    12     277    (-,-) 
  g953222/Y            -       B->Y    F     NAND2xp5_ASAP7_75t_R          1  1.4    19    14     291    (-,-) 
  g952687/Y            -       B->Y    R     NOR3x1_ASAP7_75t_R            2  1.3    18    15     306    (-,-) 
  g952171/Y            -       A->Y    F     NOR2xp67_ASAP7_75t_R          2  1.5    19    17     323    (-,-) 
  g948721/Y            -       C->Y    R     OAI211xp5_ASAP7_75t_R         1  1.3    31    16     339    (-,-) 
  g948354/Y            -       A->Y    F     INVx2_ASAP7_75t_R             4  4.9    19    15     354    (-,-) 
  g947561/Y            -       B->Y    F     AND2x6_ASAP7_75t_R           25 14.0    18    29     383    (-,-) 
  g946783/Y            -       A->Y    R     INVx2_ASAP7_75t_R             8  4.8    18    14     397    (-,-) 
  g945795/Y            -       B1->Y   F     OAI221xp5_ASAP7_75t_R         1  1.2    44    17     414    (-,-) 
  g945630/Y            -       B->Y    R     AOI21x1_ASAP7_75t_R           2  1.8    24    20     434    (-,-) 
  g945556/Y            -       A->Y    F     INVx2_ASAP7_75t_R             4  2.3    11     9     443    (-,-) 
  g945266/Y            -       A->Y    R     NAND2xp5_ASAP7_75t_R          3  1.3    18    13     456    (-,-) 
  g944863/Y            -       E->Y    F     NAND5xp2_ASAP7_75t_R          1  0.6    31    22     478    (-,-) 
  g944780/Y            -       A->Y    R     NOR3xp33_ASAP7_75t_R          1  0.6    26    19     497    (-,-) 
  g944702/Y            -       B->Y    F     NAND2xp5_ASAP7_75t_R          1  1.4    21    17     514    (-,-) 
  g944601/Y            -       A->Y    R     NOR3x1_ASAP7_75t_R            3  1.7    21    15     529    (-,-) 
  g944587/Y            -       A->Y    F     INVx1_ASAP7_75t_R             1  0.6     8     7     536    (-,-) 
  g944538/Y            -       A2->Y   R     OAI21xp5_ASAP7_75t_R          1  0.4    14     8     544    (-,-) 
  g944280/Y            -       A1->Y   F     OAI21xp33_ASAP7_75t_R         1  0.5    14    11     555    (-,-) 
  g943818/Y            -       A1->Y   R     AOI211xp5_ASAP7_75t_R         1  0.6    24    14     569    (-,-) 
  g943779/Y            -       B->Y    F     OAI21xp5_ASAP7_75t_R          2  0.9    16    12     581    (-,-) 
  g943758/Y            -       B->Y    R     NAND2xp5_ASAP7_75t_R          2  1.2    21    14     595    (-,-) 
  g832899/Y            -       A->Y    R     AND2x2_ASAP7_75t_R            2  2.2    12    22     616    (-,-) 
  g832212/Y            -       B->Y    F     NAND2x1_ASAP7_75t_R           1  1.3    11     9     626    (-,-) 
  fopt956767/Y         -       A->Y    F     BUFx6f_ASAP7_75t_R            7  8.5    11    17     642    (-,-) 
  fopt956766/Y         -       A->Y    F     BUFx6f_ASAP7_75t_R           22 13.2    15    19     661    (-,-) 
  g831377/Y            -       B2->Y   R     AOI22xp5_ASAP7_75t_R          1  0.6    17    12     673    (-,-) 
  retime_s192_8_reg/D  -       -       R     ASYNC_DFFHx1_ASAP7_75t_R      1    -     -     0     673    (-,-) 
#--------------------------------------------------------------------------------------------------------------



Path 13: VIOLATED (-228 ps) Setup Check with Pin retime_s29_41_reg/CLK->D
          Group: clk
     Startpoint: (R) retime_s56_1_reg/CLK
          Clock: (R) clk
       Endpoint: (R) retime_s29_41_reg/D
          Clock: (R) clk

                     Capture       Launch     
        Clock Edge:+     500            0     
       Src Latency:+       0            0     
       Net Latency:+       0 (I)        0 (I) 
           Arrival:=     500            0     
                                              
             Setup:-       6                  
       Uncertainty:-      50                  
     Required Time:=     444                  
      Launch Clock:-       0                  
         Data Path:-     673                  
             Slack:=    -228                  

#--------------------------------------------------------------------------------------------------------------
#    Timing Point      Flags    Arc    Edge           Cell            Fanout Load Trans Delay Arrival Instance 
#                                                                            (fF)  (ps)  (ps)   (ps)  Location 
#--------------------------------------------------------------------------------------------------------------
  retime_s56_1_reg/CLK -       -       R     (arrival)                 10660    -    25     0       0    (-,-) 
  retime_s56_1_reg/QN  -       CLK->QN R     ASYNC_DFFHx1_ASAP7_75t_R      2  2.6    26    52      52    (-,-) 
  fopt12/Y             -       A->Y    R     BUFx6f_ASAP7_75t_R            9  6.1    10    18      70    (-,-) 
  fopt11/Y             -       A->Y    F     INVx2_ASAP7_75t_R             3  1.8     7     6      76    (-,-) 
  fopt10/Y             -       A->Y    R     INVx1_ASAP7_75t_R             2  1.0     8     6      82    (-,-) 
  fopt956643/Y         -       A->Y    F     INVxp67_ASAP7_75t_R           1  0.5     6     6      88    (-,-) 
  g773787/Y            -       B2->Y   R     OAI221xp5_ASAP7_75t_R         2  1.2    35    17     105    (-,-) 
  g776677/Y            -       B->Y    R     XNOR2xp5_ASAP7_75t_R          1  1.6    32    24     129    (-,-) 
  g776303/Y            -       D->Y    F     NAND4xp75_ASAP7_75t_R         3  2.9    30    23     152    (-,-) 
  g776275/Y            -       A->Y    R     NOR3x1_ASAP7_75t_R            1  1.4    22    16     168    (-,-) 
  g776272/Y            -       B->Y    F     NAND3x1_ASAP7_75t_R           1  1.1    14    11     180    (-,-) 
  g776266/Y            -       A->Y    F     OR2x6_ASAP7_75t_R            16 13.3    20    31     210    (-,-) 
  g772475/Y            -       A->Y    R     INVx3_ASAP7_75t_R             5  5.5    16    13     223    (-,-) 
  g772470/Y            -       B->Y    R     AND2x4_ASAP7_75t_R           24 14.0    28    29     252    (-,-) 
  g955341/Y            -       A->Y    F     INVx2_ASAP7_75t_R             7  4.0    16    13     265    (-,-) 
  g953898/Y            -       B2->Y   R     AOI22xp5_ASAP7_75t_R          1  0.6    15    12     277    (-,-) 
  g953222/Y            -       B->Y    F     NAND2xp5_ASAP7_75t_R          1  1.4    19    14     291    (-,-) 
  g952687/Y            -       B->Y    R     NOR3x1_ASAP7_75t_R            2  1.3    18    15     306    (-,-) 
  g952171/Y            -       A->Y    F     NOR2xp67_ASAP7_75t_R          2  1.5    19    17     323    (-,-) 
  g948721/Y            -       C->Y    R     OAI211xp5_ASAP7_75t_R         1  1.3    31    16     339    (-,-) 
  g948354/Y            -       A->Y    F     INVx2_ASAP7_75t_R             4  4.9    19    15     354    (-,-) 
  g947561/Y            -       B->Y    F     AND2x6_ASAP7_75t_R           25 14.0    18    29     383    (-,-) 
  g946783/Y            -       A->Y    R     INVx2_ASAP7_75t_R             8  4.8    18    14     397    (-,-) 
  g945795/Y            -       B1->Y   F     OAI221xp5_ASAP7_75t_R         1  1.2    44    17     414    (-,-) 
  g945630/Y            -       B->Y    R     AOI21x1_ASAP7_75t_R           2  1.8    24    20     434    (-,-) 
  g945556/Y            -       A->Y    F     INVx2_ASAP7_75t_R             4  2.3    11     9     443    (-,-) 
  g945266/Y            -       A->Y    R     NAND2xp5_ASAP7_75t_R          3  1.3    18    13     456    (-,-) 
  g944863/Y            -       E->Y    F     NAND5xp2_ASAP7_75t_R          1  0.6    31    22     478    (-,-) 
  g944780/Y            -       A->Y    R     NOR3xp33_ASAP7_75t_R          1  0.6    26    19     497    (-,-) 
  g944702/Y            -       B->Y    F     NAND2xp5_ASAP7_75t_R          1  1.4    21    17     514    (-,-) 
  g944601/Y            -       A->Y    R     NOR3x1_ASAP7_75t_R            3  1.7    21    15     529    (-,-) 
  g944587/Y            -       A->Y    F     INVx1_ASAP7_75t_R             1  0.6     8     7     536    (-,-) 
  g944538/Y            -       A2->Y   R     OAI21xp5_ASAP7_75t_R          1  0.4    14     8     544    (-,-) 
  g944280/Y            -       A1->Y   F     OAI21xp33_ASAP7_75t_R         1  0.5    14    11     555    (-,-) 
  g943818/Y            -       A1->Y   R     AOI211xp5_ASAP7_75t_R         1  0.6    24    14     569    (-,-) 
  g943779/Y            -       B->Y    F     OAI21xp5_ASAP7_75t_R          2  0.9    16    12     581    (-,-) 
  g943758/Y            -       B->Y    R     NAND2xp5_ASAP7_75t_R          2  1.2    21    14     595    (-,-) 
  g832899/Y            -       A->Y    R     AND2x2_ASAP7_75t_R            2  2.2    12    22     616    (-,-) 
  g832212/Y            -       B->Y    F     NAND2x1_ASAP7_75t_R           1  1.3    11     9     626    (-,-) 
  fopt956767/Y         -       A->Y    F     BUFx6f_ASAP7_75t_R            7  8.5    11    17     642    (-,-) 
  fopt956766/Y         -       A->Y    F     BUFx6f_ASAP7_75t_R           22 13.2    15    19     661    (-,-) 
  g831392/Y            -       B2->Y   R     AOI22xp5_ASAP7_75t_R          1  0.6    17    12     673    (-,-) 
  retime_s29_41_reg/D  -       -       R     ASYNC_DFFHx1_ASAP7_75t_R      1    -     -     0     673    (-,-) 
#--------------------------------------------------------------------------------------------------------------



Path 14: VIOLATED (-228 ps) Setup Check with Pin retime_s295_109_reg/CLK->D
          Group: clk
     Startpoint: (R) retime_s56_1_reg/CLK
          Clock: (R) clk
       Endpoint: (R) retime_s295_109_reg/D
          Clock: (R) clk

                     Capture       Launch     
        Clock Edge:+     500            0     
       Src Latency:+       0            0     
       Net Latency:+       0 (I)        0 (I) 
           Arrival:=     500            0     
                                              
             Setup:-       6                  
       Uncertainty:-      50                  
     Required Time:=     444                  
      Launch Clock:-       0                  
         Data Path:-     673                  
             Slack:=    -228                  

#---------------------------------------------------------------------------------------------------------------
#     Timing Point      Flags    Arc    Edge           Cell            Fanout Load Trans Delay Arrival Instance 
#                                                                             (fF)  (ps)  (ps)   (ps)  Location 
#---------------------------------------------------------------------------------------------------------------
  retime_s56_1_reg/CLK  -       -       R     (arrival)                 10660    -    25     0       0    (-,-) 
  retime_s56_1_reg/QN   -       CLK->QN R     ASYNC_DFFHx1_ASAP7_75t_R      2  2.6    26    52      52    (-,-) 
  fopt12/Y              -       A->Y    R     BUFx6f_ASAP7_75t_R            9  6.1    10    18      70    (-,-) 
  fopt11/Y              -       A->Y    F     INVx2_ASAP7_75t_R             3  1.8     7     6      76    (-,-) 
  fopt10/Y              -       A->Y    R     INVx1_ASAP7_75t_R             2  1.0     8     6      82    (-,-) 
  fopt956643/Y          -       A->Y    F     INVxp67_ASAP7_75t_R           1  0.5     6     6      88    (-,-) 
  g773787/Y             -       B2->Y   R     OAI221xp5_ASAP7_75t_R         2  1.2    35    17     105    (-,-) 
  g776677/Y             -       B->Y    R     XNOR2xp5_ASAP7_75t_R          1  1.6    32    24     129    (-,-) 
  g776303/Y             -       D->Y    F     NAND4xp75_ASAP7_75t_R         3  2.9    30    23     152    (-,-) 
  g776275/Y             -       A->Y    R     NOR3x1_ASAP7_75t_R            1  1.4    22    16     168    (-,-) 
  g776272/Y             -       B->Y    F     NAND3x1_ASAP7_75t_R           1  1.1    14    11     180    (-,-) 
  g776266/Y             -       A->Y    F     OR2x6_ASAP7_75t_R            16 13.3    20    31     210    (-,-) 
  g772475/Y             -       A->Y    R     INVx3_ASAP7_75t_R             5  5.5    16    13     223    (-,-) 
  g772470/Y             -       B->Y    R     AND2x4_ASAP7_75t_R           24 14.0    28    29     252    (-,-) 
  g955341/Y             -       A->Y    F     INVx2_ASAP7_75t_R             7  4.0    16    13     265    (-,-) 
  g953898/Y             -       B2->Y   R     AOI22xp5_ASAP7_75t_R          1  0.6    15    12     277    (-,-) 
  g953222/Y             -       B->Y    F     NAND2xp5_ASAP7_75t_R          1  1.4    19    14     291    (-,-) 
  g952687/Y             -       B->Y    R     NOR3x1_ASAP7_75t_R            2  1.3    18    15     306    (-,-) 
  g952171/Y             -       A->Y    F     NOR2xp67_ASAP7_75t_R          2  1.5    19    17     323    (-,-) 
  g948721/Y             -       C->Y    R     OAI211xp5_ASAP7_75t_R         1  1.3    31    16     339    (-,-) 
  g948354/Y             -       A->Y    F     INVx2_ASAP7_75t_R             4  4.9    19    15     354    (-,-) 
  g947561/Y             -       B->Y    F     AND2x6_ASAP7_75t_R           25 14.0    18    29     383    (-,-) 
  g946783/Y             -       A->Y    R     INVx2_ASAP7_75t_R             8  4.8    18    14     397    (-,-) 
  g945795/Y             -       B1->Y   F     OAI221xp5_ASAP7_75t_R         1  1.2    44    17     414    (-,-) 
  g945630/Y             -       B->Y    R     AOI21x1_ASAP7_75t_R           2  1.8    24    20     434    (-,-) 
  g945556/Y             -       A->Y    F     INVx2_ASAP7_75t_R             4  2.3    11     9     443    (-,-) 
  g945266/Y             -       A->Y    R     NAND2xp5_ASAP7_75t_R          3  1.3    18    13     456    (-,-) 
  g944863/Y             -       E->Y    F     NAND5xp2_ASAP7_75t_R          1  0.6    31    22     478    (-,-) 
  g944780/Y             -       A->Y    R     NOR3xp33_ASAP7_75t_R          1  0.6    26    19     497    (-,-) 
  g944702/Y             -       B->Y    F     NAND2xp5_ASAP7_75t_R          1  1.4    21    17     514    (-,-) 
  g944601/Y             -       A->Y    R     NOR3x1_ASAP7_75t_R            3  1.7    21    15     529    (-,-) 
  g944587/Y             -       A->Y    F     INVx1_ASAP7_75t_R             1  0.6     8     7     536    (-,-) 
  g944538/Y             -       A2->Y   R     OAI21xp5_ASAP7_75t_R          1  0.4    14     8     544    (-,-) 
  g944280/Y             -       A1->Y   F     OAI21xp33_ASAP7_75t_R         1  0.5    14    11     555    (-,-) 
  g943818/Y             -       A1->Y   R     AOI211xp5_ASAP7_75t_R         1  0.6    24    14     569    (-,-) 
  g943779/Y             -       B->Y    F     OAI21xp5_ASAP7_75t_R          2  0.9    16    12     581    (-,-) 
  g943758/Y             -       B->Y    R     NAND2xp5_ASAP7_75t_R          2  1.2    21    14     595    (-,-) 
  g832899/Y             -       A->Y    R     AND2x2_ASAP7_75t_R            2  2.2    12    22     616    (-,-) 
  g832212/Y             -       B->Y    F     NAND2x1_ASAP7_75t_R           1  1.3    11     9     626    (-,-) 
  fopt956767/Y          -       A->Y    F     BUFx6f_ASAP7_75t_R            7  8.5    11    17     642    (-,-) 
  fopt956766/Y          -       A->Y    F     BUFx6f_ASAP7_75t_R           22 13.2    15    19     661    (-,-) 
  g831389/Y             -       B2->Y   R     AOI22xp5_ASAP7_75t_R          1  0.6    16    12     673    (-,-) 
  retime_s295_109_reg/D -       -       R     ASYNC_DFFHx1_ASAP7_75t_R      1    -     -     0     673    (-,-) 
#---------------------------------------------------------------------------------------------------------------



Path 15: VIOLATED (-228 ps) Setup Check with Pin retime_s263_13_reg/CLK->D
          Group: clk
     Startpoint: (R) retime_s56_1_reg/CLK
          Clock: (R) clk
       Endpoint: (R) retime_s263_13_reg/D
          Clock: (R) clk

                     Capture       Launch     
        Clock Edge:+     500            0     
       Src Latency:+       0            0     
       Net Latency:+       0 (I)        0 (I) 
           Arrival:=     500            0     
                                              
             Setup:-       6                  
       Uncertainty:-      50                  
     Required Time:=     444                  
      Launch Clock:-       0                  
         Data Path:-     673                  
             Slack:=    -228                  

#--------------------------------------------------------------------------------------------------------------
#    Timing Point      Flags    Arc    Edge           Cell            Fanout Load Trans Delay Arrival Instance 
#                                                                            (fF)  (ps)  (ps)   (ps)  Location 
#--------------------------------------------------------------------------------------------------------------
  retime_s56_1_reg/CLK -       -       R     (arrival)                 10660    -    25     0       0    (-,-) 
  retime_s56_1_reg/QN  -       CLK->QN R     ASYNC_DFFHx1_ASAP7_75t_R      2  2.6    26    52      52    (-,-) 
  fopt12/Y             -       A->Y    R     BUFx6f_ASAP7_75t_R            9  6.1    10    18      70    (-,-) 
  fopt11/Y             -       A->Y    F     INVx2_ASAP7_75t_R             3  1.8     7     6      76    (-,-) 
  fopt10/Y             -       A->Y    R     INVx1_ASAP7_75t_R             2  1.0     8     6      82    (-,-) 
  fopt956643/Y         -       A->Y    F     INVxp67_ASAP7_75t_R           1  0.5     6     6      88    (-,-) 
  g773787/Y            -       B2->Y   R     OAI221xp5_ASAP7_75t_R         2  1.2    35    17     105    (-,-) 
  g776677/Y            -       B->Y    R     XNOR2xp5_ASAP7_75t_R          1  1.6    32    24     129    (-,-) 
  g776303/Y            -       D->Y    F     NAND4xp75_ASAP7_75t_R         3  2.9    30    23     152    (-,-) 
  g776275/Y            -       A->Y    R     NOR3x1_ASAP7_75t_R            1  1.4    22    16     168    (-,-) 
  g776272/Y            -       B->Y    F     NAND3x1_ASAP7_75t_R           1  1.1    14    11     180    (-,-) 
  g776266/Y            -       A->Y    F     OR2x6_ASAP7_75t_R            16 13.3    20    31     210    (-,-) 
  g772475/Y            -       A->Y    R     INVx3_ASAP7_75t_R             5  5.5    16    13     223    (-,-) 
  g772470/Y            -       B->Y    R     AND2x4_ASAP7_75t_R           24 14.0    28    29     252    (-,-) 
  g955341/Y            -       A->Y    F     INVx2_ASAP7_75t_R             7  4.0    16    13     265    (-,-) 
  g953898/Y            -       B2->Y   R     AOI22xp5_ASAP7_75t_R          1  0.6    15    12     277    (-,-) 
  g953222/Y            -       B->Y    F     NAND2xp5_ASAP7_75t_R          1  1.4    19    14     291    (-,-) 
  g952687/Y            -       B->Y    R     NOR3x1_ASAP7_75t_R            2  1.3    18    15     306    (-,-) 
  g952171/Y            -       A->Y    F     NOR2xp67_ASAP7_75t_R          2  1.5    19    17     323    (-,-) 
  g948721/Y            -       C->Y    R     OAI211xp5_ASAP7_75t_R         1  1.3    31    16     339    (-,-) 
  g948354/Y            -       A->Y    F     INVx2_ASAP7_75t_R             4  4.9    19    15     354    (-,-) 
  g947561/Y            -       B->Y    F     AND2x6_ASAP7_75t_R           25 14.0    18    29     383    (-,-) 
  g946783/Y            -       A->Y    R     INVx2_ASAP7_75t_R             8  4.8    18    14     397    (-,-) 
  g945795/Y            -       B1->Y   F     OAI221xp5_ASAP7_75t_R         1  1.2    44    17     414    (-,-) 
  g945630/Y            -       B->Y    R     AOI21x1_ASAP7_75t_R           2  1.8    24    20     434    (-,-) 
  g945556/Y            -       A->Y    F     INVx2_ASAP7_75t_R             4  2.3    11     9     443    (-,-) 
  g945266/Y            -       A->Y    R     NAND2xp5_ASAP7_75t_R          3  1.3    18    13     456    (-,-) 
  g944863/Y            -       E->Y    F     NAND5xp2_ASAP7_75t_R          1  0.6    31    22     478    (-,-) 
  g944780/Y            -       A->Y    R     NOR3xp33_ASAP7_75t_R          1  0.6    26    19     497    (-,-) 
  g944702/Y            -       B->Y    F     NAND2xp5_ASAP7_75t_R          1  1.4    21    17     514    (-,-) 
  g944601/Y            -       A->Y    R     NOR3x1_ASAP7_75t_R            3  1.7    21    15     529    (-,-) 
  g944587/Y            -       A->Y    F     INVx1_ASAP7_75t_R             1  0.6     8     7     536    (-,-) 
  g944538/Y            -       A2->Y   R     OAI21xp5_ASAP7_75t_R          1  0.4    14     8     544    (-,-) 
  g944280/Y            -       A1->Y   F     OAI21xp33_ASAP7_75t_R         1  0.5    14    11     555    (-,-) 
  g943818/Y            -       A1->Y   R     AOI211xp5_ASAP7_75t_R         1  0.6    24    14     569    (-,-) 
  g943779/Y            -       B->Y    F     OAI21xp5_ASAP7_75t_R          2  0.9    16    12     581    (-,-) 
  g943758/Y            -       B->Y    R     NAND2xp5_ASAP7_75t_R          2  1.2    21    14     595    (-,-) 
  g832899/Y            -       A->Y    R     AND2x2_ASAP7_75t_R            2  2.2    12    22     616    (-,-) 
  g832212/Y            -       B->Y    F     NAND2x1_ASAP7_75t_R           1  1.3    11     9     626    (-,-) 
  fopt956767/Y         -       A->Y    F     BUFx6f_ASAP7_75t_R            7  8.5    11    17     642    (-,-) 
  fopt956766/Y         -       A->Y    F     BUFx6f_ASAP7_75t_R           22 13.2    15    19     661    (-,-) 
  g831383/Y            -       B2->Y   R     AOI22xp5_ASAP7_75t_R          1  0.6    16    12     673    (-,-) 
  retime_s263_13_reg/D -       -       R     ASYNC_DFFHx1_ASAP7_75t_R      1    -     -     0     673    (-,-) 
#--------------------------------------------------------------------------------------------------------------



Path 16: VIOLATED (-228 ps) Setup Check with Pin retime_s145_1_reg/CLK->D
          Group: clk
     Startpoint: (R) retime_s56_1_reg/CLK
          Clock: (R) clk
       Endpoint: (R) retime_s145_1_reg/D
          Clock: (R) clk

                     Capture       Launch     
        Clock Edge:+     500            0     
       Src Latency:+       0            0     
       Net Latency:+       0 (I)        0 (I) 
           Arrival:=     500            0     
                                              
             Setup:-       6                  
       Uncertainty:-      50                  
     Required Time:=     444                  
      Launch Clock:-       0                  
         Data Path:-     673                  
             Slack:=    -228                  

#--------------------------------------------------------------------------------------------------------------
#    Timing Point      Flags    Arc    Edge           Cell            Fanout Load Trans Delay Arrival Instance 
#                                                                            (fF)  (ps)  (ps)   (ps)  Location 
#--------------------------------------------------------------------------------------------------------------
  retime_s56_1_reg/CLK -       -       R     (arrival)                 10660    -    25     0       0    (-,-) 
  retime_s56_1_reg/QN  -       CLK->QN R     ASYNC_DFFHx1_ASAP7_75t_R      2  2.6    26    52      52    (-,-) 
  fopt12/Y             -       A->Y    R     BUFx6f_ASAP7_75t_R            9  6.1    10    18      70    (-,-) 
  fopt11/Y             -       A->Y    F     INVx2_ASAP7_75t_R             3  1.8     7     6      76    (-,-) 
  fopt10/Y             -       A->Y    R     INVx1_ASAP7_75t_R             2  1.0     8     6      82    (-,-) 
  fopt956643/Y         -       A->Y    F     INVxp67_ASAP7_75t_R           1  0.5     6     6      88    (-,-) 
  g773787/Y            -       B2->Y   R     OAI221xp5_ASAP7_75t_R         2  1.2    35    17     105    (-,-) 
  g776677/Y            -       B->Y    R     XNOR2xp5_ASAP7_75t_R          1  1.6    32    24     129    (-,-) 
  g776303/Y            -       D->Y    F     NAND4xp75_ASAP7_75t_R         3  2.9    30    23     152    (-,-) 
  g776275/Y            -       A->Y    R     NOR3x1_ASAP7_75t_R            1  1.4    22    16     168    (-,-) 
  g776272/Y            -       B->Y    F     NAND3x1_ASAP7_75t_R           1  1.1    14    11     180    (-,-) 
  g776266/Y            -       A->Y    F     OR2x6_ASAP7_75t_R            16 13.3    20    31     210    (-,-) 
  g772475/Y            -       A->Y    R     INVx3_ASAP7_75t_R             5  5.5    16    13     223    (-,-) 
  g772470/Y            -       B->Y    R     AND2x4_ASAP7_75t_R           24 14.0    28    29     252    (-,-) 
  g955341/Y            -       A->Y    F     INVx2_ASAP7_75t_R             7  4.0    16    13     265    (-,-) 
  g953898/Y            -       B2->Y   R     AOI22xp5_ASAP7_75t_R          1  0.6    15    12     277    (-,-) 
  g953222/Y            -       B->Y    F     NAND2xp5_ASAP7_75t_R          1  1.4    19    14     291    (-,-) 
  g952687/Y            -       B->Y    R     NOR3x1_ASAP7_75t_R            2  1.3    18    15     306    (-,-) 
  g952171/Y            -       A->Y    F     NOR2xp67_ASAP7_75t_R          2  1.5    19    17     323    (-,-) 
  g948721/Y            -       C->Y    R     OAI211xp5_ASAP7_75t_R         1  1.3    31    16     339    (-,-) 
  g948354/Y            -       A->Y    F     INVx2_ASAP7_75t_R             4  4.9    19    15     354    (-,-) 
  g947561/Y            -       B->Y    F     AND2x6_ASAP7_75t_R           25 14.0    18    29     383    (-,-) 
  g946783/Y            -       A->Y    R     INVx2_ASAP7_75t_R             8  4.8    18    14     397    (-,-) 
  g945795/Y            -       B1->Y   F     OAI221xp5_ASAP7_75t_R         1  1.2    44    17     414    (-,-) 
  g945630/Y            -       B->Y    R     AOI21x1_ASAP7_75t_R           2  1.8    24    20     434    (-,-) 
  g945556/Y            -       A->Y    F     INVx2_ASAP7_75t_R             4  2.3    11     9     443    (-,-) 
  g945266/Y            -       A->Y    R     NAND2xp5_ASAP7_75t_R          3  1.3    18    13     456    (-,-) 
  g944863/Y            -       E->Y    F     NAND5xp2_ASAP7_75t_R          1  0.6    31    22     478    (-,-) 
  g944780/Y            -       A->Y    R     NOR3xp33_ASAP7_75t_R          1  0.6    26    19     497    (-,-) 
  g944702/Y            -       B->Y    F     NAND2xp5_ASAP7_75t_R          1  1.4    21    17     514    (-,-) 
  g944601/Y            -       A->Y    R     NOR3x1_ASAP7_75t_R            3  1.7    21    15     529    (-,-) 
  g944587/Y            -       A->Y    F     INVx1_ASAP7_75t_R             1  0.6     8     7     536    (-,-) 
  g944538/Y            -       A2->Y   R     OAI21xp5_ASAP7_75t_R          1  0.4    14     8     544    (-,-) 
  g944280/Y            -       A1->Y   F     OAI21xp33_ASAP7_75t_R         1  0.5    14    11     555    (-,-) 
  g943818/Y            -       A1->Y   R     AOI211xp5_ASAP7_75t_R         1  0.6    24    14     569    (-,-) 
  g943779/Y            -       B->Y    F     OAI21xp5_ASAP7_75t_R          2  0.9    16    12     581    (-,-) 
  g943758/Y            -       B->Y    R     NAND2xp5_ASAP7_75t_R          2  1.2    21    14     595    (-,-) 
  g832899/Y            -       A->Y    R     AND2x2_ASAP7_75t_R            2  2.2    12    22     616    (-,-) 
  g832212/Y            -       B->Y    F     NAND2x1_ASAP7_75t_R           1  1.3    11     9     626    (-,-) 
  fopt956767/Y         -       A->Y    F     BUFx6f_ASAP7_75t_R            7  8.5    11    17     642    (-,-) 
  fopt956766/Y         -       A->Y    F     BUFx6f_ASAP7_75t_R           22 13.2    15    19     661    (-,-) 
  g831375/Y            -       B2->Y   R     AOI22xp5_ASAP7_75t_R          1  0.6    16    12     673    (-,-) 
  retime_s145_1_reg/D  -       -       R     ASYNC_DFFHx1_ASAP7_75t_R      1    -     -     0     673    (-,-) 
#--------------------------------------------------------------------------------------------------------------



Path 17: VIOLATED (-228 ps) Setup Check with Pin retime_s73_1_reg/CLK->D
          Group: clk
     Startpoint: (R) retime_s56_1_reg/CLK
          Clock: (R) clk
       Endpoint: (R) retime_s73_1_reg/D
          Clock: (R) clk

                     Capture       Launch     
        Clock Edge:+     500            0     
       Src Latency:+       0            0     
       Net Latency:+       0 (I)        0 (I) 
           Arrival:=     500            0     
                                              
             Setup:-       6                  
       Uncertainty:-      50                  
     Required Time:=     444                  
      Launch Clock:-       0                  
         Data Path:-     673                  
             Slack:=    -228                  

#--------------------------------------------------------------------------------------------------------------
#    Timing Point      Flags    Arc    Edge           Cell            Fanout Load Trans Delay Arrival Instance 
#                                                                            (fF)  (ps)  (ps)   (ps)  Location 
#--------------------------------------------------------------------------------------------------------------
  retime_s56_1_reg/CLK -       -       R     (arrival)                 10660    -    25     0       0    (-,-) 
  retime_s56_1_reg/QN  -       CLK->QN R     ASYNC_DFFHx1_ASAP7_75t_R      2  2.6    26    52      52    (-,-) 
  fopt12/Y             -       A->Y    R     BUFx6f_ASAP7_75t_R            9  6.1    10    18      70    (-,-) 
  fopt11/Y             -       A->Y    F     INVx2_ASAP7_75t_R             3  1.8     7     6      76    (-,-) 
  fopt10/Y             -       A->Y    R     INVx1_ASAP7_75t_R             2  1.0     8     6      82    (-,-) 
  fopt956643/Y         -       A->Y    F     INVxp67_ASAP7_75t_R           1  0.5     6     6      88    (-,-) 
  g773787/Y            -       B2->Y   R     OAI221xp5_ASAP7_75t_R         2  1.2    35    17     105    (-,-) 
  g776677/Y            -       B->Y    R     XNOR2xp5_ASAP7_75t_R          1  1.6    32    24     129    (-,-) 
  g776303/Y            -       D->Y    F     NAND4xp75_ASAP7_75t_R         3  2.9    30    23     152    (-,-) 
  g776275/Y            -       A->Y    R     NOR3x1_ASAP7_75t_R            1  1.4    22    16     168    (-,-) 
  g776272/Y            -       B->Y    F     NAND3x1_ASAP7_75t_R           1  1.1    14    11     180    (-,-) 
  g776266/Y            -       A->Y    F     OR2x6_ASAP7_75t_R            16 13.3    20    31     210    (-,-) 
  g772475/Y            -       A->Y    R     INVx3_ASAP7_75t_R             5  5.5    16    13     223    (-,-) 
  g772470/Y            -       B->Y    R     AND2x4_ASAP7_75t_R           24 14.0    28    29     252    (-,-) 
  g955341/Y            -       A->Y    F     INVx2_ASAP7_75t_R             7  4.0    16    13     265    (-,-) 
  g953898/Y            -       B2->Y   R     AOI22xp5_ASAP7_75t_R          1  0.6    15    12     277    (-,-) 
  g953222/Y            -       B->Y    F     NAND2xp5_ASAP7_75t_R          1  1.4    19    14     291    (-,-) 
  g952687/Y            -       B->Y    R     NOR3x1_ASAP7_75t_R            2  1.3    18    15     306    (-,-) 
  g952171/Y            -       A->Y    F     NOR2xp67_ASAP7_75t_R          2  1.5    19    17     323    (-,-) 
  g948721/Y            -       C->Y    R     OAI211xp5_ASAP7_75t_R         1  1.3    31    16     339    (-,-) 
  g948354/Y            -       A->Y    F     INVx2_ASAP7_75t_R             4  4.9    19    15     354    (-,-) 
  g947561/Y            -       B->Y    F     AND2x6_ASAP7_75t_R           25 14.0    18    29     383    (-,-) 
  g946783/Y            -       A->Y    R     INVx2_ASAP7_75t_R             8  4.8    18    14     397    (-,-) 
  g945795/Y            -       B1->Y   F     OAI221xp5_ASAP7_75t_R         1  1.2    44    17     414    (-,-) 
  g945630/Y            -       B->Y    R     AOI21x1_ASAP7_75t_R           2  1.8    24    20     434    (-,-) 
  g945556/Y            -       A->Y    F     INVx2_ASAP7_75t_R             4  2.3    11     9     443    (-,-) 
  g945266/Y            -       A->Y    R     NAND2xp5_ASAP7_75t_R          3  1.3    18    13     456    (-,-) 
  g944863/Y            -       E->Y    F     NAND5xp2_ASAP7_75t_R          1  0.6    31    22     478    (-,-) 
  g944780/Y            -       A->Y    R     NOR3xp33_ASAP7_75t_R          1  0.6    26    19     497    (-,-) 
  g944702/Y            -       B->Y    F     NAND2xp5_ASAP7_75t_R          1  1.4    21    17     514    (-,-) 
  g944601/Y            -       A->Y    R     NOR3x1_ASAP7_75t_R            3  1.7    21    15     529    (-,-) 
  g944587/Y            -       A->Y    F     INVx1_ASAP7_75t_R             1  0.6     8     7     536    (-,-) 
  g944538/Y            -       A2->Y   R     OAI21xp5_ASAP7_75t_R          1  0.4    14     8     544    (-,-) 
  g944280/Y            -       A1->Y   F     OAI21xp33_ASAP7_75t_R         1  0.5    14    11     555    (-,-) 
  g943818/Y            -       A1->Y   R     AOI211xp5_ASAP7_75t_R         1  0.6    24    14     569    (-,-) 
  g943779/Y            -       B->Y    F     OAI21xp5_ASAP7_75t_R          2  0.9    16    12     581    (-,-) 
  g943758/Y            -       B->Y    R     NAND2xp5_ASAP7_75t_R          2  1.2    21    14     595    (-,-) 
  g832899/Y            -       A->Y    R     AND2x2_ASAP7_75t_R            2  2.2    12    22     616    (-,-) 
  g832212/Y            -       B->Y    F     NAND2x1_ASAP7_75t_R           1  1.3    11     9     626    (-,-) 
  fopt956767/Y         -       A->Y    F     BUFx6f_ASAP7_75t_R            7  8.5    11    17     642    (-,-) 
  fopt956766/Y         -       A->Y    F     BUFx6f_ASAP7_75t_R           22 13.2    15    19     661    (-,-) 
  g831404/Y            -       B2->Y   R     AOI22xp5_ASAP7_75t_R          1  0.6    16    12     673    (-,-) 
  retime_s73_1_reg/D   -       -       R     ASYNC_DFFHx1_ASAP7_75t_R      1    -     -     0     673    (-,-) 
#--------------------------------------------------------------------------------------------------------------



Path 18: VIOLATED (-228 ps) Setup Check with Pin retime_s62_5_reg/CLK->D
          Group: clk
     Startpoint: (R) retime_s56_1_reg/CLK
          Clock: (R) clk
       Endpoint: (R) retime_s62_5_reg/D
          Clock: (R) clk

                     Capture       Launch     
        Clock Edge:+     500            0     
       Src Latency:+       0            0     
       Net Latency:+       0 (I)        0 (I) 
           Arrival:=     500            0     
                                              
             Setup:-       6                  
       Uncertainty:-      50                  
     Required Time:=     444                  
      Launch Clock:-       0                  
         Data Path:-     673                  
             Slack:=    -228                  

#--------------------------------------------------------------------------------------------------------------
#    Timing Point      Flags    Arc    Edge           Cell            Fanout Load Trans Delay Arrival Instance 
#                                                                            (fF)  (ps)  (ps)   (ps)  Location 
#--------------------------------------------------------------------------------------------------------------
  retime_s56_1_reg/CLK -       -       R     (arrival)                 10660    -    25     0       0    (-,-) 
  retime_s56_1_reg/QN  -       CLK->QN R     ASYNC_DFFHx1_ASAP7_75t_R      2  2.6    26    52      52    (-,-) 
  fopt12/Y             -       A->Y    R     BUFx6f_ASAP7_75t_R            9  6.1    10    18      70    (-,-) 
  fopt11/Y             -       A->Y    F     INVx2_ASAP7_75t_R             3  1.8     7     6      76    (-,-) 
  fopt10/Y             -       A->Y    R     INVx1_ASAP7_75t_R             2  1.0     8     6      82    (-,-) 
  fopt956643/Y         -       A->Y    F     INVxp67_ASAP7_75t_R           1  0.5     6     6      88    (-,-) 
  g773787/Y            -       B2->Y   R     OAI221xp5_ASAP7_75t_R         2  1.2    35    17     105    (-,-) 
  g776677/Y            -       B->Y    R     XNOR2xp5_ASAP7_75t_R          1  1.6    32    24     129    (-,-) 
  g776303/Y            -       D->Y    F     NAND4xp75_ASAP7_75t_R         3  2.9    30    23     152    (-,-) 
  g776275/Y            -       A->Y    R     NOR3x1_ASAP7_75t_R            1  1.4    22    16     168    (-,-) 
  g776272/Y            -       B->Y    F     NAND3x1_ASAP7_75t_R           1  1.1    14    11     180    (-,-) 
  g776266/Y            -       A->Y    F     OR2x6_ASAP7_75t_R            16 13.3    20    31     210    (-,-) 
  g772475/Y            -       A->Y    R     INVx3_ASAP7_75t_R             5  5.5    16    13     223    (-,-) 
  g772470/Y            -       B->Y    R     AND2x4_ASAP7_75t_R           24 14.0    28    29     252    (-,-) 
  g955341/Y            -       A->Y    F     INVx2_ASAP7_75t_R             7  4.0    16    13     265    (-,-) 
  g953898/Y            -       B2->Y   R     AOI22xp5_ASAP7_75t_R          1  0.6    15    12     277    (-,-) 
  g953222/Y            -       B->Y    F     NAND2xp5_ASAP7_75t_R          1  1.4    19    14     291    (-,-) 
  g952687/Y            -       B->Y    R     NOR3x1_ASAP7_75t_R            2  1.3    18    15     306    (-,-) 
  g952171/Y            -       A->Y    F     NOR2xp67_ASAP7_75t_R          2  1.5    19    17     323    (-,-) 
  g948721/Y            -       C->Y    R     OAI211xp5_ASAP7_75t_R         1  1.3    31    16     339    (-,-) 
  g948354/Y            -       A->Y    F     INVx2_ASAP7_75t_R             4  4.9    19    15     354    (-,-) 
  g947561/Y            -       B->Y    F     AND2x6_ASAP7_75t_R           25 14.0    18    29     383    (-,-) 
  g946783/Y            -       A->Y    R     INVx2_ASAP7_75t_R             8  4.8    18    14     397    (-,-) 
  g945795/Y            -       B1->Y   F     OAI221xp5_ASAP7_75t_R         1  1.2    44    17     414    (-,-) 
  g945630/Y            -       B->Y    R     AOI21x1_ASAP7_75t_R           2  1.8    24    20     434    (-,-) 
  g945556/Y            -       A->Y    F     INVx2_ASAP7_75t_R             4  2.3    11     9     443    (-,-) 
  g945266/Y            -       A->Y    R     NAND2xp5_ASAP7_75t_R          3  1.3    18    13     456    (-,-) 
  g944863/Y            -       E->Y    F     NAND5xp2_ASAP7_75t_R          1  0.6    31    22     478    (-,-) 
  g944780/Y            -       A->Y    R     NOR3xp33_ASAP7_75t_R          1  0.6    26    19     497    (-,-) 
  g944702/Y            -       B->Y    F     NAND2xp5_ASAP7_75t_R          1  1.4    21    17     514    (-,-) 
  g944601/Y            -       A->Y    R     NOR3x1_ASAP7_75t_R            3  1.7    21    15     529    (-,-) 
  g944587/Y            -       A->Y    F     INVx1_ASAP7_75t_R             1  0.6     8     7     536    (-,-) 
  g944538/Y            -       A2->Y   R     OAI21xp5_ASAP7_75t_R          1  0.4    14     8     544    (-,-) 
  g944280/Y            -       A1->Y   F     OAI21xp33_ASAP7_75t_R         1  0.5    14    11     555    (-,-) 
  g943818/Y            -       A1->Y   R     AOI211xp5_ASAP7_75t_R         1  0.6    24    14     569    (-,-) 
  g943779/Y            -       B->Y    F     OAI21xp5_ASAP7_75t_R          2  0.9    16    12     581    (-,-) 
  g943758/Y            -       B->Y    R     NAND2xp5_ASAP7_75t_R          2  1.2    21    14     595    (-,-) 
  g832899/Y            -       A->Y    R     AND2x2_ASAP7_75t_R            2  2.2    12    22     616    (-,-) 
  g832212/Y            -       B->Y    F     NAND2x1_ASAP7_75t_R           1  1.3    11     9     626    (-,-) 
  fopt956767/Y         -       A->Y    F     BUFx6f_ASAP7_75t_R            7  8.5    11    17     642    (-,-) 
  fopt956766/Y         -       A->Y    F     BUFx6f_ASAP7_75t_R           22 13.2    15    19     661    (-,-) 
  g831398/Y            -       B2->Y   R     AOI22xp5_ASAP7_75t_R          1  0.6    16    12     673    (-,-) 
  retime_s62_5_reg/D   -       -       R     ASYNC_DFFHx1_ASAP7_75t_R      1    -     -     0     673    (-,-) 
#--------------------------------------------------------------------------------------------------------------



Path 19: VIOLATED (-228 ps) Setup Check with Pin retime_s62_3_reg/CLK->D
          Group: clk
     Startpoint: (R) retime_s56_1_reg/CLK
          Clock: (R) clk
       Endpoint: (R) retime_s62_3_reg/D
          Clock: (R) clk

                     Capture       Launch     
        Clock Edge:+     500            0     
       Src Latency:+       0            0     
       Net Latency:+       0 (I)        0 (I) 
           Arrival:=     500            0     
                                              
             Setup:-       6                  
       Uncertainty:-      50                  
     Required Time:=     444                  
      Launch Clock:-       0                  
         Data Path:-     673                  
             Slack:=    -228                  

#--------------------------------------------------------------------------------------------------------------
#    Timing Point      Flags    Arc    Edge           Cell            Fanout Load Trans Delay Arrival Instance 
#                                                                            (fF)  (ps)  (ps)   (ps)  Location 
#--------------------------------------------------------------------------------------------------------------
  retime_s56_1_reg/CLK -       -       R     (arrival)                 10660    -    25     0       0    (-,-) 
  retime_s56_1_reg/QN  -       CLK->QN R     ASYNC_DFFHx1_ASAP7_75t_R      2  2.6    26    52      52    (-,-) 
  fopt12/Y             -       A->Y    R     BUFx6f_ASAP7_75t_R            9  6.1    10    18      70    (-,-) 
  fopt11/Y             -       A->Y    F     INVx2_ASAP7_75t_R             3  1.8     7     6      76    (-,-) 
  fopt10/Y             -       A->Y    R     INVx1_ASAP7_75t_R             2  1.0     8     6      82    (-,-) 
  fopt956643/Y         -       A->Y    F     INVxp67_ASAP7_75t_R           1  0.5     6     6      88    (-,-) 
  g773787/Y            -       B2->Y   R     OAI221xp5_ASAP7_75t_R         2  1.2    35    17     105    (-,-) 
  g776677/Y            -       B->Y    R     XNOR2xp5_ASAP7_75t_R          1  1.6    32    24     129    (-,-) 
  g776303/Y            -       D->Y    F     NAND4xp75_ASAP7_75t_R         3  2.9    30    23     152    (-,-) 
  g776275/Y            -       A->Y    R     NOR3x1_ASAP7_75t_R            1  1.4    22    16     168    (-,-) 
  g776272/Y            -       B->Y    F     NAND3x1_ASAP7_75t_R           1  1.1    14    11     180    (-,-) 
  g776266/Y            -       A->Y    F     OR2x6_ASAP7_75t_R            16 13.3    20    31     210    (-,-) 
  g772475/Y            -       A->Y    R     INVx3_ASAP7_75t_R             5  5.5    16    13     223    (-,-) 
  g772470/Y            -       B->Y    R     AND2x4_ASAP7_75t_R           24 14.0    28    29     252    (-,-) 
  g955341/Y            -       A->Y    F     INVx2_ASAP7_75t_R             7  4.0    16    13     265    (-,-) 
  g953898/Y            -       B2->Y   R     AOI22xp5_ASAP7_75t_R          1  0.6    15    12     277    (-,-) 
  g953222/Y            -       B->Y    F     NAND2xp5_ASAP7_75t_R          1  1.4    19    14     291    (-,-) 
  g952687/Y            -       B->Y    R     NOR3x1_ASAP7_75t_R            2  1.3    18    15     306    (-,-) 
  g952171/Y            -       A->Y    F     NOR2xp67_ASAP7_75t_R          2  1.5    19    17     323    (-,-) 
  g948721/Y            -       C->Y    R     OAI211xp5_ASAP7_75t_R         1  1.3    31    16     339    (-,-) 
  g948354/Y            -       A->Y    F     INVx2_ASAP7_75t_R             4  4.9    19    15     354    (-,-) 
  g947561/Y            -       B->Y    F     AND2x6_ASAP7_75t_R           25 14.0    18    29     383    (-,-) 
  g946783/Y            -       A->Y    R     INVx2_ASAP7_75t_R             8  4.8    18    14     397    (-,-) 
  g945795/Y            -       B1->Y   F     OAI221xp5_ASAP7_75t_R         1  1.2    44    17     414    (-,-) 
  g945630/Y            -       B->Y    R     AOI21x1_ASAP7_75t_R           2  1.8    24    20     434    (-,-) 
  g945556/Y            -       A->Y    F     INVx2_ASAP7_75t_R             4  2.3    11     9     443    (-,-) 
  g945266/Y            -       A->Y    R     NAND2xp5_ASAP7_75t_R          3  1.3    18    13     456    (-,-) 
  g944863/Y            -       E->Y    F     NAND5xp2_ASAP7_75t_R          1  0.6    31    22     478    (-,-) 
  g944780/Y            -       A->Y    R     NOR3xp33_ASAP7_75t_R          1  0.6    26    19     497    (-,-) 
  g944702/Y            -       B->Y    F     NAND2xp5_ASAP7_75t_R          1  1.4    21    17     514    (-,-) 
  g944601/Y            -       A->Y    R     NOR3x1_ASAP7_75t_R            3  1.7    21    15     529    (-,-) 
  g944587/Y            -       A->Y    F     INVx1_ASAP7_75t_R             1  0.6     8     7     536    (-,-) 
  g944538/Y            -       A2->Y   R     OAI21xp5_ASAP7_75t_R          1  0.4    14     8     544    (-,-) 
  g944280/Y            -       A1->Y   F     OAI21xp33_ASAP7_75t_R         1  0.5    14    11     555    (-,-) 
  g943818/Y            -       A1->Y   R     AOI211xp5_ASAP7_75t_R         1  0.6    24    14     569    (-,-) 
  g943779/Y            -       B->Y    F     OAI21xp5_ASAP7_75t_R          2  0.9    16    12     581    (-,-) 
  g943758/Y            -       B->Y    R     NAND2xp5_ASAP7_75t_R          2  1.2    21    14     595    (-,-) 
  g832899/Y            -       A->Y    R     AND2x2_ASAP7_75t_R            2  2.2    12    22     616    (-,-) 
  g832212/Y            -       B->Y    F     NAND2x1_ASAP7_75t_R           1  1.3    11     9     626    (-,-) 
  fopt956767/Y         -       A->Y    F     BUFx6f_ASAP7_75t_R            7  8.5    11    17     642    (-,-) 
  fopt956766/Y         -       A->Y    F     BUFx6f_ASAP7_75t_R           22 13.2    15    19     661    (-,-) 
  g831396/Y            -       B2->Y   R     AOI22xp5_ASAP7_75t_R          1  0.6    16    12     673    (-,-) 
  retime_s62_3_reg/D   -       -       R     ASYNC_DFFHx1_ASAP7_75t_R      1    -     -     0     673    (-,-) 
#--------------------------------------------------------------------------------------------------------------



Path 20: VIOLATED (-228 ps) Setup Check with Pin retime_s57_770_reg/CLK->D
          Group: clk
     Startpoint: (R) retime_s56_1_reg/CLK
          Clock: (R) clk
       Endpoint: (R) retime_s57_770_reg/D
          Clock: (R) clk

                     Capture       Launch     
        Clock Edge:+     500            0     
       Src Latency:+       0            0     
       Net Latency:+       0 (I)        0 (I) 
           Arrival:=     500            0     
                                              
             Setup:-       6                  
       Uncertainty:-      50                  
     Required Time:=     444                  
      Launch Clock:-       0                  
         Data Path:-     673                  
             Slack:=    -228                  

#--------------------------------------------------------------------------------------------------------------
#    Timing Point      Flags    Arc    Edge           Cell            Fanout Load Trans Delay Arrival Instance 
#                                                                            (fF)  (ps)  (ps)   (ps)  Location 
#--------------------------------------------------------------------------------------------------------------
  retime_s56_1_reg/CLK -       -       R     (arrival)                 10660    -    25     0       0    (-,-) 
  retime_s56_1_reg/QN  -       CLK->QN R     ASYNC_DFFHx1_ASAP7_75t_R      2  2.6    26    52      52    (-,-) 
  fopt12/Y             -       A->Y    R     BUFx6f_ASAP7_75t_R            9  6.1    10    18      70    (-,-) 
  fopt11/Y             -       A->Y    F     INVx2_ASAP7_75t_R             3  1.8     7     6      76    (-,-) 
  fopt10/Y             -       A->Y    R     INVx1_ASAP7_75t_R             2  1.0     8     6      82    (-,-) 
  fopt956643/Y         -       A->Y    F     INVxp67_ASAP7_75t_R           1  0.5     6     6      88    (-,-) 
  g773787/Y            -       B2->Y   R     OAI221xp5_ASAP7_75t_R         2  1.2    35    17     105    (-,-) 
  g776677/Y            -       B->Y    R     XNOR2xp5_ASAP7_75t_R          1  1.6    32    24     129    (-,-) 
  g776303/Y            -       D->Y    F     NAND4xp75_ASAP7_75t_R         3  2.9    30    23     152    (-,-) 
  g776275/Y            -       A->Y    R     NOR3x1_ASAP7_75t_R            1  1.4    22    16     168    (-,-) 
  g776272/Y            -       B->Y    F     NAND3x1_ASAP7_75t_R           1  1.1    14    11     180    (-,-) 
  g776266/Y            -       A->Y    F     OR2x6_ASAP7_75t_R            16 13.3    20    31     210    (-,-) 
  g772475/Y            -       A->Y    R     INVx3_ASAP7_75t_R             5  5.5    16    13     223    (-,-) 
  g772470/Y            -       B->Y    R     AND2x4_ASAP7_75t_R           24 14.0    28    29     252    (-,-) 
  g955341/Y            -       A->Y    F     INVx2_ASAP7_75t_R             7  4.0    16    13     265    (-,-) 
  g953898/Y            -       B2->Y   R     AOI22xp5_ASAP7_75t_R          1  0.6    15    12     277    (-,-) 
  g953222/Y            -       B->Y    F     NAND2xp5_ASAP7_75t_R          1  1.4    19    14     291    (-,-) 
  g952687/Y            -       B->Y    R     NOR3x1_ASAP7_75t_R            2  1.3    18    15     306    (-,-) 
  g952171/Y            -       A->Y    F     NOR2xp67_ASAP7_75t_R          2  1.5    19    17     323    (-,-) 
  g948721/Y            -       C->Y    R     OAI211xp5_ASAP7_75t_R         1  1.3    31    16     339    (-,-) 
  g948354/Y            -       A->Y    F     INVx2_ASAP7_75t_R             4  4.9    19    15     354    (-,-) 
  g947561/Y            -       B->Y    F     AND2x6_ASAP7_75t_R           25 14.0    18    29     383    (-,-) 
  g946783/Y            -       A->Y    R     INVx2_ASAP7_75t_R             8  4.8    18    14     397    (-,-) 
  g945795/Y            -       B1->Y   F     OAI221xp5_ASAP7_75t_R         1  1.2    44    17     414    (-,-) 
  g945630/Y            -       B->Y    R     AOI21x1_ASAP7_75t_R           2  1.8    24    20     434    (-,-) 
  g945556/Y            -       A->Y    F     INVx2_ASAP7_75t_R             4  2.3    11     9     443    (-,-) 
  g945266/Y            -       A->Y    R     NAND2xp5_ASAP7_75t_R          3  1.3    18    13     456    (-,-) 
  g944863/Y            -       E->Y    F     NAND5xp2_ASAP7_75t_R          1  0.6    31    22     478    (-,-) 
  g944780/Y            -       A->Y    R     NOR3xp33_ASAP7_75t_R          1  0.6    26    19     497    (-,-) 
  g944702/Y            -       B->Y    F     NAND2xp5_ASAP7_75t_R          1  1.4    21    17     514    (-,-) 
  g944601/Y            -       A->Y    R     NOR3x1_ASAP7_75t_R            3  1.7    21    15     529    (-,-) 
  g944587/Y            -       A->Y    F     INVx1_ASAP7_75t_R             1  0.6     8     7     536    (-,-) 
  g944538/Y            -       A2->Y   R     OAI21xp5_ASAP7_75t_R          1  0.4    14     8     544    (-,-) 
  g944280/Y            -       A1->Y   F     OAI21xp33_ASAP7_75t_R         1  0.5    14    11     555    (-,-) 
  g943818/Y            -       A1->Y   R     AOI211xp5_ASAP7_75t_R         1  0.6    24    14     569    (-,-) 
  g943779/Y            -       B->Y    F     OAI21xp5_ASAP7_75t_R          2  0.9    16    12     581    (-,-) 
  g943758/Y            -       B->Y    R     NAND2xp5_ASAP7_75t_R          2  1.2    21    14     595    (-,-) 
  g832899/Y            -       A->Y    R     AND2x2_ASAP7_75t_R            2  2.2    12    22     616    (-,-) 
  g832212/Y            -       B->Y    F     NAND2x1_ASAP7_75t_R           1  1.3    11     9     626    (-,-) 
  fopt956767/Y         -       A->Y    F     BUFx6f_ASAP7_75t_R            7  8.5    11    17     642    (-,-) 
  fopt956766/Y         -       A->Y    F     BUFx6f_ASAP7_75t_R           22 13.2    15    19     661    (-,-) 
  g831394/Y            -       B2->Y   R     AOI22xp5_ASAP7_75t_R          1  0.6    16    12     673    (-,-) 
  retime_s57_770_reg/D -       -       R     ASYNC_DFFHx1_ASAP7_75t_R      1    -     -     0     673    (-,-) 
#--------------------------------------------------------------------------------------------------------------



Path 21: VIOLATED (-228 ps) Setup Check with Pin retime_s257_26_reg/CLK->D
          Group: clk
     Startpoint: (R) retime_s5_100_reg/CLK
          Clock: (R) clk
       Endpoint: (F) retime_s257_26_reg/D
          Clock: (R) clk

                     Capture       Launch     
        Clock Edge:+     500            0     
       Src Latency:+       0            0     
       Net Latency:+       0 (I)        0 (I) 
           Arrival:=     500            0     
                                              
             Setup:-       4                  
       Uncertainty:-      50                  
     Required Time:=     446                  
      Launch Clock:-       0                  
         Data Path:-     674                  
             Slack:=    -228                  

#---------------------------------------------------------------------------------------------------------------
#     Timing Point      Flags    Arc    Edge           Cell            Fanout Load Trans Delay Arrival Instance 
#                                                                             (fF)  (ps)  (ps)   (ps)  Location 
#---------------------------------------------------------------------------------------------------------------
  retime_s5_100_reg/CLK -       -       R     (arrival)                 10660    -    25     0       0    (-,-) 
  retime_s5_100_reg/QN  -       CLK->QN R     ASYNC_DFFHx1_ASAP7_75t_R      3  1.6    20    48      48    (-,-) 
  g805236/Y             -       A->Y    F     INVx1_ASAP7_75t_R             3  1.9    14    11      59    (-,-) 
  g805234/Y             -       A->Y    R     INVx1_ASAP7_75t_R             8  5.2    33    20      79    (-,-) 
  g804837/Y             -       A2->Y   R     AO22x1_ASAP7_75t_R            6  3.1    23    30     110    (-,-) 
  g804449/Y             -       B->Y    F     NOR2xp33_ASAP7_75t_R          2  1.1    23    19     129    (-,-) 
  g804156/Y             -       B->Y    R     NAND2xp5_ASAP7_75t_R          3  1.6    22    18     147    (-,-) 
  g804092/Y             -       A->Y    F     NOR2xp33_ASAP7_75t_R          1  0.5    16    15     162    (-,-) 
  g803772/Y             -       B->Y    R     NAND3xp33_ASAP7_75t_R         1  0.7    15    13     175    (-,-) 
  fopt956707/Y          -       A->Y    F     INVx1_ASAP7_75t_R             3  1.5    11     9     184    (-,-) 
  g953162/Y             -       B->Y    R     AOI21xp5_ASAP7_75t_R          1  0.5    13    10     194    (-,-) 
  g952173/Y             -       C->Y    F     OAI211xp5_ASAP7_75t_R         1  0.4    15    10     204    (-,-) 
  g951730/Y             -       A->Y    R     NOR2xp33_ASAP7_75t_R          1  0.6    19    14     218    (-,-) 
  g949655/Y             -       B->Y    F     NAND2xp5_ASAP7_75t_R          2  1.2    18    14     232    (-,-) 
  g948396/Y             -       A->Y    R     NAND2xp5_ASAP7_75t_R          1  0.6    13    12     244    (-,-) 
  g947553/Y             -       B->Y    F     OAI21xp5_ASAP7_75t_R          4  2.1    24    15     259    (-,-) 
  g946534/Y             -       A->Y    R     NAND2xp5_ASAP7_75t_R          2  1.9    26    21     280    (-,-) 
  g946334/Y             -       A->Y    F     INVx2_ASAP7_75t_R             1  1.1     8     7     286    (-,-) 
  g946195/Y             -       B->Y    F     AND2x4_ASAP7_75t_R            5  3.0     8    17     303    (-,-) 
  g946057/Y             -       A->Y    F     BUFx3_ASAP7_75t_R             4  2.9     8    15     318    (-,-) 
  g945823/Y             -       A2->Y   R     AOI21xp5_ASAP7_75t_R          2  1.3    22    13     331    (-,-) 
  g945757/Y             -       A->Y    F     INVx1_ASAP7_75t_R             2  1.2    11    10     341    (-,-) 
  g945353/Y             -       B2->Y   R     AOI22xp5_ASAP7_75t_R          1  0.5    14    11     351    (-,-) 
  g944745/Y             -       D->Y    F     NAND4xp25_ASAP7_75t_R         1  0.6    26    17     368    (-,-) 
  g944653/Y             -       C1->Y   R     OAI311xp33_ASAP7_75t_R        1  0.5    23    12     380    (-,-) 
  g944573/Y             -       A->Y    F     NAND2xp5_ASAP7_75t_R          1  1.0    15    13     392    (-,-) 
  g944567/Y             -       B->Y    R     AOI211x1_ASAP7_75t_R          2  0.9    17    12     405    (-,-) 
  g944544/Y             -       B->Y    R     AND2x2_ASAP7_75t_R            3  2.7    14    23     427    (-,-) 
  g944537/Y             -       A->Y    F     INVx2_ASAP7_75t_R             5  4.0    13    10     437    (-,-) 
  g843708/Y             -       A->Y    F     BUFx3_ASAP7_75t_R             7  4.8    11    18     455    (-,-) 
  g837026/Y             -       B2->Y   R     AOI22xp5_ASAP7_75t_R          2  1.3    24    15     470    (-,-) 
  g835699/Y             -       A->Y    F     NOR2x1_ASAP7_75t_R            2  1.6    17    16     486    (-,-) 
  g832201/Y             -       B->Y    R     NOR2x1_ASAP7_75t_R            2  0.9    13    11     497    (-,-) 
  g831551/Y             -       B->Y    F     OAI21xp5_ASAP7_75t_R          2  1.2    21    12     508    (-,-) 
  g831245/Y             -       B->Y    R     NOR2xp67_ASAP7_75t_R          2  1.0    18    14     522    (-,-) 
  g831079/Y             -       B->Y    F     NAND2xp67_ASAP7_75t_R         2  0.9    13    10     532    (-,-) 
  g830860/Y             -       B->Y    R     AOI21xp5_ASAP7_75t_R          2  0.9    17    13     545    (-,-) 
  g830758/Y             -       B->Y    F     OAI21xp5_ASAP7_75t_R          2  1.9    27    15     560    (-,-) 
  g830635/Y             -       B->Y    R     NOR2x1p5_ASAP7_75t_R          2  1.9    18    14     574    (-,-) 
  g830561/Y             -       B->Y    F     NAND2x1p5_ASAP7_75t_R         2  1.9    13    10     585    (-,-) 
  g830494/Y             -       B->Y    R     NOR2x1p5_ASAP7_75t_R          2  1.9    15    11     596    (-,-) 
  g830458/Y             -       B->Y    F     NAND2x1p5_ASAP7_75t_R         2  1.9    12    10     606    (-,-) 
  g830389/Y             -       B->Y    R     NOR2x1p5_ASAP7_75t_R          5  2.8    19    13     619    (-,-) 
  g830336/Y             -       B->Y    F     OAI21xp5_ASAP7_75t_R          3  1.5    26    14     633    (-,-) 
  g830315/Y             -       A->Y    R     INVx1_ASAP7_75t_R             2  1.2    14    12     644    (-,-) 
  g830312/Y             -       B->Y    F     OAI21xp5_ASAP7_75t_R          1  0.6    12     9     653    (-,-) 
  g830187/Y             -       A2->Y   R     OAI22xp5_ASAP7_75t_R          1  0.6    18    10     664    (-,-) 
  g830017/Y             -       A1->Y   F     AOI21xp5_ASAP7_75t_R          1  0.6    21    10     674    (-,-) 
  retime_s257_26_reg/D  -       -       F     ASYNC_DFFHx1_ASAP7_75t_R      1    -     -     0     674    (-,-) 
#---------------------------------------------------------------------------------------------------------------



Path 22: VIOLATED (-228 ps) Setup Check with Pin retime_s230_11_reg/CLK->D
          Group: clk
     Startpoint: (R) retime_s56_1_reg/CLK
          Clock: (R) clk
       Endpoint: (R) retime_s230_11_reg/D
          Clock: (R) clk

                     Capture       Launch     
        Clock Edge:+     500            0     
       Src Latency:+       0            0     
       Net Latency:+       0 (I)        0 (I) 
           Arrival:=     500            0     
                                              
             Setup:-       6                  
       Uncertainty:-      50                  
     Required Time:=     444                  
      Launch Clock:-       0                  
         Data Path:-     673                  
             Slack:=    -228                  

#--------------------------------------------------------------------------------------------------------------
#    Timing Point      Flags    Arc    Edge           Cell            Fanout Load Trans Delay Arrival Instance 
#                                                                            (fF)  (ps)  (ps)   (ps)  Location 
#--------------------------------------------------------------------------------------------------------------
  retime_s56_1_reg/CLK -       -       R     (arrival)                 10660    -    25     0       0    (-,-) 
  retime_s56_1_reg/QN  -       CLK->QN R     ASYNC_DFFHx1_ASAP7_75t_R      2  2.6    26    52      52    (-,-) 
  fopt12/Y             -       A->Y    R     BUFx6f_ASAP7_75t_R            9  6.1    10    18      70    (-,-) 
  fopt11/Y             -       A->Y    F     INVx2_ASAP7_75t_R             3  1.8     7     6      76    (-,-) 
  fopt10/Y             -       A->Y    R     INVx1_ASAP7_75t_R             2  1.0     8     6      82    (-,-) 
  fopt956643/Y         -       A->Y    F     INVxp67_ASAP7_75t_R           1  0.5     6     6      88    (-,-) 
  g773787/Y            -       B2->Y   R     OAI221xp5_ASAP7_75t_R         2  1.2    35    17     105    (-,-) 
  g776677/Y            -       B->Y    R     XNOR2xp5_ASAP7_75t_R          1  1.6    32    24     129    (-,-) 
  g776303/Y            -       D->Y    F     NAND4xp75_ASAP7_75t_R         3  2.9    30    23     152    (-,-) 
  g776275/Y            -       A->Y    R     NOR3x1_ASAP7_75t_R            1  1.4    22    16     168    (-,-) 
  g776272/Y            -       B->Y    F     NAND3x1_ASAP7_75t_R           1  1.1    14    11     180    (-,-) 
  g776266/Y            -       A->Y    F     OR2x6_ASAP7_75t_R            16 13.3    20    31     210    (-,-) 
  g772475/Y            -       A->Y    R     INVx3_ASAP7_75t_R             5  5.5    16    13     223    (-,-) 
  g772470/Y            -       B->Y    R     AND2x4_ASAP7_75t_R           24 14.0    28    29     252    (-,-) 
  g955341/Y            -       A->Y    F     INVx2_ASAP7_75t_R             7  4.0    16    13     265    (-,-) 
  g953898/Y            -       B2->Y   R     AOI22xp5_ASAP7_75t_R          1  0.6    15    12     277    (-,-) 
  g953222/Y            -       B->Y    F     NAND2xp5_ASAP7_75t_R          1  1.4    19    14     291    (-,-) 
  g952687/Y            -       B->Y    R     NOR3x1_ASAP7_75t_R            2  1.3    18    15     306    (-,-) 
  g952171/Y            -       A->Y    F     NOR2xp67_ASAP7_75t_R          2  1.5    19    17     323    (-,-) 
  g948721/Y            -       C->Y    R     OAI211xp5_ASAP7_75t_R         1  1.3    31    16     339    (-,-) 
  g948354/Y            -       A->Y    F     INVx2_ASAP7_75t_R             4  4.9    19    15     354    (-,-) 
  g947561/Y            -       B->Y    F     AND2x6_ASAP7_75t_R           25 14.0    18    29     383    (-,-) 
  g946783/Y            -       A->Y    R     INVx2_ASAP7_75t_R             8  4.8    18    14     397    (-,-) 
  g945795/Y            -       B1->Y   F     OAI221xp5_ASAP7_75t_R         1  1.2    44    17     414    (-,-) 
  g945630/Y            -       B->Y    R     AOI21x1_ASAP7_75t_R           2  1.8    24    20     434    (-,-) 
  g945556/Y            -       A->Y    F     INVx2_ASAP7_75t_R             4  2.3    11     9     443    (-,-) 
  g945266/Y            -       A->Y    R     NAND2xp5_ASAP7_75t_R          3  1.3    18    13     456    (-,-) 
  g944863/Y            -       E->Y    F     NAND5xp2_ASAP7_75t_R          1  0.6    31    22     478    (-,-) 
  g944780/Y            -       A->Y    R     NOR3xp33_ASAP7_75t_R          1  0.6    26    19     497    (-,-) 
  g944702/Y            -       B->Y    F     NAND2xp5_ASAP7_75t_R          1  1.4    21    17     514    (-,-) 
  g944601/Y            -       A->Y    R     NOR3x1_ASAP7_75t_R            3  1.7    21    15     529    (-,-) 
  g944587/Y            -       A->Y    F     INVx1_ASAP7_75t_R             1  0.6     8     7     536    (-,-) 
  g944538/Y            -       A2->Y   R     OAI21xp5_ASAP7_75t_R          1  0.4    14     8     544    (-,-) 
  g944280/Y            -       A1->Y   F     OAI21xp33_ASAP7_75t_R         1  0.5    14    11     555    (-,-) 
  g943818/Y            -       A1->Y   R     AOI211xp5_ASAP7_75t_R         1  0.6    24    14     569    (-,-) 
  g943779/Y            -       B->Y    F     OAI21xp5_ASAP7_75t_R          2  0.9    16    12     581    (-,-) 
  g943758/Y            -       B->Y    R     NAND2xp5_ASAP7_75t_R          2  1.2    21    14     595    (-,-) 
  g832899/Y            -       A->Y    R     AND2x2_ASAP7_75t_R            2  2.2    12    22     616    (-,-) 
  g832212/Y            -       B->Y    F     NAND2x1_ASAP7_75t_R           1  1.3    11     9     626    (-,-) 
  fopt956767/Y         -       A->Y    F     BUFx6f_ASAP7_75t_R            7  8.5    11    17     642    (-,-) 
  fopt956766/Y         -       A->Y    F     BUFx6f_ASAP7_75t_R           22 13.2    15    19     661    (-,-) 
  g830507/Y            -       A2->Y   R     AOI22xp5_ASAP7_75t_R          1  0.6    16    12     673    (-,-) 
  retime_s230_11_reg/D -       -       R     ASYNC_DFFHx1_ASAP7_75t_R      1    -     -     0     673    (-,-) 
#--------------------------------------------------------------------------------------------------------------



Path 23: VIOLATED (-228 ps) Setup Check with Pin retime_s230_3_reg/CLK->D
          Group: clk
     Startpoint: (R) retime_s56_1_reg/CLK
          Clock: (R) clk
       Endpoint: (R) retime_s230_3_reg/D
          Clock: (R) clk

                     Capture       Launch     
        Clock Edge:+     500            0     
       Src Latency:+       0            0     
       Net Latency:+       0 (I)        0 (I) 
           Arrival:=     500            0     
                                              
             Setup:-       6                  
       Uncertainty:-      50                  
     Required Time:=     444                  
      Launch Clock:-       0                  
         Data Path:-     673                  
             Slack:=    -228                  

#--------------------------------------------------------------------------------------------------------------
#    Timing Point      Flags    Arc    Edge           Cell            Fanout Load Trans Delay Arrival Instance 
#                                                                            (fF)  (ps)  (ps)   (ps)  Location 
#--------------------------------------------------------------------------------------------------------------
  retime_s56_1_reg/CLK -       -       R     (arrival)                 10660    -    25     0       0    (-,-) 
  retime_s56_1_reg/QN  -       CLK->QN R     ASYNC_DFFHx1_ASAP7_75t_R      2  2.6    26    52      52    (-,-) 
  fopt12/Y             -       A->Y    R     BUFx6f_ASAP7_75t_R            9  6.1    10    18      70    (-,-) 
  fopt11/Y             -       A->Y    F     INVx2_ASAP7_75t_R             3  1.8     7     6      76    (-,-) 
  fopt10/Y             -       A->Y    R     INVx1_ASAP7_75t_R             2  1.0     8     6      82    (-,-) 
  fopt956643/Y         -       A->Y    F     INVxp67_ASAP7_75t_R           1  0.5     6     6      88    (-,-) 
  g773787/Y            -       B2->Y   R     OAI221xp5_ASAP7_75t_R         2  1.2    35    17     105    (-,-) 
  g776677/Y            -       B->Y    R     XNOR2xp5_ASAP7_75t_R          1  1.6    32    24     129    (-,-) 
  g776303/Y            -       D->Y    F     NAND4xp75_ASAP7_75t_R         3  2.9    30    23     152    (-,-) 
  g776275/Y            -       A->Y    R     NOR3x1_ASAP7_75t_R            1  1.4    22    16     168    (-,-) 
  g776272/Y            -       B->Y    F     NAND3x1_ASAP7_75t_R           1  1.1    14    11     180    (-,-) 
  g776266/Y            -       A->Y    F     OR2x6_ASAP7_75t_R            16 13.3    20    31     210    (-,-) 
  g772475/Y            -       A->Y    R     INVx3_ASAP7_75t_R             5  5.5    16    13     223    (-,-) 
  g772470/Y            -       B->Y    R     AND2x4_ASAP7_75t_R           24 14.0    28    29     252    (-,-) 
  g955341/Y            -       A->Y    F     INVx2_ASAP7_75t_R             7  4.0    16    13     265    (-,-) 
  g953898/Y            -       B2->Y   R     AOI22xp5_ASAP7_75t_R          1  0.6    15    12     277    (-,-) 
  g953222/Y            -       B->Y    F     NAND2xp5_ASAP7_75t_R          1  1.4    19    14     291    (-,-) 
  g952687/Y            -       B->Y    R     NOR3x1_ASAP7_75t_R            2  1.3    18    15     306    (-,-) 
  g952171/Y            -       A->Y    F     NOR2xp67_ASAP7_75t_R          2  1.5    19    17     323    (-,-) 
  g948721/Y            -       C->Y    R     OAI211xp5_ASAP7_75t_R         1  1.3    31    16     339    (-,-) 
  g948354/Y            -       A->Y    F     INVx2_ASAP7_75t_R             4  4.9    19    15     354    (-,-) 
  g947561/Y            -       B->Y    F     AND2x6_ASAP7_75t_R           25 14.0    18    29     383    (-,-) 
  g946783/Y            -       A->Y    R     INVx2_ASAP7_75t_R             8  4.8    18    14     397    (-,-) 
  g945795/Y            -       B1->Y   F     OAI221xp5_ASAP7_75t_R         1  1.2    44    17     414    (-,-) 
  g945630/Y            -       B->Y    R     AOI21x1_ASAP7_75t_R           2  1.8    24    20     434    (-,-) 
  g945556/Y            -       A->Y    F     INVx2_ASAP7_75t_R             4  2.3    11     9     443    (-,-) 
  g945266/Y            -       A->Y    R     NAND2xp5_ASAP7_75t_R          3  1.3    18    13     456    (-,-) 
  g944863/Y            -       E->Y    F     NAND5xp2_ASAP7_75t_R          1  0.6    31    22     478    (-,-) 
  g944780/Y            -       A->Y    R     NOR3xp33_ASAP7_75t_R          1  0.6    26    19     497    (-,-) 
  g944702/Y            -       B->Y    F     NAND2xp5_ASAP7_75t_R          1  1.4    21    17     514    (-,-) 
  g944601/Y            -       A->Y    R     NOR3x1_ASAP7_75t_R            3  1.7    21    15     529    (-,-) 
  g944587/Y            -       A->Y    F     INVx1_ASAP7_75t_R             1  0.6     8     7     536    (-,-) 
  g944538/Y            -       A2->Y   R     OAI21xp5_ASAP7_75t_R          1  0.4    14     8     544    (-,-) 
  g944280/Y            -       A1->Y   F     OAI21xp33_ASAP7_75t_R         1  0.5    14    11     555    (-,-) 
  g943818/Y            -       A1->Y   R     AOI211xp5_ASAP7_75t_R         1  0.6    24    14     569    (-,-) 
  g943779/Y            -       B->Y    F     OAI21xp5_ASAP7_75t_R          2  0.9    16    12     581    (-,-) 
  g943758/Y            -       B->Y    R     NAND2xp5_ASAP7_75t_R          2  1.2    21    14     595    (-,-) 
  g832899/Y            -       A->Y    R     AND2x2_ASAP7_75t_R            2  2.2    12    22     616    (-,-) 
  g832212/Y            -       B->Y    F     NAND2x1_ASAP7_75t_R           1  1.3    11     9     626    (-,-) 
  fopt956767/Y         -       A->Y    F     BUFx6f_ASAP7_75t_R            7  8.5    11    17     642    (-,-) 
  fopt956766/Y         -       A->Y    F     BUFx6f_ASAP7_75t_R           22 13.2    15    19     661    (-,-) 
  g831009/Y            -       A2->Y   R     AOI22xp5_ASAP7_75t_R          1  0.6    16    12     673    (-,-) 
  retime_s230_3_reg/D  -       -       R     ASYNC_DFFHx1_ASAP7_75t_R      1    -     -     0     673    (-,-) 
#--------------------------------------------------------------------------------------------------------------



Path 24: VIOLATED (-228 ps) Setup Check with Pin retime_s229_5_reg/CLK->D
          Group: clk
     Startpoint: (R) retime_s56_1_reg/CLK
          Clock: (R) clk
       Endpoint: (R) retime_s229_5_reg/D
          Clock: (R) clk

                     Capture       Launch     
        Clock Edge:+     500            0     
       Src Latency:+       0            0     
       Net Latency:+       0 (I)        0 (I) 
           Arrival:=     500            0     
                                              
             Setup:-       6                  
       Uncertainty:-      50                  
     Required Time:=     444                  
      Launch Clock:-       0                  
         Data Path:-     673                  
             Slack:=    -228                  

#--------------------------------------------------------------------------------------------------------------
#    Timing Point      Flags    Arc    Edge           Cell            Fanout Load Trans Delay Arrival Instance 
#                                                                            (fF)  (ps)  (ps)   (ps)  Location 
#--------------------------------------------------------------------------------------------------------------
  retime_s56_1_reg/CLK -       -       R     (arrival)                 10660    -    25     0       0    (-,-) 
  retime_s56_1_reg/QN  -       CLK->QN R     ASYNC_DFFHx1_ASAP7_75t_R      2  2.6    26    52      52    (-,-) 
  fopt12/Y             -       A->Y    R     BUFx6f_ASAP7_75t_R            9  6.1    10    18      70    (-,-) 
  fopt11/Y             -       A->Y    F     INVx2_ASAP7_75t_R             3  1.8     7     6      76    (-,-) 
  fopt10/Y             -       A->Y    R     INVx1_ASAP7_75t_R             2  1.0     8     6      82    (-,-) 
  fopt956643/Y         -       A->Y    F     INVxp67_ASAP7_75t_R           1  0.5     6     6      88    (-,-) 
  g773787/Y            -       B2->Y   R     OAI221xp5_ASAP7_75t_R         2  1.2    35    17     105    (-,-) 
  g776677/Y            -       B->Y    R     XNOR2xp5_ASAP7_75t_R          1  1.6    32    24     129    (-,-) 
  g776303/Y            -       D->Y    F     NAND4xp75_ASAP7_75t_R         3  2.9    30    23     152    (-,-) 
  g776275/Y            -       A->Y    R     NOR3x1_ASAP7_75t_R            1  1.4    22    16     168    (-,-) 
  g776272/Y            -       B->Y    F     NAND3x1_ASAP7_75t_R           1  1.1    14    11     180    (-,-) 
  g776266/Y            -       A->Y    F     OR2x6_ASAP7_75t_R            16 13.3    20    31     210    (-,-) 
  g772475/Y            -       A->Y    R     INVx3_ASAP7_75t_R             5  5.5    16    13     223    (-,-) 
  g772470/Y            -       B->Y    R     AND2x4_ASAP7_75t_R           24 14.0    28    29     252    (-,-) 
  g955341/Y            -       A->Y    F     INVx2_ASAP7_75t_R             7  4.0    16    13     265    (-,-) 
  g953898/Y            -       B2->Y   R     AOI22xp5_ASAP7_75t_R          1  0.6    15    12     277    (-,-) 
  g953222/Y            -       B->Y    F     NAND2xp5_ASAP7_75t_R          1  1.4    19    14     291    (-,-) 
  g952687/Y            -       B->Y    R     NOR3x1_ASAP7_75t_R            2  1.3    18    15     306    (-,-) 
  g952171/Y            -       A->Y    F     NOR2xp67_ASAP7_75t_R          2  1.5    19    17     323    (-,-) 
  g948721/Y            -       C->Y    R     OAI211xp5_ASAP7_75t_R         1  1.3    31    16     339    (-,-) 
  g948354/Y            -       A->Y    F     INVx2_ASAP7_75t_R             4  4.9    19    15     354    (-,-) 
  g947561/Y            -       B->Y    F     AND2x6_ASAP7_75t_R           25 14.0    18    29     383    (-,-) 
  g946783/Y            -       A->Y    R     INVx2_ASAP7_75t_R             8  4.8    18    14     397    (-,-) 
  g945795/Y            -       B1->Y   F     OAI221xp5_ASAP7_75t_R         1  1.2    44    17     414    (-,-) 
  g945630/Y            -       B->Y    R     AOI21x1_ASAP7_75t_R           2  1.8    24    20     434    (-,-) 
  g945556/Y            -       A->Y    F     INVx2_ASAP7_75t_R             4  2.3    11     9     443    (-,-) 
  g945266/Y            -       A->Y    R     NAND2xp5_ASAP7_75t_R          3  1.3    18    13     456    (-,-) 
  g944863/Y            -       E->Y    F     NAND5xp2_ASAP7_75t_R          1  0.6    31    22     478    (-,-) 
  g944780/Y            -       A->Y    R     NOR3xp33_ASAP7_75t_R          1  0.6    26    19     497    (-,-) 
  g944702/Y            -       B->Y    F     NAND2xp5_ASAP7_75t_R          1  1.4    21    17     514    (-,-) 
  g944601/Y            -       A->Y    R     NOR3x1_ASAP7_75t_R            3  1.7    21    15     529    (-,-) 
  g944587/Y            -       A->Y    F     INVx1_ASAP7_75t_R             1  0.6     8     7     536    (-,-) 
  g944538/Y            -       A2->Y   R     OAI21xp5_ASAP7_75t_R          1  0.4    14     8     544    (-,-) 
  g944280/Y            -       A1->Y   F     OAI21xp33_ASAP7_75t_R         1  0.5    14    11     555    (-,-) 
  g943818/Y            -       A1->Y   R     AOI211xp5_ASAP7_75t_R         1  0.6    24    14     569    (-,-) 
  g943779/Y            -       B->Y    F     OAI21xp5_ASAP7_75t_R          2  0.9    16    12     581    (-,-) 
  g943758/Y            -       B->Y    R     NAND2xp5_ASAP7_75t_R          2  1.2    21    14     595    (-,-) 
  g832899/Y            -       A->Y    R     AND2x2_ASAP7_75t_R            2  2.2    12    22     616    (-,-) 
  g832212/Y            -       B->Y    F     NAND2x1_ASAP7_75t_R           1  1.3    11     9     626    (-,-) 
  fopt956767/Y         -       A->Y    F     BUFx6f_ASAP7_75t_R            7  8.5    11    17     642    (-,-) 
  fopt956766/Y         -       A->Y    F     BUFx6f_ASAP7_75t_R           22 13.2    15    19     661    (-,-) 
  g831274/Y            -       A2->Y   R     AOI22xp5_ASAP7_75t_R          1  0.6    16    12     673    (-,-) 
  retime_s229_5_reg/D  -       -       R     ASYNC_DFFHx1_ASAP7_75t_R      1    -     -     0     673    (-,-) 
#--------------------------------------------------------------------------------------------------------------



Path 25: VIOLATED (-228 ps) Setup Check with Pin retime_s73_2_reg/CLK->D
          Group: clk
     Startpoint: (R) retime_s56_1_reg/CLK
          Clock: (R) clk
       Endpoint: (R) retime_s73_2_reg/D
          Clock: (R) clk

                     Capture       Launch     
        Clock Edge:+     500            0     
       Src Latency:+       0            0     
       Net Latency:+       0 (I)        0 (I) 
           Arrival:=     500            0     
                                              
             Setup:-       6                  
       Uncertainty:-      50                  
     Required Time:=     444                  
      Launch Clock:-       0                  
         Data Path:-     673                  
             Slack:=    -228                  

#--------------------------------------------------------------------------------------------------------------
#    Timing Point      Flags    Arc    Edge           Cell            Fanout Load Trans Delay Arrival Instance 
#                                                                            (fF)  (ps)  (ps)   (ps)  Location 
#--------------------------------------------------------------------------------------------------------------
  retime_s56_1_reg/CLK -       -       R     (arrival)                 10660    -    25     0       0    (-,-) 
  retime_s56_1_reg/QN  -       CLK->QN R     ASYNC_DFFHx1_ASAP7_75t_R      2  2.6    26    52      52    (-,-) 
  fopt12/Y             -       A->Y    R     BUFx6f_ASAP7_75t_R            9  6.1    10    18      70    (-,-) 
  fopt11/Y             -       A->Y    F     INVx2_ASAP7_75t_R             3  1.8     7     6      76    (-,-) 
  fopt10/Y             -       A->Y    R     INVx1_ASAP7_75t_R             2  1.0     8     6      82    (-,-) 
  fopt956643/Y         -       A->Y    F     INVxp67_ASAP7_75t_R           1  0.5     6     6      88    (-,-) 
  g773787/Y            -       B2->Y   R     OAI221xp5_ASAP7_75t_R         2  1.2    35    17     105    (-,-) 
  g776677/Y            -       B->Y    R     XNOR2xp5_ASAP7_75t_R          1  1.6    32    24     129    (-,-) 
  g776303/Y            -       D->Y    F     NAND4xp75_ASAP7_75t_R         3  2.9    30    23     152    (-,-) 
  g776275/Y            -       A->Y    R     NOR3x1_ASAP7_75t_R            1  1.4    22    16     168    (-,-) 
  g776272/Y            -       B->Y    F     NAND3x1_ASAP7_75t_R           1  1.1    14    11     180    (-,-) 
  g776266/Y            -       A->Y    F     OR2x6_ASAP7_75t_R            16 13.3    20    31     210    (-,-) 
  g772475/Y            -       A->Y    R     INVx3_ASAP7_75t_R             5  5.5    16    13     223    (-,-) 
  g772470/Y            -       B->Y    R     AND2x4_ASAP7_75t_R           24 14.0    28    29     252    (-,-) 
  g955341/Y            -       A->Y    F     INVx2_ASAP7_75t_R             7  4.0    16    13     265    (-,-) 
  g953898/Y            -       B2->Y   R     AOI22xp5_ASAP7_75t_R          1  0.6    15    12     277    (-,-) 
  g953222/Y            -       B->Y    F     NAND2xp5_ASAP7_75t_R          1  1.4    19    14     291    (-,-) 
  g952687/Y            -       B->Y    R     NOR3x1_ASAP7_75t_R            2  1.3    18    15     306    (-,-) 
  g952171/Y            -       A->Y    F     NOR2xp67_ASAP7_75t_R          2  1.5    19    17     323    (-,-) 
  g948721/Y            -       C->Y    R     OAI211xp5_ASAP7_75t_R         1  1.3    31    16     339    (-,-) 
  g948354/Y            -       A->Y    F     INVx2_ASAP7_75t_R             4  4.9    19    15     354    (-,-) 
  g947561/Y            -       B->Y    F     AND2x6_ASAP7_75t_R           25 14.0    18    29     383    (-,-) 
  g946783/Y            -       A->Y    R     INVx2_ASAP7_75t_R             8  4.8    18    14     397    (-,-) 
  g945795/Y            -       B1->Y   F     OAI221xp5_ASAP7_75t_R         1  1.2    44    17     414    (-,-) 
  g945630/Y            -       B->Y    R     AOI21x1_ASAP7_75t_R           2  1.8    24    20     434    (-,-) 
  g945556/Y            -       A->Y    F     INVx2_ASAP7_75t_R             4  2.3    11     9     443    (-,-) 
  g945266/Y            -       A->Y    R     NAND2xp5_ASAP7_75t_R          3  1.3    18    13     456    (-,-) 
  g944863/Y            -       E->Y    F     NAND5xp2_ASAP7_75t_R          1  0.6    31    22     478    (-,-) 
  g944780/Y            -       A->Y    R     NOR3xp33_ASAP7_75t_R          1  0.6    26    19     497    (-,-) 
  g944702/Y            -       B->Y    F     NAND2xp5_ASAP7_75t_R          1  1.4    21    17     514    (-,-) 
  g944601/Y            -       A->Y    R     NOR3x1_ASAP7_75t_R            3  1.7    21    15     529    (-,-) 
  g944587/Y            -       A->Y    F     INVx1_ASAP7_75t_R             1  0.6     8     7     536    (-,-) 
  g944538/Y            -       A2->Y   R     OAI21xp5_ASAP7_75t_R          1  0.4    14     8     544    (-,-) 
  g944280/Y            -       A1->Y   F     OAI21xp33_ASAP7_75t_R         1  0.5    14    11     555    (-,-) 
  g943818/Y            -       A1->Y   R     AOI211xp5_ASAP7_75t_R         1  0.6    24    14     569    (-,-) 
  g943779/Y            -       B->Y    F     OAI21xp5_ASAP7_75t_R          2  0.9    16    12     581    (-,-) 
  g943758/Y            -       B->Y    R     NAND2xp5_ASAP7_75t_R          2  1.2    21    14     595    (-,-) 
  g832899/Y            -       A->Y    R     AND2x2_ASAP7_75t_R            2  2.2    12    22     616    (-,-) 
  g832212/Y            -       B->Y    F     NAND2x1_ASAP7_75t_R           1  1.3    11     9     626    (-,-) 
  fopt956767/Y         -       A->Y    F     BUFx6f_ASAP7_75t_R            7  8.5    11    17     642    (-,-) 
  fopt956766/Y         -       A->Y    F     BUFx6f_ASAP7_75t_R           22 13.2    15    19     661    (-,-) 
  g826484/Y            -       A2->Y   R     AOI22xp5_ASAP7_75t_R          1  0.6    16    12     673    (-,-) 
  retime_s73_2_reg/D   -       -       R     ASYNC_DFFHx1_ASAP7_75t_R      1    -     -     0     673    (-,-) 
#--------------------------------------------------------------------------------------------------------------



Path 26: VIOLATED (-228 ps) Setup Check with Pin retime_s64_8_reg/CLK->D
          Group: clk
     Startpoint: (R) retime_s56_1_reg/CLK
          Clock: (R) clk
       Endpoint: (R) retime_s64_8_reg/D
          Clock: (R) clk

                     Capture       Launch     
        Clock Edge:+     500            0     
       Src Latency:+       0            0     
       Net Latency:+       0 (I)        0 (I) 
           Arrival:=     500            0     
                                              
             Setup:-       6                  
       Uncertainty:-      50                  
     Required Time:=     444                  
      Launch Clock:-       0                  
         Data Path:-     673                  
             Slack:=    -228                  

#--------------------------------------------------------------------------------------------------------------
#    Timing Point      Flags    Arc    Edge           Cell            Fanout Load Trans Delay Arrival Instance 
#                                                                            (fF)  (ps)  (ps)   (ps)  Location 
#--------------------------------------------------------------------------------------------------------------
  retime_s56_1_reg/CLK -       -       R     (arrival)                 10660    -    25     0       0    (-,-) 
  retime_s56_1_reg/QN  -       CLK->QN R     ASYNC_DFFHx1_ASAP7_75t_R      2  2.6    26    52      52    (-,-) 
  fopt12/Y             -       A->Y    R     BUFx6f_ASAP7_75t_R            9  6.1    10    18      70    (-,-) 
  fopt11/Y             -       A->Y    F     INVx2_ASAP7_75t_R             3  1.8     7     6      76    (-,-) 
  fopt10/Y             -       A->Y    R     INVx1_ASAP7_75t_R             2  1.0     8     6      82    (-,-) 
  fopt956643/Y         -       A->Y    F     INVxp67_ASAP7_75t_R           1  0.5     6     6      88    (-,-) 
  g773787/Y            -       B2->Y   R     OAI221xp5_ASAP7_75t_R         2  1.2    35    17     105    (-,-) 
  g776677/Y            -       B->Y    R     XNOR2xp5_ASAP7_75t_R          1  1.6    32    24     129    (-,-) 
  g776303/Y            -       D->Y    F     NAND4xp75_ASAP7_75t_R         3  2.9    30    23     152    (-,-) 
  g776275/Y            -       A->Y    R     NOR3x1_ASAP7_75t_R            1  1.4    22    16     168    (-,-) 
  g776272/Y            -       B->Y    F     NAND3x1_ASAP7_75t_R           1  1.1    14    11     180    (-,-) 
  g776266/Y            -       A->Y    F     OR2x6_ASAP7_75t_R            16 13.3    20    31     210    (-,-) 
  g772475/Y            -       A->Y    R     INVx3_ASAP7_75t_R             5  5.5    16    13     223    (-,-) 
  g772470/Y            -       B->Y    R     AND2x4_ASAP7_75t_R           24 14.0    28    29     252    (-,-) 
  g955341/Y            -       A->Y    F     INVx2_ASAP7_75t_R             7  4.0    16    13     265    (-,-) 
  g953898/Y            -       B2->Y   R     AOI22xp5_ASAP7_75t_R          1  0.6    15    12     277    (-,-) 
  g953222/Y            -       B->Y    F     NAND2xp5_ASAP7_75t_R          1  1.4    19    14     291    (-,-) 
  g952687/Y            -       B->Y    R     NOR3x1_ASAP7_75t_R            2  1.3    18    15     306    (-,-) 
  g952171/Y            -       A->Y    F     NOR2xp67_ASAP7_75t_R          2  1.5    19    17     323    (-,-) 
  g948721/Y            -       C->Y    R     OAI211xp5_ASAP7_75t_R         1  1.3    31    16     339    (-,-) 
  g948354/Y            -       A->Y    F     INVx2_ASAP7_75t_R             4  4.9    19    15     354    (-,-) 
  g947561/Y            -       B->Y    F     AND2x6_ASAP7_75t_R           25 14.0    18    29     383    (-,-) 
  g946783/Y            -       A->Y    R     INVx2_ASAP7_75t_R             8  4.8    18    14     397    (-,-) 
  g945795/Y            -       B1->Y   F     OAI221xp5_ASAP7_75t_R         1  1.2    44    17     414    (-,-) 
  g945630/Y            -       B->Y    R     AOI21x1_ASAP7_75t_R           2  1.8    24    20     434    (-,-) 
  g945556/Y            -       A->Y    F     INVx2_ASAP7_75t_R             4  2.3    11     9     443    (-,-) 
  g945266/Y            -       A->Y    R     NAND2xp5_ASAP7_75t_R          3  1.3    18    13     456    (-,-) 
  g944863/Y            -       E->Y    F     NAND5xp2_ASAP7_75t_R          1  0.6    31    22     478    (-,-) 
  g944780/Y            -       A->Y    R     NOR3xp33_ASAP7_75t_R          1  0.6    26    19     497    (-,-) 
  g944702/Y            -       B->Y    F     NAND2xp5_ASAP7_75t_R          1  1.4    21    17     514    (-,-) 
  g944601/Y            -       A->Y    R     NOR3x1_ASAP7_75t_R            3  1.7    21    15     529    (-,-) 
  g944587/Y            -       A->Y    F     INVx1_ASAP7_75t_R             1  0.6     8     7     536    (-,-) 
  g944538/Y            -       A2->Y   R     OAI21xp5_ASAP7_75t_R          1  0.4    14     8     544    (-,-) 
  g944280/Y            -       A1->Y   F     OAI21xp33_ASAP7_75t_R         1  0.5    14    11     555    (-,-) 
  g943818/Y            -       A1->Y   R     AOI211xp5_ASAP7_75t_R         1  0.6    24    14     569    (-,-) 
  g943779/Y            -       B->Y    F     OAI21xp5_ASAP7_75t_R          2  0.9    16    12     581    (-,-) 
  g943758/Y            -       B->Y    R     NAND2xp5_ASAP7_75t_R          2  1.2    21    14     595    (-,-) 
  g832899/Y            -       A->Y    R     AND2x2_ASAP7_75t_R            2  2.2    12    22     616    (-,-) 
  g832212/Y            -       B->Y    F     NAND2x1_ASAP7_75t_R           1  1.3    11     9     626    (-,-) 
  fopt956767/Y         -       A->Y    F     BUFx6f_ASAP7_75t_R            7  8.5    11    17     642    (-,-) 
  fopt956766/Y         -       A->Y    F     BUFx6f_ASAP7_75t_R           22 13.2    15    19     661    (-,-) 
  g827378/Y            -       A2->Y   R     AOI22xp5_ASAP7_75t_R          1  0.6    16    12     673    (-,-) 
  retime_s64_8_reg/D   -       -       R     ASYNC_DFFHx1_ASAP7_75t_R      1    -     -     0     673    (-,-) 
#--------------------------------------------------------------------------------------------------------------



Path 27: VIOLATED (-228 ps) Setup Check with Pin retime_s62_8_reg/CLK->D
          Group: clk
     Startpoint: (R) retime_s56_1_reg/CLK
          Clock: (R) clk
       Endpoint: (R) retime_s62_8_reg/D
          Clock: (R) clk

                     Capture       Launch     
        Clock Edge:+     500            0     
       Src Latency:+       0            0     
       Net Latency:+       0 (I)        0 (I) 
           Arrival:=     500            0     
                                              
             Setup:-       6                  
       Uncertainty:-      50                  
     Required Time:=     444                  
      Launch Clock:-       0                  
         Data Path:-     673                  
             Slack:=    -228                  

#--------------------------------------------------------------------------------------------------------------
#    Timing Point      Flags    Arc    Edge           Cell            Fanout Load Trans Delay Arrival Instance 
#                                                                            (fF)  (ps)  (ps)   (ps)  Location 
#--------------------------------------------------------------------------------------------------------------
  retime_s56_1_reg/CLK -       -       R     (arrival)                 10660    -    25     0       0    (-,-) 
  retime_s56_1_reg/QN  -       CLK->QN R     ASYNC_DFFHx1_ASAP7_75t_R      2  2.6    26    52      52    (-,-) 
  fopt12/Y             -       A->Y    R     BUFx6f_ASAP7_75t_R            9  6.1    10    18      70    (-,-) 
  fopt11/Y             -       A->Y    F     INVx2_ASAP7_75t_R             3  1.8     7     6      76    (-,-) 
  fopt10/Y             -       A->Y    R     INVx1_ASAP7_75t_R             2  1.0     8     6      82    (-,-) 
  fopt956643/Y         -       A->Y    F     INVxp67_ASAP7_75t_R           1  0.5     6     6      88    (-,-) 
  g773787/Y            -       B2->Y   R     OAI221xp5_ASAP7_75t_R         2  1.2    35    17     105    (-,-) 
  g776677/Y            -       B->Y    R     XNOR2xp5_ASAP7_75t_R          1  1.6    32    24     129    (-,-) 
  g776303/Y            -       D->Y    F     NAND4xp75_ASAP7_75t_R         3  2.9    30    23     152    (-,-) 
  g776275/Y            -       A->Y    R     NOR3x1_ASAP7_75t_R            1  1.4    22    16     168    (-,-) 
  g776272/Y            -       B->Y    F     NAND3x1_ASAP7_75t_R           1  1.1    14    11     180    (-,-) 
  g776266/Y            -       A->Y    F     OR2x6_ASAP7_75t_R            16 13.3    20    31     210    (-,-) 
  g772475/Y            -       A->Y    R     INVx3_ASAP7_75t_R             5  5.5    16    13     223    (-,-) 
  g772470/Y            -       B->Y    R     AND2x4_ASAP7_75t_R           24 14.0    28    29     252    (-,-) 
  g955341/Y            -       A->Y    F     INVx2_ASAP7_75t_R             7  4.0    16    13     265    (-,-) 
  g953898/Y            -       B2->Y   R     AOI22xp5_ASAP7_75t_R          1  0.6    15    12     277    (-,-) 
  g953222/Y            -       B->Y    F     NAND2xp5_ASAP7_75t_R          1  1.4    19    14     291    (-,-) 
  g952687/Y            -       B->Y    R     NOR3x1_ASAP7_75t_R            2  1.3    18    15     306    (-,-) 
  g952171/Y            -       A->Y    F     NOR2xp67_ASAP7_75t_R          2  1.5    19    17     323    (-,-) 
  g948721/Y            -       C->Y    R     OAI211xp5_ASAP7_75t_R         1  1.3    31    16     339    (-,-) 
  g948354/Y            -       A->Y    F     INVx2_ASAP7_75t_R             4  4.9    19    15     354    (-,-) 
  g947561/Y            -       B->Y    F     AND2x6_ASAP7_75t_R           25 14.0    18    29     383    (-,-) 
  g946783/Y            -       A->Y    R     INVx2_ASAP7_75t_R             8  4.8    18    14     397    (-,-) 
  g945795/Y            -       B1->Y   F     OAI221xp5_ASAP7_75t_R         1  1.2    44    17     414    (-,-) 
  g945630/Y            -       B->Y    R     AOI21x1_ASAP7_75t_R           2  1.8    24    20     434    (-,-) 
  g945556/Y            -       A->Y    F     INVx2_ASAP7_75t_R             4  2.3    11     9     443    (-,-) 
  g945266/Y            -       A->Y    R     NAND2xp5_ASAP7_75t_R          3  1.3    18    13     456    (-,-) 
  g944863/Y            -       E->Y    F     NAND5xp2_ASAP7_75t_R          1  0.6    31    22     478    (-,-) 
  g944780/Y            -       A->Y    R     NOR3xp33_ASAP7_75t_R          1  0.6    26    19     497    (-,-) 
  g944702/Y            -       B->Y    F     NAND2xp5_ASAP7_75t_R          1  1.4    21    17     514    (-,-) 
  g944601/Y            -       A->Y    R     NOR3x1_ASAP7_75t_R            3  1.7    21    15     529    (-,-) 
  g944587/Y            -       A->Y    F     INVx1_ASAP7_75t_R             1  0.6     8     7     536    (-,-) 
  g944538/Y            -       A2->Y   R     OAI21xp5_ASAP7_75t_R          1  0.4    14     8     544    (-,-) 
  g944280/Y            -       A1->Y   F     OAI21xp33_ASAP7_75t_R         1  0.5    14    11     555    (-,-) 
  g943818/Y            -       A1->Y   R     AOI211xp5_ASAP7_75t_R         1  0.6    24    14     569    (-,-) 
  g943779/Y            -       B->Y    F     OAI21xp5_ASAP7_75t_R          2  0.9    16    12     581    (-,-) 
  g943758/Y            -       B->Y    R     NAND2xp5_ASAP7_75t_R          2  1.2    21    14     595    (-,-) 
  g832899/Y            -       A->Y    R     AND2x2_ASAP7_75t_R            2  2.2    12    22     616    (-,-) 
  g832212/Y            -       B->Y    F     NAND2x1_ASAP7_75t_R           1  1.3    11     9     626    (-,-) 
  fopt956767/Y         -       A->Y    F     BUFx6f_ASAP7_75t_R            7  8.5    11    17     642    (-,-) 
  fopt956766/Y         -       A->Y    F     BUFx6f_ASAP7_75t_R           22 13.2    15    19     661    (-,-) 
  g831289/Y            -       A2->Y   R     AOI22xp5_ASAP7_75t_R          1  0.6    16    12     673    (-,-) 
  retime_s62_8_reg/D   -       -       R     ASYNC_DFFHx1_ASAP7_75t_R      1    -     -     0     673    (-,-) 
#--------------------------------------------------------------------------------------------------------------



Path 28: VIOLATED (-228 ps) Setup Check with Pin retime_s58_1_reg/CLK->D
          Group: clk
     Startpoint: (R) retime_s56_1_reg/CLK
          Clock: (R) clk
       Endpoint: (R) retime_s58_1_reg/D
          Clock: (R) clk

                     Capture       Launch     
        Clock Edge:+     500            0     
       Src Latency:+       0            0     
       Net Latency:+       0 (I)        0 (I) 
           Arrival:=     500            0     
                                              
             Setup:-       6                  
       Uncertainty:-      50                  
     Required Time:=     444                  
      Launch Clock:-       0                  
         Data Path:-     673                  
             Slack:=    -228                  

#--------------------------------------------------------------------------------------------------------------
#    Timing Point      Flags    Arc    Edge           Cell            Fanout Load Trans Delay Arrival Instance 
#                                                                            (fF)  (ps)  (ps)   (ps)  Location 
#--------------------------------------------------------------------------------------------------------------
  retime_s56_1_reg/CLK -       -       R     (arrival)                 10660    -    25     0       0    (-,-) 
  retime_s56_1_reg/QN  -       CLK->QN R     ASYNC_DFFHx1_ASAP7_75t_R      2  2.6    26    52      52    (-,-) 
  fopt12/Y             -       A->Y    R     BUFx6f_ASAP7_75t_R            9  6.1    10    18      70    (-,-) 
  fopt11/Y             -       A->Y    F     INVx2_ASAP7_75t_R             3  1.8     7     6      76    (-,-) 
  fopt10/Y             -       A->Y    R     INVx1_ASAP7_75t_R             2  1.0     8     6      82    (-,-) 
  fopt956643/Y         -       A->Y    F     INVxp67_ASAP7_75t_R           1  0.5     6     6      88    (-,-) 
  g773787/Y            -       B2->Y   R     OAI221xp5_ASAP7_75t_R         2  1.2    35    17     105    (-,-) 
  g776677/Y            -       B->Y    R     XNOR2xp5_ASAP7_75t_R          1  1.6    32    24     129    (-,-) 
  g776303/Y            -       D->Y    F     NAND4xp75_ASAP7_75t_R         3  2.9    30    23     152    (-,-) 
  g776275/Y            -       A->Y    R     NOR3x1_ASAP7_75t_R            1  1.4    22    16     168    (-,-) 
  g776272/Y            -       B->Y    F     NAND3x1_ASAP7_75t_R           1  1.1    14    11     180    (-,-) 
  g776266/Y            -       A->Y    F     OR2x6_ASAP7_75t_R            16 13.3    20    31     210    (-,-) 
  g772475/Y            -       A->Y    R     INVx3_ASAP7_75t_R             5  5.5    16    13     223    (-,-) 
  g772470/Y            -       B->Y    R     AND2x4_ASAP7_75t_R           24 14.0    28    29     252    (-,-) 
  g955341/Y            -       A->Y    F     INVx2_ASAP7_75t_R             7  4.0    16    13     265    (-,-) 
  g953898/Y            -       B2->Y   R     AOI22xp5_ASAP7_75t_R          1  0.6    15    12     277    (-,-) 
  g953222/Y            -       B->Y    F     NAND2xp5_ASAP7_75t_R          1  1.4    19    14     291    (-,-) 
  g952687/Y            -       B->Y    R     NOR3x1_ASAP7_75t_R            2  1.3    18    15     306    (-,-) 
  g952171/Y            -       A->Y    F     NOR2xp67_ASAP7_75t_R          2  1.5    19    17     323    (-,-) 
  g948721/Y            -       C->Y    R     OAI211xp5_ASAP7_75t_R         1  1.3    31    16     339    (-,-) 
  g948354/Y            -       A->Y    F     INVx2_ASAP7_75t_R             4  4.9    19    15     354    (-,-) 
  g947561/Y            -       B->Y    F     AND2x6_ASAP7_75t_R           25 14.0    18    29     383    (-,-) 
  g946783/Y            -       A->Y    R     INVx2_ASAP7_75t_R             8  4.8    18    14     397    (-,-) 
  g945795/Y            -       B1->Y   F     OAI221xp5_ASAP7_75t_R         1  1.2    44    17     414    (-,-) 
  g945630/Y            -       B->Y    R     AOI21x1_ASAP7_75t_R           2  1.8    24    20     434    (-,-) 
  g945556/Y            -       A->Y    F     INVx2_ASAP7_75t_R             4  2.3    11     9     443    (-,-) 
  g945266/Y            -       A->Y    R     NAND2xp5_ASAP7_75t_R          3  1.3    18    13     456    (-,-) 
  g944863/Y            -       E->Y    F     NAND5xp2_ASAP7_75t_R          1  0.6    31    22     478    (-,-) 
  g944780/Y            -       A->Y    R     NOR3xp33_ASAP7_75t_R          1  0.6    26    19     497    (-,-) 
  g944702/Y            -       B->Y    F     NAND2xp5_ASAP7_75t_R          1  1.4    21    17     514    (-,-) 
  g944601/Y            -       A->Y    R     NOR3x1_ASAP7_75t_R            3  1.7    21    15     529    (-,-) 
  g944587/Y            -       A->Y    F     INVx1_ASAP7_75t_R             1  0.6     8     7     536    (-,-) 
  g944538/Y            -       A2->Y   R     OAI21xp5_ASAP7_75t_R          1  0.4    14     8     544    (-,-) 
  g944280/Y            -       A1->Y   F     OAI21xp33_ASAP7_75t_R         1  0.5    14    11     555    (-,-) 
  g943818/Y            -       A1->Y   R     AOI211xp5_ASAP7_75t_R         1  0.6    24    14     569    (-,-) 
  g943779/Y            -       B->Y    F     OAI21xp5_ASAP7_75t_R          2  0.9    16    12     581    (-,-) 
  g943758/Y            -       B->Y    R     NAND2xp5_ASAP7_75t_R          2  1.2    21    14     595    (-,-) 
  g832899/Y            -       A->Y    R     AND2x2_ASAP7_75t_R            2  2.2    12    22     616    (-,-) 
  g832212/Y            -       B->Y    F     NAND2x1_ASAP7_75t_R           1  1.3    11     9     626    (-,-) 
  fopt956767/Y         -       A->Y    F     BUFx6f_ASAP7_75t_R            7  8.5    11    17     642    (-,-) 
  fopt956766/Y         -       A->Y    F     BUFx6f_ASAP7_75t_R           22 13.2    15    19     661    (-,-) 
  g830356/Y            -       A2->Y   R     AOI22xp5_ASAP7_75t_R          1  0.6    16    12     673    (-,-) 
  retime_s58_1_reg/D   -       -       R     ASYNC_DFFHx1_ASAP7_75t_R      1    -     -     0     673    (-,-) 
#--------------------------------------------------------------------------------------------------------------



Path 29: VIOLATED (-228 ps) Setup Check with Pin retime_s57_769_reg/CLK->D
          Group: clk
     Startpoint: (R) retime_s56_1_reg/CLK
          Clock: (R) clk
       Endpoint: (R) retime_s57_769_reg/D
          Clock: (R) clk

                     Capture       Launch     
        Clock Edge:+     500            0     
       Src Latency:+       0            0     
       Net Latency:+       0 (I)        0 (I) 
           Arrival:=     500            0     
                                              
             Setup:-       6                  
       Uncertainty:-      50                  
     Required Time:=     444                  
      Launch Clock:-       0                  
         Data Path:-     673                  
             Slack:=    -228                  

#--------------------------------------------------------------------------------------------------------------
#    Timing Point      Flags    Arc    Edge           Cell            Fanout Load Trans Delay Arrival Instance 
#                                                                            (fF)  (ps)  (ps)   (ps)  Location 
#--------------------------------------------------------------------------------------------------------------
  retime_s56_1_reg/CLK -       -       R     (arrival)                 10660    -    25     0       0    (-,-) 
  retime_s56_1_reg/QN  -       CLK->QN R     ASYNC_DFFHx1_ASAP7_75t_R      2  2.6    26    52      52    (-,-) 
  fopt12/Y             -       A->Y    R     BUFx6f_ASAP7_75t_R            9  6.1    10    18      70    (-,-) 
  fopt11/Y             -       A->Y    F     INVx2_ASAP7_75t_R             3  1.8     7     6      76    (-,-) 
  fopt10/Y             -       A->Y    R     INVx1_ASAP7_75t_R             2  1.0     8     6      82    (-,-) 
  fopt956643/Y         -       A->Y    F     INVxp67_ASAP7_75t_R           1  0.5     6     6      88    (-,-) 
  g773787/Y            -       B2->Y   R     OAI221xp5_ASAP7_75t_R         2  1.2    35    17     105    (-,-) 
  g776677/Y            -       B->Y    R     XNOR2xp5_ASAP7_75t_R          1  1.6    32    24     129    (-,-) 
  g776303/Y            -       D->Y    F     NAND4xp75_ASAP7_75t_R         3  2.9    30    23     152    (-,-) 
  g776275/Y            -       A->Y    R     NOR3x1_ASAP7_75t_R            1  1.4    22    16     168    (-,-) 
  g776272/Y            -       B->Y    F     NAND3x1_ASAP7_75t_R           1  1.1    14    11     180    (-,-) 
  g776266/Y            -       A->Y    F     OR2x6_ASAP7_75t_R            16 13.3    20    31     210    (-,-) 
  g772475/Y            -       A->Y    R     INVx3_ASAP7_75t_R             5  5.5    16    13     223    (-,-) 
  g772470/Y            -       B->Y    R     AND2x4_ASAP7_75t_R           24 14.0    28    29     252    (-,-) 
  g955341/Y            -       A->Y    F     INVx2_ASAP7_75t_R             7  4.0    16    13     265    (-,-) 
  g953898/Y            -       B2->Y   R     AOI22xp5_ASAP7_75t_R          1  0.6    15    12     277    (-,-) 
  g953222/Y            -       B->Y    F     NAND2xp5_ASAP7_75t_R          1  1.4    19    14     291    (-,-) 
  g952687/Y            -       B->Y    R     NOR3x1_ASAP7_75t_R            2  1.3    18    15     306    (-,-) 
  g952171/Y            -       A->Y    F     NOR2xp67_ASAP7_75t_R          2  1.5    19    17     323    (-,-) 
  g948721/Y            -       C->Y    R     OAI211xp5_ASAP7_75t_R         1  1.3    31    16     339    (-,-) 
  g948354/Y            -       A->Y    F     INVx2_ASAP7_75t_R             4  4.9    19    15     354    (-,-) 
  g947561/Y            -       B->Y    F     AND2x6_ASAP7_75t_R           25 14.0    18    29     383    (-,-) 
  g946783/Y            -       A->Y    R     INVx2_ASAP7_75t_R             8  4.8    18    14     397    (-,-) 
  g945795/Y            -       B1->Y   F     OAI221xp5_ASAP7_75t_R         1  1.2    44    17     414    (-,-) 
  g945630/Y            -       B->Y    R     AOI21x1_ASAP7_75t_R           2  1.8    24    20     434    (-,-) 
  g945556/Y            -       A->Y    F     INVx2_ASAP7_75t_R             4  2.3    11     9     443    (-,-) 
  g945266/Y            -       A->Y    R     NAND2xp5_ASAP7_75t_R          3  1.3    18    13     456    (-,-) 
  g944863/Y            -       E->Y    F     NAND5xp2_ASAP7_75t_R          1  0.6    31    22     478    (-,-) 
  g944780/Y            -       A->Y    R     NOR3xp33_ASAP7_75t_R          1  0.6    26    19     497    (-,-) 
  g944702/Y            -       B->Y    F     NAND2xp5_ASAP7_75t_R          1  1.4    21    17     514    (-,-) 
  g944601/Y            -       A->Y    R     NOR3x1_ASAP7_75t_R            3  1.7    21    15     529    (-,-) 
  g944587/Y            -       A->Y    F     INVx1_ASAP7_75t_R             1  0.6     8     7     536    (-,-) 
  g944538/Y            -       A2->Y   R     OAI21xp5_ASAP7_75t_R          1  0.4    14     8     544    (-,-) 
  g944280/Y            -       A1->Y   F     OAI21xp33_ASAP7_75t_R         1  0.5    14    11     555    (-,-) 
  g943818/Y            -       A1->Y   R     AOI211xp5_ASAP7_75t_R         1  0.6    24    14     569    (-,-) 
  g943779/Y            -       B->Y    F     OAI21xp5_ASAP7_75t_R          2  0.9    16    12     581    (-,-) 
  g943758/Y            -       B->Y    R     NAND2xp5_ASAP7_75t_R          2  1.2    21    14     595    (-,-) 
  g832899/Y            -       A->Y    R     AND2x2_ASAP7_75t_R            2  2.2    12    22     616    (-,-) 
  g832212/Y            -       B->Y    F     NAND2x1_ASAP7_75t_R           1  1.3    11     9     626    (-,-) 
  fopt956767/Y         -       A->Y    F     BUFx6f_ASAP7_75t_R            7  8.5    11    17     642    (-,-) 
  fopt956766/Y         -       A->Y    F     BUFx6f_ASAP7_75t_R           22 13.2    15    19     661    (-,-) 
  g830398/Y            -       A2->Y   R     AOI22xp5_ASAP7_75t_R          1  0.6    16    12     673    (-,-) 
  retime_s57_769_reg/D -       -       R     ASYNC_DFFHx1_ASAP7_75t_R      1    -     -     0     673    (-,-) 
#--------------------------------------------------------------------------------------------------------------



Path 30: VIOLATED (-228 ps) Setup Check with Pin retime_s46_1_reg/CLK->D
          Group: clk
     Startpoint: (R) retime_s56_1_reg/CLK
          Clock: (R) clk
       Endpoint: (R) retime_s46_1_reg/D
          Clock: (R) clk

                     Capture       Launch     
        Clock Edge:+     500            0     
       Src Latency:+       0            0     
       Net Latency:+       0 (I)        0 (I) 
           Arrival:=     500            0     
                                              
             Setup:-       6                  
       Uncertainty:-      50                  
     Required Time:=     444                  
      Launch Clock:-       0                  
         Data Path:-     673                  
             Slack:=    -228                  

#--------------------------------------------------------------------------------------------------------------
#    Timing Point      Flags    Arc    Edge           Cell            Fanout Load Trans Delay Arrival Instance 
#                                                                            (fF)  (ps)  (ps)   (ps)  Location 
#--------------------------------------------------------------------------------------------------------------
  retime_s56_1_reg/CLK -       -       R     (arrival)                 10660    -    25     0       0    (-,-) 
  retime_s56_1_reg/QN  -       CLK->QN R     ASYNC_DFFHx1_ASAP7_75t_R      2  2.6    26    52      52    (-,-) 
  fopt12/Y             -       A->Y    R     BUFx6f_ASAP7_75t_R            9  6.1    10    18      70    (-,-) 
  fopt11/Y             -       A->Y    F     INVx2_ASAP7_75t_R             3  1.8     7     6      76    (-,-) 
  fopt10/Y             -       A->Y    R     INVx1_ASAP7_75t_R             2  1.0     8     6      82    (-,-) 
  fopt956643/Y         -       A->Y    F     INVxp67_ASAP7_75t_R           1  0.5     6     6      88    (-,-) 
  g773787/Y            -       B2->Y   R     OAI221xp5_ASAP7_75t_R         2  1.2    35    17     105    (-,-) 
  g776677/Y            -       B->Y    R     XNOR2xp5_ASAP7_75t_R          1  1.6    32    24     129    (-,-) 
  g776303/Y            -       D->Y    F     NAND4xp75_ASAP7_75t_R         3  2.9    30    23     152    (-,-) 
  g776275/Y            -       A->Y    R     NOR3x1_ASAP7_75t_R            1  1.4    22    16     168    (-,-) 
  g776272/Y            -       B->Y    F     NAND3x1_ASAP7_75t_R           1  1.1    14    11     180    (-,-) 
  g776266/Y            -       A->Y    F     OR2x6_ASAP7_75t_R            16 13.3    20    31     210    (-,-) 
  g772475/Y            -       A->Y    R     INVx3_ASAP7_75t_R             5  5.5    16    13     223    (-,-) 
  g772470/Y            -       B->Y    R     AND2x4_ASAP7_75t_R           24 14.0    28    29     252    (-,-) 
  g955341/Y            -       A->Y    F     INVx2_ASAP7_75t_R             7  4.0    16    13     265    (-,-) 
  g953898/Y            -       B2->Y   R     AOI22xp5_ASAP7_75t_R          1  0.6    15    12     277    (-,-) 
  g953222/Y            -       B->Y    F     NAND2xp5_ASAP7_75t_R          1  1.4    19    14     291    (-,-) 
  g952687/Y            -       B->Y    R     NOR3x1_ASAP7_75t_R            2  1.3    18    15     306    (-,-) 
  g952171/Y            -       A->Y    F     NOR2xp67_ASAP7_75t_R          2  1.5    19    17     323    (-,-) 
  g948721/Y            -       C->Y    R     OAI211xp5_ASAP7_75t_R         1  1.3    31    16     339    (-,-) 
  g948354/Y            -       A->Y    F     INVx2_ASAP7_75t_R             4  4.9    19    15     354    (-,-) 
  g947561/Y            -       B->Y    F     AND2x6_ASAP7_75t_R           25 14.0    18    29     383    (-,-) 
  g946783/Y            -       A->Y    R     INVx2_ASAP7_75t_R             8  4.8    18    14     397    (-,-) 
  g945795/Y            -       B1->Y   F     OAI221xp5_ASAP7_75t_R         1  1.2    44    17     414    (-,-) 
  g945630/Y            -       B->Y    R     AOI21x1_ASAP7_75t_R           2  1.8    24    20     434    (-,-) 
  g945556/Y            -       A->Y    F     INVx2_ASAP7_75t_R             4  2.3    11     9     443    (-,-) 
  g945266/Y            -       A->Y    R     NAND2xp5_ASAP7_75t_R          3  1.3    18    13     456    (-,-) 
  g944863/Y            -       E->Y    F     NAND5xp2_ASAP7_75t_R          1  0.6    31    22     478    (-,-) 
  g944780/Y            -       A->Y    R     NOR3xp33_ASAP7_75t_R          1  0.6    26    19     497    (-,-) 
  g944702/Y            -       B->Y    F     NAND2xp5_ASAP7_75t_R          1  1.4    21    17     514    (-,-) 
  g944601/Y            -       A->Y    R     NOR3x1_ASAP7_75t_R            3  1.7    21    15     529    (-,-) 
  g944587/Y            -       A->Y    F     INVx1_ASAP7_75t_R             1  0.6     8     7     536    (-,-) 
  g944538/Y            -       A2->Y   R     OAI21xp5_ASAP7_75t_R          1  0.4    14     8     544    (-,-) 
  g944280/Y            -       A1->Y   F     OAI21xp33_ASAP7_75t_R         1  0.5    14    11     555    (-,-) 
  g943818/Y            -       A1->Y   R     AOI211xp5_ASAP7_75t_R         1  0.6    24    14     569    (-,-) 
  g943779/Y            -       B->Y    F     OAI21xp5_ASAP7_75t_R          2  0.9    16    12     581    (-,-) 
  g943758/Y            -       B->Y    R     NAND2xp5_ASAP7_75t_R          2  1.2    21    14     595    (-,-) 
  g832899/Y            -       A->Y    R     AND2x2_ASAP7_75t_R            2  2.2    12    22     616    (-,-) 
  g832212/Y            -       B->Y    F     NAND2x1_ASAP7_75t_R           1  1.3    11     9     626    (-,-) 
  fopt956767/Y         -       A->Y    F     BUFx6f_ASAP7_75t_R            7  8.5    11    17     642    (-,-) 
  fopt956766/Y         -       A->Y    F     BUFx6f_ASAP7_75t_R           22 13.2    15    19     661    (-,-) 
  g830229/Y            -       A2->Y   R     AOI22xp5_ASAP7_75t_R          1  0.6    16    12     673    (-,-) 
  retime_s46_1_reg/D   -       -       R     ASYNC_DFFHx1_ASAP7_75t_R      1    -     -     0     673    (-,-) 
#--------------------------------------------------------------------------------------------------------------



Path 31: VIOLATED (-228 ps) Setup Check with Pin retime_s43_3_reg/CLK->D
          Group: clk
     Startpoint: (R) retime_s56_1_reg/CLK
          Clock: (R) clk
       Endpoint: (R) retime_s43_3_reg/D
          Clock: (R) clk

                     Capture       Launch     
        Clock Edge:+     500            0     
       Src Latency:+       0            0     
       Net Latency:+       0 (I)        0 (I) 
           Arrival:=     500            0     
                                              
             Setup:-       6                  
       Uncertainty:-      50                  
     Required Time:=     444                  
      Launch Clock:-       0                  
         Data Path:-     673                  
             Slack:=    -228                  

#--------------------------------------------------------------------------------------------------------------
#    Timing Point      Flags    Arc    Edge           Cell            Fanout Load Trans Delay Arrival Instance 
#                                                                            (fF)  (ps)  (ps)   (ps)  Location 
#--------------------------------------------------------------------------------------------------------------
  retime_s56_1_reg/CLK -       -       R     (arrival)                 10660    -    25     0       0    (-,-) 
  retime_s56_1_reg/QN  -       CLK->QN R     ASYNC_DFFHx1_ASAP7_75t_R      2  2.6    26    52      52    (-,-) 
  fopt12/Y             -       A->Y    R     BUFx6f_ASAP7_75t_R            9  6.1    10    18      70    (-,-) 
  fopt11/Y             -       A->Y    F     INVx2_ASAP7_75t_R             3  1.8     7     6      76    (-,-) 
  fopt10/Y             -       A->Y    R     INVx1_ASAP7_75t_R             2  1.0     8     6      82    (-,-) 
  fopt956643/Y         -       A->Y    F     INVxp67_ASAP7_75t_R           1  0.5     6     6      88    (-,-) 
  g773787/Y            -       B2->Y   R     OAI221xp5_ASAP7_75t_R         2  1.2    35    17     105    (-,-) 
  g776677/Y            -       B->Y    R     XNOR2xp5_ASAP7_75t_R          1  1.6    32    24     129    (-,-) 
  g776303/Y            -       D->Y    F     NAND4xp75_ASAP7_75t_R         3  2.9    30    23     152    (-,-) 
  g776275/Y            -       A->Y    R     NOR3x1_ASAP7_75t_R            1  1.4    22    16     168    (-,-) 
  g776272/Y            -       B->Y    F     NAND3x1_ASAP7_75t_R           1  1.1    14    11     180    (-,-) 
  g776266/Y            -       A->Y    F     OR2x6_ASAP7_75t_R            16 13.3    20    31     210    (-,-) 
  g772475/Y            -       A->Y    R     INVx3_ASAP7_75t_R             5  5.5    16    13     223    (-,-) 
  g772470/Y            -       B->Y    R     AND2x4_ASAP7_75t_R           24 14.0    28    29     252    (-,-) 
  g955341/Y            -       A->Y    F     INVx2_ASAP7_75t_R             7  4.0    16    13     265    (-,-) 
  g953898/Y            -       B2->Y   R     AOI22xp5_ASAP7_75t_R          1  0.6    15    12     277    (-,-) 
  g953222/Y            -       B->Y    F     NAND2xp5_ASAP7_75t_R          1  1.4    19    14     291    (-,-) 
  g952687/Y            -       B->Y    R     NOR3x1_ASAP7_75t_R            2  1.3    18    15     306    (-,-) 
  g952171/Y            -       A->Y    F     NOR2xp67_ASAP7_75t_R          2  1.5    19    17     323    (-,-) 
  g948721/Y            -       C->Y    R     OAI211xp5_ASAP7_75t_R         1  1.3    31    16     339    (-,-) 
  g948354/Y            -       A->Y    F     INVx2_ASAP7_75t_R             4  4.9    19    15     354    (-,-) 
  g947561/Y            -       B->Y    F     AND2x6_ASAP7_75t_R           25 14.0    18    29     383    (-,-) 
  g946783/Y            -       A->Y    R     INVx2_ASAP7_75t_R             8  4.8    18    14     397    (-,-) 
  g945795/Y            -       B1->Y   F     OAI221xp5_ASAP7_75t_R         1  1.2    44    17     414    (-,-) 
  g945630/Y            -       B->Y    R     AOI21x1_ASAP7_75t_R           2  1.8    24    20     434    (-,-) 
  g945556/Y            -       A->Y    F     INVx2_ASAP7_75t_R             4  2.3    11     9     443    (-,-) 
  g945266/Y            -       A->Y    R     NAND2xp5_ASAP7_75t_R          3  1.3    18    13     456    (-,-) 
  g944863/Y            -       E->Y    F     NAND5xp2_ASAP7_75t_R          1  0.6    31    22     478    (-,-) 
  g944780/Y            -       A->Y    R     NOR3xp33_ASAP7_75t_R          1  0.6    26    19     497    (-,-) 
  g944702/Y            -       B->Y    F     NAND2xp5_ASAP7_75t_R          1  1.4    21    17     514    (-,-) 
  g944601/Y            -       A->Y    R     NOR3x1_ASAP7_75t_R            3  1.7    21    15     529    (-,-) 
  g944587/Y            -       A->Y    F     INVx1_ASAP7_75t_R             1  0.6     8     7     536    (-,-) 
  g944538/Y            -       A2->Y   R     OAI21xp5_ASAP7_75t_R          1  0.4    14     8     544    (-,-) 
  g944280/Y            -       A1->Y   F     OAI21xp33_ASAP7_75t_R         1  0.5    14    11     555    (-,-) 
  g943818/Y            -       A1->Y   R     AOI211xp5_ASAP7_75t_R         1  0.6    24    14     569    (-,-) 
  g943779/Y            -       B->Y    F     OAI21xp5_ASAP7_75t_R          2  0.9    16    12     581    (-,-) 
  g943758/Y            -       B->Y    R     NAND2xp5_ASAP7_75t_R          2  1.2    21    14     595    (-,-) 
  g832899/Y            -       A->Y    R     AND2x2_ASAP7_75t_R            2  2.2    12    22     616    (-,-) 
  g832212/Y            -       B->Y    F     NAND2x1_ASAP7_75t_R           1  1.3    11     9     626    (-,-) 
  fopt956767/Y         -       A->Y    F     BUFx6f_ASAP7_75t_R            7  8.5    11    17     642    (-,-) 
  fopt956766/Y         -       A->Y    F     BUFx6f_ASAP7_75t_R           22 13.2    15    19     661    (-,-) 
  g830354/Y            -       A2->Y   R     AOI22xp5_ASAP7_75t_R          1  0.6    16    12     673    (-,-) 
  retime_s43_3_reg/D   -       -       R     ASYNC_DFFHx1_ASAP7_75t_R      1    -     -     0     673    (-,-) 
#--------------------------------------------------------------------------------------------------------------



Path 32: VIOLATED (-228 ps) Setup Check with Pin retime_s28_2_reg/CLK->D
          Group: clk
     Startpoint: (R) retime_s56_1_reg/CLK
          Clock: (R) clk
       Endpoint: (R) retime_s28_2_reg/D
          Clock: (R) clk

                     Capture       Launch     
        Clock Edge:+     500            0     
       Src Latency:+       0            0     
       Net Latency:+       0 (I)        0 (I) 
           Arrival:=     500            0     
                                              
             Setup:-       6                  
       Uncertainty:-      50                  
     Required Time:=     444                  
      Launch Clock:-       0                  
         Data Path:-     673                  
             Slack:=    -228                  

#--------------------------------------------------------------------------------------------------------------
#    Timing Point      Flags    Arc    Edge           Cell            Fanout Load Trans Delay Arrival Instance 
#                                                                            (fF)  (ps)  (ps)   (ps)  Location 
#--------------------------------------------------------------------------------------------------------------
  retime_s56_1_reg/CLK -       -       R     (arrival)                 10660    -    25     0       0    (-,-) 
  retime_s56_1_reg/QN  -       CLK->QN R     ASYNC_DFFHx1_ASAP7_75t_R      2  2.6    26    52      52    (-,-) 
  fopt12/Y             -       A->Y    R     BUFx6f_ASAP7_75t_R            9  6.1    10    18      70    (-,-) 
  fopt11/Y             -       A->Y    F     INVx2_ASAP7_75t_R             3  1.8     7     6      76    (-,-) 
  fopt10/Y             -       A->Y    R     INVx1_ASAP7_75t_R             2  1.0     8     6      82    (-,-) 
  fopt956643/Y         -       A->Y    F     INVxp67_ASAP7_75t_R           1  0.5     6     6      88    (-,-) 
  g773787/Y            -       B2->Y   R     OAI221xp5_ASAP7_75t_R         2  1.2    35    17     105    (-,-) 
  g776677/Y            -       B->Y    R     XNOR2xp5_ASAP7_75t_R          1  1.6    32    24     129    (-,-) 
  g776303/Y            -       D->Y    F     NAND4xp75_ASAP7_75t_R         3  2.9    30    23     152    (-,-) 
  g776275/Y            -       A->Y    R     NOR3x1_ASAP7_75t_R            1  1.4    22    16     168    (-,-) 
  g776272/Y            -       B->Y    F     NAND3x1_ASAP7_75t_R           1  1.1    14    11     180    (-,-) 
  g776266/Y            -       A->Y    F     OR2x6_ASAP7_75t_R            16 13.3    20    31     210    (-,-) 
  g772475/Y            -       A->Y    R     INVx3_ASAP7_75t_R             5  5.5    16    13     223    (-,-) 
  g772470/Y            -       B->Y    R     AND2x4_ASAP7_75t_R           24 14.0    28    29     252    (-,-) 
  g955341/Y            -       A->Y    F     INVx2_ASAP7_75t_R             7  4.0    16    13     265    (-,-) 
  g953898/Y            -       B2->Y   R     AOI22xp5_ASAP7_75t_R          1  0.6    15    12     277    (-,-) 
  g953222/Y            -       B->Y    F     NAND2xp5_ASAP7_75t_R          1  1.4    19    14     291    (-,-) 
  g952687/Y            -       B->Y    R     NOR3x1_ASAP7_75t_R            2  1.3    18    15     306    (-,-) 
  g952171/Y            -       A->Y    F     NOR2xp67_ASAP7_75t_R          2  1.5    19    17     323    (-,-) 
  g948721/Y            -       C->Y    R     OAI211xp5_ASAP7_75t_R         1  1.3    31    16     339    (-,-) 
  g948354/Y            -       A->Y    F     INVx2_ASAP7_75t_R             4  4.9    19    15     354    (-,-) 
  g947561/Y            -       B->Y    F     AND2x6_ASAP7_75t_R           25 14.0    18    29     383    (-,-) 
  g946783/Y            -       A->Y    R     INVx2_ASAP7_75t_R             8  4.8    18    14     397    (-,-) 
  g945795/Y            -       B1->Y   F     OAI221xp5_ASAP7_75t_R         1  1.2    44    17     414    (-,-) 
  g945630/Y            -       B->Y    R     AOI21x1_ASAP7_75t_R           2  1.8    24    20     434    (-,-) 
  g945556/Y            -       A->Y    F     INVx2_ASAP7_75t_R             4  2.3    11     9     443    (-,-) 
  g945266/Y            -       A->Y    R     NAND2xp5_ASAP7_75t_R          3  1.3    18    13     456    (-,-) 
  g944863/Y            -       E->Y    F     NAND5xp2_ASAP7_75t_R          1  0.6    31    22     478    (-,-) 
  g944780/Y            -       A->Y    R     NOR3xp33_ASAP7_75t_R          1  0.6    26    19     497    (-,-) 
  g944702/Y            -       B->Y    F     NAND2xp5_ASAP7_75t_R          1  1.4    21    17     514    (-,-) 
  g944601/Y            -       A->Y    R     NOR3x1_ASAP7_75t_R            3  1.7    21    15     529    (-,-) 
  g944587/Y            -       A->Y    F     INVx1_ASAP7_75t_R             1  0.6     8     7     536    (-,-) 
  g944538/Y            -       A2->Y   R     OAI21xp5_ASAP7_75t_R          1  0.4    14     8     544    (-,-) 
  g944280/Y            -       A1->Y   F     OAI21xp33_ASAP7_75t_R         1  0.5    14    11     555    (-,-) 
  g943818/Y            -       A1->Y   R     AOI211xp5_ASAP7_75t_R         1  0.6    24    14     569    (-,-) 
  g943779/Y            -       B->Y    F     OAI21xp5_ASAP7_75t_R          2  0.9    16    12     581    (-,-) 
  g943758/Y            -       B->Y    R     NAND2xp5_ASAP7_75t_R          2  1.2    21    14     595    (-,-) 
  g832899/Y            -       A->Y    R     AND2x2_ASAP7_75t_R            2  2.2    12    22     616    (-,-) 
  g832212/Y            -       B->Y    F     NAND2x1_ASAP7_75t_R           1  1.3    11     9     626    (-,-) 
  fopt956767/Y         -       A->Y    F     BUFx6f_ASAP7_75t_R            7  8.5    11    17     642    (-,-) 
  fopt956766/Y         -       A->Y    F     BUFx6f_ASAP7_75t_R           22 13.2    15    19     661    (-,-) 
  g830013/Y            -       A2->Y   R     AOI22xp5_ASAP7_75t_R          1  0.6    16    12     673    (-,-) 
  retime_s28_2_reg/D   -       -       R     ASYNC_DFFHx1_ASAP7_75t_R      1    -     -     0     673    (-,-) 
#--------------------------------------------------------------------------------------------------------------



Path 33: VIOLATED (-228 ps) Setup Check with Pin retime_s280_15_reg/CLK->D
          Group: clk
     Startpoint: (R) retime_s5_100_reg/CLK
          Clock: (R) clk
       Endpoint: (F) retime_s280_15_reg/D
          Clock: (R) clk

                     Capture       Launch     
        Clock Edge:+     500            0     
       Src Latency:+       0            0     
       Net Latency:+       0 (I)        0 (I) 
           Arrival:=     500            0     
                                              
             Setup:-       4                  
       Uncertainty:-      50                  
     Required Time:=     446                  
      Launch Clock:-       0                  
         Data Path:-     674                  
             Slack:=    -228                  

#---------------------------------------------------------------------------------------------------------------
#     Timing Point      Flags    Arc    Edge           Cell            Fanout Load Trans Delay Arrival Instance 
#                                                                             (fF)  (ps)  (ps)   (ps)  Location 
#---------------------------------------------------------------------------------------------------------------
  retime_s5_100_reg/CLK -       -       R     (arrival)                 10660    -    25     0       0    (-,-) 
  retime_s5_100_reg/QN  -       CLK->QN R     ASYNC_DFFHx1_ASAP7_75t_R      3  1.6    20    48      48    (-,-) 
  g805236/Y             -       A->Y    F     INVx1_ASAP7_75t_R             3  1.9    14    11      59    (-,-) 
  g805234/Y             -       A->Y    R     INVx1_ASAP7_75t_R             8  5.2    33    20      79    (-,-) 
  g804837/Y             -       A2->Y   R     AO22x1_ASAP7_75t_R            6  3.1    23    30     110    (-,-) 
  g804449/Y             -       B->Y    F     NOR2xp33_ASAP7_75t_R          2  1.1    23    19     129    (-,-) 
  g804156/Y             -       B->Y    R     NAND2xp5_ASAP7_75t_R          3  1.6    22    18     147    (-,-) 
  g804092/Y             -       A->Y    F     NOR2xp33_ASAP7_75t_R          1  0.5    16    15     162    (-,-) 
  g803772/Y             -       B->Y    R     NAND3xp33_ASAP7_75t_R         1  0.7    15    13     175    (-,-) 
  fopt956707/Y          -       A->Y    F     INVx1_ASAP7_75t_R             3  1.5    11     9     184    (-,-) 
  g953162/Y             -       B->Y    R     AOI21xp5_ASAP7_75t_R          1  0.5    13    10     194    (-,-) 
  g952173/Y             -       C->Y    F     OAI211xp5_ASAP7_75t_R         1  0.4    15    10     204    (-,-) 
  g951730/Y             -       A->Y    R     NOR2xp33_ASAP7_75t_R          1  0.6    19    14     218    (-,-) 
  g949655/Y             -       B->Y    F     NAND2xp5_ASAP7_75t_R          2  1.2    18    14     232    (-,-) 
  g948396/Y             -       A->Y    R     NAND2xp5_ASAP7_75t_R          1  0.6    13    12     244    (-,-) 
  g947553/Y             -       B->Y    F     OAI21xp5_ASAP7_75t_R          4  2.1    24    15     259    (-,-) 
  g946534/Y             -       A->Y    R     NAND2xp5_ASAP7_75t_R          2  1.9    26    21     280    (-,-) 
  g946334/Y             -       A->Y    F     INVx2_ASAP7_75t_R             1  1.1     8     7     286    (-,-) 
  g946195/Y             -       B->Y    F     AND2x4_ASAP7_75t_R            5  3.0     8    17     303    (-,-) 
  g946057/Y             -       A->Y    F     BUFx3_ASAP7_75t_R             4  2.9     8    15     318    (-,-) 
  g945823/Y             -       A2->Y   R     AOI21xp5_ASAP7_75t_R          2  1.3    22    13     331    (-,-) 
  g945757/Y             -       A->Y    F     INVx1_ASAP7_75t_R             2  1.2    11    10     341    (-,-) 
  g945353/Y             -       B2->Y   R     AOI22xp5_ASAP7_75t_R          1  0.5    14    11     351    (-,-) 
  g944745/Y             -       D->Y    F     NAND4xp25_ASAP7_75t_R         1  0.6    26    17     368    (-,-) 
  g944653/Y             -       C1->Y   R     OAI311xp33_ASAP7_75t_R        1  0.5    23    12     380    (-,-) 
  g944573/Y             -       A->Y    F     NAND2xp5_ASAP7_75t_R          1  1.0    15    13     392    (-,-) 
  g944567/Y             -       B->Y    R     AOI211x1_ASAP7_75t_R          2  0.9    17    12     405    (-,-) 
  g944544/Y             -       B->Y    R     AND2x2_ASAP7_75t_R            3  2.7    14    23     427    (-,-) 
  g944537/Y             -       A->Y    F     INVx2_ASAP7_75t_R             5  4.0    13    10     437    (-,-) 
  g843708/Y             -       A->Y    F     BUFx3_ASAP7_75t_R             7  4.8    11    18     455    (-,-) 
  g837026/Y             -       B2->Y   R     AOI22xp5_ASAP7_75t_R          2  1.3    24    15     470    (-,-) 
  g835699/Y             -       A->Y    F     NOR2x1_ASAP7_75t_R            2  1.6    17    16     486    (-,-) 
  g832201/Y             -       B->Y    R     NOR2x1_ASAP7_75t_R            2  0.9    13    11     497    (-,-) 
  g831551/Y             -       B->Y    F     OAI21xp5_ASAP7_75t_R          2  1.2    21    12     508    (-,-) 
  g831245/Y             -       B->Y    R     NOR2xp67_ASAP7_75t_R          2  1.0    18    14     522    (-,-) 
  g831079/Y             -       B->Y    F     NAND2xp67_ASAP7_75t_R         2  0.9    13    10     532    (-,-) 
  g830860/Y             -       B->Y    R     AOI21xp5_ASAP7_75t_R          2  0.9    17    13     545    (-,-) 
  g830758/Y             -       B->Y    F     OAI21xp5_ASAP7_75t_R          2  1.9    27    15     560    (-,-) 
  g830635/Y             -       B->Y    R     NOR2x1p5_ASAP7_75t_R          2  1.9    18    14     574    (-,-) 
  g830561/Y             -       B->Y    F     NAND2x1p5_ASAP7_75t_R         2  1.9    13    10     585    (-,-) 
  g830494/Y             -       B->Y    R     NOR2x1p5_ASAP7_75t_R          2  1.9    15    11     596    (-,-) 
  g830458/Y             -       B->Y    F     NAND2x1p5_ASAP7_75t_R         2  1.9    12    10     606    (-,-) 
  fopt957003/Y          -       A->Y    F     HB1xp67_ASAP7_75t_R           2  0.6     8    15     621    (-,-) 
  fopt957001/Y          -       A->Y    F     HB1xp67_ASAP7_75t_R           1  0.7     8    14     636    (-,-) 
  g830381/Y             -       B->Y    R     NOR2xp67_ASAP7_75t_R          2  1.3    18    12     648    (-,-) 
  g830366/Y             -       A->Y    F     INVx1_ASAP7_75t_R             1  0.6     8     7     654    (-,-) 
  g830293/Y             -       A2->Y   R     OAI22xp5_ASAP7_75t_R          1  0.6    18     9     664    (-,-) 
  g830180/Y             -       A1->Y   F     AOI21xp5_ASAP7_75t_R          1  0.6    21    10     674    (-,-) 
  retime_s280_15_reg/D  -       -       F     ASYNC_DFFHx1_ASAP7_75t_R      1    -     -     0     674    (-,-) 
#---------------------------------------------------------------------------------------------------------------



Path 34: VIOLATED (-228 ps) Setup Check with Pin retime_s263_12_reg/CLK->D
          Group: clk
     Startpoint: (R) retime_s56_1_reg/CLK
          Clock: (R) clk
       Endpoint: (F) retime_s263_12_reg/D
          Clock: (R) clk

                     Capture       Launch     
        Clock Edge:+     500            0     
       Src Latency:+       0            0     
       Net Latency:+       0 (I)        0 (I) 
           Arrival:=     500            0     
                                              
             Setup:-       3                  
       Uncertainty:-      50                  
     Required Time:=     447                  
      Launch Clock:-       0                  
         Data Path:-     675                  
             Slack:=    -228                  

#--------------------------------------------------------------------------------------------------------------
#    Timing Point      Flags    Arc    Edge           Cell            Fanout Load Trans Delay Arrival Instance 
#                                                                            (fF)  (ps)  (ps)   (ps)  Location 
#--------------------------------------------------------------------------------------------------------------
  retime_s56_1_reg/CLK -       -       R     (arrival)                 10660    -    25     0       0    (-,-) 
  retime_s56_1_reg/QN  -       CLK->QN R     ASYNC_DFFHx1_ASAP7_75t_R      2  2.6    26    52      52    (-,-) 
  fopt12/Y             -       A->Y    R     BUFx6f_ASAP7_75t_R            9  6.1    10    18      70    (-,-) 
  fopt11/Y             -       A->Y    F     INVx2_ASAP7_75t_R             3  1.8     7     6      76    (-,-) 
  fopt10/Y             -       A->Y    R     INVx1_ASAP7_75t_R             2  1.0     8     6      82    (-,-) 
  fopt956643/Y         -       A->Y    F     INVxp67_ASAP7_75t_R           1  0.5     6     6      88    (-,-) 
  g773787/Y            -       B2->Y   R     OAI221xp5_ASAP7_75t_R         2  1.2    35    17     105    (-,-) 
  g776677/Y            -       B->Y    R     XNOR2xp5_ASAP7_75t_R          1  1.6    32    24     129    (-,-) 
  g776303/Y            -       D->Y    F     NAND4xp75_ASAP7_75t_R         3  2.9    30    23     152    (-,-) 
  g776275/Y            -       A->Y    R     NOR3x1_ASAP7_75t_R            1  1.4    22    16     168    (-,-) 
  g776272/Y            -       B->Y    F     NAND3x1_ASAP7_75t_R           1  1.1    14    11     180    (-,-) 
  g776266/Y            -       A->Y    F     OR2x6_ASAP7_75t_R            16 13.3    20    31     210    (-,-) 
  g776261/Y            -       B2->Y   F     OA22x2_ASAP7_75t_R            1  2.0    10    24     235    (-,-) 
  g776258/Y            -       A->Y    R     INVx3_ASAP7_75t_R             9  5.8    14    10     245    (-,-) 
  g775682/Y            -       A->Y    F     INVx1_ASAP7_75t_R             2  1.3    10     8     253    (-,-) 
  g775681/Y            -       A->Y    R     INVx1_ASAP7_75t_R             2  1.2    10     8     261    (-,-) 
  g775573/Y            -       A2->Y   F     OAI22xp5_ASAP7_75t_R          1  1.6    20    13     274    (-,-) 
  g775540/Y            -       B->Y    R     NOR2x1p5_ASAP7_75t_R          1  1.6    15    12     287    (-,-) 
  g775514/Y            -       A->Y    F     NAND2x1p5_ASAP7_75t_R         4  3.1    16    12     298    (-,-) 
  g775506/Y            -       A->Y    R     INVx1_ASAP7_75t_R             1  0.5     8     7     306    (-,-) 
  g775476/Y            -       B->Y    F     NAND3xp33_ASAP7_75t_R         1  0.7    19    12     317    (-,-) 
  g775467/Y            -       A->Y    F     BUFx3_ASAP7_75t_R             4  3.2     9    18     336    (-,-) 
  g775466/Y            -       A->Y    R     INVxp67_ASAP7_75t_R           1  0.6     8     7     343    (-,-) 
  g775441/Y            -       B1->Y   R     AO22x2_ASAP7_75t_R            6  4.9    20    22     365    (-,-) 
  g773071/Y            -       A->Y    R     BUFx6f_ASAP7_75t_R            5  5.0     9    17     382    (-,-) 
  g955210/Y            -       A->Y    F     INVx4_ASAP7_75t_R             5  2.9     6     5     387    (-,-) 
  g952785/Y            -       A1->Y   R     OAI211xp5_ASAP7_75t_R         1  0.9    24    14     402    (-,-) 
  g952455/Y            -       B->Y    R     AO211x2_ASAP7_75t_R           2  1.9    11    24     425    (-,-) 
  g952282/Y            -       A->Y    F     INVx2_ASAP7_75t_R             3  2.9    10     8     433    (-,-) 
  g952281/Y            -       A->Y    R     INVx1_ASAP7_75t_R             2  1.3    10     8     441    (-,-) 
  g952280/Y            -       A->Y    R     BUFx3_ASAP7_75t_R            11  6.7    16    19     460    (-,-) 
  g952278/Y            -       A->Y    F     INVx1_ASAP7_75t_R             2  1.1    10     8     468    (-,-) 
  g950223/Y            -       A->Y    R     NAND2xp5_ASAP7_75t_R          2  1.1    16    12     480    (-,-) 
  g947314/Y            -       B->Y    F     NAND4xp25_ASAP7_75t_R         1  0.5    23    16     496    (-,-) 
  g945586/Y            -       B->Y    R     NOR3xp33_ASAP7_75t_R          1  0.6    24    18     514    (-,-) 
  g945188/Y            -       B->Y    F     NAND2xp5_ASAP7_75t_R          1  0.6    14    11     525    (-,-) 
  g944823/Y            -       A->Y    R     NOR3xp33_ASAP7_75t_R          1  0.5    20    14     539    (-,-) 
  g944750/Y            -       A->Y    F     NAND2xp5_ASAP7_75t_R          2  1.2    18    13     552    (-,-) 
  g944671/Y            -       B->Y    R     NAND2xp5_ASAP7_75t_R          1  0.6    12    11     563    (-,-) 
  g944644/Y            -       B->Y    F     OAI21xp5_ASAP7_75t_R          1  0.9    15    10     573    (-,-) 
  g944486/Y            -       A1->Y   R     AOI211x1_ASAP7_75t_R          1  1.4    22    14     588    (-,-) 
  g944464/Y            -       B->Y    F     OAI21x1_ASAP7_75t_R           2  1.9    16    13     601    (-,-) 
  g944270/Y            -       B->Y    R     NAND2x1p5_ASAP7_75t_R         4  3.1    18    14     615    (-,-) 
  g832211/Y            -       B->Y    R     AND2x4_ASAP7_75t_R            3  7.8    18    25     640    (-,-) 
  g831957/Y            -       A->Y    R     BUFx12f_ASAP7_75t_R          52 31.1    22    22     662    (-,-) 
  g831382/Y            -       A2->Y   F     AOI22xp5_ASAP7_75t_R          1  0.6    16    12     675    (-,-) 
  retime_s263_12_reg/D -       -       F     ASYNC_DFFHx1_ASAP7_75t_R      1    -     -     0     675    (-,-) 
#--------------------------------------------------------------------------------------------------------------



Path 35: VIOLATED (-228 ps) Setup Check with Pin retime_s263_11_reg/CLK->D
          Group: clk
     Startpoint: (R) retime_s56_1_reg/CLK
          Clock: (R) clk
       Endpoint: (F) retime_s263_11_reg/D
          Clock: (R) clk

                     Capture       Launch     
        Clock Edge:+     500            0     
       Src Latency:+       0            0     
       Net Latency:+       0 (I)        0 (I) 
           Arrival:=     500            0     
                                              
             Setup:-       3                  
       Uncertainty:-      50                  
     Required Time:=     447                  
      Launch Clock:-       0                  
         Data Path:-     675                  
             Slack:=    -228                  

#--------------------------------------------------------------------------------------------------------------
#    Timing Point      Flags    Arc    Edge           Cell            Fanout Load Trans Delay Arrival Instance 
#                                                                            (fF)  (ps)  (ps)   (ps)  Location 
#--------------------------------------------------------------------------------------------------------------
  retime_s56_1_reg/CLK -       -       R     (arrival)                 10660    -    25     0       0    (-,-) 
  retime_s56_1_reg/QN  -       CLK->QN R     ASYNC_DFFHx1_ASAP7_75t_R      2  2.6    26    52      52    (-,-) 
  fopt12/Y             -       A->Y    R     BUFx6f_ASAP7_75t_R            9  6.1    10    18      70    (-,-) 
  fopt11/Y             -       A->Y    F     INVx2_ASAP7_75t_R             3  1.8     7     6      76    (-,-) 
  fopt10/Y             -       A->Y    R     INVx1_ASAP7_75t_R             2  1.0     8     6      82    (-,-) 
  fopt956643/Y         -       A->Y    F     INVxp67_ASAP7_75t_R           1  0.5     6     6      88    (-,-) 
  g773787/Y            -       B2->Y   R     OAI221xp5_ASAP7_75t_R         2  1.2    35    17     105    (-,-) 
  g776677/Y            -       B->Y    R     XNOR2xp5_ASAP7_75t_R          1  1.6    32    24     129    (-,-) 
  g776303/Y            -       D->Y    F     NAND4xp75_ASAP7_75t_R         3  2.9    30    23     152    (-,-) 
  g776275/Y            -       A->Y    R     NOR3x1_ASAP7_75t_R            1  1.4    22    16     168    (-,-) 
  g776272/Y            -       B->Y    F     NAND3x1_ASAP7_75t_R           1  1.1    14    11     180    (-,-) 
  g776266/Y            -       A->Y    F     OR2x6_ASAP7_75t_R            16 13.3    20    31     210    (-,-) 
  g776261/Y            -       B2->Y   F     OA22x2_ASAP7_75t_R            1  2.0    10    24     235    (-,-) 
  g776258/Y            -       A->Y    R     INVx3_ASAP7_75t_R             9  5.8    14    10     245    (-,-) 
  g775682/Y            -       A->Y    F     INVx1_ASAP7_75t_R             2  1.3    10     8     253    (-,-) 
  g775681/Y            -       A->Y    R     INVx1_ASAP7_75t_R             2  1.2    10     8     261    (-,-) 
  g775573/Y            -       A2->Y   F     OAI22xp5_ASAP7_75t_R          1  1.6    20    13     274    (-,-) 
  g775540/Y            -       B->Y    R     NOR2x1p5_ASAP7_75t_R          1  1.6    15    12     287    (-,-) 
  g775514/Y            -       A->Y    F     NAND2x1p5_ASAP7_75t_R         4  3.1    16    12     298    (-,-) 
  g775506/Y            -       A->Y    R     INVx1_ASAP7_75t_R             1  0.5     8     7     306    (-,-) 
  g775476/Y            -       B->Y    F     NAND3xp33_ASAP7_75t_R         1  0.7    19    12     317    (-,-) 
  g775467/Y            -       A->Y    F     BUFx3_ASAP7_75t_R             4  3.2     9    18     336    (-,-) 
  g775466/Y            -       A->Y    R     INVxp67_ASAP7_75t_R           1  0.6     8     7     343    (-,-) 
  g775441/Y            -       B1->Y   R     AO22x2_ASAP7_75t_R            6  4.9    20    22     365    (-,-) 
  g773071/Y            -       A->Y    R     BUFx6f_ASAP7_75t_R            5  5.0     9    17     382    (-,-) 
  g955210/Y            -       A->Y    F     INVx4_ASAP7_75t_R             5  2.9     6     5     387    (-,-) 
  g952785/Y            -       A1->Y   R     OAI211xp5_ASAP7_75t_R         1  0.9    24    14     402    (-,-) 
  g952455/Y            -       B->Y    R     AO211x2_ASAP7_75t_R           2  1.9    11    24     425    (-,-) 
  g952282/Y            -       A->Y    F     INVx2_ASAP7_75t_R             3  2.9    10     8     433    (-,-) 
  g952281/Y            -       A->Y    R     INVx1_ASAP7_75t_R             2  1.3    10     8     441    (-,-) 
  g952280/Y            -       A->Y    R     BUFx3_ASAP7_75t_R            11  6.7    16    19     460    (-,-) 
  g952278/Y            -       A->Y    F     INVx1_ASAP7_75t_R             2  1.1    10     8     468    (-,-) 
  g950223/Y            -       A->Y    R     NAND2xp5_ASAP7_75t_R          2  1.1    16    12     480    (-,-) 
  g947314/Y            -       B->Y    F     NAND4xp25_ASAP7_75t_R         1  0.5    23    16     496    (-,-) 
  g945586/Y            -       B->Y    R     NOR3xp33_ASAP7_75t_R          1  0.6    24    18     514    (-,-) 
  g945188/Y            -       B->Y    F     NAND2xp5_ASAP7_75t_R          1  0.6    14    11     525    (-,-) 
  g944823/Y            -       A->Y    R     NOR3xp33_ASAP7_75t_R          1  0.5    20    14     539    (-,-) 
  g944750/Y            -       A->Y    F     NAND2xp5_ASAP7_75t_R          2  1.2    18    13     552    (-,-) 
  g944671/Y            -       B->Y    R     NAND2xp5_ASAP7_75t_R          1  0.6    12    11     563    (-,-) 
  g944644/Y            -       B->Y    F     OAI21xp5_ASAP7_75t_R          1  0.9    15    10     573    (-,-) 
  g944486/Y            -       A1->Y   R     AOI211x1_ASAP7_75t_R          1  1.4    22    14     588    (-,-) 
  g944464/Y            -       B->Y    F     OAI21x1_ASAP7_75t_R           2  1.9    16    13     601    (-,-) 
  g944270/Y            -       B->Y    R     NAND2x1p5_ASAP7_75t_R         4  3.1    18    14     615    (-,-) 
  g832211/Y            -       B->Y    R     AND2x4_ASAP7_75t_R            3  7.8    18    25     640    (-,-) 
  g831957/Y            -       A->Y    R     BUFx12f_ASAP7_75t_R          52 31.1    22    22     662    (-,-) 
  g831381/Y            -       A2->Y   F     AOI22xp5_ASAP7_75t_R          1  0.6    16    12     675    (-,-) 
  retime_s263_11_reg/D -       -       F     ASYNC_DFFHx1_ASAP7_75t_R      1    -     -     0     675    (-,-) 
#--------------------------------------------------------------------------------------------------------------



Path 36: VIOLATED (-228 ps) Setup Check with Pin retime_s210_4_reg/CLK->D
          Group: clk
     Startpoint: (R) retime_s56_1_reg/CLK
          Clock: (R) clk
       Endpoint: (F) retime_s210_4_reg/D
          Clock: (R) clk

                     Capture       Launch     
        Clock Edge:+     500            0     
       Src Latency:+       0            0     
       Net Latency:+       0 (I)        0 (I) 
           Arrival:=     500            0     
                                              
             Setup:-       3                  
       Uncertainty:-      50                  
     Required Time:=     447                  
      Launch Clock:-       0                  
         Data Path:-     675                  
             Slack:=    -228                  

#--------------------------------------------------------------------------------------------------------------
#    Timing Point      Flags    Arc    Edge           Cell            Fanout Load Trans Delay Arrival Instance 
#                                                                            (fF)  (ps)  (ps)   (ps)  Location 
#--------------------------------------------------------------------------------------------------------------
  retime_s56_1_reg/CLK -       -       R     (arrival)                 10660    -    25     0       0    (-,-) 
  retime_s56_1_reg/QN  -       CLK->QN R     ASYNC_DFFHx1_ASAP7_75t_R      2  2.6    26    52      52    (-,-) 
  fopt12/Y             -       A->Y    R     BUFx6f_ASAP7_75t_R            9  6.1    10    18      70    (-,-) 
  fopt11/Y             -       A->Y    F     INVx2_ASAP7_75t_R             3  1.8     7     6      76    (-,-) 
  fopt10/Y             -       A->Y    R     INVx1_ASAP7_75t_R             2  1.0     8     6      82    (-,-) 
  fopt956643/Y         -       A->Y    F     INVxp67_ASAP7_75t_R           1  0.5     6     6      88    (-,-) 
  g773787/Y            -       B2->Y   R     OAI221xp5_ASAP7_75t_R         2  1.2    35    17     105    (-,-) 
  g776677/Y            -       B->Y    R     XNOR2xp5_ASAP7_75t_R          1  1.6    32    24     129    (-,-) 
  g776303/Y            -       D->Y    F     NAND4xp75_ASAP7_75t_R         3  2.9    30    23     152    (-,-) 
  g776275/Y            -       A->Y    R     NOR3x1_ASAP7_75t_R            1  1.4    22    16     168    (-,-) 
  g776272/Y            -       B->Y    F     NAND3x1_ASAP7_75t_R           1  1.1    14    11     180    (-,-) 
  g776266/Y            -       A->Y    F     OR2x6_ASAP7_75t_R            16 13.3    20    31     210    (-,-) 
  g776261/Y            -       B2->Y   F     OA22x2_ASAP7_75t_R            1  2.0    10    24     235    (-,-) 
  g776258/Y            -       A->Y    R     INVx3_ASAP7_75t_R             9  5.8    14    10     245    (-,-) 
  g775682/Y            -       A->Y    F     INVx1_ASAP7_75t_R             2  1.3    10     8     253    (-,-) 
  g775681/Y            -       A->Y    R     INVx1_ASAP7_75t_R             2  1.2    10     8     261    (-,-) 
  g775573/Y            -       A2->Y   F     OAI22xp5_ASAP7_75t_R          1  1.6    20    13     274    (-,-) 
  g775540/Y            -       B->Y    R     NOR2x1p5_ASAP7_75t_R          1  1.6    15    12     287    (-,-) 
  g775514/Y            -       A->Y    F     NAND2x1p5_ASAP7_75t_R         4  3.1    16    12     298    (-,-) 
  g775506/Y            -       A->Y    R     INVx1_ASAP7_75t_R             1  0.5     8     7     306    (-,-) 
  g775476/Y            -       B->Y    F     NAND3xp33_ASAP7_75t_R         1  0.7    19    12     317    (-,-) 
  g775467/Y            -       A->Y    F     BUFx3_ASAP7_75t_R             4  3.2     9    18     336    (-,-) 
  g775466/Y            -       A->Y    R     INVxp67_ASAP7_75t_R           1  0.6     8     7     343    (-,-) 
  g775441/Y            -       B1->Y   R     AO22x2_ASAP7_75t_R            6  4.9    20    22     365    (-,-) 
  g773071/Y            -       A->Y    R     BUFx6f_ASAP7_75t_R            5  5.0     9    17     382    (-,-) 
  g955210/Y            -       A->Y    F     INVx4_ASAP7_75t_R             5  2.9     6     5     387    (-,-) 
  g952785/Y            -       A1->Y   R     OAI211xp5_ASAP7_75t_R         1  0.9    24    14     402    (-,-) 
  g952455/Y            -       B->Y    R     AO211x2_ASAP7_75t_R           2  1.9    11    24     425    (-,-) 
  g952282/Y            -       A->Y    F     INVx2_ASAP7_75t_R             3  2.9    10     8     433    (-,-) 
  g952281/Y            -       A->Y    R     INVx1_ASAP7_75t_R             2  1.3    10     8     441    (-,-) 
  g952280/Y            -       A->Y    R     BUFx3_ASAP7_75t_R            11  6.7    16    19     460    (-,-) 
  g952278/Y            -       A->Y    F     INVx1_ASAP7_75t_R             2  1.1    10     8     468    (-,-) 
  g950223/Y            -       A->Y    R     NAND2xp5_ASAP7_75t_R          2  1.1    16    12     480    (-,-) 
  g947314/Y            -       B->Y    F     NAND4xp25_ASAP7_75t_R         1  0.5    23    16     496    (-,-) 
  g945586/Y            -       B->Y    R     NOR3xp33_ASAP7_75t_R          1  0.6    24    18     514    (-,-) 
  g945188/Y            -       B->Y    F     NAND2xp5_ASAP7_75t_R          1  0.6    14    11     525    (-,-) 
  g944823/Y            -       A->Y    R     NOR3xp33_ASAP7_75t_R          1  0.5    20    14     539    (-,-) 
  g944750/Y            -       A->Y    F     NAND2xp5_ASAP7_75t_R          2  1.2    18    13     552    (-,-) 
  g944671/Y            -       B->Y    R     NAND2xp5_ASAP7_75t_R          1  0.6    12    11     563    (-,-) 
  g944644/Y            -       B->Y    F     OAI21xp5_ASAP7_75t_R          1  0.9    15    10     573    (-,-) 
  g944486/Y            -       A1->Y   R     AOI211x1_ASAP7_75t_R          1  1.4    22    14     588    (-,-) 
  g944464/Y            -       B->Y    F     OAI21x1_ASAP7_75t_R           2  1.9    16    13     601    (-,-) 
  g944270/Y            -       B->Y    R     NAND2x1p5_ASAP7_75t_R         4  3.1    18    14     615    (-,-) 
  g832211/Y            -       B->Y    R     AND2x4_ASAP7_75t_R            3  7.8    18    25     640    (-,-) 
  g831957/Y            -       A->Y    R     BUFx12f_ASAP7_75t_R          52 31.1    22    22     662    (-,-) 
  g831378/Y            -       A2->Y   F     AOI22xp5_ASAP7_75t_R          1  0.6    16    12     675    (-,-) 
  retime_s210_4_reg/D  -       -       F     ASYNC_DFFHx1_ASAP7_75t_R      1    -     -     0     675    (-,-) 
#--------------------------------------------------------------------------------------------------------------



Path 37: VIOLATED (-228 ps) Setup Check with Pin retime_s190_4_reg/CLK->D
          Group: clk
     Startpoint: (R) retime_s56_1_reg/CLK
          Clock: (R) clk
       Endpoint: (F) retime_s190_4_reg/D
          Clock: (R) clk

                     Capture       Launch     
        Clock Edge:+     500            0     
       Src Latency:+       0            0     
       Net Latency:+       0 (I)        0 (I) 
           Arrival:=     500            0     
                                              
             Setup:-       3                  
       Uncertainty:-      50                  
     Required Time:=     447                  
      Launch Clock:-       0                  
         Data Path:-     675                  
             Slack:=    -228                  

#--------------------------------------------------------------------------------------------------------------
#    Timing Point      Flags    Arc    Edge           Cell            Fanout Load Trans Delay Arrival Instance 
#                                                                            (fF)  (ps)  (ps)   (ps)  Location 
#--------------------------------------------------------------------------------------------------------------
  retime_s56_1_reg/CLK -       -       R     (arrival)                 10660    -    25     0       0    (-,-) 
  retime_s56_1_reg/QN  -       CLK->QN R     ASYNC_DFFHx1_ASAP7_75t_R      2  2.6    26    52      52    (-,-) 
  fopt12/Y             -       A->Y    R     BUFx6f_ASAP7_75t_R            9  6.1    10    18      70    (-,-) 
  fopt11/Y             -       A->Y    F     INVx2_ASAP7_75t_R             3  1.8     7     6      76    (-,-) 
  fopt10/Y             -       A->Y    R     INVx1_ASAP7_75t_R             2  1.0     8     6      82    (-,-) 
  fopt956643/Y         -       A->Y    F     INVxp67_ASAP7_75t_R           1  0.5     6     6      88    (-,-) 
  g773787/Y            -       B2->Y   R     OAI221xp5_ASAP7_75t_R         2  1.2    35    17     105    (-,-) 
  g776677/Y            -       B->Y    R     XNOR2xp5_ASAP7_75t_R          1  1.6    32    24     129    (-,-) 
  g776303/Y            -       D->Y    F     NAND4xp75_ASAP7_75t_R         3  2.9    30    23     152    (-,-) 
  g776275/Y            -       A->Y    R     NOR3x1_ASAP7_75t_R            1  1.4    22    16     168    (-,-) 
  g776272/Y            -       B->Y    F     NAND3x1_ASAP7_75t_R           1  1.1    14    11     180    (-,-) 
  g776266/Y            -       A->Y    F     OR2x6_ASAP7_75t_R            16 13.3    20    31     210    (-,-) 
  g776261/Y            -       B2->Y   F     OA22x2_ASAP7_75t_R            1  2.0    10    24     235    (-,-) 
  g776258/Y            -       A->Y    R     INVx3_ASAP7_75t_R             9  5.8    14    10     245    (-,-) 
  g775682/Y            -       A->Y    F     INVx1_ASAP7_75t_R             2  1.3    10     8     253    (-,-) 
  g775681/Y            -       A->Y    R     INVx1_ASAP7_75t_R             2  1.2    10     8     261    (-,-) 
  g775573/Y            -       A2->Y   F     OAI22xp5_ASAP7_75t_R          1  1.6    20    13     274    (-,-) 
  g775540/Y            -       B->Y    R     NOR2x1p5_ASAP7_75t_R          1  1.6    15    12     287    (-,-) 
  g775514/Y            -       A->Y    F     NAND2x1p5_ASAP7_75t_R         4  3.1    16    12     298    (-,-) 
  g775506/Y            -       A->Y    R     INVx1_ASAP7_75t_R             1  0.5     8     7     306    (-,-) 
  g775476/Y            -       B->Y    F     NAND3xp33_ASAP7_75t_R         1  0.7    19    12     317    (-,-) 
  g775467/Y            -       A->Y    F     BUFx3_ASAP7_75t_R             4  3.2     9    18     336    (-,-) 
  g775466/Y            -       A->Y    R     INVxp67_ASAP7_75t_R           1  0.6     8     7     343    (-,-) 
  g775441/Y            -       B1->Y   R     AO22x2_ASAP7_75t_R            6  4.9    20    22     365    (-,-) 
  g773071/Y            -       A->Y    R     BUFx6f_ASAP7_75t_R            5  5.0     9    17     382    (-,-) 
  g955210/Y            -       A->Y    F     INVx4_ASAP7_75t_R             5  2.9     6     5     387    (-,-) 
  g952785/Y            -       A1->Y   R     OAI211xp5_ASAP7_75t_R         1  0.9    24    14     402    (-,-) 
  g952455/Y            -       B->Y    R     AO211x2_ASAP7_75t_R           2  1.9    11    24     425    (-,-) 
  g952282/Y            -       A->Y    F     INVx2_ASAP7_75t_R             3  2.9    10     8     433    (-,-) 
  g952281/Y            -       A->Y    R     INVx1_ASAP7_75t_R             2  1.3    10     8     441    (-,-) 
  g952280/Y            -       A->Y    R     BUFx3_ASAP7_75t_R            11  6.7    16    19     460    (-,-) 
  g952278/Y            -       A->Y    F     INVx1_ASAP7_75t_R             2  1.1    10     8     468    (-,-) 
  g950223/Y            -       A->Y    R     NAND2xp5_ASAP7_75t_R          2  1.1    16    12     480    (-,-) 
  g947314/Y            -       B->Y    F     NAND4xp25_ASAP7_75t_R         1  0.5    23    16     496    (-,-) 
  g945586/Y            -       B->Y    R     NOR3xp33_ASAP7_75t_R          1  0.6    24    18     514    (-,-) 
  g945188/Y            -       B->Y    F     NAND2xp5_ASAP7_75t_R          1  0.6    14    11     525    (-,-) 
  g944823/Y            -       A->Y    R     NOR3xp33_ASAP7_75t_R          1  0.5    20    14     539    (-,-) 
  g944750/Y            -       A->Y    F     NAND2xp5_ASAP7_75t_R          2  1.2    18    13     552    (-,-) 
  g944671/Y            -       B->Y    R     NAND2xp5_ASAP7_75t_R          1  0.6    12    11     563    (-,-) 
  g944644/Y            -       B->Y    F     OAI21xp5_ASAP7_75t_R          1  0.9    15    10     573    (-,-) 
  g944486/Y            -       A1->Y   R     AOI211x1_ASAP7_75t_R          1  1.4    22    14     588    (-,-) 
  g944464/Y            -       B->Y    F     OAI21x1_ASAP7_75t_R           2  1.9    16    13     601    (-,-) 
  g944270/Y            -       B->Y    R     NAND2x1p5_ASAP7_75t_R         4  3.1    18    14     615    (-,-) 
  g832211/Y            -       B->Y    R     AND2x4_ASAP7_75t_R            3  7.8    18    25     640    (-,-) 
  g831957/Y            -       A->Y    R     BUFx12f_ASAP7_75t_R          52 31.1    22    22     662    (-,-) 
  g831314/Y            -       A2->Y   F     AOI22xp5_ASAP7_75t_R          1  0.6    16    12     675    (-,-) 
  retime_s190_4_reg/D  -       -       F     ASYNC_DFFHx1_ASAP7_75t_R      1    -     -     0     675    (-,-) 
#--------------------------------------------------------------------------------------------------------------



Path 38: VIOLATED (-228 ps) Setup Check with Pin retime_s136_1_reg/CLK->D
          Group: clk
     Startpoint: (R) retime_s5_100_reg/CLK
          Clock: (R) clk
       Endpoint: (R) retime_s136_1_reg/D
          Clock: (R) clk

                     Capture       Launch     
        Clock Edge:+     500            0     
       Src Latency:+       0            0     
       Net Latency:+       0 (I)        0 (I) 
           Arrival:=     500            0     
                                              
             Setup:-       6                  
       Uncertainty:-      50                  
     Required Time:=     444                  
      Launch Clock:-       0                  
         Data Path:-     672                  
             Slack:=    -228                  

#---------------------------------------------------------------------------------------------------------------
#     Timing Point      Flags    Arc    Edge           Cell            Fanout Load Trans Delay Arrival Instance 
#                                                                             (fF)  (ps)  (ps)   (ps)  Location 
#---------------------------------------------------------------------------------------------------------------
  retime_s5_100_reg/CLK -       -       R     (arrival)                 10660    -    25     0       0    (-,-) 
  retime_s5_100_reg/QN  -       CLK->QN R     ASYNC_DFFHx1_ASAP7_75t_R      3  1.6    20    48      48    (-,-) 
  g805236/Y             -       A->Y    F     INVx1_ASAP7_75t_R             3  1.9    14    11      59    (-,-) 
  g805234/Y             -       A->Y    R     INVx1_ASAP7_75t_R             8  5.2    33    20      79    (-,-) 
  g804837/Y             -       A2->Y   R     AO22x1_ASAP7_75t_R            6  3.1    23    30     110    (-,-) 
  g804449/Y             -       B->Y    F     NOR2xp33_ASAP7_75t_R          2  1.1    23    19     129    (-,-) 
  g804156/Y             -       B->Y    R     NAND2xp5_ASAP7_75t_R          3  1.6    22    18     147    (-,-) 
  g804092/Y             -       A->Y    F     NOR2xp33_ASAP7_75t_R          1  0.5    16    15     162    (-,-) 
  g803772/Y             -       B->Y    R     NAND3xp33_ASAP7_75t_R         1  0.7    15    13     175    (-,-) 
  fopt956707/Y          -       A->Y    F     INVx1_ASAP7_75t_R             3  1.5    11     9     184    (-,-) 
  g953162/Y             -       B->Y    R     AOI21xp5_ASAP7_75t_R          1  0.5    13    10     194    (-,-) 
  g952173/Y             -       C->Y    F     OAI211xp5_ASAP7_75t_R         1  0.4    15    10     204    (-,-) 
  g951730/Y             -       A->Y    R     NOR2xp33_ASAP7_75t_R          1  0.6    19    14     218    (-,-) 
  g949655/Y             -       B->Y    F     NAND2xp5_ASAP7_75t_R          2  1.2    18    14     232    (-,-) 
  g948396/Y             -       A->Y    R     NAND2xp5_ASAP7_75t_R          1  0.6    13    12     244    (-,-) 
  g947553/Y             -       B->Y    F     OAI21xp5_ASAP7_75t_R          4  2.1    24    15     259    (-,-) 
  g946534/Y             -       A->Y    R     NAND2xp5_ASAP7_75t_R          2  1.9    26    21     280    (-,-) 
  g946334/Y             -       A->Y    F     INVx2_ASAP7_75t_R             1  1.1     8     7     286    (-,-) 
  g946195/Y             -       B->Y    F     AND2x4_ASAP7_75t_R            5  3.0     8    17     303    (-,-) 
  g946057/Y             -       A->Y    F     BUFx3_ASAP7_75t_R             4  2.9     8    15     318    (-,-) 
  g945823/Y             -       A2->Y   R     AOI21xp5_ASAP7_75t_R          2  1.3    22    13     331    (-,-) 
  g945757/Y             -       A->Y    F     INVx1_ASAP7_75t_R             2  1.2    11    10     341    (-,-) 
  g945353/Y             -       B2->Y   R     AOI22xp5_ASAP7_75t_R          1  0.5    14    11     351    (-,-) 
  g944745/Y             -       D->Y    F     NAND4xp25_ASAP7_75t_R         1  0.6    26    17     368    (-,-) 
  g944653/Y             -       C1->Y   R     OAI311xp33_ASAP7_75t_R        1  0.5    23    12     380    (-,-) 
  g944573/Y             -       A->Y    F     NAND2xp5_ASAP7_75t_R          1  1.0    15    13     392    (-,-) 
  g944567/Y             -       B->Y    R     AOI211x1_ASAP7_75t_R          2  0.9    17    12     405    (-,-) 
  g944544/Y             -       B->Y    R     AND2x2_ASAP7_75t_R            3  2.7    14    23     427    (-,-) 
  g944517/Y             -       A->Y    R     BUFx3_ASAP7_75t_R            14  9.5    22    22     450    (-,-) 
  g944505/Y             -       A->Y    F     INVx2_ASAP7_75t_R             6  3.3    13    11     460    (-,-) 
  g944387/Y             -       B2->Y   R     AOI22xp5_ASAP7_75t_R          2  1.0    20    14     474    (-,-) 
  g944344/Y             -       A->Y    F     INVxp67_ASAP7_75t_R           2  1.0    12    10     484    (-,-) 
  g944155/Y             -       A->Y    R     NAND2xp5_ASAP7_75t_R          3  1.6    21    15     500    (-,-) 
  g943964/Y             -       A1->Y   F     OAI21xp5_ASAP7_75t_R          1  0.6    14    11     511    (-,-) 
  g943793/Y             -       B->Y    R     AOI21xp5_ASAP7_75t_R          2  1.1    20    14     525    (-,-) 
  g943737/Y             -       A2->Y   F     OAI21xp5_ASAP7_75t_R          2  1.1    17    13     538    (-,-) 
  g772545/Y             -       A->Y    R     INVxp67_ASAP7_75t_R           1  0.6    10     9     546    (-,-) 
  g836064/Y             -       A2->Y   F     OAI21xp5_ASAP7_75t_R          1  0.6    15     8     555    (-,-) 
  g833281/Y             -       A1->Y   R     AOI21xp5_ASAP7_75t_R          2  1.5    23    15     570    (-,-) 
  g831088/Y             -       B->Y    F     NOR2xp67_ASAP7_75t_R          2  1.1    17    14     584    (-,-) 
  g830809/Y             -       A->Y    F     AND2x2_ASAP7_75t_R            2  1.3     8    21     605    (-,-) 
  g830715/Y             -       B->Y    R     NAND2xp5_ASAP7_75t_R          2  1.2    19    11     616    (-,-) 
  g830688/Y             -       A->Y    F     INVx1_ASAP7_75t_R             1  0.6     8     7     623    (-,-) 
  g830616/Y             -       B->Y    R     NAND2xp5_ASAP7_75t_R          1  0.6    16     8     631    (-,-) 
  g830273/Y             -       B->Y    F     OAI21xp5_ASAP7_75t_R          1  1.0    15    11     642    (-,-) 
  g830202/Y             -       B->Y    R     AOI211x1_ASAP7_75t_R          1  0.6    17    11     653    (-,-) 
  g830032/Y             -       B->Y    F     AOI21xp5_ASAP7_75t_R          1  0.6    12     9     662    (-,-) 
  g828264/Y             -       A1->Y   R     AOI21xp5_ASAP7_75t_R          1  0.6    23    10     672    (-,-) 
  retime_s136_1_reg/D   -       -       R     ASYNC_DFFHx1_ASAP7_75t_R      1    -     -     0     672    (-,-) 
#---------------------------------------------------------------------------------------------------------------



Path 39: VIOLATED (-228 ps) Setup Check with Pin retime_s62_11_reg/CLK->D
          Group: clk
     Startpoint: (R) retime_s56_1_reg/CLK
          Clock: (R) clk
       Endpoint: (F) retime_s62_11_reg/D
          Clock: (R) clk

                     Capture       Launch     
        Clock Edge:+     500            0     
       Src Latency:+       0            0     
       Net Latency:+       0 (I)        0 (I) 
           Arrival:=     500            0     
                                              
             Setup:-       3                  
       Uncertainty:-      50                  
     Required Time:=     447                  
      Launch Clock:-       0                  
         Data Path:-     675                  
             Slack:=    -228                  

#--------------------------------------------------------------------------------------------------------------
#    Timing Point      Flags    Arc    Edge           Cell            Fanout Load Trans Delay Arrival Instance 
#                                                                            (fF)  (ps)  (ps)   (ps)  Location 
#--------------------------------------------------------------------------------------------------------------
  retime_s56_1_reg/CLK -       -       R     (arrival)                 10660    -    25     0       0    (-,-) 
  retime_s56_1_reg/QN  -       CLK->QN R     ASYNC_DFFHx1_ASAP7_75t_R      2  2.6    26    52      52    (-,-) 
  fopt12/Y             -       A->Y    R     BUFx6f_ASAP7_75t_R            9  6.1    10    18      70    (-,-) 
  fopt11/Y             -       A->Y    F     INVx2_ASAP7_75t_R             3  1.8     7     6      76    (-,-) 
  fopt10/Y             -       A->Y    R     INVx1_ASAP7_75t_R             2  1.0     8     6      82    (-,-) 
  fopt956643/Y         -       A->Y    F     INVxp67_ASAP7_75t_R           1  0.5     6     6      88    (-,-) 
  g773787/Y            -       B2->Y   R     OAI221xp5_ASAP7_75t_R         2  1.2    35    17     105    (-,-) 
  g776677/Y            -       B->Y    R     XNOR2xp5_ASAP7_75t_R          1  1.6    32    24     129    (-,-) 
  g776303/Y            -       D->Y    F     NAND4xp75_ASAP7_75t_R         3  2.9    30    23     152    (-,-) 
  g776275/Y            -       A->Y    R     NOR3x1_ASAP7_75t_R            1  1.4    22    16     168    (-,-) 
  g776272/Y            -       B->Y    F     NAND3x1_ASAP7_75t_R           1  1.1    14    11     180    (-,-) 
  g776266/Y            -       A->Y    F     OR2x6_ASAP7_75t_R            16 13.3    20    31     210    (-,-) 
  g776261/Y            -       B2->Y   F     OA22x2_ASAP7_75t_R            1  2.0    10    24     235    (-,-) 
  g776258/Y            -       A->Y    R     INVx3_ASAP7_75t_R             9  5.8    14    10     245    (-,-) 
  g775682/Y            -       A->Y    F     INVx1_ASAP7_75t_R             2  1.3    10     8     253    (-,-) 
  g775681/Y            -       A->Y    R     INVx1_ASAP7_75t_R             2  1.2    10     8     261    (-,-) 
  g775573/Y            -       A2->Y   F     OAI22xp5_ASAP7_75t_R          1  1.6    20    13     274    (-,-) 
  g775540/Y            -       B->Y    R     NOR2x1p5_ASAP7_75t_R          1  1.6    15    12     287    (-,-) 
  g775514/Y            -       A->Y    F     NAND2x1p5_ASAP7_75t_R         4  3.1    16    12     298    (-,-) 
  g775506/Y            -       A->Y    R     INVx1_ASAP7_75t_R             1  0.5     8     7     306    (-,-) 
  g775476/Y            -       B->Y    F     NAND3xp33_ASAP7_75t_R         1  0.7    19    12     317    (-,-) 
  g775467/Y            -       A->Y    F     BUFx3_ASAP7_75t_R             4  3.2     9    18     336    (-,-) 
  g775466/Y            -       A->Y    R     INVxp67_ASAP7_75t_R           1  0.6     8     7     343    (-,-) 
  g775441/Y            -       B1->Y   R     AO22x2_ASAP7_75t_R            6  4.9    20    22     365    (-,-) 
  g773071/Y            -       A->Y    R     BUFx6f_ASAP7_75t_R            5  5.0     9    17     382    (-,-) 
  g955210/Y            -       A->Y    F     INVx4_ASAP7_75t_R             5  2.9     6     5     387    (-,-) 
  g952785/Y            -       A1->Y   R     OAI211xp5_ASAP7_75t_R         1  0.9    24    14     402    (-,-) 
  g952455/Y            -       B->Y    R     AO211x2_ASAP7_75t_R           2  1.9    11    24     425    (-,-) 
  g952282/Y            -       A->Y    F     INVx2_ASAP7_75t_R             3  2.9    10     8     433    (-,-) 
  g952281/Y            -       A->Y    R     INVx1_ASAP7_75t_R             2  1.3    10     8     441    (-,-) 
  g952280/Y            -       A->Y    R     BUFx3_ASAP7_75t_R            11  6.7    16    19     460    (-,-) 
  g952278/Y            -       A->Y    F     INVx1_ASAP7_75t_R             2  1.1    10     8     468    (-,-) 
  g950223/Y            -       A->Y    R     NAND2xp5_ASAP7_75t_R          2  1.1    16    12     480    (-,-) 
  g947314/Y            -       B->Y    F     NAND4xp25_ASAP7_75t_R         1  0.5    23    16     496    (-,-) 
  g945586/Y            -       B->Y    R     NOR3xp33_ASAP7_75t_R          1  0.6    24    18     514    (-,-) 
  g945188/Y            -       B->Y    F     NAND2xp5_ASAP7_75t_R          1  0.6    14    11     525    (-,-) 
  g944823/Y            -       A->Y    R     NOR3xp33_ASAP7_75t_R          1  0.5    20    14     539    (-,-) 
  g944750/Y            -       A->Y    F     NAND2xp5_ASAP7_75t_R          2  1.2    18    13     552    (-,-) 
  g944671/Y            -       B->Y    R     NAND2xp5_ASAP7_75t_R          1  0.6    12    11     563    (-,-) 
  g944644/Y            -       B->Y    F     OAI21xp5_ASAP7_75t_R          1  0.9    15    10     573    (-,-) 
  g944486/Y            -       A1->Y   R     AOI211x1_ASAP7_75t_R          1  1.4    22    14     588    (-,-) 
  g944464/Y            -       B->Y    F     OAI21x1_ASAP7_75t_R           2  1.9    16    13     601    (-,-) 
  g944270/Y            -       B->Y    R     NAND2x1p5_ASAP7_75t_R         4  3.1    18    14     615    (-,-) 
  g832211/Y            -       B->Y    R     AND2x4_ASAP7_75t_R            3  7.8    18    25     640    (-,-) 
  g831957/Y            -       A->Y    R     BUFx12f_ASAP7_75t_R          52 31.1    22    22     662    (-,-) 
  g831401/Y            -       A2->Y   F     AOI22xp5_ASAP7_75t_R          1  0.6    16    12     675    (-,-) 
  retime_s62_11_reg/D  -       -       F     ASYNC_DFFHx1_ASAP7_75t_R      1    -     -     0     675    (-,-) 
#--------------------------------------------------------------------------------------------------------------



Path 40: VIOLATED (-228 ps) Setup Check with Pin retime_s62_9_reg/CLK->D
          Group: clk
     Startpoint: (R) retime_s56_1_reg/CLK
          Clock: (R) clk
       Endpoint: (F) retime_s62_9_reg/D
          Clock: (R) clk

                     Capture       Launch     
        Clock Edge:+     500            0     
       Src Latency:+       0            0     
       Net Latency:+       0 (I)        0 (I) 
           Arrival:=     500            0     
                                              
             Setup:-       3                  
       Uncertainty:-      50                  
     Required Time:=     447                  
      Launch Clock:-       0                  
         Data Path:-     675                  
             Slack:=    -228                  

#--------------------------------------------------------------------------------------------------------------
#    Timing Point      Flags    Arc    Edge           Cell            Fanout Load Trans Delay Arrival Instance 
#                                                                            (fF)  (ps)  (ps)   (ps)  Location 
#--------------------------------------------------------------------------------------------------------------
  retime_s56_1_reg/CLK -       -       R     (arrival)                 10660    -    25     0       0    (-,-) 
  retime_s56_1_reg/QN  -       CLK->QN R     ASYNC_DFFHx1_ASAP7_75t_R      2  2.6    26    52      52    (-,-) 
  fopt12/Y             -       A->Y    R     BUFx6f_ASAP7_75t_R            9  6.1    10    18      70    (-,-) 
  fopt11/Y             -       A->Y    F     INVx2_ASAP7_75t_R             3  1.8     7     6      76    (-,-) 
  fopt10/Y             -       A->Y    R     INVx1_ASAP7_75t_R             2  1.0     8     6      82    (-,-) 
  fopt956643/Y         -       A->Y    F     INVxp67_ASAP7_75t_R           1  0.5     6     6      88    (-,-) 
  g773787/Y            -       B2->Y   R     OAI221xp5_ASAP7_75t_R         2  1.2    35    17     105    (-,-) 
  g776677/Y            -       B->Y    R     XNOR2xp5_ASAP7_75t_R          1  1.6    32    24     129    (-,-) 
  g776303/Y            -       D->Y    F     NAND4xp75_ASAP7_75t_R         3  2.9    30    23     152    (-,-) 
  g776275/Y            -       A->Y    R     NOR3x1_ASAP7_75t_R            1  1.4    22    16     168    (-,-) 
  g776272/Y            -       B->Y    F     NAND3x1_ASAP7_75t_R           1  1.1    14    11     180    (-,-) 
  g776266/Y            -       A->Y    F     OR2x6_ASAP7_75t_R            16 13.3    20    31     210    (-,-) 
  g776261/Y            -       B2->Y   F     OA22x2_ASAP7_75t_R            1  2.0    10    24     235    (-,-) 
  g776258/Y            -       A->Y    R     INVx3_ASAP7_75t_R             9  5.8    14    10     245    (-,-) 
  g775682/Y            -       A->Y    F     INVx1_ASAP7_75t_R             2  1.3    10     8     253    (-,-) 
  g775681/Y            -       A->Y    R     INVx1_ASAP7_75t_R             2  1.2    10     8     261    (-,-) 
  g775573/Y            -       A2->Y   F     OAI22xp5_ASAP7_75t_R          1  1.6    20    13     274    (-,-) 
  g775540/Y            -       B->Y    R     NOR2x1p5_ASAP7_75t_R          1  1.6    15    12     287    (-,-) 
  g775514/Y            -       A->Y    F     NAND2x1p5_ASAP7_75t_R         4  3.1    16    12     298    (-,-) 
  g775506/Y            -       A->Y    R     INVx1_ASAP7_75t_R             1  0.5     8     7     306    (-,-) 
  g775476/Y            -       B->Y    F     NAND3xp33_ASAP7_75t_R         1  0.7    19    12     317    (-,-) 
  g775467/Y            -       A->Y    F     BUFx3_ASAP7_75t_R             4  3.2     9    18     336    (-,-) 
  g775466/Y            -       A->Y    R     INVxp67_ASAP7_75t_R           1  0.6     8     7     343    (-,-) 
  g775441/Y            -       B1->Y   R     AO22x2_ASAP7_75t_R            6  4.9    20    22     365    (-,-) 
  g773071/Y            -       A->Y    R     BUFx6f_ASAP7_75t_R            5  5.0     9    17     382    (-,-) 
  g955210/Y            -       A->Y    F     INVx4_ASAP7_75t_R             5  2.9     6     5     387    (-,-) 
  g952785/Y            -       A1->Y   R     OAI211xp5_ASAP7_75t_R         1  0.9    24    14     402    (-,-) 
  g952455/Y            -       B->Y    R     AO211x2_ASAP7_75t_R           2  1.9    11    24     425    (-,-) 
  g952282/Y            -       A->Y    F     INVx2_ASAP7_75t_R             3  2.9    10     8     433    (-,-) 
  g952281/Y            -       A->Y    R     INVx1_ASAP7_75t_R             2  1.3    10     8     441    (-,-) 
  g952280/Y            -       A->Y    R     BUFx3_ASAP7_75t_R            11  6.7    16    19     460    (-,-) 
  g952278/Y            -       A->Y    F     INVx1_ASAP7_75t_R             2  1.1    10     8     468    (-,-) 
  g950223/Y            -       A->Y    R     NAND2xp5_ASAP7_75t_R          2  1.1    16    12     480    (-,-) 
  g947314/Y            -       B->Y    F     NAND4xp25_ASAP7_75t_R         1  0.5    23    16     496    (-,-) 
  g945586/Y            -       B->Y    R     NOR3xp33_ASAP7_75t_R          1  0.6    24    18     514    (-,-) 
  g945188/Y            -       B->Y    F     NAND2xp5_ASAP7_75t_R          1  0.6    14    11     525    (-,-) 
  g944823/Y            -       A->Y    R     NOR3xp33_ASAP7_75t_R          1  0.5    20    14     539    (-,-) 
  g944750/Y            -       A->Y    F     NAND2xp5_ASAP7_75t_R          2  1.2    18    13     552    (-,-) 
  g944671/Y            -       B->Y    R     NAND2xp5_ASAP7_75t_R          1  0.6    12    11     563    (-,-) 
  g944644/Y            -       B->Y    F     OAI21xp5_ASAP7_75t_R          1  0.9    15    10     573    (-,-) 
  g944486/Y            -       A1->Y   R     AOI211x1_ASAP7_75t_R          1  1.4    22    14     588    (-,-) 
  g944464/Y            -       B->Y    F     OAI21x1_ASAP7_75t_R           2  1.9    16    13     601    (-,-) 
  g944270/Y            -       B->Y    R     NAND2x1p5_ASAP7_75t_R         4  3.1    18    14     615    (-,-) 
  g832211/Y            -       B->Y    R     AND2x4_ASAP7_75t_R            3  7.8    18    25     640    (-,-) 
  g831957/Y            -       A->Y    R     BUFx12f_ASAP7_75t_R          52 31.1    22    22     662    (-,-) 
  g831400/Y            -       A2->Y   F     AOI22xp5_ASAP7_75t_R          1  0.6    16    12     675    (-,-) 
  retime_s62_9_reg/D   -       -       F     ASYNC_DFFHx1_ASAP7_75t_R      1    -     -     0     675    (-,-) 
#--------------------------------------------------------------------------------------------------------------



Path 41: VIOLATED (-228 ps) Setup Check with Pin retime_s62_4_reg/CLK->D
          Group: clk
     Startpoint: (R) retime_s56_1_reg/CLK
          Clock: (R) clk
       Endpoint: (F) retime_s62_4_reg/D
          Clock: (R) clk

                     Capture       Launch     
        Clock Edge:+     500            0     
       Src Latency:+       0            0     
       Net Latency:+       0 (I)        0 (I) 
           Arrival:=     500            0     
                                              
             Setup:-       3                  
       Uncertainty:-      50                  
     Required Time:=     447                  
      Launch Clock:-       0                  
         Data Path:-     675                  
             Slack:=    -228                  

#--------------------------------------------------------------------------------------------------------------
#    Timing Point      Flags    Arc    Edge           Cell            Fanout Load Trans Delay Arrival Instance 
#                                                                            (fF)  (ps)  (ps)   (ps)  Location 
#--------------------------------------------------------------------------------------------------------------
  retime_s56_1_reg/CLK -       -       R     (arrival)                 10660    -    25     0       0    (-,-) 
  retime_s56_1_reg/QN  -       CLK->QN R     ASYNC_DFFHx1_ASAP7_75t_R      2  2.6    26    52      52    (-,-) 
  fopt12/Y             -       A->Y    R     BUFx6f_ASAP7_75t_R            9  6.1    10    18      70    (-,-) 
  fopt11/Y             -       A->Y    F     INVx2_ASAP7_75t_R             3  1.8     7     6      76    (-,-) 
  fopt10/Y             -       A->Y    R     INVx1_ASAP7_75t_R             2  1.0     8     6      82    (-,-) 
  fopt956643/Y         -       A->Y    F     INVxp67_ASAP7_75t_R           1  0.5     6     6      88    (-,-) 
  g773787/Y            -       B2->Y   R     OAI221xp5_ASAP7_75t_R         2  1.2    35    17     105    (-,-) 
  g776677/Y            -       B->Y    R     XNOR2xp5_ASAP7_75t_R          1  1.6    32    24     129    (-,-) 
  g776303/Y            -       D->Y    F     NAND4xp75_ASAP7_75t_R         3  2.9    30    23     152    (-,-) 
  g776275/Y            -       A->Y    R     NOR3x1_ASAP7_75t_R            1  1.4    22    16     168    (-,-) 
  g776272/Y            -       B->Y    F     NAND3x1_ASAP7_75t_R           1  1.1    14    11     180    (-,-) 
  g776266/Y            -       A->Y    F     OR2x6_ASAP7_75t_R            16 13.3    20    31     210    (-,-) 
  g776261/Y            -       B2->Y   F     OA22x2_ASAP7_75t_R            1  2.0    10    24     235    (-,-) 
  g776258/Y            -       A->Y    R     INVx3_ASAP7_75t_R             9  5.8    14    10     245    (-,-) 
  g775682/Y            -       A->Y    F     INVx1_ASAP7_75t_R             2  1.3    10     8     253    (-,-) 
  g775681/Y            -       A->Y    R     INVx1_ASAP7_75t_R             2  1.2    10     8     261    (-,-) 
  g775573/Y            -       A2->Y   F     OAI22xp5_ASAP7_75t_R          1  1.6    20    13     274    (-,-) 
  g775540/Y            -       B->Y    R     NOR2x1p5_ASAP7_75t_R          1  1.6    15    12     287    (-,-) 
  g775514/Y            -       A->Y    F     NAND2x1p5_ASAP7_75t_R         4  3.1    16    12     298    (-,-) 
  g775506/Y            -       A->Y    R     INVx1_ASAP7_75t_R             1  0.5     8     7     306    (-,-) 
  g775476/Y            -       B->Y    F     NAND3xp33_ASAP7_75t_R         1  0.7    19    12     317    (-,-) 
  g775467/Y            -       A->Y    F     BUFx3_ASAP7_75t_R             4  3.2     9    18     336    (-,-) 
  g775466/Y            -       A->Y    R     INVxp67_ASAP7_75t_R           1  0.6     8     7     343    (-,-) 
  g775441/Y            -       B1->Y   R     AO22x2_ASAP7_75t_R            6  4.9    20    22     365    (-,-) 
  g773071/Y            -       A->Y    R     BUFx6f_ASAP7_75t_R            5  5.0     9    17     382    (-,-) 
  g955210/Y            -       A->Y    F     INVx4_ASAP7_75t_R             5  2.9     6     5     387    (-,-) 
  g952785/Y            -       A1->Y   R     OAI211xp5_ASAP7_75t_R         1  0.9    24    14     402    (-,-) 
  g952455/Y            -       B->Y    R     AO211x2_ASAP7_75t_R           2  1.9    11    24     425    (-,-) 
  g952282/Y            -       A->Y    F     INVx2_ASAP7_75t_R             3  2.9    10     8     433    (-,-) 
  g952281/Y            -       A->Y    R     INVx1_ASAP7_75t_R             2  1.3    10     8     441    (-,-) 
  g952280/Y            -       A->Y    R     BUFx3_ASAP7_75t_R            11  6.7    16    19     460    (-,-) 
  g952278/Y            -       A->Y    F     INVx1_ASAP7_75t_R             2  1.1    10     8     468    (-,-) 
  g950223/Y            -       A->Y    R     NAND2xp5_ASAP7_75t_R          2  1.1    16    12     480    (-,-) 
  g947314/Y            -       B->Y    F     NAND4xp25_ASAP7_75t_R         1  0.5    23    16     496    (-,-) 
  g945586/Y            -       B->Y    R     NOR3xp33_ASAP7_75t_R          1  0.6    24    18     514    (-,-) 
  g945188/Y            -       B->Y    F     NAND2xp5_ASAP7_75t_R          1  0.6    14    11     525    (-,-) 
  g944823/Y            -       A->Y    R     NOR3xp33_ASAP7_75t_R          1  0.5    20    14     539    (-,-) 
  g944750/Y            -       A->Y    F     NAND2xp5_ASAP7_75t_R          2  1.2    18    13     552    (-,-) 
  g944671/Y            -       B->Y    R     NAND2xp5_ASAP7_75t_R          1  0.6    12    11     563    (-,-) 
  g944644/Y            -       B->Y    F     OAI21xp5_ASAP7_75t_R          1  0.9    15    10     573    (-,-) 
  g944486/Y            -       A1->Y   R     AOI211x1_ASAP7_75t_R          1  1.4    22    14     588    (-,-) 
  g944464/Y            -       B->Y    F     OAI21x1_ASAP7_75t_R           2  1.9    16    13     601    (-,-) 
  g944270/Y            -       B->Y    R     NAND2x1p5_ASAP7_75t_R         4  3.1    18    14     615    (-,-) 
  g832211/Y            -       B->Y    R     AND2x4_ASAP7_75t_R            3  7.8    18    25     640    (-,-) 
  g831957/Y            -       A->Y    R     BUFx12f_ASAP7_75t_R          52 31.1    22    22     662    (-,-) 
  g831397/Y            -       A2->Y   F     AOI22xp5_ASAP7_75t_R          1  0.6    16    12     675    (-,-) 
  retime_s62_4_reg/D   -       -       F     ASYNC_DFFHx1_ASAP7_75t_R      1    -     -     0     675    (-,-) 
#--------------------------------------------------------------------------------------------------------------



Path 42: VIOLATED (-228 ps) Setup Check with Pin retime_s56_1_reg/CLK->D
          Group: clk
     Startpoint: (R) retime_s56_1_reg/CLK
          Clock: (R) clk
       Endpoint: (R) retime_s56_1_reg/D
          Clock: (R) clk

                     Capture       Launch     
        Clock Edge:+     500            0     
       Src Latency:+       0            0     
       Net Latency:+       0 (I)        0 (I) 
           Arrival:=     500            0     
                                              
             Setup:-       6                  
       Uncertainty:-      50                  
     Required Time:=     444                  
      Launch Clock:-       0                  
         Data Path:-     672                  
             Slack:=    -228                  

#--------------------------------------------------------------------------------------------------------------
#    Timing Point      Flags    Arc    Edge           Cell            Fanout Load Trans Delay Arrival Instance 
#                                                                            (fF)  (ps)  (ps)   (ps)  Location 
#--------------------------------------------------------------------------------------------------------------
  retime_s56_1_reg/CLK -       -       R     (arrival)                 10660    -    25     0       0    (-,-) 
  retime_s56_1_reg/QN  -       CLK->QN R     ASYNC_DFFHx1_ASAP7_75t_R      2  2.6    26    52      52    (-,-) 
  fopt12/Y             -       A->Y    R     BUFx6f_ASAP7_75t_R            9  6.1    10    18      70    (-,-) 
  fopt11/Y             -       A->Y    F     INVx2_ASAP7_75t_R             3  1.8     7     6      76    (-,-) 
  fopt10/Y             -       A->Y    R     INVx1_ASAP7_75t_R             2  1.0     8     6      82    (-,-) 
  fopt956643/Y         -       A->Y    F     INVxp67_ASAP7_75t_R           1  0.5     6     6      88    (-,-) 
  g773787/Y            -       B2->Y   R     OAI221xp5_ASAP7_75t_R         2  1.2    35    17     105    (-,-) 
  g776677/Y            -       B->Y    R     XNOR2xp5_ASAP7_75t_R          1  1.6    32    24     129    (-,-) 
  g776303/Y            -       D->Y    F     NAND4xp75_ASAP7_75t_R         3  2.9    30    23     152    (-,-) 
  g776275/Y            -       A->Y    R     NOR3x1_ASAP7_75t_R            1  1.4    22    16     168    (-,-) 
  g776272/Y            -       B->Y    F     NAND3x1_ASAP7_75t_R           1  1.1    14    11     180    (-,-) 
  g776266/Y            -       A->Y    F     OR2x6_ASAP7_75t_R            16 13.3    20    31     210    (-,-) 
  g776261/Y            -       B2->Y   F     OA22x2_ASAP7_75t_R            1  2.0    10    24     235    (-,-) 
  g776258/Y            -       A->Y    R     INVx3_ASAP7_75t_R             9  5.8    14    10     245    (-,-) 
  g775682/Y            -       A->Y    F     INVx1_ASAP7_75t_R             2  1.3    10     8     253    (-,-) 
  g775681/Y            -       A->Y    R     INVx1_ASAP7_75t_R             2  1.2    10     8     261    (-,-) 
  g775573/Y            -       A2->Y   F     OAI22xp5_ASAP7_75t_R          1  1.6    20    13     274    (-,-) 
  g775540/Y            -       B->Y    R     NOR2x1p5_ASAP7_75t_R          1  1.6    15    12     287    (-,-) 
  g775514/Y            -       A->Y    F     NAND2x1p5_ASAP7_75t_R         4  3.1    16    12     298    (-,-) 
  g775506/Y            -       A->Y    R     INVx1_ASAP7_75t_R             1  0.5     8     7     306    (-,-) 
  g775476/Y            -       B->Y    F     NAND3xp33_ASAP7_75t_R         1  0.7    19    12     317    (-,-) 
  g775467/Y            -       A->Y    F     BUFx3_ASAP7_75t_R             4  3.2     9    18     336    (-,-) 
  g775466/Y            -       A->Y    R     INVxp67_ASAP7_75t_R           1  0.6     8     7     343    (-,-) 
  g775441/Y            -       B1->Y   R     AO22x2_ASAP7_75t_R            6  4.9    20    22     365    (-,-) 
  g773071/Y            -       A->Y    R     BUFx6f_ASAP7_75t_R            5  5.0     9    17     382    (-,-) 
  g955210/Y            -       A->Y    F     INVx4_ASAP7_75t_R             5  2.9     6     5     387    (-,-) 
  g952785/Y            -       A1->Y   R     OAI211xp5_ASAP7_75t_R         1  0.9    24    14     402    (-,-) 
  g952455/Y            -       B->Y    R     AO211x2_ASAP7_75t_R           2  1.9    11    24     425    (-,-) 
  g952282/Y            -       A->Y    F     INVx2_ASAP7_75t_R             3  2.9    10     8     433    (-,-) 
  g952281/Y            -       A->Y    R     INVx1_ASAP7_75t_R             2  1.3    10     8     441    (-,-) 
  g952280/Y            -       A->Y    R     BUFx3_ASAP7_75t_R            11  6.7    16    19     460    (-,-) 
  g952278/Y            -       A->Y    F     INVx1_ASAP7_75t_R             2  1.1    10     8     468    (-,-) 
  g950223/Y            -       A->Y    R     NAND2xp5_ASAP7_75t_R          2  1.1    16    12     480    (-,-) 
  g947314/Y            -       B->Y    F     NAND4xp25_ASAP7_75t_R         1  0.5    23    16     496    (-,-) 
  g945586/Y            -       B->Y    R     NOR3xp33_ASAP7_75t_R          1  0.6    24    18     514    (-,-) 
  g945188/Y            -       B->Y    F     NAND2xp5_ASAP7_75t_R          1  0.6    14    11     525    (-,-) 
  g944823/Y            -       A->Y    R     NOR3xp33_ASAP7_75t_R          1  0.5    20    14     539    (-,-) 
  g944750/Y            -       A->Y    F     NAND2xp5_ASAP7_75t_R          2  1.2    18    13     552    (-,-) 
  g944671/Y            -       B->Y    R     NAND2xp5_ASAP7_75t_R          1  0.6    12    11     563    (-,-) 
  g944644/Y            -       B->Y    F     OAI21xp5_ASAP7_75t_R          1  0.9    15    10     573    (-,-) 
  g944486/Y            -       A1->Y   R     AOI211x1_ASAP7_75t_R          1  1.4    22    14     588    (-,-) 
  g944464/Y            -       B->Y    F     OAI21x1_ASAP7_75t_R           2  1.9    16    13     601    (-,-) 
  g944270/Y            -       B->Y    R     NAND2x1p5_ASAP7_75t_R         4  3.1    18    14     615    (-,-) 
  g842756/Y            -       A->Y    R     HB1xp67_ASAP7_75t_R           2  0.8    11    17     632    (-,-) 
  g842755/Y            -       A->Y    R     HB1xp67_ASAP7_75t_R           2  0.9    11    16     648    (-,-) 
  g838536/Y            -       B->Y    F     NOR2xp33_ASAP7_75t_R          1  0.6    16    12     660    (-,-) 
  g831329/Y            -       A1->Y   R     AOI22xp5_ASAP7_75t_R          1  0.6    16    13     672    (-,-) 
  retime_s56_1_reg/D   -       -       R     ASYNC_DFFHx1_ASAP7_75t_R      1    -     -     0     672    (-,-) 
#--------------------------------------------------------------------------------------------------------------



Path 43: VIOLATED (-228 ps) Setup Check with Pin retime_s30_1_reg/CLK->D
          Group: clk
     Startpoint: (R) retime_s56_1_reg/CLK
          Clock: (R) clk
       Endpoint: (F) retime_s30_1_reg/D
          Clock: (R) clk

                     Capture       Launch     
        Clock Edge:+     500            0     
       Src Latency:+       0            0     
       Net Latency:+       0 (I)        0 (I) 
           Arrival:=     500            0     
                                              
             Setup:-       3                  
       Uncertainty:-      50                  
     Required Time:=     447                  
      Launch Clock:-       0                  
         Data Path:-     675                  
             Slack:=    -228                  

#--------------------------------------------------------------------------------------------------------------
#    Timing Point      Flags    Arc    Edge           Cell            Fanout Load Trans Delay Arrival Instance 
#                                                                            (fF)  (ps)  (ps)   (ps)  Location 
#--------------------------------------------------------------------------------------------------------------
  retime_s56_1_reg/CLK -       -       R     (arrival)                 10660    -    25     0       0    (-,-) 
  retime_s56_1_reg/QN  -       CLK->QN R     ASYNC_DFFHx1_ASAP7_75t_R      2  2.6    26    52      52    (-,-) 
  fopt12/Y             -       A->Y    R     BUFx6f_ASAP7_75t_R            9  6.1    10    18      70    (-,-) 
  fopt11/Y             -       A->Y    F     INVx2_ASAP7_75t_R             3  1.8     7     6      76    (-,-) 
  fopt10/Y             -       A->Y    R     INVx1_ASAP7_75t_R             2  1.0     8     6      82    (-,-) 
  fopt956643/Y         -       A->Y    F     INVxp67_ASAP7_75t_R           1  0.5     6     6      88    (-,-) 
  g773787/Y            -       B2->Y   R     OAI221xp5_ASAP7_75t_R         2  1.2    35    17     105    (-,-) 
  g776677/Y            -       B->Y    R     XNOR2xp5_ASAP7_75t_R          1  1.6    32    24     129    (-,-) 
  g776303/Y            -       D->Y    F     NAND4xp75_ASAP7_75t_R         3  2.9    30    23     152    (-,-) 
  g776275/Y            -       A->Y    R     NOR3x1_ASAP7_75t_R            1  1.4    22    16     168    (-,-) 
  g776272/Y            -       B->Y    F     NAND3x1_ASAP7_75t_R           1  1.1    14    11     180    (-,-) 
  g776266/Y            -       A->Y    F     OR2x6_ASAP7_75t_R            16 13.3    20    31     210    (-,-) 
  g776261/Y            -       B2->Y   F     OA22x2_ASAP7_75t_R            1  2.0    10    24     235    (-,-) 
  g776258/Y            -       A->Y    R     INVx3_ASAP7_75t_R             9  5.8    14    10     245    (-,-) 
  g775682/Y            -       A->Y    F     INVx1_ASAP7_75t_R             2  1.3    10     8     253    (-,-) 
  g775681/Y            -       A->Y    R     INVx1_ASAP7_75t_R             2  1.2    10     8     261    (-,-) 
  g775573/Y            -       A2->Y   F     OAI22xp5_ASAP7_75t_R          1  1.6    20    13     274    (-,-) 
  g775540/Y            -       B->Y    R     NOR2x1p5_ASAP7_75t_R          1  1.6    15    12     287    (-,-) 
  g775514/Y            -       A->Y    F     NAND2x1p5_ASAP7_75t_R         4  3.1    16    12     298    (-,-) 
  g775506/Y            -       A->Y    R     INVx1_ASAP7_75t_R             1  0.5     8     7     306    (-,-) 
  g775476/Y            -       B->Y    F     NAND3xp33_ASAP7_75t_R         1  0.7    19    12     317    (-,-) 
  g775467/Y            -       A->Y    F     BUFx3_ASAP7_75t_R             4  3.2     9    18     336    (-,-) 
  g775466/Y            -       A->Y    R     INVxp67_ASAP7_75t_R           1  0.6     8     7     343    (-,-) 
  g775441/Y            -       B1->Y   R     AO22x2_ASAP7_75t_R            6  4.9    20    22     365    (-,-) 
  g773071/Y            -       A->Y    R     BUFx6f_ASAP7_75t_R            5  5.0     9    17     382    (-,-) 
  g955210/Y            -       A->Y    F     INVx4_ASAP7_75t_R             5  2.9     6     5     387    (-,-) 
  g952785/Y            -       A1->Y   R     OAI211xp5_ASAP7_75t_R         1  0.9    24    14     402    (-,-) 
  g952455/Y            -       B->Y    R     AO211x2_ASAP7_75t_R           2  1.9    11    24     425    (-,-) 
  g952282/Y            -       A->Y    F     INVx2_ASAP7_75t_R             3  2.9    10     8     433    (-,-) 
  g952281/Y            -       A->Y    R     INVx1_ASAP7_75t_R             2  1.3    10     8     441    (-,-) 
  g952280/Y            -       A->Y    R     BUFx3_ASAP7_75t_R            11  6.7    16    19     460    (-,-) 
  g952278/Y            -       A->Y    F     INVx1_ASAP7_75t_R             2  1.1    10     8     468    (-,-) 
  g950223/Y            -       A->Y    R     NAND2xp5_ASAP7_75t_R          2  1.1    16    12     480    (-,-) 
  g947314/Y            -       B->Y    F     NAND4xp25_ASAP7_75t_R         1  0.5    23    16     496    (-,-) 
  g945586/Y            -       B->Y    R     NOR3xp33_ASAP7_75t_R          1  0.6    24    18     514    (-,-) 
  g945188/Y            -       B->Y    F     NAND2xp5_ASAP7_75t_R          1  0.6    14    11     525    (-,-) 
  g944823/Y            -       A->Y    R     NOR3xp33_ASAP7_75t_R          1  0.5    20    14     539    (-,-) 
  g944750/Y            -       A->Y    F     NAND2xp5_ASAP7_75t_R          2  1.2    18    13     552    (-,-) 
  g944671/Y            -       B->Y    R     NAND2xp5_ASAP7_75t_R          1  0.6    12    11     563    (-,-) 
  g944644/Y            -       B->Y    F     OAI21xp5_ASAP7_75t_R          1  0.9    15    10     573    (-,-) 
  g944486/Y            -       A1->Y   R     AOI211x1_ASAP7_75t_R          1  1.4    22    14     588    (-,-) 
  g944464/Y            -       B->Y    F     OAI21x1_ASAP7_75t_R           2  1.9    16    13     601    (-,-) 
  g944270/Y            -       B->Y    R     NAND2x1p5_ASAP7_75t_R         4  3.1    18    14     615    (-,-) 
  g832211/Y            -       B->Y    R     AND2x4_ASAP7_75t_R            3  7.8    18    25     640    (-,-) 
  g831957/Y            -       A->Y    R     BUFx12f_ASAP7_75t_R          52 31.1    22    22     662    (-,-) 
  g831393/Y            -       A2->Y   F     AOI22xp5_ASAP7_75t_R          1  0.6    16    12     675    (-,-) 
  retime_s30_1_reg/D   -       -       F     ASYNC_DFFHx1_ASAP7_75t_R      1    -     -     0     675    (-,-) 
#--------------------------------------------------------------------------------------------------------------



Path 44: VIOLATED (-228 ps) Setup Check with Pin retime_s293_1_reg/CLK->D
          Group: clk
     Startpoint: (R) retime_s56_1_reg/CLK
          Clock: (R) clk
       Endpoint: (R) retime_s293_1_reg/D
          Clock: (R) clk

                     Capture       Launch     
        Clock Edge:+     500            0     
       Src Latency:+       0            0     
       Net Latency:+       0 (I)        0 (I) 
           Arrival:=     500            0     
                                              
             Setup:-       6                  
       Uncertainty:-      50                  
     Required Time:=     444                  
      Launch Clock:-       0                  
         Data Path:-     672                  
             Slack:=    -228                  

#--------------------------------------------------------------------------------------------------------------
#    Timing Point      Flags    Arc    Edge           Cell            Fanout Load Trans Delay Arrival Instance 
#                                                                            (fF)  (ps)  (ps)   (ps)  Location 
#--------------------------------------------------------------------------------------------------------------
  retime_s56_1_reg/CLK -       -       R     (arrival)                 10660    -    25     0       0    (-,-) 
  retime_s56_1_reg/QN  -       CLK->QN F     ASYNC_DFFHx1_ASAP7_75t_R      2  2.6    24    50      50    (-,-) 
  fopt12/Y             -       A->Y    F     BUFx6f_ASAP7_75t_R            9  6.1     9    19      69    (-,-) 
  fopt956639/Y         -       A->Y    R     INVx2_ASAP7_75t_R             4  2.4     9     8      76    (-,-) 
  g773852/Y            -       A2->Y   R     OA21x2_ASAP7_75t_R            1  1.6     9    17      93    (-,-) 
  g773803/Y            -       A->Y    F     NAND2x1p5_ASAP7_75t_R         3  1.6    10     8     101    (-,-) 
  g776655/Y            -       A->Y    R     INVx1_ASAP7_75t_R             1  0.6     7     6     107    (-,-) 
  g776373/Y            -       A2->Y   R     OA22x2_ASAP7_75t_R            1  1.6     9    17     124    (-,-) 
  g776298/Y            -       C->Y    F     NAND4xp75_ASAP7_75t_R         1  1.6    22    16     140    (-,-) 
  g776287/Y            -       B->Y    R     NOR2x1p5_ASAP7_75t_R          3  4.2    26    19     159    (-,-) 
  fopt956705/Y         -       A->Y    F     INVx2_ASAP7_75t_R             1  0.7     7     6     165    (-,-) 
  g776274/Y            -       B->Y    R     NOR2xp67_ASAP7_75t_R          1  1.1    18    10     175    (-,-) 
  g776268/Y            -       B->Y    R     AND2x4_ASAP7_75t_R            2  3.6    11    21     196    (-,-) 
  g776264/Y            -       B->Y    F     NAND2x1p5_ASAP7_75t_R         9  5.4    23    15     211    (-,-) 
  fopt957347/Y         -       A->Y    R     INVx1_ASAP7_75t_R             2  1.4    14    12     223    (-,-) 
  fopt957346/Y         -       A->Y    F     INVx1_ASAP7_75t_R             2  1.2    10     8     231    (-,-) 
  g804356/Y            -       A2->Y   F     OA21x2_ASAP7_75t_R            1  2.0    10    19     250    (-,-) 
  g804268/Y            -       A->Y    R     INVx3_ASAP7_75t_R             8  5.9    14    10     260    (-,-) 
  g804258/Y            -       A->Y    F     INVx2_ASAP7_75t_R             5  2.8    10     8     268    (-,-) 
  g803883/Y            -       A1->Y   R     OAI22xp5_ASAP7_75t_R          1  1.3    25    13     282    (-,-) 
  g803633/Y            -       B->Y    F     NOR3x1_ASAP7_75t_R            1  1.6    20    18     300    (-,-) 
  g803587/Y            -       B->Y    R     NAND2x1p5_ASAP7_75t_R         4  1.9    15    13     313    (-,-) 
  g803355/Y            -       B->Y    R     OA21x2_ASAP7_75t_R            1  2.8    13    20     333    (-,-) 
  g803285/Y            -       B->Y    F     NAND3x2_ASAP7_75t_R           3  3.9    16    12     345    (-,-) 
  g803262/Y            -       B->Y    R     NOR2x1p5_ASAP7_75t_R          3  2.9    19    15     360    (-,-) 
  g803248/Y            -       A->Y    F     INVx1_ASAP7_75t_R             1  1.1    10     9     369    (-,-) 
  g803212/Y            -       A->Y    F     OR2x6_ASAP7_75t_R             9 12.3    18    29     398    (-,-) 
  g776768/Y            -       A->Y    R     INVx11_ASAP7_75t_R           24 14.4    14    11     409    (-,-) 
  g776752/Y            -       A1->Y   F     AOI21xp5_ASAP7_75t_R          1  0.5    11     9     418    (-,-) 
  g776713/Y            -       A->Y    R     NAND2xp5_ASAP7_75t_R          2  1.0    15    12     430    (-,-) 
  g955163/Y            -       A->Y    F     INVx1_ASAP7_75t_R             3  2.5    16    12     442    (-,-) 
  g955162/Y            -       A->Y    R     INVx2_ASAP7_75t_R             5  2.9    12    10     452    (-,-) 
  g955161/Y            -       A->Y    F     INVx1_ASAP7_75t_R             2  1.2     9     8     460    (-,-) 
  g949340/Y            -       B->Y    R     NAND2xp5_ASAP7_75t_R          2  1.1    16    11     471    (-,-) 
  g948707/Y            -       B->Y    F     OAI21xp5_ASAP7_75t_R          2  1.0    17    11     482    (-,-) 
  g945717/Y            -       A2->Y   R     OAI31xp33_ASAP7_75t_R         1  0.5    18    13     495    (-,-) 
  fopt957988/Y         -       A->Y    F     INVxp67_ASAP7_75t_R           2  0.9    11    10     505    (-,-) 
  g945190/Y            -       B->Y    R     A2O1A1Ixp33_ASAP7_75t_R       1  0.6    15    11     516    (-,-) 
  g944779/Y            -       A2->Y   F     A2O1A1Ixp33_ASAP7_75t_R       1  0.6    20    12     528    (-,-) 
  g944688/Y            -       B->Y    R     AOI21xp5_ASAP7_75t_R          2  1.2    22    16     545    (-,-) 
  g944609/Y            -       B->Y    F     NAND2xp5_ASAP7_75t_R          1  0.6    14    11     556    (-,-) 
  g944551/Y            -       B->Y    R     O2A1O1Ixp33_ASAP7_75t_R       1  1.1    33    16     572    (-,-) 
  g944486/Y            -       C->Y    F     AOI211x1_ASAP7_75t_R          1  1.4    31    14     586    (-,-) 
  g944464/Y            -       B->Y    R     OAI21x1_ASAP7_75t_R           2  1.9    21    12     598    (-,-) 
  g944270/Y            -       B->Y    F     NAND2x1p5_ASAP7_75t_R         4  3.0    17    14     611    (-,-) 
  g842756/Y            -       A->Y    F     HB1xp67_ASAP7_75t_R           2  0.8     9    18     629    (-,-) 
  g835838/Y            -       A->Y    R     NAND2xp5_ASAP7_75t_R          4  1.9    24    15     644    (-,-) 
  g832033/Y            -       B->Y    F     NOR2xp33_ASAP7_75t_R          1  0.6    16    15     659    (-,-) 
  g831324/Y            -       A1->Y   R     AOI22xp5_ASAP7_75t_R          1  0.6    16    13     672    (-,-) 
  retime_s293_1_reg/D  -       -       R     ASYNC_DFFHx1_ASAP7_75t_R      1    -     -     0     672    (-,-) 
#--------------------------------------------------------------------------------------------------------------



Path 45: VIOLATED (-228 ps) Setup Check with Pin retime_s281_158_reg/CLK->D
          Group: clk
     Startpoint: (R) retime_s56_1_reg/CLK
          Clock: (R) clk
       Endpoint: (R) retime_s281_158_reg/D
          Clock: (R) clk

                     Capture       Launch     
        Clock Edge:+     500            0     
       Src Latency:+       0            0     
       Net Latency:+       0 (I)        0 (I) 
           Arrival:=     500            0     
                                              
             Setup:-       6                  
       Uncertainty:-      50                  
     Required Time:=     444                  
      Launch Clock:-       0                  
         Data Path:-     672                  
             Slack:=    -228                  

#---------------------------------------------------------------------------------------------------------------
#     Timing Point      Flags    Arc    Edge           Cell            Fanout Load Trans Delay Arrival Instance 
#                                                                             (fF)  (ps)  (ps)   (ps)  Location 
#---------------------------------------------------------------------------------------------------------------
  retime_s56_1_reg/CLK  -       -       R     (arrival)                 10660    -    25     0       0    (-,-) 
  retime_s56_1_reg/QN   -       CLK->QN R     ASYNC_DFFHx1_ASAP7_75t_R      2  2.6    26    52      52    (-,-) 
  fopt12/Y              -       A->Y    R     BUFx6f_ASAP7_75t_R            9  6.1    10    18      70    (-,-) 
  fopt11/Y              -       A->Y    F     INVx2_ASAP7_75t_R             3  1.8     7     6      76    (-,-) 
  fopt10/Y              -       A->Y    R     INVx1_ASAP7_75t_R             2  1.0     8     6      82    (-,-) 
  fopt956643/Y          -       A->Y    F     INVxp67_ASAP7_75t_R           1  0.5     6     6      88    (-,-) 
  g773787/Y             -       B2->Y   R     OAI221xp5_ASAP7_75t_R         2  1.2    35    17     105    (-,-) 
  g776677/Y             -       B->Y    R     XNOR2xp5_ASAP7_75t_R          1  1.6    32    24     129    (-,-) 
  g776303/Y             -       D->Y    F     NAND4xp75_ASAP7_75t_R         3  2.9    30    23     152    (-,-) 
  g776275/Y             -       A->Y    R     NOR3x1_ASAP7_75t_R            1  1.4    22    16     168    (-,-) 
  g776272/Y             -       B->Y    F     NAND3x1_ASAP7_75t_R           1  1.1    14    11     180    (-,-) 
  g776266/Y             -       A->Y    F     OR2x6_ASAP7_75t_R            16 13.3    20    31     210    (-,-) 
  g772475/Y             -       A->Y    R     INVx3_ASAP7_75t_R             5  5.5    16    13     223    (-,-) 
  g772470/Y             -       B->Y    R     AND2x4_ASAP7_75t_R           24 14.0    28    29     252    (-,-) 
  g955341/Y             -       A->Y    F     INVx2_ASAP7_75t_R             7  4.0    16    13     265    (-,-) 
  g953898/Y             -       B2->Y   R     AOI22xp5_ASAP7_75t_R          1  0.6    15    12     277    (-,-) 
  g953222/Y             -       B->Y    F     NAND2xp5_ASAP7_75t_R          1  1.4    19    14     291    (-,-) 
  g952687/Y             -       B->Y    R     NOR3x1_ASAP7_75t_R            2  1.3    18    15     306    (-,-) 
  g952171/Y             -       A->Y    F     NOR2xp67_ASAP7_75t_R          2  1.5    19    17     323    (-,-) 
  g948721/Y             -       C->Y    R     OAI211xp5_ASAP7_75t_R         1  1.3    31    16     339    (-,-) 
  g948354/Y             -       A->Y    F     INVx2_ASAP7_75t_R             4  4.9    19    15     354    (-,-) 
  g947561/Y             -       B->Y    F     AND2x6_ASAP7_75t_R           25 14.0    18    29     383    (-,-) 
  g946783/Y             -       A->Y    R     INVx2_ASAP7_75t_R             8  4.8    18    14     397    (-,-) 
  g945795/Y             -       B1->Y   F     OAI221xp5_ASAP7_75t_R         1  1.2    44    17     414    (-,-) 
  g945630/Y             -       B->Y    R     AOI21x1_ASAP7_75t_R           2  1.8    24    20     434    (-,-) 
  g945556/Y             -       A->Y    F     INVx2_ASAP7_75t_R             4  2.3    11     9     443    (-,-) 
  g945266/Y             -       A->Y    R     NAND2xp5_ASAP7_75t_R          3  1.3    18    13     456    (-,-) 
  g944863/Y             -       E->Y    F     NAND5xp2_ASAP7_75t_R          1  0.6    31    22     478    (-,-) 
  g944780/Y             -       A->Y    R     NOR3xp33_ASAP7_75t_R          1  0.6    26    19     497    (-,-) 
  g944702/Y             -       B->Y    F     NAND2xp5_ASAP7_75t_R          1  1.4    21    17     514    (-,-) 
  g944601/Y             -       A->Y    R     NOR3x1_ASAP7_75t_R            3  1.7    21    15     529    (-,-) 
  g944587/Y             -       A->Y    F     INVx1_ASAP7_75t_R             1  0.6     8     7     536    (-,-) 
  g944538/Y             -       A2->Y   R     OAI21xp5_ASAP7_75t_R          1  0.4    14     8     544    (-,-) 
  g944280/Y             -       A1->Y   F     OAI21xp33_ASAP7_75t_R         1  0.5    14    11     555    (-,-) 
  g943818/Y             -       A1->Y   R     AOI211xp5_ASAP7_75t_R         1  0.6    24    14     569    (-,-) 
  g943779/Y             -       B->Y    F     OAI21xp5_ASAP7_75t_R          2  0.9    16    12     581    (-,-) 
  g943758/Y             -       B->Y    R     NAND2xp5_ASAP7_75t_R          2  1.2    21    14     595    (-,-) 
  g832899/Y             -       A->Y    R     AND2x2_ASAP7_75t_R            2  2.2    12    22     616    (-,-) 
  g832212/Y             -       B->Y    F     NAND2x1_ASAP7_75t_R           1  1.3    11     9     626    (-,-) 
  fopt956767/Y          -       A->Y    F     BUFx6f_ASAP7_75t_R            7  8.5    11    17     642    (-,-) 
  fopt956765/Y          -       A->Y    F     BUFx6f_ASAP7_75t_R           20 12.0    14    18     660    (-,-) 
  g831388/Y             -       B2->Y   R     AOI22xp5_ASAP7_75t_R          1  0.6    16    12     672    (-,-) 
  retime_s281_158_reg/D -       -       R     ASYNC_DFFHx1_ASAP7_75t_R      1    -     -     0     672    (-,-) 
#---------------------------------------------------------------------------------------------------------------



Path 46: VIOLATED (-228 ps) Setup Check with Pin retime_s231_3_reg/CLK->D
          Group: clk
     Startpoint: (R) retime_s56_1_reg/CLK
          Clock: (R) clk
       Endpoint: (R) retime_s231_3_reg/D
          Clock: (R) clk

                     Capture       Launch     
        Clock Edge:+     500            0     
       Src Latency:+       0            0     
       Net Latency:+       0 (I)        0 (I) 
           Arrival:=     500            0     
                                              
             Setup:-       6                  
       Uncertainty:-      50                  
     Required Time:=     444                  
      Launch Clock:-       0                  
         Data Path:-     672                  
             Slack:=    -228                  

#--------------------------------------------------------------------------------------------------------------
#    Timing Point      Flags    Arc    Edge           Cell            Fanout Load Trans Delay Arrival Instance 
#                                                                            (fF)  (ps)  (ps)   (ps)  Location 
#--------------------------------------------------------------------------------------------------------------
  retime_s56_1_reg/CLK -       -       R     (arrival)                 10660    -    25     0       0    (-,-) 
  retime_s56_1_reg/QN  -       CLK->QN F     ASYNC_DFFHx1_ASAP7_75t_R      2  2.6    24    50      50    (-,-) 
  fopt12/Y             -       A->Y    F     BUFx6f_ASAP7_75t_R            9  6.1     9    19      69    (-,-) 
  fopt956639/Y         -       A->Y    R     INVx2_ASAP7_75t_R             4  2.4     9     8      76    (-,-) 
  g773852/Y            -       A2->Y   R     OA21x2_ASAP7_75t_R            1  1.6     9    17      93    (-,-) 
  g773803/Y            -       A->Y    F     NAND2x1p5_ASAP7_75t_R         3  1.6    10     8     101    (-,-) 
  g776655/Y            -       A->Y    R     INVx1_ASAP7_75t_R             1  0.6     7     6     107    (-,-) 
  g776373/Y            -       A2->Y   R     OA22x2_ASAP7_75t_R            1  1.6     9    17     124    (-,-) 
  g776298/Y            -       C->Y    F     NAND4xp75_ASAP7_75t_R         1  1.6    22    16     140    (-,-) 
  g776287/Y            -       B->Y    R     NOR2x1p5_ASAP7_75t_R          3  4.2    26    19     159    (-,-) 
  fopt956705/Y         -       A->Y    F     INVx2_ASAP7_75t_R             1  0.7     7     6     165    (-,-) 
  g776274/Y            -       B->Y    R     NOR2xp67_ASAP7_75t_R          1  1.1    18    10     175    (-,-) 
  g776268/Y            -       B->Y    R     AND2x4_ASAP7_75t_R            2  3.6    11    21     196    (-,-) 
  g776264/Y            -       B->Y    F     NAND2x1p5_ASAP7_75t_R         9  5.4    23    15     211    (-,-) 
  fopt957347/Y         -       A->Y    R     INVx1_ASAP7_75t_R             2  1.4    14    12     223    (-,-) 
  fopt957346/Y         -       A->Y    F     INVx1_ASAP7_75t_R             2  1.2    10     8     231    (-,-) 
  g804356/Y            -       A2->Y   F     OA21x2_ASAP7_75t_R            1  2.0    10    19     250    (-,-) 
  g804268/Y            -       A->Y    R     INVx3_ASAP7_75t_R             8  5.9    14    10     260    (-,-) 
  g804258/Y            -       A->Y    F     INVx2_ASAP7_75t_R             5  2.8    10     8     268    (-,-) 
  g803883/Y            -       A1->Y   R     OAI22xp5_ASAP7_75t_R          1  1.3    25    13     282    (-,-) 
  g803633/Y            -       B->Y    F     NOR3x1_ASAP7_75t_R            1  1.6    20    18     300    (-,-) 
  g803587/Y            -       B->Y    R     NAND2x1p5_ASAP7_75t_R         4  1.9    15    13     313    (-,-) 
  g803355/Y            -       B->Y    R     OA21x2_ASAP7_75t_R            1  2.8    13    20     333    (-,-) 
  g803285/Y            -       B->Y    F     NAND3x2_ASAP7_75t_R           3  3.9    16    12     345    (-,-) 
  g803262/Y            -       B->Y    R     NOR2x1p5_ASAP7_75t_R          3  2.9    19    15     360    (-,-) 
  g803248/Y            -       A->Y    F     INVx1_ASAP7_75t_R             1  1.1    10     9     369    (-,-) 
  g803212/Y            -       A->Y    F     OR2x6_ASAP7_75t_R             9 12.3    18    29     398    (-,-) 
  g776768/Y            -       A->Y    R     INVx11_ASAP7_75t_R           24 14.4    14    11     409    (-,-) 
  g776752/Y            -       A1->Y   F     AOI21xp5_ASAP7_75t_R          1  0.5    11     9     418    (-,-) 
  g776713/Y            -       A->Y    R     NAND2xp5_ASAP7_75t_R          2  1.0    15    12     430    (-,-) 
  g955163/Y            -       A->Y    F     INVx1_ASAP7_75t_R             3  2.5    16    12     442    (-,-) 
  g955162/Y            -       A->Y    R     INVx2_ASAP7_75t_R             5  2.9    12    10     452    (-,-) 
  g955161/Y            -       A->Y    F     INVx1_ASAP7_75t_R             2  1.2     9     8     460    (-,-) 
  g949340/Y            -       B->Y    R     NAND2xp5_ASAP7_75t_R          2  1.1    16    11     471    (-,-) 
  g948707/Y            -       B->Y    F     OAI21xp5_ASAP7_75t_R          2  1.0    17    11     482    (-,-) 
  g945717/Y            -       A2->Y   R     OAI31xp33_ASAP7_75t_R         1  0.5    18    13     495    (-,-) 
  fopt957988/Y         -       A->Y    F     INVxp67_ASAP7_75t_R           2  0.9    11    10     505    (-,-) 
  g945190/Y            -       B->Y    R     A2O1A1Ixp33_ASAP7_75t_R       1  0.6    15    11     516    (-,-) 
  g944779/Y            -       A2->Y   F     A2O1A1Ixp33_ASAP7_75t_R       1  0.6    20    12     528    (-,-) 
  g944688/Y            -       B->Y    R     AOI21xp5_ASAP7_75t_R          2  1.2    22    16     545    (-,-) 
  g944609/Y            -       B->Y    F     NAND2xp5_ASAP7_75t_R          1  0.6    14    11     556    (-,-) 
  g944551/Y            -       B->Y    R     O2A1O1Ixp33_ASAP7_75t_R       1  1.1    33    16     572    (-,-) 
  g944486/Y            -       C->Y    F     AOI211x1_ASAP7_75t_R          1  1.4    31    14     586    (-,-) 
  g944464/Y            -       B->Y    R     OAI21x1_ASAP7_75t_R           2  1.9    21    12     598    (-,-) 
  g944270/Y            -       B->Y    F     NAND2x1p5_ASAP7_75t_R         4  3.0    17    14     611    (-,-) 
  g842756/Y            -       A->Y    F     HB1xp67_ASAP7_75t_R           2  0.8     9    18     629    (-,-) 
  g835838/Y            -       A->Y    R     NAND2xp5_ASAP7_75t_R          4  1.9    24    15     644    (-,-) 
  g830995/Y            -       B->Y    F     NOR2xp33_ASAP7_75t_R          1  0.6    16    15     659    (-,-) 
  g830751/Y            -       A1->Y   R     AOI22xp5_ASAP7_75t_R          1  0.6    16    13     672    (-,-) 
  retime_s231_3_reg/D  -       -       R     ASYNC_DFFHx1_ASAP7_75t_R      1    -     -     0     672    (-,-) 
#--------------------------------------------------------------------------------------------------------------



Path 47: VIOLATED (-228 ps) Setup Check with Pin retime_s72_2_reg/CLK->D
          Group: clk
     Startpoint: (R) retime_s56_1_reg/CLK
          Clock: (R) clk
       Endpoint: (R) retime_s72_2_reg/D
          Clock: (R) clk

                     Capture       Launch     
        Clock Edge:+     500            0     
       Src Latency:+       0            0     
       Net Latency:+       0 (I)        0 (I) 
           Arrival:=     500            0     
                                              
             Setup:-       6                  
       Uncertainty:-      50                  
     Required Time:=     444                  
      Launch Clock:-       0                  
         Data Path:-     672                  
             Slack:=    -228                  

#--------------------------------------------------------------------------------------------------------------
#    Timing Point      Flags    Arc    Edge           Cell            Fanout Load Trans Delay Arrival Instance 
#                                                                            (fF)  (ps)  (ps)   (ps)  Location 
#--------------------------------------------------------------------------------------------------------------
  retime_s56_1_reg/CLK -       -       R     (arrival)                 10660    -    25     0       0    (-,-) 
  retime_s56_1_reg/QN  -       CLK->QN R     ASYNC_DFFHx1_ASAP7_75t_R      2  2.6    26    52      52    (-,-) 
  fopt12/Y             -       A->Y    R     BUFx6f_ASAP7_75t_R            9  6.1    10    18      70    (-,-) 
  fopt11/Y             -       A->Y    F     INVx2_ASAP7_75t_R             3  1.8     7     6      76    (-,-) 
  fopt10/Y             -       A->Y    R     INVx1_ASAP7_75t_R             2  1.0     8     6      82    (-,-) 
  fopt956643/Y         -       A->Y    F     INVxp67_ASAP7_75t_R           1  0.5     6     6      88    (-,-) 
  g773787/Y            -       B2->Y   R     OAI221xp5_ASAP7_75t_R         2  1.2    35    17     105    (-,-) 
  g776677/Y            -       B->Y    R     XNOR2xp5_ASAP7_75t_R          1  1.6    32    24     129    (-,-) 
  g776303/Y            -       D->Y    F     NAND4xp75_ASAP7_75t_R         3  2.9    30    23     152    (-,-) 
  g776275/Y            -       A->Y    R     NOR3x1_ASAP7_75t_R            1  1.4    22    16     168    (-,-) 
  g776272/Y            -       B->Y    F     NAND3x1_ASAP7_75t_R           1  1.1    14    11     180    (-,-) 
  g776266/Y            -       A->Y    F     OR2x6_ASAP7_75t_R            16 13.3    20    31     210    (-,-) 
  g772475/Y            -       A->Y    R     INVx3_ASAP7_75t_R             5  5.5    16    13     223    (-,-) 
  g772470/Y            -       B->Y    R     AND2x4_ASAP7_75t_R           24 14.0    28    29     252    (-,-) 
  g955341/Y            -       A->Y    F     INVx2_ASAP7_75t_R             7  4.0    16    13     265    (-,-) 
  g953898/Y            -       B2->Y   R     AOI22xp5_ASAP7_75t_R          1  0.6    15    12     277    (-,-) 
  g953222/Y            -       B->Y    F     NAND2xp5_ASAP7_75t_R          1  1.4    19    14     291    (-,-) 
  g952687/Y            -       B->Y    R     NOR3x1_ASAP7_75t_R            2  1.3    18    15     306    (-,-) 
  g952171/Y            -       A->Y    F     NOR2xp67_ASAP7_75t_R          2  1.5    19    17     323    (-,-) 
  g948721/Y            -       C->Y    R     OAI211xp5_ASAP7_75t_R         1  1.3    31    16     339    (-,-) 
  g948354/Y            -       A->Y    F     INVx2_ASAP7_75t_R             4  4.9    19    15     354    (-,-) 
  g947561/Y            -       B->Y    F     AND2x6_ASAP7_75t_R           25 14.0    18    29     383    (-,-) 
  g946783/Y            -       A->Y    R     INVx2_ASAP7_75t_R             8  4.8    18    14     397    (-,-) 
  g945795/Y            -       B1->Y   F     OAI221xp5_ASAP7_75t_R         1  1.2    44    17     414    (-,-) 
  g945630/Y            -       B->Y    R     AOI21x1_ASAP7_75t_R           2  1.8    24    20     434    (-,-) 
  g945556/Y            -       A->Y    F     INVx2_ASAP7_75t_R             4  2.3    11     9     443    (-,-) 
  g945266/Y            -       A->Y    R     NAND2xp5_ASAP7_75t_R          3  1.3    18    13     456    (-,-) 
  g944863/Y            -       E->Y    F     NAND5xp2_ASAP7_75t_R          1  0.6    31    22     478    (-,-) 
  g944780/Y            -       A->Y    R     NOR3xp33_ASAP7_75t_R          1  0.6    26    19     497    (-,-) 
  g944702/Y            -       B->Y    F     NAND2xp5_ASAP7_75t_R          1  1.4    21    17     514    (-,-) 
  g944601/Y            -       A->Y    R     NOR3x1_ASAP7_75t_R            3  1.7    21    15     529    (-,-) 
  g944587/Y            -       A->Y    F     INVx1_ASAP7_75t_R             1  0.6     8     7     536    (-,-) 
  g944538/Y            -       A2->Y   R     OAI21xp5_ASAP7_75t_R          1  0.4    14     8     544    (-,-) 
  g944280/Y            -       A1->Y   F     OAI21xp33_ASAP7_75t_R         1  0.5    14    11     555    (-,-) 
  g943818/Y            -       A1->Y   R     AOI211xp5_ASAP7_75t_R         1  0.6    24    14     569    (-,-) 
  g943779/Y            -       B->Y    F     OAI21xp5_ASAP7_75t_R          2  0.9    16    12     581    (-,-) 
  g943758/Y            -       B->Y    R     NAND2xp5_ASAP7_75t_R          2  1.2    21    14     595    (-,-) 
  g832899/Y            -       A->Y    R     AND2x2_ASAP7_75t_R            2  2.2    12    22     616    (-,-) 
  g832212/Y            -       B->Y    F     NAND2x1_ASAP7_75t_R           1  1.3    11     9     626    (-,-) 
  fopt956767/Y         -       A->Y    F     BUFx6f_ASAP7_75t_R            7  8.5    11    17     642    (-,-) 
  fopt956764/Y         -       A->Y    F     BUFx6f_ASAP7_75t_R           20 12.0    14    18     660    (-,-) 
  g829999/Y            -       A2->Y   R     AOI22xp5_ASAP7_75t_R          1  0.6    18    12     672    (-,-) 
  retime_s72_2_reg/D   -       -       R     ASYNC_DFFHx1_ASAP7_75t_R      1    -     -     0     672    (-,-) 
#--------------------------------------------------------------------------------------------------------------



Path 48: VIOLATED (-228 ps) Setup Check with Pin retime_s308_2_reg/CLK->D
          Group: clk
     Startpoint: (R) retime_s56_1_reg/CLK
          Clock: (R) clk
       Endpoint: (R) retime_s308_2_reg/D
          Clock: (R) clk

                     Capture       Launch     
        Clock Edge:+     500            0     
       Src Latency:+       0            0     
       Net Latency:+       0 (I)        0 (I) 
           Arrival:=     500            0     
                                              
             Setup:-       6                  
       Uncertainty:-      50                  
     Required Time:=     444                  
      Launch Clock:-       0                  
         Data Path:-     672                  
             Slack:=    -228                  

#--------------------------------------------------------------------------------------------------------------
#    Timing Point      Flags    Arc    Edge           Cell            Fanout Load Trans Delay Arrival Instance 
#                                                                            (fF)  (ps)  (ps)   (ps)  Location 
#--------------------------------------------------------------------------------------------------------------
  retime_s56_1_reg/CLK -       -       R     (arrival)                 10660    -    25     0       0    (-,-) 
  retime_s56_1_reg/QN  -       CLK->QN R     ASYNC_DFFHx1_ASAP7_75t_R      2  2.6    26    52      52    (-,-) 
  fopt12/Y             -       A->Y    R     BUFx6f_ASAP7_75t_R            9  6.1    10    18      70    (-,-) 
  fopt11/Y             -       A->Y    F     INVx2_ASAP7_75t_R             3  1.8     7     6      76    (-,-) 
  fopt10/Y             -       A->Y    R     INVx1_ASAP7_75t_R             2  1.0     8     6      82    (-,-) 
  fopt956643/Y         -       A->Y    F     INVxp67_ASAP7_75t_R           1  0.5     6     6      88    (-,-) 
  g773787/Y            -       B2->Y   R     OAI221xp5_ASAP7_75t_R         2  1.2    35    17     105    (-,-) 
  g776677/Y            -       B->Y    R     XNOR2xp5_ASAP7_75t_R          1  1.6    32    24     129    (-,-) 
  g776303/Y            -       D->Y    F     NAND4xp75_ASAP7_75t_R         3  2.9    30    23     152    (-,-) 
  g776275/Y            -       A->Y    R     NOR3x1_ASAP7_75t_R            1  1.4    22    16     168    (-,-) 
  g776272/Y            -       B->Y    F     NAND3x1_ASAP7_75t_R           1  1.1    14    11     180    (-,-) 
  g776266/Y            -       A->Y    F     OR2x6_ASAP7_75t_R            16 13.3    20    31     210    (-,-) 
  g772475/Y            -       A->Y    R     INVx3_ASAP7_75t_R             5  5.5    16    13     223    (-,-) 
  g772470/Y            -       B->Y    R     AND2x4_ASAP7_75t_R           24 14.0    28    29     252    (-,-) 
  g955341/Y            -       A->Y    F     INVx2_ASAP7_75t_R             7  4.0    16    13     265    (-,-) 
  g953898/Y            -       B2->Y   R     AOI22xp5_ASAP7_75t_R          1  0.6    15    12     277    (-,-) 
  g953222/Y            -       B->Y    F     NAND2xp5_ASAP7_75t_R          1  1.4    19    14     291    (-,-) 
  g952687/Y            -       B->Y    R     NOR3x1_ASAP7_75t_R            2  1.3    18    15     306    (-,-) 
  g952171/Y            -       A->Y    F     NOR2xp67_ASAP7_75t_R          2  1.5    19    17     323    (-,-) 
  g948721/Y            -       C->Y    R     OAI211xp5_ASAP7_75t_R         1  1.3    31    16     339    (-,-) 
  g948354/Y            -       A->Y    F     INVx2_ASAP7_75t_R             4  4.9    19    15     354    (-,-) 
  g947561/Y            -       B->Y    F     AND2x6_ASAP7_75t_R           25 14.0    18    29     383    (-,-) 
  g946783/Y            -       A->Y    R     INVx2_ASAP7_75t_R             8  4.8    18    14     397    (-,-) 
  g945795/Y            -       B1->Y   F     OAI221xp5_ASAP7_75t_R         1  1.2    44    17     414    (-,-) 
  g945630/Y            -       B->Y    R     AOI21x1_ASAP7_75t_R           2  1.8    24    20     434    (-,-) 
  g945556/Y            -       A->Y    F     INVx2_ASAP7_75t_R             4  2.3    11     9     443    (-,-) 
  g945266/Y            -       A->Y    R     NAND2xp5_ASAP7_75t_R          3  1.3    18    13     456    (-,-) 
  g944863/Y            -       E->Y    F     NAND5xp2_ASAP7_75t_R          1  0.6    31    22     478    (-,-) 
  g944780/Y            -       A->Y    R     NOR3xp33_ASAP7_75t_R          1  0.6    26    19     497    (-,-) 
  g944702/Y            -       B->Y    F     NAND2xp5_ASAP7_75t_R          1  1.4    21    17     514    (-,-) 
  g944601/Y            -       A->Y    R     NOR3x1_ASAP7_75t_R            3  1.7    21    15     529    (-,-) 
  g944587/Y            -       A->Y    F     INVx1_ASAP7_75t_R             1  0.6     8     7     536    (-,-) 
  g944538/Y            -       A2->Y   R     OAI21xp5_ASAP7_75t_R          1  0.4    14     8     544    (-,-) 
  g944280/Y            -       A1->Y   F     OAI21xp33_ASAP7_75t_R         1  0.5    14    11     555    (-,-) 
  g943818/Y            -       A1->Y   R     AOI211xp5_ASAP7_75t_R         1  0.6    24    14     569    (-,-) 
  g943779/Y            -       B->Y    F     OAI21xp5_ASAP7_75t_R          2  0.9    16    12     581    (-,-) 
  g943758/Y            -       B->Y    R     NAND2xp5_ASAP7_75t_R          2  1.2    21    14     595    (-,-) 
  g832899/Y            -       A->Y    R     AND2x2_ASAP7_75t_R            2  2.2    12    22     616    (-,-) 
  g832212/Y            -       B->Y    F     NAND2x1_ASAP7_75t_R           1  1.3    11     9     626    (-,-) 
  fopt956767/Y         -       A->Y    F     BUFx6f_ASAP7_75t_R            7  8.5    11    17     642    (-,-) 
  fopt956765/Y         -       A->Y    F     BUFx6f_ASAP7_75t_R           20 12.0    14    18     660    (-,-) 
  g831328/Y            -       B2->Y   R     AOI22xp5_ASAP7_75t_R          1  0.6    16    12     672    (-,-) 
  retime_s308_2_reg/D  -       -       R     ASYNC_DFFHx1_ASAP7_75t_R      1    -     -     0     672    (-,-) 
#--------------------------------------------------------------------------------------------------------------



Path 49: VIOLATED (-228 ps) Setup Check with Pin retime_s307_6_reg/CLK->D
          Group: clk
     Startpoint: (R) retime_s56_1_reg/CLK
          Clock: (R) clk
       Endpoint: (R) retime_s307_6_reg/D
          Clock: (R) clk

                     Capture       Launch     
        Clock Edge:+     500            0     
       Src Latency:+       0            0     
       Net Latency:+       0 (I)        0 (I) 
           Arrival:=     500            0     
                                              
             Setup:-       6                  
       Uncertainty:-      50                  
     Required Time:=     444                  
      Launch Clock:-       0                  
         Data Path:-     672                  
             Slack:=    -228                  

#--------------------------------------------------------------------------------------------------------------
#    Timing Point      Flags    Arc    Edge           Cell            Fanout Load Trans Delay Arrival Instance 
#                                                                            (fF)  (ps)  (ps)   (ps)  Location 
#--------------------------------------------------------------------------------------------------------------
  retime_s56_1_reg/CLK -       -       R     (arrival)                 10660    -    25     0       0    (-,-) 
  retime_s56_1_reg/QN  -       CLK->QN R     ASYNC_DFFHx1_ASAP7_75t_R      2  2.6    26    52      52    (-,-) 
  fopt12/Y             -       A->Y    R     BUFx6f_ASAP7_75t_R            9  6.1    10    18      70    (-,-) 
  fopt11/Y             -       A->Y    F     INVx2_ASAP7_75t_R             3  1.8     7     6      76    (-,-) 
  fopt10/Y             -       A->Y    R     INVx1_ASAP7_75t_R             2  1.0     8     6      82    (-,-) 
  fopt956643/Y         -       A->Y    F     INVxp67_ASAP7_75t_R           1  0.5     6     6      88    (-,-) 
  g773787/Y            -       B2->Y   R     OAI221xp5_ASAP7_75t_R         2  1.2    35    17     105    (-,-) 
  g776677/Y            -       B->Y    R     XNOR2xp5_ASAP7_75t_R          1  1.6    32    24     129    (-,-) 
  g776303/Y            -       D->Y    F     NAND4xp75_ASAP7_75t_R         3  2.9    30    23     152    (-,-) 
  g776275/Y            -       A->Y    R     NOR3x1_ASAP7_75t_R            1  1.4    22    16     168    (-,-) 
  g776272/Y            -       B->Y    F     NAND3x1_ASAP7_75t_R           1  1.1    14    11     180    (-,-) 
  g776266/Y            -       A->Y    F     OR2x6_ASAP7_75t_R            16 13.3    20    31     210    (-,-) 
  g772475/Y            -       A->Y    R     INVx3_ASAP7_75t_R             5  5.5    16    13     223    (-,-) 
  g772470/Y            -       B->Y    R     AND2x4_ASAP7_75t_R           24 14.0    28    29     252    (-,-) 
  g955341/Y            -       A->Y    F     INVx2_ASAP7_75t_R             7  4.0    16    13     265    (-,-) 
  g953898/Y            -       B2->Y   R     AOI22xp5_ASAP7_75t_R          1  0.6    15    12     277    (-,-) 
  g953222/Y            -       B->Y    F     NAND2xp5_ASAP7_75t_R          1  1.4    19    14     291    (-,-) 
  g952687/Y            -       B->Y    R     NOR3x1_ASAP7_75t_R            2  1.3    18    15     306    (-,-) 
  g952171/Y            -       A->Y    F     NOR2xp67_ASAP7_75t_R          2  1.5    19    17     323    (-,-) 
  g948721/Y            -       C->Y    R     OAI211xp5_ASAP7_75t_R         1  1.3    31    16     339    (-,-) 
  g948354/Y            -       A->Y    F     INVx2_ASAP7_75t_R             4  4.9    19    15     354    (-,-) 
  g947561/Y            -       B->Y    F     AND2x6_ASAP7_75t_R           25 14.0    18    29     383    (-,-) 
  g946783/Y            -       A->Y    R     INVx2_ASAP7_75t_R             8  4.8    18    14     397    (-,-) 
  g945795/Y            -       B1->Y   F     OAI221xp5_ASAP7_75t_R         1  1.2    44    17     414    (-,-) 
  g945630/Y            -       B->Y    R     AOI21x1_ASAP7_75t_R           2  1.8    24    20     434    (-,-) 
  g945556/Y            -       A->Y    F     INVx2_ASAP7_75t_R             4  2.3    11     9     443    (-,-) 
  g945266/Y            -       A->Y    R     NAND2xp5_ASAP7_75t_R          3  1.3    18    13     456    (-,-) 
  g944863/Y            -       E->Y    F     NAND5xp2_ASAP7_75t_R          1  0.6    31    22     478    (-,-) 
  g944780/Y            -       A->Y    R     NOR3xp33_ASAP7_75t_R          1  0.6    26    19     497    (-,-) 
  g944702/Y            -       B->Y    F     NAND2xp5_ASAP7_75t_R          1  1.4    21    17     514    (-,-) 
  g944601/Y            -       A->Y    R     NOR3x1_ASAP7_75t_R            3  1.7    21    15     529    (-,-) 
  g944587/Y            -       A->Y    F     INVx1_ASAP7_75t_R             1  0.6     8     7     536    (-,-) 
  g944538/Y            -       A2->Y   R     OAI21xp5_ASAP7_75t_R          1  0.4    14     8     544    (-,-) 
  g944280/Y            -       A1->Y   F     OAI21xp33_ASAP7_75t_R         1  0.5    14    11     555    (-,-) 
  g943818/Y            -       A1->Y   R     AOI211xp5_ASAP7_75t_R         1  0.6    24    14     569    (-,-) 
  g943779/Y            -       B->Y    F     OAI21xp5_ASAP7_75t_R          2  0.9    16    12     581    (-,-) 
  g943758/Y            -       B->Y    R     NAND2xp5_ASAP7_75t_R          2  1.2    21    14     595    (-,-) 
  g832899/Y            -       A->Y    R     AND2x2_ASAP7_75t_R            2  2.2    12    22     616    (-,-) 
  g832212/Y            -       B->Y    F     NAND2x1_ASAP7_75t_R           1  1.3    11     9     626    (-,-) 
  fopt956767/Y         -       A->Y    F     BUFx6f_ASAP7_75t_R            7  8.5    11    17     642    (-,-) 
  fopt956765/Y         -       A->Y    F     BUFx6f_ASAP7_75t_R           20 12.0    14    18     660    (-,-) 
  g831285/Y            -       A2->Y   R     AOI22xp5_ASAP7_75t_R          1  0.6    16    12     672    (-,-) 
  retime_s307_6_reg/D  -       -       R     ASYNC_DFFHx1_ASAP7_75t_R      1    -     -     0     672    (-,-) 
#--------------------------------------------------------------------------------------------------------------



Path 50: VIOLATED (-228 ps) Setup Check with Pin retime_s292_1_reg/CLK->D
          Group: clk
     Startpoint: (R) retime_s56_1_reg/CLK
          Clock: (R) clk
       Endpoint: (R) retime_s292_1_reg/D
          Clock: (R) clk

                     Capture       Launch     
        Clock Edge:+     500            0     
       Src Latency:+       0            0     
       Net Latency:+       0 (I)        0 (I) 
           Arrival:=     500            0     
                                              
             Setup:-       6                  
       Uncertainty:-      50                  
     Required Time:=     444                  
      Launch Clock:-       0                  
         Data Path:-     672                  
             Slack:=    -228                  

#--------------------------------------------------------------------------------------------------------------
#    Timing Point      Flags    Arc    Edge           Cell            Fanout Load Trans Delay Arrival Instance 
#                                                                            (fF)  (ps)  (ps)   (ps)  Location 
#--------------------------------------------------------------------------------------------------------------
  retime_s56_1_reg/CLK -       -       R     (arrival)                 10660    -    25     0       0    (-,-) 
  retime_s56_1_reg/QN  -       CLK->QN R     ASYNC_DFFHx1_ASAP7_75t_R      2  2.6    26    52      52    (-,-) 
  fopt12/Y             -       A->Y    R     BUFx6f_ASAP7_75t_R            9  6.1    10    18      70    (-,-) 
  fopt11/Y             -       A->Y    F     INVx2_ASAP7_75t_R             3  1.8     7     6      76    (-,-) 
  fopt10/Y             -       A->Y    R     INVx1_ASAP7_75t_R             2  1.0     8     6      82    (-,-) 
  fopt956643/Y         -       A->Y    F     INVxp67_ASAP7_75t_R           1  0.5     6     6      88    (-,-) 
  g773787/Y            -       B2->Y   R     OAI221xp5_ASAP7_75t_R         2  1.2    35    17     105    (-,-) 
  g776677/Y            -       B->Y    R     XNOR2xp5_ASAP7_75t_R          1  1.6    32    24     129    (-,-) 
  g776303/Y            -       D->Y    F     NAND4xp75_ASAP7_75t_R         3  2.9    30    23     152    (-,-) 
  g776275/Y            -       A->Y    R     NOR3x1_ASAP7_75t_R            1  1.4    22    16     168    (-,-) 
  g776272/Y            -       B->Y    F     NAND3x1_ASAP7_75t_R           1  1.1    14    11     180    (-,-) 
  g776266/Y            -       A->Y    F     OR2x6_ASAP7_75t_R            16 13.3    20    31     210    (-,-) 
  g772475/Y            -       A->Y    R     INVx3_ASAP7_75t_R             5  5.5    16    13     223    (-,-) 
  g772470/Y            -       B->Y    R     AND2x4_ASAP7_75t_R           24 14.0    28    29     252    (-,-) 
  g955341/Y            -       A->Y    F     INVx2_ASAP7_75t_R             7  4.0    16    13     265    (-,-) 
  g953898/Y            -       B2->Y   R     AOI22xp5_ASAP7_75t_R          1  0.6    15    12     277    (-,-) 
  g953222/Y            -       B->Y    F     NAND2xp5_ASAP7_75t_R          1  1.4    19    14     291    (-,-) 
  g952687/Y            -       B->Y    R     NOR3x1_ASAP7_75t_R            2  1.3    18    15     306    (-,-) 
  g952171/Y            -       A->Y    F     NOR2xp67_ASAP7_75t_R          2  1.5    19    17     323    (-,-) 
  g948721/Y            -       C->Y    R     OAI211xp5_ASAP7_75t_R         1  1.3    31    16     339    (-,-) 
  g948354/Y            -       A->Y    F     INVx2_ASAP7_75t_R             4  4.9    19    15     354    (-,-) 
  g947561/Y            -       B->Y    F     AND2x6_ASAP7_75t_R           25 14.0    18    29     383    (-,-) 
  g946783/Y            -       A->Y    R     INVx2_ASAP7_75t_R             8  4.8    18    14     397    (-,-) 
  g945795/Y            -       B1->Y   F     OAI221xp5_ASAP7_75t_R         1  1.2    44    17     414    (-,-) 
  g945630/Y            -       B->Y    R     AOI21x1_ASAP7_75t_R           2  1.8    24    20     434    (-,-) 
  g945556/Y            -       A->Y    F     INVx2_ASAP7_75t_R             4  2.3    11     9     443    (-,-) 
  g945266/Y            -       A->Y    R     NAND2xp5_ASAP7_75t_R          3  1.3    18    13     456    (-,-) 
  g944863/Y            -       E->Y    F     NAND5xp2_ASAP7_75t_R          1  0.6    31    22     478    (-,-) 
  g944780/Y            -       A->Y    R     NOR3xp33_ASAP7_75t_R          1  0.6    26    19     497    (-,-) 
  g944702/Y            -       B->Y    F     NAND2xp5_ASAP7_75t_R          1  1.4    21    17     514    (-,-) 
  g944601/Y            -       A->Y    R     NOR3x1_ASAP7_75t_R            3  1.7    21    15     529    (-,-) 
  g944587/Y            -       A->Y    F     INVx1_ASAP7_75t_R             1  0.6     8     7     536    (-,-) 
  g944538/Y            -       A2->Y   R     OAI21xp5_ASAP7_75t_R          1  0.4    14     8     544    (-,-) 
  g944280/Y            -       A1->Y   F     OAI21xp33_ASAP7_75t_R         1  0.5    14    11     555    (-,-) 
  g943818/Y            -       A1->Y   R     AOI211xp5_ASAP7_75t_R         1  0.6    24    14     569    (-,-) 
  g943779/Y            -       B->Y    F     OAI21xp5_ASAP7_75t_R          2  0.9    16    12     581    (-,-) 
  g943758/Y            -       B->Y    R     NAND2xp5_ASAP7_75t_R          2  1.2    21    14     595    (-,-) 
  g832899/Y            -       A->Y    R     AND2x2_ASAP7_75t_R            2  2.2    12    22     616    (-,-) 
  g832212/Y            -       B->Y    F     NAND2x1_ASAP7_75t_R           1  1.3    11     9     626    (-,-) 
  fopt956767/Y         -       A->Y    F     BUFx6f_ASAP7_75t_R            7  8.5    11    17     642    (-,-) 
  fopt956762/Y         -       A->Y    F     BUFx6f_ASAP7_75t_R           20 12.0    14    18     660    (-,-) 
  g831104/Y            -       A2->Y   R     AOI22xp5_ASAP7_75t_R          1  0.6    16    12     672    (-,-) 
  retime_s292_1_reg/D  -       -       R     ASYNC_DFFHx1_ASAP7_75t_R      1    -     -     0     672    (-,-) 
#--------------------------------------------------------------------------------------------------------------

