window_index,start_ps,end_ps,toggled_bits,toggle_events
0,0,80000,791242,395157
1,80000,160000,5617,2210
2,160000,240000,7628,2271
3,240000,320000,6614,2343
4,320000,400000,5813,1893
5,400000,480000,125,72
6,480000,560000,128,72
7,560000,640000,125,72
8,640000,720000,365,138
9,720000,800000,8747,2464
10,800000,880000,2454,727
11,880000,960000,125,72
12,960000,1040000,131,72
13,1040000,1120000,125,72
14,1120000,1200000,3115,858
15,1200000,1280000,7833,2031
16,1280000,1360000,137,72
17,1360000,1440000,125,72
18,1440000,1520000,128,72
19,1520000,1600000,129,80
20,1600000,1680000,8316,2097
21,1680000,1760000,2839,777
22,1760000,1840000,128,72
23,1840000,1920000,125,72
24,1920000,2000000,134,72
25,2000000,2080000,3072,858
26,2080000,2160000,7731,2026
27,2160000,2240000,126,73
28,2240000,2320000,131,72
29,2320000,2400000,125,72
30,2400000,2480000,134,80
31,2480000,2560000,8007,2103
32,2560000,2640000,2821,785
33,2640000,2720000,125,72
34,2720000,2800000,128,72
35,2800000,2880000,125,72
36,2880000,2960000,3038,858
37,2960000,3040000,7699,2026
38,3040000,3120000,129,73
39,3120000,3200000,125,72
40,3200000,3280000,134,72
41,3280000,3360000,136,84
42,3360000,3440000,8116,2097
43,3440000,3520000,2831,780
44,3520000,3600000,131,72
45,3600000,3680000,125,72
46,3680000,3760000,128,72
47,3760000,3840000,3140,861
48,3840000,3920000,7764,2020
49,3920000,4000000,125,72
50,4000000,4080000,128,72
51,4080000,4160000,125,72
52,4160000,4240000,144,84
53,4240000,4320000,8114,2098
54,4320000,4400000,2810,774
55,4400000,4480000,125,72
56,4480000,4560000,134,72
57,4560000,4640000,125,72
58,4640000,4720000,3207,861
59,4720000,4800000,8015,2021
60,4800000,4880000,131,72
61,4880000,4960000,125,72
62,4960000,5040000,128,72
63,5040000,5120000,140,84
64,5120000,5200000,8384,2096
65,5200000,5280000,2868,774
66,5280000,5360000,128,72
67,5360000,5440000,125,72
68,5440000,5520000,131,72
69,5520000,5600000,3084,840
70,5600000,5680000,7731,1990
71,5680000,5760000,126,73
72,5760000,5840000,134,72
73,5840000,5920000,125,72
74,5920000,6000000,141,84
75,6000000,6080000,8148,2100
76,6080000,6160000,2851,778
77,6160000,6240000,125,72
78,6240000,6320000,128,72
79,6320000,6400000,125,72
80,6400000,6480000,3195,861
81,6480000,6560000,7888,2021
82,6560000,6640000,129,73
83,6640000,6720000,125,72
84,6720000,6800000,131,72
85,6800000,6880000,142,84
86,6880000,6960000,8390,2096
87,6960000,7040000,2876,776
88,7040000,7120000,134,72
89,7120000,7200000,125,72
90,7200000,7280000,128,72
91,7280000,7360000,3259,861
92,7360000,7440000,7912,2020
93,7440000,7520000,125,72
94,7520000,7600000,128,72
95,7600000,7680000,125,72
96,7680000,7760000,157,84
97,7760000,7840000,8441,2098
98,7840000,7920000,2838,774
99,7920000,8000000,125,72
100,8000000,8080000,131,72
101,8080000,8160000,125,72
102,8160000,8240000,3223,865
103,8240000,8320000,8028,2021
104,8320000,8400000,134,72
105,8400000,8480000,125,72
106,8480000,8560000,128,72
107,8560000,8640000,147,88
108,8640000,8720000,8460,2096
109,8720000,8800000,2833,774
110,8800000,8880000,128,72
111,8880000,8960000,125,72
112,8960000,9040000,137,72
113,9040000,9120000,2932,865
114,9120000,9200000,7657,2019
115,9200000,9280000,126,73
116,9280000,9360000,131,72
117,9360000,9440000,125,72
118,9440000,9520000,156,88
119,9520000,9600000,7576,2110
120,9600000,9680000,2639,778
121,9680000,9760000,125,72
122,9760000,9840000,128,72
123,9840000,9920000,125,72
124,9920000,10000000,2759,865
125,10000000,10080000,7501,2026
126,10080000,10160000,129,73
127,10160000,10240000,125,72
128,10240000,10320000,146,72
129,10320000,10400000,149,88
130,10400000,10480000,7640,2096
131,10480000,10560000,2716,778
132,10560000,10640000,131,72
133,10640000,10720000,125,72
134,10720000,10800000,128,72
135,10800000,10880000,2777,861
136,10880000,10960000,7441,2020
137,10960000,11040000,125,72
138,11040000,11120000,128,72
139,11120000,11200000,125,72
140,11200000,11280000,146,84
141,11280000,11360000,7639,2098
142,11360000,11440000,2692,774
143,11440000,11520000,125,72
144,11520000,11600000,137,72
145,11600000,11680000,125,72
146,11680000,11760000,2816,861
147,11760000,11840000,7642,2021
148,11840000,11920000,131,72
149,11920000,12000000,125,72
150,12000000,12080000,128,72
151,12080000,12160000,140,84
152,12160000,12240000,7921,2096
153,12240000,12320000,2697,774
154,12320000,12400000,128,72
155,12400000,12480000,125,72
156,12480000,12560000,131,72
157,12560000,12640000,2870,861
158,12640000,12720000,7540,2019
159,12720000,12800000,126,73
160,12800000,12880000,140,72
161,12880000,12960000,125,72
162,12960000,13040000,148,87
163,13040000,13120000,7597,2053
164,13120000,13200000,2704,777
165,13200000,13280000,125,72
166,13280000,13360000,128,72
167,13360000,13440000,125,72
168,13440000,13520000,2894,865
169,13520000,13600000,7652,2019
170,13600000,13680000,129,73
171,13680000,13760000,125,72
172,13760000,13840000,131,72
173,13840000,13920000,151,88
174,13920000,14000000,7952,2096
175,14000000,14080000,2759,778
176,14080000,14160000,137,72
177,14160000,14240000,125,72
178,14240000,14320000,128,72
179,14320000,14400000,2969,865
180,14400000,14480000,7610,2020
181,14480000,14560000,125,72
182,14560000,14640000,128,72
183,14640000,14720000,125,72
184,14720000,14800000,160,88
185,14800000,14880000,7809,2098
186,14880000,14960000,2713,774
187,14960000,15040000,125,72
188,15040000,15120000,131,72
189,15120000,15200000,125,72
190,15200000,15280000,3014,865
191,15280000,15360000,7808,2021
192,15360000,15440000,143,72
193,15440000,15520000,125,72
194,15520000,15600000,128,72
195,15600000,15680000,149,88
196,15680000,15760000,8022,2096
197,15760000,15840000,2759,774
198,15840000,15920000,128,72
199,15920000,16000000,125,72
200,16000000,16080000,134,72
201,16080000,16160000,2865,865
202,16160000,16240000,7616,2019
203,16240000,16320000,126,73
204,16320000,16400000,131,72
205,16400000,16480000,125,72
206,16480000,16560000,154,88
207,16560000,16640000,7805,2102
208,16640000,16720000,2744,778
209,16720000,16800000,125,72
210,16800000,16880000,128,72
211,16880000,16960000,125,72
212,16960000,17040000,2874,865
213,17040000,17120000,7667,2022
214,17120000,17200000,129,73
215,17200000,17280000,125,72
216,17280000,17360000,134,72
217,17360000,17440000,157,88
218,17440000,17520000,7995,2096
219,17520000,17600000,2776,778
220,17600000,17680000,131,72
221,17680000,17760000,125,72
222,17760000,17840000,128,72
223,17840000,17920000,2919,865
224,17920000,18000000,7663,2020
225,18000000,18080000,125,72
226,18080000,18160000,128,72
227,18160000,18240000,125,72
228,18240000,18320000,166,92
229,18320000,18400000,7922,2098
230,18400000,18480000,2744,774
231,18480000,18560000,125,72
232,18560000,18640000,134,72
233,18640000,18720000,125,72
234,18720000,18800000,3037,869
235,18800000,18880000,7885,2021
236,18880000,18960000,131,72
237,18960000,19040000,125,72
238,19040000,19120000,128,72
239,19120000,19200000,164,92
240,19200000,19280000,8022,2096
241,19280000,19360000,2750,774
242,19360000,19440000,128,72
243,19440000,19520000,125,72
244,19520000,19600000,131,72
245,19600000,19680000,2984,869
246,19680000,19760000,7618,2019
247,19760000,19840000,126,73
248,19840000,19920000,134,72
249,19920000,20000000,125,72
250,20000000,20080000,165,92
251,20080000,20160000,7843,2100
252,20160000,20240000,2763,778
253,20240000,20320000,125,72
254,20320000,20400000,128,72
255,20400000,20480000,130,75
256,20480000,20560000,2922,837
257,20560000,20640000,7642,1992
258,20640000,20720000,129,73
259,20720000,20800000,125,72
260,20800000,20880000,131,72
261,20880000,20960000,138,84
262,20960000,21040000,8068,2096
263,21040000,21120000,2818,778
264,21120000,21200000,134,72
265,21200000,21280000,125,72
266,21280000,21360000,137,76
267,21360000,21440000,3034,857
268,21440000,21520000,7691,2020
269,21520000,21600000,125,72
270,21600000,21680000,128,72
271,21680000,21760000,125,72
272,21760000,21840000,154,84
273,21840000,21920000,8007,2098
274,21920000,22000000,2732,772
275,22000000,22080000,125,72
276,22080000,22160000,131,72
277,22160000,22240000,134,76
278,22240000,22320000,3029,857
279,22320000,22400000,7856,2021
280,22400000,22480000,134,72
281,22480000,22560000,125,72
282,22560000,22640000,128,72
283,22640000,22720000,142,84
284,22720000,22800000,8309,2096
285,22800000,22880000,2786,774
286,22880000,22960000,128,72
287,22960000,23040000,125,72
288,23040000,23120000,149,76
289,23120000,23200000,2886,861
290,23200000,23280000,7612,2019
291,23280000,23360000,126,73
292,23360000,23440000,131,72
293,23440000,23520000,125,72
294,23520000,23600000,150,88
295,23600000,23680000,7662,2104
296,23680000,23760000,2699,778
297,23760000,23840000,125,72
298,23840000,23920000,128,72
299,23920000,24000000,134,76
300,24000000,24080000,2894,861
301,24080000,24160000,7607,2023
302,24160000,24240000,129,73
303,24240000,24320000,125,72
304,24320000,24400000,137,72
305,24400000,24480000,153,88
306,24480000,24560000,7894,2096
307,24560000,24640000,2737,778
308,24640000,24720000,131,72
309,24720000,24800000,125,72
310,24800000,24880000,141,76
311,24880000,24960000,2972,861
312,24960000,25040000,7679,2020
313,25040000,25120000,125,72
314,25120000,25200000,128,72
315,25200000,25280000,125,72
316,25280000,25360000,155,88
317,25360000,25440000,7830,2098
318,25440000,25520000,2769,774
319,25520000,25600000,125,72
320,25600000,25680000,143,72
321,25680000,25760000,134,76
322,25760000,25840000,2961,861
323,25840000,25920000,7838,2021
324,25920000,26000000,131,72
325,26000000,26080000,125,72
326,26080000,26160000,128,72
327,26160000,26240000,153,88
328,26240000,26320000,8116,2096
329,26320000,26400000,2772,774
330,26400000,26480000,128,72
331,26480000,26560000,125,72
332,26560000,26640000,142,76
333,26640000,26720000,2935,861
334,26720000,26800000,7690,2019
335,26800000,26880000,126,73
336,26880000,26960000,137,72
337,26960000,27040000,125,72
338,27040000,27120000,156,88
339,27120000,27200000,8019,2100
340,27200000,27280000,2782,778
341,27280000,27360000,125,72
342,27360000,27440000,128,72
343,27440000,27520000,134,76
344,27520000,27600000,3022,861
345,27600000,27680000,7848,2021
346,27680000,27760000,129,73
347,27760000,27840000,125,72
348,27840000,27920000,131,72
349,27920000,28000000,158,91
350,28000000,28080000,8104,2049
351,28080000,28160000,2818,777
352,28160000,28240000,140,72
353,28240000,28320000,125,72
354,28320000,28400000,141,76
355,28400000,28480000,3086,865
356,28480000,28560000,7757,2018
357,28560000,28640000,125,72
358,28640000,28720000,128,72
359,28720000,28800000,125,72
360,28800000,28880000,173,92
361,28880000,28960000,7981,2098
362,28960000,29040000,2776,774
363,29040000,29120000,125,72
364,29120000,29200000,131,72
365,29200000,29280000,138,76
366,29280000,29360000,3071,865
367,29360000,29440000,7904,2021
368,29440000,29520000,137,72
369,29520000,29600000,125,72
370,29600000,29680000,128,72
371,29680000,29760000,168,92
372,29760000,29840000,8205,2096
373,29840000,29920000,2838,774
374,29920000,30000000,128,72
375,30000000,30080000,125,72
376,30080000,30160000,143,76
377,30160000,30240000,3067,865
378,30240000,30320000,7807,2019
379,30320000,30400000,126,73
380,30400000,30480000,131,72
381,30480000,30560000,125,72
382,30560000,30640000,152,88
383,30640000,30720000,7881,2102
384,30720000,30800000,2791,778
385,30800000,30880000,125,72
386,30880000,30960000,128,72
387,30960000,31040000,134,76
388,31040000,31120000,2954,861
389,31120000,31200000,7739,2022
390,31200000,31280000,129,73
391,31280000,31360000,125,72
392,31360000,31440000,134,72
393,31440000,31520000,153,88
394,31520000,31600000,8191,2096
395,31600000,31680000,2814,778
396,31680000,31760000,131,72
397,31760000,31840000,125,72
398,31840000,31920000,141,76
399,31920000,32000000,3067,861
400,32000000,32080000,7796,2020
401,32080000,32160000,125,72
402,32160000,32240000,128,72
403,32240000,32320000,125,72
404,32320000,32400000,159,88
405,32400000,32480000,8194,2098
406,32480000,32560000,2787,774
407,32560000,32640000,125,72
408,32640000,32720000,134,72
409,32720000,32800000,136,76
410,32800000,32880000,3072,861
411,32880000,32960000,7958,2021
412,32960000,33040000,131,72
413,33040000,33120000,125,72
414,33120000,33200000,128,72
415,33200000,33280000,162,92
416,33280000,33360000,8293,2096
417,33360000,33440000,2820,774
418,33440000,33520000,128,72
419,33520000,33600000,125,72
420,33600000,33680000,144,76
421,33680000,33760000,3088,865
422,33760000,33840000,7798,2019
423,33840000,33920000,126,73
424,33920000,34000000,134,72
425,34000000,34080000,125,72
426,34080000,34160000,167,92
427,34160000,34240000,8075,2100
428,34240000,34320000,2795,778
429,34320000,34400000,125,72
430,34400000,34480000,128,72
431,34480000,34560000,134,76
432,34560000,34640000,3147,865
433,34640000,34720000,7968,2021
434,34720000,34800000,129,73
435,34800000,34880000,125,72
436,34880000,34960000,131,72
437,34960000,35040000,168,92
438,35040000,35120000,8407,2096
439,35120000,35200000,2866,778
440,35200000,35280000,134,72
441,35280000,35360000,125,72
442,35360000,35440000,141,76
443,35440000,35520000,3135,844
444,35520000,35600000,7879,1991
445,35600000,35680000,125,72
446,35680000,35760000,128,72
447,35760000,35840000,125,72
448,35840000,35920000,180,92
449,35920000,36000000,8329,2098
450,36000000,36080000,2808,774
451,36080000,36160000,125,72
452,36160000,36240000,131,72
453,36240000,36320000,138,76
454,36320000,36400000,3202,865
455,36400000,36480000,8061,2021
456,36480000,36560000,134,72
457,36560000,36640000,125,72
458,36640000,36720000,128,72
459,36720000,36800000,172,92
460,36800000,36880000,8525,2096
461,36880000,36960000,2816,772
462,36960000,37040000,128,72
463,37040000,37120000,125,72
464,37120000,37200000,150,76
465,37200000,37280000,2989,865
466,37280000,37360000,7864,2019
467,37360000,37440000,126,73
468,37440000,37520000,131,72
469,37520000,37600000,125,72
470,37600000,37680000,171,92
471,37680000,37760000,7900,2106
472,37760000,37840000,2688,778
473,37840000,37920000,125,72
474,37920000,38000000,128,72
475,38000000,38080000,136,76
476,38080000,38160000,2831,869
477,38160000,38240000,7476,2024
478,38240000,38320000,165,77
479,38320000,38400000,125,72
480,38400000,38480000,140,72
481,38480000,38560000,177,96
482,38560000,38640000,7765,2096
483,38640000,38720000,2772,784
484,38720000,38800000,131,72
485,38800000,38880000,125,72
486,38880000,38960000,143,76
487,38960000,39040000,2974,869
488,39040000,39120000,7571,2022
489,39120000,39200000,161,76
490,39200000,39280000,128,72
491,39280000,39360000,125,72
492,39360000,39440000,181,96
493,39440000,39520000,7831,2098
494,39520000,39600000,2721,778
495,39600000,39680000,125,72
496,39680000,39760000,137,72
497,39760000,39840000,134,76
498,39840000,39920000,3009,869
499,39920000,40000000,7796,2023
500,40000000,40080000,149,76
501,40080000,40160000,125,72
502,40160000,40240000,128,72
503,40240000,40320000,173,96
504,40320000,40400000,7977,2096
505,40400000,40480000,2772,778
506,40480000,40560000,128,72
507,40560000,40640000,125,72
508,40640000,40720000,138,76
509,40720000,40800000,2908,857
510,40800000,40880000,7621,2019
511,40880000,40960000,162,79
512,40960000,41040000,152,72
513,41040000,41120000,125,72
514,41120000,41200000,143,84
515,41200000,41280000,7863,2100
516,41280000,41360000,2815,786
517,41360000,41440000,125,72
518,41440000,41520000,128,72
519,41520000,41600000,132,76
520,41600000,41680000,2935,857
521,41680000,41760000,7765,2021
522,41760000,41840000,183,79
523,41840000,41920000,125,72
524,41920000,42000000,131,72
525,42000000,42080000,140,84
526,42080000,42160000,8179,2096
527,42160000,42240000,2904,786
528,42240000,42320000,137,72
529,42320000,42400000,125,72
530,42400000,42480000,139,76
531,42480000,42560000,3080,857
532,42560000,42640000,7749,2022
533,42640000,42720000,163,76
534,42720000,42800000,128,72
535,42800000,42880000,125,72
536,42880000,42960000,154,87
537,42960000,43040000,7885,2051
538,43040000,43120000,2831,777
539,43120000,43200000,125,72
540,43200000,43280000,131,72
541,43280000,43360000,134,76
542,43360000,43440000,3074,861
543,43440000,43520000,7907,2021
544,43520000,43600000,222,76
545,43600000,43680000,125,72
546,43680000,43760000,128,72
547,43760000,43840000,151,88
548,43840000,43920000,8227,2096
549,43920000,44000000,2927,778
550,44000000,44080000,128,72
551,44080000,44160000,125,72
552,44160000,44240000,145,76
553,44240000,44320000,3008,861
554,44320000,44400000,7804,2019
555,44400000,44480000,228,79
556,44480000,44560000,131,72
557,44560000,44640000,125,72
558,44640000,44720000,154,88
559,44720000,44800000,7918,2102
560,44800000,44880000,2970,786
561,44880000,44960000,125,72
562,44960000,45040000,128,72
563,45040000,45120000,132,76
564,45120000,45200000,3032,861
565,45200000,45280000,7874,2022
566,45280000,45360000,207,79
567,45360000,45440000,125,72
568,45440000,45520000,134,72
569,45520000,45600000,149,88
570,45600000,45680000,8097,2096
571,45680000,45760000,2948,786
572,45760000,45840000,131,72
573,45840000,45920000,125,72
574,45920000,46000000,139,76
575,46000000,46080000,3029,861
576,46080000,46160000,7869,2022
577,46160000,46240000,183,76
578,46240000,46320000,128,72
579,46320000,46400000,125,72
580,46400000,46480000,157,88
581,46480000,46560000,8192,2098
582,46560000,46640000,2891,778
583,46640000,46720000,125,72
584,46720000,46800000,134,72
585,46800000,46880000,136,76
586,46880000,46960000,3104,861
587,46960000,47040000,8051,2023
588,47040000,47120000,179,76
589,47120000,47200000,125,72
590,47200000,47280000,128,72
591,47280000,47360000,157,88
592,47360000,47440000,8328,2096
593,47440000,47520000,2880,778
594,47520000,47600000,128,72
595,47600000,47680000,125,72
596,47680000,47760000,142,76
597,47760000,47840000,3028,861
598,47840000,47920000,7719,2019
599,47920000,48000000,194,79
600,48000000,48080000,134,72
601,48080000,48160000,125,72
602,48160000,48240000,163,92
603,48240000,48320000,7995,2100
604,48320000,48400000,2899,786
605,48400000,48480000,125,72
606,48480000,48560000,128,72
607,48560000,48640000,136,76
608,48640000,48720000,3122,865
609,48720000,48800000,7877,2021
610,48800000,48880000,191,79
611,48880000,48960000,125,72
612,48960000,49040000,131,72
613,49040000,49120000,164,92
614,49120000,49200000,8235,2096
615,49200000,49280000,2944,786
616,49280000,49360000,134,72
617,49360000,49440000,125,72
618,49440000,49520000,143,76
619,49520000,49600000,3215,865
620,49600000,49680000,7953,2022
621,49680000,49760000,179,76
622,49760000,49840000,128,72
623,49840000,49920000,125,72
624,49920000,50000000,174,92
625,50000000,50080000,8288,2098
626,50080000,50160000,2870,778
627,50160000,50240000,125,72
628,50240000,50320000,131,72
629,50320000,50400000,134,76
630,50400000,50480000,3125,840
631,50480000,50560000,8002,1994
632,50560000,50640000,182,76
633,50640000,50720000,125,72
634,50720000,50800000,128,72
635,50800000,50880000,151,88
636,50880000,50960000,8485,2096
637,50960000,51040000,2961,778
638,51040000,51120000,128,72
639,51120000,51200000,125,72
640,51200000,51280000,157,76
641,51280000,51360000,3041,861
642,51360000,51440000,7886,2019
643,51440000,51520000,224,79
644,51520000,51600000,131,72
645,51600000,51680000,125,72
646,51680000,51760000,158,88
647,51760000,51840000,7999,2104
648,51840000,51920000,2929,784
649,51920000,52000000,125,72
650,52000000,52080000,128,72
651,52080000,52160000,134,76
652,52160000,52240000,2965,861
653,52240000,52320000,7841,2023
654,52320000,52400000,209,79
655,52400000,52480000,125,72
656,52480000,52560000,137,72
657,52560000,52640000,155,88
658,52640000,52720000,8240,2096
659,52720000,52800000,2963,786
660,52800000,52880000,131,72
661,52880000,52960000,125,72
662,52960000,53040000,141,76
663,53040000,53120000,3044,865
664,53120000,53200000,7865,2022
665,53200000,53280000,185,76
666,53280000,53360000,128,72
667,53360000,53440000,125,72
668,53440000,53520000,166,92
669,53520000,53600000,8080,2098
670,53600000,53680000,2944,778
671,53680000,53760000,125,72
672,53760000,53840000,140,72
673,53840000,53920000,138,76
674,53920000,54000000,3163,865
675,54000000,54080000,8114,2023
676,54080000,54160000,183,76
677,54160000,54240000,125,72
678,54240000,54320000,128,72
679,54320000,54400000,170,92
680,54400000,54480000,8366,2096
681,54480000,54560000,2941,778
682,54560000,54640000,128,72
683,54640000,54720000,125,72
684,54720000,54800000,142,76
685,54800000,54880000,3141,865
686,54880000,54960000,7994,2019
687,54960000,55040000,196,79
688,55040000,55120000,137,72
689,55120000,55200000,125,72
690,55200000,55280000,165,92
691,55280000,55360000,8156,2100
692,55360000,55440000,2989,786
693,55440000,55520000,125,72
694,55520000,55600000,128,72
695,55600000,55680000,136,76
696,55680000,55760000,3114,865
697,55760000,55840000,8058,2021
698,55840000,55920000,197,79
699,55920000,56000000,125,72
700,56000000,56080000,131,72
701,56080000,56160000,168,92
702,56160000,56240000,8450,2096
703,56240000,56320000,3022,786
704,56320000,56400000,143,72
705,56400000,56480000,125,72
706,56480000,56560000,143,76
707,56560000,56640000,3181,865
708,56640000,56720000,7908,2022
709,56720000,56800000,177,76
710,56800000,56880000,128,72
711,56880000,56960000,125,72
712,56960000,57040000,175,92
713,57040000,57120000,8232,2098
714,57120000,57200000,2902,778
715,57200000,57280000,125,72
716,57280000,57360000,131,72
717,57360000,57440000,138,76
718,57440000,57520000,3202,865
719,57520000,57600000,8040,2023
720,57600000,57680000,177,76
721,57680000,57760000,125,72
722,57760000,57840000,128,72
723,57840000,57920000,175,95
724,57920000,58000000,8305,2049
725,58000000,58080000,2907,777
726,58080000,58160000,128,72
727,58160000,58240000,125,72
728,58240000,58320000,149,76
729,58320000,58400000,3129,869
730,58400000,58480000,7891,2017
731,58480000,58560000,164,79
732,58560000,58640000,131,72
733,58640000,58720000,125,72
734,58720000,58800000,184,96
735,58800000,58880000,8088,2102
736,58880000,58960000,2907,786
737,58960000,59040000,125,72
738,59040000,59120000,128,72
739,59120000,59200000,132,76
740,59200000,59280000,3107,869
741,59280000,59360000,7921,2022
742,59360000,59440000,191,79
743,59440000,59520000,125,72
744,59520000,59600000,134,72
745,59600000,59680000,177,96
746,59680000,59760000,8280,2096
747,59760000,59840000,2970,786
748,59840000,59920000,131,72
749,59920000,60000000,125,72
750,60000000,60080000,139,76
751,60080000,60160000,3252,869
752,60160000,60240000,8023,2022
753,60240000,60320000,169,76
754,60320000,60400000,128,72
755,60400000,60480000,125,72
756,60480000,60560000,155,88
757,60560000,60640000,8270,2098
758,60640000,60720000,2953,778
759,60720000,60800000,125,72
760,60800000,60880000,134,72
761,60880000,60960000,143,80
762,60960000,61040000,3188,857
763,61040000,61120000,8160,2023
764,61120000,61200000,189,76
765,61200000,61280000,125,72
766,61280000,61360000,128,72
767,61360000,61440000,155,88
768,61440000,61520000,8570,2096
769,61520000,61600000,3053,778
770,61600000,61680000,128,72
771,61680000,61760000,125,72
772,61760000,61840000,151,80
773,61840000,61920000,3177,857
774,61920000,62000000,7996,2019
775,62000000,62080000,252,79
776,62080000,62160000,134,72
777,62160000,62240000,125,72
778,62240000,62320000,158,88
779,62320000,62400000,8343,2100
780,62400000,62480000,3072,786
781,62480000,62560000,125,72
782,62560000,62640000,128,72
783,62640000,62720000,143,80
784,62720000,62800000,3200,857
785,62800000,62880000,8072,2021
786,62880000,62960000,233,79
787,62960000,63040000,125,72
788,63040000,63120000,131,72
789,63120000,63200000,162,92
790,63200000,63280000,8507,2096
791,63280000,63360000,3092,786
792,63360000,63440000,134,72
793,63440000,63520000,125,72
794,63520000,63600000,154,80
795,63600000,63680000,3301,861
796,63680000,63760000,8120,2022
797,63760000,63840000,201,76
798,63840000,63920000,128,72
799,63920000,64000000,125,72
800,64000000,64080000,175,92
801,64080000,64160000,8444,2098
802,64160000,64240000,3006,778
803,64240000,64320000,125,72
804,64320000,64400000,131,72
805,64400000,64480000,147,80
806,64480000,64560000,3304,861
807,64560000,64640000,8333,2023
808,64640000,64720000,200,76
809,64720000,64800000,125,72
810,64800000,64880000,128,72
811,64880000,64960000,170,92
812,64960000,65040000,8722,2096
813,65040000,65120000,3008,778
814,65120000,65200000,128,72
815,65200000,65280000,125,72
816,65280000,65360000,159,80
817,65360000,65440000,2944,840
818,65440000,65520000,7938,1990
819,65520000,65600000,186,79
820,65600000,65680000,131,72
821,65680000,65760000,125,72
822,65760000,65840000,167,92
823,65840000,65920000,7893,2108
824,65920000,66000000,2925,786
825,66000000,66080000,125,72
826,66080000,66160000,128,72
827,66160000,66240000,145,80
828,66240000,66320000,2877,861
829,66320000,66400000,7822,2025
830,66400000,66480000,235,79
831,66480000,66560000,125,72
832,66560000,66640000,143,72
833,66640000,66720000,170,92
834,66720000,66800000,7999,2096
835,66800000,66880000,3016,784
836,66880000,66960000,131,72
837,66960000,67040000,125,72
838,67040000,67120000,156,80
839,67120000,67200000,2952,861
840,67200000,67280000,7867,2022
841,67280000,67360000,211,76
842,67360000,67440000,128,72
843,67440000,67520000,125,72
844,67520000,67600000,174,92
845,67600000,67680000,8087,2098
846,67680000,67760000,2966,778
847,67760000,67840000,125,72
848,67840000,67920000,137,72
849,67920000,68000000,151,80
850,68000000,68080000,2992,865
851,68080000,68160000,8014,2023
852,68160000,68240000,199,76
853,68240000,68320000,125,72
854,68320000,68400000,128,72
855,68400000,68480000,181,96
856,68480000,68560000,8137,2096
857,68560000,68640000,2920,778
858,68640000,68720000,128,72
859,68720000,68800000,125,72
860,68800000,68880000,155,80
861,68880000,68960000,3026,865
862,68960000,69040000,7870,2019
863,69040000,69120000,218,79
864,69120000,69200000,140,72
865,69200000,69280000,125,72
866,69280000,69360000,184,96
867,69360000,69440000,8047,2100
868,69440000,69520000,2966,786
869,69520000,69600000,125,72
870,69600000,69680000,128,72
871,69680000,69760000,143,80
872,69760000,69840000,3055,865
873,69840000,69920000,8026,2021
874,69920000,70000000,189,79
875,70000000,70080000,125,72
876,70080000,70160000,131,72
877,70160000,70240000,175,96
878,70240000,70320000,8251,2096
879,70320000,70400000,2991,786
880,70400000,70480000,137,72
881,70480000,70560000,125,72
882,70560000,70640000,154,80
883,70640000,70720000,3063,861
884,70720000,70800000,7931,2022
885,70800000,70880000,173,76
886,70880000,70960000,128,72
887,70960000,71040000,125,72
888,71040000,71120000,173,92
889,71120000,71200000,8143,2098
890,71200000,71280000,2912,778
891,71280000,71360000,125,72
892,71360000,71440000,131,72
893,71440000,71520000,149,80
894,71520000,71600000,3058,861
895,71600000,71680000,8087,2023
896,71680000,71760000,198,76
897,71760000,71840000,125,72
898,71840000,71920000,128,72
899,71920000,72000000,172,92
900,72000000,72080000,8446,2096
901,72080000,72160000,2962,778
902,72160000,72240000,128,72
903,72240000,72320000,125,72
904,72320000,72400000,160,80
905,72400000,72480000,3065,861
906,72480000,72560000,7994,2019
907,72560000,72640000,194,79
908,72640000,72720000,131,72
909,72720000,72800000,125,72
910,72800000,72880000,178,95
911,72880000,72960000,7984,2055
912,72960000,73040000,2950,785
913,73040000,73120000,125,72
914,73120000,73200000,128,72
915,73200000,73280000,147,80
916,73280000,73360000,3035,865
917,73360000,73440000,8014,2020
918,73440000,73520000,227,79
919,73520000,73600000,125,72
920,73600000,73680000,134,72
921,73680000,73760000,181,96
922,73760000,73840000,8286,2096
923,73840000,73920000,3048,786
924,73920000,74000000,131,72
925,74000000,74080000,125,72
926,74080000,74160000,158,80
927,74160000,74240000,3118,865
928,74240000,74320000,8063,2022
929,74320000,74400000,185,76
930,74400000,74480000,128,72
931,74480000,74560000,125,72
932,74560000,74640000,183,96
933,74640000,74720000,8287,2098
934,74720000,74800000,2933,778
935,74800000,74880000,125,72
936,74880000,74960000,134,72
937,74960000,75040000,151,80
938,75040000,75120000,3207,865
939,75120000,75200000,8275,2023
940,75200000,75280000,173,76
941,75280000,75360000,125,72
942,75360000,75440000,128,72
943,75440000,75520000,183,96
944,75520000,75600000,8302,2096
945,75600000,75680000,2865,778
946,75680000,75760000,128,72
947,75760000,75840000,125,72
948,75840000,75920000,157,80
949,75920000,76000000,3010,865
950,76000000,76080000,7674,2019
951,76080000,76160000,174,79
952,76160000,76240000,134,72
953,76240000,76320000,125,72
954,76320000,76400000,184,96
955,76400000,76480000,8013,2100
956,76480000,76560000,2880,786
957,76560000,76640000,125,72
958,76640000,76720000,128,72
959,76720000,76800000,149,80
960,76800000,76880000,3087,865
961,76880000,76960000,7786,2021
962,76960000,77040000,185,79
963,77040000,77120000,125,72
964,77120000,77200000,131,72
965,77200000,77280000,189,96
966,77280000,77360000,8253,2096
967,77360000,77440000,2915,786
968,77440000,77520000,134,72
969,77520000,77600000,125,72
970,77600000,77680000,160,80
971,77680000,77760000,3117,865
972,77760000,77840000,7779,2022
973,77840000,77920000,169,76
974,77920000,78000000,128,72
975,78000000,78080000,125,72
976,78080000,78160000,194,100
977,78160000,78240000,8114,2098
978,78240000,78320000,2892,778
979,78320000,78400000,125,72
980,78400000,78480000,131,72
981,78480000,78560000,147,80
982,78560000,78640000,3195,869
983,78640000,78720000,8007,2023
984,78720000,78800000,208,76
985,78800000,78880000,125,72
986,78880000,78960000,128,72
987,78960000,79040000,194,100
988,79040000,79120000,8326,2096
989,79120000,79200000,2956,778
990,79200000,79280000,128,72
991,79280000,79360000,125,72
992,79360000,79440000,160,80
993,79440000,79520000,3081,869
994,79520000,79600000,7874,2019
995,79600000,79680000,210,79
996,79680000,79760000,131,72
997,79760000,79840000,125,72
998,79840000,79920000,189,100
999,79920000,80000000,7952,2104
1000,80000000,80080000,2928,786
1001,80080000,80160000,125,72
1002,80160000,80240000,128,72
1003,80240000,80320000,130,75
1004,80320000,80400000,2902,837
1005,80400000,80480000,7688,1994
1006,80480000,80560000,179,79
1007,80560000,80640000,125,72
1008,80640000,80720000,137,72
1009,80720000,80800000,138,84
1010,80800000,80880000,8088,2096
1011,80880000,80960000,2910,786
1012,80960000,81040000,131,72
1013,81040000,81120000,125,72
1014,81120000,81200000,137,76
1015,81200000,81280000,3036,857
1016,81280000,81360000,7780,2022
1017,81360000,81440000,169,76
1018,81440000,81520000,128,72
1019,81520000,81600000,125,72
1020,81600000,81680000,148,84
1021,81680000,81760000,8085,2098
1022,81760000,81840000,2890,776
1023,81840000,81920000,125,72
1024,81920000,82000000,155,72
1025,82000000,82080000,134,76
1026,82080000,82160000,3071,857
1027,82160000,82240000,8023,2023
1028,82240000,82320000,195,76
1029,82320000,82400000,125,72
1030,82400000,82480000,128,72
1031,82480000,82560000,142,84
1032,82560000,82640000,8380,2096
1033,82640000,82720000,2899,778
1034,82720000,82800000,128,72
1035,82800000,82880000,125,72
1036,82880000,82960000,140,76
1037,82960000,83040000,3046,861
1038,83040000,83120000,7813,2019
1039,83120000,83200000,178,79
1040,83200000,83280000,137,72
1041,83280000,83360000,125,72
1042,83360000,83440000,150,88
1043,83440000,83520000,8051,2100
1044,83520000,83600000,2918,786
1045,83600000,83680000,125,72
1046,83680000,83760000,128,72
1047,83760000,83840000,134,76
1048,83840000,83920000,3153,861
1049,83920000,84000000,8029,2021
1050,84000000,84080000,229,79
1051,84080000,84160000,125,72
1052,84160000,84240000,131,72
1053,84240000,84320000,153,88
1054,84320000,84400000,8370,2096
1055,84400000,84480000,3043,786
1056,84480000,84560000,140,72
1057,84560000,84640000,125,72
1058,84640000,84720000,141,76
1059,84720000,84800000,3220,861
1060,84800000,84880000,7988,2022
1061,84880000,84960000,205,76
1062,84960000,85040000,128,72
1063,85040000,85120000,125,72
1064,85120000,85200000,158,88
1065,85200000,85280000,8096,2098
1066,85280000,85360000,3005,778
1067,85360000,85440000,125,72
1068,85440000,85520000,131,72
1069,85520000,85600000,134,76
1070,85600000,85680000,3149,861
1071,85680000,85760000,8099,2023
1072,85760000,85840000,243,76
1073,85840000,85920000,125,72
1074,85920000,86000000,128,72
1075,86000000,86080000,153,88
1076,86080000,86160000,8403,2096
1077,86160000,86240000,3045,778
1078,86240000,86320000,128,72
1079,86320000,86400000,125,72
1080,86400000,86480000,145,76
1081,86480000,86560000,3075,861
1082,86560000,86640000,7908,2019
1083,86640000,86720000,248,79
1084,86720000,86800000,131,72
1085,86800000,86880000,125,72
1086,86880000,86960000,156,88
1087,86960000,87040000,8169,2102
1088,87040000,87120000,3058,786
1089,87120000,87200000,125,72
1090,87200000,87280000,128,72
1091,87280000,87360000,134,76
1092,87360000,87440000,3109,861
1093,87440000,87520000,7956,2022
1094,87520000,87600000,215,79
1095,87600000,87680000,125,72
1096,87680000,87760000,134,72
1097,87760000,87840000,158,91
1098,87840000,87920000,8210,2049
1099,87920000,88000000,3013,785
1100,88000000,88080000,131,72
1101,88080000,88160000,125,72
1102,88160000,88240000,141,76
1103,88240000,88320000,3183,865
1104,88320000,88400000,7984,2020
1105,88400000,88480000,201,76
1106,88480000,88560000,128,72
1107,88560000,88640000,125,72
1108,88640000,88720000,170,92
1109,88720000,88800000,8305,2098
1110,88800000,88880000,2928,778
1111,88880000,88960000,125,72
1112,88960000,89040000,134,72
1113,89040000,89120000,138,76
1114,89120000,89200000,3228,865
1115,89200000,89280000,8180,2023
1116,89280000,89360000,181,76
1117,89360000,89440000,125,72
1118,89440000,89520000,128,72
1119,89520000,89600000,168,92
1120,89600000,89680000,8478,2096
1121,89680000,89760000,3036,778
1122,89760000,89840000,128,72
1123,89840000,89920000,125,72
1124,89920000,90000000,140,76
1125,90000000,90080000,3253,865
1126,90080000,90160000,8043,2019
1127,90160000,90240000,218,79
1128,90240000,90320000,134,72
1129,90320000,90400000,125,72
1130,90400000,90480000,152,88
1131,90480000,90560000,8247,2100
1132,90560000,90640000,3028,786
1133,90640000,90720000,125,72
1134,90720000,90800000,128,72
1135,90800000,90880000,134,76
1136,90880000,90960000,3197,861
1137,90960000,91040000,8096,2021
1138,91040000,91120000,267,79
1139,91120000,91200000,125,72
1140,91200000,91280000,131,72
1141,91280000,91360000,153,88
1142,91360000,91440000,8603,2096
1143,91440000,91520000,3143,786
1144,91520000,91600000,134,72
1145,91600000,91680000,125,72
1146,91680000,91760000,141,76
1147,91760000,91840000,3301,861
1148,91840000,91920000,8151,2022
1149,91920000,92000000,231,76
1150,92000000,92080000,128,72
1151,92080000,92160000,125,72
1152,92160000,92240000,174,88
1153,92240000,92320000,8540,2098
1154,92320000,92400000,3037,778
1155,92400000,92480000,125,72
1156,92480000,92560000,131,72
1157,92560000,92640000,136,76
1158,92640000,92720000,3254,861
1159,92720000,92800000,8240,2023
1160,92800000,92880000,220,76
1161,92880000,92960000,125,72
1162,92960000,93040000,128,72
1163,93040000,93120000,162,92
1164,93120000,93200000,8660,2096
1165,93200000,93280000,3012,778
1166,93280000,93360000,128,72
1167,93360000,93440000,125,72
1168,93440000,93520000,150,76
1169,93520000,93600000,3102,865
1170,93600000,93680000,8027,2019
1171,93680000,93760000,210,79
1172,93760000,93840000,131,72
1173,93840000,93920000,125,72
1174,93920000,94000000,167,92
1175,94000000,94080000,7955,2106
1176,94080000,94160000,2919,786
1177,94160000,94240000,125,72
1178,94240000,94320000,128,72
1179,94320000,94400000,134,76
1180,94400000,94480000,2992,865
1181,94480000,94560000,7841,2024
1182,94560000,94640000,237,79
1183,94640000,94720000,125,72
1184,94720000,94800000,140,72
1185,94800000,94880000,168,92
1186,94880000,94960000,8111,2096
1187,94960000,95040000,3007,786
1188,95040000,95120000,131,72
1189,95120000,95200000,125,72
1190,95200000,95280000,141,76
1191,95280000,95360000,2992,844
1192,95360000,95440000,7796,1993
1193,95440000,95520000,207,76
1194,95520000,95600000,128,72
1195,95600000,95680000,125,72
1196,95680000,95760000,168,92
1197,95760000,95840000,8081,2098
1198,95840000,95920000,2928,778
1199,95920000,96000000,125,72
1200,96000000,96080000,137,72
1201,96080000,96160000,138,76
1202,96160000,96240000,3111,865
1203,96240000,96320000,8015,2023
1204,96320000,96400000,195,76
1205,96400000,96480000,125,72
1206,96480000,96560000,128,72
1207,96560000,96640000,172,92
1208,96640000,96720000,8288,2096
1209,96720000,96800000,3029,776
1210,96800000,96880000,128,72
1211,96880000,96960000,125,72
1212,96960000,97040000,144,76
1213,97040000,97120000,3085,865
1214,97120000,97200000,7937,2019
1215,97200000,97280000,272,79
1216,97280000,97360000,143,72
1217,97360000,97440000,125,72
1218,97440000,97520000,171,92
1219,97520000,97600000,8231,2100
1220,97600000,97680000,3117,786
1221,97680000,97760000,125,72
1222,97760000,97840000,128,72
1223,97840000,97920000,138,76
1224,97920000,98000000,3111,869
1225,98000000,98080000,7969,2021
1226,98080000,98160000,165,79
1227,98160000,98240000,125,72
1228,98240000,98320000,131,72
1229,98320000,98400000,179,96
1230,98400000,98480000,8315,2096
1231,98480000,98560000,2975,786
1232,98560000,98640000,137,72
1233,98640000,98720000,125,72
1234,98720000,98800000,145,76
1235,98800000,98880000,3242,869
1236,98880000,98960000,7977,2022
1237,98960000,99040000,159,76
1238,99040000,99120000,128,72
1239,99120000,99200000,125,72
1240,99200000,99280000,184,96
1241,99280000,99360000,8255,2098
1242,99360000,99440000,2907,778
1243,99440000,99520000,125,72
1244,99520000,99600000,131,72
1245,99600000,99680000,134,76
1246,99680000,99760000,3233,869
1247,99760000,99840000,8157,2023
1248,99840000,99920000,180,76
1249,99920000,100000000,125,72
1250,100000000,100080000,128,72
1251,100080000,100160000,173,96
1252,100160000,100240000,8422,2096
1253,100240000,100320000,3067,778
1254,100320000,100400000,128,72
1255,100400000,100480000,125,72
1256,100480000,100560000,152,80
1257,100560000,100640000,3086,857
1258,100640000,100720000,8040,2019
1259,100720000,100800000,244,79
1260,100800000,100880000,131,72
1261,100880000,100960000,125,72
1262,100960000,101040000,156,88
1263,101040000,101120000,8172,2102
1264,101120000,101200000,3100,786
1265,101200000,101280000,125,72
1266,101280000,101360000,128,72
1267,101360000,101440000,141,80
1268,101440000,101520000,3058,857
1269,101520000,101600000,8070,2022
1270,101600000,101680000,229,79
1271,101680000,101760000,125,72
1272,101760000,101840000,134,72
1273,101840000,101920000,153,88
1274,101920000,102000000,8441,2096
1275,102000000,102080000,3128,786
1276,102080000,102160000,131,72
1277,102160000,102240000,125,72
1278,102240000,102320000,152,80
1279,102320000,102400000,3211,857
1280,102400000,102480000,8168,2022
1281,102480000,102560000,209,76
1282,102560000,102640000,128,72
1283,102640000,102720000,125,72
1284,102720000,102800000,164,91
1285,102800000,102880000,8291,2051
1286,102880000,102960000,3010,777
1287,102960000,103040000,125,72
1288,103040000,103120000,134,72
1289,103120000,103200000,147,80
1290,103200000,103280000,3249,861
1291,103280000,103360000,8315,2021
1292,103360000,103440000,199,76
1293,103440000,103520000,125,72
1294,103520000,103600000,128,72
1295,103600000,103680000,168,92
1296,103680000,103760000,8543,2096
1297,103760000,103840000,3027,778
1298,103840000,103920000,128,72
1299,103920000,104000000,125,72
1300,104000000,104080000,153,80
1301,104080000,104160000,3189,861
1302,104160000,104240000,8024,2019
1303,104240000,104320000,222,79
1304,104320000,104400000,134,72
1305,104400000,104480000,125,72
1306,104480000,104560000,167,92
1307,104560000,104640000,8284,2100
1308,104640000,104720000,3073,786
1309,104720000,104800000,125,72
1310,104800000,104880000,128,72
1311,104880000,104960000,143,80
1312,104960000,105040000,3278,861
1313,105040000,105120000,8188,2021
1314,105120000,105200000,221,79
1315,105200000,105280000,125,72
1316,105280000,105360000,131,72
1317,105360000,105440000,164,92
1318,105440000,105520000,8511,2096
1319,105520000,105600000,3108,786
1320,105600000,105680000,134,72
1321,105680000,105760000,125,72
1322,105760000,105840000,154,80
1323,105840000,105920000,3263,861
1324,105920000,106000000,8136,2022
1325,106000000,106080000,187,76
1326,106080000,106160000,128,72
1327,106160000,106240000,125,72
1328,106240000,106320000,176,92
1329,106320000,106400000,8540,2098
1330,106400000,106480000,2954,778
1331,106480000,106560000,125,72
1332,106560000,106640000,131,72
1333,106640000,106720000,149,80
1334,106720000,106800000,3298,861
1335,106800000,106880000,8266,2023
1336,106880000,106960000,172,76
1337,106960000,107040000,125,72
1338,107040000,107120000,128,72
1339,107120000,107200000,174,92
1340,107200000,107280000,8752,2096
1341,107280000,107360000,2980,778
1342,107360000,107440000,128,72
1343,107440000,107520000,125,72
1344,107520000,107600000,169,80
1345,107600000,107680000,3142,861
1346,107680000,107760000,8029,2019
1347,107760000,107840000,172,79
1348,107840000,107920000,131,72
1349,107920000,108000000,125,72
1350,108000000,108080000,180,96
1351,108080000,108160000,8186,2104
1352,108160000,108240000,2929,786
1353,108240000,108320000,125,72
1354,108320000,108400000,128,72
1355,108400000,108480000,145,80
1356,108480000,108560000,3129,865
1357,108560000,108640000,8016,2023
1358,108640000,108720000,181,79
1359,108720000,108800000,125,72
1360,108800000,108880000,137,72
1361,108880000,108960000,177,96
1362,108960000,109040000,8337,2096
1363,109040000,109120000,2987,786
1364,109120000,109200000,131,72
1365,109200000,109280000,125,72
1366,109280000,109360000,156,80
1367,109360000,109440000,3235,865
1368,109440000,109520000,8117,2022
1369,109520000,109600000,161,76
1370,109600000,109680000,128,72
1371,109680000,109760000,125,72
1372,109760000,109840000,181,96
1373,109840000,109920000,8448,2098
1374,109920000,110000000,3027,778
1375,110000000,110080000,125,72
1376,110080000,110160000,140,72
1377,110160000,110240000,147,80
1378,110240000,110320000,3185,840
1379,110320000,110400000,8250,1994
1380,110400000,110480000,191,76
1381,110480000,110560000,125,72
1382,110560000,110640000,128,72
1383,110640000,110720000,168,92
1384,110720000,110800000,8638,2096
1385,110800000,110880000,3003,778
1386,110880000,110960000,128,72
1387,110960000,111040000,125,72
1388,111040000,111120000,155,80
1389,111120000,111200000,3219,861
1390,111200000,111280000,8108,2019
1391,111280000,111360000,186,79
1392,111360000,111440000,137,72
1393,111440000,111520000,125,72
1394,111520000,111600000,173,92
1395,111600000,111680000,8464,2100
1396,111680000,111760000,3005,784
1397,111760000,111840000,125,72
1398,111840000,111920000,128,72
1399,111920000,112000000,147,80
1400,112000000,112080000,3242,861
1401,112080000,112160000,8254,2021
1402,112160000,112240000,195,79
1403,112240000,112320000,125,72
1404,112320000,112400000,131,72
1405,112400000,112480000,172,92
1406,112480000,112560000,8790,2096
1407,112560000,112640000,3080,786
1408,112640000,112720000,146,72
1409,112720000,112800000,125,72
1410,112800000,112880000,158,80
1411,112880000,112960000,3306,865
1412,112960000,113040000,8035,2022
1413,113040000,113120000,187,76
1414,113120000,113200000,128,72
1415,113200000,113280000,125,72
1416,113280000,113360000,182,96
1417,113360000,113440000,8264,2098
1418,113440000,113520000,2955,778
1419,113520000,113600000,125,72
1420,113600000,113680000,131,72
1421,113680000,113760000,151,80
1422,113760000,113840000,3333,865
1423,113840000,113920000,8168,2023
1424,113920000,114000000,193,76
1425,114000000,114080000,125,72
1426,114080000,114160000,128,72
1427,114160000,114240000,187,96
1428,114240000,114320000,8571,2096
1429,114320000,114400000,2961,778
1430,114400000,114480000,128,72
1431,114480000,114560000,125,72
1432,114560000,114640000,160,80
1433,114640000,114720000,3263,865
1434,114720000,114800000,8053,2019
1435,114800000,114880000,166,79
1436,114880000,114960000,131,72
1437,114960000,115040000,125,72
1438,115040000,115120000,182,96
1439,115120000,115200000,8227,2102
1440,115200000,115280000,2981,786
1441,115280000,115360000,125,72
1442,115360000,115440000,128,72
1443,115440000,115520000,149,80
1444,115520000,115600000,3183,865
1445,115600000,115680000,7995,2022
1446,115680000,115760000,175,79
1447,115760000,115840000,125,72
1448,115840000,115920000,134,72
1449,115920000,116000000,185,96
1450,116000000,116080000,8478,2096
1451,116080000,116160000,3000,786
1452,116160000,116240000,131,72
1453,116240000,116320000,125,72
1454,116320000,116400000,160,80
1455,116400000,116480000,3262,865
1456,116480000,116560000,8053,2022
1457,116560000,116640000,157,76
1458,116640000,116720000,128,72
1459,116720000,116800000,125,72
1460,116800000,116880000,189,96
1461,116880000,116960000,8558,2098
1462,116960000,117040000,2963,778
1463,117040000,117120000,125,72
1464,117120000,117200000,134,72
1465,117200000,117280000,155,80
1466,117280000,117360000,3359,865
1467,117360000,117440000,8291,2023
1468,117440000,117520000,167,76
1469,117520000,117600000,125,72
1470,117600000,117680000,128,72
1471,117680000,117760000,196,99
1472,117760000,117840000,8583,2049
1473,117840000,117920000,3118,777
1474,117920000,118000000,128,72
1475,118000000,118080000,125,72
1476,118080000,118160000,153,80
1477,118160000,118240000,3315,869
1478,118240000,118320000,8124,2017
1479,118320000,118400000,258,79
1480,118400000,118480000,134,72
1481,118480000,118560000,125,72
1482,118560000,118640000,193,100
1483,118640000,118720000,8454,2100
1484,118720000,118800000,3153,786
1485,118800000,118880000,125,72
1486,118880000,118960000,128,72
1487,118960000,119040000,141,80
1488,119040000,119120000,3350,869
1489,119120000,119200000,8253,2021
1490,119200000,119280000,267,79
1491,119280000,119360000,125,72
1492,119360000,119440000,131,72
1493,119440000,119520000,190,100
1494,119520000,119600000,8692,2096
1495,119600000,119680000,3216,786
1496,119680000,119760000,134,72
1497,119760000,119840000,125,72
1498,119840000,119920000,152,80
1499,119920000,120000000,3486,869
1500,120000000,120080000,8343,2022
1501,120080000,120160000,239,76
1502,120160000,120240000,128,72
1503,120240000,120320000,125,72
1504,120320000,120400000,164,88
1505,120400000,120480000,8616,2098
1506,120480000,120560000,3043,778
1507,120560000,120640000,125,72
1508,120640000,120720000,131,72
1509,120720000,120800000,143,80
1510,120800000,120880000,3334,857
1511,120880000,120960000,8363,2023
1512,120960000,121040000,186,76
1513,121040000,121120000,125,72
1514,121120000,121200000,128,72
1515,121200000,121280000,155,88
1516,121280000,121360000,8894,2096
1517,121360000,121440000,2943,774
1518,121440000,121520000,128,72
1519,121520000,121600000,125,72
1520,121600000,121680000,159,80
1521,121680000,121760000,2948,857
1522,121760000,121840000,7892,2019
1523,121840000,121920000,126,73
1524,121920000,122000000,131,72
1525,122000000,122080000,125,72
1526,122080000,122160000,160,88
1527,122160000,122240000,7786,2112
1528,122240000,122320000,2758,778
1529,122320000,122400000,125,72
1530,122400000,122480000,128,72
1531,122480000,122560000,141,80
1532,122560000,122640000,2737,857
1533,122640000,122720000,7653,2027
1534,122720000,122800000,129,73
1535,122800000,122880000,125,72
1536,122880000,122960000,152,72
1537,122960000,123040000,160,92
1538,123040000,123120000,7805,2096
1539,123120000,123200000,2800,778
1540,123200000,123280000,131,72
1541,123280000,123360000,125,72
1542,123360000,123440000,152,80
1543,123440000,123520000,2849,861
1544,123520000,123600000,7664,2020
1545,123600000,123680000,125,72
1546,123680000,123760000,128,72
1547,123760000,123840000,125,72
1548,123840000,123920000,168,92
1549,123920000,124000000,7762,2098
1550,124000000,124080000,2772,774
1551,124080000,124160000,125,72
1552,124160000,124240000,137,72
1553,124240000,124320000,149,80
1554,124320000,124400000,2916,861
1555,124400000,124480000,7914,2021
1556,124480000,124560000,131,72
1557,124560000,124640000,125,72
1558,124640000,124720000,128,72
1559,124720000,124800000,172,92
1560,124800000,124880000,8059,2096
1561,124880000,124960000,2791,774
1562,124960000,125040000,128,72
1563,125040000,125120000,125,72
1564,125120000,125200000,153,80
1565,125200000,125280000,2812,840
1566,125280000,125360000,7687,1990
1567,125360000,125440000,126,73
1568,125440000,125520000,140,72
1569,125520000,125600000,125,72
1570,125600000,125680000,167,92
1571,125680000,125760000,7873,2100
1572,125760000,125840000,2821,778
1573,125840000,125920000,125,72
1574,125920000,126000000,128,72
1575,126000000,126080000,147,80
1576,126080000,126160000,2919,861
1577,126160000,126240000,7855,2021
1578,126240000,126320000,129,73
1579,126320000,126400000,125,72
1580,126400000,126480000,131,72
1581,126480000,126560000,172,92
1582,126560000,126640000,8114,2096
1583,126640000,126720000,2842,776
1584,126720000,126800000,137,72
1585,126800000,126880000,125,72
1586,126880000,126960000,158,80
1587,126960000,127040000,2984,861
1588,127040000,127120000,7817,2020
1589,127120000,127200000,125,72
1590,127200000,127280000,128,72
1591,127280000,127360000,125,72
1592,127360000,127440000,173,92
1593,127440000,127520000,8087,2098
1594,127520000,127600000,2802,774
1595,127600000,127680000,125,72
1596,127680000,127760000,131,72
1597,127760000,127840000,147,80
1598,127840000,127920000,2980,865
1599,127920000,128000000,7933,2021
1600,128000000,128080000,143,72
1601,128080000,128160000,125,72
1602,128160000,128240000,128,72
1603,128240000,128320000,177,96
1604,128320000,128400000,8158,2096
1605,128400000,128480000,2853,774
1606,128480000,128560000,128,72
1607,128560000,128640000,125,72
1608,128640000,128720000,160,80
1609,128720000,128800000,2967,865
1610,128800000,128880000,7870,2019
1611,128880000,128960000,126,73
1612,128960000,129040000,131,72
1613,129040000,129120000,125,72
1614,129120000,129200000,186,96
1615,129200000,129280000,7930,2102
1616,129280000,129360000,2812,778
1617,129360000,129440000,125,72
1618,129440000,129520000,128,72
1619,129520000,129600000,143,80
1620,129600000,129680000,2942,865
1621,129680000,129760000,7932,2022
1622,129760000,129840000,129,73
1623,129840000,129920000,125,72
1624,129920000,130000000,134,72
1625,130000000,130080000,175,96
1626,130080000,130160000,8085,2096
1627,130160000,130240000,2882,778
1628,130240000,130320000,131,72
1629,130320000,130400000,125,72
1630,130400000,130480000,154,80
1631,130480000,130560000,2958,861
1632,130560000,130640000,7918,2020
1633,130640000,130720000,125,72
1634,130720000,130800000,128,72
1635,130800000,130880000,125,72
1636,130880000,130960000,172,92
1637,130960000,131040000,8121,2098
1638,131040000,131120000,2852,774
1639,131120000,131200000,125,72
1640,131200000,131280000,134,72
1641,131280000,131360000,151,80
1642,131360000,131440000,2997,861
1643,131440000,131520000,8104,2021
1644,131520000,131600000,131,72
1645,131600000,131680000,125,72
1646,131680000,131760000,128,72
1647,131760000,131840000,174,92
1648,131840000,131920000,8298,2096
1649,131920000,132000000,2868,774
1650,132000000,132080000,128,72
1651,132080000,132160000,125,72
1652,132160000,132240000,155,80
1653,132240000,132320000,2994,861
1654,132320000,132400000,7818,2019
1655,132400000,132480000,126,73
1656,132480000,132560000,134,72
1657,132560000,132640000,125,72
1658,132640000,132720000,176,95
1659,132720000,132800000,7850,2053
1660,132800000,132880000,2844,777
1661,132880000,132960000,125,72
1662,132960000,133040000,128,72
1663,133040000,133120000,149,80
1664,133120000,133200000,3033,865
1665,133200000,133280000,7919,2019
1666,133280000,133360000,129,73
1667,133360000,133440000,125,72
1668,133440000,133520000,131,72
1669,133520000,133600000,183,96
1670,133600000,133680000,8206,2096
1671,133680000,133760000,2903,778
1672,133760000,133840000,134,72
1673,133840000,133920000,125,72
1674,133920000,134000000,160,80
1675,134000000,134080000,3098,865
1676,134080000,134160000,7945,2020
1677,134160000,134240000,125,72
1678,134240000,134320000,128,72
1679,134320000,134400000,125,72
1680,134400000,134480000,189,96
1681,134480000,134560000,8141,2098
1682,134560000,134640000,2857,774
1683,134640000,134720000,125,72
1684,134720000,134800000,131,72
1685,134800000,134880000,151,80
1686,134880000,134960000,3147,865
1687,134960000,135040000,8137,2021
1688,135040000,135120000,134,72
1689,135120000,135200000,125,72
1690,135200000,135280000,128,72
1691,135280000,135360000,183,96
1692,135360000,135440000,8340,2096
1693,135440000,135520000,2887,774
1694,135520000,135600000,128,72
1695,135600000,135680000,125,72
1696,135680000,135760000,170,80
1697,135760000,135840000,2927,865
1698,135840000,135920000,7854,2019
1699,135920000,136000000,126,73
1700,136000000,136080000,131,72
1701,136080000,136160000,125,72
1702,136160000,136240000,188,96
1703,136240000,136320000,7940,2104
1704,136320000,136400000,2813,778
1705,136400000,136480000,125,72
1706,136480000,136560000,128,72
1707,136560000,136640000,145,80
1708,136640000,136720000,2891,865
1709,136720000,136800000,7816,2023
1710,136800000,136880000,129,73
1711,136880000,136960000,125,72
1712,136960000,137040000,137,72
1713,137040000,137120000,185,96
1714,137120000,137200000,8091,2096
1715,137200000,137280000,2853,778
1716,137280000,137360000,131,72
1717,137360000,137440000,125,72
1718,137440000,137520000,156,80
1719,137520000,137600000,2937,865
1720,137600000,137680000,7819,2020
1721,137680000,137760000,125,72
1722,137760000,137840000,128,72
1723,137840000,137920000,125,72
1724,137920000,138000000,194,100
1725,138000000,138080000,8010,2098
1726,138080000,138160000,2852,774
1727,138160000,138240000,125,72
1728,138240000,138320000,143,72
1729,138320000,138400000,153,80
1730,138400000,138480000,3055,869
1731,138480000,138560000,8062,2021
1732,138560000,138640000,131,72
1733,138640000,138720000,125,72
1734,138720000,138800000,128,72
1735,138800000,138880000,200,100
1736,138880000,138960000,8215,2096
1737,138960000,139040000,2853,774
1738,139040000,139120000,128,72
1739,139120000,139200000,125,72
1740,139200000,139280000,153,80
1741,139280000,139360000,3059,869
1742,139360000,139440000,7965,2019
1743,139440000,139520000,126,73
1744,139520000,139600000,137,72
1745,139600000,139680000,125,72
1746,139680000,139760000,191,100
1747,139760000,139840000,8157,2100
1748,139840000,139920000,2877,778
1749,139920000,140000000,125,72
1750,140000000,140080000,128,72
1751,140080000,140160000,152,83
1752,140160000,140240000,2979,837
1753,140240000,140320000,7996,1992
1754,140320000,140400000,129,73
1755,140400000,140480000,125,72
1756,140480000,140560000,131,72
1757,140560000,140640000,168,92
1758,140640000,140720000,8380,2096
1759,140720000,140800000,2932,778
1760,140800000,140880000,140,72
1761,140880000,140960000,125,72
1762,140960000,141040000,167,84
1763,141040000,141120000,3102,857
1764,141120000,141200000,7959,2020
1765,141200000,141280000,125,72
1766,141280000,141360000,128,72
1767,141360000,141440000,125,72
1768,141440000,141520000,175,92
1769,141520000,141600000,8167,2098
1770,141600000,141680000,2858,772
1771,141680000,141760000,125,72
1772,141760000,141840000,131,72
1773,141840000,141920000,158,84
1774,141920000,142000000,3077,857
1775,142000000,142080000,8108,2021
1776,142080000,142160000,137,72
1777,142160000,142240000,125,72
1778,142240000,142320000,128,72
1779,142320000,142400000,174,92
1780,142400000,142480000,8483,2096
1781,142480000,142560000,2924,774
1782,142560000,142640000,128,72
1783,142640000,142720000,125,72
1784,142720000,142800000,171,84
1785,142800000,142880000,3004,861
1786,142880000,142960000,7931,2019
1787,142960000,143040000,126,73
1788,143040000,143120000,131,72
1789,143120000,143200000,125,72
1790,143200000,143280000,182,96
1791,143280000,143360000,8017,2102
1792,143360000,143440000,2888,778
1793,143440000,143520000,125,72
1794,143520000,143600000,128,72
1795,143600000,143680000,156,84
1796,143680000,143760000,3058,861
1797,143760000,143840000,7963,2022
1798,143840000,143920000,129,73
1799,143920000,144000000,125,72
1800,144000000,144080000,134,72
1801,144080000,144160000,183,96
1802,144160000,144240000,8292,2096
1803,144240000,144320000,2856,778
1804,144320000,144400000,131,72
1805,144400000,144480000,125,72
1806,144480000,144560000,171,84
1807,144560000,144640000,3135,861
1808,144640000,144720000,8031,2020
1809,144720000,144800000,125,72
1810,144800000,144880000,128,72
1811,144880000,144960000,125,72
1812,144960000,145040000,185,96
1813,145040000,145120000,8236,2098
1814,145120000,145200000,2867,774
1815,145200000,145280000,125,72
1816,145280000,145360000,134,72
1817,145360000,145440000,164,84
1818,145440000,145520000,3124,861
1819,145520000,145600000,8184,2021
1820,145600000,145680000,131,72
1821,145680000,145760000,125,72
1822,145760000,145840000,128,72
1823,145840000,145920000,191,96
1824,145920000,146000000,8492,2096
1825,146000000,146080000,2905,774
1826,146080000,146160000,128,72
1827,146160000,146240000,125,72
1828,146240000,146320000,168,84
1829,146320000,146400000,3079,861
1830,146400000,146480000,7992,2019
1831,146480000,146560000,126,73
1832,146560000,146640000,134,72
1833,146640000,146720000,125,72
1834,146720000,146800000,186,96
1835,146800000,146880000,8351,2100
1836,146880000,146960000,2888,778
1837,146960000,147040000,125,72
1838,147040000,147120000,128,72
1839,147120000,147200000,160,84
1840,147200000,147280000,3170,861
1841,147280000,147360000,8143,2021
1842,147360000,147440000,129,73
1843,147440000,147520000,125,72
1844,147520000,147600000,131,72
1845,147600000,147680000,192,99
1846,147680000,147760000,8438,2049
1847,147760000,147840000,2924,777
1848,147840000,147920000,134,72
1849,147920000,148000000,125,72
1850,148000000,148080000,175,84
1851,148080000,148160000,3235,865
1852,148160000,148240000,8125,2018
1853,148240000,148320000,125,72
1854,148320000,148400000,128,72
1855,148400000,148480000,125,72
1856,148480000,148560000,208,100
1857,148560000,148640000,8467,2098
1858,148640000,148720000,2868,774
1859,148720000,148800000,125,72
1860,148800000,148880000,131,72
1861,148880000,148960000,164,84
1862,148960000,149040000,3228,865
1863,149040000,149120000,8289,2021
1864,149120000,149200000,134,72
1865,149200000,149280000,125,72
1866,149280000,149360000,128,72
1867,149360000,149440000,202,100
1868,149440000,149520000,8655,2096
1869,149520000,149600000,2914,774
1870,149600000,149680000,128,72
1871,149680000,149760000,125,72
1872,149760000,149840000,176,84
1873,149840000,149920000,3085,865
1874,149920000,150000000,8094,2019
1875,150000000,150080000,126,73
1876,150080000,150160000,131,72
1877,150160000,150240000,125,72
1878,150240000,150320000,186,96
1879,150320000,150400000,7829,2106
1880,150400000,150480000,2721,778
1881,150480000,150560000,125,72
1882,150560000,150640000,128,72
1883,150640000,150720000,156,84
1884,150720000,150800000,2803,861
1885,150800000,150880000,7546,2024
1886,150880000,150960000,129,73
1887,150960000,151040000,125,72
1888,151040000,151120000,140,72
1889,151120000,151200000,183,96
1890,151200000,151280000,7885,2096
1891,151280000,151360000,2770,778
1892,151360000,151440000,131,72
1893,151440000,151520000,125,72
1894,151520000,151600000,171,84
1895,151600000,151680000,2922,861
1896,151680000,151760000,7578,2020
1897,151760000,151840000,125,72
1898,151840000,151920000,128,72
1899,151920000,152000000,125,72
1900,152000000,152080000,189,96
1901,152080000,152160000,7870,2098
1902,152160000,152240000,2749,774
1903,152240000,152320000,125,72
1904,152320000,152400000,137,72
1905,152400000,152480000,166,84
1906,152480000,152560000,2927,861
1907,152560000,152640000,7740,2021
1908,152640000,152720000,131,72
1909,152720000,152800000,125,72
1910,152800000,152880000,128,72
1911,152880000,152960000,200,100
1912,152960000,153040000,7999,2096
1913,153040000,153120000,2757,774
1914,153120000,153200000,128,72
1915,153200000,153280000,125,72
1916,153280000,153360000,172,84
1917,153360000,153440000,2962,865
1918,153440000,153520000,7650,2019
1919,153520000,153600000,126,73
1920,153600000,153680000,146,72
1921,153680000,153760000,125,72
1922,153760000,153840000,199,100
1923,153840000,153920000,7828,2100
1924,153920000,154000000,2779,778
1925,154000000,154080000,125,72
1926,154080000,154160000,128,72
1927,154160000,154240000,162,84
1928,154240000,154320000,3017,865
1929,154320000,154400000,7831,2021
1930,154400000,154480000,129,73
1931,154480000,154560000,125,72
1932,154560000,154640000,131,72
1933,154640000,154720000,204,100
1934,154720000,154800000,8159,2096
1935,154800000,154880000,2846,778
1936,154880000,154960000,137,72
1937,154960000,155040000,125,72
1938,155040000,155120000,177,84
1939,155120000,155200000,3006,844
1940,155200000,155280000,7684,1991
1941,155280000,155360000,125,72
1942,155360000,155440000,128,72
1943,155440000,155520000,125,72
1944,155520000,155600000,193,100
1945,155600000,155680000,8003,2098
1946,155680000,155760000,2786,774
1947,155760000,155840000,125,72
1948,155840000,155920000,131,72
1949,155920000,156000000,160,84
1950,156000000,156080000,3081,865
1951,156080000,156160000,7866,2021
1952,156160000,156240000,140,72
1953,156240000,156320000,125,72
1954,156320000,156400000,128,72
1955,156400000,156480000,202,100
1956,156480000,156560000,8231,2096
1957,156560000,156640000,2814,772
1958,156640000,156720000,128,72
1959,156720000,156800000,125,72
1960,156800000,156880000,173,84
1961,156880000,156960000,3010,865
1962,156960000,157040000,7791,2019
1963,157040000,157120000,126,73
1964,157120000,157200000,131,72
1965,157200000,157280000,125,72
1966,157280000,157360000,201,100
1967,157360000,157440000,8038,2102
1968,157440000,157520000,2829,778
1969,157520000,157600000,125,72
1970,157600000,157680000,128,72
1971,157680000,157760000,152,84
1972,157760000,157840000,2980,869
1973,157840000,157920000,7791,2022
1974,157920000,158000000,129,73
1975,158000000,158080000,125,72
1976,158080000,158160000,134,72
1977,158160000,158240000,201,104
1978,158240000,158320000,8075,2096
1979,158320000,158400000,2870,778
1980,158400000,158480000,131,72
1981,158480000,158560000,125,72
1982,158560000,158640000,167,84
1983,158640000,158720000,3119,869
1984,158720000,158800000,7889,2020
1985,158800000,158880000,125,72
1986,158880000,158960000,128,72
1987,158960000,159040000,125,72
1988,159040000,159120000,205,104
1989,159120000,159200000,8159,2098
1990,159200000,159280000,2825,774
1991,159280000,159360000,125,72
1992,159360000,159440000,134,72
1993,159440000,159520000,158,84
1994,159520000,159600000,3154,869
1995,159600000,159680000,8094,2021
1996,159680000,159760000,131,72
1997,159760000,159840000,125,72
1998,159840000,159920000,128,72
1999,159920000,160000000,205,104
2000,160000000,160080000,8236,2096
2001,160080000,160160000,2852,774
2002,160160000,160240000,128,72
2003,160240000,160320000,125,72
2004,160320000,160400000,138,76
2005,160400000,160480000,3015,857
2006,160480000,160560000,7764,2019
2007,160560000,160640000,126,73
2008,160640000,160720000,134,72
2009,160720000,160800000,125,72
2010,160800000,160880000,143,84
2011,160880000,160960000,8036,2100
2012,160960000,161040000,2839,778
2013,161040000,161120000,125,72
2014,161120000,161200000,128,72
2015,161200000,161280000,132,76
2016,161280000,161360000,3050,857
2017,161360000,161440000,7884,2021
2018,161440000,161520000,129,73
2019,161520000,161600000,125,72
2020,161600000,161680000,131,72
2021,161680000,161760000,140,84
2022,161760000,161840000,8353,2096
2023,161840000,161920000,2896,778
2024,161920000,162000000,134,72
2025,162000000,162080000,125,72
2026,162080000,162160000,139,76
2027,162160000,162240000,3191,857
2028,162240000,162320000,7929,2020
2029,162320000,162400000,125,72
2030,162400000,162480000,128,72
2031,162480000,162560000,125,72
2032,162560000,162640000,157,87
2033,162640000,162720000,8137,2051
2034,162720000,162800000,2813,773
2035,162800000,162880000,125,72
2036,162880000,162960000,131,72
2037,162960000,163040000,134,76
2038,163040000,163120000,3189,861
2039,163120000,163200000,8054,2019
2040,163200000,163280000,134,72
2041,163280000,163360000,125,72
2042,163360000,163440000,128,72
2043,163440000,163520000,151,88
2044,163520000,163600000,8465,2096
2045,163600000,163680000,2865,774
2046,163680000,163760000,128,72
2047,163760000,163840000,125,72
2048,163840000,163920000,169,76
2049,163920000,164000000,3049,861
2050,164000000,164080000,7908,2019
2051,164080000,164160000,126,73
2052,164160000,164240000,131,72
2053,164240000,164320000,125,72
2054,164320000,164400000,154,88
2055,164400000,164480000,7975,2104
2056,164480000,164560000,2833,778
2057,164560000,164640000,125,72
2058,164640000,164720000,128,72
2059,164720000,164800000,132,76
2060,164800000,164880000,3031,861
2061,164880000,164960000,7901,2023
2062,164960000,165040000,129,73
2063,165040000,165120000,125,72
2064,165120000,165200000,137,72
2065,165200000,165280000,149,88
2066,165280000,165360000,8113,2096
2067,165360000,165440000,2877,778
2068,165440000,165520000,131,72
2069,165520000,165600000,125,72
2070,165600000,165680000,139,76
2071,165680000,165760000,3029,861
2072,165760000,165840000,7868,2020
2073,165840000,165920000,125,72
2074,165920000,166000000,128,72
2075,166000000,166080000,125,72
2076,166080000,166160000,157,88
2077,166160000,166240000,8200,2098
2078,166240000,166320000,2891,774
2079,166320000,166400000,125,72
2080,166400000,166480000,140,72
2081,166480000,166560000,136,76
2082,166560000,166640000,3104,861
2083,166640000,166720000,8094,2021
2084,166720000,166800000,131,72
2085,166800000,166880000,125,72
2086,166880000,166960000,128,72
2087,166960000,167040000,157,88
2088,167040000,167120000,8405,2096
2089,167120000,167200000,2884,774
2090,167200000,167280000,128,72
2091,167280000,167360000,125,72
2092,167360000,167440000,142,76
2093,167440000,167520000,3066,861
2094,167520000,167600000,7901,2019
2095,167600000,167680000,126,73
2096,167680000,167760000,137,72
2097,167760000,167840000,125,72
2098,167840000,167920000,163,92
2099,167920000,168000000,8154,2100
2100,168000000,168080000,2883,778
2101,168080000,168160000,125,72
2102,168160000,168240000,128,72
2103,168240000,168320000,136,76
2104,168320000,168400000,3152,865
2105,168400000,168480000,8063,2021
2106,168480000,168560000,129,73
2107,168560000,168640000,125,72
2108,168640000,168720000,131,72
2109,168720000,168800000,164,92
2110,168800000,168880000,8391,2096
2111,168880000,168960000,2924,778
2112,168960000,169040000,143,72
2113,169040000,169120000,125,72
2114,169120000,169200000,143,76
2115,169200000,169280000,3245,865
2116,169280000,169360000,7954,2020
2117,169360000,169440000,125,72
2118,169440000,169520000,128,72
2119,169520000,169600000,125,72
2120,169600000,169680000,171,92
2121,169680000,169760000,8212,2098
2122,169760000,169840000,2856,774
2123,169840000,169920000,125,72
2124,169920000,170000000,131,72
2125,170000000,170080000,134,76
2126,170080000,170160000,3119,840
2127,170160000,170240000,7968,1992
2128,170240000,170320000,137,72
2129,170320000,170400000,125,72
2130,170400000,170480000,128,72
2131,170480000,170560000,151,88
2132,170560000,170640000,8423,2096
2133,170640000,170720000,2911,774
2134,170720000,170800000,128,72
2135,170800000,170880000,125,72
2136,170880000,170960000,145,76
2137,170960000,171040000,3105,861
2138,171040000,171120000,7889,2019
2139,171120000,171200000,126,73
2140,171200000,171280000,131,72
2141,171280000,171360000,125,72
2142,171360000,171440000,158,88
2143,171440000,171520000,8116,2102
2144,171520000,171600000,2861,776
2145,171600000,171680000,125,72
2146,171680000,171760000,128,72
2147,171760000,171840000,134,76
2148,171840000,171920000,3075,861
2149,171920000,172000000,7921,2022
2150,172000000,172080000,129,73
2151,172080000,172160000,125,72
2152,172160000,172240000,134,72
2153,172240000,172320000,155,88
2154,172320000,172400000,8400,2096
2155,172400000,172480000,2902,778
2156,172480000,172560000,131,72
2157,172560000,172640000,125,72
2158,172640000,172720000,141,76
2159,172720000,172800000,3153,865
2160,172800000,172880000,7921,2020
2161,172880000,172960000,125,72
2162,172960000,173040000,128,72
2163,173040000,173120000,125,72
2164,173120000,173200000,166,92
2165,173200000,173280000,8248,2098
2166,173280000,173360000,2884,774
2167,173360000,173440000,125,72
2168,173440000,173520000,134,72
2169,173520000,173600000,138,76
2170,173600000,173680000,3272,865
2171,173680000,173760000,8175,2021
2172,173760000,173840000,131,72
2173,173840000,173920000,125,72
2174,173920000,174000000,128,72
2175,174000000,174080000,170,92
2176,174080000,174160000,8510,2096
2177,174160000,174240000,2908,774
2178,174240000,174320000,128,72
2179,174320000,174400000,125,72
2180,174400000,174480000,142,76
2181,174480000,174560000,3231,865
2182,174560000,174640000,8012,2019
2183,174640000,174720000,126,73
2184,174720000,174800000,134,72
2185,174800000,174880000,125,72
2186,174880000,174960000,165,92
2187,174960000,175040000,8251,2100
2188,175040000,175120000,2915,778
2189,175120000,175200000,125,72
2190,175200000,175280000,128,72
2191,175280000,175360000,136,76
2192,175360000,175440000,3208,865
2193,175440000,175520000,8081,2021
2194,175520000,175600000,129,73
2195,175600000,175680000,125,72
2196,175680000,175760000,131,72
2197,175760000,175840000,168,92
2198,175840000,175920000,8548,2096
2199,175920000,176000000,2966,778
2200,176000000,176080000,134,72
2201,176080000,176160000,125,72
2202,176160000,176240000,143,76
2203,176240000,176320000,3278,865
2204,176320000,176400000,8089,2020
2205,176400000,176480000,125,72
2206,176480000,176560000,128,72
2207,176560000,176640000,125,72
2208,176640000,176720000,181,92
2209,176720000,176800000,8562,2098
2210,176800000,176880000,2930,774
2211,176880000,176960000,125,72
2212,176960000,177040000,131,72
2213,177040000,177120000,138,76
2214,177120000,177200000,3311,865
2215,177200000,177280000,8289,2021
2216,177280000,177360000,134,72
2217,177360000,177440000,125,72
2218,177440000,177520000,128,72
2219,177520000,177600000,175,95
2220,177600000,177680000,8595,2049
2221,177680000,177760000,2927,773
2222,177760000,177840000,128,72
2223,177840000,177920000,125,72
2224,177920000,178000000,152,76
2225,178000000,178080000,3030,869
2226,178080000,178160000,7961,2017
2227,178160000,178240000,126,73
2228,178240000,178320000,131,72
2229,178320000,178400000,125,72
2230,178400000,178480000,184,96
2231,178480000,178560000,7871,2108
2232,178560000,178640000,2810,778
2233,178640000,178720000,125,72
2234,178720000,178800000,128,72
2235,178800000,178880000,132,76
2236,178880000,178960000,2887,869
2237,178960000,179040000,7805,2025
2238,179040000,179120000,129,73
2239,179120000,179200000,125,72
2240,179200000,179280000,143,72
2241,179280000,179360000,177,96
2242,179360000,179440000,7976,2096
2243,179440000,179520000,2871,778
2244,179520000,179600000,131,72
2245,179600000,179680000,125,72
2246,179680000,179760000,139,76
2247,179760000,179840000,3034,869
2248,179840000,179920000,7858,2020
2249,179920000,180000000,125,72
2250,180000000,180080000,128,72
2251,180080000,180160000,125,72
2252,180160000,180240000,155,88
2253,180240000,180320000,7934,2098
2254,180320000,180400000,2847,774
2255,180400000,180480000,125,72
2256,180480000,180560000,137,72
2257,180560000,180640000,143,80
2258,180640000,180720000,2970,857
2259,180720000,180800000,7980,2021
2260,180800000,180880000,131,72
2261,180880000,180960000,125,72
2262,180960000,181040000,128,72
2263,181040000,181120000,155,88
2264,181120000,181200000,8255,2096
2265,181200000,181280000,2842,774
2266,181280000,181360000,128,72
2267,181360000,181440000,125,72
2268,181440000,181520000,151,80
2269,181520000,181600000,2978,857
2270,181600000,181680000,7851,2019
2271,181680000,181760000,126,73
2272,181760000,181840000,140,72
2273,181840000,181920000,125,72
2274,181920000,182000000,158,88
2275,182000000,182080000,8084,2100
2276,182080000,182160000,2856,778
2277,182160000,182240000,125,72
2278,182240000,182320000,128,72
2279,182320000,182400000,143,80
2280,182400000,182480000,2997,857
2281,182480000,182560000,7938,2021
2282,182560000,182640000,129,73
2283,182640000,182720000,125,72
2284,182720000,182800000,131,72
2285,182800000,182880000,162,92
2286,182880000,182960000,8247,2096
2287,182960000,183040000,2900,778
2288,183040000,183120000,137,72
2289,183120000,183200000,125,72
2290,183200000,183280000,154,80
2291,183280000,183360000,3099,861
2292,183360000,183440000,7918,2020
2293,183440000,183520000,125,72
2294,183520000,183600000,128,72
2295,183600000,183680000,125,72
2296,183680000,183760000,169,92
2297,183760000,183840000,8106,2098
2298,183840000,183920000,2838,774
2299,183920000,184000000,125,72
2300,184000000,184080000,131,72
2301,184080000,184160000,147,80
2302,184160000,184240000,3122,861
2303,184240000,184320000,8123,2021
2304,184320000,184400000,149,72
2305,184400000,184480000,125,72
2306,184480000,184560000,128,72
2307,184560000,184640000,170,92
2308,184640000,184720000,8424,2096
2309,184720000,184800000,2908,774
2310,184800000,184880000,128,72
2311,184880000,184960000,125,72
2312,184960000,185040000,156,80
2313,185040000,185120000,2971,840
2314,185120000,185200000,7915,1990
2315,185200000,185280000,126,73
2316,185280000,185360000,131,72
2317,185360000,185440000,125,72
2318,185440000,185520000,167,92
2319,185520000,185600000,8100,2102
2320,185600000,185680000,2887,778
2321,185680000,185760000,125,72
2322,185760000,185840000,128,72
2323,185840000,185920000,145,80
2324,185920000,186000000,3024,861
2325,186000000,186080000,7981,2022
2326,186080000,186160000,129,73
2327,186160000,186240000,125,72
2328,186240000,186320000,134,72
2329,186320000,186400000,170,92
2330,186400000,186480000,8290,2096
2331,186480000,186560000,2903,776
2332,186560000,186640000,131,72
2333,186640000,186720000,125,72
2334,186720000,186800000,156,80
2335,186800000,186880000,3097,861
2336,186880000,186960000,8034,2020
2337,186960000,187040000,125,72
2338,187040000,187120000,128,72
2339,187120000,187200000,125,72
2340,187200000,187280000,174,92
2341,187280000,187360000,8407,2098
2342,187360000,187440000,2888,774
2343,187440000,187520000,125,72
2344,187520000,187600000,134,72
2345,187600000,187680000,151,80
2346,187680000,187760000,3137,865
2347,187760000,187840000,8180,2021
2348,187840000,187920000,131,72
2349,187920000,188000000,125,72
2350,188000000,188080000,128,72
2351,188080000,188160000,181,96
2352,188160000,188240000,8316,2096
2353,188240000,188320000,2872,774
2354,188320000,188400000,128,72
2355,188400000,188480000,125,72
2356,188480000,188560000,155,80
2357,188560000,188640000,3095,865
2358,188640000,188720000,7825,2019
2359,188720000,188800000,126,73
2360,188800000,188880000,134,72
2361,188880000,188960000,125,72
2362,188960000,189040000,184,96
2363,189040000,189120000,8060,2100
2364,189120000,189200000,2848,778
2365,189200000,189280000,125,72
2366,189280000,189360000,128,72
2367,189360000,189440000,143,80
2368,189440000,189520000,3137,865
2369,189520000,189600000,7973,2021
2370,189600000,189680000,129,73
2371,189680000,189760000,125,72
2372,189760000,189840000,131,72
2373,189840000,189920000,175,96
2374,189920000,190000000,8265,2096
2375,190000000,190080000,2931,778
2376,190080000,190160000,134,72
2377,190160000,190240000,125,72
2378,190240000,190320000,154,80
2379,190320000,190400000,3138,861
2380,190400000,190480000,7932,2020
2381,190480000,190560000,125,72
2382,190560000,190640000,128,72
2383,190640000,190720000,125,72
2384,190720000,190800000,176,92
2385,190800000,190880000,8235,2098
2386,190880000,190960000,2874,774
2387,190960000,191040000,125,72
2388,191040000,191120000,131,72
2389,191120000,191200000,149,80
2390,191200000,191280000,3137,861
2391,191280000,191360000,8092,2021
2392,191360000,191440000,134,72
2393,191440000,191520000,125,72
2394,191520000,191600000,128,72
2395,191600000,191680000,172,92
2396,191680000,191760000,8524,2096
2397,191760000,191840000,2920,774
2398,191840000,191920000,128,72
2399,191920000,192000000,125,72
2400,192000000,192080000,166,80
2401,192080000,192160000,3073,861
2402,192160000,192240000,7940,2019
2403,192240000,192320000,126,73
2404,192320000,192400000,131,72
2405,192400000,192480000,125,72
2406,192480000,192560000,178,95
2407,192560000,192640000,7881,2057
2408,192640000,192720000,2837,777
2409,192720000,192800000,125,72
2410,192800000,192880000,128,72
2411,192880000,192960000,147,80
2412,192960000,193040000,2998,865
2413,193040000,193120000,7867,2021
2414,193120000,193200000,129,73
2415,193200000,193280000,125,72
2416,193280000,193360000,137,72
2417,193360000,193440000,181,96
2418,193440000,193520000,8148,2096
2419,193520000,193600000,2895,778
2420,193600000,193680000,131,72
2421,193680000,193760000,125,72
2422,193760000,193840000,158,80
2423,193840000,193920000,3082,865
2424,193920000,194000000,7923,2020
2425,194000000,194080000,125,72
2426,194080000,194160000,128,72
2427,194160000,194240000,125,72
2428,194240000,194320000,183,96
2429,194320000,194400000,8141,2098
2430,194400000,194480000,2911,774
2431,194480000,194560000,125,72
2432,194560000,194640000,146,72
2433,194640000,194720000,151,80
2434,194720000,194800000,3171,865
2435,194800000,194880000,8176,2021
2436,194880000,194960000,131,72
2437,194960000,195040000,125,72
2438,195040000,195120000,128,72
2439,195120000,195200000,183,96
2440,195200000,195280000,8333,2096
2441,195280000,195360000,2910,774
2442,195360000,195440000,128,72
2443,195440000,195520000,125,72
2444,195520000,195600000,159,80
2445,195600000,195680000,3069,865
2446,195680000,195760000,7951,2019
2447,195760000,195840000,126,73
2448,195840000,195920000,137,72
2449,195920000,196000000,125,72
2450,196000000,196080000,186,96
2451,196080000,196160000,8251,2100
2452,196160000,196240000,2928,778
2453,196240000,196320000,125,72
2454,196320000,196400000,128,72
2455,196400000,196480000,151,80
2456,196480000,196560000,3132,865
2457,196560000,196640000,8096,2021
2458,196640000,196720000,129,73
2459,196720000,196800000,125,72
2460,196800000,196880000,131,72
2461,196880000,196960000,191,96
2462,196960000,197040000,8489,2096
2463,197040000,197120000,2967,778
2464,197120000,197200000,140,72
2465,197200000,197280000,125,72
2466,197280000,197360000,162,80
2467,197360000,197440000,3167,865
2468,197440000,197520000,7982,2020
2469,197520000,197600000,125,72
2470,197600000,197680000,128,72
2471,197680000,197760000,125,72
2472,197760000,197840000,191,100
2473,197840000,197920000,8198,2098
2474,197920000,198000000,2916,774
2475,198000000,198080000,125,72
2476,198080000,198160000,131,72
2477,198160000,198240000,147,80
2478,198240000,198320000,3225,869
2479,198320000,198400000,8149,2021
2480,198400000,198480000,137,72
2481,198480000,198560000,125,72
2482,198560000,198640000,128,72
2483,198640000,198720000,194,100
2484,198720000,198800000,8424,2096
2485,198800000,198880000,2960,774
2486,198880000,198960000,128,72
2487,198960000,199040000,125,72
2488,199040000,199120000,154,80
2489,199120000,199200000,3181,869
2490,199200000,199280000,8061,2019
2491,199280000,199360000,126,73
2492,199360000,199440000,131,72
2493,199440000,199520000,125,72
2494,199520000,199600000,189,100
2495,199600000,199680000,8229,2102
2496,199680000,199760000,2941,778
2497,199760000,199840000,125,72
2498,199840000,199920000,128,72
2499,199920000,200000000,139,79
2500,200000000,200080000,3048,837
2501,200080000,200160000,7971,1993
2502,200160000,200240000,129,73
2503,200240000,200320000,125,72
2504,200320000,200400000,134,72
2505,200400000,200480000,151,88
2506,200480000,200560000,8408,2096
2507,200560000,200640000,2954,778
2508,200640000,200720000,131,72
2509,200720000,200800000,125,72
2510,200800000,200880000,150,80
2511,200880000,200960000,3181,857
2512,200960000,201040000,8049,2020
2513,201040000,201120000,125,72
2514,201120000,201200000,128,72
2515,201200000,201280000,125,72
2516,201280000,201360000,161,88
2517,201360000,201440000,8413,2098
2518,201440000,201520000,2911,772
2519,201520000,201600000,125,72
2520,201600000,201680000,134,72
2521,201680000,201760000,147,80
2522,201760000,201840000,3216,857
2523,201840000,201920000,8267,2021
2524,201920000,202000000,131,72
2525,202000000,202080000,125,72
2526,202080000,202160000,128,72
2527,202160000,202240000,159,88
2528,202240000,202320000,8678,2096
2529,202320000,202400000,2969,774
2530,202400000,202480000,128,72
2531,202480000,202560000,125,72
2532,202560000,202640000,151,80
2533,202640000,202720000,3172,861
2534,202720000,202800000,8036,2019
2535,202800000,202880000,126,73
2536,202880000,202960000,134,72
2537,202960000,203040000,125,72
2538,203040000,203120000,163,92
2539,203120000,203200000,8305,2100
2540,203200000,203280000,2945,778
2541,203280000,203360000,125,72
2542,203360000,203440000,128,72
2543,203440000,203520000,145,80
2544,203520000,203600000,3283,861
2545,203600000,203680000,8209,2021
2546,203680000,203760000,129,73
2547,203760000,203840000,125,72
2548,203840000,203920000,131,72
2549,203920000,204000000,168,92
2550,204000000,204080000,8626,2096
2551,204080000,204160000,2982,778
2552,204160000,204240000,134,72
2553,204240000,204320000,125,72
2554,204320000,204400000,156,80
2555,204400000,204480000,3351,861
2556,204480000,204560000,8243,2020
2557,204560000,204640000,125,72
2558,204640000,204720000,128,72
2559,204720000,204800000,125,72
2560,204800000,204880000,189,92
2561,204880000,204960000,8504,2098
2562,204960000,205040000,2954,774
2563,205040000,205120000,125,72
2564,205120000,205200000,131,72
2565,205200000,205280000,147,80
2566,205280000,205360000,3288,861
2567,205360000,205440000,8347,2021
2568,205440000,205520000,134,72
2569,205520000,205600000,125,72
2570,205600000,205680000,128,72
2571,205680000,205760000,170,92
2572,205760000,205840000,8781,2096
2573,205840000,205920000,2984,774
2574,205920000,206000000,128,72
2575,206000000,206080000,125,72
2576,206080000,206160000,163,80
2577,206160000,206240000,3075,861
2578,206240000,206320000,8094,2019
2579,206320000,206400000,126,73
2580,206400000,206480000,131,72
2581,206480000,206560000,125,72
2582,206560000,206640000,173,92
2583,206640000,206720000,8151,2106
2584,206720000,206800000,2851,778
2585,206800000,206880000,125,72
2586,206880000,206960000,128,72
2587,206960000,207040000,143,80
2588,207040000,207120000,2997,861
2589,207120000,207200000,7889,2024
2590,207200000,207280000,129,73
2591,207280000,207360000,125,72
2592,207360000,207440000,140,72
2593,207440000,207520000,171,95
2594,207520000,207600000,8062,2049
2595,207600000,207680000,2878,777
2596,207680000,207760000,131,72
2597,207760000,207840000,125,72
2598,207840000,207920000,154,80
2599,207920000,208000000,3074,865
2600,208000000,208080000,7893,2018
2601,208080000,208160000,125,72
2602,208160000,208240000,128,72
2603,208240000,208320000,125,72
2604,208320000,208400000,183,96
2605,208400000,208480000,8139,2098
2606,208480000,208560000,2875,774
2607,208560000,208640000,125,72
2608,208640000,208720000,137,72
2609,208720000,208800000,151,80
2610,208800000,208880000,3119,865
2611,208880000,208960000,8106,2021
2612,208960000,209040000,131,72
2613,209040000,209120000,125,72
2614,209120000,209200000,128,72
2615,209200000,209280000,185,96
2616,209280000,209360000,8342,2096
2617,209360000,209440000,2902,774
2618,209440000,209520000,128,72
2619,209520000,209600000,125,72
2620,209600000,209680000,153,80
2621,209680000,209760000,3163,865
2622,209760000,209840000,8030,2019
2623,209840000,209920000,126,73
2624,209920000,210000000,143,72
2625,210000000,210080000,125,72
2626,210080000,210160000,167,92
2627,210160000,210240000,8158,2100
2628,210240000,210320000,2917,778
2629,210320000,210400000,125,72
2630,210400000,210480000,128,72
2631,210480000,210560000,147,80
2632,210560000,210640000,3103,861
2633,210640000,210720000,8084,2021
2634,210720000,210800000,129,73
2635,210800000,210880000,125,72
2636,210880000,210960000,131,72
2637,210960000,211040000,170,92
2638,211040000,211120000,8513,2096
2639,211120000,211200000,2976,778
2640,211200000,211280000,137,72
2641,211280000,211360000,125,72
2642,211360000,211440000,158,80
2643,211440000,211520000,3208,861
2644,211520000,211600000,8047,2020
2645,211600000,211680000,125,72
2646,211680000,211760000,128,72
2647,211760000,211840000,125,72
2648,211840000,211920000,175,92
2649,211920000,212000000,8372,2098
2650,212000000,212080000,2898,774
2651,212080000,212160000,125,72
2652,212160000,212240000,131,72
2653,212240000,212320000,149,80
2654,212320000,212400000,3169,861
2655,212400000,212480000,8152,2021
2656,212480000,212560000,140,72
2657,212560000,212640000,125,72
2658,212640000,212720000,128,72
2659,212720000,212800000,179,96
2660,212800000,212880000,8522,2096
2661,212880000,212960000,2949,774
2662,212960000,213040000,128,72
2663,213040000,213120000,125,72
2664,213120000,213200000,162,80
2665,213200000,213280000,3158,865
2666,213280000,213360000,8093,2019
2667,213360000,213440000,126,73
2668,213440000,213520000,131,72
2669,213520000,213600000,125,72
2670,213600000,213680000,184,96
2671,213680000,213760000,8215,2102
2672,213760000,213840000,2940,778
2673,213840000,213920000,125,72
2674,213920000,214000000,128,72
2675,214000000,214080000,147,80
2676,214080000,214160000,3158,865
2677,214160000,214240000,8180,2022
2678,214240000,214320000,129,73
2679,214320000,214400000,125,72
2680,214400000,214480000,134,72
2681,214480000,214560000,185,96
2682,214560000,214640000,8499,2096
2683,214640000,214720000,3004,778
2684,214720000,214800000,131,72
2685,214800000,214880000,125,72
2686,214880000,214960000,158,80
2687,214960000,215040000,3155,844
2688,215040000,215120000,8134,1991
2689,215120000,215200000,125,72
2690,215200000,215280000,128,72
2691,215280000,215360000,125,72
2692,215360000,215440000,185,96
2693,215440000,215520000,8487,2098
2694,215520000,215600000,2979,774
2695,215600000,215680000,125,72
2696,215680000,215760000,134,72
2697,215760000,215840000,155,80
2698,215840000,215920000,3274,865
2699,215920000,216000000,8346,2021
2700,216000000,216080000,131,72
2701,216080000,216160000,125,72
2702,216160000,216240000,128,72
2703,216240000,216320000,193,96
2704,216320000,216400000,8625,2096
2705,216400000,216480000,2950,772
2706,216480000,216560000,128,72
2707,216560000,216640000,125,72
2708,216640000,216720000,155,80
2709,216720000,216800000,3210,865
2710,216800000,216880000,8087,2019
2711,216880000,216960000,126,73
2712,216960000,217040000,134,72
2713,217040000,217120000,125,72
2714,217120000,217200000,184,96
2715,217200000,217280000,8482,2100
2716,217280000,217360000,2962,778
2717,217360000,217440000,125,72
2718,217440000,217520000,128,72
2719,217520000,217600000,149,80
2720,217600000,217680000,3244,869
2721,217680000,217760000,8171,2021
2722,217760000,217840000,129,73
2723,217840000,217920000,125,72
2724,217920000,218000000,131,72
2725,218000000,218080000,194,100
2726,218080000,218160000,8567,2096
2727,218160000,218240000,3012,778
2728,218240000,218320000,134,72
2729,218320000,218400000,125,72
2730,218400000,218480000,160,80
2731,218480000,218560000,3371,869
2732,218560000,218640000,8234,2020
2733,218640000,218720000,125,72
2734,218720000,218800000,128,72
2735,218800000,218880000,125,72
2736,218880000,218960000,200,100
2737,218960000,219040000,8585,2098
2738,219040000,219120000,2914,774
2739,219120000,219200000,125,72
2740,219200000,219280000,131,72
2741,219280000,219360000,147,80
2742,219360000,219440000,3366,869
2743,219440000,219520000,8387,2021
2744,219520000,219600000,134,72
2745,219600000,219680000,125,72
2746,219680000,219760000,128,72
2747,219760000,219840000,190,100
2748,219840000,219920000,8738,2096
2749,219920000,220000000,2980,774
2750,220000000,220080000,128,72
2751,220080000,220160000,125,72
2752,220160000,220240000,176,84
2753,220240000,220320000,3147,857
2754,220320000,220400000,8153,2019
2755,220400000,220480000,126,73
2756,220480000,220560000,131,72
2757,220560000,220640000,125,72
2758,220640000,220720000,173,92
2759,220720000,220800000,8305,2104
2760,220800000,220880000,2912,778
2761,220880000,220960000,125,72
2762,220960000,221040000,128,72
2763,221040000,221120000,152,84
2764,221120000,221200000,3075,857
2765,221200000,221280000,8098,2023
2766,221280000,221360000,129,73
2767,221360000,221440000,125,72
2768,221440000,221520000,137,72
2769,221520000,221600000,168,92
2770,221600000,221680000,8533,2096
2771,221680000,221760000,2970,778
2772,221760000,221840000,131,72
2773,221840000,221920000,125,72
2774,221920000,222000000,167,84
2775,222000000,222080000,3229,857
2776,222080000,222160000,8174,2020
2777,222160000,222240000,125,72
2778,222240000,222320000,128,72
2779,222320000,222400000,125,72
2780,222400000,222480000,179,95
2781,222480000,222560000,8375,2051
2782,222560000,222640000,2955,773
2783,222640000,222720000,125,72
2784,222720000,222800000,140,72
2785,222800000,222880000,162,84
2786,222880000,222960000,3267,861
2787,222960000,223040000,8365,2019
2788,223040000,223120000,131,72
2789,223120000,223200000,125,72
2790,223200000,223280000,128,72
2791,223280000,223360000,187,96
2792,223360000,223440000,8696,2096
2793,223440000,223520000,2960,774
2794,223520000,223600000,128,72
2795,223600000,223680000,125,72
2796,223680000,223760000,168,84
2797,223760000,223840000,3245,861
2798,223840000,223920000,8223,2019
2799,223920000,224000000,126,73
2800,224000000,224080000,137,72
2801,224080000,224160000,125,72
2802,224160000,224240000,184,96
2803,224240000,224320000,8517,2100
2804,224320000,224400000,2978,778
2805,224400000,224480000,125,72
2806,224480000,224560000,128,72
2807,224560000,224640000,158,84
2808,224640000,224720000,3326,861
2809,224720000,224800000,8387,2021
2810,224800000,224880000,129,73
2811,224880000,224960000,125,72
2812,224960000,225040000,131,72
2813,225040000,225120000,183,96
2814,225120000,225200000,8739,2096
2815,225200000,225280000,3017,778
2816,225280000,225360000,149,72
2817,225360000,225440000,125,72
2818,225440000,225520000,173,84
2819,225520000,225600000,3307,861
2820,225600000,225680000,8070,2020
2821,225680000,225760000,125,72
2822,225760000,225840000,128,72
2823,225840000,225920000,125,72
2824,225920000,226000000,186,96
2825,226000000,226080000,8384,2098
2826,226080000,226160000,2923,774
2827,226160000,226240000,125,72
2828,226240000,226320000,131,72
2829,226320000,226400000,162,84
2830,226400000,226480000,3274,861
2831,226480000,226560000,8147,2021
2832,226560000,226640000,137,72
2833,226640000,226720000,125,72
2834,226720000,226800000,128,72
2835,226800000,226880000,191,96
2836,226880000,226960000,8610,2096
2837,226960000,227040000,2965,774
2838,227040000,227120000,128,72
2839,227120000,227200000,125,72
2840,227200000,227280000,175,84
2841,227280000,227360000,3188,861
2842,227360000,227440000,7991,2019
2843,227440000,227520000,126,73
2844,227520000,227600000,131,72
2845,227600000,227680000,125,72
2846,227680000,227760000,197,100
2847,227760000,227840000,8225,2102
2848,227840000,227920000,2936,778
2849,227920000,228000000,125,72
2850,228000000,228080000,128,72
2851,228080000,228160000,158,84
2852,228160000,228240000,3221,865
2853,228240000,228320000,8039,2022
2854,228320000,228400000,129,73
2855,228400000,228480000,125,72
2856,228480000,228560000,134,72
2857,228560000,228640000,194,100
2858,228640000,228720000,8419,2096
2859,228720000,228800000,2957,778
2860,228800000,228880000,131,72
2861,228880000,228960000,125,72
2862,228960000,229040000,173,84
2863,229040000,229120000,3326,865
2864,229120000,229200000,8128,2020
2865,229200000,229280000,125,72
2866,229280000,229360000,128,72
2867,229360000,229440000,125,72
2868,229440000,229520000,198,100
2869,229520000,229600000,8538,2098
2870,229600000,229680000,2958,774
2871,229680000,229760000,125,72
2872,229760000,229840000,134,72
2873,229840000,229920000,164,84
2874,229920000,230000000,3276,840
2875,230000000,230080000,8238,1992
2876,230080000,230160000,131,72
2877,230160000,230240000,125,72
2878,230240000,230320000,128,72
2879,230320000,230400000,189,96
2880,230400000,230480000,8701,2096
2881,230480000,230560000,2999,774
2882,230560000,230640000,128,72
2883,230640000,230720000,125,72
2884,230720000,230800000,170,84
2885,230800000,230880000,3291,861
2886,230880000,230960000,8081,2019
2887,230960000,231040000,126,73
2888,231040000,231120000,134,72
2889,231120000,231200000,125,72
2890,231200000,231280000,190,96
2891,231280000,231360000,8482,2100
2892,231360000,231440000,2950,776
2893,231440000,231520000,125,72
2894,231520000,231600000,128,72
2895,231600000,231680000,162,84
2896,231680000,231760000,3318,861
2897,231760000,231840000,8218,2021
2898,231840000,231920000,129,73
2899,231920000,232000000,125,72
2900,232000000,232080000,131,72
2901,232080000,232160000,191,96
2902,232160000,232240000,8812,2096
2903,232240000,232320000,3021,778
2904,232320000,232400000,134,72
2905,232400000,232480000,125,72
2906,232480000,232560000,177,84
2907,232560000,232640000,3387,865
2908,232640000,232720000,8186,2020
2909,232720000,232800000,125,72
2910,232800000,232880000,128,72
2911,232880000,232960000,125,72
2912,232960000,233040000,205,100
2913,233040000,233120000,8594,2098
2914,233120000,233200000,2962,774
2915,233200000,233280000,125,72
2916,233280000,233360000,131,72
2917,233360000,233440000,168,84
2918,233440000,233520000,3430,865
2919,233520000,233600000,8392,2021
2920,233600000,233680000,134,72
2921,233680000,233760000,125,72
2922,233760000,233840000,128,72
2923,233840000,233920000,208,100
2924,233920000,234000000,8849,2096
2925,234000000,234080000,2944,774
2926,234080000,234160000,128,72
2927,234160000,234240000,125,72
2928,234240000,234320000,182,84
2929,234320000,234400000,3083,865
2930,234400000,234480000,7997,2019
2931,234480000,234560000,126,73
2932,234560000,234640000,131,72
2933,234640000,234720000,125,72
2934,234720000,234800000,203,100
2935,234800000,234880000,7849,2110
2936,234880000,234960000,2794,778
2937,234960000,235040000,125,72
2938,235040000,235120000,128,72
2939,235120000,235200000,154,84
2940,235200000,235280000,2854,865
2941,235280000,235360000,7761,2026
2942,235360000,235440000,129,73
2943,235440000,235520000,125,72
2944,235520000,235600000,146,72
2945,235600000,235680000,194,100
2946,235680000,235760000,8005,2096
2947,235760000,235840000,2841,778
2948,235840000,235920000,131,72
2949,235920000,236000000,125,72
2950,236000000,236080000,169,84
2951,236080000,236160000,2935,865
2952,236160000,236240000,7754,2020
2953,236240000,236320000,125,72
2954,236320000,236400000,128,72
2955,236400000,236480000,125,72
2956,236480000,236560000,198,100
2957,236560000,236640000,8048,2098
2958,236640000,236720000,2828,774
2959,236720000,236800000,125,72
2960,236800000,236880000,137,72
2961,236880000,236960000,164,84
2962,236960000,237040000,3032,865
2963,237040000,237120000,7987,2021
2964,237120000,237200000,131,72
2965,237200000,237280000,125,72
2966,237280000,237360000,128,72
2967,237360000,237440000,209,103
2968,237440000,237520000,8100,2049
2969,237520000,237600000,2808,773
2970,237600000,237680000,128,72
2971,237680000,237760000,125,72
2972,237760000,237840000,164,84
2973,237840000,237920000,3007,869
2974,237920000,238000000,7837,2017
2975,238000000,238080000,126,73
2976,238080000,238160000,140,72
2977,238160000,238240000,125,72
2978,238240000,238320000,206,104
2979,238320000,238400000,8021,2100
2980,238400000,238480000,2842,778
2981,238480000,238560000,125,72
2982,238560000,238640000,128,72
2983,238640000,238720000,152,84
2984,238720000,238800000,3038,869
2985,238800000,238880000,7979,2021
2986,238880000,238960000,129,73
2987,238960000,239040000,125,72
2988,239040000,239120000,131,72
2989,239120000,239200000,205,104
2990,239200000,239280000,8258,2096
2991,239280000,239360000,2901,778
2992,239360000,239440000,137,72
2993,239440000,239520000,125,72
2994,239520000,239600000,167,84
2995,239600000,239680000,3175,869
2996,239680000,239760000,7971,2020
2997,239760000,239840000,125,72
2998,239840000,239920000,128,72
2999,239920000,240000000,125,72
3000,240000000,240080000,158,88
3001,240080000,240160000,8104,2098
3002,240160000,240240000,2831,774
3003,240240000,240320000,125,72
3004,240320000,240400000,131,72
3005,240400000,240480000,143,80
3006,240480000,240560000,3067,857
3007,240560000,240640000,8042,2021
3008,240640000,240720000,143,72
3009,240720000,240800000,125,72
3010,240800000,240880000,128,72
3011,240880000,240960000,155,88
3012,240960000,241040000,8446,2096
3013,241040000,241120000,2895,774
3014,241120000,241200000,128,72
3015,241200000,241280000,125,72
3016,241280000,241360000,156,80
3017,241360000,241440000,3028,857
3018,241440000,241520000,7946,2019
3019,241520000,241600000,126,73
3020,241600000,241680000,131,72
3021,241680000,241760000,125,72
3022,241760000,241840000,160,88
3023,241840000,241920000,8137,2102
3024,241920000,242000000,2858,778
3025,242000000,242080000,125,72
3026,242080000,242160000,128,72
3027,242160000,242240000,143,80
3028,242240000,242320000,2993,857
3029,242320000,242400000,7935,2022
3030,242400000,242480000,129,73
3031,242480000,242560000,125,72
3032,242560000,242640000,134,72
3033,242640000,242720000,162,92
3034,242720000,242800000,8251,2096
3035,242800000,242880000,2895,778
3036,242880000,242960000,131,72
3037,242960000,243040000,125,72
3038,243040000,243120000,154,80
3039,243120000,243200000,3103,861
3040,243200000,243280000,8010,2020
3041,243280000,243360000,125,72
3042,243360000,243440000,128,72
3043,243440000,243520000,125,72
3044,243520000,243600000,170,92
3045,243600000,243680000,8254,2098
3046,243680000,243760000,2864,774
3047,243760000,243840000,125,72
3048,243840000,243920000,134,72
3049,243920000,244000000,151,80
3050,244000000,244080000,3170,861
3051,244080000,244160000,8245,2021
3052,244160000,244240000,131,72
3053,244240000,244320000,125,72
3054,244320000,244400000,128,72
3055,244400000,244480000,174,92
3056,244480000,244560000,8446,2096
3057,244560000,244640000,2894,774
3058,244640000,244720000,128,72
3059,244720000,244800000,125,72
3060,244800000,244880000,151,80
3061,244880000,244960000,3009,840
3062,244960000,245040000,7834,1990
3063,245040000,245120000,126,73
3064,245120000,245200000,134,72
3065,245200000,245280000,125,72
3066,245280000,245360000,165,92
3067,245360000,245440000,8136,2100
3068,245440000,245520000,2893,778
3069,245520000,245600000,125,72
3070,245600000,245680000,128,72
3071,245680000,245760000,145,80
3072,245760000,245840000,3140,861
3073,245840000,245920000,7991,2021
3074,245920000,246000000,129,73
3075,246000000,246080000,125,72
3076,246080000,246160000,131,72
3077,246160000,246240000,170,92
3078,246240000,246320000,8378,2096
3079,246320000,246400000,2918,776
3080,246400000,246480000,134,72
3081,246480000,246560000,125,72
3082,246560000,246640000,156,80
3083,246640000,246720000,3186,861
3084,246720000,246800000,8020,2020
3085,246800000,246880000,125,72
3086,246880000,246960000,128,72
3087,246960000,247040000,125,72
3088,247040000,247120000,178,92
3089,247120000,247200000,8429,2098
3090,247200000,247280000,2878,774
3091,247280000,247360000,125,72
3092,247360000,247440000,131,72
3093,247440000,247520000,149,80
3094,247520000,247600000,3186,865
3095,247600000,247680000,8131,2021
3096,247680000,247760000,134,72
3097,247760000,247840000,125,72
3098,247840000,247920000,128,72
3099,247920000,248000000,179,96
3100,248000000,248080000,8486,2096
3101,248080000,248160000,2913,774
3102,248160000,248240000,128,72
3103,248240000,248320000,125,72
3104,248320000,248400000,168,80
3105,248400000,248480000,3102,865
3106,248480000,248560000,7977,2019
3107,248560000,248640000,126,73
3108,248640000,248720000,131,72
3109,248720000,248800000,125,72
3110,248800000,248880000,188,96
3111,248880000,248960000,8075,2104
3112,248960000,249040000,2813,778
3113,249040000,249120000,125,72
3114,249120000,249200000,128,72
3115,249200000,249280000,143,80
3116,249280000,249360000,3032,865
3117,249360000,249440000,7950,2023
3118,249440000,249520000,129,73
3119,249520000,249600000,125,72
3120,249600000,249680000,137,72
3121,249680000,249760000,175,96
3122,249760000,249840000,8191,2096
3123,249840000,249920000,2893,778
3124,249920000,250000000,131,72
3125,250000000,250080000,125,72
3126,250080000,250160000,154,80
3127,250160000,250240000,3049,861
3128,250240000,250320000,7941,2020
3129,250320000,250400000,125,72
3130,250400000,250480000,128,72
3131,250480000,250560000,125,72
3132,250560000,250640000,172,92
3133,250640000,250720000,8219,2098
3134,250720000,250800000,2892,774
3135,250800000,250880000,125,72
3136,250880000,250960000,143,72
3137,250960000,251040000,151,80
3138,251040000,251120000,3088,861
3139,251120000,251200000,8150,2021
3140,251200000,251280000,131,72
3141,251280000,251360000,125,72
3142,251360000,251440000,128,72
3143,251440000,251520000,174,92
3144,251520000,251600000,8501,2096
3145,251600000,251680000,2903,774
3146,251680000,251760000,128,72
3147,251760000,251840000,125,72
3148,251840000,251920000,157,80
3149,251920000,252000000,3142,861
3150,252000000,252080000,8034,2019
3151,252080000,252160000,126,73
3152,252160000,252240000,137,72
3153,252240000,252320000,125,72
3154,252320000,252400000,178,95
3155,252400000,252480000,8174,2053
3156,252480000,252560000,2890,777
3157,252560000,252640000,125,72
3158,252640000,252720000,128,72
3159,252720000,252800000,151,80
3160,252800000,252880000,3166,865
3161,252880000,252960000,8142,2019
3162,252960000,253040000,129,73
3163,253040000,253120000,125,72
3164,253120000,253200000,131,72
3165,253200000,253280000,185,96
3166,253280000,253360000,8528,2096
3167,253360000,253440000,2949,778
3168,253440000,253520000,140,72
3169,253520000,253600000,125,72
3170,253600000,253680000,162,80
3171,253680000,253760000,3239,865
3172,253760000,253840000,8081,2020
3173,253840000,253920000,125,72
3174,253920000,254000000,128,72
3175,254000000,254080000,125,72
3176,254080000,254160000,182,96
3177,254160000,254240000,8311,2098
3178,254240000,254320000,2915,774
3179,254320000,254400000,125,72
3180,254400000,254480000,131,72
3181,254480000,254560000,147,80
3182,254560000,254640000,3268,865
3183,254640000,254720000,8258,2021
3184,254720000,254800000,137,72
3185,254800000,254880000,125,72
3186,254880000,254960000,128,72
3187,254960000,255040000,179,96
3188,255040000,255120000,8524,2096
3189,255120000,255200000,2957,774
3190,255200000,255280000,128,72
3191,255280000,255360000,125,72
3192,255360000,255440000,160,80
3193,255440000,255520000,3118,865
3194,255520000,255600000,8042,2019
3195,255600000,255680000,126,73
3196,255680000,255760000,131,72
3197,255760000,255840000,125,72
3198,255840000,255920000,184,96
3199,255920000,256000000,8305,2102
3200,256000000,256080000,2931,778
3201,256080000,256160000,125,72
3202,256160000,256240000,128,72
3203,256240000,256320000,147,80
3204,256320000,256400000,3128,865
3205,256400000,256480000,8069,2022
3206,256480000,256560000,129,73
3207,256560000,256640000,125,72
3208,256640000,256720000,134,72
3209,256720000,256800000,187,96
3210,256800000,256880000,8499,2096
3211,256880000,256960000,2932,778
3212,256960000,257040000,131,72
3213,257040000,257120000,125,72
3214,257120000,257200000,158,80
3215,257200000,257280000,3173,865
3216,257280000,257360000,8066,2020
3217,257360000,257440000,125,72
3218,257440000,257520000,128,72
3219,257520000,257600000,125,72
3220,257600000,257680000,196,100
3221,257680000,257760000,8426,2098
3222,257760000,257840000,2912,774
3223,257840000,257920000,125,72
3224,257920000,258000000,134,72
3225,258000000,258080000,155,80
3226,258080000,258160000,3291,869
3227,258160000,258240000,8305,2021
3228,258240000,258320000,131,72
3229,258320000,258400000,125,72
3230,258400000,258480000,128,72
3231,258480000,258560000,202,100
3232,258560000,258640000,8601,2096
3233,258640000,258720000,2946,774
3234,258720000,258800000,128,72
3235,258800000,258880000,125,72
3236,258880000,258960000,153,80
3237,258960000,259040000,3276,869
3238,259040000,259120000,8164,2019
3239,259120000,259200000,126,73
3240,259200000,259280000,134,72
3241,259280000,259360000,125,72
3242,259360000,259440000,191,100
3243,259440000,259520000,8499,2100
3244,259520000,259600000,2943,778
3245,259600000,259680000,125,72
3246,259680000,259760000,128,72
3247,259760000,259840000,152,83
3248,259840000,259920000,3200,837
3249,259920000,260000000,8188,1992
3250,260000000,260080000,129,73
3251,260080000,260160000,125,72
3252,260160000,260240000,131,72
3253,260240000,260320000,168,92
3254,260320000,260400000,8724,2096
3255,260400000,260480000,2998,778
3256,260480000,260560000,134,72
3257,260560000,260640000,125,72
3258,260640000,260720000,167,84
3259,260720000,260800000,3324,857
3260,260800000,260880000,8228,2020
3261,260880000,260960000,125,72
3262,260960000,261040000,128,72
3263,261040000,261120000,125,72
3264,261120000,261200000,186,92
3265,261200000,261280000,8663,2098
3266,261280000,261360000,2906,772
3267,261360000,261440000,125,72
3268,261440000,261520000,131,72
3269,261520000,261600000,160,84
3270,261600000,261680000,3307,857
3271,261680000,261760000,8390,2021
3272,261760000,261840000,134,72
3273,261840000,261920000,125,72
3274,261920000,262000000,128,72
3275,262000000,262080000,176,92
3276,262080000,262160000,8947,2096
3277,262160000,262240000,2960,774
3278,262240000,262320000,128,72
3279,262320000,262400000,125,72
3280,262400000,262480000,176,84
3281,262480000,262560000,3095,861
3282,262560000,262640000,8139,2019
3283,262640000,262720000,126,73
3284,262720000,262800000,131,72
3285,262800000,262880000,125,72
3286,262880000,262960000,184,96
3287,262960000,263040000,8053,2106
3288,263040000,263120000,2809,778
3289,263120000,263200000,125,72
3290,263200000,263280000,128,72
3291,263280000,263360000,154,84
3292,263360000,263440000,3018,861
3293,263440000,263520000,7851,2024
3294,263520000,263600000,129,73
3295,263600000,263680000,125,72
3296,263680000,263760000,140,72
3297,263760000,263840000,181,96
3298,263840000,263920000,8154,2096
3299,263920000,264000000,2836,778
3300,264000000,264080000,131,72
3301,264080000,264160000,125,72
3302,264160000,264240000,169,84
3303,264240000,264320000,3099,861
3304,264320000,264400000,7896,2020
3305,264400000,264480000,125,72
3306,264480000,264560000,128,72
3307,264560000,264640000,125,72
3308,264640000,264720000,183,96
3309,264720000,264800000,8080,2098
3310,264800000,264880000,2855,774
3311,264880000,264960000,125,72
3312,264960000,265040000,137,72
3313,265040000,265120000,162,84
3314,265120000,265200000,3088,861
3315,265200000,265280000,8047,2021
3316,265280000,265360000,131,72
3317,265360000,265440000,125,72
3318,265440000,265520000,128,72
3319,265520000,265600000,189,96
3320,265600000,265680000,8366,2096
3321,265680000,265760000,2866,774
3322,265760000,265840000,128,72
3323,265840000,265920000,125,72
3324,265920000,266000000,170,84
3325,266000000,266080000,3062,861
3326,266080000,266160000,7927,2019
3327,266160000,266240000,126,73
3328,266240000,266320000,149,72
3329,266320000,266400000,125,72
3330,266400000,266480000,188,96
3331,266480000,266560000,8272,2100
3332,266560000,266640000,2896,778
3333,266640000,266720000,125,72
3334,266720000,266800000,128,72
3335,266800000,266880000,162,84
3336,266880000,266960000,3149,861
3337,266960000,267040000,8089,2021
3338,267040000,267120000,129,73
3339,267120000,267200000,125,72
3340,267200000,267280000,131,72
3341,267280000,267360000,194,99
3342,267360000,267440000,8358,2049
3343,267440000,267520000,2928,777
3344,267520000,267600000,137,72
3345,267600000,267680000,125,72
3346,267680000,267760000,177,84
3347,267760000,267840000,3215,865
3348,267840000,267920000,8017,2018
3349,267920000,268000000,125,72
3350,268000000,268080000,128,72
3351,268080000,268160000,125,72
3352,268160000,268240000,199,100
3353,268240000,268320000,8309,2098
3354,268320000,268400000,2866,774
3355,268400000,268480000,125,72
3356,268480000,268560000,131,72
3357,268560000,268640000,164,84
3358,268640000,268720000,3216,865
3359,268720000,268800000,8177,2021
3360,268800000,268880000,140,72
3361,268880000,268960000,125,72
3362,268960000,269040000,128,72
3363,269040000,269120000,202,100
3364,269120000,269200000,8533,2096
3365,269200000,269280000,2936,774
3366,269280000,269360000,128,72
3367,269360000,269440000,125,72
3368,269440000,269520000,173,84
3369,269520000,269600000,3217,865
3370,269600000,269680000,8128,2019
3371,269680000,269760000,126,73
3372,269760000,269840000,131,72
3373,269840000,269920000,125,72
3374,269920000,270000000,186,96
3375,270000000,270080000,8213,2102
3376,270080000,270160000,2920,778
3377,270160000,270240000,125,72
3378,270240000,270320000,128,72
3379,270320000,270400000,160,84
3380,270400000,270480000,3099,861
3381,270480000,270560000,8088,2022
3382,270560000,270640000,129,73
3383,270640000,270720000,125,72
3384,270720000,270800000,134,72
3385,270800000,270880000,187,96
3386,270880000,270960000,8521,2096
3387,270960000,271040000,2976,778
3388,271040000,271120000,131,72
3389,271120000,271200000,125,72
3390,271200000,271280000,175,84
3391,271280000,271360000,3212,861
3392,271360000,271440000,8149,2020
3393,271440000,271520000,125,72
3394,271520000,271600000,128,72
3395,271600000,271680000,125,72
3396,271680000,271760000,193,96
3397,271760000,271840000,8524,2098
3398,271840000,271920000,2933,774
3399,271920000,272000000,125,72
3400,272000000,272080000,134,72
3401,272080000,272160000,170,84
3402,272160000,272240000,3217,861
3403,272240000,272320000,8287,2021
3404,272320000,272400000,131,72
3405,272400000,272480000,125,72
3406,272480000,272560000,128,72
3407,272560000,272640000,204,100
3408,272640000,272720000,8584,2096
3409,272720000,272800000,2927,774
3410,272800000,272880000,128,72
3411,272880000,272960000,125,72
3412,272960000,273040000,168,84
3413,273040000,273120000,3214,865
3414,273120000,273200000,8044,2019
3415,273200000,273280000,126,73
3416,273280000,273360000,134,72
3417,273360000,273440000,125,72
3418,273440000,273520000,195,100
3419,273520000,273600000,8327,2100
3420,273600000,273680000,2917,778
3421,273680000,273760000,125,72
3422,273760000,273840000,128,72
3423,273840000,273920000,158,84
3424,273920000,274000000,3277,865
3425,274000000,274080000,8215,2021
3426,274080000,274160000,129,73
3427,274160000,274240000,125,72
3428,274240000,274320000,131,72
3429,274320000,274400000,200,100
3430,274400000,274480000,8659,2096
3431,274480000,274560000,2988,778
3432,274560000,274640000,134,72
3433,274640000,274720000,125,72
3434,274720000,274800000,173,84
3435,274800000,274880000,3262,844
3436,274880000,274960000,8133,1991
3437,274960000,275040000,125,72
3438,275040000,275120000,128,72
3439,275120000,275200000,125,72
3440,275200000,275280000,202,100
3441,275280000,275360000,8581,2098
3442,275360000,275440000,2930,774
3443,275440000,275520000,125,72
3444,275520000,275600000,131,72
3445,275600000,275680000,166,84
3446,275680000,275760000,3341,865
3447,275760000,275840000,8314,2021
3448,275840000,275920000,134,72
3449,275920000,276000000,125,72
3450,276000000,276080000,128,72
3451,276080000,276160000,208,100
3452,276160000,276240000,8795,2096
3453,276240000,276320000,2946,772
3454,276320000,276400000,128,72
3455,276400000,276480000,125,72
3456,276480000,276560000,191,84
3457,276560000,276640000,3197,865
3458,276640000,276720000,8172,2019
3459,276720000,276800000,126,73
3460,276800000,276880000,131,72
3461,276880000,276960000,125,72
3462,276960000,277040000,207,100
3463,277040000,277120000,8421,2104
3464,277120000,277200000,2922,778
3465,277200000,277280000,125,72
3466,277280000,277360000,128,72
3467,277360000,277440000,154,84
3468,277440000,277520000,3124,869
3469,277520000,277600000,8083,2023
3470,277600000,277680000,129,73
3471,277680000,277760000,125,72
3472,277760000,277840000,137,72
3473,277840000,277920000,203,104
3474,277920000,278000000,8417,2096
3475,278000000,278080000,2969,778
3476,278080000,278160000,131,72
3477,278160000,278240000,125,72
3478,278240000,278320000,169,84
3479,278320000,278400000,3264,869
3480,278400000,278480000,8181,2020
3481,278480000,278560000,125,72
3482,278560000,278640000,128,72
3483,278640000,278720000,125,72
3484,278720000,278800000,207,104
3485,278800000,278880000,8493,2098
3486,278880000,278960000,2959,774
3487,278960000,279040000,125,72
3488,279040000,279120000,140,72
3489,279120000,279200000,160,84
3490,279200000,279280000,3299,869
3491,279280000,279360000,8416,2021
3492,279360000,279440000,131,72
3493,279440000,279520000,125,72
3494,279520000,279600000,128,72
3495,279600000,279680000,207,104
3496,279680000,279760000,8639,2096
3497,279760000,279840000,2988,774
3498,279840000,279920000,128,72
3499,279920000,280000000,125,72
3500,280000000,280080000,164,84
3501,280080000,280160000,3198,857
3502,280160000,280240000,8213,2019
3503,280240000,280320000,126,73
3504,280320000,280400000,137,72
3505,280400000,280480000,125,72
3506,280480000,280560000,173,92
3507,280560000,280640000,8521,2100
3508,280640000,280720000,2991,778
3509,280720000,280800000,125,72
3510,280800000,280880000,128,72
3511,280880000,280960000,158,84
3512,280960000,281040000,3225,857
3513,281040000,281120000,8337,2021
3514,281120000,281200000,129,73
3515,281200000,281280000,125,72
3516,281280000,281360000,131,72
3517,281360000,281440000,174,92
3518,281440000,281520000,8835,2096
3519,281520000,281600000,3040,778
3520,281600000,281680000,143,72
3521,281680000,281760000,125,72
3522,281760000,281840000,173,84
3523,281840000,281920000,3366,857
3524,281920000,282000000,8213,2020
3525,282000000,282080000,125,72
3526,282080000,282160000,128,72
3527,282160000,282240000,125,72
3528,282240000,282320000,178,95
3529,282320000,282400000,8387,2051
3530,282400000,282480000,2935,773
3531,282480000,282560000,125,72
3532,282560000,282640000,131,72
3533,282640000,282720000,158,84
3534,282720000,282800000,3328,861
3535,282800000,282880000,8301,2019
3536,282880000,282960000,137,72
3537,282960000,283040000,125,72
3538,283040000,283120000,128,72
3539,283120000,283200000,183,96
3540,283200000,283280000,8729,2096
3541,283280000,283360000,2995,774
3542,283360000,283440000,128,72
3543,283440000,283520000,125,72
3544,283520000,283600000,173,84
3545,283600000,283680000,3258,861
3546,283680000,283760000,8198,2019
3547,283760000,283840000,126,73
3548,283840000,283920000,131,72
3549,283920000,284000000,125,72
3550,284000000,284080000,186,96
3551,284080000,284160000,8418,2102
3552,284160000,284240000,2985,778
3553,284240000,284320000,125,72
3554,284320000,284400000,128,72
3555,284400000,284480000,156,84
3556,284480000,284560000,3286,861
3557,284560000,284640000,8258,2022
3558,284640000,284720000,129,73
3559,284720000,284800000,125,72
3560,284800000,284880000,134,72
3561,284880000,284960000,181,96
3562,284960000,285040000,8599,2096
3563,285040000,285120000,3000,778
3564,285120000,285200000,131,72
3565,285200000,285280000,125,72
3566,285280000,285360000,171,84
3567,285360000,285440000,3283,861
3568,285440000,285520000,8221,2020
3569,285520000,285600000,125,72
3570,285600000,285680000,128,72
3571,285680000,285760000,125,72
3572,285760000,285840000,189,96
3573,285840000,285920000,8694,2098
3574,285920000,286000000,2995,774
3575,286000000,286080000,125,72
3576,286080000,286160000,134,72
3577,286160000,286240000,168,84
3578,286240000,286320000,3358,861
3579,286320000,286400000,8440,2021
3580,286400000,286480000,131,72
3581,286480000,286560000,125,72
3582,286560000,286640000,128,72
3583,286640000,286720000,197,96
3584,286720000,286800000,8881,2096
3585,286800000,286880000,3023,774
3586,286880000,286960000,128,72
3587,286960000,287040000,125,72
3588,287040000,287120000,168,84
3589,287120000,287200000,3301,861
3590,287200000,287280000,8208,2019
3591,287280000,287360000,126,73
3592,287360000,287440000,134,72
3593,287440000,287520000,125,72
3594,287520000,287600000,193,100
3595,287600000,287680000,8575,2100
3596,287680000,287760000,2995,778
3597,287760000,287840000,125,72
3598,287840000,287920000,128,72
3599,287920000,288000000,162,84
3600,288000000,288080000,3391,865
3601,288080000,288160000,8363,2021
3602,288160000,288240000,129,73
3603,288240000,288320000,125,72
3604,288320000,288400000,131,72
3605,288400000,288480000,198,100
3606,288480000,288560000,8815,2096
3607,288560000,288640000,3044,778
3608,288640000,288720000,134,72
3609,288720000,288800000,125,72
3610,288800000,288880000,177,84
3611,288880000,288960000,3487,865
3612,288960000,289040000,8420,2020
3613,289040000,289120000,125,72
3614,289120000,289200000,128,72
3615,289200000,289280000,125,72
3616,289280000,289360000,207,100
3617,289360000,289440000,8868,2098
3618,289440000,289520000,3020,774
3619,289520000,289600000,125,72
3620,289600000,289680000,131,72
3621,289680000,289760000,164,84
3622,289760000,289840000,3373,840
3623,289840000,289920000,8494,1992
3624,289920000,290000000,134,72
3625,290000000,290080000,125,72
3626,290080000,290160000,128,72
3627,290160000,290240000,189,96
3628,290240000,290320000,9039,2096
3629,290320000,290400000,3039,774
3630,290400000,290480000,128,72
3631,290480000,290560000,125,72
3632,290560000,290640000,182,84
3633,290640000,290720000,3151,861
3634,290720000,290800000,8218,2019
3635,290800000,290880000,126,73
3636,290880000,290960000,131,72
3637,290960000,291040000,125,72
3638,291040000,291120000,196,96
3639,291120000,291200000,8225,2108
3640,291200000,291280000,2888,776
3641,291280000,291360000,125,72
3642,291360000,291440000,128,72
3643,291440000,291520000,156,84
3644,291520000,291600000,3000,861
3645,291600000,291680000,8068,2025
3646,291680000,291760000,129,73
3647,291760000,291840000,125,72
3648,291840000,291920000,143,72
3649,291920000,292000000,185,96
3650,292000000,292080000,8419,2096
3651,292080000,292160000,2955,778
3652,292160000,292240000,131,72
3653,292240000,292320000,125,72
3654,292320000,292400000,171,84
3655,292400000,292480000,3080,865
3656,292480000,292560000,8037,2020
3657,292560000,292640000,125,72
3658,292640000,292720000,128,72
3659,292720000,292800000,125,72
3660,292800000,292880000,196,100
3661,292880000,292960000,8238,2098
3662,292960000,293040000,2938,774
3663,293040000,293120000,125,72
3664,293120000,293200000,137,72
3665,293200000,293280000,168,84
3666,293280000,293360000,3199,865
3667,293360000,293440000,8290,2021
3668,293440000,293520000,131,72
3669,293520000,293600000,125,72
3670,293600000,293680000,128,72
3671,293680000,293760000,208,100
3672,293760000,293840000,8524,2096
3673,293840000,293920000,2875,774
3674,293920000,294000000,128,72
3675,294000000,294080000,125,72
3676,294080000,294160000,172,84
3677,294160000,294240000,3177,865
3678,294240000,294320000,8136,2019
3679,294320000,294400000,126,73
3680,294400000,294480000,140,72
3681,294480000,294560000,125,72
3682,294560000,294640000,199,100
3683,294640000,294720000,8318,2100
3684,294720000,294800000,2927,778
3685,294800000,294880000,125,72
3686,294880000,294960000,128,72
3687,294960000,295040000,166,84
3688,295040000,295120000,3150,865
3689,295120000,295200000,8216,2021
3690,295200000,295280000,129,73
3691,295280000,295360000,125,72
3692,295360000,295440000,131,72
3693,295440000,295520000,206,100
3694,295520000,295600000,8614,2096
3695,295600000,295680000,2976,778
3696,295680000,295760000,137,72
3697,295760000,295840000,125,72
3698,295840000,295920000,181,84
3699,295920000,296000000,3221,865
3700,296000000,296080000,8162,2020
3701,296080000,296160000,125,72
3702,296160000,296240000,128,72
3703,296240000,296320000,125,72
3704,296320000,296400000,201,100
3705,296400000,296480000,8550,2098
3706,296480000,296560000,2924,774
3707,296560000,296640000,125,72
3708,296640000,296720000,131,72
3709,296720000,296800000,164,84
3710,296800000,296880000,3274,865
3711,296880000,296960000,8348,2021
3712,296960000,297040000,146,72
3713,297040000,297120000,125,72
3714,297120000,297200000,128,72
3715,297200000,297280000,209,103
3716,297280000,297360000,8623,2049
3717,297360000,297440000,2957,773
3718,297440000,297520000,128,72
3719,297520000,297600000,125,72
3720,297600000,297680000,179,84
3721,297680000,297760000,3202,869
3722,297760000,297840000,8217,2017
3723,297840000,297920000,126,73
3724,297920000,298000000,131,72
3725,298000000,298080000,125,72
3726,298080000,298160000,218,104
3727,298160000,298240000,8406,2102
3728,298240000,298320000,2938,778
3729,298320000,298400000,125,72
3730,298400000,298480000,128,72
3731,298480000,298560000,158,84
3732,298560000,298640000,3179,869
3733,298640000,298720000,8253,2022
3734,298720000,298800000,129,73
3735,298800000,298880000,125,72
3736,298880000,298960000,134,72
3737,298960000,299040000,211,104
3738,299040000,299120000,8586,2096
3739,299120000,299200000,2986,778
3740,299200000,299280000,131,72
3741,299280000,299360000,125,72
3742,299360000,299440000,173,84
3743,299440000,299520000,3324,869
3744,299520000,299600000,8328,2020
3745,299600000,299680000,125,72
3746,299680000,299760000,128,72
3747,299760000,299840000,125,72
3748,299840000,299920000,189,96
3749,299920000,300000000,8576,2098
3750,300000000,300080000,2937,774
3751,300080000,300160000,125,72
3752,300160000,300240000,134,72
3753,300240000,300320000,177,88
3754,300320000,300400000,3260,857
3755,300400000,300480000,8423,2021
3756,300480000,300560000,131,72
3757,300560000,300640000,125,72
3758,300640000,300720000,128,72
3759,300720000,300800000,197,96
3760,300800000,300880000,8648,2096
3761,300880000,300960000,2875,774
3762,300960000,301040000,128,72
3763,301040000,301120000,125,72
3764,301120000,301200000,177,88
3765,301200000,301280000,3135,857
3766,301280000,301360000,7798,2019
3767,301360000,301440000,126,73
3768,301440000,301520000,134,72
3769,301520000,301600000,125,72
3770,301600000,301680000,188,96
3771,301680000,301760000,8187,2100
3772,301760000,301840000,2848,778
3773,301840000,301920000,125,72
3774,301920000,302000000,128,72
3775,302000000,302080000,169,88
3776,302080000,302160000,3170,857
3777,302160000,302240000,7872,2021
3778,302240000,302320000,129,73
3779,302320000,302400000,125,72
3780,302400000,302480000,131,72
3781,302480000,302560000,196,100
3782,302560000,302640000,8351,2096
3783,302640000,302720000,2896,778
3784,302720000,302800000,134,72
3785,302800000,302880000,125,72
3786,302880000,302960000,188,88
3787,302960000,303040000,3265,861
3788,303040000,303120000,7916,2020
3789,303120000,303200000,125,72
3790,303200000,303280000,128,72
3791,303280000,303360000,125,72
3792,303360000,303440000,202,100
3793,303440000,303520000,8288,2098
3794,303520000,303600000,2842,774
3795,303600000,303680000,125,72
3796,303680000,303760000,131,72
3797,303760000,303840000,177,88
3798,303840000,303920000,3292,861
3799,303920000,304000000,8125,2021
3800,304000000,304080000,134,72
3801,304080000,304160000,125,72
3802,304160000,304240000,128,72
3803,304240000,304320000,208,100
3804,304320000,304400000,8592,2096
3805,304400000,304480000,2900,774
3806,304480000,304560000,128,72
3807,304560000,304640000,125,72
3808,304640000,304720000,196,88
3809,304720000,304800000,3070,840
3810,304800000,304880000,7850,1990
3811,304880000,304960000,126,73
3812,304960000,305040000,131,72
3813,305040000,305120000,125,72
3814,305120000,305200000,205,100
3815,305200000,305280000,8087,2104
3816,305280000,305360000,2840,778
3817,305360000,305440000,125,72
3818,305440000,305520000,128,72
3819,305520000,305600000,169,88
3820,305600000,305680000,3078,861
3821,305680000,305760000,7831,2023
3822,305760000,305840000,129,73
3823,305840000,305920000,125,72
3824,305920000,306000000,137,72
3825,306000000,306080000,202,100
3826,306080000,306160000,8240,2096
3827,306160000,306240000,2866,776
3828,306240000,306320000,131,72
3829,306320000,306400000,125,72
3830,306400000,306480000,188,88
3831,306480000,306560000,3152,861
3832,306560000,306640000,7891,2020
3833,306640000,306720000,125,72
3834,306720000,306800000,128,72
3835,306800000,306880000,125,72
3836,306880000,306960000,206,100
3837,306960000,307040000,8349,2098
3838,307040000,307120000,2886,774
3839,307120000,307200000,125,72
3840,307200000,307280000,149,72
3841,307280000,307360000,183,88
3842,307360000,307440000,3192,865
3843,307440000,307520000,8064,2021
3844,307520000,307600000,131,72
3845,307600000,307680000,125,72
3846,307680000,307760000,128,72
3847,307760000,307840000,221,104
3848,307840000,307920000,8399,2096
3849,307920000,308000000,2890,774
3850,308000000,308080000,128,72
3851,308080000,308160000,125,72
3852,308160000,308240000,187,88
3853,308240000,308320000,3226,865
3854,308320000,308400000,7966,2019
3855,308400000,308480000,126,73
3856,308480000,308560000,137,72
3857,308560000,308640000,125,72
3858,308640000,308720000,220,104
3859,308720000,308800000,8306,2100
3860,308800000,308880000,2880,778
3861,308880000,308960000,125,72
3862,308960000,309040000,128,72
3863,309040000,309120000,175,88
3864,309120000,309200000,3255,865
3865,309200000,309280000,8122,2021
3866,309280000,309360000,129,73
3867,309360000,309440000,125,72
3868,309440000,309520000,131,72
3869,309520000,309600000,215,104
3870,309600000,309680000,8509,2096
3871,309680000,309760000,2961,778
3872,309760000,309840000,140,72
3873,309840000,309920000,125,72
3874,309920000,310000000,194,88
3875,310000000,310080000,3261,861
3876,310080000,310160000,7996,2020
3877,310160000,310240000,125,72
3878,310240000,310320000,128,72
3879,310320000,310400000,125,72
3880,310400000,310480000,195,100
3881,310480000,310560000,8327,2098
3882,310560000,310640000,2910,774
3883,310640000,310720000,125,72
3884,310720000,310800000,131,72
3885,310800000,310880000,171,88
3886,310880000,310960000,3240,861
3887,310960000,311040000,8131,2021
3888,311040000,311120000,137,72
3889,311120000,311200000,125,72
3890,311200000,311280000,128,72
3891,311280000,311360000,202,100
3892,311360000,311440000,8630,2096
3893,311440000,311520000,2964,774
3894,311520000,311600000,128,72
3895,311600000,311680000,125,72
3896,311680000,311760000,186,88
3897,311760000,311840000,3246,861
3898,311840000,311920000,8022,2019
3899,311920000,312000000,126,73
3900,312000000,312080000,131,72
3901,312080000,312160000,125,72
3902,312160000,312240000,208,103
3903,312240000,312320000,8166,2055
3904,312320000,312400000,2906,777
3905,312400000,312480000,125,72
3906,312480000,312560000,128,72
3907,312560000,312640000,169,88
3908,312640000,312720000,3217,865
3909,312720000,312800000,8010,2020
3910,312800000,312880000,129,73
3911,312880000,312960000,125,72
3912,312960000,313040000,134,72
3913,313040000,313120000,211,104
3914,313120000,313200000,8476,2096
3915,313200000,313280000,2926,778
3916,313280000,313360000,131,72
3917,313360000,313440000,125,72
3918,313440000,313520000,188,88
3919,313520000,313600000,3300,865
3920,313600000,313680000,8062,2020
3921,313680000,313760000,125,72
3922,313760000,313840000,128,72
3923,313840000,313920000,125,72
3924,313920000,314000000,213,104
3925,314000000,314080000,8477,2098
3926,314080000,314160000,2923,774
3927,314160000,314240000,125,72
3928,314240000,314320000,134,72
3929,314320000,314400000,181,88
3930,314400000,314480000,3389,865
3931,314480000,314560000,8311,2021
3932,314560000,314640000,131,72
3933,314640000,314720000,125,72
3934,314720000,314800000,128,72
3935,314800000,314880000,221,104
3936,314880000,314960000,8639,2096
3937,314960000,315040000,2955,774
3938,315040000,315120000,128,72
3939,315120000,315200000,125,72
3940,315200000,315280000,177,88
3941,315280000,315360000,3268,865
3942,315360000,315440000,8040,2019
3943,315440000,315520000,126,73
3944,315520000,315600000,134,72
3945,315600000,315680000,125,72
3946,315680000,315760000,208,104
3947,315760000,315840000,8513,2100
3948,315840000,315920000,2946,778
3949,315920000,316000000,125,72
3950,316000000,316080000,128,72
3951,316080000,316160000,169,88
3952,316160000,316240000,3335,865
3953,316240000,316320000,8178,2021
3954,316320000,316400000,129,73
3955,316400000,316480000,125,72
3956,316480000,316560000,131,72
3957,316560000,316640000,217,104
3958,316640000,316720000,8753,2096
3959,316720000,316800000,2985,778
3960,316800000,316880000,134,72
3961,316880000,316960000,125,72
3962,316960000,317040000,188,88
3963,317040000,317120000,3371,865
3964,317120000,317200000,8141,2020
3965,317200000,317280000,125,72
3966,317280000,317360000,128,72
3967,317360000,317440000,125,72
3968,317440000,317520000,227,108
3969,317520000,317600000,8614,2098
3970,317600000,317680000,2934,774
3971,317680000,317760000,125,72
3972,317760000,317840000,131,72
3973,317840000,317920000,171,88
3974,317920000,318000000,3437,869
3975,318000000,318080000,8341,2021
3976,318080000,318160000,134,72
3977,318160000,318240000,125,72
3978,318240000,318320000,128,72
3979,318320000,318400000,226,108
3980,318400000,318480000,8810,2096
3981,318480000,318560000,2962,774
3982,318560000,318640000,128,72
3983,318640000,318720000,125,72
3984,318720000,318800000,185,88
3985,318800000,318880000,3254,869
3986,318880000,318960000,8163,2019
3987,318960000,319040000,126,73
3988,319040000,319120000,131,72
3989,319120000,319200000,125,72
3990,319200000,319280000,221,108
3991,319280000,319360000,8221,2106
3992,319360000,319440000,2865,778
3993,319440000,319520000,125,72
3994,319520000,319600000,128,72
3995,319600000,319680000,130,75
3996,319680000,319760000,3009,837
3997,319760000,319840000,7827,1995
3998,319840000,319920000,129,73
3999,319920000,320000000,125,72
4000,320000000,320080000,149,76
4001,320080000,320160000,129,80
4002,320160000,320240000,8270,2096
4003,320240000,320320000,2907,778
4004,320320000,320400000,131,72
4005,320400000,320480000,125,72
4006,320480000,320560000,137,76
4007,320560000,320640000,3145,857
4008,320640000,320720000,7887,2020
4009,320720000,320800000,125,72
4010,320800000,320880000,128,72
4011,320880000,320960000,134,76
4012,320960000,321040000,139,80
4013,321040000,321120000,8257,2098
4014,321120000,321200000,2870,772
4015,321200000,321280000,125,72
4016,321280000,321360000,137,72
4017,321360000,321440000,134,76
4018,321440000,321520000,3180,857
4019,321520000,321600000,8102,2021
4020,321600000,321680000,131,72
4021,321680000,321760000,125,72
4022,321760000,321840000,141,76
4023,321840000,321920000,129,80
4024,321920000,322000000,8552,2096
4025,322000000,322080000,2903,774
4026,322080000,322160000,128,72
4027,322160000,322240000,125,72
4028,322240000,322320000,140,76
4029,322320000,322400000,3155,861
4030,322400000,322480000,7944,2019
4031,322480000,322560000,126,73
4032,322560000,322640000,143,72
4033,322640000,322720000,136,76
4034,322720000,322800000,139,84
4035,322800000,322880000,8226,2100
4036,322880000,322960000,2926,778
4037,322960000,323040000,125,72
4038,323040000,323120000,128,72
4039,323120000,323200000,134,76
4040,323200000,323280000,3262,861
4041,323280000,323360000,8128,2021
4042,323360000,323440000,129,73
4043,323440000,323520000,125,72
4044,323520000,323600000,144,76
4045,323600000,323680000,140,84
4046,323680000,323760000,8546,2096
4047,323760000,323840000,2959,778
4048,323840000,323920000,137,72
4049,323920000,324000000,125,72
4050,324000000,324080000,141,76
4051,324080000,324160000,3331,861
4052,324160000,324240000,8102,2020
4053,324240000,324320000,125,72
4054,324320000,324400000,128,72
4055,324400000,324480000,134,76
4056,324480000,324560000,149,84
4057,324560000,324640000,8346,2098
4058,324640000,324720000,2921,774
4059,324720000,324800000,125,72
4060,324800000,324880000,131,72
4061,324880000,324960000,134,76
4062,324960000,325040000,3276,861
4063,325040000,325120000,8196,2021
4064,325120000,325200000,140,72
4065,325200000,325280000,125,72
4066,325280000,325360000,141,76
4067,325360000,325440000,140,84
4068,325440000,325520000,8653,2096
4069,325520000,325600000,2977,774
4070,325600000,325680000,128,72
4071,325680000,325760000,125,72
4072,325760000,325840000,145,76
4073,325840000,325920000,3204,861
4074,325920000,326000000,8105,2019
4075,326000000,326080000,126,73
4076,326080000,326160000,131,72
4077,326160000,326240000,138,76
4078,326240000,326320000,143,84
4079,326320000,326400000,8423,2102
4080,326400000,326480000,2976,778
4081,326480000,326560000,125,72
4082,326560000,326640000,128,72
4083,326640000,326720000,134,76
4084,326720000,326800000,3236,861
4085,326800000,326880000,8175,2022
4086,326880000,326960000,129,73
4087,326960000,327040000,125,72
4088,327040000,327120000,147,76
4089,327120000,327200000,145,87
4090,327200000,327280000,8462,2049
4091,327280000,327360000,3003,777
4092,327360000,327440000,131,72
4093,327440000,327520000,125,72
4094,327520000,327600000,141,76
4095,327600000,327680000,3310,865
4096,327680000,327760000,8219,2018
4097,327760000,327840000,125,72
4098,327840000,327920000,128,72
4099,327920000,328000000,138,76
4100,328000000,328080000,157,88
4101,328080000,328160000,8557,2098
4102,328160000,328240000,2978,774
4103,328240000,328320000,125,72
4104,328320000,328400000,134,72
4105,328400000,328480000,138,76
4106,328480000,328560000,3355,865
4107,328560000,328640000,8392,2021
4108,328640000,328720000,131,72
4109,328720000,328800000,125,72
4110,328800000,328880000,145,76
4111,328880000,328960000,151,88
4112,328960000,329040000,8691,2096
4113,329040000,329120000,2991,774
4114,329120000,329200000,128,72
4115,329200000,329280000,125,72
4116,329280000,329360000,140,76
4117,329360000,329440000,3361,865
4118,329440000,329520000,8161,2019
4119,329520000,329600000,126,73
4120,329600000,329680000,134,72
4121,329680000,329760000,136,76
4122,329760000,329840000,141,84
4123,329840000,329920000,8421,2100
4124,329920000,330000000,2974,778
4125,330000000,330080000,125,72
4126,330080000,330160000,128,72
4127,330160000,330240000,134,76
4128,330240000,330320000,3309,861
4129,330320000,330400000,8205,2021
4130,330400000,330480000,129,73
4131,330480000,330560000,125,72
4132,330560000,330640000,144,76
4133,330640000,330720000,140,84
4134,330720000,330800000,8777,2096
4135,330800000,330880000,3037,778
4136,330880000,330960000,134,72
4137,330960000,331040000,125,72
4138,331040000,331120000,141,76
4139,331120000,331200000,3410,861
4140,331200000,331280000,8233,2020
4141,331280000,331360000,125,72
4142,331360000,331440000,128,72
4143,331440000,331520000,136,76
4144,331520000,331600000,154,84
4145,331600000,331680000,8714,2098
4146,331680000,331760000,2947,774
4147,331760000,331840000,125,72
4148,331840000,331920000,131,72
4149,331920000,332000000,136,76
4150,332000000,332080000,3375,861
4151,332080000,332160000,8321,2021
4152,332160000,332240000,134,72
4153,332240000,332320000,125,72
4154,332320000,332400000,143,76
4155,332400000,332480000,147,88
4156,332480000,332560000,8850,2096
4157,332560000,332640000,2982,774
4158,332640000,332720000,128,72
4159,332720000,332800000,125,72
4160,332800000,332880000,156,76
4161,332880000,332960000,3292,865
4162,332960000,333040000,8173,2019
4163,333040000,333120000,126,73
4164,333120000,333200000,131,72
4165,333200000,333280000,140,76
4166,333280000,333360000,152,88
4167,333360000,333440000,8360,2104
4168,333440000,333520000,2914,778
4169,333520000,333600000,125,72
4170,333600000,333680000,128,72
4171,333680000,333760000,134,76
4172,333760000,333840000,3248,865
4173,333840000,333920000,8169,2023
4174,333920000,334000000,129,73
4175,334000000,334080000,125,72
4176,334080000,334160000,150,76
4177,334160000,334240000,155,88
4178,334240000,334320000,8603,2096
4179,334320000,334400000,2984,778
4180,334400000,334480000,131,72
4181,334480000,334560000,125,72
4182,334560000,334640000,141,76
4183,334640000,334720000,3246,844
4184,334720000,334800000,8120,1991
4185,334800000,334880000,125,72
4186,334880000,334960000,128,72
4187,334960000,335040000,138,76
4188,335040000,335120000,155,88
4189,335120000,335200000,8583,2098
4190,335200000,335280000,2994,774
4191,335280000,335360000,125,72
4192,335360000,335440000,140,72
4193,335440000,335520000,138,76
4194,335520000,335600000,3365,865
4195,335600000,335680000,8365,2021
4196,335680000,335760000,131,72
4197,335760000,335840000,125,72
4198,335840000,335920000,145,76
4199,335920000,336000000,155,88
4200,336000000,336080000,8790,2096
4201,336080000,336160000,2967,772
4202,336160000,336240000,128,72
4203,336240000,336320000,125,72
4204,336320000,336400000,144,76
4205,336400000,336480000,3339,865
4206,336480000,336560000,8229,2019
4207,336560000,336640000,126,73
4208,336640000,336720000,137,72
4209,336720000,336800000,140,76
4210,336800000,336880000,156,88
4211,336880000,336960000,8728,2100
4212,336960000,337040000,2991,778
4213,337040000,337120000,125,72
4214,337120000,337200000,128,72
4215,337200000,337280000,138,76
4216,337280000,337360000,3365,869
4217,337360000,337440000,8315,2021
4218,337440000,337520000,129,73
4219,337520000,337600000,125,72
4220,337600000,337680000,148,76
4221,337680000,337760000,162,92
4222,337760000,337840000,8809,2096
4223,337840000,337920000,3033,778
4224,337920000,338000000,146,72
4225,338000000,338080000,125,72
4226,338080000,338160000,145,76
4227,338160000,338240000,3490,869
4228,338240000,338320000,8168,2020
4229,338320000,338400000,125,72
4230,338400000,338480000,128,72
4231,338480000,338560000,134,76
4232,338560000,338640000,175,92
4233,338640000,338720000,8519,2098
4234,338720000,338800000,2925,774
4235,338800000,338880000,125,72
4236,338880000,338960000,131,72
4237,338960000,339040000,134,76
4238,339040000,339120000,3433,869
4239,339120000,339200000,8279,2021
4240,339200000,339280000,137,72
4241,339280000,339360000,125,72
4242,339360000,339440000,141,76
4243,339440000,339520000,160,92
4244,339520000,339600000,8686,2096
4245,339600000,339680000,3005,774
4246,339680000,339760000,128,72
4247,339760000,339840000,125,72
4248,339840000,339920000,152,80
4249,339920000,340000000,3284,857
4250,340000000,340080000,8112,2019
4251,340080000,340160000,126,73
4252,340160000,340240000,131,72
4253,340240000,340320000,138,76
4254,340320000,340400000,143,84
4255,340400000,340480000,8434,2102
4256,340480000,340560000,2977,778
4257,340560000,340640000,125,72
4258,340640000,340720000,128,72
4259,340720000,340800000,141,80
4260,340800000,340880000,3258,857
4261,340880000,340960000,8126,2022
4262,340960000,341040000,129,73
4263,341040000,341120000,125,72
4264,341120000,341200000,147,76
4265,341200000,341280000,140,84
4266,341280000,341360000,8705,2096
4267,341360000,341440000,3006,778
4268,341440000,341520000,131,72
4269,341520000,341600000,125,72
4270,341600000,341680000,152,80
4271,341680000,341760000,3411,857
4272,341760000,341840000,8198,2020
4273,341840000,341920000,125,72
4274,341920000,342000000,128,72
4275,342000000,342080000,138,76
4276,342080000,342160000,151,87
4277,342160000,342240000,8555,2051
4278,342240000,342320000,2972,773
4279,342320000,342400000,125,72
4280,342400000,342480000,134,72
4281,342480000,342560000,147,80
4282,342560000,342640000,3449,861
4283,342640000,342720000,8382,2019
4284,342720000,342800000,131,72
4285,342800000,342880000,125,72
4286,342880000,342960000,145,76
4287,342960000,343040000,151,88
4288,343040000,343120000,8849,2096
4289,343120000,343200000,3016,774
4290,343200000,343280000,128,72
4291,343280000,343360000,125,72
4292,343360000,343440000,153,80
4293,343440000,343520000,3408,861
4294,343520000,343600000,8203,2019
4295,343600000,343680000,126,73
4296,343680000,343760000,134,72
4297,343760000,343840000,138,76
4298,343840000,343920000,154,88
4299,343920000,344000000,8626,2100
4300,344000000,344080000,3007,778
4301,344080000,344160000,125,72
4302,344160000,344240000,128,72
4303,344240000,344320000,143,80
4304,344320000,344400000,3493,861
4305,344400000,344480000,8366,2021
4306,344480000,344560000,129,73
4307,344560000,344640000,125,72
4308,344640000,344720000,146,76
4309,344720000,344800000,149,88
4310,344800000,344880000,8853,2096
4311,344880000,344960000,3054,778
4312,344960000,345040000,134,72
4313,345040000,345120000,125,72
4314,345120000,345200000,154,80
4315,345200000,345280000,3481,861
4316,345280000,345360000,8297,2020
4317,345360000,345440000,125,72
4318,345440000,345520000,128,72
4319,345520000,345600000,138,76
4320,345600000,345680000,166,88
4321,345680000,345760000,8882,2098
4322,345760000,345840000,3010,774
4323,345840000,345920000,125,72
4324,345920000,346000000,131,72
4325,346000000,346080000,149,80
4326,346080000,346160000,3456,861
4327,346160000,346240000,8474,2021
4328,346240000,346320000,134,72
4329,346320000,346400000,125,72
4330,346400000,346480000,145,76
4331,346480000,346560000,157,88
4332,346560000,346640000,9032,2096
4333,346640000,346720000,2972,774
4334,346720000,346800000,128,72
4335,346800000,346880000,125,72
4336,346880000,346960000,163,80
4337,346960000,347040000,2955,861
4338,347040000,347120000,7882,2019
4339,347120000,347200000,126,73
4340,347200000,347280000,131,72
4341,347280000,347360000,142,76
4342,347360000,347440000,163,92
4343,347440000,347520000,7701,2114
4344,347520000,347600000,2757,778
4345,347600000,347680000,125,72
4346,347680000,347760000,128,72
4347,347760000,347840000,145,80
4348,347840000,347920000,2783,865
4349,347920000,348000000,7704,2028
4350,348000000,348080000,129,73
4351,348080000,348160000,125,72
4352,348160000,348240000,162,76
4353,348240000,348320000,164,92
4354,348320000,348400000,7792,2096
4355,348400000,348480000,2804,778
4356,348480000,348560000,131,72
4357,348560000,348640000,125,72
4358,348640000,348720000,156,80
4359,348720000,348800000,2890,865
4360,348800000,348880000,7714,2020
4361,348880000,348960000,125,72
4362,348960000,349040000,128,72
4363,349040000,349120000,138,76
4364,349120000,349200000,168,92
4365,349200000,349280000,7856,2098
4366,349280000,349360000,2791,774
4367,349360000,349440000,125,72
4368,349440000,349520000,137,72
4369,349520000,349600000,147,80
4370,349600000,349680000,2840,840
4371,349680000,349760000,7823,1992
4372,349760000,349840000,131,72
4373,349840000,349920000,125,72
4374,349920000,350000000,145,76
4375,350000000,350080000,151,88
4376,350080000,350160000,8046,2096
4377,350160000,350240000,2793,774
4378,350240000,350320000,128,72
4379,350320000,350400000,125,72
4380,350400000,350480000,155,80
4381,350480000,350560000,2874,861
4382,350560000,350640000,7723,2019
4383,350640000,350720000,126,73
4384,350720000,350800000,140,72
4385,350800000,350880000,140,76
4386,350880000,350960000,158,88
4387,350960000,351040000,7877,2100
4388,351040000,351120000,2791,776
4389,351120000,351200000,125,72
4390,351200000,351280000,128,72
4391,351280000,351360000,147,80
4392,351360000,351440000,2897,861
4393,351440000,351520000,7871,2021
4394,351520000,351600000,129,73
4395,351600000,351680000,125,72
4396,351680000,351760000,148,76
4397,351760000,351840000,155,88
4398,351840000,351920000,8206,2096
4399,351920000,352000000,2858,778
4400,352000000,352080000,137,72
4401,352080000,352160000,125,72
4402,352160000,352240000,158,80
4403,352240000,352320000,2967,865
4404,352320000,352400000,7777,2020
4405,352400000,352480000,125,72
4406,352480000,352560000,128,72
4407,352560000,352640000,138,76
4408,352640000,352720000,169,92
4409,352720000,352800000,7910,2098
4410,352800000,352880000,2797,774
4411,352880000,352960000,125,72
4412,352960000,353040000,131,72
4413,353040000,353120000,151,80
4414,353120000,353200000,3042,865
4415,353200000,353280000,7983,2021
4416,353280000,353360000,143,72
4417,353360000,353440000,125,72
4418,353440000,353520000,145,76
4419,353520000,353600000,170,92
4420,353600000,353680000,8217,2096
4421,353680000,353760000,2835,774
4422,353760000,353840000,128,72
4423,353840000,353920000,125,72
4424,353920000,354000000,160,80
4425,354000000,354080000,2973,865
4426,354080000,354160000,7896,2019
4427,354160000,354240000,126,73
4428,354240000,354320000,131,72
4429,354320000,354400000,142,76
4430,354400000,354480000,165,92
4431,354480000,354560000,7873,2102
4432,354560000,354640000,2836,778
4433,354640000,354720000,125,72
4434,354720000,354800000,128,72
4435,354800000,354880000,149,80
4436,354880000,354960000,2892,865
4437,354960000,355040000,7878,2022
4438,355040000,355120000,129,73
4439,355120000,355200000,125,72
4440,355200000,355280000,151,76
4441,355280000,355360000,168,92
4442,355360000,355440000,8120,2096
4443,355440000,355520000,2880,778
4444,355520000,355600000,131,72
4445,355600000,355680000,125,72
4446,355680000,355760000,160,80
4447,355760000,355840000,2971,865
4448,355840000,355920000,7917,2020
4449,355920000,356000000,125,72
4450,356000000,356080000,128,72
4451,356080000,356160000,142,76
4452,356160000,356240000,172,92
4453,356240000,356320000,8200,2098
4454,356320000,356400000,2859,774
4455,356400000,356480000,125,72
4456,356480000,356560000,134,72
4457,356560000,356640000,155,80
4458,356640000,356720000,3068,865
4459,356720000,356800000,8135,2021
4460,356800000,356880000,131,72
4461,356880000,356960000,125,72
4462,356960000,357040000,149,76
4463,357040000,357120000,175,95
4464,357120000,357200000,8147,2049
4465,357200000,357280000,2850,773
4466,357280000,357360000,128,72
4467,357360000,357440000,125,72
4468,357440000,357520000,153,80
4469,357520000,357600000,2986,869
4470,357600000,357680000,7801,2017
4471,357680000,357760000,126,73
4472,357760000,357840000,134,72
4473,357840000,357920000,136,76
4474,357920000,358000000,182,96
4475,358000000,358080000,7944,2100
4476,358080000,358160000,2853,778
4477,358160000,358240000,125,72
4478,358240000,358320000,128,72
4479,358320000,358400000,141,80
4480,358400000,358480000,3032,869
4481,358480000,358560000,7932,2021
4482,358560000,358640000,129,73
4483,358640000,358720000,125,72
4484,358720000,358800000,144,76
4485,358800000,358880000,177,96
4486,358880000,358960000,8182,2096
4487,358960000,359040000,2916,778
4488,359040000,359120000,134,72
4489,359120000,359200000,125,72
4490,359200000,359280000,152,80
4491,359280000,359360000,3159,869
4492,359360000,359440000,7995,2020
4493,359440000,359520000,125,72
4494,359520000,359600000,128,72
4495,359600000,359680000,136,76
4496,359680000,359760000,150,84
4497,359760000,359840000,8106,2098
4498,359840000,359920000,2847,774
4499,359920000,360000000,125,72
4500,360000000,360080000,131,72
4501,360080000,360160000,143,80
4502,360160000,360240000,3055,857
4503,360240000,360320000,8058,2021
4504,360320000,360400000,134,72
4505,360400000,360480000,125,72
4506,360480000,360560000,143,76
4507,360560000,360640000,140,84
4508,360640000,360720000,8434,2096
4509,360720000,360800000,2895,774
4510,360800000,360880000,128,72
4511,360880000,360960000,125,72
4512,360960000,361040000,162,80
4513,361040000,361120000,2945,857
4514,361120000,361200000,7871,2019
4515,361200000,361280000,126,73
4516,361280000,361360000,131,72
4517,361360000,361440000,140,76
4518,361440000,361520000,145,84
4519,361520000,361600000,7942,2104
4520,361600000,361680000,2799,778
4521,361680000,361760000,125,72
4522,361760000,361840000,128,72
4523,361840000,361920000,141,80
4524,361920000,362000000,2865,857
4525,362000000,362080000,7773,2023
4526,362080000,362160000,129,73
4527,362160000,362240000,125,72
4528,362240000,362320000,150,76
4529,362320000,362400000,147,88
4530,362400000,362480000,8017,2096
4531,362480000,362560000,2844,778
4532,362560000,362640000,131,72
4533,362640000,362720000,125,72
4534,362720000,362800000,152,80
4535,362800000,362880000,2976,861
4536,362880000,362960000,7851,2020
4537,362960000,363040000,125,72
4538,363040000,363120000,128,72
4539,363120000,363200000,138,76
4540,363200000,363280000,155,88
4541,363280000,363360000,8012,2098
4542,363360000,363440000,2844,774
4543,363440000,363520000,125,72
4544,363520000,363600000,143,72
4545,363600000,363680000,149,80
4546,363680000,363760000,3043,861
4547,363760000,363840000,8109,2021
4548,363840000,363920000,131,72
4549,363920000,364000000,125,72
4550,364000000,364080000,145,76
4551,364080000,364160000,155,88
4552,364160000,364240000,8309,2096
4553,364240000,364320000,2869,774
4554,364320000,364400000,128,72
4555,364400000,364480000,125,72
4556,364480000,364560000,153,80
4557,364560000,364640000,2939,840
4558,364640000,364720000,7868,1990
4559,364720000,364800000,126,73
4560,364800000,364880000,137,72
4561,364880000,364960000,140,76
4562,364960000,365040000,152,88
4563,365040000,365120000,8120,2100
4564,365120000,365200000,2879,778
4565,365200000,365280000,125,72
4566,365280000,365360000,128,72
4567,365360000,365440000,147,80
4568,365440000,365520000,3046,861
4569,365520000,365600000,8032,2021
4570,365600000,365680000,129,73
4571,365680000,365760000,125,72
4572,365760000,365840000,148,76
4573,365840000,365920000,155,88
4574,365920000,366000000,8360,2096
4575,366000000,366080000,2904,776
4576,366080000,366160000,140,72
4577,366160000,366240000,125,72
4578,366240000,366320000,158,80
4579,366320000,366400000,3109,861
4580,366400000,366480000,7975,2020
4581,366480000,366560000,125,72
4582,366560000,366640000,128,72
4583,366640000,366720000,136,76
4584,366720000,366800000,162,88
4585,366800000,366880000,8259,2098
4586,366880000,366960000,2876,774
4587,366960000,367040000,125,72
4588,367040000,367120000,131,72
4589,367120000,367200000,147,80
4590,367200000,367280000,3089,865
4591,367280000,367360000,8070,2021
4592,367360000,367440000,137,72
4593,367440000,367520000,125,72
4594,367520000,367600000,143,76
4595,367600000,367680000,162,92
4596,367680000,367760000,8330,2096
4597,367760000,367840000,2923,774
4598,367840000,367920000,128,72
4599,367920000,368000000,125,72
4600,368000000,368080000,160,80
4601,368080000,368160000,3075,865
4602,368160000,368240000,7983,2019
4603,368240000,368320000,126,73
4604,368320000,368400000,131,72
4605,368400000,368480000,140,76
4606,368480000,368560000,171,92
4607,368560000,368640000,8100,2102
4608,368640000,368720000,2877,778
4609,368720000,368800000,125,72
4610,368800000,368880000,128,72
4611,368880000,368960000,143,80
4612,368960000,369040000,3051,865
4613,369040000,369120000,8007,2022
4614,369120000,369200000,129,73
4615,369200000,369280000,125,72
4616,369280000,369360000,149,76
4617,369360000,369440000,160,92
4618,369440000,369520000,8259,2096
4619,369520000,369600000,2896,778
4620,369600000,369680000,131,72
4621,369680000,369760000,125,72
4622,369760000,369840000,154,80
4623,369840000,369920000,3067,861
4624,369920000,370000000,7994,2020
4625,370000000,370080000,125,72
4626,370080000,370160000,128,72
4627,370160000,370240000,140,76
4628,370240000,370320000,157,88
4629,370320000,370400000,8295,2098
4630,370400000,370480000,2878,774
4631,370480000,370560000,125,72
4632,370560000,370640000,134,72
4633,370640000,370720000,151,80
4634,370720000,370800000,3106,861
4635,370800000,370880000,8197,2021
4636,370880000,370960000,131,72
4637,370960000,371040000,125,72
4638,371040000,371120000,147,76
4639,371120000,371200000,155,88
4640,371200000,371280000,8547,2096
4641,371280000,371360000,2922,774
4642,371360000,371440000,128,72
4643,371440000,371520000,125,72
4644,371520000,371600000,155,80
4645,371600000,371680000,3141,861
4646,371680000,371760000,8037,2019
4647,371760000,371840000,126,73
4648,371840000,371920000,134,72
4649,371920000,372000000,140,76
4650,372000000,372080000,161,91
4651,372080000,372160000,8176,2053
4652,372160000,372240000,2882,777
4653,372240000,372320000,125,72
4654,372320000,372400000,128,72
4655,372400000,372480000,149,80
4656,372480000,372560000,3169,865
4657,372560000,372640000,8138,2019
4658,372640000,372720000,129,73
4659,372720000,372800000,125,72
4660,372800000,372880000,148,76
4661,372880000,372960000,166,92
4662,372960000,373040000,8532,2096
4663,373040000,373120000,2941,778
4664,373120000,373200000,134,72
4665,373200000,373280000,125,72
4666,373280000,373360000,160,80
4667,373360000,373440000,3243,865
4668,373440000,373520000,8152,2020
4669,373520000,373600000,125,72
4670,373600000,373680000,128,72
4671,373680000,373760000,140,76
4672,373760000,373840000,180,92
4673,373840000,373920000,8467,2098
4674,373920000,374000000,2895,774
4675,374000000,374080000,125,72
4676,374080000,374160000,131,72
4677,374160000,374240000,151,80
4678,374240000,374320000,3280,865
4679,374320000,374400000,8348,2021
4680,374400000,374480000,134,72
4681,374480000,374560000,125,72
4682,374560000,374640000,147,76
4683,374640000,374720000,164,92
4684,374720000,374800000,8646,2096
4685,374800000,374880000,2921,774
4686,374880000,374960000,128,72
4687,374960000,375040000,125,72
4688,375040000,375120000,167,80
4689,375120000,375200000,2991,865
4690,375200000,375280000,8038,2019
4691,375280000,375360000,126,73
4692,375360000,375440000,131,72
4693,375440000,375520000,144,76
4694,375520000,375600000,169,92
4695,375600000,375680000,7961,2106
4696,375680000,375760000,2778,778
4697,375760000,375840000,125,72
4698,375840000,375920000,128,72
4699,375920000,376000000,145,80
4700,376000000,376080000,2851,865
4701,376080000,376160000,7670,2024
4702,376160000,376240000,129,73
4703,376240000,376320000,125,72
4704,376320000,376400000,153,76
4705,376400000,376480000,172,92
4706,376480000,376560000,7943,2096
4707,376560000,376640000,2808,778
4708,376640000,376720000,131,72
4709,376720000,376800000,125,72
4710,376800000,376880000,156,80
4711,376880000,376960000,2901,865
4712,376960000,377040000,7647,2020
4713,377040000,377120000,125,72
4714,377120000,377200000,128,72
4715,377200000,377280000,138,76
4716,377280000,377360000,181,96
4717,377360000,377440000,7852,2098
4718,377440000,377520000,2794,774
4719,377520000,377600000,125,72
4720,377600000,377680000,137,72
4721,377680000,377760000,153,80
4722,377760000,377840000,3019,869
4723,377840000,377920000,7882,2021
4724,377920000,378000000,131,72
4725,378000000,378080000,125,72
4726,378080000,378160000,145,76
4727,378160000,378240000,183,96
4728,378240000,378320000,8057,2096
4729,378320000,378400000,2803,774
4730,378400000,378480000,128,72
4731,378480000,378560000,125,72
4732,378560000,378640000,153,80
4733,378640000,378720000,3023,869
4734,378720000,378800000,7813,2019
4735,378800000,378880000,126,73
4736,378880000,378960000,146,72
4737,378960000,379040000,140,76
4738,379040000,379120000,176,96
4739,379120000,379200000,8002,2100
4740,379200000,379280000,2847,778
4741,379280000,379360000,125,72
4742,379360000,379440000,128,72
4743,379440000,379520000,152,83
4744,379520000,379600000,2943,837
4745,379600000,379680000,7848,1992
4746,379680000,379760000,129,73
4747,379760000,379840000,125,72
4748,379840000,379920000,148,76
4749,379920000,380000000,151,88
4750,380000000,380080000,8226,2096
4751,380080000,380160000,2898,778
4752,380160000,380240000,137,72
4753,380240000,380320000,125,72
4754,380320000,380400000,167,84
4755,380400000,380480000,3068,857
4756,380480000,380560000,7830,2020
4757,380560000,380640000,125,72
4758,380640000,380720000,128,72
4759,380720000,380800000,138,76
4760,380800000,380880000,162,88
4761,380880000,380960000,8087,2098
4762,380960000,381040000,2804,772
4763,381040000,381120000,125,72
4764,381120000,381200000,131,72
4765,381200000,381280000,158,84
4766,381280000,381360000,3059,857
4767,381360000,381440000,7992,2021
4768,381440000,381520000,140,72
4769,381520000,381600000,125,72
4770,381600000,381680000,145,76
4771,381680000,381760000,157,88
4772,381760000,381840000,8403,2096
4773,381840000,381920000,2878,774
4774,381920000,382000000,128,72
4775,382000000,382080000,125,72
4776,382080000,382160000,171,84
4777,382160000,382240000,2989,861
4778,382240000,382320000,7863,2019
4779,382320000,382400000,126,73
4780,382400000,382480000,131,72
4781,382480000,382560000,142,76
4782,382560000,382640000,165,92
4783,382640000,382720000,7941,2102
4784,382720000,382800000,2870,778
4785,382800000,382880000,125,72
4786,382880000,382960000,128,72
4787,382960000,383040000,156,84
4788,383040000,383120000,3040,861
4789,383120000,383200000,7951,2022
4790,383200000,383280000,129,73
4791,383280000,383360000,125,72
4792,383360000,383440000,151,76
4793,383440000,383520000,166,92
4794,383520000,383600000,8214,2096
4795,383600000,383680000,2902,778
4796,383680000,383760000,131,72
4797,383760000,383840000,125,72
4798,383840000,383920000,171,84
4799,383920000,384000000,3117,861
4800,384000000,384080000,8023,2020
4801,384080000,384160000,125,72
4802,384160000,384240000,128,72
4803,384240000,384320000,142,76
4804,384320000,384400000,168,92
4805,384400000,384480000,8158,2098
4806,384480000,384560000,2897,774
4807,384560000,384640000,125,72
4808,384640000,384720000,134,72
4809,384720000,384800000,164,84
4810,384800000,384880000,3106,861
4811,384880000,384960000,8152,2021
4812,384960000,385040000,131,72
4813,385040000,385120000,125,72
4814,385120000,385200000,149,76
4815,385200000,385280000,170,92
4816,385280000,385360000,8375,2096
4817,385360000,385440000,2896,774
4818,385440000,385520000,128,72
4819,385520000,385600000,125,72
4820,385600000,385680000,168,84
4821,385680000,385760000,3042,861
4822,385760000,385840000,7877,2019
4823,385840000,385920000,126,73
4824,385920000,386000000,134,72
4825,386000000,386080000,140,76
4826,386080000,386160000,171,92
4827,386160000,386240000,8195,2100
4828,386240000,386320000,2894,778
4829,386320000,386400000,125,72
4830,386400000,386480000,128,72
4831,386480000,386560000,160,84
4832,386560000,386640000,3137,861
4833,386640000,386720000,8029,2021
4834,386720000,386800000,129,73
4835,386800000,386880000,125,72
4836,386880000,386960000,148,76
4837,386960000,387040000,175,95
4838,387040000,387120000,8282,2049
4839,387120000,387200000,2930,777
4840,387200000,387280000,134,72
4841,387280000,387360000,125,72
4842,387360000,387440000,175,84
4843,387440000,387520000,3199,865
4844,387520000,387600000,8022,2018
4845,387600000,387680000,125,72
4846,387680000,387760000,128,72
4847,387760000,387840000,140,76
4848,387840000,387920000,187,96
4849,387920000,388000000,8311,2098
4850,388000000,388080000,2870,774
4851,388080000,388160000,125,72
4852,388160000,388240000,131,72
4853,388240000,388320000,164,84
4854,388320000,388400000,3204,865
4855,388400000,388480000,8181,2021
4856,388480000,388560000,134,72
4857,388560000,388640000,125,72
4858,388640000,388720000,147,76
4859,388720000,388800000,183,96
4860,388800000,388880000,8521,2096
4861,388880000,388960000,2928,774
4862,388960000,389040000,128,72
4863,389040000,389120000,125,72
4864,389120000,389200000,188,84
4865,389200000,389280000,3130,865
4866,389280000,389360000,8065,2019
4867,389360000,389440000,126,73
4868,389440000,389520000,131,72
4869,389520000,389600000,144,76
4870,389600000,389680000,167,92
4871,389680000,389760000,8020,2104
4872,389760000,389840000,2873,778
4873,389840000,389920000,125,72
4874,389920000,390000000,128,72
4875,390000000,390080000,158,84
4876,390080000,390160000,2971,861
4877,390160000,390240000,7936,2023
4878,390240000,390320000,129,73
4879,390320000,390400000,125,72
4880,390400000,390480000,154,76
4881,390480000,390560000,168,92
4882,390560000,390640000,8287,2096
4883,390640000,390720000,2935,778
4884,390720000,390800000,131,72
4885,390800000,390880000,125,72
4886,390880000,390960000,173,84
4887,390960000,391040000,3085,861
4888,391040000,391120000,7997,2020
4889,391120000,391200000,125,72
4890,391200000,391280000,128,72
4891,391280000,391360000,142,76
4892,391360000,391440000,174,92
4893,391440000,391520000,8282,2098
4894,391520000,391600000,2927,774
4895,391600000,391680000,125,72
4896,391680000,391760000,140,72
4897,391760000,391840000,168,84
4898,391840000,391920000,3090,861
4899,391920000,392000000,8167,2021
4900,392000000,392080000,131,72
4901,392080000,392160000,125,72
4902,392160000,392240000,149,76
4903,392240000,392320000,181,96
4904,392320000,392400000,8411,2096
4905,392400000,392480000,2925,774
4906,392480000,392560000,128,72
4907,392560000,392640000,125,72
4908,392640000,392720000,174,84
4909,392720000,392800000,3125,865
4910,392800000,392880000,8047,2019
4911,392880000,392960000,126,73
4912,392960000,393040000,137,72
4913,393040000,393120000,144,76
4914,393120000,393200000,182,96
4915,393200000,393280000,8236,2100
4916,393280000,393360000,2927,778
4917,393360000,393440000,125,72
4918,393440000,393520000,128,72
4919,393520000,393600000,164,84
4920,393600000,393680000,3180,865
4921,393680000,393760000,8222,2021
4922,393760000,393840000,129,73
4923,393840000,393920000,125,72
4924,393920000,394000000,152,76
4925,394000000,394080000,185,96
4926,394080000,394160000,8565,2096
4927,394160000,394240000,2990,778
4928,394240000,394320000,143,72
4929,394320000,394400000,125,72
4930,394400000,394480000,179,84
4931,394480000,394560000,3165,844
4932,394560000,394640000,7971,1991
4933,394640000,394720000,125,72
4934,394720000,394800000,128,72
4935,394800000,394880000,134,76
4936,394880000,394960000,184,96
4937,394960000,395040000,8255,2098
4938,395040000,395120000,2910,774
4939,395120000,395200000,125,72
4940,395200000,395280000,131,72
4941,395280000,395360000,160,84
4942,395360000,395440000,3208,865
4943,395440000,395520000,8115,2021
4944,395520000,395600000,137,72
4945,395600000,395680000,125,72
4946,395680000,395760000,141,76
4947,395760000,395840000,189,96
4948,395840000,395920000,8483,2096
4949,395920000,396000000,2934,772
4950,396000000,396080000,128,72
4951,396080000,396160000,125,72
4952,396160000,396240000,173,84
4953,396240000,396320000,3134,865
4954,396320000,396400000,8016,2019
4955,396400000,396480000,126,73
4956,396480000,396560000,131,72
4957,396560000,396640000,138,76
4958,396640000,396720000,188,96
4959,396720000,396800000,8288,2102
4960,396800000,396880000,2932,778
4961,396880000,396960000,125,72
4962,396960000,397040000,128,72
4963,397040000,397120000,152,84
4964,397120000,397200000,3107,869
4965,397200000,397280000,7994,2022
4966,397280000,397360000,129,73
4967,397360000,397440000,125,72
4968,397440000,397520000,147,76
4969,397520000,397600000,188,100
4970,397600000,397680000,8327,2096
4971,397680000,397760000,2950,778
4972,397760000,397840000,131,72
4973,397840000,397920000,125,72
4974,397920000,398000000,167,84
4975,398000000,398080000,3246,869
4976,398080000,398160000,8088,2020
4977,398160000,398240000,125,72
4978,398240000,398320000,128,72
4979,398320000,398400000,138,76
4980,398400000,398480000,192,100
4981,398480000,398560000,8411,2098
4982,398560000,398640000,2921,774
4983,398640000,398720000,125,72
4984,398720000,398800000,134,72
4985,398800000,398880000,158,84
4986,398880000,398960000,3281,869
4987,398960000,399040000,8316,2021
4988,399040000,399120000,131,72
4989,399120000,399200000,125,72
4990,399200000,399280000,145,76
4991,399280000,399360000,188,100
4992,399360000,399440000,8533,2096
4993,399440000,399520000,2987,774
4994,399520000,399600000,128,72
4995,399600000,399680000,125,72
4996,399680000,399760000,149,80
4997,399760000,399840000,3161,857
4998,399840000,399920000,8071,2019
4999,399920000,400000000,126,73
5000,400000000,400080000,134,72
5001,400080000,400160000,138,76
5002,400160000,400240000,143,84
5003,400240000,400320000,8366,2100
5004,400320000,400400000,2960,778
5005,400400000,400480000,125,72
5006,400480000,400560000,128,72
5007,400560000,400640000,143,80
5008,400640000,400720000,3192,857
5009,400720000,400800000,8190,2021
5010,400800000,400880000,129,73
5011,400880000,400960000,125,72
5012,400960000,401040000,146,76
5013,401040000,401120000,140,84
5014,401120000,401200000,8683,2096
5015,401200000,401280000,3017,778
5016,401280000,401360000,134,72
5017,401360000,401440000,125,72
5018,401440000,401520000,154,80
5019,401520000,401600000,3336,857
5020,401600000,401680000,8232,2020
5021,401680000,401760000,125,72
5022,401760000,401840000,128,72
5023,401840000,401920000,138,76
5024,401920000,402000000,160,87
5025,402000000,402080000,8467,2051
5026,402080000,402160000,2948,773
5027,402160000,402240000,125,72
5028,402240000,402320000,131,72
5029,402320000,402400000,147,80
5030,402400000,402480000,3310,861
5031,402480000,402560000,8372,2019
5032,402560000,402640000,134,72
5033,402640000,402720000,125,72
5034,402720000,402800000,145,76
5035,402800000,402880000,151,88
5036,402880000,402960000,8769,2096
5037,402960000,403040000,2968,774
5038,403040000,403120000,128,72
5039,403120000,403200000,125,72
5040,403200000,403280000,163,80
5041,403280000,403360000,3032,861
5042,403360000,403440000,8048,2019
5043,403440000,403520000,126,73
5044,403520000,403600000,131,72
5045,403600000,403680000,142,76
5046,403680000,403760000,154,88
5047,403760000,403840000,7949,2108
5048,403840000,403920000,2837,778
5049,403920000,404000000,125,72
5050,404000000,404080000,128,72
5051,404080000,404160000,141,80
5052,404160000,404240000,2939,861
5053,404240000,404320000,7924,2025
5054,404320000,404400000,129,73
5055,404400000,404480000,125,72
5056,404480000,404560000,156,76
5057,404560000,404640000,149,88
5058,404640000,404720000,8041,2096
5059,404720000,404800000,2878,778
5060,404800000,404880000,131,72
5061,404880000,404960000,125,72
5062,404960000,405040000,152,80
5063,405040000,405120000,2938,861
5064,405120000,405200000,7856,2020
5065,405200000,405280000,125,72
5066,405280000,405360000,128,72
5067,405360000,405440000,138,76
5068,405440000,405520000,157,88
5069,405520000,405600000,8106,2098
5070,405600000,405680000,2874,774
5071,405680000,405760000,125,72
5072,405760000,405840000,137,72
5073,405840000,405920000,149,80
5074,405920000,406000000,3013,861
5075,406000000,406080000,8074,2021
5076,406080000,406160000,131,72
5077,406160000,406240000,125,72
5078,406240000,406320000,145,76
5079,406320000,406400000,157,88
5080,406400000,406480000,8311,2096
5081,406480000,406560000,2849,774
5082,406560000,406640000,128,72
5083,406640000,406720000,125,72
5084,406720000,406800000,155,80
5085,406800000,406880000,2975,861
5086,406880000,406960000,7883,2019
5087,406960000,407040000,126,73
5088,407040000,407120000,140,72
5089,407120000,407200000,140,76
5090,407200000,407280000,163,92
5091,407280000,407360000,8064,2100
5092,407360000,407440000,2868,778
5093,407440000,407520000,125,72
5094,407520000,407600000,128,72
5095,407600000,407680000,149,80
5096,407680000,407760000,3061,865
5097,407760000,407840000,8051,2021
5098,407840000,407920000,129,73
5099,407920000,408000000,125,72
5100,408000000,408080000,148,76
5101,408080000,408160000,164,92
5102,408160000,408240000,8303,2096
5103,408240000,408320000,2913,778
5104,408320000,408400000,137,72
5105,408400000,408480000,125,72
5106,408480000,408560000,160,80
5107,408560000,408640000,3158,865
5108,408640000,408720000,8046,2020
5109,408720000,408800000,125,72
5110,408800000,408880000,128,72
5111,408880000,408960000,138,76
5112,408960000,409040000,171,92
5113,409040000,409120000,8278,2098
5114,409120000,409200000,2873,774
5115,409200000,409280000,125,72
5116,409280000,409360000,131,72
5117,409360000,409440000,147,80
5118,409440000,409520000,3064,840
5119,409520000,409600000,8106,1992
5120,409600000,409680000,155,72
5121,409680000,409760000,125,72
5122,409760000,409840000,145,76
5123,409840000,409920000,151,88
5124,409920000,410000000,8489,2096
5125,410000000,410080000,2928,774
5126,410080000,410160000,128,72
5127,410160000,410240000,125,72
5128,410240000,410320000,160,80
5129,410320000,410400000,3051,861
5130,410400000,410480000,8027,2019
5131,410480000,410560000,126,73
5132,410560000,410640000,131,72
5133,410640000,410720000,142,76
5134,410720000,410800000,158,88
5135,410800000,410880000,8182,2102
5136,410880000,410960000,2875,776
5137,410960000,411040000,125,72
5138,411040000,411120000,128,72
5139,411120000,411200000,147,80
5140,411200000,411280000,3020,861
5141,411280000,411360000,8075,2022
5142,411360000,411440000,129,73
5143,411440000,411520000,125,72
5144,411520000,411600000,151,76
5145,411600000,411680000,155,88
5146,411680000,411760000,8460,2096
5147,411760000,411840000,2935,778
5148,411840000,411920000,131,72
5149,411920000,412000000,125,72
5150,412000000,412080000,158,80
5151,412080000,412160000,3098,865
5152,412160000,412240000,8072,2020
5153,412240000,412320000,125,72
5154,412320000,412400000,128,72
5155,412400000,412480000,142,76
5156,412480000,412560000,166,92
5157,412560000,412640000,8308,2098
5158,412640000,412720000,2901,774
5159,412720000,412800000,125,72
5160,412800000,412880000,134,72
5161,412880000,412960000,155,80
5162,412960000,413040000,3217,865
5163,413040000,413120000,8306,2021
5164,413120000,413200000,131,72
5165,413200000,413280000,125,72
5166,413280000,413360000,149,76
5167,413360000,413440000,170,92
5168,413440000,413520000,8453,2096
5169,413520000,413600000,2872,774
5170,413600000,413680000,128,72
5171,413680000,413760000,125,72
5172,413760000,413840000,153,80
5173,413840000,413920000,3119,865
5174,413920000,414000000,7929,2019
5175,414000000,414080000,126,73
5176,414080000,414160000,134,72
5177,414160000,414240000,138,76
5178,414240000,414320000,165,92
5179,414320000,414400000,8081,2100
5180,414400000,414480000,2892,778
5181,414480000,414560000,125,72
5182,414560000,414640000,128,72
5183,414640000,414720000,147,80
5184,414720000,414800000,3105,865
5185,414800000,414880000,7997,2021
5186,414880000,414960000,129,73
5187,414960000,415040000,125,72
5188,415040000,415120000,146,76
5189,415120000,415200000,168,92
5190,415200000,415280000,8378,2096
5191,415280000,415360000,2943,778
5192,415360000,415440000,134,72
5193,415440000,415520000,125,72
5194,415520000,415600000,158,80
5195,415600000,415680000,3169,865
5196,415680000,415760000,8009,2020
5197,415760000,415840000,125,72
5198,415840000,415920000,128,72
5199,415920000,416000000,138,76
5200,416000000,416080000,178,92
5201,416080000,416160000,8392,2098
5202,416160000,416240000,2899,774
5203,416240000,416320000,125,72
5204,416320000,416400000,131,72
5205,416400000,416480000,151,80
5206,416480000,416560000,3226,865
5207,416560000,416640000,8199,2021
5208,416640000,416720000,134,72
5209,416720000,416800000,125,72
5210,416800000,416880000,145,76
5211,416880000,416960000,175,95
5212,416960000,417040000,8451,2049
5213,417040000,417120000,2920,773
5214,417120000,417200000,128,72
5215,417200000,417280000,125,72
5216,417280000,417360000,170,80
5217,417360000,417440000,3083,869
5218,417440000,417520000,8001,2017
5219,417520000,417600000,126,73
5220,417600000,417680000,131,72
5221,417680000,417760000,142,76
5222,417760000,417840000,184,96
5223,417840000,417920000,8053,2104
5224,417920000,418000000,2862,778
5225,418000000,418080000,125,72
5226,418080000,418160000,128,72
5227,418160000,418240000,143,80
5228,418240000,418320000,3015,869
5229,418320000,418400000,7958,2023
5230,418400000,418480000,129,73
5231,418480000,418560000,125,72
5232,418560000,418640000,152,76
5233,418640000,418720000,177,96
5234,418720000,418800000,8202,2096
5235,418800000,418880000,2926,778
5236,418880000,418960000,131,72
5237,418960000,419040000,125,72
5238,419040000,419120000,154,80
5239,419120000,419200000,3161,869
5240,419200000,419280000,8046,2020
5241,419280000,419360000,125,72
5242,419360000,419440000,128,72
5243,419440000,419520000,140,76
5244,419520000,419600000,155,88
5245,419600000,419680000,8184,2098
5246,419680000,419760000,2920,774
5247,419760000,419840000,125,72
5248,419840000,419920000,146,72
5249,419920000,420000000,158,84
5250,420000000,420080000,3097,857
5251,420080000,420160000,8176,2021
5252,420160000,420240000,131,72
5253,420240000,420320000,125,72
5254,420320000,420400000,147,76
5255,420400000,420480000,155,88
5256,420480000,420560000,8505,2096
5257,420560000,420640000,2935,774
5258,420640000,420720000,128,72
5259,420720000,420800000,125,72
5260,420800000,420880000,166,84
5261,420880000,420960000,3105,857
5262,420960000,421040000,8047,2019
5263,421040000,421120000,126,73
5264,421120000,421200000,137,72
5265,421200000,421280000,142,76
5266,421280000,421360000,158,88
5267,421360000,421440000,8331,2100
5268,421440000,421520000,2929,778
5269,421520000,421600000,125,72
5270,421600000,421680000,128,72
5271,421680000,421760000,158,84
5272,421760000,421840000,3124,857
5273,421840000,421920000,8130,2021
5274,421920000,422000000,129,73
5275,422000000,422080000,125,72
5276,422080000,422160000,150,76
5277,422160000,422240000,162,92
5278,422240000,422320000,8493,2096
5279,422320000,422400000,2977,778
5280,422400000,422480000,140,72
5281,422480000,422560000,125,72
5282,422560000,422640000,173,84
5283,422640000,422720000,3224,861
5284,422720000,422800000,8091,2020
5285,422800000,422880000,125,72
5286,422880000,422960000,128,72
5287,422960000,423040000,138,76
5288,423040000,423120000,169,92
5289,423120000,423200000,8278,2098
5290,423200000,423280000,2927,774
5291,423280000,423360000,125,72
5292,423360000,423440000,131,72
5293,423440000,423520000,160,84
5294,423520000,423600000,3231,861
5295,423600000,423680000,8275,2021
5296,423680000,423760000,137,72
5297,423760000,423840000,125,72
5298,423840000,423920000,145,76
5299,423920000,424000000,170,92
5300,424000000,424080000,8596,2096
5301,424080000,424160000,2993,774
5302,424160000,424240000,128,72
5303,424240000,424320000,125,72
5304,424320000,424400000,171,84
5305,424400000,424480000,3079,840
5306,424480000,424560000,8043,1990
5307,424560000,424640000,126,73
5308,424640000,424720000,131,72
5309,424720000,424800000,142,76
5310,424800000,424880000,167,92
5311,424880000,424960000,8270,2102
5312,424960000,425040000,2958,778
5313,425040000,425120000,125,72
5314,425120000,425200000,128,72
5315,425200000,425280000,158,84
5316,425280000,425360000,3133,861
5317,425360000,425440000,8085,2022
5318,425440000,425520000,129,73
5319,425520000,425600000,125,72
5320,425600000,425680000,151,76
5321,425680000,425760000,170,92
5322,425760000,425840000,8466,2096
5323,425840000,425920000,2946,776
5324,425920000,426000000,131,72
5325,426000000,426080000,125,72
5326,426080000,426160000,173,84
5327,426160000,426240000,3206,861
5328,426240000,426320000,8141,2020
5329,426320000,426400000,125,72
5330,426400000,426480000,128,72
5331,426480000,426560000,142,76
5332,426560000,426640000,174,92
5333,426640000,426720000,8583,2098
5334,426720000,426800000,2947,774
5335,426800000,426880000,125,72
5336,426880000,426960000,134,72
5337,426960000,427040000,168,84
5338,427040000,427120000,3246,865
5339,427120000,427200000,8309,2021
5340,427200000,427280000,131,72
5341,427280000,427360000,125,72
5342,427360000,427440000,149,76
5343,427440000,427520000,181,96
5344,427520000,427600000,8603,2096
5345,427600000,427680000,2984,774
5346,427680000,427760000,128,72
5347,427760000,427840000,125,72
5348,427840000,427920000,170,84
5349,427920000,428000000,3261,865
5350,428000000,428080000,8166,2019
5351,428080000,428160000,126,73
5352,428160000,428240000,134,72
5353,428240000,428320000,142,76
5354,428320000,428400000,184,96
5355,428400000,428480000,8466,2100
5356,428480000,428560000,2947,778
5357,428560000,428640000,125,72
5358,428640000,428720000,128,72
5359,428720000,428800000,158,84
5360,428800000,428880000,3294,865
5361,428880000,428960000,8315,2021
5362,428960000,429040000,129,73
5363,429040000,429120000,125,72
5364,429120000,429200000,150,76
5365,429200000,429280000,175,96
5366,429280000,429360000,8671,2096
5367,429360000,429440000,3030,778
5368,429440000,429520000,134,72
5369,429520000,429600000,125,72
5370,429600000,429680000,173,84
5371,429680000,429760000,3301,861
5372,429760000,429840000,8268,2020
5373,429840000,429920000,125,72
5374,429920000,430000000,128,72
5375,430000000,430080000,142,76
5376,430080000,430160000,188,92
5377,430160000,430240000,8641,2098
5378,430240000,430320000,2969,774
5379,430320000,430400000,125,72
5380,430400000,430480000,131,72
5381,430480000,430560000,166,84
5382,430560000,430640000,3288,861
5383,430640000,430720000,8426,2021
5384,430720000,430800000,134,72
5385,430800000,430880000,125,72
5386,430880000,430960000,149,76
5387,430960000,431040000,172,92
5388,431040000,431120000,8914,2096
5389,431120000,431200000,3003,774
5390,431200000,431280000,128,72
5391,431280000,431360000,125,72
5392,431360000,431440000,182,84
5393,431440000,431520000,3155,861
5394,431520000,431600000,8203,2019
5395,431600000,431680000,126,73
5396,431680000,431760000,131,72
5397,431760000,431840000,146,76
5398,431840000,431920000,178,95
5399,431920000,432000000,8054,2059
5400,432000000,432080000,2847,777
5401,432080000,432160000,125,72
5402,432160000,432240000,128,72
5403,432240000,432320000,156,84
5404,432320000,432400000,3014,865
5405,432400000,432480000,7946,2022
5406,432480000,432560000,129,73
5407,432560000,432640000,125,72
5408,432640000,432720000,153,76
5409,432720000,432800000,181,96
5410,432800000,432880000,8234,2096
5411,432880000,432960000,2899,778
5412,432960000,433040000,131,72
5413,433040000,433120000,125,72
5414,433120000,433200000,171,84
5415,433200000,433280000,3100,865
5416,433280000,433360000,7980,2020
5417,433360000,433440000,125,72
5418,433440000,433520000,128,72
5419,433520000,433600000,138,76
5420,433600000,433680000,183,96
5421,433680000,433760000,8217,2098
5422,433760000,433840000,2902,774
5423,433840000,433920000,125,72
5424,433920000,434000000,137,72
5425,434000000,434080000,164,84
5426,434080000,434160000,3189,865
5427,434160000,434240000,8225,2021
5428,434240000,434320000,131,72
5429,434320000,434400000,125,72
5430,434400000,434480000,145,76
5431,434480000,434560000,183,96
5432,434560000,434640000,8409,2096
5433,434640000,434720000,2909,774
5434,434720000,434800000,128,72
5435,434800000,434880000,125,72
5436,434880000,434960000,172,84
5437,434960000,435040000,3087,865
5438,435040000,435120000,8028,2019
5439,435120000,435200000,126,73
5440,435200000,435280000,143,72
5441,435280000,435360000,140,76
5442,435360000,435440000,186,96
5443,435440000,435520000,8330,2100
5444,435520000,435600000,2947,778
5445,435600000,435680000,125,72
5446,435680000,435760000,128,72
5447,435760000,435840000,164,84
5448,435840000,435920000,3150,865
5449,435920000,436000000,8177,2021
5450,436000000,436080000,129,73
5451,436080000,436160000,125,72
5452,436160000,436240000,148,76
5453,436240000,436320000,191,96
5454,436320000,436400000,8569,2096
5455,436400000,436480000,2982,778
5456,436480000,436560000,137,72
5457,436560000,436640000,125,72
5458,436640000,436720000,179,84
5459,436720000,436800000,3187,865
5460,436800000,436880000,8082,2020
5461,436880000,436960000,125,72
5462,436960000,437040000,128,72
5463,437040000,437120000,138,76
5464,437120000,437200000,191,100
5465,437200000,437280000,8352,2098
5466,437280000,437360000,2911,774
5467,437360000,437440000,125,72
5468,437440000,437520000,131,72
5469,437520000,437600000,160,84
5470,437600000,437680000,3261,869
5471,437680000,437760000,8262,2021
5472,437760000,437840000,140,72
5473,437840000,437920000,125,72
5474,437920000,438000000,145,76
5475,438000000,438080000,194,100
5476,438080000,438160000,8578,2096
5477,438160000,438240000,2963,774
5478,438240000,438320000,128,72
5479,438320000,438400000,125,72
5480,438400000,438480000,169,84
5481,438480000,438560000,3219,869
5482,438560000,438640000,8222,2019
5483,438640000,438720000,126,73
5484,438720000,438800000,131,72
5485,438800000,438880000,142,76
5486,438880000,438960000,189,100
5487,438960000,439040000,8387,2102
5488,439040000,439120000,2978,778
5489,439120000,439200000,125,72
5490,439200000,439280000,128,72
5491,439280000,439360000,152,83
5492,439360000,439440000,3084,837
5493,439440000,439520000,8162,1993
5494,439520000,439600000,129,73
5495,439600000,439680000,125,72
5496,439680000,439760000,151,76
5497,439760000,439840000,151,88
5498,439840000,439920000,8564,2096
5499,439920000,440000000,3023,778
5500,440000000,440080000,131,72
5501,440080000,440160000,125,72
5502,440160000,440240000,167,84
5503,440240000,440320000,3217,857
5504,440320000,440400000,8247,2020
5505,440400000,440480000,125,72
5506,440480000,440560000,128,72
5507,440560000,440640000,142,76
5508,440640000,440720000,161,88
5509,440720000,440800000,8569,2098
5510,440800000,440880000,2964,772
5511,440880000,440960000,125,72
5512,440960000,441040000,134,72
5513,441040000,441120000,164,84
5514,441120000,441200000,3252,857
5515,441200000,441280000,8437,2021
5516,441280000,441360000,131,72
5517,441360000,441440000,125,72
5518,441440000,441520000,149,76
5519,441520000,441600000,159,88
5520,441600000,441680000,8795,2096
5521,441680000,441760000,2983,774
5522,441760000,441840000,128,72
5523,441840000,441920000,125,72
5524,441920000,442000000,164,84
5525,442000000,442080000,3189,861
5526,442080000,442160000,8124,2019
5527,442160000,442240000,126,73
5528,442240000,442320000,134,72
5529,442320000,442400000,140,76
5530,442400000,442480000,163,92
5531,442480000,442560000,8383,2100
5532,442560000,442640000,2974,778
5533,442640000,442720000,125,72
5534,442720000,442800000,128,72
5535,442800000,442880000,158,84
5536,442880000,442960000,3304,861
5537,442960000,443040000,8298,2021
5538,443040000,443120000,129,73
5539,443120000,443200000,125,72
5540,443200000,443280000,148,76
5541,443280000,443360000,168,92
5542,443360000,443440000,8704,2096
5543,443440000,443520000,3011,778
5544,443520000,443600000,134,72
5545,443600000,443680000,125,72
5546,443680000,443760000,173,84
5547,443760000,443840000,3369,861
5548,443840000,443920000,8337,2020
5549,443920000,444000000,125,72
5550,444000000,444080000,128,72
5551,444080000,444160000,140,76
5552,444160000,444240000,174,92
5553,444240000,444320000,8582,2098
5554,444320000,444400000,2955,774
5555,444400000,444480000,125,72
5556,444480000,444560000,131,72
5557,444560000,444640000,162,84
5558,444640000,444720000,3318,861
5559,444720000,444800000,8412,2021
5560,444800000,444880000,134,72
5561,444880000,444960000,125,72
5562,444960000,445040000,147,76
5563,445040000,445120000,170,92
5564,445120000,445200000,8875,2096
5565,445200000,445280000,2997,774
5566,445280000,445360000,128,72
5567,445360000,445440000,125,72
5568,445440000,445520000,186,84
5569,445520000,445600000,3174,861
5570,445600000,445680000,8230,2019
5571,445680000,445760000,126,73
5572,445760000,445840000,131,72
5573,445840000,445920000,144,76
5574,445920000,446000000,173,92
5575,446000000,446080000,8462,2104
5576,446080000,446160000,2937,778
5577,446160000,446240000,125,72
5578,446240000,446320000,128,72
5579,446320000,446400000,156,84
5580,446400000,446480000,3162,861
5581,446480000,446560000,8209,2023
5582,446560000,446640000,129,73
5583,446640000,446720000,125,72
5584,446720000,446800000,154,76
5585,446800000,446880000,171,95
5586,446880000,446960000,8460,2049
5587,446960000,447040000,2970,777
5588,447040000,447120000,131,72
5589,447120000,447200000,125,72
5590,447200000,447280000,171,84
5591,447280000,447360000,3237,865
5592,447360000,447440000,8235,2018
5593,447440000,447520000,125,72
5594,447520000,447600000,128,72
5595,447600000,447680000,142,76
5596,447680000,447760000,183,96
5597,447760000,447840000,8547,2098
5598,447840000,447920000,2980,774
5599,447920000,448000000,125,72
5600,448000000,448080000,140,72
5601,448080000,448160000,168,84
5602,448160000,448240000,3282,865
5603,448240000,448320000,8456,2021
5604,448320000,448400000,131,72
5605,448400000,448480000,125,72
5606,448480000,448560000,149,76
5607,448560000,448640000,185,96
5608,448640000,448720000,8750,2096
5609,448720000,448800000,2991,774
5610,448800000,448880000,128,72
5611,448880000,448960000,125,72
5612,448960000,449040000,170,84
5613,449040000,449120000,3326,865
5614,449120000,449200000,8344,2019
5615,449200000,449280000,126,73
5616,449280000,449360000,137,72
5617,449360000,449440000,144,76
5618,449440000,449520000,167,92
5619,449520000,449600000,8559,2100
5620,449600000,449680000,2986,778
5621,449680000,449760000,125,72
5622,449760000,449840000,128,72
5623,449840000,449920000,164,84
5624,449920000,450000000,3266,861
5625,450000000,450080000,8386,2021
5626,450080000,450160000,129,73
5627,450160000,450240000,125,72
5628,450240000,450320000,152,76
5629,450320000,450400000,170,92
5630,450400000,450480000,8909,2096
5631,450480000,450560000,3045,778
5632,450560000,450640000,152,72
5633,450640000,450720000,125,72
5634,450720000,450800000,179,84
5635,450800000,450880000,3361,861
5636,450880000,450960000,8144,2020
5637,450960000,451040000,125,72
5638,451040000,451120000,128,72
5639,451120000,451200000,138,76
5640,451200000,451280000,175,92
5641,451280000,451360000,8388,2098
5642,451360000,451440000,2943,774
5643,451440000,451520000,125,72
5644,451520000,451600000,131,72
5645,451600000,451680000,162,84
5646,451680000,451760000,3242,861
5647,451760000,451840000,8140,2021
5648,451840000,451920000,137,72
5649,451920000,452000000,125,72
5650,452000000,452080000,145,76
5651,452080000,452160000,179,96
5652,452160000,452240000,8538,2096
5653,452240000,452320000,2990,774
5654,452320000,452400000,128,72
5655,452400000,452480000,125,72
5656,452480000,452560000,177,84
5657,452560000,452640000,3229,865
5658,452640000,452720000,8057,2019
5659,452720000,452800000,126,73
5660,452800000,452880000,131,72
5661,452880000,452960000,142,76
5662,452960000,453040000,184,96
5663,453040000,453120000,8229,2102
5664,453120000,453200000,2964,778
5665,453200000,453280000,125,72
5666,453280000,453360000,128,72
5667,453360000,453440000,160,84
5668,453440000,453520000,3231,865
5669,453520000,453600000,8122,2022
5670,453600000,453680000,129,73
5671,453680000,453760000,125,72
5672,453760000,453840000,151,76
5673,453840000,453920000,185,96
5674,453920000,454000000,8515,2096
5675,454000000,454080000,3005,778
5676,454080000,454160000,131,72
5677,454160000,454240000,125,72
5678,454240000,454320000,175,84
5679,454320000,454400000,3228,844
5680,454400000,454480000,8069,1991
5681,454480000,454560000,125,72
5682,454560000,454640000,128,72
5683,454640000,454720000,142,76
5684,454720000,454800000,185,96
5685,454800000,454880000,8503,2098
5686,454880000,454960000,2996,774
5687,454960000,455040000,125,72
5688,455040000,455120000,134,72
5689,455120000,455200000,172,84
5690,455200000,455280000,3347,865
5691,455280000,455360000,8307,2021
5692,455360000,455440000,131,72
5693,455440000,455520000,125,72
5694,455520000,455600000,149,76
5695,455600000,455680000,193,96
5696,455680000,455760000,8683,2096
5697,455760000,455840000,3006,772
5698,455840000,455920000,128,72
5699,455920000,456000000,125,72
5700,456000000,456080000,170,84
5701,456080000,456160000,3302,865
5702,456160000,456240000,8132,2019
5703,456240000,456320000,126,73
5704,456320000,456400000,134,72
5705,456400000,456480000,142,76
5706,456480000,456560000,184,96
5707,456560000,456640000,8576,2100
5708,456640000,456720000,3003,778
5709,456720000,456800000,125,72
5710,456800000,456880000,128,72
5711,456880000,456960000,164,84
5712,456960000,457040000,3332,869
5713,457040000,457120000,8215,2021
5714,457120000,457200000,129,73
5715,457200000,457280000,125,72
5716,457280000,457360000,150,76
5717,457360000,457440000,194,100
5718,457440000,457520000,8661,2096
5719,457520000,457600000,3053,778
5720,457600000,457680000,134,72
5721,457680000,457760000,125,72
5722,457760000,457840000,179,84
5723,457840000,457920000,3462,869
5724,457920000,458000000,10218,2692
5725,458000000,458080000,4671,1459
5726,458080000,458160000,128,72
5727,458160000,458240000,125,72
5728,458240000,458320000,140,72
5729,458320000,458400000,1313,386
5730,458400000,458480000,8227,2328
5731,458480000,458560000,2068,609
5732,458560000,458640000,131,72
5733,458640000,458720000,125,72
5734,458720000,458800000,128,72
5735,458800000,458880000,4337,1217
5736,458880000,458960000,6443,1671
5737,458960000,459040000,125,72
5738,459040000,459120000,128,72
5739,459120000,459200000,125,72
5740,459200000,459280000,374,138
5741,459280000,459360000,8340,2160
5742,459360000,459440000,2346,664
5743,459440000,459520000,125,72
5744,459520000,459600000,137,72
5745,459600000,459680000,125,72
5746,459680000,459760000,4232,1221
5747,459760000,459840000,6306,1669
5748,459840000,459920000,131,72
5749,459920000,460000000,125,72
5750,460000000,460080000,128,72
5751,460080000,460160000,347,142
5752,460160000,460240000,7896,2168
5753,460240000,460320000,2251,665
5754,460320000,460400000,128,72
5755,460400000,460480000,125,72
5756,460480000,460560000,131,72
5757,460560000,460640000,4145,1221
5758,460640000,460720000,6341,1673
5759,460720000,460800000,125,72
5760,460800000,460880000,146,72
5761,460880000,460960000,125,72
5762,460960000,461040000,367,142
5763,461040000,461120000,8129,2160
5764,461120000,461200000,2319,661
5765,461200000,461280000,125,72
5766,461280000,461360000,128,72
5767,461360000,461440000,125,72
5768,461440000,461520000,4203,1221
5769,461520000,461600000,6414,1666
5770,461600000,461680000,128,72
5771,461680000,461760000,125,72
5772,461760000,461840000,131,72
5773,461840000,461920000,368,142
5774,461920000,462000000,8155,2162
5775,462000000,462080000,2276,655
5776,462080000,462160000,137,72
5777,462160000,462240000,125,72
5778,462240000,462320000,128,72
5779,462320000,462400000,4318,1220
5780,462400000,462480000,6409,1662
5781,462480000,462560000,125,72
5782,462560000,462640000,128,72
5783,462640000,462720000,125,72
5784,462720000,462800000,384,142
5785,462800000,462880000,8204,2113
5786,462880000,462960000,2358,658
5787,462960000,463040000,125,72
5788,463040000,463120000,131,72
5789,463120000,463200000,125,72
5790,463200000,463280000,4333,1224
5791,463280000,463360000,6338,1659
5792,463360000,463440000,140,72
5793,463440000,463520000,125,72
5794,463520000,463600000,128,72
5795,463600000,463680000,377,146
5796,463680000,463760000,8057,2161
5797,463760000,463840000,2320,659
5798,463840000,463920000,128,72
5799,463920000,464000000,125,72
5800,464000000,464080000,134,72
5801,464080000,464160000,4350,1224
5802,464160000,464240000,6475,1663
5803,464240000,464320000,125,72
5804,464320000,464400000,131,72
5805,464400000,464480000,125,72
5806,464480000,464560000,374,142
5807,464560000,464640000,8219,2157
5808,464640000,464720000,2364,655
5809,464720000,464800000,125,72
5810,464800000,464880000,128,72
5811,464880000,464960000,134,76
5812,464960000,465040000,4360,1216
5813,465040000,465120000,10047,2897
5814,465120000,465200000,8470,2314
5815,465200000,465280000,12001,3128
5816,465280000,465360000,11067,2693
5817,465360000,465440000,12886,3374
5818,465440000,465520000,10766,2718
5819,465520000,465600000,11899,3061
5820,465600000,465680000,12348,3169
5821,465680000,465760000,11134,2682
5822,465760000,465840000,13175,3357
5823,465840000,465920000,11018,2704
5824,465920000,466000000,12194,3049
5825,466000000,466080000,12667,3169
5826,466080000,466160000,10921,2682
5827,466160000,466240000,11920,3372
5828,466240000,466320000,9868,2704
5829,466320000,466400000,10989,3049
5830,466400000,466480000,11388,3169
5831,466480000,466560000,10312,2682
5832,466560000,466640000,12160,3357
5833,466640000,466720000,10151,2704
5834,466720000,466800000,11285,3049
5835,466800000,466880000,11707,3169
5836,466880000,466960000,10494,2682
5837,466960000,467040000,12172,3360
5838,467040000,467120000,10154,2704
5839,467120000,467200000,11283,3049
5840,467200000,467280000,11716,3169
5841,467280000,467360000,10586,2682
5842,467360000,467440000,12496,3357
5843,467440000,467520000,10440,2704
5844,467520000,467600000,11586,3049
5845,467600000,467680000,12026,3169
5846,467680000,467760000,10667,2682
5847,467760000,467840000,12194,3363
5848,467840000,467920000,10160,2704
5849,467920000,468000000,11284,3049
5850,468000000,468080000,11707,3169
5851,468080000,468160000,10586,2682
5852,468160000,468240000,12497,3357
5853,468240000,468320000,10440,2704
5854,468320000,468400000,11583,3049
5855,468400000,468480000,12028,3169
5856,468480000,468560000,10777,2682
5857,468560000,468640000,12512,3360
5858,468640000,468720000,10443,2704
5859,468720000,468800000,11581,3049
5860,468800000,468880000,12029,3169
5861,468880000,468960000,10860,2682
5862,468960000,469040000,12835,3357
5863,469040000,469120000,10729,2704
5864,469120000,469200000,11887,3049
5865,469200000,469280000,12346,3169
5866,469280000,469360000,10843,2682
5867,469360000,469440000,12216,3366
5868,469440000,469520000,10157,2704
5869,469520000,469600000,11285,3049
5870,469600000,469680000,11707,3169
5871,469680000,469760000,10586,2682
5872,469760000,469840000,12503,3357
5873,469840000,469920000,10440,2704
5874,469920000,470000000,11583,3049
5875,470000000,470080000,12026,3169
5876,470080000,470160000,10768,2682
5877,470160000,470240000,12512,3360
5878,470240000,470320000,10443,2704
5879,470320000,470400000,11581,3049
5880,470400000,470480000,12032,3169
5881,470480000,470560000,10860,2682
5882,470560000,470640000,12839,3357
5883,470640000,470720000,10729,2704
5884,470720000,470800000,11884,3049
5885,470800000,470880000,12345,3169
5886,470880000,470960000,10941,2682
5887,470960000,471040000,12534,3363
5888,471040000,471120000,10464,2704
5889,471120000,471200000,11582,3049
5890,471200000,471280000,12026,3169
5891,471280000,471360000,10860,2682
5892,471360000,471440000,12837,3357
5893,471440000,471520000,10729,2704
5894,471520000,471600000,11881,3049
5895,471600000,471680000,12346,3169
5896,471680000,471760000,11045,2682
5897,471760000,471840000,12852,3360
5898,471840000,471920000,10732,2704
5899,471920000,472000000,11879,3049
5900,472000000,472080000,12348,3169
5901,472080000,472160000,11134,2682
5902,472160000,472240000,13175,3357
5903,472240000,472320000,11018,2704
5904,472320000,472400000,12188,3049
5905,472400000,472480000,12666,3169
5906,472480000,472560000,11019,2682
5907,472560000,472640000,12238,3369
5908,472640000,472720000,10157,2704
5909,472720000,472800000,11286,3049
5910,472800000,472880000,11707,3169
5911,472880000,472960000,10586,2682
5912,472960000,473040000,12500,3357
5913,473040000,473120000,10440,2704
5914,473120000,473200000,11583,3049
5915,473200000,473280000,12026,3169
5916,473280000,473360000,10768,2682
5917,473360000,473440000,12512,3360
5918,473440000,473520000,10443,2704
5919,473520000,473600000,11581,3049
5920,473600000,473680000,12038,3169
5921,473680000,473760000,10860,2682
5922,473760000,473840000,12836,3357
5923,473840000,473920000,10729,2704
5924,473920000,474000000,11884,3049
5925,474000000,474080000,12345,3169
5926,474080000,474160000,10941,2682
5927,474160000,474240000,12534,3363
5928,474240000,474320000,10449,2704
5929,474320000,474400000,11582,3049
5930,474400000,474480000,12026,3169
5931,474480000,474560000,10860,2682
5932,474560000,474640000,12837,3357
5933,474640000,474720000,10729,2704
5934,474720000,474800000,11881,3049
5935,474800000,474880000,12348,3169
5936,474880000,474960000,11048,2682
5937,474960000,475040000,12852,3360
5938,475040000,475120000,10732,2704
5939,475120000,475200000,11879,3049
5940,475200000,475280000,12348,3169
5941,475280000,475360000,11134,2682
5942,475360000,475440000,13175,3357
5943,475440000,475520000,11018,2704
5944,475520000,475600000,12185,3049
5945,475600000,475680000,12665,3169
5946,475680000,475760000,11117,2682
5947,475760000,475840000,12556,3366
5948,475840000,475920000,10446,2704
5949,475920000,476000000,11583,3049
5950,476000000,476080000,12026,3169
5951,476080000,476160000,10860,2682
5952,476160000,476240000,12849,3357
5953,476240000,476320000,10729,2704
5954,476320000,476400000,11881,3049
5955,476400000,476480000,12345,3169
5956,476480000,476560000,11042,2682
5957,476560000,476640000,12852,3360
5958,476640000,476720000,10732,2704
5959,476720000,476800000,11879,3049
5960,476800000,476880000,12351,3169
5961,476880000,476960000,11134,2682
5962,476960000,477040000,13177,3357
5963,477040000,477120000,11018,2704
5964,477120000,477200000,12182,3049
5965,477200000,477280000,12664,3169
5966,477280000,477360000,11215,2682
5967,477360000,477440000,12874,3363
5968,477440000,477520000,10741,2704
5969,477520000,477600000,11880,3049
5970,477600000,477680000,12345,3169
5971,477680000,477760000,11134,2682
5972,477760000,477840000,13177,3357
5973,477840000,477920000,11018,2704
5974,477920000,478000000,12179,3049
5975,478000000,478080000,12665,3169
5976,478080000,478160000,11319,2682
5977,478160000,478240000,13192,3360
5978,478240000,478320000,11021,2704
5979,478320000,478400000,12177,3049
5980,478400000,478480000,12667,3169
5981,478480000,478560000,11408,2682
5982,478560000,478640000,13515,3357
5983,478640000,478720000,11307,2704
5984,478720000,478800000,12489,3049
5985,478800000,478880000,12987,3169
5986,478880000,478960000,11097,2682
5987,478960000,479040000,11942,3375
5988,479040000,479120000,9868,2704
5989,479120000,479200000,10992,3049
5990,479200000,479280000,11388,3169
5991,479280000,479360000,10312,2682
5992,479360000,479440000,12160,3357
5993,479440000,479520000,10151,2704
5994,479520000,479600000,11285,3049
5995,479600000,479680000,11707,3169
5996,479680000,479760000,10494,2682
5997,479760000,479840000,12172,3360
5998,479840000,479920000,10154,2704
5999,479920000,480000000,11283,3049
6000,480000000,480080000,11716,3169
6001,480080000,480160000,10586,2682
6002,480160000,480240000,12496,3357
6003,480240000,480320000,10440,2704
6004,480320000,480400000,11586,3049
6005,480400000,480480000,12026,3169
6006,480480000,480560000,10667,2682
6007,480560000,480640000,12194,3363
6008,480640000,480720000,10160,2704
6009,480720000,480800000,11284,3049
6010,480800000,480880000,11707,3169
6011,480880000,480960000,10586,2682
6012,480960000,481040000,12497,3357
6013,481040000,481120000,10440,2704
6014,481120000,481200000,11583,3049
6015,481200000,481280000,12028,3169
6016,481280000,481360000,10783,2682
6017,481360000,481440000,12512,3360
6018,481440000,481520000,10443,2704
6019,481520000,481600000,11581,3049
6020,481600000,481680000,12029,3169
6021,481680000,481760000,10860,2682
6022,481760000,481840000,12835,3357
6023,481840000,481920000,10729,2704
6024,481920000,482000000,11887,3049
6025,482000000,482080000,12346,3169
6026,482080000,482160000,10843,2682
6027,482160000,482240000,12216,3366
6028,482240000,482320000,10157,2704
6029,482320000,482400000,11285,3049
6030,482400000,482480000,11707,3169
6031,482480000,482560000,10586,2682
6032,482560000,482640000,12503,3357
6033,482640000,482720000,10440,2704
6034,482720000,482800000,11583,3049
6035,482800000,482880000,12026,3169
6036,482880000,482960000,10768,2682
6037,482960000,483040000,12512,3360
6038,483040000,483120000,10443,2704
6039,483120000,483200000,11581,3049
6040,483200000,483280000,12032,3169
6041,483280000,483360000,10860,2682
6042,483360000,483440000,12838,3357
6043,483440000,483520000,10729,2704
6044,483520000,483600000,11884,3049
6045,483600000,483680000,12345,3169
6046,483680000,483760000,10941,2682
6047,483760000,483840000,12534,3363
6048,483840000,483920000,10455,2704
6049,483920000,484000000,11582,3049
6050,484000000,484080000,12026,3169
6051,484080000,484160000,10860,2682
6052,484160000,484240000,12837,3357
6053,484240000,484320000,10729,2704
6054,484320000,484400000,11881,3049
6055,484400000,484480000,12346,3169
6056,484480000,484560000,11045,2682
6057,484560000,484640000,12852,3360
6058,484640000,484720000,10732,2704
6059,484720000,484800000,11879,3049
6060,484800000,484880000,12348,3169
6061,484880000,484960000,11134,2682
6062,484960000,485040000,13175,3357
6063,485040000,485120000,11018,2704
6064,485120000,485200000,12188,3049
6065,485200000,485280000,12666,3169
6066,485280000,485360000,11019,2682
6067,485360000,485440000,12238,3369
6068,485440000,485520000,10157,2704
6069,485520000,485600000,11286,3049
6070,485600000,485680000,11707,3169
6071,485680000,485760000,10586,2682
6072,485760000,485840000,12500,3357
6073,485840000,485920000,10440,2704
6074,485920000,486000000,11583,3049
6075,486000000,486080000,12026,3169
6076,486080000,486160000,10768,2682
6077,486160000,486240000,12512,3360
6078,486240000,486320000,10443,2704
6079,486320000,486400000,11581,3049
6080,486400000,486480000,12041,3169
6081,486480000,486560000,10860,2682
6082,486560000,486640000,12836,3357
6083,486640000,486720000,10729,2704
6084,486720000,486800000,11884,3049
6085,486800000,486880000,12345,3169
6086,486880000,486960000,10941,2682
6087,486960000,487040000,12534,3363
6088,487040000,487120000,10449,2704
6089,487120000,487200000,11582,3049
6090,487200000,487280000,12026,3169
6091,487280000,487360000,10860,2682
6092,487360000,487440000,12837,3357
6093,487440000,487520000,10729,2704
6094,487520000,487600000,11881,3049
6095,487600000,487680000,12349,3169
6096,487680000,487760000,11048,2682
6097,487760000,487840000,12852,3360
6098,487840000,487920000,10732,2704
6099,487920000,488000000,11879,3049
6100,488000000,488080000,12348,3169
6101,488080000,488160000,11134,2682
6102,488160000,488240000,13175,3357
6103,488240000,488320000,11018,2704
6104,488320000,488400000,12185,3049
6105,488400000,488480000,12665,3169
6106,488480000,488560000,11117,2682
6107,488560000,488640000,12556,3366
6108,488640000,488720000,10446,2704
6109,488720000,488800000,11583,3049
6110,488800000,488880000,12026,3169
6111,488880000,488960000,10860,2682
6112,488960000,489040000,12846,3357
6113,489040000,489120000,10729,2704
6114,489120000,489200000,11881,3049
6115,489200000,489280000,12345,3169
6116,489280000,489360000,11042,2682
6117,489360000,489440000,12852,3360
6118,489440000,489520000,10732,2704
6119,489520000,489600000,11879,3049
6120,489600000,489680000,12351,3169
6121,489680000,489760000,11134,2682
6122,489760000,489840000,13177,3357
6123,489840000,489920000,11018,2704
6124,489920000,490000000,12182,3049
6125,490000000,490080000,12664,3169
6126,490080000,490160000,11215,2682
6127,490160000,490240000,12874,3363
6128,490240000,490320000,10741,2704
6129,490320000,490400000,11880,3049
6130,490400000,490480000,12345,3169
6131,490480000,490560000,11134,2682
6132,490560000,490640000,13177,3357
6133,490640000,490720000,11018,2704
6134,490720000,490800000,12179,3049
6135,490800000,490880000,12665,3169
6136,490880000,490960000,11319,2682
6137,490960000,491040000,13192,3360
6138,491040000,491120000,11021,2704
6139,491120000,491200000,12177,3049
6140,491200000,491280000,12667,3169
6141,491280000,491360000,11408,2682
6142,491360000,491440000,13515,3357
6143,491440000,491520000,11307,2704
6144,491520000,491600000,12507,3049
6145,491600000,491680000,12986,3169
6146,491680000,491760000,11195,2682
6147,491760000,491840000,12260,3372
6148,491840000,491920000,10157,2704
6149,491920000,492000000,11287,3049
6150,492000000,492080000,11707,3169
6151,492080000,492160000,10586,2682
6152,492160000,492240000,12500,3357
6153,492240000,492320000,10440,2704
6154,492320000,492400000,11583,3049
6155,492400000,492480000,12026,3169
6156,492480000,492560000,10768,2682
6157,492560000,492640000,12512,3360
6158,492640000,492720000,10443,2704
6159,492720000,492800000,11581,3049
6160,492800000,492880000,12035,3169
6161,492880000,492960000,10860,2682
6162,492960000,493040000,12836,3357
6163,493040000,493120000,10729,2704
6164,493120000,493200000,11884,3049
6165,493200000,493280000,12345,3169
6166,493280000,493360000,10941,2682
6167,493360000,493440000,12534,3363
6168,493440000,493520000,10449,2704
6169,493520000,493600000,11582,3049
6170,493600000,493680000,12026,3169
6171,493680000,493760000,10860,2682
6172,493760000,493840000,12837,3357
6173,493840000,493920000,10729,2704
6174,493920000,494000000,11881,3049
6175,494000000,494080000,12347,3169
6176,494080000,494160000,11051,2682
6177,494160000,494240000,12852,3360
6178,494240000,494320000,10732,2704
6179,494320000,494400000,11879,3049
6180,494400000,494480000,12348,3169
6181,494480000,494560000,11134,2682
6182,494560000,494640000,13175,3357
6183,494640000,494720000,11018,2704
6184,494720000,494800000,12185,3049
6185,494800000,494880000,12665,3169
6186,494880000,494960000,11117,2682
6187,494960000,495040000,12556,3366
6188,495040000,495120000,10446,2704
6189,495120000,495200000,11583,3049
6190,495200000,495280000,12026,3169
6191,495280000,495360000,10860,2682
6192,495360000,495440000,12843,3357
6193,495440000,495520000,10729,2704
6194,495520000,495600000,11881,3049
6195,495600000,495680000,12345,3169
6196,495680000,495760000,11042,2682
6197,495760000,495840000,12852,3360
6198,495840000,495920000,10732,2704
6199,495920000,496000000,11879,3049
6200,496000000,496080000,12351,3169
6201,496080000,496160000,11134,2682
6202,496160000,496240000,13180,3357
6203,496240000,496320000,11018,2704
6204,496320000,496400000,12182,3049
6205,496400000,496480000,12664,3169
6206,496480000,496560000,11215,2682
6207,496560000,496640000,12874,3363
6208,496640000,496720000,10747,2704
6209,496720000,496800000,11880,3049
6210,496800000,496880000,12345,3169
6211,496880000,496960000,11134,2682
6212,496960000,497040000,13177,3357
6213,497040000,497120000,11018,2704
6214,497120000,497200000,12179,3049
6215,497200000,497280000,12665,3169
6216,497280000,497360000,11319,2682
6217,497360000,497440000,13192,3360
6218,497440000,497520000,11021,2704
6219,497520000,497600000,12177,3049
6220,497600000,497680000,12667,3169
6221,497680000,497760000,11408,2682
6222,497760000,497840000,13515,3357
6223,497840000,497920000,11307,2704
6224,497920000,498000000,12486,3049
6225,498000000,498080000,12985,3169
6226,498080000,498160000,11293,2682
6227,498160000,498240000,12578,3369
6228,498240000,498320000,10446,2704
6229,498320000,498400000,11584,3049
6230,498400000,498480000,12026,3169
6231,498480000,498560000,10860,2682
6232,498560000,498640000,12840,3357
6233,498640000,498720000,10729,2704
6234,498720000,498800000,11881,3049
6235,498800000,498880000,12345,3169
6236,498880000,498960000,11042,2682
6237,498960000,499040000,12852,3360
6238,499040000,499120000,10732,2704
6239,499120000,499200000,11879,3049
6240,499200000,499280000,12357,3169
6241,499280000,499360000,11134,2682
6242,499360000,499440000,13176,3357
6243,499440000,499520000,11018,2704
6244,499520000,499600000,12182,3049
6245,499600000,499680000,12664,3169
6246,499680000,499760000,11215,2682
6247,499760000,499840000,12874,3363
6248,499840000,499920000,10738,2704
6249,499920000,500000000,11880,3049
6250,500000000,500080000,12345,3169
6251,500080000,500160000,11134,2682
6252,500160000,500240000,13177,3357
6253,500240000,500320000,11018,2704
6254,500320000,500400000,12179,3049
6255,500400000,500480000,12667,3169
6256,500480000,500560000,11322,2682
6257,500560000,500640000,13192,3360
6258,500640000,500720000,11021,2704
6259,500720000,500800000,12177,3049
6260,500800000,500880000,12667,3169
6261,500880000,500960000,11408,2682
6262,500960000,501040000,13515,3357
6263,501040000,501120000,11307,2704
6264,501120000,501200000,12483,3049
6265,501200000,501280000,12984,3169
6266,501280000,501360000,11391,2682
6267,501360000,501440000,12896,3366
6268,501440000,501520000,10735,2704
6269,501520000,501600000,11881,3049
6270,501600000,501680000,12345,3169
6271,501680000,501760000,11134,2682
6272,501760000,501840000,13192,3357
6273,501840000,501920000,11018,2704
6274,501920000,502000000,12179,3049
6275,502000000,502080000,12664,3169
6276,502080000,502160000,11316,2682
6277,502160000,502240000,13192,3360
6278,502240000,502320000,11021,2704
6279,502320000,502400000,12177,3049
6280,502400000,502480000,12670,3169
6281,502480000,502560000,11408,2682
6282,502560000,502640000,13517,3357
6283,502640000,502720000,11307,2704
6284,502720000,502800000,12480,3049
6285,502800000,502880000,12983,3169
6286,502880000,502960000,11489,2682
6287,502960000,503040000,13214,3363
6288,503040000,503120000,11030,2704
6289,503120000,503200000,12178,3049
6290,503200000,503280000,12664,3169
6291,503280000,503360000,11408,2682
6292,503360000,503440000,13517,3357
6293,503440000,503520000,11307,2704
6294,503520000,503600000,12477,3049
6295,503600000,503680000,12984,3169
6296,503680000,503760000,11593,2682
6297,503760000,503840000,13532,3360
6298,503840000,503920000,11310,2704
6299,503920000,504000000,12475,3049
6300,504000000,504080000,12986,3169
6301,504080000,504160000,11682,2682
6302,504160000,504240000,13855,3357
6303,504240000,504320000,11596,2704
6304,504320000,504400000,12787,3049
6305,504400000,504480000,13308,3169
6306,504480000,504560000,11175,2682
6307,504560000,504640000,11646,3381
6308,504640000,504720000,9579,2704
6309,504720000,504800000,10692,3049
6310,504800000,504880000,11069,3169
6311,504880000,504960000,10038,2682
6312,504960000,505040000,11820,3357
6313,505040000,505120000,9862,2704
6314,505120000,505200000,10987,3049
6315,505200000,505280000,11388,3169
6316,505280000,505360000,10220,2682
6317,505360000,505440000,11832,3360
6318,505440000,505520000,9865,2704
6319,505520000,505600000,10985,3049
6320,505600000,505680000,11397,3169
6321,505680000,505760000,10312,2682
6322,505760000,505840000,12156,3357
6323,505840000,505920000,10151,2704
6324,505920000,506000000,11288,3049
6325,506000000,506080000,11707,3169
6326,506080000,506160000,10393,2682
6327,506160000,506240000,11854,3363
6328,506240000,506320000,9871,2704
6329,506320000,506400000,10986,3049
6330,506400000,506480000,11388,3169
6331,506480000,506560000,10312,2682
6332,506560000,506640000,12157,3357
6333,506640000,506720000,10151,2704
6334,506720000,506800000,11285,3049
6335,506800000,506880000,11709,3169
6336,506880000,506960000,10506,2682
6337,506960000,507040000,12172,3360
6338,507040000,507120000,10154,2704
6339,507120000,507200000,11283,3049
6340,507200000,507280000,11710,3169
6341,507280000,507360000,10586,2682
6342,507360000,507440000,12495,3357
6343,507440000,507520000,10440,2704
6344,507520000,507600000,11589,3049
6345,507600000,507680000,12027,3169
6346,507680000,507760000,10569,2682
6347,507760000,507840000,11876,3366
6348,507840000,507920000,9868,2704
6349,507920000,508000000,10987,3049
6350,508000000,508080000,11388,3169
6351,508080000,508160000,10312,2682
6352,508160000,508240000,12163,3357
6353,508240000,508320000,10151,2704
6354,508320000,508400000,11285,3049
6355,508400000,508480000,11707,3169
6356,508480000,508560000,10494,2682
6357,508560000,508640000,12172,3360
6358,508640000,508720000,10154,2704
6359,508720000,508800000,11283,3049
6360,508800000,508880000,11713,3169
6361,508880000,508960000,10586,2682
6362,508960000,509040000,12498,3357
6363,509040000,509120000,10440,2704
6364,509120000,509200000,11586,3049
6365,509200000,509280000,12026,3169
6366,509280000,509360000,10667,2682
6367,509360000,509440000,12194,3363
6368,509440000,509520000,10166,2704
6369,509520000,509600000,11284,3049
6370,509600000,509680000,11707,3169
6371,509680000,509760000,10586,2682
6372,509760000,509840000,12497,3357
6373,509840000,509920000,10440,2704
6374,509920000,510000000,11583,3049
6375,510000000,510080000,12027,3169
6376,510080000,510160000,10771,2682
6377,510160000,510240000,12512,3360
6378,510240000,510320000,10443,2704
6379,510320000,510400000,11581,3049
6380,510400000,510480000,12029,3169
6381,510480000,510560000,10860,2682
6382,510560000,510640000,12835,3357
6383,510640000,510720000,10729,2704
6384,510720000,510800000,11890,3049
6385,510800000,510880000,12347,3169
6386,510880000,510960000,10745,2682
6387,510960000,511040000,11898,3369
6388,511040000,511120000,9868,2704
6389,511120000,511200000,10988,3049
6390,511200000,511280000,11388,3169
6391,511280000,511360000,10312,2682
6392,511360000,511440000,12160,3357
6393,511440000,511520000,10151,2704
6394,511520000,511600000,11285,3049
6395,511600000,511680000,11707,3169
6396,511680000,511760000,10494,2682
6397,511760000,511840000,12172,3360
6398,511840000,511920000,10154,2704
6399,511920000,512000000,11283,3049
6400,512000000,512080000,11728,3169
6401,512080000,512160000,10586,2682
6402,512160000,512240000,12496,3357
6403,512240000,512320000,10440,2704
6404,512320000,512400000,11586,3049
6405,512400000,512480000,12026,3169
6406,512480000,512560000,10667,2682
6407,512560000,512640000,12194,3363
6408,512640000,512720000,10160,2704
6409,512720000,512800000,11284,3049
6410,512800000,512880000,11707,3169
6411,512880000,512960000,10586,2682
6412,512960000,513040000,12497,3357
6413,513040000,513120000,10440,2704
6414,513120000,513200000,11583,3049
6415,513200000,513280000,12034,3169
6416,513280000,513360000,10774,2682
6417,513360000,513440000,12512,3360
6418,513440000,513520000,10443,2704
6419,513520000,513600000,11581,3049
6420,513600000,513680000,12029,3169
6421,513680000,513760000,10860,2682
6422,513760000,513840000,12835,3357
6423,513840000,513920000,10729,2704
6424,513920000,514000000,11887,3049
6425,514000000,514080000,12346,3169
6426,514080000,514160000,10843,2682
6427,514160000,514240000,12216,3366
6428,514240000,514320000,10157,2704
6429,514320000,514400000,11285,3049
6430,514400000,514480000,11707,3169
6431,514480000,514560000,10586,2682
6432,514560000,514640000,12506,3357
6433,514640000,514720000,10440,2704
6434,514720000,514800000,11583,3049
6435,514800000,514880000,12026,3169
6436,514880000,514960000,10768,2682
6437,514960000,515040000,12512,3360
6438,515040000,515120000,10443,2704
6439,515120000,515200000,11581,3049
6440,515200000,515280000,12032,3169
6441,515280000,515360000,10860,2682
6442,515360000,515440000,12837,3357
6443,515440000,515520000,10729,2704
6444,515520000,515600000,11884,3049
6445,515600000,515680000,12345,3169
6446,515680000,515760000,10941,2682
6447,515760000,515840000,12534,3363
6448,515840000,515920000,10452,2704
6449,515920000,516000000,11582,3049
6450,516000000,516080000,12026,3169
6451,516080000,516160000,10860,2682
6452,516160000,516240000,12843,3361
6453,516240000,516320000,10747,2716
6454,516320000,516400000,11290,3137
6455,516400000,516480000,6851,2141
6456,516480000,516560000,6906,2268
6457,516560000,516640000,6889,2311
6458,516640000,516720000,6953,2381
6459,516720000,516800000,7249,2446
6460,516800000,516880000,7484,1980
6461,516880000,516960000,5987,2164
6462,516960000,517040000,6546,2017
6463,517040000,517120000,10000,2813
6464,517120000,517200000,5153,1746
6465,517200000,517280000,5902,2131
6466,517280000,517360000,7273,2121
6467,517360000,517440000,10030,2768
6468,517440000,517520000,5097,1786
6469,517520000,517600000,5938,1982
6470,517600000,517680000,10707,3016
6471,517680000,517760000,6133,1859
6472,517760000,517840000,5711,2103
6473,517840000,517920000,5987,1777
6474,517920000,518000000,10246,2984
6475,518000000,518080000,5057,1741
6476,518080000,518160000,5772,2114
6477,518160000,518240000,8069,2434
6478,518240000,518320000,8639,2330
6479,518320000,518400000,4920,1792
6480,518400000,518480000,6231,1957
6481,518480000,518560000,10704,2988
6482,518560000,518640000,5499,1819
6483,518640000,518720000,5740,2045
6484,518720000,518800000,6086,1712
6485,518800000,518880000,10443,3080
6486,518880000,518960000,4800,1703
6487,518960000,519040000,5918,2018
6488,519040000,519120000,9232,2779
6489,519120000,519200000,7172,1905
6490,519200000,519280000,5619,2136
6491,519280000,519360000,6364,1897
6492,519360000,519440000,10100,2850
6493,519440000,519520000,5427,1751
6494,519520000,519600000,5667,2126
6495,519600000,519680000,7253,2120
6496,519680000,519760000,9648,2691
6497,519760000,519840000,4580,1759
6498,519840000,519920000,5708,1947
6499,519920000,520000000,10659,2996
6500,520000000,520080000,5845,1837
6501,520080000,520160000,5428,2102
6502,520160000,520240000,5965,1775
6503,520240000,520320000,10314,2960
6504,520320000,520400000,4894,1737
6505,520400000,520480000,5882,2110
6506,520480000,520560000,8195,2424
6507,520560000,520640000,8648,2321
6508,520640000,520720000,5062,1886
6509,520720000,520800000,6488,2060
6510,520800000,520880000,10774,2992
6511,520880000,520960000,5573,1817
6512,520960000,521040000,5879,2118
6513,521040000,521120000,6079,1707
6514,521120000,521200000,10684,3087
6515,521200000,521280000,5036,1833
6516,521280000,521360000,5665,2018
6517,521360000,521440000,7008,2304
6518,521440000,521520000,7719,2590
6519,521520000,521600000,4980,1824
6520,521600000,521680000,6460,2535
6521,521680000,521760000,10178,2852
6522,521760000,521840000,4986,1810
6523,521840000,521920000,6060,2118
6524,521920000,522000000,7790,2423
6525,522000000,522080000,8827,2333
6526,522080000,522160000,5198,1882
6527,522160000,522240000,6450,2069
6528,522240000,522320000,11131,3031
6529,522320000,522400000,5669,1821
6530,522400000,522480000,5626,2116
6531,522480000,522560000,6102,1752
6532,522560000,522640000,10741,3101
6533,522640000,522720000,5066,1831
6534,522720000,522800000,5584,2021
6535,522800000,522880000,9138,2833
6536,522880000,522960000,7166,1916
6537,522960000,523040000,5635,2155
6538,523040000,523120000,6525,1932
6539,523120000,523200000,10018,2865
6540,523200000,523280000,5183,1750
6541,523280000,523360000,5889,2132
6542,523360000,523440000,7118,2158
6543,523440000,523520000,9820,2762
6544,523520000,523600000,5067,1786
6545,523600000,523680000,5872,1982
6546,523680000,523760000,10526,3044
6547,523760000,523840000,5995,1859
6548,523840000,523920000,5606,2103
6549,523920000,524000000,5952,1814
6550,524000000,524080000,10416,2967
6551,524080000,524160000,4966,1712
6552,524160000,524240000,5733,2114
6553,524240000,524320000,8190,2461
6554,524320000,524400000,8685,2323
6555,524400000,524480000,4846,1796
6556,524480000,524560000,6164,1970
6557,524560000,524640000,10835,2966
6558,524640000,524720000,5471,1768
6559,524720000,524800000,5634,2017
6560,524800000,524880000,6056,1736
6561,524880000,524960000,10551,3073
6562,524960000,525040000,4844,1706
6563,525040000,525120000,5906,2018
6564,525120000,525200000,9240,2817
6565,525200000,525280000,7191,1909
6566,525280000,525360000,5543,2132
6567,525360000,525440000,6324,1932
6568,525440000,525520000,10065,2846
6569,525520000,525600000,5463,1751
6570,525600000,525680000,5658,2126
6571,525680000,525760000,7194,2157
6572,525760000,525840000,9685,2750
6573,525840000,525920000,4616,1786
6574,525920000,526000000,5701,1982
6575,526000000,526080000,10721,3035
6576,526080000,526160000,5896,1854
6577,526160000,526240000,5414,2110
6578,526240000,526320000,6799,2258
6579,526320000,526400000,5672,2190
6580,526400000,526480000,7104,2375
6581,526480000,526560000,7106,2690
6582,526560000,526640000,10345,3124
6583,526640000,526720000,5180,1833
6584,526720000,526800000,5742,2018
6585,526800000,526880000,9479,2831
6586,526880000,526960000,6737,1914
6587,526960000,527040000,5390,2160
6588,527040000,527120000,6432,1936
6589,527120000,527200000,9997,2879
6590,527200000,527280000,5163,1750
6591,527280000,527360000,5513,2130
6592,527360000,527440000,7237,2156
6593,527440000,527520000,9194,2774
6594,527520000,527600000,4689,1783
6595,527600000,527680000,6000,1977
6596,527680000,527760000,10219,3062
6597,527760000,527840000,6049,1868
6598,527840000,527920000,5634,2111
6599,527920000,528000000,6015,1814
6600,528000000,528080000,10585,2977
6601,528080000,528160000,5178,1712
6602,528160000,528240000,5948,2114
6603,528240000,528320000,8116,2474
6604,528320000,528400000,8658,2333
6605,528400000,528480000,5018,1882
6606,528480000,528560000,6284,2073
6607,528560000,528640000,10600,3021
6608,528640000,528720000,5589,1816
6609,528720000,528800000,5456,2121
6610,528800000,528880000,6002,1753
6611,528880000,528960000,10767,3092
6612,528960000,529040000,4980,1830
6613,529040000,529120000,5970,2014
6614,529120000,529200000,9474,2813
6615,529200000,529280000,7161,1917
6616,529280000,529360000,5631,2156
6617,529360000,529440000,6490,1936
6618,529440000,529520000,10132,2820
6619,529520000,529600000,5481,1696
6620,529600000,529680000,5687,2106
6621,529680000,529760000,7177,2144
6622,529760000,529840000,9733,2757
6623,529840000,529920000,4799,1780
6624,529920000,530000000,5848,1977
6625,530000000,530080000,10496,3034
6626,530080000,530160000,6109,1857
6627,530160000,530240000,5594,2108
6628,530240000,530320000,6033,1812
6629,530320000,530400000,10730,2954
6630,530400000,530480000,5111,1728
6631,530480000,530560000,5452,1944
6632,530560000,530640000,8220,2462
6633,530640000,530720000,8525,2310
6634,530720000,530800000,4919,1820
6635,530800000,530880000,6401,2063
6636,530880000,530960000,10787,3015
6637,530960000,531040000,5255,1719
6638,531040000,531120000,5803,2070
6639,531120000,531200000,7077,2314
6640,531200000,531280000,6564,2440
6641,531280000,531360000,6467,2126
6642,531360000,531440000,7609,2890
6643,531440000,531520000,9635,2784
6644,531520000,531600000,4703,1732
6645,531600000,531680000,5654,1848
6646,531680000,531760000,10782,3045
6647,531760000,531840000,5917,1859
6648,531840000,531920000,5649,2035
6649,531920000,532000000,6120,1814
6650,532000000,532080000,10383,2979
6651,532080000,532160000,4799,1601
6652,532160000,532240000,5998,2108
6653,532240000,532320000,8188,2471
6654,532320000,532400000,8157,2341
6655,532400000,532480000,5084,1852
6656,532480000,532560000,6282,2069
6657,532560000,532640000,10157,3043
6658,532640000,532720000,5556,1826
6659,532720000,532800000,5641,2114
6660,532800000,532880000,6006,1749
6661,532880000,532960000,10171,3107
6662,532960000,533040000,4960,1834
6663,533040000,533120000,5658,2021
6664,533120000,533200000,9202,2827
6665,533200000,533280000,6760,1918
6666,533280000,533360000,5413,2155
6667,533360000,533440000,6361,1932
6668,533440000,533520000,9474,2865
6669,533520000,533600000,4935,1746
6670,533600000,533680000,5766,2127
6671,533680000,533760000,7053,2155
6672,533760000,533840000,9723,2761
6673,533840000,533920000,4700,1786
6674,533920000,534000000,5903,1982
6675,534000000,534080000,10821,3035
6676,534080000,534160000,6307,1858
6677,534160000,534240000,5839,2110
6678,534240000,534320000,6106,1814
6679,534320000,534400000,10629,2917
6680,534400000,534480000,5058,1694
6681,534480000,534560000,5560,2081
6682,534560000,534640000,8162,2459
6683,534640000,534720000,8483,2327
6684,534720000,534800000,4961,1886
6685,534800000,534880000,6221,2073
6686,534880000,534960000,10781,3017
6687,534960000,535040000,5460,1817
6688,535040000,535120000,5914,2113
6689,535120000,535200000,6088,1744
6690,535200000,535280000,10856,3091
6691,535280000,535360000,5036,1833
6692,535360000,535440000,5882,2018
6693,535440000,535520000,9420,2817
6694,535520000,535600000,7133,1908
6695,535600000,535680000,5757,2160
6696,535680000,535760000,6430,1935
6697,535760000,535840000,10014,2830
6698,535840000,535920000,5318,1751
6699,535920000,536000000,5676,2125
6700,536000000,536080000,7205,2387
6701,536080000,536160000,7459,2656
6702,536160000,536240000,5600,1881
6703,536240000,536320000,8737,3247
6704,536320000,536400000,8377,2334
6705,536400000,536480000,5036,1882
6706,536480000,536560000,6485,2077
6707,536560000,536640000,10659,3039
6708,536640000,536720000,5666,1816
6709,536720000,536800000,5798,2121
6710,536800000,536880000,6158,1756
6711,536880000,536960000,10558,3112
6712,536960000,537040000,5155,1830
6713,537040000,537120000,5733,2014
6714,537120000,537200000,9394,2819
6715,537200000,537280000,6655,1915
6716,537280000,537360000,5570,2156
6717,537360000,537440000,6425,1935
6718,537440000,537520000,9552,2875
6719,537520000,537600000,5198,1754
6720,537600000,537680000,5360,1954
6721,537680000,537760000,7061,2143
6722,537760000,537840000,9473,2757
6723,537840000,537920000,4773,1732
6724,537920000,538000000,6012,1957
6725,538000000,538080000,10477,3051
6726,538080000,538160000,5683,1789
6727,538160000,538240000,5669,2028
6728,538240000,538320000,6105,1814
6729,538320000,538400000,9921,2973
6730,538400000,538480000,5073,1703
6731,538480000,538560000,5582,2114
6732,538560000,538640000,7991,2467
6733,538640000,538720000,8173,2333
6734,538720000,538800000,5070,1882
6735,538800000,538880000,6294,2069
6736,538880000,538960000,10542,3020
6737,538960000,539040000,5352,1821
6738,539040000,539120000,5515,2120
6739,539120000,539200000,6143,1755
6740,539200000,539280000,10293,3041
6741,539280000,539360000,4875,1803
6742,539360000,539440000,5484,1982
6743,539440000,539520000,9289,2813
6744,539520000,539600000,6550,1919
6745,539600000,539680000,5530,2155
6746,539680000,539760000,6483,1933
6747,539760000,539840000,9839,2847
6748,539840000,539920000,5185,1749
6749,539920000,540000000,5780,2135
6750,540000000,540080000,7194,2149
6751,540080000,540160000,10077,2747
6752,540160000,540240000,4979,1787
6753,540240000,540320000,6022,1978
6754,540320000,540400000,10827,3040
6755,540400000,540480000,6178,1854
6756,540480000,540560000,5542,2107
6757,540560000,540640000,5981,1812
6758,540640000,540720000,10524,2956
6759,540720000,540800000,5158,1741
6760,540800000,540880000,5533,2118
6761,540880000,540960000,6883,2316
6762,540960000,541040000,7790,2654
6763,541040000,541120000,5841,2008
6764,541120000,541200000,9866,3627
6765,541200000,541280000,7079,1922
6766,541280000,541360000,5810,2159
6767,541360000,541440000,6562,1935
6768,541440000,541520000,10081,2875
6769,541520000,541600000,5263,1746
6770,541600000,541680000,5637,2132
6771,541680000,541760000,7228,2158
6772,541760000,541840000,9738,2770
6773,541840000,541920000,4867,1786
6774,541920000,542000000,5730,1982
6775,542000000,542080000,10732,3057
6776,542080000,542160000,5870,1857
6777,542160000,542240000,5787,2103
6778,542240000,542320000,6080,1814
6779,542320000,542400000,10015,2992
6780,542400000,542480000,4889,1741
6781,542480000,542560000,5861,2114
6782,542560000,542640000,8011,2471
6783,542640000,542720000,8265,2342
6784,542720000,542800000,5295,1886
6785,542800000,542880000,6393,2073
6786,542880000,542960000,10417,3033
6787,542960000,543040000,5442,1819
6788,543040000,543120000,5705,2113
6789,543120000,543200000,6032,1749
6790,543200000,543280000,10124,3106
6791,543280000,543360000,4981,1830
6792,543360000,543440000,5698,2018
6793,543440000,543520000,9187,2819
6794,543520000,543600000,6874,1913
6795,543600000,543680000,5353,2041
6796,543680000,543760000,6270,1861
6797,543760000,543840000,9856,2827
6798,543840000,543920000,5262,1751
6799,543920000,544000000,5748,2057
6800,544000000,544080000,7239,2157
6801,544080000,544160000,9293,2652
6802,544160000,544240000,4533,1611
6803,544240000,544320000,5945,1946
6804,544320000,544400000,10527,3037
6805,544400000,544480000,5816,1835
6806,544480000,544560000,5620,2099
6807,544560000,544640000,5922,1812
6808,544640000,544720000,10058,2974
6809,544720000,544800000,5176,1733
6810,544800000,544880000,5645,2110
6811,544880000,544960000,8100,2461
6812,544960000,545040000,8211,2333
6813,545040000,545120000,4916,1886
6814,545120000,545200000,6325,2073
6815,545200000,545280000,10549,3024
6816,545280000,545360000,5323,1823
6817,545360000,545440000,5433,2118
6818,545440000,545520000,6016,1744
6819,545520000,545600000,10195,3099
6820,545600000,545680000,4910,1833
6821,545680000,545760000,5830,2014
6822,545760000,545840000,6549,2256
6823,545840000,545920000,7884,2652
6824,545920000,546000000,6195,2168
6825,546000000,546080000,10608,3583
6826,546080000,546160000,6055,1868
6827,546160000,546240000,5485,2111
6828,546240000,546320000,6075,1819
6829,546320000,546400000,10413,2984
6830,546400000,546480000,4984,1733
6831,546480000,546560000,5568,2114
6832,546560000,546640000,8297,2474
6833,546640000,546720000,8279,2343
6834,546720000,546800000,5013,1882
6835,546800000,546880000,6473,2069
6836,546880000,546960000,10501,3038
6837,546960000,547040000,5312,1816
6838,547040000,547120000,5759,2121
6839,547120000,547200000,6034,1756
6840,547200000,547280000,10298,3123
6841,547280000,547360000,5174,1834
6842,547360000,547440000,5836,2017
6843,547440000,547520000,9278,2830
6844,547520000,547600000,6968,1921
6845,547600000,547680000,5597,2156
6846,547680000,547760000,6418,1936
6847,547760000,547840000,9783,2871
6848,547840000,547920000,5373,1749
6849,547920000,548000000,5496,2136
6850,548000000,548080000,7133,2155
6851,548080000,548160000,9419,2761
6852,548160000,548240000,4643,1756
6853,548240000,548320000,6063,1977
6854,548320000,548400000,10496,3045
6855,548400000,548480000,5794,1858
6856,548480000,548560000,5666,2107
6857,548560000,548640000,6080,1812
6858,548640000,548720000,10215,2970
6859,548720000,548800000,5362,1741
6860,548800000,548880000,5794,2118
6861,548880000,548960000,8222,2466
6862,548960000,549040000,8097,2272
6863,549040000,549120000,5020,1857
6864,549120000,549200000,6266,2034
6865,549200000,549280000,10405,3025
6866,549280000,549360000,5373,1821
6867,549360000,549440000,5646,2117
6868,549440000,549520000,6040,1751
6869,549520000,549600000,10326,3099
6870,549600000,549680000,4947,1785
6871,549680000,549760000,5400,1870
6872,549760000,549840000,9391,2806
6873,549840000,549920000,6948,1909
6874,549920000,550000000,5553,2087
6875,550000000,550080000,6575,1933
6876,550080000,550160000,9827,2855
6877,550160000,550240000,4843,1617
6878,550240000,550320000,5872,2115
6879,550320000,550400000,7183,2149
6880,550400000,550480000,9498,2755
6881,550480000,550560000,4810,1757
6882,550560000,550640000,5730,1978
6883,550640000,550720000,6983,2473
6884,550720000,550800000,8056,2566
6885,550800000,550880000,6209,2255
6886,550880000,550960000,10867,3477
6887,550960000,551040000,5505,1826
6888,551040000,551120000,5764,2046
6889,551120000,551200000,6155,1754
6890,551200000,551280000,10612,3091
6891,551280000,551360000,4880,1703
6892,551360000,551440000,5943,2018
6893,551440000,551520000,9596,2830
6894,551520000,551600000,6970,1914
6895,551600000,551680000,5671,2136
6896,551680000,551760000,6417,1932
6897,551760000,551840000,9767,2874
6898,551840000,551920000,5368,1743
6899,551920000,552000000,5639,2126
6900,552000000,552080000,7028,2159
6901,552080000,552160000,9335,2781
6902,552160000,552240000,4594,1764
6903,552240000,552320000,5734,1982
6904,552320000,552400000,10544,3055
6905,552400000,552480000,5890,1858
6906,552480000,552560000,5464,2107
6907,552560000,552640000,5998,1814
6908,552640000,552720000,10110,2980
6909,552720000,552800000,4872,1737
6910,552800000,552880000,5867,2110
6911,552880000,552960000,8058,2468
6912,552960000,553040000,8042,2333
6913,553040000,553120000,4912,1886
6914,553120000,553200000,6349,2073
6915,553200000,553280000,10436,3029
6916,553280000,553360000,5583,1823
6917,553360000,553440000,5863,2118
6918,553440000,553520000,6125,1744
6919,553520000,553600000,10590,3105
6920,553600000,553680000,5075,1833
6921,553680000,553760000,5648,2018
6922,553760000,553840000,9409,2797
6923,553840000,553920000,6877,1863
6924,553920000,554000000,5468,2139
6925,554000000,554080000,6311,1906
6926,554080000,554160000,9879,2854
6927,554160000,554240000,5030,1747
6928,554240000,554320000,5961,2126
6929,554320000,554400000,7094,2153
6930,554400000,554480000,9520,2758
6931,554480000,554560000,4727,1783
6932,554560000,554640000,5926,1981
6933,554640000,554720000,10591,3039
6934,554720000,554800000,6016,1834
6935,554800000,554880000,5793,2106
6936,554880000,554960000,6110,1817
6937,554960000,555040000,10105,2966
6938,555040000,555120000,5084,1737
6939,555120000,555200000,5678,2110
6940,555200000,555280000,8145,2461
6941,555280000,555360000,8099,2333
6942,555360000,555440000,5011,1882
6943,555440000,555520000,6363,2071
6944,555520000,555600000,6396,2358
6945,555600000,555680000,8295,2671
6946,555680000,555760000,6658,2361
6947,555760000,555840000,10624,3332
6948,555840000,555920000,5590,1753
6949,555920000,556000000,5805,2136
6950,556000000,556080000,7276,2160
6951,556080000,556160000,9751,2768
6952,556160000,556240000,4803,1756
6953,556240000,556320000,5866,1977
6954,556320000,556400000,10876,3057
6955,556400000,556480000,5977,1859
6956,556480000,556560000,5644,2107
6957,556560000,556640000,6091,1814
6958,556640000,556720000,10286,2976
6959,556720000,556800000,5036,1720
6960,556800000,556880000,5438,1944
6961,556880000,556960000,7942,2472
6962,556960000,557040000,8225,2334
6963,557040000,557120000,4964,1820
6964,557120000,557200000,6430,2063
6965,557200000,557280000,10511,3042
6966,557280000,557360000,5323,1718
6967,557360000,557440000,5863,2071
6968,557440000,557520000,6127,1756
6969,557520000,557600000,10466,3114
6970,557600000,557680000,5115,1797
6971,557680000,557760000,5599,2017
6972,557760000,557840000,9277,2824
6973,557840000,557920000,6765,1917
6974,557920000,558000000,5588,2151
6975,558000000,558080000,6379,1933
6976,558080000,558160000,9738,2858
6977,558160000,558240000,5062,1749
6978,558240000,558320000,5536,2136
6979,558320000,558400000,7201,2149
6980,558400000,558480000,9666,2759
6981,558480000,558560000,4690,1787
6982,558560000,558640000,5752,1978
6983,558640000,558720000,10644,3015
6984,558720000,558800000,5757,1802
6985,558800000,558880000,5574,2084
6986,558880000,558960000,6049,1793
6987,558960000,559040000,10069,2968
6988,559040000,559120000,4937,1741
6989,559120000,559200000,5818,2118
6990,559200000,559280000,8017,2466
6991,559280000,559360000,8374,2343
6992,559360000,559440000,5203,1882
6993,559440000,559520000,6421,2069
6994,559520000,559600000,10717,3019
6995,559600000,559680000,5577,1822
6996,559680000,559760000,5638,2116
6997,559760000,559840000,6128,1755
6998,559840000,559920000,10448,3083
6999,559920000,560000000,5052,1831
7000,560000000,560080000,5504,2020
7001,560080000,560160000,9421,2815
7002,560160000,560240000,6855,1911
7003,560240000,560320000,5590,2155
7004,560320000,560400000,6753,2013
7005,560400000,560480000,5884,2201
7006,560480000,560560000,7793,2557
7007,560560000,560640000,6857,2561
7008,560640000,560720000,10605,3201
7009,560720000,560800000,5192,1739
7010,560800000,560880000,5704,2114
7011,560880000,560960000,8267,2476
7012,560960000,561040000,8484,2335
7013,561040000,561120000,5037,1886
7014,561120000,561200000,6268,2073
7015,561200000,561280000,11054,3035
7016,561280000,561360000,5441,1820
7017,561360000,561440000,5942,2114
7018,561440000,561520000,6156,1749
7019,561520000,561600000,10533,3113
7020,561600000,561680000,4954,1830
7021,561680000,561760000,5852,2018
7022,561760000,561840000,9134,2837
7023,561840000,561920000,7044,1928
7024,561920000,562000000,5796,2160
7025,562000000,562080000,6403,1935
7026,562080000,562160000,9851,2875
7027,562160000,562240000,5320,1747
7028,562240000,562320000,5737,2126
7029,562320000,562400000,7107,2159
7030,562400000,562480000,9576,2764
7031,562480000,562560000,4804,1783
7032,562560000,562640000,5881,1981
7033,562640000,562720000,10574,3047
7034,562720000,562800000,5777,1850
7035,562800000,562880000,5309,1967
7036,562880000,562960000,5871,1765
7037,562960000,563040000,10234,2960
7038,563040000,563120000,4975,1720
7039,563120000,563200000,5787,2059
7040,563200000,563280000,8207,2461
7041,563280000,563360000,8325,2315
7042,563360000,563440000,4949,1761
7043,563440000,563520000,6499,2073
7044,563520000,563600000,10651,2994
7045,563600000,563680000,5455,1744
7046,563680000,563760000,5560,2084
7047,563760000,563840000,6003,1736
7048,563840000,563920000,10374,3089
7049,563920000,564000000,5130,1829
7050,564000000,564080000,5643,2013
7051,564080000,564160000,9234,2821
7052,564160000,564240000,6829,1920
7053,564240000,564320000,5351,2160
7054,564320000,564400000,6361,1935
7055,564400000,564480000,9994,2850
7056,564480000,564560000,5291,1751
7057,564560000,564640000,5532,2130
7058,564640000,564720000,7175,2157
7059,564720000,564800000,9468,2754
7060,564800000,564880000,4669,1783
7061,564880000,564960000,5915,1977
7062,564960000,565040000,10617,3043
7063,565040000,565120000,5748,1854
7064,565120000,565200000,5626,2111
7065,565200000,565280000,6921,2261
7066,565280000,565360000,5897,2189
7067,565360000,565440000,7050,2326
7068,565440000,565520000,7211,2690
7069,565520000,565600000,10502,3133
7070,565600000,565680000,4952,1834
7071,565680000,565760000,5646,2021
7072,565760000,565840000,9526,2832
7073,565840000,565920000,6830,1921
7074,565920000,566000000,5573,2155
7075,566000000,566080000,6561,1933
7076,566080000,566160000,10092,2879
7077,566160000,566240000,5047,1749
7078,566240000,566320000,5823,2136
7079,566320000,566400000,7252,2155
7080,566400000,566480000,9415,2770
7081,566480000,566560000,4953,1782
7082,566560000,566640000,6002,1978
7083,566640000,566720000,10238,3059
7084,566720000,566800000,6004,1863
7085,566800000,566880000,5557,2107
7086,566880000,566960000,5969,1814
7087,566960000,567040000,10302,2983
7088,567040000,567120000,5220,1741
7089,567120000,567200000,5585,2118
7090,567200000,567280000,8103,2474
7091,567280000,567360000,8500,2339
7092,567360000,567440000,5051,1878
7093,567440000,567520000,6547,2069
7094,567520000,567600000,10595,3038
7095,567600000,567680000,5220,1817
7096,567680000,567760000,5747,2117
7097,567760000,567840000,6041,1753
7098,567840000,567920000,10573,3092
7099,567920000,568000000,5255,1831
7100,568000000,568080000,5721,2020
7101,568080000,568160000,9465,2817
7102,568160000,568240000,7015,1921
7103,568240000,568320000,5586,2155
7104,568320000,568400000,6476,1933
7105,568400000,568480000,9961,2822
7106,568480000,568560000,5178,1696
7107,568560000,568640000,5621,2102
7108,568640000,568720000,7177,2144
7109,568720000,568800000,9609,2753
7110,568800000,568880000,4649,1728
7111,568880000,568960000,5565,1844
7112,568960000,569040000,10503,3029
7113,569040000,569120000,5925,1857
7114,569120000,569200000,5588,2035
7115,569200000,569280000,6071,1809
7116,569280000,569360000,10379,2965
7117,569360000,569440000,4919,1605
7118,569440000,569520000,6016,2108
7119,569520000,569600000,8219,2468
7120,569600000,569680000,8349,2339
7121,569680000,569760000,5070,1856
7122,569760000,569840000,6208,2069
7123,569840000,569920000,10601,3023
7124,569920000,570000000,5563,1823
7125,570000000,570080000,5628,2114
7126,570080000,570160000,7082,2310
7127,570160000,570240000,6799,2440
7128,570240000,570320000,6558,2116
7129,570320000,570400000,7709,2890
7130,570400000,570480000,9712,2764
7131,570480000,570560000,4685,1660
7132,570560000,570640000,6112,1985
7133,570640000,570720000,10829,3061
7134,570720000,570800000,6040,1832
7135,570800000,570880000,5640,2099
7136,570880000,570960000,6039,1814
7137,570960000,571040000,10464,2988
7138,571040000,571120000,5208,1737
7139,571120000,571200000,5683,2110
7140,571200000,571280000,8229,2471
7141,571280000,571360000,8134,2343
7142,571360000,571440000,4879,1886
7143,571440000,571520000,6279,2073
7144,571520000,571600000,10329,3046
7145,571600000,571680000,5381,1827
7146,571680000,571760000,5481,2118
7147,571760000,571840000,5997,1749
7148,571840000,571920000,10249,3097
7149,571920000,572000000,5023,1833
7150,572000000,572080000,5888,2013
7151,572080000,572160000,9249,2826
7152,572160000,572240000,6736,1917
7153,572240000,572320000,5529,2160
7154,572320000,572400000,6466,1935
7155,572400000,572480000,9528,2855
7156,572480000,572560000,5247,1743
7157,572560000,572640000,5827,2130
7158,572640000,572720000,7077,2155
7159,572720000,572800000,9600,2755
7160,572800000,572880000,4780,1783
7161,572880000,572960000,5758,1981
7162,572960000,573040000,10755,3041
7163,573040000,573120000,6128,1858
7164,573120000,573200000,5514,2111
7165,573200000,573280000,6042,1817
7166,573280000,573360000,10512,2923
7167,573360000,573440000,4878,1694
7168,573440000,573520000,5974,2077
7169,573520000,573600000,8173,2459
7170,573600000,573680000,8299,2343
7171,573680000,573760000,4957,1882
7172,573760000,573840000,6391,2073
7173,573840000,573920000,10563,3030
7174,573920000,574000000,5710,1821
7175,574000000,574080000,5758,2121
7176,574080000,574160000,6092,1747
7177,574160000,574240000,10661,3099
7178,574240000,574320000,5144,1833
7179,574320000,574400000,5762,2014
7180,574400000,574480000,9427,2821
7181,574480000,574560000,6863,1908
7182,574560000,574640000,5516,2156
7183,574640000,574720000,6425,1935
7184,574720000,574800000,9952,2842
7185,574800000,574880000,5123,1728
7186,574880000,574960000,5330,1952
7187,574960000,575040000,7244,2373
7188,575040000,575120000,7695,2656
7189,575120000,575200000,5767,1883
7190,575200000,575280000,8832,3248
7191,575280000,575360000,8524,2336
7192,575360000,575440000,5135,1882
7193,575440000,575520000,6415,2073
7194,575520000,575600000,10860,3046
7195,575600000,575680000,5463,1817
7196,575680000,575760000,5696,2117
7197,575760000,575840000,6164,1756
7198,575840000,575920000,10848,3114
7199,575920000,576000000,5020,1789
7200,576000000,576080000,5457,1870
7201,576080000,576160000,9451,2820
7202,576160000,576240000,6857,1913
7203,576240000,576320000,5477,2060
7204,576320000,576400000,6515,1933
7205,576400000,576480000,9624,2873
7206,576480000,576560000,4929,1621
7207,576560000,576640000,5908,2115
7208,576640000,576720000,7129,2155
7209,576720000,576800000,9653,2764
7210,576800000,576880000,4885,1753
7211,576880000,576960000,5785,1978
7212,576960000,577040000,10500,3051
7213,577040000,577120000,5982,1858
7214,577120000,577200000,5634,2103
7215,577200000,577280000,6014,1811
7216,577280000,577360000,9962,2971
7217,577360000,577440000,4872,1737
7218,577440000,577520000,5563,2118
7219,577520000,577600000,8014,2467
7220,577600000,577680000,8252,2335
7221,577680000,577760000,4832,1886
7222,577760000,577840000,6259,2069
7223,577840000,577920000,10610,3021
7224,577920000,578000000,5366,1822
7225,578000000,578080000,5772,2115
7226,578080000,578160000,6176,1752
7227,578160000,578240000,10314,3039
7228,578240000,578320000,4864,1803
7229,578320000,578400000,5704,1986
7230,578400000,578480000,9325,2812
7231,578480000,578560000,6734,1912
7232,578560000,578640000,5738,2155
7233,578640000,578720000,6477,1933
7234,578720000,578800000,9765,2853
7235,578800000,578880000,5203,1726
7236,578880000,578960000,5599,2130
7237,578960000,579040000,7172,2149
7238,579040000,579120000,9836,2753
7239,579120000,579200000,4839,1787
7240,579200000,579280000,5768,1982
7241,579280000,579360000,10860,3048
7242,579360000,579440000,5918,1852
7243,579440000,579520000,5724,2106
7244,579520000,579600000,6125,1809
7245,579600000,579680000,10406,2970
7246,579680000,579760000,4903,1741
7247,579760000,579840000,5858,2114
7248,579840000,579920000,6981,2315
7249,579920000,580000000,7960,2654
7250,580000000,580080000,5927,2008
7251,580080000,580160000,9980,3639
7252,580160000,580240000,7141,1923
7253,580240000,580320000,5479,2137
7254,580320000,580400000,6456,1939
7255,580400000,580480000,10317,2875
7256,580480000,580560000,5125,1743
7257,580560000,580640000,5986,2126
7258,580640000,580720000,7293,2159
7259,580720000,580800000,9933,2768
7260,580800000,580880000,4752,1783
7261,580880000,580960000,5964,1981
7262,580960000,581040000,10683,3058
7263,581040000,581120000,6069,1854
7264,581120000,581200000,5825,2112
7265,581200000,581280000,6014,1817
7266,581280000,581360000,10106,2990
7267,581360000,581440000,5101,1741
7268,581440000,581520000,5722,2110
7269,581520000,581600000,8042,2471
7270,581600000,581680000,8325,2346
7271,581680000,581760000,5031,1882
7272,581760000,581840000,6413,2073
7273,581840000,581920000,10624,3030
7274,581920000,582000000,5433,1820
7275,582000000,582080000,5361,1950
7276,582080000,582160000,6004,1727
7277,582160000,582240000,10289,3091
7278,582240000,582320000,4924,1786
7279,582320000,582400000,5773,1986
7280,582400000,582480000,9232,2820
7281,582480000,582560000,6843,1869
7282,582560000,582640000,5521,2050
7283,582640000,582720000,6519,1935
7284,582720000,582800000,9992,2848
7285,582800000,582880000,5295,1698
7286,582880000,582960000,5611,2126
7287,582960000,583040000,7223,2157
7288,583040000,583120000,9504,2687
7289,583120000,583200000,4829,1756
7290,583200000,583280000,5718,1942
7291,583280000,583360000,10524,3035
7292,583360000,583440000,5812,1857
7293,583440000,583520000,5428,2112
7294,583520000,583600000,5964,1815
7295,583600000,583680000,10201,2978
7296,583680000,583760000,5006,1733
7297,583760000,583840000,5532,2114
7298,583840000,583920000,8130,2461
7299,583920000,584000000,8280,2335
7300,584000000,584080000,5016,1882
7301,584080000,584160000,6494,2069
7302,584160000,584240000,10596,3022
7303,584240000,584320000,5260,1822
7304,584320000,584400000,5692,2120
7305,584400000,584480000,6078,1747
7306,584480000,584560000,10380,3093
7307,584560000,584640000,5176,1834
7308,584640000,584720000,5843,2017
7309,584720000,584800000,6638,2255
7310,584800000,584880000,8084,2652
7311,584880000,584960000,6271,2168
7312,584960000,585040000,10698,3585
7313,585040000,585120000,6017,1863
7314,585120000,585200000,5691,2106
7315,585200000,585280000,6158,1816
7316,585280000,585360000,10498,2986
7317,585360000,585440000,4990,1737
7318,585440000,585520000,5855,2118
7319,585520000,585600000,8334,2474
7320,585600000,585680000,8485,2351
7321,585680000,585760000,5256,1886
7322,585760000,585840000,6473,2069
7323,585840000,585920000,10621,3045
7324,585920000,586000000,5482,1817
7325,586000000,586080000,5618,2117
7326,586080000,586160000,6031,1756
7327,586160000,586240000,10287,3117
7328,586240000,586320000,5121,1834
7329,586320000,586400000,5534,2021
7330,586400000,586480000,9296,2829
7331,586480000,586560000,7125,1918
7332,586560000,586640000,5674,2151
7333,586640000,586720000,6625,1933
7334,586720000,586800000,9991,2865
7335,586800000,586880000,5094,1749
7336,586880000,586960000,5861,2132
7337,586960000,587040000,7165,2155
7338,587040000,587120000,9526,2755
7339,587120000,587200000,4978,1786
7340,587200000,587280000,5834,1982
7341,587280000,587360000,10533,3043
7342,587360000,587440000,6053,1858
7343,587440000,587520000,5626,2106
7344,587520000,587600000,6063,1809
7345,587600000,587680000,10370,2974
7346,587680000,587760000,5100,1741
7347,587760000,587840000,5756,2114
7348,587840000,587920000,8259,2466
7349,587920000,588000000,8321,2260
7350,588000000,588080000,4800,1771
7351,588080000,588160000,6057,1932
7352,588160000,588240000,10601,3006
7353,588240000,588320000,5344,1820
7354,588320000,588400000,5692,2045
7355,588400000,588480000,6048,1748
7356,588480000,588560000,10366,3075
7357,588560000,588640000,4842,1703
7358,588640000,588720000,5900,2018
7359,588720000,588800000,9458,2815
7360,588800000,588880000,7054,1902
7361,588880000,588960000,5593,2136
7362,588960000,589040000,6437,1933
7363,589040000,589120000,9830,2853
7364,589120000,589200000,5344,1750
7365,589200000,589280000,5566,2126
7366,589280000,589360000,7196,2150
7367,589360000,589440000,9468,2753
7368,589440000,589520000,4642,1787
7369,589520000,589600000,5738,1982
7370,589600000,589680000,7102,2472
7371,589680000,589760000,8269,2566
7372,589760000,589840000,6412,2253
7373,589840000,589920000,11027,3498
7374,589920000,590000000,5719,1802
7375,590000000,590080000,5682,2113
7376,590080000,590160000,6132,1754
7377,590160000,590240000,10821,3117
7378,590240000,590320000,5168,1826
7379,590320000,590400000,5675,2014
7380,590400000,590480000,9646,2831
7381,590480000,590560000,7036,1922
7382,590560000,590640000,5443,2160
7383,590640000,590720000,6445,1935
7384,590720000,590800000,10017,2870
7385,590800000,590880000,5217,1743
7386,590880000,590960000,5517,2130
7387,590960000,591040000,7031,2159
7388,591040000,591120000,9434,2775
7389,591120000,591200000,4689,1784
7390,591200000,591280000,5955,1977
7391,591280000,591360000,10510,3053
7392,591360000,591440000,6031,1858
7393,591440000,591520000,5676,2112
7394,591520000,591600000,6089,1817
7395,591600000,591680000,10220,2984
7396,591680000,591760000,5205,1733
7397,591760000,591840000,5899,2114
7398,591840000,591920000,8093,2468
7399,591920000,592000000,8115,2325
7400,592000000,592080000,4985,1882
7401,592080000,592160000,6242,2072
7402,592160000,592240000,10459,3025
7403,592240000,592320000,5586,1822
7404,592320000,592400000,5488,2120
7405,592400000,592480000,6119,1747
7406,592480000,592560000,10779,3101
7407,592560000,592640000,5002,1833
7408,592640000,592720000,6013,2014
7409,592720000,592800000,9472,2796
7410,592800000,592880000,6937,1856
7411,592880000,592960000,5514,2135
7412,592960000,593040000,6435,1906
7413,593040000,593120000,9847,2848
7414,593120000,593200000,5477,1750
7415,593200000,593280000,5734,2136
7416,593280000,593360000,7098,2152
7417,593360000,593440000,9673,2756
7418,593440000,593520000,4804,1779
7419,593520000,593600000,5827,1977
7420,593600000,593680000,10671,3036
7421,593680000,593760000,6035,1857
7422,593760000,593840000,5642,2107
7423,593840000,593920000,6106,1817
7424,593920000,594000000,10363,2962
7425,594000000,594080000,5016,1724
7426,594080000,594160000,5351,1944
7427,594160000,594240000,8159,2455
7428,594240000,594320000,8240,2318
7429,594320000,594400000,4927,1820
7430,594400000,594480000,6452,2061
7431,594480000,594560000,6497,2357
7432,594560000,594640000,8575,2673
7433,594640000,594720000,6794,2361
7434,594720000,594800000,10762,3329
7435,594800000,594880000,5383,1753
7436,594880000,594960000,5759,2132
7437,594960000,595040000,7295,2160
7438,595040000,595120000,9982,2760
7439,595120000,595200000,4695,1727
7440,595200000,595280000,5617,1844
7441,595280000,595360000,11035,3044
7442,595360000,595440000,6044,1859
7443,595440000,595520000,5641,2038
7444,595520000,595600000,6149,1811
7445,595600000,595680000,10349,2983
7446,595680000,595760000,4785,1601
7447,595760000,595840000,5990,2108
7448,595840000,595920000,8000,2478
7449,595920000,596000000,8415,2339
7450,596000000,596080000,5065,1856
7451,596080000,596160000,6231,2068
7452,596160000,596240000,10591,3040
7453,596240000,596320000,5658,1820
7454,596320000,596400000,5686,2113
7455,596400000,596480000,6075,1753
7456,596480000,596560000,10560,3112
7457,596560000,596640000,4916,1831
7458,596640000,596720000,5608,2021
7459,596720000,596800000,9310,2823
7460,596800000,596880000,6906,1908
7461,596880000,596960000,5304,2155
7462,596960000,597040000,6359,1933
7463,597040000,597120000,9777,2854
7464,597120000,597200000,5120,1749
7465,597200000,597280000,5783,2127
7466,597280000,597360000,7253,2150
7467,597360000,597440000,9721,2757
7468,597440000,597520000,4750,1787
7469,597520000,597600000,5939,1982
7470,597600000,597680000,10700,3014
7471,597680000,597760000,5977,1807
7472,597760000,597840000,5783,2088
7473,597840000,597920000,6049,1793
7474,597920000,598000000,10163,2970
7475,598000000,598080000,5120,1741
7476,598080000,598160000,5630,2114
7477,598160000,598240000,8039,2466
7478,598240000,598320000,8374,2339
7479,598320000,598400000,4997,1886
7480,598400000,598480000,6252,2073
7481,598480000,598560000,10848,3003
7482,598560000,598640000,5533,1821
7483,598640000,598720000,5953,2113
7484,598720000,598800000,6189,1752
7485,598800000,598880000,10600,3091
7486,598880000,598960000,4881,1807
7487,598960000,599040000,5769,2018
7488,599040000,599120000,9481,2814
7489,599120000,599200000,7000,1908
7490,599200000,599280000,5742,2160
7491,599280000,599360000,6644,2016
7492,599360000,599440000,6010,2200
7493,599440000,599520000,7890,2558
7494,599520000,599600000,6773,2561
7495,599600000,599680000,10648,3193
7496,599680000,599760000,4996,1739
7497,599760000,599840000,6087,2110
7498,599840000,599920000,8315,2476
7499,599920000,600000000,8606,2331
7500,600000000,600080000,5037,1882
7501,600080000,600160000,6423,2072
7502,600160000,600240000,11033,3042
7503,600240000,600320000,5758,1822
7504,600320000,600400000,5816,2120
7505,600400000,600480000,6138,1752
7506,600480000,600560000,10746,3115
7507,600560000,600640000,5111,1826
7508,600640000,600720000,5745,2014
7509,600720000,600800000,9163,2836
7510,600800000,600880000,7077,1921
7511,600880000,600960000,5533,2156
7512,600960000,601040000,6409,1935
7513,601040000,601120000,10035,2861
7514,601120000,601200000,5331,1747
7515,601200000,601280000,5393,1954
7516,601280000,601360000,7097,2146
7517,601360000,601440000,9733,2747
7518,601440000,601520000,4712,1731
7519,601520000,601600000,5961,1957
7520,601600000,601680000,10573,3050
7521,601680000,601760000,5679,1790
7522,601760000,601840000,5634,2028
7523,601840000,601920000,6052,1817
7524,601920000,602000000,10366,2977
7525,602000000,602080000,5185,1707
7526,602080000,602160000,5614,2114
7527,602160000,602240000,8191,2461
7528,602240000,602320000,8524,2341
7529,602320000,602400000,5102,1882
7530,602400000,602480000,6332,2069
7531,602480000,602560000,10730,2992
7532,602560000,602640000,5342,1768
7533,602640000,602720000,5420,2091
7534,602720000,602800000,6039,1739
7535,602800000,602880000,10535,3093
7536,602880000,602960000,4865,1807
7537,602960000,603040000,5559,2017
7538,603040000,603120000,9269,2820
7539,603120000,603200000,6893,1913
7540,603200000,603280000,5505,2155
7541,603280000,603360000,6489,1932
7542,603360000,603440000,10006,2848
7543,603440000,603520000,5289,1750
7544,603520000,603600000,5852,2136
7545,603600000,603680000,7194,2156
7546,603680000,603760000,9641,2756
7547,603760000,603840000,4906,1786
7548,603840000,603920000,5925,1978
7549,603920000,604000000,10636,3042
7550,604000000,604080000,5908,1857
7551,604080000,604160000,5545,2107
7552,604160000,604240000,6875,2261
7553,604240000,604320000,5893,2189
7554,604320000,604400000,7098,2326
7555,604400000,604480000,7269,2690
7556,604480000,604560000,10526,3127
7557,604560000,604640000,5007,1834
7558,604640000,604720000,5871,2025
7559,604720000,604800000,9507,2830
7560,604800000,604880000,6991,1913
7561,604880000,604960000,5759,2155
7562,604960000,605040000,6553,1933
7563,605040000,605120000,10056,2871
7564,605120000,605200000,5288,1749
7565,605200000,605280000,5644,2132
7566,605280000,605360000,7242,2155
7567,605360000,605440000,9301,2764
7568,605440000,605520000,4809,1786
7569,605520000,605600000,5737,1982
7570,605600000,605680000,10324,3059
7571,605680000,605760000,5941,1861
7572,605760000,605840000,5767,2106
7573,605840000,605920000,6093,1811
7574,605920000,606000000,10485,2987
7575,606000000,606080000,4988,1741
7576,606080000,606160000,5931,2114
7577,606160000,606240000,8121,2474
7578,606240000,606320000,8584,2345
7579,606320000,606400000,5284,1886
7580,606400000,606480000,6371,2073
7581,606480000,606560000,10644,3036
7582,606560000,606640000,5467,1816
7583,606640000,606720000,5644,2113
7584,606720000,606800000,6026,1750
7585,606800000,606880000,10623,3098
7586,606880000,606960000,4961,1807
7587,606960000,607040000,5713,2018
7588,607040000,607120000,9496,2814
7589,607120000,607200000,7192,1910
7590,607200000,607280000,5333,2041
7591,607280000,607360000,6322,1862
7592,607360000,607440000,10127,2805
7593,607440000,607520000,5171,1697
7594,607520000,607600000,5660,2028
7595,607600000,607680000,7194,2145
7596,607680000,607760000,9557,2738
7597,607760000,607840000,4612,1660
7598,607840000,607920000,6026,1981
7599,607920000,608000000,10532,3043
7600,608000000,608080000,6104,1840
7601,608080000,608160000,5599,2099
7602,608160000,608240000,5967,1809
7603,608240000,608320000,10509,2970
7604,608320000,608400000,5249,1741
7605,608400000,608480000,5709,2110
7606,608480000,608560000,8233,2468
7607,608560000,608640000,8382,2337
7608,608640000,608720000,4841,1886
7609,608720000,608800000,6229,2073
7610,608800000,608880000,10773,3018
7611,608880000,608960000,5389,1822
7612,608960000,609040000,5468,2118
7613,609040000,609120000,7061,2310
7614,609120000,609200000,6805,2440
7615,609200000,609280000,6644,2126
7616,609280000,609360000,7684,2890
7617,609360000,609440000,9691,2783
7618,609440000,609520000,4912,1784
7619,609520000,609600000,5878,1981
7620,609600000,609680000,10786,3057
7621,609680000,609760000,5891,1854
7622,609760000,609840000,5465,2112
7623,609840000,609920000,6053,1817
7624,609920000,610000000,10535,2990
7625,610000000,610080000,4995,1737
7626,610080000,610160000,5579,2114
7627,610160000,610240000,8205,2471
7628,610240000,610320000,8093,2345
7629,610320000,610400000,4949,1882
7630,610400000,610480000,6453,2069
7631,610480000,610560000,10290,3046
7632,610560000,610640000,5363,1826
7633,610640000,610720000,5723,2120
7634,610720000,610800000,6053,1752
7635,610800000,610880000,10329,3103
7636,610880000,610960000,5179,1807
7637,610960000,611040000,5897,2017
7638,611040000,611120000,9255,2826
7639,611120000,611200000,6801,1911
7640,611200000,611280000,5558,2156
7641,611280000,611360000,6383,1935
7642,611360000,611440000,9464,2853
7643,611440000,611520000,5256,1746
7644,611520000,611600000,5459,2136
7645,611600000,611680000,7047,2154
7646,611680000,611760000,9643,2753
7647,611760000,611840000,4739,1783
7648,611840000,611920000,6103,1977
7649,611920000,612000000,10842,3042
7650,612000000,612080000,6112,1863
7651,612080000,612160000,5693,2107
7652,612160000,612240000,6119,1817
7653,612240000,612320000,10535,2929
7654,612320000,612400000,5297,1694
7655,612400000,612480000,5692,2085
7656,612480000,612560000,8185,2459
7657,612560000,612640000,8474,2341
7658,612640000,612720000,5044,1878
7659,612720000,612800000,6315,2069
7660,612800000,612880000,10645,3021
7661,612880000,612960000,5510,1820
7662,612960000,613040000,5654,2117
7663,613040000,613120000,6080,1747
7664,613120000,613200000,10895,3087
7665,613200000,613280000,5020,1792
7666,613280000,613360000,5479,1870
7667,613360000,613440000,9439,2810
7668,613440000,613520000,7020,1900
7669,613520000,613600000,5487,2087
7670,613600000,613680000,6500,1932
7671,613680000,613760000,9991,2850
7672,613760000,613840000,4934,1618
7673,613840000,613920000,5904,2115
7674,613920000,614000000,7278,2385
7675,614000000,614080000,7737,2656
7676,614080000,614160000,5759,1883
7677,614160000,614240000,8801,3246
7678,614240000,614320000,8541,2330
7679,614320000,614400000,4866,1796
7680,614400000,614480000,6253,1974
7681,614480000,614560000,10860,3027
7682,614560000,614640000,5493,1816
7683,614640000,614720000,5738,2045
7684,614720000,614800000,6168,1753
7685,614800000,614880000,10694,3088
7686,614880000,614960000,4888,1703
7687,614960000,615040000,5941,2018
7688,615040000,615120000,9466,2828
7689,615120000,615200000,6874,1905
7690,615200000,615280000,5618,2132
7691,615280000,615360000,6352,1933
7692,615360000,615440000,9558,2873
7693,615440000,615520000,5408,1754
7694,615520000,615600000,5611,2126
7695,615600000,615680000,7108,2156
7696,615680000,615760000,9526,2764
7697,615760000,615840000,4698,1787
7698,615840000,615920000,5803,1982
7699,615920000,616000000,10579,3052
7700,616000000,616080000,5910,1863
7701,616080000,616160000,5441,2107
7702,616160000,616240000,5988,1811
7703,616240000,616320000,9975,2979
7704,616320000,616400000,4827,1737
7705,616400000,616480000,5819,2110
7706,616480000,616560000,8029,2467
7707,616560000,616640000,8280,2335
7708,616640000,616720000,4966,1886
7709,616720000,616800000,6382,2073
7710,616800000,616880000,10637,3018
7711,616880000,616960000,5554,1822
7712,616960000,617040000,5912,2118
7713,617040000,617120000,6168,1752
7714,617120000,617200000,10354,3033
7715,617200000,617280000,4996,1802
7716,617280000,617360000,5546,1983
7717,617360000,617440000,9316,2812
7718,617440000,617520000,6685,1910
7719,617520000,617600000,5453,2160
7720,617600000,617680000,6363,1936
7721,617680000,617760000,9884,2851
7722,617760000,617840000,5126,1746
7723,617840000,617920000,5955,2126
7724,617920000,618000000,7227,2150
7725,618000000,618080000,9974,2757
7726,618080000,618160000,4797,1784
7727,618160000,618240000,5992,1981
7728,618240000,618320000,10794,3047
7729,618320000,618400000,6183,1857
7730,618400000,618480000,5745,2111
7731,618480000,618560000,6042,1812
7732,618560000,618640000,10492,2954
7733,618640000,618720000,5115,1741
7734,618720000,618800000,5714,2109
7735,618800000,618880000,6960,2315
7736,618880000,618960000,8056,2654
7737,618960000,619040000,5976,2008
7738,619040000,619120000,9994,3635
7739,619120000,619200000,7104,1919
7740,619200000,619280000,5630,2156
7741,619280000,619360000,6555,1939
7742,619360000,619440000,10123,2867
7743,619440000,619520000,5546,1746
7744,619520000,619600000,5790,2136
7745,619600000,619680000,7262,2158
7746,619680000,619760000,9867,2764
7747,619760000,619840000,4901,1783
7748,619840000,619920000,5877,1977
7749,619920000,620000000,10620,3041
7750,620000000,620080000,5954,1859
7751,620080000,620160000,5639,2108
7752,620160000,620240000,6013,1816
7753,620240000,620320000,10184,2990
7754,620320000,620400000,5008,1728
7755,620400000,620480000,5386,1944
7756,620480000,620560000,8031,2465
7757,620560000,620640000,8366,2331
7758,620640000,620720000,5017,1816
7759,620720000,620800000,6482,2063
7760,620800000,620880000,10553,3029
7761,620880000,620960000,5228,1717
7762,620960000,621040000,5827,2071
7763,621040000,621120000,6098,1752
7764,621120000,621200000,10341,3098
7765,621200000,621280000,5047,1797
7766,621280000,621360000,5559,2017
7767,621360000,621440000,9211,2820
7768,621440000,621520000,6978,1912
7769,621520000,621600000,5575,2155
7770,621600000,621680000,6407,1932
7771,621680000,621760000,9933,2848
7772,621760000,621840000,5172,1750
7773,621840000,621920000,5566,2136
7774,621920000,622000000,7224,2156
7775,622000000,622080000,9568,2693
7776,622080000,622160000,4615,1759
7777,622160000,622240000,5638,1943
7778,622240000,622320000,10515,3036
7779,622320000,622400000,5748,1862
7780,622400000,622480000,5646,2107
7781,622480000,622560000,6035,1812
7782,622560000,622640000,10166,2964
7783,622640000,622720000,4955,1737
7784,622720000,622800000,5823,2117
7785,622800000,622880000,8129,2461
7786,622880000,622960000,8361,2331
7787,622960000,623040000,5225,1886
7788,623040000,623120000,6491,2069
7789,623120000,623200000,10576,3019
7790,623200000,623280000,5441,1821
7791,623280000,623360000,5551,2116
7792,623360000,623440000,6063,1747
7793,623440000,623520000,10327,3091
7794,623520000,623600000,5046,1834
7795,623600000,623680000,5542,2021
7796,623680000,623760000,6644,2255
7797,623760000,623840000,8196,2652
7798,623840000,623920000,6312,2168
7799,623920000,624000000,10642,3566
7800,624000000,624080000,6218,1868
7801,624080000,624160000,5877,2110
7802,624160000,624240000,6148,1815
7803,624240000,624320000,10487,2988
7804,624320000,624400000,5092,1737
7805,624400000,624480000,5660,2114
7806,624480000,624560000,8317,2474
7807,624560000,624640000,8398,2345
7808,624640000,624720000,5076,1886
7809,624720000,624800000,6283,2073
7810,624800000,624880000,10709,3041
7811,624880000,624960000,5382,1814
7812,624960000,625040000,5945,2113
7813,625040000,625120000,6059,1753
7814,625120000,625200000,10338,3115
7815,625200000,625280000,4953,1833
7816,625280000,625360000,5812,2018
7817,625360000,625440000,9297,2829
7818,625440000,625520000,7138,1914
7819,625520000,625600000,5789,2160
7820,625600000,625680000,6501,1936
7821,625680000,625760000,9908,2865
7822,625760000,625840000,5304,1746
7823,625840000,625920000,5694,2126
7824,625920000,626000000,7177,2156
7825,626000000,626080000,9479,2761
7826,626080000,626160000,4731,1783
7827,626160000,626240000,5831,1981
7828,626240000,626320000,10595,3040
7829,626320000,626400000,5996,1859
7830,626400000,626480000,5348,1970
7831,626480000,626560000,5951,1760
7832,626560000,626640000,10391,2945
7833,626640000,626720000,5059,1724
7834,626720000,626800000,5819,2058
7835,626800000,626880000,8257,2466
7836,626880000,626960000,8143,2230
7837,626960000,627040000,4822,1715
7838,627040000,627120000,6413,2038
7839,627120000,627200000,10557,3018
7840,627200000,627280000,5526,1794
7841,627280000,627360000,5614,2112
7842,627360000,627440000,5998,1748
7843,627440000,627520000,10446,3097
7844,627520000,627600000,5102,1826
7845,627600000,627680000,5639,2014
7846,627680000,627760000,9450,2815
7847,627760000,627840000,6937,1909
7848,627840000,627920000,5441,2160
7849,627920000,628000000,6455,1936
7850,628000000,628080000,9971,2857
7851,628080000,628160000,5140,1750
7852,628160000,628240000,5443,2130
7853,628240000,628320000,7179,2150
7854,628320000,628400000,9449,2757
7855,628400000,628480000,4659,1784
7856,628480000,628560000,5970,1977
7857,628560000,628640000,7112,2472
7858,628640000,628720000,8357,2566
7859,628720000,628800000,6453,2277
7860,628800000,628880000,10951,3494
7861,628880000,628960000,5598,1826
7862,628960000,629040000,5558,2120
7863,629040000,629120000,6149,1757
7864,629120000,629200000,10854,3107
7865,629200000,629280000,4941,1827
7866,629280000,629360000,5594,2017
7867,629360000,629440000,9618,2829
7868,629440000,629520000,6994,1914
7869,629520000,629600000,5586,2155
7870,629600000,629680000,6569,1932
7871,629680000,629760000,9916,2866
7872,629760000,629840000,5156,1746
7873,629840000,629920000,5823,2136
7874,629920000,630000000,7045,2158
7875,630000000,630080000,9624,2781
7876,630080000,630160000,4938,1787
7877,630160000,630240000,5956,1978
7878,630240000,630320000,10509,3054
7879,630320000,630400000,6066,1863
7880,630400000,630480000,5619,2108
7881,630480000,630560000,6025,1817
7882,630560000,630640000,10193,2982
7883,630640000,630720000,5146,1737
7884,630720000,630800000,5546,2118
7885,630800000,630880000,8075,2468
7886,630880000,630960000,8174,2335
7887,630960000,631040000,4930,1855
7888,631040000,631120000,6518,2069
7889,631120000,631200000,10557,3024
7890,631200000,631280000,5373,1821
7891,631280000,631360000,5760,2116
7892,631360000,631440000,6154,1747
7893,631440000,631520000,10766,3097
7894,631520000,631600000,5277,1834
7895,631600000,631680000,5754,2021
7896,631680000,631760000,9464,2796
7897,631760000,631840000,6950,1858
7898,631840000,631920000,5551,2134
7899,631920000,632000000,6382,1903
7900,632000000,632080000,9849,2854
7901,632080000,632160000,5233,1750
7902,632160000,632240000,5683,2132
7903,632240000,632320000,7088,2152
7904,632320000,632400000,9702,2756
7905,632400000,632480000,4660,1727
7906,632480000,632560000,5563,1844
7907,632560000,632640000,10723,3023
7908,632640000,632720000,6042,1857
7909,632720000,632800000,5640,2038
7910,632800000,632880000,6143,1814
7911,632880000,632960000,10269,2957
7912,632960000,633040000,4709,1601
7913,633040000,633120000,5914,2108
7914,633120000,633200000,8177,2461
7915,633200000,633280000,8316,2329
7916,633280000,633360000,5032,1856
7917,633360000,633440000,6251,2067
7918,633440000,633520000,6531,2357
7919,633520000,633600000,8606,2673
7920,633600000,633680000,6733,2339
7921,633680000,633760000,10745,3308
7922,633760000,633840000,5276,1754
7923,633840000,633920000,5784,2058
7924,633920000,634000000,7314,2161
7925,634000000,634080000,9807,2741
7926,634080000,634160000,4656,1659
7927,634160000,634240000,6054,1981
7928,634240000,634320000,10950,3056
7929,634320000,634400000,6116,1842
7930,634400000,634480000,5674,2102
7931,634480000,634560000,6032,1811
7932,634560000,634640000,10302,2986
7933,634640000,634720000,5194,1733
7934,634720000,634800000,5687,2110
7935,634800000,634880000,7983,2478
7936,634880000,634960000,8294,2351
7937,634960000,635040000,4804,1863
7938,635040000,635120000,6258,2073
7939,635120000,635200000,10688,3035
7940,635200000,635280000,5518,1819
7941,635280000,635360000,5519,2117
7942,635360000,635440000,6060,1753
7943,635440000,635520000,10538,3106
7944,635520000,635600000,4925,1830
7945,635600000,635680000,5841,2014
7946,635680000,635760000,9336,2823
7947,635760000,635840000,6810,1908
7948,635840000,635920000,5500,2160
7949,635920000,636000000,6444,1936
7950,636000000,636080000,9860,2858
7951,636080000,636160000,5369,1750
7952,636160000,636240000,5861,2130
7953,636240000,636320000,7249,2150
7954,636320000,636400000,9732,2763
7955,636400000,636480000,4791,1784
7956,636480000,636560000,5800,1981
7957,636560000,636640000,10650,3012
7958,636640000,636720000,5997,1807
7959,636720000,636800000,5444,2089
7960,636800000,636880000,5980,1796
7961,636880000,636960000,10283,2970
7962,636960000,637040000,4858,1737
7963,637040000,637120000,6007,2110
7964,637120000,637200000,8061,2466
7965,637200000,637280000,8412,2335
7966,637280000,637360000,4996,1882
7967,637360000,637440000,6401,2073
7968,637440000,637520000,10751,3014
7969,637520000,637600000,5728,1799
7970,637600000,637680000,5810,2117
7971,637680000,637760000,6163,1755
7972,637760000,637840000,10619,3093
7973,637840000,637920000,5065,1830
7974,637920000,638000000,5659,2014
7975,638000000,638080000,9446,2814
7976,638080000,638160000,6929,1910
7977,638160000,638240000,5558,2156
7978,638240000,638320000,6635,2016
7979,638320000,638400000,6057,2200
7980,638400000,638480000,8007,2553
7981,638480000,638560000,6936,2561
7982,638560000,638640000,10744,3204
7983,638640000,638720000,5383,1739
7984,638720000,638800000,5843,2118
7985,638800000,638880000,8302,2476
7986,638880000,638960000,8649,2339
7987,638960000,639040000,5037,1855
7988,639040000,639120000,6365,2069
7989,639120000,639200000,11031,3033
7990,639200000,639280000,5568,1821
7991,639280000,639360000,5689,2116
7992,639360000,639440000,6154,1752
7993,639440000,639520000,10772,3099
7994,639520000,639600000,4951,1785
7995,639600000,639680000,5449,1870
7996,639680000,639760000,9154,2826
7997,639760000,639840000,7054,1916
7998,639840000,639920000,5538,2087
7999,639920000,640000000,6477,1932
8000,640000000,640080000,9949,2873
8001,640080000,640160000,5066,1618
8002,640160000,640240000,5966,2115
8003,640240000,640320000,7140,2158
8004,640320000,640400000,9736,2768
8005,640400000,640480000,4863,1752
8006,640480000,640560000,5741,1978
8007,640560000,640640000,10497,3050
8008,640640000,640720000,6007,1859
8009,640720000,640800000,5599,2103
8010,640800000,640880000,5968,1814
8011,640880000,640960000,10329,2975
8012,640960000,641040000,4879,1737
8013,641040000,641120000,5588,2118
8014,641120000,641200000,8206,2461
8015,641200000,641280000,8576,2335
8016,641280000,641360000,4891,1886
8017,641360000,641440000,6290,2069
8018,641440000,641520000,10731,2987
8019,641520000,641600000,5328,1767
8020,641600000,641680000,5689,2086
8021,641680000,641760000,6064,1736
8022,641760000,641840000,10547,3095
8023,641840000,641920000,4933,1834
8024,641920000,642000000,5790,2021
8025,642000000,642080000,9278,2820
8026,642080000,642160000,7094,1919
8027,642160000,642240000,5756,2155
8028,642240000,642320000,6489,1932
8029,642320000,642400000,10033,2852
8030,642400000,642480000,5356,1750
8031,642480000,642560000,5656,2132
8032,642560000,642640000,7207,2156
8033,642640000,642720000,9570,2740
8034,642720000,642800000,4787,1786
8035,642800000,642880000,5650,1981
8036,642880000,642960000,10762,3042
8037,642960000,643040000,5785,1855
8038,643040000,643120000,5740,2106
8039,643120000,643200000,7031,2258
8040,643200000,643280000,6127,2188
8041,643280000,643360000,7332,2326
8042,643360000,643440000,7393,2690
8043,643440000,643520000,10653,3124
8044,643520000,643600000,5110,1833
8045,643600000,643680000,5703,2022
8046,643680000,643760000,9545,2831
8047,643760000,643840000,6986,1912
8048,643840000,643920000,5544,2160
8049,643920000,644000000,6437,1936
8050,644000000,644080000,10279,2871
8051,644080000,644160000,5131,1750
8052,644160000,644240000,6004,2126
8053,644240000,644320000,7300,2156
8054,644320000,644400000,9494,2774
8055,644400000,644480000,4721,1783
8056,644480000,644560000,5980,1981
8057,644560000,644640000,10256,3058
8058,644640000,644720000,6242,1868
8059,644720000,644800000,5784,2111
8060,644800000,644880000,6033,1814
8061,644880000,644960000,10526,2989
8062,644960000,645040000,5136,1737
8063,645040000,645120000,5775,2110
8064,645120000,645200000,8156,2474
8065,645200000,645280000,8538,2339
8066,645280000,645360000,5042,1882
8067,645360000,645440000,6371,2073
8068,645440000,645520000,10717,3023
8069,645520000,645600000,5433,1815
8070,645600000,645680000,5316,1950
8071,645680000,645760000,5973,1728
8072,645760000,645840000,10659,3085
8073,645840000,645920000,4956,1790
8074,645920000,646000000,5801,1986
8075,646000000,646080000,9507,2816
8076,646080000,646160000,7003,1877
8077,646160000,646240000,5554,2050
8078,646240000,646320000,6578,1936
8079,646320000,646400000,10069,2826
8080,646400000,646480000,5286,1669
8081,646480000,646560000,5523,2098
8082,646560000,646640000,7183,2145
8083,646640000,646720000,9599,2749
8084,646720000,646800000,4866,1780
8085,646800000,646880000,5788,1976
8086,646880000,646960000,10518,3043
8087,646960000,647040000,5955,1862
8088,647040000,647120000,5427,2112
8089,647120000,647200000,6002,1812
8090,647200000,647280000,10635,2966
8091,647280000,647360000,5067,1741
8092,647360000,647440000,5607,2114
8093,647440000,647520000,8236,2468
8094,647520000,647600000,8352,2333
8095,647600000,647680000,4929,1882
8096,647680000,647760000,6417,2069
8097,647760000,647840000,10730,3018
8098,647840000,647920000,5385,1821
8099,647920000,648000000,5711,2120
8100,648000000,648080000,7176,2312
8101,648080000,648160000,7060,2440
8102,648160000,648240000,6762,2126
8103,648240000,648320000,7761,2890
8104,648320000,648400000,9880,2792
8105,648400000,648480000,4672,1787
8106,648480000,648560000,5806,1982
8107,648560000,648640000,10834,3060
8108,648640000,648720000,6004,1859
8109,648720000,648800000,5674,2107
8110,648800000,648880000,6142,1814
8111,648880000,648960000,10678,2990
8112,648960000,649040000,4907,1737
8113,649040000,649120000,5861,2118
8114,649120000,649200000,8255,2471
8115,649200000,649280000,8357,2341
8116,649280000,649360000,5227,1882
8117,649360000,649440000,6444,2069
8118,649440000,649520000,10363,3039
8119,649520000,649600000,5515,1825
8120,649600000,649680000,5592,2116
8121,649680000,649760000,6035,1752
8122,649760000,649840000,10377,3101
8123,649840000,649920000,5141,1834
8124,649920000,650000000,5605,2021
8125,650000000,650080000,9280,2825
8126,650080000,650160000,6947,1908
8127,650160000,650240000,5649,2151
8128,650240000,650320000,6611,1932
8129,650320000,650400000,9685,2861
8130,650400000,650480000,4952,1746
8131,650480000,650560000,5806,2132
8132,650560000,650640000,7087,2154
8133,650640000,650720000,9718,2743
8134,650720000,650800000,5000,1786
8135,650800000,650880000,5849,1981
8136,650880000,650960000,10844,3042
8137,650960000,651040000,6206,1863
8138,651040000,651120000,5644,2106
8139,651120000,651200000,6081,1814
8140,651200000,651280000,10556,2923
8141,651280000,651360000,5010,1694
8142,651360000,651440000,5660,2081
8143,651440000,651520000,8190,2459
8144,651520000,651600000,8565,2329
8145,651600000,651680000,4812,1792
8146,651680000,651760000,6132,1970
8147,651760000,651840000,10679,3008
8148,651840000,651920000,5487,1819
8149,651920000,652000000,5690,2045
8150,652000000,652080000,6093,1744
8151,652080000,652160000,10712,3075
8152,652160000,652240000,4959,1706
8153,652240000,652320000,5970,2018
8154,652320000,652400000,9472,2820
8155,652400000,652480000,7017,1904
8156,652480000,652560000,5601,2136
8157,652560000,652640000,6350,1932
8158,652640000,652720000,9943,2850
8159,652720000,652800000,5401,1751
8160,652800000,652880000,5615,2126
8161,652880000,652960000,7336,2385
8162,652960000,653040000,7733,2656
8163,653040000,653120000,5715,1866
8164,653120000,653200000,8933,3247
8165,653200000,653280000,8586,2306
8166,653280000,653360000,4976,1761
8167,653360000,653440000,6571,2077
8168,653440000,653520000,10948,3039
8169,653520000,653600000,5618,1790
8170,653600000,653680000,5651,2112
8171,653680000,653760000,6125,1753
8172,653760000,653840000,10837,3112
8173,653840000,653920000,5183,1830
8174,653920000,654000000,5682,2014
8175,654000000,654080000,9484,2829
8176,654080000,654160000,6874,1913
8177,654160000,654240000,5410,2160
8178,654240000,654320000,6388,1936
8179,654320000,654400000,9754,2877
8180,654400000,654480000,5194,1754
8181,654480000,654560000,5480,2130
8182,654560000,654640000,7119,2156
8183,654640000,654720000,9596,2754
8184,654720000,654800000,4784,1784
8185,654800000,654880000,6014,1976
8186,654880000,654960000,10600,3050
8187,654960000,655040000,5894,1863
8188,655040000,655120000,5639,2112
8189,655120000,655200000,6074,1814
8190,655200000,655280000,10146,2969
8191,655280000,655360000,5116,1733
8192,655360000,655440000,5893,2114
8193,655440000,655520000,8055,2467
8194,655520000,655600000,8401,2329
8195,655600000,655680000,4992,1882
8196,655680000,655760000,6288,2073
8197,655760000,655840000,10671,3014
8198,655840000,655920000,5602,1821
8199,655920000,656000000,5511,2120
8200,656000000,656080000,6172,1755
8201,656080000,656160000,10536,3029
8202,656160000,656240000,4904,1802
8203,656240000,656320000,5897,1979
8204,656320000,656400000,9381,2811
8205,656400000,656480000,6740,1917
8206,656480000,656560000,5548,2156
8207,656560000,656640000,6468,1936
8208,656640000,656720000,9872,2857
8209,656720000,656800000,5542,1749
8210,656800000,656880000,5738,2136
8211,656880000,656960000,7206,2149
8212,656960000,657040000,10022,2757
8213,657040000,657120000,4872,1784
8214,657120000,657200000,5902,1977
8215,657200000,657280000,10809,3046
8216,657280000,657360000,6062,1854
8217,657360000,657440000,5565,2107
8218,657440000,657520000,6049,1812
8219,657520000,657600000,10590,2958
8220,657600000,657680000,4937,1703
8221,657680000,657760000,5383,1944
8222,657760000,657840000,7032,2308
8223,657840000,657920000,7887,2653
8224,657920000,658000000,6144,2006
8225,658000000,658080000,10093,3637
8226,658080000,658160000,7308,1920
8227,658160000,658240000,5651,2155
8228,658240000,658320000,6528,1936
8229,658320000,658400000,10332,2875
8230,658400000,658480000,5272,1746
8231,658480000,658560000,5719,2132
8232,658560000,658640000,7294,2158
8233,658640000,658720000,10131,2766
8234,658720000,658800000,4757,1731
8235,658800000,658880000,5602,1844
8236,658880000,658960000,10827,3042
8237,658960000,659040000,5967,1839
8238,659040000,659120000,5622,2030
8239,659120000,659200000,6055,1814
8240,659200000,659280000,10277,2981
8241,659280000,659360000,4756,1605
8242,659360000,659440000,5955,2108
8243,659440000,659520000,8073,2471
8244,659520000,659600000,8561,2338
8245,659600000,659680000,5097,1852
8246,659680000,659760000,6293,2069
8247,659760000,659840000,10573,3029
8248,659840000,659920000,5614,1819
8249,659920000,660000000,5650,2113
8250,660000000,660080000,6055,1749
8251,660080000,660160000,10340,3096
8252,660160000,660240000,4850,1831
8253,660240000,660320000,5563,2021
8254,660320000,660400000,9248,2819
8255,660400000,660480000,7045,1915
8256,660480000,660560000,5377,2159
8257,660560000,660640000,6379,1932
8258,660640000,660720000,10050,2850
8259,660720000,660800000,5151,1750
8260,660800000,660880000,5819,2127
8261,660880000,660960000,7271,2157
8262,660960000,661040000,9631,2691
8263,661040000,661120000,4620,1759
8264,661120000,661200000,5837,1947
8265,661200000,661280000,10592,3033
8266,661280000,661360000,5986,1857
8267,661360000,661440000,5808,2107
8268,661440000,661520000,6043,1812
8269,661520000,661600000,10294,2970
8270,661600000,661680000,4998,1712
8271,661680000,661760000,5626,2114
8272,661760000,661840000,8165,2461
8273,661840000,661920000,8409,2327
8274,661920000,662000000,5023,1886
8275,662000000,662080000,6308,2073
8276,662080000,662160000,10749,3017
8277,662160000,662240000,5333,1820
8278,662240000,662320000,5871,2114
8279,662320000,662400000,6103,1744
8280,662400000,662480000,10461,3095
8281,662480000,662560000,4958,1833
8282,662560000,662640000,5814,2018
8283,662640000,662720000,6723,2254
8284,662720000,662800000,8050,2652
8285,662800000,662880000,6444,2168
8286,662880000,662960000,10770,3581
8287,662960000,663040000,6216,1848
8288,663040000,663120000,5545,2106
8289,663120000,663200000,6086,1819
8290,663200000,663280000,10741,2988
8291,663280000,663360000,4917,1733
8292,663360000,663440000,6049,2110
8293,663440000,663520000,8374,2474
8294,663520000,663600000,8578,2343
8295,663600000,663680000,5014,1882
8296,663680000,663760000,6461,2073
8297,663760000,663840000,10681,3038
8298,663840000,663920000,5676,1816
8299,663920000,664000000,5799,2121
8300,664000000,664080000,6061,1756
8301,664080000,664160000,10495,3113
8302,664160000,664240000,5064,1833
8303,664240000,664320000,5693,2014
8304,664320000,664400000,9347,2828
8305,664400000,664480000,7164,1919
8306,664480000,664560000,5581,2156
8307,664560000,664640000,6502,1936
8308,664640000,664720000,10141,2863
8309,664720000,664800000,5245,1746
8310,664800000,664880000,5351,1954
8311,664880000,664960000,7163,2143
8312,664960000,665040000,9637,2746
8313,665040000,665120000,4666,1731
8314,665120000,665200000,5919,1957
8315,665200000,665280000,10580,3041
8316,665280000,665360000,5942,1789
8317,665360000,665440000,5647,2027
8318,665440000,665520000,6150,1812
8319,665520000,665600000,10535,2966
8320,665600000,665680000,5125,1684
8321,665680000,665760000,5640,2114
8322,665760000,665840000,8278,2466
8323,665840000,665920000,8338,2268
8324,665920000,666000000,5061,1857
8325,666000000,666080000,6243,2034
8326,666080000,666160000,10591,3016
8327,666160000,666240000,5402,1820
8328,666240000,666320000,5494,2121
8329,666320000,666400000,6039,1751
8330,666400000,666480000,10569,3101
8331,666480000,666560000,4940,1827
8332,666560000,666640000,5559,2017
8333,666640000,666720000,9457,2814
8334,666720000,666800000,7045,1912
8335,666800000,666880000,5578,2155
8336,666880000,666960000,6604,1933
8337,666960000,667040000,10065,2855
8338,667040000,667120000,5063,1749
8339,667120000,667200000,5748,2136
8340,667200000,667280000,7221,2149
8341,667280000,667360000,9695,2751
8342,667360000,667440000,4934,1787
8343,667440000,667520000,5958,1978
8344,667520000,667600000,7211,2471
8345,667600000,667680000,8211,2566
8346,667680000,667760000,6526,2277
8347,667760000,667840000,11065,3492
8348,667840000,667920000,5554,1825
8349,667920000,668000000,5810,2115
8350,668000000,668080000,6183,1754
8351,668080000,668160000,10983,3109
8352,668160000,668240000,4985,1831
8353,668240000,668320000,5812,2021
8354,668320000,668400000,9680,2830
8355,668400000,668480000,7218,1921
8356,668480000,668560000,5827,2159
8357,668560000,668640000,6564,1932
8358,668640000,668720000,10068,2874
8359,668720000,668800000,5305,1746
8360,668800000,668880000,5649,2132
8361,668880000,668960000,7052,2158
8362,668960000,669040000,9616,2775
8363,669040000,669120000,4834,1787
8364,669120000,669200000,5695,1982
8365,669200000,669280000,10639,3052
8366,669280000,669360000,6065,1861
8367,669360000,669440000,5794,2103
8368,669440000,669520000,6176,1814
8369,669520000,669600000,10388,2976
8370,669600000,669680000,4922,1737
8371,669680000,669760000,5877,2114
8372,669760000,669840000,8117,2468
8373,669840000,669920000,8286,2329
8374,669920000,670000000,5213,1886
8375,670000000,670080000,6329,2073
8376,670080000,670160000,10638,3022
8377,670160000,670240000,5631,1822
8378,670240000,670320000,5679,2114
8379,670320000,670400000,6127,1744
8380,670400000,670480000,10844,3101
8381,670480000,670560000,5066,1833
8382,670560000,670640000,5752,2018
8383,670640000,670720000,9464,2787
8384,670720000,670800000,7191,1855
8385,670800000,670880000,5290,2020
8386,670880000,670960000,6246,1829
8387,670960000,671040000,10038,2835
8388,671040000,671120000,5182,1747
8389,671120000,671200000,5715,2058
8390,671200000,671280000,7128,2153
8391,671280000,671360000,9708,2729
8392,671360000,671440000,4623,1659
8393,671440000,671520000,6013,1981
8394,671520000,671600000,10783,3035
8395,671600000,671680000,6137,1832
8396,671680000,671760000,5658,2102
8397,671760000,671840000,6049,1814
8398,671840000,671920000,10311,2962
8399,671920000,672000000,5161,1737
8400,672000000,672080000,5618,2110
8401,672080000,672160000,8198,2461
8402,672160000,672240000,8290,2327
8403,672240000,672320000,4845,1886
8404,672320000,672400000,6288,2071
8405,672400000,672480000,6605,2356
8406,672480000,672560000,8521,2667
8407,672560000,672640000,6924,2341
8408,672640000,672720000,10958,3332
8409,672720000,672800000,5476,1726
8410,672800000,672880000,5658,2128
8411,672880000,672960000,7308,2161
8412,672960000,673040000,10023,2770
8413,673040000,673120000,4899,1779
8414,673120000,673200000,5828,1977
8415,673200000,673280000,11022,3058
8416,673280000,673360000,6126,1864
8417,673360000,673440000,5472,2111
8418,673440000,673520000,6076,1814
8419,673520000,673600000,10545,2982
8420,673600000,673680000,5018,1733
8421,673680000,673760000,5576,2114
8422,673760000,673840000,8010,2478
8423,673840000,673920000,8384,2345
8424,673920000,674000000,4962,1882
8425,674000000,674080000,6432,2069
8426,674080000,674160000,10705,3033
8427,674160000,674240000,5580,1820
8428,674240000,674320000,5782,2121
8429,674320000,674400000,6123,1756
8430,674400000,674480000,10736,3110
8431,674480000,674560000,5222,1827
8432,674560000,674640000,5862,2017
8433,674640000,674720000,9331,2812
8434,674720000,674800000,6968,1911
8435,674800000,674880000,5508,2156
8436,674880000,674960000,6379,1935
8437,674960000,675040000,9890,2854
8438,675040000,675120000,5363,1749
8439,675120000,675200000,5476,2136
8440,675200000,675280000,7256,2149
8441,675280000,675360000,9890,2759
8442,675360000,675440000,4760,1784
8443,675440000,675520000,6123,1977
8444,675520000,675600000,10788,3009
8445,675600000,675680000,5903,1802
8446,675680000,675760000,5609,2085
8447,675760000,675840000,6060,1796
8448,675840000,675920000,10310,2964
8449,675920000,676000000,5303,1741
8450,676000000,676080000,5757,2118
8451,676080000,676160000,8073,2466
8452,676160000,676240000,8566,2333
8453,676240000,676320000,5043,1878
8454,676320000,676400000,6342,2069
8455,676400000,676480000,10861,3013
8456,676480000,676560000,5641,1822
8457,676560000,676640000,5704,2116
8458,676640000,676720000,6176,1755
8459,676720000,676800000,10846,3089
8460,676800000,676880000,4948,1789
8461,676880000,676960000,5367,1870
8462,676960000,677040000,9453,2803
8463,677040000,677120000,7070,1906
8464,677120000,677200000,5502,2087
8465,677200000,677280000,6722,2013
8466,677280000,677360000,6119,2199
8467,677360000,677440000,7690,2559
8468,677440000,677520000,6829,2561
8469,677520000,677600000,10669,3195
8470,677600000,677680000,5170,1739
8471,677680000,677760000,5798,2114
8472,677760000,677840000,8324,2476
8473,677840000,677920000,8840,2331
8474,677920000,678000000,4865,1792
8475,678000000,678080000,6164,1970
8476,678080000,678160000,11211,3020
8477,678160000,678240000,5586,1822
8478,678240000,678320000,5739,2046
8479,678320000,678400000,6132,1749
8480,678400000,678480000,10772,3091
8481,678480000,678560000,4862,1703
8482,678560000,678640000,5952,2018
8483,678640000,678720000,9157,2825
8484,678720000,678800000,7259,1915
8485,678800000,678880000,5593,2136
8486,678880000,678960000,6310,1931
8487,678960000,679040000,10030,2871
8488,679040000,679120000,5465,1747
8489,679120000,679200000,5656,2126
8490,679200000,679280000,7130,2159
8491,679280000,679360000,9795,2766
8492,679360000,679440000,4673,1786
8493,679440000,679520000,5750,1982
8494,679520000,679600000,10647,3047
8495,679600000,679680000,5917,1852
8496,679680000,679760000,5398,2107
8497,679760000,679840000,5932,1814
8498,679840000,679920000,10421,2971
8499,679920000,680000000,4925,1737
8500,680000000,680080000,5850,2110
8501,680080000,680160000,8220,2461
8502,680160000,680240000,8639,2333
8503,680240000,680320000,4998,1886
8504,680320000,680400000,6419,2073
8505,680400000,680480000,10838,2990
8506,680480000,680560000,5583,1769
8507,680560000,680640000,5811,2089
8508,680640000,680720000,6054,1736
8509,680720000,680800000,10663,3097
8510,680800000,680880000,5065,1833
8511,680880000,680960000,5618,2018
8512,680960000,681040000,9291,2819
8513,681040000,681120000,7104,1916
8514,681120000,681200000,5496,2160
8515,681200000,681280000,6349,1935
8516,681280000,681360000,10178,2834
8517,681360000,681440000,5253,1751
8518,681440000,681520000,6014,2125
8519,681520000,681600000,7231,2157
8520,681600000,681680000,9722,2748
8521,681680000,681760000,4652,1760
8522,681760000,681840000,5891,1981
8523,681840000,681920000,10692,3039
8524,681920000,682000000,6104,1854
8525,682000000,682080000,5760,2111
8526,682080000,682160000,6914,2261
8527,682160000,682240000,5893,2189
8528,682240000,682320000,6872,2326
8529,682320000,682400000,7194,2690
8530,682400000,682480000,10469,3119
8531,682480000,682560000,5008,1833
8532,682560000,682640000,6064,2018
8533,682640000,682720000,9493,2820
8534,682720000,682800000,6845,1915
8535,682800000,682880000,5618,2156
8536,682880000,682960000,6533,1935
8537,682960000,683040000,10022,2877
8538,683040000,683120000,5479,1749
8539,683120000,683200000,5784,2136
8540,683200000,683280000,7258,2155
8541,683280000,683360000,9408,2772
8542,683360000,683440000,4865,1779
8543,683440000,683520000,5877,1977
8544,683520000,683600000,10261,3059
8545,683600000,683680000,6126,1863
8546,683680000,683760000,5603,2107
8547,683760000,683840000,6011,1814
8548,683840000,683920000,10714,2975
8549,683920000,684000000,5105,1724
8550,684000000,684080000,5451,1944
8551,684080000,684160000,8124,2468
8552,684160000,684240000,8691,2322
8553,684240000,684320000,4951,1816
8554,684320000,684400000,6452,2063
8555,684400000,684480000,10763,3034
8556,684480000,684560000,5214,1714
8557,684560000,684640000,5776,2071
8558,684640000,684720000,6065,1753
8559,684720000,684800000,10875,3102
8560,684800000,684880000,5121,1801
8561,684880000,684960000,5581,2017
8562,684960000,685040000,9507,2815
8563,685040000,685120000,7248,1919
8564,685120000,685200000,5612,2155
8565,685200000,685280000,6449,1933
8566,685280000,685360000,10178,2824
8567,685360000,685440000,5080,1696
8568,685440000,685520000,5484,2106
8569,685520000,685600000,7176,2144
8570,685600000,685680000,9755,2753
8571,685680000,685760000,4577,1760
8572,685760000,685840000,5722,1978
8573,685840000,685920000,10557,3040
8574,685920000,686000000,6029,1857
8575,686000000,686080000,5623,2107
8576,686080000,686160000,6091,1809
8577,686160000,686240000,10653,2964
8578,686240000,686320000,5114,1741
8579,686320000,686400000,5884,2118
8580,686400000,686480000,8253,2468
8581,686480000,686560000,8547,2335
8582,686560000,686640000,5180,1886
8583,686640000,686720000,6393,2069
8584,686720000,686800000,10794,3019
8585,686800000,686880000,5535,1822
8586,686880000,686960000,5574,2116
8587,686960000,687040000,7083,2313
8588,687040000,687120000,6789,2440
8589,687120000,687200000,6342,2126
8590,687200000,687280000,7720,2890
8591,687280000,687360000,9761,2789
8592,687360000,687440000,4778,1787
8593,687440000,687520000,5992,1986
8594,687520000,687600000,10800,3057
8595,687600000,687680000,6066,1854
8596,687680000,687760000,5850,2107
8597,687760000,687840000,6119,1814
8598,687840000,687920000,10521,2984
8599,687920000,688000000,5121,1737
8600,688000000,688080000,5679,2114
8601,688080000,688160000,8205,2471
8602,688160000,688240000,8136,2337
8603,688240000,688320000,4985,1886
8604,688320000,688400000,6261,2073
8605,688400000,688480000,10372,3041
8606,688480000,688560000,5308,1824
8607,688560000,688640000,5909,2114
8608,688640000,688720000,6078,1749
8609,688720000,688800000,10297,3109
8610,688800000,688880000,5016,1833
8611,688880000,688960000,5872,2018
8612,688960000,689040000,9256,2826
8613,689040000,689120000,6847,1917
8614,689120000,689200000,5812,2160
8615,689200000,689280000,6453,1935
8616,689280000,689360000,9568,2863
8617,689360000,689440000,5162,1743
8618,689440000,689520000,5651,2126
8619,689520000,689600000,7061,2155
8620,689600000,689680000,9679,2753
8621,689680000,689760000,4698,1760
8622,689760000,689840000,5858,1981
8623,689840000,689920000,10966,3035
8624,689920000,690000000,6244,1856
8625,690000000,690080000,5363,1970
8626,690080000,690160000,5977,1765
8627,690160000,690240000,10695,2906
8628,690240000,690320000,4990,1677
8629,690320000,690400000,5722,2026
8630,690400000,690480000,8200,2459
8631,690480000,690560000,8487,2311
8632,690560000,690640000,4907,1761
8633,690640000,690720000,6466,2073
8634,690720000,690800000,10766,3026
8635,690800000,690880000,5645,1795
8636,690880000,690960000,5616,2112
8637,690960000,691040000,6029,1744
8638,691040000,691120000,10894,3095
8639,691120000,691200000,5181,1833
8640,691200000,691280000,5733,2014
8641,691280000,691360000,9464,2819
8642,691360000,691440000,7068,1910
8643,691440000,691520000,5363,2160
8644,691520000,691600000,6367,1935
8645,691600000,691680000,10124,2844
8646,691680000,691760000,5178,1751
8647,691760000,691840000,5473,2130
8648,691840000,691920000,7260,2386
8649,691920000,692000000,7568,2656
8650,692000000,692080000,5675,1883
8651,692080000,692160000,8785,3246
8652,692160000,692240000,8484,2332
8653,692240000,692320000,5134,1882
8654,692320000,692400000,6395,2073
8655,692400000,692480000,10797,3037
8656,692480000,692560000,5382,1816
8657,692560000,692640000,5522,2121
8658,692640000,692720000,6147,1756
8659,692720000,692800000,10744,3116
8660,692800000,692880000,4966,1831
8661,692880000,692960000,5593,2017
8662,692960000,693040000,9453,2828
8663,693040000,693120000,6715,1918
8664,693120000,693200000,5542,2155
8665,693200000,693280000,6501,1933
8666,693280000,693360000,9619,2879
8667,693360000,693440000,5107,1753
8668,693440000,693520000,5795,2136
8669,693520000,693600000,7107,2155
8670,693600000,693680000,9575,2762
8671,693680000,693760000,4927,1760
8672,693760000,693840000,6033,1978
8673,693840000,693920000,10554,3051
8674,693920000,694000000,5918,1858
8675,694000000,694080000,5573,2108
8676,694080000,694160000,6010,1814
8677,694160000,694240000,9931,2969
8678,694240000,694320000,5103,1737
8679,694320000,694400000,5496,2118
8680,694400000,694480000,8023,2467
8681,694480000,694560000,8268,2329
8682,694560000,694640000,5037,1882
8683,694640000,694720000,6536,2069
8684,694720000,694800000,10658,3023
8685,694800000,694880000,5383,1822
8686,694880000,694960000,5801,2116
8687,694960000,695040000,6182,1755
8688,695040000,695120000,10403,3039
8689,695120000,695200000,5242,1803
8690,695200000,695280000,5649,1986
8691,695280000,695360000,9330,2812
8692,695360000,695440000,6767,1918
8693,695440000,695520000,5568,2151
8694,695520000,695600000,6416,1933
8695,695600000,695680000,9858,2851
8696,695680000,695760000,5268,1749
8697,695760000,695840000,5689,2132
8698,695840000,695920000,7206,2149
8699,695920000,696000000,10209,2745
8700,696000000,696080000,4736,1732
8701,696080000,696160000,5634,1844
8702,696160000,696240000,10891,3027
8703,696240000,696320000,6117,1854
8704,696320000,696400000,5597,2038
8705,696400000,696480000,6073,1809
8706,696480000,696560000,10635,2959
8707,696560000,696640000,4776,1605
8708,696640000,696720000,5956,2108
8709,696720000,696800000,6967,2315
8710,696800000,696880000,7760,2654
8711,696880000,696960000,6010,2008
8712,696960000,697040000,9982,3633
8713,697040000,697120000,7192,1919
8714,697120000,697200000,5357,2041
8715,697200000,697280000,6372,1865
8716,697280000,697360000,10218,2858
8717,697360000,697440000,5275,1743
8718,697440000,697520000,5759,2058
8719,697520000,697600000,7276,2159
8720,697600000,697680000,9870,2739
8721,697680000,697760000,4669,1659
8722,697760000,697840000,6060,1981
8723,697840000,697920000,10716,3054
8724,697920000,698000000,6013,1832
8725,698000000,698080000,5663,2099
8726,698080000,698160000,5938,1814
8727,698160000,698240000,10077,2990
8728,698240000,698320000,5222,1741
8729,698320000,698400000,5646,2110
8730,698400000,698480000,8040,2471
8731,698480000,698560000,8294,2340
8732,698560000,698640000,4913,1886
8733,698640000,698720000,6309,2073
8734,698720000,698800000,10585,3036
8735,698800000,698880000,5426,1820
8736,698880000,698960000,5502,2117
8737,698960000,699040000,6025,1749
8738,699040000,699120000,10206,3106
8739,699120000,699200000,4887,1830
8740,699200000,699280000,5802,2014
8741,699280000,699360000,9228,2820
8742,699360000,699440000,6935,1916
8743,699440000,699520000,5538,2160
8744,699520000,699600000,6464,1935
8745,699600000,699680000,9967,2848
8746,699680000,699760000,5382,1751
8747,699760000,699840000,5883,2130
8748,699840000,699920000,7254,2157
8749,699920000,700000000,9534,2687
8750,700000000,700080000,4737,1756
8751,700080000,700160000,5685,1946
8752,700160000,700240000,10496,3033
8753,700240000,700320000,5881,1857
8754,700320000,700400000,5491,2112
8755,700400000,700480000,5950,1815
8756,700480000,700560000,10241,2970
8757,700560000,700640000,4913,1733
8758,700640000,700720000,6010,2110
8759,700720000,700800000,8141,2461
8760,700800000,700880000,8343,2335
8761,700880000,700960000,5052,1882
8762,700960000,701040000,6464,2073
8763,701040000,701120000,10543,3022
8764,701120000,701200000,5588,1822
8765,701200000,701280000,5731,2120
8766,701280000,701360000,6077,1747
8767,701360000,701440000,10365,3083
8768,701440000,701520000,5086,1833
8769,701520000,701600000,5697,2013
8770,701600000,701680000,6641,2255
8771,701680000,701760000,7888,2650
8772,701760000,701840000,6342,2168
8773,701840000,701920000,10735,3579
8774,701920000,702000000,6023,1863
8775,702000000,702080000,5722,2107
8776,702080000,702160000,6156,1819
8777,702160000,702240000,10427,2982
8778,702240000,702320000,5363,1737
8779,702320000,702400000,5790,2118
8780,702400000,702480000,8326,2474
8781,702480000,702560000,8402,2341
8782,702560000,702640000,5149,1882
8783,702640000,702720000,6375,2069
8784,702720000,702800000,10535,3027
8785,702800000,702880000,5441,1817
8786,702880000,702960000,5691,2116
8787,702960000,703040000,6039,1756
8788,703040000,703120000,10391,3115
8789,703120000,703200000,4966,1792
8790,703200000,703280000,5405,1870
8791,703280000,703360000,9279,2819
8792,703360000,703440000,7121,1915
8793,703440000,703520000,5571,2083
8794,703520000,703600000,6560,1933
8795,703600000,703680000,9950,2863
8796,703680000,703760000,4978,1617
8797,703760000,703840000,5920,2115
8798,703840000,703920000,7180,2155
8799,703920000,704000000,9562,2755
8800,704000000,704080000,4808,1752
8801,704080000,704160000,5695,1978
8802,704160000,704240000,10479,3043
8803,704240000,704320000,6088,1858
8804,704320000,704400000,5613,2106
8805,704400000,704480000,6039,1809
8806,704480000,704560000,10348,2968
8807,704560000,704640000,4959,1741
8808,704640000,704720000,5628,2118
8809,704720000,704800000,8245,2466
8810,704800000,704880000,8294,2276
8811,704880000,704960000,4802,1861
8812,704960000,705040000,6197,2034
8813,705040000,705120000,10530,3023
8814,705120000,705200000,5290,1821
8815,705200000,705280000,5744,2116
8816,705280000,705360000,6056,1748
8817,705360000,705440000,10428,3089
8818,705440000,705520000,4939,1831
8819,705520000,705600000,5772,2020
8820,705600000,705680000,9444,2815
8821,705680000,705760000,7022,1909
8822,705760000,705840000,5783,2159
8823,705840000,705920000,6564,1933
8824,705920000,706000000,9941,2853
8825,706000000,706080000,5245,1749
8826,706080000,706160000,5570,2132
8827,706160000,706240000,7178,2149
8828,706240000,706320000,9514,2751
8829,706320000,706400000,4766,1787
8830,706400000,706480000,5698,1982
8831,706480000,706560000,7112,2472
8832,706560000,706640000,8104,2566
8833,706640000,706720000,6409,2277
8834,706720000,706800000,10910,3480
8835,706800000,706880000,5739,1827
8836,706880000,706960000,5936,2117
8837,706960000,707040000,6162,1754
8838,707040000,707120000,10802,3113
8839,707120000,707200000,5077,1830
8840,707200000,707280000,5657,2018
8841,707280000,707360000,9600,2829
8842,707360000,707440000,7064,1918
8843,707440000,707520000,5550,2160
8844,707520000,707600000,6432,1935
8845,707600000,707680000,10048,2870
8846,707680000,707760000,5165,1743
8847,707760000,707840000,5997,2126
8848,707840000,707920000,7081,2159
8849,707920000,708000000,9528,2775
8850,708000000,708080000,4726,1784
8851,708080000,708160000,5922,1981
8852,708160000,708240000,10468,3053
8853,708240000,708320000,6165,1858
8854,708320000,708400000,5814,2112
8855,708400000,708480000,6074,1817
8856,708480000,708560000,10192,2978
8857,708560000,708640000,5107,1733
8858,708640000,708720000,5731,2110
8859,708720000,708800000,8081,2468
8860,708800000,708880000,8123,2337
8861,708880000,708960000,4965,1882
8862,708960000,709040000,6329,2073
8863,709040000,709120000,10586,3021
8864,709120000,709200000,5541,1823
8865,709200000,709280000,5349,1951
8866,709280000,709360000,6071,1722
8867,709360000,709440000,10706,3074
8868,709440000,709520000,5027,1793
8869,709520000,709600000,5831,1985
8870,709600000,709680000,9475,2796
8871,709680000,709760000,6810,1803
8872,709760000,709840000,5447,2008
8873,709840000,709920000,6487,1906
8874,709920000,710000000,9912,2848
8875,710000000,710080000,5342,1719
8876,710080000,710160000,5590,2128
8877,710160000,710240000,7076,2153
8878,710240000,710320000,9683,2756
8879,710320000,710400000,4827,1779
8880,710400000,710480000,5799,1977
8881,710480000,710560000,10670,3037
8882,710560000,710640000,6011,1854
8883,710640000,710720000,5471,2111
8884,710720000,710800000,6067,1817
8885,710800000,710880000,10301,2968
8886,710880000,710960000,4949,1737
8887,710960000,711040000,5498,2114
8888,711040000,711120000,8171,2461
8889,711120000,711200000,8178,2333
8890,711200000,711280000,4923,1882
8891,711280000,711360000,6442,2067
8892,711360000,711440000,6534,2357
8893,711440000,711520000,8343,2673
8894,711520000,711600000,6821,2361
8895,711600000,711680000,10729,3329
8896,711680000,711760000,5320,1753
8897,711760000,711840000,5610,2136
8898,711840000,711920000,7284,2160
8899,711920000,712000000,9914,2762
8900,712000000,712080000,4674,1782
8901,712080000,712160000,5749,1978
8902,712160000,712240000,10935,3055
8903,712240000,712320000,6007,1859
8904,712320000,712400000,5684,2106
8905,712400000,712480000,6135,1811
8906,712480000,712560000,10329,2980
8907,712560000,712640000,4963,1737
8908,712640000,712720000,5866,2118
8909,712720000,712800000,7983,2478
8910,712800000,712880000,8445,2353
8911,712880000,712960000,5199,1886
8912,712960000,713040000,6428,2069
8913,713040000,713120000,10625,3040
8914,713120000,713200000,5607,1821
8915,713200000,713280000,5636,2117
8916,713280000,713360000,6089,1756
8917,713360000,713440000,10565,3110
8918,713440000,713520000,5101,1831
8919,713520000,713600000,5551,2021
8920,713600000,713680000,9334,2823
8921,713680000,713760000,6889,1912
8922,713760000,713840000,5541,2128
8923,713840000,713920000,6560,1933
8924,713920000,714000000,9899,2854
8925,714000000,714080000,5056,1749
8926,714080000,714160000,5831,2132
8927,714160000,714240000,7235,2149
8928,714240000,714320000,9786,2757
8929,714320000,714400000,5005,1787
8930,714400000,714480000,5892,1982
8931,714480000,714560000,10675,3013
8932,714560000,714640000,5928,1802
8933,714640000,714720000,5577,2084
8934,714720000,714800000,6005,1793
8935,714800000,714880000,10138,2972
8936,714880000,714960000,5057,1741
8937,714960000,715040000,5722,2114
8938,715040000,715120000,8046,2466
8939,715120000,715200000,8456,2335
8940,715200000,715280000,4830,1792
8941,715280000,715360000,6139,1970
8942,715360000,715440000,10820,3002
8943,715440000,715520000,5588,1823
8944,715520000,715600000,5759,2046
8945,715600000,715680000,6158,1752
8946,715680000,715760000,10555,3071
8947,715760000,715840000,4806,1703
8948,715840000,715920000,5870,2018
8949,715920000,716000000,9459,2814
8950,716000000,716080000,7008,1901
8951,716080000,716160000,5548,2136
8952,716160000,716240000,6554,2013
8953,716240000,716320000,6057,2200
8954,716320000,716400000,7747,2557
8955,716400000,716480000,6861,2539
8956,716480000,716560000,10714,3183
8957,716560000,716640000,5037,1722
8958,716640000,716720000,5864,2059
8959,716720000,716800000,8308,2476
8960,716800000,716880000,8595,2311
8961,716880000,716960000,4940,1761
8962,716960000,717040000,6512,2073
8963,717040000,717120000,11035,3038
8964,717120000,717200000,5667,1798
8965,717200000,717280000,5665,2113
8966,717280000,717360000,6097,1749
8967,717360000,717440000,10682,3111
8968,717440000,717520000,5126,1826
8969,717520000,717600000,5686,2014
8970,717600000,717680000,9167,2836
8971,717680000,717760000,6974,1925
8972,717760000,717840000,5346,2137
8973,717840000,717920000,6343,1935
8974,717920000,718000000,10012,2867
8975,718000000,718080000,5260,1747
8976,718080000,718160000,5541,2130
8977,718160000,718240000,7115,2159
8978,718240000,718320000,9696,2762
8979,718320000,718400000,4682,1783
8980,718400000,718480000,5977,1977
8981,718480000,718560000,10565,3049
8982,718560000,718640000,5807,1852
8983,718640000,718720000,5601,2112
8984,718720000,718800000,6026,1817
8985,718800000,718880000,10361,2977
8986,718880000,718960000,5186,1737
8987,718960000,719040000,5882,2114
8988,719040000,719120000,8221,2461
8989,719120000,719200000,8525,2341
8990,719200000,719280000,5010,1882
8991,719280000,719360000,6308,2073
8992,719360000,719440000,10720,2990
8993,719440000,719520000,5555,1768
8994,719520000,719600000,5427,2091
8995,719600000,719680000,6042,1739
8996,719680000,719760000,10598,3099
8997,719760000,719840000,4924,1829
8998,719840000,719920000,5973,2014
8999,719920000,720000000,9284,2820
9000,720000000,720080000,6986,1913
9001,720080000,720160000,5581,2156
9002,720160000,720240000,6463,1935
9003,720240000,720320000,9959,2848
9004,720320000,720400000,5514,1727
9005,720400000,720480000,5790,2134
9006,720480000,720560000,7208,2156
9007,720560000,720640000,9602,2752
9008,720640000,720720000,4829,1783
9009,720720000,720800000,5794,1977
9010,720800000,720880000,10633,3040
9011,720880000,720960000,5922,1857
9012,720960000,721040000,5604,2107
9013,721040000,721120000,6948,2261
9014,721120000,721200000,6118,2188
9015,721200000,721280000,6966,2324
9016,721280000,721360000,7358,2690
9017,721360000,721440000,10704,3130
9018,721440000,721520000,5292,1834
9019,721520000,721600000,5809,2025
9020,721600000,721680000,9554,2831
9021,721680000,721760000,7034,1918
9022,721760000,721840000,5565,2128
9023,721840000,721920000,6494,1933
9024,721920000,722000000,10190,2873
9025,722000000,722080000,5239,1749
9026,722080000,722160000,5726,2132
9027,722160000,722240000,7273,2155
9028,722240000,722320000,9610,2762
9029,722320000,722400000,4677,1727
9030,722400000,722480000,5612,1844
9031,722480000,722560000,10302,3042
9032,722560000,722640000,6031,1863
9033,722640000,722720000,5613,2038
9034,722720000,722800000,6059,1811
9035,722800000,722880000,10467,2982
9036,722880000,722960000,4898,1605
9037,722960000,723040000,6011,2108
9038,723040000,723120000,8144,2474
9039,723120000,723200000,8577,2345
9040,723200000,723280000,5091,1852
9041,723280000,723360000,6253,2069
9042,723360000,723440000,10608,3036
9043,723440000,723520000,5588,1816
9044,723520000,723600000,5612,2113
9045,723600000,723680000,6015,1750
9046,723680000,723760000,10610,3102
9047,723760000,723840000,4867,1831
9048,723840000,723920000,5597,2021
9049,723920000,724000000,9497,2816
9050,724000000,724080000,7170,1914
9051,724080000,724160000,5403,2159
9052,724160000,724240000,6429,1933
9053,724240000,724320000,10085,2820
9054,724320000,724400000,5058,1696
9055,724400000,724480000,5722,2097
9056,724480000,724560000,7221,2145
9057,724560000,724640000,9639,2757
9058,724640000,724720000,4696,1787
9059,724720000,724800000,5905,1982
9060,724800000,724880000,10544,3043
9061,724880000,724960000,6155,1862
9062,724960000,725040000,5813,2107
9063,725040000,725120000,6070,1809
9064,725120000,725200000,10570,2970
9065,725200000,725280000,5157,1741
9066,725280000,725360000,5696,2114
9067,725360000,725440000,8236,2468
9068,725440000,725520000,8370,2321
9069,725520000,725600000,4975,1886
9070,725600000,725680000,6209,2072
9071,725680000,725760000,10845,3021
9072,725760000,725840000,5326,1821
9073,725840000,725920000,5890,2114
9074,725920000,726000000,7186,2309
9075,726000000,726080000,7035,2440
9076,726080000,726160000,6537,2126
9077,726160000,726240000,7825,2890
9078,726240000,726320000,9903,2786
9079,726320000,726400000,4839,1784
9080,726400000,726480000,5857,1985
9081,726480000,726560000,10830,3057
9082,726560000,726640000,6122,1854
9083,726640000,726720000,5534,2112
9084,726720000,726800000,6062,1817
9085,726800000,726880000,10752,2984
9086,726880000,726960000,4971,1737
9087,726960000,727040000,6052,2110
9088,727040000,727120000,8285,2471
9089,727120000,727200000,8308,2347
9090,727200000,727280000,4992,1882
9091,727280000,727360000,6422,2073
9092,727360000,727440000,10343,3044
9093,727440000,727520000,5716,1826
9094,727520000,727600000,5773,2120
9095,727600000,727680000,6058,1752
9096,727680000,727760000,10469,3109
9097,727760000,727840000,5110,1829
9098,727840000,727920000,5761,2014
9099,727920000,728000000,9266,2825
9100,728000000,728080000,6891,1910
9101,728080000,728160000,5593,2156
9102,728160000,728240000,6458,1935
9103,728240000,728320000,9716,2847
9104,728320000,728400000,5147,1743
9105,728400000,728480000,5304,1954
9106,728480000,728560000,7059,2142
9107,728560000,728640000,9657,2738
9108,728640000,728720000,4701,1735
9109,728720000,728800000,5941,1957
9110,728800000,728880000,10839,3042
9111,728880000,728960000,6044,1794
9112,728960000,729040000,5681,2027
9113,729040000,729120000,6168,1817
9114,729120000,729200000,10542,2929
9115,729200000,729280000,5105,1664
9116,729280000,729360000,5547,2081
9117,729360000,729440000,8184,2459
9118,729440000,729520000,8431,2327
9119,729520000,729600000,5080,1878
9120,729600000,729680000,6310,2068
9121,729680000,729760000,10655,3028
9122,729760000,729840000,5406,1821
9123,729840000,729920000,5480,2121
9124,729920000,730000000,6078,1747
9125,730000000,730080000,10865,3093
9126,730080000,730160000,4995,1834
9127,730160000,730240000,5628,2017
9128,730240000,730320000,9467,2820
9129,730320000,730400000,6939,1907
9130,730400000,730480000,5511,2155
9131,730480000,730560000,6499,1932
9132,730560000,730640000,9983,2846
9133,730640000,730720000,5120,1750
9134,730720000,730800000,5783,2136
9135,730800000,730880000,7335,2384
9136,730880000,730960000,7812,2656
9137,730960000,731040000,5716,1883
9138,731040000,731120000,8890,3247
9139,731120000,731200000,8634,2340
9140,731200000,731280000,4872,1886
9141,731280000,731360000,6356,2073
9142,731360000,731440000,10925,3044
9143,731440000,731520000,5430,1817
9144,731520000,731600000,5795,2116
9145,731600000,731680000,6174,1753
9146,731680000,731760000,10885,3116
9147,731760000,731840000,4942,1831
9148,731840000,731920000,5824,2021
9149,731920000,732000000,9491,2829
9150,732000000,732080000,6977,1913
9151,732080000,732160000,5791,2155
9152,732160000,732240000,6514,1933
9153,732240000,732320000,9720,2871
9154,732320000,732400000,5284,1753
9155,732400000,732480000,5602,2132
9156,732480000,732560000,7121,2155
9157,732560000,732640000,9622,2760
9158,732640000,732720000,4865,1787
9159,732720000,732800000,5753,1982
9160,732800000,732880000,10703,3049
9161,732880000,732960000,5944,1856
9162,732960000,733040000,5766,2103
9163,733040000,733120000,6142,1811
9164,733120000,733200000,10170,2977
9165,733200000,733280000,4822,1737
9166,733280000,733360000,5833,2114
9167,733360000,733440000,8049,2467
9168,733440000,733520000,8408,2319
9169,733520000,733600000,5228,1886
9170,733600000,733680000,6360,2072
9171,733680000,733760000,10721,3021
9172,733760000,733840000,5544,1823
9173,733840000,733920000,5699,2114
9174,733920000,734000000,6163,1752
9175,734000000,734080000,10473,3031
9176,734080000,734160000,4972,1802
9177,734160000,734240000,5641,1983
9178,734240000,734320000,9358,2809
9179,734320000,734400000,6927,1907
9180,734400000,734480000,5307,2037
9181,734480000,734560000,6285,1862
9182,734560000,734640000,9870,2836
9183,734640000,734720000,5215,1746
9184,734720000,734800000,5729,2058
9185,734800000,734880000,7220,2150
9186,734880000,734960000,9930,2732
9187,734960000,735040000,4709,1660
9188,735040000,735120000,6091,1981
9189,735120000,735200000,10840,3047
9190,735200000,735280000,6112,1835
9191,735280000,735360000,5598,2102
9192,735360000,735440000,5984,1809
9193,735440000,735520000,10482,2968
9194,735520000,735600000,5225,1741
9195,735600000,735680000,5641,2110
9196,735680000,735760000,7049,2314
9197,735760000,735840000,7954,2654
9198,735840000,735920000,6100,1998
9199,735920000,736000000,10094,3637
9200,736000000,736080000,7210,1877
9201,736080000,736160000,5585,2050
9202,736160000,736240000,6630,1939
9203,736240000,736320000,10329,2869
9204,736320000,736400000,5397,1715
9205,736400000,736480000,5615,2128
9206,736480000,736560000,7275,2159
9207,736560000,736640000,9996,2766
9208,736640000,736720000,4935,1783
9209,736720000,736800000,5827,1977
9210,736800000,736880000,10721,3056
9211,736880000,736960000,6005,1854
9212,736960000,737040000,5476,2112
9213,737040000,737120000,5972,1817
9214,737120000,737200000,10274,2994
9215,737200000,737280000,4976,1741
9216,737280000,737360000,5566,2114
9217,737360000,737440000,8062,2471
9218,737440000,737520000,8392,2330
9219,737520000,737600000,5036,1882
9220,737600000,737680000,6485,2068
9221,737680000,737760000,10645,3034
9222,737760000,737840000,5346,1821
9223,737840000,737920000,5727,2121
9224,737920000,738000000,6099,1752
9225,738000000,738080000,10438,3096
9226,738080000,738160000,5117,1827
9227,738160000,738240000,5805,2017
9228,738240000,738320000,9267,2819
9229,738320000,738400000,7085,1911
9230,738400000,738480000,5520,2156
9231,738480000,738560000,6387,1935
9232,738560000,738640000,10038,2844
9233,738640000,738720000,5409,1750
9234,738720000,738800000,5511,2136
9235,738800000,738880000,7243,2156
9236,738880000,738960000,9730,2683
9237,738960000,739040000,4667,1756
9238,739040000,739120000,6020,1942
9239,739120000,739200000,10640,3034
9240,739200000,739280000,5806,1862
9241,739280000,739360000,5663,2108
9242,739360000,739440000,6040,1815
9243,739440000,739520000,10291,2976
9244,739520000,739600000,5324,1737
9245,739600000,739680000,5754,2118
9246,739680000,739760000,8163,2461
9247,739760000,739840000,8461,2333
9248,739840000,739920000,5123,1882
9249,739920000,740000000,6396,2069
9250,740000000,740080000,10636,3017
9251,740080000,740160000,5419,1821
9252,740160000,740240000,5621,2116
9253,740240000,740320000,6083,1747
9254,740320000,740400000,10525,3083
9255,740400000,740480000,4890,1769
9256,740480000,740560000,5419,1870
9257,740560000,740640000,6730,2254
9258,740640000,740720000,8128,2652
9259,740720000,740800000,6523,2168
9260,740800000,740880000,10825,3582
9261,740880000,740960000,6283,1863
9262,740960000,741040000,5692,2106
9263,741040000,741120000,6114,1816
9264,741120000,741200000,10655,2990
9265,741200000,741280000,5057,1737
9266,741280000,741360000,5763,2114
9267,741360000,741440000,8367,2474
9268,741440000,741520000,8659,2343
9269,741520000,741600000,4921,1796
9270,741600000,741680000,6191,1970
9271,741680000,741760000,10770,3028
9272,741760000,741840000,5392,1794
9273,741840000,741920000,5727,2042
9274,741920000,742000000,6054,1753
9275,742000000,742080000,10429,3091
9276,742080000,742160000,4842,1706
9277,742160000,742240000,5901,2018
9278,742240000,742320000,9342,2828
9279,742320000,742400000,7274,1906
9280,742400000,742480000,5632,2132
9281,742480000,742560000,6415,1933
9282,742560000,742640000,9998,2863
9283,742640000,742720000,5410,1746
9284,742720000,742800000,5625,2126
9285,742800000,742880000,7187,2156
9286,742880000,742960000,9554,2753
9287,742960000,743040000,4590,1786
9288,743040000,743120000,5717,1982
9289,743120000,743200000,10627,3042
9290,743200000,743280000,6015,1861
9291,743280000,743360000,5414,2110
9292,743360000,743440000,6033,1809
9293,743440000,743520000,10479,2970
9294,743520000,743600000,4957,1741
9295,743600000,743680000,5876,2110
9296,743680000,743760000,8302,2466
9297,743760000,743840000,8342,2274
9298,743840000,743920000,4886,1861
9299,743920000,744000000,6325,2038
9300,744000000,744080000,10619,3016
9301,744080000,744160000,5532,1819
9302,744160000,744240000,5861,2117
9303,744240000,744320000,6053,1748
9304,744320000,744400000,10533,3093
9305,744400000,744480000,4991,1807
9306,744480000,744560000,5615,2018
9307,744560000,744640000,9466,2814
9308,744640000,744720000,7102,1906
9309,744720000,744800000,5506,2160
9310,744800000,744880000,6461,1936
9311,744880000,744960000,10119,2849
9312,744960000,745040000,5106,1750
9313,745040000,745120000,5922,2126
9314,745120000,745200000,7243,2150
9315,745200000,745280000,9629,2755
9316,745280000,745360000,4729,1784
9317,745360000,745440000,5928,1981
9318,745440000,745520000,7230,2471
9319,745520000,745600000,8283,2566
9320,745600000,745680000,6550,2277
9321,745680000,745760000,11059,3495
9322,745760000,745840000,5691,1804
9323,745840000,745920000,5541,2117
9324,745920000,746000000,6168,1757
9325,746000000,746080000,11053,3113
9326,746080000,746160000,4972,1826
9327,746160000,746240000,6003,2014
9328,746240000,746320000,9706,2830
9329,746320000,746400000,7150,1915
9330,746400000,746480000,5605,2156
9331,746480000,746560000,6544,1935
9332,746560000,746640000,10029,2868
9333,746640000,746720000,5511,1746
9334,746720000,746800000,5781,2136
9335,746800000,746880000,7064,2158
9336,746880000,746960000,9693,2773
9337,746960000,747040000,4809,1784
9338,747040000,747120000,5834,1977
9339,747120000,747200000,10553,3052
9340,747200000,747280000,6104,1863
9341,747280000,747360000,5645,2108
9342,747360000,747440000,6084,1817
9343,747440000,747520000,10441,2976
9344,747520000,747600000,5013,1720
9345,747600000,747680000,5400,1944
9346,747680000,747760000,8103,2462
9347,747760000,747840000,8254,2322
9348,747840000,747920000,4917,1816
9349,747920000,748000000,6410,2063
9350,748000000,748080000,10634,3022
9351,748080000,748160000,5345,1718
9352,748160000,748240000,5809,2070
9353,748240000,748320000,6184,1747
9354,748320000,748400000,10885,3093
9355,748400000,748480000,5071,1779
9356,748480000,748560000,5622,2017
9357,748560000,748640000,9478,2795
9358,748640000,748720000,7087,1857
9359,748720000,748800000,5568,2134
9360,748800000,748880000,6396,1903
9361,748880000,748960000,9948,2846
9362,748960000,749040000,5171,1750
9363,749040000,749120000,5537,2136
9364,749120000,749200000,7103,2152
9365,749200000,749280000,9788,2760
9366,749280000,749360000,4668,1782
9367,749360000,749440000,5710,1978
9368,749440000,749520000,10742,3036
9369,749520000,749600000,6077,1857
9370,749600000,749680000,5679,2106
9371,749680000,749760000,6148,1814
9372,749760000,749840000,10420,2966
9373,749840000,749920000,4883,1737
9374,749920000,750000000,5787,2118
9375,750000000,750080000,8199,2461
9376,750080000,750160000,8410,2327
9377,750160000,750240000,5198,1886
9378,750240000,750320000,6442,2067
9379,750320000,750400000,6644,2356
9380,750400000,750480000,8572,2673
9381,750480000,750560000,6886,2361
9382,750560000,750640000,10850,3326
9383,750640000,750720000,5215,1753
9384,750720000,750800000,5863,2127
9385,750800000,750880000,7330,2161
9386,750880000,750960000,10040,2764
9387,750960000,751040000,4734,1786
9388,751040000,751120000,5945,1982
9389,751120000,751200000,11023,3058
9390,751200000,751280000,6215,1864
9391,751280000,751360000,5864,2110
9392,751360000,751440000,6150,1811
9393,751440000,751520000,10489,2988
9394,751520000,751600000,5117,1737
9395,751600000,751680000,5670,2114
9396,751680000,751760000,8015,2478
9397,751760000,751840000,8420,2347
9398,751840000,751920000,5026,1886
9399,751920000,752000000,6236,2073
9400,752000000,752080000,10820,3038
9401,752080000,752160000,5513,1818
9402,752160000,752240000,5954,2113
9403,752240000,752320000,6137,1753
9404,752320000,752400000,10739,3104
9405,752400000,752480000,4972,1830
9406,752480000,752560000,5826,2018
9407,752560000,752640000,9351,2822
9408,752640000,752720000,7027,1907
9409,752720000,752800000,5739,2160
9410,752800000,752880000,6451,1936
9411,752880000,752960000,9970,2852
9412,752960000,753040000,5342,1750
9413,753040000,753120000,5674,2126
9414,753120000,753200000,7261,2150
9415,753200000,753280000,9829,2761
9416,753280000,753360000,4805,1784
9417,753360000,753440000,5894,1981
9418,753440000,753520000,10817,2998
9419,753520000,753600000,6001,1805
9420,753600000,753680000,5290,1946
9421,753680000,753760000,5916,1743
9422,753760000,753840000,10357,2953
9423,753840000,753920000,4945,1720
9424,753920000,754000000,5798,2059
9425,754000000,754080000,8081,2466
9426,754080000,754160000,8469,2305
9427,754160000,754240000,4900,1761
9428,754240000,754320000,6491,2073
9429,754320000,754400000,10903,3012
9430,754400000,754480000,5694,1797
9431,754480000,754560000,5668,2113
9432,754560000,754640000,6132,1752
9433,754640000,754720000,10704,3091
9434,754720000,754800000,5108,1830
9435,754800000,754880000,5603,2014
9436,754880000,754960000,9476,2813
9437,754960000,755040000,6988,1907
9438,755040000,755120000,5376,2160
9439,755120000,755200000,6592,2016
9440,755200000,755280000,6192,2199
9441,755280000,755360000,7802,2536
9442,755360000,755440000,6965,2557
9443,755440000,755520000,10792,3198
9444,755520000,755600000,5254,1709
9445,755600000,755680000,5687,2114
9446,755680000,755760000,8326,2476
9447,755760000,755840000,8767,2343
9448,755840000,755920000,5129,1878
9449,755920000,756000000,6337,2069
9450,756000000,756080000,11159,3040
9451,756080000,756160000,5536,1822
9452,756160000,756240000,5534,2120
9453,756240000,756320000,6128,1752
9454,756320000,756400000,10912,3107
9455,756400000,756480000,4920,1827
9456,756480000,756560000,5615,2017
9457,756560000,756640000,9184,2835
9458,756640000,756720000,7051,1920
9459,756720000,756800000,5538,2155
9460,756800000,756880000,6477,1932
9461,756880000,756960000,10050,2865
9462,756960000,757040000,5282,1750
9463,757040000,757120000,5842,2136
9464,757120000,757200000,7146,2158
9465,757200000,757280000,9855,2766
9466,757280000,757360000,4992,1782
9467,757360000,757440000,5975,1978
9468,757440000,757520000,10563,3034
9469,757520000,757600000,6004,1859
9470,757600000,757680000,5540,2108
9471,757680000,757760000,5956,1816
9472,757760000,757840000,10432,2973
9473,757840000,757920000,5133,1737
9474,757920000,758000000,5526,2118
9475,758000000,758080000,8220,2461
9476,758080000,758160000,8704,2337
9477,758160000,758240000,5044,1882
9478,758240000,758320000,6572,2069
9479,758320000,758400000,10859,2983
9480,758400000,758480000,5365,1767
9481,758480000,758560000,5702,2087
9482,758560000,758640000,6079,1739
9483,758640000,758720000,10679,3093
9484,758720000,758800000,5255,1834
9485,758800000,758880000,5722,2021
9486,758880000,758960000,9292,2819
9487,758960000,759040000,7173,1912
9488,759040000,759120000,5581,2151
9489,759120000,759200000,6419,1932
9490,759200000,759280000,10105,2848
9491,759280000,759360000,5335,1750
9492,759360000,759440000,5746,2132
9493,759440000,759520000,7215,2156
9494,759520000,759600000,9833,2748
9495,759600000,759680000,4672,1731
9496,759680000,759760000,5540,1844
9497,759760000,759840000,10738,3025
9498,759840000,759920000,5927,1857
9499,759920000,760000000,5589,2038
9500,760000000,760080000,6982,2258
9501,760080000,760160000,6114,2188
9502,760160000,760240000,7044,2326
9503,760240000,760320000,7347,2690
9504,760320000,760400000,10605,3118
9505,760400000,760480000,5074,1833
9506,760480000,760560000,5806,2022
9507,760560000,760640000,9524,2827
9508,760640000,760720000,7103,1908
9509,760720000,760800000,5350,2037
9510,760800000,760880000,6360,1862
9511,760880000,760960000,10209,2854
9512,760960000,761040000,5225,1750
9513,761040000,761120000,5761,2058
9514,761120000,761200000,7290,2156
9515,761200000,761280000,9397,2745
9516,761280000,761360000,4647,1659
9517,761360000,761440000,6064,1981
9518,761440000,761520000,10296,3044
9519,761520000,761600000,6193,1846
9520,761600000,761680000,5645,2102
9521,761680000,761760000,5947,1810
9522,761760000,761840000,10597,2987
9523,761840000,761920000,5242,1737
9524,761920000,762000000,5713,2110
9525,762000000,762080000,8150,2474
9526,762080000,762160000,8627,2343
9527,762160000,762240000,4879,1886
9528,762240000,762320000,6284,2073
9529,762320000,762400000,10772,3027
9530,762400000,762480000,5445,1815
9531,762480000,762560000,5434,2117
9532,762560000,762640000,6008,1750
9533,762640000,762720000,10685,3098
9534,762720000,762800000,4944,1830
9535,762800000,762880000,5820,2014
9536,762880000,762960000,9539,2815
9537,762960000,763040000,7205,1913
9538,763040000,763120000,5576,2160
9539,763120000,763200000,6512,1936
9540,763200000,763280000,10201,2824
9541,763280000,763360000,5333,1697
9542,763360000,763440000,5798,2100
9543,763440000,763520000,7215,2145
9544,763520000,763600000,9759,2759
9545,763600000,763680000,4798,1784
9546,763680000,763760000,5765,1981
9547,763760000,763840000,10539,3039
9548,763840000,763920000,6189,1862
9549,763920000,764000000,5491,2112
9550,764000000,764080000,5999,1812
9551,764080000,764160000,10733,2952
9552,764160000,764240000,5054,1741
9553,764240000,764320000,6077,2109
9554,764320000,764400000,8274,2468
9555,764400000,764480000,8489,2329
9556,764480000,764560000,4929,1859
9557,764560000,764640000,6370,2073
9558,764640000,764720000,10802,3016
9559,764720000,764800000,5700,1821
9560,764800000,764880000,5765,2120
9561,764880000,764960000,7160,2312
9562,764960000,765040000,7043,2440
9563,765040000,765120000,6553,2126
9564,765120000,765200000,7758,2890
9565,765200000,765280000,9814,2778
9566,765280000,765360000,4774,1784
9567,765360000,765440000,6179,1981
9568,765440000,765520000,10849,3042
9569,765520000,765600000,5982,1859
9570,765600000,765680000,5710,2108
9571,765680000,765760000,6127,1816
9572,765760000,765840000,10616,2988
9573,765840000,765920000,5324,1737
9574,765920000,766000000,5802,2118
9575,766000000,766080000,8240,2471
9576,766080000,766160000,8349,2343
9577,766160000,766240000,5105,1878
9578,766240000,766320000,6353,2069
9579,766320000,766400000,10358,3039
9580,766400000,766480000,5502,1825
9581,766480000,766560000,5661,2116
9582,766560000,766640000,6058,1752
9583,766640000,766720000,10551,3097
9584,766720000,766800000,5033,1788
9585,766800000,766880000,5470,1870
9586,766880000,766960000,9254,2815
9587,766960000,767040000,6945,1905
9588,767040000,767120000,5523,2083
9589,767120000,767200000,6525,1932
9590,767200000,767280000,9699,2861
9591,767280000,767360000,4820,1614
9592,767360000,767440000,5888,2115
9593,767440000,767520000,7094,2154
9594,767520000,767600000,9840,2757
9595,767600000,767680000,4849,1756
9596,767680000,767760000,5727,1978
9597,767760000,767840000,10863,3040
9598,767840000,767920000,6345,1863
9599,767920000,768000000,5631,2106
9600,768000000,768080000,6095,1814
9601,768080000,768160000,10648,2927
9602,768160000,768240000,4878,1694
9603,768240000,768320000,5522,2085
9604,768320000,768400000,8205,2459
9605,768400000,768480000,8567,2331
9606,768480000,768560000,4772,1859
9607,768560000,768640000,6254,2069
9608,768640000,768720000,10723,3021
9609,768720000,768800000,5441,1820
9610,768800000,768880000,5754,2116
9611,768880000,768960000,6090,1744
9612,768960000,769040000,10951,3091
9613,769040000,769120000,5042,1834
9614,769120000,769200000,5851,2021
9615,769200000,769280000,9479,2819
9616,769280000,769360000,7134,1910
9617,769360000,769440000,5745,2159
9618,769440000,769520000,6487,1932
9619,769520000,769600000,10062,2848
9620,769600000,769680000,5286,1750
9621,769680000,769760000,5596,2132
9622,769760000,769840000,7318,2384
9623,769840000,769920000,7862,2656
9624,769920000,770000000,5792,1883
9625,770000000,770080000,8913,3245
9626,770080000,770160000,8660,2336
9627,770160000,770240000,5026,1886
9628,770240000,770320000,6488,2077
9629,770320000,770400000,10915,3035
9630,770400000,770480000,5639,1815
9631,770480000,770560000,5904,2117
9632,770560000,770640000,6184,1753
9633,770640000,770720000,10876,3108
9634,770720000,770800000,5117,1830
9635,770800000,770880000,5654,2018
9636,770880000,770960000,9467,2827
9637,770960000,771040000,6892,1909
9638,771040000,771120000,5493,2160
9639,771120000,771200000,6373,1936
9640,771200000,771280000,9798,2869
9641,771280000,771360000,5085,1754
9642,771360000,771440000,5965,2126
9643,771440000,771520000,7155,2156
9644,771520000,771600000,9653,2766
9645,771600000,771680000,4778,1784
9646,771680000,771760000,5989,1981
9647,771760000,771840000,10570,3050
9648,771840000,771920000,6142,1863
9649,771920000,772000000,5797,2112
9650,772000000,772080000,6070,1814
9651,772080000,772160000,10148,2977
9652,772160000,772240000,5027,1733
9653,772240000,772320000,5686,2110
9654,772320000,772400000,8052,2467
9655,772400000,772480000,8321,2327
9656,772480000,772560000,4945,1859
9657,772560000,772640000,6362,2073
9658,772640000,772720000,10825,3010
9659,772720000,772800000,5507,1822
9660,772800000,772880000,5378,1951
9661,772880000,772960000,6114,1730
9662,772960000,773040000,10516,3016
9663,773040000,773120000,4916,1762
9664,773120000,773200000,5745,1951
9665,773200000,773280000,9372,2811
9666,773280000,773360000,6710,1874
9667,773360000,773440000,5516,2050
9668,773440000,773520000,6536,1936
9669,773520000,773600000,9951,2857
9670,773600000,773680000,5369,1718
9671,773680000,773760000,5580,2128
9672,773760000,773840000,7212,2150
9673,773840000,773920000,10099,2755
9674,773920000,774000000,4904,1784
9675,774000000,774080000,5857,1977
9676,774080000,774160000,10873,3045
9677,774160000,774240000,6099,1857
9678,774240000,774320000,5403,2111
9679,774320000,774400000,6002,1812
9680,774400000,774480000,10684,2962
9681,774480000,774560000,4956,1741
9682,774560000,774640000,5539,2114
9683,774640000,774720000,7027,2314
9684,774720000,774800000,8083,2654
9685,774800000,774880000,6128,2008
9686,774880000,774960000,10040,3633
9687,774960000,775040000,7294,1918
9688,775040000,775120000,5650,2155
9689,775120000,775200000,6510,1936
9690,775200000,775280000,10274,2865
9691,775280000,775360000,5150,1746
9692,775360000,775440000,5577,2136
9693,775440000,775520000,7270,2158
9694,775520000,775600000,10036,2768
9695,775600000,775680000,4699,1786
9696,775680000,775760000,5765,1978
9697,775760000,775840000,10715,3053
9698,775840000,775920000,5912,1859
9699,775920000,776000000,5674,2107
9700,776000000,776080000,6056,1814
9701,776080000,776160000,10251,2994
9702,776160000,776240000,4941,1741
9703,776240000,776320000,5820,2118
9704,776320000,776400000,8075,2471
9705,776400000,776480000,8475,2336
9706,776480000,776560000,5196,1859
9707,776560000,776640000,6472,2069
9708,776640000,776720000,10649,3029
9709,776720000,776800000,5506,1820
9710,776800000,776880000,5601,2117
9711,776880000,776960000,6063,1752
9712,776960000,777040000,10369,3094
9713,777040000,777120000,5027,1831
9714,777120000,777200000,5511,2021
9715,777200000,777280000,9251,2819
9716,777280000,777360000,7047,1909
9717,777360000,777440000,5635,2155
9718,777440000,777520000,6586,1932
9719,777520000,777600000,10094,2852
9720,777600000,777680000,5178,1750
9721,777680000,777760000,5865,2132
9722,777760000,777840000,7258,2156
9723,777840000,777920000,9689,2691
9724,777920000,778000000,4995,1759
9725,778000000,778080000,5780,1947
9726,778080000,778160000,10608,3034
9727,778160000,778240000,5990,1862
9728,778240000,778320000,5650,2103
9729,778320000,778400000,5993,1812
9730,778400000,778480000,10277,2968
9731,778480000,778560000,5016,1737
9732,778560000,778640000,5728,2114
9733,778640000,778720000,8158,2461
9734,778720000,778800000,8572,2323
9735,778800000,778880000,4890,1796
9736,778880000,778960000,6216,1970
9737,778960000,779040000,10691,3000
9738,779040000,779120000,5404,1822
9739,779120000,779200000,5665,2046
9740,779200000,779280000,6087,1744
9741,779280000,779360000,10421,3073
9742,779360000,779440000,4844,1706
9743,779440000,779520000,5909,2018
9744,779520000,779600000,6742,2254
9745,779600000,779680000,8212,2652
9746,779680000,779760000,6491,2168
9747,779760000,779840000,10850,3571
9748,779840000,779920000,6181,1866
9749,779920000,780000000,5390,1970
9750,780000000,780080000,6021,1767
9751,780080000,780160000,10643,2971
9752,780160000,780240000,5066,1716
9753,780240000,780320000,5820,2059
9754,780320000,780400000,8358,2474
9755,780400000,780480000,8509,2311
9756,780480000,780560000,4962,1761
9757,780560000,780640000,6529,2073
9758,780640000,780720000,10714,3034
9759,780720000,780800000,5579,1790
9760,780800000,780880000,5673,2112
9761,780880000,780960000,6000,1753
9762,780960000,781040000,10494,3113
9763,781040000,781120000,5134,1833
9764,781120000,781200000,5647,2014
9765,781200000,781280000,9340,2828
9766,781280000,781360000,7126,1913
9767,781360000,781440000,5430,2160
9768,781440000,781520000,6446,1936
9769,781520000,781600000,10097,2869
9770,781600000,781680000,5239,1746
9771,781680000,781760000,5490,2130
9772,781760000,781840000,7179,2156
9773,781840000,781920000,9519,2761
9774,781920000,782000000,4650,1783
9775,782000000,782080000,5926,1977
9776,782080000,782160000,10598,3042
9777,782160000,782240000,6057,1861
9778,782240000,782320000,5620,2111
9779,782320000,782400000,6101,1812
9780,782400000,782480000,10521,2966
9781,782480000,782560000,5211,1741
9782,782560000,782640000,5916,2114
9783,782640000,782720000,8286,2466
9784,782720000,782800000,8383,2268
9785,782800000,782880000,4959,1857
9786,782880000,782960000,6220,2038
9787,782960000,783040000,10541,3014
9788,783040000,783120000,5548,1820
9789,783120000,783200000,5475,2121
9790,783200000,783280000,6037,1751
9791,783280000,783360000,10562,3093
9792,783360000,783440000,4986,1826
9793,783440000,783520000,5965,2014
9794,783520000,783600000,9490,2814
9795,783600000,783680000,7057,1912
9796,783680000,783760000,5637,2156
9797,783760000,783840000,6555,1936
9798,783840000,783920000,10000,2855
9799,783920000,784000000,5460,1749
9800,784000000,784080000,5714,2136
9801,784080000,784160000,7212,2149
9802,784160000,784240000,9657,2741
9803,784240000,784320000,4810,1784
9804,784320000,784400000,5839,1976
9805,784400000,784480000,7241,2471
9806,784480000,784560000,8367,2566
9807,784560000,784640000,6581,2277
9808,784640000,784720000,11114,3486
9809,784720000,784800000,5536,1825
9810,784800000,784880000,5834,2116
9811,784880000,784960000,6188,1757
9812,784960000,785040000,10975,3105
9813,785040000,785120000,5285,1831
9814,785120000,785200000,5757,2021
9815,785200000,785280000,9657,2828
9816,785280000,785360000,7165,1913
9817,785360000,785440000,5668,2155
9818,785440000,785520000,6502,1932
9819,785520000,785600000,9963,2856
9820,785600000,785680000,5276,1746
9821,785680000,785760000,5722,2131
9822,785760000,785840000,7066,2158
9823,785840000,785920000,9708,2773
9824,785920000,786000000,4708,1732
9825,786000000,786080000,5562,1844
9826,786080000,786160000,10597,3037
9827,786160000,786240000,6109,1863
9828,786240000,786320000,5654,2035
9829,786320000,786400000,6115,1814
9830,786400000,786480000,10350,2967
9831,786480000,786560000,4785,1601
9832,786560000,786640000,5975,2108
9833,786640000,786720000,8116,2468
9834,786720000,786800000,8323,2329
9835,786800000,786880000,5012,1852
9836,786880000,786960000,6218,2069
9837,786960000,787040000,10568,3022
9838,787040000,787120000,5708,1822
9839,787120000,787200000,5624,2114
9840,787200000,787280000,6134,1744
9841,787280000,787360000,10794,3095
9842,787360000,787440000,4933,1834
9843,787440000,787520000,5623,2021
9844,787520000,787600000,9473,2795
9845,787600000,787680000,7131,1863
9846,787680000,787760000,5332,2138
9847,787760000,787840000,6343,1903
9848,787840000,787920000,9979,2852
9849,787920000,788000000,5091,1750
9850,788000000,788080000,5786,2127
9851,788080000,788160000,7123,2153
9852,788160000,788240000,9785,2746
9853,788240000,788320000,4698,1786
9854,788320000,788400000,5899,1981
9855,788400000,788480000,10737,3035
9856,788480000,788560000,6192,1854
9857,788560000,788640000,5855,2110
9858,788640000,788720000,6140,1814
9859,788720000,788800000,10405,2962
9860,788800000,788880000,5085,1737
9861,788880000,788960000,5592,2114
9862,788960000,789040000,8194,2461
9863,789040000,789120000,8333,2325
9864,789120000,789200000,4962,1886
9865,789200000,789280000,6254,2071
9866,789280000,789360000,6678,2356
9867,789360000,789440000,8636,2673
9868,789440000,789520000,6929,2361
9869,789520000,789600000,10820,3312
9870,789600000,789680000,5508,1754
9871,789680000,789760000,5920,2129
9872,789760000,789840000,7341,2161
9873,789840000,789920000,9994,2766
9874,789920000,790000000,4816,1783
9875,790000000,790080000,5794,1981
9876,790080000,790160000,10948,3052
9877,790160000,790240000,6219,1864
9878,790240000,790320000,5540,2111
9879,790320000,790400000,6060,1814
9880,790400000,790480000,10585,2982
9881,790480000,790560000,4988,1733
9882,790560000,790640000,6054,2110
9883,790640000,790720000,8024,2478
9884,790720000,790800000,8463,2345
9885,790800000,790880000,4991,1882
9886,790880000,790960000,6397,2073
9887,790960000,791040000,10651,3033
9888,791040000,791120000,5841,1820
9889,791120000,791200000,5811,2121
9890,791200000,791280000,6121,1756
9891,791280000,791360000,10678,3104
9892,791360000,791440000,5117,1826
9893,791440000,791520000,5708,2014
9894,791520000,791600000,9353,2822
9895,791600000,791680000,6946,1913
9896,791680000,791760000,5531,2156
9897,791760000,791840000,6436,1936
9898,791840000,791920000,10025,2850
9899,791920000,792000000,5271,1750
9900,792000000,792080000,5340,1954
9901,792080000,792160000,7231,2137
9902,792160000,792240000,9828,2732
9903,792240000,792320000,4745,1736
9904,792320000,792400000,5987,1956
9905,792400000,792480000,10772,3011
9906,792480000,792560000,5754,1705
9907,792560000,792640000,5588,2000
9908,792640000,792720000,6107,1796
9909,792720000,792800000,10349,2964
9910,792800000,792880000,5162,1707
9911,792880000,792960000,5608,2114
9912,792960000,793040000,8075,2466
9913,793040000,793120000,8571,2333
9914,793120000,793200000,5049,1878
9915,793200000,793280000,6315,2069
9916,793280000,793360000,10866,3012
9917,793360000,793440000,5581,1821
9918,793440000,793520000,5546,2120
9919,793520000,793600000,6152,1755
9920,793600000,793680000,10821,3095
9921,793680000,793760000,4880,1831
9922,793760000,793840000,5521,2017
9923,793840000,793920000,9481,2813
9924,793920000,794000000,6958,1911
9925,794000000,794080000,5495,2155
9926,794080000,794160000,6718,2013
9927,794160000,794240000,6230,2199
9928,794240000,794320000,8062,2557
9929,794320000,794400000,7070,2561
9930,794400000,794480000,10827,3201
9931,794480000,794560000,5078,1739
9932,794560000,794640000,5668,2118
9933,794640000,794720000,8325,2476
9934,794720000,794800000,8796,2333
9935,794800000,794880000,4861,1882
9936,794880000,794960000,6310,2069
9937,794960000,795040000,11094,3031
9938,795040000,795120000,5532,1821
9939,795120000,795200000,5789,2115
9940,795200000,795280000,6161,1749
9941,795280000,795360000,10814,3103
9942,795360000,795440000,4957,1831
9943,795440000,795520000,5823,2021
9944,795520000,795600000,9221,2835
9945,795600000,795680000,7255,1926
9946,795680000,795760000,5774,2159
9947,795760000,795840000,6468,1932
9948,795840000,795920000,10074,2871
9949,795920000,796000000,5381,1750
9950,796000000,796080000,5660,2132
9951,796080000,796160000,7135,2158
9952,796160000,796240000,9840,2764
9953,796240000,796320000,4833,1786
9954,796320000,796400000,5709,1982
9955,796400000,796480000,10699,3048
9956,796480000,796560000,5860,1837
9957,796560000,796640000,5711,2098
9958,796640000,796720000,6098,1814
9959,796720000,796800000,10512,2971
9960,796800000,796880000,4890,1737
9961,796880000,796960000,5858,2114
9962,796960000,797040000,8241,2461
9963,797040000,797120000,8695,2333
9964,797120000,797200000,5237,1886
9965,797200000,797280000,6393,2073
9966,797280000,797360000,10820,2985
9967,797360000,797440000,5512,1768
9968,797440000,797520000,5628,2085
9969,797520000,797600000,6051,1736
9970,797600000,797680000,10639,3099
9971,797680000,797760000,4998,1833
9972,797760000,797840000,5722,2018
9973,797840000,797920000,9295,2817
9974,797920000,798000000,7180,1914
9975,798000000,798080000,5313,2037
9976,798080000,798160000,6298,1861
9977,798160000,798240000,10140,2835
9978,798240000,798320000,5338,1751
9979,798320000,798400000,5773,2058
9980,798400000,798480000,7246,2157
9981,798480000,798560000,9664,2725
9982,798560000,798640000,4589,1659
9983,798640000,798720000,5980,1981
9984,798720000,798800000,10776,3039
9985,798800000,798880000,6003,1832
9986,798880000,798960000,5614,2102
9987,798960000,799040000,6921,2258
9988,799040000,799120000,6343,2187
9989,799120000,799200000,7222,2326
9990,799200000,799280000,7394,2668
9991,799280000,799360000,10713,3106
9992,799360000,799440000,4999,1793
9993,799440000,799520000,5888,1990
9994,799520000,799600000,9601,2830
9995,799600000,799680000,7012,1874
9996,799680000,799760000,5558,2050
9997,799760000,799840000,6611,1936
9998,799840000,799920000,10294,2877
9999,799920000,800000000,5382,1722
10000,800000000,800080000,5643,2128
10001,800080000,800160000,7282,2156
10002,800160000,800240000,9636,2772
10003,800240000,800320000,4855,1779
10004,800320000,800400000,5840,1977
10005,800400000,800480000,10323,3056
10006,800480000,800560000,6030,1848
10007,800560000,800640000,5426,2106
10008,800640000,800720000,5996,1814
10009,800720000,800800000,10693,2981
10010,800800000,800880000,5035,1737
10011,800880000,800960000,5597,2114
10012,800960000,801040000,8164,2474
10013,801040000,801120000,8617,2337
10014,801120000,801200000,4947,1882
10015,801200000,801280000,6452,2069
10016,801280000,801360000,10773,3027
10017,801360000,801440000,5379,1816
10018,801440000,801520000,5690,2121
10019,801520000,801600000,6065,1753
10020,801600000,801680000,10876,3102
10021,801680000,801760000,5149,1831
10022,801760000,801840000,5833,2017
10023,801840000,801920000,9532,2815
10024,801920000,802000000,7251,1919
10025,802000000,802080000,5529,2156
10026,802080000,802160000,6444,1936
10027,802160000,802240000,10144,2822
10028,802240000,802320000,5360,1696
10029,802320000,802400000,5417,2106
10030,802400000,802480000,7203,2144
10031,802480000,802560000,9797,2759
10032,802560000,802640000,4700,1780
10033,802640000,802720000,6090,1977
10034,802720000,802800000,10636,3040
10035,802800000,802880000,6050,1857
10036,802880000,802960000,5671,2108
10037,802960000,803040000,6080,1812
10038,803040000,803120000,10629,2964
10039,803120000,803200000,5324,1716
10040,803200000,803280000,5830,2118
10041,803280000,803360000,8271,2468
10042,803360000,803440000,8511,2331
10043,803440000,803520000,5063,1882
10044,803520000,803600000,6310,2069
10045,803600000,803680000,10780,3017
10046,803680000,803760000,5548,1822
10047,803760000,803840000,5651,2116
10048,803840000,803920000,7234,2311
10049,803920000,804000000,7298,2440
10050,804000000,804080000,6683,2122
10051,804080000,804160000,7879,2890
10052,804160000,804240000,10089,2789
10053,804240000,804320000,5029,1787
10054,804320000,804400000,5946,1986
10055,804400000,804480000,10937,3058
10056,804480000,804560000,6165,1839
10057,804560000,804640000,5647,2098
10058,804640000,804720000,6100,1814
10059,804720000,804800000,10792,2984
10060,804800000,804880000,5064,1737
10061,804880000,804960000,5765,2114
10062,804960000,805040000,8284,2471
10063,805040000,805120000,8536,2333
10064,805120000,805200000,4856,1792
10065,805200000,805280000,6164,1970
10066,805280000,805360000,10472,3022
10067,805360000,805440000,5486,1826
10068,805440000,805520000,5712,2046
10069,805520000,805600000,6065,1749
10070,805600000,805680000,10507,3085
10071,805680000,805760000,4929,1706
10072,805760000,805840000,5975,2018
10073,805840000,805920000,9314,2824
10074,805920000,806000000,7020,1908
10075,806000000,806080000,5603,2132
10076,806080000,806160000,6386,1932
10077,806160000,806240000,9718,2859
10078,806240000,806320000,5350,1743
10079,806320000,806400000,5577,2126
10080,806400000,806480000,7118,2155
10081,806480000,806560000,9741,2753
10082,806560000,806640000,4610,1786
10083,806640000,806720000,5733,1982
10084,806720000,806800000,10990,3039
10085,806800000,806880000,6232,1858
10086,806880000,806960000,5450,2110
10087,806960000,807040000,6061,1814
10088,807040000,807120000,10653,2921
10089,807120000,807200000,4875,1694
10090,807200000,807280000,5782,2077
10091,807280000,807360000,8225,2459
10092,807360000,807440000,8584,2333
10093,807440000,807520000,4950,1886
10094,807520000,807600000,6390,2073
10095,807600000,807680000,10772,3026
10096,807680000,807760000,5721,1820
10097,807760000,807840000,5869,2117
10098,807840000,807920000,6100,1744
10099,807920000,808000000,10930,3095
10100,808000000,808080000,5119,1833
10101,808080000,808160000,5685,2018
10102,808160000,808240000,9458,2809
10103,808240000,808320000,7097,1904
10104,808320000,808400000,5481,2160
10105,808400000,808480000,6371,1934
10106,808480000,808560000,10188,2846
10107,808560000,808640000,5076,1751
10108,808640000,808720000,5956,2126
10109,808720000,808800000,7428,2384
10110,808800000,808880000,7988,2656
10111,808880000,808960000,5926,1883
10112,808960000,809040000,9058,3246
10113,809040000,809120000,8779,2332
10114,809120000,809200000,5063,1882
10115,809200000,809280000,6380,2077
10116,809280000,809360000,10984,3035
10117,809360000,809440000,5664,1816
10118,809440000,809520000,5528,2121
10119,809520000,809600000,6164,1756
10120,809600000,809680000,11094,3108
10121,809680000,809760000,5019,1830
10122,809760000,809840000,6012,2014
10123,809840000,809920000,9552,2828
10124,809920000,810000000,6995,1918
10125,810000000,810080000,5582,2156
10126,810080000,810160000,6492,1936
10127,810160000,810240000,9807,2875
10128,810240000,810320000,5568,1753
10129,810320000,810400000,5744,2136
10130,810400000,810480000,7152,2155
10131,810480000,810560000,9827,2766
10132,810560000,810640000,4857,1780
10133,810640000,810720000,5895,1977
10134,810720000,810800000,10632,3047
10135,810800000,810880000,6112,1858
10136,810880000,810960000,5633,2108
10137,810960000,811040000,6069,1814
10138,811040000,811120000,10340,2961
10139,811120000,811200000,4955,1720
10140,811200000,811280000,5361,1944
10141,811280000,811360000,8066,2461
10142,811360000,811440000,8446,2312
10143,811440000,811520000,4939,1820
10144,811520000,811600000,6463,2063
10145,811600000,811680000,10803,3019
10146,811680000,811760000,5365,1719
10147,811760000,811840000,5833,2070
10148,811840000,811920000,6232,1755
10149,811920000,812000000,10612,3035
10150,812000000,812080000,5057,1773
10151,812080000,812160000,5508,1982
10152,812160000,812240000,9362,2800
10153,812240000,812320000,6964,1912
10154,812320000,812400000,5592,2151
10155,812400000,812480000,6423,1932
10156,812480000,812560000,9969,2855
10157,812560000,812640000,5134,1749
10158,812640000,812720000,5535,2136
10159,812720000,812800000,7214,2149
10160,812800000,812880000,10211,2751
10161,812880000,812960000,4704,1787
10162,812960000,813040000,5787,1978
10163,813040000,813120000,10852,3044
10164,813120000,813200000,6087,1854
10165,813200000,813280000,5602,2106
10166,813280000,813360000,6093,1809
10167,813360000,813440000,10640,2962
10168,813440000,813520000,4965,1741
10169,813520000,813600000,5817,2118
10170,813600000,813680000,7117,2313
10171,813680000,813760000,8098,2654
10172,813760000,813840000,6218,2008
10173,813840000,813920000,10150,3635
10174,813920000,814000000,7381,1925
10175,814000000,814080000,5394,2159
10176,814080000,814160000,6505,1936
10177,814160000,814240000,10403,2873
10178,814240000,814320000,5180,1746
10179,814320000,814400000,5820,2127
10180,814400000,814480000,7330,2159
10181,814480000,814560000,10163,2768
10182,814560000,814640000,4718,1786
10183,814640000,814720000,5942,1982
10184,814720000,814800000,10824,3054
10185,814800000,814880000,6204,1854
10186,814880000,814960000,5865,2107
10187,814960000,815040000,6050,1814
10188,815040000,815120000,10376,2986
10189,815120000,815200000,5090,1741
10190,815200000,815280000,5633,2114
10191,815280000,815360000,8090,2471
10192,815360000,815440000,8528,2334
10193,815440000,815520000,5048,1886
10194,815520000,815600000,6296,2073
10195,815600000,815680000,10824,3027
10196,815680000,815760000,5438,1817
10197,815760000,815840000,5918,2113
10198,815840000,815920000,6118,1749
10199,815920000,816000000,10506,3102
10200,816000000,816080000,4915,1830
10201,816080000,816160000,5777,2018
10202,816160000,816240000,9254,2808
10203,816240000,816320000,7252,1910
10204,816320000,816400000,5756,2160
10205,816400000,816480000,6465,1934
10206,816480000,816560000,10201,2850
10207,816560000,816640000,5340,1751
10208,816640000,816720000,5715,2126
10209,816720000,816800000,7281,2157
10210,816800000,816880000,9787,2683
10211,816880000,816960000,4704,1756
10212,816960000,817040000,5789,1946
10213,817040000,817120000,10761,3027
10214,817120000,817200000,6030,1855
10215,817200000,817280000,5331,1967
10216,817280000,817360000,5917,1763
10217,817360000,817440000,10396,2953
10218,817440000,817520000,4983,1716
10219,817520000,817600000,5784,2059
10220,817600000,817680000,8200,2461
10221,817680000,817760000,8484,2303
10222,817760000,817840000,4992,1761
10223,817840000,817920000,6550,2073
10224,817920000,818000000,10765,3018
10225,818000000,818080000,5564,1798
10226,818080000,818160000,5594,2113
10227,818160000,818240000,6044,1744
10228,818240000,818320000,10622,3093
10229,818320000,818400000,5137,1833
10230,818400000,818480000,5650,2014
10231,818480000,818560000,6805,2253
10232,818560000,818640000,8286,2652
10233,818640000,818720000,6623,2158
10234,818720000,818800000,10917,3579
10235,818800000,818880000,6175,1794
10236,818880000,818960000,5716,2027
10237,818960000,819040000,6217,1819
10238,819040000,819120000,10783,2982
10239,819120000,819200000,5180,1703
10240,819200000,819280000,5675,2114
10241,819280000,819360000,8385,2474
10242,819360000,819440000,8637,2341
10243,819440000,819520000,5147,1882
10244,819520000,819600000,6368,2069
10245,819600000,819680000,10740,3036
10246,819680000,819760000,5478,1816
10247,819760000,819840000,5527,2121
10248,819840000,819920000,6053,1756
10249,819920000,820000000,10609,3117
10250,820000000,820080000,4937,1834
10251,820080000,820160000,5555,2017
10252,820160000,820240000,9333,2817
10253,820240000,820320000,7230,1914
10254,820320000,820400000,5610,2155
10255,820400000,820480000,6572,1932
10256,820480000,820560000,10198,2867
10257,820560000,820640000,5104,1749
10258,820640000,820720000,5796,2136
10259,820720000,820800000,7208,2155
10260,820800000,820880000,9784,2751
10261,820880000,820960000,4876,1782
10262,820960000,821040000,5931,1978
10263,821040000,821120000,10645,3039
10264,821120000,821200000,6226,1858
10265,821200000,821280000,5543,2107
10266,821280000,821360000,6062,1812
10267,821360000,821440000,10583,2962
10268,821440000,821520000,5200,1741
10269,821520000,821600000,5556,2118
10270,821600000,821680000,8307,2466
10271,821680000,821760000,8541,2264
10272,821760000,821840000,4978,1857
10273,821840000,821920000,6487,2034
10274,821920000,822000000,10768,3019
10275,822000000,822080000,5322,1821
10276,822080000,822160000,5765,2117
10277,822160000,822240000,6078,1751
10278,822240000,822320000,10759,3099
10279,822320000,822400000,5248,1831
10280,822400000,822480000,5725,2021
10281,822480000,822560000,9503,2813
10282,822560000,822640000,7263,1911
10283,822640000,822720000,5624,2155
10284,822720000,822800000,6531,1933
10285,822800000,822880000,10128,2849
10286,822880000,822960000,5221,1749
10287,822960000,823040000,5647,2132
10288,823040000,823120000,7247,2149
10289,823120000,823200000,9819,2741
10290,823200000,823280000,4614,1709
10291,823280000,823360000,5568,1844
10292,823360000,823440000,7313,2470
10293,823440000,823520000,8487,2566
10294,823520000,823600000,6770,2277
10295,823600000,823680000,11211,3489
10296,823680000,823760000,5804,1826
10297,823760000,823840000,5743,2114
10298,823840000,823920000,6170,1754
10299,823920000,824000000,11097,3113
10300,824000000,824080000,5047,1830
10301,824080000,824160000,5751,2018
10302,824160000,824240000,9689,2827
10303,824240000,824320000,7397,1916
10304,824320000,824400000,5428,2041
10305,824400000,824480000,6370,1861
10306,824480000,824560000,10245,2857
10307,824560000,824640000,5179,1720
10308,824640000,824720000,5761,2056
10309,824720000,824800000,7101,2159
10310,824800000,824880000,9738,2746
10311,824880000,824960000,4612,1660
10312,824960000,825040000,6026,1981
10313,825040000,825120000,10639,3049
10314,825120000,825200000,6281,1836
10315,825200000,825280000,5658,2099
10316,825280000,825360000,6027,1814
10317,825360000,825440000,10422,2974
10318,825440000,825520000,5194,1733
10319,825520000,825600000,5660,2110
10320,825600000,825680000,8152,2468
10321,825680000,825760000,8295,2327
10322,825760000,825840000,4808,1886
10323,825840000,825920000,6241,2073
10324,825920000,826000000,10751,3023
10325,826000000,826080000,5543,1823
10326,826080000,826160000,5467,2118
10327,826160000,826240000,6120,1744
10328,826240000,826320000,10909,3097
10329,826320000,826400000,4963,1833
10330,826400000,826480000,5859,2014
10331,826480000,826560000,9521,2794
10332,826560000,826640000,7156,1862
10333,826640000,826720000,5467,2139
10334,826720000,826800000,6449,1906
10335,826800000,826880000,10095,2844
10336,826880000,826960000,5377,1747
10337,826960000,827040000,5847,2130
10338,827040000,827120000,7150,2153
10339,827120000,827200000,9871,2750
10340,827200000,827280000,4734,1760
10341,827280000,827360000,5757,1981
10342,827360000,827440000,10768,3031
10343,827440000,827520000,6252,1854
10344,827520000,827600000,5535,2111
10345,827600000,827680000,6078,1817
10346,827680000,827760000,10579,2958
10347,827760000,827840000,4924,1737
10348,827840000,827920000,5981,2110
10349,827920000,828000000,8239,2461
10350,828000000,828080000,8445,2329
10351,828080000,828160000,4990,1882
10352,828160000,828240000,6437,2071
10353,828240000,828320000,6715,2355
10354,828320000,828400000,8805,2673
10355,828400000,828480000,7045,2361
10356,828480000,828560000,10976,3327
10357,828560000,828640000,5432,1730
10358,828640000,828720000,5546,2134
10359,828720000,828800000,7325,2160
10360,828800000,828880000,10231,2766
10361,828880000,828960000,4737,1779
10362,828960000,829040000,6128,1977
10363,829040000,829120000,11128,3055
10364,829120000,829200000,6140,1859
10365,829200000,829280000,5699,2107
10366,829280000,829360000,6155,1814
10367,829360000,829440000,10587,2980
10368,829440000,829520000,5354,1737
10369,829520000,829600000,5798,2118
10370,829600000,829680000,8045,2478
10371,829680000,829760000,8605,2343
10372,829760000,829840000,5059,1882
10373,829840000,829920000,6333,2069
10374,829920000,830000000,10803,3036
10375,830000000,830080000,5629,1821
10376,830080000,830160000,5713,2117
10377,830160000,830240000,6128,1756
10378,830240000,830320000,10928,3102
10379,830320000,830400000,4948,1785
10380,830400000,830480000,5429,1870
10381,830480000,830560000,9354,2811
10382,830560000,830640000,7122,1909
10383,830640000,830720000,5480,2083
10384,830720000,830800000,6529,1933
10385,830800000,830880000,10097,2850
10386,830880000,830960000,5001,1617
10387,830960000,831040000,5900,2115
10388,831040000,831120000,7298,2149
10389,831120000,831200000,10001,2751
10390,831200000,831280000,4804,1732
10391,831280000,831360000,5757,1978
10392,831360000,831440000,10774,3009
10393,831440000,831520000,6166,1802
10394,831520000,831600000,5569,2084
10395,831600000,831680000,6020,1793
10396,831680000,831760000,10391,2962
10397,831760000,831840000,4960,1741
10398,831840000,831920000,5590,2118
10399,831920000,832000000,8096,2466
10400,832000000,832080000,8674,2337
10401,832080000,832160000,4857,1882
10402,832160000,832240000,6280,2069
10403,832240000,832320000,10944,3013
10404,832320000,832400000,5603,1822
10405,832400000,832480000,5802,2115
10406,832480000,832560000,6186,1752
10407,832560000,832640000,10910,3093
10408,832640000,832720000,4907,1831
10409,832720000,832800000,5747,2021
10410,832800000,832880000,9505,2812
10411,832880000,832960000,7222,1906
10412,832960000,833040000,5768,2159
10413,833040000,833120000,6720,2013
10414,833120000,833200000,6227,2198
10415,833200000,833280000,7667,2561
10416,833280000,833360000,6669,2561
10417,833360000,833440000,10674,3198
10418,833440000,833520000,4991,1739
10419,833520000,833600000,5920,2110
10420,833600000,833680000,8328,2476
10421,833680000,833760000,8891,2335
10422,833760000,833840000,4995,1886
10423,833840000,833920000,6409,2073
10424,833920000,834000000,11235,3038
10425,834000000,834080000,5746,1823
10426,834080000,834160000,5914,2118
10427,834160000,834240000,6115,1749
10428,834240000,834320000,10997,3111
10429,834320000,834400000,5051,1830
10430,834400000,834480000,5666,2018
10431,834480000,834560000,9167,2834
10432,834560000,834640000,7285,1921
10433,834640000,834720000,5526,2160
10434,834720000,834800000,6311,1935
10435,834800000,834880000,10255,2867
10436,834880000,834960000,5239,1747
10437,834960000,835040000,6010,2126
10438,835040000,835120000,7155,2159
10439,835120000,835200000,9976,2758
10440,835200000,835280000,4758,1783
10441,835280000,835360000,5942,1981
10442,835360000,835440000,10594,3045
10443,835440000,835520000,6179,1852
10444,835520000,835600000,5760,2112
10445,835600000,835680000,5986,1817
10446,835680000,835760000,10606,2969
10447,835760000,835840000,5142,1737
10448,835840000,835920000,5726,2110
10449,835920000,836000000,8219,2461
10450,836000000,836080000,8740,2337
10451,836080000,836160000,5028,1882
10452,836160000,836240000,6387,2073
10453,836240000,836320000,10964,2972
10454,836320000,836400000,5544,1769
10455,836400000,836480000,5273,1919
10456,836480000,836560000,5979,1714
10457,836560000,836640000,10807,3080
10458,836640000,836720000,4943,1789
10459,836720000,836800000,5804,1986
10460,836800000,836880000,9289,2818
10461,836880000,836960000,7151,1868
10462,836960000,837040000,5516,2050
10463,837040000,837120000,6497,1935
10464,837120000,837200000,10284,2844
10465,837200000,837280000,5428,1723
10466,837280000,837360000,5643,2128
10467,837360000,837440000,7192,2157
10468,837440000,837520000,9818,2748
10469,837520000,837600000,4844,1783
10470,837600000,837680000,5754,1977
10471,837680000,837760000,10685,3037
10472,837760000,837840000,6035,1854
10473,837840000,837920000,5422,2111
10474,837920000,838000000,6811,2261
10475,838000000,838080000,5734,2190
10476,838080000,838160000,6694,2304
10477,838160000,838240000,7151,2686
10478,838240000,838320000,10465,3130
10479,838320000,838400000,5145,1804
10480,838400000,838480000,5688,2021
10481,838480000,838560000,9463,2831
10482,838560000,838640000,6843,1920
10483,838640000,838720000,5628,2151
10484,838720000,838800000,6465,1933
10485,838800000,838880000,9963,2879
10486,838880000,838960000,5109,1749
10487,838960000,839040000,5582,2136
10488,839040000,839120000,7227,2155
10489,839120000,839200000,9363,2768
10490,839200000,839280000,4655,1782
10491,839280000,839360000,5760,1978
10492,839360000,839440000,10203,3061
10493,839440000,839520000,6060,1863
10494,839520000,839600000,5650,2106
10495,839600000,839680000,6031,1811
10496,839680000,839760000,10747,2979
10497,839760000,839840000,5084,1741
10498,839840000,839920000,5885,2118
10499,839920000,840000000,8137,2474
10500,840000000,840080000,8813,2341
10501,840080000,840160000,5256,1882
10502,840160000,840240000,6428,2069
10503,840240000,840320000,10771,3018
10504,840320000,840400000,5583,1817
10505,840400000,840480000,5551,2116
10506,840480000,840560000,6006,1753
10507,840560000,840640000,10857,3098
10508,840640000,840720000,5091,1831
10509,840720000,840800000,5534,2021
10510,840800000,840880000,9505,2814
10511,840880000,840960000,7400,1916
10512,840960000,841040000,5655,2155
10513,841040000,841120000,6602,1933
10514,841120000,841200000,10341,2814
10515,841200000,841280000,5061,1696
10516,841280000,841360000,5777,2102
10517,841360000,841440000,7186,2144
10518,841440000,841520000,9902,2753
10519,841520000,841600000,4990,1787
10520,841600000,841680000,5865,1982
10521,841680000,841760000,10608,3038
10522,841760000,841840000,6281,1857
10523,841840000,841920000,5614,2103
10524,841920000,842000000,6014,1809
10525,842000000,842080000,10766,2964
10526,842080000,842160000,5135,1741
10527,842160000,842240000,5790,2114
10528,842240000,842320000,8267,2468
10529,842320000,842400000,8720,2327
10530,842400000,842480000,4845,1796
10531,842480000,842560000,6095,1970
10532,842560000,842640000,10936,3002
10533,842640000,842720000,5496,1823
10534,842720000,842800000,5691,2046
10535,842800000,842880000,7048,2311
10536,842880000,842960000,6614,2440
10537,842960000,843040000,6262,2126
10538,843040000,843120000,7595,2890
10539,843120000,843200000,9577,2786
10540,843200000,843280000,4818,1784
10541,843280000,843360000,5945,1985
10542,843360000,843440000,10833,3055
10543,843440000,843520000,5872,1852
10544,843520000,843600000,5388,1967
10545,843600000,843680000,5964,1765
10546,843680000,843760000,10435,2971
10547,843760000,843840000,5008,1720
10548,843840000,843920000,5838,2059
10549,843920000,844000000,8188,2471
10550,844000000,844080000,7979,2319
10551,844080000,844160000,4928,1761
10552,844160000,844240000,6498,2073
10553,844240000,844320000,10207,3034
10554,844320000,844400000,5505,1802
10555,844400000,844480000,5624,2112
10556,844480000,844560000,5986,1749
10557,844560000,844640000,10201,3113
10558,844640000,844720000,5187,1829
10559,844720000,844800000,5706,2014
10560,844800000,844880000,9219,2827
10561,844880000,844960000,6677,1918
10562,844960000,845040000,5412,2160
10563,845040000,845120000,6365,1935
10564,845120000,845200000,9528,2857
10565,845200000,845280000,5065,1743
10566,845280000,845360000,5450,2130
10567,845360000,845440000,7027,2155
10568,845440000,845520000,9676,2757
10569,845520000,845600000,4696,1783
10570,845600000,845680000,5953,1977
10571,845680000,845760000,10887,3037
10572,845760000,845840000,6339,1858
10573,845840000,845920000,5644,2111
10574,845920000,846000000,6101,1817
10575,846000000,846080000,10802,2925
10576,846080000,846160000,5175,1694
10577,846160000,846240000,5817,2081
10578,846240000,846320000,8201,2459
10579,846320000,846400000,8686,2335
10580,846400000,846480000,5023,1882
10581,846480000,846560000,6264,2073
10582,846560000,846640000,10794,3022
10583,846640000,846720000,5705,1821
10584,846720000,846800000,5496,2121
10585,846800000,846880000,6044,1747
10586,846880000,846960000,11086,3077
10587,846960000,847040000,5051,1833
10588,847040000,847120000,6044,2013
10589,847120000,847200000,9494,2818
10590,847200000,847280000,7138,1903
10591,847280000,847360000,5513,2133
10592,847360000,847440000,6454,1935
10593,847440000,847520000,10185,2842
10594,847520000,847600000,5522,1750
10595,847600000,847680000,5740,2136
10596,847680000,847760000,7205,2386
10597,847760000,847840000,7380,2656
10598,847840000,847920000,5559,1883
10599,847920000,848000000,8681,3247
10600,848000000,848080000,8364,2332
10601,848080000,848160000,5065,1882
10602,848160000,848240000,6625,2073
10603,848240000,848320000,10706,3030
10604,848320000,848400000,5320,1817
10605,848400000,848480000,5806,2116
10606,848480000,848560000,6162,1756
10607,848560000,848640000,10588,3118
10608,848640000,848720000,5342,1831
10609,848720000,848800000,5758,2021
10610,848800000,848880000,9420,2829
10611,848880000,848960000,6735,1919
10612,848960000,849040000,5643,2151
10613,849040000,849120000,6408,1933
10614,849120000,849200000,9470,2875
10615,849200000,849280000,5219,1753
10616,849280000,849360000,5699,2132
10617,849360000,849440000,7086,2155
10618,849440000,849520000,9539,2760
10619,849520000,849600000,4741,1728
10620,849600000,849680000,5634,1844
10621,849680000,849760000,10520,3038
10622,849760000,849840000,5803,1858
10623,849840000,849920000,5608,2035
10624,849920000,850000000,6091,1811
10625,850000000,850080000,9898,2974
10626,850080000,850160000,4677,1601
10627,850160000,850240000,5924,2108
10628,850240000,850320000,8003,2467
10629,850320000,850400000,8253,2337
10630,850400000,850480000,5072,1856
10631,850480000,850560000,6230,2069
10632,850560000,850640000,10558,3025
10633,850640000,850720000,5549,1823
10634,850720000,850800000,5661,2114
10635,850800000,850880000,6132,1752
10636,850880000,850960000,10217,3041
10637,850960000,851040000,4834,1803
10638,851040000,851120000,5518,1986
10639,851120000,851200000,9296,2813
10640,851200000,851280000,6664,1911
10641,851280000,851360000,5299,2132
10642,851360000,851440000,6355,1933
10643,851440000,851520000,9887,2855
10644,851520000,851600000,5139,1749
10645,851600000,851680000,5784,2127
10646,851680000,851760000,7217,2150
10647,851760000,851840000,10259,2749
10648,851840000,851920000,4800,1787
10649,851920000,852000000,5970,1982
10650,852000000,852080000,10879,3043
10651,852080000,852160000,6288,1857
10652,852160000,852240000,5800,2110
10653,852240000,852320000,6044,1809
10654,852320000,852400000,10737,2964
10655,852400000,852480000,5100,1741
10656,852480000,852560000,5641,2114
10657,852560000,852640000,6884,2316
10658,852640000,852720000,7589,2654
10659,852720000,852800000,5890,2008
10660,852800000,852880000,9912,3637
10661,852880000,852960000,7055,1926
10662,852960000,853040000,5608,2160
10663,853040000,853120000,6539,1939
10664,853120000,853200000,10080,2869
10665,853200000,853280000,5377,1743
10666,853280000,853360000,5893,2130
10667,853360000,853440000,7255,2159
10668,853440000,853520000,9795,2766
10669,853520000,853600000,4863,1783
10670,853600000,853680000,5802,1981
10671,853680000,853760000,10555,3054
10672,853760000,853840000,5910,1854
10673,853840000,853920000,5527,2112
10674,853920000,854000000,5942,1817
10675,854000000,854080000,10045,2990
10676,854080000,854160000,4898,1741
10677,854160000,854240000,6013,2110
10678,854240000,854320000,8023,2471
10679,854320000,854400000,8183,2346
10680,854400000,854480000,5054,1882
10681,854480000,854560000,6434,2073
10682,854560000,854640000,10428,3038
10683,854640000,854720000,5595,1821
10684,854720000,854800000,5791,2121
10685,854800000,854880000,6062,1752
10686,854880000,854960000,10154,3108
10687,854960000,855040000,5007,1826
10688,855040000,855120000,5683,2014
10689,855120000,855200000,9187,2821
10690,855200000,855280000,6772,1911
10691,855280000,855360000,5488,2133
10692,855360000,855440000,6429,1935
10693,855440000,855520000,9948,2844
10694,855520000,855600000,5242,1751
10695,855600000,855680000,5365,1954
10696,855680000,855760000,7197,2144
10697,855760000,855840000,9449,2674
10698,855840000,855920000,4659,1708
10699,855920000,856000000,5870,1922
10700,856000000,856080000,10512,3038
10701,856080000,856160000,5582,1793
10702,856160000,856240000,5658,2028
10703,856240000,856320000,6056,1815
10704,856320000,856400000,10117,2980
10705,856400000,856480000,5114,1703
10706,856480000,856560000,5609,2114
10707,856560000,856640000,8094,2461
10708,856640000,856720000,8259,2337
10709,856720000,856800000,5116,1882
10710,856800000,856880000,6364,2069
10711,856880000,856960000,10497,3024
10712,856960000,857040000,5283,1822
10713,857040000,857120000,5455,2120
10714,857120000,857200000,6042,1747
10715,857200000,857280000,10283,3095
10716,857280000,857360000,4914,1834
10717,857360000,857440000,5563,2017
10718,857440000,857520000,6558,2256
10719,857520000,857600000,7681,2652
10720,857600000,857680000,6179,2168
10721,857680000,857760000,10567,3582
10722,857760000,857840000,6144,1863
10723,857840000,857920000,5670,2106
10724,857920000,858000000,6086,1816
10725,858000000,858080000,10328,2984
10726,858080000,858160000,4910,1737
10727,858160000,858240000,5623,2118
10728,858240000,858320000,8294,2474
10729,858320000,858400000,8341,2349
10730,858400000,858480000,4893,1886
10731,858480000,858560000,6298,2069
10732,858560000,858640000,10506,3043
10733,858640000,858720000,5236,1817
10734,858720000,858800000,5787,2116
10735,858800000,858880000,6025,1753
10736,858880000,858960000,10245,3123
10737,858960000,859040000,4931,1834
10738,859040000,859120000,5779,2021
10739,859120000,859200000,9273,2830
10740,859200000,859280000,6980,1913
10741,859280000,859360000,5751,2132
10742,859360000,859440000,6525,1933
10743,859440000,859520000,9847,2867
10744,859520000,859600000,5249,1749
10745,859600000,859680000,5614,2132
10746,859680000,859760000,7133,2155
10747,859760000,859840000,9325,2755
10748,859840000,859920000,4763,1786
10749,859920000,860000000,5663,1982
10750,860000000,860080000,10535,3045
10751,860080000,860160000,5829,1856
10752,860160000,860240000,5774,2106
10753,860240000,860320000,6143,1809
10754,860320000,860400000,10250,2976
10755,860400000,860480000,4987,1741
10756,860480000,860560000,5895,2114
10757,860560000,860640000,8222,2466
10758,860640000,860720000,8181,2278
10759,860720000,860800000,5220,1861
10760,860800000,860880000,6293,2038
10761,860880000,860960000,10445,3025
10762,860960000,861040000,5421,1820
10763,861040000,861120000,5671,2113
10764,861120000,861200000,6013,1748
10765,861200000,861280000,10232,3097
10766,861280000,861360000,5013,1830
10767,861360000,861440000,5711,2018
10768,861440000,861520000,9429,2814
10769,861520000,861600000,6989,1906
10770,861600000,861680000,5372,2041
10771,861680000,861760000,6350,1862
10772,861760000,861840000,9845,2838
10773,861840000,861920000,5140,1750
10774,861920000,862000000,5687,2058
10775,862000000,862080000,7184,2150
10776,862080000,862160000,9341,2734
10777,862160000,862240000,4612,1660
10778,862240000,862320000,6026,1981
10779,862320000,862400000,7007,2473
10780,862400000,862480000,7837,2566
10781,862480000,862560000,6303,2277
10782,862560000,862640000,10920,3489
10783,862640000,862720000,5538,1827
10784,862720000,862800000,5423,1951
10785,862800000,862880000,6084,1732
10786,862880000,862960000,10730,3100
10787,862960000,863040000,5019,1786
10788,863040000,863120000,5839,1986
10789,863120000,863200000,9604,2830
10790,863200000,863280000,6865,1872
10791,863280000,863360000,5568,2050
10792,863360000,863440000,6587,1935
10793,863440000,863520000,9835,2868
10794,863520000,863600000,5345,1715
10795,863600000,863680000,5628,2128
10796,863680000,863760000,7015,2159
10797,863760000,863840000,9433,2777
10798,863840000,863920000,4872,1784
10799,863920000,864000000,5789,1977
10800,864000000,864080000,10453,3055
10801,864080000,864160000,5878,1858
10802,864160000,864240000,5482,2112
10803,864240000,864320000,6012,1817
10804,864320000,864400000,10141,2986
10805,864400000,864480000,4992,1733
10806,864480000,864560000,5551,2114
10807,864560000,864640000,8046,2468
10808,864640000,864720000,7951,2341
10809,864720000,864800000,4915,1882
10810,864800000,864880000,6394,2069
10811,864880000,864960000,10451,3029
10812,864960000,865040000,5411,1822
10813,865040000,865120000,5713,2120
10814,865120000,865200000,6139,1747
10815,865200000,865280000,10600,3099
10816,865280000,865360000,5223,1834
10817,865360000,865440000,5865,2017
10818,865440000,865520000,9426,2797
10819,865520000,865600000,6870,1859
10820,865600000,865680000,5495,2135
10821,865680000,865760000,6327,1906
10822,865760000,865840000,9677,2848
10823,865840000,865920000,5323,1750
10824,865920000,866000000,5481,2136
10825,866000000,866080000,7054,2152
10826,866080000,866160000,9534,2756
10827,866160000,866240000,4733,1779
10828,866240000,866320000,6091,1977
10829,866320000,866400000,10656,3040
10830,866400000,866480000,5873,1857
10831,866480000,866560000,5710,2107
10832,866560000,866640000,6125,1817
10833,866640000,866720000,10115,2970
10834,866720000,866800000,5270,1737
10835,866800000,866880000,5720,2118
10836,866880000,866960000,8145,2461
10837,866960000,867040000,8117,2321
10838,867040000,867120000,5057,1882
10839,867120000,867200000,6328,2066
10840,867200000,867280000,6430,2358
10841,867280000,867360000,8061,2671
10842,867360000,867440000,6685,2361
10843,867440000,867520000,10680,3326
10844,867520000,867600000,5157,1753
10845,867600000,867680000,5903,2132
10846,867680000,867760000,7276,2160
10847,867760000,867840000,9783,2764
10848,867840000,867920000,5044,1786
10849,867920000,868000000,5889,1982
10850,868000000,868080000,10874,3057
10851,868080000,868160000,6010,1859
10852,868160000,868240000,5684,2106
10853,868240000,868320000,6069,1811
10854,868320000,868400000,10130,2974
10855,868400000,868480000,5066,1737
10856,868480000,868560000,5773,2113
10857,868560000,868640000,7954,2478
10858,868640000,868720000,8287,2349
10859,868720000,868800000,4858,1796
10860,868800000,868880000,6126,1970
10861,868880000,868960000,10576,3027
10862,868960000,869040000,5512,1820
10863,869040000,869120000,5751,2045
10864,869120000,869200000,6101,1753
10865,869200000,869280000,10411,3084
10866,869280000,869360000,4857,1703
10867,869360000,869440000,5918,2018
10868,869440000,869520000,9303,2824
10869,869520000,869600000,6788,1902
10870,869600000,869680000,5543,2132
10871,869680000,869760000,6323,1933
10872,869760000,869840000,9693,2856
10873,869840000,869920000,5387,1750
10874,869920000,870000000,5598,2126
10875,870000000,870080000,7215,2150
10876,870080000,870160000,9539,2759
10877,870160000,870240000,4659,1787
10878,870240000,870320000,5772,1982
10879,870320000,870400000,10698,3016
10880,870400000,870480000,5810,1807
10881,870480000,870560000,5371,2088
10882,870560000,870640000,5957,1793
10883,870640000,870720000,10035,2974
10884,870720000,870800000,4895,1741
10885,870800000,870880000,5842,2110
10886,870880000,870960000,8023,2466
10887,870960000,871040000,8308,2329
10888,871040000,871120000,4961,1886
10889,871120000,871200000,6381,2072
10890,871200000,871280000,10691,3016
10891,871280000,871360000,5618,1822
10892,871360000,871440000,5924,2118
10893,871440000,871520000,6141,1752
10894,871520000,871600000,10531,3095
10895,871600000,871680000,5035,1830
10896,871680000,871760000,5589,2018
10897,871760000,871840000,9417,2815
10898,871840000,871920000,6818,1907
10899,871920000,872000000,5447,2160
10900,872000000,872080000,6541,2016
10901,872080000,872160000,5941,2201
10902,872160000,872240000,7516,2557
10903,872240000,872320000,6810,2561
10904,872320000,872400000,10568,3193
10905,872400000,872480000,5270,1739
10906,872480000,872560000,5957,2113
10907,872560000,872640000,8279,2476
10908,872640000,872720000,8529,2343
10909,872720000,872800000,5033,1882
10910,872800000,872880000,6307,2073
10911,872880000,872960000,10887,3038
10912,872960000,873040000,5638,1822
10913,873040000,873120000,5524,2120
10914,873120000,873200000,6112,1752
10915,873200000,873280000,10679,3111
10916,873280000,873360000,4985,1826
10917,873360000,873440000,6014,2014
10918,873440000,873520000,9151,2837
10919,873520000,873600000,6898,1922
10920,873600000,873680000,5595,2156
10921,873680000,873760000,6419,1935
10922,873760000,873840000,9771,2869
10923,873840000,873920000,5573,1750
10924,873920000,874000000,5797,2136
10925,874000000,874080000,7106,2158
10926,874080000,874160000,9550,2764
10927,874160000,874240000,4866,1779
10928,874240000,874320000,5858,1977
10929,874320000,874400000,10461,3050
10930,874400000,874480000,5810,1859
10931,874480000,874560000,5580,2108
10932,874560000,874640000,5994,1817
10933,874640000,874720000,10286,2973
10934,874720000,874800000,5027,1724
10935,874800000,874880000,5383,1944
10936,874880000,874960000,8177,2455
10937,874960000,875040000,8411,2314
10938,875040000,875120000,4987,1820
10939,875120000,875200000,6460,2062
10940,875200000,875280000,10682,2989
10941,875280000,875360000,5072,1634
10942,875360000,875440000,5741,2038
10943,875440000,875520000,6081,1739
10944,875520000,875600000,10487,3097
10945,875600000,875680000,5095,1800
10946,875680000,875760000,5588,2017
10947,875760000,875840000,9248,2821
10948,875840000,875920000,6957,1914
10949,875920000,876000000,5555,2151
10950,876000000,876080000,6398,1932
10951,876080000,876160000,9870,2850
10952,876160000,876240000,5233,1750
10953,876240000,876320000,5597,2136
10954,876320000,876400000,7174,2156
10955,876400000,876480000,9545,2758
10956,876480000,876560000,4619,1786
10957,876560000,876640000,5675,1978
10958,876640000,876720000,10616,3044
10959,876720000,876800000,5680,1857
10960,876800000,876880000,5637,2106
10961,876880000,876960000,6936,2258
10962,876960000,877040000,5959,2189
10963,877040000,877120000,6848,2326
10964,877120000,877200000,7246,2690
10965,877200000,877280000,10499,3133
10966,877280000,877360000,4972,1834
10967,877360000,877440000,5678,2025
10968,877440000,877520000,9523,2832
10969,877520000,877600000,6947,1915
10970,877600000,877680000,5392,2155
10971,877680000,877760000,6433,1933
10972,877760000,877840000,10058,2875
10973,877840000,877920000,5119,1749
10974,877920000,878000000,5831,2127
10975,878000000,878080000,7266,2156
10976,878080000,878160000,9393,2770
10977,878160000,878240000,4722,1786
10978,878240000,878320000,5950,1982
10979,878320000,878400000,10246,3060
10980,878400000,878480000,6076,1868
10981,878480000,878560000,5834,2110
10982,878560000,878640000,6034,1811
10983,878640000,878720000,10383,2991
10984,878720000,878800000,5169,1741
10985,878800000,878880000,5689,2114
10986,878880000,878960000,8103,2474
10987,878960000,879040000,8422,2345
10988,879040000,879120000,5026,1886
10989,879120000,879200000,6244,2073
10990,879200000,879280000,10688,3038
10991,879280000,879360000,5205,1792
10992,879360000,879440000,5876,2110
10993,879440000,879520000,6054,1750
10994,879520000,879600000,10535,3102
10995,879600000,879680000,4931,1830
10996,879680000,879760000,5808,2018
10997,879760000,879840000,9480,2817
10998,879840000,879920000,7067,1915
10999,879920000,880000000,5750,2160
11000,880000000,880080000,6496,1936
11001,880080000,880160000,9929,2822
11002,880160000,880240000,5211,1697
11003,880240000,880320000,5613,2096
11004,880320000,880400000,7178,2145
11005,880400000,880480000,9473,2765
11006,880480000,880560000,4740,1784
11007,880560000,880640000,5858,1981
11008,880640000,880720000,10577,3041
11009,880720000,880800000,5929,1860
11010,880800000,880880000,5336,1967
11011,880880000,880960000,5915,1760
11012,880960000,881040000,10467,2957
11013,881040000,881120000,5080,1724
11014,881120000,881200000,5854,2059
11015,881200000,881280000,8219,2468
11016,881280000,881360000,8210,2307
11017,881360000,881440000,4876,1761
11018,881440000,881520000,6443,2073
11019,881520000,881600000,10658,3020
11020,881600000,881680000,5487,1797
11021,881680000,881760000,5609,2113
11022,881760000,881840000,7062,2310
11023,881840000,881920000,6844,2440
11024,881920000,882000000,6339,2126
11025,882000000,882080000,7617,2868
11026,882080000,882160000,9720,2774
11027,882160000,882240000,4727,1736
11028,882240000,882320000,6037,1961
11029,882320000,882400000,10822,3060
11030,882400000,882480000,5832,1790
11031,882480000,882560000,5688,2028
11032,882560000,882640000,6169,1817
11033,882640000,882720000,10538,2994
11034,882720000,882800000,5192,1707
11035,882800000,882880000,5651,2114
11036,882880000,882960000,8223,2471
11037,882960000,883040000,8220,2349
11038,883040000,883120000,5079,1878
11039,883120000,883200000,6320,2069
11040,883200000,883280000,10268,3046
11041,883280000,883360000,5266,1804
11042,883360000,883440000,5491,2117
11043,883440000,883520000,6023,1752
11044,883520000,883600000,10377,3105
11045,883600000,883680000,4959,1830
11046,883680000,883760000,5625,2017
11047,883760000,883840000,9253,2826
11048,883840000,883920000,6740,1911
11049,883920000,884000000,5522,2155
11050,884000000,884080000,6510,1932
11051,884080000,884160000,9550,2855
11052,884160000,884240000,5002,1746
11053,884240000,884320000,5755,2136
11054,884320000,884400000,7063,2154
11055,884400000,884480000,9625,2759
11056,884480000,884560000,4917,1786
11057,884560000,884640000,5953,1978
11058,884640000,884720000,10804,3044
11059,884720000,884800000,6090,1863
11060,884800000,884880000,5574,2107
11061,884880000,884960000,6052,1817
11062,884960000,885040000,10384,2929
11063,885040000,885120000,5129,1694
11064,885120000,885200000,5464,2085
11065,885200000,885280000,8155,2459
11066,885280000,885360000,8388,2341
11067,885360000,885440000,4978,1878
11068,885440000,885520000,6533,2069
11069,885520000,885600000,10610,3025
11070,885600000,885680000,5374,1820
11071,885680000,885760000,5768,2117
11072,885760000,885840000,6105,1747
11073,885840000,885920000,10625,3093
11074,885920000,886000000,5277,1811
11075,886000000,886080000,5789,2021
11076,886080000,886160000,9449,2821
11077,886160000,886240000,6847,1908
11078,886240000,886320000,5593,2155
11079,886320000,886400000,6408,1932
11080,886400000,886480000,9822,2850
11081,886480000,886560000,5252,1750
11082,886560000,886640000,5688,2132
11083,886640000,886720000,7269,2385
11084,886720000,886800000,7588,2654
11085,886800000,886880000,5596,1883
11086,886880000,886960000,8808,3248
11087,886960000,887040000,8608,2342
11088,887040000,887120000,5272,1886
11089,887120000,887200000,6447,2077
11090,887200000,887280000,10868,3046
11091,887280000,887360000,5459,1794
11092,887360000,887440000,5713,2110
11093,887440000,887520000,6137,1753
11094,887520000,887600000,10759,3114
11095,887600000,887680000,5049,1830
11096,887680000,887760000,5762,2018
11097,887760000,887840000,9466,2828
11098,887840000,887920000,6920,1910
11099,887920000,888000000,5338,2037
11100,888000000,888080000,6286,1862
11101,888080000,888160000,9606,2858
11102,888160000,888240000,5192,1754
11103,888240000,888320000,5725,2058
11104,888320000,888400000,7136,2156
11105,888400000,888480000,9486,2745
11106,888480000,888560000,4701,1660
11107,888560000,888640000,6081,1981
11108,888640000,888720000,10551,3052
11109,888720000,888800000,5920,1841
11110,888800000,888880000,5640,2099
11111,888880000,888960000,5974,1811
11112,888960000,889040000,9981,2979
11113,889040000,889120000,5168,1733
11114,889120000,889200000,5616,2110
11115,889200000,889280000,8020,2467
11116,889280000,889360000,8174,2333
11117,889360000,889440000,4821,1886
11118,889440000,889520000,6264,2073
11119,889520000,889600000,10703,3018
11120,889600000,889680000,5468,1822
11121,889680000,889760000,5497,2118
11122,889760000,889840000,6132,1752
11123,889840000,889920000,10319,3033
11124,889920000,890000000,4866,1802
11125,890000000,890080000,5750,1979
11126,890080000,890160000,9355,2812
11127,890160000,890240000,6666,1912
11128,890240000,890320000,5539,2160
11129,890320000,890400000,6454,1936
11130,890400000,890480000,9763,2859
11131,890480000,890560000,5403,1746
11132,890560000,890640000,5860,2130
11133,890640000,890720000,7199,2150
11134,890720000,890800000,9893,2759
11135,890800000,890880000,4837,1784
11136,890880000,890960000,5850,1981
11137,890960000,891040000,10696,3033
11138,891040000,891120000,6037,1857
11139,891120000,891200000,5464,2111
11140,891200000,891280000,5985,1811
11141,891280000,891360000,10486,2968
11142,891360000,891440000,4874,1741
11143,891440000,891520000,6008,2110
11144,891520000,891600000,6990,2315
11145,891600000,891680000,7763,2654
11146,891680000,891760000,6010,2008
11147,891760000,891840000,10017,3639
11148,891840000,891920000,7196,1921
11149,891920000,892000000,5586,2156
11150,892000000,892080000,6472,1939
11151,892080000,892160000,10151,2869
11152,892160000,892240000,5401,1746
11153,892240000,892320000,5515,2136
11154,892320000,892400000,7253,2158
11155,892400000,892480000,9989,2766
11156,892480000,892560000,4802,1783
11157,892560000,892640000,6129,1977
11158,892640000,892720000,10768,3059
11159,892720000,892800000,5812,1859
11160,892800000,892880000,5716,2108
11161,892880000,892960000,6028,1817
11162,892960000,893040000,10112,2996
11163,893040000,893120000,5337,1741
11164,893120000,893200000,5764,2118
11165,893200000,893280000,8040,2471
11166,893280000,893360000,8361,2346
11167,893360000,893440000,5092,1878
11168,893440000,893520000,6386,2069
11169,893520000,893600000,10517,3031
11170,893600000,893680000,5471,1820
11171,893680000,893760000,5673,2117
11172,893760000,893840000,6077,1752
11173,893840000,893920000,10361,3092
11174,893920000,894000000,4877,1785
11175,894000000,894080000,5376,1870
11176,894080000,894160000,9215,2810
11177,894160000,894240000,6927,1907
11178,894240000,894320000,5504,2087
11179,894320000,894400000,6505,1932
11180,894400000,894480000,9967,2854
11181,894480000,894560000,5021,1618
11182,894560000,894640000,5937,2115
11183,894640000,894720000,7248,2156
11184,894720000,894800000,9555,2693
11185,894800000,894880000,4795,1729
11186,894880000,894960000,5650,1943
11187,894960000,895040000,10491,3022
11188,895040000,895120000,5952,1862
11189,895120000,895200000,5613,2103
11190,895200000,895280000,5973,1811
11191,895280000,895360000,10128,2978
11192,895360000,895440000,4878,1737
11193,895440000,895520000,5585,2118
11194,895520000,895600000,8129,2461
11195,895600000,895680000,8420,2331
11196,895680000,895760000,4896,1886
11197,895760000,895840000,6325,2069
11198,895840000,895920000,10541,3019
11199,895920000,896000000,5300,1821
11200,896000000,896080000,5733,2115
11201,896080000,896160000,6069,1744
11202,896160000,896240000,10354,3093
11203,896240000,896320000,4932,1834
11204,896320000,896400000,5790,2021
11205,896400000,896480000,6647,2255
11206,896480000,896560000,7893,2652
11207,896560000,896640000,6275,2168
11208,896640000,896720000,10801,3586
11209,896720000,896800000,6045,1868
11210,896800000,896880000,5472,2110
11211,896880000,896960000,6070,1816
11212,896960000,897040000,10486,2992
11213,897040000,897120000,4948,1737
11214,897120000,897200000,5881,2110
11215,897200000,897280000,8340,2474
11216,897280000,897360000,8450,2349
11217,897360000,897440000,4973,1886
11218,897440000,897520000,6437,2073
11219,897520000,897600000,10611,3040
11220,897600000,897680000,5547,1815
11221,897680000,897760000,5908,2117
11222,897760000,897840000,6038,1753
11223,897840000,897920000,10373,3115
11224,897920000,898000000,5032,1833
11225,898000000,898080000,5614,2018
11226,898080000,898160000,9296,2829
11227,898160000,898240000,7032,1912
11228,898240000,898320000,5543,2160
11229,898320000,898400000,6413,1936
11230,898400000,898480000,10041,2863
11231,898480000,898560000,5113,1746
11232,898560000,898640000,5988,2126
11233,898640000,898720000,7192,2156
11234,898720000,898800000,9459,2763
11235,898800000,898880000,4678,1783
11236,898880000,898960000,5902,1981
11237,898960000,899040000,10464,3030
11238,899040000,899120000,6153,1861
11239,899120000,899200000,5762,2111
11240,899200000,899280000,6088,1811
11241,899280000,899360000,10386,2974
11242,899360000,899440000,5110,1741
11243,899440000,899520000,5742,2110
11244,899520000,899600000,8259,2466
11245,899600000,899680000,8257,2270
11246,899680000,899760000,4948,1857
11247,899760000,899840000,6293,2038
11248,899840000,899920000,10631,3012
11249,899920000,900000000,5427,1819
11250,900000000,900080000,5343,1950
11251,900080000,900160000,5976,1726
11252,900160000,900240000,10394,3082
11253,900240000,900320000,4947,1786
11254,900320000,900400000,5798,1986
11255,900400000,900480000,9444,2815
11256,900480000,900560000,6900,1870
11257,900560000,900640000,5592,2050
11258,900640000,900720000,6608,1936
11259,900720000,900800000,9924,2857
11260,900800000,900880000,5312,1722
11261,900880000,900960000,5555,2128
11262,900960000,901040000,7183,2150
11263,901040000,901120000,9542,2757
11264,901120000,901200000,4897,1784
11265,901200000,901280000,5793,1977
11266,901280000,901360000,7128,2472
11267,901360000,901440000,8045,2566
11268,901440000,901520000,6442,2267
11269,901520000,901600000,11016,3495
11270,901600000,901680000,5426,1722
11271,901680000,901760000,5871,2070
11272,901760000,901840000,6207,1757
11273,901840000,901920000,10911,3111
11274,901920000,902000000,5099,1797
11275,902000000,902080000,5616,2017
11276,902080000,902160000,9636,2831
11277,902160000,902240000,7052,1916
11278,902240000,902320000,5659,2155
11279,902320000,902400000,6476,1932
11280,902400000,902480000,9886,2870
11281,902480000,902560000,5169,1746
11282,902560000,902640000,5582,2136
11283,902640000,902720000,7030,2158
11284,902720000,902800000,9557,2781
11285,902800000,902880000,4663,1787
11286,902880000,902960000,5715,1978
11287,902960000,903040000,10459,3040
11288,903040000,903120000,6003,1863
11289,903120000,903200000,5692,2107
11290,903200000,903280000,6100,1813
11291,903280000,903360000,10228,2984
11292,903360000,903440000,4875,1737
11293,903440000,903520000,5834,2118
11294,903520000,903600000,8088,2468
11295,903600000,903680000,8169,2331
11296,903680000,903760000,5161,1882
11297,903760000,903840000,6388,2069
11298,903840000,903920000,10530,3024
11299,903920000,904000000,5573,1821
11300,904000000,904080000,5581,2116
11301,904080000,904160000,6123,1747
11302,904160000,904240000,10677,3095
11303,904240000,904320000,5111,1834
11304,904320000,904400000,5579,2021
11305,904400000,904480000,9464,2796
11306,904480000,904560000,7019,1856
11307,904560000,904640000,5571,2134
11308,904640000,904720000,6548,1903
11309,904720000,904800000,9921,2854
11310,904800000,904880000,5018,1750
11311,904880000,904960000,5828,2132
11312,904960000,905040000,7101,2152
11313,905040000,905120000,9723,2762
11314,905120000,905200000,4993,1786
11315,905200000,905280000,5850,1982
11316,905280000,905360000,10697,3038
11317,905360000,905440000,6093,1857
11318,905440000,905520000,5670,2106
11319,905520000,905600000,6082,1814
11320,905600000,905680000,10256,2964
11321,905680000,905760000,4996,1737
11322,905760000,905840000,5691,2114
11323,905840000,905920000,8174,2461
11324,905920000,906000000,8288,2321
11325,906000000,906080000,4777,1773
11326,906080000,906160000,6150,1968
11327,906160000,906240000,6537,2357
11328,906240000,906320000,8380,2673
11329,906320000,906400000,6854,2361
11330,906400000,906480000,10768,3329
11331,906480000,906560000,5436,1754
11332,906560000,906640000,5751,2126
11333,906640000,906720000,7296,2161
11334,906720000,906800000,9900,2772
11335,906800000,906880000,4784,1783
11336,906880000,906960000,5906,1981
11337,906960000,907040000,11046,3056
11338,907040000,907120000,6095,1862
11339,907120000,907200000,5395,1970
11340,907200000,907280000,5989,1762
11341,907280000,907360000,10431,2975
11342,907360000,907440000,4928,1691
11343,907440000,907520000,5830,2059
11344,907520000,907600000,8003,2478
11345,907600000,907680000,8293,2319
11346,907680000,907760000,4903,1761
11347,907760000,907840000,6468,2073
11348,907840000,907920000,10624,3035
11349,907920000,908000000,5678,1794
11350,908000000,908080000,5673,2112
11351,908080000,908160000,6056,1753
11352,908160000,908240000,10552,3106
11353,908240000,908320000,5149,1826
11354,908320000,908400000,5662,2014
11355,908400000,908480000,9312,2823
11356,908480000,908560000,6777,1908
11357,908560000,908640000,5339,2160
11358,908640000,908720000,6363,1936
11359,908720000,908800000,9889,2858
11360,908800000,908880000,5182,1750
11361,908880000,908960000,5470,2130
11362,908960000,909040000,7227,2150
11363,909040000,909120000,9655,2761
11364,909120000,909200000,4714,1784
11365,909200000,909280000,5990,1977
11366,909280000,909360000,10704,3014
11367,909360000,909440000,5810,1807
11368,909440000,909520000,5567,2089
11369,909520000,909600000,6044,1796
11370,909600000,909680000,10176,2966
11371,909680000,909760000,5144,1737
11372,909760000,909840000,5885,2114
11373,909840000,909920000,8051,2466
11374,909920000,910000000,8394,2333
11375,910000000,910080000,4947,1859
11376,910080000,910160000,6296,2073
11377,910160000,910240000,10739,3012
11378,910240000,910320000,5670,1821
11379,910320000,910400000,5535,2120
11380,910400000,910480000,6147,1755
11381,910480000,910560000,10686,3091
11382,910560000,910640000,4944,1830
11383,910640000,910720000,5933,2014
11384,910720000,910800000,9473,2814
11385,910800000,910880000,6870,1912
11386,910880000,910960000,5580,2156
11387,910960000,911040000,6658,2016
11388,911040000,911120000,6067,2200
11389,911120000,911200000,7619,2558
11390,911200000,911280000,6795,2561
11391,911280000,911360000,10574,3199
11392,911360000,911440000,5169,1714
11393,911440000,911520000,5600,2118
11394,911520000,911600000,8297,2476
11395,911600000,911680000,8728,2343
11396,911680000,911760000,5034,1878
11397,911760000,911840000,6567,2069
11398,911840000,911920000,11100,3037
11399,911920000,912000000,5426,1821
11400,912000000,912080000,5813,2116
11401,912080000,912160000,6142,1752
11402,912160000,912240000,10724,3109
11403,912240000,912320000,5270,1831
11404,912320000,912400000,5772,2021
11405,912400000,912480000,9161,2836
11406,912480000,912560000,7089,1921
11407,912560000,912640000,5586,2155
11408,912640000,912720000,6394,1932
11409,912720000,912800000,9935,2873
11410,912800000,912880000,5296,1750
11411,912880000,912960000,5739,2132
11412,912960000,913040000,7122,2158
11413,913040000,913120000,9793,2762
11414,913120000,913200000,4684,1727
11415,913200000,913280000,5581,1844
11416,913280000,913360000,10586,3035
11417,913360000,913440000,5857,1859
11418,913440000,913520000,5576,2035
11419,913520000,913600000,6024,1814
11420,913600000,913680000,10359,2966
11421,913680000,913760000,4779,1601
11422,913760000,913840000,5953,2108
11423,913840000,913920000,8203,2461
11424,913920000,914000000,8568,2333
11425,914000000,914080000,5014,1831
11426,914080000,914160000,6268,2069
11427,914160000,914240000,10686,2987
11428,914240000,914320000,5572,1768
11429,914320000,914400000,5572,2085
11430,914400000,914480000,6028,1736
11431,914480000,914560000,10479,3095
11432,914560000,914640000,4904,1834
11433,914640000,914720000,5593,2021
11434,914720000,914800000,9258,2820
11435,914800000,914880000,7034,1919
11436,914880000,914960000,5392,2155
11437,914960000,915040000,6364,1932
11438,915040000,915120000,10010,2852
11439,915120000,915200000,5209,1750
11440,915200000,915280000,5855,2127
11441,915280000,915360000,7208,2157
11442,915360000,915440000,9633,2756
11443,915440000,915520000,4667,1786
11444,915520000,915600000,5873,1982
11445,915600000,915680000,10640,3041
11446,915680000,915760000,5972,1854
11447,915760000,915840000,5822,2110
11448,915840000,915920000,6926,2258
11449,915920000,916000000,5955,2189
11450,916000000,916080000,6842,2326
11451,916080000,916160000,7192,2690
11452,916160000,916240000,10344,3121
11453,916240000,916320000,4977,1833
11454,916320000,916400000,5915,2018
11455,916400000,916480000,9505,2830
11456,916480000,916560000,6894,1913
11457,916560000,916640000,5571,2160
11458,916640000,916720000,6526,1936
11459,916720000,916800000,10036,2877
11460,916800000,916880000,5348,1750
11461,916880000,916960000,5897,2130
11462,916960000,917040000,7269,2156
11463,917040000,917120000,9380,2772
11464,917120000,917200000,4804,1783
11465,917200000,917280000,5810,1981
11466,917280000,917360000,10189,3056
11467,917360000,917440000,6106,1868
11468,917440000,917520000,5515,2111
11469,917520000,917600000,5955,1814
11470,917600000,917680000,10585,2987
11471,917680000,917760000,4993,1737
11472,917760000,917840000,6084,2110
11473,917840000,917920000,8133,2474
11474,917920000,918000000,8564,2339
11475,918000000,918080000,5016,1882
11476,918080000,918160000,6412,2073
11477,918160000,918240000,10609,3029
11478,918240000,918320000,5642,1816
11479,918320000,918400000,5736,2121
11480,918400000,918480000,6049,1753
11481,918480000,918560000,10709,3100
11482,918560000,918640000,5075,1830
11483,918640000,918720000,5693,2014
11484,918720000,918800000,9498,2816
11485,918800000,918880000,7094,1920
11486,918880000,918960000,5580,2156
11487,918960000,919040000,6481,1936
11488,919040000,919120000,10147,2810
11489,919120000,919200000,5199,1697
11490,919200000,919280000,5263,1921
11491,919280000,919360000,7155,2132
11492,919360000,919440000,9641,2746
11493,919440000,919520000,4678,1732
11494,919520000,919600000,5953,1957
11495,919600000,919680000,10525,3042
11496,919680000,919760000,5909,1788
11497,919760000,919840000,5645,2028
11498,919840000,919920000,6101,1812
11499,919920000,920000000,10575,2966
11500,920000000,920080000,5195,1711
11501,920080000,920160000,5677,2114
11502,920160000,920240000,8227,2468
11503,920240000,920320000,8354,2333
11504,920320000,920400000,5080,1882
11505,920400000,920480000,6268,2069
11506,920480000,920560000,10662,3018
11507,920560000,920640000,5404,1821
11508,920640000,920720000,5488,2120
11509,920720000,920800000,7085,2313
11510,920800000,920880000,6851,2440
11511,920880000,920960000,6319,2104
11512,920960000,921040000,7715,2886
11513,921040000,921120000,9797,2789
11514,921120000,921200000,4886,1757
11515,921200000,921280000,5814,1982
11516,921280000,921360000,10759,3058
11517,921360000,921440000,6069,1859
11518,921440000,921520000,5650,2103
11519,921520000,921600000,6064,1814
11520,921600000,921680000,10515,2990
11521,921680000,921760000,4947,1737
11522,921760000,921840000,5637,2118
11523,921840000,921920000,8205,2471
11524,921920000,922000000,8273,2339
11525,922000000,922080000,4845,1882
11526,922080000,922160000,6280,2069
11527,922160000,922240000,10217,3041
11528,922240000,922320000,5324,1825
11529,922320000,922400000,5757,2115
11530,922400000,922480000,6044,1749
11531,922480000,922560000,10345,3105
11532,922560000,922640000,5027,1834
11533,922640000,922720000,5844,2021
11534,922720000,922800000,9252,2826
11535,922800000,922880000,6811,1917
11536,922880000,922960000,5836,2155
11537,922960000,923040000,6490,1932
11538,923040000,923120000,9514,2849
11539,923120000,923200000,5179,1746
11540,923200000,923280000,5579,2131
11541,923280000,923360000,7047,2154
11542,923360000,923440000,9563,2757
11543,923440000,923520000,4809,1786
11544,923520000,923600000,5697,1982
11545,923600000,923680000,10905,3042
11546,923680000,923760000,6137,1861
11547,923760000,923840000,5771,2106
11548,923840000,923920000,6182,1814
11549,923920000,924000000,10562,2921
11550,924000000,924080000,4870,1694
11551,924080000,924160000,5798,2081
11552,924160000,924240000,8191,2459
11553,924240000,924320000,8480,2335
11554,924320000,924400000,5222,1886
11555,924400000,924480000,6345,2073
11556,924480000,924560000,10669,3023
11557,924560000,924640000,5592,1819
11558,924640000,924720000,5679,2113
11559,924720000,924800000,6053,1744
11560,924800000,924880000,10750,3095
11561,924880000,924960000,5083,1833
11562,924960000,925040000,5788,2018
11563,925040000,925120000,9438,2818
11564,925120000,925200000,7081,1907
11565,925200000,925280000,5335,2041
11566,925280000,925360000,6269,1861
11567,925360000,925440000,10001,2835
11568,925440000,925520000,5186,1751
11569,925520000,925600000,5715,2058
11570,925600000,925680000,7279,2386
11571,925680000,925760000,7650,2656
11572,925760000,925840000,5641,1883
11573,925840000,925920000,8793,3246
11574,925920000,926000000,8487,2332
11575,926000000,926080000,5050,1882
11576,926080000,926160000,6457,2077
11577,926160000,926240000,10899,3031
11578,926240000,926320000,5472,1815
11579,926320000,926400000,5386,1950
11580,926400000,926480000,6097,1731
11581,926480000,926560000,10764,3095
11582,926560000,926640000,5005,1790
11583,926640000,926720000,5841,1986
11584,926720000,926800000,9469,2828
11585,926800000,926880000,6677,1875
11586,926880000,926960000,5551,2050
11587,926960000,927040000,6523,1936
11588,927040000,927120000,9606,2865
11589,927120000,927200000,5340,1726
11590,927200000,927280000,5592,2127
11591,927280000,927360000,7095,2156
11592,927360000,927440000,9545,2770
11593,927440000,927520000,4915,1780
11594,927520000,927600000,5854,1977
11595,927600000,927680000,10515,3052
11596,927680000,927760000,5874,1863
11597,927760000,927840000,5449,2112
11598,927840000,927920000,6002,1814
11599,927920000,928000000,10056,2971
11600,928000000,928080000,4924,1733
11601,928080000,928160000,5507,2114
11602,928160000,928240000,8017,2467
11603,928240000,928320000,8126,2331
11604,928320000,928400000,4967,1882
11605,928400000,928480000,6427,2069
11606,928480000,928560000,10608,3018
11607,928560000,928640000,5444,1821
11608,928640000,928720000,5758,2120
11609,928720000,928800000,6182,1755
11610,928800000,928880000,10378,3039
11611,928880000,928960000,5135,1803
11612,928960000,929040000,5765,1982
11613,929040000,929120000,9327,2812
11614,929120000,929200000,6724,1916
11615,929200000,929280000,5546,2156
11616,929280000,929360000,6385,1936
11617,929360000,929440000,9770,2857
11618,929440000,929520000,5381,1749
11619,929520000,929600000,5480,2136
11620,929600000,929680000,7187,2149
11621,929680000,929760000,10030,2741
11622,929760000,929840000,4809,1784
11623,929840000,929920000,6155,1976
11624,929920000,930000000,10876,3046
11625,930000000,930080000,5876,1834
11626,930080000,930160000,5630,2102
11627,930160000,930240000,6056,1812
11628,930240000,930320000,10506,2964
11629,930320000,930400000,5315,1741
11630,930400000,930480000,5762,2118
11631,930480000,930560000,6960,2315
11632,930560000,930640000,7870,2654
11633,930640000,930720000,5941,2008
11634,930720000,930800000,9968,3635
11635,930800000,930880000,7126,1917
11636,930880000,930960000,5676,2155
11637,930960000,931040000,6665,1936
11638,931040000,931120000,10171,2859
11639,931120000,931200000,5115,1746
11640,931200000,931280000,5877,2131
11641,931280000,931360000,7262,2158
11642,931360000,931440000,9901,2770
11643,931440000,931520000,5082,1786
11644,931520000,931600000,5898,1982
11645,931600000,931680000,10680,3055
11646,931680000,931760000,6042,1859
11647,931760000,931840000,5675,2103
11648,931840000,931920000,6003,1814
11649,931920000,932000000,10102,2990
11650,932000000,932080000,5051,1741
11651,932080000,932160000,5728,2114
11652,932160000,932240000,8043,2471
11653,932240000,932320000,8440,2334
11654,932320000,932400000,4909,1792
11655,932400000,932480000,6180,1970
11656,932480000,932560000,10575,3016
11657,932560000,932640000,5407,1819
11658,932640000,932720000,5715,2045
11659,932720000,932800000,6069,1749
11660,932800000,932880000,10213,3084
11661,932880000,932960000,4791,1703
11662,932960000,933040000,5880,2018
11663,933040000,933120000,9219,2820
11664,933120000,933200000,7018,1909
11665,933200000,933280000,5596,2136
11666,933280000,933360000,6349,1932
11667,933360000,933440000,9951,2854
11668,933440000,933520000,5413,1751
11669,933520000,933600000,5630,2126
11670,933600000,933680000,7238,2157
11671,933680000,933760000,9483,2693
11672,933760000,933840000,4580,1759
11673,933840000,933920000,5660,1947
11674,933920000,934000000,10633,3035
11675,934000000,934080000,5724,1837
11676,934080000,934160000,5407,2102
11677,934160000,934240000,5947,1812
11678,934240000,934320000,10120,2972
11679,934320000,934400000,4870,1737
11680,934400000,934480000,5859,2110
11681,934480000,934560000,8135,2461
11682,934560000,934640000,8373,2331
11683,934640000,934720000,5042,1886
11684,934720000,934800000,6455,2073
11685,934800000,934880000,10556,3022
11686,934880000,934960000,5472,1823
11687,934960000,935040000,5839,2118
11688,935040000,935120000,6073,1744
11689,935120000,935200000,10345,3097
11690,935200000,935280000,5033,1833
11691,935280000,935360000,5620,2018
11692,935360000,935440000,6653,2255
11693,935440000,935520000,7985,2652
11694,935520000,935600000,6337,2168
11695,935600000,935680000,10720,3580
11696,935680000,935760000,6132,1868
11697,935760000,935840000,5680,2111
11698,935840000,935920000,6147,1819
11699,935920000,936000000,10494,2982
11700,936000000,936080000,5214,1733
11701,936080000,936160000,5917,2114
11702,936160000,936240000,8329,2474
11703,936240000,936320000,8452,2341
11704,936320000,936400000,5092,1882
11705,936400000,936480000,6326,2073
11706,936480000,936560000,10502,3034
11707,936560000,936640000,5522,1816
11708,936640000,936720000,5525,2121
11709,936720000,936800000,6015,1756
11710,936800000,936880000,10354,3113
11711,936880000,936960000,4964,1833
11712,936960000,937040000,5987,2014
11713,937040000,937120000,9310,2829
11714,937120000,937200000,7004,1918
11715,937200000,937280000,5625,2156
11716,937280000,937360000,6517,1936
11717,937360000,937440000,9924,2871
11718,937440000,937520000,5503,1749
11719,937520000,937600000,5758,2136
11720,937600000,937680000,7173,2155
11721,937680000,937760000,9509,2763
11722,937760000,937840000,4763,1779
11723,937840000,937920000,5803,1977
11724,937920000,938000000,10504,3043
11725,938000000,938080000,5929,1838
11726,938080000,938160000,5581,2102
11727,938160000,938240000,6072,1812
11728,938240000,938320000,10492,2962
11729,938320000,938400000,5035,1728
11730,938400000,938480000,5419,1944
11731,938480000,938560000,8239,2460
11732,938560000,938640000,8291,2255
11733,938640000,938720000,4904,1795
11734,938720000,938800000,6376,2028
11735,938800000,938880000,10562,3023
11736,938880000,938960000,5173,1718
11737,938960000,939040000,5801,2071
11738,939040000,939120000,6076,1751
11739,939120000,939200000,10480,3103
11740,939200000,939280000,5067,1797
11741,939280000,939360000,5578,2017
11742,939360000,939440000,9434,2815
11743,939440000,939520000,7013,1913
11744,939520000,939600000,5629,2155
11745,939600000,939680000,6488,1933
11746,939680000,939760000,9915,2857
11747,939760000,939840000,5086,1749
11748,939840000,939920000,5510,2136
11749,939920000,940000000,7178,2149
11750,940000000,940080000,9548,2753
11751,940080000,940160000,4634,1787
11752,940160000,940240000,5727,1978
11753,940240000,940320000,7136,2472
11754,940320000,940400000,8141,2566
11755,940400000,940480000,6425,2277
11756,940480000,940560000,10899,3489
11757,940560000,940640000,5770,1826
11758,940640000,940720000,5696,2114
11759,940720000,940800000,6138,1754
11760,940800000,940880000,10761,3107
11761,940880000,940960000,4907,1831
11762,940960000,941040000,5628,2021
11763,941040000,941120000,9595,2829
11764,941120000,941200000,7106,1920
11765,941200000,941280000,5417,2159
11766,941280000,941360000,6437,1932
11767,941360000,941440000,9900,2872
11768,941440000,941520000,5067,1746
11769,941520000,941600000,5825,2127
11770,941600000,941680000,7059,2159
11771,941680000,941760000,9560,2781
11772,941760000,941840000,4701,1787
11773,941840000,941920000,5900,1982
11774,941920000,942000000,10507,3053
11775,942000000,942080000,6032,1838
11776,942080000,942160000,5878,2102
11777,942160000,942240000,6088,1814
11778,942240000,942320000,10246,2978
11779,942320000,942400000,5059,1737
11780,942400000,942480000,5650,2114
11781,942480000,942560000,8075,2468
11782,942560000,942640000,8094,2329
11783,942640000,942720000,4947,1886
11784,942720000,942800000,6212,2073
11785,942800000,942880000,10588,3024
11786,942880000,942960000,5404,1820
11787,942960000,943040000,5898,2114
11788,943040000,943120000,6167,1744
11789,943120000,943200000,10698,3103
11790,943200000,943280000,5023,1833
11791,943280000,943360000,5837,2018
11792,943360000,943440000,9466,2796
11793,943440000,943520000,7035,1864
11794,943520000,943600000,5749,2139
11795,943600000,943680000,6409,1906
11796,943680000,943760000,9891,2854
11797,943760000,943840000,5284,1747
11798,943840000,943920000,5675,2126
11799,943920000,944000000,7089,2153
11800,944000000,944080000,9606,2754
11801,944080000,944160000,4749,1783
11802,944160000,944240000,5856,1981
11803,944240000,944320000,10802,3033
11804,944320000,944400000,6049,1852
11805,944400000,944480000,5386,1970
11806,944480000,944560000,5989,1765
11807,944560000,944640000,10279,2947
11808,944640000,944720000,4983,1720
11809,944720000,944800000,5754,2059
11810,944800000,944880000,8177,2461
11811,944880000,944960000,8158,2305
11812,944960000,945040000,4904,1761
11813,945040000,945120000,6486,2071
11814,945120000,945200000,6571,2357
11815,945200000,945280000,8370,2673
11816,945280000,945360000,6824,2361
11817,945360000,945440000,10809,3321
11818,945440000,945520000,5310,1754
11819,945520000,945600000,5401,1954
11820,945600000,945680000,7275,2148
11821,945680000,945760000,9920,2753
11822,945760000,945840000,4762,1731
11823,945840000,945920000,5977,1957
11824,945920000,946000000,10968,3055
11825,946000000,946080000,5924,1790
11826,946080000,946160000,5692,2027
11827,946160000,946240000,6166,1814
11828,946240000,946320000,10380,2980
11829,946320000,946400000,5176,1703
11830,946400000,946480000,5655,2114
11831,946480000,946560000,7977,2478
11832,946560000,946640000,8383,2347
11833,946640000,946720000,5090,1882
11834,946720000,946800000,6299,2069
11835,946800000,946880000,10603,3035
11836,946880000,946960000,5489,1820
11837,946960000,947040000,5543,2121
11838,947040000,947120000,6086,1756
11839,947120000,947200000,10618,3112
11840,947200000,947280000,4970,1827
11841,947280000,947360000,5570,2017
11842,947360000,947440000,9314,2823
11843,947440000,947520000,6735,1916
11844,947520000,947600000,5499,2155
11845,947600000,947680000,6484,1933
11846,947680000,947760000,9876,2858
11847,947760000,947840000,5142,1749
11848,947840000,947920000,5788,2136
11849,947920000,948000000,7235,2149
11850,948000000,948080000,9743,2757
11851,948080000,948160000,4949,1787
11852,948160000,948240000,5995,1978
11853,948240000,948320000,10699,3013
11854,948320000,948400000,5931,1802
11855,948400000,948480000,5502,2085
11856,948480000,948560000,5995,1796
11857,948560000,948640000,10091,2964
11858,948640000,948720000,5139,1741
11859,948720000,948800000,5520,2118
11860,948800000,948880000,8043,2466
11861,948880000,948960000,8416,2333
11862,948960000,949040000,5025,1878
11863,949040000,949120000,6543,2069
11864,949120000,949200000,10822,3017
11865,949200000,949280000,5483,1822
11866,949280000,949360000,5826,2116
11867,949360000,949440000,6167,1755
11868,949440000,949520000,10647,3097
11869,949520000,949600000,5248,1831
11870,949600000,949680000,5684,2021
11871,949680000,949760000,9422,2804
11872,949760000,949840000,6991,1908
11873,949840000,949920000,5575,2155
11874,949920000,950000000,6614,2012
11875,950000000,950080000,6114,2200
11876,950080000,950160000,7754,2557
11877,950160000,950240000,6973,2561
11878,950240000,950320000,10774,3198
11879,950320000,950400000,4970,1739
11880,950400000,950480000,5943,2114
11881,950480000,950560000,8302,2476
11882,950560000,950640000,8689,2335
11883,950640000,950720000,5259,1886
11884,950720000,950800000,6395,2073
11885,950800000,950880000,11019,3033
11886,950880000,950960000,5622,1822
11887,950960000,951040000,5724,2114
11888,951040000,951120000,6130,1749
11889,951120000,951200000,10622,3097
11890,951200000,951280000,5024,1830
11891,951280000,951360000,5758,2017
11892,951360000,951440000,9165,2834
11893,951440000,951520000,7122,1923
11894,951520000,951600000,5357,2041
11895,951600000,951680000,6248,1861
11896,951680000,951760000,9986,2858
11897,951760000,951840000,5309,1747
11898,951840000,951920000,5779,2058
11899,951920000,952000000,7141,2159
11900,952000000,952080000,9671,2735
11901,952080000,952160000,4637,1659
11902,952160000,952240000,6037,1981
11903,952240000,952320000,10571,3049
11904,952320000,952400000,5937,1830
11905,952400000,952480000,5593,2099
11906,952480000,952560000,5930,1814
11907,952560000,952640000,10305,2973
11908,952640000,952720000,5205,1737
11909,952720000,952800000,5641,2110
11910,952800000,952880000,8212,2461
11911,952880000,952960000,8454,2335
11912,952960000,953040000,4877,1886
11913,953040000,953120000,6293,2073
11914,953120000,953200000,10796,2992
11915,953200000,953280000,5411,1769
11916,953280000,953360000,5410,2089
11917,953360000,953440000,6020,1736
11918,953440000,953520000,10429,3101
11919,953520000,953600000,4935,1833
11920,953600000,953680000,5835,2014
11921,953680000,953760000,9250,2810
11922,953760000,953840000,7029,1915
11923,953840000,953920000,5532,2160
11924,953920000,954000000,6460,1934
11925,954000000,954080000,10007,2848
11926,954080000,954160000,5418,1751
11927,954160000,954240000,5907,2130
11928,954240000,954320000,7228,2157
11929,954320000,954400000,9649,2752
11930,954400000,954480000,4783,1783
11931,954480000,954560000,5722,1981
11932,954560000,954640000,10625,3039
11933,954640000,954720000,5932,1854
11934,954720000,954800000,5478,2111
11935,954800000,954880000,6895,2261
11936,954880000,954960000,6194,2188
11937,954960000,955040000,7046,2326
11938,955040000,955120000,7342,2690
11939,955120000,955200000,10635,3116
11940,955200000,955280000,5225,1834
11941,955280000,955360000,5918,2020
11942,955360000,955440000,9552,2831
11943,955440000,955520000,7019,1920
11944,955520000,955600000,5568,2156
11945,955600000,955680000,6451,1936
11946,955680000,955760000,10119,2877
11947,955760000,955840000,5376,1749
11948,955840000,955920000,5525,2136
11949,955920000,956000000,7260,2155
11950,956000000,956080000,9636,2772
11951,956080000,956160000,4751,1779
11952,956160000,956240000,6146,1977
11953,956240000,956320000,10321,3057
11954,956320000,956400000,5959,1863
11955,956400000,956480000,5679,2107
11956,956480000,956560000,6045,1814
11957,956560000,956640000,10450,2983
11958,956640000,956720000,5402,1741
11959,956720000,956800000,5817,2118
11960,956800000,956880000,8144,2474
11961,956880000,956960000,8512,2339
11962,956960000,957040000,5111,1878
11963,957040000,957120000,6338,2069
11964,957120000,957200000,10630,3034
11965,957200000,957280000,5453,1817
11966,957280000,957360000,5630,2117
11967,957360000,957440000,6046,1753
11968,957440000,957520000,10736,3098
11969,957520000,957600000,4975,1789
11970,957600000,957680000,5404,1870
11971,957680000,957760000,9445,2796
11972,957760000,957840000,7171,1911
11973,957840000,957920000,5543,2087
11974,957920000,958000000,6560,1932
11975,958000000,958080000,10103,2820
11976,958080000,958160000,4817,1533
11977,958160000,958240000,5839,2083
11978,958240000,958320000,7208,2144
11979,958320000,958400000,9704,2757
11980,958400000,958480000,4840,1753
11981,958480000,958560000,5724,1978
11982,958560000,958640000,10521,3042
11983,958640000,958720000,6145,1857
11984,958720000,958800000,5605,2103
11985,958800000,958880000,6017,1809
11986,958880000,958960000,10514,2966
11987,958960000,959040000,5027,1741
11988,959040000,959120000,5660,2118
11989,959120000,959200000,8236,2468
11990,959200000,959280000,8454,2337
11991,959280000,959360000,4809,1886
11992,959360000,959440000,6238,2069
11993,959440000,959520000,10719,3021
11994,959520000,959600000,5302,1822
11995,959600000,959680000,5739,2115
11996,959680000,959760000,7167,2309
11997,959760000,959840000,7106,2440
11998,959840000,959920000,6563,2126
11999,959920000,960000000,7797,2890
12000,960000000,960080000,9889,2792
12001,960080000,960160000,4707,1787
12002,960160000,960240000,5826,1986
12003,960240000,960320000,10950,3059
12004,960320000,960400000,6028,1854
12005,960400000,960480000,5451,2107
12006,960480000,960560000,6054,1814
12007,960560000,960640000,10623,2986
12008,960640000,960720000,4962,1737
12009,960720000,960800000,5887,2110
12010,960800000,960880000,8261,2471
12011,960880000,960960000,8321,2341
12012,960960000,961040000,4986,1886
12013,961040000,961120000,6408,2073
12014,961120000,961200000,10387,3044
12015,961200000,961280000,5598,1827
12016,961280000,961360000,5891,2118
12017,961360000,961440000,6048,1749
12018,961440000,961520000,10451,3109
12019,961520000,961600000,5124,1833
12020,961600000,961680000,5685,2018
12021,961680000,961760000,9260,2825
12022,961760000,961840000,6909,1914
12023,961840000,961920000,5516,2160
12024,961920000,962000000,6388,1935
12025,962000000,962080000,9765,2859
12026,962080000,962160000,4937,1720
12027,962160000,962240000,5925,2124
12028,962240000,962320000,7114,2155
12029,962320000,962400000,9675,2753
12030,962400000,962480000,4700,1783
12031,962480000,962560000,5921,1981
12032,962560000,962640000,10845,3041
12033,962640000,962720000,6314,1858
12034,962720000,962800000,5778,2111
12035,962800000,962880000,6115,1817
12036,962880000,962960000,10515,2923
12037,962960000,963040000,5058,1694
12038,963040000,963120000,5648,2077
12039,963120000,963200000,8190,2459
12040,963200000,963280000,8434,2341
12041,963280000,963360000,4972,1882
12042,963360000,963440000,6356,2073
12043,963440000,963520000,10740,3022
12044,963520000,963600000,5506,1820
12045,963600000,963680000,5343,1950
12046,963680000,963760000,6022,1722
12047,963760000,963840000,10808,3082
12048,963840000,963920000,5045,1793
12049,963920000,964000000,5868,1986
12050,964000000,964080000,9472,2820
12051,964080000,964160000,6855,1864
12052,964160000,964240000,5496,2050
12053,964240000,964320000,6523,1935
12054,964320000,964400000,10003,2846
12055,964400000,964480000,5315,1723
12056,964480000,964560000,5590,2128
12057,964560000,964640000,7323,2385
12058,964640000,964720000,7816,2656
12059,964720000,964800000,5710,1877
12060,964800000,964880000,8865,3231
12061,964880000,964960000,8590,2319
12062,964960000,965040000,4974,1820
12063,965040000,965120000,6534,2067
12064,965120000,965200000,10965,3042
12065,965200000,965280000,5303,1714
12066,965280000,965360000,5846,2071
12067,965360000,965440000,6203,1756
12068,965440000,965520000,10919,3118
12069,965520000,965600000,5178,1801
12070,965600000,965680000,5625,2017
12071,965680000,965760000,9488,2829
12072,965760000,965840000,6977,1919
12073,965840000,965920000,5590,2151
12074,965920000,966000000,6423,1933
12075,966000000,966080000,9692,2877
12076,966080000,966160000,5060,1730
12077,966160000,966240000,5539,2134
12078,966240000,966320000,7118,2155
12079,966320000,966400000,9743,2762
12080,966400000,966480000,4693,1783
12081,966480000,966560000,5778,1978
12082,966560000,966640000,10587,3049
12083,966640000,966720000,5900,1858
12084,966720000,966800000,5649,2107
12085,966800000,966880000,6091,1811
12086,966880000,966960000,10156,2969
12087,966960000,967040000,4866,1737
12088,967040000,967120000,5800,2118
12089,967120000,967200000,8049,2467
12090,967200000,967280000,8429,2333
12091,967280000,967360000,5174,1886
12092,967360000,967440000,6432,2069
12093,967440000,967520000,10741,3021
12094,967520000,967600000,5521,1822
12095,967600000,967680000,5600,2116
12096,967680000,967760000,6185,1755
12097,967760000,967840000,10450,3035
12098,967840000,967920000,5047,1803
12099,967920000,968000000,5460,1986
12100,968000000,968080000,9363,2811
12101,968080000,968160000,6854,1915
12102,968160000,968240000,5585,2151
12103,968240000,968320000,6580,1933
12104,968320000,968400000,9925,2851
12105,968400000,968480000,5113,1749
12106,968480000,968560000,5836,2132
12107,968560000,968640000,7206,2149
12108,968640000,968720000,9993,2751
12109,968720000,968800000,5003,1764
12110,968800000,968880000,5925,1982
12111,968880000,968960000,10823,3046
12112,968960000,969040000,6099,1854
12113,969040000,969120000,5605,2106
12114,969120000,969200000,6027,1809
12115,969200000,969280000,10462,2966
12116,969280000,969360000,5107,1741
12117,969360000,969440000,5723,2114
12118,969440000,969520000,7044,2314
12119,969520000,969600000,7942,2650
12120,969600000,969680000,6083,2008
12121,969680000,969760000,10084,3637
12122,969760000,969840000,7392,1926
12123,969840000,969920000,5783,2160
12124,969920000,970000000,6557,1939
12125,970000000,970080000,10344,2875
12126,970080000,970160000,5267,1720
12127,970160000,970240000,5705,2124
12128,970240000,970320000,7301,2159
12129,970320000,970400000,10047,2766
12130,970400000,970480000,4804,1783
12131,970480000,970560000,5895,1981
12132,970560000,970640000,10862,3052
12133,970640000,970720000,6044,1852
12134,970720000,970800000,5378,1967
12135,970800000,970880000,5897,1765
12136,970880000,970960000,10240,2973
12137,970960000,971040000,4997,1724
12138,971040000,971120000,5793,2059
12139,971120000,971200000,8073,2471
12140,971200000,971280000,8383,2316
12141,971280000,971360000,4983,1761
12142,971360000,971440000,6528,2073
12143,971440000,971520000,10640,3034
12144,971520000,971600000,5543,1795
12145,971600000,971680000,5635,2112
12146,971680000,971760000,6035,1749
12147,971760000,971840000,10400,3104
12148,971840000,971920000,5117,1826
12149,971920000,972000000,5613,2014
12150,972000000,972080000,9261,2819
12151,972080000,972160000,6964,1913
12152,972160000,972240000,5357,2160
12153,972240000,972320000,6383,1935
12154,972320000,972400000,10148,2846
12155,972400000,972480000,5279,1751
12156,972480000,972560000,5510,2130
12157,972560000,972640000,7245,2157
12158,972640000,972720000,9607,2685
12159,972720000,972800000,4616,1756
12160,972800000,972880000,5901,1942
12161,972880000,972960000,10630,3033
12162,972960000,973040000,5881,1857
12163,973040000,973120000,5623,2112
12164,973120000,973200000,6042,1815
12165,973200000,973280000,10300,2976
12166,973280000,973360000,5210,1733
12167,973360000,973440000,5881,2114
12168,973440000,973520000,8174,2461
12169,973520000,973600000,8463,2333
12170,973600000,973680000,5053,1882
12171,973680000,973760000,6349,2073
12172,973760000,973840000,10580,3004
12173,973840000,973920000,5524,1822
12174,973920000,974000000,5453,2119
12175,974000000,974080000,6059,1747
12176,974080000,974160000,10532,3093
12177,974160000,974240000,4933,1833
12178,974240000,974320000,5978,2014
12179,974320000,974400000,6734,2254
12180,974400000,974480000,8121,2652
12181,974480000,974560000,6532,2168
12182,974560000,974640000,10835,3582
12183,974640000,974720000,6268,1863
12184,974720000,974800000,5617,2107
12185,974800000,974880000,6098,1819
12186,974880000,974960000,10583,2982
12187,974960000,975040000,5180,1737
12188,975040000,975120000,5564,2118
12189,975120000,975200000,8356,2474
12190,975200000,975280000,8624,2341
12191,975280000,975360000,5087,1882
12192,975360000,975440000,6609,2069
12193,975440000,975520000,10780,3043
12194,975520000,975600000,5304,1817
12195,975600000,975680000,5805,2117
12196,975680000,975760000,6065,1756
12197,975760000,975840000,10541,3119
12198,975840000,975920000,5279,1834
12199,975920000,976000000,5718,2021
12200,976000000,976080000,9350,2828
12201,976080000,976160000,7208,1919
12202,976160000,976240000,5614,2151
12203,976240000,976320000,6483,1933
12204,976320000,976400000,10045,2863
12205,976400000,976480000,5286,1749
12206,976480000,976560000,5705,2132
12207,976560000,976640000,7189,2155
12208,976640000,976720000,9712,2747
12209,976720000,976800000,4602,1727
12210,976800000,976880000,5539,1844
12211,976880000,976960000,10601,3026
12212,976960000,977040000,6030,1858
12213,977040000,977120000,5591,2038
12214,977120000,977200000,6126,1809
12215,977200000,977280000,10474,2965
12216,977280000,977360000,4871,1605
12217,977360000,977440000,5980,2108
12218,977440000,977520000,8290,2466
12219,977520000,977600000,8386,2274
12220,977600000,977680000,5023,1831
12221,977680000,977760000,6179,2034
12222,977760000,977840000,10576,3007
12223,977840000,977920000,5588,1820
12224,977920000,978000000,5643,2112
12225,978000000,978080000,6028,1748
12226,978080000,978160000,10479,3101
12227,978160000,978240000,4870,1831
12228,978240000,978320000,5591,2021
12229,978320000,978400000,9480,2814
12230,978400000,978480000,7186,1908
12231,978480000,978560000,5409,2159
12232,978560000,978640000,6475,1933
12233,978640000,978720000,9993,2851
12234,978720000,978800000,5097,1749
12235,978800000,978880000,5752,2127
12236,978880000,978960000,7238,2150
12237,978960000,979040000,9661,2751
12238,979040000,979120000,4695,1787
12239,979120000,979200000,5906,1982
12240,979200000,979280000,7238,2471
12241,979280000,979360000,8289,2566
12242,979360000,979440000,6522,2277
12243,979440000,979520000,11144,3497
12244,979520000,979600000,5591,1827
12245,979600000,979680000,5529,2118
12246,979680000,979760000,6139,1754
12247,979760000,979840000,10887,3115
12248,979840000,979920000,4981,1830
12249,979920000,980000000,5856,2014
12250,980000000,980080000,9693,2830
12251,980080000,980160000,7136,1919
12252,980160000,980240000,5559,2160
12253,980240000,980320000,6539,1935
12254,980320000,980400000,10056,2868
12255,980400000,980480000,5393,1743
12256,980480000,980560000,5910,2130
12257,980560000,980640000,7079,2159
12258,980640000,980720000,9699,2773
12259,980720000,980800000,4764,1784
12260,980800000,980880000,5765,1981
12261,980880000,980960000,10508,3049
12262,980960000,981040000,6154,1858
12263,981040000,981120000,5544,2112
12264,981120000,981200000,6038,1817
12265,981200000,981280000,10422,2974
12266,981280000,981360000,4933,1733
12267,981360000,981440000,6027,2110
12268,981440000,981520000,8129,2468
12269,981520000,981600000,8210,2337
12270,981600000,981680000,4951,1882
12271,981680000,981760000,6368,2073
12272,981760000,981840000,10580,3011
12273,981840000,981920000,5780,1822
12274,981920000,982000000,5757,2119
12275,982000000,982080000,6157,1747
12276,982080000,982160000,10854,3101
12277,982160000,982240000,5092,1833
12278,982240000,982320000,5728,2014
12279,982320000,982400000,9485,2795
12280,982400000,982480000,7104,1857
12281,982480000,982560000,5503,2135
12282,982560000,982640000,6417,1906
12283,982640000,982720000,10072,2840
12284,982720000,982800000,5262,1747
12285,982800000,982880000,5330,1954
12286,982880000,982960000,7089,2140
12287,982960000,983040000,9732,2739
12288,983040000,983120000,4722,1731
12289,983120000,983200000,5938,1957
12290,983200000,983280000,10734,3036
12291,983280000,983360000,6017,1788
12292,983360000,983440000,5704,2027
12293,983440000,983520000,6183,1817
12294,983520000,983600000,10401,2966
12295,983600000,983680000,5147,1707
12296,983680000,983760000,5583,2114
12297,983760000,983840000,8192,2461
12298,983840000,983920000,8370,2331
12299,983920000,984000000,5087,1882
12300,984000000,984080000,6329,2067
12301,984080000,984160000,6645,2356
12302,984160000,984240000,8573,2673
12303,984240000,984320000,6934,2351
12304,984320000,984400000,10947,3326
12305,984400000,984480000,5104,1621
12306,984480000,984560000,5978,2115
12307,984560000,984640000,7331,2160
12308,984640000,984720000,10113,2764
12309,984720000,984800000,4839,1752
12310,984800000,984880000,5760,1978
12311,984880000,984960000,10967,3057
12312,984960000,985040000,6232,1859
12313,985040000,985120000,5659,2106
12314,985120000,985200000,6087,1811
12315,985200000,985280000,10410,2982
12316,985280000,985360000,4986,1737
12317,985360000,985440000,5629,2118
12318,985440000,985520000,8010,2478
12319,985520000,985600000,8472,2351
12320,985600000,985680000,4872,1886
12321,985680000,985760000,6260,2069
12322,985760000,985840000,10654,3024
12323,985840000,985920000,5536,1821
12324,985920000,986000000,5812,2115
12325,986000000,986080000,6114,1753
12326,986080000,986160000,10698,3110
12327,986160000,986240000,4920,1831
12328,986240000,986320000,5804,2021
12329,986320000,986400000,9348,2822
12330,986400000,986480000,7004,1907
12331,986480000,986560000,5716,2155
12332,986560000,986640000,6488,1933
12333,986640000,986720000,9970,2852
12334,986720000,986800000,5318,1749
12335,986800000,986880000,5596,2132
12336,986880000,986960000,7258,2149
12337,986960000,987040000,9802,2753
12338,987040000,987120000,4828,1787
12339,987120000,987200000,5727,1982
12340,987200000,987280000,10863,3011
12341,987280000,987360000,5908,1800
12342,987360000,987440000,5699,2084
12343,987440000,987520000,6125,1793
12344,987520000,987600000,10346,2970
12345,987600000,987680000,4858,1741
12346,987680000,987760000,5860,2114
12347,987760000,987840000,8073,2466
12348,987840000,987920000,8624,2339
12349,987920000,988000000,5219,1886
12350,988000000,988080000,6377,2073
12351,988080000,988160000,10893,3015
12352,988160000,988240000,5706,1823
12353,988240000,988320000,5731,2114
12354,988320000,988400000,6149,1752
12355,988400000,988480000,10754,3091
12356,988480000,988560000,4977,1830
12357,988560000,988640000,5678,2018
12358,988640000,988720000,9480,2811
12359,988720000,988800000,7091,1901
12360,988800000,988880000,5274,2018
12361,988880000,988960000,6495,1942
12362,988960000,989040000,6176,2199
12363,989040000,989120000,7777,2559
12364,989120000,989200000,6853,2561
12365,989200000,989280000,10669,3195
12366,989280000,989360000,5234,1739
12367,989360000,989440000,5786,2110
12368,989440000,989520000,8327,2476
12369,989520000,989600000,8766,2343
12370,989600000,989680000,5023,1882
12371,989680000,989760000,6390,2073
12372,989760000,989840000,11220,3034
12373,989840000,989920000,5649,1823
12374,989920000,990000000,5394,1951
12375,990000000,990080000,6061,1727
12376,990080000,990160000,10868,3096
12377,990160000,990240000,4919,1763
12378,990240000,990320000,5853,1986
12379,990320000,990400000,9183,2835
12380,990400000,990480000,7082,1877
12381,990480000,990560000,5520,2050
12382,990560000,990640000,6485,1935
12383,990640000,990720000,10066,2865
12384,990720000,990800000,5483,1719
12385,990800000,990880000,5641,2128
12386,990880000,990960000,7117,2159
12387,990960000,991040000,9799,2760
12388,991040000,991120000,4897,1779
12389,991120000,991200000,5807,1977
12390,991200000,991280000,10543,3047
12391,991280000,991360000,5903,1852
12392,991360000,991440000,5415,2112
12393,991440000,991520000,5945,1817
12394,991520000,991600000,10494,2975
12395,991600000,991680000,4965,1737
12396,991680000,991760000,5540,2114
12397,991760000,991840000,8208,2461
12398,991840000,991920000,8545,2337
12399,991920000,992000000,4967,1882
12400,992000000,992080000,6469,2069
12401,992080000,992160000,10841,2990
12402,992160000,992240000,5345,1768
12403,992240000,992320000,5649,2091
12404,992320000,992400000,6068,1739
12405,992400000,992480000,10679,3093
12406,992480000,992560000,5136,1830
12407,992560000,992640000,5837,2017
12408,992640000,992720000,9295,2819
12409,992720000,992800000,7105,1910
12410,992800000,992880000,5477,2133
12411,992880000,992960000,6365,1935
12412,992960000,993040000,10078,2844
12413,993040000,993120000,5444,1750
12414,993120000,993200000,5537,2136
12415,993200000,993280000,7191,2156
12416,993280000,993360000,9810,2748
12417,993360000,993440000,4714,1783
12418,993440000,993520000,6056,1977
12419,993520000,993600000,10733,3040
12420,993600000,993680000,5869,1857
12421,993680000,993760000,5667,2107
12422,993760000,993840000,6922,2261
12423,993840000,993920000,5955,2189
12424,993920000,994000000,6903,2326
12425,994000000,994080000,7210,2690
12426,994080000,994160000,10417,3123
12427,994160000,994240000,5073,1811
12428,994240000,994320000,5631,2025
12429,994320000,994400000,9501,2830
12430,994400000,994480000,6979,1917
12431,994480000,994560000,5631,2151
12432,994560000,994640000,6650,1933
12433,994640000,994720000,10098,2871
12434,994720000,994800000,5050,1749
12435,994800000,994880000,5877,2132
12436,994880000,994960000,7258,2155
12437,994960000,995040000,9394,2766
12438,995040000,995120000,5022,1786
12439,995120000,995200000,5900,1982
12440,995200000,995280000,10267,3059
12441,995280000,995360000,6142,1863
12442,995360000,995440000,5643,2106
12443,995440000,995520000,5987,1811
12444,995520000,995600000,10612,2987
12445,995600000,995680000,5099,1741
12446,995680000,995760000,5791,2114
12447,995760000,995840000,8136,2474
12448,995840000,995920000,8757,2337
12449,995920000,996000000,4847,1792
12450,996000000,996080000,6147,1970
12451,996080000,996160000,10782,3019
12452,996160000,996240000,5437,1816
12453,996240000,996320000,5668,2045
12454,996320000,996400000,6036,1750
12455,996400000,996480000,10755,3076
12456,996480000,996560000,4856,1703
12457,996560000,996640000,5900,2018
12458,996640000,996720000,9513,2815
12459,996720000,996800000,7259,1904
12460,996800000,996880000,5539,2111
12461,996880000,996960000,6391,1933
12462,996960000,997040000,10132,2818
12463,997040000,997120000,5371,1697
12464,997120000,997200000,5558,2096
12465,997200000,997280000,7190,2145
12466,997280000,997360000,9700,2755
12467,997360000,997440000,4634,1787
12468,997440000,997520000,5744,1982
12469,997520000,997600000,10619,3041
12470,997600000,997680000,6109,1862
12471,997680000,997760000,5420,2107
12472,997760000,997840000,5989,1809
12473,997840000,997920000,10619,2968
12474,997920000,998000000,5026,1741
12475,998000000,998080000,5910,2110
12476,998080000,998160000,8259,2468
12477,998160000,998240000,8531,2335
12478,998240000,998320000,4931,1886
12479,998320000,998400000,6354,2073
12480,998400000,998480000,10817,3016
12481,998480000,998560000,5622,1822
12482,998560000,998640000,5868,2118
12483,998640000,998720000,7096,2310
12484,998720000,998800000,6860,2440
12485,998800000,998880000,6378,2126
12486,998880000,998960000,7656,2890
12487,998960000,999040000,9607,2783
12488,999040000,999120000,4739,1784
12489,999120000,999200000,6042,1981
12490,999200000,999280000,10790,3057
12491,999280000,999360000,5943,1854
12492,999360000,999440000,5668,2112
12493,999440000,999520000,6114,1817
12494,999520000,999600000,10506,2990
12495,999600000,999680000,5189,1737
12496,999680000,999760000,5937,2114
12497,999760000,999840000,8217,2471
12498,999840000,999920000,8212,2345
12499,999920000,1000000000,5015,1882
12500,1000000000,1000080000,6304,2073
12501,1000080000,1000160000,10231,3042
12502,1000160000,1000240000,5539,1826
12503,1000240000,1000320000,5499,2120
12504,1000320000,1000400000,6028,1752
12505,1000400000,1000480000,10399,3109
12506,1000480000,1000560000,5023,1829
12507,1000560000,1000640000,6035,2014
12508,1000640000,1000720000,9277,2826
12509,1000720000,1000800000,6767,1911
12510,1000800000,1000880000,5608,2156
12511,1000880000,1000960000,6469,1935
12512,1000960000,1001040000,9542,2855
12513,1001040000,1001120000,5391,1746
12514,1001120000,1001200000,5719,2136
12515,1001200000,1001280000,7060,2154
12516,1001280000,1001360000,9765,2755
12517,1001360000,1001440000,4816,1783
12518,1001440000,1001520000,5834,1977
12519,1001520000,1001600000,10863,3040
12520,1001600000,1001680000,6280,1863
12521,1001680000,1001760000,5626,2107
12522,1001760000,1001840000,6098,1817
12523,1001840000,1001920000,10725,2911
12524,1001920000,1002000000,5000,1681
12525,1002000000,1002080000,5306,1908
12526,1002080000,1002160000,8182,2453
12527,1002160000,1002240000,8571,2322
12528,1002240000,1002320000,4932,1816
12529,1002320000,1002400000,6429,2063
12530,1002400000,1002480000,10759,3021
12531,1002480000,1002560000,5360,1717
12532,1002560000,1002640000,5809,2071
12533,1002640000,1002720000,6107,1747
12534,1002720000,1002800000,10964,3091
12535,1002800000,1002880000,5142,1804
12536,1002880000,1002960000,5665,2017
12537,1002960000,1003040000,9454,2819
12538,1003040000,1003120000,7076,1906
12539,1003120000,1003200000,5579,2155
12540,1003200000,1003280000,6400,1932
12541,1003280000,1003360000,10018,2844
12542,1003360000,1003440000,5174,1750
12543,1003440000,1003520000,5538,2136
12544,1003520000,1003600000,7274,2385
12545,1003600000,1003680000,7655,2656
12546,1003680000,1003760000,5637,1861
12547,1003760000,1003840000,8807,3242
12548,1003840000,1003920000,8590,2338
12549,1003920000,1004000000,5105,1856
12550,1004000000,1004080000,6335,2073
12551,1004080000,1004160000,10787,3042
12552,1004160000,1004240000,5599,1816
12553,1004240000,1004320000,5670,2113
12554,1004320000,1004400000,6136,1753
12555,1004400000,1004480000,10694,3116
12556,1004480000,1004560000,4954,1831
12557,1004560000,1004640000,5629,2021
12558,1004640000,1004720000,9444,2828
12559,1004720000,1004800000,6880,1912
12560,1004800000,1004880000,5392,2155
12561,1004880000,1004960000,6371,1933
12562,1004960000,1005040000,9569,2873
12563,1005040000,1005120000,5081,1753
12564,1005120000,1005200000,5800,2127
12565,1005200000,1005280000,7121,2156
12566,1005280000,1005360000,9587,2764
12567,1005360000,1005440000,4780,1787
12568,1005440000,1005520000,5975,1982
12569,1005520000,1005600000,10520,3052
12570,1005600000,1005680000,6002,1863
12571,1005680000,1005760000,5850,2107
12572,1005760000,1005840000,6073,1811
12573,1005840000,1005920000,9978,2965
12574,1005920000,1006000000,5047,1737
12575,1006000000,1006080000,5598,2113
12576,1006080000,1006160000,8029,2467
12577,1006160000,1006240000,8190,2333
12578,1006240000,1006320000,5008,1886
12579,1006320000,1006400000,6233,2073
12580,1006400000,1006480000,10747,3023
12581,1006480000,1006560000,5390,1821
12582,1006560000,1006640000,5927,2114
12583,1006640000,1006720000,6195,1752
12584,1006720000,1006800000,10376,3031
12585,1006800000,1006880000,4884,1802
12586,1006880000,1006960000,5734,1983
12587,1006960000,1007040000,9329,2812
12588,1007040000,1007120000,6781,1912
12589,1007120000,1007200000,5744,2160
12590,1007200000,1007280000,6443,1936
12591,1007280000,1007360000,9880,2853
12592,1007360000,1007440000,5360,1746
12593,1007440000,1007520000,5676,2126
12594,1007520000,1007600000,7207,2150
12595,1007600000,1007680000,10075,2753
12596,1007680000,1007760000,4817,1784
12597,1007760000,1007840000,5925,1981
12598,1007840000,1007920000,10926,3041
12599,1007920000,1008000000,6168,1855
12600,1008000000,1008080000,5333,1970
12601,1008080000,1008160000,5913,1760
12602,1008160000,1008240000,10667,2951
12603,1008240000,1008320000,4973,1724
12604,1008320000,1008400000,5792,2059
12605,1008400000,1008480000,6967,2315
12606,1008480000,1008560000,7873,2654
12607,1008560000,1008640000,5995,2008
12608,1008640000,1008720000,9979,3635
12609,1008720000,1008800000,7154,1919
12610,1008800000,1008880000,5606,2156
12611,1008880000,1008960000,6529,1939
12612,1008960000,1009040000,10264,2861
12613,1009040000,1009120000,5249,1743
12614,1009120000,1009200000,5372,1954
12615,1009200000,1009280000,7237,2146
12616,1009280000,1009360000,9941,2749
12617,1009360000,1009440000,4753,1735
12618,1009440000,1009520000,5987,1957
12619,1009520000,1009600000,10681,3055
12620,1009600000,1009680000,5779,1790
12621,1009680000,1009760000,5698,2028
12622,1009760000,1009840000,6070,1817
12623,1009840000,1009920000,10121,2982
12624,1009920000,1010000000,5171,1711
12625,1010000000,1010080000,5610,2113
12626,1010080000,1010160000,8034,2471
12627,1010160000,1010240000,8322,2346
12628,1010240000,1010320000,5139,1878
12629,1010320000,1010400000,6346,2069
12630,1010400000,1010480000,10528,3036
12631,1010480000,1010560000,5361,1821
12632,1010560000,1010640000,5514,2121
12633,1010640000,1010720000,6051,1752
12634,1010720000,1010800000,10334,3098
12635,1010800000,1010880000,4849,1827
12636,1010880000,1010960000,5535,2017
12637,1010960000,1011040000,9212,2820
12638,1011040000,1011120000,6832,1912
12639,1011120000,1011200000,5537,2155
12640,1011200000,1011280000,6510,1932
12641,1011280000,1011360000,9941,2848
12642,1011360000,1011440000,5219,1750
12643,1011440000,1011520000,5813,2136
12644,1011520000,1011600000,7240,2156
12645,1011600000,1011680000,9561,2693
12646,1011680000,1011760000,4895,1759
12647,1011760000,1011840000,5882,1943
12648,1011840000,1011920000,10538,3034
12649,1011920000,1012000000,5907,1862
12650,1012000000,1012080000,5565,2108
12651,1012080000,1012160000,5962,1815
12652,1012160000,1012240000,10151,2976
12653,1012240000,1012320000,5128,1737
12654,1012320000,1012400000,5525,2118
12655,1012400000,1012480000,8123,2461
12656,1012480000,1012560000,8408,2319
12657,1012560000,1012640000,5089,1882
12658,1012640000,1012720000,6604,2068
12659,1012720000,1012800000,10622,3019
12660,1012800000,1012880000,5182,1799
12661,1012880000,1012960000,5731,2113
12662,1012960000,1013040000,6081,1747
12663,1013040000,1013120000,10417,3093
12664,1013120000,1013200000,5259,1834
12665,1013200000,1013280000,5728,2021
12666,1013280000,1013360000,6650,2255
12667,1013360000,1013440000,7995,2652
12668,1013440000,1013520000,6294,2168
12669,1013520000,1013600000,10758,3579
12670,1013600000,1013680000,6024,1861
12671,1013680000,1013760000,5800,2106
12672,1013760000,1013840000,6229,1816
12673,1013840000,1013920000,10452,2974
12674,1013920000,1014000000,4950,1737
12675,1014000000,1014080000,5891,2113
12676,1014080000,1014160000,8326,2474
12677,1014160000,1014240000,8444,2347
12678,1014240000,1014320000,5316,1886
12679,1014320000,1014400000,6403,2073
12680,1014400000,1014480000,10600,3041
12681,1014480000,1014560000,5529,1816
12682,1014560000,1014640000,5724,2113
12683,1014640000,1014720000,6012,1753
12684,1014720000,1014800000,10371,3115
12685,1014800000,1014880000,4993,1833
12686,1014880000,1014960000,5718,2018
12687,1014960000,1015040000,9302,2827
12688,1015040000,1015120000,7175,1910
12689,1015120000,1015200000,5388,2037
12690,1015200000,1015280000,6333,1862
12691,1015280000,1015360000,9964,2850
12692,1015360000,1015440000,5214,1746
12693,1015440000,1015520000,5733,2058
12694,1015520000,1015600000,7181,2156
12695,1015600000,1015680000,9423,2738
12696,1015680000,1015760000,4578,1659
12697,1015760000,1015840000,5993,1981
12698,1015840000,1015920000,10525,3044
12699,1015920000,1016000000,6074,1839
12700,1016000000,1016080000,5625,2102
12701,1016080000,1016160000,5999,1809
12702,1016160000,1016240000,10368,2974
12703,1016240000,1016320000,5215,1741
12704,1016320000,1016400000,5689,2110
12705,1016400000,1016480000,8251,2466
12706,1016480000,1016560000,8206,2276
12707,1016560000,1016640000,4790,1861
12708,1016640000,1016720000,6202,2038
12709,1016720000,1016800000,10597,3018
12710,1016800000,1016880000,5293,1797
12711,1016880000,1016960000,5455,2114
12712,1016960000,1017040000,6009,1748
12713,1017040000,1017120000,10348,3097
12714,1017120000,1017200000,4909,1830
12715,1017200000,1017280000,5820,2014
12716,1017280000,1017360000,9458,2815
12717,1017360000,1017440000,6996,1909
12718,1017440000,1017520000,5615,2160
12719,1017520000,1017600000,6539,1936
12720,1017600000,1017680000,9916,2857
12721,1017680000,1017760000,5306,1750
12722,1017760000,1017840000,5823,2130
12723,1017840000,1017920000,7205,2150
12724,1017920000,1018000000,9529,2757
12725,1018000000,1018080000,4766,1784
12726,1018080000,1018160000,5766,1981
12727,1018160000,1018240000,7136,2472
12728,1018240000,1018320000,8158,2566
12729,1018320000,1018400000,6439,2277
12730,1018400000,1018480000,10991,3494
12731,1018480000,1018560000,5575,1826
12732,1018560000,1018640000,5790,2120
12733,1018640000,1018720000,6176,1757
12734,1018720000,1018800000,10886,3107
12735,1018800000,1018880000,5171,1827
12736,1018880000,1018960000,5885,2017
12737,1018960000,1019040000,9625,2829
12738,1019040000,1019120000,7087,1914
12739,1019120000,1019200000,5609,2156
12740,1019200000,1019280000,6450,1935
12741,1019280000,1019360000,9822,2864
12742,1019360000,1019440000,5362,1746
12743,1019440000,1019520000,5516,2136
12744,1019520000,1019600000,7038,2158
12745,1019600000,1019680000,9542,2773
12746,1019680000,1019760000,4736,1784
12747,1019760000,1019840000,6089,1977
12748,1019840000,1019920000,10509,3052
12749,1019920000,1020000000,5940,1863
12750,1020000000,1020080000,5719,2108
12751,1020080000,1020160000,6086,1817
12752,1020160000,1020240000,10233,2984
12753,1020240000,1020320000,5303,1737
12754,1020320000,1020400000,5777,2118
12755,1020400000,1020480000,8081,2468
12756,1020480000,1020560000,8153,2339
12757,1020560000,1020640000,5002,1878
12758,1020640000,1020720000,6294,2069
12759,1020720000,1020800000,10505,3024
12760,1020800000,1020880000,5451,1799
12761,1020880000,1020960000,5641,2113
12762,1020960000,1021040000,6144,1747
12763,1021040000,1021120000,10800,3091
12764,1021120000,1021200000,4980,1792
12765,1021200000,1021280000,5438,1870
12766,1021280000,1021360000,9441,2786
12767,1021360000,1021440000,7018,1853
12768,1021440000,1021520000,5486,2066
12769,1021520000,1021600000,6471,1903
12770,1021600000,1021680000,9910,2854
12771,1021680000,1021760000,4924,1618
12772,1021760000,1021840000,5908,2115
12773,1021840000,1021920000,7101,2152
12774,1021920000,1022000000,9717,2762
12775,1022000000,1022080000,4801,1752
12776,1022080000,1022160000,5726,1978
12777,1022160000,1022240000,10651,3038
12778,1022240000,1022320000,6118,1857
12779,1022320000,1022400000,5648,2106
12780,1022400000,1022480000,6078,1814
12781,1022480000,1022560000,10250,2968
12782,1022560000,1022640000,4901,1737
12783,1022640000,1022720000,5553,2118
12784,1022720000,1022800000,8174,2461
12785,1022800000,1022880000,8250,2329
12786,1022880000,1022960000,4827,1886
12787,1022960000,1023040000,6269,2067
12788,1023040000,1023120000,6574,2357
12789,1023120000,1023200000,8401,2673
12790,1023200000,1023280000,6801,2361
12791,1023280000,1023360000,10677,3323
12792,1023360000,1023440000,5533,1754
12793,1023440000,1023520000,5668,2126
12794,1023520000,1023600000,7298,2161
12795,1023600000,1023680000,9815,2762
12796,1023680000,1023760000,4655,1786
12797,1023760000,1023840000,5771,1982
12798,1023840000,1023920000,10985,3056
12799,1023920000,1024000000,6019,1864
12800,1024000000,1024080000,5491,2110
12801,1024080000,1024160000,6043,1811
12802,1024160000,1024240000,10323,2986
12803,1024240000,1024320000,4883,1737
12804,1024320000,1024400000,5894,2110
12805,1024400000,1024480000,7989,2478
12806,1024480000,1024560000,8383,2353
12807,1024560000,1024640000,4952,1886
12808,1024640000,1024720000,6385,2073
12809,1024720000,1024800000,10615,3035
12810,1024800000,1024880000,5592,1797
12811,1024880000,1024960000,5916,2114
12812,1024960000,1025040000,6102,1753
12813,1025040000,1025120000,10599,3106
12814,1025120000,1025200000,5054,1830
12815,1025200000,1025280000,5631,2018
12816,1025280000,1025360000,9321,2823
12817,1025360000,1025440000,6824,1906
12818,1025440000,1025520000,5450,2160
12819,1025520000,1025600000,6346,1936
12820,1025600000,1025680000,9907,2852
12821,1025680000,1025760000,5103,1750
12822,1025760000,1025840000,5956,2126
12823,1025840000,1025920000,7262,2150
12824,1025920000,1026000000,9703,2763
12825,1026000000,1026080000,4775,1784
12826,1026080000,1026160000,5960,1981
12827,1026160000,1026240000,10675,3014
12828,1026240000,1026320000,6066,1807
12829,1026320000,1026400000,5721,2089
12830,1026400000,1026480000,6037,1796
12831,1026480000,1026560000,10192,2972
12832,1026560000,1026640000,5107,1737
12833,1026640000,1026720000,5710,2110
12834,1026720000,1026800000,8046,2466
12835,1026800000,1026880000,8371,2333
12836,1026880000,1026960000,4988,1882
12837,1026960000,1027040000,6363,2073
12838,1027040000,1027120000,10895,3008
12839,1027120000,1027200000,5607,1822
12840,1027200000,1027280000,5411,1951
12841,1027280000,1027360000,6087,1730
12842,1027360000,1027440000,10653,3076
12843,1027440000,1027520000,4923,1790
12844,1027520000,1027600000,5770,1986
12845,1027600000,1027680000,9465,2814
12846,1027680000,1027760000,6815,1869
12847,1027760000,1027840000,5509,2050
12848,1027840000,1027920000,6730,2016
12849,1027920000,1028000000,6114,2200
12850,1028000000,1028080000,7807,2557
12851,1028080000,1028160000,6947,2561
12852,1028160000,1028240000,10794,3196
12853,1028240000,1028320000,5053,1726
12854,1028320000,1028400000,5462,1944
12855,1028400000,1028480000,8290,2470
12856,1028480000,1028560000,8694,2326
12857,1028560000,1028640000,5002,1816
12858,1028640000,1028720000,6473,2063
12859,1028720000,1028800000,11054,3033
12860,1028800000,1028880000,5364,1718
12861,1028880000,1028960000,5844,2070
12862,1028960000,1029040000,6175,1752
12863,1029040000,1029120000,10760,3105
12864,1029120000,1029200000,5138,1797
12865,1029200000,1029280000,5629,2017
12866,1029280000,1029360000,9169,2836
12867,1029360000,1029440000,7102,1921
12868,1029440000,1029520000,5612,2155
12869,1029520000,1029600000,6378,1932
12870,1029600000,1029680000,9928,2867
12871,1029680000,1029760000,5212,1750
12872,1029760000,1029840000,5605,2136
12873,1029840000,1029920000,7114,2158
12874,1029920000,1030000000,9749,2768
12875,1030000000,1030080000,4688,1782
12876,1030080000,1030160000,5733,1978
12877,1030160000,1030240000,10532,3050
12878,1030240000,1030320000,5779,1859
12879,1030320000,1030400000,5617,2107
12880,1030400000,1030480000,6042,1814
12881,1030480000,1030560000,10363,2977
12882,1030560000,1030640000,4962,1737
12883,1030640000,1030720000,5817,2118
12884,1030720000,1030800000,8215,2461
12885,1030800000,1030880000,8541,2335
12886,1030880000,1030960000,5216,1886
12887,1030960000,1031040000,6452,2069
12888,1031040000,1031120000,10757,2987
12889,1031120000,1031200000,5470,1767
12890,1031200000,1031280000,5518,2087
12891,1031280000,1031360000,6046,1739
12892,1031360000,1031440000,10477,3093
12893,1031440000,1031520000,5045,1834
12894,1031520000,1031600000,5538,2021
12895,1031600000,1031680000,9272,2820
12896,1031680000,1031760000,7020,1911
12897,1031760000,1031840000,5626,2151
12898,1031840000,1031920000,6575,1932
12899,1031920000,1032000000,10037,2852
12900,1032000000,1032080000,5185,1750
12901,1032080000,1032160000,5892,2132
12902,1032160000,1032240000,7208,2156
12903,1032240000,1032320000,9638,2756
12904,1032320000,1032400000,5007,1786
12905,1032400000,1032480000,5815,1982
12906,1032480000,1032560000,10639,3028
12907,1032560000,1032640000,5941,1857
12908,1032640000,1032720000,5632,2106
12909,1032720000,1032800000,6922,2257
12910,1032800000,1032880000,6180,2188
12911,1032880000,1032960000,7006,2326
12912,1032960000,1033040000,7402,2690
12913,1033040000,1033120000,10628,3124
12914,1033120000,1033200000,5004,1833
12915,1033200000,1033280000,5894,2022
12916,1033280000,1033360000,9553,2831
12917,1033360000,1033440000,7078,1914
12918,1033440000,1033520000,5785,2160
12919,1033520000,1033600000,6521,1936
12920,1033600000,1033680000,10164,2873
12921,1033680000,1033760000,5310,1750
12922,1033760000,1033840000,5724,2126
12923,1033840000,1033920000,7274,2156
12924,1033920000,1034000000,9452,2760
12925,1034000000,1034080000,4768,1783
12926,1034080000,1034160000,5903,1980
12927,1034160000,1034240000,10349,3054
12928,1034240000,1034320000,6068,1866
12929,1034320000,1034400000,5359,1970
12930,1034400000,1034480000,5901,1762
12931,1034480000,1034560000,10539,2974
12932,1034560000,1034640000,5085,1720
12933,1034640000,1034720000,5849,2059
12934,1034720000,1034800000,8144,2474
12935,1034800000,1034880000,8498,2309
12936,1034880000,1034960000,4932,1761
12937,1034960000,1035040000,6488,2073
12938,1035040000,1035120000,10673,3029
12939,1035120000,1035200000,5510,1790
12940,1035200000,1035280000,5593,2112
12941,1035280000,1035360000,5995,1750
12942,1035360000,1035440000,10680,3100
12943,1035440000,1035520000,5112,1830
12944,1035520000,1035600000,5650,2014
12945,1035600000,1035680000,9499,2816
12946,1035680000,1035760000,7047,1914
12947,1035760000,1035840000,5392,2160
12948,1035840000,1035920000,6431,1936
12949,1035920000,1036000000,10124,2826
12950,1036000000,1036080000,5154,1697
12951,1036080000,1036160000,5409,2100
12952,1036160000,1036240000,7189,2145
12953,1036240000,1036320000,9549,2763
12954,1036320000,1036400000,4692,1784
12955,1036400000,1036480000,5953,1977
12956,1036480000,1036560000,10530,3029
12957,1036560000,1036640000,6026,1862
12958,1036640000,1036720000,5618,2112
12959,1036720000,1036800000,6063,1811
12960,1036800000,1036880000,10555,2966
12961,1036880000,1036960000,5227,1741
12962,1036960000,1037040000,5949,2114
12963,1037040000,1037120000,8248,2468
12964,1037120000,1037200000,8445,2333
12965,1037200000,1037280000,5003,1882
12966,1037280000,1037360000,6252,2073
12967,1037360000,1037440000,10662,3016
12968,1037440000,1037520000,5556,1821
12969,1037520000,1037600000,5476,2120
12970,1037600000,1037680000,7142,2312
12971,1037680000,1037760000,7106,2440
12972,1037760000,1037840000,6553,2126
12973,1037840000,1037920000,7773,2890
12974,1037920000,1038000000,9888,2778
12975,1038000000,1038080000,4973,1787
12976,1038080000,1038160000,6053,1981
12977,1038160000,1038240000,10875,3060
12978,1038240000,1038320000,6092,1859
12979,1038320000,1038400000,5592,2108
12980,1038400000,1038480000,6072,1817
12981,1038480000,1038560000,10616,2990
12982,1038560000,1038640000,5176,1737
12983,1038640000,1038720000,5563,2118
12984,1038720000,1038800000,8255,2471
12985,1038800000,1038880000,8454,2345
12986,1038880000,1038960000,5045,1878
12987,1038960000,1039040000,6562,2069
12988,1039040000,1039120000,10394,3039
12989,1039120000,1039200000,5346,1825
12990,1039200000,1039280000,5777,2116
12991,1039280000,1039360000,6062,1752
12992,1039360000,1039440000,10488,3103
12993,1039440000,1039520000,5303,1834
12994,1039520000,1039600000,5786,2021
12995,1039600000,1039680000,9272,2825
12996,1039680000,1039760000,6873,1910
12997,1039760000,1039840000,5634,2151
12998,1039840000,1039920000,6439,1932
12999,1039920000,1040000000,9618,2859
13000,1040000000,1040080000,5175,1746
13001,1040080000,1040160000,5660,2132
13002,1040160000,1040240000,7084,2154
13003,1040240000,1040320000,9725,2751
13004,1040320000,1040400000,4703,1731
13005,1040400000,1040480000,5561,1844
13006,1040480000,1040560000,10842,3013
13007,1040560000,1040640000,6191,1863
13008,1040640000,1040720000,5634,2038
13009,1040720000,1040800000,6140,1813
13010,1040800000,1040880000,10547,2914
13011,1040880000,1040960000,4653,1527
13012,1040960000,1041040000,5889,2075
13013,1041040000,1041120000,8196,2459
13014,1041120000,1041200000,8535,2335
13015,1041200000,1041280000,5050,1852
13016,1041280000,1041360000,6244,2069
13017,1041360000,1041440000,10643,3023
13018,1041440000,1041520000,5666,1819
13019,1041520000,1041600000,5626,2113
13020,1041600000,1041680000,6067,1744
13021,1041680000,1041760000,10738,3093
13022,1041760000,1041840000,4981,1834
13023,1041840000,1041920000,5660,2021
13024,1041920000,1042000000,9462,2820
13025,1042000000,1042080000,7028,1911
13026,1042080000,1042160000,5342,2159
13027,1042160000,1042240000,6369,1932
13028,1042240000,1042320000,10001,2850
13029,1042320000,1042400000,5040,1750
13030,1042400000,1042480000,5785,2127
13031,1042480000,1042560000,7349,2385
13032,1042560000,1042640000,7902,2656
13033,1042640000,1042720000,5796,1883
13034,1042720000,1042800000,8922,3247
13035,1042800000,1042880000,8638,2340
13036,1042880000,1042960000,4927,1886
13037,1042960000,1043040000,6359,2077
13038,1043040000,1043120000,11002,3039
13039,1043120000,1043200000,5483,1815
13040,1043200000,1043280000,5515,2117
13041,1043280000,1043360000,6130,1753
13042,1043360000,1043440000,10865,3112
13043,1043440000,1043520000,4978,1830
13044,1043520000,1043600000,5868,2014
13045,1043600000,1043680000,9505,2829
13046,1043680000,1043760000,6903,1913
13047,1043760000,1043840000,5565,2160
13048,1043840000,1043920000,6480,1936
13049,1043920000,1044000000,9736,2877
13050,1044000000,1044080000,5392,1754
13051,1044080000,1044160000,5861,2130
13052,1044160000,1044240000,7148,2156
13053,1044240000,1044320000,9693,2768
13054,1044320000,1044400000,4861,1784
13055,1044400000,1044480000,5823,1981
13056,1044480000,1044560000,10573,3048
13057,1044560000,1044640000,6073,1863
13058,1044640000,1044720000,5514,2112
13059,1044720000,1044800000,6004,1814
13060,1044800000,1044880000,10270,2975
13061,1044880000,1044960000,4775,1708
13062,1044960000,1045040000,5985,2110
13063,1045040000,1045120000,8061,2467
13064,1045120000,1045200000,8354,2329
13065,1045200000,1045280000,4966,1882
13066,1045280000,1045360000,6403,2073
13067,1045360000,1045440000,10672,3016
13068,1045440000,1045520000,5739,1821
13069,1045520000,1045600000,5783,2120
13070,1045600000,1045680000,6193,1755
13071,1045680000,1045760000,10427,3031
13072,1045760000,1045840000,5037,1802
13073,1045840000,1045920000,5619,1979
13074,1045920000,1046000000,9356,2811
13075,1046000000,1046080000,6793,1917
13076,1046080000,1046160000,5532,2156
13077,1046160000,1046240000,6444,1936
13078,1046240000,1046320000,9933,2851
13079,1046320000,1046400000,5235,1746
13080,1046400000,1046480000,5340,1954
13081,1046480000,1046560000,7181,2137
13082,1046560000,1046640000,10026,2742
13083,1046640000,1046720000,4759,1736
13084,1046720000,1046800000,6016,1957
13085,1046800000,1046880000,10845,3046
13086,1046880000,1046960000,5860,1785
13087,1046960000,1047040000,5616,2027
13088,1047040000,1047120000,6124,1812
13089,1047120000,1047200000,10552,2964
13090,1047200000,1047280000,5135,1711
13091,1047280000,1047360000,5609,2114
13092,1047360000,1047440000,7045,2314
13093,1047440000,1047520000,8073,2654
13094,1047520000,1047600000,6051,1992
13095,1047600000,1047680000,10048,3623
13096,1047680000,1047760000,7263,1915
13097,1047760000,1047840000,5534,2087
13098,1047840000,1047920000,6614,1936
13099,1047920000,1048000000,10335,2873
13100,1048000000,1048080000,5011,1614
13101,1048080000,1048160000,5939,2115
13102,1048160000,1048240000,7300,2158
13103,1048240000,1048320000,10078,2772
13104,1048320000,1048400000,4942,1756
13105,1048400000,1048480000,5761,1978
13106,1048480000,1048560000,10738,3057
13107,1048560000,1048640000,6123,1859
13108,1048640000,1048720000,5651,2103
13109,1048720000,1048800000,5985,1814
13110,1048800000,1048880000,10217,2994
13111,1048880000,1048960000,4840,1716
13112,1048960000,1049040000,5600,2118
13113,1049040000,1049120000,8062,2471
13114,1049120000,1049200000,8518,2338
13115,1049200000,1049280000,4872,1882
13116,1049280000,1049360000,6316,2069
13117,1049360000,1049440000,10638,3029
13118,1049440000,1049520000,5374,1820
13119,1049520000,1049600000,5763,2116
13120,1049600000,1049680000,6099,1749
13121,1049680000,1049760000,10417,3096
13122,1049760000,1049840000,4885,1831
13123,1049840000,1049920000,5752,2021
13124,1049920000,1050000000,9260,2819
13125,1050000000,1050080000,7119,1915
13126,1050080000,1050160000,5740,2159
13127,1050160000,1050240000,6494,1932
13128,1050240000,1050320000,10111,2852
13129,1050320000,1050400000,5298,1750
13130,1050400000,1050480000,5627,2132
13131,1050480000,1050560000,7243,2156
13132,1050560000,1050640000,9646,2689
13133,1050640000,1050720000,4769,1759
13134,1050720000,1050800000,5618,1947
13135,1050800000,1050880000,10702,3034
13136,1050880000,1050960000,5864,1860
13137,1050960000,1051040000,5733,2103
13138,1051040000,1051120000,6103,1812
13139,1051120000,1051200000,10322,2970
13140,1051200000,1051280000,4915,1737
13141,1051280000,1051360000,5857,2114
13142,1051360000,1051440000,8163,2461
13143,1051440000,1051520000,8437,2327
13144,1051520000,1051600000,5235,1863
13145,1051600000,1051680000,6426,2073
13146,1051680000,1051760000,10640,3017
13147,1051760000,1051840000,5473,1822
13148,1051840000,1051920000,5656,2114
13149,1051920000,1052000000,6056,1744
13150,1052000000,1052080000,10462,3093
13151,1052080000,1052160000,5031,1833
13152,1052160000,1052240000,5736,2018
13153,1052240000,1052320000,6739,2254
13154,1052320000,1052400000,8267,2650
13155,1052400000,1052480000,6455,2168
13156,1052480000,1052560000,10809,3583
13157,1052560000,1052640000,6365,1868
13158,1052640000,1052720000,5818,2111
13159,1052720000,1052800000,6148,1819
13160,1052800000,1052880000,10672,2990
13161,1052880000,1052960000,5045,1708
13162,1052960000,1053040000,5749,2110
13163,1053040000,1053120000,8364,2474
13164,1053120000,1053200000,8571,2343
13165,1053200000,1053280000,5037,1882
13166,1053280000,1053360000,6415,2073
13167,1053360000,1053440000,10789,3032
13168,1053440000,1053520000,5508,1815
13169,1053520000,1053600000,5384,1950
13170,1053600000,1053680000,5983,1731
13171,1053680000,1053760000,10437,3098
13172,1053760000,1053840000,4983,1793
13173,1053840000,1053920000,5799,1986
13174,1053920000,1054000000,9340,2828
13175,1054000000,1054080000,7073,1876
13176,1054080000,1054160000,5598,2050
13177,1054160000,1054240000,6589,1936
13178,1054240000,1054320000,10072,2869
13179,1054320000,1054400000,5324,1718
13180,1054400000,1054480000,5608,2128
13181,1054480000,1054560000,7174,2156
13182,1054560000,1054640000,9620,2761
13183,1054640000,1054720000,4848,1779
13184,1054720000,1054800000,5782,1977
13185,1054800000,1054880000,10565,3040
13186,1054880000,1054960000,5989,1861
13187,1054960000,1055040000,5412,2111
13188,1055040000,1055120000,6047,1812
13189,1055120000,1055200000,10574,2966
13190,1055200000,1055280000,5049,1741
13191,1055280000,1055360000,5566,2114
13192,1055360000,1055440000,8286,2466
13193,1055440000,1055520000,8346,2268
13194,1055520000,1055600000,4887,1857
13195,1055600000,1055680000,6372,2034
13196,1055680000,1055760000,10654,3016
13197,1055760000,1055840000,5376,1820
13198,1055840000,1055920000,5717,2121
13199,1055920000,1056000000,6067,1751
13200,1056000000,1056080000,10628,3101
13201,1056080000,1056160000,5168,1827
13202,1056160000,1056240000,5832,2017
13203,1056240000,1056320000,9485,2814
13204,1056320000,1056400000,7131,1912
13205,1056400000,1056480000,5567,2156
13206,1056480000,1056560000,6479,1936
13207,1056560000,1056640000,9949,2839
13208,1056640000,1056720000,5345,1749
13209,1056720000,1056800000,5443,2135
13210,1056800000,1056880000,7203,2149
13211,1056880000,1056960000,9703,2753
13212,1056960000,1057040000,4703,1784
13213,1057040000,1057120000,6093,1977
13214,1057120000,1057200000,7254,2471
13215,1057200000,1057280000,8429,2568
13216,1057280000,1057360000,6648,2277
13217,1057360000,1057440000,11108,3492
13218,1057440000,1057520000,5736,1825
13219,1057520000,1057600000,5644,2116
13220,1057600000,1057680000,6170,1757
13221,1057680000,1057760000,10915,3107
13222,1057760000,1057840000,5125,1831
13223,1057840000,1057920000,5570,2021
13224,1057920000,1058000000,9683,2830
13225,1058000000,1058080000,7252,1913
13226,1058080000,1058160000,5694,2155
13227,1058160000,1058240000,6656,1932
13228,1058240000,1058320000,10131,2874
13229,1058320000,1058400000,5052,1746
13230,1058400000,1058480000,5877,2132
13231,1058480000,1058560000,7064,2158
13232,1058560000,1058640000,9746,2779
13233,1058640000,1058720000,5022,1787
13234,1058720000,1058800000,5855,1982
13235,1058800000,1058880000,10572,3052
13236,1058880000,1058960000,6154,1863
13237,1058960000,1059040000,5665,2103
13238,1059040000,1059120000,6060,1814
13239,1059120000,1059200000,10337,2976
13240,1059200000,1059280000,5073,1737
13241,1059280000,1059360000,5740,2114
13242,1059360000,1059440000,8115,2468
13243,1059440000,1059520000,8334,2323
13244,1059520000,1059600000,4777,1792
13245,1059600000,1059680000,6106,1970
13246,1059680000,1059760000,10631,3007
13247,1059760000,1059840000,5508,1822
13248,1059840000,1059920000,5710,2046
13249,1059920000,1060000000,6154,1744
13250,1060000000,1060080000,10787,3079
13251,1060080000,1060160000,4901,1706
13252,1060160000,1060240000,5941,2018
13253,1060240000,1060320000,9486,2795
13254,1060320000,1060400000,7096,1854
13255,1060400000,1060480000,5555,2117
13256,1060480000,1060560000,6335,1903
13257,1060560000,1060640000,9940,2838
13258,1060640000,1060720000,5406,1747
13259,1060720000,1060800000,5597,2125
13260,1060800000,1060880000,7117,2153
13261,1060880000,1060960000,9695,2760
13262,1060960000,1061040000,4613,1786
13263,1061040000,1061120000,5730,1982
13264,1061120000,1061200000,10866,3035
13265,1061200000,1061280000,6101,1854
13266,1061280000,1061360000,5468,2110
13267,1061360000,1061440000,6062,1814
13268,1061440000,1061520000,10376,2962
13269,1061520000,1061600000,4903,1737
13270,1061600000,1061680000,5813,2110
13271,1061680000,1061760000,8205,2461
13272,1061760000,1061840000,8366,2327
13273,1061840000,1061920000,4949,1886
13274,1061920000,1062000000,6406,2071
13275,1062000000,1062080000,6684,2356
13276,1062080000,1062160000,8724,2673
13277,1062160000,1062240000,6890,2361
13278,1062240000,1062320000,10950,3332
13279,1062320000,1062400000,5273,1754
13280,1062400000,1062480000,5556,2130
13281,1062480000,1062560000,7304,2161
13282,1062560000,1062640000,9972,2770
13283,1062640000,1062720000,4730,1783
13284,1062720000,1062800000,5995,1977
13285,1062800000,1062880000,11047,3056
13286,1062880000,1062960000,6052,1864
13287,1062960000,1063040000,5649,2111
13288,1063040000,1063120000,6144,1814
13289,1063120000,1063200000,10486,2982
13290,1063200000,1063280000,5213,1733
13291,1063280000,1063360000,5923,2114
13292,1063360000,1063440000,8028,2478
13293,1063440000,1063520000,8500,2345
13294,1063520000,1063600000,4988,1882
13295,1063600000,1063680000,6277,2073
13296,1063680000,1063760000,10654,3031
13297,1063760000,1063840000,5690,1820
13298,1063840000,1063920000,5542,2121
13299,1063920000,1064000000,6093,1756
13300,1064000000,1064080000,10797,3102
13301,1064080000,1064160000,4979,1826
13302,1064160000,1064240000,5990,2014
13303,1064240000,1064320000,9360,2822
13304,1064320000,1064400000,6894,1915
13305,1064400000,1064480000,5541,2156
13306,1064480000,1064560000,6464,1936
13307,1064560000,1064640000,9914,2842
13308,1064640000,1064720000,5535,1749
13309,1064720000,1064800000,5732,2135
13310,1064800000,1064880000,7260,2149
13311,1064880000,1064960000,9839,2761
13312,1064960000,1065040000,4856,1784
13313,1065040000,1065120000,5866,1977
13314,1065120000,1065200000,10750,3011
13315,1065200000,1065280000,6008,1802
13316,1065280000,1065360000,5551,2085
13317,1065360000,1065440000,6039,1796
13318,1065440000,1065520000,10397,2958
13319,1065520000,1065600000,5025,1724
13320,1065600000,1065680000,5391,1944
13321,1065680000,1065760000,8065,2460
13322,1065760000,1065840000,8493,2318
13323,1065840000,1065920000,4928,1816
13324,1065920000,1066000000,6454,2063
13325,1066000000,1066080000,10866,3015
13326,1066080000,1066160000,5469,1719
13327,1066160000,1066240000,5863,2070
13328,1066240000,1066320000,6213,1755
13329,1066320000,1066400000,10802,3095
13330,1066400000,1066480000,5105,1801
13331,1066480000,1066560000,5546,2017
13332,1066560000,1066640000,9476,2813
13333,1066640000,1066720000,7094,1911
13334,1066720000,1066800000,5598,2155
13335,1066800000,1066880000,6625,2013
13336,1066880000,1066960000,6243,2199
13337,1066960000,1067040000,8005,2558
13338,1067040000,1067120000,6953,2553
13339,1067120000,1067200000,10765,3185
13340,1067200000,1067280000,4892,1603
13341,1067280000,1067360000,6025,2108
13342,1067360000,1067440000,8338,2476
13343,1067440000,1067520000,8857,2337
13344,1067520000,1067600000,5071,1852
13345,1067600000,1067680000,6273,2069
13346,1067680000,1067760000,11087,3035
13347,1067760000,1067840000,5730,1822
13348,1067840000,1067920000,5678,2114
13349,1067920000,1068000000,6118,1749
13350,1068000000,1068080000,10774,3107
13351,1068080000,1068160000,4916,1831
13352,1068160000,1068240000,5644,2021
13353,1068240000,1068320000,9177,2835
13354,1068320000,1068400000,7182,1926
13355,1068400000,1068480000,5393,2159
13356,1068480000,1068560000,6347,1932
13357,1068560000,1068640000,10026,2857
13358,1068640000,1068720000,5244,1750
13359,1068720000,1068800000,5844,2126
13360,1068800000,1068880000,7163,2159
13361,1068880000,1068960000,9813,2766
13362,1068960000,1069040000,4695,1786
13363,1069040000,1069120000,5920,1982
13364,1069120000,1069200000,10589,3047
13365,1069200000,1069280000,6026,1852
13366,1069280000,1069360000,5797,2107
13367,1069360000,1069440000,6021,1814
13368,1069440000,1069520000,10486,2971
13369,1069520000,1069600000,5113,1737
13370,1069600000,1069680000,5632,2114
13371,1069680000,1069760000,8220,2461
13372,1069760000,1069840000,8602,2331
13373,1069840000,1069920000,5009,1886
13374,1069920000,1070000000,6273,2073
13375,1070000000,1070080000,10956,2985
13376,1070080000,1070160000,5387,1766
13377,1070160000,1070240000,5836,2085
13378,1070240000,1070320000,6095,1736
13379,1070320000,1070400000,10627,3099
13380,1070400000,1070480000,4931,1833
13381,1070480000,1070560000,5807,2018
13382,1070560000,1070640000,9291,2819
13383,1070640000,1070720000,7235,1918
13384,1070720000,1070800000,5752,2160
13385,1070800000,1070880000,6446,1935
13386,1070880000,1070960000,10141,2850
13387,1070960000,1071040000,5394,1751
13388,1071040000,1071120000,5738,2126
13389,1071120000,1071200000,7216,2157
13390,1071200000,1071280000,9737,2750
13391,1071280000,1071360000,4719,1783
13392,1071360000,1071440000,5833,1981
13393,1071440000,1071520000,10805,3035
13394,1071520000,1071600000,5882,1832
13395,1071600000,1071680000,5327,1965
13396,1071680000,1071760000,6826,2209
13397,1071760000,1071840000,6176,2188
13398,1071840000,1071920000,7232,2326
13399,1071920000,1072000000,7375,2690
13400,1072000000,1072080000,10607,3118
13401,1072080000,1072160000,5140,1833
13402,1072160000,1072240000,5784,2018
13403,1072240000,1072320000,9542,2829
13404,1072320000,1072400000,6999,1918
13405,1072400000,1072480000,5573,2156
13406,1072480000,1072560000,6522,1936
13407,1072560000,1072640000,10229,2869
13408,1072640000,1072720000,5297,1750
13409,1072720000,1072800000,5378,1954
13410,1072800000,1072880000,7251,2143
13411,1072880000,1072960000,9507,2753
13412,1072960000,1073040000,4671,1708
13413,1073040000,1073120000,5991,1957
13414,1073120000,1073200000,10319,3057
13415,1073200000,1073280000,5959,1794
13416,1073280000,1073360000,5670,2027
13417,1073360000,1073440000,6083,1814
13418,1073440000,1073520000,10643,2981
13419,1073520000,1073600000,5254,1707
13420,1073600000,1073680000,5680,2114
13421,1073680000,1073760000,8144,2474
13422,1073760000,1073840000,8637,2337
13423,1073840000,1073920000,5111,1878
13424,1073920000,1074000000,6330,2069
13425,1074000000,1074080000,10681,3027
13426,1074080000,1074160000,5406,1816
13427,1074160000,1074240000,5458,2121
13428,1074240000,1074320000,6034,1753
13429,1074320000,1074400000,10799,3102
13430,1074400000,1074480000,4916,1831
13431,1074480000,1074560000,5555,2017
13432,1074560000,1074640000,9520,2815
13433,1074640000,1074720000,7156,1917
13434,1074720000,1074800000,5543,2155
13435,1074800000,1074880000,6556,1933
13436,1074880000,1074960000,10209,2824
13437,1074960000,1075040000,5036,1696
13438,1075040000,1075120000,5720,2106
13439,1075120000,1075200000,7201,2144
13440,1075200000,1075280000,9790,2755
13441,1075280000,1075360000,4888,1783
13442,1075360000,1075440000,5960,1978
13443,1075440000,1075520000,10596,3040
13444,1075520000,1075600000,6081,1837
13445,1075600000,1075680000,5541,2103
13446,1075680000,1075760000,6011,1812
13447,1075760000,1075840000,10615,2962
13448,1075840000,1075920000,5224,1741
13449,1075920000,1076000000,5592,2118
13450,1076000000,1076080000,8256,2468
13451,1076080000,1076160000,8587,2329
13452,1076160000,1076240000,5014,1882
13453,1076240000,1076320000,6512,2069
13454,1076320000,1076400000,10855,3019
13455,1076400000,1076480000,5358,1822
13456,1076480000,1076560000,5776,2116
13457,1076560000,1076640000,7164,2312
13458,1076640000,1076720000,7114,2440
13459,1076720000,1076800000,6682,2128
13460,1076800000,1076880000,7766,2890
13461,1076880000,1076960000,9768,2782
13462,1076960000,1077040000,4798,1764
13463,1077040000,1077120000,5782,1986
13464,1077120000,1077200000,10952,3056
13465,1077200000,1077280000,6005,1857
13466,1077280000,1077360000,5780,2103
13467,1077360000,1077440000,6192,1814
13468,1077440000,1077520000,10667,2982
13469,1077520000,1077600000,4907,1737
13470,1077600000,1077680000,5907,2114
13471,1077680000,1077760000,8240,2471
13472,1077760000,1077840000,8345,2337
13473,1077840000,1077920000,5249,1886
13474,1077920000,1078000000,6383,2073
13475,1078000000,1078080000,10366,3039
13476,1078080000,1078160000,5538,1826
13477,1078160000,1078240000,5687,2114
13478,1078240000,1078320000,6031,1749
13479,1078320000,1078400000,10433,3109
13480,1078400000,1078480000,5069,1833
13481,1078480000,1078560000,5781,2018
13482,1078560000,1078640000,9269,2823
13483,1078640000,1078720000,6998,1912
13484,1078720000,1078800000,5344,2037
13485,1078800000,1078880000,6296,1861
13486,1078880000,1078960000,9713,2846
13487,1078960000,1079040000,5097,1743
13488,1079040000,1079120000,5706,2058
13489,1079120000,1079200000,7095,2155
13490,1079200000,1079280000,9713,2728
13491,1079280000,1079360000,4619,1659
13492,1079360000,1079440000,6027,1981
13493,1079440000,1079520000,10917,3039
13494,1079520000,1079600000,6221,1814
13495,1079600000,1079680000,5627,2097
13496,1079680000,1079760000,6043,1814
13497,1079760000,1079840000,10614,2921
13498,1079840000,1079920000,5178,1694
13499,1079920000,1080000000,5577,2077
13500,1080000000,1080080000,8211,2459
13501,1080080000,1080160000,8513,2333
13502,1080160000,1080240000,4849,1886
13503,1080240000,1080320000,6259,2073
13504,1080320000,1080400000,10823,3026
13505,1080400000,1080480000,5546,1820
13506,1080480000,1080560000,5476,2117
13507,1080560000,1080640000,6046,1744
13508,1080640000,1080720000,10875,3095
13509,1080720000,1080800000,5012,1833
13510,1080800000,1080880000,5895,2014
13511,1080880000,1080960000,9495,2819
13512,1080960000,1081040000,7075,1910
13513,1081040000,1081120000,5511,2160
13514,1081120000,1081200000,6462,1935
13515,1081200000,1081280000,10074,2844
13516,1081280000,1081360000,5398,1751
13517,1081360000,1081440000,5853,2130
13518,1081440000,1081520000,7345,2385
13519,1081520000,1081600000,7935,2656
13520,1081600000,1081680000,5836,1883
13521,1081680000,1081760000,8867,3245
13522,1081760000,1081840000,8478,2330
13523,1081840000,1081920000,4995,1882
13524,1081920000,1082000000,6533,2073
13525,1082000000,1082080000,10890,3035
13526,1082080000,1082160000,5475,1816
13527,1082160000,1082240000,5756,2121
13528,1082240000,1082320000,6192,1756
13529,1082320000,1082400000,10872,3114
13530,1082400000,1082480000,5224,1831
13531,1082480000,1082560000,5871,2017
13532,1082560000,1082640000,9490,2827
13533,1082640000,1082720000,6939,1917
13534,1082720000,1082800000,5553,2156
13535,1082800000,1082880000,6391,1936
13536,1082880000,1082960000,9666,2873
13537,1082960000,1083040000,5372,1753
13538,1083040000,1083120000,5492,2136
13539,1083120000,1083200000,7115,2155
13540,1083200000,1083280000,9753,2766
13541,1083280000,1083360000,4784,1780
13542,1083360000,1083440000,6154,1977
13543,1083440000,1083520000,10635,3049
13544,1083520000,1083600000,5926,1858
13545,1083600000,1083680000,5686,2108
13546,1083680000,1083760000,6082,1814
13547,1083760000,1083840000,10116,2969
13548,1083840000,1083920000,5275,1737
13549,1083920000,1084000000,5734,2118
13550,1084000000,1084080000,8052,2467
13551,1084080000,1084160000,8407,2329
13552,1084160000,1084240000,5073,1882
13553,1084240000,1084320000,6331,2069
13554,1084320000,1084400000,10728,3021
13555,1084400000,1084480000,5527,1822
13556,1084480000,1084560000,5688,2116
13557,1084560000,1084640000,6187,1755
13558,1084640000,1084720000,10552,3021
13559,1084720000,1084800000,4903,1761
13560,1084800000,1084880000,5327,1832
13561,1084880000,1084960000,9340,2799
13562,1084960000,1085040000,6856,1912
13563,1085040000,1085120000,5487,2083
13564,1085120000,1085200000,6520,1933
13565,1085200000,1085280000,9947,2851
13566,1085280000,1085360000,5007,1617
13567,1085360000,1085440000,5902,2115
13568,1085440000,1085520000,7252,2149
13569,1085520000,1085600000,10169,2751
13570,1085600000,1085680000,4874,1757
13571,1085680000,1085760000,5791,1978
13572,1085760000,1085840000,10810,3044
13573,1085840000,1085920000,6211,1854
13574,1085920000,1086000000,5590,2106
13575,1086000000,1086080000,6013,1809
13576,1086080000,1086160000,10574,2962
13577,1086160000,1086240000,4968,1741
13578,1086240000,1086320000,5593,2118
13579,1086320000,1086400000,7027,2314
13580,1086400000,1086480000,8202,2654
13581,1086480000,1086560000,6156,1988
13582,1086560000,1086640000,10060,3629
13583,1086640000,1086720000,7343,1917
13584,1086720000,1086800000,5638,2136
13585,1086800000,1086880000,6456,1936
13586,1086880000,1086960000,10272,2871
13587,1086960000,1087040000,5419,1743
13588,1087040000,1087120000,5643,2126
13589,1087120000,1087200000,7284,2159
13590,1087200000,1087280000,9991,2768
13591,1087280000,1087360000,4701,1786
13592,1087360000,1087440000,5783,1982
13593,1087440000,1087520000,10817,3052
13594,1087520000,1087600000,6014,1854
13595,1087600000,1087680000,5455,2107
13596,1087680000,1087760000,5966,1814
13597,1087760000,1087840000,10173,2988
13598,1087840000,1087920000,4901,1741
13599,1087920000,1088000000,5848,2110
13600,1088000000,1088080000,8087,2471
13601,1088080000,1088160000,8479,2338
13602,1088160000,1088240000,5039,1886
13603,1088240000,1088320000,6436,2073
13604,1088320000,1088400000,10629,3034
13605,1088400000,1088480000,5605,1820
13606,1088480000,1088560000,5902,2117
13607,1088560000,1088640000,6076,1749
13608,1088640000,1088720000,10396,3090
13609,1088720000,1088800000,5012,1830
13610,1088800000,1088880000,5589,2017
13611,1088880000,1088960000,9231,2819
13612,1088960000,1089040000,7008,1913
13613,1089040000,1089120000,5494,2160
13614,1089120000,1089200000,6372,1935
13615,1089200000,1089280000,10172,2850
13616,1089280000,1089360000,5192,1751
13617,1089360000,1089440000,5982,2126
13618,1089440000,1089520000,7285,2157
13619,1089520000,1089600000,9656,2683
13620,1089600000,1089680000,4658,1756
13621,1089680000,1089760000,5850,1946
13622,1089760000,1089840000,10586,3033
13623,1089840000,1089920000,6048,1857
13624,1089920000,1090000000,5778,2112
13625,1090000000,1090080000,6025,1815
13626,1090080000,1090160000,10293,2970
13627,1090160000,1090240000,5116,1733
13628,1090240000,1090320000,5716,2110
13629,1090320000,1090400000,8158,2461
13630,1090400000,1090480000,8426,2331
13631,1090480000,1090560000,5040,1882
13632,1090560000,1090640000,6447,2073
13633,1090640000,1090720000,10732,3014
13634,1090720000,1090800000,5467,1823
13635,1090800000,1090880000,5321,1951
13636,1090880000,1090960000,6016,1722
13637,1090960000,1091040000,10485,3080
13638,1091040000,1091120000,4951,1793
13639,1091120000,1091200000,5805,1986
13640,1091200000,1091280000,6748,2254
13641,1091280000,1091360000,8355,2652
13642,1091360000,1091440000,6472,2168
13643,1091440000,1091520000,10747,3576
13644,1091520000,1091600000,6258,1863
13645,1091600000,1091680000,5653,2107
13646,1091680000,1091760000,6140,1819
13647,1091760000,1091840000,10695,2974
13648,1091840000,1091920000,5038,1720
13649,1091920000,1092000000,5418,1944
13650,1092000000,1092080000,8340,2468
13651,1092080000,1092160000,8579,2324
13652,1092160000,1092240000,5002,1820
13653,1092240000,1092320000,6494,2063
13654,1092320000,1092400000,10695,3039
13655,1092400000,1092480000,5236,1714
13656,1092480000,1092560000,5852,2071
13657,1092560000,1092640000,6078,1756
13658,1092640000,1092720000,10536,3105
13659,1092720000,1092800000,5101,1804
13660,1092800000,1092880000,5586,2016
13661,1092880000,1092960000,9316,2828
13662,1092960000,1093040000,7204,1919
13663,1093040000,1093120000,5638,2151
13664,1093120000,1093200000,6483,1933
13665,1093200000,1093280000,10045,2869
13666,1093280000,1093360000,5159,1749
13667,1093360000,1093440000,5553,2136
13668,1093440000,1093520000,7178,2155
13669,1093520000,1093600000,9672,2753
13670,1093600000,1093680000,4580,1782
13671,1093680000,1093760000,5686,1978
13672,1093760000,1093840000,10524,3041
13673,1093840000,1093920000,5991,1858
13674,1093920000,1094000000,5636,2106
13675,1094000000,1094080000,6114,1809
13676,1094080000,1094160000,10481,2966
13677,1094160000,1094240000,5045,1741
13678,1094240000,1094320000,5851,2118
13679,1094320000,1094400000,8280,2466
13680,1094400000,1094480000,8416,2274
13681,1094480000,1094560000,5165,1861
13682,1094560000,1094640000,6366,2034
13683,1094640000,1094720000,10606,3019
13684,1094720000,1094800000,5535,1821
13685,1094800000,1094880000,5578,2117
13686,1094880000,1094960000,6041,1751
13687,1094960000,1095040000,10498,3099
13688,1095040000,1095120000,5096,1831
13689,1095120000,1095200000,5532,2021
13690,1095200000,1095280000,9440,2804
13691,1095280000,1095360000,7181,1906
13692,1095360000,1095440000,5691,2155
13693,1095440000,1095520000,6665,1932
13694,1095520000,1095600000,10088,2851
13695,1095600000,1095680000,4957,1726
13696,1095680000,1095760000,5818,2130
13697,1095760000,1095840000,7212,2149
13698,1095840000,1095920000,9713,2751
13699,1095920000,1096000000,4989,1787
13700,1096000000,1096080000,5866,1982
13701,1096080000,1096160000,7265,2471
13702,1096160000,1096240000,8501,2568
13703,1096240000,1096320000,6539,2277
13704,1096320000,1096400000,11134,3486
13705,1096400000,1096480000,5538,1824
13706,1096480000,1096560000,5964,2114
13707,1096560000,1096640000,6201,1754
13708,1096640000,1096720000,10895,3097
13709,1096720000,1096800000,4995,1830
13710,1096800000,1096880000,5840,2017
13711,1096880000,1096960000,9648,2828
13712,1096960000,1097040000,7222,1919
13713,1097040000,1097120000,5834,2160
13714,1097120000,1097200000,6527,1935
13715,1097200000,1097280000,10033,2870
13716,1097280000,1097360000,5369,1743
13717,1097360000,1097440000,5720,2126
13718,1097440000,1097520000,7067,2159
13719,1097520000,1097600000,9688,2773
13720,1097600000,1097680000,4754,1784
13721,1097680000,1097760000,5857,1981
13722,1097760000,1097840000,10668,3047
13723,1097840000,1097920000,6122,1856
13724,1097920000,1098000000,5398,1967
13725,1098000000,1098080000,5959,1765
13726,1098080000,1098160000,10360,2961
13727,1098160000,1098240000,4988,1716
13728,1098240000,1098320000,5819,2059
13729,1098320000,1098400000,8116,2468
13730,1098400000,1098480000,8177,2309
13731,1098480000,1098560000,4858,1761
13732,1098560000,1098640000,6455,2073
13733,1098640000,1098720000,10623,3025
13734,1098720000,1098800000,5682,1798
13735,1098800000,1098880000,5615,2113
13736,1098880000,1098960000,6111,1744
13737,1098960000,1099040000,10844,3101
13738,1099040000,1099120000,5168,1833
13739,1099120000,1099200000,5675,2014
13740,1099200000,1099280000,9477,2795
13741,1099280000,1099360000,7048,1863
13742,1099360000,1099440000,5323,2139
13743,1099440000,1099520000,6347,1906
13744,1099520000,1099600000,10058,2846
13745,1099600000,1099680000,5117,1724
13746,1099680000,1099760000,5469,2128
13747,1099760000,1099840000,7097,2153
13748,1099840000,1099920000,9677,2754
13749,1099920000,1100000000,4663,1783
13750,1100000000,1100080000,5953,1977
13751,1100080000,1100160000,10745,3035
13752,1100160000,1100240000,6155,1854
13753,1100240000,1100320000,5668,2111
13754,1100320000,1100400000,6137,1817
13755,1100400000,1100480000,10382,2966
13756,1100480000,1100560000,5153,1737
13757,1100560000,1100640000,5847,2114
13758,1100640000,1100720000,8206,2461
13759,1100720000,1100800000,8345,2331
13760,1100800000,1100880000,5003,1882
13761,1100880000,1100960000,6293,2071
13762,1100960000,1101040000,6718,2356
13763,1101040000,1101120000,8729,2673
13764,1101120000,1101200000,6947,2361
13765,1101200000,1101280000,10906,3326
13766,1101280000,1101360000,5289,1753
13767,1101360000,1101440000,5854,2136
13768,1101440000,1101520000,7324,2160
13769,1101520000,1101600000,10081,2760
13770,1101600000,1101680000,4930,1782
13771,1101680000,1101760000,5991,1978
13772,1101760000,1101840000,11021,3053
13773,1101840000,1101920000,6191,1859
13774,1101920000,1102000000,5606,2107
13775,1102000000,1102080000,6074,1814
13776,1102080000,1102160000,10376,2976
13777,1102160000,1102240000,5169,1737
13778,1102240000,1102320000,5567,2118
13779,1102320000,1102400000,8006,2478
13780,1102400000,1102480000,8491,2343
13781,1102480000,1102560000,5024,1882
13782,1102560000,1102640000,6541,2069
13783,1102640000,1102720000,10712,3036
13784,1102720000,1102800000,5491,1821
13785,1102800000,1102880000,5821,2117
13786,1102880000,1102960000,6125,1756
13787,1102960000,1103040000,10736,3110
13788,1103040000,1103120000,5308,1831
13789,1103120000,1103200000,5737,2021
13790,1103200000,1103280000,9343,2822
13791,1103280000,1103360000,6998,1915
13792,1103360000,1103440000,5546,2151
13793,1103440000,1103520000,6415,1933
13794,1103520000,1103600000,9947,2852
13795,1103600000,1103680000,5182,1726
13796,1103680000,1103760000,5682,2130
13797,1103760000,1103840000,7256,2149
13798,1103840000,1103920000,9930,2749
13799,1103920000,1104000000,4683,1732
13800,1104000000,1104080000,5608,1844
13801,1104080000,1104160000,10801,2996
13802,1104160000,1104240000,5972,1802
13803,1104240000,1104320000,5548,2016
13804,1104320000,1104400000,6081,1793
13805,1104400000,1104480000,10316,2963
13806,1104480000,1104560000,4769,1605
13807,1104560000,1104640000,5948,2108
13808,1104640000,1104720000,8090,2466
13809,1104720000,1104800000,8605,2339
13810,1104800000,1104880000,5019,1852
13811,1104880000,1104960000,6249,2069
13812,1104960000,1105040000,10856,3015
13813,1105040000,1105120000,5739,1823
13814,1105120000,1105200000,5684,2114
13815,1105200000,1105280000,6141,1752
13816,1105280000,1105360000,10754,3095
13817,1105360000,1105440000,4868,1831
13818,1105440000,1105520000,5555,2021
13819,1105520000,1105600000,9472,2813
13820,1105600000,1105680000,7066,1907
13821,1105680000,1105760000,5350,2159
13822,1105760000,1105840000,6588,2013
13823,1105840000,1105920000,6287,2199
13824,1105920000,1106000000,8181,2559
13825,1106000000,1106080000,7046,2561
13826,1106080000,1106160000,10791,3195
13827,1106160000,1106240000,5298,1739
13828,1106240000,1106320000,5721,2110
13829,1106320000,1106400000,8331,2476
13830,1106400000,1106480000,8702,2333
13831,1106480000,1106560000,4862,1886
13832,1106560000,1106640000,6312,2073
13833,1106640000,1106720000,11155,3036
13834,1106720000,1106800000,5584,1823
13835,1106800000,1106880000,5504,2118
13836,1106880000,1106960000,6117,1749
13837,1106960000,1107040000,10718,3109
13838,1107040000,1107120000,4927,1830
13839,1107120000,1107200000,5869,2014
13840,1107200000,1107280000,9208,2835
13841,1107280000,1107360000,7175,1926
13842,1107360000,1107440000,5542,2160
13843,1107440000,1107520000,6439,1935
13844,1107520000,1107600000,10064,2865
13845,1107600000,1107680000,5383,1724
13846,1107680000,1107760000,5909,2128
13847,1107760000,1107840000,7162,2159
13848,1107840000,1107920000,9862,2760
13849,1107920000,1108000000,4799,1783
13850,1108000000,1108080000,5779,1981
13851,1108080000,1108160000,10546,3045
13852,1108160000,1108240000,6019,1852
13853,1108240000,1108320000,5469,2112
13854,1108320000,1108400000,5960,1817
13855,1108400000,1108480000,10524,2969
13856,1108480000,1108560000,4947,1737
13857,1108560000,1108640000,6008,2110
13858,1108640000,1108720000,8253,2461
13859,1108720000,1108800000,8609,2339
13860,1108800000,1108880000,5045,1882
13861,1108880000,1108960000,6432,2073
13862,1108960000,1109040000,10825,2990
13863,1109040000,1109120000,5702,1768
13864,1109120000,1109200000,5713,2091
13865,1109200000,1109280000,6081,1739
13866,1109280000,1109360000,10689,3099
13867,1109360000,1109440000,5056,1829
13868,1109440000,1109520000,5700,2014
13869,1109520000,1109600000,9299,2819
13870,1109600000,1109680000,7090,1910
13871,1109680000,1109760000,5536,2156
13872,1109760000,1109840000,6460,1935
13873,1109840000,1109920000,10230,2840
13874,1109920000,1110000000,5354,1751
13875,1110000000,1110080000,5392,1954
13876,1110080000,1110160000,7207,2144
13877,1110160000,1110240000,9757,2733
13878,1110240000,1110320000,4673,1735
13879,1110320000,1110400000,5907,1957
13880,1110400000,1110480000,10748,3040
13881,1110480000,1110560000,5795,1788
13882,1110560000,1110640000,5650,2027
13883,1110640000,1110720000,7055,2261
13884,1110720000,1110800000,6405,2187
13885,1110800000,1110880000,7324,2326
13886,1110880000,1110960000,7470,2690
13887,1110960000,1111040000,10805,3119
13888,1111040000,1111120000,4995,1792
13889,1111120000,1111200000,5493,1874
13890,1111200000,1111280000,9553,2820
13891,1111280000,1111360000,7202,1914
13892,1111360000,1111440000,5571,2083
13893,1111440000,1111520000,6593,1933
13894,1111520000,1111600000,10316,2871
13895,1111600000,1111680000,4996,1617
13896,1111680000,1111760000,5954,2115
13897,1111760000,1111840000,7307,2155
13898,1111840000,1111920000,9712,2766
13899,1111920000,1112000000,4867,1752
13900,1112000000,1112080000,5774,1978
13901,1112080000,1112160000,10314,3055
13902,1112160000,1112240000,6254,1863
13903,1112240000,1112320000,5629,2106
13904,1112320000,1112400000,6012,1811
13905,1112400000,1112480000,10610,2981
13906,1112480000,1112560000,5003,1741
13907,1112560000,1112640000,5652,2118
13908,1112640000,1112720000,8164,2474
13909,1112720000,1112800000,8695,2343
13910,1112800000,1112880000,4883,1882
13911,1112880000,1112960000,6275,2069
13912,1112960000,1113040000,10732,3034
13913,1113040000,1113120000,5333,1817
13914,1113120000,1113200000,5722,2116
13915,1113200000,1113280000,6056,1750
13916,1113280000,1113360000,10846,3102
13917,1113360000,1113440000,4939,1831
13918,1113440000,1113520000,5778,2021
13919,1113520000,1113600000,9531,2815
13920,1113600000,1113680000,7274,1913
13921,1113680000,1113760000,5773,2159
13922,1113760000,1113840000,6551,1933
13923,1113840000,1113920000,10196,2818
13924,1113920000,1114000000,5243,1696
13925,1114000000,1114080000,5535,2102
13926,1114080000,1114160000,7203,2144
13927,1114160000,1114240000,9693,2753
13928,1114240000,1114320000,4777,1787
13929,1114320000,1114400000,5690,1982
13930,1114400000,1114480000,10665,3040
13931,1114480000,1114560000,6067,1855
13932,1114560000,1114640000,5749,2103
13933,1114640000,1114720000,6143,1809
13934,1114720000,1114800000,10683,2968
13935,1114800000,1114880000,5017,1741
13936,1114880000,1114960000,5936,2114
13937,1114960000,1115040000,8271,2468
13938,1115040000,1115120000,8551,2335
13939,1115120000,1115200000,5231,1886
13940,1115200000,1115280000,6338,2073
13941,1115280000,1115360000,10794,3005
13942,1115360000,1115440000,5570,1823
13943,1115440000,1115520000,5670,2113
13944,1115520000,1115600000,7198,2308
13945,1115600000,1115680000,7369,2440
13946,1115680000,1115760000,6747,2128
13947,1115760000,1115840000,7935,2890
13948,1115840000,1115920000,10008,2783
13949,1115920000,1116000000,4765,1784
13950,1116000000,1116080000,6016,1985
13951,1116080000,1116160000,10895,3057
13952,1116160000,1116240000,6325,1854
13953,1116240000,1116320000,5801,2112
13954,1116320000,1116400000,6132,1817
13955,1116400000,1116480000,10762,2984
13956,1116480000,1116560000,5154,1737
13957,1116560000,1116640000,5755,2110
13958,1116640000,1116720000,8284,2471
13959,1116720000,1116800000,8386,2331
13960,1116800000,1116880000,5013,1882
13961,1116880000,1116960000,6386,2072
13962,1116960000,1117040000,10526,3036
13963,1117040000,1117120000,5513,1827
13964,1117120000,1117200000,5363,1951
13965,1117200000,1117280000,5994,1727
13966,1117280000,1117360000,10597,3092
13967,1117360000,1117440000,5036,1789
13968,1117440000,1117520000,5876,1986
13969,1117520000,1117600000,9314,2824
13970,1117600000,1117680000,6919,1864
13971,1117680000,1117760000,5536,2050
13972,1117760000,1117840000,6559,1935
13973,1117840000,1117920000,9786,2851
13974,1117920000,1118000000,5262,1715
13975,1118000000,1118080000,5558,2128
13976,1118080000,1118160000,7099,2155
13977,1118160000,1118240000,9818,2751
13978,1118240000,1118320000,4846,1783
13979,1118320000,1118400000,5786,1977
13980,1118400000,1118480000,10892,3039
13981,1118480000,1118560000,6198,1858
13982,1118560000,1118640000,5448,2111
13983,1118640000,1118720000,6073,1817
13984,1118720000,1118800000,10714,2927
13985,1118800000,1118880000,4963,1694
13986,1118880000,1118960000,5468,2081
13987,1118960000,1119040000,8213,2459
13988,1119040000,1119120000,8466,2339
13989,1119120000,1119200000,4951,1882
13990,1119200000,1119280000,6433,2069
13991,1119280000,1119360000,10764,3012
13992,1119360000,1119440000,5520,1821
13993,1119440000,1119520000,5713,2120
13994,1119520000,1119600000,6114,1747
13995,1119600000,1119680000,10922,3091
13996,1119680000,1119760000,5226,1834
13997,1119760000,1119840000,5900,2017
13998,1119840000,1119920000,9497,2819
13999,1119920000,1120000000,7128,1906
14000,1120000000,1120080000,5543,2156
14001,1120080000,1120160000,6389,1935
14002,1120160000,1120240000,10018,2842
14003,1120240000,1120320000,5365,1750
14004,1120320000,1120400000,5481,2136
14005,1120400000,1120480000,7388,2383
14006,1120480000,1120560000,8029,2656
14007,1120560000,1120640000,5948,1883
14008,1120640000,1120720000,9006,3246
14009,1120720000,1120800000,8767,2324
14010,1120800000,1120880000,5245,1886
14011,1120880000,1120960000,6522,2072
14012,1120960000,1121040000,11049,3042
14013,1121040000,1121120000,5587,1817
14014,1121120000,1121200000,5617,2117
14015,1121200000,1121280000,6168,1756
14016,1121280000,1121360000,11003,3114
14017,1121360000,1121440000,5130,1831
14018,1121440000,1121520000,5575,2021
14019,1121520000,1121600000,9526,2828
14020,1121600000,1121680000,7165,1916
14021,1121680000,1121760000,5651,2151
14022,1121760000,1121840000,6602,1933
14023,1121840000,1121920000,9867,2869
14024,1121920000,1122000000,5100,1753
14025,1122000000,1122080000,5838,2132
14026,1122080000,1122160000,7152,2155
14027,1122160000,1122240000,9847,2760
14028,1122240000,1122320000,5048,1787
14029,1122320000,1122400000,5916,1982
14030,1122400000,1122480000,10634,3047
14031,1122480000,1122560000,6116,1858
14032,1122560000,1122640000,5664,2103
14033,1122640000,1122720000,6045,1811
14034,1122720000,1122800000,10241,2973
14035,1122800000,1122880000,5023,1737
14036,1122880000,1122960000,5703,2114
14037,1122960000,1123040000,8078,2467
14038,1123040000,1123120000,8522,2325
14039,1123120000,1123200000,4865,1796
14040,1123200000,1123280000,6153,1970
14041,1123280000,1123360000,10812,2990
14042,1123360000,1123440000,5566,1823
14043,1123440000,1123520000,5721,2045
14044,1123520000,1123600000,6203,1752
14045,1123600000,1123680000,10498,2995
14046,1123680000,1123760000,4759,1654
14047,1123760000,1123840000,5829,1983
14048,1123840000,1123920000,9414,2810
14049,1123920000,1124000000,7000,1903
14050,1124000000,1124080000,5577,2132
14051,1124080000,1124160000,6369,1933
14052,1124160000,1124240000,9961,2849
14053,1124240000,1124320000,5445,1746
14054,1124320000,1124400000,5601,2126
14055,1124400000,1124480000,7228,2150
14056,1124480000,1124560000,10087,2751
14057,1124560000,1124640000,4705,1787
14058,1124640000,1124720000,5807,1982
14059,1124720000,1124800000,10930,3045
14060,1124800000,1124880000,6111,1857
14061,1124880000,1124960000,5391,2110
14062,1124960000,1125040000,6003,1809
14063,1125040000,1125120000,10619,2966
14064,1125120000,1125200000,4884,1741
14065,1125200000,1125280000,5845,2110
14066,1125280000,1125360000,7123,2313
14067,1125360000,1125440000,8138,2654
14068,1125440000,1125520000,6309,2010
14069,1125520000,1125600000,10166,3635
14070,1125600000,1125680000,7394,1925
14071,1125680000,1125760000,5449,2160
14072,1125760000,1125840000,6498,1939
14073,1125840000,1125920000,10485,2867
14074,1125920000,1126000000,5258,1743
14075,1126000000,1126080000,5507,2130
14076,1126080000,1126160000,7301,2159
14077,1126160000,1126240000,10115,2764
14078,1126240000,1126320000,4748,1783
14079,1126320000,1126400000,5992,1977
14080,1126400000,1126480000,10853,3054
14081,1126480000,1126560000,6077,1854
14082,1126560000,1126640000,5668,2112
14083,1126640000,1126720000,6047,1817
14084,1126720000,1126800000,10407,2992
14085,1126800000,1126880000,5206,1741
14086,1126880000,1126960000,5890,2114
14087,1126960000,1127040000,8102,2471
14088,1127040000,1127120000,8593,2342
14089,1127120000,1127200000,5076,1882
14090,1127200000,1127280000,6337,2073
14091,1127280000,1127360000,10686,3030
14092,1127360000,1127440000,5641,1821
14093,1127440000,1127520000,5504,2121
14094,1127520000,1127600000,6074,1752
14095,1127600000,1127680000,10584,3098
14096,1127680000,1127760000,4877,1803
14097,1127760000,1127840000,5943,2014
14098,1127840000,1127920000,9297,2818
14099,1127920000,1128000000,7118,1910
14100,1128000000,1128080000,5558,2156
14101,1128080000,1128160000,6483,1935
14102,1128160000,1128240000,10155,2844
14103,1128240000,1128320000,5585,1750
14104,1128320000,1128400000,5773,2136
14105,1128400000,1128480000,7279,2156
14106,1128480000,1128560000,9741,2683
14107,1128560000,1128640000,4770,1756
14108,1128640000,1128720000,5763,1942
14109,1128720000,1128800000,10632,3032
14110,1128800000,1128880000,6031,1862
14111,1128880000,1128960000,5594,2108
14112,1128960000,1129040000,6044,1815
14113,1129040000,1129120000,10484,2968
14114,1129120000,1129200000,4985,1720
14115,1129200000,1129280000,5382,1944
14116,1129280000,1129360000,8182,2455
14117,1129360000,1129440000,8584,2316
14118,1129440000,1129520000,4998,1820
14119,1129520000,1129600000,6513,2063
14120,1129600000,1129680000,10777,3015
14121,1129680000,1129760000,5201,1718
14122,1129760000,1129840000,5773,2070
14123,1129840000,1129920000,6122,1747
14124,1129920000,1130000000,10688,3089
14125,1130000000,1130080000,5070,1804
14126,1130080000,1130160000,5593,2017
14127,1130160000,1130240000,6805,2253
14128,1130240000,1130320000,8409,2652
14129,1130320000,1130400000,6539,2146
14130,1130400000,1130480000,10914,3564
14131,1130480000,1130560000,6223,1863
14132,1130560000,1130640000,5650,2038
14133,1130640000,1130720000,6189,1816
14134,1130720000,1130800000,10754,2979
14135,1130800000,1130880000,4822,1601
14136,1130880000,1130960000,5993,2108
14137,1130960000,1131040000,8397,2474
14138,1131040000,1131120000,8719,2347
14139,1131120000,1131200000,5147,1856
14140,1131200000,1131280000,6306,2069
14141,1131280000,1131360000,10774,3041
14142,1131360000,1131440000,5642,1816
14143,1131440000,1131520000,5665,2113
14144,1131520000,1131600000,6051,1753
14145,1131600000,1131680000,10533,3115
14146,1131680000,1131760000,4849,1811
14147,1131760000,1131840000,5589,2021
14148,1131840000,1131920000,9369,2827
14149,1131920000,1132000000,7345,1912
14150,1132000000,1132080000,5397,2155
14151,1132080000,1132160000,6446,1933
14152,1132160000,1132240000,10171,2861
14153,1132240000,1132320000,5126,1749
14154,1132320000,1132400000,5804,2127
14155,1132400000,1132480000,7222,2156
14156,1132480000,1132560000,9754,2751
14157,1132560000,1132640000,4649,1786
14158,1132640000,1132720000,5879,1982
14159,1132720000,1132800000,10641,3040
14160,1132800000,1132880000,6255,1861
14161,1132880000,1132960000,5812,2110
14162,1132960000,1133040000,6124,1809
14163,1133040000,1133120000,10656,2970
14164,1133120000,1133200000,5106,1741
14165,1133200000,1133280000,5658,2114
14166,1133280000,1133360000,8307,2466
14167,1133360000,1133440000,8475,2270
14168,1133440000,1133520000,4971,1861
14169,1133520000,1133600000,6182,2038
14170,1133600000,1133680000,10835,3019
14171,1133680000,1133760000,5349,1818
14172,1133760000,1133840000,5895,2113
14173,1133840000,1133920000,6091,1748
14174,1133920000,1134000000,10687,3093
14175,1134000000,1134080000,4960,1830
14176,1134080000,1134160000,5816,2018
14177,1134160000,1134240000,9507,2813
14178,1134240000,1134320000,7247,1905
14179,1134320000,1134400000,5740,2137
14180,1134400000,1134480000,6558,1936
14181,1134480000,1134560000,10124,2849
14182,1134560000,1134640000,5292,1750
14183,1134640000,1134720000,5645,2126
14184,1134720000,1134800000,7245,2150
14185,1134800000,1134880000,9761,2751
14186,1134880000,1134960000,4773,1784
14187,1134960000,1135040000,5861,1981
14188,1135040000,1135120000,7313,2470
14189,1135120000,1135200000,8607,2566
14190,1135200000,1135280000,6684,2277
14191,1135280000,1135360000,11220,3494
14192,1135360000,1135440000,5930,1826
14193,1135440000,1135520000,5821,2120
14194,1135520000,1135600000,6200,1757
14195,1135600000,1135680000,11109,3111
14196,1135680000,1135760000,5053,1803
14197,1135760000,1135840000,5727,2014
14198,1135840000,1135920000,9697,2829
14199,1135920000,1136000000,7309,1914
14200,1136000000,1136080000,5600,2156
14201,1136080000,1136160000,6529,1935
14202,1136160000,1136240000,10247,2860
14203,1136240000,1136320000,5291,1743
14204,1136320000,1136400000,5380,1954
14205,1136400000,1136480000,7063,2146
14206,1136480000,1136560000,9746,2756
14207,1136560000,1136640000,4720,1736
14208,1136640000,1136720000,5963,1957
14209,1136720000,1136800000,10606,3050
14210,1136800000,1136880000,6075,1794
14211,1136880000,1136960000,5706,2028
14212,1136960000,1137040000,6161,1817
14213,1137040000,1137120000,10492,2980
14214,1137120000,1137200000,5122,1703
14215,1137200000,1137280000,5626,2114
14216,1137280000,1137360000,8143,2468
14217,1137360000,1137440000,8367,2335
14218,1137440000,1137520000,5074,1878
14219,1137520000,1137600000,6280,2069
14220,1137600000,1137680000,10711,3021
14221,1137680000,1137760000,5472,1822
14222,1137760000,1137840000,5483,2120
14223,1137840000,1137920000,6146,1747
14224,1137920000,1138000000,11048,3093
14225,1138000000,1138080000,4975,1834
14226,1138080000,1138160000,5594,2017
14227,1138160000,1138240000,9517,2794
14228,1138240000,1138320000,7143,1856
14229,1138320000,1138400000,5466,2134
14230,1138400000,1138480000,6491,1903
14231,1138480000,1138560000,10129,2844
14232,1138560000,1138640000,5164,1750
14233,1138640000,1138720000,5781,2136
14234,1138720000,1138800000,7138,2152
14235,1138800000,1138880000,9966,2758
14236,1138880000,1138960000,4930,1782
14237,1138960000,1139040000,5952,1978
14238,1139040000,1139120000,10825,3034
14239,1139120000,1139200000,6240,1857
14240,1139200000,1139280000,5609,2107
14241,1139280000,1139360000,6090,1817
14242,1139360000,1139440000,10449,2948
14243,1139440000,1139520000,5129,1737
14244,1139520000,1139600000,5492,2117
14245,1139600000,1139680000,8221,2461
14246,1139680000,1139760000,8505,2327
14247,1139760000,1139840000,4987,1882
14248,1139840000,1139920000,6578,2067
14249,1139920000,1140000000,6713,2355
14250,1140000000,1140080000,8891,2673
14251,1140080000,1140160000,7129,2361
14252,1140160000,1140240000,11032,3323
14253,1140240000,1140320000,5449,1753
14254,1140320000,1140400000,5672,2132
14255,1140400000,1140480000,7325,2160
14256,1140480000,1140560000,10114,2760
14257,1140560000,1140640000,4849,1786
14258,1140640000,1140720000,5730,1982
14259,1140720000,1140800000,11179,3055
14260,1140800000,1140880000,6197,1857
14261,1140880000,1140960000,5797,2106
14262,1140960000,1141040000,6219,1811
14263,1141040000,1141120000,10666,2986
14264,1141120000,1141200000,4897,1737
14265,1141200000,1141280000,5903,2114
14266,1141280000,1141360000,8045,2478
14267,1141360000,1141440000,8663,2349
14268,1141440000,1141520000,5259,1886
14269,1141520000,1141600000,6361,2073
14270,1141600000,1141680000,10827,3036
14271,1141680000,1141760000,5671,1820
14272,1141760000,1141840000,5747,2113
14273,1141840000,1141920000,6101,1753
14274,1141920000,1142000000,10840,3102
14275,1142000000,1142080000,5053,1830
14276,1142080000,1142160000,5739,2018
14277,1142160000,1142240000,9365,2819
14278,1142240000,1142320000,7167,1902
14279,1142320000,1142400000,5265,2037
14280,1142400000,1142480000,6297,1862
14281,1142480000,1142560000,10073,2835
14282,1142560000,1142640000,5226,1750
14283,1142640000,1142720000,5715,2058
14284,1142720000,1142800000,7299,2150
14285,1142800000,1142880000,9892,2734
14286,1142880000,1142960000,4666,1660
14287,1142960000,1143040000,6053,1981
14288,1143040000,1143120000,10815,3010
14289,1143120000,1143200000,6110,1785
14290,1143200000,1143280000,5573,2080
14291,1143280000,1143360000,5983,1793
14292,1143360000,1143440000,10389,2954
14293,1143440000,1143520000,5206,1737
14294,1143520000,1143600000,5641,2109
14295,1143600000,1143680000,8102,2466
14296,1143680000,1143760000,8580,2337
14297,1143760000,1143840000,4822,1886
14298,1143840000,1143920000,6283,2073
14299,1143920000,1144000000,11063,3010
14300,1144000000,1144080000,5668,1822
14301,1144080000,1144160000,5523,2118
14302,1144160000,1144240000,6142,1752
14303,1144240000,1144320000,10844,3089
14304,1144320000,1144400000,4915,1830
14305,1144400000,1144480000,5788,2014
14306,1144480000,1144560000,9519,2812
14307,1144560000,1144640000,7142,1906
14308,1144640000,1144720000,5534,2160
14309,1144720000,1144800000,6695,2016
14310,1144800000,1144880000,6231,2198
14311,1144880000,1144960000,7896,2562
14312,1144960000,1145040000,6806,2561
14313,1145040000,1145120000,10835,3207
14314,1145120000,1145200000,5033,1739
14315,1145200000,1145280000,5610,2114
14316,1145280000,1145360000,8330,2476
14317,1145360000,1145440000,8798,2341
14318,1145440000,1145520000,4996,1882
14319,1145520000,1145600000,6461,2069
14320,1145600000,1145680000,11269,3036
14321,1145680000,1145760000,5510,1822
14322,1145760000,1145840000,5754,2120
14323,1145840000,1145920000,6141,1752
14324,1145920000,1146000000,11003,3105
14325,1146000000,1146080000,5190,1827
14326,1146080000,1146160000,5881,2017
14327,1146160000,1146240000,9196,2834
14328,1146240000,1146320000,7333,1919
14329,1146320000,1146400000,5519,2156
14330,1146400000,1146480000,6339,1935
14331,1146480000,1146560000,10099,2861
14332,1146560000,1146640000,5474,1750
14333,1146640000,1146720000,5535,2136
14334,1146720000,1146800000,7126,2158
14335,1146800000,1146880000,10020,2756
14336,1146880000,1146960000,4788,1779
14337,1146960000,1147040000,6107,1977
14338,1147040000,1147120000,10655,3046
14339,1147120000,1147200000,5926,1859
14340,1147200000,1147280000,5655,2108
14341,1147280000,1147360000,6008,1817
14342,1147360000,1147440000,10572,2959
14343,1147440000,1147520000,5332,1737
14344,1147520000,1147600000,5763,2117
14345,1147600000,1147680000,8231,2461
14346,1147680000,1147760000,8750,2337
14347,1147760000,1147840000,5065,1882
14348,1147840000,1147920000,6360,2069
14349,1147920000,1148000000,10917,2983
14350,1148000000,1148080000,5540,1767
14351,1148080000,1148160000,5589,2087
14352,1148160000,1148240000,6067,1739
14353,1148240000,1148320000,10893,3085
14354,1148320000,1148400000,4928,1788
14355,1148400000,1148480000,5407,1870
14356,1148480000,1148560000,9275,2808
14357,1148560000,1148640000,7223,1906
14358,1148640000,1148720000,5495,2083
14359,1148720000,1148800000,6493,1932
14360,1148800000,1148880000,10234,2848
14361,1148880000,1148960000,5132,1618
14362,1148960000,1149040000,5967,2115
14363,1149040000,1149120000,7227,2156
14364,1149120000,1149200000,9916,2752
14365,1149200000,1149280000,4850,1756
14366,1149280000,1149360000,5688,1978
14367,1149360000,1149440000,10716,3038
14368,1149440000,1149520000,6179,1857
14369,1149520000,1149600000,5615,2106
14370,1149600000,1149680000,6880,2258
14371,1149680000,1149760000,5903,2191
14372,1149760000,1149840000,6983,2320
14373,1149840000,1149920000,7252,2686
14374,1149920000,1150000000,10501,3105
14375,1150000000,1150080000,4915,1706
14376,1150080000,1150160000,6003,2022
14377,1150160000,1150240000,9526,2832
14378,1150240000,1150320000,7023,1908
14379,1150320000,1150400000,5579,2132
14380,1150400000,1150480000,6419,1933
14381,1150480000,1150560000,10032,2875
14382,1150560000,1150640000,5381,1750
14383,1150640000,1150720000,5644,2126
14384,1150720000,1150800000,7265,2156
14385,1150800000,1150880000,9355,2770
14386,1150880000,1150960000,4666,1786
14387,1150960000,1151040000,5780,1982
14388,1151040000,1151120000,10344,3064
14389,1151120000,1151200000,6137,1868
14390,1151200000,1151280000,5439,2110
14391,1151280000,1151360000,5952,1811
14392,1151360000,1151440000,10675,2971
14393,1151440000,1151520000,5042,1741
14394,1151520000,1151600000,5909,2109
14395,1151600000,1151680000,8157,2474
14396,1151680000,1151760000,8763,2341
14397,1151760000,1151840000,4949,1886
14398,1151840000,1151920000,6396,2073
14399,1151920000,1152000000,10807,3025
14400,1152000000,1152080000,5633,1815
14401,1152080000,1152160000,5839,2117
14402,1152160000,1152240000,6031,1750
14403,1152240000,1152320000,10981,3096
14404,1152320000,1152400000,5040,1830
14405,1152400000,1152480000,5620,2018
14406,1152480000,1152560000,9525,2814
14407,1152560000,1152640000,7321,1910
14408,1152640000,1152720000,5509,2160
14409,1152720000,1152800000,6404,1936
14410,1152800000,1152880000,10409,2814
14411,1152880000,1152960000,5086,1697
14412,1152960000,1153040000,5900,2096
14413,1153040000,1153120000,7225,2145
14414,1153120000,1153200000,9841,2759
14415,1153200000,1153280000,4690,1784
14416,1153280000,1153360000,5938,1981
14417,1153360000,1153440000,10598,3039
14418,1153440000,1153520000,6391,1862
14419,1153520000,1153600000,5758,2112
14420,1153600000,1153680000,6053,1812
14421,1153680000,1153760000,10810,2966
14422,1153760000,1153840000,5191,1741
14423,1153840000,1153920000,5778,2110
14424,1153920000,1154000000,8273,2468
14425,1154000000,1154080000,8632,2329
14426,1154080000,1154160000,4961,1882
14427,1154160000,1154240000,6325,2073
14428,1154240000,1154320000,10973,3008
14429,1154320000,1154400000,5469,1800
14430,1154400000,1154480000,5338,1948
14431,1154480000,1154560000,7048,2290
14432,1154560000,1154640000,6811,2440
14433,1154640000,1154720000,6580,2128
14434,1154720000,1154800000,7716,2890
14435,1154800000,1154880000,9754,2789
14436,1154880000,1154960000,4888,1784
14437,1154960000,1155040000,5919,1981
14438,1155040000,1155120000,10830,3062
14439,1155120000,1155200000,5973,1859
14440,1155200000,1155280000,5646,2108
14441,1155280000,1155360000,6099,1817
14442,1155360000,1155440000,10629,2988
14443,1155440000,1155520000,5066,1724
14444,1155520000,1155600000,5432,1944
14445,1155600000,1155680000,8211,2465
14446,1155680000,1155760000,8252,2332
14447,1155760000,1155840000,4908,1793
14448,1155840000,1155920000,6471,2063
14449,1155920000,1156000000,10353,3045
14450,1156000000,1156080000,5213,1722
14451,1156080000,1156160000,5811,2070
14452,1156160000,1156240000,6076,1752
14453,1156240000,1156320000,10479,3109
14454,1156320000,1156400000,5148,1800
14455,1156400000,1156480000,5649,2017
14456,1156480000,1156560000,9281,2828
14457,1156560000,1156640000,6816,1913
14458,1156640000,1156720000,5624,2151
14459,1156720000,1156800000,6414,1932
14460,1156800000,1156880000,9561,2859
14461,1156880000,1156960000,5028,1746
14462,1156960000,1157040000,5519,2136
14463,1157040000,1157120000,7047,2154
14464,1157120000,1157200000,9852,2763
14465,1157200000,1157280000,4638,1786
14466,1157280000,1157360000,5715,1978
14467,1157360000,1157440000,10878,3036
14468,1157440000,1157520000,6264,1863
14469,1157520000,1157600000,5652,2106
14470,1157600000,1157680000,6128,1814
14471,1157680000,1157760000,10794,2925
14472,1157760000,1157840000,4870,1694
14473,1157840000,1157920000,5752,2085
14474,1157920000,1158000000,8209,2459
14475,1158000000,1158080000,8708,2331
14476,1158080000,1158160000,5161,1882
14477,1158160000,1158240000,6412,2069
14478,1158240000,1158320000,10847,3019
14479,1158320000,1158400000,5580,1798
14480,1158400000,1158480000,5584,2114
14481,1158480000,1158560000,6060,1747
14482,1158560000,1158640000,11006,3087
14483,1158640000,1158720000,5128,1834
14484,1158720000,1158800000,5613,2021
14485,1158800000,1158880000,9490,2818
14486,1158880000,1158960000,7252,1903
14487,1158960000,1159040000,5614,2155
14488,1159040000,1159120000,6572,1932
14489,1159120000,1159200000,10239,2846
14490,1159200000,1159280000,5095,1750
14491,1159280000,1159360000,5837,2132
14492,1159360000,1159440000,7292,2387
14493,1159440000,1159520000,7596,2656
14494,1159520000,1159600000,5786,1883
14495,1159600000,1159680000,8795,3248
14496,1159680000,1159760000,8477,2338
14497,1159760000,1159840000,4986,1863
14498,1159840000,1159920000,6330,2077
14499,1159920000,1160000000,10969,3046
14500,1160000000,1160080000,5365,1814
14501,1160080000,1160160000,5932,2113
14502,1160160000,1160240000,6187,1753
14503,1160240000,1160320000,10774,3114
14504,1160320000,1160400000,4980,1830
14505,1160400000,1160480000,5845,2018
14506,1160480000,1160560000,9480,2830
14507,1160560000,1160640000,6860,1914
14508,1160640000,1160720000,5785,2160
14509,1160720000,1160800000,6447,1936
14510,1160800000,1160880000,9633,2877
14511,1160880000,1160960000,5283,1754
14512,1160960000,1161040000,5694,2126
14513,1161040000,1161120000,7108,2156
14514,1161120000,1161200000,9584,2774
14515,1161200000,1161280000,4798,1784
14516,1161280000,1161360000,5927,1981
14517,1161360000,1161440000,10659,3052
14518,1161440000,1161520000,5910,1861
14519,1161520000,1161600000,5359,1967
14520,1161600000,1161680000,5933,1762
14521,1161680000,1161760000,10120,2968
14522,1161760000,1161840000,4912,1716
14523,1161840000,1161920000,5760,2059
14524,1161920000,1162000000,8044,2467
14525,1162000000,1162080000,8248,2307
14526,1162080000,1162160000,4912,1761
14527,1162160000,1162240000,6471,2073
14528,1162240000,1162320000,10723,3022
14529,1162320000,1162400000,5488,1773
14530,1162400000,1162480000,5640,2110
14531,1162480000,1162560000,6124,1752
14532,1162560000,1162640000,10385,3037
14533,1162640000,1162720000,5100,1802
14534,1162720000,1162800000,5570,1979
14535,1162800000,1162880000,9359,2814
14536,1162880000,1162960000,6699,1914
14537,1162960000,1163040000,5376,2160
14538,1163040000,1163120000,6371,1936
14539,1163120000,1163200000,10030,2863
14540,1163200000,1163280000,5264,1746
14541,1163280000,1163360000,5477,2130
14542,1163360000,1163440000,7203,2150
14543,1163440000,1163520000,10160,2753
14544,1163520000,1163600000,4767,1784
14545,1163600000,1163680000,6020,1977
14546,1163680000,1163760000,10935,3043
14547,1163760000,1163840000,6153,1857
14548,1163840000,1163920000,5596,2111
14549,1163920000,1164000000,6053,1812
14550,1164000000,1164080000,10760,2960
14551,1164080000,1164160000,5220,1741
14552,1164160000,1164240000,5890,2114
14553,1164240000,1164320000,6990,2317
14554,1164320000,1164400000,7854,2654
14555,1164400000,1164480000,6023,2010
14556,1164480000,1164560000,10007,3639
14557,1164560000,1164640000,7055,1921
14558,1164640000,1164720000,5575,2155
14559,1164720000,1164800000,6591,1936
14560,1164800000,1164880000,10221,2871
14561,1164880000,1164960000,5181,1746
14562,1164960000,1165040000,5822,2136
14563,1165040000,1165120000,7262,2158
14564,1165120000,1165200000,9961,2774
14565,1165200000,1165280000,4989,1786
14566,1165280000,1165360000,5997,1978
14567,1165360000,1165440000,10724,3059
14568,1165440000,1165520000,5993,1859
14569,1165520000,1165600000,5595,2108
14570,1165600000,1165680000,5968,1817
14571,1165680000,1165760000,10105,2996
14572,1165760000,1165840000,5155,1741
14573,1165840000,1165920000,5526,2118
14574,1165920000,1166000000,8046,2471
14575,1166000000,1166080000,8428,2348
14576,1166080000,1166160000,5088,1878
14577,1166160000,1166240000,6582,2069
14578,1166240000,1166320000,10619,3035
14579,1166320000,1166400000,5331,1820
14580,1166400000,1166480000,5795,2117
14581,1166480000,1166560000,6078,1752
14582,1166560000,1166640000,10340,3102
14583,1166640000,1166720000,5232,1831
14584,1166720000,1166800000,5703,2021
14585,1166800000,1166880000,9262,2822
14586,1166880000,1166960000,6985,1914
14587,1166960000,1167040000,5585,2155
14588,1167040000,1167120000,6424,1932
14589,1167120000,1167200000,10001,2858
14590,1167200000,1167280000,5288,1750
14591,1167280000,1167360000,5717,2132
14592,1167360000,1167440000,7258,2156
14593,1167440000,1167520000,9640,2681
14594,1167520000,1167600000,4629,1704
14595,1167600000,1167680000,5478,1806
14596,1167680000,1167760000,10641,3023
14597,1167760000,1167840000,5814,1862
14598,1167840000,1167920000,5592,2035
14599,1167920000,1168000000,6042,1812
14600,1168000000,1168080000,10249,2969
14601,1168080000,1168160000,4768,1601
14602,1168160000,1168240000,5949,2108
14603,1168240000,1168320000,8147,2461
14604,1168320000,1168400000,8462,2335
14605,1168400000,1168480000,5083,1856
14606,1168480000,1168560000,6308,2069
14607,1168560000,1168640000,10544,3023
14608,1168640000,1168720000,5521,1822
14609,1168720000,1168800000,5599,2114
14610,1168800000,1168880000,6043,1744
14611,1168880000,1168960000,10363,3097
14612,1168960000,1169040000,4902,1834
14613,1169040000,1169120000,5595,2021
14614,1169120000,1169200000,6663,2257
14615,1169200000,1169280000,8010,2652
14616,1169280000,1169360000,6317,2146
14617,1169360000,1169440000,10752,3582
14618,1169440000,1169520000,6197,1846
14619,1169520000,1169600000,5674,2102
14620,1169600000,1169680000,6062,1816
14621,1169680000,1169760000,10498,2992
14622,1169760000,1169840000,5204,1733
14623,1169840000,1169920000,5676,2110
14624,1169920000,1170000000,8347,2474
14625,1170000000,1170080000,8428,2351
14626,1170080000,1170160000,4916,1886
14627,1170160000,1170240000,6311,2073
14628,1170240000,1170320000,10705,3040
14629,1170320000,1170400000,5415,1815
14630,1170400000,1170480000,5508,2117
14631,1170480000,1170560000,5993,1753
14632,1170560000,1170640000,10314,3119
14633,1170640000,1170720000,4939,1833
14634,1170720000,1170800000,5825,2014
14635,1170800000,1170880000,9348,2831
14636,1170880000,1170960000,7073,1916
14637,1170960000,1171040000,5609,2160
14638,1171040000,1171120000,6512,1936
14639,1171120000,1171200000,9976,2875
14640,1171200000,1171280000,5401,1746
14641,1171280000,1171360000,5875,2130
14642,1171360000,1171440000,7181,2156
14643,1171440000,1171520000,9519,2753
14644,1171520000,1171600000,4761,1783
14645,1171600000,1171680000,5731,1980
14646,1171680000,1171760000,10492,3046
14647,1171760000,1171840000,6040,1861
14648,1171840000,1171920000,5496,2111
14649,1171920000,1172000000,6017,1812
14650,1172000000,1172080000,10514,2976
14651,1172080000,1172160000,4968,1741
14652,1172160000,1172240000,6045,2110
14653,1172240000,1172320000,8275,2466
14654,1172320000,1172400000,8286,2272
14655,1172400000,1172480000,4924,1857
14656,1172480000,1172560000,6349,2038
14657,1172560000,1172640000,10544,3022
14658,1172640000,1172720000,5606,1820
14659,1172720000,1172800000,5755,2121
14660,1172800000,1172880000,6055,1751
14661,1172880000,1172960000,10484,3101
14662,1172960000,1173040000,5064,1826
14663,1173040000,1173120000,5689,2014
14664,1173120000,1173200000,9477,2817
14665,1173200000,1173280000,6976,1913
14666,1173280000,1173360000,5587,2156
14667,1173360000,1173440000,6519,1936
14668,1173440000,1173520000,10034,2855
14669,1173520000,1173600000,5225,1750
14670,1173600000,1173680000,5304,1954
14671,1173680000,1173760000,7166,2137
14672,1173760000,1173840000,9591,2746
14673,1173840000,1173920000,4686,1736
14674,1173920000,1174000000,5949,1957
14675,1174000000,1174080000,7134,2474
14676,1174080000,1174160000,8192,2568
14677,1174160000,1174240000,6421,2277
14678,1174240000,1174320000,10971,3495
14679,1174320000,1174400000,5660,1825
14680,1174400000,1174480000,5725,2116
14681,1174480000,1174560000,6169,1757
14682,1174560000,1174640000,10922,3105
14683,1174640000,1174720000,4972,1785
14684,1174720000,1174800000,5444,1870
14685,1174800000,1174880000,9639,2821
14686,1174880000,1174960000,7142,1911
14687,1174960000,1175040000,5559,2087
14688,1175040000,1175120000,6591,1932
14689,1175120000,1175200000,9966,2876
14690,1175200000,1175280000,4950,1614
14691,1175280000,1175360000,5944,2115
14692,1175360000,1175440000,7061,2158
14693,1175440000,1175520000,9642,2771
14694,1175520000,1175600000,4848,1757
14695,1175600000,1175680000,5719,1977
14696,1175680000,1175760000,10511,3058
14697,1175760000,1175840000,6110,1863
14698,1175840000,1175920000,5659,2103
14699,1175920000,1176000000,6033,1814
14700,1176000000,1176080000,10252,2988
14701,1176080000,1176160000,4920,1737
14702,1176160000,1176240000,5606,2118
14703,1176240000,1176320000,8087,2468
14704,1176320000,1176400000,8235,2335
14705,1176400000,1176480000,4773,1882
14706,1176480000,1176560000,6227,2069
14707,1176560000,1176640000,10518,3028
14708,1176640000,1176720000,5423,1821
14709,1176720000,1176800000,5745,2115
14710,1176800000,1176880000,6142,1744
14711,1176880000,1176960000,10768,3101
14712,1176960000,1177040000,5004,1834
14713,1177040000,1177120000,5810,2021
14714,1177120000,1177200000,9496,2798
14715,1177200000,1177280000,7017,1866
14716,1177280000,1177360000,5739,2138
14717,1177360000,1177440000,6448,1903
14718,1177440000,1177520000,9906,2856
14719,1177520000,1177600000,5304,1750
14720,1177600000,1177680000,5619,2132
14721,1177680000,1177760000,7075,2152
14722,1177760000,1177840000,9643,2764
14723,1177840000,1177920000,4811,1786
14724,1177920000,1178000000,5693,1982
14725,1178000000,1178080000,10781,3028
14726,1178080000,1178160000,6024,1855
14727,1178160000,1178240000,5796,2106
14728,1178240000,1178320000,6195,1813
14729,1178320000,1178400000,10348,2968
14730,1178400000,1178480000,4785,1712
14731,1178480000,1178560000,5825,2114
14732,1178560000,1178640000,8186,2461
14733,1178640000,1178720000,8328,2333
14734,1178720000,1178800000,5222,1886
14735,1178800000,1178880000,6368,2071
14736,1178880000,1178960000,6562,2359
14737,1178960000,1179040000,8417,2673
14738,1179040000,1179120000,6768,2361
14739,1179120000,1179200000,10837,3327
14740,1179200000,1179280000,5197,1754
14741,1179280000,1179360000,6022,2126
14742,1179360000,1179440000,7324,2161
14743,1179440000,1179520000,9861,2758
14744,1179520000,1179600000,4772,1783
14745,1179600000,1179680000,5957,1980
14746,1179680000,1179760000,10950,3060
14747,1179760000,1179840000,6197,1864
14748,1179840000,1179920000,5820,2111
14749,1179920000,1180000000,6111,1814
14750,1180000000,1180080000,10382,2990
14751,1180080000,1180160000,5162,1733
14752,1180160000,1180240000,5769,2110
14753,1180240000,1180320000,7995,2478
14754,1180320000,1180400000,8410,2351
14755,1180400000,1180480000,4972,1882
14756,1180480000,1180560000,6358,2073
14757,1180560000,1180640000,10751,3033
14758,1180640000,1180720000,5581,1819
14759,1180720000,1180800000,5404,1950
14760,1180800000,1180880000,6039,1731
14761,1180880000,1180960000,10658,3095
14762,1180960000,1181040000,4962,1786
14763,1181040000,1181120000,5816,1986
14764,1181120000,1181200000,9374,2825
14765,1181200000,1181280000,6730,1875
14766,1181280000,1181360000,5478,2050
14767,1181360000,1181440000,6510,1936
14768,1181440000,1181520000,9915,2862
14769,1181520000,1181600000,5374,1722
14770,1181600000,1181680000,5585,2128
14771,1181680000,1181760000,7223,2150
14772,1181760000,1181840000,9762,2767
14773,1181840000,1181920000,4885,1784
14774,1181920000,1182000000,5827,1977
14775,1182000000,1182080000,10714,3018
14776,1182080000,1182160000,5861,1807
14777,1182160000,1182240000,5371,2089
14778,1182240000,1182320000,5983,1796
14779,1182320000,1182400000,10282,2970
14780,1182400000,1182480000,4883,1712
14781,1182480000,1182560000,5532,2114
14782,1182560000,1182640000,8052,2466
14783,1182640000,1182720000,8375,2339
14784,1182720000,1182800000,4939,1882
14785,1182800000,1182880000,6436,2069
14786,1182880000,1182960000,10824,3018
14787,1182960000,1183040000,5590,1821
14788,1183040000,1183120000,5782,2120
14789,1183120000,1183200000,6167,1755
14790,1183200000,1183280000,10694,3101
14791,1183280000,1183360000,5142,1831
14792,1183360000,1183440000,5803,2017
14793,1183440000,1183520000,9473,2816
14794,1183520000,1183600000,6956,1914
14795,1183600000,1183680000,5510,2156
14796,1183680000,1183760000,6576,2016
14797,1183760000,1183840000,6079,2202
14798,1183840000,1183920000,7821,2559
14799,1183920000,1184000000,6966,2561
14800,1184000000,1184080000,10815,3210
14801,1184080000,1184160000,5060,1739
14802,1184160000,1184240000,5896,2118
14803,1184240000,1184320000,8314,2476
14804,1184320000,1184400000,8768,2339
14805,1184400000,1184480000,5195,1882
14806,1184480000,1184560000,6459,2069
14807,1184560000,1184640000,11090,3037
14808,1184640000,1184720000,5633,1821
14809,1184720000,1184800000,5623,2116
14810,1184800000,1184880000,6128,1752
14811,1184880000,1184960000,10661,3107
14812,1184960000,1185040000,5072,1831
14813,1185040000,1185120000,5579,2021
14814,1185120000,1185200000,9204,2838
14815,1185200000,1185280000,7073,1921
14816,1185280000,1185360000,5650,2155
14817,1185360000,1185440000,6545,1932
14818,1185440000,1185520000,9990,2875
14819,1185520000,1185600000,5161,1750
14820,1185600000,1185680000,5895,2132
14821,1185680000,1185760000,7127,2158
14822,1185760000,1185840000,9783,2772
14823,1185840000,1185920000,5055,1786
14824,1185920000,1186000000,5880,1982
14825,1186000000,1186080000,10577,3054
14826,1186080000,1186160000,5920,1859
14827,1186160000,1186240000,5600,2103
14828,1186240000,1186320000,5980,1814
14829,1186320000,1186400000,10370,2977
14830,1186400000,1186480000,4963,1712
14831,1186480000,1186560000,5723,2114
14832,1186560000,1186640000,8233,2461
14833,1186640000,1186720000,8633,2333
14834,1186720000,1186800000,4849,1796
14835,1186800000,1186880000,6166,1970
14836,1186880000,1186960000,10853,2976
14837,1186960000,1187040000,5423,1768
14838,1187040000,1187120000,5637,2017
14839,1187120000,1187200000,6064,1736
14840,1187200000,1187280000,10512,3083
14841,1187280000,1187360000,4841,1706
14842,1187360000,1187440000,5907,2018
14843,1187440000,1187520000,9297,2822
14844,1187520000,1187600000,7109,1914
14845,1187600000,1187680000,5540,2132
14846,1187680000,1187760000,6350,1932
14847,1187760000,1187840000,10025,2856
14848,1187840000,1187920000,5474,1751
14849,1187920000,1188000000,5655,2126
14850,1188000000,1188080000,7209,2157
14851,1188080000,1188160000,9639,2760
14852,1188160000,1188240000,4622,1786
14853,1188240000,1188320000,5697,1982
14854,1188320000,1188400000,10782,3045
14855,1188400000,1188480000,5806,1854
14856,1188480000,1188560000,5423,2110
14857,1188560000,1188640000,6902,2258
14858,1188640000,1188720000,6128,2190
14859,1188720000,1188800000,7092,2326
14860,1188800000,1188880000,7335,2690
14861,1188880000,1188960000,10663,3130
14862,1188960000,1189040000,5183,1833
14863,1189040000,1189120000,5728,2018
14864,1189120000,1189200000,9597,2833
14865,1189200000,1189280000,6955,1916
14866,1189280000,1189360000,5393,2160
14867,1189360000,1189440000,6449,1936
14868,1189440000,1189520000,10261,2883
14869,1189520000,1189600000,5198,1750
14870,1189600000,1189680000,5514,2130
14871,1189680000,1189760000,7261,2156
14872,1189760000,1189840000,9486,2778
14873,1189840000,1189920000,4686,1783
14874,1189920000,1190000000,6002,1977
14875,1190000000,1190080000,10328,3062
14876,1190080000,1190160000,6031,1868
14877,1190160000,1190240000,5631,2111
14878,1190240000,1190320000,6039,1814
14879,1190320000,1190400000,10548,2987
14880,1190400000,1190480000,5187,1712
14881,1190480000,1190560000,5944,2114
14882,1190560000,1190640000,8156,2474
14883,1190640000,1190720000,8597,2343
14884,1190720000,1190800000,5024,1882
14885,1190800000,1190880000,6291,2073
14886,1190880000,1190960000,10617,3031
14887,1190960000,1191040000,5532,1816
14888,1191040000,1191120000,5465,2121
14889,1191120000,1191200000,6022,1753
14890,1191200000,1191280000,10728,3102
14891,1191280000,1191360000,4974,1830
14892,1191360000,1191440000,5972,2014
14893,1191440000,1191520000,9534,2818
14894,1191520000,1191600000,7076,1922
14895,1191600000,1191680000,5622,2156
14896,1191680000,1191760000,6525,1936
14897,1191760000,1191840000,10100,2830
14898,1191840000,1191920000,5465,1696
14899,1191920000,1192000000,5679,2106
14900,1192000000,1192080000,7198,2144
14901,1192080000,1192160000,9690,2767
14902,1192160000,1192240000,4802,1780
14903,1192240000,1192320000,5832,1977
14904,1192320000,1192400000,10559,3044
14905,1192400000,1192480000,6029,1857
14906,1192480000,1192560000,5597,2108
14907,1192560000,1192640000,6048,1812
14908,1192640000,1192720000,10697,2964
14909,1192720000,1192800000,5102,1728
14910,1192800000,1192880000,5454,1944
14911,1192880000,1192960000,8242,2462
14912,1192960000,1193040000,8492,2320
14913,1193040000,1193120000,4916,1820
14914,1193120000,1193200000,6414,2063
14915,1193200000,1193280000,10789,3025
14916,1193280000,1193360000,5216,1719
14917,1193360000,1193440000,5800,2070
14918,1193440000,1193520000,7211,2314
14919,1193520000,1193600000,7044,2440
14920,1193600000,1193680000,6588,2128
14921,1193680000,1193760000,7793,2890
14922,1193760000,1193840000,9969,2790
14923,1193840000,1193920000,4697,1732
14924,1193920000,1194000000,5659,1848
14925,1194000000,1194080000,10955,3049
14926,1194080000,1194160000,6106,1859
14927,1194160000,1194240000,5638,2035
14928,1194240000,1194320000,6156,1814
14929,1194320000,1194400000,10713,2983
14930,1194400000,1194480000,4814,1601
14931,1194480000,1194560000,5991,2108
14932,1194560000,1194640000,8276,2471
14933,1194640000,1194720000,8441,2345
14934,1194720000,1194800000,5087,1852
14935,1194800000,1194880000,6264,2069
14936,1194880000,1194960000,10370,3043
14937,1194960000,1195040000,5630,1826
14938,1195040000,1195120000,5643,2114
14939,1195120000,1195200000,6024,1749
14940,1195200000,1195280000,10447,3107
14941,1195280000,1195360000,4957,1834
14942,1195360000,1195440000,5659,2021
14943,1195440000,1195520000,9279,2827
14944,1195520000,1195600000,6974,1918
14945,1195600000,1195680000,5409,2155
14946,1195680000,1195760000,6388,1932
14947,1195760000,1195840000,9702,2865
14948,1195840000,1195920000,4979,1746
14949,1195920000,1196000000,5759,2127
14950,1196000000,1196080000,7098,2155
14951,1196080000,1196160000,9758,2761
14952,1196160000,1196240000,4709,1786
14953,1196240000,1196320000,5899,1982
14954,1196320000,1196400000,10890,3045
14955,1196400000,1196480000,6226,1858
14956,1196480000,1196560000,5843,2110
14957,1196560000,1196640000,6127,1814
14958,1196640000,1196720000,10595,2927
14959,1196720000,1196800000,5043,1694
14960,1196800000,1196880000,5571,2081
14961,1196880000,1196960000,8196,2459
14962,1196960000,1197040000,8432,2337
14963,1197040000,1197120000,4955,1886
14964,1197120000,1197200000,6236,2073
14965,1197200000,1197280000,10791,3027
14966,1197280000,1197360000,5417,1817
14967,1197360000,1197440000,5898,2113
14968,1197440000,1197520000,6121,1744
14969,1197520000,1197600000,10805,3101
14970,1197600000,1197680000,5039,1833
14971,1197680000,1197760000,5874,2018
14972,1197760000,1197840000,9489,2822
14973,1197840000,1197920000,7042,1913
14974,1197920000,1198000000,5759,2160
14975,1198000000,1198080000,6445,1935
14976,1198080000,1198160000,10010,2840
14977,1198160000,1198240000,5296,1751
14978,1198240000,1198320000,5674,2125
14979,1198320000,1198400000,7358,2387
14980,1198400000,1198480000,7818,2656
14981,1198480000,1198560000,5774,1883
14982,1198560000,1198640000,8962,3249
14983,1198640000,1198720000,8661,2338
14984,1198720000,1198800000,5043,1882
14985,1198800000,1198880000,6494,2077
14986,1198880000,1198960000,10927,3043
14987,1198960000,1199040000,5752,1816
14988,1199040000,1199120000,5803,2121
14989,1199120000,1199200000,6179,1756
14990,1199200000,1199280000,10908,3116
14991,1199280000,1199360000,5143,1830
14992,1199360000,1199440000,5745,2014
14993,1199440000,1199520000,9497,2821
14994,1199520000,1199600000,6919,1917
14995,1199600000,1199680000,5563,2156
14996,1199680000,1199760000,6455,1935
14997,1199760000,1199840000,9815,2875
14998,1199840000,1199920000,5239,1754
14999,1199920000,1200000000,5340,1954
15000,1200000000,1200080000,7112,2143
15001,1200080000,1200160000,9755,2757
15002,1200160000,1200240000,4775,1732
15003,1200240000,1200320000,6006,1957
15004,1200320000,1200400000,10641,3051
15005,1200400000,1200480000,5860,1789
15006,1200480000,1200560000,5668,2028
15007,1200560000,1200640000,6120,1814
15008,1200640000,1200720000,10235,2973
15009,1200720000,1200800000,5082,1703
15010,1200800000,1200880000,5584,2114
15011,1200880000,1200960000,8055,2467
15012,1200960000,1201040000,8403,2333
15013,1201040000,1201120000,5065,1882
15014,1201120000,1201200000,6309,2069
15015,1201200000,1201280000,10734,3020
15016,1201280000,1201360000,5438,1821
15017,1201360000,1201440000,5511,2120
15018,1201440000,1201520000,6170,1755
15019,1201520000,1201600000,10550,3041
15020,1201600000,1201680000,4878,1803
15021,1201680000,1201760000,5481,1982
15022,1201760000,1201840000,9378,2813
15023,1201840000,1201920000,6748,1919
15024,1201920000,1202000000,5541,2155
15025,1202000000,1202080000,6504,1933
15026,1202080000,1202160000,9918,2847
15027,1202160000,1202240000,5169,1749
15028,1202240000,1202320000,5784,2135
15029,1202320000,1202400000,7206,2149
15030,1202400000,1202480000,10055,2757
15031,1202480000,1202560000,4963,1787
15032,1202560000,1202640000,6031,1978
15033,1202640000,1202720000,10889,3050
15034,1202720000,1202800000,6101,1854
15035,1202800000,1202880000,5530,2107
15036,1202880000,1202960000,6011,1812
15037,1202960000,1203040000,10484,2966
15038,1203040000,1203120000,5155,1741
15039,1203120000,1203200000,5523,2118
15040,1203200000,1203280000,7076,2316
15041,1203280000,1203360000,8040,2654
15042,1203360000,1203440000,6127,2010
15043,1203440000,1203520000,10081,3631
15044,1203520000,1203600000,7347,1924
15045,1203600000,1203680000,5806,2159
15046,1203680000,1203760000,6589,1935
15047,1203760000,1203840000,10378,2879
15048,1203840000,1203920000,5310,1746
15049,1203920000,1204000000,5631,2132
15050,1204000000,1204080000,7274,2158
15051,1204080000,1204160000,10058,2774
15052,1204160000,1204240000,4872,1786
15053,1204240000,1204320000,5727,1982
15054,1204320000,1204400000,10911,3061
15055,1204400000,1204480000,6045,1857
15056,1204480000,1204560000,5797,2103
15057,1204560000,1204640000,6101,1814
15058,1204640000,1204720000,10317,2992
15059,1204720000,1204800000,4894,1741
15060,1204800000,1204880000,5867,2114
15061,1204880000,1204960000,8082,2471
15062,1204960000,1205040000,8532,2342
15063,1205040000,1205120000,5270,1886
15064,1205120000,1205200000,6414,2073
15065,1205200000,1205280000,10645,3033
15066,1205280000,1205360000,5537,1819
15067,1205360000,1205440000,5698,2113
15068,1205440000,1205520000,6062,1749
15069,1205520000,1205600000,10433,3106
15070,1205600000,1205680000,4982,1830
15071,1205680000,1205760000,5689,2018
15072,1205760000,1205840000,9289,2819
15073,1205840000,1205920000,7111,1913
15074,1205920000,1206000000,5355,2041
15075,1206000000,1206080000,6288,1861
15076,1206080000,1206160000,10129,2827
15077,1206160000,1206240000,5297,1751
15078,1206240000,1206320000,5748,2057
15079,1206320000,1206400000,7270,2157
15080,1206400000,1206480000,9594,2652
15081,1206480000,1206560000,4529,1611
15082,1206560000,1206640000,5948,1946
15083,1206640000,1206720000,10677,3037
15084,1206720000,1206800000,6002,1835
15085,1206800000,1206880000,5615,2099
15086,1206880000,1206960000,5949,1812
15087,1206960000,1207040000,10306,2974
15088,1207040000,1207120000,5199,1733
15089,1207120000,1207200000,5642,2110
15090,1207200000,1207280000,8181,2461
15091,1207280000,1207360000,8427,2333
15092,1207360000,1207440000,4917,1886
15093,1207440000,1207520000,6334,2073
15094,1207520000,1207600000,10748,3024
15095,1207600000,1207680000,5385,1823
15096,1207680000,1207760000,5441,2118
15097,1207760000,1207840000,6037,1744
15098,1207840000,1207920000,10468,3099
15099,1207920000,1208000000,4902,1833
15100,1208000000,1208080000,5836,2014
15101,1208080000,1208160000,6752,2256
15102,1208160000,1208240000,8234,2652
15103,1208240000,1208320000,6489,2168
15104,1208320000,1208400000,10881,3589
15105,1208400000,1208480000,6233,1868
15106,1208480000,1208560000,5488,2111
15107,1208560000,1208640000,6094,1819
15108,1208640000,1208720000,10743,2988
15109,1208720000,1208800000,4992,1733
15110,1208800000,1208880000,5571,2114
15111,1208880000,1208960000,8369,2474
15112,1208960000,1209040000,8574,2347
15113,1209040000,1209120000,5008,1882
15114,1209120000,1209200000,6488,2069
15115,1209200000,1209280000,10758,3042
15116,1209280000,1209360000,5409,1816
15117,1209360000,1209440000,5756,2121
15118,1209440000,1209520000,6065,1756
15119,1209520000,1209600000,10599,3123
15120,1209600000,1209680000,5182,1834
15121,1209680000,1209760000,5833,2017
15122,1209760000,1209840000,9368,2830
15123,1209840000,1209920000,7210,1921
15124,1209920000,1210000000,5602,2156
15125,1210000000,1210080000,6441,1936
15126,1210080000,1210160000,10058,2871
15127,1210160000,1210240000,5391,1749
15128,1210240000,1210320000,5505,2136
15129,1210320000,1210400000,7173,2155
15130,1210400000,1210480000,9706,2761
15131,1210480000,1210560000,4636,1756
15132,1210560000,1210640000,6069,1977
15133,1210640000,1210720000,10650,3045
15134,1210720000,1210800000,5974,1858
15135,1210800000,1210880000,5657,2107
15136,1210880000,1210960000,6120,1812
15137,1210960000,1211040000,10510,2970
15138,1211040000,1211120000,5376,1741
15139,1211120000,1211200000,5788,2118
15140,1211200000,1211280000,8300,2466
15141,1211280000,1211360000,8358,2272
15142,1211360000,1211440000,5021,1857
15143,1211440000,1211520000,6266,2034
15144,1211520000,1211600000,10645,3025
15145,1211600000,1211680000,5461,1821
15146,1211680000,1211760000,5649,2117
15147,1211760000,1211840000,6063,1751
15148,1211840000,1211920000,10634,3099
15149,1211920000,1212000000,4936,1785
15150,1212000000,1212080000,5403,1870
15151,1212080000,1212160000,9469,2806
15152,1212160000,1212240000,7200,1909
15153,1212240000,1212320000,5549,2087
15154,1212320000,1212400000,6604,1933
15155,1212400000,1212480000,10093,2855
15156,1212480000,1212560000,4885,1617
15157,1212560000,1212640000,5869,2115
15158,1212640000,1212720000,7229,2149
15159,1212720000,1212800000,9775,2755
15160,1212800000,1212880000,4818,1757
15161,1212880000,1212960000,5727,1978
15162,1212960000,1213040000,7253,2473
15163,1213040000,1213120000,8409,2568
15164,1213120000,1213200000,6493,2255
15165,1213200000,1213280000,11169,3483
15166,1213280000,1213360000,5599,1826
15167,1213360000,1213440000,5755,2046
15168,1213440000,1213520000,6199,1754
15169,1213520000,1213600000,10953,3095
15170,1213600000,1213680000,4881,1703
15171,1213680000,1213760000,5937,2018
15172,1213760000,1213840000,9709,2832
15173,1213840000,1213920000,7228,1916
15174,1213920000,1214000000,5674,2136
15175,1214000000,1214080000,6433,1932
15176,1214080000,1214160000,10080,2878
15177,1214160000,1214240000,5399,1743
15178,1214240000,1214320000,5642,2126
15179,1214320000,1214400000,7065,2159
15180,1214400000,1214480000,9633,2781
15181,1214480000,1214560000,4590,1764
15182,1214560000,1214640000,5737,1982
15183,1214640000,1214720000,10683,3055
15184,1214720000,1214800000,6080,1858
15185,1214800000,1214880000,5461,2107
15186,1214880000,1214960000,6026,1814
15187,1214960000,1215040000,10402,2980
15188,1215040000,1215120000,4889,1737
15189,1215120000,1215200000,5864,2110
15190,1215200000,1215280000,8134,2468
15191,1215280000,1215360000,8282,2333
15192,1215360000,1215440000,4918,1886
15193,1215440000,1215520000,6358,2073
15194,1215520000,1215600000,10670,3029
15195,1215600000,1215680000,5668,1823
15196,1215680000,1215760000,5869,2118
15197,1215760000,1215840000,6148,1744
15198,1215840000,1215920000,10903,3105
15199,1215920000,1216000000,5064,1833
15200,1216000000,1216080000,5663,2018
15201,1216080000,1216160000,9493,2797
15202,1216160000,1216240000,7127,1863
15203,1216240000,1216320000,5462,2139
15204,1216320000,1216400000,6347,1906
15205,1216400000,1216480000,10140,2854
15206,1216480000,1216560000,5066,1747
15207,1216560000,1216640000,5949,2126
15208,1216640000,1216720000,7146,2153
15209,1216720000,1216800000,9809,2758
15210,1216800000,1216880000,4729,1783
15211,1216880000,1216960000,5920,1981
15212,1216960000,1217040000,10753,3039
15213,1217040000,1217120000,6191,1834
15214,1217120000,1217200000,5796,2106
15215,1217200000,1217280000,6126,1817
15216,1217280000,1217360000,10415,2966
15217,1217360000,1217440000,5092,1737
15218,1217440000,1217520000,5681,2110
15219,1217520000,1217600000,8212,2461
15220,1217600000,1217680000,8369,2333
15221,1217680000,1217760000,5005,1882
15222,1217760000,1217840000,6380,2071
15223,1217840000,1217920000,6666,2358
15224,1217920000,1218000000,8735,2671
15225,1218000000,1218080000,6921,2361
15226,1218080000,1218160000,10959,3338
15227,1218160000,1218240000,5620,1753
15228,1218240000,1218320000,5811,2136
15229,1218320000,1218400000,7316,2160
15230,1218400000,1218480000,10079,2772
15231,1218480000,1218560000,4794,1756
15232,1218560000,1218640000,5891,1977
15233,1218640000,1218720000,11057,3061
15234,1218720000,1218800000,6160,1859
15235,1218800000,1218880000,5638,2107
15236,1218880000,1218960000,6122,1814
15237,1218960000,1219040000,10605,2980
15238,1219040000,1219120000,5050,1720
15239,1219120000,1219200000,5426,1944
15240,1219200000,1219280000,8023,2472
15241,1219280000,1219360000,8476,2334
15242,1219360000,1219440000,4967,1820
15243,1219440000,1219520000,6437,2063
15244,1219520000,1219600000,10747,3042
15245,1219600000,1219680000,5411,1718
15246,1219680000,1219760000,5866,2071
15247,1219760000,1219840000,6145,1756
15248,1219840000,1219920000,10785,3114
15249,1219920000,1220000000,5112,1797
15250,1220000000,1220080000,5603,2017
15251,1220080000,1220160000,9357,2824
15252,1220160000,1220240000,7018,1917
15253,1220240000,1220320000,5585,2151
15254,1220320000,1220400000,6408,1933
15255,1220400000,1220480000,9992,2858
15256,1220480000,1220560000,5107,1749
15257,1220560000,1220640000,5533,2136
15258,1220640000,1220720000,7247,2149
15259,1220720000,1220800000,9943,2759
15260,1220800000,1220880000,4696,1787
15261,1220880000,1220960000,5754,1978
15262,1220960000,1221040000,10801,3015
15263,1221040000,1221120000,5922,1802
15264,1221120000,1221200000,5589,2084
15265,1221200000,1221280000,6071,1793
15266,1221280000,1221360000,10370,2968
15267,1221360000,1221440000,4942,1741
15268,1221440000,1221520000,5824,2118
15269,1221520000,1221600000,8086,2466
15270,1221600000,1221680000,8639,2343
15271,1221680000,1221760000,5191,1882
15272,1221760000,1221840000,6443,2069
15273,1221840000,1221920000,10944,3019
15274,1221920000,1222000000,5671,1822
15275,1222000000,1222080000,5632,2116
15276,1222080000,1222160000,6161,1755
15277,1222160000,1222240000,10752,3083
15278,1222240000,1222320000,5055,1831
15279,1222320000,1222400000,5496,2020
15280,1222400000,1222480000,9519,2815
15281,1222480000,1222560000,7091,1911
15282,1222560000,1222640000,5593,2155
15283,1222640000,1222720000,6791,2013
15284,1222720000,1222800000,6205,2201
15285,1222800000,1222880000,8086,2560
15286,1222880000,1222960000,6991,2561
15287,1222960000,1223040000,10791,3198
15288,1223040000,1223120000,5213,1739
15289,1223120000,1223200000,5705,2114
15290,1223200000,1223280000,8338,2476
15291,1223280000,1223360000,8757,2339
15292,1223360000,1223440000,5043,1886
15293,1223440000,1223520000,6272,2073
15294,1223520000,1223600000,11305,3039
15295,1223600000,1223680000,5523,1820
15296,1223680000,1223760000,5960,2114
15297,1223760000,1223840000,6167,1749
15298,1223840000,1223920000,10874,3117
15299,1223920000,1224000000,4948,1830
15300,1224000000,1224080000,5859,2018
15301,1224080000,1224160000,9205,2837
15302,1224160000,1224240000,7294,1928
15303,1224240000,1224320000,5784,2160
15304,1224320000,1224400000,6427,1935
15305,1224400000,1224480000,10120,2875
15306,1224480000,1224560000,5358,1747
15307,1224560000,1224640000,5731,2126
15308,1224640000,1224720000,7144,2159
15309,1224720000,1224800000,9864,2764
15310,1224800000,1224880000,4807,1783
15311,1224880000,1224960000,5874,1981
15312,1224960000,1225040000,10720,3047
15313,1225040000,1225120000,5952,1850
15314,1225120000,1225200000,5312,1967
15315,1225200000,1225280000,5878,1765
15316,1225280000,1225360000,10529,2960
15317,1225360000,1225440000,4984,1720
15318,1225440000,1225520000,5797,2059
15319,1225520000,1225600000,8244,2461
15320,1225600000,1225680000,8593,2315
15321,1225680000,1225760000,4946,1761
15322,1225760000,1225840000,6509,2073
15323,1225840000,1225920000,10869,2994
15324,1225920000,1226000000,5552,1744
15325,1226000000,1226080000,5557,2084
15326,1226080000,1226160000,6020,1736
15327,1226160000,1226240000,10673,3089
15328,1226240000,1226320000,5145,1829
15329,1226320000,1226400000,5641,2013
15330,1226400000,1226480000,9311,2821
15331,1226480000,1226560000,7070,1920
15332,1226560000,1226640000,5357,2160
15333,1226640000,1226720000,6373,1935
15334,1226720000,1226800000,10261,2850
15335,1226800000,1226880000,5314,1751
15336,1226880000,1226960000,5541,2130
15337,1226960000,1227040000,7203,2157
15338,1227040000,1227120000,9762,2754
15339,1227120000,1227200000,4663,1783
15340,1227200000,1227280000,5923,1977
15341,1227280000,1227360000,10756,3043
15342,1227360000,1227440000,5929,1854
15343,1227440000,1227520000,5617,2111
15344,1227520000,1227600000,6982,2261
15345,1227600000,1227680000,6124,2190
15346,1227680000,1227760000,7172,2326
15347,1227760000,1227840000,7326,2690
15348,1227840000,1227920000,10646,3130
15349,1227920000,1228000000,4949,1834
15350,1228000000,1228080000,5650,2021
15351,1228080000,1228160000,9548,2831
15352,1228160000,1228240000,6969,1920
15353,1228240000,1228320000,5570,2155
15354,1228320000,1228400000,6578,1933
15355,1228400000,1228480000,10221,2877
15356,1228480000,1228560000,5072,1749
15357,1228560000,1228640000,5821,2136
15358,1228640000,1228720000,7276,2155
15359,1228720000,1228800000,9554,2768
15360,1228800000,1228880000,4983,1782
15361,1228880000,1228960000,6002,1978
15362,1228960000,1229040000,10350,3061
15363,1229040000,1229120000,6156,1863
15364,1229120000,1229200000,5563,2107
15365,1229200000,1229280000,5979,1814
15366,1229280000,1229360000,10597,2983
15367,1229360000,1229440000,5220,1741
15368,1229440000,1229520000,5596,2118
15369,1229520000,1229600000,8156,2474
15370,1229600000,1229680000,8757,2339
15371,1229680000,1229760000,5045,1878
15372,1229760000,1229840000,6560,2069
15373,1229840000,1229920000,10814,3038
15374,1229920000,1230000000,5314,1817
15375,1230000000,1230080000,5738,2117
15376,1230080000,1230160000,6070,1753
15377,1230160000,1230240000,10873,3092
15378,1230240000,1230320000,5258,1831
15379,1230320000,1230400000,5716,2020
15380,1230400000,1230480000,9545,2817
15381,1230480000,1230560000,7259,1921
15382,1230560000,1230640000,5589,2155
15383,1230640000,1230720000,6472,1933
15384,1230720000,1230800000,10240,2822
15385,1230800000,1230880000,5213,1696
15386,1230880000,1230960000,5625,2102
15387,1230960000,1231040000,7201,2144
15388,1231040000,1231120000,9898,2753
15389,1231120000,1231200000,4646,1728
15390,1231200000,1231280000,5571,1844
15391,1231280000,1231360000,10628,3029
15392,1231360000,1231440000,6117,1857
15393,1231440000,1231520000,5585,2035
15394,1231520000,1231600000,6087,1809
15395,1231600000,1231680000,10670,2965
15396,1231680000,1231760000,4937,1605
15397,1231760000,1231840000,6015,2108
15398,1231840000,1231920000,8280,2468
15399,1231920000,1232000000,8599,2339
15400,1232000000,1232080000,5079,1856
15401,1232080000,1232160000,6212,2069
15402,1232160000,1232240000,10828,3023
15403,1232240000,1232320000,5648,1823
15404,1232320000,1232400000,5634,2114
15405,1232400000,1232480000,7146,2311
15406,1232480000,1232560000,7049,2440
15407,1232560000,1232640000,6683,2118
15408,1232640000,1232720000,7824,2890
15409,1232720000,1232800000,9831,2761
15410,1232800000,1232880000,4688,1660
15411,1232880000,1232960000,6108,1985
15412,1232960000,1233040000,10901,3059
15413,1233040000,1233120000,6123,1832
15414,1233120000,1233200000,5644,2099
15415,1233200000,1233280000,6036,1814
15416,1233280000,1233360000,10608,2986
15417,1233360000,1233440000,5211,1737
15418,1233440000,1233520000,5689,2110
15419,1233520000,1233600000,8252,2471
15420,1233600000,1233680000,8264,2341
15421,1233680000,1233760000,4876,1886
15422,1233760000,1233840000,6289,2073
15423,1233840000,1233920000,10460,3048
15424,1233920000,1234000000,5450,1827
15425,1234000000,1234080000,5480,2118
15426,1234080000,1234160000,6012,1749
15427,1234160000,1234240000,10431,3099
15428,1234240000,1234320000,5029,1833
15429,1234320000,1234400000,5886,2013
15430,1234400000,1234480000,9309,2827
15431,1234480000,1234560000,6868,1918
15432,1234560000,1234640000,5544,2160
15433,1234640000,1234720000,6475,1935
15434,1234720000,1234800000,9697,2857
15435,1234800000,1234880000,5260,1743
15436,1234880000,1234960000,5834,2130
15437,1234960000,1235040000,7095,2155
15438,1235040000,1235120000,9851,2757
15439,1235120000,1235200000,4771,1783
15440,1235200000,1235280000,5772,1981
15441,1235280000,1235360000,10890,3041
15442,1235360000,1235440000,6308,1858
15443,1235440000,1235520000,5509,2111
15444,1235520000,1235600000,6060,1817
15445,1235600000,1235680000,10796,2923
15446,1235680000,1235760000,4893,1694
15447,1235760000,1235840000,5947,2077
15448,1235840000,1235920000,8238,2459
15449,1235920000,1236000000,8557,2343
15450,1236000000,1236080000,4960,1882
15451,1236080000,1236160000,6392,2073
15452,1236160000,1236240000,10792,3030
15453,1236240000,1236320000,5799,1821
15454,1236320000,1236400000,5763,2121
15455,1236400000,1236480000,6095,1747
15456,1236480000,1236560000,10984,3099
15457,1236560000,1236640000,5141,1833
15458,1236640000,1236720000,5766,2014
15459,1236720000,1236800000,9495,2821
15460,1236800000,1236880000,7116,1908
15461,1236880000,1236960000,5517,2156
15462,1236960000,1237040000,6440,1935
15463,1237040000,1237120000,10200,2842
15464,1237120000,1237200000,5170,1728
15465,1237200000,1237280000,5328,1952
15466,1237280000,1237360000,7328,2374
15467,1237360000,1237440000,7880,2656
15468,1237440000,1237520000,5956,1883
15469,1237520000,1237600000,8929,3247
15470,1237600000,1237680000,8642,2334
15471,1237680000,1237760000,5127,1882
15472,1237760000,1237840000,6433,2073
15473,1237840000,1237920000,10958,3044
15474,1237920000,1238000000,5512,1817
15475,1238000000,1238080000,5693,2117
15476,1238080000,1238160000,6182,1756
15477,1238160000,1238240000,10980,3112
15478,1238240000,1238320000,5024,1789
15479,1238320000,1238400000,5442,1870
15480,1238400000,1238480000,9497,2819
15481,1238480000,1238560000,6968,1912
15482,1238560000,1238640000,5482,2060
15483,1238640000,1238720000,6521,1933
15484,1238720000,1238800000,9785,2875
15485,1238800000,1238880000,4945,1621
15486,1238880000,1238960000,5912,2115
15487,1238960000,1239040000,7141,2155
15488,1239040000,1239120000,9840,2766
15489,1239120000,1239200000,4887,1753
15490,1239200000,1239280000,5788,1978
15491,1239280000,1239360000,10584,3053
15492,1239360000,1239440000,6080,1858
15493,1239440000,1239520000,5632,2103
15494,1239520000,1239600000,6029,1811
15495,1239600000,1239680000,10119,2973
15496,1239680000,1239760000,4887,1737
15497,1239760000,1239840000,5562,2118
15498,1239840000,1239920000,8058,2467
15499,1239920000,1240000000,8401,2337
15500,1240000000,1240080000,4839,1886
15501,1240080000,1240160000,6262,2069
15502,1240160000,1240240000,10757,3023
15503,1240240000,1240320000,5408,1822
15504,1240320000,1240400000,5787,2115
15505,1240400000,1240480000,6185,1752
15506,1240480000,1240560000,10504,3041
15507,1240560000,1240640000,4859,1803
15508,1240640000,1240720000,5710,1986
15509,1240720000,1240800000,9379,2813
15510,1240800000,1240880000,6881,1913
15511,1240880000,1240960000,5722,2155
15512,1240960000,1241040000,6498,1933
15513,1241040000,1241120000,9983,2855
15514,1241120000,1241200000,5241,1726
15515,1241200000,1241280000,5594,2130
15516,1241280000,1241360000,7208,2149
15517,1241360000,1241440000,10119,2753
15518,1241440000,1241520000,4846,1787
15519,1241520000,1241600000,5759,1982
15520,1241600000,1241680000,11003,3048
15521,1241680000,1241760000,6095,1852
15522,1241760000,1241840000,5728,2106
15523,1241840000,1241920000,6131,1809
15524,1241920000,1242000000,10707,2970
15525,1242000000,1242080000,4912,1741
15526,1242080000,1242160000,5863,2114
15527,1242160000,1242240000,7055,2316
15528,1242240000,1242320000,8154,2654
15529,1242320000,1242400000,6177,2010
15530,1242400000,1242480000,10065,3637
15531,1242480000,1242560000,7252,1922
15532,1242560000,1242640000,5488,2137
15533,1242640000,1242720000,6465,1939
15534,1242720000,1242800000,10436,2873
15535,1242800000,1242880000,5135,1743
15536,1242880000,1242960000,5999,2126
15537,1242960000,1243040000,7310,2159
15538,1243040000,1243120000,10069,2766
15539,1243120000,1243200000,4748,1783
15540,1243200000,1243280000,5970,1981
15541,1243280000,1243360000,10746,3056
15542,1243360000,1243440000,6160,1854
15543,1243440000,1243520000,5811,2112
15544,1243520000,1243600000,6035,1817
15545,1243600000,1243680000,10272,2992
15546,1243680000,1243760000,5121,1741
15547,1243760000,1243840000,5716,2110
15548,1243840000,1243920000,8084,2471
15549,1243920000,1244000000,8469,2348
15550,1244000000,1244080000,5035,1882
15551,1244080000,1244160000,6410,2073
15552,1244160000,1244240000,10773,3032
15553,1244240000,1244320000,5476,1820
15554,1244320000,1244400000,5366,1950
15555,1244400000,1244480000,6010,1727
15556,1244480000,1244560000,10465,3093
15557,1244560000,1244640000,4922,1786
15558,1244640000,1244720000,5776,1986
15559,1244720000,1244800000,9276,2821
15560,1244800000,1244880000,6983,1870
15561,1244880000,1244960000,5521,2050
15562,1244960000,1245040000,6534,1935
15563,1245040000,1245120000,10140,2850
15564,1245120000,1245200000,5320,1698
15565,1245200000,1245280000,5609,2126
15566,1245280000,1245360000,7246,2157
15567,1245360000,1245440000,9662,2689
15568,1245440000,1245520000,4843,1756
15569,1245520000,1245600000,5715,1942
15570,1245600000,1245680000,10621,3037
15571,1245680000,1245760000,5898,1857
15572,1245760000,1245840000,5435,2112
15573,1245840000,1245920000,5973,1815
15574,1245920000,1246000000,10383,2980
15575,1246000000,1246080000,4995,1733
15576,1246080000,1246160000,5541,2114
15577,1246160000,1246240000,8164,2461
15578,1246240000,1246320000,8444,2337
15579,1246320000,1246400000,5011,1882
15580,1246400000,1246480000,6506,2069
15581,1246480000,1246560000,10737,3024
15582,1246560000,1246640000,5314,1822
15583,1246640000,1246720000,5685,2120
15584,1246720000,1246800000,6105,1747
15585,1246800000,1246880000,10565,3095
15586,1246880000,1246960000,5180,1834
15587,1246960000,1247040000,5837,2017
15588,1247040000,1247120000,6758,2256
15589,1247120000,1247200000,8306,2652
15590,1247200000,1247280000,6432,2168
15591,1247280000,1247360000,10764,3582
15592,1247360000,1247440000,6115,1863
15593,1247440000,1247520000,5688,2106
15594,1247520000,1247600000,6172,1816
15595,1247600000,1247680000,10628,2984
15596,1247680000,1247760000,5004,1737
15597,1247760000,1247840000,5852,2118
15598,1247840000,1247920000,8364,2474
15599,1247920000,1248000000,8601,2349
15600,1248000000,1248080000,5269,1886
15601,1248080000,1248160000,6476,2069
15602,1248160000,1248240000,10727,3043
15603,1248240000,1248320000,5527,1817
15604,1248320000,1248400000,5624,2117
15605,1248400000,1248480000,6031,1756
15606,1248480000,1248560000,10466,3119
15607,1248560000,1248640000,5107,1834
15608,1248640000,1248720000,5543,2021
15609,1248720000,1248800000,9349,2830
15610,1248800000,1248880000,7255,1919
15611,1248880000,1248960000,5670,2151
15612,1248960000,1249040000,6641,1933
15613,1249040000,1249120000,10145,2867
15614,1249120000,1249200000,5117,1749
15615,1249200000,1249280000,5852,2132
15616,1249280000,1249360000,7209,2155
15617,1249360000,1249440000,9690,2757
15618,1249440000,1249520000,4984,1786
15619,1249520000,1249600000,5828,1982
15620,1249600000,1249680000,10632,3045
15621,1249680000,1249760000,6143,1858
15622,1249760000,1249840000,5629,2106
15623,1249840000,1249920000,6062,1809
15624,1249920000,1250000000,10549,2976
15625,1250000000,1250080000,5105,1741
15626,1250080000,1250160000,5759,2114
15627,1250160000,1250240000,8292,2466
15628,1250240000,1250320000,8470,2262
15629,1250320000,1250400000,4798,1771
15630,1250400000,1250480000,6066,1932
15631,1250480000,1250560000,10723,3008
15632,1250560000,1250640000,5406,1820
15633,1250640000,1250720000,5689,2045
15634,1250720000,1250800000,6059,1748
15635,1250800000,1250880000,10536,3077
15636,1250880000,1250960000,4849,1703
15637,1250960000,1251040000,5897,2018
15638,1251040000,1251120000,9517,2816
15639,1251120000,1251200000,7167,1903
15640,1251200000,1251280000,5604,2136
15641,1251280000,1251360000,6444,1933
15642,1251360000,1251440000,9990,2855
15643,1251440000,1251520000,5358,1750
15644,1251520000,1251600000,5572,2126
15645,1251600000,1251680000,7213,2150
15646,1251680000,1251760000,9638,2755
15647,1251760000,1251840000,4636,1787
15648,1251840000,1251920000,5753,1982
15649,1251920000,1252000000,7263,2473
15650,1252000000,1252080000,8477,2568
15651,1252080000,1252160000,6545,2253
15652,1252160000,1252240000,11142,3495
15653,1252240000,1252320000,5764,1802
15654,1252320000,1252400000,5685,2113
15655,1252400000,1252480000,6130,1754
15656,1252480000,1252560000,10972,3115
15657,1252560000,1252640000,5166,1826
15658,1252640000,1252720000,5678,2014
15659,1252720000,1252800000,9676,2830
15660,1252800000,1252880000,7165,1921
15661,1252880000,1252960000,5440,2160
15662,1252960000,1253040000,6455,1935
15663,1253040000,1253120000,10129,2868
15664,1253120000,1253200000,5249,1743
15665,1253200000,1253280000,5514,2130
15666,1253280000,1253360000,7054,2159
15667,1253360000,1253440000,9595,2777
15668,1253440000,1253520000,4697,1784
15669,1253520000,1253600000,5952,1977
15670,1253600000,1253680000,10607,3055
15671,1253680000,1253760000,6109,1858
15672,1253760000,1253840000,5685,2112
15673,1253840000,1253920000,6097,1817
15674,1253920000,1254000000,10393,2986
15675,1254000000,1254080000,5208,1733
15676,1254080000,1254160000,5905,2114
15677,1254160000,1254240000,8128,2468
15678,1254240000,1254320000,8265,2327
15679,1254320000,1254400000,4977,1882
15680,1254400000,1254480000,6266,2072
15681,1254480000,1254560000,10591,3027
15682,1254560000,1254640000,5637,1822
15683,1254640000,1254720000,5482,2120
15684,1254720000,1254800000,6135,1747
15685,1254800000,1254880000,10948,3103
15686,1254880000,1254960000,5006,1833
15687,1254960000,1255040000,6001,2014
15688,1255040000,1255120000,9537,2797
15689,1255120000,1255200000,7069,1857
15690,1255200000,1255280000,5517,2135
15691,1255280000,1255360000,6437,1906
15692,1255360000,1255440000,10010,2850
15693,1255440000,1255520000,5494,1750
15694,1255520000,1255600000,5737,2136
15695,1255600000,1255680000,7109,2152
15696,1255680000,1255760000,9852,2758
15697,1255760000,1255840000,4803,1779
15698,1255840000,1255920000,5830,1977
15699,1255920000,1256000000,10759,3038
15700,1256000000,1256080000,6134,1857
15701,1256080000,1256160000,5639,2107
15702,1256160000,1256240000,6120,1817
15703,1256240000,1256320000,10505,2964
15704,1256320000,1256400000,5034,1724
15705,1256400000,1256480000,5348,1944
15706,1256480000,1256560000,8200,2455
15707,1256560000,1256640000,8377,2320
15708,1256640000,1256720000,4934,1820
15709,1256720000,1256800000,6453,2061
15710,1256800000,1256880000,6700,2358
15711,1256880000,1256960000,8774,2673
15712,1256960000,1257040000,6942,2361
15713,1257040000,1257120000,10876,3326
15714,1257120000,1257200000,5406,1753
15715,1257200000,1257280000,5753,2132
15716,1257280000,1257360000,7321,2160
15717,1257360000,1257440000,10113,2758
15718,1257440000,1257520000,4698,1727
15719,1257520000,1257600000,5599,1844
15720,1257600000,1257680000,11106,3042
15721,1257680000,1257760000,6130,1859
15722,1257760000,1257840000,5644,2038
15723,1257840000,1257920000,6154,1811
15724,1257920000,1258000000,10493,2981
15725,1258000000,1258080000,4790,1601
15726,1258080000,1258160000,5993,2108
15727,1258160000,1258240000,8030,2478
15728,1258240000,1258320000,8575,2341
15729,1258320000,1258400000,5062,1856
15730,1258400000,1258480000,6239,2068
15731,1258480000,1258560000,10721,3042
15732,1258560000,1258640000,5713,1820
15733,1258640000,1258720000,5683,2113
15734,1258720000,1258800000,6087,1753
15735,1258800000,1258880000,10722,3114
15736,1258880000,1258960000,4925,1831
15737,1258960000,1259040000,5604,2021
15738,1259040000,1259120000,9370,2824
15739,1259120000,1259200000,7029,1909
15740,1259200000,1259280000,5310,2155
15741,1259280000,1259360000,6366,1933
15742,1259360000,1259440000,9937,2856
15743,1259440000,1259520000,5131,1749
15744,1259520000,1259600000,5804,2127
15745,1259600000,1259680000,7270,2150
15746,1259680000,1259760000,9895,2759
15747,1259760000,1259840000,4744,1787
15748,1259840000,1259920000,5941,1982
15749,1259920000,1260000000,10793,3016
15750,1260000000,1260080000,6073,1807
15751,1260080000,1260160000,5771,2088
15752,1260160000,1260240000,6069,1793
15753,1260240000,1260320000,10330,2972
15754,1260320000,1260400000,5131,1741
15755,1260400000,1260480000,5624,2114
15756,1260480000,1260560000,8084,2466
15757,1260560000,1260640000,8519,2341
15758,1260640000,1260720000,5000,1886
15759,1260720000,1260800000,6248,2073
15760,1260800000,1260880000,10992,3005
15761,1260880000,1260960000,5579,1821
15762,1260960000,1261040000,5956,2113
15763,1261040000,1261120000,6192,1752
15764,1261120000,1261200000,10783,3093
15765,1261200000,1261280000,4878,1807
15766,1261280000,1261360000,5771,2018
15767,1261360000,1261440000,9520,2815
15768,1261440000,1261520000,7142,1909
15769,1261520000,1261600000,5739,2160
15770,1261600000,1261680000,6666,2016
15771,1261680000,1261760000,6252,2201
15772,1261760000,1261840000,8219,2559
15773,1261840000,1261920000,7017,2561
15774,1261920000,1262000000,10922,3199
15775,1262000000,1262080000,4993,1739
15776,1262080000,1262160000,6097,2110
15777,1262160000,1262240000,8355,2476
15778,1262240000,1262320000,8738,2329
15779,1262320000,1262400000,5031,1882
15780,1262400000,1262480000,6440,2072
15781,1262480000,1262560000,11140,3040
15782,1262560000,1262640000,5809,1822
15783,1262640000,1262720000,5804,2120
15784,1262720000,1262800000,6169,1752
15785,1262800000,1262880000,10890,3113
15786,1262880000,1262960000,5114,1826
15787,1262960000,1263040000,5738,2014
15788,1263040000,1263120000,9238,2837
15789,1263120000,1263200000,7208,1922
15790,1263200000,1263280000,5536,2156
15791,1263280000,1263360000,6421,1935
15792,1263360000,1263440000,10200,2863
15793,1263440000,1263520000,5348,1747
15794,1263520000,1263600000,5396,1954
15795,1263600000,1263680000,7123,2146
15796,1263680000,1263760000,9904,2749
15797,1263760000,1263840000,4709,1731
15798,1263840000,1263920000,5962,1957
15799,1263920000,1264000000,10666,3052
15800,1264000000,1264080000,5781,1790
15801,1264080000,1264160000,5631,2028
15802,1264160000,1264240000,6078,1817
15803,1264240000,1264320000,10534,2979
15804,1264320000,1264400000,5197,1707
15805,1264400000,1264480000,5607,2114
15806,1264480000,1264560000,8247,2461
15807,1264560000,1264640000,8663,2343
15808,1264640000,1264720000,5120,1882
15809,1264720000,1264800000,6340,2069
15810,1264800000,1264880000,10875,2994
15811,1264880000,1264960000,5384,1768
15812,1264960000,1265040000,5426,2091
15813,1265040000,1265120000,6058,1739
15814,1265120000,1265200000,10711,3095
15815,1265200000,1265280000,4853,1807
15816,1265280000,1265360000,5567,2017
15817,1265360000,1265440000,9335,2821
15818,1265440000,1265520000,7030,1914
15819,1265520000,1265600000,5499,2155
15820,1265600000,1265680000,6516,1932
15821,1265680000,1265760000,10160,2850
15822,1265760000,1265840000,5312,1750
15823,1265840000,1265920000,5843,2136
15824,1265920000,1266000000,7238,2156
15825,1266000000,1266080000,9807,2758
15826,1266080000,1266160000,4909,1786
15827,1266160000,1266240000,5917,1978
15828,1266240000,1266320000,10750,3044
15829,1266320000,1266400000,5998,1857
15830,1266400000,1266480000,5548,2107
15831,1266480000,1266560000,6961,2261
15832,1266560000,1266640000,6359,2189
15833,1266640000,1266720000,7346,2326
15834,1266720000,1266800000,7493,2690
15835,1266800000,1266880000,10863,3133
15836,1266880000,1266960000,5013,1834
15837,1266960000,1267040000,5867,2025
15838,1267040000,1267120000,9616,2832
15839,1267120000,1267200000,7232,1915
15840,1267200000,1267280000,5774,2155
15841,1267280000,1267360000,6572,1933
15842,1267360000,1267440000,10352,2875
15843,1267440000,1267520000,5320,1749
15844,1267520000,1267600000,5649,2132
15845,1267600000,1267680000,7281,2155
15846,1267680000,1267760000,9617,2768
15847,1267760000,1267840000,4797,1786
15848,1267840000,1267920000,5743,1982
15849,1267920000,1268000000,10458,3059
15850,1268000000,1268080000,6056,1861
15851,1268080000,1268160000,5761,2106
15852,1268160000,1268240000,6122,1811
15853,1268240000,1268320000,10659,2989
15854,1268320000,1268400000,4997,1741
15855,1268400000,1268480000,5920,2114
15856,1268480000,1268560000,8188,2474
15857,1268560000,1268640000,8729,2347
15858,1268640000,1268720000,5287,1886
15859,1268720000,1268800000,6376,2073
15860,1268800000,1268880000,10794,3038
15861,1268880000,1268960000,5514,1816
15862,1268960000,1269040000,5647,2113
15863,1269040000,1269120000,6031,1750
15864,1269120000,1269200000,10809,3100
15865,1269200000,1269280000,4958,1807
15866,1269280000,1269360000,5715,2018
15867,1269360000,1269440000,9559,2815
15868,1269440000,1269520000,7327,1911
15869,1269520000,1269600000,5330,2041
15870,1269600000,1269680000,6347,1862
15871,1269680000,1269760000,10272,2807
15872,1269760000,1269840000,5217,1697
15873,1269840000,1269920000,5656,2028
15874,1269920000,1270000000,7230,2145
15875,1270000000,1270080000,9721,2740
15876,1270080000,1270160000,4618,1660
15877,1270160000,1270240000,6020,1981
15878,1270240000,1270320000,10643,3045
15879,1270320000,1270400000,6185,1840
15880,1270400000,1270480000,5608,2099
15881,1270480000,1270560000,5987,1809
15882,1270560000,1270640000,10684,2972
15883,1270640000,1270720000,5249,1741
15884,1270720000,1270800000,5713,2110
15885,1270800000,1270880000,8283,2468
15886,1270880000,1270960000,8533,2339
15887,1270960000,1271040000,4832,1886
15888,1271040000,1271120000,6252,2073
15889,1271120000,1271200000,10908,3020
15890,1271200000,1271280000,5444,1822
15891,1271280000,1271360000,5462,2118
15892,1271360000,1271440000,7194,2310
15893,1271440000,1271520000,7304,2440
15894,1271520000,1271600000,6883,2128
15895,1271600000,1271680000,7863,2890
15896,1271680000,1271760000,10040,2789
15897,1271760000,1271840000,4909,1784
15898,1271840000,1271920000,5879,1981
15899,1271920000,1272000000,10964,3061
15900,1272000000,1272080000,6082,1854
15901,1272080000,1272160000,5461,2112
15902,1272160000,1272240000,6080,1817
15903,1272240000,1272320000,10853,2994
15904,1272320000,1272400000,5022,1737
15905,1272400000,1272480000,5573,2114
15906,1272480000,1272560000,8290,2471
15907,1272560000,1272640000,8372,2349
15908,1272640000,1272720000,4955,1882
15909,1272720000,1272800000,6461,2069
15910,1272800000,1272880000,10516,3046
15911,1272880000,1272960000,5438,1826
15912,1272960000,1273040000,5730,2120
15913,1273040000,1273120000,6074,1752
15914,1273120000,1273200000,10629,3103
15915,1273200000,1273280000,5173,1807
15916,1273280000,1273360000,5902,2017
15917,1273360000,1273440000,9338,2826
15918,1273440000,1273520000,7042,1911
15919,1273520000,1273600000,5545,2156
15920,1273600000,1273680000,6419,1935
15921,1273680000,1273760000,9720,2853
15922,1273760000,1273840000,5297,1746
15923,1273840000,1273920000,5452,2136
15924,1273920000,1274000000,7095,2154
15925,1274000000,1274080000,9848,2753
15926,1274080000,1274160000,4742,1783
15927,1274160000,1274240000,6086,1977
15928,1274240000,1274320000,10963,3044
15929,1274320000,1274400000,6203,1863
15930,1274400000,1274480000,5695,2107
15931,1274480000,1274560000,6137,1817
15932,1274560000,1274640000,10716,2931
15933,1274640000,1274720000,5300,1694
15934,1274720000,1274800000,5692,2085
15935,1274800000,1274880000,8231,2459
15936,1274880000,1274960000,8640,2343
15937,1274960000,1275040000,5041,1878
15938,1275040000,1275120000,6329,2069
15939,1275120000,1275200000,10783,3023
15940,1275200000,1275280000,5562,1820
15941,1275280000,1275360000,5649,2117
15942,1275360000,1275440000,6107,1747
15943,1275440000,1275520000,11056,3089
15944,1275520000,1275600000,5029,1792
15945,1275600000,1275680000,5475,1870
15946,1275680000,1275760000,9511,2811
15947,1275760000,1275840000,7146,1901
15948,1275840000,1275920000,5487,2087
15949,1275920000,1276000000,6521,1932
15950,1276000000,1276080000,10152,2852
15951,1276080000,1276160000,4944,1618
15952,1276160000,1276240000,5915,2115
15953,1276240000,1276320000,7436,2385
15954,1276320000,1276400000,8047,2656
15955,1276400000,1276480000,6008,1883
15956,1276480000,1276560000,9033,3248
15957,1276560000,1276640000,8825,2334
15958,1276640000,1276720000,4868,1796
15959,1276720000,1276800000,6238,1974
15960,1276800000,1276880000,11128,3031
15961,1276880000,1276960000,5582,1816
15962,1276960000,1277040000,5738,2045
15963,1277040000,1277120000,6186,1753
15964,1277120000,1277200000,11045,3092
15965,1277200000,1277280000,4884,1703
15966,1277280000,1277360000,5944,2018
15967,1277360000,1277440000,9563,2830
15968,1277440000,1277520000,7151,1907
15969,1277520000,1277600000,5613,2132
15970,1277600000,1277680000,6379,1933
15971,1277680000,1277760000,9825,2873
15972,1277760000,1277840000,5452,1754
15973,1277840000,1277920000,5607,2126
15974,1277920000,1278000000,7153,2156
15975,1278000000,1278080000,9810,2764
15976,1278080000,1278160000,4703,1787
15977,1278160000,1278240000,5800,1982
15978,1278240000,1278320000,10729,3052
15979,1278320000,1278400000,6084,1863
15980,1278400000,1278480000,5446,2107
15981,1278480000,1278560000,6009,1811
15982,1278560000,1278640000,10278,2979
15983,1278640000,1278720000,4830,1737
15984,1278720000,1278800000,5829,2110
15985,1278800000,1278880000,8096,2467
15986,1278880000,1278960000,8534,2335
15987,1278960000,1279040000,4959,1886
15988,1279040000,1279120000,6400,2073
15989,1279120000,1279200000,10858,3018
15990,1279200000,1279280000,5644,1822
15991,1279280000,1279360000,5894,2118
15992,1279360000,1279440000,6201,1752
15993,1279440000,1279520000,10648,3033
15994,1279520000,1279600000,4998,1802
15995,1279600000,1279680000,5540,1983
15996,1279680000,1279760000,9408,2812
15997,1279760000,1279840000,6918,1910
15998,1279840000,1279920000,5454,2160
15999,1279920000,1280000000,6378,1936
16000,1280000000,1280080000,10108,2851
16001,1280080000,1280160000,5145,1746
16002,1280160000,1280240000,5957,2126
16003,1280240000,1280320000,7254,2150
16004,1280320000,1280400000,10160,2759
16005,1280400000,1280480000,4789,1784
16006,1280480000,1280560000,5995,1981
16007,1280560000,1280640000,10893,3049
16008,1280640000,1280720000,6284,1857
16009,1280720000,1280800000,5741,2111
16010,1280800000,1280880000,6069,1812
16011,1280880000,1280960000,10660,2956
16012,1280960000,1281040000,5127,1741
16013,1281040000,1281120000,5709,2109
16014,1281120000,1281200000,7139,2315
16015,1281200000,1281280000,8225,2654
16016,1281280000,1281360000,6335,2010
16017,1281360000,1281440000,10218,3639
16018,1281440000,1281520000,7369,1921
16019,1281520000,1281600000,5621,2156
16020,1281600000,1281680000,6585,1939
16021,1281680000,1281760000,10427,2871
16022,1281760000,1281840000,5587,1746
16023,1281840000,1281920000,5771,2136
16024,1281920000,1282000000,7315,2158
16025,1282000000,1282080000,10190,2768
16026,1282080000,1282160000,4902,1783
16027,1282160000,1282240000,5871,1977
16028,1282240000,1282320000,10809,3045
16029,1282320000,1282400000,6135,1859
16030,1282400000,1282480000,5641,2108
16031,1282480000,1282560000,6028,1816
16032,1282560000,1282640000,10493,2990
16033,1282640000,1282720000,5013,1728
16034,1282720000,1282800000,5389,1944
16035,1282800000,1282880000,8096,2465
16036,1282880000,1282960000,8628,2331
16037,1282960000,1283040000,5013,1816
16038,1283040000,1283120000,6497,2063
16039,1283120000,1283200000,10773,3029
16040,1283200000,1283280000,5329,1717
16041,1283280000,1283360000,5822,2071
16042,1283360000,1283440000,6125,1752
16043,1283440000,1283520000,10646,3098
16044,1283520000,1283600000,5052,1797
16045,1283600000,1283680000,5556,2017
16046,1283680000,1283760000,9303,2820
16047,1283760000,1283840000,7217,1912
16048,1283840000,1283920000,5584,2155
16049,1283920000,1284000000,6428,1932
16050,1284000000,1284080000,10209,2848
16051,1284080000,1284160000,5204,1750
16052,1284160000,1284240000,5571,2136
16053,1284240000,1284320000,7265,2156
16054,1284320000,1284400000,9855,2693
16055,1284400000,1284480000,4598,1759
16056,1284480000,1284560000,5647,1943
16057,1284560000,1284640000,10667,3036
16058,1284640000,1284720000,5931,1862
16059,1284720000,1284800000,5639,2107
16060,1284800000,1284880000,6065,1812
16061,1284880000,1284960000,10452,2964
16062,1284960000,1285040000,4962,1737
16063,1285040000,1285120000,5814,2117
16064,1285120000,1285200000,8218,2461
16065,1285200000,1285280000,8608,2331
16066,1285280000,1285360000,5227,1886
16067,1285360000,1285440000,6497,2069
16068,1285440000,1285520000,10805,3019
16069,1285520000,1285600000,5525,1821
16070,1285600000,1285680000,5552,2116
16071,1285680000,1285760000,6075,1747
16072,1285760000,1285840000,10633,3091
16073,1285840000,1285920000,5042,1834
16074,1285920000,1286000000,5545,2021
16075,1286000000,1286080000,6837,2255
16076,1286080000,1286160000,8460,2652
16077,1286160000,1286240000,6608,2168
16078,1286240000,1286320000,10892,3572
16079,1286320000,1286400000,6392,1868
16080,1286400000,1286480000,5889,2110
16081,1286480000,1286560000,6171,1815
16082,1286560000,1286640000,10822,2992
16083,1286640000,1286720000,5096,1737
16084,1286720000,1286800000,5666,2114
16085,1286800000,1286880000,8397,2474
16086,1286880000,1286960000,8687,2349
16087,1286960000,1287040000,5054,1886
16088,1287040000,1287120000,6304,2073
16089,1287120000,1287200000,10964,3045
16090,1287200000,1287280000,5473,1814
16091,1287280000,1287360000,5939,2113
16092,1287360000,1287440000,6090,1753
16093,1287440000,1287520000,10645,3115
16094,1287520000,1287600000,4955,1833
16095,1287600000,1287680000,5803,2018
16096,1287680000,1287760000,9400,2829
16097,1287760000,1287840000,7383,1914
16098,1287840000,1287920000,5790,2160
16099,1287920000,1288000000,6520,1936
16100,1288000000,1288080000,10186,2865
16101,1288080000,1288160000,5338,1746
16102,1288160000,1288240000,5697,2126
16103,1288240000,1288320000,7210,2156
16104,1288320000,1288400000,9780,2761
16105,1288400000,1288480000,4725,1783
16106,1288480000,1288560000,5834,1981
16107,1288560000,1288640000,10736,3040
16108,1288640000,1288720000,6181,1859
16109,1288720000,1288800000,5345,1970
16110,1288800000,1288880000,5980,1760
16111,1288880000,1288960000,10672,2945
16112,1288960000,1289040000,5081,1724
16113,1289040000,1289120000,5816,2058
16114,1289120000,1289200000,8331,2466
16115,1289200000,1289280000,8401,2230
16116,1289280000,1289360000,4827,1715
16117,1289360000,1289440000,6422,2038
16118,1289440000,1289520000,10796,3018
16119,1289520000,1289600000,5598,1794
16120,1289600000,1289680000,5623,2112
16121,1289680000,1289760000,6020,1748
16122,1289760000,1289840000,10759,3097
16123,1289840000,1289920000,5095,1826
16124,1289920000,1290000000,5645,2014
16125,1290000000,1290080000,9535,2815
16126,1290080000,1290160000,7188,1909
16127,1290160000,1290240000,5430,2160
16128,1290240000,1290320000,6504,1936
16129,1290320000,1290400000,10232,2857
16130,1290400000,1290480000,5180,1750
16131,1290480000,1290560000,5437,2130
16132,1290560000,1290640000,7230,2150
16133,1290640000,1290720000,9738,2757
16134,1290720000,1290800000,4659,1784
16135,1290800000,1290880000,5958,1977
16136,1290880000,1290960000,7362,2472
16137,1290960000,1291040000,8623,2568
16138,1291040000,1291120000,6734,2277
16139,1291120000,1291200000,11259,3500
16140,1291200000,1291280000,5694,1826
16141,1291280000,1291360000,5555,2120
16142,1291360000,1291440000,6177,1757
16143,1291440000,1291520000,11181,3111
16144,1291520000,1291600000,4952,1827
16145,1291600000,1291680000,5591,2017
16146,1291680000,1291760000,9731,2831
16147,1291760000,1291840000,7246,1916
16148,1291840000,1291920000,5592,2155
16149,1291920000,1292000000,6591,1932
16150,1292000000,1292080000,10223,2870
16151,1292080000,1292160000,5175,1746
16152,1292160000,1292240000,5832,2136
16153,1292240000,1292320000,7086,2158
16154,1292320000,1292400000,9919,2781
16155,1292400000,1292480000,4930,1787
16156,1292480000,1292560000,5962,1978
16157,1292560000,1292640000,10661,3054
16158,1292640000,1292720000,6248,1863
16159,1292720000,1292800000,5610,2108
16160,1292800000,1292880000,6067,1817
16161,1292880000,1292960000,10488,2982
16162,1292960000,1293040000,5158,1737
16163,1293040000,1293120000,5540,2118
16164,1293120000,1293200000,8152,2468
16165,1293200000,1293280000,8427,2335
16166,1293280000,1293360000,4932,1855
16167,1293360000,1293440000,6518,2069
16168,1293440000,1293520000,10798,3024
16169,1293520000,1293600000,5460,1821
16170,1293600000,1293680000,5763,2116
16171,1293680000,1293760000,6173,1747
16172,1293760000,1293840000,11082,3097
16173,1293840000,1293920000,5273,1834
16174,1293920000,1294000000,5757,2021
16175,1294000000,1294080000,9546,2796
16176,1294080000,1294160000,7204,1858
16177,1294160000,1294240000,5548,2134
16178,1294240000,1294320000,6410,1903
16179,1294320000,1294400000,10115,2854
16180,1294400000,1294480000,5276,1750
16181,1294480000,1294560000,5680,2132
16182,1294560000,1294640000,7135,2152
16183,1294640000,1294720000,9971,2756
16184,1294720000,1294800000,4667,1727
16185,1294800000,1294880000,5560,1844
16186,1294880000,1294960000,10873,3023
16187,1294960000,1295040000,6215,1857
16188,1295040000,1295120000,5646,2038
16189,1295120000,1295200000,6167,1814
16190,1295200000,1295280000,10570,2957
16191,1295280000,1295360000,4709,1601
16192,1295360000,1295440000,5932,2108
16193,1295440000,1295520000,8245,2461
16194,1295520000,1295600000,8583,2329
16195,1295600000,1295680000,5025,1856
16196,1295680000,1295760000,6273,2067
16197,1295760000,1295840000,6774,2357
16198,1295840000,1295920000,8927,2673
16199,1295920000,1296000000,6987,2339
16200,1296000000,1296080000,11077,3314
16201,1296080000,1296160000,5310,1754
16202,1296160000,1296240000,5787,2058
16203,1296240000,1296320000,7354,2161
16204,1296320000,1296400000,10135,2745
16205,1296400000,1296480000,4653,1659
16206,1296480000,1296560000,6058,1981
16207,1296560000,1296640000,11125,3060
16208,1296640000,1296720000,6311,1842
16209,1296720000,1296800000,5671,2102
16210,1296800000,1296880000,6061,1811
16211,1296880000,1296960000,10626,2990
16212,1296960000,1297040000,5210,1733
16213,1297040000,1297120000,5684,2110
16214,1297120000,1297200000,8057,2478
16215,1297200000,1297280000,8533,2351
16216,1297280000,1297360000,4813,1863
16217,1297360000,1297440000,6270,2073
16218,1297440000,1297520000,10913,3035
16219,1297520000,1297600000,5601,1819
16220,1297600000,1297680000,5525,2117
16221,1297680000,1297760000,6082,1753
16222,1297760000,1297840000,10850,3106
16223,1297840000,1297920000,4916,1830
16224,1297920000,1298000000,5858,2014
16225,1298000000,1298080000,9419,2823
16226,1298080000,1298160000,7059,1908
16227,1298160000,1298240000,5494,2160
16228,1298240000,1298320000,6475,1936
16229,1298320000,1298400000,10129,2858
16230,1298400000,1298480000,5409,1750
16231,1298480000,1298560000,5849,2130
16232,1298560000,1298640000,7307,2150
16233,1298640000,1298720000,10016,2763
16234,1298720000,1298800000,4794,1784
16235,1298800000,1298880000,5795,1981
16236,1298880000,1298960000,10810,3012
16237,1298960000,1299040000,6173,1807
16238,1299040000,1299120000,5447,2089
16239,1299120000,1299200000,5997,1796
16240,1299200000,1299280000,10585,2970
16241,1299280000,1299360000,4865,1737
16242,1299360000,1299440000,6010,2110
16243,1299440000,1299520000,8126,2466
16244,1299520000,1299600000,8681,2335
16245,1299600000,1299680000,4993,1882
16246,1299680000,1299760000,6419,2073
16247,1299760000,1299840000,10966,3014
16248,1299840000,1299920000,5826,1799
16249,1299920000,1300000000,5807,2117
16250,1300000000,1300080000,6191,1755
16251,1300080000,1300160000,10922,3093
16252,1300160000,1300240000,5071,1830
16253,1300240000,1300320000,5658,2014
16254,1300320000,1300400000,9535,2814
16255,1300400000,1300480000,7166,1910
16256,1300480000,1300560000,5579,2156
16257,1300560000,1300640000,6675,2016
16258,1300640000,1300720000,6314,2200
16259,1300720000,1300800000,8040,2559
16260,1300800000,1300880000,6954,2561
16261,1300880000,1300960000,10889,3204
16262,1300960000,1301040000,5398,1739
16263,1301040000,1301120000,5832,2118
16264,1301120000,1301200000,8365,2476
16265,1301200000,1301280000,8925,2343
16266,1301280000,1301360000,5040,1855
16267,1301360000,1301440000,6361,2069
16268,1301440000,1301520000,11285,3037
16269,1301520000,1301600000,5655,1821
16270,1301600000,1301680000,5692,2116
16271,1301680000,1301760000,6146,1752
16272,1301760000,1301840000,11113,3103
16273,1301840000,1301920000,4948,1785
16274,1301920000,1302000000,5455,1870
16275,1302000000,1302080000,9210,2826
16276,1302080000,1302160000,7297,1916
16277,1302160000,1302240000,5535,2087
16278,1302240000,1302320000,6481,1932
16279,1302320000,1302400000,10203,2873
16280,1302400000,1302480000,5112,1618
16281,1302480000,1302560000,5963,2115
16282,1302560000,1302640000,7163,2158
16283,1302640000,1302720000,10020,2768
16284,1302720000,1302800000,4869,1752
16285,1302800000,1302880000,5739,1978
16286,1302880000,1302960000,10630,3050
16287,1302960000,1303040000,6177,1859
16288,1303040000,1303120000,5614,2103
16289,1303120000,1303200000,5970,1814
16290,1303200000,1303280000,10623,2975
16291,1303280000,1303360000,4885,1737
16292,1303360000,1303440000,5595,2118
16293,1303440000,1303520000,8249,2461
16294,1303520000,1303600000,8834,2335
16295,1303600000,1303680000,4879,1886
16296,1303680000,1303760000,6301,2069
16297,1303760000,1303840000,10946,2987
16298,1303840000,1303920000,5421,1767
16299,1303920000,1304000000,5683,2086
16300,1304000000,1304080000,6071,1736
16301,1304080000,1304160000,10853,3095
16302,1304160000,1304240000,4936,1834
16303,1304240000,1304320000,5784,2021
16304,1304320000,1304400000,9352,2820
16305,1304400000,1304480000,7336,1919
16306,1304480000,1304560000,5759,2155
16307,1304560000,1304640000,6484,1932
16308,1304640000,1304720000,10311,2852
16309,1304720000,1304800000,5390,1750
16310,1304800000,1304880000,5659,2132
16311,1304880000,1304960000,7212,2156
16312,1304960000,1305040000,9869,2740
16313,1305040000,1305120000,4784,1786
16314,1305120000,1305200000,5654,1981
16315,1305200000,1305280000,10878,3042
16316,1305280000,1305360000,5970,1855
16317,1305360000,1305440000,5737,2106
16318,1305440000,1305520000,7042,2258
16319,1305520000,1305600000,6124,2190
16320,1305600000,1305680000,7172,2326
16321,1305680000,1305760000,7395,2690
16322,1305760000,1305840000,10683,3124
16323,1305840000,1305920000,5104,1833
16324,1305920000,1306000000,5711,2022
16325,1306000000,1306080000,9550,2831
16326,1306080000,1306160000,7015,1912
16327,1306160000,1306240000,5532,2160
16328,1306240000,1306320000,6447,1936
16329,1306320000,1306400000,10311,2871
16330,1306400000,1306480000,5134,1750
16331,1306480000,1306560000,6001,2126
16332,1306560000,1306640000,7306,2156
16333,1306640000,1306720000,9526,2774
16334,1306720000,1306800000,4724,1783
16335,1306800000,1306880000,5972,1981
16336,1306880000,1306960000,10332,3062
16337,1306960000,1307040000,6380,1868
16338,1307040000,1307120000,5787,2111
16339,1307120000,1307200000,6029,1814
16340,1307200000,1307280000,10818,2989
16341,1307280000,1307360000,5145,1737
16342,1307360000,1307440000,5779,2110
16343,1307440000,1307520000,8177,2474
16344,1307520000,1307600000,8810,2339
16345,1307600000,1307680000,5039,1882
16346,1307680000,1307760000,6380,2073
16347,1307760000,1307840000,10917,3023
16348,1307840000,1307920000,5526,1815
16349,1307920000,1308000000,5313,1950
16350,1308000000,1308080000,5977,1728
16351,1308080000,1308160000,10951,3085
16352,1308160000,1308240000,4971,1790
16353,1308240000,1308320000,5800,1986
16354,1308320000,1308400000,9572,2816
16355,1308400000,1308480000,7243,1877
16356,1308480000,1308560000,5560,2050
16357,1308560000,1308640000,6576,1936
16358,1308640000,1308720000,10343,2826
16359,1308720000,1308800000,5312,1669
16360,1308800000,1308880000,5535,2098
16361,1308880000,1308960000,7198,2145
16362,1308960000,1309040000,9891,2749
16363,1309040000,1309120000,4860,1780
16364,1309120000,1309200000,5795,1976
16365,1309200000,1309280000,10645,3043
16366,1309280000,1309360000,6137,1862
16367,1309360000,1309440000,5418,2112
16368,1309440000,1309520000,6016,1812
16369,1309520000,1309600000,10920,2966
16370,1309600000,1309680000,5082,1741
16371,1309680000,1309760000,5602,2114
16372,1309760000,1309840000,8288,2468
16373,1309840000,1309920000,8612,2333
16374,1309920000,1310000000,4932,1882
16375,1310000000,1310080000,6406,2069
16376,1310080000,1310160000,10957,3018
16377,1310160000,1310240000,5470,1821
16378,1310240000,1310320000,5714,2120
16379,1310320000,1310400000,7181,2314
16380,1310400000,1310480000,7057,2440
16381,1310480000,1310560000,6611,2128
16382,1310560000,1310640000,7770,2890
16383,1310640000,1310720000,9869,2792
16384,1310720000,1310800000,4714,1787
16385,1310800000,1310880000,5804,1982
16386,1310880000,1310960000,10845,3060
16387,1310960000,1311040000,5997,1859
16388,1311040000,1311120000,5683,2107
16389,1311120000,1311200000,6139,1814
16390,1311200000,1311280000,10686,2990
16391,1311280000,1311360000,4895,1737
16392,1311360000,1311440000,5871,2118
16393,1311440000,1311520000,8252,2471
16394,1311520000,1311600000,8369,2341
16395,1311600000,1311680000,5221,1882
16396,1311680000,1311760000,6452,2069
16397,1311760000,1311840000,10418,3043
16398,1311840000,1311920000,5528,1825
16399,1311920000,1312000000,5584,2116
16400,1312000000,1312080000,6047,1752
16401,1312080000,1312160000,10443,3105
16402,1312160000,1312240000,5144,1834
16403,1312240000,1312320000,5604,2021
16404,1312320000,1312400000,9314,2827
16405,1312400000,1312480000,6980,1910
16406,1312480000,1312560000,5653,2151
16407,1312560000,1312640000,6593,1932
16408,1312640000,1312720000,9763,2865
16409,1312720000,1312800000,4949,1746
16410,1312800000,1312880000,5811,2132
16411,1312880000,1312960000,7081,2154
16412,1312960000,1313040000,9928,2747
16413,1313040000,1313120000,4997,1786
16414,1313120000,1313200000,5853,1981
16415,1313200000,1313280000,10957,3042
16416,1313280000,1313360000,6398,1863
16417,1313360000,1313440000,5644,2106
16418,1313440000,1313520000,6084,1814
16419,1313520000,1313600000,10841,2923
16420,1313600000,1313680000,5028,1694
16421,1313680000,1313760000,5658,2081
16422,1313760000,1313840000,8235,2459
16423,1313840000,1313920000,8808,2329
16424,1313920000,1314000000,4821,1792
16425,1314000000,1314080000,6131,1970
16426,1314080000,1314160000,10890,3008
16427,1314160000,1314240000,5573,1819
16428,1314240000,1314320000,5697,2045
16429,1314320000,1314400000,6090,1744
16430,1314400000,1314480000,11024,3075
16431,1314480000,1314560000,4950,1706
16432,1314560000,1314640000,5986,2018
16433,1314640000,1314720000,9531,2820
16434,1314720000,1314800000,7264,1904
16435,1314800000,1314880000,5596,2136
16436,1314880000,1314960000,6356,1932
16437,1314960000,1315040000,10211,2850
16438,1315040000,1315120000,5442,1751
16439,1315120000,1315200000,5602,2126
16440,1315200000,1315280000,7361,2387
16441,1315280000,1315360000,7856,2656
16442,1315360000,1315440000,5899,1873
16443,1315440000,1315520000,8931,3247
16444,1315520000,1315600000,8591,2306
16445,1315600000,1315680000,4976,1761
16446,1315680000,1315760000,6574,2077
16447,1315760000,1315840000,10944,3039
16448,1315840000,1315920000,5636,1790
16449,1315920000,1316000000,5649,2112
16450,1316000000,1316080000,6128,1753
16451,1316080000,1316160000,10838,3112
16452,1316160000,1316240000,5191,1830
16453,1316240000,1316320000,5679,2014
16454,1316320000,1316400000,9495,2829
16455,1316400000,1316480000,6862,1913
16456,1316480000,1316560000,5420,2160
16457,1316560000,1316640000,6385,1936
16458,1316640000,1316720000,9798,2881
16459,1316720000,1316800000,5188,1754
16460,1316800000,1316880000,5495,2130
16461,1316880000,1316960000,7116,2156
16462,1316960000,1317040000,9636,2758
16463,1317040000,1317120000,4776,1784
16464,1317120000,1317200000,6026,1976
16465,1317200000,1317280000,10634,3054
16466,1317280000,1317360000,5901,1863
16467,1317360000,1317440000,5635,2112
16468,1317440000,1317520000,6080,1814
16469,1317520000,1317600000,10183,2973
16470,1317600000,1317680000,5119,1733
16471,1317680000,1317760000,5855,2114
16472,1317760000,1317840000,8076,2467
16473,1317840000,1317920000,8455,2333
16474,1317920000,1318000000,4998,1882
16475,1318000000,1318080000,6282,2073
16476,1318080000,1318160000,10734,3018
16477,1318160000,1318240000,5609,1821
16478,1318240000,1318320000,5515,2120
16479,1318320000,1318400000,6163,1755
16480,1318400000,1318480000,10620,3033
16481,1318480000,1318560000,4903,1802
16482,1318560000,1318640000,5900,1979
16483,1318640000,1318720000,9403,2813
16484,1318720000,1318800000,6786,1919
16485,1318800000,1318880000,5546,2156
16486,1318880000,1318960000,6471,1936
16487,1318960000,1319040000,10033,2861
16488,1319040000,1319120000,5583,1749
16489,1319120000,1319200000,5739,2136
16490,1319200000,1319280000,7227,2149
16491,1319280000,1319360000,10294,2757
16492,1319360000,1319440000,4879,1784
16493,1319440000,1319520000,5899,1977
16494,1319520000,1319600000,10937,3046
16495,1319600000,1319680000,6233,1854
16496,1319680000,1319760000,5579,2107
16497,1319760000,1319840000,6046,1812
16498,1319840000,1319920000,10877,2958
16499,1319920000,1320000000,4943,1703
16500,1320000000,1320080000,5390,1944
16501,1320080000,1320160000,7044,2310
16502,1320160000,1320240000,8128,2654
16503,1320240000,1320320000,6280,2010
16504,1320320000,1320400000,10103,3637
16505,1320400000,1320480000,7305,1920
16506,1320480000,1320560000,5655,2155
16507,1320560000,1320640000,6522,1936
16508,1320640000,1320720000,10345,2875
16509,1320720000,1320800000,5269,1746
16510,1320800000,1320880000,5724,2132
16511,1320880000,1320960000,7283,2158
16512,1320960000,1321040000,10160,2766
16513,1321040000,1321120000,4755,1731
16514,1321120000,1321200000,5605,1844
16515,1321200000,1321280000,10830,3042
16516,1321280000,1321360000,5973,1839
16517,1321360000,1321440000,5624,2030
16518,1321440000,1321520000,6058,1814
16519,1321520000,1321600000,10296,2985
16520,1321600000,1321680000,4766,1605
16521,1321680000,1321760000,5952,2108
16522,1321760000,1321840000,8087,2471
16523,1321840000,1321920000,8585,2342
16524,1321920000,1322000000,5105,1852
16525,1322000000,1322080000,6290,2069
16526,1322080000,1322160000,10616,3033
16527,1322160000,1322240000,5605,1819
16528,1322240000,1322320000,5663,2113
16529,1322320000,1322400000,6052,1749
16530,1322400000,1322480000,10384,3100
16531,1322480000,1322560000,4847,1831
16532,1322560000,1322640000,5569,2021
16533,1322640000,1322720000,9270,2821
16534,1322720000,1322800000,7062,1917
16535,1322800000,1322880000,5360,2159
16536,1322880000,1322960000,6388,1932
16537,1322960000,1323040000,10088,2854
16538,1323040000,1323120000,5154,1750
16539,1323120000,1323200000,5815,2127
16540,1323200000,1323280000,7275,2157
16541,1323280000,1323360000,9670,2695
16542,1323360000,1323440000,4624,1759
16543,1323440000,1323520000,5828,1947
16544,1323520000,1323600000,10644,3037
16545,1323600000,1323680000,5987,1857
16546,1323680000,1323760000,5815,2107
16547,1323760000,1323840000,6037,1812
16548,1323840000,1323920000,10366,2974
16549,1323920000,1324000000,4996,1712
16550,1324000000,1324080000,5629,2114
16551,1324080000,1324160000,8164,2461
16552,1324160000,1324240000,8476,2331
16553,1324240000,1324320000,5022,1886
16554,1324320000,1324400000,6311,2073
16555,1324400000,1324480000,10801,3021
16556,1324480000,1324560000,5349,1820
16557,1324560000,1324640000,5869,2114
16558,1324640000,1324720000,6106,1744
16559,1324720000,1324800000,10521,3099
16560,1324800000,1324880000,4973,1833
16561,1324880000,1324960000,5811,2018
16562,1324960000,1325040000,6755,2256
16563,1325040000,1325120000,8278,2652
16564,1325120000,1325200000,6455,2168
16565,1325200000,1325280000,10766,3581
16566,1325280000,1325360000,6221,1848
16567,1325360000,1325440000,5530,2106
16568,1325440000,1325520000,6093,1819
16569,1325520000,1325600000,10746,2988
16570,1325600000,1325680000,4921,1733
16571,1325680000,1325760000,6043,2110
16572,1325760000,1325840000,8379,2474
16573,1325840000,1325920000,8583,2343
16574,1325920000,1326000000,5023,1882
16575,1326000000,1326080000,6452,2073
16576,1326080000,1326160000,10704,3038
16577,1326160000,1326240000,5674,1816
16578,1326240000,1326320000,5802,2121
16579,1326320000,1326400000,6054,1756
16580,1326400000,1326480000,10543,3117
16581,1326480000,1326560000,5063,1833
16582,1326560000,1326640000,5696,2014
16583,1326640000,1326720000,9361,2830
16584,1326720000,1326800000,7187,1921
16585,1326800000,1326880000,5579,2156
16586,1326880000,1326960000,6504,1936
16587,1326960000,1327040000,10177,2867
16588,1327040000,1327120000,5254,1746
16589,1327120000,1327200000,5348,1954
16590,1327200000,1327280000,7163,2143
16591,1327280000,1327360000,9670,2750
16592,1327360000,1327440000,4679,1731
16593,1327440000,1327520000,5916,1957
16594,1327520000,1327600000,10620,3045
16595,1327600000,1327680000,5942,1789
16596,1327680000,1327760000,5653,2027
16597,1327760000,1327840000,6145,1812
16598,1327840000,1327920000,10580,2970
16599,1327920000,1328000000,5105,1684
16600,1328000000,1328080000,5649,2114
16601,1328080000,1328160000,8286,2466
16602,1328160000,1328240000,8371,2272
16603,1328240000,1328320000,5059,1857
16604,1328320000,1328400000,6249,2034
16605,1328400000,1328480000,10626,3020
16606,1328480000,1328560000,5406,1820
16607,1328560000,1328640000,5485,2121
16608,1328640000,1328720000,6053,1751
16609,1328720000,1328800000,10608,3105
16610,1328800000,1328880000,4945,1827
16611,1328880000,1328960000,5553,2017
16612,1328960000,1329040000,9489,2816
16613,1329040000,1329120000,7056,1914
16614,1329120000,1329200000,5582,2155
16615,1329200000,1329280000,6591,1933
16616,1329280000,1329360000,10116,2859
16617,1329360000,1329440000,5063,1749
16618,1329440000,1329520000,5751,2136
16619,1329520000,1329600000,7212,2149
16620,1329600000,1329680000,9743,2755
16621,1329680000,1329760000,4932,1787
16622,1329760000,1329840000,5961,1978
16623,1329840000,1329920000,7263,2473
16624,1329920000,1330000000,8451,2568
16625,1330000000,1330080000,6523,2277
16626,1330080000,1330160000,11066,3492
16627,1330160000,1330240000,5549,1825
16628,1330240000,1330320000,5816,2115
16629,1330320000,1330400000,6179,1754
16630,1330400000,1330480000,10994,3109
16631,1330480000,1330560000,4975,1831
16632,1330560000,1330640000,5821,2021
16633,1330640000,1330720000,9679,2830
16634,1330720000,1330800000,7222,1921
16635,1330800000,1330880000,5821,2159
16636,1330880000,1330960000,6569,1932
16637,1330960000,1331040000,10075,2874
16638,1331040000,1331120000,5310,1746
16639,1331120000,1331200000,5640,2132
16640,1331200000,1331280000,7074,2158
16641,1331280000,1331360000,9655,2779
16642,1331360000,1331440000,4838,1787
16643,1331440000,1331520000,5689,1982
16644,1331520000,1331600000,10682,3056
16645,1331600000,1331680000,6069,1861
16646,1331680000,1331760000,5797,2103
16647,1331760000,1331840000,6161,1814
16648,1331840000,1331920000,10439,2980
16649,1331920000,1332000000,4920,1737
16650,1332000000,1332080000,5880,2114
16651,1332080000,1332160000,8122,2468
16652,1332160000,1332240000,8322,2333
16653,1332240000,1332320000,5212,1886
16654,1332320000,1332400000,6332,2073
16655,1332400000,1332480000,10669,3026
16656,1332480000,1332560000,5644,1822
16657,1332560000,1332640000,5676,2114
16658,1332640000,1332720000,6129,1744
16659,1332720000,1332800000,10880,3105
16660,1332800000,1332880000,5076,1833
16661,1332880000,1332960000,5749,2018
16662,1332960000,1333040000,9491,2789
16663,1333040000,1333120000,7188,1857
16664,1333120000,1333200000,5299,2020
16665,1333200000,1333280000,6242,1829
16666,1333280000,1333360000,10083,2839
16667,1333360000,1333440000,5178,1747
16668,1333440000,1333520000,5721,2058
16669,1333520000,1333600000,7123,2153
16670,1333600000,1333680000,9753,2733
16671,1333680000,1333760000,4615,1659
16672,1333760000,1333840000,6028,1981
16673,1333840000,1333920000,10817,3039
16674,1333920000,1334000000,6147,1832
16675,1334000000,1334080000,5652,2102
16676,1334080000,1334160000,6052,1814
16677,1334160000,1334240000,10350,2966
16678,1334240000,1334320000,5165,1737
16679,1334320000,1334400000,5606,2110
16680,1334400000,1334480000,8218,2461
16681,1334480000,1334560000,8317,2331
16682,1334560000,1334640000,4850,1886
16683,1334640000,1334720000,6278,2071
16684,1334720000,1334800000,6703,2358
16685,1334800000,1334880000,8671,2667
16686,1334880000,1334960000,6927,2341
16687,1334960000,1335040000,10948,3332
16688,1335040000,1335120000,5495,1726
16689,1335120000,1335200000,5655,2128
16690,1335200000,1335280000,7306,2161
16691,1335280000,1335360000,10026,2770
16692,1335360000,1335440000,4905,1779
16693,1335440000,1335520000,5824,1977
16694,1335520000,1335600000,11033,3058
16695,1335600000,1335680000,6113,1864
16696,1335680000,1335760000,5481,2111
16697,1335760000,1335840000,6071,1814
16698,1335840000,1335920000,10558,2982
16699,1335920000,1336000000,5013,1733
16700,1336000000,1336080000,5582,2114
16701,1336080000,1336160000,8018,2478
16702,1336160000,1336240000,8420,2349
16703,1336240000,1336320000,4953,1882
16704,1336320000,1336400000,6447,2069
16705,1336400000,1336480000,10744,3037
16706,1336480000,1336560000,5584,1820
16707,1336560000,1336640000,5776,2121
16708,1336640000,1336720000,6128,1756
16709,1336720000,1336800000,10777,3114
16710,1336800000,1336880000,5225,1827
16711,1336880000,1336960000,5848,2017
16712,1336960000,1337040000,9368,2814
16713,1337040000,1337120000,6980,1913
16714,1337120000,1337200000,5511,2156
16715,1337200000,1337280000,6372,1935
16716,1337280000,1337360000,9938,2858
16717,1337360000,1337440000,5364,1749
16718,1337440000,1337520000,5479,2136
16719,1337520000,1337600000,7243,2149
16720,1337600000,1337680000,9945,2763
16721,1337680000,1337760000,4757,1784
16722,1337760000,1337840000,6125,1977
16723,1337840000,1337920000,10820,3013
16724,1337920000,1338000000,5915,1802
16725,1338000000,1338080000,5606,2085
16726,1338080000,1338160000,6061,1796
16727,1338160000,1338240000,10328,2968
16728,1338240000,1338320000,5313,1741
16729,1338320000,1338400000,5754,2118
16730,1338400000,1338480000,8087,2466
16731,1338480000,1338560000,8593,2337
16732,1338560000,1338640000,5049,1878
16733,1338640000,1338720000,6336,2069
16734,1338720000,1338800000,10906,3017
16735,1338800000,1338880000,5633,1822
16736,1338880000,1338960000,5719,2116
16737,1338960000,1339040000,6172,1755
16738,1339040000,1339120000,10893,3093
16739,1339120000,1339200000,4942,1789
16740,1339200000,1339280000,5371,1870
16741,1339280000,1339360000,9478,2805
16742,1339360000,1339440000,7088,1908
16743,1339440000,1339520000,5490,2087
16744,1339520000,1339600000,6730,2013
16745,1339600000,1339680000,6252,2201
16746,1339680000,1339760000,8092,2559
16747,1339760000,1339840000,7060,2561
16748,1339840000,1339920000,10868,3201
16749,1339920000,1340000000,5167,1739
16750,1340000000,1340080000,5800,2114
16751,1340080000,1340160000,8343,2476
16752,1340160000,1340240000,8868,2331
16753,1340240000,1340320000,4862,1792
16754,1340320000,1340400000,6177,1970
16755,1340400000,1340480000,11229,3020
16756,1340480000,1340560000,5593,1822
16757,1340560000,1340640000,5736,2046
16758,1340640000,1340720000,6158,1749
16759,1340720000,1340800000,10774,3091
16760,1340800000,1340880000,4871,1703
16761,1340880000,1340960000,5946,2018
16762,1340960000,1341040000,9212,2827
16763,1341040000,1341120000,7268,1917
16764,1341120000,1341200000,5599,2136
16765,1341200000,1341280000,6330,1931
16766,1341280000,1341360000,10075,2875
16767,1341360000,1341440000,5458,1747
16768,1341440000,1341520000,5677,2126
16769,1341520000,1341600000,7149,2159
16770,1341600000,1341680000,9841,2770
16771,1341680000,1341760000,4667,1786
16772,1341760000,1341840000,5755,1982
16773,1341840000,1341920000,10706,3051
16774,1341920000,1342000000,5928,1852
16775,1342000000,1342080000,5386,2107
16776,1342080000,1342160000,5961,1814
16777,1342160000,1342240000,10461,2975
16778,1342240000,1342320000,4928,1737
16779,1342320000,1342400000,5843,2110
16780,1342400000,1342480000,8262,2461
16781,1342480000,1342560000,8668,2337
16782,1342560000,1342640000,5001,1886
16783,1342640000,1342720000,6420,2073
16784,1342720000,1342800000,10904,2994
16785,1342800000,1342880000,5581,1769
16786,1342880000,1342960000,5814,2089
16787,1342960000,1343040000,6071,1736
16788,1343040000,1343120000,10714,3101
16789,1343120000,1343200000,5062,1833
16790,1343200000,1343280000,5618,2018
16791,1343280000,1343360000,9325,2821
16792,1343360000,1343440000,7128,1918
16793,1343440000,1343520000,5493,2160
16794,1343520000,1343600000,6375,1935
16795,1343600000,1343680000,10214,2838
16796,1343680000,1343760000,5261,1751
16797,1343760000,1343840000,6011,2125
16798,1343840000,1343920000,7256,2157
16799,1343920000,1344000000,9756,2752
16800,1344000000,1344080000,4667,1760
16801,1344080000,1344160000,5887,1981
16802,1344160000,1344240000,10757,3043
16803,1344240000,1344320000,6108,1854
16804,1344320000,1344400000,5766,2111
16805,1344400000,1344480000,7014,2261
16806,1344480000,1344560000,6349,2189
16807,1344560000,1344640000,7250,2326
16808,1344640000,1344720000,7428,2690
16809,1344720000,1344800000,10788,3125
16810,1344800000,1344880000,5011,1833
16811,1344880000,1344960000,6056,2018
16812,1344960000,1345040000,9605,2822
16813,1345040000,1345120000,7077,1917
16814,1345120000,1345200000,5621,2156
16815,1345200000,1345280000,6547,1935
16816,1345280000,1345360000,10315,2881
16817,1345360000,1345440000,5514,1749
16818,1345440000,1345520000,5784,2136
16819,1345520000,1345600000,7294,2155
16820,1345600000,1345680000,9711,2776
16821,1345680000,1345760000,4862,1779
16822,1345760000,1345840000,5879,1977
16823,1345840000,1345920000,10374,3059
16824,1345920000,1346000000,6179,1863
16825,1346000000,1346080000,5600,2107
16826,1346080000,1346160000,6036,1814
16827,1346160000,1346240000,10761,2979
16828,1346240000,1346320000,5111,1724
16829,1346320000,1346400000,5447,1944
16830,1346400000,1346480000,8167,2468
16831,1346480000,1346560000,8716,2326
16832,1346560000,1346640000,4969,1816
16833,1346640000,1346720000,6457,2063
16834,1346720000,1346800000,10824,3038
16835,1346800000,1346880000,5209,1714
16836,1346880000,1346960000,5782,2071
16837,1346960000,1347040000,6085,1753
16838,1347040000,1347120000,10922,3106
16839,1347120000,1347200000,5109,1801
16840,1347200000,1347280000,5588,2017
16841,1347280000,1347360000,9556,2817
16842,1347360000,1347440000,7266,1921
16843,1347440000,1347520000,5606,2155
16844,1347520000,1347600000,6478,1933
16845,1347600000,1347680000,10220,2828
16846,1347680000,1347760000,5083,1696
16847,1347760000,1347840000,5472,2106
16848,1347840000,1347920000,7212,2144
16849,1347920000,1348000000,9795,2757
16850,1348000000,1348080000,4580,1760
16851,1348080000,1348160000,5715,1978
16852,1348160000,1348240000,10625,3044
16853,1348240000,1348320000,6032,1857
16854,1348320000,1348400000,5626,2107
16855,1348400000,1348480000,6092,1809
16856,1348480000,1348560000,10705,2968
16857,1348560000,1348640000,5111,1741
16858,1348640000,1348720000,5886,2118
16859,1348720000,1348800000,8283,2468
16860,1348800000,1348880000,8588,2339
16861,1348880000,1348960000,5177,1886
16862,1348960000,1349040000,6402,2069
16863,1349040000,1349120000,10839,3023
16864,1349120000,1349200000,5551,1822
16865,1349200000,1349280000,5571,2116
16866,1349280000,1349360000,7217,2313
16867,1349360000,1349440000,7303,2440
16868,1349440000,1349520000,6714,2128
16869,1349520000,1349600000,7911,2890
16870,1349600000,1349680000,10103,2795
16871,1349680000,1349760000,4766,1787
16872,1349760000,1349840000,6000,1986
16873,1349840000,1349920000,10981,3061
16874,1349920000,1350000000,6256,1854
16875,1350000000,1350080000,5841,2107
16876,1350080000,1350160000,6149,1814
16877,1350160000,1350240000,10851,2988
16878,1350240000,1350320000,5136,1737
16879,1350320000,1350400000,5669,2114
16880,1350400000,1350480000,8299,2471
16881,1350480000,1350560000,8419,2341
16882,1350560000,1350640000,4988,1886
16883,1350640000,1350720000,6265,2073
16884,1350720000,1350800000,10583,3041
16885,1350800000,1350880000,5387,1824
16886,1350880000,1350960000,5911,2114
16887,1350960000,1351040000,6087,1749
16888,1351040000,1351120000,10592,3109
16889,1351120000,1351200000,5013,1833
16890,1351200000,1351280000,5871,2018
16891,1351280000,1351360000,9336,2826
16892,1351360000,1351440000,7074,1917
16893,1351440000,1351520000,5808,2160
16894,1351520000,1351600000,6480,1935
16895,1351600000,1351680000,9805,2863
16896,1351680000,1351760000,5227,1743
16897,1351760000,1351840000,5646,2126
16898,1351840000,1351920000,7106,2155
16899,1351920000,1352000000,9802,2753
16900,1352000000,1352080000,4704,1760
16901,1352080000,1352160000,5854,1981
16902,1352160000,1352240000,11039,3039
16903,1352240000,1352320000,6241,1856
16904,1352320000,1352400000,5369,1970
16905,1352400000,1352480000,5998,1765
16906,1352480000,1352560000,10745,2910
16907,1352560000,1352640000,4984,1677
16908,1352640000,1352720000,5727,2026
16909,1352720000,1352800000,8237,2459
16910,1352800000,1352880000,8522,2315
16911,1352880000,1352960000,4898,1761
16912,1352960000,1353040000,6488,2073
16913,1353040000,1353120000,10818,3030
16914,1353120000,1353200000,5648,1795
16915,1353200000,1353280000,5609,2112
16916,1353280000,1353360000,6059,1744
16917,1353360000,1353440000,10941,3099
16918,1353440000,1353520000,5184,1833
16919,1353520000,1353600000,5710,2014
16920,1353600000,1353680000,9525,2821
16921,1353680000,1353760000,7080,1912
16922,1353760000,1353840000,5365,2160
16923,1353840000,1353920000,6385,1935
16924,1353920000,1354000000,10174,2848
16925,1354000000,1354080000,5175,1751
16926,1354080000,1354160000,5474,2130
16927,1354160000,1354240000,7411,2386
16928,1354240000,1354320000,8115,2656
16929,1354320000,1354400000,6018,1883
16930,1354400000,1354480000,9012,3248
16931,1354480000,1354560000,8775,2336
16932,1354560000,1354640000,5137,1882
16933,1354640000,1354720000,6404,2073
16934,1354720000,1354800000,11065,3041
16935,1354800000,1354880000,5462,1816
16936,1354880000,1354960000,5530,2121
16937,1354960000,1355040000,6168,1756
16938,1355040000,1355120000,11085,3120
16939,1355120000,1355200000,4958,1831
16940,1355200000,1355280000,5599,2017
16941,1355280000,1355360000,9556,2830
16942,1355360000,1355440000,6979,1920
16943,1355440000,1355520000,5532,2155
16944,1355520000,1355600000,6537,1933
16945,1355600000,1355680000,9892,2879
16946,1355680000,1355760000,5148,1753
16947,1355760000,1355840000,5785,2136
16948,1355840000,1355920000,7155,2155
16949,1355920000,1356000000,9865,2762
16950,1356000000,1356080000,4929,1760
16951,1356080000,1356160000,6018,1978
16952,1356160000,1356240000,10719,3051
16953,1356240000,1356320000,6095,1858
16954,1356320000,1356400000,5574,2108
16955,1356400000,1356480000,6028,1814
16956,1356480000,1356560000,10236,2969
16957,1356560000,1356640000,5112,1737
16958,1356640000,1356720000,5498,2118
16959,1356720000,1356800000,8084,2467
16960,1356800000,1356880000,8517,2329
16961,1356880000,1356960000,5031,1882
16962,1356960000,1357040000,6551,2069
16963,1357040000,1357120000,10865,3023
16964,1357120000,1357200000,5471,1822
16965,1357200000,1357280000,5797,2116
16966,1357280000,1357360000,6209,1755
16967,1357360000,1357440000,10675,3039
16968,1357440000,1357520000,5249,1803
16969,1357520000,1357600000,5646,1986
16970,1357600000,1357680000,9419,2812
16971,1357680000,1357760000,6982,1918
16972,1357760000,1357840000,5573,2151
16973,1357840000,1357920000,6437,1933
16974,1357920000,1358000000,10006,2851
16975,1358000000,1358080000,5265,1749
16976,1358080000,1358160000,5693,2132
16977,1358160000,1358240000,7227,2149
16978,1358240000,1358320000,10265,2749
16979,1358320000,1358400000,4729,1732
16980,1358400000,1358480000,5640,1844
16981,1358480000,1358560000,10956,3031
16982,1358560000,1358640000,6124,1854
16983,1358640000,1358720000,5568,2038
16984,1358720000,1358800000,6106,1809
16985,1358800000,1358880000,10679,2963
16986,1358880000,1358960000,4779,1605
16987,1358960000,1359040000,5949,2108
16988,1359040000,1359120000,7150,2315
16989,1359120000,1359200000,8328,2654
16990,1359200000,1359280000,6341,2010
16991,1359280000,1359360000,10196,3637
16992,1359360000,1359440000,7461,1921
16993,1359440000,1359520000,5353,2041
16994,1359520000,1359600000,6399,1865
16995,1359600000,1359680000,10512,2862
16996,1359680000,1359760000,5319,1743
16997,1359760000,1359840000,5754,2058
16998,1359840000,1359920000,7322,2159
16999,1359920000,1360000000,10184,2743
17000,1360000000,1360080000,4677,1659
17001,1360080000,1360160000,6057,1981
17002,1360160000,1360240000,10905,3058
17003,1360240000,1360320000,6191,1832
17004,1360320000,1360400000,5665,2099
17005,1360400000,1360480000,5959,1814
17006,1360480000,1360560000,10379,2990
17007,1360560000,1360640000,5224,1741
17008,1360640000,1360720000,5658,2110
17009,1360720000,1360800000,8109,2471
17010,1360800000,1360880000,8561,2340
17011,1360880000,1360960000,4905,1886
17012,1360960000,1361040000,6327,2073
17013,1361040000,1361120000,10805,3036
17014,1361120000,1361200000,5521,1820
17015,1361200000,1361280000,5486,2117
17016,1361280000,1361360000,6058,1749
17017,1361360000,1361440000,10516,3106
17018,1361440000,1361520000,4887,1830
17019,1361520000,1361600000,5796,2014
17020,1361600000,1361680000,9321,2820
17021,1361680000,1361760000,7180,1916
17022,1361760000,1361840000,5540,2160
17023,1361840000,1361920000,6479,1935
17024,1361920000,1362000000,10262,2848
17025,1362000000,1362080000,5417,1751
17026,1362080000,1362160000,5884,2130
17027,1362160000,1362240000,7291,2157
17028,1362240000,1362320000,9832,2687
17029,1362320000,1362400000,4733,1756
17030,1362400000,1362480000,5688,1946
17031,1362480000,1362560000,10644,3033
17032,1362560000,1362640000,6070,1857
17033,1362640000,1362720000,5483,2112
17034,1362720000,1362800000,5977,1815
17035,1362800000,1362880000,10498,2970
17036,1362880000,1362960000,4930,1733
17037,1362960000,1363040000,6007,2110
17038,1363040000,1363120000,8216,2461
17039,1363120000,1363200000,8570,2335
17040,1363200000,1363280000,5062,1882
17041,1363280000,1363360000,6473,2073
17042,1363360000,1363440000,10759,3022
17043,1363440000,1363520000,5664,1822
17044,1363520000,1363600000,5736,2120
17045,1363600000,1363680000,6098,1747
17046,1363680000,1363760000,10653,3083
17047,1363760000,1363840000,5065,1833
17048,1363840000,1363920000,5706,2013
17049,1363920000,1364000000,6844,2255
17050,1364000000,1364080000,8550,2652
17051,1364080000,1364160000,6639,2168
17052,1364160000,1364240000,10989,3585
17053,1364240000,1364320000,6202,1863
17054,1364320000,1364400000,5725,2107
17055,1364400000,1364480000,6172,1819
17056,1364480000,1364560000,10774,2986
17057,1364560000,1364640000,5371,1737
17058,1364640000,1364720000,5793,2118
17059,1364720000,1364800000,8406,2474
17060,1364800000,1364880000,8694,2345
17061,1364880000,1364960000,5142,1882
17062,1364960000,1365040000,6390,2069
17063,1365040000,1365120000,10786,3031
17064,1365120000,1365200000,5541,1817
17065,1365200000,1365280000,5688,2116
17066,1365280000,1365360000,6068,1756
17067,1365360000,1365440000,10687,3115
17068,1365440000,1365520000,4970,1792
17069,1365520000,1365600000,5402,1870
17070,1365600000,1365680000,9369,2819
17071,1365680000,1365760000,7352,1915
17072,1365760000,1365840000,5582,2083
17073,1365840000,1365920000,6584,1933
17074,1365920000,1366000000,10225,2863
17075,1366000000,1366080000,5007,1617
17076,1366080000,1366160000,5926,2115
17077,1366160000,1366240000,7220,2155
17078,1366240000,1366320000,9857,2755
17079,1366320000,1366400000,4792,1752
17080,1366400000,1366480000,5704,1978
17081,1366480000,1366560000,10632,3043
17082,1366560000,1366640000,6269,1858
17083,1366640000,1366720000,5607,2106
17084,1366720000,1366800000,6070,1809
17085,1366800000,1366880000,10643,2968
17086,1366880000,1366960000,4973,1741
17087,1366960000,1367040000,5619,2118
17088,1367040000,1367120000,8338,2466
17089,1367120000,1367200000,8547,2276
17090,1367200000,1367280000,4799,1861
17091,1367280000,1367360000,6203,2034
17092,1367360000,1367440000,10767,3023
17093,1367440000,1367520000,5378,1821
17094,1367520000,1367600000,5747,2116
17095,1367600000,1367680000,6070,1748
17096,1367680000,1367760000,10747,3089
17097,1367760000,1367840000,4934,1831
17098,1367840000,1367920000,5775,2020
17099,1367920000,1368000000,9525,2815
17100,1368000000,1368080000,7276,1909
17101,1368080000,1368160000,5779,2159
17102,1368160000,1368240000,6594,1933
17103,1368240000,1368320000,10204,2853
17104,1368320000,1368400000,5292,1749
17105,1368400000,1368480000,5567,2132
17106,1368480000,1368560000,7224,2149
17107,1368560000,1368640000,9800,2751
17108,1368640000,1368720000,4771,1787
17109,1368720000,1368800000,5695,1982
17110,1368800000,1368880000,7381,2472
17111,1368880000,1368960000,8731,2568
17112,1368960000,1369040000,6696,2277
17113,1369040000,1369120000,11220,3486
17114,1369120000,1369200000,5833,1827
17115,1369200000,1369280000,5930,2117
17116,1369280000,1369360000,6196,1754
17117,1369360000,1369440000,11143,3117
17118,1369440000,1369520000,5076,1830
17119,1369520000,1369600000,5648,2018
17120,1369600000,1369680000,9722,2831
17121,1369680000,1369760000,7322,1920
17122,1369760000,1369840000,5553,2160
17123,1369840000,1369920000,6452,1935
17124,1369920000,1370000000,10350,2874
17125,1370000000,1370080000,5198,1743
17126,1370080000,1370160000,6000,2126
17127,1370160000,1370240000,7112,2159
17128,1370240000,1370320000,9829,2775
17129,1370320000,1370400000,4722,1784
17130,1370400000,1370480000,5925,1981
17131,1370480000,1370560000,10619,3053
17132,1370560000,1370640000,6348,1858
17133,1370640000,1370720000,5811,2112
17134,1370720000,1370800000,6102,1817
17135,1370800000,1370880000,10481,2978
17136,1370880000,1370960000,5130,1733
17137,1370960000,1371040000,5728,2110
17138,1371040000,1371120000,8156,2468
17139,1371120000,1371200000,8381,2337
17140,1371200000,1371280000,4969,1882
17141,1371280000,1371360000,6338,2073
17142,1371360000,1371440000,10812,3021
17143,1371440000,1371520000,5617,1823
17144,1371520000,1371600000,5358,1951
17145,1371600000,1371680000,6099,1722
17146,1371680000,1371760000,11011,3074
17147,1371760000,1371840000,5016,1793
17148,1371840000,1371920000,5837,1985
17149,1371920000,1372000000,9559,2796
17150,1372000000,1372080000,7060,1803
17151,1372080000,1372160000,5438,2008
17152,1372160000,1372240000,6537,1906
17153,1372240000,1372320000,10181,2848
17154,1372320000,1372400000,5381,1719
17155,1372400000,1372480000,5584,2128
17156,1372480000,1372560000,7125,2153
17157,1372560000,1372640000,9972,2756
17158,1372640000,1372720000,4829,1779
17159,1372720000,1372800000,5787,1977
17160,1372800000,1372880000,10836,3037
17161,1372880000,1372960000,6185,1854
17162,1372960000,1373040000,5474,2111
17163,1373040000,1373120000,6086,1817
17164,1373120000,1373200000,10597,2968
17165,1373200000,1373280000,4957,1737
17166,1373280000,1373360000,5501,2114
17167,1373360000,1373440000,8234,2461
17168,1373440000,1373520000,8454,2333
17169,1373520000,1373600000,4918,1882
17170,1373600000,1373680000,6459,2067
17171,1373680000,1373760000,6813,2357
17172,1373760000,1373840000,8956,2673
17173,1373840000,1373920000,7084,2361
17174,1373920000,1374000000,11066,3335
17175,1374000000,1374080000,5336,1753
17176,1374080000,1374160000,5619,2136
17177,1374160000,1374240000,7324,2160
17178,1374240000,1374320000,10234,2766
17179,1374320000,1374400000,4668,1782
17180,1374400000,1374480000,5757,1978
17181,1374480000,1374560000,11116,3059
17182,1374560000,1374640000,6192,1859
17183,1374640000,1374720000,5675,2106
17184,1374720000,1374800000,6175,1811
17185,1374800000,1374880000,10656,2984
17186,1374880000,1374960000,4977,1737
17187,1374960000,1375040000,5860,2118
17188,1375040000,1375120000,8062,2478
17189,1375120000,1375200000,8703,2353
17190,1375200000,1375280000,5202,1886
17191,1375280000,1375360000,6429,2069
17192,1375360000,1375440000,10864,3040
17193,1375440000,1375520000,5695,1821
17194,1375520000,1375600000,5639,2117
17195,1375600000,1375680000,6109,1756
17196,1375680000,1375760000,10879,3110
17197,1375760000,1375840000,5098,1831
17198,1375840000,1375920000,5555,2021
17199,1375920000,1376000000,9411,2823
17200,1376000000,1376080000,7140,1912
17201,1376080000,1376160000,5538,2128
17202,1376160000,1376240000,6592,1933
17203,1376240000,1376320000,10165,2854
17204,1376320000,1376400000,5093,1749
17205,1376400000,1376480000,5828,2132
17206,1376480000,1376560000,7281,2149
17207,1376560000,1376640000,10062,2757
17208,1376640000,1376720000,5014,1787
17209,1376720000,1376800000,5891,1982
17210,1376800000,1376880000,10832,3013
17211,1376880000,1376960000,6100,1802
17212,1376960000,1377040000,5583,2084
17213,1377040000,1377120000,6027,1793
17214,1377120000,1377200000,10439,2972
17215,1377200000,1377280000,5059,1741
17216,1377280000,1377360000,5740,2114
17217,1377360000,1377440000,8116,2466
17218,1377440000,1377520000,8712,2335
17219,1377520000,1377600000,4824,1792
17220,1377600000,1377680000,6158,1970
17221,1377680000,1377760000,11039,3002
17222,1377760000,1377840000,5682,1823
17223,1377840000,1377920000,5747,2046
17224,1377920000,1378000000,6193,1752
17225,1378000000,1378080000,10860,3071
17226,1378080000,1378160000,4809,1703
17227,1378160000,1378240000,5865,2018
17228,1378240000,1378320000,9551,2814
17229,1378320000,1378400000,7252,1901
17230,1378400000,1378480000,5551,2136
17231,1378480000,1378560000,6591,2013
17232,1378560000,1378640000,6384,2200
17233,1378640000,1378720000,8186,2560
17234,1378720000,1378800000,6995,2539
17235,1378800000,1378880000,10901,3180
17236,1378880000,1378960000,5055,1722
17237,1378960000,1379040000,5863,2059
17238,1379040000,1379120000,8379,2476
17239,1379120000,1379200000,8852,2315
17240,1379200000,1379280000,4949,1761
17241,1379280000,1379360000,6516,2073
17242,1379360000,1379440000,11294,3042
17243,1379440000,1379520000,5752,1798
17244,1379520000,1379600000,5671,2113
17245,1379600000,1379680000,6109,1749
17246,1379680000,1379760000,11022,3115
17247,1379760000,1379840000,5117,1826
17248,1379840000,1379920000,5702,2014
17249,1379920000,1380000000,9238,2836
17250,1380000000,1380080000,7224,1925
17251,1380080000,1380160000,5340,2137
17252,1380160000,1380240000,6363,1935
17253,1380240000,1380320000,10273,2867
17254,1380320000,1380400000,5299,1747
17255,1380400000,1380480000,5529,2130
17256,1380480000,1380560000,7155,2159
17257,1380560000,1380640000,9984,2762
17258,1380640000,1380720000,4685,1783
17259,1380720000,1380800000,5977,1977
17260,1380800000,1380880000,10713,3049
17261,1380880000,1380960000,5979,1852
17262,1380960000,1381040000,5604,2112
17263,1381040000,1381120000,6030,1817
17264,1381120000,1381200000,10670,2977
17265,1381200000,1381280000,5195,1737
17266,1381280000,1381360000,5887,2114
17267,1381360000,1381440000,8273,2461
17268,1381440000,1381520000,8793,2341
17269,1381520000,1381600000,5007,1882
17270,1381600000,1381680000,6318,2073
17271,1381680000,1381760000,10929,2990
17272,1381760000,1381840000,5655,1768
17273,1381840000,1381920000,5424,2091
17274,1381920000,1382000000,6060,1739
17275,1382000000,1382080000,10891,3099
17276,1382080000,1382160000,4930,1829
17277,1382160000,1382240000,5971,2014
17278,1382240000,1382320000,9361,2820
17279,1382320000,1382400000,7224,1913
17280,1382400000,1382480000,5602,2156
17281,1382480000,1382560000,6474,1935
17282,1382560000,1382640000,10234,2848
17283,1382640000,1382720000,5544,1727
17284,1382720000,1382800000,5796,2134
17285,1382800000,1382880000,7236,2156
17286,1382880000,1382960000,9896,2752
17287,1382960000,1383040000,4817,1783
17288,1383040000,1383120000,5807,1977
17289,1383120000,1383200000,10772,3040
17290,1383200000,1383280000,6101,1857
17291,1383280000,1383360000,5598,2107
17292,1383360000,1383440000,7003,2261
17293,1383440000,1383520000,6345,2189
17294,1383520000,1383600000,7316,2324
17295,1383600000,1383680000,7468,2690
17296,1383680000,1383760000,10860,3127
17297,1383760000,1383840000,5289,1834
17298,1383840000,1383920000,5813,2025
17299,1383920000,1384000000,9585,2830
17300,1384000000,1384080000,7170,1917
17301,1384080000,1384160000,5562,2128
17302,1384160000,1384240000,6512,1933
17303,1384240000,1384320000,10306,2871
17304,1384320000,1384400000,5267,1749
17305,1384400000,1384480000,5724,2132
17306,1384480000,1384560000,7297,2155
17307,1384560000,1384640000,9748,2760
17308,1384640000,1384720000,4683,1727
17309,1384720000,1384800000,5611,1844
17310,1384800000,1384880000,10406,3044
17311,1384880000,1384960000,6181,1863
17312,1384960000,1385040000,5628,2038
17313,1385040000,1385120000,6069,1811
17314,1385120000,1385200000,10762,2982
17315,1385200000,1385280000,4904,1605
17316,1385280000,1385360000,6022,2108
17317,1385360000,1385440000,8197,2474
17318,1385440000,1385520000,8838,2345
17319,1385520000,1385600000,5079,1852
17320,1385600000,1385680000,6269,2069
17321,1385680000,1385760000,10827,3036
17322,1385760000,1385840000,5682,1816
17323,1385840000,1385920000,5606,2113
17324,1385920000,1386000000,6035,1750
17325,1386000000,1386080000,10915,3102
17326,1386080000,1386160000,4870,1831
17327,1386160000,1386240000,5589,2021
17328,1386240000,1386320000,9583,2816
17329,1386320000,1386400000,7406,1914
17330,1386400000,1386480000,5406,2159
17331,1386480000,1386560000,6438,1933
17332,1386560000,1386640000,10360,2820
17333,1386640000,1386720000,5093,1696
17334,1386720000,1386800000,5726,2097
17335,1386800000,1386880000,7236,2145
17336,1386880000,1386960000,9939,2757
17337,1386960000,1387040000,4693,1787
17338,1387040000,1387120000,5910,1982
17339,1387120000,1387200000,10680,3043
17340,1387200000,1387280000,6339,1862
17341,1387280000,1387360000,5810,2107
17342,1387360000,1387440000,6086,1809
17343,1387440000,1387520000,10858,2970
17344,1387520000,1387600000,5187,1741
17345,1387600000,1387680000,5697,2114
17346,1387680000,1387760000,8297,2468
17347,1387760000,1387840000,8624,2321
17348,1387840000,1387920000,4981,1886
17349,1387920000,1388000000,6213,2072
17350,1388000000,1388080000,11064,3021
17351,1388080000,1388160000,5405,1821
17352,1388160000,1388240000,5899,2114
17353,1388240000,1388320000,7248,2310
17354,1388320000,1388400000,7311,2440
17355,1388400000,1388480000,6873,2128
17356,1388480000,1388560000,7934,2890
17357,1388560000,1388640000,10022,2783
17358,1388640000,1388720000,4842,1784
17359,1388720000,1388800000,5851,1985
17360,1388800000,1388880000,10908,3055
17361,1388880000,1388960000,6204,1854
17362,1388960000,1389040000,5538,2112
17363,1389040000,1389120000,6068,1817
17364,1389120000,1389200000,10889,2982
17365,1389200000,1389280000,4974,1737
17366,1389280000,1389360000,6057,2110
17367,1389360000,1389440000,8293,2471
17368,1389440000,1389520000,8442,2345
17369,1389520000,1389600000,4989,1882
17370,1389600000,1389680000,6432,2073
17371,1389680000,1389760000,10481,3046
17372,1389760000,1389840000,5773,1826
17373,1389840000,1389920000,5780,2120
17374,1389920000,1390000000,6073,1752
17375,1390000000,1390080000,10645,3111
17376,1390080000,1390160000,5125,1829
17377,1390160000,1390240000,5759,2014
17378,1390240000,1390320000,9326,2826
17379,1390320000,1390400000,7029,1911
17380,1390400000,1390480000,5601,2156
17381,1390480000,1390560000,6467,1935
17382,1390560000,1390640000,9884,2849
17383,1390640000,1390720000,5154,1743
17384,1390720000,1390800000,5314,1954
17385,1390800000,1390880000,7077,2142
17386,1390880000,1390960000,9900,2740
17387,1390960000,1391040000,4695,1735
17388,1391040000,1391120000,5950,1957
17389,1391120000,1391200000,10974,3042
17390,1391200000,1391280000,6223,1794
17391,1391280000,1391360000,5673,2027
17392,1391360000,1391440000,6192,1817
17393,1391440000,1391520000,10834,2929
17394,1391520000,1391600000,5120,1664
17395,1391600000,1391680000,5543,2081
17396,1391680000,1391760000,8246,2459
17397,1391760000,1391840000,8690,2327
17398,1391840000,1391920000,5083,1878
17399,1391920000,1392000000,6302,2068
17400,1392000000,1392080000,10887,3028
17401,1392080000,1392160000,5495,1821
17402,1392160000,1392240000,5487,2121
17403,1392240000,1392320000,6084,1747
17404,1392320000,1392400000,11169,3093
17405,1392400000,1392480000,4992,1834
17406,1392480000,1392560000,5632,2017
17407,1392560000,1392640000,9532,2820
17408,1392640000,1392720000,7216,1907
17409,1392720000,1392800000,5510,2155
17410,1392800000,1392880000,6514,1932
17411,1392880000,1392960000,10247,2846
17412,1392960000,1393040000,5164,1750
17413,1393040000,1393120000,5781,2136
17414,1393120000,1393200000,7419,2385
17415,1393200000,1393280000,8162,2656
17416,1393280000,1393360000,5982,1883
17417,1393360000,1393440000,8987,3246
17418,1393440000,1393520000,8747,2338
17419,1393520000,1393600000,4867,1886
17420,1393600000,1393680000,6368,2073
17421,1393680000,1393760000,11023,3042
17422,1393760000,1393840000,5479,1817
17423,1393840000,1393920000,5788,2116
17424,1393920000,1394000000,6198,1753
17425,1394000000,1394080000,11022,3114
17426,1394080000,1394160000,4946,1831
17427,1394160000,1394240000,5818,2021
17428,1394240000,1394320000,9534,2828
17429,1394320000,1394400000,7092,1912
17430,1394400000,1394480000,5799,2155
17431,1394480000,1394560000,6508,1933
17432,1394560000,1394640000,9877,2873
17433,1394640000,1394720000,5300,1753
17434,1394720000,1394800000,5606,2132
17435,1394800000,1394880000,7136,2155
17436,1394880000,1394960000,9794,2762
17437,1394960000,1395040000,4864,1787
17438,1395040000,1395120000,5756,1982
17439,1395120000,1395200000,10784,3051
17440,1395200000,1395280000,6051,1856
17441,1395280000,1395360000,5764,2103
17442,1395360000,1395440000,6157,1811
17443,1395440000,1395520000,10333,2979
17444,1395520000,1395600000,4834,1737
17445,1395600000,1395680000,5833,2114
17446,1395680000,1395760000,8093,2467
17447,1395760000,1395840000,8554,2321
17448,1395840000,1395920000,5238,1886
17449,1395920000,1396000000,6363,2072
17450,1396000000,1396080000,10868,3023
17451,1396080000,1396160000,5589,1823
17452,1396160000,1396240000,5707,2114
17453,1396240000,1396320000,6172,1752
17454,1396320000,1396400000,10664,3033
17455,1396400000,1396480000,4964,1802
17456,1396480000,1396560000,5653,1983
17457,1396560000,1396640000,9412,2810
17458,1396640000,1396720000,7070,1908
17459,1396720000,1396800000,5305,2037
17460,1396800000,1396880000,6303,1862
17461,1396880000,1396960000,10078,2838
17462,1396960000,1397040000,5253,1746
17463,1397040000,1397120000,5715,2058
17464,1397120000,1397200000,7259,2150
17465,1397200000,1397280000,10213,2732
17466,1397280000,1397360000,4714,1660
17467,1397360000,1397440000,6085,1981
17468,1397440000,1397520000,10984,3047
17469,1397520000,1397600000,6289,1835
17470,1397600000,1397680000,5602,2102
17471,1397680000,1397760000,5987,1809
17472,1397760000,1397840000,10795,2968
17473,1397840000,1397920000,5234,1741
17474,1397920000,1398000000,5647,2110
17475,1398000000,1398080000,7128,2315
17476,1398080000,1398160000,8401,2654
17477,1398160000,1398240000,6318,2000
17478,1398240000,1398320000,10179,3635
17479,1398320000,1398400000,7315,1876
17480,1398400000,1398480000,5596,2050
17481,1398480000,1398560000,6639,1939
17482,1398560000,1398640000,10453,2867
17483,1398640000,1398720000,5410,1715
17484,1398720000,1398800000,5622,2128
17485,1398800000,1398880000,7292,2159
17486,1398880000,1398960000,10132,2764
17487,1398960000,1399040000,4932,1783
17488,1399040000,1399120000,5839,1977
17489,1399120000,1399200000,10781,3054
17490,1399200000,1399280000,6096,1854
17491,1399280000,1399360000,5471,2112
17492,1399360000,1399440000,5990,1817
17493,1399440000,1399520000,10436,2996
17494,1399520000,1399600000,4987,1741
17495,1399600000,1399680000,5536,2114
17496,1399680000,1399760000,8110,2471
17497,1399760000,1399840000,8536,2332
17498,1399840000,1399920000,5040,1882
17499,1399920000,1400000000,6485,2068
17500,1400000000,1400080000,10786,3036
17501,1400080000,1400160000,5389,1821
17502,1400160000,1400240000,5733,2121
17503,1400240000,1400320000,6102,1752
17504,1400320000,1400400000,10626,3098
17505,1400400000,1400480000,5115,1827
17506,1400480000,1400560000,5808,2017
17507,1400560000,1400640000,9317,2820
17508,1400640000,1400720000,7222,1912
17509,1400720000,1400800000,5519,2156
17510,1400800000,1400880000,6402,1935
17511,1400880000,1400960000,10181,2846
17512,1400960000,1401040000,5437,1750
17513,1401040000,1401120000,5509,2136
17514,1401120000,1401200000,7266,2156
17515,1401200000,1401280000,9887,2685
17516,1401280000,1401360000,4677,1756
17517,1401360000,1401440000,6017,1942
17518,1401440000,1401520000,10735,3036
17519,1401520000,1401600000,5889,1862
17520,1401600000,1401680000,5676,2108
17521,1401680000,1401760000,6049,1815
17522,1401760000,1401840000,10477,2978
17523,1401840000,1401920000,5326,1737
17524,1401920000,1402000000,5760,2118
17525,1402000000,1402080000,8199,2461
17526,1402080000,1402160000,8625,2335
17527,1402160000,1402240000,5109,1882
17528,1402240000,1402320000,6411,2069
17529,1402320000,1402400000,10777,3019
17530,1402400000,1402480000,5473,1821
17531,1402480000,1402560000,5618,2116
17532,1402560000,1402640000,6101,1747
17533,1402640000,1402720000,10705,3085
17534,1402720000,1402800000,4894,1769
17535,1402800000,1402880000,5410,1870
17536,1402880000,1402960000,6865,2255
17537,1402960000,1403040000,8678,2652
17538,1403040000,1403120000,6683,2168
17539,1403120000,1403200000,10898,3579
17540,1403200000,1403280000,6378,1863
17541,1403280000,1403360000,5689,2106
17542,1403360000,1403440000,6128,1816
17543,1403440000,1403520000,10779,2988
17544,1403520000,1403600000,5077,1737
17545,1403600000,1403680000,5760,2114
17546,1403680000,1403760000,8393,2474
17547,1403760000,1403840000,8774,2341
17548,1403840000,1403920000,4928,1796
17549,1403920000,1404000000,6194,1970
17550,1404000000,1404080000,10872,3026
17551,1404080000,1404160000,5431,1794
17552,1404160000,1404240000,5739,2042
17553,1404240000,1404320000,6061,1753
17554,1404320000,1404400000,10608,3093
17555,1404400000,1404480000,4837,1706
17556,1404480000,1404560000,5907,2018
17557,1404560000,1404640000,9395,2829
17558,1404640000,1404720000,7408,1907
17559,1404720000,1404800000,5617,2132
17560,1404800000,1404880000,6433,1933
17561,1404880000,1404960000,10152,2865
17562,1404960000,1405040000,5433,1746
17563,1405040000,1405120000,5619,2126
17564,1405120000,1405200000,7213,2156
17565,1405200000,1405280000,9718,2755
17566,1405280000,1405360000,4595,1786
17567,1405360000,1405440000,5708,1982
17568,1405440000,1405520000,10732,3044
17569,1405520000,1405600000,6105,1861
17570,1405600000,1405680000,5417,2110
17571,1405680000,1405760000,6038,1809
17572,1405760000,1405840000,10655,2972
17573,1405840000,1405920000,4964,1741
17574,1405920000,1406000000,5879,2110
17575,1406000000,1406080000,8327,2466
17576,1406080000,1406160000,8498,2276
17577,1406160000,1406240000,4884,1861
17578,1406240000,1406320000,6334,2038
17579,1406320000,1406400000,10748,3018
17580,1406400000,1406480000,5586,1819
17581,1406480000,1406560000,5858,2117
17582,1406560000,1406640000,6066,1748
17583,1406640000,1406720000,10700,3095
17584,1406720000,1406800000,5004,1807
17585,1406800000,1406880000,5612,2018
17586,1406880000,1406960000,9525,2815
17587,1406960000,1407040000,7227,1907
17588,1407040000,1407120000,5515,2160
17589,1407120000,1407200000,6467,1936
17590,1407200000,1407280000,10275,2851
17591,1407280000,1407360000,5111,1750
17592,1407360000,1407440000,5931,2126
17593,1407440000,1407520000,7260,2150
17594,1407520000,1407600000,9799,2757
17595,1407600000,1407680000,4725,1784
17596,1407680000,1407760000,5934,1981
17597,1407760000,1407840000,7392,2472
17598,1407840000,1407920000,8835,2568
17599,1407920000,1408000000,6680,2277
17600,1408000000,1408080000,11186,3492
17601,1408080000,1408160000,5741,1804
17602,1408160000,1408240000,5544,2117
17603,1408240000,1408320000,6169,1757
17604,1408320000,1408400000,11197,3111
17605,1408400000,1408480000,4970,1826
17606,1408480000,1408560000,6006,2014
17607,1408560000,1408640000,9730,2829
17608,1408640000,1408720000,7278,1914
17609,1408720000,1408800000,5602,2156
17610,1408800000,1408880000,6557,1935
17611,1408880000,1408960000,10148,2866
17612,1408960000,1409040000,5537,1746
17613,1409040000,1409120000,5778,2136
17614,1409120000,1409200000,7087,2158
17615,1409200000,1409280000,9851,2775
17616,1409280000,1409360000,4824,1784
17617,1409360000,1409440000,5831,1977
17618,1409440000,1409520000,10649,3054
17619,1409520000,1409600000,6191,1863
17620,1409600000,1409680000,5651,2108
17621,1409680000,1409760000,6092,1817
17622,1409760000,1409840000,10610,2978
17623,1409840000,1409920000,5000,1720
17624,1409920000,1410000000,5409,1944
17625,1410000000,1410080000,8139,2462
17626,1410080000,1410160000,8400,2324
17627,1410160000,1410240000,4912,1816
17628,1410240000,1410320000,6422,2063
17629,1410320000,1410400000,10766,3024
17630,1410400000,1410480000,5398,1718
17631,1410480000,1410560000,5800,2070
17632,1410560000,1410640000,6207,1747
17633,1410640000,1410720000,11058,3095
17634,1410720000,1410800000,5075,1779
17635,1410800000,1410880000,5616,2017
17636,1410880000,1410960000,9540,2796
17637,1410960000,1411040000,7217,1858
17638,1411040000,1411120000,5571,2134
17639,1411120000,1411200000,6394,1903
17640,1411200000,1411280000,10114,2848
17641,1411280000,1411360000,5188,1750
17642,1411360000,1411440000,5540,2136
17643,1411440000,1411520000,7117,2152
17644,1411520000,1411600000,9957,2762
17645,1411600000,1411680000,4668,1782
17646,1411680000,1411760000,5713,1978
17647,1411760000,1411840000,10826,3038
17648,1411840000,1411920000,6182,1857
17649,1411920000,1412000000,5676,2106
17650,1412000000,1412080000,6162,1814
17651,1412080000,1412160000,10584,2968
17652,1412160000,1412240000,4897,1737
17653,1412240000,1412320000,5784,2118
17654,1412320000,1412400000,8241,2461
17655,1412400000,1412480000,8542,2329
17656,1412480000,1412560000,5208,1886
17657,1412560000,1412640000,6443,2067
17658,1412640000,1412720000,6847,2357
17659,1412720000,1412800000,9081,2673
17660,1412800000,1412880000,7025,2361
17661,1412880000,1412960000,10959,3323
17662,1412960000,1413040000,5238,1753
17663,1413040000,1413120000,5854,2127
17664,1413120000,1413200000,7374,2161
17665,1413200000,1413280000,10172,2762
17666,1413280000,1413360000,4737,1786
17667,1413360000,1413440000,5937,1982
17668,1413440000,1413520000,11095,3056
17669,1413520000,1413600000,6301,1864
17670,1413600000,1413680000,5867,2110
17671,1413680000,1413760000,6149,1811
17672,1413760000,1413840000,10636,2986
17673,1413840000,1413920000,5123,1737
17674,1413920000,1414000000,5673,2114
17675,1414000000,1414080000,8047,2478
17676,1414080000,1414160000,8574,2349
17677,1414160000,1414240000,5023,1886
17678,1414240000,1414320000,6244,2073
17679,1414320000,1414400000,10943,3040
17680,1414400000,1414480000,5573,1818
17681,1414480000,1414560000,5951,2113
17682,1414560000,1414640000,6150,1753
17683,1414640000,1414720000,10910,3106
17684,1414720000,1414800000,4978,1830
17685,1414800000,1414880000,5822,2018
17686,1414880000,1414960000,9411,2823
17687,1414960000,1415040000,7144,1908
17688,1415040000,1415120000,5748,2160
17689,1415120000,1415200000,6456,1936
17690,1415200000,1415280000,10130,2854
17691,1415280000,1415360000,5356,1750
17692,1415360000,1415440000,5680,2126
17693,1415440000,1415520000,7278,2150
17694,1415520000,1415600000,10001,2763
17695,1415600000,1415680000,4796,1784
17696,1415680000,1415760000,5907,1981
17697,1415760000,1415840000,10906,3000
17698,1415840000,1415920000,6097,1805
17699,1415920000,1416000000,5284,1946
17700,1416000000,1416080000,5933,1743
17701,1416080000,1416160000,10520,2955
17702,1416160000,1416240000,4957,1720
17703,1416240000,1416320000,5786,2059
17704,1416320000,1416400000,8128,2466
17705,1416400000,1416480000,8614,2307
17706,1416480000,1416560000,4903,1761
17707,1416560000,1416640000,6490,2073
17708,1416640000,1416720000,11045,3014
17709,1416720000,1416800000,5739,1797
17710,1416800000,1416880000,5671,2113
17711,1416880000,1416960000,6133,1752
17712,1416960000,1417040000,10893,3093
17713,1417040000,1417120000,5105,1830
17714,1417120000,1417200000,5605,2014
17715,1417200000,1417280000,9527,2814
17716,1417280000,1417360000,7131,1908
17717,1417360000,1417440000,5373,2160
17718,1417440000,1417520000,6611,2016
17719,1417520000,1417600000,6425,2200
17720,1417600000,1417680000,8470,2537
17721,1417680000,1417760000,7209,2557
17722,1417760000,1417840000,11065,3204
17723,1417840000,1417920000,5254,1709
17724,1417920000,1418000000,5691,2114
17725,1418000000,1418080000,8366,2476
17726,1418080000,1418160000,8899,2341
17727,1418160000,1418240000,5120,1878
17728,1418240000,1418320000,6366,2069
17729,1418320000,1418400000,11266,3038
17730,1418400000,1418480000,5588,1822
17731,1418480000,1418560000,5528,2120
17732,1418560000,1418640000,6155,1752
17733,1418640000,1418720000,11052,3105
17734,1418720000,1418800000,4923,1827
17735,1418800000,1418880000,5602,2017
17736,1418880000,1418960000,9262,2836
17737,1418960000,1419040000,7181,1921
17738,1419040000,1419120000,5541,2155
17739,1419120000,1419200000,6493,1932
17740,1419200000,1419280000,10213,2867
17741,1419280000,1419360000,5299,1750
17742,1419360000,1419440000,5845,2136
17743,1419440000,1419520000,7169,2158
17744,1419520000,1419600000,10038,2768
17745,1419600000,1419680000,4989,1782
17746,1419680000,1419760000,5974,1978
17747,1419760000,1419840000,10665,3036
17748,1419840000,1419920000,6103,1859
17749,1419920000,1420000000,5537,2108
17750,1420000000,1420080000,5982,1816
17751,1420080000,1420160000,10580,2975
17752,1420160000,1420240000,5148,1737
17753,1420240000,1420320000,5521,2118
17754,1420320000,1420400000,8276,2461
17755,1420400000,1420480000,8842,2339
17756,1420480000,1420560000,5050,1882
17757,1420560000,1420640000,6580,2069
17758,1420640000,1420720000,11004,2985
17759,1420720000,1420800000,5405,1767
17760,1420800000,1420880000,5717,2087
17761,1420880000,1420960000,6097,1739
17762,1420960000,1421040000,10859,3095
17763,1421040000,1421120000,5249,1834
17764,1421120000,1421200000,5727,2021
17765,1421200000,1421280000,9358,2820
17766,1421280000,1421360000,7309,1913
17767,1421360000,1421440000,5569,2151
17768,1421440000,1421520000,6450,1932
17769,1421520000,1421600000,10259,2850
17770,1421600000,1421680000,5358,1750
17771,1421680000,1421760000,5740,2132
17772,1421760000,1421840000,7253,2156
17773,1421840000,1421920000,9998,2750
17774,1421920000,1422000000,4675,1731
17775,1422000000,1422080000,5525,1844
17776,1422080000,1422160000,10854,3027
17777,1422160000,1422240000,6017,1857
17778,1422240000,1422320000,5592,2038
17779,1422320000,1422400000,7083,2258
17780,1422400000,1422480000,6574,2188
17781,1422480000,1422560000,7592,2326
17782,1422560000,1422640000,7576,2690
17783,1422640000,1422720000,10933,3124
17784,1422720000,1422800000,5083,1833
17785,1422800000,1422880000,5802,2022
17786,1422880000,1422960000,9633,2829
17787,1422960000,1423040000,7340,1910
17788,1423040000,1423120000,5356,2037
17789,1423120000,1423200000,6378,1862
17790,1423200000,1423280000,10497,2858
17791,1423280000,1423360000,5254,1750
17792,1423360000,1423440000,5781,2058
17793,1423440000,1423520000,7329,2156
17794,1423520000,1423600000,9712,2749
17795,1423600000,1423680000,4641,1659
17796,1423680000,1423760000,6068,1981
17797,1423760000,1423840000,10434,3044
17798,1423840000,1423920000,6308,1846
17799,1423920000,1424000000,5633,2102
17800,1424000000,1424080000,5979,1810
17801,1424080000,1424160000,10773,2989
17802,1424160000,1424240000,5251,1737
17803,1424240000,1424320000,5703,2110
17804,1424320000,1424400000,8211,2474
17805,1424400000,1424480000,8772,2345
17806,1424480000,1424560000,4882,1886
17807,1424560000,1424640000,6286,2073
17808,1424640000,1424720000,10924,3029
17809,1424720000,1424800000,5490,1815
17810,1424800000,1424880000,5437,2117
17811,1424880000,1424960000,6024,1750
17812,1424960000,1425040000,10868,3100
17813,1425040000,1425120000,4941,1830
17814,1425120000,1425200000,5822,2014
17815,1425200000,1425280000,9590,2816
17816,1425280000,1425360000,7348,1914
17817,1425360000,1425440000,5573,2160
17818,1425440000,1425520000,6536,1936
17819,1425520000,1425600000,10353,2826
17820,1425600000,1425680000,5358,1697
17821,1425680000,1425760000,5794,2100
17822,1425760000,1425840000,7251,2145
17823,1425840000,1425920000,9919,2761
17824,1425920000,1426000000,4813,1784
17825,1426000000,1426080000,5760,1981
17826,1426080000,1426160000,10650,3041
17827,1426160000,1426240000,6276,1862
17828,1426240000,1426320000,5497,2112
17829,1426320000,1426400000,6019,1812
17830,1426400000,1426480000,10910,2954
17831,1426480000,1426560000,5048,1741
17832,1426560000,1426640000,6081,2109
17833,1426640000,1426720000,8324,2468
17834,1426720000,1426800000,8640,2331
17835,1426800000,1426880000,4923,1859
17836,1426880000,1426960000,6387,2073
17837,1426960000,1427040000,10941,3018
17838,1427040000,1427120000,5751,1821
17839,1427120000,1427200000,5756,2120
17840,1427200000,1427280000,7302,2312
17841,1427280000,1427360000,7566,2440
17842,1427360000,1427440000,7060,2128
17843,1427440000,1427520000,7949,2890
17844,1427520000,1427600000,10153,2784
17845,1427600000,1427680000,4771,1784
17846,1427680000,1427760000,6179,1981
17847,1427760000,1427840000,11018,3046
17848,1427840000,1427920000,6176,1859
17849,1427920000,1428000000,5706,2108
17850,1428000000,1428080000,6154,1816
17851,1428080000,1428160000,10944,2992
17852,1428160000,1428240000,5342,1737
17853,1428240000,1428320000,5797,2118
17854,1428320000,1428400000,8325,2471
17855,1428400000,1428480000,8625,2347
17856,1428480000,1428560000,5123,1878
17857,1428560000,1428640000,6361,2069
17858,1428640000,1428720000,10586,3039
17859,1428720000,1428800000,5583,1825
17860,1428800000,1428880000,5663,2116
17861,1428880000,1428960000,6079,1752
17862,1428960000,1429040000,10843,3097
17863,1429040000,1429120000,5021,1788
17864,1429120000,1429200000,5478,1870
17865,1429200000,1429280000,9337,2815
17866,1429280000,1429360000,7176,1905
17867,1429360000,1429440000,5515,2083
17868,1429440000,1429520000,6555,1932
17869,1429520000,1429600000,9955,2861
17870,1429600000,1429680000,4861,1614
17871,1429680000,1429760000,5878,2115
17872,1429760000,1429840000,7148,2154
17873,1429840000,1429920000,10050,2757
17874,1429920000,1430000000,4852,1756
17875,1430000000,1430080000,5718,1978
17876,1430080000,1430160000,10981,3042
17877,1430160000,1430240000,6436,1863
17878,1430240000,1430320000,5633,2106
17879,1430320000,1430400000,6098,1814
17880,1430400000,1430480000,10831,2929
17881,1430480000,1430560000,4881,1694
17882,1430560000,1430640000,5523,2085
17883,1430640000,1430720000,8254,2459
17884,1430720000,1430800000,8717,2333
17885,1430800000,1430880000,4769,1859
17886,1430880000,1430960000,6268,2069
17887,1430960000,1431040000,10861,3023
17888,1431040000,1431120000,5502,1820
17889,1431120000,1431200000,5743,2116
17890,1431200000,1431280000,6117,1744
17891,1431280000,1431360000,11122,3093
17892,1431360000,1431440000,5048,1834
17893,1431440000,1431520000,5847,2021
17894,1431520000,1431600000,9551,2820
17895,1431600000,1431680000,7255,1911
17896,1431680000,1431760000,5752,2159
17897,1431760000,1431840000,6508,1932
17898,1431840000,1431920000,10223,2850
17899,1431920000,1432000000,5299,1750
17900,1432000000,1432080000,5601,2132
17901,1432080000,1432160000,7476,2384
17902,1432160000,1432240000,8286,2656
17903,1432240000,1432320000,6154,1883
17904,1432320000,1432400000,9151,3247
17905,1432400000,1432480000,8952,2340
17906,1432480000,1432560000,5028,1886
17907,1432560000,1432640000,6494,2077
17908,1432640000,1432720000,11187,3039
17909,1432720000,1432800000,5728,1815
17910,1432800000,1432880000,5905,2117
17911,1432880000,1432960000,6193,1753
17912,1432960000,1433040000,11230,3112
17913,1433040000,1433120000,5113,1830
17914,1433120000,1433200000,5657,2018
17915,1433200000,1433280000,9567,2829
17916,1433280000,1433360000,7162,1911
17917,1433360000,1433440000,5486,2160
17918,1433440000,1433520000,6400,1936
17919,1433520000,1433600000,10054,2869
17920,1433600000,1433680000,5150,1754
17921,1433680000,1433760000,5961,2126
17922,1433760000,1433840000,7200,2156
17923,1433840000,1433920000,9941,2766
17924,1433920000,1434000000,4782,1784
17925,1434000000,1434080000,5986,1981
17926,1434080000,1434160000,10728,3050
17927,1434160000,1434240000,6310,1863
17928,1434240000,1434320000,5805,2112
17929,1434320000,1434400000,6091,1814
17930,1434400000,1434480000,10452,2977
17931,1434480000,1434560000,5033,1733
17932,1434560000,1434640000,5689,2110
17933,1434640000,1434720000,8119,2467
17934,1434720000,1434800000,8575,2327
17935,1434800000,1434880000,4935,1859
17936,1434880000,1434960000,6386,2073
17937,1434960000,1435040000,11037,3010
17938,1435040000,1435120000,5597,1822
17939,1435120000,1435200000,5370,1951
17940,1435200000,1435280000,6144,1730
17941,1435280000,1435360000,10802,3016
17942,1435360000,1435440000,4918,1762
17943,1435440000,1435520000,5727,1951
17944,1435520000,1435600000,9467,2811
17945,1435600000,1435680000,6947,1874
17946,1435680000,1435760000,5514,2050
17947,1435760000,1435840000,6554,1936
17948,1435840000,1435920000,10164,2857
17949,1435920000,1436000000,5388,1718
17950,1436000000,1436080000,5582,2128
17951,1436080000,1436160000,7236,2150
17952,1436160000,1436240000,10288,2757
17953,1436240000,1436320000,4899,1784
17954,1436320000,1436400000,5860,1977
17955,1436400000,1436480000,10978,3047
17956,1436480000,1436560000,6197,1857
17957,1436560000,1436640000,5399,2111
17958,1436640000,1436720000,6029,1812
17959,1436720000,1436800000,10843,2964
17960,1436800000,1436880000,4971,1741
17961,1436880000,1436960000,5533,2114
17962,1436960000,1437040000,7206,2314
17963,1437040000,1437120000,8470,2654
17964,1437120000,1437200000,6476,2010
17965,1437200000,1437280000,10263,3637
17966,1437280000,1437360000,7559,1920
17967,1437360000,1437440000,5639,2155
17968,1437440000,1437520000,6546,1936
17969,1437520000,1437600000,10578,2869
17970,1437600000,1437680000,5191,1746
17971,1437680000,1437760000,5570,2136
17972,1437760000,1437840000,7322,2158
17973,1437840000,1437920000,10351,2772
17974,1437920000,1438000000,4698,1786
17975,1438000000,1438080000,5750,1978
17976,1438080000,1438160000,10907,3057
17977,1438160000,1438240000,6093,1859
17978,1438240000,1438320000,5676,2107
17979,1438320000,1438400000,6074,1814
17980,1438400000,1438480000,10557,2994
17981,1438480000,1438560000,4948,1741
17982,1438560000,1438640000,5823,2118
17983,1438640000,1438720000,8137,2471
17984,1438720000,1438800000,8757,2336
17985,1438800000,1438880000,5192,1859
17986,1438880000,1438960000,6487,2069
17987,1438960000,1439040000,10876,3029
17988,1439040000,1439120000,5604,1820
17989,1439120000,1439200000,5595,2117
17990,1439200000,1439280000,6090,1752
17991,1439280000,1439360000,10668,3094
17992,1439360000,1439440000,5035,1831
17993,1439440000,1439520000,5508,2021
17994,1439520000,1439600000,9342,2819
17995,1439600000,1439680000,7281,1909
17996,1439680000,1439760000,5639,2155
17997,1439760000,1439840000,6607,1932
17998,1439840000,1439920000,10370,2852
17999,1439920000,1440000000,5207,1750
18000,1440000000,1440080000,5876,2132
18001,1440080000,1440160000,7302,2156
18002,1440160000,1440240000,9984,2691
18003,1440240000,1440320000,4983,1759
18004,1440320000,1440400000,5786,1947
18005,1440400000,1440480000,10760,3034
18006,1440480000,1440560000,6173,1862
18007,1440560000,1440640000,5622,2103
18008,1440640000,1440720000,6026,1812
18009,1440720000,1440800000,10560,2968
18010,1440800000,1440880000,5029,1737
18011,1440880000,1440960000,5722,2114
18012,1440960000,1441040000,8235,2461
18013,1441040000,1441120000,8811,2323
18014,1441120000,1441200000,4892,1796
18015,1441200000,1441280000,6219,1970
18016,1441280000,1441360000,10922,3000
18017,1441360000,1441440000,5488,1822
18018,1441440000,1441520000,5665,2046
18019,1441520000,1441600000,6105,1744
18020,1441600000,1441680000,10724,3073
18021,1441680000,1441760000,4840,1706
18022,1441760000,1441840000,5912,2018
18023,1441840000,1441920000,6919,2254
18024,1441920000,1442000000,8684,2652
18025,1442000000,1442080000,6786,2168
18026,1442080000,1442160000,11092,3577
18027,1442160000,1442240000,6358,1866
18028,1442240000,1442320000,5396,1970
18029,1442320000,1442400000,6046,1767
18030,1442400000,1442480000,10970,2975
18031,1442480000,1442560000,5065,1716
18032,1442560000,1442640000,5832,2059
18033,1442640000,1442720000,8438,2474
18034,1442720000,1442800000,8798,2315
18035,1442800000,1442880000,4955,1761
18036,1442880000,1442960000,6547,2073
18037,1442960000,1443040000,10975,3038
18038,1443040000,1443120000,5672,1790
18039,1443120000,1443200000,5658,2112
18040,1443200000,1443280000,6034,1753
18041,1443280000,1443360000,10801,3113
18042,1443360000,1443440000,5136,1833
18043,1443440000,1443520000,5641,2014
18044,1443520000,1443600000,9435,2828
18045,1443600000,1443680000,7371,1913
18046,1443680000,1443760000,5430,2160
18047,1443760000,1443840000,6462,1936
18048,1443840000,1443920000,10382,2869
18049,1443920000,1444000000,5273,1746
18050,1444000000,1444080000,5493,2130
18051,1444080000,1444160000,7217,2156
18052,1444160000,1444240000,9817,2761
18053,1444240000,1444320000,4645,1783
18054,1444320000,1444400000,5929,1977
18055,1444400000,1444480000,10741,3042
18056,1444480000,1444560000,6245,1861
18057,1444560000,1444640000,5617,2111
18058,1444640000,1444720000,6135,1812
18059,1444720000,1444800000,10813,2966
18060,1444800000,1444880000,5224,1741
18061,1444880000,1444960000,5913,2114
18062,1444960000,1445040000,8360,2466
18063,1445040000,1445120000,8638,2268
18064,1445120000,1445200000,4970,1857
18065,1445200000,1445280000,6229,2038
18066,1445280000,1445360000,10776,3014
18067,1445360000,1445440000,5632,1820
18068,1445440000,1445520000,5481,2121
18069,1445520000,1445600000,6059,1751
18070,1445600000,1445680000,10867,3093
18071,1445680000,1445760000,4967,1826
18072,1445760000,1445840000,5974,2014
18073,1445840000,1445920000,9576,2814
18074,1445920000,1446000000,7308,1912
18075,1446000000,1446080000,5628,2156
18076,1446080000,1446160000,6586,1936
18077,1446160000,1446240000,10269,2855
18078,1446240000,1446320000,5500,1749
18079,1446320000,1446400000,5705,2136
18080,1446400000,1446480000,7271,2149
18081,1446480000,1446560000,9946,2741
18082,1446560000,1446640000,4811,1784
18083,1446640000,1446720000,5833,1976
18084,1446720000,1446800000,7464,2471
18085,1446800000,1446880000,8843,2568
18086,1446880000,1446960000,6862,2277
18087,1446960000,1447040000,11418,3492
18088,1447040000,1447120000,5633,1825
18089,1447120000,1447200000,5831,2116
18090,1447200000,1447280000,6216,1757
18091,1447280000,1447360000,11313,3109
18092,1447360000,1447440000,5290,1831
18093,1447440000,1447520000,5754,2021
18094,1447520000,1447600000,9768,2830
18095,1447600000,1447680000,7416,1915
18096,1447680000,1447760000,5680,2155
18097,1447760000,1447840000,6524,1932
18098,1447840000,1447920000,10270,2860
18099,1447920000,1448000000,5307,1746
18100,1448000000,1448080000,5728,2131
18101,1448080000,1448160000,7108,2158
18102,1448160000,1448240000,9995,2773
18103,1448240000,1448320000,4690,1732
18104,1448320000,1448400000,5571,1844
18105,1448400000,1448480000,10741,3037
18106,1448480000,1448560000,6291,1863
18107,1448560000,1448640000,5648,2035
18108,1448640000,1448720000,6147,1814
18109,1448720000,1448800000,10645,2967
18110,1448800000,1448880000,4798,1601
18111,1448880000,1448960000,5966,2108
18112,1448960000,1449040000,8205,2468
18113,1449040000,1449120000,8584,2329
18114,1449120000,1449200000,5014,1852
18115,1449200000,1449280000,6224,2069
18116,1449280000,1449360000,10809,3022
18117,1449360000,1449440000,5790,1822
18118,1449440000,1449520000,5627,2114
18119,1449520000,1449600000,6147,1744
18120,1449600000,1449680000,11113,3095
18121,1449680000,1449760000,4929,1834
18122,1449760000,1449840000,5626,2021
18123,1449840000,1449920000,9555,2795
18124,1449920000,1450000000,7375,1863
18125,1450000000,1450080000,5329,2138
18126,1450080000,1450160000,6371,1903
18127,1450160000,1450240000,10242,2852
18128,1450240000,1450320000,5140,1750
18129,1450320000,1450400000,5783,2127
18130,1450400000,1450480000,7171,2153
18131,1450480000,1450560000,10071,2746
18132,1450560000,1450640000,4701,1786
18133,1450640000,1450720000,5896,1981
18134,1450720000,1450800000,10895,3035
18135,1450800000,1450880000,6350,1854
18136,1450880000,1450960000,5864,2110
18137,1450960000,1451040000,6163,1814
18138,1451040000,1451120000,10706,2962
18139,1451120000,1451200000,5089,1737
18140,1451200000,1451280000,5598,2114
18141,1451280000,1451360000,8262,2461
18142,1451360000,1451440000,8600,2325
18143,1451440000,1451520000,4952,1886
18144,1451520000,1451600000,6287,2071
18145,1451600000,1451680000,6883,2356
18146,1451680000,1451760000,9241,2673
18147,1451760000,1451840000,7189,2361
18148,1451840000,1451920000,11157,3318
18149,1451920000,1452000000,5542,1754
18150,1452000000,1452080000,5923,2129
18151,1452080000,1452160000,7373,2161
18152,1452160000,1452240000,10327,2770
18153,1452240000,1452320000,4813,1783
18154,1452320000,1452400000,5798,1981
18155,1452400000,1452480000,11126,3056
18156,1452480000,1452560000,6408,1864
18157,1452560000,1452640000,5537,2111
18158,1452640000,1452720000,6090,1814
18159,1452720000,1452800000,10898,2986
18160,1452800000,1452880000,5009,1733
18161,1452880000,1452960000,6051,2110
18162,1452960000,1453040000,8098,2478
18163,1453040000,1453120000,8720,2345
18164,1453120000,1453200000,4997,1882
18165,1453200000,1453280000,6408,2073
18166,1453280000,1453360000,10884,3033
18167,1453360000,1453440000,5916,1820
18168,1453440000,1453520000,5820,2121
18169,1453520000,1453600000,6143,1756
18170,1453600000,1453680000,10990,3104
18171,1453680000,1453760000,5111,1826
18172,1453760000,1453840000,5720,2014
18173,1453840000,1453920000,9436,2822
18174,1453920000,1454000000,7192,1913
18175,1454000000,1454080000,5522,2156
18176,1454080000,1454160000,6485,1936
18177,1454160000,1454240000,10286,2850
18178,1454240000,1454320000,5311,1750
18179,1454320000,1454400000,5334,1954
18180,1454400000,1454480000,7281,2137
18181,1454480000,1454560000,10107,2732
18182,1454560000,1454640000,4748,1736
18183,1454640000,1454720000,5976,1956
18184,1454720000,1454800000,10935,3011
18185,1454800000,1454880000,5930,1705
18186,1454880000,1454960000,5591,2000
18187,1454960000,1455040000,6128,1796
18188,1455040000,1455120000,10653,2964
18189,1455120000,1455200000,5168,1707
18190,1455200000,1455280000,5611,2114
18191,1455280000,1455360000,8137,2466
18192,1455360000,1455440000,8846,2333
18193,1455440000,1455520000,5046,1878
18194,1455520000,1455600000,6332,2069
18195,1455600000,1455680000,11090,3012
18196,1455680000,1455760000,5677,1821
18197,1455760000,1455840000,5543,2120
18198,1455840000,1455920000,6180,1755
18199,1455920000,1456000000,11104,3095
18200,1456000000,1456080000,4889,1831
18201,1456080000,1456160000,5522,2017
18202,1456160000,1456240000,9570,2813
18203,1456240000,1456320000,7196,1911
18204,1456320000,1456400000,5501,2155
18205,1456400000,1456480000,6758,2013
18206,1456480000,1456560000,6416,2199
18207,1456560000,1456640000,7893,2562
18208,1456640000,1456720000,6720,2561
18209,1456720000,1456800000,10732,3198
18210,1456800000,1456880000,5093,1739
18211,1456880000,1456960000,5663,2118
18212,1456960000,1457040000,8331,2476
18213,1457040000,1457120000,9055,2337
18214,1457120000,1457200000,4864,1882
18215,1457200000,1457280000,6277,2069
18216,1457280000,1457360000,11321,3035
18217,1457360000,1457440000,5618,1821
18218,1457440000,1457520000,5792,2115
18219,1457520000,1457600000,6108,1749
18220,1457600000,1457680000,11151,3107
18221,1457680000,1457760000,4954,1831
18222,1457760000,1457840000,5828,2021
18223,1457840000,1457920000,9226,2835
18224,1457920000,1458000000,7513,1926
18225,1458000000,1458080000,5771,2159
18226,1458080000,1458160000,6424,1932
18227,1458160000,1458240000,10340,2871
18228,1458240000,1458320000,5424,1750
18229,1458320000,1458400000,5657,2132
18230,1458400000,1458480000,7113,2158
18231,1458480000,1458560000,10111,2764
18232,1458560000,1458640000,4842,1786
18233,1458640000,1458720000,5707,1982
18234,1458720000,1458800000,10776,3048
18235,1458800000,1458880000,6033,1837
18236,1458880000,1458960000,5717,2098
18237,1458960000,1459040000,6049,1814
18238,1459040000,1459120000,10811,2971
18239,1459120000,1459200000,4893,1737
18240,1459200000,1459280000,5877,2114
18241,1459280000,1459360000,8236,2461
18242,1459360000,1459440000,8961,2333
18243,1459440000,1459520000,5231,1886
18244,1459520000,1459600000,6378,2073
18245,1459600000,1459680000,11011,2985
18246,1459680000,1459760000,5604,1768
18247,1459760000,1459840000,5616,2085
18248,1459840000,1459920000,6013,1736
18249,1459920000,1460000000,10945,3099
18250,1460000000,1460080000,5001,1833
18251,1460080000,1460160000,5718,2018
18252,1460160000,1460240000,9315,2817
18253,1460240000,1460320000,7415,1914
18254,1460320000,1460400000,5316,2037
18255,1460400000,1460480000,6242,1861
18256,1460480000,1460560000,10416,2835
18257,1460560000,1460640000,5372,1751
18258,1460640000,1460720000,5776,2058
18259,1460720000,1460800000,7214,2157
18260,1460800000,1460880000,9958,2725
18261,1460880000,1460960000,4586,1659
18262,1460960000,1461040000,5984,1981
18263,1461040000,1461120000,10834,3039
18264,1461120000,1461200000,6191,1832
18265,1461200000,1461280000,5611,2102
18266,1461280000,1461360000,6742,2258
18267,1461360000,1461440000,5680,2191
18268,1461440000,1461520000,6847,2325
18269,1461520000,1461600000,7055,2668
18270,1461600000,1461680000,10309,3103
18271,1461680000,1461760000,4990,1793
18272,1461760000,1461840000,5906,1990
18273,1461840000,1461920000,9451,2829
18274,1461920000,1462000000,6703,1873
18275,1462000000,1462080000,5552,2050
18276,1462080000,1462160000,6570,1936
18277,1462160000,1462240000,9939,2875
18278,1462240000,1462320000,5328,1722
18279,1462320000,1462400000,5633,2128
18280,1462400000,1462480000,7216,2156
18281,1462480000,1462560000,9252,2770
18282,1462560000,1462640000,4858,1779
18283,1462640000,1462720000,5835,1977
18284,1462720000,1462800000,10170,3058
18285,1462800000,1462880000,6103,1848
18286,1462880000,1462960000,5429,2106
18287,1462960000,1463040000,5948,1814
18288,1463040000,1463120000,10965,2981
18289,1463120000,1463200000,5044,1737
18290,1463200000,1463280000,5601,2114
18291,1463280000,1463360000,8146,2474
18292,1463360000,1463440000,8886,2337
18293,1463440000,1463520000,4944,1882
18294,1463520000,1463600000,6433,2069
18295,1463600000,1463680000,10942,3027
18296,1463680000,1463760000,5478,1816
18297,1463760000,1463840000,5687,2121
18298,1463840000,1463920000,6021,1753
18299,1463920000,1464000000,11179,3102
18300,1464000000,1464080000,5155,1831
18301,1464080000,1464160000,5833,2017
18302,1464160000,1464240000,9549,2815
18303,1464240000,1464320000,7487,1919
18304,1464320000,1464400000,5550,2156
18305,1464400000,1464480000,6394,1936
18306,1464480000,1464560000,10418,2822
18307,1464560000,1464640000,5392,1696
18308,1464640000,1464720000,5425,2106
18309,1464720000,1464800000,7170,2144
18310,1464800000,1464880000,10082,2759
18311,1464880000,1464960000,4688,1780
18312,1464960000,1465040000,6100,1977
18313,1465040000,1465120000,10715,3040
18314,1465120000,1465200000,6232,1857
18315,1465200000,1465280000,5665,2108
18316,1465280000,1465360000,6042,1812
18317,1465360000,1465440000,10920,2964
18318,1465440000,1465520000,5339,1716
18319,1465520000,1465600000,5822,2118
18320,1465600000,1465680000,8281,2468
18321,1465680000,1465760000,8771,2331
18322,1465760000,1465840000,5066,1882
18323,1465840000,1465920000,6282,2069
18324,1465920000,1466000000,10980,3017
18325,1466000000,1466080000,5635,1822
18326,1466080000,1466160000,5654,2116
18327,1466160000,1466240000,6997,2315
18328,1466240000,1466320000,6572,2440
18329,1466320000,1466400000,6402,2125
18330,1466400000,1466480000,7595,2890
18331,1466480000,1466560000,9619,2786
18332,1466560000,1466640000,5035,1787
18333,1466640000,1466720000,5944,1986
18334,1466720000,1466800000,10686,3056
18335,1466800000,1466880000,5883,1839
18336,1466880000,1466960000,5664,2098
18337,1466960000,1467040000,6049,1814
18338,1467040000,1467120000,10333,2982
18339,1467120000,1467200000,5040,1737
18340,1467200000,1467280000,5772,2114
18341,1467280000,1467360000,8158,2471
18342,1467360000,1467440000,8149,2331
18343,1467440000,1467520000,4844,1792
18344,1467520000,1467600000,6154,1970
18345,1467600000,1467680000,10186,3024
18346,1467680000,1467760000,5376,1826
18347,1467760000,1467840000,5707,2046
18348,1467840000,1467920000,6023,1749
18349,1467920000,1468000000,10129,3087
18350,1468000000,1468080000,4932,1706
18351,1468080000,1468160000,5968,2018
18352,1468160000,1468240000,9199,2825
18353,1468240000,1468320000,6720,1909
18354,1468320000,1468400000,5607,2132
18355,1468400000,1468480000,6332,1932
18356,1468480000,1468560000,9406,2861
18357,1468560000,1468640000,5290,1743
18358,1468640000,1468720000,5583,2126
18359,1468720000,1468800000,7028,2155
18360,1468800000,1468880000,9740,2755
18361,1468880000,1468960000,4607,1786
18362,1468960000,1469040000,5737,1982
18363,1469040000,1469120000,11038,3039
18364,1469120000,1469200000,6412,1858
18365,1469200000,1469280000,5449,2110
18366,1469280000,1469360000,6016,1814
18367,1469360000,1469440000,10930,2921
18368,1469440000,1469520000,4905,1694
18369,1469520000,1469600000,5780,2077
18370,1469600000,1469680000,8216,2459
18371,1469680000,1469760000,8841,2333
18372,1469760000,1469840000,4956,1886
18373,1469840000,1469920000,6367,2073
18374,1469920000,1470000000,10965,3026
18375,1470000000,1470080000,5801,1820
18376,1470080000,1470160000,5879,2117
18377,1470160000,1470240000,6049,1744
18378,1470240000,1470320000,11242,3095
18379,1470320000,1470400000,5113,1833
18380,1470400000,1470480000,5693,2018
18381,1470480000,1470560000,9469,2809
18382,1470560000,1470640000,7346,1904
18383,1470640000,1470720000,5473,2160
18384,1470720000,1470800000,6335,1934
18385,1470800000,1470880000,10448,2846
18386,1470880000,1470960000,5117,1751
18387,1470960000,1471040000,5953,2126
18388,1471040000,1471120000,7164,2388
18389,1471120000,1471200000,7361,2656
18390,1471200000,1471280000,5721,1882
18391,1471280000,1471360000,8721,3245
18392,1471360000,1471440000,8376,2330
18393,1471440000,1471520000,5062,1882
18394,1471520000,1471600000,6359,2077
18395,1471600000,1471680000,10612,3033
18396,1471680000,1471760000,5532,1816
18397,1471760000,1471840000,5526,2121
18398,1471840000,1471920000,6119,1756
18399,1471920000,1472000000,10618,3106
18400,1472000000,1472080000,5040,1830
18401,1472080000,1472160000,6009,2014
18402,1472160000,1472240000,9408,2827
18403,1472240000,1472320000,6607,1917
18404,1472320000,1472400000,5589,2156
18405,1472400000,1472480000,6441,1936
18406,1472480000,1472560000,9422,2877
18407,1472560000,1472640000,5499,1753
18408,1472640000,1472720000,5755,2136
18409,1472720000,1472800000,7074,2155
18410,1472800000,1472880000,9411,2768
18411,1472880000,1472960000,4852,1780
18412,1472960000,1473040000,5901,1977
18413,1473040000,1473120000,10404,3049
18414,1473120000,1473200000,5847,1858
18415,1473200000,1473280000,5627,2108
18416,1473280000,1473360000,6033,1814
18417,1473360000,1473440000,9920,2963
18418,1473440000,1473520000,4940,1720
18419,1473520000,1473600000,5356,1944
18420,1473600000,1473680000,7961,2461
18421,1473680000,1473760000,8143,2314
18422,1473760000,1473840000,4944,1820
18423,1473840000,1473920000,6424,2063
18424,1473920000,1474000000,10525,3021
18425,1474000000,1474080000,5249,1719
18426,1474080000,1474160000,5837,2070
18427,1474160000,1474240000,6178,1755
18428,1474240000,1474320000,10243,3037
18429,1474320000,1474400000,5058,1773
18430,1474400000,1474480000,5511,1982
18431,1474480000,1474560000,9226,2801
18432,1474560000,1474640000,6698,1913
18433,1474640000,1474720000,5590,2151
18434,1474720000,1474800000,6378,1932
18435,1474800000,1474880000,9905,2857
18436,1474880000,1474960000,5163,1749
18437,1474960000,1475040000,5534,2136
18438,1475040000,1475120000,7187,2149
18439,1475120000,1475200000,10456,2751
18440,1475200000,1475280000,4714,1787
18441,1475280000,1475360000,5784,1978
18442,1475360000,1475440000,10926,3044
18443,1475440000,1475520000,6261,1854
18444,1475520000,1475600000,5611,2106
18445,1475600000,1475680000,6042,1809
18446,1475680000,1475760000,10928,2962
18447,1475760000,1475840000,4968,1741
18448,1475840000,1475920000,5830,2118
18449,1475920000,1476000000,6815,2317
18450,1476000000,1476080000,7645,2654
18451,1476080000,1476160000,5911,2009
18452,1476160000,1476240000,9857,3633
18453,1476240000,1476320000,7011,1924
18454,1476320000,1476400000,5398,2159
18455,1476400000,1476480000,6439,1936
18456,1476480000,1476560000,9990,2871
18457,1476560000,1476640000,5120,1746
18458,1476640000,1476720000,5828,2127
18459,1476720000,1476800000,7243,2159
18460,1476800000,1476880000,9718,2766
18461,1476880000,1476960000,4716,1786
18462,1476960000,1477040000,5945,1982
18463,1477040000,1477120000,10562,3052
18464,1477120000,1477200000,5947,1854
18465,1477200000,1477280000,5864,2107
18466,1477280000,1477360000,6005,1814
18467,1477360000,1477440000,9942,2988
18468,1477440000,1477520000,5079,1741
18469,1477520000,1477600000,5630,2114
18470,1477600000,1477680000,7981,2471
18471,1477680000,1477760000,8135,2336
18472,1477760000,1477840000,5060,1886
18473,1477840000,1477920000,6269,2073
18474,1477920000,1478000000,10506,3029
18475,1478000000,1478080000,5294,1817
18476,1478080000,1478160000,5925,2113
18477,1478160000,1478240000,6067,1749
18478,1478240000,1478320000,10064,3104
18479,1478320000,1478400000,4908,1830
18480,1478400000,1478480000,5789,2018
18481,1478480000,1478560000,9122,2809
18482,1478560000,1478640000,6890,1911
18483,1478640000,1478720000,5751,2160
18484,1478720000,1478800000,6423,1934
18485,1478800000,1478880000,9810,2852
18486,1478880000,1478960000,5286,1751
18487,1478960000,1479040000,5704,2126
18488,1479040000,1479120000,7211,2157
18489,1479120000,1479200000,9367,2685
18490,1479200000,1479280000,4708,1756
18491,1479280000,1479360000,5783,1946
18492,1479360000,1479440000,10554,3029
18493,1479440000,1479520000,5759,1855
18494,1479520000,1479600000,5336,1967
18495,1479600000,1479680000,5860,1763
18496,1479680000,1479760000,10068,2955
18497,1479760000,1479840000,4963,1716
18498,1479840000,1479920000,5787,2059
18499,1479920000,1480000000,8082,2461
18500,1480000000,1480080000,8179,2305
18501,1480080000,1480160000,4992,1761
18502,1480160000,1480240000,6529,2073
18503,1480240000,1480320000,10465,3020
18504,1480320000,1480400000,5460,1798
18505,1480400000,1480480000,5592,2113
18506,1480480000,1480560000,5999,1744
18507,1480560000,1480640000,10241,3095
18508,1480640000,1480720000,5145,1833
18509,1480720000,1480800000,5647,2014
18510,1480800000,1480880000,6483,2257
18511,1480880000,1480960000,7739,2652
18512,1480960000,1481040000,6154,2157
18513,1481040000,1481120000,10586,3576
18514,1481120000,1481200000,5913,1794
18515,1481200000,1481280000,5710,2027
18516,1481280000,1481360000,6170,1819
18517,1481360000,1481440000,10320,2980
18518,1481440000,1481520000,5166,1703
18519,1481520000,1481600000,5642,2114
18520,1481600000,1481680000,8270,2474
18521,1481680000,1481760000,8231,2339
18522,1481760000,1481840000,5152,1882
18523,1481840000,1481920000,6338,2069
18524,1481920000,1482000000,10382,3034
18525,1482000000,1482080000,5338,1816
18526,1482080000,1482160000,5530,2121
18527,1482160000,1482240000,5995,1756
18528,1482240000,1482320000,10192,3119
18529,1482320000,1482400000,4937,1834
18530,1482400000,1482480000,5558,2017
18531,1482480000,1482560000,9197,2818
18532,1482560000,1482640000,6871,1915
18533,1482640000,1482720000,5608,2155
18534,1482720000,1482800000,6526,1932
18535,1482800000,1482880000,9799,2869
18536,1482880000,1482960000,5058,1749
18537,1482960000,1483040000,5793,2136
18538,1483040000,1483120000,7134,2155
18539,1483120000,1483200000,9361,2753
18540,1483200000,1483280000,4883,1782
18541,1483280000,1483360000,5928,1978
18542,1483360000,1483440000,10423,3041
18543,1483440000,1483520000,5953,1858
18544,1483520000,1483600000,5555,2107
18545,1483600000,1483680000,6007,1812
18546,1483680000,1483760000,10160,2964
18547,1483760000,1483840000,5177,1741
18548,1483840000,1483920000,5562,2118
18549,1483920000,1484000000,8192,2466
18550,1484000000,1484080000,8175,2266
18551,1484080000,1484160000,4965,1857
18552,1484160000,1484240000,6472,2034
18553,1484240000,1484320000,10433,3021
18554,1484320000,1484400000,5188,1821
18555,1484400000,1484480000,5759,2117
18556,1484480000,1484560000,6035,1751
18557,1484560000,1484640000,10312,3101
18558,1484640000,1484720000,5254,1831
18559,1484720000,1484800000,5716,2021
18560,1484800000,1484880000,9394,2814
18561,1484880000,1484960000,6895,1912
18562,1484960000,1485040000,5628,2155
18563,1485040000,1485120000,6476,1933
18564,1485120000,1485200000,9747,2851
18565,1485200000,1485280000,5163,1749
18566,1485280000,1485360000,5650,2132
18567,1485360000,1485440000,7158,2149
18568,1485440000,1485520000,9423,2743
18569,1485520000,1485600000,4612,1709
18570,1485600000,1485680000,5571,1844
18571,1485680000,1485760000,6925,2474
18572,1485760000,1485840000,7936,2568
18573,1485840000,1485920000,6330,2276
18574,1485920000,1486000000,10785,3486
18575,1486000000,1486080000,5658,1826
18576,1486080000,1486160000,5755,2114
18577,1486160000,1486240000,6118,1754
18578,1486240000,1486320000,10622,3111
18579,1486320000,1486400000,5043,1830
18580,1486400000,1486480000,5757,2018
18581,1486480000,1486560000,9537,2826
18582,1486560000,1486640000,7034,1915
18583,1486640000,1486720000,5410,2041
18584,1486720000,1486800000,6330,1861
18585,1486800000,1486880000,9835,2855
18586,1486880000,1486960000,5128,1720
18587,1486960000,1487040000,5755,2056
18588,1487040000,1487120000,7029,2159
18589,1487120000,1487200000,9318,2748
18590,1487200000,1487280000,4616,1660
18591,1487280000,1487360000,6017,1981
18592,1487360000,1487440000,10429,3051
18593,1487440000,1487520000,6012,1836
18594,1487520000,1487600000,5661,2099
18595,1487600000,1487680000,5971,1814
18596,1487680000,1487760000,10002,2976
18597,1487760000,1487840000,5174,1733
18598,1487840000,1487920000,5663,2110
18599,1487920000,1488000000,8028,2468
18600,1488000000,1488080000,7923,2329
18601,1488080000,1488160000,4809,1886
18602,1488160000,1488240000,6220,2073
18603,1488240000,1488320000,10423,3025
18604,1488320000,1488400000,5412,1823
18605,1488400000,1488480000,5464,2118
18606,1488480000,1488560000,6074,1744
18607,1488560000,1488640000,10456,3099
18608,1488640000,1488720000,4977,1833
18609,1488720000,1488800000,5856,2014
18610,1488800000,1488880000,9395,2795
18611,1488880000,1488960000,6786,1863
18612,1488960000,1489040000,5473,2139
18613,1489040000,1489120000,6397,1906
18614,1489120000,1489200000,9711,2846
18615,1489200000,1489280000,5308,1747
18616,1489280000,1489360000,5856,2130
18617,1489360000,1489440000,7069,2153
18618,1489440000,1489520000,9457,2752
18619,1489520000,1489600000,4729,1760
18620,1489600000,1489680000,5763,1981
18621,1489680000,1489760000,10540,3033
18622,1489760000,1489840000,5989,1854
18623,1489840000,1489920000,5526,2111
18624,1489920000,1490000000,6046,1817
18625,1490000000,1490080000,10162,2960
18626,1490080000,1490160000,4910,1737
18627,1490160000,1490240000,5975,2110
18628,1490240000,1490320000,8133,2461
18629,1490320000,1490400000,8061,2331
18630,1490400000,1490480000,4999,1882
18631,1490480000,1490560000,6395,2071
18632,1490560000,1490640000,6362,2359
18633,1490640000,1490720000,8136,2672
18634,1490720000,1490800000,6640,2361
18635,1490800000,1490880000,10520,3324
18636,1490880000,1490960000,5383,1730
18637,1490960000,1491040000,5543,2134
18638,1491040000,1491120000,7251,2160
18639,1491120000,1491200000,9784,2764
18640,1491200000,1491280000,4749,1779
18641,1491280000,1491360000,6124,1977
18642,1491360000,1491440000,10877,3053
18643,1491440000,1491520000,5865,1859
18644,1491520000,1491600000,5705,2107
18645,1491600000,1491680000,6101,1814
18646,1491680000,1491760000,10132,2978
18647,1491760000,1491840000,5316,1737
18648,1491840000,1491920000,5807,2118
18649,1491920000,1492000000,7930,2478
18650,1492000000,1492080000,8229,2345
18651,1492080000,1492160000,5053,1882
18652,1492160000,1492240000,6313,2069
18653,1492240000,1492320000,10470,3038
18654,1492320000,1492400000,5495,1821
18655,1492400000,1492480000,5704,2117
18656,1492480000,1492560000,6094,1756
18657,1492560000,1492640000,10497,3104
18658,1492640000,1492720000,4951,1785
18659,1492720000,1492800000,5419,1870
18660,1492800000,1492880000,9233,2812
18661,1492880000,1492960000,6767,1910
18662,1492960000,1493040000,5483,2083
18663,1493040000,1493120000,6468,1933
18664,1493120000,1493200000,9719,2852
18665,1493200000,1493280000,4943,1617
18666,1493280000,1493360000,5903,2115
18667,1493360000,1493440000,7215,2149
18668,1493440000,1493520000,9591,2753
18669,1493520000,1493600000,4801,1732
18670,1493600000,1493680000,5759,1978
18671,1493680000,1493760000,10541,3011
18672,1493760000,1493840000,5913,1802
18673,1493840000,1493920000,5566,2084
18674,1493920000,1494000000,5972,1793
18675,1494000000,1494080000,9959,2964
18676,1494080000,1494160000,4949,1741
18677,1494160000,1494240000,5587,2118
18678,1494240000,1494320000,7987,2466
18679,1494320000,1494400000,8292,2339
18680,1494400000,1494480000,4866,1882
18681,1494480000,1494560000,6251,2069
18682,1494560000,1494640000,10617,3015
18683,1494640000,1494720000,5460,1822
18684,1494720000,1494800000,5808,2115
18685,1494800000,1494880000,6134,1752
18686,1494880000,1494960000,10474,3095
18687,1494960000,1495040000,4898,1831
18688,1495040000,1495120000,5765,2021
18689,1495120000,1495200000,9375,2813
18690,1495200000,1495280000,6861,1907
18691,1495280000,1495360000,5762,2159
18692,1495360000,1495440000,6641,2013
18693,1495440000,1495520000,5890,2202
18694,1495520000,1495600000,7605,2558
18695,1495600000,1495680000,6760,2561
18696,1495680000,1495760000,10506,3195
18697,1495760000,1495840000,4970,1739
18698,1495840000,1495920000,5922,2110
18699,1495920000,1496000000,8255,2476
18700,1496000000,1496080000,8509,2333
18701,1496080000,1496160000,4992,1886
18702,1496160000,1496240000,6409,2073
18703,1496240000,1496320000,10894,3036
18704,1496320000,1496400000,5621,1823
18705,1496400000,1496480000,5911,2118
18706,1496480000,1496560000,6117,1749
18707,1496560000,1496640000,10525,3109
18708,1496640000,1496720000,5057,1830
18709,1496720000,1496800000,5661,2018
18710,1496800000,1496880000,9091,2835
18711,1496880000,1496960000,6903,1922
18712,1496960000,1497040000,5535,2160
18713,1497040000,1497120000,6307,1935
18714,1497120000,1497200000,9883,2869
18715,1497200000,1497280000,5180,1747
18716,1497280000,1497360000,6016,2126
18717,1497360000,1497440000,7121,2159
18718,1497440000,1497520000,9563,2760
18719,1497520000,1497600000,4749,1783
18720,1497600000,1497680000,5956,1981
18721,1497680000,1497760000,10415,3047
18722,1497760000,1497840000,5916,1852
18723,1497840000,1497920000,5754,2112
18724,1497920000,1498000000,5990,1817
18725,1498000000,1498080000,10178,2971
18726,1498080000,1498160000,5127,1737
18727,1498160000,1498240000,5713,2110
18728,1498240000,1498320000,8165,2461
18729,1498320000,1498400000,8359,2339
18730,1498400000,1498480000,5031,1882
18731,1498480000,1498560000,6378,2073
18732,1498560000,1498640000,10676,2974
18733,1498640000,1498720000,5404,1769
18734,1498720000,1498800000,5276,1919
18735,1498800000,1498880000,5969,1714
18736,1498880000,1498960000,10389,3082
18737,1498960000,1499040000,4940,1789
18738,1499040000,1499120000,5805,1986
18739,1499120000,1499200000,9204,2819
18740,1499200000,1499280000,6793,1869
18741,1499280000,1499360000,5513,2050
18742,1499360000,1499440000,6499,1935
18743,1499440000,1499520000,9882,2846
18744,1499520000,1499600000,5388,1723
18745,1499600000,1499680000,5640,2128
18746,1499680000,1499760000,7163,2157
18747,1499760000,1499840000,9396,2750
18748,1499840000,1499920000,4850,1783
18749,1499920000,1500000000,5750,1977
18750,1500000000,1500080000,10512,3039
18751,1500080000,1500160000,5760,1854
18752,1500160000,1500240000,5440,2111
18753,1500240000,1500320000,6814,2261
18754,1500320000,1500400000,5907,2190
18755,1500400000,1500480000,6818,2303
18756,1500480000,1500560000,7261,2686
18757,1500560000,1500640000,10541,3127
18758,1500640000,1500720000,5148,1804
18759,1500720000,1500800000,5673,2021
18760,1500800000,1500880000,9481,2830
18761,1500880000,1500960000,6902,1919
18762,1500960000,1501040000,5631,2151
18763,1501040000,1501120000,6458,1933
18764,1501120000,1501200000,10022,2877
18765,1501200000,1501280000,5125,1749
18766,1501280000,1501360000,5583,2136
18767,1501360000,1501440000,7227,2155
18768,1501440000,1501520000,9431,2766
18769,1501520000,1501600000,4652,1782
18770,1501600000,1501680000,5762,1978
18771,1501680000,1501760000,10153,3055
18772,1501760000,1501840000,5878,1863
18773,1501840000,1501920000,5647,2106
18774,1501920000,1502000000,6030,1811
18775,1502000000,1502080000,10318,2981
18776,1502080000,1502160000,5075,1741
18777,1502160000,1502240000,5881,2118
18778,1502240000,1502320000,8085,2474
18779,1502320000,1502400000,8428,2343
18780,1502400000,1502480000,5262,1882
18781,1502480000,1502560000,6423,2069
18782,1502560000,1502640000,10476,3020
18783,1502640000,1502720000,5437,1817
18784,1502720000,1502800000,5566,2116
18785,1502800000,1502880000,6002,1753
18786,1502880000,1502960000,10419,3100
18787,1502960000,1503040000,5085,1831
18788,1503040000,1503120000,5537,2021
18789,1503120000,1503200000,9423,2815
18790,1503200000,1503280000,7051,1917
18791,1503280000,1503360000,5643,2155
18792,1503360000,1503440000,6610,1933
18793,1503440000,1503520000,9953,2816
18794,1503520000,1503600000,5007,1696
18795,1503600000,1503680000,5769,2102
18796,1503680000,1503760000,7165,2144
18797,1503760000,1503840000,9483,2755
18798,1503840000,1503920000,4993,1787
18799,1503920000,1504000000,5855,1982
18800,1504000000,1504080000,10444,3040
18801,1504080000,1504160000,6015,1857
18802,1504160000,1504240000,5617,2103
18803,1504240000,1504320000,6000,1809
18804,1504320000,1504400000,10347,2966
18805,1504400000,1504480000,5114,1741
18806,1504480000,1504560000,5792,2114
18807,1504560000,1504640000,8189,2468
18808,1504640000,1504720000,8362,2329
18809,1504720000,1504800000,4842,1796
18810,1504800000,1504880000,6096,1970
18811,1504880000,1504960000,10636,3004
18812,1504960000,1505040000,5365,1823
18813,1505040000,1505120000,5688,2046
18814,1505120000,1505200000,7058,2311
18815,1505200000,1505280000,6797,2440
18816,1505280000,1505360000,6433,2127
18817,1505360000,1505440000,7681,2890
18818,1505440000,1505520000,9704,2783
18819,1505520000,1505600000,4812,1784
18820,1505600000,1505680000,5950,1985
18821,1505680000,1505760000,10864,3053
18822,1505760000,1505840000,5965,1852
18823,1505840000,1505920000,5374,1967
18824,1505920000,1506000000,5973,1765
18825,1506000000,1506080000,10549,2969
18826,1506080000,1506160000,5017,1720
18827,1506160000,1506240000,5831,2059
18828,1506240000,1506320000,8211,2471
18829,1506320000,1506400000,8087,2317
18830,1506400000,1506480000,4931,1761
18831,1506480000,1506560000,6485,2073
18832,1506560000,1506640000,10230,3028
18833,1506640000,1506720000,5528,1802
18834,1506720000,1506800000,5626,2112
18835,1506800000,1506880000,5980,1749
18836,1506880000,1506960000,10245,3107
18837,1506960000,1507040000,5184,1829
18838,1507040000,1507120000,5707,2014
18839,1507120000,1507200000,9190,2824
18840,1507200000,1507280000,6734,1915
18841,1507280000,1507360000,5408,2160
18842,1507360000,1507440000,6368,1935
18843,1507440000,1507520000,9538,2851
18844,1507520000,1507600000,5090,1743
18845,1507600000,1507680000,5444,2130
18846,1507680000,1507760000,7039,2155
18847,1507760000,1507840000,9423,2751
18848,1507840000,1507920000,4711,1783
18849,1507920000,1508000000,5949,1977
18850,1508000000,1508080000,10730,3039
18851,1508080000,1508160000,6071,1858
18852,1508160000,1508240000,5648,2111
18853,1508240000,1508320000,6098,1817
18854,1508320000,1508400000,10388,2927
18855,1508400000,1508480000,5145,1694
18856,1508480000,1508560000,5825,2081
18857,1508560000,1508640000,8143,2459
18858,1508640000,1508720000,8314,2337
18859,1508720000,1508800000,5017,1882
18860,1508800000,1508880000,6265,2073
18861,1508880000,1508960000,10486,3024
18862,1508960000,1509040000,5570,1821
18863,1509040000,1509120000,5486,2121
18864,1509120000,1509200000,6056,1747
18865,1509200000,1509280000,10653,3079
18866,1509280000,1509360000,5054,1833
18867,1509360000,1509440000,6036,2013
18868,1509440000,1509520000,9421,2819
18869,1509520000,1509600000,6771,1904
18870,1509600000,1509680000,5515,2133
18871,1509680000,1509760000,6439,1935
18872,1509760000,1509840000,9810,2844
18873,1509840000,1509920000,5462,1750
18874,1509920000,1510000000,5740,2136
18875,1510000000,1510080000,7202,2386
18876,1510080000,1510160000,7565,2656
18877,1510160000,1510240000,5759,1882
18878,1510240000,1510320000,8774,3246
18879,1510320000,1510400000,8470,2330
18880,1510400000,1510480000,5081,1882
18881,1510480000,1510560000,6622,2073
18882,1510560000,1510640000,10790,3028
18883,1510640000,1510720000,5360,1817
18884,1510720000,1510800000,5811,2116
18885,1510800000,1510880000,6159,1756
18886,1510880000,1510960000,10721,3116
18887,1510960000,1511040000,5326,1831
18888,1511040000,1511120000,5767,2021
18889,1511120000,1511200000,9426,2828
18890,1511200000,1511280000,6854,1918
18891,1511280000,1511360000,5636,2151
18892,1511360000,1511440000,6414,1933
18893,1511440000,1511520000,9542,2869
18894,1511520000,1511600000,5241,1753
18895,1511600000,1511680000,5688,2132
18896,1511680000,1511760000,7107,2155
18897,1511760000,1511840000,9616,2754
18898,1511840000,1511920000,4743,1728
18899,1511920000,1512000000,5628,1844
18900,1512000000,1512080000,10533,3032
18901,1512080000,1512160000,5884,1858
18902,1512160000,1512240000,5608,2035
18903,1512240000,1512320000,6070,1811
18904,1512320000,1512400000,9994,2968
18905,1512400000,1512480000,4680,1601
18906,1512480000,1512560000,5926,2108
18907,1512560000,1512640000,8002,2467
18908,1512640000,1512720000,8292,2331
18909,1512720000,1512800000,5067,1856
18910,1512800000,1512880000,6233,2069
18911,1512880000,1512960000,10560,3019
18912,1512960000,1513040000,5590,1823
18913,1513040000,1513120000,5657,2114
18914,1513120000,1513200000,6135,1752
18915,1513200000,1513280000,10252,3035
18916,1513280000,1513360000,4834,1803
18917,1513360000,1513440000,5515,1986
18918,1513440000,1513520000,9288,2810
18919,1513520000,1513600000,6696,1908
18920,1513600000,1513680000,5307,2132
18921,1513680000,1513760000,6352,1933
18922,1513760000,1513840000,9701,2849
18923,1513840000,1513920000,5088,1749
18924,1513920000,1514000000,5788,2127
18925,1514000000,1514080000,7187,2150
18926,1514080000,1514160000,9866,2751
18927,1514160000,1514240000,4790,1787
18928,1514240000,1514320000,5982,1982
18929,1514320000,1514400000,10711,3045
18930,1514400000,1514480000,6023,1857
18931,1514480000,1514560000,5791,2110
18932,1514560000,1514640000,6050,1809
18933,1514640000,1514720000,10317,2966
18934,1514720000,1514800000,5085,1741
18935,1514800000,1514880000,5625,2114
18936,1514880000,1514960000,6898,2316
18937,1514960000,1515040000,7853,2654
18938,1515040000,1515120000,6019,2009
18939,1515120000,1515200000,9980,3635
18940,1515200000,1515280000,7178,1925
18941,1515280000,1515360000,5604,2160
18942,1515360000,1515440000,6542,1939
18943,1515440000,1515520000,10182,2867
18944,1515520000,1515600000,5423,1743
18945,1515600000,1515680000,5886,2130
18946,1515680000,1515760000,7268,2159
18947,1515760000,1515840000,9906,2764
18948,1515840000,1515920000,4868,1783
18949,1515920000,1516000000,5799,1981
18950,1516000000,1516080000,10596,3052
18951,1516080000,1516160000,5986,1854
18952,1516160000,1516240000,5534,2112
18953,1516240000,1516320000,5939,1817
18954,1516320000,1516400000,10131,2984
18955,1516400000,1516480000,4897,1741
18956,1516480000,1516560000,6019,2110
18957,1516560000,1516640000,8028,2471
18958,1516640000,1516720000,8273,2340
18959,1516720000,1516800000,5042,1882
18960,1516800000,1516880000,6446,2073
18961,1516880000,1516960000,10472,3032
18962,1516960000,1517040000,5644,1821
18963,1517040000,1517120000,5784,2121
18964,1517120000,1517200000,6068,1752
18965,1517200000,1517280000,10245,3102
18966,1517280000,1517360000,5008,1826
18967,1517360000,1517440000,5665,2014
18968,1517440000,1517520000,9186,2818
18969,1517520000,1517600000,6872,1908
18970,1517600000,1517680000,5490,2133
18971,1517680000,1517760000,6423,1935
18972,1517760000,1517840000,10030,2838
18973,1517840000,1517920000,5258,1751
18974,1517920000,1518000000,5363,1954
18975,1518000000,1518080000,7198,2144
18976,1518080000,1518160000,9543,2668
18977,1518160000,1518240000,4655,1708
18978,1518240000,1518320000,5873,1922
18979,1518320000,1518400000,10516,3032
18980,1518400000,1518480000,5672,1793
18981,1518480000,1518560000,5653,2028
18982,1518560000,1518640000,6059,1815
18983,1518640000,1518720000,10136,2974
18984,1518720000,1518800000,5128,1703
18985,1518800000,1518880000,5606,2114
18986,1518880000,1518960000,8105,2461
18987,1518960000,1519040000,8284,2331
18988,1519040000,1519120000,5119,1882
18989,1519120000,1519200000,6361,2069
18990,1519200000,1519280000,10511,3018
18991,1519280000,1519360000,5300,1822
18992,1519360000,1519440000,5466,2120
18993,1519440000,1519520000,6039,1747
18994,1519520000,1519600000,10320,3089
18995,1519600000,1519680000,4906,1834
18996,1519680000,1519760000,5569,2017
18997,1519760000,1519840000,6572,2256
18998,1519840000,1519920000,7915,2652
18999,1519920000,1520000000,6283,2167
19000,1520000000,1520080000,10661,3579
19001,1520080000,1520160000,6225,1863
19002,1520160000,1520240000,5673,2106
19003,1520240000,1520320000,6081,1816
19004,1520320000,1520400000,10454,2982
19005,1520400000,1520480000,4912,1737
19006,1520480000,1520560000,5626,2118
19007,1520560000,1520640000,8304,2474
19008,1520640000,1520720000,8464,2347
19009,1520720000,1520800000,4888,1886
19010,1520800000,1520880000,6301,2069
19011,1520880000,1520960000,10579,3041
19012,1520960000,1521040000,5287,1817
19013,1521040000,1521120000,5784,2116
19014,1521120000,1521200000,6031,1753
19015,1521200000,1521280000,10325,3117
19016,1521280000,1521360000,4937,1834
19017,1521360000,1521440000,5776,2021
19018,1521440000,1521520000,9266,2827
19019,1521520000,1521600000,7077,1910
19020,1521600000,1521680000,5756,2132
19021,1521680000,1521760000,6524,1933
19022,1521760000,1521840000,9923,2861
19023,1521840000,1521920000,5257,1749
19024,1521920000,1522000000,5626,2132
19025,1522000000,1522080000,7140,2155
19026,1522080000,1522160000,9411,2749
19027,1522160000,1522240000,4756,1786
19028,1522240000,1522320000,5669,1982
19029,1522320000,1522400000,10541,3039
19030,1522400000,1522480000,5909,1856
19031,1522480000,1522560000,5747,2106
19032,1522560000,1522640000,6153,1809
19033,1522640000,1522720000,10333,2970
19034,1522720000,1522800000,4995,1741
19035,1522800000,1522880000,5889,2114
19036,1522880000,1522960000,8235,2466
19037,1522960000,1523040000,8265,2272
19038,1523040000,1523120000,5221,1861
19039,1523120000,1523200000,6284,2038
19040,1523200000,1523280000,10507,3019
19041,1523280000,1523360000,5463,1820
19042,1523360000,1523440000,5674,2113
19043,1523440000,1523520000,6010,1748
19044,1523520000,1523600000,10330,3091
19045,1523600000,1523680000,5007,1830
19046,1523680000,1523760000,5714,2018
19047,1523760000,1523840000,9407,2811
19048,1523840000,1523920000,7097,1903
19049,1523920000,1524000000,5368,2041
19050,1524000000,1524080000,6355,1862
19051,1524080000,1524160000,9908,2832
19052,1524160000,1524240000,5163,1750
19053,1524240000,1524320000,5684,2058
19054,1524320000,1524400000,7197,2150
19055,1524400000,1524480000,9415,2728
19056,1524480000,1524560000,4623,1660
19057,1524560000,1524640000,6023,1981
19058,1524640000,1524720000,7045,2473
19059,1524720000,1524800000,8071,2568
19060,1524800000,1524880000,6428,2276
19061,1524880000,1524960000,11024,3486
19062,1524960000,1525040000,5586,1827
19063,1525040000,1525120000,5408,1951
19064,1525120000,1525200000,6095,1732
19065,1525200000,1525280000,10849,3098
19066,1525280000,1525360000,5020,1786
19067,1525360000,1525440000,5833,1986
19068,1525440000,1525520000,9620,2829
19069,1525520000,1525600000,6978,1871
19070,1525600000,1525680000,5571,2050
19071,1525680000,1525760000,6581,1935
19072,1525760000,1525840000,9961,2866
19073,1525840000,1525920000,5358,1715
19074,1525920000,1526000000,5631,2128
19075,1526000000,1526080000,7019,2159
19076,1526080000,1526160000,9522,2771
19077,1526160000,1526240000,4868,1784
19078,1526240000,1526320000,5792,1977
19079,1526320000,1526400000,10451,3049
19080,1526400000,1526480000,5969,1858
19081,1526480000,1526560000,5479,2112
19082,1526560000,1526640000,6016,1817
19083,1526640000,1526720000,10217,2980
19084,1526720000,1526800000,5003,1733
19085,1526800000,1526880000,5548,2114
19086,1526880000,1526960000,8060,2468
19087,1526960000,1527040000,8029,2335
19088,1527040000,1527120000,4922,1882
19089,1527120000,1527200000,6391,2069
19090,1527200000,1527280000,10501,3023
19091,1527280000,1527360000,5450,1822
19092,1527360000,1527440000,5719,2120
19093,1527440000,1527520000,6138,1747
19094,1527520000,1527600000,10695,3093
19095,1527600000,1527680000,5203,1834
19096,1527680000,1527760000,5874,2017
19097,1527760000,1527840000,9413,2794
19098,1527840000,1527920000,6975,1856
19099,1527920000,1528000000,5489,2135
19100,1528000000,1528080000,6336,1906
19101,1528080000,1528160000,9747,2842
19102,1528160000,1528240000,5342,1750
19103,1528240000,1528320000,5472,2136
19104,1528320000,1528400000,7079,2152
19105,1528400000,1528480000,9610,2750
19106,1528480000,1528560000,4735,1779
19107,1528560000,1528640000,6085,1977
19108,1528640000,1528720000,10672,3034
19109,1528720000,1528800000,5952,1857
19110,1528800000,1528880000,5713,2107
19111,1528880000,1528960000,6114,1817
19112,1528960000,1529040000,10210,2964
19113,1529040000,1529120000,5272,1737
19114,1529120000,1529200000,5723,2118
19115,1529200000,1529280000,8148,2461
19116,1529280000,1529360000,8210,2315
19117,1529360000,1529440000,5050,1882
19118,1529440000,1529520000,6333,2066
19119,1529520000,1529600000,6469,2358
19120,1529600000,1529680000,8347,2672
19121,1529680000,1529760000,6806,2361
19122,1529760000,1529840000,10804,3323
19123,1529840000,1529920000,5168,1753
19124,1529920000,1530000000,5909,2132
19125,1530000000,1530080000,7283,2160
19126,1530080000,1530160000,9902,2762
19127,1530160000,1530240000,5029,1786
19128,1530240000,1530320000,5901,1982
19129,1530320000,1530400000,10909,3055
19130,1530400000,1530480000,6098,1859
19131,1530480000,1530560000,5678,2106
19132,1530560000,1530640000,6076,1811
19133,1530640000,1530720000,10245,2972
19134,1530720000,1530800000,5074,1737
19135,1530800000,1530880000,5764,2113
19136,1530880000,1530960000,7979,2478
19137,1530960000,1531040000,8365,2343
19138,1531040000,1531120000,4861,1796
19139,1531120000,1531200000,6121,1970
19140,1531200000,1531280000,10624,3021
19141,1531280000,1531360000,5554,1820
19142,1531360000,1531440000,5754,2045
19143,1531440000,1531520000,6094,1753
19144,1531520000,1531600000,10506,3078
19145,1531600000,1531680000,4854,1703
19146,1531680000,1531760000,5922,2018
19147,1531760000,1531840000,9286,2821
19148,1531840000,1531920000,6896,1899
19149,1531920000,1532000000,5540,2132
19150,1532000000,1532080000,6328,1933
19151,1532080000,1532160000,9757,2850
19152,1532160000,1532240000,5416,1750
19153,1532240000,1532320000,5595,2126
19154,1532320000,1532400000,7228,2150
19155,1532400000,1532480000,9615,2753
19156,1532480000,1532560000,4665,1787
19157,1532560000,1532640000,5772,1982
19158,1532640000,1532720000,10705,3010
19159,1532720000,1532800000,5870,1807
19160,1532800000,1532880000,5380,2088
19161,1532880000,1532960000,5955,1793
19162,1532960000,1533040000,10124,2968
19163,1533040000,1533120000,4894,1741
19164,1533120000,1533200000,5848,2110
19165,1533200000,1533280000,8027,2466
19166,1533280000,1533360000,8396,2323
19167,1533360000,1533440000,4952,1886
19168,1533440000,1533520000,6397,2072
19169,1533520000,1533600000,10734,3010
19170,1533600000,1533680000,5666,1822
19171,1533680000,1533760000,5918,2118
19172,1533760000,1533840000,6151,1752
19173,1533840000,1533920000,10616,3089
19174,1533920000,1534000000,5038,1830
19175,1534000000,1534080000,5578,2018
19176,1534080000,1534160000,9415,2812
19177,1534160000,1534240000,6917,1904
19178,1534240000,1534320000,5450,2160
19179,1534320000,1534400000,6537,2016
19180,1534400000,1534480000,6016,2201
19181,1534480000,1534560000,7628,2559
19182,1534560000,1534640000,6813,2561
19183,1534640000,1534720000,10542,3181
19184,1534720000,1534800000,5288,1739
19185,1534800000,1534880000,5957,2113
19186,1534880000,1534960000,8285,2476
19187,1534960000,1535040000,8626,2341
19188,1535040000,1535120000,5039,1882
19189,1535120000,1535200000,6299,2073
19190,1535200000,1535280000,10962,3036
19191,1535280000,1535360000,5668,1822
19192,1535360000,1535440000,5533,2120
19193,1535440000,1535520000,6099,1752
19194,1535520000,1535600000,10798,3109
19195,1535600000,1535680000,4979,1826
19196,1535680000,1535760000,6021,2014
19197,1535760000,1535840000,9125,2834
19198,1535840000,1535920000,7003,1919
19199,1535920000,1536000000,5586,2156
19200,1536000000,1536080000,6444,1935
19201,1536080000,1536160000,9841,2863
19202,1536160000,1536240000,5590,1750
19203,1536240000,1536320000,5791,2136
19204,1536320000,1536400000,7110,2158
19205,1536400000,1536480000,9629,2758
19206,1536480000,1536560000,4869,1779
19207,1536560000,1536640000,5848,1977
19208,1536640000,1536720000,10466,3044
19209,1536720000,1536800000,5889,1859
19210,1536800000,1536880000,5583,2108
19211,1536880000,1536960000,5977,1817
19212,1536960000,1537040000,10373,2967
19213,1537040000,1537120000,5030,1724
19214,1537120000,1537200000,5389,1944
19215,1537200000,1537280000,8161,2455
19216,1537280000,1537360000,8503,2308
19217,1537360000,1537440000,4984,1820
19218,1537440000,1537520000,6458,2062
19219,1537520000,1537600000,10716,2983
19220,1537600000,1537680000,5123,1634
19221,1537680000,1537760000,5738,2038
19222,1537760000,1537840000,6074,1739
19223,1537840000,1537920000,10559,3091
19224,1537920000,1538000000,5104,1800
19225,1538000000,1538080000,5586,2017
19226,1538080000,1538160000,9228,2818
19227,1538160000,1538240000,7053,1911
19228,1538240000,1538320000,5561,2151
19229,1538320000,1538400000,6387,1932
19230,1538400000,1538480000,9946,2844
19231,1538480000,1538560000,5239,1750
19232,1538560000,1538640000,5612,2136
19233,1538640000,1538720000,7169,2156
19234,1538720000,1538800000,9626,2752
19235,1538800000,1538880000,4613,1786
19236,1538880000,1538960000,5683,1978
19237,1538960000,1539040000,10609,3038
19238,1539040000,1539120000,5765,1857
19239,1539120000,1539200000,5625,2106
19240,1539200000,1539280000,6894,2258
19241,1539280000,1539360000,5903,2190
19242,1539360000,1539440000,6980,2325
19243,1539440000,1539520000,7243,2690
19244,1539520000,1539600000,10424,3121
19245,1539600000,1539680000,4969,1834
19246,1539680000,1539760000,5682,2025
19247,1539760000,1539840000,9454,2828
19248,1539840000,1539920000,6944,1911
19249,1539920000,1540000000,5389,2155
19250,1540000000,1540080000,6426,1933
19251,1540080000,1540160000,9988,2867
19252,1540160000,1540240000,5125,1749
19253,1540240000,1540320000,5829,2127
19254,1540320000,1540400000,7257,2156
19255,1540400000,1540480000,9317,2762
19256,1540480000,1540560000,4731,1786
19257,1540560000,1540640000,5952,1982
19258,1540640000,1540720000,10212,3056
19259,1540720000,1540800000,6126,1868
19260,1540800000,1540880000,5840,2110
19261,1540880000,1540960000,6020,1811
19262,1540960000,1541040000,10466,2985
19263,1541040000,1541120000,5166,1741
19264,1541120000,1541200000,5709,2114
19265,1541200000,1541280000,8091,2474
19266,1541280000,1541360000,8510,2339
19267,1541360000,1541440000,5020,1886
19268,1541440000,1541520000,6245,2073
19269,1541520000,1541600000,10719,3032
19270,1541600000,1541680000,5253,1792
19271,1541680000,1541760000,5864,2110
19272,1541760000,1541840000,6054,1750
19273,1541840000,1541920000,10621,3096
19274,1541920000,1542000000,4934,1830
19275,1542000000,1542080000,5803,2018
19276,1542080000,1542160000,9463,2814
19277,1542160000,1542240000,7166,1912
19278,1542240000,1542320000,5753,2160
19279,1542320000,1542400000,6477,1936
19280,1542400000,1542480000,10012,2816
19281,1542480000,1542560000,5227,1697
19282,1542560000,1542640000,5617,2096
19283,1542640000,1542720000,7169,2145
19284,1542720000,1542800000,9561,2759
19285,1542800000,1542880000,4737,1784
19286,1542880000,1542960000,5865,1981
19287,1542960000,1543040000,10545,3035
19288,1543040000,1543120000,6018,1860
19289,1543120000,1543200000,5333,1967
19290,1543200000,1543280000,5907,1760
19291,1543280000,1543360000,10542,2951
19292,1543360000,1543440000,5092,1724
19293,1543440000,1543520000,5853,2059
19294,1543520000,1543600000,8215,2468
19295,1543600000,1543680000,8286,2301
19296,1543680000,1543760000,4891,1761
19297,1543760000,1543840000,6435,2073
19298,1543840000,1543920000,10701,3014
19299,1543920000,1544000000,5526,1797
19300,1544000000,1544080000,5615,2113
19301,1544080000,1544160000,7001,2311
19302,1544160000,1544240000,6804,2440
19303,1544240000,1544320000,6489,2127
19304,1544320000,1544400000,7629,2868
19305,1544400000,1544480000,9624,2762
19306,1544480000,1544560000,4730,1736
19307,1544560000,1544640000,6033,1961
19308,1544640000,1544720000,10748,3052
19309,1544720000,1544800000,5819,1790
19310,1544800000,1544880000,5692,2028
19311,1544880000,1544960000,6148,1817
19312,1544960000,1545040000,10473,2986
19313,1545040000,1545120000,5189,1707
19314,1545120000,1545200000,5660,2114
19315,1545200000,1545280000,8181,2471
19316,1545280000,1545360000,8171,2341
19317,1545360000,1545440000,5076,1878
19318,1545440000,1545520000,6318,2069
19319,1545520000,1545600000,10213,3042
19320,1545600000,1545680000,5280,1804
19321,1545680000,1545760000,5490,2117
19322,1545760000,1545840000,6014,1752
19323,1545840000,1545920000,10341,3101
19324,1545920000,1546000000,4965,1830
19325,1546000000,1546080000,5623,2017
19326,1546080000,1546160000,9216,2824
19327,1546160000,1546240000,6730,1909
19328,1546240000,1546320000,5546,2155
19329,1546320000,1546400000,6495,1932
19330,1546400000,1546480000,9522,2851
19331,1546480000,1546560000,4996,1746
19332,1546560000,1546640000,5762,2136
19333,1546640000,1546720000,7048,2154
19334,1546720000,1546800000,9667,2755
19335,1546800000,1546880000,4905,1786
19336,1546880000,1546960000,5964,1978
19337,1546960000,1547040000,10793,3038
19338,1547040000,1547120000,6174,1863
19339,1547120000,1547200000,5569,2107
19340,1547200000,1547280000,6046,1817
19341,1547280000,1547360000,10464,2923
19342,1547360000,1547440000,5138,1694
19343,1547440000,1547520000,5459,2085
19344,1547520000,1547600000,8158,2459
19345,1547600000,1547680000,8464,2335
19346,1547680000,1547760000,4981,1878
19347,1547760000,1547840000,6522,2069
19348,1547840000,1547920000,10655,3019
19349,1547920000,1548000000,5417,1820
19350,1548000000,1548080000,5773,2117
19351,1548080000,1548160000,6075,1747
19352,1548160000,1548240000,10724,3087
19353,1548240000,1548320000,5274,1811
19354,1548320000,1548400000,5793,2021
19355,1548400000,1548480000,9420,2818
19356,1548480000,1548560000,6955,1905
19357,1548560000,1548640000,5593,2155
19358,1548640000,1548720000,6399,1932
19359,1548720000,1548800000,9883,2844
19360,1548800000,1548880000,5286,1750
19361,1548880000,1548960000,5686,2132
19362,1548960000,1549040000,7198,2386
19363,1549040000,1549120000,7613,2654
19364,1549120000,1549200000,5725,1882
19365,1549200000,1549280000,8775,3244
19366,1549280000,1549360000,8549,2334
19367,1549360000,1549440000,5261,1886
19368,1549440000,1549520000,6450,2077
19369,1549520000,1549600000,10782,3038
19370,1549600000,1549680000,5462,1794
19371,1549680000,1549760000,5712,2110
19372,1549760000,1549840000,6131,1753
19373,1549840000,1549920000,10674,3106
19374,1549920000,1550000000,5053,1830
19375,1550000000,1550080000,5753,2018
19376,1550080000,1550160000,9418,2824
19377,1550160000,1550240000,6890,1906
19378,1550240000,1550320000,5343,2037
19379,1550320000,1550400000,6268,1862
19380,1550400000,1550480000,9568,2854
19381,1550480000,1550560000,5189,1754
19382,1550560000,1550640000,5729,2058
19383,1550640000,1550720000,7109,2156
19384,1550720000,1550800000,9452,2741
19385,1550800000,1550880000,4701,1660
19386,1550880000,1550960000,6084,1981
19387,1550960000,1551040000,10492,3048
19388,1551040000,1551120000,5922,1841
19389,1551120000,1551200000,5638,2099
19390,1551200000,1551280000,5965,1811
19391,1551280000,1551360000,9929,2975
19392,1551360000,1551440000,5186,1733
19393,1551440000,1551520000,5615,2110
19394,1551520000,1551600000,7999,2467
19395,1551600000,1551680000,8150,2329
19396,1551680000,1551760000,4828,1886
19397,1551760000,1551840000,6255,2073
19398,1551840000,1551920000,10666,3014
19399,1551920000,1552000000,5461,1822
19400,1552000000,1552080000,5510,2118
19401,1552080000,1552160000,6117,1752
19402,1552160000,1552240000,10290,3029
19403,1552240000,1552320000,4861,1802
19404,1552320000,1552400000,5756,1979
19405,1552400000,1552480000,9312,2810
19406,1552480000,1552560000,6668,1910
19407,1552560000,1552640000,5532,2160
19408,1552640000,1552720000,6454,1936
19409,1552720000,1552800000,9782,2855
19410,1552800000,1552880000,5422,1746
19411,1552880000,1552960000,5855,2130
19412,1552960000,1553040000,7202,2150
19413,1553040000,1553120000,9967,2753
19414,1553120000,1553200000,4843,1784
19415,1553200000,1553280000,5829,1981
19416,1553280000,1553360000,10696,3027
19417,1553360000,1553440000,6118,1857
19418,1553440000,1553520000,5468,2111
19419,1553520000,1553600000,5967,1811
19420,1553600000,1553680000,10571,2962
19421,1553680000,1553760000,4877,1741
19422,1553760000,1553840000,6013,2110
19423,1553840000,1553920000,6898,2316
19424,1553920000,1554000000,7933,2654
19425,1554000000,1554080000,6063,2009
19426,1554080000,1554160000,9957,3631
19427,1554160000,1554240000,7162,1917
19428,1554240000,1554320000,5599,2156
19429,1554320000,1554400000,6457,1939
19430,1554400000,1554480000,10073,2861
19431,1554480000,1554560000,5389,1746
19432,1554560000,1554640000,5525,2136
19433,1554640000,1554720000,7237,2158
19434,1554720000,1554800000,9916,2758
19435,1554800000,1554880000,4798,1783
19436,1554880000,1554960000,6135,1977
19437,1554960000,1555040000,10685,3051
19438,1555040000,1555120000,5807,1859
19439,1555120000,1555200000,5708,2108
19440,1555200000,1555280000,6028,1817
19441,1555280000,1555360000,10066,2992
19442,1555360000,1555440000,5343,1741
19443,1555440000,1555520000,5758,2118
19444,1555520000,1555600000,8019,2471
19445,1555600000,1555680000,8328,2342
19446,1555680000,1555760000,5096,1878
19447,1555760000,1555840000,6365,2069
19448,1555840000,1555920000,10477,3027
19449,1555920000,1556000000,5468,1820
19450,1556000000,1556080000,5678,2117
19451,1556080000,1556160000,6059,1752
19452,1556160000,1556240000,10323,3088
19453,1556240000,1556320000,4875,1785
19454,1556320000,1556400000,5379,1870
19455,1556400000,1556480000,9165,2808
19456,1556480000,1556560000,6943,1905
19457,1556560000,1556640000,5505,2087
19458,1556640000,1556720000,6496,1932
19459,1556720000,1556800000,9915,2850
19460,1556800000,1556880000,5027,1618
19461,1556880000,1556960000,5935,2115
19462,1556960000,1557040000,7238,2156
19463,1557040000,1557120000,9501,2689
19464,1557120000,1557200000,4806,1729
19465,1557200000,1557280000,5647,1943
19466,1557280000,1557360000,10442,3018
19467,1557360000,1557440000,5942,1862
19468,1557440000,1557520000,5620,2103
19469,1557520000,1557600000,5958,1811
19470,1557600000,1557680000,10102,2974
19471,1557680000,1557760000,4872,1737
19472,1557760000,1557840000,5597,2118
19473,1557840000,1557920000,8099,2461
19474,1557920000,1558000000,8407,2327
19475,1558000000,1558080000,4891,1886
19476,1558080000,1558160000,6325,2069
19477,1558160000,1558240000,10498,3015
19478,1558240000,1558320000,5308,1821
19479,1558320000,1558400000,5717,2115
19480,1558400000,1558480000,6066,1744
19481,1558480000,1558560000,10321,3089
19482,1558560000,1558640000,4936,1834
19483,1558640000,1558720000,5784,2021
19484,1558720000,1558800000,6578,2256
19485,1558800000,1558880000,8047,2652
19486,1558880000,1558960000,6254,2167
19487,1558960000,1559040000,10701,3574
19488,1559040000,1559120000,6053,1868
19489,1559120000,1559200000,5469,2110
19490,1559200000,1559280000,6060,1816
19491,1559280000,1559360000,10404,2984
19492,1559360000,1559440000,4956,1737
19493,1559440000,1559520000,5878,2110
19494,1559520000,1559600000,8305,2474
19495,1559600000,1559680000,8386,2341
19496,1559680000,1559760000,4983,1886
19497,1559760000,1559840000,6428,2073
19498,1559840000,1559920000,10533,3032
19499,1559920000,1560000000,5544,1815
19500,1560000000,1560080000,5914,2117
19501,1560080000,1560160000,6020,1753
19502,1560160000,1560240000,10334,3111
19503,1560240000,1560320000,5024,1833
19504,1560320000,1560400000,5626,2018
19505,1560400000,1560480000,9252,2827
19506,1560480000,1560560000,7021,1910
19507,1560560000,1560640000,5539,2160
19508,1560640000,1560720000,6405,1936
19509,1560720000,1560800000,9996,2859
19510,1560800000,1560880000,5117,1746
19511,1560880000,1560960000,5973,2126
19512,1560960000,1561040000,7188,2156
19513,1561040000,1561120000,9414,2759
19514,1561120000,1561200000,4685,1783
19515,1561200000,1561280000,5896,1981
19516,1561280000,1561360000,10416,3026
19517,1561360000,1561440000,6147,1861
19518,1561440000,1561520000,5765,2111
19519,1561520000,1561600000,6066,1811
19520,1561600000,1561680000,10362,2970
19521,1561680000,1561760000,5109,1741
19522,1561760000,1561840000,5745,2110
19523,1561840000,1561920000,8227,2466
19524,1561920000,1562000000,8233,2266
19525,1562000000,1562080000,4946,1857
19526,1562080000,1562160000,6290,2038
19527,1562160000,1562240000,10570,3008
19528,1562240000,1562320000,5439,1819
19529,1562320000,1562400000,5340,1950
19530,1562400000,1562480000,5964,1726
19531,1562480000,1562560000,10346,3078
19532,1562560000,1562640000,4954,1786
19533,1562640000,1562720000,5795,1986
19534,1562720000,1562800000,9406,2813
19535,1562800000,1562880000,6877,1868
19536,1562880000,1562960000,5606,2050
19537,1562960000,1563040000,6591,1936
19538,1563040000,1563120000,9885,2853
19539,1563120000,1563200000,5307,1722
19540,1563200000,1563280000,5561,2128
19541,1563280000,1563360000,7167,2150
19542,1563360000,1563440000,9503,2753
19543,1563440000,1563520000,4873,1784
19544,1563520000,1563600000,5802,1977
19545,1563600000,1563680000,7054,2473
19546,1563680000,1563760000,8207,2568
19547,1563760000,1563840000,6416,2266
19548,1563840000,1563920000,10929,3483
19549,1563920000,1564000000,5425,1722
19550,1564000000,1564080000,5874,2070
19551,1564080000,1564160000,6184,1757
19552,1564160000,1564240000,10850,3103
19553,1564240000,1564320000,5097,1797
19554,1564320000,1564400000,5619,2017
19555,1564400000,1564480000,9569,2827
19556,1564480000,1564560000,7033,1912
19557,1564560000,1564640000,5656,2155
19558,1564640000,1564720000,6464,1932
19559,1564720000,1564800000,9800,2862
19560,1564800000,1564880000,5179,1746
19561,1564880000,1564960000,5579,2136
19562,1564960000,1565040000,7020,2158
19563,1565040000,1565120000,9509,2777
19564,1565120000,1565200000,4671,1787
19565,1565200000,1565280000,5712,1978
19566,1565280000,1565360000,10410,3036
19567,1565360000,1565440000,5991,1863
19568,1565440000,1565520000,5704,2107
19569,1565520000,1565600000,6084,1813
19570,1565600000,1565680000,10189,2980
19571,1565680000,1565760000,4873,1737
19572,1565760000,1565840000,5840,2118
19573,1565840000,1565920000,8057,2468
19574,1565920000,1566000000,8142,2327
19575,1566000000,1566080000,5147,1882
19576,1566080000,1566160000,6391,2069
19577,1566160000,1566240000,10478,3020
19578,1566240000,1566320000,5578,1821
19579,1566320000,1566400000,5575,2116
19580,1566400000,1566480000,6115,1747
19581,1566480000,1566560000,10632,3091
19582,1566560000,1566640000,5115,1834
19583,1566640000,1566720000,5570,2021
19584,1566720000,1566800000,9444,2794
19585,1566800000,1566880000,7005,1854
19586,1566880000,1566960000,5574,2134
19587,1566960000,1567040000,6527,1903
19588,1567040000,1567120000,9885,2850
19589,1567120000,1567200000,5016,1750
19590,1567200000,1567280000,5831,2132
19591,1567280000,1567360000,7076,2152
19592,1567360000,1567440000,9690,2758
19593,1567440000,1567520000,4992,1786
19594,1567520000,1567600000,5853,1982
19595,1567600000,1567680000,10639,3034
19596,1567680000,1567760000,6096,1857
19597,1567760000,1567840000,5667,2106
19598,1567840000,1567920000,6072,1814
19599,1567920000,1568000000,10205,2960
19600,1568000000,1568080000,5013,1737
19601,1568080000,1568160000,5688,2114
19602,1568160000,1568240000,8147,2461
19603,1568240000,1568320000,8252,2317
19604,1568320000,1568400000,4784,1773
19605,1568400000,1568480000,6139,1968
19606,1568480000,1568560000,6503,2358
19607,1568560000,1568640000,8445,2672
19608,1568640000,1568720000,6854,2361
19609,1568720000,1568800000,10671,3317
19610,1568800000,1568880000,5440,1754
19611,1568880000,1568960000,5745,2126
19612,1568960000,1569040000,7289,2161
19613,1569040000,1569120000,9824,2764
19614,1569120000,1569200000,4787,1783
19615,1569200000,1569280000,5894,1981
19616,1569280000,1569360000,10981,3048
19617,1569360000,1569440000,6085,1862
19618,1569440000,1569520000,5398,1970
19619,1569520000,1569600000,5970,1762
19620,1569600000,1569680000,10363,2967
19621,1569680000,1569760000,4927,1691
19622,1569760000,1569840000,5833,2059
19623,1569840000,1569920000,7965,2478
19624,1569920000,1570000000,8273,2315
19625,1570000000,1570080000,4900,1761
19626,1570080000,1570160000,6464,2073
19627,1570160000,1570240000,10570,3031
19628,1570240000,1570320000,5688,1794
19629,1570320000,1570400000,5670,2112
19630,1570400000,1570480000,6043,1753
19631,1570480000,1570560000,10502,3102
19632,1570560000,1570640000,5161,1826
19633,1570640000,1570720000,5658,2014
19634,1570720000,1570800000,9275,2821
19635,1570800000,1570880000,6759,1906
19636,1570880000,1570960000,5345,2160
19637,1570960000,1571040000,6346,1936
19638,1571040000,1571120000,9850,2854
19639,1571120000,1571200000,5168,1750
19640,1571200000,1571280000,5479,2130
19641,1571280000,1571360000,7211,2150
19642,1571360000,1571440000,9619,2757
19643,1571440000,1571520000,4708,1784
19644,1571520000,1571600000,5993,1977
19645,1571600000,1571680000,10651,3010
19646,1571680000,1571760000,5810,1807
19647,1571760000,1571840000,5558,2089
19648,1571840000,1571920000,6049,1796
19649,1571920000,1572000000,10131,2962
19650,1572000000,1572080000,5149,1737
19651,1572080000,1572160000,5879,2114
19652,1572160000,1572240000,8031,2466
19653,1572240000,1572320000,8362,2329
19654,1572320000,1572400000,4950,1859
19655,1572400000,1572480000,6277,2073
19656,1572480000,1572560000,10700,3008
19657,1572560000,1572640000,5675,1821
19658,1572640000,1572720000,5538,2120
19659,1572720000,1572800000,6124,1755
19660,1572800000,1572880000,10651,3087
19661,1572880000,1572960000,4941,1830
19662,1572960000,1573040000,5935,2014
19663,1573040000,1573120000,9424,2812
19664,1573120000,1573200000,6870,1910
19665,1573200000,1573280000,5577,2156
19666,1573280000,1573360000,6638,2016
19667,1573360000,1573440000,6063,2201
19668,1573440000,1573520000,7855,2558
19669,1573520000,1573600000,6908,2561
19670,1573600000,1573680000,10630,3196
19671,1573680000,1573760000,5148,1714
19672,1573760000,1573840000,5606,2118
19673,1573840000,1573920000,8272,2476
19674,1573920000,1574000000,8683,2335
19675,1574000000,1574080000,5028,1878
19676,1574080000,1574160000,6572,2069
19677,1574160000,1574240000,11023,3029
19678,1574240000,1574320000,5431,1821
19679,1574320000,1574400000,5804,2116
19680,1574400000,1574480000,6155,1752
19681,1574480000,1574560000,10650,3101
19682,1574560000,1574640000,5273,1831
19683,1574640000,1574720000,5765,2021
19684,1574720000,1574800000,9139,2834
19685,1574800000,1574880000,7076,1919
19686,1574880000,1574960000,5589,2155
19687,1574960000,1575040000,6378,1932
19688,1575040000,1575120000,9902,2869
19689,1575120000,1575200000,5294,1750
19690,1575200000,1575280000,5742,2132
19691,1575280000,1575360000,7115,2158
19692,1575360000,1575440000,9759,2758
19693,1575440000,1575520000,4681,1727
19694,1575520000,1575600000,5582,1844
19695,1575600000,1575680000,10539,3031
19696,1575680000,1575760000,5866,1859
19697,1575760000,1575840000,5573,2035
19698,1575840000,1575920000,6026,1814
19699,1575920000,1576000000,10314,2962
19700,1576000000,1576080000,4785,1601
19701,1576080000,1576160000,5947,2108
19702,1576160000,1576240000,8194,2461
19703,1576240000,1576320000,8524,2329
19704,1576320000,1576400000,5023,1831
19705,1576400000,1576480000,6264,2069
19706,1576480000,1576560000,10647,2983
19707,1576560000,1576640000,5568,1768
19708,1576640000,1576720000,5578,2085
19709,1576720000,1576800000,6023,1736
19710,1576800000,1576880000,10441,3091
19711,1576880000,1576960000,4895,1834
19712,1576960000,1577040000,5616,2021
19713,1577040000,1577120000,9227,2818
19714,1577120000,1577200000,7028,1917
19715,1577200000,1577280000,5386,2155
19716,1577280000,1577360000,6362,1932
19717,1577360000,1577440000,9965,2848
19718,1577440000,1577520000,5213,1750
19719,1577520000,1577600000,5843,2127
19720,1577600000,1577680000,7216,2157
19721,1577680000,1577760000,9590,2752
19722,1577760000,1577840000,4670,1786
19723,1577840000,1577920000,5865,1982
19724,1577920000,1578000000,10608,3037
19725,1578000000,1578080000,5966,1854
19726,1578080000,1578160000,5825,2110
19727,1578160000,1578240000,6924,2258
19728,1578240000,1578320000,6139,2189
19729,1578320000,1578400000,7088,2325
19730,1578400000,1578480000,7303,2690
19731,1578480000,1578560000,10457,3118
19732,1578560000,1578640000,4983,1833
19733,1578640000,1578720000,5911,2018
19734,1578720000,1578800000,9517,2829
19735,1578800000,1578880000,6981,1912
19736,1578880000,1578960000,5580,2160
19737,1578960000,1579040000,6521,1936
19738,1579040000,1579120000,10133,2875
19739,1579120000,1579200000,5361,1750
19740,1579200000,1579280000,5902,2130
19741,1579280000,1579360000,7275,2156
19742,1579360000,1579440000,9488,2770
19743,1579440000,1579520000,4795,1783
19744,1579520000,1579600000,5821,1981
19745,1579600000,1579680000,10181,3050
19746,1579680000,1579760000,6125,1868
19747,1579760000,1579840000,5509,2111
19748,1579840000,1579920000,5960,1814
19749,1579920000,1580000000,10547,2983
19750,1580000000,1580080000,4996,1737
19751,1580080000,1580160000,6070,2110
19752,1580160000,1580240000,8132,2474
19753,1580240000,1580320000,8532,2335
19754,1580320000,1580400000,5019,1882
19755,1580400000,1580480000,6405,2073
19756,1580480000,1580560000,10575,3025
19757,1580560000,1580640000,5642,1816
19758,1580640000,1580720000,5739,2121
19759,1580720000,1580800000,6037,1753
19760,1580800000,1580880000,10680,3096
19761,1580880000,1580960000,5072,1830
19762,1580960000,1581040000,5695,2014
19763,1581040000,1581120000,9464,2814
19764,1581120000,1581200000,7088,1918
19765,1581200000,1581280000,5577,2156
19766,1581280000,1581360000,6482,1936
19767,1581360000,1581440000,10091,2806
19768,1581440000,1581520000,5208,1697
19769,1581520000,1581600000,5259,1921
19770,1581600000,1581680000,7158,2132
19771,1581680000,1581760000,9599,2742
19772,1581760000,1581840000,4684,1732
19773,1581840000,1581920000,5945,1957
19774,1581920000,1582000000,10490,3038
19775,1582000000,1582080000,5897,1788
19776,1582080000,1582160000,5663,2028
19777,1582160000,1582240000,6097,1812
19778,1582240000,1582320000,10538,2962
19779,1582320000,1582400000,5189,1711
19780,1582400000,1582480000,5681,2114
19781,1582480000,1582560000,8212,2468
19782,1582560000,1582640000,8328,2329
19783,1582640000,1582720000,5068,1882
19784,1582720000,1582800000,6276,2069
19785,1582800000,1582880000,10617,3014
19786,1582880000,1582960000,5410,1821
19787,1582960000,1583040000,5482,2120
19788,1583040000,1583120000,7096,2313
19789,1583120000,1583200000,7059,2440
19790,1583200000,1583280000,6586,2105
19791,1583280000,1583360000,7803,2886
19792,1583360000,1583440000,9934,2786
19793,1583440000,1583520000,4883,1757
19794,1583520000,1583600000,5815,1982
19795,1583600000,1583680000,10791,3056
19796,1583680000,1583760000,6164,1859
19797,1583760000,1583840000,5646,2103
19798,1583840000,1583920000,6067,1814
19799,1583920000,1584000000,10615,2988
19800,1584000000,1584080000,4962,1737
19801,1584080000,1584160000,5630,2118
19802,1584160000,1584240000,8225,2471
19803,1584240000,1584320000,8371,2337
19804,1584320000,1584400000,4851,1882
19805,1584400000,1584480000,6276,2069
19806,1584480000,1584560000,10259,3035
19807,1584560000,1584640000,5356,1825
19808,1584640000,1584720000,5770,2115
19809,1584720000,1584800000,6041,1749
19810,1584800000,1584880000,10427,3099
19811,1584880000,1584960000,5021,1834
19812,1584960000,1585040000,5849,2021
19813,1585040000,1585120000,9238,2823
19814,1585120000,1585200000,6906,1914
19815,1585200000,1585280000,5821,2155
19816,1585280000,1585360000,6499,1932
19817,1585360000,1585440000,9571,2843
19818,1585440000,1585520000,5201,1746
19819,1585520000,1585600000,5572,2131
19820,1585600000,1585680000,7062,2154
19821,1585680000,1585760000,9563,2751
19822,1585760000,1585840000,4812,1786
19823,1585840000,1585920000,5686,1982
19824,1585920000,1586000000,10883,3038
19825,1586000000,1586080000,6132,1861
19826,1586080000,1586160000,5773,2106
19827,1586160000,1586240000,6176,1814
19828,1586240000,1586320000,10533,2917
19829,1586320000,1586400000,4867,1694
19830,1586400000,1586480000,5795,2081
19831,1586480000,1586560000,8166,2459
19832,1586560000,1586640000,8460,2331
19833,1586640000,1586720000,5219,1886
19834,1586720000,1586800000,6347,2073
19835,1586800000,1586880000,10623,3019
19836,1586880000,1586960000,5598,1819
19837,1586960000,1587040000,5674,2113
19838,1587040000,1587120000,6056,1744
19839,1587120000,1587200000,10700,3091
19840,1587200000,1587280000,5104,1833
19841,1587280000,1587360000,5784,2018
19842,1587360000,1587440000,9413,2816
19843,1587440000,1587520000,7064,1905
19844,1587520000,1587600000,5338,2041
19845,1587600000,1587680000,6266,1861
19846,1587680000,1587760000,9963,2831
19847,1587760000,1587840000,5174,1751
19848,1587840000,1587920000,5723,2058
19849,1587920000,1588000000,7282,2386
19850,1588000000,1588080000,7791,2656
19851,1588080000,1588160000,5753,1882
19852,1588160000,1588240000,8895,3245
19853,1588240000,1588320000,8602,2330
19854,1588320000,1588400000,5052,1882
19855,1588400000,1588480000,6448,2077
19856,1588480000,1588560000,10991,3029
19857,1588560000,1588640000,5515,1815
19858,1588640000,1588720000,5385,1950
19859,1588720000,1588800000,6091,1731
19860,1588800000,1588880000,10893,3093
19861,1588880000,1588960000,5001,1790
19862,1588960000,1589040000,5844,1986
19863,1589040000,1589120000,9460,2827
19864,1589120000,1589200000,6803,1874
19865,1589200000,1589280000,5546,2050
19866,1589280000,1589360000,6526,1936
19867,1589360000,1589440000,9674,2859
19868,1589440000,1589520000,5365,1726
19869,1589520000,1589600000,5588,2127
19870,1589600000,1589680000,7107,2156
19871,1589680000,1589760000,9622,2764
19872,1589760000,1589840000,4927,1780
19873,1589840000,1589920000,5851,1977
19874,1589920000,1590000000,10527,3046
19875,1590000000,1590080000,5952,1863
19876,1590080000,1590160000,5454,2112
19877,1590160000,1590240000,5999,1814
19878,1590240000,1590320000,10143,2965
19879,1590320000,1590400000,4918,1733
19880,1590400000,1590480000,5514,2114
19881,1590480000,1590560000,8019,2467
19882,1590560000,1590640000,8203,2325
19883,1590640000,1590720000,4960,1882
19884,1590720000,1590800000,6433,2069
19885,1590800000,1590880000,10649,3012
19886,1590880000,1590960000,5488,1821
19887,1590960000,1591040000,5744,2120
19888,1591040000,1591120000,6194,1755
19889,1591120000,1591200000,10454,3033
19890,1591200000,1591280000,5137,1803
19891,1591280000,1591360000,5759,1982
19892,1591360000,1591440000,9322,2809
19893,1591440000,1591520000,6812,1913
19894,1591520000,1591600000,5547,2156
19895,1591600000,1591680000,6370,1936
19896,1591680000,1591760000,9787,2851
19897,1591760000,1591840000,5381,1749
19898,1591840000,1591920000,5482,2136
19899,1591920000,1592000000,7181,2149
19900,1592000000,1592080000,10002,2737
19901,1592080000,1592160000,4803,1784
19902,1592160000,1592240000,6158,1976
19903,1592240000,1592320000,10832,3042
19904,1592320000,1592400000,5890,1834
19905,1592400000,1592480000,5626,2102
19906,1592480000,1592560000,6059,1812
19907,1592560000,1592640000,10462,2960
19908,1592640000,1592720000,5321,1741
19909,1592720000,1592800000,5757,2118
19910,1592800000,1592880000,6970,2315
19911,1592880000,1592960000,7956,2654
19912,1592960000,1593040000,6064,2009
19913,1593040000,1593120000,10048,3633
19914,1593120000,1593200000,7242,1916
19915,1593200000,1593280000,5666,2155
19916,1593280000,1593360000,6671,1936
19917,1593360000,1593440000,10276,2857
19918,1593440000,1593520000,5137,1746
19919,1593520000,1593600000,5867,2131
19920,1593600000,1593680000,7285,2158
19921,1593680000,1593760000,10015,2768
19922,1593760000,1593840000,5083,1786
19923,1593840000,1593920000,5892,1982
19924,1593920000,1594000000,10723,3053
19925,1594000000,1594080000,6127,1859
19926,1594080000,1594160000,5677,2103
19927,1594160000,1594240000,5982,1814
19928,1594240000,1594320000,10200,2984
19929,1594320000,1594400000,5051,1741
19930,1594400000,1594480000,5731,2114
19931,1594480000,1594560000,8043,2471
19932,1594560000,1594640000,8529,2328
19933,1594640000,1594720000,4905,1792
19934,1594720000,1594800000,6183,1970
19935,1594800000,1594880000,10610,3010
19936,1594880000,1594960000,5468,1819
19937,1594960000,1595040000,5710,2045
19938,1595040000,1595120000,6072,1749
19939,1595120000,1595200000,10300,3078
19940,1595200000,1595280000,4796,1703
19941,1595280000,1595360000,5877,2018
19942,1595360000,1595440000,9216,2817
19943,1595440000,1595520000,7109,1906
19944,1595520000,1595600000,5598,2136
19945,1595600000,1595680000,6346,1932
19946,1595680000,1595760000,10028,2848
19947,1595760000,1595840000,5426,1751
19948,1595840000,1595920000,5635,2126
19949,1595920000,1596000000,7246,2157
19950,1596000000,1596080000,9569,2687
19951,1596080000,1596160000,4569,1759
19952,1596160000,1596240000,5672,1947
19953,1596240000,1596320000,10635,3029
19954,1596320000,1596400000,5811,1837
19955,1596400000,1596480000,5400,2102
19956,1596480000,1596560000,5953,1812
19957,1596560000,1596640000,10192,2966
19958,1596640000,1596720000,4876,1737
19959,1596720000,1596800000,5844,2110
19960,1596800000,1596880000,8150,2461
19961,1596880000,1596960000,8443,2325
19962,1596960000,1597040000,5044,1886
19963,1597040000,1597120000,6449,2073
19964,1597120000,1597200000,10601,3016
19965,1597200000,1597280000,5510,1823
19966,1597280000,1597360000,5840,2118
19967,1597360000,1597440000,6064,1744
19968,1597440000,1597520000,10451,3091
19969,1597520000,1597600000,5029,1833
19970,1597600000,1597680000,5623,2018
19971,1597680000,1597760000,6658,2255
19972,1597760000,1597840000,8139,2652
19973,1597840000,1597920000,6448,2167
19974,1597920000,1598000000,10805,3577
19975,1598000000,1598080000,6207,1868
19976,1598080000,1598160000,5689,2111
19977,1598160000,1598240000,6146,1819
19978,1598240000,1598320000,10617,2980
19979,1598320000,1598400000,5212,1733
19980,1598400000,1598480000,5923,2114
19981,1598480000,1598560000,8344,2474
19982,1598560000,1598640000,8564,2339
19983,1598640000,1598720000,5082,1882
19984,1598720000,1598800000,6338,2073
19985,1598800000,1598880000,10580,3032
19986,1598880000,1598960000,5568,1816
19987,1598960000,1599040000,5519,2121
19988,1599040000,1599120000,6022,1756
19989,1599120000,1599200000,10439,3107
19990,1599200000,1599280000,4966,1833
19991,1599280000,1599360000,5969,2014
19992,1599360000,1599440000,9310,2826
19993,1599440000,1599520000,7104,1915
19994,1599520000,1599600000,5626,2156
19995,1599600000,1599680000,6512,1936
19996,1599680000,1599760000,10003,2865
19997,1599760000,1599840000,5518,1749
19998,1599840000,1599920000,5761,2136
19999,1599920000,1600000000,7179,2155
20000,1600000000,1600080000,9607,2757
20001,1600080000,1600160000,4755,1779
20002,1600160000,1600240000,5806,1977
20003,1600240000,1600320000,10507,3037
20004,1600320000,1600400000,6018,1838
20005,1600400000,1600480000,5578,2102
20006,1600480000,1600560000,6077,1812
20007,1600560000,1600640000,10562,2956
20008,1600640000,1600720000,5048,1728
20009,1600720000,1600800000,5416,1944
20010,1600800000,1600880000,8248,2460
20011,1600880000,1600960000,8368,2249
20012,1600960000,1601040000,4909,1795
20013,1601040000,1601120000,6373,2028
20014,1601120000,1601200000,10614,3017
20015,1601200000,1601280000,5207,1718
20016,1601280000,1601360000,5813,2071
20017,1601360000,1601440000,6074,1751
20018,1601440000,1601520000,10575,3097
20019,1601520000,1601600000,5060,1797
20020,1601600000,1601680000,5584,2017
20021,1601680000,1601760000,9422,2812
20022,1601760000,1601840000,7119,1910
20023,1601840000,1601920000,5612,2155
20024,1601920000,1602000000,6498,1933
20025,1602000000,1602080000,9985,2851
20026,1602080000,1602160000,5107,1749
20027,1602160000,1602240000,5504,2136
20028,1602240000,1602320000,7197,2149
20029,1602320000,1602400000,9624,2747
20030,1602400000,1602480000,4633,1787
20031,1602480000,1602560000,5718,1978
20032,1602560000,1602640000,7162,2472
20033,1602640000,1602720000,8315,2568
20034,1602720000,1602800000,6547,2276
20035,1602800000,1602880000,11005,3486
20036,1602880000,1602960000,5820,1826
20037,1602960000,1603040000,5693,2114
20038,1603040000,1603120000,6142,1754
20039,1603120000,1603200000,10875,3105
20040,1603200000,1603280000,4915,1831
20041,1603280000,1603360000,5625,2021
20042,1603360000,1603440000,9610,2828
20043,1603440000,1603520000,7210,1919
20044,1603520000,1603600000,5423,2159
20045,1603600000,1603680000,6435,1932
20046,1603680000,1603760000,10008,2870
20047,1603760000,1603840000,5076,1746
20048,1603840000,1603920000,5837,2127
20049,1603920000,1604000000,7067,2159
20050,1604000000,1604080000,9646,2775
20051,1604080000,1604160000,4693,1787
20052,1604160000,1604240000,5906,1982
20053,1604240000,1604320000,10513,3047
20054,1604320000,1604400000,6118,1838
20055,1604400000,1604480000,5851,2102
20056,1604480000,1604560000,6102,1814
20057,1604560000,1604640000,10329,2972
20058,1604640000,1604720000,5062,1737
20059,1604720000,1604800000,5644,2114
20060,1604800000,1604880000,8087,2468
20061,1604880000,1604960000,8178,2323
20062,1604960000,1605040000,4949,1886
20063,1605040000,1605120000,6203,2073
20064,1605120000,1605200000,10647,3018
20065,1605200000,1605280000,5445,1820
20066,1605280000,1605360000,5901,2114
20067,1605360000,1605440000,6162,1744
20068,1605440000,1605520000,10796,3097
20069,1605520000,1605600000,5019,1833
20070,1605600000,1605680000,5840,2018
20071,1605680000,1605760000,9446,2793
20072,1605760000,1605840000,7144,1861
20073,1605840000,1605920000,5746,2139
20074,1605920000,1606000000,6413,1906
20075,1606000000,1606080000,9958,2848
20076,1606080000,1606160000,5308,1747
20077,1606160000,1606240000,5672,2126
20078,1606240000,1606320000,7103,2153
20079,1606320000,1606400000,9680,2748
20080,1606400000,1606480000,4759,1783
20081,1606480000,1606560000,5853,1981
20082,1606560000,1606640000,10810,3027
20083,1606640000,1606720000,6126,1852
20084,1606720000,1606800000,5392,1970
20085,1606800000,1606880000,5990,1765
20086,1606880000,1606960000,10364,2941
20087,1606960000,1607040000,4970,1720
20088,1607040000,1607120000,5763,2059
20089,1607120000,1607200000,8180,2461
20090,1607200000,1607280000,8248,2299
20091,1607280000,1607360000,4897,1761
20092,1607360000,1607440000,6496,2071
20093,1607440000,1607520000,6577,2357
20094,1607520000,1607600000,8580,2672
20095,1607600000,1607680000,6939,2361
20096,1607680000,1607760000,10946,3318
20097,1607760000,1607840000,5325,1754
20098,1607840000,1607920000,5404,1954
20099,1607920000,1608000000,7281,2148
20100,1608000000,1608080000,10036,2751
20101,1608080000,1608160000,4759,1731
20102,1608160000,1608240000,5981,1957
20103,1608240000,1608320000,10994,3053
20104,1608320000,1608400000,6020,1790
20105,1608400000,1608480000,5689,2027
20106,1608480000,1608560000,6171,1814
20107,1608560000,1608640000,10492,2978
20108,1608640000,1608720000,5186,1703
20109,1608720000,1608800000,5652,2114
20110,1608800000,1608880000,7986,2478
20111,1608880000,1608960000,8460,2341
20112,1608960000,1609040000,5102,1882
20113,1609040000,1609120000,6305,2069
20114,1609120000,1609200000,10652,3029
20115,1609200000,1609280000,5524,1820
20116,1609280000,1609360000,5549,2121
20117,1609360000,1609440000,6084,1756
20118,1609440000,1609520000,10708,3106
20119,1609520000,1609600000,4952,1827
20120,1609600000,1609680000,5581,2017
20121,1609680000,1609760000,9300,2820
20122,1609760000,1609840000,6839,1913
20123,1609840000,1609920000,5493,2155
20124,1609920000,1610000000,6491,1933
20125,1610000000,1610080000,9946,2852
20126,1610080000,1610160000,5163,1749
20127,1610160000,1610240000,5779,2136
20128,1610240000,1610320000,7262,2149
20129,1610320000,1610400000,9820,2751
20130,1610400000,1610480000,4952,1787
20131,1610480000,1610560000,5990,1978
20132,1610560000,1610640000,10713,3007
20133,1610640000,1610720000,6011,1802
20134,1610720000,1610800000,5505,2085
20135,1610800000,1610880000,5985,1796
20136,1610880000,1610960000,10186,2958
20137,1610960000,1611040000,5140,1741
20138,1611040000,1611120000,5523,2118
20139,1611120000,1611200000,8043,2466
20140,1611200000,1611280000,8504,2327
20141,1611280000,1611360000,5022,1878
20142,1611360000,1611440000,6550,2069
20143,1611440000,1611520000,10859,3011
20144,1611520000,1611600000,5537,1822
20145,1611600000,1611680000,5823,2116
20146,1611680000,1611760000,6171,1755
20147,1611760000,1611840000,10732,3091
20148,1611840000,1611920000,5254,1831
20149,1611920000,1612000000,5683,2021
20150,1612000000,1612080000,9414,2801
20151,1612080000,1612160000,7077,1905
20152,1612160000,1612240000,5584,2155
20153,1612240000,1612320000,6612,2012
20154,1612320000,1612400000,6125,2200
20155,1612400000,1612480000,7688,2560
20156,1612480000,1612560000,6859,2561
20157,1612560000,1612640000,10702,3189
20158,1612640000,1612720000,4979,1739
20159,1612720000,1612800000,5935,2114
20160,1612800000,1612880000,8309,2476
20161,1612880000,1612960000,8788,2333
20162,1612960000,1613040000,5262,1886
20163,1613040000,1613120000,6379,2073
20164,1613120000,1613200000,11089,3031
20165,1613200000,1613280000,5663,1822
20166,1613280000,1613360000,5727,2114
20167,1613360000,1613440000,6095,1749
20168,1613440000,1613520000,10750,3095
20169,1613520000,1613600000,5021,1830
20170,1613600000,1613680000,5766,2017
20171,1613680000,1613760000,9124,2831
20172,1613760000,1613840000,7215,1920
20173,1613840000,1613920000,5354,2041
20174,1613920000,1614000000,6228,1861
20175,1614000000,1614080000,10046,2852
20176,1614080000,1614160000,5339,1747
20177,1614160000,1614240000,5776,2058
20178,1614240000,1614320000,7131,2159
20179,1614320000,1614400000,9746,2729
20180,1614400000,1614480000,4643,1659
20181,1614480000,1614560000,6035,1981
20182,1614560000,1614640000,10558,3043
20183,1614640000,1614720000,5999,1830
20184,1614720000,1614800000,5602,2099
20185,1614800000,1614880000,5906,1814
20186,1614880000,1614960000,10391,2967
20187,1614960000,1615040000,5205,1737
20188,1615040000,1615120000,5648,2110
20189,1615120000,1615200000,8190,2461
20190,1615200000,1615280000,8543,2329
20191,1615280000,1615360000,4868,1886
20192,1615360000,1615440000,6298,2073
20193,1615440000,1615520000,10823,2986
20194,1615520000,1615600000,5458,1769
20195,1615600000,1615680000,5404,2089
20196,1615680000,1615760000,6003,1736
20197,1615760000,1615840000,10517,3095
20198,1615840000,1615920000,4938,1833
20199,1615920000,1616000000,5827,2014
20200,1616000000,1616080000,9224,2807
20201,1616080000,1616160000,7125,1912
20202,1616160000,1616240000,5535,2160
20203,1616240000,1616320000,6431,1934
20204,1616320000,1616400000,10086,2842
20205,1616400000,1616480000,5433,1751
20206,1616480000,1616560000,5910,2130
20207,1616560000,1616640000,7206,2157
20208,1616640000,1616720000,9742,2746
20209,1616720000,1616800000,4780,1783
20210,1616800000,1616880000,5726,1981
20211,1616880000,1616960000,10603,3033
20212,1616960000,1617040000,6021,1854
20213,1617040000,1617120000,5475,2111
20214,1617120000,1617200000,6805,2261
20215,1617200000,1617280000,5903,2190
20216,1617280000,1617360000,6937,2325
20217,1617360000,1617440000,7227,2690
20218,1617440000,1617520000,10441,3107
20219,1617520000,1617600000,5219,1834
20220,1617600000,1617680000,5926,2020
20221,1617680000,1617760000,9460,2828
20222,1617760000,1617840000,6903,1917
20223,1617840000,1617920000,5559,2156
20224,1617920000,1618000000,6452,1936
20225,1618000000,1618080000,9952,2871
20226,1618080000,1618160000,5360,1749
20227,1618160000,1618240000,5525,2136
20228,1618240000,1618320000,7233,2155
20229,1618320000,1618400000,9461,2766
20230,1618400000,1618480000,4754,1779
20231,1618480000,1618560000,6135,1977
20232,1618560000,1618640000,10248,3055
20233,1618640000,1618720000,6001,1863
20234,1618720000,1618800000,5682,2107
20235,1618800000,1618880000,6017,1814
20236,1618880000,1618960000,10530,2977
20237,1618960000,1619040000,5405,1741
20238,1619040000,1619120000,5821,2118
20239,1619120000,1619200000,8112,2474
20240,1619200000,1619280000,8610,2333
20241,1619280000,1619360000,5108,1878
20242,1619360000,1619440000,6332,2069
20243,1619440000,1619520000,10654,3028
20244,1619520000,1619600000,5502,1817
20245,1619600000,1619680000,5627,2117
20246,1619680000,1619760000,6026,1753
20247,1619760000,1619840000,10805,3092
20248,1619840000,1619920000,4984,1789
20249,1619920000,1620000000,5403,1870
20250,1620000000,1620080000,9413,2793
20251,1620080000,1620160000,7262,1908
20252,1620160000,1620240000,5549,2087
20253,1620240000,1620320000,6534,1932
20254,1620320000,1620400000,10178,2814
20255,1620400000,1620480000,4827,1533
20256,1620480000,1620560000,5858,2083
20257,1620560000,1620640000,7190,2144
20258,1620640000,1620720000,9786,2751
20259,1620720000,1620800000,4834,1753
20260,1620800000,1620880000,5731,1978
20261,1620880000,1620960000,10502,3036
20262,1620960000,1621040000,6231,1857
20263,1621040000,1621120000,5593,2103
20264,1621120000,1621200000,6004,1809
20265,1621200000,1621280000,10595,2960
20266,1621280000,1621360000,5036,1741
20267,1621360000,1621440000,5655,2118
20268,1621440000,1621520000,8223,2468
20269,1621520000,1621600000,8533,2331
20270,1621600000,1621680000,4812,1886
20271,1621680000,1621760000,6220,2069
20272,1621760000,1621840000,10765,3015
20273,1621840000,1621920000,5342,1822
20274,1621920000,1622000000,5742,2115
20275,1622000000,1622080000,7048,2311
20276,1622080000,1622160000,6813,2440
20277,1622160000,1622240000,6477,2127
20278,1622240000,1622320000,7706,2890
20279,1622320000,1622400000,9657,2783
20280,1622400000,1622480000,4716,1787
20281,1622480000,1622560000,5824,1986
20282,1622560000,1622640000,10819,3053
20283,1622640000,1622720000,5925,1854
20284,1622720000,1622800000,5462,2107
20285,1622800000,1622880000,6027,1814
20286,1622880000,1622960000,10416,2980
20287,1622960000,1623040000,4947,1737
20288,1623040000,1623120000,5906,2110
20289,1623120000,1623200000,8193,2471
20290,1623200000,1623280000,8156,2335
20291,1623280000,1623360000,4980,1886
20292,1623360000,1623440000,6404,2073
20293,1623440000,1623520000,10258,3042
20294,1623520000,1623600000,5565,1827
20295,1623600000,1623680000,5880,2118
20296,1623680000,1623760000,6033,1749
20297,1623760000,1623840000,10299,3107
20298,1623840000,1623920000,5127,1833
20299,1623920000,1624000000,5682,2018
20300,1624000000,1624080000,9197,2824
20301,1624080000,1624160000,6800,1913
20302,1624160000,1624240000,5520,2160
20303,1624240000,1624320000,6355,1935
20304,1624320000,1624400000,9651,2857
20305,1624400000,1624480000,4915,1720
20306,1624480000,1624560000,5930,2124
20307,1624560000,1624640000,7075,2155
20308,1624640000,1624720000,9676,2751
20309,1624720000,1624800000,4697,1783
20310,1624800000,1624880000,5925,1981
20311,1624880000,1624960000,10797,3035
20312,1624960000,1625040000,6404,1858
20313,1625040000,1625120000,5779,2111
20314,1625120000,1625200000,6094,1817
20315,1625200000,1625280000,10587,2917
20316,1625280000,1625360000,5070,1694
20317,1625360000,1625440000,5646,2077
20318,1625440000,1625520000,8170,2459
20319,1625520000,1625600000,8511,2335
20320,1625600000,1625680000,4987,1882
20321,1625680000,1625760000,6343,2073
20322,1625760000,1625840000,10771,3016
20323,1625840000,1625920000,5546,1820
20324,1625920000,1626000000,5350,1950
20325,1626000000,1626080000,5995,1722
20326,1626080000,1626160000,10898,3076
20327,1626160000,1626240000,5033,1793
20328,1626240000,1626320000,5880,1986
20329,1626320000,1626400000,9434,2817
20330,1626400000,1626480000,6958,1861
20331,1626480000,1626560000,5491,2050
20332,1626560000,1626640000,6505,1935
20333,1626640000,1626720000,10072,2840
20334,1626720000,1626800000,5337,1723
20335,1626800000,1626880000,5583,2128
20336,1626880000,1626960000,7196,2387
20337,1626960000,1627040000,7612,2656
20338,1627040000,1627120000,5657,1876
20339,1627120000,1627200000,8733,3228
20340,1627200000,1627280000,8422,2313
20341,1627280000,1627360000,4978,1820
20342,1627360000,1627440000,6525,2067
20343,1627440000,1627520000,10769,3036
20344,1627520000,1627600000,5266,1714
20345,1627600000,1627680000,5844,2071
20346,1627680000,1627760000,6182,1756
20347,1627760000,1627840000,10702,3112
20348,1627840000,1627920000,5186,1801
20349,1627920000,1628000000,5622,2017
20350,1628000000,1628080000,9402,2826
20351,1628080000,1628160000,6823,1916
20352,1628160000,1628240000,5612,2151
20353,1628240000,1628320000,6396,1933
20354,1628320000,1628400000,9537,2875
20355,1628400000,1628480000,5035,1730
20356,1628480000,1628560000,5548,2134
20357,1628560000,1628640000,7082,2155
20358,1628640000,1628720000,9580,2760
20359,1628720000,1628800000,4682,1783
20360,1628800000,1628880000,5787,1978
20361,1628880000,1628960000,10475,3047
20362,1628960000,1629040000,5811,1858
20363,1629040000,1629120000,5645,2107
20364,1629120000,1629200000,6073,1811
20365,1629200000,1629280000,9981,2967
20366,1629280000,1629360000,4863,1737
20367,1629360000,1629440000,5792,2118
20368,1629440000,1629520000,8008,2467
20369,1629520000,1629600000,8306,2331
20370,1629600000,1629680000,5181,1886
20371,1629680000,1629760000,6414,2069
20372,1629760000,1629840000,10619,3019
20373,1629840000,1629920000,5482,1822
20374,1629920000,1630000000,5604,2116
20375,1630000000,1630080000,6143,1755
20376,1630080000,1630160000,10310,3033
20377,1630160000,1630240000,5046,1803
20378,1630240000,1630320000,5463,1986
20379,1630320000,1630400000,9288,2810
20380,1630400000,1630480000,6759,1914
20381,1630480000,1630560000,5583,2151
20382,1630560000,1630640000,6559,1933
20383,1630640000,1630720000,9890,2849
20384,1630720000,1630800000,5141,1749
20385,1630800000,1630880000,5836,2132
20386,1630880000,1630960000,7194,2149
20387,1630960000,1631040000,10057,2745
20388,1631040000,1631120000,5010,1764
20389,1631120000,1631200000,5922,1982
20390,1631200000,1631280000,10805,3040
20391,1631280000,1631360000,6171,1854
20392,1631360000,1631440000,5616,2106
20393,1631440000,1631520000,6000,1809
20394,1631520000,1631600000,10545,2960
20395,1631600000,1631680000,5107,1741
20396,1631680000,1631760000,5730,2114
20397,1631760000,1631840000,6887,2316
20398,1631840000,1631920000,7873,2652
20399,1631920000,1632000000,5966,2009
20400,1632000000,1632080000,9948,3631
20401,1632080000,1632160000,7244,1923
20402,1632160000,1632240000,5787,2160
20403,1632240000,1632320000,6527,1939
20404,1632320000,1632400000,10158,2869
20405,1632400000,1632480000,5245,1720
20406,1632480000,1632560000,5710,2124
20407,1632560000,1632640000,7251,2159
20408,1632640000,1632720000,9855,2760
20409,1632720000,1632800000,4802,1783
20410,1632800000,1632880000,5898,1981
20411,1632880000,1632960000,10723,3046
20412,1632960000,1633040000,5954,1852
20413,1633040000,1633120000,5378,1967
20414,1633120000,1633200000,5876,1765
20415,1633200000,1633280000,10062,2971
20416,1633280000,1633360000,5010,1724
20417,1633360000,1633440000,5790,2059
20418,1633440000,1633520000,8022,2471
20419,1633520000,1633600000,8230,2314
20420,1633600000,1633680000,4991,1761
20421,1633680000,1633760000,6513,2073
20422,1633760000,1633840000,10499,3032
20423,1633840000,1633920000,5485,1795
20424,1633920000,1634000000,5645,2112
20425,1634000000,1634080000,6008,1749
20426,1634080000,1634160000,10226,3102
20427,1634160000,1634240000,5115,1826
20428,1634240000,1634320000,5619,2014
20429,1634320000,1634400000,9185,2818
20430,1634400000,1634480000,6836,1912
20431,1634480000,1634560000,5349,2160
20432,1634560000,1634640000,6371,1935
20433,1634640000,1634720000,9991,2844
20434,1634720000,1634800000,5263,1751
20435,1634800000,1634880000,5506,2130
20436,1634880000,1634960000,7216,2157
20437,1634960000,1635040000,9437,2683
20438,1635040000,1635120000,4620,1756
20439,1635120000,1635200000,5880,1942
20440,1635200000,1635280000,10530,3031
20441,1635280000,1635360000,5786,1857
20442,1635360000,1635440000,5629,2112
20443,1635440000,1635520000,6012,1815
20444,1635520000,1635600000,10161,2974
20445,1635600000,1635680000,5202,1733
20446,1635680000,1635760000,5884,2114
20447,1635760000,1635840000,8111,2461
20448,1635840000,1635920000,8359,2331
20449,1635920000,1636000000,5052,1882
20450,1636000000,1636080000,6340,2073
20451,1636080000,1636160000,10448,3002
20452,1636160000,1636240000,5494,1822
20453,1636240000,1636320000,5451,2119
20454,1636320000,1636400000,6038,1747
20455,1636400000,1636480000,10375,3091
20456,1636480000,1636560000,4948,1833
20457,1636560000,1636640000,5975,2014
20458,1636640000,1636720000,6575,2256
20459,1636720000,1636800000,8029,2652
20460,1636800000,1636880000,6359,2167
20461,1636880000,1636960000,10666,3573
20462,1636960000,1637040000,6177,1863
20463,1637040000,1637120000,5608,2107
20464,1637120000,1637200000,6084,1819
20465,1637200000,1637280000,10376,2976
20466,1637280000,1637360000,5178,1737
20467,1637360000,1637440000,5558,2118
20468,1637440000,1637520000,8296,2474
20469,1637520000,1637600000,8456,2335
20470,1637600000,1637680000,5093,1882
20471,1637680000,1637760000,6582,2069
20472,1637760000,1637840000,10612,3037
20473,1637840000,1637920000,5256,1817
20474,1637920000,1638000000,5808,2117
20475,1638000000,1638080000,6034,1756
20476,1638080000,1638160000,10371,3117
20477,1638160000,1638240000,5278,1834
20478,1638240000,1638320000,5721,2021
20479,1638320000,1638400000,9270,2827
20480,1638400000,1638480000,7113,1918
20481,1638480000,1638560000,5612,2151
20482,1638560000,1638640000,6461,1933
20483,1638640000,1638720000,9882,2861
20484,1638720000,1638800000,5277,1749
20485,1638800000,1638880000,5702,2132
20486,1638880000,1638960000,7155,2155
20487,1638960000,1639040000,9537,2745
20488,1639040000,1639120000,4612,1727
20489,1639120000,1639200000,5536,1844
20490,1639200000,1639280000,10499,3024
20491,1639280000,1639360000,5934,1858
20492,1639360000,1639440000,5597,2038
20493,1639440000,1639520000,6097,1809
20494,1639520000,1639600000,10307,2963
20495,1639600000,1639680000,4857,1605
20496,1639680000,1639760000,5992,2108
20497,1639760000,1639840000,8233,2466
20498,1639840000,1639920000,8242,2272
20499,1639920000,1640000000,5020,1831
20500,1640000000,1640080000,6173,2034
20501,1640080000,1640160000,10428,3005
20502,1640160000,1640240000,5546,1820
20503,1640240000,1640320000,5625,2112
20504,1640320000,1640400000,6012,1748
20505,1640400000,1640480000,10300,3099
20506,1640480000,1640560000,4875,1831
20507,1640560000,1640640000,5585,2021
20508,1640640000,1640720000,9415,2813
20509,1640720000,1640800000,7056,1907
20510,1640800000,1640880000,5413,2159
20511,1640880000,1640960000,6441,1933
20512,1640960000,1641040000,9851,2849
20513,1641040000,1641120000,5080,1749
20514,1641120000,1641200000,5755,2127
20515,1641200000,1641280000,7193,2150
20516,1641280000,1641360000,9500,2749
20517,1641360000,1641440000,4693,1787
20518,1641440000,1641520000,5909,1982
20519,1641520000,1641600000,7054,2473
20520,1641600000,1641680000,8192,2568
20521,1641680000,1641760000,6360,2276
20522,1641760000,1641840000,10947,3488
20523,1641840000,1641920000,5540,1827
20524,1641920000,1642000000,5535,2118
20525,1642000000,1642080000,6111,1754
20526,1642080000,1642160000,10680,3109
20527,1642160000,1642240000,4975,1830
20528,1642240000,1642320000,5868,2014
20529,1642320000,1642400000,9598,2827
20530,1642400000,1642480000,6995,1916
20531,1642480000,1642560000,5553,2160
20532,1642560000,1642640000,6520,1935
20533,1642640000,1642720000,9864,2862
20534,1642720000,1642800000,5379,1743
20535,1642800000,1642880000,5895,2130
20536,1642880000,1642960000,7053,2159
20537,1642960000,1643040000,9529,2771
20538,1643040000,1643120000,4768,1784
20539,1643120000,1643200000,5759,1981
20540,1643200000,1643280000,10405,3047
20541,1643280000,1643360000,6063,1858
20542,1643360000,1643440000,5547,2112
20543,1643440000,1643520000,6001,1817
20544,1643520000,1643600000,10274,2972
20545,1643600000,1643680000,4925,1733
20546,1643680000,1643760000,6030,2110
20547,1643760000,1643840000,8069,2468
20548,1643840000,1643920000,8069,2335
20549,1643920000,1644000000,4950,1882
20550,1644000000,1644080000,6359,2073
20551,1644080000,1644160000,10424,3009
20552,1644160000,1644240000,5744,1822
20553,1644240000,1644320000,5754,2119
20554,1644320000,1644400000,6135,1747
20555,1644400000,1644480000,10672,3099
20556,1644480000,1644560000,5101,1833
20557,1644560000,1644640000,5725,2014
20558,1644640000,1644720000,9416,2794
20559,1644720000,1644800000,6965,1856
20560,1644800000,1644880000,5515,2135
20561,1644880000,1644960000,6389,1906
20562,1644960000,1645040000,9922,2838
20563,1645040000,1645120000,5239,1747
20564,1645120000,1645200000,5336,1954
20565,1645200000,1645280000,7051,2140
20566,1645280000,1645360000,9572,2737
20567,1645360000,1645440000,4687,1731
20568,1645440000,1645520000,5947,1957
20569,1645520000,1645600000,10622,3034
20570,1645600000,1645680000,5936,1788
20571,1645680000,1645760000,5698,2027
20572,1645760000,1645840000,6160,1817
20573,1645840000,1645920000,10228,2964
20574,1645920000,1646000000,5145,1707
20575,1646000000,1646080000,5574,2114
20576,1646080000,1646160000,8153,2461
20577,1646160000,1646240000,8220,2329
20578,1646240000,1646320000,5092,1882
20579,1646320000,1646400000,6307,2067
20580,1646400000,1646480000,6506,2358
20581,1646480000,1646560000,8394,2672
20582,1646560000,1646640000,6795,2351
20583,1646640000,1646720000,10723,3317
20584,1646720000,1646800000,5097,1621
20585,1646800000,1646880000,5975,2115
20586,1646880000,1646960000,7298,2160
20587,1646960000,1647040000,9907,2758
20588,1647040000,1647120000,4845,1752
20589,1647120000,1647200000,5756,1978
20590,1647200000,1647280000,10832,3051
20591,1647280000,1647360000,6129,1859
20592,1647360000,1647440000,5671,2106
20593,1647440000,1647520000,6058,1811
20594,1647520000,1647600000,10211,2976
20595,1647600000,1647680000,4975,1737
20596,1647680000,1647760000,5635,2118
20597,1647760000,1647840000,7953,2478
20598,1647840000,1647920000,8336,2349
20599,1647920000,1648000000,4857,1886
20600,1648000000,1648080000,6253,2069
20601,1648080000,1648160000,10509,3022
20602,1648160000,1648240000,5494,1821
20603,1648240000,1648320000,5806,2115
20604,1648320000,1648400000,6095,1753
20605,1648400000,1648480000,10521,3108
20606,1648480000,1648560000,4923,1831
20607,1648560000,1648640000,5793,2021
20608,1648640000,1648720000,9300,2821
20609,1648720000,1648800000,6871,1906
20610,1648800000,1648880000,5719,2155
20611,1648880000,1648960000,6457,1933
20612,1648960000,1649040000,9819,2850
20613,1649040000,1649120000,5299,1749
20614,1649120000,1649200000,5599,2132
20615,1649200000,1649280000,7210,2149
20616,1649280000,1649360000,9645,2751
20617,1649360000,1649440000,4825,1787
20618,1649440000,1649520000,5729,1982
20619,1649520000,1649600000,10753,3009
20620,1649600000,1649680000,5824,1800
20621,1649680000,1649760000,5696,2084
20622,1649760000,1649840000,6102,1793
20623,1649840000,1649920000,10167,2968
20624,1649920000,1650000000,4865,1741
20625,1650000000,1650080000,5857,2114
20626,1650080000,1650160000,8022,2466
20627,1650160000,1650240000,8476,2337
20628,1650240000,1650320000,5225,1886
20629,1650320000,1650400000,6354,2073
20630,1650400000,1650480000,10754,3013
20631,1650480000,1650560000,5643,1823
20632,1650560000,1650640000,5740,2114
20633,1650640000,1650720000,6121,1752
20634,1650720000,1650800000,10583,3089
20635,1650800000,1650880000,4971,1830
20636,1650880000,1650960000,5682,2018
20637,1650960000,1651040000,9408,2810
20638,1651040000,1651120000,6968,1900
20639,1651120000,1651200000,5265,2018
20640,1651200000,1651280000,6467,1942
20641,1651280000,1651360000,6063,2201
20642,1651360000,1651440000,7860,2558
20643,1651440000,1651520000,6957,2561
20644,1651520000,1651600000,10650,3192
20645,1651600000,1651680000,5225,1739
20646,1651680000,1651760000,5788,2110
20647,1651760000,1651840000,8278,2476
20648,1651840000,1651920000,8614,2337
20649,1651920000,1652000000,5020,1882
20650,1652000000,1652080000,6391,2073
20651,1652080000,1652160000,11058,3028
20652,1652160000,1652240000,5610,1823
20653,1652240000,1652320000,5391,1951
20654,1652320000,1652400000,6063,1727
20655,1652400000,1652480000,10663,3090
20656,1652480000,1652560000,4931,1763
20657,1652560000,1652640000,5846,1986
20658,1652640000,1652720000,9141,2834
20659,1652720000,1652800000,6946,1876
20660,1652800000,1652880000,5526,2050
20661,1652880000,1652960000,6481,1935
20662,1652960000,1653040000,9912,2863
20663,1653040000,1653120000,5451,1719
20664,1653120000,1653200000,5650,2128
20665,1653200000,1653280000,7103,2159
20666,1653280000,1653360000,9636,2758
20667,1653360000,1653440000,4891,1779
20668,1653440000,1653520000,5812,1977
20669,1653520000,1653600000,10456,3045
20670,1653600000,1653680000,5817,1852
20671,1653680000,1653760000,5406,2112
20672,1653760000,1653840000,5960,1817
20673,1653840000,1653920000,10326,2973
20674,1653920000,1654000000,4962,1737
20675,1654000000,1654080000,5533,2114
20676,1654080000,1654160000,8185,2461
20677,1654160000,1654240000,8397,2335
20678,1654240000,1654320000,4970,1882
20679,1654320000,1654400000,6455,2069
20680,1654400000,1654480000,10720,2988
20681,1654480000,1654560000,5297,1768
20682,1654560000,1654640000,5652,2091
20683,1654640000,1654720000,6061,1739
20684,1654720000,1654800000,10515,3091
20685,1654800000,1654880000,5133,1830
20686,1654880000,1654960000,5835,2017
20687,1654960000,1655040000,9241,2818
20688,1655040000,1655120000,6987,1909
20689,1655120000,1655200000,5474,2133
20690,1655200000,1655280000,6367,1935
20691,1655280000,1655360000,9915,2842
20692,1655360000,1655440000,5433,1750
20693,1655440000,1655520000,5534,2136
20694,1655520000,1655600000,7183,2156
20695,1655600000,1655680000,9627,2746
20696,1655680000,1655760000,4723,1783
20697,1655760000,1655840000,6052,1977
20698,1655840000,1655920000,10652,3038
20699,1655920000,1656000000,5774,1857
20700,1656000000,1656080000,5673,2107
20701,1656080000,1656160000,6924,2261
20702,1656160000,1656240000,6128,2189
20703,1656240000,1656320000,7034,2325
20704,1656320000,1656400000,7333,2690
20705,1656400000,1656480000,10520,3120
20706,1656480000,1656560000,5076,1811
20707,1656560000,1656640000,5623,2025
20708,1656640000,1656720000,9516,2829
20709,1656720000,1656800000,7062,1916
20710,1656800000,1656880000,5634,2151
20711,1656880000,1656960000,6637,1933
20712,1656960000,1657040000,10190,2869
20713,1657040000,1657120000,5066,1749
20714,1657120000,1657200000,5876,2132
20715,1657200000,1657280000,7261,2155
20716,1657280000,1657360000,9488,2764
20717,1657360000,1657440000,5019,1786
20718,1657440000,1657520000,5902,1982
20719,1657520000,1657600000,10240,3053
20720,1657600000,1657680000,6102,1863
20721,1657680000,1657760000,5640,2106
20722,1657760000,1657840000,5988,1811
20723,1657840000,1657920000,10447,2985
20724,1657920000,1658000000,5099,1741
20725,1658000000,1658080000,5787,2114
20726,1658080000,1658160000,8114,2474
20727,1658160000,1658240000,8602,2335
20728,1658240000,1658320000,4856,1792
20729,1658320000,1658400000,6141,1970
20730,1658400000,1658480000,10663,3017
20731,1658480000,1658560000,5386,1816
20732,1658560000,1658640000,5674,2045
20733,1658640000,1658720000,6032,1750
20734,1658720000,1658800000,10584,3074
20735,1658800000,1658880000,4847,1703
20736,1658880000,1658960000,5922,2018
20737,1658960000,1659040000,9465,2814
20738,1659040000,1659120000,7132,1903
20739,1659120000,1659200000,5533,2111
20740,1659200000,1659280000,6396,1933
20741,1659280000,1659360000,9977,2816
20742,1659360000,1659440000,5355,1697
20743,1659440000,1659520000,5540,2096
20744,1659520000,1659600000,7190,2145
20745,1659600000,1659680000,9531,2753
20746,1659680000,1659760000,4637,1787
20747,1659760000,1659840000,5737,1982
20748,1659840000,1659920000,10545,3039
20749,1659920000,1660000000,6016,1862
20750,1660000000,1660080000,5423,2107
20751,1660080000,1660160000,5978,1809
20752,1660160000,1660240000,10462,2966
20753,1660240000,1660320000,5017,1741
20754,1660320000,1660400000,5912,2110
20755,1660400000,1660480000,8224,2468
20756,1660480000,1660560000,8393,2333
20757,1660560000,1660640000,4928,1886
20758,1660640000,1660720000,6354,2073
20759,1660720000,1660800000,10669,3014
20760,1660800000,1660880000,5586,1822
20761,1660880000,1660960000,5865,2118
20762,1660960000,1661040000,7106,2310
20763,1661040000,1661120000,7059,2440
20764,1661120000,1661200000,6526,2127
20765,1661200000,1661280000,7747,2890
20766,1661280000,1661360000,9734,2780
20767,1661360000,1661440000,4730,1784
20768,1661440000,1661520000,6056,1981
20769,1661520000,1661600000,10825,3055
20770,1661600000,1661680000,6038,1854
20771,1661680000,1661760000,5658,2112
20772,1661760000,1661840000,6120,1817
20773,1661840000,1661920000,10624,2988
20774,1661920000,1662000000,5198,1737
20775,1662000000,1662080000,5924,2114
20776,1662080000,1662160000,8243,2471
20777,1662160000,1662240000,8318,2343
20778,1662240000,1662320000,5018,1882
20779,1662320000,1662400000,6296,2073
20780,1662400000,1662480000,10266,3036
20781,1662480000,1662560000,5572,1826
20782,1662560000,1662640000,5501,2120
20783,1662640000,1662720000,6019,1752
20784,1662720000,1662800000,10474,3103
20785,1662800000,1662880000,5020,1829
20786,1662880000,1662960000,6035,2014
20787,1662960000,1663040000,9260,2823
20788,1663040000,1663120000,6849,1908
20789,1663120000,1663200000,5604,2156
20790,1663200000,1663280000,6472,1935
20791,1663280000,1663360000,9574,2849
20792,1663360000,1663440000,5419,1746
20793,1663440000,1663520000,5714,2136
20794,1663520000,1663600000,7072,2154
20795,1663600000,1663680000,9679,2749
20796,1663680000,1663760000,4822,1783
20797,1663760000,1663840000,5830,1977
20798,1663840000,1663920000,10790,3038
20799,1663920000,1664000000,6188,1863
20800,1664000000,1664080000,5639,2107
20801,1664080000,1664160000,6095,1817
20802,1664160000,1664240000,10567,2909
20803,1664240000,1664320000,4988,1681
20804,1664320000,1664400000,5311,1908
20805,1664400000,1664480000,8154,2453
20806,1664480000,1664560000,8433,2320
20807,1664560000,1664640000,4920,1816
20808,1664640000,1664720000,6436,2063
20809,1664720000,1664800000,10627,3019
20810,1664800000,1664880000,5317,1717
20811,1664880000,1664960000,5802,2071
20812,1664960000,1665040000,6113,1747
20813,1665040000,1665120000,10788,3089
20814,1665120000,1665200000,5145,1804
20815,1665200000,1665280000,5653,2017
20816,1665280000,1665360000,9421,2818
20817,1665360000,1665440000,6943,1905
20818,1665440000,1665520000,5581,2155
20819,1665520000,1665600000,6394,1932
20820,1665600000,1665680000,9869,2842
20821,1665680000,1665760000,5152,1750
20822,1665760000,1665840000,5539,2136
20823,1665840000,1665920000,7255,2385
20824,1665920000,1666000000,7855,2656
20825,1666000000,1666080000,5701,1860
20826,1666080000,1666160000,8904,3241
20827,1666160000,1666240000,8705,2336
20828,1666240000,1666320000,5107,1856
20829,1666320000,1666400000,6332,2073
20830,1666400000,1666480000,10871,3040
20831,1666480000,1666560000,5636,1816
20832,1666560000,1666640000,5684,2113
20833,1666640000,1666720000,6133,1753
20834,1666720000,1666800000,10825,3114
20835,1666800000,1666880000,4946,1831
20836,1666880000,1666960000,5635,2021
20837,1666960000,1667040000,9450,2827
20838,1667040000,1667120000,6995,1911
20839,1667120000,1667200000,5379,2155
20840,1667200000,1667280000,6380,1933
20841,1667280000,1667360000,9642,2867
20842,1667360000,1667440000,5103,1753
20843,1667440000,1667520000,5791,2127
20844,1667520000,1667600000,7136,2156
20845,1667600000,1667680000,9668,2758
20846,1667680000,1667760000,4782,1787
20847,1667760000,1667840000,5966,1982
20848,1667840000,1667920000,10542,3046
20849,1667920000,1668000000,6083,1863
20850,1668000000,1668080000,5851,2107
20851,1668080000,1668160000,6067,1811
20852,1668160000,1668240000,10071,2959
20853,1668240000,1668320000,5050,1737
20854,1668320000,1668400000,5600,2113
20855,1668400000,1668480000,8019,2467
20856,1668480000,1668560000,8263,2327
20857,1668560000,1668640000,4998,1886
20858,1668640000,1668720000,6236,2073
20859,1668720000,1668800000,10766,3017
20860,1668800000,1668880000,5432,1821
20861,1668880000,1668960000,5923,2114
20862,1668960000,1669040000,6198,1752
20863,1669040000,1669120000,10433,3025
20864,1669120000,1669200000,4903,1802
20865,1669200000,1669280000,5731,1983
20866,1669280000,1669360000,9321,2809
20867,1669360000,1669440000,6851,1909
20868,1669440000,1669520000,5749,2160
20869,1669520000,1669600000,6440,1936
20870,1669600000,1669680000,9827,2847
20871,1669680000,1669760000,5335,1746
20872,1669760000,1669840000,5682,2126
20873,1669840000,1669920000,7195,2150
20874,1669920000,1670000000,9922,2751
20875,1670000000,1670080000,4810,1784
20876,1670080000,1670160000,5931,1981
20877,1670160000,1670240000,10849,3039
20878,1670240000,1670320000,6079,1855
20879,1670320000,1670400000,5322,1970
20880,1670400000,1670480000,5925,1760
20881,1670480000,1670560000,10503,2949
20882,1670560000,1670640000,4970,1724
20883,1670640000,1670720000,5785,2059
20884,1670720000,1670800000,6982,2315
20885,1670800000,1670880000,8051,2654
20886,1670880000,1670960000,6072,2009
20887,1670960000,1671040000,10039,3633
20888,1671040000,1671120000,7280,1918
20889,1671120000,1671200000,5602,2156
20890,1671200000,1671280000,6532,1939
20891,1671280000,1671360000,10363,2859
20892,1671360000,1671440000,5274,1743
20893,1671440000,1671520000,5367,1954
20894,1671520000,1671600000,7250,2146
20895,1671600000,1671680000,10045,2747
20896,1671680000,1671760000,4767,1735
20897,1671760000,1671840000,5984,1957
20898,1671840000,1671920000,10723,3053
20899,1671920000,1672000000,5861,1790
20900,1672000000,1672080000,5701,2028
20901,1672080000,1672160000,6067,1817
20902,1672160000,1672240000,10211,2976
20903,1672240000,1672320000,5164,1711
20904,1672320000,1672400000,5619,2113
20905,1672400000,1672480000,8038,2471
20906,1672480000,1672560000,8412,2340
20907,1672560000,1672640000,5131,1878
20908,1672640000,1672720000,6352,2069
20909,1672720000,1672800000,10572,3030
20910,1672800000,1672880000,5410,1821
20911,1672880000,1672960000,5504,2121
20912,1672960000,1673040000,6063,1752
20913,1673040000,1673120000,10425,3092
20914,1673120000,1673200000,4847,1827
20915,1673200000,1673280000,5529,2017
20916,1673280000,1673360000,9208,2817
20917,1673360000,1673440000,6932,1909
20918,1673440000,1673520000,5539,2155
20919,1673520000,1673600000,6495,1932
20920,1673600000,1673680000,10025,2842
20921,1673680000,1673760000,5235,1750
20922,1673760000,1673840000,5814,2136
20923,1673840000,1673920000,7244,2156
20924,1673920000,1674000000,9650,2687
20925,1674000000,1674080000,4891,1759
20926,1674080000,1674160000,5885,1943
20927,1674160000,1674240000,10540,3028
20928,1674240000,1674320000,6009,1862
20929,1674320000,1674400000,5559,2108
20930,1674400000,1674480000,5965,1815
20931,1674480000,1674560000,10204,2970
20932,1674560000,1674640000,5139,1737
20933,1674640000,1674720000,5522,2118
20934,1674720000,1674800000,8133,2461
20935,1674800000,1674880000,8451,2313
20936,1674880000,1674960000,5096,1882
20937,1674960000,1675040000,6601,2068
20938,1675040000,1675120000,10654,3013
20939,1675120000,1675200000,5212,1799
20940,1675200000,1675280000,5736,2113
20941,1675280000,1675360000,6078,1747
20942,1675360000,1675440000,10488,3087
20943,1675440000,1675520000,5246,1834
20944,1675520000,1675600000,5740,2021
20945,1675600000,1675680000,6664,2255
20946,1675680000,1675760000,8177,2652
20947,1675760000,1675840000,6407,2167
20948,1675840000,1675920000,10843,3576
20949,1675920000,1676000000,6107,1861
20950,1676000000,1676080000,5803,2106
20951,1676080000,1676160000,6209,1816
20952,1676160000,1676240000,10581,2972
20953,1676240000,1676320000,4952,1737
20954,1676320000,1676400000,5894,2113
20955,1676400000,1676480000,8340,2474
20956,1676480000,1676560000,8559,2345
20957,1676560000,1676640000,5310,1886
20958,1676640000,1676720000,6406,2073
20959,1676720000,1676800000,10670,3039
20960,1676800000,1676880000,5589,1816
20961,1676880000,1676960000,5721,2113
20962,1676960000,1677040000,6017,1753
20963,1677040000,1677120000,10457,3109
20964,1677120000,1677200000,4997,1833
20965,1677200000,1677280000,5715,2018
20966,1677280000,1677360000,9295,2824
20967,1677360000,1677440000,7262,1907
20968,1677440000,1677520000,5396,2037
20969,1677520000,1677600000,6335,1862
20970,1677600000,1677680000,10036,2844
20971,1677680000,1677760000,5221,1746
20972,1677760000,1677840000,5739,2058
20973,1677840000,1677920000,7188,2156
20974,1677920000,1678000000,9509,2732
20975,1678000000,1678080000,4568,1659
20976,1678080000,1678160000,6005,1981
20977,1678160000,1678240000,10532,3038
20978,1678240000,1678320000,6159,1839
20979,1678320000,1678400000,5619,2102
20980,1678400000,1678480000,6006,1809
20981,1678480000,1678560000,10451,2968
20982,1678560000,1678640000,5223,1741
20983,1678640000,1678720000,5674,2110
20984,1678720000,1678800000,8268,2466
20985,1678800000,1678880000,8290,2270
20986,1678880000,1678960000,4790,1861
20987,1678960000,1679040000,6196,2038
20988,1679040000,1679120000,10646,3012
20989,1679120000,1679200000,5335,1797
20990,1679200000,1679280000,5458,2114
20991,1679280000,1679360000,6002,1748
20992,1679360000,1679440000,10467,3091
20993,1679440000,1679520000,4904,1830
20994,1679520000,1679600000,5823,2014
20995,1679600000,1679680000,9442,2812
20996,1679680000,1679760000,7105,1906
20997,1679760000,1679840000,5611,2160
20998,1679840000,1679920000,6546,1936
20999,1679920000,1680000000,9977,2851
21000,1680000000,1680080000,5330,1750
21001,1680080000,1680160000,5820,2130
21002,1680160000,1680240000,7218,2150
21003,1680240000,1680320000,9606,2751
21004,1680320000,1680400000,4771,1784
21005,1680400000,1680480000,5763,1981
21006,1680480000,1680560000,7172,2472
21007,1680560000,1680640000,8331,2566
21008,1680640000,1680720000,6570,2276
21009,1680720000,1680800000,11099,3491
21010,1680800000,1680880000,5623,1826
21011,1680880000,1680960000,5784,2120
21012,1680960000,1681040000,6185,1757
21013,1681040000,1681120000,11009,3105
21014,1681120000,1681200000,5171,1827
21015,1681200000,1681280000,5867,2017
21016,1681280000,1681360000,9644,2828
21017,1681360000,1681440000,7200,1913
21018,1681440000,1681520000,5612,2156
21019,1681520000,1681600000,6446,1935
21020,1681600000,1681680000,9933,2862
21021,1681680000,1681760000,5376,1746
21022,1681760000,1681840000,5519,2136
21023,1681840000,1681920000,7039,2158
21024,1681920000,1682000000,9636,2767
21025,1682000000,1682080000,4732,1784
21026,1682080000,1682160000,6092,1977
21027,1682160000,1682240000,10521,3046
21028,1682240000,1682320000,6025,1863
21029,1682320000,1682400000,5716,2108
21030,1682400000,1682480000,6090,1817
21031,1682480000,1682560000,10307,2978
21032,1682560000,1682640000,5317,1737
21033,1682640000,1682720000,5774,2118
21034,1682720000,1682800000,8091,2468
21035,1682800000,1682880000,8234,2333
21036,1682880000,1682960000,5006,1878
21037,1682960000,1683040000,6291,2069
21038,1683040000,1683120000,10555,3018
21039,1683120000,1683200000,5487,1799
21040,1683200000,1683280000,5653,2113
21041,1683280000,1683360000,6144,1747
21042,1683360000,1683440000,10891,3085
21043,1683440000,1683520000,4971,1792
21044,1683520000,1683600000,5444,1870
21045,1683600000,1683680000,9428,2783
21046,1683680000,1683760000,7119,1850
21047,1683760000,1683840000,5471,2066
21048,1683840000,1683920000,6482,1903
21049,1683920000,1684000000,9980,2848
21050,1684000000,1684080000,4944,1618
21051,1684080000,1684160000,5902,2115
21052,1684160000,1684240000,7117,2152
21053,1684240000,1684320000,9797,2756
21054,1684320000,1684400000,4803,1752
21055,1684400000,1684480000,5717,1978
21056,1684480000,1684560000,10681,3032
21057,1684560000,1684640000,6195,1857
21058,1684640000,1684720000,5651,2106
21059,1684720000,1684800000,6073,1814
21060,1684800000,1684880000,10342,2962
21061,1684880000,1684960000,4903,1737
21062,1684960000,1685040000,5556,2118
21063,1685040000,1685120000,8169,2461
21064,1685120000,1685200000,8342,2323
21065,1685200000,1685280000,4822,1886
21066,1685280000,1685360000,6274,2067
21067,1685360000,1685440000,6616,2357
21068,1685440000,1685520000,8749,2672
21069,1685520000,1685600000,6922,2361
21070,1685600000,1685680000,10802,3320
21071,1685680000,1685760000,5540,1754
21072,1685760000,1685840000,5680,2126
21073,1685840000,1685920000,7305,2161
21074,1685920000,1686000000,9934,2760
21075,1686000000,1686080000,4649,1786
21076,1686080000,1686160000,5779,1982
21077,1686160000,1686240000,11016,3054
21078,1686240000,1686320000,6108,1864
21079,1686320000,1686400000,5464,2110
21080,1686400000,1686480000,6053,1811
21081,1686480000,1686560000,10438,2984
21082,1686560000,1686640000,4891,1737
21083,1686640000,1686720000,5888,2110
21084,1686720000,1686800000,8005,2478
21085,1686800000,1686880000,8458,2347
21086,1686880000,1686960000,4955,1886
21087,1686960000,1687040000,6377,2073
21088,1687040000,1687120000,10676,3029
21089,1687120000,1687200000,5634,1797
21090,1687200000,1687280000,5919,2114
21091,1687280000,1687360000,6098,1753
21092,1687360000,1687440000,10695,3100
21093,1687440000,1687520000,5051,1830
21094,1687520000,1687600000,5635,2018
21095,1687600000,1687680000,9298,2820
21096,1687680000,1687760000,6935,1903
21097,1687760000,1687840000,5447,2160
21098,1687840000,1687920000,6352,1936
21099,1687920000,1688000000,9970,2846
21100,1688000000,1688080000,5125,1750
21101,1688080000,1688160000,5953,2126
21102,1688160000,1688240000,7275,2150
21103,1688240000,1688320000,9776,2757
21104,1688320000,1688400000,4787,1784
21105,1688400000,1688480000,5959,1981
21106,1688480000,1688560000,10686,3008
21107,1688560000,1688640000,6142,1807
21108,1688640000,1688720000,5727,2089
21109,1688720000,1688800000,6035,1796
21110,1688800000,1688880000,10281,2966
21111,1688880000,1688960000,5097,1737
21112,1688960000,1689040000,5719,2110
21113,1689040000,1689120000,8052,2466
21114,1689120000,1689200000,8457,2327
21115,1689200000,1689280000,4982,1882
21116,1689280000,1689360000,6370,2073
21117,1689360000,1689440000,10934,3002
21118,1689440000,1689520000,5655,1822
21119,1689520000,1689600000,5402,1951
21120,1689600000,1689680000,6110,1730
21121,1689680000,1689760000,10736,3070
21122,1689760000,1689840000,4926,1790
21123,1689840000,1689920000,5765,1986
21124,1689920000,1690000000,9460,2811
21125,1690000000,1690080000,6914,1866
21126,1690080000,1690160000,5512,2050
21127,1690160000,1690240000,6721,2016
21128,1690240000,1690320000,6192,2200
21129,1690320000,1690400000,8010,2559
21130,1690400000,1690480000,6950,2561
21131,1690480000,1690560000,10767,3184
21132,1690560000,1690640000,5065,1726
21133,1690640000,1690720000,5461,1944
21134,1690720000,1690800000,8296,2470
21135,1690800000,1690880000,8785,2324
21136,1690880000,1690960000,5014,1816
21137,1690960000,1691040000,6465,2063
21138,1691040000,1691120000,11129,3031
21139,1691120000,1691200000,5403,1718
21140,1691200000,1691280000,5850,2070
21141,1691280000,1691360000,6166,1752
21142,1691360000,1691440000,10880,3103
21143,1691440000,1691520000,5120,1797
21144,1691520000,1691600000,5639,2017
21145,1691600000,1691680000,9143,2833
21146,1691680000,1691760000,7207,1918
21147,1691760000,1691840000,5606,2155
21148,1691840000,1691920000,6374,1932
21149,1691920000,1692000000,9998,2861
21150,1692000000,1692080000,5232,1750
21151,1692080000,1692160000,5596,2136
21152,1692160000,1692240000,7127,2158
21153,1692240000,1692320000,9824,2762
21154,1692320000,1692400000,4691,1782
21155,1692400000,1692480000,5730,1978
21156,1692480000,1692560000,10534,3044
21157,1692560000,1692640000,5857,1859
21158,1692640000,1692720000,5620,2107
21159,1692720000,1692800000,6019,1814
21160,1692800000,1692880000,10457,2971
21161,1692880000,1692960000,4965,1737
21162,1692960000,1693040000,5822,2118
21163,1693040000,1693120000,8202,2461
21164,1693120000,1693200000,8632,2329
21165,1693200000,1693280000,5213,1886
21166,1693280000,1693360000,6450,2069
21167,1693360000,1693440000,10788,2981
21168,1693440000,1693520000,5527,1767
21169,1693520000,1693600000,5515,2087
21170,1693600000,1693680000,6041,1739
21171,1693680000,1693760000,10559,3087
21172,1693760000,1693840000,5051,1834
21173,1693840000,1693920000,5536,2021
21174,1693920000,1694000000,9252,2817
21175,1694000000,1694080000,7103,1908
21176,1694080000,1694160000,5635,2151
21177,1694160000,1694240000,6562,1932
21178,1694240000,1694320000,10113,2846
21179,1694320000,1694400000,5196,1750
21180,1694400000,1694480000,5898,2132
21181,1694480000,1694560000,7203,2156
21182,1694560000,1694640000,9723,2750
21183,1694640000,1694720000,4998,1786
21184,1694720000,1694800000,5836,1982
21185,1694800000,1694880000,10632,3022
21186,1694880000,1694960000,6025,1857
21187,1694960000,1695040000,5626,2106
21188,1695040000,1695120000,6877,2257
21189,1695120000,1695200000,6124,2189
21190,1695200000,1695280000,7122,2325
21191,1695280000,1695360000,7392,2690
21192,1695360000,1695440000,10557,3112
21193,1695440000,1695520000,5001,1833
21194,1695520000,1695600000,5898,2022
21195,1695600000,1695680000,9487,2827
21196,1695680000,1695760000,7069,1910
21197,1695760000,1695840000,5782,2160
21198,1695840000,1695920000,6517,1936
21199,1695920000,1696000000,10087,2865
21200,1696000000,1696080000,5322,1750
21201,1696080000,1696160000,5722,2126
21202,1696160000,1696240000,7265,2156
21203,1696240000,1696320000,9385,2752
21204,1696320000,1696400000,4774,1783
21205,1696400000,1696480000,5902,1980
21206,1696480000,1696560000,10311,3050
21207,1696560000,1696640000,6110,1866
21208,1696640000,1696720000,5368,1970
21209,1696720000,1696800000,5887,1762
21210,1696800000,1696880000,10618,2968
21211,1696880000,1696960000,5085,1720
21212,1696960000,1697040000,5858,2059
21213,1697040000,1697120000,8132,2474
21214,1697120000,1697200000,8585,2303
21215,1697200000,1697280000,4923,1761
21216,1697280000,1697360000,6498,2073
21217,1697360000,1697440000,10708,3023
21218,1697440000,1697520000,5558,1790
21219,1697520000,1697600000,5587,2112
21220,1697600000,1697680000,5991,1750
21221,1697680000,1697760000,10767,3094
21222,1697760000,1697840000,5115,1830
21223,1697840000,1697920000,5639,2014
21224,1697920000,1698000000,9485,2813
21225,1698000000,1698080000,7146,1911
21226,1698080000,1698160000,5395,2160
21227,1698160000,1698240000,6417,1936
21228,1698240000,1698320000,10195,2820
21229,1698320000,1698400000,5170,1697
21230,1698400000,1698480000,5413,2100
21231,1698480000,1698560000,7177,2145
21232,1698560000,1698640000,9643,2757
21233,1698640000,1698720000,4689,1784
21234,1698720000,1698800000,5958,1977
21235,1698800000,1698880000,10520,3023
21236,1698880000,1698960000,6114,1862
21237,1698960000,1699040000,5615,2112
21238,1699040000,1699120000,6055,1811
21239,1699120000,1699200000,10625,2960
21240,1699200000,1699280000,5242,1741
21241,1699280000,1699360000,5949,2114
21242,1699360000,1699440000,8244,2468
21243,1699440000,1699520000,8523,2327
21244,1699520000,1699600000,5009,1882
21245,1699600000,1699680000,6244,2073
21246,1699680000,1699760000,10705,3010
21247,1699760000,1699840000,5592,1821
21248,1699840000,1699920000,5500,2120
21249,1699920000,1700000000,7080,2313
21250,1700000000,1700080000,7067,2440
21251,1700080000,1700160000,6669,2127
21252,1700160000,1700240000,7782,2890
21253,1700240000,1700320000,9792,2766
21254,1700320000,1700400000,4976,1787
21255,1700400000,1700480000,6048,1981
21256,1700480000,1700560000,10804,3052
21257,1700560000,1700640000,6076,1859
21258,1700640000,1700720000,5596,2108
21259,1700720000,1700800000,6054,1817
21260,1700800000,1700880000,10545,2982
21261,1700880000,1700960000,5173,1737
21262,1700960000,1701040000,5568,2118
21263,1701040000,1701120000,8210,2471
21264,1701120000,1701200000,8414,2337
21265,1701200000,1701280000,5042,1878
21266,1701280000,1701360000,6560,2069
21267,1701360000,1701440000,10348,3035
21268,1701440000,1701520000,5357,1825
21269,1701520000,1701600000,5777,2116
21270,1701600000,1701680000,6053,1752
21271,1701680000,1701760000,10439,3099
21272,1701760000,1701840000,5312,1834
21273,1701840000,1701920000,5784,2021
21274,1701920000,1702000000,9235,2823
21275,1702000000,1702080000,6866,1908
21276,1702080000,1702160000,5642,2151
21277,1702160000,1702240000,6424,1932
21278,1702240000,1702320000,9591,2855
21279,1702320000,1702400000,5166,1746
21280,1702400000,1702480000,5676,2132
21281,1702480000,1702560000,7069,2154
21282,1702560000,1702640000,9763,2747
21283,1702640000,1702720000,4697,1731
21284,1702720000,1702800000,5571,1844
21285,1702800000,1702880000,10827,3007
21286,1702880000,1702960000,6273,1863
21287,1702960000,1703040000,5623,2038
21288,1703040000,1703120000,6137,1813
21289,1703120000,1703200000,10627,2908
21290,1703200000,1703280000,4662,1527
21291,1703280000,1703360000,5885,2075
21292,1703360000,1703440000,8193,2459
21293,1703440000,1703520000,8617,2329
21294,1703520000,1703600000,5053,1852
21295,1703600000,1703680000,6230,2069
21296,1703680000,1703760000,10694,3017
21297,1703760000,1703840000,5709,1819
21298,1703840000,1703920000,5632,2113
21299,1703920000,1704000000,6049,1744
21300,1704000000,1704080000,10833,3087
21301,1704080000,1704160000,4978,1834
21302,1704160000,1704240000,5664,2021
21303,1704240000,1704320000,9424,2817
21304,1704320000,1704400000,7135,1908
21305,1704400000,1704480000,5341,2159
21306,1704480000,1704560000,6360,1932
21307,1704560000,1704640000,10066,2844
21308,1704640000,1704720000,5065,1750
21309,1704720000,1704800000,5783,2127
21310,1704800000,1704880000,7278,2386
21311,1704880000,1704960000,7900,2656
21312,1704960000,1705040000,5884,1882
21313,1705040000,1705120000,8889,3243
21314,1705120000,1705200000,8574,2332
21315,1705200000,1705280000,4922,1886
21316,1705280000,1705360000,6359,2077
21317,1705360000,1705440000,10916,3031
21318,1705440000,1705520000,5486,1815
21319,1705520000,1705600000,5505,2117
21320,1705600000,1705680000,6127,1753
21321,1705680000,1705760000,10784,3104
21322,1705760000,1705840000,4982,1830
21323,1705840000,1705920000,5862,2014
21324,1705920000,1706000000,9451,2825
21325,1706000000,1706080000,6873,1909
21326,1706080000,1706160000,5571,2160
21327,1706160000,1706240000,6459,1936
21328,1706240000,1706320000,9703,2873
21329,1706320000,1706400000,5389,1754
21330,1706400000,1706480000,5865,2130
21331,1706480000,1706560000,7130,2156
21332,1706560000,1706640000,9656,2764
21333,1706640000,1706720000,4860,1784
21334,1706720000,1706800000,5826,1981
21335,1706800000,1706880000,10497,3044
21336,1706880000,1706960000,6078,1863
21337,1706960000,1707040000,5512,2112
21338,1707040000,1707120000,5995,1814
21339,1707120000,1707200000,10221,2971
21340,1707200000,1707280000,4781,1708
21341,1707280000,1707360000,5986,2110
21342,1707360000,1707440000,8040,2467
21343,1707440000,1707520000,8325,2325
21344,1707520000,1707600000,4982,1882
21345,1707600000,1707680000,6394,2073
21346,1707680000,1707760000,10635,3012
21347,1707760000,1707840000,5738,1821
21348,1707840000,1707920000,5791,2120
21349,1707920000,1708000000,6178,1755
21350,1708000000,1708080000,10400,3027
21351,1708080000,1708160000,5026,1802
21352,1708160000,1708240000,5628,1979
21353,1708240000,1708320000,9313,2809
21354,1708320000,1708400000,6795,1915
21355,1708400000,1708480000,5529,2156
21356,1708480000,1708560000,6438,1936
21357,1708560000,1708640000,9947,2847
21358,1708640000,1708720000,5254,1746
21359,1708720000,1708800000,5332,1954
21360,1708800000,1708880000,7190,2137
21361,1708880000,1708960000,10096,2736
21362,1708960000,1709040000,4764,1736
21363,1709040000,1709120000,6010,1957
21364,1709120000,1709200000,10843,3040
21365,1709200000,1709280000,5941,1785
21366,1709280000,1709360000,5620,2027
21367,1709360000,1709440000,6097,1812
21368,1709440000,1709520000,10644,2958
21369,1709520000,1709600000,5138,1711
21370,1709600000,1709680000,5618,2114
21371,1709680000,1709760000,6953,2315
21372,1709760000,1709840000,8164,2654
21373,1709840000,1709920000,6082,1991
21374,1709920000,1710000000,9988,3615
21375,1710000000,1710080000,7226,1911
21376,1710080000,1710160000,5557,2087
21377,1710160000,1710240000,6599,1936
21378,1710240000,1710320000,10260,2865
21379,1710320000,1710400000,5005,1614
21380,1710400000,1710480000,5946,2115
21381,1710480000,1710560000,7284,2158
21382,1710560000,1710640000,10005,2764
21383,1710640000,1710720000,4933,1756
21384,1710720000,1710800000,5770,1978
21385,1710800000,1710880000,10654,3049
21386,1710880000,1710960000,6118,1859
21387,1710960000,1711040000,5646,2103
21388,1711040000,1711120000,5979,1814
21389,1711120000,1711200000,10171,2990
21390,1711200000,1711280000,4845,1716
21391,1711280000,1711360000,5591,2118
21392,1711360000,1711440000,8048,2471
21393,1711440000,1711520000,8485,2334
21394,1711520000,1711600000,4876,1882
21395,1711600000,1711680000,6304,2069
21396,1711680000,1711760000,10595,3025
21397,1711760000,1711840000,5371,1820
21398,1711840000,1711920000,5770,2116
21399,1711920000,1712000000,6069,1749
21400,1712000000,1712080000,10380,3092
21401,1712080000,1712160000,4883,1831
21402,1712160000,1712240000,5755,2021
21403,1712240000,1712320000,9213,2817
21404,1712320000,1712400000,7111,1913
21405,1712400000,1712480000,5739,2159
21406,1712480000,1712560000,6485,1932
21407,1712560000,1712640000,10058,2848
21408,1712640000,1712720000,5313,1750
21409,1712720000,1712800000,5625,2132
21410,1712800000,1712880000,7233,2156
21411,1712880000,1712960000,9598,2685
21412,1712960000,1713040000,4778,1759
21413,1713040000,1713120000,5615,1947
21414,1713120000,1713200000,10652,3030
21415,1713200000,1713280000,5848,1860
21416,1713280000,1713360000,5743,2103
21417,1713360000,1713440000,6088,1812
21418,1713440000,1713520000,10296,2966
21419,1713520000,1713600000,4911,1737
21420,1713600000,1713680000,5863,2114
21421,1713680000,1713760000,8134,2461
21422,1713760000,1713840000,8424,2323
21423,1713840000,1713920000,5227,1863
21424,1713920000,1714000000,6432,2073
21425,1714000000,1714080000,10597,3013
21426,1714080000,1714160000,5481,1822
21427,1714160000,1714240000,5655,2114
21428,1714240000,1714320000,6050,1744
21429,1714320000,1714400000,10425,3089
21430,1714400000,1714480000,5035,1833
21431,1714480000,1714560000,5721,2018
21432,1714560000,1714640000,6673,2255
21433,1714640000,1714720000,8245,2650
21434,1714720000,1714800000,6431,2167
21435,1714800000,1714880000,10717,3571
21436,1714880000,1714960000,6364,1868
21437,1714960000,1715040000,5815,2111
21438,1715040000,1715120000,6138,1819
21439,1715120000,1715200000,10587,2982
21440,1715200000,1715280000,5066,1708
21441,1715280000,1715360000,5746,2110
21442,1715360000,1715440000,8328,2474
21443,1715440000,1715520000,8513,2335
21444,1715520000,1715600000,5044,1882
21445,1715600000,1715680000,6406,2073
21446,1715680000,1715760000,10711,3024
21447,1715760000,1715840000,5498,1815
21448,1715840000,1715920000,5393,1950
21449,1715920000,1716000000,5966,1731
21450,1716000000,1716080000,10398,3094
21451,1716080000,1716160000,4978,1793
21452,1716160000,1716240000,5805,1986
21453,1716240000,1716320000,9296,2826
21454,1716320000,1716400000,7062,1874
21455,1716400000,1716480000,5593,2050
21456,1716480000,1716560000,6585,1936
21457,1716560000,1716640000,10027,2865
21458,1716640000,1716720000,5328,1718
21459,1716720000,1716800000,5602,2128
21460,1716800000,1716880000,7167,2156
21461,1716880000,1716960000,9575,2757
21462,1716960000,1717040000,4853,1779
21463,1717040000,1717120000,5761,1977
21464,1717120000,1717200000,10522,3036
21465,1717200000,1717280000,5983,1861
21466,1717280000,1717360000,5415,2111
21467,1717360000,1717440000,6028,1812
21468,1717440000,1717520000,10538,2962
21469,1717520000,1717600000,5049,1741
21470,1717600000,1717680000,5569,2114
21471,1717680000,1717760000,8250,2466
21472,1717760000,1717840000,8331,2264
21473,1717840000,1717920000,4885,1857
21474,1717920000,1718000000,6369,2034
21475,1718000000,1718080000,10599,3012
21476,1718080000,1718160000,5384,1820
21477,1718160000,1718240000,5714,2121
21478,1718240000,1718320000,6056,1751
21479,1718320000,1718400000,10574,3097
21480,1718400000,1718480000,5178,1827
21481,1718480000,1718560000,5829,2017
21482,1718560000,1718640000,9447,2812
21483,1718640000,1718720000,7111,1910
21484,1718720000,1718800000,5581,2156
21485,1718800000,1718880000,6459,1936
21486,1718880000,1718960000,9910,2835
21487,1718960000,1719040000,5337,1749
21488,1719040000,1719120000,5455,2135
21489,1719120000,1719200000,7187,2149
21490,1719200000,1719280000,9664,2749
21491,1719280000,1719360000,4699,1784
21492,1719360000,1719440000,6099,1977
21493,1719440000,1719520000,7183,2472
21494,1719520000,1719600000,8391,2566
21495,1719600000,1719680000,6613,2276
21496,1719680000,1719760000,11024,3480
21497,1719760000,1719840000,5736,1825
21498,1719840000,1719920000,5647,2116
21499,1719920000,1720000000,6149,1757
21500,1720000000,1720080000,10845,3099
21501,1720080000,1720160000,5123,1831
21502,1720160000,1720240000,5573,2021
21503,1720240000,1720320000,9613,2826
21504,1720320000,1720400000,7256,1909
21505,1720400000,1720480000,5691,2155
21506,1720480000,1720560000,6645,1932
21507,1720560000,1720640000,10051,2866
21508,1720640000,1720720000,5059,1746
21509,1720720000,1720800000,5874,2132
21510,1720800000,1720880000,7054,2158
21511,1720880000,1720960000,9692,2775
21512,1720960000,1721040000,5035,1787
21513,1721040000,1721120000,5852,1982
21514,1721120000,1721200000,10521,3048
21515,1721200000,1721280000,6145,1863
21516,1721280000,1721360000,5671,2103
21517,1721360000,1721440000,6044,1814
21518,1721440000,1721520000,10298,2972
21519,1721520000,1721600000,5066,1737
21520,1721600000,1721680000,5752,2114
21521,1721680000,1721760000,8086,2468
21522,1721760000,1721840000,8307,2319
21523,1721840000,1721920000,4772,1792
21524,1721920000,1722000000,6106,1970
21525,1722000000,1722080000,10579,3003
21526,1722080000,1722160000,5514,1822
21527,1722160000,1722240000,5692,2046
21528,1722240000,1722320000,6148,1744
21529,1722320000,1722400000,10742,3075
21530,1722400000,1722480000,4905,1706
21531,1722480000,1722560000,5935,2018
21532,1722560000,1722640000,9451,2793
21533,1722640000,1722720000,7081,1852
21534,1722720000,1722800000,5558,2117
21535,1722800000,1722880000,6312,1903
21536,1722880000,1722960000,9913,2834
21537,1722960000,1723040000,5404,1747
21538,1723040000,1723120000,5600,2125
21539,1723120000,1723200000,7098,2153
21540,1723200000,1723280000,9659,2756
21541,1723280000,1723360000,4615,1786
21542,1723360000,1723440000,5733,1982
21543,1723440000,1723520000,10796,3031
21544,1723520000,1723600000,6107,1854
21545,1723600000,1723680000,5465,2110
21546,1723680000,1723760000,6052,1814
21547,1723760000,1723840000,10328,2958
21548,1723840000,1723920000,4911,1737
21549,1723920000,1724000000,5810,2110
21550,1724000000,1724080000,8182,2461
21551,1724080000,1724160000,8327,2323
21552,1724160000,1724240000,4962,1886
21553,1724240000,1724320000,6395,2071
21554,1724320000,1724400000,6650,2357
21555,1724400000,1724480000,8606,2672
21556,1724480000,1724560000,6887,2361
21557,1724560000,1724640000,10852,3320
21558,1724640000,1724720000,5277,1754
21559,1724720000,1724800000,5541,2130
21560,1724800000,1724880000,7300,2161
21561,1724880000,1724960000,9895,2762
21562,1724960000,1725040000,4733,1783
21563,1725040000,1725120000,5987,1977
21564,1725120000,1725200000,10973,3048
21565,1725200000,1725280000,6042,1864
21566,1725280000,1725360000,5652,2111
21567,1725360000,1725440000,6122,1814
21568,1725440000,1725520000,10430,2974
21569,1725520000,1725600000,5214,1733
21570,1725600000,1725680000,5926,2114
21571,1725680000,1725760000,7994,2478
21572,1725760000,1725840000,8477,2341
21573,1725840000,1725920000,4985,1882
21574,1725920000,1726000000,6273,2073
21575,1726000000,1726080000,10594,3027
21576,1726080000,1726160000,5701,1820
21577,1726160000,1726240000,5539,2121
21578,1726240000,1726320000,6082,1756
21579,1726320000,1726400000,10750,3098
21580,1726400000,1726480000,4985,1826
21581,1726480000,1726560000,5986,2014
21582,1726560000,1726640000,9323,2820
21583,1726640000,1726720000,6874,1913
21584,1726720000,1726800000,5553,2156
21585,1726800000,1726880000,6446,1936
21586,1726880000,1726960000,9875,2838
21587,1726960000,1727040000,5530,1749
21588,1727040000,1727120000,5738,2135
21589,1727120000,1727200000,7244,2149
21590,1727200000,1727280000,9802,2757
21591,1727280000,1727360000,4826,1784
21592,1727360000,1727440000,5873,1977
21593,1727440000,1727520000,10697,3007
21594,1727520000,1727600000,6008,1802
21595,1727600000,1727680000,5545,2085
21596,1727680000,1727760000,6032,1796
21597,1727760000,1727840000,10352,2954
21598,1727840000,1727920000,5034,1724
21599,1727920000,1728000000,5382,1944
21600,1728000000,1728080000,8051,2460
21601,1728080000,1728160000,8461,2314
21602,1728160000,1728240000,4931,1816
21603,1728240000,1728320000,6441,2063
21604,1728320000,1728400000,10824,3011
21605,1728400000,1728480000,5468,1719
21606,1728480000,1728560000,5866,2070
21607,1728560000,1728640000,6187,1755
21608,1728640000,1728720000,10770,3091
21609,1728720000,1728800000,5102,1801
21610,1728800000,1728880000,5548,2017
21611,1728880000,1728960000,9430,2811
21612,1728960000,1729040000,7089,1909
21613,1729040000,1729120000,5595,2155
21614,1729120000,1729200000,6604,2013
21615,1729200000,1729280000,6236,2200
21616,1729280000,1729360000,7983,2554
21617,1729360000,1729440000,7066,2553
21618,1729440000,1729520000,10820,3182
21619,1729520000,1729600000,4886,1603
21620,1729600000,1729680000,6029,2108
21621,1729680000,1729760000,8313,2476
21622,1729760000,1729840000,8812,2329
21623,1729840000,1729920000,5056,1852
21624,1729920000,1730000000,6281,2069
21625,1730000000,1730080000,11010,3027
21626,1730080000,1730160000,5737,1822
21627,1730160000,1730240000,5672,2114
21628,1730240000,1730320000,6120,1749
21629,1730320000,1730400000,10700,3099
21630,1730400000,1730480000,4919,1831
21631,1730480000,1730560000,5634,2021
21632,1730560000,1730640000,9170,2833
21633,1730640000,1730720000,7167,1924
21634,1730720000,1730800000,5396,2159
21635,1730800000,1730880000,6339,1932
21636,1730880000,1730960000,9990,2853
21637,1730960000,1731040000,5242,1750
21638,1731040000,1731120000,5847,2126
21639,1731120000,1731200000,7150,2159
21640,1731200000,1731280000,9783,2762
21641,1731280000,1731360000,4692,1786
21642,1731360000,1731440000,5920,1982
21643,1731440000,1731520000,10545,3043
21644,1731520000,1731600000,6029,1852
21645,1731600000,1731680000,5794,2107
21646,1731680000,1731760000,6023,1814
21647,1731760000,1731840000,10437,2967
21648,1731840000,1731920000,5125,1737
21649,1731920000,1732000000,5627,2114
21650,1732000000,1732080000,8211,2461
21651,1732080000,1732160000,8567,2327
21652,1732160000,1732240000,5015,1886
21653,1732240000,1732320000,6269,2073
21654,1732320000,1732400000,10917,2981
21655,1732400000,1732480000,5374,1766
21656,1732480000,1732560000,5845,2085
21657,1732560000,1732640000,6086,1736
21658,1732640000,1732720000,10589,3095
21659,1732720000,1732800000,4925,1833
21660,1732800000,1732880000,5812,2018
21661,1732880000,1732960000,9260,2817
21662,1732960000,1733040000,7226,1916
21663,1733040000,1733120000,5743,2160
21664,1733120000,1733200000,6459,1935
21665,1733200000,1733280000,10096,2846
21666,1733280000,1733360000,5398,1751
21667,1733360000,1733440000,5732,2126
21668,1733440000,1733520000,7221,2157
21669,1733520000,1733600000,9695,2746
21670,1733600000,1733680000,4722,1783
21671,1733680000,1733760000,5818,1981
21672,1733760000,1733840000,10776,3031
21673,1733840000,1733920000,5876,1832
21674,1733920000,1734000000,5330,1965
21675,1734000000,1734080000,6827,2209
21676,1734080000,1734160000,6353,2188
21677,1734160000,1734240000,7266,2325
21678,1734240000,1734320000,7487,2690
21679,1734320000,1734400000,10717,3115
21680,1734400000,1734480000,5152,1833
21681,1734480000,1734560000,5780,2018
21682,1734560000,1734640000,9554,2828
21683,1734640000,1734720000,7100,1917
21684,1734720000,1734800000,5579,2156
21685,1734800000,1734880000,6515,1936
21686,1734880000,1734960000,10322,2867
21687,1734960000,1735040000,5301,1750
21688,1735040000,1735120000,5386,1954
21689,1735120000,1735200000,7257,2143
21690,1735200000,1735280000,9609,2751
21691,1735280000,1735360000,4665,1708
21692,1735360000,1735440000,5995,1957
21693,1735440000,1735520000,10311,3051
21694,1735520000,1735600000,5978,1794
21695,1735600000,1735680000,5661,2027
21696,1735680000,1735760000,6100,1814
21697,1735760000,1735840000,10606,2977
21698,1735840000,1735920000,5257,1707
21699,1735920000,1736000000,5671,2114
21700,1736000000,1736080000,8140,2474
21701,1736080000,1736160000,8605,2333
21702,1736160000,1736240000,5114,1878
21703,1736240000,1736320000,6317,2069
21704,1736320000,1736400000,10650,3023
21705,1736400000,1736480000,5405,1816
21706,1736480000,1736560000,5461,2121
21707,1736560000,1736640000,6026,1753
21708,1736640000,1736720000,10764,3098
21709,1736720000,1736800000,4913,1831
21710,1736800000,1736880000,5557,2017
21711,1736880000,1736960000,9483,2813
21712,1736960000,1737040000,7161,1915
21713,1737040000,1737120000,5540,2155
21714,1737120000,1737200000,6554,1933
21715,1737200000,1737280000,10162,2820
21716,1737280000,1737360000,5042,1696
21717,1737360000,1737440000,5716,2106
21718,1737440000,1737520000,7204,2144
21719,1737520000,1737600000,9729,2751
21720,1737600000,1737680000,4897,1783
21721,1737680000,1737760000,5955,1978
21722,1737760000,1737840000,10561,3036
21723,1737840000,1737920000,6072,1837
21724,1737920000,1738000000,5547,2103
21725,1738000000,1738080000,6007,1812
21726,1738080000,1738160000,10579,2958
21727,1738160000,1738240000,5215,1741
21728,1738240000,1738320000,5604,2118
21729,1738320000,1738400000,8241,2468
21730,1738400000,1738480000,8561,2325
21731,1738480000,1738560000,5008,1882
21732,1738560000,1738640000,6517,2069
21733,1738640000,1738720000,10810,3015
21734,1738720000,1738800000,5363,1822
21735,1738800000,1738880000,5764,2116
21736,1738880000,1738960000,7179,2312
21737,1738960000,1739040000,7322,2440
21738,1739040000,1739120000,6685,2125
21739,1739120000,1739200000,7857,2890
21740,1739200000,1739280000,9901,2779
21741,1739280000,1739360000,4795,1764
21742,1739360000,1739440000,5781,1986
21743,1739440000,1739520000,10977,3054
21744,1739520000,1739600000,6106,1857
21745,1739600000,1739680000,5776,2103
21746,1739680000,1739760000,6195,1814
21747,1739760000,1739840000,10783,2980
21748,1739840000,1739920000,4919,1737
21749,1739920000,1740000000,5902,2114
21750,1740000000,1740080000,8260,2471
21751,1740080000,1740160000,8438,2335
21752,1740160000,1740240000,5258,1886
21753,1740240000,1740320000,6379,2073
21754,1740320000,1740400000,10409,3033
21755,1740400000,1740480000,5573,1826
21756,1740480000,1740560000,5690,2114
21757,1740560000,1740640000,6028,1749
21758,1740640000,1740720000,10515,3103
21759,1740720000,1740800000,5060,1833
21760,1740800000,1740880000,5804,2018
21761,1740880000,1740960000,9255,2820
21762,1740960000,1741040000,7088,1909
21763,1741040000,1741120000,5336,2037
21764,1741120000,1741200000,6302,1861
21765,1741200000,1741280000,9766,2840
21766,1741280000,1741360000,5119,1743
21767,1741360000,1741440000,5693,2058
21768,1741440000,1741520000,7113,2155
21769,1741520000,1741600000,9716,2722
21770,1741600000,1741680000,4622,1659
21771,1741680000,1741760000,6014,1981
21772,1741760000,1741840000,10889,3035
21773,1741840000,1741920000,6216,1814
21774,1741920000,1742000000,5629,2097
21775,1742000000,1742080000,6034,1814
21776,1742080000,1742160000,10588,2917
21777,1742160000,1742240000,5175,1694
21778,1742240000,1742320000,5578,2077
21779,1742320000,1742400000,8195,2459
21780,1742400000,1742480000,8490,2329
21781,1742480000,1742560000,4846,1886
21782,1742560000,1742640000,6261,2073
21783,1742640000,1742720000,10766,3022
21784,1742720000,1742800000,5555,1820
21785,1742800000,1742880000,5470,2117
21786,1742880000,1742960000,6049,1744
21787,1742960000,1743040000,10828,3091
21788,1743040000,1743120000,5018,1833
21789,1743120000,1743200000,5891,2014
21790,1743200000,1743280000,9470,2817
21791,1743280000,1743360000,7054,1908
21792,1743360000,1743440000,5524,2160
21793,1743440000,1743520000,6459,1935
21794,1743520000,1743600000,10036,2840
21795,1743600000,1743680000,5392,1751
21796,1743680000,1743760000,5858,2130
21797,1743760000,1743840000,7348,2385
21798,1743840000,1743920000,8007,2692
21799,1743920000,1744000000,6887,2488
21800,1744000000,1744080000,5567,2098
21801,1744080000,1744160000,7356,2391
21802,1744160000,1744240000,6662,2020
21803,1744240000,1744320000,10430,3426
21804,1744320000,1744400000,10226,3012
21805,1744400000,1744480000,9272,2962
21806,1744480000,1744560000,9241,2995
21807,1744560000,1744640000,10186,3282
21808,1744640000,1744720000,9830,3049
21809,1744720000,1744800000,8742,2862
21810,1744800000,1744880000,10841,3401
21811,1744880000,1744960000,9190,2973
21812,1744960000,1745040000,10207,3057
21813,1745040000,1745120000,8536,2792
21814,1745120000,1745200000,10474,3426
21815,1745200000,1745280000,10169,2991
21816,1745280000,1745360000,9260,2940
21817,1745360000,1745440000,9212,2971
21818,1745440000,1745520000,10293,3261
21819,1745520000,1745600000,9937,3026
21820,1745600000,1745680000,8812,2842
21821,1745680000,1745760000,10913,3390
21822,1745760000,1745840000,9325,2954
21823,1745840000,1745920000,10365,3052
21824,1745920000,1746000000,8617,2792
21825,1746000000,1746080000,10611,3426
21826,1746080000,1746160000,10313,2991
21827,1746160000,1746240000,9189,2940
21828,1746240000,1746320000,8992,2971
21829,1746320000,1746400000,9645,3271
21830,1746400000,1746480000,9230,3031
21831,1746480000,1746560000,8385,2842
21832,1746560000,1746640000,10510,3390
21833,1746640000,1746720000,8657,2954
21834,1746720000,1746800000,9698,3052
21835,1746800000,1746880000,8367,2792
21836,1746880000,1746960000,10021,3426
21837,1746960000,1747040000,9642,2991
21838,1747040000,1747120000,8854,2940
21839,1747120000,1747200000,8954,2971
21840,1747200000,1747280000,9807,3261
21841,1747280000,1747360000,9344,3026
21842,1747360000,1747440000,8440,2842
21843,1747440000,1747520000,10572,3390
21844,1747520000,1747600000,8809,2954
21845,1747600000,1747680000,9810,3052
21846,1747680000,1747760000,8376,2792
21847,1747760000,1747840000,10160,3426
21848,1747840000,1747920000,9774,2991
21849,1747920000,1748000000,8890,2940
21850,1748000000,1748080000,8981,2971
21851,1748080000,1748160000,9798,3263
21852,1748160000,1748240000,9365,3027
21853,1748240000,1748320000,8453,2842
21854,1748320000,1748400000,10582,3390
21855,1748400000,1748480000,8809,2954
21856,1748480000,1748560000,9839,3052
21857,1748560000,1748640000,8386,2792
21858,1748640000,1748720000,10171,3426
21859,1748720000,1748800000,9783,2991
21860,1748800000,1748880000,8951,2940
21861,1748880000,1748960000,9040,2971
21862,1748960000,1749040000,9963,3261
21863,1749040000,1749120000,9541,3026
21864,1749120000,1749200000,8569,2842
21865,1749200000,1749280000,10685,3390
21866,1749280000,1749360000,8979,2954
21867,1749360000,1749440000,9995,3052
21868,1749440000,1749520000,8456,2792
21869,1749520000,1749600000,10311,3426
21870,1749600000,1749680000,9951,2991
21871,1749680000,1749760000,9003,2940
21872,1749760000,1749840000,9014,2971
21873,1749840000,1749920000,9801,3265
21874,1749920000,1750000000,9378,3028
21875,1750000000,1750080000,8466,2842
21876,1750080000,1750160000,10594,3390
21877,1750160000,1750240000,8817,2954
21878,1750240000,1750320000,9841,3052
21879,1750320000,1750400000,8400,2792
21880,1750400000,1750480000,10174,3426
21881,1750480000,1750560000,9796,2991
21882,1750560000,1750640000,8963,2940
21883,1750640000,1750720000,9040,2971
21884,1750720000,1750800000,9966,3261
21885,1750800000,1750880000,9540,3026
21886,1750880000,1750960000,8563,2842
21887,1750960000,1751040000,10687,3390
21888,1751040000,1751120000,8997,2954
21889,1751120000,1751200000,9995,3052
21890,1751200000,1751280000,8451,2792
21891,1751280000,1751360000,10313,3426
21892,1751360000,1751440000,9963,2991
21893,1751440000,1751520000,9043,2940
21894,1751520000,1751600000,9067,2971
21895,1751600000,1751680000,9963,3263
21896,1751680000,1751760000,9564,3027
21897,1751760000,1751840000,8583,2842
21898,1751840000,1751920000,10696,3390
21899,1751920000,1752000000,8982,2954
21900,1752000000,1752080000,10015,3052
21901,1752080000,1752160000,8461,2792
21902,1752160000,1752240000,10321,3426
21903,1752240000,1752320000,9976,2991
21904,1752320000,1752400000,9110,2940
21905,1752400000,1752480000,9126,2971
21906,1752480000,1752560000,10128,3261
21907,1752560000,1752640000,9738,3026
21908,1752640000,1752720000,8689,2842
21909,1752720000,1752800000,10799,3390
21910,1752800000,1752880000,9152,2954
21911,1752880000,1752960000,10180,3052
21912,1752960000,1753040000,8533,2792
21913,1753040000,1753120000,10462,3426
21914,1753120000,1753200000,10136,2991
21915,1753200000,1753280000,9116,2940
21916,1753280000,1753360000,9033,2971
21917,1753360000,1753440000,9804,3267
21918,1753440000,1753520000,9394,3029
21919,1753520000,1753600000,8480,2842
21920,1753600000,1753680000,10612,3390
21921,1753680000,1753760000,8820,2954
21922,1753760000,1753840000,9855,3052
21923,1753840000,1753920000,8414,2792
21924,1753920000,1754000000,10172,3426
21925,1754000000,1754080000,9809,2991
21926,1754080000,1754160000,8978,2940
21927,1754160000,1754240000,9040,2971
21928,1754240000,1754320000,9969,3261
21929,1754320000,1754400000,9540,3026
21930,1754400000,1754480000,8563,2842
21931,1754480000,1754560000,10686,3390
21932,1754560000,1754640000,8982,2954
21933,1754640000,1754720000,9995,3052
21934,1754720000,1754800000,8451,2792
21935,1754800000,1754880000,10313,3426
21936,1754880000,1754960000,9972,2991
21937,1754960000,1755040000,9043,2940
21938,1755040000,1755120000,9067,2971
21939,1755120000,1755200000,9963,3263
21940,1755200000,1755280000,9561,3027
21941,1755280000,1755360000,8576,2842
21942,1755360000,1755440000,10696,3390
21943,1755440000,1755520000,8982,2954
21944,1755520000,1755600000,10018,3052
21945,1755600000,1755680000,8461,2792
21946,1755680000,1755760000,10322,3426
21947,1755760000,1755840000,9976,2991
21948,1755840000,1755920000,9104,2940
21949,1755920000,1756000000,9126,2971
21950,1756000000,1756080000,10128,3261
21951,1756080000,1756160000,9737,3026
21952,1756160000,1756240000,8701,2842
21953,1756240000,1756320000,10799,3390
21954,1756320000,1756400000,9152,2954
21955,1756400000,1756480000,10180,3052
21956,1756480000,1756560000,8532,2792
21957,1756560000,1756640000,10464,3426
21958,1756640000,1756720000,10144,2991
21959,1756720000,1756800000,9156,2940
21960,1756800000,1756880000,9097,2971
21961,1756880000,1756960000,9966,3265
21962,1756960000,1757040000,9574,3028
21963,1757040000,1757120000,8589,2842
21964,1757120000,1757200000,10708,3390
21965,1757200000,1757280000,8989,2954
21966,1757280000,1757360000,10026,3052
21967,1757360000,1757440000,8475,2792
21968,1757440000,1757520000,10330,3426
21969,1757520000,1757600000,9989,2991
21970,1757600000,1757680000,9116,2940
21971,1757680000,1757760000,9126,2971
21972,1757760000,1757840000,10131,3261
21973,1757840000,1757920000,9736,3026
21974,1757920000,1758000000,8686,2842
21975,1758000000,1758080000,10804,3390
21976,1758080000,1758160000,9158,2954
21977,1758160000,1758240000,10180,3052
21978,1758240000,1758320000,8526,2792
21979,1758320000,1758400000,10466,3426
21980,1758400000,1758480000,10156,2991
21981,1758480000,1758560000,9196,2940
21982,1758560000,1758640000,9153,2971
21983,1758640000,1758720000,10128,3263
21984,1758720000,1758800000,9766,3027
21985,1758800000,1758880000,8700,2842
21986,1758880000,1758960000,10810,3390
21987,1758960000,1759040000,9155,2954
21988,1759040000,1759120000,10200,3052
21989,1759120000,1759200000,8536,2792
21990,1759200000,1759280000,10474,3426
21991,1759280000,1759360000,10169,2991
21992,1759360000,1759440000,9260,2940
21993,1759440000,1759520000,9212,2971
21994,1759520000,1759600000,10293,3261
21995,1759600000,1759680000,9935,3026
21996,1759680000,1759760000,8812,2842
21997,1759760000,1759840000,10913,3390
21998,1759840000,1759920000,9325,2954
21999,1759920000,1760000000,10365,3052
22000,1760000000,1760080000,8611,2792
22001,1760080000,1760160000,10613,3426
22002,1760160000,1760240000,10321,2991
22003,1760240000,1760320000,9229,2940
22004,1760320000,1760400000,9055,2971
22005,1760400000,1760480000,9807,3269
22006,1760480000,1760560000,9410,3030
22007,1760560000,1760640000,8494,2842
22008,1760640000,1760720000,10615,3390
22009,1760720000,1760800000,8825,2954
22010,1760800000,1760880000,9869,3052
22011,1760880000,1760960000,8428,2792
22012,1760960000,1761040000,10173,3426
22013,1761040000,1761120000,9822,2991
22014,1761120000,1761200000,8994,2940
22015,1761200000,1761280000,9040,2971
22016,1761280000,1761360000,9987,3261
22017,1761360000,1761440000,9540,3026
22018,1761440000,1761520000,8563,2842
22019,1761520000,1761600000,10686,3390
22020,1761600000,1761680000,8982,2954
22021,1761680000,1761760000,9995,3052
22022,1761760000,1761840000,8451,2792
22023,1761840000,1761920000,10313,3426
22024,1761920000,1762000000,9967,2991
22025,1762000000,1762080000,9043,2940
22026,1762080000,1762160000,9067,2971
22027,1762160000,1762240000,9963,3263
22028,1762240000,1762320000,9561,3027
22029,1762320000,1762400000,8576,2842
22030,1762400000,1762480000,10696,3390
22031,1762480000,1762560000,8982,2954
22032,1762560000,1762640000,10021,3052
22033,1762640000,1762720000,8461,2792
22034,1762720000,1762800000,10323,3426
22035,1762800000,1762880000,9976,2991
22036,1762880000,1762960000,9104,2940
22037,1762960000,1763040000,9126,2971
22038,1763040000,1763120000,10128,3261
22039,1763120000,1763200000,9737,3026
22040,1763200000,1763280000,8692,2842
22041,1763280000,1763360000,10799,3390
22042,1763360000,1763440000,9152,2954
22043,1763440000,1763520000,10180,3052
22044,1763520000,1763600000,8531,2792
22045,1763600000,1763680000,10464,3426
22046,1763680000,1763760000,10144,2991
22047,1763760000,1763840000,9156,2940
22048,1763840000,1763920000,9103,2971
22049,1763920000,1764000000,9966,3265
22050,1764000000,1764080000,9574,3028
22051,1764080000,1764160000,8589,2842
22052,1764160000,1764240000,10708,3390
22053,1764240000,1764320000,8993,2954
22054,1764320000,1764400000,10026,3052
22055,1764400000,1764480000,8475,2792
22056,1764480000,1764560000,10327,3426
22057,1764560000,1764640000,9989,2991
22058,1764640000,1764720000,9116,2940
22059,1764720000,1764800000,9126,2971
22060,1764800000,1764880000,10131,3261
22061,1764880000,1764960000,9736,3026
22062,1764960000,1765040000,8686,2842
22063,1765040000,1765120000,10801,3390
22064,1765120000,1765200000,9161,2954
22065,1765200000,1765280000,10180,3052
22066,1765280000,1765360000,8526,2792
22067,1765360000,1765440000,10466,3426
22068,1765440000,1765520000,10156,2991
22069,1765520000,1765600000,9196,2940
22070,1765600000,1765680000,9153,2971
22071,1765680000,1765760000,10128,3263
22072,1765760000,1765840000,9760,3027
22073,1765840000,1765920000,8701,2842
22074,1765920000,1766000000,10810,3390
22075,1766000000,1766080000,9155,2954
22076,1766080000,1766160000,10200,3052
22077,1766160000,1766240000,8536,2792
22078,1766240000,1766320000,10474,3426
22079,1766320000,1766400000,10169,2991
22080,1766400000,1766480000,9269,2940
22081,1766480000,1766560000,9212,2971
22082,1766560000,1766640000,10293,3261
22083,1766640000,1766720000,9934,3026
22084,1766720000,1766800000,8812,2842
22085,1766800000,1766880000,10913,3390
22086,1766880000,1766960000,9325,2954
22087,1766960000,1767040000,10365,3052
22088,1767040000,1767120000,8608,2792
22089,1767120000,1767200000,10615,3426
22090,1767200000,1767280000,10329,2991
22091,1767280000,1767360000,9269,2940
22092,1767360000,1767440000,9120,2971
22093,1767440000,1767520000,9969,3267
22094,1767520000,1767600000,9590,3029
22095,1767600000,1767680000,8603,2842
22096,1767680000,1767760000,10723,3390
22097,1767760000,1767840000,8993,2954
22098,1767840000,1767920000,10040,3052
22099,1767920000,1768000000,8489,2792
22100,1768000000,1768080000,10325,3426
22101,1768080000,1768160000,10002,2991
22102,1768160000,1768240000,9131,2940
22103,1768240000,1768320000,9126,2971
22104,1768320000,1768400000,10134,3261
22105,1768400000,1768480000,9736,3026
22106,1768480000,1768560000,8686,2842
22107,1768560000,1768640000,10800,3390
22108,1768640000,1768720000,9155,2954
22109,1768720000,1768800000,10180,3052
22110,1768800000,1768880000,8526,2792
22111,1768880000,1768960000,10466,3426
22112,1768960000,1769040000,10167,2991
22113,1769040000,1769120000,9196,2940
22114,1769120000,1769200000,9153,2971
22115,1769200000,1769280000,10128,3263
22116,1769280000,1769360000,9757,3027
22117,1769360000,1769440000,8699,2842
22118,1769440000,1769520000,10810,3390
22119,1769520000,1769600000,9155,2954
22120,1769600000,1769680000,10203,3052
22121,1769680000,1769760000,8536,2792
22122,1769760000,1769840000,10475,3426
22123,1769840000,1769920000,10169,2991
22124,1769920000,1770000000,9257,2940
22125,1770000000,1770080000,9212,2971
22126,1770080000,1770160000,10293,3261
22127,1770160000,1770240000,9933,3026
22128,1770240000,1770320000,8818,2842
22129,1770320000,1770400000,10913,3390
22130,1770400000,1770480000,9325,2954
22131,1770480000,1770560000,10365,3052
22132,1770560000,1770640000,8609,2792
22133,1770640000,1770720000,10617,3426
22134,1770720000,1770800000,10337,2991
22135,1770800000,1770880000,9309,2940
22136,1770880000,1770960000,9183,2971
22137,1770960000,1771040000,10131,3265
22138,1771040000,1771120000,9770,3028
22139,1771120000,1771200000,8712,2842
22140,1771200000,1771280000,10822,3390
22141,1771280000,1771360000,9162,2954
22142,1771360000,1771440000,10211,3052
22143,1771440000,1771520000,8550,2792
22144,1771520000,1771600000,10492,3426
22145,1771600000,1771680000,10182,2991
22146,1771680000,1771760000,9269,2940
22147,1771760000,1771840000,9212,2971
22148,1771840000,1771920000,10296,3261
22149,1771920000,1772000000,9932,3026
22150,1772000000,1772080000,8809,2842
22151,1772080000,1772160000,10916,3390
22152,1772160000,1772240000,9331,2954
22153,1772240000,1772320000,10365,3052
22154,1772320000,1772400000,8601,2792
22155,1772400000,1772480000,10619,3426
22156,1772480000,1772560000,10349,2991
22157,1772560000,1772640000,9349,2940
22158,1772640000,1772720000,9239,2971
22159,1772720000,1772800000,10293,3263
22160,1772800000,1772880000,9959,3027
22161,1772880000,1772960000,8823,2842
22162,1772960000,1773040000,10924,3390
22163,1773040000,1773120000,9328,2954
22164,1773120000,1773200000,10385,3052
22165,1773200000,1773280000,8611,2792
22166,1773280000,1773360000,10627,3426
22167,1773360000,1773440000,10362,2991
22168,1773440000,1773520000,9413,2940
22169,1773520000,1773600000,9298,2971
22170,1773600000,1773680000,10458,3261
22171,1773680000,1773760000,10132,3026
22172,1773760000,1773840000,8935,2842
22173,1773840000,1773920000,11027,3390
22174,1773920000,1774000000,9498,2954
22175,1774000000,1774080000,10550,3052
22176,1774080000,1774160000,8689,2792
22177,1774160000,1774240000,10762,3426
22178,1774240000,1774320000,10498,2991
22179,1774320000,1774400000,9302,2940
22180,1774400000,1774480000,9015,2971
22181,1774480000,1774560000,9648,3273
22182,1774560000,1774640000,9246,3032
22183,1774640000,1774720000,8399,2842
22184,1774720000,1774800000,10519,3390
22185,1774800000,1774880000,8662,2954
22186,1774880000,1774960000,9712,3052
22187,1774960000,1775040000,8381,2792
22188,1775040000,1775120000,10022,3426
22189,1775120000,1775200000,9655,2991
22190,1775200000,1775280000,8868,2940
22191,1775280000,1775360000,8954,2971
22192,1775360000,1775440000,9807,3261
22193,1775440000,1775520000,9344,3026
22194,1775520000,1775600000,8440,2842
22195,1775600000,1775680000,10572,3390
22196,1775680000,1775760000,8809,2954
22197,1775760000,1775840000,9810,3052
22198,1775840000,1775920000,8376,2792
22199,1775920000,1776000000,10160,3426
22200,1776000000,1776080000,9774,2991
22201,1776080000,1776160000,8890,2940
22202,1776160000,1776240000,8981,2971
22203,1776240000,1776320000,9798,3263
22204,1776320000,1776400000,9365,3027
22205,1776400000,1776480000,8453,2842
22206,1776480000,1776560000,10582,3390
22207,1776560000,1776640000,8809,2954
22208,1776640000,1776720000,9842,3052
22209,1776720000,1776800000,8386,2792
22210,1776800000,1776880000,10174,3426
22211,1776880000,1776960000,9783,2991
22212,1776960000,1777040000,8951,2940
22213,1777040000,1777120000,9040,2971
22214,1777120000,1777200000,9963,3261
22215,1777200000,1777280000,9541,3026
22216,1777280000,1777360000,8569,2842
22217,1777360000,1777440000,10685,3390
22218,1777440000,1777520000,8979,2954
22219,1777520000,1777600000,9995,3052
22220,1777600000,1777680000,8456,2792
22221,1777680000,1777760000,10311,3426
22222,1777760000,1777840000,9951,2991
22223,1777840000,1777920000,9003,2940
22224,1777920000,1778000000,9014,2971
22225,1778000000,1778080000,9801,3265
22226,1778080000,1778160000,9378,3028
22227,1778160000,1778240000,8466,2842
22228,1778240000,1778320000,10594,3390
22229,1778320000,1778400000,8817,2954
22230,1778400000,1778480000,9841,3052
22231,1778480000,1778560000,8400,2792
22232,1778560000,1778640000,10174,3426
22233,1778640000,1778720000,9796,2991
22234,1778720000,1778800000,8963,2940
22235,1778800000,1778880000,9040,2971
22236,1778880000,1778960000,9966,3261
22237,1778960000,1779040000,9540,3026
22238,1779040000,1779120000,8563,2842
22239,1779120000,1779200000,10687,3390
22240,1779200000,1779280000,8991,2954
22241,1779280000,1779360000,9995,3052
22242,1779360000,1779440000,8451,2792
22243,1779440000,1779520000,10313,3426
22244,1779520000,1779600000,9963,2991
22245,1779600000,1779680000,9043,2940
22246,1779680000,1779760000,9067,2971
22247,1779760000,1779840000,9963,3263
22248,1779840000,1779920000,9564,3027
22249,1779920000,1780000000,8579,2842
22250,1780000000,1780080000,10696,3390
22251,1780080000,1780160000,8982,2954
22252,1780160000,1780240000,10015,3052
22253,1780240000,1780320000,8461,2792
22254,1780320000,1780400000,10321,3426
22255,1780400000,1780480000,9976,2991
22256,1780480000,1780560000,9110,2940
22257,1780560000,1780640000,9126,2971
22258,1780640000,1780720000,10128,3261
22259,1780720000,1780800000,9738,3026
22260,1780800000,1780880000,8689,2842
22261,1780880000,1780960000,10799,3390
22262,1780960000,1781040000,9152,2954
22263,1781040000,1781120000,10180,3052
22264,1781120000,1781200000,8533,2792
22265,1781200000,1781280000,10462,3426
22266,1781280000,1781360000,10136,2991
22267,1781360000,1781440000,9116,2940
22268,1781440000,1781520000,9033,2971
22269,1781520000,1781600000,9804,3267
22270,1781600000,1781680000,9394,3029
22271,1781680000,1781760000,8480,2842
22272,1781760000,1781840000,10621,3390
22273,1781840000,1781920000,8820,2954
22274,1781920000,1782000000,9855,3052
22275,1782000000,1782080000,8414,2792
22276,1782080000,1782160000,10172,3426
22277,1782160000,1782240000,9809,2991
22278,1782240000,1782320000,8978,2940
22279,1782320000,1782400000,9040,2971
22280,1782400000,1782480000,9969,3261
22281,1782480000,1782560000,9540,3026
22282,1782560000,1782640000,8563,2842
22283,1782640000,1782720000,10686,3390
22284,1782720000,1782800000,8982,2954
22285,1782800000,1782880000,9995,3052
22286,1782880000,1782960000,8451,2792
22287,1782960000,1783040000,10313,3426
22288,1783040000,1783120000,9973,2991
22289,1783120000,1783200000,9043,2940
22290,1783200000,1783280000,9067,2971
22291,1783280000,1783360000,9963,3263
22292,1783360000,1783440000,9561,3027
22293,1783440000,1783520000,8576,2842
22294,1783520000,1783600000,10696,3390
22295,1783600000,1783680000,8982,2954
22296,1783680000,1783760000,10018,3052
22297,1783760000,1783840000,8461,2792
22298,1783840000,1783920000,10322,3426
22299,1783920000,1784000000,9976,2991
22300,1784000000,1784080000,9104,2940
22301,1784080000,1784160000,9126,2971
22302,1784160000,1784240000,10128,3261
22303,1784240000,1784320000,9737,3026
22304,1784320000,1784400000,8698,2842
22305,1784400000,1784480000,10799,3390
22306,1784480000,1784560000,9152,2954
22307,1784560000,1784640000,10180,3052
22308,1784640000,1784720000,8532,2792
22309,1784720000,1784800000,10464,3426
22310,1784800000,1784880000,10144,2991
22311,1784880000,1784960000,9156,2940
22312,1784960000,1785040000,9097,2971
22313,1785040000,1785120000,9966,3265
22314,1785120000,1785200000,9574,3028
22315,1785200000,1785280000,8589,2842
22316,1785280000,1785360000,10708,3390
22317,1785360000,1785440000,8989,2954
22318,1785440000,1785520000,10026,3052
22319,1785520000,1785600000,8475,2792
22320,1785600000,1785680000,10330,3426
22321,1785680000,1785760000,9989,2991
22322,1785760000,1785840000,9116,2940
22323,1785840000,1785920000,9126,2971
22324,1785920000,1786000000,10131,3261
22325,1786000000,1786080000,9736,3026
22326,1786080000,1786160000,8686,2842
22327,1786160000,1786240000,10803,3390
22328,1786240000,1786320000,9158,2954
22329,1786320000,1786400000,10180,3052
22330,1786400000,1786480000,8526,2792
22331,1786480000,1786560000,10466,3426
22332,1786560000,1786640000,10156,2991
22333,1786640000,1786720000,9196,2940
22334,1786720000,1786800000,9153,2971
22335,1786800000,1786880000,10128,3263
22336,1786880000,1786960000,9769,3027
22337,1786960000,1787040000,8700,2842
22338,1787040000,1787120000,10810,3390
22339,1787120000,1787200000,9155,2954
22340,1787200000,1787280000,10200,3052
22341,1787280000,1787360000,8536,2792
22342,1787360000,1787440000,10474,3426
22343,1787440000,1787520000,10169,2991
22344,1787520000,1787600000,9260,2940
22345,1787600000,1787680000,9212,2971
22346,1787680000,1787760000,10293,3261
22347,1787760000,1787840000,9935,3026
22348,1787840000,1787920000,8812,2842
22349,1787920000,1788000000,10913,3390
22350,1788000000,1788080000,9325,2954
22351,1788080000,1788160000,10365,3052
22352,1788160000,1788240000,8611,2792
22353,1788240000,1788320000,10613,3426
22354,1788320000,1788400000,10321,2991
22355,1788400000,1788480000,9229,2940
22356,1788480000,1788560000,9055,2971
22357,1788560000,1788640000,9807,3269
22358,1788640000,1788720000,9410,3030
22359,1788720000,1788800000,8494,2842
22360,1788800000,1788880000,10615,3390
22361,1788880000,1788960000,8825,2954
22362,1788960000,1789040000,9869,3052
22363,1789040000,1789120000,8428,2792
22364,1789120000,1789200000,10173,3426
22365,1789200000,1789280000,9822,2991
22366,1789280000,1789360000,8996,2940
22367,1789360000,1789440000,9040,2971
22368,1789440000,1789520000,9975,3261
22369,1789520000,1789600000,9540,3026
22370,1789600000,1789680000,8563,2842
22371,1789680000,1789760000,10686,3390
22372,1789760000,1789840000,8982,2954
22373,1789840000,1789920000,9995,3052
22374,1789920000,1790000000,8451,2792
22375,1790000000,1790080000,10313,3426
22376,1790080000,1790160000,9967,2991
22377,1790160000,1790240000,9043,2940
22378,1790240000,1790320000,9067,2971
22379,1790320000,1790400000,9963,3263
22380,1790400000,1790480000,9561,3027
22381,1790480000,1790560000,8576,2842
22382,1790560000,1790640000,10696,3390
22383,1790640000,1790720000,8982,2954
22384,1790720000,1790800000,10021,3052
22385,1790800000,1790880000,8461,2792
22386,1790880000,1790960000,10323,3426
22387,1790960000,1791040000,9976,2991
22388,1791040000,1791120000,9104,2940
22389,1791120000,1791200000,9126,2971
22390,1791200000,1791280000,10128,3261
22391,1791280000,1791360000,9737,3026
22392,1791360000,1791440000,8692,2842
22393,1791440000,1791520000,10799,3390
22394,1791520000,1791600000,9152,2954
22395,1791600000,1791680000,10180,3052
22396,1791680000,1791760000,8531,2792
22397,1791760000,1791840000,10464,3426
22398,1791840000,1791920000,10144,2991
22399,1791920000,1792000000,9156,2940
22400,1792000000,1792080000,9109,2971
22401,1792080000,1792160000,9966,3265
22402,1792160000,1792240000,9574,3028
22403,1792240000,1792320000,8589,2842
22404,1792320000,1792400000,10708,3390
22405,1792400000,1792480000,8991,2954
22406,1792480000,1792560000,10026,3052
22407,1792560000,1792640000,8475,2792
22408,1792640000,1792720000,10327,3426
22409,1792720000,1792800000,9989,2991
22410,1792800000,1792880000,9116,2940
22411,1792880000,1792960000,9126,2971
22412,1792960000,1793040000,10131,3261
22413,1793040000,1793120000,9736,3026
22414,1793120000,1793200000,8686,2842
22415,1793200000,1793280000,10801,3390
22416,1793280000,1793360000,9161,2954
22417,1793360000,1793440000,10180,3052
22418,1793440000,1793520000,8526,2792
22419,1793520000,1793600000,10466,3426
22420,1793600000,1793680000,10156,2991
22421,1793680000,1793760000,9196,2940
22422,1793760000,1793840000,9153,2971
22423,1793840000,1793920000,10128,3263
22424,1793920000,1794000000,9760,3027
22425,1794000000,1794080000,8701,2842
22426,1794080000,1794160000,10810,3390
22427,1794160000,1794240000,9155,2954
22428,1794240000,1794320000,10200,3052
22429,1794320000,1794400000,8536,2792
22430,1794400000,1794480000,10474,3426
22431,1794480000,1794560000,10169,2991
22432,1794560000,1794640000,9266,2940
22433,1794640000,1794720000,9212,2971
22434,1794720000,1794800000,10293,3261
22435,1794800000,1794880000,9934,3026
22436,1794880000,1794960000,8812,2842
22437,1794960000,1795040000,10913,3390
22438,1795040000,1795120000,9325,2954
22439,1795120000,1795200000,10365,3052
22440,1795200000,1795280000,8608,2792
22441,1795280000,1795360000,10615,3426
22442,1795360000,1795440000,10329,2991
22443,1795440000,1795520000,9269,2940
22444,1795520000,1795600000,9121,2971
22445,1795600000,1795680000,9969,3267
22446,1795680000,1795760000,9590,3029
22447,1795760000,1795840000,8603,2842
22448,1795840000,1795920000,10723,3390
22449,1795920000,1796000000,8993,2954
22450,1796000000,1796080000,10040,3052
22451,1796080000,1796160000,8489,2792
22452,1796160000,1796240000,10325,3426
22453,1796240000,1796320000,10002,2991
22454,1796320000,1796400000,9131,2940
22455,1796400000,1796480000,9126,2971
22456,1796480000,1796560000,10134,3261
22457,1796560000,1796640000,9736,3026
22458,1796640000,1796720000,8686,2842
22459,1796720000,1796800000,10800,3390
22460,1796800000,1796880000,9155,2954
22461,1796880000,1796960000,10180,3052
22462,1796960000,1797040000,8526,2792
22463,1797040000,1797120000,10466,3426
22464,1797120000,1797200000,10170,2991
22465,1797200000,1797280000,9196,2940
22466,1797280000,1797360000,9153,2971
22467,1797360000,1797440000,10128,3263
22468,1797440000,1797520000,9757,3027
22469,1797520000,1797600000,8699,2842
22470,1797600000,1797680000,10810,3390
22471,1797680000,1797760000,9155,2954
22472,1797760000,1797840000,10203,3052
22473,1797840000,1797920000,8536,2792
22474,1797920000,1798000000,10475,3426
22475,1798000000,1798080000,10169,2991
22476,1798080000,1798160000,9257,2940
22477,1798160000,1798240000,9212,2971
22478,1798240000,1798320000,10293,3261
22479,1798320000,1798400000,9933,3026
22480,1798400000,1798480000,8818,2842
22481,1798480000,1798560000,10913,3390
22482,1798560000,1798640000,9325,2954
22483,1798640000,1798720000,10365,3052
22484,1798720000,1798800000,8608,2792
22485,1798800000,1798880000,10617,3426
22486,1798880000,1798960000,10337,2991
22487,1798960000,1799040000,9309,2940
22488,1799040000,1799120000,9183,2971
22489,1799120000,1799200000,10131,3265
22490,1799200000,1799280000,9770,3028
22491,1799280000,1799360000,8712,2842
22492,1799360000,1799440000,10822,3390
22493,1799440000,1799520000,9162,2954
22494,1799520000,1799600000,10211,3052
22495,1799600000,1799680000,8550,2792
22496,1799680000,1799760000,10486,3426
22497,1799760000,1799840000,10182,2991
22498,1799840000,1799920000,9269,2940
22499,1799920000,1800000000,9212,2971
22500,1800000000,1800080000,10296,3261
22501,1800080000,1800160000,9932,3026
22502,1800160000,1800240000,8809,2842
22503,1800240000,1800320000,10916,3390
22504,1800320000,1800400000,9331,2954
22505,1800400000,1800480000,10365,3052
22506,1800480000,1800560000,8601,2792
22507,1800560000,1800640000,10619,3426
22508,1800640000,1800720000,10349,2991
22509,1800720000,1800800000,9349,2940
22510,1800800000,1800880000,9239,2971
22511,1800880000,1800960000,10293,3263
22512,1800960000,1801040000,9959,3027
22513,1801040000,1801120000,8823,2842
22514,1801120000,1801200000,10924,3390
22515,1801200000,1801280000,9328,2954
22516,1801280000,1801360000,10385,3052
22517,1801360000,1801440000,8611,2792
22518,1801440000,1801520000,10627,3426
22519,1801520000,1801600000,10362,2991
22520,1801600000,1801680000,9413,2940
22521,1801680000,1801760000,9298,2971
22522,1801760000,1801840000,10458,3261
22523,1801840000,1801920000,10138,3026
22524,1801920000,1802000000,8935,2842
22525,1802000000,1802080000,11027,3390
22526,1802080000,1802160000,9498,2954
22527,1802160000,1802240000,10550,3052
22528,1802240000,1802320000,8707,2792
22529,1802320000,1802400000,10764,3426
22530,1802400000,1802480000,10506,2991
22531,1802480000,1802560000,9342,2940
22532,1802560000,1802640000,9078,2971
22533,1802640000,1802720000,9810,3271
22534,1802720000,1802800000,9426,3031
22535,1802800000,1802880000,8508,2842
22536,1802880000,1802960000,10624,3390
22537,1802960000,1803040000,8830,2954
22538,1803040000,1803120000,9883,3052
22539,1803120000,1803200000,8442,2792
22540,1803200000,1803280000,10174,3426
22541,1803280000,1803360000,9835,2991
22542,1803360000,1803440000,9007,2940
22543,1803440000,1803520000,9040,2971
22544,1803520000,1803600000,9972,3261
22545,1803600000,1803680000,9540,3026
22546,1803680000,1803760000,8563,2842
22547,1803760000,1803840000,10686,3390
22548,1803840000,1803920000,8982,2954
22549,1803920000,1804000000,9995,3052
22550,1804000000,1804080000,8451,2792
22551,1804080000,1804160000,10313,3426
22552,1804160000,1804240000,9967,2991
22553,1804240000,1804320000,9043,2940
22554,1804320000,1804400000,9067,2971
22555,1804400000,1804480000,9963,3263
22556,1804480000,1804560000,9561,3027
22557,1804560000,1804640000,8576,2842
22558,1804640000,1804720000,10696,3390
22559,1804720000,1804800000,8982,2954
22560,1804800000,1804880000,10024,3052
22561,1804880000,1804960000,8461,2792
22562,1804960000,1805040000,10324,3426
22563,1805040000,1805120000,9976,2991
22564,1805120000,1805200000,9104,2940
22565,1805200000,1805280000,9126,2971
22566,1805280000,1805360000,10128,3261
22567,1805360000,1805440000,9737,3026
22568,1805440000,1805520000,8692,2842
22569,1805520000,1805600000,10799,3390
22570,1805600000,1805680000,9152,2954
22571,1805680000,1805760000,10180,3052
22572,1805760000,1805840000,8531,2792
22573,1805840000,1805920000,10464,3426
22574,1805920000,1806000000,10144,2991
22575,1806000000,1806080000,9156,2940
22576,1806080000,1806160000,9100,2971
22577,1806160000,1806240000,9966,3265
22578,1806240000,1806320000,9574,3028
22579,1806320000,1806400000,8589,2842
22580,1806400000,1806480000,10708,3390
22581,1806480000,1806560000,8990,2954
22582,1806560000,1806640000,10026,3052
22583,1806640000,1806720000,8475,2792
22584,1806720000,1806800000,10327,3426
22585,1806800000,1806880000,9989,2991
22586,1806880000,1806960000,9116,2940
22587,1806960000,1807040000,9126,2971
22588,1807040000,1807120000,10131,3261
22589,1807120000,1807200000,9736,3026
22590,1807200000,1807280000,8686,2842
22591,1807280000,1807360000,10801,3390
22592,1807360000,1807440000,9167,2954
22593,1807440000,1807520000,10180,3052
22594,1807520000,1807600000,8526,2792
22595,1807600000,1807680000,10466,3426
22596,1807680000,1807760000,10156,2991
22597,1807760000,1807840000,9196,2940
22598,1807840000,1807920000,9153,2971
22599,1807920000,1808000000,10128,3263
22600,1808000000,1808080000,9760,3027
22601,1808080000,1808160000,8703,2842
22602,1808160000,1808240000,10810,3390
22603,1808240000,1808320000,9155,2954
22604,1808320000,1808400000,10200,3052
22605,1808400000,1808480000,8536,2792
22606,1808480000,1808560000,10474,3426
22607,1808560000,1808640000,10169,2991
22608,1808640000,1808720000,9263,2940
22609,1808720000,1808800000,9212,2971
22610,1808800000,1808880000,10293,3261
22611,1808880000,1808960000,9934,3026
22612,1808960000,1809040000,8812,2842
22613,1809040000,1809120000,10913,3390
22614,1809120000,1809200000,9325,2954
22615,1809200000,1809280000,10365,3052
22616,1809280000,1809360000,8608,2792
22617,1809360000,1809440000,10615,3426
22618,1809440000,1809520000,10329,2991
22619,1809520000,1809600000,9269,2940
22620,1809600000,1809680000,9119,2971
22621,1809680000,1809760000,9969,3267
22622,1809760000,1809840000,9590,3029
22623,1809840000,1809920000,8603,2842
22624,1809920000,1810000000,10726,3390
22625,1810000000,1810080000,8993,2954
22626,1810080000,1810160000,10040,3052
22627,1810160000,1810240000,8489,2792
22628,1810240000,1810320000,10325,3426
22629,1810320000,1810400000,10002,2991
22630,1810400000,1810480000,9131,2940
22631,1810480000,1810560000,9126,2971
22632,1810560000,1810640000,10134,3261
22633,1810640000,1810720000,9736,3026
22634,1810720000,1810800000,8686,2842
22635,1810800000,1810880000,10800,3390
22636,1810880000,1810960000,9155,2954
22637,1810960000,1811040000,10180,3052
22638,1811040000,1811120000,8526,2792
22639,1811120000,1811200000,10466,3426
22640,1811200000,1811280000,10165,2991
22641,1811280000,1811360000,9196,2940
22642,1811360000,1811440000,9153,2971
22643,1811440000,1811520000,10128,3263
22644,1811520000,1811600000,9757,3027
22645,1811600000,1811680000,8699,2842
22646,1811680000,1811760000,10810,3390
22647,1811760000,1811840000,9155,2954
22648,1811840000,1811920000,10203,3052
22649,1811920000,1812000000,8536,2792
22650,1812000000,1812080000,10475,3426
22651,1812080000,1812160000,10169,2991
22652,1812160000,1812240000,9257,2940
22653,1812240000,1812320000,9212,2971
22654,1812320000,1812400000,10293,3261
22655,1812400000,1812480000,9933,3026
22656,1812480000,1812560000,8827,2842
22657,1812560000,1812640000,10913,3390
22658,1812640000,1812720000,9325,2954
22659,1812720000,1812800000,10365,3052
22660,1812800000,1812880000,8607,2792
22661,1812880000,1812960000,10617,3426
22662,1812960000,1813040000,10337,2991
22663,1813040000,1813120000,9309,2940
22664,1813120000,1813200000,9183,2971
22665,1813200000,1813280000,10131,3265
22666,1813280000,1813360000,9770,3028
22667,1813360000,1813440000,8712,2842
22668,1813440000,1813520000,10822,3390
22669,1813520000,1813600000,9162,2954
22670,1813600000,1813680000,10211,3052
22671,1813680000,1813760000,8550,2792
22672,1813760000,1813840000,10483,3426
22673,1813840000,1813920000,10182,2991
22674,1813920000,1814000000,9269,2940
22675,1814000000,1814080000,9212,2971
22676,1814080000,1814160000,10296,3261
22677,1814160000,1814240000,9932,3026
22678,1814240000,1814320000,8809,2842
22679,1814320000,1814400000,10919,3390
22680,1814400000,1814480000,9331,2954
22681,1814480000,1814560000,10365,3052
22682,1814560000,1814640000,8601,2792
22683,1814640000,1814720000,10619,3426
22684,1814720000,1814800000,10349,2991
22685,1814800000,1814880000,9349,2940
22686,1814880000,1814960000,9239,2971
22687,1814960000,1815040000,10293,3263
22688,1815040000,1815120000,9962,3027
22689,1815120000,1815200000,8823,2842
22690,1815200000,1815280000,10924,3390
22691,1815280000,1815360000,9328,2954
22692,1815360000,1815440000,10385,3052
22693,1815440000,1815520000,8611,2792
22694,1815520000,1815600000,10627,3426
22695,1815600000,1815680000,10362,2991
22696,1815680000,1815760000,9413,2940
22697,1815760000,1815840000,9298,2971
22698,1815840000,1815920000,10458,3261
22699,1815920000,1816000000,10131,3026
22700,1816000000,1816080000,8935,2842
22701,1816080000,1816160000,11027,3390
22702,1816160000,1816240000,9498,2954
22703,1816240000,1816320000,10550,3052
22704,1816320000,1816400000,8686,2792
22705,1816400000,1816480000,10766,3426
22706,1816480000,1816560000,10514,2991
22707,1816560000,1816640000,9382,2940
22708,1816640000,1816720000,9141,2971
22709,1816720000,1816800000,9972,3269
22710,1816800000,1816880000,9606,3030
22711,1816880000,1816960000,8617,2842
22712,1816960000,1817040000,10729,3390
22713,1817040000,1817120000,8998,2954
22714,1817120000,1817200000,10054,3052
22715,1817200000,1817280000,8503,2792
22716,1817280000,1817360000,10326,3426
22717,1817360000,1817440000,10015,2991
22718,1817440000,1817520000,9147,2940
22719,1817520000,1817600000,9126,2971
22720,1817600000,1817680000,10143,3261
22721,1817680000,1817760000,9736,3026
22722,1817760000,1817840000,8686,2842
22723,1817840000,1817920000,10800,3390
22724,1817920000,1818000000,9155,2954
22725,1818000000,1818080000,10180,3052
22726,1818080000,1818160000,8526,2792
22727,1818160000,1818240000,10466,3426
22728,1818240000,1818320000,10160,2991
22729,1818320000,1818400000,9196,2940
22730,1818400000,1818480000,9153,2971
22731,1818480000,1818560000,10128,3263
22732,1818560000,1818640000,9757,3027
22733,1818640000,1818720000,8699,2842
22734,1818720000,1818800000,10810,3390
22735,1818800000,1818880000,9155,2954
22736,1818880000,1818960000,10206,3052
22737,1818960000,1819040000,8536,2792
22738,1819040000,1819120000,10476,3426
22739,1819120000,1819200000,10169,2991
22740,1819200000,1819280000,9257,2940
22741,1819280000,1819360000,9212,2971
22742,1819360000,1819440000,10293,3261
22743,1819440000,1819520000,9933,3026
22744,1819520000,1819600000,8815,2842
22745,1819600000,1819680000,10913,3390
22746,1819680000,1819760000,9325,2954
22747,1819760000,1819840000,10365,3052
22748,1819840000,1819920000,8606,2792
22749,1819920000,1820000000,10617,3426
22750,1820000000,1820080000,10337,2991
22751,1820080000,1820160000,9309,2940
22752,1820160000,1820240000,9189,2971
22753,1820240000,1820320000,10131,3265
22754,1820320000,1820400000,9770,3028
22755,1820400000,1820480000,8712,2842
22756,1820480000,1820560000,10822,3390
22757,1820560000,1820640000,9165,2954
22758,1820640000,1820720000,10211,3052
22759,1820720000,1820800000,8550,2792
22760,1820800000,1820880000,10480,3426
22761,1820880000,1820960000,10182,2991
22762,1820960000,1821040000,9269,2940
22763,1821040000,1821120000,9212,2971
22764,1821120000,1821200000,10296,3261
22765,1821200000,1821280000,9932,3026
22766,1821280000,1821360000,8809,2842
22767,1821360000,1821440000,10915,3390
22768,1821440000,1821520000,9334,2954
22769,1821520000,1821600000,10365,3052
22770,1821600000,1821680000,8601,2792
22771,1821680000,1821760000,10619,3426
22772,1821760000,1821840000,10349,2991
22773,1821840000,1821920000,9349,2940
22774,1821920000,1822000000,9239,2971
22775,1822000000,1822080000,10293,3263
22776,1822080000,1822160000,9956,3027
22777,1822160000,1822240000,8824,2842
22778,1822240000,1822320000,10924,3390
22779,1822320000,1822400000,9328,2954
22780,1822400000,1822480000,10385,3052
22781,1822480000,1822560000,8611,2792
22782,1822560000,1822640000,10627,3426
22783,1822640000,1822720000,10362,2991
22784,1822720000,1822800000,9428,2940
22785,1822800000,1822880000,9298,2971
22786,1822880000,1822960000,10458,3261
22787,1822960000,1823040000,10130,3026
22788,1823040000,1823120000,8935,2842
22789,1823120000,1823200000,11027,3390
22790,1823200000,1823280000,9498,2954
22791,1823280000,1823360000,10550,3052
22792,1823360000,1823440000,8683,2792
22793,1823440000,1823520000,10768,3426
22794,1823520000,1823600000,10522,2991
22795,1823600000,1823680000,9422,2940
22796,1823680000,1823760000,9206,2971
22797,1823760000,1823840000,10134,3267
22798,1823840000,1823920000,9786,3029
22799,1823920000,1824000000,8726,2842
22800,1824000000,1824080000,10837,3390
22801,1824080000,1824160000,9166,2954
22802,1824160000,1824240000,10225,3052
22803,1824240000,1824320000,8564,2792
22804,1824320000,1824400000,10478,3426
22805,1824400000,1824480000,10195,2991
22806,1824480000,1824560000,9284,2940
22807,1824560000,1824640000,9212,2971
22808,1824640000,1824720000,10299,3261
22809,1824720000,1824800000,9932,3026
22810,1824800000,1824880000,8809,2842
22811,1824880000,1824960000,10914,3390
22812,1824960000,1825040000,9328,2954
22813,1825040000,1825120000,10365,3052
22814,1825120000,1825200000,8601,2792
22815,1825200000,1825280000,10619,3426
22816,1825280000,1825360000,10360,2991
22817,1825360000,1825440000,9349,2940
22818,1825440000,1825520000,9239,2971
22819,1825520000,1825600000,10293,3263
22820,1825600000,1825680000,9953,3027
22821,1825680000,1825760000,8822,2842
22822,1825760000,1825840000,10924,3390
22823,1825840000,1825920000,9328,2954
22824,1825920000,1826000000,10388,3052
22825,1826000000,1826080000,8611,2792
22826,1826080000,1826160000,10628,3426
22827,1826160000,1826240000,10362,2991
22828,1826240000,1826320000,9410,2940
22829,1826320000,1826400000,9298,2971
22830,1826400000,1826480000,10458,3261
22831,1826480000,1826560000,10129,3026
22832,1826560000,1826640000,8941,2842
22833,1826640000,1826720000,11027,3390
22834,1826720000,1826800000,9498,2954
22835,1826800000,1826880000,10550,3052
22836,1826880000,1826960000,8686,2792
22837,1826960000,1827040000,10770,3426
22838,1827040000,1827120000,10530,2991
22839,1827120000,1827200000,9462,2940
22840,1827200000,1827280000,9269,2971
22841,1827280000,1827360000,10296,3265
22842,1827360000,1827440000,9966,3028
22843,1827440000,1827520000,8835,2842
22844,1827520000,1827600000,10936,3390
22845,1827600000,1827680000,9335,2954
22846,1827680000,1827760000,10396,3052
22847,1827760000,1827840000,8625,2792
22848,1827840000,1827920000,10642,3426
22849,1827920000,1828000000,10375,2991
22850,1828000000,1828080000,9422,2940
22851,1828080000,1828160000,9298,2971
22852,1828160000,1828240000,10461,3261
22853,1828240000,1828320000,10128,3026
22854,1828320000,1828400000,8932,2842
22855,1828400000,1828480000,11030,3390
22856,1828480000,1828560000,9504,2954
22857,1828560000,1828640000,10550,3052
22858,1828640000,1828720000,8676,2792
22859,1828720000,1828800000,10772,3426
22860,1828800000,1828880000,10542,2991
22861,1828880000,1828960000,9502,2940
22862,1828960000,1829040000,9325,2971
22863,1829040000,1829120000,10458,3263
22864,1829120000,1829200000,10155,3027
22865,1829200000,1829280000,8946,2842
22866,1829280000,1829360000,11038,3390
22867,1829360000,1829440000,9501,2954
22868,1829440000,1829520000,10570,3052
22869,1829520000,1829600000,8686,2792
22870,1829600000,1829680000,10780,3426
22871,1829680000,1829760000,10555,2991
22872,1829760000,1829840000,9566,2940
22873,1829840000,1829920000,9384,2971
22874,1829920000,1830000000,10623,3261
22875,1830000000,1830080000,10328,3026
22876,1830080000,1830160000,9058,2842
22877,1830160000,1830240000,11141,3390
22878,1830240000,1830320000,9671,2954
22879,1830320000,1830400000,10735,3052
22880,1830400000,1830480000,8764,2792
22881,1830480000,1830560000,10911,3426
22882,1830560000,1830640000,10675,2991
22883,1830640000,1830720000,9375,2940
22884,1830720000,1830800000,8975,2971
22885,1830800000,1830880000,9489,3277
22886,1830880000,1830960000,9082,3034
22887,1830960000,1831040000,8304,2842
22888,1831040000,1831120000,10423,3390
22889,1831120000,1831200000,8499,2954
22890,1831200000,1831280000,9555,3052
22891,1831280000,1831360000,8334,2792
22892,1831360000,1831440000,9871,3426
22893,1831440000,1831520000,9488,2991
22894,1831520000,1831600000,8743,2940
22895,1831600000,1831680000,8868,2971
22896,1831680000,1831760000,9642,3261
22897,1831760000,1831840000,9148,3026
22898,1831840000,1831920000,8317,2842
22899,1831920000,1832000000,10458,3390
22900,1832000000,1832080000,8636,2954
22901,1832080000,1832160000,9625,3052
22902,1832160000,1832240000,8301,2792
22903,1832240000,1832320000,10007,3426
22904,1832320000,1832400000,9581,2991
22905,1832400000,1832480000,8737,2940
22906,1832480000,1832560000,8895,2971
22907,1832560000,1832640000,9633,3263
22908,1832640000,1832720000,9169,3027
22909,1832720000,1832800000,8330,2842
22910,1832800000,1832880000,10468,3390
22911,1832880000,1832960000,8636,2954
22912,1832960000,1833040000,9660,3052
22913,1833040000,1833120000,8311,2792
22914,1833120000,1833200000,10019,3426
22915,1833200000,1833280000,9590,2991
22916,1833280000,1833360000,8798,2940
22917,1833360000,1833440000,8954,2971
22918,1833440000,1833520000,9798,3261
22919,1833520000,1833600000,9345,3026
22920,1833600000,1833680000,8446,2842
22921,1833680000,1833760000,10571,3390
22922,1833760000,1833840000,8806,2954
22923,1833840000,1833920000,9810,3052
22924,1833920000,1834000000,8381,2792
22925,1834000000,1834080000,10158,3426
22926,1834080000,1834160000,9758,2991
22927,1834160000,1834240000,8850,2940
22928,1834240000,1834320000,8928,2971
22929,1834320000,1834400000,9636,3265
22930,1834400000,1834480000,9182,3028
22931,1834480000,1834560000,8343,2842
22932,1834560000,1834640000,10480,3390
22933,1834640000,1834720000,8644,2954
22934,1834720000,1834800000,9656,3052
22935,1834800000,1834880000,8325,2792
22936,1834880000,1834960000,10021,3426
22937,1834960000,1835040000,9603,2991
22938,1835040000,1835120000,8810,2940
22939,1835120000,1835200000,8954,2971
22940,1835200000,1835280000,9801,3261
22941,1835280000,1835360000,9344,3026
22942,1835360000,1835440000,8440,2842
22943,1835440000,1835520000,10573,3390
22944,1835520000,1835600000,8818,2954
22945,1835600000,1835680000,9810,3052
22946,1835680000,1835760000,8376,2792
22947,1835760000,1835840000,10160,3426
22948,1835840000,1835920000,9770,2991
22949,1835920000,1836000000,8890,2940
22950,1836000000,1836080000,8981,2971
22951,1836080000,1836160000,9798,3263
22952,1836160000,1836240000,9368,3027
22953,1836240000,1836320000,8456,2842
22954,1836320000,1836400000,10582,3390
22955,1836400000,1836480000,8809,2954
22956,1836480000,1836560000,9830,3052
22957,1836560000,1836640000,8386,2792
22958,1836640000,1836720000,10168,3426
22959,1836720000,1836800000,9783,2991
22960,1836800000,1836880000,8957,2940
22961,1836880000,1836960000,9040,2971
22962,1836960000,1837040000,9963,3261
22963,1837040000,1837120000,9542,3026
22964,1837120000,1837200000,8566,2842
22965,1837200000,1837280000,10685,3390
22966,1837280000,1837360000,8979,2954
22967,1837360000,1837440000,9995,3052
22968,1837440000,1837520000,8458,2792
22969,1837520000,1837600000,10309,3426
22970,1837600000,1837680000,9943,2991
22971,1837680000,1837760000,8963,2940
22972,1837760000,1837840000,8947,2971
22973,1837840000,1837920000,9639,3267
22974,1837920000,1838000000,9198,3029
22975,1838000000,1838080000,8357,2842
22976,1838080000,1838160000,10501,3390
22977,1838160000,1838240000,8647,2954
22978,1838240000,1838320000,9670,3052
22979,1838320000,1838400000,8339,2792
22980,1838400000,1838480000,10019,3426
22981,1838480000,1838560000,9616,2991
22982,1838560000,1838640000,8825,2940
22983,1838640000,1838720000,8954,2971
22984,1838720000,1838800000,9804,3261
22985,1838800000,1838880000,9344,3026
22986,1838880000,1838960000,8440,2842
22987,1838960000,1839040000,10572,3390
22988,1839040000,1839120000,8809,2954
22989,1839120000,1839200000,9810,3052
22990,1839200000,1839280000,8376,2792
22991,1839280000,1839360000,10160,3426
22992,1839360000,1839440000,9781,2991
22993,1839440000,1839520000,8890,2940
22994,1839520000,1839600000,8981,2971
22995,1839600000,1839680000,9798,3263
22996,1839680000,1839760000,9365,3027
22997,1839760000,1839840000,8453,2842
22998,1839840000,1839920000,10582,3390
22999,1839920000,1840000000,8809,2954
23000,1840000000,1840080000,9833,3052
23001,1840080000,1840160000,8386,2792
23002,1840160000,1840240000,10169,3426
23003,1840240000,1840320000,9783,2991
23004,1840320000,1840400000,8951,2940
23005,1840400000,1840480000,9040,2971
23006,1840480000,1840560000,9963,3261
23007,1840560000,1840640000,9541,3026
23008,1840640000,1840720000,8575,2842
23009,1840720000,1840800000,10685,3390
23010,1840800000,1840880000,8979,2954
23011,1840880000,1840960000,9995,3052
23012,1840960000,1841040000,8457,2792
23013,1841040000,1841120000,10311,3426
23014,1841120000,1841200000,9951,2991
23015,1841200000,1841280000,9003,2940
23016,1841280000,1841360000,9011,2971
23017,1841360000,1841440000,9801,3265
23018,1841440000,1841520000,9378,3028
23019,1841520000,1841600000,8466,2842
23020,1841600000,1841680000,10594,3390
23021,1841680000,1841760000,8816,2954
23022,1841760000,1841840000,9841,3052
23023,1841840000,1841920000,8400,2792
23024,1841920000,1842000000,10177,3426
23025,1842000000,1842080000,9796,2991
23026,1842080000,1842160000,8963,2940
23027,1842160000,1842240000,9040,2971
23028,1842240000,1842320000,9966,3261
23029,1842320000,1842400000,9540,3026
23030,1842400000,1842480000,8563,2842
23031,1842480000,1842560000,10689,3390
23032,1842560000,1842640000,8985,2954
23033,1842640000,1842720000,9995,3052
23034,1842720000,1842800000,8451,2792
23035,1842800000,1842880000,10313,3426
23036,1842880000,1842960000,9963,2991
23037,1842960000,1843040000,9043,2940
23038,1843040000,1843120000,9067,2971
23039,1843120000,1843200000,9963,3263
23040,1843200000,1843280000,9582,3027
23041,1843280000,1843360000,8577,2842
23042,1843360000,1843440000,10696,3390
23043,1843440000,1843520000,8982,2954
23044,1843520000,1843600000,10015,3052
23045,1843600000,1843680000,8461,2792
23046,1843680000,1843760000,10321,3426
23047,1843760000,1843840000,9976,2991
23048,1843840000,1843920000,9107,2940
23049,1843920000,1844000000,9126,2971
23050,1844000000,1844080000,10128,3261
23051,1844080000,1844160000,9739,3026
23052,1844160000,1844240000,8689,2842
23053,1844240000,1844320000,10799,3390
23054,1844320000,1844400000,9152,2954
23055,1844400000,1844480000,10180,3052
23056,1844480000,1844560000,8536,2792
23057,1844560000,1844640000,10460,3426
23058,1844640000,1844720000,10128,2991
23059,1844720000,1844800000,9076,2940
23060,1844800000,1844880000,8969,2971
23061,1844880000,1844960000,9642,3269
23062,1844960000,1845040000,9214,3030
23063,1845040000,1845120000,8371,2842
23064,1845120000,1845200000,10501,3390
23065,1845200000,1845280000,8652,2954
23066,1845280000,1845360000,9684,3052
23067,1845360000,1845440000,8353,2792
23068,1845440000,1845520000,10020,3426
23069,1845520000,1845600000,9629,2991
23070,1845600000,1845680000,8842,2940
23071,1845680000,1845760000,8954,2971
23072,1845760000,1845840000,9810,3261
23073,1845840000,1845920000,9344,3026
23074,1845920000,1846000000,8440,2842
23075,1846000000,1846080000,10572,3390
23076,1846080000,1846160000,8809,2954
23077,1846160000,1846240000,9810,3052
23078,1846240000,1846320000,8376,2792
23079,1846320000,1846400000,10160,3426
23080,1846400000,1846480000,9774,2991
23081,1846480000,1846560000,8890,2940
23082,1846560000,1846640000,8981,2971
23083,1846640000,1846720000,9798,3263
23084,1846720000,1846800000,9365,3027
23085,1846800000,1846880000,8453,2842
23086,1846880000,1846960000,10582,3390
23087,1846960000,1847040000,8809,2954
23088,1847040000,1847120000,9836,3052
23089,1847120000,1847200000,8386,2792
23090,1847200000,1847280000,10170,3426
23091,1847280000,1847360000,9783,2991
23092,1847360000,1847440000,8951,2940
23093,1847440000,1847520000,9040,2971
23094,1847520000,1847600000,9963,3261
23095,1847600000,1847680000,9541,3026
23096,1847680000,1847760000,8569,2842
23097,1847760000,1847840000,10685,3390
23098,1847840000,1847920000,8979,2954
23099,1847920000,1848000000,9995,3052
23100,1848000000,1848080000,8456,2792
23101,1848080000,1848160000,10311,3426
23102,1848160000,1848240000,9951,2991
23103,1848240000,1848320000,9003,2940
23104,1848320000,1848400000,9020,2971
23105,1848400000,1848480000,9801,3265
23106,1848480000,1848560000,9378,3028
23107,1848560000,1848640000,8466,2842
23108,1848640000,1848720000,10594,3390
23109,1848720000,1848800000,8818,2954
23110,1848800000,1848880000,9841,3052
23111,1848880000,1848960000,8400,2792
23112,1848960000,1849040000,10174,3426
23113,1849040000,1849120000,9796,2991
23114,1849120000,1849200000,8963,2940
23115,1849200000,1849280000,9040,2971
23116,1849280000,1849360000,9966,3261
23117,1849360000,1849440000,9540,3026
23118,1849440000,1849520000,8563,2842
23119,1849520000,1849600000,10687,3390
23120,1849600000,1849680000,8988,2954
23121,1849680000,1849760000,9995,3052
23122,1849760000,1849840000,8451,2792
23123,1849840000,1849920000,10313,3426
23124,1849920000,1850000000,9963,2991
23125,1850000000,1850080000,9043,2940
23126,1850080000,1850160000,9067,2971
23127,1850160000,1850240000,9963,3263
23128,1850240000,1850320000,9564,3027
23129,1850320000,1850400000,8578,2842
23130,1850400000,1850480000,10696,3390
23131,1850480000,1850560000,8982,2954
23132,1850560000,1850640000,10015,3052
23133,1850640000,1850720000,8461,2792
23134,1850720000,1850800000,10321,3426
23135,1850800000,1850880000,9976,2991
23136,1850880000,1850960000,9113,2940
23137,1850960000,1851040000,9126,2971
23138,1851040000,1851120000,10128,3261
23139,1851120000,1851200000,9738,3026
23140,1851200000,1851280000,8689,2842
23141,1851280000,1851360000,10799,3390
23142,1851360000,1851440000,9152,2954
23143,1851440000,1851520000,10180,3052
23144,1851520000,1851600000,8533,2792
23145,1851600000,1851680000,10462,3426
23146,1851680000,1851760000,10136,2991
23147,1851760000,1851840000,9116,2940
23148,1851840000,1851920000,9038,2971
23149,1851920000,1852000000,9804,3267
23150,1852000000,1852080000,9394,3029
23151,1852080000,1852160000,8480,2842
23152,1852160000,1852240000,10609,3390
23153,1852240000,1852320000,8820,2954
23154,1852320000,1852400000,9855,3052
23155,1852400000,1852480000,8414,2792
23156,1852480000,1852560000,10172,3426
23157,1852560000,1852640000,9809,2991
23158,1852640000,1852720000,8978,2940
23159,1852720000,1852800000,9040,2971
23160,1852800000,1852880000,9969,3261
23161,1852880000,1852960000,9540,3026
23162,1852960000,1853040000,8563,2842
23163,1853040000,1853120000,10686,3390
23164,1853120000,1853200000,8982,2954
23165,1853200000,1853280000,9995,3052
23166,1853280000,1853360000,8451,2792
23167,1853360000,1853440000,10313,3426
23168,1853440000,1853520000,9980,2991
23169,1853520000,1853600000,9043,2940
23170,1853600000,1853680000,9067,2971
23171,1853680000,1853760000,9963,3263
23172,1853760000,1853840000,9561,3027
23173,1853840000,1853920000,8576,2842
23174,1853920000,1854000000,10696,3390
23175,1854000000,1854080000,8982,2954
23176,1854080000,1854160000,10018,3052
23177,1854160000,1854240000,8461,2792
23178,1854240000,1854320000,10322,3426
23179,1854320000,1854400000,9976,2991
23180,1854400000,1854480000,9104,2940
23181,1854480000,1854560000,9126,2971
23182,1854560000,1854640000,10128,3261
23183,1854640000,1854720000,9737,3026
23184,1854720000,1854800000,8695,2842
23185,1854800000,1854880000,10799,3390
23186,1854880000,1854960000,9152,2954
23187,1854960000,1855040000,10180,3052
23188,1855040000,1855120000,8533,2792
23189,1855120000,1855200000,10464,3426
23190,1855200000,1855280000,10144,2991
23191,1855280000,1855360000,9156,2940
23192,1855360000,1855440000,9097,2971
23193,1855440000,1855520000,9966,3265
23194,1855520000,1855600000,9574,3028
23195,1855600000,1855680000,8589,2842
23196,1855680000,1855760000,10708,3390
23197,1855760000,1855840000,8989,2954
23198,1855840000,1855920000,10026,3052
23199,1855920000,1856000000,8475,2792
23200,1856000000,1856080000,10333,3426
23201,1856080000,1856160000,9989,2991
23202,1856160000,1856240000,9116,2940
23203,1856240000,1856320000,9126,2971
23204,1856320000,1856400000,10131,3261
23205,1856400000,1856480000,9736,3026
23206,1856480000,1856560000,8686,2842
23207,1856560000,1856640000,10818,3400
23208,1856640000,1856720000,9170,2962
23209,1856720000,1856800000,10521,3154
23210,1856800000,1856880000,4980,1907
23211,1856880000,1856960000,4893,1854
23212,1856960000,1857040000,5103,2001
23213,1857040000,1857120000,6566,2353
23214,1857120000,1857200000,6296,1937
23215,1857200000,1857280000,3,3
