window_index,start_ps,end_ps,toggled_bits,toggle_events
0,0,80000,791252,395160
1,80000,160000,5676,2232
2,160000,240000,7646,2277
3,240000,320000,6595,2346
4,320000,400000,5799,1899
5,400000,480000,125,72
6,480000,560000,128,72
7,560000,640000,125,72
8,640000,720000,366,139
9,720000,800000,8784,2477
10,800000,880000,2429,729
11,880000,960000,125,72
12,960000,1040000,131,72
13,1040000,1120000,125,72
14,1120000,1200000,3123,864
15,1200000,1280000,7845,2041
16,1280000,1360000,137,72
17,1360000,1440000,125,72
18,1440000,1520000,128,72
19,1520000,1600000,129,80
20,1600000,1680000,8349,2111
21,1680000,1760000,2813,779
22,1760000,1840000,128,72
23,1840000,1920000,125,72
24,1920000,2000000,134,72
25,2000000,2080000,3084,864
26,2080000,2160000,7748,2036
27,2160000,2240000,126,73
28,2240000,2320000,131,72
29,2320000,2400000,125,72
30,2400000,2480000,134,80
31,2480000,2560000,8042,2117
32,2560000,2640000,2801,787
33,2640000,2720000,125,72
34,2720000,2800000,128,72
35,2800000,2880000,125,72
36,2880000,2960000,3047,864
37,2960000,3040000,7714,2036
38,3040000,3120000,129,73
39,3120000,3200000,125,72
40,3200000,3280000,134,72
41,3280000,3360000,136,84
42,3360000,3440000,8158,2111
43,3440000,3520000,2810,782
44,3520000,3600000,131,72
45,3600000,3680000,125,72
46,3680000,3760000,128,72
47,3760000,3840000,3150,867
48,3840000,3920000,7777,2030
49,3920000,4000000,125,72
50,4000000,4080000,128,72
51,4080000,4160000,125,72
52,4160000,4240000,144,84
53,4240000,4320000,8156,2112
54,4320000,4400000,2787,776
55,4400000,4480000,125,72
56,4480000,4560000,134,72
57,4560000,4640000,125,72
58,4640000,4720000,3213,867
59,4720000,4800000,8025,2031
60,4800000,4880000,131,72
61,4880000,4960000,125,72
62,4960000,5040000,128,72
63,5040000,5120000,140,84
64,5120000,5200000,8421,2110
65,5200000,5280000,2844,776
66,5280000,5360000,128,72
67,5360000,5440000,125,72
68,5440000,5520000,131,72
69,5520000,5600000,3098,848
70,5600000,5680000,7747,2002
71,5680000,5760000,126,73
72,5760000,5840000,134,72
73,5840000,5920000,125,72
74,5920000,6000000,141,84
75,6000000,6080000,8186,2114
76,6080000,6160000,2828,780
77,6160000,6240000,125,72
78,6240000,6320000,128,72
79,6320000,6400000,125,72
80,6400000,6480000,3202,867
81,6480000,6560000,7897,2031
82,6560000,6640000,129,73
83,6640000,6720000,125,72
84,6720000,6800000,131,72
85,6800000,6880000,142,84
86,6880000,6960000,8429,2110
87,6960000,7040000,2850,778
88,7040000,7120000,134,72
89,7120000,7200000,125,72
90,7200000,7280000,128,72
91,7280000,7360000,3269,867
92,7360000,7440000,7921,2030
93,7440000,7520000,125,72
94,7520000,7600000,128,72
95,7600000,7680000,125,72
96,7680000,7760000,157,84
97,7760000,7840000,8470,2112
98,7840000,7920000,2810,776
99,7920000,8000000,125,72
100,8000000,8080000,131,72
101,8080000,8160000,125,72
102,8160000,8240000,3232,871
103,8240000,8320000,8039,2031
104,8320000,8400000,134,72
105,8400000,8480000,125,72
106,8480000,8560000,128,72
107,8560000,8640000,147,88
108,8640000,8720000,8504,2110
109,8720000,8800000,2804,776
110,8800000,8880000,128,72
111,8880000,8960000,125,72
112,8960000,9040000,137,72
113,9040000,9120000,2951,871
114,9120000,9200000,7687,2029
115,9200000,9280000,126,73
116,9280000,9360000,131,72
117,9360000,9440000,125,72
118,9440000,9520000,156,88
119,9520000,9600000,7622,2124
120,9600000,9680000,2628,780
121,9680000,9760000,125,72
122,9760000,9840000,128,72
123,9840000,9920000,125,72
124,9920000,10000000,2767,871
125,10000000,10080000,7521,2036
126,10080000,10160000,129,73
127,10160000,10240000,125,72
128,10240000,10320000,146,72
129,10320000,10400000,149,88
130,10400000,10480000,7685,2110
131,10480000,10560000,2704,780
132,10560000,10640000,131,72
133,10640000,10720000,125,72
134,10720000,10800000,128,72
135,10800000,10880000,2792,867
136,10880000,10960000,7467,2030
137,10960000,11040000,125,72
138,11040000,11120000,128,72
139,11120000,11200000,125,72
140,11200000,11280000,146,84
141,11280000,11360000,7680,2112
142,11360000,11440000,2680,776
143,11440000,11520000,125,72
144,11520000,11600000,137,72
145,11600000,11680000,125,72
146,11680000,11760000,2829,867
147,11760000,11840000,7667,2031
148,11840000,11920000,131,72
149,11920000,12000000,125,72
150,12000000,12080000,128,72
151,12080000,12160000,140,84
152,12160000,12240000,7961,2110
153,12240000,12320000,2682,776
154,12320000,12400000,128,72
155,12400000,12480000,125,72
156,12480000,12560000,131,72
157,12560000,12640000,2882,867
158,12640000,12720000,7564,2029
159,12720000,12800000,126,73
160,12800000,12880000,140,72
161,12880000,12960000,125,72
162,12960000,13040000,148,87
163,13040000,13120000,7648,2071
164,13120000,13200000,2694,779
165,13200000,13280000,125,72
166,13280000,13360000,128,72
167,13360000,13440000,125,72
168,13440000,13520000,2905,871
169,13520000,13600000,7675,2029
170,13600000,13680000,129,73
171,13680000,13760000,125,72
172,13760000,13840000,131,72
173,13840000,13920000,151,88
174,13920000,14000000,7996,2110
175,14000000,14080000,2746,780
176,14080000,14160000,137,72
177,14160000,14240000,125,72
178,14240000,14320000,128,72
179,14320000,14400000,2983,871
180,14400000,14480000,7631,2030
181,14480000,14560000,125,72
182,14560000,14640000,128,72
183,14640000,14720000,125,72
184,14720000,14800000,160,88
185,14800000,14880000,7849,2112
186,14880000,14960000,2696,776
187,14960000,15040000,125,72
188,15040000,15120000,131,72
189,15120000,15200000,125,72
190,15200000,15280000,3020,871
191,15280000,15360000,7824,2031
192,15360000,15440000,143,72
193,15440000,15520000,125,72
194,15520000,15600000,128,72
195,15600000,15680000,149,88
196,15680000,15760000,8069,2110
197,15760000,15840000,2741,776
198,15840000,15920000,128,72
199,15920000,16000000,125,72
200,16000000,16080000,134,72
201,16080000,16160000,2883,871
202,16160000,16240000,7645,2029
203,16240000,16320000,126,73
204,16320000,16400000,131,72
205,16400000,16480000,125,72
206,16480000,16560000,154,88
207,16560000,16640000,7846,2116
208,16640000,16720000,2732,780
209,16720000,16800000,125,72
210,16800000,16880000,128,72
211,16880000,16960000,125,72
212,16960000,17040000,2885,871
213,17040000,17120000,7690,2032
214,17120000,17200000,129,73
215,17200000,17280000,125,72
216,17280000,17360000,134,72
217,17360000,17440000,157,88
218,17440000,17520000,8035,2110
219,17520000,17600000,2763,780
220,17600000,17680000,131,72
221,17680000,17760000,125,72
222,17760000,17840000,128,72
223,17840000,17920000,2935,871
224,17920000,18000000,7688,2030
225,18000000,18080000,125,72
226,18080000,18160000,128,72
227,18160000,18240000,125,72
228,18240000,18320000,166,92
229,18320000,18400000,7970,2112
230,18400000,18480000,2729,776
231,18480000,18560000,125,72
232,18560000,18640000,134,72
233,18640000,18720000,125,72
234,18720000,18800000,3049,875
235,18800000,18880000,7907,2031
236,18880000,18960000,131,72
237,18960000,19040000,125,72
238,19040000,19120000,128,72
239,19120000,19200000,164,92
240,19200000,19280000,8073,2110
241,19280000,19360000,2732,776
242,19360000,19440000,128,72
243,19440000,19520000,125,72
244,19520000,19600000,131,72
245,19600000,19680000,2994,875
246,19680000,19760000,7636,2029
247,19760000,19840000,126,73
248,19840000,19920000,134,72
249,19920000,20000000,125,72
250,20000000,20080000,165,92
251,20080000,20160000,7879,2114
252,20160000,20240000,2748,780
253,20240000,20320000,125,72
254,20320000,20400000,128,72
255,20400000,20480000,130,75
256,20480000,20560000,2935,845
257,20560000,20640000,7663,2004
258,20640000,20720000,129,73
259,20720000,20800000,125,72
260,20800000,20880000,131,72
261,20880000,20960000,138,84
262,20960000,21040000,8109,2110
263,21040000,21120000,2800,780
264,21120000,21200000,134,72
265,21200000,21280000,125,72
266,21280000,21360000,137,76
267,21360000,21440000,3046,863
268,21440000,21520000,7708,2030
269,21520000,21600000,125,72
270,21600000,21680000,128,72
271,21680000,21760000,125,72
272,21760000,21840000,154,84
273,21840000,21920000,8046,2112
274,21920000,22000000,2712,774
275,22000000,22080000,125,72
276,22080000,22160000,131,72
277,22160000,22240000,134,76
278,22240000,22320000,3038,863
279,22320000,22400000,7873,2031
280,22400000,22480000,134,72
281,22480000,22560000,125,72
282,22560000,22640000,128,72
283,22640000,22720000,142,84
284,22720000,22800000,8343,2110
285,22800000,22880000,2765,776
286,22880000,22960000,128,72
287,22960000,23040000,125,72
288,23040000,23120000,149,76
289,23120000,23200000,2905,867
290,23200000,23280000,7641,2029
291,23280000,23360000,126,73
292,23360000,23440000,131,72
293,23440000,23520000,125,72
294,23520000,23600000,150,88
295,23600000,23680000,7711,2118
296,23680000,23760000,2685,780
297,23760000,23840000,125,72
298,23840000,23920000,128,72
299,23920000,24000000,134,76
300,24000000,24080000,2902,867
301,24080000,24160000,7625,2033
302,24160000,24240000,129,73
303,24240000,24320000,125,72
304,24320000,24400000,137,72
305,24400000,24480000,153,88
306,24480000,24560000,7936,2110
307,24560000,24640000,2722,780
308,24640000,24720000,131,72
309,24720000,24800000,125,72
310,24800000,24880000,141,76
311,24880000,24960000,2983,867
312,24960000,25040000,7699,2030
313,25040000,25120000,125,72
314,25120000,25200000,128,72
315,25200000,25280000,125,72
316,25280000,25360000,155,88
317,25360000,25440000,7876,2112
318,25440000,25520000,2754,776
319,25520000,25600000,125,72
320,25600000,25680000,143,72
321,25680000,25760000,134,76
322,25760000,25840000,2974,867
323,25840000,25920000,7861,2031
324,25920000,26000000,131,72
325,26000000,26080000,125,72
326,26080000,26160000,128,72
327,26160000,26240000,153,88
328,26240000,26320000,8161,2110
329,26320000,26400000,2754,776
330,26400000,26480000,128,72
331,26480000,26560000,125,72
332,26560000,26640000,142,76
333,26640000,26720000,2951,867
334,26720000,26800000,7714,2029
335,26800000,26880000,126,73
336,26880000,26960000,137,72
337,26960000,27040000,125,72
338,27040000,27120000,156,88
339,27120000,27200000,8059,2114
340,27200000,27280000,2767,780
341,27280000,27360000,125,72
342,27360000,27440000,128,72
343,27440000,27520000,134,76
344,27520000,27600000,3031,867
345,27600000,27680000,7865,2031
346,27680000,27760000,129,73
347,27760000,27840000,125,72
348,27840000,27920000,131,72
349,27920000,28000000,158,91
350,28000000,28080000,8157,2067
351,28080000,28160000,2800,779
352,28160000,28240000,140,72
353,28240000,28320000,125,72
354,28320000,28400000,141,76
355,28400000,28480000,3100,871
356,28480000,28560000,7776,2028
357,28560000,28640000,125,72
358,28640000,28720000,128,72
359,28720000,28800000,125,72
360,28800000,28880000,173,92
361,28880000,28960000,8020,2112
362,28960000,29040000,2756,776
363,29040000,29120000,125,72
364,29120000,29200000,131,72
365,29200000,29280000,138,76
366,29280000,29360000,3080,871
367,29360000,29440000,7921,2031
368,29440000,29520000,137,72
369,29520000,29600000,125,72
370,29600000,29680000,128,72
371,29680000,29760000,168,92
372,29760000,29840000,8247,2110
373,29840000,29920000,2817,776
374,29920000,30000000,128,72
375,30000000,30080000,125,72
376,30080000,30160000,143,76
377,30160000,30240000,3078,871
378,30240000,30320000,7825,2029
379,30320000,30400000,126,73
380,30400000,30480000,131,72
381,30480000,30560000,125,72
382,30560000,30640000,152,88
383,30640000,30720000,7929,2116
384,30720000,30800000,2774,780
385,30800000,30880000,125,72
386,30880000,30960000,128,72
387,30960000,31040000,134,76
388,31040000,31120000,2966,867
389,31120000,31200000,7759,2032
390,31200000,31280000,129,73
391,31280000,31360000,125,72
392,31360000,31440000,134,72
393,31440000,31520000,153,88
394,31520000,31600000,8230,2110
395,31600000,31680000,2796,780
396,31680000,31760000,131,72
397,31760000,31840000,125,72
398,31840000,31920000,141,76
399,31920000,32000000,3080,867
400,32000000,32080000,7814,2030
401,32080000,32160000,125,72
402,32160000,32240000,128,72
403,32240000,32320000,125,72
404,32320000,32400000,159,88
405,32400000,32480000,8233,2112
406,32480000,32560000,2767,776
407,32560000,32640000,125,72
408,32640000,32720000,134,72
409,32720000,32800000,136,76
410,32800000,32880000,3085,867
411,32880000,32960000,7977,2031
412,32960000,33040000,131,72
413,33040000,33120000,125,72
414,33120000,33200000,128,72
415,33200000,33280000,162,92
416,33280000,33360000,8343,2110
417,33360000,33440000,2799,776
418,33440000,33520000,128,72
419,33520000,33600000,125,72
420,33600000,33680000,144,76
421,33680000,33760000,3101,871
422,33760000,33840000,7815,2029
423,33840000,33920000,126,73
424,33920000,34000000,134,72
425,34000000,34080000,125,72
426,34080000,34160000,167,92
427,34160000,34240000,8122,2114
428,34240000,34320000,2775,780
429,34320000,34400000,125,72
430,34400000,34480000,128,72
431,34480000,34560000,134,76
432,34560000,34640000,3155,871
433,34640000,34720000,7980,2031
434,34720000,34800000,129,73
435,34800000,34880000,125,72
436,34880000,34960000,131,72
437,34960000,35040000,168,92
438,35040000,35120000,8447,2110
439,35120000,35200000,2843,780
440,35200000,35280000,134,72
441,35280000,35360000,125,72
442,35360000,35440000,141,76
443,35440000,35520000,3152,852
444,35520000,35600000,7897,2003
445,35600000,35680000,125,72
446,35680000,35760000,128,72
447,35760000,35840000,125,72
448,35840000,35920000,180,92
449,35920000,36000000,8371,2112
450,36000000,36080000,2783,776
451,36080000,36160000,125,72
452,36160000,36240000,131,72
453,36240000,36320000,138,76
454,36320000,36400000,3212,871
455,36400000,36480000,8075,2031
456,36480000,36560000,134,72
457,36560000,36640000,125,72
458,36640000,36720000,128,72
459,36720000,36800000,172,92
460,36800000,36880000,8570,2110
461,36880000,36960000,2790,774
462,36960000,37040000,128,72
463,37040000,37120000,125,72
464,37120000,37200000,150,76
465,37200000,37280000,3009,871
466,37280000,37360000,7899,2029
467,37360000,37440000,126,73
468,37440000,37520000,131,72
469,37520000,37600000,125,72
470,37600000,37680000,171,92
471,37680000,37760000,7941,2120
472,37760000,37840000,2672,780
473,37840000,37920000,125,72
474,37920000,38000000,128,72
475,38000000,38080000,136,76
476,38080000,38160000,2842,875
477,38160000,38240000,7495,2034
478,38240000,38320000,165,77
479,38320000,38400000,125,72
480,38400000,38480000,140,72
481,38480000,38560000,177,96
482,38560000,38640000,7809,2110
483,38640000,38720000,2755,786
484,38720000,38800000,131,72
485,38800000,38880000,125,72
486,38880000,38960000,143,76
487,38960000,39040000,2984,875
488,39040000,39120000,7588,2032
489,39120000,39200000,161,76
490,39200000,39280000,128,72
491,39280000,39360000,125,72
492,39360000,39440000,181,96
493,39440000,39520000,7871,2112
494,39520000,39600000,2704,780
495,39600000,39680000,125,72
496,39680000,39760000,137,72
497,39760000,39840000,134,76
498,39840000,39920000,3017,875
499,39920000,40000000,7812,2033
500,40000000,40080000,149,76
501,40080000,40160000,125,72
502,40160000,40240000,128,72
503,40240000,40320000,173,96
504,40320000,40400000,8024,2110
505,40400000,40480000,2752,780
506,40480000,40560000,128,72
507,40560000,40640000,125,72
508,40640000,40720000,138,76
509,40720000,40800000,2923,863
510,40800000,40880000,7644,2029
511,40880000,40960000,162,79
512,40960000,41040000,152,72
513,41040000,41120000,125,72
514,41120000,41200000,143,84
515,41200000,41280000,7905,2114
516,41280000,41360000,2800,788
517,41360000,41440000,125,72
518,41440000,41520000,128,72
519,41520000,41600000,132,76
520,41600000,41680000,2947,863
521,41680000,41760000,7785,2031
522,41760000,41840000,183,79
523,41840000,41920000,125,72
524,41920000,42000000,131,72
525,42000000,42080000,140,84
526,42080000,42160000,8218,2110
527,42160000,42240000,2886,788
528,42240000,42320000,137,72
529,42320000,42400000,125,72
530,42400000,42480000,139,76
531,42480000,42560000,3091,863
532,42560000,42640000,7763,2032
533,42640000,42720000,163,76
534,42720000,42800000,128,72
535,42800000,42880000,125,72
536,42880000,42960000,154,87
537,42960000,43040000,7932,2069
538,43040000,43120000,2809,779
539,43120000,43200000,125,72
540,43200000,43280000,131,72
541,43280000,43360000,134,76
542,43360000,43440000,3083,867
543,43440000,43520000,7922,2031
544,43520000,43600000,222,76
545,43600000,43680000,125,72
546,43680000,43760000,128,72
547,43760000,43840000,151,88
548,43840000,43920000,8269,2110
549,43920000,44000000,2904,780
550,44000000,44080000,128,72
551,44080000,44160000,125,72
552,44160000,44240000,145,76
553,44240000,44320000,3023,867
554,44320000,44400000,7828,2029
555,44400000,44480000,228,79
556,44480000,44560000,131,72
557,44560000,44640000,125,72
558,44640000,44720000,154,88
559,44720000,44800000,7962,2116
560,44800000,44880000,2955,788
561,44880000,44960000,125,72
562,44960000,45040000,128,72
563,45040000,45120000,132,76
564,45120000,45200000,3038,867
565,45200000,45280000,7890,2032
566,45280000,45360000,207,79
567,45360000,45440000,125,72
568,45440000,45520000,134,72
569,45520000,45600000,149,88
570,45600000,45680000,8144,2110
571,45680000,45760000,2932,788
572,45760000,45840000,131,72
573,45840000,45920000,125,72
574,45920000,46000000,139,76
575,46000000,46080000,3044,867
576,46080000,46160000,7891,2032
577,46160000,46240000,183,76
578,46240000,46320000,128,72
579,46320000,46400000,125,72
580,46400000,46480000,157,88
581,46480000,46560000,8231,2112
582,46560000,46640000,2873,780
583,46640000,46720000,125,72
584,46720000,46800000,134,72
585,46800000,46880000,136,76
586,46880000,46960000,3115,867
587,46960000,47040000,8070,2033
588,47040000,47120000,179,76
589,47120000,47200000,125,72
590,47200000,47280000,128,72
591,47280000,47360000,157,88
592,47360000,47440000,8370,2110
593,47440000,47520000,2857,780
594,47520000,47600000,128,72
595,47600000,47680000,125,72
596,47680000,47760000,142,76
597,47760000,47840000,3042,867
598,47840000,47920000,7737,2029
599,47920000,48000000,194,79
600,48000000,48080000,134,72
601,48080000,48160000,125,72
602,48160000,48240000,163,92
603,48240000,48320000,8040,2114
604,48320000,48400000,2879,788
605,48400000,48480000,125,72
606,48480000,48560000,128,72
607,48560000,48640000,136,76
608,48640000,48720000,3131,871
609,48720000,48800000,7890,2031
610,48800000,48880000,191,79
611,48880000,48960000,125,72
612,48960000,49040000,131,72
613,49040000,49120000,164,92
614,49120000,49200000,8281,2110
615,49200000,49280000,2921,788
616,49280000,49360000,134,72
617,49360000,49440000,125,72
618,49440000,49520000,143,76
619,49520000,49600000,3225,871
620,49600000,49680000,7964,2032
621,49680000,49760000,179,76
622,49760000,49840000,128,72
623,49840000,49920000,125,72
624,49920000,50000000,174,92
625,50000000,50080000,8324,2112
626,50080000,50160000,2845,780
627,50160000,50240000,125,72
628,50240000,50320000,131,72
629,50320000,50400000,134,76
630,50400000,50480000,3138,848
631,50480000,50560000,8019,2006
632,50560000,50640000,182,76
633,50640000,50720000,125,72
634,50720000,50800000,128,72
635,50800000,50880000,151,88
636,50880000,50960000,8528,2110
637,50960000,51040000,2935,780
638,51040000,51120000,128,72
639,51120000,51200000,125,72
640,51200000,51280000,157,76
641,51280000,51360000,3058,867
642,51360000,51440000,7913,2029
643,51440000,51520000,224,79
644,51520000,51600000,131,72
645,51600000,51680000,125,72
646,51680000,51760000,158,88
647,51760000,51840000,8045,2118
648,51840000,51920000,2914,786
649,51920000,52000000,125,72
650,52000000,52080000,128,72
651,52080000,52160000,134,76
652,52160000,52240000,2975,867
653,52240000,52320000,7861,2033
654,52320000,52400000,209,79
655,52400000,52480000,125,72
656,52480000,52560000,137,72
657,52560000,52640000,155,88
658,52640000,52720000,8275,2110
659,52720000,52800000,2947,788
660,52800000,52880000,131,72
661,52880000,52960000,125,72
662,52960000,53040000,141,76
663,53040000,53120000,3059,871
664,53120000,53200000,7889,2032
665,53200000,53280000,185,76
666,53280000,53360000,128,72
667,53360000,53440000,125,72
668,53440000,53520000,166,92
669,53520000,53600000,8127,2112
670,53600000,53680000,2928,780
671,53680000,53760000,125,72
672,53760000,53840000,140,72
673,53840000,53920000,138,76
674,53920000,54000000,3172,871
675,54000000,54080000,8133,2033
676,54080000,54160000,183,76
677,54160000,54240000,125,72
678,54240000,54320000,128,72
679,54320000,54400000,170,92
680,54400000,54480000,8412,2110
681,54480000,54560000,2922,780
682,54560000,54640000,128,72
683,54640000,54720000,125,72
684,54720000,54800000,142,76
685,54800000,54880000,3153,871
686,54880000,54960000,8014,2029
687,54960000,55040000,196,79
688,55040000,55120000,137,72
689,55120000,55200000,125,72
690,55200000,55280000,165,92
691,55280000,55360000,8205,2114
692,55360000,55440000,2973,788
693,55440000,55520000,125,72
694,55520000,55600000,128,72
695,55600000,55680000,136,76
696,55680000,55760000,3127,871
697,55760000,55840000,8079,2031
698,55840000,55920000,197,79
699,55920000,56000000,125,72
700,56000000,56080000,131,72
701,56080000,56160000,168,92
702,56160000,56240000,8496,2110
703,56240000,56320000,3003,788
704,56320000,56400000,143,72
705,56400000,56480000,125,72
706,56480000,56560000,143,76
707,56560000,56640000,3197,871
708,56640000,56720000,7925,2032
709,56720000,56800000,177,76
710,56800000,56880000,128,72
711,56880000,56960000,125,72
712,56960000,57040000,175,92
713,57040000,57120000,8266,2112
714,57120000,57200000,2877,780
715,57200000,57280000,125,72
716,57280000,57360000,131,72
717,57360000,57440000,138,76
718,57440000,57520000,3208,871
719,57520000,57600000,8050,2033
720,57600000,57680000,177,76
721,57680000,57760000,125,72
722,57760000,57840000,128,72
723,57840000,57920000,175,95
724,57920000,58000000,8354,2067
725,58000000,58080000,2881,779
726,58080000,58160000,128,72
727,58160000,58240000,125,72
728,58240000,58320000,149,76
729,58320000,58400000,3143,875
730,58400000,58480000,7910,2027
731,58480000,58560000,164,79
732,58560000,58640000,131,72
733,58640000,58720000,125,72
734,58720000,58800000,184,96
735,58800000,58880000,8131,2116
736,58880000,58960000,2887,788
737,58960000,59040000,125,72
738,59040000,59120000,128,72
739,59120000,59200000,132,76
740,59200000,59280000,3116,875
741,59280000,59360000,7936,2032
742,59360000,59440000,191,79
743,59440000,59520000,125,72
744,59520000,59600000,134,72
745,59600000,59680000,177,96
746,59680000,59760000,8322,2110
747,59760000,59840000,2949,788
748,59840000,59920000,131,72
749,59920000,60000000,125,72
750,60000000,60080000,139,76
751,60080000,60160000,3260,875
752,60160000,60240000,8034,2032
753,60240000,60320000,169,76
754,60320000,60400000,128,72
755,60400000,60480000,125,72
756,60480000,60560000,155,88
757,60560000,60640000,8316,2112
758,60640000,60720000,2930,780
759,60720000,60800000,125,72
760,60800000,60880000,134,72
761,60880000,60960000,143,80
762,60960000,61040000,3200,863
763,61040000,61120000,8176,2033
764,61120000,61200000,189,76
765,61200000,61280000,125,72
766,61280000,61360000,128,72
767,61360000,61440000,155,88
768,61440000,61520000,8611,2110
769,61520000,61600000,3029,780
770,61600000,61680000,128,72
771,61680000,61760000,125,72
772,61760000,61840000,151,80
773,61840000,61920000,3189,863
774,61920000,62000000,8010,2029
775,62000000,62080000,252,79
776,62080000,62160000,134,72
777,62160000,62240000,125,72
778,62240000,62320000,158,88
779,62320000,62400000,8381,2114
780,62400000,62480000,3049,788
781,62480000,62560000,125,72
782,62560000,62640000,128,72
783,62640000,62720000,143,80
784,62720000,62800000,3211,863
785,62800000,62880000,8085,2031
786,62880000,62960000,233,79
787,62960000,63040000,125,72
788,63040000,63120000,131,72
789,63120000,63200000,162,92
790,63200000,63280000,8554,2110
791,63280000,63360000,3066,788
792,63360000,63440000,134,72
793,63440000,63520000,125,72
794,63520000,63600000,154,80
795,63600000,63680000,3313,867
796,63680000,63760000,8131,2032
797,63760000,63840000,201,76
798,63840000,63920000,128,72
799,63920000,64000000,125,72
800,64000000,64080000,175,92
801,64080000,64160000,8489,2112
802,64160000,64240000,2978,780
803,64240000,64320000,125,72
804,64320000,64400000,131,72
805,64400000,64480000,147,80
806,64480000,64560000,3311,867
807,64560000,64640000,8342,2033
808,64640000,64720000,200,76
809,64720000,64800000,125,72
810,64800000,64880000,128,72
811,64880000,64960000,170,92
812,64960000,65040000,8762,2110
813,65040000,65120000,2979,780
814,65120000,65200000,128,72
815,65200000,65280000,125,72
816,65280000,65360000,159,80
817,65360000,65440000,2969,848
818,65440000,65520000,7977,2002
819,65520000,65600000,186,79
820,65600000,65680000,131,72
821,65680000,65760000,125,72
822,65760000,65840000,167,92
823,65840000,65920000,7942,2122
824,65920000,66000000,2915,788
825,66000000,66080000,125,72
826,66080000,66160000,128,72
827,66160000,66240000,145,80
828,66240000,66320000,2888,867
829,66320000,66400000,7847,2035
830,66400000,66480000,235,79
831,66480000,66560000,125,72
832,66560000,66640000,143,72
833,66640000,66720000,170,92
834,66720000,66800000,8043,2110
835,66800000,66880000,3005,786
836,66880000,66960000,131,72
837,66960000,67040000,125,72
838,67040000,67120000,156,80
839,67120000,67200000,2966,867
840,67200000,67280000,7894,2032
841,67280000,67360000,211,76
842,67360000,67440000,128,72
843,67440000,67520000,125,72
844,67520000,67600000,174,92
845,67600000,67680000,8123,2112
846,67680000,67760000,2955,780
847,67760000,67840000,125,72
848,67840000,67920000,137,72
849,67920000,68000000,151,80
850,68000000,68080000,3006,871
851,68080000,68160000,8042,2033
852,68160000,68240000,199,76
853,68240000,68320000,125,72
854,68320000,68400000,128,72
855,68400000,68480000,181,96
856,68480000,68560000,8188,2110
857,68560000,68640000,2906,780
858,68640000,68720000,128,72
859,68720000,68800000,125,72
860,68800000,68880000,155,80
861,68880000,68960000,3039,871
862,68960000,69040000,7897,2029
863,69040000,69120000,218,79
864,69120000,69200000,140,72
865,69200000,69280000,125,72
866,69280000,69360000,184,96
867,69360000,69440000,8093,2114
868,69440000,69520000,2957,788
869,69520000,69600000,125,72
870,69600000,69680000,128,72
871,69680000,69760000,143,80
872,69760000,69840000,3065,871
873,69840000,69920000,8050,2031
874,69920000,70000000,189,79
875,70000000,70080000,125,72
876,70080000,70160000,131,72
877,70160000,70240000,175,96
878,70240000,70320000,8302,2110
879,70320000,70400000,2979,788
880,70400000,70480000,137,72
881,70480000,70560000,125,72
882,70560000,70640000,154,80
883,70640000,70720000,3080,867
884,70720000,70800000,7957,2032
885,70800000,70880000,173,76
886,70880000,70960000,128,72
887,70960000,71040000,125,72
888,71040000,71120000,173,92
889,71120000,71200000,8186,2112
890,71200000,71280000,2896,780
891,71280000,71360000,125,72
892,71360000,71440000,131,72
893,71440000,71520000,149,80
894,71520000,71600000,3071,867
895,71600000,71680000,8112,2033
896,71680000,71760000,198,76
897,71760000,71840000,125,72
898,71840000,71920000,128,72
899,71920000,72000000,172,92
900,72000000,72080000,8488,2110
901,72080000,72160000,2945,780
902,72160000,72240000,128,72
903,72240000,72320000,125,72
904,72320000,72400000,160,80
905,72400000,72480000,3080,867
906,72480000,72560000,8022,2029
907,72560000,72640000,194,79
908,72640000,72720000,131,72
909,72720000,72800000,125,72
910,72800000,72880000,178,95
911,72880000,72960000,8040,2073
912,72960000,73040000,2939,787
913,73040000,73120000,125,72
914,73120000,73200000,128,72
915,73200000,73280000,147,80
916,73280000,73360000,3047,871
917,73360000,73440000,8040,2030
918,73440000,73520000,227,79
919,73520000,73600000,125,72
920,73600000,73680000,134,72
921,73680000,73760000,181,96
922,73760000,73840000,8333,2110
923,73840000,73920000,3036,788
924,73920000,74000000,131,72
925,74000000,74080000,125,72
926,74080000,74160000,158,80
927,74160000,74240000,3133,871
928,74240000,74320000,8089,2032
929,74320000,74400000,185,76
930,74400000,74480000,128,72
931,74480000,74560000,125,72
932,74560000,74640000,183,96
933,74640000,74720000,8334,2112
934,74720000,74800000,2919,780
935,74800000,74880000,125,72
936,74880000,74960000,134,72
937,74960000,75040000,151,80
938,75040000,75120000,3216,871
939,75120000,75200000,8296,2033
940,75200000,75280000,173,76
941,75280000,75360000,125,72
942,75360000,75440000,128,72
943,75440000,75520000,183,96
944,75520000,75600000,8356,2110
945,75600000,75680000,2842,780
946,75680000,75760000,128,72
947,75760000,75840000,125,72
948,75840000,75920000,157,80
949,75920000,76000000,3023,871
950,76000000,76080000,7691,2029
951,76080000,76160000,174,79
952,76160000,76240000,134,72
953,76240000,76320000,125,72
954,76320000,76400000,184,96
955,76400000,76480000,8048,2114
956,76480000,76560000,2860,788
957,76560000,76640000,125,72
958,76640000,76720000,128,72
959,76720000,76800000,149,80
960,76800000,76880000,3095,871
961,76880000,76960000,7798,2031
962,76960000,77040000,185,79
963,77040000,77120000,125,72
964,77120000,77200000,131,72
965,77200000,77280000,189,96
966,77280000,77360000,8289,2110
967,77360000,77440000,2892,788
968,77440000,77520000,134,72
969,77520000,77600000,125,72
970,77600000,77680000,160,80
971,77680000,77760000,3130,871
972,77760000,77840000,7793,2032
973,77840000,77920000,169,76
974,77920000,78000000,128,72
975,78000000,78080000,125,72
976,78080000,78160000,194,100
977,78160000,78240000,8156,2112
978,78240000,78320000,2867,780
979,78320000,78400000,125,72
980,78400000,78480000,131,72
981,78480000,78560000,147,80
982,78560000,78640000,3203,875
983,78640000,78720000,8019,2033
984,78720000,78800000,208,76
985,78800000,78880000,125,72
986,78880000,78960000,128,72
987,78960000,79040000,194,100
988,79040000,79120000,8371,2110
989,79120000,79200000,2930,780
990,79200000,79280000,128,72
991,79280000,79360000,125,72
992,79360000,79440000,160,80
993,79440000,79520000,3095,875
994,79520000,79600000,7896,2029
995,79600000,79680000,210,79
996,79680000,79760000,131,72
997,79760000,79840000,125,72
998,79840000,79920000,189,100
999,79920000,80000000,7992,2118
1000,80000000,80080000,2911,788
1001,80080000,80160000,125,72
1002,80160000,80240000,128,72
1003,80240000,80320000,130,75
1004,80320000,80400000,2915,845
1005,80400000,80480000,7709,2006
1006,80480000,80560000,179,79
1007,80560000,80640000,125,72
1008,80640000,80720000,137,72
1009,80720000,80800000,138,84
1010,80800000,80880000,8129,2110
1011,80880000,80960000,2892,788
1012,80960000,81040000,131,72
1013,81040000,81120000,125,72
1014,81120000,81200000,137,76
1015,81200000,81280000,3048,863
1016,81280000,81360000,7799,2032
1017,81360000,81440000,169,76
1018,81440000,81520000,128,72
1019,81520000,81600000,125,72
1020,81600000,81680000,148,84
1021,81680000,81760000,8126,2112
1022,81760000,81840000,2872,778
1023,81840000,81920000,125,72
1024,81920000,82000000,155,72
1025,82000000,82080000,134,76
1026,82080000,82160000,3081,863
1027,82160000,82240000,8041,2033
1028,82240000,82320000,195,76
1029,82320000,82400000,125,72
1030,82400000,82480000,128,72
1031,82480000,82560000,142,84
1032,82560000,82640000,8416,2110
1033,82640000,82720000,2878,780
1034,82720000,82800000,128,72
1035,82800000,82880000,125,72
1036,82880000,82960000,140,76
1037,82960000,83040000,3061,867
1038,83040000,83120000,7834,2029
1039,83120000,83200000,178,79
1040,83200000,83280000,137,72
1041,83280000,83360000,125,72
1042,83360000,83440000,150,88
1043,83440000,83520000,8098,2114
1044,83520000,83600000,2900,788
1045,83600000,83680000,125,72
1046,83680000,83760000,128,72
1047,83760000,83840000,134,76
1048,83840000,83920000,3161,867
1049,83920000,84000000,8043,2031
1050,84000000,84080000,229,79
1051,84080000,84160000,125,72
1052,84160000,84240000,131,72
1053,84240000,84320000,153,88
1054,84320000,84400000,8414,2110
1055,84400000,84480000,3022,788
1056,84480000,84560000,140,72
1057,84560000,84640000,125,72
1058,84640000,84720000,141,76
1059,84720000,84800000,3231,867
1060,84800000,84880000,8002,2032
1061,84880000,84960000,205,76
1062,84960000,85040000,128,72
1063,85040000,85120000,125,72
1064,85120000,85200000,158,88
1065,85200000,85280000,8138,2112
1066,85280000,85360000,2982,780
1067,85360000,85440000,125,72
1068,85440000,85520000,131,72
1069,85520000,85600000,134,76
1070,85600000,85680000,3159,867
1071,85680000,85760000,8115,2033
1072,85760000,85840000,243,76
1073,85840000,85920000,125,72
1074,85920000,86000000,128,72
1075,86000000,86080000,153,88
1076,86080000,86160000,8444,2110
1077,86160000,86240000,3021,780
1078,86240000,86320000,128,72
1079,86320000,86400000,125,72
1080,86400000,86480000,145,76
1081,86480000,86560000,3091,867
1082,86560000,86640000,7929,2029
1083,86640000,86720000,248,79
1084,86720000,86800000,131,72
1085,86800000,86880000,125,72
1086,86880000,86960000,156,88
1087,86960000,87040000,8208,2116
1088,87040000,87120000,3038,788
1089,87120000,87200000,125,72
1090,87200000,87280000,128,72
1091,87280000,87360000,134,76
1092,87360000,87440000,3116,867
1093,87440000,87520000,7969,2032
1094,87520000,87600000,215,79
1095,87600000,87680000,125,72
1096,87680000,87760000,134,72
1097,87760000,87840000,158,91
1098,87840000,87920000,8260,2067
1099,87920000,88000000,2992,787
1100,88000000,88080000,131,72
1101,88080000,88160000,125,72
1102,88160000,88240000,141,76
1103,88240000,88320000,3195,871
1104,88320000,88400000,7999,2030
1105,88400000,88480000,201,76
1106,88480000,88560000,128,72
1107,88560000,88640000,125,72
1108,88640000,88720000,170,92
1109,88720000,88800000,8347,2112
1110,88800000,88880000,2905,780
1111,88880000,88960000,125,72
1112,88960000,89040000,134,72
1113,89040000,89120000,138,76
1114,89120000,89200000,3238,871
1115,89200000,89280000,8194,2033
1116,89280000,89360000,181,76
1117,89360000,89440000,125,72
1118,89440000,89520000,128,72
1119,89520000,89600000,168,92
1120,89600000,89680000,8523,2110
1121,89680000,89760000,3012,780
1122,89760000,89840000,128,72
1123,89840000,89920000,125,72
1124,89920000,90000000,140,76
1125,90000000,90080000,3261,871
1126,90080000,90160000,8053,2029
1127,90160000,90240000,218,79
1128,90240000,90320000,134,72
1129,90320000,90400000,125,72
1130,90400000,90480000,152,88
1131,90480000,90560000,8293,2114
1132,90560000,90640000,3005,788
1133,90640000,90720000,125,72
1134,90720000,90800000,128,72
1135,90800000,90880000,134,76
1136,90880000,90960000,3208,867
1137,90960000,91040000,8109,2031
1138,91040000,91120000,267,79
1139,91120000,91200000,125,72
1140,91200000,91280000,131,72
1141,91280000,91360000,153,88
1142,91360000,91440000,8642,2110
1143,91440000,91520000,3117,788
1144,91520000,91600000,134,72
1145,91600000,91680000,125,72
1146,91680000,91760000,141,76
1147,91760000,91840000,3313,867
1148,91840000,91920000,8162,2032
1149,91920000,92000000,231,76
1150,92000000,92080000,128,72
1151,92080000,92160000,125,72
1152,92160000,92240000,174,88
1153,92240000,92320000,8577,2112
1154,92320000,92400000,3009,780
1155,92400000,92480000,125,72
1156,92480000,92560000,131,72
1157,92560000,92640000,136,76
1158,92640000,92720000,3265,867
1159,92720000,92800000,8253,2033
1160,92800000,92880000,220,76
1161,92880000,92960000,125,72
1162,92960000,93040000,128,72
1163,93040000,93120000,162,92
1164,93120000,93200000,8708,2110
1165,93200000,93280000,2983,780
1166,93280000,93360000,128,72
1167,93360000,93440000,125,72
1168,93440000,93520000,150,76
1169,93520000,93600000,3121,871
1170,93600000,93680000,8057,2029
1171,93680000,93760000,210,79
1172,93760000,93840000,131,72
1173,93840000,93920000,125,72
1174,93920000,94000000,167,92
1175,94000000,94080000,8007,2120
1176,94080000,94160000,2902,788
1177,94160000,94240000,125,72
1178,94240000,94320000,128,72
1179,94320000,94400000,134,76
1180,94400000,94480000,2999,871
1181,94480000,94560000,7856,2034
1182,94560000,94640000,237,79
1183,94640000,94720000,125,72
1184,94720000,94800000,140,72
1185,94800000,94880000,168,92
1186,94880000,94960000,8148,2110
1187,94960000,95040000,2989,788
1188,95040000,95120000,131,72
1189,95120000,95200000,125,72
1190,95200000,95280000,141,76
1191,95280000,95360000,3008,852
1192,95360000,95440000,7819,2005
1193,95440000,95520000,207,76
1194,95520000,95600000,128,72
1195,95600000,95680000,125,72
1196,95680000,95760000,168,92
1197,95760000,95840000,8122,2112
1198,95840000,95920000,2910,780
1199,95920000,96000000,125,72
1200,96000000,96080000,137,72
1201,96080000,96160000,138,76
1202,96160000,96240000,3121,871
1203,96240000,96320000,8033,2033
1204,96320000,96400000,195,76
1205,96400000,96480000,125,72
1206,96480000,96560000,128,72
1207,96560000,96640000,172,92
1208,96640000,96720000,8332,2110
1209,96720000,96800000,3008,778
1210,96800000,96880000,128,72
1211,96880000,96960000,125,72
1212,96960000,97040000,144,76
1213,97040000,97120000,3098,871
1214,97120000,97200000,7958,2029
1215,97200000,97280000,272,79
1216,97280000,97360000,143,72
1217,97360000,97440000,125,72
1218,97440000,97520000,171,92
1219,97520000,97600000,8266,2114
1220,97600000,97680000,3101,788
1221,97680000,97760000,125,72
1222,97760000,97840000,128,72
1223,97840000,97920000,138,76
1224,97920000,98000000,3123,875
1225,98000000,98080000,7989,2031
1226,98080000,98160000,165,79
1227,98160000,98240000,125,72
1228,98240000,98320000,131,72
1229,98320000,98400000,179,96
1230,98400000,98480000,8363,2110
1231,98480000,98560000,2956,788
1232,98560000,98640000,137,72
1233,98640000,98720000,125,72
1234,98720000,98800000,145,76
1235,98800000,98880000,3253,875
1236,98880000,98960000,7991,2032
1237,98960000,99040000,159,76
1238,99040000,99120000,128,72
1239,99120000,99200000,125,72
1240,99200000,99280000,184,96
1241,99280000,99360000,8295,2112
1242,99360000,99440000,2884,780
1243,99440000,99520000,125,72
1244,99520000,99600000,131,72
1245,99600000,99680000,134,76
1246,99680000,99760000,3240,875
1247,99760000,99840000,8170,2033
1248,99840000,99920000,180,76
1249,99920000,100000000,125,72
1250,100000000,100080000,128,72
1251,100080000,100160000,173,96
1252,100160000,100240000,8469,2110
1253,100240000,100320000,3043,780
1254,100320000,100400000,128,72
1255,100400000,100480000,125,72
1256,100480000,100560000,152,80
1257,100560000,100640000,3103,863
1258,100640000,100720000,8066,2029
1259,100720000,100800000,244,79
1260,100800000,100880000,131,72
1261,100880000,100960000,125,72
1262,100960000,101040000,156,88
1263,101040000,101120000,8217,2116
1264,101120000,101200000,3084,788
1265,101200000,101280000,125,72
1266,101280000,101360000,128,72
1267,101360000,101440000,141,80
1268,101440000,101520000,3070,863
1269,101520000,101600000,8092,2032
1270,101600000,101680000,229,79
1271,101680000,101760000,125,72
1272,101760000,101840000,134,72
1273,101840000,101920000,153,88
1274,101920000,102000000,8481,2110
1275,102000000,102080000,3111,788
1276,102080000,102160000,131,72
1277,102160000,102240000,125,72
1278,102240000,102320000,152,80
1279,102320000,102400000,3222,863
1280,102400000,102480000,8186,2032
1281,102480000,102560000,209,76
1282,102560000,102640000,128,72
1283,102640000,102720000,125,72
1284,102720000,102800000,164,91
1285,102800000,102880000,8343,2069
1286,102880000,102960000,2991,779
1287,102960000,103040000,125,72
1288,103040000,103120000,134,72
1289,103120000,103200000,147,80
1290,103200000,103280000,3260,867
1291,103280000,103360000,8334,2031
1292,103360000,103440000,199,76
1293,103440000,103520000,125,72
1294,103520000,103600000,128,72
1295,103600000,103680000,168,92
1296,103680000,103760000,8590,2110
1297,103760000,103840000,3003,780
1298,103840000,103920000,128,72
1299,103920000,104000000,125,72
1300,104000000,104080000,153,80
1301,104080000,104160000,3201,867
1302,104160000,104240000,8040,2029
1303,104240000,104320000,222,79
1304,104320000,104400000,134,72
1305,104400000,104480000,125,72
1306,104480000,104560000,167,92
1307,104560000,104640000,8326,2114
1308,104640000,104720000,3052,788
1309,104720000,104800000,125,72
1310,104800000,104880000,128,72
1311,104880000,104960000,143,80
1312,104960000,105040000,3283,867
1313,105040000,105120000,8197,2031
1314,105120000,105200000,221,79
1315,105200000,105280000,125,72
1316,105280000,105360000,131,72
1317,105360000,105440000,164,92
1318,105440000,105520000,8558,2110
1319,105520000,105600000,3084,788
1320,105600000,105680000,134,72
1321,105680000,105760000,125,72
1322,105760000,105840000,154,80
1323,105840000,105920000,3277,867
1324,105920000,106000000,8151,2032
1325,106000000,106080000,187,76
1326,106080000,106160000,128,72
1327,106160000,106240000,125,72
1328,106240000,106320000,176,92
1329,106320000,106400000,8577,2112
1330,106400000,106480000,2928,780
1331,106480000,106560000,125,72
1332,106560000,106640000,131,72
1333,106640000,106720000,149,80
1334,106720000,106800000,3307,867
1335,106800000,106880000,8279,2033
1336,106880000,106960000,172,76
1337,106960000,107040000,125,72
1338,107040000,107120000,128,72
1339,107120000,107200000,174,92
1340,107200000,107280000,8792,2110
1341,107280000,107360000,2953,780
1342,107360000,107440000,128,72
1343,107440000,107520000,125,72
1344,107520000,107600000,169,80
1345,107600000,107680000,3161,867
1346,107680000,107760000,8056,2029
1347,107760000,107840000,172,79
1348,107840000,107920000,131,72
1349,107920000,108000000,125,72
1350,108000000,108080000,180,96
1351,108080000,108160000,8237,2118
1352,108160000,108240000,2911,788
1353,108240000,108320000,125,72
1354,108320000,108400000,128,72
1355,108400000,108480000,145,80
1356,108480000,108560000,3139,871
1357,108560000,108640000,8034,2033
1358,108640000,108720000,181,79
1359,108720000,108800000,125,72
1360,108800000,108880000,137,72
1361,108880000,108960000,177,96
1362,108960000,109040000,8385,2110
1363,109040000,109120000,2968,788
1364,109120000,109200000,131,72
1365,109200000,109280000,125,72
1366,109280000,109360000,156,80
1367,109360000,109440000,3246,871
1368,109440000,109520000,8135,2032
1369,109520000,109600000,161,76
1370,109600000,109680000,128,72
1371,109680000,109760000,125,72
1372,109760000,109840000,181,96
1373,109840000,109920000,8488,2112
1374,109920000,110000000,3008,780
1375,110000000,110080000,125,72
1376,110080000,110160000,140,72
1377,110160000,110240000,147,80
1378,110240000,110320000,3200,848
1379,110320000,110400000,8273,2006
1380,110400000,110480000,191,76
1381,110480000,110560000,125,72
1382,110560000,110640000,128,72
1383,110640000,110720000,168,92
1384,110720000,110800000,8685,2110
1385,110800000,110880000,2981,780
1386,110880000,110960000,128,72
1387,110960000,111040000,125,72
1388,111040000,111120000,155,80
1389,111120000,111200000,3233,867
1390,111200000,111280000,8128,2029
1391,111280000,111360000,186,79
1392,111360000,111440000,137,72
1393,111440000,111520000,125,72
1394,111520000,111600000,173,92
1395,111600000,111680000,8510,2114
1396,111680000,111760000,2986,786
1397,111760000,111840000,125,72
1398,111840000,111920000,128,72
1399,111920000,112000000,147,80
1400,112000000,112080000,3253,867
1401,112080000,112160000,8271,2031
1402,112160000,112240000,195,79
1403,112240000,112320000,125,72
1404,112320000,112400000,131,72
1405,112400000,112480000,172,92
1406,112480000,112560000,8829,2110
1407,112560000,112640000,3058,788
1408,112640000,112720000,146,72
1409,112720000,112800000,125,72
1410,112800000,112880000,158,80
1411,112880000,112960000,3322,871
1412,112960000,113040000,8050,2032
1413,113040000,113120000,187,76
1414,113120000,113200000,128,72
1415,113200000,113280000,125,72
1416,113280000,113360000,182,96
1417,113360000,113440000,8305,2112
1418,113440000,113520000,2927,780
1419,113520000,113600000,125,72
1420,113600000,113680000,131,72
1421,113680000,113760000,151,80
1422,113760000,113840000,3338,871
1423,113840000,113920000,8175,2033
1424,113920000,114000000,193,76
1425,114000000,114080000,125,72
1426,114080000,114160000,128,72
1427,114160000,114240000,187,96
1428,114240000,114320000,8611,2110
1429,114320000,114400000,2932,780
1430,114400000,114480000,128,72
1431,114480000,114560000,125,72
1432,114560000,114640000,160,80
1433,114640000,114720000,3274,871
1434,114720000,114800000,8067,2029
1435,114800000,114880000,166,79
1436,114880000,114960000,131,72
1437,114960000,115040000,125,72
1438,115040000,115120000,182,96
1439,115120000,115200000,8273,2116
1440,115200000,115280000,2958,788
1441,115280000,115360000,125,72
1442,115360000,115440000,128,72
1443,115440000,115520000,149,80
1444,115520000,115600000,3193,871
1445,115600000,115680000,8009,2032
1446,115680000,115760000,175,79
1447,115760000,115840000,125,72
1448,115840000,115920000,134,72
1449,115920000,116000000,185,96
1450,116000000,116080000,8519,2110
1451,116080000,116160000,2976,788
1452,116160000,116240000,131,72
1453,116240000,116320000,125,72
1454,116320000,116400000,160,80
1455,116400000,116480000,3275,871
1456,116480000,116560000,8067,2032
1457,116560000,116640000,157,76
1458,116640000,116720000,128,72
1459,116720000,116800000,125,72
1460,116800000,116880000,189,96
1461,116880000,116960000,8595,2112
1462,116960000,117040000,2937,780
1463,117040000,117120000,125,72
1464,117120000,117200000,134,72
1465,117200000,117280000,155,80
1466,117280000,117360000,3366,871
1467,117360000,117440000,8300,2033
1468,117440000,117520000,167,76
1469,117520000,117600000,125,72
1470,117600000,117680000,128,72
1471,117680000,117760000,196,99
1472,117760000,117840000,8635,2067
1473,117840000,117920000,3091,779
1474,117920000,118000000,128,72
1475,118000000,118080000,125,72
1476,118080000,118160000,153,80
1477,118160000,118240000,3326,875
1478,118240000,118320000,8135,2027
1479,118320000,118400000,258,79
1480,118400000,118480000,134,72
1481,118480000,118560000,125,72
1482,118560000,118640000,193,100
1483,118640000,118720000,8495,2114
1484,118720000,118800000,3127,788
1485,118800000,118880000,125,72
1486,118880000,118960000,128,72
1487,118960000,119040000,141,80
1488,119040000,119120000,3358,875
1489,119120000,119200000,8261,2031
1490,119200000,119280000,267,79
1491,119280000,119360000,125,72
1492,119360000,119440000,131,72
1493,119440000,119520000,190,100
1494,119520000,119600000,8734,2110
1495,119600000,119680000,3187,788
1496,119680000,119760000,134,72
1497,119760000,119840000,125,72
1498,119840000,119920000,152,80
1499,119920000,120000000,3493,875
1500,120000000,120080000,8347,2032
1501,120080000,120160000,239,76
1502,120160000,120240000,128,72
1503,120240000,120320000,125,72
1504,120320000,120400000,164,88
1505,120400000,120480000,8660,2112
1506,120480000,120560000,3012,780
1507,120560000,120640000,125,72
1508,120640000,120720000,131,72
1509,120720000,120800000,143,80
1510,120800000,120880000,3344,863
1511,120880000,120960000,8373,2033
1512,120960000,121040000,186,76
1513,121040000,121120000,125,72
1514,121120000,121200000,128,72
1515,121200000,121280000,155,88
1516,121280000,121360000,8933,2110
1517,121360000,121440000,2911,776
1518,121440000,121520000,128,72
1519,121520000,121600000,125,72
1520,121600000,121680000,159,80
1521,121680000,121760000,2972,863
1522,121760000,121840000,7930,2029
1523,121840000,121920000,126,73
1524,121920000,122000000,131,72
1525,122000000,122080000,125,72
1526,122080000,122160000,160,88
1527,122160000,122240000,7832,2126
1528,122240000,122320000,2751,780
1529,122320000,122400000,125,72
1530,122400000,122480000,128,72
1531,122480000,122560000,141,80
1532,122560000,122640000,2751,863
1533,122640000,122720000,7683,2037
1534,122720000,122800000,129,73
1535,122800000,122880000,125,72
1536,122880000,122960000,152,72
1537,122960000,123040000,160,92
1538,123040000,123120000,7854,2110
1539,123120000,123200000,2792,780
1540,123200000,123280000,131,72
1541,123280000,123360000,125,72
1542,123360000,123440000,152,80
1543,123440000,123520000,2864,867
1544,123520000,123600000,7694,2030
1545,123600000,123680000,125,72
1546,123680000,123760000,128,72
1547,123760000,123840000,125,72
1548,123840000,123920000,168,92
1549,123920000,124000000,7811,2112
1550,124000000,124080000,2764,776
1551,124080000,124160000,125,72
1552,124160000,124240000,137,72
1553,124240000,124320000,149,80
1554,124320000,124400000,2927,867
1555,124400000,124480000,7941,2031
1556,124480000,124560000,131,72
1557,124560000,124640000,125,72
1558,124640000,124720000,128,72
1559,124720000,124800000,172,92
1560,124800000,124880000,8103,2110
1561,124880000,124960000,2780,776
1562,124960000,125040000,128,72
1563,125040000,125120000,125,72
1564,125120000,125200000,153,80
1565,125200000,125280000,2832,848
1566,125280000,125360000,7723,2002
1567,125360000,125440000,126,73
1568,125440000,125520000,140,72
1569,125520000,125600000,125,72
1570,125600000,125680000,167,92
1571,125680000,125760000,7920,2114
1572,125760000,125840000,2815,780
1573,125840000,125920000,125,72
1574,125920000,126000000,128,72
1575,126000000,126080000,147,80
1576,126080000,126160000,2932,867
1577,126160000,126240000,7884,2031
1578,126240000,126320000,129,73
1579,126320000,126400000,125,72
1580,126400000,126480000,131,72
1581,126480000,126560000,172,92
1582,126560000,126640000,8162,2110
1583,126640000,126720000,2833,778
1584,126720000,126800000,137,72
1585,126800000,126880000,125,72
1586,126880000,126960000,158,80
1587,126960000,127040000,3000,867
1588,127040000,127120000,7844,2030
1589,127120000,127200000,125,72
1590,127200000,127280000,128,72
1591,127280000,127360000,125,72
1592,127360000,127440000,173,92
1593,127440000,127520000,8123,2112
1594,127520000,127600000,2789,776
1595,127600000,127680000,125,72
1596,127680000,127760000,131,72
1597,127760000,127840000,147,80
1598,127840000,127920000,2994,871
1599,127920000,128000000,7961,2031
1600,128000000,128080000,143,72
1601,128080000,128160000,125,72
1602,128160000,128240000,128,72
1603,128240000,128320000,177,96
1604,128320000,128400000,8209,2110
1605,128400000,128480000,2839,776
1606,128480000,128560000,128,72
1607,128560000,128640000,125,72
1608,128640000,128720000,160,80
1609,128720000,128800000,2983,871
1610,128800000,128880000,7901,2029
1611,128880000,128960000,126,73
1612,128960000,129040000,131,72
1613,129040000,129120000,125,72
1614,129120000,129200000,186,96
1615,129200000,129280000,7979,2116
1616,129280000,129360000,2804,780
1617,129360000,129440000,125,72
1618,129440000,129520000,128,72
1619,129520000,129600000,143,80
1620,129600000,129680000,2953,871
1621,129680000,129760000,7959,2032
1622,129760000,129840000,129,73
1623,129840000,129920000,125,72
1624,129920000,130000000,134,72
1625,130000000,130080000,175,96
1626,130080000,130160000,8137,2110
1627,130160000,130240000,2873,780
1628,130240000,130320000,131,72
1629,130320000,130400000,125,72
1630,130400000,130480000,154,80
1631,130480000,130560000,2976,867
1632,130560000,130640000,7949,2030
1633,130640000,130720000,125,72
1634,130720000,130800000,128,72
1635,130800000,130880000,125,72
1636,130880000,130960000,172,92
1637,130960000,131040000,8169,2112
1638,131040000,131120000,2841,776
1639,131120000,131200000,125,72
1640,131200000,131280000,134,72
1641,131280000,131360000,151,80
1642,131360000,131440000,3013,867
1643,131440000,131520000,8134,2031
1644,131520000,131600000,131,72
1645,131600000,131680000,125,72
1646,131680000,131760000,128,72
1647,131760000,131840000,174,92
1648,131840000,131920000,8345,2110
1649,131920000,132000000,2854,776
1650,132000000,132080000,128,72
1651,132080000,132160000,125,72
1652,132160000,132240000,155,80
1653,132240000,132320000,3006,867
1654,132320000,132400000,7842,2029
1655,132400000,132480000,126,73
1656,132480000,132560000,134,72
1657,132560000,132640000,125,72
1658,132640000,132720000,176,95
1659,132720000,132800000,7902,2071
1660,132800000,132880000,2833,779
1661,132880000,132960000,125,72
1662,132960000,133040000,128,72
1663,133040000,133120000,149,80
1664,133120000,133200000,3044,871
1665,133200000,133280000,7942,2029
1666,133280000,133360000,129,73
1667,133360000,133440000,125,72
1668,133440000,133520000,131,72
1669,133520000,133600000,183,96
1670,133600000,133680000,8251,2110
1671,133680000,133760000,2889,780
1672,133760000,133840000,134,72
1673,133840000,133920000,125,72
1674,133920000,134000000,160,80
1675,134000000,134080000,3112,871
1676,134080000,134160000,7968,2030
1677,134160000,134240000,125,72
1678,134240000,134320000,128,72
1679,134320000,134400000,125,72
1680,134400000,134480000,189,96
1681,134480000,134560000,8184,2112
1682,134560000,134640000,2841,776
1683,134640000,134720000,125,72
1684,134720000,134800000,131,72
1685,134800000,134880000,151,80
1686,134880000,134960000,3154,871
1687,134960000,135040000,8156,2031
1688,135040000,135120000,134,72
1689,135120000,135200000,125,72
1690,135200000,135280000,128,72
1691,135280000,135360000,183,96
1692,135360000,135440000,8390,2110
1693,135440000,135520000,2870,776
1694,135520000,135600000,128,72
1695,135600000,135680000,125,72
1696,135680000,135760000,170,80
1697,135760000,135840000,2948,871
1698,135840000,135920000,7889,2029
1699,135920000,136000000,126,73
1700,136000000,136080000,131,72
1701,136080000,136160000,125,72
1702,136160000,136240000,188,96
1703,136240000,136320000,7985,2118
1704,136320000,136400000,2803,780
1705,136400000,136480000,125,72
1706,136480000,136560000,128,72
1707,136560000,136640000,145,80
1708,136640000,136720000,2903,871
1709,136720000,136800000,7842,2033
1710,136800000,136880000,129,73
1711,136880000,136960000,125,72
1712,136960000,137040000,137,72
1713,137040000,137120000,185,96
1714,137120000,137200000,8133,2110
1715,137200000,137280000,2842,780
1716,137280000,137360000,131,72
1717,137360000,137440000,125,72
1718,137440000,137520000,156,80
1719,137520000,137600000,2954,871
1720,137600000,137680000,7849,2030
1721,137680000,137760000,125,72
1722,137760000,137840000,128,72
1723,137840000,137920000,125,72
1724,137920000,138000000,194,100
1725,138000000,138080000,8060,2112
1726,138080000,138160000,2841,776
1727,138160000,138240000,125,72
1728,138240000,138320000,143,72
1729,138320000,138400000,153,80
1730,138400000,138480000,3068,875
1731,138480000,138560000,8089,2031
1732,138560000,138640000,131,72
1733,138640000,138720000,125,72
1734,138720000,138800000,128,72
1735,138800000,138880000,200,100
1736,138880000,138960000,8268,2110
1737,138960000,139040000,2839,776
1738,139040000,139120000,128,72
1739,139120000,139200000,125,72
1740,139200000,139280000,153,80
1741,139280000,139360000,3073,875
1742,139360000,139440000,7991,2029
1743,139440000,139520000,126,73
1744,139520000,139600000,137,72
1745,139600000,139680000,125,72
1746,139680000,139760000,191,100
1747,139760000,139840000,8201,2114
1748,139840000,139920000,2866,780
1749,139920000,140000000,125,72
1750,140000000,140080000,128,72
1751,140080000,140160000,152,83
1752,140160000,140240000,2996,845
1753,140240000,140320000,8025,2004
1754,140320000,140400000,129,73
1755,140400000,140480000,125,72
1756,140480000,140560000,131,72
1757,140560000,140640000,168,92
1758,140640000,140720000,8429,2110
1759,140720000,140800000,2918,780
1760,140800000,140880000,140,72
1761,140880000,140960000,125,72
1762,140960000,141040000,167,84
1763,141040000,141120000,3118,863
1764,141120000,141200000,7984,2030
1765,141200000,141280000,125,72
1766,141280000,141360000,128,72
1767,141360000,141440000,125,72
1768,141440000,141520000,175,92
1769,141520000,141600000,8210,2112
1770,141600000,141680000,2842,774
1771,141680000,141760000,125,72
1772,141760000,141840000,131,72
1773,141840000,141920000,158,84
1774,141920000,142000000,3088,863
1775,142000000,142080000,8131,2031
1776,142080000,142160000,137,72
1777,142160000,142240000,125,72
1778,142240000,142320000,128,72
1779,142320000,142400000,174,92
1780,142400000,142480000,8521,2110
1781,142480000,142560000,2907,776
1782,142560000,142640000,128,72
1783,142640000,142720000,125,72
1784,142720000,142800000,171,84
1785,142800000,142880000,3023,867
1786,142880000,142960000,7961,2029
1787,142960000,143040000,126,73
1788,143040000,143120000,131,72
1789,143120000,143200000,125,72
1790,143200000,143280000,182,96
1791,143280000,143360000,8069,2116
1792,143360000,143440000,2875,780
1793,143440000,143520000,125,72
1794,143520000,143600000,128,72
1795,143600000,143680000,156,84
1796,143680000,143760000,3068,867
1797,143760000,143840000,7985,2032
1798,143840000,143920000,129,73
1799,143920000,144000000,125,72
1800,144000000,144080000,134,72
1801,144080000,144160000,183,96
1802,144160000,144240000,8339,2110
1803,144240000,144320000,2842,780
1804,144320000,144400000,131,72
1805,144400000,144480000,125,72
1806,144480000,144560000,171,84
1807,144560000,144640000,3148,867
1808,144640000,144720000,8053,2030
1809,144720000,144800000,125,72
1810,144800000,144880000,128,72
1811,144880000,144960000,125,72
1812,144960000,145040000,185,96
1813,145040000,145120000,8287,2112
1814,145120000,145200000,2851,776
1815,145200000,145280000,125,72
1816,145280000,145360000,134,72
1817,145360000,145440000,164,84
1818,145440000,145520000,3139,867
1819,145520000,145600000,8209,2031
1820,145600000,145680000,131,72
1821,145680000,145760000,125,72
1822,145760000,145840000,128,72
1823,145840000,145920000,191,96
1824,145920000,146000000,8542,2110
1825,146000000,146080000,2888,776
1826,146080000,146160000,128,72
1827,146160000,146240000,125,72
1828,146240000,146320000,168,84
1829,146320000,146400000,3096,867
1830,146400000,146480000,8017,2029
1831,146480000,146560000,126,73
1832,146560000,146640000,134,72
1833,146640000,146720000,125,72
1834,146720000,146800000,186,96
1835,146800000,146880000,8394,2114
1836,146880000,146960000,2872,780
1837,146960000,147040000,125,72
1838,147040000,147120000,128,72
1839,147120000,147200000,160,84
1840,147200000,147280000,3180,867
1841,147280000,147360000,8161,2031
1842,147360000,147440000,129,73
1843,147440000,147520000,125,72
1844,147520000,147600000,131,72
1845,147600000,147680000,192,99
1846,147680000,147760000,8494,2067
1847,147760000,147840000,2905,779
1848,147840000,147920000,134,72
1849,147920000,148000000,125,72
1850,148000000,148080000,175,84
1851,148080000,148160000,3250,871
1852,148160000,148240000,8145,2028
1853,148240000,148320000,125,72
1854,148320000,148400000,128,72
1855,148400000,148480000,125,72
1856,148480000,148560000,208,100
1857,148560000,148640000,8513,2112
1858,148640000,148720000,2847,776
1859,148720000,148800000,125,72
1860,148800000,148880000,131,72
1861,148880000,148960000,164,84
1862,148960000,149040000,3240,871
1863,149040000,149120000,8309,2031
1864,149120000,149200000,134,72
1865,149200000,149280000,125,72
1866,149280000,149360000,128,72
1867,149360000,149440000,202,100
1868,149440000,149520000,8704,2110
1869,149520000,149600000,2892,776
1870,149600000,149680000,128,72
1871,149680000,149760000,125,72
1872,149760000,149840000,176,84
1873,149840000,149920000,3103,871
1874,149920000,150000000,8129,2029
1875,150000000,150080000,126,73
1876,150080000,150160000,131,72
1877,150160000,150240000,125,72
1878,150240000,150320000,186,96
1879,150320000,150400000,7886,2120
1880,150400000,150480000,2707,780
1881,150480000,150560000,125,72
1882,150560000,150640000,128,72
1883,150640000,150720000,156,84
1884,150720000,150800000,2814,867
1885,150800000,150880000,7567,2034
1886,150880000,150960000,129,73
1887,150960000,151040000,125,72
1888,151040000,151120000,140,72
1889,151120000,151200000,183,96
1890,151200000,151280000,7921,2110
1891,151280000,151360000,2755,780
1892,151360000,151440000,131,72
1893,151440000,151520000,125,72
1894,151520000,151600000,171,84
1895,151600000,151680000,2934,867
1896,151680000,151760000,7599,2030
1897,151760000,151840000,125,72
1898,151840000,151920000,128,72
1899,151920000,152000000,125,72
1900,152000000,152080000,189,96
1901,152080000,152160000,7906,2112
1902,152160000,152240000,2734,776
1903,152240000,152320000,125,72
1904,152320000,152400000,137,72
1905,152400000,152480000,166,84
1906,152480000,152560000,2939,867
1907,152560000,152640000,7762,2031
1908,152640000,152720000,131,72
1909,152720000,152800000,125,72
1910,152800000,152880000,128,72
1911,152880000,152960000,200,100
1912,152960000,153040000,8046,2110
1913,153040000,153120000,2739,776
1914,153120000,153200000,128,72
1915,153200000,153280000,125,72
1916,153280000,153360000,172,84
1917,153360000,153440000,2975,871
1918,153440000,153520000,7673,2029
1919,153520000,153600000,126,73
1920,153600000,153680000,146,72
1921,153680000,153760000,125,72
1922,153760000,153840000,199,100
1923,153840000,153920000,7874,2114
1924,153920000,154000000,2766,780
1925,154000000,154080000,125,72
1926,154080000,154160000,128,72
1927,154160000,154240000,162,84
1928,154240000,154320000,3025,871
1929,154320000,154400000,7849,2031
1930,154400000,154480000,129,73
1931,154480000,154560000,125,72
1932,154560000,154640000,131,72
1933,154640000,154720000,204,100
1934,154720000,154800000,8198,2110
1935,154800000,154880000,2830,780
1936,154880000,154960000,137,72
1937,154960000,155040000,125,72
1938,155040000,155120000,177,84
1939,155120000,155200000,3023,852
1940,155200000,155280000,7706,2003
1941,155280000,155360000,125,72
1942,155360000,155440000,128,72
1943,155440000,155520000,125,72
1944,155520000,155600000,193,100
1945,155600000,155680000,8042,2112
1946,155680000,155760000,2766,776
1947,155760000,155840000,125,72
1948,155840000,155920000,131,72
1949,155920000,156000000,160,84
1950,156000000,156080000,3090,871
1951,156080000,156160000,7883,2031
1952,156160000,156240000,140,72
1953,156240000,156320000,125,72
1954,156320000,156400000,128,72
1955,156400000,156480000,202,100
1956,156480000,156560000,8273,2110
1957,156560000,156640000,2793,774
1958,156640000,156720000,128,72
1959,156720000,156800000,125,72
1960,156800000,156880000,173,84
1961,156880000,156960000,3025,871
1962,156960000,157040000,7817,2029
1963,157040000,157120000,126,73
1964,157120000,157200000,131,72
1965,157200000,157280000,125,72
1966,157280000,157360000,201,100
1967,157360000,157440000,8074,2116
1968,157440000,157520000,2816,780
1969,157520000,157600000,125,72
1970,157600000,157680000,128,72
1971,157680000,157760000,152,84
1972,157760000,157840000,2992,875
1973,157840000,157920000,7815,2032
1974,157920000,158000000,129,73
1975,158000000,158080000,125,72
1976,158080000,158160000,134,72
1977,158160000,158240000,201,104
1978,158240000,158320000,8122,2110
1979,158320000,158400000,2856,780
1980,158400000,158480000,131,72
1981,158480000,158560000,125,72
1982,158560000,158640000,167,84
1983,158640000,158720000,3130,875
1984,158720000,158800000,7909,2030
1985,158800000,158880000,125,72
1986,158880000,158960000,128,72
1987,158960000,159040000,125,72
1988,159040000,159120000,205,104
1989,159120000,159200000,8202,2112
1990,159200000,159280000,2809,776
1991,159280000,159360000,125,72
1992,159360000,159440000,134,72
1993,159440000,159520000,158,84
1994,159520000,159600000,3163,875
1995,159600000,159680000,8113,2031
1996,159680000,159760000,131,72
1997,159760000,159840000,125,72
1998,159840000,159920000,128,72
1999,159920000,160000000,205,104
2000,160000000,160080000,8286,2110
2001,160080000,160160000,2831,776
2002,160160000,160240000,128,72
2003,160240000,160320000,125,72
2004,160320000,160400000,138,76
2005,160400000,160480000,3029,863
2006,160480000,160560000,7784,2029
2007,160560000,160640000,126,73
2008,160640000,160720000,134,72
2009,160720000,160800000,125,72
2010,160800000,160880000,143,84
2011,160880000,160960000,8077,2114
2012,160960000,161040000,2821,780
2013,161040000,161120000,125,72
2014,161120000,161200000,128,72
2015,161200000,161280000,132,76
2016,161280000,161360000,3061,863
2017,161360000,161440000,7901,2031
2018,161440000,161520000,129,73
2019,161520000,161600000,125,72
2020,161600000,161680000,131,72
2021,161680000,161760000,140,84
2022,161760000,161840000,8391,2110
2023,161840000,161920000,2875,780
2024,161920000,162000000,134,72
2025,162000000,162080000,125,72
2026,162080000,162160000,139,76
2027,162160000,162240000,3201,863
2028,162240000,162320000,7942,2030
2029,162320000,162400000,125,72
2030,162400000,162480000,128,72
2031,162480000,162560000,125,72
2032,162560000,162640000,157,87
2033,162640000,162720000,8185,2069
2034,162720000,162800000,2790,775
2035,162800000,162880000,125,72
2036,162880000,162960000,131,72
2037,162960000,163040000,134,76
2038,163040000,163120000,3198,867
2039,163120000,163200000,8069,2029
2040,163200000,163280000,134,72
2041,163280000,163360000,125,72
2042,163360000,163440000,128,72
2043,163440000,163520000,151,88
2044,163520000,163600000,8508,2110
2045,163600000,163680000,2841,776
2046,163680000,163760000,128,72
2047,163760000,163840000,125,72
2048,163840000,163920000,169,76
2049,163920000,164000000,3066,867
2050,164000000,164080000,7937,2029
2051,164080000,164160000,126,73
2052,164160000,164240000,131,72
2053,164240000,164320000,125,72
2054,164320000,164400000,154,88
2055,164400000,164480000,8021,2118
2056,164480000,164560000,2820,780
2057,164560000,164640000,125,72
2058,164640000,164720000,128,72
2059,164720000,164800000,132,76
2060,164800000,164880000,3037,867
2061,164880000,164960000,7919,2033
2062,164960000,165040000,129,73
2063,165040000,165120000,125,72
2064,165120000,165200000,137,72
2065,165200000,165280000,149,88
2066,165280000,165360000,8160,2110
2067,165360000,165440000,2863,780
2068,165440000,165520000,131,72
2069,165520000,165600000,125,72
2070,165600000,165680000,139,76
2071,165680000,165760000,3044,867
2072,165760000,165840000,7894,2030
2073,165840000,165920000,125,72
2074,165920000,166000000,128,72
2075,166000000,166080000,125,72
2076,166080000,166160000,157,88
2077,166160000,166240000,8239,2112
2078,166240000,166320000,2877,776
2079,166320000,166400000,125,72
2080,166400000,166480000,140,72
2081,166480000,166560000,136,76
2082,166560000,166640000,3115,867
2083,166640000,166720000,8117,2031
2084,166720000,166800000,131,72
2085,166800000,166880000,125,72
2086,166880000,166960000,128,72
2087,166960000,167040000,157,88
2088,167040000,167120000,8447,2110
2089,167120000,167200000,2867,776
2090,167200000,167280000,128,72
2091,167280000,167360000,125,72
2092,167360000,167440000,142,76
2093,167440000,167520000,3082,867
2094,167520000,167600000,7927,2029
2095,167600000,167680000,126,73
2096,167680000,167760000,137,72
2097,167760000,167840000,125,72
2098,167840000,167920000,163,92
2099,167920000,168000000,8203,2114
2100,168000000,168080000,2869,780
2101,168080000,168160000,125,72
2102,168160000,168240000,128,72
2103,168240000,168320000,136,76
2104,168320000,168400000,3163,871
2105,168400000,168480000,8084,2031
2106,168480000,168560000,129,73
2107,168560000,168640000,125,72
2108,168640000,168720000,131,72
2109,168720000,168800000,164,92
2110,168800000,168880000,8441,2110
2111,168880000,168960000,2907,780
2112,168960000,169040000,143,72
2113,169040000,169120000,125,72
2114,169120000,169200000,143,76
2115,169200000,169280000,3257,871
2116,169280000,169360000,7969,2030
2117,169360000,169440000,125,72
2118,169440000,169520000,128,72
2119,169520000,169600000,125,72
2120,169600000,169680000,171,92
2121,169680000,169760000,8246,2112
2122,169760000,169840000,2833,776
2123,169840000,169920000,125,72
2124,169920000,170000000,131,72
2125,170000000,170080000,134,76
2126,170080000,170160000,3131,848
2127,170160000,170240000,7986,2004
2128,170240000,170320000,137,72
2129,170320000,170400000,125,72
2130,170400000,170480000,128,72
2131,170480000,170560000,151,88
2132,170560000,170640000,8464,2110
2133,170640000,170720000,2887,776
2134,170720000,170800000,128,72
2135,170800000,170880000,125,72
2136,170880000,170960000,145,76
2137,170960000,171040000,3119,867
2138,171040000,171120000,7910,2029
2139,171120000,171200000,126,73
2140,171200000,171280000,131,72
2141,171280000,171360000,125,72
2142,171360000,171440000,158,88
2143,171440000,171520000,8159,2116
2144,171520000,171600000,2843,778
2145,171600000,171680000,125,72
2146,171680000,171760000,128,72
2147,171760000,171840000,134,76
2148,171840000,171920000,3084,867
2149,171920000,172000000,7938,2032
2150,172000000,172080000,129,73
2151,172080000,172160000,125,72
2152,172160000,172240000,134,72
2153,172240000,172320000,155,88
2154,172320000,172400000,8434,2110
2155,172400000,172480000,2883,780
2156,172480000,172560000,131,72
2157,172560000,172640000,125,72
2158,172640000,172720000,141,76
2159,172720000,172800000,3167,871
2160,172800000,172880000,7940,2030
2161,172880000,172960000,125,72
2162,172960000,173040000,128,72
2163,173040000,173120000,125,72
2164,173120000,173200000,166,92
2165,173200000,173280000,8294,2112
2166,173280000,173360000,2863,776
2167,173360000,173440000,125,72
2168,173440000,173520000,134,72
2169,173520000,173600000,138,76
2170,173600000,173680000,3280,871
2171,173680000,173760000,8189,2031
2172,173760000,173840000,131,72
2173,173840000,173920000,125,72
2174,173920000,174000000,128,72
2175,174000000,174080000,170,92
2176,174080000,174160000,8555,2110
2177,174160000,174240000,2886,776
2178,174240000,174320000,128,72
2179,174320000,174400000,125,72
2180,174400000,174480000,142,76
2181,174480000,174560000,3241,871
2182,174560000,174640000,8026,2029
2183,174640000,174720000,126,73
2184,174720000,174800000,134,72
2185,174800000,174880000,125,72
2186,174880000,174960000,165,92
2187,174960000,175040000,8297,2114
2188,175040000,175120000,2894,780
2189,175120000,175200000,125,72
2190,175200000,175280000,128,72
2191,175280000,175360000,136,76
2192,175360000,175440000,3219,871
2193,175440000,175520000,8096,2031
2194,175520000,175600000,129,73
2195,175600000,175680000,125,72
2196,175680000,175760000,131,72
2197,175760000,175840000,168,92
2198,175840000,175920000,8591,2110
2199,175920000,176000000,2942,780
2200,176000000,176080000,134,72
2201,176080000,176160000,125,72
2202,176160000,176240000,143,76
2203,176240000,176320000,3292,871
2204,176320000,176400000,8104,2030
2205,176400000,176480000,125,72
2206,176480000,176560000,128,72
2207,176560000,176640000,125,72
2208,176640000,176720000,181,92
2209,176720000,176800000,8599,2112
2210,176800000,176880000,2904,776
2211,176880000,176960000,125,72
2212,176960000,177040000,131,72
2213,177040000,177120000,138,76
2214,177120000,177200000,3318,871
2215,177200000,177280000,8300,2031
2216,177280000,177360000,134,72
2217,177360000,177440000,125,72
2218,177440000,177520000,128,72
2219,177520000,177600000,175,95
2220,177600000,177680000,8647,2067
2221,177680000,177760000,2900,775
2222,177760000,177840000,128,72
2223,177840000,177920000,125,72
2224,177920000,178000000,152,76
2225,178000000,178080000,3051,875
2226,178080000,178160000,7996,2027
2227,178160000,178240000,126,73
2228,178240000,178320000,131,72
2229,178320000,178400000,125,72
2230,178400000,178480000,184,96
2231,178480000,178560000,7920,2122
2232,178560000,178640000,2800,780
2233,178640000,178720000,125,72
2234,178720000,178800000,128,72
2235,178800000,178880000,132,76
2236,178880000,178960000,2898,875
2237,178960000,179040000,7830,2035
2238,179040000,179120000,129,73
2239,179120000,179200000,125,72
2240,179200000,179280000,143,72
2241,179280000,179360000,177,96
2242,179360000,179440000,8020,2110
2243,179440000,179520000,2860,780
2244,179520000,179600000,131,72
2245,179600000,179680000,125,72
2246,179680000,179760000,139,76
2247,179760000,179840000,3044,875
2248,179840000,179920000,7881,2030
2249,179920000,180000000,125,72
2250,180000000,180080000,128,72
2251,180080000,180160000,125,72
2252,180160000,180240000,155,88
2253,180240000,180320000,7982,2112
2254,180320000,180400000,2836,776
2255,180400000,180480000,125,72
2256,180480000,180560000,137,72
2257,180560000,180640000,143,80
2258,180640000,180720000,2984,863
2259,180720000,180800000,8008,2031
2260,180800000,180880000,131,72
2261,180880000,180960000,125,72
2262,180960000,181040000,128,72
2263,181040000,181120000,155,88
2264,181120000,181200000,8298,2110
2265,181200000,181280000,2828,776
2266,181280000,181360000,128,72
2267,181360000,181440000,125,72
2268,181440000,181520000,151,80
2269,181520000,181600000,2993,863
2270,181600000,181680000,7880,2029
2271,181680000,181760000,126,73
2272,181760000,181840000,140,72
2273,181840000,181920000,125,72
2274,181920000,182000000,158,88
2275,182000000,182080000,8126,2114
2276,182080000,182160000,2847,780
2277,182160000,182240000,125,72
2278,182240000,182320000,128,72
2279,182320000,182400000,143,80
2280,182400000,182480000,3011,863
2281,182480000,182560000,7966,2031
2282,182560000,182640000,129,73
2283,182640000,182720000,125,72
2284,182720000,182800000,131,72
2285,182800000,182880000,162,92
2286,182880000,182960000,8298,2110
2287,182960000,183040000,2888,780
2288,183040000,183120000,137,72
2289,183120000,183200000,125,72
2290,183200000,183280000,154,80
2291,183280000,183360000,3114,867
2292,183360000,183440000,7942,2030
2293,183440000,183520000,125,72
2294,183520000,183600000,128,72
2295,183600000,183680000,125,72
2296,183680000,183760000,169,92
2297,183760000,183840000,8153,2112
2298,183840000,183920000,2822,776
2299,183920000,184000000,125,72
2300,184000000,184080000,131,72
2301,184080000,184160000,147,80
2302,184160000,184240000,3131,867
2303,184240000,184320000,8144,2031
2304,184320000,184400000,149,72
2305,184400000,184480000,125,72
2306,184480000,184560000,128,72
2307,184560000,184640000,170,92
2308,184640000,184720000,8466,2110
2309,184720000,184800000,2891,776
2310,184800000,184880000,128,72
2311,184880000,184960000,125,72
2312,184960000,185040000,156,80
2313,185040000,185120000,2992,848
2314,185120000,185200000,7949,2002
2315,185200000,185280000,126,73
2316,185280000,185360000,131,72
2317,185360000,185440000,125,72
2318,185440000,185520000,167,92
2319,185520000,185600000,8148,2116
2320,185600000,185680000,2876,780
2321,185680000,185760000,125,72
2322,185760000,185840000,128,72
2323,185840000,185920000,145,80
2324,185920000,186000000,3036,867
2325,186000000,186080000,8007,2032
2326,186080000,186160000,129,73
2327,186160000,186240000,125,72
2328,186240000,186320000,134,72
2329,186320000,186400000,170,92
2330,186400000,186480000,8337,2110
2331,186480000,186560000,2891,778
2332,186560000,186640000,131,72
2333,186640000,186720000,125,72
2334,186720000,186800000,156,80
2335,186800000,186880000,3112,867
2336,186880000,186960000,8060,2030
2337,186960000,187040000,125,72
2338,187040000,187120000,128,72
2339,187120000,187200000,125,72
2340,187200000,187280000,174,92
2341,187280000,187360000,8446,2112
2342,187360000,187440000,2874,776
2343,187440000,187520000,125,72
2344,187520000,187600000,134,72
2345,187600000,187680000,151,80
2346,187680000,187760000,3152,871
2347,187760000,187840000,8207,2031
2348,187840000,187920000,131,72
2349,187920000,188000000,125,72
2350,188000000,188080000,128,72
2351,188080000,188160000,181,96
2352,188160000,188240000,8370,2110
2353,188240000,188320000,2853,776
2354,188320000,188400000,128,72
2355,188400000,188480000,125,72
2356,188480000,188560000,155,80
2357,188560000,188640000,3105,871
2358,188640000,188720000,7843,2029
2359,188720000,188800000,126,73
2360,188800000,188880000,134,72
2361,188880000,188960000,125,72
2362,188960000,189040000,184,96
2363,189040000,189120000,8101,2114
2364,189120000,189200000,2832,780
2365,189200000,189280000,125,72
2366,189280000,189360000,128,72
2367,189360000,189440000,143,80
2368,189440000,189520000,3144,871
2369,189520000,189600000,7988,2031
2370,189600000,189680000,129,73
2371,189680000,189760000,125,72
2372,189760000,189840000,131,72
2373,189840000,189920000,175,96
2374,189920000,190000000,8311,2110
2375,190000000,190080000,2912,780
2376,190080000,190160000,134,72
2377,190160000,190240000,125,72
2378,190240000,190320000,154,80
2379,190320000,190400000,3152,867
2380,190400000,190480000,7951,2030
2381,190480000,190560000,125,72
2382,190560000,190640000,128,72
2383,190640000,190720000,125,72
2384,190720000,190800000,176,92
2385,190800000,190880000,8275,2112
2386,190880000,190960000,2853,776
2387,190960000,191040000,125,72
2388,191040000,191120000,131,72
2389,191120000,191200000,149,80
2390,191200000,191280000,3148,867
2391,191280000,191360000,8111,2031
2392,191360000,191440000,134,72
2393,191440000,191520000,125,72
2394,191520000,191600000,128,72
2395,191600000,191680000,172,92
2396,191680000,191760000,8563,2110
2397,191760000,191840000,2898,776
2398,191840000,191920000,128,72
2399,191920000,192000000,125,72
2400,192000000,192080000,166,80
2401,192080000,192160000,3088,867
2402,192160000,192240000,7967,2029
2403,192240000,192320000,126,73
2404,192320000,192400000,131,72
2405,192400000,192480000,125,72
2406,192480000,192560000,178,95
2407,192560000,192640000,7935,2075
2408,192640000,192720000,2824,779
2409,192720000,192800000,125,72
2410,192800000,192880000,128,72
2411,192880000,192960000,147,80
2412,192960000,193040000,3008,871
2413,193040000,193120000,7889,2031
2414,193120000,193200000,129,73
2415,193200000,193280000,125,72
2416,193280000,193360000,137,72
2417,193360000,193440000,181,96
2418,193440000,193520000,8191,2110
2419,193520000,193600000,2881,780
2420,193600000,193680000,131,72
2421,193680000,193760000,125,72
2422,193760000,193840000,158,80
2423,193840000,193920000,3095,871
2424,193920000,194000000,7947,2030
2425,194000000,194080000,125,72
2426,194080000,194160000,128,72
2427,194160000,194240000,125,72
2428,194240000,194320000,183,96
2429,194320000,194400000,8184,2112
2430,194400000,194480000,2897,776
2431,194480000,194560000,125,72
2432,194560000,194640000,146,72
2433,194640000,194720000,151,80
2434,194720000,194800000,3178,871
2435,194800000,194880000,8195,2031
2436,194880000,194960000,131,72
2437,194960000,195040000,125,72
2438,195040000,195120000,128,72
2439,195120000,195200000,183,96
2440,195200000,195280000,8383,2110
2441,195280000,195360000,2893,776
2442,195360000,195440000,128,72
2443,195440000,195520000,125,72
2444,195520000,195600000,159,80
2445,195600000,195680000,3085,871
2446,195680000,195760000,7977,2029
2447,195760000,195840000,126,73
2448,195840000,195920000,137,72
2449,195920000,196000000,125,72
2450,196000000,196080000,186,96
2451,196080000,196160000,8292,2114
2452,196160000,196240000,2914,780
2453,196240000,196320000,125,72
2454,196320000,196400000,128,72
2455,196400000,196480000,151,80
2456,196480000,196560000,3143,871
2457,196560000,196640000,8117,2031
2458,196640000,196720000,129,73
2459,196720000,196800000,125,72
2460,196800000,196880000,131,72
2461,196880000,196960000,191,96
2462,196960000,197040000,8531,2110
2463,197040000,197120000,2950,780
2464,197120000,197200000,140,72
2465,197200000,197280000,125,72
2466,197280000,197360000,162,80
2467,197360000,197440000,3183,871
2468,197440000,197520000,8005,2030
2469,197520000,197600000,125,72
2470,197600000,197680000,128,72
2471,197680000,197760000,125,72
2472,197760000,197840000,191,100
2473,197840000,197920000,8242,2112
2474,197920000,198000000,2897,776
2475,198000000,198080000,125,72
2476,198080000,198160000,131,72
2477,198160000,198240000,147,80
2478,198240000,198320000,3234,875
2479,198320000,198400000,8168,2031
2480,198400000,198480000,137,72
2481,198480000,198560000,125,72
2482,198560000,198640000,128,72
2483,198640000,198720000,194,100
2484,198720000,198800000,8471,2110
2485,198800000,198880000,2940,776
2486,198880000,198960000,128,72
2487,198960000,199040000,125,72
2488,199040000,199120000,154,80
2489,199120000,199200000,3194,875
2490,199200000,199280000,8083,2029
2491,199280000,199360000,126,73
2492,199360000,199440000,131,72
2493,199440000,199520000,125,72
2494,199520000,199600000,189,100
2495,199600000,199680000,8270,2116
2496,199680000,199760000,2925,780
2497,199760000,199840000,125,72
2498,199840000,199920000,128,72
2499,199920000,200000000,139,79
2500,200000000,200080000,3062,845
2501,200080000,200160000,7995,2005
2502,200160000,200240000,129,73
2503,200240000,200320000,125,72
2504,200320000,200400000,134,72
2505,200400000,200480000,151,88
2506,200480000,200560000,8452,2110
2507,200560000,200640000,2937,780
2508,200640000,200720000,131,72
2509,200720000,200800000,125,72
2510,200800000,200880000,150,80
2511,200880000,200960000,3194,863
2512,200960000,201040000,8069,2030
2513,201040000,201120000,125,72
2514,201120000,201200000,128,72
2515,201200000,201280000,125,72
2516,201280000,201360000,161,88
2517,201360000,201440000,8457,2112
2518,201440000,201520000,2892,774
2519,201520000,201600000,125,72
2520,201600000,201680000,134,72
2521,201680000,201760000,147,80
2522,201760000,201840000,3227,863
2523,201840000,201920000,8286,2031
2524,201920000,202000000,131,72
2525,202000000,202080000,125,72
2526,202080000,202160000,128,72
2527,202160000,202240000,159,88
2528,202240000,202320000,8717,2110
2529,202320000,202400000,2949,776
2530,202400000,202480000,128,72
2531,202480000,202560000,125,72
2532,202560000,202640000,151,80
2533,202640000,202720000,3187,867
2534,202720000,202800000,8057,2029
2535,202800000,202880000,126,73
2536,202880000,202960000,134,72
2537,202960000,203040000,125,72
2538,203040000,203120000,163,92
2539,203120000,203200000,8353,2114
2540,203200000,203280000,2926,780
2541,203280000,203360000,125,72
2542,203360000,203440000,128,72
2543,203440000,203520000,145,80
2544,203520000,203600000,3291,867
2545,203600000,203680000,8223,2031
2546,203680000,203760000,129,73
2547,203760000,203840000,125,72
2548,203840000,203920000,131,72
2549,203920000,204000000,168,92
2550,204000000,204080000,8671,2110
2551,204080000,204160000,2960,780
2552,204160000,204240000,134,72
2553,204240000,204320000,125,72
2554,204320000,204400000,156,80
2555,204400000,204480000,3362,867
2556,204480000,204560000,8257,2030
2557,204560000,204640000,125,72
2558,204640000,204720000,128,72
2559,204720000,204800000,125,72
2560,204800000,204880000,189,92
2561,204880000,204960000,8551,2112
2562,204960000,205040000,2930,776
2563,205040000,205120000,125,72
2564,205120000,205200000,131,72
2565,205200000,205280000,147,80
2566,205280000,205360000,3300,867
2567,205360000,205440000,8365,2031
2568,205440000,205520000,134,72
2569,205520000,205600000,125,72
2570,205600000,205680000,128,72
2571,205680000,205760000,170,92
2572,205760000,205840000,8827,2110
2573,205840000,205920000,2959,776
2574,205920000,206000000,128,72
2575,206000000,206080000,125,72
2576,206080000,206160000,163,80
2577,206160000,206240000,3097,867
2578,206240000,206320000,8129,2029
2579,206320000,206400000,126,73
2580,206400000,206480000,131,72
2581,206480000,206560000,125,72
2582,206560000,206640000,173,92
2583,206640000,206720000,8197,2120
2584,206720000,206800000,2836,780
2585,206800000,206880000,125,72
2586,206880000,206960000,128,72
2587,206960000,207040000,143,80
2588,207040000,207120000,3005,867
2589,207120000,207200000,7907,2034
2590,207200000,207280000,129,73
2591,207280000,207360000,125,72
2592,207360000,207440000,140,72
2593,207440000,207520000,171,95
2594,207520000,207600000,8113,2067
2595,207600000,207680000,2862,779
2596,207680000,207760000,131,72
2597,207760000,207840000,125,72
2598,207840000,207920000,154,80
2599,207920000,208000000,3087,871
2600,208000000,208080000,7915,2028
2601,208080000,208160000,125,72
2602,208160000,208240000,128,72
2603,208240000,208320000,125,72
2604,208320000,208400000,183,96
2605,208400000,208480000,8182,2112
2606,208480000,208560000,2859,776
2607,208560000,208640000,125,72
2608,208640000,208720000,137,72
2609,208720000,208800000,151,80
2610,208800000,208880000,3130,871
2611,208880000,208960000,8127,2031
2612,208960000,209040000,131,72
2613,209040000,209120000,125,72
2614,209120000,209200000,128,72
2615,209200000,209280000,185,96
2616,209280000,209360000,8388,2110
2617,209360000,209440000,2883,776
2618,209440000,209520000,128,72
2619,209520000,209600000,125,72
2620,209600000,209680000,153,80
2621,209680000,209760000,3173,871
2622,209760000,209840000,8050,2029
2623,209840000,209920000,126,73
2624,209920000,210000000,143,72
2625,210000000,210080000,125,72
2626,210080000,210160000,167,92
2627,210160000,210240000,8207,2114
2628,210240000,210320000,2903,780
2629,210320000,210400000,125,72
2630,210400000,210480000,128,72
2631,210480000,210560000,147,80
2632,210560000,210640000,3116,867
2633,210640000,210720000,8107,2031
2634,210720000,210800000,129,73
2635,210800000,210880000,125,72
2636,210880000,210960000,131,72
2637,210960000,211040000,170,92
2638,211040000,211120000,8555,2110
2639,211120000,211200000,2959,780
2640,211200000,211280000,137,72
2641,211280000,211360000,125,72
2642,211360000,211440000,158,80
2643,211440000,211520000,3222,867
2644,211520000,211600000,8066,2030
2645,211600000,211680000,125,72
2646,211680000,211760000,128,72
2647,211760000,211840000,125,72
2648,211840000,211920000,175,92
2649,211920000,212000000,8410,2112
2650,212000000,212080000,2877,776
2651,212080000,212160000,125,72
2652,212160000,212240000,131,72
2653,212240000,212320000,149,80
2654,212320000,212400000,3181,867
2655,212400000,212480000,8172,2031
2656,212480000,212560000,140,72
2657,212560000,212640000,125,72
2658,212640000,212720000,128,72
2659,212720000,212800000,179,96
2660,212800000,212880000,8571,2110
2661,212880000,212960000,2927,776
2662,212960000,213040000,128,72
2663,213040000,213120000,125,72
2664,213120000,213200000,162,80
2665,213200000,213280000,3174,871
2666,213280000,213360000,8120,2029
2667,213360000,213440000,126,73
2668,213440000,213520000,131,72
2669,213520000,213600000,125,72
2670,213600000,213680000,184,96
2671,213680000,213760000,8266,2116
2672,213760000,213840000,2926,780
2673,213840000,213920000,125,72
2674,213920000,214000000,128,72
2675,214000000,214080000,147,80
2676,214080000,214160000,3167,871
2677,214160000,214240000,8201,2032
2678,214240000,214320000,129,73
2679,214320000,214400000,125,72
2680,214400000,214480000,134,72
2681,214480000,214560000,185,96
2682,214560000,214640000,8541,2110
2683,214640000,214720000,2989,780
2684,214720000,214800000,131,72
2685,214800000,214880000,125,72
2686,214880000,214960000,158,80
2687,214960000,215040000,3173,852
2688,215040000,215120000,8161,2003
2689,215120000,215200000,125,72
2690,215200000,215280000,128,72
2691,215280000,215360000,125,72
2692,215360000,215440000,185,96
2693,215440000,215520000,8533,2112
2694,215520000,215600000,2962,776
2695,215600000,215680000,125,72
2696,215680000,215760000,134,72
2697,215760000,215840000,155,80
2698,215840000,215920000,3286,871
2699,215920000,216000000,8368,2031
2700,216000000,216080000,131,72
2701,216080000,216160000,125,72
2702,216160000,216240000,128,72
2703,216240000,216320000,193,96
2704,216320000,216400000,8674,2110
2705,216400000,216480000,2928,774
2706,216480000,216560000,128,72
2707,216560000,216640000,125,72
2708,216640000,216720000,155,80
2709,216720000,216800000,3223,871
2710,216800000,216880000,8106,2029
2711,216880000,216960000,126,73
2712,216960000,217040000,134,72
2713,217040000,217120000,125,72
2714,217120000,217200000,184,96
2715,217200000,217280000,8518,2114
2716,217280000,217360000,2943,780
2717,217360000,217440000,125,72
2718,217440000,217520000,128,72
2719,217520000,217600000,149,80
2720,217600000,217680000,3256,875
2721,217680000,217760000,8189,2031
2722,217760000,217840000,129,73
2723,217840000,217920000,125,72
2724,217920000,218000000,131,72
2725,218000000,218080000,194,100
2726,218080000,218160000,8616,2110
2727,218160000,218240000,2990,780
2728,218240000,218320000,134,72
2729,218320000,218400000,125,72
2730,218400000,218480000,160,80
2731,218480000,218560000,3382,875
2732,218560000,218640000,8248,2030
2733,218640000,218720000,125,72
2734,218720000,218800000,128,72
2735,218800000,218880000,125,72
2736,218880000,218960000,200,100
2737,218960000,219040000,8628,2112
2738,219040000,219120000,2890,776
2739,219120000,219200000,125,72
2740,219200000,219280000,131,72
2741,219280000,219360000,147,80
2742,219360000,219440000,3374,875
2743,219440000,219520000,8401,2031
2744,219520000,219600000,134,72
2745,219600000,219680000,125,72
2746,219680000,219760000,128,72
2747,219760000,219840000,190,100
2748,219840000,219920000,8788,2110
2749,219920000,220000000,2955,776
2750,220000000,220080000,128,72
2751,220080000,220160000,125,72
2752,220160000,220240000,176,84
2753,220240000,220320000,3167,863
2754,220320000,220400000,8183,2029
2755,220400000,220480000,126,73
2756,220480000,220560000,131,72
2757,220560000,220640000,125,72
2758,220640000,220720000,173,92
2759,220720000,220800000,8354,2118
2760,220800000,220880000,2896,780
2761,220880000,220960000,125,72
2762,220960000,221040000,128,72
2763,221040000,221120000,152,84
2764,221120000,221200000,3088,863
2765,221200000,221280000,8121,2033
2766,221280000,221360000,129,73
2767,221360000,221440000,125,72
2768,221440000,221520000,137,72
2769,221520000,221600000,168,92
2770,221600000,221680000,8575,2110
2771,221680000,221760000,2953,780
2772,221760000,221840000,131,72
2773,221840000,221920000,125,72
2774,221920000,222000000,167,84
2775,222000000,222080000,3241,863
2776,222080000,222160000,8195,2030
2777,222160000,222240000,125,72
2778,222240000,222320000,128,72
2779,222320000,222400000,125,72
2780,222400000,222480000,179,95
2781,222480000,222560000,8429,2069
2782,222560000,222640000,2938,775
2783,222640000,222720000,125,72
2784,222720000,222800000,140,72
2785,222800000,222880000,162,84
2786,222880000,222960000,3279,867
2787,222960000,223040000,8387,2029
2788,223040000,223120000,131,72
2789,223120000,223200000,125,72
2790,223200000,223280000,128,72
2791,223280000,223360000,187,96
2792,223360000,223440000,8745,2110
2793,223440000,223520000,2940,776
2794,223520000,223600000,128,72
2795,223600000,223680000,125,72
2796,223680000,223760000,168,84
2797,223760000,223840000,3260,867
2798,223840000,223920000,8246,2029
2799,223920000,224000000,126,73
2800,224000000,224080000,137,72
2801,224080000,224160000,125,72
2802,224160000,224240000,184,96
2803,224240000,224320000,8565,2114
2804,224320000,224400000,2961,780
2805,224400000,224480000,125,72
2806,224480000,224560000,128,72
2807,224560000,224640000,158,84
2808,224640000,224720000,3334,867
2809,224720000,224800000,8403,2031
2810,224800000,224880000,129,73
2811,224880000,224960000,125,72
2812,224960000,225040000,131,72
2813,225040000,225120000,183,96
2814,225120000,225200000,8792,2110
2815,225200000,225280000,2997,780
2816,225280000,225360000,149,72
2817,225360000,225440000,125,72
2818,225440000,225520000,173,84
2819,225520000,225600000,3324,867
2820,225600000,225680000,8088,2030
2821,225680000,225760000,125,72
2822,225760000,225840000,128,72
2823,225840000,225920000,125,72
2824,225920000,226000000,186,96
2825,226000000,226080000,8417,2112
2826,226080000,226160000,2897,776
2827,226160000,226240000,125,72
2828,226240000,226320000,131,72
2829,226320000,226400000,162,84
2830,226400000,226480000,3281,867
2831,226480000,226560000,8158,2031
2832,226560000,226640000,137,72
2833,226640000,226720000,125,72
2834,226720000,226800000,128,72
2835,226800000,226880000,191,96
2836,226880000,226960000,8646,2110
2837,226960000,227040000,2938,776
2838,227040000,227120000,128,72
2839,227120000,227200000,125,72
2840,227200000,227280000,175,84
2841,227280000,227360000,3203,867
2842,227360000,227440000,8011,2029
2843,227440000,227520000,126,73
2844,227520000,227600000,131,72
2845,227600000,227680000,125,72
2846,227680000,227760000,197,100
2847,227760000,227840000,8271,2116
2848,227840000,227920000,2915,780
2849,227920000,228000000,125,72
2850,228000000,228080000,128,72
2851,228080000,228160000,158,84
2852,228160000,228240000,3229,871
2853,228240000,228320000,8053,2032
2854,228320000,228400000,129,73
2855,228400000,228480000,125,72
2856,228480000,228560000,134,72
2857,228560000,228640000,194,100
2858,228640000,228720000,8464,2110
2859,228720000,228800000,2935,780
2860,228800000,228880000,131,72
2861,228880000,228960000,125,72
2862,228960000,229040000,173,84
2863,229040000,229120000,3335,871
2864,229120000,229200000,8140,2030
2865,229200000,229280000,125,72
2866,229280000,229360000,128,72
2867,229360000,229440000,125,72
2868,229440000,229520000,198,100
2869,229520000,229600000,8575,2112
2870,229600000,229680000,2934,776
2871,229680000,229760000,125,72
2872,229760000,229840000,134,72
2873,229840000,229920000,164,84
2874,229920000,230000000,3289,848
2875,230000000,230080000,8255,2004
2876,230080000,230160000,131,72
2877,230160000,230240000,125,72
2878,230240000,230320000,128,72
2879,230320000,230400000,189,96
2880,230400000,230480000,8745,2110
2881,230480000,230560000,2974,776
2882,230560000,230640000,128,72
2883,230640000,230720000,125,72
2884,230720000,230800000,170,84
2885,230800000,230880000,3302,867
2886,230880000,230960000,8094,2029
2887,230960000,231040000,126,73
2888,231040000,231120000,134,72
2889,231120000,231200000,125,72
2890,231200000,231280000,190,96
2891,231280000,231360000,8523,2114
2892,231360000,231440000,2926,778
2893,231440000,231520000,125,72
2894,231520000,231600000,128,72
2895,231600000,231680000,162,84
2896,231680000,231760000,3326,867
2897,231760000,231840000,8228,2031
2898,231840000,231920000,129,73
2899,231920000,232000000,125,72
2900,232000000,232080000,131,72
2901,232080000,232160000,191,96
2902,232160000,232240000,8846,2110
2903,232240000,232320000,2994,780
2904,232320000,232400000,134,72
2905,232400000,232480000,125,72
2906,232480000,232560000,177,84
2907,232560000,232640000,3400,871
2908,232640000,232720000,8198,2030
2909,232720000,232800000,125,72
2910,232800000,232880000,128,72
2911,232880000,232960000,125,72
2912,232960000,233040000,205,100
2913,233040000,233120000,8638,2112
2914,233120000,233200000,2933,776
2915,233200000,233280000,125,72
2916,233280000,233360000,131,72
2917,233360000,233440000,168,84
2918,233440000,233520000,3436,871
2919,233520000,233600000,8400,2031
2920,233600000,233680000,134,72
2921,233680000,233760000,125,72
2922,233760000,233840000,128,72
2923,233840000,233920000,208,100
2924,233920000,234000000,8892,2110
2925,234000000,234080000,2914,776
2926,234080000,234160000,128,72
2927,234160000,234240000,125,72
2928,234240000,234320000,182,84
2929,234320000,234400000,3103,871
2930,234400000,234480000,8028,2029
2931,234480000,234560000,126,73
2932,234560000,234640000,131,72
2933,234640000,234720000,125,72
2934,234720000,234800000,203,100
2935,234800000,234880000,7902,2124
2936,234880000,234960000,2782,780
2937,234960000,235040000,125,72
2938,235040000,235120000,128,72
2939,235120000,235200000,154,84
2940,235200000,235280000,2867,871
2941,235280000,235360000,7786,2036
2942,235360000,235440000,129,73
2943,235440000,235520000,125,72
2944,235520000,235600000,146,72
2945,235600000,235680000,194,100
2946,235680000,235760000,8049,2110
2947,235760000,235840000,2828,780
2948,235840000,235920000,131,72
2949,235920000,236000000,125,72
2950,236000000,236080000,169,84
2951,236080000,236160000,2951,871
2952,236160000,236240000,7781,2030
2953,236240000,236320000,125,72
2954,236320000,236400000,128,72
2955,236400000,236480000,125,72
2956,236480000,236560000,198,100
2957,236560000,236640000,8088,2112
2958,236640000,236720000,2815,776
2959,236720000,236800000,125,72
2960,236800000,236880000,137,72
2961,236880000,236960000,164,84
2962,236960000,237040000,3042,871
2963,237040000,237120000,8009,2031
2964,237120000,237200000,131,72
2965,237200000,237280000,125,72
2966,237280000,237360000,128,72
2967,237360000,237440000,209,103
2968,237440000,237520000,8155,2067
2969,237520000,237600000,2792,775
2970,237600000,237680000,128,72
2971,237680000,237760000,125,72
2972,237760000,237840000,164,84
2973,237840000,237920000,3022,875
2974,237920000,238000000,7864,2027
2975,238000000,238080000,126,73
2976,238080000,238160000,140,72
2977,238160000,238240000,125,72
2978,238240000,238320000,206,104
2979,238320000,238400000,8067,2114
2980,238400000,238480000,2831,780
2981,238480000,238560000,125,72
2982,238560000,238640000,128,72
2983,238640000,238720000,152,84
2984,238720000,238800000,3050,875
2985,238800000,238880000,8003,2031
2986,238880000,238960000,129,73
2987,238960000,239040000,125,72
2988,239040000,239120000,131,72
2989,239120000,239200000,205,104
2990,239200000,239280000,8305,2110
2991,239280000,239360000,2887,780
2992,239360000,239440000,137,72
2993,239440000,239520000,125,72
2994,239520000,239600000,167,84
2995,239600000,239680000,3186,875
2996,239680000,239760000,7989,2030
2997,239760000,239840000,125,72
2998,239840000,239920000,128,72
2999,239920000,240000000,125,72
3000,240000000,240080000,158,88
3001,240080000,240160000,8151,2112
3002,240160000,240240000,2813,776
3003,240240000,240320000,125,72
3004,240320000,240400000,131,72
3005,240400000,240480000,143,80
3006,240480000,240560000,3080,863
3007,240560000,240640000,8065,2031
3008,240640000,240720000,143,72
3009,240720000,240800000,125,72
3010,240800000,240880000,128,72
3011,240880000,240960000,155,88
3012,240960000,241040000,8488,2110
3013,241040000,241120000,2876,776
3014,241120000,241200000,128,72
3015,241200000,241280000,125,72
3016,241280000,241360000,156,80
3017,241360000,241440000,3045,863
3018,241440000,241520000,7974,2029
3019,241520000,241600000,126,73
3020,241600000,241680000,131,72
3021,241680000,241760000,125,72
3022,241760000,241840000,160,88
3023,241840000,241920000,8181,2116
3024,241920000,242000000,2845,780
3025,242000000,242080000,125,72
3026,242080000,242160000,128,72
3027,242160000,242240000,143,80
3028,242240000,242320000,3007,863
3029,242320000,242400000,7961,2032
3030,242400000,242480000,129,73
3031,242480000,242560000,125,72
3032,242560000,242640000,134,72
3033,242640000,242720000,162,92
3034,242720000,242800000,8302,2110
3035,242800000,242880000,2881,780
3036,242880000,242960000,131,72
3037,242960000,243040000,125,72
3038,243040000,243120000,154,80
3039,243120000,243200000,3118,867
3040,243200000,243280000,8034,2030
3041,243280000,243360000,125,72
3042,243360000,243440000,128,72
3043,243440000,243520000,125,72
3044,243520000,243600000,170,92
3045,243600000,243680000,8305,2112
3046,243680000,243760000,2848,776
3047,243760000,243840000,125,72
3048,243840000,243920000,134,72
3049,243920000,244000000,151,80
3050,244000000,244080000,3181,867
3051,244080000,244160000,8266,2031
3052,244160000,244240000,131,72
3053,244240000,244320000,125,72
3054,244320000,244400000,128,72
3055,244400000,244480000,174,92
3056,244480000,244560000,8492,2110
3057,244560000,244640000,2875,776
3058,244640000,244720000,128,72
3059,244720000,244800000,125,72
3060,244800000,244880000,151,80
3061,244880000,244960000,3026,848
3062,244960000,245040000,7859,2002
3063,245040000,245120000,126,73
3064,245120000,245200000,134,72
3065,245200000,245280000,125,72
3066,245280000,245360000,165,92
3067,245360000,245440000,8179,2114
3068,245440000,245520000,2877,780
3069,245520000,245600000,125,72
3070,245600000,245680000,128,72
3071,245680000,245760000,145,80
3072,245760000,245840000,3150,867
3073,245840000,245920000,8009,2031
3074,245920000,246000000,129,73
3075,246000000,246080000,125,72
3076,246080000,246160000,131,72
3077,246160000,246240000,170,92
3078,246240000,246320000,8422,2110
3079,246320000,246400000,2899,778
3080,246400000,246480000,134,72
3081,246480000,246560000,125,72
3082,246560000,246640000,156,80
3083,246640000,246720000,3199,867
3084,246720000,246800000,8038,2030
3085,246800000,246880000,125,72
3086,246880000,246960000,128,72
3087,246960000,247040000,125,72
3088,247040000,247120000,178,92
3089,247120000,247200000,8463,2112
3090,247200000,247280000,2857,776
3091,247280000,247360000,125,72
3092,247360000,247440000,131,72
3093,247440000,247520000,149,80
3094,247520000,247600000,3198,871
3095,247600000,247680000,8151,2031
3096,247680000,247760000,134,72
3097,247760000,247840000,125,72
3098,247840000,247920000,128,72
3099,247920000,248000000,179,96
3100,248000000,248080000,8535,2110
3101,248080000,248160000,2891,776
3102,248160000,248240000,128,72
3103,248240000,248320000,125,72
3104,248320000,248400000,168,80
3105,248400000,248480000,3118,871
3106,248480000,248560000,8003,2029
3107,248560000,248640000,126,73
3108,248640000,248720000,131,72
3109,248720000,248800000,125,72
3110,248800000,248880000,188,96
3111,248880000,248960000,8123,2118
3112,248960000,249040000,2798,780
3113,249040000,249120000,125,72
3114,249120000,249200000,128,72
3115,249200000,249280000,143,80
3116,249280000,249360000,3041,871
3117,249360000,249440000,7969,2033
3118,249440000,249520000,129,73
3119,249520000,249600000,125,72
3120,249600000,249680000,137,72
3121,249680000,249760000,175,96
3122,249760000,249840000,8240,2110
3123,249840000,249920000,2877,780
3124,249920000,250000000,131,72
3125,250000000,250080000,125,72
3126,250080000,250160000,154,80
3127,250160000,250240000,3065,867
3128,250240000,250320000,7966,2030
3129,250320000,250400000,125,72
3130,250400000,250480000,128,72
3131,250480000,250560000,125,72
3132,250560000,250640000,172,92
3133,250640000,250720000,8264,2112
3134,250720000,250800000,2876,776
3135,250800000,250880000,125,72
3136,250880000,250960000,143,72
3137,250960000,251040000,151,80
3138,251040000,251120000,3102,867
3139,251120000,251200000,8174,2031
3140,251200000,251280000,131,72
3141,251280000,251360000,125,72
3142,251360000,251440000,128,72
3143,251440000,251520000,174,92
3144,251520000,251600000,8545,2110
3145,251600000,251680000,2884,776
3146,251680000,251760000,128,72
3147,251760000,251840000,125,72
3148,251840000,251920000,157,80
3149,251920000,252000000,3155,867
3150,252000000,252080000,8055,2029
3151,252080000,252160000,126,73
3152,252160000,252240000,137,72
3153,252240000,252320000,125,72
3154,252320000,252400000,178,95
3155,252400000,252480000,8229,2071
3156,252480000,252560000,2874,779
3157,252560000,252640000,125,72
3158,252640000,252720000,128,72
3159,252720000,252800000,151,80
3160,252800000,252880000,3178,871
3161,252880000,252960000,8162,2029
3162,252960000,253040000,129,73
3163,253040000,253120000,125,72
3164,253120000,253200000,131,72
3165,253200000,253280000,185,96
3166,253280000,253360000,8576,2110
3167,253360000,253440000,2930,780
3168,253440000,253520000,140,72
3169,253520000,253600000,125,72
3170,253600000,253680000,162,80
3171,253680000,253760000,3254,871
3172,253760000,253840000,8101,2030
3173,253840000,253920000,125,72
3174,253920000,254000000,128,72
3175,254000000,254080000,125,72
3176,254080000,254160000,182,96
3177,254160000,254240000,8353,2112
3178,254240000,254320000,2894,776
3179,254320000,254400000,125,72
3180,254400000,254480000,131,72
3181,254480000,254560000,147,80
3182,254560000,254640000,3274,871
3183,254640000,254720000,8272,2031
3184,254720000,254800000,137,72
3185,254800000,254880000,125,72
3186,254880000,254960000,128,72
3187,254960000,255040000,179,96
3188,255040000,255120000,8573,2110
3189,255120000,255200000,2935,776
3190,255200000,255280000,128,72
3191,255280000,255360000,125,72
3192,255360000,255440000,160,80
3193,255440000,255520000,3136,871
3194,255520000,255600000,8067,2029
3195,255600000,255680000,126,73
3196,255680000,255760000,131,72
3197,255760000,255840000,125,72
3198,255840000,255920000,184,96
3199,255920000,256000000,8348,2116
3200,256000000,256080000,2913,780
3201,256080000,256160000,125,72
3202,256160000,256240000,128,72
3203,256240000,256320000,147,80
3204,256320000,256400000,3139,871
3205,256400000,256480000,8088,2032
3206,256480000,256560000,129,73
3207,256560000,256640000,125,72
3208,256640000,256720000,134,72
3209,256720000,256800000,187,96
3210,256800000,256880000,8541,2110
3211,256880000,256960000,2913,780
3212,256960000,257040000,131,72
3213,257040000,257120000,125,72
3214,257120000,257200000,158,80
3215,257200000,257280000,3189,871
3216,257280000,257360000,8087,2030
3217,257360000,257440000,125,72
3218,257440000,257520000,128,72
3219,257520000,257600000,125,72
3220,257600000,257680000,196,100
3221,257680000,257760000,8476,2112
3222,257760000,257840000,2891,776
3223,257840000,257920000,125,72
3224,257920000,258000000,134,72
3225,258000000,258080000,155,80
3226,258080000,258160000,3303,875
3227,258160000,258240000,8323,2031
3228,258240000,258320000,131,72
3229,258320000,258400000,125,72
3230,258400000,258480000,128,72
3231,258480000,258560000,202,100
3232,258560000,258640000,8654,2110
3233,258640000,258720000,2924,776
3234,258720000,258800000,128,72
3235,258800000,258880000,125,72
3236,258880000,258960000,153,80
3237,258960000,259040000,3288,875
3238,259040000,259120000,8180,2029
3239,259120000,259200000,126,73
3240,259200000,259280000,134,72
3241,259280000,259360000,125,72
3242,259360000,259440000,191,100
3243,259440000,259520000,8541,2114
3244,259520000,259600000,2922,780
3245,259600000,259680000,125,72
3246,259680000,259760000,128,72
3247,259760000,259840000,152,83
3248,259840000,259920000,3215,845
3249,259920000,260000000,8207,2004
3250,260000000,260080000,129,73
3251,260080000,260160000,125,72
3252,260160000,260240000,131,72
3253,260240000,260320000,168,92
3254,260320000,260400000,8771,2110
3255,260400000,260480000,2974,780
3256,260480000,260560000,134,72
3257,260560000,260640000,125,72
3258,260640000,260720000,167,84
3259,260720000,260800000,3338,863
3260,260800000,260880000,8243,2030
3261,260880000,260960000,125,72
3262,260960000,261040000,128,72
3263,261040000,261120000,125,72
3264,261120000,261200000,186,92
3265,261200000,261280000,8708,2112
3266,261280000,261360000,2880,774
3267,261360000,261440000,125,72
3268,261440000,261520000,131,72
3269,261520000,261600000,160,84
3270,261600000,261680000,3318,863
3271,261680000,261760000,8405,2031
3272,261760000,261840000,134,72
3273,261840000,261920000,125,72
3274,261920000,262000000,128,72
3275,262000000,262080000,176,92
3276,262080000,262160000,8987,2110
3277,262160000,262240000,2933,776
3278,262240000,262320000,128,72
3279,262320000,262400000,125,72
3280,262400000,262480000,176,84
3281,262480000,262560000,3118,867
3282,262560000,262640000,8177,2029
3283,262640000,262720000,126,73
3284,262720000,262800000,131,72
3285,262800000,262880000,125,72
3286,262880000,262960000,184,96
3287,262960000,263040000,8109,2120
3288,263040000,263120000,2792,780
3289,263120000,263200000,125,72
3290,263200000,263280000,128,72
3291,263280000,263360000,154,84
3292,263360000,263440000,3026,867
3293,263440000,263520000,7867,2034
3294,263520000,263600000,129,73
3295,263600000,263680000,125,72
3296,263680000,263760000,140,72
3297,263760000,263840000,181,96
3298,263840000,263920000,8197,2110
3299,263920000,264000000,2818,780
3300,264000000,264080000,131,72
3301,264080000,264160000,125,72
3302,264160000,264240000,169,84
3303,264240000,264320000,3110,867
3304,264320000,264400000,7914,2030
3305,264400000,264480000,125,72
3306,264480000,264560000,128,72
3307,264560000,264640000,125,72
3308,264640000,264720000,183,96
3309,264720000,264800000,8127,2112
3310,264800000,264880000,2837,776
3311,264880000,264960000,125,72
3312,264960000,265040000,137,72
3313,265040000,265120000,162,84
3314,265120000,265200000,3101,867
3315,265200000,265280000,8068,2031
3316,265280000,265360000,131,72
3317,265360000,265440000,125,72
3318,265440000,265520000,128,72
3319,265520000,265600000,189,96
3320,265600000,265680000,8412,2110
3321,265680000,265760000,2845,776
3322,265760000,265840000,128,72
3323,265840000,265920000,125,72
3324,265920000,266000000,170,84
3325,266000000,266080000,3078,867
3326,266080000,266160000,7951,2029
3327,266160000,266240000,126,73
3328,266240000,266320000,149,72
3329,266320000,266400000,125,72
3330,266400000,266480000,188,96
3331,266480000,266560000,8313,2114
3332,266560000,266640000,2880,780
3333,266640000,266720000,125,72
3334,266720000,266800000,128,72
3335,266800000,266880000,162,84
3336,266880000,266960000,3158,867
3337,266960000,267040000,8106,2031
3338,267040000,267120000,129,73
3339,267120000,267200000,125,72
3340,267200000,267280000,131,72
3341,267280000,267360000,194,99
3342,267360000,267440000,8412,2067
3343,267440000,267520000,2909,779
3344,267520000,267600000,137,72
3345,267600000,267680000,125,72
3346,267680000,267760000,177,84
3347,267760000,267840000,3229,871
3348,267840000,267920000,8034,2028
3349,267920000,268000000,125,72
3350,268000000,268080000,128,72
3351,268080000,268160000,125,72
3352,268160000,268240000,199,100
3353,268240000,268320000,8351,2112
3354,268320000,268400000,2843,776
3355,268400000,268480000,125,72
3356,268480000,268560000,131,72
3357,268560000,268640000,164,84
3358,268640000,268720000,3226,871
3359,268720000,268800000,8193,2031
3360,268800000,268880000,140,72
3361,268880000,268960000,125,72
3362,268960000,269040000,128,72
3363,269040000,269120000,202,100
3364,269120000,269200000,8578,2110
3365,269200000,269280000,2912,776
3366,269280000,269360000,128,72
3367,269360000,269440000,125,72
3368,269440000,269520000,173,84
3369,269520000,269600000,3229,871
3370,269600000,269680000,8149,2029
3371,269680000,269760000,126,73
3372,269760000,269840000,131,72
3373,269840000,269920000,125,72
3374,269920000,270000000,186,96
3375,270000000,270080000,8264,2116
3376,270080000,270160000,2904,780
3377,270160000,270240000,125,72
3378,270240000,270320000,128,72
3379,270320000,270400000,160,84
3380,270400000,270480000,3112,867
3381,270480000,270560000,8111,2032
3382,270560000,270640000,129,73
3383,270640000,270720000,125,72
3384,270720000,270800000,134,72
3385,270800000,270880000,187,96
3386,270880000,270960000,8563,2110
3387,270960000,271040000,2959,780
3388,271040000,271120000,131,72
3389,271120000,271200000,125,72
3390,271200000,271280000,175,84
3391,271280000,271360000,3226,867
3392,271360000,271440000,8170,2030
3393,271440000,271520000,125,72
3394,271520000,271600000,128,72
3395,271600000,271680000,125,72
3396,271680000,271760000,193,96
3397,271760000,271840000,8566,2112
3398,271840000,271920000,2914,776
3399,271920000,272000000,125,72
3400,272000000,272080000,134,72
3401,272080000,272160000,170,84
3402,272160000,272240000,3231,867
3403,272240000,272320000,8309,2031
3404,272320000,272400000,131,72
3405,272400000,272480000,125,72
3406,272480000,272560000,128,72
3407,272560000,272640000,204,100
3408,272640000,272720000,8637,2110
3409,272720000,272800000,2903,776
3410,272800000,272880000,128,72
3411,272880000,272960000,125,72
3412,272960000,273040000,168,84
3413,273040000,273120000,3227,871
3414,273120000,273200000,8061,2029
3415,273200000,273280000,126,73
3416,273280000,273360000,134,72
3417,273360000,273440000,125,72
3418,273440000,273520000,195,100
3419,273520000,273600000,8375,2114
3420,273600000,273680000,2896,780
3421,273680000,273760000,125,72
3422,273760000,273840000,128,72
3423,273840000,273920000,158,84
3424,273920000,274000000,3285,871
3425,274000000,274080000,8227,2031
3426,274080000,274160000,129,73
3427,274160000,274240000,125,72
3428,274240000,274320000,131,72
3429,274320000,274400000,200,100
3430,274400000,274480000,8700,2110
3431,274480000,274560000,2964,780
3432,274560000,274640000,134,72
3433,274640000,274720000,125,72
3434,274720000,274800000,173,84
3435,274800000,274880000,3279,852
3436,274880000,274960000,8151,2003
3437,274960000,275040000,125,72
3438,275040000,275120000,128,72
3439,275120000,275200000,125,72
3440,275200000,275280000,202,100
3441,275280000,275360000,8624,2112
3442,275360000,275440000,2904,776
3443,275440000,275520000,125,72
3444,275520000,275600000,131,72
3445,275600000,275680000,166,84
3446,275680000,275760000,3351,871
3447,275760000,275840000,8328,2031
3448,275840000,275920000,134,72
3449,275920000,276000000,125,72
3450,276000000,276080000,128,72
3451,276080000,276160000,208,100
3452,276160000,276240000,8841,2110
3453,276240000,276320000,2919,774
3454,276320000,276400000,128,72
3455,276400000,276480000,125,72
3456,276480000,276560000,191,84
3457,276560000,276640000,3215,871
3458,276640000,276720000,8200,2029
3459,276720000,276800000,126,73
3460,276800000,276880000,131,72
3461,276880000,276960000,125,72
3462,276960000,277040000,207,100
3463,277040000,277120000,8462,2118
3464,277120000,277200000,2906,780
3465,277200000,277280000,125,72
3466,277280000,277360000,128,72
3467,277360000,277440000,154,84
3468,277440000,277520000,3137,875
3469,277520000,277600000,8106,2033
3470,277600000,277680000,129,73
3471,277680000,277760000,125,72
3472,277760000,277840000,137,72
3473,277840000,277920000,203,104
3474,277920000,278000000,8467,2110
3475,278000000,278080000,2952,780
3476,278080000,278160000,131,72
3477,278160000,278240000,125,72
3478,278240000,278320000,169,84
3479,278320000,278400000,3276,875
3480,278400000,278480000,8202,2030
3481,278480000,278560000,125,72
3482,278560000,278640000,128,72
3483,278640000,278720000,125,72
3484,278720000,278800000,207,104
3485,278800000,278880000,8539,2112
3486,278880000,278960000,2942,776
3487,278960000,279040000,125,72
3488,279040000,279120000,140,72
3489,279120000,279200000,160,84
3490,279200000,279280000,3309,875
3491,279280000,279360000,8436,2031
3492,279360000,279440000,131,72
3493,279440000,279520000,125,72
3494,279520000,279600000,128,72
3495,279600000,279680000,207,104
3496,279680000,279760000,8692,2110
3497,279760000,279840000,2968,776
3498,279840000,279920000,128,72
3499,279920000,280000000,125,72
3500,280000000,280080000,164,84
3501,280080000,280160000,3215,863
3502,280160000,280240000,8238,2029
3503,280240000,280320000,126,73
3504,280320000,280400000,137,72
3505,280400000,280480000,125,72
3506,280480000,280560000,173,92
3507,280560000,280640000,8569,2114
3508,280640000,280720000,2974,780
3509,280720000,280800000,125,72
3510,280800000,280880000,128,72
3511,280880000,280960000,158,84
3512,280960000,281040000,3239,863
3513,281040000,281120000,8359,2031
3514,281120000,281200000,129,73
3515,281200000,281280000,125,72
3516,281280000,281360000,131,72
3517,281360000,281440000,174,92
3518,281440000,281520000,8880,2110
3519,281520000,281600000,3020,780
3520,281600000,281680000,143,72
3521,281680000,281760000,125,72
3522,281760000,281840000,173,84
3523,281840000,281920000,3379,863
3524,281920000,282000000,8227,2030
3525,282000000,282080000,125,72
3526,282080000,282160000,128,72
3527,282160000,282240000,125,72
3528,282240000,282320000,178,95
3529,282320000,282400000,8436,2069
3530,282400000,282480000,2909,775
3531,282480000,282560000,125,72
3532,282560000,282640000,131,72
3533,282640000,282720000,158,84
3534,282720000,282800000,3337,867
3535,282800000,282880000,8314,2029
3536,282880000,282960000,137,72
3537,282960000,283040000,125,72
3538,283040000,283120000,128,72
3539,283120000,283200000,183,96
3540,283200000,283280000,8773,2110
3541,283280000,283360000,2968,776
3542,283360000,283440000,128,72
3543,283440000,283520000,125,72
3544,283520000,283600000,173,84
3545,283600000,283680000,3273,867
3546,283680000,283760000,8218,2029
3547,283760000,283840000,126,73
3548,283840000,283920000,131,72
3549,283920000,284000000,125,72
3550,284000000,284080000,186,96
3551,284080000,284160000,8464,2116
3552,284160000,284240000,2964,780
3553,284240000,284320000,125,72
3554,284320000,284400000,128,72
3555,284400000,284480000,156,84
3556,284480000,284560000,3292,867
3557,284560000,284640000,8270,2032
3558,284640000,284720000,129,73
3559,284720000,284800000,125,72
3560,284800000,284880000,134,72
3561,284880000,284960000,181,96
3562,284960000,285040000,8648,2110
3563,285040000,285120000,2978,780
3564,285120000,285200000,131,72
3565,285200000,285280000,125,72
3566,285280000,285360000,171,84
3567,285360000,285440000,3298,867
3568,285440000,285520000,8239,2030
3569,285520000,285600000,125,72
3570,285600000,285680000,128,72
3571,285680000,285760000,125,72
3572,285760000,285840000,189,96
3573,285840000,285920000,8735,2112
3574,285920000,286000000,2971,776
3575,286000000,286080000,125,72
3576,286080000,286160000,134,72
3577,286160000,286240000,168,84
3578,286240000,286320000,3369,867
3579,286320000,286400000,8455,2031
3580,286400000,286480000,131,72
3581,286480000,286560000,125,72
3582,286560000,286640000,128,72
3583,286640000,286720000,197,96
3584,286720000,286800000,8925,2110
3585,286800000,286880000,2998,776
3586,286880000,286960000,128,72
3587,286960000,287040000,125,72
3588,287040000,287120000,168,84
3589,287120000,287200000,3316,867
3590,287200000,287280000,8225,2029
3591,287280000,287360000,126,73
3592,287360000,287440000,134,72
3593,287440000,287520000,125,72
3594,287520000,287600000,193,100
3595,287600000,287680000,8624,2114
3596,287680000,287760000,2971,780
3597,287760000,287840000,125,72
3598,287840000,287920000,128,72
3599,287920000,288000000,162,84
3600,288000000,288080000,3401,871
3601,288080000,288160000,8375,2031
3602,288160000,288240000,129,73
3603,288240000,288320000,125,72
3604,288320000,288400000,131,72
3605,288400000,288480000,198,100
3606,288480000,288560000,8865,2110
3607,288560000,288640000,3017,780
3608,288640000,288720000,134,72
3609,288720000,288800000,125,72
3610,288800000,288880000,177,84
3611,288880000,288960000,3498,871
3612,288960000,289040000,8430,2030
3613,289040000,289120000,125,72
3614,289120000,289200000,128,72
3615,289200000,289280000,125,72
3616,289280000,289360000,207,100
3617,289360000,289440000,8908,2112
3618,289440000,289520000,2991,776
3619,289520000,289600000,125,72
3620,289600000,289680000,131,72
3621,289680000,289760000,164,84
3622,289760000,289840000,3387,848
3623,289840000,289920000,8510,2004
3624,289920000,290000000,134,72
3625,290000000,290080000,125,72
3626,290080000,290160000,128,72
3627,290160000,290240000,189,96
3628,290240000,290320000,9086,2110
3629,290320000,290400000,3009,776
3630,290400000,290480000,128,72
3631,290480000,290560000,125,72
3632,290560000,290640000,182,84
3633,290640000,290720000,3173,867
3634,290720000,290800000,8252,2029
3635,290800000,290880000,126,73
3636,290880000,290960000,131,72
3637,290960000,291040000,125,72
3638,291040000,291120000,196,96
3639,291120000,291200000,8277,2122
3640,291200000,291280000,2875,778
3641,291280000,291360000,125,72
3642,291360000,291440000,128,72
3643,291440000,291520000,156,84
3644,291520000,291600000,3012,867
3645,291600000,291680000,8092,2035
3646,291680000,291760000,129,73
3647,291760000,291840000,125,72
3648,291840000,291920000,143,72
3649,291920000,292000000,185,96
3650,292000000,292080000,8458,2110
3651,292080000,292160000,2941,780
3652,292160000,292240000,131,72
3653,292240000,292320000,125,72
3654,292320000,292400000,171,84
3655,292400000,292480000,3097,871
3656,292480000,292560000,8065,2030
3657,292560000,292640000,125,72
3658,292640000,292720000,128,72
3659,292720000,292800000,125,72
3660,292800000,292880000,196,100
3661,292880000,292960000,8289,2112
3662,292960000,293040000,2924,776
3663,293040000,293120000,125,72
3664,293120000,293200000,137,72
3665,293200000,293280000,168,84
3666,293280000,293360000,3210,871
3667,293360000,293440000,8313,2031
3668,293440000,293520000,131,72
3669,293520000,293600000,125,72
3670,293600000,293680000,128,72
3671,293680000,293760000,208,100
3672,293760000,293840000,8574,2110
3673,293840000,293920000,2858,776
3674,293920000,294000000,128,72
3675,294000000,294080000,125,72
3676,294080000,294160000,172,84
3677,294160000,294240000,3191,871
3678,294240000,294320000,8162,2029
3679,294320000,294400000,126,73
3680,294400000,294480000,140,72
3681,294480000,294560000,125,72
3682,294560000,294640000,199,100
3683,294640000,294720000,8371,2114
3684,294720000,294800000,2915,780
3685,294800000,294880000,125,72
3686,294880000,294960000,128,72
3687,294960000,295040000,166,84
3688,295040000,295120000,3165,871
3689,295120000,295200000,8243,2031
3690,295200000,295280000,129,73
3691,295280000,295360000,125,72
3692,295360000,295440000,131,72
3693,295440000,295520000,206,100
3694,295520000,295600000,8664,2110
3695,295600000,295680000,2961,780
3696,295680000,295760000,137,72
3697,295760000,295840000,125,72
3698,295840000,295920000,181,84
3699,295920000,296000000,3239,871
3700,296000000,296080000,8187,2030
3701,296080000,296160000,125,72
3702,296160000,296240000,128,72
3703,296240000,296320000,125,72
3704,296320000,296400000,201,100
3705,296400000,296480000,8592,2112
3706,296480000,296560000,2905,776
3707,296560000,296640000,125,72
3708,296640000,296720000,131,72
3709,296720000,296800000,164,84
3710,296800000,296880000,3284,871
3711,296880000,296960000,8368,2031
3712,296960000,297040000,146,72
3713,297040000,297120000,125,72
3714,297120000,297200000,128,72
3715,297200000,297280000,209,103
3716,297280000,297360000,8680,2067
3717,297360000,297440000,2937,775
3718,297440000,297520000,128,72
3719,297520000,297600000,125,72
3720,297600000,297680000,179,84
3721,297680000,297760000,3220,875
3722,297760000,297840000,8246,2027
3723,297840000,297920000,126,73
3724,297920000,298000000,131,72
3725,298000000,298080000,125,72
3726,298080000,298160000,218,104
3727,298160000,298240000,8457,2116
3728,298240000,298320000,2924,780
3729,298320000,298400000,125,72
3730,298400000,298480000,128,72
3731,298480000,298560000,158,84
3732,298560000,298640000,3192,875
3733,298640000,298720000,8278,2032
3734,298720000,298800000,129,73
3735,298800000,298880000,125,72
3736,298880000,298960000,134,72
3737,298960000,299040000,211,104
3738,299040000,299120000,8636,2110
3739,299120000,299200000,2971,780
3740,299200000,299280000,131,72
3741,299280000,299360000,125,72
3742,299360000,299440000,173,84
3743,299440000,299520000,3336,875
3744,299520000,299600000,8349,2030
3745,299600000,299680000,125,72
3746,299680000,299760000,128,72
3747,299760000,299840000,125,72
3748,299840000,299920000,189,96
3749,299920000,300000000,8630,2112
3750,300000000,300080000,2920,776
3751,300080000,300160000,125,72
3752,300160000,300240000,134,72
3753,300240000,300320000,177,88
3754,300320000,300400000,3276,863
3755,300400000,300480000,8449,2031
3756,300480000,300560000,131,72
3757,300560000,300640000,125,72
3758,300640000,300720000,128,72
3759,300720000,300800000,197,96
3760,300800000,300880000,8697,2110
3761,300880000,300960000,2849,776
3762,300960000,301040000,128,72
3763,301040000,301120000,125,72
3764,301120000,301200000,177,88
3765,301200000,301280000,3145,863
3766,301280000,301360000,7810,2029
3767,301360000,301440000,126,73
3768,301440000,301520000,134,72
3769,301520000,301600000,125,72
3770,301600000,301680000,188,96
3771,301680000,301760000,8221,2114
3772,301760000,301840000,2825,780
3773,301840000,301920000,125,72
3774,301920000,302000000,128,72
3775,302000000,302080000,169,88
3776,302080000,302160000,3179,863
3777,302160000,302240000,7883,2031
3778,302240000,302320000,129,73
3779,302320000,302400000,125,72
3780,302400000,302480000,131,72
3781,302480000,302560000,196,100
3782,302560000,302640000,8394,2110
3783,302640000,302720000,2870,780
3784,302720000,302800000,134,72
3785,302800000,302880000,125,72
3786,302880000,302960000,188,88
3787,302960000,303040000,3275,867
3788,303040000,303120000,7925,2030
3789,303120000,303200000,125,72
3790,303200000,303280000,128,72
3791,303280000,303360000,125,72
3792,303360000,303440000,202,100
3793,303440000,303520000,8329,2112
3794,303520000,303600000,2814,776
3795,303600000,303680000,125,72
3796,303680000,303760000,131,72
3797,303760000,303840000,177,88
3798,303840000,303920000,3297,867
3799,303920000,304000000,8132,2031
3800,304000000,304080000,134,72
3801,304080000,304160000,125,72
3802,304160000,304240000,128,72
3803,304240000,304320000,208,100
3804,304320000,304400000,8628,2110
3805,304400000,304480000,2871,776
3806,304480000,304560000,128,72
3807,304560000,304640000,125,72
3808,304640000,304720000,196,88
3809,304720000,304800000,3089,848
3810,304800000,304880000,7875,2002
3811,304880000,304960000,126,73
3812,304960000,305040000,131,72
3813,305040000,305120000,125,72
3814,305120000,305200000,205,100
3815,305200000,305280000,8130,2118
3816,305280000,305360000,2820,780
3817,305360000,305440000,125,72
3818,305440000,305520000,128,72
3819,305520000,305600000,169,88
3820,305600000,305680000,3086,867
3821,305680000,305760000,7845,2033
3822,305760000,305840000,129,73
3823,305840000,305920000,125,72
3824,305920000,306000000,137,72
3825,306000000,306080000,202,100
3826,306080000,306160000,8280,2110
3827,306160000,306240000,2845,778
3828,306240000,306320000,131,72
3829,306320000,306400000,125,72
3830,306400000,306480000,188,88
3831,306480000,306560000,3163,867
3832,306560000,306640000,7907,2030
3833,306640000,306720000,125,72
3834,306720000,306800000,128,72
3835,306800000,306880000,125,72
3836,306880000,306960000,206,100
3837,306960000,307040000,8381,2112
3838,307040000,307120000,2865,776
3839,307120000,307200000,125,72
3840,307200000,307280000,149,72
3841,307280000,307360000,183,88
3842,307360000,307440000,3203,871
3843,307440000,307520000,8081,2031
3844,307520000,307600000,131,72
3845,307600000,307680000,125,72
3846,307680000,307760000,128,72
3847,307760000,307840000,221,104
3848,307840000,307920000,8446,2110
3849,307920000,308000000,2866,776
3850,308000000,308080000,128,72
3851,308080000,308160000,125,72
3852,308160000,308240000,187,88
3853,308240000,308320000,3236,871
3854,308320000,308400000,7980,2029
3855,308400000,308480000,126,73
3856,308480000,308560000,137,72
3857,308560000,308640000,125,72
3858,308640000,308720000,220,104
3859,308720000,308800000,8348,2114
3860,308800000,308880000,2859,780
3861,308880000,308960000,125,72
3862,308960000,309040000,128,72
3863,309040000,309120000,175,88
3864,309120000,309200000,3262,871
3865,309200000,309280000,8133,2031
3866,309280000,309360000,129,73
3867,309360000,309440000,125,72
3868,309440000,309520000,131,72
3869,309520000,309600000,215,104
3870,309600000,309680000,8556,2110
3871,309680000,309760000,2937,780
3872,309760000,309840000,140,72
3873,309840000,309920000,125,72
3874,309920000,310000000,194,88
3875,310000000,310080000,3275,867
3876,310080000,310160000,8011,2030
3877,310160000,310240000,125,72
3878,310240000,310320000,128,72
3879,310320000,310400000,125,72
3880,310400000,310480000,195,100
3881,310480000,310560000,8364,2112
3882,310560000,310640000,2884,776
3883,310640000,310720000,125,72
3884,310720000,310800000,131,72
3885,310800000,310880000,171,88
3886,310880000,310960000,3249,867
3887,310960000,311040000,8144,2031
3888,311040000,311120000,137,72
3889,311120000,311200000,125,72
3890,311200000,311280000,128,72
3891,311280000,311360000,202,100
3892,311360000,311440000,8666,2110
3893,311440000,311520000,2937,776
3894,311520000,311600000,128,72
3895,311600000,311680000,125,72
3896,311680000,311760000,186,88
3897,311760000,311840000,3257,867
3898,311840000,311920000,8036,2029
3899,311920000,312000000,126,73
3900,312000000,312080000,131,72
3901,312080000,312160000,125,72
3902,312160000,312240000,208,103
3903,312240000,312320000,8216,2073
3904,312320000,312400000,2883,779
3905,312400000,312480000,125,72
3906,312480000,312560000,128,72
3907,312560000,312640000,169,88
3908,312640000,312720000,3225,871
3909,312720000,312800000,8022,2030
3910,312800000,312880000,129,73
3911,312880000,312960000,125,72
3912,312960000,313040000,134,72
3913,313040000,313120000,211,104
3914,313120000,313200000,8517,2110
3915,313200000,313280000,2902,780
3916,313280000,313360000,131,72
3917,313360000,313440000,125,72
3918,313440000,313520000,188,88
3919,313520000,313600000,3311,871
3920,313600000,313680000,8074,2030
3921,313680000,313760000,125,72
3922,313760000,313840000,128,72
3923,313840000,313920000,125,72
3924,313920000,314000000,213,104
3925,314000000,314080000,8518,2112
3926,314080000,314160000,2897,776
3927,314160000,314240000,125,72
3928,314240000,314320000,134,72
3929,314320000,314400000,181,88
3930,314400000,314480000,3394,871
3931,314480000,314560000,8318,2031
3932,314560000,314640000,131,72
3933,314640000,314720000,125,72
3934,314720000,314800000,128,72
3935,314800000,314880000,221,104
3936,314880000,314960000,8687,2110
3937,314960000,315040000,2928,776
3938,315040000,315120000,128,72
3939,315120000,315200000,125,72
3940,315200000,315280000,177,88
3941,315280000,315360000,3281,871
3942,315360000,315440000,8053,2029
3943,315440000,315520000,126,73
3944,315520000,315600000,134,72
3945,315600000,315680000,125,72
3946,315680000,315760000,208,104
3947,315760000,315840000,8550,2114
3948,315840000,315920000,2920,780
3949,315920000,316000000,125,72
3950,316000000,316080000,128,72
3951,316080000,316160000,169,88
3952,316160000,316240000,3343,871
3953,316240000,316320000,8186,2031
3954,316320000,316400000,129,73
3955,316400000,316480000,125,72
3956,316480000,316560000,131,72
3957,316560000,316640000,217,104
3958,316640000,316720000,8791,2110
3959,316720000,316800000,2956,780
3960,316800000,316880000,134,72
3961,316880000,316960000,125,72
3962,316960000,317040000,188,88
3963,317040000,317120000,3384,871
3964,317120000,317200000,8151,2030
3965,317200000,317280000,125,72
3966,317280000,317360000,128,72
3967,317360000,317440000,125,72
3968,317440000,317520000,227,108
3969,317520000,317600000,8658,2112
3970,317600000,317680000,2903,776
3971,317680000,317760000,125,72
3972,317760000,317840000,131,72
3973,317840000,317920000,171,88
3974,317920000,318000000,3445,875
3975,318000000,318080000,8349,2031
3976,318080000,318160000,134,72
3977,318160000,318240000,125,72
3978,318240000,318320000,128,72
3979,318320000,318400000,226,108
3980,318400000,318480000,8857,2110
3981,318480000,318560000,2930,776
3982,318560000,318640000,128,72
3983,318640000,318720000,125,72
3984,318720000,318800000,185,88
3985,318800000,318880000,3270,875
3986,318880000,318960000,8188,2029
3987,318960000,319040000,126,73
3988,319040000,319120000,131,72
3989,319120000,319200000,125,72
3990,319200000,319280000,221,108
3991,319280000,319360000,8264,2120
3992,319360000,319440000,2845,780
3993,319440000,319520000,125,72
3994,319520000,319600000,128,72
3995,319600000,319680000,130,75
3996,319680000,319760000,3021,845
3997,319760000,319840000,7845,2007
3998,319840000,319920000,129,73
3999,319920000,320000000,125,72
4000,320000000,320080000,149,76
4001,320080000,320160000,129,80
4002,320160000,320240000,8310,2110
4003,320240000,320320000,2886,780
4004,320320000,320400000,131,72
4005,320400000,320480000,125,72
4006,320480000,320560000,137,76
4007,320560000,320640000,3156,863
4008,320640000,320720000,7903,2030
4009,320720000,320800000,125,72
4010,320800000,320880000,128,72
4011,320880000,320960000,134,76
4012,320960000,321040000,139,80
4013,321040000,321120000,8297,2112
4014,321120000,321200000,2849,774
4015,321200000,321280000,125,72
4016,321280000,321360000,137,72
4017,321360000,321440000,134,76
4018,321440000,321520000,3189,863
4019,321520000,321600000,8117,2031
4020,321600000,321680000,131,72
4021,321680000,321760000,125,72
4022,321760000,321840000,141,76
4023,321840000,321920000,129,80
4024,321920000,322000000,8587,2110
4025,322000000,322080000,2879,776
4026,322080000,322160000,128,72
4027,322160000,322240000,125,72
4028,322240000,322320000,140,76
4029,322320000,322400000,3169,867
4030,322400000,322480000,7964,2029
4031,322480000,322560000,126,73
4032,322560000,322640000,143,72
4033,322640000,322720000,136,76
4034,322720000,322800000,139,84
4035,322800000,322880000,8272,2114
4036,322880000,322960000,2907,780
4037,322960000,323040000,125,72
4038,323040000,323120000,128,72
4039,323120000,323200000,134,76
4040,323200000,323280000,3269,867
4041,323280000,323360000,8141,2031
4042,323360000,323440000,129,73
4043,323440000,323520000,125,72
4044,323520000,323600000,144,76
4045,323600000,323680000,140,84
4046,323680000,323760000,8589,2110
4047,323760000,323840000,2937,780
4048,323840000,323920000,137,72
4049,323920000,324000000,125,72
4050,324000000,324080000,141,76
4051,324080000,324160000,3341,867
4052,324160000,324240000,8113,2030
4053,324240000,324320000,125,72
4054,324320000,324400000,128,72
4055,324400000,324480000,134,76
4056,324480000,324560000,149,84
4057,324560000,324640000,8389,2112
4058,324640000,324720000,2895,776
4059,324720000,324800000,125,72
4060,324800000,324880000,131,72
4061,324880000,324960000,134,76
4062,324960000,325040000,3286,867
4063,325040000,325120000,8210,2031
4064,325120000,325200000,140,72
4065,325200000,325280000,125,72
4066,325280000,325360000,141,76
4067,325360000,325440000,140,84
4068,325440000,325520000,8695,2110
4069,325520000,325600000,2950,776
4070,325600000,325680000,128,72
4071,325680000,325760000,125,72
4072,325760000,325840000,145,76
4073,325840000,325920000,3220,867
4074,325920000,326000000,8128,2029
4075,326000000,326080000,126,73
4076,326080000,326160000,131,72
4077,326160000,326240000,138,76
4078,326240000,326320000,143,84
4079,326320000,326400000,8463,2116
4080,326400000,326480000,2957,780
4081,326480000,326560000,125,72
4082,326560000,326640000,128,72
4083,326640000,326720000,134,76
4084,326720000,326800000,3243,867
4085,326800000,326880000,8190,2032
4086,326880000,326960000,129,73
4087,326960000,327040000,125,72
4088,327040000,327120000,147,76
4089,327120000,327200000,145,87
4090,327200000,327280000,8513,2067
4091,327280000,327360000,2983,779
4092,327360000,327440000,131,72
4093,327440000,327520000,125,72
4094,327520000,327600000,141,76
4095,327600000,327680000,3322,871
4096,327680000,327760000,8236,2028
4097,327760000,327840000,125,72
4098,327840000,327920000,128,72
4099,327920000,328000000,138,76
4100,328000000,328080000,157,88
4101,328080000,328160000,8600,2112
4102,328160000,328240000,2956,776
4103,328240000,328320000,125,72
4104,328320000,328400000,134,72
4105,328400000,328480000,138,76
4106,328480000,328560000,3365,871
4107,328560000,328640000,8408,2031
4108,328640000,328720000,131,72
4109,328720000,328800000,125,72
4110,328800000,328880000,145,76
4111,328880000,328960000,151,88
4112,328960000,329040000,8737,2110
4113,329040000,329120000,2964,776
4114,329120000,329200000,128,72
4115,329200000,329280000,125,72
4116,329280000,329360000,140,76
4117,329360000,329440000,3368,871
4118,329440000,329520000,8170,2029
4119,329520000,329600000,126,73
4120,329600000,329680000,134,72
4121,329680000,329760000,136,76
4122,329760000,329840000,141,84
4123,329840000,329920000,8466,2114
4124,329920000,330000000,2950,780
4125,330000000,330080000,125,72
4126,330080000,330160000,128,72
4127,330160000,330240000,134,76
4128,330240000,330320000,3319,867
4129,330320000,330400000,8217,2031
4130,330400000,330480000,129,73
4131,330480000,330560000,125,72
4132,330560000,330640000,144,76
4133,330640000,330720000,140,84
4134,330720000,330800000,8815,2110
4135,330800000,330880000,3010,780
4136,330880000,330960000,134,72
4137,330960000,331040000,125,72
4138,331040000,331120000,141,76
4139,331120000,331200000,3421,867
4140,331200000,331280000,8243,2030
4141,331280000,331360000,125,72
4142,331360000,331440000,128,72
4143,331440000,331520000,136,76
4144,331520000,331600000,154,84
4145,331600000,331680000,8750,2112
4146,331680000,331760000,2918,776
4147,331760000,331840000,125,72
4148,331840000,331920000,131,72
4149,331920000,332000000,136,76
4150,332000000,332080000,3385,867
4151,332080000,332160000,8333,2031
4152,332160000,332240000,134,72
4153,332240000,332320000,125,72
4154,332320000,332400000,143,76
4155,332400000,332480000,147,88
4156,332480000,332560000,8897,2110
4157,332560000,332640000,2952,776
4158,332640000,332720000,128,72
4159,332720000,332800000,125,72
4160,332800000,332880000,156,76
4161,332880000,332960000,3308,871
4162,332960000,333040000,8195,2029
4163,333040000,333120000,126,73
4164,333120000,333200000,131,72
4165,333200000,333280000,140,76
4166,333280000,333360000,152,88
4167,333360000,333440000,8410,2118
4168,333440000,333520000,2893,780
4169,333520000,333600000,125,72
4170,333600000,333680000,128,72
4171,333680000,333760000,134,76
4172,333760000,333840000,3255,871
4173,333840000,333920000,8182,2033
4174,333920000,334000000,129,73
4175,334000000,334080000,125,72
4176,334080000,334160000,150,76
4177,334160000,334240000,155,88
4178,334240000,334320000,8642,2110
4179,334320000,334400000,2962,780
4180,334400000,334480000,131,72
4181,334480000,334560000,125,72
4182,334560000,334640000,141,76
4183,334640000,334720000,3262,852
4184,334720000,334800000,8141,2003
4185,334800000,334880000,125,72
4186,334880000,334960000,128,72
4187,334960000,335040000,138,76
4188,335040000,335120000,155,88
4189,335120000,335200000,8626,2112
4190,335200000,335280000,2972,776
4191,335280000,335360000,125,72
4192,335360000,335440000,140,72
4193,335440000,335520000,138,76
4194,335520000,335600000,3375,871
4195,335600000,335680000,8381,2031
4196,335680000,335760000,131,72
4197,335760000,335840000,125,72
4198,335840000,335920000,145,76
4199,335920000,336000000,155,88
4200,336000000,336080000,8836,2110
4201,336080000,336160000,2942,774
4202,336160000,336240000,128,72
4203,336240000,336320000,125,72
4204,336320000,336400000,144,76
4205,336400000,336480000,3352,871
4206,336480000,336560000,8246,2029
4207,336560000,336640000,126,73
4208,336640000,336720000,137,72
4209,336720000,336800000,140,76
4210,336800000,336880000,156,88
4211,336880000,336960000,8765,2114
4212,336960000,337040000,2969,780
4213,337040000,337120000,125,72
4214,337120000,337200000,128,72
4215,337200000,337280000,138,76
4216,337280000,337360000,3377,875
4217,337360000,337440000,8331,2031
4218,337440000,337520000,129,73
4219,337520000,337600000,125,72
4220,337600000,337680000,148,76
4221,337680000,337760000,162,92
4222,337760000,337840000,8859,2110
4223,337840000,337920000,3008,780
4224,337920000,338000000,146,72
4225,338000000,338080000,125,72
4226,338080000,338160000,145,76
4227,338160000,338240000,3501,875
4228,338240000,338320000,8176,2030
4229,338320000,338400000,125,72
4230,338400000,338480000,128,72
4231,338480000,338560000,134,76
4232,338560000,338640000,175,92
4233,338640000,338720000,8555,2112
4234,338720000,338800000,2894,776
4235,338800000,338880000,125,72
4236,338880000,338960000,131,72
4237,338960000,339040000,134,76
4238,339040000,339120000,3437,875
4239,339120000,339200000,8283,2031
4240,339200000,339280000,137,72
4241,339280000,339360000,125,72
4242,339360000,339440000,141,76
4243,339440000,339520000,160,92
4244,339520000,339600000,8729,2110
4245,339600000,339680000,2973,776
4246,339680000,339760000,128,72
4247,339760000,339840000,125,72
4248,339840000,339920000,152,80
4249,339920000,340000000,3298,863
4250,340000000,340080000,8127,2029
4251,340080000,340160000,126,73
4252,340160000,340240000,131,72
4253,340240000,340320000,138,76
4254,340320000,340400000,143,84
4255,340400000,340480000,8475,2116
4256,340480000,340560000,2951,780
4257,340560000,340640000,125,72
4258,340640000,340720000,128,72
4259,340720000,340800000,141,80
4260,340800000,340880000,3267,863
4261,340880000,340960000,8137,2032
4262,340960000,341040000,129,73
4263,341040000,341120000,125,72
4264,341120000,341200000,147,76
4265,341200000,341280000,140,84
4266,341280000,341360000,8741,2110
4267,341360000,341440000,2979,780
4268,341440000,341520000,131,72
4269,341520000,341600000,125,72
4270,341600000,341680000,152,80
4271,341680000,341760000,3419,863
4272,341760000,341840000,8205,2030
4273,341840000,341920000,125,72
4274,341920000,342000000,128,72
4275,342000000,342080000,138,76
4276,342080000,342160000,151,87
4277,342160000,342240000,8603,2069
4278,342240000,342320000,2943,775
4279,342320000,342400000,125,72
4280,342400000,342480000,134,72
4281,342480000,342560000,147,80
4282,342560000,342640000,3457,867
4283,342640000,342720000,8390,2029
4284,342720000,342800000,131,72
4285,342800000,342880000,125,72
4286,342880000,342960000,145,76
4287,342960000,343040000,151,88
4288,343040000,343120000,8892,2110
4289,343120000,343200000,2986,776
4290,343200000,343280000,128,72
4291,343280000,343360000,125,72
4292,343360000,343440000,153,80
4293,343440000,343520000,3418,867
4294,343520000,343600000,8211,2029
4295,343600000,343680000,126,73
4296,343680000,343760000,134,72
4297,343760000,343840000,138,76
4298,343840000,343920000,154,88
4299,343920000,344000000,8666,2114
4300,344000000,344080000,2978,780
4301,344080000,344160000,125,72
4302,344160000,344240000,128,72
4303,344240000,344320000,143,80
4304,344320000,344400000,3496,867
4305,344400000,344480000,8367,2031
4306,344480000,344560000,129,73
4307,344560000,344640000,125,72
4308,344640000,344720000,146,76
4309,344720000,344800000,149,88
4310,344800000,344880000,8898,2110
4311,344880000,344960000,3022,780
4312,344960000,345040000,134,72
4313,345040000,345120000,125,72
4314,345120000,345200000,154,80
4315,345200000,345280000,3493,867
4316,345280000,345360000,8304,2030
4317,345360000,345440000,125,72
4318,345440000,345520000,128,72
4319,345520000,345600000,138,76
4320,345600000,345680000,166,88
4321,345680000,345760000,8917,2112
4322,345760000,345840000,2976,776
4323,345840000,345920000,125,72
4324,345920000,346000000,131,72
4325,346000000,346080000,149,80
4326,346080000,346160000,3463,867
4327,346160000,346240000,8479,2031
4328,346240000,346320000,134,72
4329,346320000,346400000,125,72
4330,346400000,346480000,145,76
4331,346480000,346560000,157,88
4332,346560000,346640000,9070,2110
4333,346640000,346720000,2937,776
4334,346720000,346800000,128,72
4335,346800000,346880000,125,72
4336,346880000,346960000,163,80
4337,346960000,347040000,2982,867
4338,347040000,347120000,7922,2029
4339,347120000,347200000,126,73
4340,347200000,347280000,131,72
4341,347280000,347360000,142,76
4342,347360000,347440000,163,92
4343,347440000,347520000,7755,2128
4344,347520000,347600000,2750,780
4345,347600000,347680000,125,72
4346,347680000,347760000,128,72
4347,347760000,347840000,145,80
4348,347840000,347920000,2795,871
4349,347920000,348000000,7732,2038
4350,348000000,348080000,129,73
4351,348080000,348160000,125,72
4352,348160000,348240000,162,76
4353,348240000,348320000,164,92
4354,348320000,348400000,7841,2110
4355,348400000,348480000,2796,780
4356,348480000,348560000,131,72
4357,348560000,348640000,125,72
4358,348640000,348720000,156,80
4359,348720000,348800000,2903,871
4360,348800000,348880000,7742,2030
4361,348880000,348960000,125,72
4362,348960000,349040000,128,72
4363,349040000,349120000,138,76
4364,349120000,349200000,168,92
4365,349200000,349280000,7897,2112
4366,349280000,349360000,2783,776
4367,349360000,349440000,125,72
4368,349440000,349520000,137,72
4369,349520000,349600000,147,80
4370,349600000,349680000,2857,848
4371,349680000,349760000,7856,2004
4372,349760000,349840000,131,72
4373,349840000,349920000,125,72
4374,349920000,350000000,145,76
4375,350000000,350080000,151,88
4376,350080000,350160000,8094,2110
4377,350160000,350240000,2782,776
4378,350240000,350320000,128,72
4379,350320000,350400000,125,72
4380,350400000,350480000,155,80
4381,350480000,350560000,2890,867
4382,350560000,350640000,7755,2029
4383,350640000,350720000,126,73
4384,350720000,350800000,140,72
4385,350800000,350880000,140,76
4386,350880000,350960000,158,88
4387,350960000,351040000,7924,2114
4388,351040000,351120000,2785,778
4389,351120000,351200000,125,72
4390,351200000,351280000,128,72
4391,351280000,351360000,147,80
4392,351360000,351440000,2910,867
4393,351440000,351520000,7900,2031
4394,351520000,351600000,129,73
4395,351600000,351680000,125,72
4396,351680000,351760000,148,76
4397,351760000,351840000,155,88
4398,351840000,351920000,8246,2110
4399,351920000,352000000,2849,780
4400,352000000,352080000,137,72
4401,352080000,352160000,125,72
4402,352160000,352240000,158,80
4403,352240000,352320000,2985,871
4404,352320000,352400000,7806,2030
4405,352400000,352480000,125,72
4406,352480000,352560000,128,72
4407,352560000,352640000,138,76
4408,352640000,352720000,169,92
4409,352720000,352800000,7958,2112
4410,352800000,352880000,2784,776
4411,352880000,352960000,125,72
4412,352960000,353040000,131,72
4413,353040000,353120000,151,80
4414,353120000,353200000,3052,871
4415,353200000,353280000,8007,2031
4416,353280000,353360000,143,72
4417,353360000,353440000,125,72
4418,353440000,353520000,145,76
4419,353520000,353600000,170,92
4420,353600000,353680000,8264,2110
4421,353680000,353760000,2821,776
4422,353760000,353840000,128,72
4423,353840000,353920000,125,72
4424,353920000,354000000,160,80
4425,354000000,354080000,2989,871
4426,354080000,354160000,7927,2029
4427,354160000,354240000,126,73
4428,354240000,354320000,131,72
4429,354320000,354400000,142,76
4430,354400000,354480000,165,92
4431,354480000,354560000,7926,2116
4432,354560000,354640000,2828,780
4433,354640000,354720000,125,72
4434,354720000,354800000,128,72
4435,354800000,354880000,149,80
4436,354880000,354960000,2907,871
4437,354960000,355040000,7909,2032
4438,355040000,355120000,129,73
4439,355120000,355200000,125,72
4440,355200000,355280000,151,76
4441,355280000,355360000,168,92
4442,355360000,355440000,8168,2110
4443,355440000,355520000,2871,780
4444,355520000,355600000,131,72
4445,355600000,355680000,125,72
4446,355680000,355760000,160,80
4447,355760000,355840000,2989,871
4448,355840000,355920000,7948,2030
4449,355920000,356000000,125,72
4450,356000000,356080000,128,72
4451,356080000,356160000,142,76
4452,356160000,356240000,172,92
4453,356240000,356320000,8244,2112
4454,356320000,356400000,2848,776
4455,356400000,356480000,125,72
4456,356480000,356560000,134,72
4457,356560000,356640000,155,80
4458,356640000,356720000,3080,871
4459,356720000,356800000,8161,2031
4460,356800000,356880000,131,72
4461,356880000,356960000,125,72
4462,356960000,357040000,149,76
4463,357040000,357120000,175,95
4464,357120000,357200000,8206,2067
4465,357200000,357280000,2836,775
4466,357280000,357360000,128,72
4467,357360000,357440000,125,72
4468,357440000,357520000,153,80
4469,357520000,357600000,3000,875
4470,357600000,357680000,7827,2027
4471,357680000,357760000,126,73
4472,357760000,357840000,134,72
4473,357840000,357920000,136,76
4474,357920000,358000000,182,96
4475,358000000,358080000,7988,2114
4476,358080000,358160000,2842,780
4477,358160000,358240000,125,72
4478,358240000,358320000,128,72
4479,358320000,358400000,141,80
4480,358400000,358480000,3043,875
4481,358480000,358560000,7955,2031
4482,358560000,358640000,129,73
4483,358640000,358720000,125,72
4484,358720000,358800000,144,76
4485,358800000,358880000,177,96
4486,358880000,358960000,8227,2110
4487,358960000,359040000,2902,780
4488,359040000,359120000,134,72
4489,359120000,359200000,125,72
4490,359200000,359280000,152,80
4491,359280000,359360000,3169,875
4492,359360000,359440000,8014,2030
4493,359440000,359520000,125,72
4494,359520000,359600000,128,72
4495,359600000,359680000,136,76
4496,359680000,359760000,150,84
4497,359760000,359840000,8153,2112
4498,359840000,359920000,2831,776
4499,359920000,360000000,125,72
4500,360000000,360080000,131,72
4501,360080000,360160000,143,80
4502,360160000,360240000,3068,863
4503,360240000,360320000,8083,2031
4504,360320000,360400000,134,72
4505,360400000,360480000,125,72
4506,360480000,360560000,143,76
4507,360560000,360640000,140,84
4508,360640000,360720000,8476,2110
4509,360720000,360800000,2878,776
4510,360800000,360880000,128,72
4511,360880000,360960000,125,72
4512,360960000,361040000,162,80
4513,361040000,361120000,2964,863
4514,361120000,361200000,7904,2029
4515,361200000,361280000,126,73
4516,361280000,361360000,131,72
4517,361360000,361440000,140,76
4518,361440000,361520000,145,84
4519,361520000,361600000,7987,2118
4520,361600000,361680000,2789,780
4521,361680000,361760000,125,72
4522,361760000,361840000,128,72
4523,361840000,361920000,141,80
4524,361920000,362000000,2879,863
4525,362000000,362080000,7801,2033
4526,362080000,362160000,129,73
4527,362160000,362240000,125,72
4528,362240000,362320000,150,76
4529,362320000,362400000,147,88
4530,362400000,362480000,8067,2110
4531,362480000,362560000,2833,780
4532,362560000,362640000,131,72
4533,362640000,362720000,125,72
4534,362720000,362800000,152,80
4535,362800000,362880000,2991,867
4536,362880000,362960000,7879,2030
4537,362960000,363040000,125,72
4538,363040000,363120000,128,72
4539,363120000,363200000,138,76
4540,363200000,363280000,155,88
4541,363280000,363360000,8062,2112
4542,363360000,363440000,2833,776
4543,363440000,363520000,125,72
4544,363520000,363600000,143,72
4545,363600000,363680000,149,80
4546,363680000,363760000,3054,867
4547,363760000,363840000,8134,2031
4548,363840000,363920000,131,72
4549,363920000,364000000,125,72
4550,364000000,364080000,145,76
4551,364080000,364160000,155,88
4552,364160000,364240000,8354,2110
4553,364240000,364320000,2855,776
4554,364320000,364400000,128,72
4555,364400000,364480000,125,72
4556,364480000,364560000,153,80
4557,364560000,364640000,2959,848
4558,364640000,364720000,7900,2002
4559,364720000,364800000,126,73
4560,364800000,364880000,137,72
4561,364880000,364960000,140,76
4562,364960000,365040000,152,88
4563,365040000,365120000,8168,2114
4564,365120000,365200000,2868,780
4565,365200000,365280000,125,72
4566,365280000,365360000,128,72
4567,365360000,365440000,147,80
4568,365440000,365520000,3059,867
4569,365520000,365600000,8057,2031
4570,365600000,365680000,129,73
4571,365680000,365760000,125,72
4572,365760000,365840000,148,76
4573,365840000,365920000,155,88
4574,365920000,366000000,8409,2110
4575,366000000,366080000,2890,778
4576,366080000,366160000,140,72
4577,366160000,366240000,125,72
4578,366240000,366320000,158,80
4579,366320000,366400000,3125,867
4580,366400000,366480000,8000,2030
4581,366480000,366560000,125,72
4582,366560000,366640000,128,72
4583,366640000,366720000,136,76
4584,366720000,366800000,162,88
4585,366800000,366880000,8294,2112
4586,366880000,366960000,2860,776
4587,366960000,367040000,125,72
4588,367040000,367120000,131,72
4589,367120000,367200000,147,80
4590,367200000,367280000,3102,871
4591,367280000,367360000,8095,2031
4592,367360000,367440000,137,72
4593,367440000,367520000,125,72
4594,367520000,367600000,143,76
4595,367600000,367680000,162,92
4596,367680000,367760000,8380,2110
4597,367760000,367840000,2906,776
4598,367840000,367920000,128,72
4599,367920000,368000000,125,72
4600,368000000,368080000,160,80
4601,368080000,368160000,3090,871
4602,368160000,368240000,8009,2029
4603,368240000,368320000,126,73
4604,368320000,368400000,131,72
4605,368400000,368480000,140,76
4606,368480000,368560000,171,92
4607,368560000,368640000,8148,2116
4608,368640000,368720000,2864,780
4609,368720000,368800000,125,72
4610,368800000,368880000,128,72
4611,368880000,368960000,143,80
4612,368960000,369040000,3061,871
4613,369040000,369120000,8029,2032
4614,369120000,369200000,129,73
4615,369200000,369280000,125,72
4616,369280000,369360000,149,76
4617,369360000,369440000,160,92
4618,369440000,369520000,8310,2110
4619,369520000,369600000,2882,780
4620,369600000,369680000,131,72
4621,369680000,369760000,125,72
4622,369760000,369840000,154,80
4623,369840000,369920000,3084,867
4624,369920000,370000000,8020,2030
4625,370000000,370080000,125,72
4626,370080000,370160000,128,72
4627,370160000,370240000,140,76
4628,370240000,370320000,157,88
4629,370320000,370400000,8342,2112
4630,370400000,370480000,2862,776
4631,370480000,370560000,125,72
4632,370560000,370640000,134,72
4633,370640000,370720000,151,80
4634,370720000,370800000,3121,867
4635,370800000,370880000,8222,2031
4636,370880000,370960000,131,72
4637,370960000,371040000,125,72
4638,371040000,371120000,147,76
4639,371120000,371200000,155,88
4640,371200000,371280000,8593,2110
4641,371280000,371360000,2905,776
4642,371360000,371440000,128,72
4643,371440000,371520000,125,72
4644,371520000,371600000,155,80
4645,371600000,371680000,3154,867
4646,371680000,371760000,8058,2029
4647,371760000,371840000,126,73
4648,371840000,371920000,134,72
4649,371920000,372000000,140,76
4650,372000000,372080000,161,91
4651,372080000,372160000,8231,2071
4652,372160000,372240000,2866,779
4653,372240000,372320000,125,72
4654,372320000,372400000,128,72
4655,372400000,372480000,149,80
4656,372480000,372560000,3181,871
4657,372560000,372640000,8158,2029
4658,372640000,372720000,129,73
4659,372720000,372800000,125,72
4660,372800000,372880000,148,76
4661,372880000,372960000,166,92
4662,372960000,373040000,8580,2110
4663,373040000,373120000,2922,780
4664,373120000,373200000,134,72
4665,373200000,373280000,125,72
4666,373280000,373360000,160,80
4667,373360000,373440000,3258,871
4668,373440000,373520000,8172,2030
4669,373520000,373600000,125,72
4670,373600000,373680000,128,72
4671,373680000,373760000,140,76
4672,373760000,373840000,180,92
4673,373840000,373920000,8513,2112
4674,373920000,374000000,2874,776
4675,374000000,374080000,125,72
4676,374080000,374160000,131,72
4677,374160000,374240000,151,80
4678,374240000,374320000,3288,871
4679,374320000,374400000,8364,2031
4680,374400000,374480000,134,72
4681,374480000,374560000,125,72
4682,374560000,374640000,147,76
4683,374640000,374720000,164,92
4684,374720000,374800000,8699,2110
4685,374800000,374880000,2899,776
4686,374880000,374960000,128,72
4687,374960000,375040000,125,72
4688,375040000,375120000,167,80
4689,375120000,375200000,3015,871
4690,375200000,375280000,8079,2029
4691,375280000,375360000,126,73
4692,375360000,375440000,131,72
4693,375440000,375520000,144,76
4694,375520000,375600000,169,92
4695,375600000,375680000,8010,2120
4696,375680000,375760000,2766,780
4697,375760000,375840000,125,72
4698,375840000,375920000,128,72
4699,375920000,376000000,145,80
4700,376000000,376080000,2861,871
4701,376080000,376160000,7692,2034
4702,376160000,376240000,129,73
4703,376240000,376320000,125,72
4704,376320000,376400000,153,76
4705,376400000,376480000,172,92
4706,376480000,376560000,7981,2110
4707,376560000,376640000,2795,780
4708,376640000,376720000,131,72
4709,376720000,376800000,125,72
4710,376800000,376880000,156,80
4711,376880000,376960000,2916,871
4712,376960000,377040000,7673,2030
4713,377040000,377120000,125,72
4714,377120000,377200000,128,72
4715,377200000,377280000,138,76
4716,377280000,377360000,181,96
4717,377360000,377440000,7898,2112
4718,377440000,377520000,2781,776
4719,377520000,377600000,125,72
4720,377600000,377680000,137,72
4721,377680000,377760000,153,80
4722,377760000,377840000,3030,875
4723,377840000,377920000,7905,2031
4724,377920000,378000000,131,72
4725,378000000,378080000,125,72
4726,378080000,378160000,145,76
4727,378160000,378240000,183,96
4728,378240000,378320000,8106,2110
4729,378320000,378400000,2787,776
4730,378400000,378480000,128,72
4731,378480000,378560000,125,72
4732,378560000,378640000,153,80
4733,378640000,378720000,3035,875
4734,378720000,378800000,7837,2029
4735,378800000,378880000,126,73
4736,378880000,378960000,146,72
4737,378960000,379040000,140,76
4738,379040000,379120000,176,96
4739,379120000,379200000,8042,2114
4740,379200000,379280000,2836,780
4741,379280000,379360000,125,72
4742,379360000,379440000,128,72
4743,379440000,379520000,152,83
4744,379520000,379600000,2958,845
4745,379600000,379680000,7875,2004
4746,379680000,379760000,129,73
4747,379760000,379840000,125,72
4748,379840000,379920000,148,76
4749,379920000,380000000,151,88
4750,380000000,380080000,8271,2110
4751,380080000,380160000,2884,780
4752,380160000,380240000,137,72
4753,380240000,380320000,125,72
4754,380320000,380400000,167,84
4755,380400000,380480000,3082,863
4756,380480000,380560000,7851,2030
4757,380560000,380640000,125,72
4758,380640000,380720000,128,72
4759,380720000,380800000,138,76
4760,380800000,380880000,162,88
4761,380880000,380960000,8128,2112
4762,380960000,381040000,2786,774
4763,381040000,381120000,125,72
4764,381120000,381200000,131,72
4765,381200000,381280000,158,84
4766,381280000,381360000,3069,863
4767,381360000,381440000,8012,2031
4768,381440000,381520000,140,72
4769,381520000,381600000,125,72
4770,381600000,381680000,145,76
4771,381680000,381760000,157,88
4772,381760000,381840000,8439,2110
4773,381840000,381920000,2859,776
4774,381920000,382000000,128,72
4775,382000000,382080000,125,72
4776,382080000,382160000,171,84
4777,382160000,382240000,3007,867
4778,382240000,382320000,7894,2029
4779,382320000,382400000,126,73
4780,382400000,382480000,131,72
4781,382480000,382560000,142,76
4782,382560000,382640000,165,92
4783,382640000,382720000,7991,2116
4784,382720000,382800000,2859,780
4785,382800000,382880000,125,72
4786,382880000,382960000,128,72
4787,382960000,383040000,156,84
4788,383040000,383120000,3049,867
4789,383120000,383200000,7974,2032
4790,383200000,383280000,129,73
4791,383280000,383360000,125,72
4792,383360000,383440000,151,76
4793,383440000,383520000,166,92
4794,383520000,383600000,8259,2110
4795,383600000,383680000,2890,780
4796,383680000,383760000,131,72
4797,383760000,383840000,125,72
4798,383840000,383920000,171,84
4799,383920000,384000000,3129,867
4800,384000000,384080000,8046,2030
4801,384080000,384160000,125,72
4802,384160000,384240000,128,72
4803,384240000,384320000,142,76
4804,384320000,384400000,168,92
4805,384400000,384480000,8207,2112
4806,384480000,384560000,2883,776
4807,384560000,384640000,125,72
4808,384640000,384720000,134,72
4809,384720000,384800000,164,84
4810,384800000,384880000,3120,867
4811,384880000,384960000,8178,2031
4812,384960000,385040000,131,72
4813,385040000,385120000,125,72
4814,385120000,385200000,149,76
4815,385200000,385280000,170,92
4816,385280000,385360000,8423,2110
4817,385360000,385440000,2877,776
4818,385440000,385520000,128,72
4819,385520000,385600000,125,72
4820,385600000,385680000,168,84
4821,385680000,385760000,3057,867
4822,385760000,385840000,7900,2029
4823,385840000,385920000,126,73
4824,385920000,386000000,134,72
4825,386000000,386080000,140,76
4826,386080000,386160000,171,92
4827,386160000,386240000,8234,2114
4828,386240000,386320000,2878,780
4829,386320000,386400000,125,72
4830,386400000,386480000,128,72
4831,386480000,386560000,160,84
4832,386560000,386640000,3145,867
4833,386640000,386720000,8045,2031
4834,386720000,386800000,129,73
4835,386800000,386880000,125,72
4836,386880000,386960000,148,76
4837,386960000,387040000,175,95
4838,387040000,387120000,8334,2067
4839,387120000,387200000,2911,779
4840,387200000,387280000,134,72
4841,387280000,387360000,125,72
4842,387360000,387440000,175,84
4843,387440000,387520000,3212,871
4844,387520000,387600000,8040,2028
4845,387600000,387680000,125,72
4846,387680000,387760000,128,72
4847,387760000,387840000,140,76
4848,387840000,387920000,187,96
4849,387920000,388000000,8353,2112
4850,388000000,388080000,2849,776
4851,388080000,388160000,125,72
4852,388160000,388240000,131,72
4853,388240000,388320000,164,84
4854,388320000,388400000,3214,871
4855,388400000,388480000,8199,2031
4856,388480000,388560000,134,72
4857,388560000,388640000,125,72
4858,388640000,388720000,147,76
4859,388720000,388800000,183,96
4860,388800000,388880000,8566,2110
4861,388880000,388960000,2906,776
4862,388960000,389040000,128,72
4863,389040000,389120000,125,72
4864,389120000,389200000,188,84
4865,389200000,389280000,3144,871
4866,389280000,389360000,8093,2029
4867,389360000,389440000,126,73
4868,389440000,389520000,131,72
4869,389520000,389600000,144,76
4870,389600000,389680000,167,92
4871,389680000,389760000,8072,2118
4872,389760000,389840000,2862,780
4873,389840000,389920000,125,72
4874,389920000,390000000,128,72
4875,390000000,390080000,158,84
4876,390080000,390160000,2984,867
4877,390160000,390240000,7963,2033
4878,390240000,390320000,129,73
4879,390320000,390400000,125,72
4880,390400000,390480000,154,76
4881,390480000,390560000,168,92
4882,390560000,390640000,8328,2110
4883,390640000,390720000,2923,780
4884,390720000,390800000,131,72
4885,390800000,390880000,125,72
4886,390880000,390960000,173,84
4887,390960000,391040000,3099,867
4888,391040000,391120000,8024,2030
4889,391120000,391200000,125,72
4890,391200000,391280000,128,72
4891,391280000,391360000,142,76
4892,391360000,391440000,174,92
4893,391440000,391520000,8323,2112
4894,391520000,391600000,2915,776
4895,391600000,391680000,125,72
4896,391680000,391760000,140,72
4897,391760000,391840000,168,84
4898,391840000,391920000,3104,867
4899,391920000,392000000,8195,2031
4900,392000000,392080000,131,72
4901,392080000,392160000,125,72
4902,392160000,392240000,149,76
4903,392240000,392320000,181,96
4904,392320000,392400000,8463,2110
4905,392400000,392480000,2910,776
4906,392480000,392560000,128,72
4907,392560000,392640000,125,72
4908,392640000,392720000,174,84
4909,392720000,392800000,3140,871
4910,392800000,392880000,8074,2029
4911,392880000,392960000,126,73
4912,392960000,393040000,137,72
4913,393040000,393120000,144,76
4914,393120000,393200000,182,96
4915,393200000,393280000,8287,2114
4916,393280000,393360000,2915,780
4917,393360000,393440000,125,72
4918,393440000,393520000,128,72
4919,393520000,393600000,164,84
4920,393600000,393680000,3190,871
4921,393680000,393760000,8244,2031
4922,393760000,393840000,129,73
4923,393840000,393920000,125,72
4924,393920000,394000000,152,76
4925,394000000,394080000,185,96
4926,394080000,394160000,8609,2110
4927,394160000,394240000,2975,780
4928,394240000,394320000,143,72
4929,394320000,394400000,125,72
4930,394400000,394480000,179,84
4931,394480000,394560000,3184,852
4932,394560000,394640000,7995,2003
4933,394640000,394720000,125,72
4934,394720000,394800000,128,72
4935,394800000,394880000,134,76
4936,394880000,394960000,184,96
4937,394960000,395040000,8295,2112
4938,395040000,395120000,2889,776
4939,395120000,395200000,125,72
4940,395200000,395280000,131,72
4941,395280000,395360000,160,84
4942,395360000,395440000,3217,871
4943,395440000,395520000,8132,2031
4944,395520000,395600000,137,72
4945,395600000,395680000,125,72
4946,395680000,395760000,141,76
4947,395760000,395840000,189,96
4948,395840000,395920000,8526,2110
4949,395920000,396000000,2912,774
4950,396000000,396080000,128,72
4951,396080000,396160000,125,72
4952,396160000,396240000,173,84
4953,396240000,396320000,3149,871
4954,396320000,396400000,8040,2029
4955,396400000,396480000,126,73
4956,396480000,396560000,131,72
4957,396560000,396640000,138,76
4958,396640000,396720000,188,96
4959,396720000,396800000,8325,2116
4960,396800000,396880000,2916,780
4961,396880000,396960000,125,72
4962,396960000,397040000,128,72
4963,397040000,397120000,152,84
4964,397120000,397200000,3119,875
4965,397200000,397280000,8016,2032
4966,397280000,397360000,129,73
4967,397360000,397440000,125,72
4968,397440000,397520000,147,76
4969,397520000,397600000,188,100
4970,397600000,397680000,8375,2110
4971,397680000,397760000,2933,780
4972,397760000,397840000,131,72
4973,397840000,397920000,125,72
4974,397920000,398000000,167,84
4975,398000000,398080000,3257,875
4976,398080000,398160000,8106,2030
4977,398160000,398240000,125,72
4978,398240000,398320000,128,72
4979,398320000,398400000,138,76
4980,398400000,398480000,192,100
4981,398480000,398560000,8455,2112
4982,398560000,398640000,2902,776
4983,398640000,398720000,125,72
4984,398720000,398800000,134,72
4985,398800000,398880000,158,84
4986,398880000,398960000,3290,875
4987,398960000,399040000,8333,2031
4988,399040000,399120000,131,72
4989,399120000,399200000,125,72
4990,399200000,399280000,145,76
4991,399280000,399360000,188,100
4992,399360000,399440000,8584,2110
4993,399440000,399520000,2967,776
4994,399520000,399600000,128,72
4995,399600000,399680000,125,72
4996,399680000,399760000,149,80
4997,399760000,399840000,3176,863
4998,399840000,399920000,8092,2029
4999,399920000,400000000,126,73
5000,400000000,400080000,134,72
5001,400080000,400160000,138,76
5002,400160000,400240000,143,84
5003,400240000,400320000,8410,2114
5004,400320000,400400000,2941,780
5005,400400000,400480000,125,72
5006,400480000,400560000,128,72
5007,400560000,400640000,143,80
5008,400640000,400720000,3204,863
5009,400720000,400800000,8208,2031
5010,400800000,400880000,129,73
5011,400880000,400960000,125,72
5012,400960000,401040000,146,76
5013,401040000,401120000,140,84
5014,401120000,401200000,8724,2110
5015,401200000,401280000,2995,780
5016,401280000,401360000,134,72
5017,401360000,401440000,125,72
5018,401440000,401520000,154,80
5019,401520000,401600000,3347,863
5020,401600000,401680000,8246,2030
5021,401680000,401760000,125,72
5022,401760000,401840000,128,72
5023,401840000,401920000,138,76
5024,401920000,402000000,160,87
5025,402000000,402080000,8518,2069
5026,402080000,402160000,2924,775
5027,402160000,402240000,125,72
5028,402240000,402320000,131,72
5029,402320000,402400000,147,80
5030,402400000,402480000,3320,867
5031,402480000,402560000,8388,2029
5032,402560000,402640000,134,72
5033,402640000,402720000,125,72
5034,402720000,402800000,145,76
5035,402800000,402880000,151,88
5036,402880000,402960000,8815,2110
5037,402960000,403040000,2943,776
5038,403040000,403120000,128,72
5039,403120000,403200000,125,72
5040,403200000,403280000,163,80
5041,403280000,403360000,3054,867
5042,403360000,403440000,8084,2029
5043,403440000,403520000,126,73
5044,403520000,403600000,131,72
5045,403600000,403680000,142,76
5046,403680000,403760000,154,88
5047,403760000,403840000,8000,2122
5048,403840000,403920000,2827,780
5049,403920000,404000000,125,72
5050,404000000,404080000,128,72
5051,404080000,404160000,141,80
5052,404160000,404240000,2947,867
5053,404240000,404320000,7946,2035
5054,404320000,404400000,129,73
5055,404400000,404480000,125,72
5056,404480000,404560000,156,76
5057,404560000,404640000,149,88
5058,404640000,404720000,8091,2110
5059,404720000,404800000,2867,780
5060,404800000,404880000,131,72
5061,404880000,404960000,125,72
5062,404960000,405040000,152,80
5063,405040000,405120000,2955,867
5064,405120000,405200000,7886,2030
5065,405200000,405280000,125,72
5066,405280000,405360000,128,72
5067,405360000,405440000,138,76
5068,405440000,405520000,157,88
5069,405520000,405600000,8148,2112
5070,405600000,405680000,2863,776
5071,405680000,405760000,125,72
5072,405760000,405840000,137,72
5073,405840000,405920000,149,80
5074,405920000,406000000,3026,867
5075,406000000,406080000,8101,2031
5076,406080000,406160000,131,72
5077,406160000,406240000,125,72
5078,406240000,406320000,145,76
5079,406320000,406400000,157,88
5080,406400000,406480000,8356,2110
5081,406480000,406560000,2835,776
5082,406560000,406640000,128,72
5083,406640000,406720000,125,72
5084,406720000,406800000,155,80
5085,406800000,406880000,2993,867
5086,406880000,406960000,7915,2029
5087,406960000,407040000,126,73
5088,407040000,407120000,140,72
5089,407120000,407200000,140,76
5090,407200000,407280000,163,92
5091,407280000,407360000,8116,2114
5092,407360000,407440000,2859,780
5093,407440000,407520000,125,72
5094,407520000,407600000,128,72
5095,407600000,407680000,149,80
5096,407680000,407760000,3074,871
5097,407760000,407840000,8078,2031
5098,407840000,407920000,129,73
5099,407920000,408000000,125,72
5100,408000000,408080000,148,76
5101,408080000,408160000,164,92
5102,408160000,408240000,8356,2110
5103,408240000,408320000,2901,780
5104,408320000,408400000,137,72
5105,408400000,408480000,125,72
5106,408480000,408560000,160,80
5107,408560000,408640000,3172,871
5108,408640000,408720000,8069,2030
5109,408720000,408800000,125,72
5110,408800000,408880000,128,72
5111,408880000,408960000,138,76
5112,408960000,409040000,171,92
5113,409040000,409120000,8319,2112
5114,409120000,409200000,2857,776
5115,409200000,409280000,125,72
5116,409280000,409360000,131,72
5117,409360000,409440000,147,80
5118,409440000,409520000,3080,848
5119,409520000,409600000,8134,2004
5120,409600000,409680000,155,72
5121,409680000,409760000,125,72
5122,409760000,409840000,145,76
5123,409840000,409920000,151,88
5124,409920000,410000000,8537,2110
5125,410000000,410080000,2911,776
5126,410080000,410160000,128,72
5127,410160000,410240000,125,72
5128,410240000,410320000,160,80
5129,410320000,410400000,3069,867
5130,410400000,410480000,8058,2029
5131,410480000,410560000,126,73
5132,410560000,410640000,131,72
5133,410640000,410720000,142,76
5134,410720000,410800000,158,88
5135,410800000,410880000,8232,2116
5136,410880000,410960000,2864,778
5137,410960000,411040000,125,72
5138,411040000,411120000,128,72
5139,411120000,411200000,147,80
5140,411200000,411280000,3033,867
5141,411280000,411360000,8102,2032
5142,411360000,411440000,129,73
5143,411440000,411520000,125,72
5144,411520000,411600000,151,76
5145,411600000,411680000,155,88
5146,411680000,411760000,8501,2110
5147,411760000,411840000,2923,780
5148,411840000,411920000,131,72
5149,411920000,412000000,125,72
5150,412000000,412080000,158,80
5151,412080000,412160000,3116,871
5152,412160000,412240000,8101,2030
5153,412240000,412320000,125,72
5154,412320000,412400000,128,72
5155,412400000,412480000,142,76
5156,412480000,412560000,166,92
5157,412560000,412640000,8361,2112
5158,412640000,412720000,2887,776
5159,412720000,412800000,125,72
5160,412800000,412880000,134,72
5161,412880000,412960000,155,80
5162,412960000,413040000,3229,871
5163,413040000,413120000,8330,2031
5164,413120000,413200000,131,72
5165,413200000,413280000,125,72
5166,413280000,413360000,149,76
5167,413360000,413440000,170,92
5168,413440000,413520000,8505,2110
5169,413520000,413600000,2853,776
5170,413600000,413680000,128,72
5171,413680000,413760000,125,72
5172,413760000,413840000,153,80
5173,413840000,413920000,3130,871
5174,413920000,414000000,7948,2029
5175,414000000,414080000,126,73
5176,414080000,414160000,134,72
5177,414160000,414240000,138,76
5178,414240000,414320000,165,92
5179,414320000,414400000,8128,2114
5180,414400000,414480000,2876,780
5181,414480000,414560000,125,72
5182,414560000,414640000,128,72
5183,414640000,414720000,147,80
5184,414720000,414800000,3117,871
5185,414800000,414880000,8017,2031
5186,414880000,414960000,129,73
5187,414960000,415040000,125,72
5188,415040000,415120000,146,76
5189,415120000,415200000,168,92
5190,415200000,415280000,8422,2110
5191,415280000,415360000,2924,780
5192,415360000,415440000,134,72
5193,415440000,415520000,125,72
5194,415520000,415600000,158,80
5195,415600000,415680000,3184,871
5196,415680000,415760000,8029,2030
5197,415760000,415840000,125,72
5198,415840000,415920000,128,72
5199,415920000,416000000,138,76
5200,416000000,416080000,178,92
5201,416080000,416160000,8430,2112
5202,416160000,416240000,2878,776
5203,416240000,416320000,125,72
5204,416320000,416400000,131,72
5205,416400000,416480000,151,80
5206,416480000,416560000,3234,871
5207,416560000,416640000,8215,2031
5208,416640000,416720000,134,72
5209,416720000,416800000,125,72
5210,416800000,416880000,145,76
5211,416880000,416960000,175,95
5212,416960000,417040000,8504,2067
5213,417040000,417120000,2898,775
5214,417120000,417200000,128,72
5215,417200000,417280000,125,72
5216,417280000,417360000,170,80
5217,417360000,417440000,3101,875
5218,417440000,417520000,8031,2027
5219,417520000,417600000,126,73
5220,417600000,417680000,131,72
5221,417680000,417760000,142,76
5222,417760000,417840000,184,96
5223,417840000,417920000,8101,2118
5224,417920000,418000000,2849,780
5225,418000000,418080000,125,72
5226,418080000,418160000,128,72
5227,418160000,418240000,143,80
5228,418240000,418320000,3026,875
5229,418320000,418400000,7981,2033
5230,418400000,418480000,129,73
5231,418480000,418560000,125,72
5232,418560000,418640000,152,76
5233,418640000,418720000,177,96
5234,418720000,418800000,8247,2110
5235,418800000,418880000,2912,780
5236,418880000,418960000,131,72
5237,418960000,419040000,125,72
5238,419040000,419120000,154,80
5239,419120000,419200000,3171,875
5240,419200000,419280000,8067,2030
5241,419280000,419360000,125,72
5242,419360000,419440000,128,72
5243,419440000,419520000,140,76
5244,419520000,419600000,155,88
5245,419600000,419680000,8233,2112
5246,419680000,419760000,2906,776
5247,419760000,419840000,125,72
5248,419840000,419920000,146,72
5249,419920000,420000000,158,84
5250,420000000,420080000,3111,863
5251,420080000,420160000,8202,2031
5252,420160000,420240000,131,72
5253,420240000,420320000,125,72
5254,420320000,420400000,147,76
5255,420400000,420480000,155,88
5256,420480000,420560000,8549,2110
5257,420560000,420640000,2918,776
5258,420640000,420720000,128,72
5259,420720000,420800000,125,72
5260,420800000,420880000,166,84
5261,420880000,420960000,3120,863
5262,420960000,421040000,8072,2029
5263,421040000,421120000,126,73
5264,421120000,421200000,137,72
5265,421200000,421280000,142,76
5266,421280000,421360000,158,88
5267,421360000,421440000,8374,2114
5268,421440000,421520000,2915,780
5269,421520000,421600000,125,72
5270,421600000,421680000,128,72
5271,421680000,421760000,158,84
5272,421760000,421840000,3138,863
5273,421840000,421920000,8154,2031
5274,421920000,422000000,129,73
5275,422000000,422080000,125,72
5276,422080000,422160000,150,76
5277,422160000,422240000,162,92
5278,422240000,422320000,8545,2110
5279,422320000,422400000,2960,780
5280,422400000,422480000,140,72
5281,422480000,422560000,125,72
5282,422560000,422640000,173,84
5283,422640000,422720000,3239,867
5284,422720000,422800000,8113,2030
5285,422800000,422880000,125,72
5286,422880000,422960000,128,72
5287,422960000,423040000,138,76
5288,423040000,423120000,169,92
5289,423120000,423200000,8324,2112
5290,423200000,423280000,2908,776
5291,423280000,423360000,125,72
5292,423360000,423440000,131,72
5293,423440000,423520000,160,84
5294,423520000,423600000,3239,867
5295,423600000,423680000,8293,2031
5296,423680000,423760000,137,72
5297,423760000,423840000,125,72
5298,423840000,423920000,145,76
5299,423920000,424000000,170,92
5300,424000000,424080000,8637,2110
5301,424080000,424160000,2973,776
5302,424160000,424240000,128,72
5303,424240000,424320000,125,72
5304,424320000,424400000,171,84
5305,424400000,424480000,3099,848
5306,424480000,424560000,8072,2002
5307,424560000,424640000,126,73
5308,424640000,424720000,131,72
5309,424720000,424800000,142,76
5310,424800000,424880000,167,92
5311,424880000,424960000,8317,2116
5312,424960000,425040000,2942,780
5313,425040000,425120000,125,72
5314,425120000,425200000,128,72
5315,425200000,425280000,158,84
5316,425280000,425360000,3144,867
5317,425360000,425440000,8106,2032
5318,425440000,425520000,129,73
5319,425520000,425600000,125,72
5320,425600000,425680000,151,76
5321,425680000,425760000,170,92
5322,425760000,425840000,8512,2110
5323,425840000,425920000,2929,778
5324,425920000,426000000,131,72
5325,426000000,426080000,125,72
5326,426080000,426160000,173,84
5327,426160000,426240000,3220,867
5328,426240000,426320000,8162,2030
5329,426320000,426400000,125,72
5330,426400000,426480000,128,72
5331,426480000,426560000,142,76
5332,426560000,426640000,174,92
5333,426640000,426720000,8621,2112
5334,426720000,426800000,2928,776
5335,426800000,426880000,125,72
5336,426880000,426960000,134,72
5337,426960000,427040000,168,84
5338,427040000,427120000,3260,871
5339,427120000,427200000,8331,2031
5340,427200000,427280000,131,72
5341,427280000,427360000,125,72
5342,427360000,427440000,149,76
5343,427440000,427520000,181,96
5344,427520000,427600000,8656,2110
5345,427600000,427680000,2964,776
5346,427680000,427760000,128,72
5347,427760000,427840000,125,72
5348,427840000,427920000,170,84
5349,427920000,428000000,3273,871
5350,428000000,428080000,8184,2029
5351,428080000,428160000,126,73
5352,428160000,428240000,134,72
5353,428240000,428320000,142,76
5354,428320000,428400000,184,96
5355,428400000,428480000,8512,2114
5356,428480000,428560000,2928,780
5357,428560000,428640000,125,72
5358,428640000,428720000,128,72
5359,428720000,428800000,158,84
5360,428800000,428880000,3303,871
5361,428880000,428960000,8330,2031
5362,428960000,429040000,129,73
5363,429040000,429120000,125,72
5364,429120000,429200000,150,76
5365,429200000,429280000,175,96
5366,429280000,429360000,8722,2110
5367,429360000,429440000,3008,780
5368,429440000,429520000,134,72
5369,429520000,429600000,125,72
5370,429600000,429680000,173,84
5371,429680000,429760000,3317,867
5372,429760000,429840000,8287,2030
5373,429840000,429920000,125,72
5374,429920000,430000000,128,72
5375,430000000,430080000,142,76
5376,430080000,430160000,188,92
5377,430160000,430240000,8686,2112
5378,430240000,430320000,2945,776
5379,430320000,430400000,125,72
5380,430400000,430480000,131,72
5381,430480000,430560000,166,84
5382,430560000,430640000,3301,867
5383,430640000,430720000,8445,2031
5384,430720000,430800000,134,72
5385,430800000,430880000,125,72
5386,430880000,430960000,149,76
5387,430960000,431040000,172,92
5388,431040000,431120000,8958,2110
5389,431120000,431200000,2978,776
5390,431200000,431280000,128,72
5391,431280000,431360000,125,72
5392,431360000,431440000,182,84
5393,431440000,431520000,3174,867
5394,431520000,431600000,8235,2029
5395,431600000,431680000,126,73
5396,431680000,431760000,131,72
5397,431760000,431840000,146,76
5398,431840000,431920000,178,95
5399,431920000,432000000,8114,2077
5400,432000000,432080000,2832,779
5401,432080000,432160000,125,72
5402,432160000,432240000,128,72
5403,432240000,432320000,156,84
5404,432320000,432400000,3025,871
5405,432400000,432480000,7967,2032
5406,432480000,432560000,129,73
5407,432560000,432640000,125,72
5408,432640000,432720000,153,76
5409,432720000,432800000,181,96
5410,432800000,432880000,8279,2110
5411,432880000,432960000,2883,780
5412,432960000,433040000,131,72
5413,433040000,433120000,125,72
5414,433120000,433200000,171,84
5415,433200000,433280000,3114,871
5416,433280000,433360000,8003,2030
5417,433360000,433440000,125,72
5418,433440000,433520000,128,72
5419,433520000,433600000,138,76
5420,433600000,433680000,183,96
5421,433680000,433760000,8262,2112
5422,433760000,433840000,2886,776
5423,433840000,433920000,125,72
5424,433920000,434000000,137,72
5425,434000000,434080000,164,84
5426,434080000,434160000,3197,871
5427,434160000,434240000,8243,2031
5428,434240000,434320000,131,72
5429,434320000,434400000,125,72
5430,434400000,434480000,145,76
5431,434480000,434560000,183,96
5432,434560000,434640000,8461,2110
5433,434640000,434720000,2890,776
5434,434720000,434800000,128,72
5435,434800000,434880000,125,72
5436,434880000,434960000,172,84
5437,434960000,435040000,3104,871
5438,435040000,435120000,8055,2029
5439,435120000,435200000,126,73
5440,435200000,435280000,143,72
5441,435280000,435360000,140,76
5442,435360000,435440000,186,96
5443,435440000,435520000,8373,2114
5444,435520000,435600000,2933,780
5445,435600000,435680000,125,72
5446,435680000,435760000,128,72
5447,435760000,435840000,164,84
5448,435840000,435920000,3162,871
5449,435920000,436000000,8199,2031
5450,436000000,436080000,129,73
5451,436080000,436160000,125,72
5452,436160000,436240000,148,76
5453,436240000,436320000,191,96
5454,436320000,436400000,8613,2110
5455,436400000,436480000,2965,780
5456,436480000,436560000,137,72
5457,436560000,436640000,125,72
5458,436640000,436720000,179,84
5459,436720000,436800000,3204,871
5460,436800000,436880000,8104,2030
5461,436880000,436960000,125,72
5462,436960000,437040000,128,72
5463,437040000,437120000,138,76
5464,437120000,437200000,191,100
5465,437200000,437280000,8400,2112
5466,437280000,437360000,2890,776
5467,437360000,437440000,125,72
5468,437440000,437520000,131,72
5469,437520000,437600000,160,84
5470,437600000,437680000,3272,875
5471,437680000,437760000,8281,2031
5472,437760000,437840000,140,72
5473,437840000,437920000,125,72
5474,437920000,438000000,145,76
5475,438000000,438080000,194,100
5476,438080000,438160000,8629,2110
5477,438160000,438240000,2941,776
5478,438240000,438320000,128,72
5479,438320000,438400000,125,72
5480,438400000,438480000,169,84
5481,438480000,438560000,3234,875
5482,438560000,438640000,8248,2029
5483,438640000,438720000,126,73
5484,438720000,438800000,131,72
5485,438800000,438880000,142,76
5486,438880000,438960000,189,100
5487,438960000,439040000,8432,2116
5488,439040000,439120000,2964,780
5489,439120000,439200000,125,72
5490,439200000,439280000,128,72
5491,439280000,439360000,152,83
5492,439360000,439440000,3100,845
5493,439440000,439520000,8190,2005
5494,439520000,439600000,129,73
5495,439600000,439680000,125,72
5496,439680000,439760000,151,76
5497,439760000,439840000,151,88
5498,439840000,439920000,8612,2110
5499,439920000,440000000,3008,780
5500,440000000,440080000,131,72
5501,440080000,440160000,125,72
5502,440160000,440240000,167,84
5503,440240000,440320000,3232,863
5504,440320000,440400000,8271,2030
5505,440400000,440480000,125,72
5506,440480000,440560000,128,72
5507,440560000,440640000,142,76
5508,440640000,440720000,161,88
5509,440720000,440800000,8617,2112
5510,440800000,440880000,2947,774
5511,440880000,440960000,125,72
5512,440960000,441040000,134,72
5513,441040000,441120000,164,84
5514,441120000,441200000,3265,863
5515,441200000,441280000,8460,2031
5516,441280000,441360000,131,72
5517,441360000,441440000,125,72
5518,441440000,441520000,149,76
5519,441520000,441600000,159,88
5520,441600000,441680000,8838,2110
5521,441680000,441760000,2961,776
5522,441760000,441840000,128,72
5523,441840000,441920000,125,72
5524,441920000,442000000,164,84
5525,442000000,442080000,3205,867
5526,442080000,442160000,8146,2029
5527,442160000,442240000,126,73
5528,442240000,442320000,134,72
5529,442320000,442400000,140,76
5530,442400000,442480000,163,92
5531,442480000,442560000,8433,2114
5532,442560000,442640000,2955,780
5533,442640000,442720000,125,72
5534,442720000,442800000,128,72
5535,442800000,442880000,158,84
5536,442880000,442960000,3313,867
5537,442960000,443040000,8313,2031
5538,443040000,443120000,129,73
5539,443120000,443200000,125,72
5540,443200000,443280000,148,76
5541,443280000,443360000,168,92
5542,443360000,443440000,8751,2110
5543,443440000,443520000,2989,780
5544,443520000,443600000,134,72
5545,443600000,443680000,125,72
5546,443680000,443760000,173,84
5547,443760000,443840000,3381,867
5548,443840000,443920000,8352,2030
5549,443920000,444000000,125,72
5550,444000000,444080000,128,72
5551,444080000,444160000,140,76
5552,444160000,444240000,174,92
5553,444240000,444320000,8631,2112
5554,444320000,444400000,2931,776
5555,444400000,444480000,125,72
5556,444480000,444560000,131,72
5557,444560000,444640000,162,84
5558,444640000,444720000,3331,867
5559,444720000,444800000,8431,2031
5560,444800000,444880000,134,72
5561,444880000,444960000,125,72
5562,444960000,445040000,147,76
5563,445040000,445120000,170,92
5564,445120000,445200000,8923,2110
5565,445200000,445280000,2972,776
5566,445280000,445360000,128,72
5567,445360000,445440000,125,72
5568,445440000,445520000,186,84
5569,445520000,445600000,3195,867
5570,445600000,445680000,8261,2029
5571,445680000,445760000,126,73
5572,445760000,445840000,131,72
5573,445840000,445920000,144,76
5574,445920000,446000000,173,92
5575,446000000,446080000,8509,2118
5576,446080000,446160000,2921,780
5577,446160000,446240000,125,72
5578,446240000,446320000,128,72
5579,446320000,446400000,156,84
5580,446400000,446480000,3172,867
5581,446480000,446560000,8229,2033
5582,446560000,446640000,129,73
5583,446640000,446720000,125,72
5584,446720000,446800000,154,76
5585,446800000,446880000,171,95
5586,446880000,446960000,8516,2067
5587,446960000,447040000,2953,779
5588,447040000,447120000,131,72
5589,447120000,447200000,125,72
5590,447200000,447280000,171,84
5591,447280000,447360000,3252,871
5592,447360000,447440000,8259,2028
5593,447440000,447520000,125,72
5594,447520000,447600000,128,72
5595,447600000,447680000,142,76
5596,447680000,447760000,183,96
5597,447760000,447840000,8595,2112
5598,447840000,447920000,2963,776
5599,447920000,448000000,125,72
5600,448000000,448080000,140,72
5601,448080000,448160000,168,84
5602,448160000,448240000,3295,871
5603,448240000,448320000,8479,2031
5604,448320000,448400000,131,72
5605,448400000,448480000,125,72
5606,448480000,448560000,149,76
5607,448560000,448640000,185,96
5608,448640000,448720000,8801,2110
5609,448720000,448800000,2971,776
5610,448800000,448880000,128,72
5611,448880000,448960000,125,72
5612,448960000,449040000,170,84
5613,449040000,449120000,3338,871
5614,449120000,449200000,8364,2029
5615,449200000,449280000,126,73
5616,449280000,449360000,137,72
5617,449360000,449440000,144,76
5618,449440000,449520000,167,92
5619,449520000,449600000,8613,2114
5620,449600000,449680000,2969,780
5621,449680000,449760000,125,72
5622,449760000,449840000,128,72
5623,449840000,449920000,164,84
5624,449920000,450000000,3281,867
5625,450000000,450080000,8409,2031
5626,450080000,450160000,129,73
5627,450160000,450240000,125,72
5628,450240000,450320000,152,76
5629,450320000,450400000,170,92
5630,450400000,450480000,8956,2110
5631,450480000,450560000,3025,780
5632,450560000,450640000,152,72
5633,450640000,450720000,125,72
5634,450720000,450800000,179,84
5635,450800000,450880000,3377,867
5636,450880000,450960000,8163,2030
5637,450960000,451040000,125,72
5638,451040000,451120000,128,72
5639,451120000,451200000,138,76
5640,451200000,451280000,175,92
5641,451280000,451360000,8421,2112
5642,451360000,451440000,2919,776
5643,451440000,451520000,125,72
5644,451520000,451600000,131,72
5645,451600000,451680000,162,84
5646,451680000,451760000,3251,867
5647,451760000,451840000,8155,2031
5648,451840000,451920000,137,72
5649,451920000,452000000,125,72
5650,452000000,452080000,145,76
5651,452080000,452160000,179,96
5652,452160000,452240000,8582,2110
5653,452240000,452320000,2965,776
5654,452320000,452400000,128,72
5655,452400000,452480000,125,72
5656,452480000,452560000,177,84
5657,452560000,452640000,3242,871
5658,452640000,452720000,8077,2029
5659,452720000,452800000,126,73
5660,452800000,452880000,131,72
5661,452880000,452960000,142,76
5662,452960000,453040000,184,96
5663,453040000,453120000,8275,2116
5664,453120000,453200000,2945,780
5665,453200000,453280000,125,72
5666,453280000,453360000,128,72
5667,453360000,453440000,160,84
5668,453440000,453520000,3237,871
5669,453520000,453600000,8136,2032
5670,453600000,453680000,129,73
5671,453680000,453760000,125,72
5672,453760000,453840000,151,76
5673,453840000,453920000,185,96
5674,453920000,454000000,8552,2110
5675,454000000,454080000,2985,780
5676,454080000,454160000,131,72
5677,454160000,454240000,125,72
5678,454240000,454320000,175,84
5679,454320000,454400000,3243,852
5680,454400000,454480000,8089,2003
5681,454480000,454560000,125,72
5682,454560000,454640000,128,72
5683,454640000,454720000,142,76
5684,454720000,454800000,185,96
5685,454800000,454880000,8544,2112
5686,454880000,454960000,2974,776
5687,454960000,455040000,125,72
5688,455040000,455120000,134,72
5689,455120000,455200000,172,84
5690,455200000,455280000,3356,871
5691,455280000,455360000,8322,2031
5692,455360000,455440000,131,72
5693,455440000,455520000,125,72
5694,455520000,455600000,149,76
5695,455600000,455680000,193,96
5696,455680000,455760000,8727,2110
5697,455760000,455840000,2983,774
5698,455840000,455920000,128,72
5699,455920000,456000000,125,72
5700,456000000,456080000,170,84
5701,456080000,456160000,3313,871
5702,456160000,456240000,8147,2029
5703,456240000,456320000,126,73
5704,456320000,456400000,134,72
5705,456400000,456480000,142,76
5706,456480000,456560000,184,96
5707,456560000,456640000,8609,2114
5708,456640000,456720000,2981,780
5709,456720000,456800000,125,72
5710,456800000,456880000,128,72
5711,456880000,456960000,164,84
5712,456960000,457040000,3342,875
5713,457040000,457120000,8229,2031
5714,457120000,457200000,129,73
5715,457200000,457280000,125,72
5716,457280000,457360000,150,76
5717,457360000,457440000,194,100
5718,457440000,457520000,8707,2110
5719,457520000,457600000,3028,780
5720,457600000,457680000,134,72
5721,457680000,457760000,125,72
5722,457760000,457840000,179,84
5723,457840000,457920000,3471,875
5724,457920000,458000000,10318,2714
5725,458000000,458080000,4654,1463
5726,458080000,458160000,128,72
5727,458160000,458240000,125,72
5728,458240000,458320000,140,72
5729,458320000,458400000,1348,394
5730,458400000,458480000,8225,2334
5731,458480000,458560000,2040,611
5732,458560000,458640000,131,72
5733,458640000,458720000,125,72
5734,458720000,458800000,128,72
5735,458800000,458880000,4313,1221
5736,458880000,458960000,6475,1683
5737,458960000,459040000,125,72
5738,459040000,459120000,128,72
5739,459120000,459200000,125,72
5740,459200000,459280000,375,139
5741,459280000,459360000,8373,2173
5742,459360000,459440000,2315,666
5743,459440000,459520000,125,72
5744,459520000,459600000,137,72
5745,459600000,459680000,125,72
5746,459680000,459760000,4223,1225
5747,459760000,459840000,6347,1681
5748,459840000,459920000,131,72
5749,459920000,460000000,125,72
5750,460000000,460080000,128,72
5751,460080000,460160000,348,143
5752,460160000,460240000,7940,2181
5753,460240000,460320000,2229,667
5754,460320000,460400000,128,72
5755,460400000,460480000,125,72
5756,460480000,460560000,131,72
5757,460560000,460640000,4121,1225
5758,460640000,460720000,6379,1685
5759,460720000,460800000,125,72
5760,460800000,460880000,146,72
5761,460880000,460960000,125,72
5762,460960000,461040000,368,143
5763,461040000,461120000,8166,2173
5764,461120000,461200000,2296,663
5765,461200000,461280000,125,72
5766,461280000,461360000,128,72
5767,461360000,461440000,125,72
5768,461440000,461520000,4192,1225
5769,461520000,461600000,6456,1678
5770,461600000,461680000,128,72
5771,461680000,461760000,125,72
5772,461760000,461840000,131,72
5773,461840000,461920000,369,143
5774,461920000,462000000,8196,2175
5775,462000000,462080000,2251,657
5776,462080000,462160000,137,72
5777,462160000,462240000,125,72
5778,462240000,462320000,128,72
5779,462320000,462400000,4295,1224
5780,462400000,462480000,6444,1674
5781,462480000,462560000,125,72
5782,462560000,462640000,128,72
5783,462640000,462720000,125,72
5784,462720000,462800000,385,143
5785,462800000,462880000,8250,2130
5786,462880000,462960000,2332,660
5787,462960000,463040000,125,72
5788,463040000,463120000,131,72
5789,463120000,463200000,125,72
5790,463200000,463280000,4323,1228
5791,463280000,463360000,6376,1671
5792,463360000,463440000,140,72
5793,463440000,463520000,125,72
5794,463520000,463600000,128,72
5795,463600000,463680000,378,147
5796,463680000,463760000,8094,2174
5797,463760000,463840000,2297,661
5798,463840000,463920000,128,72
5799,463920000,464000000,125,72
5800,464000000,464080000,134,72
5801,464080000,464160000,4321,1228
5802,464160000,464240000,6512,1675
5803,464240000,464320000,125,72
5804,464320000,464400000,131,72
5805,464400000,464480000,125,72
5806,464480000,464560000,375,143
5807,464560000,464640000,8261,2170
5808,464640000,464720000,2340,657
5809,464720000,464800000,125,72
5810,464800000,464880000,128,72
5811,464880000,464960000,134,76
5812,464960000,465040000,4342,1220
5813,465040000,465120000,10155,2925
5814,465120000,465200000,8452,2312
5815,465200000,465280000,12103,3151
5816,465280000,465360000,11110,2704
5817,465360000,465440000,13005,3400
5818,465440000,465520000,10823,2733
5819,465520000,465600000,12002,3082
5820,465600000,465680000,12450,3192
5821,465680000,465760000,11178,2693
5822,465760000,465840000,13299,3383
5823,465840000,465920000,11076,2719
5824,465920000,466000000,12302,3070
5825,466000000,466080000,12772,3192
5826,466080000,466160000,10962,2693
5827,466160000,466240000,12024,3398
5828,466240000,466320000,9922,2719
5829,466320000,466400000,11077,3070
5830,466400000,466480000,11481,3192
5831,466480000,466560000,10350,2693
5832,466560000,466640000,12269,3383
5833,466640000,466720000,10206,2719
5834,466720000,466800000,11378,3070
5835,466800000,466880000,11803,3192
5836,466880000,466960000,10533,2693
5837,466960000,467040000,12281,3386
5838,467040000,467120000,10209,2719
5839,467120000,467200000,11376,3070
5840,467200000,467280000,11812,3192
5841,467280000,467360000,10626,2693
5842,467360000,467440000,12610,3383
5843,467440000,467520000,10496,2719
5844,467520000,467600000,11684,3070
5845,467600000,467680000,12125,3192
5846,467680000,467760000,10707,2693
5847,467760000,467840000,12303,3389
5848,467840000,467920000,10215,2719
5849,467920000,468000000,11377,3070
5850,468000000,468080000,11803,3192
5851,468080000,468160000,10626,2693
5852,468160000,468240000,12611,3383
5853,468240000,468320000,10496,2719
5854,468320000,468400000,11681,3070
5855,468400000,468480000,12127,3192
5856,468480000,468560000,10818,2693
5857,468560000,468640000,12626,3386
5858,468640000,468720000,10499,2719
5859,468720000,468800000,11679,3070
5860,468800000,468880000,12128,3192
5861,468880000,468960000,10902,2693
5862,468960000,469040000,12954,3383
5863,469040000,469120000,10786,2719
5864,469120000,469200000,11990,3070
5865,469200000,469280000,12448,3192
5866,469280000,469360000,10884,2693
5867,469360000,469440000,12325,3392
5868,469440000,469520000,10212,2719
5869,469520000,469600000,11378,3070
5870,469600000,469680000,11803,3192
5871,469680000,469760000,10626,2693
5872,469760000,469840000,12617,3383
5873,469840000,469920000,10496,2719
5874,469920000,470000000,11681,3070
5875,470000000,470080000,12125,3192
5876,470080000,470160000,10809,2693
5877,470160000,470240000,12626,3386
5878,470240000,470320000,10499,2719
5879,470320000,470400000,11679,3070
5880,470400000,470480000,12131,3192
5881,470480000,470560000,10902,2693
5882,470560000,470640000,12958,3383
5883,470640000,470720000,10786,2719
5884,470720000,470800000,11987,3070
5885,470800000,470880000,12447,3192
5886,470880000,470960000,10983,2693
5887,470960000,471040000,12648,3389
5888,471040000,471120000,10520,2719
5889,471120000,471200000,11680,3070
5890,471200000,471280000,12125,3192
5891,471280000,471360000,10902,2693
5892,471360000,471440000,12956,3383
5893,471440000,471520000,10786,2719
5894,471520000,471600000,11984,3070
5895,471600000,471680000,12448,3192
5896,471680000,471760000,11088,2693
5897,471760000,471840000,12971,3386
5898,471840000,471920000,10789,2719
5899,471920000,472000000,11982,3070
5900,472000000,472080000,12450,3192
5901,472080000,472160000,11178,2693
5902,472160000,472240000,13299,3383
5903,472240000,472320000,11076,2719
5904,472320000,472400000,12296,3070
5905,472400000,472480000,12771,3192
5906,472480000,472560000,11061,2693
5907,472560000,472640000,12347,3395
5908,472640000,472720000,10212,2719
5909,472720000,472800000,11379,3070
5910,472800000,472880000,11803,3192
5911,472880000,472960000,10626,2693
5912,472960000,473040000,12614,3383
5913,473040000,473120000,10496,2719
5914,473120000,473200000,11681,3070
5915,473200000,473280000,12125,3192
5916,473280000,473360000,10809,2693
5917,473360000,473440000,12626,3386
5918,473440000,473520000,10499,2719
5919,473520000,473600000,11679,3070
5920,473600000,473680000,12137,3192
5921,473680000,473760000,10902,2693
5922,473760000,473840000,12955,3383
5923,473840000,473920000,10786,2719
5924,473920000,474000000,11987,3070
5925,474000000,474080000,12447,3192
5926,474080000,474160000,10983,2693
5927,474160000,474240000,12648,3389
5928,474240000,474320000,10505,2719
5929,474320000,474400000,11680,3070
5930,474400000,474480000,12125,3192
5931,474480000,474560000,10902,2693
5932,474560000,474640000,12956,3383
5933,474640000,474720000,10786,2719
5934,474720000,474800000,11984,3070
5935,474800000,474880000,12450,3192
5936,474880000,474960000,11091,2693
5937,474960000,475040000,12971,3386
5938,475040000,475120000,10789,2719
5939,475120000,475200000,11982,3070
5940,475200000,475280000,12450,3192
5941,475280000,475360000,11178,2693
5942,475360000,475440000,13299,3383
5943,475440000,475520000,11076,2719
5944,475520000,475600000,12293,3070
5945,475600000,475680000,12770,3192
5946,475680000,475760000,11160,2693
5947,475760000,475840000,12670,3392
5948,475840000,475920000,10502,2719
5949,475920000,476000000,11681,3070
5950,476000000,476080000,12125,3192
5951,476080000,476160000,10902,2693
5952,476160000,476240000,12968,3383
5953,476240000,476320000,10786,2719
5954,476320000,476400000,11984,3070
5955,476400000,476480000,12447,3192
5956,476480000,476560000,11085,2693
5957,476560000,476640000,12971,3386
5958,476640000,476720000,10789,2719
5959,476720000,476800000,11982,3070
5960,476800000,476880000,12453,3192
5961,476880000,476960000,11178,2693
5962,476960000,477040000,13301,3383
5963,477040000,477120000,11076,2719
5964,477120000,477200000,12290,3070
5965,477200000,477280000,12769,3192
5966,477280000,477360000,11259,2693
5967,477360000,477440000,12993,3389
5968,477440000,477520000,10798,2719
5969,477520000,477600000,11983,3070
5970,477600000,477680000,12447,3192
5971,477680000,477760000,11178,2693
5972,477760000,477840000,13301,3383
5973,477840000,477920000,11076,2719
5974,477920000,478000000,12287,3070
5975,478000000,478080000,12770,3192
5976,478080000,478160000,11364,2693
5977,478160000,478240000,13316,3386
5978,478240000,478320000,11079,2719
5979,478320000,478400000,12285,3070
5980,478400000,478480000,12772,3192
5981,478480000,478560000,11454,2693
5982,478560000,478640000,13644,3383
5983,478640000,478720000,11366,2719
5984,478720000,478800000,12602,3070
5985,478800000,478880000,13095,3192
5986,478880000,478960000,11139,2693
5987,478960000,479040000,12046,3401
5988,479040000,479120000,9922,2719
5989,479120000,479200000,11080,3070
5990,479200000,479280000,11481,3192
5991,479280000,479360000,10350,2693
5992,479360000,479440000,12269,3383
5993,479440000,479520000,10206,2719
5994,479520000,479600000,11378,3070
5995,479600000,479680000,11803,3192
5996,479680000,479760000,10533,2693
5997,479760000,479840000,12281,3386
5998,479840000,479920000,10209,2719
5999,479920000,480000000,11376,3070
6000,480000000,480080000,11812,3192
6001,480080000,480160000,10626,2693
6002,480160000,480240000,12610,3383
6003,480240000,480320000,10496,2719
6004,480320000,480400000,11684,3070
6005,480400000,480480000,12125,3192
6006,480480000,480560000,10707,2693
6007,480560000,480640000,12303,3389
6008,480640000,480720000,10215,2719
6009,480720000,480800000,11377,3070
6010,480800000,480880000,11803,3192
6011,480880000,480960000,10626,2693
6012,480960000,481040000,12611,3383
6013,481040000,481120000,10496,2719
6014,481120000,481200000,11681,3070
6015,481200000,481280000,12127,3192
6016,481280000,481360000,10824,2693
6017,481360000,481440000,12626,3386
6018,481440000,481520000,10499,2719
6019,481520000,481600000,11679,3070
6020,481600000,481680000,12128,3192
6021,481680000,481760000,10902,2693
6022,481760000,481840000,12954,3383
6023,481840000,481920000,10786,2719
6024,481920000,482000000,11990,3070
6025,482000000,482080000,12448,3192
6026,482080000,482160000,10884,2693
6027,482160000,482240000,12325,3392
6028,482240000,482320000,10212,2719
6029,482320000,482400000,11378,3070
6030,482400000,482480000,11803,3192
6031,482480000,482560000,10626,2693
6032,482560000,482640000,12617,3383
6033,482640000,482720000,10496,2719
6034,482720000,482800000,11681,3070
6035,482800000,482880000,12125,3192
6036,482880000,482960000,10809,2693
6037,482960000,483040000,12626,3386
6038,483040000,483120000,10499,2719
6039,483120000,483200000,11679,3070
6040,483200000,483280000,12131,3192
6041,483280000,483360000,10902,2693
6042,483360000,483440000,12957,3383
6043,483440000,483520000,10786,2719
6044,483520000,483600000,11987,3070
6045,483600000,483680000,12447,3192
6046,483680000,483760000,10983,2693
6047,483760000,483840000,12648,3389
6048,483840000,483920000,10511,2719
6049,483920000,484000000,11680,3070
6050,484000000,484080000,12125,3192
6051,484080000,484160000,10902,2693
6052,484160000,484240000,12956,3383
6053,484240000,484320000,10786,2719
6054,484320000,484400000,11984,3070
6055,484400000,484480000,12448,3192
6056,484480000,484560000,11088,2693
6057,484560000,484640000,12971,3386
6058,484640000,484720000,10789,2719
6059,484720000,484800000,11982,3070
6060,484800000,484880000,12450,3192
6061,484880000,484960000,11178,2693
6062,484960000,485040000,13299,3383
6063,485040000,485120000,11076,2719
6064,485120000,485200000,12296,3070
6065,485200000,485280000,12771,3192
6066,485280000,485360000,11061,2693
6067,485360000,485440000,12347,3395
6068,485440000,485520000,10212,2719
6069,485520000,485600000,11379,3070
6070,485600000,485680000,11803,3192
6071,485680000,485760000,10626,2693
6072,485760000,485840000,12614,3383
6073,485840000,485920000,10496,2719
6074,485920000,486000000,11681,3070
6075,486000000,486080000,12125,3192
6076,486080000,486160000,10809,2693
6077,486160000,486240000,12626,3386
6078,486240000,486320000,10499,2719
6079,486320000,486400000,11679,3070
6080,486400000,486480000,12140,3192
6081,486480000,486560000,10902,2693
6082,486560000,486640000,12955,3383
6083,486640000,486720000,10786,2719
6084,486720000,486800000,11987,3070
6085,486800000,486880000,12447,3192
6086,486880000,486960000,10983,2693
6087,486960000,487040000,12648,3389
6088,487040000,487120000,10505,2719
6089,487120000,487200000,11680,3070
6090,487200000,487280000,12125,3192
6091,487280000,487360000,10902,2693
6092,487360000,487440000,12956,3383
6093,487440000,487520000,10786,2719
6094,487520000,487600000,11984,3070
6095,487600000,487680000,12451,3192
6096,487680000,487760000,11091,2693
6097,487760000,487840000,12971,3386
6098,487840000,487920000,10789,2719
6099,487920000,488000000,11982,3070
6100,488000000,488080000,12450,3192
6101,488080000,488160000,11178,2693
6102,488160000,488240000,13299,3383
6103,488240000,488320000,11076,2719
6104,488320000,488400000,12293,3070
6105,488400000,488480000,12770,3192
6106,488480000,488560000,11160,2693
6107,488560000,488640000,12670,3392
6108,488640000,488720000,10502,2719
6109,488720000,488800000,11681,3070
6110,488800000,488880000,12125,3192
6111,488880000,488960000,10902,2693
6112,488960000,489040000,12965,3383
6113,489040000,489120000,10786,2719
6114,489120000,489200000,11984,3070
6115,489200000,489280000,12447,3192
6116,489280000,489360000,11085,2693
6117,489360000,489440000,12971,3386
6118,489440000,489520000,10789,2719
6119,489520000,489600000,11982,3070
6120,489600000,489680000,12453,3192
6121,489680000,489760000,11178,2693
6122,489760000,489840000,13301,3383
6123,489840000,489920000,11076,2719
6124,489920000,490000000,12290,3070
6125,490000000,490080000,12769,3192
6126,490080000,490160000,11259,2693
6127,490160000,490240000,12993,3389
6128,490240000,490320000,10798,2719
6129,490320000,490400000,11983,3070
6130,490400000,490480000,12447,3192
6131,490480000,490560000,11178,2693
6132,490560000,490640000,13301,3383
6133,490640000,490720000,11076,2719
6134,490720000,490800000,12287,3070
6135,490800000,490880000,12770,3192
6136,490880000,490960000,11364,2693
6137,490960000,491040000,13316,3386
6138,491040000,491120000,11079,2719
6139,491120000,491200000,12285,3070
6140,491200000,491280000,12772,3192
6141,491280000,491360000,11454,2693
6142,491360000,491440000,13644,3383
6143,491440000,491520000,11366,2719
6144,491520000,491600000,12620,3070
6145,491600000,491680000,13094,3192
6146,491680000,491760000,11238,2693
6147,491760000,491840000,12369,3398
6148,491840000,491920000,10212,2719
6149,491920000,492000000,11380,3070
6150,492000000,492080000,11803,3192
6151,492080000,492160000,10626,2693
6152,492160000,492240000,12614,3383
6153,492240000,492320000,10496,2719
6154,492320000,492400000,11681,3070
6155,492400000,492480000,12125,3192
6156,492480000,492560000,10809,2693
6157,492560000,492640000,12626,3386
6158,492640000,492720000,10499,2719
6159,492720000,492800000,11679,3070
6160,492800000,492880000,12134,3192
6161,492880000,492960000,10902,2693
6162,492960000,493040000,12955,3383
6163,493040000,493120000,10786,2719
6164,493120000,493200000,11987,3070
6165,493200000,493280000,12447,3192
6166,493280000,493360000,10983,2693
6167,493360000,493440000,12648,3389
6168,493440000,493520000,10505,2719
6169,493520000,493600000,11680,3070
6170,493600000,493680000,12125,3192
6171,493680000,493760000,10902,2693
6172,493760000,493840000,12956,3383
6173,493840000,493920000,10786,2719
6174,493920000,494000000,11984,3070
6175,494000000,494080000,12449,3192
6176,494080000,494160000,11094,2693
6177,494160000,494240000,12971,3386
6178,494240000,494320000,10789,2719
6179,494320000,494400000,11982,3070
6180,494400000,494480000,12450,3192
6181,494480000,494560000,11178,2693
6182,494560000,494640000,13299,3383
6183,494640000,494720000,11076,2719
6184,494720000,494800000,12293,3070
6185,494800000,494880000,12770,3192
6186,494880000,494960000,11160,2693
6187,494960000,495040000,12670,3392
6188,495040000,495120000,10502,2719
6189,495120000,495200000,11681,3070
6190,495200000,495280000,12125,3192
6191,495280000,495360000,10902,2693
6192,495360000,495440000,12962,3383
6193,495440000,495520000,10786,2719
6194,495520000,495600000,11984,3070
6195,495600000,495680000,12447,3192
6196,495680000,495760000,11085,2693
6197,495760000,495840000,12971,3386
6198,495840000,495920000,10789,2719
6199,495920000,496000000,11982,3070
6200,496000000,496080000,12453,3192
6201,496080000,496160000,11178,2693
6202,496160000,496240000,13304,3383
6203,496240000,496320000,11076,2719
6204,496320000,496400000,12290,3070
6205,496400000,496480000,12769,3192
6206,496480000,496560000,11259,2693
6207,496560000,496640000,12993,3389
6208,496640000,496720000,10804,2719
6209,496720000,496800000,11983,3070
6210,496800000,496880000,12447,3192
6211,496880000,496960000,11178,2693
6212,496960000,497040000,13301,3383
6213,497040000,497120000,11076,2719
6214,497120000,497200000,12287,3070
6215,497200000,497280000,12770,3192
6216,497280000,497360000,11364,2693
6217,497360000,497440000,13316,3386
6218,497440000,497520000,11079,2719
6219,497520000,497600000,12285,3070
6220,497600000,497680000,12772,3192
6221,497680000,497760000,11454,2693
6222,497760000,497840000,13644,3383
6223,497840000,497920000,11366,2719
6224,497920000,498000000,12599,3070
6225,498000000,498080000,13093,3192
6226,498080000,498160000,11337,2693
6227,498160000,498240000,12692,3395
6228,498240000,498320000,10502,2719
6229,498320000,498400000,11682,3070
6230,498400000,498480000,12125,3192
6231,498480000,498560000,10902,2693
6232,498560000,498640000,12959,3383
6233,498640000,498720000,10786,2719
6234,498720000,498800000,11984,3070
6235,498800000,498880000,12447,3192
6236,498880000,498960000,11085,2693
6237,498960000,499040000,12971,3386
6238,499040000,499120000,10789,2719
6239,499120000,499200000,11982,3070
6240,499200000,499280000,12459,3192
6241,499280000,499360000,11178,2693
6242,499360000,499440000,13300,3383
6243,499440000,499520000,11076,2719
6244,499520000,499600000,12290,3070
6245,499600000,499680000,12769,3192
6246,499680000,499760000,11259,2693
6247,499760000,499840000,12993,3389
6248,499840000,499920000,10795,2719
6249,499920000,500000000,11983,3070
6250,500000000,500080000,12447,3192
6251,500080000,500160000,11178,2693
6252,500160000,500240000,13301,3383
6253,500240000,500320000,11076,2719
6254,500320000,500400000,12287,3070
6255,500400000,500480000,12772,3192
6256,500480000,500560000,11367,2693
6257,500560000,500640000,13316,3386
6258,500640000,500720000,11079,2719
6259,500720000,500800000,12285,3070
6260,500800000,500880000,12772,3192
6261,500880000,500960000,11454,2693
6262,500960000,501040000,13644,3383
6263,501040000,501120000,11366,2719
6264,501120000,501200000,12596,3070
6265,501200000,501280000,13092,3192
6266,501280000,501360000,11436,2693
6267,501360000,501440000,13015,3392
6268,501440000,501520000,10792,2719
6269,501520000,501600000,11984,3070
6270,501600000,501680000,12447,3192
6271,501680000,501760000,11178,2693
6272,501760000,501840000,13316,3383
6273,501840000,501920000,11076,2719
6274,501920000,502000000,12287,3070
6275,502000000,502080000,12769,3192
6276,502080000,502160000,11361,2693
6277,502160000,502240000,13316,3386
6278,502240000,502320000,11079,2719
6279,502320000,502400000,12285,3070
6280,502400000,502480000,12775,3192
6281,502480000,502560000,11454,2693
6282,502560000,502640000,13646,3383
6283,502640000,502720000,11366,2719
6284,502720000,502800000,12593,3070
6285,502800000,502880000,13091,3192
6286,502880000,502960000,11535,2693
6287,502960000,503040000,13338,3389
6288,503040000,503120000,11088,2719
6289,503120000,503200000,12286,3070
6290,503200000,503280000,12769,3192
6291,503280000,503360000,11454,2693
6292,503360000,503440000,13646,3383
6293,503440000,503520000,11366,2719
6294,503520000,503600000,12590,3070
6295,503600000,503680000,13092,3192
6296,503680000,503760000,11640,2693
6297,503760000,503840000,13661,3386
6298,503840000,503920000,11369,2719
6299,503920000,504000000,12588,3070
6300,504000000,504080000,13094,3192
6301,504080000,504160000,11730,2693
6302,504160000,504240000,13989,3383
6303,504240000,504320000,11656,2719
6304,504320000,504400000,12905,3070
6305,504400000,504480000,13419,3192
6306,504480000,504560000,11217,2693
6307,504560000,504640000,11745,3407
6308,504640000,504720000,9632,2719
6309,504720000,504800000,10775,3070
6310,504800000,504880000,11159,3192
6311,504880000,504960000,10074,2693
6312,504960000,505040000,11924,3383
6313,505040000,505120000,9916,2719
6314,505120000,505200000,11075,3070
6315,505200000,505280000,11481,3192
6316,505280000,505360000,10257,2693
6317,505360000,505440000,11936,3386
6318,505440000,505520000,9919,2719
6319,505520000,505600000,11073,3070
6320,505600000,505680000,11490,3192
6321,505680000,505760000,10350,2693
6322,505760000,505840000,12265,3383
6323,505840000,505920000,10206,2719
6324,505920000,506000000,11381,3070
6325,506000000,506080000,11803,3192
6326,506080000,506160000,10431,2693
6327,506160000,506240000,11958,3389
6328,506240000,506320000,9925,2719
6329,506320000,506400000,11074,3070
6330,506400000,506480000,11481,3192
6331,506480000,506560000,10350,2693
6332,506560000,506640000,12266,3383
6333,506640000,506720000,10206,2719
6334,506720000,506800000,11378,3070
6335,506800000,506880000,11805,3192
6336,506880000,506960000,10545,2693
6337,506960000,507040000,12281,3386
6338,507040000,507120000,10209,2719
6339,507120000,507200000,11376,3070
6340,507200000,507280000,11806,3192
6341,507280000,507360000,10626,2693
6342,507360000,507440000,12609,3383
6343,507440000,507520000,10496,2719
6344,507520000,507600000,11687,3070
6345,507600000,507680000,12126,3192
6346,507680000,507760000,10608,2693
6347,507760000,507840000,11980,3392
6348,507840000,507920000,9922,2719
6349,507920000,508000000,11075,3070
6350,508000000,508080000,11481,3192
6351,508080000,508160000,10350,2693
6352,508160000,508240000,12272,3383
6353,508240000,508320000,10206,2719
6354,508320000,508400000,11378,3070
6355,508400000,508480000,11803,3192
6356,508480000,508560000,10533,2693
6357,508560000,508640000,12281,3386
6358,508640000,508720000,10209,2719
6359,508720000,508800000,11376,3070
6360,508800000,508880000,11809,3192
6361,508880000,508960000,10626,2693
6362,508960000,509040000,12612,3383
6363,509040000,509120000,10496,2719
6364,509120000,509200000,11684,3070
6365,509200000,509280000,12125,3192
6366,509280000,509360000,10707,2693
6367,509360000,509440000,12303,3389
6368,509440000,509520000,10221,2719
6369,509520000,509600000,11377,3070
6370,509600000,509680000,11803,3192
6371,509680000,509760000,10626,2693
6372,509760000,509840000,12611,3383
6373,509840000,509920000,10496,2719
6374,509920000,510000000,11681,3070
6375,510000000,510080000,12126,3192
6376,510080000,510160000,10812,2693
6377,510160000,510240000,12626,3386
6378,510240000,510320000,10499,2719
6379,510320000,510400000,11679,3070
6380,510400000,510480000,12128,3192
6381,510480000,510560000,10902,2693
6382,510560000,510640000,12954,3383
6383,510640000,510720000,10786,2719
6384,510720000,510800000,11993,3070
6385,510800000,510880000,12449,3192
6386,510880000,510960000,10785,2693
6387,510960000,511040000,12002,3395
6388,511040000,511120000,9922,2719
6389,511120000,511200000,11076,3070
6390,511200000,511280000,11481,3192
6391,511280000,511360000,10350,2693
6392,511360000,511440000,12269,3383
6393,511440000,511520000,10206,2719
6394,511520000,511600000,11378,3070
6395,511600000,511680000,11803,3192
6396,511680000,511760000,10533,2693
6397,511760000,511840000,12281,3386
6398,511840000,511920000,10209,2719
6399,511920000,512000000,11376,3070
6400,512000000,512080000,11824,3192
6401,512080000,512160000,10626,2693
6402,512160000,512240000,12610,3383
6403,512240000,512320000,10496,2719
6404,512320000,512400000,11684,3070
6405,512400000,512480000,12125,3192
6406,512480000,512560000,10707,2693
6407,512560000,512640000,12303,3389
6408,512640000,512720000,10215,2719
6409,512720000,512800000,11377,3070
6410,512800000,512880000,11803,3192
6411,512880000,512960000,10626,2693
6412,512960000,513040000,12611,3383
6413,513040000,513120000,10496,2719
6414,513120000,513200000,11681,3070
6415,513200000,513280000,12133,3192
6416,513280000,513360000,10815,2693
6417,513360000,513440000,12626,3386
6418,513440000,513520000,10499,2719
6419,513520000,513600000,11679,3070
6420,513600000,513680000,12128,3192
6421,513680000,513760000,10902,2693
6422,513760000,513840000,12954,3383
6423,513840000,513920000,10786,2719
6424,513920000,514000000,11990,3070
6425,514000000,514080000,12448,3192
6426,514080000,514160000,10884,2693
6427,514160000,514240000,12325,3392
6428,514240000,514320000,10212,2719
6429,514320000,514400000,11378,3070
6430,514400000,514480000,11803,3192
6431,514480000,514560000,10626,2693
6432,514560000,514640000,12620,3383
6433,514640000,514720000,10496,2719
6434,514720000,514800000,11681,3070
6435,514800000,514880000,12125,3192
6436,514880000,514960000,10809,2693
6437,514960000,515040000,12626,3386
6438,515040000,515120000,10499,2719
6439,515120000,515200000,11679,3070
6440,515200000,515280000,12131,3192
6441,515280000,515360000,10902,2693
6442,515360000,515440000,12956,3383
6443,515440000,515520000,10786,2719
6444,515520000,515600000,11987,3070
6445,515600000,515680000,12447,3192
6446,515680000,515760000,10983,2693
6447,515760000,515840000,12648,3389
6448,515840000,515920000,10508,2719
6449,515920000,516000000,11680,3070
6450,516000000,516080000,12125,3192
6451,516080000,516160000,10902,2693
6452,516160000,516240000,12962,3387
6453,516240000,516320000,10804,2731
6454,516320000,516400000,11485,3180
6455,516400000,516480000,6844,2147
6456,516480000,516560000,6873,2269
6457,516560000,516640000,6897,2322
6458,516640000,516720000,6973,2391
6459,516720000,516800000,7222,2463
6460,516800000,516880000,7093,1873
6461,516880000,516960000,4632,1777
6462,516960000,517040000,6715,2242
6463,517040000,517120000,5343,1589
6464,517120000,517200000,10931,3097
6465,517200000,517280000,4722,1470
6466,517280000,517360000,5837,2326
6467,517360000,517440000,5636,1810
6468,517440000,517520000,9543,2816
6469,517520000,517600000,7675,1992
6470,517600000,517680000,4949,1564
6471,517680000,517760000,6764,2420
6472,517760000,517840000,6096,1693
6473,517840000,517920000,10938,3144
6474,517920000,518000000,4809,1488
6475,518000000,518080000,5950,2321
6476,518080000,518160000,5922,1831
6477,518160000,518240000,9036,2820
6478,518240000,518320000,7364,1988
6479,518320000,518400000,4338,1566
6480,518400000,518480000,6733,2424
6481,518480000,518560000,6117,1699
6482,518560000,518640000,11086,3131
6483,518640000,518720000,5128,1492
6484,518720000,518800000,5714,2187
6485,518800000,518880000,6337,1743
6486,518880000,518960000,9250,2787
6487,518960000,519040000,7420,1917
6488,519040000,519120000,4489,1534
6489,519120000,519200000,7035,2372
6490,519200000,519280000,6412,1701
6491,519280000,519360000,10791,3127
6492,519360000,519440000,4540,1404
6493,519440000,519520000,5720,2204
6494,519520000,519600000,6202,1834
6495,519600000,519680000,9177,2804
6496,519680000,519760000,7483,1984
6497,519760000,519840000,4680,1520
6498,519840000,519920000,6734,2391
6499,519920000,520000000,6158,1673
6500,520000000,520080000,10973,3126
6501,520080000,520160000,4946,1496
6502,520160000,520240000,5934,2323
6503,520240000,520320000,6477,1840
6504,520320000,520400000,9411,2784
6505,520400000,520480000,6821,1888
6506,520480000,520560000,4024,1482
6507,520560000,520640000,6490,2333
6508,520640000,520720000,5979,1606
6509,520720000,520800000,10771,3118
6510,520800000,520880000,4560,1490
6511,520880000,520960000,5560,2301
6512,520960000,521040000,6251,1843
6513,521040000,521120000,9134,2804
6514,521120000,521200000,7347,1976
6515,521200000,521280000,4402,1570
6516,521280000,521360000,6914,2424
6517,521360000,521440000,6086,1699
6518,521440000,521520000,11042,3112
6519,521520000,521600000,5208,1490
6520,521600000,521680000,5961,2328
6521,521680000,521760000,6433,1838
6522,521760000,521840000,9385,2807
6523,521840000,521920000,7324,1974
6524,521920000,522000000,4515,1541
6525,522000000,522080000,6765,2420
6526,522080000,522160000,6365,1699
6527,522160000,522240000,10950,3116
6528,522240000,522320000,4879,1490
6529,522320000,522400000,5828,2324
6530,522400000,522480000,6469,1834
6531,522480000,522560000,6678,2102
6532,522560000,522640000,7399,2547
6533,522640000,522720000,5577,1902
6534,522720000,522800000,6404,2471
6535,522800000,522880000,10150,3020
6536,522880000,522960000,5334,1620
6537,522960000,523040000,4552,1764
6538,523040000,523120000,6275,2083
6539,523120000,523200000,6441,2090
6540,523200000,523280000,9921,2696
6541,523280000,523360000,5117,1670
6542,523360000,523440000,6615,2383
6543,523440000,523520000,5320,1627
6544,523520000,523600000,11551,3186
6545,523600000,523680000,5790,1698
6546,523680000,523760000,4713,1795
6547,523760000,523840000,6863,2238
6548,523840000,523920000,6792,2000
6549,523920000,524000000,9498,2694
6550,524000000,524080000,5120,1671
6551,524080000,524160000,6336,2391
6552,524160000,524240000,5933,1638
6553,524240000,524320000,11013,3194
6554,524320000,524400000,5535,1688
6555,524400000,524480000,4399,1795
6556,524480000,524560000,7272,2253
6557,524560000,524640000,6730,2007
6558,524640000,524720000,9652,2701
6559,524720000,524800000,4847,1661
6560,524800000,524880000,6685,2377
6561,524880000,524960000,5978,1634
6562,524960000,525040000,11102,3187
6563,525040000,525120000,5863,1699
6564,525120000,525200000,4798,1798
6565,525200000,525280000,7217,2250
6566,525280000,525360000,6972,2011
6567,525360000,525440000,9418,2695
6568,525440000,525520000,5175,1670
6569,525520000,525600000,6365,2383
6570,525600000,525680000,5992,1639
6571,525680000,525760000,11012,3175
6572,525760000,525840000,5969,1702
6573,525840000,525920000,4470,1771
6574,525920000,526000000,7235,2252
6575,526000000,526080000,7043,2002
6576,526080000,526160000,9898,2682
6577,526160000,526240000,5391,1677
6578,526240000,526320000,6231,2213
6579,526320000,526400000,5859,1552
6580,526400000,526480000,11267,3111
6581,526480000,526560000,5769,1581
6582,526560000,526640000,4184,1651
6583,526640000,526720000,6895,2103
6584,526720000,526800000,6789,1950
6585,526800000,526880000,9592,2679
6586,526880000,526960000,4783,1515
6587,526960000,527040000,6590,2325
6588,527040000,527120000,6062,1621
6589,527120000,527200000,11111,3179
6590,527200000,527280000,5794,1689
6591,527280000,527360000,4406,1732
6592,527360000,527440000,6822,2210
6593,527440000,527520000,6612,1991
6594,527520000,527600000,9750,2686
6595,527600000,527680000,5238,1671
6596,527680000,527760000,6445,2380
6597,527760000,527840000,6000,1627
6598,527840000,527920000,11162,3173
6599,527920000,528000000,5446,1695
6600,528000000,528080000,4223,1778
6601,528080000,528160000,6752,2240
6602,528160000,528240000,6843,1997
6603,528240000,528320000,9489,2684
6604,528320000,528400000,4959,1671
6605,528400000,528480000,6100,2383
6606,528480000,528560000,6096,1626
6607,528560000,528640000,6118,2208
6608,528640000,528720000,8342,2719
6609,528720000,528800000,6256,2258
6610,528800000,528880000,10761,3692
6611,528880000,528960000,5508,1668
6612,528960000,529040000,5041,1871
6613,529040000,529120000,6297,2211
6614,529120000,529200000,5276,1518
6615,529200000,529280000,10564,3182
6616,529280000,529360000,4543,1511
6617,529360000,529440000,5978,2338
6618,529440000,529520000,5104,1661
6619,529520000,529600000,10978,3144
6620,529600000,529680000,5580,1737
6621,529680000,529760000,4799,1876
6622,529760000,529840000,6481,2282
6623,529840000,529920000,5868,1589
6624,529920000,530000000,10372,3188
6625,530000000,530080000,4323,1518
6626,530080000,530160000,6102,2331
6627,530160000,530240000,5728,1664
6628,530240000,530320000,10482,3144
6629,530320000,530400000,6068,1737
6630,530400000,530480000,4648,1876
6631,530480000,530560000,6450,2282
6632,530560000,530640000,5787,1593
6633,530640000,530720000,10999,3174
6634,530720000,530800000,4784,1500
6635,530800000,530880000,6353,2327
6636,530880000,530960000,5951,1671
6637,530960000,531040000,10996,3131
6638,531040000,531120000,6289,1733
6639,531120000,531200000,5074,1874
6640,531200000,531280000,6750,2289
6641,531280000,531360000,6015,1601
6642,531360000,531440000,10751,3163
6643,531440000,531520000,4807,1523
6644,531520000,531600000,5950,2338
6645,531600000,531680000,5539,1674
6646,531680000,531760000,10946,3124
6647,531760000,531840000,6097,1719
6648,531840000,531920000,4969,1877
6649,531920000,532000000,7102,2287
6650,532000000,532080000,6228,1588
6651,532080000,532160000,11148,3170
6652,532160000,532240000,4779,1509
6653,532240000,532320000,6194,2323
6654,532320000,532400000,5665,1664
6655,532400000,532480000,10956,3094
6656,532480000,532560000,6040,1640
6657,532560000,532640000,4969,1781
6658,532640000,532720000,6512,2183
6659,532720000,532800000,5659,1513
6660,532800000,532880000,10882,3166
6661,532880000,532960000,4919,1519
6662,532960000,533040000,6235,2327
6663,533040000,533120000,5836,1670
6664,533120000,533200000,10742,3116
6665,533200000,533280000,6219,1735
6666,533280000,533360000,4967,1877
6667,533360000,533440000,6850,2280
6668,533440000,533520000,6123,1587
6669,533520000,533600000,11183,3156
6670,533600000,533680000,5102,1519
6671,533680000,533760000,5957,2188
6672,533760000,533840000,5537,1567
6673,533840000,533920000,10956,3092
6674,533920000,534000000,6083,1665
6675,534000000,534080000,4728,1805
6676,534080000,534160000,6592,2252
6677,534160000,534240000,6031,1587
6678,534240000,534320000,10967,3156
6679,534320000,534400000,4400,1398
6680,534400000,534480000,6079,2241
6681,534480000,534560000,5508,1653
6682,534560000,534640000,6172,2199
6683,534640000,534720000,8070,2757
6684,534720000,534800000,5885,2015
6685,534800000,534880000,10096,3707
6686,534880000,534960000,6862,1928
6687,534960000,535040000,4299,1544
6688,535040000,535120000,6290,2199
6689,535120000,535200000,4980,1446
6690,535200000,535280000,10839,3121
6691,535280000,535360000,4166,1433
6692,535360000,535440000,5785,2249
6693,535440000,535520000,5486,1735
6694,535520000,535600000,9360,2833
6695,535600000,535680000,7211,1967
6696,535680000,535760000,4020,1388
6697,535760000,535840000,6730,2390
6698,535840000,535920000,6102,1713
6699,535920000,536000000,10598,3144
6700,536000000,536080000,4396,1477
6701,536080000,536160000,5756,2264
6702,536160000,536240000,5981,1795
6703,536240000,536320000,9025,2847
6704,536320000,536400000,6808,1987
6705,536400000,536480000,4501,1567
6706,536480000,536560000,6583,2416
6707,536560000,536640000,6267,1721
6708,536640000,536720000,10417,3139
6709,536720000,536800000,4679,1494
6710,536800000,536880000,5707,2330
6711,536880000,536960000,6189,1834
6712,536960000,537040000,9222,2839
6713,537040000,537120000,7050,1991
6714,537120000,537200000,4479,1566
6715,537200000,537280000,6446,2428
6716,537280000,537360000,6511,1725
6717,537360000,537440000,10265,3139
6718,537440000,537520000,4394,1488
6719,537520000,537600000,5715,2325
6720,537600000,537680000,6417,1841
6721,537680000,537760000,9143,2836
6722,537760000,537840000,7471,1988
6723,537840000,537920000,4376,1565
6724,537920000,538000000,6761,2428
6725,538000000,538080000,6404,1715
6726,538080000,538160000,11271,3122
6727,538160000,538240000,4964,1496
6728,538240000,538320000,6080,2327
6729,538320000,538400000,6580,1837
6730,538400000,538480000,9486,2804
6731,538480000,538560000,7288,1883
6732,538560000,538640000,4295,1479
6733,538640000,538720000,6513,2329
6734,538720000,538800000,6179,1622
6735,538800000,538880000,10930,3116
6736,538880000,538960000,4846,1490
6737,538960000,539040000,5694,2330
6738,539040000,539120000,6399,1834
6739,539120000,539200000,9257,2830
6740,539200000,539280000,7426,1966
6741,539280000,539360000,4330,1566
6742,539360000,539440000,6985,2426
6743,539440000,539520000,6249,1715
6744,539520000,539600000,11171,3120
6745,539600000,539680000,4702,1479
6746,539680000,539760000,5948,2324
6747,539760000,539840000,6357,1816
6748,539840000,539920000,9357,2829
6749,539920000,540000000,7072,1980
6750,540000000,540080000,4551,1541
6751,540080000,540160000,6663,2427
6752,540160000,540240000,5950,1715
6753,540240000,540320000,10844,3106
6754,540320000,540400000,4745,1490
6755,540400000,540480000,5871,2323
6756,540480000,540560000,6137,1831
6757,540560000,540640000,6348,2139
6758,540640000,540720000,8141,2776
6759,540720000,540800000,5604,1886
6760,540800000,540880000,8875,3290
6761,540880000,540960000,8512,2367
6762,540960000,541040000,4153,1515
6763,541040000,541120000,6582,2416
6764,541120000,541200000,5646,1711
6765,541200000,541280000,10268,2998
6766,541280000,541360000,5598,1669
6767,541360000,541440000,4832,1813
6768,541440000,541520000,6417,2153
6769,541520000,541600000,7873,2418
6770,541600000,541680000,8580,2432
6771,541680000,541760000,4655,1546
6772,541760000,541840000,6778,2432
6773,541840000,541920000,6370,1848
6774,541920000,542000000,10059,2989
6775,542000000,542080000,5220,1674
6776,542080000,542160000,4579,1809
6777,542160000,542240000,6758,2167
6778,542240000,542320000,7650,2422
6779,542320000,542400000,8418,2436
6780,542400000,542480000,4590,1554
6781,542480000,542560000,6206,2272
6782,542560000,542640000,6495,1776
6783,542640000,542720000,10125,2976
6784,542720000,542800000,5404,1620
6785,542800000,542880000,4642,1739
6786,542880000,542960000,7371,2163
6787,542960000,543040000,7978,2418
6788,543040000,543120000,8724,2405
6789,543120000,543200000,4299,1387
6790,543200000,543280000,6922,2409
6791,543280000,543360000,7004,1853
6792,543360000,543440000,10015,2986
6793,543440000,543520000,5344,1664
6794,543520000,543600000,4514,1747
6795,543600000,543680000,6812,2131
6796,543680000,543760000,7835,2405
6797,543760000,543840000,8451,2420
6798,543840000,543920000,4835,1556
6799,543920000,544000000,6528,2440
6800,544000000,544080000,7016,1848
6801,544080000,544160000,10235,2979
6802,544160000,544240000,5569,1681
6803,544240000,544320000,4457,1812
6804,544320000,544400000,7043,2163
6805,544400000,544480000,8008,2408
6806,544480000,544560000,8444,2324
6807,544560000,544640000,4256,1451
6808,544640000,544720000,6069,2358
6809,544720000,544800000,6123,1745
6810,544800000,544880000,10047,2983
6811,544880000,544960000,5211,1670
6812,544960000,545040000,4561,1809
6813,545040000,545120000,6825,2166
6814,545120000,545200000,7743,2412
6815,545200000,545280000,8734,2416
6816,545280000,545360000,4224,1545
6817,545360000,545440000,6592,2446
6818,545440000,545520000,6720,1848
6819,545520000,545600000,10745,2969
6820,545600000,545680000,5662,1675
6821,545680000,545760000,4871,1812
6822,545760000,545840000,7205,2151
6823,545840000,545920000,8120,2410
6824,545920000,546000000,9044,2414
6825,546000000,546080000,4507,1525
6826,546080000,546160000,6417,2434
6827,546160000,546240000,6056,1843
6828,546240000,546320000,10557,2967
6829,546320000,546400000,5607,1675
6830,546400000,546480000,4545,1812
6831,546480000,546560000,6538,2153
6832,546560000,546640000,6447,2155
6833,546640000,546720000,7225,2589
6834,546720000,546800000,6490,2135
6835,546800000,546880000,7669,2925
6836,546880000,546960000,9248,2681
6837,546960000,547040000,4845,1635
6838,547040000,547120000,6623,2370
6839,547120000,547200000,4867,1497
6840,547200000,547280000,11156,3195
6841,547280000,547360000,5455,1695
6842,547360000,547440000,4579,1795
6843,547440000,547520000,6678,2241
6844,547520000,547600000,6493,2004
6845,547600000,547680000,9494,2708
6846,547680000,547760000,5194,1668
6847,547760000,547840000,6292,2387
6848,547840000,547920000,5347,1621
6849,547920000,548000000,11099,3196
6850,548000000,548080000,5425,1679
6851,548080000,548160000,4433,1791
6852,548160000,548240000,7333,2248
6853,548240000,548320000,6689,2007
6854,548320000,548400000,9359,2714
6855,548400000,548480000,4670,1656
6856,548480000,548560000,6461,2375
6857,548560000,548640000,6120,1635
6858,548640000,548720000,10814,3190
6859,548720000,548800000,5853,1698
6860,548800000,548880000,4833,1798
6861,548880000,548960000,7285,2253
6862,548960000,549040000,6915,2009
6863,549040000,549120000,9360,2700
6864,549120000,549200000,5420,1676
6865,549200000,549280000,6526,2383
6866,549280000,549360000,5838,1639
6867,549360000,549440000,10666,3187
6868,549440000,549520000,5595,1695
6869,549520000,549600000,4359,1795
6870,549600000,549680000,7035,2248
6871,549680000,549760000,6669,2003
6872,549760000,549840000,9475,2697
6873,549840000,549920000,5339,1673
6874,549920000,550000000,6210,2215
6875,550000000,550080000,6018,1567
6876,550080000,550160000,11005,3135
6877,550160000,550240000,5439,1642
6878,550240000,550320000,4432,1739
6879,550320000,550400000,7416,2227
6880,550400000,550480000,6992,2010
6881,550480000,550560000,9167,2575
6882,550560000,550640000,4473,1395
6883,550640000,550720000,6428,2255
6884,550720000,550800000,5563,1517
6885,550800000,550880000,10890,3165
6886,550880000,550960000,5688,1686
6887,550960000,551040000,4440,1732
6888,551040000,551120000,6893,2213
6889,551120000,551200000,6708,1995
6890,551200000,551280000,9320,2696
6891,551280000,551360000,5083,1670
6892,551360000,551440000,6435,2378
6893,551440000,551520000,5928,1632
6894,551520000,551600000,10920,3171
6895,551600000,551680000,5714,1698
6896,551680000,551760000,4510,1798
6897,551760000,551840000,6919,2239
6898,551840000,551920000,6720,2005
6899,551920000,552000000,9176,2694
6900,552000000,552080000,4991,1653
6901,552080000,552160000,6095,2384
6902,552160000,552240000,5350,1627
6903,552240000,552320000,10813,3174
6904,552320000,552400000,5693,1695
6905,552400000,552480000,4347,1795
6906,552480000,552560000,7075,2238
6907,552560000,552640000,6330,1989
6908,552640000,552720000,6399,2317
6909,552720000,552800000,7163,2348
6910,552800000,552880000,7305,2719
6911,552880000,552960000,10425,3168
6912,552960000,553040000,4461,1480
6913,553040000,553120000,5936,2321
6914,553120000,553200000,4748,1543
6915,553200000,553280000,10895,3134
6916,553280000,553360000,5610,1728
6917,553360000,553440000,4764,1872
6918,553440000,553520000,6372,2279
6919,553520000,553600000,5699,1597
6920,553600000,553680000,10779,3181
6921,553680000,553760000,4630,1520
6922,553760000,553840000,6175,2329
6923,553840000,553920000,5724,1663
6924,553920000,554000000,10790,3141
6925,554000000,554080000,5782,1732
6926,554080000,554160000,4823,1878
6927,554160000,554240000,6575,2283
6928,554240000,554320000,5907,1600
6929,554320000,554400000,10311,3192
6930,554400000,554480000,4797,1523
6931,554480000,554560000,6253,2334
6932,554560000,554640000,5291,1667
6933,554640000,554720000,10672,3140
6934,554720000,554800000,6093,1738
6935,554800000,554880000,5102,1874
6936,554880000,554960000,6551,2287
6937,554960000,555040000,5663,1604
6938,555040000,555120000,10612,3181
6939,555120000,555200000,4992,1524
6940,555200000,555280000,6087,2337
6941,555280000,555360000,5550,1677
6942,555360000,555440000,10851,3137
6943,555440000,555520000,5556,1689
6944,555520000,555600000,4777,1847
6945,555600000,555680000,6825,2287
6946,555680000,555760000,5892,1602
6947,555760000,555840000,10588,3169
6948,555840000,555920000,4647,1506
6949,555920000,556000000,6105,2322
6950,556000000,556080000,5816,1675
6951,556080000,556160000,10938,3125
6952,556160000,556240000,6026,1732
6953,556240000,556320000,5287,1875
6954,556320000,556400000,6978,2292
6955,556400000,556480000,6560,1604
6956,556480000,556560000,10434,3093
6957,556560000,556640000,4513,1397
6958,556640000,556720000,5967,2257
6959,556720000,556800000,5713,1556
6960,556800000,556880000,10720,3114
6961,556880000,556960000,5959,1731
6962,556960000,557040000,4892,1872
6963,557040000,557120000,6945,2290
6964,557120000,557200000,6153,1597
6965,557200000,557280000,10634,3170
6966,557280000,557360000,4948,1518
6967,557360000,557440000,5874,2186
6968,557440000,557520000,5695,1574
6969,557520000,557600000,10895,3096
6970,557600000,557680000,5831,1667
6971,557680000,557760000,4961,1826
6972,557760000,557840000,6954,2252
6973,557840000,557920000,6201,1595
6974,557920000,558000000,10558,3158
6975,558000000,558080000,4523,1399
6976,558080000,558160000,6152,2241
6977,558160000,558240000,5396,1656
6978,558240000,558320000,10803,3126
6979,558320000,558400000,5649,1724
6980,558400000,558480000,4849,1818
6981,558480000,558560000,6505,2241
6982,558560000,558640000,5465,1602
6983,558640000,558720000,6102,2325
6984,558720000,558800000,8048,2607
6985,558800000,558880000,6905,2563
6986,558880000,558960000,10830,3302
6987,558960000,559040000,3814,1304
6988,559040000,559120000,5780,2240
6989,559120000,559200000,5386,1704
6990,559200000,559280000,9334,2831
6991,559280000,559360000,6810,1916
6992,559360000,559440000,3929,1380
6993,559440000,559520000,6631,2390
6994,559520000,559600000,5816,1720
6995,559600000,559680000,11004,3150
6996,559680000,559760000,5138,1475
6997,559760000,559840000,5870,2266
6998,559840000,559920000,5887,1789
6999,559920000,560000000,9378,2842
7000,560000000,560080000,7018,1989
7001,560080000,560160000,4680,1566
7002,560160000,560240000,6482,2416
7003,560240000,560320000,6325,1726
7004,560320000,560400000,10453,3158
7005,560400000,560480000,4716,1494
7006,560480000,560560000,5528,2304
7007,560560000,560640000,6040,1828
7008,560640000,560720000,9233,2845
7009,560720000,560800000,7269,1982
7010,560800000,560880000,4517,1565
7011,560880000,560960000,6591,2430
7012,560960000,561040000,6299,1726
7013,561040000,561120000,10587,3140
7014,561120000,561200000,4953,1494
7015,561200000,561280000,5815,2325
7016,561280000,561360000,6718,1841
7017,561360000,561440000,9328,2839
7018,561440000,561520000,7010,1981
7019,561520000,561600000,4219,1570
7020,561600000,561680000,6708,2430
7021,561680000,561760000,6560,1728
7022,561760000,561840000,10639,3137
7023,561840000,561920000,5147,1490
7024,561920000,562000000,6020,2327
7025,562000000,562080000,6783,1839
7026,562080000,562160000,9504,2829
7027,562160000,562240000,7394,1989
7028,562240000,562320000,4556,1563
7029,562320000,562400000,6829,2426
7030,562400000,562480000,6621,1726
7031,562480000,562560000,10696,3086
7032,562560000,562640000,4768,1355
7033,562640000,562720000,5568,2258
7034,562720000,562800000,6017,1707
7035,562800000,562880000,9315,2809
7036,562880000,562960000,7128,1971
7037,562960000,563040000,4239,1557
7038,563040000,563120000,6984,2426
7039,563120000,563200000,6517,1724
7040,563200000,563280000,10699,3132
7041,563280000,563360000,4717,1470
7042,563360000,563440000,5815,2326
7043,563440000,563520000,6165,1830
7044,563520000,563600000,9312,2826
7045,563600000,563680000,7227,1977
7046,563680000,563760000,4806,1538
7047,563760000,563840000,6861,2430
7048,563840000,563920000,6352,1728
7049,563920000,564000000,10646,3126
7050,564000000,564080000,4571,1470
7051,564080000,564160000,5855,2323
7052,564160000,564240000,6224,1835
7053,564240000,564320000,9288,2826
7054,564320000,564400000,6938,1979
7055,564400000,564480000,4457,1563
7056,564480000,564560000,6586,2416
7057,564560000,564640000,6112,1753
7058,564640000,564720000,5831,2190
7059,564720000,564800000,8558,2742
7060,564800000,564880000,6720,2383
7061,564880000,564960000,10925,3455
7062,564960000,565040000,5185,1620
7063,565040000,565120000,4853,1812
7064,565120000,565200000,6374,2054
7065,565200000,565280000,7970,2375
7066,565280000,565360000,8636,2432
7067,565360000,565440000,4350,1524
7068,565440000,565520000,6638,2430
7069,565520000,565600000,6596,1849
7070,565600000,565680000,10581,2996
7071,565680000,565760000,5273,1674
7072,565760000,565840000,4672,1808
7073,565840000,565920000,6784,2153
7074,565920000,566000000,8000,2415
7075,566000000,566080000,8536,2423
7076,566080000,566160000,4476,1550
7077,566160000,566240000,6262,2272
7078,566240000,566320000,6335,1771
7079,566320000,566400000,10055,2980
7080,566400000,566480000,5206,1622
7081,566480000,566560000,4526,1742
7082,566560000,566640000,6820,2167
7083,566640000,566720000,7770,2413
7084,566720000,566800000,8814,2418
7085,566800000,566880000,4296,1383
7086,566880000,566960000,6870,2407
7087,566960000,567040000,6745,1854
7088,567040000,567120000,10359,3000
7089,567120000,567200000,5911,1673
7090,567200000,567280000,4601,1747
7091,567280000,567360000,6841,2141
7092,567360000,567440000,7897,2406
7093,567440000,567520000,8529,2430
7094,567520000,567600000,4770,1552
7095,567600000,567680000,6556,2440
7096,567680000,567760000,6526,1857
7097,567760000,567840000,10143,2985
7098,567840000,567920000,5545,1684
7099,567920000,568000000,4411,1812
7100,568000000,568080000,6901,2167
7101,568080000,568160000,8166,2407
7102,568160000,568240000,8722,2426
7103,568240000,568320000,4506,1552
7104,568320000,568400000,6457,2446
7105,568400000,568480000,7083,1857
7106,568480000,568560000,10230,2949
7107,568560000,568640000,4823,1548
7108,568640000,568720000,4374,1740
7109,568720000,568800000,6788,2032
7110,568800000,568880000,8072,2371
7111,568880000,568960000,8296,2422
7112,568960000,569040000,4383,1551
7113,569040000,569120000,6569,2438
7114,569120000,569200000,6815,1856
7115,569200000,569280000,10164,2990
7116,569280000,569360000,5838,1682
7117,569360000,569440000,4772,1809
7118,569440000,569520000,6858,2155
7119,569520000,569600000,7995,2403
7120,569600000,569680000,8977,2424
7121,569680000,569760000,4646,1547
7122,569760000,569840000,6445,2434
7123,569840000,569920000,6961,1848
7124,569920000,570000000,10273,2968
7125,570000000,570080000,4923,1654
7126,570080000,570160000,4536,1812
7127,570160000,570240000,6304,2153
7128,570240000,570320000,7688,2403
7129,570320000,570400000,8458,2408
7130,570400000,570480000,4221,1548
7131,570480000,570560000,6837,2432
7132,570560000,570640000,6358,1845
7133,570640000,570720000,6009,2158
7134,570720000,570800000,8420,2636
7135,570800000,570880000,6293,2304
7136,570880000,570960000,11196,3622
7137,570960000,571040000,5278,1639
7138,571040000,571120000,4535,1793
7139,571120000,571200000,6394,2155
7140,571200000,571280000,6393,1948
7141,571280000,571360000,9570,2698
7142,571360000,571440000,4839,1667
7143,571440000,571520000,6241,2387
7144,571520000,571600000,5249,1626
7145,571600000,571680000,11401,3190
7146,571680000,571760000,5142,1678
7147,571760000,571840000,4561,1795
7148,571840000,571920000,7224,2241
7149,571920000,572000000,6825,2001
7150,572000000,572080000,9468,2706
7151,572080000,572160000,4680,1653
7152,572160000,572240000,6476,2372
7153,572240000,572320000,5607,1629
7154,572320000,572400000,10803,3207
7155,572400000,572480000,5900,1699
7156,572480000,572560000,4781,1798
7157,572560000,572640000,6731,2239
7158,572640000,572720000,6722,2004
7159,572720000,572800000,9619,2711
7160,572800000,572880000,5222,1668
7161,572880000,572960000,6607,2383
7162,572960000,573040000,6093,1631
7163,573040000,573120000,10920,3190
7164,573120000,573200000,5594,1704
7165,573200000,573280000,4563,1795
7166,573280000,573360000,7242,2251
7167,573360000,573440000,6938,2007
7168,573440000,573520000,9346,2691
7169,573520000,573600000,4987,1670
7170,573600000,573680000,6166,2216
7171,573680000,573760000,5732,1564
7172,573760000,573840000,10910,3154
7173,573840000,573920000,5559,1647
7174,573920000,574000000,4437,1739
7175,574000000,574080000,7281,2227
7176,574080000,574160000,6962,2005
7177,574160000,574240000,9547,2691
7178,574240000,574320000,4793,1523
7179,574320000,574400000,6541,2328
7180,574400000,574480000,6150,1631
7181,574480000,574560000,11162,3151
7182,574560000,574640000,5361,1578
7183,574640000,574720000,4256,1658
7184,574720000,574800000,6772,2134
7185,574800000,574880000,6895,1955
7186,574880000,574960000,9236,2682
7187,574960000,575040000,5300,1670
7188,575040000,575120000,6431,2380
7189,575120000,575200000,6074,1640
7190,575200000,575280000,10924,3187
7191,575280000,575360000,5530,1699
7192,575360000,575440000,4351,1798
7193,575440000,575520000,6862,2252
7194,575520000,575600000,6864,1999
7195,575600000,575680000,9534,2692
7196,575680000,575760000,5037,1675
7197,575760000,575840000,6367,2388
7198,575840000,575920000,6009,1631
7199,575920000,576000000,10968,3178
7200,576000000,576080000,5244,1698
7201,576080000,576160000,4272,1775
7202,576160000,576240000,6861,2240
7203,576240000,576320000,6656,1996
7204,576320000,576400000,9347,2692
7205,576400000,576480000,4957,1674
7206,576480000,576560000,6493,2386
7207,576560000,576640000,5759,1620
7208,576640000,576720000,6200,2207
7209,576720000,576800000,8502,2744
7210,576800000,576880000,6175,2184
7211,576880000,576960000,10967,3696
7212,576960000,577040000,5441,1673
7213,577040000,577120000,4728,1872
7214,577120000,577200000,6182,2214
7215,577200000,577280000,5263,1518
7216,577280000,577360000,10691,3190
7217,577360000,577440000,4493,1518
7218,577440000,577520000,6115,2331
7219,577520000,577600000,5209,1664
7220,577600000,577680000,11005,3144
7221,577680000,577760000,6152,1737
7222,577760000,577840000,4769,1876
7223,577840000,577920000,6539,2282
7224,577920000,578000000,5844,1593
7225,578000000,578080000,10513,3184
7226,578080000,578160000,4948,1524
7227,578160000,578240000,6328,2331
7228,578240000,578320000,5779,1677
7229,578320000,578400000,10500,3144
7230,578400000,578480000,5862,1737
7231,578480000,578560000,4902,1874
7232,578560000,578640000,6656,2287
7233,578640000,578720000,6036,1593
7234,578720000,578800000,10699,3180
7235,578800000,578880000,4823,1521
7236,578880000,578960000,6040,2338
7237,578960000,579040000,5902,1669
7238,579040000,579120000,10985,3139
7239,579120000,579200000,5832,1720
7240,579200000,579280000,4992,1873
7241,579280000,579360000,7120,2290
7242,579360000,579440000,6099,1600
7243,579440000,579520000,10729,3181
7244,579520000,579600000,4413,1486
7245,579600000,579680000,6073,2325
7246,579680000,579760000,5546,1668
7247,579760000,579840000,10719,3119
7248,579840000,579920000,6316,1738
7249,579920000,580000000,5267,1878
7250,580000000,580080000,6822,2290
7251,580080000,580160000,6161,1596
7252,580160000,580240000,10916,3178
7253,580240000,580320000,5206,1523
7254,580320000,580400000,6223,2330
7255,580400000,580480000,6029,1676
7256,580480000,580560000,10958,3102
7257,580560000,580640000,5944,1630
7258,580640000,580720000,4669,1781
7259,580720000,580800000,6490,2173
7260,580800000,580880000,6188,1524
7261,580880000,580960000,10694,3162
7262,580960000,581040000,4999,1515
7263,581040000,581120000,5902,2186
7264,581120000,581200000,5910,1576
7265,581200000,581280000,10715,3095
7266,581280000,581360000,5919,1672
7267,581360000,581440000,4840,1822
7268,581440000,581520000,6941,2251
7269,581520000,581600000,6338,1588
7270,581600000,581680000,10894,3164
7271,581680000,581760000,4740,1398
7272,581760000,581840000,6292,2242
7273,581840000,581920000,5857,1655
7274,581920000,582000000,10957,3134
7275,582000000,582080000,5870,1730
7276,582080000,582160000,4902,1799
7277,582160000,582240000,6596,2241
7278,582240000,582320000,5603,1578
7279,582320000,582400000,10719,3170
7280,582400000,582480000,4761,1519
7281,582480000,582560000,6133,2329
7282,582560000,582640000,5529,1663
7283,582640000,582720000,6383,2199
7284,582720000,582800000,8416,2757
7285,582800000,582880000,5947,2005
7286,582880000,582960000,10215,3711
7287,582960000,583040000,6923,1905
7288,583040000,583120000,3987,1381
7289,583120000,583200000,6622,2343
7290,583200000,583280000,5508,1606
7291,583280000,583360000,10920,3146
7292,583360000,583440000,4684,1473
7293,583440000,583520000,5695,2253
7294,583520000,583600000,5588,1790
7295,583600000,583680000,9482,2846
7296,583680000,583760000,7143,1988
7297,583760000,583840000,4780,1564
7298,583840000,583920000,6831,2416
7299,583920000,584000000,6120,1717
7300,584000000,584080000,10582,3146
7301,584080000,584160000,4981,1494
7302,584160000,584240000,5630,2330
7303,584240000,584320000,5509,1834
7304,584320000,584400000,8828,2846
7305,584400000,584480000,7110,1995
7306,584480000,584560000,4407,1569
7307,584560000,584640000,6493,2429
7308,584640000,584720000,5360,1717
7309,584720000,584800000,10473,3129
7310,584800000,584880000,4950,1494
7311,584880000,584960000,5874,2325
7312,584960000,585040000,6172,1835
7313,585040000,585120000,9196,2838
7314,585120000,585200000,7380,1990
7315,585200000,585280000,4469,1570
7316,585280000,585360000,6905,2428
7317,585360000,585440000,6184,1717
7318,585440000,585520000,10419,3129
7319,585520000,585600000,5071,1488
7320,585600000,585680000,5986,2325
7321,585680000,585760000,6468,1841
7322,585760000,585840000,9135,2835
7323,585840000,585920000,7547,1983
7324,585920000,586000000,4610,1561
7325,586000000,586080000,6733,2426
7326,586080000,586160000,6082,1723
7327,586160000,586240000,11003,3128
7328,586240000,586320000,5179,1490
7329,586320000,586400000,5784,2328
7330,586400000,586480000,6419,1830
7331,586480000,586560000,9451,2812
7332,586560000,586640000,7331,1884
7333,586640000,586720000,4156,1476
7334,586720000,586800000,6764,2319
7335,586800000,586880000,6023,1630
7336,586880000,586960000,10873,3132
7337,586960000,587040000,4709,1472
7338,587040000,587120000,5801,2326
7339,587120000,587200000,6345,1820
7340,587200000,587280000,9307,2832
7341,587280000,587360000,7412,1991
7342,587360000,587440000,4693,1561
7343,587440000,587520000,6782,2420
7344,587520000,587600000,6603,1721
7345,587600000,587680000,10905,3128
7346,587680000,587760000,4910,1490
7347,587760000,587840000,5936,2323
7348,587840000,587920000,6443,1834
7349,587920000,588000000,9374,2833
7350,588000000,588080000,7023,1980
7351,588080000,588160000,4290,1541
7352,588160000,588240000,6563,2416
7353,588240000,588320000,5705,1715
7354,588320000,588400000,10805,3120
7355,588400000,588480000,4504,1488
7356,588480000,588560000,5505,2165
7357,588560000,588640000,5676,1728
7358,588640000,588720000,6213,2120
7359,588720000,588800000,8193,2776
7360,588800000,588880000,5781,1888
7361,588880000,588960000,8958,3291
7362,588960000,589040000,8698,2369
7363,589040000,589120000,4640,1530
7364,589120000,589200000,6496,2422
7365,589200000,589280000,5725,1714
7366,589280000,589360000,10530,3006
7367,589360000,589440000,5295,1670
7368,589440000,589520000,4596,1809
7369,589520000,589600000,6459,2154
7370,589600000,589680000,7947,2416
7371,589680000,589760000,8857,2436
7372,589760000,589840000,4643,1546
7373,589840000,589920000,6161,2262
7374,589920000,590000000,6207,1770
7375,590000000,590080000,10303,2981
7376,590080000,590160000,5038,1608
7377,590160000,590240000,4466,1715
7378,590240000,590320000,6668,2153
7379,590320000,590400000,7637,2422
7380,590400000,590480000,8494,2413
7381,590480000,590560000,3969,1379
7382,590560000,590640000,6629,2407
7383,590640000,590720000,6115,1845
7384,590720000,590800000,10257,2992
7385,590800000,590880000,5659,1668
7386,590880000,590960000,4611,1747
7387,590960000,591040000,6788,2129
7388,591040000,591120000,7731,2412
7389,591120000,591200000,8627,2422
7390,591200000,591280000,4774,1546
7391,591280000,591360000,6688,2442
7392,591360000,591440000,6582,1848
7393,591440000,591520000,10042,2984
7394,591520000,591600000,5237,1674
7395,591600000,591680000,4355,1813
7396,591680000,591760000,6714,2171
7397,591760000,591840000,7728,2409
7398,591840000,591920000,8642,2424
7399,591920000,592000000,4714,1556
7400,592000000,592080000,6442,2446
7401,592080000,592160000,6438,1848
7402,592160000,592240000,10300,2981
7403,592240000,592320000,5706,1679
7404,592320000,592400000,4576,1808
7405,592400000,592480000,6972,2161
7406,592480000,592560000,7962,2408
7407,592560000,592640000,8502,2322
7408,592640000,592720000,4295,1454
7409,592720000,592800000,6450,2358
7410,592800000,592880000,6147,1742
7411,592880000,592960000,10123,2975
7412,592960000,593040000,5598,1674
7413,593040000,593120000,4743,1809
7414,593120000,593200000,6916,2169
7415,593200000,593280000,7753,2408
7416,593280000,593360000,8699,2420
7417,593360000,593440000,4609,1523
7418,593440000,593520000,6666,2440
7419,593520000,593600000,6445,1851
7420,593600000,593680000,10460,2975
7421,593680000,593760000,5678,1675
7422,593760000,593840000,4632,1812
7423,593840000,593920000,6933,2155
7424,593920000,594000000,8167,2410
7425,594000000,594080000,8537,2403
7426,594080000,594160000,3980,1530
7427,594160000,594240000,6617,2432
7428,594240000,594320000,6897,1852
7429,594320000,594400000,10502,2981
7430,594400000,594480000,5146,1661
7431,594480000,594560000,4550,1808
7432,594560000,594640000,6690,2145
7433,594640000,594720000,6695,2152
7434,594720000,594800000,7526,2589
7435,594800000,594880000,6604,2135
7436,594880000,594960000,7758,2925
7437,594960000,595040000,9422,2696
7438,595040000,595120000,4786,1611
7439,595120000,595200000,6145,2371
7440,595200000,595280000,4844,1500
7441,595280000,595360000,11346,3197
7442,595360000,595440000,4946,1679
7443,595440000,595520000,4456,1791
7444,595520000,595600000,6956,2239
7445,595600000,595680000,6805,2006
7446,595680000,595760000,10020,2706
7447,595760000,595840000,4836,1654
7448,595840000,595920000,6434,2371
7449,595920000,596000000,5814,1623
7450,596000000,596080000,11095,3193
7451,596080000,596160000,5550,1694
7452,596160000,596240000,4722,1798
7453,596240000,596320000,6966,2240
7454,596320000,596400000,6665,2012
7455,596400000,596480000,9277,2712
7456,596480000,596560000,5121,1677
7457,596560000,596640000,6431,2380
7458,596640000,596720000,5627,1631
7459,596720000,596800000,10891,3193
7460,596800000,596880000,5749,1701
7461,596880000,596960000,4614,1795
7462,596960000,597040000,7207,2243
7463,597040000,597120000,6944,2010
7464,597120000,597200000,9616,2700
7465,597200000,597280000,5226,1670
7466,597280000,597360000,6171,2215
7467,597360000,597440000,5911,1559
7468,597440000,597520000,10886,3158
7469,597520000,597600000,5181,1638
7470,597600000,597680000,4293,1735
7471,597680000,597760000,7236,2226
7472,597760000,597840000,6770,2003
7473,597840000,597920000,9615,2686
7474,597920000,598000000,4722,1520
7475,598000000,598080000,6653,2328
7476,598080000,598160000,5851,1625
7477,598160000,598240000,11107,3171
7478,598240000,598320000,5952,1688
7479,598320000,598400000,4439,1708
7480,598400000,598480000,6974,2224
7481,598480000,598560000,6760,2002
7482,598560000,598640000,9253,2600
7483,598640000,598720000,5120,1561
7484,598720000,598800000,6224,2302
7485,598800000,598880000,5271,1527
7486,598880000,598960000,10839,3163
7487,598960000,599040000,5455,1693
7488,599040000,599120000,4352,1798
7489,599120000,599200000,6965,2253
7490,599200000,599280000,6545,2005
7491,599280000,599360000,9333,2702
7492,599360000,599440000,5072,1670
7493,599440000,599520000,6242,2387
7494,599520000,599600000,5848,1632
7495,599600000,599680000,11013,3172
7496,599680000,599760000,5714,1695
7497,599760000,599840000,4499,1795
7498,599840000,599920000,7334,2250
7499,599920000,600000000,7003,2003
7500,600000000,600080000,9340,2692
7501,600080000,600160000,4693,1652
7502,600160000,600240000,6371,2390
7503,600240000,600320000,5833,1628
7504,600320000,600400000,10949,3169
7505,600400000,600480000,5569,1694
7506,600480000,600560000,4664,1798
7507,600560000,600640000,7325,2247
7508,600640000,600720000,6428,1985
7509,600720000,600800000,6675,2316
7510,600800000,600880000,7311,2348
7511,600880000,600960000,7375,2719
7512,600960000,601040000,10588,3165
7513,601040000,601120000,4314,1480
7514,601120000,601200000,6112,2316
7515,601200000,601280000,4954,1540
7516,601280000,601360000,10996,3136
7517,601360000,601440000,5765,1725
7518,601440000,601520000,4765,1875
7519,601520000,601600000,6525,2280
7520,601600000,601680000,5882,1596
7521,601680000,601760000,10991,3189
7522,601760000,601840000,4965,1520
7523,601840000,601920000,6442,2334
7524,601920000,602000000,5622,1663
7525,602000000,602080000,10852,3143
7526,602080000,602160000,6045,1737
7527,602160000,602240000,5006,1877
7528,602240000,602320000,6753,2288
7529,602320000,602400000,5842,1604
7530,602400000,602480000,10496,3186
7531,602480000,602560000,5079,1525
7532,602560000,602640000,5953,2335
7533,602640000,602720000,5419,1677
7534,602720000,602800000,10870,3141
7535,602800000,602880000,6141,1721
7536,602880000,602960000,5034,1873
7537,602960000,603040000,7091,2288
7538,603040000,603120000,6130,1604
7539,603120000,603200000,10926,3175
7540,603200000,603280000,4678,1504
7541,603280000,603360000,6135,2325
7542,603360000,603440000,5460,1664
7543,603440000,603520000,10753,3131
7544,603520000,603600000,5937,1730
7545,603600000,603680000,5172,1878
7546,603680000,603760000,6735,2292
7547,603760000,603840000,6058,1594
7548,603840000,603920000,10708,3167
7549,603920000,604000000,5047,1525
7550,604000000,604080000,6175,2329
7551,604080000,604160000,6065,1679
7552,604160000,604240000,10996,3127
7553,604240000,604320000,6241,1733
7554,604320000,604400000,5084,1874
7555,604400000,604480000,7030,2290
7556,604480000,604560000,6357,1603
7557,604560000,604640000,10701,3083
7558,604640000,604720000,4839,1397
7559,604720000,604800000,5731,2122
7560,604800000,604880000,5563,1501
7561,604880000,604960000,10866,3090
7562,604960000,605040000,5959,1671
7563,605040000,605120000,4830,1820
7564,605120000,605200000,6982,2252
7565,605200000,605280000,6177,1591
7566,605280000,605360000,10732,3158
7567,605360000,605440000,4656,1397
7568,605440000,605520000,6242,2244
7569,605520000,605600000,5907,1649
7570,605600000,605680000,10979,3123
7571,605680000,605760000,6068,1724
7572,605760000,605840000,5042,1818
7573,605840000,605920000,6659,2241
7574,605920000,606000000,5832,1582
7575,606000000,606080000,10524,3162
7576,606080000,606160000,4566,1500
7577,606160000,606240000,6071,2330
7578,606240000,606320000,5564,1659
7579,606320000,606400000,10823,3123
7580,606400000,606480000,5752,1723
7581,606480000,606560000,4728,1876
7582,606560000,606640000,6574,2283
7583,606640000,606720000,5683,1615
7584,606720000,606800000,6389,2324
7585,606800000,606880000,8294,2585
7586,606880000,606960000,7134,2581
7587,606960000,607040000,11089,3340
7588,607040000,607120000,4565,1433
7589,607120000,607200000,5747,2255
7590,607200000,607280000,5015,1634
7591,607280000,607360000,9332,2828
7592,607360000,607440000,7243,1974
7593,607440000,607520000,4553,1560
7594,607520000,607600000,6551,2405
7595,607600000,607680000,5732,1705
7596,607680000,607760000,11132,3152
7597,607760000,607840000,4563,1490
7598,607840000,607920000,5753,2328
7599,607920000,608000000,5902,1824
7600,608000000,608080000,9362,2843
7601,608080000,608160000,6815,1985
7602,608160000,608240000,4152,1557
7603,608240000,608320000,6705,2428
7604,608320000,608400000,5968,1726
7605,608400000,608480000,10567,3150
7606,608480000,608560000,4068,1490
7607,608560000,608640000,5782,2323
7608,608640000,608720000,6256,1841
7609,608720000,608800000,9212,2842
7610,608800000,608880000,7209,1983
7611,608880000,608960000,4458,1566
7612,608960000,609040000,6960,2428
7613,609040000,609120000,6078,1726
7614,609120000,609200000,10777,3144
7615,609200000,609280000,5076,1488
7616,609280000,609360000,6144,2325
7617,609360000,609440000,6513,1837
7618,609440000,609520000,9245,2824
7619,609520000,609600000,7127,1984
7620,609600000,609680000,4445,1570
7621,609680000,609760000,6687,2422
7622,609760000,609840000,6236,1728
7623,609840000,609920000,10625,3133
7624,609920000,610000000,4720,1490
7625,610000000,610080000,5837,2328
7626,610080000,610160000,6416,1830
7627,610160000,610240000,9488,2830
7628,610240000,610320000,7462,1972
7629,610320000,610400000,4520,1569
7630,610400000,610480000,7106,2416
7631,610480000,610560000,6397,1726
7632,610560000,610640000,10997,3078
7633,610640000,610720000,4457,1361
7634,610720000,610800000,5666,2254
7635,610800000,610880000,5946,1695
7636,610880000,610960000,9289,2806
7637,610960000,611040000,7458,1980
7638,611040000,611120000,4819,1567
7639,611120000,611200000,6823,2420
7640,611200000,611280000,6290,1718
7641,611280000,611360000,10824,3130
7642,611360000,611440000,5117,1484
7643,611440000,611520000,5880,2321
7644,611520000,611600000,6411,1829
7645,611600000,611680000,9389,2829
7646,611680000,611760000,7395,1980
7647,611760000,611840000,4509,1562
7648,611840000,611920000,6722,2416
7649,611920000,612000000,6401,1720
7650,612000000,612080000,10850,3124
7651,612080000,612160000,4340,1470
7652,612160000,612240000,5521,2189
7653,612240000,612320000,6260,1729
7654,612320000,612400000,9378,2797
7655,612400000,612480000,6788,1916
7656,612480000,612560000,4190,1536
7657,612560000,612640000,6687,2363
7658,612640000,612720000,6380,1747
7659,612720000,612800000,5962,2189
7660,612800000,612880000,8771,2742
7661,612880000,612960000,6857,2383
7662,612960000,613040000,11060,3452
7663,613040000,613120000,5077,1620
7664,613120000,613200000,4661,1808
7665,613200000,613280000,6231,2054
7666,613280000,613360000,7781,2375
7667,613360000,613440000,8704,2425
7668,613440000,613520000,4323,1542
7669,613520000,613600000,6228,2262
7670,613600000,613680000,5897,1771
7671,613680000,613760000,10697,2974
7672,613760000,613840000,5003,1618
7673,613840000,613920000,4624,1742
7674,613920000,614000000,6727,2147
7675,614000000,614080000,7955,2415
7676,614080000,614160000,8500,2417
7677,614160000,614240000,4008,1381
7678,614240000,614320000,6595,2398
7679,614320000,614400000,5991,1846
7680,614400000,614480000,10255,2994
7681,614480000,614560000,5202,1668
7682,614560000,614640000,4554,1750
7683,614640000,614720000,6359,2125
7684,614720000,614800000,7648,2411
7685,614800000,614880000,8663,2431
7686,614880000,614960000,4606,1544
7687,614960000,615040000,6606,2440
7688,615040000,615120000,6532,1857
7689,615120000,615200000,10427,2998
7690,615200000,615280000,5266,1677
7691,615280000,615360000,4459,1813
7692,615360000,615440000,6825,2169
7693,615440000,615520000,7939,2414
7694,615520000,615600000,8542,2422
7695,615600000,615680000,4320,1546
7696,615680000,615760000,6303,2444
7697,615760000,615840000,6501,1857
7698,615840000,615920000,10225,2981
7699,615920000,616000000,5234,1678
7700,616000000,616080000,4599,1808
7701,616080000,616160000,7068,2173
7702,616160000,616240000,8111,2403
7703,616240000,616320000,8874,2424
7704,616320000,616400000,4464,1551
7705,616400000,616480000,6888,2448
7706,616480000,616560000,6833,1856
7707,616560000,616640000,10363,2953
7708,616640000,616720000,5044,1546
7709,616720000,616800000,4653,1744
7710,616800000,616880000,6632,2036
7711,616880000,616960000,7774,2367
7712,616960000,617040000,8502,2424
7713,617040000,617120000,4644,1549
7714,617120000,617200000,6691,2444
7715,617200000,617280000,6450,1848
7716,617280000,617360000,10298,2986
7717,617360000,617440000,5444,1683
7718,617440000,617520000,4565,1813
7719,617520000,617600000,6740,2156
7720,617600000,617680000,8009,2407
7721,617680000,617760000,8963,2392
7722,617760000,617840000,4669,1554
7723,617840000,617920000,6875,2430
7724,617920000,618000000,6587,1853
7725,618000000,618080000,10514,2978
7726,618080000,618160000,5293,1642
7727,618160000,618240000,4463,1784
7728,618240000,618320000,6195,2141
7729,618320000,618400000,7822,2403
7730,618400000,618480000,8674,2418
7731,618480000,618560000,4910,1551
7732,618560000,618640000,6476,2438
7733,618640000,618720000,6291,1844
7734,618720000,618800000,6150,2157
7735,618800000,618880000,8459,2636
7736,618880000,618960000,6219,2305
7737,618960000,619040000,11216,3616
7738,619040000,619120000,5122,1624
7739,619120000,619200000,4479,1793
7740,619200000,619280000,6736,2150
7741,619280000,619360000,6451,1948
7742,619360000,619440000,9871,2694
7743,619440000,619520000,4793,1653
7744,619520000,619600000,6320,2371
7745,619600000,619680000,5365,1622
7746,619680000,619760000,11387,3197
7747,619760000,619840000,5906,1699
7748,619840000,619920000,4988,1798
7749,619920000,620000000,6883,2242
7750,620000000,620080000,6826,2001
7751,620080000,620160000,9553,2708
7752,620160000,620240000,5086,1670
7753,620240000,620320000,6430,2379
7754,620320000,620400000,5495,1631
7755,620400000,620480000,10891,3200
7756,620480000,620560000,5620,1702
7757,620560000,620640000,4325,1795
7758,620640000,620720000,6916,2247
7759,620720000,620800000,6704,2009
7760,620800000,620880000,9772,2699
7761,620880000,620960000,5358,1672
7762,620960000,621040000,6234,2215
7763,621040000,621120000,5924,1565
7764,621120000,621200000,11064,3159
7765,621200000,621280000,5654,1641
7766,621280000,621360000,4432,1735
7767,621360000,621440000,7264,2227
7768,621440000,621520000,6958,2011
7769,621520000,621600000,9402,2692
7770,621600000,621680000,4583,1519
7771,621680000,621760000,6448,2328
7772,621760000,621840000,5766,1636
7773,621840000,621920000,11039,3184
7774,621920000,622000000,5687,1689
7775,622000000,622080000,4603,1736
7776,622080000,622160000,6945,2219
7777,622160000,622240000,6869,1998
7778,622240000,622320000,9688,2696
7779,622320000,622400000,5192,1677
7780,622400000,622480000,6468,2382
7781,622480000,622560000,6017,1642
7782,622560000,622640000,11129,3149
7783,622640000,622720000,5008,1592
7784,622720000,622800000,4046,1704
7785,622800000,622880000,6709,2139
7786,622880000,622960000,6693,1953
7787,622960000,623040000,9375,2688
7788,623040000,623120000,4761,1649
7789,623120000,623200000,6273,2384
7790,623200000,623280000,5693,1639
7791,623280000,623360000,10944,3180
7792,623360000,623440000,5699,1704
7793,623440000,623520000,4342,1795
7794,623520000,623600000,7033,2251
7795,623600000,623680000,6717,2001
7796,623680000,623760000,9652,2690
7797,623760000,623840000,5324,1670
7798,623840000,623920000,6692,2391
7799,623920000,624000000,5823,1635
7800,624000000,624080000,11076,3179
7801,624080000,624160000,5518,1695
7802,624160000,624240000,4577,1778
7803,624240000,624320000,7022,2244
7804,624320000,624400000,6877,2001
7805,624400000,624480000,9408,2694
7806,624480000,624560000,5116,1670
7807,624560000,624640000,6357,2382
7808,624640000,624720000,6087,1632
7809,624720000,624800000,6095,2207
7810,624800000,624880000,8592,2744
7811,624880000,624960000,6250,2184
7812,624960000,625040000,10920,3690
7813,625040000,625120000,5763,1673
7814,625120000,625200000,4889,1872
7815,625200000,625280000,6464,2218
7816,625280000,625360000,5288,1518
7817,625360000,625440000,10755,3180
7818,625440000,625520000,4874,1518
7819,625520000,625600000,6346,2332
7820,625600000,625680000,5159,1662
7821,625680000,625760000,11013,3142
7822,625760000,625840000,5974,1732
7823,625840000,625920000,5131,1875
7824,625920000,626000000,6675,2279
7825,626000000,626080000,5819,1589
7826,626080000,626160000,10354,3178
7827,626160000,626240000,4838,1518
7828,626240000,626320000,6089,2337
7829,626320000,626400000,5770,1677
7830,626400000,626480000,10497,3142
7831,626480000,626560000,5848,1720
7832,626560000,626640000,4822,1877
7833,626640000,626720000,7048,2290
7834,626720000,626800000,5888,1600
7835,626800000,626880000,10918,3184
7836,626880000,626960000,4669,1509
7837,626960000,627040000,6265,2325
7838,627040000,627120000,5853,1672
7839,627120000,627200000,10916,3138
7840,627200000,627280000,6257,1738
7841,627280000,627360000,5273,1875
7842,627360000,627440000,6907,2292
7843,627440000,627520000,6160,1601
7844,627520000,627600000,10746,3179
7845,627600000,627680000,4925,1518
7846,627680000,627760000,6080,2328
7847,627760000,627840000,5713,1676
7848,627840000,627920000,10882,3130
7849,627920000,628000000,6306,1733
7850,628000000,628080000,4932,1853
7851,628080000,628160000,6833,2290
7852,628160000,628240000,6320,1595
7853,628240000,628320000,11110,3166
7854,628320000,628400000,5162,1525
7855,628400000,628480000,5972,2188
7856,628480000,628560000,5635,1568
7857,628560000,628640000,11024,3069
7858,628640000,628720000,6151,1624
7859,628720000,628800000,4645,1739
7860,628800000,628880000,6671,2144
7861,628880000,628960000,5821,1517
7862,628960000,629040000,10827,3164
7863,629040000,629120000,4607,1394
7864,629120000,629200000,6230,2244
7865,629200000,629280000,5885,1656
7866,629280000,629360000,10794,3125
7867,629360000,629440000,6235,1736
7868,629440000,629520000,4847,1815
7869,629520000,629600000,6579,2241
7870,629600000,629680000,5679,1578
7871,629680000,629760000,11038,3168
7872,629760000,629840000,4994,1519
7873,629840000,629920000,6192,2330
7874,629920000,630000000,5789,1663
7875,630000000,630080000,11010,3131
7876,630080000,630160000,5851,1727
7877,630160000,630240000,4638,1855
7878,630240000,630320000,6463,2282
7879,630320000,630400000,5976,1588
7880,630400000,630480000,10829,3166
7881,630480000,630560000,4718,1519
7882,630560000,630640000,5843,2333
7883,630640000,630720000,5836,1663
7884,630720000,630800000,6655,2199
7885,630800000,630880000,8701,2757
7886,630880000,630960000,5989,2015
7887,630960000,631040000,10171,3707
7888,631040000,631120000,6951,1925
7889,631120000,631200000,4498,1557
7890,631200000,631280000,6482,2384
7891,631280000,631360000,5352,1606
7892,631360000,631440000,10880,3142
7893,631440000,631520000,4554,1481
7894,631520000,631600000,5618,2330
7895,631600000,631680000,5749,1826
7896,631680000,631760000,9436,2842
7897,631760000,631840000,7150,1994
7898,631840000,631920000,4353,1564
7899,631920000,632000000,6456,2420
7900,632000000,632080000,6094,1713
7901,632080000,632160000,10653,3148
7902,632160000,632240000,4366,1488
7903,632240000,632320000,5776,2325
7904,632320000,632400000,6301,1827
7905,632400000,632480000,9051,2846
7906,632480000,632560000,7201,1995
7907,632560000,632640000,4155,1563
7908,632640000,632720000,6502,2420
7909,632720000,632800000,6040,1717
7910,632800000,632880000,10523,3137
7911,632880000,632960000,4798,1490
7912,632960000,633040000,6039,2301
7913,633040000,633120000,6552,1835
7914,633120000,633200000,9297,2838
7915,633200000,633280000,7257,1983
7916,633280000,633360000,4627,1565
7917,633360000,633440000,6762,2426
7918,633440000,633520000,6294,1725
7919,633520000,633600000,10329,3127
7920,633600000,633680000,4763,1493
7921,633680000,633760000,5680,2330
7922,633760000,633840000,6132,1838
7923,633840000,633920000,9176,2835
7924,633920000,634000000,7356,1968
7925,634000000,634080000,4438,1570
7926,634080000,634160000,7136,2424
7927,634160000,634240000,6556,1715
7928,634240000,634320000,11196,3134
7929,634320000,634400000,4867,1480
7930,634400000,634480000,5895,2324
7931,634480000,634560000,6277,1820
7932,634560000,634640000,9422,2807
7933,634640000,634720000,7336,1892
7934,634720000,634800000,4554,1479
7935,634800000,634880000,6558,2331
7936,634880000,634960000,5905,1618
7937,634960000,635040000,11007,3130
7938,635040000,635120000,4890,1490
7939,635120000,635200000,5913,2321
7940,635200000,635280000,6461,1833
7941,635280000,635360000,9280,2831
7942,635360000,635440000,7437,1983
7943,635440000,635520000,4574,1570
7944,635520000,635600000,6809,2416
7945,635600000,635680000,6460,1715
7946,635680000,635760000,11129,3118
7947,635760000,635840000,5104,1490
7948,635840000,635920000,5665,2189
7949,635920000,636000000,6168,1729
7950,636000000,636080000,9344,2804
7951,636080000,636160000,7332,1912
7952,636160000,636240000,4343,1514
7953,636240000,636320000,6567,2364
7954,636320000,636400000,6328,1715
7955,636400000,636480000,10901,3118
7956,636480000,636560000,4524,1406
7957,636560000,636640000,5714,2202
7958,636640000,636720000,6095,1812
7959,636720000,636800000,6246,2136
7960,636800000,636880000,8148,2776
7961,636880000,636960000,5748,1888
7962,636960000,637040000,8927,3289
7963,637040000,637120000,8548,2365
7964,637120000,637200000,4296,1528
7965,637200000,637280000,6161,2234
7966,637280000,637360000,5318,1546
7967,637360000,637440000,10546,2978
7968,637440000,637520000,4812,1614
7969,637520000,637600000,4569,1739
7970,637600000,637680000,6277,2084
7971,637680000,637760000,7797,2379
7972,637760000,637840000,8902,2411
7973,637840000,637920000,4051,1381
7974,637920000,638000000,6597,2399
7975,638000000,638080000,6485,1841
7976,638080000,638160000,10318,2995
7977,638160000,638240000,5009,1664
7978,638240000,638320000,4572,1747
7979,638320000,638400000,6573,2127
7980,638400000,638480000,7793,2416
7981,638480000,638560000,8380,2429
7982,638560000,638640000,4508,1552
7983,638640000,638720000,6390,2432
7984,638720000,638800000,6706,1852
7985,638800000,638880000,10173,2992
7986,638880000,638960000,5327,1680
7987,638960000,639040000,4519,1813
7988,639040000,639120000,6763,2163
7989,639120000,639200000,7982,2416
7990,639200000,639280000,8645,2430
7991,639280000,639360000,4583,1552
7992,639360000,639440000,6245,2444
7993,639440000,639520000,6927,1856
7994,639520000,639600000,10055,2992
7995,639600000,639680000,5006,1674
7996,639680000,639760000,4485,1809
7997,639760000,639840000,6986,2169
7998,639840000,639920000,7902,2413
7999,639920000,640000000,8676,2424
8000,640000000,640080000,4485,1549
8001,640080000,640160000,6587,2446
8002,640160000,640240000,6784,1847
8003,640240000,640320000,10366,2977
8004,640320000,640400000,5569,1681
8005,640400000,640480000,4844,1812
8006,640480000,640560000,7168,2165
8007,640560000,640640000,8182,2408
8008,640640000,640720000,8378,2316
8009,640720000,640800000,4292,1454
8010,640800000,640880000,6335,2356
8011,640880000,640960000,6586,1738
8012,640960000,641040000,10041,2973
8013,641040000,641120000,5387,1674
8014,641120000,641200000,4532,1813
8015,641200000,641280000,6912,2163
8016,641280000,641360000,7936,2410
8017,641360000,641440000,8697,2406
8018,641440000,641520000,4401,1552
8019,641520000,641600000,6783,2442
8020,641600000,641680000,6678,1848
8021,641680000,641760000,10739,2979
8022,641760000,641840000,5361,1664
8023,641840000,641920000,4676,1808
8024,641920000,642000000,7055,2145
8025,642000000,642080000,8051,2410
8026,642080000,642160000,8615,2424
8027,642160000,642240000,4546,1525
8028,642240000,642320000,6549,2445
8029,642320000,642400000,6310,1847
8030,642400000,642480000,10444,2965
8031,642480000,642560000,5381,1675
8032,642560000,642640000,4670,1808
8033,642640000,642720000,6752,2159
8034,642720000,642800000,6638,2154
8035,642800000,642880000,7640,2589
8036,642880000,642960000,6609,2135
8037,642960000,643040000,7832,2925
8038,643040000,643120000,9546,2686
8039,643120000,643200000,4546,1620
8040,643200000,643280000,6438,2359
8041,643280000,643360000,4854,1497
8042,643360000,643440000,11129,3188
8043,643440000,643520000,5715,1689
8044,643520000,643600000,4812,1798
8045,643600000,643680000,6660,2240
8046,643680000,643760000,6534,2006
8047,643760000,643840000,9673,2702
8048,643840000,643920000,5121,1669
8049,643920000,644000000,6678,2379
8050,644000000,644080000,5538,1628
8051,644080000,644160000,10973,3180
8052,644160000,644240000,5439,1695
8053,644240000,644320000,4423,1795
8054,644320000,644400000,6920,2247
8055,644400000,644480000,6546,2012
8056,644480000,644560000,9388,2714
8057,644560000,644640000,5023,1677
8058,644640000,644720000,6059,2216
8059,644720000,644800000,5740,1565
8060,644800000,644880000,10924,3164
8061,644880000,644960000,5572,1644
8062,644960000,645040000,4488,1735
8063,645040000,645120000,7469,2232
8064,645120000,645200000,6907,2009
8065,645200000,645280000,9594,2687
8066,645280000,645360000,4849,1525
8067,645360000,645440000,6675,2328
8068,645440000,645520000,6260,1636
8069,645520000,645600000,10873,3180
8070,645600000,645680000,5469,1684
8071,645680000,645760000,4433,1732
8072,645760000,645840000,6929,2218
8073,645840000,645920000,6726,1996
8074,645920000,646000000,9307,2693
8075,646000000,646080000,5327,1679
8076,646080000,646160000,6433,2384
8077,646160000,646240000,6185,1631
8078,646240000,646320000,11099,3171
8079,646320000,646400000,5668,1700
8080,646400000,646480000,4461,1798
8081,646480000,646560000,7105,2247
8082,646560000,646640000,6896,2005
8083,646640000,646720000,9369,2608
8084,646720000,646800000,4774,1557
8085,646800000,646880000,5934,2305
8086,646880000,646960000,5327,1528
8087,646960000,647040000,10863,3168
8088,647040000,647120000,5414,1691
8089,647120000,647200000,4379,1795
8090,647200000,647280000,6992,2248
8091,647280000,647360000,6638,2006
8092,647360000,647440000,9309,2688
8093,647440000,647520000,4714,1667
8094,647520000,647600000,6428,2389
8095,647600000,647680000,5908,1633
8096,647680000,647760000,11062,3169
8097,647760000,647840000,5652,1694
8098,647840000,647920000,4799,1798
8099,647920000,648000000,7363,2239
8100,648000000,648080000,6879,2001
8101,648080000,648160000,9340,2688
8102,648160000,648240000,5037,1648
8103,648240000,648320000,6310,2382
8104,648320000,648400000,5247,1622
8105,648400000,648480000,10838,3167
8106,648480000,648560000,5661,1694
8107,648560000,648640000,4456,1798
8108,648640000,648720000,6700,2241
8109,648720000,648800000,6106,1987
8110,648800000,648880000,6523,2316
8111,648880000,648960000,7301,2348
8112,648960000,649040000,7416,2719
8113,649040000,649120000,10522,3151
8114,649120000,649200000,4564,1480
8115,649200000,649280000,6345,2320
8116,649280000,649360000,4763,1538
8117,649360000,649440000,10892,3133
8118,649440000,649520000,5859,1733
8119,649520000,649600000,5003,1875
8120,649600000,649680000,6603,2280
8121,649680000,649760000,5441,1596
8122,649760000,649840000,10813,3183
8123,649840000,649920000,4898,1516
8124,649920000,650000000,6094,2336
8125,650000000,650080000,5120,1657
8126,650080000,650160000,10911,3139
8127,650160000,650240000,5786,1717
8128,650240000,650320000,4828,1871
8129,650320000,650400000,7054,2289
8130,650400000,650480000,5975,1597
8131,650480000,650560000,10630,3184
8132,650560000,650640000,4491,1505
8133,650640000,650720000,6095,2322
8134,650720000,650800000,5949,1672
8135,650800000,650880000,10778,3138
8136,650880000,650960000,6299,1733
8137,650960000,651040000,5305,1875
8138,651040000,651120000,6963,2293
8139,651120000,651200000,6183,1602
8140,651200000,651280000,10851,3175
8141,651280000,651360000,5161,1524
8142,651360000,651440000,6198,2328
8143,651440000,651520000,5705,1676
8144,651520000,651600000,10696,3133
8145,651600000,651680000,5991,1734
8146,651680000,651760000,4838,1874
8147,651760000,651840000,6773,2289
8148,651840000,651920000,5871,1594
8149,651920000,652000000,10849,3167
8150,652000000,652080000,5113,1520
8151,652080000,652160000,5920,2187
8152,652160000,652240000,5803,1583
8153,652240000,652320000,10945,3082
8154,652320000,652400000,5821,1678
8155,652400000,652480000,4905,1825
8156,652480000,652560000,7174,2259
8157,652560000,652640000,6138,1602
8158,652640000,652720000,10621,3065
8159,652720000,652800000,4280,1267
8160,652800000,652880000,6062,2179
8161,652880000,652960000,5346,1545
8162,652960000,653040000,10863,3110
8163,653040000,653120000,6068,1730
8164,653120000,653200000,4937,1814
8165,653200000,653280000,6652,2242
8166,653280000,653360000,5853,1585
8167,653360000,653440000,10630,3164
8168,653440000,653520000,4816,1518
8169,653520000,653600000,6161,2327
8170,653600000,653680000,5733,1668
8171,653680000,653760000,10898,3123
8172,653760000,653840000,6086,1728
8173,653840000,653920000,4988,1875
8174,653920000,654000000,6672,2282
8175,654000000,654080000,5877,1596
8176,654080000,654160000,10661,3168
8177,654160000,654240000,4733,1500
8178,654240000,654320000,5833,2334
8179,654320000,654400000,5133,1663
8180,654400000,654480000,10800,3124
8181,654480000,654560000,6039,1726
8182,654560000,654640000,4770,1875
8183,654640000,654720000,6784,2279
8184,654720000,654800000,5787,1616
8185,654800000,654880000,6553,2324
8186,654880000,654960000,8403,2607
8187,654960000,655040000,7118,2585
8188,655040000,655120000,10994,3334
8189,655120000,655200000,4402,1442
8190,655200000,655280000,5684,2317
8191,655280000,655360000,5372,1707
8192,655360000,655440000,9369,2830
8193,655440000,655520000,7169,1984
8194,655520000,655600000,4344,1560
8195,655600000,655680000,6390,2417
8196,655680000,655760000,5893,1720
8197,655760000,655840000,11068,3142
8198,655840000,655920000,4646,1490
8199,655920000,656000000,5864,2323
8200,656000000,656080000,6307,1825
8201,656080000,656160000,9468,2841
8202,656160000,656240000,7128,1984
8203,656240000,656320000,4384,1570
8204,656320000,656400000,6639,2420
8205,656400000,656480000,6170,1724
8206,656480000,656560000,10546,3156
8207,656560000,656640000,4781,1494
8208,656640000,656720000,6002,2327
8209,656720000,656800000,5880,1831
8210,656800000,656880000,9171,2840
8211,656880000,656960000,7301,1990
8212,656960000,657040000,4733,1566
8213,657040000,657120000,6624,2423
8214,657120000,657200000,5880,1728
8215,657200000,657280000,10657,3142
8216,657280000,657360000,4969,1494
8217,657360000,657440000,5809,2330
8218,657440000,657520000,6189,1840
8219,657520000,657600000,9256,2838
8220,657600000,657680000,6865,1941
8221,657680000,657760000,4309,1539
8222,657760000,657840000,6917,2424
8223,657840000,657920000,6175,1728
8224,657920000,658000000,10770,3131
8225,658000000,658080000,4747,1476
8226,658080000,658160000,5792,2324
8227,658160000,658240000,6351,1830
8228,658240000,658320000,9556,2826
8229,658320000,658400000,7463,1983
8230,658400000,658480000,4827,1566
8231,658480000,658560000,6936,2430
8232,658560000,658640000,6888,1728
8233,658640000,658720000,10874,3080
8234,658720000,658800000,4441,1355
8235,658800000,658880000,5690,2253
8236,658880000,658960000,6290,1708
8237,658960000,659040000,9346,2808
8238,659040000,659120000,7363,1987
8239,659120000,659200000,4455,1560
8240,659200000,659280000,6902,2426
8241,659280000,659360000,6518,1724
8242,659360000,659440000,10932,3132
8243,659440000,659520000,4945,1488
8244,659520000,659600000,5581,2187
8245,659600000,659680000,6289,1736
8246,659680000,659760000,9344,2797
8247,659760000,659840000,7277,1916
8248,659840000,659920000,4519,1536
8249,659920000,660000000,6867,2364
8250,660000000,660080000,6564,1720
8251,660080000,660160000,10750,3116
8252,660160000,660240000,4633,1406
8253,660240000,660320000,5749,2202
8254,660320000,660400000,6003,1814
8255,660400000,660480000,9344,2827
8256,660480000,660560000,7099,1978
8257,660560000,660640000,4369,1517
8258,660640000,660720000,6529,2383
8259,660720000,660800000,5788,1717
8260,660800000,660880000,5945,2189
8261,660880000,660960000,8846,2742
8262,660960000,661040000,6787,2361
8263,661040000,661120000,11017,3424
8264,661120000,661200000,4420,1475
8265,661200000,661280000,4561,1742
8266,661280000,661360000,6200,2044
8267,661360000,661440000,7765,2375
8268,661440000,661520000,8590,2374
8269,661520000,661600000,3875,1359
8270,661600000,661680000,6523,2399
8271,661680000,661760000,6149,1846
8272,661760000,661840000,10711,3000
8273,661840000,661920000,5746,1664
8274,661920000,662000000,4677,1750
8275,662000000,662080000,6550,2121
8276,662080000,662160000,8050,2411
8277,662160000,662240000,8583,2430
8278,662240000,662320000,4772,1552
8279,662320000,662400000,6315,2432
8280,662400000,662480000,6739,1855
8281,662480000,662560000,10140,3008
8282,662560000,662640000,5409,1682
8283,662640000,662720000,4342,1788
8284,662720000,662800000,6583,2157
8285,662800000,662880000,7975,2417
8286,662880000,662960000,8879,2427
8287,662960000,663040000,4660,1550
8288,663040000,663120000,6430,2446
8289,663120000,663200000,6680,1855
8290,663200000,663280000,10348,2992
8291,663280000,663360000,5633,1683
8292,663360000,663440000,4569,1809
8293,663440000,663520000,7269,2169
8294,663520000,663600000,8140,2414
8295,663600000,663680000,8648,2422
8296,663680000,663760000,4326,1555
8297,663760000,663840000,6550,2448
8298,663840000,663920000,6947,1856
8299,663920000,664000000,10305,2985
8300,664000000,664080000,5768,1678
8301,664080000,664160000,4791,1812
8302,664160000,664240000,7293,2167
8303,664240000,664320000,8283,2405
8304,664320000,664400000,8866,2430
8305,664400000,664480000,4687,1547
8306,664480000,664560000,6648,2444
8307,664560000,664640000,7010,1854
8308,664640000,664720000,10321,2951
8309,664720000,664800000,5412,1542
8310,664800000,664880000,4425,1744
8311,664880000,664960000,6527,2040
8312,664960000,665040000,8028,2369
8313,665040000,665120000,8558,2410
8314,665120000,665200000,4362,1542
8315,665200000,665280000,6775,2442
8316,665280000,665360000,6961,1855
8317,665360000,665440000,10340,2982
8318,665440000,665520000,5412,1659
8319,665520000,665600000,4549,1809
8320,665600000,665680000,6872,2159
8321,665680000,665760000,7930,2403
8322,665760000,665840000,8958,2416
8323,665840000,665920000,4874,1525
8324,665920000,666000000,6686,2446
8325,666000000,666080000,6761,1856
8326,666080000,666160000,10494,2978
8327,666160000,666240000,5207,1658
8328,666240000,666320000,4690,1808
8329,666320000,666400000,6838,2163
8330,666400000,666480000,7959,2403
8331,666480000,666560000,8653,2419
8332,666560000,666640000,4534,1547
8333,666640000,666720000,6396,2434
8334,666720000,666800000,6588,1850
8335,666800000,666880000,5945,2157
8336,666880000,666960000,8596,2634
8337,666960000,667040000,6347,2304
8338,667040000,667120000,11278,3624
8339,667120000,667200000,5386,1641
8340,667200000,667280000,4783,1796
8341,667280000,667360000,6622,2156
8342,667360000,667440000,6650,1948
8343,667440000,667520000,9751,2704
8344,667520000,667600000,4756,1647
8345,667600000,667680000,6520,2376
8346,667680000,667760000,5763,1627
8347,667760000,667840000,11435,3188
8348,667840000,667920000,5527,1694
8349,667920000,668000000,4536,1795
8350,668000000,668080000,6982,2240
8351,668080000,668160000,6803,2002
8352,668160000,668240000,9542,2694
8353,668240000,668320000,4939,1673
8354,668320000,668400000,6107,2215
8355,668400000,668480000,5602,1559
8356,668480000,668560000,10871,3171
8357,668560000,668640000,5425,1645
8358,668640000,668720000,4375,1739
8359,668720000,668800000,6991,2233
8360,668800000,668880000,6604,2007
8361,668880000,668960000,9705,2700
8362,668960000,669040000,4822,1521
8363,669040000,669120000,6677,2329
8364,669120000,669200000,5959,1633
8365,669200000,669280000,11137,3193
8366,669280000,669360000,5981,1695
8367,669360000,669440000,4632,1732
8368,669440000,669520000,6976,2225
8369,669520000,669600000,6756,2000
8370,669600000,669680000,9351,2699
8371,669680000,669760000,5286,1676
8372,669760000,669840000,6428,2383
8373,669840000,669920000,5750,1639
8374,669920000,670000000,10972,3182
8375,670000000,670080000,5820,1705
8376,670080000,670160000,4275,1798
8377,670160000,670240000,6980,2251
8378,670240000,670320000,7032,2002
8379,670320000,670400000,9668,2692
8380,670400000,670480000,5027,1675
8381,670480000,670560000,6267,2387
8382,670560000,670640000,6289,1642
8383,670640000,670720000,11095,3144
8384,670720000,670800000,5158,1591
8385,670800000,670880000,4101,1701
8386,670880000,670960000,6898,2124
8387,670960000,671040000,6987,1957
8388,671040000,671120000,9291,2688
8389,671120000,671200000,4854,1673
8390,671200000,671280000,6449,2388
8391,671280000,671360000,5980,1633
8392,671360000,671440000,10990,3185
8393,671440000,671520000,6008,1704
8394,671520000,671600000,4629,1794
8395,671600000,671680000,6996,2239
8396,671680000,671760000,6837,1998
8397,671760000,671840000,9735,2694
8398,671840000,671920000,5180,1670
8399,671920000,672000000,6341,2383
8400,672000000,672080000,6135,1625
8401,672080000,672160000,11003,3163
8402,672160000,672240000,5140,1695
8403,672240000,672320000,4395,1778
8404,672320000,672400000,6501,2240
8405,672400000,672480000,6392,1995
8406,672480000,672560000,9402,2678
8407,672560000,672640000,4596,1671
8408,672640000,672720000,6692,2380
8409,672720000,672800000,5588,1625
8410,672800000,672880000,6254,2206
8411,672880000,672960000,8824,2744
8412,672960000,673040000,6439,2184
8413,673040000,673120000,11016,3692
8414,673120000,673200000,5647,1667
8415,673200000,673280000,4941,1871
8416,673280000,673360000,6311,2215
8417,673360000,673440000,5339,1518
8418,673440000,673520000,10814,3180
8419,673520000,673600000,4553,1514
8420,673600000,673680000,6039,2337
8421,673680000,673760000,5061,1661
8422,673760000,673840000,11089,3144
8423,673840000,673920000,5515,1713
8424,673920000,674000000,4911,1874
8425,674000000,674080000,6938,2280
8426,674080000,674160000,6010,1592
8427,674160000,674240000,10683,3188
8428,674240000,674320000,4484,1500
8429,674320000,674400000,6156,2324
8430,674400000,674480000,5459,1662
8431,674480000,674560000,10430,3141
8432,674560000,674640000,6349,1738
8433,674640000,674720000,5239,1875
8434,674720000,674800000,6533,2282
8435,674800000,674880000,5833,1593
8436,674880000,674960000,11094,3186
8437,674960000,675040000,4998,1517
8438,675040000,675120000,6256,2328
8439,675120000,675200000,5955,1671
8440,675200000,675280000,10897,3137
8441,675280000,675360000,6078,1736
8442,675360000,675440000,5005,1877
8443,675440000,675520000,6901,2288
8444,675520000,675600000,6186,1600
8445,675600000,675680000,10856,3167
8446,675680000,675760000,4745,1518
8447,675760000,675840000,5817,2186
8448,675840000,675920000,5586,1581
8449,675920000,676000000,10830,3099
8450,676000000,676080000,5972,1676
8451,676080000,676160000,4907,1828
8452,676160000,676240000,6962,2259
8453,676240000,676320000,6177,1596
8454,676320000,676400000,10969,3168
8455,676400000,676480000,4628,1403
8456,676480000,676560000,6139,2242
8457,676560000,676640000,5902,1667
8458,676640000,676720000,11141,3103
8459,676720000,676800000,5844,1640
8460,676800000,676880000,4727,1723
8461,676880000,676960000,6446,2184
8462,676960000,677040000,6047,1523
8463,677040000,677120000,10694,3158
8464,677120000,677200000,5025,1519
8465,677200000,677280000,6149,2327
8466,677280000,677360000,5918,1675
8467,677360000,677440000,10733,3128
8468,677440000,677520000,6007,1737
8469,677520000,677600000,4791,1875
8470,677600000,677680000,6629,2293
8471,677680000,677760000,5993,1591
8472,677760000,677840000,11034,3166
8473,677840000,677920000,4803,1523
8474,677920000,678000000,5967,2334
8475,678000000,678080000,5956,1670
8476,678080000,678160000,10904,3131
8477,678160000,678240000,5703,1728
8478,678240000,678320000,4671,1854
8479,678320000,678400000,6677,2280
8480,678400000,678480000,5740,1587
8481,678480000,678560000,10856,3166
8482,678560000,678640000,4769,1523
8483,678640000,678720000,6161,2335
8484,678720000,678800000,5601,1658
8485,678800000,678880000,6633,2197
8486,678880000,678960000,8905,2757
8487,678960000,679040000,6071,2015
8488,679040000,679120000,10293,3709
8489,679120000,679200000,7029,1932
8490,679200000,679280000,4234,1557
8491,679280000,679360000,6330,2388
8492,679360000,679440000,5338,1606
8493,679440000,679520000,10957,3150
8494,679520000,679600000,4543,1488
8495,679600000,679680000,5830,2325
8496,679680000,679760000,5814,1827
8497,679760000,679840000,9500,2843
8498,679840000,679920000,7645,1993
8499,679920000,680000000,4308,1564
8500,680000000,680080000,6657,2420
8501,680080000,680160000,6005,1717
8502,680160000,680240000,10829,3144
8503,680240000,680320000,4957,1494
8504,680320000,680400000,6072,2325
8505,680400000,680480000,6342,1839
8506,680480000,680560000,9128,2849
8507,680560000,680640000,7173,1989
8508,680640000,680720000,4457,1566
8509,680720000,680800000,6649,2424
8510,680800000,680880000,6313,1717
8511,680880000,680960000,10555,3133
8512,680960000,681040000,4802,1492
8513,681040000,681120000,5780,2330
8514,681120000,681200000,6491,1834
8515,681200000,681280000,9289,2837
8516,681280000,681360000,7109,1967
8517,681360000,681440000,4464,1566
8518,681440000,681520000,7194,2426
8519,681520000,681600000,6421,1725
8520,681600000,681680000,10570,3135
8521,681680000,681760000,4528,1456
8522,681760000,681840000,5734,2326
8523,681840000,681920000,6120,1823
8524,681920000,682000000,9130,2824
8525,682000000,682080000,7575,1983
8526,682080000,682160000,4929,1570
8527,682160000,682240000,6868,2428
8528,682240000,682320000,6397,1723
8529,682320000,682400000,11190,3134
8530,682400000,682480000,5257,1494
8531,682480000,682560000,5898,2323
8532,682560000,682640000,6652,1839
8533,682640000,682720000,9524,2809
8534,682720000,682800000,7436,1885
8535,682800000,682880000,4277,1476
8536,682880000,682960000,6496,2319
8537,682960000,683040000,6428,1630
8538,683040000,683120000,11037,3118
8539,683120000,683200000,4997,1486
8540,683200000,683280000,5585,2187
8541,683280000,683360000,6496,1739
8542,683360000,683440000,9266,2801
8543,683440000,683520000,7393,1920
8544,683520000,683600000,4419,1533
8545,683600000,683680000,6872,2364
8546,683680000,683760000,6694,1715
8547,683760000,683840000,10998,3118
8548,683840000,683920000,4856,1406
8549,683920000,684000000,5889,2202
8550,684000000,684080000,6535,1814
8551,684080000,684160000,9418,2834
8552,684160000,684240000,7359,1984
8553,684240000,684320000,4461,1499
8554,684320000,684400000,6602,2383
8555,684400000,684480000,5846,1689
8556,684480000,684560000,10896,3124
8557,684560000,684640000,4722,1490
8558,684640000,684720000,5869,2323
8559,684720000,684800000,6164,1825
8560,684800000,684880000,6446,2137
8561,684880000,684960000,8197,2776
8562,684960000,685040000,5715,1871
8563,685040000,685120000,9052,3290
8564,685120000,685200000,8657,2348
8565,685200000,685280000,3939,1361
8566,685280000,685360000,6557,2378
8567,685360000,685440000,5810,1707
8568,685440000,685520000,10636,2998
8569,685520000,685600000,5309,1660
8570,685600000,685680000,4542,1747
8571,685680000,685760000,6207,2111
8572,685760000,685840000,8081,2414
8573,685840000,685920000,8738,2430
8574,685920000,686000000,4866,1550
8575,686000000,686080000,6624,2432
8576,686080000,686160000,6593,1848
8577,686160000,686240000,10266,2997
8578,686240000,686320000,5649,1680
8579,686320000,686400000,4403,1813
8580,686400000,686480000,6296,2163
8581,686480000,686560000,7423,2420
8582,686560000,686640000,8633,2436
8583,686640000,686720000,4520,1554
8584,686720000,686800000,6369,2445
8585,686800000,686880000,5694,1848
8586,686880000,686960000,10254,2982
8587,686960000,687040000,5594,1680
8588,687040000,687120000,4623,1809
8589,687120000,687200000,6887,2163
8590,687200000,687280000,7853,2416
8591,687280000,687360000,8978,2428
8592,687360000,687440000,4623,1555
8593,687440000,687520000,6728,2446
8594,687520000,687600000,6599,1847
8595,687600000,687680000,10212,2982
8596,687680000,687760000,5719,1674
8597,687760000,687840000,4718,1809
8598,687840000,687920000,7138,2169
8599,687920000,688000000,7873,2413
8600,688000000,688080000,8912,2418
8601,688080000,688160000,4761,1545
8602,688160000,688240000,6588,2444
8603,688240000,688320000,6451,1855
8604,688320000,688400000,10406,2973
8605,688400000,688480000,5809,1675
8606,688480000,688560000,4585,1812
8607,688560000,688640000,7021,2159
8608,688640000,688720000,8130,2412
8609,688720000,688800000,8604,2312
8610,688800000,688880000,4290,1451
8611,688880000,688960000,6588,2344
8612,688960000,689040000,6417,1747
8613,689040000,689120000,10259,2979
8614,689120000,689200000,5346,1656
8615,689200000,689280000,4520,1809
8616,689280000,689360000,6955,2149
8617,689360000,689440000,7983,2408
8618,689440000,689520000,8945,2426
8619,689520000,689600000,4746,1545
8620,689600000,689680000,6589,2438
8621,689680000,689760000,7037,1853
8622,689760000,689840000,10680,2979
8623,689840000,689920000,5585,1675
8624,689920000,690000000,4740,1808
8625,690000000,690080000,7023,2162
8626,690080000,690160000,8143,2410
8627,690160000,690240000,8735,2420
8628,690240000,690320000,4358,1525
8629,690320000,690400000,6406,2434
8630,690400000,690480000,6089,1847
8631,690480000,690560000,10587,2971
8632,690560000,690640000,5184,1673
8633,690640000,690720000,4334,1677
8634,690720000,690800000,6330,2043
8635,690800000,690880000,6445,2121
8636,690880000,690960000,7560,2589
8637,690960000,691040000,6503,2132
8638,691040000,691120000,7902,2925
8639,691120000,691200000,9677,2689
8640,691200000,691280000,5088,1635
8641,691280000,691360000,6400,2368
8642,691360000,691440000,4909,1497
8643,691440000,691520000,11360,3195
8644,691520000,691600000,5558,1691
8645,691600000,691680000,4451,1795
8646,691680000,691760000,6684,2240
8647,691760000,691840000,6616,2004
8648,691840000,691920000,9999,2706
8649,691920000,692000000,5075,1669
8650,692000000,692080000,6082,2213
8651,692080000,692160000,5371,1552
8652,692160000,692240000,11174,3167
8653,692240000,692320000,5281,1632
8654,692320000,692400000,4292,1711
8655,692400000,692480000,6824,2222
8656,692480000,692560000,6558,2009
8657,692560000,692640000,9505,2701
8658,692640000,692720000,4411,1518
8659,692720000,692800000,6468,2327
8660,692800000,692880000,5334,1626
8661,692880000,692960000,11002,3186
8662,692960000,693040000,5760,1688
8663,693040000,693120000,4612,1732
8664,693120000,693200000,6918,2216
8665,693200000,693280000,6581,2000
8666,693280000,693360000,9508,2694
8667,693360000,693440000,5242,1670
8668,693440000,693520000,6556,2382
8669,693520000,693600000,5812,1634
8670,693600000,693680000,10869,3178
8671,693680000,693760000,5455,1694
8672,693760000,693840000,4222,1798
8673,693840000,693920000,6814,2252
8674,693920000,694000000,6614,2006
8675,694000000,694080000,9576,2697
8676,694080000,694160000,5208,1679
8677,694160000,694240000,6260,2387
8678,694240000,694320000,5671,1634
8679,694320000,694400000,11132,3172
8680,694400000,694480000,5935,1699
8681,694480000,694560000,4418,1795
8682,694560000,694640000,7167,2246
8683,694640000,694720000,6765,2003
8684,694720000,694800000,9470,2606
8685,694800000,694880000,4833,1560
8686,694880000,694960000,6277,2309
8687,694960000,695040000,5374,1521
8688,695040000,695120000,11001,3161
8689,695120000,695200000,5799,1694
8690,695200000,695280000,4577,1794
8691,695280000,695360000,7064,2252
8692,695360000,695440000,6676,2002
8693,695440000,695520000,9511,2694
8694,695520000,695600000,5078,1644
8695,695600000,695680000,6454,2385
8696,695680000,695760000,5731,1633
8697,695760000,695840000,11001,3165
8698,695840000,695920000,5749,1694
8699,695920000,696000000,4628,1798
8700,696000000,696080000,6984,2239
8701,696080000,696160000,6962,2005
8702,696160000,696240000,9335,2668
8703,696240000,696320000,4349,1652
8704,696320000,696400000,6525,2379
8705,696400000,696480000,6019,1632
8706,696480000,696560000,11086,3170
8707,696560000,696640000,5368,1695
8708,696640000,696720000,4309,1781
8709,696720000,696800000,6774,2227
8710,696800000,696880000,6483,1990
8711,696880000,696960000,6749,2315
8712,696960000,697040000,7205,2348
8713,697040000,697120000,7507,2719
8714,697120000,697200000,10713,3166
8715,697200000,697280000,4507,1459
8716,697280000,697360000,5935,2316
8717,697360000,697440000,4651,1543
8718,697440000,697520000,11063,3135
8719,697520000,697600000,5423,1717
8720,697600000,697680000,4801,1871
8721,697680000,697760000,6744,2279
8722,697760000,697840000,5916,1597
8723,697840000,697920000,11293,3181
8724,697920000,698000000,4675,1502
8725,698000000,698080000,6112,2322
8726,698080000,698160000,5601,1657
8727,698160000,698240000,10919,3140
8728,698240000,698320000,5942,1729
8729,698320000,698400000,5146,1875
8730,698400000,698480000,6700,2282
8731,698480000,698560000,5894,1603
8732,698560000,698640000,10581,3182
8733,698640000,698720000,4857,1525
8734,698720000,698800000,6178,2330
8735,698800000,698880000,5413,1667
8736,698880000,698960000,10802,3136
8737,698960000,699040000,6224,1737
8738,699040000,699120000,5104,1877
8739,699120000,699200000,6855,2280
8740,699200000,699280000,6234,1604
8741,699280000,699360000,11085,3175
8742,699360000,699440000,5008,1518
8743,699440000,699520000,5883,2185
8744,699520000,699600000,5701,1579
8745,699600000,699680000,10862,3099
8746,699680000,699760000,5684,1675
8747,699760000,699840000,4715,1821
8748,699840000,699920000,6936,2259
8749,699920000,700000000,5998,1594
8750,700000000,700080000,11007,3157
8751,700080000,700160000,4559,1399
8752,700160000,700240000,6217,2242
8753,700240000,700320000,5750,1664
8754,700320000,700400000,10997,3121
8755,700400000,700480000,6310,1729
8756,700480000,700560000,5020,1793
8757,700560000,700640000,6656,2252
8758,700640000,700720000,5934,1593
8759,700720000,700800000,10688,3087
8760,700800000,700880000,4858,1401
8761,700880000,700960000,5915,2257
8762,700960000,701040000,5142,1556
8763,701040000,701120000,10752,3111
8764,701120000,701200000,5906,1729
8765,701200000,701280000,4724,1873
8766,701280000,701360000,6713,2293
8767,701360000,701440000,5734,1599
8768,701440000,701520000,10706,3170
8769,701520000,701600000,4823,1518
8770,701600000,701680000,5878,2332
8771,701680000,701760000,5658,1669
8772,701760000,701840000,11019,3125
8773,701840000,701920000,6175,1726
8774,701920000,702000000,4910,1875
8775,702000000,702080000,6994,2290
8776,702080000,702160000,6280,1595
8777,702160000,702240000,10850,3166
8778,702240000,702320000,4490,1500
8779,702320000,702400000,6000,2335
8780,702400000,702480000,5673,1668
8781,702480000,702560000,10928,3121
8782,702560000,702640000,6037,1724
8783,702640000,702720000,5066,1875
8784,702720000,702800000,7058,2290
8785,702800000,702880000,5859,1612
8786,702880000,702960000,6706,2323
8787,702960000,703040000,8296,2607
8788,703040000,703120000,7201,2585
8789,703120000,703200000,11121,3331
8790,703200000,703280000,4379,1442
8791,703280000,703360000,5810,2312
8792,703360000,703440000,5565,1704
8793,703440000,703520000,9484,2831
8794,703520000,703600000,7374,1984
8795,703600000,703680000,4197,1561
8796,703680000,703760000,6603,2417
8797,703760000,703840000,6093,1720
8798,703840000,703920000,11257,3150
8799,703920000,704000000,4981,1490
8800,704000000,704080000,6159,2327
8801,704080000,704160000,6268,1827
8802,704160000,704240000,9456,2840
8803,704240000,704320000,7426,1991
8804,704320000,704400000,4615,1570
8805,704400000,704480000,6799,2424
8806,704480000,704560000,6092,1728
8807,704560000,704640000,10715,3150
8808,704640000,704720000,5050,1496
8809,704720000,704800000,5737,2328
8810,704800000,704880000,5989,1840
8811,704880000,704960000,9228,2843
8812,704960000,705040000,7488,1972
8813,705040000,705120000,4558,1565
8814,705120000,705200000,7129,2424
8815,705200000,705280000,6487,1728
8816,705280000,705360000,10944,3136
8817,705360000,705440000,4770,1474
8818,705440000,705520000,5834,2326
8819,705520000,705600000,6019,1820
8820,705600000,705680000,9297,2833
8821,705680000,705760000,7165,1979
8822,705760000,705840000,4754,1570
8823,705840000,705920000,6770,2430
8824,705920000,706000000,6336,1720
8825,706000000,706080000,10871,3129
8826,706080000,706160000,5066,1495
8827,706160000,706240000,5897,2323
8828,706240000,706320000,6662,1841
8829,706320000,706400000,9515,2829
8830,706400000,706480000,7715,1988
8831,706480000,706560000,4683,1562
8832,706560000,706640000,7047,2426
8833,706640000,706720000,6610,1728
8834,706720000,706800000,11090,3070
8835,706800000,706880000,4831,1355
8836,706880000,706960000,5432,2127
8837,706960000,707040000,6132,1644
8838,707040000,707120000,9384,2793
8839,707120000,707200000,7446,1920
8840,707200000,707280000,4437,1530
8841,707280000,707360000,6897,2364
8842,707360000,707440000,6569,1718
8843,707440000,707520000,10985,3120
8844,707520000,707600000,4784,1404
8845,707600000,707680000,5811,2204
8846,707680000,707760000,6541,1809
8847,707760000,707840000,9438,2824
8848,707840000,707920000,7586,1977
8849,707920000,708000000,4587,1517
8850,708000000,708080000,6645,2383
8851,708080000,708160000,6080,1690
8852,708160000,708240000,10830,3120
8853,708240000,708320000,4418,1470
8854,708320000,708400000,5845,2323
8855,708400000,708480000,6142,1823
8856,708480000,708560000,9378,2824
8857,708560000,708640000,7151,1976
8858,708640000,708720000,4289,1563
8859,708720000,708800000,6500,2420
8860,708800000,708880000,6077,1747
8861,708880000,708960000,6153,2188
8862,708960000,709040000,8860,2736
8863,709040000,709120000,6991,2363
8864,709120000,709200000,11263,3455
8865,709200000,709280000,5196,1612
8866,709280000,709360000,4586,1750
8867,709360000,709440000,5812,1988
8868,709440000,709520000,7784,2367
8869,709520000,709600000,8865,2412
8870,709600000,709680000,4618,1546
8871,709680000,709760000,6429,2432
8872,709760000,709840000,6086,1823
8873,709840000,709920000,10809,3002
8874,709920000,710000000,5239,1678
8875,710000000,710080000,4541,1812
8876,710080000,710160000,6582,2153
8877,710160000,710240000,7959,2415
8878,710240000,710320000,8542,2428
8879,710320000,710400000,4125,1542
8880,710400000,710480000,6514,2444
8881,710480000,710560000,6379,1855
8882,710560000,710640000,10325,3000
8883,710640000,710720000,4726,1678
8884,710720000,710800000,4516,1808
8885,710800000,710880000,6929,2169
8886,710880000,710960000,7887,2415
8887,710960000,711040000,8915,2426
8888,711040000,711120000,4512,1551
8889,711120000,711200000,6764,2446
8890,711200000,711280000,6519,1854
8891,711280000,711360000,10543,2996
8892,711360000,711440000,5744,1677
8893,711440000,711520000,4865,1809
8894,711520000,711600000,7194,2165
8895,711600000,711680000,8004,2410
8896,711680000,711760000,8795,2414
8897,711760000,711840000,4496,1555
8898,711840000,711920000,6496,2440
8899,711920000,712000000,6673,1856
8900,712000000,712080000,10301,2981
8901,712080000,712160000,5317,1678
8902,712160000,712240000,4624,1812
8903,712240000,712320000,7060,2159
8904,712320000,712400000,8153,2407
8905,712400000,712480000,8946,2412
8906,712480000,712560000,4630,1554
8907,712560000,712640000,6874,2432
8908,712640000,712720000,6824,1855
8909,712720000,712800000,10615,2943
8910,712800000,712880000,5119,1548
8911,712880000,712960000,4398,1740
8912,712960000,713040000,6664,2028
8913,713040000,713120000,7883,2367
8914,713120000,713200000,8880,2418
8915,713200000,713280000,4952,1551
8916,713280000,713360000,6636,2438
8917,713360000,713440000,6733,1848
8918,713440000,713520000,10450,2980
8919,713520000,713600000,5815,1673
8920,713600000,713680000,4677,1805
8921,713680000,713760000,7017,2157
8922,713760000,713840000,8079,2407
8923,713840000,713920000,9083,2418
8924,713920000,714000000,4626,1547
8925,714000000,714080000,6546,2434
8926,714080000,714160000,6785,1848
8927,714160000,714240000,10669,2976
8928,714240000,714320000,5011,1658
8929,714320000,714400000,4376,1701
8930,714400000,714480000,6718,2044
8931,714480000,714560000,8201,2373
8932,714560000,714640000,8550,2356
8933,714640000,714720000,4209,1528
8934,714720000,714800000,6456,2359
8935,714800000,714880000,6871,1845
8936,714880000,714960000,6054,2156
8937,714960000,715040000,8217,2636
8938,715040000,715120000,6245,2306
8939,715120000,715200000,11182,3616
8940,715200000,715280000,5313,1640
8941,715280000,715360000,4555,1793
8942,715360000,715440000,6544,2155
8943,715440000,715520000,6365,1948
8944,715520000,715600000,9878,2696
8945,715600000,715680000,4682,1665
8946,715680000,715760000,6146,2212
8947,715760000,715840000,5040,1552
8948,715840000,715920000,11499,3161
8949,715920000,716000000,5275,1641
8950,716000000,716080000,4478,1739
8951,716080000,716160000,6949,2220
8952,716160000,716240000,6711,2002
8953,716240000,716320000,9591,2697
8954,716320000,716400000,4440,1519
8955,716400000,716480000,6465,2324
8956,716480000,716560000,5182,1621
8957,716560000,716640000,10998,3189
8958,716640000,716720000,5410,1689
8959,716720000,716800000,4492,1736
8960,716800000,716880000,6549,2209
8961,716880000,716960000,6425,2002
8962,716960000,717040000,9617,2703
8963,717040000,717120000,5010,1668
8964,717120000,717200000,6487,2382
8965,717200000,717280000,5744,1640
8966,717280000,717360000,11178,3191
8967,717360000,717440000,5511,1699
8968,717440000,717520000,4352,1798
8969,717520000,717600000,6861,2250
8970,717600000,717680000,6853,2011
8971,717680000,717760000,9455,2691
8972,717760000,717840000,4793,1670
8973,717840000,717920000,6121,2387
8974,717920000,718000000,5739,1639
8975,718000000,718080000,11020,3179
8976,718080000,718160000,5533,1698
8977,718160000,718240000,4422,1795
8978,718240000,718320000,7175,2253
8979,718320000,718400000,6979,2001
8980,718400000,718480000,9857,2690
8981,718480000,718560000,4977,1674
8982,718560000,718640000,6644,2390
8983,718640000,718720000,6090,1640
8984,718720000,718800000,11225,3147
8985,718800000,718880000,5358,1590
8986,718880000,718960000,4410,1704
8987,718960000,719040000,6843,2132
8988,719040000,719120000,6577,1950
8989,719120000,719200000,9450,2690
8990,719200000,719280000,5132,1671
8991,719280000,719360000,6474,2387
8992,719360000,719440000,5749,1632
8993,719440000,719520000,11075,3181
8994,719520000,719600000,5678,1705
8995,719600000,719680000,4468,1798
8996,719680000,719760000,6793,2239
8997,719760000,719840000,6823,2003
8998,719840000,719920000,9788,2662
8999,719920000,720000000,5177,1677
9000,720000000,720080000,6764,2378
9001,720080000,720160000,5728,1631
9002,720160000,720240000,11203,3174
9003,720240000,720320000,5581,1696
9004,720320000,720400000,4218,1737
9005,720400000,720480000,6446,2227
9006,720480000,720560000,6516,1995
9007,720560000,720640000,9433,2688
9008,720640000,720720000,5420,1674
9009,720720000,720800000,6421,2387
9010,720800000,720880000,5494,1623
9011,720880000,720960000,6196,2207
9012,720960000,721040000,8131,2744
9013,721040000,721120000,6219,2184
9014,721120000,721200000,10949,3689
9015,721200000,721280000,5386,1652
9016,721280000,721360000,4850,1871
9017,721360000,721440000,6627,2210
9018,721440000,721520000,5425,1518
9019,721520000,721600000,10794,3172
9020,721600000,721680000,4603,1500
9021,721680000,721760000,6040,2325
9022,721760000,721840000,5124,1654
9023,721840000,721920000,10936,3142
9024,721920000,722000000,6129,1737
9025,722000000,722080000,5431,1876
9026,722080000,722160000,6679,2283
9027,722160000,722240000,5857,1592
9028,722240000,722320000,10484,3186
9029,722320000,722400000,4835,1518
9030,722400000,722480000,6176,2328
9031,722480000,722560000,5293,1667
9032,722560000,722640000,10457,3141
9033,722640000,722720000,6071,1737
9034,722720000,722800000,4767,1874
9035,722800000,722880000,6678,2287
9036,722880000,722960000,5838,1599
9037,722960000,723040000,11242,3174
9038,723040000,723120000,5128,1521
9039,723120000,723200000,5934,2185
9040,723200000,723280000,5735,1582
9041,723280000,723360000,10970,3107
9042,723360000,723440000,6168,1674
9043,723440000,723520000,4883,1821
9044,723520000,723600000,7001,2259
9045,723600000,723680000,6113,1601
9046,723680000,723760000,10932,3169
9047,723760000,723840000,4412,1397
9048,723840000,723920000,6063,2243
9049,723920000,724000000,5627,1675
9050,724000000,724080000,10861,3126
9051,724080000,724160000,6200,1735
9052,724160000,724240000,5091,1818
9053,724240000,724320000,6635,2249
9054,724320000,724400000,5998,1586
9055,724400000,724480000,11128,3172
9056,724480000,724560000,4939,1525
9057,724560000,724640000,6126,2329
9058,724640000,724720000,5894,1678
9059,724720000,724800000,10993,3101
9060,724800000,724880000,5543,1639
9061,724880000,724960000,4472,1784
9062,724960000,725040000,6438,2186
9063,725040000,725120000,5776,1524
9064,725120000,725200000,10856,3164
9065,725200000,725280000,4516,1500
9066,725280000,725360000,5936,2327
9067,725360000,725440000,5563,1679
9068,725440000,725520000,10740,3122
9069,725520000,725600000,6148,1735
9070,725600000,725680000,4811,1877
9071,725680000,725760000,6826,2288
9072,725760000,725840000,5827,1595
9073,725840000,725920000,11134,3164
9074,725920000,726000000,5147,1519
9075,726000000,726080000,6283,2336
9076,726080000,726160000,5745,1674
9077,726160000,726240000,10985,3130
9078,726240000,726320000,6020,1727
9079,726320000,726400000,4994,1855
9080,726400000,726480000,6712,2283
9081,726480000,726560000,6064,1595
9082,726560000,726640000,10938,3168
9083,726640000,726720000,4883,1519
9084,726720000,726800000,6112,2331
9085,726800000,726880000,5845,1670
9086,726880000,726960000,6487,2198
9087,726960000,727040000,8348,2757
9088,727040000,727120000,6031,2015
9089,727120000,727200000,10199,3707
9090,727200000,727280000,7155,1931
9091,727280000,727360000,4354,1557
9092,727360000,727440000,6696,2392
9093,727440000,727520000,5350,1606
9094,727520000,727600000,10879,3142
9095,727600000,727680000,4922,1488
9096,727680000,727760000,6041,2325
9097,727760000,727840000,5797,1825
9098,727840000,727920000,9475,2844
9099,727920000,728000000,7420,1988
9100,728000000,728080000,4622,1564
9101,728080000,728160000,6670,2416
9102,728160000,728240000,6089,1713
9103,728240000,728320000,10577,3140
9104,728320000,728400000,4815,1488
9105,728400000,728480000,5769,2330
9106,728480000,728560000,6394,1840
9107,728560000,728640000,8998,2848
9108,728640000,728720000,7016,1973
9109,728720000,728800000,4340,1569
9110,728800000,728880000,7155,2426
9111,728880000,728960000,6144,1725
9112,728960000,729040000,10526,3141
9113,729040000,729120000,4731,1480
9114,729120000,729200000,5922,2326
9115,729200000,729280000,6447,1828
9116,729280000,729360000,9272,2838
9117,729360000,729440000,7200,1989
9118,729440000,729520000,4873,1565
9119,729520000,729600000,6925,2430
9120,729600000,729680000,6451,1725
9121,729680000,729760000,10430,3137
9122,729760000,729840000,4889,1488
9123,729840000,729920000,5811,2321
9124,729920000,730000000,6258,1839
9125,730000000,730080000,9237,2835
9126,730080000,730160000,7591,1982
9127,730160000,730240000,4534,1546
9128,730240000,730320000,6826,2426
9129,730320000,730400000,6592,1723
9130,730400000,730480000,11425,3122
9131,730480000,730560000,5177,1496
9132,730560000,730640000,5658,2189
9133,730640000,730720000,6279,1731
9134,730720000,730800000,9409,2776
9135,730800000,730880000,7732,1871
9136,730880000,730960000,4289,1458
9137,730960000,731040000,6655,2267
9138,731040000,731120000,6065,1622
9139,731120000,731200000,11125,3120
9140,731200000,731280000,4730,1402
9141,731280000,731360000,5832,2204
9142,731360000,731440000,6506,1816
9143,731440000,731520000,9274,2830
9144,731520000,731600000,7823,1990
9145,731600000,731680000,4392,1515
9146,731680000,731760000,6623,2383
9147,731760000,731840000,5871,1689
9148,731840000,731920000,11160,3122
9149,731920000,732000000,4997,1490
9150,732000000,732080000,5952,2323
9151,732080000,732160000,6389,1827
9152,732160000,732240000,9481,2831
9153,732240000,732320000,7320,1982
9154,732320000,732400000,4211,1541
9155,732400000,732480000,6407,2420
9156,732480000,732560000,6283,1715
9157,732560000,732640000,11058,3120
9158,732640000,732720000,4697,1490
9159,732720000,732800000,5567,2327
9160,732800000,732880000,6361,1825
9161,732880000,732960000,6640,2138
9162,732960000,733040000,8331,2776
9163,733040000,733120000,5693,1888
9164,733120000,733200000,8922,3289
9165,733200000,733280000,8504,2365
9166,733280000,733360000,4480,1530
9167,733360000,733440000,6392,2422
9168,733440000,733520000,5677,1714
9169,733520000,733600000,10471,2996
9170,733600000,733680000,5189,1667
9171,733680000,733760000,4390,1813
9172,733760000,733840000,6469,2155
9173,733840000,733920000,7958,2416
9174,733920000,734000000,8705,2436
9175,734000000,734080000,4408,1550
9176,734080000,734160000,6274,2436
9177,734160000,734240000,6478,1844
9178,734240000,734320000,10299,3001
9179,734320000,734400000,4975,1674
9180,734400000,734480000,4562,1809
9181,734480000,734560000,6884,2155
9182,734560000,734640000,7782,2420
9183,734640000,734720000,8649,2438
9184,734720000,734800000,4232,1547
9185,734800000,734880000,6333,2438
9186,734880000,734960000,6438,1847
9187,734960000,735040000,10172,2992
9188,735040000,735120000,5426,1676
9189,735120000,735200000,4810,1785
9190,735200000,735280000,7185,2163
9191,735280000,735360000,8002,2416
9192,735360000,735440000,8798,2424
9193,735440000,735520000,4693,1549
9194,735520000,735600000,6568,2444
9195,735600000,735680000,6738,1855
9196,735680000,735760000,10020,2982
9197,735760000,735840000,5358,1679
9198,735840000,735920000,4497,1813
9199,735920000,736000000,6771,2167
9200,736000000,736080000,7850,2413
9201,736080000,736160000,8645,2404
9202,736160000,736240000,4514,1556
9203,736240000,736320000,6881,2440
9204,736320000,736400000,7016,1848
9205,736400000,736480000,10400,2983
9206,736480000,736560000,5484,1665
9207,736560000,736640000,4631,1808
9208,736640000,736720000,6973,2149
9209,736720000,736800000,7987,2408
9210,736800000,736880000,8500,2322
9211,736880000,736960000,4577,1454
9212,736960000,737040000,6405,2358
9213,737040000,737120000,6276,1734
9214,737120000,737200000,10186,2981
9215,737200000,737280000,5473,1674
9216,737280000,737360000,4706,1805
9217,737360000,737440000,7050,2161
9218,737440000,737520000,7923,2408
9219,737520000,737600000,8880,2420
9220,737600000,737680000,4656,1555
9221,737680000,737760000,6607,2434
9222,737760000,737840000,6886,1847
9223,737840000,737920000,10869,2969
9224,737920000,738000000,5802,1675
9225,738000000,738080000,4474,1701
9226,738080000,738160000,6773,2044
9227,738160000,738240000,8055,2380
9228,738240000,738320000,8980,2352
9229,738320000,738400000,4486,1506
9230,738400000,738480000,6364,2360
9231,738480000,738560000,6723,1848
9232,738560000,738640000,10692,2977
9233,738640000,738720000,5235,1601
9234,738720000,738800000,4457,1678
9235,738800000,738880000,6703,2131
9236,738880000,738960000,6529,2152
9237,738960000,739040000,7317,2589
9238,739040000,739120000,6376,2135
9239,739120000,739200000,7786,2925
9240,739200000,739280000,9471,2686
9241,739280000,739360000,4656,1633
9242,739360000,739440000,6070,2186
9243,739440000,739520000,4525,1337
9244,739520000,739600000,11249,3156
9245,739600000,739680000,5046,1638
9246,739680000,739760000,4387,1735
9247,739760000,739840000,6563,2169
9248,739840000,739920000,6417,1954
9249,739920000,740000000,9924,2693
9250,740000000,740080000,4517,1520
9251,740080000,740160000,6471,2323
9252,740160000,740240000,5606,1618
9253,740240000,740320000,11114,3189
9254,740320000,740400000,5221,1684
9255,740400000,740480000,4437,1732
9256,740480000,740560000,6689,2213
9257,740560000,740640000,6694,2001
9258,740640000,740720000,9230,2710
9259,740720000,740800000,4917,1674
9260,740800000,740880000,6336,2380
9261,740880000,740960000,5858,1631
9262,740960000,741040000,10878,3188
9263,741040000,741120000,5474,1700
9264,741120000,741200000,4429,1798
9265,741200000,741280000,6852,2244
9266,741280000,741360000,6837,2010
9267,741360000,741440000,9438,2704
9268,741440000,741520000,5060,1676
9269,741520000,741600000,6125,2387
9270,741600000,741680000,6082,1639
9271,741680000,741760000,10830,3187
9272,741760000,741840000,5226,1695
9273,741840000,741920000,4256,1795
9274,741920000,742000000,7136,2252
9275,742000000,742080000,6772,2007
9276,742080000,742160000,9507,2699
9277,742160000,742240000,4957,1672
9278,742240000,742320000,6425,2391
9279,742320000,742400000,5957,1629
9280,742400000,742480000,11158,3171
9281,742480000,742560000,5650,1700
9282,742560000,742640000,4779,1798
9283,742640000,742720000,7268,2249
9284,742720000,742800000,7074,2005
9285,742800000,742880000,9303,2602
9286,742880000,742960000,4708,1560
9287,742960000,743040000,6167,2304
9288,743040000,743120000,5812,1520
9289,743120000,743200000,10832,3161
9290,743200000,743280000,5548,1694
9291,743280000,743360000,4441,1798
9292,743360000,743440000,7014,2250
9293,743440000,743520000,6792,2000
9294,743520000,743600000,9378,2680
9295,743600000,743680000,4866,1676
9296,743680000,743760000,6621,2382
9297,743760000,743840000,5863,1634
9298,743840000,743920000,11100,3172
9299,743920000,744000000,5512,1698
9300,744000000,744080000,4481,1781
9301,744080000,744160000,7245,2232
9302,744160000,744240000,6757,2001
9303,744240000,744320000,9144,2692
9304,744320000,744400000,4911,1648
9305,744400000,744480000,6475,2390
9306,744480000,744560000,5474,1629
9307,744560000,744640000,10838,3158
9308,744640000,744720000,5448,1695
9309,744720000,744800000,4525,1795
9310,744800000,744880000,6928,2245
9311,744880000,744960000,6270,1988
9312,744960000,745040000,6677,2316
9313,745040000,745120000,7033,2346
9314,745120000,745200000,7460,2719
9315,745200000,745280000,10690,3159
9316,745280000,745360000,4342,1466
9317,745360000,745440000,6116,2308
9318,745440000,745520000,4715,1538
9319,745520000,745600000,10814,3132
9320,745600000,745680000,6019,1724
9321,745680000,745760000,5252,1875
9322,745760000,745840000,6481,2282
9323,745840000,745920000,5570,1597
9324,745920000,746000000,10840,3179
9325,746000000,746080000,4869,1516
9326,746080000,746160000,6413,2329
9327,746160000,746240000,5359,1664
9328,746240000,746320000,10736,3125
9329,746320000,746400000,5691,1734
9330,746400000,746480000,4887,1874
9331,746480000,746560000,6681,2287
9332,746560000,746640000,5735,1603
9333,746640000,746720000,10546,3186
9334,746720000,746800000,4779,1525
9335,746800000,746880000,5789,2187
9336,746880000,746960000,5552,1584
9337,746960000,747040000,10768,3108
9338,747040000,747120000,5949,1678
9339,747120000,747200000,4961,1824
9340,747200000,747280000,7149,2262
9341,747280000,747360000,6146,1602
9342,747360000,747440000,10938,3165
9343,747440000,747520000,4699,1403
9344,747520000,747600000,6255,2243
9345,747600000,747680000,6074,1672
9346,747680000,747760000,10870,3134
9347,747760000,747840000,5886,1727
9348,747840000,747920000,4884,1814
9349,747920000,748000000,6644,2249
9350,748000000,748080000,5897,1584
9351,748080000,748160000,10590,3165
9352,748160000,748240000,5052,1526
9353,748240000,748320000,6166,2330
9354,748320000,748400000,5944,1671
9355,748400000,748480000,10978,3123
9356,748480000,748560000,6032,1731
9357,748560000,748640000,4917,1878
9358,748640000,748720000,6783,2290
9359,748720000,748800000,6102,1596
9360,748800000,748880000,10689,3097
9361,748880000,748960000,4538,1397
9362,748960000,749040000,5658,2260
9363,749040000,749120000,5121,1557
9364,749120000,749200000,10723,3114
9365,749200000,749280000,5792,1731
9366,749280000,749360000,4769,1872
9367,749360000,749440000,6773,2288
9368,749440000,749520000,5809,1598
9369,749520000,749600000,10510,3158
9370,749600000,749680000,4510,1514
9371,749680000,749760000,6077,2337
9372,749760000,749840000,5666,1668
9373,749840000,749920000,11006,3126
9374,749920000,750000000,6025,1723
9375,750000000,750080000,5222,1876
9376,750080000,750160000,7087,2282
9377,750160000,750240000,6094,1592
9378,750240000,750320000,10702,3164
9379,750320000,750400000,4793,1496
9380,750400000,750480000,6067,2331
9381,750480000,750560000,5054,1658
9382,750560000,750640000,10751,3121
9383,750640000,750720000,5964,1724
9384,750720000,750800000,4933,1875
9385,750800000,750880000,6536,2283
9386,750880000,750960000,5370,1615
9387,750960000,751040000,6442,2324
9388,751040000,751120000,8031,2607
9389,751120000,751200000,7110,2585
9390,751200000,751280000,10957,3320
9391,751280000,751360000,4501,1442
9392,751360000,751440000,6089,2316
9393,751440000,751520000,5422,1702
9394,751520000,751600000,9339,2830
9395,751600000,751680000,7297,1990
9396,751680000,751760000,4508,1564
9397,751760000,751840000,6674,2416
9398,751840000,751920000,5626,1720
9399,751920000,752000000,11023,3146
9400,752000000,752080000,4830,1486
9401,752080000,752160000,5852,2328
9402,752160000,752240000,5752,1822
9403,752240000,752320000,9327,2839
9404,752320000,752400000,7303,1974
9405,752400000,752480000,4243,1560
9406,752480000,752560000,7134,2426
9407,752560000,752640000,6270,1720
9408,752640000,752720000,10708,3150
9409,752720000,752800000,4585,1476
9410,752800000,752880000,5772,2324
9411,752880000,752960000,6484,1826
9412,752960000,753040000,9278,2842
9413,753040000,753120000,7396,1984
9414,753120000,753200000,4911,1566
9415,753200000,753280000,6939,2430
9416,753280000,753360000,6532,1726
9417,753360000,753440000,10742,3138
9418,753440000,753520000,5148,1494
9419,753520000,753600000,5933,2321
9420,753600000,753680000,6347,1839
9421,753680000,753760000,9185,2838
9422,753760000,753840000,7048,1985
9423,753840000,753920000,4475,1565
9424,753920000,754000000,6821,2426
9425,754000000,754080000,6114,1720
9426,754080000,754160000,10900,3131
9427,754160000,754240000,5106,1490
9428,754240000,754320000,5620,2189
9429,754320000,754400000,6438,1744
9430,754400000,754480000,9396,2790
9431,754480000,754560000,7206,1920
9432,754560000,754640000,4533,1539
9433,754640000,754720000,7107,2372
9434,754720000,754800000,6443,1726
9435,754800000,754880000,10972,3070
9436,754880000,754960000,4296,1263
9437,754960000,755040000,5608,2120
9438,755040000,755120000,6013,1699
9439,755120000,755200000,9305,2806
9440,755200000,755280000,7473,1981
9441,755280000,755360000,4545,1517
9442,755360000,755440000,6640,2383
9443,755440000,755520000,6123,1696
9444,755520000,755600000,10783,3128
9445,755600000,755680000,4799,1488
9446,755680000,755760000,5863,2321
9447,755760000,755840000,6374,1831
9448,755840000,755920000,9392,2825
9449,755920000,756000000,7285,1978
9450,756000000,756080000,4636,1566
9451,756080000,756160000,6638,2420
9452,756160000,756240000,6158,1720
9453,756240000,756320000,10774,3128
9454,756320000,756400000,4713,1470
9455,756400000,756480000,5514,2327
9456,756480000,756560000,5763,1827
9457,756560000,756640000,9290,2825
9458,756640000,756720000,7251,1981
9459,756720000,756800000,4348,1563
9460,756800000,756880000,6824,2416
9461,756880000,756960000,6146,1747
9462,756960000,757040000,6190,2189
9463,757040000,757120000,8674,2742
9464,757120000,757200000,6890,2383
9465,757200000,757280000,11043,3452
9466,757280000,757360000,5029,1620
9467,757360000,757440000,4500,1812
9468,757440000,757520000,6139,2054
9469,757520000,757600000,7773,2375
9470,757600000,757680000,8737,2426
9471,757680000,757760000,4395,1546
9472,757760000,757840000,6236,2433
9473,757840000,757920000,6252,1849
9474,757920000,758000000,10679,2994
9475,758000000,758080000,5288,1678
9476,758080000,758160000,4637,1808
9477,758160000,758240000,6849,2153
9478,758240000,758320000,8203,2415
9479,758320000,758400000,8608,2426
9480,758400000,758480000,4465,1555
9481,758480000,758560000,6503,2438
9482,758560000,758640000,6544,1852
9483,758640000,758720000,10116,3008
9484,758720000,758800000,5430,1682
9485,758800000,758880000,4761,1812
9486,758880000,758960000,6596,2159
9487,758960000,759040000,7794,2413
9488,759040000,759120000,8831,2435
9489,759120000,759200000,4816,1551
9490,759200000,759280000,6510,2441
9491,759280000,759360000,6243,1856
9492,759360000,759440000,10317,2996
9493,759440000,759520000,5594,1683
9494,759520000,759600000,4634,1813
9495,759600000,759680000,6830,2169
9496,759680000,759760000,7945,2414
9497,759760000,759840000,8458,2385
9498,759840000,759920000,4362,1525
9499,759920000,760000000,6712,2438
9500,760000000,760080000,6599,1857
9501,760080000,760160000,10301,2981
9502,760160000,760240000,5400,1664
9503,760240000,760320000,4533,1808
9504,760320000,760400000,7003,2159
9505,760400000,760480000,8165,2403
9506,760480000,760560000,8876,2424
9507,760560000,760640000,4891,1551
9508,760640000,760720000,6743,2448
9509,760720000,760800000,7284,1856
9510,760800000,760880000,10400,2947
9511,760880000,760960000,5054,1542
9512,760960000,761040000,4500,1740
9513,761040000,761120000,6833,2040
9514,761120000,761200000,8034,2369
9515,761200000,761280000,8663,2426
9516,761280000,761360000,4602,1545
9517,761360000,761440000,6662,2444
9518,761440000,761520000,6985,1854
9519,761520000,761600000,10426,2984
9520,761600000,761680000,5649,1677
9521,761680000,761760000,4405,1698
9522,761760000,761840000,6830,2051
9523,761840000,761920000,8055,2373
9524,761920000,762000000,8863,2358
9525,762000000,762080000,4621,1528
9526,762080000,762160000,6602,2360
9527,762160000,762240000,7008,1849
9528,762240000,762320000,10480,2978
9529,762320000,762400000,5291,1604
9530,762400000,762480000,4452,1678
9531,762480000,762560000,6696,2133
9532,762560000,762640000,7994,2405
9533,762640000,762720000,8691,2418
9534,762720000,762800000,4447,1509
9535,762800000,762880000,6392,2403
9536,762880000,762960000,6226,1805
9537,762960000,763040000,5903,2157
9538,763040000,763120000,8289,2636
9539,763120000,763200000,6292,2282
9540,763200000,763280000,11261,3598
9541,763280000,763360000,4689,1502
9542,763360000,763440000,4372,1733
9543,763440000,763520000,6515,2131
9544,763520000,763600000,6371,1948
9545,763600000,763680000,9662,2674
9546,763680000,763760000,4252,1479
9547,763760000,763840000,6403,2325
9548,763840000,763920000,5270,1621
9549,763920000,764000000,11434,3193
9550,764000000,764080000,5829,1685
9551,764080000,764160000,4722,1736
9552,764160000,764240000,6747,2211
9553,764240000,764320000,6816,1996
9554,764320000,764400000,9446,2702
9555,764400000,764480000,5233,1676
9556,764480000,764560000,6273,2378
9557,764560000,764640000,5874,1634
9558,764640000,764720000,10885,3205
9559,764720000,764800000,5631,1703
9560,764800000,764880000,4218,1774
9561,764880000,764960000,6648,2241
9562,764960000,765040000,6844,2008
9563,765040000,765120000,9630,2701
9564,765120000,765200000,5183,1674
9565,765200000,765280000,6243,2386
9566,765280000,765360000,5898,1640
9567,765360000,765440000,11056,3188
9568,765440000,765520000,5853,1704
9569,765520000,765600000,4397,1795
9570,765600000,765680000,7321,2252
9571,765680000,765760000,7091,2008
9572,765760000,765840000,9395,2693
9573,765840000,765920000,4858,1677
9574,765920000,766000000,6388,2391
9575,766000000,766080000,6126,1640
9576,766080000,766160000,11036,3184
9577,766160000,766240000,5885,1699
9578,766240000,766320000,4726,1798
9579,766320000,766400000,7385,2251
9580,766400000,766480000,7178,2000
9581,766480000,766560000,9662,2698
9582,766560000,766640000,5224,1670
9583,766640000,766720000,6461,2386
9584,766720000,766800000,6241,1638
9585,766800000,766880000,11098,3147
9586,766880000,766960000,5657,1586
9587,766960000,767040000,4288,1704
9588,767040000,767120000,6602,2136
9589,767120000,767200000,6877,1952
9590,767200000,767280000,9444,2678
9591,767280000,767360000,4858,1666
9592,767360000,767440000,6602,2382
9593,767440000,767520000,6151,1640
9594,767520000,767600000,11049,3180
9595,767600000,767680000,5653,1694
9596,767680000,767760000,4340,1781
9597,767760000,767840000,6965,2239
9598,767840000,767920000,6762,2001
9599,767920000,768000000,9629,2690
9600,768000000,768080000,5361,1647
9601,768080000,768160000,6593,2387
9602,768160000,768240000,5947,1640
9603,768240000,768320000,11110,3176
9604,768320000,768400000,5407,1698
9605,768400000,768480000,4494,1775
9606,768480000,768560000,6894,2243
9607,768560000,768640000,6833,2001
9608,768640000,768720000,9334,2692
9609,768720000,768800000,5041,1669
9610,768800000,768880000,6319,2383
9611,768880000,768960000,5772,1629
9612,768960000,769040000,6060,2206
9613,769040000,769120000,8393,2744
9614,769120000,769200000,6357,2184
9615,769200000,769280000,10978,3693
9616,769280000,769360000,5713,1673
9617,769360000,769440000,5192,1872
9618,769440000,769520000,6425,2218
9619,769520000,769600000,5688,1518
9620,769600000,769680000,10857,3188
9621,769680000,769760000,4518,1497
9622,769760000,769840000,6233,2323
9623,769840000,769920000,5581,1662
9624,769920000,770000000,11063,3144
9625,770000000,770080000,5858,1729
9626,770080000,770160000,4947,1874
9627,770160000,770240000,6774,2280
9628,770240000,770320000,5846,1592
9629,770320000,770400000,10651,3178
9630,770400000,770480000,4692,1521
9631,770480000,770560000,5814,2185
9632,770560000,770640000,5470,1579
9633,770640000,770720000,10429,3108
9634,770720000,770800000,5823,1678
9635,770800000,770880000,4790,1825
9636,770880000,770960000,6761,2262
9637,770960000,771040000,5732,1600
9638,771040000,771120000,11066,3178
9639,771120000,771200000,4658,1400
9640,771200000,771280000,6269,2244
9641,771280000,771360000,5842,1672
9642,771360000,771440000,10949,3138
9643,771440000,771520000,6406,1741
9644,771520000,771600000,5176,1817
9645,771600000,771680000,6664,2252
9646,771680000,771760000,5904,1590
9647,771760000,771840000,10771,3177
9648,771840000,771920000,5012,1524
9649,771920000,772000000,6127,2328
9650,772000000,772080000,5594,1679
9651,772080000,772160000,10782,3126
9652,772160000,772240000,6177,1738
9653,772240000,772320000,4771,1878
9654,772320000,772400000,6674,2291
9655,772400000,772480000,6201,1595
9656,772480000,772560000,10975,3170
9657,772560000,772640000,4799,1523
9658,772640000,772720000,5943,2333
9659,772720000,772800000,6033,1679
9660,772800000,772880000,11048,3102
9661,772880000,772960000,5580,1634
9662,772960000,773040000,4515,1783
9663,773040000,773120000,6592,2172
9664,773120000,773200000,6134,1525
9665,773200000,773280000,10627,3166
9666,773280000,773360000,4628,1521
9667,773360000,773440000,6138,2338
9668,773440000,773520000,5737,1666
9669,773520000,773600000,10778,3128
9670,773600000,773680000,6360,1739
9671,773680000,773760000,5112,1874
9672,773760000,773840000,6720,2282
9673,773840000,773920000,6011,1588
9674,773920000,774000000,11093,3170
9675,774000000,774080000,4959,1519
9676,774080000,774160000,6083,2332
9677,774160000,774240000,5945,1660
9678,774240000,774320000,10859,3116
9679,774320000,774400000,5583,1727
9680,774400000,774480000,4841,1855
9681,774480000,774560000,6362,2281
9682,774560000,774640000,5357,1587
9683,774640000,774720000,10839,3154
9684,774720000,774800000,4387,1519
9685,774800000,774880000,6296,2330
9686,774880000,774960000,5477,1662
9687,774960000,775040000,6600,2198
9688,775040000,775120000,8589,2757
9689,775120000,775200000,6167,2015
9690,775200000,775280000,10315,3709
9691,775280000,775360000,7106,1925
9692,775360000,775440000,4391,1557
9693,775440000,775520000,6467,2388
9694,775520000,775600000,5444,1606
9695,775600000,775680000,11023,3142
9696,775680000,775760000,4505,1484
9697,775760000,775840000,5800,2330
9698,775840000,775920000,5697,1824
9699,775920000,776000000,9420,2845
9700,776000000,776080000,7102,1972
9701,776080000,776160000,4279,1561
9702,776160000,776240000,7015,2416
9703,776240000,776320000,6293,1717
9704,776320000,776400000,10896,3150
9705,776400000,776480000,4563,1470
9706,776480000,776560000,5817,2326
9707,776560000,776640000,6023,1816
9708,776640000,776720000,9004,2847
9709,776720000,776800000,7481,1995
9710,776800000,776880000,4834,1562
9711,776880000,776960000,6594,2420
9712,776960000,777040000,6077,1717
9713,777040000,777120000,10765,3141
9714,777120000,777200000,5037,1488
9715,777200000,777280000,5942,2321
9716,777280000,777360000,6604,1835
9717,777360000,777440000,9223,2837
9718,777440000,777520000,7200,1983
9719,777520000,777600000,4535,1570
9720,777600000,777680000,6936,2424
9721,777680000,777760000,6448,1725
9722,777760000,777840000,10668,3123
9723,777840000,777920000,4717,1488
9724,777920000,778000000,5483,2187
9725,778000000,778080000,6199,1743
9726,778080000,778160000,9117,2804
9727,778160000,778240000,7245,1918
9728,778240000,778320000,4549,1543
9729,778320000,778400000,6952,2372
9730,778400000,778480000,6442,1723
9731,778480000,778560000,11179,3126
9732,778560000,778640000,4690,1411
9733,778640000,778720000,5801,2202
9734,778720000,778800000,6466,1826
9735,778800000,778880000,9619,2811
9736,778880000,778960000,7254,1892
9737,778960000,779040000,4364,1421
9738,779040000,779120000,6443,2332
9739,779120000,779200000,6283,1628
9740,779200000,779280000,10928,3116
9741,779280000,779360000,4941,1490
9742,779360000,779440000,5888,2321
9743,779440000,779520000,6529,1837
9744,779520000,779600000,9262,2835
9745,779600000,779680000,7382,1990
9746,779680000,779760000,4357,1565
9747,779760000,779840000,6606,2430
9748,779840000,779920000,6286,1719
9749,779920000,780000000,11090,3122
9750,780000000,780080000,4793,1494
9751,780080000,780160000,5694,2327
9752,780160000,780240000,6558,1833
9753,780240000,780320000,9372,2834
9754,780320000,780400000,7041,1979
9755,780400000,780480000,4191,1545
9756,780480000,780560000,6746,2416
9757,780560000,780640000,5961,1715
9758,780640000,780720000,10892,3122
9759,780720000,780800000,4840,1494
9760,780800000,780880000,5801,2328
9761,780880000,780960000,6235,1822
9762,780960000,781040000,6570,2135
9763,781040000,781120000,8481,2776
9764,781120000,781200000,5719,1888
9765,781200000,781280000,9032,3290
9766,781280000,781360000,8627,2373
9767,781360000,781440000,4233,1530
9768,781440000,781520000,6241,2426
9769,781520000,781600000,5627,1714
9770,781600000,781680000,10598,3004
9771,781680000,781760000,5160,1674
9772,781760000,781840000,4609,1809
9773,781840000,781920000,6507,2155
9774,781920000,782000000,7995,2416
9775,782000000,782080000,9109,2436
9776,782080000,782160000,4478,1549
9777,782160000,782240000,6526,2438
9778,782240000,782320000,6368,1847
9779,782320000,782400000,10376,2997
9780,782400000,782480000,5601,1680
9781,782480000,782560000,4814,1809
9782,782560000,782640000,6985,2167
9783,782640000,782720000,7882,2424
9784,782720000,782800000,8677,2430
9785,782800000,782880000,4471,1551
9786,782880000,782960000,6491,2442
9787,782960000,783040000,6711,1847
9788,783040000,783120000,10234,2988
9789,783120000,783200000,5391,1678
9790,783200000,783280000,4610,1813
9791,783280000,783360000,7021,2163
9792,783360000,783440000,8088,2416
9793,783440000,783520000,8672,2406
9794,783520000,783600000,4516,1552
9795,783600000,783680000,6978,2442
9796,783680000,783760000,6877,1856
9797,783760000,783840000,10249,2990
9798,783840000,783920000,5188,1644
9799,783920000,784000000,4475,1807
9800,784000000,784080000,6805,2152
9801,784080000,784160000,7818,2413
9802,784160000,784240000,8824,2408
9803,784240000,784320000,5046,1555
9804,784320000,784400000,6705,2446
9805,784400000,784480000,6769,1855
9806,784480000,784560000,10449,2981
9807,784560000,784640000,5914,1679
9808,784640000,784720000,4695,1808
9809,784720000,784800000,7191,2167
9810,784800000,784880000,8234,2410
9811,784880000,784960000,8601,2314
9812,784960000,785040000,4402,1450
9813,785040000,785120000,6303,2346
9814,785120000,785200000,6827,1746
9815,785200000,785280000,10293,2967
9816,785280000,785360000,5623,1670
9817,785360000,785440000,4402,1698
9818,785440000,785520000,6992,2054
9819,785520000,785600000,7985,2376
9820,785600000,785680000,8742,2356
9821,785680000,785760000,4542,1526
9822,785760000,785840000,6623,2360
9823,785840000,785920000,7134,1848
9824,785920000,786000000,10663,2979
9825,786000000,786080000,5568,1601
9826,786080000,786160000,4603,1678
9827,786160000,786240000,7156,2133
9828,786240000,786320000,8115,2412
9829,786320000,786400000,8959,2424
9830,786400000,786480000,4541,1491
9831,786480000,786560000,6414,2403
9832,786560000,786640000,6278,1812
9833,786640000,786720000,10566,2979
9834,786720000,786800000,5369,1673
9835,786800000,786880000,4667,1808
9836,786880000,786960000,6792,2153
9837,786960000,787040000,6657,2153
9838,787040000,787120000,7591,2589
9839,787120000,787200000,6467,2125
9840,787200000,787280000,7909,2925
9841,787280000,787360000,9610,2680
9842,787360000,787440000,4337,1482
9843,787440000,787520000,6385,2299
9844,787520000,787600000,4998,1489
9845,787600000,787680000,11350,3190
9846,787680000,787760000,5534,1680
9847,787760000,787840000,4444,1732
9848,787840000,787920000,6430,2201
9849,787920000,788000000,6710,1999
9850,788000000,788080000,9729,2702
9851,788080000,788160000,5311,1673
9852,788160000,788240000,6550,2380
9853,788240000,788320000,5737,1627
9854,788320000,788400000,11052,3191
9855,788400000,788480000,5864,1700
9856,788480000,788560000,4300,1798
9857,788560000,788640000,6550,2250
9858,788640000,788720000,6162,2004
9859,788720000,788800000,9448,2716
9860,788800000,788880000,5011,1677
9861,788880000,788960000,6198,2386
9862,788960000,789040000,4963,1634
9863,789040000,789120000,10900,3177
9864,789120000,789200000,5773,1701
9865,789200000,789280000,4487,1795
9866,789280000,789360000,7045,2246
9867,789360000,789440000,6686,2007
9868,789440000,789520000,9729,2702
9869,789520000,789600000,5161,1677
9870,789600000,789680000,6556,2392
9871,789680000,789760000,5800,1629
9872,789760000,789840000,10946,3178
9873,789840000,789920000,5873,1694
9874,789920000,790000000,4556,1794
9875,790000000,790080000,7279,2253
9876,790080000,790160000,6758,2007
9877,790160000,790240000,9593,2693
9878,790240000,790320000,5379,1668
9879,790320000,790400000,6427,2386
9880,790400000,790480000,5689,1640
9881,790480000,790560000,11138,3167
9882,790560000,790640000,5970,1694
9883,790640000,790720000,4545,1798
9884,790720000,790800000,7026,2240
9885,790800000,790880000,7015,2012
9886,790880000,790960000,9465,2598
9887,790960000,791040000,4835,1557
9888,791040000,791120000,6480,2297
9889,791120000,791200000,5559,1524
9890,791200000,791280000,11036,3166
9891,791280000,791360000,5622,1691
9892,791360000,791440000,4270,1781
9893,791440000,791520000,7058,2229
9894,791520000,791600000,6905,2004
9895,791600000,791680000,9571,2700
9896,791680000,791760000,5250,1667
9897,791760000,791840000,6537,2388
9898,791840000,791920000,6173,1631
9899,791920000,792000000,11117,3170
9900,792000000,792080000,5622,1695
9901,792080000,792160000,4702,1795
9902,792160000,792240000,7137,2242
9903,792240000,792320000,6918,2008
9904,792320000,792400000,9307,2686
9905,792400000,792480000,4826,1648
9906,792480000,792560000,6314,2383
9907,792560000,792640000,5235,1625
9908,792640000,792720000,11046,3163
9909,792720000,792800000,5309,1692
9910,792800000,792880000,4254,1699
9911,792880000,792960000,6478,2103
9912,792960000,793040000,6062,1947
9913,793040000,793120000,6631,2315
9914,793120000,793200000,7231,2348
9915,793200000,793280000,7554,2719
9916,793280000,793360000,10818,3162
9917,793360000,793440000,4834,1480
9918,793440000,793520000,6147,2316
9919,793520000,793600000,4753,1540
9920,793600000,793680000,10988,3135
9921,793680000,793760000,5969,1730
9922,793760000,793840000,4870,1874
9923,793840000,793920000,6536,2279
9924,793920000,794000000,5610,1596
9925,794000000,794080000,11173,3183
9926,794080000,794160000,4827,1516
9927,794160000,794240000,5878,2188
9928,794240000,794320000,5147,1567
9929,794320000,794400000,10877,3111
9930,794400000,794480000,5612,1669
9931,794480000,794560000,4702,1797
9932,794560000,794640000,6610,2252
9933,794640000,794720000,5701,1602
9934,794720000,794800000,10679,3174
9935,794800000,794880000,4238,1398
9936,794880000,794960000,6107,2241
9937,794960000,795040000,5207,1665
9938,795040000,795120000,10776,3135
9939,795120000,795200000,6234,1733
9940,795200000,795280000,5089,1814
9941,795280000,795360000,6648,2249
9942,795360000,795440000,5722,1585
9943,795440000,795520000,10885,3171
9944,795520000,795600000,4975,1518
9945,795600000,795680000,6244,2327
9946,795680000,795760000,5686,1674
9947,795760000,795840000,10745,3129
9948,795840000,795920000,5881,1727
9949,795920000,796000000,4659,1875
9950,796000000,796080000,6581,2291
9951,796080000,796160000,5751,1601
9952,796160000,796240000,10887,3169
9953,796240000,796320000,4963,1526
9954,796320000,796400000,5937,2333
9955,796400000,796480000,5502,1674
9956,796480000,796560000,10940,3120
9957,796560000,796640000,6300,1737
9958,796640000,796720000,4900,1874
9959,796720000,796800000,6913,2287
9960,796800000,796880000,5925,1594
9961,796880000,796960000,10782,3095
9962,796960000,797040000,4634,1401
9963,797040000,797120000,5910,2263
9964,797120000,797200000,5221,1553
9965,797200000,797280000,10797,3108
9966,797280000,797360000,6184,1730
9967,797360000,797440000,4991,1869
9968,797440000,797520000,6853,2293
9969,797520000,797600000,5827,1595
9970,797600000,797680000,10742,3164
9971,797680000,797760000,4826,1493
9972,797760000,797840000,6091,2329
9973,797840000,797920000,5613,1673
9974,797920000,798000000,10902,3119
9975,798000000,798080000,6139,1724
9976,798080000,798160000,5094,1875
9977,798160000,798240000,6670,2282
9978,798240000,798320000,6146,1596
9979,798320000,798400000,10751,3144
9980,798400000,798480000,4118,1499
9981,798480000,798560000,6158,2329
9982,798560000,798640000,5847,1668
9983,798640000,798720000,10976,3122
9984,798720000,798800000,5825,1726
9985,798800000,798880000,4688,1861
9986,798880000,798960000,6579,2266
9987,798960000,799040000,5773,1619
9988,799040000,799120000,6680,2323
9989,799120000,799200000,8307,2607
9990,799200000,799280000,7220,2585
9991,799280000,799360000,11113,3335
9992,799360000,799440000,4517,1440
9993,799440000,799520000,5693,2293
9994,799520000,799600000,5264,1707
9995,799600000,799680000,9378,2831
9996,799680000,799760000,7075,1975
9997,799760000,799840000,4151,1560
9998,799840000,799920000,6881,2416
9999,799920000,800000000,6115,1720
10000,800000000,800080000,11319,3144
10001,800080000,800160000,4902,1472
10002,800160000,800240000,5808,2324
10003,800240000,800320000,6152,1812
10004,800320000,800400000,9480,2840
10005,800400000,800480000,7279,1984
10006,800480000,800560000,4676,1565
10007,800560000,800640000,6716,2420
10008,800640000,800720000,6204,1726
10009,800720000,800800000,10727,3148
10010,800800000,800880000,4808,1496
10011,800880000,800960000,5881,2323
10012,800960000,801040000,6024,1831
10013,801040000,801120000,9218,2839
10014,801120000,801200000,7405,1988
10015,801200000,801280000,4675,1569
10016,801280000,801360000,6870,2416
10017,801360000,801440000,6532,1728
10018,801440000,801520000,11016,3138
10019,801520000,801600000,5011,1488
10020,801600000,801680000,5580,2187
10021,801680000,801760000,6319,1741
10022,801760000,801840000,9231,2803
10023,801840000,801920000,6958,1921
10024,801920000,802000000,4283,1534
10025,802000000,802080000,6857,2372
10026,802080000,802160000,6355,1720
10027,802160000,802240000,10947,3121
10028,802240000,802320000,4772,1406
10029,802320000,802400000,5812,2202
10030,802400000,802480000,6409,1824
10031,802480000,802560000,9428,2825
10032,802560000,802640000,7655,1979
10033,802640000,802720000,4714,1496
10034,802720000,802800000,6698,2393
10035,802800000,802880000,6099,1702
10036,802880000,802960000,10958,3076
10037,802960000,803040000,4781,1359
10038,803040000,803120000,5697,2253
10039,803120000,803200000,5765,1708
10040,803200000,803280000,9238,2809
10041,803280000,803360000,7302,1979
10042,803360000,803440000,4257,1564
10043,803440000,803520000,6723,2430
10044,803520000,803600000,6016,1726
10045,803600000,803680000,10870,3134
10046,803680000,803760000,4805,1488
10047,803760000,803840000,5600,2325
10048,803840000,803920000,6258,1832
10049,803920000,804000000,9461,2828
10050,804000000,804080000,7573,1980
10051,804080000,804160000,4378,1563
10052,804160000,804240000,6941,2426
10053,804240000,804320000,6637,1720
10054,804320000,804400000,10965,3126
10055,804400000,804480000,4502,1470
10056,804480000,804560000,5689,2328
10057,804560000,804640000,6251,1832
10058,804640000,804720000,9385,2824
10059,804720000,804800000,7366,1977
10060,804800000,804880000,4550,1562
10061,804880000,804960000,6997,2428
10062,804960000,805040000,6310,1743
10063,805040000,805120000,6363,2188
10064,805120000,805200000,8945,2742
10065,805200000,805280000,6953,2383
10066,805280000,805360000,11155,3449
10067,805360000,805440000,5002,1620
10068,805440000,805520000,4592,1808
10069,805520000,805600000,6310,2050
10070,805600000,805680000,7962,2375
10071,805680000,805760000,8944,2428
10072,805760000,805840000,4232,1545
10073,805840000,805920000,6463,2435
10074,805920000,806000000,6448,1848
10075,806000000,806080000,10817,3002
10076,806080000,806160000,5598,1678
10077,806160000,806240000,4874,1812
10078,806240000,806320000,6980,2155
10079,806320000,806400000,8096,2413
10080,806400000,806480000,8902,2434
10081,806480000,806560000,4710,1555
10082,806560000,806640000,6635,2442
10083,806640000,806720000,6506,1856
10084,806720000,806800000,10258,3002
10085,806800000,806880000,5718,1684
10086,806880000,806960000,4565,1812
10087,806960000,807040000,6612,2169
10088,807040000,807120000,7914,2417
10089,807120000,807200000,8991,2417
10090,807200000,807280000,4677,1550
10091,807280000,807360000,6916,2440
10092,807360000,807440000,6936,1857
10093,807440000,807520000,10569,2990
10094,807520000,807600000,5474,1663
10095,807600000,807680000,4573,1809
10096,807680000,807760000,6712,2149
10097,807760000,807840000,7970,2410
10098,807840000,807920000,8698,2420
10099,807920000,808000000,4815,1555
10100,808000000,808080000,6621,2448
10101,808080000,808160000,6726,1848
10102,808160000,808240000,10403,2979
10103,808240000,808320000,5699,1683
10104,808320000,808400000,4701,1808
10105,808400000,808480000,7219,2169
10106,808480000,808560000,8191,2407
10107,808560000,808640000,9045,2428
10108,808640000,808720000,4845,1547
10109,808720000,808800000,6833,2444
10110,808800000,808880000,6993,1856
10111,808880000,808960000,10563,2937
10112,808960000,809040000,5525,1542
10113,809040000,809120000,4246,1641
10114,809120000,809200000,6632,1949
10115,809200000,809280000,8120,2369
10116,809280000,809360000,8728,2358
10117,809360000,809440000,4602,1522
10118,809440000,809520000,6636,2360
10119,809520000,809600000,7034,1849
10120,809600000,809680000,10495,2980
10121,809680000,809760000,5521,1603
10122,809760000,809840000,4511,1679
10123,809840000,809920000,7148,2128
10124,809920000,810000000,8119,2403
10125,810000000,810080000,9195,2416
10126,810080000,810160000,4684,1509
10127,810160000,810240000,6480,2403
10128,810240000,810320000,6462,1809
10129,810320000,810400000,10538,2976
10130,810400000,810480000,5040,1656
10131,810480000,810560000,4668,1808
10132,810560000,810640000,6746,2151
10133,810640000,810720000,8054,2403
10134,810720000,810800000,8756,2416
10135,810800000,810880000,4366,1547
10136,810880000,810960000,6314,2438
10137,810960000,811040000,6540,1844
10138,811040000,811120000,6154,2156
10139,811120000,811200000,8508,2636
10140,811200000,811280000,6367,2281
10141,811280000,811360000,11300,3616
10142,811360000,811440000,5437,1633
10143,811440000,811520000,4494,1734
10144,811520000,811600000,6151,2102
10145,811600000,811680000,6312,1928
10146,811680000,811760000,9814,2684
10147,811760000,811840000,5062,1670
10148,811840000,811920000,6373,2378
10149,811920000,812000000,5204,1602
10150,812000000,812080000,11527,3195
10151,812080000,812160000,5512,1699
10152,812160000,812240000,4430,1798
10153,812240000,812320000,6768,2241
10154,812320000,812400000,6689,2002
10155,812400000,812480000,9559,2700
10156,812480000,812560000,4485,1666
10157,812560000,812640000,6322,2387
10158,812640000,812720000,5650,1637
10159,812720000,812800000,10957,3198
10160,812800000,812880000,5044,1698
10161,812880000,812960000,4283,1795
10162,812960000,813040000,7079,2252
10163,813040000,813120000,6708,2006
10164,813120000,813200000,9708,2701
10165,813200000,813280000,5007,1672
10166,813280000,813360000,6590,2392
10167,813360000,813440000,5734,1635
10168,813440000,813520000,11190,3191
10169,813520000,813600000,5830,1699
10170,813600000,813680000,4827,1794
10171,813680000,813760000,7298,2249
10172,813760000,813840000,6902,2004
10173,813840000,813920000,9534,2685
10174,813920000,814000000,4996,1677
10175,814000000,814080000,6362,2385
10176,814080000,814160000,5887,1638
10177,814160000,814240000,10977,3180
10178,814240000,814320000,5495,1699
10179,814320000,814400000,4599,1798
10180,814400000,814480000,7085,2243
10181,814480000,814560000,7008,2002
10182,814560000,814640000,9856,2680
10183,814640000,814720000,5125,1677
10184,814720000,814800000,6734,2380
10185,814800000,814880000,5965,1633
10186,814880000,814960000,11346,3140
10187,814960000,815040000,5471,1591
10188,815040000,815120000,4133,1701
10189,815120000,815200000,6821,2123
10190,815200000,815280000,6703,1950
10191,815280000,815360000,9619,2686
10192,815360000,815440000,5510,1673
10193,815440000,815520000,6580,2387
10194,815520000,815600000,5880,1626
10195,815600000,815680000,11132,3178
10196,815680000,815760000,5940,1694
10197,815760000,815840000,4615,1791
10198,815840000,815920000,7071,2240
10199,815920000,816000000,6928,2002
10200,816000000,816080000,9770,2690
10201,816080000,816160000,5143,1670
10202,816160000,816240000,6452,2382
10203,816240000,816320000,5892,1626
10204,816320000,816400000,11295,3173
10205,816400000,816480000,5207,1699
10206,816480000,816560000,4282,1703
10207,816560000,816640000,6775,2104
10208,816640000,816720000,6995,1956
10209,816720000,816800000,9377,2638
10210,816800000,816880000,4575,1641
10211,816880000,816960000,6348,2307
10212,816960000,817040000,6071,1625
10213,817040000,817120000,6066,2206
10214,817120000,817200000,8373,2744
10215,817200000,817280000,6384,2184
10216,817280000,817360000,10925,3686
10217,817360000,817440000,5614,1668
10218,817440000,817520000,4967,1871
10219,817520000,817600000,6446,2215
10220,817600000,817680000,5297,1518
10221,817680000,817760000,10828,3174
10222,817760000,817840000,4439,1513
10223,817840000,817920000,5921,2186
10224,817920000,818000000,4851,1567
10225,818000000,818080000,10991,3109
10226,818080000,818160000,5522,1673
10227,818160000,818240000,4871,1826
10228,818240000,818320000,6639,2252
10229,818320000,818400000,5855,1592
10230,818400000,818480000,10531,3176
10231,818480000,818560000,4253,1397
10232,818560000,818640000,6127,2244
10233,818640000,818720000,5056,1655
10234,818720000,818800000,10431,3126
10235,818800000,818880000,5915,1738
10236,818880000,818960000,4906,1818
10237,818960000,819040000,6328,2239
10238,819040000,819120000,5490,1589
10239,819120000,819200000,10997,3180
10240,819200000,819280000,4772,1517
10241,819280000,819360000,6205,2327
10242,819360000,819440000,5582,1677
10243,819440000,819520000,10948,3139
10244,819520000,819600000,6063,1738
10245,819600000,819680000,4774,1875
10246,819680000,819760000,6627,2292
10247,819760000,819840000,5960,1601
10248,819840000,819920000,10900,3169
10249,819920000,820000000,4543,1518
10250,820000000,820080000,5794,2332
10251,820080000,820160000,5572,1679
10252,820160000,820240000,10769,3125
10253,820240000,820320000,5984,1732
10254,820320000,820400000,4825,1874
10255,820400000,820480000,6842,2290
10256,820480000,820560000,6213,1595
10257,820560000,820640000,11150,3168
10258,820640000,820720000,4791,1523
10259,820720000,820800000,6217,2335
10260,820800000,820880000,6002,1677
10261,820880000,820960000,11000,3101
10262,820960000,821040000,5829,1640
10263,821040000,821120000,4834,1781
10264,821120000,821200000,6686,2183
10265,821200000,821280000,5568,1517
10266,821280000,821360000,10785,3168
10267,821360000,821440000,4879,1519
10268,821440000,821520000,6120,2333
10269,821520000,821600000,5622,1672
10270,821600000,821680000,10776,3121
10271,821680000,821760000,6115,1740
10272,821760000,821840000,4980,1878
10273,821840000,821920000,6522,2281
10274,821920000,822000000,5943,1594
10275,822000000,822080000,11186,3138
10276,822080000,822160000,4984,1525
10277,822160000,822240000,6387,2330
10278,822240000,822320000,5631,1665
10279,822320000,822400000,11023,3128
10280,822400000,822480000,6078,1726
10281,822480000,822560000,4595,1816
10282,822560000,822640000,6324,2266
10283,822640000,822720000,5502,1587
10284,822720000,822800000,10857,3164
10285,822800000,822880000,5109,1523
10286,822880000,822960000,6205,2336
10287,822960000,823040000,5305,1660
10288,823040000,823120000,6658,2198
10289,823120000,823200000,8496,2757
10290,823200000,823280000,6110,2015
10291,823280000,823360000,10254,3705
10292,823360000,823440000,6980,1908
10293,823440000,823520000,4217,1557
10294,823520000,823600000,6875,2383
10295,823600000,823680000,5521,1606
10296,823680000,823760000,11029,3132
10297,823760000,823840000,4714,1470
10298,823840000,823920000,5812,2326
10299,823920000,824000000,5619,1810
10300,824000000,824080000,9525,2841
10301,824080000,824160000,7548,1993
10302,824160000,824240000,4951,1564
10303,824240000,824320000,6729,2420
10304,824320000,824400000,6098,1717
10305,824400000,824480000,10800,3146
10306,824480000,824560000,4801,1488
10307,824560000,824640000,5925,2321
10308,824640000,824720000,5905,1831
10309,824720000,824800000,9022,2845
10310,824800000,824880000,7217,1989
10311,824880000,824960000,4340,1566
10312,824960000,825040000,6697,2424
10313,825040000,825120000,6113,1723
10314,825120000,825200000,10863,3131
10315,825200000,825280000,5114,1492
10316,825280000,825360000,5689,2187
10317,825360000,825440000,6320,1743
10318,825440000,825520000,9199,2811
10319,825520000,825600000,7218,1917
10320,825600000,825680000,4494,1534
10321,825680000,825760000,7000,2372
10322,825760000,825840000,6407,1725
10323,825840000,825920000,10561,3127
10324,825920000,826000000,4526,1404
10325,826000000,826080000,5695,2204
10326,826080000,826160000,6185,1834
10327,826160000,826240000,9136,2830
10328,826240000,826320000,7541,1986
10329,826320000,826400000,4682,1520
10330,826400000,826480000,6700,2391
10331,826480000,826560000,6154,1697
10332,826560000,826640000,11255,3130
10333,826640000,826720000,4956,1496
10334,826720000,826800000,5909,2323
10335,826800000,826880000,6460,1840
10336,826880000,826960000,9500,2810
10337,826960000,827040000,7045,1890
10338,827040000,827120000,4026,1482
10339,827120000,827200000,6455,2333
10340,827200000,827280000,5973,1630
10341,827280000,827360000,11057,3122
10342,827360000,827440000,4570,1490
10343,827440000,827520000,5535,2301
10344,827520000,827600000,6231,1843
10345,827600000,827680000,9229,2830
10346,827680000,827760000,7437,1984
10347,827760000,827840000,4404,1570
10348,827840000,827920000,6885,2424
10349,827920000,828000000,6082,1723
10350,828000000,828080000,11120,3120
10351,828080000,828160000,5206,1490
10352,828160000,828240000,5939,2328
10353,828240000,828320000,6416,1838
10354,828320000,828400000,9426,2833
10355,828400000,828480000,7358,1982
10356,828480000,828560000,4517,1541
10357,828560000,828640000,6730,2420
10358,828640000,828720000,6360,1723
10359,828720000,828800000,11018,3124
10360,828800000,828880000,4865,1490
10361,828880000,828960000,5803,2324
10362,828960000,829040000,6456,1834
10363,829040000,829120000,6537,2135
10364,829120000,829200000,8568,2776
10365,829200000,829280000,5788,1888
10366,829280000,829360000,9051,3288
10367,829360000,829440000,8803,2369
10368,829440000,829520000,4399,1529
10369,829520000,829600000,6614,2432
10370,829600000,829680000,5673,1713
10371,829680000,829760000,10568,2994
10372,829760000,829840000,5565,1674
10373,829840000,829920000,4790,1809
10374,829920000,830000000,6543,2153
10375,830000000,830080000,8017,2418
10376,830080000,830160000,9068,2428
10377,830160000,830240000,4677,1549
10378,830240000,830320000,6473,2434
10379,830320000,830400000,6553,1843
10380,830400000,830480000,10283,2991
10381,830480000,830560000,5431,1674
10382,830560000,830640000,4573,1813
10383,830640000,830720000,6994,2169
10384,830720000,830800000,7776,2422
10385,830800000,830880000,8561,2414
10386,830880000,830960000,4402,1554
10387,830960000,831040000,6968,2442
10388,831040000,831120000,6568,1856
10389,831120000,831200000,10274,2994
10390,831200000,831280000,5402,1666
10391,831280000,831360000,4631,1809
10392,831360000,831440000,7112,2157
10393,831440000,831520000,8020,2416
10394,831520000,831600000,8816,2428
10395,831600000,831680000,4949,1549
10396,831680000,831760000,6760,2448
10397,831760000,831840000,6870,1855
10398,831840000,831920000,10201,2990
10399,831920000,832000000,5546,1674
10400,832000000,832080000,4623,1805
10401,832080000,832160000,6821,2167
10402,832160000,832240000,8026,2413
10403,832240000,832320000,8821,2416
10404,832320000,832400000,4673,1533
10405,832400000,832480000,6606,2442
10406,832480000,832560000,7010,1855
10407,832560000,832640000,10602,2971
10408,832640000,832720000,5826,1681
10409,832720000,832800000,4464,1701
10410,832800000,832880000,6911,2046
10411,832880000,832960000,8005,2376
10412,832960000,833040000,8763,2289
10413,833040000,833120000,4455,1451
10414,833120000,833200000,6430,2274
10415,833200000,833280000,6485,1739
10416,833280000,833360000,10298,2979
10417,833360000,833440000,5367,1596
10418,833440000,833520000,4523,1679
10419,833520000,833600000,7175,2135
10420,833600000,833680000,7866,2408
10421,833680000,833760000,9150,2426
10422,833760000,833840000,4511,1507
10423,833840000,833920000,6452,2403
10424,833920000,834000000,6279,1812
10425,834000000,834080000,10792,2977
10426,834080000,834160000,5661,1673
10427,834160000,834240000,4740,1808
10428,834240000,834320000,6992,2155
10429,834320000,834400000,8192,2410
10430,834400000,834480000,8906,2422
10431,834480000,834560000,4309,1525
10432,834560000,834640000,6236,2438
10433,834640000,834720000,6690,1847
10434,834720000,834800000,10706,2973
10435,834800000,834880000,5362,1675
10436,834880000,834960000,4378,1812
10437,834960000,835040000,6848,2153
10438,835040000,835120000,7042,2153
10439,835120000,835200000,7955,2589
10440,835200000,835280000,6638,2135
10441,835280000,835360000,7859,2925
10442,835360000,835440000,9530,2683
10443,835440000,835520000,4834,1635
10444,835520000,835600000,6332,2368
10445,835600000,835680000,4840,1497
10446,835680000,835760000,11309,3186
10447,835760000,835840000,5417,1687
10448,835840000,835920000,4317,1798
10449,835920000,836000000,6662,2242
10450,836000000,836080000,6639,2004
10451,836080000,836160000,9866,2706
10452,836160000,836240000,4820,1673
10453,836240000,836320000,6169,2383
10454,836320000,836400000,5626,1624
10455,836400000,836480000,11155,3192
10456,836480000,836560000,5299,1695
10457,836560000,836640000,4314,1795
10458,836640000,836720000,6974,2238
10459,836720000,836800000,6766,2007
10460,836800000,836880000,9583,2716
10461,836880000,836960000,4724,1670
10462,836960000,837040000,6245,2386
10463,837040000,837120000,5594,1626
10464,837120000,837200000,10960,3186
10465,837200000,837280000,5577,1696
10466,837280000,837360000,4694,1770
10467,837360000,837440000,7299,2247
10468,837440000,837520000,6919,2007
10469,837520000,837600000,9712,2696
10470,837600000,837680000,5150,1671
10471,837680000,837760000,6426,2387
10472,837760000,837840000,5966,1640
10473,837840000,837920000,10845,3176
10474,837920000,838000000,5537,1699
10475,838000000,838080000,4409,1798
10476,838080000,838160000,6762,2248
10477,838160000,838240000,6820,2010
10478,838240000,838320000,9584,2677
10479,838320000,838400000,4999,1679
10480,838400000,838480000,6720,2384
10481,838480000,838560000,6214,1631
10482,838560000,838640000,11236,3174
10483,838640000,838720000,5757,1699
10484,838720000,838800000,4437,1781
10485,838800000,838880000,7126,2232
10486,838880000,838960000,6828,2005
10487,838960000,839040000,9457,2606
10488,839040000,839120000,5034,1560
10489,839120000,839200000,6338,2309
10490,839200000,839280000,5467,1513
10491,839280000,839360000,11031,3166
10492,839360000,839440000,5652,1695
10493,839440000,839520000,4570,1791
10494,839520000,839600000,7192,2248
10495,839600000,839680000,6816,1997
10496,839680000,839760000,9585,2692
10497,839760000,839840000,5112,1677
10498,839840000,839920000,6499,2383
10499,839920000,840000000,6038,1626
10500,840000000,840080000,11227,3163
10501,840080000,840160000,5854,1694
10502,840160000,840240000,4485,1723
10503,840240000,840320000,6874,2105
10504,840320000,840400000,6763,1962
10505,840400000,840480000,9362,2630
10506,840480000,840560000,5045,1619
10507,840560000,840640000,6268,2307
10508,840640000,840720000,5849,1628
10509,840720000,840800000,11049,3170
10510,840800000,840880000,5443,1655
10511,840880000,840960000,4174,1631
10512,840960000,841040000,6933,2218
10513,841040000,841120000,6248,1985
10514,841120000,841200000,6585,2315
10515,841200000,841280000,7224,2348
10516,841280000,841360000,7539,2719
10517,841360000,841440000,10751,3156
10518,841440000,841520000,4408,1478
10519,841520000,841600000,5841,2162
10520,841600000,841680000,4391,1370
10521,841680000,841760000,10895,3079
10522,841760000,841840000,5522,1674
10523,841840000,841920000,4773,1822
10524,841920000,842000000,6452,2220
10525,842000000,842080000,5383,1526
10526,842080000,842160000,11221,3169
10527,842160000,842240000,4354,1399
10528,842240000,842320000,6143,2241
10529,842320000,842400000,5396,1653
10530,842400000,842480000,10939,3136
10531,842480000,842560000,5644,1728
10532,842560000,842640000,4856,1815
10533,842640000,842720000,6390,2242
10534,842720000,842800000,5915,1590
10535,842800000,842880000,10545,3180
10536,842880000,842960000,4634,1522
10537,842960000,843040000,6107,2330
10538,843040000,843120000,5609,1667
10539,843120000,843200000,10833,3135
10540,843200000,843280000,5966,1732
10541,843280000,843360000,4876,1878
10542,843360000,843440000,6565,2283
10543,843440000,843520000,6055,1604
10544,843520000,843600000,10954,3179
10545,843600000,843680000,4816,1524
10546,843680000,843760000,5871,2332
10547,843760000,843840000,5782,1676
10548,843840000,843920000,10843,3133
10549,843920000,844000000,5706,1734
10550,844000000,844080000,4672,1874
10551,844080000,844160000,6813,2290
10552,844160000,844240000,6048,1601
10553,844240000,844320000,10896,3169
10554,844320000,844400000,4771,1520
10555,844400000,844480000,6061,2336
10556,844480000,844560000,5781,1669
10557,844560000,844640000,11027,3121
10558,844640000,844720000,6119,1731
10559,844720000,844800000,5212,1878
10560,844800000,844880000,6993,2292
10561,844880000,844960000,6284,1596
10562,844960000,845040000,10754,3089
10563,845040000,845120000,4451,1401
10564,845120000,845200000,5858,2258
10565,845200000,845280000,5620,1551
10566,845280000,845360000,10781,3107
10567,845360000,845440000,5919,1730
10568,845440000,845520000,4936,1873
10569,845520000,845600000,6704,2292
10570,845600000,845680000,6012,1592
10571,845680000,845760000,10701,3148
10572,845760000,845840000,4660,1524
10573,845840000,845920000,6215,2327
10574,845920000,846000000,5765,1674
10575,846000000,846080000,11007,3122
10576,846080000,846160000,6018,1730
10577,846160000,846240000,4870,1860
10578,846240000,846320000,6998,2273
10579,846320000,846400000,5938,1592
10580,846400000,846480000,10647,3166
10581,846480000,846560000,4591,1496
10582,846560000,846640000,6235,2336
10583,846640000,846720000,5297,1667
10584,846720000,846800000,10837,3109
10585,846800000,846880000,5848,1726
10586,846880000,846960000,4951,1875
10587,846960000,847040000,6744,2285
10588,847040000,847120000,5606,1616
10589,847120000,847200000,6744,2323
10590,847200000,847280000,8356,2607
10591,847280000,847360000,7277,2585
10592,847360000,847440000,11211,3325
10593,847440000,847520000,4415,1428
10594,847520000,847600000,5845,2313
10595,847600000,847680000,5308,1693
10596,847680000,847760000,9363,2829
10597,847760000,847840000,7438,1981
10598,847840000,847920000,4791,1561
10599,847920000,848000000,6621,2420
10600,848000000,848080000,5725,1720
10601,848080000,848160000,11175,3140
10602,848160000,848240000,4795,1486
10603,848240000,848320000,6112,2323
10604,848320000,848400000,6047,1827
10605,848400000,848480000,9356,2828
10606,848480000,848560000,7074,1984
10607,848560000,848640000,4454,1565
10608,848640000,848720000,6774,2424
10609,848720000,848800000,5949,1726
10610,848800000,848880000,10797,3150
10611,848880000,848960000,4761,1496
10612,848960000,849040000,5534,2189
10613,849040000,849120000,6109,1745
10614,849120000,849200000,9179,2811
10615,849200000,849280000,7268,1923
10616,849280000,849360000,4568,1538
10617,849360000,849440000,7098,2374
10618,849440000,849520000,6502,1726
10619,849520000,849600000,10908,3126
10620,849600000,849680000,4871,1410
10621,849680000,849760000,5844,2204
10622,849760000,849840000,6666,1830
10623,849840000,849920000,9378,2837
10624,849920000,850000000,7223,1978
10625,850000000,850080000,4467,1516
10626,850080000,850160000,6663,2391
10627,850160000,850240000,6145,1694
10628,850240000,850320000,10827,3127
10629,850320000,850400000,4989,1496
10630,850400000,850480000,5922,2323
10631,850480000,850560000,6514,1835
10632,850560000,850640000,9548,2825
10633,850640000,850720000,7494,1981
10634,850720000,850800000,4526,1569
10635,850800000,850880000,6736,2428
10636,850880000,850960000,6386,1720
10637,850960000,851040000,11091,3084
10638,851040000,851120000,4518,1355
10639,851120000,851200000,5409,2257
10640,851200000,851280000,5696,1708
10641,851280000,851360000,9251,2809
10642,851360000,851440000,7273,1986
10643,851440000,851520000,4251,1560
10644,851520000,851600000,6821,2425
10645,851600000,851680000,6094,1724
10646,851680000,851760000,10862,3120
10647,851760000,851840000,4501,1484
10648,851840000,851920000,5767,2330
10649,851920000,852000000,6216,1831
10650,852000000,852080000,9526,2828
10651,852080000,852160000,7445,1976
10652,852160000,852240000,4707,1563
10653,852240000,852320000,7057,2420
10654,852320000,852400000,6456,1716
10655,852400000,852480000,10918,3122
10656,852480000,852560000,4770,1466
10657,852560000,852640000,5780,2324
10658,852640000,852720000,5715,1822
10659,852720000,852800000,9248,2824
10660,852800000,852880000,7312,1975
10661,852880000,852960000,4532,1562
10662,852960000,853040000,6503,2420
10663,853040000,853120000,5748,1747
10664,853120000,853200000,6251,2188
10665,853200000,853280000,8879,2742
10666,853280000,853360000,6993,2383
10667,853360000,853440000,11110,3435
10668,853440000,853520000,5132,1620
10669,853520000,853600000,4859,1812
10670,853600000,853680000,6264,2048
10671,853680000,853760000,7793,2375
10672,853760000,853840000,8971,2430
10673,853840000,853920000,4535,1549
10674,853920000,854000000,6527,2434
10675,854000000,854080000,6011,1848
10676,854080000,854160000,10707,2996
10677,854160000,854240000,5450,1674
10678,854240000,854320000,4674,1812
10679,854320000,854400000,6467,2151
10680,854400000,854480000,7922,2413
10681,854480000,854560000,8893,2414
10682,854560000,854640000,4318,1546
10683,854640000,854720000,6933,2442
10684,854720000,854800000,6716,1849
10685,854800000,854880000,10383,3000
10686,854880000,854960000,5282,1664
10687,854960000,855040000,4512,1808
10688,855040000,855120000,7092,2155
10689,855120000,855200000,8036,2415
10690,855200000,855280000,9024,2427
10691,855280000,855360000,5007,1551
10692,855360000,855440000,6725,2448
10693,855440000,855520000,7003,1854
10694,855520000,855600000,10505,2990
10695,855600000,855680000,5831,1683
10696,855680000,855760000,4739,1805
10697,855760000,855840000,6971,2167
10698,855840000,855920000,7921,2414
10699,855920000,856000000,8657,2426
10700,856000000,856080000,4598,1549
10701,856080000,856160000,6647,2444
10702,856160000,856240000,6511,1848
10703,856240000,856320000,10519,2979
10704,856320000,856400000,5797,1678
10705,856400000,856480000,4435,1701
10706,856480000,856560000,7032,2059
10707,856560000,856640000,8094,2375
10708,856640000,856720000,8718,2350
10709,856720000,856800000,4585,1532
10710,856800000,856880000,6851,2368
10711,856880000,856960000,6865,1855
10712,856960000,857040000,10635,2945
10713,857040000,857120000,4931,1447
10714,857120000,857200000,4312,1599
10715,857200000,857280000,6789,2032
10716,857280000,857360000,7850,2367
10717,857360000,857440000,8965,2418
10718,857440000,857520000,4625,1509
10719,857520000,857600000,6450,2403
10720,857600000,857680000,6572,1817
10721,857680000,857760000,10443,2980
10722,857760000,857840000,5443,1675
10723,857840000,857920000,4647,1805
10724,857920000,858000000,7009,2159
10725,858000000,858080000,8055,2403
10726,858080000,858160000,9000,2416
10727,858160000,858240000,4749,1551
10728,858240000,858320000,6452,2438
10729,858320000,858400000,6555,1848
10730,858400000,858480000,10609,2980
10731,858480000,858560000,5357,1658
10732,858560000,858640000,4337,1812
10733,858640000,858720000,6417,2155
10734,858720000,858800000,7923,2403
10735,858800000,858880000,8829,2420
10736,858880000,858960000,4551,1547
10737,858960000,859040000,6617,2433
10738,859040000,859120000,6631,1845
10739,859120000,859200000,6274,2156
10740,859200000,859280000,8698,2636
10741,859280000,859360000,6542,2304
10742,859360000,859440000,11395,3621
10743,859440000,859520000,5281,1641
10744,859520000,859600000,4424,1796
10745,859600000,859680000,6402,2156
10746,859680000,859760000,6405,1948
10747,859760000,859840000,9848,2696
10748,859840000,859920000,4818,1670
10749,859920000,860000000,6128,2380
10750,860000000,860080000,5378,1627
10751,860080000,860160000,11477,3186
10752,860160000,860240000,5604,1698
10753,860240000,860320000,4469,1795
10754,860320000,860400000,7022,2239
10755,860400000,860480000,7047,2003
10756,860480000,860560000,9597,2696
10757,860560000,860640000,4968,1677
10758,860640000,860720000,6396,2387
10759,860720000,860800000,5717,1630
10760,860800000,860880000,10943,3203
10761,860880000,860960000,5648,1703
10762,860960000,861040000,4614,1798
10763,861040000,861120000,6784,2242
10764,861120000,861200000,6627,2005
10765,861200000,861280000,9714,2707
10766,861280000,861360000,5302,1673
10767,861360000,861440000,6389,2386
10768,861440000,861520000,5460,1638
10769,861520000,861600000,11075,3189
10770,861600000,861680000,5745,1705
10771,861680000,861760000,4628,1798
10772,861760000,861840000,6898,2253
10773,861840000,861920000,6824,2008
10774,861920000,862000000,9455,2665
10775,862000000,862080000,4759,1639
10776,862080000,862160000,6562,2380
10777,862160000,862240000,5794,1639
10778,862240000,862320000,11087,3179
10779,862320000,862400000,5740,1698
10780,862400000,862480000,4306,1781
10781,862480000,862560000,7054,2239
10782,862560000,862640000,7097,2001
10783,862640000,862720000,9760,2690
10784,862720000,862800000,5445,1674
10785,862800000,862880000,6593,2390
10786,862880000,862960000,6503,1640
10787,862960000,863040000,11281,3142
10788,863040000,863120000,5362,1585
10789,863120000,863200000,4294,1701
10790,863200000,863280000,6956,2135
10791,863280000,863360000,6909,1952
10792,863360000,863440000,9567,2692
10793,863440000,863520000,5157,1667
10794,863520000,863600000,6474,2387
10795,863600000,863680000,6224,1638
10796,863680000,863760000,11237,3179
10797,863760000,863840000,5805,1699
10798,863840000,863920000,4405,1719
10799,863920000,864000000,6898,2111
10800,864000000,864080000,6857,1956
10801,864080000,864160000,9672,2638
10802,864160000,864240000,5123,1641
10803,864240000,864320000,6478,2307
10804,864320000,864400000,6164,1628
10805,864400000,864480000,11196,3174
10806,864480000,864560000,5584,1658
10807,864560000,864640000,4179,1631
10808,864640000,864720000,6939,2220
10809,864720000,864800000,6741,1996
10810,864800000,864880000,9482,2688
10811,864880000,864960000,4945,1636
10812,864960000,865040000,6329,2347
10813,865040000,865120000,5420,1585
10814,865120000,865200000,6123,2205
10815,865200000,865280000,8683,2744
10816,865280000,865360000,6464,2162
10817,865360000,865440000,11068,3669
10818,865440000,865520000,5130,1540
10819,865520000,865600000,4729,1808
10820,865600000,865680000,6436,2183
10821,865680000,865760000,5295,1518
10822,865760000,865840000,10918,3160
10823,865840000,865920000,4062,1354
10824,865920000,866000000,6072,2244
10825,866000000,866080000,5080,1656
10826,866080000,866160000,11114,3142
10827,866160000,866240000,6230,1734
10828,866240000,866320000,5186,1818
10829,866320000,866400000,6488,2241
10830,866400000,866480000,5865,1583
10831,866480000,866560000,10688,3184
10832,866560000,866640000,4964,1524
10833,866640000,866720000,6039,2327
10834,866720000,866800000,5623,1667
10835,866800000,866880000,10559,3141
10836,866880000,866960000,6107,1739
10837,866960000,867040000,4677,1854
10838,867040000,867120000,6392,2283
10839,867120000,867200000,5998,1598
10840,867200000,867280000,11143,3176
10841,867280000,867360000,4952,1523
10842,867360000,867440000,5915,2331
10843,867440000,867520000,5683,1677
10844,867520000,867600000,10994,3138
10845,867600000,867680000,6334,1736
10846,867680000,867760000,4852,1877
10847,867760000,867840000,6929,2290
10848,867840000,867920000,6409,1600
10849,867920000,868000000,10916,3169
10850,868000000,868080000,4665,1524
10851,868080000,868160000,6030,2337
10852,868160000,868240000,5891,1677
10853,868240000,868320000,10963,3129
10854,868320000,868400000,6374,1735
10855,868400000,868480000,5170,1875
10856,868480000,868560000,7028,2291
10857,868560000,868640000,6433,1593
10858,868640000,868720000,11099,3174
10859,868720000,868800000,4987,1519
10860,868800000,868880000,6140,2331
10861,868880000,868960000,6071,1677
10862,868960000,869040000,10976,3097
10863,869040000,869120000,6152,1635
10864,869120000,869200000,4775,1782
10865,869200000,869280000,6246,2184
10866,869280000,869360000,6039,1522
10867,869360000,869440000,10887,3154
10868,869440000,869520000,4659,1515
10869,869520000,869600000,6200,2327
10870,869600000,869680000,6048,1679
10871,869680000,869760000,10836,3123
10872,869760000,869840000,6208,1728
10873,869840000,869920000,4712,1860
10874,869920000,870000000,6699,2276
10875,870000000,870080000,5927,1595
10876,870080000,870160000,11141,3164
10877,870160000,870240000,5061,1498
10878,870240000,870320000,6315,2330
10879,870320000,870400000,5831,1680
10880,870400000,870480000,11035,3128
10881,870480000,870560000,5915,1727
10882,870560000,870640000,4913,1855
10883,870640000,870720000,6573,2280
10884,870720000,870800000,6033,1595
10885,870800000,870880000,10869,3166
10886,870880000,870960000,4798,1518
10887,870960000,871040000,6062,2332
10888,871040000,871120000,5581,1666
10889,871120000,871200000,6490,2197
10890,871200000,871280000,8764,2755
10891,871280000,871360000,6242,2015
10892,871360000,871440000,10372,3707
10893,871440000,871520000,7269,1931
10894,871520000,871600000,4626,1557
10895,871600000,871680000,6633,2392
10896,871680000,871760000,5789,1606
10897,871760000,871840000,11191,3148
10898,871840000,871920000,4527,1486
10899,871920000,872000000,5864,2297
10900,872000000,872080000,6252,1825
10901,872080000,872160000,9547,2844
10902,872160000,872240000,7448,1987
10903,872240000,872320000,4424,1561
10904,872320000,872400000,6791,2416
10905,872400000,872480000,6106,1717
10906,872480000,872560000,11017,3138
10907,872560000,872640000,4679,1491
10908,872640000,872720000,5561,2187
10909,872720000,872800000,6033,1741
10910,872800000,872880000,8954,2814
10911,872880000,872960000,7172,1923
10912,872960000,873040000,4373,1539
10913,873040000,873120000,6778,2374
10914,873120000,873200000,5997,1725
10915,873200000,873280000,10835,3131
10916,873280000,873360000,4805,1408
10917,873360000,873440000,5882,2204
10918,873440000,873520000,6471,1832
10919,873520000,873600000,9277,2836
10920,873600000,873680000,7581,1988
10921,873680000,873760000,4861,1521
10922,873760000,873840000,6726,2393
10923,873840000,873920000,6094,1699
10924,873920000,874000000,10677,3131
10925,874000000,874080000,4927,1494
10926,874080000,874160000,5861,2321
10927,874160000,874240000,6219,1843
10928,874240000,874320000,9182,2829
10929,874320000,874400000,7483,1984
10930,874400000,874480000,4447,1570
10931,874480000,874560000,6663,2428
10932,874560000,874640000,6454,1723
10933,874640000,874720000,11309,3126
10934,874720000,874800000,4790,1494
10935,874800000,874880000,5649,2327
10936,874880000,874960000,6627,1841
10937,874960000,875040000,9591,2810
10938,875040000,875120000,7098,1884
10939,875120000,875200000,4047,1482
10940,875200000,875280000,6661,2319
10941,875280000,875360000,6328,1630
10942,875360000,875440000,11002,3122
10943,875440000,875520000,4639,1492
10944,875520000,875600000,5786,2330
10945,875600000,875680000,6354,1830
10946,875680000,875760000,9345,2834
10947,875760000,875840000,7757,1989
10948,875840000,875920000,4703,1566
10949,875920000,876000000,6792,2420
10950,876000000,876080000,6264,1715
10951,876080000,876160000,11228,3124
10952,876160000,876240000,4988,1490
10953,876240000,876320000,5846,2324
10954,876320000,876400000,6523,1824
10955,876400000,876480000,9368,2823
10956,876480000,876560000,7060,1976
10957,876560000,876640000,4365,1541
10958,876640000,876720000,6412,2418
10959,876720000,876800000,5540,1715
10960,876800000,876880000,11151,3122
10961,876880000,876960000,4313,1476
10962,876960000,877040000,5889,2323
10963,877040000,877120000,6152,1825
10964,877120000,877200000,6625,2136
10965,877200000,877280000,8631,2776
10966,877280000,877360000,5927,1888
10967,877360000,877440000,9178,3289
10968,877440000,877520000,8827,2364
10969,877520000,877600000,4351,1529
10970,877600000,877680000,6393,2428
10971,877680000,877760000,5768,1713
10972,877760000,877840000,10721,2994
10973,877840000,877920000,5132,1670
10974,877920000,878000000,4625,1813
10975,878000000,878080000,6423,2153
10976,878080000,878160000,7924,2418
10977,878160000,878240000,8823,2414
10978,878240000,878320000,4266,1546
10979,878320000,878400000,6822,2432
10980,878400000,878480000,6734,1848
10981,878480000,878560000,10587,3001
10982,878560000,878640000,5229,1656
10983,878640000,878720000,4539,1809
10984,878720000,878800000,6716,2145
10985,878800000,878880000,7740,2422
10986,878880000,878960000,8972,2434
10987,878960000,879040000,4948,1547
10988,879040000,879120000,6452,2438
10989,879120000,879200000,6469,1847
10990,879200000,879280000,10492,2994
10991,879280000,879360000,5737,1674
10992,879360000,879440000,4727,1805
10993,879440000,879520000,7222,2163
10994,879520000,879600000,7997,2416
10995,879600000,879680000,8855,2420
10996,879680000,879760000,4597,1555
10997,879760000,879840000,6753,2442
10998,879840000,879920000,6873,1855
10999,879920000,880000000,10456,2976
11000,880000000,880080000,5386,1674
11001,880080000,880160000,4292,1698
11002,880160000,880240000,6837,2058
11003,880240000,880320000,7818,2381
11004,880320000,880400000,8675,2352
11005,880400000,880480000,4634,1536
11006,880480000,880560000,6717,2368
11007,880560000,880640000,6852,1856
11008,880640000,880720000,10615,2979
11009,880720000,880800000,5364,1606
11010,880800000,880880000,4531,1678
11011,880880000,880960000,7059,2145
11012,880960000,881040000,8304,2412
11013,881040000,881120000,8644,2318
11014,881120000,881200000,4375,1400
11015,881200000,881280000,6247,2354
11016,881280000,881360000,6718,1745
11017,881360000,881440000,10322,2963
11018,881440000,881520000,5529,1674
11019,881520000,881600000,4692,1805
11020,881600000,881680000,7099,2165
11021,881680000,881760000,7939,2412
11022,881760000,881840000,8920,2424
11023,881840000,881920000,4423,1549
11024,881920000,882000000,6412,2448
11025,882000000,882080000,6703,1851
11026,882080000,882160000,10847,2973
11027,882160000,882240000,5477,1679
11028,882240000,882320000,4494,1812
11029,882320000,882400000,7138,2161
11030,882400000,882480000,8121,2412
11031,882480000,882560000,8752,2418
11032,882560000,882640000,4257,1529
11033,882640000,882720000,6549,2433
11034,882720000,882800000,6374,1848
11035,882800000,882880000,10679,2973
11036,882880000,882960000,5533,1679
11037,882960000,883040000,4507,1812
11038,883040000,883120000,6898,2151
11039,883120000,883200000,6810,2150
11040,883200000,883280000,7982,2589
11041,883280000,883360000,6643,2135
11042,883360000,883440000,7973,2925
11043,883440000,883520000,9687,2692
11044,883520000,883600000,4606,1635
11045,883600000,883680000,6125,2372
11046,883680000,883760000,4805,1497
11047,883760000,883840000,11380,3193
11048,883840000,883920000,5470,1695
11049,883920000,884000000,4422,1795
11050,884000000,884080000,6786,2241
11051,884080000,884160000,6630,2004
11052,884160000,884240000,10152,2706
11053,884240000,884320000,5042,1672
11054,884320000,884400000,6423,2387
11055,884400000,884480000,5484,1625
11056,884480000,884560000,11271,3189
11057,884560000,884640000,5820,1700
11058,884640000,884720000,4678,1794
11059,884720000,884800000,7142,2250
11060,884800000,884880000,6806,2012
11061,884880000,884960000,9618,2708
11062,884960000,885040000,4931,1674
11063,885040000,885120000,6356,2387
11064,885120000,885200000,5932,1629
11065,885200000,885280000,11000,3182
11066,885280000,885360000,5570,1698
11067,885360000,885440000,4572,1798
11068,885440000,885520000,7050,2247
11069,885520000,885600000,6987,2007
11070,885600000,885680000,9619,2678
11071,885680000,885760000,4974,1676
11072,885760000,885840000,6768,2382
11073,885840000,885920000,6127,1642
11074,885920000,886000000,11070,3183
11075,886000000,886080000,5528,1695
11076,886080000,886160000,4187,1763
11077,886160000,886240000,6940,2232
11078,886240000,886320000,6712,2010
11079,886320000,886400000,9712,2681
11080,886400000,886480000,5548,1678
11081,886480000,886560000,6542,2388
11082,886560000,886640000,6025,1640
11083,886640000,886720000,11298,3172
11084,886720000,886800000,6109,1699
11085,886800000,886880000,4611,1795
11086,886880000,886960000,7271,2247
11087,886960000,887040000,7127,2010
11088,887040000,887120000,9569,2598
11089,887120000,887200000,4938,1556
11090,887200000,887280000,6218,2300
11091,887280000,887360000,5948,1522
11092,887360000,887440000,11179,3153
11093,887440000,887520000,5807,1690
11094,887520000,887600000,4379,1719
11095,887600000,887680000,6987,2108
11096,887680000,887760000,6946,1963
11097,887760000,887840000,9528,2638
11098,887840000,887920000,5055,1640
11099,887920000,888000000,6493,2307
11100,888000000,888080000,6285,1627
11101,888080000,888160000,11192,3168
11102,888160000,888240000,5820,1655
11103,888240000,888320000,4365,1631
11104,888320000,888400000,7351,2220
11105,888400000,888480000,6877,2003
11106,888480000,888560000,9615,2688
11107,888560000,888640000,5018,1618
11108,888640000,888720000,6334,2346
11109,888720000,888800000,5439,1592
11110,888800000,888880000,11092,3168
11111,888880000,888960000,5559,1693
11112,888960000,889040000,4532,1795
11113,889040000,889120000,6957,2239
11114,889120000,889200000,6331,1988
11115,889200000,889280000,6727,2314
11116,889280000,889360000,7348,2342
11117,889360000,889440000,7657,2715
11118,889440000,889520000,10910,3151
11119,889520000,889600000,4140,1359
11120,889600000,889680000,6040,2217
11121,889680000,889760000,4845,1529
11122,889760000,889840000,11067,3132
11123,889840000,889920000,6011,1725
11124,889920000,890000000,4889,1814
11125,890000000,890080000,6203,2231
11126,890080000,890160000,5751,1587
11127,890160000,890240000,11057,3177
11128,890240000,890320000,5029,1520
11129,890320000,890400000,6309,2330
11130,890400000,890480000,5558,1662
11131,890480000,890560000,10825,3139
11132,890560000,890640000,6217,1732
11133,890640000,890720000,4772,1878
11134,890720000,890800000,6456,2291
11135,890800000,890880000,5190,1596
11136,890880000,890960000,10772,3186
11137,890960000,891040000,4772,1525
11138,891040000,891120000,5889,2333
11139,891120000,891200000,4853,1673
11140,891200000,891280000,10695,3120
11141,891280000,891360000,6268,1737
11142,891360000,891440000,4964,1877
11143,891440000,891520000,6853,2287
11144,891520000,891600000,5815,1597
11145,891600000,891680000,11214,3177
11146,891680000,891760000,4980,1524
11147,891760000,891840000,6186,2338
11148,891840000,891920000,5625,1669
11149,891920000,892000000,10890,3127
11150,892000000,892080000,6352,1727
11151,892080000,892160000,5031,1871
11152,892160000,892240000,6953,2293
11153,892240000,892320000,6027,1601
11154,892320000,892400000,10984,3163
11155,892400000,892480000,5163,1516
11156,892480000,892560000,6138,2331
11157,892560000,892640000,5514,1680
11158,892640000,892720000,10964,3117
11159,892720000,892800000,6450,1727
11160,892800000,892880000,5045,1876
11161,892880000,892960000,6648,2282
11162,892960000,893040000,6255,1604
11163,893040000,893120000,10900,3085
11164,893120000,893200000,4631,1397
11165,893200000,893280000,6101,2256
11166,893280000,893360000,5413,1552
11167,893360000,893440000,10899,3107
11168,893440000,893520000,6147,1730
11169,893520000,893600000,4639,1859
11170,893600000,893680000,6731,2266
11171,893680000,893760000,6172,1599
11172,893760000,893840000,10930,3168
11173,893840000,893920000,4955,1514
11174,893920000,894000000,6312,2338
11175,894000000,894080000,5957,1666
11176,894080000,894160000,11052,3121
11177,894160000,894240000,6121,1727
11178,894240000,894320000,5151,1874
11179,894320000,894400000,6813,2279
11180,894400000,894480000,6150,1603
11181,894480000,894560000,10833,3160
11182,894560000,894640000,4578,1496
11183,894640000,894720000,6046,2332
11184,894720000,894800000,5053,1661
11185,894800000,894880000,10985,3115
11186,894880000,894960000,5797,1721
11187,894960000,895040000,4679,1798
11188,895040000,895120000,6321,2145
11189,895120000,895200000,5316,1554
11190,895200000,895280000,6579,2322
11191,895280000,895360000,8516,2607
11192,895360000,895440000,7405,2585
11193,895440000,895520000,11289,3328
11194,895520000,895600000,4858,1442
11195,895600000,895680000,5921,2312
11196,895680000,895760000,5391,1704
11197,895760000,895840000,9421,2830
11198,895840000,895920000,7555,1989
11199,895920000,896000000,4364,1561
11200,896000000,896080000,6621,2415
11201,896080000,896160000,5795,1720
11202,896160000,896240000,11490,3144
11203,896240000,896320000,4794,1486
11204,896320000,896400000,5650,2189
11205,896400000,896480000,5754,1729
11206,896480000,896560000,9343,2811
11207,896560000,896640000,7195,1922
11208,896640000,896720000,4240,1506
11209,896720000,896800000,6613,2364
11210,896800000,896880000,5993,1726
11211,896880000,896960000,10878,3138
11212,896960000,897040000,4373,1406
11213,897040000,897120000,5744,2202
11214,897120000,897200000,5800,1824
11215,897200000,897280000,9160,2838
11216,897280000,897360000,7595,1982
11217,897360000,897440000,4694,1517
11218,897440000,897520000,6706,2391
11219,897520000,897600000,5925,1692
11220,897600000,897680000,10954,3132
11221,897680000,897760000,4905,1488
11222,897760000,897840000,5996,2321
11223,897840000,897920000,6321,1837
11224,897920000,898000000,9228,2832
11225,898000000,898080000,7138,1977
11226,898080000,898160000,4282,1565
11227,898160000,898240000,6587,2428
11228,898240000,898320000,6024,1728
11229,898320000,898400000,11042,3131
11230,898400000,898480000,5011,1496
11231,898480000,898560000,5599,2327
11232,898560000,898640000,6160,1837
11233,898640000,898720000,9446,2824
11234,898720000,898800000,7700,1985
11235,898800000,898880000,4511,1566
11236,898880000,898960000,6987,2424
11237,898960000,899040000,6131,1718
11238,899040000,899120000,11197,3082
11239,899120000,899200000,4669,1359
11240,899200000,899280000,5579,2258
11241,899280000,899360000,5819,1707
11242,899360000,899440000,9293,2804
11243,899440000,899520000,7675,1979
11244,899520000,899600000,4526,1560
11245,899600000,899680000,6931,2430
11246,899680000,899760000,6094,1722
11247,899760000,899840000,11025,3126
11248,899840000,899920000,4887,1482
11249,899920000,900000000,5724,2302
11250,900000000,900080000,6263,1838
11251,900080000,900160000,9394,2823
11252,900160000,900240000,7605,1974
11253,900240000,900320000,4612,1562
11254,900320000,900400000,6594,2420
11255,900400000,900480000,6462,1720
11256,900480000,900560000,11094,3116
11257,900560000,900640000,4001,1455
11258,900640000,900720000,5864,2323
11259,900720000,900800000,6417,1831
11260,900800000,900880000,9429,2823
11261,900880000,900960000,7294,1979
11262,900960000,901040000,4186,1549
11263,901040000,901120000,6599,2402
11264,901120000,901200000,6180,1751
11265,901200000,901280000,6386,2187
11266,901280000,901360000,9112,2742
11267,901360000,901440000,7116,2383
11268,901440000,901520000,11272,3450
11269,901520000,901600000,5155,1618
11270,901600000,901680000,4547,1788
11271,901680000,901760000,6015,2054
11272,901760000,901840000,7841,2375
11273,901840000,901920000,8817,2416
11274,901920000,902000000,4113,1546
11275,902000000,902080000,6707,2432
11276,902080000,902160000,6511,1849
11277,902160000,902240000,10995,2994
11278,902240000,902320000,5577,1660
11279,902320000,902400000,4579,1808
11280,902400000,902480000,6737,2141
11281,902480000,902560000,8191,2413
11282,902560000,902640000,8910,2426
11283,902640000,902720000,4716,1549
11284,902720000,902800000,6544,2438
11285,902800000,902880000,6634,1854
11286,902880000,902960000,10407,2998
11287,902960000,903040000,5492,1684
11288,903040000,903120000,4657,1808
11289,903120000,903200000,6689,2159
11290,903200000,903280000,7903,2413
11291,903280000,903360000,9056,2431
11292,903360000,903440000,4765,1553
11293,903440000,903520000,6655,2434
11294,903520000,903600000,6977,1856
11295,903600000,903680000,10748,2990
11296,903680000,903760000,5731,1677
11297,903760000,903840000,4403,1698
11298,903840000,903920000,6866,2056
11299,903920000,904000000,8038,2378
11300,904000000,904080000,8659,2362
11301,904080000,904160000,4327,1526
11302,904160000,904240000,6613,2368
11303,904240000,904320000,6802,1849
11304,904320000,904400000,10598,2977
11305,904400000,904480000,5473,1604
11306,904480000,904560000,4533,1678
11307,904560000,904640000,7088,2143
11308,904640000,904720000,8035,2403
11309,904720000,904800000,9109,2418
11310,904800000,904880000,4860,1489
11311,904880000,904960000,6555,2411
11312,904960000,905040000,6446,1821
11313,905040000,905120000,10558,2943
11314,905120000,905200000,5449,1544
11315,905200000,905280000,4527,1740
11316,905280000,905360000,6485,2040
11317,905360000,905440000,7750,2371
11318,905440000,905520000,8803,2415
11319,905520000,905600000,4327,1549
11320,905600000,905680000,6552,2448
11321,905680000,905760000,6423,1856
11322,905760000,905840000,10528,2984
11323,905840000,905920000,5473,1677
11324,905920000,906000000,4403,1809
11325,906000000,906080000,6838,2160
11326,906080000,906160000,8158,2407
11327,906160000,906240000,9240,2418
11328,906240000,906320000,4498,1547
11329,906320000,906400000,6719,2443
11330,906400000,906480000,7064,1849
11331,906480000,906560000,10789,2978
11332,906560000,906640000,5184,1658
11333,906640000,906720000,4466,1812
11334,906720000,906800000,6856,2161
11335,906800000,906880000,8089,2403
11336,906880000,906960000,9071,2414
11337,906960000,907040000,4621,1548
11338,907040000,907120000,6780,2444
11339,907120000,907200000,6839,1841
11340,907200000,907280000,6374,2155
11341,907280000,907360000,8447,2636
11342,907360000,907440000,6085,2308
11343,907440000,907520000,11150,3619
11344,907520000,907600000,5355,1640
11345,907600000,907680000,4377,1793
11346,907680000,907760000,6610,2151
11347,907760000,907840000,6559,1948
11348,907840000,907920000,10039,2698
11349,907920000,908000000,4690,1667
11350,908000000,908080000,6370,2384
11351,908080000,908160000,5539,1626
11352,908160000,908240000,11621,3193
11353,908240000,908320000,5806,1699
11354,908320000,908400000,4804,1798
11355,908400000,908480000,7183,2242
11356,908480000,908560000,6871,2001
11357,908560000,908640000,9819,2704
11358,908640000,908720000,5261,1677
11359,908720000,908800000,6490,2388
11360,908800000,908880000,5746,1637
11361,908880000,908960000,11020,3197
11362,908960000,909040000,5954,1705
11363,909040000,909120000,4516,1798
11364,909120000,909200000,6739,2253
11365,909200000,909280000,6679,2008
11366,909280000,909360000,9875,2689
11367,909360000,909440000,5203,1674
11368,909440000,909520000,6732,2383
11369,909520000,909600000,6139,1639
11370,909600000,909680000,11299,3184
11371,909680000,909760000,5800,1698
11372,909760000,909840000,4361,1781
11373,909840000,909920000,6871,2232
11374,909920000,910000000,6786,2004
11375,910000000,910080000,9577,2689
11376,910080000,910160000,5280,1677
11377,910160000,910240000,6483,2391
11378,910240000,910320000,5939,1632
11379,910320000,910400000,11180,3177
11380,910400000,910480000,5956,1703
11381,910480000,910560000,4591,1795
11382,910560000,910640000,7255,2252
11383,910640000,910720000,7087,2002
11384,910720000,910800000,9990,2694
11385,910800000,910880000,5385,1670
11386,910880000,910960000,6612,2386
11387,910960000,911040000,6216,1640
11388,911040000,911120000,11406,3131
11389,911120000,911200000,5840,1586
11390,911200000,911280000,4124,1637
11391,911280000,911360000,6704,2013
11392,911360000,911440000,6945,1948
11393,911440000,911520000,9673,2634
11394,911520000,911600000,5143,1636
11395,911600000,911680000,6506,2306
11396,911680000,911760000,6181,1628
11397,911760000,911840000,11246,3176
11398,911840000,911920000,5878,1658
11399,911920000,912000000,4242,1631
11400,912000000,912080000,7329,2215
11401,912080000,912160000,6878,1994
11402,912160000,912240000,10016,2686
11403,912240000,912320000,5168,1636
11404,912320000,912400000,6402,2346
11405,912400000,912480000,5590,1588
11406,912480000,912560000,11209,3172
11407,912560000,912640000,5318,1696
11408,912640000,912720000,4500,1775
11409,912720000,912800000,6874,2238
11410,912800000,912880000,6811,1994
11411,912880000,912960000,9593,2686
11412,912960000,913040000,4871,1670
11413,913040000,913120000,6192,2386
11414,913120000,913200000,5721,1624
11415,913200000,913280000,5992,2208
11416,913280000,913360000,7976,2744
11417,913360000,913440000,6124,2162
11418,913440000,913520000,10825,3689
11419,913520000,913600000,5591,1673
11420,913600000,913680000,4939,1817
11421,913680000,913760000,6045,2157
11422,913760000,913840000,5180,1490
11423,913840000,913920000,10526,3166
11424,913920000,914000000,4804,1518
11425,914000000,914080000,6129,2327
11426,914080000,914160000,5018,1638
11427,914160000,914240000,10895,3144
11428,914240000,914320000,5686,1737
11429,914320000,914400000,4802,1876
11430,914400000,914480000,6621,2283
11431,914480000,914560000,5644,1592
11432,914560000,914640000,10312,3182
11433,914640000,914720000,4228,1514
11434,914720000,914800000,5986,2332
11435,914800000,914880000,5551,1676
11436,914880000,914960000,10373,3144
11437,914960000,915040000,5579,1733
11438,915040000,915120000,4633,1874
11439,915120000,915200000,6811,2290
11440,915200000,915280000,5875,1598
11441,915280000,915360000,11195,3176
11442,915360000,915440000,4809,1520
11443,915440000,915520000,6215,2338
11444,915520000,915600000,5640,1674
11445,915600000,915680000,10938,3135
11446,915680000,915760000,6420,1738
11447,915760000,915840000,5280,1871
11448,915840000,915920000,6963,2292
11449,915920000,916000000,6111,1593
11450,916000000,916080000,11073,3161
11451,916080000,916160000,4754,1524
11452,916160000,916240000,6079,2333
11453,916240000,916320000,5699,1673
11454,916320000,916400000,10771,3125
11455,916400000,916480000,6019,1735
11456,916480000,916560000,5082,1875
11457,916560000,916640000,6750,2283
11458,916640000,916720000,6168,1595
11459,916720000,916800000,11293,3156
11460,916800000,916880000,4925,1525
11461,916880000,916960000,6350,2330
11462,916960000,917040000,5818,1666
11463,917040000,917120000,11128,3096
11464,917120000,917200000,6086,1634
11465,917200000,917280000,4529,1783
11466,917280000,917360000,6628,2172
11467,917360000,917440000,5706,1517
11468,917440000,917520000,11080,3162
11469,917520000,917600000,5209,1521
11470,917600000,917680000,6358,2337
11471,917680000,917760000,5681,1662
11472,917760000,917840000,10868,3120
11473,917840000,917920000,6478,1728
11474,917920000,918000000,5065,1870
11475,918000000,918080000,6756,2280
11476,918080000,918160000,6112,1593
11477,918160000,918240000,11263,3164
11478,918240000,918320000,4932,1519
11479,918320000,918400000,6159,2331
11480,918400000,918480000,5697,1662
11481,918480000,918560000,11161,3123
11482,918560000,918640000,5802,1730
11483,918640000,918720000,4714,1802
11484,918720000,918800000,6416,2145
11485,918800000,918880000,6131,1527
11486,918880000,918960000,10981,3123
11487,918960000,919040000,4310,1478
11488,919040000,919120000,6065,2258
11489,919120000,919200000,5894,1661
11490,919200000,919280000,6242,2200
11491,919280000,919360000,7944,2757
11492,919360000,919440000,5895,2015
11493,919440000,919520000,10086,3709
11494,919520000,919600000,6800,1926
11495,919600000,919680000,4414,1557
11496,919680000,919760000,6650,2388
11497,919760000,919840000,5345,1606
11498,919840000,919920000,10833,3140
11499,919920000,920000000,4352,1483
11500,920000000,920080000,5625,2187
11501,920080000,920160000,5503,1729
11502,920160000,920240000,9308,2815
11503,920240000,920320000,6808,1924
11504,920320000,920400000,4369,1537
11505,920400000,920480000,6683,2364
11506,920480000,920560000,6054,1717
11507,920560000,920640000,10510,3142
11508,920640000,920720000,4297,1404
11509,920720000,920800000,5763,2204
11510,920800000,920880000,5665,1815
11511,920880000,920960000,8865,2837
11512,920960000,921040000,6987,1993
11513,921040000,921120000,4401,1517
11514,921120000,921200000,6424,2381
11515,921200000,921280000,5633,1697
11516,921280000,921360000,10413,3143
11517,921360000,921440000,4660,1486
11518,921440000,921520000,5976,2321
11519,921520000,921600000,6186,1839
11520,921600000,921680000,9163,2843
11521,921680000,921760000,6963,1990
11522,921760000,921840000,4331,1565
11523,921840000,921920000,6658,2430
11524,921920000,922000000,6179,1725
11525,922000000,922080000,10390,3131
11526,922080000,922160000,4517,1488
11527,922160000,922240000,5475,2325
11528,922240000,922320000,6173,1843
11529,922320000,922400000,9038,2832
11530,922400000,922480000,7300,1984
11531,922480000,922560000,4326,1565
11532,922560000,922640000,6914,2426
11533,922640000,922720000,6413,1723
11534,922720000,922800000,11413,3124
11535,922800000,922880000,4872,1494
11536,922880000,922960000,5884,2328
11537,922960000,923040000,6641,1840
11538,923040000,923120000,9468,2809
11539,923120000,923200000,7358,1890
11540,923200000,923280000,4384,1479
11541,923280000,923360000,6817,2331
11542,923360000,923440000,5711,1622
11543,923440000,923520000,11121,3124
11544,923520000,923600000,4854,1490
11545,923600000,923680000,5812,2326
11546,923680000,923760000,6274,1836
11547,923760000,923840000,9264,2829
11548,923840000,923920000,7608,1987
11549,923920000,924000000,4585,1570
11550,924000000,924080000,6474,2419
11551,924080000,924160000,6207,1721
11552,924160000,924240000,11401,3106
11553,924240000,924320000,4951,1482
11554,924320000,924400000,6055,2323
11555,924400000,924480000,6299,1829
11556,924480000,924560000,9389,2830
11557,924560000,924640000,7575,1975
11558,924640000,924720000,4132,1507
11559,924720000,924800000,6459,2402
11560,924800000,924880000,5659,1715
11561,924880000,924960000,11051,3118
11562,924960000,925040000,5057,1494
11563,925040000,925120000,5968,2328
11564,925120000,925200000,5913,1824
11565,925200000,925280000,6431,2139
11566,925280000,925360000,7931,2776
11567,925360000,925440000,5565,1888
11568,925440000,925520000,8820,3290
11569,925520000,925600000,8318,2351
11570,925600000,925680000,4194,1530
11571,925680000,925760000,6767,2421
11572,925760000,925840000,5837,1714
11573,925840000,925920000,10382,2990
11574,925920000,926000000,5316,1656
11575,926000000,926080000,4586,1809
11576,926080000,926160000,6277,2139
11577,926160000,926240000,8041,2416
11578,926240000,926320000,8789,2438
11579,926320000,926400000,5053,1549
11580,926400000,926480000,6605,2438
11581,926480000,926560000,6451,1847
11582,926560000,926640000,10134,3003
11583,926640000,926720000,5409,1674
11584,926720000,926800000,4721,1805
11585,926800000,926880000,6587,2159
11586,926880000,926960000,7624,2420
11587,926960000,927040000,8430,2434
11588,927040000,927120000,4415,1551
11589,927120000,927200000,6506,2442
11590,927200000,927280000,6506,1853
11591,927280000,927360000,10256,2990
11592,927360000,927440000,5747,1678
11593,927440000,927520000,4511,1698
11594,927520000,927600000,6918,2058
11595,927600000,927680000,7869,2388
11596,927680000,927760000,8495,2362
11597,927760000,927840000,4604,1526
11598,927840000,927920000,6764,2368
11599,927920000,928000000,6831,1856
11600,928000000,928080000,10015,2994
11601,928080000,928160000,5154,1600
11602,928160000,928240000,4423,1679
11603,928240000,928320000,6837,2153
11604,928320000,928400000,7781,2409
11605,928400000,928480000,8643,2426
11606,928480000,928560000,4727,1511
11607,928560000,928640000,6541,2411
11608,928640000,928720000,6503,1820
11609,928720000,928800000,10260,2985
11610,928800000,928880000,5506,1679
11611,928880000,928960000,4701,1808
11612,928960000,929040000,7076,2168
11613,929040000,929120000,8080,2412
11614,929120000,929200000,8059,2324
11615,929200000,929280000,4010,1456
11616,929280000,929360000,6307,2360
11617,929360000,929440000,6314,1746
11618,929440000,929520000,10078,2977
11619,929520000,929600000,5101,1674
11620,929600000,929680000,4321,1785
11621,929680000,929760000,6855,2171
11622,929760000,929840000,7745,2408
11623,929840000,929920000,8831,2424
11624,929920000,930000000,4535,1555
11625,930000000,930080000,6666,2441
11626,930080000,930160000,6477,1856
11627,930160000,930240000,10837,2971
11628,930240000,930320000,5936,1675
11629,930320000,930400000,4667,1812
11630,930400000,930480000,7120,2167
11631,930480000,930560000,8068,2412
11632,930560000,930640000,9068,2420
11633,930640000,930720000,4586,1526
11634,930720000,930800000,6583,2436
11635,930800000,930880000,6733,1856
11636,930880000,930960000,10772,2975
11637,930960000,931040000,5551,1675
11638,931040000,931120000,4589,1808
11639,931120000,931200000,7049,2163
11640,931200000,931280000,6681,2153
11641,931280000,931360000,7429,2589
11642,931360000,931440000,6296,2135
11643,931440000,931520000,7709,2925
11644,931520000,931600000,9446,2695
11645,931600000,931680000,4814,1634
11646,931680000,931760000,6451,2374
11647,931760000,931840000,4878,1500
11648,931840000,931920000,11123,3190
11649,931920000,932000000,5691,1694
11650,932000000,932080000,4637,1794
11651,932080000,932160000,6813,2240
11652,932160000,932240000,6627,2006
11653,932240000,932320000,9798,2704
11654,932320000,932400000,5140,1672
11655,932400000,932480000,6387,2383
11656,932480000,932560000,5694,1621
11657,932560000,932640000,10872,3189
11658,932640000,932720000,5533,1694
11659,932720000,932800000,4497,1798
11660,932800000,932880000,7077,2253
11661,932880000,932960000,6627,2009
11662,932960000,933040000,9191,2698
11663,933040000,933120000,4847,1677
11664,933120000,933200000,6727,2383
11665,933200000,933280000,5850,1642
11666,933280000,933360000,10769,3193
11667,933360000,933440000,5555,1701
11668,933440000,933520000,4414,1781
11669,933520000,933600000,7226,2237
11670,933600000,933680000,6858,2010
11671,933680000,933760000,9347,2706
11672,933760000,933840000,5393,1671
11673,933840000,933920000,6618,2391
11674,933920000,934000000,6101,1640
11675,934000000,934080000,10746,3189
11676,934080000,934160000,5571,1695
11677,934160000,934240000,4517,1791
11678,934240000,934320000,6919,2247
11679,934320000,934400000,6885,2010
11680,934400000,934480000,9383,2697
11681,934480000,934560000,5172,1655
11682,934560000,934640000,6468,2383
11683,934640000,934720000,6183,1640
11684,934720000,934800000,11164,3169
11685,934800000,934880000,5882,1700
11686,934880000,934960000,4468,1723
11687,934960000,935040000,6923,2103
11688,935040000,935120000,6836,1964
11689,935120000,935200000,9303,2580
11690,935200000,935280000,5044,1556
11691,935280000,935360000,6310,2227
11692,935360000,935440000,5656,1516
11693,935440000,935520000,10847,3170
11694,935520000,935600000,5556,1651
11695,935600000,935680000,4248,1631
11696,935680000,935760000,7285,2218
11697,935760000,935840000,6773,2001
11698,935840000,935920000,9510,2704
11699,935920000,936000000,5037,1635
11700,936000000,936080000,6366,2345
11701,936080000,936160000,5438,1592
11702,936160000,936240000,10940,3174
11703,936240000,936320000,5627,1693
11704,936320000,936400000,4723,1795
11705,936400000,936480000,7035,2238
11706,936480000,936560000,6962,2005
11707,936560000,936640000,9162,2694
11708,936640000,936720000,4805,1648
11709,936720000,936800000,6117,2387
11710,936800000,936880000,5797,1625
11711,936880000,936960000,10929,3171
11712,936960000,937040000,5392,1694
11713,937040000,937120000,4291,1798
11714,937120000,937200000,6923,2241
11715,937200000,937280000,6620,1987
11716,937280000,937360000,6543,2317
11717,937360000,937440000,6973,2348
11718,937440000,937520000,7277,2719
11719,937520000,937600000,10431,3162
11720,937600000,937680000,4557,1480
11721,937680000,937760000,6096,2316
11722,937760000,937840000,4684,1540
11723,937840000,937920000,10830,3134
11724,937920000,938000000,5649,1722
11725,938000000,938080000,4725,1875
11726,938080000,938160000,6486,2283
11727,938160000,938240000,5627,1596
11728,938240000,938320000,10821,3187
11729,938320000,938400000,4562,1520
11730,938400000,938480000,5929,2333
11731,938480000,938560000,5380,1660
11732,938560000,938640000,10787,3141
11733,938640000,938720000,5502,1733
11734,938720000,938800000,4685,1875
11735,938800000,938880000,6685,2279
11736,938880000,938960000,6016,1597
11737,938960000,939040000,10478,3192
11738,939040000,939120000,4533,1519
11739,939120000,939200000,5963,2335
11740,939200000,939280000,5373,1662
11741,939280000,939360000,10653,3139
11742,939360000,939440000,5885,1730
11743,939440000,939520000,5091,1848
11744,939520000,939600000,7025,2290
11745,939600000,939680000,6123,1597
11746,939680000,939760000,10796,3177
11747,939760000,939840000,4927,1518
11748,939840000,939920000,6155,2333
11749,939920000,940000000,5744,1677
11750,940000000,940080000,10652,3134
11751,940080000,940160000,5775,1729
11752,940160000,940240000,4886,1878
11753,940240000,940320000,6508,2290
11754,940320000,940400000,5943,1602
11755,940400000,940480000,10606,3153
11756,940480000,940560000,4794,1526
11757,940560000,940640000,6307,2330
11758,940640000,940720000,6075,1671
11759,940720000,940800000,10922,3126
11760,940800000,940880000,6026,1737
11761,940880000,940960000,4854,1860
11762,940960000,941040000,6925,2273
11763,941040000,941120000,5914,1596
11764,941120000,941200000,10516,3099
11765,941200000,941280000,4725,1401
11766,941280000,941360000,6106,2263
11767,941360000,941440000,5281,1545
11768,941440000,941520000,10712,3113
11769,941520000,941600000,5845,1735
11770,941600000,941680000,5020,1868
11771,941680000,941760000,6910,2289
11772,941760000,941840000,6012,1588
11773,941840000,941920000,10495,3166
11774,941920000,942000000,4890,1524
11775,942000000,942080000,6212,2333
11776,942080000,942160000,5856,1661
11777,942160000,942240000,10985,3122
11778,942240000,942320000,6055,1724
11779,942320000,942400000,4991,1821
11780,942400000,942480000,6619,2146
11781,942480000,942560000,5858,1534
11782,942560000,942640000,10509,3121
11783,942640000,942720000,4786,1455
11784,942720000,942800000,5982,2257
11785,942800000,942880000,5629,1663
11786,942880000,942960000,10843,3127
11787,942960000,943040000,5720,1702
11788,943040000,943120000,4524,1695
11789,943120000,943200000,6714,2259
11790,943200000,943280000,5586,1612
11791,943280000,943360000,6116,2325
11792,943360000,943440000,7775,2607
11793,943440000,943520000,6991,2585
11794,943520000,943600000,10937,3331
11795,943600000,943680000,4367,1440
11796,943680000,943760000,5616,2178
11797,943760000,943840000,5026,1531
11798,943840000,943920000,9145,2770
11799,943920000,944000000,6890,1926
11800,944000000,944080000,4249,1533
11801,944080000,944160000,6513,2353
11802,944160000,944240000,5553,1629
11803,944240000,944320000,10976,3136
11804,944320000,944400000,4591,1406
11805,944400000,944480000,5825,2202
11806,944480000,944560000,5935,1812
11807,944560000,944640000,9407,2840
11808,944640000,944720000,6892,1985
11809,944720000,944800000,4353,1515
11810,944800000,944880000,6407,2383
11811,944880000,944960000,6149,1698
11812,944960000,945040000,10420,3150
11813,945040000,945120000,4552,1493
11814,945120000,945200000,5852,2323
11815,945200000,945280000,6198,1831
11816,945280000,945360000,9231,2841
11817,945360000,945440000,6916,1984
11818,945440000,945520000,4463,1569
11819,945520000,945600000,6573,2420
11820,945600000,945680000,6319,1728
11821,945680000,945760000,10657,3146
11822,945760000,945840000,4767,1494
11823,945840000,945920000,5623,2325
11824,945920000,946000000,6329,1839
11825,946000000,946080000,9285,2839
11826,946080000,946160000,6693,1988
11827,946160000,946240000,4198,1565
11828,946240000,946320000,6850,2426
11829,946320000,946400000,6309,1728
11830,946400000,946480000,10653,3137
11831,946480000,946560000,4860,1490
11832,946560000,946640000,5766,2328
11833,946640000,946720000,6335,1834
11834,946720000,946800000,9474,2827
11835,946800000,946880000,7303,1983
11836,946880000,946960000,4709,1569
11837,946960000,947040000,7008,2430
11838,947040000,947120000,6544,1720
11839,947120000,947200000,10815,3082
11840,947200000,947280000,4380,1359
11841,947280000,947360000,5601,2254
11842,947360000,947440000,6161,1703
11843,947440000,947520000,9315,2809
11844,947520000,947600000,6967,1980
11845,947600000,947680000,4582,1564
11846,947680000,947760000,6651,2430
11847,947760000,947840000,6303,1718
11848,947840000,947920000,10683,3130
11849,947920000,948000000,4600,1480
11850,948000000,948080000,5917,2321
11851,948080000,948160000,6338,1837
11852,948160000,948240000,9391,2826
11853,948240000,948320000,7164,1982
11854,948320000,948400000,4326,1552
11855,948400000,948480000,6992,2410
11856,948480000,948560000,6259,1716
11857,948560000,948640000,10532,3130
11858,948640000,948720000,4438,1466
11859,948720000,948800000,5996,2328
11860,948800000,948880000,5924,1831
11861,948880000,948960000,9262,2818
11862,948960000,949040000,6936,1978
11863,949040000,949120000,4442,1563
11864,949120000,949200000,6818,2422
11865,949200000,949280000,5889,1747
11866,949280000,949360000,6060,2190
11867,949360000,949440000,8437,2740
11868,949440000,949520000,6747,2383
11869,949520000,949600000,10997,3449
11870,949600000,949680000,5022,1606
11871,949680000,949760000,4612,1808
11872,949760000,949840000,6140,2040
11873,949840000,949920000,7737,2375
11874,949920000,950000000,8716,2427
11875,950000000,950080000,4853,1545
11876,950080000,950160000,6520,2438
11877,950160000,950240000,6041,1848
11878,950240000,950320000,10497,2996
11879,950320000,950400000,5402,1674
11880,950400000,950480000,4869,1808
11881,950480000,950560000,6799,2155
11882,950560000,950640000,7904,2413
11883,950640000,950720000,8346,2420
11884,950720000,950800000,4489,1549
11885,950800000,950880000,6610,2442
11886,950880000,950960000,6320,1854
11887,950960000,951040000,10130,3006
11888,951040000,951120000,5404,1684
11889,951120000,951200000,4371,1701
11890,951200000,951280000,6668,2060
11891,951280000,951360000,7844,2383
11892,951360000,951440000,8614,2373
11893,951440000,951520000,4640,1530
11894,951520000,951600000,6857,2370
11895,951600000,951680000,6932,1855
11896,951680000,951760000,10322,2992
11897,951760000,951840000,5558,1609
11898,951840000,951920000,4537,1679
11899,951920000,952000000,7253,2149
11900,952000000,952080000,8122,2414
11901,952080000,952160000,8518,2424
11902,952160000,952240000,4539,1507
11903,952240000,952320000,6505,2411
11904,952320000,952400000,6534,1813
11905,952400000,952480000,10120,2983
11906,952480000,952560000,5575,1682
11907,952560000,952640000,4740,1808
11908,952640000,952720000,7071,2163
11909,952720000,952800000,8159,2403
11910,952800000,952880000,8646,2426
11911,952880000,952960000,4641,1553
11912,952960000,953040000,6537,2446
11913,953040000,953120000,6748,1848
11914,953120000,953200000,10380,2955
11915,953200000,953280000,5120,1542
11916,953280000,953360000,4261,1744
11917,953360000,953440000,6332,2040
11918,953440000,953520000,7744,2371
11919,953520000,953600000,8433,2428
11920,953600000,953680000,4359,1545
11921,953680000,953760000,6605,2442
11922,953760000,953840000,6508,1855
11923,953840000,953920000,10167,2976
11924,953920000,954000000,5150,1673
11925,954000000,954080000,4506,1813
11926,954080000,954160000,6818,2160
11927,954160000,954240000,8149,2407
11928,954240000,954320000,8834,2420
11929,954320000,954400000,4767,1548
11930,954400000,954480000,6838,2436
11931,954480000,954560000,6886,1845
11932,954560000,954640000,10384,2980
11933,954640000,954720000,5380,1654
11934,954720000,954800000,4586,1808
11935,954800000,954880000,6434,2151
11936,954880000,954960000,7776,2403
11937,954960000,955040000,8631,2418
11938,955040000,955120000,4659,1547
11939,955120000,955200000,6306,2438
11940,955200000,955280000,6209,1844
11941,955280000,955360000,5928,2158
11942,955360000,955440000,8106,2636
11943,955440000,955520000,6208,2304
11944,955520000,955600000,11119,3613
11945,955600000,955680000,5248,1641
11946,955680000,955760000,4744,1796
11947,955760000,955840000,6607,2150
11948,955840000,955920000,6351,1948
11949,955920000,956000000,9670,2706
11950,956000000,956080000,4988,1671
11951,956080000,956160000,6433,2384
11952,956160000,956240000,5169,1625
11953,956240000,956320000,11224,3193
11954,956320000,956400000,5521,1695
11955,956400000,956480000,4684,1798
11956,956480000,956560000,6637,2239
11957,956560000,956640000,6632,2000
11958,956640000,956720000,9505,2690
11959,956720000,956800000,4846,1670
11960,956800000,956880000,6709,2382
11961,956880000,956960000,5974,1634
11962,956960000,957040000,10894,3202
11963,957040000,957120000,5522,1698
11964,957120000,957200000,4271,1781
11965,957200000,957280000,7181,2238
11966,957280000,957360000,6880,2006
11967,957360000,957440000,9487,2705
11968,957440000,957520000,5532,1673
11969,957520000,957600000,6620,2391
11970,957600000,957680000,6195,1638
11971,957680000,957760000,10988,3190
11972,957760000,957840000,5877,1704
11973,957840000,957920000,4670,1791
11974,957920000,958000000,7103,2250
11975,958000000,958080000,6729,2008
11976,958080000,958160000,9160,2701
11977,958160000,958240000,5107,1671
11978,958240000,958320000,6456,2387
11979,958320000,958400000,5753,1632
11980,958400000,958480000,11025,3182
11981,958480000,958560000,5852,1699
11982,958560000,958640000,4467,1723
11983,958640000,958720000,7000,2113
11984,958720000,958800000,6967,1964
11985,958800000,958880000,9426,2632
11986,958880000,958960000,5019,1645
11987,958960000,959040000,6579,2309
11988,959040000,959120000,6163,1640
11989,959120000,959200000,11169,3146
11990,959200000,959280000,5214,1516
11991,959280000,959360000,4001,1534
11992,959360000,959440000,6923,2126
11993,959440000,959520000,6693,1951
11994,959520000,959600000,9519,2690
11995,959600000,959680000,5143,1637
11996,959680000,959760000,6366,2345
11997,959760000,959840000,5724,1596
11998,959840000,959920000,10927,3182
11999,959920000,960000000,5541,1696
12000,960000000,960080000,4560,1791
12001,960080000,960160000,7077,2241
12002,960160000,960240000,6841,1999
12003,960240000,960320000,9447,2692
12004,960320000,960400000,5281,1674
12005,960400000,960480000,6314,2386
12006,960480000,960560000,5715,1626
12007,960560000,960640000,11015,3181
12008,960640000,960720000,5510,1699
12009,960720000,960800000,4181,1778
12010,960800000,960880000,6560,2239
12011,960880000,960960000,6614,1998
12012,960960000,961040000,9292,2696
12013,961040000,961120000,5078,1670
12014,961120000,961200000,6488,2381
12015,961200000,961280000,5823,1625
12016,961280000,961360000,6176,2207
12017,961360000,961440000,8269,2744
12018,961440000,961520000,6240,2184
12019,961520000,961600000,10918,3696
12020,961600000,961680000,5496,1673
12021,961680000,961760000,4819,1872
12022,961760000,961840000,6305,2218
12023,961840000,961920000,5305,1518
12024,961920000,962000000,10735,3184
12025,962000000,962080000,4571,1518
12026,962080000,962160000,5894,2332
12027,962160000,962240000,5137,1659
12028,962240000,962320000,10993,3146
12029,962320000,962400000,5775,1732
12030,962400000,962480000,4852,1875
12031,962480000,962560000,6764,2279
12032,962560000,962640000,6152,1593
12033,962640000,962720000,10427,3184
12034,962720000,962800000,4766,1524
12035,962800000,962880000,6102,2337
12036,962880000,962960000,5515,1666
12037,962960000,963040000,10397,3142
12038,963040000,963120000,5906,1742
12039,963120000,963200000,5026,1875
12040,963200000,963280000,6561,2283
12041,963280000,963360000,5741,1596
12042,963360000,963440000,10809,3188
12043,963440000,963520000,5073,1521
12044,963520000,963600000,6128,2333
12045,963600000,963680000,5263,1677
12046,963680000,963760000,10758,3138
12047,963760000,963840000,6029,1741
12048,963840000,963920000,5131,1878
12049,963920000,964000000,6622,2293
12050,964000000,964080000,5936,1600
12051,964080000,964160000,10632,3149
12052,964160000,964240000,4543,1487
12053,964240000,964320000,6169,2323
12054,964320000,964400000,5664,1676
12055,964400000,964480000,10749,3132
12056,964480000,964560000,6018,1732
12057,964560000,964640000,4723,1860
12058,964640000,964720000,6721,2276
12059,964720000,964800000,6287,1595
12060,964800000,964880000,10809,3172
12061,964880000,964960000,5146,1523
12062,964960000,965040000,6299,2335
12063,965040000,965120000,6276,1677
12064,965120000,965200000,11034,3104
12065,965200000,965280000,5667,1631
12066,965280000,965360000,4734,1780
12067,965360000,965440000,6634,2181
12068,965440000,965520000,6026,1522
12069,965520000,965600000,10614,3174
12070,965600000,965680000,4933,1515
12071,965680000,965760000,6132,2333
12072,965760000,965840000,6077,1677
12073,965840000,965920000,10817,3124
12074,965920000,966000000,6119,1736
12075,966000000,966080000,4869,1818
12076,966080000,966160000,6603,2153
12077,966160000,966240000,5968,1526
12078,966240000,966320000,10855,3129
12079,966320000,966400000,4855,1478
12080,966400000,966480000,6163,2257
12081,966480000,966560000,6005,1663
12082,966560000,966640000,10936,3133
12083,966640000,966720000,5890,1702
12084,966720000,966800000,4557,1696
12085,966800000,966880000,6738,2260
12086,966880000,966960000,5794,1587
12087,966960000,967040000,10623,3168
12088,967040000,967120000,4695,1489
12089,967120000,967200000,6095,2292
12090,967200000,967280000,5228,1623
12091,967280000,967360000,6276,2198
12092,967360000,967440000,8213,2757
12093,967440000,967520000,5882,1997
12094,967520000,967600000,10161,3695
12095,967600000,967680000,6508,1817
12096,967680000,967760000,4122,1492
12097,967760000,967840000,6612,2332
12098,967840000,967920000,5361,1606
12099,967920000,968000000,10860,3131
12100,968000000,968080000,4129,1356
12101,968080000,968160000,5739,2204
12102,968160000,968240000,5654,1816
12103,968240000,968320000,9480,2844
12104,968320000,968400000,7478,1995
12105,968400000,968480000,4748,1516
12106,968480000,968560000,6561,2383
12107,968560000,968640000,5992,1691
12108,968640000,968720000,10647,3150
12109,968720000,968800000,4929,1494
12110,968800000,968880000,5823,2321
12111,968880000,968960000,6128,1829
12112,968960000,969040000,9113,2850
12113,969040000,969120000,7019,1993
12114,969120000,969200000,4309,1545
12115,969200000,969280000,6387,2420
12116,969280000,969360000,6252,1723
12117,969360000,969440000,10587,3135
12118,969440000,969520000,4994,1494
12119,969520000,969600000,5613,2325
12120,969600000,969680000,6267,1839
12121,969680000,969760000,9276,2842
12122,969760000,969840000,7180,1984
12123,969840000,969920000,4440,1570
12124,969920000,970000000,6943,2426
12125,970000000,970080000,6696,1725
12126,970080000,970160000,10423,3129
12127,970160000,970240000,4710,1494
12128,970240000,970320000,5692,2330
12129,970320000,970400000,6440,1840
12130,970400000,970480000,9256,2835
12131,970480000,970560000,7423,1987
12132,970560000,970640000,4745,1565
12133,970640000,970720000,6994,2428
12134,970720000,970800000,6744,1721
12135,970800000,970880000,11027,3136
12136,970880000,970960000,4999,1490
12137,970960000,971040000,5853,2324
12138,971040000,971120000,6648,1840
12139,971120000,971200000,9442,2810
12140,971200000,971280000,7315,1890
12141,971280000,971360000,4420,1476
12142,971360000,971440000,6232,2331
12143,971440000,971520000,6230,1628
12144,971520000,971600000,10931,3130
12145,971600000,971680000,4616,1472
12146,971680000,971760000,5875,2321
12147,971760000,971840000,6601,1841
12148,971840000,971920000,9277,2834
12149,971920000,972000000,7448,1985
12150,972000000,972080000,4186,1547
12151,972080000,972160000,6761,2412
12152,972160000,972240000,6164,1723
12153,972240000,972320000,10840,3124
12154,972320000,972400000,5104,1488
12155,972400000,972480000,6044,2304
12156,972480000,972560000,6463,1844
12157,972560000,972640000,9363,2833
12158,972640000,972720000,7083,1981
12159,972720000,972800000,4408,1544
12160,972800000,972880000,6633,2416
12161,972880000,972960000,6273,1723
12162,972960000,973040000,10713,3126
12163,973040000,973120000,4733,1489
12164,973120000,973200000,5814,2324
12165,973200000,973280000,6157,1830
12166,973280000,973360000,6301,2138
12167,973360000,973440000,8085,2776
12168,973440000,973520000,5601,1888
12169,973520000,973600000,8936,3291
12170,973600000,973680000,8621,2375
12171,973680000,973760000,4588,1529
12172,973760000,973840000,6566,2432
12173,973840000,973920000,6078,1713
12174,973920000,974000000,10531,3006
12175,974000000,974080000,5136,1672
12176,974080000,974160000,4644,1781
12177,974160000,974240000,6870,2153
12178,974240000,974320000,8107,2418
12179,974320000,974400000,8799,2434
12180,974400000,974480000,4453,1545
12181,974480000,974560000,6567,2434
12182,974560000,974640000,6544,1847
12183,974640000,974720000,10354,2995
12184,974720000,974800000,5300,1677
12185,974800000,974880000,4395,1698
12186,974880000,974960000,6655,2056
12187,974960000,975040000,7596,2388
12188,975040000,975120000,8393,2368
12189,975120000,975200000,4430,1532
12190,975200000,975280000,6584,2370
12191,975280000,975360000,6376,1856
12192,975360000,975440000,10260,2998
12193,975440000,975520000,5471,1604
12194,975520000,975600000,4596,1679
12195,975600000,975680000,7121,2151
12196,975680000,975760000,7919,2416
12197,975760000,975840000,8842,2430
12198,975840000,975920000,5002,1513
12199,975920000,976000000,6543,2413
12200,976000000,976080000,6504,1820
12201,976080000,976160000,10108,2992
12202,976160000,976240000,5530,1678
12203,976240000,976320000,4662,1805
12204,976320000,976400000,6868,2171
12205,976400000,976480000,7801,2409
12206,976480000,976560000,8549,2422
12207,976560000,976640000,4572,1555
12208,976640000,976720000,6482,2446
12209,976720000,976800000,6809,1855
12210,976800000,976880000,10367,2977
12211,976880000,976960000,5399,1679
12212,976960000,977040000,4451,1812
12213,977040000,977120000,7144,2169
12214,977120000,977200000,8260,2412
12215,977200000,977280000,8174,2316
12216,977280000,977360000,4077,1456
12217,977360000,977440000,6480,2345
12218,977440000,977520000,6686,1747
12219,977520000,977600000,10056,2975
12220,977600000,977680000,5216,1676
12221,977680000,977760000,4513,1813
12222,977760000,977840000,6967,2159
12223,977840000,977920000,7912,2412
12224,977920000,978000000,8880,2427
12225,978000000,978080000,4832,1552
12226,978080000,978160000,6641,2436
12227,978160000,978240000,6634,1848
12228,978240000,978320000,10616,2981
12229,978320000,978400000,5644,1675
12230,978400000,978480000,4655,1808
12231,978480000,978560000,7050,2153
12232,978560000,978640000,8125,2412
12233,978640000,978720000,8459,2410
12234,978720000,978800000,4384,1525
12235,978800000,978880000,6236,2436
12236,978880000,978960000,5918,1847
12237,978960000,979040000,10584,2979
12238,979040000,979120000,4949,1661
12239,979120000,979200000,4599,1808
12240,979200000,979280000,6905,2153
12241,979280000,979360000,6602,2154
12242,979360000,979440000,7611,2589
12243,979440000,979520000,6390,2135
12244,979520000,979600000,7828,2925
12245,979600000,979680000,9505,2692
12246,979680000,979760000,4729,1633
12247,979760000,979840000,6276,2370
12248,979840000,979920000,4959,1500
12249,979920000,980000000,11229,3190
12250,980000000,980080000,5272,1690
12251,980080000,980160000,4568,1798
12252,980160000,980240000,6614,2241
12253,980240000,980320000,6499,2005
12254,980320000,980400000,9702,2690
12255,980400000,980480000,4643,1669
12256,980480000,980560000,6706,2379
12257,980560000,980640000,5859,1628
12258,980640000,980720000,11164,3198
12259,980720000,980800000,5453,1691
12260,980800000,980880000,4303,1781
12261,980880000,980960000,6858,2228
12262,980960000,981040000,6599,2009
12263,981040000,981120000,9443,2718
12264,981120000,981200000,5486,1670
12265,981200000,981280000,6419,2386
12266,981280000,981360000,5614,1626
12267,981360000,981440000,10949,3193
12268,981440000,981520000,5840,1695
12269,981520000,981600000,4605,1791
12270,981600000,981680000,7308,2246
12271,981680000,981760000,6839,2007
12272,981760000,981840000,9437,2698
12273,981840000,981920000,5047,1677
12274,981920000,982000000,6580,2388
12275,982000000,982080000,6081,1637
12276,982080000,982160000,10987,3176
12277,982160000,982240000,5494,1694
12278,982240000,982320000,4221,1719
12279,982320000,982400000,6897,2115
12280,982400000,982480000,6635,1966
12281,982480000,982560000,9303,2641
12282,982560000,982640000,5093,1649
12283,982640000,982720000,6526,2312
12284,982720000,982800000,6081,1639
12285,982800000,982880000,11129,3176
12286,982880000,982960000,5602,1660
12287,982960000,983040000,4267,1631
12288,983040000,983120000,7179,2228
12289,983120000,983200000,7160,2009
12290,983200000,983280000,9339,2608
12291,983280000,983360000,4794,1510
12292,983360000,983440000,6151,2297
12293,983440000,983520000,5863,1528
12294,983520000,983600000,10894,3154
12295,983600000,983680000,5602,1695
12296,983680000,983760000,4630,1791
12297,983760000,983840000,7171,2247
12298,983840000,983920000,6809,2006
12299,983920000,984000000,9409,2702
12300,984000000,984080000,4898,1671
12301,984080000,984160000,6237,2391
12302,984160000,984240000,5890,1636
12303,984240000,984320000,11083,3169
12304,984320000,984400000,5552,1698
12305,984400000,984480000,4409,1798
12306,984480000,984560000,7234,2249
12307,984560000,984640000,6818,2003
12308,984640000,984720000,9151,2688
12309,984720000,984800000,4700,1652
12310,984800000,984880000,6426,2380
12311,984880000,984960000,5507,1628
12312,984960000,985040000,10934,3169
12313,985040000,985120000,5574,1698
12314,985120000,985200000,4365,1798
12315,985200000,985280000,7079,2239
12316,985280000,985360000,6317,1985
12317,985360000,985440000,6718,2316
12318,985440000,985520000,7027,2348
12319,985520000,985600000,7387,2719
12320,985600000,985680000,10642,3171
12321,985680000,985760000,4356,1480
12322,985760000,985840000,5855,2320
12323,985840000,985920000,4637,1540
12324,985920000,986000000,10881,3137
12325,986000000,986080000,5753,1733
12326,986080000,986160000,4795,1875
12327,986160000,986240000,6592,2280
12328,986240000,986320000,5673,1596
12329,986320000,986400000,11049,3187
12330,986400000,986480000,4869,1520
12331,986480000,986560000,6122,2336
12332,986560000,986640000,5252,1660
12333,986640000,986720000,10851,3143
12334,986720000,986800000,6003,1732
12335,986800000,986880000,5100,1874
12336,986880000,986960000,6921,2292
12337,986960000,987040000,5972,1603
12338,987040000,987120000,10526,3184
12339,987120000,987200000,4698,1523
12340,987200000,987280000,6070,2332
12341,987280000,987360000,5675,1669
12342,987360000,987440000,10754,3135
12343,987440000,987520000,5864,1733
12344,987520000,987600000,5074,1875
12345,987600000,987680000,6691,2290
12346,987680000,987760000,6198,1597
12347,987760000,987840000,10751,3159
12348,987840000,987920000,4762,1524
12349,987920000,988000000,6317,2327
12350,988000000,988080000,6037,1682
12351,988080000,988160000,10798,3132
12352,988160000,988240000,5887,1734
12353,988240000,988320000,4578,1842
12354,988320000,988400000,6668,2272
12355,988400000,988480000,5885,1602
12356,988480000,988560000,10738,3157
12357,988560000,988640000,5247,1526
12358,988640000,988720000,6254,2335
12359,988720000,988800000,5877,1675
12360,988800000,988880000,10934,3127
12361,988880000,988960000,6359,1737
12362,988960000,989040000,5096,1874
12363,989040000,989120000,6921,2287
12364,989120000,989200000,6341,1602
12365,989200000,989280000,10614,3091
12366,989280000,989360000,4704,1397
12367,989360000,989440000,5937,2258
12368,989440000,989520000,5707,1550
12369,989520000,989600000,10914,3106
12370,989600000,989680000,6025,1723
12371,989680000,989760000,4842,1816
12372,989760000,989840000,6594,2146
12373,989840000,989920000,6200,1538
12374,989920000,990000000,10537,3123
12375,990000000,990080000,4801,1477
12376,990080000,990160000,6179,2256
12377,990160000,990240000,6083,1663
12378,990240000,990320000,10944,3124
12379,990320000,990400000,6115,1701
12380,990400000,990480000,4754,1696
12381,990480000,990560000,7070,2260
12382,990560000,990640000,6046,1595
12383,990640000,990720000,10741,3168
12384,990720000,990800000,4766,1470
12385,990800000,990880000,6079,2291
12386,990880000,990960000,5263,1627
12387,990960000,991040000,10794,3125
12388,991040000,991120000,5845,1725
12389,991120000,991200000,4960,1874
12390,991200000,991280000,6700,2279
12391,991280000,991360000,5616,1616
12392,991360000,991440000,6348,2324
12393,991440000,991520000,8037,2605
12394,991520000,991600000,7122,2577
12395,991600000,991680000,11057,3326
12396,991680000,991760000,4189,1358
12397,991760000,991840000,5749,2184
12398,991840000,991920000,5422,1685
12399,991920000,992000000,9403,2832
12400,992000000,992080000,7273,1985
12401,992080000,992160000,4438,1512
12402,992160000,992240000,6314,2373
12403,992240000,992320000,5852,1694
12404,992320000,992400000,10990,3144
12405,992400000,992480000,4948,1490
12406,992480000,992560000,6036,2323
12407,992560000,992640000,6222,1825
12408,992640000,992720000,9358,2843
12409,992720000,992800000,7194,1986
12410,992800000,992880000,4458,1570
12411,992880000,992960000,6566,2428
12412,992960000,993040000,5329,1720
12413,993040000,993120000,10606,3156
12414,993120000,993200000,4777,1496
12415,993200000,993280000,5582,2327
12416,993280000,993360000,5519,1836
12417,993360000,993440000,9004,2830
12418,993440000,993520000,7250,1985
12419,993520000,993600000,4541,1569
12420,993600000,993680000,6956,2424
12421,993680000,993760000,6005,1720
12422,993760000,993840000,10782,3144
12423,993840000,993920000,5140,1494
12424,993920000,994000000,5785,2330
12425,994000000,994080000,6276,1834
12426,994080000,994160000,9254,2834
12427,994160000,994240000,7208,1979
12428,994240000,994320000,4696,1561
12429,994320000,994400000,6986,2430
12430,994400000,994480000,6303,1728
12431,994480000,994560000,10718,3131
12432,994560000,994640000,5230,1486
12433,994640000,994720000,5837,2324
12434,994720000,994800000,6163,1844
12435,994800000,994880000,9374,2826
12436,994880000,994960000,7588,1980
12437,994960000,995040000,4674,1563
12438,995040000,995120000,6600,2420
12439,995120000,995200000,6490,1728
12440,995200000,995280000,10941,3078
12441,995280000,995360000,4625,1355
12442,995360000,995440000,5753,2253
12443,995440000,995520000,6029,1704
12444,995520000,995600000,9304,2806
12445,995600000,995680000,7372,1986
12446,995680000,995760000,4124,1547
12447,995760000,995840000,6782,2402
12448,995840000,995920000,6448,1726
12449,995920000,996000000,10768,3136
12450,996000000,996080000,4956,1484
12451,996080000,996160000,6016,2330
12452,996160000,996240000,6586,1830
12453,996240000,996320000,9433,2827
12454,996320000,996400000,7294,1982
12455,996400000,996480000,4636,1562
12456,996480000,996560000,6832,2415
12457,996560000,996640000,6403,1728
12458,996640000,996720000,10668,3124
12459,996720000,996800000,4564,1466
12460,996800000,996880000,5741,2324
12461,996880000,996960000,5682,1826
12462,996960000,997040000,9256,2823
12463,997040000,997120000,7043,1973
12464,997120000,997200000,4243,1528
12465,997200000,997280000,6313,2251
12466,997280000,997360000,5597,1674
12467,997360000,997440000,6004,2189
12468,997440000,997520000,8613,2742
12469,997520000,997600000,6917,2383
12470,997600000,997680000,11075,3452
12471,997680000,997760000,5468,1620
12472,997760000,997840000,4744,1808
12473,997840000,997920000,6163,2050
12474,997920000,998000000,7788,2375
12475,998000000,998080000,8878,2436
12476,998080000,998160000,4432,1545
12477,998160000,998240000,6448,2433
12478,998240000,998320000,6151,1848
12479,998320000,998400000,10801,3000
12480,998400000,998480000,5436,1674
12481,998480000,998560000,4511,1701
12482,998560000,998640000,6394,2044
12483,998640000,998720000,7876,2383
12484,998720000,998800000,8494,2370
12485,998800000,998880000,4284,1500
12486,998880000,998960000,6430,2358
12487,998960000,999040000,6358,1855
12488,999040000,999120000,10213,3002
12489,999120000,999200000,5043,1604
12490,999200000,999280000,4455,1678
12491,999280000,999360000,6551,2143
12492,999360000,999440000,7697,2413
12493,999440000,999520000,8881,2429
12494,999520000,999600000,4798,1509
12495,999600000,999680000,6557,2411
12496,999680000,999760000,6306,1811
12497,999760000,999840000,10345,2992
12498,999840000,999920000,5545,1675
12499,999920000,1000000000,4776,1805
12500,1000000000,1000080000,7014,2165
12501,1000080000,1000160000,7847,2410
12502,1000160000,1000240000,8452,2422
12503,1000240000,1000320000,4353,1549
12504,1000320000,1000400000,6417,2446
12505,1000400000,1000480000,6390,1856
12506,1000480000,1000560000,10346,2985
12507,1000560000,1000640000,5619,1684
12508,1000640000,1000720000,4394,1812
12509,1000720000,1000800000,6805,2165
12510,1000800000,1000880000,7988,2403
12511,1000880000,1000960000,8844,2428
12512,1000960000,1001040000,4668,1551
12513,1001040000,1001120000,6784,2441
12514,1001120000,1001200000,6489,1847
12515,1001200000,1001280000,10449,2953
12516,1001280000,1001360000,5307,1546
12517,1001360000,1001440000,4357,1744
12518,1001440000,1001520000,6523,2040
12519,1001520000,1001600000,7779,2367
12520,1001600000,1001680000,8805,2420
12521,1001680000,1001760000,4600,1546
12522,1001760000,1001840000,6768,2446
12523,1001840000,1001920000,6483,1853
12524,1001920000,1002000000,10321,2982
12525,1002000000,1002080000,5515,1671
12526,1002080000,1002160000,4496,1785
12527,1002160000,1002240000,6919,2167
12528,1002240000,1002320000,7989,2403
12529,1002320000,1002400000,8949,2416
12530,1002400000,1002480000,4720,1547
12531,1002480000,1002560000,6406,2438
12532,1002560000,1002640000,6840,1848
12533,1002640000,1002720000,10585,2974
12534,1002720000,1002800000,4609,1643
12535,1002800000,1002880000,4628,1808
12536,1002880000,1002960000,6998,2159
12537,1002960000,1003040000,8082,2403
12538,1003040000,1003120000,8702,2422
12539,1003120000,1003200000,4219,1533
12540,1003200000,1003280000,6460,2422
12541,1003280000,1003360000,6575,1846
12542,1003360000,1003440000,6125,2157
12543,1003440000,1003520000,8296,2636
12544,1003520000,1003600000,6236,2305
12545,1003600000,1003680000,11111,3619
12546,1003680000,1003760000,5293,1639
12547,1003760000,1003840000,4508,1772
12548,1003840000,1003920000,6286,2156
12549,1003920000,1004000000,6355,1948
12550,1004000000,1004080000,9710,2692
12551,1004080000,1004160000,4435,1670
12552,1004160000,1004240000,6591,2379
12553,1004240000,1004320000,5602,1627
12554,1004320000,1004400000,11514,3192
12555,1004400000,1004480000,5843,1694
12556,1004480000,1004560000,4365,1781
12557,1004560000,1004640000,6922,2227
12558,1004640000,1004720000,6925,2001
12559,1004720000,1004800000,9541,2702
12560,1004800000,1004880000,5170,1671
12561,1004880000,1004960000,6492,2388
12562,1004960000,1005040000,5810,1631
12563,1005040000,1005120000,10883,3200
12564,1005120000,1005200000,5614,1704
12565,1005200000,1005280000,4555,1795
12566,1005280000,1005360000,6845,2241
12567,1005360000,1005440000,6658,2005
12568,1005440000,1005520000,9607,2709
12569,1005520000,1005600000,5249,1675
12570,1005600000,1005680000,6543,2383
12571,1005680000,1005760000,6116,1634
12572,1005760000,1005840000,11217,3189
12573,1005840000,1005920000,5787,1699
12574,1005920000,1006000000,4428,1719
12575,1006000000,1006080000,6912,2113
12576,1006080000,1006160000,6847,1963
12577,1006160000,1006240000,9289,2647
12578,1006240000,1006320000,4723,1640
12579,1006320000,1006400000,6432,2311
12580,1006400000,1006480000,6017,1631
12581,1006480000,1006560000,11052,3181
12582,1006560000,1006640000,5768,1658
12583,1006640000,1006720000,4256,1631
12584,1006720000,1006800000,7268,2226
12585,1006800000,1006880000,6791,1998
12586,1006880000,1006960000,9704,2692
12587,1006960000,1007040000,5366,1615
12588,1007040000,1007120000,6379,2347
12589,1007120000,1007200000,5679,1606
12590,1007200000,1007280000,11074,3144
12591,1007280000,1007360000,5640,1587
12592,1007360000,1007440000,4383,1701
12593,1007440000,1007520000,6647,2135
12594,1007520000,1007600000,6483,1954
12595,1007600000,1007680000,9392,2688
12596,1007680000,1007760000,4864,1670
12597,1007760000,1007840000,6331,2391
12598,1007840000,1007920000,5672,1640
12599,1007920000,1008000000,10997,3185
12600,1008000000,1008080000,5584,1699
12601,1008080000,1008160000,4341,1794
12602,1008160000,1008240000,6966,2248
12603,1008240000,1008320000,6844,1998
12604,1008320000,1008400000,9725,2694
12605,1008400000,1008480000,5009,1670
12606,1008480000,1008560000,6549,2384
12607,1008560000,1008640000,6211,1634
12608,1008640000,1008720000,11217,3179
12609,1008720000,1008800000,5371,1699
12610,1008800000,1008880000,4242,1778
12611,1008880000,1008960000,7013,2249
12612,1008960000,1009040000,6811,1994
12613,1009040000,1009120000,9472,2690
12614,1009120000,1009200000,5145,1671
12615,1009200000,1009280000,6661,2388
12616,1009280000,1009360000,6061,1625
12617,1009360000,1009440000,6122,2207
12618,1009440000,1009520000,8405,2744
12619,1009520000,1009600000,6193,2184
12620,1009600000,1009680000,10833,3689
12621,1009680000,1009760000,5514,1668
12622,1009760000,1009840000,4756,1871
12623,1009840000,1009920000,6450,2211
12624,1009920000,1010000000,5569,1518
12625,1010000000,1010080000,10710,3180
12626,1010080000,1010160000,4497,1514
12627,1010160000,1010240000,6083,2334
12628,1010240000,1010320000,5330,1662
12629,1010320000,1010400000,10969,3142
12630,1010400000,1010480000,5938,1737
12631,1010480000,1010560000,5226,1876
12632,1010560000,1010640000,6949,2283
12633,1010640000,1010720000,5941,1592
12634,1010720000,1010800000,10491,3186
12635,1010800000,1010880000,5015,1524
12636,1010880000,1010960000,6203,2334
12637,1010960000,1011040000,5572,1677
12638,1011040000,1011120000,10394,3138
12639,1011120000,1011200000,6156,1741
12640,1011200000,1011280000,5086,1878
12641,1011280000,1011360000,6430,2293
12642,1011360000,1011440000,5846,1600
12643,1011440000,1011520000,10995,3170
12644,1011520000,1011600000,5001,1523
12645,1011600000,1011680000,6306,2328
12646,1011680000,1011760000,6059,1676
12647,1011760000,1011840000,10953,3140
12648,1011840000,1011920000,6207,1733
12649,1011920000,1012000000,4758,1860
12650,1012000000,1012080000,6647,2273
12651,1012080000,1012160000,5893,1593
12652,1012160000,1012240000,10750,3171
12653,1012240000,1012320000,4956,1524
12654,1012320000,1012400000,6220,2337
12655,1012400000,1012480000,5784,1672
12656,1012480000,1012560000,10835,3127
12657,1012560000,1012640000,6240,1734
12658,1012640000,1012720000,5055,1877
12659,1012720000,1012800000,6877,2290
12660,1012800000,1012880000,6334,1595
12661,1012880000,1012960000,11035,3176
12662,1012960000,1013040000,5156,1519
12663,1013040000,1013120000,6251,2331
12664,1013120000,1013200000,6063,1680
12665,1013200000,1013280000,11084,3086
12666,1013280000,1013360000,6160,1635
12667,1013360000,1013440000,4608,1728
12668,1013440000,1013520000,6353,2050
12669,1013520000,1013600000,6065,1516
12670,1013600000,1013680000,10777,3127
12671,1013680000,1013760000,4889,1474
12672,1013760000,1013840000,6194,2255
12673,1013840000,1013920000,6020,1663
12674,1013920000,1014000000,10800,3125
12675,1014000000,1014080000,6260,1706
12676,1014080000,1014160000,4613,1696
12677,1014160000,1014240000,7000,2259
12678,1014240000,1014320000,6105,1581
12679,1014320000,1014400000,11126,3166
12680,1014400000,1014480000,4939,1489
12681,1014480000,1014560000,6131,2291
12682,1014560000,1014640000,5431,1624
12683,1014640000,1014720000,10885,3130
12684,1014720000,1014800000,5666,1725
12685,1014800000,1014880000,4912,1855
12686,1014880000,1014960000,6625,2279
12687,1014960000,1015040000,5899,1584
12688,1015040000,1015120000,10757,3166
12689,1015120000,1015200000,4665,1519
12690,1015200000,1015280000,5911,2335
12691,1015280000,1015360000,5505,1661
12692,1015360000,1015440000,6479,2199
12693,1015440000,1015520000,8294,2757
12694,1015520000,1015600000,5965,1993
12695,1015600000,1015680000,10183,3703
12696,1015680000,1015760000,7050,1931
12697,1015760000,1015840000,4450,1514
12698,1015840000,1015920000,6304,2344
12699,1015920000,1016000000,5155,1553
12700,1016000000,1016080000,10775,3128
12701,1016080000,1016160000,4762,1486
12702,1016160000,1016240000,5894,2321
12703,1016240000,1016320000,5642,1801
12704,1016320000,1016400000,9451,2842
12705,1016400000,1016480000,7182,1994
12706,1016480000,1016560000,4258,1564
12707,1016560000,1016640000,6622,2420
12708,1016640000,1016720000,5915,1717
12709,1016720000,1016800000,10685,3142
12710,1016800000,1016880000,4162,1484
12711,1016880000,1016960000,5618,2325
12712,1016960000,1017040000,6227,1839
12713,1017040000,1017120000,8930,2848
12714,1017120000,1017200000,6646,1990
12715,1017200000,1017280000,4060,1562
12716,1017280000,1017360000,6838,2426
12717,1017360000,1017440000,6161,1723
12718,1017440000,1017520000,10555,3137
12719,1017520000,1017600000,4823,1491
12720,1017600000,1017680000,5889,2330
12721,1017680000,1017760000,6274,1838
12722,1017760000,1017840000,9161,2840
12723,1017840000,1017920000,7210,1989
12724,1017920000,1018000000,4847,1561
12725,1018000000,1018080000,7029,2430
12726,1018080000,1018160000,6379,1717
12727,1018160000,1018240000,10440,3123
12728,1018240000,1018320000,4753,1494
12729,1018320000,1018400000,5775,2326
12730,1018400000,1018480000,6311,1836
12731,1018480000,1018560000,9071,2835
12732,1018560000,1018640000,7077,1985
12733,1018640000,1018720000,4639,1565
12734,1018720000,1018800000,6701,2420
12735,1018800000,1018880000,6444,1723
12736,1018880000,1018960000,11290,3132
12737,1018960000,1019040000,4903,1482
12738,1019040000,1019120000,5983,2323
12739,1019120000,1019200000,6469,1829
12740,1019200000,1019280000,9498,2811
12741,1019280000,1019360000,7359,1883
12742,1019360000,1019440000,4080,1482
12743,1019440000,1019520000,6693,2319
12744,1019520000,1019600000,5941,1622
12745,1019600000,1019680000,10954,3124
12746,1019680000,1019760000,5216,1492
12747,1019760000,1019840000,6035,2330
12748,1019840000,1019920000,6359,1826
12749,1019920000,1020000000,9271,2831
12750,1020000000,1020080000,7713,1984
12751,1020080000,1020160000,4586,1557
12752,1020160000,1020240000,6768,2416
12753,1020240000,1020320000,6404,1721
12754,1020320000,1020400000,11003,3124
12755,1020400000,1020480000,4962,1490
12756,1020480000,1020560000,5897,2324
12757,1020560000,1020640000,6265,1826
12758,1020640000,1020720000,9456,2830
12759,1020720000,1020800000,7117,1982
12760,1020800000,1020880000,4288,1533
12761,1020880000,1020960000,6298,2251
12762,1020960000,1021040000,6453,1643
12763,1021040000,1021120000,10862,3097
12764,1021120000,1021200000,4238,1435
12765,1021200000,1021280000,5743,2251
12766,1021280000,1021360000,6487,1824
12767,1021360000,1021440000,6330,2138
12768,1021440000,1021520000,8119,2776
12769,1021520000,1021600000,5630,1888
12770,1021600000,1021680000,8923,3289
12771,1021680000,1021760000,8482,2365
12772,1021760000,1021840000,4393,1529
12773,1021840000,1021920000,6545,2428
12774,1021920000,1022000000,5679,1713
12775,1022000000,1022080000,10551,2992
12776,1022080000,1022160000,4989,1669
12777,1022160000,1022240000,4419,1698
12778,1022240000,1022320000,6260,2044
12779,1022320000,1022400000,7806,2386
12780,1022400000,1022480000,8503,2366
12781,1022480000,1022560000,4382,1530
12782,1022560000,1022640000,6518,2360
12783,1022640000,1022720000,6430,1848
12784,1022720000,1022800000,10262,3001
12785,1022800000,1022880000,4935,1600
12786,1022880000,1022960000,4481,1679
12787,1022960000,1023040000,6427,2134
12788,1023040000,1023120000,7514,2420
12789,1023120000,1023200000,8534,2424
12790,1023200000,1023280000,4410,1509
12791,1023280000,1023360000,6287,2401
12792,1023360000,1023440000,6019,1818
12793,1023440000,1023520000,10167,2998
12794,1023520000,1023600000,5260,1670
12795,1023600000,1023680000,4783,1805
12796,1023680000,1023760000,6876,2167
12797,1023760000,1023840000,7822,2420
12798,1023840000,1023920000,8600,2430
12799,1023920000,1024000000,4377,1549
12800,1024000000,1024080000,6480,2448
12801,1024080000,1024160000,6610,1855
12802,1024160000,1024240000,10165,2984
12803,1024240000,1024320000,5137,1674
12804,1024320000,1024400000,4289,1809
12805,1024400000,1024480000,6816,2171
12806,1024480000,1024560000,7728,2409
12807,1024560000,1024640000,8420,2420
12808,1024640000,1024720000,4394,1549
12809,1024720000,1024800000,6697,2443
12810,1024800000,1024880000,6819,1856
12811,1024880000,1024960000,10365,2977
12812,1024960000,1025040000,5483,1679
12813,1025040000,1025120000,4598,1812
12814,1025120000,1025200000,7274,2169
12815,1025200000,1025280000,8090,2412
12816,1025280000,1025360000,8310,2322
12817,1025360000,1025440000,4380,1455
12818,1025440000,1025520000,6698,2356
12819,1025520000,1025600000,6069,1739
12820,1025600000,1025680000,10066,2979
12821,1025680000,1025760000,5400,1674
12822,1025760000,1025840000,4581,1809
12823,1025840000,1025920000,6948,2165
12824,1025920000,1026000000,7787,2408
12825,1026000000,1026080000,8738,2426
12826,1026080000,1026160000,4677,1555
12827,1026160000,1026240000,6258,2437
12828,1026240000,1026320000,6643,1853
12829,1026320000,1026400000,10761,2963
12830,1026400000,1026480000,5636,1667
12831,1026480000,1026560000,4747,1808
12832,1026560000,1026640000,7064,2157
12833,1026640000,1026720000,7980,2410
12834,1026720000,1026800000,8930,2418
12835,1026800000,1026880000,4224,1493
12836,1026880000,1026960000,6373,2420
12837,1026960000,1027040000,5990,1845
12838,1027040000,1027120000,10470,2975
12839,1027120000,1027200000,5663,1679
12840,1027200000,1027280000,4805,1812
12841,1027280000,1027360000,6540,2153
12842,1027360000,1027440000,6676,2154
12843,1027440000,1027520000,7601,2589
12844,1027520000,1027600000,6408,2135
12845,1027600000,1027680000,7744,2925
12846,1027680000,1027760000,9364,2670
12847,1027760000,1027840000,4566,1635
12848,1027840000,1027920000,6641,2367
12849,1027920000,1028000000,5016,1497
12850,1028000000,1028080000,11250,3179
12851,1028080000,1028160000,5622,1691
12852,1028160000,1028240000,4355,1781
12853,1028240000,1028320000,6526,2225
12854,1028320000,1028400000,6728,2004
12855,1028400000,1028480000,9800,2708
12856,1028480000,1028560000,5554,1672
12857,1028560000,1028640000,6552,2386
12858,1028640000,1028720000,5605,1626
12859,1028720000,1028800000,11055,3194
12860,1028800000,1028880000,5615,1695
12861,1028880000,1028960000,4563,1791
12862,1028960000,1029040000,6742,2241
12863,1029040000,1029120000,6534,2008
12864,1029120000,1029200000,9370,2712
12865,1029200000,1029280000,4891,1674
12866,1029280000,1029360000,6363,2387
12867,1029360000,1029440000,5738,1635
12868,1029440000,1029520000,11057,3184
12869,1029520000,1029600000,5901,1698
12870,1029600000,1029680000,4476,1719
12871,1029680000,1029760000,6967,2114
12872,1029760000,1029840000,6756,1971
12873,1029840000,1029920000,9358,2644
12874,1029920000,1030000000,5108,1640
12875,1030000000,1030080000,6575,2311
12876,1030080000,1030160000,6085,1639
12877,1030160000,1030240000,10862,3187
12878,1030240000,1030320000,5431,1655
12879,1030320000,1030400000,4121,1631
12880,1030400000,1030480000,7008,2233
12881,1030480000,1030560000,6684,2006
12882,1030560000,1030640000,9507,2699
12883,1030640000,1030720000,5203,1638
12884,1030720000,1030800000,6413,2351
12885,1030800000,1030880000,5720,1603
12886,1030880000,1030960000,11088,3176
12887,1030960000,1031040000,5695,1699
12888,1031040000,1031120000,4605,1795
12889,1031120000,1031200000,7142,2248
12890,1031200000,1031280000,6979,2012
12891,1031280000,1031360000,9122,2608
12892,1031360000,1031440000,4399,1562
12893,1031440000,1031520000,6122,2308
12894,1031520000,1031600000,5524,1528
12895,1031600000,1031680000,10932,3163
12896,1031680000,1031760000,5300,1694
12897,1031760000,1031840000,4210,1770
12898,1031840000,1031920000,6962,2252
12899,1031920000,1032000000,6631,2004
12900,1032000000,1032080000,9340,2696
12901,1032080000,1032160000,4981,1677
12902,1032160000,1032240000,6509,2386
12903,1032240000,1032320000,5689,1639
12904,1032320000,1032400000,10966,3169
12905,1032400000,1032480000,5871,1694
12906,1032480000,1032560000,4644,1798
12907,1032560000,1032640000,7251,2251
12908,1032640000,1032720000,6808,2007
12909,1032720000,1032800000,9254,2692
12910,1032800000,1032880000,5062,1649
12911,1032880000,1032960000,6496,2383
12912,1032960000,1033040000,5892,1636
12913,1033040000,1033120000,10923,3172
12914,1033120000,1033200000,5549,1695
12915,1033200000,1033280000,4517,1795
12916,1033280000,1033360000,7052,2243
12917,1033360000,1033440000,6553,1992
12918,1033440000,1033520000,6680,2316
12919,1033520000,1033600000,7108,2348
12920,1033600000,1033680000,7449,2719
12921,1033680000,1033760000,10698,3165
12922,1033760000,1033840000,4611,1480
12923,1033840000,1033920000,6128,2321
12924,1033920000,1034000000,4761,1543
12925,1034000000,1034080000,10868,3132
12926,1034080000,1034160000,6067,1728
12927,1034160000,1034240000,5043,1872
12928,1034240000,1034320000,6694,2282
12929,1034320000,1034400000,5655,1597
12930,1034400000,1034480000,11073,3179
12931,1034480000,1034560000,4906,1520
12932,1034560000,1034640000,6170,2332
12933,1034640000,1034720000,5448,1657
12934,1034720000,1034800000,10751,3136
12935,1034800000,1034880000,5816,1729
12936,1034880000,1034960000,4982,1875
12937,1034960000,1035040000,6752,2293
12938,1035040000,1035120000,5907,1602
12939,1035120000,1035200000,10484,3168
12940,1035200000,1035280000,4632,1525
12941,1035280000,1035360000,6260,2329
12942,1035360000,1035440000,5819,1682
12943,1035440000,1035520000,10721,3136
12944,1035520000,1035600000,6041,1737
12945,1035600000,1035680000,4809,1863
12946,1035680000,1035760000,6943,2274
12947,1035760000,1035840000,6102,1604
12948,1035840000,1035920000,10839,3181
12949,1035920000,1036000000,5085,1518
12950,1036000000,1036080000,6335,2337
12951,1036080000,1036160000,5907,1677
12952,1036160000,1036240000,10828,3135
12953,1036240000,1036320000,5994,1734
12954,1036320000,1036400000,4963,1870
12955,1036400000,1036480000,6634,2287
12956,1036480000,1036560000,6128,1602
12957,1036560000,1036640000,10758,3167
12958,1036640000,1036720000,4953,1505
12959,1036720000,1036800000,6151,2326
12960,1036800000,1036880000,5987,1677
12961,1036880000,1036960000,11095,3122
12962,1036960000,1037040000,6242,1731
12963,1037040000,1037120000,5002,1824
12964,1037120000,1037200000,6686,2145
12965,1037200000,1037280000,5963,1535
12966,1037280000,1037360000,10720,3067
12967,1037360000,1037440000,4811,1396
12968,1037440000,1037520000,5994,2186
12969,1037520000,1037600000,5448,1544
12970,1037600000,1037680000,10822,3111
12971,1037680000,1037760000,5989,1705
12972,1037760000,1037840000,4613,1694
12973,1037840000,1037920000,6946,2259
12974,1037920000,1038000000,6088,1592
12975,1038000000,1038080000,10758,3172
12976,1038080000,1038160000,4828,1488
12977,1038160000,1038240000,6101,2289
12978,1038240000,1038320000,5255,1628
12979,1038320000,1038400000,10862,3124
12980,1038400000,1038480000,6032,1725
12981,1038480000,1038560000,5182,1874
12982,1038560000,1038640000,6744,2279
12983,1038640000,1038720000,6168,1596
12984,1038720000,1038800000,10629,3168
12985,1038800000,1038880000,4578,1496
12986,1038880000,1038960000,5858,2336
12987,1038960000,1039040000,5534,1660
12988,1039040000,1039120000,10961,3124
12989,1039120000,1039200000,5744,1723
12990,1039200000,1039280000,4743,1876
12991,1039280000,1039360000,6520,2283
12992,1039360000,1039440000,6112,1615
12993,1039440000,1039520000,6635,2324
12994,1039520000,1039600000,8302,2607
12995,1039600000,1039680000,7094,2585
12996,1039680000,1039760000,10943,3328
12997,1039760000,1039840000,4521,1442
12998,1039840000,1039920000,5892,2312
12999,1039920000,1040000000,5306,1704
13000,1040000000,1040080000,9351,2830
13001,1040080000,1040160000,7169,1980
13002,1040160000,1040240000,4253,1561
13003,1040240000,1040320000,6531,2420
13004,1040320000,1040400000,5816,1720
13005,1040400000,1040480000,11145,3148
13006,1040480000,1040560000,4556,1490
13007,1040560000,1040640000,5633,2327
13008,1040640000,1040720000,5997,1823
13009,1040720000,1040800000,9387,2839
13010,1040800000,1040880000,6952,1990
13011,1040880000,1040960000,4127,1564
13012,1040960000,1041040000,6728,2416
13013,1041040000,1041120000,6327,1720
13014,1041120000,1041200000,10700,3156
13015,1041200000,1041280000,4604,1490
13016,1041280000,1041360000,5684,2328
13017,1041360000,1041440000,5918,1826
13018,1041440000,1041520000,9159,2840
13019,1041520000,1041600000,7174,1981
13020,1041600000,1041680000,4563,1539
13021,1041680000,1041760000,7071,2428
13022,1041760000,1041840000,6426,1720
13023,1041840000,1041920000,10796,3138
13024,1041920000,1042000000,4993,1488
13025,1042000000,1042080000,5860,2326
13026,1042080000,1042160000,6360,1840
13027,1042160000,1042240000,9217,2838
13028,1042240000,1042320000,6963,1977
13029,1042320000,1042400000,4522,1570
13030,1042400000,1042480000,6500,2428
13031,1042480000,1042560000,6202,1728
13032,1042560000,1042640000,10865,3129
13033,1042640000,1042720000,4745,1482
13034,1042720000,1042800000,5984,2323
13035,1042800000,1042880000,6691,1835
13036,1042880000,1042960000,9484,2826
13037,1042960000,1043040000,7484,1989
13038,1043040000,1043120000,4387,1552
13039,1043120000,1043200000,6943,2410
13040,1043200000,1043280000,6205,1720
13041,1043280000,1043360000,10928,3086
13042,1043360000,1043440000,4611,1359
13043,1043440000,1043520000,5898,2258
13044,1043520000,1043600000,5892,1699
13045,1043600000,1043680000,9261,2806
13046,1043680000,1043760000,7290,1987
13047,1043760000,1043840000,4574,1560
13048,1043840000,1043920000,6920,2426
13049,1043920000,1044000000,6331,1714
13050,1044000000,1044080000,10742,3128
13051,1044080000,1044160000,4949,1494
13052,1044160000,1044240000,5878,2326
13053,1044240000,1044320000,6455,1824
13054,1044320000,1044400000,9412,2825
13055,1044400000,1044480000,7502,1976
13056,1044480000,1044560000,4674,1551
13057,1044560000,1044640000,6503,2251
13058,1044640000,1044720000,6185,1648
13059,1044720000,1044800000,10757,3093
13060,1044800000,1044880000,4756,1411
13061,1044880000,1044960000,5699,2251
13062,1044960000,1045040000,6180,1825
13063,1045040000,1045120000,9402,2827
13064,1045120000,1045200000,7178,1960
13065,1045200000,1045280000,3942,1386
13066,1045280000,1045360000,6740,2390
13067,1045360000,1045440000,6001,1743
13068,1045440000,1045520000,5947,2189
13069,1045520000,1045600000,8564,2742
13070,1045600000,1045680000,6881,2383
13071,1045680000,1045760000,11099,3446
13072,1045760000,1045840000,5009,1618
13073,1045840000,1045920000,4470,1701
13074,1045920000,1046000000,5859,1880
13075,1046000000,1046080000,7526,2296
13076,1046080000,1046160000,8629,2368
13077,1046160000,1046240000,4215,1526
13078,1046240000,1046320000,6334,2360
13079,1046320000,1046400000,5928,1747
13080,1046400000,1046480000,10704,2994
13081,1046480000,1046560000,5250,1604
13082,1046560000,1046640000,4571,1678
13083,1046640000,1046720000,6574,2131
13084,1046720000,1046800000,8065,2413
13085,1046800000,1046880000,8579,2426
13086,1046880000,1046960000,4338,1507
13087,1046960000,1047040000,6268,2403
13088,1047040000,1047120000,6547,1817
13089,1047120000,1047200000,10133,3002
13090,1047200000,1047280000,5183,1679
13091,1047280000,1047360000,4669,1808
13092,1047360000,1047440000,6775,2159
13093,1047440000,1047520000,7962,2413
13094,1047520000,1047600000,8628,2429
13095,1047600000,1047680000,4512,1553
13096,1047680000,1047760000,6389,2438
13097,1047760000,1047840000,6735,1856
13098,1047840000,1047920000,10450,2998
13099,1047920000,1048000000,5415,1683
13100,1048000000,1048080000,4432,1809
13101,1048080000,1048160000,6841,2167
13102,1048160000,1048240000,8128,2414
13103,1048240000,1048320000,8355,2430
13104,1048320000,1048400000,4244,1549
13105,1048400000,1048480000,6640,2443
13106,1048480000,1048560000,6730,1857
13107,1048560000,1048640000,10338,2985
13108,1048640000,1048720000,5503,1678
13109,1048720000,1048800000,4524,1812
13110,1048800000,1048880000,6952,2163
13111,1048880000,1048960000,8110,2403
13112,1048960000,1049040000,8842,2424
13113,1049040000,1049120000,4773,1554
13114,1049120000,1049200000,6797,2446
13115,1049200000,1049280000,6967,1849
13116,1049280000,1049360000,10470,2947
13117,1049360000,1049440000,4991,1546
13118,1049440000,1049520000,4424,1740
13119,1049520000,1049600000,6697,2036
13120,1049600000,1049680000,8039,2369
13121,1049680000,1049760000,8437,2418
13122,1049760000,1049840000,4682,1549
13123,1049840000,1049920000,6418,2448
13124,1049920000,1050000000,6764,1848
13125,1050000000,1050080000,10344,2980
13126,1050080000,1050160000,5275,1669
13127,1050160000,1050240000,4640,1805
13128,1050240000,1050320000,6985,2165
13129,1050320000,1050400000,8045,2403
13130,1050400000,1050480000,8958,2421
13131,1050480000,1050560000,4356,1537
13132,1050560000,1050640000,6822,2430
13133,1050640000,1050720000,6661,1842
13134,1050720000,1050800000,10387,2982
13135,1050800000,1050880000,5032,1654
13136,1050880000,1050960000,4814,1812
13137,1050960000,1051040000,6595,2160
13138,1051040000,1051120000,7965,2405
13139,1051120000,1051200000,8611,2408
13140,1051200000,1051280000,4509,1548
13141,1051280000,1051360000,6656,2438
13142,1051360000,1051440000,6353,1845
13143,1051440000,1051520000,6138,2157
13144,1051520000,1051600000,8510,2636
13145,1051600000,1051680000,6386,2304
13146,1051680000,1051760000,11333,3619
13147,1051760000,1051840000,5373,1640
13148,1051840000,1051920000,4373,1779
13149,1051920000,1052000000,6464,2141
13150,1052000000,1052080000,6364,1948
13151,1052080000,1052160000,9715,2698
13152,1052160000,1052240000,5337,1666
13153,1052240000,1052320000,6480,2387
13154,1052320000,1052400000,5198,1626
13155,1052400000,1052480000,11345,3188
13156,1052480000,1052560000,5583,1694
13157,1052560000,1052640000,4790,1795
13158,1052640000,1052720000,7015,2241
13159,1052720000,1052800000,6696,2001
13160,1052800000,1052880000,9367,2690
13161,1052880000,1052960000,4935,1671
13162,1052960000,1053040000,6443,2385
13163,1053040000,1053120000,5585,1638
13164,1053120000,1053200000,10966,3201
13165,1053200000,1053280000,5601,1705
13166,1053280000,1053360000,4333,1723
13167,1053360000,1053440000,6736,2117
13168,1053440000,1053520000,6705,1965
13169,1053520000,1053600000,9524,2655
13170,1053600000,1053680000,5098,1644
13171,1053680000,1053760000,6609,2310
13172,1053760000,1053840000,6236,1640
13173,1053840000,1053920000,11112,3186
13174,1053920000,1054000000,5874,1664
13175,1054000000,1054080000,4253,1631
13176,1054080000,1054160000,7357,2232
13177,1054160000,1054240000,7072,2008
13178,1054240000,1054320000,9375,2693
13179,1054320000,1054400000,5030,1635
13180,1054400000,1054480000,6372,2350
13181,1054480000,1054560000,5739,1595
13182,1054560000,1054640000,10945,3181
13183,1054640000,1054720000,5750,1702
13184,1054720000,1054800000,4703,1795
13185,1054800000,1054880000,7099,2246
13186,1054880000,1054960000,7091,1998
13187,1054960000,1055040000,9630,2692
13188,1055040000,1055120000,5147,1676
13189,1055120000,1055200000,6336,2391
13190,1055200000,1055280000,5969,1629
13191,1055280000,1055360000,11244,3149
13192,1055360000,1055440000,5442,1586
13193,1055440000,1055520000,4079,1704
13194,1055520000,1055600000,6450,2135
13195,1055600000,1055680000,6582,1955
13196,1055680000,1055760000,9373,2694
13197,1055760000,1055840000,4846,1667
13198,1055840000,1055920000,6448,2384
13199,1055920000,1056000000,5720,1640
13200,1056000000,1056080000,10987,3171
13201,1056080000,1056160000,5350,1695
13202,1056160000,1056240000,4354,1798
13203,1056240000,1056320000,6989,2248
13204,1056320000,1056400000,6941,1998
13205,1056400000,1056480000,9649,2690
13206,1056480000,1056560000,5231,1671
13207,1056560000,1056640000,6744,2384
13208,1056640000,1056720000,6055,1623
13209,1056720000,1056800000,11112,3176
13210,1056800000,1056880000,5586,1694
13211,1056880000,1056960000,4436,1775
13212,1056960000,1057040000,6647,2238
13213,1057040000,1057120000,6487,1994
13214,1057120000,1057200000,9368,2688
13215,1057200000,1057280000,5199,1670
13216,1057280000,1057360000,6257,2387
13217,1057360000,1057440000,5423,1623
13218,1057440000,1057520000,6140,2206
13219,1057520000,1057600000,8508,2744
13220,1057600000,1057680000,6366,2184
13221,1057680000,1057760000,10943,3679
13222,1057760000,1057840000,5609,1673
13223,1057840000,1057920000,5126,1872
13224,1057920000,1058000000,6554,2212
13225,1058000000,1058080000,5285,1518
13226,1058080000,1058160000,10901,3188
13227,1058160000,1058240000,4736,1518
13228,1058240000,1058320000,6204,2334
13229,1058320000,1058400000,4975,1661
13230,1058400000,1058480000,10932,3142
13231,1058480000,1058560000,5839,1734
13232,1058560000,1058640000,5159,1875
13233,1058640000,1058720000,6480,2282
13234,1058720000,1058800000,5615,1589
13235,1058800000,1058880000,10728,3172
13236,1058880000,1058960000,4645,1518
13237,1058960000,1059040000,6262,2327
13238,1059040000,1059120000,5920,1674
13239,1059120000,1059200000,10556,3139
13240,1059200000,1059280000,6033,1733
13241,1059280000,1059360000,4643,1860
13242,1059360000,1059440000,6837,2276
13243,1059440000,1059520000,6152,1598
13244,1059520000,1059600000,10980,3180
13245,1059600000,1059680000,5227,1521
13246,1059680000,1059760000,6349,2337
13247,1059760000,1059840000,6052,1677
13248,1059840000,1059920000,10928,3138
13249,1059920000,1060000000,6312,1736
13250,1060000000,1060080000,5182,1873
13251,1060080000,1060160000,6850,2288
13252,1060160000,1060240000,5893,1600
13253,1060240000,1060320000,10689,3177
13254,1060320000,1060400000,4870,1518
13255,1060400000,1060480000,6110,2333
13256,1060480000,1060560000,5601,1672
13257,1060560000,1060640000,10922,3124
13258,1060640000,1060720000,6269,1735
13259,1060720000,1060800000,5003,1821
13260,1060800000,1060880000,6670,2154
13261,1060880000,1060960000,6142,1535
13262,1060960000,1061040000,10880,3119
13263,1061040000,1061120000,4749,1482
13264,1061120000,1061200000,6165,2257
13265,1061200000,1061280000,6074,1675
13266,1061280000,1061360000,11065,3102
13267,1061360000,1061440000,5716,1576
13268,1061440000,1061520000,4436,1599
13269,1061520000,1061600000,6746,2173
13270,1061600000,1061680000,5722,1520
13271,1061680000,1061760000,10942,3166
13272,1061760000,1061840000,4912,1491
13273,1061840000,1061920000,6108,2289
13274,1061920000,1062000000,5487,1632
13275,1062000000,1062080000,10784,3124
13276,1062080000,1062160000,6004,1730
13277,1062160000,1062240000,5015,1870
13278,1062240000,1062320000,6775,2280
13279,1062320000,1062400000,6030,1591
13280,1062400000,1062480000,10952,3166
13281,1062480000,1062560000,5075,1523
13282,1062560000,1062640000,6029,2335
13283,1062640000,1062720000,5508,1662
13284,1062720000,1062800000,10993,3131
13285,1062800000,1062880000,5958,1730
13286,1062880000,1062960000,4648,1856
13287,1062960000,1063040000,6354,2282
13288,1063040000,1063120000,5664,1588
13289,1063120000,1063200000,10790,3170
13290,1063200000,1063280000,4867,1519
13291,1063280000,1063360000,6154,2330
13292,1063360000,1063440000,5670,1663
13293,1063440000,1063520000,6609,2197
13294,1063520000,1063600000,8654,2757
13295,1063600000,1063680000,6135,2015
13296,1063680000,1063760000,10314,3709
13297,1063760000,1063840000,7032,1932
13298,1063840000,1063920000,4289,1557
13299,1063920000,1064000000,6465,2392
13300,1064000000,1064080000,5402,1606
13301,1064080000,1064160000,11077,3144
13302,1064160000,1064240000,4561,1488
13303,1064240000,1064320000,5611,2325
13304,1064320000,1064400000,5734,1822
13305,1064400000,1064480000,9499,2845
13306,1064480000,1064560000,7292,1989
13307,1064560000,1064640000,4315,1564
13308,1064640000,1064720000,6810,2416
13309,1064720000,1064800000,6394,1717
13310,1064800000,1064880000,10774,3144
13311,1064880000,1064960000,4817,1494
13312,1064960000,1065040000,5803,2330
13313,1065040000,1065120000,6079,1830
13314,1065120000,1065200000,9058,2845
13315,1065200000,1065280000,7158,1995
13316,1065280000,1065360000,4536,1566
13317,1065360000,1065440000,6690,2420
13318,1065440000,1065520000,5944,1721
13319,1065520000,1065600000,10645,3141
13320,1065600000,1065680000,5071,1492
13321,1065680000,1065760000,5871,2326
13322,1065760000,1065840000,5888,1841
13323,1065840000,1065920000,9146,2837
13324,1065920000,1066000000,7195,1987
13325,1066000000,1066080000,4717,1570
13326,1066080000,1066160000,6659,2430
13327,1066160000,1066240000,6159,1725
13328,1066240000,1066320000,10658,3133
13329,1066320000,1066400000,4480,1446
13330,1066400000,1066480000,5818,2297
13331,1066480000,1066560000,6245,1839
13332,1066560000,1066640000,9133,2834
13333,1066640000,1066720000,7357,1982
13334,1066720000,1066800000,4314,1551
13335,1066800000,1066880000,6829,2412
13336,1066880000,1066960000,6478,1723
13337,1066960000,1067040000,11120,3128
13338,1067040000,1067120000,5124,1494
13339,1067120000,1067200000,6038,2328
13340,1067200000,1067280000,6862,1840
13341,1067280000,1067360000,9605,2811
13342,1067360000,1067440000,7223,1886
13343,1067440000,1067520000,4269,1475
13344,1067520000,1067600000,6638,2327
13345,1067600000,1067680000,6284,1628
13346,1067680000,1067760000,10923,3130
13347,1067760000,1067840000,4975,1486
13348,1067840000,1067920000,5839,2326
13349,1067920000,1068000000,6633,1840
13350,1068000000,1068080000,9316,2831
13351,1068080000,1068160000,7676,1989
13352,1068160000,1068240000,4493,1549
13353,1068240000,1068320000,6509,2259
13354,1068320000,1068400000,6284,1642
13355,1068400000,1068480000,11057,3097
13356,1068480000,1068560000,4818,1435
13357,1068560000,1068640000,5865,2251
13358,1068640000,1068720000,6611,1825
13359,1068720000,1068800000,9439,2834
13360,1068800000,1068880000,7328,1958
13361,1068880000,1068960000,4053,1388
13362,1068960000,1069040000,6815,2390
13363,1069040000,1069120000,6051,1715
13364,1069120000,1069200000,10873,3122
13365,1069200000,1069280000,4660,1479
13366,1069280000,1069360000,5743,2266
13367,1069360000,1069440000,5888,1787
13368,1069440000,1069520000,6336,2135
13369,1069520000,1069600000,8257,2776
13370,1069600000,1069680000,5707,1882
13371,1069680000,1069760000,8984,3274
13372,1069760000,1069840000,8311,2277
13373,1069840000,1069920000,3985,1453
13374,1069920000,1070000000,6494,2350
13375,1070000000,1070080000,5679,1714
13376,1070080000,1070160000,10647,3002
13377,1070160000,1070240000,4744,1541
13378,1070240000,1070320000,4493,1679
13379,1070320000,1070400000,6338,2135
13380,1070400000,1070480000,8031,2416
13381,1070480000,1070560000,9084,2438
13382,1070560000,1070640000,4854,1507
13383,1070640000,1070720000,6441,2403
13384,1070720000,1070800000,6371,1812
13385,1070800000,1070880000,10343,3003
13386,1070880000,1070960000,5561,1678
13387,1070960000,1071040000,4646,1805
13388,1071040000,1071120000,6653,2157
13389,1071120000,1071200000,7929,2424
13390,1071200000,1071280000,8561,2434
13391,1071280000,1071360000,4407,1531
13392,1071360000,1071440000,6221,2436
13393,1071440000,1071520000,6645,1853
13394,1071520000,1071600000,10357,2988
13395,1071600000,1071680000,5664,1680
13396,1071680000,1071760000,4431,1809
13397,1071760000,1071840000,6834,2167
13398,1071840000,1071920000,8022,2420
13399,1071920000,1072000000,8754,2422
13400,1072000000,1072080000,4598,1555
13401,1072080000,1072160000,6728,2443
13402,1072160000,1072240000,7132,1856
13403,1072240000,1072320000,10215,2982
13404,1072320000,1072400000,5395,1680
13405,1072400000,1072480000,4436,1813
13406,1072480000,1072560000,7003,2169
13407,1072560000,1072640000,8048,2413
13408,1072640000,1072720000,8848,2422
13409,1072720000,1072800000,4848,1550
13410,1072800000,1072880000,6795,2444
13411,1072880000,1072960000,7160,1854
13412,1072960000,1073040000,10442,2981
13413,1073040000,1073120000,5634,1675
13414,1073120000,1073200000,4626,1808
13415,1073200000,1073280000,7196,2169
13416,1073280000,1073360000,8215,2410
13417,1073360000,1073440000,8559,2318
13418,1073440000,1073520000,4562,1450
13419,1073520000,1073600000,6073,2358
13420,1073600000,1073680000,6604,1744
13421,1073680000,1073760000,10305,2977
13422,1073760000,1073840000,5253,1656
13423,1073840000,1073920000,4603,1805
13424,1073920000,1074000000,7192,2169
13425,1074000000,1074080000,7959,2410
13426,1074080000,1074160000,8955,2420
13427,1074160000,1074240000,4277,1531
13428,1074240000,1074320000,6639,2432
13429,1074320000,1074400000,6527,1853
13430,1074400000,1074480000,10623,2975
13431,1074480000,1074560000,5753,1673
13432,1074560000,1074640000,4866,1788
13433,1074640000,1074720000,7082,2173
13434,1074720000,1074800000,8057,2410
13435,1074800000,1074880000,8810,2420
13436,1074880000,1074960000,4478,1530
13437,1074960000,1075040000,6432,2432
13438,1075040000,1075120000,6706,1856
13439,1075120000,1075200000,10512,2977
13440,1075200000,1075280000,5403,1674
13441,1075280000,1075360000,4580,1808
13442,1075360000,1075440000,6790,2159
13443,1075440000,1075520000,6629,2153
13444,1075520000,1075600000,7603,2589
13445,1075600000,1075680000,6465,2133
13446,1075680000,1075760000,7878,2925
13447,1075760000,1075840000,9646,2695
13448,1075840000,1075920000,4949,1634
13449,1075920000,1076000000,6474,2374
13450,1076000000,1076080000,5256,1500
13451,1076080000,1076160000,11402,3195
13452,1076160000,1076240000,5350,1693
13453,1076240000,1076320000,4539,1767
13454,1076320000,1076400000,7072,2239
13455,1076400000,1076480000,6806,2006
13456,1076480000,1076560000,9979,2704
13457,1076560000,1076640000,4855,1668
13458,1076640000,1076720000,6470,2382
13459,1076720000,1076800000,5690,1626
13460,1076800000,1076880000,11251,3187
13461,1076880000,1076960000,5550,1697
13462,1076960000,1077040000,4306,1719
13463,1077040000,1077120000,6739,2113
13464,1077120000,1077200000,6499,1966
13465,1077200000,1077280000,9357,2656
13466,1077280000,1077360000,4866,1645
13467,1077360000,1077440000,6409,2311
13468,1077440000,1077520000,5642,1642
13469,1077520000,1077600000,11011,3191
13470,1077600000,1077680000,5764,1659
13471,1077680000,1077760000,4338,1631
13472,1077760000,1077840000,7298,2231
13473,1077840000,1077920000,6791,2010
13474,1077920000,1078000000,9690,2702
13475,1078000000,1078080000,5514,1641
13476,1078080000,1078160000,6409,2349
13477,1078160000,1078240000,5726,1606
13478,1078240000,1078320000,10932,3185
13479,1078320000,1078400000,5723,1699
13480,1078400000,1078480000,4544,1791
13481,1078480000,1078560000,6989,2251
13482,1078560000,1078640000,6682,2006
13483,1078640000,1078720000,9502,2695
13484,1078720000,1078800000,5070,1678
13485,1078800000,1078880000,6293,2391
13486,1078880000,1078960000,6013,1637
13487,1078960000,1079040000,11241,3169
13488,1079040000,1079120000,5627,1698
13489,1079120000,1079200000,4362,1798
13490,1079200000,1079280000,7118,2250
13491,1079280000,1079360000,7215,2012
13492,1079360000,1079440000,9234,2600
13493,1079440000,1079520000,4489,1562
13494,1079520000,1079600000,6344,2298
13495,1079600000,1079680000,5852,1524
13496,1079680000,1079760000,10968,3161
13497,1079760000,1079840000,5436,1696
13498,1079840000,1079920000,4336,1798
13499,1079920000,1080000000,7048,2240
13500,1080000000,1080080000,6884,2008
13501,1080080000,1080160000,9551,2700
13502,1080160000,1080240000,5415,1675
13503,1080240000,1080320000,6566,2382
13504,1080320000,1080400000,5796,1628
13505,1080400000,1080480000,11154,3170
13506,1080480000,1080560000,5740,1695
13507,1080560000,1080640000,4614,1795
13508,1080640000,1080720000,7155,2239
13509,1080720000,1080800000,6910,2004
13510,1080800000,1080880000,9202,2674
13511,1080880000,1080960000,4763,1648
13512,1080960000,1081040000,6183,2385
13513,1081040000,1081120000,5077,1625
13514,1081120000,1081200000,11124,3170
13515,1081200000,1081280000,5069,1679
13516,1081280000,1081360000,4429,1795
13517,1081360000,1081440000,7146,2240
13518,1081440000,1081520000,6268,1987
13519,1081520000,1081600000,6829,2315
13520,1081600000,1081680000,7260,2348
13521,1081680000,1081760000,7573,2719
13522,1081760000,1081840000,10803,3162
13523,1081840000,1081920000,4465,1479
13524,1081920000,1082000000,6047,2317
13525,1082000000,1082080000,4772,1543
13526,1082080000,1082160000,10938,3132
13527,1082160000,1082240000,5723,1725
13528,1082240000,1082320000,5002,1875
13529,1082320000,1082400000,6497,2283
13530,1082400000,1082480000,5463,1596
13531,1082480000,1082560000,11020,3165
13532,1082560000,1082640000,4411,1516
13533,1082640000,1082720000,6341,2329
13534,1082720000,1082800000,5707,1664
13535,1082800000,1082880000,10976,3141
13536,1082880000,1082960000,5880,1730
13537,1082960000,1083040000,4685,1860
13538,1083040000,1083120000,6652,2266
13539,1083120000,1083200000,5783,1602
13540,1083200000,1083280000,10748,3188
13541,1083280000,1083360000,5179,1519
13542,1083360000,1083440000,6223,2335
13543,1083440000,1083520000,5380,1662
13544,1083520000,1083600000,10854,3136
13545,1083600000,1083680000,6362,1734
13546,1083680000,1083760000,5059,1870
13547,1083760000,1083840000,6983,2287
13548,1083840000,1083920000,6106,1597
13549,1083920000,1084000000,10921,3173
13550,1084000000,1084080000,4811,1524
13551,1084080000,1084160000,6228,2334
13552,1084160000,1084240000,5928,1677
13553,1084240000,1084320000,10978,3125
13554,1084320000,1084400000,5966,1727
13555,1084400000,1084480000,4719,1817
13556,1084480000,1084560000,6649,2154
13557,1084560000,1084640000,5773,1540
13558,1084640000,1084720000,10738,3122
13559,1084720000,1084800000,4824,1485
13560,1084800000,1084880000,6148,2258
13561,1084880000,1084960000,5913,1676
13562,1084960000,1085040000,11050,3125
13563,1085040000,1085120000,6076,1710
13564,1085120000,1085200000,4689,1698
13565,1085200000,1085280000,6885,2268
13566,1085280000,1085360000,6351,1601
13567,1085360000,1085440000,10783,3095
13568,1085440000,1085520000,4542,1354
13569,1085520000,1085600000,5897,2249
13570,1085600000,1085680000,5617,1556
13571,1085680000,1085760000,10826,3098
13572,1085760000,1085840000,5968,1735
13573,1085840000,1085920000,5143,1868
13574,1085920000,1086000000,6839,2287
13575,1086000000,1086080000,6069,1598
13576,1086080000,1086160000,10764,3170
13577,1086160000,1086240000,4681,1518
13578,1086240000,1086320000,5931,2337
13579,1086320000,1086400000,5656,1676
13580,1086400000,1086480000,11094,3121
13581,1086480000,1086560000,5972,1728
13582,1086560000,1086640000,4888,1875
13583,1086640000,1086720000,6896,2291
13584,1086720000,1086800000,6053,1595
13585,1086800000,1086880000,10653,3162
13586,1086880000,1086960000,4465,1500
13587,1086960000,1087040000,6089,2329
13588,1087040000,1087120000,5348,1663
13589,1087120000,1087200000,10907,3122
13590,1087200000,1087280000,6053,1728
13591,1087280000,1087360000,4750,1875
13592,1087360000,1087440000,6830,2282
13593,1087440000,1087520000,5702,1612
13594,1087520000,1087600000,6766,2323
13595,1087600000,1087680000,8293,2607
13596,1087680000,1087760000,7219,2585
13597,1087760000,1087840000,11188,3337
13598,1087840000,1087920000,4343,1442
13599,1087920000,1088000000,5593,2316
13600,1088000000,1088080000,5257,1704
13601,1088080000,1088160000,9368,2831
13602,1088160000,1088240000,7246,1991
13603,1088240000,1088320000,4256,1564
13604,1088320000,1088400000,6713,2416
13605,1088400000,1088480000,5868,1720
13606,1088480000,1088560000,11293,3148
13607,1088560000,1088640000,5006,1490
13608,1088640000,1088720000,5806,2328
13609,1088720000,1088800000,5815,1824
13610,1088800000,1088880000,9465,2842
13611,1088880000,1088960000,7414,1985
13612,1088960000,1089040000,4625,1566
13613,1089040000,1089120000,7001,2430
13614,1089120000,1089200000,6244,1726
13615,1089200000,1089280000,10744,3148
13616,1089280000,1089360000,4734,1494
13617,1089360000,1089440000,5750,2324
13618,1089440000,1089520000,6268,1834
13619,1089520000,1089600000,9293,2839
13620,1089600000,1089680000,7121,1981
13621,1089680000,1089760000,4686,1566
13622,1089760000,1089840000,6644,2428
13623,1089840000,1089920000,6493,1720
13624,1089920000,1090000000,10886,3134
13625,1090000000,1090080000,4698,1480
13626,1090080000,1090160000,6017,2321
13627,1090160000,1090240000,6633,1845
13628,1090240000,1090320000,9280,2833
13629,1090320000,1090400000,7192,1986
13630,1090400000,1090480000,4104,1533
13631,1090480000,1090560000,6780,2409
13632,1090560000,1090640000,6114,1728
13633,1090640000,1090720000,10880,3119
13634,1090720000,1090800000,5252,1496
13635,1090800000,1090880000,6016,2328
13636,1090880000,1090960000,6479,1838
13637,1090960000,1091040000,9470,2829
13638,1091040000,1091120000,7810,1988
13639,1091120000,1091200000,4683,1566
13640,1091200000,1091280000,6942,2424
13641,1091280000,1091360000,6599,1726
13642,1091360000,1091440000,11027,3078
13643,1091440000,1091520000,4682,1355
13644,1091520000,1091600000,5639,2254
13645,1091600000,1091680000,6263,1703
13646,1091680000,1091760000,9409,2803
13647,1091760000,1091840000,7561,1975
13648,1091840000,1091920000,4498,1546
13649,1091920000,1092000000,6499,2251
13650,1092000000,1092080000,6538,1654
13651,1092080000,1092160000,10855,3099
13652,1092160000,1092240000,4783,1433
13653,1092240000,1092320000,5825,2249
13654,1092320000,1092400000,6689,1827
13655,1092400000,1092480000,9487,2824
13656,1092480000,1092560000,7549,1958
13657,1092560000,1092640000,4210,1387
13658,1092640000,1092720000,7056,2390
13659,1092720000,1092800000,6405,1720
13660,1092800000,1092880000,11001,3126
13661,1092880000,1092960000,4680,1459
13662,1092960000,1093040000,5775,2266
13663,1093040000,1093120000,5929,1789
13664,1093120000,1093200000,9299,2826
13665,1093200000,1093280000,7282,1979
13666,1093280000,1093360000,4473,1562
13667,1093360000,1093440000,6645,2416
13668,1093440000,1093520000,6032,1747
13669,1093520000,1093600000,6110,2188
13670,1093600000,1093680000,8850,2742
13671,1093680000,1093760000,7001,2373
13672,1093760000,1093840000,11242,3449
13673,1093840000,1093920000,4853,1546
13674,1093920000,1094000000,4547,1678
13675,1094000000,1094080000,6151,2015
13676,1094080000,1094160000,7888,2375
13677,1094160000,1094240000,8926,2428
13678,1094240000,1094320000,4493,1503
13679,1094320000,1094400000,6220,2393
13680,1094400000,1094480000,6179,1813
13681,1094480000,1094560000,10675,2996
13682,1094560000,1094640000,5566,1676
13683,1094640000,1094720000,4828,1808
13684,1094720000,1094800000,6899,2153
13685,1094800000,1094880000,8021,2415
13686,1094880000,1094960000,8713,2428
13687,1094960000,1095040000,4613,1555
13688,1095040000,1095120000,6446,2446
13689,1095120000,1095200000,5684,1848
13690,1095200000,1095280000,10291,3006
13691,1095280000,1095360000,5451,1684
13692,1095360000,1095440000,4366,1812
13693,1095440000,1095520000,6299,2164
13694,1095520000,1095600000,7590,2413
13695,1095600000,1095680000,8827,2419
13696,1095680000,1095760000,4666,1553
13697,1095760000,1095840000,6780,2441
13698,1095840000,1095920000,6404,1849
13699,1095920000,1096000000,10545,2996
13700,1096000000,1096080000,5852,1683
13701,1096080000,1096160000,4500,1813
13702,1096160000,1096240000,6948,2163
13703,1096240000,1096320000,7986,2410
13704,1096320000,1096400000,8809,2420
13705,1096400000,1096480000,4814,1546
13706,1096480000,1096560000,6827,2446
13707,1096560000,1096640000,6706,1857
13708,1096640000,1096720000,10356,2979
13709,1096720000,1096800000,5886,1674
13710,1096800000,1096880000,4637,1808
13711,1096880000,1096960000,6849,2173
13712,1096960000,1097040000,7954,2403
13713,1097040000,1097120000,9027,2420
13714,1097120000,1097200000,4852,1547
13715,1097200000,1097280000,6379,2438
13716,1097280000,1097360000,6899,1856
13717,1097360000,1097440000,10564,2943
13718,1097440000,1097520000,5273,1542
13719,1097520000,1097600000,4459,1740
13720,1097600000,1097680000,6736,2036
13721,1097680000,1097760000,7926,2367
13722,1097760000,1097840000,8826,2424
13723,1097840000,1097920000,4241,1531
13724,1097920000,1098000000,6628,2422
13725,1098000000,1098080000,6845,1854
13726,1098080000,1098160000,10414,2986
13727,1098160000,1098240000,5617,1673
13728,1098240000,1098320000,4816,1813
13729,1098320000,1098400000,7116,2159
13730,1098400000,1098480000,8224,2405
13731,1098480000,1098560000,9017,2420
13732,1098560000,1098640000,4713,1548
13733,1098640000,1098720000,6640,2431
13734,1098720000,1098800000,6816,1857
13735,1098800000,1098880000,10509,2976
13736,1098880000,1098960000,5215,1654
13737,1098960000,1099040000,4526,1808
13738,1099040000,1099120000,6385,2155
13739,1099120000,1099200000,7874,2403
13740,1099200000,1099280000,8768,2410
13741,1099280000,1099360000,4311,1526
13742,1099360000,1099440000,6133,2260
13743,1099440000,1099520000,6049,1766
13744,1099520000,1099600000,6085,2156
13745,1099600000,1099680000,8333,2636
13746,1099680000,1099760000,6313,2306
13747,1099760000,1099840000,11203,3616
13748,1099840000,1099920000,5694,1640
13749,1099920000,1100000000,4642,1793
13750,1100000000,1100080000,6469,2151
13751,1100080000,1100160000,6386,1948
13752,1100160000,1100240000,9935,2706
13753,1100240000,1100320000,4909,1667
13754,1100320000,1100400000,6376,2383
13755,1100400000,1100480000,5267,1625
13756,1100480000,1100560000,11614,3191
13757,1100560000,1100640000,5612,1695
13758,1100640000,1100720000,4544,1723
13759,1100720000,1100800000,6542,2105
13760,1100800000,1100880000,6636,1961
13761,1100880000,1100960000,9567,2652
13762,1100960000,1101040000,4691,1613
13763,1101040000,1101120000,6327,2304
13764,1101120000,1101200000,5548,1633
13765,1101200000,1101280000,10987,3198
13766,1101280000,1101360000,5426,1658
13767,1101360000,1101440000,4152,1631
13768,1101440000,1101520000,6799,2226
13769,1101520000,1101600000,6464,2004
13770,1101600000,1101680000,9748,2701
13771,1101680000,1101760000,5297,1637
13772,1101760000,1101840000,6433,2350
13773,1101840000,1101920000,5511,1593
13774,1101920000,1102000000,11101,3186
13775,1102000000,1102080000,5723,1696
13776,1102080000,1102160000,4719,1791
13777,1102160000,1102240000,7128,2248
13778,1102240000,1102320000,6698,2004
13779,1102320000,1102400000,9363,2691
13780,1102400000,1102480000,4843,1671
13781,1102480000,1102560000,6234,2392
13782,1102560000,1102640000,5618,1637
13783,1102640000,1102720000,11109,3182
13784,1102720000,1102800000,5895,1705
13785,1102800000,1102880000,4300,1798
13786,1102880000,1102960000,6911,2249
13787,1102960000,1103040000,6788,1998
13788,1103040000,1103120000,9783,2694
13789,1103120000,1103200000,5185,1674
13790,1103200000,1103280000,6595,2385
13791,1103280000,1103360000,5702,1629
13792,1103360000,1103440000,11299,3147
13793,1103440000,1103520000,5657,1590
13794,1103520000,1103600000,4105,1704
13795,1103600000,1103680000,6684,2135
13796,1103680000,1103760000,6615,1951
13797,1103760000,1103840000,9687,2686
13798,1103840000,1103920000,5148,1670
13799,1103920000,1104000000,6591,2386
13800,1104000000,1104080000,5748,1638
13801,1104080000,1104160000,11094,3178
13802,1104160000,1104240000,5679,1692
13803,1104240000,1104320000,4446,1771
13804,1104320000,1104400000,7059,2249
13805,1104400000,1104480000,6742,1999
13806,1104480000,1104560000,9742,2686
13807,1104560000,1104640000,5220,1670
13808,1104640000,1104720000,6354,2386
13809,1104720000,1104800000,5955,1626
13810,1104800000,1104880000,11289,3172
13811,1104880000,1104960000,4896,1681
13812,1104960000,1105040000,4350,1775
13813,1105040000,1105120000,7130,2241
13814,1105120000,1105200000,6923,1999
13815,1105200000,1105280000,9606,2692
13816,1105280000,1105360000,4656,1656
13817,1105360000,1105440000,6357,2371
13818,1105440000,1105520000,5755,1625
13819,1105520000,1105600000,6105,2207
13820,1105600000,1105680000,8330,2744
13821,1105680000,1105760000,6231,2184
13822,1105760000,1105840000,10826,3688
13823,1105840000,1105920000,5551,1671
13824,1105920000,1106000000,4968,1848
13825,1106000000,1106080000,6169,2218
13826,1106080000,1106160000,5280,1518
13827,1106160000,1106240000,10661,3170
13828,1106240000,1106320000,4226,1518
13829,1106320000,1106400000,6231,2328
13830,1106400000,1106480000,5439,1662
13831,1106480000,1106560000,11063,3142
13832,1106560000,1106640000,6108,1729
13833,1106640000,1106720000,4750,1860
13834,1106720000,1106800000,6614,2266
13835,1106800000,1106880000,6076,1592
13836,1106880000,1106960000,10488,3180
13837,1106960000,1107040000,4847,1518
13838,1107040000,1107120000,6295,2338
13839,1107120000,1107200000,5586,1664
13840,1107200000,1107280000,10484,3144
13841,1107280000,1107360000,5987,1736
13842,1107360000,1107440000,5045,1877
13843,1107440000,1107520000,6660,2280
13844,1107520000,1107600000,5756,1596
13845,1107600000,1107680000,11088,3184
13846,1107680000,1107760000,5019,1523
13847,1107760000,1107840000,6254,2333
13848,1107840000,1107920000,5890,1670
13849,1107920000,1108000000,11108,3132
13850,1108000000,1108080000,6329,1738
13851,1108080000,1108160000,4937,1817
13852,1108160000,1108240000,6600,2155
13853,1108240000,1108320000,5996,1532
13854,1108320000,1108400000,10854,3134
13855,1108400000,1108480000,4464,1477
13856,1108480000,1108560000,6062,2256
13857,1108560000,1108640000,5909,1671
13858,1108640000,1108720000,10869,3125
13859,1108720000,1108800000,6316,1707
13860,1108800000,1108880000,4644,1695
13861,1108880000,1108960000,7039,2267
13862,1108960000,1109040000,5921,1588
13863,1109040000,1109120000,11126,3168
13864,1109120000,1109200000,5138,1470
13865,1109200000,1109280000,6047,2286
13866,1109280000,1109360000,5505,1643
13867,1109360000,1109440000,10969,3100
13868,1109440000,1109520000,6141,1633
13869,1109520000,1109600000,4840,1780
13870,1109600000,1109680000,6442,2181
13871,1109680000,1109760000,5500,1524
13872,1109760000,1109840000,10854,3164
13873,1109840000,1109920000,4648,1518
13874,1109920000,1110000000,5980,2337
13875,1110000000,1110080000,5533,1677
13876,1110080000,1110160000,10790,3126
13877,1110160000,1110240000,6038,1737
13878,1110240000,1110320000,4841,1871
13879,1110320000,1110400000,6628,2291
13880,1110400000,1110480000,6027,1588
13881,1110480000,1110560000,11192,3168
13882,1110560000,1110640000,4816,1519
13883,1110640000,1110720000,6175,2329
13884,1110720000,1110800000,6082,1673
13885,1110800000,1110880000,11104,3130
13886,1110880000,1110960000,5942,1730
13887,1110960000,1111040000,4627,1856
13888,1111040000,1111120000,6748,2292
13889,1111120000,1111200000,5950,1584
13890,1111200000,1111280000,11002,3164
13891,1111280000,1111360000,4885,1519
13892,1111360000,1111440000,6365,2334
13893,1111440000,1111520000,5914,1667
13894,1111520000,1111600000,6458,2198
13895,1111600000,1111680000,8523,2757
13896,1111680000,1111760000,5969,2015
13897,1111760000,1111840000,10183,3707
13898,1111840000,1111920000,6913,1925
13899,1111920000,1112000000,4169,1557
13900,1112000000,1112080000,6667,2384
13901,1112080000,1112160000,5643,1606
13902,1112160000,1112240000,10891,3142
13903,1112240000,1112320000,4539,1484
13904,1112320000,1112400000,5808,2330
13905,1112400000,1112480000,5884,1823
13906,1112480000,1112560000,9500,2842
13907,1112560000,1112640000,7278,1994
13908,1112640000,1112720000,4734,1564
13909,1112720000,1112800000,6990,2420
13910,1112800000,1112880000,6197,1717
13911,1112880000,1112960000,10678,3148
13912,1112960000,1113040000,5035,1494
13913,1113040000,1113120000,5847,2326
13914,1113120000,1113200000,6234,1842
13915,1113200000,1113280000,8991,2846
13916,1113280000,1113360000,7154,1991
13917,1113360000,1113440000,4779,1569
13918,1113440000,1113520000,6462,2430
13919,1113520000,1113600000,6053,1725
13920,1113600000,1113680000,10698,3141
13921,1113680000,1113760000,4956,1480
13922,1113760000,1113840000,6002,2321
13923,1113840000,1113920000,6649,1839
13924,1113920000,1114000000,9247,2842
13925,1114000000,1114080000,7278,1983
13926,1114080000,1114160000,4266,1551
13927,1114160000,1114240000,6761,2410
13928,1114240000,1114320000,6102,1717
13929,1114320000,1114400000,10375,3129
13930,1114400000,1114480000,4919,1494
13931,1114480000,1114560000,5972,2330
13932,1114560000,1114640000,6377,1836
13933,1114640000,1114720000,9166,2831
13934,1114720000,1114800000,7572,1983
13935,1114800000,1114880000,4615,1570
13936,1114880000,1114960000,6880,2426
13937,1114960000,1115040000,6609,1723
13938,1115040000,1115120000,11303,3132
13939,1115120000,1115200000,5205,1490
13940,1115200000,1115280000,5929,2324
13941,1115280000,1115360000,6686,1844
13942,1115360000,1115440000,9530,2798
13943,1115440000,1115520000,7727,1884
13944,1115520000,1115600000,4322,1465
13945,1115600000,1115680000,6264,2162
13946,1115680000,1115760000,6317,1614
13947,1115760000,1115840000,11124,3097
13948,1115840000,1115920000,4886,1431
13949,1115920000,1116000000,5828,2249
13950,1116000000,1116080000,6633,1825
13951,1116080000,1116160000,9328,2832
13952,1116160000,1116240000,7798,1962
13953,1116240000,1116320000,4094,1388
13954,1116320000,1116400000,7013,2390
13955,1116400000,1116480000,6437,1708
13956,1116480000,1116560000,11272,3120
13957,1116560000,1116640000,4980,1479
13958,1116640000,1116720000,5801,2266
13959,1116720000,1116800000,6097,1787
13960,1116800000,1116880000,9367,2831
13961,1116880000,1116960000,7129,1977
13962,1116960000,1117040000,4418,1544
13963,1117040000,1117120000,6563,2416
13964,1117120000,1117200000,6234,1711
13965,1117200000,1117280000,10952,3120
13966,1117280000,1117360000,4679,1490
13967,1117360000,1117440000,5590,2328
13968,1117440000,1117520000,6113,1824
13969,1117520000,1117600000,6456,2138
13970,1117600000,1117680000,8200,2776
13971,1117680000,1117760000,5640,1866
13972,1117760000,1117840000,8938,3285
13973,1117840000,1117920000,8610,2371
13974,1117920000,1118000000,4458,1493
13975,1118000000,1118080000,6304,2393
13976,1118080000,1118160000,5392,1644
13977,1118160000,1118240000,10376,2985
13978,1118240000,1118320000,5365,1669
13979,1118320000,1118400000,4695,1805
13980,1118400000,1118480000,6341,2131
13981,1118480000,1118560000,7963,2414
13982,1118560000,1118640000,8733,2436
13983,1118640000,1118720000,4305,1549
13984,1118720000,1118800000,6435,2438
13985,1118800000,1118880000,6339,1847
13986,1118880000,1118960000,10296,2995
13987,1118960000,1119040000,4750,1670
13988,1119040000,1119120000,4391,1809
13989,1119120000,1119200000,6928,2167
13990,1119200000,1119280000,7590,2422
13991,1119280000,1119360000,8228,2432
13992,1119360000,1119440000,4041,1547
13993,1119440000,1119520000,6624,2443
13994,1119520000,1119600000,6585,1854
13995,1119600000,1119680000,10220,2992
13996,1119680000,1119760000,5466,1677
13997,1119760000,1119840000,4623,1813
13998,1119840000,1119920000,6959,2167
13999,1119920000,1120000000,7820,2418
14000,1120000000,1120080000,8760,2430
14001,1120080000,1120160000,4905,1546
14002,1120160000,1120240000,6849,2446
14003,1120240000,1120320000,6811,1848
14004,1120320000,1120400000,10119,2978
14005,1120400000,1120480000,5380,1680
14006,1120480000,1120560000,4549,1809
14007,1120560000,1120640000,6936,2165
14008,1120640000,1120720000,7818,2413
14009,1120720000,1120800000,8367,2422
14010,1120800000,1120880000,4687,1549
14011,1120880000,1120960000,6494,2438
14012,1120960000,1121040000,6847,1855
14013,1121040000,1121120000,10482,2981
14014,1121120000,1121200000,5527,1667
14015,1121200000,1121280000,4668,1808
14016,1121280000,1121360000,7182,2157
14017,1121360000,1121440000,8087,2412
14018,1121440000,1121520000,8517,2314
14019,1121520000,1121600000,4141,1456
14020,1121600000,1121680000,6515,2346
14021,1121680000,1121760000,6338,1738
14022,1121760000,1121840000,10126,2975
14023,1121840000,1121920000,5789,1676
14024,1121920000,1122000000,4820,1813
14025,1122000000,1122080000,6997,2155
14026,1122080000,1122160000,7861,2408
14027,1122160000,1122240000,9105,2422
14028,1122240000,1122320000,4722,1542
14029,1122320000,1122400000,6562,2432
14030,1122400000,1122480000,6833,1854
14031,1122480000,1122560000,10742,2975
14032,1122560000,1122640000,5672,1675
14033,1122640000,1122720000,4660,1808
14034,1122720000,1122800000,6887,2155
14035,1122800000,1122880000,8189,2410
14036,1122880000,1122960000,8876,2418
14037,1122960000,1123040000,4316,1530
14038,1123040000,1123120000,6093,2262
14039,1123120000,1123200000,6867,1770
14040,1123200000,1123280000,10664,2953
14041,1123280000,1123360000,4893,1615
14042,1123360000,1123440000,4499,1742
14043,1123440000,1123520000,7037,2146
14044,1123520000,1123600000,6676,2154
14045,1123600000,1123680000,7471,2589
14046,1123680000,1123760000,6402,2135
14047,1123760000,1123840000,7776,2925
14048,1123840000,1123920000,9410,2686
14049,1123920000,1124000000,4756,1634
14050,1124000000,1124080000,6405,2370
14051,1124080000,1124160000,4897,1500
14052,1124160000,1124240000,11294,3184
14053,1124240000,1124320000,5217,1689
14054,1124320000,1124400000,4329,1719
14055,1124400000,1124480000,6461,2104
14056,1124480000,1124560000,6426,1965
14057,1124560000,1124640000,9561,2648
14058,1124640000,1124720000,4769,1643
14059,1124720000,1124800000,6412,2308
14060,1124800000,1124880000,5596,1627
14061,1124880000,1124960000,11037,3194
14062,1124960000,1125040000,5235,1655
14063,1125040000,1125120000,4186,1631
14064,1125120000,1125200000,6704,2217
14065,1125200000,1125280000,6320,2007
14066,1125280000,1125360000,9374,2704
14067,1125360000,1125440000,4837,1636
14068,1125440000,1125520000,6238,2344
14069,1125520000,1125600000,5191,1598
14070,1125600000,1125680000,10833,3193
14071,1125680000,1125760000,5430,1691
14072,1125760000,1125840000,4662,1791
14073,1125840000,1125920000,7002,2247
14074,1125920000,1126000000,6655,2014
14075,1126000000,1126080000,9447,2704
14076,1126080000,1126160000,4813,1671
14077,1126160000,1126240000,6302,2391
14078,1126240000,1126320000,5812,1640
14079,1126320000,1126400000,10899,3180
14080,1126400000,1126480000,5357,1694
14081,1126480000,1126560000,4135,1794
14082,1126560000,1126640000,6859,2252
14083,1126640000,1126720000,6636,2006
14084,1126720000,1126800000,9322,2695
14085,1126800000,1126880000,4828,1672
14086,1126880000,1126960000,6527,2384
14087,1126960000,1127040000,6002,1642
14088,1127040000,1127120000,11151,3171
14089,1127120000,1127200000,5603,1698
14090,1127200000,1127280000,4512,1798
14091,1127280000,1127360000,7387,2253
14092,1127360000,1127440000,6952,2009
14093,1127440000,1127520000,9204,2608
14094,1127520000,1127600000,4806,1561
14095,1127600000,1127680000,6522,2306
14096,1127680000,1127760000,5354,1519
14097,1127760000,1127840000,10825,3166
14098,1127840000,1127920000,5495,1695
14099,1127920000,1128000000,4527,1795
14100,1128000000,1128080000,7057,2248
14101,1128080000,1128160000,6668,2001
14102,1128160000,1128240000,9399,2700
14103,1128240000,1128320000,5106,1677
14104,1128320000,1128400000,6198,2386
14105,1128400000,1128480000,5795,1632
14106,1128480000,1128560000,11118,3158
14107,1128560000,1128640000,5685,1685
14108,1128640000,1128720000,4621,1795
14109,1128720000,1128800000,7260,2239
14110,1128800000,1128880000,6699,2006
14111,1128880000,1128960000,9393,2688
14112,1128960000,1129040000,4740,1615
14113,1129040000,1129120000,6275,2369
14114,1129120000,1129200000,5115,1622
14115,1129200000,1129280000,10845,3169
14116,1129280000,1129360000,5667,1698
14117,1129360000,1129440000,4742,1798
14118,1129440000,1129520000,6740,2240
14119,1129520000,1129600000,6228,1988
14120,1129600000,1129680000,6720,2316
14121,1129680000,1129760000,7099,2348
14122,1129760000,1129840000,7370,2719
14123,1129840000,1129920000,10519,3143
14124,1129920000,1130000000,4353,1480
14125,1130000000,1130080000,6260,2316
14126,1130080000,1130160000,4912,1539
14127,1130160000,1130240000,10919,3119
14128,1130240000,1130320000,6002,1730
14129,1130320000,1130400000,4741,1860
14130,1130400000,1130480000,6326,2264
14131,1130480000,1130560000,5800,1596
14132,1130560000,1130640000,10969,3185
14133,1130640000,1130720000,5257,1520
14134,1130720000,1130800000,6357,2335
14135,1130800000,1130880000,5383,1662
14136,1130880000,1130960000,10831,3139
14137,1130960000,1131040000,5856,1734
14138,1131040000,1131120000,5024,1870
14139,1131120000,1131200000,6609,2280
14140,1131200000,1131280000,5635,1600
14141,1131280000,1131360000,10521,3184
14142,1131360000,1131440000,4662,1523
14143,1131440000,1131520000,6029,2332
14144,1131520000,1131600000,5577,1672
14145,1131600000,1131680000,10905,3136
14146,1131680000,1131760000,6294,1733
14147,1131760000,1131840000,4997,1817
14148,1131840000,1131920000,6719,2155
14149,1131920000,1132000000,5901,1542
14150,1132000000,1132080000,10755,3132
14151,1132080000,1132160000,4855,1477
14152,1132160000,1132240000,6187,2256
14153,1132240000,1132320000,5939,1676
14154,1132320000,1132400000,10816,3135
14155,1132400000,1132480000,5867,1709
14156,1132480000,1132560000,4500,1695
14157,1132560000,1132640000,6738,2270
14158,1132640000,1132720000,5898,1601
14159,1132720000,1132800000,10775,3171
14160,1132800000,1132880000,4950,1490
14161,1132880000,1132960000,6119,2292
14162,1132960000,1133040000,5515,1640
14163,1133040000,1133120000,10935,3127
14164,1133120000,1133200000,5996,1734
14165,1133200000,1133280000,5144,1877
14166,1133280000,1133360000,6838,2288
14167,1133360000,1133440000,6165,1604
14168,1133440000,1133520000,10449,3097
14169,1133520000,1133600000,4174,1403
14170,1133600000,1133680000,5801,2262
14171,1133680000,1133760000,5328,1560
14172,1133760000,1133840000,10830,3110
14173,1133840000,1133920000,5582,1727
14174,1133920000,1134000000,4681,1848
14175,1134000000,1134080000,6681,2291
14176,1134080000,1134160000,5820,1599
14177,1134160000,1134240000,10579,3166
14178,1134240000,1134320000,4765,1524
14179,1134320000,1134400000,6128,2332
14180,1134400000,1134480000,5605,1679
14181,1134480000,1134560000,10840,3123
14182,1134560000,1134640000,6229,1723
14183,1134640000,1134720000,5050,1876
14184,1134720000,1134800000,6993,2291
14185,1134800000,1134880000,5990,1601
14186,1134880000,1134960000,10633,3168
14187,1134960000,1135040000,4783,1496
14188,1135040000,1135120000,6235,2333
14189,1135120000,1135200000,5691,1672
14190,1135200000,1135280000,10863,3124
14191,1135280000,1135360000,5888,1726
14192,1135360000,1135440000,4966,1875
14193,1135440000,1135520000,6666,2280
14194,1135520000,1135600000,6022,1623
14195,1135600000,1135680000,6555,2324
14196,1135680000,1135760000,8204,2607
14197,1135760000,1135840000,7140,2585
14198,1135840000,1135920000,11058,3334
14199,1135920000,1136000000,4674,1442
14200,1136000000,1136080000,5836,2317
14201,1136080000,1136160000,5404,1707
14202,1136160000,1136240000,9344,2830
14203,1136240000,1136320000,7440,1984
14204,1136320000,1136400000,4530,1560
14205,1136400000,1136480000,6822,2420
14206,1136480000,1136560000,5824,1720
14207,1136560000,1136640000,11190,3142
14208,1136640000,1136720000,4951,1490
14209,1136720000,1136800000,5931,2324
14210,1136800000,1136880000,6050,1822
14211,1136880000,1136960000,9373,2839
14212,1136960000,1137040000,7010,1981
14213,1137040000,1137120000,4623,1565
14214,1137120000,1137200000,6680,2430
14215,1137200000,1137280000,6254,1726
14216,1137280000,1137360000,10655,3148
14217,1137360000,1137440000,4598,1482
14218,1137440000,1137520000,5923,2323
14219,1137520000,1137600000,6412,1845
14220,1137600000,1137680000,9205,2840
14221,1137680000,1137760000,7228,1987
14222,1137760000,1137840000,4300,1555
14223,1137840000,1137920000,7016,2410
14224,1137920000,1138000000,6377,1728
14225,1138000000,1138080000,10709,3144
14226,1138080000,1138160000,5058,1488
14227,1138160000,1138240000,6083,2330
14228,1138240000,1138320000,6545,1840
14229,1138320000,1138400000,9298,2838
14230,1138400000,1138480000,7153,1987
14231,1138480000,1138560000,4512,1561
14232,1138560000,1138640000,6672,2424
14233,1138640000,1138720000,6412,1728
14234,1138720000,1138800000,10727,3131
14235,1138800000,1138880000,5097,1494
14236,1138880000,1138960000,5803,2300
14237,1138960000,1139040000,6579,1840
14238,1139040000,1139120000,9507,2828
14239,1139120000,1139200000,7645,1980
14240,1139200000,1139280000,4704,1558
14241,1139280000,1139360000,6618,2251
14242,1139360000,1139440000,6240,1648
14243,1139440000,1139520000,10975,3056
14244,1139520000,1139600000,4814,1354
14245,1139600000,1139680000,5650,2183
14246,1139680000,1139760000,6093,1696
14247,1139760000,1139840000,9336,2806
14248,1139840000,1139920000,7369,1964
14249,1139920000,1140000000,4084,1385
14250,1140000000,1140080000,6963,2390
14251,1140080000,1140160000,6438,1718
14252,1140160000,1140240000,10889,3136
14253,1140240000,1140320000,4880,1477
14254,1140320000,1140400000,5746,2264
14255,1140400000,1140480000,5922,1791
14256,1140480000,1140560000,9324,2825
14257,1140560000,1140640000,7350,1980
14258,1140640000,1140720000,4706,1562
14259,1140720000,1140800000,6714,2416
14260,1140800000,1140880000,6467,1720
14261,1140880000,1140960000,10766,3128
14262,1140960000,1141040000,4535,1466
14263,1141040000,1141120000,5564,2328
14264,1141120000,1141200000,6107,1824
14265,1141200000,1141280000,9357,2827
14266,1141280000,1141360000,7122,1977
14267,1141360000,1141440000,4356,1563
14268,1141440000,1141520000,6409,2420
14269,1141520000,1141600000,6468,1747
14270,1141600000,1141680000,6244,2189
14271,1141680000,1141760000,8927,2742
14272,1141760000,1141840000,6879,2383
14273,1141840000,1141920000,10980,3446
14274,1141920000,1142000000,5130,1620
14275,1142000000,1142080000,4718,1808
14276,1142080000,1142160000,6099,2050
14277,1142160000,1142240000,7766,2375
14278,1142240000,1142320000,8744,2426
14279,1142320000,1142400000,4295,1542
14280,1142400000,1142480000,6372,2438
14281,1142480000,1142560000,6179,1848
14282,1142560000,1142640000,10733,3000
14283,1142640000,1142720000,5166,1678
14284,1142720000,1142800000,4444,1812
14285,1142800000,1142880000,6604,2151
14286,1142880000,1142960000,8034,2413
14287,1142960000,1143040000,8526,2432
14288,1143040000,1143120000,4172,1549
14289,1143120000,1143200000,6511,2433
14290,1143200000,1143280000,6763,1849
14291,1143280000,1143360000,10275,3008
14292,1143360000,1143440000,5292,1678
14293,1143440000,1143520000,4469,1812
14294,1143520000,1143600000,6543,2155
14295,1143600000,1143680000,7813,2413
14296,1143680000,1143760000,8751,2427
14297,1143760000,1143840000,4604,1526
14298,1143840000,1143920000,6899,2442
14299,1143920000,1144000000,6840,1849
14300,1144000000,1144080000,10457,2992
14301,1144080000,1144160000,5632,1677
14302,1144160000,1144240000,4651,1809
14303,1144240000,1144320000,6990,2169
14304,1144320000,1144400000,7949,2414
14305,1144400000,1144480000,8479,2419
14306,1144480000,1144560000,4622,1555
14307,1144560000,1144640000,6303,2446
14308,1144640000,1144720000,6612,1856
14309,1144720000,1144800000,10404,2979
14310,1144800000,1144880000,5388,1670
14311,1144880000,1144960000,4728,1808
14312,1144960000,1145040000,7323,2163
14313,1145040000,1145120000,8097,2403
14314,1145120000,1145200000,8905,2430
14315,1145200000,1145280000,4449,1537
14316,1145280000,1145360000,6765,2430
14317,1145360000,1145440000,6586,1846
14318,1145440000,1145520000,10431,2953
14319,1145520000,1145600000,5241,1546
14320,1145600000,1145680000,4706,1744
14321,1145680000,1145760000,6546,2032
14322,1145760000,1145840000,7844,2367
14323,1145840000,1145920000,8651,2426
14324,1145920000,1146000000,4663,1546
14325,1146000000,1146080000,6696,2442
14326,1146080000,1146160000,6792,1845
14327,1146160000,1146240000,10266,2980
14328,1146240000,1146320000,5625,1683
14329,1146320000,1146400000,4599,1809
14330,1146400000,1146480000,7057,2153
14331,1146480000,1146560000,8130,2405
14332,1146560000,1146640000,9054,2414
14333,1146640000,1146720000,4816,1548
14334,1146720000,1146800000,6299,2262
14335,1146800000,1146880000,6582,1771
14336,1146880000,1146960000,10494,2952
14337,1146960000,1147040000,5392,1594
14338,1147040000,1147120000,4500,1742
14339,1147120000,1147200000,6753,2147
14340,1147200000,1147280000,8096,2405
14341,1147280000,1147360000,8785,2403
14342,1147360000,1147440000,4025,1379
14343,1147440000,1147520000,6556,2399
14344,1147520000,1147600000,6478,1838
14345,1147600000,1147680000,5891,2157
14346,1147680000,1147760000,8326,2636
14347,1147760000,1147840000,6386,2304
14348,1147840000,1147920000,11338,3618
14349,1147920000,1148000000,5230,1639
14350,1148000000,1148080000,4410,1721
14351,1148080000,1148160000,6104,1965
14352,1148160000,1148240000,6126,1850
14353,1148240000,1148320000,9691,2650
14354,1148320000,1148400000,4556,1640
14355,1148400000,1148480000,6255,2306
14356,1148480000,1148560000,5065,1528
14357,1148560000,1148640000,11413,3186
14358,1148640000,1148720000,5592,1658
14359,1148720000,1148800000,4293,1631
14360,1148800000,1148880000,6833,2218
14361,1148880000,1148960000,6829,2000
14362,1148960000,1149040000,9521,2698
14363,1149040000,1149120000,4728,1635
14364,1149120000,1149200000,6219,2346
14365,1149200000,1149280000,5687,1595
14366,1149280000,1149360000,10862,3200
14367,1149360000,1149440000,5375,1699
14368,1149440000,1149520000,4572,1795
14369,1149520000,1149600000,6863,2241
14370,1149600000,1149680000,6823,2005
14371,1149680000,1149760000,9464,2703
14372,1149760000,1149840000,4959,1675
14373,1149840000,1149920000,6270,2387
14374,1149920000,1150000000,5876,1634
14375,1150000000,1150080000,11135,3193
14376,1150080000,1150160000,5590,1705
14377,1150160000,1150240000,4363,1794
14378,1150240000,1150320000,6864,2251
14379,1150320000,1150400000,7039,2008
14380,1150400000,1150480000,9244,2701
14381,1150480000,1150560000,4653,1671
14382,1150560000,1150640000,6444,2385
14383,1150640000,1150720000,5965,1642
14384,1150720000,1150800000,11053,3184
14385,1150800000,1150880000,5729,1699
14386,1150880000,1150960000,4372,1798
14387,1150960000,1151040000,7027,2247
14388,1151040000,1151120000,7005,1998
14389,1151120000,1151200000,9687,2692
14390,1151200000,1151280000,5248,1677
14391,1151280000,1151360000,6660,2387
14392,1151360000,1151440000,6155,1634
14393,1151440000,1151520000,11235,3144
14394,1151520000,1151600000,5284,1589
14395,1151600000,1151680000,4230,1701
14396,1151680000,1151760000,6840,2134
14397,1151760000,1151840000,6840,1949
14398,1151840000,1151920000,9280,2686
14399,1151920000,1152000000,5150,1671
14400,1152000000,1152080000,6280,2391
14401,1152080000,1152160000,5984,1632
14402,1152160000,1152240000,11069,3180
14403,1152240000,1152320000,5450,1688
14404,1152320000,1152400000,4450,1791
14405,1152400000,1152480000,7183,2251
14406,1152480000,1152560000,6809,1995
14407,1152560000,1152640000,9705,2694
14408,1152640000,1152720000,4827,1659
14409,1152720000,1152800000,6634,2376
14410,1152800000,1152880000,5863,1622
14411,1152880000,1152960000,11015,3179
14412,1152960000,1153040000,5196,1695
14413,1153040000,1153120000,4654,1778
14414,1153120000,1153200000,6813,2248
14415,1153200000,1153280000,6670,1996
14416,1153280000,1153360000,9309,2680
14417,1153360000,1153440000,4994,1671
14418,1153440000,1153520000,6514,2382
14419,1153520000,1153600000,5611,1629
14420,1153600000,1153680000,6221,2206
14421,1153680000,1153760000,8640,2744
14422,1153760000,1153840000,6392,2184
14423,1153840000,1153920000,11050,3692
14424,1153920000,1154000000,5717,1668
14425,1154000000,1154080000,4737,1857
14426,1154080000,1154160000,6397,2201
14427,1154160000,1154240000,5287,1518
14428,1154240000,1154320000,10834,3182
14429,1154320000,1154400000,5017,1513
14430,1154400000,1154480000,6278,2337
14431,1154480000,1154560000,5029,1661
14432,1154560000,1154640000,10980,3144
14433,1154640000,1154720000,5859,1729
14434,1154720000,1154800000,5189,1874
14435,1154800000,1154880000,6862,2280
14436,1154880000,1154960000,5716,1592
14437,1154960000,1155040000,10470,3174
14438,1155040000,1155120000,4681,1518
14439,1155120000,1155200000,6097,2333
14440,1155200000,1155280000,5504,1675
14441,1155280000,1155360000,10509,3137
14442,1155360000,1155440000,5975,1741
14443,1155440000,1155520000,4826,1824
14444,1155520000,1155600000,6429,2156
14445,1155600000,1155680000,5866,1537
14446,1155680000,1155760000,10930,3143
14447,1155760000,1155840000,4830,1482
14448,1155840000,1155920000,6204,2255
14449,1155920000,1156000000,6161,1679
14450,1156000000,1156080000,10945,3136
14451,1156080000,1156160000,6336,1711
14452,1156160000,1156240000,4670,1698
14453,1156240000,1156320000,7061,2270
14454,1156320000,1156400000,6282,1600
14455,1156400000,1156480000,10776,3171
14456,1156480000,1156560000,4781,1488
14457,1156560000,1156640000,6070,2290
14458,1156640000,1156720000,5568,1635
14459,1156720000,1156800000,10769,3127
14460,1156800000,1156880000,6095,1733
14461,1156880000,1156960000,5177,1877
14462,1156960000,1157040000,6771,2287
14463,1157040000,1157120000,6301,1588
14464,1157120000,1157200000,10955,3170
14465,1157200000,1157280000,4936,1525
14466,1157280000,1157360000,5973,2336
14467,1157360000,1157440000,5836,1669
14468,1157440000,1157520000,11033,3100
14469,1157520000,1157600000,5894,1636
14470,1157600000,1157680000,4525,1781
14471,1157680000,1157760000,6251,2185
14472,1157760000,1157840000,5586,1523
14473,1157840000,1157920000,10731,3172
14474,1157920000,1158000000,4622,1515
14475,1158000000,1158080000,6095,2331
14476,1158080000,1158160000,5577,1676
14477,1158160000,1158240000,10718,3114
14478,1158240000,1158320000,5836,1733
14479,1158320000,1158400000,4715,1875
14480,1158400000,1158480000,6727,2291
14481,1158480000,1158560000,6095,1588
14482,1158560000,1158640000,11024,3166
14483,1158640000,1158720000,4974,1519
14484,1158720000,1158800000,6456,2334
14485,1158800000,1158880000,5914,1659
14486,1158880000,1158960000,10977,3130
14487,1158960000,1159040000,6004,1724
14488,1159040000,1159120000,4880,1854
14489,1159120000,1159200000,6486,2279
14490,1159200000,1159280000,5491,1584
14491,1159280000,1159360000,10780,3164
14492,1159360000,1159440000,4939,1519
14493,1159440000,1159520000,6019,2336
14494,1159520000,1159600000,5230,1660
14495,1159600000,1159680000,6457,2198
14496,1159680000,1159760000,8592,2757
14497,1159760000,1159840000,6095,2015
14498,1159840000,1159920000,10262,3699
14499,1159920000,1160000000,7046,1928
14500,1160000000,1160080000,4525,1557
14501,1160080000,1160160000,6795,2386
14502,1160160000,1160240000,5364,1606
14503,1160240000,1160320000,11076,3150
14504,1160320000,1160400000,4754,1488
14505,1160400000,1160480000,5868,2326
14506,1160480000,1160560000,5674,1826
14507,1160560000,1160640000,9400,2843
14508,1160640000,1160720000,7224,1992
14509,1160720000,1160800000,4719,1561
14510,1160800000,1160880000,6510,2420
14511,1160880000,1160960000,5809,1713
14512,1160960000,1161040000,11011,3148
14513,1161040000,1161120000,4612,1474
14514,1161120000,1161200000,5931,2321
14515,1161200000,1161280000,6521,1837
14516,1161280000,1161360000,9080,2845
14517,1161360000,1161440000,7297,1989
14518,1161440000,1161520000,4143,1548
14519,1161520000,1161600000,6870,2412
14520,1161600000,1161680000,6441,1723
14521,1161680000,1161760000,10683,3135
14522,1161760000,1161840000,5192,1492
14523,1161840000,1161920000,6084,2330
14524,1161920000,1162000000,6674,1840
14525,1162000000,1162080000,9248,2839
14526,1162080000,1162160000,7387,1983
14527,1162160000,1162240000,4762,1566
14528,1162240000,1162320000,6916,2424
14529,1162320000,1162400000,6143,1725
14530,1162400000,1162480000,10456,3133
14531,1162480000,1162560000,4857,1488
14532,1162560000,1162640000,5786,2326
14533,1162640000,1162720000,6216,1836
14534,1162720000,1162800000,9168,2828
14535,1162800000,1162880000,7588,1984
14536,1162880000,1162960000,4726,1554
14537,1162960000,1163040000,6591,2260
14538,1163040000,1163120000,6399,1651
14539,1163120000,1163200000,11134,3091
14540,1163200000,1163280000,4691,1439
14541,1163280000,1163360000,5845,2251
14542,1163360000,1163440000,6705,1837
14543,1163440000,1163520000,9515,2811
14544,1163520000,1163600000,7147,1831
14545,1163600000,1163680000,4003,1300
14546,1163680000,1163760000,6795,2313
14547,1163760000,1163840000,5967,1626
14548,1163840000,1163920000,11094,3124
14549,1163920000,1164000000,4958,1481
14550,1164000000,1164080000,5786,2264
14551,1164080000,1164160000,6142,1795
14552,1164160000,1164240000,9288,2831
14553,1164240000,1164320000,7379,1982
14554,1164320000,1164400000,4576,1561
14555,1164400000,1164480000,6737,2416
14556,1164480000,1164560000,6336,1719
14557,1164560000,1164640000,11002,3122
14558,1164640000,1164720000,5064,1494
14559,1164720000,1164800000,5716,2328
14560,1164800000,1164880000,6178,1826
14561,1164880000,1164960000,9342,2832
14562,1164960000,1165040000,7329,1984
14563,1165040000,1165120000,4297,1544
14564,1165120000,1165200000,6385,2420
14565,1165200000,1165280000,5832,1715
14566,1165280000,1165360000,10850,3126
14567,1165360000,1165440000,4955,1490
14568,1165440000,1165520000,5803,2323
14569,1165520000,1165600000,6273,1827
14570,1165600000,1165680000,6576,2135
14571,1165680000,1165760000,8494,2776
14572,1165760000,1165840000,5805,1888
14573,1165840000,1165920000,9064,3290
14574,1165920000,1166000000,8631,2373
14575,1166000000,1166080000,4268,1529
14576,1166080000,1166160000,6379,2432
14577,1166160000,1166240000,5712,1713
14578,1166240000,1166320000,10669,2998
14579,1166320000,1166400000,5175,1674
14580,1166400000,1166480000,4408,1809
14581,1166480000,1166560000,6417,2150
14582,1166560000,1166640000,8033,2418
14583,1166640000,1166720000,8859,2432
14584,1166720000,1166800000,4401,1549
14585,1166800000,1166880000,6606,2433
14586,1166880000,1166960000,6815,1848
14587,1166960000,1167040000,10346,2997
14588,1167040000,1167120000,5474,1680
14589,1167120000,1167200000,4530,1813
14590,1167200000,1167280000,6684,2159
14591,1167280000,1167360000,7809,2420
14592,1167360000,1167440000,8653,2436
14593,1167440000,1167520000,4565,1552
14594,1167520000,1167600000,6580,2436
14595,1167600000,1167680000,6296,1852
14596,1167680000,1167760000,10306,2996
14597,1167760000,1167840000,5718,1678
14598,1167840000,1167920000,4668,1809
14599,1167920000,1168000000,6604,2170
14600,1168000000,1168080000,7772,2416
14601,1168080000,1168160000,8707,2426
14602,1168160000,1168240000,4812,1555
14603,1168240000,1168320000,6463,2448
14604,1168320000,1168400000,6582,1855
14605,1168400000,1168480000,10342,2988
14606,1168480000,1168560000,5132,1632
14607,1168560000,1168640000,4536,1781
14608,1168640000,1168720000,6920,2167
14609,1168720000,1168800000,7828,2413
14610,1168800000,1168880000,8702,2418
14611,1168880000,1168960000,4378,1535
14612,1168960000,1169040000,6711,2432
14613,1169040000,1169120000,6801,1853
14614,1169120000,1169200000,10405,2975
14615,1169200000,1169280000,5727,1679
14616,1169280000,1169360000,4844,1812
14617,1169360000,1169440000,7343,2169
14618,1169440000,1169520000,8381,2412
14619,1169520000,1169600000,8461,2314
14620,1169600000,1169680000,4319,1451
14621,1169680000,1169760000,6439,2352
14622,1169760000,1169840000,6690,1745
14623,1169840000,1169920000,10196,2979
14624,1169920000,1170000000,5582,1670
14625,1170000000,1170080000,4598,1809
14626,1170080000,1170160000,7200,2169
14627,1170160000,1170240000,7987,2410
14628,1170240000,1170320000,9029,2422
14629,1170320000,1170400000,4638,1546
14630,1170400000,1170480000,6268,2270
14631,1170480000,1170560000,6730,1769
14632,1170560000,1170640000,10701,2955
14633,1170640000,1170720000,5489,1615
14634,1170720000,1170800000,4631,1742
14635,1170800000,1170880000,7172,2147
14636,1170880000,1170960000,8210,2412
14637,1170960000,1171040000,8875,2401
14638,1171040000,1171120000,4175,1381
14639,1171120000,1171200000,6646,2399
14640,1171200000,1171280000,6458,1845
14641,1171280000,1171360000,10528,2975
14642,1171360000,1171440000,5318,1665
14643,1171440000,1171520000,4514,1750
14644,1171520000,1171600000,6573,2119
14645,1171600000,1171680000,6537,2147
14646,1171680000,1171760000,7633,2589
14647,1171760000,1171840000,6534,2137
14648,1171840000,1171920000,7816,2903
14649,1171920000,1172000000,9369,2620
14650,1172000000,1172080000,4231,1537
14651,1172080000,1172160000,6376,2296
14652,1172160000,1172240000,4866,1497
14653,1172240000,1172320000,11343,3193
14654,1172320000,1172400000,5106,1598
14655,1172400000,1172480000,4190,1629
14656,1172480000,1172560000,6643,2221
14657,1172560000,1172640000,6650,2004
14658,1172640000,1172720000,10028,2710
14659,1172720000,1172800000,5352,1634
14660,1172800000,1172880000,6379,2346
14661,1172880000,1172960000,5497,1592
14662,1172960000,1173040000,11129,3196
14663,1173040000,1173120000,5750,1699
14664,1173120000,1173200000,4552,1791
14665,1173200000,1173280000,6727,2239
14666,1173280000,1173360000,6863,2012
14667,1173360000,1173440000,9400,2716
14668,1173440000,1173520000,4891,1653
14669,1173520000,1173600000,6111,2384
14670,1173600000,1173680000,5795,1631
14671,1173680000,1173760000,11033,3184
14672,1173760000,1173840000,5854,1700
14673,1173840000,1173920000,4338,1794
14674,1173920000,1174000000,6915,2251
14675,1174000000,1174080000,6863,2011
14676,1174080000,1174160000,9553,2696
14677,1174160000,1174240000,5115,1677
14678,1174240000,1174320000,6544,2385
14679,1174320000,1174400000,6345,1642
14680,1174400000,1174480000,10956,3178
14681,1174480000,1174560000,5610,1700
14682,1174560000,1174640000,4229,1798
14683,1174640000,1174720000,7041,2253
14684,1174720000,1174800000,7019,2007
14685,1174800000,1174880000,9605,2697
14686,1174880000,1174960000,5368,1673
14687,1174960000,1175040000,6644,2388
14688,1175040000,1175120000,6372,1637
14689,1175120000,1175200000,11209,3174
14690,1175200000,1175280000,5851,1695
14691,1175280000,1175360000,4503,1795
14692,1175360000,1175440000,7236,2252
14693,1175440000,1175520000,7100,2007
14694,1175520000,1175600000,9375,2604
14695,1175600000,1175680000,5096,1556
14696,1175680000,1175760000,6005,2309
14697,1175760000,1175840000,5742,1523
14698,1175840000,1175920000,11107,3166
14699,1175920000,1176000000,5471,1675
14700,1176000000,1176080000,4376,1791
14701,1176080000,1176160000,7308,2252
14702,1176160000,1176240000,6890,2003
14703,1176240000,1176320000,9619,2694
14704,1176320000,1176400000,4821,1653
14705,1176400000,1176480000,6471,2376
14706,1176480000,1176560000,5724,1637
14707,1176560000,1176640000,11036,3167
14708,1176640000,1176720000,5781,1692
14709,1176720000,1176800000,4850,1774
14710,1176800000,1176880000,7177,2254
14711,1176880000,1176960000,6844,2008
14712,1176960000,1177040000,9371,2686
14713,1177040000,1177120000,4943,1653
14714,1177120000,1177200000,6357,2380
14715,1177200000,1177280000,5830,1635
14716,1177280000,1177360000,10980,3168
14717,1177360000,1177440000,5454,1694
14718,1177440000,1177520000,4493,1795
14719,1177520000,1177600000,6901,2242
14720,1177600000,1177680000,6385,1991
14721,1177680000,1177760000,6653,2315
14722,1177760000,1177840000,7269,2348
14723,1177840000,1177920000,7532,2719
14724,1177920000,1178000000,10812,3168
14725,1178000000,1178080000,4629,1480
14726,1178080000,1178160000,6253,2321
14727,1178160000,1178240000,5058,1543
14728,1178240000,1178320000,11073,3135
14729,1178320000,1178400000,5773,1731
14730,1178400000,1178480000,4930,1847
14731,1178480000,1178560000,6802,2279
14732,1178560000,1178640000,5937,1597
14733,1178640000,1178720000,11150,3181
14734,1178720000,1178800000,4618,1516
14735,1178800000,1178880000,6198,2331
14736,1178880000,1178960000,5487,1661
14737,1178960000,1179040000,10989,3137
14738,1179040000,1179120000,5887,1731
14739,1179120000,1179200000,4745,1818
14740,1179200000,1179280000,6502,2155
14741,1179280000,1179360000,5649,1536
14742,1179360000,1179440000,10553,3139
14743,1179440000,1179520000,4610,1482
14744,1179520000,1179600000,6058,2257
14745,1179600000,1179680000,5539,1682
14746,1179680000,1179760000,10789,3136
14747,1179760000,1179840000,6271,1713
14748,1179840000,1179920000,4723,1695
14749,1179920000,1180000000,6996,2268
14750,1180000000,1180080000,6034,1604
14751,1180080000,1180160000,11049,3179
14752,1180160000,1180240000,5275,1494
14753,1180240000,1180320000,6135,2289
14754,1180320000,1180400000,5532,1646
14755,1180400000,1180480000,10798,3130
14756,1180480000,1180560000,6131,1735
14757,1180560000,1180640000,5036,1873
14758,1180640000,1180720000,6726,2288
14759,1180720000,1180800000,5853,1601
14760,1180800000,1180880000,10788,3167
14761,1180880000,1180960000,4868,1526
14762,1180960000,1181040000,5949,2336
14763,1181040000,1181120000,5748,1674
14764,1181120000,1181200000,11153,3124
14765,1181200000,1181280000,6019,1732
14766,1181280000,1181360000,4818,1875
14767,1181360000,1181440000,6730,2292
14768,1181440000,1181520000,6468,1604
14769,1181520000,1181600000,10585,3089
14770,1181600000,1181680000,4274,1403
14771,1181680000,1181760000,5999,2256
14772,1181760000,1181840000,5583,1549
14773,1181840000,1181920000,10912,3111
14774,1181920000,1182000000,5792,1729
14775,1182000000,1182080000,4746,1876
14776,1182080000,1182160000,6705,2282
14777,1182160000,1182240000,6156,1600
14778,1182240000,1182320000,10771,3170
14779,1182320000,1182400000,5163,1523
14780,1182400000,1182480000,6281,2331
14781,1182480000,1182560000,5604,1664
14782,1182560000,1182640000,11005,3122
14783,1182640000,1182720000,6180,1727
14784,1182720000,1182800000,5077,1874
14785,1182800000,1182880000,6732,2279
14786,1182880000,1182960000,6215,1596
14787,1182960000,1183040000,10616,3150
14788,1183040000,1183120000,4472,1496
14789,1183120000,1183200000,5969,2336
14790,1183200000,1183280000,4891,1659
14791,1183280000,1183360000,10929,3122
14792,1183360000,1183440000,5547,1710
14793,1183440000,1183520000,4778,1875
14794,1183520000,1183600000,6960,2280
14795,1183600000,1183680000,5560,1615
14796,1183680000,1183760000,6746,2323
14797,1183760000,1183840000,8470,2609
14798,1183840000,1183920000,7290,2585
14799,1183920000,1184000000,11185,3331
14800,1184000000,1184080000,4462,1441
14801,1184080000,1184160000,5850,2313
14802,1184160000,1184240000,5368,1707
14803,1184240000,1184320000,9378,2831
14804,1184320000,1184400000,7203,1982
14805,1184400000,1184480000,4482,1561
14806,1184480000,1184560000,6492,2420
14807,1184560000,1184640000,5704,1720
14808,1184640000,1184720000,11337,3142
14809,1184720000,1184800000,4314,1472
14810,1184800000,1184880000,6043,2323
14811,1184880000,1184960000,6308,1827
14812,1184960000,1185040000,9489,2840
14813,1185040000,1185120000,7269,1990
14814,1185120000,1185200000,4183,1547
14815,1185200000,1185280000,6718,2402
14816,1185280000,1185360000,6069,1726
14817,1185360000,1185440000,10768,3154
14818,1185440000,1185520000,5192,1490
14819,1185520000,1185600000,5998,2328
14820,1185600000,1185680000,5973,1826
14821,1185680000,1185760000,9256,2839
14822,1185760000,1185840000,7633,1989
14823,1185840000,1185920000,4559,1558
14824,1185920000,1186000000,6992,2424
14825,1186000000,1186080000,6414,1720
14826,1186080000,1186160000,10810,3136
14827,1186160000,1186240000,4827,1494
14828,1186240000,1186320000,5922,2326
14829,1186320000,1186400000,6538,1842
14830,1186400000,1186480000,9321,2831
14831,1186480000,1186560000,7227,1976
14832,1186560000,1186640000,4434,1550
14833,1186640000,1186720000,6596,2259
14834,1186720000,1186800000,6039,1656
14835,1186800000,1186880000,10850,3100
14836,1186880000,1186960000,4788,1441
14837,1186960000,1187040000,5836,2251
14838,1187040000,1187120000,6534,1839
14839,1187120000,1187200000,9517,2829
14840,1187200000,1187280000,7487,1964
14841,1187280000,1187360000,4201,1393
14842,1187360000,1187440000,6913,2398
14843,1187440000,1187520000,6627,1726
14844,1187520000,1187600000,11095,3084
14845,1187600000,1187680000,4451,1328
14846,1187680000,1187760000,5671,2230
14847,1187760000,1187840000,6139,1707
14848,1187840000,1187920000,9394,2799
14849,1187920000,1188000000,7249,1982
14850,1188000000,1188080000,4796,1560
14851,1188080000,1188160000,6785,2424
14852,1188160000,1188240000,6413,1724
14853,1188240000,1188320000,10896,3134
14854,1188320000,1188400000,4753,1488
14855,1188400000,1188480000,5615,2330
14856,1188480000,1188560000,6256,1840
14857,1188560000,1188640000,9426,2824
14858,1188640000,1188720000,7382,1977
14859,1188720000,1188800000,4496,1566
14860,1188800000,1188880000,6807,2428
14861,1188880000,1188960000,6358,1720
14862,1188960000,1189040000,10843,3122
14863,1189040000,1189120000,4417,1470
14864,1189120000,1189200000,5763,2323
14865,1189200000,1189280000,5962,1825
14866,1189280000,1189360000,9357,2826
14867,1189360000,1189440000,7353,1977
14868,1189440000,1189520000,4295,1566
14869,1189520000,1189600000,6824,2420
14870,1189600000,1189680000,6072,1743
14871,1189680000,1189760000,6415,2188
14872,1189760000,1189840000,9061,2742
14873,1189840000,1189920000,6957,2383
14874,1189920000,1190000000,11250,3455
14875,1190000000,1190080000,4956,1620
14876,1190080000,1190160000,4425,1812
14877,1190160000,1190240000,6016,2050
14878,1190240000,1190320000,7804,2375
14879,1190320000,1190400000,8821,2434
14880,1190400000,1190480000,4319,1549
14881,1190480000,1190560000,6525,2433
14882,1190560000,1190640000,6259,1849
14883,1190640000,1190720000,10842,3000
14884,1190720000,1190800000,5686,1678
14885,1190800000,1190880000,4532,1812
14886,1190880000,1190960000,6522,2153
14887,1190960000,1191040000,8074,2415
14888,1191040000,1191120000,8869,2428
14889,1191120000,1191200000,4710,1552
14890,1191200000,1191280000,6854,2446
14891,1191280000,1191360000,6648,1855
14892,1191360000,1191440000,10305,3000
14893,1191440000,1191520000,5398,1682
14894,1191520000,1191600000,4545,1808
14895,1191600000,1191680000,6842,2163
14896,1191680000,1191760000,8043,2413
14897,1191760000,1191840000,8695,2425
14898,1191840000,1191920000,4734,1551
14899,1191920000,1192000000,6437,2446
14900,1192000000,1192080000,6919,1848
14901,1192080000,1192160000,10572,2988
14902,1192160000,1192240000,5364,1669
14903,1192240000,1192320000,4730,1805
14904,1192320000,1192400000,7278,2173
14905,1192400000,1192480000,8013,2410
14906,1192480000,1192560000,8761,2428
14907,1192560000,1192640000,4145,1517
14908,1192640000,1192720000,6655,2429
14909,1192720000,1192800000,6467,1854
14910,1192800000,1192880000,10396,2969
14911,1192880000,1192960000,5880,1684
14912,1192960000,1193040000,4837,1812
14913,1193040000,1193120000,7071,2167
14914,1193120000,1193200000,8132,2407
14915,1193200000,1193280000,9113,2428
14916,1193280000,1193360000,4850,1552
14917,1193360000,1193440000,6739,2440
14918,1193440000,1193520000,6996,1855
14919,1193520000,1193600000,10507,2945
14920,1193600000,1193680000,5353,1542
14921,1193680000,1193760000,4418,1740
14922,1193760000,1193840000,6796,2036
14923,1193840000,1193920000,8128,2367
14924,1193920000,1194000000,8861,2412
14925,1194000000,1194080000,4655,1542
14926,1194080000,1194160000,6269,2262
14927,1194160000,1194240000,6988,1779
14928,1194240000,1194320000,10388,2956
14929,1194320000,1194400000,5444,1617
14930,1194400000,1194480000,4557,1739
14931,1194480000,1194560000,7252,2149
14932,1194560000,1194640000,8252,2403
14933,1194640000,1194720000,9115,2401
14934,1194720000,1194800000,4324,1379
14935,1194800000,1194880000,6854,2399
14936,1194880000,1194960000,6828,1846
14937,1194960000,1195040000,10684,2980
14938,1195040000,1195120000,5330,1648
14939,1195120000,1195200000,4582,1750
14940,1195200000,1195280000,6637,2121
14941,1195280000,1195360000,7872,2401
14942,1195360000,1195440000,8905,2418
14943,1195440000,1195520000,4525,1548
14944,1195520000,1195600000,6452,2432
14945,1195600000,1195680000,6519,1845
14946,1195680000,1195760000,6097,2156
14947,1195760000,1195840000,8636,2638
14948,1195840000,1195920000,6397,2295
14949,1195920000,1196000000,11288,3613
14950,1196000000,1196080000,5229,1600
14951,1196080000,1196160000,4258,1629
14952,1196160000,1196240000,6496,2116
14953,1196240000,1196320000,6469,1948
14954,1196320000,1196400000,9881,2700
14955,1196400000,1196480000,4941,1631
14956,1196480000,1196560000,6168,2334
14957,1196560000,1196640000,5274,1593
14958,1196640000,1196720000,11406,3190
14959,1196720000,1196800000,5724,1696
14960,1196800000,1196880000,4813,1795
14961,1196880000,1196960000,7067,2239
14962,1196960000,1197040000,6785,2003
14963,1197040000,1197120000,9535,2700
14964,1197120000,1197200000,5183,1677
14965,1197200000,1197280000,6271,2392
14966,1197280000,1197360000,4950,1629
14967,1197360000,1197440000,10946,3203
14968,1197440000,1197520000,5727,1705
14969,1197520000,1197600000,4230,1798
14970,1197600000,1197680000,6511,2248
14971,1197680000,1197760000,6279,2004
14972,1197760000,1197840000,9681,2693
14973,1197840000,1197920000,5112,1675
14974,1197920000,1198000000,6584,2383
14975,1198000000,1198080000,5639,1634
14976,1198080000,1198160000,11214,3191
14977,1198160000,1198240000,6056,1705
14978,1198240000,1198320000,4361,1798
14979,1198320000,1198400000,7066,2247
14980,1198400000,1198480000,6852,2004
14981,1198480000,1198560000,9511,2691
14982,1198560000,1198640000,5346,1670
14983,1198640000,1198720000,6644,2386
14984,1198720000,1198800000,5976,1642
14985,1198800000,1198880000,11024,3179
14986,1198880000,1198960000,6074,1694
14987,1198960000,1199040000,4579,1795
14988,1199040000,1199120000,6904,2253
14989,1199120000,1199200000,6806,2001
14990,1199200000,1199280000,9827,2688
14991,1199280000,1199360000,5387,1670
14992,1199360000,1199440000,6316,2387
14993,1199440000,1199520000,6022,1633
14994,1199520000,1199600000,11338,3142
14995,1199600000,1199680000,5568,1583
14996,1199680000,1199760000,4199,1701
14997,1199760000,1199840000,6934,2128
14998,1199840000,1199920000,6736,1953
14999,1199920000,1200000000,9646,2692
15000,1200000000,1200080000,4792,1653
15001,1200080000,1200160000,6490,2373
15002,1200160000,1200240000,5979,1630
15003,1200240000,1200320000,11107,3183
15004,1200320000,1200400000,5755,1695
15005,1200400000,1200480000,4747,1798
15006,1200480000,1200560000,7184,2240
15007,1200560000,1200640000,7047,2003
15008,1200640000,1200720000,9752,2692
15009,1200720000,1200800000,5179,1671
15010,1200800000,1200880000,6537,2379
15011,1200880000,1200960000,5953,1635
15012,1200960000,1201040000,11124,3174
15013,1201040000,1201120000,5452,1694
15014,1201120000,1201200000,4321,1775
15015,1201200000,1201280000,6605,2241
15016,1201280000,1201360000,6567,1995
15017,1201360000,1201440000,9523,2684
15018,1201440000,1201520000,4755,1648
15019,1201520000,1201600000,6035,2209
15020,1201600000,1201680000,5275,1550
15021,1201680000,1201760000,6045,2200
15022,1201760000,1201840000,8608,2744
15023,1201840000,1201920000,6446,2184
15024,1201920000,1202000000,10968,3686
15025,1202000000,1202080000,5946,1668
15026,1202080000,1202160000,5085,1871
15027,1202160000,1202240000,6373,2211
15028,1202240000,1202320000,5327,1518
15029,1202320000,1202400000,10865,3184
15030,1202400000,1202480000,4668,1514
15031,1202480000,1202560000,6121,2334
15032,1202560000,1202640000,5091,1660
15033,1202640000,1202720000,11084,3136
15034,1202720000,1202800000,5896,1734
15035,1202800000,1202880000,4995,1821
15036,1202880000,1202960000,6379,2146
15037,1202960000,1203040000,5583,1531
15038,1203040000,1203120000,10539,3141
15039,1203120000,1203200000,4429,1452
15040,1203200000,1203280000,6044,2251
15041,1203280000,1203360000,5398,1668
15042,1203360000,1203440000,10470,3140
15043,1203440000,1203520000,5915,1708
15044,1203520000,1203600000,4495,1695
15045,1203600000,1203680000,6679,2267
15046,1203680000,1203760000,5504,1593
15047,1203760000,1203840000,11109,3178
15048,1203840000,1203920000,5063,1491
15049,1203920000,1204000000,6146,2290
15050,1204000000,1204080000,5388,1633
15051,1204080000,1204160000,10850,3135
15052,1204160000,1204240000,6200,1731
15053,1204240000,1204320000,5171,1870
15054,1204320000,1204400000,6867,2289
15055,1204400000,1204480000,5851,1593
15056,1204480000,1204560000,10805,3169
15057,1204560000,1204640000,4615,1518
15058,1204640000,1204720000,5909,2338
15059,1204720000,1204800000,5437,1677
15060,1204800000,1204880000,10888,3126
15061,1204880000,1204960000,6262,1738
15062,1204960000,1205040000,4850,1878
15063,1205040000,1205120000,6677,2292
15064,1205120000,1205200000,5863,1588
15065,1205200000,1205280000,11119,3172
15066,1205280000,1205360000,4985,1523
15067,1205360000,1205440000,6192,2330
15068,1205440000,1205520000,5639,1669
15069,1205520000,1205600000,10995,3098
15070,1205600000,1205680000,6148,1640
15071,1205680000,1205760000,4539,1781
15072,1205760000,1205840000,6529,2184
15073,1205840000,1205920000,5609,1520
15074,1205920000,1206000000,11014,3164
15075,1206000000,1206080000,4894,1519
15076,1206080000,1206160000,6253,2331
15077,1206160000,1206240000,5635,1678
15078,1206240000,1206320000,10799,3122
15079,1206320000,1206400000,6125,1726
15080,1206400000,1206480000,4919,1850
15081,1206480000,1206560000,6795,2288
15082,1206560000,1206640000,5858,1591
15083,1206640000,1206720000,11107,3162
15084,1206720000,1206800000,4979,1519
15085,1206800000,1206880000,6109,2335
15086,1206880000,1206960000,5739,1662
15087,1206960000,1207040000,11145,3128
15088,1207040000,1207120000,5452,1708
15089,1207120000,1207200000,4671,1855
15090,1207200000,1207280000,6828,2280
15091,1207280000,1207360000,6118,1591
15092,1207360000,1207440000,11024,3168
15093,1207440000,1207520000,4443,1505
15094,1207520000,1207600000,6077,2322
15095,1207600000,1207680000,5493,1661
15096,1207680000,1207760000,6592,2197
15097,1207760000,1207840000,8732,2757
15098,1207840000,1207920000,6203,2017
15099,1207920000,1208000000,10242,3705
15100,1208000000,1208080000,7026,1926
15101,1208080000,1208160000,4437,1533
15102,1208160000,1208240000,6334,2392
15103,1208240000,1208320000,5348,1606
15104,1208320000,1208400000,11116,3144
15105,1208400000,1208480000,4133,1474
15106,1208480000,1208560000,5892,2321
15107,1208560000,1208640000,6035,1825
15108,1208640000,1208720000,9587,2843
15109,1208720000,1208800000,7618,1986
15110,1208800000,1208880000,4240,1547
15111,1208880000,1208960000,6684,2402
15112,1208960000,1209040000,6307,1717
15113,1209040000,1209120000,10810,3140
15114,1209120000,1209200000,4794,1488
15115,1209200000,1209280000,6022,2330
15116,1209280000,1209360000,6219,1828
15117,1209360000,1209440000,9046,2849
15118,1209440000,1209520000,7132,1988
15119,1209520000,1209600000,4597,1569
15120,1209600000,1209680000,6714,2416
15121,1209680000,1209760000,6032,1721
15122,1209760000,1209840000,10681,3141
15123,1209840000,1209920000,5050,1494
15124,1209920000,1210000000,5932,2326
15125,1210000000,1210080000,6494,1834
15126,1210080000,1210160000,9311,2835
15127,1210160000,1210240000,7440,1986
15128,1210240000,1210320000,4627,1550
15129,1210320000,1210400000,6552,2261
15130,1210400000,1210480000,6261,1645
15131,1210480000,1210560000,10574,3106
15132,1210560000,1210640000,4392,1433
15133,1210640000,1210720000,5714,2249
15134,1210720000,1210800000,6546,1835
15135,1210800000,1210880000,9139,2830
15136,1210880000,1210960000,7664,1960
15137,1210960000,1211040000,4124,1389
15138,1211040000,1211120000,7100,2398
15139,1211120000,1211200000,6194,1715
15140,1211200000,1211280000,11313,3126
15141,1211280000,1211360000,5207,1483
15142,1211360000,1211440000,5703,2238
15143,1211440000,1211520000,6143,1805
15144,1211520000,1211600000,9445,2810
15145,1211600000,1211680000,7509,1883
15146,1211680000,1211760000,4480,1479
15147,1211760000,1211840000,6486,2327
15148,1211840000,1211920000,5689,1630
15149,1211920000,1212000000,11044,3122
15150,1212000000,1212080000,4675,1489
15151,1212080000,1212160000,5657,2330
15152,1212160000,1212240000,6175,1840
15153,1212240000,1212320000,9210,2834
15154,1212320000,1212400000,7402,1989
15155,1212400000,1212480000,4547,1561
15156,1212480000,1212560000,6624,2428
15157,1212560000,1212640000,6246,1716
15158,1212640000,1212720000,11155,3124
15159,1212720000,1212800000,4940,1490
15160,1212800000,1212880000,5897,2323
15161,1212880000,1212960000,6633,1835
15162,1212960000,1213040000,9528,2833
15163,1213040000,1213120000,7374,1983
15164,1213120000,1213200000,4143,1544
15165,1213200000,1213280000,6714,2430
15166,1213280000,1213360000,6263,1711
15167,1213360000,1213440000,11029,3120
15168,1213440000,1213520000,4905,1490
15169,1213520000,1213600000,6044,2327
15170,1213600000,1213680000,6564,1831
15171,1213680000,1213760000,6517,2135
15172,1213760000,1213840000,8717,2776
15173,1213840000,1213920000,5823,1888
15174,1213920000,1214000000,9013,3288
15175,1214000000,1214080000,8567,2363
15176,1214080000,1214160000,4167,1529
15177,1214160000,1214240000,6558,2423
15178,1214240000,1214320000,5968,1714
15179,1214320000,1214400000,10600,2994
15180,1214400000,1214480000,5196,1670
15181,1214480000,1214560000,4546,1813
15182,1214560000,1214640000,6525,2152
15183,1214640000,1214720000,8123,2416
15184,1214720000,1214800000,8924,2434
15185,1214800000,1214880000,4799,1550
15186,1214880000,1214960000,6804,2436
15187,1214960000,1215040000,6640,1848
15188,1215040000,1215120000,10374,2999
15189,1215120000,1215200000,5667,1680
15190,1215200000,1215280000,4614,1809
15191,1215280000,1215360000,6931,2171
15192,1215360000,1215440000,7718,2420
15193,1215440000,1215520000,8633,2432
15194,1215520000,1215600000,4897,1553
15195,1215600000,1215680000,6299,2448
15196,1215680000,1215760000,6447,1855
15197,1215760000,1215840000,10412,2994
15198,1215840000,1215920000,5651,1666
15199,1215920000,1216000000,4746,1805
15200,1216000000,1216080000,7281,2167
15201,1216080000,1216160000,7977,2420
15202,1216160000,1216240000,8935,2422
15203,1216240000,1216320000,4333,1535
15204,1216320000,1216400000,6636,2430
15205,1216400000,1216480000,6480,1845
15206,1216480000,1216560000,10167,2982
15207,1216560000,1216640000,5520,1680
15208,1216640000,1216720000,4784,1813
15209,1216720000,1216800000,6969,2165
15210,1216800000,1216880000,7933,2409
15211,1216880000,1216960000,8831,2417
15212,1216960000,1217040000,4738,1556
15213,1217040000,1217120000,6666,2442
15214,1217120000,1217200000,7027,1856
15215,1217200000,1217280000,10475,2981
15216,1217280000,1217360000,5829,1675
15217,1217360000,1217440000,4641,1808
15218,1217440000,1217520000,7329,2173
15219,1217520000,1217600000,8239,2408
15220,1217600000,1217680000,8750,2306
15221,1217680000,1217760000,4490,1451
15222,1217760000,1217840000,6067,2182
15223,1217840000,1217920000,6715,1725
15224,1217920000,1218000000,10279,2953
15225,1218000000,1218080000,5490,1610
15226,1218080000,1218160000,4561,1739
15227,1218160000,1218240000,7210,2147
15228,1218240000,1218320000,8014,2410
15229,1218320000,1218400000,9085,2401
15230,1218400000,1218480000,4246,1381
15231,1218480000,1218560000,6780,2399
15232,1218560000,1218640000,6920,1838
15233,1218640000,1218720000,10863,2973
15234,1218720000,1218800000,5688,1665
15235,1218800000,1218880000,4582,1750
15236,1218880000,1218960000,6783,2119
15237,1218960000,1219040000,8018,2406
15238,1219040000,1219120000,8766,2416
15239,1219120000,1219200000,4445,1530
15240,1219200000,1219280000,6373,2432
15241,1219280000,1219360000,6663,1844
15242,1219360000,1219440000,10621,2973
15243,1219440000,1219520000,5350,1675
15244,1219520000,1219600000,4390,1812
15245,1219600000,1219680000,6669,2153
15246,1219680000,1219760000,6777,2153
15247,1219760000,1219840000,7819,2589
15248,1219840000,1219920000,6633,2115
15249,1219920000,1220000000,7895,2921
15250,1220000000,1220080000,9622,2689
15251,1220080000,1220160000,4832,1602
15252,1220160000,1220240000,6232,2335
15253,1220240000,1220320000,4561,1427
15254,1220320000,1220400000,11216,3176
15255,1220400000,1220480000,5601,1688
15256,1220480000,1220560000,4594,1791
15257,1220560000,1220640000,6581,2220
15258,1220640000,1220720000,6612,1999
15259,1220720000,1220800000,9864,2706
15260,1220800000,1220880000,4768,1672
15261,1220880000,1220960000,6308,2386
15262,1220960000,1221040000,5499,1626
15263,1221040000,1221120000,11174,3187
15264,1221120000,1221200000,5030,1690
15265,1221200000,1221280000,4254,1794
15266,1221280000,1221360000,7031,2251
15267,1221360000,1221440000,6492,2009
15268,1221440000,1221520000,9332,2710
15269,1221520000,1221600000,4333,1670
15270,1221600000,1221680000,6471,2384
15271,1221680000,1221760000,5797,1640
15272,1221760000,1221840000,11010,3186
15273,1221840000,1221920000,5633,1697
15274,1221920000,1222000000,4514,1798
15275,1222000000,1222080000,7143,2251
15276,1222080000,1222160000,6650,2009
15277,1222160000,1222240000,9650,2702
15278,1222240000,1222320000,5365,1670
15279,1222320000,1222400000,6712,2386
15280,1222400000,1222480000,6040,1634
15281,1222480000,1222560000,10950,3171
15282,1222560000,1222640000,5597,1701
15283,1222640000,1222720000,4406,1795
15284,1222720000,1222800000,7000,2245
15285,1222800000,1222880000,6747,2010
15286,1222880000,1222960000,9371,2695
15287,1222960000,1223040000,5057,1672
15288,1223040000,1223120000,6403,2386
15289,1223120000,1223200000,6016,1634
15290,1223200000,1223280000,11328,3174
15291,1223280000,1223360000,5686,1685
15292,1223360000,1223440000,4553,1795
15293,1223440000,1223520000,7318,2240
15294,1223520000,1223600000,6961,2009
15295,1223600000,1223680000,9494,2598
15296,1223680000,1223760000,4666,1562
15297,1223760000,1223840000,6383,2300
15298,1223840000,1223920000,5512,1514
15299,1223920000,1224000000,10970,3161
15300,1224000000,1224080000,5953,1696
15301,1224080000,1224160000,4726,1798
15302,1224160000,1224240000,7086,2239
15303,1224240000,1224320000,6800,2001
15304,1224320000,1224400000,9650,2694
15305,1224400000,1224480000,5316,1666
15306,1224480000,1224560000,6455,2379
15307,1224560000,1224640000,6016,1633
15308,1224640000,1224720000,11072,3168
15309,1224720000,1224800000,5747,1695
15310,1224800000,1224880000,4570,1795
15311,1224880000,1224960000,7026,2241
15312,1224960000,1225040000,6933,2002
15313,1225040000,1225120000,9402,2686
15314,1225120000,1225200000,4733,1653
15315,1225200000,1225280000,6000,2213
15316,1225280000,1225360000,5999,1552
15317,1225360000,1225440000,11035,3141
15318,1225440000,1225520000,5056,1638
15319,1225520000,1225600000,4288,1739
15320,1225600000,1225680000,7176,2218
15321,1225680000,1225760000,6424,1988
15322,1225760000,1225840000,6740,2315
15323,1225840000,1225920000,7302,2348
15324,1225920000,1226000000,7532,2719
15325,1226000000,1226080000,10684,3156
15326,1226080000,1226160000,4506,1480
15327,1226160000,1226240000,6121,2317
15328,1226240000,1226320000,4772,1543
15329,1226320000,1226400000,11018,3126
15330,1226400000,1226480000,5660,1724
15331,1226480000,1226560000,4758,1817
15332,1226560000,1226640000,6365,2145
15333,1226640000,1226720000,5356,1536
15334,1226720000,1226800000,10905,3134
15335,1226800000,1226880000,4488,1479
15336,1226880000,1226960000,6123,2258
15337,1226960000,1227040000,5431,1662
15338,1227040000,1227120000,10836,3138
15339,1227120000,1227200000,5660,1708
15340,1227200000,1227280000,4542,1696
15341,1227280000,1227360000,6583,2258
15342,1227360000,1227440000,5421,1597
15343,1227440000,1227520000,10664,3174
15344,1227520000,1227600000,4587,1489
15345,1227600000,1227680000,6026,2291
15346,1227680000,1227760000,5015,1631
15347,1227760000,1227840000,10669,3137
15348,1227840000,1227920000,5959,1730
15349,1227920000,1228000000,5096,1870
15350,1228000000,1228080000,6794,2287
15351,1228080000,1228160000,5799,1605
15352,1228160000,1228240000,10954,3179
15353,1228240000,1228320000,4599,1518
15354,1228320000,1228400000,6003,2337
15355,1228400000,1228480000,5591,1677
15356,1228480000,1228560000,10897,3132
15357,1228560000,1228640000,5805,1727
15358,1228640000,1228720000,4605,1871
15359,1228720000,1228800000,6527,2291
15360,1228800000,1228880000,5892,1601
15361,1228880000,1228960000,10704,3165
15362,1228960000,1229040000,4602,1520
15363,1229040000,1229120000,6162,2329
15364,1229120000,1229200000,5836,1682
15365,1229200000,1229280000,11044,3121
15366,1229280000,1229360000,6123,1732
15367,1229360000,1229440000,4892,1875
15368,1229440000,1229520000,7080,2293
15369,1229520000,1229600000,6176,1603
15370,1229600000,1229680000,10654,3095
15371,1229680000,1229760000,4529,1401
15372,1229760000,1229840000,6154,2261
15373,1229840000,1229920000,5260,1551
15374,1229920000,1230000000,10756,3107
15375,1230000000,1230080000,5886,1735
15376,1230080000,1230160000,5001,1872
15377,1230160000,1230240000,6784,2289
15378,1230240000,1230320000,5854,1592
15379,1230320000,1230400000,10730,3168
15380,1230400000,1230480000,4835,1524
15381,1230480000,1230560000,5963,2337
15382,1230560000,1230640000,5569,1664
15383,1230640000,1230720000,11032,3111
15384,1230720000,1230800000,6143,1714
15385,1230800000,1230880000,5049,1877
15386,1230880000,1230960000,7017,2278
15387,1230960000,1231040000,5891,1599
15388,1231040000,1231120000,10868,3162
15389,1231120000,1231200000,4543,1465
15390,1231200000,1231280000,5986,2318
15391,1231280000,1231360000,4912,1656
15392,1231360000,1231440000,10829,3121
15393,1231440000,1231520000,6006,1728
15394,1231520000,1231600000,5231,1875
15395,1231600000,1231680000,6514,2282
15396,1231680000,1231760000,5592,1616
15397,1231760000,1231840000,6796,2323
15398,1231840000,1231920000,8459,2609
15399,1231920000,1232000000,7195,2585
15400,1232000000,1232080000,11155,3323
15401,1232080000,1232160000,4292,1428
15402,1232160000,1232240000,5932,2312
15403,1232240000,1232320000,5567,1703
15404,1232320000,1232400000,9411,2819
15405,1232400000,1232480000,7513,1984
15406,1232480000,1232560000,4239,1547
15407,1232560000,1232640000,6464,2400
15408,1232640000,1232720000,5980,1720
15409,1232720000,1232800000,11189,3146
15410,1232800000,1232880000,5264,1490
15411,1232880000,1232960000,6126,2328
15412,1232960000,1233040000,6025,1826
15413,1233040000,1233120000,9415,2838
15414,1233120000,1233200000,7285,1988
15415,1233200000,1233280000,4559,1561
15416,1233280000,1233360000,6680,2416
15417,1233360000,1233440000,5902,1724
15418,1233440000,1233520000,10749,3148
15419,1233520000,1233600000,4702,1494
15420,1233600000,1233680000,5754,2324
15421,1233680000,1233760000,6113,1836
15422,1233760000,1233840000,9264,2841
15423,1233840000,1233920000,7626,1981
15424,1233920000,1234000000,4717,1551
15425,1234000000,1234080000,6644,2261
15426,1234080000,1234160000,6228,1654
15427,1234160000,1234240000,10845,3107
15428,1234240000,1234320000,4823,1433
15429,1234320000,1234400000,5828,2249
15430,1234400000,1234480000,6585,1839
15431,1234480000,1234560000,9316,2837
15432,1234560000,1234640000,7199,1964
15433,1234640000,1234720000,3978,1389
15434,1234720000,1234800000,6797,2400
15435,1234800000,1234880000,6191,1728
15436,1234880000,1234960000,10942,3133
15437,1234960000,1235040000,4975,1479
15438,1235040000,1235120000,5795,2266
15439,1235120000,1235200000,6158,1803
15440,1235200000,1235280000,9504,2829
15441,1235280000,1235360000,7467,1985
15442,1235360000,1235440000,4720,1569
15443,1235440000,1235520000,6862,2425
15444,1235520000,1235600000,6388,1728
15445,1235600000,1235680000,10928,3084
15446,1235680000,1235760000,4117,1361
15447,1235760000,1235840000,5464,2258
15448,1235840000,1235920000,5939,1713
15449,1235920000,1236000000,9300,2805
15450,1236000000,1236080000,7137,1977
15451,1236080000,1236160000,4291,1539
15452,1236160000,1236240000,6655,2428
15453,1236240000,1236320000,6076,1726
15454,1236320000,1236400000,10828,3128
15455,1236400000,1236480000,4841,1494
15456,1236480000,1236560000,5771,2325
15457,1236560000,1236640000,6239,1843
15458,1236640000,1236720000,9341,2824
15459,1236720000,1236800000,7629,1976
15460,1236800000,1236880000,4559,1563
15461,1236880000,1236960000,7040,2428
15462,1236960000,1237040000,6252,1726
15463,1237040000,1237120000,10856,3126
15464,1237120000,1237200000,4748,1466
15465,1237200000,1237280000,5969,2327
15466,1237280000,1237360000,6278,1835
15467,1237360000,1237440000,9378,2824
15468,1237440000,1237520000,7326,1980
15469,1237520000,1237600000,4479,1563
15470,1237600000,1237680000,6627,2416
15471,1237680000,1237760000,6405,1755
15472,1237760000,1237840000,6333,2188
15473,1237840000,1237920000,9160,2742
15474,1237920000,1238000000,7011,2383
15475,1238000000,1238080000,11219,3449
15476,1238080000,1238160000,5331,1620
15477,1238160000,1238240000,4609,1812
15478,1238240000,1238320000,6211,2054
15479,1238320000,1238400000,7792,2375
15480,1238400000,1238480000,9069,2424
15481,1238480000,1238560000,4603,1546
15482,1238560000,1238640000,6684,2436
15483,1238640000,1238720000,6202,1849
15484,1238720000,1238800000,10859,2992
15485,1238800000,1238880000,5598,1678
15486,1238880000,1238960000,4745,1808
15487,1238960000,1239040000,6696,2151
15488,1239040000,1239120000,8049,2413
15489,1239120000,1239200000,8624,2422
15490,1239200000,1239280000,4680,1549
15491,1239280000,1239360000,6448,2448
15492,1239360000,1239440000,6723,1854
15493,1239440000,1239520000,10370,2998
15494,1239520000,1239600000,5276,1670
15495,1239600000,1239680000,4623,1808
15496,1239680000,1239760000,7123,2173
15497,1239760000,1239840000,7896,2413
15498,1239840000,1239920000,8902,2431
15499,1239920000,1240000000,4348,1539
15500,1240000000,1240080000,6891,2430
15501,1240080000,1240160000,6753,1854
15502,1240160000,1240240000,10484,2996
15503,1240240000,1240320000,5708,1677
15504,1240320000,1240400000,4877,1813
15505,1240400000,1240480000,7130,2169
15506,1240480000,1240560000,8113,2414
15507,1240560000,1240640000,8758,2428
15508,1240640000,1240720000,4622,1546
15509,1240720000,1240800000,6477,2440
15510,1240800000,1240880000,6842,1857
15511,1240880000,1240960000,10365,2979
15512,1240960000,1241040000,5773,1682
15513,1241040000,1241120000,4558,1784
15514,1241120000,1241200000,7177,2169
15515,1241200000,1241280000,8185,2407
15516,1241280000,1241360000,9119,2418
15517,1241360000,1241440000,4850,1554
15518,1241440000,1241520000,6356,2262
15519,1241520000,1241600000,6685,1771
15520,1241600000,1241680000,10590,2923
15521,1241680000,1241760000,5479,1539
15522,1241760000,1241840000,4388,1676
15523,1241840000,1241920000,6793,2022
15524,1241920000,1242000000,7939,2367
15525,1242000000,1242080000,8813,2405
15526,1242080000,1242160000,4222,1377
15527,1242160000,1242240000,6738,2399
15528,1242240000,1242320000,6913,1846
15529,1242320000,1242400000,10504,2986
15530,1242400000,1242480000,5586,1667
15531,1242480000,1242560000,4511,1747
15532,1242560000,1242640000,6661,2123
15533,1242640000,1242720000,7896,2399
15534,1242720000,1242800000,9091,2418
15535,1242800000,1242880000,4768,1548
15536,1242880000,1242960000,6515,2432
15537,1242960000,1243040000,6890,1849
15538,1243040000,1243120000,10606,2980
15539,1243120000,1243200000,5198,1654
15540,1243200000,1243280000,4399,1812
15541,1243280000,1243360000,6631,2153
15542,1243360000,1243440000,8100,2405
15543,1243440000,1243520000,8792,2416
15544,1243520000,1243600000,4498,1548
15545,1243600000,1243680000,6198,2436
15546,1243680000,1243760000,6941,1845
15547,1243760000,1243840000,6318,2156
15548,1243840000,1243920000,9021,2638
15549,1243920000,1244000000,6514,2304
15550,1244000000,1244080000,11333,3616
15551,1244080000,1244160000,5402,1640
15552,1244160000,1244240000,4620,1793
15553,1244240000,1244320000,6391,2151
15554,1244320000,1244400000,6384,1948
15555,1244400000,1244480000,9848,2696
15556,1244480000,1244560000,4746,1664
15557,1244560000,1244640000,6250,2388
15558,1244640000,1244720000,5321,1625
15559,1244720000,1244800000,11550,3191
15560,1244800000,1244880000,5452,1699
15561,1244880000,1244960000,4365,1798
15562,1244960000,1245040000,6749,2239
15563,1245040000,1245120000,6837,2000
15564,1245120000,1245200000,9597,2702
15565,1245200000,1245280000,4556,1671
15566,1245280000,1245360000,6410,2381
15567,1245360000,1245440000,5932,1628
15568,1245440000,1245520000,11086,3203
15569,1245520000,1245600000,5595,1699
15570,1245600000,1245680000,4267,1798
15571,1245680000,1245760000,6657,2239
15572,1245760000,1245840000,6703,2004
15573,1245840000,1245920000,9666,2701
15574,1245920000,1246000000,5049,1649
15575,1246000000,1246080000,6728,2384
15576,1246080000,1246160000,6084,1631
15577,1246160000,1246240000,11230,3186
15578,1246240000,1246320000,5787,1698
15579,1246320000,1246400000,4626,1795
15580,1246400000,1246480000,7025,2249
15581,1246480000,1246560000,6884,2011
15582,1246560000,1246640000,9362,2689
15583,1246640000,1246720000,5091,1676
15584,1246720000,1246800000,6219,2392
15585,1246800000,1246880000,5803,1637
15586,1246880000,1246960000,11213,3179
15587,1246960000,1247040000,5667,1688
15588,1247040000,1247120000,4530,1795
15589,1247120000,1247200000,7396,2246
15590,1247200000,1247280000,7038,1998
15591,1247280000,1247360000,9890,2696
15592,1247360000,1247440000,4969,1660
15593,1247440000,1247520000,6570,2376
15594,1247520000,1247600000,5801,1626
15595,1247600000,1247680000,11276,3147
15596,1247680000,1247760000,5552,1590
15597,1247760000,1247840000,4512,1704
15598,1247840000,1247920000,6736,2132
15599,1247920000,1248000000,6645,1946
15600,1248000000,1248080000,9611,2692
15601,1248080000,1248160000,5158,1670
15602,1248160000,1248240000,6544,2382
15603,1248240000,1248320000,5998,1630
15604,1248320000,1248400000,11086,3176
15605,1248400000,1248480000,5822,1704
15606,1248480000,1248560000,4484,1795
15607,1248560000,1248640000,7166,2240
15608,1248640000,1248720000,6959,1996
15609,1248720000,1248800000,9848,2684
15610,1248800000,1248880000,5337,1671
15611,1248880000,1248960000,6202,2213
15612,1248960000,1249040000,5741,1552
15613,1249040000,1249120000,11160,3143
15614,1249120000,1249200000,5654,1637
15615,1249200000,1249280000,4285,1719
15616,1249280000,1249360000,6930,2220
15617,1249360000,1249440000,6886,1996
15618,1249440000,1249520000,9612,2683
15619,1249520000,1249600000,4556,1518
15620,1249600000,1249680000,6429,2323
15621,1249680000,1249760000,5668,1616
15622,1249760000,1249840000,6106,2205
15623,1249840000,1249920000,8770,2744
15624,1249920000,1250000000,6551,2184
15625,1250000000,1250080000,11134,3684
15626,1250080000,1250160000,5661,1673
15627,1250160000,1250240000,4816,1816
15628,1250240000,1250320000,6152,2057
15629,1250320000,1250400000,4900,1369
15630,1250400000,1250480000,10969,3143
15631,1250480000,1250560000,4285,1477
15632,1250560000,1250640000,5997,2255
15633,1250640000,1250720000,4900,1569
15634,1250720000,1250800000,11065,3134
15635,1250800000,1250880000,6042,1707
15636,1250880000,1250960000,4627,1696
15637,1250960000,1251040000,6620,2259
15638,1251040000,1251120000,5910,1589
15639,1251120000,1251200000,10763,3180
15640,1251200000,1251280000,4457,1488
15641,1251280000,1251360000,6004,2290
15642,1251360000,1251440000,5438,1631
15643,1251440000,1251520000,10524,3137
15644,1251520000,1251600000,5894,1733
15645,1251600000,1251680000,4965,1875
15646,1251680000,1251760000,6597,2280
15647,1251760000,1251840000,5992,1596
15648,1251840000,1251920000,11004,3178
15649,1251920000,1252000000,4719,1523
15650,1252000000,1252080000,6000,2337
15651,1252080000,1252160000,5619,1670
15652,1252160000,1252240000,11044,3136
15653,1252240000,1252320000,6136,1741
15654,1252320000,1252400000,4847,1874
15655,1252400000,1252480000,6483,2291
15656,1252480000,1252560000,6283,1600
15657,1252560000,1252640000,10763,3177
15658,1252640000,1252720000,4424,1518
15659,1252720000,1252800000,6063,2331
15660,1252800000,1252880000,5817,1679
15661,1252880000,1252960000,10907,3129
15662,1252960000,1253040000,6261,1735
15663,1253040000,1253120000,4796,1875
15664,1253120000,1253200000,6712,2290
15665,1253200000,1253280000,6212,1588
15666,1253280000,1253360000,11122,3168
15667,1253360000,1253440000,4995,1525
15668,1253440000,1253520000,6348,2333
15669,1253520000,1253600000,5995,1674
15670,1253600000,1253680000,11092,3097
15671,1253680000,1253760000,5809,1635
15672,1253760000,1253840000,4698,1780
15673,1253840000,1253920000,6517,2182
15674,1253920000,1254000000,5979,1517
15675,1254000000,1254080000,10747,3162
15676,1254080000,1254160000,4879,1519
15677,1254160000,1254240000,5963,2337
15678,1254240000,1254320000,5834,1671
15679,1254320000,1254400000,10874,3123
15680,1254400000,1254480000,5983,1719
15681,1254480000,1254560000,4839,1873
15682,1254560000,1254640000,6936,2290
15683,1254640000,1254720000,5977,1587
15684,1254720000,1254800000,11219,3168
15685,1254800000,1254880000,4625,1508
15686,1254880000,1254960000,6258,2323
15687,1254960000,1255040000,5748,1660
15688,1255040000,1255120000,10953,3129
15689,1255120000,1255200000,5704,1727
15690,1255200000,1255280000,5071,1855
15691,1255280000,1255360000,6595,2290
15692,1255360000,1255440000,5750,1587
15693,1255440000,1255520000,10825,3154
15694,1255520000,1255600000,4762,1519
15695,1255600000,1255680000,6190,2330
15696,1255680000,1255760000,5492,1668
15697,1255760000,1255840000,6627,2197
15698,1255840000,1255920000,9056,2757
15699,1255920000,1256000000,6304,2017
15700,1256000000,1256080000,10405,3707
15701,1256080000,1256160000,7308,1925
15702,1256160000,1256240000,4166,1543
15703,1256240000,1256320000,6636,2374
15704,1256320000,1256400000,5374,1606
15705,1256400000,1256480000,11086,3142
15706,1256480000,1256560000,5035,1483
15707,1256560000,1256640000,6038,2330
15708,1256640000,1256720000,5677,1824
15709,1256720000,1256800000,9455,2844
15710,1256800000,1256880000,7417,1987
15711,1256880000,1256960000,4609,1561
15712,1256960000,1257040000,6957,2416
15713,1257040000,1257120000,5962,1717
15714,1257120000,1257200000,10873,3134
15715,1257200000,1257280000,4643,1488
15716,1257280000,1257360000,5819,2326
15717,1257360000,1257440000,6068,1838
15718,1257440000,1257520000,9024,2844
15719,1257520000,1257600000,7327,1991
15720,1257600000,1257680000,4502,1558
15721,1257680000,1257760000,6390,2261
15722,1257760000,1257840000,6122,1651
15723,1257840000,1257920000,10826,3110
15724,1257920000,1258000000,4777,1439
15725,1258000000,1258080000,5891,2249
15726,1258080000,1258160000,6771,1841
15727,1258160000,1258240000,9297,2838
15728,1258240000,1258320000,7569,1958
15729,1258320000,1258400000,4185,1394
15730,1258400000,1258480000,7117,2400
15731,1258480000,1258560000,6587,1725
15732,1258560000,1258640000,10700,3125
15733,1258640000,1258720000,4751,1477
15734,1258720000,1258800000,5729,2264
15735,1258800000,1258880000,6188,1799
15736,1258880000,1258960000,9186,2829
15737,1258960000,1259040000,7449,1980
15738,1259040000,1259120000,4750,1570
15739,1259120000,1259200000,6738,2424
15740,1259200000,1259280000,6622,1715
15741,1259280000,1259360000,11264,3126
15742,1259360000,1259440000,4973,1496
15743,1259440000,1259520000,5650,2328
15744,1259520000,1259600000,6482,1834
15745,1259600000,1259680000,9435,2806
15746,1259680000,1259760000,7540,1891
15747,1259760000,1259840000,4142,1475
15748,1259840000,1259920000,6246,2333
15749,1259920000,1260000000,5778,1628
15750,1260000000,1260080000,11042,3128
15751,1260080000,1260160000,4652,1486
15752,1260160000,1260240000,5789,2325
15753,1260240000,1260320000,6172,1838
15754,1260320000,1260400000,9241,2824
15755,1260400000,1260480000,7417,1985
15756,1260480000,1260560000,4174,1561
15757,1260560000,1260640000,6763,2428
15758,1260640000,1260720000,6352,1716
15759,1260720000,1260800000,11160,3120
15760,1260800000,1260880000,5005,1490
15761,1260880000,1260960000,6134,2327
15762,1260960000,1261040000,6576,1823
15763,1261040000,1261120000,9419,2831
15764,1261120000,1261200000,7505,1978
15765,1261200000,1261280000,4414,1541
15766,1261280000,1261360000,6553,2416
15767,1261360000,1261440000,5695,1711
15768,1261440000,1261520000,10951,3118
15769,1261520000,1261600000,4951,1490
15770,1261600000,1261680000,5740,2328
15771,1261680000,1261760000,5862,1824
15772,1261760000,1261840000,6486,2136
15773,1261840000,1261920000,8525,2776
15774,1261920000,1262000000,5943,1888
15775,1262000000,1262080000,9140,3289
15776,1262080000,1262160000,8737,2357
15777,1262160000,1262240000,4482,1530
15778,1262240000,1262320000,6714,2424
15779,1262320000,1262400000,5695,1714
15780,1262400000,1262480000,10775,3002
15781,1262480000,1262560000,5387,1674
15782,1262560000,1262640000,4631,1809
15783,1262640000,1262720000,6449,2155
15784,1262720000,1262800000,7940,2416
15785,1262800000,1262880000,8846,2434
15786,1262880000,1262960000,4798,1545
15787,1262960000,1263040000,6359,2438
15788,1263040000,1263120000,6195,1843
15789,1263120000,1263200000,10661,2999
15790,1263200000,1263280000,5298,1660
15791,1263280000,1263360000,4648,1805
15792,1263360000,1263440000,7206,2165
15793,1263440000,1263520000,7809,2420
15794,1263520000,1263600000,8872,2428
15795,1263600000,1263680000,4201,1533
15796,1263680000,1263760000,6708,2432
15797,1263760000,1263840000,6853,1851
15798,1263840000,1263920000,10437,2988
15799,1263920000,1264000000,5850,1678
15800,1264000000,1264080000,4883,1813
15801,1264080000,1264160000,7224,2169
15802,1264160000,1264240000,8074,2418
15803,1264240000,1264320000,8998,2420
15804,1264320000,1264400000,4881,1552
15805,1264400000,1264480000,6703,2440
15806,1264480000,1264560000,6594,1856
15807,1264560000,1264640000,10258,2986
15808,1264640000,1264720000,5530,1674
15809,1264720000,1264800000,4522,1809
15810,1264800000,1264880000,6911,2165
15811,1264880000,1264960000,7870,2409
15812,1264960000,1265040000,9023,2416
15813,1265040000,1265120000,4832,1550
15814,1265120000,1265200000,6376,2271
15815,1265200000,1265280000,6804,1778
15816,1265280000,1265360000,10548,2941
15817,1265360000,1265440000,5326,1619
15818,1265440000,1265520000,4590,1742
15819,1265520000,1265600000,7345,2159
15820,1265600000,1265680000,8165,2412
15821,1265680000,1265760000,8527,2261
15822,1265760000,1265840000,4054,1284
15823,1265840000,1265920000,6579,2327
15824,1265920000,1266000000,6410,1742
15825,1266000000,1266080000,10451,2971
15826,1266080000,1266160000,5599,1666
15827,1266160000,1266240000,4556,1747
15828,1266240000,1266320000,6856,2127
15829,1266320000,1266400000,7821,2404
15830,1266400000,1266480000,8949,2416
15831,1266480000,1266560000,4624,1546
15832,1266560000,1266640000,6513,2432
15833,1266640000,1266720000,6786,1852
15834,1266720000,1266800000,10769,2973
15835,1266800000,1266880000,5756,1679
15836,1266880000,1266960000,4517,1812
15837,1266960000,1267040000,6818,2155
15838,1267040000,1267120000,8030,2410
15839,1267120000,1267200000,8966,2422
15840,1267200000,1267280000,4469,1530
15841,1267280000,1267360000,6210,2436
15842,1267360000,1267440000,6206,1848
15843,1267440000,1267520000,10624,2977
15844,1267520000,1267600000,5633,1675
15845,1267600000,1267680000,4532,1808
15846,1267680000,1267760000,6918,2155
15847,1267760000,1267840000,6843,2150
15848,1267840000,1267920000,7884,2589
15849,1267920000,1268000000,6753,2137
15850,1268000000,1268080000,8001,2925
15851,1268080000,1268160000,9687,2692
15852,1268160000,1268240000,4668,1634
15853,1268240000,1268320000,6216,2374
15854,1268320000,1268400000,4923,1500
15855,1268400000,1268480000,11473,3188
15856,1268480000,1268560000,5458,1694
15857,1268560000,1268640000,4318,1794
15858,1268640000,1268720000,6603,2237
15859,1268720000,1268800000,6689,2006
15860,1268800000,1268880000,9973,2702
15861,1268880000,1268960000,4859,1672
15862,1268960000,1269040000,6488,2380
15863,1269040000,1269120000,5946,1628
15864,1269120000,1269200000,11248,3189
15865,1269200000,1269280000,5743,1700
15866,1269280000,1269360000,4357,1798
15867,1269360000,1269440000,6853,2242
15868,1269440000,1269520000,6704,2008
15869,1269520000,1269600000,9528,2714
15870,1269600000,1269680000,5064,1675
15871,1269680000,1269760000,6511,2384
15872,1269760000,1269840000,5509,1631
15873,1269840000,1269920000,11045,3189
15874,1269920000,1270000000,5906,1699
15875,1270000000,1270080000,4597,1795
15876,1270080000,1270160000,6782,2250
15877,1270160000,1270240000,6561,2010
15878,1270240000,1270320000,9617,2698
15879,1270320000,1270400000,5267,1677
15880,1270400000,1270480000,6346,2391
15881,1270480000,1270560000,5796,1640
15882,1270560000,1270640000,11142,3183
15883,1270640000,1270720000,5381,1651
15884,1270720000,1270800000,4307,1767
15885,1270800000,1270880000,7114,2247
15886,1270880000,1270960000,6685,2010
15887,1270960000,1271040000,9702,2691
15888,1271040000,1271120000,4847,1658
15889,1271120000,1271200000,6491,2375
15890,1271200000,1271280000,6023,1637
15891,1271280000,1271360000,11267,3167
15892,1271360000,1271440000,5871,1698
15893,1271440000,1271520000,4824,1798
15894,1271520000,1271600000,7335,2250
15895,1271600000,1271680000,7354,2012
15896,1271680000,1271760000,9508,2598
15897,1271760000,1271840000,4764,1557
15898,1271840000,1271920000,6295,2302
15899,1271920000,1272000000,5889,1525
15900,1272000000,1272080000,11080,3164
15901,1272080000,1272160000,5810,1691
15902,1272160000,1272240000,4454,1795
15903,1272240000,1272320000,7282,2252
15904,1272320000,1272400000,6938,2003
15905,1272400000,1272480000,9808,2694
15906,1272480000,1272560000,5163,1670
15907,1272560000,1272640000,6137,2216
15908,1272640000,1272720000,5918,1555
15909,1272720000,1272800000,11210,3139
15910,1272800000,1272880000,5651,1638
15911,1272880000,1272960000,4513,1739
15912,1272960000,1273040000,7302,2220
15913,1273040000,1273120000,6995,2003
15914,1273120000,1273200000,9565,2675
15915,1273200000,1273280000,4691,1520
15916,1273280000,1273360000,6508,2323
15917,1273360000,1273440000,5581,1622
15918,1273440000,1273520000,11083,3165
15919,1273520000,1273600000,5457,1684
15920,1273600000,1273680000,4431,1736
15921,1273680000,1273760000,6749,2210
15922,1273760000,1273840000,6220,1978
15923,1273840000,1273920000,6681,2314
15924,1273920000,1274000000,7452,2348
15925,1274000000,1274080000,7575,2697
15926,1274080000,1274160000,10694,3101
15927,1274160000,1274240000,3948,1371
15928,1274240000,1274320000,6071,2244
15929,1274320000,1274400000,4743,1540
15930,1274400000,1274480000,11021,3131
15931,1274480000,1274560000,5647,1653
15932,1274560000,1274640000,4527,1692
15933,1274640000,1274720000,6459,2260
15934,1274720000,1274800000,5700,1596
15935,1274800000,1274880000,11320,3185
15936,1274880000,1274960000,5119,1486
15937,1274960000,1275040000,6158,2291
15938,1275040000,1275120000,5256,1627
15939,1275120000,1275200000,10923,3140
15940,1275200000,1275280000,6109,1735
15941,1275280000,1275360000,5037,1873
15942,1275360000,1275440000,6463,2279
15943,1275440000,1275520000,6073,1603
15944,1275520000,1275600000,10712,3186
15945,1275600000,1275680000,4688,1504
15946,1275680000,1275760000,5851,2331
15947,1275760000,1275840000,5492,1664
15948,1275840000,1275920000,10982,3136
15949,1275920000,1276000000,6336,1730
15950,1276000000,1276080000,4844,1874
15951,1276080000,1276160000,6624,2293
15952,1276160000,1276240000,6058,1602
15953,1276240000,1276320000,11032,3171
15954,1276320000,1276400000,4899,1524
15955,1276400000,1276480000,6158,2331
15956,1276480000,1276560000,6137,1679
15957,1276560000,1276640000,10972,3130
15958,1276640000,1276720000,6138,1730
15959,1276720000,1276800000,4652,1878
15960,1276800000,1276880000,6691,2293
15961,1276880000,1276960000,6300,1601
15962,1276960000,1277040000,11021,3167
15963,1277040000,1277120000,5103,1520
15964,1277120000,1277200000,6318,2334
15965,1277200000,1277280000,6206,1676
15966,1277280000,1277360000,11078,3121
15967,1277360000,1277440000,6335,1732
15968,1277440000,1277520000,4983,1875
15969,1277520000,1277600000,6846,2290
15970,1277600000,1277680000,6376,1601
15971,1277680000,1277760000,10820,3091
15972,1277760000,1277840000,4835,1397
15973,1277840000,1277920000,5772,2263
15974,1277920000,1278000000,5490,1554
15975,1278000000,1278080000,10978,3108
15976,1278080000,1278160000,5968,1714
15977,1278160000,1278240000,4749,1869
15978,1278240000,1278320000,6954,2290
15979,1278320000,1278400000,6206,1597
15980,1278400000,1278480000,10965,3162
15981,1278480000,1278560000,4629,1500
15982,1278560000,1278640000,6112,2324
15983,1278640000,1278720000,5585,1675
15984,1278720000,1278800000,10962,3119
15985,1278800000,1278880000,6256,1722
15986,1278880000,1278960000,5302,1851
15987,1278960000,1279040000,6860,2293
15988,1279040000,1279120000,6073,1603
15989,1279120000,1279200000,10893,3160
15990,1279200000,1279280000,4688,1500
15991,1279280000,1279360000,6096,2330
15992,1279360000,1279440000,5626,1671
15993,1279440000,1279520000,10930,3118
15994,1279520000,1279600000,5941,1725
15995,1279600000,1279680000,4919,1875
15996,1279680000,1279760000,6642,2280
15997,1279760000,1279840000,5740,1621
15998,1279840000,1279920000,6552,2322
15999,1279920000,1280000000,8588,2609
16000,1280000000,1280080000,7391,2585
16001,1280080000,1280160000,11316,3334
16002,1280160000,1280240000,4606,1442
16003,1280240000,1280320000,6029,2317
16004,1280320000,1280400000,5655,1707
16005,1280400000,1280480000,9550,2830
16006,1280480000,1280560000,7418,1988
16007,1280560000,1280640000,4347,1536
16008,1280640000,1280720000,6839,2416
16009,1280720000,1280800000,6198,1720
16010,1280800000,1280880000,11406,3142
16011,1280880000,1280960000,4682,1486
16012,1280960000,1281040000,5905,2324
16013,1281040000,1281120000,6089,1824
16014,1281120000,1281200000,9476,2839
16015,1281200000,1281280000,7395,1981
16016,1281280000,1281360000,4396,1553
16017,1281360000,1281440000,6450,2261
16018,1281440000,1281520000,5956,1648
16019,1281520000,1281600000,10816,3117
16020,1281600000,1281680000,4578,1439
16021,1281680000,1281760000,5757,2251
16022,1281760000,1281840000,6150,1845
16023,1281840000,1281920000,9202,2838
16024,1281920000,1282000000,7630,1966
16025,1282000000,1282080000,4207,1390
16026,1282080000,1282160000,7054,2398
16027,1282160000,1282240000,6345,1728
16028,1282240000,1282320000,11088,3140
16029,1282320000,1282400000,5284,1483
16030,1282400000,1282480000,5813,2264
16031,1282480000,1282560000,6171,1809
16032,1282560000,1282640000,9277,2832
16033,1282640000,1282720000,7385,1984
16034,1282720000,1282800000,4665,1566
16035,1282800000,1282880000,6749,2424
16036,1282880000,1282960000,6130,1728
16037,1282960000,1283040000,10974,3129
16038,1283040000,1283120000,4923,1496
16039,1283120000,1283200000,5613,2328
16040,1283200000,1283280000,6344,1838
16041,1283280000,1283360000,9586,2828
16042,1283360000,1283440000,7652,1981
16043,1283440000,1283520000,4404,1566
16044,1283520000,1283600000,6651,2430
16045,1283600000,1283680000,6740,1728
16046,1283680000,1283760000,11024,3076
16047,1283760000,1283840000,4241,1361
16048,1283840000,1283920000,5625,2253
16049,1283920000,1284000000,6193,1700
16050,1284000000,1284080000,9492,2808
16051,1284080000,1284160000,7232,1978
16052,1284160000,1284240000,4323,1567
16053,1284240000,1284320000,6738,2420
16054,1284320000,1284400000,6444,1726
16055,1284400000,1284480000,11011,3132
16056,1284480000,1284560000,5198,1493
16057,1284560000,1284640000,6002,2325
16058,1284640000,1284720000,6212,1827
16059,1284720000,1284800000,9465,2823
16060,1284800000,1284880000,7703,1980
16061,1284880000,1284960000,4555,1562
16062,1284960000,1285040000,6661,2416
16063,1285040000,1285120000,6550,1720
16064,1285120000,1285200000,10927,3108
16065,1285200000,1285280000,4346,1466
16066,1285280000,1285360000,5705,2328
16067,1285360000,1285440000,5557,1824
16068,1285440000,1285520000,9246,2823
16069,1285520000,1285600000,7134,1963
16070,1285600000,1285680000,4196,1563
16071,1285680000,1285760000,7043,2416
16072,1285760000,1285840000,5909,1747
16073,1285840000,1285920000,6392,2187
16074,1285920000,1286000000,9238,2742
16075,1286000000,1286080000,7200,2383
16076,1286080000,1286160000,11350,3446
16077,1286160000,1286240000,5101,1619
16078,1286240000,1286320000,4670,1808
16079,1286320000,1286400000,6131,2054
16080,1286400000,1286480000,7858,2375
16081,1286480000,1286560000,8939,2424
16082,1286560000,1286640000,4462,1545
16083,1286640000,1286720000,6294,2438
16084,1286720000,1286800000,6124,1848
16085,1286800000,1286880000,11022,2992
16086,1286880000,1286960000,4967,1660
16087,1286960000,1287040000,4774,1808
16088,1287040000,1287120000,6995,2155
16089,1287120000,1287200000,8117,2413
16090,1287200000,1287280000,8910,2432
16091,1287280000,1287360000,4237,1531
16092,1287360000,1287440000,6584,2422
16093,1287440000,1287520000,6452,1852
16094,1287520000,1287600000,10416,3004
16095,1287600000,1287680000,5877,1678
16096,1287680000,1287760000,4818,1812
16097,1287760000,1287840000,6628,2155
16098,1287840000,1287920000,7935,2413
16099,1287920000,1288000000,9252,2431
16100,1288000000,1288080000,4682,1544
16101,1288080000,1288160000,6783,2440
16102,1288160000,1288240000,6868,1849
16103,1288240000,1288320000,10562,2988
16104,1288320000,1288400000,5536,1683
16105,1288400000,1288480000,4654,1809
16106,1288480000,1288560000,7188,2171
16107,1288560000,1288640000,8089,2410
16108,1288640000,1288720000,8879,2414
16109,1288720000,1288800000,4513,1546
16110,1288800000,1288880000,6380,2270
16111,1288880000,1288960000,6464,1779
16112,1288960000,1289040000,10512,2953
16113,1289040000,1289120000,5425,1624
16114,1289120000,1289200000,4581,1742
16115,1289200000,1289280000,7191,2161
16116,1289280000,1289360000,8167,2407
16117,1289360000,1289440000,9013,2406
16118,1289440000,1289520000,4278,1385
16119,1289520000,1289600000,6717,2407
16120,1289600000,1289680000,7028,1852
16121,1289680000,1289760000,10707,2949
16122,1289760000,1289840000,5120,1518
16123,1289840000,1289920000,4481,1714
16124,1289920000,1290000000,6683,2039
16125,1290000000,1290080000,8100,2371
16126,1290080000,1290160000,8743,2408
16127,1290160000,1290240000,4841,1546
16128,1290240000,1290320000,6571,2440
16129,1290320000,1290400000,6884,1855
16130,1290400000,1290480000,10543,2984
16131,1290480000,1290560000,5456,1677
16132,1290560000,1290640000,4433,1813
16133,1290640000,1290720000,6825,2169
16134,1290720000,1290800000,8088,2403
16135,1290800000,1290880000,9124,2414
16136,1290880000,1290960000,4585,1552
16137,1290960000,1291040000,6592,2444
16138,1291040000,1291120000,6764,1849
16139,1291120000,1291200000,10654,2974
16140,1291200000,1291280000,5081,1658
16141,1291280000,1291360000,4507,1808
16142,1291360000,1291440000,6649,2153
16143,1291440000,1291520000,7995,2405
16144,1291520000,1291600000,9068,2414
16145,1291600000,1291680000,4383,1551
16146,1291680000,1291760000,6634,2438
16147,1291760000,1291840000,6560,1840
16148,1291840000,1291920000,6418,2155
16149,1291920000,1292000000,8605,2638
16150,1292000000,1292080000,6215,2307
16151,1292080000,1292160000,11326,3627
16152,1292160000,1292240000,5271,1641
16153,1292240000,1292320000,4313,1796
16154,1292320000,1292400000,6285,2152
16155,1292400000,1292480000,6371,1948
16156,1292480000,1292560000,9936,2704
16157,1292560000,1292640000,4720,1671
16158,1292640000,1292720000,6420,2381
16159,1292720000,1292800000,5377,1628
16160,1292800000,1292880000,11649,3191
16161,1292880000,1292960000,6017,1699
16162,1292960000,1293040000,4359,1798
16163,1293040000,1293120000,6738,2240
16164,1293120000,1293200000,6827,2003
16165,1293200000,1293280000,9831,2698
16166,1293280000,1293360000,5208,1676
16167,1293360000,1293440000,6669,2386
16168,1293440000,1293520000,5915,1640
16169,1293520000,1293600000,11089,3196
16170,1293600000,1293680000,5658,1702
16171,1293680000,1293760000,4451,1795
16172,1293760000,1293840000,6918,2246
16173,1293840000,1293920000,6893,2004
16174,1293920000,1294000000,9695,2697
16175,1294000000,1294080000,5104,1673
16176,1294080000,1294160000,6326,2392
16177,1294160000,1294240000,6107,1629
16178,1294240000,1294320000,11313,3184
16179,1294320000,1294400000,5597,1688
16180,1294400000,1294480000,4565,1791
16181,1294480000,1294560000,7424,2253
16182,1294560000,1294640000,6878,2007
16183,1294640000,1294720000,9713,2697
16184,1294720000,1294800000,4611,1639
16185,1294800000,1294880000,6451,2376
16186,1294880000,1294960000,5692,1634
16187,1294960000,1295040000,11149,3166
16188,1295040000,1295120000,6135,1705
16189,1295120000,1295200000,4739,1798
16190,1295200000,1295280000,7159,2248
16191,1295280000,1295360000,6977,2005
16192,1295360000,1295440000,10038,2694
16193,1295440000,1295520000,5412,1675
16194,1295520000,1295600000,6571,2384
16195,1295600000,1295680000,6179,1637
16196,1295680000,1295760000,11359,3140
16197,1295760000,1295840000,5689,1585
16198,1295840000,1295920000,4219,1701
16199,1295920000,1296000000,6884,2128
16200,1296000000,1296080000,7004,1953
16201,1296080000,1296160000,9751,2678
16202,1296160000,1296240000,5223,1666
16203,1296240000,1296320000,6153,2212
16204,1296320000,1296400000,6141,1560
16205,1296400000,1296480000,11144,3147
16206,1296480000,1296560000,5695,1641
16207,1296560000,1296640000,4408,1735
16208,1296640000,1296720000,7312,2218
16209,1296720000,1296800000,7105,1998
16210,1296800000,1296880000,9912,2681
16211,1296880000,1296960000,4895,1518
16212,1296960000,1297040000,6692,2324
16213,1297040000,1297120000,5972,1621
16214,1297120000,1297200000,11354,3175
16215,1297200000,1297280000,5567,1689
16216,1297280000,1297360000,4470,1716
16217,1297360000,1297440000,6802,2211
16218,1297440000,1297520000,6595,1990
16219,1297520000,1297600000,9687,2688
16220,1297600000,1297680000,5034,1671
16221,1297680000,1297760000,6377,2379
16222,1297760000,1297840000,5708,1626
16223,1297840000,1297920000,6010,2209
16224,1297920000,1298000000,8222,2744
16225,1298000000,1298080000,6275,2174
16226,1298080000,1298160000,10937,3695
16227,1298160000,1298240000,5506,1643
16228,1298240000,1298320000,4599,1692
16229,1298320000,1298400000,6385,2176
16230,1298400000,1298480000,5425,1518
16231,1298480000,1298560000,10760,3184
16232,1298560000,1298640000,4683,1484
16233,1298640000,1298720000,5943,2276
16234,1298720000,1298800000,5045,1630
16235,1298800000,1298880000,10908,3146
16236,1298880000,1298960000,5875,1730
16237,1298960000,1299040000,5249,1875
16238,1299040000,1299120000,6829,2279
16239,1299120000,1299200000,5843,1593
16240,1299200000,1299280000,10402,3184
16241,1299280000,1299360000,4973,1524
16242,1299360000,1299440000,5950,2338
16243,1299440000,1299520000,4857,1669
16244,1299520000,1299600000,10396,3146
16245,1299600000,1299680000,6159,1741
16246,1299680000,1299760000,4727,1878
16247,1299760000,1299840000,6399,2291
16248,1299840000,1299920000,5244,1593
16249,1299920000,1300000000,11150,3168
16250,1300000000,1300080000,4899,1523
16251,1300080000,1300160000,6198,2331
16252,1300160000,1300240000,5529,1672
16253,1300240000,1300320000,11005,3134
16254,1300320000,1300400000,6607,1741
16255,1300400000,1300480000,4850,1878
16256,1300480000,1300560000,6853,2290
16257,1300560000,1300640000,5951,1593
16258,1300640000,1300720000,11066,3167
16259,1300720000,1300800000,5073,1518
16260,1300800000,1300880000,6296,2331
16261,1300880000,1300960000,5847,1679
16262,1300960000,1301040000,10874,3126
16263,1301040000,1301120000,6571,1728
16264,1301120000,1301200000,5047,1874
16265,1301200000,1301280000,6657,2290
16266,1301280000,1301360000,5907,1595
16267,1301360000,1301440000,11270,3164
16268,1301440000,1301520000,5134,1519
16269,1301520000,1301600000,6072,2336
16270,1301600000,1301680000,5783,1666
16271,1301680000,1301760000,11152,3098
16272,1301760000,1301840000,6135,1628
16273,1301840000,1301920000,4617,1781
16274,1301920000,1302000000,6670,2173
16275,1302000000,1302080000,5814,1524
16276,1302080000,1302160000,11097,3168
16277,1302160000,1302240000,4603,1501
16278,1302240000,1302320000,6166,2325
16279,1302320000,1302400000,5775,1664
16280,1302400000,1302480000,10859,3121
16281,1302480000,1302560000,6310,1733
16282,1302560000,1302640000,5189,1875
16283,1302640000,1302720000,6810,2282
16284,1302720000,1302800000,6283,1594
16285,1302800000,1302880000,11248,3166
16286,1302880000,1302960000,4953,1519
16287,1302960000,1303040000,6241,2330
16288,1303040000,1303120000,5807,1670
16289,1303120000,1303200000,10994,3126
16290,1303200000,1303280000,5998,1724
16291,1303280000,1303360000,4746,1854
16292,1303360000,1303440000,6477,2280
16293,1303440000,1303520000,5523,1587
16294,1303520000,1303600000,11067,3158
16295,1303600000,1303680000,4522,1498
16296,1303680000,1303760000,5815,2182
16297,1303760000,1303840000,5063,1567
16298,1303840000,1303920000,6283,2190
16299,1303920000,1304000000,8244,2757
16300,1304000000,1304080000,6144,2017
16301,1304080000,1304160000,10223,3711
16302,1304160000,1304240000,7202,1927
16303,1304240000,1304320000,4589,1557
16304,1304320000,1304400000,6581,2384
16305,1304400000,1304480000,5404,1606
16306,1304480000,1304560000,10962,3152
16307,1304560000,1304640000,4665,1484
16308,1304640000,1304720000,5827,2326
16309,1304720000,1304800000,5706,1825
16310,1304800000,1304880000,9457,2842
16311,1304880000,1304960000,7309,1993
16312,1304960000,1305040000,4577,1550
16313,1305040000,1305120000,6348,2251
16314,1305120000,1305200000,5800,1645
16315,1305200000,1305280000,10734,3123
16316,1305280000,1305360000,4406,1427
16317,1305360000,1305440000,5708,2225
16318,1305440000,1305520000,5982,1831
16319,1305520000,1305600000,8994,2850
16320,1305600000,1305680000,7074,1970
16321,1305680000,1305760000,3929,1386
16322,1305760000,1305840000,6777,2398
16323,1305840000,1305920000,5738,1717
16324,1305920000,1306000000,10686,3141
16325,1306000000,1306080000,5028,1481
16326,1306080000,1306160000,5826,2264
16327,1306160000,1306240000,6044,1797
16328,1306240000,1306320000,9157,2840
16329,1306320000,1306400000,7126,1983
16330,1306400000,1306480000,4707,1561
16331,1306480000,1306560000,6899,2426
16332,1306560000,1306640000,6123,1717
16333,1306640000,1306720000,10417,3133
16334,1306720000,1306800000,4604,1488
16335,1306800000,1306880000,5579,2330
16336,1306880000,1306960000,6061,1842
16337,1306960000,1307040000,9088,2833
16338,1307040000,1307120000,7599,1990
16339,1307120000,1307200000,4565,1570
16340,1307200000,1307280000,6640,2430
16341,1307280000,1307360000,6074,1715
16342,1307360000,1307440000,11329,3128
16343,1307440000,1307520000,5106,1494
16344,1307520000,1307600000,5846,2323
16345,1307600000,1307680000,6281,1833
16346,1307680000,1307760000,9425,2805
16347,1307760000,1307840000,7656,1890
16348,1307840000,1307920000,4178,1479
16349,1307920000,1308000000,6606,2331
16350,1308000000,1308080000,5779,1626
16351,1308080000,1308160000,11244,3120
16352,1308160000,1308240000,5009,1490
16353,1308240000,1308320000,5970,2325
16354,1308320000,1308400000,6232,1841
16355,1308400000,1308480000,9272,2829
16356,1308480000,1308560000,7655,1980
16357,1308560000,1308640000,4504,1537
16358,1308640000,1308720000,6832,2424
16359,1308720000,1308800000,6059,1719
16360,1308800000,1308880000,11204,3116
16361,1308880000,1308960000,5033,1490
16362,1308960000,1309040000,5833,2328
16363,1309040000,1309120000,6362,1826
16364,1309120000,1309200000,9474,2830
16365,1309200000,1309280000,7139,1959
16366,1309280000,1309360000,4027,1544
16367,1309360000,1309440000,6830,2416
16368,1309440000,1309520000,6466,1719
16369,1309520000,1309600000,11170,3122
16370,1309600000,1309680000,4537,1476
16371,1309680000,1309760000,5792,2324
16372,1309760000,1309840000,6049,1816
16373,1309840000,1309920000,6471,2138
16374,1309920000,1310000000,8241,2776
16375,1310000000,1310080000,5794,1888
16376,1310080000,1310160000,8939,3291
16377,1310160000,1310240000,8495,2371
16378,1310240000,1310320000,4431,1507
16379,1310320000,1310400000,6240,2430
16380,1310400000,1310480000,5646,1713
16381,1310480000,1310560000,10607,3004
16382,1310560000,1310640000,4754,1660
16383,1310640000,1310720000,4635,1805
16384,1310720000,1310800000,6738,2153
16385,1310800000,1310880000,8130,2418
16386,1310880000,1310960000,9058,2434
16387,1310960000,1311040000,4324,1531
16388,1311040000,1311120000,6554,2422
16389,1311120000,1311200000,6679,1845
16390,1311200000,1311280000,10299,2999
16391,1311280000,1311360000,5392,1674
16392,1311360000,1311440000,4829,1813
16393,1311440000,1311520000,6848,2157
16394,1311520000,1311600000,7763,2424
16395,1311600000,1311680000,8490,2436
16396,1311680000,1311760000,4649,1554
16397,1311760000,1311840000,6528,2432
16398,1311840000,1311920000,6439,1852
16399,1311920000,1312000000,10238,3002
16400,1312000000,1312080000,5687,1680
16401,1312080000,1312160000,4658,1809
16402,1312160000,1312240000,7157,2163
16403,1312240000,1312320000,8031,2416
16404,1312320000,1312400000,8868,2430
16405,1312400000,1312480000,4738,1546
16406,1312480000,1312560000,6332,2272
16407,1312560000,1312640000,6691,1770
16408,1312640000,1312720000,10195,2972
16409,1312720000,1312800000,5000,1614
16410,1312800000,1312880000,4487,1739
16411,1312880000,1312960000,7141,2157
16412,1312960000,1313040000,7867,2409
16413,1313040000,1313120000,8850,2405
16414,1313120000,1313200000,4207,1381
16415,1313200000,1313280000,6895,2407
16416,1313280000,1313360000,6604,1845
16417,1313360000,1313440000,10430,2981
16418,1313440000,1313520000,5817,1669
16419,1313520000,1313600000,4500,1722
16420,1313600000,1313680000,6853,2137
16421,1313680000,1313760000,7953,2408
16422,1313760000,1313840000,8513,2318
16423,1313840000,1313920000,4595,1455
16424,1313920000,1314000000,6364,2352
16425,1314000000,1314080000,6021,1747
16426,1314080000,1314160000,10150,2979
16427,1314160000,1314240000,5279,1673
16428,1314240000,1314320000,4469,1813
16429,1314320000,1314400000,6832,2169
16430,1314400000,1314480000,7706,2412
16431,1314480000,1314560000,8844,2432
16432,1314560000,1314640000,4646,1546
16433,1314640000,1314720000,6449,2444
16434,1314720000,1314800000,6601,1849
16435,1314800000,1314880000,10869,2975
16436,1314880000,1314960000,5647,1675
16437,1314960000,1315040000,4648,1808
16438,1315040000,1315120000,7195,2163
16439,1315120000,1315200000,8277,2412
16440,1315200000,1315280000,9124,2420
16441,1315280000,1315360000,4205,1529
16442,1315360000,1315440000,6548,2448
16443,1315440000,1315520000,6652,1843
16444,1315520000,1315600000,10794,2971
16445,1315600000,1315680000,5564,1675
16446,1315680000,1315760000,4803,1812
16447,1315760000,1315840000,7169,2159
16448,1315840000,1315920000,6746,2154
16449,1315920000,1316000000,7711,2589
16450,1316000000,1316080000,6559,2137
16451,1316080000,1316160000,7754,2925
16452,1316160000,1316240000,9454,2692
16453,1316240000,1316320000,4544,1634
16454,1316320000,1316400000,6436,2369
16455,1316400000,1316480000,5112,1497
16456,1316480000,1316560000,11301,3192
16457,1316560000,1316640000,5382,1690
16458,1316640000,1316720000,4401,1798
16459,1316720000,1316800000,6743,2239
16460,1316800000,1316880000,6786,2004
16461,1316880000,1316960000,9828,2712
16462,1316960000,1317040000,5235,1673
16463,1317040000,1317120000,6709,2384
16464,1317120000,1317200000,5807,1627
16465,1317200000,1317280000,11097,3198
16466,1317280000,1317360000,5817,1701
16467,1317360000,1317440000,4514,1795
16468,1317440000,1317520000,6993,2251
16469,1317520000,1317600000,6640,2010
16470,1317600000,1317680000,9363,2718
16471,1317680000,1317760000,5356,1676
16472,1317760000,1317840000,6213,2390
16473,1317840000,1317920000,5639,1640
16474,1317920000,1318000000,11031,3197
16475,1318000000,1318080000,5766,1685
16476,1318080000,1318160000,4586,1791
16477,1318160000,1318240000,7414,2250
16478,1318240000,1318320000,6833,2011
16479,1318320000,1318400000,9620,2702
16480,1318400000,1318480000,4872,1657
16481,1318480000,1318560000,6475,2377
16482,1318560000,1318640000,5659,1626
16483,1318640000,1318720000,10845,3184
16484,1318720000,1318800000,5580,1700
16485,1318800000,1318880000,4701,1798
16486,1318880000,1318960000,7078,2249
16487,1318960000,1319040000,6792,2003
16488,1319040000,1319120000,9478,2699
16489,1319120000,1319200000,5301,1678
16490,1319200000,1319280000,6505,2383
16491,1319280000,1319360000,6232,1642
16492,1319360000,1319440000,11179,3180
16493,1319440000,1319520000,5884,1695
16494,1319520000,1319600000,4610,1795
16495,1319600000,1319680000,7363,2253
16496,1319680000,1319760000,7140,2008
16497,1319760000,1319840000,9441,2598
16498,1319840000,1319920000,5078,1557
16499,1319920000,1320000000,5965,2137
16500,1320000000,1320080000,5846,1500
16501,1320080000,1320160000,11017,3147
16502,1320160000,1320240000,5645,1634
16503,1320240000,1320320000,4394,1735
16504,1320320000,1320400000,7334,2220
16505,1320400000,1320480000,6884,1999
16506,1320480000,1320560000,9616,2691
16507,1320560000,1320640000,4816,1519
16508,1320640000,1320720000,6620,2325
16509,1320720000,1320800000,6052,1614
16510,1320800000,1320880000,11160,3173
16511,1320880000,1320960000,5683,1684
16512,1320960000,1321040000,4599,1736
16513,1321040000,1321120000,6932,2210
16514,1321120000,1321200000,6695,1994
16515,1321200000,1321280000,9206,2690
16516,1321280000,1321360000,4858,1653
16517,1321360000,1321440000,6299,2380
16518,1321440000,1321520000,5789,1623
16519,1321520000,1321600000,10946,3173
16520,1321600000,1321680000,5401,1694
16521,1321680000,1321760000,4299,1798
16522,1321760000,1321840000,6824,2241
16523,1321840000,1321920000,6339,1987
16524,1321920000,1322000000,6547,2318
16525,1322000000,1322080000,7113,2326
16526,1322080000,1322160000,7436,2715
16527,1322160000,1322240000,10688,3171
16528,1322240000,1322320000,4579,1452
16529,1322320000,1322400000,5992,2278
16530,1322400000,1322480000,4398,1470
16531,1322480000,1322560000,10843,3130
16532,1322560000,1322640000,5881,1718
16533,1322640000,1322720000,5023,1871
16534,1322720000,1322800000,6452,2262
16535,1322800000,1322880000,5573,1588
16536,1322880000,1322960000,10954,3189
16537,1322960000,1323040000,4558,1520
16538,1323040000,1323120000,6036,2335
16539,1323120000,1323200000,5281,1661
16540,1323200000,1323280000,10903,3143
16541,1323280000,1323360000,5298,1725
16542,1323360000,1323440000,4657,1871
16543,1323440000,1323520000,6764,2291
16544,1323520000,1323600000,5677,1602
16545,1323600000,1323680000,10465,3188
16546,1323680000,1323760000,4106,1519
16547,1323760000,1323840000,6108,2329
16548,1323840000,1323920000,5675,1679
16549,1323920000,1324000000,10801,3142
16550,1324000000,1324080000,6015,1732
16551,1324080000,1324160000,4932,1875
16552,1324160000,1324240000,6931,2291
16553,1324240000,1324320000,5785,1602
16554,1324320000,1324400000,10933,3185
16555,1324400000,1324480000,5097,1518
16556,1324480000,1324560000,6401,2331
16557,1324560000,1324640000,5882,1674
16558,1324640000,1324720000,10804,3122
16559,1324720000,1324800000,5942,1737
16560,1324800000,1324880000,4891,1877
16561,1324880000,1324960000,6720,2285
16562,1324960000,1325040000,5921,1602
16563,1325040000,1325120000,10582,3173
16564,1325120000,1325200000,4780,1520
16565,1325200000,1325280000,6155,2335
16566,1325280000,1325360000,5738,1667
16567,1325360000,1325440000,11130,3131
16568,1325440000,1325520000,6018,1720
16569,1325520000,1325600000,4987,1877
16570,1325600000,1325680000,7063,2280
16571,1325680000,1325760000,6124,1601
16572,1325760000,1325840000,10729,3093
16573,1325840000,1325920000,4447,1403
16574,1325920000,1326000000,6054,2258
16575,1326000000,1326080000,5301,1542
16576,1326080000,1326160000,10800,3114
16577,1326160000,1326240000,6202,1729
16578,1326240000,1326320000,5202,1876
16579,1326320000,1326400000,6809,2282
16580,1326400000,1326480000,5989,1592
16581,1326480000,1326560000,10740,3170
16582,1326560000,1326640000,5098,1514
16583,1326640000,1326720000,6180,2328
16584,1326720000,1326800000,5776,1666
16585,1326800000,1326880000,10949,3129
16586,1326880000,1326960000,6083,1727
16587,1326960000,1327040000,5004,1874
16588,1327040000,1327120000,6712,2280
16589,1327120000,1327200000,6126,1595
16590,1327200000,1327280000,10703,3168
16591,1327280000,1327360000,4470,1500
16592,1327360000,1327440000,5791,2188
16593,1327440000,1327520000,5699,1567
16594,1327520000,1327600000,10958,3098
16595,1327600000,1327680000,5395,1667
16596,1327680000,1327760000,4687,1826
16597,1327760000,1327840000,6756,2250
16598,1327840000,1327920000,5948,1616
16599,1327920000,1328000000,6358,2326
16600,1328000000,1328080000,8115,2609
16601,1328080000,1328160000,7108,2585
16602,1328160000,1328240000,11011,3334
16603,1328240000,1328320000,4479,1442
16604,1328320000,1328400000,5871,2313
16605,1328400000,1328480000,5396,1707
16606,1328480000,1328560000,9360,2830
16607,1328560000,1328640000,7109,1982
16608,1328640000,1328720000,4316,1546
16609,1328720000,1328800000,6397,2251
16610,1328800000,1328880000,5522,1648
16611,1328880000,1328960000,11119,3117
16612,1328960000,1329040000,4397,1435
16613,1329040000,1329120000,5852,2251
16614,1329120000,1329200000,6036,1825
16615,1329200000,1329280000,9361,2843
16616,1329280000,1329360000,6962,1970
16617,1329360000,1329440000,3985,1388
16618,1329440000,1329520000,6732,2389
16619,1329520000,1329600000,5616,1720
16620,1329600000,1329680000,10707,3146
16621,1329680000,1329760000,4556,1479
16622,1329760000,1329840000,5743,2266
16623,1329840000,1329920000,5622,1793
16624,1329920000,1330000000,9108,2844
16625,1330000000,1330080000,7100,1988
16626,1330080000,1330160000,4578,1558
16627,1330160000,1330240000,6810,2424
16628,1330240000,1330320000,6085,1728
16629,1330320000,1330400000,10806,3148
16630,1330400000,1330480000,4592,1488
16631,1330480000,1330560000,5682,2330
16632,1330560000,1330640000,6210,1840
16633,1330640000,1330720000,9249,2840
16634,1330720000,1330800000,6989,1981
16635,1330800000,1330880000,4253,1561
16636,1330880000,1330960000,6501,2428
16637,1330960000,1331040000,6106,1728
16638,1331040000,1331120000,10736,3135
16639,1331120000,1331200000,4606,1490
16640,1331200000,1331280000,5874,2323
16641,1331280000,1331360000,6410,1845
16642,1331360000,1331440000,9543,2828
16643,1331440000,1331520000,7461,1985
16644,1331520000,1331600000,4404,1566
16645,1331600000,1331680000,7095,2430
16646,1331680000,1331760000,6424,1728
16647,1331760000,1331840000,10879,3090
16648,1331840000,1331920000,4435,1359
16649,1331920000,1332000000,5905,2257
16650,1332000000,1332080000,5873,1704
16651,1332080000,1332160000,9266,2808
16652,1332160000,1332240000,7120,1987
16653,1332240000,1332320000,4599,1564
16654,1332320000,1332400000,6832,2426
16655,1332400000,1332480000,6066,1718
16656,1332480000,1332560000,10812,3138
16657,1332560000,1332640000,4791,1494
16658,1332640000,1332720000,5739,2330
16659,1332720000,1332800000,6153,1827
16660,1332800000,1332880000,9363,2821
16661,1332880000,1332960000,7427,1963
16662,1332960000,1333040000,4559,1569
16663,1333040000,1333120000,7083,2414
16664,1333120000,1333200000,6168,1724
16665,1333200000,1333280000,10845,3128
16666,1333280000,1333360000,4636,1454
16667,1333360000,1333440000,5663,2300
16668,1333440000,1333520000,5489,1812
16669,1333520000,1333600000,9294,2827
16670,1333600000,1333680000,7086,1980
16671,1333680000,1333760000,4848,1566
16672,1333760000,1333840000,6617,2420
16673,1333840000,1333920000,5853,1747
16674,1333920000,1334000000,6208,2191
16675,1334000000,1334080000,8713,2742
16676,1334080000,1334160000,6834,2383
16677,1334160000,1334240000,11133,3450
16678,1334240000,1334320000,4894,1606
16679,1334320000,1334400000,4675,1808
16680,1334400000,1334480000,6389,2049
16681,1334480000,1334560000,7855,2375
16682,1334560000,1334640000,8939,2422
16683,1334640000,1334720000,4296,1531
16684,1334720000,1334800000,6384,2420
16685,1334800000,1334880000,6281,1846
16686,1334880000,1334960000,10649,3004
16687,1334960000,1335040000,5867,1678
16688,1335040000,1335120000,4937,1812
16689,1335120000,1335200000,6695,2155
16690,1335200000,1335280000,8058,2413
16691,1335280000,1335360000,8687,2436
16692,1335360000,1335440000,4610,1546
16693,1335440000,1335520000,6518,2432
16694,1335520000,1335600000,6303,1853
16695,1335600000,1335680000,10232,3006
16696,1335680000,1335760000,5357,1682
16697,1335760000,1335840000,4519,1808
16698,1335840000,1335920000,6780,2165
16699,1335920000,1336000000,7893,2417
16700,1336000000,1336080000,9052,2429
16701,1336080000,1336160000,4839,1548
16702,1336160000,1336240000,6408,2272
16703,1336240000,1336320000,6678,1777
16704,1336320000,1336400000,10460,2972
16705,1336400000,1336480000,5467,1617
16706,1336480000,1336560000,4581,1739
16707,1336560000,1336640000,7201,2161
16708,1336640000,1336720000,8050,2414
16709,1336720000,1336800000,8657,2415
16710,1336800000,1336880000,4057,1381
16711,1336880000,1336960000,6635,2409
16712,1336960000,1337040000,6575,1854
16713,1337040000,1337120000,10388,2989
16714,1337120000,1337200000,5577,1668
16715,1337200000,1337280000,4598,1750
16716,1337280000,1337360000,6833,2135
16717,1337360000,1337440000,8057,2403
16718,1337440000,1337520000,8837,2432
16719,1337520000,1337600000,4753,1554
16720,1337600000,1337680000,6680,2441
16721,1337680000,1337760000,6755,1857
16722,1337760000,1337840000,10394,2957
16723,1337840000,1337920000,4712,1548
16724,1337920000,1338000000,4252,1744
16725,1338000000,1338080000,6561,2046
16726,1338080000,1338160000,7913,2367
16727,1338160000,1338240000,8464,2422
16728,1338240000,1338320000,4366,1526
16729,1338320000,1338400000,6448,2442
16730,1338400000,1338480000,6468,1857
16731,1338480000,1338560000,10323,2986
16732,1338560000,1338640000,5504,1683
16733,1338640000,1338720000,4513,1809
16734,1338720000,1338800000,6915,2171
16735,1338800000,1338880000,7913,2403
16736,1338880000,1338960000,9107,2422
16737,1338960000,1339040000,4697,1547
16738,1339040000,1339120000,6888,2446
16739,1339120000,1339200000,6617,1854
16740,1339200000,1339280000,10487,2986
16741,1339280000,1339360000,5358,1654
16742,1339360000,1339440000,4763,1812
16743,1339440000,1339520000,6886,2163
16744,1339520000,1339600000,8075,2403
16745,1339600000,1339680000,8804,2426
16746,1339680000,1339760000,4572,1547
16747,1339760000,1339840000,6446,2434
16748,1339840000,1339920000,6881,1852
16749,1339920000,1340000000,6084,2159
16750,1340000000,1340080000,8590,2638
16751,1340080000,1340160000,6383,2304
16752,1340160000,1340240000,11381,3630
16753,1340240000,1340320000,5511,1641
16754,1340320000,1340400000,4497,1796
16755,1340400000,1340480000,6537,2156
16756,1340480000,1340560000,6368,1948
16757,1340560000,1340640000,9861,2702
16758,1340640000,1340720000,5120,1670
16759,1340720000,1340800000,6612,2383
16760,1340800000,1340880000,5331,1627
16761,1340880000,1340960000,11515,3192
16762,1340960000,1341040000,5748,1698
16763,1341040000,1341120000,4710,1795
16764,1341120000,1341200000,6868,2238
16765,1341200000,1341280000,6792,2000
16766,1341280000,1341360000,9437,2700
16767,1341360000,1341440000,5117,1671
16768,1341440000,1341520000,6357,2391
16769,1341520000,1341600000,5930,1638
16770,1341600000,1341680000,11024,3204
16771,1341680000,1341760000,5487,1688
16772,1341760000,1341840000,4405,1795
16773,1341840000,1341920000,7265,2253
16774,1341920000,1342000000,6739,2007
16775,1342000000,1342080000,9612,2711
16776,1342080000,1342160000,4856,1661
16777,1342160000,1342240000,6670,2377
16778,1342240000,1342320000,5986,1634
16779,1342320000,1342400000,11103,3197
16780,1342400000,1342480000,5824,1699
16781,1342480000,1342560000,4792,1798
16782,1342560000,1342640000,7219,2250
16783,1342640000,1342720000,6975,2011
16784,1342720000,1342800000,9392,2705
16785,1342800000,1342880000,5166,1670
16786,1342880000,1342960000,6368,2383
16787,1342960000,1343040000,5995,1639
16788,1343040000,1343120000,11022,3185
16789,1343120000,1343200000,5918,1702
16790,1343200000,1343280000,4473,1771
16791,1343280000,1343360000,7231,2252
16792,1343360000,1343440000,7058,2002
16793,1343440000,1343520000,9854,2692
16794,1343520000,1343600000,5394,1677
16795,1343600000,1343680000,6228,2213
16796,1343680000,1343760000,5869,1552
16797,1343760000,1343840000,11269,3121
16798,1343840000,1343920000,5727,1581
16799,1343920000,1344000000,4181,1651
16800,1344000000,1344080000,6909,2103
16801,1344080000,1344160000,6786,1950
16802,1344160000,1344240000,9557,2689
16803,1344240000,1344320000,4780,1515
16804,1344320000,1344400000,6596,2325
16805,1344400000,1344480000,6062,1621
16806,1344480000,1344560000,11118,3189
16807,1344560000,1344640000,5746,1689
16808,1344640000,1344720000,4415,1732
16809,1344720000,1344800000,6803,2210
16810,1344800000,1344880000,6621,1991
16811,1344880000,1344960000,9710,2696
16812,1344960000,1345040000,5244,1671
16813,1345040000,1345120000,6439,2380
16814,1345120000,1345200000,6008,1627
16815,1345200000,1345280000,11163,3183
16816,1345280000,1345360000,5413,1695
16817,1345360000,1345440000,4214,1778
16818,1345440000,1345520000,6754,2240
16819,1345520000,1345600000,6846,1997
16820,1345600000,1345680000,9461,2694
16821,1345680000,1345760000,4953,1671
16822,1345760000,1345840000,6103,2383
16823,1345840000,1345920000,6099,1626
16824,1345920000,1346000000,6330,2208
16825,1346000000,1346080000,8721,2744
16826,1346080000,1346160000,6369,2184
16827,1346160000,1346240000,10993,3698
16828,1346240000,1346320000,5668,1668
16829,1346320000,1346400000,5035,1871
16830,1346400000,1346480000,6295,2211
16831,1346480000,1346560000,5289,1518
16832,1346560000,1346640000,10885,3186
16833,1346640000,1346720000,4534,1511
16834,1346720000,1346800000,5981,2338
16835,1346800000,1346880000,5100,1661
16836,1346880000,1346960000,11147,3148
16837,1346960000,1347040000,5723,1737
16838,1347040000,1347120000,4802,1876
16839,1347120000,1347200000,6476,2282
16840,1347200000,1347280000,5893,1589
16841,1347280000,1347360000,10658,3192
16842,1347360000,1347440000,4326,1518
16843,1347440000,1347520000,6099,2331
16844,1347520000,1347600000,5733,1664
16845,1347600000,1347680000,10581,3144
16846,1347680000,1347760000,6049,1737
16847,1347760000,1347840000,4645,1876
16848,1347840000,1347920000,6459,2282
16849,1347920000,1348000000,5794,1593
16850,1348000000,1348080000,10968,3184
16851,1348080000,1348160000,4781,1500
16852,1348160000,1348240000,6359,2327
16853,1348240000,1348320000,5944,1671
16854,1348320000,1348400000,11052,3141
16855,1348400000,1348480000,6207,1733
16856,1348480000,1348560000,5083,1874
16857,1348560000,1348640000,6736,2289
16858,1348640000,1348720000,6034,1601
16859,1348720000,1348800000,10705,3173
16860,1348800000,1348880000,4813,1523
16861,1348880000,1348960000,5944,2338
16862,1348960000,1349040000,5541,1674
16863,1349040000,1349120000,10994,3134
16864,1349120000,1349200000,6035,1719
16865,1349200000,1349280000,4960,1877
16866,1349280000,1349360000,7101,2287
16867,1349360000,1349440000,6241,1588
16868,1349440000,1349520000,11105,3180
16869,1349520000,1349600000,4773,1509
16870,1349600000,1349680000,6197,2323
16871,1349680000,1349760000,5661,1664
16872,1349760000,1349840000,11012,3104
16873,1349840000,1349920000,5934,1640
16874,1349920000,1350000000,4972,1781
16875,1350000000,1350080000,6507,2183
16876,1350080000,1350160000,5681,1513
16877,1350160000,1350240000,10827,3176
16878,1350240000,1350320000,4922,1519
16879,1350320000,1350400000,6232,2327
16880,1350400000,1350480000,5847,1670
16881,1350480000,1350560000,10780,3126
16882,1350560000,1350640000,6144,1735
16883,1350640000,1350720000,4964,1877
16884,1350720000,1350800000,6853,2280
16885,1350800000,1350880000,6133,1587
16886,1350880000,1350960000,11141,3166
16887,1350960000,1351040000,5099,1519
16888,1351040000,1351120000,5966,2188
16889,1351120000,1351200000,5524,1567
16890,1351200000,1351280000,11010,3102
16891,1351280000,1351360000,6001,1665
16892,1351360000,1351440000,4734,1805
16893,1351440000,1351520000,6584,2252
16894,1351520000,1351600000,6050,1587
16895,1351600000,1351680000,10915,3166
16896,1351680000,1351760000,4427,1398
16897,1351760000,1351840000,6070,2241
16898,1351840000,1351920000,5510,1653
16899,1351920000,1352000000,6344,2199
16900,1352000000,1352080000,8421,2757
16901,1352080000,1352160000,6143,2017
16902,1352160000,1352240000,10314,3711
16903,1352240000,1352320000,7114,1930
16904,1352320000,1352400000,4308,1544
16905,1352400000,1352480000,6274,2199
16906,1352480000,1352560000,4999,1446
16907,1352560000,1352640000,11162,3125
16908,1352640000,1352720000,4184,1433
16909,1352720000,1352800000,5777,2249
16910,1352800000,1352880000,5489,1735
16911,1352880000,1352960000,9455,2835
16912,1352960000,1353040000,7486,1969
16913,1353040000,1353120000,4011,1388
16914,1353120000,1353200000,6732,2390
16915,1353200000,1353280000,6115,1713
16916,1353280000,1353360000,10937,3148
16917,1353360000,1353440000,4402,1477
16918,1353440000,1353520000,5756,2264
16919,1353520000,1353600000,5978,1795
16920,1353600000,1353680000,9112,2847
16921,1353680000,1353760000,7003,1987
16922,1353760000,1353840000,4504,1567
16923,1353840000,1353920000,6579,2416
16924,1353920000,1354000000,6289,1721
16925,1354000000,1354080000,10669,3139
16926,1354080000,1354160000,4694,1494
16927,1354160000,1354240000,5702,2330
16928,1354240000,1354320000,6204,1834
16929,1354320000,1354400000,9291,2839
16930,1354400000,1354480000,7252,1991
16931,1354480000,1354560000,4476,1566
16932,1354560000,1354640000,6451,2428
16933,1354640000,1354720000,6521,1725
16934,1354720000,1354800000,10528,3139
16935,1354800000,1354880000,4403,1488
16936,1354880000,1354960000,5720,2325
16937,1354960000,1355040000,6399,1841
16938,1355040000,1355120000,9230,2836
16939,1355120000,1355200000,7465,1988
16940,1355200000,1355280000,4382,1565
16941,1355280000,1355360000,6754,2428
16942,1355360000,1355440000,6423,1715
16943,1355440000,1355520000,11241,3132
16944,1355520000,1355600000,4970,1496
16945,1355600000,1355680000,6069,2327
16946,1355680000,1355760000,6583,1837
16947,1355760000,1355840000,9544,2809
16948,1355840000,1355920000,7206,1888
16949,1355920000,1356000000,4289,1479
16950,1356000000,1356080000,6515,2329
16951,1356080000,1356160000,6192,1622
16952,1356160000,1356240000,10904,3126
16953,1356240000,1356320000,4828,1490
16954,1356320000,1356400000,5694,2330
16955,1356400000,1356480000,6396,1834
16956,1356480000,1356560000,9318,2835
16957,1356560000,1356640000,7336,1971
16958,1356640000,1356720000,4333,1566
16959,1356720000,1356800000,6981,2426
16960,1356800000,1356880000,6283,1715
16961,1356880000,1356960000,11120,3130
16962,1356960000,1357040000,4699,1479
16963,1357040000,1357120000,5943,2324
16964,1357120000,1357200000,6363,1816
16965,1357200000,1357280000,9406,2834
16966,1357280000,1357360000,6987,1985
16967,1357360000,1357440000,4548,1541
16968,1357440000,1357520000,6671,2427
16969,1357520000,1357600000,5951,1715
16970,1357600000,1357680000,10809,3116
16971,1357680000,1357760000,4736,1490
16972,1357760000,1357840000,5872,2323
16973,1357840000,1357920000,6131,1831
16974,1357920000,1358000000,6512,2139
16975,1358000000,1358080000,8493,2776
16976,1358080000,1358160000,5783,1888
16977,1358160000,1358240000,9096,3292
16978,1358240000,1358320000,8807,2371
16979,1358320000,1358400000,4150,1515
16980,1358400000,1358480000,6586,2416
16981,1358480000,1358560000,5656,1711
16982,1358560000,1358640000,10578,3002
16983,1358640000,1358720000,5633,1669
16984,1358720000,1358800000,4840,1813
16985,1358800000,1358880000,6405,2153
16986,1358880000,1358960000,7954,2418
16987,1358960000,1359040000,8862,2436
16988,1359040000,1359120000,4661,1546
16989,1359120000,1359200000,6769,2432
16990,1359200000,1359280000,6389,1848
16991,1359280000,1359360000,10361,2993
16992,1359360000,1359440000,5273,1674
16993,1359440000,1359520000,4569,1809
16994,1359520000,1359600000,6761,2167
16995,1359600000,1359680000,7713,2422
16996,1359680000,1359760000,8678,2436
16997,1359760000,1359840000,4584,1554
16998,1359840000,1359920000,6207,2272
16999,1359920000,1360000000,6508,1776
17000,1360000000,1360080000,10399,2976
17001,1360080000,1360160000,5421,1620
17002,1360160000,1360240000,4644,1739
17003,1360240000,1360320000,7368,2163
17004,1360320000,1360400000,8050,2418
17005,1360400000,1360480000,8982,2405
17006,1360480000,1360560000,4302,1387
17007,1360560000,1360640000,6915,2409
17008,1360640000,1360720000,7032,1853
17009,1360720000,1360800000,10279,2986
17010,1360800000,1360880000,5385,1664
17011,1360880000,1360960000,4510,1747
17012,1360960000,1361040000,6818,2131
17013,1361040000,1361120000,7895,2405
17014,1361120000,1361200000,8674,2420
17015,1361200000,1361280000,4832,1556
17016,1361280000,1361360000,6535,2440
17017,1361360000,1361440000,7020,1848
17018,1361440000,1361520000,10469,2979
17019,1361520000,1361600000,5604,1681
17020,1361600000,1361680000,4462,1812
17021,1361680000,1361760000,7037,2163
17022,1361760000,1361840000,8077,2408
17023,1361840000,1361920000,8654,2324
17024,1361920000,1362000000,4277,1451
17025,1362000000,1362080000,6057,2358
17026,1362080000,1362160000,6142,1745
17027,1362160000,1362240000,10275,2983
17028,1362240000,1362320000,5255,1670
17029,1362320000,1362400000,4554,1809
17030,1362400000,1362480000,6828,2166
17031,1362480000,1362560000,7806,2412
17032,1362560000,1362640000,8759,2416
17033,1362640000,1362720000,4209,1545
17034,1362720000,1362800000,6593,2446
17035,1362800000,1362880000,6733,1848
17036,1362880000,1362960000,10736,2979
17037,1362960000,1363040000,5637,1675
17038,1363040000,1363120000,4873,1812
17039,1363120000,1363200000,7202,2151
17040,1363200000,1363280000,8159,2410
17041,1363280000,1363360000,8985,2424
17042,1363360000,1363440000,4510,1525
17043,1363440000,1363520000,6408,2434
17044,1363520000,1363600000,6078,1843
17045,1363600000,1363680000,10527,2977
17046,1363680000,1363760000,5591,1675
17047,1363760000,1363840000,4541,1812
17048,1363840000,1363920000,6547,2153
17049,1363920000,1364000000,6563,2155
17050,1364000000,1364080000,7655,2589
17051,1364080000,1364160000,6591,2137
17052,1364160000,1364240000,7875,2925
17053,1364240000,1364320000,9579,2687
17054,1364320000,1364400000,4848,1635
17055,1364400000,1364480000,6619,2370
17056,1364480000,1364560000,4890,1497
17057,1364560000,1364640000,11410,3199
17058,1364640000,1364720000,5550,1695
17059,1364720000,1364800000,4573,1795
17060,1364800000,1364880000,6684,2241
17061,1364880000,1364960000,6524,2004
17062,1364960000,1365040000,9821,2712
17063,1365040000,1365120000,5191,1668
17064,1365120000,1365200000,6300,2387
17065,1365200000,1365280000,5337,1621
17066,1365280000,1365360000,11354,3200
17067,1365360000,1365440000,5514,1679
17068,1365440000,1365520000,4437,1791
17069,1365520000,1365600000,7327,2248
17070,1365600000,1365680000,6729,2007
17071,1365680000,1365760000,9646,2714
17072,1365760000,1365840000,4682,1656
17073,1365840000,1365920000,6451,2375
17074,1365920000,1366000000,6131,1635
17075,1366000000,1366080000,11041,3190
17076,1366080000,1366160000,5951,1698
17077,1366160000,1366240000,4823,1798
17078,1366240000,1366320000,7288,2253
17079,1366320000,1366400000,6949,2009
17080,1366400000,1366480000,9659,2700
17081,1366480000,1366560000,5408,1676
17082,1366560000,1366640000,6528,2383
17083,1366640000,1366720000,5843,1639
17084,1366720000,1366800000,10900,3187
17085,1366800000,1366880000,5681,1695
17086,1366880000,1366960000,4360,1795
17087,1366960000,1367040000,7032,2248
17088,1367040000,1367120000,6724,2003
17089,1367120000,1367200000,9748,2697
17090,1367200000,1367280000,5342,1673
17091,1367280000,1367360000,6206,2215
17092,1367360000,1367440000,6032,1567
17093,1367440000,1367520000,11220,3135
17094,1367520000,1367600000,5534,1642
17095,1367600000,1367680000,4426,1739
17096,1367680000,1367760000,7425,2227
17097,1367760000,1367840000,7014,2010
17098,1367840000,1367920000,9460,2575
17099,1367920000,1368000000,4470,1395
17100,1368000000,1368080000,6433,2255
17101,1368080000,1368160000,5565,1517
17102,1368160000,1368240000,11121,3165
17103,1368240000,1368320000,5777,1686
17104,1368320000,1368400000,4450,1732
17105,1368400000,1368480000,6884,2213
17106,1368480000,1368560000,6748,1995
17107,1368560000,1368640000,9565,2696
17108,1368640000,1368720000,5089,1670
17109,1368720000,1368800000,6428,2378
17110,1368800000,1368880000,5939,1632
17111,1368880000,1368960000,11124,3171
17112,1368960000,1369040000,5800,1698
17113,1369040000,1369120000,4493,1798
17114,1369120000,1369200000,6922,2239
17115,1369200000,1369280000,6754,2005
17116,1369280000,1369360000,9422,2694
17117,1369360000,1369440000,4985,1653
17118,1369440000,1369520000,6097,2384
17119,1369520000,1369600000,5355,1627
17120,1369600000,1369680000,11029,3174
17121,1369680000,1369760000,5761,1695
17122,1369760000,1369840000,4348,1795
17123,1369840000,1369920000,7072,2238
17124,1369920000,1370000000,6443,1989
17125,1370000000,1370080000,6785,2317
17126,1370080000,1370160000,7357,2348
17127,1370160000,1370240000,7538,2719
17128,1370240000,1370320000,10793,3174
17129,1370320000,1370400000,4434,1480
17130,1370400000,1370480000,5939,2321
17131,1370480000,1370560000,4745,1543
17132,1370560000,1370640000,11068,3138
17133,1370640000,1370720000,5790,1728
17134,1370720000,1370800000,4766,1872
17135,1370800000,1370880000,6369,2279
17136,1370880000,1370960000,5729,1597
17137,1370960000,1371040000,11114,3185
17138,1371040000,1371120000,4631,1520
17139,1371120000,1371200000,6172,2329
17140,1371200000,1371280000,5730,1663
17141,1371280000,1371360000,10957,3145
17142,1371360000,1371440000,5971,1732
17143,1371440000,1371520000,4819,1878
17144,1371520000,1371600000,6584,2283
17145,1371600000,1371680000,5915,1600
17146,1371680000,1371760000,10624,3192
17147,1371760000,1371840000,4790,1523
17148,1371840000,1371920000,6259,2334
17149,1371920000,1372000000,5285,1667
17150,1372000000,1372080000,10820,3140
17151,1372080000,1372160000,6272,1738
17152,1372160000,1372240000,5125,1874
17153,1372240000,1372320000,6542,2287
17154,1372320000,1372400000,5684,1604
17155,1372400000,1372480000,10919,3181
17156,1372480000,1372560000,4996,1524
17157,1372560000,1372640000,6081,2337
17158,1372640000,1372720000,5553,1677
17159,1372720000,1372800000,10985,3137
17160,1372800000,1372880000,5747,1689
17161,1372880000,1372960000,4761,1847
17162,1372960000,1373040000,6828,2287
17163,1373040000,1373120000,5908,1602
17164,1373120000,1373200000,10904,3169
17165,1373200000,1373280000,4638,1506
17166,1373280000,1373360000,6108,2322
17167,1373360000,1373440000,5813,1675
17168,1373440000,1373520000,11095,3125
17169,1373520000,1373600000,6199,1732
17170,1373600000,1373680000,5289,1875
17171,1373680000,1373760000,6975,2292
17172,1373760000,1373840000,6584,1604
17173,1373840000,1373920000,10738,3093
17174,1373920000,1374000000,4514,1397
17175,1374000000,1374080000,5964,2257
17176,1374080000,1374160000,5722,1556
17177,1374160000,1374240000,10853,3114
17178,1374240000,1374320000,6144,1731
17179,1374320000,1374400000,4888,1872
17180,1374400000,1374480000,6951,2290
17181,1374480000,1374560000,6168,1597
17182,1374560000,1374640000,10939,3170
17183,1374640000,1374720000,4937,1518
17184,1374720000,1374800000,5889,2186
17185,1374800000,1374880000,5686,1574
17186,1374880000,1374960000,11035,3096
17187,1374960000,1375040000,6010,1667
17188,1375040000,1375120000,4966,1826
17189,1375120000,1375200000,6948,2252
17190,1375200000,1375280000,6222,1595
17191,1375280000,1375360000,10865,3158
17192,1375360000,1375440000,4530,1399
17193,1375440000,1375520000,6134,2241
17194,1375520000,1375600000,5399,1656
17195,1375600000,1375680000,10945,3126
17196,1375680000,1375760000,5837,1724
17197,1375760000,1375840000,4842,1818
17198,1375840000,1375920000,6508,2241
17199,1375920000,1376000000,5501,1602
17200,1376000000,1376080000,6439,2325
17201,1376080000,1376160000,8363,2609
17202,1376160000,1376240000,7168,2563
17203,1376240000,1376320000,11164,3308
17204,1376320000,1376400000,3831,1304
17205,1376400000,1376480000,5774,2240
17206,1376480000,1376560000,5391,1704
17207,1376560000,1376640000,9429,2833
17208,1376640000,1376720000,7081,1918
17209,1376720000,1376800000,3915,1380
17210,1376800000,1376880000,6634,2390
17211,1376880000,1376960000,5830,1720
17212,1376960000,1377040000,11342,3154
17213,1377040000,1377120000,5143,1475
17214,1377120000,1377200000,5873,2266
17215,1377200000,1377280000,5888,1789
17216,1377280000,1377360000,9494,2844
17217,1377360000,1377440000,7269,1991
17218,1377440000,1377520000,4679,1566
17219,1377520000,1377600000,6479,2416
17220,1377600000,1377680000,6348,1726
17221,1377680000,1377760000,10745,3158
17222,1377760000,1377840000,4730,1494
17223,1377840000,1377920000,5525,2304
17224,1377920000,1378000000,6051,1828
17225,1378000000,1378080000,9296,2845
17226,1378080000,1378160000,7512,1982
17227,1378160000,1378240000,4512,1565
17228,1378240000,1378320000,6597,2430
17229,1378320000,1378400000,6310,1726
17230,1378400000,1378480000,10888,3140
17231,1378480000,1378560000,4961,1494
17232,1378560000,1378640000,5827,2325
17233,1378640000,1378720000,6712,1841
17234,1378720000,1378800000,9409,2839
17235,1378800000,1378880000,7255,1981
17236,1378880000,1378960000,4222,1570
17237,1378960000,1379040000,6702,2430
17238,1379040000,1379120000,6580,1728
17239,1379120000,1379200000,10934,3137
17240,1379200000,1379280000,5167,1490
17241,1379280000,1379360000,6008,2327
17242,1379360000,1379440000,6788,1839
17243,1379440000,1379520000,9579,2829
17244,1379520000,1379600000,7648,1989
17245,1379600000,1379680000,4548,1563
17246,1379680000,1379760000,6832,2426
17247,1379760000,1379840000,6635,1726
17248,1379840000,1379920000,11009,3086
17249,1379920000,1380000000,4770,1355
17250,1380000000,1380080000,5571,2258
17251,1380080000,1380160000,6020,1707
17252,1380160000,1380240000,9399,2809
17253,1380240000,1380320000,7362,1971
17254,1380320000,1380400000,4237,1557
17255,1380400000,1380480000,6981,2426
17256,1380480000,1380560000,6543,1724
17257,1380560000,1380640000,10976,3132
17258,1380640000,1380720000,4731,1470
17259,1380720000,1380800000,5812,2326
17260,1380800000,1380880000,6173,1830
17261,1380880000,1380960000,9384,2826
17262,1380960000,1381040000,7478,1977
17263,1381040000,1381120000,4801,1538
17264,1381120000,1381200000,6873,2430
17265,1381200000,1381280000,6360,1728
17266,1381280000,1381360000,10947,3126
17267,1381360000,1381440000,4579,1470
17268,1381440000,1381520000,5861,2323
17269,1381520000,1381600000,6221,1835
17270,1381600000,1381680000,9369,2826
17271,1381680000,1381760000,7183,1979
17272,1381760000,1381840000,4463,1563
17273,1381840000,1381920000,6574,2416
17274,1381920000,1382000000,6134,1753
17275,1382000000,1382080000,6110,2190
17276,1382080000,1382160000,8981,2742
17277,1382160000,1382240000,6988,2383
17278,1382240000,1382320000,11260,3461
17279,1382320000,1382400000,5218,1620
17280,1382400000,1382480000,4874,1812
17281,1382480000,1382560000,6366,2054
17282,1382560000,1382640000,8051,2375
17283,1382640000,1382720000,8914,2436
17284,1382720000,1382800000,4356,1524
17285,1382800000,1382880000,6632,2430
17286,1382880000,1382960000,6619,1849
17287,1382960000,1383040000,10884,3000
17288,1383040000,1383120000,5316,1674
17289,1383120000,1383200000,4657,1808
17290,1383200000,1383280000,6788,2153
17291,1383280000,1383360000,8075,2415
17292,1383360000,1383440000,8813,2427
17293,1383440000,1383520000,4470,1550
17294,1383520000,1383600000,6265,2272
17295,1383600000,1383680000,6350,1771
17296,1383680000,1383760000,10331,2980
17297,1383760000,1383840000,5233,1622
17298,1383840000,1383920000,4529,1742
17299,1383920000,1384000000,6818,2167
17300,1384000000,1384080000,7842,2413
17301,1384080000,1384160000,9067,2418
17302,1384160000,1384240000,4299,1383
17303,1384240000,1384320000,6867,2407
17304,1384320000,1384400000,6773,1854
17305,1384400000,1384480000,10619,3000
17306,1384480000,1384560000,5949,1673
17307,1384560000,1384640000,4598,1747
17308,1384640000,1384720000,6848,2141
17309,1384720000,1384800000,7957,2406
17310,1384800000,1384880000,8791,2430
17311,1384880000,1384960000,4767,1552
17312,1384960000,1385040000,6571,2440
17313,1385040000,1385120000,6535,1857
17314,1385120000,1385200000,10418,2985
17315,1385200000,1385280000,5578,1684
17316,1385280000,1385360000,4417,1812
17317,1385360000,1385440000,6896,2167
17318,1385440000,1385520000,8235,2407
17319,1385520000,1385600000,8970,2426
17320,1385600000,1385680000,4515,1552
17321,1385680000,1385760000,6439,2446
17322,1385760000,1385840000,7107,1857
17323,1385840000,1385920000,10499,2949
17324,1385920000,1386000000,4861,1548
17325,1386000000,1386080000,4368,1740
17326,1386080000,1386160000,6792,2032
17327,1386160000,1386240000,8135,2371
17328,1386240000,1386320000,8567,2422
17329,1386320000,1386400000,4374,1551
17330,1386400000,1386480000,6572,2438
17331,1386480000,1386560000,6830,1856
17332,1386560000,1386640000,10442,2990
17333,1386640000,1386720000,5868,1682
17334,1386720000,1386800000,4775,1809
17335,1386800000,1386880000,6856,2155
17336,1386880000,1386960000,8070,2403
17337,1386960000,1387040000,9224,2424
17338,1387040000,1387120000,4649,1547
17339,1387120000,1387200000,6442,2434
17340,1387200000,1387280000,6986,1848
17341,1387280000,1387360000,10539,2968
17342,1387360000,1387440000,4961,1654
17343,1387440000,1387520000,4533,1812
17344,1387520000,1387600000,6323,2153
17345,1387600000,1387680000,7745,2403
17346,1387680000,1387760000,8712,2408
17347,1387760000,1387840000,4218,1548
17348,1387840000,1387920000,6843,2432
17349,1387920000,1388000000,6370,1845
17350,1388000000,1388080000,6262,2158
17351,1388080000,1388160000,8750,2638
17352,1388160000,1388240000,6458,2305
17353,1388240000,1388320000,11336,3619
17354,1388320000,1388400000,5366,1639
17355,1388400000,1388480000,4532,1793
17356,1388480000,1388560000,6404,2155
17357,1388560000,1388640000,6415,1948
17358,1388640000,1388720000,9888,2702
17359,1388720000,1388800000,4836,1667
17360,1388800000,1388880000,6253,2387
17361,1388880000,1388960000,5245,1626
17362,1388960000,1389040000,11650,3194
17363,1389040000,1389120000,5230,1678
17364,1389120000,1389200000,4567,1795
17365,1389200000,1389280000,7220,2241
17366,1389280000,1389360000,6856,2001
17367,1389360000,1389440000,9783,2710
17368,1389440000,1389520000,4689,1653
17369,1389520000,1389600000,6464,2372
17370,1389600000,1389680000,5615,1629
17371,1389680000,1389760000,11022,3207
17372,1389760000,1389840000,5997,1699
17373,1389840000,1389920000,4775,1798
17374,1389920000,1390000000,6737,2239
17375,1390000000,1390080000,6747,2004
17376,1390080000,1390160000,9921,2711
17377,1390160000,1390240000,5213,1668
17378,1390240000,1390320000,6610,2383
17379,1390320000,1390400000,6095,1631
17380,1390400000,1390480000,11148,3190
17381,1390480000,1390560000,5679,1704
17382,1390560000,1390640000,4566,1795
17383,1390640000,1390720000,7241,2251
17384,1390720000,1390800000,6975,2007
17385,1390800000,1390880000,9596,2691
17386,1390880000,1390960000,4990,1670
17387,1390960000,1391040000,6163,2216
17388,1391040000,1391120000,5743,1564
17389,1391120000,1391200000,11118,3154
17390,1391200000,1391280000,5653,1647
17391,1391280000,1391360000,4434,1739
17392,1391360000,1391440000,7300,2227
17393,1391440000,1391520000,6981,2005
17394,1391520000,1391600000,9835,2691
17395,1391600000,1391680000,4790,1523
17396,1391680000,1391760000,6547,2328
17397,1391760000,1391840000,6149,1631
17398,1391840000,1391920000,11387,3151
17399,1391920000,1392000000,5449,1578
17400,1392000000,1392080000,4265,1658
17401,1392080000,1392160000,6762,2134
17402,1392160000,1392240000,6926,1955
17403,1392240000,1392320000,9521,2682
17404,1392320000,1392400000,5306,1670
17405,1392400000,1392480000,6425,2380
17406,1392480000,1392560000,6082,1640
17407,1392560000,1392640000,11143,3187
17408,1392640000,1392720000,5651,1699
17409,1392720000,1392800000,4342,1798
17410,1392800000,1392880000,6868,2252
17411,1392880000,1392960000,6889,1999
17412,1392960000,1393040000,9819,2692
17413,1393040000,1393120000,5031,1675
17414,1393120000,1393200000,6370,2388
17415,1393200000,1393280000,6011,1631
17416,1393280000,1393360000,11199,3178
17417,1393360000,1393440000,5320,1698
17418,1393440000,1393520000,4275,1775
17419,1393520000,1393600000,6860,2240
17420,1393600000,1393680000,6690,1996
17421,1393680000,1393760000,9629,2692
17422,1393760000,1393840000,4960,1674
17423,1393840000,1393920000,6490,2386
17424,1393920000,1394000000,5776,1620
17425,1394000000,1394080000,6297,2208
17426,1394080000,1394160000,8695,2744
17427,1394160000,1394240000,6349,2184
17428,1394240000,1394320000,11052,3693
17429,1394320000,1394400000,5533,1673
17430,1394400000,1394480000,4731,1872
17431,1394480000,1394560000,6180,2214
17432,1394560000,1394640000,5280,1518
17433,1394640000,1394720000,10834,3188
17434,1394720000,1394800000,4496,1518
17435,1394800000,1394880000,6112,2331
17436,1394880000,1394960000,5217,1664
17437,1394960000,1395040000,11061,3142
17438,1395040000,1395120000,6255,1737
17439,1395120000,1395200000,4766,1876
17440,1395200000,1395280000,6555,2282
17441,1395280000,1395360000,5843,1593
17442,1395360000,1395440000,10673,3182
17443,1395440000,1395520000,4945,1524
17444,1395520000,1395600000,6334,2331
17445,1395600000,1395680000,5776,1677
17446,1395680000,1395760000,10607,3146
17447,1395760000,1395840000,6018,1737
17448,1395840000,1395920000,4911,1874
17449,1395920000,1396000000,6639,2287
17450,1396000000,1396080000,6047,1593
17451,1396080000,1396160000,11000,3180
17452,1396160000,1396240000,4829,1521
17453,1396240000,1396320000,6034,2338
17454,1396320000,1396400000,5907,1669
17455,1396400000,1396480000,11108,3139
17456,1396480000,1396560000,6024,1720
17457,1396560000,1396640000,4983,1873
17458,1396640000,1396720000,7124,2290
17459,1396720000,1396800000,6104,1600
17460,1396800000,1396880000,11042,3181
17461,1396880000,1396960000,4407,1486
17462,1396960000,1397040000,6076,2325
17463,1397040000,1397120000,5548,1668
17464,1397120000,1397200000,10864,3119
17465,1397200000,1397280000,6479,1738
17466,1397280000,1397360000,5270,1878
17467,1397360000,1397440000,6820,2290
17468,1397440000,1397520000,6175,1596
17469,1397520000,1397600000,11219,3178
17470,1397600000,1397680000,5209,1523
17471,1397680000,1397760000,6220,2330
17472,1397760000,1397840000,6049,1676
17473,1397840000,1397920000,11085,3102
17474,1397920000,1398000000,6127,1630
17475,1398000000,1398080000,4666,1781
17476,1398080000,1398160000,6497,2173
17477,1398160000,1398240000,6190,1524
17478,1398240000,1398320000,10998,3162
17479,1398320000,1398400000,4996,1515
17480,1398400000,1398480000,5911,2186
17481,1398480000,1398560000,5898,1576
17482,1398560000,1398640000,10846,3095
17483,1398640000,1398720000,6095,1672
17484,1398720000,1398800000,4846,1822
17485,1398800000,1398880000,6936,2251
17486,1398880000,1398960000,6349,1588
17487,1398960000,1399040000,11200,3164
17488,1399040000,1399120000,4752,1398
17489,1399120000,1399200000,6283,2242
17490,1399200000,1399280000,5862,1655
17491,1399280000,1399360000,11090,3134
17492,1399360000,1399440000,6056,1730
17493,1399440000,1399520000,4896,1799
17494,1399520000,1399600000,6600,2241
17495,1399600000,1399680000,5608,1578
17496,1399680000,1399760000,11037,3170
17497,1399760000,1399840000,4749,1519
17498,1399840000,1399920000,6136,2329
17499,1399920000,1400000000,5530,1663
17500,1400000000,1400080000,6481,2200
17501,1400080000,1400160000,8514,2757
17502,1400160000,1400240000,6220,2007
17503,1400240000,1400320000,10297,3709
17504,1400320000,1400400000,7054,1904
17505,1400400000,1400480000,3978,1381
17506,1400480000,1400560000,6627,2343
17507,1400560000,1400640000,5513,1606
17508,1400640000,1400720000,11060,3144
17509,1400720000,1400800000,4684,1473
17510,1400800000,1400880000,5699,2253
17511,1400880000,1400960000,5585,1790
17512,1400960000,1401040000,9524,2845
17513,1401040000,1401120000,7238,1987
17514,1401120000,1401200000,4783,1564
17515,1401200000,1401280000,6831,2416
17516,1401280000,1401360000,6134,1717
17517,1401360000,1401440000,10711,3144
17518,1401440000,1401520000,4990,1494
17519,1401520000,1401600000,5628,2330
17520,1401600000,1401680000,5521,1834
17521,1401680000,1401760000,8872,2847
17522,1401760000,1401840000,7253,1996
17523,1401840000,1401920000,4404,1569
17524,1401920000,1402000000,6501,2429
17525,1402000000,1402080000,5362,1717
17526,1402080000,1402160000,10658,3131
17527,1402160000,1402240000,4953,1494
17528,1402240000,1402320000,5884,2325
17529,1402320000,1402400000,6160,1835
17530,1402400000,1402480000,9252,2839
17531,1402480000,1402560000,7521,1991
17532,1402560000,1402640000,4475,1570
17533,1402640000,1402720000,6905,2428
17534,1402720000,1402800000,6195,1717
17535,1402800000,1402880000,10595,3131
17536,1402880000,1402960000,5098,1488
17537,1402960000,1403040000,5978,2325
17538,1403040000,1403120000,6471,1841
17539,1403120000,1403200000,9183,2836
17540,1403200000,1403280000,7767,1984
17541,1403280000,1403360000,4604,1561
17542,1403360000,1403440000,6738,2426
17543,1403440000,1403520000,6087,1723
17544,1403520000,1403600000,11303,3128
17545,1403600000,1403680000,5176,1490
17546,1403680000,1403760000,5788,2328
17547,1403760000,1403840000,6416,1830
17548,1403840000,1403920000,9525,2812
17549,1403920000,1404000000,7564,1884
17550,1404000000,1404080000,4159,1476
17551,1404080000,1404160000,6764,2319
17552,1404160000,1404240000,6043,1630
17553,1404240000,1404320000,11157,3132
17554,1404320000,1404400000,4724,1472
17555,1404400000,1404480000,5799,2326
17556,1404480000,1404560000,6351,1820
17557,1404560000,1404640000,9371,2832
17558,1404640000,1404720000,7662,1991
17559,1404720000,1404800000,4690,1561
17560,1404800000,1404880000,6793,2420
17561,1404880000,1404960000,6599,1721
17562,1404960000,1405040000,11204,3128
17563,1405040000,1405120000,4919,1490
17564,1405120000,1405200000,5943,2323
17565,1405200000,1405280000,6437,1834
17566,1405280000,1405360000,9447,2833
17567,1405360000,1405440000,7267,1980
17568,1405440000,1405520000,4305,1541
17569,1405520000,1405600000,6558,2416
17570,1405600000,1405680000,5716,1715
17571,1405680000,1405760000,11088,3120
17572,1405760000,1405840000,4522,1488
17573,1405840000,1405920000,5500,2165
17574,1405920000,1406000000,5679,1728
17575,1406000000,1406080000,6295,2121
17576,1406080000,1406160000,8387,2776
17577,1406160000,1406240000,5946,1888
17578,1406240000,1406320000,9065,3290
17579,1406320000,1406400000,8808,2367
17580,1406400000,1406480000,4646,1530
17581,1406480000,1406560000,6491,2422
17582,1406560000,1406640000,5736,1714
17583,1406640000,1406720000,10649,3004
17584,1406720000,1406800000,5326,1670
17585,1406800000,1406880000,4590,1809
17586,1406880000,1406960000,6462,2154
17587,1406960000,1407040000,7971,2416
17588,1407040000,1407120000,8979,2434
17589,1407120000,1407200000,4637,1546
17590,1407200000,1407280000,6165,2262
17591,1407280000,1407360000,6212,1770
17592,1407360000,1407440000,10432,2979
17593,1407440000,1407520000,5045,1608
17594,1407520000,1407600000,4471,1715
17595,1407600000,1407680000,6665,2153
17596,1407680000,1407760000,7682,2422
17597,1407760000,1407840000,8631,2415
17598,1407840000,1407920000,3972,1379
17599,1407920000,1408000000,6627,2407
17600,1408000000,1408080000,6141,1845
17601,1408080000,1408160000,10404,2994
17602,1408160000,1408240000,5681,1668
17603,1408240000,1408320000,4613,1747
17604,1408320000,1408400000,6794,2129
17605,1408400000,1408480000,7764,2412
17606,1408480000,1408560000,8769,2424
17607,1408560000,1408640000,4771,1546
17608,1408640000,1408720000,6698,2442
17609,1408720000,1408800000,6575,1848
17610,1408800000,1408880000,10201,2986
17611,1408880000,1408960000,5253,1674
17612,1408960000,1409040000,4363,1813
17613,1409040000,1409120000,6708,2171
17614,1409120000,1409200000,7770,2409
17615,1409200000,1409280000,8792,2426
17616,1409280000,1409360000,4726,1556
17617,1409360000,1409440000,6434,2446
17618,1409440000,1409520000,6449,1848
17619,1409520000,1409600000,10467,2983
17620,1409600000,1409680000,5731,1679
17621,1409680000,1409760000,4573,1808
17622,1409760000,1409840000,6975,2161
17623,1409840000,1409920000,7998,2408
17624,1409920000,1410000000,8667,2324
17625,1410000000,1410080000,4283,1454
17626,1410080000,1410160000,6454,2358
17627,1410160000,1410240000,6152,1742
17628,1410240000,1410320000,10299,2977
17629,1410320000,1410400000,5611,1674
17630,1410400000,1410480000,4748,1809
17631,1410480000,1410560000,6913,2169
17632,1410560000,1410640000,7807,2408
17633,1410640000,1410720000,8915,2422
17634,1410720000,1410800000,4612,1523
17635,1410800000,1410880000,6664,2440
17636,1410880000,1410960000,6459,1851
17637,1410960000,1411040000,10720,2975
17638,1411040000,1411120000,5719,1675
17639,1411120000,1411200000,4633,1812
17640,1411200000,1411280000,6942,2155
17641,1411280000,1411360000,8199,2410
17642,1411360000,1411440000,8788,2403
17643,1411440000,1411520000,3977,1530
17644,1411520000,1411600000,6624,2432
17645,1411600000,1411680000,6899,1852
17646,1411680000,1411760000,10774,2981
17647,1411760000,1411840000,5181,1661
17648,1411840000,1411920000,4564,1808
17649,1411920000,1412000000,6681,2145
17650,1412000000,1412080000,6764,2153
17651,1412080000,1412160000,7836,2589
17652,1412160000,1412240000,6724,2137
17653,1412240000,1412320000,7857,2925
17654,1412320000,1412400000,9546,2693
17655,1412400000,1412480000,4783,1611
17656,1412480000,1412560000,6157,2371
17657,1412560000,1412640000,4836,1500
17658,1412640000,1412720000,11442,3195
17659,1412720000,1412800000,4989,1679
17660,1412800000,1412880000,4463,1791
17661,1412880000,1412960000,6950,2239
17662,1412960000,1413040000,6825,2006
17663,1413040000,1413120000,10149,2704
17664,1413120000,1413200000,4860,1654
17665,1413200000,1413280000,6427,2371
17666,1413280000,1413360000,5821,1623
17667,1413360000,1413440000,11192,3191
17668,1413440000,1413520000,5602,1694
17669,1413520000,1413600000,4717,1798
17670,1413600000,1413680000,6969,2240
17671,1413680000,1413760000,6679,2012
17672,1413760000,1413840000,9452,2714
17673,1413840000,1413920000,5106,1677
17674,1413920000,1414000000,6445,2380
17675,1414000000,1414080000,5628,1631
17676,1414080000,1414160000,11026,3195
17677,1414160000,1414240000,5789,1701
17678,1414240000,1414320000,4618,1795
17679,1414320000,1414400000,7204,2243
17680,1414400000,1414480000,6973,2010
17681,1414480000,1414560000,9769,2702
17682,1414560000,1414640000,5229,1670
17683,1414640000,1414720000,6170,2215
17684,1414720000,1414800000,5921,1559
17685,1414800000,1414880000,11008,3160
17686,1414880000,1414960000,5230,1638
17687,1414960000,1415040000,4291,1735
17688,1415040000,1415120000,7245,2226
17689,1415120000,1415200000,6775,2003
17690,1415200000,1415280000,9784,2688
17691,1415280000,1415360000,4719,1520
17692,1415360000,1415440000,6662,2328
17693,1415440000,1415520000,5849,1625
17694,1415520000,1415600000,11241,3173
17695,1415600000,1415680000,5995,1688
17696,1415680000,1415760000,4455,1708
17697,1415760000,1415840000,6965,2224
17698,1415840000,1415920000,6780,2002
17699,1415920000,1416000000,9416,2602
17700,1416000000,1416080000,5126,1561
17701,1416080000,1416160000,6220,2302
17702,1416160000,1416240000,5278,1527
17703,1416240000,1416320000,10968,3165
17704,1416320000,1416400000,5510,1693
17705,1416400000,1416480000,4335,1798
17706,1416480000,1416560000,6968,2253
17707,1416560000,1416640000,6559,2005
17708,1416640000,1416720000,9515,2704
17709,1416720000,1416800000,5066,1670
17710,1416800000,1416880000,6249,2387
17711,1416880000,1416960000,5849,1632
17712,1416960000,1417040000,11164,3174
17713,1417040000,1417120000,5756,1695
17714,1417120000,1417200000,4503,1795
17715,1417200000,1417280000,7331,2250
17716,1417280000,1417360000,7026,2003
17717,1417360000,1417440000,9514,2694
17718,1417440000,1417520000,4696,1652
17719,1417520000,1417600000,6370,2390
17720,1417600000,1417680000,5846,1628
17721,1417680000,1417760000,11078,3171
17722,1417760000,1417840000,5623,1694
17723,1417840000,1417920000,4662,1798
17724,1417920000,1418000000,7331,2247
17725,1418000000,1418080000,6474,1985
17726,1418080000,1418160000,6963,2317
17727,1418160000,1418240000,7385,2348
17728,1418240000,1418320000,7511,2719
17729,1418320000,1418400000,10708,3162
17730,1418400000,1418480000,4318,1480
17731,1418480000,1418560000,6109,2316
17732,1418560000,1418640000,4960,1540
17733,1418640000,1418720000,11050,3134
17734,1418720000,1418800000,5857,1725
17735,1418800000,1418880000,4764,1875
17736,1418880000,1418960000,6534,2280
17737,1418960000,1419040000,5873,1596
17738,1419040000,1419120000,11136,3187
17739,1419120000,1419200000,4963,1520
17740,1419200000,1419280000,6448,2334
17741,1419280000,1419360000,5616,1663
17742,1419360000,1419440000,10917,3141
17743,1419440000,1419520000,6131,1737
17744,1419520000,1419600000,5023,1877
17745,1419600000,1419680000,6744,2288
17746,1419680000,1419760000,5844,1604
17747,1419760000,1419840000,10669,3188
17748,1419840000,1419920000,5086,1525
17749,1419920000,1420000000,5947,2335
17750,1420000000,1420080000,5422,1677
17751,1420080000,1420160000,10953,3143
17752,1420160000,1420240000,6243,1721
17753,1420240000,1420320000,5024,1873
17754,1420320000,1420400000,7094,2288
17755,1420400000,1420480000,6133,1604
17756,1420480000,1420560000,11108,3177
17757,1420560000,1420640000,4673,1504
17758,1420640000,1420720000,6138,2325
17759,1420720000,1420800000,5457,1664
17760,1420800000,1420880000,10858,3133
17761,1420880000,1420960000,6021,1730
17762,1420960000,1421040000,5178,1878
17763,1421040000,1421120000,6732,2292
17764,1421120000,1421200000,6069,1594
17765,1421200000,1421280000,10878,3169
17766,1421280000,1421360000,5051,1525
17767,1421360000,1421440000,6172,2329
17768,1421440000,1421520000,6074,1679
17769,1421520000,1421600000,11065,3129
17770,1421600000,1421680000,6337,1733
17771,1421680000,1421760000,5083,1874
17772,1421760000,1421840000,7036,2290
17773,1421840000,1421920000,6357,1603
17774,1421920000,1422000000,10876,3085
17775,1422000000,1422080000,4837,1397
17776,1422080000,1422160000,5743,2122
17777,1422160000,1422240000,5554,1501
17778,1422240000,1422320000,10955,3092
17779,1422320000,1422400000,6049,1671
17780,1422400000,1422480000,4840,1820
17781,1422480000,1422560000,6976,2252
17782,1422560000,1422640000,6184,1591
17783,1422640000,1422720000,10905,3160
17784,1422720000,1422800000,4666,1397
17785,1422800000,1422880000,6230,2244
17786,1422880000,1422960000,5910,1649
17787,1422960000,1423040000,11066,3125
17788,1423040000,1423120000,6167,1724
17789,1423120000,1423200000,5038,1818
17790,1423200000,1423280000,6662,2241
17791,1423280000,1423360000,5835,1582
17792,1423360000,1423440000,10721,3164
17793,1423440000,1423520000,4558,1500
17794,1423520000,1423600000,6074,2330
17795,1423600000,1423680000,5561,1659
17796,1423680000,1423760000,10919,3125
17797,1423760000,1423840000,5839,1723
17798,1423840000,1423920000,4734,1876
17799,1423920000,1424000000,6571,2283
17800,1424000000,1424080000,5707,1615
17801,1424080000,1424160000,6618,2325
17802,1424160000,1424240000,8438,2587
17803,1424240000,1424320000,7261,2581
17804,1424320000,1424400000,11220,3337
17805,1424400000,1424480000,4567,1433
17806,1424480000,1424560000,5750,2255
17807,1424560000,1424640000,5010,1634
17808,1424640000,1424720000,9377,2827
17809,1424720000,1424800000,7351,1973
17810,1424800000,1424880000,4557,1560
17811,1424880000,1424960000,6548,2405
17812,1424960000,1425040000,5745,1705
17813,1425040000,1425120000,11262,3150
17814,1425120000,1425200000,4578,1490
17815,1425200000,1425280000,5750,2328
17816,1425280000,1425360000,5906,1824
17817,1425360000,1425440000,9383,2842
17818,1425440000,1425520000,6933,1984
17819,1425520000,1425600000,4150,1557
17820,1425600000,1425680000,6711,2428
17821,1425680000,1425760000,5969,1726
17822,1425760000,1425840000,10740,3152
17823,1425840000,1425920000,4073,1490
17824,1425920000,1426000000,5797,2323
17825,1426000000,1426080000,6245,1841
17826,1426080000,1426160000,9268,2843
17827,1426160000,1426240000,7337,1984
17828,1426240000,1426320000,4465,1566
17829,1426320000,1426400000,6954,2428
17830,1426400000,1426480000,6088,1726
17831,1426480000,1426560000,10944,3146
17832,1426560000,1426640000,5094,1488
17833,1426640000,1426720000,6126,2325
17834,1426720000,1426800000,6513,1837
17835,1426800000,1426880000,9295,2825
17836,1426880000,1426960000,7264,1985
17837,1426960000,1427040000,4440,1570
17838,1427040000,1427120000,6690,2422
17839,1427120000,1427200000,6240,1728
17840,1427200000,1427280000,10807,3135
17841,1427280000,1427360000,4719,1490
17842,1427360000,1427440000,5840,2328
17843,1427440000,1427520000,6411,1830
17844,1427520000,1427600000,9547,2831
17845,1427600000,1427680000,7583,1973
17846,1427680000,1427760000,4524,1569
17847,1427760000,1427840000,7103,2416
17848,1427840000,1427920000,6413,1726
17849,1427920000,1428000000,11155,3080
17850,1428000000,1428080000,4470,1361
17851,1428080000,1428160000,5663,2254
17852,1428160000,1428240000,5948,1695
17853,1428240000,1428320000,9336,2807
17854,1428320000,1428400000,7592,1981
17855,1428400000,1428480000,4817,1567
17856,1428480000,1428560000,6841,2420
17857,1428560000,1428640000,6288,1718
17858,1428640000,1428720000,10997,3132
17859,1428720000,1428800000,5122,1484
17860,1428800000,1428880000,5886,2321
17861,1428880000,1428960000,6403,1829
17862,1428960000,1429040000,9445,2830
17863,1429040000,1429120000,7523,1981
17864,1429120000,1429200000,4519,1562
17865,1429200000,1429280000,6707,2416
17866,1429280000,1429360000,6411,1720
17867,1429360000,1429440000,11013,3126
17868,1429440000,1429520000,4355,1470
17869,1429520000,1429600000,5515,2189
17870,1429600000,1429680000,6260,1729
17871,1429680000,1429760000,9428,2798
17872,1429760000,1429840000,6927,1917
17873,1429840000,1429920000,4182,1536
17874,1429920000,1430000000,6690,2363
17875,1430000000,1430080000,6382,1747
17876,1430080000,1430160000,6165,2190
17877,1430160000,1430240000,8969,2742
17878,1430240000,1430320000,6997,2383
17879,1430320000,1430400000,11174,3449
17880,1430400000,1430480000,5106,1620
17881,1430480000,1430560000,4649,1808
17882,1430560000,1430640000,6233,2054
17883,1430640000,1430720000,7805,2375
17884,1430720000,1430800000,8834,2423
17885,1430800000,1430880000,4317,1542
17886,1430880000,1430960000,6231,2262
17887,1430960000,1431040000,5896,1771
17888,1431040000,1431120000,10831,2972
17889,1431120000,1431200000,5014,1618
17890,1431200000,1431280000,4627,1742
17891,1431280000,1431360000,6723,2147
17892,1431360000,1431440000,7988,2415
17893,1431440000,1431520000,8621,2415
17894,1431520000,1431600000,4011,1381
17895,1431600000,1431680000,6592,2398
17896,1431680000,1431760000,6006,1846
17897,1431760000,1431840000,10385,2996
17898,1431840000,1431920000,5225,1668
17899,1431920000,1432000000,4551,1750
17900,1432000000,1432080000,6364,2125
17901,1432080000,1432160000,7681,2411
17902,1432160000,1432240000,8814,2433
17903,1432240000,1432320000,4603,1544
17904,1432320000,1432400000,6618,2440
17905,1432400000,1432480000,6528,1857
17906,1432480000,1432560000,10587,3000
17907,1432560000,1432640000,5283,1677
17908,1432640000,1432720000,4465,1813
17909,1432720000,1432800000,6818,2169
17910,1432800000,1432880000,7981,2414
17911,1432880000,1432960000,8682,2424
17912,1432960000,1433040000,4329,1546
17913,1433040000,1433120000,6291,2444
17914,1433120000,1433200000,6510,1857
17915,1433200000,1433280000,10379,2983
17916,1433280000,1433360000,5260,1678
17917,1433360000,1433440000,4593,1808
17918,1433440000,1433520000,7070,2173
17919,1433520000,1433600000,8147,2403
17920,1433600000,1433680000,9050,2426
17921,1433680000,1433760000,4455,1551
17922,1433760000,1433840000,6891,2448
17923,1433840000,1433920000,6834,1856
17924,1433920000,1434000000,10526,2955
17925,1434000000,1434080000,5058,1546
17926,1434080000,1434160000,4656,1744
17927,1434160000,1434240000,6628,2036
17928,1434240000,1434320000,7822,2367
17929,1434320000,1434400000,8634,2426
17930,1434400000,1434480000,4647,1549
17931,1434480000,1434560000,6688,2444
17932,1434560000,1434640000,6462,1848
17933,1434640000,1434720000,10449,2988
17934,1434720000,1434800000,5467,1683
17935,1434800000,1434880000,4562,1813
17936,1434880000,1434960000,6751,2156
17937,1434960000,1435040000,8039,2407
17938,1435040000,1435120000,9110,2394
17939,1435120000,1435200000,4666,1554
17940,1435200000,1435280000,6881,2430
17941,1435280000,1435360000,6586,1853
17942,1435360000,1435440000,10674,2980
17943,1435440000,1435520000,5310,1642
17944,1435520000,1435600000,4472,1784
17945,1435600000,1435680000,6182,2141
17946,1435680000,1435760000,7864,2403
17947,1435760000,1435840000,8818,2420
17948,1435840000,1435920000,4916,1551
17949,1435920000,1436000000,6470,2438
17950,1436000000,1436080000,6300,1844
17951,1436080000,1436160000,6304,2158
17952,1436160000,1436240000,8820,2638
17953,1436240000,1436320000,6489,2304
17954,1436320000,1436400000,11482,3622
17955,1436400000,1436480000,5178,1624
17956,1436480000,1436560000,4485,1793
17957,1436560000,1436640000,6725,2150
17958,1436640000,1436720000,6480,1948
17959,1436720000,1436800000,10006,2692
17960,1436800000,1436880000,4802,1653
17961,1436880000,1436960000,6302,2371
17962,1436960000,1437040000,5375,1622
17963,1437040000,1437120000,11490,3195
17964,1437120000,1437200000,5960,1699
17965,1437200000,1437280000,4982,1798
17966,1437280000,1437360000,6884,2242
17967,1437360000,1437440000,6849,2001
17968,1437440000,1437520000,9702,2706
17969,1437520000,1437600000,5077,1670
17970,1437600000,1437680000,6433,2379
17971,1437680000,1437760000,5499,1631
17972,1437760000,1437840000,11035,3202
17973,1437840000,1437920000,5663,1702
17974,1437920000,1438000000,4328,1795
17975,1438000000,1438080000,6910,2247
17976,1438080000,1438160000,6739,2009
17977,1438160000,1438240000,9923,2701
17978,1438240000,1438320000,5361,1672
17979,1438320000,1438400000,6231,2215
17980,1438400000,1438480000,5937,1565
17981,1438480000,1438560000,11192,3161
17982,1438560000,1438640000,5705,1641
17983,1438640000,1438720000,4429,1735
17984,1438720000,1438800000,7280,2227
17985,1438800000,1438880000,6975,2011
17986,1438880000,1438960000,9572,2694
17987,1438960000,1439040000,4580,1519
17988,1439040000,1439120000,6454,2328
17989,1439120000,1439200000,5767,1636
17990,1439200000,1439280000,11180,3186
17991,1439280000,1439360000,5734,1689
17992,1439360000,1439440000,4612,1736
17993,1439440000,1439520000,6926,2219
17994,1439520000,1439600000,6898,1998
17995,1439600000,1439680000,9852,2698
17996,1439680000,1439760000,5198,1677
17997,1439760000,1439840000,6462,2382
17998,1439840000,1439920000,6027,1642
17999,1439920000,1440000000,11264,3151
18000,1440000000,1440080000,5068,1592
18001,1440080000,1440160000,4037,1704
18002,1440160000,1440240000,6710,2139
18003,1440240000,1440320000,6716,1953
18004,1440320000,1440400000,9544,2690
18005,1440400000,1440480000,4755,1649
18006,1440480000,1440560000,6276,2384
18007,1440560000,1440640000,5697,1639
18008,1440640000,1440720000,11091,3182
18009,1440720000,1440800000,5736,1704
18010,1440800000,1440880000,4345,1795
18011,1440880000,1440960000,7027,2251
18012,1440960000,1441040000,6749,2001
18013,1441040000,1441120000,9813,2692
18014,1441120000,1441200000,5327,1670
18015,1441200000,1441280000,6689,2391
18016,1441280000,1441360000,5845,1635
18017,1441360000,1441440000,11205,3181
18018,1441440000,1441520000,5569,1695
18019,1441520000,1441600000,4574,1778
18020,1441600000,1441680000,7026,2244
18021,1441680000,1441760000,6897,2001
18022,1441760000,1441840000,9578,2696
18023,1441840000,1441920000,5113,1670
18024,1441920000,1442000000,6366,2382
18025,1442000000,1442080000,6073,1632
18026,1442080000,1442160000,6303,2207
18027,1442160000,1442240000,9052,2744
18028,1442240000,1442320000,6541,2184
18029,1442320000,1442400000,11155,3696
18030,1442400000,1442480000,5940,1673
18031,1442480000,1442560000,4886,1872
18032,1442560000,1442640000,6475,2218
18033,1442640000,1442720000,5295,1518
18034,1442720000,1442800000,11090,3184
18035,1442800000,1442880000,4871,1518
18036,1442880000,1442960000,6352,2332
18037,1442960000,1443040000,5151,1662
18038,1443040000,1443120000,11189,3146
18039,1443120000,1443200000,6145,1732
18040,1443200000,1443280000,5140,1875
18041,1443280000,1443360000,6662,2279
18042,1443360000,1443440000,5838,1589
18043,1443440000,1443520000,10682,3182
18044,1443520000,1443600000,4844,1518
18045,1443600000,1443680000,6083,2337
18046,1443680000,1443760000,5770,1677
18047,1443760000,1443840000,10621,3142
18048,1443840000,1443920000,5983,1720
18049,1443920000,1444000000,4813,1877
18050,1444000000,1444080000,7050,2290
18051,1444080000,1444160000,5901,1600
18052,1444160000,1444240000,11107,3186
18053,1444240000,1444320000,4663,1509
18054,1444320000,1444400000,6268,2325
18055,1444400000,1444480000,5848,1672
18056,1444480000,1444560000,11026,3140
18057,1444560000,1444640000,6336,1738
18058,1444640000,1444720000,5276,1875
18059,1444720000,1444800000,6903,2292
18060,1444800000,1444880000,6182,1601
18061,1444880000,1444960000,10922,3181
18062,1444960000,1445040000,4928,1518
18063,1445040000,1445120000,6077,2328
18064,1445120000,1445200000,5721,1676
18065,1445200000,1445280000,10972,3132
18066,1445280000,1445360000,6403,1733
18067,1445360000,1445440000,4929,1853
18068,1445440000,1445520000,6838,2290
18069,1445520000,1445600000,6330,1595
18070,1445600000,1445680000,11287,3168
18071,1445680000,1445760000,5159,1525
18072,1445760000,1445840000,5981,2188
18073,1445840000,1445920000,5621,1568
18074,1445920000,1446000000,11122,3071
18075,1446000000,1446080000,6242,1624
18076,1446080000,1446160000,4651,1739
18077,1446160000,1446240000,6664,2144
18078,1446240000,1446320000,5840,1517
18079,1446320000,1446400000,11003,3166
18080,1446400000,1446480000,4622,1394
18081,1446480000,1446560000,6221,2244
18082,1446560000,1446640000,5885,1656
18083,1446640000,1446720000,10890,3127
18084,1446720000,1446800000,6335,1736
18085,1446800000,1446880000,4841,1815
18086,1446880000,1446960000,6581,2241
18087,1446960000,1447040000,5692,1578
18088,1447040000,1447120000,11225,3170
18089,1447120000,1447200000,4976,1519
18090,1447200000,1447280000,6195,2330
18091,1447280000,1447360000,5784,1663
18092,1447360000,1447440000,11115,3133
18093,1447440000,1447520000,5939,1727
18094,1447520000,1447600000,4641,1855
18095,1447600000,1447680000,6459,2282
18096,1447680000,1447760000,6004,1588
18097,1447760000,1447840000,10998,3168
18098,1447840000,1447920000,4721,1519
18099,1447920000,1448000000,5840,2333
18100,1448000000,1448080000,5837,1663
18101,1448080000,1448160000,6826,2199
18102,1448160000,1448240000,9091,2757
18103,1448240000,1448320000,6336,2017
18104,1448320000,1448400000,10405,3711
18105,1448400000,1448480000,7203,1927
18106,1448480000,1448560000,4501,1557
18107,1448560000,1448640000,6477,2384
18108,1448640000,1448720000,5374,1606
18109,1448720000,1448800000,11207,3146
18110,1448800000,1448880000,4569,1481
18111,1448880000,1448960000,5614,2330
18112,1448960000,1449040000,5767,1826
18113,1449040000,1449120000,9525,2844
18114,1449120000,1449200000,7410,1996
18115,1449200000,1449280000,4350,1564
18116,1449280000,1449360000,6459,2420
18117,1449360000,1449440000,6104,1713
18118,1449440000,1449520000,10987,3152
18119,1449520000,1449600000,4375,1488
18120,1449600000,1449680000,5784,2325
18121,1449680000,1449760000,6286,1827
18122,1449760000,1449840000,9132,2846
18123,1449840000,1449920000,7434,1995
18124,1449920000,1450000000,4161,1563
18125,1450000000,1450080000,6494,2420
18126,1450080000,1450160000,6059,1717
18127,1450160000,1450240000,10805,3137
18128,1450240000,1450320000,4822,1490
18129,1450320000,1450400000,6029,2301
18130,1450400000,1450480000,6555,1835
18131,1450480000,1450560000,9372,2838
18132,1450560000,1450640000,7501,1983
18133,1450640000,1450720000,4621,1565
18134,1450720000,1450800000,6761,2426
18135,1450800000,1450880000,6307,1725
18136,1450880000,1450960000,10623,3127
18137,1450960000,1451040000,4763,1493
18138,1451040000,1451120000,5682,2330
18139,1451120000,1451200000,6129,1838
18140,1451200000,1451280000,9262,2835
18141,1451280000,1451360000,7512,1968
18142,1451360000,1451440000,4441,1570
18143,1451440000,1451520000,7131,2424
18144,1451520000,1451600000,6587,1715
18145,1451600000,1451680000,11363,3136
18146,1451680000,1451760000,4876,1480
18147,1451760000,1451840000,5891,2324
18148,1451840000,1451920000,6283,1820
18149,1451920000,1452000000,9479,2808
18150,1452000000,1452080000,7473,1893
18151,1452080000,1452160000,4551,1479
18152,1452160000,1452240000,6564,2331
18153,1452240000,1452320000,5897,1618
18154,1452320000,1452400000,11183,3132
18155,1452400000,1452480000,4893,1490
18156,1452480000,1452560000,5918,2321
18157,1452560000,1452640000,6455,1833
18158,1452640000,1452720000,9344,2832
18159,1452720000,1452800000,7567,1984
18160,1452800000,1452880000,4586,1570
18161,1452880000,1452960000,6798,2416
18162,1452960000,1453040000,6479,1715
18163,1453040000,1453120000,11293,3120
18164,1453120000,1453200000,5116,1490
18165,1453200000,1453280000,5658,2189
18166,1453280000,1453360000,6171,1729
18167,1453360000,1453440000,9402,2805
18168,1453440000,1453520000,7473,1913
18169,1453520000,1453600000,4331,1514
18170,1453600000,1453680000,6564,2364
18171,1453680000,1453760000,6341,1715
18172,1453760000,1453840000,11078,3120
18173,1453840000,1453920000,4524,1406
18174,1453920000,1454000000,5716,2202
18175,1454000000,1454080000,6092,1812
18176,1454080000,1454160000,6433,2136
18177,1454160000,1454240000,8438,2776
18178,1454240000,1454320000,6000,1888
18179,1454320000,1454400000,9158,3291
18180,1454400000,1454480000,8837,2369
18181,1454480000,1454560000,4290,1528
18182,1454560000,1454640000,6163,2234
18183,1454640000,1454720000,5331,1546
18184,1454720000,1454800000,10856,2982
18185,1454800000,1454880000,4835,1614
18186,1454880000,1454960000,4569,1739
18187,1454960000,1455040000,6274,2084
18188,1455040000,1455120000,7881,2379
18189,1455120000,1455200000,9179,2415
18190,1455200000,1455280000,4054,1381
18191,1455280000,1455360000,6593,2399
18192,1455360000,1455440000,6513,1841
18193,1455440000,1455520000,10615,2999
18194,1455520000,1455600000,5050,1664
18195,1455600000,1455680000,4567,1747
18196,1455680000,1455760000,6579,2127
18197,1455760000,1455840000,7853,2416
18198,1455840000,1455920000,8644,2429
18199,1455920000,1456000000,4505,1552
18200,1456000000,1456080000,6398,2432
18201,1456080000,1456160000,6710,1852
18202,1456160000,1456240000,10452,2992
18203,1456240000,1456320000,5362,1680
18204,1456320000,1456400000,4521,1813
18205,1456400000,1456480000,6757,2163
18206,1456480000,1456560000,8051,2416
18207,1456560000,1456640000,8895,2430
18208,1456640000,1456720000,4598,1552
18209,1456720000,1456800000,6235,2444
18210,1456800000,1456880000,6946,1856
18211,1456880000,1456960000,10326,2992
18212,1456960000,1457040000,5050,1674
18213,1457040000,1457120000,4477,1809
18214,1457120000,1457200000,6989,2169
18215,1457200000,1457280000,7965,2413
18216,1457280000,1457360000,8932,2424
18217,1457360000,1457440000,4467,1549
18218,1457440000,1457520000,6589,2446
18219,1457520000,1457600000,6797,1847
18220,1457600000,1457680000,10633,2977
18221,1457680000,1457760000,5601,1681
18222,1457760000,1457840000,4844,1812
18223,1457840000,1457920000,7165,2165
18224,1457920000,1458000000,8260,2408
18225,1458000000,1458080000,8616,2316
18226,1458080000,1458160000,4295,1454
18227,1458160000,1458240000,6331,2356
18228,1458240000,1458320000,6608,1738
18229,1458320000,1458400000,10295,2973
18230,1458400000,1458480000,5428,1674
18231,1458480000,1458560000,4527,1813
18232,1458560000,1458640000,6921,2163
18233,1458640000,1458720000,7990,2410
18234,1458720000,1458800000,8875,2406
18235,1458800000,1458880000,4398,1552
18236,1458880000,1458960000,6788,2442
18237,1458960000,1459040000,6688,1848
18238,1459040000,1459120000,10912,2981
18239,1459120000,1459200000,5377,1664
18240,1459200000,1459280000,4689,1808
18241,1459280000,1459360000,7046,2145
18242,1459360000,1459440000,8103,2410
18243,1459440000,1459520000,8758,2426
18244,1459520000,1459600000,4552,1525
18245,1459600000,1459680000,6542,2445
18246,1459680000,1459760000,6329,1847
18247,1459760000,1459840000,10602,2967
18248,1459840000,1459920000,5409,1675
18249,1459920000,1460000000,4653,1808
18250,1460000000,1460080000,6755,2159
18251,1460080000,1460160000,6763,2154
18252,1460160000,1460240000,8012,2589
18253,1460240000,1460320000,6756,2137
18254,1460320000,1460400000,8039,2925
18255,1460400000,1460480000,9882,2692
18256,1460480000,1460560000,4558,1620
18257,1460560000,1460640000,6426,2359
18258,1460640000,1460720000,4865,1497
18259,1460720000,1460800000,11387,3192
18260,1460800000,1460880000,5813,1689
18261,1460880000,1460960000,4805,1798
18262,1460960000,1461040000,6663,2240
18263,1461040000,1461120000,6569,2006
18264,1461120000,1461200000,10006,2706
18265,1461200000,1461280000,5109,1669
18266,1461280000,1461360000,6679,2379
18267,1461360000,1461440000,5543,1628
18268,1461440000,1461520000,11238,3184
18269,1461520000,1461600000,5525,1695
18270,1461600000,1461680000,4425,1795
18271,1461680000,1461760000,6917,2247
18272,1461760000,1461840000,6601,2012
18273,1461840000,1461920000,9661,2714
18274,1461920000,1462000000,5026,1677
18275,1462000000,1462080000,6052,2216
18276,1462080000,1462160000,5754,1565
18277,1462160000,1462240000,11137,3164
18278,1462240000,1462320000,5667,1644
18279,1462320000,1462400000,4484,1735
18280,1462400000,1462480000,7478,2232
18281,1462480000,1462560000,6924,2009
18282,1462560000,1462640000,9887,2687
18283,1462640000,1462720000,4846,1525
18284,1462720000,1462800000,6679,2328
18285,1462800000,1462880000,6262,1636
18286,1462880000,1462960000,11103,3180
18287,1462960000,1463040000,5558,1684
18288,1463040000,1463120000,4444,1732
18289,1463120000,1463200000,6920,2218
18290,1463200000,1463280000,6768,1996
18291,1463280000,1463360000,9594,2693
18292,1463360000,1463440000,5333,1679
18293,1463440000,1463520000,6424,2384
18294,1463520000,1463600000,6196,1631
18295,1463600000,1463680000,11323,3171
18296,1463680000,1463760000,5769,1700
18297,1463760000,1463840000,4448,1798
18298,1463840000,1463920000,7108,2247
18299,1463920000,1464000000,6931,2005
18300,1464000000,1464080000,9657,2608
18301,1464080000,1464160000,4768,1557
18302,1464160000,1464240000,5935,2305
18303,1464240000,1464320000,5332,1528
18304,1464320000,1464400000,11111,3168
18305,1464400000,1464480000,5497,1691
18306,1464480000,1464560000,4381,1795
18307,1464560000,1464640000,6989,2248
18308,1464640000,1464720000,6685,2006
18309,1464720000,1464800000,9579,2688
18310,1464800000,1464880000,4717,1667
18311,1464880000,1464960000,6417,2389
18312,1464960000,1465040000,5925,1633
18313,1465040000,1465120000,11265,3169
18314,1465120000,1465200000,5742,1694
18315,1465200000,1465280000,4795,1798
18316,1465280000,1465360000,7369,2239
18317,1465360000,1465440000,6911,2001
18318,1465440000,1465520000,9619,2688
18319,1465520000,1465600000,5034,1648
18320,1465600000,1465680000,6320,2382
18321,1465680000,1465760000,5246,1622
18322,1465760000,1465840000,11059,3167
18323,1465840000,1465920000,5745,1694
18324,1465920000,1466000000,4461,1798
18325,1466000000,1466080000,6694,2241
18326,1466080000,1466160000,6218,1987
18327,1466160000,1466240000,6854,2316
18328,1466240000,1466320000,7459,2348
18329,1466320000,1466400000,7640,2719
18330,1466400000,1466480000,10882,3157
18331,1466480000,1466560000,4560,1480
18332,1466560000,1466640000,6351,2320
18333,1466640000,1466720000,4757,1538
18334,1466720000,1466800000,11071,3137
18335,1466800000,1466880000,6042,1733
18336,1466880000,1466960000,5016,1875
18337,1466960000,1467040000,6594,2280
18338,1467040000,1467120000,5461,1596
18339,1467120000,1467200000,11154,3187
18340,1467200000,1467280000,4903,1516
18341,1467280000,1467360000,6088,2336
18342,1467360000,1467440000,5123,1657
18343,1467440000,1467520000,11076,3143
18344,1467520000,1467600000,5981,1717
18345,1467600000,1467680000,4806,1871
18346,1467680000,1467760000,7057,2289
18347,1467760000,1467840000,5989,1597
18348,1467840000,1467920000,10946,3184
18349,1467920000,1468000000,4484,1505
18350,1468000000,1468080000,6098,2322
18351,1468080000,1468160000,5946,1672
18352,1468160000,1468240000,10936,3138
18353,1468240000,1468320000,6472,1733
18354,1468320000,1468400000,5306,1875
18355,1468400000,1468480000,6960,2293
18356,1468480000,1468560000,6206,1602
18357,1468560000,1468640000,11155,3175
18358,1468640000,1468720000,5163,1524
18359,1468720000,1468800000,6195,2328
18360,1468800000,1468880000,5714,1676
18361,1468880000,1468960000,10831,3133
18362,1468960000,1469040000,6176,1734
18363,1469040000,1469120000,4832,1874
18364,1469120000,1469200000,6779,2289
18365,1469200000,1469280000,5882,1594
18366,1469280000,1469360000,11154,3167
18367,1469360000,1469440000,5109,1520
18368,1469440000,1469520000,5938,2187
18369,1469520000,1469600000,5794,1583
18370,1469600000,1469680000,11086,3082
18371,1469680000,1469760000,6000,1678
18372,1469760000,1469840000,4909,1825
18373,1469840000,1469920000,7168,2259
18374,1469920000,1470000000,6158,1602
18375,1470000000,1470080000,10928,3065
18376,1470080000,1470160000,4288,1267
18377,1470160000,1470240000,6047,2179
18378,1470240000,1470320000,5349,1545
18379,1470320000,1470400000,11010,3110
18380,1470400000,1470480000,6256,1730
18381,1470480000,1470560000,4926,1814
18382,1470560000,1470640000,6655,2242
18383,1470640000,1470720000,5867,1585
18384,1470720000,1470800000,10952,3164
18385,1470800000,1470880000,4806,1518
18386,1470880000,1470960000,6164,2327
18387,1470960000,1471040000,5730,1668
18388,1471040000,1471120000,11050,3123
18389,1471120000,1471200000,6262,1728
18390,1471200000,1471280000,4989,1875
18391,1471280000,1471360000,6669,2282
18392,1471360000,1471440000,5903,1596
18393,1471440000,1471520000,10951,3168
18394,1471520000,1471600000,4735,1500
18395,1471600000,1471680000,5830,2334
18396,1471680000,1471760000,5139,1663
18397,1471760000,1471840000,10941,3124
18398,1471840000,1471920000,6224,1726
18399,1471920000,1472000000,4764,1875
18400,1472000000,1472080000,6799,2279
18401,1472080000,1472160000,5815,1616
18402,1472160000,1472240000,6828,2324
18403,1472240000,1472320000,8665,2609
18404,1472320000,1472400000,7384,2585
18405,1472400000,1472480000,11334,3340
18406,1472480000,1472560000,4415,1442
18407,1472560000,1472640000,5681,2317
18408,1472640000,1472720000,5382,1707
18409,1472720000,1472800000,9428,2832
18410,1472800000,1472880000,7426,1986
18411,1472880000,1472960000,4340,1560
18412,1472960000,1473040000,6396,2417
18413,1473040000,1473120000,5907,1720
18414,1473120000,1473200000,11403,3146
18415,1473200000,1473280000,4651,1490
18416,1473280000,1473360000,5876,2323
18417,1473360000,1473440000,6299,1825
18418,1473440000,1473520000,9569,2843
18419,1473520000,1473600000,7385,1986
18420,1473600000,1473680000,4389,1570
18421,1473680000,1473760000,6633,2420
18422,1473760000,1473840000,6191,1724
18423,1473840000,1473920000,10841,3156
18424,1473920000,1474000000,4800,1494
18425,1474000000,1474080000,5990,2327
18426,1474080000,1474160000,5884,1831
18427,1474160000,1474240000,9246,2840
18428,1474240000,1474320000,7555,1990
18429,1474320000,1474400000,4726,1566
18430,1474400000,1474480000,6627,2423
18431,1474480000,1474560000,5896,1728
18432,1474560000,1474640000,10988,3142
18433,1474640000,1474720000,4969,1494
18434,1474720000,1474800000,5812,2330
18435,1474800000,1474880000,6187,1840
18436,1474880000,1474960000,9340,2838
18437,1474960000,1475040000,7099,1941
18438,1475040000,1475120000,4311,1539
18439,1475120000,1475200000,6914,2424
18440,1475200000,1475280000,6202,1728
18441,1475280000,1475360000,11053,3131
18442,1475360000,1475440000,4760,1476
18443,1475440000,1475520000,5789,2324
18444,1475520000,1475600000,6358,1830
18445,1475600000,1475680000,9628,2826
18446,1475680000,1475760000,7714,1983
18447,1475760000,1475840000,4823,1566
18448,1475840000,1475920000,6948,2430
18449,1475920000,1476000000,6900,1728
18450,1476000000,1476080000,11175,3080
18451,1476080000,1476160000,4444,1355
18452,1476160000,1476240000,5696,2253
18453,1476240000,1476320000,6285,1708
18454,1476320000,1476400000,9427,2808
18455,1476400000,1476480000,7608,1987
18456,1476480000,1476560000,4463,1560
18457,1476560000,1476640000,6890,2426
18458,1476640000,1476720000,6539,1724
18459,1476720000,1476800000,11219,3132
18460,1476800000,1476880000,4961,1488
18461,1476880000,1476960000,5575,2187
18462,1476960000,1477040000,6293,1736
18463,1477040000,1477120000,9419,2797
18464,1477120000,1477200000,7532,1916
18465,1477200000,1477280000,4509,1536
18466,1477280000,1477360000,6870,2364
18467,1477360000,1477440000,6580,1720
18468,1477440000,1477520000,11054,3116
18469,1477520000,1477600000,4636,1406
18470,1477600000,1477680000,5752,2202
18471,1477680000,1477760000,6001,1814
18472,1477760000,1477840000,9431,2827
18473,1477840000,1477920000,7329,1978
18474,1477920000,1478000000,4371,1517
18475,1478000000,1478080000,6526,2383
18476,1478080000,1478160000,5816,1717
18477,1478160000,1478240000,6185,2189
18478,1478240000,1478320000,9151,2742
18479,1478320000,1478400000,7058,2361
18480,1478400000,1478480000,11352,3430
18481,1478480000,1478560000,4448,1475
18482,1478560000,1478640000,4564,1742
18483,1478640000,1478720000,6201,2044
18484,1478720000,1478800000,7849,2375
18485,1478800000,1478880000,8862,2378
18486,1478880000,1478960000,3878,1359
18487,1478960000,1479040000,6520,2399
18488,1479040000,1479120000,6175,1846
18489,1479120000,1479200000,11005,3004
18490,1479200000,1479280000,5786,1664
18491,1479280000,1479360000,4674,1750
18492,1479360000,1479440000,6558,2121
18493,1479440000,1479520000,8122,2411
18494,1479520000,1479600000,8864,2434
18495,1479600000,1479680000,4769,1552
18496,1479680000,1479760000,6333,2432
18497,1479760000,1479840000,6747,1855
18498,1479840000,1479920000,10415,3008
18499,1479920000,1480000000,5443,1682
18500,1480000000,1480080000,4348,1788
18501,1480080000,1480160000,6580,2157
18502,1480160000,1480240000,8044,2417
18503,1480240000,1480320000,9125,2427
18504,1480320000,1480400000,4669,1550
18505,1480400000,1480480000,6415,2446
18506,1480480000,1480560000,6700,1855
18507,1480560000,1480640000,10617,2992
18508,1480640000,1480720000,5676,1683
18509,1480720000,1480800000,4563,1809
18510,1480800000,1480880000,7274,2169
18511,1480880000,1480960000,8203,2414
18512,1480960000,1481040000,8918,2422
18513,1481040000,1481120000,4317,1555
18514,1481120000,1481200000,6553,2448
18515,1481200000,1481280000,6961,1856
18516,1481280000,1481360000,10583,2985
18517,1481360000,1481440000,5799,1678
18518,1481440000,1481520000,4794,1812
18519,1481520000,1481600000,7297,2167
18520,1481600000,1481680000,8358,2405
18521,1481680000,1481760000,9109,2430
18522,1481760000,1481840000,4690,1547
18523,1481840000,1481920000,6645,2444
18524,1481920000,1482000000,7033,1854
18525,1482000000,1482080000,10587,2951
18526,1482080000,1482160000,5452,1542
18527,1482160000,1482240000,4422,1744
18528,1482240000,1482320000,6544,2040
18529,1482320000,1482400000,8085,2369
18530,1482400000,1482480000,8811,2410
18531,1482480000,1482560000,4359,1542
18532,1482560000,1482640000,6781,2442
18533,1482640000,1482720000,6972,1855
18534,1482720000,1482800000,10615,2982
18535,1482800000,1482880000,5446,1659
18536,1482880000,1482960000,4558,1809
18537,1482960000,1483040000,6854,2159
18538,1483040000,1483120000,7999,2403
18539,1483120000,1483200000,9212,2416
18540,1483200000,1483280000,4880,1525
18541,1483280000,1483360000,6680,2446
18542,1483360000,1483440000,6781,1856
18543,1483440000,1483520000,10763,2978
18544,1483520000,1483600000,5256,1658
18545,1483600000,1483680000,4681,1808
18546,1483680000,1483760000,6843,2163
18547,1483760000,1483840000,8022,2403
18548,1483840000,1483920000,8917,2419
18549,1483920000,1484000000,4528,1547
18550,1484000000,1484080000,6399,2434
18551,1484080000,1484160000,6602,1850
18552,1484160000,1484240000,6184,2157
18553,1484240000,1484320000,8657,2638
18554,1484320000,1484400000,6372,2306
18555,1484400000,1484480000,11367,3624
18556,1484480000,1484560000,5468,1641
18557,1484560000,1484640000,4777,1796
18558,1484640000,1484720000,6626,2156
18559,1484720000,1484800000,6667,1948
18560,1484800000,1484880000,10085,2708
18561,1484880000,1484960000,4747,1647
18562,1484960000,1485040000,6523,2376
18563,1485040000,1485120000,5762,1627
18564,1485120000,1485200000,11689,3192
18565,1485200000,1485280000,5611,1694
18566,1485280000,1485360000,4539,1795
18567,1485360000,1485440000,6980,2240
18568,1485440000,1485520000,6832,2002
18569,1485520000,1485600000,9836,2698
18570,1485600000,1485680000,4942,1673
18571,1485680000,1485760000,6104,2215
18572,1485760000,1485840000,5611,1559
18573,1485840000,1485920000,11075,3171
18574,1485920000,1486000000,5517,1645
18575,1486000000,1486080000,4372,1739
18576,1486080000,1486160000,7004,2233
18577,1486160000,1486240000,6615,2007
18578,1486240000,1486320000,9997,2700
18579,1486320000,1486400000,4819,1521
18580,1486400000,1486480000,6683,2329
18581,1486480000,1486560000,5955,1633
18582,1486560000,1486640000,11358,3193
18583,1486640000,1486720000,6068,1695
18584,1486720000,1486800000,4641,1732
18585,1486800000,1486880000,6965,2225
18586,1486880000,1486960000,6779,2000
18587,1486960000,1487040000,9637,2699
18588,1487040000,1487120000,5292,1676
18589,1487120000,1487200000,6422,2383
18590,1487200000,1487280000,5758,1639
18591,1487280000,1487360000,11187,3182
18592,1487360000,1487440000,5920,1705
18593,1487440000,1487520000,4266,1798
18594,1487520000,1487600000,6984,2251
18595,1487600000,1487680000,7049,2002
18596,1487680000,1487760000,9955,2692
18597,1487760000,1487840000,5021,1675
18598,1487840000,1487920000,6270,2387
18599,1487920000,1488000000,6288,1642
18600,1488000000,1488080000,11322,3144
18601,1488080000,1488160000,5230,1591
18602,1488160000,1488240000,4104,1701
18603,1488240000,1488320000,6896,2124
18604,1488320000,1488400000,7013,1957
18605,1488400000,1488480000,9574,2688
18606,1488480000,1488560000,4857,1673
18607,1488560000,1488640000,6446,2388
18608,1488640000,1488720000,5995,1633
18609,1488720000,1488800000,11199,3185
18610,1488800000,1488880000,6100,1704
18611,1488880000,1488960000,4626,1794
18612,1488960000,1489040000,7003,2239
18613,1489040000,1489120000,6851,1998
18614,1489120000,1489200000,10027,2694
18615,1489200000,1489280000,5177,1670
18616,1489280000,1489360000,6350,2383
18617,1489360000,1489440000,6125,1625
18618,1489440000,1489520000,11224,3163
18619,1489520000,1489600000,5227,1695
18620,1489600000,1489680000,4401,1778
18621,1489680000,1489760000,6496,2240
18622,1489760000,1489840000,6415,1995
18623,1489840000,1489920000,9680,2678
18624,1489920000,1490000000,4614,1671
18625,1490000000,1490080000,6683,2380
18626,1490080000,1490160000,5595,1625
18627,1490160000,1490240000,6257,2208
18628,1490240000,1490320000,8606,2744
18629,1490320000,1490400000,6470,2184
18630,1490400000,1490480000,11025,3692
18631,1490480000,1490560000,5669,1667
18632,1490560000,1490640000,4950,1871
18633,1490640000,1490720000,6298,2215
18634,1490720000,1490800000,5342,1518
18635,1490800000,1490880000,10845,3180
18636,1490880000,1490960000,4559,1514
18637,1490960000,1491040000,6033,2337
18638,1491040000,1491120000,5065,1661
18639,1491120000,1491200000,11096,3144
18640,1491200000,1491280000,5552,1713
18641,1491280000,1491360000,4902,1874
18642,1491360000,1491440000,6944,2280
18643,1491440000,1491520000,6007,1592
18644,1491520000,1491600000,10724,3188
18645,1491600000,1491680000,4478,1500
18646,1491680000,1491760000,6159,2324
18647,1491760000,1491840000,5457,1662
18648,1491840000,1491920000,10503,3145
18649,1491920000,1492000000,6478,1738
18650,1492000000,1492080000,5242,1875
18651,1492080000,1492160000,6532,2282
18652,1492160000,1492240000,5839,1593
18653,1492240000,1492320000,11386,3186
18654,1492320000,1492400000,5001,1517
18655,1492400000,1492480000,6253,2328
18656,1492480000,1492560000,5971,1671
18657,1492560000,1492640000,11012,3137
18658,1492640000,1492720000,6262,1736
18659,1492720000,1492800000,5002,1877
18660,1492800000,1492880000,6913,2288
18661,1492880000,1492960000,6180,1600
18662,1492960000,1493040000,11152,3167
18663,1493040000,1493120000,4742,1518
18664,1493120000,1493200000,5826,2186
18665,1493200000,1493280000,5563,1581
18666,1493280000,1493360000,10953,3099
18667,1493360000,1493440000,6150,1676
18668,1493440000,1493520000,4913,1828
18669,1493520000,1493600000,6958,2259
18670,1493600000,1493680000,6180,1596
18671,1493680000,1493760000,11274,3168
18672,1493760000,1493840000,4640,1403
18673,1493840000,1493920000,6130,2242
18674,1493920000,1494000000,5906,1667
18675,1494000000,1494080000,11266,3103
18676,1494080000,1494160000,6031,1640
18677,1494160000,1494240000,4721,1723
18678,1494240000,1494320000,6452,2184
18679,1494320000,1494400000,6044,1523
18680,1494400000,1494480000,11010,3158
18681,1494480000,1494560000,5013,1519
18682,1494560000,1494640000,6152,2327
18683,1494640000,1494720000,5916,1675
18684,1494720000,1494800000,10867,3128
18685,1494800000,1494880000,6182,1737
18686,1494880000,1494960000,4794,1875
18687,1494960000,1495040000,6628,2293
18688,1495040000,1495120000,6017,1591
18689,1495120000,1495200000,11325,3166
18690,1495200000,1495280000,4806,1523
18691,1495280000,1495360000,5964,2334
18692,1495360000,1495440000,5963,1670
18693,1495440000,1495520000,11026,3131
18694,1495520000,1495600000,5887,1728
18695,1495600000,1495680000,4668,1854
18696,1495680000,1495760000,6690,2280
18697,1495760000,1495840000,5725,1587
18698,1495840000,1495920000,11165,3166
18699,1495920000,1496000000,4766,1523
18700,1496000000,1496080000,6167,2335
18701,1496080000,1496160000,5596,1658
18702,1496160000,1496240000,6642,2199
18703,1496240000,1496320000,8643,2757
18704,1496320000,1496400000,6175,2017
18705,1496400000,1496480000,10290,3709
18706,1496480000,1496560000,7030,1932
18707,1496560000,1496640000,4231,1557
18708,1496640000,1496720000,6337,2388
18709,1496720000,1496800000,5332,1606
18710,1496800000,1496880000,10967,3150
18711,1496880000,1496960000,4540,1488
18712,1496960000,1497040000,5842,2325
18713,1497040000,1497120000,5802,1827
18714,1497120000,1497200000,9511,2843
18715,1497200000,1497280000,7639,1993
18716,1497280000,1497360000,4314,1564
18717,1497360000,1497440000,6652,2420
18718,1497440000,1497520000,6008,1717
18719,1497520000,1497600000,10835,3144
18720,1497600000,1497680000,4972,1494
18721,1497680000,1497760000,6065,2325
18722,1497760000,1497840000,6345,1839
18723,1497840000,1497920000,9153,2851
18724,1497920000,1498000000,7219,1991
18725,1498000000,1498080000,4451,1566
18726,1498080000,1498160000,6653,2424
18727,1498160000,1498240000,6310,1717
18728,1498240000,1498320000,10633,3137
18729,1498320000,1498400000,4784,1492
18730,1498400000,1498480000,5788,2330
18731,1498480000,1498560000,6488,1834
18732,1498560000,1498640000,9323,2839
18733,1498640000,1498720000,7139,1969
18734,1498720000,1498800000,4467,1566
18735,1498800000,1498880000,7192,2426
18736,1498880000,1498960000,6433,1725
18737,1498960000,1499040000,10630,3139
18738,1499040000,1499120000,4531,1456
18739,1499120000,1499200000,5733,2326
18740,1499200000,1499280000,6126,1823
18741,1499280000,1499360000,9148,2826
18742,1499360000,1499440000,7758,1985
18743,1499440000,1499520000,4926,1570
18744,1499520000,1499600000,6878,2428
18745,1499600000,1499680000,6385,1723
18746,1499680000,1499760000,11480,3134
18747,1499760000,1499840000,5266,1494
18748,1499840000,1499920000,5907,2323
18749,1499920000,1500000000,6646,1839
18750,1500000000,1500080000,9585,2809
18751,1500080000,1500160000,7678,1885
18752,1500160000,1500240000,4295,1476
18753,1500240000,1500320000,6488,2319
18754,1500320000,1500400000,6431,1630
18755,1500400000,1500480000,11319,3118
18756,1500480000,1500560000,5015,1486
18757,1500560000,1500640000,5581,2187
18758,1500640000,1500720000,6499,1739
18759,1500720000,1500800000,9325,2801
18760,1500800000,1500880000,7640,1920
18761,1500880000,1500960000,4404,1533
18762,1500960000,1501040000,6876,2364
18763,1501040000,1501120000,6691,1715
18764,1501120000,1501200000,11301,3118
18765,1501200000,1501280000,4862,1406
18766,1501280000,1501360000,5896,2202
18767,1501360000,1501440000,6532,1814
18768,1501440000,1501520000,9492,2834
18769,1501520000,1501600000,7594,1984
18770,1501600000,1501680000,4464,1499
18771,1501680000,1501760000,6600,2383
18772,1501760000,1501840000,5852,1689
18773,1501840000,1501920000,11187,3124
18774,1501920000,1502000000,4737,1490
18775,1502000000,1502080000,5868,2323
18776,1502080000,1502160000,6173,1825
18777,1502160000,1502240000,6440,2139
18778,1502240000,1502320000,8322,2776
18779,1502320000,1502400000,5897,1878
18780,1502400000,1502480000,9062,3290
18781,1502480000,1502560000,8650,2348
18782,1502560000,1502640000,3942,1361
18783,1502640000,1502720000,6557,2378
18784,1502720000,1502800000,5825,1707
18785,1502800000,1502880000,10632,2998
18786,1502880000,1502960000,5312,1660
18787,1502960000,1503040000,4540,1747
18788,1503040000,1503120000,6213,2111
18789,1503120000,1503200000,8075,2414
18790,1503200000,1503280000,8748,2430
18791,1503280000,1503360000,4863,1550
18792,1503360000,1503440000,6635,2432
18793,1503440000,1503520000,6572,1848
18794,1503520000,1503600000,10277,2997
18795,1503600000,1503680000,5646,1680
18796,1503680000,1503760000,4410,1813
18797,1503760000,1503840000,6290,2163
18798,1503840000,1503920000,7438,2420
18799,1503920000,1504000000,8659,2440
18800,1504000000,1504080000,4532,1554
18801,1504080000,1504160000,6369,2445
18802,1504160000,1504240000,5697,1848
18803,1504240000,1504320000,10288,2986
18804,1504320000,1504400000,5600,1680
18805,1504400000,1504480000,4618,1809
18806,1504480000,1504560000,6890,2163
18807,1504560000,1504640000,7862,2416
18808,1504640000,1504720000,9016,2432
18809,1504720000,1504800000,4611,1555
18810,1504800000,1504880000,6733,2446
18811,1504880000,1504960000,6596,1847
18812,1504960000,1505040000,10258,2986
18813,1505040000,1505120000,5713,1674
18814,1505120000,1505200000,4722,1809
18815,1505200000,1505280000,7135,2169
18816,1505280000,1505360000,7906,2413
18817,1505360000,1505440000,8960,2422
18818,1505440000,1505520000,4764,1545
18819,1505520000,1505600000,6588,2444
18820,1505600000,1505680000,6457,1855
18821,1505680000,1505760000,10467,2977
18822,1505760000,1505840000,5812,1675
18823,1505840000,1505920000,4583,1812
18824,1505920000,1506000000,7030,2159
18825,1506000000,1506080000,8127,2412
18826,1506080000,1506160000,8664,2316
18827,1506160000,1506240000,4287,1451
18828,1506240000,1506320000,6596,2344
18829,1506320000,1506400000,6411,1747
18830,1506400000,1506480000,10330,2983
18831,1506480000,1506560000,5343,1656
18832,1506560000,1506640000,4533,1809
18833,1506640000,1506720000,6946,2149
18834,1506720000,1506800000,7998,2408
18835,1506800000,1506880000,9135,2430
18836,1506880000,1506960000,4752,1545
18837,1506960000,1507040000,6587,2438
18838,1507040000,1507120000,7040,1853
18839,1507120000,1507200000,10935,2979
18840,1507200000,1507280000,5632,1675
18841,1507280000,1507360000,4729,1808
18842,1507360000,1507440000,7026,2162
18843,1507440000,1507520000,8186,2410
18844,1507520000,1507600000,9000,2420
18845,1507600000,1507680000,4352,1525
18846,1507680000,1507760000,6411,2434
18847,1507760000,1507840000,6086,1847
18848,1507840000,1507920000,10860,2971
18849,1507920000,1508000000,5213,1673
18850,1508000000,1508080000,4338,1677
18851,1508080000,1508160000,6327,2043
18852,1508160000,1508240000,6455,2123
18853,1508240000,1508320000,7699,2589
18854,1508320000,1508400000,6743,2137
18855,1508400000,1508480000,7903,2925
18856,1508480000,1508560000,9683,2689
18857,1508560000,1508640000,5070,1635
18858,1508640000,1508720000,6404,2368
18859,1508720000,1508800000,4906,1497
18860,1508800000,1508880000,11373,3195
18861,1508880000,1508960000,5552,1691
18862,1508960000,1509040000,4456,1795
18863,1509040000,1509120000,6681,2240
18864,1509120000,1509200000,6626,2004
18865,1509200000,1509280000,9998,2706
18866,1509280000,1509360000,5078,1669
18867,1509360000,1509440000,6080,2213
18868,1509440000,1509520000,5377,1552
18869,1509520000,1509600000,11177,3167
18870,1509600000,1509680000,5284,1632
18871,1509680000,1509760000,4294,1711
18872,1509760000,1509840000,6833,2222
18873,1509840000,1509920000,6535,2009
18874,1509920000,1510000000,9550,2705
18875,1510000000,1510080000,4408,1518
18876,1510080000,1510160000,6475,2327
18877,1510160000,1510240000,5328,1626
18878,1510240000,1510320000,11046,3190
18879,1510320000,1510400000,5757,1688
18880,1510400000,1510480000,4632,1732
18881,1510480000,1510560000,6909,2216
18882,1510560000,1510640000,6582,2000
18883,1510640000,1510720000,9547,2698
18884,1510720000,1510800000,5248,1670
18885,1510800000,1510880000,6551,2382
18886,1510880000,1510960000,5815,1634
18887,1510960000,1511040000,10907,3182
18888,1511040000,1511120000,5464,1694
18889,1511120000,1511200000,4210,1798
18890,1511200000,1511280000,6817,2252
18891,1511280000,1511360000,6608,2006
18892,1511360000,1511440000,9624,2701
18893,1511440000,1511520000,5202,1679
18894,1511520000,1511600000,6264,2387
18895,1511600000,1511680000,5668,1634
18896,1511680000,1511760000,11185,3176
18897,1511760000,1511840000,5926,1699
18898,1511840000,1511920000,4423,1795
18899,1511920000,1512000000,7164,2246
18900,1512000000,1512080000,6769,2003
18901,1512080000,1512160000,9506,2610
18902,1512160000,1512240000,4836,1560
18903,1512240000,1512320000,6275,2309
18904,1512320000,1512400000,5383,1521
18905,1512400000,1512480000,11030,3165
18906,1512480000,1512560000,5802,1694
18907,1512560000,1512640000,4578,1794
18908,1512640000,1512720000,7070,2252
18909,1512720000,1512800000,6666,2002
18910,1512800000,1512880000,9584,2698
18911,1512880000,1512960000,5075,1644
18912,1512960000,1513040000,6470,2385
18913,1513040000,1513120000,5722,1633
18914,1513120000,1513200000,11063,3169
18915,1513200000,1513280000,5756,1694
18916,1513280000,1513360000,4636,1798
18917,1513360000,1513440000,6978,2239
18918,1513440000,1513520000,6963,2005
18919,1513520000,1513600000,9402,2672
18920,1513600000,1513680000,4358,1652
18921,1513680000,1513760000,6499,2379
18922,1513760000,1513840000,6022,1632
18923,1513840000,1513920000,11142,3174
18924,1513920000,1514000000,5384,1695
18925,1514000000,1514080000,4306,1781
18926,1514080000,1514160000,6777,2227
18927,1514160000,1514240000,6477,1990
18928,1514240000,1514320000,6881,2317
18929,1514320000,1514400000,7333,2348
18930,1514400000,1514480000,7510,2719
18931,1514480000,1514560000,10709,3166
18932,1514560000,1514640000,4515,1459
18933,1514640000,1514720000,5929,2316
18934,1514720000,1514800000,4654,1543
18935,1514800000,1514880000,11066,3135
18936,1514880000,1514960000,5432,1717
18937,1514960000,1515040000,4790,1871
18938,1515040000,1515120000,6747,2279
18939,1515120000,1515200000,5912,1597
18940,1515200000,1515280000,11307,3181
18941,1515280000,1515360000,4675,1502
18942,1515360000,1515440000,6115,2322
18943,1515440000,1515520000,5598,1657
18944,1515520000,1515600000,10951,3140
18945,1515600000,1515680000,5933,1729
18946,1515680000,1515760000,5150,1875
18947,1515760000,1515840000,6697,2282
18948,1515840000,1515920000,5899,1603
18949,1515920000,1516000000,10617,3186
18950,1516000000,1516080000,4862,1525
18951,1516080000,1516160000,6175,2330
18952,1516160000,1516240000,5422,1667
18953,1516240000,1516320000,10823,3140
18954,1516320000,1516400000,6231,1737
18955,1516400000,1516480000,5102,1877
18956,1516480000,1516560000,6861,2280
18957,1516560000,1516640000,6227,1604
18958,1516640000,1516720000,11130,3179
18959,1516720000,1516800000,5008,1518
18960,1516800000,1516880000,5895,2185
18961,1516880000,1516960000,5692,1579
18962,1516960000,1517040000,10900,3103
18963,1517040000,1517120000,5685,1675
18964,1517120000,1517200000,4722,1821
18965,1517200000,1517280000,6930,2259
18966,1517280000,1517360000,6000,1594
18967,1517360000,1517440000,11046,3161
18968,1517440000,1517520000,4570,1399
18969,1517520000,1517600000,6205,2242
18970,1517600000,1517680000,5753,1664
18971,1517680000,1517760000,11030,3125
18972,1517760000,1517840000,6320,1729
18973,1517840000,1517920000,5015,1793
18974,1517920000,1518000000,6659,2252
18975,1518000000,1518080000,5930,1593
18976,1518080000,1518160000,10745,3091
18977,1518160000,1518240000,4853,1401
18978,1518240000,1518320000,5918,2257
18979,1518320000,1518400000,5139,1556
18980,1518400000,1518480000,10792,3115
18981,1518480000,1518560000,5904,1729
18982,1518560000,1518640000,4728,1873
18983,1518640000,1518720000,6710,2293
18984,1518720000,1518800000,5742,1599
18985,1518800000,1518880000,10730,3174
18986,1518880000,1518960000,4828,1518
18987,1518960000,1519040000,5875,2332
18988,1519040000,1519120000,5664,1669
18989,1519120000,1519200000,11049,3129
18990,1519200000,1519280000,6182,1726
18991,1519280000,1519360000,4908,1875
18992,1519360000,1519440000,7006,2290
18993,1519440000,1519520000,6270,1595
18994,1519520000,1519600000,10895,3170
18995,1519600000,1519680000,4490,1500
18996,1519680000,1519760000,6006,2335
18997,1519760000,1519840000,5667,1668
18998,1519840000,1519920000,10966,3125
18999,1519920000,1520000000,6038,1724
19000,1520000000,1520080000,5076,1875
19001,1520080000,1520160000,7046,2290
19002,1520160000,1520240000,5861,1612
19003,1520240000,1520320000,6813,2325
19004,1520320000,1520400000,8468,2609
19005,1520400000,1520480000,7195,2585
19006,1520480000,1520560000,11122,3331
19007,1520560000,1520640000,4377,1442
19008,1520640000,1520720000,5828,2312
19009,1520720000,1520800000,5555,1704
19010,1520800000,1520880000,9495,2831
19011,1520880000,1520960000,7371,1984
19012,1520960000,1521040000,4208,1561
19013,1521040000,1521120000,6597,2417
19014,1521120000,1521200000,6090,1720
19015,1521200000,1521280000,11262,3150
19016,1521280000,1521360000,4991,1490
19017,1521360000,1521440000,6144,2327
19018,1521440000,1521520000,6270,1827
19019,1521520000,1521600000,9461,2840
19020,1521600000,1521680000,7434,1991
19021,1521680000,1521760000,4611,1570
19022,1521760000,1521840000,6802,2424
19023,1521840000,1521920000,6087,1728
19024,1521920000,1522000000,10769,3154
19025,1522000000,1522080000,5042,1496
19026,1522080000,1522160000,5740,2328
19027,1522160000,1522240000,5985,1840
19028,1522240000,1522320000,9262,2845
19029,1522320000,1522400000,7496,1974
19030,1522400000,1522480000,4564,1565
19031,1522480000,1522560000,7126,2424
19032,1522560000,1522640000,6493,1728
19033,1522640000,1522720000,10974,3140
19034,1522720000,1522800000,4774,1474
19035,1522800000,1522880000,5831,2326
19036,1522880000,1522960000,6024,1820
19037,1522960000,1523040000,9319,2835
19038,1523040000,1523120000,7182,1981
19039,1523120000,1523200000,4753,1570
19040,1523200000,1523280000,6785,2430
19041,1523280000,1523360000,6325,1720
19042,1523360000,1523440000,10916,3133
19043,1523440000,1523520000,5064,1495
19044,1523520000,1523600000,5903,2323
19045,1523600000,1523680000,6655,1841
19046,1523680000,1523760000,9546,2831
19047,1523760000,1523840000,7726,1990
19048,1523840000,1523920000,4696,1562
19049,1523920000,1524000000,7026,2426
19050,1524000000,1524080000,6609,1728
19051,1524080000,1524160000,11129,3074
19052,1524160000,1524240000,4838,1355
19053,1524240000,1524320000,5426,2127
19054,1524320000,1524400000,6134,1644
19055,1524400000,1524480000,9409,2795
19056,1524480000,1524560000,7472,1922
19057,1524560000,1524640000,4430,1530
19058,1524640000,1524720000,6900,2364
19059,1524720000,1524800000,6564,1718
19060,1524800000,1524880000,11033,3124
19061,1524880000,1524960000,4779,1404
19062,1524960000,1525040000,5814,2204
19063,1525040000,1525120000,6537,1809
19064,1525120000,1525200000,9475,2826
19065,1525200000,1525280000,7588,1979
19066,1525280000,1525360000,4593,1517
19067,1525360000,1525440000,6642,2383
19068,1525440000,1525520000,6083,1690
19069,1525520000,1525600000,10866,3124
19070,1525600000,1525680000,4422,1470
19071,1525680000,1525760000,5842,2323
19072,1525760000,1525840000,6162,1823
19073,1525840000,1525920000,9397,2826
19074,1525920000,1526000000,7168,1978
19075,1526000000,1526080000,4288,1563
19076,1526080000,1526160000,6506,2420
19077,1526160000,1526240000,6065,1747
19078,1526240000,1526320000,6232,2190
19079,1526320000,1526400000,9014,2736
19080,1526400000,1526480000,7000,2363
19081,1526480000,1526560000,11247,3455
19082,1526560000,1526640000,5206,1612
19083,1526640000,1526720000,4583,1750
19084,1526720000,1526800000,5813,1988
19085,1526800000,1526880000,7778,2367
19086,1526880000,1526960000,8877,2412
19087,1526960000,1527040000,4615,1546
19088,1527040000,1527120000,6441,2432
19089,1527120000,1527200000,6076,1823
19090,1527200000,1527280000,10820,3002
19091,1527280000,1527360000,5238,1678
19092,1527360000,1527440000,4547,1812
19093,1527440000,1527520000,6574,2153
19094,1527520000,1527600000,7962,2415
19095,1527600000,1527680000,8550,2428
19096,1527680000,1527760000,4134,1542
19097,1527760000,1527840000,6502,2444
19098,1527840000,1527920000,6381,1855
19099,1527920000,1528000000,10364,3004
19100,1528000000,1528080000,4735,1678
19101,1528080000,1528160000,4510,1808
19102,1528160000,1528240000,6929,2169
19103,1528240000,1528320000,7896,2415
19104,1528320000,1528400000,8961,2430
19105,1528400000,1528480000,4503,1551
19106,1528480000,1528560000,6767,2446
19107,1528560000,1528640000,6515,1854
19108,1528640000,1528720000,10591,3000
19109,1528720000,1528800000,5740,1677
19110,1528800000,1528880000,4868,1809
19111,1528880000,1528960000,7189,2165
19112,1528960000,1529040000,8025,2410
19113,1529040000,1529120000,8808,2418
19114,1529120000,1529200000,4499,1555
19115,1529200000,1529280000,6493,2440
19116,1529280000,1529360000,6678,1856
19117,1529360000,1529440000,10337,2985
19118,1529440000,1529520000,5324,1678
19119,1529520000,1529600000,4621,1812
19120,1529600000,1529680000,7068,2159
19121,1529680000,1529760000,8156,2407
19122,1529760000,1529840000,8980,2416
19123,1529840000,1529920000,4627,1554
19124,1529920000,1530000000,6880,2432
19125,1530000000,1530080000,6817,1855
19126,1530080000,1530160000,10660,2947
19127,1530160000,1530240000,5118,1548
19128,1530240000,1530320000,4407,1740
19129,1530320000,1530400000,6650,2028
19130,1530400000,1530480000,7898,2367
19131,1530480000,1530560000,8908,2422
19132,1530560000,1530640000,4958,1551
19133,1530640000,1530720000,6630,2438
19134,1530720000,1530800000,6735,1848
19135,1530800000,1530880000,10489,2984
19136,1530880000,1530960000,5836,1673
19137,1530960000,1531040000,4668,1805
19138,1531040000,1531120000,7017,2157
19139,1531120000,1531200000,8088,2407
19140,1531200000,1531280000,9120,2422
19141,1531280000,1531360000,4620,1547
19142,1531360000,1531440000,6549,2434
19143,1531440000,1531520000,6781,1848
19144,1531520000,1531600000,10720,2980
19145,1531600000,1531680000,4998,1658
19146,1531680000,1531760000,4379,1701
19147,1531760000,1531840000,6713,2044
19148,1531840000,1531920000,8219,2373
19149,1531920000,1532000000,8575,2360
19150,1532000000,1532080000,4212,1528
19151,1532080000,1532160000,6453,2359
19152,1532160000,1532240000,6882,1845
19153,1532240000,1532320000,6089,2158
19154,1532320000,1532400000,8625,2638
19155,1532400000,1532480000,6510,2304
19156,1532480000,1532560000,11405,3622
19157,1532560000,1532640000,5320,1640
19158,1532640000,1532720000,4558,1793
19159,1532720000,1532800000,6540,2155
19160,1532800000,1532880000,6390,1948
19161,1532880000,1532960000,9886,2696
19162,1532960000,1533040000,4685,1665
19163,1533040000,1533120000,6143,2212
19164,1533120000,1533200000,5052,1552
19165,1533200000,1533280000,11513,3161
19166,1533280000,1533360000,5279,1641
19167,1533360000,1533440000,4475,1739
19168,1533440000,1533520000,6963,2220
19169,1533520000,1533600000,6718,2002
19170,1533600000,1533680000,9611,2697
19171,1533680000,1533760000,4437,1519
19172,1533760000,1533840000,6471,2324
19173,1533840000,1533920000,5181,1621
19174,1533920000,1534000000,11051,3193
19175,1534000000,1534080000,5408,1689
19176,1534080000,1534160000,4501,1736
19177,1534160000,1534240000,6524,2209
19178,1534240000,1534320000,6444,2002
19179,1534320000,1534400000,9658,2707
19180,1534400000,1534480000,5016,1668
19181,1534480000,1534560000,6481,2382
19182,1534560000,1534640000,5753,1640
19183,1534640000,1534720000,11225,3195
19184,1534720000,1534800000,5524,1699
19185,1534800000,1534880000,4343,1798
19186,1534880000,1534960000,6863,2250
19187,1534960000,1535040000,6866,2011
19188,1535040000,1535120000,9507,2695
19189,1535120000,1535200000,4787,1670
19190,1535200000,1535280000,6124,2387
19191,1535280000,1535360000,5740,1639
19192,1535360000,1535440000,11079,3183
19193,1535440000,1535520000,5522,1698
19194,1535520000,1535600000,4425,1795
19195,1535600000,1535680000,7171,2253
19196,1535680000,1535760000,7001,2001
19197,1535760000,1535840000,9895,2694
19198,1535840000,1535920000,4980,1674
19199,1535920000,1536000000,6641,2390
19200,1536000000,1536080000,6120,1640
19201,1536080000,1536160000,11266,3151
19202,1536160000,1536240000,5362,1590
19203,1536240000,1536320000,4407,1704
19204,1536320000,1536400000,6848,2132
19205,1536400000,1536480000,6587,1950
19206,1536480000,1536560000,9498,2694
19207,1536560000,1536640000,5129,1671
19208,1536640000,1536720000,6483,2387
19209,1536720000,1536800000,5739,1632
19210,1536800000,1536880000,11128,3185
19211,1536880000,1536960000,5676,1705
19212,1536960000,1537040000,4474,1798
19213,1537040000,1537120000,6786,2239
19214,1537120000,1537200000,6842,2003
19215,1537200000,1537280000,9829,2666
19216,1537280000,1537360000,5189,1677
19217,1537360000,1537440000,6755,2378
19218,1537440000,1537520000,5737,1631
19219,1537520000,1537600000,11250,3178
19220,1537600000,1537680000,5588,1696
19221,1537680000,1537760000,4212,1737
19222,1537760000,1537840000,6448,2227
19223,1537840000,1537920000,6529,1995
19224,1537920000,1538000000,9490,2692
19225,1538000000,1538080000,5408,1674
19226,1538080000,1538160000,6424,2387
19227,1538160000,1538240000,5494,1623
19228,1538240000,1538320000,6406,2207
19229,1538320000,1538400000,8744,2744
19230,1538400000,1538480000,6495,2184
19231,1538480000,1538560000,11176,3695
19232,1538560000,1538640000,5563,1652
19233,1538640000,1538720000,4841,1871
19234,1538720000,1538800000,6628,2210
19235,1538800000,1538880000,5438,1518
19236,1538880000,1538960000,11117,3176
19237,1538960000,1539040000,4597,1500
19238,1539040000,1539120000,6043,2325
19239,1539120000,1539200000,5120,1654
19240,1539200000,1539280000,11117,3146
19241,1539280000,1539360000,6274,1737
19242,1539360000,1539440000,5434,1876
19243,1539440000,1539520000,6673,2283
19244,1539520000,1539600000,5879,1592
19245,1539600000,1539680000,10793,3190
19246,1539680000,1539760000,4838,1518
19247,1539760000,1539840000,6173,2328
19248,1539840000,1539920000,5304,1667
19249,1539920000,1540000000,10566,3141
19250,1540000000,1540080000,6120,1737
19251,1540080000,1540160000,4764,1874
19252,1540160000,1540240000,6682,2287
19253,1540240000,1540320000,5848,1599
19254,1540320000,1540400000,11298,3178
19255,1540400000,1540480000,5125,1521
19256,1540480000,1540560000,5943,2185
19257,1540560000,1540640000,5722,1582
19258,1540640000,1540720000,11031,3111
19259,1540720000,1540800000,6173,1674
19260,1540800000,1540880000,4889,1821
19261,1540880000,1540960000,6991,2259
19262,1540960000,1541040000,6132,1601
19263,1541040000,1541120000,10976,3173
19264,1541120000,1541200000,4430,1397
19265,1541200000,1541280000,6054,2243
19266,1541280000,1541360000,5629,1675
19267,1541360000,1541440000,10912,3130
19268,1541440000,1541520000,6212,1735
19269,1541520000,1541600000,5085,1818
19270,1541600000,1541680000,6636,2249
19271,1541680000,1541760000,6011,1586
19272,1541760000,1541840000,11180,3176
19273,1541840000,1541920000,4924,1525
19274,1541920000,1542000000,6129,2329
19275,1542000000,1542080000,5890,1678
19276,1542080000,1542160000,11053,3105
19277,1542160000,1542240000,5544,1639
19278,1542240000,1542320000,4475,1784
19279,1542320000,1542400000,6432,2186
19280,1542400000,1542480000,5804,1524
19281,1542480000,1542560000,10890,3168
19282,1542560000,1542640000,4519,1500
19283,1542640000,1542720000,5933,2327
19284,1542720000,1542800000,5568,1679
19285,1542800000,1542880000,10788,3126
19286,1542880000,1542960000,6157,1735
19287,1542960000,1543040000,4808,1877
19288,1543040000,1543120000,6833,2288
19289,1543120000,1543200000,5831,1595
19290,1543200000,1543280000,11180,3168
19291,1543280000,1543360000,5144,1519
19292,1543360000,1543440000,6289,2336
19293,1543440000,1543520000,5738,1674
19294,1543520000,1543600000,11042,3134
19295,1543600000,1543680000,6026,1727
19296,1543680000,1543760000,5009,1855
19297,1543760000,1543840000,6697,2283
19298,1543840000,1543920000,6083,1595
19299,1543920000,1544000000,10978,3172
19300,1544000000,1544080000,4889,1519
19301,1544080000,1544160000,6106,2331
19302,1544160000,1544240000,5847,1670
19303,1544240000,1544320000,6660,2198
19304,1544320000,1544400000,8973,2757
19305,1544400000,1544480000,6282,2017
19306,1544480000,1544560000,10424,3711
19307,1544560000,1544640000,7415,1933
19308,1544640000,1544720000,4360,1557
19309,1544720000,1544800000,6689,2392
19310,1544800000,1544880000,5369,1606
19311,1544880000,1544960000,11211,3146
19312,1544960000,1545040000,4946,1488
19313,1545040000,1545120000,6029,2325
19314,1545120000,1545200000,5800,1825
19315,1545200000,1545280000,9570,2846
19316,1545280000,1545360000,7689,1990
19317,1545360000,1545440000,4616,1564
19318,1545440000,1545520000,6672,2416
19319,1545520000,1545600000,6102,1713
19320,1545600000,1545680000,10918,3144
19321,1545680000,1545760000,4815,1488
19322,1545760000,1545840000,5770,2330
19323,1545840000,1545920000,6391,1840
19324,1545920000,1546000000,9082,2848
19325,1546000000,1546080000,7223,1973
19326,1546080000,1546160000,4343,1569
19327,1546160000,1546240000,7151,2426
19328,1546240000,1546320000,6181,1725
19329,1546320000,1546400000,10791,3141
19330,1546400000,1546480000,4746,1480
19331,1546480000,1546560000,5915,2326
19332,1546560000,1546640000,6453,1828
19333,1546640000,1546720000,9344,2838
19334,1546720000,1546800000,7424,1989
19335,1546800000,1546880000,4870,1565
19336,1546880000,1546960000,6933,2430
19337,1546960000,1547040000,6452,1725
19338,1547040000,1547120000,10705,3137
19339,1547120000,1547200000,4898,1488
19340,1547200000,1547280000,5815,2321
19341,1547280000,1547360000,6252,1839
19342,1547360000,1547440000,9322,2835
19343,1547440000,1547520000,7669,1982
19344,1547520000,1547600000,4546,1546
19345,1547600000,1547680000,6816,2426
19346,1547680000,1547760000,6611,1723
19347,1547760000,1547840000,11477,3126
19348,1547840000,1547920000,5183,1496
19349,1547920000,1548000000,5649,2189
19350,1548000000,1548080000,6282,1731
19351,1548080000,1548160000,9454,2778
19352,1548160000,1548240000,7756,1873
19353,1548240000,1548320000,4277,1458
19354,1548320000,1548400000,6657,2267
19355,1548400000,1548480000,6078,1622
19356,1548480000,1548560000,11179,3124
19357,1548560000,1548640000,4724,1402
19358,1548640000,1548720000,5833,2204
19359,1548720000,1548800000,6503,1816
19360,1548800000,1548880000,9333,2832
19361,1548880000,1548960000,7829,1992
19362,1548960000,1549040000,4395,1515
19363,1549040000,1549120000,6619,2383
19364,1549120000,1549200000,5893,1689
19365,1549200000,1549280000,11204,3126
19366,1549280000,1549360000,5000,1490
19367,1549360000,1549440000,5944,2323
19368,1549440000,1549520000,6398,1827
19369,1549520000,1549600000,9507,2833
19370,1549600000,1549680000,7338,1984
19371,1549680000,1549760000,4208,1541
19372,1549760000,1549840000,6412,2420
19373,1549840000,1549920000,6293,1715
19374,1549920000,1550000000,11105,3124
19375,1550000000,1550080000,4694,1490
19376,1550080000,1550160000,5577,2327
19377,1550160000,1550240000,6352,1825
19378,1550240000,1550320000,6805,2138
19379,1550320000,1550400000,8858,2776
19380,1550400000,1550480000,6037,1888
19381,1550480000,1550560000,9148,3291
19382,1550560000,1550640000,8800,2369
19383,1550640000,1550720000,4477,1530
19384,1550720000,1550800000,6398,2422
19385,1550800000,1550880000,5681,1714
19386,1550880000,1550960000,10781,3000
19387,1550960000,1551040000,5224,1667
19388,1551040000,1551120000,4395,1813
19389,1551120000,1551200000,6463,2155
19390,1551200000,1551280000,8039,2416
19391,1551280000,1551360000,8978,2440
19392,1551360000,1551440000,4426,1550
19393,1551440000,1551520000,6263,2436
19394,1551520000,1551600000,6497,1844
19395,1551600000,1551680000,10601,3005
19396,1551680000,1551760000,5019,1674
19397,1551760000,1551840000,4555,1809
19398,1551840000,1551920000,6887,2155
19399,1551920000,1552000000,7845,2420
19400,1552000000,1552080000,8922,2438
19401,1552080000,1552160000,4217,1547
19402,1552160000,1552240000,6332,2438
19403,1552240000,1552320000,6451,1847
19404,1552320000,1552400000,10451,2992
19405,1552400000,1552480000,5458,1676
19406,1552480000,1552560000,4812,1785
19407,1552560000,1552640000,7182,2163
19408,1552640000,1552720000,8080,2416
19409,1552720000,1552800000,9051,2424
19410,1552800000,1552880000,4696,1549
19411,1552880000,1552960000,6563,2444
19412,1552960000,1553040000,6760,1855
19413,1553040000,1553120000,10287,2982
19414,1553120000,1553200000,5399,1679
19415,1553200000,1553280000,4493,1813
19416,1553280000,1553360000,6780,2167
19417,1553360000,1553440000,7904,2413
19418,1553440000,1553520000,8875,2404
19419,1553520000,1553600000,4511,1556
19420,1553600000,1553680000,6884,2440
19421,1553680000,1553760000,7026,1848
19422,1553760000,1553840000,10648,2983
19423,1553840000,1553920000,5519,1665
19424,1553920000,1554000000,4645,1808
19425,1554000000,1554080000,6964,2149
19426,1554080000,1554160000,8056,2408
19427,1554160000,1554240000,8731,2322
19428,1554240000,1554320000,4583,1454
19429,1554320000,1554400000,6397,2358
19430,1554400000,1554480000,6295,1734
19431,1554480000,1554560000,10428,2981
19432,1554560000,1554640000,5520,1674
19433,1554640000,1554720000,4675,1805
19434,1554720000,1554800000,7053,2161
19435,1554800000,1554880000,7986,2408
19436,1554880000,1554960000,8987,2420
19437,1554960000,1555040000,4650,1555
19438,1555040000,1555120000,6602,2434
19439,1555120000,1555200000,6899,1847
19440,1555200000,1555280000,10934,2973
19441,1555280000,1555360000,5793,1675
19442,1555360000,1555440000,4476,1701
19443,1555440000,1555520000,6770,2044
19444,1555520000,1555600000,8093,2380
19445,1555600000,1555680000,9006,2356
19446,1555680000,1555760000,4489,1506
19447,1555760000,1555840000,6359,2360
19448,1555840000,1555920000,6748,1848
19449,1555920000,1556000000,10727,2981
19450,1556000000,1556080000,5238,1601
19451,1556080000,1556160000,4453,1678
19452,1556160000,1556240000,6709,2131
19453,1556240000,1556320000,6651,2152
19454,1556320000,1556400000,7777,2589
19455,1556400000,1556480000,6810,2137
19456,1556480000,1556560000,8018,2925
19457,1556560000,1556640000,9791,2692
19458,1556640000,1556720000,4659,1633
19459,1556720000,1556800000,6066,2186
19460,1556800000,1556880000,4539,1337
19461,1556880000,1556960000,11497,3160
19462,1556960000,1557040000,5141,1638
19463,1557040000,1557120000,4382,1735
19464,1557120000,1557200000,6572,2169
19465,1557200000,1557280000,6439,1954
19466,1557280000,1557360000,10251,2697
19467,1557360000,1557440000,4514,1520
19468,1557440000,1557520000,6476,2323
19469,1557520000,1557600000,5608,1618
19470,1557600000,1557680000,11379,3193
19471,1557680000,1557760000,5310,1684
19472,1557760000,1557840000,4445,1732
19473,1557840000,1557920000,6680,2213
19474,1557920000,1558000000,6734,2001
19475,1558000000,1558080000,9517,2710
19476,1558080000,1558160000,4923,1674
19477,1558160000,1558240000,6329,2380
19478,1558240000,1558320000,5869,1631
19479,1558320000,1558400000,11103,3188
19480,1558400000,1558480000,5575,1700
19481,1558480000,1558560000,4415,1798
19482,1558560000,1558640000,6855,2244
19483,1558640000,1558720000,6871,2010
19484,1558720000,1558800000,9726,2704
19485,1558800000,1558880000,5054,1676
19486,1558880000,1558960000,6127,2387
19487,1558960000,1559040000,6087,1639
19488,1559040000,1559120000,11074,3187
19489,1559120000,1559200000,5309,1695
19490,1559200000,1559280000,4256,1795
19491,1559280000,1559360000,7133,2252
19492,1559360000,1559440000,6815,2007
19493,1559440000,1559520000,9791,2699
19494,1559520000,1559600000,4960,1672
19495,1559600000,1559680000,6421,2391
19496,1559680000,1559760000,5974,1629
19497,1559760000,1559840000,11368,3171
19498,1559840000,1559920000,5745,1700
19499,1559920000,1560000000,4774,1798
19500,1560000000,1560080000,7274,2249
19501,1560080000,1560160000,7105,2005
19502,1560160000,1560240000,9596,2602
19503,1560240000,1560320000,4705,1560
19504,1560320000,1560400000,6178,2304
19505,1560400000,1560480000,5811,1520
19506,1560480000,1560560000,11067,3161
19507,1560560000,1560640000,5637,1694
19508,1560640000,1560720000,4442,1798
19509,1560720000,1560800000,7008,2250
19510,1560800000,1560880000,6832,2000
19511,1560880000,1560960000,9629,2680
19512,1560960000,1561040000,4875,1676
19513,1561040000,1561120000,6608,2382
19514,1561120000,1561200000,5874,1634
19515,1561200000,1561280000,11307,3172
19516,1561280000,1561360000,5600,1698
19517,1561360000,1561440000,4473,1781
19518,1561440000,1561520000,7248,2232
19519,1561520000,1561600000,6791,2001
19520,1561600000,1561680000,9424,2692
19521,1561680000,1561760000,4902,1648
19522,1561760000,1561840000,6477,2390
19523,1561840000,1561920000,5479,1629
19524,1561920000,1562000000,11055,3158
19525,1562000000,1562080000,5524,1695
19526,1562080000,1562160000,4525,1795
19527,1562160000,1562240000,6925,2245
19528,1562240000,1562320000,6386,1988
19529,1562320000,1562400000,7054,2316
19530,1562400000,1562480000,7539,2348
19531,1562480000,1562560000,7693,2719
19532,1562560000,1562640000,11054,3165
19533,1562640000,1562720000,4334,1466
19534,1562720000,1562800000,6119,2308
19535,1562800000,1562880000,4712,1538
19536,1562880000,1562960000,11001,3136
19537,1562960000,1563040000,6196,1724
19538,1563040000,1563120000,5254,1875
19539,1563120000,1563200000,6478,2282
19540,1563200000,1563280000,5596,1597
19541,1563280000,1563360000,11178,3183
19542,1563360000,1563440000,4868,1516
19543,1563440000,1563520000,6410,2329
19544,1563520000,1563600000,5368,1664
19545,1563600000,1563680000,10897,3129
19546,1563680000,1563760000,5880,1734
19547,1563760000,1563840000,4883,1874
19548,1563840000,1563920000,6687,2287
19549,1563920000,1564000000,5747,1603
19550,1564000000,1564080000,10851,3186
19551,1564080000,1564160000,4774,1525
19552,1564160000,1564240000,5804,2187
19553,1564240000,1564320000,5543,1584
19554,1564320000,1564400000,10908,3108
19555,1564400000,1564480000,6128,1678
19556,1564480000,1564560000,4966,1824
19557,1564560000,1564640000,7143,2262
19558,1564640000,1564720000,6168,1602
19559,1564720000,1564800000,11245,3165
19560,1564800000,1564880000,4705,1403
19561,1564880000,1564960000,6234,2243
19562,1564960000,1565040000,6077,1672
19563,1565040000,1565120000,11012,3134
19564,1565120000,1565200000,6074,1727
19565,1565200000,1565280000,4877,1814
19566,1565280000,1565360000,6647,2249
19567,1565360000,1565440000,5912,1584
19568,1565440000,1565520000,10912,3165
19569,1565520000,1565600000,5041,1526
19570,1565600000,1565680000,6169,2330
19571,1565680000,1565760000,5941,1671
19572,1565760000,1565840000,11129,3123
19573,1565840000,1565920000,6208,1731
19574,1565920000,1566000000,4919,1878
19575,1566000000,1566080000,6780,2290
19576,1566080000,1566160000,6132,1596
19577,1566160000,1566240000,10979,3097
19578,1566240000,1566320000,4535,1397
19579,1566320000,1566400000,5655,2260
19580,1566400000,1566480000,5127,1557
19581,1566480000,1566560000,10862,3114
19582,1566560000,1566640000,5977,1731
19583,1566640000,1566720000,4765,1872
19584,1566720000,1566800000,6794,2288
19585,1566800000,1566880000,5818,1598
19586,1566880000,1566960000,10823,3158
19587,1566960000,1567040000,4505,1514
19588,1567040000,1567120000,6083,2337
19589,1567120000,1567200000,5660,1668
19590,1567200000,1567280000,11154,3126
19591,1567280000,1567360000,6204,1723
19592,1567360000,1567440000,5230,1876
19593,1567440000,1567520000,7072,2282
19594,1567520000,1567600000,6116,1592
19595,1567600000,1567680000,11009,3164
19596,1567680000,1567760000,4796,1496
19597,1567760000,1567840000,6061,2331
19598,1567840000,1567920000,5057,1658
19599,1567920000,1568000000,10893,3121
19600,1568000000,1568080000,6158,1724
19601,1568080000,1568160000,4923,1875
19602,1568160000,1568240000,6539,2283
19603,1568240000,1568320000,5405,1615
19604,1568320000,1568400000,6773,2324
19605,1568400000,1568480000,8638,2609
19606,1568480000,1568560000,7373,2585
19607,1568560000,1568640000,11299,3326
19608,1568640000,1568720000,4521,1442
19609,1568720000,1568800000,6077,2316
19610,1568800000,1568880000,5429,1702
19611,1568880000,1568960000,9434,2832
19612,1568960000,1569040000,7565,1992
19613,1569040000,1569120000,4498,1564
19614,1569120000,1569200000,6677,2416
19615,1569200000,1569280000,5640,1720
19616,1569280000,1569360000,11370,3150
19617,1569360000,1569440000,4832,1486
19618,1569440000,1569520000,5855,2328
19619,1569520000,1569600000,5751,1822
19620,1569600000,1569680000,9431,2841
19621,1569680000,1569760000,7549,1976
19622,1569760000,1569840000,4244,1560
19623,1569840000,1569920000,7131,2426
19624,1569920000,1570000000,6296,1720
19625,1570000000,1570080000,10988,3150
19626,1570080000,1570160000,4599,1476
19627,1570160000,1570240000,5769,2324
19628,1570240000,1570320000,6493,1826
19629,1570320000,1570400000,9350,2842
19630,1570400000,1570480000,7647,1984
19631,1570480000,1570560000,4905,1566
19632,1570560000,1570640000,6951,2430
19633,1570640000,1570720000,6540,1726
19634,1570720000,1570800000,11043,3138
19635,1570800000,1570880000,5156,1494
19636,1570880000,1570960000,5939,2321
19637,1570960000,1571040000,6343,1839
19638,1571040000,1571120000,9266,2838
19639,1571120000,1571200000,7293,1985
19640,1571200000,1571280000,4482,1565
19641,1571280000,1571360000,6809,2426
19642,1571360000,1571440000,6134,1720
19643,1571440000,1571520000,11187,3131
19644,1571520000,1571600000,5123,1490
19645,1571600000,1571680000,5614,2189
19646,1571680000,1571760000,6448,1744
19647,1571760000,1571840000,9471,2790
19648,1571840000,1571920000,7464,1920
19649,1571920000,1572000000,4519,1539
19650,1572000000,1572080000,7110,2372
19651,1572080000,1572160000,6457,1726
19652,1572160000,1572240000,11276,3070
19653,1572240000,1572320000,4301,1263
19654,1572320000,1572400000,5611,2120
19655,1572400000,1572480000,6012,1699
19656,1572480000,1572560000,9392,2806
19657,1572560000,1572640000,7706,1981
19658,1572640000,1572720000,4546,1517
19659,1572720000,1572800000,6637,2383
19660,1572800000,1572880000,6146,1696
19661,1572880000,1572960000,11075,3128
19662,1572960000,1573040000,4813,1488
19663,1573040000,1573120000,5860,2321
19664,1573120000,1573200000,6389,1831
19665,1573200000,1573280000,9461,2825
19666,1573280000,1573360000,7536,1978
19667,1573360000,1573440000,4630,1566
19668,1573440000,1573520000,6644,2420
19669,1573520000,1573600000,6169,1720
19670,1573600000,1573680000,11067,3128
19671,1573680000,1573760000,4721,1470
19672,1573760000,1573840000,5523,2327
19673,1573840000,1573920000,5753,1827
19674,1573920000,1574000000,9371,2825
19675,1574000000,1574080000,7496,1981
19676,1574080000,1574160000,4352,1563
19677,1574160000,1574240000,6818,2416
19678,1574240000,1574320000,6168,1747
19679,1574320000,1574400000,6469,2189
19680,1574400000,1574480000,9282,2742
19681,1574480000,1574560000,7155,2383
19682,1574560000,1574640000,11380,3458
19683,1574640000,1574720000,5060,1620
19684,1574720000,1574800000,4506,1812
19685,1574800000,1574880000,6134,2054
19686,1574880000,1574960000,7854,2375
19687,1574960000,1575040000,9007,2430
19688,1575040000,1575120000,4404,1546
19689,1575120000,1575200000,6212,2433
19690,1575200000,1575280000,6273,1849
19691,1575280000,1575360000,10982,2998
19692,1575360000,1575440000,5330,1678
19693,1575440000,1575520000,4631,1808
19694,1575520000,1575600000,6853,2153
19695,1575600000,1575680000,8278,2415
19696,1575680000,1575760000,8899,2430
19697,1575760000,1575840000,4456,1555
19698,1575840000,1575920000,6506,2438
19699,1575920000,1576000000,6560,1852
19700,1576000000,1576080000,10394,3008
19701,1576080000,1576160000,5459,1682
19702,1576160000,1576240000,4764,1812
19703,1576240000,1576320000,6594,2159
19704,1576320000,1576400000,7869,2413
19705,1576400000,1576480000,9078,2435
19706,1576480000,1576560000,4819,1551
19707,1576560000,1576640000,6507,2441
19708,1576640000,1576720000,6267,1856
19709,1576720000,1576800000,10583,2996
19710,1576800000,1576880000,5633,1683
19711,1576880000,1576960000,4631,1813
19712,1576960000,1577040000,6855,2169
19713,1577040000,1577120000,8002,2414
19714,1577120000,1577200000,8712,2385
19715,1577200000,1577280000,4359,1525
19716,1577280000,1577360000,6718,2438
19717,1577360000,1577440000,6614,1857
19718,1577440000,1577520000,10576,2981
19719,1577520000,1577600000,5428,1664
19720,1577600000,1577680000,4542,1808
19721,1577680000,1577760000,6989,2159
19722,1577760000,1577840000,8234,2403
19723,1577840000,1577920000,9132,2424
19724,1577920000,1578000000,4897,1551
19725,1578000000,1578080000,6737,2448
19726,1578080000,1578160000,7305,1856
19727,1578160000,1578240000,10669,2947
19728,1578240000,1578320000,5102,1542
19729,1578320000,1578400000,4491,1740
19730,1578400000,1578480000,6837,2040
19731,1578480000,1578560000,8097,2369
19732,1578560000,1578640000,8928,2426
19733,1578640000,1578720000,4596,1545
19734,1578720000,1578800000,6665,2444
19735,1578800000,1578880000,7001,1854
19736,1578880000,1578960000,10699,2984
19737,1578960000,1579040000,5672,1677
19738,1579040000,1579120000,4408,1698
19739,1579120000,1579200000,6828,2051
19740,1579200000,1579280000,8127,2373
19741,1579280000,1579360000,9108,2358
19742,1579360000,1579440000,4624,1528
19743,1579440000,1579520000,6599,2360
19744,1579520000,1579600000,7041,1849
19745,1579600000,1579680000,10743,2978
19746,1579680000,1579760000,5330,1604
19747,1579760000,1579840000,4449,1678
19748,1579840000,1579920000,6703,2133
19749,1579920000,1580000000,8054,2405
19750,1580000000,1580080000,8953,2418
19751,1580080000,1580160000,4444,1509
19752,1580160000,1580240000,6401,2403
19753,1580240000,1580320000,6228,1805
19754,1580320000,1580400000,6156,2157
19755,1580400000,1580480000,8765,2638
19756,1580480000,1580560000,6454,2283
19757,1580560000,1580640000,11402,3595
19758,1580640000,1580720000,4777,1502
19759,1580720000,1580800000,4369,1733
19760,1580800000,1580880000,6529,2131
19761,1580880000,1580960000,6390,1948
19762,1580960000,1581040000,9982,2678
19763,1581040000,1581120000,4249,1479
19764,1581120000,1581200000,6409,2325
19765,1581200000,1581280000,5269,1621
19766,1581280000,1581360000,11691,3197
19767,1581360000,1581440000,5917,1685
19768,1581440000,1581520000,4731,1736
19769,1581520000,1581600000,6738,2211
19770,1581600000,1581680000,6847,1996
19771,1581680000,1581760000,9760,2706
19772,1581760000,1581840000,5239,1676
19773,1581840000,1581920000,6267,2378
19774,1581920000,1582000000,5882,1634
19775,1582000000,1582080000,11104,3205
19776,1582080000,1582160000,5740,1703
19777,1582160000,1582240000,4209,1774
19778,1582240000,1582320000,6653,2241
19779,1582320000,1582400000,6869,2008
19780,1582400000,1582480000,9916,2701
19781,1582480000,1582560000,5177,1674
19782,1582560000,1582640000,6246,2386
19783,1582640000,1582720000,5900,1640
19784,1582720000,1582800000,11287,3188
19785,1582800000,1582880000,5929,1704
19786,1582880000,1582960000,4400,1795
19787,1582960000,1583040000,7324,2252
19788,1583040000,1583120000,7125,2008
19789,1583120000,1583200000,9674,2693
19790,1583200000,1583280000,4861,1677
19791,1583280000,1583360000,6385,2391
19792,1583360000,1583440000,6143,1640
19793,1583440000,1583520000,11249,3184
19794,1583520000,1583600000,5979,1699
19795,1583600000,1583680000,4723,1798
19796,1583680000,1583760000,7393,2251
19797,1583760000,1583840000,7200,2000
19798,1583840000,1583920000,9953,2698
19799,1583920000,1584000000,5221,1670
19800,1584000000,1584080000,6470,2386
19801,1584080000,1584160000,6234,1638
19802,1584160000,1584240000,11323,3147
19803,1584240000,1584320000,5745,1586
19804,1584320000,1584400000,4294,1704
19805,1584400000,1584480000,6599,2136
19806,1584480000,1584560000,6908,1952
19807,1584560000,1584640000,9720,2678
19808,1584640000,1584720000,4873,1666
19809,1584720000,1584800000,6593,2382
19810,1584800000,1584880000,6159,1640
19811,1584880000,1584960000,11268,3180
19812,1584960000,1585040000,5750,1694
19813,1585040000,1585120000,4334,1781
19814,1585120000,1585200000,6970,2239
19815,1585200000,1585280000,6787,2001
19816,1585280000,1585360000,9926,2690
19817,1585360000,1585440000,5340,1647
19818,1585440000,1585520000,6596,2387
19819,1585520000,1585600000,5949,1640
19820,1585600000,1585680000,11338,3176
19821,1585680000,1585760000,5492,1698
19822,1585760000,1585840000,4497,1775
19823,1585840000,1585920000,6895,2243
19824,1585920000,1586000000,6873,2001
19825,1586000000,1586080000,9611,2692
19826,1586080000,1586160000,5044,1669
19827,1586160000,1586240000,6316,2383
19828,1586240000,1586320000,5783,1629
19829,1586320000,1586400000,6160,2207
19830,1586400000,1586480000,8814,2744
19831,1586480000,1586560000,6529,2184
19832,1586560000,1586640000,11070,3690
19833,1586640000,1586720000,5801,1673
19834,1586720000,1586800000,5195,1872
19835,1586800000,1586880000,6423,2218
19836,1586880000,1586960000,5702,1518
19837,1586960000,1587040000,11006,3186
19838,1587040000,1587120000,4521,1497
19839,1587120000,1587200000,6230,2323
19840,1587200000,1587280000,5605,1662
19841,1587280000,1587360000,11116,3142
19842,1587360000,1587440000,5960,1729
19843,1587440000,1587520000,4944,1874
19844,1587520000,1587600000,6781,2280
19845,1587600000,1587680000,5848,1592
19846,1587680000,1587760000,10807,3176
19847,1587760000,1587840000,4689,1521
19848,1587840000,1587920000,5823,2185
19849,1587920000,1588000000,5457,1579
19850,1588000000,1588080000,10528,3110
19851,1588080000,1588160000,5980,1678
19852,1588160000,1588240000,4796,1825
19853,1588240000,1588320000,6756,2262
19854,1588320000,1588400000,5743,1600
19855,1588400000,1588480000,11367,3178
19856,1588480000,1588560000,4670,1400
19857,1588560000,1588640000,6260,2244
19858,1588640000,1588720000,5850,1672
19859,1588720000,1588800000,11080,3138
19860,1588800000,1588880000,6588,1741
19861,1588880000,1588960000,5170,1817
19862,1588960000,1589040000,6668,2252
19863,1589040000,1589120000,5909,1590
19864,1589120000,1589200000,11087,3177
19865,1589200000,1589280000,5000,1524
19866,1589280000,1589360000,6130,2328
19867,1589360000,1589440000,5593,1679
19868,1589440000,1589520000,10924,3126
19869,1589520000,1589600000,6351,1738
19870,1589600000,1589680000,4774,1878
19871,1589680000,1589760000,6672,2291
19872,1589760000,1589840000,6224,1595
19873,1589840000,1589920000,11267,3170
19874,1589920000,1590000000,4802,1523
19875,1590000000,1590080000,5940,2333
19876,1590080000,1590160000,6042,1679
19877,1590160000,1590240000,11178,3102
19878,1590240000,1590320000,5762,1634
19879,1590320000,1590400000,4512,1783
19880,1590400000,1590480000,6602,2172
19881,1590480000,1590560000,6124,1525
19882,1590560000,1590640000,10939,3166
19883,1590640000,1590720000,4625,1521
19884,1590720000,1590800000,6144,2338
19885,1590800000,1590880000,5733,1666
19886,1590880000,1590960000,10917,3128
19887,1590960000,1591040000,6537,1739
19888,1591040000,1591120000,5124,1874
19889,1591120000,1591200000,6712,2282
19890,1591200000,1591280000,6022,1588
19891,1591280000,1591360000,11399,3170
19892,1591360000,1591440000,4965,1519
19893,1591440000,1591520000,6077,2332
19894,1591520000,1591600000,5952,1660
19895,1591600000,1591680000,10992,3116
19896,1591680000,1591760000,5770,1727
19897,1591760000,1591840000,4829,1855
19898,1591840000,1591920000,6366,2281
19899,1591920000,1592000000,5362,1587
19900,1592000000,1592080000,11146,3154
19901,1592080000,1592160000,4381,1519
19902,1592160000,1592240000,6299,2330
19903,1592240000,1592320000,5476,1662
19904,1592320000,1592400000,6710,2199
19905,1592400000,1592480000,8954,2757
19906,1592480000,1592560000,6404,2017
19907,1592560000,1592640000,10397,3707
19908,1592640000,1592720000,7228,1924
19909,1592720000,1592800000,4385,1557
19910,1592800000,1592880000,6473,2388
19911,1592880000,1592960000,5449,1606
19912,1592960000,1593040000,11165,3140
19913,1593040000,1593120000,4496,1484
19914,1593120000,1593200000,5804,2330
19915,1593200000,1593280000,5694,1824
19916,1593280000,1593360000,9459,2844
19917,1593360000,1593440000,7208,1971
19918,1593440000,1593520000,4282,1561
19919,1593520000,1593600000,7014,2416
19920,1593600000,1593680000,6313,1717
19921,1593680000,1593760000,11023,3148
19922,1593760000,1593840000,4572,1470
19923,1593840000,1593920000,5815,2326
19924,1593920000,1594000000,6029,1816
19925,1594000000,1594080000,9051,2848
19926,1594080000,1594160000,7628,1996
19927,1594160000,1594240000,4831,1562
19928,1594240000,1594320000,6613,2420
19929,1594320000,1594400000,6073,1717
19930,1594400000,1594480000,10947,3143
19931,1594480000,1594560000,5040,1488
19932,1594560000,1594640000,5949,2321
19933,1594640000,1594720000,6598,1835
19934,1594720000,1594800000,9279,2838
19935,1594800000,1594880000,7341,1984
19936,1594880000,1594960000,4550,1570
19937,1594960000,1595040000,6929,2424
19938,1595040000,1595120000,6459,1725
19939,1595120000,1595200000,10843,3125
19940,1595200000,1595280000,4729,1488
19941,1595280000,1595360000,5478,2187
19942,1595360000,1595440000,6202,1743
19943,1595440000,1595520000,9165,2805
19944,1595520000,1595600000,7460,1919
19945,1595600000,1595680000,4522,1543
19946,1595680000,1595760000,6958,2372
19947,1595760000,1595840000,6447,1723
19948,1595840000,1595920000,11475,3126
19949,1595920000,1596000000,4696,1411
19950,1596000000,1596080000,5805,2202
19951,1596080000,1596160000,6463,1826
19952,1596160000,1596240000,9699,2811
19953,1596240000,1596320000,7492,1892
19954,1596320000,1596400000,4367,1421
19955,1596400000,1596480000,6442,2332
19956,1596480000,1596560000,6297,1628
19957,1596560000,1596640000,11216,3116
19958,1596640000,1596720000,4956,1490
19959,1596720000,1596800000,5886,2321
19960,1596800000,1596880000,6538,1837
19961,1596880000,1596960000,9320,2835
19962,1596960000,1597040000,7632,1990
19963,1597040000,1597120000,4354,1565
19964,1597120000,1597200000,6616,2430
19965,1597200000,1597280000,6288,1719
19966,1597280000,1597360000,11379,3122
19967,1597360000,1597440000,4802,1494
19968,1597440000,1597520000,5722,2327
19969,1597520000,1597600000,6549,1833
19970,1597600000,1597680000,9445,2834
19971,1597680000,1597760000,7285,1979
19972,1597760000,1597840000,4197,1545
19973,1597840000,1597920000,6742,2416
19974,1597920000,1598000000,5972,1715
19975,1598000000,1598080000,11185,3122
19976,1598080000,1598160000,4861,1494
19977,1598160000,1598240000,5787,2328
19978,1598240000,1598320000,6238,1822
19979,1598320000,1598400000,6652,2136
19980,1598400000,1598480000,8843,2776
19981,1598480000,1598560000,5970,1888
19982,1598560000,1598640000,9139,3289
19983,1598640000,1598720000,8732,2371
19984,1598720000,1598800000,4245,1530
19985,1598800000,1598880000,6233,2426
19986,1598880000,1598960000,5638,1714
19987,1598960000,1599040000,10717,3002
19988,1599040000,1599120000,5185,1674
19989,1599120000,1599200000,4605,1809
19990,1599200000,1599280000,6510,2155
19991,1599280000,1599360000,8019,2416
19992,1599360000,1599440000,9239,2434
19993,1599440000,1599520000,4466,1549
19994,1599520000,1599600000,6530,2438
19995,1599600000,1599680000,6373,1847
19996,1599680000,1599760000,10506,2995
19997,1599760000,1599840000,5614,1680
19998,1599840000,1599920000,4822,1809
19999,1599920000,1600000000,6982,2167
20000,1600000000,1600080000,7936,2424
20001,1600080000,1600160000,8804,2432
20002,1600160000,1600240000,4474,1551
20003,1600240000,1600320000,6489,2442
20004,1600320000,1600400000,6725,1847
20005,1600400000,1600480000,10384,2990
20006,1600480000,1600560000,5413,1678
20007,1600560000,1600640000,4609,1813
20008,1600640000,1600720000,7030,2163
20009,1600720000,1600800000,8109,2416
20010,1600800000,1600880000,8814,2408
20011,1600880000,1600960000,4513,1552
20012,1600960000,1601040000,6985,2442
20013,1601040000,1601120000,6879,1856
20014,1601120000,1601200000,10408,2992
20015,1601200000,1601280000,5204,1644
20016,1601280000,1601360000,4490,1807
20017,1601360000,1601440000,6796,2152
20018,1601440000,1601520000,7860,2413
20019,1601520000,1601600000,8977,2410
20020,1601600000,1601680000,5052,1555
20021,1601680000,1601760000,6700,2446
20022,1601760000,1601840000,6780,1855
20023,1601840000,1601920000,10616,2983
20024,1601920000,1602000000,5942,1679
20025,1602000000,1602080000,4685,1808
20026,1602080000,1602160000,7194,2167
20027,1602160000,1602240000,8270,2410
20028,1602240000,1602320000,8764,2316
20029,1602320000,1602400000,4396,1450
20030,1602400000,1602480000,6307,2346
20031,1602480000,1602560000,6832,1746
20032,1602560000,1602640000,10477,2969
20033,1602640000,1602720000,5633,1670
20034,1602720000,1602800000,4409,1698
20035,1602800000,1602880000,6989,2054
20036,1602880000,1602960000,8030,2376
20037,1602960000,1603040000,8951,2358
20038,1603040000,1603120000,4545,1526
20039,1603120000,1603200000,6621,2360
20040,1603200000,1603280000,7151,1848
20041,1603280000,1603360000,10914,2979
20042,1603360000,1603440000,5609,1601
20043,1603440000,1603520000,4602,1678
20044,1603520000,1603600000,7162,2133
20045,1603600000,1603680000,8165,2412
20046,1603680000,1603760000,9220,2424
20047,1603760000,1603840000,4538,1491
20048,1603840000,1603920000,6427,2403
20049,1603920000,1604000000,6277,1812
20050,1604000000,1604080000,10838,2979
20051,1604080000,1604160000,5404,1673
20052,1604160000,1604240000,4676,1808
20053,1604240000,1604320000,6786,2153
20054,1604320000,1604400000,6726,2154
20055,1604400000,1604480000,7924,2589
20056,1604480000,1604560000,6790,2127
20057,1604560000,1604640000,8002,2925
20058,1604640000,1604720000,9734,2677
20059,1604720000,1604800000,4334,1482
20060,1604800000,1604880000,6393,2299
20061,1604880000,1604960000,4996,1489
20062,1604960000,1605040000,11451,3188
20063,1605040000,1605120000,5577,1680
20064,1605120000,1605200000,4460,1732
20065,1605200000,1605280000,6421,2201
20066,1605280000,1605360000,6730,1999
20067,1605360000,1605440000,9858,2700
20068,1605440000,1605520000,5317,1673
20069,1605520000,1605600000,6550,2380
20070,1605600000,1605680000,5744,1627
20071,1605680000,1605760000,11146,3189
20072,1605760000,1605840000,5919,1700
20073,1605840000,1605920000,4280,1798
20074,1605920000,1606000000,6553,2250
20075,1606000000,1606080000,6176,2004
20076,1606080000,1606160000,9616,2718
20077,1606160000,1606240000,5005,1677
20078,1606240000,1606320000,6203,2386
20079,1606320000,1606400000,4964,1634
20080,1606400000,1606480000,11044,3179
20081,1606480000,1606560000,5810,1701
20082,1606560000,1606640000,4491,1795
20083,1606640000,1606720000,7042,2246
20084,1606720000,1606800000,6709,2007
20085,1606800000,1606880000,9889,2704
20086,1606880000,1606960000,5164,1677
20087,1606960000,1607040000,6556,2392
20088,1607040000,1607120000,5813,1629
20089,1607120000,1607200000,11065,3180
20090,1607200000,1607280000,5922,1694
20091,1607280000,1607360000,4554,1794
20092,1607360000,1607440000,7285,2253
20093,1607440000,1607520000,6769,2007
20094,1607520000,1607600000,9762,2695
20095,1607600000,1607680000,5376,1668
20096,1607680000,1607760000,6450,2386
20097,1607760000,1607840000,5684,1640
20098,1607840000,1607920000,11273,3169
20099,1607920000,1608000000,6013,1694
20100,1608000000,1608080000,4552,1798
20101,1608080000,1608160000,7020,2240
20102,1608160000,1608240000,7035,2012
20103,1608240000,1608320000,9624,2600
20104,1608320000,1608400000,4844,1557
20105,1608400000,1608480000,6469,2297
20106,1608480000,1608560000,5566,1524
20107,1608560000,1608640000,11163,3168
20108,1608640000,1608720000,5674,1691
20109,1608720000,1608800000,4265,1781
20110,1608800000,1608880000,7061,2229
20111,1608880000,1608960000,6919,2004
20112,1608960000,1609040000,9763,2702
20113,1609040000,1609120000,5241,1667
20114,1609120000,1609200000,6542,2388
20115,1609200000,1609280000,6174,1631
20116,1609280000,1609360000,11264,3172
20117,1609360000,1609440000,5667,1695
20118,1609440000,1609520000,4706,1795
20119,1609520000,1609600000,7134,2242
20120,1609600000,1609680000,6944,2008
20121,1609680000,1609760000,9475,2688
20122,1609760000,1609840000,4829,1648
20123,1609840000,1609920000,6314,2383
20124,1609920000,1610000000,5245,1625
20125,1610000000,1610080000,11176,3165
20126,1610080000,1610160000,5363,1692
20127,1610160000,1610240000,4252,1699
20128,1610240000,1610320000,6493,2103
20129,1610320000,1610400000,6105,1947
20130,1610400000,1610480000,6919,2316
20131,1610480000,1610560000,7632,2348
20132,1610560000,1610640000,7678,2719
20133,1610640000,1610720000,10942,3159
20134,1610720000,1610800000,4838,1480
20135,1610800000,1610880000,6144,2316
20136,1610880000,1610960000,4762,1540
20137,1610960000,1611040000,11030,3133
20138,1611040000,1611120000,6061,1730
20139,1611120000,1611200000,4872,1874
20140,1611200000,1611280000,6542,2279
20141,1611280000,1611360000,5606,1596
20142,1611360000,1611440000,11314,3181
20143,1611440000,1611520000,4825,1516
20144,1611520000,1611600000,5890,2188
20145,1611600000,1611680000,5138,1567
20146,1611680000,1611760000,10938,3109
20147,1611760000,1611840000,5698,1669
20148,1611840000,1611920000,4710,1797
20149,1611920000,1612000000,6604,2252
20150,1612000000,1612080000,5710,1602
20151,1612080000,1612160000,10852,3176
20152,1612160000,1612240000,4248,1398
20153,1612240000,1612320000,6095,2241
20154,1612320000,1612400000,5210,1665
20155,1612400000,1612480000,10863,3137
20156,1612480000,1612560000,6333,1733
20157,1612560000,1612640000,5086,1814
20158,1612640000,1612720000,6651,2249
20159,1612720000,1612800000,5724,1585
20160,1612800000,1612880000,11079,3173
20161,1612880000,1612960000,4967,1518
20162,1612960000,1613040000,6247,2327
20163,1613040000,1613120000,5683,1674
20164,1613120000,1613200000,10841,3131
20165,1613200000,1613280000,5968,1727
20166,1613280000,1613360000,4664,1875
20167,1613360000,1613440000,6578,2291
20168,1613440000,1613520000,5766,1601
20169,1613520000,1613600000,11044,3171
20170,1613600000,1613680000,4967,1526
20171,1613680000,1613760000,5934,2333
20172,1613760000,1613840000,5508,1674
20173,1613840000,1613920000,11024,3122
20174,1613920000,1614000000,6396,1737
20175,1614000000,1614080000,4901,1874
20176,1614080000,1614160000,6925,2287
20177,1614160000,1614240000,5920,1594
20178,1614240000,1614320000,10961,3097
20179,1614320000,1614400000,4632,1401
20180,1614400000,1614480000,5916,2263
20181,1614480000,1614560000,5215,1553
20182,1614560000,1614640000,10890,3110
20183,1614640000,1614720000,6274,1730
20184,1614720000,1614800000,5002,1869
20185,1614800000,1614880000,6841,2293
20186,1614880000,1614960000,5836,1595
20187,1614960000,1615040000,10915,3166
20188,1615040000,1615120000,4833,1493
20189,1615120000,1615200000,6085,2329
20190,1615200000,1615280000,5616,1673
20191,1615280000,1615360000,10989,3121
20192,1615360000,1615440000,6247,1724
20193,1615440000,1615520000,5088,1875
20194,1615520000,1615600000,6673,2282
20195,1615600000,1615680000,6148,1596
20196,1615680000,1615760000,10929,3146
20197,1615760000,1615840000,4113,1499
20198,1615840000,1615920000,6161,2329
20199,1615920000,1616000000,5844,1668
20200,1616000000,1616080000,11075,3124
20201,1616080000,1616160000,5894,1726
20202,1616160000,1616240000,4693,1861
20203,1616240000,1616320000,6576,2266
20204,1616320000,1616400000,5795,1619
20205,1616400000,1616480000,6918,2324
20206,1616480000,1616560000,8795,2609
20207,1616560000,1616640000,7347,2585
20208,1616640000,1616720000,11250,3332
20209,1616720000,1616800000,4521,1440
20210,1616800000,1616880000,5696,2293
20211,1616880000,1616960000,5256,1707
20212,1616960000,1617040000,9417,2830
20213,1617040000,1617120000,7182,1974
20214,1617120000,1617200000,4155,1560
20215,1617200000,1617280000,6878,2416
20216,1617280000,1617360000,6131,1720
20217,1617360000,1617440000,11443,3142
20218,1617440000,1617520000,4913,1472
20219,1617520000,1617600000,5805,2324
20220,1617600000,1617680000,6156,1812
20221,1617680000,1617760000,9507,2839
20222,1617760000,1617840000,7401,1983
20223,1617840000,1617920000,4674,1565
20224,1617920000,1618000000,6740,2420
20225,1618000000,1618080000,6202,1726
20226,1618080000,1618160000,10900,3150
20227,1618160000,1618240000,4814,1496
20228,1618240000,1618320000,5887,2323
20229,1618320000,1618400000,6015,1831
20230,1618400000,1618480000,9274,2840
20231,1618480000,1618560000,7533,1989
20232,1618560000,1618640000,4685,1569
20233,1618640000,1618720000,6855,2416
20234,1618720000,1618800000,6542,1728
20235,1618800000,1618880000,11179,3140
20236,1618880000,1618960000,5025,1488
20237,1618960000,1619040000,5574,2187
20238,1619040000,1619120000,6320,1741
20239,1619120000,1619200000,9281,2804
20240,1619200000,1619280000,7097,1922
20241,1619280000,1619360000,4275,1534
20242,1619360000,1619440000,6860,2372
20243,1619440000,1619520000,6359,1720
20244,1619520000,1619600000,11123,3123
20245,1619600000,1619680000,4776,1406
20246,1619680000,1619760000,5815,2202
20247,1619760000,1619840000,6402,1824
20248,1619840000,1619920000,9490,2826
20249,1619920000,1620000000,7774,1980
20250,1620000000,1620080000,4718,1496
20251,1620080000,1620160000,6695,2393
20252,1620160000,1620240000,6112,1702
20253,1620240000,1620320000,11122,3078
20254,1620320000,1620400000,4792,1359
20255,1620400000,1620480000,5694,2253
20256,1620480000,1620560000,5778,1708
20257,1620560000,1620640000,9282,2810
20258,1620640000,1620720000,7436,1980
20259,1620720000,1620800000,4255,1564
20260,1620800000,1620880000,6729,2430
20261,1620880000,1620960000,6017,1726
20262,1620960000,1621040000,11039,3136
20263,1621040000,1621120000,4811,1488
20264,1621120000,1621200000,5609,2325
20265,1621200000,1621280000,6237,1832
20266,1621280000,1621360000,9517,2829
20267,1621360000,1621440000,7701,1981
20268,1621440000,1621520000,4385,1563
20269,1621520000,1621600000,6935,2426
20270,1621600000,1621680000,6647,1720
20271,1621680000,1621760000,11132,3128
20272,1621760000,1621840000,4522,1470
20273,1621840000,1621920000,5680,2328
20274,1621920000,1622000000,6252,1832
20275,1622000000,1622080000,9435,2825
20276,1622080000,1622160000,7503,1978
20277,1622160000,1622240000,4545,1562
20278,1622240000,1622320000,7000,2428
20279,1622320000,1622400000,6312,1743
20280,1622400000,1622480000,6569,2189
20281,1622480000,1622560000,9444,2742
20282,1622560000,1622640000,7093,2383
20283,1622640000,1622720000,11264,3446
20284,1622720000,1622800000,5028,1620
20285,1622800000,1622880000,4586,1808
20286,1622880000,1622960000,6312,2050
20287,1622960000,1623040000,7986,2375
20288,1623040000,1623120000,9087,2426
20289,1623120000,1623200000,4223,1545
20290,1623200000,1623280000,6466,2435
20291,1623280000,1623360000,6451,1848
20292,1623360000,1623440000,10946,3000
20293,1623440000,1623520000,5612,1678
20294,1623520000,1623600000,4877,1812
20295,1623600000,1623680000,6976,2155
20296,1623680000,1623760000,8132,2413
20297,1623760000,1623840000,9015,2432
20298,1623840000,1623920000,4713,1555
20299,1623920000,1624000000,6632,2442
20300,1624000000,1624080000,6517,1856
20301,1624080000,1624160000,10409,3004
20302,1624160000,1624240000,5741,1684
20303,1624240000,1624320000,4562,1812
20304,1624320000,1624400000,6623,2169
20305,1624400000,1624480000,7944,2417
20306,1624480000,1624560000,9137,2419
20307,1624560000,1624640000,4674,1550
20308,1624640000,1624720000,6922,2440
20309,1624720000,1624800000,6936,1857
20310,1624800000,1624880000,10729,2992
20311,1624880000,1624960000,5491,1663
20312,1624960000,1625040000,4582,1809
20313,1625040000,1625120000,6699,2149
20314,1625120000,1625200000,8012,2410
20315,1625200000,1625280000,8844,2422
20316,1625280000,1625360000,4821,1555
20317,1625360000,1625440000,6615,2448
20318,1625440000,1625520000,6733,1848
20319,1625520000,1625600000,10557,2981
20320,1625600000,1625680000,5734,1683
20321,1625680000,1625760000,4692,1808
20322,1625760000,1625840000,7221,2169
20323,1625840000,1625920000,8227,2407
20324,1625920000,1626000000,9198,2430
20325,1626000000,1626080000,4839,1547
20326,1626080000,1626160000,6836,2444
20327,1626160000,1626240000,6996,1856
20328,1626240000,1626320000,10725,2939
20329,1626320000,1626400000,5524,1542
20330,1626400000,1626480000,4249,1641
20331,1626480000,1626560000,6628,1949
20332,1626560000,1626640000,8165,2369
20333,1626640000,1626720000,8866,2360
20334,1626720000,1626800000,4605,1522
20335,1626800000,1626880000,6633,2360
20336,1626880000,1626960000,7051,1849
20337,1626960000,1627040000,10643,2982
20338,1627040000,1627120000,5544,1603
20339,1627120000,1627200000,4508,1679
20340,1627200000,1627280000,7153,2128
20341,1627280000,1627360000,8152,2403
20342,1627360000,1627440000,9345,2418
20343,1627440000,1627520000,4681,1509
20344,1627520000,1627600000,6489,2403
20345,1627600000,1627680000,6456,1809
20346,1627680000,1627760000,10698,2978
20347,1627760000,1627840000,5057,1656
20348,1627840000,1627920000,4674,1808
20349,1627920000,1628000000,6739,2151
20350,1628000000,1628080000,8096,2403
20351,1628080000,1628160000,8904,2418
20352,1628160000,1628240000,4387,1547
20353,1628240000,1628320000,6305,2438
20354,1628320000,1628400000,6546,1844
20355,1628400000,1628480000,6308,2157
20356,1628480000,1628560000,9196,2638
20357,1628560000,1628640000,6640,2280
20358,1628640000,1628720000,11570,3622
20359,1628720000,1628800000,5488,1633
20360,1628800000,1628880000,4503,1734
20361,1628880000,1628960000,6134,2102
20362,1628960000,1629040000,6341,1928
20363,1629040000,1629120000,9949,2682
20364,1629120000,1629200000,5068,1670
20365,1629200000,1629280000,6367,2378
20366,1629280000,1629360000,5214,1602
20367,1629360000,1629440000,11630,3193
20368,1629440000,1629520000,5573,1699
20369,1629520000,1629600000,4421,1798
20370,1629600000,1629680000,6768,2241
20371,1629680000,1629760000,6712,2002
20372,1629760000,1629840000,9698,2698
20373,1629840000,1629920000,4479,1666
20374,1629920000,1630000000,6325,2387
20375,1630000000,1630080000,5654,1637
20376,1630080000,1630160000,11104,3200
20377,1630160000,1630240000,5080,1698
20378,1630240000,1630320000,4286,1795
20379,1630320000,1630400000,7074,2252
20380,1630400000,1630480000,6740,2006
20381,1630480000,1630560000,9869,2703
20382,1630560000,1630640000,5010,1672
20383,1630640000,1630720000,6587,2392
20384,1630720000,1630800000,5756,1635
20385,1630800000,1630880000,11319,3193
20386,1630880000,1630960000,5883,1699
20387,1630960000,1631040000,4824,1794
20388,1631040000,1631120000,7300,2249
20389,1631120000,1631200000,6922,2004
20390,1631200000,1631280000,9704,2687
20391,1631280000,1631360000,4993,1677
20392,1631360000,1631440000,6371,2385
20393,1631440000,1631520000,5876,1638
20394,1631520000,1631600000,11118,3182
20395,1631600000,1631680000,5540,1699
20396,1631680000,1631760000,4605,1798
20397,1631760000,1631840000,7077,2243
20398,1631840000,1631920000,7037,2002
20399,1631920000,1632000000,10016,2682
20400,1632000000,1632080000,5137,1677
20401,1632080000,1632160000,6725,2380
20402,1632160000,1632240000,5975,1633
20403,1632240000,1632320000,11481,3142
20404,1632320000,1632400000,5526,1591
20405,1632400000,1632480000,4127,1701
20406,1632480000,1632560000,6821,2123
20407,1632560000,1632640000,6726,1950
20408,1632640000,1632720000,9795,2688
20409,1632720000,1632800000,5498,1673
20410,1632800000,1632880000,6583,2387
20411,1632880000,1632960000,5884,1626
20412,1632960000,1633040000,11276,3180
20413,1633040000,1633120000,5982,1694
20414,1633120000,1633200000,4618,1791
20415,1633200000,1633280000,7066,2240
20416,1633280000,1633360000,6972,2002
20417,1633360000,1633440000,9928,2692
20418,1633440000,1633520000,5146,1670
20419,1633520000,1633600000,6449,2382
20420,1633600000,1633680000,5905,1626
20421,1633680000,1633760000,11423,3175
20422,1633760000,1633840000,5261,1699
20423,1633840000,1633920000,4279,1703
20424,1633920000,1634000000,6778,2104
20425,1634000000,1634080000,7006,1956
20426,1634080000,1634160000,9543,2640
20427,1634160000,1634240000,4572,1641
20428,1634240000,1634320000,6354,2307
20429,1634320000,1634400000,6072,1625
20430,1634400000,1634480000,6274,2206
20431,1634480000,1634560000,9130,2744
20432,1634560000,1634640000,6686,2184
20433,1634640000,1634720000,11157,3692
20434,1634720000,1634800000,5791,1668
20435,1634800000,1634880000,4964,1871
20436,1634880000,1634960000,6451,2215
20437,1634960000,1635040000,5307,1518
20438,1635040000,1635120000,11156,3178
20439,1635120000,1635200000,4436,1513
20440,1635200000,1635280000,5930,2186
20441,1635280000,1635360000,4836,1567
20442,1635360000,1635440000,11159,3113
20443,1635440000,1635520000,5693,1673
20444,1635520000,1635600000,4877,1826
20445,1635600000,1635680000,6632,2252
20446,1635680000,1635760000,5874,1592
20447,1635760000,1635840000,10858,3180
20448,1635840000,1635920000,4268,1397
20449,1635920000,1636000000,6118,2244
20450,1636000000,1636080000,5057,1655
20451,1636080000,1636160000,10559,3126
20452,1636160000,1636240000,6035,1738
20453,1636240000,1636320000,4900,1818
20454,1636320000,1636400000,6330,2239
20455,1636400000,1636480000,5503,1589
20456,1636480000,1636560000,11191,3182
20457,1636560000,1636640000,4739,1517
20458,1636640000,1636720000,6208,2327
20459,1636720000,1636800000,5575,1677
20460,1636800000,1636880000,11055,3141
20461,1636880000,1636960000,6151,1738
20462,1636960000,1637040000,4777,1875
20463,1637040000,1637120000,6623,2292
20464,1637120000,1637200000,5988,1601
20465,1637200000,1637280000,11067,3171
20466,1637280000,1637360000,4546,1518
20467,1637360000,1637440000,5791,2332
20468,1637440000,1637520000,5576,1679
20469,1637520000,1637600000,10862,3127
20470,1637600000,1637680000,6081,1732
20471,1637680000,1637760000,4822,1874
20472,1637760000,1637840000,6850,2290
20473,1637840000,1637920000,6217,1595
20474,1637920000,1638000000,11332,3170
20475,1638000000,1638080000,4788,1523
20476,1638080000,1638160000,6223,2335
20477,1638160000,1638240000,5993,1677
20478,1638240000,1638320000,11102,3103
20479,1638320000,1638400000,5920,1640
20480,1638400000,1638480000,4870,1781
20481,1638480000,1638560000,6676,2183
20482,1638560000,1638640000,5587,1517
20483,1638640000,1638720000,10960,3170
20484,1638720000,1638800000,4885,1519
20485,1638800000,1638880000,6114,2333
20486,1638880000,1638960000,5623,1672
20487,1638960000,1639040000,10872,3123
20488,1639040000,1639120000,6218,1740
20489,1639120000,1639200000,4965,1878
20490,1639200000,1639280000,6524,2281
20491,1639280000,1639360000,5956,1594
20492,1639360000,1639440000,11372,3140
20493,1639440000,1639520000,4978,1525
20494,1639520000,1639600000,6390,2330
20495,1639600000,1639680000,5623,1665
20496,1639680000,1639760000,11134,3130
20497,1639760000,1639840000,6163,1726
20498,1639840000,1639920000,4598,1816
20499,1639920000,1640000000,6320,2266
20500,1640000000,1640080000,5524,1587
20501,1640080000,1640160000,11029,3166
20502,1640160000,1640240000,5112,1523
20503,1640240000,1640320000,6202,2336
20504,1640320000,1640400000,5312,1660
20505,1640400000,1640480000,6823,2198
20506,1640480000,1640560000,9158,2757
20507,1640560000,1640640000,6477,2017
20508,1640640000,1640720000,10485,3709
20509,1640720000,1640800000,7231,1910
20510,1640800000,1640880000,4220,1557
20511,1640880000,1640960000,6869,2383
20512,1640960000,1641040000,5552,1606
20513,1641040000,1641120000,11353,3136
20514,1641120000,1641200000,4729,1470
20515,1641200000,1641280000,5808,2326
20516,1641280000,1641360000,5625,1810
20517,1641360000,1641440000,9617,2843
20518,1641440000,1641520000,7815,1995
20519,1641520000,1641600000,4948,1564
20520,1641600000,1641680000,6736,2420
20521,1641680000,1641760000,6096,1717
20522,1641760000,1641840000,11134,3150
20523,1641840000,1641920000,4810,1488
20524,1641920000,1642000000,5930,2321
20525,1642000000,1642080000,5899,1831
20526,1642080000,1642160000,9103,2845
20527,1642160000,1642240000,7452,1989
20528,1642240000,1642320000,4352,1566
20529,1642320000,1642400000,6684,2424
20530,1642400000,1642480000,6132,1723
20531,1642480000,1642560000,11137,3131
20532,1642560000,1642640000,5132,1492
20533,1642640000,1642720000,5682,2187
20534,1642720000,1642800000,6323,1743
20535,1642800000,1642880000,9274,2811
20536,1642880000,1642960000,7455,1917
20537,1642960000,1643040000,4482,1534
20538,1643040000,1643120000,7001,2372
20539,1643120000,1643200000,6420,1725
20540,1643200000,1643280000,10852,3127
20541,1643280000,1643360000,4532,1404
20542,1643360000,1643440000,5697,2204
20543,1643440000,1643520000,6182,1834
20544,1643520000,1643600000,9234,2830
20545,1643600000,1643680000,7699,1986
20546,1643680000,1643760000,4685,1520
20547,1643760000,1643840000,6694,2391
20548,1643840000,1643920000,6176,1697
20549,1643920000,1644000000,11425,3132
20550,1644000000,1644080000,4965,1496
20551,1644080000,1644160000,5905,2323
20552,1644160000,1644240000,6469,1840
20553,1644240000,1644320000,9548,2811
20554,1644320000,1644400000,7181,1891
20555,1644400000,1644480000,4023,1482
20556,1644480000,1644560000,6459,2333
20557,1644560000,1644640000,5983,1630
20558,1644640000,1644720000,11229,3124
20559,1644720000,1644800000,4573,1490
20560,1644800000,1644880000,5546,2301
20561,1644880000,1644960000,6222,1843
20562,1644960000,1645040000,9293,2831
20563,1645040000,1645120000,7570,1985
20564,1645120000,1645200000,4410,1570
20565,1645200000,1645280000,6871,2424
20566,1645280000,1645360000,6101,1723
20567,1645360000,1645440000,11288,3122
20568,1645440000,1645520000,5221,1490
20569,1645520000,1645600000,5926,2328
20570,1645600000,1645680000,6419,1838
20571,1645680000,1645760000,9484,2834
20572,1645760000,1645840000,7497,1983
20573,1645840000,1645920000,4511,1541
20574,1645920000,1646000000,6731,2420
20575,1646000000,1646080000,6373,1723
20576,1646080000,1646160000,11204,3126
20577,1646160000,1646240000,4862,1490
20578,1646240000,1646320000,5805,2324
20579,1646320000,1646400000,6453,1834
20580,1646400000,1646480000,6706,2135
20581,1646480000,1646560000,8973,2776
20582,1646560000,1646640000,6156,1888
20583,1646640000,1646720000,9282,3290
20584,1646720000,1646800000,9103,2373
20585,1646800000,1646880000,4378,1529
20586,1646880000,1646960000,6616,2432
20587,1646960000,1647040000,5686,1713
20588,1647040000,1647120000,10882,2998
20589,1647120000,1647200000,5597,1674
20590,1647200000,1647280000,4791,1809
20591,1647280000,1647360000,6540,2153
20592,1647360000,1647440000,8107,2418
20593,1647440000,1647520000,9342,2432
20594,1647520000,1647600000,4680,1549
20595,1647600000,1647680000,6469,2434
20596,1647680000,1647760000,6575,1843
20597,1647760000,1647840000,10585,2995
20598,1647840000,1647920000,5472,1674
20599,1647920000,1648000000,4566,1813
20600,1648000000,1648080000,7003,2169
20601,1648080000,1648160000,7830,2422
20602,1648160000,1648240000,8817,2414
20603,1648240000,1648320000,4399,1554
20604,1648320000,1648400000,6973,2442
20605,1648400000,1648480000,6578,1856
20606,1648480000,1648560000,10551,2994
20607,1648560000,1648640000,5437,1666
20608,1648640000,1648720000,4650,1809
20609,1648720000,1648800000,7103,2157
20610,1648800000,1648880000,8089,2416
20611,1648880000,1648960000,9074,2428
20612,1648960000,1649040000,4955,1549
20613,1649040000,1649120000,6753,2448
20614,1649120000,1649200000,6889,1855
20615,1649200000,1649280000,10473,2990
20616,1649280000,1649360000,5593,1674
20617,1649360000,1649440000,4605,1805
20618,1649440000,1649520000,6824,2167
20619,1649520000,1649600000,8089,2413
20620,1649600000,1649680000,9074,2416
20621,1649680000,1649760000,4667,1533
20622,1649760000,1649840000,6608,2442
20623,1649840000,1649920000,7023,1855
20624,1649920000,1650000000,10866,2971
20625,1650000000,1650080000,5855,1681
20626,1650080000,1650160000,4465,1701
20627,1650160000,1650240000,6908,2046
20628,1650240000,1650320000,8077,2376
20629,1650320000,1650400000,8996,2289
20630,1650400000,1650480000,4458,1451
20631,1650480000,1650560000,6426,2274
20632,1650560000,1650640000,6510,1739
20633,1650640000,1650720000,10550,2979
20634,1650720000,1650800000,5408,1596
20635,1650800000,1650880000,4515,1679
20636,1650880000,1650960000,7181,2135
20637,1650960000,1651040000,7926,2408
20638,1651040000,1651120000,9332,2426
20639,1651120000,1651200000,4508,1507
20640,1651200000,1651280000,6466,2403
20641,1651280000,1651360000,6286,1812
20642,1651360000,1651440000,10959,2979
20643,1651440000,1651520000,5677,1673
20644,1651520000,1651600000,4744,1808
20645,1651600000,1651680000,6986,2155
20646,1651680000,1651760000,8244,2410
20647,1651760000,1651840000,9049,2424
20648,1651840000,1651920000,4318,1525
20649,1651920000,1652000000,6217,2438
20650,1652000000,1652080000,6709,1847
20651,1652080000,1652160000,10861,2975
20652,1652160000,1652240000,5387,1675
20653,1652240000,1652320000,4369,1812
20654,1652320000,1652400000,6851,2153
20655,1652400000,1652480000,7167,2153
20656,1652480000,1652560000,8292,2589
20657,1652560000,1652640000,7035,2137
20658,1652640000,1652720000,8066,2925
20659,1652720000,1652800000,9865,2689
20660,1652800000,1652880000,4840,1635
20661,1652880000,1652960000,6324,2368
20662,1652960000,1653040000,4851,1497
20663,1653040000,1653120000,11567,3190
20664,1653120000,1653200000,5518,1687
20665,1653200000,1653280000,4304,1798
20666,1653280000,1653360000,6665,2242
20667,1653360000,1653440000,6676,2004
20668,1653440000,1653520000,10188,2710
20669,1653520000,1653600000,4814,1673
20670,1653600000,1653680000,6168,2383
20671,1653680000,1653760000,5631,1624
20672,1653760000,1653840000,11432,3196
20673,1653840000,1653920000,5382,1695
20674,1653920000,1654000000,4316,1795
20675,1654000000,1654080000,6971,2238
20676,1654080000,1654160000,6810,2007
20677,1654160000,1654240000,9867,2716
20678,1654240000,1654320000,4727,1670
20679,1654320000,1654400000,6240,2386
20680,1654400000,1654480000,5611,1626
20681,1654480000,1654560000,11172,3186
20682,1654560000,1654640000,5672,1696
20683,1654640000,1654720000,4690,1770
20684,1654720000,1654800000,7305,2247
20685,1654800000,1654880000,6952,2007
20686,1654880000,1654960000,10005,2696
20687,1654960000,1655040000,5147,1671
20688,1655040000,1655120000,6435,2387
20689,1655120000,1655200000,5965,1640
20690,1655200000,1655280000,11075,3176
20691,1655280000,1655360000,5626,1699
20692,1655360000,1655440000,4414,1798
20693,1655440000,1655520000,6756,2248
20694,1655520000,1655600000,6861,2010
20695,1655600000,1655680000,9863,2677
20696,1655680000,1655760000,5008,1679
20697,1655760000,1655840000,6706,2384
20698,1655840000,1655920000,6225,1631
20699,1655920000,1656000000,11460,3174
20700,1656000000,1656080000,5855,1699
20701,1656080000,1656160000,4430,1781
20702,1656160000,1656240000,7129,2232
20703,1656240000,1656320000,6866,2005
20704,1656320000,1656400000,9762,2606
20705,1656400000,1656480000,5025,1560
20706,1656480000,1656560000,6335,2309
20707,1656560000,1656640000,5472,1513
20708,1656640000,1656720000,11264,3166
20709,1656720000,1656800000,5738,1695
20710,1656800000,1656880000,4572,1791
20711,1656880000,1656960000,7189,2248
20712,1656960000,1657040000,6863,1997
20713,1657040000,1657120000,9837,2692
20714,1657120000,1657200000,5115,1677
20715,1657200000,1657280000,6494,2383
20716,1657280000,1657360000,6052,1626
20717,1657360000,1657440000,11431,3163
20718,1657440000,1657520000,5944,1694
20719,1657520000,1657600000,4481,1723
20720,1657600000,1657680000,6886,2105
20721,1657680000,1657760000,6793,1962
20722,1657760000,1657840000,9633,2630
20723,1657840000,1657920000,5042,1619
20724,1657920000,1658000000,6271,2307
20725,1658000000,1658080000,5851,1628
20726,1658080000,1658160000,11270,3170
20727,1658160000,1658240000,5527,1655
20728,1658240000,1658320000,4182,1631
20729,1658320000,1658400000,6921,2218
20730,1658400000,1658480000,6359,1985
20731,1658480000,1658560000,6858,2315
20732,1658560000,1658640000,7634,2348
20733,1658640000,1658720000,7769,2719
20734,1658720000,1658800000,11103,3162
20735,1658800000,1658880000,4404,1478
20736,1658880000,1658960000,5865,2162
20737,1658960000,1659040000,4382,1370
20738,1659040000,1659120000,11068,3083
20739,1659120000,1659200000,5705,1674
20740,1659200000,1659280000,4775,1822
20741,1659280000,1659360000,6446,2220
20742,1659360000,1659440000,5403,1526
20743,1659440000,1659520000,11562,3173
20744,1659520000,1659600000,4362,1399
20745,1659600000,1659680000,6128,2241
20746,1659680000,1659760000,5399,1653
20747,1659760000,1659840000,11110,3140
20748,1659840000,1659920000,5836,1728
20749,1659920000,1660000000,4848,1815
20750,1660000000,1660080000,6393,2242
20751,1660080000,1660160000,5929,1590
20752,1660160000,1660240000,10867,3180
20753,1660240000,1660320000,4624,1522
20754,1660320000,1660400000,6110,2330
20755,1660400000,1660480000,5606,1667
20756,1660480000,1660560000,10986,3135
20757,1660560000,1660640000,6142,1732
20758,1660640000,1660720000,4876,1878
20759,1660720000,1660800000,6562,2283
20760,1660800000,1660880000,6081,1604
20761,1660880000,1660960000,11244,3179
20762,1660960000,1661040000,4818,1524
20763,1661040000,1661120000,5868,2332
20764,1661120000,1661200000,5788,1676
20765,1661200000,1661280000,10983,3133
20766,1661280000,1661360000,5891,1734
20767,1661360000,1661440000,4667,1874
20768,1661440000,1661520000,6828,2290
20769,1661520000,1661600000,6056,1601
20770,1661600000,1661680000,11209,3169
20771,1661680000,1661760000,4767,1520
20772,1661760000,1661840000,6067,2336
20773,1661840000,1661920000,5775,1669
20774,1661920000,1662000000,11181,3121
20775,1662000000,1662080000,6298,1731
20776,1662080000,1662160000,5216,1878
20777,1662160000,1662240000,6975,2292
20778,1662240000,1662320000,6304,1596
20779,1662320000,1662400000,11061,3089
20780,1662400000,1662480000,4456,1401
20781,1662480000,1662560000,5852,2258
20782,1662560000,1662640000,5623,1551
20783,1662640000,1662720000,10924,3107
20784,1662720000,1662800000,6113,1730
20785,1662800000,1662880000,4925,1873
20786,1662880000,1662960000,6707,2292
20787,1662960000,1663040000,6026,1592
20788,1663040000,1663120000,11009,3148
20789,1663120000,1663200000,4653,1524
20790,1663200000,1663280000,6218,2327
20791,1663280000,1663360000,5762,1674
20792,1663360000,1663440000,11163,3122
20793,1663440000,1663520000,6188,1730
20794,1663520000,1663600000,4870,1860
20795,1663600000,1663680000,6995,2273
20796,1663680000,1663760000,5961,1592
20797,1663760000,1663840000,10951,3166
20798,1663840000,1663920000,4593,1496
20799,1663920000,1664000000,6232,2336
20800,1664000000,1664080000,5315,1667
20801,1664080000,1664160000,10974,3109
20802,1664160000,1664240000,6033,1726
20803,1664240000,1664320000,4946,1875
20804,1664320000,1664400000,6750,2285
20805,1664400000,1664480000,5637,1616
20806,1664480000,1664560000,6966,2323
20807,1664560000,1664640000,8859,2609
20808,1664640000,1664720000,7546,2585
20809,1664720000,1664800000,11544,3331
20810,1664800000,1664880000,4426,1428
20811,1664880000,1664960000,5842,2313
20812,1664960000,1665040000,5315,1693
20813,1665040000,1665120000,9455,2831
20814,1665120000,1665200000,7703,1983
20815,1665200000,1665280000,4787,1561
20816,1665280000,1665360000,6633,2420
20817,1665360000,1665440000,5734,1720
20818,1665440000,1665520000,11510,3144
20819,1665520000,1665600000,4802,1486
20820,1665600000,1665680000,6118,2323
20821,1665680000,1665760000,6042,1827
20822,1665760000,1665840000,9457,2830
20823,1665840000,1665920000,7331,1986
20824,1665920000,1666000000,4462,1565
20825,1666000000,1666080000,6762,2424
20826,1666080000,1666160000,5971,1726
20827,1666160000,1666240000,11084,3150
20828,1666240000,1666320000,4776,1496
20829,1666320000,1666400000,5528,2189
20830,1666400000,1666480000,6113,1745
20831,1666480000,1666560000,9254,2811
20832,1666560000,1666640000,7523,1923
20833,1666640000,1666720000,4558,1538
20834,1666720000,1666800000,7101,2374
20835,1666800000,1666880000,6517,1726
20836,1666880000,1666960000,11212,3126
20837,1666960000,1667040000,4875,1410
20838,1667040000,1667120000,5847,2204
20839,1667120000,1667200000,6664,1830
20840,1667200000,1667280000,9465,2837
20841,1667280000,1667360000,7450,1978
20842,1667360000,1667440000,4469,1516
20843,1667440000,1667520000,6660,2391
20844,1667520000,1667600000,6172,1694
20845,1667600000,1667680000,11119,3127
20846,1667680000,1667760000,4997,1496
20847,1667760000,1667840000,5919,2323
20848,1667840000,1667920000,6527,1835
20849,1667920000,1668000000,9617,2825
20850,1668000000,1668080000,7745,1981
20851,1668080000,1668160000,4522,1569
20852,1668160000,1668240000,6742,2428
20853,1668240000,1668320000,6398,1720
20854,1668320000,1668400000,11384,3084
20855,1668400000,1668480000,4525,1355
20856,1668480000,1668560000,5418,2257
20857,1668560000,1668640000,5685,1708
20858,1668640000,1668720000,9332,2809
20859,1668720000,1668800000,7518,1986
20860,1668800000,1668880000,4256,1560
20861,1668880000,1668960000,6815,2425
20862,1668960000,1669040000,6116,1724
20863,1669040000,1669120000,11157,3120
20864,1669120000,1669200000,4531,1484
20865,1669200000,1669280000,5758,2330
20866,1669280000,1669360000,6220,1831
20867,1669360000,1669440000,9601,2828
20868,1669440000,1669520000,7699,1976
20869,1669520000,1669600000,4700,1563
20870,1669600000,1669680000,7060,2420
20871,1669680000,1669760000,6471,1716
20872,1669760000,1669840000,11225,3122
20873,1669840000,1669920000,4765,1466
20874,1669920000,1670000000,5783,2324
20875,1670000000,1670080000,5713,1822
20876,1670080000,1670160000,9332,2824
20877,1670160000,1670240000,7554,1975
20878,1670240000,1670320000,4534,1562
20879,1670320000,1670400000,6500,2420
20880,1670400000,1670480000,5786,1747
20881,1670480000,1670560000,6452,2188
20882,1670560000,1670640000,9466,2742
20883,1670640000,1670720000,7264,2383
20884,1670720000,1670800000,11447,3441
20885,1670800000,1670880000,5163,1620
20886,1670880000,1670960000,4862,1812
20887,1670960000,1671040000,6263,2048
20888,1671040000,1671120000,7880,2375
20889,1671120000,1671200000,9239,2434
20890,1671200000,1671280000,4538,1549
20891,1671280000,1671360000,6524,2434
20892,1671360000,1671440000,6034,1848
20893,1671440000,1671520000,11007,3000
20894,1671520000,1671600000,5490,1674
20895,1671600000,1671680000,4671,1812
20896,1671680000,1671760000,6485,2151
20897,1671760000,1671840000,7991,2413
20898,1671840000,1671920000,9165,2418
20899,1671920000,1672000000,4315,1546
20900,1672000000,1672080000,6939,2442
20901,1672080000,1672160000,6727,1849
20902,1672160000,1672240000,10658,3000
20903,1672240000,1672320000,5316,1664
20904,1672320000,1672400000,4521,1808
20905,1672400000,1672480000,7076,2155
20906,1672480000,1672560000,8105,2415
20907,1672560000,1672640000,9279,2427
20908,1672640000,1672720000,5013,1551
20909,1672720000,1672800000,6719,2448
20910,1672800000,1672880000,7023,1854
20911,1672880000,1672960000,10774,2990
20912,1672960000,1673040000,5880,1683
20913,1673040000,1673120000,4730,1805
20914,1673120000,1673200000,6980,2167
20915,1673200000,1673280000,7984,2414
20916,1673280000,1673360000,8918,2426
20917,1673360000,1673440000,4592,1549
20918,1673440000,1673520000,6650,2444
20919,1673520000,1673600000,6525,1848
20920,1673600000,1673680000,10792,2979
20921,1673680000,1673760000,5822,1678
20922,1673760000,1673840000,4438,1701
20923,1673840000,1673920000,7031,2059
20924,1673920000,1674000000,8166,2375
20925,1674000000,1674080000,8962,2350
20926,1674080000,1674160000,4588,1532
20927,1674160000,1674240000,6848,2368
20928,1674240000,1674320000,6900,1855
20929,1674320000,1674400000,10898,2945
20930,1674400000,1674480000,4971,1447
20931,1674480000,1674560000,4309,1599
20932,1674560000,1674640000,6798,2032
20933,1674640000,1674720000,7910,2367
20934,1674720000,1674800000,9225,2418
20935,1674800000,1674880000,4622,1509
20936,1674880000,1674960000,6459,2403
20937,1674960000,1675040000,6574,1817
20938,1675040000,1675120000,10718,2980
20939,1675120000,1675200000,5477,1675
20940,1675200000,1675280000,4653,1805
20941,1675280000,1675360000,7005,2159
20942,1675360000,1675440000,8124,2403
20943,1675440000,1675520000,9255,2416
20944,1675520000,1675600000,4761,1551
20945,1675600000,1675680000,6443,2438
20946,1675680000,1675760000,6575,1848
20947,1675760000,1675840000,10870,2980
20948,1675840000,1675920000,5400,1658
20949,1675920000,1676000000,4331,1812
20950,1676000000,1676080000,6424,2155
20951,1676080000,1676160000,7986,2403
20952,1676160000,1676240000,9094,2420
20953,1676240000,1676320000,4539,1547
20954,1676320000,1676400000,6620,2433
20955,1676400000,1676480000,6645,1845
20956,1676480000,1676560000,6490,2156
20957,1676560000,1676640000,8650,2638
20958,1676640000,1676720000,6131,2307
20959,1676720000,1676800000,11192,3618
20960,1676800000,1676880000,5356,1641
20961,1676880000,1676960000,4415,1796
20962,1676960000,1677040000,6406,2156
20963,1677040000,1677120000,6390,1948
20964,1677120000,1677200000,10144,2700
20965,1677200000,1677280000,4812,1670
20966,1677280000,1677360000,6131,2380
20967,1677360000,1677440000,5362,1627
20968,1677440000,1677520000,11712,3190
20969,1677520000,1677600000,5666,1698
20970,1677600000,1677680000,4472,1795
20971,1677680000,1677760000,7020,2239
20972,1677760000,1677840000,7041,2003
20973,1677840000,1677920000,9902,2700
20974,1677920000,1678000000,4971,1677
20975,1678000000,1678080000,6393,2387
20976,1678080000,1678160000,5715,1630
20977,1678160000,1678240000,11136,3203
20978,1678240000,1678320000,5741,1703
20979,1678320000,1678400000,4611,1798
20980,1678400000,1678480000,6791,2242
20981,1678480000,1678560000,6609,2005
20982,1678560000,1678640000,10006,2707
20983,1678640000,1678720000,5299,1673
20984,1678720000,1678800000,6398,2386
20985,1678800000,1678880000,5437,1638
20986,1678880000,1678960000,11280,3189
20987,1678960000,1679040000,5828,1705
20988,1679040000,1679120000,4634,1798
20989,1679120000,1679200000,6893,2253
20990,1679200000,1679280000,6815,2008
20991,1679280000,1679360000,9733,2665
20992,1679360000,1679440000,4786,1639
20993,1679440000,1679520000,6553,2380
20994,1679520000,1679600000,5783,1639
20995,1679600000,1679680000,11286,3179
20996,1679680000,1679760000,5836,1698
20997,1679760000,1679840000,4300,1781
20998,1679840000,1679920000,7058,2239
20999,1679920000,1680000000,7082,2001
21000,1680000000,1680080000,10058,2690
21001,1680080000,1680160000,5430,1674
21002,1680160000,1680240000,6596,2390
21003,1680240000,1680320000,6487,1640
21004,1680320000,1680400000,11489,3142
21005,1680400000,1680480000,5445,1585
21006,1680480000,1680560000,4297,1701
21007,1680560000,1680640000,6954,2135
21008,1680640000,1680720000,6909,1952
21009,1680720000,1680800000,9847,2692
21010,1680800000,1680880000,5160,1667
21011,1680880000,1680960000,6471,2387
21012,1680960000,1681040000,6216,1638
21013,1681040000,1681120000,11425,3179
21014,1681120000,1681200000,5898,1699
21015,1681200000,1681280000,4402,1719
21016,1681280000,1681360000,6908,2111
21017,1681360000,1681440000,6833,1956
21018,1681440000,1681520000,9956,2638
21019,1681520000,1681600000,5120,1641
21020,1681600000,1681680000,6484,2307
21021,1681680000,1681760000,6146,1628
21022,1681760000,1681840000,11401,3174
21023,1681840000,1681920000,5669,1658
21024,1681920000,1682000000,4194,1631
21025,1682000000,1682080000,6931,2220
21026,1682080000,1682160000,6732,1996
21027,1682160000,1682240000,9768,2688
21028,1682240000,1682320000,4951,1636
21029,1682320000,1682400000,6323,2347
21030,1682400000,1682480000,5409,1585
21031,1682480000,1682560000,5739,2209
21032,1682560000,1682640000,8007,2744
21033,1682640000,1682720000,6017,2161
21034,1682720000,1682800000,10774,3666
21035,1682800000,1682880000,4916,1540
21036,1682880000,1682960000,4735,1808
21037,1682960000,1683040000,6433,2183
21038,1683040000,1683120000,5266,1518
21039,1683120000,1683200000,10504,3158
21040,1683200000,1683280000,4074,1354
21041,1683280000,1683360000,6063,2244
21042,1683360000,1683440000,5084,1656
21043,1683440000,1683520000,10881,3140
21044,1683520000,1683600000,6025,1734
21045,1683600000,1683680000,5180,1818
21046,1683680000,1683760000,6493,2241
21047,1683760000,1683840000,5830,1583
21048,1683840000,1683920000,10289,3182
21049,1683920000,1684000000,4952,1524
21050,1684000000,1684080000,6042,2327
21051,1684080000,1684160000,5621,1667
21052,1684160000,1684240000,10425,3143
21053,1684240000,1684320000,6174,1739
21054,1684320000,1684400000,4680,1854
21055,1684400000,1684480000,6398,2283
21056,1684480000,1684560000,5984,1598
21057,1684560000,1684640000,11406,3176
21058,1684640000,1684720000,4955,1523
21059,1684720000,1684800000,5912,2331
21060,1684800000,1684880000,5690,1677
21061,1684880000,1684960000,11074,3138
21062,1684960000,1685040000,6518,1736
21063,1685040000,1685120000,4849,1877
21064,1685120000,1685200000,6940,2290
21065,1685200000,1685280000,6362,1600
21066,1685280000,1685360000,11217,3169
21067,1685360000,1685440000,4662,1524
21068,1685440000,1685520000,6036,2337
21069,1685520000,1685600000,5886,1677
21070,1685600000,1685680000,11062,3129
21071,1685680000,1685760000,6552,1735
21072,1685760000,1685840000,5182,1875
21073,1685840000,1685920000,7022,2291
21074,1685920000,1686000000,6404,1593
21075,1686000000,1686080000,11403,3174
21076,1686080000,1686160000,4993,1519
21077,1686160000,1686240000,6134,2331
21078,1686240000,1686320000,6075,1677
21079,1686320000,1686400000,11069,3097
21080,1686400000,1686480000,6342,1635
21081,1686480000,1686560000,4763,1782
21082,1686560000,1686640000,6251,2184
21083,1686640000,1686720000,6004,1522
21084,1686720000,1686800000,11193,3154
21085,1686800000,1686880000,4653,1515
21086,1686880000,1686960000,6203,2327
21087,1686960000,1687040000,6046,1679
21088,1687040000,1687120000,10947,3123
21089,1687120000,1687200000,6380,1728
21090,1687200000,1687280000,4715,1860
21091,1687280000,1687360000,6700,2276
21092,1687360000,1687440000,5901,1595
21093,1687440000,1687520000,11441,3164
21094,1687520000,1687600000,5064,1498
21095,1687600000,1687680000,6312,2330
21096,1687680000,1687760000,5841,1680
21097,1687760000,1687840000,11110,3128
21098,1687840000,1687920000,6099,1727
21099,1687920000,1688000000,4910,1855
21100,1688000000,1688080000,6581,2280
21101,1688080000,1688160000,5995,1595
21102,1688160000,1688240000,11180,3166
21103,1688240000,1688320000,4795,1518
21104,1688320000,1688400000,6074,2332
21105,1688400000,1688480000,5573,1666
21106,1688480000,1688560000,6147,2201
21107,1688560000,1688640000,8053,2757
21108,1688640000,1688720000,5943,2016
21109,1688720000,1688800000,10069,3705
21110,1688800000,1688880000,6890,1930
21111,1688880000,1688960000,4623,1557
21112,1688960000,1689040000,6643,2392
21113,1689040000,1689120000,5745,1606
21114,1689120000,1689200000,10733,3146
21115,1689200000,1689280000,4506,1486
21116,1689280000,1689360000,5872,2297
21117,1689360000,1689440000,6246,1825
21118,1689440000,1689520000,9419,2843
21119,1689520000,1689600000,7064,1986
21120,1689600000,1689680000,4445,1561
21121,1689680000,1689760000,6783,2416
21122,1689760000,1689840000,6077,1717
21123,1689840000,1689920000,10567,3136
21124,1689920000,1690000000,4667,1491
21125,1690000000,1690080000,5560,2187
21126,1690080000,1690160000,6036,1741
21127,1690160000,1690240000,8840,2815
21128,1690240000,1690320000,6888,1924
21129,1690320000,1690400000,4358,1539
21130,1690400000,1690480000,6782,2374
21131,1690480000,1690560000,5962,1725
21132,1690560000,1690640000,10484,3133
21133,1690640000,1690720000,4781,1408
21134,1690720000,1690800000,5887,2204
21135,1690800000,1690880000,6468,1832
21136,1690880000,1690960000,9178,2837
21137,1690960000,1691040000,7275,1989
21138,1691040000,1691120000,4864,1521
21139,1691120000,1691200000,6724,2393
21140,1691200000,1691280000,6068,1699
21141,1691280000,1691360000,10314,3133
21142,1691360000,1691440000,4912,1494
21143,1691440000,1691520000,5861,2321
21144,1691520000,1691600000,6228,1843
21145,1691600000,1691680000,9049,2830
21146,1691680000,1691760000,7538,1985
21147,1691760000,1691840000,4444,1570
21148,1691840000,1691920000,6670,2428
21149,1691920000,1692000000,6416,1723
21150,1692000000,1692080000,11576,3126
21151,1692080000,1692160000,4799,1494
21152,1692160000,1692240000,5666,2327
21153,1692240000,1692320000,6618,1841
21154,1692320000,1692400000,9614,2810
21155,1692400000,1692480000,7341,1884
21156,1692480000,1692560000,4053,1482
21157,1692560000,1692640000,6656,2319
21158,1692640000,1692720000,6299,1630
21159,1692720000,1692800000,11286,3122
21160,1692800000,1692880000,4660,1492
21161,1692880000,1692960000,5772,2330
21162,1692960000,1693040000,6357,1830
21163,1693040000,1693120000,9372,2834
21164,1693120000,1693200000,8007,1989
21165,1693200000,1693280000,4697,1566
21166,1693280000,1693360000,6796,2420
21167,1693360000,1693440000,6229,1715
21168,1693440000,1693520000,11537,3124
21169,1693520000,1693600000,4991,1490
21170,1693600000,1693680000,5851,2324
21171,1693680000,1693760000,6520,1824
21172,1693760000,1693840000,9404,2823
21173,1693840000,1693920000,7300,1976
21174,1693920000,1694000000,4368,1541
21175,1694000000,1694080000,6410,2418
21176,1694080000,1694160000,5517,1715
21177,1694160000,1694240000,11428,3122
21178,1694240000,1694320000,4328,1476
21179,1694320000,1694400000,5889,2323
21180,1694400000,1694480000,6158,1825
21181,1694480000,1694560000,6301,2140
21182,1694560000,1694640000,8000,2776
21183,1694640000,1694720000,5732,1887
21184,1694720000,1694800000,8868,3288
21185,1694800000,1694880000,8412,2362
21186,1694880000,1694960000,4354,1529
21187,1694960000,1695040000,6392,2428
21188,1695040000,1695120000,5742,1713
21189,1695120000,1695200000,10292,2992
21190,1695200000,1695280000,5078,1670
21191,1695280000,1695360000,4623,1813
21192,1695360000,1695440000,6432,2153
21193,1695440000,1695520000,7796,2418
21194,1695520000,1695600000,8440,2412
21195,1695600000,1695680000,4263,1546
21196,1695680000,1695760000,6834,2432
21197,1695760000,1695840000,6696,1848
21198,1695840000,1695920000,10166,2999
21199,1695920000,1696000000,5169,1656
21200,1696000000,1696080000,4552,1809
21201,1696080000,1696160000,6707,2145
21202,1696160000,1696240000,7642,2422
21203,1696240000,1696320000,8593,2436
21204,1696320000,1696400000,4954,1547
21205,1696400000,1696480000,6448,2438
21206,1696480000,1696560000,6440,1847
21207,1696560000,1696640000,10100,2996
21208,1696640000,1696720000,5689,1674
21209,1696720000,1696800000,4716,1805
21210,1696800000,1696880000,7225,2163
21211,1696880000,1696960000,7893,2416
21212,1696960000,1697040000,8485,2422
21213,1697040000,1697120000,4591,1555
21214,1697120000,1697200000,6759,2442
21215,1697200000,1697280000,6838,1855
21216,1697280000,1697360000,10093,2978
21217,1697360000,1697440000,5320,1674
21218,1697440000,1697520000,4296,1698
21219,1697520000,1697600000,6834,2058
21220,1697600000,1697680000,7723,2381
21221,1697680000,1697760000,8375,2354
21222,1697760000,1697840000,4637,1536
21223,1697840000,1697920000,6716,2368
21224,1697920000,1698000000,6829,1856
21225,1698000000,1698080000,10272,2981
21226,1698080000,1698160000,5310,1606
21227,1698160000,1698240000,4529,1678
21228,1698240000,1698320000,7065,2145
21229,1698320000,1698400000,8197,2412
21230,1698400000,1698480000,8341,2320
21231,1698480000,1698560000,4372,1400
21232,1698560000,1698640000,6263,2354
21233,1698640000,1698720000,6677,1745
21234,1698720000,1698800000,10004,2965
21235,1698800000,1698880000,5469,1674
21236,1698880000,1698960000,4699,1805
21237,1698960000,1699040000,7093,2165
21238,1699040000,1699120000,7841,2412
21239,1699120000,1699200000,8951,2426
21240,1699200000,1699280000,4432,1549
21241,1699280000,1699360000,6402,2448
21242,1699360000,1699440000,6674,1851
21243,1699440000,1699520000,11081,2973
21244,1699520000,1699600000,5521,1679
21245,1699600000,1699680000,4489,1812
21246,1699680000,1699760000,7141,2161
21247,1699760000,1699840000,8126,2412
21248,1699840000,1699920000,9035,2418
21249,1699920000,1700000000,4248,1529
21250,1700000000,1700080000,6555,2433
21251,1700080000,1700160000,6339,1848
21252,1700160000,1700240000,10944,2973
21253,1700240000,1700320000,5565,1679
21254,1700320000,1700400000,4511,1812
21255,1700400000,1700480000,6895,2151
21256,1700480000,1700560000,6571,2154
21257,1700560000,1700640000,7404,2589
21258,1700640000,1700720000,6422,2136
21259,1700720000,1700800000,7671,2925
21260,1700800000,1700880000,9245,2689
21261,1700880000,1700960000,4600,1635
21262,1700960000,1701040000,6129,2372
21263,1701040000,1701120000,4786,1497
21264,1701120000,1701200000,11035,3191
21265,1701200000,1701280000,5323,1695
21266,1701280000,1701360000,4430,1795
21267,1701360000,1701440000,6783,2241
21268,1701440000,1701520000,6568,2004
21269,1701520000,1701600000,9698,2704
21270,1701600000,1701680000,5045,1672
21271,1701680000,1701760000,6421,2387
21272,1701760000,1701840000,5477,1625
21273,1701840000,1701920000,10904,3187
21274,1701920000,1702000000,5685,1700
21275,1702000000,1702080000,4677,1794
21276,1702080000,1702160000,7148,2250
21277,1702160000,1702240000,6736,2012
21278,1702240000,1702320000,9207,2710
21279,1702320000,1702400000,4928,1674
21280,1702400000,1702480000,6372,2387
21281,1702480000,1702560000,5907,1629
21282,1702560000,1702640000,10680,3184
21283,1702640000,1702720000,5429,1698
21284,1702720000,1702800000,4581,1798
21285,1702800000,1702880000,7044,2247
21286,1702880000,1702960000,6925,2007
21287,1702960000,1703040000,9214,2680
21288,1703040000,1703120000,4983,1676
21289,1703120000,1703200000,6751,2382
21290,1703200000,1703280000,6114,1642
21291,1703280000,1703360000,10744,3185
21292,1703360000,1703440000,5396,1695
21293,1703440000,1703520000,4183,1763
21294,1703520000,1703600000,6943,2232
21295,1703600000,1703680000,6645,2010
21296,1703680000,1703760000,9310,2683
21297,1703760000,1703840000,5539,1678
21298,1703840000,1703920000,6546,2388
21299,1703920000,1704000000,6006,1640
21300,1704000000,1704080000,10981,3174
21301,1704080000,1704160000,5965,1699
21302,1704160000,1704240000,4618,1795
21303,1704240000,1704320000,7268,2247
21304,1704320000,1704400000,7070,2010
21305,1704400000,1704480000,9143,2600
21306,1704480000,1704560000,4941,1556
21307,1704560000,1704640000,6216,2300
21308,1704640000,1704720000,5938,1522
21309,1704720000,1704800000,10862,3155
21310,1704800000,1704880000,5672,1690
21311,1704880000,1704960000,4378,1719
21312,1704960000,1705040000,7005,2108
21313,1705040000,1705120000,6873,1963
21314,1705120000,1705200000,9199,2640
21315,1705200000,1705280000,5052,1640
21316,1705280000,1705360000,6500,2307
21317,1705360000,1705440000,6263,1627
21318,1705440000,1705520000,10917,3170
21319,1705520000,1705600000,5704,1655
21320,1705600000,1705680000,4377,1631
21321,1705680000,1705760000,7336,2220
21322,1705760000,1705840000,6815,2003
21323,1705840000,1705920000,9268,2690
21324,1705920000,1706000000,5024,1618
21325,1706000000,1706080000,6329,2346
21326,1706080000,1706160000,5426,1592
21327,1706160000,1706240000,10811,3170
21328,1706240000,1706320000,5458,1693
21329,1706320000,1706400000,4525,1795
21330,1706400000,1706480000,6960,2239
21331,1706480000,1706560000,6114,1988
21332,1706560000,1706640000,6231,2318
21333,1706640000,1706720000,6911,2341
21334,1706720000,1706800000,7304,2715
21335,1706800000,1706880000,10418,3148
21336,1706880000,1706960000,4156,1359
21337,1706960000,1707040000,6028,2217
21338,1707040000,1707120000,4848,1529
21339,1707120000,1707200000,10824,3130
21340,1707200000,1707280000,5742,1725
21341,1707280000,1707360000,4884,1814
21342,1707360000,1707440000,6206,2231
21343,1707440000,1707520000,5715,1587
21344,1707520000,1707600000,10594,3175
21345,1707600000,1707680000,5022,1520
21346,1707680000,1707760000,6312,2330
21347,1707760000,1707840000,5555,1662
21348,1707840000,1707920000,10596,3137
21349,1707920000,1708000000,5936,1732
21350,1708000000,1708080000,4776,1878
21351,1708080000,1708160000,6453,2291
21352,1708160000,1708240000,5166,1596
21353,1708240000,1708320000,10319,3188
21354,1708320000,1708400000,4778,1525
21355,1708400000,1708480000,5886,2333
21356,1708480000,1708560000,4859,1673
21357,1708560000,1708640000,10481,3122
21358,1708640000,1708720000,6000,1737
21359,1708720000,1708800000,4962,1877
21360,1708800000,1708880000,6865,2287
21361,1708880000,1708960000,5773,1597
21362,1708960000,1709040000,10773,3179
21363,1709040000,1709120000,4979,1524
21364,1709120000,1709200000,6192,2338
21365,1709200000,1709280000,5619,1669
21366,1709280000,1709360000,10686,3129
21367,1709360000,1709440000,6078,1727
21368,1709440000,1709520000,5041,1871
21369,1709520000,1709600000,6941,2293
21370,1709600000,1709680000,5997,1601
21371,1709680000,1709760000,10537,3165
21372,1709760000,1709840000,5173,1516
21373,1709840000,1709920000,6132,2331
21374,1709920000,1710000000,5517,1680
21375,1710000000,1710080000,10752,3119
21376,1710080000,1710160000,6200,1727
21377,1710160000,1710240000,5037,1876
21378,1710240000,1710320000,6651,2282
21379,1710320000,1710400000,6219,1604
21380,1710400000,1710480000,10474,3087
21381,1710480000,1710560000,4627,1397
21382,1710560000,1710640000,6104,2256
21383,1710640000,1710720000,5410,1552
21384,1710720000,1710800000,10701,3109
21385,1710800000,1710880000,5861,1730
21386,1710880000,1710960000,4643,1859
21387,1710960000,1711040000,6728,2266
21388,1711040000,1711120000,6145,1599
21389,1711120000,1711200000,10480,3170
21390,1711200000,1711280000,4961,1514
21391,1711280000,1711360000,6309,2338
21392,1711360000,1711440000,5969,1666
21393,1711440000,1711520000,10835,3123
21394,1711520000,1711600000,5853,1727
21395,1711600000,1711680000,5149,1874
21396,1711680000,1711760000,6819,2279
21397,1711760000,1711840000,6111,1603
21398,1711840000,1711920000,10392,3162
21399,1711920000,1712000000,4577,1496
21400,1712000000,1712080000,6055,2332
21401,1712080000,1712160000,5041,1661
21402,1712160000,1712240000,10793,3117
21403,1712240000,1712320000,5523,1721
21404,1712320000,1712400000,4686,1798
21405,1712400000,1712480000,6315,2145
21406,1712480000,1712560000,5246,1554
21407,1712560000,1712640000,6152,2326
21408,1712640000,1712720000,7927,2608
21409,1712720000,1712800000,7001,2585
21410,1712800000,1712880000,10815,3325
21411,1712880000,1712960000,4838,1442
21412,1712960000,1713040000,5927,2312
21413,1713040000,1713120000,5384,1704
21414,1713120000,1713200000,9293,2829
21415,1713200000,1713280000,7173,1988
21416,1713280000,1713360000,4375,1561
21417,1713360000,1713440000,6603,2415
21418,1713440000,1713520000,5764,1720
21419,1713520000,1713600000,11039,3142
21420,1713600000,1713680000,4783,1486
21421,1713680000,1713760000,5644,2189
21422,1713760000,1713840000,5756,1729
21423,1713840000,1713920000,9209,2810
21424,1713920000,1714000000,6842,1921
21425,1714000000,1714080000,4234,1506
21426,1714080000,1714160000,6616,2364
21427,1714160000,1714240000,5955,1726
21428,1714240000,1714320000,10458,3140
21429,1714320000,1714400000,4350,1406
21430,1714400000,1714480000,5747,2202
21431,1714480000,1714560000,5796,1824
21432,1714560000,1714640000,9058,2839
21433,1714640000,1714720000,7218,1983
21434,1714720000,1714800000,4699,1517
21435,1714800000,1714880000,6703,2391
21436,1714880000,1714960000,5897,1692
21437,1714960000,1715040000,10522,3134
21438,1715040000,1715120000,4891,1488
21439,1715120000,1715200000,5993,2321
21440,1715200000,1715280000,6338,1837
21441,1715280000,1715360000,9108,2833
21442,1715360000,1715440000,6776,1978
21443,1715440000,1715520000,4283,1565
21444,1715520000,1715600000,6593,2428
21445,1715600000,1715680000,5982,1728
21446,1715680000,1715760000,10631,3133
21447,1715760000,1715840000,4991,1496
21448,1715840000,1715920000,5608,2327
21449,1715920000,1716000000,6144,1837
21450,1716000000,1716080000,9338,2825
21451,1716080000,1716160000,7332,1986
21452,1716160000,1716240000,4519,1566
21453,1716240000,1716320000,6981,2424
21454,1716320000,1716400000,6100,1718
21455,1716400000,1716480000,10768,3084
21456,1716480000,1716560000,4664,1359
21457,1716560000,1716640000,5570,2258
21458,1716640000,1716720000,5821,1707
21459,1716720000,1716800000,9179,2805
21460,1716800000,1716880000,7316,1980
21461,1716880000,1716960000,4523,1560
21462,1716960000,1717040000,6934,2430
21463,1717040000,1717120000,6056,1722
21464,1717120000,1717200000,10608,3128
21465,1717200000,1717280000,4858,1482
21466,1717280000,1717360000,5727,2302
21467,1717360000,1717440000,6259,1838
21468,1717440000,1717520000,9289,2824
21469,1717520000,1717600000,7234,1975
21470,1717600000,1717680000,4617,1562
21471,1717680000,1717760000,6591,2420
21472,1717760000,1717840000,6443,1720
21473,1717840000,1717920000,10671,3118
21474,1717920000,1718000000,3987,1455
21475,1718000000,1718080000,5861,2323
21476,1718080000,1718160000,6422,1831
21477,1718160000,1718240000,9312,2824
21478,1718240000,1718320000,6932,1980
21479,1718320000,1718400000,4189,1549
21480,1718400000,1718480000,6608,2402
21481,1718480000,1718560000,6107,1751
21482,1718560000,1718640000,5976,2191
21483,1718640000,1718720000,8471,2741
21484,1718720000,1718800000,6702,2383
21485,1718800000,1718880000,10816,3447
21486,1718880000,1718960000,5103,1618
21487,1718960000,1719040000,4544,1788
21488,1719040000,1719120000,6025,2054
21489,1719120000,1719200000,7719,2375
21490,1719200000,1719280000,8436,2414
21491,1719280000,1719360000,4110,1546
21492,1719360000,1719440000,6713,2432
21493,1719440000,1719520000,6472,1849
21494,1719520000,1719600000,10577,2992
21495,1719600000,1719680000,5520,1660
21496,1719680000,1719760000,4588,1808
21497,1719760000,1719840000,6722,2141
21498,1719840000,1719920000,8081,2413
21499,1719920000,1720000000,8513,2424
21500,1720000000,1720080000,4722,1549
21501,1720080000,1720160000,6538,2438
21502,1720160000,1720240000,6604,1854
21503,1720240000,1720320000,10017,3000
21504,1720320000,1720400000,5467,1684
21505,1720400000,1720480000,4648,1808
21506,1720480000,1720560000,6690,2159
21507,1720560000,1720640000,7799,2413
21508,1720640000,1720720000,8688,2433
21509,1720720000,1720800000,4759,1553
21510,1720800000,1720880000,6658,2434
21511,1720880000,1720960000,6941,1856
21512,1720960000,1721040000,10382,2992
21513,1721040000,1721120000,5663,1677
21514,1721120000,1721200000,4406,1698
21515,1721200000,1721280000,6859,2056
21516,1721280000,1721360000,7943,2378
21517,1721360000,1721440000,8291,2364
21518,1721440000,1721520000,4330,1526
21519,1721520000,1721600000,6610,2368
21520,1721600000,1721680000,6781,1849
21521,1721680000,1721760000,10202,2979
21522,1721760000,1721840000,5421,1604
21523,1721840000,1721920000,4530,1678
21524,1721920000,1722000000,7092,2143
21525,1722000000,1722080000,7928,2403
21526,1722080000,1722160000,8738,2420
21527,1722160000,1722240000,4857,1489
21528,1722240000,1722320000,6564,2411
21529,1722320000,1722400000,6401,1821
21530,1722400000,1722480000,10174,2945
21531,1722480000,1722560000,5392,1544
21532,1722560000,1722640000,4533,1740
21533,1722640000,1722720000,6476,2040
21534,1722720000,1722800000,7652,2371
21535,1722800000,1722880000,8426,2417
21536,1722880000,1722960000,4342,1549
21537,1722960000,1723040000,6543,2448
21538,1723040000,1723120000,6393,1856
21539,1723120000,1723200000,10150,2986
21540,1723200000,1723280000,5424,1677
21541,1723280000,1723360000,4397,1809
21542,1723360000,1723440000,6839,2160
21543,1723440000,1723520000,8054,2407
21544,1723520000,1723600000,8875,2420
21545,1723600000,1723680000,4480,1547
21546,1723680000,1723760000,6722,2443
21547,1723760000,1723840000,7028,1849
21548,1723840000,1723920000,10408,2980
21549,1723920000,1724000000,5126,1658
21550,1724000000,1724080000,4469,1812
21551,1724080000,1724160000,6847,2161
21552,1724160000,1724240000,8000,2403
21553,1724240000,1724320000,8688,2416
21554,1724320000,1724400000,4624,1548
21555,1724400000,1724480000,6777,2444
21556,1724480000,1724560000,6812,1841
21557,1724560000,1724640000,5955,2159
21558,1724640000,1724720000,8365,2638
21559,1724720000,1724800000,6162,2303
21560,1724800000,1724880000,11091,3616
21561,1724880000,1724960000,5230,1640
21562,1724960000,1725040000,4380,1793
21563,1725040000,1725120000,6606,2151
21564,1725120000,1725200000,6535,1948
21565,1725200000,1725280000,9608,2696
21566,1725280000,1725360000,4693,1667
21567,1725360000,1725440000,6367,2384
21568,1725440000,1725520000,5554,1626
21569,1725520000,1725600000,11280,3191
21570,1725600000,1725680000,5672,1699
21571,1725680000,1725760000,4801,1798
21572,1725760000,1725840000,7188,2242
21573,1725840000,1725920000,6835,2001
21574,1725920000,1726000000,9386,2702
21575,1726000000,1726080000,5258,1677
21576,1726080000,1726160000,6499,2388
21577,1726160000,1726240000,5729,1637
21578,1726240000,1726320000,10717,3199
21579,1726320000,1726400000,5814,1705
21580,1726400000,1726480000,4522,1798
21581,1726480000,1726560000,6732,2253
21582,1726560000,1726640000,6652,2008
21583,1726640000,1726720000,9474,2691
21584,1726720000,1726800000,5215,1674
21585,1726800000,1726880000,6723,2383
21586,1726880000,1726960000,6138,1639
21587,1726960000,1727040000,10990,3186
21588,1727040000,1727120000,5669,1698
21589,1727120000,1727200000,4355,1781
21590,1727200000,1727280000,6873,2232
21591,1727280000,1727360000,6753,2004
21592,1727360000,1727440000,9174,2691
21593,1727440000,1727520000,5268,1677
21594,1727520000,1727600000,6486,2391
21595,1727600000,1727680000,5934,1632
21596,1727680000,1727760000,10880,3179
21597,1727760000,1727840000,5813,1703
21598,1727840000,1727920000,4594,1795
21599,1727920000,1728000000,7251,2252
21600,1728000000,1728080000,7072,2002
21601,1728080000,1728160000,9570,2696
21602,1728160000,1728240000,5388,1670
21603,1728240000,1728320000,6609,2386
21604,1728320000,1728400000,6219,1640
21605,1728400000,1728480000,11106,3133
21606,1728480000,1728560000,5706,1586
21607,1728560000,1728640000,4121,1637
21608,1728640000,1728720000,6712,2013
21609,1728720000,1728800000,6894,1948
21610,1728800000,1728880000,9276,2636
21611,1728880000,1728960000,5140,1636
21612,1728960000,1729040000,6512,2306
21613,1729040000,1729120000,6173,1628
21614,1729120000,1729200000,10943,3178
21615,1729200000,1729280000,5738,1658
21616,1729280000,1729360000,4254,1631
21617,1729360000,1729440000,7319,2215
21618,1729440000,1729520000,6851,1994
21619,1729520000,1729600000,9607,2688
21620,1729600000,1729680000,5174,1636
21621,1729680000,1729760000,6396,2346
21622,1729760000,1729840000,5588,1588
21623,1729840000,1729920000,10900,3174
21624,1729920000,1730000000,5190,1696
21625,1730000000,1730080000,4488,1775
21626,1730080000,1730160000,6876,2238
21627,1730160000,1730240000,6778,1994
21628,1730240000,1730320000,9187,2688
21629,1730320000,1730400000,4865,1670
21630,1730400000,1730480000,6195,2386
21631,1730480000,1730560000,5716,1624
21632,1730560000,1730640000,6022,2208
21633,1730640000,1730720000,8282,2744
21634,1730720000,1730800000,6178,2161
21635,1730800000,1730880000,10890,3686
21636,1730880000,1730960000,5637,1673
21637,1730960000,1731040000,4933,1817
21638,1731040000,1731120000,6045,2157
21639,1731120000,1731200000,5177,1490
21640,1731200000,1731280000,10606,3164
21641,1731280000,1731360000,4789,1518
21642,1731360000,1731440000,6132,2327
21643,1731440000,1731520000,5014,1638
21644,1731520000,1731600000,10934,3142
21645,1731600000,1731680000,5719,1737
21646,1731680000,1731760000,4805,1876
21647,1731760000,1731840000,6616,2283
21648,1731840000,1731920000,5656,1592
21649,1731920000,1732000000,10368,3180
21650,1732000000,1732080000,4231,1514
21651,1732080000,1732160000,5983,2332
21652,1732160000,1732240000,5556,1676
21653,1732240000,1732320000,10322,3138
21654,1732320000,1732400000,5395,1733
21655,1732400000,1732480000,4630,1874
21656,1732480000,1732560000,6816,2290
21657,1732560000,1732640000,5863,1598
21658,1732640000,1732720000,10775,3178
21659,1732720000,1732800000,4806,1520
21660,1732800000,1732880000,6221,2338
21661,1732880000,1732960000,5633,1674
21662,1732960000,1733040000,10776,3137
21663,1733040000,1733120000,6148,1738
21664,1733120000,1733200000,5295,1871
21665,1733200000,1733280000,6952,2292
21666,1733280000,1733360000,6114,1593
21667,1733360000,1733440000,10635,3163
21668,1733440000,1733520000,4760,1524
21669,1733520000,1733600000,6073,2333
21670,1733600000,1733680000,5701,1673
21671,1733680000,1733760000,10595,3127
21672,1733760000,1733840000,5760,1735
21673,1733840000,1733920000,5064,1875
21674,1733920000,1734000000,6750,2283
21675,1734000000,1734080000,6165,1595
21676,1734080000,1734160000,10868,3158
21677,1734160000,1734240000,4919,1525
21678,1734240000,1734320000,6353,2330
21679,1734320000,1734400000,5814,1666
21680,1734400000,1734480000,10967,3098
21681,1734480000,1734560000,5808,1634
21682,1734560000,1734640000,4532,1783
21683,1734640000,1734720000,6623,2172
21684,1734720000,1734800000,5712,1517
21685,1734800000,1734880000,10631,3164
21686,1734880000,1734960000,5212,1521
21687,1734960000,1735040000,6355,2337
21688,1735040000,1735120000,5689,1662
21689,1735120000,1735200000,10683,3122
21690,1735200000,1735280000,6215,1728
21691,1735280000,1735360000,5062,1870
21692,1735360000,1735440000,6754,2280
21693,1735440000,1735520000,6106,1593
21694,1735520000,1735600000,10823,3166
21695,1735600000,1735680000,4929,1519
21696,1735680000,1735760000,6177,2331
21697,1735760000,1735840000,5687,1662
21698,1735840000,1735920000,11003,3125
21699,1735920000,1736000000,5530,1730
21700,1736000000,1736080000,4720,1802
21701,1736080000,1736160000,6408,2145
21702,1736160000,1736240000,6134,1527
21703,1736240000,1736320000,10547,3125
21704,1736320000,1736400000,4319,1478
21705,1736400000,1736480000,6050,2258
21706,1736480000,1736560000,5896,1661
21707,1736560000,1736640000,6234,2200
21708,1736640000,1736720000,8249,2757
21709,1736720000,1736800000,5961,2016
21710,1736800000,1736880000,10160,3707
21711,1736880000,1736960000,6915,1925
21712,1736960000,1737040000,4426,1557
21713,1737040000,1737120000,6640,2388
21714,1737120000,1737200000,5348,1606
21715,1737200000,1737280000,10948,3138
21716,1737280000,1737360000,4364,1483
21717,1737360000,1737440000,5617,2187
21718,1737440000,1737520000,5506,1729
21719,1737520000,1737600000,9314,2814
21720,1737600000,1737680000,6931,1923
21721,1737680000,1737760000,4357,1537
21722,1737760000,1737840000,6685,2364
21723,1737840000,1737920000,6051,1717
21724,1737920000,1738000000,10638,3140
21725,1738000000,1738080000,4297,1404
21726,1738080000,1738160000,5762,2204
21727,1738160000,1738240000,5662,1815
21728,1738240000,1738320000,8869,2834
21729,1738320000,1738400000,7026,1990
21730,1738400000,1738480000,4404,1517
21731,1738480000,1738560000,6420,2381
21732,1738560000,1738640000,5639,1697
21733,1738640000,1738720000,10439,3137
21734,1738720000,1738800000,4669,1486
21735,1738800000,1738880000,5971,2321
21736,1738880000,1738960000,6195,1839
21737,1738960000,1739040000,9128,2840
21738,1739040000,1739120000,7014,1987
21739,1739120000,1739200000,4328,1565
21740,1739200000,1739280000,6663,2430
21741,1739280000,1739360000,6173,1725
21742,1739360000,1739440000,10422,3125
21743,1739440000,1739520000,4520,1488
21744,1739520000,1739600000,5484,2325
21745,1739600000,1739680000,6164,1843
21746,1739680000,1739760000,9038,2829
21747,1739760000,1739840000,7065,1981
21748,1739840000,1739920000,4332,1565
21749,1739920000,1740000000,6907,2426
21750,1740000000,1740080000,6416,1723
21751,1740080000,1740160000,11006,3126
21752,1740160000,1740240000,4863,1494
21753,1740240000,1740320000,5870,2328
21754,1740320000,1740400000,6644,1840
21755,1740400000,1740480000,9394,2810
21756,1740480000,1740560000,7000,1891
21757,1740560000,1740640000,4378,1479
21758,1740640000,1740720000,6819,2331
21759,1740720000,1740800000,5708,1622
21760,1740800000,1740880000,10733,3126
21761,1740880000,1740960000,4827,1490
21762,1740960000,1741040000,5810,2326
21763,1741040000,1741120000,6271,1836
21764,1741120000,1741200000,9191,2830
21765,1741200000,1741280000,7238,1988
21766,1741280000,1741360000,4588,1570
21767,1741360000,1741440000,6470,2419
21768,1741440000,1741520000,6216,1721
21769,1741520000,1741600000,10974,3108
21770,1741600000,1741680000,4936,1482
21771,1741680000,1741760000,6050,2323
21772,1741760000,1741840000,6305,1829
21773,1741840000,1741920000,9304,2831
21774,1741920000,1742000000,7214,1976
21775,1742000000,1742080000,4129,1507
21776,1742080000,1742160000,6470,2402
21777,1742160000,1742240000,5650,1715
21778,1742240000,1742320000,10631,3120
21779,1742320000,1742400000,5036,1494
21780,1742400000,1742480000,5971,2328
21781,1742480000,1742560000,5907,1824
21782,1742560000,1742640000,6429,2139
21783,1742640000,1742720000,8111,2776
21784,1742720000,1742800000,5769,1887
21785,1742800000,1742880000,8902,3289
21786,1742880000,1742960000,8434,2349
21787,1742960000,1743040000,4191,1530
21788,1743040000,1743120000,6771,2421
21789,1743120000,1743200000,5831,1714
21790,1743200000,1743280000,10493,2988
21791,1743280000,1743360000,5332,1656
21792,1743360000,1743440000,4600,1809
21793,1743440000,1743520000,6268,2139
21794,1743520000,1743600000,8063,2416
21795,1743600000,1743680000,8897,2436
21796,1743680000,1743760000,5059,1549
21797,1743760000,1743840000,6595,2438
21798,1743840000,1743920000,6454,1847
21799,1743920000,1744000000,10237,3001
21800,1744000000,1744080000,5437,1674
21801,1744080000,1744160000,4702,1805
21802,1744160000,1744240000,6590,2159
21803,1744240000,1744320000,7628,2420
21804,1744320000,1744400000,8523,2428
21805,1744400000,1744480000,4409,1551
21806,1744480000,1744560000,6507,2442
21807,1744560000,1744640000,6503,1853
21808,1744640000,1744720000,10338,2984
21809,1744720000,1744800000,5757,1678
21810,1744800000,1744880000,4513,1698
21811,1744880000,1744960000,6915,2058
21812,1744960000,1745040000,7882,2388
21813,1745040000,1745120000,8573,2356
21814,1745120000,1745200000,4607,1526
21815,1745200000,1745280000,6758,2368
21816,1745280000,1745360000,6840,1856
21817,1745360000,1745440000,10077,2988
21818,1745440000,1745520000,5176,1600
21819,1745520000,1745600000,4419,1679
21820,1745600000,1745680000,6843,2153
21821,1745680000,1745760000,7782,2409
21822,1745760000,1745840000,8677,2420
21823,1745840000,1745920000,4724,1511
21824,1745920000,1746000000,6557,2411
21825,1746000000,1746080000,6494,1820
21826,1746080000,1746160000,10281,2979
21827,1746160000,1746240000,5522,1679
21828,1746240000,1746320000,4706,1808
21829,1746320000,1746400000,7070,2168
21830,1746400000,1746480000,8090,2412
21831,1746480000,1746560000,8090,2318
21832,1746560000,1746640000,4019,1456
21833,1746640000,1746720000,6286,2360
21834,1746720000,1746800000,6317,1746
21835,1746800000,1746880000,10089,2971
21836,1746880000,1746960000,5126,1674
21837,1746960000,1747040000,4314,1785
21838,1747040000,1747120000,6858,2171
21839,1747120000,1747200000,7749,2408
21840,1747200000,1747280000,8602,2418
21841,1747280000,1747360000,4526,1555
21842,1747360000,1747440000,6667,2441
21843,1747440000,1747520000,6474,1856
21844,1747520000,1747600000,10477,2973
21845,1747600000,1747680000,5873,1675
21846,1747680000,1747760000,4669,1812
21847,1747760000,1747840000,7117,2167
21848,1747840000,1747920000,8016,2412
21849,1747920000,1748000000,8684,2422
21850,1748000000,1748080000,4589,1526
21851,1748080000,1748160000,6577,2436
21852,1748160000,1748240000,6739,1856
21853,1748240000,1748320000,10388,2977
21854,1748320000,1748400000,5497,1675
21855,1748400000,1748480000,4585,1808
21856,1748480000,1748560000,7064,2163
21857,1748560000,1748640000,6672,2153
21858,1748640000,1748720000,7553,2589
21859,1748720000,1748800000,6537,2136
21860,1748800000,1748880000,7810,2925
21861,1748880000,1748960000,9563,2692
21862,1748960000,1749040000,4817,1634
21863,1749040000,1749120000,6447,2374
21864,1749120000,1749200000,4887,1500
21865,1749200000,1749280000,11186,3188
21866,1749280000,1749360000,5740,1694
21867,1749360000,1749440000,4630,1794
21868,1749440000,1749520000,6819,2240
21869,1749520000,1749600000,6632,2006
21870,1749600000,1749680000,9917,2702
21871,1749680000,1749760000,5137,1672
21872,1749760000,1749840000,6398,2383
21873,1749840000,1749920000,5685,1621
21874,1749920000,1750000000,10955,3187
21875,1750000000,1750080000,5576,1694
21876,1750080000,1750160000,4501,1798
21877,1750160000,1750240000,7071,2253
21878,1750240000,1750320000,6641,2009
21879,1750320000,1750400000,9266,2692
21880,1750400000,1750480000,4856,1677
21881,1750480000,1750560000,6714,2383
21882,1750560000,1750640000,5853,1642
21883,1750640000,1750720000,10815,3187
21884,1750720000,1750800000,5607,1701
21885,1750800000,1750880000,4405,1781
21886,1750880000,1750960000,7229,2237
21887,1750960000,1751040000,6866,2010
21888,1751040000,1751120000,9450,2700
21889,1751120000,1751200000,5384,1671
21890,1751200000,1751280000,6620,2391
21891,1751280000,1751360000,6098,1640
21892,1751360000,1751440000,10800,3183
21893,1751440000,1751520000,5611,1695
21894,1751520000,1751600000,4518,1791
21895,1751600000,1751680000,6916,2247
21896,1751680000,1751760000,6905,2010
21897,1751760000,1751840000,9450,2691
21898,1751840000,1751920000,5175,1655
21899,1751920000,1752000000,6464,2383
21900,1752000000,1752080000,6189,1640
21901,1752080000,1752160000,11207,3163
21902,1752160000,1752240000,5931,1700
21903,1752240000,1752320000,4460,1723
21904,1752320000,1752400000,6935,2103
21905,1752400000,1752480000,6838,1964
21906,1752480000,1752560000,9384,2574
21907,1752560000,1752640000,5041,1556
21908,1752640000,1752720000,6315,2227
21909,1752720000,1752800000,5650,1516
21910,1752800000,1752880000,10898,3164
21911,1752880000,1752960000,5599,1651
21912,1752960000,1753040000,4255,1631
21913,1753040000,1753120000,7273,2218
21914,1753120000,1753200000,6787,2001
21915,1753200000,1753280000,9533,2698
21916,1753280000,1753360000,5043,1635
21917,1753360000,1753440000,6359,2345
21918,1753440000,1753520000,5441,1592
21919,1753520000,1753600000,10950,3168
21920,1753600000,1753680000,5668,1693
21921,1753680000,1753760000,4711,1795
21922,1753760000,1753840000,7038,2238
21923,1753840000,1753920000,6970,2005
21924,1753920000,1754000000,9194,2688
21925,1754000000,1754080000,4799,1648
21926,1754080000,1754160000,6119,2387
21927,1754160000,1754240000,5794,1625
21928,1754240000,1754320000,10946,3165
21929,1754320000,1754400000,5400,1694
21930,1754400000,1754480000,4292,1798
21931,1754480000,1754560000,6920,2241
21932,1754560000,1754640000,6627,1987
21933,1754640000,1754720000,6637,2317
21934,1754720000,1754800000,7149,2347
21935,1754800000,1754880000,7390,2719
21936,1754880000,1754960000,10579,3159
21937,1754960000,1755040000,4544,1480
21938,1755040000,1755120000,6099,2316
21939,1755120000,1755200000,4681,1540
21940,1755200000,1755280000,10874,3132
21941,1755280000,1755360000,5732,1722
21942,1755360000,1755440000,4727,1875
21943,1755440000,1755520000,6483,2283
21944,1755520000,1755600000,5638,1596
21945,1755600000,1755680000,10931,3185
21946,1755680000,1755760000,4563,1520
21947,1755760000,1755840000,5926,2333
21948,1755840000,1755920000,5386,1660
21949,1755920000,1756000000,10817,3139
21950,1756000000,1756080000,5594,1733
21951,1756080000,1756160000,4681,1875
21952,1756160000,1756240000,6703,2279
21953,1756240000,1756320000,6010,1597
21954,1756320000,1756400000,10573,3186
21955,1756400000,1756480000,4527,1519
21956,1756480000,1756560000,5969,2335
21957,1756560000,1756640000,5367,1662
21958,1756640000,1756720000,10664,3133
21959,1756720000,1756800000,5967,1730
21960,1756800000,1756880000,5099,1848
21961,1756880000,1756960000,7010,2290
21962,1756960000,1757040000,6128,1597
21963,1757040000,1757120000,10885,3171
21964,1757120000,1757200000,4931,1518
21965,1757200000,1757280000,6149,2333
21966,1757280000,1757360000,5747,1677
21967,1757360000,1757440000,10657,3128
21968,1757440000,1757520000,5872,1729
21969,1757520000,1757600000,4876,1878
21970,1757600000,1757680000,6511,2290
21971,1757680000,1757760000,5945,1602
21972,1757760000,1757840000,10700,3147
21973,1757840000,1757920000,4781,1526
21974,1757920000,1758000000,6310,2330
21975,1758000000,1758080000,6072,1671
21976,1758080000,1758160000,10939,3120
21977,1758160000,1758240000,6099,1737
21978,1758240000,1758320000,4856,1860
21979,1758320000,1758400000,6922,2273
21980,1758400000,1758480000,5922,1596
21981,1758480000,1758560000,10602,3093
21982,1758560000,1758640000,4726,1401
21983,1758640000,1758720000,6103,2263
21984,1758720000,1758800000,5296,1545
21985,1758800000,1758880000,10711,3107
21986,1758880000,1758960000,5933,1735
21987,1758960000,1759040000,5016,1868
21988,1759040000,1759120000,6916,2289
21989,1759120000,1759200000,6009,1588
21990,1759200000,1759280000,10590,3160
21991,1759280000,1759360000,4884,1524
21992,1759360000,1759440000,6221,2333
21993,1759440000,1759520000,5829,1661
21994,1759520000,1759600000,10992,3116
21995,1759600000,1759680000,6137,1724
21996,1759680000,1759760000,4996,1821
21997,1759760000,1759840000,6613,2146
21998,1759840000,1759920000,5863,1534
21999,1759920000,1760000000,10594,3115
22000,1760000000,1760080000,4796,1455
22001,1760080000,1760160000,5973,2257
22002,1760160000,1760240000,5632,1663
22003,1760240000,1760320000,10848,3121
22004,1760320000,1760400000,5811,1702
22005,1760400000,1760480000,4517,1695
22006,1760480000,1760560000,6717,2259
22007,1760560000,1760640000,5587,1612
22008,1760640000,1760720000,6184,2325
22009,1760720000,1760800000,7979,2608
22010,1760800000,1760880000,7119,2585
22011,1760880000,1760960000,11057,3328
22012,1760960000,1761040000,4378,1440
22013,1761040000,1761120000,5610,2178
22014,1761120000,1761200000,5031,1531
22015,1761200000,1761280000,9151,2769
22016,1761280000,1761360000,7030,1925
22017,1761360000,1761440000,4238,1533
22018,1761440000,1761520000,6516,2353
22019,1761520000,1761600000,5551,1629
22020,1761600000,1761680000,11102,3134
22021,1761680000,1761760000,4590,1406
22022,1761760000,1761840000,5828,2202
22023,1761840000,1761920000,5935,1812
22024,1761920000,1762000000,9425,2839
22025,1762000000,1762080000,6992,1984
22026,1762080000,1762160000,4353,1515
22027,1762160000,1762240000,6404,2383
22028,1762240000,1762320000,6156,1698
22029,1762320000,1762400000,10500,3144
22030,1762400000,1762480000,4560,1493
22031,1762480000,1762560000,5849,2323
22032,1762560000,1762640000,6212,1831
22033,1762640000,1762720000,9211,2838
22034,1762720000,1762800000,7022,1981
22035,1762800000,1762880000,4458,1569
22036,1762880000,1762960000,6579,2420
22037,1762960000,1763040000,6314,1728
22038,1763040000,1763120000,10742,3140
22039,1763120000,1763200000,4769,1494
22040,1763200000,1763280000,5632,2325
22041,1763280000,1763360000,6323,1839
22042,1763360000,1763440000,9277,2836
22043,1763440000,1763520000,6793,1985
22044,1763520000,1763600000,4199,1565
22045,1763600000,1763680000,6844,2426
22046,1763680000,1763760000,6313,1728
22047,1763760000,1763840000,10736,3131
22048,1763840000,1763920000,4880,1490
22049,1763920000,1764000000,5757,2328
22050,1764000000,1764080000,6340,1834
22051,1764080000,1764160000,9460,2824
22052,1764160000,1764240000,7412,1980
22053,1764240000,1764320000,4701,1569
22054,1764320000,1764400000,7011,2430
22055,1764400000,1764480000,6542,1720
22056,1764480000,1764560000,10910,3076
22057,1764560000,1764640000,4367,1359
22058,1764640000,1764720000,5604,2254
22059,1764720000,1764800000,6161,1703
22060,1764800000,1764880000,9310,2806
22061,1764880000,1764960000,7064,1977
22062,1764960000,1765040000,4582,1564
22063,1765040000,1765120000,6648,2430
22064,1765120000,1765200000,6316,1718
22065,1765200000,1765280000,10756,3124
22066,1765280000,1765360000,4608,1480
22067,1765360000,1765440000,5914,2321
22068,1765440000,1765520000,6346,1837
22069,1765520000,1765600000,9374,2823
22070,1765600000,1765680000,7270,1979
22071,1765680000,1765760000,4321,1552
22072,1765760000,1765840000,7001,2410
22073,1765840000,1765920000,6248,1716
22074,1765920000,1766000000,10621,3124
22075,1766000000,1766080000,4440,1466
22076,1766080000,1766160000,6002,2328
22077,1766160000,1766240000,5922,1831
22078,1766240000,1766320000,9254,2815
22079,1766320000,1766400000,7036,1975
22080,1766400000,1766480000,4456,1563
22081,1766480000,1766560000,6809,2422
22082,1766560000,1766640000,5895,1747
22083,1766640000,1766720000,6092,2190
22084,1766720000,1766800000,8711,2741
22085,1766800000,1766880000,6869,2383
22086,1766880000,1766960000,11121,3446
22087,1766960000,1767040000,5036,1606
22088,1767040000,1767120000,4621,1808
22089,1767120000,1767200000,6126,2040
22090,1767200000,1767280000,7759,2375
22091,1767280000,1767360000,8819,2425
22092,1767360000,1767440000,4859,1545
22093,1767440000,1767520000,6514,2438
22094,1767520000,1767600000,6047,1848
22095,1767600000,1767680000,10601,2994
22096,1767680000,1767760000,5430,1674
22097,1767760000,1767840000,4860,1808
22098,1767840000,1767920000,6803,2155
22099,1767920000,1768000000,7920,2413
22100,1768000000,1768080000,8456,2418
22101,1768080000,1768160000,4483,1549
22102,1768160000,1768240000,6613,2442
22103,1768240000,1768320000,6319,1854
22104,1768320000,1768400000,10208,3000
22105,1768400000,1768480000,5409,1684
22106,1768480000,1768560000,4374,1701
22107,1768560000,1768640000,6666,2060
22108,1768640000,1768720000,7857,2383
22109,1768720000,1768800000,8688,2367
22110,1768800000,1768880000,4643,1530
22111,1768880000,1768960000,6854,2370
22112,1768960000,1769040000,6952,1855
22113,1769040000,1769120000,10386,2986
22114,1769120000,1769200000,5574,1609
22115,1769200000,1769280000,4534,1679
22116,1769280000,1769360000,7260,2149
22117,1769360000,1769440000,8123,2414
22118,1769440000,1769520000,8605,2418
22119,1769520000,1769600000,4536,1507
22120,1769600000,1769680000,6514,2411
22121,1769680000,1769760000,6515,1813
22122,1769760000,1769840000,10196,2977
22123,1769840000,1769920000,5589,1682
22124,1769920000,1770000000,4746,1808
22125,1770000000,1770080000,7066,2163
22126,1770080000,1770160000,8169,2403
22127,1770160000,1770240000,8727,2420
22128,1770240000,1770320000,4653,1553
22129,1770320000,1770400000,6528,2446
22130,1770400000,1770480000,6754,1848
22131,1770480000,1770560000,10446,2949
22132,1770560000,1770640000,5142,1542
22133,1770640000,1770720000,4255,1744
22134,1770720000,1770800000,6336,2040
22135,1770800000,1770880000,7748,2371
22136,1770880000,1770960000,8526,2422
22137,1770960000,1771040000,4347,1545
22138,1771040000,1771120000,6608,2442
22139,1771120000,1771200000,6507,1855
22140,1771200000,1771280000,10246,2970
22141,1771280000,1771360000,5161,1673
22142,1771360000,1771440000,4509,1813
22143,1771440000,1771520000,6816,2160
22144,1771520000,1771600000,8177,2407
22145,1771600000,1771680000,8909,2414
22146,1771680000,1771760000,4770,1548
22147,1771760000,1771840000,6835,2436
22148,1771840000,1771920000,6896,1845
22149,1771920000,1772000000,10451,2974
22150,1772000000,1772080000,5398,1654
22151,1772080000,1772160000,4583,1808
22152,1772160000,1772240000,6444,2151
22153,1772240000,1772320000,7768,2403
22154,1772320000,1772400000,8718,2412
22155,1772400000,1772480000,4656,1547
22156,1772480000,1772560000,6312,2438
22157,1772560000,1772640000,6205,1844
22158,1772640000,1772720000,5950,2158
22159,1772720000,1772800000,8263,2638
22160,1772800000,1772880000,6210,2304
22161,1772880000,1772960000,11063,3601
22162,1772960000,1773040000,5290,1641
22163,1773040000,1773120000,4741,1796
22164,1773120000,1773200000,6616,2150
22165,1773200000,1773280000,6347,1948
22166,1773280000,1773360000,9781,2704
22167,1773360000,1773440000,4985,1671
22168,1773440000,1773520000,6442,2384
22169,1773520000,1773600000,5154,1625
22170,1773600000,1773680000,11301,3191
22171,1773680000,1773760000,5563,1695
22172,1773760000,1773840000,4690,1798
22173,1773840000,1773920000,6633,2239
22174,1773920000,1774000000,6637,2000
22175,1774000000,1774080000,9608,2688
22176,1774080000,1774160000,4861,1670
22177,1774160000,1774240000,6700,2382
22178,1774240000,1774320000,5974,1634
22179,1774320000,1774400000,10933,3196
22180,1774400000,1774480000,5573,1698
22181,1774480000,1774560000,4265,1781
22182,1774560000,1774640000,7197,2238
22183,1774640000,1774720000,6879,2006
22184,1774720000,1774800000,9573,2699
22185,1774800000,1774880000,5514,1673
22186,1774880000,1774960000,6623,2391
22187,1774960000,1775040000,6189,1638
22188,1775040000,1775120000,11036,3184
22189,1775120000,1775200000,5916,1704
22190,1775200000,1775280000,4673,1791
22191,1775280000,1775360000,7102,2250
22192,1775360000,1775440000,6743,2008
22193,1775440000,1775520000,9231,2695
22194,1775520000,1775600000,5110,1671
22195,1775600000,1775680000,6453,2387
22196,1775680000,1775760000,5756,1632
22197,1775760000,1775840000,11057,3176
22198,1775840000,1775920000,5900,1699
22199,1775920000,1776000000,4464,1723
22200,1776000000,1776080000,7012,2113
22201,1776080000,1776160000,6957,1964
22202,1776160000,1776240000,9504,2626
22203,1776240000,1776320000,5016,1645
22204,1776320000,1776400000,6585,2309
22205,1776400000,1776480000,6154,1640
22206,1776480000,1776560000,11214,3140
22207,1776560000,1776640000,5256,1516
22208,1776640000,1776720000,4019,1534
22209,1776720000,1776800000,6916,2126
22210,1776800000,1776880000,6698,1951
22211,1776880000,1776960000,9596,2684
22212,1776960000,1777040000,5149,1637
22213,1777040000,1777120000,6360,2345
22214,1777120000,1777200000,5724,1596
22215,1777200000,1777280000,10966,3176
22216,1777280000,1777360000,5595,1696
22217,1777360000,1777440000,4545,1791
22218,1777440000,1777520000,7084,2241
22219,1777520000,1777600000,6840,1999
22220,1777600000,1777680000,9531,2686
22221,1777680000,1777760000,5275,1674
22222,1777760000,1777840000,6317,2386
22223,1777840000,1777920000,5709,1626
22224,1777920000,1778000000,11065,3175
22225,1778000000,1778080000,5546,1699
22226,1778080000,1778160000,4184,1778
22227,1778160000,1778240000,6559,2239
22228,1778240000,1778320000,6622,1998
22229,1778320000,1778400000,9366,2690
22230,1778400000,1778480000,5081,1670
22231,1778480000,1778560000,6485,2381
22232,1778560000,1778640000,5829,1625
22233,1778640000,1778720000,6077,2208
22234,1778720000,1778800000,8386,2744
22235,1778800000,1778880000,6227,2183
22236,1778880000,1778960000,10843,3684
22237,1778960000,1779040000,5492,1673
22238,1779040000,1779120000,4822,1872
22239,1779120000,1779200000,6303,2218
22240,1779200000,1779280000,5312,1518
22241,1779280000,1779360000,10663,3176
22242,1779360000,1779440000,4574,1518
22243,1779440000,1779520000,5891,2332
22244,1779520000,1779600000,5145,1659
22245,1779600000,1779680000,10912,3138
22246,1779680000,1779760000,5781,1732
22247,1779760000,1779840000,4849,1875
22248,1779840000,1779920000,6774,2279
22249,1779920000,1780000000,6120,1593
22250,1780000000,1780080000,10369,3176
22251,1780080000,1780160000,4763,1524
22252,1780160000,1780240000,6108,2337
22253,1780240000,1780320000,5514,1666
22254,1780320000,1780400000,10367,3138
22255,1780400000,1780480000,5959,1742
22256,1780480000,1780560000,5038,1875
22257,1780560000,1780640000,6553,2283
22258,1780640000,1780720000,5736,1596
22259,1780720000,1780800000,10892,3182
22260,1780800000,1780880000,5079,1521
22261,1780880000,1780960000,6122,2333
22262,1780960000,1781040000,5268,1677
22263,1781040000,1781120000,10752,3132
22264,1781120000,1781200000,6121,1741
22265,1781200000,1781280000,5119,1878
22266,1781280000,1781360000,6626,2293
22267,1781360000,1781440000,5925,1600
22268,1781440000,1781520000,10723,3143
22269,1781520000,1781600000,4537,1487
22270,1781600000,1781680000,6172,2323
22271,1781680000,1781760000,5664,1676
22272,1781760000,1781840000,10772,3126
22273,1781840000,1781920000,6091,1732
22274,1781920000,1782000000,4726,1860
22275,1782000000,1782080000,6719,2276
22276,1782080000,1782160000,6285,1595
22277,1782160000,1782240000,10894,3166
22278,1782240000,1782320000,5149,1523
22279,1782320000,1782400000,6296,2335
22280,1782400000,1782480000,6287,1677
22281,1782480000,1782560000,11018,3098
22282,1782560000,1782640000,5753,1631
22283,1782640000,1782720000,4731,1780
22284,1782720000,1782800000,6641,2181
22285,1782800000,1782880000,6012,1522
22286,1782880000,1782960000,10708,3168
22287,1782960000,1783040000,4930,1515
22288,1783040000,1783120000,6144,2333
22289,1783120000,1783200000,6072,1677
22290,1783200000,1783280000,10815,3118
22291,1783280000,1783360000,6197,1736
22292,1783360000,1783440000,4875,1818
22293,1783440000,1783520000,6598,2153
22294,1783520000,1783600000,5963,1526
22295,1783600000,1783680000,10939,3123
22296,1783680000,1783760000,4864,1478
22297,1783760000,1783840000,6151,2257
22298,1783840000,1783920000,6010,1663
22299,1783920000,1784000000,10932,3127
22300,1784000000,1784080000,5979,1702
22301,1784080000,1784160000,4551,1696
22302,1784160000,1784240000,6742,2260
22303,1784240000,1784320000,5783,1587
22304,1784320000,1784400000,10729,3162
22305,1784400000,1784480000,4686,1489
22306,1784480000,1784560000,6098,2292
22307,1784560000,1784640000,5228,1623
22308,1784640000,1784720000,6195,2199
22309,1784720000,1784800000,8276,2757
22310,1784800000,1784880000,5949,1998
22311,1784880000,1784960000,10097,3687
22312,1784960000,1785040000,6488,1813
22313,1785040000,1785120000,4104,1492
22314,1785120000,1785200000,6617,2332
22315,1785200000,1785280000,5350,1606
22316,1785280000,1785360000,10788,3123
22317,1785360000,1785440000,4123,1356
22318,1785440000,1785520000,5743,2204
22319,1785520000,1785600000,5651,1816
22320,1785600000,1785680000,9436,2840
22321,1785680000,1785760000,7440,1991
22322,1785760000,1785840000,4751,1516
22323,1785840000,1785920000,6564,2383
22324,1785920000,1786000000,5990,1691
22325,1786000000,1786080000,10562,3142
22326,1786080000,1786160000,4932,1494
22327,1786160000,1786240000,5821,2321
22328,1786240000,1786320000,6137,1829
22329,1786320000,1786400000,9065,2848
22330,1786400000,1786480000,7021,1991
22331,1786480000,1786560000,4306,1545
22332,1786560000,1786640000,6395,2420
22333,1786640000,1786720000,6238,1723
22334,1786720000,1786800000,10560,3131
22335,1786800000,1786880000,4991,1494
22336,1786880000,1786960000,5632,2325
22337,1786960000,1787040000,6258,1839
22338,1787040000,1787120000,9243,2840
22339,1787120000,1787200000,7176,1982
22340,1787200000,1787280000,4446,1570
22341,1787280000,1787360000,6940,2426
22342,1787360000,1787440000,6691,1725
22343,1787440000,1787520000,10389,3125
22344,1787520000,1787600000,4719,1494
22345,1787600000,1787680000,5678,2330
22346,1787680000,1787760000,6443,1840
22347,1787760000,1787840000,9215,2833
22348,1787840000,1787920000,7498,1985
22349,1787920000,1788000000,4739,1565
22350,1788000000,1788080000,6999,2428
22351,1788080000,1788160000,6733,1721
22352,1788160000,1788240000,11118,3130
22353,1788240000,1788320000,4996,1490
22354,1788320000,1788400000,5857,2324
22355,1788400000,1788480000,6645,1840
22356,1788480000,1788560000,9427,2807
22357,1788560000,1788640000,7411,1887
22358,1788640000,1788720000,4423,1476
22359,1788720000,1788800000,6233,2331
22360,1788800000,1788880000,6231,1628
22361,1788880000,1788960000,10995,3124
22362,1788960000,1789040000,4625,1472
22363,1789040000,1789120000,5873,2321
22364,1789120000,1789200000,6607,1841
22365,1789200000,1789280000,9252,2831
22366,1789280000,1789360000,7553,1982
22367,1789360000,1789440000,4183,1547
22368,1789440000,1789520000,6778,2412
22369,1789520000,1789600000,6147,1723
22370,1789600000,1789680000,10927,3118
22371,1789680000,1789760000,5107,1488
22372,1789760000,1789840000,6051,2304
22373,1789840000,1789920000,6457,1844
22374,1789920000,1790000000,9347,2830
22375,1790000000,1790080000,7182,1978
22376,1790080000,1790160000,4417,1544
22377,1790160000,1790240000,6615,2416
22378,1790240000,1790320000,6268,1723
22379,1790320000,1790400000,10793,3120
22380,1790400000,1790480000,4745,1489
22381,1790480000,1790560000,5809,2324
22382,1790560000,1790640000,6160,1830
22383,1790640000,1790720000,6218,2139
22384,1790720000,1790800000,8120,2776
22385,1790800000,1790880000,5719,1887
22386,1790880000,1790960000,8909,3287
22387,1790960000,1791040000,8556,2367
22388,1791040000,1791120000,4594,1529
22389,1791120000,1791200000,6561,2432
22390,1791200000,1791280000,6073,1713
22391,1791280000,1791360000,10451,2998
22392,1791360000,1791440000,5145,1672
22393,1791440000,1791520000,4637,1781
22394,1791520000,1791600000,6873,2153
22395,1791600000,1791680000,8072,2418
22396,1791680000,1791760000,8747,2426
22397,1791760000,1791840000,4447,1545
22398,1791840000,1791920000,6571,2434
22399,1791920000,1792000000,6533,1847
22400,1792000000,1792080000,10300,2987
22401,1792080000,1792160000,5291,1677
22402,1792160000,1792240000,4400,1698
22403,1792240000,1792320000,6652,2056
22404,1792320000,1792400000,7582,2388
22405,1792400000,1792480000,8355,2364
22406,1792480000,1792560000,4433,1532
22407,1792560000,1792640000,6582,2370
22408,1792640000,1792720000,6377,1856
22409,1792720000,1792800000,10202,2994
22410,1792800000,1792880000,5474,1604
22411,1792880000,1792960000,4596,1679
22412,1792960000,1793040000,7127,2151
22413,1793040000,1793120000,7893,2416
22414,1793120000,1793200000,8812,2426
22415,1793200000,1793280000,4999,1513
22416,1793280000,1793360000,6556,2413
22417,1793360000,1793440000,6487,1820
22418,1793440000,1793520000,10068,2988
22419,1793520000,1793600000,5527,1678
22420,1793600000,1793680000,4670,1805
22421,1793680000,1793760000,6862,2171
22422,1793760000,1793840000,7784,2409
22423,1793840000,1793920000,8528,2418
22424,1793920000,1794000000,4581,1555
22425,1794000000,1794080000,6471,2446
22426,1794080000,1794160000,6804,1855
22427,1794160000,1794240000,10335,2973
22428,1794240000,1794320000,5405,1679
22429,1794320000,1794400000,4449,1812
22430,1794400000,1794480000,7147,2169
22431,1794480000,1794560000,8237,2412
22432,1794560000,1794640000,8169,2312
22433,1794640000,1794720000,4068,1456
22434,1794720000,1794800000,6484,2345
22435,1794800000,1794880000,6675,1747
22436,1794880000,1794960000,10033,2971
22437,1794960000,1795040000,5210,1676
22438,1795040000,1795120000,4518,1813
22439,1795120000,1795200000,6964,2159
22440,1795200000,1795280000,7901,2412
22441,1795280000,1795360000,8912,2423
22442,1795360000,1795440000,4835,1552
22443,1795440000,1795520000,6639,2436
22444,1795520000,1795600000,6632,1848
22445,1795600000,1795680000,10677,2975
22446,1795680000,1795760000,5666,1675
22447,1795760000,1795840000,4655,1808
22448,1795840000,1795920000,7062,2153
22449,1795920000,1796000000,8113,2412
22450,1796000000,1796080000,8544,2404
22451,1796080000,1796160000,4381,1525
22452,1796160000,1796240000,6243,2436
22453,1796240000,1796320000,5904,1847
22454,1796320000,1796400000,10653,2973
22455,1796400000,1796480000,4965,1661
22456,1796480000,1796560000,4610,1808
22457,1796560000,1796640000,6893,2153
22458,1796640000,1796720000,6543,2155
22459,1796720000,1796800000,7620,2589
22460,1796800000,1796880000,6560,2136
22461,1796880000,1796960000,7824,2925
22462,1796960000,1797040000,9415,2680
22463,1797040000,1797120000,4726,1633
22464,1797120000,1797200000,6301,2370
22465,1797200000,1797280000,4946,1500
22466,1797280000,1797360000,11147,3182
22467,1797360000,1797440000,5269,1690
22468,1797440000,1797520000,4575,1798
22469,1797520000,1797600000,6608,2241
22470,1797600000,1797680000,6493,2005
22471,1797680000,1797760000,9623,2682
22472,1797760000,1797840000,4652,1669
22473,1797840000,1797920000,6693,2379
22474,1797920000,1798000000,5858,1628
22475,1798000000,1798080000,11081,3190
22476,1798080000,1798160000,5459,1691
22477,1798160000,1798240000,4298,1781
22478,1798240000,1798320000,6861,2228
22479,1798320000,1798400000,6587,2009
22480,1798400000,1798480000,9413,2714
22481,1798480000,1798560000,5477,1670
22482,1798560000,1798640000,6425,2386
22483,1798640000,1798720000,5607,1626
22484,1798720000,1798800000,10906,3189
22485,1798800000,1798880000,5834,1695
22486,1798880000,1798960000,4609,1791
22487,1798960000,1799040000,7305,2246
22488,1799040000,1799120000,6839,2007
22489,1799120000,1799200000,9383,2694
22490,1799200000,1799280000,5050,1677
22491,1799280000,1799360000,6579,2388
22492,1799360000,1799440000,6083,1637
22493,1799440000,1799520000,10933,3172
22494,1799520000,1799600000,5497,1694
22495,1799600000,1799680000,4219,1719
22496,1799680000,1799760000,6912,2115
22497,1799760000,1799840000,6617,1966
22498,1799840000,1799920000,9264,2637
22499,1799920000,1800000000,5090,1649
22500,1800000000,1800080000,6536,2312
22501,1800080000,1800160000,6071,1639
22502,1800160000,1800240000,11082,3172
22503,1800240000,1800320000,5599,1660
22504,1800320000,1800400000,4277,1631
22505,1800400000,1800480000,7143,2228
22506,1800480000,1800560000,7154,2009
22507,1800560000,1800640000,9294,2604
22508,1800640000,1800720000,4800,1510
22509,1800720000,1800800000,6147,2297
22510,1800800000,1800880000,5862,1528
22511,1800880000,1800960000,10843,3150
22512,1800960000,1801040000,5614,1695
22513,1801040000,1801120000,4622,1791
22514,1801120000,1801200000,7174,2247
22515,1801200000,1801280000,6797,2006
22516,1801280000,1801360000,9387,2698
22517,1801360000,1801440000,4892,1671
22518,1801440000,1801520000,6243,2391
22519,1801520000,1801600000,5883,1636
22520,1801600000,1801680000,11052,3165
22521,1801680000,1801760000,5545,1698
22522,1801760000,1801840000,4413,1798
22523,1801840000,1801920000,7231,2249
22524,1801920000,1802000000,6815,2003
22525,1802000000,1802080000,9117,2684
22526,1802080000,1802160000,4703,1652
22527,1802160000,1802240000,6425,2380
22528,1802240000,1802320000,5536,1628
22529,1802320000,1802400000,10886,3165
22530,1802400000,1802480000,5582,1698
22531,1802480000,1802560000,4363,1798
22532,1802560000,1802640000,7085,2239
22533,1802640000,1802720000,6257,1985
22534,1802720000,1802800000,6714,2317
22535,1802800000,1802880000,7133,2347
22536,1802880000,1802960000,7394,2719
22537,1802960000,1803040000,10528,3159
22538,1803040000,1803120000,4360,1480
22539,1803120000,1803200000,5852,2320
22540,1803200000,1803280000,4643,1540
22541,1803280000,1803360000,10798,3129
22542,1803360000,1803440000,5748,1733
22543,1803440000,1803520000,4794,1875
22544,1803520000,1803600000,6604,2280
22545,1803600000,1803680000,5654,1596
22546,1803680000,1803760000,10976,3179
22547,1803760000,1803840000,4867,1520
22548,1803840000,1803920000,6128,2336
22549,1803920000,1804000000,5246,1660
22550,1804000000,1804080000,10779,3135
22551,1804080000,1804160000,5992,1732
22552,1804160000,1804240000,5112,1874
22553,1804240000,1804320000,6909,2292
22554,1804320000,1804400000,5964,1603
22555,1804400000,1804480000,10481,3180
22556,1804480000,1804560000,4705,1523
22557,1804560000,1804640000,6064,2332
22558,1804640000,1804720000,5678,1669
22559,1804720000,1804800000,10704,3131
22560,1804800000,1804880000,5875,1733
22561,1804880000,1804960000,5067,1875
22562,1804960000,1805040000,6694,2290
22563,1805040000,1805120000,6185,1597
22564,1805120000,1805200000,10715,3155
22565,1805200000,1805280000,4757,1524
22566,1805280000,1805360000,6320,2327
22567,1805360000,1805440000,6034,1682
22568,1805440000,1805520000,10760,3128
22569,1805520000,1805600000,5865,1734
22570,1805600000,1805680000,4585,1842
22571,1805680000,1805760000,6665,2272
22572,1805760000,1805840000,5879,1602
22573,1805840000,1805920000,10690,3153
22574,1805920000,1806000000,5251,1526
22575,1806000000,1806080000,6251,2335
22576,1806080000,1806160000,5889,1675
22577,1806160000,1806240000,10878,3123
22578,1806240000,1806320000,6358,1737
22579,1806320000,1806400000,5095,1874
22580,1806400000,1806480000,6927,2287
22581,1806480000,1806560000,6325,1602
22582,1806560000,1806640000,10575,3087
22583,1806640000,1806720000,4702,1397
22584,1806720000,1806800000,5946,2258
22585,1806800000,1806880000,5695,1550
22586,1806880000,1806960000,10870,3102
22587,1806960000,1807040000,6018,1723
22588,1807040000,1807120000,4851,1816
22589,1807120000,1807200000,6588,2146
22590,1807200000,1807280000,6192,1538
22591,1807280000,1807360000,10492,3119
22592,1807360000,1807440000,4820,1477
22593,1807440000,1807520000,6170,2256
22594,1807520000,1807600000,6086,1663
22595,1807600000,1807680000,10894,3120
22596,1807680000,1807760000,6117,1701
22597,1807760000,1807840000,4750,1696
22598,1807840000,1807920000,7073,2260
22599,1807920000,1808000000,6033,1595
22600,1808000000,1808080000,10708,3164
22601,1808080000,1808160000,4752,1470
22602,1808160000,1808240000,6082,2291
22603,1808240000,1808320000,5260,1627
22604,1808320000,1808400000,10753,3121
22605,1808400000,1808480000,5835,1725
22606,1808480000,1808560000,4969,1874
22607,1808560000,1808640000,6697,2279
22608,1808640000,1808720000,5605,1616
22609,1808720000,1808800000,6317,2325
22610,1808800000,1808880000,8146,2606
22611,1808880000,1808960000,7114,2577
22612,1808960000,1809040000,10970,3314
22613,1809040000,1809120000,4185,1358
22614,1809120000,1809200000,5752,2184
22615,1809200000,1809280000,5417,1685
22616,1809280000,1809360000,9356,2828
22617,1809360000,1809440000,7233,1981
22618,1809440000,1809520000,4442,1512
22619,1809520000,1809600000,6311,2373
22620,1809600000,1809680000,5849,1694
22621,1809680000,1809760000,10908,3136
22622,1809760000,1809840000,4954,1490
22623,1809840000,1809920000,6033,2323
22624,1809920000,1810000000,6234,1825
22625,1810000000,1810080000,9293,2839
22626,1810080000,1810160000,7171,1982
22627,1810160000,1810240000,4456,1570
22628,1810240000,1810320000,6572,2428
22629,1810320000,1810400000,5314,1720
22630,1810400000,1810480000,10567,3152
22631,1810480000,1810560000,4776,1496
22632,1810560000,1810640000,5591,2327
22633,1810640000,1810720000,5496,1836
22634,1810720000,1810800000,8971,2828
22635,1810800000,1810880000,7233,1983
22636,1810880000,1810960000,4548,1569
22637,1810960000,1811040000,6950,2424
22638,1811040000,1811120000,5999,1720
22639,1811120000,1811200000,10737,3140
22640,1811200000,1811280000,5156,1494
22641,1811280000,1811360000,5776,2330
22642,1811360000,1811440000,6275,1834
22643,1811440000,1811520000,9215,2832
22644,1811520000,1811600000,7200,1977
22645,1811600000,1811680000,4691,1561
22646,1811680000,1811760000,6989,2430
22647,1811760000,1811840000,6291,1728
22648,1811840000,1811920000,10685,3127
22649,1811920000,1812000000,5220,1486
22650,1812000000,1812080000,5840,2324
22651,1812080000,1812160000,6158,1844
22652,1812160000,1812240000,9344,2824
22653,1812240000,1812320000,7568,1978
22654,1812320000,1812400000,4678,1563
22655,1812400000,1812480000,6597,2420
22656,1812480000,1812560000,6502,1728
22657,1812560000,1812640000,10890,3074
22658,1812640000,1812720000,4631,1355
22659,1812720000,1812800000,5750,2253
22660,1812800000,1812880000,6032,1704
22661,1812880000,1812960000,9262,2804
22662,1812960000,1813040000,7361,1984
22663,1813040000,1813120000,4122,1547
22664,1813120000,1813200000,6791,2402
22665,1813200000,1813280000,6424,1726
22666,1813280000,1813360000,10729,3132
22667,1813360000,1813440000,4955,1484
22668,1813440000,1813520000,6022,2330
22669,1813520000,1813600000,6578,1830
22670,1813600000,1813680000,9400,2825
22671,1813680000,1813760000,7277,1980
22672,1813760000,1813840000,4649,1562
22673,1813840000,1813920000,6823,2415
22674,1813920000,1814000000,6397,1728
22675,1814000000,1814080000,10623,3120
22676,1814080000,1814160000,4575,1466
22677,1814160000,1814240000,5735,2324
22678,1814240000,1814320000,5679,1826
22679,1814320000,1814400000,9217,2821
22680,1814400000,1814480000,7038,1971
22681,1814480000,1814560000,4232,1528
22682,1814560000,1814640000,6316,2251
22683,1814640000,1814720000,5583,1674
22684,1814720000,1814800000,5960,2190
22685,1814800000,1814880000,8694,2741
22686,1814880000,1814960000,6911,2383
22687,1814960000,1815040000,10978,3440
22688,1815040000,1815120000,5484,1620
22689,1815120000,1815200000,4735,1808
22690,1815200000,1815280000,6165,2050
22691,1815280000,1815360000,7753,2375
22692,1815360000,1815440000,8835,2428
22693,1815440000,1815520000,4426,1545
22694,1815520000,1815600000,6451,2433
22695,1815600000,1815680000,6137,1848
22696,1815680000,1815760000,10734,2992
22697,1815760000,1815840000,5419,1674
22698,1815840000,1815920000,4514,1701
22699,1815920000,1816000000,6390,2044
22700,1816000000,1816080000,7850,2383
22701,1816080000,1816160000,8440,2362
22702,1816160000,1816240000,4287,1500
22703,1816240000,1816320000,6427,2358
22704,1816320000,1816400000,6360,1855
22705,1816400000,1816480000,10162,2998
22706,1816480000,1816560000,5047,1604
22707,1816560000,1816640000,4452,1678
22708,1816640000,1816720000,6556,2143
22709,1816720000,1816800000,7671,2413
22710,1816800000,1816880000,8858,2425
22711,1816880000,1816960000,4795,1509
22712,1816960000,1817040000,6566,2411
22713,1817040000,1817120000,6282,1811
22714,1817120000,1817200000,10306,2988
22715,1817200000,1817280000,5543,1675
22716,1817280000,1817360000,4782,1805
22717,1817360000,1817440000,7007,2165
22718,1817440000,1817520000,7830,2410
22719,1817520000,1817600000,8421,2418
22720,1817600000,1817680000,4371,1549
22721,1817680000,1817760000,6408,2446
22722,1817760000,1817840000,6383,1856
22723,1817840000,1817920000,10301,2981
22724,1817920000,1818000000,5626,1684
22725,1818000000,1818080000,4388,1812
22726,1818080000,1818160000,6807,2165
22727,1818160000,1818240000,7965,2403
22728,1818240000,1818320000,8826,2424
22729,1818320000,1818400000,4653,1551
22730,1818400000,1818480000,6787,2441
22731,1818480000,1818560000,6475,1847
22732,1818560000,1818640000,10413,2949
22733,1818640000,1818720000,5302,1546
22734,1818720000,1818800000,4360,1744
22735,1818800000,1818880000,6519,2040
22736,1818880000,1818960000,7771,2367
22737,1818960000,1819040000,8768,2416
22738,1819040000,1819120000,4603,1546
22739,1819120000,1819200000,6765,2446
22740,1819200000,1819280000,6479,1853
22741,1819280000,1819360000,10273,2978
22742,1819360000,1819440000,5519,1671
22743,1819440000,1819520000,4493,1785
22744,1819520000,1819600000,6927,2167
22745,1819600000,1819680000,7957,2403
22746,1819680000,1819760000,8930,2412
22747,1819760000,1819840000,4717,1547
22748,1819840000,1819920000,6412,2438
22749,1819920000,1820000000,6821,1848
22750,1820000000,1820080000,10546,2970
22751,1820080000,1820160000,4607,1643
22752,1820160000,1820240000,4643,1808
22753,1820240000,1820320000,6988,2159
22754,1820320000,1820400000,8065,2403
22755,1820400000,1820480000,8671,2418
22756,1820480000,1820560000,4225,1533
22757,1820560000,1820640000,6454,2422
22758,1820640000,1820720000,6568,1846
22759,1820720000,1820800000,6048,2158
22760,1820800000,1820880000,8566,2638
22761,1820880000,1820960000,6325,2303
22762,1820960000,1821040000,11179,3616
22763,1821040000,1821120000,5299,1639
22764,1821120000,1821200000,4514,1772
22765,1821200000,1821280000,6277,2156
22766,1821280000,1821360000,6358,1948
22767,1821360000,1821440000,9637,2684
22768,1821440000,1821520000,4447,1670
22769,1821520000,1821600000,6582,2379
22770,1821600000,1821680000,5604,1627
22771,1821680000,1821760000,11437,3184
22772,1821760000,1821840000,5851,1694
22773,1821840000,1821920000,4359,1781
22774,1821920000,1822000000,6923,2227
22775,1822000000,1822080000,6922,2001
22776,1822080000,1822160000,9479,2694
22777,1822160000,1822240000,5158,1671
22778,1822240000,1822320000,6495,2388
22779,1822320000,1822400000,5806,1631
22780,1822400000,1822480000,10847,3196
22781,1822480000,1822560000,5612,1704
22782,1822560000,1822640000,4558,1795
22783,1822640000,1822720000,6838,2241
22784,1822720000,1822800000,6682,2005
22785,1822800000,1822880000,9557,2705
22786,1822880000,1822960000,5252,1675
22787,1822960000,1823040000,6540,2383
22788,1823040000,1823120000,6121,1634
22789,1823120000,1823200000,11169,3185
22790,1823200000,1823280000,5792,1699
22791,1823280000,1823360000,4425,1719
22792,1823360000,1823440000,6919,2113
22793,1823440000,1823520000,6832,1963
22794,1823520000,1823600000,9251,2643
22795,1823600000,1823680000,4720,1640
22796,1823680000,1823760000,6438,2311
22797,1823760000,1823840000,6010,1631
22798,1823840000,1823920000,11013,3177
22799,1823920000,1824000000,5768,1658
22800,1824000000,1824080000,4268,1631
22801,1824080000,1824160000,7256,2226
22802,1824160000,1824240000,6794,1998
22803,1824240000,1824320000,9660,2688
22804,1824320000,1824400000,5372,1615
22805,1824400000,1824480000,6373,2347
22806,1824480000,1824560000,5681,1606
22807,1824560000,1824640000,11029,3140
22808,1824640000,1824720000,5651,1587
22809,1824720000,1824800000,4371,1701
22810,1824800000,1824880000,6648,2135
22811,1824880000,1824960000,6480,1954
22812,1824960000,1825040000,9357,2684
22813,1825040000,1825120000,4858,1670
22814,1825120000,1825200000,6334,2391
22815,1825200000,1825280000,5668,1640
22816,1825280000,1825360000,10970,3181
22817,1825360000,1825440000,5580,1699
22818,1825440000,1825520000,4344,1794
22819,1825520000,1825600000,6955,2248
22820,1825600000,1825680000,6850,1998
22821,1825680000,1825760000,9678,2690
22822,1825760000,1825840000,5012,1670
22823,1825840000,1825920000,6546,2384
22824,1825920000,1826000000,6219,1634
22825,1826000000,1826080000,11157,3175
22826,1826080000,1826160000,5376,1699
22827,1826160000,1826240000,4239,1778
22828,1826240000,1826320000,7017,2249
22829,1826320000,1826400000,6805,1994
22830,1826400000,1826480000,9434,2686
22831,1826480000,1826560000,5142,1671
22832,1826560000,1826640000,6673,2388
22833,1826640000,1826720000,6051,1625
22834,1826720000,1826800000,6137,2207
22835,1826800000,1826880000,8775,2744
22836,1826880000,1826960000,6302,2183
22837,1826960000,1827040000,10904,3686
22838,1827040000,1827120000,5594,1668
22839,1827120000,1827200000,4753,1871
22840,1827200000,1827280000,6458,2211
22841,1827280000,1827360000,5557,1518
22842,1827360000,1827440000,10827,3178
22843,1827440000,1827520000,4494,1514
22844,1827520000,1827600000,6089,2334
22845,1827600000,1827680000,5322,1662
22846,1827680000,1827760000,11008,3140
22847,1827760000,1827840000,6012,1737
22848,1827840000,1827920000,5244,1876
22849,1827920000,1828000000,6939,2283
22850,1828000000,1828080000,5944,1592
22851,1828080000,1828160000,10602,3184
22852,1828160000,1828240000,5021,1524
22853,1828240000,1828320000,6197,2334
22854,1828320000,1828400000,5571,1677
22855,1828400000,1828480000,10385,3132
22856,1828480000,1828560000,6182,1741
22857,1828560000,1828640000,5071,1878
22858,1828640000,1828720000,6432,2293
22859,1828720000,1828800000,5843,1600
22860,1828800000,1828880000,10966,3166
22861,1828880000,1828960000,4995,1523
22862,1828960000,1829040000,6309,2328
22863,1829040000,1829120000,6054,1676
22864,1829120000,1829200000,10929,3136
22865,1829200000,1829280000,6195,1733
22866,1829280000,1829360000,4761,1860
22867,1829360000,1829440000,6643,2273
22868,1829440000,1829520000,5899,1593
22869,1829520000,1829600000,10707,3167
22870,1829600000,1829680000,4959,1524
22871,1829680000,1829760000,6217,2337
22872,1829760000,1829840000,5790,1672
22873,1829840000,1829920000,10785,3123
22874,1829920000,1830000000,6240,1734
22875,1830000000,1830080000,5052,1877
22876,1830080000,1830160000,6882,2290
22877,1830160000,1830240000,6328,1595
22878,1830240000,1830320000,10998,3172
22879,1830320000,1830400000,5153,1519
22880,1830400000,1830480000,6266,2331
22881,1830480000,1830560000,6052,1680
22882,1830560000,1830640000,11049,3082
22883,1830640000,1830720000,6154,1635
22884,1830720000,1830800000,4614,1728
22885,1830800000,1830880000,6346,2050
22886,1830880000,1830960000,6068,1516
22887,1830960000,1831040000,10738,3123
22888,1831040000,1831120000,4898,1474
22889,1831120000,1831200000,6173,2255
22890,1831200000,1831280000,6018,1663
22891,1831280000,1831360000,10759,3121
22892,1831360000,1831440000,6263,1706
22893,1831440000,1831520000,4607,1696
22894,1831520000,1831600000,7002,2259
22895,1831600000,1831680000,6102,1581
22896,1831680000,1831760000,11098,3162
22897,1831760000,1831840000,4930,1489
22898,1831840000,1831920000,6134,2291
22899,1831920000,1832000000,5426,1624
22900,1832000000,1832080000,10853,3126
22901,1832080000,1832160000,5657,1725
22902,1832160000,1832240000,4915,1855
22903,1832240000,1832320000,6621,2279
22904,1832320000,1832400000,5908,1584
22905,1832400000,1832480000,10706,3162
22906,1832480000,1832560000,4668,1519
22907,1832560000,1832640000,5908,2335
22908,1832640000,1832720000,5508,1661
22909,1832720000,1832800000,6471,2199
22910,1832800000,1832880000,8628,2757
22911,1832880000,1832960000,6126,1994
22912,1832960000,1833040000,10283,3701
22913,1833040000,1833120000,7160,1930
22914,1833120000,1833200000,4453,1514
22915,1833200000,1833280000,6299,2344
22916,1833280000,1833360000,5161,1553
22917,1833360000,1833440000,10890,3126
22918,1833440000,1833520000,4771,1486
22919,1833520000,1833600000,5890,2321
22920,1833600000,1833680000,5651,1801
22921,1833680000,1833760000,9445,2841
22922,1833760000,1833840000,7306,1993
22923,1833840000,1833920000,4255,1564
22924,1833920000,1834000000,6624,2420
22925,1834000000,1834080000,5909,1717
22926,1834080000,1834160000,10803,3140
22927,1834160000,1834240000,4165,1484
22928,1834240000,1834320000,5629,2325
22929,1834320000,1834400000,6218,1839
22930,1834400000,1834480000,8922,2845
22931,1834480000,1834560000,6734,1987
22932,1834560000,1834640000,4066,1562
22933,1834640000,1834720000,6830,2426
22934,1834720000,1834800000,6164,1723
22935,1834800000,1834880000,10625,3131
22936,1834880000,1834960000,4838,1491
22937,1834960000,1835040000,5876,2330
22938,1835040000,1835120000,6277,1838
22939,1835120000,1835200000,9147,2837
22940,1835200000,1835280000,7308,1986
22941,1835280000,1835360000,4841,1561
22942,1835360000,1835440000,7029,2430
22943,1835440000,1835520000,6376,1717
22944,1835520000,1835600000,10528,3117
22945,1835600000,1835680000,4750,1494
22946,1835680000,1835760000,5777,2326
22947,1835760000,1835840000,6308,1836
22948,1835840000,1835920000,9068,2832
22949,1835920000,1836000000,7092,1982
22950,1836000000,1836080000,4642,1565
22951,1836080000,1836160000,6696,2420
22952,1836160000,1836240000,6453,1723
22953,1836240000,1836320000,11236,3128
22954,1836320000,1836400000,4906,1482
22955,1836400000,1836480000,5979,2323
22956,1836480000,1836560000,6475,1829
22957,1836560000,1836640000,9466,2809
22958,1836640000,1836720000,7353,1881
22959,1836720000,1836800000,4077,1482
22960,1836800000,1836880000,6699,2319
22961,1836880000,1836960000,5932,1622
22962,1836960000,1837040000,10918,3120
22963,1837040000,1837120000,5213,1492
22964,1837120000,1837200000,6040,2330
22965,1837200000,1837280000,6353,1826
22966,1837280000,1837360000,9246,2829
22967,1837360000,1837440000,7698,1982
22968,1837440000,1837520000,4595,1557
22969,1837520000,1837600000,6754,2416
22970,1837600000,1837680000,6407,1721
22971,1837680000,1837760000,10959,3120
22972,1837760000,1837840000,4968,1490
22973,1837840000,1837920000,5890,2324
22974,1837920000,1838000000,6268,1826
22975,1838000000,1838080000,9425,2828
22976,1838080000,1838160000,7124,1980
22977,1838160000,1838240000,4279,1533
22978,1838240000,1838320000,6298,2251
22979,1838320000,1838400000,6450,1643
22980,1838400000,1838480000,10827,3093
22981,1838480000,1838560000,4232,1435
22982,1838560000,1838640000,5745,2251
22983,1838640000,1838720000,6484,1824
22984,1838720000,1838800000,6337,2138
22985,1838800000,1838880000,8232,2776
22986,1838880000,1838960000,5749,1887
22987,1838960000,1839040000,9020,3288
22988,1839040000,1839120000,8604,2363
22989,1839120000,1839200000,4387,1529
22990,1839200000,1839280000,6547,2428
22991,1839280000,1839360000,5676,1713
22992,1839360000,1839440000,10670,2990
22993,1839440000,1839520000,4999,1669
22994,1839520000,1839600000,4418,1698
22995,1839600000,1839680000,6257,2044
22996,1839680000,1839760000,7831,2386
22997,1839760000,1839840000,8601,2364
22998,1839840000,1839920000,4385,1530
22999,1839920000,1840000000,6514,2360
23000,1840000000,1840080000,6439,1848
23001,1840080000,1840160000,10357,2999
23002,1840160000,1840240000,4957,1600
23003,1840240000,1840320000,4476,1679
23004,1840320000,1840400000,6433,2134
23005,1840400000,1840480000,7515,2420
23006,1840480000,1840560000,8623,2418
23007,1840560000,1840640000,4407,1509
23008,1840640000,1840720000,6301,2401
23009,1840720000,1840800000,6010,1818
23010,1840800000,1840880000,10246,2992
23011,1840880000,1840960000,5276,1670
23012,1840960000,1841040000,4786,1805
23013,1841040000,1841120000,6870,2167
23014,1841120000,1841200000,7832,2420
23015,1841200000,1841280000,8683,2424
23016,1841280000,1841360000,4386,1549
23017,1841360000,1841440000,6452,2448
23018,1841440000,1841520000,6613,1855
23019,1841520000,1841600000,10233,2978
23020,1841600000,1841680000,5162,1674
23021,1841680000,1841760000,4281,1809
23022,1841760000,1841840000,6819,2171
23023,1841840000,1841920000,7732,2409
23024,1841920000,1842000000,8504,2414
23025,1842000000,1842080000,4385,1549
23026,1842080000,1842160000,6699,2443
23027,1842160000,1842240000,6816,1856
23028,1842240000,1842320000,10437,2971
23029,1842320000,1842400000,5496,1679
23030,1842400000,1842480000,4596,1812
23031,1842480000,1842560000,7271,2169
23032,1842560000,1842640000,8106,2412
23033,1842640000,1842720000,8370,2316
23034,1842720000,1842800000,4383,1455
23035,1842800000,1842880000,6694,2356
23036,1842880000,1842960000,6075,1739
23037,1842960000,1843040000,10121,2973
23038,1843040000,1843120000,5422,1674
23039,1843120000,1843200000,4576,1809
23040,1843200000,1843280000,6975,2165
23041,1843280000,1843360000,7785,2408
23042,1843360000,1843440000,8745,2420
23043,1843440000,1843520000,4674,1555
23044,1843520000,1843600000,6263,2437
23045,1843600000,1843680000,6637,1853
23046,1843680000,1843760000,10730,2959
23047,1843760000,1843840000,5633,1667
23048,1843840000,1843920000,4753,1808
23049,1843920000,1844000000,7049,2157
23050,1844000000,1844080000,7973,2410
23051,1844080000,1844160000,8898,2414
23052,1844160000,1844240000,4230,1493
23053,1844240000,1844320000,6366,2420
23054,1844320000,1844400000,5993,1845
23055,1844400000,1844480000,10429,2971
23056,1844480000,1844560000,5675,1679
23057,1844560000,1844640000,4794,1812
23058,1844640000,1844720000,6543,2153
23059,1844720000,1844800000,6673,2154
23060,1844800000,1844880000,7673,2589
23061,1844880000,1844960000,6518,2136
23062,1844960000,1845040000,7848,2925
23063,1845040000,1845120000,9483,2667
23064,1845120000,1845200000,4575,1635
23065,1845200000,1845280000,6625,2367
23066,1845280000,1845360000,5019,1497
23067,1845360000,1845440000,11328,3177
23068,1845440000,1845520000,5674,1691
23069,1845520000,1845600000,4348,1781
23070,1845600000,1845680000,6529,2225
23071,1845680000,1845760000,6737,2004
23072,1845760000,1845840000,9931,2706
23073,1845840000,1845920000,5545,1672
23074,1845920000,1846000000,6553,2386
23075,1846000000,1846080000,5602,1626
23076,1846080000,1846160000,11140,3192
23077,1846160000,1846240000,5655,1695
23078,1846240000,1846320000,4565,1791
23079,1846320000,1846400000,6739,2241
23080,1846400000,1846480000,6556,2008
23081,1846480000,1846560000,9434,2706
23082,1846560000,1846640000,4894,1674
23083,1846640000,1846720000,6357,2387
23084,1846720000,1846800000,5744,1635
23085,1846800000,1846880000,11094,3178
23086,1846880000,1846960000,5950,1698
23087,1846960000,1847040000,4472,1719
23088,1847040000,1847120000,6979,2114
23089,1847120000,1847200000,6759,1971
23090,1847200000,1847280000,9439,2638
23091,1847280000,1847360000,5105,1640
23092,1847360000,1847440000,6579,2311
23093,1847440000,1847520000,6079,1639
23094,1847520000,1847600000,10912,3181
23095,1847600000,1847680000,5474,1655
23096,1847680000,1847760000,4129,1631
23097,1847760000,1847840000,6996,2233
23098,1847840000,1847920000,6702,2006
23099,1847920000,1848000000,9586,2693
23100,1848000000,1848080000,5209,1638
23101,1848080000,1848160000,6400,2351
23102,1848160000,1848240000,5723,1603
23103,1848240000,1848320000,11132,3170
23104,1848320000,1848400000,5759,1699
23105,1848400000,1848480000,4595,1795
23106,1848480000,1848560000,7145,2248
23107,1848560000,1848640000,6988,2012
23108,1848640000,1848720000,9210,2602
23109,1848720000,1848800000,4393,1562
23110,1848800000,1848880000,6123,2308
23111,1848880000,1848960000,5521,1528
23112,1848960000,1849040000,10984,3157
23113,1849040000,1849120000,5331,1694
23114,1849120000,1849200000,4212,1770
23115,1849200000,1849280000,6959,2252
23116,1849280000,1849360000,6650,2004
23117,1849360000,1849440000,9402,2690
23118,1849440000,1849520000,4984,1677
23119,1849520000,1849600000,6503,2386
23120,1849600000,1849680000,5701,1639
23121,1849680000,1849760000,10995,3163
23122,1849760000,1849840000,5915,1694
23123,1849840000,1849920000,4640,1798
23124,1849920000,1850000000,7257,2251
23125,1850000000,1850080000,6814,2007
23126,1850080000,1850160000,9325,2686
23127,1850160000,1850240000,5059,1649
23128,1850240000,1850320000,6503,2383
23129,1850320000,1850400000,5880,1636
23130,1850400000,1850480000,10964,3166
23131,1850480000,1850560000,5587,1695
23132,1850560000,1850640000,4522,1795
23133,1850640000,1850720000,7046,2243
23134,1850720000,1850800000,6560,1992
23135,1850800000,1850880000,6719,2316
23136,1850880000,1850960000,7259,2347
23137,1850960000,1851040000,7556,2719
23138,1851040000,1851120000,10834,3162
23139,1851120000,1851200000,4607,1480
23140,1851200000,1851280000,6134,2321
23141,1851280000,1851360000,4755,1543
23142,1851360000,1851440000,10910,3130
23143,1851440000,1851520000,6153,1728
23144,1851520000,1851600000,5050,1872
23145,1851600000,1851680000,6673,2282
23146,1851680000,1851760000,5659,1597
23147,1851760000,1851840000,11196,3177
23148,1851840000,1851920000,4911,1520
23149,1851920000,1852000000,6164,2332
23150,1852000000,1852080000,5451,1657
23151,1852080000,1852160000,10786,3134
23152,1852160000,1852240000,5917,1729
23153,1852240000,1852320000,4970,1875
23154,1852320000,1852400000,6755,2293
23155,1852400000,1852480000,5905,1602
23156,1852480000,1852560000,10578,3162
23157,1852560000,1852640000,4625,1525
23158,1852640000,1852720000,6263,2329
23159,1852720000,1852800000,5816,1682
23160,1852800000,1852880000,10739,3130
23161,1852880000,1852960000,6114,1737
23162,1852960000,1853040000,4810,1863
23163,1853040000,1853120000,6940,2274
23164,1853120000,1853200000,6109,1604
23165,1853200000,1853280000,10925,3175
23166,1853280000,1853360000,5087,1518
23167,1853360000,1853440000,6332,2337
23168,1853440000,1853520000,5928,1677
23169,1853520000,1853600000,10832,3129
23170,1853600000,1853680000,6082,1734
23171,1853680000,1853760000,4955,1870
23172,1853760000,1853840000,6640,2287
23173,1853840000,1853920000,6123,1602
23174,1853920000,1854000000,10853,3161
23175,1854000000,1854080000,4949,1505
23176,1854080000,1854160000,6160,2326
23177,1854160000,1854240000,5972,1677
23178,1854240000,1854320000,11103,3116
23179,1854320000,1854400000,6324,1731
23180,1854400000,1854480000,5006,1824
23181,1854480000,1854560000,6680,2145
23182,1854560000,1854640000,5967,1535
23183,1854640000,1854720000,10805,3061
23184,1854720000,1854800000,4822,1396
23185,1854800000,1854880000,5985,2186
23186,1854880000,1854960000,5451,1544
23187,1854960000,1855040000,10829,3105
23188,1855040000,1855120000,6080,1705
23189,1855120000,1855200000,4604,1694
23190,1855200000,1855280000,6949,2259
23191,1855280000,1855360000,6086,1592
23192,1855360000,1855440000,10859,3166
23193,1855440000,1855520000,4815,1488
23194,1855520000,1855600000,6104,2289
23195,1855600000,1855680000,5252,1628
23196,1855680000,1855760000,10877,3118
23197,1855760000,1855840000,6111,1725
23198,1855840000,1855920000,5183,1874
23199,1855920000,1856000000,6741,2279
23200,1856000000,1856080000,6184,1596
23201,1856080000,1856160000,10712,3162
23202,1856160000,1856240000,4580,1496
23203,1856240000,1856320000,5855,2336
23204,1856320000,1856400000,5540,1660
23205,1856400000,1856480000,10962,3118
23206,1856480000,1856560000,5832,1723
23207,1856560000,1856640000,4736,1876
23208,1856640000,1856720000,6529,2283
23209,1856720000,1856800000,6095,1615
23210,1856800000,1856880000,6644,2324
23211,1856880000,1856960000,8483,2608
23212,1856960000,1857040000,7225,2585
23213,1857040000,1857120000,11065,3325
23214,1857120000,1857200000,4528,1442
23215,1857200000,1857280000,5889,2312
23216,1857280000,1857360000,5319,1704
23217,1857360000,1857440000,9351,2829
23218,1857440000,1857520000,7289,1979
23219,1857520000,1857600000,4249,1561
23220,1857600000,1857680000,6537,2420
23221,1857680000,1857760000,5813,1720
23222,1857760000,1857840000,11264,3146
23223,1857840000,1857920000,4556,1490
23224,1857920000,1858000000,5642,2327
23225,1858000000,1858080000,5986,1823
23226,1858080000,1858160000,9399,2838
23227,1858160000,1858240000,7064,1989
23228,1858240000,1858320000,4132,1564
23229,1858320000,1858400000,6722,2416
23230,1858400000,1858480000,6332,1720
23231,1858480000,1858560000,10783,3150
23232,1858560000,1858640000,4626,1490
23233,1858640000,1858720000,5675,2328
23234,1858720000,1858800000,5922,1826
23235,1858800000,1858880000,9145,2837
23236,1858880000,1858960000,7283,1978
23237,1858960000,1859040000,4556,1539
23238,1859040000,1859120000,7074,2428
23239,1859120000,1859200000,6428,1720
23240,1859200000,1859280000,10891,3132
23241,1859280000,1859360000,4978,1488
23242,1859360000,1859440000,5863,2326
23243,1859440000,1859520000,6358,1840
23244,1859520000,1859600000,9212,2835
23245,1859600000,1859680000,7060,1974
23246,1859680000,1859760000,4524,1570
23247,1859760000,1859840000,6497,2428
23248,1859840000,1859920000,6216,1728
23249,1859920000,1860000000,10938,3123
23250,1860000000,1860080000,4752,1482
23251,1860080000,1860160000,5981,2323
23252,1860160000,1860240000,6698,1835
23253,1860240000,1860320000,9467,2823
23254,1860320000,1860400000,7590,1986
23255,1860400000,1860480000,4383,1552
23256,1860480000,1860560000,6952,2410
23257,1860560000,1860640000,6196,1720
23258,1860640000,1860720000,11017,3080
23259,1860720000,1860800000,4611,1359
23260,1860800000,1860880000,5904,2258
23261,1860880000,1860960000,5887,1699
23262,1860960000,1861040000,9253,2803
23263,1861040000,1861120000,7390,1984
23264,1861120000,1861200000,4588,1560
23265,1861200000,1861280000,6911,2426
23266,1861280000,1861360000,6336,1714
23267,1861360000,1861440000,10825,3122
23268,1861440000,1861520000,4959,1494
23269,1861520000,1861600000,5872,2326
23270,1861600000,1861680000,6459,1824
23271,1861680000,1861760000,9398,2822
23272,1861760000,1861840000,7610,1973
23273,1861840000,1861920000,4649,1551
23274,1861920000,1862000000,6506,2251
23275,1862000000,1862080000,6186,1648
23276,1862080000,1862160000,10845,3087
23277,1862160000,1862240000,4752,1411
23278,1862240000,1862320000,5702,2251
23279,1862320000,1862400000,6178,1825
23280,1862400000,1862480000,9403,2824
23281,1862480000,1862560000,7272,1957
23282,1862560000,1862640000,3944,1386
23283,1862640000,1862720000,6737,2390
23284,1862720000,1862800000,6013,1743
23285,1862800000,1862880000,5940,2189
23286,1862880000,1862960000,8766,2741
23287,1862960000,1863040000,7006,2383
23288,1863040000,1863120000,11224,3443
23289,1863120000,1863200000,5015,1618
23290,1863200000,1863280000,4473,1701
23291,1863280000,1863360000,5859,1880
23292,1863360000,1863440000,7551,2296
23293,1863440000,1863520000,8723,2366
23294,1863520000,1863600000,4218,1526
23295,1863600000,1863680000,6331,2360
23296,1863680000,1863760000,5953,1747
23297,1863760000,1863840000,10802,2992
23298,1863840000,1863920000,5271,1604
23299,1863920000,1864000000,4568,1678
23300,1864000000,1864080000,6582,2131
23301,1864080000,1864160000,8078,2413
23302,1864160000,1864240000,8685,2424
23303,1864240000,1864320000,4335,1507
23304,1864320000,1864400000,6277,2403
23305,1864400000,1864480000,6533,1817
23306,1864480000,1864560000,10209,2996
23307,1864560000,1864640000,5198,1679
23308,1864640000,1864720000,4675,1808
23309,1864720000,1864800000,6778,2159
23310,1864800000,1864880000,7972,2413
23311,1864880000,1864960000,8705,2423
23312,1864960000,1865040000,4524,1553
23313,1865040000,1865120000,6380,2438
23314,1865120000,1865200000,6739,1856
23315,1865200000,1865280000,10516,2992
23316,1865280000,1865360000,5439,1683
23317,1865360000,1865440000,4426,1809
23318,1865440000,1865520000,6846,2167
23319,1865520000,1865600000,8132,2414
23320,1865600000,1865680000,8447,2424
23321,1865680000,1865760000,4232,1549
23322,1865760000,1865840000,6643,2443
23323,1865840000,1865920000,6728,1857
23324,1865920000,1866000000,10417,2979
23325,1866000000,1866080000,5515,1678
23326,1866080000,1866160000,4527,1812
23327,1866160000,1866240000,6952,2163
23328,1866240000,1866320000,8132,2403
23329,1866320000,1866400000,8915,2418
23330,1866400000,1866480000,4776,1554
23331,1866480000,1866560000,6794,2446
23332,1866560000,1866640000,6974,1849
23333,1866640000,1866720000,10537,2941
23334,1866720000,1866800000,5012,1546
23335,1866800000,1866880000,4421,1740
23336,1866880000,1866960000,6708,2036
23337,1866960000,1867040000,8028,2369
23338,1867040000,1867120000,8523,2412
23339,1867120000,1867200000,4679,1549
23340,1867200000,1867280000,6424,2448
23341,1867280000,1867360000,6759,1848
23342,1867360000,1867440000,10416,2974
23343,1867440000,1867520000,5290,1669
23344,1867520000,1867600000,4652,1805
23345,1867600000,1867680000,6980,2165
23346,1867680000,1867760000,8055,2403
23347,1867760000,1867840000,9036,2415
23348,1867840000,1867920000,4362,1537
23349,1867920000,1868000000,6816,2430
23350,1868000000,1868080000,6665,1842
23351,1868080000,1868160000,10457,2976
23352,1868160000,1868240000,5059,1654
23353,1868240000,1868320000,4802,1812
23354,1868320000,1868400000,6600,2160
23355,1868400000,1868480000,7969,2405
23356,1868480000,1868560000,8700,2402
23357,1868560000,1868640000,4503,1548
23358,1868640000,1868720000,6659,2438
23359,1868720000,1868800000,6351,1845
23360,1868800000,1868880000,6155,2157
23361,1868880000,1868960000,8483,2638
23362,1868960000,1869040000,6245,2305
23363,1869040000,1869120000,11219,3610
23364,1869120000,1869200000,5410,1640
23365,1869200000,1869280000,4367,1779
23366,1869280000,1869360000,6468,2141
23367,1869360000,1869440000,6355,1948
23368,1869440000,1869520000,9829,2696
23369,1869520000,1869600000,5322,1666
23370,1869600000,1869680000,6483,2387
23371,1869680000,1869760000,5189,1626
23372,1869760000,1869840000,11419,3186
23373,1869840000,1869920000,5621,1694
23374,1869920000,1870000000,4793,1795
23375,1870000000,1870080000,7013,2241
23376,1870080000,1870160000,6702,2001
23377,1870160000,1870240000,9467,2688
23378,1870240000,1870320000,4938,1671
23379,1870320000,1870400000,6440,2385
23380,1870400000,1870480000,5588,1638
23381,1870480000,1870560000,10994,3195
23382,1870560000,1870640000,5638,1705
23383,1870640000,1870720000,4330,1723
23384,1870720000,1870800000,6746,2117
23385,1870800000,1870880000,6687,1965
23386,1870880000,1870960000,9604,2649
23387,1870960000,1871040000,5095,1644
23388,1871040000,1871120000,6615,2310
23389,1871120000,1871200000,6224,1640
23390,1871200000,1871280000,11153,3180
23391,1871280000,1871360000,5915,1664
23392,1871360000,1871440000,4268,1631
23393,1871440000,1871520000,7349,2232
23394,1871520000,1871600000,7069,2008
23395,1871600000,1871680000,9453,2687
23396,1871680000,1871760000,5036,1635
23397,1871760000,1871840000,6366,2350
23398,1871840000,1871920000,5737,1595
23399,1871920000,1872000000,10980,3175
23400,1872000000,1872080000,5802,1702
23401,1872080000,1872160000,4682,1795
23402,1872160000,1872240000,7103,2246
23403,1872240000,1872320000,7082,1998
23404,1872320000,1872400000,9717,2686
23405,1872400000,1872480000,5141,1676
23406,1872480000,1872560000,6339,2391
23407,1872560000,1872640000,5960,1629
23408,1872640000,1872720000,11290,3143
23409,1872720000,1872800000,5477,1586
23410,1872800000,1872880000,4082,1704
23411,1872880000,1872960000,6448,2135
23412,1872960000,1873040000,6582,1955
23413,1873040000,1873120000,9448,2688
23414,1873120000,1873200000,4849,1667
23415,1873200000,1873280000,6445,2384
23416,1873280000,1873360000,5725,1640
23417,1873360000,1873440000,11013,3165
23418,1873440000,1873520000,5395,1695
23419,1873520000,1873600000,4351,1798
23420,1873600000,1873680000,6996,2248
23421,1873680000,1873760000,6929,1998
23422,1873760000,1873840000,9733,2684
23423,1873840000,1873920000,5228,1671
23424,1873920000,1874000000,6765,2384
23425,1874000000,1874080000,6040,1623
23426,1874080000,1874160000,11153,3170
23427,1874160000,1874240000,5627,1694
23428,1874240000,1874320000,4442,1775
23429,1874320000,1874400000,6642,2238
23430,1874400000,1874480000,6484,1994
23431,1874480000,1874560000,9446,2682
23432,1874560000,1874640000,5208,1670
23433,1874640000,1874720000,6242,2387
23434,1874720000,1874800000,5421,1623
23435,1874800000,1874880000,5950,2208
23436,1874880000,1874960000,8265,2744
23437,1874960000,1875040000,6211,2183
23438,1875040000,1875120000,10788,3670
23439,1875120000,1875200000,5534,1673
23440,1875200000,1875280000,5138,1872
23441,1875280000,1875360000,6547,2212
23442,1875360000,1875440000,5272,1518
23443,1875440000,1875520000,10714,3182
23444,1875520000,1875600000,4742,1518
23445,1875600000,1875680000,6198,2334
23446,1875680000,1875760000,4979,1661
23447,1875760000,1875840000,10802,3136
23448,1875840000,1875920000,5776,1734
23449,1875920000,1876000000,5147,1875
23450,1876000000,1876080000,6489,2282
23451,1876080000,1876160000,5596,1589
23452,1876160000,1876240000,10553,3166
23453,1876240000,1876320000,4639,1518
23454,1876320000,1876400000,6265,2327
23455,1876400000,1876480000,5918,1674
23456,1876480000,1876560000,10498,3137
23457,1876560000,1876640000,6068,1733
23458,1876640000,1876720000,4646,1860
23459,1876720000,1876800000,6836,2276
23460,1876800000,1876880000,6142,1598
23461,1876880000,1876960000,11054,3174
23462,1876960000,1877040000,5230,1521
23463,1877040000,1877120000,6346,2337
23464,1877120000,1877200000,6062,1677
23465,1877200000,1877280000,10897,3132
23466,1877280000,1877360000,6399,1736
23467,1877360000,1877440000,5179,1873
23468,1877440000,1877520000,6859,2288
23469,1877520000,1877600000,5871,1600
23470,1877600000,1877680000,10777,3171
23471,1877680000,1877760000,4867,1518
23472,1877760000,1877840000,6122,2333
23473,1877840000,1877920000,5593,1672
23474,1877920000,1878000000,10912,3118
23475,1878000000,1878080000,6350,1735
23476,1878080000,1878160000,5009,1821
23477,1878160000,1878240000,6666,2154
23478,1878240000,1878320000,6129,1535
23479,1878320000,1878400000,10963,3113
23480,1878400000,1878480000,4758,1482
23481,1878480000,1878560000,6153,2257
23482,1878560000,1878640000,6078,1675
23483,1878640000,1878720000,11053,3096
23484,1878720000,1878800000,5806,1576
23485,1878800000,1878880000,4430,1599
23486,1878880000,1878960000,6753,2173
23487,1878960000,1879040000,5703,1520
23488,1879040000,1879120000,11048,3160
23489,1879120000,1879200000,4903,1491
23490,1879200000,1879280000,6111,2289
23491,1879280000,1879360000,5485,1632
23492,1879360000,1879440000,10781,3118
23493,1879440000,1879520000,6082,1730
23494,1879520000,1879600000,5018,1870
23495,1879600000,1879680000,6774,2280
23496,1879680000,1879760000,6023,1591
23497,1879760000,1879840000,11027,3160
23498,1879840000,1879920000,5078,1523
23499,1879920000,1880000000,6026,2335
23500,1880000000,1880080000,5515,1662
23501,1880080000,1880160000,10974,3125
23502,1880160000,1880240000,6045,1730
23503,1880240000,1880320000,4645,1856
23504,1880320000,1880400000,6369,2282
23505,1880400000,1880480000,5639,1588
23506,1880480000,1880560000,10882,3164
23507,1880560000,1880640000,4864,1519
23508,1880640000,1880720000,6160,2330
23509,1880720000,1880800000,5665,1663
23510,1880800000,1880880000,6439,2199
23511,1880880000,1880960000,8356,2757
23512,1880960000,1881040000,6068,2016
23513,1881040000,1881120000,10162,3703
23514,1881120000,1881200000,6888,1929
23515,1881200000,1881280000,4286,1557
23516,1881280000,1881360000,6472,2392
23517,1881360000,1881440000,5380,1606
23518,1881440000,1881520000,10879,3138
23519,1881520000,1881600000,4552,1488
23520,1881600000,1881680000,5631,2325
23521,1881680000,1881760000,5725,1822
23522,1881760000,1881840000,9421,2842
23523,1881840000,1881920000,7138,1986
23524,1881920000,1882000000,4321,1564
23525,1882000000,1882080000,6805,2416
23526,1882080000,1882160000,6381,1717
23527,1882160000,1882240000,10568,3138
23528,1882240000,1882320000,4820,1494
23529,1882320000,1882400000,5775,2330
23530,1882400000,1882480000,6082,1830
23531,1882480000,1882560000,8994,2844
23532,1882560000,1882640000,7059,1994
23533,1882640000,1882720000,4530,1566
23534,1882720000,1882800000,6694,2420
23535,1882800000,1882880000,5925,1721
23536,1882880000,1882960000,10514,3139
23537,1882960000,1883040000,5056,1492
23538,1883040000,1883120000,5877,2326
23539,1883120000,1883200000,5885,1841
23540,1883200000,1883280000,9091,2836
23541,1883280000,1883360000,7083,1986
23542,1883360000,1883440000,4720,1570
23543,1883440000,1883520000,6657,2430
23544,1883520000,1883600000,6152,1725
23545,1883600000,1883680000,10507,3131
23546,1883680000,1883760000,4477,1446
23547,1883760000,1883840000,5817,2297
23548,1883840000,1883920000,6251,1839
23549,1883920000,1884000000,9062,2833
23550,1884000000,1884080000,7395,1981
23551,1884080000,1884160000,4311,1551
23552,1884160000,1884240000,6860,2412
23553,1884240000,1884320000,6453,1723
23554,1884320000,1884400000,11198,3122
23555,1884400000,1884480000,5127,1494
23556,1884480000,1884560000,6048,2328
23557,1884560000,1884640000,6856,1840
23558,1884640000,1884720000,9577,2808
23559,1884720000,1884800000,7319,1883
23560,1884800000,1884880000,4278,1475
23561,1884880000,1884960000,6624,2327
23562,1884960000,1885040000,6271,1628
23563,1885040000,1885120000,11001,3124
23564,1885120000,1885200000,4987,1486
23565,1885200000,1885280000,5835,2326
23566,1885280000,1885360000,6636,1840
23567,1885360000,1885440000,9286,2828
23568,1885440000,1885520000,7785,1986
23569,1885520000,1885600000,4484,1549
23570,1885600000,1885680000,6513,2259
23571,1885680000,1885760000,6265,1642
23572,1885760000,1885840000,11144,3091
23573,1885840000,1885920000,4818,1435
23574,1885920000,1886000000,5871,2251
23575,1886000000,1886080000,6608,1825
23576,1886080000,1886160000,9421,2831
23577,1886160000,1886240000,7416,1955
23578,1886240000,1886320000,4056,1388
23579,1886320000,1886400000,6813,2390
23580,1886400000,1886480000,6041,1715
23581,1886480000,1886560000,10952,3116
23582,1886560000,1886640000,4669,1479
23583,1886640000,1886720000,5742,2266
23584,1886720000,1886800000,5903,1787
23585,1886800000,1886880000,6168,2137
23586,1886880000,1886960000,8053,2776
23587,1886960000,1887040000,5656,1881
23588,1887040000,1887120000,8860,3271
23589,1887120000,1887200000,8133,2271
23590,1887200000,1887280000,3988,1453
23591,1887280000,1887360000,6498,2350
23592,1887360000,1887440000,5672,1714
23593,1887440000,1887520000,10433,2996
23594,1887520000,1887600000,4728,1541
23595,1887600000,1887680000,4491,1679
23596,1887680000,1887760000,6344,2135
23597,1887760000,1887840000,7966,2416
23598,1887840000,1887920000,8919,2432
23599,1887920000,1888000000,4851,1507
23600,1888000000,1888080000,6455,2403
23601,1888080000,1888160000,6346,1812
23602,1888160000,1888240000,10155,2997
23603,1888240000,1888320000,5539,1678
23604,1888320000,1888400000,4653,1805
23605,1888400000,1888480000,6647,2157
23606,1888480000,1888560000,7885,2424
23607,1888560000,1888640000,8412,2432
23608,1888640000,1888720000,4416,1531
23609,1888720000,1888800000,6212,2436
23610,1888800000,1888880000,6632,1853
23611,1888880000,1888960000,10198,2986
23612,1888960000,1889040000,5651,1680
23613,1889040000,1889120000,4426,1809
23614,1889120000,1889200000,6837,2167
23615,1889200000,1889280000,7972,2420
23616,1889280000,1889360000,8626,2420
23617,1889360000,1889440000,4589,1555
23618,1889440000,1889520000,6733,2443
23619,1889520000,1889600000,7113,1856
23620,1889600000,1889680000,10062,2980
23621,1889680000,1889760000,5370,1680
23622,1889760000,1889840000,4440,1813
23623,1889840000,1889920000,7000,2169
23624,1889920000,1890000000,8010,2413
23625,1890000000,1890080000,8715,2420
23626,1890080000,1890160000,4851,1550
23627,1890160000,1890240000,6796,2444
23628,1890240000,1890320000,7150,1854
23629,1890320000,1890400000,10303,2979
23630,1890400000,1890480000,5618,1675
23631,1890480000,1890560000,4624,1808
23632,1890560000,1890640000,7208,2169
23633,1890640000,1890720000,8159,2410
23634,1890720000,1890800000,8444,2316
23635,1890800000,1890880000,4559,1450
23636,1890880000,1890960000,6081,2358
23637,1890960000,1891040000,6582,1744
23638,1891040000,1891120000,10181,2975
23639,1891120000,1891200000,5231,1656
23640,1891200000,1891280000,4613,1805
23641,1891280000,1891360000,7180,2169
23642,1891360000,1891440000,7915,2410
23643,1891440000,1891520000,8970,2418
23644,1891520000,1891600000,4283,1531
23645,1891600000,1891680000,6636,2432
23646,1891680000,1891760000,6514,1853
23647,1891760000,1891840000,10680,2969
23648,1891840000,1891920000,5787,1673
23649,1891920000,1892000000,4858,1788
23650,1892000000,1892080000,7085,2173
23651,1892080000,1892160000,8041,2410
23652,1892160000,1892240000,8900,2414
23653,1892240000,1892320000,4472,1530
23654,1892320000,1892400000,6437,2432
23655,1892400000,1892480000,6687,1856
23656,1892480000,1892560000,10588,2971
23657,1892560000,1892640000,5401,1674
23658,1892640000,1892720000,4584,1808
23659,1892720000,1892800000,6787,2159
23660,1892800000,1892880000,6511,2155
23661,1892880000,1892960000,7417,2589
23662,1892960000,1893040000,6437,2136
23663,1893040000,1893120000,7776,2925
23664,1893120000,1893200000,9437,2686
23665,1893200000,1893280000,4940,1634
23666,1893280000,1893360000,6478,2374
23667,1893360000,1893440000,5245,1500
23668,1893440000,1893520000,11235,3189
23669,1893520000,1893600000,5298,1693
23670,1893600000,1893680000,4544,1767
23671,1893680000,1893760000,7069,2239
23672,1893760000,1893840000,6787,2006
23673,1893840000,1893920000,9767,2698
23674,1893920000,1894000000,4858,1668
23675,1894000000,1894080000,6468,2382
23676,1894080000,1894160000,5688,1626
23677,1894160000,1894240000,11078,3181
23678,1894240000,1894320000,5507,1697
23679,1894320000,1894400000,4306,1719
23680,1894400000,1894480000,6760,2113
23681,1894480000,1894560000,6461,1966
23682,1894560000,1894640000,9198,2654
23683,1894640000,1894720000,4863,1645
23684,1894720000,1894800000,6416,2311
23685,1894800000,1894880000,5628,1642
23686,1894880000,1894960000,10875,3189
23687,1894960000,1895040000,5715,1659
23688,1895040000,1895120000,4349,1631
23689,1895120000,1895200000,7283,2231
23690,1895200000,1895280000,6766,2010
23691,1895280000,1895360000,9521,2700
23692,1895360000,1895440000,5520,1641
23693,1895440000,1895520000,6404,2349
23694,1895520000,1895600000,5721,1606
23695,1895600000,1895680000,10790,3183
23696,1895680000,1895760000,5689,1699
23697,1895760000,1895840000,4539,1791
23698,1895840000,1895920000,6992,2251
23699,1895920000,1896000000,6649,2006
23700,1896000000,1896080000,9342,2693
23701,1896080000,1896160000,5064,1678
23702,1896160000,1896240000,6297,2391
23703,1896240000,1896320000,6002,1637
23704,1896320000,1896400000,11115,3167
23705,1896400000,1896480000,5569,1698
23706,1896480000,1896560000,4367,1798
23707,1896560000,1896640000,7115,2250
23708,1896640000,1896720000,7193,2012
23709,1896720000,1896800000,9062,2598
23710,1896800000,1896880000,4492,1562
23711,1896880000,1896960000,6342,2298
23712,1896960000,1897040000,5859,1524
23713,1897040000,1897120000,10820,3159
23714,1897120000,1897200000,5393,1696
23715,1897200000,1897280000,4336,1798
23716,1897280000,1897360000,7054,2240
23717,1897360000,1897440000,6849,2008
23718,1897440000,1897520000,9416,2698
23719,1897520000,1897600000,5412,1675
23720,1897600000,1897680000,6576,2382
23721,1897680000,1897760000,5770,1628
23722,1897760000,1897840000,11036,3168
23723,1897840000,1897920000,5701,1695
23724,1897920000,1898000000,4622,1795
23725,1898000000,1898080000,7149,2239
23726,1898080000,1898160000,6885,2004
23727,1898160000,1898240000,9061,2672
23728,1898240000,1898320000,4775,1648
23729,1898320000,1898400000,6175,2385
23730,1898400000,1898480000,5072,1625
23731,1898480000,1898560000,11004,3168
23732,1898560000,1898640000,5039,1679
23733,1898640000,1898720000,4429,1795
23734,1898720000,1898800000,7149,2240
23735,1898800000,1898880000,6154,1987
23736,1898880000,1898960000,6666,2317
23737,1898960000,1899040000,7163,2347
23738,1899040000,1899120000,7456,2719
23739,1899120000,1899200000,10575,3153
23740,1899200000,1899280000,4473,1479
23741,1899280000,1899360000,6041,2317
23742,1899360000,1899440000,4775,1543
23743,1899440000,1899520000,10804,3126
23744,1899520000,1899600000,5644,1725
23745,1899600000,1899680000,4994,1875
23746,1899680000,1899760000,6500,2283
23747,1899760000,1899840000,5443,1596
23748,1899840000,1899920000,10820,3159
23749,1899920000,1900000000,4408,1516
23750,1900000000,1900080000,6344,2329
23751,1900080000,1900160000,5704,1664
23752,1900160000,1900240000,10855,3135
23753,1900240000,1900320000,5768,1730
23754,1900320000,1900400000,4689,1860
23755,1900400000,1900480000,6649,2266
23756,1900480000,1900560000,5772,1602
23757,1900560000,1900640000,10566,3186
23758,1900640000,1900720000,5184,1519
23759,1900720000,1900800000,6220,2335
23760,1900800000,1900880000,5392,1662
23761,1900880000,1900960000,10744,3134
23762,1900960000,1901040000,6272,1734
23763,1901040000,1901120000,5057,1870
23764,1901120000,1901200000,6989,2287
23765,1901200000,1901280000,6083,1597
23766,1901280000,1901360000,10748,3171
23767,1901360000,1901440000,4812,1524
23768,1901440000,1901520000,6237,2334
23769,1901520000,1901600000,5916,1677
23770,1901600000,1901680000,10882,3123
23771,1901680000,1901760000,5870,1727
23772,1901760000,1901840000,4726,1817
23773,1901840000,1901920000,6643,2154
23774,1901920000,1902000000,5759,1540
23775,1902000000,1902080000,10563,3120
23776,1902080000,1902160000,4841,1485
23777,1902160000,1902240000,6139,2258
23778,1902240000,1902320000,5916,1676
23779,1902320000,1902400000,10946,3123
23780,1902400000,1902480000,5989,1710
23781,1902480000,1902560000,4684,1698
23782,1902560000,1902640000,6888,2268
23783,1902640000,1902720000,6331,1601
23784,1902720000,1902800000,10616,3093
23785,1902800000,1902880000,4521,1354
23786,1902880000,1902960000,5900,2249
23787,1902960000,1903040000,5614,1556
23788,1903040000,1903120000,10730,3096
23789,1903120000,1903200000,5869,1735
23790,1903200000,1903280000,5147,1868
23791,1903280000,1903360000,6836,2287
23792,1903360000,1903440000,6064,1598
23793,1903440000,1903520000,10579,3168
23794,1903520000,1903600000,4686,1518
23795,1903600000,1903680000,5928,2337
23796,1903680000,1903760000,5662,1676
23797,1903760000,1903840000,10991,3119
23798,1903840000,1903920000,5882,1728
23799,1903920000,1904000000,4886,1875
23800,1904000000,1904080000,6905,2291
23801,1904080000,1904160000,6024,1595
23802,1904160000,1904240000,10480,3160
23803,1904240000,1904320000,4467,1500
23804,1904320000,1904400000,6095,2329
23805,1904400000,1904480000,5342,1663
23806,1904480000,1904560000,10805,3120
23807,1904560000,1904640000,5957,1728
23808,1904640000,1904720000,4775,1875
23809,1904720000,1904800000,6821,2282
23810,1904800000,1904880000,5668,1612
23811,1904880000,1904960000,6607,2325
23812,1904960000,1905040000,8142,2608
23813,1905040000,1905120000,7078,2585
23814,1905120000,1905200000,10975,3328
23815,1905200000,1905280000,4335,1442
23816,1905280000,1905360000,5602,2316
23817,1905360000,1905440000,5241,1704
23818,1905440000,1905520000,9290,2828
23819,1905520000,1905600000,7098,1988
23820,1905600000,1905680000,4265,1564
23821,1905680000,1905760000,6707,2416
23822,1905760000,1905840000,5852,1720
23823,1905840000,1905920000,11086,3142
23824,1905920000,1906000000,5013,1490
23825,1906000000,1906080000,5797,2328
23826,1906080000,1906160000,5817,1824
23827,1906160000,1906240000,9381,2839
23828,1906240000,1906320000,7277,1982
23829,1906320000,1906400000,4621,1566
23830,1906400000,1906480000,7004,2430
23831,1906480000,1906560000,6223,1726
23832,1906560000,1906640000,10583,3146
23833,1906640000,1906720000,4717,1494
23834,1906720000,1906800000,5753,2324
23835,1906800000,1906880000,6264,1834
23836,1906880000,1906960000,9238,2838
23837,1906960000,1907040000,6984,1980
23838,1907040000,1907120000,4693,1566
23839,1907120000,1907200000,6641,2428
23840,1907200000,1907280000,6488,1720
23841,1907280000,1907360000,10711,3132
23842,1907360000,1907440000,4696,1480
23843,1907440000,1907520000,6014,2321
23844,1907520000,1907600000,6638,1845
23845,1907600000,1907680000,9213,2832
23846,1907680000,1907760000,7064,1985
23847,1907760000,1907840000,4103,1533
23848,1907840000,1907920000,6789,2409
23849,1907920000,1908000000,6078,1728
23850,1908000000,1908080000,10713,3117
23851,1908080000,1908160000,5244,1496
23852,1908160000,1908240000,6022,2328
23853,1908240000,1908320000,6472,1838
23854,1908320000,1908400000,9412,2828
23855,1908400000,1908480000,7676,1987
23856,1908480000,1908560000,4698,1566
23857,1908560000,1908640000,6933,2424
23858,1908640000,1908720000,6583,1726
23859,1908720000,1908800000,10854,3076
23860,1908800000,1908880000,4683,1355
23861,1908880000,1908960000,5633,2254
23862,1908960000,1909040000,6265,1703
23863,1909040000,1909120000,9345,2802
23864,1909120000,1909200000,7443,1974
23865,1909200000,1909280000,4488,1546
23866,1909280000,1909360000,6502,2251
23867,1909360000,1909440000,6517,1654
23868,1909440000,1909520000,10695,3097
23869,1909520000,1909600000,4772,1433
23870,1909600000,1909680000,5828,2249
23871,1909680000,1909760000,6685,1827
23872,1909760000,1909840000,9444,2823
23873,1909840000,1909920000,7409,1957
23874,1909920000,1910000000,4221,1387
23875,1910000000,1910080000,7053,2390
23876,1910080000,1910160000,6390,1720
23877,1910160000,1910240000,10825,3124
23878,1910240000,1910320000,4678,1459
23879,1910320000,1910400000,5772,2266
23880,1910400000,1910480000,5937,1789
23881,1910480000,1910560000,9223,2825
23882,1910560000,1910640000,7154,1978
23883,1910640000,1910720000,4472,1562
23884,1910720000,1910800000,6651,2416
23885,1910800000,1910880000,6004,1747
23886,1910880000,1910960000,5942,2190
23887,1910960000,1911040000,8683,2741
23888,1911040000,1911120000,6867,2373
23889,1911120000,1911200000,11021,3440
23890,1911200000,1911280000,4840,1546
23891,1911280000,1911360000,4544,1678
23892,1911360000,1911440000,6154,2015
23893,1911440000,1911520000,7823,2375
23894,1911520000,1911600000,8763,2422
23895,1911600000,1911680000,4490,1503
23896,1911680000,1911760000,6229,2393
23897,1911760000,1911840000,6150,1813
23898,1911840000,1911920000,10487,2990
23899,1911920000,1912000000,5546,1676
23900,1912000000,1912080000,4834,1808
23901,1912080000,1912160000,6891,2153
23902,1912160000,1912240000,7965,2415
23903,1912240000,1912320000,8546,2422
23904,1912320000,1912400000,4628,1555
23905,1912400000,1912480000,6437,2446
23906,1912480000,1912560000,5670,1848
23907,1912560000,1912640000,10135,3004
23908,1912640000,1912720000,5442,1684
23909,1912720000,1912800000,4360,1812
23910,1912800000,1912880000,6298,2164
23911,1912880000,1912960000,7540,2413
23912,1912960000,1913040000,8692,2417
23913,1913040000,1913120000,4645,1553
23914,1913120000,1913200000,6783,2441
23915,1913200000,1913280000,6384,1849
23916,1913280000,1913360000,10394,2994
23917,1913360000,1913440000,5829,1683
23918,1913440000,1913520000,4503,1813
23919,1913520000,1913600000,6943,2163
23920,1913600000,1913680000,7951,2410
23921,1913680000,1913760000,8656,2418
23922,1913760000,1913840000,4817,1546
23923,1913840000,1913920000,6824,2446
23924,1913920000,1914000000,6695,1857
23925,1914000000,1914080000,10193,2977
23926,1914080000,1914160000,5873,1674
23927,1914160000,1914240000,4634,1808
23928,1914240000,1914320000,6855,2173
23929,1914320000,1914400000,7895,2403
23930,1914400000,1914480000,8886,2418
23931,1914480000,1914560000,4849,1547
23932,1914560000,1914640000,6385,2438
23933,1914640000,1914720000,6876,1856
23934,1914720000,1914800000,10414,2941
23935,1914800000,1914880000,5253,1542
23936,1914880000,1914960000,4480,1740
23937,1914960000,1915040000,6725,2036
23938,1915040000,1915120000,7882,2367
23939,1915120000,1915200000,8679,2422
23940,1915200000,1915280000,4247,1531
23941,1915280000,1915360000,6622,2422
23942,1915360000,1915440000,6831,1854
23943,1915440000,1915520000,10254,2984
23944,1915520000,1915600000,5612,1673
23945,1915600000,1915680000,4801,1813
23946,1915680000,1915760000,7111,2159
23947,1915760000,1915840000,8174,2405
23948,1915840000,1915920000,8879,2418
23949,1915920000,1916000000,4707,1548
23950,1916000000,1916080000,6643,2431
23951,1916080000,1916160000,6796,1857
23952,1916160000,1916240000,10364,2974
23953,1916240000,1916320000,5189,1654
23954,1916320000,1916400000,4529,1808
23955,1916400000,1916480000,6380,2155
23956,1916480000,1916560000,7833,2403
23957,1916560000,1916640000,8622,2408
23958,1916640000,1916720000,4314,1526
23959,1916720000,1916800000,6130,2260
23960,1916800000,1916880000,6041,1766
23961,1916880000,1916960000,5886,2158
23962,1916960000,1917040000,8430,2638
23963,1917040000,1917120000,6412,2303
23964,1917120000,1917200000,11228,3613
23965,1917200000,1917280000,5655,1640
23966,1917280000,1917360000,4645,1793
23967,1917360000,1917440000,6465,2151
23968,1917440000,1917520000,6391,1948
23969,1917520000,1917600000,9738,2700
23970,1917600000,1917680000,4912,1667
23971,1917680000,1917760000,6373,2383
23972,1917760000,1917840000,5271,1625
23973,1917840000,1917920000,11452,3185
23974,1917920000,1918000000,5570,1695
23975,1918000000,1918080000,4541,1723
23976,1918080000,1918160000,6550,2105
23977,1918160000,1918240000,6608,1961
23978,1918240000,1918320000,9384,2646
23979,1918320000,1918400000,4688,1613
23980,1918400000,1918480000,6333,2304
23981,1918480000,1918560000,5538,1633
23982,1918560000,1918640000,10860,3196
23983,1918640000,1918720000,5378,1658
23984,1918720000,1918800000,4164,1631
23985,1918800000,1918880000,6789,2226
23986,1918880000,1918960000,6457,2004
23987,1918960000,1919040000,9581,2699
23988,1919040000,1919120000,5303,1637
23989,1919120000,1919200000,6427,2350
23990,1919200000,1919280000,5512,1593
23991,1919280000,1919360000,10968,3184
23992,1919360000,1919440000,5687,1696
23993,1919440000,1919520000,4707,1791
23994,1919520000,1919600000,7130,2248
23995,1919600000,1919680000,6685,2004
23996,1919680000,1919760000,9206,2689
23997,1919760000,1919840000,4837,1671
23998,1919840000,1919920000,6237,2392
23999,1919920000,1920000000,5612,1637
24000,1920000000,1920080000,11001,3180
24001,1920080000,1920160000,5841,1705
24002,1920160000,1920240000,4303,1798
24003,1920240000,1920320000,6907,2249
24004,1920320000,1920400000,6784,1998
24005,1920400000,1920480000,9613,2692
24006,1920480000,1920560000,5188,1674
24007,1920560000,1920640000,6592,2385
24008,1920640000,1920720000,5709,1629
24009,1920720000,1920800000,11154,3145
24010,1920800000,1920880000,5615,1590
24011,1920880000,1920960000,4102,1704
24012,1920960000,1921040000,6689,2135
24013,1921040000,1921120000,6599,1951
24014,1921120000,1921200000,9530,2684
24015,1921200000,1921280000,5145,1670
24016,1921280000,1921360000,6603,2386
24017,1921360000,1921440000,5734,1638
24018,1921440000,1921520000,10967,3176
24019,1921520000,1921600000,5631,1692
24020,1921600000,1921680000,4452,1771
24021,1921680000,1921760000,7052,2249
24022,1921760000,1921840000,6735,1999
24023,1921840000,1921920000,9575,2684
24024,1921920000,1922000000,5229,1670
24025,1922000000,1922080000,6342,2386
24026,1922080000,1922160000,5956,1626
24027,1922160000,1922240000,11160,3170
24028,1922240000,1922320000,4857,1681
24029,1922320000,1922400000,4344,1775
24030,1922400000,1922480000,7132,2241
24031,1922480000,1922560000,6910,1999
24032,1922560000,1922640000,9458,2690
24033,1922640000,1922720000,4647,1656
24034,1922720000,1922800000,6360,2371
24035,1922800000,1922880000,5749,1625
24036,1922880000,1922960000,6122,2207
24037,1922960000,1923040000,8607,2744
24038,1923040000,1923120000,6321,2183
24039,1923120000,1923200000,10897,3685
24040,1923200000,1923280000,5625,1671
24041,1923280000,1923360000,4941,1848
24042,1923360000,1923440000,6170,2218
24043,1923440000,1923520000,5277,1518
24044,1923520000,1923600000,10762,3168
24045,1923600000,1923680000,4220,1518
24046,1923680000,1923760000,6234,2328
24047,1923760000,1923840000,5435,1662
24048,1923840000,1923920000,11110,3140
24049,1923920000,1924000000,6166,1729
24050,1924000000,1924080000,4753,1860
24051,1924080000,1924160000,6607,2266
24052,1924160000,1924240000,6082,1592
24053,1924240000,1924320000,10579,3178
24054,1924320000,1924400000,4850,1518
24055,1924400000,1924480000,6292,2338
24056,1924480000,1924560000,5594,1664
24057,1924560000,1924640000,10453,3138
24058,1924640000,1924720000,5939,1736
24059,1924720000,1924800000,5042,1877
24060,1924800000,1924880000,6664,2280
24061,1924880000,1924960000,5750,1596
24062,1924960000,1925040000,10926,3182
24063,1925040000,1925120000,5016,1523
24064,1925120000,1925200000,6281,2333
24065,1925200000,1925280000,5880,1670
24066,1925280000,1925360000,11036,3130
24067,1925360000,1925440000,6236,1738
24068,1925440000,1925520000,4943,1817
24069,1925520000,1925600000,6591,2155
24070,1925600000,1925680000,5999,1532
24071,1925680000,1925760000,10684,3132
24072,1925760000,1925840000,4473,1477
24073,1925840000,1925920000,6047,2256
24074,1925920000,1926000000,5911,1671
24075,1926000000,1926080000,10783,3123
24076,1926080000,1926160000,6231,1707
24077,1926160000,1926240000,4638,1695
24078,1926240000,1926320000,7040,2267
24079,1926320000,1926400000,5918,1588
24080,1926400000,1926480000,10963,3166
24081,1926480000,1926560000,5129,1470
24082,1926560000,1926640000,6050,2286
24083,1926640000,1926720000,5501,1643
24084,1926720000,1926800000,10892,3098
24085,1926800000,1926880000,6047,1633
24086,1926880000,1926960000,4843,1780
24087,1926960000,1927040000,6433,2181
24088,1927040000,1927120000,5509,1524
24089,1927120000,1927200000,10667,3162
24090,1927200000,1927280000,4651,1518
24091,1927280000,1927360000,5977,2337
24092,1927360000,1927440000,5538,1677
24093,1927440000,1927520000,10705,3124
24094,1927520000,1927600000,5950,1737
24095,1927600000,1927680000,4838,1871
24096,1927680000,1927760000,6641,2291
24097,1927760000,1927840000,6018,1588
24098,1927840000,1927920000,11020,3166
24099,1927920000,1928000000,4813,1519
24100,1928000000,1928080000,6181,2329
24101,1928080000,1928160000,6075,1673
24102,1928160000,1928240000,11024,3128
24103,1928240000,1928320000,5849,1730
24104,1928320000,1928400000,4636,1856
24105,1928400000,1928480000,6727,2292
24106,1928480000,1928560000,5953,1584
24107,1928560000,1928640000,10824,3162
24108,1928640000,1928720000,4891,1519
24109,1928720000,1928800000,6359,2334
24110,1928800000,1928880000,5916,1667
24111,1928880000,1928960000,6452,2198
24112,1928960000,1929040000,8815,2757
24113,1929040000,1929120000,6050,2016
24114,1929120000,1929200000,10262,3705
24115,1929200000,1929280000,7028,1924
24116,1929280000,1929360000,4175,1557
24117,1929360000,1929440000,6660,2384
24118,1929440000,1929520000,5646,1606
24119,1929520000,1929600000,11012,3140
24120,1929600000,1929680000,4554,1484
24121,1929680000,1929760000,5792,2330
24122,1929760000,1929840000,5887,1823
24123,1929840000,1929920000,9506,2841
24124,1929920000,1930000000,7402,1993
24125,1930000000,1930080000,4728,1564
24126,1930080000,1930160000,6992,2420
24127,1930160000,1930240000,6194,1717
24128,1930240000,1930320000,10816,3146
24129,1930320000,1930400000,5032,1494
24130,1930400000,1930480000,5848,2326
24131,1930480000,1930560000,6231,1842
24132,1930560000,1930640000,8986,2843
24133,1930640000,1930720000,7224,1988
24134,1930720000,1930800000,4782,1569
24135,1930800000,1930880000,6458,2430
24136,1930880000,1930960000,6062,1725
24137,1930960000,1931040000,10740,3135
24138,1931040000,1931120000,4965,1480
24139,1931120000,1931200000,5996,2321
24140,1931200000,1931280000,6655,1839
24141,1931280000,1931360000,9230,2839
24142,1931360000,1931440000,7357,1980
24143,1931440000,1931520000,4263,1551
24144,1931520000,1931600000,6772,2410
24145,1931600000,1931680000,6093,1717
24146,1931680000,1931760000,10438,3123
24147,1931760000,1931840000,4922,1494
24148,1931840000,1931920000,5976,2330
24149,1931920000,1932000000,6371,1836
24150,1932000000,1932080000,9162,2828
24151,1932080000,1932160000,7505,1980
24152,1932160000,1932240000,4624,1570
24153,1932240000,1932320000,6867,2426
24154,1932320000,1932400000,6612,1723
24155,1932400000,1932480000,11147,3130
24156,1932480000,1932560000,5205,1490
24157,1932560000,1932640000,5918,2324
24158,1932640000,1932720000,6689,1844
24159,1932720000,1932800000,9486,2797
24160,1932800000,1932880000,7616,1883
24161,1932880000,1932960000,4313,1465
24162,1932960000,1933040000,6266,2162
24163,1933040000,1933120000,6314,1614
24164,1933120000,1933200000,10970,3095
24165,1933200000,1933280000,4874,1431
24166,1933280000,1933360000,5829,2249
24167,1933360000,1933440000,6630,1825
24168,1933440000,1933520000,9292,2831
24169,1933520000,1933600000,7647,1961
24170,1933600000,1933680000,4097,1388
24171,1933680000,1933760000,7009,2390
24172,1933760000,1933840000,6443,1708
24173,1933840000,1933920000,11099,3118
24174,1933920000,1934000000,4977,1479
24175,1934000000,1934080000,5795,2266
24176,1934080000,1934160000,6109,1787
24177,1934160000,1934240000,9313,2830
24178,1934240000,1934320000,7002,1976
24179,1934320000,1934400000,4415,1544
24180,1934400000,1934480000,6568,2416
24181,1934480000,1934560000,6228,1711
24182,1934560000,1934640000,10787,3118
24183,1934640000,1934720000,4670,1490
24184,1934720000,1934800000,5597,2328
24185,1934800000,1934880000,6101,1824
24186,1934880000,1934960000,6456,2138
24187,1934960000,1935040000,8384,2776
24188,1935040000,1935120000,5709,1865
24189,1935120000,1935200000,9030,3284
24190,1935200000,1935280000,8732,2369
24191,1935280000,1935360000,4455,1493
24192,1935360000,1935440000,6321,2393
24193,1935440000,1935520000,5383,1644
24194,1935520000,1935600000,10487,2983
24195,1935600000,1935680000,5381,1669
24196,1935680000,1935760000,4700,1805
24197,1935760000,1935840000,6335,2131
24198,1935840000,1935920000,7985,2414
24199,1935920000,1936000000,8839,2434
24200,1936000000,1936080000,4314,1549
24201,1936080000,1936160000,6418,2438
24202,1936160000,1936240000,6342,1847
24203,1936240000,1936320000,10395,2993
24204,1936320000,1936400000,4775,1670
24205,1936400000,1936480000,4384,1809
24206,1936480000,1936560000,6931,2167
24207,1936560000,1936640000,7594,2422
24208,1936640000,1936720000,8328,2426
24209,1936720000,1936800000,4032,1547
24210,1936800000,1936880000,6624,2443
24211,1936880000,1936960000,6582,1854
24212,1936960000,1937040000,10300,2986
24213,1937040000,1937120000,5479,1677
24214,1937120000,1937200000,4625,1813
24215,1937200000,1937280000,6956,2167
24216,1937280000,1937360000,7836,2418
24217,1937360000,1937440000,8835,2424
24218,1937440000,1937520000,4908,1546
24219,1937520000,1937600000,6844,2446
24220,1937600000,1937680000,6817,1848
24221,1937680000,1937760000,10187,2972
24222,1937760000,1937840000,5402,1680
24223,1937840000,1937920000,4545,1809
24224,1937920000,1938000000,6951,2165
24225,1938000000,1938080000,7816,2413
24226,1938080000,1938160000,8432,2416
24227,1938160000,1938240000,4684,1549
24228,1938240000,1938320000,6493,2438
24229,1938320000,1938400000,6841,1855
24230,1938400000,1938480000,10527,2975
24231,1938480000,1938560000,5543,1667
24232,1938560000,1938640000,4676,1808
24233,1938640000,1938720000,7164,2157
24234,1938720000,1938800000,8097,2412
24235,1938800000,1938880000,8573,2308
24236,1938880000,1938960000,4147,1456
24237,1938960000,1939040000,6507,2346
24238,1939040000,1939120000,6341,1738
24239,1939120000,1939200000,10169,2969
24240,1939200000,1939280000,5820,1676
24241,1939280000,1939360000,4810,1813
24242,1939360000,1939440000,7000,2155
24243,1939440000,1939520000,7865,2408
24244,1939520000,1939600000,9035,2416
24245,1939600000,1939680000,4716,1542
24246,1939680000,1939760000,6562,2432
24247,1939760000,1939840000,6830,1854
24248,1939840000,1939920000,10605,2973
24249,1939920000,1940000000,5641,1675
24250,1940000000,1940080000,4662,1808
24251,1940080000,1940160000,6884,2155
24252,1940160000,1940240000,8168,2410
24253,1940240000,1940320000,8731,2416
24254,1940320000,1940400000,4319,1530
24255,1940400000,1940480000,6088,2262
24256,1940480000,1940560000,6885,1770
24257,1940560000,1940640000,10507,2951
24258,1940640000,1940720000,4877,1615
24259,1940720000,1940800000,4495,1742
24260,1940800000,1940880000,7043,2146
24261,1940880000,1940960000,6670,2154
24262,1940960000,1941040000,7607,2589
24263,1941040000,1941120000,6493,2136
24264,1941120000,1941200000,7884,2925
24265,1941200000,1941280000,9518,2683
24266,1941280000,1941360000,4759,1634
24267,1941360000,1941440000,6401,2370
24268,1941440000,1941520000,4903,1500
24269,1941520000,1941600000,11366,3182
24270,1941600000,1941680000,5266,1689
24271,1941680000,1941760000,4324,1719
24272,1941760000,1941840000,6473,2104
24273,1941840000,1941920000,6428,1965
24274,1941920000,1942000000,9676,2646
24275,1942000000,1942080000,4766,1643
24276,1942080000,1942160000,6417,2308
24277,1942160000,1942240000,5590,1627
24278,1942240000,1942320000,11121,3192
24279,1942320000,1942400000,5278,1655
24280,1942400000,1942480000,4192,1631
24281,1942480000,1942560000,6692,2217
24282,1942560000,1942640000,6334,2007
24283,1942640000,1942720000,9453,2698
24284,1942720000,1942800000,4843,1636
24285,1942800000,1942880000,6231,2344
24286,1942880000,1942960000,5194,1598
24287,1942960000,1943040000,10878,3187
24288,1943040000,1943120000,5491,1691
24289,1943120000,1943200000,4651,1791
24290,1943200000,1943280000,7005,2247
24291,1943280000,1943360000,6663,2014
24292,1943360000,1943440000,9535,2698
24293,1943440000,1943520000,4807,1671
24294,1943520000,1943600000,6304,2391
24295,1943600000,1943680000,5809,1640
24296,1943680000,1943760000,10956,3174
24297,1943760000,1943840000,5379,1694
24298,1943840000,1943920000,4133,1794
24299,1943920000,1944000000,6856,2252
24300,1944000000,1944080000,6653,2006
24301,1944080000,1944160000,9398,2689
24302,1944160000,1944240000,4831,1672
24303,1944240000,1944320000,6523,2384
24304,1944320000,1944400000,6014,1642
24305,1944400000,1944480000,11190,3165
24306,1944480000,1944560000,5652,1698
24307,1944560000,1944640000,4507,1798
24308,1944640000,1944720000,7393,2253
24309,1944720000,1944800000,6957,2009
24310,1944800000,1944880000,9289,2602
24311,1944880000,1944960000,4803,1561
24312,1944960000,1945040000,6530,2306
24313,1945040000,1945120000,5342,1519
24314,1945120000,1945200000,10877,3160
24315,1945200000,1945280000,5538,1695
24316,1945280000,1945360000,4530,1795
24317,1945360000,1945440000,7051,2248
24318,1945440000,1945520000,6682,2001
24319,1945520000,1945600000,9450,2694
24320,1945600000,1945680000,5130,1677
24321,1945680000,1945760000,6188,2386
24322,1945760000,1945840000,5798,1632
24323,1945840000,1945920000,11141,3152
24324,1945920000,1946000000,5727,1685
24325,1946000000,1946080000,4613,1795
24326,1946080000,1946160000,7263,2239
24327,1946160000,1946240000,6707,2006
24328,1946240000,1946320000,9456,2682
24329,1946320000,1946400000,4725,1615
24330,1946400000,1946480000,6277,2369
24331,1946480000,1946560000,5112,1622
24332,1946560000,1946640000,10883,3163
24333,1946640000,1946720000,5697,1698
24334,1946720000,1946800000,4741,1798
24335,1946800000,1946880000,6737,2240
24336,1946880000,1946960000,6241,1988
24337,1946960000,1947040000,6811,2316
24338,1947040000,1947120000,7223,2347
24339,1947120000,1947200000,7483,2719
24340,1947200000,1947280000,10655,3140
24341,1947280000,1947360000,4345,1480
24342,1947360000,1947440000,6263,2316
24343,1947440000,1947520000,4909,1539
24344,1947520000,1947600000,10966,3117
24345,1947600000,1947680000,6079,1730
24346,1947680000,1947760000,4743,1860
24347,1947760000,1947840000,6323,2264
24348,1947840000,1947920000,5809,1596
24349,1947920000,1948000000,11089,3183
24350,1948000000,1948080000,5257,1520
24351,1948080000,1948160000,6354,2335
24352,1948160000,1948240000,5398,1662
24353,1948240000,1948320000,10858,3137
24354,1948320000,1948400000,5948,1734
24355,1948400000,1948480000,5020,1870
24356,1948480000,1948560000,6615,2280
24357,1948560000,1948640000,5631,1600
24358,1948640000,1948720000,10616,3178
24359,1948720000,1948800000,4657,1523
24360,1948800000,1948880000,6038,2332
24361,1948880000,1948960000,5559,1672
24362,1948960000,1949040000,10912,3130
24363,1949040000,1949120000,6376,1733
24364,1949120000,1949200000,5002,1817
24365,1949200000,1949280000,6713,2155
24366,1949280000,1949360000,5909,1542
24367,1949360000,1949440000,10840,3126
24368,1949440000,1949520000,4861,1477
24369,1949520000,1949600000,6178,2256
24370,1949600000,1949680000,5942,1676
24371,1949680000,1949760000,10821,3129
24372,1949760000,1949840000,5958,1709
24373,1949840000,1949920000,4493,1695
24374,1949920000,1950000000,6741,2270
24375,1950000000,1950080000,5897,1601
24376,1950080000,1950160000,10876,3165
24377,1950160000,1950240000,4936,1490
24378,1950240000,1950320000,6122,2292
24379,1950320000,1950400000,5512,1640
24380,1950400000,1950480000,10949,3121
24381,1950480000,1950560000,6075,1734
24382,1950560000,1950640000,5146,1877
24383,1950640000,1950720000,6835,2288
24384,1950720000,1950800000,6186,1604
24385,1950800000,1950880000,10532,3091
24386,1950880000,1950960000,4174,1403
24387,1950960000,1951040000,5798,2262
24388,1951040000,1951120000,5334,1560
24389,1951120000,1951200000,10828,3104
24390,1951200000,1951280000,5670,1727
24391,1951280000,1951360000,4677,1848
24392,1951360000,1951440000,6690,2291
24393,1951440000,1951520000,5807,1599
24394,1951520000,1951600000,10674,3160
24395,1951600000,1951680000,4760,1524
24396,1951680000,1951760000,6134,2332
24397,1951760000,1951840000,5599,1679
24398,1951840000,1951920000,10851,3117
24399,1951920000,1952000000,6311,1723
24400,1952000000,1952080000,5061,1876
24401,1952080000,1952160000,6984,2291
24402,1952160000,1952240000,5997,1601
24403,1952240000,1952320000,10722,3162
24404,1952320000,1952400000,4785,1496
24405,1952400000,1952480000,6229,2333
24406,1952480000,1952560000,5694,1672
24407,1952560000,1952640000,10868,3118
24408,1952640000,1952720000,5982,1726
24409,1952720000,1952800000,4953,1875
24410,1952800000,1952880000,6669,2280
24411,1952880000,1952960000,6021,1623
24412,1952960000,1953040000,6620,2324
24413,1953040000,1953120000,8356,2606
24414,1953120000,1953200000,7268,2585
24415,1953200000,1953280000,11182,3331
24416,1953280000,1953360000,4694,1442
24417,1953360000,1953440000,5827,2317
24418,1953440000,1953520000,5410,1707
24419,1953520000,1953600000,9350,2829
24420,1953600000,1953680000,7563,1983
24421,1953680000,1953760000,4521,1560
24422,1953760000,1953840000,6825,2420
24423,1953840000,1953920000,5822,1720
24424,1953920000,1954000000,11319,3140
24425,1954000000,1954080000,4935,1490
24426,1954080000,1954160000,5934,2324
24427,1954160000,1954240000,6049,1822
24428,1954240000,1954320000,9388,2838
24429,1954320000,1954400000,7119,1980
24430,1954400000,1954480000,4624,1565
24431,1954480000,1954560000,6677,2430
24432,1954560000,1954640000,6267,1726
24433,1954640000,1954720000,10728,3142
24434,1954720000,1954800000,4606,1482
24435,1954800000,1954880000,5920,2323
24436,1954880000,1954960000,6428,1845
24437,1954960000,1955040000,9188,2837
24438,1955040000,1955120000,7334,1984
24439,1955120000,1955200000,4292,1555
24440,1955200000,1955280000,7025,2410
24441,1955280000,1955360000,6366,1728
24442,1955360000,1955440000,10798,3138
24443,1955440000,1955520000,5060,1488
24444,1955520000,1955600000,6089,2330
24445,1955600000,1955680000,6541,1840
24446,1955680000,1955760000,9290,2835
24447,1955760000,1955840000,7253,1984
24448,1955840000,1955920000,4531,1561
24449,1955920000,1956000000,6663,2424
24450,1956000000,1956080000,6416,1728
24451,1956080000,1956160000,10810,3125
24452,1956160000,1956240000,5108,1494
24453,1956240000,1956320000,5797,2300
24454,1956320000,1956400000,6585,1840
24455,1956400000,1956480000,9493,2825
24456,1956480000,1956560000,7753,1977
24457,1956560000,1956640000,4686,1558
24458,1956640000,1956720000,6621,2251
24459,1956720000,1956800000,6238,1648
24460,1956800000,1956880000,11063,3050
24461,1956880000,1956960000,4813,1354
24462,1956960000,1957040000,5653,2183
24463,1957040000,1957120000,6092,1696
24464,1957120000,1957200000,9337,2803
24465,1957200000,1957280000,7463,1961
24466,1957280000,1957360000,4085,1385
24467,1957360000,1957440000,6960,2390
24468,1957440000,1957520000,6445,1718
24469,1957520000,1957600000,10969,3130
24470,1957600000,1957680000,4888,1477
24471,1957680000,1957760000,5743,2264
24472,1957760000,1957840000,5935,1791
24473,1957840000,1957920000,9301,2822
24474,1957920000,1958000000,7456,1977
24475,1958000000,1958080000,4699,1562
24476,1958080000,1958160000,6720,2416
24477,1958160000,1958240000,6462,1720
24478,1958240000,1958320000,10855,3122
24479,1958320000,1958400000,4537,1466
24480,1958400000,1958480000,5579,2328
24481,1958480000,1958560000,6100,1824
24482,1958560000,1958640000,9349,2824
24483,1958640000,1958720000,7218,1974
24484,1958720000,1958800000,4360,1563
24485,1958800000,1958880000,6403,2420
24486,1958880000,1958960000,6474,1747
24487,1958960000,1959040000,6276,2189
24488,1959040000,1959120000,9272,2741
24489,1959120000,1959200000,6989,2383
24490,1959200000,1959280000,11105,3443
24491,1959280000,1959360000,5143,1620
24492,1959360000,1959440000,4724,1808
24493,1959440000,1959520000,6094,2050
24494,1959520000,1959600000,7788,2375
24495,1959600000,1959680000,8847,2424
24496,1959680000,1959760000,4307,1542
24497,1959760000,1959840000,6363,2438
24498,1959840000,1959920000,6184,1848
24499,1959920000,1960000000,10833,2998
24500,1960000000,1960080000,5189,1678
24501,1960080000,1960160000,4438,1812
24502,1960160000,1960240000,6608,2151
24503,1960240000,1960320000,8050,2413
24504,1960320000,1960400000,8639,2430
24505,1960400000,1960480000,4160,1549
24506,1960480000,1960560000,6514,2433
24507,1960560000,1960640000,6765,1849
24508,1960640000,1960720000,10354,3002
24509,1960720000,1960800000,5296,1678
24510,1960800000,1960880000,4472,1812
24511,1960880000,1960960000,6541,2155
24512,1960960000,1961040000,7838,2413
24513,1961040000,1961120000,8826,2421
24514,1961120000,1961200000,4607,1526
24515,1961200000,1961280000,6896,2442
24516,1961280000,1961360000,6848,1849
24517,1961360000,1961440000,10524,2986
24518,1961440000,1961520000,5652,1677
24519,1961520000,1961600000,4648,1809
24520,1961600000,1961680000,7000,2169
24521,1961680000,1961760000,7941,2414
24522,1961760000,1961840000,8566,2413
24523,1961840000,1961920000,4619,1555
24524,1961920000,1962000000,6309,2446
24525,1962000000,1962080000,6609,1856
24526,1962080000,1962160000,10476,2973
24527,1962160000,1962240000,5401,1670
24528,1962240000,1962320000,4740,1808
24529,1962320000,1962400000,7315,2163
24530,1962400000,1962480000,8107,2403
24531,1962480000,1962560000,8986,2424
24532,1962560000,1962640000,4455,1537
24533,1962640000,1962720000,6759,2430
24534,1962720000,1962800000,6591,1846
24535,1962800000,1962880000,10501,2947
24536,1962880000,1962960000,5267,1546
24537,1962960000,1963040000,4694,1744
24538,1963040000,1963120000,6550,2032
24539,1963120000,1963200000,7848,2367
24540,1963200000,1963280000,8741,2420
24541,1963280000,1963360000,4657,1546
24542,1963360000,1963440000,6699,2442
24543,1963440000,1963520000,6793,1845
24544,1963520000,1963600000,10354,2974
24545,1963600000,1963680000,5631,1683
24546,1963680000,1963760000,4602,1809
24547,1963760000,1963840000,7055,2153
24548,1963840000,1963920000,8143,2405
24549,1963920000,1964000000,9128,2408
24550,1964000000,1964080000,4819,1548
24551,1964080000,1964160000,6296,2262
24552,1964160000,1964240000,6593,1771
24553,1964240000,1964320000,10530,2946
24554,1964320000,1964400000,5412,1594
24555,1964400000,1964480000,4497,1742
24556,1964480000,1964560000,6760,2147
24557,1964560000,1964640000,8097,2405
24558,1964640000,1964720000,8872,2397
24559,1964720000,1964800000,4022,1379
24560,1964800000,1964880000,6568,2399
24561,1964880000,1964960000,6472,1838
24562,1964960000,1965040000,5913,2157
24563,1965040000,1965120000,8574,2638
24564,1965120000,1965200000,6382,2304
24565,1965200000,1965280000,11281,3606
24566,1965280000,1965360000,5272,1639
24567,1965360000,1965440000,4407,1721
24568,1965440000,1965520000,6115,1965
24569,1965520000,1965600000,6116,1850
24570,1965600000,1965680000,9799,2648
24571,1965680000,1965760000,4553,1640
24572,1965760000,1965840000,6261,2306
24573,1965840000,1965920000,5056,1528
24574,1965920000,1966000000,11490,3184
24575,1966000000,1966080000,5634,1658
24576,1966080000,1966160000,4332,1631
24577,1966160000,1966240000,6830,2218
24578,1966240000,1966320000,6834,2000
24579,1966320000,1966400000,9625,2696
24580,1966400000,1966480000,4734,1635
24581,1966480000,1966560000,6213,2346
24582,1966560000,1966640000,5687,1595
24583,1966640000,1966720000,10901,3194
24584,1966720000,1966800000,5429,1699
24585,1966800000,1966880000,4557,1795
24586,1966880000,1966960000,6868,2241
24587,1966960000,1967040000,6822,2005
24588,1967040000,1967120000,9550,2697
24589,1967120000,1967200000,4953,1675
24590,1967200000,1967280000,6273,2387
24591,1967280000,1967360000,5870,1634
24592,1967360000,1967440000,11185,3187
24593,1967440000,1967520000,5626,1705
24594,1967520000,1967600000,4366,1794
24595,1967600000,1967680000,6864,2251
24596,1967680000,1967760000,7047,2008
24597,1967760000,1967840000,9317,2695
24598,1967840000,1967920000,4656,1671
24599,1967920000,1968000000,6441,2385
24600,1968000000,1968080000,5971,1642
24601,1968080000,1968160000,11083,3178
24602,1968160000,1968240000,5777,1699
24603,1968240000,1968320000,4369,1798
24604,1968320000,1968400000,7035,2247
24605,1968400000,1968480000,7001,1998
24606,1968480000,1968560000,9770,2686
24607,1968560000,1968640000,5245,1677
24608,1968640000,1968720000,6675,2387
24609,1968720000,1968800000,6143,1634
24610,1968800000,1968880000,11280,3138
24611,1968880000,1968960000,5326,1589
24612,1968960000,1969040000,4236,1701
24613,1969040000,1969120000,6838,2134
24614,1969120000,1969200000,6845,1949
24615,1969200000,1969280000,9355,2680
24616,1969280000,1969360000,5159,1671
24617,1969360000,1969440000,6262,2391
24618,1969440000,1969520000,5984,1632
24619,1969520000,1969600000,11104,3174
24620,1969600000,1969680000,5501,1688
24621,1969680000,1969760000,4444,1791
24622,1969760000,1969840000,7188,2251
24623,1969840000,1969920000,6808,1995
24624,1969920000,1970000000,9797,2688
24625,1970000000,1970080000,4818,1659
24626,1970080000,1970160000,6637,2376
24627,1970160000,1970240000,5857,1622
24628,1970240000,1970320000,11063,3173
24629,1970320000,1970400000,5235,1695
24630,1970400000,1970480000,4657,1778
24631,1970480000,1970560000,6813,2248
24632,1970560000,1970640000,6681,1996
24633,1970640000,1970720000,9376,2674
24634,1970720000,1970800000,4997,1671
24635,1970800000,1970880000,6511,2382
24636,1970880000,1970960000,5614,1629
24637,1970960000,1971040000,6128,2207
24638,1971040000,1971120000,8741,2744
24639,1971120000,1971200000,6378,2183
24640,1971200000,1971280000,10987,3680
24641,1971280000,1971360000,5711,1668
24642,1971360000,1971440000,4740,1857
24643,1971440000,1971520000,6395,2201
24644,1971520000,1971600000,5285,1518
24645,1971600000,1971680000,10765,3174
24646,1971680000,1971760000,5020,1513
24647,1971760000,1971840000,6275,2337
24648,1971840000,1971920000,5043,1661
24649,1971920000,1972000000,10890,3136
24650,1972000000,1972080000,5861,1729
24651,1972080000,1972160000,5186,1874
24652,1972160000,1972240000,6869,2280
24653,1972240000,1972320000,5702,1592
24654,1972320000,1972400000,10412,3166
24655,1972400000,1972480000,4678,1518
24656,1972480000,1972560000,6109,2333
24657,1972560000,1972640000,5497,1675
24658,1972640000,1972720000,10475,3133
24659,1972720000,1972800000,6035,1741
24660,1972800000,1972880000,4832,1824
24661,1972880000,1972960000,6424,2156
24662,1972960000,1973040000,5861,1537
24663,1973040000,1973120000,11009,3137
24664,1973120000,1973200000,4839,1482
24665,1973200000,1973280000,6192,2255
24666,1973280000,1973360000,6167,1679
24667,1973360000,1973440000,10939,3130
24668,1973440000,1973520000,6424,1711
24669,1973520000,1973600000,4664,1698
24670,1973600000,1973680000,7065,2270
24671,1973680000,1973760000,6271,1600
24672,1973760000,1973840000,10880,3165
24673,1973840000,1973920000,4772,1488
24674,1973920000,1974000000,6073,2290
24675,1974000000,1974080000,5567,1635
24676,1974080000,1974160000,10774,3121
24677,1974160000,1974240000,6172,1733
24678,1974240000,1974320000,5180,1877
24679,1974320000,1974400000,6769,2287
24680,1974400000,1974480000,6302,1588
24681,1974480000,1974560000,11025,3164
24682,1974560000,1974640000,4939,1525
24683,1974640000,1974720000,5970,2336
24684,1974720000,1974800000,5846,1669
24685,1974800000,1974880000,11022,3094
24686,1974880000,1974960000,5978,1636
24687,1974960000,1975040000,4522,1781
24688,1975040000,1975120000,6264,2185
24689,1975120000,1975200000,5569,1523
24690,1975200000,1975280000,10825,3166
24691,1975280000,1975360000,4619,1515
24692,1975360000,1975440000,6101,2331
24693,1975440000,1975520000,5573,1676
24694,1975520000,1975600000,10720,3108
24695,1975600000,1975680000,5916,1733
24696,1975680000,1975760000,4724,1875
24697,1975760000,1975840000,6716,2291
24698,1975840000,1975920000,6090,1588
24699,1975920000,1976000000,11112,3160
24700,1976000000,1976080000,4980,1519
24701,1976080000,1976160000,6450,2334
24702,1976160000,1976240000,5920,1659
24703,1976240000,1976320000,10973,3124
24704,1976320000,1976400000,6107,1724
24705,1976400000,1976480000,4871,1854
24706,1976480000,1976560000,6490,2279
24707,1976560000,1976640000,5480,1584
24708,1976640000,1976720000,10877,3158
24709,1976720000,1976800000,4933,1519
24710,1976800000,1976880000,6022,2336
24711,1976880000,1976960000,5229,1660
24712,1976960000,1977040000,6379,2199
24713,1977040000,1977120000,8605,2757
24714,1977120000,1977200000,6164,2016
24715,1977200000,1977280000,10198,3691
24716,1977280000,1977360000,7023,1924
24717,1977360000,1977440000,4519,1557
24718,1977440000,1977520000,6805,2386
24719,1977520000,1977600000,5353,1606
24720,1977600000,1977680000,11007,3142
24721,1977680000,1977760000,4745,1488
24722,1977760000,1977840000,5872,2326
24723,1977840000,1977920000,5671,1826
24724,1977920000,1978000000,9350,2839
24725,1978000000,1978080000,7189,1988
24726,1978080000,1978160000,4722,1561
24727,1978160000,1978240000,6509,2420
24728,1978240000,1978320000,5810,1713
24729,1978320000,1978400000,10923,3140
24730,1978400000,1978480000,4615,1474
24731,1978480000,1978560000,5929,2321
24732,1978560000,1978640000,6527,1837
24733,1978640000,1978720000,9038,2843
24734,1978720000,1978800000,7299,1987
24735,1978800000,1978880000,4140,1548
24736,1978880000,1978960000,6888,2412
24737,1978960000,1979040000,6424,1723
24738,1979040000,1979120000,10655,3131
24739,1979120000,1979200000,5189,1492
24740,1979200000,1979280000,6091,2330
24741,1979280000,1979360000,6668,1840
24742,1979360000,1979440000,9215,2837
24743,1979440000,1979520000,7383,1981
24744,1979520000,1979600000,4771,1566
24745,1979600000,1979680000,6900,2424
24746,1979680000,1979760000,6138,1725
24747,1979760000,1979840000,10423,3129
24748,1979840000,1979920000,4863,1488
24749,1979920000,1980000000,5781,2326
24750,1980000000,1980080000,6219,1836
24751,1980080000,1980160000,9127,2826
24752,1980160000,1980240000,7665,1982
24753,1980240000,1980320000,4717,1554
24754,1980320000,1980400000,6598,2260
24755,1980400000,1980480000,6388,1651
24756,1980480000,1980560000,11213,3085
24757,1980560000,1980640000,4691,1439
24758,1980640000,1980720000,5849,2251
24759,1980720000,1980800000,6702,1837
24760,1980800000,1980880000,9503,2808
24761,1980880000,1980960000,7237,1828
24762,1980960000,1981040000,4006,1300
24763,1981040000,1981120000,6794,2313
24764,1981120000,1981200000,5965,1626
24765,1981200000,1981280000,11170,3118
24766,1981280000,1981360000,4967,1481
24767,1981360000,1981440000,5784,2264
24768,1981440000,1981520000,6160,1795
24769,1981520000,1981600000,9260,2828
24770,1981600000,1981680000,7484,1979
24771,1981680000,1981760000,4573,1561
24772,1981760000,1981840000,6746,2416
24773,1981840000,1981920000,6322,1719
24774,1981920000,1982000000,11088,3116
24775,1982000000,1982080000,5067,1494
24776,1982080000,1982160000,5726,2328
24777,1982160000,1982240000,6163,1826
24778,1982240000,1982320000,9326,2829
24779,1982320000,1982400000,7424,1981
24780,1982400000,1982480000,4303,1544
24781,1982480000,1982560000,6381,2420
24782,1982560000,1982640000,5827,1715
24783,1982640000,1982720000,10931,3120
24784,1982720000,1982800000,4973,1490
24785,1982800000,1982880000,5795,2323
24786,1982880000,1982960000,6276,1827
24787,1982960000,1983040000,6493,2136
24788,1983040000,1983120000,8499,2776
24789,1983120000,1983200000,5873,1887
24790,1983200000,1983280000,9037,3286
24791,1983280000,1983360000,8561,2365
24792,1983360000,1983440000,4277,1529
24793,1983440000,1983520000,6368,2432
24794,1983520000,1983600000,5707,1713
24795,1983600000,1983680000,10589,2990
24796,1983680000,1983760000,5181,1674
24797,1983760000,1983840000,4404,1809
24798,1983840000,1983920000,6420,2150
24799,1983920000,1984000000,7998,2418
24800,1984000000,1984080000,8820,2424
24801,1984080000,1984160000,4392,1549
24802,1984160000,1984240000,6610,2433
24803,1984240000,1984320000,6804,1848
24804,1984320000,1984400000,10277,2989
24805,1984400000,1984480000,5468,1680
24806,1984480000,1984560000,4536,1813
24807,1984560000,1984640000,6681,2159
24808,1984640000,1984720000,7798,2420
24809,1984720000,1984800000,8596,2432
24810,1984800000,1984880000,4568,1552
24811,1984880000,1984960000,6578,2436
24812,1984960000,1985040000,6294,1852
24813,1985040000,1985120000,10257,2992
24814,1985120000,1985200000,5721,1678
24815,1985200000,1985280000,4667,1809
24816,1985280000,1985360000,6616,2170
24817,1985360000,1985440000,7743,2416
24818,1985440000,1985520000,8678,2422
24819,1985520000,1985600000,4809,1555
24820,1985600000,1985680000,6470,2448
24821,1985680000,1985760000,6568,1855
24822,1985760000,1985840000,10302,2984
24823,1985840000,1985920000,5129,1632
24824,1985920000,1986000000,4549,1781
24825,1986000000,1986080000,6908,2167
24826,1986080000,1986160000,7811,2413
24827,1986160000,1986240000,8679,2414
24828,1986240000,1986320000,4384,1535
24829,1986320000,1986400000,6706,2432
24830,1986400000,1986480000,6796,1853
24831,1986480000,1986560000,10373,2971
24832,1986560000,1986640000,5751,1679
24833,1986640000,1986720000,4837,1812
24834,1986720000,1986800000,7346,2169
24835,1986800000,1986880000,8358,2412
24836,1986880000,1986960000,8449,2310
24837,1986960000,1987040000,4313,1451
24838,1987040000,1987120000,6443,2352
24839,1987120000,1987200000,6679,1745
24840,1987200000,1987280000,10176,2975
24841,1987280000,1987360000,5567,1670
24842,1987360000,1987440000,4604,1809
24843,1987440000,1987520000,7197,2169
24844,1987520000,1987600000,7973,2410
24845,1987600000,1987680000,9068,2418
24846,1987680000,1987760000,4641,1546
24847,1987760000,1987840000,6266,2270
24848,1987840000,1987920000,6734,1769
24849,1987920000,1988000000,10755,2949
24850,1988000000,1988080000,5511,1615
24851,1988080000,1988160000,4630,1742
24852,1988160000,1988240000,7178,2147
24853,1988240000,1988320000,8201,2412
24854,1988320000,1988400000,8961,2395
24855,1988400000,1988480000,4172,1381
24856,1988480000,1988560000,6656,2399
24857,1988560000,1988640000,6438,1845
24858,1988640000,1988720000,10601,2969
24859,1988720000,1988800000,5334,1665
24860,1988800000,1988880000,4526,1750
24861,1988880000,1988960000,6567,2119
24862,1988960000,1989040000,6478,2148
24863,1989040000,1989120000,7639,2589
24864,1989120000,1989200000,6621,2136
24865,1989200000,1989280000,7809,2903
24866,1989280000,1989360000,9279,2608
24867,1989360000,1989440000,4228,1537
24868,1989440000,1989520000,6384,2296
24869,1989520000,1989600000,4856,1497
24870,1989600000,1989680000,11264,3185
24871,1989680000,1989760000,5103,1598
24872,1989760000,1989840000,4200,1629
24873,1989840000,1989920000,6625,2221
24874,1989920000,1990000000,6644,2004
24875,1990000000,1990080000,9949,2702
24876,1990080000,1990160000,5358,1634
24877,1990160000,1990240000,6376,2346
24878,1990240000,1990320000,5496,1592
24879,1990320000,1990400000,11045,3188
24880,1990400000,1990480000,5762,1699
24881,1990480000,1990560000,4544,1791
24882,1990560000,1990640000,6730,2239
24883,1990640000,1990720000,6851,2012
24884,1990720000,1990800000,9364,2712
24885,1990800000,1990880000,4885,1653
24886,1990880000,1990960000,6116,2384
24887,1990960000,1991040000,5788,1631
24888,1991040000,1991120000,10994,3180
24889,1991120000,1991200000,5842,1700
24890,1991200000,1991280000,4342,1794
24891,1991280000,1991360000,6912,2251
24892,1991360000,1991440000,6860,2011
24893,1991440000,1991520000,9505,2692
24894,1991520000,1991600000,5118,1677
24895,1991600000,1991680000,6545,2385
24896,1991680000,1991760000,6359,1642
24897,1991760000,1991840000,10897,3174
24898,1991840000,1991920000,5613,1700
24899,1991920000,1992000000,4227,1798
24900,1992000000,1992080000,7047,2253
24901,1992080000,1992160000,7004,2007
24902,1992160000,1992240000,9566,2693
24903,1992240000,1992320000,5365,1673
24904,1992320000,1992400000,6655,2388
24905,1992400000,1992480000,6353,1637
24906,1992480000,1992560000,11164,3170
24907,1992560000,1992640000,5848,1695
24908,1992640000,1992720000,4510,1795
24909,1992720000,1992800000,7230,2252
24910,1992800000,1992880000,7094,2007
24911,1992880000,1992960000,9330,2600
24912,1992960000,1993040000,5108,1556
24913,1993040000,1993120000,5999,2309
24914,1993120000,1993200000,5741,1523
24915,1993200000,1993280000,11055,3162
24916,1993280000,1993360000,5477,1675
24917,1993360000,1993440000,4371,1791
24918,1993440000,1993520000,7311,2252
24919,1993520000,1993600000,6878,2003
24920,1993600000,1993680000,9600,2690
24921,1993680000,1993760000,4809,1653
24922,1993760000,1993840000,6476,2376
24923,1993840000,1993920000,5717,1637
24924,1993920000,1994000000,11003,3163
24925,1994000000,1994080000,5780,1692
24926,1994080000,1994160000,4854,1774
24927,1994160000,1994240000,7174,2254
24928,1994240000,1994320000,6850,2008
24929,1994320000,1994400000,9334,2682
24930,1994400000,1994480000,4946,1653
24931,1994480000,1994560000,6359,2380
24932,1994560000,1994640000,5832,1635
24933,1994640000,1994720000,10931,3164
24934,1994720000,1994800000,5462,1694
24935,1994800000,1994880000,4491,1795
24936,1994880000,1994960000,6910,2242
24937,1994960000,1995040000,6310,1991
24938,1995040000,1995120000,6649,2316
24939,1995120000,1995200000,7196,2347
24940,1995200000,1995280000,7536,2719
24941,1995280000,1995360000,10712,3156
24942,1995360000,1995440000,4633,1480
24943,1995440000,1995520000,6250,2321
24944,1995520000,1995600000,5070,1543
24945,1995600000,1995680000,10987,3127
24946,1995680000,1995760000,5768,1731
24947,1995760000,1995840000,4930,1847
24948,1995840000,1995920000,6808,2279
24949,1995920000,1996000000,5920,1597
24950,1996000000,1996080000,11077,3173
24951,1996080000,1996160000,4616,1516
24952,1996160000,1996240000,6207,2331
24953,1996240000,1996320000,5475,1661
24954,1996320000,1996400000,10917,3129
24955,1996400000,1996480000,5876,1731
24956,1996480000,1996560000,4753,1818
24957,1996560000,1996640000,6496,2155
24958,1996640000,1996720000,5642,1536
24959,1996720000,1996800000,10508,3135
24960,1996800000,1996880000,4632,1482
24961,1996880000,1996960000,6049,2257
24962,1996960000,1997040000,5542,1682
24963,1997040000,1997120000,10739,3132
24964,1997120000,1997200000,6273,1713
24965,1997200000,1997280000,4721,1695
24966,1997280000,1997360000,6999,2268
24967,1997360000,1997440000,6019,1604
24968,1997440000,1997520000,11016,3175
24969,1997520000,1997600000,5261,1494
24970,1997600000,1997680000,6138,2289
24971,1997680000,1997760000,5529,1646
24972,1997760000,1997840000,10757,3126
24973,1997840000,1997920000,6121,1735
24974,1997920000,1998000000,5041,1873
24975,1998000000,1998080000,6723,2288
24976,1998080000,1998160000,5855,1601
24977,1998160000,1998240000,10737,3163
24978,1998240000,1998320000,4872,1526
24979,1998320000,1998400000,5946,2336
24980,1998400000,1998480000,5754,1674
24981,1998480000,1998560000,11100,3120
24982,1998560000,1998640000,6018,1732
24983,1998640000,1998720000,4818,1875
24984,1998720000,1998800000,6739,2292
24985,1998800000,1998880000,6445,1604
24986,1998880000,1998960000,10546,3085
24987,1998960000,1999040000,4272,1403
24988,1999040000,1999120000,6005,2256
24989,1999120000,1999200000,5577,1549
24990,1999200000,1999280000,10868,3107
24991,1999280000,1999360000,5785,1729
24992,1999360000,1999440000,4763,1876
24993,1999440000,1999520000,6696,2282
24994,1999520000,1999600000,6149,1600
24995,1999600000,1999680000,10726,3166
24996,1999680000,1999760000,5170,1523
24997,1999760000,1999840000,6275,2331
24998,1999840000,1999920000,5607,1664
24999,1999920000,2000000000,10955,3118
25000,2000000000,2000080000,6185,1727
25001,2000080000,2000160000,5067,1874
25002,2000160000,2000240000,6735,2279
25003,2000240000,2000320000,6199,1596
25004,2000320000,2000400000,10580,3146
25005,2000400000,2000480000,4467,1496
25006,2000480000,2000560000,5972,2336
25007,2000560000,2000640000,4888,1659
25008,2000640000,2000720000,10894,3118
25009,2000720000,2000800000,5534,1710
25010,2000800000,2000880000,4783,1875
25011,2000880000,2000960000,6957,2280
25012,2000960000,2001040000,5546,1615
25013,2001040000,2001120000,6718,2324
25014,2001120000,2001200000,8379,2606
25015,2001200000,2001280000,7282,2585
25016,2001280000,2001360000,11101,3319
25017,2001360000,2001440000,4453,1441
25018,2001440000,2001520000,5853,2313
25019,2001520000,2001600000,5362,1707
25020,2001600000,2001680000,9328,2827
25021,2001680000,2001760000,7169,1978
25022,2001760000,2001840000,4486,1561
25023,2001840000,2001920000,6489,2420
25024,2001920000,2002000000,5713,1720
25025,2002000000,2002080000,11252,3134
25026,2002080000,2002160000,4319,1472
25027,2002160000,2002240000,6040,2323
25028,2002240000,2002320000,6312,1827
25029,2002320000,2002400000,9427,2836
25030,2002400000,2002480000,7246,1986
25031,2002480000,2002560000,4181,1547
25032,2002560000,2002640000,6727,2402
25033,2002640000,2002720000,6045,1726
25034,2002720000,2002800000,10729,3150
25035,2002800000,2002880000,5193,1490
25036,2002880000,2002960000,6004,2328
25037,2002960000,2003040000,5963,1826
25038,2003040000,2003120000,9223,2837
25039,2003120000,2003200000,7616,1987
25040,2003200000,2003280000,4572,1558
25041,2003280000,2003360000,6983,2424
25042,2003360000,2003440000,6408,1720
25043,2003440000,2003520000,10765,3132
25044,2003520000,2003600000,4835,1494
25045,2003600000,2003680000,5916,2326
25046,2003680000,2003760000,6539,1842
25047,2003760000,2003840000,9282,2829
25048,2003840000,2003920000,7222,1974
25049,2003920000,2004000000,4423,1550
25050,2004000000,2004080000,6599,2259
25051,2004080000,2004160000,6027,1656
25052,2004160000,2004240000,10814,3096
25053,2004240000,2004320000,4785,1441
25054,2004320000,2004400000,5839,2251
25055,2004400000,2004480000,6528,1839
25056,2004480000,2004560000,9496,2827
25057,2004560000,2004640000,7464,1962
25058,2004640000,2004720000,4205,1393
25059,2004720000,2004800000,6910,2398
25060,2004800000,2004880000,6624,1726
25061,2004880000,2004960000,11047,3080
25062,2004960000,2005040000,4456,1328
25063,2005040000,2005120000,5668,2230
25064,2005120000,2005200000,6146,1707
25065,2005200000,2005280000,9331,2797
25066,2005280000,2005360000,7238,1980
25067,2005360000,2005440000,4794,1560
25068,2005440000,2005520000,6791,2424
25069,2005520000,2005600000,6398,1724
25070,2005600000,2005680000,10857,3130
25071,2005680000,2005760000,4755,1488
25072,2005760000,2005840000,5627,2330
25073,2005840000,2005920000,6239,1840
25074,2005920000,2006000000,9393,2822
25075,2006000000,2006080000,7365,1975
25076,2006080000,2006160000,4503,1566
25077,2006160000,2006240000,6801,2428
25078,2006240000,2006320000,6352,1720
25079,2006320000,2006400000,10798,3118
25080,2006400000,2006480000,4428,1470
25081,2006480000,2006560000,5751,2323
25082,2006560000,2006640000,5963,1825
25083,2006640000,2006720000,9318,2824
25084,2006720000,2006800000,7345,1975
25085,2006800000,2006880000,4290,1566
25086,2006880000,2006960000,6827,2420
25087,2006960000,2007040000,6058,1743
25088,2007040000,2007120000,6392,2189
25089,2007120000,2007200000,8944,2741
25090,2007200000,2007280000,6951,2383
25091,2007280000,2007360000,11152,3443
25092,2007360000,2007440000,4963,1620
25093,2007440000,2007520000,4419,1812
25094,2007520000,2007600000,6018,2050
25095,2007600000,2007680000,7769,2375
25096,2007680000,2007760000,8780,2426
25097,2007760000,2007840000,4304,1549
25098,2007840000,2007920000,6528,2433
25099,2007920000,2008000000,6246,1849
25100,2008000000,2008080000,10772,2992
25101,2008080000,2008160000,5681,1678
25102,2008160000,2008240000,4535,1812
25103,2008240000,2008320000,6518,2153
25104,2008320000,2008400000,8054,2415
25105,2008400000,2008480000,8814,2420
25106,2008480000,2008560000,4713,1552
25107,2008560000,2008640000,6851,2446
25108,2008640000,2008720000,6642,1855
25109,2008720000,2008800000,10257,2996
25110,2008800000,2008880000,5402,1682
25111,2008880000,2008960000,4542,1808
25112,2008960000,2009040000,6850,2163
25113,2009040000,2009120000,8011,2413
25114,2009120000,2009200000,8670,2421
25115,2009200000,2009280000,4731,1551
25116,2009280000,2009360000,6443,2446
25117,2009360000,2009440000,6903,1848
25118,2009440000,2009520000,10533,2984
25119,2009520000,2009600000,5362,1669
25120,2009600000,2009680000,4745,1805
25121,2009680000,2009760000,7268,2173
25122,2009760000,2009840000,7996,2410
25123,2009840000,2009920000,8731,2424
25124,2009920000,2010000000,4151,1517
25125,2010000000,2010080000,6649,2429
25126,2010080000,2010160000,6459,1854
25127,2010160000,2010240000,10351,2965
25128,2010240000,2010320000,5890,1684
25129,2010320000,2010400000,4819,1812
25130,2010400000,2010480000,7073,2167
25131,2010480000,2010560000,8109,2407
25132,2010560000,2010640000,9091,2424
25133,2010640000,2010720000,4844,1552
25134,2010720000,2010800000,6742,2440
25135,2010800000,2010880000,6983,1855
25136,2010880000,2010960000,10477,2941
25137,2010960000,2011040000,5345,1542
25138,2011040000,2011120000,4421,1740
25139,2011120000,2011200000,6792,2036
25140,2011200000,2011280000,8114,2367
25141,2011280000,2011360000,8831,2408
25142,2011360000,2011440000,4658,1542
25143,2011440000,2011520000,6266,2262
25144,2011520000,2011600000,6984,1779
25145,2011600000,2011680000,10334,2952
25146,2011680000,2011760000,5448,1617
25147,2011760000,2011840000,4554,1739
25148,2011840000,2011920000,7257,2149
25149,2011920000,2012000000,8226,2403
25150,2012000000,2012080000,9090,2397
25151,2012080000,2012160000,4321,1379
25152,2012160000,2012240000,6872,2399
25153,2012240000,2012320000,6809,1846
25154,2012320000,2012400000,10645,2976
25155,2012400000,2012480000,5328,1648
25156,2012480000,2012560000,4588,1750
25157,2012560000,2012640000,6630,2121
25158,2012640000,2012720000,7855,2401
25159,2012720000,2012800000,8875,2414
25160,2012800000,2012880000,4534,1548
25161,2012880000,2012960000,6437,2432
25162,2012960000,2013040000,6511,1845
25163,2013040000,2013120000,6020,2157
25164,2013120000,2013200000,8639,2636
25165,2013200000,2013280000,6504,2293
25166,2013280000,2013360000,11356,3610
25167,2013360000,2013440000,5234,1600
25168,2013440000,2013520000,4270,1629
25169,2013520000,2013600000,6485,2116
25170,2013600000,2013680000,6472,1948
25171,2013680000,2013760000,9808,2692
25172,2013760000,2013840000,4947,1631
25173,2013840000,2013920000,6162,2334
25174,2013920000,2014000000,5276,1593
25175,2014000000,2014080000,11329,3182
25176,2014080000,2014160000,5737,1696
25177,2014160000,2014240000,4801,1795
25178,2014240000,2014320000,7066,2239
25179,2014320000,2014400000,6782,2003
25180,2014400000,2014480000,9470,2692
25181,2014480000,2014560000,5177,1677
25182,2014560000,2014640000,6274,2392
25183,2014640000,2014720000,4946,1629
25184,2014720000,2014800000,10919,3199
25185,2014800000,2014880000,5720,1705
25186,2014880000,2014960000,4233,1798
25187,2014960000,2015040000,6506,2248
25188,2015040000,2015120000,6285,2004
25189,2015120000,2015200000,9634,2689
25190,2015200000,2015280000,5115,1675
25191,2015280000,2015360000,6581,2383
25192,2015360000,2015440000,5647,1634
25193,2015440000,2015520000,11151,3187
25194,2015520000,2015600000,6062,1705
25195,2015600000,2015680000,4358,1798
25196,2015680000,2015760000,7069,2247
25197,2015760000,2015840000,6846,2004
25198,2015840000,2015920000,9473,2687
25199,2015920000,2016000000,5343,1670
25200,2016000000,2016080000,6656,2386
25201,2016080000,2016160000,5966,1642
25202,2016160000,2016240000,10985,3175
25203,2016240000,2016320000,6073,1694
25204,2016320000,2016400000,4585,1795
25205,2016400000,2016480000,6896,2253
25206,2016480000,2016560000,6809,2001
25207,2016560000,2016640000,9783,2684
25208,2016640000,2016720000,5396,1670
25209,2016720000,2016800000,6304,2387
25210,2016800000,2016880000,6024,1633
25211,2016880000,2016960000,11293,3138
25212,2016960000,2017040000,5579,1583
25213,2017040000,2017120000,4193,1701
25214,2017120000,2017200000,6931,2128
25215,2017200000,2017280000,6733,1953
25216,2017280000,2017360000,9626,2688
25217,2017360000,2017440000,4783,1653
25218,2017440000,2017520000,6493,2373
25219,2017520000,2017600000,5975,1630
25220,2017600000,2017680000,11071,3179
25221,2017680000,2017760000,5751,1695
25222,2017760000,2017840000,4750,1798
25223,2017840000,2017920000,7179,2240
25224,2017920000,2018000000,7056,2003
25225,2018000000,2018080000,9696,2688
25226,2018080000,2018160000,5182,1671
25227,2018160000,2018240000,6534,2379
25228,2018240000,2018320000,5958,1635
25229,2018320000,2018400000,11076,3170
25230,2018400000,2018480000,5458,1694
25231,2018480000,2018560000,4318,1775
25232,2018560000,2018640000,6614,2241
25233,2018640000,2018720000,6558,1995
25234,2018720000,2018800000,9485,2680
25235,2018800000,2018880000,4752,1648
25236,2018880000,2018960000,6041,2209
25237,2018960000,2019040000,5268,1550
25238,2019040000,2019120000,6060,2200
25239,2019120000,2019200000,8765,2744
25240,2019200000,2019280000,6559,2183
25241,2019280000,2019360000,11033,3683
25242,2019360000,2019440000,6026,1668
25243,2019440000,2019520000,5082,1871
25244,2019520000,2019600000,6378,2211
25245,2019600000,2019680000,5321,1518
25246,2019680000,2019760000,10984,3182
25247,2019760000,2019840000,4665,1514
25248,2019840000,2019920000,6136,2334
25249,2019920000,2020000000,5078,1660
25250,2020000000,2020080000,11119,3134
25251,2020080000,2020160000,5970,1734
25252,2020160000,2020240000,5001,1821
25253,2020240000,2020320000,6372,2146
25254,2020320000,2020400000,5586,1531
25255,2020400000,2020480000,10644,3139
25256,2020480000,2020560000,4438,1452
25257,2020560000,2020640000,6026,2251
25258,2020640000,2020720000,5399,1668
25259,2020720000,2020800000,10461,3134
25260,2020800000,2020880000,5938,1708
25261,2020880000,2020960000,4489,1695
25262,2020960000,2021040000,6681,2267
25263,2021040000,2021120000,5501,1593
25264,2021120000,2021200000,11087,3174
25265,2021200000,2021280000,5054,1491
25266,2021280000,2021360000,6149,2290
25267,2021360000,2021440000,5382,1633
25268,2021440000,2021520000,10820,3131
25269,2021520000,2021600000,6191,1731
25270,2021600000,2021680000,5174,1870
25271,2021680000,2021760000,6863,2289
25272,2021760000,2021840000,5860,1593
25273,2021840000,2021920000,10755,3165
25274,2021920000,2022000000,4618,1518
25275,2022000000,2022080000,5906,2338
25276,2022080000,2022160000,5441,1677
25277,2022160000,2022240000,10844,3122
25278,2022240000,2022320000,6262,1738
25279,2022320000,2022400000,4847,1878
25280,2022400000,2022480000,6694,2292
25281,2022480000,2022560000,5854,1588
25282,2022560000,2022640000,11087,3168
25283,2022640000,2022720000,4982,1523
25284,2022720000,2022800000,6198,2330
25285,2022800000,2022880000,5628,1669
25286,2022880000,2022960000,10960,3094
25287,2022960000,2023040000,6142,1640
25288,2023040000,2023120000,4548,1781
25289,2023120000,2023200000,6513,2184
25290,2023200000,2023280000,5612,1520
25291,2023280000,2023360000,10971,3160
25292,2023360000,2023440000,4900,1519
25293,2023440000,2023520000,6247,2331
25294,2023520000,2023600000,5636,1678
25295,2023600000,2023680000,10758,3118
25296,2023680000,2023760000,6134,1726
25297,2023760000,2023840000,4910,1850
25298,2023840000,2023920000,6797,2288
25299,2023920000,2024000000,5855,1591
25300,2024000000,2024080000,11074,3158
25301,2024080000,2024160000,4973,1519
25302,2024160000,2024240000,6112,2335
25303,2024240000,2024320000,5733,1662
25304,2024320000,2024400000,11116,3124
25305,2024400000,2024480000,5437,1708
25306,2024480000,2024560000,4674,1855
25307,2024560000,2024640000,6824,2280
25308,2024640000,2024720000,6124,1591
25309,2024720000,2024800000,10978,3164
25310,2024800000,2024880000,4446,1505
25311,2024880000,2024960000,6074,2322
25312,2024960000,2025040000,5506,1661
25313,2025040000,2025120000,6581,2197
25314,2025120000,2025200000,8950,2757
25315,2025200000,2025280000,6216,2014
25316,2025280000,2025360000,10327,3703
25317,2025360000,2025440000,7141,1925
25318,2025440000,2025520000,4440,1533
25319,2025520000,2025600000,6327,2392
25320,2025600000,2025680000,5357,1606
25321,2025680000,2025760000,11209,3142
25322,2025760000,2025840000,4142,1474
25323,2025840000,2025920000,5888,2321
25324,2025920000,2026000000,6041,1825
25325,2026000000,2026080000,9590,2842
25326,2026080000,2026160000,7740,1985
25327,2026160000,2026240000,4237,1547
25328,2026240000,2026320000,6694,2402
25329,2026320000,2026400000,6298,1717
25330,2026400000,2026480000,10932,3138
25331,2026480000,2026560000,4797,1488
25332,2026560000,2026640000,6027,2330
25333,2026640000,2026720000,6213,1828
25334,2026720000,2026800000,9038,2846
25335,2026800000,2026880000,7221,1985
25336,2026880000,2026960000,4606,1569
25337,2026960000,2027040000,6699,2416
25338,2027040000,2027120000,6035,1721
25339,2027120000,2027200000,10751,3135
25340,2027200000,2027280000,5062,1494
25341,2027280000,2027360000,5925,2326
25342,2027360000,2027440000,6497,1834
25343,2027440000,2027520000,9297,2832
25344,2027520000,2027600000,7551,1983
25345,2027600000,2027680000,4618,1550
25346,2027680000,2027760000,6553,2261
25347,2027760000,2027840000,6258,1645
25348,2027840000,2027920000,10649,3100
25349,2027920000,2028000000,4392,1433
25350,2028000000,2028080000,5716,2249
25351,2028080000,2028160000,6543,1835
25352,2028160000,2028240000,9139,2827
25353,2028240000,2028320000,7673,1957
25354,2028320000,2028400000,4127,1389
25355,2028400000,2028480000,7090,2398
25356,2028480000,2028560000,6200,1715
25357,2028560000,2028640000,11271,3122
25358,2028640000,2028720000,5210,1483
25359,2028720000,2028800000,5699,2238
25360,2028800000,2028880000,6155,1805
25361,2028880000,2028960000,9410,2808
25362,2028960000,2029040000,7500,1881
25363,2029040000,2029120000,4477,1479
25364,2029120000,2029200000,6490,2327
25365,2029200000,2029280000,5683,1630
25366,2029280000,2029360000,11008,3118
25367,2029360000,2029440000,4672,1489
25368,2029440000,2029520000,5665,2330
25369,2029520000,2029600000,6163,1840
25370,2029600000,2029680000,9185,2832
25371,2029680000,2029760000,7388,1987
25372,2029760000,2029840000,4553,1561
25373,2029840000,2029920000,6615,2428
25374,2029920000,2030000000,6249,1716
25375,2030000000,2030080000,11111,3120
25376,2030080000,2030160000,4955,1490
25377,2030160000,2030240000,5887,2323
25378,2030240000,2030320000,6636,1835
25379,2030320000,2030400000,9497,2831
25380,2030400000,2030480000,7368,1981
25381,2030480000,2030560000,4137,1544
25382,2030560000,2030640000,6715,2430
25383,2030640000,2030720000,6260,1711
25384,2030720000,2030800000,10997,3116
25385,2030800000,2030880000,4887,1490
25386,2030880000,2030960000,6046,2327
25387,2030960000,2031040000,6561,1831
25388,2031040000,2031120000,6521,2135
25389,2031120000,2031200000,8793,2820
25390,2031200000,2031280000,7019,2518
25391,2031280000,2031360000,5580,2108
25392,2031360000,2031440000,7469,2430
25393,2031440000,2031520000,6687,2029
25394,2031520000,2031600000,10836,3528
25395,2031600000,2031680000,10508,3088
25396,2031680000,2031760000,9483,3016
25397,2031760000,2031840000,9598,3080
25398,2031840000,2031920000,10515,3370
25399,2031920000,2032000000,10136,3128
25400,2032000000,2032080000,8950,2910
25401,2032080000,2032160000,11227,3500
25402,2032160000,2032240000,9508,3055
25403,2032240000,2032320000,10452,3125
25404,2032320000,2032400000,8800,2851
25405,2032400000,2032480000,10874,3528
25406,2032480000,2032560000,10460,3067
25407,2032560000,2032640000,9456,2994
25408,2032640000,2032720000,9592,3056
25409,2032720000,2032800000,10616,3349
25410,2032800000,2032880000,10260,3105
25411,2032880000,2032960000,9006,2890
25412,2032960000,2033040000,11391,3499
25413,2033040000,2033120000,9705,3044
25414,2033120000,2033200000,11060,3197
25415,2033200000,2033280000,9947,3016
25416,2033280000,2033360000,13004,3853
25417,2033360000,2033440000,12041,3307
25418,2033440000,2033520000,10442,3148
25419,2033520000,2033600000,11316,3339
25420,2033600000,2033680000,12504,3657
25421,2033680000,2033760000,11303,3358
25422,2033760000,2033840000,9867,3050
25423,2033840000,2033920000,13403,3823
25424,2033920000,2034000000,10842,3333
25425,2034000000,2034080000,10751,3313
25426,2034080000,2034160000,9690,3083
25427,2034160000,2034240000,12040,3862
25428,2034240000,2034320000,11274,3316
25429,2034320000,2034400000,10113,3170
25430,2034400000,2034480000,11181,3341
25431,2034480000,2034560000,12070,3636
25432,2034560000,2034640000,11232,3349
25433,2034640000,2034720000,10048,3035
25434,2034720000,2034800000,13380,3799
25435,2034800000,2034880000,11056,3325
25436,2034880000,2034960000,10988,3299
25437,2034960000,2035040000,10070,3061
25438,2035040000,2035120000,12768,3850
25439,2035120000,2035200000,11449,3311
25440,2035200000,2035280000,10189,3161
25441,2035280000,2035360000,11443,3337
25442,2035360000,2035440000,12287,3632
25443,2035440000,2035520000,11700,3346
25444,2035520000,2035600000,9905,3037
25445,2035600000,2035680000,13290,3801
25446,2035680000,2035760000,11230,3329
25447,2035760000,2035840000,11246,3295
25448,2035840000,2035920000,10571,3065
25449,2035920000,2036000000,12757,3852
25450,2036000000,2036080000,11585,3313
25451,2036080000,2036160000,10499,3155
25452,2036160000,2036240000,11980,3343
25453,2036240000,2036320000,12276,3632
25454,2036320000,2036400000,11214,3346
25455,2036400000,2036480000,9874,3032
25456,2036480000,2036560000,13029,3799
25457,2036560000,2036640000,11263,3330
25458,2036640000,2036720000,11437,3301
25459,2036720000,2036800000,10239,3066
25460,2036800000,2036880000,12674,3852
25461,2036880000,2036960000,11989,3313
25462,2036960000,2037040000,10626,3155
25463,2037040000,2037120000,11593,3345
25464,2037120000,2037200000,12099,3636
25465,2037200000,2037280000,11244,3352
25466,2037280000,2037360000,9762,3030
25467,2037360000,2037440000,13657,3805
25468,2037440000,2037520000,11270,3329
25469,2037520000,2037600000,11267,3296
25470,2037600000,2037680000,10331,3066
25471,2037680000,2037760000,12753,3855
25472,2037760000,2037840000,11597,3307
25473,2037840000,2037920000,10436,3156
25474,2037920000,2038000000,11447,3341
25475,2038000000,2038080000,12310,3630
25476,2038080000,2038160000,11422,3345
25477,2038160000,2038240000,9916,3029
25478,2038240000,2038320000,13418,3801
25479,2038320000,2038400000,11422,3330
25480,2038400000,2038480000,11642,3300
25481,2038480000,2038560000,10637,3065
25482,2038560000,2038640000,13236,3849
25483,2038640000,2038720000,11678,3307
25484,2038720000,2038800000,10326,3156
25485,2038800000,2038880000,11789,3341
25486,2038880000,2038960000,12865,3639
25487,2038960000,2039040000,11814,3349
25488,2039040000,2039120000,10015,3029
25489,2039120000,2039200000,13187,3795
25490,2039200000,2039280000,11759,3328
25491,2039280000,2039360000,11599,3301
25492,2039360000,2039440000,10636,3066
25493,2039440000,2039520000,13139,3850
25494,2039520000,2039600000,11663,3307
25495,2039600000,2039680000,10415,3159
25496,2039680000,2039760000,10970,3343
25497,2039760000,2039840000,12021,3636
25498,2039840000,2039920000,11451,3350
25499,2039920000,2040000000,10012,3030
25500,2040000000,2040080000,12890,3797
25501,2040080000,2040160000,11330,3329
25502,2040160000,2040240000,11661,3295
25503,2040240000,2040320000,10387,3065
25504,2040320000,2040400000,13091,3855
25505,2040400000,2040480000,11991,3311
25506,2040480000,2040560000,10391,3158
25507,2040560000,2040640000,11293,3343
25508,2040640000,2040720000,12467,3642
25509,2040720000,2040800000,11450,3348
25510,2040800000,2040880000,10274,3037
25511,2040880000,2040960000,14008,3797
25512,2040960000,2041040000,11721,3331
25513,2041040000,2041120000,11953,3296
25514,2041120000,2041200000,10856,3070
25515,2041200000,2041280000,12915,3850
25516,2041280000,2041360000,11667,3313
25517,2041360000,2041440000,10446,3155
25518,2041440000,2041520000,11675,3347
25519,2041520000,2041600000,11968,3630
25520,2041600000,2041680000,11083,3346
25521,2041680000,2041760000,9905,3032
25522,2041760000,2041840000,13337,3795
25523,2041840000,2041920000,11344,3325
25524,2041920000,2042000000,11461,3296
25525,2042000000,2042080000,10489,3066
25526,2042080000,2042160000,13134,3855
25527,2042160000,2042240000,12074,3307
25528,2042240000,2042320000,10567,3160
25529,2042320000,2042400000,11548,3341
25530,2042400000,2042480000,12150,3632
25531,2042480000,2042560000,11680,3347
25532,2042560000,2042640000,10291,3032
25533,2042640000,2042720000,13557,3805
25534,2042720000,2042800000,11417,3325
25535,2042800000,2042880000,11632,3295
25536,2042880000,2042960000,10623,3061
25537,2042960000,2043040000,13943,3853
25538,2043040000,2043120000,12332,3314
25539,2043120000,2043200000,10601,3155
25540,2043200000,2043280000,11799,3341
25541,2043280000,2043360000,12610,3631
25542,2043360000,2043440000,11507,3352
25543,2043440000,2043520000,9844,3031
25544,2043520000,2043600000,13017,3801
25545,2043600000,2043680000,11418,3331
25546,2043680000,2043760000,11772,3296
25547,2043760000,2043840000,10912,3062
25548,2043840000,2043920000,13467,3850
25549,2043920000,2044000000,12063,3306
25550,2044000000,2044080000,10615,3160
25551,2044080000,2044160000,11801,3347
25552,2044160000,2044240000,12410,3637
25553,2044240000,2044320000,11236,3354
25554,2044320000,2044400000,9761,3031
25555,2044400000,2044480000,13512,3801
25556,2044480000,2044560000,11625,3328
25557,2044560000,2044640000,11801,3301
25558,2044640000,2044720000,10829,3062
25559,2044720000,2044800000,13463,3852
25560,2044800000,2044880000,12589,3311
25561,2044880000,2044960000,10902,3161
25562,2044960000,2045040000,12175,3341
25563,2045040000,2045120000,12751,3636
25564,2045120000,2045200000,11570,3349
25565,2045200000,2045280000,10234,3035
25566,2045280000,2045360000,13548,3795
25567,2045360000,2045440000,11611,3329
25568,2045440000,2045520000,11854,3295
25569,2045520000,2045600000,10792,3061
25570,2045600000,2045680000,13500,3846
25571,2045680000,2045760000,12558,3313
25572,2045760000,2045840000,11224,3155
25573,2045840000,2045920000,11951,3347
25574,2045920000,2046000000,12408,3633
25575,2046000000,2046080000,11663,3349
25576,2046080000,2046160000,10099,3033
25577,2046160000,2046240000,12692,3795
25578,2046240000,2046320000,11172,3333
25579,2046320000,2046400000,11547,3308
25580,2046400000,2046480000,10691,3094
25581,2046480000,2046560000,13360,3862
25582,2046560000,2046640000,12152,3318
25583,2046640000,2046720000,10853,3170
25584,2046720000,2046800000,12143,3369
25585,2046800000,2046880000,12684,3650
25586,2046880000,2046960000,11807,3354
25587,2046960000,2047040000,10557,3054
25588,2047040000,2047120000,13553,3803
25589,2047120000,2047200000,11193,3330
25590,2047200000,2047280000,11527,3297
25591,2047280000,2047360000,10454,3066
25592,2047360000,2047440000,12921,3852
25593,2047440000,2047520000,11890,3310
25594,2047520000,2047600000,10655,3154
25595,2047600000,2047680000,11566,3341
25596,2047680000,2047760000,12331,3639
25597,2047760000,2047840000,11595,3356
25598,2047840000,2047920000,10116,3035
25599,2047920000,2048000000,13497,3801
25600,2048000000,2048080000,11123,3330
25601,2048080000,2048160000,11401,3297
25602,2048160000,2048240000,10424,3066
25603,2048240000,2048320000,13007,3853
25604,2048320000,2048400000,11978,3311
25605,2048400000,2048480000,10607,3154
25606,2048480000,2048560000,12001,3343
25607,2048560000,2048640000,13081,3637
25608,2048640000,2048720000,11756,3349
25609,2048720000,2048800000,10376,3032
25610,2048800000,2048880000,13867,3801
25611,2048880000,2048960000,11648,3331
25612,2048960000,2049040000,11750,3299
25613,2049040000,2049120000,10412,3061
25614,2049120000,2049200000,12929,3850
25615,2049200000,2049280000,11982,3308
25616,2049280000,2049360000,10671,3154
25617,2049360000,2049440000,11346,3337
25618,2049440000,2049520000,12229,3638
25619,2049520000,2049600000,11471,3350
25620,2049600000,2049680000,10211,3035
25621,2049680000,2049760000,13805,3799
25622,2049760000,2049840000,11481,3325
25623,2049840000,2049920000,11320,3299
25624,2049920000,2050000000,10458,3061
25625,2050000000,2050080000,13649,3850
25626,2050080000,2050160000,12220,3311
25627,2050160000,2050240000,10545,3161
25628,2050240000,2050320000,11802,3337
25629,2050320000,2050400000,12779,3630
25630,2050400000,2050480000,12202,3345
25631,2050480000,2050560000,10572,3037
25632,2050560000,2050640000,13721,3801
25633,2050640000,2050720000,11540,3329
25634,2050720000,2050800000,11670,3295
25635,2050800000,2050880000,10623,3065
25636,2050880000,2050960000,13027,3852
25637,2050960000,2051040000,11964,3313
25638,2051040000,2051120000,10626,3155
25639,2051120000,2051200000,11975,3343
25640,2051200000,2051280000,12785,3636
25641,2051280000,2051360000,11783,3348
25642,2051360000,2051440000,10354,3032
25643,2051440000,2051520000,13590,3799
25644,2051520000,2051600000,11688,3330
25645,2051600000,2051680000,11842,3301
25646,2051680000,2051760000,10821,3066
25647,2051760000,2051840000,13125,3852
25648,2051840000,2051920000,12293,3313
25649,2051920000,2052000000,10954,3155
25650,2052000000,2052080000,12624,3345
25651,2052080000,2052160000,12866,3632
25652,2052160000,2052240000,11505,3350
25653,2052240000,2052320000,9830,3030
25654,2052320000,2052400000,13533,3805
25655,2052400000,2052480000,11458,3329
25656,2052480000,2052560000,11682,3296
25657,2052560000,2052640000,10241,3066
25658,2052640000,2052720000,12835,3855
25659,2052720000,2052800000,11770,3307
25660,2052800000,2052880000,10570,3156
25661,2052880000,2052960000,11792,3341
25662,2052960000,2053040000,12676,3632
25663,2053040000,2053120000,11629,3346
25664,2053120000,2053200000,9989,3029
25665,2053200000,2053280000,13606,3801
25666,2053280000,2053360000,11767,3330
25667,2053360000,2053440000,11929,3300
25668,2053440000,2053520000,10740,3065
25669,2053520000,2053600000,13493,3849
25670,2053600000,2053680000,12133,3307
25671,2053680000,2053760000,10961,3156
25672,2053760000,2053840000,11988,3341
25673,2053840000,2053920000,12921,3637
25674,2053920000,2054000000,12095,3348
25675,2054000000,2054080000,10191,3029
25676,2054080000,2054160000,13757,3795
25677,2054160000,2054240000,12381,3328
25678,2054240000,2054320000,12146,3301
25679,2054320000,2054400000,10631,3066
25680,2054400000,2054480000,13694,3850
25681,2054480000,2054560000,12496,3307
25682,2054560000,2054640000,10919,3159
25683,2054640000,2054720000,11449,3343
25684,2054720000,2054800000,12211,3642
25685,2054800000,2054880000,11527,3353
25686,2054880000,2054960000,10300,3030
25687,2054960000,2055040000,13703,3797
25688,2055040000,2055120000,11820,3329
25689,2055120000,2055200000,11817,3295
25690,2055200000,2055280000,10975,3065
25691,2055280000,2055360000,13343,3855
25692,2055360000,2055440000,11930,3311
25693,2055440000,2055520000,10395,3158
25694,2055520000,2055600000,11239,3343
25695,2055600000,2055680000,12760,3636
25696,2055680000,2055760000,11873,3345
25697,2055760000,2055840000,10497,3037
25698,2055840000,2055920000,14180,3797
25699,2055920000,2056000000,12022,3331
25700,2056000000,2056080000,12244,3296
25701,2056080000,2056160000,11378,3070
25702,2056160000,2056240000,13904,3850
25703,2056240000,2056320000,12442,3313
25704,2056320000,2056400000,10835,3155
25705,2056400000,2056480000,12143,3347
25706,2056480000,2056560000,12550,3632
25707,2056560000,2056640000,11532,3347
25708,2056640000,2056720000,10434,3032
25709,2056720000,2056800000,14034,3795
25710,2056800000,2056880000,11828,3325
25711,2056880000,2056960000,11926,3296
25712,2056960000,2057040000,10674,3066
25713,2057040000,2057120000,13284,3855
25714,2057120000,2057200000,12365,3307
25715,2057200000,2057280000,10869,3160
25716,2057280000,2057360000,11811,3341
25717,2057360000,2057440000,12580,3630
25718,2057440000,2057520000,12143,3346
25719,2057520000,2057600000,10625,3032
25720,2057600000,2057680000,14298,3805
25721,2057680000,2057760000,12216,3325
25722,2057760000,2057840000,12222,3295
25723,2057840000,2057920000,11070,3061
25724,2057920000,2058000000,14477,3853
25725,2058000000,2058080000,12915,3314
25726,2058080000,2058160000,11150,3155
25727,2058160000,2058240000,12316,3341
25728,2058240000,2058320000,13078,3635
25729,2058320000,2058400000,11857,3354
25730,2058400000,2058480000,10362,3031
25731,2058480000,2058560000,12885,3801
25732,2058560000,2058640000,10905,3331
25733,2058640000,2058720000,11463,3296
25734,2058720000,2058800000,10295,3062
25735,2058800000,2058880000,13240,3850
25736,2058880000,2058960000,12027,3306
25737,2058960000,2059040000,10496,3180
25738,2059040000,2059120000,11736,3371
25739,2059120000,2059200000,12947,3645
25740,2059200000,2059280000,11758,3362
25741,2059280000,2059360000,9903,3053
25742,2059360000,2059440000,13277,3823
25743,2059440000,2059520000,11644,3336
25744,2059520000,2059600000,12067,3317
25745,2059600000,2059680000,10809,3082
25746,2059680000,2059760000,13563,3870
25747,2059760000,2059840000,12741,3319
25748,2059840000,2059920000,11122,3161
25749,2059920000,2060000000,11941,3341
25750,2060000000,2060080000,12974,3638
25751,2060080000,2060160000,11875,3350
25752,2060160000,2060240000,10118,3035
25753,2060240000,2060320000,12885,3795
25754,2060320000,2060400000,11303,3329
25755,2060400000,2060480000,11808,3295
25756,2060480000,2060560000,10409,3061
25757,2060560000,2060640000,13199,3846
25758,2060640000,2060720000,12407,3313
25759,2060720000,2060800000,10973,3155
25760,2060800000,2060880000,12252,3347
25761,2060880000,2060960000,13032,3631
25762,2060960000,2061040000,12090,3348
25763,2061040000,2061120000,10424,3033
25764,2061120000,2061200000,13572,3795
25765,2061200000,2061280000,11954,3329
25766,2061280000,2061360000,11928,3296
25767,2061360000,2061440000,10826,3070
25768,2061440000,2061520000,13838,3846
25769,2061520000,2061600000,12704,3308
25770,2061600000,2061680000,11076,3154
25771,2061680000,2061760000,11988,3345
25772,2061760000,2061840000,11927,3648
25773,2061840000,2061920000,11028,3352
25774,2061920000,2062000000,9882,3032
25775,2062000000,2062080000,13448,3799
25776,2062080000,2062160000,11092,3330
25777,2062160000,2062240000,11157,3297
25778,2062240000,2062320000,10683,3066
25779,2062320000,2062400000,12789,3852
25780,2062400000,2062480000,11484,3310
25781,2062480000,2062560000,10209,3154
25782,2062560000,2062640000,11660,3341
25783,2062640000,2062720000,12451,3631
25784,2062720000,2062800000,11593,3352
25785,2062800000,2062880000,10186,3035
25786,2062880000,2062960000,13638,3801
25787,2062960000,2063040000,11135,3330
25788,2063040000,2063120000,11359,3297
25789,2063120000,2063200000,10892,3066
25790,2063200000,2063280000,13257,3853
25791,2063280000,2063360000,11812,3311
25792,2063360000,2063440000,10407,3154
25793,2063440000,2063520000,11776,3343
25794,2063520000,2063600000,12961,3639
25795,2063600000,2063680000,11638,3350
25796,2063680000,2063760000,10113,3032
25797,2063760000,2063840000,13686,3801
25798,2063840000,2063920000,11428,3331
25799,2063920000,2064000000,11405,3299
25800,2064000000,2064080000,10628,3061
25801,2064080000,2064160000,13060,3850
25802,2064160000,2064240000,11981,3308
25803,2064240000,2064320000,10726,3154
25804,2064320000,2064400000,11887,3337
25805,2064400000,2064480000,12577,3636
25806,2064480000,2064560000,11559,3349
25807,2064560000,2064640000,10320,3035
25808,2064640000,2064720000,14223,3799
25809,2064720000,2064800000,11892,3325
25810,2064800000,2064880000,11624,3299
25811,2064880000,2064960000,10215,3061
25812,2064960000,2065040000,13178,3850
25813,2065040000,2065120000,11964,3311
25814,2065120000,2065200000,10322,3161
25815,2065200000,2065280000,11330,3337
25816,2065280000,2065360000,12106,3634
25817,2065360000,2065440000,11644,3347
25818,2065440000,2065520000,9985,3037
25819,2065520000,2065600000,13453,3801
25820,2065600000,2065680000,11306,3329
25821,2065680000,2065760000,11163,3295
25822,2065760000,2065840000,10405,3065
25823,2065840000,2065920000,12670,3852
25824,2065920000,2066000000,11621,3313
25825,2066000000,2066080000,10513,3155
25826,2066080000,2066160000,11875,3343
25827,2066160000,2066240000,12524,3632
25828,2066240000,2066320000,11589,3346
25829,2066320000,2066400000,10385,3032
25830,2066400000,2066480000,13576,3799
25831,2066480000,2066560000,11458,3330
25832,2066560000,2066640000,11602,3301
25833,2066640000,2066720000,10561,3066
25834,2066720000,2066800000,13109,3852
25835,2066800000,2066880000,12235,3313
25836,2066880000,2066960000,10689,3155
25837,2066960000,2067040000,12308,3345
25838,2067040000,2067120000,12888,3634
25839,2067120000,2067200000,11720,3351
25840,2067200000,2067280000,10454,3030
25841,2067280000,2067360000,14449,3805
25842,2067360000,2067440000,11724,3329
25843,2067440000,2067520000,11568,3296
25844,2067520000,2067600000,10704,3066
25845,2067600000,2067680000,13134,3855
25846,2067680000,2067760000,11819,3307
25847,2067760000,2067840000,10567,3156
25848,2067840000,2067920000,11939,3341
25849,2067920000,2068000000,12999,3630
25850,2068000000,2068080000,11935,3345
25851,2068080000,2068160000,10262,3029
25852,2068160000,2068240000,13640,3801
25853,2068240000,2068320000,11643,3330
25854,2068320000,2068400000,11921,3300
25855,2068400000,2068480000,10632,3065
25856,2068480000,2068560000,13322,3849
25857,2068560000,2068640000,11918,3307
25858,2068640000,2068720000,10602,3156
25859,2068720000,2068800000,12031,3341
25860,2068800000,2068880000,12779,3643
25861,2068880000,2068960000,11712,3351
25862,2068960000,2069040000,10214,3029
25863,2069040000,2069120000,13578,3795
25864,2069120000,2069200000,11971,3328
25865,2069200000,2069280000,11784,3301
25866,2069280000,2069360000,10923,3066
25867,2069360000,2069440000,13583,3850
25868,2069440000,2069520000,12134,3307
25869,2069520000,2069600000,10869,3159
25870,2069600000,2069680000,11535,3343
25871,2069680000,2069760000,12321,3636
25872,2069760000,2069840000,11572,3350
25873,2069840000,2069920000,10287,3030
25874,2069920000,2070000000,13681,3797
25875,2070000000,2070080000,11734,3329
25876,2070080000,2070160000,11670,3295
25877,2070160000,2070240000,10764,3065
25878,2070240000,2070320000,13570,3855
25879,2070320000,2070400000,12226,3311
25880,2070400000,2070480000,10467,3158
25881,2070480000,2070560000,11613,3343
25882,2070560000,2070640000,13035,3638
25883,2070640000,2070720000,11945,3346
25884,2070720000,2070800000,10687,3037
25885,2070800000,2070880000,14473,3797
25886,2070880000,2070960000,12122,3331
25887,2070960000,2071040000,12239,3296
25888,2071040000,2071120000,11478,3070
25889,2071120000,2071200000,14210,3850
25890,2071200000,2071280000,12442,3313
25891,2071280000,2071360000,10450,3155
25892,2071360000,2071440000,11509,3347
25893,2071440000,2071520000,12025,3630
25894,2071520000,2071600000,11244,3346
25895,2071600000,2071680000,9910,3032
25896,2071680000,2071760000,13379,3811
25897,2071760000,2071840000,11450,3333
25898,2071840000,2071920000,11720,3308
25899,2071920000,2072000000,11014,3084
25900,2072000000,2072080000,13300,3865
25901,2072080000,2072160000,12182,3315
25902,2072160000,2072240000,10906,3180
25903,2072240000,2072320000,11688,3363
25904,2072320000,2072400000,11986,3648
25905,2072400000,2072480000,11559,3356
25906,2072480000,2072560000,10140,3038
25907,2072560000,2072640000,13780,3805
25908,2072640000,2072720000,11792,3325
25909,2072720000,2072800000,11883,3295
25910,2072800000,2072880000,10738,3061
25911,2072880000,2072960000,13934,3853
25912,2072960000,2073040000,12345,3314
25913,2073040000,2073120000,10608,3155
25914,2073120000,2073200000,12182,3341
25915,2073200000,2073280000,12817,3631
25916,2073280000,2073360000,11486,3352
25917,2073360000,2073440000,9902,3031
25918,2073440000,2073520000,13179,3801
25919,2073520000,2073600000,11439,3331
25920,2073600000,2073680000,11711,3296
25921,2073680000,2073760000,10874,3062
25922,2073760000,2073840000,13714,3850
25923,2073840000,2073920000,12403,3306
25924,2073920000,2074000000,10993,3160
25925,2074000000,2074080000,12115,3347
25926,2074080000,2074160000,13120,3635
25927,2074160000,2074240000,11934,3353
25928,2074240000,2074320000,10448,3031
25929,2074320000,2074400000,13736,3801
25930,2074400000,2074480000,11582,3328
25931,2074480000,2074560000,11839,3301
25932,2074560000,2074640000,10809,3062
25933,2074640000,2074720000,13550,3852
25934,2074720000,2074800000,12635,3311
25935,2074800000,2074880000,10934,3161
25936,2074880000,2074960000,11949,3341
25937,2074960000,2075040000,12940,3636
25938,2075040000,2075120000,11941,3349
25939,2075120000,2075200000,10701,3035
25940,2075200000,2075280000,13897,3795
25941,2075280000,2075360000,11928,3329
25942,2075360000,2075440000,12214,3295
25943,2075440000,2075520000,10814,3061
25944,2075520000,2075600000,13425,3846
25945,2075600000,2075680000,12559,3313
25946,2075680000,2075760000,11018,3155
25947,2075760000,2075840000,12352,3347
25948,2075840000,2075920000,12961,3639
25949,2075920000,2076000000,11785,3352
25950,2076000000,2076080000,10148,3033
25951,2076080000,2076160000,13289,3795
25952,2076160000,2076240000,11499,3329
25953,2076240000,2076320000,11399,3296
25954,2076320000,2076400000,10693,3070
25955,2076400000,2076480000,13378,3846
25956,2076480000,2076560000,12162,3308
25957,2076560000,2076640000,10756,3154
25958,2076640000,2076720000,12627,3345
25959,2076720000,2076800000,12921,3636
25960,2076800000,2076880000,11672,3346
25961,2076880000,2076960000,10478,3032
25962,2076960000,2077040000,14019,3799
25963,2077040000,2077120000,11623,3330
25964,2077120000,2077200000,11738,3297
25965,2077200000,2077280000,10993,3066
25966,2077280000,2077360000,13757,3852
25967,2077360000,2077440000,12479,3310
25968,2077440000,2077520000,10986,3154
25969,2077520000,2077600000,11806,3341
25970,2077600000,2077680000,12304,3633
25971,2077680000,2077760000,11682,3353
25972,2077760000,2077840000,10273,3035
25973,2077840000,2077920000,13647,3801
25974,2077920000,2078000000,11199,3330
25975,2078000000,2078080000,11438,3297
25976,2078080000,2078160000,10892,3066
25977,2078160000,2078240000,13580,3853
25978,2078240000,2078320000,12196,3311
25979,2078320000,2078400000,10624,3154
25980,2078400000,2078480000,11926,3343
25981,2078480000,2078560000,13157,3637
25982,2078560000,2078640000,11946,3349
25983,2078640000,2078720000,10488,3032
25984,2078720000,2078800000,13931,3801
25985,2078800000,2078880000,11706,3331
25986,2078880000,2078960000,11829,3299
25987,2078960000,2079040000,10792,3061
25988,2079040000,2079120000,13633,3850
25989,2079120000,2079200000,12473,3308
25990,2079200000,2079280000,10862,3154
25991,2079280000,2079360000,11600,3337
25992,2079360000,2079440000,12599,3640
25993,2079440000,2079520000,11757,3351
25994,2079520000,2079600000,10414,3035
25995,2079600000,2079680000,14096,3799
25996,2079680000,2079760000,11880,3325
25997,2079760000,2079840000,11671,3299
25998,2079840000,2079920000,11002,3061
25999,2079920000,2080000000,13953,3850
26000,2080000000,2080080000,12427,3311
26001,2080080000,2080160000,10975,3161
26002,2080160000,2080240000,12205,3337
26003,2080240000,2080320000,13236,3630
26004,2080320000,2080400000,12579,3345
26005,2080400000,2080480000,10882,3037
26006,2080480000,2080560000,14259,3801
26007,2080560000,2080640000,12083,3329
26008,2080640000,2080720000,12112,3295
26009,2080720000,2080800000,10700,3065
26010,2080800000,2080880000,12886,3852
26011,2080880000,2080960000,11924,3313
26012,2080960000,2081040000,10651,3155
26013,2081040000,2081120000,12038,3343
26014,2081120000,2081200000,13067,3634
26015,2081200000,2081280000,12050,3347
26016,2081280000,2081360000,10606,3032
26017,2081360000,2081440000,13992,3799
26018,2081440000,2081520000,11933,3330
26019,2081520000,2081600000,11917,3301
26020,2081600000,2081680000,10864,3066
26021,2081680000,2081760000,13440,3852
26022,2081760000,2081840000,12546,3313
26023,2081840000,2081920000,11108,3155
26024,2081920000,2082000000,12641,3345
26025,2082000000,2082080000,13665,3632
26026,2082080000,2082160000,12395,3350
26027,2082160000,2082240000,10783,3030
26028,2082240000,2082320000,14987,3805
26029,2082320000,2082400000,12482,3329
26030,2082400000,2082480000,12254,3296
26031,2082480000,2082560000,10842,3066
26032,2082560000,2082640000,13691,3855
26033,2082640000,2082720000,12430,3307
26034,2082720000,2082800000,10890,3156
26035,2082800000,2082880000,12266,3341
26036,2082880000,2082960000,13195,3636
26037,2082960000,2083040000,11934,3348
26038,2083040000,2083120000,10613,3029
26039,2083120000,2083200000,14203,3801
26040,2083200000,2083280000,11950,3330
26041,2083280000,2083360000,12020,3300
26042,2083360000,2083440000,11126,3065
26043,2083440000,2083520000,13745,3849
26044,2083520000,2083600000,12226,3307
26045,2083600000,2083680000,10945,3156
26046,2083680000,2083760000,12755,3341
26047,2083760000,2083840000,13681,3637
26048,2083840000,2083920000,12303,3348
26049,2083920000,2084000000,10133,3045
26050,2084000000,2084080000,12994,3801
26051,2084080000,2084160000,11690,3328
26052,2084160000,2084240000,11647,3301
26053,2084240000,2084320000,10391,3066
26054,2084320000,2084400000,13160,3862
26055,2084400000,2084480000,11970,3315
26056,2084480000,2084560000,10756,3177
26057,2084560000,2084640000,11356,3365
26058,2084640000,2084720000,12034,3652
26059,2084720000,2084800000,11428,3359
26060,2084800000,2084880000,10068,3052
26061,2084880000,2084960000,13172,3817
26062,2084960000,2085040000,11677,3339
26063,2085040000,2085120000,11971,3307
26064,2085120000,2085200000,10514,3069
26065,2085200000,2085280000,13428,3855
26066,2085280000,2085360000,12309,3311
26067,2085360000,2085440000,10557,3158
26068,2085440000,2085520000,10951,3343
26069,2085520000,2085600000,12463,3636
26070,2085600000,2085680000,11857,3345
26071,2085680000,2085760000,10432,3037
26072,2085760000,2085840000,13946,3797
26073,2085840000,2085920000,11888,3331
26074,2085920000,2086000000,12168,3296
26075,2086000000,2086080000,11055,3070
26076,2086080000,2086160000,13748,3850
26077,2086160000,2086240000,12507,3313
26078,2086240000,2086320000,11143,3155
26079,2086320000,2086400000,11876,3347
26080,2086400000,2086480000,12135,3634
26081,2086480000,2086560000,11322,3348
26082,2086560000,2086640000,10156,3032
26083,2086640000,2086720000,13489,3795
26084,2086720000,2086800000,11467,3325
26085,2086800000,2086880000,11646,3296
26086,2086880000,2086960000,10798,3066
26087,2086960000,2087040000,13731,3855
26088,2087040000,2087120000,12418,3307
26089,2087120000,2087200000,10698,3160
26090,2087200000,2087280000,11646,3341
26091,2087280000,2087360000,12413,3630
26092,2087360000,2087440000,11935,3346
26093,2087440000,2087520000,10152,3032
26094,2087520000,2087600000,13557,3805
26095,2087600000,2087680000,11843,3325
26096,2087680000,2087760000,12063,3295
26097,2087760000,2087840000,10860,3061
26098,2087840000,2087920000,14042,3853
26099,2087920000,2088000000,12478,3314
26100,2088000000,2088080000,10733,3155
26101,2088080000,2088160000,11976,3341
26102,2088160000,2088240000,13038,3633
26103,2088240000,2088320000,11933,3353
26104,2088320000,2088400000,10032,3031
26105,2088400000,2088480000,13015,3801
26106,2088480000,2088560000,11541,3331
26107,2088560000,2088640000,11972,3296
26108,2088640000,2088720000,10639,3062
26109,2088720000,2088800000,13531,3850
26110,2088800000,2088880000,12367,3306
26111,2088880000,2088960000,10875,3160
26112,2088960000,2089040000,12060,3347
26113,2089040000,2089120000,13162,3633
26114,2089120000,2089200000,12052,3352
26115,2089200000,2089280000,10382,3031
26116,2089280000,2089360000,13982,3801
26117,2089360000,2089440000,12033,3328
26118,2089440000,2089520000,12227,3301
26119,2089520000,2089600000,10978,3062
26120,2089600000,2089680000,13902,3852
26121,2089680000,2089760000,13049,3311
26122,2089760000,2089840000,11242,3161
26123,2089840000,2089920000,12074,3341
26124,2089920000,2090000000,12738,3646
26125,2090000000,2090080000,11548,3354
26126,2090080000,2090160000,10377,3035
26127,2090160000,2090240000,13804,3795
26128,2090240000,2090320000,11408,3329
26129,2090320000,2090400000,11395,3295
26130,2090400000,2090480000,10526,3061
26131,2090480000,2090560000,12887,3846
26132,2090560000,2090640000,11846,3313
26133,2090640000,2090720000,10357,3155
26134,2090720000,2090800000,11678,3347
26135,2090800000,2090880000,12491,3631
26136,2090880000,2090960000,11510,3348
26137,2090960000,2091040000,10052,3033
26138,2091040000,2091120000,13037,3795
26139,2091120000,2091200000,11517,3329
26140,2091200000,2091280000,11588,3296
26141,2091280000,2091360000,10573,3070
26142,2091360000,2091440000,13139,3846
26143,2091440000,2091520000,12014,3308
26144,2091520000,2091600000,10589,3154
26145,2091600000,2091680000,12119,3345
26146,2091680000,2091760000,12600,3638
26147,2091760000,2091840000,11549,3347
26148,2091840000,2091920000,10068,3032
26149,2091920000,2092000000,13421,3799
26150,2092000000,2092080000,11258,3330
26151,2092080000,2092160000,11416,3297
26152,2092160000,2092240000,10713,3066
26153,2092240000,2092320000,13204,3852
26154,2092320000,2092400000,11879,3310
26155,2092400000,2092480000,10558,3154
26156,2092480000,2092560000,12022,3341
26157,2092560000,2092640000,12891,3631
26158,2092640000,2092720000,11986,3352
26159,2092720000,2092800000,10426,3035
26160,2092800000,2092880000,13940,3801
26161,2092880000,2092960000,11504,3330
26162,2092960000,2093040000,11701,3297
26163,2093040000,2093120000,10954,3066
26164,2093120000,2093200000,14056,3853
26165,2093200000,2093280000,12658,3311
26166,2093280000,2093360000,10926,3154
26167,2093360000,2093440000,12582,3343
26168,2093440000,2093520000,13551,3641
26169,2093520000,2093600000,11841,3351
26170,2093600000,2093680000,10132,3032
26171,2093680000,2093760000,13656,3801
26172,2093760000,2093840000,11408,3331
26173,2093840000,2093920000,11392,3299
26174,2093920000,2094000000,10370,3061
26175,2094000000,2094080000,12993,3850
26176,2094080000,2094160000,12107,3308
26177,2094160000,2094240000,10901,3154
26178,2094240000,2094320000,11965,3337
26179,2094320000,2094400000,12724,3636
26180,2094400000,2094480000,11743,3349
26181,2094480000,2094560000,10436,3035
26182,2094560000,2094640000,14079,3799
26183,2094640000,2094720000,11849,3325
26184,2094720000,2094800000,11696,3299
26185,2094800000,2094880000,10738,3061
26186,2094880000,2094960000,13976,3850
26187,2094960000,2095040000,12525,3311
26188,2095040000,2095120000,10783,3161
26189,2095120000,2095200000,12183,3337
26190,2095200000,2095280000,13054,3632
26191,2095280000,2095360000,12370,3346
26192,2095360000,2095440000,10744,3037
26193,2095440000,2095520000,14324,3801
26194,2095520000,2095600000,11965,3329
26195,2095600000,2095680000,11808,3295
26196,2095680000,2095760000,11023,3065
26197,2095760000,2095840000,13318,3852
26198,2095840000,2095920000,12127,3313
26199,2095920000,2096000000,10924,3155
26200,2096000000,2096080000,12348,3343
26201,2096080000,2096160000,13358,3632
26202,2096160000,2096240000,12302,3346
26203,2096240000,2096320000,10761,3032
26204,2096320000,2096400000,14091,3799
26205,2096400000,2096480000,12215,3330
26206,2096480000,2096560000,12254,3301
26207,2096560000,2096640000,10459,3066
26208,2096640000,2096720000,12773,3852
26209,2096720000,2096800000,12202,3313
26210,2096800000,2096880000,10768,3155
26211,2096880000,2096960000,11985,3345
26212,2096960000,2097040000,12617,3638
26213,2097040000,2097120000,11574,3353
26214,2097120000,2097200000,10223,3046
26215,2097200000,2097280000,14295,3829
26216,2097280000,2097360000,11824,3339
26217,2097360000,2097440000,11848,3308
26218,2097440000,2097520000,10528,3088
26219,2097520000,2097600000,12761,3871
26220,2097600000,2097680000,11618,3317
26221,2097680000,2097760000,10558,3174
26222,2097760000,2097840000,11600,3363
26223,2097840000,2097920000,12612,3636
26224,2097920000,2098000000,11724,3345
26225,2098000000,2098080000,10299,3029
26226,2098080000,2098160000,14174,3801
26227,2098160000,2098240000,11851,3330
26228,2098240000,2098320000,11751,3300
26229,2098320000,2098400000,10774,3065
26230,2098400000,2098480000,13339,3849
26231,2098480000,2098560000,11749,3307
26232,2098560000,2098640000,10462,3156
26233,2098640000,2098720000,11831,3341
26234,2098720000,2098800000,12968,3639
26235,2098800000,2098880000,12057,3349
26236,2098880000,2098960000,10427,3029
26237,2098960000,2099040000,13572,3795
26238,2099040000,2099120000,12032,3328
26239,2099120000,2099200000,11899,3301
26240,2099200000,2099280000,10818,3066
26241,2099280000,2099360000,13963,3850
26242,2099360000,2099440000,12510,3307
26243,2099440000,2099520000,10948,3159
26244,2099520000,2099600000,11654,3343
26245,2099600000,2099680000,12749,3636
26246,2099680000,2099760000,11948,3350
26247,2099760000,2099840000,10239,3030
26248,2099840000,2099920000,13286,3797
26249,2099920000,2100000000,11747,3329
26250,2100000000,2100080000,11973,3295
26251,2100080000,2100160000,10992,3065
26252,2100160000,2100240000,13753,3855
26253,2100240000,2100320000,12512,3311
26254,2100320000,2100400000,10919,3158
26255,2100400000,2100480000,11864,3343
26256,2100480000,2100560000,12938,3640
26257,2100560000,2100640000,11820,3347
26258,2100640000,2100720000,10508,3037
26259,2100720000,2100800000,14201,3797
26260,2100800000,2100880000,12078,3331
26261,2100880000,2100960000,12293,3296
26262,2100960000,2101040000,11244,3070
26263,2101040000,2101120000,13804,3850
26264,2101120000,2101200000,12552,3313
26265,2101200000,2101280000,11102,3155
26266,2101280000,2101360000,12647,3347
26267,2101360000,2101440000,12718,3630
26268,2101440000,2101520000,11497,3346
26269,2101520000,2101600000,10149,3032
26270,2101600000,2101680000,13566,3795
26271,2101680000,2101760000,11720,3325
26272,2101760000,2101840000,11919,3296
26273,2101840000,2101920000,11032,3066
26274,2101920000,2102000000,13896,3855
26275,2102000000,2102080000,12735,3307
26276,2102080000,2102160000,11306,3160
26277,2102160000,2102240000,12134,3341
26278,2102240000,2102320000,12826,3632
26279,2102320000,2102400000,12238,3347
26280,2102400000,2102480000,10585,3032
26281,2102480000,2102560000,14111,3805
26282,2102560000,2102640000,12182,3325
26283,2102640000,2102720000,12320,3295
26284,2102720000,2102800000,11290,3061
26285,2102800000,2102880000,14784,3853
26286,2102880000,2102960000,12911,3314
26287,2102960000,2103040000,10847,3155
26288,2103040000,2103120000,12020,3341
26289,2103120000,2103200000,13016,3631
26290,2103200000,2103280000,11956,3352
26291,2103280000,2103360000,10385,3031
26292,2103360000,2103440000,13584,3801
26293,2103440000,2103520000,11947,3331
26294,2103520000,2103600000,12309,3296
26295,2103600000,2103680000,11086,3062
26296,2103680000,2103760000,13774,3850
26297,2103760000,2103840000,12500,3306
26298,2103840000,2103920000,10942,3160
26299,2103920000,2104000000,11884,3347
26300,2104000000,2104080000,12748,3641
26301,2104080000,2104160000,11634,3356
26302,2104160000,2104240000,10127,3031
26303,2104240000,2104320000,14112,3801
26304,2104320000,2104400000,11951,3328
26305,2104400000,2104480000,11947,3301
26306,2104480000,2104560000,10796,3062
26307,2104560000,2104640000,13355,3852
26308,2104640000,2104720000,12505,3311
26309,2104720000,2104800000,10818,3161
26310,2104800000,2104880000,11989,3341
26311,2104880000,2104960000,12792,3636
26312,2104960000,2105040000,11693,3349
26313,2105040000,2105120000,10465,3035
26314,2105120000,2105200000,13816,3795
26315,2105200000,2105280000,11864,3329
26316,2105280000,2105360000,12147,3295
26317,2105360000,2105440000,10957,3061
26318,2105440000,2105520000,13426,3846
26319,2105520000,2105600000,12456,3313
26320,2105600000,2105680000,11096,3155
26321,2105680000,2105760000,12484,3347
26322,2105760000,2105840000,13311,3633
26323,2105840000,2105920000,12158,3349
26324,2105920000,2106000000,10671,3033
26325,2106000000,2106080000,13926,3795
26326,2106080000,2106160000,11947,3329
26327,2106160000,2106240000,11747,3296
26328,2106240000,2106320000,11053,3070
26329,2106320000,2106400000,13654,3846
26330,2106400000,2106480000,12418,3308
26331,2106480000,2106560000,11215,3154
26332,2106560000,2106640000,12849,3345
26333,2106640000,2106720000,13183,3636
26334,2106720000,2106800000,12014,3346
26335,2106800000,2106880000,10793,3032
26336,2106880000,2106960000,14064,3799
26337,2106960000,2107040000,11625,3330
26338,2107040000,2107120000,11849,3297
26339,2107120000,2107200000,10879,3066
26340,2107200000,2107280000,13778,3852
26341,2107280000,2107360000,12687,3310
26342,2107360000,2107440000,11234,3154
26343,2107440000,2107520000,12383,3341
26344,2107520000,2107600000,13226,3635
26345,2107600000,2107680000,12269,3354
26346,2107680000,2107760000,10570,3035
26347,2107760000,2107840000,14003,3801
26348,2107840000,2107920000,11642,3330
26349,2107920000,2108000000,11850,3297
26350,2108000000,2108080000,11192,3066
26351,2108080000,2108160000,14039,3853
26352,2108160000,2108240000,12757,3311
26353,2108240000,2108320000,11339,3154
26354,2108320000,2108400000,12719,3343
26355,2108400000,2108480000,14081,3637
26356,2108480000,2108560000,12602,3349
26357,2108560000,2108640000,10999,3032
26358,2108640000,2108720000,14454,3801
26359,2108720000,2108800000,12157,3331
26360,2108800000,2108880000,12244,3299
26361,2108880000,2108960000,11120,3061
26362,2108960000,2109040000,14055,3850
26363,2109040000,2109120000,12935,3308
26364,2109120000,2109200000,11464,3154
26365,2109200000,2109280000,12687,3337
26366,2109280000,2109360000,12974,3638
26367,2109360000,2109440000,11668,3350
26368,2109440000,2109520000,10191,3035
26369,2109520000,2109600000,13611,3799
26370,2109600000,2109680000,11553,3325
26371,2109680000,2109760000,11548,3299
26372,2109760000,2109840000,10521,3079
26373,2109840000,2109920000,13781,3868
26374,2109920000,2110000000,12497,3319
26375,2110000000,2110080000,11197,3181
26376,2110080000,2110160000,12054,3357
26377,2110160000,2110240000,12964,3644
26378,2110240000,2110320000,12517,3353
26379,2110320000,2110400000,10727,3061
26380,2110400000,2110480000,14194,3823
26381,2110480000,2110560000,12089,3335
26382,2110560000,2110640000,12030,3295
26383,2110640000,2110720000,10741,3065
26384,2110720000,2110800000,13299,3852
26385,2110800000,2110880000,12257,3313
26386,2110880000,2110960000,10687,3155
26387,2110960000,2111040000,11705,3343
26388,2111040000,2111120000,12684,3638
26389,2111120000,2111200000,11895,3349
26390,2111200000,2111280000,10572,3032
26391,2111280000,2111360000,13674,3799
26392,2111360000,2111440000,11777,3330
26393,2111440000,2111520000,12092,3301
26394,2111520000,2111600000,10783,3066
26395,2111600000,2111680000,12959,3852
26396,2111680000,2111760000,12265,3313
26397,2111760000,2111840000,10885,3155
26398,2111840000,2111920000,12366,3345
26399,2111920000,2112000000,13343,3632
26400,2112000000,2112080000,12174,3350
26401,2112080000,2112160000,10416,3030
26402,2112160000,2112240000,14377,3805
26403,2112240000,2112320000,12187,3329
26404,2112320000,2112400000,12202,3296
26405,2112400000,2112480000,10357,3066
26406,2112480000,2112560000,12884,3855
26407,2112560000,2112640000,11900,3307
26408,2112640000,2112720000,10607,3156
26409,2112720000,2112800000,11733,3341
26410,2112800000,2112880000,12790,3632
26411,2112880000,2112960000,11830,3346
26412,2112960000,2113040000,10305,3029
26413,2113040000,2113120000,13925,3801
26414,2113120000,2113200000,12143,3330
26415,2113200000,2113280000,12399,3300
26416,2113280000,2113360000,10926,3065
26417,2113360000,2113440000,13757,3849
26418,2113440000,2113520000,12414,3307
26419,2113520000,2113600000,11124,3156
26420,2113600000,2113680000,12238,3341
26421,2113680000,2113760000,13300,3637
26422,2113760000,2113840000,12427,3348
26423,2113840000,2113920000,10566,3029
26424,2113920000,2114000000,14159,3795
26425,2114000000,2114080000,12617,3328
26426,2114080000,2114160000,12274,3301
26427,2114160000,2114240000,10799,3066
26428,2114240000,2114320000,13887,3850
26429,2114320000,2114400000,12757,3307
26430,2114400000,2114480000,11354,3159
26431,2114480000,2114560000,11732,3343
26432,2114560000,2114640000,12527,3640
26433,2114640000,2114720000,11880,3352
26434,2114720000,2114800000,10518,3030
26435,2114800000,2114880000,13798,3797
26436,2114880000,2114960000,12128,3329
26437,2114960000,2115040000,12248,3295
26438,2115040000,2115120000,11161,3065
26439,2115120000,2115200000,14106,3855
26440,2115200000,2115280000,12856,3311
26441,2115280000,2115360000,11071,3158
26442,2115360000,2115440000,12120,3343
26443,2115440000,2115520000,13579,3636
26444,2115520000,2115600000,12397,3345
26445,2115600000,2115680000,10589,3037
26446,2115680000,2115760000,13992,3797
26447,2115760000,2115840000,12066,3331
26448,2115840000,2115920000,12387,3296
26449,2115920000,2116000000,11169,3070
26450,2116000000,2116080000,13864,3850
26451,2116080000,2116160000,12680,3313
26452,2116160000,2116240000,11232,3155
26453,2116240000,2116320000,12271,3347
26454,2116320000,2116400000,12967,3632
26455,2116400000,2116480000,12024,3347
26456,2116480000,2116560000,10625,3032
26457,2116560000,2116640000,14138,3795
26458,2116640000,2116720000,11986,3325
26459,2116720000,2116800000,12091,3296
26460,2116800000,2116880000,10853,3066
26461,2116880000,2116960000,13835,3855
26462,2116960000,2117040000,12847,3307
26463,2117040000,2117120000,11295,3160
26464,2117120000,2117200000,12354,3341
26465,2117200000,2117280000,13018,3630
26466,2117280000,2117360000,12423,3346
26467,2117360000,2117440000,10824,3032
26468,2117440000,2117520000,14213,3805
26469,2117520000,2117600000,12270,3325
26470,2117600000,2117680000,12444,3295
26471,2117680000,2117760000,11052,3061
26472,2117760000,2117840000,14542,3853
26473,2117840000,2117920000,13061,3314
26474,2117920000,2118000000,11103,3155
26475,2118000000,2118080000,11984,3341
26476,2118080000,2118160000,12400,3647
26477,2118160000,2118240000,11189,3360
26478,2118240000,2118320000,9859,3031
26479,2118320000,2118400000,13309,3801
26480,2118400000,2118480000,11291,3331
26481,2118480000,2118560000,11424,3296
26482,2118560000,2118640000,10883,3062
26483,2118640000,2118720000,13578,3850
26484,2118720000,2118800000,11963,3306
26485,2118800000,2118880000,10156,3160
26486,2118880000,2118960000,11717,3347
26487,2118960000,2119040000,12576,3633
26488,2119040000,2119120000,11198,3352
26489,2119120000,2119200000,9823,3031
26490,2119200000,2119280000,13675,3801
26491,2119280000,2119360000,11639,3328
26492,2119360000,2119440000,11765,3301
26493,2119440000,2119520000,10952,3062
26494,2119520000,2119600000,13829,3852
26495,2119600000,2119680000,12707,3311
26496,2119680000,2119760000,10783,3161
26497,2119760000,2119840000,12006,3341
26498,2119840000,2119920000,12660,3638
26499,2119920000,2120000000,11370,3350
26500,2120000000,2120080000,10127,3035
26501,2120080000,2120160000,13473,3795
26502,2120160000,2120240000,11392,3329
26503,2120240000,2120320000,11572,3295
26504,2120320000,2120400000,11115,3061
26505,2120400000,2120480000,13519,3846
26506,2120480000,2120560000,12071,3313
26507,2120560000,2120640000,10478,3155
26508,2120640000,2120720000,12244,3347
26509,2120720000,2120800000,12889,3631
26510,2120800000,2120880000,11606,3348
26511,2120880000,2120960000,10244,3033
26512,2120960000,2121040000,13692,3795
26513,2121040000,2121120000,11944,3329
26514,2121120000,2121200000,11790,3296
26515,2121200000,2121280000,11103,3070
26516,2121280000,2121360000,13893,3846
26517,2121360000,2121440000,12449,3308
26518,2121440000,2121520000,10844,3154
26519,2121520000,2121600000,12944,3345
26520,2121600000,2121680000,12925,3640
26521,2121680000,2121760000,11443,3348
26522,2121760000,2121840000,10394,3032
26523,2121840000,2121920000,14288,3799
26524,2121920000,2122000000,11420,3334
26525,2122000000,2122080000,11194,3311
26526,2122080000,2122160000,10512,3072
26527,2122160000,2122240000,12737,3852
26528,2122240000,2122320000,11606,3310
26529,2122320000,2122400000,10454,3154
26530,2122400000,2122480000,11926,3357
26531,2122480000,2122560000,12535,3645
26532,2122560000,2122640000,11686,3362
26533,2122640000,2122720000,10442,3059
26534,2122720000,2122800000,13643,3823
26535,2122800000,2122880000,10972,3338
26536,2122880000,2122960000,11272,3311
26537,2122960000,2123040000,10775,3088
26538,2123040000,2123120000,13623,3871
26539,2123120000,2123200000,12235,3321
26540,2123200000,2123280000,10711,3170
26541,2123280000,2123360000,12230,3347
26542,2123360000,2123440000,13383,3639
26543,2123440000,2123520000,11890,3350
26544,2123520000,2123600000,10608,3032
26545,2123600000,2123680000,13916,3801
26546,2123680000,2123760000,11271,3331
26547,2123760000,2123840000,11313,3299
26548,2123840000,2123920000,10470,3061
26549,2123920000,2124000000,12980,3850
26550,2124000000,2124080000,11971,3308
26551,2124080000,2124160000,10722,3154
26552,2124160000,2124240000,12030,3337
26553,2124240000,2124320000,12562,3636
26554,2124320000,2124400000,11439,3349
26555,2124400000,2124480000,10168,3035
26556,2124480000,2124560000,14203,3799
26557,2124560000,2124640000,11905,3325
26558,2124640000,2124720000,11526,3299
26559,2124720000,2124800000,10531,3061
26560,2124800000,2124880000,13760,3850
26561,2124880000,2124960000,12426,3311
26562,2124960000,2125040000,10745,3161
26563,2125040000,2125120000,12404,3337
26564,2125120000,2125200000,12626,3636
26565,2125200000,2125280000,11654,3348
26566,2125280000,2125360000,10134,3037
26567,2125360000,2125440000,13779,3801
26568,2125440000,2125520000,11336,3329
26569,2125520000,2125600000,11114,3295
26570,2125600000,2125680000,10540,3065
26571,2125680000,2125760000,12774,3852
26572,2125760000,2125840000,11650,3313
26573,2125840000,2125920000,10487,3155
26574,2125920000,2126000000,11908,3343
26575,2126000000,2126080000,12583,3632
26576,2126080000,2126160000,11604,3346
26577,2126160000,2126240000,10438,3032
26578,2126240000,2126320000,14172,3799
26579,2126320000,2126400000,11880,3330
26580,2126400000,2126480000,11754,3301
26581,2126480000,2126560000,11154,3066
26582,2126560000,2126640000,13694,3852
26583,2126640000,2126720000,12420,3313
26584,2126720000,2126800000,10571,3155
26585,2126800000,2126880000,12266,3345
26586,2126880000,2126960000,12906,3634
26587,2126960000,2127040000,11662,3351
26588,2127040000,2127120000,10382,3030
26589,2127120000,2127200000,14508,3805
26590,2127200000,2127280000,11906,3329
26591,2127280000,2127360000,11711,3296
26592,2127360000,2127440000,11074,3066
26593,2127440000,2127520000,13202,3855
26594,2127520000,2127600000,11623,3307
26595,2127600000,2127680000,10406,3156
26596,2127680000,2127760000,11854,3341
26597,2127760000,2127840000,12860,3630
26598,2127840000,2127920000,11779,3345
26599,2127920000,2128000000,10459,3029
26600,2128000000,2128080000,14440,3801
26601,2128080000,2128160000,12247,3330
26602,2128160000,2128240000,12207,3300
26603,2128240000,2128320000,11518,3065
26604,2128320000,2128400000,13733,3849
26605,2128400000,2128480000,11833,3307
26606,2128480000,2128560000,10582,3156
26607,2128560000,2128640000,11962,3341
26608,2128640000,2128720000,12674,3641
26609,2128720000,2128800000,11640,3350
26610,2128800000,2128880000,10180,3029
26611,2128880000,2128960000,13577,3795
26612,2128960000,2129040000,11992,3328
26613,2129040000,2129120000,11762,3301
26614,2129120000,2129200000,10753,3066
26615,2129200000,2129280000,13584,3850
26616,2129280000,2129360000,12234,3307
26617,2129360000,2129440000,10857,3159
26618,2129440000,2129520000,12026,3343
26619,2129520000,2129600000,12829,3636
26620,2129600000,2129680000,11801,3350
26621,2129680000,2129760000,10666,3030
26622,2129760000,2129840000,14072,3797
26623,2129840000,2129920000,11867,3329
26624,2129920000,2130000000,11734,3295
26625,2130000000,2130080000,10910,3065
26626,2130080000,2130160000,13648,3855
26627,2130160000,2130240000,12369,3311
26628,2130240000,2130320000,10769,3158
26629,2130320000,2130400000,11925,3343
26630,2130400000,2130480000,13299,3638
26631,2130480000,2130560000,12117,3346
26632,2130560000,2130640000,10741,3037
26633,2130640000,2130720000,14317,3797
26634,2130720000,2130800000,11953,3331
26635,2130800000,2130880000,12105,3296
26636,2130880000,2130960000,11302,3070
26637,2130960000,2131040000,13989,3850
26638,2131040000,2131120000,12584,3313
26639,2131120000,2131200000,10961,3155
26640,2131200000,2131280000,12654,3347
26641,2131280000,2131360000,13123,3630
26642,2131360000,2131440000,11900,3346
26643,2131440000,2131520000,10836,3032
26644,2131520000,2131600000,14202,3795
26645,2131600000,2131680000,11700,3325
26646,2131680000,2131760000,11752,3296
26647,2131760000,2131840000,11076,3066
26648,2131840000,2131920000,13769,3855
26649,2131920000,2132000000,12523,3307
26650,2132000000,2132080000,11021,3160
26651,2132080000,2132160000,12073,3341
26652,2132160000,2132240000,12396,3638
26653,2132240000,2132320000,11698,3350
26654,2132320000,2132400000,10287,3032
26655,2132400000,2132480000,14216,3805
26656,2132480000,2132560000,11881,3325
26657,2132560000,2132640000,11698,3295
26658,2132640000,2132720000,11448,3061
26659,2132720000,2132800000,14660,3853
26660,2132800000,2132880000,12590,3314
26661,2132880000,2132960000,10690,3155
26662,2132960000,2133040000,12714,3341
26663,2133040000,2133120000,13066,3631
26664,2133120000,2133200000,11393,3352
26665,2133200000,2133280000,10069,3031
26666,2133280000,2133360000,13576,3801
26667,2133360000,2133440000,11683,3331
26668,2133440000,2133520000,11891,3296
26669,2133520000,2133600000,11398,3062
26670,2133600000,2133680000,14004,3850
26671,2133680000,2133760000,12407,3306
26672,2133760000,2133840000,10924,3160
26673,2133840000,2133920000,12357,3347
26674,2133920000,2134000000,13026,3635
26675,2134000000,2134080000,11708,3353
26676,2134080000,2134160000,10364,3031
26677,2134160000,2134240000,14540,3801
26678,2134240000,2134320000,12239,3328
26679,2134320000,2134400000,12082,3301
26680,2134400000,2134480000,11732,3062
26681,2134480000,2134560000,14408,3852
26682,2134560000,2134640000,13105,3311
26683,2134640000,2134720000,11425,3161
26684,2134720000,2134800000,11788,3341
26685,2134800000,2134880000,11917,3636
26686,2134880000,2134960000,11164,3349
26687,2134960000,2135040000,9925,3035
26688,2135040000,2135120000,12997,3795
26689,2135120000,2135200000,11169,3333
26690,2135200000,2135280000,11609,3307
26691,2135280000,2135360000,10467,3083
26692,2135360000,2135440000,13134,3862
26693,2135440000,2135520000,12102,3323
26694,2135520000,2135600000,10411,3171
26695,2135600000,2135680000,11539,3371
26696,2135680000,2135760000,12251,3649
26697,2135760000,2135840000,11338,3360
26698,2135840000,2135920000,9838,3055
26699,2135920000,2136000000,12811,3799
26700,2136000000,2136080000,11201,3329
26701,2136080000,2136160000,11229,3296
26702,2136160000,2136240000,10693,3070
26703,2136240000,2136320000,13058,3846
26704,2136320000,2136400000,11699,3308
26705,2136400000,2136480000,10467,3154
26706,2136480000,2136560000,12036,3345
26707,2136560000,2136640000,12564,3636
26708,2136640000,2136720000,11541,3346
26709,2136720000,2136800000,10125,3032
26710,2136800000,2136880000,13352,3799
26711,2136880000,2136960000,11186,3330
26712,2136960000,2137040000,11416,3297
26713,2137040000,2137120000,10339,3066
26714,2137120000,2137200000,12919,3852
26715,2137200000,2137280000,11914,3310
26716,2137280000,2137360000,10620,3154
26717,2137360000,2137440000,11554,3341
26718,2137440000,2137520000,12303,3633
26719,2137520000,2137600000,11693,3353
26720,2137600000,2137680000,10444,3035
26721,2137680000,2137760000,13803,3801
26722,2137760000,2137840000,11023,3330
26723,2137840000,2137920000,11122,3297
26724,2137920000,2138000000,10365,3066
26725,2138000000,2138080000,13106,3853
26726,2138080000,2138160000,11990,3311
26727,2138160000,2138240000,10702,3154
26728,2138240000,2138320000,11763,3343
26729,2138320000,2138400000,13012,3637
26730,2138400000,2138480000,11897,3349
26731,2138480000,2138560000,10377,3032
26732,2138560000,2138640000,13434,3801
26733,2138640000,2138720000,11197,3331
26734,2138720000,2138800000,11482,3299
26735,2138800000,2138880000,10255,3061
26736,2138880000,2138960000,13031,3850
26737,2138960000,2139040000,12119,3308
26738,2139040000,2139120000,10676,3154
26739,2139120000,2139200000,11556,3337
26740,2139200000,2139280000,12487,3642
26741,2139280000,2139360000,11606,3352
26742,2139360000,2139440000,10506,3035
26743,2139440000,2139520000,13860,3799
26744,2139520000,2139600000,11474,3325
26745,2139600000,2139680000,11382,3299
26746,2139680000,2139760000,10660,3061
26747,2139760000,2139840000,13447,3850
26748,2139840000,2139920000,12005,3311
26749,2139920000,2140000000,10604,3161
26750,2140000000,2140080000,11895,3337
26751,2140080000,2140160000,12816,3630
26752,2140160000,2140240000,12186,3345
26753,2140240000,2140320000,10395,3037
26754,2140320000,2140400000,13759,3801
26755,2140400000,2140480000,11653,3329
26756,2140480000,2140560000,11720,3295
26757,2140560000,2140640000,10523,3065
26758,2140640000,2140720000,12731,3852
26759,2140720000,2140800000,11753,3313
26760,2140800000,2140880000,10502,3155
26761,2140880000,2140960000,11992,3343
26762,2140960000,2141040000,12533,3634
26763,2141040000,2141120000,11471,3347
26764,2141120000,2141200000,10153,3032
26765,2141200000,2141280000,13319,3799
26766,2141280000,2141360000,11435,3330
26767,2141360000,2141440000,11688,3301
26768,2141440000,2141520000,10505,3066
26769,2141520000,2141600000,12936,3852
26770,2141600000,2141680000,12132,3313
26771,2141680000,2141760000,10620,3155
26772,2141760000,2141840000,11877,3345
26773,2141840000,2141920000,12753,3632
26774,2141920000,2142000000,11757,3350
26775,2142000000,2142080000,10123,3030
26776,2142080000,2142160000,14019,3805
26777,2142160000,2142240000,11811,3329
26778,2142240000,2142320000,11800,3296
26779,2142320000,2142400000,10638,3066
26780,2142400000,2142480000,13392,3855
26781,2142480000,2142560000,12142,3307
26782,2142560000,2142640000,10872,3156
26783,2142640000,2142720000,11868,3341
26784,2142720000,2142800000,12698,3634
26785,2142800000,2142880000,11655,3347
26786,2142880000,2142960000,10101,3029
26787,2142960000,2143040000,13600,3801
26788,2143040000,2143120000,11657,3330
26789,2143120000,2143200000,11850,3300
26790,2143200000,2143280000,10750,3065
26791,2143280000,2143360000,13528,3849
26792,2143360000,2143440000,12006,3307
26793,2143440000,2143520000,10623,3156
26794,2143520000,2143600000,12190,3341
26795,2143600000,2143680000,13056,3637
26796,2143680000,2143760000,11971,3348
26797,2143760000,2143840000,10206,3029
26798,2143840000,2143920000,13582,3795
26799,2143920000,2144000000,12165,3328
26800,2144000000,2144080000,11777,3337
26801,2144080000,2144160000,5707,1994
26802,2144160000,2144240000,5392,1950
26803,2144240000,2144320000,5257,2018
26804,2144320000,2144400000,6770,2396
26805,2144400000,2144480000,6527,2006
26806,2144480000,2144560000,3,3
