window_index,start_ps,end_ps,toggled_bits,toggle_events
0,0,80000,789609,394587
1,80000,160000,5579,2228
2,160000,240000,7228,2256
3,240000,320000,10448,2561
4,320000,400000,7855,2345
5,400000,480000,9918,2449
6,480000,560000,12893,2530
7,560000,640000,12348,2545
8,640000,720000,11367,2575
9,720000,800000,14635,2776
10,800000,880000,15918,3479
11,880000,960000,13066,2670
12,960000,1040000,18999,3537
13,1040000,1120000,19994,3812
14,1120000,1200000,16439,3526
15,1200000,1280000,12879,2413
16,1280000,1360000,22033,4058
17,1360000,1440000,24095,4278
18,1440000,1520000,15940,3405
19,1520000,1600000,13558,2604
20,1600000,1680000,22587,4089
21,1680000,1760000,20796,3940
22,1760000,1840000,16576,3517
23,1840000,1920000,14431,2829
24,1920000,2000000,21854,4090
25,2000000,2080000,20072,3664
26,2080000,2160000,16310,3438
27,2160000,2240000,16509,3178
28,2240000,2320000,23163,4096
29,2320000,2400000,18316,3656
30,2400000,2480000,15928,3207
31,2480000,2560000,18046,3400
32,2560000,2640000,22269,4099
33,2640000,2720000,18412,3633
34,2720000,2800000,15477,3108
35,2800000,2880000,18983,3532
36,2880000,2960000,23117,4202
37,2960000,3040000,17146,3618
38,3040000,3120000,13572,2694
39,3120000,3200000,20360,3863
40,3200000,3280000,23085,4232
41,3280000,3360000,17265,3603
42,3360000,3440000,13180,2483
43,3440000,3520000,22027,4071
44,3520000,3600000,23442,4370
45,3600000,3680000,16735,3524
46,3680000,3760000,13059,2413
47,3760000,3840000,21872,4061
48,3840000,3920000,24046,4283
49,3920000,4000000,16288,3405
50,4000000,4080000,14086,2604
51,4080000,4160000,22149,4100
52,4160000,4240000,20675,3933
53,4240000,4320000,16755,3517
54,4320000,4400000,14798,2829
55,4400000,4480000,22012,4090
56,4480000,4560000,19301,3684
57,4560000,4640000,16541,3438
58,4640000,4720000,17535,3178
59,4720000,4800000,22802,4107
60,4800000,4880000,18801,3669
61,4880000,4960000,16168,3207
62,4960000,5040000,18255,3400
63,5040000,5120000,23876,4102
64,5120000,5200000,18679,3638
65,5200000,5280000,15845,3108
66,5280000,5360000,19339,3532
67,5360000,5440000,22549,4201
68,5440000,5520000,17096,3613
69,5520000,5600000,13549,2694
70,5600000,5680000,19800,3864
71,5680000,5760000,23313,4228
72,5760000,5840000,17124,3600
73,5840000,5920000,13261,2483
74,5920000,6000000,21761,4070
75,6000000,6080000,23834,4376
76,6080000,6160000,16789,3525
77,6160000,6240000,13199,2413
78,6240000,6320000,22251,4058
79,6320000,6400000,24267,4278
80,6400000,6480000,16176,3405
81,6480000,6560000,14033,2604
82,6560000,6640000,22801,4089
83,6640000,6720000,21392,3934
84,6720000,6800000,16772,3517
85,6800000,6880000,14610,2829
86,6880000,6960000,21665,4093
87,6960000,7040000,19784,3661
88,7040000,7120000,16580,3438
89,7120000,7200000,17616,3178
90,7200000,7280000,23532,4096
91,7280000,7360000,18853,3656
92,7360000,7440000,16399,3207
93,7440000,7520000,18534,3400
94,7520000,7600000,23256,4099
95,7600000,7680000,18500,3639
96,7680000,7760000,15762,3108
97,7760000,7840000,19268,3532
98,7840000,7920000,23236,4206
99,7920000,8000000,17407,3624
100,8000000,8080000,14019,2694
101,8080000,8160000,21001,3863
102,8160000,8240000,23648,4232
103,8240000,8320000,17494,3603
104,8320000,8400000,13522,2483
105,8400000,8480000,22067,4071
106,8480000,8560000,23490,4376
107,8560000,8640000,17140,3524
108,8640000,8720000,13518,2413
109,8720000,8800000,22452,4061
110,8800000,8880000,23987,4283
111,8880000,8960000,16439,3405
112,8960000,9040000,14092,2604
113,9040000,9120000,22818,4100
114,9120000,9200000,20863,3933
115,9200000,9280000,16688,3517
116,9280000,9360000,14530,2829
117,9360000,9440000,21885,4084
118,9440000,9520000,20266,3672
119,9520000,9600000,16435,3438
120,9600000,9680000,17157,3178
121,9680000,9760000,23017,4101
122,9760000,9840000,18636,3663
123,9840000,9920000,15422,3207
124,9920000,10000000,17317,3400
125,10000000,10080000,22823,4102
126,10080000,10160000,18429,3638
127,10160000,10240000,14759,3108
128,10240000,10320000,18243,3532
129,10320000,10400000,21912,4201
130,10400000,10480000,16702,3613
131,10480000,10560000,13157,2694
132,10560000,10640000,19625,3864
133,10640000,10720000,23664,4220
134,10720000,10800000,17090,3600
135,10800000,10880000,13102,2483
136,10880000,10960000,21773,4070
137,10960000,11040000,24214,4370
138,11040000,11120000,16600,3525
139,11120000,11200000,12785,2413
140,11200000,11280000,21689,4058
141,11280000,11360000,24164,4278
142,11360000,11440000,15725,3405
143,11440000,11520000,13247,2604
144,11520000,11600000,21823,4095
145,11600000,11680000,20673,3934
146,11680000,11760000,16150,3517
147,11760000,11840000,14372,2829
148,11840000,11920000,22075,4087
149,11920000,12000000,20249,3667
150,12000000,12080000,15932,3438
151,12080000,12160000,16378,3178
152,12160000,12240000,22991,4102
153,12240000,12320000,18435,3656
154,12320000,12400000,15335,3207
155,12400000,12480000,17715,3400
156,12480000,12560000,23704,4105
157,12560000,12640000,18671,3633
158,12640000,12720000,15115,3108
159,12720000,12800000,18457,3532
160,12800000,12880000,22328,4206
161,12880000,12960000,17291,3618
162,12960000,13040000,13261,2694
163,13040000,13120000,20183,3863
164,13120000,13200000,23740,4229
165,13200000,13280000,17030,3606
166,13280000,13360000,13169,2483
167,13360000,13440000,21926,4071
168,13440000,13520000,24179,4370
169,13520000,13600000,16658,3524
170,13600000,13680000,13106,2413
171,13680000,13760000,22221,4061
172,13760000,13840000,25157,4283
173,13840000,13920000,16266,3405
174,13920000,14000000,14096,2604
175,14000000,14080000,22602,4094
176,14080000,14160000,20907,3933
177,14160000,14240000,16662,3517
178,14240000,14320000,14756,2829
179,14320000,14400000,22312,4084
180,14400000,14480000,20217,3684
181,14480000,14560000,16009,3438
182,14560000,14640000,17213,3178
183,14640000,14720000,23459,4101
184,14720000,14800000,18794,3669
185,14800000,14880000,15590,3207
186,14880000,14960000,17750,3400
187,14960000,15040000,24131,4102
188,15040000,15120000,18591,3638
189,15120000,15200000,14947,3108
190,15200000,15280000,18269,3532
191,15280000,15360000,22788,4201
192,15360000,15440000,16981,3613
193,15440000,15520000,13270,2694
194,15520000,15600000,19765,3864
195,15600000,15680000,22929,4220
196,15680000,15760000,16881,3600
197,15760000,15840000,13258,2483
198,15840000,15920000,21608,4070
199,15920000,16000000,24032,4370
200,16000000,16080000,16486,3525
201,16080000,16160000,12958,2413
202,16160000,16240000,21874,4058
203,16240000,16320000,24339,4284
204,16320000,16400000,15958,3405
205,16400000,16480000,14098,2604
206,16480000,16560000,23025,4095
207,16560000,16640000,20873,3934
208,16640000,16720000,16570,3517
209,16720000,16800000,14617,2829
210,16800000,16880000,22423,4093
211,16880000,16960000,20488,3661
212,16960000,17040000,16320,3438
213,17040000,17120000,17220,3178
214,17120000,17200000,23224,4102
215,17200000,17280000,18603,3656
216,17280000,17360000,15710,3207
217,17360000,17440000,18117,3400
218,17440000,17520000,22935,4099
219,17520000,17600000,18174,3633
220,17600000,17680000,15345,3108
221,17680000,17760000,18940,3532
222,17760000,17840000,22717,4194
223,17840000,17920000,17274,3618
224,17920000,18000000,13592,2694
225,18000000,18080000,20477,3863
226,18080000,18160000,23104,4226
227,18160000,18240000,17268,3603
228,18240000,18320000,13669,2483
229,18320000,18400000,22650,4077
230,18400000,18480000,24535,4370
231,18480000,18560000,16882,3524
232,18560000,18640000,13376,2413
233,18640000,18720000,21788,4061
234,18720000,18800000,23561,4289
235,18800000,18880000,16069,3405
236,18880000,18960000,14185,2604
237,18960000,19040000,22760,4100
238,19040000,19120000,21261,3939
239,19120000,19200000,16576,3517
240,19200000,19280000,14791,2829
241,19280000,19360000,22385,4084
242,19360000,19440000,20330,3672
243,19440000,19520000,16421,3438
244,19520000,19600000,17583,3178
245,19600000,19680000,23090,4101
246,19680000,19760000,18564,3663
247,19760000,19840000,15303,3207
248,19840000,19920000,16895,3400
249,19920000,20000000,23647,4111
250,20000000,20080000,18076,3641
251,20080000,20160000,14744,3108
252,20160000,20240000,17857,3532
253,20240000,20320000,23100,4195
254,20320000,20400000,16982,3613
255,20400000,20480000,13149,2694
256,20480000,20560000,19907,3864
257,20560000,20640000,22975,4220
258,20640000,20720000,16950,3600
259,20720000,20800000,12997,2483
260,20800000,20880000,21560,4070
261,20880000,20960000,23873,4376
262,20960000,21040000,16379,3525
263,21040000,21120000,12753,2413
264,21120000,21200000,21601,4064
265,21200000,21280000,23834,4284
266,21280000,21360000,15848,3405
267,21360000,21440000,13613,2604
268,21440000,21520000,22535,4089
269,21520000,21600000,20360,3934
270,21600000,21680000,16327,3517
271,21680000,21760000,14544,2829
272,21760000,21840000,21886,4087
273,21840000,21920000,19794,3661
274,21920000,22000000,16194,3438
275,22000000,22080000,16185,3178
276,22080000,22160000,23428,4096
277,22160000,22240000,18347,3656
278,22240000,22320000,15513,3207
279,22320000,22400000,17484,3400
280,22400000,22480000,21773,4099
281,22480000,22560000,18089,3633
282,22560000,22640000,14996,3108
283,22640000,22720000,18185,3532
284,22720000,22800000,21875,4200
285,22800000,22880000,16674,3618
286,22880000,22960000,13360,2694
287,22960000,23040000,19820,3863
288,23040000,23120000,22567,4226
289,23120000,23200000,16861,3603
290,23200000,23280000,12807,2483
291,23280000,23360000,21229,4071
292,23360000,23440000,23634,4380
293,23440000,23520000,16403,3524
294,23520000,23600000,12740,2413
295,23600000,23680000,21487,4067
296,23680000,23760000,24146,4289
297,23760000,23840000,16202,3405
298,23840000,23920000,13752,2604
299,23920000,24000000,21930,4094
300,24000000,24080000,20456,3933
301,24080000,24160000,16592,3517
302,24160000,24240000,14678,2829
303,24240000,24320000,21811,4084
304,24320000,24400000,19804,3672
305,24400000,24480000,16213,3438
306,24480000,24560000,16677,3178
307,24560000,24640000,22743,4101
308,24640000,24720000,18684,3663
309,24720000,24800000,15799,3207
310,24800000,24880000,17646,3400
311,24880000,24960000,22393,4102
312,24960000,25040000,18471,3638
313,25040000,25120000,15390,3108
314,25120000,25200000,18790,3532
315,25200000,25280000,22431,4195
316,25280000,25360000,17366,3613
317,25360000,25440000,13174,2694
318,25440000,25520000,19943,3864
319,25520000,25600000,23627,4220
320,25600000,25680000,17261,3600
321,25680000,25760000,12997,2483
322,25760000,25840000,21645,4070
323,25840000,25920000,24005,4370
324,25920000,26000000,16329,3525
325,26000000,26080000,12779,2413
326,26080000,26160000,21686,4058
327,26160000,26240000,23874,4278
328,26240000,26320000,15982,3405
329,26320000,26400000,13830,2604
330,26400000,26480000,22436,4089
331,26480000,26560000,19903,3934
332,26560000,26640000,16505,3517
333,26640000,26720000,14148,2829
334,26720000,26800000,21413,4093
335,26800000,26880000,19954,3661
336,26880000,26960000,16052,3438
337,26960000,27040000,16942,3178
338,27040000,27120000,23043,4102
339,27120000,27200000,18340,3662
340,27200000,27280000,15977,3207
341,27280000,27360000,18294,3400
342,27360000,27440000,23571,4099
343,27440000,27520000,18175,3633
344,27520000,27600000,15729,3108
345,27600000,27680000,19067,3532
346,27680000,27760000,22720,4194
347,27760000,27840000,17283,3618
348,27840000,27920000,13729,2694
349,27920000,28000000,20633,3863
350,28000000,28080000,23516,4240
351,28080000,28160000,17203,3603
352,28160000,28240000,13291,2483
353,28240000,28320000,21841,4071
354,28320000,28400000,23446,4370
355,28400000,28480000,16531,3524
356,28480000,28560000,13160,2413
357,28560000,28640000,22042,4061
358,28640000,28720000,23940,4283
359,28720000,28800000,15954,3405
360,28800000,28880000,13865,2604
361,28880000,28960000,22520,4094
362,28960000,29040000,20842,3933
363,29040000,29120000,16544,3517
364,29120000,29200000,14424,2829
365,29200000,29280000,22347,4084
366,29280000,29360000,20275,3672
367,29360000,29440000,16018,3438
368,29440000,29520000,16264,3178
369,29520000,29600000,21907,4101
370,29600000,29680000,18478,3663
371,29680000,29760000,15389,3207
372,29760000,29840000,17482,3400
373,29840000,29920000,23452,4102
374,29920000,30000000,18178,3638
375,30000000,30080000,15008,3108
376,30080000,30160000,18437,3532
377,30160000,30240000,22414,4195
378,30240000,30320000,16850,3613
379,30320000,30400000,13267,2694
380,30400000,30480000,20031,3864
381,30480000,30560000,23651,4220
382,30560000,30640000,17420,3600
383,30640000,30720000,13037,2483
384,30720000,30800000,22205,4070
385,30800000,30880000,24205,4370
386,30880000,30960000,16477,3525
387,30960000,31040000,12645,2413
388,31040000,31120000,20877,4058
389,31120000,31200000,23325,4284
390,31200000,31280000,15753,3405
391,31280000,31360000,13105,2604
392,31360000,31440000,22482,4089
393,31440000,31520000,20961,3934
394,31520000,31600000,16055,3517
395,31600000,31680000,14126,2829
396,31680000,31760000,22524,4087
397,31760000,31840000,20438,3661
398,31840000,31920000,16072,3438
399,31920000,32000000,16581,3178
400,32000000,32080000,23217,4096
401,32080000,32160000,18509,3656
402,32160000,32240000,15434,3207
403,32240000,32320000,17165,3400
404,32320000,32400000,22865,4105
405,32400000,32480000,17864,3639
406,32480000,32560000,14986,3108
407,32560000,32640000,18497,3532
408,32640000,32720000,23457,4194
409,32720000,32800000,16959,3618
410,32800000,32880000,13261,2694
411,32880000,32960000,19901,3863
412,32960000,33040000,23780,4226
413,33040000,33120000,17151,3603
414,33120000,33200000,12978,2483
415,33200000,33280000,21403,4071
416,33280000,33360000,23196,4370
417,33360000,33440000,16601,3524
418,33440000,33520000,12770,2413
419,33520000,33600000,21664,4061
420,33600000,33680000,24299,4283
421,33680000,33760000,15938,3405
422,33760000,33840000,13573,2604
423,33840000,33920000,22447,4094
424,33920000,34000000,20745,3933
425,34000000,34080000,16462,3517
426,34080000,34160000,14366,2829
427,34160000,34240000,22273,4084
428,34240000,34320000,19918,3678
429,34320000,34400000,16249,3438
430,34400000,34480000,16917,3178
431,34480000,34560000,22799,4101
432,34560000,34640000,18849,3663
433,34640000,34720000,15750,3207
434,34720000,34800000,18070,3400
435,34800000,34880000,22681,4102
436,34880000,34960000,18424,3638
437,34960000,35040000,15317,3108
438,35040000,35120000,18432,3532
439,35120000,35200000,23160,4207
440,35200000,35280000,17194,3613
441,35280000,35360000,13552,2694
442,35360000,35440000,20451,3864
443,35440000,35520000,23711,4220
444,35520000,35600000,17104,3600
445,35600000,35680000,13164,2483
446,35680000,35760000,21808,4070
447,35760000,35840000,24551,4379
448,35840000,35920000,16758,3528
449,35920000,36000000,12917,2413
450,36000000,36080000,21462,4058
451,36080000,36160000,23548,4278
452,36160000,36240000,16134,3405
453,36240000,36320000,13711,2604
454,36320000,36400000,22900,4089
455,36400000,36480000,20742,3934
456,36480000,36560000,16665,3517
457,36560000,36640000,14589,2829
458,36640000,36720000,22247,4093
459,36720000,36800000,19972,3667
460,36800000,36880000,16287,3438
461,36880000,36960000,16781,3178
462,36960000,37040000,22976,4096
463,37040000,37120000,18398,3656
464,37120000,37200000,15628,3207
465,37200000,37280000,17983,3400
466,37280000,37360000,22678,4105
467,37360000,37440000,18392,3639
468,37440000,37520000,15372,3108
469,37520000,37600000,19125,3532
470,37600000,37680000,22503,4194
471,37680000,37760000,17426,3624
472,37760000,37840000,13528,2694
473,37840000,37920000,20473,3863
474,37920000,38000000,24305,4226
475,38000000,38080000,17408,3603
476,38080000,38160000,13283,2483
477,38160000,38240000,22242,4071
478,38240000,38320000,23620,4370
479,38320000,38400000,16678,3524
480,38400000,38480000,12631,2413
481,38480000,38560000,21739,4061
482,38560000,38640000,24073,4283
483,38640000,38720000,16252,3405
484,38720000,38800000,13633,2604
485,38800000,38880000,23037,4096
486,38880000,38960000,21242,3941
487,38960000,39040000,16659,3517
488,39040000,39120000,13988,2829
489,39120000,39200000,22838,4084
490,39200000,39280000,20733,3672
491,39280000,39360000,16213,3438
492,39360000,39440000,17000,3178
493,39440000,39520000,22883,4107
494,39520000,39600000,18813,3663
495,39600000,39680000,15926,3207
496,39680000,39760000,17751,3400
497,39760000,39840000,23136,4102
498,39840000,39920000,18138,3638
499,39920000,40000000,15478,3108
500,40000000,40080000,19006,3532
501,40080000,40160000,23008,4195
502,40160000,40240000,17456,3613
503,40240000,40320000,13797,2694
504,40320000,40400000,20842,3864
505,40400000,40480000,22981,4220
506,40480000,40560000,17462,3600
507,40560000,40640000,13151,2483
508,40640000,40720000,21817,4070
509,40720000,40800000,24220,4370
510,40800000,40880000,16905,3525
511,40880000,40960000,13235,2413
512,40960000,41040000,22055,4058
513,41040000,41120000,23749,4278
514,41120000,41200000,16311,3405
515,41200000,41280000,13567,2604
516,41280000,41360000,22736,4089
517,41360000,41440000,20995,3934
518,41440000,41520000,16803,3517
519,41520000,41600000,14585,2829
520,41600000,41680000,22247,4093
521,41680000,41760000,20102,3661
522,41760000,41840000,16441,3438
523,41840000,41920000,16504,3178
524,41920000,42000000,23127,4096
525,42000000,42080000,19143,3656
526,42080000,42160000,15953,3207
527,42160000,42240000,18098,3400
528,42240000,42320000,23180,4108
529,42320000,42400000,18114,3636
530,42400000,42480000,15477,3108
531,42480000,42560000,18685,3532
532,42560000,42640000,23282,4194
533,42640000,42720000,17362,3618
534,42720000,42800000,13699,2694
535,42800000,42880000,20494,3863
536,42880000,42960000,23216,4226
537,42960000,43040000,17531,3603
538,43040000,43120000,13230,2483
539,43120000,43200000,22361,4071
540,43200000,43280000,24383,4376
541,43280000,43360000,16822,3524
542,43360000,43440000,12900,2413
543,43440000,43520000,22000,4061
544,43520000,43600000,24068,4283
545,43600000,43680000,16490,3405
546,43680000,43760000,14028,2604
547,43760000,43840000,22637,4094
548,43840000,43920000,21486,3933
549,43920000,44000000,17080,3517
550,44000000,44080000,15010,2829
551,44080000,44160000,23350,4084
552,44160000,44240000,20280,3672
553,44240000,44320000,16812,3438
554,44320000,44400000,17372,3178
555,44400000,44480000,22960,4113
556,44480000,44560000,19175,3663
557,44560000,44640000,16068,3207
558,44640000,44720000,17913,3400
559,44720000,44800000,23834,4102
560,44800000,44880000,18634,3638
561,44880000,44960000,15586,3108
562,44960000,45040000,19024,3532
563,45040000,45120000,22770,4195
564,45120000,45200000,17389,3613
565,45200000,45280000,13757,2694
566,45280000,45360000,20395,3864
567,45360000,45440000,23646,4220
568,45440000,45520000,17488,3600
569,45520000,45600000,12969,2483
570,45600000,45680000,21642,4070
571,45680000,45760000,23392,4370
572,45760000,45840000,16543,3525
573,45840000,45920000,12768,2413
574,45920000,46000000,22064,4058
575,46000000,46080000,23432,4278
576,46080000,46160000,16080,3405
577,46160000,46240000,13730,2604
578,46240000,46320000,22650,4089
579,46320000,46400000,21022,3934
580,46400000,46480000,16574,3517
581,46480000,46560000,14465,2829
582,46560000,46640000,22848,4087
583,46640000,46720000,20287,3667
584,46720000,46800000,16270,3438
585,46800000,46880000,17389,3178
586,46880000,46960000,22612,4096
587,46960000,47040000,18512,3656
588,47040000,47120000,16031,3207
589,47120000,47200000,18637,3400
590,47200000,47280000,23416,4105
591,47280000,47360000,18393,3633
592,47360000,47440000,15515,3108
593,47440000,47520000,19304,3532
594,47520000,47600000,23070,4200
595,47600000,47680000,17684,3618
596,47680000,47760000,13811,2694
597,47760000,47840000,20880,3863
598,47840000,47920000,23707,4226
599,47920000,48000000,17440,3603
600,48000000,48080000,13064,2483
601,48080000,48160000,21860,4071
602,48160000,48240000,23808,4370
603,48240000,48320000,16676,3524
604,48320000,48400000,12906,2413
605,48400000,48480000,21984,4061
606,48480000,48560000,23822,4283
607,48560000,48640000,16146,3405
608,48640000,48720000,13885,2604
609,48720000,48800000,22866,4094
610,48800000,48880000,21051,3933
611,48880000,48960000,16742,3517
612,48960000,49040000,14427,2829
613,49040000,49120000,22413,4084
614,49120000,49200000,19915,3672
615,49200000,49280000,16393,3438
616,49280000,49360000,17298,3178
617,49360000,49440000,23100,4107
618,49440000,49520000,18875,3669
619,49520000,49600000,15947,3207
620,49600000,49680000,18249,3400
621,49680000,49760000,23812,4102
622,49760000,49840000,18406,3638
623,49840000,49920000,15501,3108
624,49920000,50000000,18856,3532
625,50000000,50080000,22415,4195
626,50080000,50160000,17201,3613
627,50160000,50240000,13527,2694
628,50240000,50320000,20581,3864
629,50320000,50400000,23993,4232
630,50400000,50480000,17370,3600
631,50480000,50560000,13397,2483
632,50560000,50640000,22353,4070
633,50640000,50720000,23899,4370
634,50720000,50800000,16903,3525
635,50800000,50880000,13235,2413
636,50880000,50960000,21882,4058
637,50960000,51040000,23641,4278
638,51040000,51120000,16383,3405
639,51120000,51200000,13781,2604
640,51200000,51280000,22649,4089
641,51280000,51360000,21579,3934
642,51360000,51440000,16782,3517
643,51440000,51520000,15069,2829
644,51520000,51600000,22524,4087
645,51600000,51680000,19414,3661
646,51680000,51760000,16698,3438
647,51760000,51840000,17103,3178
648,51840000,51920000,23073,4096
649,51920000,52000000,18741,3656
650,52000000,52080000,16167,3207
651,52080000,52160000,18507,3400
652,52160000,52240000,23292,4099
653,52240000,52320000,18379,3633
654,52320000,52400000,15567,3108
655,52400000,52480000,19326,3532
656,52480000,52560000,23560,4194
657,52560000,52640000,16974,3618
658,52640000,52720000,13484,2694
659,52720000,52800000,19618,3863
660,52800000,52880000,23233,4226
661,52880000,52960000,16885,3603
662,52960000,53040000,13185,2483
663,53040000,53120000,21599,4071
664,53120000,53200000,23342,4379
665,53200000,53280000,16213,3527
666,53280000,53360000,13111,2413
667,53360000,53440000,21219,4061
668,53440000,53520000,24266,4293
669,53520000,53600000,15951,3405
670,53600000,53680000,13794,2604
671,53680000,53760000,21932,4094
672,53760000,53840000,20302,3933
673,53840000,53920000,16427,3517
674,53920000,54000000,14455,2829
675,54000000,54080000,21762,4084
676,54080000,54160000,19372,3672
677,54160000,54240000,16232,3438
678,54240000,54320000,16935,3178
679,54320000,54400000,22590,4101
680,54400000,54480000,18572,3663
681,54480000,54560000,15628,3207
682,54560000,54640000,17565,3400
683,54640000,54720000,22722,4102
684,54720000,54800000,18301,3638
685,54800000,54880000,15144,3108
686,54880000,54960000,18272,3532
687,54960000,55040000,22741,4195
688,55040000,55120000,17184,3613
689,55120000,55200000,13399,2694
690,55200000,55280000,19769,3864
691,55280000,55360000,22746,4220
692,55360000,55440000,17155,3600
693,55440000,55520000,13267,2483
694,55520000,55600000,21937,4070
695,55600000,55680000,24370,4370
696,55680000,55760000,16320,3525
697,55760000,55840000,12917,2413
698,55840000,55920000,21375,4058
699,55920000,56000000,23479,4278
700,56000000,56080000,15846,3405
701,56080000,56160000,13870,2604
702,56160000,56240000,22298,4089
703,56240000,56320000,21018,3934
704,56320000,56400000,16561,3517
705,56400000,56480000,14636,2829
706,56480000,56560000,22634,4087
707,56560000,56640000,19932,3661
708,56640000,56720000,16241,3438
709,56720000,56800000,17041,3178
710,56800000,56880000,22966,4102
711,56880000,56960000,18513,3656
712,56960000,57040000,15698,3207
713,57040000,57120000,17613,3400
714,57120000,57200000,22523,4111
715,57200000,57280000,17510,3633
716,57280000,57360000,15335,3108
717,57360000,57440000,18411,3532
718,57440000,57520000,22231,4206
719,57520000,57600000,17066,3618
720,57600000,57680000,13655,2694
721,57680000,57760000,20077,3863
722,57760000,57840000,23237,4226
723,57840000,57920000,17329,3603
724,57920000,58000000,13434,2483
725,58000000,58080000,22180,4071
726,58080000,58160000,23041,4370
727,58160000,58240000,16483,3524
728,58240000,58320000,12896,2413
729,58320000,58400000,21156,4061
730,58400000,58480000,22957,4283
731,58480000,58560000,15902,3405
732,58560000,58640000,13814,2604
733,58640000,58720000,22137,4094
734,58720000,58800000,20597,3933
735,58800000,58880000,16535,3517
736,58880000,58960000,13893,2829
737,58960000,59040000,22299,4090
738,59040000,59120000,20277,3672
739,59120000,59200000,15988,3438
740,59200000,59280000,16509,3178
741,59280000,59360000,22944,4101
742,59360000,59440000,18699,3663
743,59440000,59520000,15162,3207
744,59520000,59600000,16993,3400
745,59600000,59680000,23031,4102
746,59680000,59760000,18321,3638
747,59760000,59840000,14786,3108
748,59840000,59920000,18042,3532
749,59920000,60000000,22816,4195
750,60000000,60080000,16842,3613
751,60080000,60160000,13137,2694
752,60160000,60240000,19614,3864
753,60240000,60320000,22012,4220
754,60320000,60400000,17043,3600
755,60400000,60480000,12986,2483
756,60480000,60560000,21542,4070
757,60560000,60640000,23107,4370
758,60640000,60720000,16573,3525
759,60720000,60800000,13037,2413
760,60800000,60880000,21626,4058
761,60880000,60960000,23280,4278
762,60960000,61040000,15993,3405
763,61040000,61120000,13521,2604
764,61120000,61200000,21919,4089
765,61200000,61280000,20128,3940
766,61280000,61360000,16446,3517
767,61360000,61440000,14445,2829
768,61440000,61520000,22064,4087
769,61520000,61600000,19551,3661
770,61600000,61680000,16286,3438
771,61680000,61760000,16367,3178
772,61760000,61840000,23497,4096
773,61840000,61920000,18845,3656
774,61920000,62000000,15929,3207
775,62000000,62080000,17750,3400
776,62080000,62160000,23371,4099
777,62160000,62240000,18355,3633
778,62240000,62320000,15327,3108
779,62320000,62400000,18444,3532
780,62400000,62480000,23224,4200
781,62480000,62560000,17247,3624
782,62560000,62640000,13606,2694
783,62640000,62720000,20121,3863
784,62720000,62800000,23981,4226
785,62800000,62880000,16803,3603
786,62880000,62960000,13271,2483
787,62960000,63040000,21651,4071
788,63040000,63120000,24022,4370
789,63120000,63200000,16663,3524
790,63200000,63280000,13212,2413
791,63280000,63360000,21632,4061
792,63360000,63440000,23950,4283
793,63440000,63520000,16302,3405
794,63520000,63600000,13853,2604
795,63600000,63680000,22786,4094
796,63680000,63760000,21354,3933
797,63760000,63840000,16401,3517
798,63840000,63920000,14393,2829
799,63920000,64000000,22615,4084
800,64000000,64080000,19797,3672
801,64080000,64160000,16099,3438
802,64160000,64240000,16785,3178
803,64240000,64320000,23311,4101
804,64320000,64400000,18662,3663
805,64400000,64480000,15724,3207
806,64480000,64560000,17566,3400
807,64560000,64640000,22613,4111
808,64640000,64720000,18513,3641
809,64720000,64800000,15371,3108
810,64800000,64880000,18719,3532
811,64880000,64960000,23604,4201
812,64960000,65040000,17080,3619
813,65040000,65120000,13322,2694
814,65120000,65200000,19652,3864
815,65200000,65280000,23125,4220
816,65280000,65360000,17045,3600
817,65360000,65440000,13353,2483
818,65440000,65520000,22010,4070
819,65520000,65600000,24413,4376
820,65600000,65680000,16577,3525
821,65680000,65760000,12979,2413
822,65760000,65840000,22348,4058
823,65840000,65920000,24322,4278
824,65920000,66000000,16051,3405
825,66000000,66080000,13736,2604
826,66080000,66160000,22301,4089
827,66160000,66240000,20552,3934
828,66240000,66320000,16422,3517
829,66320000,66400000,13554,2829
830,66400000,66480000,21757,4087
831,66480000,66560000,19590,3661
832,66560000,66640000,15779,3438
833,66640000,66720000,16361,3178
834,66720000,66800000,21753,4096
835,66800000,66880000,18549,3656
836,66880000,66960000,15720,3207
837,66960000,67040000,17659,3400
838,67040000,67120000,23132,4099
839,67120000,67200000,17893,3633
840,67200000,67280000,15380,3108
841,67280000,67360000,18751,3532
842,67360000,67440000,22725,4194
843,67440000,67520000,17337,3624
844,67520000,67600000,13986,2694
845,67600000,67680000,20697,3863
846,67680000,67760000,23309,4226
847,67760000,67840000,17408,3603
848,67840000,67920000,13662,2483
849,67920000,68000000,21793,4071
850,68000000,68080000,22970,4370
851,68080000,68160000,16676,3524
852,68160000,68240000,13105,2413
853,68240000,68320000,21817,4061
854,68320000,68400000,23500,4283
855,68400000,68480000,16050,3405
856,68480000,68560000,13852,2604
857,68560000,68640000,22552,4094
858,68640000,68720000,20314,3933
859,68720000,68800000,16759,3517
860,68800000,68880000,14628,2829
861,68880000,68960000,22401,4084
862,68960000,69040000,19719,3672
863,69040000,69120000,16201,3438
864,69120000,69200000,16677,3178
865,69200000,69280000,22609,4106
866,69280000,69360000,18518,3672
867,69360000,69440000,15611,3207
868,69440000,69520000,18049,3400
869,69520000,69600000,23677,4108
870,69600000,69680000,17949,3638
871,69680000,69760000,15573,3108
872,69760000,69840000,19027,3532
873,69840000,69920000,22147,4195
874,69920000,70000000,17087,3613
875,70000000,70080000,13962,2694
876,70080000,70160000,20484,3864
877,70160000,70240000,22802,4220
878,70240000,70320000,17079,3600
879,70320000,70400000,13372,2483
880,70400000,70480000,21591,4070
881,70480000,70560000,23029,4370
882,70560000,70640000,16752,3525
883,70640000,70720000,13201,2413
884,70720000,70800000,22214,4058
885,70800000,70880000,24103,4278
886,70880000,70960000,16167,3405
887,70960000,71040000,13664,2604
888,71040000,71120000,22663,4089
889,71120000,71200000,20498,3934
890,71200000,71280000,16569,3517
891,71280000,71360000,14686,2829
892,71360000,71440000,22643,4087
893,71440000,71520000,20248,3667
894,71520000,71600000,16518,3438
895,71600000,71680000,17048,3178
896,71680000,71760000,23282,4108
897,71760000,71840000,18618,3662
898,71840000,71920000,15872,3207
899,71920000,72000000,17743,3400
900,72000000,72080000,23558,4099
901,72080000,72160000,18330,3633
902,72160000,72240000,15463,3108
903,72240000,72320000,18891,3532
904,72320000,72400000,21706,4194
905,72400000,72480000,16946,3618
906,72480000,72560000,13716,2694
907,72560000,72640000,20226,3863
908,72640000,72720000,22780,4238
909,72720000,72800000,16892,3603
910,72800000,72880000,13663,2483
911,72880000,72960000,22276,4071
912,72960000,73040000,24641,4370
913,73040000,73120000,16715,3524
914,73120000,73200000,13350,2413
915,73200000,73280000,21882,4061
916,73280000,73360000,23464,4283
917,73360000,73440000,16229,3405
918,73440000,73520000,14316,2604
919,73520000,73600000,22390,4094
920,73600000,73680000,20437,3933
921,73680000,73760000,16847,3517
922,73760000,73840000,14776,2829
923,73840000,73920000,22545,4084
924,73920000,74000000,20131,3672
925,74000000,74080000,16560,3438
926,74080000,74160000,17483,3178
927,74160000,74240000,23168,4101
928,74240000,74320000,18940,3663
929,74320000,74400000,16188,3207
930,74400000,74480000,18656,3400
931,74480000,74560000,23685,4108
932,74560000,74640000,18632,3644
933,74640000,74720000,15353,3108
934,74720000,74800000,17930,3532
935,74800000,74880000,22934,4195
936,74880000,74960000,17050,3613
937,74960000,75040000,13362,2694
938,75040000,75120000,20146,3864
939,75120000,75200000,23725,4220
940,75200000,75280000,17197,3600
941,75280000,75360000,13455,2483
942,75360000,75440000,22030,4070
943,75440000,75520000,24120,4370
944,75520000,75600000,16451,3525
945,75600000,75680000,12939,2413
946,75680000,75760000,21875,4058
947,75760000,75840000,24331,4290
948,75840000,75920000,15781,3405
949,75920000,76000000,13564,2604
950,76000000,76080000,22472,4089
951,76080000,76160000,21389,3934
952,76160000,76240000,16411,3517
953,76240000,76320000,14419,2829
954,76320000,76400000,22218,4090
955,76400000,76480000,19888,3664
956,76480000,76560000,16329,3438
957,76560000,76640000,17008,3178
958,76640000,76720000,22983,4096
959,76720000,76800000,18497,3656
960,76800000,76880000,15823,3207
961,76880000,76960000,17840,3400
962,76960000,77040000,23537,4105
963,77040000,77120000,17812,3639
964,77120000,77200000,15382,3108
965,77200000,77280000,18860,3532
966,77280000,77360000,23018,4194
967,77360000,77440000,17356,3618
968,77440000,77520000,13582,2694
969,77520000,77600000,19961,3863
970,77600000,77680000,23381,4232
971,77680000,77760000,16941,3603
972,77760000,77840000,13457,2483
973,77840000,77920000,21969,4071
974,77920000,78000000,24294,4370
975,78000000,78080000,16717,3524
976,78080000,78160000,13064,2413
977,78160000,78240000,22143,4061
978,78240000,78320000,23724,4295
979,78320000,78400000,16151,3405
980,78400000,78480000,13966,2604
981,78480000,78560000,22679,4094
982,78560000,78640000,20769,3933
983,78640000,78720000,16800,3517
984,78720000,78800000,14577,2829
985,78800000,78880000,22099,4084
986,78880000,78960000,20065,3672
987,78960000,79040000,16603,3438
988,79040000,79120000,17618,3178
989,79120000,79200000,23584,4107
990,79200000,79280000,19003,3663
991,79280000,79360000,16090,3207
992,79360000,79440000,17986,3400
993,79440000,79520000,23308,4102
994,79520000,79600000,18232,3638
995,79600000,79680000,15596,3108
996,79680000,79760000,19043,3532
997,79760000,79840000,23287,4207
998,79840000,79920000,16863,3613
999,79920000,80000000,14010,2694
1000,80000000,80080000,20636,3864
1001,80080000,80160000,23091,4220
1002,80160000,80240000,17363,3600
1003,80240000,80320000,13318,2483
1004,80320000,80400000,21778,4070
1005,80400000,80480000,24623,4370
1006,80480000,80560000,16659,3525
1007,80560000,80640000,13257,2413
1008,80640000,80720000,21760,4058
1009,80720000,80800000,23122,4278
1010,80800000,80880000,16287,3405
1011,80880000,80960000,14109,2604
1012,80960000,81040000,23184,4089
1013,81040000,81120000,21096,3934
1014,81120000,81200000,16963,3517
1015,81200000,81280000,14822,2829
1016,81280000,81360000,22704,4087
1017,81360000,81440000,20181,3661
1018,81440000,81520000,16311,3438
1019,81520000,81600000,16307,3178
1020,81600000,81680000,22920,4096
1021,81680000,81760000,18807,3656
1022,81760000,81840000,15571,3207
1023,81840000,81920000,17873,3400
1024,81920000,82000000,22581,4099
1025,82000000,82080000,17826,3633
1026,82080000,82160000,15152,3108
1027,82160000,82240000,18740,3532
1028,82240000,82320000,22685,4194
1029,82320000,82400000,17542,3618
1030,82400000,82480000,13349,2694
1031,82480000,82560000,20499,3863
1032,82560000,82640000,24004,4226
1033,82640000,82720000,16979,3603
1034,82720000,82800000,13029,2483
1035,82800000,82880000,21519,4071
1036,82880000,82960000,23887,4381
1037,82960000,83040000,16604,3527
1038,83040000,83120000,12833,2413
1039,83120000,83200000,22173,4061
1040,83200000,83280000,24340,4283
1041,83280000,83360000,16251,3405
1042,83360000,83440000,14149,2604
1043,83440000,83520000,22791,4094
1044,83520000,83600000,22042,3933
1045,83600000,83680000,16734,3517
1046,83680000,83760000,14855,2829
1047,83760000,83840000,23047,4084
1048,83840000,83920000,20360,3672
1049,83920000,84000000,16558,3438
1050,84000000,84080000,17479,3178
1051,84080000,84160000,23024,4101
1052,84160000,84240000,18697,3663
1053,84240000,84320000,16135,3207
1054,84320000,84400000,18310,3400
1055,84400000,84480000,23179,4102
1056,84480000,84560000,18746,3638
1057,84560000,84640000,15756,3108
1058,84640000,84720000,19318,3532
1059,84720000,84800000,23089,4195
1060,84800000,84880000,17599,3613
1061,84880000,84960000,13391,2694
1062,84960000,85040000,19911,3864
1063,85040000,85120000,23335,4220
1064,85120000,85200000,17059,3600
1065,85200000,85280000,13140,2483
1066,85280000,85360000,21739,4076
1067,85360000,85440000,23910,4370
1068,85440000,85520000,16582,3525
1069,85520000,85600000,13060,2413
1070,85600000,85680000,21906,4058
1071,85680000,85760000,23475,4278
1072,85760000,85840000,15710,3405
1073,85840000,85920000,13627,2604
1074,85920000,86000000,22443,4089
1075,86000000,86080000,21457,3934
1076,86080000,86160000,16216,3517
1077,86160000,86240000,14333,2829
1078,86240000,86320000,22398,4093
1079,86320000,86400000,19775,3661
1080,86400000,86480000,16081,3438
1081,86480000,86560000,16967,3178
1082,86560000,86640000,22395,4096
1083,86640000,86720000,18137,3662
1084,86720000,86800000,15947,3207
1085,86800000,86880000,18352,3400
1086,86880000,86960000,23052,4108
1087,86960000,87040000,18381,3636
1088,87040000,87120000,15542,3108
1089,87120000,87200000,19022,3532
1090,87200000,87280000,22542,4200
1091,87280000,87360000,17240,3624
1092,87360000,87440000,13849,2694
1093,87440000,87520000,20814,3863
1094,87520000,87600000,23253,4226
1095,87600000,87680000,17404,3603
1096,87680000,87760000,13491,2483
1097,87760000,87840000,22268,4074
1098,87840000,87920000,24105,4387
1099,87920000,88000000,16838,3524
1100,88000000,88080000,13334,2413
1101,88080000,88160000,22619,4061
1102,88160000,88240000,23865,4283
1103,88240000,88320000,16226,3405
1104,88320000,88400000,14217,2604
1105,88400000,88480000,23088,4100
1106,88480000,88560000,21155,3945
1107,88560000,88640000,16704,3517
1108,88640000,88720000,14326,2829
1109,88720000,88800000,21910,4084
1110,88800000,88880000,20012,3672
1111,88880000,88960000,16234,3438
1112,88960000,89040000,17004,3178
1113,89040000,89120000,22447,4101
1114,89120000,89200000,19078,3663
1115,89200000,89280000,15713,3207
1116,89280000,89360000,18010,3400
1117,89360000,89440000,23487,4102
1118,89440000,89520000,18097,3638
1119,89520000,89600000,15417,3108
1120,89600000,89680000,18918,3532
1121,89680000,89760000,21972,4201
1122,89760000,89840000,17145,3619
1123,89840000,89920000,13736,2694
1124,89920000,90000000,20490,3864
1125,90000000,90080000,24323,4220
1126,90080000,90160000,17277,3600
1127,90160000,90240000,13523,2483
1128,90240000,90320000,21963,4076
1129,90320000,90400000,23423,4370
1130,90400000,90480000,16877,3525
1131,90480000,90560000,12958,2413
1132,90560000,90640000,21885,4064
1133,90640000,90720000,23942,4278
1134,90720000,90800000,16118,3405
1135,90800000,90880000,13563,2604
1136,90880000,90960000,22419,4089
1137,90960000,91040000,20885,3934
1138,91040000,91120000,16556,3517
1139,91120000,91200000,14789,2829
1140,91200000,91280000,23441,4087
1141,91280000,91360000,20583,3661
1142,91360000,91440000,16255,3438
1143,91440000,91520000,16916,3178
1144,91520000,91600000,23079,4102
1145,91600000,91680000,18508,3656
1146,91680000,91760000,15844,3207
1147,91760000,91840000,18317,3400
1148,91840000,91920000,23073,4099
1149,91920000,92000000,18544,3633
1150,92000000,92080000,15433,3108
1151,92080000,92160000,19068,3532
1152,92160000,92240000,22092,4194
1153,92240000,92320000,17619,3618
1154,92320000,92400000,13703,2694
1155,92400000,92480000,20545,3863
1156,92480000,92560000,24457,4229
1157,92560000,92640000,17220,3606
1158,92640000,92720000,13333,2483
1159,92720000,92800000,22273,4071
1160,92800000,92880000,24443,4370
1161,92880000,92960000,16653,3524
1162,92960000,93040000,13459,2413
1163,93040000,93120000,22116,4061
1164,93120000,93200000,24141,4283
1165,93200000,93280000,16520,3405
1166,93280000,93360000,14308,2604
1167,93360000,93440000,22946,4094
1168,93440000,93520000,21791,3933
1169,93520000,93600000,16926,3517
1170,93600000,93680000,15218,2829
1171,93680000,93760000,22934,4084
1172,93760000,93840000,19827,3672
1173,93840000,93920000,16550,3438
1174,93920000,94000000,17722,3178
1175,94000000,94080000,22978,4107
1176,94080000,94160000,18732,3669
1177,94160000,94240000,16132,3207
1178,94240000,94320000,18457,3400
1179,94320000,94400000,22914,4102
1180,94400000,94480000,18968,3638
1181,94480000,94560000,15466,3108
1182,94560000,94640000,18584,3532
1183,94640000,94720000,22177,4195
1184,94720000,94800000,17185,3613
1185,94800000,94880000,13447,2694
1186,94880000,94960000,20101,3864
1187,94960000,95040000,23586,4232
1188,95040000,95120000,17020,3600
1189,95120000,95200000,13315,2483
1190,95200000,95280000,21830,4070
1191,95280000,95360000,23231,4376
1192,95360000,95440000,16397,3525
1193,95440000,95520000,12849,2413
1194,95520000,95600000,21474,4058
1195,95600000,95680000,23748,4278
1196,95680000,95760000,16111,3405
1197,95760000,95840000,13871,2604
1198,95840000,95920000,22763,4089
1199,95920000,96000000,20867,3934
1200,96000000,96080000,16763,3517
1201,96080000,96160000,14443,2829
1202,96160000,96240000,23258,4090
1203,96240000,96320000,20405,3664
1204,96320000,96400000,16480,3438
1205,96400000,96480000,17192,3178
1206,96480000,96560000,23072,4102
1207,96560000,96640000,18517,3656
1208,96640000,96720000,15812,3207
1209,96720000,96800000,17533,3400
1210,96800000,96880000,22166,4099
1211,96880000,96960000,17660,3633
1212,96960000,97040000,15081,3108
1213,97040000,97120000,18367,3532
1214,97120000,97200000,22834,4194
1215,97200000,97280000,17412,3624
1216,97280000,97360000,13495,2694
1217,97360000,97440000,20167,3863
1218,97440000,97520000,23290,4226
1219,97520000,97600000,16870,3603
1220,97600000,97680000,13559,2483
1221,97680000,97760000,22084,4071
1222,97760000,97840000,23227,4376
1223,97840000,97920000,16354,3524
1224,97920000,98000000,13206,2413
1225,98000000,98080000,21304,4061
1226,98080000,98160000,23737,4297
1227,98160000,98240000,16060,3405
1228,98240000,98320000,14104,2604
1229,98320000,98400000,22717,4094
1230,98400000,98480000,20857,3933
1231,98480000,98560000,16666,3517
1232,98560000,98640000,14578,2829
1233,98640000,98720000,22473,4084
1234,98720000,98800000,20771,3672
1235,98800000,98880000,16550,3438
1236,98880000,98960000,17359,3178
1237,98960000,99040000,23418,4101
1238,99040000,99120000,18767,3669
1239,99120000,99200000,15421,3207
1240,99200000,99280000,17060,3400
1241,99280000,99360000,24004,4102
1242,99360000,99440000,18385,3638
1243,99440000,99520000,14662,3108
1244,99520000,99600000,18100,3532
1245,99600000,99680000,22575,4195
1246,99680000,99760000,16720,3613
1247,99760000,99840000,13129,2694
1248,99840000,99920000,20123,3864
1249,99920000,100000000,23529,4220
1250,100000000,100080000,17204,3600
1251,100080000,100160000,12888,2483
1252,100160000,100240000,21460,4070
1253,100240000,100320000,23708,4370
1254,100320000,100400000,16511,3525
1255,100400000,100480000,12852,2413
1256,100480000,100560000,21671,4058
1257,100560000,100640000,23929,4290
1258,100640000,100720000,15901,3405
1259,100720000,100800000,13656,2604
1260,100800000,100880000,22240,4089
1261,100880000,100960000,20090,3934
1262,100960000,101040000,16511,3517
1263,101040000,101120000,14828,2829
1264,101120000,101200000,22916,4087
1265,101200000,101280000,20449,3667
1266,101280000,101360000,16440,3438
1267,101360000,101440000,16822,3178
1268,101440000,101520000,23345,4096
1269,101520000,101600000,18420,3656
1270,101600000,101680000,15896,3207
1271,101680000,101760000,18140,3400
1272,101760000,101840000,23294,4099
1273,101840000,101920000,18221,3639
1274,101920000,102000000,15245,3108
1275,102000000,102080000,18566,3532
1276,102080000,102160000,22629,4208
1277,102160000,102240000,16918,3624
1278,102240000,102320000,13489,2694
1279,102320000,102400000,20219,3863
1280,102400000,102480000,23560,4226
1281,102480000,102560000,16982,3603
1282,102560000,102640000,13187,2483
1283,102640000,102720000,21994,4071
1284,102720000,102800000,24076,4370
1285,102800000,102880000,16567,3524
1286,102880000,102960000,13106,2413
1287,102960000,103040000,22217,4064
1288,103040000,103120000,24245,4286
1289,103120000,103200000,16347,3405
1290,103200000,103280000,14126,2604
1291,103280000,103360000,22556,4094
1292,103360000,103440000,21105,3945
1293,103440000,103520000,16775,3517
1294,103520000,103600000,14819,2829
1295,103600000,103680000,22342,4084
1296,103680000,103760000,20028,3672
1297,103760000,103840000,16302,3438
1298,103840000,103920000,16779,3178
1299,103920000,104000000,23144,4101
1300,104000000,104080000,18989,3663
1301,104080000,104160000,15704,3207
1302,104160000,104240000,17647,3400
1303,104240000,104320000,23057,4102
1304,104320000,104400000,18780,3638
1305,104400000,104480000,15382,3108
1306,104480000,104560000,18980,3532
1307,104560000,104640000,23500,4207
1308,104640000,104720000,17335,3619
1309,104720000,104800000,13359,2694
1310,104800000,104880000,20100,3864
1311,104880000,104960000,23644,4220
1312,104960000,105040000,17187,3600
1313,105040000,105120000,13266,2483
1314,105120000,105200000,22083,4070
1315,105200000,105280000,23829,4370
1316,105280000,105360000,16474,3525
1317,105360000,105440000,13054,2413
1318,105440000,105520000,22138,4058
1319,105520000,105600000,24074,4278
1320,105600000,105680000,16185,3405
1321,105680000,105760000,13968,2604
1322,105760000,105840000,22593,4089
1323,105840000,105920000,20184,3946
1324,105920000,106000000,16641,3517
1325,106000000,106080000,14235,2829
1326,106080000,106160000,22209,4087
1327,106160000,106240000,20220,3661
1328,106240000,106320000,16187,3438
1329,106320000,106400000,17137,3178
1330,106400000,106480000,22653,4104
1331,106480000,106560000,18345,3656
1332,106560000,106640000,16044,3207
1333,106640000,106720000,18550,3400
1334,106720000,106800000,23281,4105
1335,106800000,106880000,18187,3633
1336,106880000,106960000,15797,3108
1337,106960000,107040000,19225,3532
1338,107040000,107120000,23192,4194
1339,107120000,107200000,17684,3618
1340,107200000,107280000,13958,2694
1341,107280000,107360000,20918,3863
1342,107360000,107440000,23450,4226
1343,107440000,107520000,17144,3603
1344,107520000,107600000,13612,2483
1345,107600000,107680000,21882,4071
1346,107680000,107760000,23721,4376
1347,107760000,107840000,16776,3524
1348,107840000,107920000,13377,2413
1349,107920000,108000000,22371,4061
1350,108000000,108080000,24106,4283
1351,108080000,108160000,16131,3405
1352,108160000,108240000,13867,2604
1353,108240000,108320000,23193,4094
1354,108320000,108400000,21121,3933
1355,108400000,108480000,16592,3517
1356,108480000,108560000,14413,2829
1357,108560000,108640000,22072,4084
1358,108640000,108720000,19714,3672
1359,108720000,108800000,16282,3438
1360,108800000,108880000,16867,3178
1361,108880000,108960000,22715,4107
1362,108960000,109040000,18638,3673
1363,109040000,109120000,15766,3207
1364,109120000,109200000,18174,3400
1365,109200000,109280000,23262,4111
1366,109280000,109360000,18081,3641
1367,109360000,109440000,15639,3108
1368,109440000,109520000,19095,3532
1369,109520000,109600000,23093,4195
1370,109600000,109680000,17006,3613
1371,109680000,109760000,14099,2694
1372,109760000,109840000,20857,3864
1373,109840000,109920000,23225,4220
1374,109920000,110000000,17270,3600
1375,110000000,110080000,13729,2483
1376,110080000,110160000,22383,4070
1377,110160000,110240000,23856,4382
1378,110240000,110320000,17010,3525
1379,110320000,110400000,13486,2413
1380,110400000,110480000,22488,4058
1381,110480000,110560000,24218,4278
1382,110560000,110640000,16362,3405
1383,110640000,110720000,13768,2604
1384,110720000,110800000,22879,4089
1385,110800000,110880000,21324,3934
1386,110880000,110960000,16595,3517
1387,110960000,111040000,14925,2829
1388,111040000,111120000,22139,4093
1389,111120000,111200000,19460,3661
1390,111200000,111280000,16612,3438
1391,111280000,111360000,17381,3178
1392,111360000,111440000,23584,4096
1393,111440000,111520000,18531,3656
1394,111520000,111600000,16157,3207
1395,111600000,111680000,18253,3400
1396,111680000,111760000,23486,4099
1397,111760000,111840000,18446,3633
1398,111840000,111920000,15678,3108
1399,111920000,112000000,19262,3532
1400,112000000,112080000,22594,4194
1401,112080000,112160000,16968,3618
1402,112160000,112240000,14025,2694
1403,112240000,112320000,20889,3863
1404,112320000,112400000,23591,4226
1405,112400000,112480000,17187,3603
1406,112480000,112560000,13948,2483
1407,112560000,112640000,22338,4076
1408,112640000,112720000,24492,4379
1409,112720000,112800000,16848,3524
1410,112800000,112880000,13202,2413
1411,112880000,112960000,21900,4061
1412,112960000,113040000,24450,4283
1413,113040000,113120000,16224,3405
1414,113120000,113200000,13908,2604
1415,113200000,113280000,22932,4094
1416,113280000,113360000,21299,3933
1417,113360000,113440000,16760,3517
1418,113440000,113520000,14777,2829
1419,113520000,113600000,22061,4090
1420,113600000,113680000,19561,3672
1421,113680000,113760000,16545,3438
1422,113760000,113840000,17394,3178
1423,113840000,113920000,23178,4101
1424,113920000,114000000,18967,3663
1425,114000000,114080000,16159,3207
1426,114080000,114160000,18570,3400
1427,114160000,114240000,23674,4102
1428,114240000,114320000,18548,3638
1429,114320000,114400000,15785,3108
1430,114400000,114480000,18679,3532
1431,114480000,114560000,22793,4201
1432,114560000,114640000,17322,3613
1433,114640000,114720000,13878,2694
1434,114720000,114800000,20757,3864
1435,114800000,114880000,23523,4220
1436,114880000,114960000,17385,3600
1437,114960000,115040000,13490,2483
1438,115040000,115120000,22110,4070
1439,115120000,115200000,24148,4370
1440,115200000,115280000,16777,3525
1441,115280000,115360000,13221,2413
1442,115360000,115440000,21986,4058
1443,115440000,115520000,24312,4290
1444,115520000,115600000,16258,3405
1445,115600000,115680000,14035,2604
1446,115680000,115760000,22514,4089
1447,115760000,115840000,20866,3934
1448,115840000,115920000,17030,3517
1449,115920000,116000000,15091,2829
1450,116000000,116080000,22586,4087
1451,116080000,116160000,20144,3661
1452,116160000,116240000,16842,3438
1453,116240000,116320000,17533,3178
1454,116320000,116400000,23536,4096
1455,116400000,116480000,18476,3656
1456,116480000,116560000,16415,3207
1457,116560000,116640000,18892,3400
1458,116640000,116720000,23075,4099
1459,116720000,116800000,18291,3639
1460,116800000,116880000,16196,3108
1461,116880000,116960000,20045,3532
1462,116960000,117040000,23266,4194
1463,117040000,117120000,17666,3618
1464,117120000,117200000,14093,2694
1465,117200000,117280000,21053,3863
1466,117280000,117360000,24034,4241
1467,117360000,117440000,17308,3606
1468,117440000,117520000,13677,2483
1469,117520000,117600000,22757,4071
1470,117600000,117680000,24245,4370
1471,117680000,117760000,16751,3524
1472,117760000,117840000,13149,2413
1473,117840000,117920000,22348,4061
1474,117920000,118000000,24074,4283
1475,118000000,118080000,16298,3405
1476,118080000,118160000,13977,2604
1477,118160000,118240000,22956,4094
1478,118240000,118320000,21101,3933
1479,118320000,118400000,16456,3517
1480,118400000,118480000,14018,2829
1481,118480000,118560000,21577,4084
1482,118560000,118640000,19794,3684
1483,118640000,118720000,15792,3438
1484,118720000,118800000,16801,3178
1485,118800000,118880000,22562,4101
1486,118880000,118960000,18697,3669
1487,118960000,119040000,15508,3207
1488,119040000,119120000,17539,3400
1489,119120000,119200000,24392,4102
1490,119200000,119280000,18568,3638
1491,119280000,119360000,15090,3108
1492,119360000,119440000,18449,3532
1493,119440000,119520000,22295,4195
1494,119520000,119600000,16809,3613
1495,119600000,119680000,13519,2694
1496,119680000,119760000,20334,3864
1497,119760000,119840000,22482,4220
1498,119840000,119920000,16838,3600
1499,119920000,120000000,13057,2483
1500,120000000,120080000,21438,4070
1501,120080000,120160000,24390,4370
1502,120160000,120240000,16360,3525
1503,120240000,120320000,13219,2413
1504,120320000,120400000,21596,4058
1505,120400000,120480000,24313,4284
1506,120480000,120560000,16099,3405
1507,120560000,120640000,13983,2604
1508,120640000,120720000,22853,4089
1509,120720000,120800000,20881,3934
1510,120800000,120880000,16644,3517
1511,120880000,120960000,14962,2829
1512,120960000,121040000,22092,4087
1513,121040000,121120000,19500,3661
1514,121120000,121200000,16456,3438
1515,121200000,121280000,16917,3178
1516,121280000,121360000,23568,4096
1517,121360000,121440000,18600,3656
1518,121440000,121520000,16034,3207
1519,121520000,121600000,18540,3400
1520,121600000,121680000,24004,4099
1521,121680000,121760000,18454,3633
1522,121760000,121840000,15524,3108
1523,121840000,121920000,18869,3532
1524,121920000,122000000,22583,4194
1525,122000000,122080000,17267,3618
1526,122080000,122160000,13575,2694
1527,122160000,122240000,20812,3863
1528,122240000,122320000,23447,4232
1529,122320000,122400000,16979,3603
1530,122400000,122480000,13264,2483
1531,122480000,122560000,22020,4071
1532,122560000,122640000,24354,4370
1533,122640000,122720000,16741,3524
1534,122720000,122800000,13040,2413
1535,122800000,122880000,21999,4061
1536,122880000,122960000,25116,4283
1537,122960000,123040000,16476,3405
1538,123040000,123120000,14249,2604
1539,123120000,123200000,22542,4094
1540,123200000,123280000,20708,3933
1541,123280000,123360000,17027,3517
1542,123360000,123440000,15149,2829
1543,123440000,123520000,22736,4084
1544,123520000,123600000,20214,3672
1545,123600000,123680000,16854,3438
1546,123680000,123760000,17694,3178
1547,123760000,123840000,23208,4101
1548,123840000,123920000,18787,3669
1549,123920000,124000000,16033,3207
1550,124000000,124080000,18015,3400
1551,124080000,124160000,23528,4108
1552,124160000,124240000,18628,3638
1553,124240000,124320000,15635,3108
1554,124320000,124400000,18932,3532
1555,124400000,124480000,22542,4207
1556,124480000,124560000,17584,3613
1557,124560000,124640000,13619,2694
1558,124640000,124720000,20173,3864
1559,124720000,124800000,23128,4220
1560,124800000,124880000,17196,3600
1561,124880000,124960000,13411,2483
1562,124960000,125040000,22125,4070
1563,125040000,125120000,23805,4370
1564,125120000,125200000,16740,3525
1565,125200000,125280000,13421,2413
1566,125280000,125360000,22201,4061
1567,125360000,125440000,23622,4287
1568,125440000,125520000,16451,3405
1569,125520000,125600000,14135,2604
1570,125600000,125680000,22641,4089
1571,125680000,125760000,20637,3946
1572,125760000,125840000,16998,3517
1573,125840000,125920000,14727,2829
1574,125920000,126000000,22251,4087
1575,126000000,126080000,20212,3667
1576,126080000,126160000,16504,3438
1577,126160000,126240000,17318,3178
1578,126240000,126320000,22814,4096
1579,126320000,126400000,18720,3656
1580,126400000,126480000,16184,3207
1581,126480000,126560000,18646,3400
1582,126560000,126640000,22578,4099
1583,126640000,126720000,18171,3633
1584,126720000,126800000,15872,3108
1585,126800000,126880000,19539,3532
1586,126880000,126960000,22939,4194
1587,126960000,127040000,17537,3618
1588,127040000,127120000,14092,2694
1589,127120000,127200000,21065,3863
1590,127200000,127280000,23829,4226
1591,127280000,127360000,17632,3603
1592,127360000,127440000,13441,2483
1593,127440000,127520000,22040,4071
1594,127520000,127600000,24354,4370
1595,127600000,127680000,17025,3524
1596,127680000,127760000,13226,2413
1597,127760000,127840000,22462,4061
1598,127840000,127920000,23673,4283
1599,127920000,128000000,16538,3405
1600,128000000,128080000,14346,2604
1601,128080000,128160000,22531,4094
1602,128160000,128240000,20379,3945
1603,128240000,128320000,17162,3517
1604,128320000,128400000,14939,2829
1605,128400000,128480000,22503,4084
1606,128480000,128560000,20300,3684
1607,128560000,128640000,16787,3438
1608,128640000,128720000,17723,3178
1609,128720000,128800000,22793,4107
1610,128800000,128880000,18719,3663
1611,128880000,128960000,16368,3207
1612,128960000,129040000,18771,3400
1613,129040000,129120000,23204,4102
1614,129120000,129200000,17987,3638
1615,129200000,129280000,15806,3108
1616,129280000,129360000,19038,3532
1617,129360000,129440000,21301,4195
1618,129440000,129520000,16822,3613
1619,129520000,129600000,13905,2694
1620,129600000,129680000,20489,3864
1621,129680000,129760000,22981,4220
1622,129760000,129840000,17551,3600
1623,129840000,129920000,13632,2483
1624,129920000,130000000,22306,4070
1625,130000000,130080000,23824,4376
1626,130080000,130160000,17149,3525
1627,130160000,130240000,13417,2413
1628,130240000,130320000,22149,4058
1629,130320000,130400000,24142,4278
1630,130400000,130480000,16435,3405
1631,130480000,130560000,13834,2604
1632,130560000,130640000,22149,4095
1633,130640000,130720000,20594,3934
1634,130720000,130800000,16757,3517
1635,130800000,130880000,15140,2829
1636,130880000,130960000,23062,4087
1637,130960000,131040000,20557,3661
1638,131040000,131120000,16668,3438
1639,131120000,131200000,17376,3178
1640,131200000,131280000,22041,4096
1641,131280000,131360000,18814,3656
1642,131360000,131440000,16351,3207
1643,131440000,131520000,18656,3400
1644,131520000,131600000,23230,4104
1645,131600000,131680000,18337,3642
1646,131680000,131760000,15814,3108
1647,131760000,131840000,19173,3532
1648,131840000,131920000,22923,4200
1649,131920000,132000000,17288,3624
1650,132000000,132080000,13971,2694
1651,132080000,132160000,20736,3863
1652,132160000,132240000,23746,4226
1653,132240000,132320000,17388,3603
1654,132320000,132400000,13697,2483
1655,132400000,132480000,22375,4071
1656,132480000,132560000,24192,4382
1657,132560000,132640000,17045,3524
1658,132640000,132720000,13546,2413
1659,132720000,132800000,22483,4061
1660,132800000,132880000,23823,4283
1661,132880000,132960000,16598,3405
1662,132960000,133040000,14055,2604
1663,133040000,133120000,22610,4094
1664,133120000,133200000,21662,3933
1665,133200000,133280000,16929,3517
1666,133280000,133360000,14782,2829
1667,133360000,133440000,22592,4084
1668,133440000,133520000,19897,3672
1669,133520000,133600000,16703,3438
1670,133600000,133680000,17481,3178
1671,133680000,133760000,23133,4101
1672,133760000,133840000,18991,3663
1673,133840000,133920000,16416,3207
1674,133920000,134000000,18431,3400
1675,134000000,134080000,23559,4102
1676,134080000,134160000,18523,3638
1677,134160000,134240000,15873,3108
1678,134240000,134320000,19157,3532
1679,134320000,134400000,22128,4195
1680,134400000,134480000,17274,3613
1681,134480000,134560000,14043,2694
1682,134560000,134640000,20908,3864
1683,134640000,134720000,23740,4220
1684,134720000,134800000,17720,3600
1685,134800000,134880000,13768,2483
1686,134880000,134960000,22313,4073
1687,134960000,135040000,23794,4379
1688,135040000,135120000,16789,3525
1689,135120000,135200000,13122,2413
1690,135200000,135280000,21983,4058
1691,135280000,135360000,23589,4278
1692,135360000,135440000,16166,3405
1693,135440000,135520000,14080,2604
1694,135520000,135600000,22877,4089
1695,135600000,135680000,21073,3934
1696,135680000,135760000,16875,3517
1697,135760000,135840000,15066,2829
1698,135840000,135920000,22335,4087
1699,135920000,136000000,19548,3661
1700,136000000,136080000,16606,3438
1701,136080000,136160000,17446,3178
1702,136160000,136240000,22296,4096
1703,136240000,136320000,18287,3656
1704,136320000,136400000,16243,3207
1705,136400000,136480000,18435,3400
1706,136480000,136560000,23151,4099
1707,136560000,136640000,18403,3633
1708,136640000,136720000,15814,3108
1709,136720000,136800000,19268,3532
1710,136800000,136880000,22659,4200
1711,136880000,136960000,17412,3618
1712,136960000,137040000,13879,2694
1713,137040000,137120000,20940,3863
1714,137120000,137200000,24377,4226
1715,137200000,137280000,17647,3603
1716,137280000,137360000,13519,2483
1717,137360000,137440000,22488,4071
1718,137440000,137520000,23851,4370
1719,137520000,137600000,16936,3524
1720,137600000,137680000,13313,2413
1721,137680000,137760000,21899,4061
1722,137760000,137840000,24041,4283
1723,137840000,137920000,16506,3405
1724,137920000,138000000,14517,2604
1725,138000000,138080000,23261,4094
1726,138080000,138160000,21536,3945
1727,138160000,138240000,17153,3517
1728,138240000,138320000,14980,2829
1729,138320000,138400000,22180,4084
1730,138400000,138480000,20010,3672
1731,138480000,138560000,16843,3438
1732,138560000,138640000,17808,3178
1733,138640000,138720000,23193,4107
1734,138720000,138800000,18869,3663
1735,138800000,138880000,16277,3207
1736,138880000,138960000,18413,3400
1737,138960000,139040000,23069,4102
1738,139040000,139120000,18400,3638
1739,139120000,139200000,15842,3108
1740,139200000,139280000,19337,3532
1741,139280000,139360000,22407,4195
1742,139360000,139440000,17545,3613
1743,139440000,139520000,13930,2694
1744,139520000,139600000,21179,3864
1745,139600000,139680000,24045,4232
1746,139680000,139760000,17715,3600
1747,139760000,139840000,13419,2483
1748,139840000,139920000,22649,4070
1749,139920000,140000000,24508,4370
1750,140000000,140080000,17290,3525
1751,140080000,140160000,13595,2413
1752,140160000,140240000,22551,4058
1753,140240000,140320000,24213,4278
1754,140320000,140400000,16279,3405
1755,140400000,140480000,13962,2604
1756,140480000,140560000,22317,4089
1757,140560000,140640000,20592,3940
1758,140640000,140720000,16512,3517
1759,140720000,140800000,14884,2829
1760,140800000,140880000,22030,4087
1761,140880000,140960000,20242,3661
1762,140960000,141040000,16375,3438
1763,141040000,141120000,16753,3178
1764,141120000,141200000,23075,4096
1765,141200000,141280000,18770,3656
1766,141280000,141360000,15984,3207
1767,141360000,141440000,18145,3400
1768,141440000,141520000,22964,4099
1769,141520000,141600000,18363,3647
1770,141600000,141680000,15527,3108
1771,141680000,141760000,18714,3532
1772,141760000,141840000,22806,4194
1773,141840000,141920000,17033,3618
1774,141920000,142000000,13633,2694
1775,142000000,142080000,20340,3863
1776,142080000,142160000,23063,4226
1777,142160000,142240000,17026,3603
1778,142240000,142320000,13496,2483
1779,142320000,142400000,21853,4071
1780,142400000,142480000,23650,4370
1781,142480000,142560000,16843,3524
1782,142560000,142640000,13400,2413
1783,142640000,142720000,22321,4061
1784,142720000,142800000,23720,4295
1785,142800000,142880000,16617,3405
1786,142880000,142960000,14439,2604
1787,142960000,143040000,22622,4094
1788,143040000,143120000,21504,3933
1789,143120000,143200000,17125,3517
1790,143200000,143280000,15188,2829
1791,143280000,143360000,22849,4084
1792,143360000,143440000,20380,3672
1793,143440000,143520000,16795,3438
1794,143520000,143600000,17700,3178
1795,143600000,143680000,23475,4101
1796,143680000,143760000,18298,3669
1797,143760000,143840000,16558,3207
1798,143840000,143920000,18513,3400
1799,143920000,144000000,23137,4102
1800,144000000,144080000,18432,3638
1801,144080000,144160000,15940,3108
1802,144160000,144240000,19077,3532
1803,144240000,144320000,22466,4195
1804,144320000,144400000,17293,3613
1805,144400000,144480000,13696,2694
1806,144480000,144560000,20505,3864
1807,144560000,144640000,23167,4226
1808,144640000,144720000,17392,3600
1809,144720000,144800000,13546,2483
1810,144800000,144880000,22264,4070
1811,144880000,144960000,23784,4376
1812,144960000,145040000,17007,3525
1813,145040000,145120000,13392,2413
1814,145120000,145200000,22552,4058
1815,145200000,145280000,24340,4278
1816,145280000,145360000,16527,3405
1817,145360000,145440000,14443,2604
1818,145440000,145520000,23087,4095
1819,145520000,145600000,20926,3934
1820,145600000,145680000,16918,3517
1821,145680000,145760000,14449,2829
1822,145760000,145840000,21963,4093
1823,145840000,145920000,20135,3661
1824,145920000,146000000,16386,3438
1825,146000000,146080000,17413,3178
1826,146080000,146160000,22850,4102
1827,146160000,146240000,18745,3656
1828,146240000,146320000,16211,3207
1829,146320000,146400000,18563,3400
1830,146400000,146480000,22886,4099
1831,146480000,146560000,18029,3633
1832,146560000,146640000,16030,3108
1833,146640000,146720000,19512,3532
1834,146720000,146800000,23322,4206
1835,146800000,146880000,17175,3618
1836,146880000,146960000,14341,2694
1837,146960000,147040000,21218,3863
1838,147040000,147120000,23127,4226
1839,147120000,147200000,17614,3603
1840,147200000,147280000,13978,2483
1841,147280000,147360000,22644,4071
1842,147360000,147440000,23744,4376
1843,147440000,147520000,16935,3524
1844,147520000,147600000,13460,2413
1845,147600000,147680000,21561,4064
1846,147680000,147760000,24489,4292
1847,147760000,147840000,16399,3405
1848,147840000,147920000,14269,2604
1849,147920000,148000000,23276,4100
1850,148000000,148080000,21024,3933
1851,148080000,148160000,16934,3517
1852,148160000,148240000,14801,2829
1853,148240000,148320000,22246,4084
1854,148320000,148400000,20292,3672
1855,148400000,148480000,16418,3438
1856,148480000,148560000,16788,3178
1857,148560000,148640000,22962,4101
1858,148640000,148720000,18726,3663
1859,148720000,148800000,15809,3207
1860,148800000,148880000,18139,3400
1861,148880000,148960000,23565,4102
1862,148960000,149040000,18409,3638
1863,149040000,149120000,15590,3108
1864,149120000,149200000,19105,3532
1865,149200000,149280000,22453,4195
1866,149280000,149360000,17123,3613
1867,149360000,149440000,13852,2694
1868,149440000,149520000,20546,3864
1869,149520000,149600000,23502,4223
1870,149600000,149680000,17496,3603
1871,149680000,149760000,13579,2483
1872,149760000,149840000,22312,4070
1873,149840000,149920000,23802,4370
1874,149920000,150000000,17134,3525
1875,150000000,150080000,13442,2413
1876,150080000,150160000,21969,4058
1877,150160000,150240000,23896,4290
1878,150240000,150320000,16537,3405
1879,150320000,150400000,13632,2604
1880,150400000,150480000,22724,4089
1881,150480000,150560000,21163,3940
1882,150560000,150640000,16762,3517
1883,150640000,150720000,14525,2829
1884,150720000,150800000,21938,4087
1885,150800000,150880000,19927,3661
1886,150880000,150960000,16683,3438
1887,150960000,151040000,17059,3178
1888,151040000,151120000,23208,4102
1889,151120000,151200000,18160,3656
1890,151200000,151280000,15947,3207
1891,151280000,151360000,17453,3400
1892,151360000,151440000,23147,4099
1893,151440000,151520000,17924,3633
1894,151520000,151600000,15378,3108
1895,151600000,151680000,18640,3532
1896,151680000,151760000,22613,4194
1897,151760000,151840000,17015,3618
1898,151840000,151920000,13783,2694
1899,151920000,152000000,20459,3863
1900,152000000,152080000,23944,4226
1901,152080000,152160000,17226,3603
1902,152160000,152240000,13653,2483
1903,152240000,152320000,22178,4071
1904,152320000,152400000,25012,4370
1905,152400000,152480000,16900,3524
1906,152480000,152560000,13377,2413
1907,152560000,152640000,21517,4061
1908,152640000,152720000,23848,4283
1909,152720000,152800000,16497,3405
1910,152800000,152880000,14271,2604
1911,152880000,152960000,22718,4094
1912,152960000,153040000,21329,3933
1913,153040000,153120000,16617,3517
1914,153120000,153200000,14324,2829
1915,153200000,153280000,22572,4084
1916,153280000,153360000,20447,3672
1917,153360000,153440000,15934,3438
1918,153440000,153520000,16892,3178
1919,153520000,153600000,22173,4101
1920,153600000,153680000,18328,3663
1921,153680000,153760000,15737,3207
1922,153760000,153840000,18267,3400
1923,153840000,153920000,23471,4105
1924,153920000,154000000,18693,3641
1925,154000000,154080000,15051,3108
1926,154080000,154160000,18404,3532
1927,154160000,154240000,22365,4195
1928,154240000,154320000,17078,3613
1929,154320000,154400000,13158,2694
1930,154400000,154480000,20159,3864
1931,154480000,154560000,23855,4220
1932,154560000,154640000,17220,3600
1933,154640000,154720000,13358,2483
1934,154720000,154800000,22192,4070
1935,154800000,154880000,24166,4382
1936,154880000,154960000,16518,3525
1937,154960000,155040000,12856,2413
1938,155040000,155120000,21418,4058
1939,155120000,155200000,23825,4278
1940,155200000,155280000,15754,3405
1941,155280000,155360000,13475,2604
1942,155360000,155440000,22697,4089
1943,155440000,155520000,21613,3934
1944,155520000,155600000,16260,3517
1945,155600000,155680000,14370,2829
1946,155680000,155760000,22374,4087
1947,155760000,155840000,19897,3661
1948,155840000,155920000,16179,3438
1949,155920000,156000000,16970,3178
1950,156000000,156080000,23021,4096
1951,156080000,156160000,18547,3656
1952,156160000,156240000,15673,3207
1953,156240000,156320000,17983,3400
1954,156320000,156400000,22893,4099
1955,156400000,156480000,18282,3633
1956,156480000,156560000,15352,3108
1957,156560000,156640000,19196,3532
1958,156640000,156720000,22610,4200
1959,156720000,156800000,17459,3618
1960,156800000,156880000,13539,2694
1961,156880000,156960000,20234,3863
1962,156960000,157040000,23774,4232
1963,157040000,157120000,17206,3603
1964,157120000,157200000,13524,2483
1965,157200000,157280000,22359,4071
1966,157280000,157360000,24178,4370
1967,157360000,157440000,16540,3524
1968,157440000,157520000,12868,2413
1969,157520000,157600000,21431,4061
1970,157600000,157680000,23343,4283
1971,157680000,157760000,16077,3405
1972,157760000,157840000,13946,2604
1973,157840000,157920000,22747,4094
1974,157920000,158000000,20922,3939
1975,158000000,158080000,16593,3517
1976,158080000,158160000,14528,2829
1977,158160000,158240000,22189,4084
1978,158240000,158320000,20014,3672
1979,158320000,158400000,16349,3438
1980,158400000,158480000,17558,3178
1981,158480000,158560000,23381,4113
1982,158560000,158640000,18826,3663
1983,158640000,158720000,15789,3207
1984,158720000,158800000,17978,3400
1985,158800000,158880000,23217,4102
1986,158880000,158960000,18341,3638
1987,158960000,159040000,15191,3108
1988,159040000,159120000,19093,3532
1989,159120000,159200000,23218,4201
1990,159200000,159280000,17181,3613
1991,159280000,159360000,13630,2694
1992,159360000,159440000,20786,3867
1993,159440000,159520000,23348,4225
1994,159520000,159600000,17352,3600
1995,159600000,159680000,12972,2483
1996,159680000,159760000,21764,4070
1997,159760000,159840000,24815,4370
1998,159840000,159920000,16584,3525
1999,159920000,160000000,12905,2413
2000,160000000,160080000,21783,4058
2001,160080000,160160000,23504,4284
2002,160160000,160240000,16159,3405
2003,160240000,160320000,13827,2604
2004,160320000,160400000,22910,4089
2005,160400000,160480000,20834,3934
2006,160480000,160560000,16767,3517
2007,160560000,160640000,14931,2829
2008,160640000,160720000,22610,4087
2009,160720000,160800000,20301,3661
2010,160800000,160880000,16531,3438
2011,160880000,160960000,16917,3178
2012,160960000,161040000,23526,4096
2013,161040000,161120000,18727,3664
2014,161120000,161200000,16093,3207
2015,161200000,161280000,18547,3400
2016,161280000,161360000,23132,4105
2017,161360000,161440000,18589,3639
2018,161440000,161520000,15590,3108
2019,161520000,161600000,19340,3532
2020,161600000,161680000,22427,4200
2021,161680000,161760000,17641,3618
2022,161760000,161840000,13652,2694
2023,161840000,161920000,21078,3863
2024,161920000,162000000,23495,4238
2025,162000000,162080000,17060,3603
2026,162080000,162160000,13005,2483
2027,162160000,162240000,21860,4071
2028,162240000,162320000,23951,4376
2029,162320000,162400000,16482,3524
2030,162400000,162480000,12774,2413
2031,162480000,162560000,21273,4061
2032,162560000,162640000,23767,4283
2033,162640000,162720000,15961,3405
2034,162720000,162800000,13877,2604
2035,162800000,162880000,22069,4100
2036,162880000,162960000,21129,3939
2037,162960000,163040000,16245,3517
2038,163040000,163120000,14692,2829
2039,163120000,163200000,22421,4084
2040,163200000,163280000,19948,3672
2041,163280000,163360000,16089,3438
2042,163360000,163440000,17226,3178
2043,163440000,163520000,23135,4101
2044,163520000,163600000,18857,3663
2045,163600000,163680000,15566,3207
2046,163680000,163760000,17751,3400
2047,163760000,163840000,23073,4102
2048,163840000,163920000,18669,3638
2049,163920000,164000000,15274,3108
2050,164000000,164080000,18965,3532
2051,164080000,164160000,22889,4201
2052,164160000,164240000,17009,3613
2053,164240000,164320000,13179,2694
2054,164320000,164400000,19504,3864
2055,164400000,164480000,22984,4226
2056,164480000,164560000,17086,3606
2057,164560000,164640000,13048,2483
2058,164640000,164720000,21876,4070
2059,164720000,164800000,24874,4370
2060,164800000,164880000,16420,3525
2061,164880000,164960000,13113,2413
2062,164960000,165040000,21850,4064
2063,165040000,165120000,24552,4278
2064,165120000,165200000,15829,3405
2065,165200000,165280000,13781,2604
2066,165280000,165360000,22262,4089
2067,165360000,165440000,20664,3934
2068,165440000,165520000,16371,3517
2069,165520000,165600000,14493,2829
2070,165600000,165680000,21919,4087
2071,165680000,165760000,19382,3661
2072,165760000,165840000,16190,3438
2073,165840000,165920000,17473,3178
2074,165920000,166000000,22548,4096
2075,166000000,166080000,18284,3656
2076,166080000,166160000,15988,3207
2077,166160000,166240000,18662,3400
2078,166240000,166320000,22713,4099
2079,166320000,166400000,18451,3633
2080,166400000,166480000,15504,3108
2081,166480000,166560000,19198,3532
2082,166560000,166640000,23541,4194
2083,166640000,166720000,17592,3618
2084,166720000,166800000,13799,2694
2085,166800000,166880000,20868,3863
2086,166880000,166960000,22911,4226
2087,166960000,167040000,17102,3603
2088,167040000,167120000,13522,2483
2089,167120000,167200000,22184,4071
2090,167200000,167280000,24856,4370
2091,167280000,167360000,16916,3524
2092,167360000,167440000,13307,2413
2093,167440000,167520000,22476,4061
2094,167520000,167600000,24155,4283
2095,167600000,167680000,16233,3405
2096,167680000,167760000,14291,2604
2097,167760000,167840000,22897,4100
2098,167840000,167920000,21343,3933
2099,167920000,168000000,16745,3517
2100,168000000,168080000,14873,2829
2101,168080000,168160000,21734,4084
2102,168160000,168240000,19751,3672
2103,168240000,168320000,16380,3438
2104,168320000,168400000,17531,3178
2105,168400000,168480000,22923,4101
2106,168480000,168560000,18344,3663
2107,168560000,168640000,15744,3207
2108,168640000,168720000,18370,3400
2109,168720000,168800000,23573,4108
2110,168800000,168880000,18298,3638
2111,168880000,168960000,15374,3108
2112,168960000,169040000,18921,3532
2113,169040000,169120000,21931,4207
2114,169120000,169200000,17403,3613
2115,169200000,169280000,13421,2694
2116,169280000,169360000,20145,3864
2117,169360000,169440000,24142,4223
2118,169440000,169520000,17176,3603
2119,169520000,169600000,13211,2483
2120,169600000,169680000,22023,4070
2121,169680000,169760000,24131,4370
2122,169760000,169840000,16609,3525
2123,169840000,169920000,12799,2413
2124,169920000,170000000,21797,4061
2125,170000000,170080000,24053,4293
2126,170080000,170160000,16013,3405
2127,170160000,170240000,13361,2604
2128,170240000,170320000,22606,4089
2129,170320000,170400000,20965,3934
2130,170400000,170480000,16449,3517
2131,170480000,170560000,14511,2829
2132,170560000,170640000,22664,4087
2133,170640000,170720000,20134,3661
2134,170720000,170800000,16016,3438
2135,170800000,170880000,16341,3178
2136,170880000,170960000,23380,4096
2137,170960000,171040000,18655,3656
2138,171040000,171120000,15446,3207
2139,171120000,171200000,17589,3400
2140,171200000,171280000,23116,4105
2141,171280000,171360000,18540,3633
2142,171360000,171440000,15089,3108
2143,171440000,171520000,18549,3532
2144,171520000,171600000,22771,4194
2145,171600000,171680000,17047,3618
2146,171680000,171760000,13342,2694
2147,171760000,171840000,19999,3863
2148,171840000,171920000,23645,4226
2149,171920000,172000000,16985,3603
2150,172000000,172080000,13042,2483
2151,172080000,172160000,21907,4074
2152,172160000,172240000,24344,4379
2153,172240000,172320000,16521,3524
2154,172320000,172400000,12902,2413
2155,172400000,172480000,21805,4061
2156,172480000,172560000,24430,4283
2157,172560000,172640000,16330,3405
2158,172640000,172720000,13997,2604
2159,172720000,172800000,22987,4094
2160,172800000,172880000,21498,3933
2161,172880000,172960000,16701,3517
2162,172960000,173040000,14726,2829
2163,173040000,173120000,22393,4090
2164,173120000,173200000,19723,3672
2165,173200000,173280000,16130,3438
2166,173280000,173360000,16929,3178
2167,173360000,173440000,22865,4107
2168,173440000,173520000,18403,3663
2169,173520000,173600000,15760,3207
2170,173600000,173680000,17726,3400
2171,173680000,173760000,23413,4108
2172,173760000,173840000,18725,3638
2173,173840000,173920000,15222,3108
2174,173920000,174000000,18359,3532
2175,174000000,174080000,23684,4195
2176,174080000,174160000,17082,3613
2177,174160000,174240000,13429,2694
2178,174240000,174320000,19970,3864
2179,174320000,174400000,23655,4226
2180,174400000,174480000,16853,3600
2181,174480000,174560000,13254,2483
2182,174560000,174640000,21584,4070
2183,174640000,174720000,24579,4370
2184,174720000,174800000,16297,3525
2185,174800000,174880000,12799,2413
2186,174880000,174960000,21744,4058
2187,174960000,175040000,23590,4278
2188,175040000,175120000,16012,3405
2189,175120000,175200000,13747,2604
2190,175200000,175280000,22541,4089
2191,175280000,175360000,20891,3934
2192,175360000,175440000,16575,3517
2193,175440000,175520000,14264,2829
2194,175520000,175600000,21855,4087
2195,175600000,175680000,19965,3661
2196,175680000,175760000,16262,3438
2197,175760000,175840000,16844,3178
2198,175840000,175920000,23078,4096
2199,175920000,176000000,18689,3656
2200,176000000,176080000,15809,3207
2201,176080000,176160000,17811,3400
2202,176160000,176240000,22398,4105
2203,176240000,176320000,17823,3633
2204,176320000,176400000,15371,3108
2205,176400000,176480000,18764,3532
2206,176480000,176560000,22089,4194
2207,176560000,176640000,17273,3618
2208,176640000,176720000,13521,2694
2209,176720000,176800000,20549,3863
2210,176800000,176880000,23043,4226
2211,176880000,176960000,17162,3603
2212,176960000,177040000,13351,2483
2213,177040000,177120000,22159,4071
2214,177120000,177200000,23167,4382
2215,177200000,177280000,16704,3524
2216,177280000,177360000,12895,2413
2217,177360000,177440000,21472,4061
2218,177440000,177520000,23894,4283
2219,177520000,177600000,16179,3405
2220,177600000,177680000,13857,2604
2221,177680000,177760000,22653,4094
2222,177760000,177840000,21208,3933
2223,177840000,177920000,16709,3517
2224,177920000,178000000,14382,2829
2225,178000000,178080000,21916,4084
2226,178080000,178160000,19317,3672
2227,178160000,178240000,16522,3438
2228,178240000,178320000,17230,3178
2229,178320000,178400000,22917,4101
2230,178400000,178480000,18782,3663
2231,178480000,178560000,15635,3207
2232,178560000,178640000,17250,3400
2233,178640000,178720000,22737,4102
2234,178720000,178800000,18242,3638
2235,178800000,178880000,15032,3108
2236,178880000,178960000,18263,3532
2237,178960000,179040000,22918,4201
2238,179040000,179120000,17130,3613
2239,179120000,179200000,13372,2694
2240,179200000,179280000,20072,3864
2241,179280000,179360000,22598,4220
2242,179360000,179440000,17324,3600
2243,179440000,179520000,13071,2483
2244,179520000,179600000,21925,4070
2245,179600000,179680000,23666,4370
2246,179680000,179760000,16599,3525
2247,179760000,179840000,12718,2413
2248,179840000,179920000,21570,4064
2249,179920000,180000000,23700,4278
2250,180000000,180080000,16041,3405
2251,180080000,180160000,13405,2604
2252,180160000,180240000,22396,4089
2253,180240000,180320000,20995,3934
2254,180320000,180400000,16556,3517
2255,180400000,180480000,14521,2829
2256,180480000,180560000,21711,4087
2257,180560000,180640000,20122,3661
2258,180640000,180720000,16528,3438
2259,180720000,180800000,16495,3178
2260,180800000,180880000,23313,4096
2261,180880000,180960000,18455,3656
2262,180960000,181040000,15924,3207
2263,181040000,181120000,17914,3400
2264,181120000,181200000,22226,4099
2265,181200000,181280000,18114,3633
2266,181280000,181360000,15232,3108
2267,181360000,181440000,18716,3532
2268,181440000,181520000,22957,4194
2269,181520000,181600000,17159,3618
2270,181600000,181680000,13473,2694
2271,181680000,181760000,20384,3863
2272,181760000,181840000,23066,4229
2273,181840000,181920000,16925,3606
2274,181920000,182000000,12937,2483
2275,182000000,182080000,21601,4071
2276,182080000,182160000,23084,4370
2277,182160000,182240000,16901,3524
2278,182240000,182320000,12752,2413
2279,182320000,182400000,21929,4061
2280,182400000,182480000,23636,4295
2281,182480000,182560000,16542,3405
2282,182560000,182640000,13944,2604
2283,182640000,182720000,22466,4094
2284,182720000,182800000,21189,3939
2285,182800000,182880000,17032,3517
2286,182880000,182960000,14950,2829
2287,182960000,183040000,22434,4090
2288,183040000,183120000,19887,3672
2289,183120000,183200000,16684,3438
2290,183200000,183280000,17101,3178
2291,183280000,183360000,22877,4101
2292,183360000,183440000,19186,3663
2293,183440000,183520000,16183,3207
2294,183520000,183600000,18249,3400
2295,183600000,183680000,22687,4108
2296,183680000,183760000,18387,3644
2297,183760000,183840000,15854,3108
2298,183840000,183920000,19388,3532
2299,183920000,184000000,21860,4195
2300,184000000,184080000,17354,3613
2301,184080000,184160000,13222,2694
2302,184160000,184240000,19865,3864
2303,184240000,184320000,23510,4232
2304,184320000,184400000,16757,3600
2305,184400000,184480000,12831,2483
2306,184480000,184560000,21378,4070
2307,184560000,184640000,24341,4370
2308,184640000,184720000,16182,3525
2309,184720000,184800000,12799,2413
2310,184800000,184880000,21351,4058
2311,184880000,184960000,23350,4292
2312,184960000,185040000,15901,3405
2313,185040000,185120000,13663,2604
2314,185120000,185200000,22977,4095
2315,185200000,185280000,21249,3934
2316,185280000,185360000,16334,3517
2317,185360000,185440000,13878,2829
2318,185440000,185520000,21658,4087
2319,185520000,185600000,19698,3661
2320,185600000,185680000,15899,3438
2321,185680000,185760000,16691,3178
2322,185760000,185840000,21991,4101
2323,185840000,185920000,18218,3665
2324,185920000,186000000,15871,3207
2325,186000000,186080000,17935,3400
2326,186080000,186160000,22937,4105
2327,186160000,186240000,17876,3633
2328,186240000,186320000,15673,3108
2329,186320000,186400000,18951,3532
2330,186400000,186480000,22741,4200
2331,186480000,186560000,17327,3618
2332,186560000,186640000,13775,2694
2333,186640000,186720000,20536,3863
2334,186720000,186800000,22821,4226
2335,186800000,186880000,17376,3603
2336,186880000,186960000,13412,2483
2337,186960000,187040000,22086,4071
2338,187040000,187120000,23438,4379
2339,187120000,187200000,16593,3527
2340,187200000,187280000,13302,2413
2341,187280000,187360000,22140,4061
2342,187360000,187440000,23703,4289
2343,187440000,187520000,16248,3405
2344,187520000,187600000,13952,2604
2345,187600000,187680000,22691,4094
2346,187680000,187760000,20717,3939
2347,187760000,187840000,16770,3517
2348,187840000,187920000,14352,2829
2349,187920000,188000000,22586,4084
2350,188000000,188080000,19982,3672
2351,188080000,188160000,16322,3438
2352,188160000,188240000,16612,3178
2353,188240000,188320000,22495,4104
2354,188320000,188400000,18352,3672
2355,188400000,188480000,15936,3207
2356,188480000,188560000,17851,3400
2357,188560000,188640000,23449,4102
2358,188640000,188720000,18177,3644
2359,188720000,188800000,15150,3108
2360,188800000,188880000,18400,3532
2361,188880000,188960000,22254,4195
2362,188960000,189040000,17002,3613
2363,189040000,189120000,13332,2694
2364,189120000,189200000,20346,3864
2365,189200000,189280000,23081,4220
2366,189280000,189360000,17119,3600
2367,189360000,189440000,12909,2483
2368,189440000,189520000,21820,4070
2369,189520000,189600000,23504,4370
2370,189600000,189680000,16526,3525
2371,189680000,189760000,12816,2413
2372,189760000,189840000,21453,4058
2373,189840000,189920000,23974,4278
2374,189920000,190000000,15866,3405
2375,190000000,190080000,13107,2604
2376,190080000,190160000,22247,4089
2377,190160000,190240000,20711,3934
2378,190240000,190320000,16224,3517
2379,190320000,190400000,14326,2829
2380,190400000,190480000,22323,4087
2381,190480000,190560000,20066,3661
2382,190560000,190640000,16251,3438
2383,190640000,190720000,16686,3178
2384,190720000,190800000,22993,4096
2385,190800000,190880000,18378,3662
2386,190880000,190960000,15722,3207
2387,190960000,191040000,17473,3400
2388,191040000,191120000,23052,4099
2389,191120000,191200000,18195,3633
2390,191200000,191280000,15170,3108
2391,191280000,191360000,18813,3532
2392,191360000,191440000,22485,4200
2393,191440000,191520000,17084,3618
2394,191520000,191600000,13542,2694
2395,191600000,191680000,20427,3863
2396,191680000,191760000,23638,4237
2397,191760000,191840000,17209,3606
2398,191840000,191920000,13254,2483
2399,191920000,192000000,22010,4071
2400,192000000,192080000,23495,4370
2401,192080000,192160000,16572,3524
2402,192160000,192240000,12797,2413
2403,192240000,192320000,21322,4064
2404,192320000,192400000,23595,4292
2405,192400000,192480000,16046,3405
2406,192480000,192560000,13622,2604
2407,192560000,192640000,22565,4094
2408,192640000,192720000,21085,3945
2409,192720000,192800000,16642,3517
2410,192800000,192880000,14619,2829
2411,192880000,192960000,22162,4084
2412,192960000,193040000,20180,3672
2413,193040000,193120000,16260,3438
2414,193120000,193200000,16949,3178
2415,193200000,193280000,22157,4101
2416,193280000,193360000,18239,3663
2417,193360000,193440000,15899,3207
2418,193440000,193520000,18193,3400
2419,193520000,193600000,23003,4102
2420,193600000,193680000,18101,3638
2421,193680000,193760000,15311,3108
2422,193760000,193840000,18540,3532
2423,193840000,193920000,22402,4195
2424,193920000,194000000,17317,3613
2425,194000000,194080000,13359,2694
2426,194080000,194160000,20533,3867
2427,194160000,194240000,23664,4223
2428,194240000,194320000,17448,3600
2429,194320000,194400000,13138,2483
2430,194400000,194480000,22225,4070
2431,194480000,194560000,23446,4370
2432,194560000,194640000,16736,3525
2433,194640000,194720000,12992,2413
2434,194720000,194800000,21785,4058
2435,194800000,194880000,23237,4278
2436,194880000,194960000,16073,3405
2437,194960000,195040000,13663,2604
2438,195040000,195120000,22763,4089
2439,195120000,195200000,21551,3934
2440,195200000,195280000,16626,3517
2441,195280000,195360000,14464,2829
2442,195360000,195440000,22137,4087
2443,195440000,195520000,20150,3661
2444,195520000,195600000,16368,3438
2445,195600000,195680000,16806,3178
2446,195680000,195760000,22937,4096
2447,195760000,195840000,18296,3656
2448,195840000,195920000,15976,3207
2449,195920000,196000000,18133,3400
2450,196000000,196080000,23207,4099
2451,196080000,196160000,17960,3633
2452,196160000,196240000,15641,3108
2453,196240000,196320000,19312,3532
2454,196320000,196400000,22467,4200
2455,196400000,196480000,17467,3618
2456,196480000,196560000,13732,2694
2457,196560000,196640000,20387,3863
2458,196640000,196720000,22753,4226
2459,196720000,196800000,17229,3603
2460,196800000,196880000,13484,2483
2461,196880000,196960000,22141,4071
2462,196960000,197040000,22972,4370
2463,197040000,197120000,16760,3524
2464,197120000,197200000,12930,2413
2465,197200000,197280000,21689,4061
2466,197280000,197360000,23653,4283
2467,197360000,197440000,16359,3405
2468,197440000,197520000,13905,2604
2469,197520000,197600000,22872,4094
2470,197600000,197680000,21388,3933
2471,197680000,197760000,16809,3517
2472,197760000,197840000,14183,2829
2473,197840000,197920000,22293,4084
2474,197920000,198000000,20282,3672
2475,198000000,198080000,16346,3438
2476,198080000,198160000,17158,3178
2477,198160000,198240000,23533,4101
2478,198240000,198320000,18849,3663
2479,198320000,198400000,15925,3207
2480,198400000,198480000,17992,3400
2481,198480000,198560000,22895,4102
2482,198560000,198640000,18118,3638
2483,198640000,198720000,15458,3108
2484,198720000,198800000,19037,3532
2485,198800000,198880000,22941,4195
2486,198880000,198960000,17282,3613
2487,198960000,199040000,13885,2694
2488,199040000,199120000,21035,3864
2489,199120000,199200000,22561,4226
2490,199200000,199280000,17215,3600
2491,199280000,199360000,13114,2483
2492,199360000,199440000,21792,4070
2493,199440000,199520000,23563,4387
2494,199520000,199600000,16571,3528
2495,199600000,199680000,13253,2413
2496,199680000,199760000,21855,4058
2497,199760000,199840000,23887,4278
2498,199840000,199920000,16242,3405
2499,199920000,200000000,13940,2604
2500,200000000,200080000,22713,4089
2501,200080000,200160000,20944,3934
2502,200160000,200240000,16838,3517
2503,200240000,200320000,14692,2829
2504,200320000,200400000,22025,4093
2505,200400000,200480000,19273,3661
2506,200480000,200560000,16680,3438
2507,200560000,200640000,16852,3178
2508,200640000,200720000,23130,4110
2509,200720000,200800000,18496,3656
2510,200800000,200880000,16167,3207
2511,200880000,200960000,18346,3400
2512,200960000,201040000,22255,4105
2513,201040000,201120000,18076,3633
2514,201120000,201200000,15594,3108
2515,201200000,201280000,18988,3532
2516,201280000,201360000,22870,4194
2517,201360000,201440000,17536,3618
2518,201440000,201520000,13850,2694
2519,201520000,201600000,20999,3863
2520,201600000,201680000,23125,4226
2521,201680000,201760000,17236,3603
2522,201760000,201840000,13563,2483
2523,201840000,201920000,22382,4071
2524,201920000,202000000,23331,4370
2525,202000000,202080000,16847,3524
2526,202080000,202160000,13011,2413
2527,202160000,202240000,21888,4067
2528,202240000,202320000,23527,4283
2529,202320000,202400000,16545,3405
2530,202400000,202480000,14173,2604
2531,202480000,202560000,22660,4094
2532,202560000,202640000,21155,3933
2533,202640000,202720000,17142,3517
2534,202720000,202800000,15147,2829
2535,202800000,202880000,22771,4090
2536,202880000,202960000,19707,3680
2537,202960000,203040000,16985,3438
2538,203040000,203120000,17721,3178
2539,203120000,203200000,22979,4101
2540,203200000,203280000,18501,3663
2541,203280000,203360000,16259,3207
2542,203360000,203440000,18281,3400
2543,203440000,203520000,22925,4118
2544,203520000,203600000,18549,3644
2545,203600000,203680000,15741,3108
2546,203680000,203760000,19462,3532
2547,203760000,203840000,22319,4195
2548,203840000,203920000,17746,3613
2549,203920000,204000000,13690,2694
2550,204000000,204080000,20633,3864
2551,204080000,204160000,22702,4223
2552,204160000,204240000,17424,3603
2553,204240000,204320000,13316,2483
2554,204320000,204400000,22582,4070
2555,204400000,204480000,23570,4370
2556,204480000,204560000,16930,3525
2557,204560000,204640000,13351,2413
2558,204640000,204720000,22385,4058
2559,204720000,204800000,23356,4278
2560,204800000,204880000,16554,3405
2561,204880000,204960000,14360,2604
2562,204960000,205040000,22983,4089
2563,205040000,205120000,21195,3934
2564,205120000,205200000,17199,3517
2565,205200000,205280000,15054,2829
2566,205280000,205360000,22483,4090
2567,205360000,205440000,19384,3664
2568,205440000,205520000,16935,3438
2569,205520000,205600000,17867,3178
2570,205600000,205680000,22787,4096
2571,205680000,205760000,18402,3656
2572,205760000,205840000,16739,3207
2573,205840000,205920000,19209,3400
2574,205920000,206000000,22219,4105
2575,206000000,206080000,18581,3633
2576,206080000,206160000,16161,3108
2577,206160000,206240000,19615,3532
2578,206240000,206320000,22824,4200
2579,206320000,206400000,17396,3618
2580,206400000,206480000,14152,2694
2581,206480000,206560000,20920,3863
2582,206560000,206640000,23483,4238
2583,206640000,206720000,17281,3603
2584,206720000,206800000,12858,2483
2585,206800000,206880000,21060,4071
2586,206880000,206960000,22890,4379
2587,206960000,207040000,16265,3527
2588,207040000,207120000,12403,2413
2589,207120000,207200000,21014,4061
2590,207200000,207280000,23231,4283
2591,207280000,207360000,15848,3405
2592,207360000,207440000,13352,2604
2593,207440000,207520000,22038,4100
2594,207520000,207600000,21136,3939
2595,207600000,207680000,16395,3517
2596,207680000,207760000,13858,2829
2597,207760000,207840000,21479,4090
2598,207840000,207920000,19215,3672
2599,207920000,208000000,16063,3438
2600,208000000,208080000,16500,3178
2601,208080000,208160000,22533,4101
2602,208160000,208240000,18772,3663
2603,208240000,208320000,15434,3207
2604,208320000,208400000,17710,3400
2605,208400000,208480000,22382,4102
2606,208480000,208560000,17998,3638
2607,208560000,208640000,15170,3108
2608,208640000,208720000,18366,3532
2609,208720000,208800000,21546,4195
2610,208800000,208880000,16769,3613
2611,208880000,208960000,13283,2694
2612,208960000,209040000,19695,3867
2613,209040000,209120000,22093,4225
2614,209120000,209200000,17063,3600
2615,209200000,209280000,13153,2483
2616,209280000,209360000,22105,4070
2617,209360000,209440000,24411,4376
2618,209440000,209520000,16669,3525
2619,209520000,209600000,12940,2413
2620,209600000,209680000,21639,4058
2621,209680000,209760000,23373,4278
2622,209760000,209840000,16075,3405
2623,209840000,209920000,13436,2604
2624,209920000,210000000,21864,4089
2625,210000000,210080000,20522,3934
2626,210080000,210160000,16508,3517
2627,210160000,210240000,14743,2829
2628,210240000,210320000,22092,4093
2629,210320000,210400000,19519,3661
2630,210400000,210480000,16386,3438
2631,210480000,210560000,16925,3178
2632,210560000,210640000,22166,4096
2633,210640000,210720000,18954,3662
2634,210720000,210800000,16040,3207
2635,210800000,210880000,18250,3400
2636,210880000,210960000,24113,4099
2637,210960000,211040000,18305,3633
2638,211040000,211120000,15337,3108
2639,211120000,211200000,18797,3532
2640,211200000,211280000,22231,4194
2641,211280000,211360000,17587,3624
2642,211360000,211440000,13286,2694
2643,211440000,211520000,19910,3863
2644,211520000,211600000,22943,4226
2645,211600000,211680000,17064,3603
2646,211680000,211760000,13259,2483
2647,211760000,211840000,22148,4071
2648,211840000,211920000,24071,4370
2649,211920000,212000000,16610,3524
2650,212000000,212080000,13141,2413
2651,212080000,212160000,22233,4061
2652,212160000,212240000,24349,4283
2653,212240000,212320000,16328,3405
2654,212320000,212400000,13936,2604
2655,212400000,212480000,22463,4100
2656,212480000,212560000,21708,3933
2657,212560000,212640000,16857,3517
2658,212640000,212720000,14851,2829
2659,212720000,212800000,22485,4084
2660,212800000,212880000,19666,3672
2661,212880000,212960000,16593,3438
2662,212960000,213040000,17333,3178
2663,213040000,213120000,22080,4107
2664,213120000,213200000,18686,3663
2665,213200000,213280000,16277,3207
2666,213280000,213360000,18255,3400
2667,213360000,213440000,23599,4102
2668,213440000,213520000,18523,3638
2669,213520000,213600000,15621,3108
2670,213600000,213680000,19058,3532
2671,213680000,213760000,22727,4201
2672,213760000,213840000,17574,3613
2673,213840000,213920000,13756,2694
2674,213920000,214000000,20700,3864
2675,214000000,214080000,23336,4220
2676,214080000,214160000,17363,3600
2677,214160000,214240000,13500,2483
2678,214240000,214320000,21909,4070
2679,214320000,214400000,23818,4370
2680,214400000,214480000,16771,3525
2681,214480000,214560000,13032,2413
2682,214560000,214640000,21818,4065
2683,214640000,214720000,23481,4287
2684,214720000,214800000,16373,3405
2685,214800000,214880000,14043,2604
2686,214880000,214960000,22592,4095
2687,214960000,215040000,21285,3934
2688,215040000,215120000,17179,3517
2689,215120000,215200000,15076,2829
2690,215200000,215280000,22559,4087
2691,215280000,215360000,19981,3661
2692,215360000,215440000,16748,3438
2693,215440000,215520000,17415,3178
2694,215520000,215600000,22546,4102
2695,215600000,215680000,18835,3656
2696,215680000,215760000,16124,3207
2697,215760000,215840000,18229,3400
2698,215840000,215920000,22972,4105
2699,215920000,216000000,17660,3633
2700,216000000,216080000,15653,3108
2701,216080000,216160000,19082,3532
2702,216160000,216240000,22754,4194
2703,216240000,216320000,17578,3618
2704,216320000,216400000,13906,2694
2705,216400000,216480000,20851,3863
2706,216480000,216560000,22859,4226
2707,216560000,216640000,17703,3603
2708,216640000,216720000,13602,2483
2709,216720000,216800000,23151,4071
2710,216800000,216880000,24227,4370
2711,216880000,216960000,16856,3524
2712,216960000,217040000,13253,2413
2713,217040000,217120000,21854,4067
2714,217120000,217200000,23646,4283
2715,217200000,217280000,16316,3405
2716,217280000,217360000,14241,2604
2717,217360000,217440000,23162,4100
2718,217440000,217520000,21377,3933
2719,217520000,217600000,16972,3517
2720,217600000,217680000,14593,2829
2721,217680000,217760000,22284,4084
2722,217760000,217840000,19915,3672
2723,217840000,217920000,16569,3438
2724,217920000,218000000,17377,3178
2725,218000000,218080000,22932,4101
2726,218080000,218160000,18846,3663
2727,218160000,218240000,15885,3207
2728,218240000,218320000,17927,3400
2729,218320000,218400000,23216,4108
2730,218400000,218480000,18272,3638
2731,218480000,218560000,15414,3108
2732,218560000,218640000,18838,3532
2733,218640000,218720000,21950,4195
2734,218720000,218800000,17298,3613
2735,218800000,218880000,13820,2694
2736,218880000,218960000,20902,3864
2737,218960000,219040000,22929,4220
2738,219040000,219120000,17405,3600
2739,219120000,219200000,13289,2483
2740,219200000,219280000,22077,4070
2741,219280000,219360000,23584,4370
2742,219360000,219440000,17210,3525
2743,219440000,219520000,13370,2413
2744,219520000,219600000,22367,4058
2745,219600000,219680000,23742,4278
2746,219680000,219760000,16628,3405
2747,219760000,219840000,14279,2604
2748,219840000,219920000,23021,4089
2749,219920000,220000000,21308,3934
2750,220000000,220080000,16973,3517
2751,220080000,220160000,14996,2829
2752,220160000,220240000,22268,4087
2753,220240000,220320000,19511,3661
2754,220320000,220400000,16775,3438
2755,220400000,220480000,17063,3178
2756,220480000,220560000,23053,4096
2757,220560000,220640000,18760,3656
2758,220640000,220720000,16444,3207
2759,220720000,220800000,18559,3400
2760,220800000,220880000,22725,4099
2761,220880000,220960000,18075,3633
2762,220960000,221040000,15715,3108
2763,221040000,221120000,19300,3532
2764,221120000,221200000,23199,4194
2765,221200000,221280000,17239,3618
2766,221280000,221360000,13675,2694
2767,221360000,221440000,20498,3863
2768,221440000,221520000,22687,4226
2769,221520000,221600000,17109,3603
2770,221600000,221680000,13293,2483
2771,221680000,221760000,22152,4071
2772,221760000,221840000,24260,4382
2773,221840000,221920000,17091,3524
2774,221920000,222000000,13304,2413
2775,222000000,222080000,22228,4061
2776,222080000,222160000,23649,4283
2777,222160000,222240000,16857,3405
2778,222240000,222320000,14278,2604
2779,222320000,222400000,22941,4094
2780,222400000,222480000,21793,3933
2781,222480000,222560000,17184,3517
2782,222560000,222640000,15011,2829
2783,222640000,222720000,22213,4092
2784,222720000,222800000,19464,3672
2785,222800000,222880000,16853,3438
2786,222880000,222960000,17536,3178
2787,222960000,223040000,23056,4107
2788,223040000,223120000,18542,3663
2789,223120000,223200000,16481,3207
2790,223200000,223280000,18504,3400
2791,223280000,223360000,22707,4102
2792,223360000,223440000,18848,3638
2793,223440000,223520000,15957,3108
2794,223520000,223600000,19599,3532
2795,223600000,223680000,23284,4195
2796,223680000,223760000,17546,3613
2797,223760000,223840000,13852,2694
2798,223840000,223920000,20710,3864
2799,223920000,224000000,23036,4226
2800,224000000,224080000,17572,3600
2801,224080000,224160000,13602,2483
2802,224160000,224240000,22644,4070
2803,224240000,224320000,24410,4370
2804,224320000,224400000,17138,3525
2805,224400000,224480000,13078,2413
2806,224480000,224560000,22559,4058
2807,224560000,224640000,23791,4278
2808,224640000,224720000,16307,3405
2809,224720000,224800000,14062,2604
2810,224800000,224880000,22945,4089
2811,224880000,224960000,21040,3934
2812,224960000,225040000,16651,3517
2813,225040000,225120000,13882,2829
2814,225120000,225200000,21596,4096
2815,225200000,225280000,19420,3672
2816,225280000,225360000,16077,3438
2817,225360000,225440000,16742,3178
2818,225440000,225520000,22200,4099
2819,225520000,225600000,18258,3665
2820,225600000,225680000,15933,3207
2821,225680000,225760000,18099,3400
2822,225760000,225840000,22562,4105
2823,225840000,225920000,18234,3633
2824,225920000,226000000,15503,3108
2825,226000000,226080000,19228,3532
2826,226080000,226160000,23090,4194
2827,226160000,226240000,17811,3618
2828,226240000,226320000,13835,2694
2829,226320000,226400000,21046,3863
2830,226400000,226480000,22703,4234
2831,226480000,226560000,17705,3603
2832,226560000,226640000,13514,2483
2833,226640000,226720000,22407,4071
2834,226720000,226800000,23767,4376
2835,226800000,226880000,16928,3524
2836,226880000,226960000,13099,2413
2837,226960000,227040000,21971,4061
2838,227040000,227120000,23971,4283
2839,227120000,227200000,16438,3405
2840,227200000,227280000,14133,2604
2841,227280000,227360000,22710,4094
2842,227360000,227440000,20602,3933
2843,227440000,227520000,17160,3517
2844,227520000,227600000,14951,2829
2845,227600000,227680000,22204,4084
2846,227680000,227760000,19439,3684
2847,227760000,227840000,16253,3438
2848,227840000,227920000,16260,3178
2849,227920000,228000000,22298,4101
2850,228000000,228080000,18615,3663
2851,228080000,228160000,15351,3207
2852,228160000,228240000,17568,3400
2853,228240000,228320000,23731,4102
2854,228320000,228400000,17788,3638
2855,228400000,228480000,15390,3108
2856,228480000,228560000,18594,3532
2857,228560000,228640000,22373,4195
2858,228640000,228720000,16930,3613
2859,228720000,228800000,13625,2694
2860,228800000,228880000,20046,3864
2861,228880000,228960000,22870,4232
2862,228960000,229040000,16861,3600
2863,229040000,229120000,13010,2483
2864,229120000,229200000,21685,4070
2865,229200000,229280000,23487,4376
2866,229280000,229360000,16193,3525
2867,229360000,229440000,12663,2413
2868,229440000,229520000,21058,4064
2869,229520000,229600000,23555,4284
2870,229600000,229680000,15678,3405
2871,229680000,229760000,13102,2604
2872,229760000,229840000,22199,4095
2873,229840000,229920000,21383,3940
2874,229920000,230000000,16041,3517
2875,230000000,230080000,14075,2829
2876,230080000,230160000,22753,4087
2877,230160000,230240000,20249,3661
2878,230240000,230320000,15940,3438
2879,230320000,230400000,16457,3178
2880,230400000,230480000,22550,4096
2881,230480000,230560000,18681,3656
2882,230560000,230640000,15378,3207
2883,230640000,230720000,17174,3400
2884,230720000,230800000,23161,4105
2885,230800000,230880000,17739,3633
2886,230880000,230960000,15098,3108
2887,230960000,231040000,18425,3532
2888,231040000,231120000,22424,4194
2889,231120000,231200000,16851,3618
2890,231200000,231280000,13449,2694
2891,231280000,231360000,19753,3866
2892,231360000,231440000,22820,4229
2893,231440000,231520000,16813,3603
2894,231520000,231600000,13270,2483
2895,231600000,231680000,22155,4071
2896,231680000,231760000,24414,4376
2897,231760000,231840000,16382,3524
2898,231840000,231920000,13008,2413
2899,231920000,232000000,21547,4067
2900,232000000,232080000,23449,4295
2901,232080000,232160000,15979,3405
2902,232160000,232240000,14036,2604
2903,232240000,232320000,22368,4094
2904,232320000,232400000,21649,3933
2905,232400000,232480000,16609,3517
2906,232480000,232560000,14597,2829
2907,232560000,232640000,22053,4084
2908,232640000,232720000,19986,3672
2909,232720000,232800000,16334,3438
2910,232800000,232880000,17208,3178
2911,232880000,232960000,22643,4104
2912,232960000,233040000,18981,3672
2913,233040000,233120000,16199,3207
2914,233120000,233200000,18497,3400
2915,233200000,233280000,23404,4102
2916,233280000,233360000,18432,3638
2917,233360000,233440000,15369,3108
2918,233440000,233520000,18156,3532
2919,233520000,233600000,22902,4195
2920,233600000,233680000,17230,3613
2921,233680000,233760000,13385,2694
2922,233760000,233840000,20200,3864
2923,233840000,233920000,23048,4220
2924,233920000,234000000,16649,3600
2925,234000000,234080000,13214,2483
2926,234080000,234160000,21580,4076
2927,234160000,234240000,23727,4376
2928,234240000,234320000,16236,3525
2929,234320000,234400000,12758,2413
2930,234400000,234480000,21702,4058
2931,234480000,234560000,23709,4278
2932,234560000,234640000,15738,3405
2933,234640000,234720000,13525,2604
2934,234720000,234800000,22294,4089
2935,234800000,234880000,21096,3934
2936,234880000,234960000,16408,3517
2937,234960000,235040000,14491,2829
2938,235040000,235120000,22843,4087
2939,235120000,235200000,20185,3661
2940,235200000,235280000,16306,3438
2941,235280000,235360000,17039,3178
2942,235360000,235440000,22563,4096
2943,235440000,235520000,18302,3656
2944,235520000,235600000,15840,3207
2945,235600000,235680000,18114,3400
2946,235680000,235760000,23039,4105
2947,235760000,235840000,17967,3639
2948,235840000,235920000,15540,3108
2949,235920000,236000000,19190,3532
2950,236000000,236080000,23385,4200
2951,236080000,236160000,17259,3618
2952,236160000,236240000,13683,2694
2953,236240000,236320000,20133,3863
2954,236320000,236400000,22991,4232
2955,236400000,236480000,17009,3603
2956,236480000,236560000,13357,2483
2957,236560000,236640000,22137,4071
2958,236640000,236720000,24910,4370
2959,236720000,236800000,16633,3524
2960,236800000,236880000,12900,2413
2961,236880000,236960000,21882,4064
2962,236960000,237040000,22949,4292
2963,237040000,237120000,16070,3405
2964,237120000,237200000,13980,2604
2965,237200000,237280000,22940,4094
2966,237280000,237360000,21420,3939
2967,237360000,237440000,16727,3517
2968,237440000,237520000,14464,2829
2969,237520000,237600000,22114,4090
2970,237600000,237680000,19929,3672
2971,237680000,237760000,16478,3438
2972,237760000,237840000,17559,3178
2973,237840000,237920000,23491,4101
2974,237920000,238000000,19004,3669
2975,238000000,238080000,15929,3207
2976,238080000,238160000,17899,3400
2977,238160000,238240000,24904,4102
2978,238240000,238320000,18348,3638
2979,238320000,238400000,15376,3108
2980,238400000,238480000,18925,3532
2981,238480000,238560000,22821,4201
2982,238560000,238640000,16864,3613
2983,238640000,238720000,13850,2694
2984,238720000,238800000,20691,3864
2985,238800000,238880000,23424,4232
2986,238880000,238960000,17114,3606
2987,238960000,239040000,13234,2483
2988,239040000,239120000,21805,4070
2989,239120000,239200000,24003,4370
2990,239200000,239280000,16323,3525
2991,239280000,239360000,13068,2413
2992,239360000,239440000,21987,4058
2993,239440000,239520000,23523,4278
2994,239520000,239600000,15947,3405
2995,239600000,239680000,13867,2604
2996,239680000,239760000,22349,4095
2997,239760000,239840000,21332,3946
2998,239840000,239920000,16706,3517
2999,239920000,240000000,14642,2829
3000,240000000,240080000,22393,4087
3001,240080000,240160000,20215,3661
3002,240160000,240240000,16419,3438
3003,240240000,240320000,16604,3178
3004,240320000,240400000,24013,4096
3005,240400000,240480000,19158,3656
3006,240480000,240560000,15909,3207
3007,240560000,240640000,18271,3400
3008,240640000,240720000,23263,4099
3009,240720000,240800000,18008,3633
3010,240800000,240880000,15646,3108
3011,240880000,240960000,19015,3532
3012,240960000,241040000,23277,4200
3013,241040000,241120000,17344,3618
3014,241120000,241200000,13808,2694
3015,241200000,241280000,20691,3863
3016,241280000,241360000,23189,4226
3017,241360000,241440000,17173,3603
3018,241440000,241520000,13463,2483
3019,241520000,241600000,22403,4071
3020,241600000,241680000,23899,4370
3021,241680000,241760000,16831,3524
3022,241760000,241840000,13370,2413
3023,241840000,241920000,22412,4061
3024,241920000,242000000,24018,4283
3025,242000000,242080000,16484,3405
3026,242080000,242160000,14233,2604
3027,242160000,242240000,22167,4094
3028,242240000,242320000,20767,3933
3029,242320000,242400000,16788,3517
3030,242400000,242480000,14779,2829
3031,242480000,242560000,22805,4090
3032,242560000,242640000,20019,3672
3033,242640000,242720000,16479,3438
3034,242720000,242800000,17375,3178
3035,242800000,242880000,23097,4101
3036,242880000,242960000,18939,3663
3037,242960000,243040000,16006,3207
3038,243040000,243120000,18213,3400
3039,243120000,243200000,23309,4108
3040,243200000,243280000,18738,3638
3041,243280000,243360000,15847,3108
3042,243360000,243440000,19344,3532
3043,243440000,243520000,23160,4195
3044,243520000,243600000,17369,3613
3045,243600000,243680000,13129,2694
3046,243680000,243760000,19466,3864
3047,243760000,243840000,23348,4220
3048,243840000,243920000,16672,3600
3049,243920000,244000000,12789,2483
3050,244000000,244080000,21281,4070
3051,244080000,244160000,24470,4382
3052,244160000,244240000,16202,3525
3053,244240000,244320000,12581,2413
3054,244320000,244400000,21760,4064
3055,244400000,244480000,23883,4278
3056,244480000,244560000,15569,3405
3057,244560000,244640000,13131,2604
3058,244640000,244720000,21905,4089
3059,244720000,244800000,21090,3940
3060,244800000,244880000,16099,3517
3061,244880000,244960000,13647,2829
3062,244960000,245040000,22128,4093
3063,245040000,245120000,19629,3661
3064,245120000,245200000,15910,3438
3065,245200000,245280000,16551,3178
3066,245280000,245360000,22133,4102
3067,245360000,245440000,18096,3656
3068,245440000,245520000,15862,3207
3069,245520000,245600000,17931,3400
3070,245600000,245680000,22744,4111
3071,245680000,245760000,18145,3639
3072,245760000,245840000,15577,3108
3073,245840000,245920000,18780,3532
3074,245920000,246000000,22406,4194
3075,246000000,246080000,17237,3618
3076,246080000,246160000,13899,2694
3077,246160000,246240000,20600,3863
3078,246240000,246320000,23650,4226
3079,246320000,246400000,17262,3603
3080,246400000,246480000,13257,2483
3081,246480000,246560000,21784,4071
3082,246560000,246640000,23786,4370
3083,246640000,246720000,16619,3524
3084,246720000,246800000,12868,2413
3085,246800000,246880000,21809,4067
3086,246880000,246960000,23525,4283
3087,246960000,247040000,16004,3405
3088,247040000,247120000,13695,2604
3089,247120000,247200000,22784,4094
3090,247200000,247280000,21322,3933
3091,247280000,247360000,16580,3517
3092,247360000,247440000,14187,2829
3093,247440000,247520000,22326,4084
3094,247520000,247600000,19368,3672
3095,247600000,247680000,16212,3438
3096,247680000,247760000,16827,3178
3097,247760000,247840000,22006,4101
3098,247840000,247920000,18744,3663
3099,247920000,248000000,15771,3207
3100,248000000,248080000,17825,3400
3101,248080000,248160000,23208,4108
3102,248160000,248240000,17695,3638
3103,248240000,248320000,15516,3108
3104,248320000,248400000,18715,3532
3105,248400000,248480000,21959,4195
3106,248480000,248560000,16989,3613
3107,248560000,248640000,13847,2694
3108,248640000,248720000,20760,3864
3109,248720000,248800000,24312,4220
3110,248800000,248880000,17269,3600
3111,248880000,248960000,13547,2483
3112,248960000,249040000,22226,4070
3113,249040000,249120000,24232,4370
3114,249120000,249200000,16966,3525
3115,249200000,249280000,12992,2413
3116,249280000,249360000,21994,4058
3117,249360000,249440000,23394,4278
3118,249440000,249520000,16177,3405
3119,249520000,249600000,13633,2604
3120,249600000,249680000,22479,4089
3121,249680000,249760000,21018,3934
3122,249760000,249840000,16594,3517
3123,249840000,249920000,14440,2829
3124,249920000,250000000,22113,4093
3125,250000000,250080000,19531,3661
3126,250080000,250160000,16350,3438
3127,250160000,250240000,16692,3178
3128,250240000,250320000,22755,4096
3129,250320000,250400000,19003,3656
3130,250400000,250480000,16106,3207
3131,250480000,250560000,18181,3400
3132,250560000,250640000,23855,4099
3133,250640000,250720000,18069,3633
3134,250720000,250800000,15778,3108
3135,250800000,250880000,19005,3532
3136,250880000,250960000,22942,4194
3137,250960000,251040000,17025,3618
3138,251040000,251120000,13952,2694
3139,251120000,251200000,20235,3863
3140,251200000,251280000,23414,4238
3141,251280000,251360000,16829,3603
3142,251360000,251440000,13086,2483
3143,251440000,251520000,21576,4071
3144,251520000,251600000,24428,4376
3145,251600000,251680000,16419,3524
3146,251680000,251760000,12906,2413
3147,251760000,251840000,21998,4061
3148,251840000,251920000,24245,4283
3149,251920000,252000000,16054,3405
3150,252000000,252080000,13664,2604
3151,252080000,252160000,22117,4100
3152,252160000,252240000,21484,3939
3153,252240000,252320000,16524,3517
3154,252320000,252400000,14471,2829
3155,252400000,252480000,22428,4090
3156,252480000,252560000,19985,3684
3157,252560000,252640000,16137,3438
3158,252640000,252720000,17021,3178
3159,252720000,252800000,22813,4101
3160,252800000,252880000,19141,3663
3161,252880000,252960000,15895,3207
3162,252960000,253040000,17879,3400
3163,253040000,253120000,23496,4102
3164,253120000,253200000,18566,3638
3165,253200000,253280000,15416,3108
3166,253280000,253360000,18267,3532
3167,253360000,253440000,23098,4195
3168,253440000,253520000,16916,3613
3169,253520000,253600000,13457,2694
3170,253600000,253680000,19725,3864
3171,253680000,253760000,22451,4220
3172,253760000,253840000,16716,3600
3173,253840000,253920000,13149,2483
3174,253920000,254000000,21339,4070
3175,254000000,254080000,23679,4370
3176,254080000,254160000,16359,3525
3177,254160000,254240000,12814,2413
3178,254240000,254320000,21860,4058
3179,254320000,254400000,24309,4278
3180,254400000,254480000,15906,3405
3181,254480000,254560000,13910,2604
3182,254560000,254640000,22581,4089
3183,254640000,254720000,20975,3934
3184,254720000,254800000,16590,3517
3185,254800000,254880000,14497,2829
3186,254880000,254960000,22926,4087
3187,254960000,255040000,20355,3661
3188,255040000,255120000,16452,3438
3189,255120000,255200000,17177,3178
3190,255200000,255280000,22791,4096
3191,255280000,255360000,18502,3656
3192,255360000,255440000,15969,3207
3193,255440000,255520000,17945,3400
3194,255520000,255600000,23714,4105
3195,255600000,255680000,18083,3639
3196,255680000,255760000,15394,3108
3197,255760000,255840000,18397,3532
3198,255840000,255920000,22562,4194
3199,255920000,256000000,17134,3624
3200,256000000,256080000,13680,2694
3201,256080000,256160000,20388,3863
3202,256160000,256240000,23084,4226
3203,256240000,256320000,16797,3603
3204,256320000,256400000,13485,2483
3205,256400000,256480000,22064,4071
3206,256480000,256560000,23489,4370
3207,256560000,256640000,16502,3524
3208,256640000,256720000,13205,2413
3209,256720000,256800000,21682,4067
3210,256800000,256880000,24000,4283
3211,256880000,256960000,16189,3405
3212,256960000,257040000,14080,2604
3213,257040000,257120000,22952,4094
3214,257120000,257200000,21204,3933
3215,257200000,257280000,16845,3517
3216,257280000,257360000,14696,2829
3217,257360000,257440000,22305,4087
3218,257440000,257520000,20032,3675
3219,257520000,257600000,16623,3438
3220,257600000,257680000,17621,3178
3221,257680000,257760000,22796,4111
3222,257760000,257840000,18420,3663
3223,257840000,257920000,15912,3207
3224,257920000,258000000,17621,3400
3225,258000000,258080000,23002,4107
3226,258080000,258160000,17639,3638
3227,258160000,258240000,15403,3108
3228,258240000,258320000,18522,3532
3229,258320000,258400000,23009,4203
3230,258400000,258480000,16801,3613
3231,258480000,258560000,13738,2694
3232,258560000,258640000,20313,3864
3233,258640000,258720000,23468,4220
3234,258720000,258800000,17306,3600
3235,258800000,258880000,13599,2483
3236,258880000,258960000,22375,4070
3237,258960000,259040000,23933,4378
3238,259040000,259120000,16789,3525
3239,259120000,259200000,13297,2413
3240,259200000,259280000,21547,4063
3241,259280000,259360000,22872,4295
3242,259360000,259440000,16331,3405
3243,259440000,259520000,14161,2604
3244,259520000,259600000,22751,4089
3245,259600000,259680000,21071,3944
3246,259680000,259760000,17007,3517
3247,259760000,259840000,15208,2829
3248,259840000,259920000,22591,4087
3249,259920000,260000000,19738,3661
3250,260000000,260080000,17053,3438
3251,260080000,260160000,17282,3178
3252,260160000,260240000,22939,4096
3253,260240000,260320000,18961,3656
3254,260320000,260400000,16241,3207
3255,260400000,260480000,18342,3400
3256,260480000,260560000,23243,4099
3257,260560000,260640000,17821,3633
3258,260640000,260720000,15323,3108
3259,260720000,260800000,18464,3532
3260,260800000,260880000,22123,4194
3261,260880000,260960000,16644,3618
3262,260960000,261040000,13626,2694
3263,261040000,261120000,20114,3863
3264,261120000,261200000,23779,4226
3265,261200000,261280000,16836,3603
3266,261280000,261360000,13351,2483
3267,261360000,261440000,21944,4071
3268,261440000,261520000,24306,4370
3269,261520000,261600000,16590,3524
3270,261600000,261680000,13225,2413
3271,261680000,261760000,22435,4061
3272,261760000,261840000,23961,4289
3273,261840000,261920000,16329,3405
3274,261920000,262000000,14217,2604
3275,262000000,262080000,22686,4094
3276,262080000,262160000,21400,3933
3277,262160000,262240000,16855,3517
3278,262240000,262320000,14940,2829
3279,262320000,262400000,22708,4084
3280,262400000,262480000,19967,3678
3281,262480000,262560000,16449,3438
3282,262560000,262640000,16917,3178
3283,262640000,262720000,22638,4101
3284,262720000,262800000,18716,3663
3285,262800000,262880000,15957,3207
3286,262880000,262960000,17880,3400
3287,262960000,263040000,22457,4102
3288,263040000,263120000,17904,3638
3289,263120000,263200000,15791,3108
3290,263200000,263280000,19111,3532
3291,263280000,263360000,22740,4195
3292,263360000,263440000,16537,3613
3293,263440000,263520000,13520,2694
3294,263520000,263600000,19789,3864
3295,263600000,263680000,22600,4226
3296,263680000,263760000,16757,3600
3297,263760000,263840000,13329,2483
3298,263840000,263920000,21878,4070
3299,263920000,264000000,24273,4370
3300,264000000,264080000,16423,3525
3301,264080000,264160000,13142,2413
3302,264160000,264240000,22107,4058
3303,264240000,264320000,24402,4278
3304,264320000,264400000,16222,3405
3305,264400000,264480000,14183,2604
3306,264480000,264560000,22826,4089
3307,264560000,264640000,21119,3934
3308,264640000,264720000,16605,3517
3309,264720000,264800000,14183,2829
3310,264800000,264880000,21285,4093
3311,264880000,264960000,19607,3661
3312,264960000,265040000,16210,3438
3313,265040000,265120000,17148,3178
3314,265120000,265200000,22930,4096
3315,265200000,265280000,18278,3656
3316,265280000,265360000,16129,3207
3317,265360000,265440000,18417,3400
3318,265440000,265520000,23276,4099
3319,265520000,265600000,18198,3633
3320,265600000,265680000,15620,3108
3321,265680000,265760000,18762,3532
3322,265760000,265840000,22871,4194
3323,265840000,265920000,17192,3618
3324,265920000,266000000,13582,2694
3325,266000000,266080000,20241,3863
3326,266080000,266160000,22353,4238
3327,266160000,266240000,17132,3609
3328,266240000,266320000,13302,2483
3329,266320000,266400000,21821,4071
3330,266400000,266480000,24254,4382
3331,266480000,266560000,16475,3524
3332,266560000,266640000,13022,2413
3333,266640000,266720000,21783,4061
3334,266720000,266800000,23922,4289
3335,266800000,266880000,15976,3405
3336,266880000,266960000,13550,2604
3337,266960000,267040000,22213,4094
3338,267040000,267120000,21291,3933
3339,267120000,267200000,16571,3517
3340,267200000,267280000,14224,2829
3341,267280000,267360000,22433,4090
3342,267360000,267440000,19921,3672
3343,267440000,267520000,16262,3438
3344,267520000,267600000,16538,3178
3345,267600000,267680000,22049,4101
3346,267680000,267760000,18516,3663
3347,267760000,267840000,15774,3207
3348,267840000,267920000,17849,3400
3349,267920000,268000000,23440,4102
3350,268000000,268080000,17780,3638
3351,268080000,268160000,15577,3108
3352,268160000,268240000,18887,3532
3353,268240000,268320000,22395,4195
3354,268320000,268400000,17267,3619
3355,268400000,268480000,13804,2694
3356,268480000,268560000,20574,3864
3357,268560000,268640000,23715,4223
3358,268640000,268720000,17267,3603
3359,268720000,268800000,13577,2483
3360,268800000,268880000,22502,4070
3361,268880000,268960000,23594,4370
3362,268960000,269040000,16843,3525
3363,269040000,269120000,13271,2413
3364,269120000,269200000,22074,4064
3365,269200000,269280000,24234,4278
3366,269280000,269360000,16233,3405
3367,269360000,269440000,13362,2604
3368,269440000,269520000,22777,4089
3369,269520000,269600000,21428,3934
3370,269600000,269680000,16393,3517
3371,269680000,269760000,14601,2829
3372,269760000,269840000,22615,4093
3373,269840000,269920000,19841,3661
3374,269920000,270000000,16405,3438
3375,270000000,270080000,17086,3178
3376,270080000,270160000,22939,4096
3377,270160000,270240000,18243,3656
3378,270240000,270320000,15966,3207
3379,270320000,270400000,17820,3400
3380,270400000,270480000,22531,4105
3381,270480000,270560000,18115,3633
3382,270560000,270640000,15417,3108
3383,270640000,270720000,19113,3532
3384,270720000,270800000,23593,4194
3385,270800000,270880000,17372,3618
3386,270880000,270960000,13736,2694
3387,270960000,271040000,20658,3863
3388,271040000,271120000,23722,4226
3389,271120000,271200000,17320,3603
3390,271200000,271280000,13602,2483
3391,271280000,271360000,22172,4071
3392,271360000,271440000,23939,4370
3393,271440000,271520000,16490,3524
3394,271520000,271600000,12928,2413
3395,271600000,271680000,21305,4067
3396,271680000,271760000,23675,4283
3397,271760000,271840000,15777,3405
3398,271840000,271920000,13646,2604
3399,271920000,272000000,22351,4094
3400,272000000,272080000,21443,3933
3401,272080000,272160000,16345,3517
3402,272160000,272240000,14384,2829
3403,272240000,272320000,22106,4084
3404,272320000,272400000,19773,3672
3405,272400000,272480000,16191,3438
3406,272480000,272560000,16921,3178
3407,272560000,272640000,22416,4107
3408,272640000,272720000,18453,3663
3409,272720000,272800000,15959,3207
3410,272800000,272880000,18183,3400
3411,272880000,272960000,22913,4114
3412,272960000,273040000,18061,3644
3413,273040000,273120000,15408,3108
3414,273120000,273200000,18342,3532
3415,273200000,273280000,23701,4195
3416,273280000,273360000,17021,3613
3417,273360000,273440000,13665,2694
3418,273440000,273520000,20268,3864
3419,273520000,273600000,22861,4226
3420,273600000,273680000,16926,3600
3421,273680000,273760000,13202,2483
3422,273760000,273840000,21451,4076
3423,273840000,273920000,24465,4370
3424,273920000,274000000,16617,3525
3425,274000000,274080000,12709,2413
3426,274080000,274160000,21642,4058
3427,274160000,274240000,23519,4278
3428,274240000,274320000,15828,3405
3429,274320000,274400000,13594,2604
3430,274400000,274480000,22497,4095
3431,274480000,274560000,21163,3940
3432,274560000,274640000,16487,3517
3433,274640000,274720000,14510,2829
3434,274720000,274800000,22054,4087
3435,274800000,274880000,19750,3661
3436,274880000,274960000,16364,3438
3437,274960000,275040000,16909,3178
3438,275040000,275120000,22872,4096
3439,275120000,275200000,18432,3656
3440,275200000,275280000,15902,3207
3441,275280000,275360000,18237,3400
3442,275360000,275440000,23106,4099
3443,275440000,275520000,17896,3633
3444,275520000,275600000,15848,3108
3445,275600000,275680000,19397,3532
3446,275680000,275760000,23821,4194
3447,275760000,275840000,17494,3618
3448,275840000,275920000,13992,2694
3449,275920000,276000000,20586,3863
3450,276000000,276080000,23567,4226
3451,276080000,276160000,17070,3603
3452,276160000,276240000,13634,2483
3453,276240000,276320000,22233,4071
3454,276320000,276400000,23394,4370
3455,276400000,276480000,16623,3524
3456,276480000,276560000,13096,2413
3457,276560000,276640000,21508,4067
3458,276640000,276720000,22900,4283
3459,276720000,276800000,16324,3405
3460,276800000,276880000,14133,2604
3461,276880000,276960000,22670,4094
3462,276960000,277040000,20977,3933
3463,277040000,277120000,16819,3517
3464,277120000,277200000,14209,2829
3465,277200000,277280000,21679,4090
3466,277280000,277360000,19476,3672
3467,277360000,277440000,16384,3438
3468,277440000,277520000,17183,3178
3469,277520000,277600000,23080,4101
3470,277600000,277680000,18785,3663
3471,277680000,277760000,16017,3207
3472,277760000,277840000,17897,3400
3473,277840000,277920000,22809,4108
3474,277920000,278000000,18079,3638
3475,278000000,278080000,15262,3108
3476,278080000,278160000,18521,3532
3477,278160000,278240000,22365,4195
3478,278240000,278320000,16853,3613
3479,278320000,278400000,13587,2694
3480,278400000,278480000,20462,3864
3481,278480000,278560000,22641,4226
3482,278560000,278640000,17055,3600
3483,278640000,278720000,13136,2483
3484,278720000,278800000,21708,4070
3485,278800000,278880000,23916,4376
3486,278880000,278960000,16608,3525
3487,278960000,279040000,13102,2413
3488,279040000,279120000,21863,4058
3489,279120000,279200000,24235,4278
3490,279200000,279280000,16131,3405
3491,279280000,279360000,13937,2604
3492,279360000,279440000,22451,4089
3493,279440000,279520000,20301,3940
3494,279520000,279600000,16714,3517
3495,279600000,279680000,14787,2829
3496,279680000,279760000,22468,4093
3497,279760000,279840000,20338,3673
3498,279840000,279920000,16599,3438
3499,279920000,280000000,16950,3178
3500,280000000,280080000,23052,4096
3501,280080000,280160000,18874,3656
3502,280160000,280240000,16220,3207
3503,280240000,280320000,18533,3400
3504,280320000,280400000,23526,4099
3505,280400000,280480000,18297,3633
3506,280480000,280560000,15571,3108
3507,280560000,280640000,18816,3532
3508,280640000,280720000,22635,4194
3509,280720000,280800000,17063,3618
3510,280800000,280880000,13719,2694
3511,280880000,280960000,20762,3863
3512,280960000,281040000,23386,4226
3513,281040000,281120000,17166,3603
3514,281120000,281200000,13062,2483
3515,281200000,281280000,21767,4071
3516,281280000,281360000,23700,4370
3517,281360000,281440000,16853,3524
3518,281440000,281520000,12815,2413
3519,281520000,281600000,21889,4064
3520,281600000,281680000,24183,4292
3521,281680000,281760000,16468,3405
3522,281760000,281840000,13824,2604
3523,281840000,281920000,22357,4094
3524,281920000,282000000,21633,3933
3525,282000000,282080000,17102,3517
3526,282080000,282160000,14738,2829
3527,282160000,282240000,22388,4090
3528,282240000,282320000,19811,3672
3529,282320000,282400000,16875,3438
3530,282400000,282480000,17332,3178
3531,282480000,282560000,22130,4107
3532,282560000,282640000,18973,3663
3533,282640000,282720000,15970,3207
3534,282720000,282800000,17433,3400
3535,282800000,282880000,23562,4102
3536,282880000,282960000,18511,3638
3537,282960000,283040000,15380,3108
3538,283040000,283120000,18554,3532
3539,283120000,283200000,22282,4195
3540,283200000,283280000,17445,3613
3541,283280000,283360000,13552,2694
3542,283360000,283440000,19993,3864
3543,283440000,283520000,23209,4220
3544,283520000,283600000,17171,3600
3545,283600000,283680000,13227,2483
3546,283680000,283760000,21828,4070
3547,283760000,283840000,24818,4370
3548,283840000,283920000,16847,3525
3549,283920000,284000000,12841,2413
3550,284000000,284080000,21911,4064
3551,284080000,284160000,23998,4278
3552,284160000,284240000,16367,3405
3553,284240000,284320000,13744,2604
3554,284320000,284400000,22881,4089
3555,284400000,284480000,21589,3934
3556,284480000,284560000,16963,3517
3557,284560000,284640000,14418,2829
3558,284640000,284720000,22661,4087
3559,284720000,284800000,20429,3661
3560,284800000,284880000,16539,3438
3561,284880000,284960000,17215,3178
3562,284960000,285040000,22472,4102
3563,285040000,285120000,19055,3656
3564,285120000,285200000,16269,3207
3565,285200000,285280000,18537,3400
3566,285280000,285360000,22909,4105
3567,285360000,285440000,18404,3633
3568,285440000,285520000,15980,3108
3569,285520000,285600000,19318,3532
3570,285600000,285680000,23013,4200
3571,285680000,285760000,17750,3618
3572,285760000,285840000,14313,2694
3573,285840000,285920000,21002,3863
3574,285920000,286000000,23141,4226
3575,286000000,286080000,17681,3603
3576,286080000,286160000,13525,2483
3577,286160000,286240000,22031,4071
3578,286240000,286320000,24019,4370
3579,286320000,286400000,17289,3524
3580,286400000,286480000,13233,2413
3581,286480000,286560000,22477,4067
3582,286560000,286640000,23300,4295
3583,286640000,286720000,16690,3405
3584,286720000,286800000,14301,2604
3585,286800000,286880000,23155,4094
3586,286880000,286960000,21769,3939
3587,286960000,287040000,17174,3517
3588,287040000,287120000,14588,2829
3589,287120000,287200000,22018,4084
3590,287200000,287280000,19956,3672
3591,287280000,287360000,16628,3438
3592,287360000,287440000,17265,3178
3593,287440000,287520000,22283,4101
3594,287520000,287600000,19080,3663
3595,287600000,287680000,16156,3207
3596,287680000,287760000,18443,3400
3597,287760000,287840000,23165,4102
3598,287840000,287920000,18129,3638
3599,287920000,288000000,15676,3108
3600,288000000,288080000,18585,3532
3601,288080000,288160000,22162,4195
3602,288160000,288240000,16672,3613
3603,288240000,288320000,13810,2694
3604,288320000,288400000,20119,3864
3605,288400000,288480000,23244,4220
3606,288480000,288560000,17558,3600
3607,288560000,288640000,13634,2483
3608,288640000,288720000,22268,4070
3609,288720000,288800000,23696,4382
3610,288800000,288880000,17218,3525
3611,288880000,288960000,13106,2413
3612,288960000,289040000,21965,4064
3613,289040000,289120000,23467,4278
3614,289120000,289200000,16473,3405
3615,289200000,289280000,13542,2604
3616,289280000,289360000,22181,4089
3617,289360000,289440000,21008,3934
3618,289440000,289520000,16914,3517
3619,289520000,289600000,14806,2829
3620,289600000,289680000,22217,4099
3621,289680000,289760000,20247,3673
3622,289760000,289840000,16775,3438
3623,289840000,289920000,17119,3178
3624,289920000,290000000,22832,4096
3625,290000000,290080000,19370,3662
3626,290080000,290160000,16420,3207
3627,290160000,290240000,18482,3400
3628,290240000,290320000,23373,4099
3629,290320000,290400000,18555,3633
3630,290400000,290480000,15841,3108
3631,290480000,290560000,19295,3532
3632,290560000,290640000,23600,4194
3633,290640000,290720000,17517,3618
3634,290720000,290800000,14034,2694
3635,290800000,290880000,20483,3863
3636,290880000,290960000,22631,4232
3637,290960000,291040000,17401,3603
3638,291040000,291120000,13638,2483
3639,291120000,291200000,22427,4071
3640,291200000,291280000,23743,4370
3641,291280000,291360000,17284,3524
3642,291360000,291440000,13409,2413
3643,291440000,291520000,22314,4061
3644,291520000,291600000,24453,4283
3645,291600000,291680000,16784,3405
3646,291680000,291760000,13925,2604
3647,291760000,291840000,22202,4094
3648,291840000,291920000,20907,3933
3649,291920000,292000000,17134,3517
3650,292000000,292080000,14776,2829
3651,292080000,292160000,21781,4090
3652,292160000,292240000,19695,3672
3653,292240000,292320000,16873,3438
3654,292320000,292400000,17448,3178
3655,292400000,292480000,22768,4101
3656,292480000,292560000,19328,3663
3657,292560000,292640000,16519,3207
3658,292640000,292720000,18567,3400
3659,292720000,292800000,23020,4102
3660,292800000,292880000,18984,3638
3661,292880000,292960000,15999,3108
3662,292960000,293040000,19394,3532
3663,293040000,293120000,22415,4195
3664,293120000,293200000,17678,3613
3665,293200000,293280000,14183,2694
3666,293280000,293360000,20837,3864
3667,293360000,293440000,23502,4232
3668,293440000,293520000,17652,3606
3669,293520000,293600000,13921,2483
3670,293600000,293680000,22484,4070
3671,293680000,293760000,23858,4370
3672,293760000,293840000,16980,3525
3673,293840000,293920000,13293,2413
3674,293920000,294000000,22325,4058
3675,294000000,294080000,23928,4278
3676,294080000,294160000,16413,3405
3677,294160000,294240000,14223,2604
3678,294240000,294320000,22482,4095
3679,294320000,294400000,21100,3934
3680,294400000,294480000,17273,3517
3681,294480000,294560000,15143,2829
3682,294560000,294640000,22802,4087
3683,294640000,294720000,20058,3661
3684,294720000,294800000,16942,3438
3685,294800000,294880000,17627,3178
3686,294880000,294960000,23397,4096
3687,294960000,295040000,18940,3656
3688,295040000,295120000,16438,3207
3689,295120000,295200000,18646,3400
3690,295200000,295280000,23202,4099
3691,295280000,295360000,18597,3633
3692,295360000,295440000,16081,3108
3693,295440000,295520000,19013,3532
3694,295520000,295600000,22135,4194
3695,295600000,295680000,17657,3618
3696,295680000,295760000,14156,2694
3697,295760000,295840000,20803,3863
3698,295840000,295920000,23300,4235
3699,295920000,296000000,17340,3606
3700,296000000,296080000,13262,2483
3701,296080000,296160000,21883,4071
3702,296160000,296240000,23952,4370
3703,296240000,296320000,16565,3524
3704,296320000,296400000,12736,2413
3705,296400000,296480000,21521,4061
3706,296480000,296560000,23555,4289
3707,296560000,296640000,16018,3405
3708,296640000,296720000,13858,2604
3709,296720000,296800000,22196,4100
3710,296800000,296880000,21061,3939
3711,296880000,296960000,16622,3517
3712,296960000,297040000,14394,2829
3713,297040000,297120000,22149,4084
3714,297120000,297200000,19845,3672
3715,297200000,297280000,16221,3438
3716,297280000,297360000,17142,3178
3717,297360000,297440000,22736,4101
3718,297440000,297520000,19017,3663
3719,297520000,297600000,15486,3207
3720,297600000,297680000,17578,3400
3721,297680000,297760000,23145,4102
3722,297760000,297840000,18677,3638
3723,297840000,297920000,15079,3108
3724,297920000,298000000,18761,3532
3725,298000000,298080000,22295,4195
3726,298080000,298160000,17145,3613
3727,298160000,298240000,13404,2694
3728,298240000,298320000,20617,3864
3729,298320000,298400000,23775,4220
3730,298400000,298480000,17599,3600
3731,298480000,298560000,13166,2483
3732,298560000,298640000,22297,4073
3733,298640000,298720000,24059,4373
3734,298720000,298800000,16988,3525
3735,298800000,298880000,13142,2413
3736,298880000,298960000,22056,4058
3737,298960000,299040000,24051,4278
3738,299040000,299120000,16169,3405
3739,299120000,299200000,13808,2604
3740,299200000,299280000,22097,4089
3741,299280000,299360000,20221,3934
3742,299360000,299440000,16448,3517
3743,299440000,299520000,14778,2829
3744,299520000,299600000,22094,4087
3745,299600000,299680000,19842,3661
3746,299680000,299760000,16283,3438
3747,299760000,299840000,16525,3178
3748,299840000,299920000,23558,4096
3749,299920000,300000000,19215,3656
3750,300000000,300080000,15770,3207
3751,300080000,300160000,17978,3400
3752,300160000,300240000,22888,4099
3753,300240000,300320000,18517,3633
3754,300320000,300400000,15136,3108
3755,300400000,300480000,18624,3532
3756,300480000,300560000,22688,4194
3757,300560000,300640000,17068,3618
3758,300640000,300720000,13250,2694
3759,300720000,300800000,20054,3863
3760,300800000,300880000,22922,4232
3761,300880000,300960000,17107,3603
3762,300960000,301040000,12994,2483
3763,301040000,301120000,21543,4071
3764,301120000,301200000,23265,4370
3765,301200000,301280000,16748,3524
3766,301280000,301360000,13052,2413
3767,301360000,301440000,21768,4061
3768,301440000,301520000,23243,4283
3769,301520000,301600000,16462,3405
3770,301600000,301680000,14060,2604
3771,301680000,301760000,22578,4094
3772,301760000,301840000,21280,3933
3773,301840000,301920000,16862,3517
3774,301920000,302000000,14821,2829
3775,302000000,302080000,22310,4084
3776,302080000,302160000,20164,3672
3777,302160000,302240000,16567,3438
3778,302240000,302320000,17225,3178
3779,302320000,302400000,23136,4101
3780,302400000,302480000,19084,3669
3781,302480000,302560000,16056,3207
3782,302560000,302640000,17960,3400
3783,302640000,302720000,22116,4102
3784,302720000,302800000,18549,3644
3785,302800000,302880000,15632,3108
3786,302880000,302960000,19036,3532
3787,302960000,303040000,22177,4195
3788,303040000,303120000,17108,3613
3789,303120000,303200000,13343,2694
3790,303200000,303280000,20281,3867
3791,303280000,303360000,23723,4223
3792,303360000,303440000,17559,3600
3793,303440000,303520000,13160,2483
3794,303520000,303600000,21900,4070
3795,303600000,303680000,23199,4370
3796,303680000,303760000,16965,3525
3797,303760000,303840000,13098,2413
3798,303840000,303920000,21910,4061
3799,303920000,304000000,23531,4287
3800,304000000,304080000,16574,3405
3801,304080000,304160000,14001,2604
3802,304160000,304240000,23233,4089
3803,304240000,304320000,21826,3934
3804,304320000,304400000,16804,3517
3805,304400000,304480000,13923,2829
3806,304480000,304560000,21472,4087
3807,304560000,304640000,19931,3661
3808,304640000,304720000,16123,3438
3809,304720000,304800000,16967,3178
3810,304800000,304880000,22901,4102
3811,304880000,304960000,18820,3662
3812,304960000,305040000,15804,3207
3813,305040000,305120000,17910,3400
3814,305120000,305200000,22756,4099
3815,305200000,305280000,18331,3633
3816,305280000,305360000,15361,3108
3817,305360000,305440000,19033,3532
3818,305440000,305520000,24016,4200
3819,305520000,305600000,17864,3618
3820,305600000,305680000,13792,2694
3821,305680000,305760000,20878,3863
3822,305760000,305840000,23035,4226
3823,305840000,305920000,17641,3603
3824,305920000,306000000,13294,2483
3825,306000000,306080000,22183,4071
3826,306080000,306160000,24393,4370
3827,306160000,306240000,16843,3524
3828,306240000,306320000,13141,2413
3829,306320000,306400000,21842,4061
3830,306400000,306480000,23750,4283
3831,306480000,306560000,16352,3405
3832,306560000,306640000,14097,2604
3833,306640000,306720000,23095,4094
3834,306720000,306800000,22197,3939
3835,306800000,306880000,17063,3517
3836,306880000,306960000,14892,2829
3837,306960000,307040000,22757,4084
3838,307040000,307120000,20232,3672
3839,307120000,307200000,16511,3438
3840,307200000,307280000,17051,3178
3841,307280000,307360000,22713,4101
3842,307360000,307440000,19096,3663
3843,307440000,307520000,15850,3207
3844,307520000,307600000,18349,3400
3845,307600000,307680000,23377,4102
3846,307680000,307760000,18472,3638
3847,307760000,307840000,15692,3108
3848,307840000,307920000,19285,3532
3849,307920000,308000000,22532,4195
3850,308000000,308080000,17543,3619
3851,308080000,308160000,13881,2694
3852,308160000,308240000,20742,3864
3853,308240000,308320000,23688,4220
3854,308320000,308400000,17645,3600
3855,308400000,308480000,13471,2483
3856,308480000,308560000,22375,4070
3857,308560000,308640000,24142,4370
3858,308640000,308720000,17208,3525
3859,308720000,308800000,13455,2413
3860,308800000,308880000,22190,4058
3861,308880000,308960000,24287,4278
3862,308960000,309040000,16673,3405
3863,309040000,309120000,13820,2604
3864,309120000,309200000,22763,4089
3865,309200000,309280000,21796,3934
3866,309280000,309360000,16826,3517
3867,309360000,309440000,14804,2829
3868,309440000,309520000,22629,4087
3869,309520000,309600000,20288,3661
3870,309600000,309680000,16643,3438
3871,309680000,309760000,17254,3178
3872,309760000,309840000,22893,4096
3873,309840000,309920000,18981,3656
3874,309920000,310000000,15928,3207
3875,310000000,310080000,17653,3400
3876,310080000,310160000,22682,4099
3877,310160000,310240000,17972,3633
3878,310240000,310320000,15259,3108
3879,310320000,310400000,18752,3532
3880,310400000,310480000,22345,4194
3881,310480000,310560000,17253,3618
3882,310560000,310640000,13441,2694
3883,310640000,310720000,20153,3863
3884,310720000,310800000,22892,4226
3885,310800000,310880000,17265,3603
3886,310880000,310960000,13351,2483
3887,310960000,311040000,22220,4071
3888,311040000,311120000,24962,4376
3889,311120000,311200000,16992,3524
3890,311200000,311280000,13193,2413
3891,311280000,311360000,21835,4061
3892,311360000,311440000,23546,4283
3893,311440000,311520000,16594,3405
3894,311520000,311600000,14466,2604
3895,311600000,311680000,23069,4094
3896,311680000,311760000,21747,3933
3897,311760000,311840000,17059,3517
3898,311840000,311920000,14914,2829
3899,311920000,312000000,22168,4096
3900,312000000,312080000,20142,3678
3901,312080000,312160000,16784,3438
3902,312160000,312240000,17712,3178
3903,312240000,312320000,23178,4107
3904,312320000,312400000,19076,3663
3905,312400000,312480000,16465,3207
3906,312480000,312560000,19007,3400
3907,312560000,312640000,23026,4102
3908,312640000,312720000,19236,3638
3909,312720000,312800000,15933,3108
3910,312800000,312880000,19289,3532
3911,312880000,312960000,22995,4195
3912,312960000,313040000,17620,3613
3913,313040000,313120000,13923,2694
3914,313120000,313200000,21131,3864
3915,313200000,313280000,23478,4223
3916,313280000,313360000,17832,3603
3917,313360000,313440000,13840,2483
3918,313440000,313520000,22928,4070
3919,313520000,313600000,24800,4370
3920,313600000,313680000,17332,3525
3921,313680000,313760000,13419,2413
3922,313760000,313840000,22422,4058
3923,313840000,313920000,23980,4278
3924,313920000,314000000,16393,3405
3925,314000000,314080000,14009,2604
3926,314080000,314160000,23175,4089
3927,314160000,314240000,22440,3934
3928,314240000,314320000,16822,3517
3929,314320000,314400000,14838,2829
3930,314400000,314480000,22769,4087
3931,314480000,314560000,19885,3661
3932,314560000,314640000,16755,3438
3933,314640000,314720000,17562,3178
3934,314720000,314800000,23062,4096
3935,314800000,314880000,18864,3656
3936,314880000,314960000,16246,3207
3937,314960000,315040000,18724,3400
3938,315040000,315120000,22679,4099
3939,315120000,315200000,18880,3639
3940,315200000,315280000,15801,3108
3941,315280000,315360000,19891,3532
3942,315360000,315440000,23591,4194
3943,315440000,315520000,17851,3618
3944,315520000,315600000,13745,2694
3945,315600000,315680000,20236,3863
3946,315680000,315760000,23256,4226
3947,315760000,315840000,17362,3603
3948,315840000,315920000,13509,2483
3949,315920000,316000000,22271,4071
3950,316000000,316080000,24375,4370
3951,316080000,316160000,16807,3524
3952,316160000,316240000,12935,2413
3953,316240000,316320000,21597,4061
3954,316320000,316400000,24023,4283
3955,316400000,316480000,16342,3405
3956,316480000,316560000,14109,2604
3957,316560000,316640000,23337,4094
3958,316640000,316720000,21632,3933
3959,316720000,316800000,16964,3517
3960,316800000,316880000,14667,2829
3961,316880000,316960000,22341,4084
3962,316960000,317040000,20239,3672
3963,317040000,317120000,16764,3438
3964,317120000,317200000,17689,3178
3965,317200000,317280000,22476,4101
3966,317280000,317360000,18713,3663
3967,317360000,317440000,16199,3207
3968,317440000,317520000,18229,3400
3969,317520000,317600000,23282,4102
3970,317600000,317680000,18650,3638
3971,317680000,317760000,15670,3108
3972,317760000,317840000,19272,3532
3973,317840000,317920000,22447,4195
3974,317920000,318000000,17257,3613
3975,318000000,318080000,14082,2694
3976,318080000,318160000,21087,3864
3977,318160000,318240000,23198,4229
3978,318240000,318320000,17538,3603
3979,318320000,318400000,12875,2483
3980,318400000,318480000,21708,4070
3981,318480000,318560000,23658,4370
3982,318560000,318640000,16620,3525
3983,318640000,318720000,12943,2413
3984,318720000,318800000,22327,4058
3985,318800000,318880000,24580,4278
3986,318880000,318960000,16153,3405
3987,318960000,319040000,13513,2604
3988,319040000,319120000,22711,4095
3989,319120000,319200000,21237,3946
3990,319200000,319280000,16768,3517
3991,319280000,319360000,14487,2829
3992,319360000,319440000,22677,4093
3993,319440000,319520000,20718,3661
3994,319520000,319600000,16484,3438
3995,319600000,319680000,16476,3178
3996,319680000,319760000,22961,4096
3997,319760000,319840000,18951,3656
3998,319840000,319920000,16150,3207
3999,319920000,320000000,18211,3400
4000,320000000,320080000,22833,4099
4001,320080000,320160000,18672,3633
4002,320160000,320240000,15701,3108
4003,320240000,320320000,19023,3532
4004,320320000,320400000,22721,4194
4005,320400000,320480000,17589,3618
4006,320480000,320560000,13810,2694
4007,320560000,320640000,20796,3863
4008,320640000,320720000,23986,4232
4009,320720000,320800000,17366,3603
4010,320800000,320880000,13208,2483
4011,320880000,320960000,21999,4071
4012,320960000,321040000,24502,4370
4013,321040000,321120000,16867,3524
4014,321120000,321200000,13103,2413
4015,321200000,321280000,22010,4061
4016,321280000,321360000,23684,4283
4017,321360000,321440000,16487,3405
4018,321440000,321520000,14085,2604
4019,321520000,321600000,22747,4094
4020,321600000,321680000,21373,3933
4021,321680000,321760000,16993,3517
4022,321760000,321840000,14878,2829
4023,321840000,321920000,22113,4084
4024,321920000,322000000,19785,3672
4025,322000000,322080000,16787,3438
4026,322080000,322160000,17532,3178
4027,322160000,322240000,23342,4101
4028,322240000,322320000,19310,3663
4029,322320000,322400000,16392,3207
4030,322400000,322480000,18428,3400
4031,322480000,322560000,22763,4102
4032,322560000,322640000,18446,3638
4033,322640000,322720000,16120,3108
4034,322720000,322800000,19607,3532
4035,322800000,322880000,22495,4195
4036,322880000,322960000,17213,3613
4037,322960000,323040000,13702,2694
4038,323040000,323120000,20075,3864
4039,323120000,323200000,23750,4220
4040,323200000,323280000,17446,3600
4041,323280000,323360000,13309,2483
4042,323360000,323440000,22152,4070
4043,323440000,323520000,23973,4370
4044,323520000,323600000,16823,3525
4045,323600000,323680000,13361,2413
4046,323680000,323760000,22494,4058
4047,323760000,323840000,24566,4278
4048,323840000,323920000,16285,3405
4049,323920000,324000000,13770,2604
4050,324000000,324080000,22830,4089
4051,324080000,324160000,21472,3934
4052,324160000,324240000,16916,3517
4053,324240000,324320000,14676,2829
4054,324320000,324400000,22167,4087
4055,324400000,324480000,20243,3661
4056,324480000,324560000,16577,3438
4057,324560000,324640000,17584,3178
4058,324640000,324720000,24041,4096
4059,324720000,324800000,19003,3662
4060,324800000,324880000,16303,3207
4061,324880000,324960000,18048,3400
4062,324960000,325040000,21643,4105
4063,325040000,325120000,18362,3633
4064,325120000,325200000,15378,3108
4065,325200000,325280000,18925,3532
4066,325280000,325360000,23269,4194
4067,325360000,325440000,17676,3618
4068,325440000,325520000,13780,2694
4069,325520000,325600000,20850,3863
4070,325600000,325680000,23392,4226
4071,325680000,325760000,17542,3603
4072,325760000,325840000,13274,2483
4073,325840000,325920000,22018,4071
4074,325920000,326000000,23591,4370
4075,326000000,326080000,16984,3524
4076,326080000,326160000,13104,2413
4077,326160000,326240000,21989,4066
4078,326240000,326320000,24321,4292
4079,326320000,326400000,16387,3405
4080,326400000,326480000,13799,2604
4081,326480000,326560000,22293,4094
4082,326560000,326640000,20814,3933
4083,326640000,326720000,16809,3517
4084,326720000,326800000,14303,2829
4085,326800000,326880000,21871,4084
4086,326880000,326960000,19780,3672
4087,326960000,327040000,16430,3438
4088,327040000,327120000,16783,3178
4089,327120000,327200000,22246,4107
4090,327200000,327280000,18720,3663
4091,327280000,327360000,15747,3207
4092,327360000,327440000,17649,3400
4093,327440000,327520000,23456,4102
4094,327520000,327600000,18317,3638
4095,327600000,327680000,15342,3108
4096,327680000,327760000,18627,3532
4097,327760000,327840000,22538,4195
4098,327840000,327920000,17427,3613
4099,327920000,328000000,13601,2694
4100,328000000,328080000,20306,3864
4101,328080000,328160000,23945,4220
4102,328160000,328240000,17507,3600
4103,328240000,328320000,13308,2483
4104,328320000,328400000,22142,4070
4105,328400000,328480000,24327,4370
4106,328480000,328560000,17032,3525
4107,328560000,328640000,12811,2413
4108,328640000,328720000,21406,4058
4109,328720000,328800000,23868,4278
4110,328800000,328880000,16350,3405
4111,328880000,328960000,13378,2604
4112,328960000,329040000,22307,4095
4113,329040000,329120000,21016,3940
4114,329120000,329200000,16813,3517
4115,329200000,329280000,14470,2829
4116,329280000,329360000,22284,4087
4117,329360000,329440000,20434,3661
4118,329440000,329520000,16470,3438
4119,329520000,329600000,16602,3178
4120,329600000,329680000,23306,4096
4121,329680000,329760000,19112,3656
4122,329760000,329840000,16032,3207
4123,329840000,329920000,18068,3400
4124,329920000,330000000,22876,4105
4125,330000000,330080000,18138,3633
4126,330080000,330160000,15625,3108
4127,330160000,330240000,18928,3532
4128,330240000,330320000,22074,4194
4129,330320000,330400000,17406,3618
4130,330400000,330480000,13830,2694
4131,330480000,330560000,20382,3863
4132,330560000,330640000,23399,4232
4133,330640000,330720000,17369,3603
4134,330720000,330800000,13342,2483
4135,330800000,330880000,21682,4071
4136,330880000,330960000,23832,4370
4137,330960000,331040000,17193,3524
4138,331040000,331120000,13391,2413
4139,331120000,331200000,22364,4067
4140,331200000,331280000,23987,4283
4141,331280000,331360000,16886,3405
4142,331360000,331440000,14318,2604
4143,331440000,331520000,22507,4094
4144,331520000,331600000,20393,3939
4145,331600000,331680000,17008,3517
4146,331680000,331760000,14691,2829
4147,331760000,331840000,21998,4090
4148,331840000,331920000,19983,3672
4149,331920000,332000000,16238,3438
4150,332000000,332080000,17043,3178
4151,332080000,332160000,22819,4101
4152,332160000,332240000,19104,3663
4153,332240000,332320000,15861,3207
4154,332320000,332400000,17753,3400
4155,332400000,332480000,23220,4102
4156,332480000,332560000,18926,3638
4157,332560000,332640000,15095,3108
4158,332640000,332720000,18347,3532
4159,332720000,332800000,22433,4195
4160,332800000,332880000,17173,3613
4161,332880000,332960000,13294,2694
4162,332960000,333040000,19948,3864
4163,333040000,333120000,22505,4226
4164,333120000,333200000,17362,3600
4165,333200000,333280000,13097,2483
4166,333280000,333360000,21728,4076
4167,333360000,333440000,23957,4376
4168,333440000,333520000,16659,3525
4169,333520000,333600000,12962,2413
4170,333600000,333680000,22039,4058
4171,333680000,333760000,23934,4278
4172,333760000,333840000,16162,3405
4173,333840000,333920000,13860,2604
4174,333920000,334000000,21878,4089
4175,334000000,334080000,20410,3934
4176,334080000,334160000,16795,3517
4177,334160000,334240000,14503,2829
4178,334240000,334320000,22459,4093
4179,334320000,334400000,20047,3667
4180,334400000,334480000,16526,3438
4181,334480000,334560000,17312,3178
4182,334560000,334640000,23458,4096
4183,334640000,334720000,18943,3656
4184,334720000,334800000,16055,3207
4185,334800000,334880000,18187,3400
4186,334880000,334960000,22639,4099
4187,334960000,335040000,17858,3633
4188,335040000,335120000,15451,3108
4189,335120000,335200000,18967,3532
4190,335200000,335280000,21927,4194
4191,335280000,335360000,17522,3618
4192,335360000,335440000,13779,2694
4193,335440000,335520000,20791,3863
4194,335520000,335600000,23370,4229
4195,335600000,335680000,17478,3606
4196,335680000,335760000,13639,2483
4197,335760000,335840000,22678,4071
4198,335840000,335920000,23719,4370
4199,335920000,336000000,17150,3524
4200,336000000,336080000,13357,2413
4201,336080000,336160000,21885,4061
4202,336160000,336240000,23445,4283
4203,336240000,336320000,16435,3405
4204,336320000,336400000,14218,2604
4205,336400000,336480000,22935,4094
4206,336480000,336560000,21220,3953
4207,336560000,336640000,16924,3517
4208,336640000,336720000,14701,2829
4209,336720000,336800000,21931,4087
4210,336800000,336880000,19457,3675
4211,336880000,336960000,16786,3438
4212,336960000,337040000,17640,3178
4213,337040000,337120000,22342,4101
4214,337120000,337200000,18729,3663
4215,337200000,337280000,15686,3207
4216,337280000,337360000,17280,3400
4217,337360000,337440000,23111,4102
4218,337440000,337520000,18069,3638
4219,337520000,337600000,15157,3108
4220,337600000,337680000,18159,3532
4221,337680000,337760000,22073,4195
4222,337760000,337840000,16984,3613
4223,337840000,337920000,13495,2694
4224,337920000,338000000,20076,3864
4225,338000000,338080000,22428,4220
4226,338080000,338160000,17400,3600
4227,338160000,338240000,13278,2483
4228,338240000,338320000,22075,4070
4229,338320000,338400000,23868,4370
4230,338400000,338480000,16964,3525
4231,338480000,338560000,13009,2413
4232,338560000,338640000,22042,4058
4233,338640000,338720000,23794,4284
4234,338720000,338800000,16283,3405
4235,338800000,338880000,13706,2604
4236,338880000,338960000,22732,4089
4237,338960000,339040000,20781,3948
4238,339040000,339120000,16807,3517
4239,339120000,339200000,14740,2829
4240,339200000,339280000,21767,4087
4241,339280000,339360000,19456,3661
4242,339360000,339440000,16683,3438
4243,339440000,339520000,16547,3178
4244,339520000,339600000,22902,4096
4245,339600000,339680000,18674,3656
4246,339680000,339760000,15882,3207
4247,339760000,339840000,17926,3400
4248,339840000,339920000,22586,4105
4249,339920000,340000000,18578,3633
4250,340000000,340080000,15334,3108
4251,340080000,340160000,18518,3532
4252,340160000,340240000,22365,4194
4253,340240000,340320000,17210,3618
4254,340320000,340400000,13623,2694
4255,340400000,340480000,20233,3863
4256,340480000,340560000,22789,4226
4257,340560000,340640000,17133,3603
4258,340640000,340720000,12910,2483
4259,340720000,340800000,21504,4071
4260,340800000,340880000,23755,4370
4261,340880000,340960000,16683,3524
4262,340960000,341040000,12796,2413
4263,341040000,341120000,21863,4067
4264,341120000,341200000,24215,4283
4265,341200000,341280000,16407,3405
4266,341280000,341360000,13996,2604
4267,341360000,341440000,22285,4100
4268,341440000,341520000,21026,3945
4269,341520000,341600000,16857,3517
4270,341600000,341680000,14811,2829
4271,341680000,341760000,22465,4084
4272,341760000,341840000,19936,3678
4273,341840000,341920000,16525,3438
4274,341920000,342000000,16858,3178
4275,342000000,342080000,22393,4101
4276,342080000,342160000,18685,3663
4277,342160000,342240000,15949,3207
4278,342240000,342320000,18004,3400
4279,342320000,342400000,23457,4114
4280,342400000,342480000,18921,3638
4281,342480000,342560000,15663,3108
4282,342560000,342640000,19142,3532
4283,342640000,342720000,23367,4195
4284,342720000,342800000,17425,3613
4285,342800000,342880000,13295,2694
4286,342880000,342960000,19979,3864
4287,342960000,343040000,22735,4223
4288,343040000,343120000,17357,3603
4289,343120000,343200000,13164,2483
4290,343200000,343280000,21921,4070
4291,343280000,343360000,24051,4370
4292,343360000,343440000,16627,3525
4293,343440000,343520000,13011,2413
4294,343520000,343600000,22169,4058
4295,343600000,343680000,24638,4278
4296,343680000,343760000,16260,3405
4297,343760000,343840000,14067,2604
4298,343840000,343920000,22361,4089
4299,343920000,344000000,20649,3934
4300,344000000,344080000,16781,3517
4301,344080000,344160000,14354,2829
4302,344160000,344240000,21847,4087
4303,344240000,344320000,19241,3661
4304,344320000,344400000,16175,3438
4305,344400000,344480000,17145,3178
4306,344480000,344560000,21744,4096
4307,344560000,344640000,18409,3662
4308,344640000,344720000,16088,3207
4309,344720000,344800000,18399,3400
4310,344800000,344880000,22303,4099
4311,344880000,344960000,18250,3633
4312,344960000,345040000,15901,3108
4313,345040000,345120000,19305,3532
4314,345120000,345200000,23128,4194
4315,345200000,345280000,17589,3618
4316,345280000,345360000,14022,2694
4317,345360000,345440000,20731,3863
4318,345440000,345520000,22861,4226
4319,345520000,345600000,17447,3603
4320,345600000,345680000,13590,2483
4321,345680000,345760000,21784,4071
4322,345760000,345840000,23224,4376
4323,345840000,345920000,16954,3524
4324,345920000,346000000,13449,2413
4325,346000000,346080000,22245,4061
4326,346080000,346160000,23409,4289
4327,346160000,346240000,16377,3405
4328,346240000,346320000,14300,2604
4329,346320000,346400000,22631,4094
4330,346400000,346480000,20609,3933
4331,346480000,346560000,16953,3517
4332,346560000,346640000,14792,2829
4333,346640000,346720000,21836,4084
4334,346720000,346800000,19521,3672
4335,346800000,346880000,16523,3438
4336,346880000,346960000,17062,3178
4337,346960000,347040000,21841,4107
4338,347040000,347120000,18791,3663
4339,347120000,347200000,16032,3207
4340,347200000,347280000,18262,3400
4341,347280000,347360000,24037,4102
4342,347360000,347440000,18432,3638
4343,347440000,347520000,15688,3108
4344,347520000,347600000,19041,3532
4345,347600000,347680000,21946,4195
4346,347680000,347760000,17096,3613
4347,347760000,347840000,13901,2694
4348,347840000,347920000,20659,3864
4349,347920000,348000000,24017,4220
4350,348000000,348080000,17786,3600
4351,348080000,348160000,13648,2483
4352,348160000,348240000,22660,4070
4353,348240000,348320000,24309,4370
4354,348320000,348400000,16910,3525
4355,348400000,348480000,13380,2413
4356,348480000,348560000,21804,4061
4357,348560000,348640000,24044,4287
4358,348640000,348720000,16272,3405
4359,348720000,348800000,13726,2604
4360,348800000,348880000,22268,4089
4361,348880000,348960000,20823,3934
4362,348960000,349040000,16697,3517
4363,349040000,349120000,14894,2829
4364,349120000,349200000,21902,4087
4365,349200000,349280000,20106,3661
4366,349280000,349360000,16704,3438
4367,349360000,349440000,17422,3178
4368,349440000,349520000,23038,4102
4369,349520000,349600000,18807,3662
4370,349600000,349680000,16060,3207
4371,349680000,349760000,17860,3400
4372,349760000,349840000,24017,4099
4373,349840000,349920000,18367,3633
4374,349920000,350000000,15365,3108
4375,350000000,350080000,18939,3532
4376,350080000,350160000,22763,4194
4377,350160000,350240000,17268,3618
4378,350240000,350320000,13730,2694
4379,350320000,350400000,20486,3863
4380,350400000,350480000,22853,4232
4381,350480000,350560000,17159,3603
4382,350560000,350640000,13540,2483
4383,350640000,350720000,22162,4071
4384,350720000,350800000,23979,4370
4385,350800000,350880000,16937,3524
4386,350880000,350960000,13244,2413
4387,350960000,351040000,21884,4061
4388,351040000,351120000,23961,4283
4389,351120000,351200000,16328,3405
4390,351200000,351280000,14162,2604
4391,351280000,351360000,22684,4094
4392,351360000,351440000,20660,3939
4393,351440000,351520000,16904,3517
4394,351520000,351600000,14991,2829
4395,351600000,351680000,22014,4084
4396,351680000,351760000,19833,3672
4397,351760000,351840000,16731,3438
4398,351840000,351920000,17613,3178
4399,351920000,352000000,22409,4101
4400,352000000,352080000,18808,3663
4401,352080000,352160000,16300,3207
4402,352160000,352240000,18811,3400
4403,352240000,352320000,23386,4102
4404,352320000,352400000,18894,3638
4405,352400000,352480000,15841,3108
4406,352480000,352560000,19186,3532
4407,352560000,352640000,22800,4195
4408,352640000,352720000,17384,3613
4409,352720000,352800000,14003,2694
4410,352800000,352880000,21018,3864
4411,352880000,352960000,23728,4226
4412,352960000,353040000,17539,3600
4413,353040000,353120000,13669,2483
4414,353120000,353200000,22485,4070
4415,353200000,353280000,24268,4370
4416,353280000,353360000,17109,3525
4417,353360000,353440000,13440,2413
4418,353440000,353520000,22165,4058
4419,353520000,353600000,23607,4278
4420,353600000,353680000,16513,3405
4421,353680000,353760000,14369,2604
4422,353760000,353840000,22644,4095
4423,353840000,353920000,21228,3934
4424,353920000,354000000,17154,3517
4425,354000000,354080000,15223,2829
4426,354080000,354160000,22985,4087
4427,354160000,354240000,20392,3667
4428,354240000,354320000,16762,3438
4429,354320000,354400000,17218,3178
4430,354400000,354480000,22388,4096
4431,354480000,354560000,18640,3656
4432,354560000,354640000,16210,3207
4433,354640000,354720000,18588,3400
4434,354720000,354800000,23321,4099
4435,354800000,354880000,18071,3639
4436,354880000,354960000,15826,3108
4437,354960000,355040000,19635,3532
4438,355040000,355120000,23031,4194
4439,355120000,355200000,17589,3618
4440,355200000,355280000,14112,2694
4441,355280000,355360000,21225,3863
4442,355360000,355440000,23731,4226
4443,355440000,355520000,17700,3603
4444,355520000,355600000,13741,2483
4445,355600000,355680000,23021,4071
4446,355680000,355760000,24426,4376
4447,355760000,355840000,17166,3524
4448,355840000,355920000,13126,2413
4449,355920000,356000000,22457,4067
4450,356000000,356080000,24022,4283
4451,356080000,356160000,16587,3405
4452,356160000,356240000,14087,2604
4453,356240000,356320000,22922,4100
4454,356320000,356400000,21066,3933
4455,356400000,356480000,17095,3517
4456,356480000,356560000,14396,2829
4457,356560000,356640000,22479,4090
4458,356640000,356720000,20515,3678
4459,356720000,356800000,16691,3438
4460,356800000,356880000,17456,3178
4461,356880000,356960000,22730,4101
4462,356960000,357040000,18981,3663
4463,357040000,357120000,16278,3207
4464,357120000,357200000,18281,3400
4465,357200000,357280000,23612,4108
4466,357280000,357360000,18034,3638
4467,357360000,357440000,15909,3108
4468,357440000,357520000,19371,3532
4469,357520000,357600000,22808,4195
4470,357600000,357680000,17347,3613
4471,357680000,357760000,14259,2694
4472,357760000,357840000,21249,3864
4473,357840000,357920000,23204,4220
4474,357920000,358000000,17645,3600
4475,358000000,358080000,13542,2483
4476,358080000,358160000,22332,4070
4477,358160000,358240000,24653,4370
4478,358240000,358320000,17256,3525
4479,358320000,358400000,13618,2413
4480,358400000,358480000,22472,4058
4481,358480000,358560000,23392,4278
4482,358560000,358640000,16626,3405
4483,358640000,358720000,14101,2604
4484,358720000,358800000,22797,4089
4485,358800000,358880000,21568,3934
4486,358880000,358960000,17119,3517
4487,358960000,359040000,15113,2829
4488,359040000,359120000,22488,4093
4489,359120000,359200000,20190,3661
4490,359200000,359280000,16684,3438
4491,359280000,359360000,16679,3178
4492,359360000,359440000,23546,4096
4493,359440000,359520000,19148,3656
4494,359520000,359600000,15884,3207
4495,359600000,359680000,18079,3400
4496,359680000,359760000,21735,4105
4497,359760000,359840000,17635,3641
4498,359840000,359920000,15537,3108
4499,359920000,360000000,18684,3532
4500,360000000,360080000,23217,4194
4501,360080000,360160000,17095,3618
4502,360160000,360240000,13794,2694
4503,360240000,360320000,20476,3863
4504,360320000,360400000,22947,4232
4505,360400000,360480000,17352,3603
4506,360480000,360560000,13464,2483
4507,360560000,360640000,21999,4071
4508,360640000,360720000,23452,4370
4509,360720000,360800000,16787,3524
4510,360800000,360880000,13000,2413
4511,360880000,360960000,21493,4061
4512,360960000,361040000,23727,4295
4513,361040000,361120000,16466,3405
4514,361120000,361200000,14128,2604
4515,361200000,361280000,22302,4094
4516,361280000,361360000,21444,3933
4517,361360000,361440000,17078,3517
4518,361440000,361520000,15125,2829
4519,361520000,361600000,22322,4084
4520,361600000,361680000,19803,3672
4521,361680000,361760000,16874,3438
4522,361760000,361840000,17553,3178
4523,361840000,361920000,23084,4101
4524,361920000,362000000,19245,3663
4525,362000000,362080000,16156,3207
4526,362080000,362160000,18116,3400
4527,362160000,362240000,22493,4108
4528,362240000,362320000,18072,3644
4529,362320000,362400000,15865,3108
4530,362400000,362480000,19088,3532
4531,362480000,362560000,22701,4195
4532,362560000,362640000,17500,3619
4533,362640000,362720000,13944,2694
4534,362720000,362800000,20381,3864
4535,362800000,362880000,23087,4220
4536,362880000,362960000,17402,3600
4537,362960000,363040000,13443,2483
4538,363040000,363120000,21985,4070
4539,363120000,363200000,24506,4370
4540,363200000,363280000,16801,3525
4541,363280000,363360000,13189,2413
4542,363360000,363440000,21804,4058
4543,363440000,363520000,23967,4278
4544,363520000,363600000,16473,3405
4545,363600000,363680000,14236,2604
4546,363680000,363760000,23119,4095
4547,363760000,363840000,21493,3940
4548,363840000,363920000,17041,3517
4549,363920000,364000000,14879,2829
4550,364000000,364080000,22372,4087
4551,364080000,364160000,20377,3661
4552,364160000,364240000,16740,3438
4553,364240000,364320000,17788,3178
4554,364320000,364400000,22666,4096
4555,364400000,364480000,18896,3656
4556,364480000,364560000,16489,3207
4557,364560000,364640000,19016,3400
4558,364640000,364720000,22351,4105
4559,364720000,364800000,18025,3633
4560,364800000,364880000,16217,3108
4561,364880000,364960000,19640,3532
4562,364960000,365040000,23603,4194
4563,365040000,365120000,17849,3618
4564,365120000,365200000,14528,2694
4565,365200000,365280000,21260,3863
4566,365280000,365360000,23682,4226
4567,365360000,365440000,17507,3603
4568,365440000,365520000,13572,2483
4569,365520000,365600000,21471,4071
4570,365600000,365680000,23193,4376
4571,365680000,365760000,16970,3524
4572,365760000,365840000,13228,2413
4573,365840000,365920000,22128,4061
4574,365920000,366000000,23555,4289
4575,366000000,366080000,16516,3405
4576,366080000,366160000,14250,2604
4577,366160000,366240000,22739,4094
4578,366240000,366320000,21290,3933
4579,366320000,366400000,17177,3517
4580,366400000,366480000,14862,2829
4581,366480000,366560000,22083,4084
4582,366560000,366640000,19735,3672
4583,366640000,366720000,16860,3438
4584,366720000,366800000,17561,3178
4585,366800000,366880000,22108,4107
4586,366880000,366960000,19001,3663
4587,366960000,367040000,16390,3207
4588,367040000,367120000,18766,3400
4589,367120000,367200000,23320,4102
4590,367200000,367280000,17947,3638
4591,367280000,367360000,16139,3108
4592,367360000,367440000,19256,3532
4593,367440000,367520000,21977,4195
4594,367520000,367600000,17324,3613
4595,367600000,367680000,13978,2694
4596,367680000,367760000,20632,3864
4597,367760000,367840000,23344,4226
4598,367840000,367920000,17135,3600
4599,367920000,368000000,13458,2483
4600,368000000,368080000,22052,4076
4601,368080000,368160000,24012,4370
4602,368160000,368240000,16948,3525
4603,368240000,368320000,13335,2413
4604,368320000,368400000,21770,4058
4605,368400000,368480000,22734,4282
4606,368480000,368560000,16384,3409
4607,368560000,368640000,13919,2604
4608,368640000,368720000,22299,4089
4609,368720000,368800000,20797,3934
4610,368800000,368880000,16782,3517
4611,368880000,368960000,15152,2829
4612,368960000,369040000,22182,4090
4613,369040000,369120000,19742,3672
4614,369120000,369200000,16634,3438
4615,369200000,369280000,17222,3178
4616,369280000,369360000,23387,4102
4617,369360000,369440000,19245,3656
4618,369440000,369520000,16178,3207
4619,369520000,369600000,18500,3400
4620,369600000,369680000,23174,4099
4621,369680000,369760000,18636,3633
4622,369760000,369840000,15557,3108
4623,369840000,369920000,19250,3532
4624,369920000,370000000,23236,4194
4625,370000000,370080000,17372,3618
4626,370080000,370160000,13627,2694
4627,370160000,370240000,20257,3863
4628,370240000,370320000,23238,4226
4629,370320000,370400000,17136,3603
4630,370400000,370480000,13607,2483
4631,370480000,370560000,22378,4071
4632,370560000,370640000,24023,4370
4633,370640000,370720000,16716,3524
4634,370720000,370800000,13385,2413
4635,370800000,370880000,22229,4061
4636,370880000,370960000,23909,4289
4637,370960000,371040000,16486,3405
4638,371040000,371120000,14241,2604
4639,371120000,371200000,22512,4094
4640,371200000,371280000,21254,3933
4641,371280000,371360000,17007,3517
4642,371360000,371440000,15022,2829
4643,371440000,371520000,22007,4084
4644,371520000,371600000,19762,3672
4645,371600000,371680000,16720,3438
4646,371680000,371760000,17648,3178
4647,371760000,371840000,22981,4107
4648,371840000,371920000,19136,3669
4649,371920000,372000000,16258,3207
4650,372000000,372080000,18446,3400
4651,372080000,372160000,23537,4102
4652,372160000,372240000,18505,3638
4653,372240000,372320000,15739,3108
4654,372320000,372400000,19111,3532
4655,372400000,372480000,22477,4201
4656,372480000,372560000,17549,3613
4657,372560000,372640000,13954,2694
4658,372640000,372720000,20901,3864
4659,372720000,372800000,23601,4220
4660,372800000,372880000,17636,3600
4661,372880000,372960000,13553,2483
4662,372960000,373040000,22161,4070
4663,373040000,373120000,23298,4370
4664,373120000,373200000,16968,3525
4665,373200000,373280000,13145,2413
4666,373280000,373360000,21858,4058
4667,373360000,373440000,23595,4278
4668,373440000,373520000,16491,3405
4669,373520000,373600000,14306,2604
4670,373600000,373680000,22565,4089
4671,373680000,373760000,20883,3944
4672,373760000,373840000,17224,3517
4673,373840000,373920000,15298,2829
4674,373920000,374000000,22818,4087
4675,374000000,374080000,19909,3661
4676,374080000,374160000,16943,3438
4677,374160000,374240000,17825,3178
4678,374240000,374320000,23333,4102
4679,374320000,374400000,19020,3656
4680,374400000,374480000,16389,3207
4681,374480000,374560000,18633,3400
4682,374560000,374640000,23023,4099
4683,374640000,374720000,18177,3633
4684,374720000,374800000,16093,3108
4685,374800000,374880000,19570,3532
4686,374880000,374960000,22414,4200
4687,374960000,375040000,17610,3618
4688,375040000,375120000,14253,2694
4689,375120000,375200000,21026,3863
4690,375200000,375280000,23136,4232
4691,375280000,375360000,17631,3609
4692,375360000,375440000,13956,2483
4693,375440000,375520000,23263,4071
4694,375520000,375600000,24269,4370
4695,375600000,375680000,17212,3524
4696,375680000,375760000,13455,2413
4697,375760000,375840000,22393,4061
4698,375840000,375920000,23735,4283
4699,375920000,376000000,16677,3405
4700,376000000,376080000,14647,2604
4701,376080000,376160000,23387,4094
4702,376160000,376240000,21574,3939
4703,376240000,376320000,17294,3517
4704,376320000,376400000,14869,2829
4705,376400000,376480000,22001,4087
4706,376480000,376560000,19874,3675
4707,376560000,376640000,16720,3438
4708,376640000,376720000,17531,3178
4709,376720000,376800000,22939,4101
4710,376800000,376880000,19232,3663
4711,376880000,376960000,15907,3207
4712,376960000,377040000,18064,3400
4713,377040000,377120000,23330,4102
4714,377120000,377200000,18247,3644
4715,377200000,377280000,15501,3108
4716,377280000,377360000,18965,3532
4717,377360000,377440000,22678,4195
4718,377440000,377520000,17458,3613
4719,377520000,377600000,13909,2694
4720,377600000,377680000,21142,3864
4721,377680000,377760000,22886,4220
4722,377760000,377840000,17600,3600
4723,377840000,377920000,13436,2483
4724,377920000,378000000,22647,4070
4725,378000000,378080000,24256,4370
4726,378080000,378160000,17198,3525
4727,378160000,378240000,13427,2413
4728,378240000,378320000,22274,4058
4729,378320000,378400000,23757,4278
4730,378400000,378480000,16625,3405
4731,378480000,378560000,14140,2604
4732,378560000,378640000,22736,4089
4733,378640000,378720000,20929,3934
4734,378720000,378800000,17064,3517
4735,378800000,378880000,15195,2829
4736,378880000,378960000,22602,4093
4737,378960000,379040000,19700,3667
4738,379040000,379120000,16949,3438
4739,379120000,379200000,17231,3178
4740,379200000,379280000,22734,4096
4741,379280000,379360000,19084,3656
4742,379360000,379440000,16569,3207
4743,379440000,379520000,18777,3400
4744,379520000,379600000,23410,4099
4745,379600000,379680000,18237,3633
4746,379680000,379760000,15956,3108
4747,379760000,379840000,19312,3532
4748,379840000,379920000,22572,4194
4749,379920000,380000000,17703,3618
4750,380000000,380080000,13990,2694
4751,380080000,380160000,21197,3863
4752,380160000,380240000,23965,4226
4753,380240000,380320000,17524,3603
4754,380320000,380400000,13611,2483
4755,380400000,380480000,22237,4071
4756,380480000,380560000,23103,4370
4757,380560000,380640000,17507,3524
4758,380640000,380720000,13744,2413
4759,380720000,380800000,22924,4061
4760,380800000,380880000,24807,4283
4761,380880000,380960000,17042,3405
4762,380960000,381040000,14643,2604
4763,381040000,381120000,23001,4094
4764,381120000,381200000,20809,3933
4765,381200000,381280000,17214,3517
4766,381280000,381360000,15179,2829
4767,381360000,381440000,21915,4090
4768,381440000,381520000,19624,3672
4769,381520000,381600000,16862,3438
4770,381600000,381680000,17613,3178
4771,381680000,381760000,23360,4101
4772,381760000,381840000,19128,3663
4773,381840000,381920000,16424,3207
4774,381920000,382000000,18600,3400
4775,382000000,382080000,23454,4102
4776,382080000,382160000,18493,3638
4777,382160000,382240000,16182,3108
4778,382240000,382320000,19628,3532
4779,382320000,382400000,22954,4201
4780,382400000,382480000,17274,3613
4781,382480000,382560000,13961,2694
4782,382560000,382640000,20622,3864
4783,382640000,382720000,23421,4226
4784,382720000,382800000,17629,3600
4785,382800000,382880000,13759,2483
4786,382880000,382960000,22667,4070
4787,382960000,383040000,24250,4370
4788,383040000,383120000,17112,3525
4789,383120000,383200000,13467,2413
4790,383200000,383280000,22695,4058
4791,383280000,383360000,24413,4278
4792,383360000,383440000,16723,3405
4793,383440000,383520000,14418,2604
4794,383520000,383600000,23074,4089
4795,383600000,383680000,21497,3934
4796,383680000,383760000,17078,3517
4797,383760000,383840000,13876,2829
4798,383840000,383920000,21733,4093
4799,383920000,384000000,19747,3673
4800,384000000,384080000,16091,3438
4801,384080000,384160000,16792,3178
4802,384160000,384240000,22628,4096
4803,384240000,384320000,19048,3656
4804,384320000,384400000,15900,3207
4805,384400000,384480000,17949,3400
4806,384480000,384560000,23001,4099
4807,384560000,384640000,18466,3641
4808,384640000,384720000,15660,3108
4809,384720000,384800000,18935,3532
4810,384800000,384880000,21915,4200
4811,384880000,384960000,17693,3624
4812,384960000,385040000,14066,2694
4813,385040000,385120000,20813,3863
4814,385120000,385200000,22791,4226
4815,385200000,385280000,17646,3603
4816,385280000,385360000,13757,2483
4817,385360000,385440000,22335,4071
4818,385440000,385520000,24181,4370
4819,385520000,385600000,16881,3524
4820,385600000,385680000,13034,2413
4821,385680000,385760000,21639,4061
4822,385760000,385840000,24274,4283
4823,385840000,385920000,16277,3405
4824,385920000,386000000,14063,2604
4825,386000000,386080000,22555,4100
4826,386080000,386160000,20943,3945
4827,386160000,386240000,16917,3517
4828,386240000,386320000,14674,2829
4829,386320000,386400000,22712,4084
4830,386400000,386480000,20517,3672
4831,386480000,386560000,16351,3438
4832,386560000,386640000,16873,3178
4833,386640000,386720000,23319,4101
4834,386720000,386800000,18937,3663
4835,386800000,386880000,15756,3207
4836,386880000,386960000,18177,3400
4837,386960000,387040000,23433,4108
4838,387040000,387120000,18325,3638
4839,387120000,387200000,15553,3108
4840,387200000,387280000,19261,3532
4841,387280000,387360000,22155,4195
4842,387360000,387440000,17083,3613
4843,387440000,387520000,13819,2694
4844,387520000,387600000,20535,3864
4845,387600000,387680000,22607,4220
4846,387680000,387760000,17422,3600
4847,387760000,387840000,13311,2483
4848,387840000,387920000,22141,4076
4849,387920000,388000000,23974,4370
4850,388000000,388080000,17079,3525
4851,388080000,388160000,13229,2413
4852,388160000,388240000,21880,4058
4853,388240000,388320000,24379,4278
4854,388320000,388400000,16466,3405
4855,388400000,388480000,13698,2604
4856,388480000,388560000,22644,4089
4857,388560000,388640000,20584,3946
4858,388640000,388720000,16704,3517
4859,388720000,388800000,14748,2829
4860,388800000,388880000,22004,4090
4861,388880000,388960000,20352,3664
4862,388960000,389040000,16620,3438
4863,389040000,389120000,17238,3178
4864,389120000,389200000,23787,4096
4865,389200000,389280000,19211,3656
4866,389280000,389360000,16011,3207
4867,389360000,389440000,17945,3400
4868,389440000,389520000,23192,4099
4869,389520000,389600000,18315,3633
4870,389600000,389680000,15539,3108
4871,389680000,389760000,19184,3532
4872,389760000,389840000,22183,4194
4873,389840000,389920000,17329,3618
4874,389920000,390000000,13673,2694
4875,390000000,390080000,20664,3863
4876,390080000,390160000,23083,4232
4877,390160000,390240000,17289,3609
4878,390240000,390320000,13720,2483
4879,390320000,390400000,22584,4071
4880,390400000,390480000,24626,4370
4881,390480000,390560000,17086,3524
4882,390560000,390640000,13411,2413
4883,390640000,390720000,22268,4061
4884,390720000,390800000,24175,4283
4885,390800000,390880000,16571,3405
4886,390880000,390960000,14591,2604
4887,390960000,391040000,22988,4094
4888,391040000,391120000,21170,3933
4889,391120000,391200000,17122,3517
4890,391200000,391280000,15084,2829
4891,391280000,391360000,22581,4084
4892,391360000,391440000,20558,3672
4893,391440000,391520000,16829,3438
4894,391520000,391600000,17804,3178
4895,391600000,391680000,22750,4101
4896,391680000,391760000,18926,3663
4897,391760000,391840000,16579,3207
4898,391840000,391920000,19137,3400
4899,391920000,392000000,23294,4102
4900,392000000,392080000,18765,3638
4901,392080000,392160000,15685,3108
4902,392160000,392240000,18617,3532
4903,392240000,392320000,23239,4195
4904,392320000,392400000,16926,3613
4905,392400000,392480000,13776,2694
4906,392480000,392560000,20684,3864
4907,392560000,392640000,23992,4220
4908,392640000,392720000,17458,3600
4909,392720000,392800000,13612,2483
4910,392800000,392880000,22254,4070
4911,392880000,392960000,25053,4376
4912,392960000,393040000,16903,3525
4913,393040000,393120000,12949,2413
4914,393120000,393200000,21765,4058
4915,393200000,393280000,23778,4284
4916,393280000,393360000,16147,3405
4917,393360000,393440000,13742,2604
4918,393440000,393520000,22718,4089
4919,393520000,393600000,21195,3934
4920,393600000,393680000,16804,3517
4921,393680000,393760000,14532,2829
4922,393760000,393840000,21928,4087
4923,393840000,393920000,20228,3673
4924,393920000,394000000,16651,3438
4925,394000000,394080000,17218,3178
4926,394080000,394160000,23385,4102
4927,394160000,394240000,18850,3662
4928,394240000,394320000,16032,3207
4929,394320000,394400000,18066,3400
4930,394400000,394480000,23491,4099
4931,394480000,394560000,18460,3633
4932,394560000,394640000,15516,3108
4933,394640000,394720000,19254,3532
4934,394720000,394800000,23141,4200
4935,394800000,394880000,17196,3618
4936,394880000,394960000,13691,2694
4937,394960000,395040000,20167,3863
4938,395040000,395120000,22782,4226
4939,395120000,395200000,17203,3603
4940,395200000,395280000,13434,2483
4941,395280000,395360000,22206,4071
4942,395360000,395440000,24907,4370
4943,395440000,395520000,16802,3524
4944,395520000,395600000,12963,2413
4945,395600000,395680000,21593,4061
4946,395680000,395760000,23694,4283
4947,395760000,395840000,16492,3405
4948,395840000,395920000,14155,2604
4949,395920000,396000000,23055,4094
4950,396000000,396080000,21409,3939
4951,396080000,396160000,17113,3517
4952,396160000,396240000,14768,2829
4953,396240000,396320000,22110,4084
4954,396320000,396400000,20106,3672
4955,396400000,396480000,16845,3438
4956,396480000,396560000,17864,3178
4957,396560000,396640000,23718,4101
4958,396640000,396720000,18812,3663
4959,396720000,396800000,16273,3207
4960,396800000,396880000,18222,3400
4961,396880000,396960000,23889,4102
4962,396960000,397040000,18371,3638
4963,397040000,397120000,15706,3108
4964,397120000,397200000,19243,3532
4965,397200000,397280000,22487,4195
4966,397280000,397360000,17551,3613
4967,397360000,397440000,14186,2694
4968,397440000,397520000,21569,3864
4969,397520000,397600000,23470,4220
4970,397600000,397680000,17533,3600
4971,397680000,397760000,13368,2483
4972,397760000,397840000,21989,4070
4973,397840000,397920000,24319,4370
4974,397920000,398000000,16949,3525
4975,398000000,398080000,13401,2413
4976,398080000,398160000,22139,4058
4977,398160000,398240000,24124,4278
4978,398240000,398320000,16558,3405
4979,398320000,398400000,14119,2604
4980,398400000,398480000,22578,4089
4981,398480000,398560000,21388,3946
4982,398560000,398640000,17231,3517
4983,398640000,398720000,14868,2829
4984,398720000,398800000,22705,4087
4985,398800000,398880000,20777,3661
4986,398880000,398960000,16787,3438
4987,398960000,399040000,16716,3178
4988,399040000,399120000,24045,4096
4989,399120000,399200000,19162,3656
4990,399200000,399280000,16270,3207
4991,399280000,399360000,18424,3400
4992,399360000,399440000,23591,4099
4993,399440000,399520000,18254,3633
4994,399520000,399600000,15787,3108
4995,399600000,399680000,19300,3532
4996,399680000,399760000,23343,4194
4997,399760000,399840000,17375,3618
4998,399840000,399920000,13831,2694
4999,399920000,400000000,20759,3866
5000,400000000,400080000,22869,4235
5001,400080000,400160000,17473,3609
5002,400160000,400240000,13374,2483
5003,400240000,400320000,22153,4071
5004,400320000,400400000,24558,4370
5005,400400000,400480000,17261,3524
5006,400480000,400560000,13276,2413
5007,400560000,400640000,22056,4061
5008,400640000,400720000,24389,4283
5009,400720000,400800000,16882,3405
5010,400800000,400880000,14344,2604
5011,400880000,400960000,23026,4094
5012,400960000,401040000,21645,3939
5013,401040000,401120000,17314,3517
5014,401120000,401200000,15127,2829
5015,401200000,401280000,22236,4090
5016,401280000,401360000,20190,3684
5017,401360000,401440000,17146,3438
5018,401440000,401520000,17900,3178
5019,401520000,401600000,23826,4107
5020,401600000,401680000,19483,3663
5021,401680000,401760000,16710,3207
5022,401760000,401840000,18727,3400
5023,401840000,401920000,23621,4102
5024,401920000,402000000,19091,3638
5025,402000000,402080000,16322,3108
5026,402080000,402160000,19912,3532
5027,402160000,402240000,23211,4201
5028,402240000,402320000,18030,3613
5029,402320000,402400000,13865,2694
5030,402400000,402480000,20464,3864
5031,402480000,402560000,22678,4220
5032,402560000,402640000,17590,3600
5033,402640000,402720000,13533,2483
5034,402720000,402800000,22395,4070
5035,402800000,402880000,24722,4370
5036,402880000,402960000,16958,3525
5037,402960000,403040000,13217,2413
5038,403040000,403120000,21956,4064
5039,403120000,403200000,23827,4278
5040,403200000,403280000,15746,3405
5041,403280000,403360000,13284,2604
5042,403360000,403440000,22244,4089
5043,403440000,403520000,21379,3934
5044,403520000,403600000,16066,3517
5045,403600000,403680000,13975,2829
5046,403680000,403760000,22504,4093
5047,403760000,403840000,19966,3661
5048,403840000,403920000,15787,3438
5049,403920000,404000000,16653,3178
5050,404000000,404080000,22549,4096
5051,404080000,404160000,18697,3656
5052,404160000,404240000,15692,3207
5053,404240000,404320000,17909,3400
5054,404320000,404400000,23142,4099
5055,404400000,404480000,18340,3633
5056,404480000,404560000,15417,3108
5057,404560000,404640000,18741,3532
5058,404640000,404720000,22086,4194
5059,404720000,404800000,17324,3618
5060,404800000,404880000,13732,2694
5061,404880000,404960000,20666,3863
5062,404960000,405040000,23407,4226
5063,405040000,405120000,17361,3603
5064,405120000,405200000,13436,2483
5065,405200000,405280000,21914,4071
5066,405280000,405360000,23548,4370
5067,405360000,405440000,16720,3524
5068,405440000,405520000,13208,2413
5069,405520000,405600000,22154,4061
5070,405600000,405680000,23595,4283
5071,405680000,405760000,16054,3405
5072,405760000,405840000,13975,2604
5073,405840000,405920000,22426,4094
5074,405920000,406000000,20954,3933
5075,406000000,406080000,16666,3517
5076,406080000,406160000,14335,2829
5077,406160000,406240000,21801,4084
5078,406240000,406320000,19737,3672
5079,406320000,406400000,16268,3438
5080,406400000,406480000,16979,3178
5081,406480000,406560000,22461,4101
5082,406560000,406640000,19032,3669
5083,406640000,406720000,15811,3207
5084,406720000,406800000,17929,3400
5085,406800000,406880000,23193,4102
5086,406880000,406960000,17930,3638
5087,406960000,407040000,15490,3108
5088,407040000,407120000,18840,3532
5089,407120000,407200000,21773,4195
5090,407200000,407280000,17050,3613
5091,407280000,407360000,13826,2694
5092,407360000,407440000,20272,3864
5093,407440000,407520000,23518,4220
5094,407520000,407600000,17283,3600
5095,407600000,407680000,13661,2483
5096,407680000,407760000,22303,4070
5097,407760000,407840000,24527,4370
5098,407840000,407920000,16882,3525
5099,407920000,408000000,13148,2413
5100,408000000,408080000,21717,4058
5101,408080000,408160000,24062,4278
5102,408160000,408240000,16172,3405
5103,408240000,408320000,13822,2604
5104,408320000,408400000,22774,4095
5105,408400000,408480000,21373,3940
5106,408480000,408560000,16624,3517
5107,408560000,408640000,14833,2829
5108,408640000,408720000,22342,4087
5109,408720000,408800000,20078,3673
5110,408800000,408880000,16376,3438
5111,408880000,408960000,17017,3178
5112,408960000,409040000,22966,4096
5113,409040000,409120000,18725,3656
5114,409120000,409200000,16021,3207
5115,409200000,409280000,18327,3400
5116,409280000,409360000,24033,4108
5117,409360000,409440000,18653,3636
5118,409440000,409520000,15682,3108
5119,409520000,409600000,19072,3532
5120,409600000,409680000,22842,4194
5121,409680000,409760000,17339,3618
5122,409760000,409840000,13843,2694
5123,409840000,409920000,20476,3863
5124,409920000,410000000,24087,4226
5125,410000000,410080000,17365,3603
5126,410080000,410160000,13508,2483
5127,410160000,410240000,22385,4071
5128,410240000,410320000,24822,4370
5129,410320000,410400000,16888,3524
5130,410400000,410480000,13482,2413
5131,410480000,410560000,22412,4061
5132,410560000,410640000,23960,4283
5133,410640000,410720000,16510,3405
5134,410720000,410800000,14423,2604
5135,410800000,410880000,22235,4094
5136,410880000,410960000,21127,3933
5137,410960000,411040000,17076,3517
5138,411040000,411120000,15249,2829
5139,411120000,411200000,22266,4084
5140,411200000,411280000,19991,3672
5141,411280000,411360000,16689,3438
5142,411360000,411440000,17671,3178
5143,411440000,411520000,23775,4101
5144,411520000,411600000,19127,3663
5145,411600000,411680000,16402,3207
5146,411680000,411760000,18639,3400
5147,411760000,411840000,23751,4102
5148,411840000,411920000,18561,3638
5149,411920000,412000000,15788,3108
5150,412000000,412080000,18799,3532
5151,412080000,412160000,23519,4201
5152,412160000,412240000,17325,3619
5153,412240000,412320000,13764,2694
5154,412320000,412400000,20092,3864
5155,412400000,412480000,22632,4220
5156,412480000,412560000,17233,3600
5157,412560000,412640000,13377,2483
5158,412640000,412720000,22157,4070
5159,412720000,412800000,24632,4376
5160,412800000,412880000,16632,3525
5161,412880000,412960000,13134,2413
5162,412960000,413040000,21574,4058
5163,413040000,413120000,23307,4278
5164,413120000,413200000,16225,3405
5165,413200000,413280000,14220,2604
5166,413280000,413360000,22836,4089
5167,413360000,413440000,20856,3934
5168,413440000,413520000,16902,3517
5169,413520000,413600000,14461,2829
5170,413600000,413680000,21696,4087
5171,413680000,413760000,19503,3661
5172,413760000,413840000,16424,3438
5173,413840000,413920000,17109,3178
5174,413920000,414000000,23032,4096
5175,414000000,414080000,18525,3656
5176,414080000,414160000,15876,3207
5177,414160000,414240000,17794,3400
5178,414240000,414320000,23145,4099
5179,414320000,414400000,18119,3633
5180,414400000,414480000,15239,3108
5181,414480000,414560000,18493,3532
5182,414560000,414640000,22509,4200
5183,414640000,414720000,17215,3624
5184,414720000,414800000,13576,2694
5185,414800000,414880000,20279,3863
5186,414880000,414960000,23180,4232
5187,414960000,415040000,17058,3609
5188,415040000,415120000,13530,2483
5189,415120000,415200000,22163,4071
5190,415200000,415280000,24093,4370
5191,415280000,415360000,16782,3524
5192,415360000,415440000,13329,2413
5193,415440000,415520000,21801,4061
5194,415520000,415600000,24607,4289
5195,415600000,415680000,16286,3405
5196,415680000,415760000,14212,2604
5197,415760000,415840000,22993,4094
5198,415840000,415920000,21191,3933
5199,415920000,416000000,16927,3517
5200,416000000,416080000,14732,2829
5201,416080000,416160000,22489,4084
5202,416160000,416240000,19879,3672
5203,416240000,416320000,16754,3438
5204,416320000,416400000,17595,3178
5205,416400000,416480000,22882,4107
5206,416480000,416560000,18971,3669
5207,416560000,416640000,15792,3207
5208,416640000,416720000,17623,3400
5209,416720000,416800000,23512,4102
5210,416800000,416880000,17873,3638
5211,416880000,416960000,15192,3108
5212,416960000,417040000,18463,3532
5213,417040000,417120000,23038,4201
5214,417120000,417200000,17018,3613
5215,417200000,417280000,13613,2694
5216,417280000,417360000,20435,3864
5217,417360000,417440000,23367,4226
5218,417440000,417520000,17332,3600
5219,417520000,417600000,13392,2483
5220,417600000,417680000,22061,4070
5221,417680000,417760000,24741,4370
5222,417760000,417840000,16930,3525
5223,417840000,417920000,13369,2413
5224,417920000,418000000,21431,4058
5225,418000000,418080000,23248,4284
5226,418080000,418160000,16417,3405
5227,418160000,418240000,14093,2604
5228,418240000,418320000,22558,4089
5229,418320000,418400000,20762,3934
5230,418400000,418480000,17019,3517
5231,418480000,418560000,15084,2829
5232,418560000,418640000,21669,4090
5233,418640000,418720000,20488,3672
5234,418720000,418800000,16950,3438
5235,418800000,418880000,17232,3178
5236,418880000,418960000,24335,4096
5237,418960000,419040000,19123,3656
5238,419040000,419120000,16391,3207
5239,419120000,419200000,18598,3400
5240,419200000,419280000,23751,4099
5241,419280000,419360000,18656,3633
5242,419360000,419440000,15679,3108
5243,419440000,419520000,19085,3532
5244,419520000,419600000,22880,4194
5245,419600000,419680000,16998,3618
5246,419680000,419760000,13952,2694
5247,419760000,419840000,20554,3863
5248,419840000,419920000,23576,4226
5249,419920000,420000000,17362,3603
5250,420000000,420080000,13607,2483
5251,420080000,420160000,22261,4077
5252,420160000,420240000,24080,4370
5253,420240000,420320000,17047,3524
5254,420320000,420400000,13645,2413
5255,420400000,420480000,22377,4061
5256,420480000,420560000,24032,4283
5257,420560000,420640000,16844,3405
5258,420640000,420720000,14544,2604
5259,420720000,420800000,22615,4094
5260,420800000,420880000,21156,3939
5261,420880000,420960000,17253,3517
5262,420960000,421040000,15266,2829
5263,421040000,421120000,22768,4084
5264,421120000,421200000,20383,3672
5265,421200000,421280000,16631,3438
5266,421280000,421360000,16924,3178
5267,421360000,421440000,22723,4101
5268,421440000,421520000,18867,3663
5269,421520000,421600000,15856,3207
5270,421600000,421680000,17985,3400
5271,421680000,421760000,23694,4102
5272,421760000,421840000,18556,3638
5273,421840000,421920000,15538,3108
5274,421920000,422000000,19121,3532
5275,422000000,422080000,23284,4195
5276,422080000,422160000,17503,3613
5277,422160000,422240000,13435,2694
5278,422240000,422320000,20255,3864
5279,422320000,422400000,23275,4226
5280,422400000,422480000,17381,3606
5281,422480000,422560000,13283,2483
5282,422560000,422640000,22082,4070
5283,422640000,422720000,23896,4376
5284,422720000,422800000,16774,3525
5285,422800000,422880000,13254,2413
5286,422880000,422960000,22549,4058
5287,422960000,423040000,24814,4278
5288,423040000,423120000,16400,3405
5289,423120000,423200000,14146,2604
5290,423200000,423280000,22391,4095
5291,423280000,423360000,20836,3934
5292,423360000,423440000,16881,3517
5293,423440000,423520000,14530,2829
5294,423520000,423600000,21912,4093
5295,423600000,423680000,19930,3667
5296,423680000,423760000,16344,3438
5297,423760000,423840000,17446,3178
5298,423840000,423920000,22520,4102
5299,423920000,424000000,18429,3656
5300,424000000,424080000,16268,3207
5301,424080000,424160000,18845,3400
5302,424160000,424240000,23497,4099
5303,424240000,424320000,18532,3639
5304,424320000,424400000,15877,3108
5305,424400000,424480000,19393,3532
5306,424480000,424560000,23078,4200
5307,424560000,424640000,17703,3618
5308,424640000,424720000,13967,2694
5309,424720000,424800000,20951,3863
5310,424800000,424880000,23658,4232
5311,424880000,424960000,17609,3603
5312,424960000,425040000,13879,2483
5313,425040000,425120000,22432,4071
5314,425120000,425200000,24183,4376
5315,425200000,425280000,17038,3524
5316,425280000,425360000,13515,2413
5317,425360000,425440000,22154,4061
5318,425440000,425520000,23814,4283
5319,425520000,425600000,16361,3405
5320,425600000,425680000,14188,2604
5321,425680000,425760000,23358,4094
5322,425760000,425840000,21852,3933
5323,425840000,425920000,16908,3517
5324,425920000,426000000,14690,2829
5325,426000000,426080000,22689,4084
5326,426080000,426160000,20423,3672
5327,426160000,426240000,16537,3438
5328,426240000,426320000,17133,3178
5329,426320000,426400000,23064,4107
5330,426400000,426480000,19105,3663
5331,426480000,426560000,16180,3207
5332,426560000,426640000,18444,3400
5333,426640000,426720000,23465,4102
5334,426720000,426800000,18077,3638
5335,426800000,426880000,15926,3108
5336,426880000,426960000,19440,3532
5337,426960000,427040000,23226,4195
5338,427040000,427120000,17366,3613
5339,427120000,427200000,14287,2694
5340,427200000,427280000,21141,3864
5341,427280000,427360000,23959,4226
5342,427360000,427440000,17588,3600
5343,427440000,427520000,14001,2483
5344,427520000,427600000,22723,4070
5345,427600000,427680000,23802,4370
5346,427680000,427760000,17208,3525
5347,427760000,427840000,13729,2413
5348,427840000,427920000,22699,4058
5349,427920000,428000000,24039,4278
5350,428000000,428080000,16596,3405
5351,428080000,428160000,13925,2604
5352,428160000,428240000,22511,4089
5353,428240000,428320000,20852,3934
5354,428320000,428400000,16804,3517
5355,428400000,428480000,15113,2829
5356,428480000,428560000,22388,4093
5357,428560000,428640000,19734,3661
5358,428640000,428720000,16850,3438
5359,428720000,428800000,17483,3178
5360,428800000,428880000,22809,4096
5361,428880000,428960000,18472,3656
5362,428960000,429040000,16337,3207
5363,429040000,429120000,18364,3400
5364,429120000,429200000,23525,4099
5365,429200000,429280000,18606,3633
5366,429280000,429360000,15896,3108
5367,429360000,429440000,19576,3532
5368,429440000,429520000,23901,4194
5369,429520000,429600000,17342,3618
5370,429600000,429680000,14146,2694
5371,429680000,429760000,20857,3863
5372,429760000,429840000,23520,4226
5373,429840000,429920000,17470,3603
5374,429920000,430000000,13970,2483
5375,430000000,430080000,22487,4071
5376,430080000,430160000,23786,4370
5377,430160000,430240000,17018,3524
5378,430240000,430320000,13255,2413
5379,430320000,430400000,21546,4061
5380,430400000,430480000,23532,4283
5381,430480000,430560000,16228,3405
5382,430560000,430640000,13767,2604
5383,430640000,430720000,22713,4094
5384,430720000,430800000,21422,3939
5385,430800000,430880000,16677,3517
5386,430880000,430960000,14333,2829
5387,430960000,431040000,21386,4087
5388,431040000,431120000,19642,3675
5389,431120000,431200000,16473,3438
5390,431200000,431280000,17053,3178
5391,431280000,431360000,22750,4101
5392,431360000,431440000,18643,3663
5393,431440000,431520000,16124,3207
5394,431520000,431600000,18196,3400
5395,431600000,431680000,23196,4111
5396,431680000,431760000,18651,3641
5397,431760000,431840000,15580,3108
5398,431840000,431920000,18563,3532
5399,431920000,432000000,23089,4195
5400,432000000,432080000,17190,3613
5401,432080000,432160000,13829,2694
5402,432160000,432240000,20401,3864
5403,432240000,432320000,23655,4226
5404,432320000,432400000,17360,3606
5405,432400000,432480000,13435,2483
5406,432480000,432560000,22113,4070
5407,432560000,432640000,23762,4376
5408,432640000,432720000,16733,3525
5409,432720000,432800000,13147,2413
5410,432800000,432880000,21685,4058
5411,432880000,432960000,23787,4278
5412,432960000,433040000,16298,3405
5413,433040000,433120000,14021,2604
5414,433120000,433200000,22545,4089
5415,433200000,433280000,20947,3934
5416,433280000,433360000,16967,3517
5417,433360000,433440000,14679,2829
5418,433440000,433520000,22223,4087
5419,433520000,433600000,19859,3661
5420,433600000,433680000,16829,3438
5421,433680000,433760000,17248,3178
5422,433760000,433840000,24050,4108
5423,433840000,433920000,18818,3656
5424,433920000,434000000,16366,3207
5425,434000000,434080000,18503,3400
5426,434080000,434160000,22264,4099
5427,434160000,434240000,18633,3633
5428,434240000,434320000,16116,3108
5429,434320000,434400000,19622,3532
5430,434400000,434480000,23037,4194
5431,434480000,434560000,17635,3618
5432,434560000,434640000,14214,2694
5433,434640000,434720000,20800,3863
5434,434720000,434800000,23287,4232
5435,434800000,434880000,17506,3603
5436,434880000,434960000,13775,2483
5437,434960000,435040000,22437,4071
5438,435040000,435120000,24106,4376
5439,435120000,435200000,16991,3524
5440,435200000,435280000,13254,2413
5441,435280000,435360000,21872,4061
5442,435360000,435440000,23688,4283
5443,435440000,435520000,16649,3405
5444,435520000,435600000,14374,2604
5445,435600000,435680000,22951,4094
5446,435680000,435760000,20527,3933
5447,435760000,435840000,17009,3517
5448,435840000,435920000,14411,2835
5449,435920000,436000000,21467,4084
5450,436000000,436080000,19816,3678
5451,436080000,436160000,16463,3438
5452,436160000,436240000,17395,3184
5453,436240000,436320000,23723,4101
5454,436320000,436400000,18872,3663
5455,436400000,436480000,16072,3207
5456,436480000,436560000,18026,3406
5457,436560000,436640000,23037,4102
5458,436640000,436720000,18368,3638
5459,436720000,436800000,15602,3108
5460,436800000,436880000,18720,3532
5461,436880000,436960000,22312,4201
5462,436960000,437040000,17134,3619
5463,437040000,437120000,14045,2694
5464,437120000,437200000,20685,3864
5465,437200000,437280000,22579,4226
5466,437280000,437360000,17333,3606
5467,437360000,437440000,13641,2483
5468,437440000,437520000,21956,4070
5469,437520000,437600000,23743,4370
5470,437600000,437680000,16968,3525
5471,437680000,437760000,13580,2413
5472,437760000,437840000,21960,4058
5473,437840000,437920000,24128,4278
5474,437920000,438000000,16588,3405
5475,438000000,438080000,14246,2604
5476,438080000,438160000,22410,4089
5477,438160000,438240000,20280,3934
5478,438240000,438320000,17252,3517
5479,438320000,438400000,15199,2829
5480,438400000,438480000,21974,4087
5481,438480000,438560000,20210,3661
5482,438560000,438640000,17073,3438
5483,438640000,438720000,17258,3178
5484,438720000,438800000,23188,4102
5485,438800000,438880000,18534,3662
5486,438880000,438960000,16667,3215
5487,438960000,439040000,18922,3400
5488,439040000,439120000,23307,4099
5489,439120000,439200000,18286,3633
5490,439200000,439280000,15503,3108
5491,439280000,439360000,18549,3532
5492,439360000,439440000,22096,4200
5493,439440000,439520000,17292,3624
5494,439520000,439600000,12909,2694
5495,439600000,439680000,20045,3863
5496,439680000,439760000,23492,4226
5497,439760000,439840000,17267,3603
5498,439840000,439920000,12787,2483
5499,439920000,440000000,22003,4077
5500,440000000,440080000,24380,4370
5501,440080000,440160000,16350,3524
5502,440160000,440240000,12477,2413
5503,440240000,440320000,21101,4061
5504,440320000,440400000,23609,4283
5505,440400000,440480000,16196,3409
5506,440480000,440560000,13972,2610
5507,440560000,440640000,22727,4094
5508,440640000,440720000,21204,3939
5509,440720000,440800000,16720,3525
5510,440800000,440880000,14731,2829
5511,440880000,440960000,22525,4084
5512,440960000,441040000,20395,3672
5513,441040000,441120000,16593,3448
5514,441120000,441200000,17304,3178
5515,441200000,441280000,23358,4101
5516,441280000,441360000,18831,3663
5517,441360000,441440000,15600,3207
5518,441440000,441520000,17578,3400
5519,441520000,441600000,22905,4102
5520,441600000,441680000,18566,3638
5521,441680000,441760000,15050,3108
5522,441760000,441840000,18734,3532
5523,441840000,441920000,21616,4195
5524,441920000,442000000,17389,3613
5525,442000000,442080000,13106,2694
5526,442080000,442160000,19917,3864
5527,442160000,442240000,22718,4220
5528,442240000,442320000,17524,3600
5529,442320000,442400000,12956,2483
5530,442400000,442480000,22061,4070
5531,442480000,442560000,24168,4370
5532,442560000,442640000,16530,3525
5533,442640000,442720000,12792,2413
5534,442720000,442800000,21731,4058
5535,442800000,442880000,22865,4278
5536,442880000,442960000,16038,3405
5537,442960000,443040000,13504,2604
5538,443040000,443120000,22126,4095
5539,443120000,443200000,20928,3934
5540,443200000,443280000,16436,3517
5541,443280000,443360000,14176,2829
5542,443360000,443440000,22114,4087
5543,443440000,443520000,20240,3667
5544,443520000,443600000,15998,3438
5545,443600000,443680000,16839,3178
5546,443680000,443760000,22807,4096
5547,443760000,443840000,18941,3656
5548,443840000,443920000,15542,3207
5549,443920000,444000000,18189,3400
5550,444000000,444080000,22460,4099
5551,444080000,444160000,18495,3633
5552,444160000,444240000,15148,3108
5553,444240000,444320000,18976,3532
5554,444320000,444400000,23885,4200
5555,444400000,444480000,17732,3618
5556,444480000,444560000,13447,2694
5557,444560000,444640000,20588,3863
5558,444640000,444720000,23658,4232
5559,444720000,444800000,17589,3603
5560,444800000,444880000,12876,2483
5561,444880000,444960000,21522,4071
5562,444960000,445040000,23563,4370
5563,445040000,445120000,16719,3524
5564,445120000,445200000,12852,2413
5565,445200000,445280000,22256,4061
5566,445280000,445360000,23995,4283
5567,445360000,445440000,16224,3405
5568,445440000,445520000,13866,2604
5569,445520000,445600000,22306,4094
5570,445600000,445680000,20309,3933
5571,445680000,445760000,16695,3517
5572,445760000,445840000,14313,2829
5573,445840000,445920000,21921,4090
5574,445920000,446000000,20209,3678
5575,446000000,446080000,16292,3438
5576,446080000,446160000,17065,3178
5577,446160000,446240000,23188,4101
5578,446240000,446320000,18758,3663
5579,446320000,446400000,15794,3207
5580,446400000,446480000,18233,3400
5581,446480000,446560000,23454,4102
5582,446560000,446640000,18179,3638
5583,446640000,446720000,15002,3108
5584,446720000,446800000,18120,3532
5585,446800000,446880000,20907,4201
5586,446880000,446960000,16878,3613
5587,446960000,447040000,13112,2694
5588,447040000,447120000,19724,3864
5589,447120000,447200000,23084,4220
5590,447200000,447280000,17040,3600
5591,447280000,447360000,13104,2483
5592,447360000,447440000,21692,4070
5593,447440000,447520000,23517,4370
5594,447520000,447600000,16463,3525
5595,447600000,447680000,12824,2413
5596,447680000,447760000,21158,4058
5597,447760000,447840000,23541,4278
5598,447840000,447920000,15827,3405
5599,447920000,448000000,13082,2604
5600,448000000,448080000,21495,4095
5601,448080000,448160000,20623,3946
5602,448160000,448240000,16002,3517
5603,448240000,448320000,14448,2829
5604,448320000,448400000,22425,4087
5605,448400000,448480000,20125,3661
5606,448480000,448560000,15872,3438
5607,448560000,448640000,16530,3178
5608,448640000,448720000,22500,4102
5609,448720000,448800000,18687,3656
5610,448800000,448880000,15508,3207
5611,448880000,448960000,17723,3400
5612,448960000,449040000,23018,4099
5613,449040000,449120000,18390,3639
5614,449120000,449200000,14866,3108
5615,449200000,449280000,18484,3532
5616,449280000,449360000,22453,4194
5617,449360000,449440000,17165,3618
5618,449440000,449520000,13040,2694
5619,449520000,449600000,19665,3863
5620,449600000,449680000,23276,4226
5621,449680000,449760000,17114,3603
5622,449760000,449840000,12997,2483
5623,449840000,449920000,21751,4071
5624,449920000,450000000,23909,4370
5625,450000000,450080000,16446,3524
5626,450080000,450160000,12962,2413
5627,450160000,450240000,21737,4061
5628,450240000,450320000,24100,4283
5629,450320000,450400000,16077,3405
5630,450400000,450480000,13566,2604
5631,450480000,450560000,22426,4094
5632,450560000,450640000,21365,3933
5633,450640000,450720000,16331,3517
5634,450720000,450800000,14345,2829
5635,450800000,450880000,22585,4084
5636,450880000,450960000,20381,3672
5637,450960000,451040000,16052,3438
5638,451040000,451120000,16995,3178
5639,451120000,451200000,23075,4101
5640,451200000,451280000,18540,3663
5641,451280000,451360000,15699,3207
5642,451360000,451440000,17843,3400
5643,451440000,451520000,22757,4102
5644,451520000,451600000,18832,3638
5645,451600000,451680000,15108,3108
5646,451680000,451760000,18485,3532
5647,451760000,451840000,22309,4195
5648,451840000,451920000,17552,3613
5649,451920000,452000000,13437,2694
5650,452000000,452080000,20664,3864
5651,452080000,452160000,23769,4220
5652,452160000,452240000,17349,3600
5653,452240000,452320000,13140,2483
5654,452320000,452400000,21583,4070
5655,452400000,452480000,23490,4370
5656,452480000,452560000,16511,3525
5657,452560000,452640000,12666,2413
5658,452640000,452720000,22071,4058
5659,452720000,452800000,23774,4278
5660,452800000,452880000,15827,3405
5661,452880000,452960000,13851,2604
5662,452960000,453040000,22606,4089
5663,453040000,453120000,20953,3940
5664,453120000,453200000,16516,3517
5665,453200000,453280000,14706,2829
5666,453280000,453360000,22423,4087
5667,453360000,453440000,19855,3661
5668,453440000,453520000,16289,3438
5669,453520000,453600000,17047,3178
5670,453600000,453680000,22788,4096
5671,453680000,453760000,18652,3656
5672,453760000,453840000,15644,3207
5673,453840000,453920000,17984,3400
5674,453920000,454000000,22953,4110
5675,454000000,454080000,18280,3636
5676,454080000,454160000,15254,3108
5677,454160000,454240000,18702,3532
5678,454240000,454320000,22490,4194
5679,454320000,454400000,17802,3618
5680,454400000,454480000,13489,2694
5681,454480000,454560000,20617,3863
5682,454560000,454640000,23600,4226
5683,454640000,454720000,17305,3603
5684,454720000,454800000,13226,2483
5685,454800000,454880000,22161,4071
5686,454880000,454960000,24154,4370
5687,454960000,455040000,16538,3524
5688,455040000,455120000,13000,2413
5689,455120000,455200000,21618,4061
5690,455200000,455280000,23630,4289
5691,455280000,455360000,16243,3405
5692,455360000,455440000,14106,2604
5693,455440000,455520000,22996,4094
5694,455520000,455600000,21209,3933
5695,455600000,455680000,16828,3517
5696,455680000,455760000,14623,2829
5697,455760000,455840000,22364,4084
5698,455840000,455920000,20037,3672
5699,455920000,456000000,16527,3438
5700,456000000,456080000,17445,3178
5701,456080000,456160000,23088,4101
5702,456160000,456240000,18687,3669
5703,456240000,456320000,15796,3207
5704,456320000,456400000,17886,3400
5705,456400000,456480000,23349,4102
5706,456480000,456560000,18509,3638
5707,456560000,456640000,15242,3108
5708,456640000,456720000,18918,3532
5709,456720000,456800000,21859,4195
5710,456800000,456880000,17333,3613
5711,456880000,456960000,13436,2694
5712,456960000,457040000,20543,3864
5713,457040000,457120000,23137,4220
5714,457120000,457200000,17764,3600
5715,457200000,457280000,12934,2483
5716,457280000,457360000,22399,4070
5717,457360000,457440000,24525,4370
5718,457440000,457520000,16807,3525
5719,457520000,457600000,13062,2413
5720,457600000,457680000,21944,4058
5721,457680000,457760000,23914,4278
5722,457760000,457840000,15948,3405
5723,457840000,457920000,13546,2604
5724,457920000,458000000,21747,4089
5725,458000000,458080000,20300,3934
5726,458080000,458160000,16168,3517
5727,458160000,458240000,14445,2829
5728,458240000,458320000,22262,4087
5729,458320000,458400000,19651,3661
5730,458400000,458480000,16026,3438
5731,458480000,458560000,16434,3178
5732,458560000,458640000,24385,4096
5733,458640000,458720000,19187,3656
5734,458720000,458800000,15486,3207
5735,458800000,458880000,17880,3400
5736,458880000,458960000,22928,4099
5737,458960000,459040000,18243,3633
5738,459040000,459120000,14961,3108
5739,459120000,459200000,18325,3532
5740,459200000,459280000,22315,4194
5741,459280000,459360000,17349,3618
5742,459360000,459440000,13074,2694
5743,459440000,459520000,20174,3863
5744,459520000,459600000,23985,4229
5745,459600000,459680000,17307,3606
5746,459680000,459760000,13040,2483
5747,459760000,459840000,22044,4071
5748,459840000,459920000,23895,4370
5749,459920000,460000000,16580,3524
5750,460000000,460080000,13083,2413
5751,460080000,460160000,22224,4061
5752,460160000,460240000,23817,4289
5753,460240000,460320000,16413,3405
5754,460320000,460400000,14068,2604
5755,460400000,460480000,22535,4094
5756,460480000,460560000,21165,3933
5757,460560000,460640000,16796,3517
5758,460640000,460720000,14806,2829
5759,460720000,460800000,22742,4084
5760,460800000,460880000,20545,3678
5761,460880000,460960000,16419,3438
5762,460960000,461040000,17281,3178
5763,461040000,461120000,22933,4112
5764,461120000,461200000,18443,3674
5765,461200000,461280000,15917,3207
5766,461280000,461360000,18079,3400
5767,461360000,461440000,23306,4102
5768,461440000,461520000,18717,3638
5769,461520000,461600000,15322,3108
5770,461600000,461680000,18894,3532
5771,461680000,461760000,23117,4195
5772,461760000,461840000,17486,3613
5773,461840000,461920000,13164,2694
5774,461920000,462000000,20153,3864
5775,462000000,462080000,22808,4226
5776,462080000,462160000,17309,3600
5777,462160000,462240000,13147,2483
5778,462240000,462320000,22269,4070
5779,462320000,462400000,24394,4387
5780,462400000,462480000,16863,3528
5781,462480000,462560000,13020,2413
5782,462560000,462640000,22081,4058
5783,462640000,462720000,23806,4278
5784,462720000,462800000,16415,3405
5785,462800000,462880000,14166,2604
5786,462880000,462960000,22762,4095
5787,462960000,463040000,20948,3934
5788,463040000,463120000,16762,3517
5789,463120000,463200000,14338,2829
5790,463200000,463280000,22118,4090
5791,463280000,463360000,20351,3664
5792,463360000,463440000,16206,3438
5793,463440000,463520000,17126,3178
5794,463520000,463600000,23942,4096
5795,463600000,463680000,18798,3656
5796,463680000,463760000,15794,3207
5797,463760000,463840000,18237,3400
5798,463840000,463920000,22720,4099
5799,463920000,464000000,18277,3633
5800,464000000,464080000,15498,3108
5801,464080000,464160000,19247,3532
5802,464160000,464240000,23077,4194
5803,464240000,464320000,17675,3618
5804,464320000,464400000,13944,2694
5805,464400000,464480000,21122,3863
5806,464480000,464560000,23104,4226
5807,464560000,464640000,17823,3603
5808,464640000,464720000,13610,2483
5809,464720000,464800000,22805,4071
5810,464800000,464880000,23648,4370
5811,464880000,464960000,17020,3524
5812,464960000,465040000,13316,2413
5813,465040000,465120000,21935,4061
5814,465120000,465200000,23654,4289
5815,465200000,465280000,16501,3405
5816,465280000,465360000,14325,2604
5817,465360000,465440000,23010,4094
5818,465440000,465520000,21320,3933
5819,465520000,465600000,17102,3517
5820,465600000,465680000,15149,2829
5821,465680000,465760000,22705,4084
5822,465760000,465840000,20269,3672
5823,465840000,465920000,16432,3438
5824,465920000,466000000,17117,3178
5825,466000000,466080000,22782,4101
5826,466080000,466160000,18923,3663
5827,466160000,466240000,15668,3207
5828,466240000,466320000,18385,3400
5829,466320000,466400000,24384,4102
5830,466400000,466480000,18566,3638
5831,466480000,466560000,15376,3108
5832,466560000,466640000,19373,3532
5833,466640000,466720000,22368,4195
5834,466720000,466800000,17448,3613
5835,466800000,466880000,13775,2694
5836,466880000,466960000,20824,3864
5837,466960000,467040000,22640,4220
5838,467040000,467120000,17521,3600
5839,467120000,467200000,13314,2483
5840,467200000,467280000,22588,4070
5841,467280000,467360000,24433,4370
5842,467360000,467440000,17128,3525
5843,467440000,467520000,13168,2403
5844,467520000,467600000,22387,4066
5845,467600000,467680000,24563,4278
5846,467680000,467760000,16236,3405
5847,467760000,467840000,12476,2604
5848,467840000,467920000,22419,4089
5849,467920000,468000000,20815,3934
5850,468000000,468080000,16021,3517
5851,468080000,468160000,13539,2829
5852,468160000,468240000,21733,4093
5853,468240000,468320000,20143,3675
5854,468320000,468400000,15897,3438
5855,468400000,468480000,15919,3178
5856,468480000,468560000,24010,4096
5857,468560000,468640000,18428,3656
5858,468640000,468720000,15026,3207
5859,468720000,468800000,16094,3400
5860,468800000,468880000,22058,4105
5861,468880000,468960000,17636,3633
5862,468960000,469040000,14469,3108
5863,469040000,469120000,17307,3532
5864,469120000,469200000,22122,4206
5865,469200000,469280000,16688,3618
5866,469280000,469360000,12676,2694
5867,469360000,469440000,19028,3863
5868,469440000,469520000,22396,4226
5869,469520000,469600000,16601,3603
5870,469600000,469680000,12566,2483
5871,469680000,469760000,21152,4071
5872,469760000,469840000,23112,4376
5873,469840000,469920000,16146,3524
5874,469920000,470000000,12216,2413
5875,470000000,470080000,21122,4061
5876,470080000,470160000,23742,4283
5877,470160000,470240000,15692,3405
5878,470240000,470320000,13092,2604
5879,470320000,470400000,21922,4094
5880,470400000,470480000,21007,3933
5881,470480000,470560000,16085,3517
5882,470560000,470640000,13494,2829
5883,470640000,470720000,21790,4084
5884,470720000,470800000,20097,3672
5885,470800000,470880000,15717,3438
5886,470880000,470960000,16055,3178
5887,470960000,471040000,22899,4101
5888,471040000,471120000,18312,3663
5889,471120000,471200000,15375,3207
5890,471200000,471280000,17346,3400
5891,471280000,471360000,23517,4108
5892,471360000,471440000,18267,3638
5893,471440000,471520000,14822,3108
5894,471520000,471600000,17529,3532
5895,471600000,471680000,22223,4195
5896,471680000,471760000,17207,3613
5897,471760000,471840000,13102,2694
5898,471840000,471920000,19828,3864
5899,471920000,472000000,22337,4220
5900,472000000,472080000,17035,3600
5901,472080000,472160000,12823,2483
5902,472160000,472240000,21794,4070
5903,472240000,472320000,23709,4370
5904,472320000,472400000,16276,3525
5905,472400000,472480000,11967,2413
5906,472480000,472560000,20752,4058
5907,472560000,472640000,23289,4278
5908,472640000,472720000,15393,3405
5909,472720000,472800000,12511,2612
5910,472800000,472880000,22397,4089
5911,472880000,472960000,21223,3934
5912,472960000,473040000,15988,3521
5913,473040000,473120000,13559,2839
5914,473120000,473200000,22160,4101
5915,473200000,473280000,19697,3661
5916,473280000,473360000,15884,3446
5917,473360000,473440000,16016,3188
5918,473440000,473520000,23153,4104
5919,473520000,473600000,18719,3656
5920,473600000,473680000,15514,3223
5921,473680000,473760000,17221,3412
5922,473760000,473840000,23069,4107
5923,473840000,473920000,17959,3639
5924,473920000,474000000,15277,3126
5925,474000000,474080000,18621,3550
5926,474080000,474160000,23629,4200
5927,474160000,474240000,17368,3622
5928,474240000,474320000,13390,2712
5929,474320000,474400000,19595,3883
5930,474400000,474480000,23137,4232
5931,474480000,474560000,17125,3613
5932,474560000,474640000,13145,2495
5933,474640000,474720000,21679,4089
5934,474720000,474800000,24940,4370
5935,474800000,474880000,16373,3534
5936,474880000,474960000,11958,2421
5937,474960000,475040000,20803,4077
5938,475040000,475120000,22503,4295
5939,475120000,475200000,15470,3413
5940,475200000,475280000,12977,2614
5941,475280000,475360000,23151,4114
5942,475360000,475440000,21383,3939
5943,475440000,475520000,16063,3531
5944,475520000,475600000,13716,2839
5945,475600000,475680000,22081,4098
5946,475680000,475760000,20132,3672
5947,475760000,475840000,15889,3456
5948,475840000,475920000,16437,3188
5949,475920000,476000000,23264,4109
5950,476000000,476080000,18632,3663
5951,476080000,476160000,15344,3225
5952,476160000,476240000,16890,3412
5953,476240000,476320000,22540,4119
5954,476320000,476400000,18133,3647
5955,476400000,476480000,14625,3126
5956,476480000,476560000,18238,3550
5957,476560000,476640000,22901,4201
5958,476640000,476720000,17131,3617
5959,476720000,476800000,13025,2702
5960,476800000,476880000,20270,3884
5961,476880000,476960000,23379,4220
5962,476960000,477040000,17302,3610
5963,477040000,477120000,12010,2487
5964,477120000,477200000,20552,4070
5965,477200000,477280000,24244,4376
5966,477280000,477360000,16232,3535
5967,477360000,477440000,12061,2413
5968,477440000,477520000,21717,4058
5969,477520000,477600000,23663,4290
5970,477600000,477680000,15501,3405
5971,477680000,477760000,12603,2604
5972,477760000,477840000,22379,4095
5973,477840000,477920000,20708,3934
5974,477920000,478000000,16027,3517
5975,478000000,478080000,13505,2829
5976,478080000,478160000,21124,4087
5977,478160000,478240000,19575,3661
5978,478240000,478320000,15746,3438
5979,478320000,478400000,15593,3178
5980,478400000,478480000,22830,4096
5981,478480000,478560000,18642,3656
5982,478560000,478640000,15250,3207
5983,478640000,478720000,17085,3400
5984,478720000,478800000,23226,4099
5985,478800000,478880000,18038,3633
5986,478880000,478960000,14903,3108
5987,478960000,479040000,18115,3532
5988,479040000,479120000,22625,4194
5989,479120000,479200000,17084,3618
5990,479200000,479280000,12908,2694
5991,479280000,479360000,19769,3863
5992,479360000,479440000,23656,4226
5993,479440000,479520000,16962,3603
5994,479520000,479600000,12087,2483
5995,479600000,479680000,20684,4071
5996,479680000,479760000,23206,4380
5997,479760000,479840000,16202,3524
5998,479840000,479920000,11864,2413
5999,479920000,480000000,21209,4067
6000,480000000,480080000,23417,4289
6001,480080000,480160000,15585,3405
6002,480160000,480240000,12850,2604
6003,480240000,480320000,21570,4094
6004,480320000,480400000,20991,3933
6005,480400000,480480000,15919,3517
6006,480480000,480560000,13624,2829
6007,480560000,480640000,21920,4084
6008,480640000,480720000,19683,3672
6009,480720000,480800000,15808,3438
6010,480800000,480880000,16119,3178
6011,480880000,480960000,22375,4111
6012,480960000,481040000,18701,3669
6013,481040000,481120000,15293,3207
6014,481120000,481200000,16763,3400
6015,481200000,481280000,23043,4102
6016,481280000,481360000,18239,3638
6017,481360000,481440000,14990,3108
6018,481440000,481520000,18056,3532
6019,481520000,481600000,22104,4195
6020,481600000,481680000,17204,3613
6021,481680000,481760000,12720,2694
6022,481760000,481840000,19039,3864
6023,481840000,481920000,23273,4220
6024,481920000,482000000,16732,3600
6025,482000000,482080000,12407,2483
6026,482080000,482160000,20964,4070
6027,482160000,482240000,23873,4370
6028,482240000,482320000,16189,3525
6029,482320000,482400000,12311,2413
6030,482400000,482480000,21319,4058
6031,482480000,482560000,24156,4278
6032,482560000,482640000,15596,3405
6033,482640000,482720000,12869,2604
6034,482720000,482800000,21628,4089
6035,482800000,482880000,20265,3934
6036,482880000,482960000,16091,3517
6037,482960000,483040000,13521,2829
6038,483040000,483120000,21957,4087
6039,483120000,483200000,19690,3661
6040,483200000,483280000,15864,3438
6041,483280000,483360000,16406,3178
6042,483360000,483440000,22376,4102
6043,483440000,483520000,18354,3670
6044,483520000,483600000,15713,3207
6045,483600000,483680000,17564,3400
6046,483680000,483760000,22214,4099
6047,483760000,483840000,18268,3633
6048,483840000,483920000,15057,3108
6049,483920000,484000000,18270,3532
6050,484000000,484080000,21983,4194
6051,484080000,484160000,17180,3618
6052,484160000,484240000,13129,2694
6053,484240000,484320000,19854,3863
6054,484320000,484400000,22717,4238
6055,484400000,484480000,17295,3609
6056,484480000,484560000,12679,2483
6057,484560000,484640000,21564,4071
6058,484640000,484720000,23179,4370
6059,484720000,484800000,16678,3524
6060,484800000,484880000,12287,2413
6061,484880000,484960000,21784,4061
6062,484960000,485040000,23742,4283
6063,485040000,485120000,15923,3405
6064,485120000,485200000,13202,2604
6065,485200000,485280000,22219,4094
6066,485280000,485360000,20325,3945
6067,485360000,485440000,16311,3517
6068,485440000,485520000,13835,2829
6069,485520000,485600000,21646,4084
6070,485600000,485680000,19775,3672
6071,485680000,485760000,15960,3438
6072,485760000,485840000,16401,3178
6073,485840000,485920000,22250,4101
6074,485920000,486000000,18512,3663
6075,486000000,486080000,15402,3207
6076,486080000,486160000,17225,3400
6077,486160000,486240000,23172,4102
6078,486240000,486320000,17993,3638
6079,486320000,486400000,14880,3108
6080,486400000,486480000,18169,3532
6081,486480000,486560000,21141,4195
6082,486560000,486640000,17213,3613
6083,486640000,486720000,13064,2694
6084,486720000,486800000,19854,3864
6085,486800000,486880000,23124,4220
6086,486880000,486960000,17280,3600
6087,486960000,487040000,12691,2483
6088,487040000,487120000,21644,4070
6089,487120000,487200000,23061,4370
6090,487200000,487280000,16692,3525
6091,487280000,487360000,12157,2413
6092,487360000,487440000,21037,4058
6093,487440000,487520000,23405,4284
6094,487520000,487600000,15788,3405
6095,487600000,487680000,12746,2604
6096,487680000,487760000,22086,4089
6097,487760000,487840000,20767,3934
6098,487840000,487920000,16232,3517
6099,487920000,488000000,13914,2829
6100,488000000,488080000,22426,4087
6101,488080000,488160000,20109,3661
6102,488160000,488240000,15871,3438
6103,488240000,488320000,15713,3178
6104,488320000,488400000,22603,4096
6105,488400000,488480000,18442,3656
6106,488480000,488560000,15311,3207
6107,488560000,488640000,17118,3400
6108,488640000,488720000,23345,4099
6109,488720000,488800000,18001,3633
6110,488800000,488880000,14873,3108
6111,488880000,488960000,18069,3532
6112,488960000,489040000,22298,4206
6113,489040000,489120000,16901,3624
6114,489120000,489200000,13123,2694
6115,489200000,489280000,19663,3863
6116,489280000,489360000,22937,4226
6117,489360000,489440000,17091,3603
6118,489440000,489520000,12609,2483
6119,489520000,489600000,21544,4071
6120,489600000,489680000,23387,4370
6121,489680000,489760000,16667,3524
6122,489760000,489840000,12463,2413
6123,489840000,489920000,21498,4061
6124,489920000,490000000,23949,4283
6125,490000000,490080000,16245,3405
6126,490080000,490160000,13538,2604
6127,490160000,490240000,22394,4100
6128,490240000,490320000,20822,3939
6129,490320000,490400000,16657,3517
6130,490400000,490480000,14251,2829
6131,490480000,490560000,22244,4090
6132,490560000,490640000,19774,3678
6133,490640000,490720000,15897,3438
6134,490720000,490800000,16107,3178
6135,490800000,490880000,21968,4101
6136,490880000,490960000,18869,3663
6137,490960000,491040000,15292,3207
6138,491040000,491120000,16883,3400
6139,491120000,491200000,22944,4102
6140,491200000,491280000,18516,3638
6141,491280000,491360000,14793,3108
6142,491360000,491440000,17609,3532
6143,491440000,491520000,22153,4207
6144,491520000,491600000,16968,3613
6145,491600000,491680000,13018,2694
6146,491680000,491760000,19323,3864
6147,491760000,491840000,23446,4220
6148,491840000,491920000,16601,3600
6149,491920000,492000000,12803,2483
6150,492000000,492080000,21149,4070
6151,492080000,492160000,23789,4376
6152,492160000,492240000,16034,3525
6153,492240000,492320000,12378,2413
6154,492320000,492400000,21376,4058
6155,492400000,492480000,23768,4278
6156,492480000,492560000,15620,3405
6157,492560000,492640000,13277,2604
6158,492640000,492720000,22492,4089
6159,492720000,492800000,20900,3946
6160,492800000,492880000,16070,3517
6161,492880000,492960000,13553,2829
6162,492960000,493040000,22260,4087
6163,493040000,493120000,20054,3661
6164,493120000,493200000,15694,3438
6165,493200000,493280000,16133,3178
6166,493280000,493360000,22788,4096
6167,493360000,493440000,18130,3656
6168,493440000,493520000,15142,3207
6169,493520000,493600000,16965,3400
6170,493600000,493680000,23120,4099
6171,493680000,493760000,17751,3633
6172,493760000,493840000,14745,3108
6173,493840000,493920000,17831,3532
6174,493920000,494000000,21332,4200
6175,494000000,494080000,17178,3618
6176,494080000,494160000,13024,2694
6177,494160000,494240000,19713,3863
6178,494240000,494320000,23529,4226
6179,494320000,494400000,16874,3603
6180,494400000,494480000,12844,2483
6181,494480000,494560000,21525,4071
6182,494560000,494640000,23128,4370
6183,494640000,494720000,16384,3524
6184,494720000,494800000,12375,2413
6185,494800000,494880000,21496,4061
6186,494880000,494960000,24333,4283
6187,494960000,495040000,15687,3405
6188,495040000,495120000,13255,2604
6189,495120000,495200000,22200,4094
6190,495200000,495280000,20289,3933
6191,495280000,495360000,16188,3517
6192,495360000,495440000,13826,2829
6193,495440000,495520000,22046,4084
6194,495520000,495600000,19337,3672
6195,495600000,495680000,16053,3438
6196,495680000,495760000,16656,3178
6197,495760000,495840000,22208,4101
6198,495840000,495920000,18644,3663
6199,495920000,496000000,15156,3207
6200,496000000,496080000,16479,3400
6201,496080000,496160000,22780,4102
6202,496160000,496240000,18323,3638
6203,496240000,496320000,14590,3108
6204,496320000,496400000,17562,3532
6205,496400000,496480000,21740,4201
6206,496480000,496560000,16766,3621
6207,496560000,496640000,13107,2694
6208,496640000,496720000,19817,3864
6209,496720000,496800000,22903,4220
6210,496800000,496880000,16974,3600
6211,496880000,496960000,12711,2483
6212,496960000,497040000,21451,4070
6213,497040000,497120000,24171,4370
6214,497120000,497200000,16313,3525
6215,497200000,497280000,12371,2413
6216,497280000,497360000,21478,4058
6217,497360000,497440000,23818,4278
6218,497440000,497520000,15643,3405
6219,497520000,497600000,13090,2604
6220,497600000,497680000,22118,4089
6221,497680000,497760000,20128,3946
6222,497760000,497840000,16096,3517
6223,497840000,497920000,14081,2829
6224,497920000,498000000,22152,4087
6225,498000000,498080000,19849,3673
6226,498080000,498160000,16035,3438
6227,498160000,498240000,15876,3178
6228,498240000,498320000,21964,4096
6229,498320000,498400000,18044,3656
6230,498400000,498480000,15432,3207
6231,498480000,498560000,17221,3400
6232,498560000,498640000,22586,4108
6233,498640000,498720000,18320,3636
6234,498720000,498800000,14926,3108
6235,498800000,498880000,18081,3532
6236,498880000,498960000,22314,4194
6237,498960000,499040000,17029,3618
6238,499040000,499120000,13085,2694
6239,499120000,499200000,19719,3863
6240,499200000,499280000,23054,4235
6241,499280000,499360000,16783,3608
6242,499360000,499440000,12583,2483
6243,499440000,499520000,21481,4071
6244,499520000,499600000,24069,4380
6245,499600000,499680000,16413,3524
6246,499680000,499760000,12501,2413
6247,499760000,499840000,21885,4061
6248,499840000,499920000,23981,4289
6249,499920000,500000000,16169,3405
6250,500000000,500080000,13575,2604
6251,500080000,500160000,22410,4094
6252,500160000,500240000,20604,3939
6253,500240000,500320000,16618,3517
6254,500320000,500400000,14506,2829
6255,500400000,500480000,21968,4084
6256,500480000,500560000,20087,3684
6257,500560000,500640000,16240,3438
6258,500640000,500720000,16535,3178
6259,500720000,500800000,22415,4101
6260,500800000,500880000,18429,3663
6261,500880000,500960000,15826,3207
6262,500960000,501040000,17528,3400
6263,501040000,501120000,22972,4102
6264,501120000,501200000,18176,3638
6265,501200000,501280000,15517,3108
6266,501280000,501360000,18823,3532
6267,501360000,501440000,22511,4195
6268,501440000,501520000,17021,3613
6269,501520000,501600000,12858,2694
6270,501600000,501680000,19296,3864
6271,501680000,501760000,22605,4220
6272,501760000,501840000,16753,3600
6273,501840000,501920000,12322,2483
6274,501920000,502000000,20566,4076
6275,502000000,502080000,23894,4370
6276,502080000,502160000,15959,3525
6277,502160000,502240000,12086,2413
6278,502240000,502320000,20957,4058
6279,502320000,502400000,23055,4278
6280,502400000,502480000,15460,3405
6281,502480000,502560000,13040,2604
6282,502560000,502640000,21950,4095
6283,502640000,502720000,20084,3934
6284,502720000,502800000,15817,3517
6285,502800000,502880000,13092,2829
6286,502880000,502960000,21166,4087
6287,502960000,503040000,19642,3661
6288,503040000,503120000,15401,3438
6289,503120000,503200000,15954,3178
6290,503200000,503280000,22807,4096
6291,503280000,503360000,18365,3656
6292,503360000,503440000,15176,3207
6293,503440000,503520000,17172,3400
6294,503520000,503600000,22966,4099
6295,503600000,503680000,18168,3633
6296,503680000,503760000,14947,3108
6297,503760000,503840000,18237,3532
6298,503840000,503920000,22018,4200
6299,503920000,504000000,17031,3618
6300,504000000,504080000,13114,2694
6301,504080000,504160000,19790,3863
6302,504160000,504240000,23014,4226
6303,504240000,504320000,17126,3603
6304,504320000,504400000,12835,2483
6305,504400000,504480000,21243,4071
6306,504480000,504560000,23703,4370
6307,504560000,504640000,16322,3524
6308,504640000,504720000,12622,2413
6309,504720000,504800000,21372,4061
6310,504800000,504880000,23665,4283
6311,504880000,504960000,15723,3405
6312,504960000,505040000,13262,2604
6313,505040000,505120000,22103,4094
6314,505120000,505200000,19642,3933
6315,505200000,505280000,16163,3517
6316,505280000,505360000,13302,2829
6317,505360000,505440000,21773,4084
6318,505440000,505520000,20488,3672
6319,505520000,505600000,15640,3438
6320,505600000,505680000,15547,3178
6321,505680000,505760000,21926,4107
6322,505760000,505840000,18383,3669
6323,505840000,505920000,15251,3207
6324,505920000,506000000,16829,3400
6325,506000000,506080000,22984,4102
6326,506080000,506160000,17737,3638
6327,506160000,506240000,14757,3108
6328,506240000,506320000,17620,3532
6329,506320000,506400000,21206,4195
6330,506400000,506480000,16707,3619
6331,506480000,506560000,13002,2694
6332,506560000,506640000,19439,3864
6333,506640000,506720000,23101,4226
6334,506720000,506800000,17170,3600
6335,506800000,506880000,12661,2483
6336,506880000,506960000,21576,4070
6337,506960000,507040000,23678,4376
6338,507040000,507120000,16316,3525
6339,507120000,507200000,12124,2413
6340,507200000,507280000,20786,4058
6341,507280000,507360000,23377,4278
6342,507360000,507440000,15633,3405
6343,507440000,507520000,12579,2604
6344,507520000,507600000,22205,4089
6345,507600000,507680000,20801,3940
6346,507680000,507760000,15950,3517
6347,507760000,507840000,13593,2829
6348,507840000,507920000,21726,4090
6349,507920000,508000000,19836,3664
6350,508000000,508080000,15927,3438
6351,508080000,508160000,15908,3178
6352,508160000,508240000,23094,4096
6353,508240000,508320000,18651,3656
6354,508320000,508400000,15333,3207
6355,508400000,508480000,16666,3400
6356,508480000,508560000,22977,4099
6357,508560000,508640000,17979,3633
6358,508640000,508720000,14870,3108
6359,508720000,508800000,17936,3532
6360,508800000,508880000,22858,4200
6361,508880000,508960000,16856,3618
6362,508960000,509040000,13150,2694
6363,509040000,509120000,19600,3863
6364,509120000,509200000,23472,4226
6365,509200000,509280000,16855,3603
6366,509280000,509360000,12846,2483
6367,509360000,509440000,21357,4071
6368,509440000,509520000,24219,4370
6369,509520000,509600000,16405,3524
6370,509600000,509680000,12234,2413
6371,509680000,509760000,20874,4061
6372,509760000,509840000,23744,4283
6373,509840000,509920000,15838,3405
6374,509920000,510000000,13100,2604
6375,510000000,510080000,22237,4094
6376,510080000,510160000,20911,3933
6377,510160000,510240000,16332,3517
6378,510240000,510320000,13909,2829
6379,510320000,510400000,21758,4084
6380,510400000,510480000,19984,3684
6381,510480000,510560000,15623,3438
6382,510560000,510640000,15709,3178
6383,510640000,510720000,22033,4101
6384,510720000,510800000,18407,3663
6385,510800000,510880000,14846,3207
6386,510880000,510960000,16945,3400
6387,510960000,511040000,22545,4108
6388,511040000,511120000,18451,3638
6389,511120000,511200000,14284,3108
6390,511200000,511280000,17308,3532
6391,511280000,511360000,23019,4195
6392,511360000,511440000,17136,3613
6393,511440000,511520000,12678,2694
6394,511520000,511600000,19664,3864
6395,511600000,511680000,22761,4229
6396,511680000,511760000,17082,3605
6397,511760000,511840000,12307,2483
6398,511840000,511920000,21222,4070
6399,511920000,512000000,23974,4370
6400,512000000,512080000,16233,3525
6401,512080000,512160000,12088,2413
6402,512160000,512240000,20954,4058
6403,512240000,512320000,22871,4284
6404,512320000,512400000,15325,3405
6405,512400000,512480000,12702,2604
6406,512480000,512560000,22225,4089
6407,512560000,512640000,20859,3934
6408,512640000,512720000,15763,3517
6409,512720000,512800000,13511,2829
6410,512800000,512880000,21869,4093
6411,512880000,512960000,19897,3667
6412,512960000,513040000,15508,3438
6413,513040000,513120000,15748,3178
6414,513120000,513200000,22563,4096
6415,513200000,513280000,18257,3656
6416,513280000,513360000,14917,3207
6417,513360000,513440000,16930,3400
6418,513440000,513520000,22692,4105
6419,513520000,513600000,18157,3633
6420,513600000,513680000,14694,3108
6421,513680000,513760000,18158,3532
6422,513760000,513840000,22617,4206
6423,513840000,513920000,17188,3618
6424,513920000,514000000,12845,2694
6425,514000000,514080000,19411,3863
6426,514080000,514160000,23486,4226
6427,514160000,514240000,16920,3603
6428,514240000,514320000,12719,2483
6429,514320000,514400000,21506,4077
6430,514400000,514480000,23409,4370
6431,514480000,514560000,16235,3524
6432,514560000,514640000,12056,2413
6433,514640000,514720000,21196,4061
6434,514720000,514800000,23307,4283
6435,514800000,514880000,15654,3405
6436,514880000,514960000,13160,2604
6437,514960000,515040000,22605,4094
6438,515040000,515120000,20425,3933
6439,515120000,515200000,15944,3517
6440,515200000,515280000,13299,2829
6441,515280000,515360000,21688,4090
6442,515360000,515440000,19968,3672
6443,515440000,515520000,15461,3438
6444,515520000,515600000,16076,3178
6445,515600000,515680000,22559,4107
6446,515680000,515760000,18262,3669
6447,515760000,515840000,15054,3207
6448,515840000,515920000,16771,3400
6449,515920000,516000000,23193,4102
6450,516000000,516080000,17842,3638
6451,516080000,516160000,14584,3108
6452,516160000,516240000,17886,3532
6453,516240000,516320000,21942,4195
6454,516320000,516400000,17145,3613
6455,516400000,516480000,12917,2694
6456,516480000,516560000,20009,3864
6457,516560000,516640000,22798,4220
6458,516640000,516720000,16844,3600
6459,516720000,516800000,12185,2483
6460,516800000,516880000,20540,4070
6461,516880000,516960000,23525,4370
6462,516960000,517040000,16090,3525
6463,517040000,517120000,12320,2413
6464,517120000,517200000,21239,4064
6465,517200000,517280000,23793,4278
6466,517280000,517360000,15471,3405
6467,517360000,517440000,12824,2604
6468,517440000,517520000,22047,4089
6469,517520000,517600000,20963,3934
6470,517600000,517680000,15963,3517
6471,517680000,517760000,13685,2829
6472,517760000,517840000,22098,4087
6473,517840000,517920000,19776,3661
6474,517920000,518000000,15679,3438
6475,518000000,518080000,15542,3178
6476,518080000,518160000,22392,4104
6477,518160000,518240000,18237,3656
6478,518240000,518320000,15093,3207
6479,518320000,518400000,16947,3400
6480,518400000,518480000,22702,4099
6481,518480000,518560000,17998,3633
6482,518560000,518640000,14651,3108
6483,518640000,518720000,17772,3532
6484,518720000,518800000,23250,4194
6485,518800000,518880000,17192,3618
6486,518880000,518960000,12766,2694
6487,518960000,519040000,19514,3863
6488,519040000,519120000,22845,4226
6489,519120000,519200000,17099,3603
6490,519200000,519280000,12429,2483
6491,519280000,519360000,21034,4071
6492,519360000,519440000,23152,4370
6493,519440000,519520000,16270,3524
6494,519520000,519600000,11900,2413
6495,519600000,519680000,21184,4061
6496,519680000,519760000,23658,4289
6497,519760000,519840000,15654,3405
6498,519840000,519920000,13105,2604
6499,519920000,520000000,22037,4094
6500,520000000,520080000,20900,3945
6501,520080000,520160000,16123,3517
6502,520160000,520240000,14080,2829
6503,520240000,520320000,22318,4084
6504,520320000,520400000,19732,3672
6505,520400000,520480000,15847,3438
6506,520480000,520560000,16330,3178
6507,520560000,520640000,22466,4101
6508,520640000,520720000,18471,3663
6509,520720000,520800000,15092,3207
6510,520800000,520880000,16815,3400
6511,520880000,520960000,22619,4111
6512,520960000,521040000,18366,3641
6513,521040000,521120000,14590,3108
6514,521120000,521200000,18017,3532
6515,521200000,521280000,22112,4195
6516,521280000,521360000,17178,3613
6517,521360000,521440000,12501,2694
6518,521440000,521520000,19176,3864
6519,521520000,521600000,22886,4220
6520,521600000,521680000,17188,3600
6521,521680000,521760000,12251,2483
6522,521760000,521840000,21329,4070
6523,521840000,521920000,23938,4376
6524,521920000,522000000,16358,3525
6525,522000000,522080000,12194,2413
6526,522080000,522160000,21384,4058
6527,522160000,522240000,23488,4284
6528,522240000,522320000,15719,3405
6529,522320000,522400000,13243,2604
6530,522400000,522480000,22248,4089
6531,522480000,522560000,21014,3946
6532,522560000,522640000,16159,3517
6533,522640000,522720000,13945,2829
6534,522720000,522800000,22346,4087
6535,522800000,522880000,20099,3661
6536,522880000,522960000,15769,3438
6537,522960000,523040000,16497,3178
6538,523040000,523120000,22903,4096
6539,523120000,523200000,18641,3656
6540,523200000,523280000,15563,3207
6541,523280000,523360000,17803,3400
6542,523360000,523440000,22461,4099
6543,523440000,523520000,18406,3633
6544,523520000,523600000,15108,3108
6545,523600000,523680000,18477,3532
6546,523680000,523760000,23174,4200
6547,523760000,523840000,17483,3618
6548,523840000,523920000,13202,2694
6549,523920000,524000000,19928,3863
6550,524000000,524080000,22700,4226
6551,524080000,524160000,17092,3603
6552,524160000,524240000,12346,2483
6553,524240000,524320000,20561,4071
6554,524320000,524400000,22553,4370
6555,524400000,524480000,16188,3524
6556,524480000,524560000,11809,2413
6557,524560000,524640000,20892,4061
6558,524640000,524720000,23636,4283
6559,524720000,524800000,15483,3405
6560,524800000,524880000,13009,2604
6561,524880000,524960000,22189,4100
6562,524960000,525040000,20577,3933
6563,525040000,525120000,15947,3517
6564,525120000,525200000,13448,2829
6565,525200000,525280000,21085,4084
6566,525280000,525360000,19232,3672
6567,525360000,525440000,15585,3438
6568,525440000,525520000,16017,3178
6569,525520000,525600000,22117,4101
6570,525600000,525680000,18271,3663
6571,525680000,525760000,15036,3207
6572,525760000,525840000,16946,3400
6573,525840000,525920000,22538,4102
6574,525920000,526000000,17721,3638
6575,526000000,526080000,14620,3108
6576,526080000,526160000,17640,3532
6577,526160000,526240000,21669,4195
6578,526240000,526320000,16702,3613
6579,526320000,526400000,12840,2694
6580,526400000,526480000,19391,3867
6581,526480000,526560000,22959,4223
6582,526560000,526640000,16809,3600
6583,526640000,526720000,12614,2483
6584,526720000,526800000,21048,4073
6585,526800000,526880000,23388,4373
6586,526880000,526960000,16306,3525
6587,526960000,527040000,12392,2413
6588,527040000,527120000,21430,4058
6589,527120000,527200000,23663,4278
6590,527200000,527280000,15644,3405
6591,527280000,527360000,13049,2604
6592,527360000,527440000,21547,4089
6593,527440000,527520000,20519,3934
6594,527520000,527600000,16010,3517
6595,527600000,527680000,14185,2829
6596,527680000,527760000,22303,4087
6597,527760000,527840000,19513,3661
6598,527840000,527920000,15917,3438
6599,527920000,528000000,16361,3178
6600,528000000,528080000,22401,4102
6601,528080000,528160000,18558,3662
6602,528160000,528240000,15500,3207
6603,528240000,528320000,17574,3400
6604,528320000,528400000,23606,4099
6605,528400000,528480000,18263,3633
6606,528480000,528560000,14832,3108
6607,528560000,528640000,18179,3532
6608,528640000,528720000,22171,4200
6609,528720000,528800000,17208,3618
6610,528800000,528880000,12741,2694
6611,528880000,528960000,19273,3863
6612,528960000,529040000,22851,4232
6613,529040000,529120000,16558,3603
6614,529120000,529200000,12654,2483
6615,529200000,529280000,21300,4074
6616,529280000,529360000,23595,4379
6617,529360000,529440000,16163,3524
6618,529440000,529520000,12343,2413
6619,529520000,529600000,21012,4061
6620,529600000,529680000,22929,4283
6621,529680000,529760000,15774,3405
6622,529760000,529840000,13305,2604
6623,529840000,529920000,21856,4094
6624,529920000,530000000,21045,3933
6625,530000000,530080000,16210,3517
6626,530080000,530160000,14166,2829
6627,530160000,530240000,22203,4084
6628,530240000,530320000,19843,3672
6629,530320000,530400000,15905,3438
6630,530400000,530480000,16572,3178
6631,530480000,530560000,22540,4101
6632,530560000,530640000,18523,3663
6633,530640000,530720000,15473,3207
6634,530720000,530800000,17288,3400
6635,530800000,530880000,22548,4108
6636,530880000,530960000,18207,3638
6637,530960000,531040000,14924,3108
6638,531040000,531120000,18112,3532
6639,531120000,531200000,22364,4195
6640,531200000,531280000,17310,3613
6641,531280000,531360000,13110,2694
6642,531360000,531440000,19999,3864
6643,531440000,531520000,23169,4220
6644,531520000,531600000,17321,3600
6645,531600000,531680000,12700,2483
6646,531680000,531760000,21398,4070
6647,531760000,531840000,23379,4370
6648,531840000,531920000,16351,3525
6649,531920000,532000000,12265,2413
6650,532000000,532080000,21151,4058
6651,532080000,532160000,23212,4278
6652,532160000,532240000,15782,3405
6653,532240000,532320000,13329,2604
6654,532320000,532400000,21867,4089
6655,532400000,532480000,20904,3934
6656,532480000,532560000,16509,3517
6657,532560000,532640000,14355,2829
6658,532640000,532720000,22129,4087
6659,532720000,532800000,19300,3661
6660,532800000,532880000,16102,3438
6661,532880000,532960000,16596,3178
6662,532960000,533040000,22682,4096
6663,533040000,533120000,18267,3656
6664,533120000,533200000,15406,3207
6665,533200000,533280000,17386,3400
6666,533280000,533360000,22235,4099
6667,533360000,533440000,17747,3633
6668,533440000,533520000,14963,3108
6669,533520000,533600000,18254,3532
6670,533600000,533680000,21887,4194
6671,533680000,533760000,17299,3618
6672,533760000,533840000,13232,2694
6673,533840000,533920000,19981,3866
6674,533920000,534000000,22375,4232
6675,534000000,534080000,17549,3606
6676,534080000,534160000,12796,2483
6677,534160000,534240000,22057,4071
6678,534240000,534320000,23020,4370
6679,534320000,534400000,16383,3524
6680,534400000,534480000,12320,2413
6681,534480000,534560000,21001,4061
6682,534560000,534640000,23438,4283
6683,534640000,534720000,15499,3405
6684,534720000,534800000,13267,2604
6685,534800000,534880000,21724,4094
6686,534880000,534960000,20332,3939
6687,534960000,535040000,16065,3517
6688,535040000,535120000,13679,2829
6689,535120000,535200000,22264,4090
6690,535200000,535280000,20074,3678
6691,535280000,535360000,15611,3438
6692,535360000,535440000,16115,3178
6693,535440000,535520000,22791,4101
6694,535520000,535600000,18419,3663
6695,535600000,535680000,14846,3207
6696,535680000,535760000,16602,3400
6697,535760000,535840000,22675,4102
6698,535840000,535920000,17929,3638
6699,535920000,536000000,14613,3108
6700,536000000,536080000,17621,3532
6701,536080000,536160000,22492,4209
6702,536160000,536240000,16766,3613
6703,536240000,536320000,13046,2694
6704,536320000,536400000,19436,3864
6705,536400000,536480000,22932,4220
6706,536480000,536560000,17195,3600
6707,536560000,536640000,12598,2483
6708,536640000,536720000,21417,4070
6709,536720000,536800000,23510,4370
6710,536800000,536880000,16421,3525
6711,536880000,536960000,12758,2413
6712,536960000,537040000,21528,4064
6713,537040000,537120000,23828,4284
6714,537120000,537200000,15794,3405
6715,537200000,537280000,13391,2604
6716,537280000,537360000,22603,4089
6717,537360000,537440000,20634,3934
6718,537440000,537520000,15992,3517
6719,537520000,537600000,13830,2829
6720,537600000,537680000,21673,4087
6721,537680000,537760000,19881,3661
6722,537760000,537840000,15784,3438
6723,537840000,537920000,15867,3178
6724,537920000,538000000,22906,4096
6725,538000000,538080000,18597,3656
6726,538080000,538160000,15379,3207
6727,538160000,538240000,17285,3400
6728,538240000,538320000,23199,4105
6729,538320000,538400000,17951,3633
6730,538400000,538480000,14857,3108
6731,538480000,538560000,18029,3532
6732,538560000,538640000,22898,4194
6733,538640000,538720000,16950,3618
6734,538720000,538800000,12828,2694
6735,538800000,538880000,19355,3863
6736,538880000,538960000,22592,4226
6737,538960000,539040000,16800,3603
6738,539040000,539120000,12703,2483
6739,539120000,539200000,21123,4071
6740,539200000,539280000,23193,4370
6741,539280000,539360000,16435,3524
6742,539360000,539440000,12732,2413
6743,539440000,539520000,21480,4061
6744,539520000,539600000,23198,4283
6745,539600000,539680000,16103,3405
6746,539680000,539760000,13544,2604
6747,539760000,539840000,22322,4094
6748,539840000,539920000,21203,3933
6749,539920000,540000000,16353,3517
6750,540000000,540080000,14244,2829
6751,540080000,540160000,22112,4084
6752,540160000,540240000,19919,3672
6753,540240000,540320000,15993,3438
6754,540320000,540400000,16503,3178
6755,540400000,540480000,22839,4101
6756,540480000,540560000,18384,3663
6757,540560000,540640000,15699,3207
6758,540640000,540720000,17474,3400
6759,540720000,540800000,23210,4108
6760,540800000,540880000,18460,3638
6761,540880000,540960000,15237,3108
6762,540960000,541040000,18442,3532
6763,541040000,541120000,23112,4195
6764,541120000,541200000,17202,3613
6765,541200000,541280000,13130,2694
6766,541280000,541360000,19674,3864
6767,541360000,541440000,23420,4226
6768,541440000,541520000,17196,3606
6769,541520000,541600000,12971,2483
6770,541600000,541680000,21767,4076
6771,541680000,541760000,24126,4376
6772,541760000,541840000,16487,3525
6773,541840000,541920000,12629,2413
6774,541920000,542000000,21794,4058
6775,542000000,542080000,23569,4278
6776,542080000,542160000,15892,3405
6777,542160000,542240000,13598,2604
6778,542240000,542320000,22638,4089
6779,542320000,542400000,21166,3940
6780,542400000,542480000,16161,3517
6781,542480000,542560000,13087,2829
6782,542560000,542640000,21391,4087
6783,542640000,542720000,19603,3661
6784,542720000,542800000,15425,3438
6785,542800000,542880000,15754,3178
6786,542880000,542960000,21667,4096
6787,542960000,543040000,18103,3656
6788,543040000,543120000,15352,3207
6789,543120000,543200000,16894,3400
6790,543200000,543280000,22469,4108
6791,543280000,543360000,17734,3636
6792,543360000,543440000,15086,3108
6793,543440000,543520000,18286,3532
6794,543520000,543600000,22226,4194
6795,543600000,543680000,17291,3618
6796,543680000,543760000,13413,2694
6797,543760000,543840000,19969,3863
6798,543840000,543920000,22030,4226
6799,543920000,544000000,17411,3603
6800,544000000,544080000,12962,2483
6801,544080000,544160000,21673,4071
6802,544160000,544240000,23346,4370
6803,544240000,544320000,16546,3524
6804,544320000,544400000,12522,2413
6805,544400000,544480000,21990,4061
6806,544480000,544560000,23561,4283
6807,544560000,544640000,15881,3405
6808,544640000,544720000,13425,2604
6809,544720000,544800000,22056,4094
6810,544800000,544880000,20069,3933
6811,544880000,544960000,16511,3517
6812,544960000,545040000,14122,2829
6813,545040000,545120000,21855,4090
6814,545120000,545200000,19960,3678
6815,545200000,545280000,15931,3438
6816,545280000,545360000,15979,3178
6817,545360000,545440000,22715,4101
6818,545440000,545520000,18392,3663
6819,545520000,545600000,15411,3207
6820,545600000,545680000,17172,3400
6821,545680000,545760000,22321,4102
6822,545760000,545840000,17769,3638
6823,545840000,545920000,15172,3108
6824,545920000,546000000,18302,3532
6825,546000000,546080000,21828,4201
6826,546080000,546160000,16755,3613
6827,546160000,546240000,13420,2694
6828,546240000,546320000,19781,3864
6829,546320000,546400000,22613,4220
6830,546400000,546480000,17176,3600
6831,546480000,546560000,12439,2483
6832,546560000,546640000,21229,4076
6833,546640000,546720000,23362,4370
6834,546720000,546800000,16241,3525
6835,546800000,546880000,12143,2413
6836,546880000,546960000,21685,4058
6837,546960000,547040000,23980,4278
6838,547040000,547120000,15471,3405
6839,547120000,547200000,12533,2604
6840,547200000,547280000,21607,4089
6841,547280000,547360000,20176,3934
6842,547360000,547440000,15764,3517
6843,547440000,547520000,13587,2829
6844,547520000,547600000,21999,4087
6845,547600000,547680000,20024,3667
6846,547680000,547760000,15666,3438
6847,547760000,547840000,15837,3178
6848,547840000,547920000,22544,4096
6849,547920000,548000000,17890,3656
6850,548000000,548080000,15119,3207
6851,548080000,548160000,16531,3400
6852,548160000,548240000,22824,4105
6853,548240000,548320000,17889,3633
6854,548320000,548400000,14630,3108
6855,548400000,548480000,17807,3532
6856,548480000,548560000,22645,4194
6857,548560000,548640000,16982,3618
6858,548640000,548720000,12792,2694
6859,548720000,548800000,19415,3863
6860,548800000,548880000,22920,4226
6861,548880000,548960000,16859,3603
6862,548960000,549040000,12722,2483
6863,549040000,549120000,21458,4071
6864,549120000,549200000,24256,4370
6865,549200000,549280000,16221,3524
6866,549280000,549360000,12603,2413
6867,549360000,549440000,21228,4061
6868,549440000,549520000,22990,4283
6869,549520000,549600000,15791,3405
6870,549600000,549680000,13317,2604
6871,549680000,549760000,21676,4094
6872,549760000,549840000,20751,3933
6873,549840000,549920000,16347,3517
6874,549920000,550000000,13950,2829
6875,550000000,550080000,21875,4084
6876,550080000,550160000,19817,3678
6877,550160000,550240000,16144,3438
6878,550240000,550320000,16681,3178
6879,550320000,550400000,22916,4107
6880,550400000,550480000,18253,3669
6881,550480000,550560000,15922,3207
6882,550560000,550640000,17850,3400
6883,550640000,550720000,23125,4102
6884,550720000,550800000,18412,3638
6885,550800000,550880000,15003,3108
6886,550880000,550960000,17667,3532
6887,550960000,551040000,22223,4195
6888,551040000,551120000,17257,3619
6889,551120000,551200000,12998,2694
6890,551200000,551280000,19860,3864
6891,551280000,551360000,23335,4226
6892,551360000,551440000,17015,3600
6893,551440000,551520000,12784,2483
6894,551520000,551600000,21508,4076
6895,551600000,551680000,23453,4370
6896,551680000,551760000,16286,3525
6897,551760000,551840000,12378,2413
6898,551840000,551920000,21512,4064
6899,551920000,552000000,23615,4278
6900,552000000,552080000,15663,3405
6901,552080000,552160000,13107,2604
6902,552160000,552240000,22329,4095
6903,552240000,552320000,21162,3934
6904,552320000,552400000,16253,3517
6905,552400000,552480000,13957,2829
6906,552480000,552560000,22077,4087
6907,552560000,552640000,20012,3661
6908,552640000,552720000,16209,3438
6909,552720000,552800000,16576,3178
6910,552800000,552880000,22975,4096
6911,552880000,552960000,18289,3656
6912,552960000,553040000,15701,3207
6913,553040000,553120000,17480,3400
6914,553120000,553200000,22933,4105
6915,553200000,553280000,17922,3633
6916,553280000,553360000,15235,3108
6917,553360000,553440000,18753,3532
6918,553440000,553520000,22443,4194
6919,553520000,553600000,17321,3618
6920,553600000,553680000,13302,2694
6921,553680000,553760000,19840,3863
6922,553760000,553840000,23483,4226
6923,553840000,553920000,17173,3603
6924,553920000,554000000,12976,2483
6925,554000000,554080000,21652,4071
6926,554080000,554160000,23847,4370
6927,554160000,554240000,16639,3524
6928,554240000,554320000,12607,2413
6929,554320000,554400000,21872,4061
6930,554400000,554480000,23585,4283
6931,554480000,554560000,16010,3405
6932,554560000,554640000,13691,2604
6933,554640000,554720000,22812,4094
6934,554720000,554800000,20711,3933
6935,554800000,554880000,16617,3517
6936,554880000,554960000,14227,2829
6937,554960000,555040000,22088,4084
6938,555040000,555120000,20296,3672
6939,555120000,555200000,16446,3438
6940,555200000,555280000,17111,3178
6941,555280000,555360000,22758,4101
6942,555360000,555440000,18356,3663
6943,555440000,555520000,15769,3207
6944,555520000,555600000,17413,3400
6945,555600000,555680000,23352,4102
6946,555680000,555760000,18174,3638
6947,555760000,555840000,15036,3108
6948,555840000,555920000,18587,3532
6949,555920000,556000000,22642,4201
6950,556000000,556080000,16974,3613
6951,556080000,556160000,13399,2694
6952,556160000,556240000,20349,3864
6953,556240000,556320000,22203,4220
6954,556320000,556400000,17276,3600
6955,556400000,556480000,12557,2483
6956,556480000,556560000,21172,4076
6957,556560000,556640000,24084,4370
6958,556640000,556720000,16263,3525
6959,556720000,556800000,12610,2413
6960,556800000,556880000,21562,4058
6961,556880000,556960000,23157,4278
6962,556960000,557040000,15698,3405
6963,557040000,557120000,13350,2604
6964,557120000,557200000,22589,4089
6965,557200000,557280000,20659,3934
6966,557280000,557360000,16362,3517
6967,557360000,557440000,14054,2829
6968,557440000,557520000,21831,4093
6969,557520000,557600000,20373,3667
6970,557600000,557680000,16018,3438
6971,557680000,557760000,15933,3178
6972,557760000,557840000,23006,4096
6973,557840000,557920000,18457,3656
6974,557920000,558000000,15585,3207
6975,558000000,558080000,17527,3400
6976,558080000,558160000,21801,4105
6977,558160000,558240000,17828,3633
6978,558240000,558320000,15246,3108
6979,558320000,558400000,18495,3532
6980,558400000,558480000,22660,4206
6981,558480000,558560000,17304,3618
6982,558560000,558640000,13339,2694
6983,558640000,558720000,20145,3863
6984,558720000,558800000,23366,4226
6985,558800000,558880000,17116,3603
6986,558880000,558960000,12848,2483
6987,558960000,559040000,21589,4071
6988,559040000,559120000,23035,4370
6989,559120000,559200000,16691,3524
6990,559200000,559280000,12724,2413
6991,559280000,559360000,22174,4061
6992,559360000,559440000,24200,4289
6993,559440000,559520000,16169,3405
6994,559520000,559600000,13807,2604
6995,559600000,559680000,22459,4094
6996,559680000,559760000,20872,3939
6997,559760000,559840000,16619,3517
6998,559840000,559920000,14429,2829
6999,559920000,560000000,22382,4084
7000,560000000,560080000,19778,3672
7001,560080000,560160000,16319,3438
7002,560160000,560240000,16877,3178
7003,560240000,560320000,22153,4107
7004,560320000,560400000,18393,3663
7005,560400000,560480000,15946,3207
7006,560480000,560560000,17740,3400
7007,560560000,560640000,23008,4102
7008,560640000,560720000,18225,3644
7009,560720000,560800000,15607,3108
7010,560800000,560880000,19034,3532
7011,560880000,560960000,22683,4195
7012,560960000,561040000,17479,3613
7013,561040000,561120000,12901,2694
7014,561120000,561200000,19144,3864
7015,561200000,561280000,23333,4220
7016,561280000,561360000,16798,3600
7017,561360000,561440000,12433,2483
7018,561440000,561520000,20795,4070
7019,561520000,561600000,23292,4370
7020,561600000,561680000,16314,3525
7021,561680000,561760000,12302,2413
7022,561760000,561840000,21348,4064
7023,561840000,561920000,23650,4278
7024,561920000,562000000,15611,3405
7025,562000000,562080000,12803,2604
7026,562080000,562160000,22498,4089
7027,562160000,562240000,21287,3934
7028,562240000,562320000,16045,3517
7029,562320000,562400000,13582,2829
7030,562400000,562480000,22158,4087
7031,562480000,562560000,19998,3661
7032,562560000,562640000,15846,3438
7033,562640000,562720000,16317,3178
7034,562720000,562800000,22620,4102
7035,562800000,562880000,18071,3662
7036,562880000,562960000,15746,3207
7037,562960000,563040000,17598,3400
7038,563040000,563120000,22230,4099
7039,563120000,563200000,17988,3633
7040,563200000,563280000,15357,3108
7041,563280000,563360000,18451,3532
7042,563360000,563440000,22934,4194
7043,563440000,563520000,17250,3618
7044,563520000,563600000,13530,2694
7045,563600000,563680000,20391,3863
7046,563680000,563760000,22930,4229
7047,563760000,563840000,17329,3606
7048,563840000,563920000,13178,2483
7049,563920000,564000000,21935,4071
7050,564000000,564080000,23327,4370
7051,564080000,564160000,16659,3524
7052,564160000,564240000,12449,2413
7053,564240000,564320000,21797,4061
7054,564320000,564400000,23235,4283
7055,564400000,564480000,15775,3405
7056,564480000,564560000,13290,2604
7057,564560000,564640000,22736,4094
7058,564640000,564720000,20272,3939
7059,564720000,564800000,16289,3517
7060,564800000,564880000,13843,2829
7061,564880000,564960000,21899,4084
7062,564960000,565040000,19974,3672
7063,565040000,565120000,15847,3438
7064,565120000,565200000,16371,3178
7065,565200000,565280000,22747,4101
7066,565280000,565360000,18538,3663
7067,565360000,565440000,15399,3207
7068,565440000,565520000,17307,3400
7069,565520000,565600000,23367,4111
7070,565600000,565680000,18015,3641
7071,565680000,565760000,14898,3108
7072,565760000,565840000,18182,3532
7073,565840000,565920000,21680,4195
7074,565920000,566000000,17314,3613
7075,566000000,566080000,13308,2694
7076,566080000,566160000,20315,3864
7077,566160000,566240000,24041,4220
7078,566240000,566320000,17536,3600
7079,566320000,566400000,12991,2483
7080,566400000,566480000,22128,4070
7081,566480000,566560000,24448,4370
7082,566560000,566640000,16711,3525
7083,566640000,566720000,12443,2413
7084,566720000,566800000,21254,4058
7085,566800000,566880000,23731,4278
7086,566880000,566960000,16019,3405
7087,566960000,567040000,13276,2604
7088,567040000,567120000,22704,4089
7089,567120000,567200000,21077,3946
7090,567200000,567280000,16343,3517
7091,567280000,567360000,14313,2829
7092,567360000,567440000,22326,4093
7093,567440000,567520000,19596,3661
7094,567520000,567600000,16116,3438
7095,567600000,567680000,16466,3178
7096,567680000,567760000,23401,4096
7097,567760000,567840000,18431,3656
7098,567840000,567920000,15732,3207
7099,567920000,568000000,17767,3400
7100,568000000,568080000,23007,4099
7101,568080000,568160000,17958,3633
7102,568160000,568240000,15308,3108
7103,568240000,568320000,18658,3532
7104,568320000,568400000,22147,4200
7105,568400000,568480000,17108,3618
7106,568480000,568560000,13338,2694
7107,568560000,568640000,19680,3863
7108,568640000,568720000,22404,4226
7109,568720000,568800000,17129,3603
7110,568800000,568880000,12681,2483
7111,568880000,568960000,21573,4071
7112,568960000,569040000,24119,4370
7113,569040000,569120000,16459,3524
7114,569120000,569200000,12613,2413
7115,569200000,569280000,21681,4061
7116,569280000,569360000,23731,4283
7117,569360000,569440000,16098,3405
7118,569440000,569520000,13595,2604
7119,569520000,569600000,22403,4094
7120,569600000,569680000,21131,3933
7121,569680000,569760000,16501,3517
7122,569760000,569840000,14365,2829
7123,569840000,569920000,21662,4094
7124,569920000,570000000,19532,3672
7125,570000000,570080000,16099,3438
7126,570080000,570160000,16847,3178
7127,570160000,570240000,22806,4101
7128,570240000,570320000,18470,3663
7129,570320000,570400000,15845,3207
7130,570400000,570480000,17644,3400
7131,570480000,570560000,22811,4102
7132,570560000,570640000,18341,3638
7133,570640000,570720000,15120,3108
7134,570720000,570800000,18234,3532
7135,570800000,570880000,21913,4195
7136,570880000,570960000,17146,3613
7137,570960000,571040000,13241,2694
7138,571040000,571120000,19707,3864
7139,571120000,571200000,23265,4220
7140,571200000,571280000,17250,3600
7141,571280000,571360000,12834,2483
7142,571360000,571440000,21439,4073
7143,571440000,571520000,23598,4373
7144,571520000,571600000,16366,3525
7145,571600000,571680000,12644,2413
7146,571680000,571760000,21753,4058
7147,571760000,571840000,23975,4278
7148,571840000,571920000,15993,3405
7149,571920000,572000000,13683,2604
7150,572000000,572080000,22363,4089
7151,572080000,572160000,20493,3934
7152,572160000,572240000,16658,3517
7153,572240000,572320000,14238,2829
7154,572320000,572400000,22205,4087
7155,572400000,572480000,19726,3661
7156,572480000,572560000,16441,3438
7157,572560000,572640000,17035,3178
7158,572640000,572720000,23462,4102
7159,572720000,572800000,18642,3662
7160,572800000,572880000,15892,3207
7161,572880000,572960000,17750,3400
7162,572960000,573040000,23327,4099
7163,573040000,573120000,17991,3633
7164,573120000,573200000,15083,3108
7165,573200000,573280000,18374,3532
7166,573280000,573360000,22518,4200
7167,573360000,573440000,17495,3618
7168,573440000,573520000,13289,2694
7169,573520000,573600000,20096,3863
7170,573600000,573680000,22739,4232
7171,573680000,573760000,17240,3603
7172,573760000,573840000,13036,2483
7173,573840000,573920000,22050,4074
7174,573920000,574000000,23464,4373
7175,574000000,574080000,16647,3524
7176,574080000,574160000,12988,2413
7177,574160000,574240000,21698,4061
7178,574240000,574320000,23521,4283
7179,574320000,574400000,16137,3405
7180,574400000,574480000,13977,2604
7181,574480000,574560000,23027,4094
7182,574560000,574640000,20972,3933
7183,574640000,574720000,16772,3517
7184,574720000,574800000,14559,2829
7185,574800000,574880000,22576,4084
7186,574880000,574960000,20423,3672
7187,574960000,575040000,16602,3438
7188,575040000,575120000,17479,3178
7189,575120000,575200000,23099,4101
7190,575200000,575280000,18391,3663
7191,575280000,575360000,15729,3207
7192,575360000,575440000,17444,3400
7193,575440000,575520000,23121,4108
7194,575520000,575600000,18227,3638
7195,575600000,575680000,14952,3108
7196,575680000,575760000,18209,3532
7197,575760000,575840000,22929,4195
7198,575840000,575920000,16932,3619
7199,575920000,576000000,13286,2694
7200,576000000,576080000,20263,3864
7201,576080000,576160000,23142,4226
7202,576160000,576240000,17475,3600
7203,576240000,576320000,12898,2483
7204,576320000,576400000,21706,4070
7205,576400000,576480000,23815,4370
7206,576480000,576560000,16831,3525
7207,576560000,576640000,13119,2413
7208,576640000,576720000,21863,4058
7209,576720000,576800000,23435,4278
7210,576800000,576880000,16254,3405
7211,576880000,576960000,13839,2604
7212,576960000,577040000,22520,4089
7213,577040000,577120000,20395,3934
7214,577120000,577200000,16837,3517
7215,577200000,577280000,14884,2829
7216,577280000,577360000,22460,4087
7217,577360000,577440000,20206,3661
7218,577440000,577520000,16779,3438
7219,577520000,577600000,16914,3178
7220,577600000,577680000,22937,4096
7221,577680000,577760000,18544,3662
7222,577760000,577840000,16113,3207
7223,577840000,577920000,18148,3400
7224,577920000,578000000,23104,4099
7225,578000000,578080000,18403,3633
7226,578080000,578160000,15128,3108
7227,578160000,578240000,17967,3532
7228,578240000,578320000,22030,4194
7229,578320000,578400000,16517,3618
7230,578400000,578480000,13346,2694
7231,578480000,578560000,19788,3863
7232,578560000,578640000,23363,4226
7233,578640000,578720000,16782,3603
7234,578720000,578800000,13002,2483
7235,578800000,578880000,21570,4071
7236,578880000,578960000,24196,4370
7237,578960000,579040000,16357,3524
7238,579040000,579120000,12862,2413
7239,579120000,579200000,22105,4061
7240,579200000,579280000,24215,4283
7241,579280000,579360000,16091,3405
7242,579360000,579440000,13725,2604
7243,579440000,579520000,22540,4094
7244,579520000,579600000,20982,3933
7245,579600000,579680000,16578,3517
7246,579680000,579760000,14365,2829
7247,579760000,579840000,22185,4090
7248,579840000,579920000,19746,3678
7249,579920000,580000000,16026,3438
7250,580000000,580080000,16092,3178
7251,580080000,580160000,22579,4110
7252,580160000,580240000,18189,3672
7253,580240000,580320000,15469,3207
7254,580320000,580400000,17057,3400
7255,580400000,580480000,22352,4102
7256,580480000,580560000,17948,3638
7257,580560000,580640000,15246,3108
7258,580640000,580720000,18287,3532
7259,580720000,580800000,23082,4207
7260,580800000,580880000,16859,3613
7261,580880000,580960000,13054,2694
7262,580960000,581040000,19280,3864
7263,581040000,581120000,23187,4220
7264,581120000,581200000,16804,3600
7265,581200000,581280000,12797,2483
7266,581280000,581360000,21387,4070
7267,581360000,581440000,23636,4370
7268,581440000,581520000,16274,3525
7269,581520000,581600000,12465,2413
7270,581600000,581680000,21832,4058
7271,581680000,581760000,23578,4278
7272,581760000,581840000,15799,3405
7273,581840000,581920000,13476,2604
7274,581920000,582000000,22400,4089
7275,582000000,582080000,21088,3940
7276,582080000,582160000,15961,3517
7277,582160000,582240000,13052,2829
7278,582240000,582320000,21138,4087
7279,582320000,582400000,19391,3661
7280,582400000,582480000,15188,3438
7281,582480000,582560000,15809,3178
7282,582560000,582640000,21839,4102
7283,582640000,582720000,17952,3656
7284,582720000,582800000,15124,3207
7285,582800000,582880000,17074,3400
7286,582880000,582960000,23000,4099
7287,582960000,583040000,17705,3633
7288,583040000,583120000,14714,3108
7289,583120000,583200000,17841,3532
7290,583200000,583280000,22568,4194
7291,583280000,583360000,17214,3618
7292,583360000,583440000,12977,2694
7293,583440000,583520000,19694,3863
7294,583520000,583600000,22292,4226
7295,583600000,583680000,16613,3603
7296,583680000,583760000,12541,2483
7297,583760000,583840000,20705,4077
7298,583840000,583920000,22615,4370
7299,583920000,584000000,15946,3524
7300,584000000,584080000,12393,2413
7301,584080000,584160000,21491,4067
7302,584160000,584240000,23879,4283
7303,584240000,584320000,15398,3405
7304,584320000,584400000,12946,2604
7305,584400000,584480000,22443,4094
7306,584480000,584560000,21184,3933
7307,584560000,584640000,15945,3517
7308,584640000,584720000,13586,2829
7309,584720000,584800000,21831,4084
7310,584800000,584880000,19568,3672
7311,584880000,584960000,15537,3438
7312,584960000,585040000,15745,3178
7313,585040000,585120000,22091,4107
7314,585120000,585200000,18497,3663
7315,585200000,585280000,15231,3207
7316,585280000,585360000,17043,3400
7317,585360000,585440000,23255,4102
7318,585440000,585520000,17522,3638
7319,585520000,585600000,14845,3108
7320,585600000,585680000,18065,3532
7321,585680000,585760000,21944,4201
7322,585760000,585840000,16781,3613
7323,585840000,585920000,13136,2694
7324,585920000,586000000,19671,3864
7325,586000000,586080000,22795,4220
7326,586080000,586160000,16946,3600
7327,586160000,586240000,12864,2483
7328,586240000,586320000,21753,4070
7329,586320000,586400000,23087,4370
7330,586400000,586480000,16352,3525
7331,586480000,586560000,12547,2413
7332,586560000,586640000,21496,4058
7333,586640000,586720000,23354,4278
7334,586720000,586800000,15648,3405
7335,586800000,586880000,12747,2604
7336,586880000,586960000,21907,4089
7337,586960000,587040000,20268,3940
7338,587040000,587120000,15866,3517
7339,587120000,587200000,13894,2829
7340,587200000,587280000,22241,4093
7341,587280000,587360000,19782,3661
7342,587360000,587440000,15898,3438
7343,587440000,587520000,16264,3178
7344,587520000,587600000,22561,4102
7345,587600000,587680000,18587,3656
7346,587680000,587760000,15425,3207
7347,587760000,587840000,17053,3400
7348,587840000,587920000,23204,4108
7349,587920000,588000000,17965,3636
7350,588000000,588080000,14977,3108
7351,588080000,588160000,18339,3532
7352,588160000,588240000,22199,4194
7353,588240000,588320000,16836,3618
7354,588320000,588400000,13260,2694
7355,588400000,588480000,19982,3863
7356,588480000,588560000,23169,4226
7357,588560000,588640000,17043,3603
7358,588640000,588720000,13029,2483
7359,588720000,588800000,22029,4071
7360,588800000,588880000,24572,4370
7361,588880000,588960000,16246,3524
7362,588960000,589040000,12463,2413
7363,589040000,589120000,21299,4061
7364,589120000,589200000,23135,4283
7365,589200000,589280000,15560,3405
7366,589280000,589360000,13098,2604
7367,589360000,589440000,22103,4094
7368,589440000,589520000,20653,3945
7369,589520000,589600000,16091,3517
7370,589600000,589680000,13954,2829
7371,589680000,589760000,21763,4084
7372,589760000,589840000,19385,3672
7373,589840000,589920000,15838,3438
7374,589920000,590000000,16395,3178
7375,590000000,590080000,22837,4101
7376,590080000,590160000,18686,3663
7377,590160000,590240000,15577,3207
7378,590240000,590320000,17520,3400
7379,590320000,590400000,23509,4102
7380,590400000,590480000,18149,3638
7381,590480000,590560000,14983,3108
7382,590560000,590640000,17663,3532
7383,590640000,590720000,22494,4195
7384,590720000,590800000,16593,3613
7385,590800000,590880000,13138,2694
7386,590880000,590960000,19582,3864
7387,590960000,591040000,23030,4226
7388,591040000,591120000,16827,3600
7389,591120000,591200000,12547,2483
7390,591200000,591280000,20964,4070
7391,591280000,591360000,23961,4370
7392,591360000,591440000,16119,3525
7393,591440000,591520000,12189,2413
7394,591520000,591600000,21465,4058
7395,591600000,591680000,23616,4278
7396,591680000,591760000,15407,3405
7397,591760000,591840000,12896,2604
7398,591840000,591920000,22674,4089
7399,591920000,592000000,21613,3940
7400,592000000,592080000,16009,3517
7401,592080000,592160000,13730,2829
7402,592160000,592240000,22149,4096
7403,592240000,592320000,19930,3664
7404,592320000,592400000,15830,3438
7405,592400000,592480000,16156,3178
7406,592480000,592560000,22934,4096
7407,592560000,592640000,18600,3656
7408,592640000,592720000,15363,3207
7409,592720000,592800000,17388,3400
7410,592800000,592880000,23132,4099
7411,592880000,592960000,17854,3633
7412,592960000,593040000,15105,3108
7413,593040000,593120000,18459,3532
7414,593120000,593200000,22825,4194
7415,593200000,593280000,17470,3618
7416,593280000,593360000,13224,2694
7417,593360000,593440000,19974,3863
7418,593440000,593520000,23120,4226
7419,593520000,593600000,16911,3603
7420,593600000,593680000,12964,2483
7421,593680000,593760000,21720,4071
7422,593760000,593840000,23176,4370
7423,593840000,593920000,16238,3524
7424,593920000,594000000,12387,2413
7425,594000000,594080000,21360,4061
7426,594080000,594160000,23315,4283
7427,594160000,594240000,15854,3405
7428,594240000,594320000,13464,2604
7429,594320000,594400000,22814,4094
7430,594400000,594480000,20906,3933
7431,594480000,594560000,16253,3517
7432,594560000,594640000,13615,2829
7433,594640000,594720000,21338,4084
7434,594720000,594800000,19574,3672
7435,594800000,594880000,15795,3438
7436,594880000,594960000,16434,3178
7437,594960000,595040000,22311,4107
7438,595040000,595120000,18397,3669
7439,595120000,595200000,15344,3207
7440,595200000,595280000,17137,3400
7441,595280000,595360000,22377,4102
7442,595360000,595440000,17763,3638
7443,595440000,595520000,14811,3108
7444,595520000,595600000,18118,3532
7445,595600000,595680000,22516,4195
7446,595680000,595760000,17124,3613
7447,595760000,595840000,13154,2694
7448,595840000,595920000,20046,3864
7449,595920000,596000000,22490,4226
7450,596000000,596080000,17021,3600
7451,596080000,596160000,12614,2483
7452,596160000,596240000,21336,4070
7453,596240000,596320000,23390,4370
7454,596320000,596400000,16273,3525
7455,596400000,596480000,12580,2413
7456,596480000,596560000,21409,4058
7457,596560000,596640000,23373,4278
7458,596640000,596720000,15855,3405
7459,596720000,596800000,13345,2604
7460,596800000,596880000,22404,4089
7461,596880000,596960000,20408,3934
7462,596960000,597040000,16488,3517
7463,597040000,597120000,14355,2829
7464,597120000,597200000,22044,4087
7465,597200000,597280000,20157,3661
7466,597280000,597360000,16305,3438
7467,597360000,597440000,16380,3178
7468,597440000,597520000,23027,4096
7469,597520000,597600000,18263,3656
7470,597600000,597680000,15803,3207
7471,597680000,597760000,17948,3400
7472,597760000,597840000,22285,4099
7473,597840000,597920000,18181,3633
7474,597920000,598000000,15268,3108
7475,598000000,598080000,18361,3532
7476,598080000,598160000,22565,4194
7477,598160000,598240000,17136,3624
7478,598240000,598320000,13307,2694
7479,598320000,598400000,20439,3863
7480,598400000,598480000,22548,4226
7481,598480000,598560000,17166,3603
7482,598560000,598640000,12707,2483
7483,598640000,598720000,21770,4071
7484,598720000,598800000,24243,4376
7485,598800000,598880000,16680,3524
7486,598880000,598960000,12335,2413
7487,598960000,599040000,21418,4061
7488,599040000,599120000,23598,4283
7489,599120000,599200000,16253,3405
7490,599200000,599280000,13522,2604
7491,599280000,599360000,22419,4094
7492,599360000,599440000,20724,3933
7493,599440000,599520000,16819,3517
7494,599520000,599600000,14469,2829
7495,599600000,599680000,21923,4084
7496,599680000,599760000,19921,3678
7497,599760000,599840000,16562,3438
7498,599840000,599920000,16880,3178
7499,599920000,600000000,23172,4107
7500,600000000,600080000,18917,3663
7501,600080000,600160000,15418,3207
7502,600160000,600240000,16862,3400
7503,600240000,600320000,23281,4102
7504,600320000,600400000,18444,3638
7505,600400000,600480000,14874,3108
7506,600480000,600560000,18050,3532
7507,600560000,600640000,22299,4201
7508,600640000,600720000,16956,3619
7509,600720000,600800000,12961,2694
7510,600800000,600880000,19446,3864
7511,600880000,600960000,22335,4220
7512,600960000,601040000,17112,3600
7513,601040000,601120000,12616,2483
7514,601120000,601200000,21636,4076
7515,601200000,601280000,24253,4376
7516,601280000,601360000,16212,3525
7517,601360000,601440000,12274,2413
7518,601440000,601520000,21339,4058
7519,601520000,601600000,24074,4278
7520,601600000,601680000,15753,3405
7521,601680000,601760000,13119,2604
7522,601760000,601840000,22263,4095
7523,601840000,601920000,20806,3934
7524,601920000,602000000,16330,3517
7525,602000000,602080000,13831,2829
7526,602080000,602160000,21698,4093
7527,602160000,602240000,19778,3667
7528,602240000,602320000,15927,3438
7529,602320000,602400000,16623,3178
7530,602400000,602480000,22811,4096
7531,602480000,602560000,18448,3656
7532,602560000,602640000,15616,3207
7533,602640000,602720000,17926,3400
7534,602720000,602800000,23000,4099
7535,602800000,602880000,18472,3633
7536,602880000,602960000,15283,3108
7537,602960000,603040000,18680,3532
7538,603040000,603120000,22880,4206
7539,603120000,603200000,17482,3618
7540,603200000,603280000,13606,2694
7541,603280000,603360000,20289,3863
7542,603360000,603440000,22963,4229
7543,603440000,603520000,17423,3606
7544,603520000,603600000,12996,2483
7545,603600000,603680000,21906,4071
7546,603680000,603760000,23399,4370
7547,603760000,603840000,16616,3524
7548,603840000,603920000,12689,2413
7549,603920000,604000000,22097,4061
7550,604000000,604080000,23785,4291
7551,604080000,604160000,16145,3405
7552,604160000,604240000,13732,2604
7553,604240000,604320000,22959,4094
7554,604320000,604400000,20822,3933
7555,604400000,604480000,16606,3517
7556,604480000,604560000,14087,2829
7557,604560000,604640000,21570,4084
7558,604640000,604720000,19702,3672
7559,604720000,604800000,16116,3438
7560,604800000,604880000,16828,3178
7561,604880000,604960000,22948,4101
7562,604960000,605040000,18811,3663
7563,605040000,605120000,15657,3207
7564,605120000,605200000,17954,3400
7565,605200000,605280000,24075,4102
7566,605280000,605360000,17964,3638
7567,605360000,605440000,15085,3108
7568,605440000,605520000,17941,3532
7569,605520000,605600000,21803,4195
7570,605600000,605680000,16925,3613
7571,605680000,605760000,13128,2694
7572,605760000,605840000,19607,3867
7573,605840000,605920000,23009,4223
7574,605920000,606000000,17120,3600
7575,606000000,606080000,12878,2483
7576,606080000,606160000,21509,4070
7577,606160000,606240000,24260,4370
7578,606240000,606320000,16573,3525
7579,606320000,606400000,12622,2413
7580,606400000,606480000,21603,4058
7581,606480000,606560000,23729,4278
7582,606560000,606640000,15972,3405
7583,606640000,606720000,13069,2604
7584,606720000,606800000,22263,4089
7585,606800000,606880000,21044,3934
7586,606880000,606960000,16300,3517
7587,606960000,607040000,14177,2829
7588,607040000,607120000,22149,4087
7589,607120000,607200000,19956,3661
7590,607200000,607280000,16167,3438
7591,607280000,607360000,16395,3178
7592,607360000,607440000,22691,4096
7593,607440000,607520000,18663,3656
7594,607520000,607600000,15806,3207
7595,607600000,607680000,17717,3400
7596,607680000,607760000,22569,4105
7597,607760000,607840000,18758,3633
7598,607840000,607920000,15211,3108
7599,607920000,608000000,18585,3532
7600,608000000,608080000,23538,4200
7601,608080000,608160000,17136,3624
7602,608160000,608240000,13433,2694
7603,608240000,608320000,19884,3863
7604,608320000,608400000,23530,4226
7605,608400000,608480000,17157,3603
7606,608480000,608560000,13229,2483
7607,608560000,608640000,22153,4071
7608,608640000,608720000,24009,4370
7609,608720000,608800000,16706,3524
7610,608800000,608880000,12994,2413
7611,608880000,608960000,21875,4061
7612,608960000,609040000,24131,4289
7613,609040000,609120000,16211,3405
7614,609120000,609200000,13294,2604
7615,609200000,609280000,22814,4094
7616,609280000,609360000,21518,3939
7617,609360000,609440000,16412,3517
7618,609440000,609520000,14142,2829
7619,609520000,609600000,21961,4084
7620,609600000,609680000,20064,3672
7621,609680000,609760000,16093,3438
7622,609760000,609840000,16658,3178
7623,609840000,609920000,22107,4101
7624,609920000,610000000,18803,3663
7625,610000000,610080000,15797,3207
7626,610080000,610160000,17683,3400
7627,610160000,610240000,22839,4111
7628,610240000,610320000,18826,3641
7629,610320000,610400000,15235,3108
7630,610400000,610480000,18665,3532
7631,610480000,610560000,22663,4195
7632,610560000,610640000,17478,3613
7633,610640000,610720000,13436,2694
7634,610720000,610800000,20413,3864
7635,610800000,610880000,23512,4226
7636,610880000,610960000,17285,3600
7637,610960000,611040000,13012,2483
7638,611040000,611120000,21688,4070
7639,611120000,611200000,24195,4370
7640,611200000,611280000,16568,3525
7641,611280000,611360000,12592,2413
7642,611360000,611440000,21735,4058
7643,611440000,611520000,23537,4278
7644,611520000,611600000,15913,3405
7645,611600000,611680000,13624,2604
7646,611680000,611760000,22646,4089
7647,611760000,611840000,20717,3934
7648,611840000,611920000,16612,3517
7649,611920000,612000000,14487,2829
7650,612000000,612080000,22427,4093
7651,612080000,612160000,19853,3661
7652,612160000,612240000,16363,3438
7653,612240000,612320000,17039,3178
7654,612320000,612400000,23358,4102
7655,612400000,612480000,18700,3656
7656,612480000,612560000,15835,3207
7657,612560000,612640000,17951,3400
7658,612640000,612720000,22280,4105
7659,612720000,612800000,18161,3633
7660,612800000,612880000,15417,3108
7661,612880000,612960000,18569,3532
7662,612960000,613040000,22617,4194
7663,613040000,613120000,17188,3618
7664,613120000,613200000,13615,2694
7665,613200000,613280000,20309,3863
7666,613280000,613360000,22950,4226
7667,613360000,613440000,17481,3603
7668,613440000,613520000,13049,2483
7669,613520000,613600000,22095,4071
7670,613600000,613680000,23602,4370
7671,613680000,613760000,16574,3524
7672,613760000,613840000,12804,2413
7673,613840000,613920000,21983,4061
7674,613920000,614000000,24441,4283
7675,614000000,614080000,16033,3405
7676,614080000,614160000,13808,2604
7677,614160000,614240000,22690,4094
7678,614240000,614320000,21205,3933
7679,614320000,614400000,16680,3517
7680,614400000,614480000,14212,2829
7681,614480000,614560000,22273,4090
7682,614560000,614640000,20057,3672
7683,614640000,614720000,16296,3438
7684,614720000,614800000,17092,3178
7685,614800000,614880000,22522,4101
7686,614880000,614960000,18409,3663
7687,614960000,615040000,15708,3207
7688,615040000,615120000,17678,3400
7689,615120000,615200000,23985,4102
7690,615200000,615280000,18371,3638
7691,615280000,615360000,15211,3108
7692,615360000,615440000,18670,3532
7693,615440000,615520000,22498,4195
7694,615520000,615600000,17275,3613
7695,615600000,615680000,13435,2694
7696,615680000,615760000,20543,3864
7697,615760000,615840000,22835,4220
7698,615840000,615920000,17511,3600
7699,615920000,616000000,13014,2483
7700,616000000,616080000,22123,4070
7701,616080000,616160000,23503,4370
7702,616160000,616240000,17083,3525
7703,616240000,616320000,13077,2413
7704,616320000,616400000,22199,4058
7705,616400000,616480000,23787,4278
7706,616480000,616560000,16153,3405
7707,616560000,616640000,13707,2604
7708,616640000,616720000,22201,4089
7709,616720000,616800000,20427,3934
7710,616800000,616880000,16495,3517
7711,616880000,616960000,14626,2829
7712,616960000,617040000,21651,4087
7713,617040000,617120000,19772,3661
7714,617120000,617200000,16354,3438
7715,617200000,617280000,16129,3178
7716,617280000,617360000,23273,4102
7717,617360000,617440000,18797,3662
7718,617440000,617520000,15945,3207
7719,617520000,617600000,17559,3400
7720,617600000,617680000,23770,4099
7721,617680000,617760000,18080,3633
7722,617760000,617840000,15114,3108
7723,617840000,617920000,17860,3532
7724,617920000,618000000,21715,4202
7725,618000000,618080000,16848,3624
7726,618080000,618160000,12936,2694
7727,618160000,618240000,19291,3863
7728,618240000,618320000,21720,4232
7729,618320000,618400000,16863,3603
7730,618400000,618480000,12667,2483
7731,618480000,618560000,21459,4071
7732,618560000,618640000,23863,4376
7733,618640000,618720000,16419,3524
7734,618720000,618800000,12460,2413
7735,618800000,618880000,21722,4061
7736,618880000,618960000,24019,4283
7737,618960000,619040000,16105,3405
7738,619040000,619120000,13410,2604
7739,619120000,619200000,22704,4094
7740,619200000,619280000,21173,3933
7741,619280000,619360000,16507,3517
7742,619360000,619440000,14180,2829
7743,619440000,619520000,22178,4087
7744,619520000,619600000,20054,3675
7745,619600000,619680000,16161,3438
7746,619680000,619760000,16526,3178
7747,619760000,619840000,22838,4101
7748,619840000,619920000,18826,3663
7749,619920000,620000000,15503,3207
7750,620000000,620080000,16449,3400
7751,620080000,620160000,22524,4102
7752,620160000,620240000,17881,3638
7753,620240000,620320000,14621,3108
7754,620320000,620400000,17486,3532
7755,620400000,620480000,22184,4201
7756,620480000,620560000,17184,3613
7757,620560000,620640000,12434,2694
7758,620640000,620720000,18960,3864
7759,620720000,620800000,23269,4220
7760,620800000,620880000,16829,3600
7761,620880000,620960000,12357,2483
7762,620960000,621040000,20933,4070
7763,621040000,621120000,23831,4370
7764,621120000,621200000,16380,3525
7765,621200000,621280000,12075,2413
7766,621280000,621360000,21385,4058
7767,621360000,621440000,23596,4278
7768,621440000,621520000,15711,3405
7769,621520000,621600000,12931,2604
7770,621600000,621680000,21877,4089
7771,621680000,621760000,20745,3934
7772,621760000,621840000,15803,3517
7773,621840000,621920000,12595,2829
7774,621920000,622000000,21338,4093
7775,622000000,622080000,19722,3661
7776,622080000,622160000,14988,3438
7777,622160000,622240000,15214,3178
7778,622240000,622320000,21841,4102
7779,622320000,622400000,18200,3656
7780,622400000,622480000,14628,3207
7781,622480000,622560000,16180,3400
7782,622560000,622640000,22458,4099
7783,622640000,622720000,17775,3639
7784,622720000,622800000,14368,3108
7785,622800000,622880000,17437,3532
7786,622880000,622960000,22496,4194
7787,622960000,623040000,16951,3618
7788,623040000,623120000,12806,2694
7789,623120000,623200000,19148,3863
7790,623200000,623280000,22075,4232
7791,623280000,623360000,16699,3603
7792,623360000,623440000,12569,2483
7793,623440000,623520000,20932,4074
7794,623520000,623600000,23262,4373
7795,623600000,623680000,16040,3524
7796,623680000,623760000,12021,2413
7797,623760000,623840000,20700,4061
7798,623840000,623920000,23599,4283
7799,623920000,624000000,15427,3405
7800,624000000,624080000,12984,2604
7801,624080000,624160000,22461,4094
7802,624160000,624240000,20560,3933
7803,624240000,624320000,16007,3517
7804,624320000,624400000,13584,2829
7805,624400000,624480000,22020,4090
7806,624480000,624560000,20030,3678
7807,624560000,624640000,15519,3438
7808,624640000,624720000,15605,3178
7809,624720000,624800000,22780,4101
7810,624800000,624880000,18504,3663
7811,624880000,624960000,14893,3207
7812,624960000,625040000,16704,3400
7813,625040000,625120000,23411,4102
7814,625120000,625200000,18320,3638
7815,625200000,625280000,14658,3108
7816,625280000,625360000,17743,3532
7817,625360000,625440000,22253,4207
7818,625440000,625520000,16941,3613
7819,625520000,625600000,13030,2694
7820,625600000,625680000,19363,3864
7821,625680000,625760000,22740,4226
7822,625760000,625840000,16987,3606
7823,625840000,625920000,12697,2483
7824,625920000,626000000,20936,4070
7825,626000000,626080000,22707,4387
7826,626080000,626160000,16358,3528
7827,626160000,626240000,12437,2413
7828,626240000,626320000,21340,4058
7829,626320000,626400000,23565,4278
7830,626400000,626480000,15715,3405
7831,626480000,626560000,12773,2604
7832,626560000,626640000,22082,4089
7833,626640000,626720000,21222,3944
7834,626720000,626800000,15774,3517
7835,626800000,626880000,13391,2829
7836,626880000,626960000,21862,4087
7837,626960000,627040000,19784,3661
7838,627040000,627120000,15599,3438
7839,627120000,627200000,15685,3178
7840,627200000,627280000,22834,4096
7841,627280000,627360000,17858,3656
7842,627360000,627440000,14898,3207
7843,627440000,627520000,16143,3400
7844,627520000,627600000,22368,4105
7845,627600000,627680000,17901,3633
7846,627680000,627760000,14343,3108
7847,627760000,627840000,17439,3532
7848,627840000,627920000,22542,4194
7849,627920000,628000000,16725,3618
7850,628000000,628080000,12602,2694
7851,628080000,628160000,18906,3863
7852,628160000,628240000,22896,4226
7853,628240000,628320000,16797,3603
7854,628320000,628400000,12570,2483
7855,628400000,628480000,20974,4071
7856,628480000,628560000,23928,4370
7857,628560000,628640000,16215,3524
7858,628640000,628720000,12298,2413
7859,628720000,628800000,20892,4061
7860,628800000,628880000,23396,4283
7861,628880000,628960000,15689,3405
7862,628960000,629040000,13267,2604
7863,629040000,629120000,22365,4094
7864,629120000,629200000,20663,3933
7865,629200000,629280000,16088,3517
7866,629280000,629360000,13818,2829
7867,629360000,629440000,21600,4090
7868,629440000,629520000,19720,3672
7869,629520000,629600000,15784,3438
7870,629600000,629680000,16277,3178
7871,629680000,629760000,23056,4107
7872,629760000,629840000,18835,3663
7873,629840000,629920000,15613,3207
7874,629920000,630000000,17440,3400
7875,630000000,630080000,22744,4108
7876,630080000,630160000,18471,3638
7877,630160000,630240000,14939,3108
7878,630240000,630320000,17827,3532
7879,630320000,630400000,22142,4195
7880,630400000,630480000,16689,3613
7881,630480000,630560000,13127,2694
7882,630560000,630640000,19726,3864
7883,630640000,630720000,23152,4220
7884,630720000,630800000,17146,3600
7885,630800000,630880000,13027,2483
7886,630880000,630960000,21786,4070
7887,630960000,631040000,23961,4370
7888,631040000,631120000,16451,3525
7889,631120000,631200000,12430,2413
7890,631200000,631280000,21633,4064
7891,631280000,631360000,23679,4278
7892,631360000,631440000,15570,3405
7893,631440000,631520000,13005,2604
7894,631520000,631600000,22157,4089
7895,631600000,631680000,20469,3940
7896,631680000,631760000,16083,3517
7897,631760000,631840000,13810,2829
7898,631840000,631920000,22159,4087
7899,631920000,632000000,19873,3661
7900,632000000,632080000,16074,3438
7901,632080000,632160000,16249,3178
7902,632160000,632240000,22704,4096
7903,632240000,632320000,18643,3656
7904,632320000,632400000,15510,3207
7905,632400000,632480000,17327,3400
7906,632480000,632560000,23240,4108
7907,632560000,632640000,17998,3636
7908,632640000,632720000,15185,3108
7909,632720000,632800000,18557,3532
7910,632800000,632880000,22154,4202
7911,632880000,632960000,17061,3618
7912,632960000,633040000,13166,2694
7913,633040000,633120000,19236,3863
7914,633120000,633200000,22649,4232
7915,633200000,633280000,16868,3603
7916,633280000,633360000,12886,2483
7917,633360000,633440000,21180,4071
7918,633440000,633520000,23562,4370
7919,633520000,633600000,16413,3524
7920,633600000,633680000,12305,2413
7921,633680000,633760000,21347,4061
7922,633760000,633840000,23469,4283
7923,633840000,633920000,15788,3405
7924,633920000,634000000,13314,2604
7925,634000000,634080000,22181,4094
7926,634080000,634160000,20452,3933
7927,634160000,634240000,16377,3517
7928,634240000,634320000,13924,2829
7929,634320000,634400000,21844,4090
7930,634400000,634480000,20083,3684
7931,634480000,634560000,16172,3438
7932,634560000,634640000,16878,3178
7933,634640000,634720000,23422,4101
7934,634720000,634800000,18773,3663
7935,634800000,634880000,15522,3207
7936,634880000,634960000,17054,3400
7937,634960000,635040000,23507,4102
7938,635040000,635120000,18349,3638
7939,635120000,635200000,15014,3108
7940,635200000,635280000,18315,3532
7941,635280000,635360000,22472,4195
7942,635360000,635440000,16745,3613
7943,635440000,635520000,13425,2694
7944,635520000,635600000,19966,3864
7945,635600000,635680000,22225,4226
7946,635680000,635760000,16956,3600
7947,635760000,635840000,12183,2483
7948,635840000,635920000,20354,4070
7949,635920000,636000000,22947,4370
7950,636000000,636080000,16124,3525
7951,636080000,636160000,12140,2413
7952,636160000,636240000,21310,4058
7953,636240000,636320000,23860,4278
7954,636320000,636400000,15557,3405
7955,636400000,636480000,12762,2604
7956,636480000,636560000,21742,4089
7957,636560000,636640000,20256,3934
7958,636640000,636720000,16121,3517
7959,636720000,636800000,13681,2829
7960,636800000,636880000,21616,4087
7961,636880000,636960000,19596,3661
7962,636960000,637040000,15890,3438
7963,637040000,637120000,15639,3178
7964,637120000,637200000,22958,4096
7965,637200000,637280000,18380,3656
7966,637280000,637360000,15401,3207
7967,637360000,637440000,17171,3400
7968,637440000,637520000,22778,4099
7969,637520000,637600000,18553,3633
7970,637600000,637680000,14975,3108
7971,637680000,637760000,18056,3532
7972,637760000,637840000,22107,4194
7973,637840000,637920000,17197,3618
7974,637920000,638000000,13045,2694
7975,638000000,638080000,19888,3863
7976,638080000,638160000,22718,4226
7977,638160000,638240000,17084,3603
7978,638240000,638320000,12578,2483
7979,638320000,638400000,21329,4077
7980,638400000,638480000,23773,4370
7981,638480000,638560000,16503,3524
7982,638560000,638640000,12311,2413
7983,638640000,638720000,21661,4061
7984,638720000,638800000,23998,4283
7985,638800000,638880000,15929,3405
7986,638880000,638960000,13360,2604
7987,638960000,639040000,21654,4094
7988,639040000,639120000,20156,3933
7989,639120000,639200000,16323,3517
7990,639200000,639280000,14006,2829
7991,639280000,639360000,21774,4084
7992,639360000,639440000,19957,3684
7993,639440000,639520000,16137,3438
7994,639520000,639600000,16699,3178
7995,639600000,639680000,22627,4107
7996,639680000,639760000,18635,3669
7997,639760000,639840000,15677,3207
7998,639840000,639920000,17376,3400
7999,639920000,640000000,23344,4102
8000,640000000,640080000,18401,3638
8001,640080000,640160000,15340,3108
8002,640160000,640240000,18595,3532
8003,640240000,640320000,22309,4195
8004,640320000,640400000,17141,3613
8005,640400000,640480000,13026,2694
8006,640480000,640560000,19324,3864
8007,640560000,640640000,22934,4229
8008,640640000,640720000,17121,3603
8009,640720000,640800000,12874,2483
8010,640800000,640880000,21746,4070
8011,640880000,640960000,23694,4370
8012,640960000,641040000,16517,3525
8013,641040000,641120000,12529,2413
8014,641120000,641200000,21617,4058
8015,641200000,641280000,23900,4278
8016,641280000,641360000,15770,3405
8017,641360000,641440000,13315,2604
8018,641440000,641520000,22463,4095
8019,641520000,641600000,20320,3934
8020,641600000,641680000,16345,3517
8021,641680000,641760000,13876,2829
8022,641760000,641840000,22064,4093
8023,641840000,641920000,20159,3661
8024,641920000,642000000,16184,3438
8025,642000000,642080000,16743,3178
8026,642080000,642160000,22223,4096
8027,642160000,642240000,18534,3656
8028,642240000,642320000,15897,3207
8029,642320000,642400000,17730,3400
8030,642400000,642480000,22573,4099
8031,642480000,642560000,18046,3633
8032,642560000,642640000,15300,3108
8033,642640000,642720000,18651,3532
8034,642720000,642800000,22125,4194
8035,642800000,642880000,17335,3618
8036,642880000,642960000,13486,2694
8037,642960000,643040000,20225,3863
8038,643040000,643120000,23177,4226
8039,643120000,643200000,17573,3603
8040,643200000,643280000,13138,2483
8041,643280000,643360000,21706,4071
8042,643360000,643440000,22805,4370
8043,643440000,643520000,16898,3524
8044,643520000,643600000,12744,2413
8045,643600000,643680000,22191,4061
8046,643680000,643760000,23505,4283
8047,643760000,643840000,16119,3405
8048,643840000,643920000,13415,2604
8049,643920000,644000000,21957,4094
8050,644000000,644080000,20415,3933
8051,644080000,644160000,16428,3517
8052,644160000,644240000,13880,2829
8053,644240000,644320000,22125,4084
8054,644320000,644400000,19845,3672
8055,644400000,644480000,16112,3438
8056,644480000,644560000,16381,3178
8057,644560000,644640000,22141,4107
8058,644640000,644720000,18823,3663
8059,644720000,644800000,15322,3207
8060,644800000,644880000,17042,3400
8061,644880000,644960000,22869,4102
8062,644960000,645040000,17818,3638
8063,645040000,645120000,14851,3108
8064,645120000,645200000,18148,3532
8065,645200000,645280000,21678,4195
8066,645280000,645360000,17017,3613
8067,645360000,645440000,13172,2694
8068,645440000,645520000,19801,3864
8069,645520000,645600000,23550,4220
8070,645600000,645680000,17105,3600
8071,645680000,645760000,12947,2483
8072,645760000,645840000,21556,4070
8073,645840000,645920000,23849,4370
8074,645920000,646000000,16654,3525
8075,646000000,646080000,12504,2413
8076,646080000,646160000,21473,4058
8077,646160000,646240000,23565,4278
8078,646240000,646320000,15908,3405
8079,646320000,646400000,12985,2604
8080,646400000,646480000,21931,4089
8081,646480000,646560000,20374,3934
8082,646560000,646640000,16328,3517
8083,646640000,646720000,14072,2829
8084,646720000,646800000,21659,4093
8085,646800000,646880000,19798,3667
8086,646880000,646960000,16065,3438
8087,646960000,647040000,16011,3178
8088,647040000,647120000,22668,4096
8089,647120000,647200000,18386,3656
8090,647200000,647280000,15602,3207
8091,647280000,647360000,17508,3400
8092,647360000,647440000,23143,4099
8093,647440000,647520000,18319,3633
8094,647520000,647600000,15281,3108
8095,647600000,647680000,18385,3532
8096,647680000,647760000,23520,4206
8097,647760000,647840000,17259,3618
8098,647840000,647920000,13327,2694
8099,647920000,648000000,19769,3863
8100,648000000,648080000,22209,4232
8101,648080000,648160000,17267,3609
8102,648160000,648240000,13058,2483
8103,648240000,648320000,22008,4071
8104,648320000,648400000,24199,4379
8105,648400000,648480000,16764,3527
8106,648480000,648560000,12918,2413
8107,648560000,648640000,21906,4061
8108,648640000,648720000,23877,4283
8109,648720000,648800000,16429,3405
8110,648800000,648880000,13903,2604
8111,648880000,648960000,22655,4094
8112,648960000,649040000,20651,3933
8113,649040000,649120000,16787,3517
8114,649120000,649200000,14487,2829
8115,649200000,649280000,22030,4084
8116,649280000,649360000,19682,3672
8117,649360000,649440000,16154,3438
8118,649440000,649520000,16712,3178
8119,649520000,649600000,23624,4101
8120,649600000,649680000,18541,3663
8121,649680000,649760000,15753,3207
8122,649760000,649840000,17174,3400
8123,649840000,649920000,22916,4102
8124,649920000,650000000,18523,3644
8125,650000000,650080000,14904,3108
8126,650080000,650160000,17835,3532
8127,650160000,650240000,21559,4195
8128,650240000,650320000,16919,3619
8129,650320000,650400000,13164,2694
8130,650400000,650480000,19683,3864
8131,650480000,650560000,22553,4220
8132,650560000,650640000,17066,3600
8133,650640000,650720000,13032,2483
8134,650720000,650800000,21423,4073
8135,650800000,650880000,24210,4373
8136,650880000,650960000,16484,3525
8137,650960000,651040000,12667,2413
8138,651040000,651120000,21459,4058
8139,651120000,651200000,23844,4278
8140,651200000,651280000,16005,3405
8141,651280000,651360000,13642,2604
8142,651360000,651440000,22899,4089
8143,651440000,651520000,20782,3934
8144,651520000,651600000,16612,3517
8145,651600000,651680000,14193,2829
8146,651680000,651760000,22428,4087
8147,651760000,651840000,20417,3661
8148,651840000,651920000,16348,3438
8149,651920000,652000000,16803,3178
8150,652000000,652080000,23441,4096
8151,652080000,652160000,18877,3656
8152,652160000,652240000,15830,3207
8153,652240000,652320000,17634,3400
8154,652320000,652400000,23281,4099
8155,652400000,652480000,18071,3633
8156,652480000,652560000,15299,3108
8157,652560000,652640000,18597,3532
8158,652640000,652720000,22963,4194
8159,652720000,652800000,17512,3618
8160,652800000,652880000,13567,2694
8161,652880000,652960000,20340,3863
8162,652960000,653040000,22913,4232
8163,653040000,653120000,17433,3603
8164,653120000,653200000,13546,2483
8165,653200000,653280000,22419,4071
8166,653280000,653360000,24185,4370
8167,653360000,653440000,16918,3524
8168,653440000,653520000,13193,2413
8169,653520000,653600000,21651,4061
8170,653600000,653680000,23536,4283
8171,653680000,653760000,16022,3405
8172,653760000,653840000,13628,2604
8173,653840000,653920000,22707,4102
8174,653920000,654000000,21094,3933
8175,654000000,654080000,16301,3517
8176,654080000,654160000,14035,2829
8177,654160000,654240000,22082,4084
8178,654240000,654320000,20077,3672
8179,654320000,654400000,16146,3438
8180,654400000,654480000,16894,3178
8181,654480000,654560000,23118,4101
8182,654560000,654640000,18591,3663
8183,654640000,654720000,15071,3207
8184,654720000,654800000,16494,3400
8185,654800000,654880000,23359,4111
8186,654880000,654960000,18415,3641
8187,654960000,655040000,14452,3108
8188,655040000,655120000,17644,3532
8189,655120000,655200000,22513,4195
8190,655200000,655280000,17099,3619
8191,655280000,655360000,12935,2694
8192,655360000,655440000,19744,3864
8193,655440000,655520000,22364,4220
8194,655520000,655600000,17067,3600
8195,655600000,655680000,12699,2483
8196,655680000,655760000,21734,4070
8197,655760000,655840000,24045,4370
8198,655840000,655920000,16355,3525
8199,655920000,656000000,12519,2413
8200,656000000,656080000,21781,4058
8201,656080000,656160000,23785,4278
8202,656160000,656240000,15701,3405
8203,656240000,656320000,13157,2604
8204,656320000,656400000,22348,4089
8205,656400000,656480000,19898,3934
8206,656480000,656560000,16166,3517
8207,656560000,656640000,13979,2829
8208,656640000,656720000,22199,4087
8209,656720000,656800000,20519,3661
8210,656800000,656880000,16106,3438
8211,656880000,656960000,15781,3178
8212,656960000,657040000,23483,4096
8213,657040000,657120000,18531,3662
8214,657120000,657200000,15367,3207
8215,657200000,657280000,17134,3400
8216,657280000,657360000,21984,4105
8217,657360000,657440000,18292,3639
8218,657440000,657520000,14822,3108
8219,657520000,657600000,17930,3532
8220,657600000,657680000,22448,4194
8221,657680000,657760000,16856,3618
8222,657760000,657840000,13001,2694
8223,657840000,657920000,19697,3863
8224,657920000,658000000,22990,4226
8225,658000000,658080000,16799,3603
8226,658080000,658160000,12538,2483
8227,658160000,658240000,21212,4071
8228,658240000,658320000,23442,4370
8229,658320000,658400000,16378,3524
8230,658400000,658480000,12483,2413
8231,658480000,658560000,21742,4061
8232,658560000,658640000,23538,4295
8233,658640000,658720000,16037,3405
8234,658720000,658800000,13462,2604
8235,658800000,658880000,22035,4094
8236,658880000,658960000,20764,3933
8237,658960000,659040000,16479,3517
8238,659040000,659120000,14357,2829
8239,659120000,659200000,22242,4084
8240,659200000,659280000,19881,3672
8241,659280000,659360000,16102,3438
8242,659360000,659440000,16322,3178
8243,659440000,659520000,22115,4101
8244,659520000,659600000,18307,3663
8245,659600000,659680000,15628,3207
8246,659680000,659760000,17283,3400
8247,659760000,659840000,22903,4102
8248,659840000,659920000,18607,3638
8249,659920000,660000000,15213,3108
8250,660000000,660080000,18581,3532
8251,660080000,660160000,22203,4201
8252,660160000,660240000,17456,3619
8253,660240000,660320000,12850,2694
8254,660320000,660400000,19615,3864
8255,660400000,660480000,23001,4220
8256,660480000,660560000,17213,3600
8257,660560000,660640000,12803,2483
8258,660640000,660720000,21418,4070
8259,660720000,660800000,23878,4370
8260,660800000,660880000,16165,3525
8261,660880000,660960000,12584,2413
8262,660960000,661040000,21562,4058
8263,661040000,661120000,23604,4284
8264,661120000,661200000,15877,3405
8265,661200000,661280000,13427,2604
8266,661280000,661360000,22489,4089
8267,661360000,661440000,20567,3934
8268,661440000,661520000,16362,3517
8269,661520000,661600000,13713,2829
8270,661600000,661680000,22587,4087
8271,661680000,661760000,20178,3661
8272,661760000,661840000,15868,3438
8273,661840000,661920000,16522,3178
8274,661920000,662000000,22363,4102
8275,662000000,662080000,17881,3662
8276,662080000,662160000,15722,3207
8277,662160000,662240000,17876,3400
8278,662240000,662320000,23212,4105
8279,662320000,662400000,18212,3639
8280,662400000,662480000,15540,3108
8281,662480000,662560000,18886,3532
8282,662560000,662640000,22422,4194
8283,662640000,662720000,17523,3618
8284,662720000,662800000,13506,2694
8285,662800000,662880000,20512,3863
8286,662880000,662960000,23680,4232
8287,662960000,663040000,17290,3603
8288,663040000,663120000,13031,2483
8289,663120000,663200000,21643,4071
8290,663200000,663280000,23993,4376
8291,663280000,663360000,16509,3524
8292,663360000,663440000,12868,2413
8293,663440000,663520000,21383,4061
8294,663520000,663600000,23043,4283
8295,663600000,663680000,15980,3405
8296,663680000,663760000,13698,2604
8297,663760000,663840000,22699,4094
8298,663840000,663920000,20525,3933
8299,663920000,664000000,16535,3517
8300,664000000,664080000,14214,2829
8301,664080000,664160000,22677,4087
8302,664160000,664240000,20457,3675
8303,664240000,664320000,16025,3438
8304,664320000,664400000,16144,3178
8305,664400000,664480000,21714,4107
8306,664480000,664560000,18509,3663
8307,664560000,664640000,15499,3207
8308,664640000,664720000,17359,3400
8309,664720000,664800000,22761,4102
8310,664800000,664880000,18145,3638
8311,664880000,664960000,15027,3108
8312,664960000,665040000,18324,3532
8313,665040000,665120000,22512,4195
8314,665120000,665200000,17101,3613
8315,665200000,665280000,13136,2694
8316,665280000,665360000,20111,3864
8317,665360000,665440000,23264,4220
8318,665440000,665520000,17450,3600
8319,665520000,665600000,13026,2483
8320,665600000,665680000,21957,4070
8321,665680000,665760000,23616,4376
8322,665760000,665840000,16514,3525
8323,665840000,665920000,12515,2413
8324,665920000,666000000,21211,4058
8325,666000000,666080000,23784,4278
8326,666080000,666160000,15570,3405
8327,666160000,666240000,12969,2604
8328,666240000,666320000,21976,4089
8329,666320000,666400000,20524,3934
8330,666400000,666480000,15924,3517
8331,666480000,666560000,13920,2829
8332,666560000,666640000,21957,4087
8333,666640000,666720000,19606,3661
8334,666720000,666800000,15949,3438
8335,666800000,666880000,16282,3178
8336,666880000,666960000,23415,4096
8337,666960000,667040000,18590,3662
8338,667040000,667120000,15341,3207
8339,667120000,667200000,16949,3400
8340,667200000,667280000,23391,4099
8341,667280000,667360000,18126,3633
8342,667360000,667440000,14879,3108
8343,667440000,667520000,18155,3532
8344,667520000,667600000,22707,4194
8345,667600000,667680000,17044,3618
8346,667680000,667760000,13124,2694
8347,667760000,667840000,19840,3863
8348,667840000,667920000,23321,4232
8349,667920000,668000000,17004,3603
8350,668000000,668080000,12964,2483
8351,668080000,668160000,21688,4074
8352,668160000,668240000,24101,4373
8353,668240000,668320000,16332,3524
8354,668320000,668400000,12607,2413
8355,668400000,668480000,21329,4061
8356,668480000,668560000,23947,4283
8357,668560000,668640000,15807,3405
8358,668640000,668720000,13348,2604
8359,668720000,668800000,22627,4094
8360,668800000,668880000,21206,3933
8361,668880000,668960000,16332,3517
8362,668960000,669040000,14246,2829
8363,669040000,669120000,21798,4090
8364,669120000,669200000,19798,3678
8365,669200000,669280000,16077,3438
8366,669280000,669360000,16571,3178
8367,669360000,669440000,23294,4101
8368,669440000,669520000,18519,3663
8369,669520000,669600000,15694,3207
8370,669600000,669680000,17746,3400
8371,669680000,669760000,23040,4102
8372,669760000,669840000,18293,3638
8373,669840000,669920000,15180,3108
8374,669920000,670000000,18129,3532
8375,670000000,670080000,22755,4207
8376,670080000,670160000,17355,3613
8377,670160000,670240000,13409,2694
8378,670240000,670320000,20099,3864
8379,670320000,670400000,24030,4220
8380,670400000,670480000,17188,3600
8381,670480000,670560000,13226,2483
8382,670560000,670640000,21932,4070
8383,670640000,670720000,24120,4370
8384,670720000,670800000,16580,3525
8385,670800000,670880000,12813,2413
8386,670880000,670960000,21914,4058
8387,670960000,671040000,23469,4290
8388,671040000,671120000,15895,3405
8389,671120000,671200000,13617,2604
8390,671200000,671280000,22420,4095
8391,671280000,671360000,21163,3934
8392,671360000,671440000,16530,3517
8393,671440000,671520000,14355,2829
8394,671520000,671600000,22009,4087
8395,671600000,671680000,20195,3661
8396,671680000,671760000,16141,3438
8397,671760000,671840000,16373,3178
8398,671840000,671920000,22877,4096
8399,671920000,672000000,18500,3656
8400,672000000,672080000,15392,3207
8401,672080000,672160000,17497,3400
8402,672160000,672240000,24021,4099
8403,672240000,672320000,18527,3633
8404,672320000,672400000,15136,3108
8405,672400000,672480000,18800,3532
8406,672480000,672560000,22010,4194
8407,672560000,672640000,17509,3618
8408,672640000,672720000,13327,2694
8409,672720000,672800000,20162,3866
8410,672800000,672880000,23446,4232
8411,672880000,672960000,17143,3606
8412,672960000,673040000,13089,2483
8413,673040000,673120000,22071,4071
8414,673120000,673200000,23597,4370
8415,673200000,673280000,16506,3524
8416,673280000,673360000,12527,2413
8417,673360000,673440000,21991,4067
8418,673440000,673520000,23882,4283
8419,673520000,673600000,15951,3405
8420,673600000,673680000,13449,2604
8421,673680000,673760000,22515,4094
8422,673760000,673840000,20806,3933
8423,673840000,673920000,16428,3517
8424,673920000,674000000,13801,2829
8425,674000000,674080000,22256,4084
8426,674080000,674160000,19970,3672
8427,674160000,674240000,16048,3438
8428,674240000,674320000,16619,3178
8429,674320000,674400000,22950,4101
8430,674400000,674480000,18889,3663
8431,674480000,674560000,15681,3207
8432,674560000,674640000,17455,3400
8433,674640000,674720000,22879,4102
8434,674720000,674800000,18187,3638
8435,674800000,674880000,15135,3108
8436,674880000,674960000,18484,3532
8437,674960000,675040000,21986,4195
8438,675040000,675120000,17091,3613
8439,675120000,675200000,13546,2694
8440,675200000,675280000,20458,3864
8441,675280000,675360000,23334,4220
8442,675360000,675440000,17227,3600
8443,675440000,675520000,12872,2483
8444,675520000,675600000,21587,4073
8445,675600000,675680000,24404,4373
8446,675680000,675760000,16695,3525
8447,675760000,675840000,13024,2413
8448,675840000,675920000,21986,4058
8449,675920000,676000000,23393,4278
8450,676000000,676080000,16074,3405
8451,676080000,676160000,13446,2604
8452,676160000,676240000,22965,4089
8453,676240000,676320000,21060,3940
8454,676320000,676400000,16547,3517
8455,676400000,676480000,14331,2829
8456,676480000,676560000,22352,4087
8457,676560000,676640000,19984,3661
8458,676640000,676720000,16241,3438
8459,676720000,676800000,16244,3178
8460,676800000,676880000,23409,4096
8461,676880000,676960000,18690,3656
8462,676960000,677040000,15650,3207
8463,677040000,677120000,17711,3400
8464,677120000,677200000,22860,4108
8465,677200000,677280000,18308,3636
8466,677280000,677360000,15272,3108
8467,677360000,677440000,18366,3532
8468,677440000,677520000,22685,4194
8469,677520000,677600000,17051,3618
8470,677600000,677680000,13309,2694
8471,677680000,677760000,20017,3866
8472,677760000,677840000,23330,4229
8473,677840000,677920000,17251,3603
8474,677920000,678000000,13076,2483
8475,678000000,678080000,22050,4071
8476,678080000,678160000,23785,4370
8477,678160000,678240000,16605,3524
8478,678240000,678320000,12747,2413
8479,678320000,678400000,22085,4067
8480,678400000,678480000,24202,4289
8481,678480000,678560000,16245,3405
8482,678560000,678640000,13837,2604
8483,678640000,678720000,22727,4094
8484,678720000,678800000,21128,3939
8485,678800000,678880000,16837,3517
8486,678880000,678960000,14751,2829
8487,678960000,679040000,22855,4084
8488,679040000,679120000,20266,3684
8489,679120000,679200000,16518,3438
8490,679200000,679280000,16638,3178
8491,679280000,679360000,23029,4110
8492,679360000,679440000,18569,3672
8493,679440000,679520000,15543,3207
8494,679520000,679600000,17169,3400
8495,679600000,679680000,22937,4102
8496,679680000,679760000,18241,3638
8497,679760000,679840000,15143,3108
8498,679840000,679920000,18382,3532
8499,679920000,680000000,22148,4195
8500,680000000,680080000,16959,3613
8501,680080000,680160000,13171,2694
8502,680160000,680240000,19461,3864
8503,680240000,680320000,22815,4220
8504,680320000,680400000,17157,3600
8505,680400000,680480000,12764,2483
8506,680480000,680560000,21513,4070
8507,680560000,680640000,24108,4370
8508,680640000,680720000,16436,3525
8509,680720000,680800000,12570,2413
8510,680800000,680880000,21539,4058
8511,680880000,680960000,23482,4278
8512,680960000,681040000,15885,3405
8513,681040000,681120000,13485,2604
8514,681120000,681200000,22670,4089
8515,681200000,681280000,20608,3948
8516,681280000,681360000,16323,3517
8517,681360000,681440000,14087,2829
8518,681440000,681520000,22250,4087
8519,681520000,681600000,19978,3661
8520,681600000,681680000,16089,3438
8521,681680000,681760000,16821,3178
8522,681760000,681840000,23205,4102
8523,681840000,681920000,18775,3664
8524,681920000,682000000,15781,3207
8525,682000000,682080000,18075,3400
8526,682080000,682160000,22776,4105
8527,682160000,682240000,18096,3633
8528,682240000,682320000,15402,3108
8529,682320000,682400000,18714,3532
8530,682400000,682480000,22902,4194
8531,682480000,682560000,17520,3618
8532,682560000,682640000,13615,2694
8533,682640000,682720000,20278,3863
8534,682720000,682800000,22488,4232
8535,682800000,682880000,17266,3609
8536,682880000,682960000,12880,2483
8537,682960000,683040000,21282,4077
8538,683040000,683120000,22865,4370
8539,683120000,683200000,16489,3524
8540,683200000,683280000,12657,2413
8541,683280000,683360000,21773,4061
8542,683360000,683440000,23577,4289
8543,683440000,683520000,15936,3405
8544,683520000,683600000,13614,2604
8545,683600000,683680000,22459,4094
8546,683680000,683760000,21148,3939
8547,683760000,683840000,16503,3517
8548,683840000,683920000,14025,2829
8549,683920000,684000000,21626,4084
8550,684000000,684080000,19529,3684
8551,684080000,684160000,16171,3438
8552,684160000,684240000,16555,3178
8553,684240000,684320000,22410,4107
8554,684320000,684400000,18677,3669
8555,684400000,684480000,15725,3207
8556,684480000,684560000,17711,3400
8557,684560000,684640000,23187,4108
8558,684640000,684720000,18035,3638
8559,684720000,684800000,15247,3108
8560,684800000,684880000,18383,3532
8561,684880000,684960000,21741,4195
8562,684960000,685040000,17227,3613
8563,685040000,685120000,13310,2694
8564,685120000,685200000,20018,3864
8565,685200000,685280000,23185,4226
8566,685280000,685360000,17136,3600
8567,685360000,685440000,13127,2483
8568,685440000,685520000,21875,4070
8569,685520000,685600000,23551,4370
8570,685600000,685680000,16743,3525
8571,685680000,685760000,12822,2413
8572,685760000,685840000,21073,4058
8573,685840000,685920000,23199,4278
8574,685920000,686000000,16178,3405
8575,686000000,686080000,13445,2604
8576,686080000,686160000,22348,4089
8577,686160000,686240000,20394,3934
8578,686240000,686320000,16542,3517
8579,686320000,686400000,14526,2829
8580,686400000,686480000,22179,4090
8581,686480000,686560000,19242,3664
8582,686560000,686640000,16429,3438
8583,686640000,686720000,16649,3178
8584,686720000,686800000,22294,4096
8585,686800000,686880000,18624,3656
8586,686880000,686960000,15976,3207
8587,686960000,687040000,17896,3400
8588,687040000,687120000,23426,4099
8589,687120000,687200000,18350,3633
8590,687200000,687280000,15327,3108
8591,687280000,687360000,18693,3532
8592,687360000,687440000,22506,4200
8593,687440000,687520000,17205,3618
8594,687520000,687600000,13195,2694
8595,687600000,687680000,19680,3863
8596,687680000,687760000,22792,4226
8597,687760000,687840000,16885,3603
8598,687840000,687920000,13097,2483
8599,687920000,688000000,21635,4071
8600,688000000,688080000,24039,4370
8601,688080000,688160000,16440,3524
8602,688160000,688240000,13072,2413
8603,688240000,688320000,21906,4061
8604,688320000,688400000,24078,4283
8605,688400000,688480000,16197,3405
8606,688480000,688560000,13786,2604
8607,688560000,688640000,22193,4094
8608,688640000,688720000,21061,3933
8609,688720000,688800000,16701,3517
8610,688800000,688880000,14507,2829
8611,688880000,688960000,21633,4084
8612,688960000,689040000,19513,3672
8613,689040000,689120000,16437,3438
8614,689120000,689200000,16934,3178
8615,689200000,689280000,22199,4107
8616,689280000,689360000,18560,3663
8617,689360000,689440000,15709,3207
8618,689440000,689520000,17476,3400
8619,689520000,689600000,23413,4108
8620,689600000,689680000,18483,3638
8621,689680000,689760000,14941,3108
8622,689760000,689840000,18155,3532
8623,689840000,689920000,22167,4195
8624,689920000,690000000,17362,3613
8625,690000000,690080000,13108,2694
8626,690080000,690160000,19902,3864
8627,690160000,690240000,22671,4220
8628,690240000,690320000,17198,3600
8629,690320000,690400000,12914,2483
8630,690400000,690480000,21615,4070
8631,690480000,690560000,23996,4370
8632,690560000,690640000,16438,3525
8633,690640000,690720000,12462,2413
8634,690720000,690800000,21441,4058
8635,690800000,690880000,23145,4278
8636,690880000,690960000,15800,3405
8637,690960000,691040000,13668,2604
8638,691040000,691120000,22219,4089
8639,691120000,691200000,20581,3934
8640,691200000,691280000,16532,3517
8641,691280000,691360000,14446,2829
8642,691360000,691440000,21744,4093
8643,691440000,691520000,19204,3667
8644,691520000,691600000,16245,3438
8645,691600000,691680000,16875,3178
8646,691680000,691760000,22415,4096
8647,691760000,691840000,18388,3656
8648,691840000,691920000,15605,3207
8649,691920000,692000000,17187,3400
8650,692000000,692080000,22539,4099
8651,692080000,692160000,17637,3633
8652,692160000,692240000,15081,3108
8653,692240000,692320000,18195,3532
8654,692320000,692400000,21997,4206
8655,692400000,692480000,17224,3618
8656,692480000,692560000,13312,2694
8657,692560000,692640000,19961,3863
8658,692640000,692720000,22895,4226
8659,692720000,692800000,17292,3603
8660,692800000,692880000,12941,2483
8661,692880000,692960000,21900,4071
8662,692960000,693040000,23512,4370
8663,693040000,693120000,16484,3524
8664,693120000,693200000,12569,2413
8665,693200000,693280000,21503,4061
8666,693280000,693360000,23687,4283
8667,693360000,693440000,15961,3405
8668,693440000,693520000,13550,2604
8669,693520000,693600000,22836,4094
8670,693600000,693680000,20803,3933
8671,693680000,693760000,16460,3517
8672,693760000,693840000,13600,2829
8673,693840000,693920000,21391,4084
8674,693920000,694000000,19287,3678
8675,694000000,694080000,15896,3438
8676,694080000,694160000,16063,3178
8677,694160000,694240000,22442,4101
8678,694240000,694320000,18447,3663
8679,694320000,694400000,15101,3207
8680,694400000,694480000,16623,3400
8681,694480000,694560000,22693,4102
8682,694560000,694640000,17856,3638
8683,694640000,694720000,14634,3108
8684,694720000,694800000,17767,3532
8685,694800000,694880000,22898,4201
8686,694880000,694960000,17080,3613
8687,694960000,695040000,12998,2694
8688,695040000,695120000,19866,3864
8689,695120000,695200000,22281,4220
8690,695200000,695280000,17048,3600
8691,695280000,695360000,12673,2483
8692,695360000,695440000,21489,4070
8693,695440000,695520000,23549,4370
8694,695520000,695600000,16601,3525
8695,695600000,695680000,12708,2413
8696,695680000,695760000,21288,4058
8697,695760000,695840000,22802,4284
8698,695840000,695920000,15972,3405
8699,695920000,696000000,13339,2604
8700,696000000,696080000,22316,4089
8701,696080000,696160000,20232,3934
8702,696160000,696240000,16238,3517
8703,696240000,696320000,13969,2829
8704,696320000,696400000,21316,4093
8705,696400000,696480000,18932,3673
8706,696480000,696560000,16089,3438
8707,696560000,696640000,16011,3178
8708,696640000,696720000,23144,4102
8709,696720000,696800000,18824,3656
8710,696800000,696880000,15647,3207
8711,696880000,696960000,17528,3400
8712,696960000,697040000,23171,4099
8713,697040000,697120000,18082,3633
8714,697120000,697200000,15104,3108
8715,697200000,697280000,18217,3532
8716,697280000,697360000,22208,4194
8717,697360000,697440000,17191,3618
8718,697440000,697520000,13017,2694
8719,697520000,697600000,19822,3863
8720,697600000,697680000,22955,4232
8721,697680000,697760000,16937,3603
8722,697760000,697840000,12793,2483
8723,697840000,697920000,21293,4071
8724,697920000,698000000,22744,4370
8725,698000000,698080000,16674,3524
8726,698080000,698160000,12861,2413
8727,698160000,698240000,21774,4061
8728,698240000,698320000,23310,4283
8729,698320000,698400000,16299,3405
8730,698400000,698480000,13591,2604
8731,698480000,698560000,22531,4094
8732,698560000,698640000,21201,3933
8733,698640000,698720000,16394,3517
8734,698720000,698800000,14178,2829
8735,698800000,698880000,21900,4084
8736,698880000,698960000,19400,3672
8737,698960000,699040000,15998,3438
8738,699040000,699120000,16435,3178
8739,699120000,699200000,22759,4101
8740,699200000,699280000,18292,3669
8741,699280000,699360000,15680,3207
8742,699360000,699440000,17352,3400
8743,699440000,699520000,22112,4111
8744,699520000,699600000,18395,3641
8745,699600000,699680000,15197,3108
8746,699680000,699760000,18601,3532
8747,699760000,699840000,23329,4195
8748,699840000,699920000,17384,3613
8749,699920000,700000000,13087,2694
8750,700000000,700080000,19668,3864
8751,700080000,700160000,22493,4220
8752,700160000,700240000,17135,3600
8753,700240000,700320000,12848,2483
8754,700320000,700400000,21644,4070
8755,700400000,700480000,23879,4376
8756,700480000,700560000,16633,3525
8757,700560000,700640000,12567,2413
8758,700640000,700720000,22206,4058
8759,700720000,700800000,23664,4278
8760,700800000,700880000,16047,3405
8761,700880000,700960000,13589,2604
8762,700960000,701040000,22360,4089
8763,701040000,701120000,21247,3934
8764,701120000,701200000,16418,3517
8765,701200000,701280000,13296,2829
8766,701280000,701360000,21111,4087
8767,701360000,701440000,19306,3673
8768,701440000,701520000,15745,3438
8769,701520000,701600000,16217,3178
8770,701600000,701680000,22013,4096
8771,701680000,701760000,18141,3656
8772,701760000,701840000,15622,3207
8773,701840000,701920000,17409,3400
8774,701920000,702000000,22585,4099
8775,702000000,702080000,17878,3633
8776,702080000,702160000,15346,3108
8777,702160000,702240000,18678,3532
8778,702240000,702320000,23307,4194
8779,702320000,702400000,17497,3618
8780,702400000,702480000,13672,2694
8781,702480000,702560000,20465,3863
8782,702560000,702640000,21831,4226
8783,702640000,702720000,17273,3603
8784,702720000,702800000,13281,2483
8785,702800000,702880000,21790,4071
8786,702880000,702960000,23295,4370
8787,702960000,703040000,16713,3524
8788,703040000,703120000,12690,2413
8789,703120000,703200000,21603,4061
8790,703200000,703280000,23083,4283
8791,703280000,703360000,16082,3405
8792,703360000,703440000,13527,2604
8793,703440000,703520000,22313,4094
8794,703520000,703600000,20675,3933
8795,703600000,703680000,16732,3517
8796,703680000,703760000,14318,2829
8797,703760000,703840000,22140,4084
8798,703840000,703920000,19684,3672
8799,703920000,704000000,16201,3438
8800,704000000,704080000,16459,3178
8801,704080000,704160000,22329,4107
8802,704160000,704240000,18398,3663
8803,704240000,704320000,15698,3207
8804,704320000,704400000,17773,3400
8805,704400000,704480000,23199,4108
8806,704480000,704560000,17875,3638
8807,704560000,704640000,15480,3108
8808,704640000,704720000,18710,3532
8809,704720000,704800000,21980,4195
8810,704800000,704880000,17365,3613
8811,704880000,704960000,13618,2694
8812,704960000,705040000,20220,3864
8813,705040000,705120000,23041,4220
8814,705120000,705200000,17353,3600
8815,705200000,705280000,13074,2483
8816,705280000,705360000,21594,4070
8817,705360000,705440000,22965,4370
8818,705440000,705520000,16764,3525
8819,705520000,705600000,12886,2413
8820,705600000,705680000,21647,4064
8821,705680000,705760000,23568,4278
8822,705760000,705840000,16226,3405
8823,705840000,705920000,13439,2604
8824,705920000,706000000,22705,4095
8825,706000000,706080000,20797,3940
8826,706080000,706160000,16555,3516
8827,706160000,706240000,14445,2829
8828,706240000,706320000,22082,4087
8829,706320000,706400000,19883,3661
8830,706400000,706480000,16489,3438
8831,706480000,706560000,16754,3178
8832,706560000,706640000,23181,4102
8833,706640000,706720000,18523,3662
8834,706720000,706800000,15920,3207
8835,706800000,706880000,17388,3399
8836,706880000,706960000,22920,4099
8837,706960000,707040000,17693,3633
8838,707040000,707120000,15290,3108
8839,707120000,707200000,18468,3532
8840,707200000,707280000,22139,4194
8841,707280000,707360000,16824,3618
8842,707360000,707440000,13252,2694
8843,707440000,707520000,19632,3863
8844,707520000,707600000,22514,4232
8845,707600000,707680000,16874,3603
8846,707680000,707760000,13040,2483
8847,707760000,707840000,21267,4077
8848,707840000,707920000,23240,4370
8849,707920000,708000000,16395,3524
8850,708000000,708080000,12891,2413
8851,708080000,708160000,21149,4061
8852,708160000,708240000,23016,4283
8853,708240000,708320000,15917,3405
8854,708320000,708400000,13883,2604
8855,708400000,708480000,22176,4094
8856,708480000,708560000,20536,3939
8857,708560000,708640000,16408,3517
8858,708640000,708720000,14360,2829
8859,708720000,708800000,21740,4084
8860,708800000,708880000,19746,3672
8861,708880000,708960000,16137,3438
8862,708960000,709040000,16989,3178
8863,709040000,709120000,22160,4101
8864,709120000,709200000,18603,3663
8865,709200000,709280000,15892,3207
8866,709280000,709360000,18160,3400
8867,709360000,709440000,22786,4102
8868,709440000,709520000,18164,3638
8869,709520000,709600000,14812,3108
8870,709600000,709680000,17240,3532
8871,709680000,709760000,22103,4195
8872,709760000,709840000,16697,3613
8873,709840000,709920000,12843,2694
8874,709920000,710000000,19354,3864
8875,710000000,710080000,22874,4223
8876,710080000,710160000,16806,3603
8877,710160000,710240000,12735,2483
8878,710240000,710320000,20993,4070
8879,710320000,710400000,23534,4370
8880,710400000,710480000,15862,3525
8881,710480000,710560000,12128,2413
8882,710560000,710640000,20097,4058
8883,710640000,710720000,22930,4278
8884,710720000,710800000,15204,3405
8885,710800000,710880000,13158,2604
8886,710880000,710960000,21575,4089
8887,710960000,711040000,20389,3946
8888,711040000,711120000,15841,3517
8889,711120000,711200000,14038,2829
8890,711200000,711280000,21555,4087
8891,711280000,711360000,19396,3661
8892,711360000,711440000,15732,3438
8893,711440000,711520000,16477,3178
8894,711520000,711600000,22502,4096
8895,711600000,711680000,18226,3656
8896,711680000,711760000,15181,3207
8897,711760000,711840000,17079,3400
8898,711840000,711920000,22338,4099
8899,711920000,712000000,17764,3633
8900,712000000,712080000,14864,3108
8901,712080000,712160000,18344,3532
8902,712160000,712240000,22337,4194
8903,712240000,712320000,16683,3618
8904,712320000,712400000,13053,2694
8905,712400000,712480000,19119,3863
8906,712480000,712560000,22474,4226
8907,712560000,712640000,16768,3603
8908,712640000,712720000,12934,2483
8909,712720000,712800000,21308,4071
8910,712800000,712880000,24135,4370
8911,712880000,712960000,16084,3524
8912,712960000,713040000,12593,2413
8913,713040000,713120000,20855,4061
8914,713120000,713200000,22057,4283
8915,713200000,713280000,15583,3405
8916,713280000,713360000,13429,2604
8917,713360000,713440000,21630,4100
8918,713440000,713520000,20343,3933
8919,713520000,713600000,16189,3517
8920,713600000,713680000,14185,2829
8921,713680000,713760000,21106,4093
8922,713760000,713840000,19583,3681
8923,713840000,713920000,16006,3438
8924,713920000,714000000,17064,3178
8925,714000000,714080000,23064,4111
8926,714080000,714160000,18501,3663
8927,714160000,714240000,15498,3207
8928,714240000,714320000,17309,3400
8929,714320000,714400000,22945,4102
8930,714400000,714480000,17762,3638
8931,714480000,714560000,14984,3108
8932,714560000,714640000,18289,3532
8933,714640000,714720000,22209,4207
8934,714720000,714800000,16307,3613
8935,714800000,714880000,13565,2694
8936,714880000,714960000,20164,3864
8937,714960000,715040000,22911,4226
8938,715040000,715120000,17122,3600
8939,715120000,715200000,12735,2483
8940,715200000,715280000,20904,4070
8941,715280000,715360000,23755,4370
8942,715360000,715440000,16232,3525
8943,715440000,715520000,12807,2413
8944,715520000,715600000,21302,4058
8945,715600000,715680000,23017,4284
8946,715680000,715760000,15729,3405
8947,715760000,715840000,13642,2604
8948,715840000,715920000,21975,4089
8949,715920000,716000000,20096,3934
8950,716000000,716080000,16345,3517
8951,716080000,716160000,14324,2829
8952,716160000,716240000,21153,4087
8953,716240000,716320000,19323,3661
8954,716320000,716400000,15989,3438
8955,716400000,716480000,16080,3178
8956,716480000,716560000,22505,4102
8957,716560000,716640000,18245,3656
8958,716640000,716720000,15433,3207
8959,716720000,716800000,17460,3400
8960,716800000,716880000,22073,4099
8961,716880000,716960000,17509,3633
8962,716960000,717040000,15073,3108
8963,717040000,717120000,18298,3532
8964,717120000,717200000,21655,4194
8965,717200000,717280000,16879,3618
8966,717280000,717360000,13215,2694
8967,717360000,717440000,20027,3863
8968,717440000,717520000,22847,4232
8969,717520000,717600000,16852,3603
8970,717600000,717680000,12860,2483
8971,717680000,717760000,21182,4071
8972,717760000,717840000,23038,4370
8973,717840000,717920000,16346,3524
8974,717920000,718000000,12737,2413
8975,718000000,718080000,21275,4061
8976,718080000,718160000,23494,4283
8977,718160000,718240000,16027,3405
8978,718240000,718320000,13877,2604
8979,718320000,718400000,22209,4094
8980,718400000,718480000,21370,3933
8981,718480000,718560000,16501,3517
8982,718560000,718640000,14629,2829
8983,718640000,718720000,21431,4090
8984,718720000,718800000,19635,3672
8985,718800000,718880000,16290,3438
8986,718880000,718960000,17214,3178
8987,718960000,719040000,22624,4101
8988,719040000,719120000,18406,3663
8989,719120000,719200000,15953,3207
8990,719200000,719280000,17953,3400
8991,719280000,719360000,22019,4102
8992,719360000,719440000,18119,3638
8993,719440000,719520000,15677,3108
8994,719520000,719600000,19004,3532
8995,719600000,719680000,22389,4195
8996,719680000,719760000,16725,3613
8997,719760000,719840000,13360,2694
8998,719840000,719920000,19541,3867
8999,719920000,720000000,23071,4223
9000,720000000,720080000,17176,3600
9001,720080000,720160000,12925,2483
9002,720160000,720240000,21760,4070
9003,720240000,720320000,23980,4370
9004,720320000,720400000,16259,3525
9005,720400000,720480000,12732,2413
9006,720480000,720560000,20795,4058
9007,720560000,720640000,23437,4278
9008,720640000,720720000,15567,3405
9009,720720000,720800000,13309,2604
9010,720800000,720880000,22226,4095
9011,720880000,720960000,21050,3934
9012,720960000,721040000,16023,3517
9013,721040000,721120000,13992,2829
9014,721120000,721200000,21590,4087
9015,721200000,721280000,19708,3667
9016,721280000,721360000,15837,3438
9017,721360000,721440000,16777,3178
9018,721440000,721520000,23135,4096
9019,721520000,721600000,18384,3656
9020,721600000,721680000,15720,3207
9021,721680000,721760000,17902,3400
9022,721760000,721840000,21754,4108
9023,721840000,721920000,17886,3636
9024,721920000,722000000,15489,3108
9025,722000000,722080000,18672,3532
9026,722080000,722160000,22106,4200
9027,722160000,722240000,16955,3624
9028,722240000,722320000,13784,2694
9029,722320000,722400000,20313,3863
9030,722400000,722480000,22886,4232
9031,722480000,722560000,17245,3609
9032,722560000,722640000,13332,2483
9033,722640000,722720000,21714,4071
9034,722720000,722800000,24207,4370
9035,722800000,722880000,16653,3524
9036,722880000,722960000,13028,2413
9037,722960000,723040000,21623,4061
9038,723040000,723120000,22684,4283
9039,723120000,723200000,16032,3405
9040,723200000,723280000,14016,2604
9041,723280000,723360000,22523,4094
9042,723360000,723440000,20500,3933
9043,723440000,723520000,16594,3517
9044,723520000,723600000,14436,2829
9045,723600000,723680000,21962,4084
9046,723680000,723760000,19499,3672
9047,723760000,723840000,16224,3438
9048,723840000,723920000,16967,3178
9049,723920000,724000000,22448,4101
9050,724000000,724080000,18785,3663
9051,724080000,724160000,15852,3207
9052,724160000,724240000,17833,3400
9053,724240000,724320000,22699,4102
9054,724320000,724400000,17752,3638
9055,724400000,724480000,15475,3108
9056,724480000,724560000,18669,3532
9057,724560000,724640000,21914,4195
9058,724640000,724720000,16758,3613
9059,724720000,724800000,13778,2694
9060,724800000,724880000,20298,3864
9061,724880000,724960000,22980,4226
9062,724960000,725040000,17067,3600
9063,725040000,725120000,13686,2483
9064,725120000,725200000,22229,4070
9065,725200000,725280000,24119,4370
9066,725280000,725360000,16604,3525
9067,725360000,725440000,12594,2413
9068,725440000,725520000,21423,4058
9069,725520000,725600000,23214,4278
9070,725600000,725680000,15579,3405
9071,725680000,725760000,13209,2604
9072,725760000,725840000,22288,4089
9073,725840000,725920000,20387,3946
9074,725920000,726000000,15944,3517
9075,726000000,726080000,14427,2829
9076,726080000,726160000,21889,4093
9077,726160000,726240000,19470,3661
9078,726240000,726320000,15703,3438
9079,726320000,726400000,16553,3178
9080,726400000,726480000,23270,4096
9081,726480000,726560000,18446,3656
9082,726560000,726640000,15319,3207
9083,726640000,726720000,17772,3400
9084,726720000,726800000,21699,4099
9085,726800000,726880000,17743,3633
9086,726880000,726960000,14932,3108
9087,726960000,727040000,18582,3532
9088,727040000,727120000,22248,4202
9089,727120000,727200000,16753,3624
9090,727200000,727280000,13080,2694
9091,727280000,727360000,19600,3863
9092,727360000,727440000,23174,4226
9093,727440000,727520000,17042,3603
9094,727520000,727600000,12822,2483
9095,727600000,727680000,21849,4074
9096,727680000,727760000,24251,4379
9097,727760000,727840000,16205,3524
9098,727840000,727920000,12791,2413
9099,727920000,728000000,21306,4061
9100,728000000,728080000,22450,4283
9101,728080000,728160000,15935,3405
9102,728160000,728240000,13928,2604
9103,728240000,728320000,22329,4094
9104,728320000,728400000,20999,3933
9105,728400000,728480000,16338,3517
9106,728480000,728560000,14824,2829
9107,728560000,728640000,22066,4090
9108,728640000,728720000,19730,3672
9109,728720000,728800000,15986,3438
9110,728800000,728880000,17239,3178
9111,728880000,728960000,23029,4107
9112,728960000,729040000,18313,3669
9113,729040000,729120000,15761,3207
9114,729120000,729200000,17936,3400
9115,729200000,729280000,22740,4102
9116,729280000,729360000,18441,3638
9117,729360000,729440000,14960,3108
9118,729440000,729520000,18122,3532
9119,729520000,729600000,22826,4195
9120,729600000,729680000,16556,3613
9121,729680000,729760000,13073,2694
9122,729760000,729840000,19353,3864
9123,729840000,729920000,22843,4226
9124,729920000,730000000,16964,3600
9125,730000000,730080000,12617,2483
9126,730080000,730160000,21198,4070
9127,730160000,730240000,23665,4370
9128,730240000,730320000,15992,3525
9129,730320000,730400000,12481,2413
9130,730400000,730480000,21084,4058
9131,730480000,730560000,22867,4278
9132,730560000,730640000,15621,3405
9133,730640000,730720000,13665,2604
9134,730720000,730800000,22295,4089
9135,730800000,730880000,20697,3946
9136,730880000,730960000,16224,3517
9137,730960000,731040000,14197,2829
9138,731040000,731120000,22419,4087
9139,731120000,731200000,19410,3673
9140,731200000,731280000,15989,3438
9141,731280000,731360000,16936,3178
9142,731360000,731440000,23107,4096
9143,731440000,731520000,18085,3656
9144,731520000,731600000,15357,3207
9145,731600000,731680000,17176,3400
9146,731680000,731760000,22589,4099
9147,731760000,731840000,17638,3633
9148,731840000,731920000,14573,3108
9149,731920000,732000000,17959,3532
9150,732000000,732080000,22217,4194
9151,732080000,732160000,16501,3618
9152,732160000,732240000,13017,2694
9153,732240000,732320000,19480,3863
9154,732320000,732400000,22688,4226
9155,732400000,732480000,16621,3603
9156,732480000,732560000,13051,2483
9157,732560000,732640000,21676,4071
9158,732640000,732720000,23655,4370
9159,732720000,732800000,16009,3524
9160,732800000,732880000,12848,2413
9161,732880000,732960000,21249,4061
9162,732960000,733040000,23187,4283
9163,733040000,733120000,15578,3405
9164,733120000,733200000,13832,2604
9165,733200000,733280000,22331,4094
9166,733280000,733360000,20577,3933
9167,733360000,733440000,16217,3517
9168,733440000,733520000,14392,2829
9169,733520000,733600000,22034,4084
9170,733600000,733680000,19623,3672
9171,733680000,733760000,16118,3438
9172,733760000,733840000,17163,3178
9173,733840000,733920000,23304,4101
9174,733920000,734000000,18162,3663
9175,734000000,734080000,15033,3207
9176,734080000,734160000,16788,3400
9177,734160000,734240000,22646,4108
9178,734240000,734320000,17541,3638
9179,734320000,734400000,14393,3108
9180,734400000,734480000,17809,3532
9181,734480000,734560000,22476,4201
9182,734560000,734640000,16413,3613
9183,734640000,734720000,12854,2694
9184,734720000,734800000,19718,3864
9185,734800000,734880000,23418,4232
9186,734880000,734960000,17116,3600
9187,734960000,735040000,12588,2483
9188,735040000,735120000,21504,4070
9189,735120000,735200000,23306,4370
9190,735200000,735280000,16192,3525
9191,735280000,735360000,12646,2413
9192,735360000,735440000,21371,4058
9193,735440000,735520000,23503,4278
9194,735520000,735600000,15585,3405
9195,735600000,735680000,13582,2604
9196,735680000,735760000,21813,4089
9197,735760000,735840000,20115,3934
9198,735840000,735920000,16141,3517
9199,735920000,736000000,14600,2829
9200,736000000,736080000,21587,4093
9201,736080000,736160000,19315,3667
9202,736160000,736240000,16157,3438
9203,736240000,736320000,16693,3178
9204,736320000,736400000,23124,4102
9205,736400000,736480000,17930,3662
9206,736480000,736560000,15643,3207
9207,736560000,736640000,17842,3400
9208,736640000,736720000,22210,4099
9209,736720000,736800000,17741,3633
9210,736800000,736880000,15020,3108
9211,736880000,736960000,18358,3532
9212,736960000,737040000,22195,4206
9213,737040000,737120000,16751,3618
9214,737120000,737200000,13109,2694
9215,737200000,737280000,19951,3863
9216,737280000,737360000,23731,4226
9217,737360000,737440000,16752,3603
9218,737440000,737520000,12818,2483
9219,737520000,737600000,21436,4071
9220,737600000,737680000,23738,4370
9221,737680000,737760000,16255,3524
9222,737760000,737840000,12892,2413
9223,737840000,737920000,21664,4061
9224,737920000,738000000,22998,4283
9225,738000000,738080000,16064,3405
9226,738080000,738160000,13813,2604
9227,738160000,738240000,22611,4094
9228,738240000,738320000,20744,3933
9229,738320000,738400000,16479,3517
9230,738400000,738480000,14633,2829
9231,738480000,738560000,21425,4090
9232,738560000,738640000,19889,3672
9233,738640000,738720000,15981,3438
9234,738720000,738800000,16429,3178
9235,738800000,738880000,22578,4101
9236,738880000,738960000,18326,3663
9237,738960000,739040000,15429,3207
9238,739040000,739120000,17249,3400
9239,739120000,739200000,21638,4102
9240,739200000,739280000,17573,3638
9241,739280000,739360000,15033,3108
9242,739360000,739440000,18467,3532
9243,739440000,739520000,22843,4195
9244,739520000,739600000,16791,3613
9245,739600000,739680000,12979,2694
9246,739680000,739760000,19537,3864
9247,739760000,739840000,22937,4224
9248,739840000,739920000,17023,3604
9249,739920000,740000000,12758,2483
9250,740000000,740080000,21578,4070
9251,740080000,740160000,24106,4370
9252,740160000,740240000,16219,3525
9253,740240000,740320000,12539,2413
9254,740320000,740400000,21292,4058
9255,740400000,740480000,23287,4278
9256,740480000,740560000,15885,3405
9257,740560000,740640000,13621,2604
9258,740640000,740720000,22452,4089
9259,740720000,740800000,19869,3940
9260,740800000,740880000,16276,3517
9261,740880000,740960000,13916,2829
9262,740960000,741040000,21205,4087
9263,741040000,741120000,19752,3661
9264,741120000,741200000,15849,3438
9265,741200000,741280000,16894,3178
9266,741280000,741360000,22979,4096
9267,741360000,741440000,18200,3656
9268,741440000,741520000,15750,3207
9269,741520000,741600000,18132,3400
9270,741600000,741680000,22378,4105
9271,741680000,741760000,17984,3633
9272,741760000,741840000,15409,3108
9273,741840000,741920000,18878,3532
9274,741920000,742000000,22214,4200
9275,742000000,742080000,17136,3624
9276,742080000,742160000,13509,2694
9277,742160000,742240000,20403,3863
9278,742240000,742320000,22591,4226
9279,742320000,742400000,17081,3603
9280,742400000,742480000,13279,2483
9281,742480000,742560000,22111,4077
9282,742560000,742640000,24176,4370
9283,742640000,742720000,16405,3524
9284,742720000,742800000,12960,2413
9285,742800000,742880000,21137,4061
9286,742880000,742960000,23250,4283
9287,742960000,743040000,15782,3405
9288,743040000,743120000,13482,2604
9289,743120000,743200000,22801,4094
9290,743200000,743280000,20680,3933
9291,743280000,743360000,16128,3517
9292,743360000,743440000,14167,2829
9293,743440000,743520000,21868,4084
9294,743520000,743600000,20200,3672
9295,743600000,743680000,15788,3438
9296,743680000,743760000,16488,3178
9297,743760000,743840000,22970,4101
9298,743840000,743920000,18299,3663
9299,743920000,744000000,15404,3207
9300,744000000,744080000,17731,3400
9301,744080000,744160000,22865,4111
9302,744160000,744240000,17724,3641
9303,744240000,744320000,15154,3108
9304,744320000,744400000,18735,3532
9305,744400000,744480000,22842,4201
9306,744480000,744560000,16489,3613
9307,744560000,744640000,13486,2694
9308,744640000,744720000,20301,3864
9309,744720000,744800000,23549,4226
9310,744800000,744880000,17229,3600
9311,744880000,744960000,13223,2483
9312,744960000,745040000,22214,4070
9313,745040000,745120000,23518,4370
9314,745120000,745200000,16531,3525
9315,745200000,745280000,13029,2413
9316,745280000,745360000,21701,4058
9317,745360000,745440000,23629,4278
9318,745440000,745520000,16004,3405
9319,745520000,745600000,13435,2604
9320,745600000,745680000,22964,4089
9321,745680000,745760000,20608,3946
9322,745760000,745840000,16133,3517
9323,745840000,745920000,14606,2829
9324,745920000,746000000,21820,4087
9325,746000000,746080000,18931,3669
9326,746080000,746160000,16200,3438
9327,746160000,746240000,17013,3178
9328,746240000,746320000,23192,4102
9329,746320000,746400000,18213,3656
9330,746400000,746480000,15676,3207
9331,746480000,746560000,17761,3400
9332,746560000,746640000,22542,4099
9333,746640000,746720000,17649,3641
9334,746720000,746800000,15109,3108
9335,746800000,746880000,18844,3532
9336,746880000,746960000,22272,4200
9337,746960000,747040000,16767,3624
9338,747040000,747120000,13350,2694
9339,747120000,747200000,20251,3863
9340,747200000,747280000,22628,4230
9341,747280000,747360000,17054,3609
9342,747360000,747440000,13315,2483
9343,747440000,747520000,22042,4071
9344,747520000,747600000,24328,4370
9345,747600000,747680000,16434,3524
9346,747680000,747760000,12760,2413
9347,747760000,747840000,21341,4061
9348,747840000,747920000,22450,4295
9349,747920000,748000000,15769,3405
9350,748000000,748080000,13475,2604
9351,748080000,748160000,22233,4094
9352,748160000,748240000,20743,3939
9353,748240000,748320000,16251,3517
9354,748320000,748400000,14384,2829
9355,748400000,748480000,21692,4090
9356,748480000,748560000,19290,3672
9357,748560000,748640000,16043,3438
9358,748640000,748720000,17002,3178
9359,748720000,748800000,22874,4101
9360,748800000,748880000,18311,3663
9361,748880000,748960000,15767,3207
9362,748960000,749040000,18135,3400
9363,749040000,749120000,22824,4108
9364,749120000,749200000,17997,3644
9365,749200000,749280000,15166,3108
9366,749280000,749360000,18287,3532
9367,749360000,749440000,22571,4195
9368,749440000,749520000,16833,3613
9369,749520000,749600000,13276,2694
9370,749600000,749680000,20256,3864
9371,749680000,749760000,23256,4223
9372,749760000,749840000,17330,3603
9373,749840000,749920000,12995,2483
9374,749920000,750000000,22095,4070
9375,750000000,750080000,24425,4370
9376,750080000,750160000,16497,3525
9377,750160000,750240000,12789,2413
9378,750240000,750320000,21392,4058
9379,750320000,750400000,22787,4278
9380,750400000,750480000,15869,3405
9381,750480000,750560000,13745,2604
9382,750560000,750640000,22698,4089
9383,750640000,750720000,20445,3946
9384,750720000,750800000,16531,3517
9385,750800000,750880000,14814,2829
9386,750880000,750960000,22317,4087
9387,750960000,751040000,19747,3661
9388,751040000,751120000,16474,3438
9389,751120000,751200000,17240,3178
9390,751200000,751280000,23413,4102
9391,751280000,751360000,18497,3668
9392,751360000,751440000,15920,3207
9393,751440000,751520000,18356,3400
9394,751520000,751600000,22960,4099
9395,751600000,751680000,17925,3633
9396,751680000,751760000,15635,3108
9397,751760000,751840000,19551,3532
9398,751840000,751920000,22555,4194
9399,751920000,752000000,17437,3624
9400,752000000,752080000,13653,2694
9401,752080000,752160000,20628,3863
9402,752160000,752240000,23986,4232
9403,752240000,752320000,17227,3603
9404,752320000,752400000,13315,2483
9405,752400000,752480000,22244,4071
9406,752480000,752560000,24259,4370
9407,752560000,752640000,16668,3524
9408,752640000,752720000,13018,2413
9409,752720000,752800000,21906,4061
9410,752800000,752880000,22761,4283
9411,752880000,752960000,16057,3405
9412,752960000,753040000,13917,2604
9413,753040000,753120000,22443,4100
9414,753120000,753200000,20413,3933
9415,753200000,753280000,16184,3517
9416,753280000,753360000,13673,2829
9417,753360000,753440000,21382,4084
9418,753440000,753520000,19285,3672
9419,753520000,753600000,15247,3438
9420,753600000,753680000,16365,3178
9421,753680000,753760000,22441,4101
9422,753760000,753840000,18259,3663
9423,753840000,753920000,14895,3207
9424,753920000,754000000,16875,3400
9425,754000000,754080000,23192,4102
9426,754080000,754160000,17559,3638
9427,754160000,754240000,14513,3108
9428,754240000,754320000,17761,3532
9429,754320000,754400000,22577,4195
9430,754400000,754480000,16200,3613
9431,754480000,754560000,13102,2694
9432,754560000,754640000,19374,3864
9433,754640000,754720000,22689,4226
9434,754720000,754800000,16749,3600
9435,754800000,754880000,12746,2483
9436,754880000,754960000,20922,4070
9437,754960000,755040000,23642,4370
9438,755040000,755120000,15908,3525
9439,755120000,755200000,12943,2413
9440,755200000,755280000,21036,4058
9441,755280000,755360000,22818,4278
9442,755360000,755440000,15484,3405
9443,755440000,755520000,13530,2604
9444,755520000,755600000,21705,4089
9445,755600000,755680000,19633,3934
9446,755680000,755760000,16027,3517
9447,755760000,755840000,14421,2829
9448,755840000,755920000,21647,4087
9449,755920000,756000000,19659,3661
9450,756000000,756080000,15883,3438
9451,756080000,756160000,16356,3178
9452,756160000,756240000,23013,4102
9453,756240000,756320000,18420,3656
9454,756320000,756400000,15591,3207
9455,756400000,756480000,17769,3400
9456,756480000,756560000,22475,4099
9457,756560000,756640000,17766,3633
9458,756640000,756720000,15085,3108
9459,756720000,756800000,18247,3532
9460,756800000,756880000,22535,4210
9461,756880000,756960000,16938,3618
9462,756960000,757040000,13219,2694
9463,757040000,757120000,19948,3863
9464,757120000,757200000,22900,4226
9465,757200000,757280000,16708,3603
9466,757280000,757360000,12991,2483
9467,757360000,757440000,21397,4071
9468,757440000,757520000,24021,4378
9469,757520000,757600000,16265,3524
9470,757600000,757680000,12663,2413
9471,757680000,757760000,21345,4061
9472,757760000,757840000,23285,4283
9473,757840000,757920000,15872,3405
9474,757920000,758000000,13768,2604
9475,758000000,758080000,21862,4094
9476,758080000,758160000,20942,3941
9477,758160000,758240000,16497,3517
9478,758240000,758320000,14659,2829
9479,758320000,758400000,21472,4095
9480,758400000,758480000,19066,3681
9481,758480000,758560000,16288,3438
9482,758560000,758640000,17084,3178
9483,758640000,758720000,22917,4111
9484,758720000,758800000,18829,3663
9485,758800000,758880000,15573,3207
9486,758880000,758960000,17283,3400
9487,758960000,759040000,22466,4102
9488,759040000,759120000,17549,3638
9489,759120000,759200000,15186,3108
9490,759200000,759280000,18197,3532
9491,759280000,759360000,22152,4207
9492,759360000,759440000,17044,3613
9493,759440000,759520000,13228,2694
9494,759520000,759600000,19398,3864
9495,759600000,759680000,22690,4220
9496,759680000,759760000,16970,3600
9497,759760000,759840000,12924,2483
9498,759840000,759920000,21184,4070
9499,759920000,760000000,23651,4370
9500,760000000,760080000,16233,3525
9501,760080000,760160000,12775,2413
9502,760160000,760240000,21199,4064
9503,760240000,760320000,22929,4278
9504,760320000,760400000,15851,3405
9505,760400000,760480000,13661,2604
9506,760480000,760560000,22314,4089
9507,760560000,760640000,20833,3934
9508,760640000,760720000,16434,3517
9509,760720000,760800000,14276,2829
9510,760800000,760880000,21416,4090
9511,760880000,760960000,20021,3664
9512,760960000,761040000,15822,3438
9513,761040000,761120000,16618,3178
9514,761120000,761200000,22171,4096
9515,761200000,761280000,18276,3656
9516,761280000,761360000,15442,3207
9517,761360000,761440000,17782,3400
9518,761440000,761520000,22777,4099
9519,761520000,761600000,17934,3633
9520,761600000,761680000,15154,3108
9521,761680000,761760000,18555,3532
9522,761760000,761840000,23358,4200
9523,761840000,761920000,17637,3618
9524,761920000,762000000,13434,2694
9525,762000000,762080000,20038,3863
9526,762080000,762160000,22988,4226
9527,762160000,762240000,17130,3603
9528,762240000,762320000,12922,2483
9529,762320000,762400000,21395,4071
9530,762400000,762480000,23794,4370
9531,762480000,762560000,16386,3524
9532,762560000,762640000,12771,2413
9533,762640000,762720000,21813,4061
9534,762720000,762800000,22944,4283
9535,762800000,762880000,15782,3405
9536,762880000,762960000,13856,2604
9537,762960000,763040000,22387,4094
9538,763040000,763120000,20746,3933
9539,763120000,763200000,16413,3517
9540,763200000,763280000,14334,2829
9541,763280000,763360000,21420,4087
9542,763360000,763440000,19639,3675
9543,763440000,763520000,15956,3438
9544,763520000,763600000,16881,3178
9545,763600000,763680000,22700,4107
9546,763680000,763760000,18863,3663
9547,763760000,763840000,15628,3207
9548,763840000,763920000,17920,3400
9549,763920000,764000000,22546,4102
9550,764000000,764080000,17309,3638
9551,764080000,764160000,15124,3108
9552,764160000,764240000,18165,3532
9553,764240000,764320000,21694,4195
9554,764320000,764400000,16600,3613
9555,764400000,764480000,13297,2694
9556,764480000,764560000,19562,3864
9557,764560000,764640000,21786,4220
9558,764640000,764720000,16884,3600
9559,764720000,764800000,13207,2483
9560,764800000,764880000,21564,4070
9561,764880000,764960000,23713,4370
9562,764960000,765040000,16336,3525
9563,765040000,765120000,12880,2413
9564,765120000,765200000,21124,4058
9565,765200000,765280000,23064,4278
9566,765280000,765360000,15681,3405
9567,765360000,765440000,13399,2604
9568,765440000,765520000,22281,4089
9569,765520000,765600000,20853,3946
9570,765600000,765680000,15976,3517
9571,765680000,765760000,14537,2829
9572,765760000,765840000,22037,4090
9573,765840000,765920000,19964,3664
9574,765920000,766000000,15846,3438
9575,766000000,766080000,16694,3178
9576,766080000,766160000,22351,4096
9577,766160000,766240000,18284,3656
9578,766240000,766320000,15556,3207
9579,766320000,766400000,17795,3400
9580,766400000,766480000,22799,4108
9581,766480000,766560000,17863,3636
9582,766560000,766640000,14870,3108
9583,766640000,766720000,17961,3532
9584,766720000,766800000,22907,4200
9585,766800000,766880000,16646,3618
9586,766880000,766960000,13004,2694
9587,766960000,767040000,19099,3863
9588,767040000,767120000,23228,4226
9589,767120000,767200000,16681,3603
9590,767200000,767280000,12775,2483
9591,767280000,767360000,21281,4071
9592,767360000,767440000,24118,4370
9593,767440000,767520000,16188,3524
9594,767520000,767600000,12666,2413
9595,767600000,767680000,21583,4061
9596,767680000,767760000,23439,4283
9597,767760000,767840000,15583,3405
9598,767840000,767920000,12957,2604
9599,767920000,768000000,21757,4100
9600,768000000,768080000,20986,3933
9601,768080000,768160000,15869,3517
9602,768160000,768240000,13770,2829
9603,768240000,768320000,21516,4087
9604,768320000,768400000,19861,3675
9605,768400000,768480000,15629,3438
9606,768480000,768560000,16189,3178
9607,768560000,768640000,22090,4101
9608,768640000,768720000,18084,3669
9609,768720000,768800000,15356,3207
9610,768800000,768880000,17137,3400
9611,768880000,768960000,22973,4102
9612,768960000,769040000,18023,3638
9613,769040000,769120000,14881,3108
9614,769120000,769200000,17878,3532
9615,769200000,769280000,22926,4195
9616,769280000,769360000,17109,3613
9617,769360000,769440000,13100,2694
9618,769440000,769520000,19604,3864
9619,769520000,769600000,22239,4226
9620,769600000,769680000,16888,3600
9621,769680000,769760000,12864,2483
9622,769760000,769840000,21358,4070
9623,769840000,769920000,24138,4379
9624,769920000,770000000,16017,3528
9625,770000000,770080000,12161,2413
9626,770080000,770160000,21280,4058
9627,770160000,770240000,23398,4278
9628,770240000,770320000,15273,3405
9629,770320000,770400000,13186,2604
9630,770400000,770480000,22085,4089
9631,770480000,770560000,21013,3940
9632,770560000,770640000,15995,3517
9633,770640000,770720000,14035,2829
9634,770720000,770800000,21910,4090
9635,770800000,770880000,19357,3664
9636,770880000,770960000,15757,3438
9637,770960000,771040000,16388,3178
9638,771040000,771120000,21916,4099
9639,771120000,771200000,18165,3665
9640,771200000,771280000,15250,3207
9641,771280000,771360000,17157,3400
9642,771360000,771440000,22765,4099
9643,771440000,771520000,17541,3633
9644,771520000,771600000,14954,3108
9645,771600000,771680000,17895,3532
9646,771680000,771760000,22336,4194
9647,771760000,771840000,16964,3618
9648,771840000,771920000,13265,2694
9649,771920000,772000000,19877,3863
9650,772000000,772080000,23328,4226
9651,772080000,772160000,16825,3603
9652,772160000,772240000,12801,2483
9653,772240000,772320000,21419,4071
9654,772320000,772400000,23757,4370
9655,772400000,772480000,16123,3524
9656,772480000,772560000,12592,2413
9657,772560000,772640000,21350,4061
9658,772640000,772720000,23197,4283
9659,772720000,772800000,15647,3405
9660,772800000,772880000,13588,2604
9661,772880000,772960000,22360,4094
9662,772960000,773040000,20943,3933
9663,773040000,773120000,16289,3517
9664,773120000,773200000,14099,2829
9665,773200000,773280000,21372,4087
9666,773280000,773360000,19254,3675
9667,773360000,773440000,16011,3438
9668,773440000,773520000,16738,3178
9669,773520000,773600000,22746,4107
9670,773600000,773680000,18618,3669
9671,773680000,773760000,15399,3207
9672,773760000,773840000,17141,3400
9673,773840000,773920000,22557,4102
9674,773920000,774000000,17864,3638
9675,774000000,774080000,15034,3108
9676,774080000,774160000,18363,3532
9677,774160000,774240000,23039,4195
9678,774240000,774320000,17161,3613
9679,774320000,774400000,13107,2694
9680,774400000,774480000,19897,3867
9681,774480000,774560000,22980,4229
9682,774560000,774640000,17053,3600
9683,774640000,774720000,12721,2483
9684,774720000,774800000,21556,4070
9685,774800000,774880000,23895,4370
9686,774880000,774960000,16641,3525
9687,774960000,775040000,12661,2413
9688,775040000,775120000,21368,4058
9689,775120000,775200000,22862,4278
9690,775200000,775280000,15540,3405
9691,775280000,775360000,13221,2604
9692,775360000,775440000,21933,4089
9693,775440000,775520000,20223,3934
9694,775520000,775600000,15813,3517
9695,775600000,775680000,14037,2829
9696,775680000,775760000,21441,4087
9697,775760000,775840000,19289,3661
9698,775840000,775920000,15749,3438
9699,775920000,776000000,15889,3178
9700,776000000,776080000,22816,4096
9701,776080000,776160000,18373,3656
9702,776160000,776240000,15318,3207
9703,776240000,776320000,17202,3400
9704,776320000,776400000,22335,4099
9705,776400000,776480000,17518,3633
9706,776480000,776560000,14921,3108
9707,776560000,776640000,17822,3532
9708,776640000,776720000,21653,4200
9709,776720000,776800000,16332,3618
9710,776800000,776880000,13020,2694
9711,776880000,776960000,19530,3863
9712,776960000,777040000,23532,4226
9713,777040000,777120000,16767,3603
9714,777120000,777200000,12807,2483
9715,777200000,777280000,21167,4071
9716,777280000,777360000,24047,4376
9717,777360000,777440000,16333,3524
9718,777440000,777520000,12806,2413
9719,777520000,777600000,21751,4061
9720,777600000,777680000,23608,4291
9721,777680000,777760000,15999,3405
9722,777760000,777840000,13647,2604
9723,777840000,777920000,22145,4094
9724,777920000,778000000,20766,3945
9725,778000000,778080000,16395,3517
9726,778080000,778160000,14404,2829
9727,778160000,778240000,22221,4084
9728,778240000,778320000,20033,3672
9729,778320000,778400000,16065,3438
9730,778400000,778480000,16703,3178
9731,778480000,778560000,22679,4101
9732,778560000,778640000,18182,3663
9733,778640000,778720000,15751,3207
9734,778720000,778800000,17498,3400
9735,778800000,778880000,22756,4108
9736,778880000,778960000,17967,3638
9737,778960000,779040000,15177,3108
9738,779040000,779120000,18184,3532
9739,779120000,779200000,22735,4195
9740,779200000,779280000,16841,3613
9741,779280000,779360000,12877,2694
9742,779360000,779440000,19321,3864
9743,779440000,779520000,22110,4220
9744,779520000,779600000,16730,3600
9745,779600000,779680000,12700,2483
9746,779680000,779760000,21401,4070
9747,779760000,779840000,24059,4370
9748,779840000,779920000,16363,3525
9749,779920000,780000000,12535,2413
9750,780000000,780080000,21666,4058
9751,780080000,780160000,23560,4278
9752,780160000,780240000,15760,3405
9753,780240000,780320000,13559,2604
9754,780320000,780400000,22496,4089
9755,780400000,780480000,20699,3934
9756,780480000,780560000,16113,3517
9757,780560000,780640000,13582,2829
9758,780640000,780720000,20978,4093
9759,780720000,780800000,20074,3667
9760,780800000,780880000,15575,3438
9761,780880000,780960000,16483,3178
9762,780960000,781040000,23271,4096
9763,781040000,781120000,18456,3656
9764,781120000,781200000,15302,3207
9765,781200000,781280000,17469,3400
9766,781280000,781360000,21978,4099
9767,781360000,781440000,17647,3633
9768,781440000,781520000,15184,3108
9769,781520000,781600000,18568,3532
9770,781600000,781680000,23231,4206
9771,781680000,781760000,16972,3618
9772,781760000,781840000,13521,2694
9773,781840000,781920000,20299,3863
9774,781920000,782000000,23111,4226
9775,782000000,782080000,17094,3603
9776,782080000,782160000,13198,2483
9777,782160000,782240000,21970,4071
9778,782240000,782320000,24301,4370
9779,782320000,782400000,16448,3524
9780,782400000,782480000,12754,2413
9781,782480000,782560000,21293,4061
9782,782560000,782640000,22866,4297
9783,782640000,782720000,15728,3405
9784,782720000,782800000,13604,2604
9785,782800000,782880000,22296,4094
9786,782880000,782960000,20402,3947
9787,782960000,783040000,16394,3517
9788,783040000,783120000,14368,2829
9789,783120000,783200000,22302,4084
9790,783200000,783280000,20394,3672
9791,783280000,783360000,15825,3438
9792,783360000,783440000,16318,3178
9793,783440000,783520000,22454,4101
9794,783520000,783600000,18105,3663
9795,783600000,783680000,15294,3207
9796,783680000,783760000,17608,3400
9797,783760000,783840000,23011,4102
9798,783840000,783920000,17997,3644
9799,783920000,784000000,15108,3108
9800,784000000,784080000,18640,3532
9801,784080000,784160000,22433,4195
9802,784160000,784240000,16701,3613
9803,784240000,784320000,13486,2694
9804,784320000,784400000,20043,3864
9805,784400000,784480000,22647,4220
9806,784480000,784560000,17090,3600
9807,784560000,784640000,12983,2483
9808,784640000,784720000,21705,4070
9809,784720000,784800000,23273,4370
9810,784800000,784880000,16628,3525
9811,784880000,784960000,12835,2413
9812,784960000,785040000,21720,4058
9813,785040000,785120000,23895,4278
9814,785120000,785200000,15948,3405
9815,785200000,785280000,13201,2604
9816,785280000,785360000,22424,4089
9817,785360000,785440000,20291,3934
9818,785440000,785520000,16179,3517
9819,785520000,785600000,14058,2829
9820,785600000,785680000,21894,4087
9821,785680000,785760000,20215,3661
9822,785760000,785840000,16127,3438
9823,785840000,785920000,16371,3178
9824,785920000,786000000,22795,4102
9825,786000000,786080000,18118,3656
9826,786080000,786160000,15389,3207
9827,786160000,786240000,16785,3400
9828,786240000,786320000,22371,4099
9829,786320000,786400000,18186,3633
9830,786400000,786480000,14885,3108
9831,786480000,786560000,18004,3532
9832,786560000,786640000,22928,4194
9833,786640000,786720000,16676,3618
9834,786720000,786800000,13142,2694
9835,786800000,786880000,19533,3863
9836,786880000,786960000,23497,4226
9837,786960000,787040000,17024,3603
9838,787040000,787120000,13071,2483
9839,787120000,787200000,21636,4077
9840,787200000,787280000,23830,4370
9841,787280000,787360000,16278,3524
9842,787360000,787440000,12865,2413
9843,787440000,787520000,21422,4061
9844,787520000,787600000,24268,4283
9845,787600000,787680000,15985,3405
9846,787680000,787760000,13748,2604
9847,787760000,787840000,22664,4094
9848,787840000,787920000,21537,3939
9849,787920000,788000000,16347,3517
9850,788000000,788080000,14260,2829
9851,788080000,788160000,22169,4084
9852,788160000,788240000,19972,3672
9853,788240000,788320000,15950,3438
9854,788320000,788400000,16828,3178
9855,788400000,788480000,22414,4107
9856,788480000,788560000,18066,3663
9857,788560000,788640000,15811,3207
9858,788640000,788720000,17985,3400
9859,788720000,788800000,23243,4111
9860,788800000,788880000,18411,3641
9861,788880000,788960000,15243,3108
9862,788960000,789040000,18193,3532
9863,789040000,789120000,22815,4201
9864,789120000,789200000,16968,3613
9865,789200000,789280000,13368,2694
9866,789280000,789360000,20118,3864
9867,789360000,789440000,23131,4220
9868,789440000,789520000,17185,3600
9869,789520000,789600000,13211,2483
9870,789600000,789680000,22036,4070
9871,789680000,789760000,24413,4370
9872,789760000,789840000,16334,3525
9873,789840000,789920000,12607,2413
9874,789920000,790000000,21162,4058
9875,790000000,790080000,23988,4278
9876,790080000,790160000,15653,3405
9877,790160000,790240000,13446,2604
9878,790240000,790320000,22542,4089
9879,790320000,790400000,21165,3934
9880,790400000,790480000,16250,3517
9881,790480000,790560000,14290,2829
9882,790560000,790640000,22005,4087
9883,790640000,790720000,19474,3661
9884,790720000,790800000,16152,3438
9885,790800000,790880000,16782,3178
9886,790880000,790960000,22997,4096
9887,790960000,791040000,18040,3656
9888,791040000,791120000,15713,3207
9889,791120000,791200000,17731,3400
9890,791200000,791280000,22632,4099
9891,791280000,791360000,18359,3633
9892,791360000,791440000,15436,3108
9893,791440000,791520000,18880,3532
9894,791520000,791600000,22671,4200
9895,791600000,791680000,17357,3618
9896,791680000,791760000,13609,2694
9897,791760000,791840000,20071,3863
9898,791840000,791920000,23673,4226
9899,791920000,792000000,17190,3603
9900,792000000,792080000,13290,2483
9901,792080000,792160000,21929,4071
9902,792160000,792240000,23370,4370
9903,792240000,792320000,16319,3524
9904,792320000,792400000,12606,2413
9905,792400000,792480000,21197,4061
9906,792480000,792560000,23142,4283
9907,792560000,792640000,15914,3405
9908,792640000,792720000,13686,2604
9909,792720000,792800000,22742,4094
9910,792800000,792880000,20986,3943
9911,792880000,792960000,16558,3517
9912,792960000,793040000,14451,2829
9913,793040000,793120000,22148,4084
9914,793120000,793200000,20125,3672
9915,793200000,793280000,16318,3438
9916,793280000,793360000,17345,3178
9917,793360000,793440000,22913,4107
9918,793440000,793520000,17819,3663
9919,793520000,793600000,15870,3207
9920,793600000,793680000,17704,3400
9921,793680000,793760000,22777,4108
9922,793760000,793840000,18243,3638
9923,793840000,793920000,15346,3108
9924,793920000,794000000,18824,3532
9925,794000000,794080000,23059,4201
9926,794080000,794160000,16848,3619
9927,794160000,794240000,13706,2694
9928,794240000,794320000,20544,3864
9929,794320000,794400000,22775,4226
9930,794400000,794480000,17219,3600
9931,794480000,794560000,12759,2483
9932,794560000,794640000,21343,4070
9933,794640000,794720000,23598,4370
9934,794720000,794800000,16368,3525
9935,794800000,794880000,12886,2413
9936,794880000,794960000,21822,4058
9937,794960000,795040000,23630,4278
9938,795040000,795120000,15997,3405
9939,795120000,795200000,13633,2604
9940,795200000,795280000,22628,4089
9941,795280000,795360000,20455,3946
9942,795360000,795440000,16691,3517
9943,795440000,795520000,14676,2829
9944,795520000,795600000,22105,4087
9945,795600000,795680000,19894,3661
9946,795680000,795760000,16475,3438
9947,795760000,795840000,16767,3178
9948,795840000,795920000,22967,4102
9949,795920000,796000000,18291,3662
9950,796000000,796080000,16126,3207
9951,796080000,796160000,18207,3400
9952,796160000,796240000,22714,4105
9953,796240000,796320000,18209,3641
9954,796320000,796400000,15827,3108
9955,796400000,796480000,18991,3532
9956,796480000,796560000,22662,4194
9957,796560000,796640000,17096,3618
9958,796640000,796720000,13403,2694
9959,796720000,796800000,20265,3866
9960,796800000,796880000,22869,4233
9961,796880000,796960000,16762,3603
9962,796960000,797040000,12469,2483
9963,797040000,797120000,21420,4071
9964,797120000,797200000,23656,4370
9965,797200000,797280000,15864,3524
9966,797280000,797360000,12154,2413
9967,797360000,797440000,20540,4061
9968,797440000,797520000,23373,4295
9969,797520000,797600000,15357,3405
9970,797600000,797680000,13183,2604
9971,797680000,797760000,21736,4094
9972,797760000,797840000,20268,3933
9973,797840000,797920000,15676,3517
9974,797920000,798000000,14043,2829
9975,798000000,798080000,21665,4084
9976,798080000,798160000,19502,3672
9977,798160000,798240000,15458,3438
9978,798240000,798320000,16453,3178
9979,798320000,798400000,22905,4101
9980,798400000,798480000,18816,3669
9981,798480000,798560000,15017,3207
9982,798560000,798640000,16932,3400
9983,798640000,798720000,23172,4102
9984,798720000,798800000,18014,3638
9985,798800000,798880000,14864,3108
9986,798880000,798960000,18104,3532
9987,798960000,799040000,22104,4201
9988,799040000,799120000,16726,3619
9989,799120000,799200000,12675,2694
9990,799200000,799280000,18790,3864
9991,799280000,799360000,22393,4220
9992,799360000,799440000,16558,3600
9993,799440000,799520000,12350,2483
9994,799520000,799600000,20881,4070
9995,799600000,799680000,23649,4370
9996,799680000,799760000,15979,3525
9997,799760000,799840000,12389,2413
9998,799840000,799920000,20814,4058
9999,799920000,800000000,23595,4278
10000,800000000,800080000,15288,3405
10001,800080000,800160000,13252,2604
10002,800160000,800240000,21906,4089
10003,800240000,800320000,19806,3934
10004,800320000,800400000,15799,3517
10005,800400000,800480000,13948,2829
10006,800480000,800560000,21783,4087
10007,800560000,800640000,19058,3661
10008,800640000,800720000,15643,3438
10009,800720000,800800000,16734,3178
10010,800800000,800880000,22997,4096
10011,800880000,800960000,18302,3656
10012,800960000,801040000,15484,3207
10013,801040000,801120000,17669,3400
10014,801120000,801200000,22220,4099
10015,801200000,801280000,17751,3633
10016,801280000,801360000,15046,3108
10017,801360000,801440000,18330,3532
10018,801440000,801520000,22699,4200
10019,801520000,801600000,17189,3624
10020,801600000,801680000,13267,2694
10021,801680000,801760000,20090,3863
10022,801760000,801840000,22644,4229
10023,801840000,801920000,16750,3606
10024,801920000,802000000,12971,2483
10025,802000000,802080000,21454,4071
10026,802080000,802160000,23206,4370
10027,802160000,802240000,16354,3524
10028,802240000,802320000,12708,2413
10029,802320000,802400000,21759,4061
10030,802400000,802480000,23564,4283
10031,802480000,802560000,15655,3405
10032,802560000,802640000,13587,2604
10033,802640000,802720000,22339,4094
10034,802720000,802800000,21237,3933
10035,802800000,802880000,16134,3517
10036,802880000,802960000,14300,2829
10037,802960000,803040000,21859,4092
10038,803040000,803120000,19398,3678
10039,803120000,803200000,15804,3438
10040,803200000,803280000,16620,3178
10041,803280000,803360000,21846,4101
10042,803360000,803440000,18276,3663
10043,803440000,803520000,15276,3207
10044,803520000,803600000,17432,3400
10045,803600000,803680000,22159,4102
10046,803680000,803760000,18010,3638
10047,803760000,803840000,14899,3108
10048,803840000,803920000,18339,3532
10049,803920000,804000000,22302,4207
10050,804000000,804080000,16816,3613
10051,804080000,804160000,13113,2694
10052,804160000,804240000,19600,3864
10053,804240000,804320000,23589,4220
10054,804320000,804400000,16967,3600
10055,804400000,804480000,12923,2483
10056,804480000,804560000,21726,4076
10057,804560000,804640000,23504,4376
10058,804640000,804720000,16369,3525
10059,804720000,804800000,12435,2413
10060,804800000,804880000,21055,4058
10061,804880000,804960000,23085,4278
10062,804960000,805040000,15669,3405
10063,805040000,805120000,13191,2604
10064,805120000,805200000,22375,4089
10065,805200000,805280000,20763,3934
10066,805280000,805360000,16071,3517
10067,805360000,805440000,14237,2829
10068,805440000,805520000,21909,4087
10069,805520000,805600000,19478,3667
10070,805600000,805680000,15705,3438
10071,805680000,805760000,16024,3178
10072,805760000,805840000,22663,4096
10073,805840000,805920000,18193,3656
10074,805920000,806000000,15167,3207
10075,806000000,806080000,17303,3400
10076,806080000,806160000,22716,4099
10077,806160000,806240000,17870,3633
10078,806240000,806320000,14835,3108
10079,806320000,806400000,17953,3532
10080,806400000,806480000,23352,4194
10081,806480000,806560000,17130,3618
10082,806560000,806640000,13094,2694
10083,806640000,806720000,19550,3863
10084,806720000,806800000,23317,4226
10085,806800000,806880000,16838,3603
10086,806880000,806960000,12766,2483
10087,806960000,807040000,21306,4071
10088,807040000,807120000,23207,4370
10089,807120000,807200000,16252,3524
10090,807200000,807280000,12647,2413
10091,807280000,807360000,21213,4061
10092,807360000,807440000,23240,4283
10093,807440000,807520000,15936,3405
10094,807520000,807600000,13719,2604
10095,807600000,807680000,22585,4094
10096,807680000,807760000,20950,3945
10097,807760000,807840000,16405,3517
10098,807840000,807920000,14460,2829
10099,807920000,808000000,22231,4084
10100,808000000,808080000,19802,3672
10101,808080000,808160000,15891,3438
10102,808160000,808240000,16626,3178
10103,808240000,808320000,22600,4101
10104,808320000,808400000,17989,3663
10105,808400000,808480000,15477,3207
10106,808480000,808560000,17229,3400
10107,808560000,808640000,22621,4102
10108,808640000,808720000,18123,3638
10109,808720000,808800000,14955,3108
10110,808800000,808880000,17825,3532
10111,808880000,808960000,23127,4195
10112,808960000,809040000,16904,3613
10113,809040000,809120000,13301,2694
10114,809120000,809200000,19597,3864
10115,809200000,809280000,23211,4220
10116,809280000,809360000,16660,3600
10117,809360000,809440000,13027,2483
10118,809440000,809520000,21280,4070
10119,809520000,809600000,23477,4376
10120,809600000,809680000,16034,3525
10121,809680000,809760000,12654,2413
10122,809760000,809840000,21425,4058
10123,809840000,809920000,23612,4278
10124,809920000,810000000,15720,3405
10125,810000000,810080000,13654,2604
10126,810080000,810160000,22721,4089
10127,810160000,810240000,21045,3940
10128,810240000,810320000,16307,3517
10129,810320000,810400000,14225,2829
10130,810400000,810480000,22344,4087
10131,810480000,810560000,19629,3661
10132,810560000,810640000,16002,3438
10133,810640000,810720000,16685,3178
10134,810720000,810800000,22587,4096
10135,810800000,810880000,18151,3656
10136,810880000,810960000,15540,3207
10137,810960000,811040000,17459,3400
10138,811040000,811120000,22603,4108
10139,811120000,811200000,17704,3636
10140,811200000,811280000,15154,3108
10141,811280000,811360000,18391,3532
10142,811360000,811440000,22085,4194
10143,811440000,811520000,16781,3618
10144,811520000,811600000,13456,2694
10145,811600000,811680000,19995,3863
10146,811680000,811760000,22951,4232
10147,811760000,811840000,16706,3603
10148,811840000,811920000,13187,2483
10149,811920000,812000000,21640,4071
10150,812000000,812080000,23321,4370
10151,812080000,812160000,16443,3524
10152,812160000,812240000,12714,2413
10153,812240000,812320000,21491,4061
10154,812320000,812400000,24436,4283
10155,812400000,812480000,15901,3405
10156,812480000,812560000,13713,2604
10157,812560000,812640000,22346,4100
10158,812640000,812720000,19981,3943
10159,812720000,812800000,16435,3517
10160,812800000,812880000,14281,2829
10161,812880000,812960000,21436,4084
10162,812960000,813040000,19139,3672
10163,813040000,813120000,16359,3438
10164,813120000,813200000,17142,3178
10165,813200000,813280000,22354,4101
10166,813280000,813360000,18297,3663
10167,813360000,813440000,15480,3207
10168,813440000,813520000,17036,3400
10169,813520000,813600000,23210,4102
10170,813600000,813680000,18331,3638
10171,813680000,813760000,14958,3108
10172,813760000,813840000,18089,3532
10173,813840000,813920000,22729,4195
10174,813920000,814000000,16426,3613
10175,814000000,814080000,13412,2694
10176,814080000,814160000,19937,3864
10177,814160000,814240000,22661,4223
10178,814240000,814320000,16927,3603
10179,814320000,814400000,13015,2483
10180,814400000,814480000,21307,4070
10181,814480000,814560000,23544,4370
10182,814560000,814640000,16338,3525
10183,814640000,814720000,12584,2413
10184,814720000,814800000,21891,4058
10185,814800000,814880000,24672,4278
10186,814880000,814960000,15671,3405
10187,814960000,815040000,13306,2604
10188,815040000,815120000,21939,4089
10189,815120000,815200000,20543,3934
10190,815200000,815280000,16201,3517
10191,815280000,815360000,14380,2829
10192,815360000,815440000,22058,4087
10193,815440000,815520000,19887,3661
10194,815520000,815600000,16178,3438
10195,815600000,815680000,16237,3178
10196,815680000,815760000,22981,4096
10197,815760000,815840000,18096,3656
10198,815840000,815920000,15521,3207
10199,815920000,816000000,17606,3400
10200,816000000,816080000,22757,4105
10201,816080000,816160000,18319,3639
10202,816160000,816240000,15087,3108
10203,816240000,816320000,18390,3532
10204,816320000,816400000,23470,4194
10205,816400000,816480000,16866,3618
10206,816480000,816560000,13360,2694
10207,816560000,816640000,19972,3863
10208,816640000,816720000,23284,4226
10209,816720000,816800000,16699,3603
10210,816800000,816880000,12847,2483
10211,816880000,816960000,21644,4071
10212,816960000,817040000,23566,4370
10213,817040000,817120000,16412,3524
10214,817120000,817200000,12666,2413
10215,817200000,817280000,21637,4061
10216,817280000,817360000,24333,4295
10217,817360000,817440000,16208,3405
10218,817440000,817520000,13845,2604
10219,817520000,817600000,22571,4094
10220,817600000,817680000,20941,3933
10221,817680000,817760000,16715,3517
10222,817760000,817840000,14841,2829
10223,817840000,817920000,22673,4084
10224,817920000,818000000,20302,3672
10225,818000000,818080000,16352,3438
10226,818080000,818160000,16886,3178
10227,818160000,818240000,22332,4113
10228,818240000,818320000,18504,3669
10229,818320000,818400000,15907,3207
10230,818400000,818480000,17856,3400
10231,818480000,818560000,22771,4108
10232,818560000,818640000,18485,3638
10233,818640000,818720000,15563,3108
10234,818720000,818800000,18998,3532
10235,818800000,818880000,22939,4195
10236,818880000,818960000,17033,3613
10237,818960000,819040000,13072,2694
10238,819040000,819120000,19343,3864
10239,819120000,819200000,22977,4232
10240,819200000,819280000,16746,3600
10241,819280000,819360000,12813,2483
10242,819360000,819440000,21254,4070
10243,819440000,819520000,24088,4370
10244,819520000,819600000,15875,3525
10245,819600000,819680000,12613,2413
10246,819680000,819760000,21242,4064
10247,819760000,819840000,23167,4284
10248,819840000,819920000,15659,3405
10249,819920000,820000000,13609,2604
10250,820000000,820080000,22180,4089
10251,820080000,820160000,20404,3946
10252,820160000,820240000,16172,3517
10253,820240000,820320000,13852,2829
10254,820320000,820400000,21403,4087
10255,820400000,820480000,19630,3661
10256,820480000,820560000,15781,3438
10257,820560000,820640000,16656,3178
10258,820640000,820720000,22268,4096
10259,820720000,820800000,18041,3656
10260,820800000,820880000,15679,3207
10261,820880000,820960000,17941,3400
10262,820960000,821040000,23457,4105
10263,821040000,821120000,18117,3639
10264,821120000,821200000,15564,3108
10265,821200000,821280000,18753,3532
10266,821280000,821360000,22929,4200
10267,821360000,821440000,17123,3618
10268,821440000,821520000,13788,2694
10269,821520000,821600000,20561,3863
10270,821600000,821680000,23264,4226
10271,821680000,821760000,17277,3603
10272,821760000,821840000,13337,2483
10273,821840000,821920000,21884,4071
10274,821920000,822000000,23832,4370
10275,822000000,822080000,16335,3524
10276,822080000,822160000,13079,2413
10277,822160000,822240000,21413,4061
10278,822240000,822320000,23764,4283
10279,822320000,822400000,15993,3405
10280,822400000,822480000,13997,2604
10281,822480000,822560000,22691,4094
10282,822560000,822640000,20693,3933
10283,822640000,822720000,16569,3517
10284,822720000,822800000,14355,2829
10285,822800000,822880000,21881,4084
10286,822880000,822960000,20124,3672
10287,822960000,823040000,16175,3438
10288,823040000,823120000,16650,3178
10289,823120000,823200000,21953,4101
10290,823200000,823280000,17892,3663
10291,823280000,823360000,15728,3207
10292,823360000,823440000,17707,3400
10293,823440000,823520000,22875,4102
10294,823520000,823600000,17894,3638
10295,823600000,823680000,15175,3108
10296,823680000,823760000,18371,3532
10297,823760000,823840000,22354,4195
10298,823840000,823920000,16667,3613
10299,823920000,824000000,13408,2694
10300,824000000,824080000,20120,3864
10301,824080000,824160000,22958,4220
10302,824160000,824240000,17194,3600
10303,824240000,824320000,13121,2483
10304,824320000,824400000,22336,4070
10305,824400000,824480000,23992,4376
10306,824480000,824560000,16400,3525
10307,824560000,824640000,12779,2413
10308,824640000,824720000,21284,4058
10309,824720000,824800000,23733,4278
10310,824800000,824880000,15803,3405
10311,824880000,824960000,13172,2604
10312,824960000,825040000,22282,4089
10313,825040000,825120000,20648,3934
10314,825120000,825200000,16223,3517
10315,825200000,825280000,14433,2829
10316,825280000,825360000,21403,4093
10317,825360000,825440000,19393,3673
10318,825440000,825520000,16273,3438
10319,825520000,825600000,16861,3178
10320,825600000,825680000,23260,4099
10321,825680000,825760000,18239,3665
10322,825760000,825840000,15764,3207
10323,825840000,825920000,17608,3400
10324,825920000,826000000,23145,4099
10325,826000000,826080000,17877,3633
10326,826080000,826160000,15292,3108
10327,826160000,826240000,18782,3532
10328,826240000,826320000,22955,4206
10329,826320000,826400000,17024,3618
10330,826400000,826480000,13627,2694
10331,826480000,826560000,20373,3863
10332,826560000,826640000,23610,4226
10333,826640000,826720000,16946,3603
10334,826720000,826800000,13260,2483
10335,826800000,826880000,21420,4071
10336,826880000,826960000,22903,4370
10337,826960000,827040000,16448,3524
10338,827040000,827120000,12782,2413
10339,827120000,827200000,21356,4061
10340,827200000,827280000,23914,4283
10341,827280000,827360000,15929,3405
10342,827360000,827440000,13683,2604
10343,827440000,827520000,22119,4094
10344,827520000,827600000,20699,3939
10345,827600000,827680000,16529,3517
10346,827680000,827760000,14690,2829
10347,827760000,827840000,22202,4084
10348,827840000,827920000,19786,3672
10349,827920000,828000000,16200,3438
10350,828000000,828080000,16977,3178
10351,828080000,828160000,22469,4101
10352,828160000,828240000,18224,3663
10353,828240000,828320000,15753,3207
10354,828320000,828400000,18111,3400
10355,828400000,828480000,22691,4102
10356,828480000,828560000,18018,3638
10357,828560000,828640000,15275,3108
10358,828640000,828720000,18369,3532
10359,828720000,828800000,22787,4203
10360,828800000,828880000,17068,3613
10361,828880000,828960000,13507,2694
10362,828960000,829040000,20197,3864
10363,829040000,829120000,23589,4220
10364,829120000,829200000,17281,3600
10365,829200000,829280000,13073,2483
10366,829280000,829360000,21894,4070
10367,829360000,829440000,24947,4370
10368,829440000,829520000,16784,3525
10369,829520000,829600000,12955,2413
10370,829600000,829680000,21616,4058
10371,829680000,829760000,23070,4290
10372,829760000,829840000,15934,3405
10373,829840000,829920000,13684,2604
10374,829920000,830000000,22913,4089
10375,830000000,830080000,20610,3934
10376,830080000,830160000,16531,3517
10377,830160000,830240000,14698,2829
10378,830240000,830320000,22193,4087
10379,830320000,830400000,19852,3661
10380,830400000,830480000,16389,3438
10381,830480000,830560000,16892,3178
10382,830560000,830640000,23127,4096
10383,830640000,830720000,18636,3662
10384,830720000,830800000,15779,3207
10385,830800000,830880000,18085,3400
10386,830880000,830960000,22600,4105
10387,830960000,831040000,17982,3633
10388,831040000,831120000,15589,3108
10389,831120000,831200000,19269,3532
10390,831200000,831280000,22444,4194
10391,831280000,831360000,17196,3618
10392,831360000,831440000,13898,2694
10393,831440000,831520000,20620,3863
10394,831520000,831600000,23714,4226
10395,831600000,831680000,17182,3603
10396,831680000,831760000,13520,2483
10397,831760000,831840000,22478,4071
10398,831840000,831920000,24616,4370
10399,831920000,832000000,16778,3524
10400,832000000,832080000,12870,2413
10401,832080000,832160000,21873,4061
10402,832160000,832240000,24111,4283
10403,832240000,832320000,16270,3405
10404,832320000,832400000,14135,2604
10405,832400000,832480000,23066,4094
10406,832480000,832560000,21153,3939
10407,832560000,832640000,16558,3517
10408,832640000,832720000,14171,2829
10409,832720000,832800000,22108,4090
10410,832800000,832880000,20329,3672
10411,832880000,832960000,15986,3438
10412,832960000,833040000,17127,3178
10413,833040000,833120000,23411,4101
10414,833120000,833200000,18480,3663
10415,833200000,833280000,15564,3207
10416,833280000,833360000,17774,3400
10417,833360000,833440000,23739,4111
10418,833440000,833520000,17785,3641
10419,833520000,833600000,15173,3108
10420,833600000,833680000,18831,3532
10421,833680000,833760000,22471,4195
10422,833760000,833840000,17014,3613
10423,833840000,833920000,13630,2694
10424,833920000,834000000,20845,3864
10425,834000000,834080000,23282,4226
10426,834080000,834160000,17223,3600
10427,834160000,834240000,12862,2483
10428,834240000,834320000,21616,4070
10429,834320000,834400000,24458,4370
10430,834400000,834480000,16437,3525
10431,834480000,834560000,13019,2413
10432,834560000,834640000,21624,4058
10433,834640000,834720000,23177,4278
10434,834720000,834800000,15949,3405
10435,834800000,834880000,13715,2604
10436,834880000,834960000,22658,4089
10437,834960000,835040000,20618,3934
10438,835040000,835120000,16548,3517
10439,835120000,835200000,14719,2829
10440,835200000,835280000,22564,4087
10441,835280000,835360000,20338,3661
10442,835360000,835440000,16293,3438
10443,835440000,835520000,16707,3178
10444,835520000,835600000,23643,4096
10445,835600000,835680000,18622,3656
10446,835680000,835760000,15778,3207
10447,835760000,835840000,18151,3400
10448,835840000,835920000,22553,4099
10449,835920000,836000000,17899,3633
10450,836000000,836080000,15407,3108
10451,836080000,836160000,18754,3532
10452,836160000,836240000,23437,4194
10453,836240000,836320000,17253,3618
10454,836320000,836400000,13551,2694
10455,836400000,836480000,20548,3863
10456,836480000,836560000,23052,4226
10457,836560000,836640000,17077,3603
10458,836640000,836720000,13226,2483
10459,836720000,836800000,21939,4071
10460,836800000,836880000,24324,4370
10461,836880000,836960000,16631,3524
10462,836960000,837040000,12794,2413
10463,837040000,837120000,21801,4061
10464,837120000,837200000,24028,4283
10465,837200000,837280000,16235,3405
10466,837280000,837360000,14062,2604
10467,837360000,837440000,22827,4094
10468,837440000,837520000,21299,3939
10469,837520000,837600000,16826,3517
10470,837600000,837680000,15070,2829
10471,837680000,837760000,22913,4090
10472,837760000,837840000,20017,3672
10473,837840000,837920000,16650,3438
10474,837920000,838000000,17546,3178
10475,838000000,838080000,23593,4101
10476,838080000,838160000,18904,3663
10477,838160000,838240000,15984,3207
10478,838240000,838320000,18033,3400
10479,838320000,838400000,23631,4102
10480,838400000,838480000,18590,3638
10481,838480000,838560000,15602,3108
10482,838560000,838640000,19143,3532
10483,838640000,838720000,23485,4195
10484,838720000,838800000,17526,3613
10485,838800000,838880000,13468,2694
10486,838880000,838960000,20251,3864
10487,838960000,839040000,23723,4220
10488,839040000,839120000,17524,3600
10489,839120000,839200000,13020,2483
10490,839200000,839280000,22071,4070
10491,839280000,839360000,24907,4370
10492,839360000,839440000,16673,3525
10493,839440000,839520000,13205,2413
10494,839520000,839600000,21918,4058
10495,839600000,839680000,23299,4278
10496,839680000,839760000,16282,3405
10497,839760000,839840000,14124,2604
10498,839840000,839920000,23012,4089
10499,839920000,840000000,20879,3934
10500,840000000,840080000,16877,3517
10501,840080000,840160000,15016,2829
10502,840160000,840240000,22614,4093
10503,840240000,840320000,20079,3661
10504,840320000,840400000,16594,3438
10505,840400000,840480000,17828,3178
10506,840480000,840560000,22583,4108
10507,840560000,840640000,18585,3662
10508,840640000,840720000,16371,3207
10509,840720000,840800000,19086,3400
10510,840800000,840880000,23385,4099
10511,840880000,840960000,18261,3639
10512,840960000,841040000,15819,3108
10513,841040000,841120000,19023,3532
10514,841120000,841200000,23742,4194
10515,841200000,841280000,17245,3618
10516,841280000,841360000,13793,2694
10517,841360000,841440000,19986,3863
10518,841440000,841520000,22767,4232
10519,841520000,841600000,16957,3603
10520,841600000,841680000,12772,2483
10521,841680000,841760000,20988,4071
10522,841760000,841840000,23419,4370
10523,841840000,841920000,16078,3524
10524,841920000,842000000,12060,2413
10525,842000000,842080000,20614,4061
10526,842080000,842160000,22689,4283
10527,842160000,842240000,15391,3405
10528,842240000,842320000,13171,2604
10529,842320000,842400000,21696,4094
10530,842400000,842480000,20778,3933
10531,842480000,842560000,16016,3517
10532,842560000,842640000,13698,2829
10533,842640000,842720000,21527,4084
10534,842720000,842800000,19370,3672
10535,842800000,842880000,15708,3438
10536,842880000,842960000,16306,3178
10537,842960000,843040000,21921,4101
10538,843040000,843120000,18767,3663
10539,843120000,843200000,15264,3207
10540,843200000,843280000,17319,3400
10541,843280000,843360000,22746,4102
10542,843360000,843440000,17575,3638
10543,843440000,843520000,15018,3108
10544,843520000,843600000,17841,3532
10545,843600000,843680000,21473,4195
10546,843680000,843760000,16740,3613
10547,843760000,843840000,13133,2694
10548,843840000,843920000,19457,3864
10549,843920000,844000000,23161,4220
10550,844000000,844080000,16904,3600
10551,844080000,844160000,12972,2483
10552,844160000,844240000,21578,4070
10553,844240000,844320000,24514,4370
10554,844320000,844400000,16433,3525
10555,844400000,844480000,12653,2413
10556,844480000,844560000,21161,4058
10557,844560000,844640000,23407,4278
10558,844640000,844720000,15664,3405
10559,844720000,844800000,13148,2604
10560,844800000,844880000,21932,4095
10561,844880000,844960000,20790,3940
10562,844960000,845040000,16145,3517
10563,845040000,845120000,14542,2829
10564,845120000,845200000,22219,4087
10565,845200000,845280000,19853,3661
10566,845280000,845360000,16084,3438
10567,845360000,845440000,16646,3178
10568,845440000,845520000,22761,4096
10569,845520000,845600000,18658,3656
10570,845600000,845680000,15840,3207
10571,845680000,845760000,17807,3400
10572,845760000,845840000,23275,4099
10573,845840000,845920000,18020,3633
10574,845920000,846000000,15306,3108
10575,846000000,846080000,18502,3532
10576,846080000,846160000,22958,4194
10577,846160000,846240000,16952,3618
10578,846240000,846320000,13268,2694
10579,846320000,846400000,19461,3863
10580,846400000,846480000,22985,4232
10581,846480000,846560000,16660,3603
10582,846560000,846640000,13141,2483
10583,846640000,846720000,21646,4071
10584,846720000,846800000,24408,4370
10585,846800000,846880000,16296,3524
10586,846880000,846960000,12894,2413
10587,846960000,847040000,21846,4061
10588,847040000,847120000,23997,4283
10589,847120000,847200000,15934,3405
10590,847200000,847280000,13810,2604
10591,847280000,847360000,22800,4094
10592,847360000,847440000,21719,3933
10593,847440000,847520000,16493,3517
10594,847520000,847600000,14656,2829
10595,847600000,847680000,21803,4096
10596,847680000,847760000,19453,3678
10597,847760000,847840000,16279,3438
10598,847840000,847920000,17119,3178
10599,847920000,848000000,22724,4107
10600,848000000,848080000,18693,3663
10601,848080000,848160000,15939,3207
10602,848160000,848240000,17783,3400
10603,848240000,848320000,23542,4102
10604,848320000,848400000,18629,3638
10605,848400000,848480000,15482,3108
10606,848480000,848560000,18728,3532
10607,848560000,848640000,22730,4207
10608,848640000,848720000,17161,3613
10609,848720000,848800000,13766,2694
10610,848800000,848880000,20279,3864
10611,848880000,848960000,23354,4220
10612,848960000,849040000,17231,3600
10613,849040000,849120000,13232,2483
10614,849120000,849200000,21541,4070
10615,849200000,849280000,24173,4370
10616,849280000,849360000,16481,3525
10617,849360000,849440000,12904,2413
10618,849440000,849520000,21913,4058
10619,849520000,849600000,23836,4278
10620,849600000,849680000,15996,3405
10621,849680000,849760000,13952,2604
10622,849760000,849840000,22554,4089
10623,849840000,849920000,20789,3934
10624,849920000,850000000,16803,3517
10625,850000000,850080000,14962,2829
10626,850080000,850160000,22180,4087
10627,850160000,850240000,19501,3667
10628,850240000,850320000,16412,3438
10629,850320000,850400000,17087,3178
10630,850400000,850480000,23179,4096
10631,850480000,850560000,18039,3656
10632,850560000,850640000,15678,3207
10633,850640000,850720000,17729,3400
10634,850720000,850800000,22258,4099
10635,850800000,850880000,17247,3633
10636,850880000,850960000,15339,3108
10637,850960000,851040000,18640,3532
10638,851040000,851120000,22917,4208
10639,851120000,851200000,16980,3618
10640,851200000,851280000,13700,2694
10641,851280000,851360000,20482,3867
10642,851360000,851440000,23203,4236
10643,851440000,851520000,17282,3603
10644,851520000,851600000,13285,2483
10645,851600000,851680000,22312,4081
10646,851680000,851760000,23739,4370
10647,851760000,851840000,16437,3524
10648,851840000,851920000,12827,2413
10649,851920000,852000000,21856,4071
10650,852000000,852080000,23694,4283
10651,852080000,852160000,15790,3405
10652,852160000,852240000,13891,2604
10653,852240000,852320000,23064,4104
10654,852320000,852400000,20970,3933
10655,852400000,852480000,16455,3517
10656,852480000,852560000,14304,2829
10657,852560000,852640000,21701,4087
10658,852640000,852720000,19813,3675
10659,852720000,852800000,16122,3438
10660,852800000,852880000,17037,3178
10661,852880000,852960000,23025,4101
10662,852960000,853040000,18622,3663
10663,853040000,853120000,15478,3207
10664,853120000,853200000,17476,3400
10665,853200000,853280000,23139,4102
10666,853280000,853360000,17864,3638
10667,853360000,853440000,15131,3108
10668,853440000,853520000,18298,3532
10669,853520000,853600000,22288,4195
10670,853600000,853680000,16896,3613
10671,853680000,853760000,13564,2694
10672,853760000,853840000,20363,3864
10673,853840000,853920000,23660,4223
10674,853920000,854000000,17368,3603
10675,854000000,854080000,13139,2483
10676,854080000,854160000,22305,4070
10677,854160000,854240000,24450,4370
10678,854240000,854320000,16747,3525
10679,854320000,854400000,13206,2413
10680,854400000,854480000,22107,4058
10681,854480000,854560000,23810,4278
10682,854560000,854640000,16049,3405
10683,854640000,854720000,13985,2604
10684,854720000,854800000,22778,4089
10685,854800000,854880000,20793,3940
10686,854880000,854960000,16458,3517
10687,854960000,855040000,14603,2829
10688,855040000,855120000,21646,4093
10689,855120000,855200000,19160,3661
10690,855200000,855280000,16306,3438
10691,855280000,855360000,16632,3178
10692,855360000,855440000,23836,4096
10693,855440000,855520000,18863,3656
10694,855520000,855600000,16074,3207
10695,855600000,855680000,18110,3400
10696,855680000,855760000,22607,4108
10697,855760000,855840000,17846,3636
10698,855840000,855920000,15452,3107
10699,855920000,856000000,18771,3532
10700,856000000,856080000,23320,4194
10701,856080000,856160000,17043,3618
10702,856160000,856240000,13222,2694
10703,856240000,856320000,19659,3863
10704,856320000,856400000,22872,4234
10705,856400000,856480000,16793,3603
10706,856480000,856560000,12811,2483
10707,856560000,856640000,21558,4074
10708,856640000,856720000,24217,4373
10709,856720000,856800000,16554,3524
10710,856800000,856880000,12687,2413
10711,856880000,856960000,21850,4067
10712,856960000,857040000,23866,4283
10713,857040000,857120000,16285,3405
10714,857120000,857200000,13652,2604
10715,857200000,857280000,22650,4094
10716,857280000,857360000,21850,3933
10717,857360000,857440000,16600,3517
10718,857440000,857520000,14329,2829
10719,857520000,857600000,21946,4090
10720,857600000,857680000,19907,3672
10721,857680000,857760000,16261,3438
10722,857760000,857840000,16697,3178
10723,857840000,857920000,22606,4101
10724,857920000,858000000,18429,3663
10725,858000000,858080000,15889,3211
10726,858080000,858160000,17559,3400
10727,858160000,858240000,23837,4102
10728,858240000,858320000,18285,3638
10729,858320000,858400000,15620,3122
10730,858400000,858480000,18541,3540
10731,858480000,858560000,22833,4195
10732,858560000,858640000,17265,3613
10733,858640000,858720000,13656,2708
10734,858720000,858800000,20141,3874
10735,858800000,858880000,23251,4220
10736,858880000,858960000,17286,3600
10737,858960000,859040000,13338,2499
10738,859040000,859120000,22135,4080
10739,859120000,859200000,24513,4376
10740,859200000,859280000,16836,3529
10741,859280000,859360000,12792,2423
10742,859360000,859440000,21897,4068
10743,859440000,859520000,23918,4278
10744,859520000,859600000,16205,3415
10745,859600000,859680000,13606,2608
10746,859680000,859760000,22699,4107
10747,859760000,859840000,21067,3934
10748,859840000,859920000,16443,3527
10749,859920000,860000000,13365,2829
10750,860000000,860080000,21374,4097
10751,860080000,860160000,20176,3661
10752,860160000,860240000,15777,3438
10753,860240000,860320000,16230,3178
10754,860320000,860400000,23380,4096
10755,860400000,860480000,18597,3656
10756,860480000,860560000,15537,3207
10757,860560000,860640000,17441,3400
10758,860640000,860720000,22210,4099
10759,860720000,860800000,17995,3633
10760,860800000,860880000,15305,3108
10761,860880000,860960000,18678,3532
10762,860960000,861040000,22915,4194
10763,861040000,861120000,17350,3618
10764,861120000,861200000,13591,2694
10765,861200000,861280000,20237,3863
10766,861280000,861360000,23138,4226
10767,861360000,861440000,17421,3603
10768,861440000,861520000,13356,2483
10769,861520000,861600000,22027,4071
10770,861600000,861680000,24179,4370
10771,861680000,861760000,16764,3524
10772,861760000,861840000,12830,2413
10773,861840000,861920000,21708,4061
10774,861920000,862000000,23675,4283
10775,862000000,862080000,16173,3405
10776,862080000,862160000,13420,2604
10777,862160000,862240000,21976,4094
10778,862240000,862320000,20751,3933
10779,862320000,862400000,16846,3517
10780,862400000,862480000,14357,2829
10781,862480000,862560000,21903,4084
10782,862560000,862640000,19958,3672
10783,862640000,862720000,16246,3438
10784,862720000,862800000,16329,3178
10785,862800000,862880000,22895,4107
10786,862880000,862960000,18377,3669
10787,862960000,863040000,15629,3207
10788,863040000,863120000,17622,3400
10789,863120000,863200000,23043,4102
10790,863200000,863280000,17611,3644
10791,863280000,863360000,15459,3108
10792,863360000,863440000,18607,3532
10793,863440000,863520000,22342,4201
10794,863520000,863600000,16786,3613
10795,863600000,863680000,13652,2694
10796,863680000,863760000,19732,3864
10797,863760000,863840000,23179,4226
10798,863840000,863920000,17122,3600
10799,863920000,864000000,12978,2483
10800,864000000,864080000,21736,4070
10801,864080000,864160000,24084,4370
10802,864160000,864240000,16661,3525
10803,864240000,864320000,12593,2413
10804,864320000,864400000,21420,4064
10805,864400000,864480000,23554,4278
10806,864480000,864560000,15944,3405
10807,864560000,864640000,12955,2604
10808,864640000,864720000,22147,4089
10809,864720000,864800000,20840,3934
10810,864800000,864880000,16276,3517
10811,864880000,864960000,14017,2829
10812,864960000,865040000,22071,4087
10813,865040000,865120000,20110,3661
10814,865120000,865200000,16230,3438
10815,865200000,865280000,16455,3178
10816,865280000,865360000,23424,4102
10817,865360000,865440000,18881,3656
10818,865440000,865520000,15662,3207
10819,865520000,865600000,17127,3400
10820,865600000,865680000,23414,4099
10821,865680000,865760000,17938,3633
10822,865760000,865840000,15205,3108
10823,865840000,865920000,18434,3532
10824,865920000,866000000,22997,4194
10825,866000000,866080000,17007,3618
10826,866080000,866160000,13461,2694
10827,866160000,866240000,19959,3863
10828,866240000,866320000,23147,4232
10829,866320000,866400000,16925,3603
10830,866400000,866480000,13231,2483
10831,866480000,866560000,21790,4071
10832,866560000,866640000,23314,4376
10833,866640000,866720000,16793,3524
10834,866720000,866800000,12810,2413
10835,866800000,866880000,21716,4061
10836,866880000,866960000,23942,4283
10837,866960000,867040000,16248,3405
10838,867040000,867120000,13806,2604
10839,867120000,867200000,21849,4094
10840,867200000,867280000,20525,3933
10841,867280000,867360000,16850,3517
10842,867360000,867440000,14531,2829
10843,867440000,867520000,22039,4084
10844,867520000,867600000,20069,3672
10845,867600000,867680000,16659,3438
10846,867680000,867760000,17249,3178
10847,867760000,867840000,22658,4101
10848,867840000,867920000,18434,3663
10849,867920000,868000000,16422,3207
10850,868000000,868080000,18559,3400
10851,868080000,868160000,24066,4102
10852,868160000,868240000,18456,3638
10853,868240000,868320000,15204,3108
10854,868320000,868400000,17766,3532
10855,868400000,868480000,22727,4195
10856,868480000,868560000,17064,3613
10857,868560000,868640000,12985,2694
10858,868640000,868720000,19876,3864
10859,868720000,868800000,23470,4220
10860,868800000,868880000,17010,3600
10861,868880000,868960000,12689,2483
10862,868960000,869040000,21446,4070
10863,869040000,869120000,24486,4370
10864,869120000,869200000,16471,3525
10865,869200000,869280000,12230,2413
10866,869280000,869360000,22013,4058
10867,869360000,869440000,24077,4278
10868,869440000,869520000,15579,3405
10869,869520000,869600000,13123,2604
10870,869600000,869680000,22084,4089
10871,869680000,869760000,21211,3946
10872,869760000,869840000,16195,3517
10873,869840000,869920000,14184,2829
10874,869920000,870000000,22502,4096
10875,870000000,870080000,20137,3670
10876,870080000,870160000,16133,3438
10877,870160000,870240000,16797,3178
10878,870240000,870320000,22587,4096
10879,870320000,870400000,18414,3656
10880,870400000,870480000,15573,3207
10881,870480000,870560000,17690,3400
10882,870560000,870640000,23193,4099
10883,870640000,870720000,17979,3633
10884,870720000,870800000,15112,3108
10885,870800000,870880000,18963,3532
10886,870880000,870960000,23080,4208
10887,870960000,871040000,17392,3624
10888,871040000,871120000,13135,2694
10889,871120000,871200000,19838,3863
10890,871200000,871280000,23462,4226
10891,871280000,871360000,17010,3603
10892,871360000,871440000,12936,2483
10893,871440000,871520000,21739,4071
10894,871520000,871600000,24232,4370
10895,871600000,871680000,16549,3524
10896,871680000,871760000,12527,2413
10897,871760000,871840000,21645,4061
10898,871840000,871920000,23314,4283
10899,871920000,872000000,15957,3405
10900,872000000,872080000,13582,2604
10901,872080000,872160000,22711,4100
10902,872160000,872240000,20640,3933
10903,872240000,872320000,16497,3517
10904,872320000,872400000,14198,2829
10905,872400000,872480000,21575,4084
10906,872480000,872560000,19676,3680
10907,872560000,872640000,16296,3438
10908,872640000,872720000,17348,3178
10909,872720000,872800000,23102,4107
10910,872800000,872880000,18362,3663
10911,872880000,872960000,15741,3207
10912,872960000,873040000,17648,3400
10913,873040000,873120000,23717,4108
10914,873120000,873200000,17677,3638
10915,873200000,873280000,15014,3108
10916,873280000,873360000,18677,3532
10917,873360000,873440000,22705,4201
10918,873440000,873520000,17224,3619
10919,873520000,873600000,13442,2694
10920,873600000,873680000,20465,3864
10921,873680000,873760000,22648,4226
10922,873760000,873840000,17003,3606
10923,873840000,873920000,12751,2483
10924,873920000,874000000,21323,4070
10925,874000000,874080000,24334,4370
10926,874080000,874160000,16435,3525
10927,874160000,874240000,12688,2413
10928,874240000,874320000,21584,4058
10929,874320000,874400000,23063,4278
10930,874400000,874480000,15859,3405
10931,874480000,874560000,13364,2604
10932,874560000,874640000,22696,4089
10933,874640000,874720000,21216,3946
10934,874720000,874800000,16490,3517
10935,874800000,874880000,14367,2829
10936,874880000,874960000,21941,4087
10937,874960000,875040000,19453,3661
10938,875040000,875120000,16214,3438
10939,875120000,875200000,16349,3178
10940,875200000,875280000,22567,4096
10941,875280000,875360000,18825,3656
10942,875360000,875440000,15739,3207
10943,875440000,875520000,17921,3400
10944,875520000,875600000,23349,4099
10945,875600000,875680000,18118,3633
10946,875680000,875760000,15316,3108
10947,875760000,875840000,18773,3532
10948,875840000,875920000,22929,4194
10949,875920000,876000000,17271,3624
10950,876000000,876080000,13427,2694
10951,876080000,876160000,20355,3863
10952,876160000,876240000,22440,4226
10953,876240000,876320000,16810,3603
10954,876320000,876400000,13027,2483
10955,876400000,876480000,21636,4071
10956,876480000,876560000,22977,4370
10957,876560000,876640000,16657,3524
10958,876640000,876720000,12857,2413
10959,876720000,876800000,22061,4061
10960,876800000,876880000,23974,4283
10961,876880000,876960000,16364,3405
10962,876960000,877040000,13958,2604
10963,877040000,877120000,22576,4094
10964,877120000,877200000,20890,3939
10965,877200000,877280000,16636,3517
10966,877280000,877360000,14608,2829
10967,877360000,877440000,21752,4093
10968,877440000,877520000,19738,3675
10969,877520000,877600000,16368,3438
10970,877600000,877680000,17339,3178
10971,877680000,877760000,22494,4101
10972,877760000,877840000,18632,3663
10973,877840000,877920000,15911,3207
10974,877920000,878000000,18062,3400
10975,878000000,878080000,23378,4111
10976,878080000,878160000,18715,3641
10977,878160000,878240000,15515,3108
10978,878240000,878320000,19196,3532
10979,878320000,878400000,23261,4195
10980,878400000,878480000,17305,3613
10981,878480000,878560000,12888,2694
10982,878560000,878640000,19263,3864
10983,878640000,878720000,23654,4220
10984,878720000,878800000,16798,3600
10985,878800000,878880000,12570,2483
10986,878880000,878960000,20961,4070
10987,878960000,879040000,23239,4370
10988,879040000,879120000,16462,3525
10989,879120000,879200000,12368,2413
10990,879200000,879280000,21758,4058
10991,879280000,879360000,24135,4290
10992,879360000,879440000,15693,3405
10993,879440000,879520000,13163,2604
10994,879520000,879600000,22413,4089
10995,879600000,879680000,20808,3934
10996,879680000,879760000,16130,3517
10997,879760000,879840000,13862,2829
10998,879840000,879920000,22156,4087
10999,879920000,880000000,19588,3661
11000,880000000,880080000,15937,3438
11001,880080000,880160000,16742,3178
11002,880160000,880240000,22694,4102
11003,880240000,880320000,18140,3656
11004,880320000,880400000,15862,3207
11005,880400000,880480000,17946,3400
11006,880480000,880560000,22649,4099
11007,880560000,880640000,18331,3633
11008,880640000,880720000,15396,3108
11009,880720000,880800000,18840,3532
11010,880800000,880880000,23376,4194
11011,880880000,880960000,17207,3618
11012,880960000,881040000,13595,2694
11013,881040000,881120000,20409,3863
11014,881120000,881200000,22263,4226
11015,881200000,881280000,17217,3603
11016,881280000,881360000,13217,2483
11017,881360000,881440000,22020,4071
11018,881440000,881520000,23424,4370
11019,881520000,881600000,16788,3524
11020,881600000,881680000,12710,2413
11021,881680000,881760000,22232,4061
11022,881760000,881840000,23949,4283
11023,881840000,881920000,16095,3405
11024,881920000,882000000,13599,2604
11025,882000000,882080000,22876,4094
11026,882080000,882160000,20576,3933
11027,882160000,882240000,16512,3517
11028,882240000,882320000,14159,2829
11029,882320000,882400000,21779,4084
11030,882400000,882480000,19790,3686
11031,882480000,882560000,16235,3438
11032,882560000,882640000,16934,3178
11033,882640000,882720000,23061,4101
11034,882720000,882800000,18750,3669
11035,882800000,882880000,15831,3207
11036,882880000,882960000,17838,3400
11037,882960000,883040000,23358,4102
11038,883040000,883120000,18058,3638
11039,883120000,883200000,15353,3108
11040,883200000,883280000,18814,3532
11041,883280000,883360000,22298,4201
11042,883360000,883440000,16996,3619
11043,883440000,883520000,13602,2694
11044,883520000,883600000,20570,3864
11045,883600000,883680000,23549,4220
11046,883680000,883760000,17226,3600
11047,883760000,883840000,13466,2483
11048,883840000,883920000,22435,4070
11049,883920000,884000000,24506,4376
11050,884000000,884080000,16987,3525
11051,884080000,884160000,12806,2413
11052,884160000,884240000,22118,4058
11053,884240000,884320000,23914,4278
11054,884320000,884400000,16262,3405
11055,884400000,884480000,13560,2604
11056,884480000,884560000,22671,4089
11057,884560000,884640000,20652,3934
11058,884640000,884720000,16508,3517
11059,884720000,884800000,14522,2829
11060,884800000,884880000,22297,4087
11061,884880000,884960000,19223,3661
11062,884960000,885040000,16323,3438
11063,885040000,885120000,16772,3178
11064,885120000,885200000,22262,4108
11065,885200000,885280000,18464,3662
11066,885280000,885360000,16034,3207
11067,885360000,885440000,18137,3400
11068,885440000,885520000,23697,4099
11069,885520000,885600000,18242,3633
11070,885600000,885680000,15548,3108
11071,885680000,885760000,18974,3532
11072,885760000,885840000,23450,4194
11073,885840000,885920000,16980,3618
11074,885920000,886000000,13570,2694
11075,886000000,886080000,19836,3863
11076,886080000,886160000,22616,4232
11077,886160000,886240000,16843,3603
11078,886240000,886320000,12569,2483
11079,886320000,886400000,21386,4071
11080,886400000,886480000,23725,4370
11081,886480000,886560000,16121,3524
11082,886560000,886640000,12392,2413
11083,886640000,886720000,21401,4061
11084,886720000,886800000,23610,4289
11085,886800000,886880000,15812,3405
11086,886880000,886960000,13432,2604
11087,886960000,887040000,21971,4094
11088,887040000,887120000,20813,3933
11089,887120000,887200000,16134,3517
11090,887200000,887280000,14112,2829
11091,887280000,887360000,21772,4090
11092,887360000,887440000,20000,3672
11093,887440000,887520000,15817,3438
11094,887520000,887600000,16635,3178
11095,887600000,887680000,22639,4101
11096,887680000,887760000,18337,3663
11097,887760000,887840000,15517,3207
11098,887840000,887920000,17434,3400
11099,887920000,888000000,22849,4108
11100,888000000,888080000,18068,3644
11101,888080000,888160000,14890,3108
11102,888160000,888240000,17952,3532
11103,888240000,888320000,22358,4195
11104,888320000,888400000,16946,3613
11105,888400000,888480000,13059,2694
11106,888480000,888560000,19598,3864
11107,888560000,888640000,22574,4220
11108,888640000,888720000,16685,3600
11109,888720000,888800000,12719,2483
11110,888800000,888880000,21315,4076
11111,888880000,888960000,23872,4370
11112,888960000,889040000,16117,3525
11113,889040000,889120000,12467,2413
11114,889120000,889200000,21107,4058
11115,889200000,889280000,23137,4278
11116,889280000,889360000,15657,3405
11117,889360000,889440000,13334,2604
11118,889440000,889520000,22089,4089
11119,889520000,889600000,20501,3934
11120,889600000,889680000,16244,3517
11121,889680000,889760000,14069,2829
11122,889760000,889840000,21356,4087
11123,889840000,889920000,20065,3661
11124,889920000,890000000,16015,3438
11125,890000000,890080000,16712,3178
11126,890080000,890160000,22759,4096
11127,890160000,890240000,18481,3656
11128,890240000,890320000,15494,3207
11129,890320000,890400000,17537,3400
11130,890400000,890480000,23042,4099
11131,890480000,890560000,17709,3633
11132,890560000,890640000,14900,3108
11133,890640000,890720000,18123,3532
11134,890720000,890800000,21484,4194
11135,890800000,890880000,16721,3624
11136,890880000,890960000,13050,2694
11137,890960000,891040000,19805,3863
11138,891040000,891120000,22440,4234
11139,891120000,891200000,16604,3603
11140,891200000,891280000,12954,2483
11141,891280000,891360000,21594,4071
11142,891360000,891440000,23124,4370
11143,891440000,891520000,16434,3524
11144,891520000,891600000,12814,2413
11145,891600000,891680000,21525,4067
11146,891680000,891760000,23684,4283
11147,891760000,891840000,15907,3405
11148,891840000,891920000,13858,2604
11149,891920000,892000000,22847,4094
11150,892000000,892080000,20613,3933
11151,892080000,892160000,16482,3517
11152,892160000,892240000,14393,2829
11153,892240000,892320000,21738,4090
11154,892320000,892400000,19793,3678
11155,892400000,892480000,16315,3438
11156,892480000,892560000,17368,3178
11157,892560000,892640000,23284,4101
11158,892640000,892720000,18055,3663
11159,892720000,892800000,15501,3207
11160,892800000,892880000,17256,3400
11161,892880000,892960000,22595,4108
11162,892960000,893040000,17972,3638
11163,893040000,893120000,14835,3108
11164,893120000,893200000,18136,3532
11165,893200000,893280000,23043,4207
11166,893280000,893360000,16953,3619
11167,893360000,893440000,13231,2694
11168,893440000,893520000,20209,3864
11169,893520000,893600000,23700,4220
11170,893600000,893680000,17019,3600
11171,893680000,893760000,12939,2483
11172,893760000,893840000,21570,4070
11173,893840000,893920000,24704,4370
11174,893920000,894000000,16685,3525
11175,894000000,894080000,12946,2413
11176,894080000,894160000,21582,4058
11177,894160000,894240000,23942,4278
11178,894240000,894320000,16105,3405
11179,894320000,894400000,13723,2604
11180,894400000,894480000,22536,4089
11181,894480000,894560000,20820,3934
11182,894560000,894640000,16652,3517
11183,894640000,894720000,14886,2829
11184,894720000,894800000,21953,4087
11185,894800000,894880000,19806,3675
11186,894880000,894960000,16634,3438
11187,894960000,895040000,17083,3178
11188,895040000,895120000,23472,4096
11189,895120000,895200000,18497,3656
11190,895200000,895280000,15947,3207
11191,895280000,895360000,18145,3400
11192,895360000,895440000,23276,4105
11193,895440000,895520000,18155,3633
11194,895520000,895600000,15169,3108
11195,895600000,895680000,18384,3532
11196,895680000,895760000,22636,4194
11197,895760000,895840000,16940,3618
11198,895840000,895920000,13303,2694
11199,895920000,896000000,20062,3863
11200,896000000,896080000,23966,4232
11201,896080000,896160000,16803,3609
11202,896160000,896240000,12937,2483
11203,896240000,896320000,21616,4071
11204,896320000,896400000,24297,4370
11205,896400000,896480000,16546,3524
11206,896480000,896560000,12847,2413
11207,896560000,896640000,22009,4061
11208,896640000,896720000,24409,4283
11209,896720000,896800000,16261,3405
11210,896800000,896880000,14067,2604
11211,896880000,896960000,22894,4094
11212,896960000,897040000,21280,3933
11213,897040000,897120000,16706,3517
11214,897120000,897200000,14839,2829
11215,897200000,897280000,22375,4084
11216,897280000,897360000,19442,3672
11217,897360000,897440000,16249,3438
11218,897440000,897520000,16844,3178
11219,897520000,897600000,23358,4101
11220,897600000,897680000,18644,3663
11221,897680000,897760000,15740,3207
11222,897760000,897840000,17640,3400
11223,897840000,897920000,23231,4102
11224,897920000,898000000,18333,3638
11225,898000000,898080000,15406,3108
11226,898080000,898160000,18921,3532
11227,898160000,898240000,23537,4201
11228,898240000,898320000,17026,3613
11229,898320000,898400000,13221,2694
11230,898400000,898480000,19846,3864
11231,898480000,898560000,22912,4226
11232,898560000,898640000,17098,3600
11233,898640000,898720000,12916,2483
11234,898720000,898800000,21793,4070
11235,898800000,898880000,24228,4376
11236,898880000,898960000,16394,3525
11237,898960000,899040000,12887,2413
11238,899040000,899120000,21847,4058
11239,899120000,899200000,23086,4278
11240,899200000,899280000,16089,3405
11241,899280000,899360000,13891,2604
11242,899360000,899440000,22226,4089
11243,899440000,899520000,20979,3940
11244,899520000,899600000,16512,3517
11245,899600000,899680000,14093,2829
11246,899680000,899760000,22130,4087
11247,899760000,899840000,19862,3661
11248,899840000,899920000,15965,3438
11249,899920000,900000000,17012,3178
11250,900000000,900080000,23014,4096
11251,900080000,900160000,18012,3662
11252,900160000,900240000,15974,3207
11253,900240000,900320000,18308,3400
11254,900320000,900400000,22251,4108
11255,900400000,900480000,17972,3636
11256,900480000,900560000,15558,3108
11257,900560000,900640000,18842,3532
11258,900640000,900720000,23055,4194
11259,900720000,900800000,17227,3618
11260,900800000,900880000,13593,2694
11261,900880000,900960000,20344,3863
11262,900960000,901040000,23318,4232
11263,901040000,901120000,17179,3603
11264,901120000,901200000,13272,2483
11265,901200000,901280000,21712,4071
11266,901280000,901360000,24062,4370
11267,901360000,901440000,16585,3524
11268,901440000,901520000,12893,2413
11269,901520000,901600000,21583,4061
11270,901600000,901680000,23112,4283
11271,901680000,901760000,16103,3405
11272,901760000,901840000,13683,2604
11273,901840000,901920000,22659,4094
11274,901920000,902000000,20381,3933
11275,902000000,902080000,16651,3517
11276,902080000,902160000,14373,2829
11277,902160000,902240000,21967,4084
11278,902240000,902320000,19834,3672
11279,902320000,902400000,16386,3438
11280,902400000,902480000,16888,3178
11281,902480000,902560000,22869,4101
11282,902560000,902640000,18858,3663
11283,902640000,902720000,15985,3207
11284,902720000,902800000,18100,3400
11285,902800000,902880000,23103,4102
11286,902880000,902960000,18026,3644
11287,902960000,903040000,15660,3108
11288,903040000,903120000,18877,3532
11289,903120000,903200000,22060,4195
11290,903200000,903280000,16902,3613
11291,903280000,903360000,13896,2694
11292,903360000,903440000,20494,3864
11293,903440000,903520000,22540,4226
11294,903520000,903600000,17529,3606
11295,903600000,903680000,13418,2483
11296,903680000,903760000,22424,4070
11297,903760000,903840000,24156,4370
11298,903840000,903920000,17044,3525
11299,903920000,904000000,13216,2413
11300,904000000,904080000,22204,4064
11301,904080000,904160000,23462,4278
11302,904160000,904240000,16295,3405
11303,904240000,904320000,13294,2604
11304,904320000,904400000,22350,4089
11305,904400000,904480000,21287,3934
11306,904480000,904560000,16361,3517
11307,904560000,904640000,14513,2829
11308,904640000,904720000,22395,4087
11309,904720000,904800000,19754,3673
11310,904800000,904880000,16386,3438
11311,904880000,904960000,17075,3178
11312,904960000,905040000,22847,4096
11313,905040000,905120000,18167,3656
11314,905120000,905200000,15946,3207
11315,905200000,905280000,17832,3400
11316,905280000,905360000,23588,4105
11317,905360000,905440000,18007,3633
11318,905440000,905520000,15429,3108
11319,905520000,905600000,19191,3532
11320,905600000,905680000,23274,4194
11321,905680000,905760000,17376,3618
11322,905760000,905840000,13687,2694
11323,905840000,905920000,20866,3863
11324,905920000,906000000,24016,4226
11325,906000000,906080000,17157,3603
11326,906080000,906160000,13334,2483
11327,906160000,906240000,21973,4071
11328,906240000,906320000,23998,4370
11329,906320000,906400000,16499,3524
11330,906400000,906480000,12765,2413
11331,906480000,906560000,21164,4061
11332,906560000,906640000,23334,4283
11333,906640000,906720000,15876,3405
11334,906720000,906800000,13604,2604
11335,906800000,906880000,22525,4094
11336,906880000,906960000,21373,3933
11337,906960000,907040000,16405,3517
11338,907040000,907120000,14467,2829
11339,907120000,907200000,22030,4087
11340,907200000,907280000,19963,3675
11341,907280000,907360000,16208,3438
11342,907360000,907440000,17055,3178
11343,907440000,907520000,22239,4107
11344,907520000,907600000,17697,3669
11345,907600000,907680000,15938,3207
11346,907680000,907760000,18192,3400
11347,907760000,907840000,23122,4102
11348,907840000,907920000,18247,3638
11349,907920000,908000000,15380,3108
11350,908000000,908080000,18265,3532
11351,908080000,908160000,22669,4195
11352,908160000,908240000,16715,3613
11353,908240000,908320000,13576,2694
11354,908320000,908400000,20181,3864
11355,908400000,908480000,23040,4226
11356,908480000,908560000,16940,3600
11357,908560000,908640000,13044,2483
11358,908640000,908720000,21519,4070
11359,908720000,908800000,24253,4370
11360,908800000,908880000,16499,3525
11361,908880000,908960000,12833,2413
11362,908960000,909040000,21737,4064
11363,909040000,909120000,23884,4278
11364,909120000,909200000,15873,3405
11365,909200000,909280000,13573,2604
11366,909280000,909360000,22508,4089
11367,909360000,909440000,21124,3934
11368,909440000,909520000,16528,3517
11369,909520000,909600000,14528,2829
11370,909600000,909680000,21737,4087
11371,909680000,909760000,19269,3661
11372,909760000,909840000,16387,3438
11373,909840000,909920000,17092,3178
11374,909920000,910000000,23281,4096
11375,910000000,910080000,18374,3656
11376,910080000,910160000,15968,3207
11377,910160000,910240000,18277,3400
11378,910240000,910320000,22711,4099
11379,910320000,910400000,17740,3633
11380,910400000,910480000,15756,3108
11381,910480000,910560000,19496,3532
11382,910560000,910640000,23586,4194
11383,910640000,910720000,17142,3618
11384,910720000,910800000,13850,2694
11385,910800000,910880000,20694,3866
11386,910880000,910960000,23374,4229
11387,910960000,911040000,17192,3603
11388,911040000,911120000,13477,2483
11389,911120000,911200000,22288,4071
11390,911200000,911280000,24235,4376
11391,911280000,911360000,16773,3524
11392,911360000,911440000,13049,2413
11393,911440000,911520000,21873,4061
11394,911520000,911600000,23051,4289
11395,911600000,911680000,16335,3405
11396,911680000,911760000,14119,2604
11397,911760000,911840000,22853,4094
11398,911840000,911920000,21574,3933
11399,911920000,912000000,16803,3517
11400,912000000,912080000,14343,2829
11401,912080000,912160000,22297,4093
11402,912160000,912240000,20038,3675
11403,912240000,912320000,16407,3438
11404,912320000,912400000,17344,3178
11405,912400000,912480000,22945,4101
11406,912480000,912560000,18051,3663
11407,912560000,912640000,16058,3207
11408,912640000,912720000,18012,3400
11409,912720000,912800000,23048,4102
11410,912800000,912880000,17765,3644
11411,912880000,912960000,15359,3108
11412,912960000,913040000,18784,3532
11413,913040000,913120000,22668,4201
11414,913120000,913200000,17130,3613
11415,913200000,913280000,13561,2694
11416,913280000,913360000,20610,3864
11417,913360000,913440000,23021,4220
11418,913440000,913520000,17194,3600
11419,913520000,913600000,13081,2483
11420,913600000,913680000,21841,4070
11421,913680000,913760000,24031,4370
11422,913760000,913840000,16733,3525
11423,913840000,913920000,13201,2413
11424,913920000,914000000,22024,4058
11425,914000000,914080000,23338,4278
11426,914080000,914160000,16231,3405
11427,914160000,914240000,14003,2604
11428,914240000,914320000,22750,4089
11429,914320000,914400000,20555,3934
11430,914400000,914480000,16845,3517
11431,914480000,914560000,15030,2829
11432,914560000,914640000,21863,4093
11433,914640000,914720000,19845,3667
11434,914720000,914800000,16726,3438
11435,914800000,914880000,17198,3178
11436,914880000,914960000,23737,4096
11437,914960000,915040000,18391,3656
11438,915040000,915120000,16314,3207
11439,915120000,915200000,18742,3400
11440,915200000,915280000,22904,4105
11441,915280000,915360000,18048,3633
11442,915360000,915440000,15665,3108
11443,915440000,915520000,18985,3532
11444,915520000,915600000,22800,4200
11445,915600000,915680000,17337,3618
11446,915680000,915760000,13368,2694
11447,915760000,915840000,20467,3863
11448,915840000,915920000,23494,4226
11449,915920000,916000000,17390,3603
11450,916000000,916080000,12725,2483
11451,916080000,916160000,21697,4071
11452,916160000,916240000,23841,4376
11453,916240000,916320000,16667,3524
11454,916320000,916400000,12388,2413
11455,916400000,916480000,21742,4061
11456,916480000,916560000,23834,4283
11457,916560000,916640000,16317,3405
11458,916640000,916720000,13450,2604
11459,916720000,916800000,21888,4100
11460,916800000,916880000,21402,3933
11461,916880000,916960000,16830,3517
11462,916960000,917040000,14406,2829
11463,917040000,917120000,22068,4090
11464,917120000,917200000,20326,3672
11465,917200000,917280000,16615,3438
11466,917280000,917360000,17033,3178
11467,917360000,917440000,23127,4101
11468,917440000,917520000,18862,3663
11469,917520000,917600000,15653,3207
11470,917600000,917680000,17164,3400
11471,917680000,917760000,23463,4108
11472,917760000,917840000,18172,3638
11473,917840000,917920000,15188,3108
11474,917920000,918000000,18371,3532
11475,918000000,918080000,22682,4201
11476,918080000,918160000,17219,3613
11477,918160000,918240000,13095,2694
11478,918240000,918320000,19546,3864
11479,918320000,918400000,22901,4220
11480,918400000,918480000,17295,3600
11481,918480000,918560000,12707,2483
11482,918560000,918640000,21571,4070
11483,918640000,918720000,24327,4370
11484,918720000,918800000,16615,3525
11485,918800000,918880000,12425,2413
11486,918880000,918960000,21262,4058
11487,918960000,919040000,23440,4278
11488,919040000,919120000,16143,3405
11489,919120000,919200000,13281,2604
11490,919200000,919280000,22497,4089
11491,919280000,919360000,20853,3940
11492,919360000,919440000,16679,3517
11493,919440000,919520000,14100,2829
11494,919520000,919600000,21441,4087
11495,919600000,919680000,19646,3661
11496,919680000,919760000,16272,3438
11497,919760000,919840000,16987,3178
11498,919840000,919920000,22851,4096
11499,919920000,920000000,19174,3662
11500,920000000,920080000,16055,3207
11501,920080000,920160000,18238,3400
11502,920160000,920240000,22838,4099
11503,920240000,920320000,17969,3633
11504,920320000,920400000,15673,3108
11505,920400000,920480000,19034,3532
11506,920480000,920560000,23459,4194
11507,920560000,920640000,17406,3618
11508,920640000,920720000,13929,2694
11509,920720000,920800000,20553,3863
11510,920800000,920880000,23197,4238
11511,920880000,920960000,17371,3603
11512,920960000,921040000,13157,2483
11513,921040000,921120000,21538,4071
11514,921120000,921200000,23861,4370
11515,921200000,921280000,17100,3524
11516,921280000,921360000,12684,2413
11517,921360000,921440000,22135,4061
11518,921440000,921520000,24109,4283
11519,921520000,921600000,16541,3405
11520,921600000,921680000,13939,2604
11521,921680000,921760000,23091,4094
11522,921760000,921840000,21209,3939
11523,921840000,921920000,16846,3517
11524,921920000,922000000,14173,2829
11525,922000000,922080000,22186,4084
11526,922080000,922160000,19857,3672
11527,922160000,922240000,16251,3438
11528,922240000,922320000,16860,3178
11529,922320000,922400000,22211,4101
11530,922400000,922480000,18919,3663
11531,922480000,922560000,15814,3207
11532,922560000,922640000,18050,3400
11533,922640000,922720000,23407,4111
11534,922720000,922800000,18244,3641
11535,922800000,922880000,15251,3108
11536,922880000,922960000,18333,3532
11537,922960000,923040000,22383,4195
11538,923040000,923120000,16775,3613
11539,923120000,923200000,13277,2694
11540,923200000,923280000,19983,3864
11541,923280000,923360000,23130,4220
11542,923360000,923440000,17251,3600
11543,923440000,923520000,13059,2483
11544,923520000,923600000,21894,4070
11545,923600000,923680000,23997,4370
11546,923680000,923760000,16948,3525
11547,923760000,923840000,12600,2413
11548,923840000,923920000,21387,4058
11549,923920000,924000000,23082,4278
11550,924000000,924080000,16235,3405
11551,924080000,924160000,13144,2604
11552,924160000,924240000,22547,4089
11553,924240000,924320000,21266,3934
11554,924320000,924400000,16562,3517
11555,924400000,924480000,14428,2829
11556,924480000,924560000,21911,4087
11557,924560000,924640000,20024,3661
11558,924640000,924720000,16403,3438
11559,924720000,924800000,16800,3178
11560,924800000,924880000,22517,4096
11561,924880000,924960000,18925,3656
11562,924960000,925040000,16034,3207
11563,925040000,925120000,18020,3400
11564,925120000,925200000,22627,4099
11565,925200000,925280000,18050,3633
11566,925280000,925360000,15486,3108
11567,925360000,925440000,18858,3532
11568,925440000,925520000,22856,4200
11569,925520000,925600000,17190,3618
11570,925600000,925680000,13481,2694
11571,925680000,925760000,20093,3866
11572,925760000,925840000,22793,4229
11573,925840000,925920000,17291,3603
11574,925920000,926000000,13235,2483
11575,926000000,926080000,22011,4071
11576,926080000,926160000,24014,4370
11577,926160000,926240000,17091,3524
11578,926240000,926320000,13054,2413
11579,926320000,926400000,22079,4061
11580,926400000,926480000,23701,4283
11581,926480000,926560000,16538,3405
11582,926560000,926640000,13682,2604
11583,926640000,926720000,22296,4100
11584,926720000,926800000,20843,3933
11585,926800000,926880000,16774,3517
11586,926880000,926960000,14484,2829
11587,926960000,927040000,21696,4084
11588,927040000,927120000,20121,3672
11589,927120000,927200000,16540,3438
11590,927200000,927280000,17284,3178
11591,927280000,927360000,23628,4101
11592,927360000,927440000,18948,3663
11593,927440000,927520000,16221,3207
11594,927520000,927600000,18140,3400
11595,927600000,927680000,22438,4102
11596,927680000,927760000,18167,3638
11597,927760000,927840000,15685,3108
11598,927840000,927920000,18889,3532
11599,927920000,928000000,23047,4201
11600,928000000,928080000,17365,3613
11601,928080000,928160000,13609,2694
11602,928160000,928240000,20461,3864
11603,928240000,928320000,22869,4220
11604,928320000,928400000,17353,3600
11605,928400000,928480000,13172,2483
11606,928480000,928560000,20953,4070
11607,928560000,928640000,23390,4370
11608,928640000,928720000,15827,3525
11609,928720000,928800000,12412,2413
11610,928800000,928880000,21161,4058
11611,928880000,928960000,23527,4278
11612,928960000,929040000,15300,3405
11613,929040000,929120000,13369,2604
11614,929120000,929200000,21693,4095
11615,929200000,929280000,20466,3934
11616,929280000,929360000,16050,3517
11617,929360000,929440000,14184,2829
11618,929440000,929520000,21940,4087
11619,929520000,929600000,19647,3661
11620,929600000,929680000,15725,3438
11621,929680000,929760000,16531,3178
11622,929760000,929840000,23251,4102
11623,929840000,929920000,18993,3662
11624,929920000,930000000,15331,3207
11625,930000000,930080000,17169,3400
11626,930080000,930160000,22807,4099
11627,930160000,930240000,17583,3633
11628,930240000,930320000,15118,3108
11629,930320000,930400000,17786,3532
11630,930400000,930480000,22455,4194
11631,930480000,930560000,16747,3624
11632,930560000,930640000,13418,2694
11633,930640000,930720000,19597,3863
11634,930720000,930800000,22591,4226
11635,930800000,930880000,16789,3603
11636,930880000,930960000,12839,2483
11637,930960000,931040000,21103,4071
11638,931040000,931120000,23940,4379
11639,931120000,931200000,15905,3527
11640,931200000,931280000,12395,2413
11641,931280000,931360000,20790,4061
11642,931360000,931440000,23103,4283
11643,931440000,931520000,15392,3405
11644,931520000,931600000,13547,2604
11645,931600000,931680000,22271,4102
11646,931680000,931760000,20495,3933
11647,931760000,931840000,16026,3525
11648,931840000,931920000,13798,2829
11649,931920000,932000000,21630,4092
11650,932000000,932080000,19832,3672
11651,932080000,932160000,15820,3446
11652,932160000,932240000,16406,3178
11653,932240000,932320000,22772,4111
11654,932320000,932400000,18583,3663
11655,932400000,932480000,15190,3217
11656,932480000,932560000,16873,3404
11657,932560000,932640000,23423,4106
11658,932640000,932720000,18054,3638
11659,932720000,932800000,14892,3118
11660,932800000,932880000,17934,3540
11661,932880000,932960000,22214,4201
11662,932960000,933040000,16718,3613
11663,933040000,933120000,13392,2702
11664,933120000,933200000,19947,3872
11665,933200000,933280000,23412,4220
11666,933280000,933360000,17107,3604
11667,933360000,933440000,12983,2487
11668,933440000,933520000,21624,4080
11669,933520000,933600000,24455,4370
11670,933600000,933680000,16513,3535
11671,933680000,933760000,12881,2413
11672,933760000,933840000,21141,4066
11673,933840000,933920000,23561,4284
11674,933920000,934000000,15836,3415
11675,934000000,934080000,13470,2604
11676,934080000,934160000,21419,4089
11677,934160000,934240000,19530,3934
11678,934240000,934320000,15835,3517
11679,934320000,934400000,14198,2829
11680,934400000,934480000,21858,4087
11681,934480000,934560000,19874,3661
11682,934560000,934640000,15729,3438
11683,934640000,934720000,15805,3178
11684,934720000,934800000,22770,4096
11685,934800000,934880000,18977,3656
11686,934880000,934960000,15325,3207
11687,934960000,935040000,17209,3400
11688,935040000,935120000,22534,4099
11689,935120000,935200000,17638,3633
11690,935200000,935280000,14956,3108
11691,935280000,935360000,17691,3532
11692,935360000,935440000,22644,4200
11693,935440000,935520000,16511,3618
11694,935520000,935600000,13030,2694
11695,935600000,935680000,19209,3863
11696,935680000,935760000,22913,4226
11697,935760000,935840000,16712,3603
11698,935840000,935920000,12960,2483
11699,935920000,936000000,21313,4071
11700,936000000,936080000,24160,4370
11701,936080000,936160000,16176,3524
11702,936160000,936240000,12706,2413
11703,936240000,936320000,21170,4061
11704,936320000,936400000,23042,4283
11705,936400000,936480000,15895,3405
11706,936480000,936560000,13566,2604
11707,936560000,936640000,22078,4100
11708,936640000,936720000,21099,3939
11709,936720000,936800000,16323,3517
11710,936800000,936880000,14189,2829
11711,936880000,936960000,21224,4090
11712,936960000,937040000,19354,3684
11713,937040000,937120000,16038,3438
11714,937120000,937200000,16555,3178
11715,937200000,937280000,23411,4101
11716,937280000,937360000,18861,3663
11717,937360000,937440000,15632,3207
11718,937440000,937520000,17002,3400
11719,937520000,937600000,22159,4102
11720,937600000,937680000,17972,3638
11721,937680000,937760000,15273,3108
11722,937760000,937840000,18052,3532
11723,937840000,937920000,22903,4201
11724,937920000,938000000,16874,3613
11725,938000000,938080000,13261,2694
11726,938080000,938160000,19290,3864
11727,938160000,938240000,22838,4220
11728,938240000,938320000,16921,3600
11729,938320000,938400000,13136,2483
11730,938400000,938480000,21501,4070
11731,938480000,938560000,23828,4370
11732,938560000,938640000,16385,3525
11733,938640000,938720000,12749,2413
11734,938720000,938800000,21950,4058
11735,938800000,938880000,24364,4278
11736,938880000,938960000,15920,3405
11737,938960000,939040000,13642,2604
11738,939040000,939120000,22484,4089
11739,939120000,939200000,21098,3940
11740,939200000,939280000,16261,3517
11741,939280000,939360000,13522,2829
11742,939360000,939440000,21251,4087
11743,939440000,939520000,19692,3661
11744,939520000,939600000,15606,3438
11745,939600000,939680000,16200,3178
11746,939680000,939760000,22289,4105
11747,939760000,939840000,18776,3665
11748,939840000,939920000,14972,3207
11749,939920000,940000000,16773,3400
11750,940000000,940080000,22181,4099
11751,940080000,940160000,17220,3633
11752,940160000,940240000,14556,3108
11753,940240000,940320000,17846,3532
11754,940320000,940400000,23588,4200
11755,940400000,940480000,17002,3618
11756,940480000,940560000,13202,2694
11757,940560000,940640000,19845,3863
11758,940640000,940720000,22361,4226
11759,940720000,940800000,16864,3603
11760,940800000,940880000,12927,2483
11761,940880000,940960000,21377,4071
11762,940960000,941040000,24192,4378
11763,941040000,941120000,16076,3524
11764,941120000,941200000,12442,2413
11765,941200000,941280000,21289,4061
11766,941280000,941360000,23394,4283
11767,941360000,941440000,15469,3405
11768,941440000,941520000,13323,2604
11769,941520000,941600000,21948,4094
11770,941600000,941680000,20770,3933
11771,941680000,941760000,16097,3517
11772,941760000,941840000,13970,2829
11773,941840000,941920000,22133,4087
11774,941920000,942000000,20036,3675
11775,942000000,942080000,15580,3438
11776,942080000,942160000,16164,3178
11777,942160000,942240000,22662,4101
11778,942240000,942320000,18901,3663
11779,942320000,942400000,15008,3207
11780,942400000,942480000,17228,3400
11781,942480000,942560000,22823,4108
11782,942560000,942640000,17740,3646
11783,942640000,942720000,14912,3108
11784,942720000,942800000,18286,3532
11785,942800000,942880000,23022,4195
11786,942880000,942960000,17110,3613
11787,942960000,943040000,13455,2694
11788,943040000,943120000,19899,3864
11789,943120000,943200000,23282,4220
11790,943200000,943280000,16853,3600
11791,943280000,943360000,12957,2483
11792,943360000,943440000,21353,4070
11793,943440000,943520000,24045,4370
11794,943520000,943600000,16422,3525
11795,943600000,943680000,12878,2413
11796,943680000,943760000,21794,4058
11797,943760000,943840000,23616,4278
11798,943840000,943920000,15729,3405
11799,943920000,944000000,13197,2604
11800,944000000,944080000,22123,4095
11801,944080000,944160000,20374,3940
11802,944160000,944240000,15898,3517
11803,944240000,944320000,13968,2829
11804,944320000,944400000,21913,4093
11805,944400000,944480000,20162,3661
11806,944480000,944560000,15710,3438
11807,944560000,944640000,16293,3178
11808,944640000,944720000,22509,4096
11809,944720000,944800000,18501,3656
11810,944800000,944880000,15086,3207
11811,944880000,944960000,16499,3400
11812,944960000,945040000,22670,4108
11813,945040000,945120000,17210,3636
11814,945120000,945200000,14424,3108
11815,945200000,945280000,17500,3532
11816,945280000,945360000,21488,4206
11817,945360000,945440000,16320,3624
11818,945440000,945520000,12784,2694
11819,945520000,945600000,18987,3866
11820,945600000,945680000,23097,4235
11821,945680000,945760000,16481,3609
11822,945760000,945840000,12807,2483
11823,945840000,945920000,21117,4071
11824,945920000,946000000,23782,4370
11825,946000000,946080000,16177,3524
11826,946080000,946160000,12647,2413
11827,946160000,946240000,21300,4061
11828,946240000,946320000,23573,4283
11829,946320000,946400000,15713,3405
11830,946400000,946480000,13557,2604
11831,946480000,946560000,22130,4094
11832,946560000,946640000,21244,3933
11833,946640000,946720000,16177,3517
11834,946720000,946800000,14176,2829
11835,946800000,946880000,22569,4084
11836,946880000,946960000,20196,3672
11837,946960000,947040000,15841,3438
11838,947040000,947120000,16825,3178
11839,947120000,947200000,23140,4107
11840,947200000,947280000,18714,3663
11841,947280000,947360000,15595,3207
11842,947360000,947440000,17872,3400
11843,947440000,947520000,23246,4102
11844,947520000,947600000,18356,3638
11845,947600000,947680000,15100,3108
11846,947680000,947760000,18007,3532
11847,947760000,947840000,22522,4197
11848,947840000,947920000,16721,3615
11849,947920000,948000000,13450,2694
11850,948000000,948080000,20086,3864
11851,948080000,948160000,23518,4220
11852,948160000,948240000,17097,3600
11853,948240000,948320000,13228,2483
11854,948320000,948400000,21591,4076
11855,948400000,948480000,24001,4379
11856,948480000,948560000,16524,3528
11857,948560000,948640000,12682,2413
11858,948640000,948720000,21671,4058
11859,948720000,948800000,23446,4286
11860,948800000,948880000,15579,3405
11861,948880000,948960000,13270,2604
11862,948960000,949040000,22038,4089
11863,949040000,949120000,21249,3934
11864,949120000,949200000,16077,3517
11865,949200000,949280000,14146,2829
11866,949280000,949360000,22043,4087
11867,949360000,949440000,19807,3661
11868,949440000,949520000,16014,3438
11869,949520000,949600000,16707,3178
11870,949600000,949680000,22329,4096
11871,949680000,949760000,18457,3662
11872,949760000,949840000,15576,3207
11873,949840000,949920000,17678,3400
11874,949920000,950000000,22928,4099
11875,950000000,950080000,17889,3633
11876,950080000,950160000,15263,3108
11877,950160000,950240000,18784,3532
11878,950240000,950320000,22085,4200
11879,950320000,950400000,17231,3618
11880,950400000,950480000,13322,2694
11881,950480000,950560000,19569,3863
11882,950560000,950640000,23235,4226
11883,950640000,950720000,16795,3603
11884,950720000,950800000,13253,2483
11885,950800000,950880000,21357,4071
11886,950880000,950960000,23636,4370
11887,950960000,951040000,16117,3524
11888,951040000,951120000,12514,2413
11889,951120000,951200000,21156,4061
11890,951200000,951280000,24019,4295
11891,951280000,951360000,15684,3405
11892,951360000,951440000,13543,2604
11893,951440000,951520000,22607,4094
11894,951520000,951600000,21164,3933
11895,951600000,951680000,16316,3517
11896,951680000,951760000,14119,2829
11897,951760000,951840000,22344,4084
11898,951840000,951920000,20156,3678
11899,951920000,952000000,16096,3438
11900,952000000,952080000,17014,3178
11901,952080000,952160000,22537,4107
11902,952160000,952240000,18804,3669
11903,952240000,952320000,15532,3207
11904,952320000,952400000,17331,3400
11905,952400000,952480000,22709,4108
11906,952480000,952560000,17701,3638
11907,952560000,952640000,15009,3108
11908,952640000,952720000,18327,3532
11909,952720000,952800000,23111,4201
11910,952800000,952880000,16861,3613
11911,952880000,952960000,13693,2694
11912,952960000,953040000,20169,3867
11913,953040000,953120000,22906,4226
11914,953120000,953200000,17052,3603
11915,953200000,953280000,12547,2483
11916,953280000,953360000,20719,4070
11917,953360000,953440000,23739,4370
11918,953440000,953520000,16134,3525
11919,953520000,953600000,12589,2413
11920,953600000,953680000,21667,4058
11921,953680000,953760000,23402,4278
11922,953760000,953840000,15572,3405
11923,953840000,953920000,13136,2604
11924,953920000,954000000,21923,4095
11925,954000000,954080000,20695,3946
11926,954080000,954160000,16195,3517
11927,954160000,954240000,14026,2829
11928,954240000,954320000,21580,4087
11929,954320000,954400000,19991,3673
11930,954400000,954480000,15995,3438
11931,954480000,954560000,16010,3178
11932,954560000,954640000,22771,4096
11933,954640000,954720000,18855,3656
11934,954720000,954800000,15589,3207
11935,954800000,954880000,17476,3400
11936,954880000,954960000,23279,4105
11937,954960000,955040000,18218,3633
11938,955040000,955120000,15252,3108
11939,955120000,955200000,18418,3532
11940,955200000,955280000,22734,4194
11941,955280000,955360000,17052,3618
11942,955360000,955440000,13493,2694
11943,955440000,955520000,19902,3863
11944,955520000,955600000,22760,4232
11945,955600000,955680000,16860,3603
11946,955680000,955760000,13122,2483
11947,955760000,955840000,21564,4071
11948,955840000,955920000,23423,4370
11949,955920000,956000000,16301,3524
11950,956000000,956080000,12769,2413
11951,956080000,956160000,21497,4061
11952,956160000,956240000,23643,4283
11953,956240000,956320000,15946,3405
11954,956320000,956400000,13685,2604
11955,956400000,956480000,22242,4094
11956,956480000,956560000,21606,3933
11957,956560000,956640000,16378,3517
11958,956640000,956720000,14376,2829
11959,956720000,956800000,21685,4084
11960,956800000,956880000,19739,3672
11961,956880000,956960000,16246,3438
11962,956960000,957040000,16974,3178
11963,957040000,957120000,22907,4104
11964,957120000,957200000,18997,3672
11965,957200000,957280000,15755,3207
11966,957280000,957360000,17610,3400
11967,957360000,957440000,23608,4102
11968,957440000,957520000,18613,3638
11969,957520000,957600000,15683,3108
11970,957600000,957680000,18901,3532
11971,957680000,957760000,23776,4195
11972,957760000,957840000,17034,3613
11973,957840000,957920000,13365,2694
11974,957920000,958000000,19281,3864
11975,958000000,958080000,22945,4220
11976,958080000,958160000,16645,3600
11977,958160000,958240000,12890,2483
11978,958240000,958320000,21305,4070
11979,958320000,958400000,24045,4376
11980,958400000,958480000,16097,3525
11981,958480000,958560000,12854,2413
11982,958560000,958640000,21641,4058
11983,958640000,958720000,24093,4278
11984,958720000,958800000,15609,3405
11985,958800000,958880000,13461,2604
11986,958880000,958960000,22397,4089
11987,958960000,959040000,20738,3934
11988,959040000,959120000,16235,3517
11989,959120000,959200000,14166,2829
11990,959200000,959280000,22198,4096
11991,959280000,959360000,20136,3670
11992,959360000,959440000,16022,3438
11993,959440000,959520000,16919,3178
11994,959520000,959600000,22255,4096
11995,959600000,959680000,18443,3656
11996,959680000,959760000,15823,3207
11997,959760000,959840000,17679,3400
11998,959840000,959920000,22509,4107
11999,959920000,960000000,17934,3639
12000,960000000,960080000,15171,3108
12001,960080000,960160000,18482,3532
12002,960160000,960240000,22564,4200
12003,960240000,960320000,17478,3618
12004,960320000,960400000,13629,2694
12005,960400000,960480000,20319,3863
12006,960480000,960560000,23567,4226
12007,960560000,960640000,17226,3603
12008,960640000,960720000,13131,2483
12009,960720000,960800000,21383,4071
12010,960800000,960880000,23661,4370
12011,960880000,960960000,16508,3524
12012,960960000,961040000,12936,2413
12013,961040000,961120000,22223,4061
12014,961120000,961200000,23887,4283
12015,961200000,961280000,15902,3405
12016,961280000,961360000,13553,2604
12017,961360000,961440000,22127,4100
12018,961440000,961520000,20857,3933
12019,961520000,961600000,16380,3517
12020,961600000,961680000,14224,2829
12021,961680000,961760000,21780,4084
12022,961760000,961840000,19975,3678
12023,961840000,961920000,16092,3438
12024,961920000,962000000,16595,3178
12025,962000000,962080000,23098,4101
12026,962080000,962160000,18928,3663
12027,962160000,962240000,15280,3207
12028,962240000,962320000,17317,3400
12029,962320000,962400000,22568,4102
12030,962400000,962480000,17619,3638
12031,962480000,962560000,15051,3108
12032,962560000,962640000,18284,3532
12033,962640000,962720000,22518,4207
12034,962720000,962800000,16776,3619
12035,962800000,962880000,13293,2694
12036,962880000,962960000,19533,3864
12037,962960000,963040000,22918,4229
12038,963040000,963120000,17012,3605
12039,963120000,963200000,13182,2483
12040,963200000,963280000,21734,4070
12041,963280000,963360000,23459,4370
12042,963360000,963440000,16506,3525
12043,963440000,963520000,12621,2413
12044,963520000,963600000,21299,4058
12045,963600000,963680000,23334,4278
12046,963680000,963760000,15856,3405
12047,963760000,963840000,13240,2604
12048,963840000,963920000,22280,4089
12049,963920000,964000000,20382,3934
12050,964000000,964080000,16370,3517
12051,964080000,964160000,14291,2829
12052,964160000,964240000,21670,4087
12053,964240000,964320000,19412,3661
12054,964320000,964400000,16101,3438
12055,964400000,964480000,16417,3178
12056,964480000,964560000,22580,4096
12057,964560000,964640000,18598,3656
12058,964640000,964720000,15645,3207
12059,964720000,964800000,17746,3400
12060,964800000,964880000,23539,4099
12061,964880000,964960000,17919,3633
12062,964960000,965040000,15343,3108
12063,965040000,965120000,18548,3532
12064,965120000,965200000,22796,4200
12065,965200000,965280000,16641,3624
12066,965280000,965360000,13592,2694
12067,965360000,965440000,19933,3863
12068,965440000,965520000,23142,4226
12069,965520000,965600000,17055,3603
12070,965600000,965680000,13400,2483
12071,965680000,965760000,22175,4071
12072,965760000,965840000,24899,4370
12073,965840000,965920000,16769,3524
12074,965920000,966000000,13214,2413
12075,966000000,966080000,21513,4061
12076,966080000,966160000,22450,4283
12077,966160000,966240000,16374,3405
12078,966240000,966320000,14143,2604
12079,966320000,966400000,22462,4100
12080,966400000,966480000,20589,3939
12081,966480000,966560000,16706,3517
12082,966560000,966640000,14699,2829
12083,966640000,966720000,21924,4084
12084,966720000,966800000,19935,3672
12085,966800000,966880000,16101,3438
12086,966880000,966960000,17039,3178
12087,966960000,967040000,23214,4107
12088,967040000,967120000,18915,3663
12089,967120000,967200000,15789,3207
12090,967200000,967280000,17685,3400
12091,967280000,967360000,22954,4111
12092,967360000,967440000,18291,3641
12093,967440000,967520000,15138,3108
12094,967520000,967600000,18153,3532
12095,967600000,967680000,22357,4195
12096,967680000,967760000,16786,3613
12097,967760000,967840000,13286,2694
12098,967840000,967920000,19706,3864
12099,967920000,968000000,22227,4220
12100,968000000,968080000,16773,3600
12101,968080000,968160000,13277,2483
12102,968160000,968240000,21516,4076
12103,968240000,968320000,24513,4370
12104,968320000,968400000,16501,3525
12105,968400000,968480000,13118,2413
12106,968480000,968560000,21781,4058
12107,968560000,968640000,23343,4290
12108,968640000,968720000,15986,3405
12109,968720000,968800000,14043,2604
12110,968800000,968880000,22711,4089
12111,968880000,968960000,20216,3934
12112,968960000,969040000,16619,3517
12113,969040000,969120000,14551,2829
12114,969120000,969200000,22025,4087
12115,969200000,969280000,20079,3661
12116,969280000,969360000,16369,3438
12117,969360000,969440000,17242,3178
12118,969440000,969520000,22779,4096
12119,969520000,969600000,18520,3656
12120,969600000,969680000,15966,3207
12121,969680000,969760000,18077,3400
12122,969760000,969840000,23454,4099
12123,969840000,969920000,17852,3633
12124,969920000,970000000,15511,3108
12125,970000000,970080000,18808,3532
12126,970080000,970160000,22579,4194
12127,970160000,970240000,17256,3618
12128,970240000,970320000,13844,2694
12129,970320000,970400000,20554,3863
12130,970400000,970480000,23539,4226
12131,970480000,970560000,17428,3603
12132,970560000,970640000,13722,2483
12133,970640000,970720000,22500,4071
12134,970720000,970800000,23551,4379
12135,970800000,970880000,16822,3527
12136,970880000,970960000,13423,2413
12137,970960000,971040000,21615,4061
12138,971040000,971120000,22846,4283
12139,971120000,971200000,16199,3405
12140,971200000,971280000,14117,2604
12141,971280000,971360000,23014,4094
12142,971360000,971440000,21782,3939
12143,971440000,971520000,16794,3517
12144,971520000,971600000,14854,2829
12145,971600000,971680000,22127,4087
12146,971680000,971760000,19685,3683
12147,971760000,971840000,16683,3438
12148,971840000,971920000,17669,3178
12149,971920000,972000000,22592,4101
12150,972000000,972080000,18435,3663
12151,972080000,972160000,15508,3207
12152,972160000,972240000,16927,3400
12153,972240000,972320000,23188,4102
12154,972320000,972400000,17574,3644
12155,972400000,972480000,15155,3108
12156,972480000,972560000,17926,3532
12157,972560000,972640000,22262,4195
12158,972640000,972720000,16493,3613
12159,972720000,972800000,13501,2694
12160,972800000,972880000,19563,3864
12161,972880000,972960000,22147,4226
12162,972960000,973040000,16887,3600
12163,973040000,973120000,13227,2483
12164,973120000,973200000,21520,4070
12165,973200000,973280000,23760,4370
12166,973280000,973360000,16417,3525
12167,973360000,973440000,13035,2413
12168,973440000,973520000,21977,4058
12169,973520000,973600000,23684,4284
12170,973600000,973680000,15894,3405
12171,973680000,973760000,13656,2604
12172,973760000,973840000,22144,4089
12173,973840000,973920000,20445,3946
12174,973920000,974000000,16436,3517
12175,974000000,974080000,14615,2829
12176,974080000,974160000,21599,4087
12177,974160000,974240000,19569,3661
12178,974240000,974320000,16297,3438
12179,974320000,974400000,15884,3178
12180,974400000,974480000,22556,4102
12181,974480000,974560000,18857,3662
12182,974560000,974640000,15490,3207
12183,974640000,974720000,17175,3400
12184,974720000,974800000,22201,4099
12185,974800000,974880000,17560,3633
12186,974880000,974960000,15005,3108
12187,974960000,975040000,17862,3532
12188,975040000,975120000,22920,4194
12189,975120000,975200000,16537,3618
12190,975200000,975280000,13356,2694
12191,975280000,975360000,19373,3863
12192,975360000,975440000,22564,4226
12193,975440000,975520000,16584,3603
12194,975520000,975600000,12695,2483
12195,975600000,975680000,21118,4077
12196,975680000,975760000,25020,4370
12197,975760000,975840000,16128,3524
12198,975840000,975920000,12463,2413
12199,975920000,976000000,21570,4061
12200,976000000,976080000,23802,4283
12201,976080000,976160000,15737,3405
12202,976160000,976240000,13435,2604
12203,976240000,976320000,21605,4094
12204,976320000,976400000,20454,3933
12205,976400000,976480000,16109,3517
12206,976480000,976560000,14125,2829
12207,976560000,976640000,22000,4084
12208,976640000,976720000,19589,3672
12209,976720000,976800000,15823,3438
12210,976800000,976880000,16263,3178
12211,976880000,976960000,22274,4107
12212,976960000,977040000,18382,3663
12213,977040000,977120000,15311,3207
12214,977120000,977200000,17141,3400
12215,977200000,977280000,22356,4110
12216,977280000,977360000,17881,3644
12217,977360000,977440000,15077,3108
12218,977440000,977520000,18250,3532
12219,977520000,977600000,22404,4205
12220,977600000,977680000,17040,3613
12221,977680000,977760000,12787,2694
12222,977760000,977840000,19175,3864
12223,977840000,977920000,22547,4223
12224,977920000,978000000,16632,3603
12225,978000000,978080000,12775,2483
12226,978080000,978160000,21053,4070
12227,978160000,978240000,24480,4370
12228,978240000,978320000,15992,3525
12229,978320000,978400000,12657,2413
12230,978400000,978480000,21502,4058
12231,978480000,978560000,23191,4278
12232,978560000,978640000,15584,3405
12233,978640000,978720000,13454,2604
12234,978720000,978800000,21882,4089
12235,978800000,978880000,21647,3934
12236,978880000,978960000,16082,3517
12237,978960000,979040000,13722,2829
12238,979040000,979120000,20945,4087
12239,979120000,979200000,18497,3661
12240,979200000,979280000,15539,3438
12241,979280000,979360000,16478,3178
12242,979360000,979440000,22465,4099
12243,979440000,979520000,18602,3667
12244,979520000,979600000,15441,3207
12245,979600000,979680000,17651,3400
12246,979680000,979760000,22610,4099
12247,979760000,979840000,17988,3633
12248,979840000,979920000,15393,3108
12249,979920000,980000000,18448,3532
12250,980000000,980080000,23776,4194
12251,980080000,980160000,17285,3618
12252,980160000,980240000,13556,2694
12253,980240000,980320000,20110,3863
12254,980320000,980400000,22957,4232
12255,980400000,980480000,16683,3609
12256,980480000,980560000,13242,2483
12257,980560000,980640000,21245,4071
12258,980640000,980720000,24745,4376
12259,980720000,980800000,16391,3524
12260,980800000,980880000,12949,2413
12261,980880000,980960000,21813,4061
12262,980960000,981040000,23937,4283
12263,981040000,981120000,15794,3405
12264,981120000,981200000,13789,2604
12265,981200000,981280000,22484,4094
12266,981280000,981360000,20733,3933
12267,981360000,981440000,16292,3517
12268,981440000,981520000,14182,2829
12269,981520000,981600000,21210,4090
12270,981600000,981680000,19021,3686
12271,981680000,981760000,15889,3438
12272,981760000,981840000,16294,3178
12273,981840000,981920000,21596,4101
12274,981920000,982000000,18188,3663
12275,982000000,982080000,15508,3207
12276,982080000,982160000,17461,3400
12277,982160000,982240000,23686,4102
12278,982240000,982320000,17733,3638
12279,982320000,982400000,15225,3108
12280,982400000,982480000,18332,3532
12281,982480000,982560000,22270,4207
12282,982560000,982640000,16838,3619
12283,982640000,982720000,13615,2694
12284,982720000,982800000,20066,3864
12285,982800000,982880000,22748,4220
12286,982880000,982960000,16940,3600
12287,982960000,983040000,13192,2483
12288,983040000,983120000,21676,4070
12289,983120000,983200000,24229,4370
12290,983200000,983280000,16527,3525
12291,983280000,983360000,12893,2413
12292,983360000,983440000,21436,4058
12293,983440000,983520000,23985,4278
12294,983520000,983600000,15683,3405
12295,983600000,983680000,13254,2604
12296,983680000,983760000,22296,4089
12297,983760000,983840000,21354,3934
12298,983840000,983920000,16096,3517
12299,983920000,984000000,14385,2829
12300,984000000,984080000,21806,4087
12301,984080000,984160000,19494,3661
12302,984160000,984240000,16046,3438
12303,984240000,984320000,16691,3178
12304,984320000,984400000,23270,4102
12305,984400000,984480000,18729,3656
12306,984480000,984560000,15462,3207
12307,984560000,984640000,17217,3400
12308,984640000,984720000,23567,4105
12309,984720000,984800000,17897,3633
12310,984800000,984880000,14952,3108
12311,984880000,984960000,18169,3532
12312,984960000,985040000,22612,4194
12313,985040000,985120000,17151,3618
12314,985120000,985200000,13365,2694
12315,985200000,985280000,20040,3863
12316,985280000,985360000,23860,4226
12317,985360000,985440000,16876,3603
12318,985440000,985520000,13112,2483
12319,985520000,985600000,21108,4071
12320,985600000,985680000,23466,4370
12321,985680000,985760000,16302,3524
12322,985760000,985840000,12927,2413
12323,985840000,985920000,21108,4067
12324,985920000,986000000,23496,4295
12325,986000000,986080000,15800,3405
12326,986080000,986160000,13857,2604
12327,986160000,986240000,22403,4100
12328,986240000,986320000,20949,3939
12329,986320000,986400000,16387,3517
12330,986400000,986480000,14557,2829
12331,986480000,986560000,21732,4084
12332,986560000,986640000,19883,3672
12333,986640000,986720000,16111,3438
12334,986720000,986800000,16997,3178
12335,986800000,986880000,22682,4101
12336,986880000,986960000,18600,3663
12337,986960000,987040000,15804,3207
12338,987040000,987120000,18145,3400
12339,987120000,987200000,22892,4102
12340,987200000,987280000,18338,3638
12341,987280000,987360000,15282,3108
12342,987360000,987440000,18149,3532
12343,987440000,987520000,23101,4195
12344,987520000,987600000,17084,3613
12345,987600000,987680000,13541,2694
12346,987680000,987760000,20034,3864
12347,987760000,987840000,22080,4220
12348,987840000,987920000,16969,3600
12349,987920000,988000000,13167,2483
12350,988000000,988080000,21642,4076
12351,988080000,988160000,23723,4387
12352,988160000,988240000,16492,3528
12353,988240000,988320000,13051,2413
12354,988320000,988400000,21684,4058
12355,988400000,988480000,22957,4278
12356,988480000,988560000,16004,3405
12357,988560000,988640000,13742,2604
12358,988640000,988720000,22579,4095
12359,988720000,988800000,21305,3940
12360,988800000,988880000,16597,3517
12361,988880000,988960000,14597,2829
12362,988960000,989040000,21981,4087
12363,989040000,989120000,19978,3673
12364,989120000,989200000,16197,3438
12365,989200000,989280000,16597,3178
12366,989280000,989360000,22801,4096
12367,989360000,989440000,17895,3656
12368,989440000,989520000,15664,3207
12369,989520000,989600000,17696,3400
12370,989600000,989680000,22239,4108
12371,989680000,989760000,18357,3644
12372,989760000,989840000,15418,3108
12373,989840000,989920000,18993,3532
12374,989920000,990000000,22833,4194
12375,990000000,990080000,16922,3618
12376,990080000,990160000,13663,2694
12377,990160000,990240000,20195,3863
12378,990240000,990320000,22825,4230
12379,990320000,990400000,17209,3609
12380,990400000,990480000,13355,2483
12381,990480000,990560000,22139,4071
12382,990560000,990640000,24035,4370
12383,990640000,990720000,16515,3524
12384,990720000,990800000,12670,2413
12385,990800000,990880000,21354,4061
12386,990880000,990960000,23770,4297
12387,990960000,991040000,16030,3405
12388,991040000,991120000,13454,2604
12389,991120000,991200000,22724,4094
12390,991200000,991280000,21390,3933
12391,991280000,991360000,16462,3517
12392,991360000,991440000,13704,2829
12393,991440000,991520000,21089,4084
12394,991520000,991600000,19879,3682
12395,991600000,991680000,16082,3438
12396,991680000,991760000,16664,3178
12397,991760000,991840000,22424,4104
12398,991840000,991920000,18458,3674
12399,991920000,992000000,15683,3207
12400,992000000,992080000,17373,3400
12401,992080000,992160000,22802,4102
12402,992160000,992240000,18188,3638
12403,992240000,992320000,15337,3108
12404,992320000,992400000,18438,3532
12405,992400000,992480000,22473,4195
12406,992480000,992560000,16831,3613
12407,992560000,992640000,13714,2694
12408,992640000,992720000,20573,3864
12409,992720000,992800000,22376,4220
12410,992800000,992880000,17113,3600
12411,992880000,992960000,13004,2483
12412,992960000,993040000,21379,4070
12413,993040000,993120000,23416,4370
12414,993120000,993200000,16596,3525
12415,993200000,993280000,12908,2413
12416,993280000,993360000,21390,4058
12417,993360000,993440000,23192,4286
12418,993440000,993520000,15971,3405
12419,993520000,993600000,13372,2604
12420,993600000,993680000,22410,4089
12421,993680000,993760000,20932,3934
12422,993760000,993840000,16384,3517
12423,993840000,993920000,14312,2829
12424,993920000,994000000,21797,4087
12425,994000000,994080000,19705,3661
12426,994080000,994160000,15996,3438
12427,994160000,994240000,15887,3178
12428,994240000,994320000,22172,4096
12429,994320000,994400000,18126,3656
12430,994400000,994480000,15377,3207
12431,994480000,994560000,17235,3400
12432,994560000,994640000,22464,4105
12433,994640000,994720000,17704,3639
12434,994720000,994800000,15004,3108
12435,994800000,994880000,17971,3532
12436,994880000,994960000,22355,4194
12437,994960000,995040000,16788,3618
12438,995040000,995120000,13234,2694
12439,995120000,995200000,19642,3863
12440,995200000,995280000,22707,4230
12441,995280000,995360000,16824,3609
12442,995360000,995440000,12861,2483
12443,995440000,995520000,21226,4071
12444,995520000,995600000,23770,4370
12445,995600000,995680000,16358,3524
12446,995680000,995760000,12463,2413
12447,995760000,995840000,21210,4061
12448,995840000,995920000,23729,4299
12449,995920000,996000000,15933,3405
12450,996000000,996080000,13586,2604
12451,996080000,996160000,22105,4100
12452,996160000,996240000,20716,3933
12453,996240000,996320000,16488,3517
12454,996320000,996400000,14410,2829
12455,996400000,996480000,21573,4090
12456,996480000,996560000,19861,3682
12457,996560000,996640000,16373,3438
12458,996640000,996720000,16663,3178
12459,996720000,996800000,22542,4107
12460,996800000,996880000,18943,3669
12461,996880000,996960000,15649,3207
12462,996960000,997040000,17259,3400
12463,997040000,997120000,23336,4102
12464,997120000,997200000,18382,3648
12465,997200000,997280000,15428,3108
12466,997280000,997360000,18320,3532
12467,997360000,997440000,22095,4209
12468,997440000,997520000,17135,3619
12469,997520000,997600000,13328,2694
12470,997600000,997680000,19496,3864
12471,997680000,997760000,21951,4226
12472,997760000,997840000,16878,3606
12473,997840000,997920000,12887,2483
12474,997920000,998000000,21280,4070
12475,998000000,998080000,23706,4376
12476,998080000,998160000,16283,3525
12477,998160000,998240000,12629,2413
12478,998240000,998320000,21377,4058
12479,998320000,998400000,23790,4278
12480,998400000,998480000,15930,3405
12481,998480000,998560000,13540,2604
12482,998560000,998640000,22223,4089
12483,998640000,998720000,20568,3934
12484,998720000,998800000,16477,3517
12485,998800000,998880000,14190,2829
12486,998880000,998960000,21259,4087
12487,998960000,999040000,19385,3669
12488,999040000,999120000,16182,3438
12489,999120000,999200000,17048,3178
12490,999200000,999280000,22269,4096
12491,999280000,999360000,18313,3656
12492,999360000,999440000,16006,3207
12493,999440000,999520000,18174,3400
12494,999520000,999600000,23393,4105
12495,999600000,999680000,18522,3641
12496,999680000,999760000,15716,3108
12497,999760000,999840000,18781,3532
12498,999840000,999920000,23276,4194
12499,999920000,1000000000,17409,3618
12500,1000000000,1000080000,13963,2694
12501,1000080000,1000160000,20202,3863
12502,1000160000,1000240000,22625,4226
12503,1000240000,1000320000,17295,3603
12504,1000320000,1000400000,12991,2483
12505,1000400000,1000480000,21163,4071
12506,1000480000,1000560000,23222,4379
12507,1000560000,1000640000,16466,3527
12508,1000640000,1000720000,12725,2413
12509,1000720000,1000800000,21499,4061
12510,1000800000,1000880000,23822,4283
12511,1000880000,1000960000,16014,3405
12512,1000960000,1001040000,13764,2604
12513,1001040000,1001120000,22684,4094
12514,1001120000,1001200000,21134,3933
12515,1001200000,1001280000,16679,3517
12516,1001280000,1001360000,14232,2829
12517,1001360000,1001440000,21012,4084
12518,1001440000,1001520000,18987,3672
12519,1001520000,1001600000,16332,3438
12520,1001600000,1001680000,16939,3178
12521,1001680000,1001760000,22306,4101
12522,1001760000,1001840000,18603,3663
12523,1001840000,1001920000,15884,3207
12524,1001920000,1002000000,17890,3400
12525,1002000000,1002080000,23401,4102
12526,1002080000,1002160000,18019,3638
12527,1002160000,1002240000,15597,3108
12528,1002240000,1002320000,18440,3532
12529,1002320000,1002400000,21479,4195
12530,1002400000,1002480000,16969,3613
12531,1002480000,1002560000,13570,2694
12532,1002560000,1002640000,20068,3864
12533,1002640000,1002720000,23037,4220
12534,1002720000,1002800000,17025,3600
12535,1002800000,1002880000,13344,2483
12536,1002880000,1002960000,21962,4070
12537,1002960000,1003040000,23232,4370
12538,1003040000,1003120000,16628,3525
12539,1003120000,1003200000,12872,2413
12540,1003200000,1003280000,21156,4058
12541,1003280000,1003360000,23471,4290
12542,1003360000,1003440000,16132,3405
12543,1003440000,1003520000,13559,2604
12544,1003520000,1003600000,22058,4089
12545,1003600000,1003680000,21023,3940
12546,1003680000,1003760000,16567,3517
12547,1003760000,1003840000,14841,2829
12548,1003840000,1003920000,22487,4093
12549,1003920000,1004000000,19328,3667
12550,1004000000,1004080000,16326,3438
12551,1004080000,1004160000,16429,3178
12552,1004160000,1004240000,22290,4096
12553,1004240000,1004320000,18599,3656
12554,1004320000,1004400000,15809,3207
12555,1004400000,1004480000,17745,3400
12556,1004480000,1004560000,22816,4099
12557,1004560000,1004640000,18017,3639
12558,1004640000,1004720000,15182,3108
12559,1004720000,1004800000,18400,3532
12560,1004800000,1004880000,22726,4202
12561,1004880000,1004960000,16855,3618
12562,1004960000,1005040000,13336,2694
12563,1005040000,1005120000,19456,3863
12564,1005120000,1005200000,22890,4229
12565,1005200000,1005280000,16856,3606
12566,1005280000,1005360000,13069,2483
12567,1005360000,1005440000,21612,4071
12568,1005440000,1005520000,23725,4370
12569,1005520000,1005600000,16442,3524
12570,1005600000,1005680000,13002,2413
12571,1005680000,1005760000,21372,4061
12572,1005760000,1005840000,23268,4283
12573,1005840000,1005920000,16154,3405
12574,1005920000,1006000000,13761,2604
12575,1006000000,1006080000,21875,4100
12576,1006080000,1006160000,20787,3945
12577,1006160000,1006240000,16617,3517
12578,1006240000,1006320000,14470,2829
12579,1006320000,1006400000,21892,4084
12580,1006400000,1006480000,19809,3684
12581,1006480000,1006560000,16374,3438
12582,1006560000,1006640000,16984,3178
12583,1006640000,1006720000,22323,4107
12584,1006720000,1006800000,18689,3663
12585,1006800000,1006880000,15961,3207
12586,1006880000,1006960000,17585,3400
12587,1006960000,1007040000,22814,4102
12588,1007040000,1007120000,18387,3638
12589,1007120000,1007200000,15432,3108
12590,1007200000,1007280000,18321,3532
12591,1007280000,1007360000,22294,4195
12592,1007360000,1007440000,17020,3613
12593,1007440000,1007520000,13496,2694
12594,1007520000,1007600000,19953,3864
12595,1007600000,1007680000,22531,4220
12596,1007680000,1007760000,17078,3600
12597,1007760000,1007840000,13220,2483
12598,1007840000,1007920000,21211,4076
12599,1007920000,1008000000,23635,4370
12600,1008000000,1008080000,16585,3525
12601,1008080000,1008160000,12729,2413
12602,1008160000,1008240000,21511,4064
12603,1008240000,1008320000,23294,4278
12604,1008320000,1008400000,16107,3405
12605,1008400000,1008480000,13927,2606
12606,1008480000,1008560000,22499,4093
12607,1008560000,1008640000,20603,3934
12608,1008640000,1008720000,16869,3517
12609,1008720000,1008800000,14834,2835
12610,1008800000,1008880000,21914,4087
12611,1008880000,1008960000,19195,3661
12612,1008960000,1009040000,16555,3438
12613,1009040000,1009120000,17125,3178
12614,1009120000,1009200000,22466,4099
12615,1009200000,1009280000,18352,3665
12616,1009280000,1009360000,15993,3207
12617,1009360000,1009440000,17684,3400
12618,1009440000,1009520000,21646,4099
12619,1009520000,1009600000,17757,3633
12620,1009600000,1009680000,15628,3108
12621,1009680000,1009760000,18601,3532
12622,1009760000,1009840000,22027,4200
12623,1009840000,1009920000,17031,3618
12624,1009920000,1010000000,13963,2694
12625,1010000000,1010080000,20514,3863
12626,1010080000,1010160000,23229,4226
12627,1010160000,1010240000,17443,3603
12628,1010240000,1010320000,13575,2483
12629,1010320000,1010400000,22354,4071
12630,1010400000,1010480000,23467,4370
12631,1010480000,1010560000,16833,3524
12632,1010560000,1010640000,13049,2413
12633,1010640000,1010720000,21489,4061
12634,1010720000,1010800000,23149,4283
12635,1010800000,1010880000,16291,3405
12636,1010880000,1010960000,14031,2604
12637,1010960000,1011040000,22649,4100
12638,1011040000,1011120000,20508,3939
12639,1011120000,1011200000,16924,3525
12640,1011200000,1011280000,14183,2829
12641,1011280000,1011360000,21666,4084
12642,1011360000,1011440000,19643,3672
12643,1011440000,1011520000,15934,3438
12644,1011520000,1011600000,16284,3178
12645,1011600000,1011680000,22743,4101
12646,1011680000,1011760000,18711,3663
12647,1011760000,1011840000,14644,3207
12648,1011840000,1011920000,16639,3400
12649,1011920000,1012000000,22486,4113
12650,1012000000,1012080000,17963,3647
12651,1012080000,1012160000,14253,3108
12652,1012160000,1012240000,17656,3532
12653,1012240000,1012320000,22669,4201
12654,1012320000,1012400000,17177,3613
12655,1012400000,1012480000,12689,2694
12656,1012480000,1012560000,19702,3864
12657,1012560000,1012640000,22608,4220
12658,1012640000,1012720000,17146,3600
12659,1012720000,1012800000,12313,2493
12660,1012800000,1012880000,21174,4070
12661,1012880000,1012960000,23746,4370
12662,1012960000,1013040000,16389,3525
12663,1013040000,1013120000,12569,2423
12664,1013120000,1013200000,21297,4058
12665,1013200000,1013280000,23230,4278
12666,1013280000,1013360000,15693,3409
12667,1013360000,1013440000,13309,2610
12668,1013440000,1013520000,21726,4095
12669,1013520000,1013600000,20529,3934
12670,1013600000,1013680000,15936,3517
12671,1013680000,1013760000,13979,2829
12672,1013760000,1013840000,21331,4087
12673,1013840000,1013920000,19659,3661
12674,1013920000,1014000000,15778,3438
12675,1014000000,1014080000,16058,3178
12676,1014080000,1014160000,23774,4096
12677,1014160000,1014240000,18885,3656
12678,1014240000,1014320000,15361,3207
12679,1014320000,1014400000,17458,3400
12680,1014400000,1014480000,21878,4105
12681,1014480000,1014560000,18001,3633
12682,1014560000,1014640000,14731,3108
12683,1014640000,1014720000,18156,3532
12684,1014720000,1014800000,22549,4206
12685,1014800000,1014880000,17255,3626
12686,1014880000,1014960000,12871,2694
12687,1014960000,1015040000,19949,3863
12688,1015040000,1015120000,22813,4232
12689,1015120000,1015200000,17029,3609
12690,1015200000,1015280000,12621,2483
12691,1015280000,1015360000,21423,4071
12692,1015360000,1015440000,23975,4376
12693,1015440000,1015520000,16505,3524
12694,1015520000,1015600000,12656,2413
12695,1015600000,1015680000,21764,4061
12696,1015680000,1015760000,23024,4283
12697,1015760000,1015840000,16001,3405
12698,1015840000,1015920000,13764,2604
12699,1015920000,1016000000,21978,4094
12700,1016000000,1016080000,20512,3939
12701,1016080000,1016160000,15975,3517
12702,1016160000,1016240000,13970,2829
12703,1016240000,1016320000,21576,4084
12704,1016320000,1016400000,19589,3672
12705,1016400000,1016480000,15547,3438
12706,1016480000,1016560000,16378,3178
12707,1016560000,1016640000,22748,4101
12708,1016640000,1016720000,18453,3663
12709,1016720000,1016800000,15141,3207
12710,1016800000,1016880000,17091,3400
12711,1016880000,1016960000,21604,4102
12712,1016960000,1017040000,17741,3638
12713,1017040000,1017120000,14900,3108
12714,1017120000,1017200000,18192,3532
12715,1017200000,1017280000,23197,4195
12716,1017280000,1017360000,17014,3613
12717,1017360000,1017440000,12804,2694
12718,1017440000,1017520000,19396,3864
12719,1017520000,1017600000,22996,4220
12720,1017600000,1017680000,16953,3600
12721,1017680000,1017760000,12708,2483
12722,1017760000,1017840000,21545,4070
12723,1017840000,1017920000,23896,4370
12724,1017920000,1018000000,16147,3525
12725,1018000000,1018080000,12390,2413
12726,1018080000,1018160000,21542,4058
12727,1018160000,1018240000,22990,4284
12728,1018240000,1018320000,15556,3405
12729,1018320000,1018400000,13526,2604
12730,1018400000,1018480000,22004,4095
12731,1018480000,1018560000,20211,3940
12732,1018560000,1018640000,15924,3517
12733,1018640000,1018720000,13273,2829
12734,1018720000,1018800000,21057,4093
12735,1018800000,1018880000,19682,3661
12736,1018880000,1018960000,15224,3438
12737,1018960000,1019040000,15902,3178
12738,1019040000,1019120000,22029,4102
12739,1019120000,1019200000,18488,3662
12740,1019200000,1019280000,15092,3207
12741,1019280000,1019360000,17087,3400
12742,1019360000,1019440000,22961,4099
12743,1019440000,1019520000,17834,3639
12744,1019520000,1019600000,14930,3108
12745,1019600000,1019680000,18222,3532
12746,1019680000,1019760000,22285,4194
12747,1019760000,1019840000,16907,3618
12748,1019840000,1019920000,13429,2694
12749,1019920000,1020000000,19974,3863
12750,1020000000,1020080000,23182,4226
12751,1020080000,1020160000,17251,3603
12752,1020160000,1020240000,13160,2483
12753,1020240000,1020320000,21789,4077
12754,1020320000,1020400000,24006,4376
12755,1020400000,1020480000,16234,3524
12756,1020480000,1020560000,12410,2413
12757,1020560000,1020640000,21291,4061
12758,1020640000,1020720000,23972,4295
12759,1020720000,1020800000,15524,3405
12760,1020800000,1020880000,13315,2604
12761,1020880000,1020960000,22171,4100
12762,1020960000,1021040000,20350,3933
12763,1021040000,1021120000,16083,3517
12764,1021120000,1021200000,14051,2829
12765,1021200000,1021280000,21808,4084
12766,1021280000,1021360000,19346,3672
12767,1021360000,1021440000,15560,3438
12768,1021440000,1021520000,16114,3178
12769,1021520000,1021600000,22701,4101
12770,1021600000,1021680000,18565,3663
12771,1021680000,1021760000,15025,3207
12772,1021760000,1021840000,17397,3400
12773,1021840000,1021920000,23259,4108
12774,1021920000,1022000000,18137,3638
12775,1022000000,1022080000,14878,3108
12776,1022080000,1022160000,18298,3532
12777,1022160000,1022240000,22308,4201
12778,1022240000,1022320000,16821,3613
12779,1022320000,1022400000,13225,2694
12780,1022400000,1022480000,19678,3864
12781,1022480000,1022560000,21763,4226
12782,1022560000,1022640000,16717,3600
12783,1022640000,1022720000,12732,2483
12784,1022720000,1022800000,21530,4070
12785,1022800000,1022880000,23683,4370
12786,1022880000,1022960000,16254,3525
12787,1022960000,1023040000,12533,2413
12788,1023040000,1023120000,21291,4058
12789,1023120000,1023200000,23423,4292
12790,1023200000,1023280000,15603,3405
12791,1023280000,1023360000,12977,2604
12792,1023360000,1023440000,21939,4089
12793,1023440000,1023520000,20406,3946
12794,1023520000,1023600000,15906,3517
12795,1023600000,1023680000,14152,2829
12796,1023680000,1023760000,21885,4087
12797,1023760000,1023840000,19680,3681
12798,1023840000,1023920000,15849,3438
12799,1023920000,1024000000,16495,3178
12800,1024000000,1024080000,23052,4096
12801,1024080000,1024160000,18707,3656
12802,1024160000,1024240000,15355,3207
12803,1024240000,1024320000,17069,3400
12804,1024320000,1024400000,22165,4099
12805,1024400000,1024480000,17722,3641
12806,1024480000,1024560000,14882,3108
12807,1024560000,1024640000,18362,3532
12808,1024640000,1024720000,21698,4194
12809,1024720000,1024800000,16848,3618
12810,1024800000,1024880000,13156,2694
12811,1024880000,1024960000,19824,3863
12812,1024960000,1025040000,23050,4230
12813,1025040000,1025120000,16759,3609
12814,1025120000,1025200000,13000,2483
12815,1025200000,1025280000,21699,4071
12816,1025280000,1025360000,24305,4370
12817,1025360000,1025440000,16366,3524
12818,1025440000,1025520000,12896,2413
12819,1025520000,1025600000,21776,4061
12820,1025600000,1025680000,23767,4283
12821,1025680000,1025760000,15791,3405
12822,1025760000,1025840000,13713,2604
12823,1025840000,1025920000,22245,4094
12824,1025920000,1026000000,21002,3933
12825,1026000000,1026080000,16347,3517
12826,1026080000,1026160000,14452,2829
12827,1026160000,1026240000,21982,4090
12828,1026240000,1026320000,19938,3678
12829,1026320000,1026400000,16067,3438
12830,1026400000,1026480000,17030,3178
12831,1026480000,1026560000,22721,4107
12832,1026560000,1026640000,18801,3663
12833,1026640000,1026720000,15824,3207
12834,1026720000,1026800000,18267,3400
12835,1026800000,1026880000,22876,4102
12836,1026880000,1026960000,18263,3638
12837,1026960000,1027040000,15038,3108
12838,1027040000,1027120000,17975,3532
12839,1027120000,1027200000,22432,4203
12840,1027200000,1027280000,16768,3613
12841,1027280000,1027360000,13076,2694
12842,1027360000,1027440000,19872,3864
12843,1027440000,1027520000,23083,4226
12844,1027520000,1027600000,17037,3600
12845,1027600000,1027680000,12980,2483
12846,1027680000,1027760000,21691,4076
12847,1027760000,1027840000,24229,4370
12848,1027840000,1027920000,16188,3525
12849,1027920000,1028000000,12240,2413
12850,1028000000,1028080000,20864,4058
12851,1028080000,1028160000,22706,4278
12852,1028160000,1028240000,15407,3405
12853,1028240000,1028320000,13137,2604
12854,1028320000,1028400000,22170,4089
12855,1028400000,1028480000,20880,3934
12856,1028480000,1028560000,16075,3517
12857,1028560000,1028640000,14030,2829
12858,1028640000,1028720000,22244,4087
12859,1028720000,1028800000,19844,3661
12860,1028800000,1028880000,15966,3438
12861,1028880000,1028960000,16640,3178
12862,1028960000,1029040000,22964,4102
12863,1029040000,1029120000,18266,3656
12864,1029120000,1029200000,15316,3207
12865,1029200000,1029280000,17326,3400
12866,1029280000,1029360000,22212,4105
12867,1029360000,1029440000,17527,3639
12868,1029440000,1029520000,14843,3108
12869,1029520000,1029600000,18336,3532
12870,1029600000,1029680000,22430,4194
12871,1029680000,1029760000,16968,3618
12872,1029760000,1029840000,12937,2694
12873,1029840000,1029920000,19281,3863
12874,1029920000,1030000000,22389,4226
12875,1030000000,1030080000,16515,3603
12876,1030080000,1030160000,12723,2483
12877,1030160000,1030240000,21029,4071
12878,1030240000,1030320000,23170,4370
12879,1030320000,1030400000,16137,3524
12880,1030400000,1030480000,12336,2413
12881,1030480000,1030560000,21326,4061
12882,1030560000,1030640000,22995,4295
12883,1030640000,1030720000,15607,3405
12884,1030720000,1030800000,13376,2604
12885,1030800000,1030880000,22519,4094
12886,1030880000,1030960000,21143,3933
12887,1030960000,1031040000,16242,3517
12888,1031040000,1031120000,14203,2829
12889,1031120000,1031200000,21743,4084
12890,1031200000,1031280000,19675,3672
12891,1031280000,1031360000,16049,3438
12892,1031360000,1031440000,17116,3178
12893,1031440000,1031520000,23139,4101
12894,1031520000,1031600000,19034,3663
12895,1031600000,1031680000,15470,3207
12896,1031680000,1031760000,17310,3400
12897,1031760000,1031840000,22591,4102
12898,1031840000,1031920000,18117,3638
12899,1031920000,1032000000,14978,3108
12900,1032000000,1032080000,18495,3532
12901,1032080000,1032160000,23134,4195
12902,1032160000,1032240000,17110,3613
12903,1032240000,1032320000,13507,2694
12904,1032320000,1032400000,20324,3867
12905,1032400000,1032480000,21758,4223
12906,1032480000,1032560000,16954,3600
12907,1032560000,1032640000,12779,2483
12908,1032640000,1032720000,21430,4070
12909,1032720000,1032800000,23375,4370
12910,1032800000,1032880000,16079,3525
12911,1032880000,1032960000,12648,2413
12912,1032960000,1033040000,21346,4058
12913,1033040000,1033120000,23607,4278
12914,1033120000,1033200000,15765,3405
12915,1033200000,1033280000,13458,2604
12916,1033280000,1033360000,22566,4095
12917,1033360000,1033440000,20740,3948
12918,1033440000,1033520000,16329,3517
12919,1033520000,1033600000,14041,2829
12920,1033600000,1033680000,21121,4087
12921,1033680000,1033760000,19637,3661
12922,1033760000,1033840000,15781,3438
12923,1033840000,1033920000,15664,3178
12924,1033920000,1034000000,22698,4096
12925,1034000000,1034080000,18234,3656
12926,1034080000,1034160000,15103,3207
12927,1034160000,1034240000,17243,3400
12928,1034240000,1034320000,22423,4108
12929,1034320000,1034400000,18004,3636
12930,1034400000,1034480000,14678,3108
12931,1034480000,1034560000,18061,3532
12932,1034560000,1034640000,22441,4194
12933,1034640000,1034720000,17119,3618
12934,1034720000,1034800000,12989,2694
12935,1034800000,1034880000,19716,3863
12936,1034880000,1034960000,22568,4226
12937,1034960000,1035040000,16735,3603
12938,1035040000,1035120000,12552,2483
12939,1035120000,1035200000,20858,4071
12940,1035200000,1035280000,23151,4370
12941,1035280000,1035360000,16102,3524
12942,1035360000,1035440000,12390,2413
12943,1035440000,1035520000,20927,4061
12944,1035520000,1035600000,23015,4283
12945,1035600000,1035680000,15837,3405
12946,1035680000,1035760000,13587,2604
12947,1035760000,1035840000,21652,4094
12948,1035840000,1035920000,20509,3933
12949,1035920000,1036000000,16314,3517
12950,1036000000,1036080000,14326,2829
12951,1036080000,1036160000,22123,4087
12952,1036160000,1036240000,19933,3675
12953,1036240000,1036320000,16093,3438
12954,1036320000,1036400000,16917,3178
12955,1036400000,1036480000,23435,4101
12956,1036480000,1036560000,18953,3663
12957,1036560000,1036640000,15587,3207
12958,1036640000,1036720000,17638,3400
12959,1036720000,1036800000,22401,4102
12960,1036800000,1036880000,18123,3638
12961,1036880000,1036960000,15380,3108
12962,1036960000,1037040000,18829,3532
12963,1037040000,1037120000,22884,4195
12964,1037120000,1037200000,17204,3613
12965,1037200000,1037280000,12861,2694
12966,1037280000,1037360000,19135,3864
12967,1037360000,1037440000,22719,4220
12968,1037440000,1037520000,16979,3600
12969,1037520000,1037600000,12739,2483
12970,1037600000,1037680000,21669,4070
12971,1037680000,1037760000,24413,4370
12972,1037760000,1037840000,16086,3525
12973,1037840000,1037920000,12649,2413
12974,1037920000,1038000000,21256,4058
12975,1038000000,1038080000,23555,4290
12976,1038080000,1038160000,15267,3405
12977,1038160000,1038240000,12927,2604
12978,1038240000,1038320000,21568,4089
12979,1038320000,1038400000,20707,3934
12980,1038400000,1038480000,15540,3517
12981,1038480000,1038560000,13525,2829
12982,1038560000,1038640000,21215,4087
12983,1038640000,1038720000,19500,3661
12984,1038720000,1038800000,15391,3438
12985,1038800000,1038880000,16269,3178
12986,1038880000,1038960000,21929,4096
12987,1038960000,1039040000,18426,3656
12988,1039040000,1039120000,15275,3207
12989,1039120000,1039200000,17536,3400
12990,1039200000,1039280000,22252,4105
12991,1039280000,1039360000,17956,3639
12992,1039360000,1039440000,14897,3108
12993,1039440000,1039520000,18240,3532
12994,1039520000,1039600000,22637,4194
12995,1039600000,1039680000,17105,3618
12996,1039680000,1039760000,13304,2694
12997,1039760000,1039840000,20077,3863
12998,1039840000,1039920000,21988,4226
12999,1039920000,1040000000,17000,3603
13000,1040000000,1040080000,12920,2483
13001,1040080000,1040160000,21594,4071
13002,1040160000,1040240000,23901,4370
13003,1040240000,1040320000,16413,3524
13004,1040320000,1040400000,12562,2413
13005,1040400000,1040480000,21651,4061
13006,1040480000,1040560000,22685,4289
13007,1040560000,1040640000,15670,3405
13008,1040640000,1040720000,13510,2604
13009,1040720000,1040800000,22158,4094
13010,1040800000,1040880000,21024,3933
13011,1040880000,1040960000,16205,3517
13012,1040960000,1041040000,14028,2829
13013,1041040000,1041120000,21426,4084
13014,1041120000,1041200000,19205,3672
13015,1041200000,1041280000,15851,3438
13016,1041280000,1041360000,16652,3178
13017,1041360000,1041440000,22390,4107
13018,1041440000,1041520000,18848,3675
13019,1041520000,1041600000,15263,3207
13020,1041600000,1041680000,17396,3400
13021,1041680000,1041760000,22158,4102
13022,1041760000,1041840000,17732,3638
13023,1041840000,1041920000,15058,3108
13024,1041920000,1042000000,18245,3532
13025,1042000000,1042080000,20998,4195
13026,1042080000,1042160000,16592,3613
13027,1042160000,1042240000,13347,2694
13028,1042240000,1042320000,19921,3864
13029,1042320000,1042400000,22958,4220
13030,1042400000,1042480000,17199,3600
13031,1042480000,1042560000,13206,2483
13032,1042560000,1042640000,22096,4070
13033,1042640000,1042720000,23814,4370
13034,1042720000,1042800000,16543,3525
13035,1042800000,1042880000,12597,2413
13036,1042880000,1042960000,21389,4058
13037,1042960000,1043040000,23740,4278
13038,1043040000,1043120000,15845,3405
13039,1043120000,1043200000,13270,2604
13040,1043200000,1043280000,22040,4089
13041,1043280000,1043360000,20086,3934
13042,1043360000,1043440000,16176,3517
13043,1043440000,1043520000,14404,2829
13044,1043520000,1043600000,21957,4095
13045,1043600000,1043680000,19750,3661
13046,1043680000,1043760000,15993,3438
13047,1043760000,1043840000,16506,3178
13048,1043840000,1043920000,23524,4096
13049,1043920000,1044000000,18533,3656
13050,1044000000,1044080000,15538,3207
13051,1044080000,1044160000,17830,3400
13052,1044160000,1044240000,21931,4099
13053,1044240000,1044320000,18006,3633
13054,1044320000,1044400000,15237,3108
13055,1044400000,1044480000,18630,3532
13056,1044480000,1044560000,21607,4194
13057,1044560000,1044640000,16796,3618
13058,1044640000,1044720000,13467,2694
13059,1044720000,1044800000,19655,3863
13060,1044800000,1044880000,22717,4226
13061,1044880000,1044960000,17086,3603
13062,1044960000,1045040000,13006,2483
13063,1045040000,1045120000,21826,4071
13064,1045120000,1045200000,24436,4370
13065,1045200000,1045280000,16518,3524
13066,1045280000,1045360000,12930,2413
13067,1045360000,1045440000,21853,4061
13068,1045440000,1045520000,23390,4283
13069,1045520000,1045600000,16132,3405
13070,1045600000,1045680000,13986,2604
13071,1045680000,1045760000,22432,4094
13072,1045760000,1045840000,21359,3933
13073,1045840000,1045920000,16610,3517
13074,1045920000,1046000000,14779,2829
13075,1046000000,1046080000,22533,4084
13076,1046080000,1046160000,19451,3672
13077,1046160000,1046240000,16322,3438
13078,1046240000,1046320000,17326,3178
13079,1046320000,1046400000,22731,4101
13080,1046400000,1046480000,18541,3663
13081,1046480000,1046560000,15985,3207
13082,1046560000,1046640000,18025,3400
13083,1046640000,1046720000,22843,4108
13084,1046720000,1046800000,18480,3644
13085,1046800000,1046880000,15341,3108
13086,1046880000,1046960000,18209,3532
13087,1046960000,1047040000,22715,4195
13088,1047040000,1047120000,17179,3613
13089,1047120000,1047200000,13063,2694
13090,1047200000,1047280000,19418,3864
13091,1047280000,1047360000,22437,4220
13092,1047360000,1047440000,16852,3600
13093,1047440000,1047520000,12676,2483
13094,1047520000,1047600000,21391,4070
13095,1047600000,1047680000,23855,4370
13096,1047680000,1047760000,16128,3525
13097,1047760000,1047840000,12415,2413
13098,1047840000,1047920000,21477,4058
13099,1047920000,1048000000,22684,4290
13100,1048000000,1048080000,15564,3405
13101,1048080000,1048160000,13673,2604
13102,1048160000,1048240000,22079,4089
13103,1048240000,1048320000,20033,3934
13104,1048320000,1048400000,16137,3517
13105,1048400000,1048480000,13904,2829
13106,1048480000,1048560000,21601,4093
13107,1048560000,1048640000,19668,3667
13108,1048640000,1048720000,15821,3438
13109,1048720000,1048800000,16529,3178
13110,1048800000,1048880000,23237,4096
13111,1048880000,1048960000,18440,3656
13112,1048960000,1049040000,15179,3207
13113,1049040000,1049120000,17104,3400
13114,1049120000,1049200000,22576,4105
13115,1049200000,1049280000,17857,3639
13116,1049280000,1049360000,14521,3108
13117,1049360000,1049440000,17880,3532
13118,1049440000,1049520000,22007,4194
13119,1049520000,1049600000,16834,3624
13120,1049600000,1049680000,12870,2694
13121,1049680000,1049760000,19609,3863
13122,1049760000,1049840000,21817,4226
13123,1049840000,1049920000,16490,3603
13124,1049920000,1050000000,12896,2483
13125,1050000000,1050080000,21431,4071
13126,1050080000,1050160000,23161,4370
13127,1050160000,1050240000,16141,3524
13128,1050240000,1050320000,12716,2413
13129,1050320000,1050400000,21129,4061
13130,1050400000,1050480000,23545,4283
13131,1050480000,1050560000,15648,3405
13132,1050560000,1050640000,13644,2604
13133,1050640000,1050720000,22503,4094
13134,1050720000,1050800000,20576,3933
13135,1050800000,1050880000,16193,3517
13136,1050880000,1050960000,14203,2829
13137,1050960000,1051040000,21268,4084
13138,1051040000,1051120000,19330,3672
13139,1051120000,1051200000,16126,3438
13140,1051200000,1051280000,17059,3178
13141,1051280000,1051360000,23197,4101
13142,1051360000,1051440000,18552,3663
13143,1051440000,1051520000,15086,3207
13144,1051520000,1051600000,16945,3400
13145,1051600000,1051680000,23045,4102
13146,1051680000,1051760000,17829,3638
13147,1051760000,1051840000,14493,3108
13148,1051840000,1051920000,17800,3532
13149,1051920000,1052000000,23405,4195
13150,1052000000,1052080000,17082,3619
13151,1052080000,1052160000,12927,2694
13152,1052160000,1052240000,19935,3864
13153,1052240000,1052320000,22076,4220
13154,1052320000,1052400000,17113,3600
13155,1052400000,1052480000,12757,2483
13156,1052480000,1052560000,21792,4070
13157,1052560000,1052640000,23864,4370
13158,1052640000,1052720000,16416,3525
13159,1052720000,1052800000,12622,2413
13160,1052800000,1052880000,21110,4064
13161,1052880000,1052960000,23093,4286
13162,1052960000,1053040000,15797,3405
13163,1053040000,1053120000,13594,2604
13164,1053120000,1053200000,22484,4089
13165,1053200000,1053280000,21089,3934
13166,1053280000,1053360000,16327,3517
13167,1053360000,1053440000,14571,2829
13168,1053440000,1053520000,21819,4087
13169,1053520000,1053600000,19578,3661
13170,1053600000,1053680000,16333,3438
13171,1053680000,1053760000,16606,3178
13172,1053760000,1053840000,22906,4102
13173,1053840000,1053920000,18410,3656
13174,1053920000,1054000000,15675,3207
13175,1054000000,1054080000,17871,3400
13176,1054080000,1054160000,22473,4111
13177,1054160000,1054240000,17951,3633
13178,1054240000,1054320000,14991,3108
13179,1054320000,1054400000,18333,3532
13180,1054400000,1054480000,22959,4194
13181,1054480000,1054560000,17158,3624
13182,1054560000,1054640000,13283,2694
13183,1054640000,1054720000,20111,3863
13184,1054720000,1054800000,22930,4226
13185,1054800000,1054880000,16935,3603
13186,1054880000,1054960000,13030,2483
13187,1054960000,1055040000,21715,4071
13188,1055040000,1055120000,23804,4370
13189,1055120000,1055200000,16557,3524
13190,1055200000,1055280000,12915,2413
13191,1055280000,1055360000,21842,4061
13192,1055360000,1055440000,23496,4295
13193,1055440000,1055520000,16190,3405
13194,1055520000,1055600000,13887,2604
13195,1055600000,1055680000,21709,4100
13196,1055680000,1055760000,20779,3939
13197,1055760000,1055840000,16562,3517
13198,1055840000,1055920000,14739,2829
13199,1055920000,1056000000,21776,4084
13200,1056000000,1056080000,19861,3672
13201,1056080000,1056160000,15976,3438
13202,1056160000,1056240000,16515,3178
13203,1056240000,1056320000,22180,4101
13204,1056320000,1056400000,18608,3663
13205,1056400000,1056480000,15378,3207
13206,1056480000,1056560000,17448,3400
13207,1056560000,1056640000,22538,4114
13208,1056640000,1056720000,18032,3644
13209,1056720000,1056800000,15021,3108
13210,1056800000,1056880000,18572,3532
13211,1056880000,1056960000,22979,4195
13212,1056960000,1057040000,17260,3613
13213,1057040000,1057120000,12822,2694
13214,1057120000,1057200000,19794,3864
13215,1057200000,1057280000,22789,4220
13216,1057280000,1057360000,17051,3600
13217,1057360000,1057440000,12708,2483
13218,1057440000,1057520000,21784,4070
13219,1057520000,1057600000,24374,4370
13220,1057600000,1057680000,16239,3525
13221,1057680000,1057760000,12703,2413
13222,1057760000,1057840000,21465,4064
13223,1057840000,1057920000,23026,4278
13224,1057920000,1058000000,15842,3405
13225,1058000000,1058080000,13867,2604
13226,1058080000,1058160000,22032,4095
13227,1058160000,1058240000,21123,3934
13228,1058240000,1058320000,16278,3517
13229,1058320000,1058400000,14071,2829
13230,1058400000,1058480000,21335,4087
13231,1058480000,1058560000,19204,3661
13232,1058560000,1058640000,15855,3438
13233,1058640000,1058720000,17016,3178
13234,1058720000,1058800000,22893,4096
13235,1058800000,1058880000,18382,3656
13236,1058880000,1058960000,15796,3207
13237,1058960000,1059040000,18221,3400
13238,1059040000,1059120000,22397,4105
13239,1059120000,1059200000,17868,3633
13240,1059200000,1059280000,15286,3108
13241,1059280000,1059360000,18796,3532
13242,1059360000,1059440000,22489,4200
13243,1059440000,1059520000,17546,3618
13244,1059520000,1059600000,13459,2694
13245,1059600000,1059680000,20498,3863
13246,1059680000,1059760000,22354,4226
13247,1059760000,1059840000,17017,3603
13248,1059840000,1059920000,13065,2483
13249,1059920000,1060000000,21546,4071
13250,1060000000,1060080000,23624,4370
13251,1060080000,1060160000,16414,3524
13252,1060160000,1060240000,13033,2413
13253,1060240000,1060320000,22010,4061
13254,1060320000,1060400000,23536,4283
13255,1060400000,1060480000,15754,3405
13256,1060480000,1060560000,13674,2604
13257,1060560000,1060640000,22202,4094
13258,1060640000,1060720000,20474,3939
13259,1060720000,1060800000,16256,3517
13260,1060800000,1060880000,14373,2829
13261,1060880000,1060960000,21890,4084
13262,1060960000,1061040000,19745,3672
13263,1061040000,1061120000,15860,3438
13264,1061120000,1061200000,16622,3178
13265,1061200000,1061280000,23064,4101
13266,1061280000,1061360000,18882,3669
13267,1061360000,1061440000,15462,3207
13268,1061440000,1061520000,17886,3400
13269,1061520000,1061600000,22922,4102
13270,1061600000,1061680000,17834,3638
13271,1061680000,1061760000,15381,3108
13272,1061760000,1061840000,18842,3532
13273,1061840000,1061920000,22449,4195
13274,1061920000,1062000000,16625,3613
13275,1062000000,1062080000,13681,2694
13276,1062080000,1062160000,20279,3864
13277,1062160000,1062240000,22273,4220
13278,1062240000,1062320000,17129,3600
13279,1062320000,1062400000,13347,2483
13280,1062400000,1062480000,22157,4070
13281,1062480000,1062560000,23443,4370
13282,1062560000,1062640000,16649,3525
13283,1062640000,1062720000,13168,2413
13284,1062720000,1062800000,22013,4058
13285,1062800000,1062880000,23833,4290
13286,1062880000,1062960000,16004,3405
13287,1062960000,1063040000,13454,2604
13288,1063040000,1063120000,21863,4089
13289,1063120000,1063200000,20636,3942
13290,1063200000,1063280000,16018,3517
13291,1063280000,1063360000,14449,2829
13292,1063360000,1063440000,21743,4090
13293,1063440000,1063520000,19639,3664
13294,1063520000,1063600000,16083,3438
13295,1063600000,1063680000,16771,3178
13296,1063680000,1063760000,22771,4102
13297,1063760000,1063840000,18211,3662
13298,1063840000,1063920000,15617,3207
13299,1063920000,1064000000,17614,3400
13300,1064000000,1064080000,22505,4105
13301,1064080000,1064160000,17678,3641
13302,1064160000,1064240000,15150,3108
13303,1064240000,1064320000,18681,3532
13304,1064320000,1064400000,22349,4200
13305,1064400000,1064480000,16842,3618
13306,1064480000,1064560000,13541,2694
13307,1064560000,1064640000,20408,3863
13308,1064640000,1064720000,23455,4226
13309,1064720000,1064800000,17280,3603
13310,1064800000,1064880000,13359,2483
13311,1064880000,1064960000,21964,4071
13312,1064960000,1065040000,24083,4370
13313,1065040000,1065120000,16405,3524
13314,1065120000,1065200000,12418,2413
13315,1065200000,1065280000,20756,4061
13316,1065280000,1065360000,23051,4283
13317,1065360000,1065440000,15361,3405
13318,1065440000,1065520000,12751,2604
13319,1065520000,1065600000,21371,4094
13320,1065600000,1065680000,20188,3933
13321,1065680000,1065760000,15626,3517
13322,1065760000,1065840000,13512,2829
13323,1065840000,1065920000,21758,4084
13324,1065920000,1066000000,19644,3672
13325,1066000000,1066080000,15384,3438
13326,1066080000,1066160000,15951,3178
13327,1066160000,1066240000,22621,4101
13328,1066240000,1066320000,18277,3663
13329,1066320000,1066400000,15083,3207
13330,1066400000,1066480000,16938,3400
13331,1066480000,1066560000,22561,4102
13332,1066560000,1066640000,18466,3638
13333,1066640000,1066720000,14618,3108
13334,1066720000,1066800000,17358,3532
13335,1066800000,1066880000,21828,4195
13336,1066880000,1066960000,16767,3613
13337,1066960000,1067040000,12753,2694
13338,1067040000,1067120000,19464,3864
13339,1067120000,1067200000,23010,4220
13340,1067200000,1067280000,16913,3600
13341,1067280000,1067360000,12509,2483
13342,1067360000,1067440000,20993,4070
13343,1067440000,1067520000,22919,4370
13344,1067520000,1067600000,15846,3525
13345,1067600000,1067680000,12129,2413
13346,1067680000,1067760000,20903,4058
13347,1067760000,1067840000,23552,4278
13348,1067840000,1067920000,15298,3405
13349,1067920000,1068000000,12943,2604
13350,1068000000,1068080000,22091,4089
13351,1068080000,1068160000,20547,3934
13352,1068160000,1068240000,15872,3517
13353,1068240000,1068320000,13765,2829
13354,1068320000,1068400000,21751,4090
13355,1068400000,1068480000,19487,3664
13356,1068480000,1068560000,15738,3438
13357,1068560000,1068640000,16136,3178
13358,1068640000,1068720000,22487,4096
13359,1068720000,1068800000,17824,3656
13360,1068800000,1068880000,15346,3207
13361,1068880000,1068960000,17332,3400
13362,1068960000,1069040000,22545,4099
13363,1069040000,1069120000,17834,3633
13364,1069120000,1069200000,15170,3108
13365,1069200000,1069280000,18534,3532
13366,1069280000,1069360000,22019,4194
13367,1069360000,1069440000,16978,3618
13368,1069440000,1069520000,13304,2694
13369,1069520000,1069600000,19877,3863
13370,1069600000,1069680000,22726,4226
13371,1069680000,1069760000,16933,3603
13372,1069760000,1069840000,12977,2483
13373,1069840000,1069920000,21684,4071
13374,1069920000,1070000000,24278,4379
13375,1070000000,1070080000,16022,3527
13376,1070080000,1070160000,12443,2413
13377,1070160000,1070240000,21113,4061
13378,1070240000,1070320000,22907,4283
13379,1070320000,1070400000,15496,3405
13380,1070400000,1070480000,13506,2604
13381,1070480000,1070560000,22567,4094
13382,1070560000,1070640000,20576,3933
13383,1070640000,1070720000,15856,3517
13384,1070720000,1070800000,13527,2829
13385,1070800000,1070880000,20670,4090
13386,1070880000,1070960000,18931,3678
13387,1070960000,1071040000,15270,3438
13388,1071040000,1071120000,16250,3178
13389,1071120000,1071200000,22257,4101
13390,1071200000,1071280000,18379,3663
13391,1071280000,1071360000,14823,3207
13392,1071360000,1071440000,16710,3400
13393,1071440000,1071520000,23245,4102
13394,1071520000,1071600000,17904,3638
13395,1071600000,1071680000,14574,3108
13396,1071680000,1071760000,17561,3532
13397,1071760000,1071840000,21692,4195
13398,1071840000,1071920000,16783,3613
13399,1071920000,1072000000,13011,2694
13400,1072000000,1072080000,19609,3864
13401,1072080000,1072160000,22275,4220
13402,1072160000,1072240000,16527,3600
13403,1072240000,1072320000,12670,2483
13404,1072320000,1072400000,20767,4070
13405,1072400000,1072480000,23299,4376
13406,1072480000,1072560000,15903,3525
13407,1072560000,1072640000,12624,2413
13408,1072640000,1072720000,21026,4058
13409,1072720000,1072800000,22499,4284
13410,1072800000,1072880000,15475,3405
13411,1072880000,1072960000,13443,2604
13412,1072960000,1073040000,22088,4089
13413,1073040000,1073120000,20361,3934
13414,1073120000,1073200000,16021,3517
13415,1073200000,1073280000,14347,2829
13416,1073280000,1073360000,21144,4087
13417,1073360000,1073440000,19328,3661
13418,1073440000,1073520000,15939,3438
13419,1073520000,1073600000,16224,3178
13420,1073600000,1073680000,22162,4096
13421,1073680000,1073760000,18103,3656
13422,1073760000,1073840000,15529,3207
13423,1073840000,1073920000,17597,3400
13424,1073920000,1074000000,22760,4099
13425,1074000000,1074080000,17863,3639
13426,1074080000,1074160000,15065,3108
13427,1074160000,1074240000,18257,3532
13428,1074240000,1074320000,22572,4194
13429,1074320000,1074400000,16726,3618
13430,1074400000,1074480000,13091,2694
13431,1074480000,1074560000,19812,3863
13432,1074560000,1074640000,22564,4226
13433,1074640000,1074720000,16727,3603
13434,1074720000,1074800000,12752,2483
13435,1074800000,1074880000,21107,4071
13436,1074880000,1074960000,23432,4370
13437,1074960000,1075040000,16185,3524
13438,1075040000,1075120000,12383,2413
13439,1075120000,1075200000,21438,4061
13440,1075200000,1075280000,24119,4283
13441,1075280000,1075360000,15839,3405
13442,1075360000,1075440000,13506,2604
13443,1075440000,1075520000,22621,4094
13444,1075520000,1075600000,21079,3939
13445,1075600000,1075680000,16353,3517
13446,1075680000,1075760000,14556,2829
13447,1075760000,1075840000,21759,4084
13448,1075840000,1075920000,19197,3672
13449,1075920000,1076000000,16200,3438
13450,1076000000,1076080000,16980,3178
13451,1076080000,1076160000,23125,4107
13452,1076160000,1076240000,19040,3663
13453,1076240000,1076320000,15431,3207
13454,1076320000,1076400000,17142,3400
13455,1076400000,1076480000,22309,4108
13456,1076480000,1076560000,17782,3644
13457,1076560000,1076640000,15139,3108
13458,1076640000,1076720000,18217,3532
13459,1076720000,1076800000,21565,4195
13460,1076800000,1076880000,16869,3619
13461,1076880000,1076960000,13174,2694
13462,1076960000,1077040000,19394,3864
13463,1077040000,1077120000,22674,4234
13464,1077120000,1077200000,16910,3600
13465,1077200000,1077280000,12881,2483
13466,1077280000,1077360000,21317,4070
13467,1077360000,1077440000,23669,4370
13468,1077440000,1077520000,16372,3525
13469,1077520000,1077600000,12693,2413
13470,1077600000,1077680000,21248,4058
13471,1077680000,1077760000,22577,4278
13472,1077760000,1077840000,15790,3405
13473,1077840000,1077920000,13591,2604
13474,1077920000,1078000000,22519,4101
13475,1078000000,1078080000,20964,3940
13476,1078080000,1078160000,16289,3517
13477,1078160000,1078240000,14174,2829
13478,1078240000,1078320000,21745,4093
13479,1078320000,1078400000,19375,3661
13480,1078400000,1078480000,15930,3438
13481,1078480000,1078560000,16788,3178
13482,1078560000,1078640000,22442,4096
13483,1078640000,1078720000,18619,3656
13484,1078720000,1078800000,15671,3207
13485,1078800000,1078880000,17956,3400
13486,1078880000,1078960000,22554,4105
13487,1078960000,1079040000,17917,3633
13488,1079040000,1079120000,15483,3108
13489,1079120000,1079200000,18792,3532
13490,1079200000,1079280000,23370,4194
13491,1079280000,1079360000,17204,3618
13492,1079360000,1079440000,13715,2694
13493,1079440000,1079520000,20092,3863
13494,1079520000,1079600000,22416,4232
13495,1079600000,1079680000,17126,3603
13496,1079680000,1079760000,13007,2483
13497,1079760000,1079840000,21431,4071
13498,1079840000,1079920000,23213,4370
13499,1079920000,1080000000,16466,3524
13500,1080000000,1080080000,12770,2413
13501,1080080000,1080160000,21893,4065
13502,1080160000,1080240000,23389,4287
13503,1080240000,1080320000,15984,3405
13504,1080320000,1080400000,13916,2604
13505,1080400000,1080480000,22973,4094
13506,1080480000,1080560000,21315,3933
13507,1080560000,1080640000,16582,3517
13508,1080640000,1080720000,14283,2829
13509,1080720000,1080800000,21416,4084
13510,1080800000,1080880000,19368,3678
13511,1080880000,1080960000,16197,3438
13512,1080960000,1081040000,17065,3178
13513,1081040000,1081120000,22467,4101
13514,1081120000,1081200000,18324,3663
13515,1081200000,1081280000,15866,3207
13516,1081280000,1081360000,18045,3400
13517,1081360000,1081440000,22746,4102
13518,1081440000,1081520000,17293,3644
13519,1081520000,1081600000,15384,3108
13520,1081600000,1081680000,17984,3532
13521,1081680000,1081760000,22656,4195
13522,1081760000,1081840000,16763,3613
13523,1081840000,1081920000,13426,2694
13524,1081920000,1082000000,19530,3864
13525,1082000000,1082080000,22122,4220
13526,1082080000,1082160000,16586,3600
13527,1082160000,1082240000,13305,2483
13528,1082240000,1082320000,21248,4070
13529,1082320000,1082400000,23165,4370
13530,1082400000,1082480000,16373,3525
13531,1082480000,1082560000,12814,2413
13532,1082560000,1082640000,21095,4058
13533,1082640000,1082720000,22620,4278
13534,1082720000,1082800000,15517,3405
13535,1082800000,1082880000,12933,2604
13536,1082880000,1082960000,21280,4089
13537,1082960000,1083040000,20204,3934
13538,1083040000,1083120000,15655,3517
13539,1083120000,1083200000,14154,2829
13540,1083200000,1083280000,22246,4087
13541,1083280000,1083360000,19803,3661
13542,1083360000,1083440000,15573,3438
13543,1083440000,1083520000,16304,3178
13544,1083520000,1083600000,22211,4096
13545,1083600000,1083680000,18020,3656
13546,1083680000,1083760000,15207,3207
13547,1083760000,1083840000,17372,3400
13548,1083840000,1083920000,22118,4099
13549,1083920000,1084000000,17598,3633
13550,1084000000,1084080000,14904,3108
13551,1084080000,1084160000,18052,3532
13552,1084160000,1084240000,22940,4194
13553,1084240000,1084320000,16706,3618
13554,1084320000,1084400000,13127,2694
13555,1084400000,1084480000,19557,3863
13556,1084480000,1084560000,22885,4226
13557,1084560000,1084640000,16622,3603
13558,1084640000,1084720000,12925,2483
13559,1084720000,1084800000,21301,4077
13560,1084800000,1084880000,23839,4370
13561,1084880000,1084960000,16039,3524
13562,1084960000,1085040000,12783,2413
13563,1085040000,1085120000,21488,4061
13564,1085120000,1085200000,23522,4289
13565,1085200000,1085280000,15692,3405
13566,1085280000,1085360000,13287,2604
13567,1085360000,1085440000,21990,4094
13568,1085440000,1085520000,20912,3933
13569,1085520000,1085600000,16016,3517
13570,1085600000,1085680000,14212,2829
13571,1085680000,1085760000,22094,4087
13572,1085760000,1085840000,19697,3675
13573,1085840000,1085920000,15759,3438
13574,1085920000,1086000000,16596,3178
13575,1086000000,1086080000,22665,4107
13576,1086080000,1086160000,18662,3669
13577,1086160000,1086240000,15528,3207
13578,1086240000,1086320000,17373,3400
13579,1086320000,1086400000,23060,4102
13580,1086400000,1086480000,18073,3638
13581,1086480000,1086560000,15174,3108
13582,1086560000,1086640000,18167,3532
13583,1086640000,1086720000,22745,4195
13584,1086720000,1086800000,16943,3613
13585,1086800000,1086880000,13228,2694
13586,1086880000,1086960000,19554,3864
13587,1086960000,1087040000,22182,4226
13588,1087040000,1087120000,16811,3600
13589,1087120000,1087200000,13039,2483
13590,1087200000,1087280000,21318,4070
13591,1087280000,1087360000,23879,4370
13592,1087360000,1087440000,15960,3525
13593,1087440000,1087520000,12421,2413
13594,1087520000,1087600000,21310,4058
13595,1087600000,1087680000,23557,4278
13596,1087680000,1087760000,15446,3405
13597,1087760000,1087840000,13576,2604
13598,1087840000,1087920000,22407,4089
13599,1087920000,1088000000,20684,3934
13600,1088000000,1088080000,16135,3517
13601,1088080000,1088160000,14402,2829
13602,1088160000,1088240000,21768,4093
13603,1088240000,1088320000,18927,3661
13604,1088320000,1088400000,15959,3438
13605,1088400000,1088480000,16777,3178
13606,1088480000,1088560000,22713,4096
13607,1088560000,1088640000,18655,3656
13608,1088640000,1088720000,15514,3207
13609,1088720000,1088800000,17536,3400
13610,1088800000,1088880000,22572,4105
13611,1088880000,1088960000,17641,3639
13612,1088960000,1089040000,15202,3108
13613,1089040000,1089120000,18037,3532
13614,1089120000,1089200000,21777,4194
13615,1089200000,1089280000,16979,3618
13616,1089280000,1089360000,13589,2694
13617,1089360000,1089440000,20101,3863
13618,1089440000,1089520000,23016,4226
13619,1089520000,1089600000,16904,3603
13620,1089600000,1089680000,13130,2483
13621,1089680000,1089760000,21678,4071
13622,1089760000,1089840000,23471,4370
13623,1089840000,1089920000,16346,3524
13624,1089920000,1090000000,12654,2413
13625,1090000000,1090080000,21671,4061
13626,1090080000,1090160000,24106,4289
13627,1090160000,1090240000,15811,3405
13628,1090240000,1090320000,13808,2604
13629,1090320000,1090400000,22578,4094
13630,1090400000,1090480000,20953,3945
13631,1090480000,1090560000,16479,3517
13632,1090560000,1090640000,14284,2829
13633,1090640000,1090720000,21491,4084
13634,1090720000,1090800000,19241,3672
13635,1090800000,1090880000,16128,3438
13636,1090880000,1090960000,16961,3178
13637,1090960000,1091040000,22219,4107
13638,1091040000,1091120000,18168,3663
13639,1091120000,1091200000,15564,3207
13640,1091200000,1091280000,17372,3400
13641,1091280000,1091360000,22896,4102
13642,1091360000,1091440000,17842,3638
13643,1091440000,1091520000,15276,3108
13644,1091520000,1091600000,18467,3532
13645,1091600000,1091680000,22358,4201
13646,1091680000,1091760000,17069,3613
13647,1091760000,1091840000,13343,2694
13648,1091840000,1091920000,20217,3864
13649,1091920000,1092000000,22417,4220
13650,1092000000,1092080000,17057,3600
13651,1092080000,1092160000,12909,2483
13652,1092160000,1092240000,21785,4070
13653,1092240000,1092320000,23640,4370
13654,1092320000,1092400000,16533,3525
13655,1092400000,1092480000,12328,2413
13656,1092480000,1092560000,21009,4058
13657,1092560000,1092640000,23235,4278
13658,1092640000,1092720000,15511,3405
13659,1092720000,1092800000,12810,2604
13660,1092800000,1092880000,21404,4089
13661,1092880000,1092960000,19870,3934
13662,1092960000,1093040000,15711,3517
13663,1093040000,1093120000,13834,2829
13664,1093120000,1093200000,21091,4096
13665,1093200000,1093280000,19099,3670
13666,1093280000,1093360000,15590,3438
13667,1093360000,1093440000,15639,3178
13668,1093440000,1093520000,22634,4096
13669,1093520000,1093600000,18581,3656
13670,1093600000,1093680000,15128,3207
13671,1093680000,1093760000,17067,3400
13672,1093760000,1093840000,21932,4105
13673,1093840000,1093920000,17809,3633
13674,1093920000,1094000000,14596,3108
13675,1094000000,1094080000,17692,3532
13676,1094080000,1094160000,22147,4200
13677,1094160000,1094240000,16805,3624
13678,1094240000,1094320000,12679,2694
13679,1094320000,1094400000,19181,3863
13680,1094400000,1094480000,22805,4232
13681,1094480000,1094560000,16887,3603
13682,1094560000,1094640000,12496,2483
13683,1094640000,1094720000,21331,4071
13684,1094720000,1094800000,23784,4376
13685,1094800000,1094880000,16177,3524
13686,1094880000,1094960000,12399,2413
13687,1094960000,1095040000,21220,4061
13688,1095040000,1095120000,23719,4283
13689,1095120000,1095200000,16007,3405
13690,1095200000,1095280000,13421,2604
13691,1095280000,1095360000,22253,4094
13692,1095360000,1095440000,20892,3945
13693,1095440000,1095520000,16295,3517
13694,1095520000,1095600000,14144,2829
13695,1095600000,1095680000,21614,4084
13696,1095680000,1095760000,19778,3678
13697,1095760000,1095840000,16013,3438
13698,1095840000,1095920000,16580,3178
13699,1095920000,1096000000,23062,4101
13700,1096000000,1096080000,18655,3663
13701,1096080000,1096160000,15622,3207
13702,1096160000,1096240000,17193,3400
13703,1096240000,1096320000,22398,4108
13704,1096320000,1096400000,17763,3644
13705,1096400000,1096480000,14951,3108
13706,1096480000,1096560000,18011,3532
13707,1096560000,1096640000,22985,4195
13708,1096640000,1096720000,17018,3613
13709,1096720000,1096800000,12941,2694
13710,1096800000,1096880000,19459,3864
13711,1096880000,1096960000,22265,4226
13712,1096960000,1097040000,17057,3600
13713,1097040000,1097120000,12696,2483
13714,1097120000,1097200000,21539,4070
13715,1097200000,1097280000,23906,4370
13716,1097280000,1097360000,16443,3525
13717,1097360000,1097440000,12480,2413
13718,1097440000,1097520000,21436,4058
13719,1097520000,1097600000,22911,4290
13720,1097600000,1097680000,15927,3405
13721,1097680000,1097760000,13520,2604
13722,1097760000,1097840000,22358,4089
13723,1097840000,1097920000,20883,3940
13724,1097920000,1098000000,16221,3517
13725,1098000000,1098080000,13397,2829
13726,1098080000,1098160000,20527,4086
13727,1098160000,1098240000,19357,3661
13728,1098240000,1098320000,15707,3438
13729,1098320000,1098400000,16360,3178
13730,1098400000,1098480000,22472,4096
13731,1098480000,1098560000,18423,3656
13732,1098560000,1098640000,15450,3207
13733,1098640000,1098720000,17357,3400
13734,1098720000,1098800000,22183,4099
13735,1098800000,1098880000,17556,3639
13736,1098880000,1098960000,15162,3108
13737,1098960000,1099040000,18390,3532
13738,1099040000,1099120000,21927,4194
13739,1099120000,1099200000,17169,3618
13740,1099200000,1099280000,13576,2694
13741,1099280000,1099360000,20245,3866
13742,1099360000,1099440000,22444,4229
13743,1099440000,1099520000,17399,3603
13744,1099520000,1099600000,13166,2483
13745,1099600000,1099680000,22027,4071
13746,1099680000,1099760000,23349,4370
13747,1099760000,1099840000,16577,3524
13748,1099840000,1099920000,12655,2413
13749,1099920000,1100000000,21038,4061
13750,1100000000,1100080000,22922,4283
13751,1100080000,1100160000,16012,3405
13752,1100160000,1100240000,13476,2604
13753,1100240000,1100320000,22346,4100
13754,1100320000,1100400000,20807,3939
13755,1100400000,1100480000,16677,3517
13756,1100480000,1100560000,14441,2829
13757,1100560000,1100640000,22451,4084
13758,1100640000,1100720000,19980,3672
13759,1100720000,1100800000,15945,3438
13760,1100800000,1100880000,16297,3178
13761,1100880000,1100960000,22006,4101
13762,1100960000,1101040000,18475,3663
13763,1101040000,1101120000,15205,3207
13764,1101120000,1101200000,17449,3400
13765,1101200000,1101280000,22518,4108
13766,1101280000,1101360000,17485,3638
13767,1101360000,1101440000,14990,3108
13768,1101440000,1101520000,18509,3532
13769,1101520000,1101600000,21784,4195
13770,1101600000,1101680000,16752,3619
13771,1101680000,1101760000,13256,2694
13772,1101760000,1101840000,20050,3864
13773,1101840000,1101920000,22835,4229
13774,1101920000,1102000000,17098,3603
13775,1102000000,1102080000,12875,2483
13776,1102080000,1102160000,21648,4070
13777,1102160000,1102240000,23784,4370
13778,1102240000,1102320000,16574,3525
13779,1102320000,1102400000,12612,2413
13780,1102400000,1102480000,21346,4058
13781,1102480000,1102560000,23394,4278
13782,1102560000,1102640000,15989,3405
13783,1102640000,1102720000,12861,2604
13784,1102720000,1102800000,21837,4089
13785,1102800000,1102880000,20537,3946
13786,1102880000,1102960000,16120,3517
13787,1102960000,1103040000,13822,2829
13788,1103040000,1103120000,22060,4090
13789,1103120000,1103200000,20079,3664
13790,1103200000,1103280000,16041,3438
13791,1103280000,1103360000,16284,3178
13792,1103360000,1103440000,22970,4096
13793,1103440000,1103520000,18932,3656
13794,1103520000,1103600000,15036,3207
13795,1103600000,1103680000,16008,3400
13796,1103680000,1103760000,22242,4099
13797,1103760000,1103840000,17460,3633
13798,1103840000,1103920000,14302,3108
13799,1103920000,1104000000,17200,3532
13800,1104000000,1104080000,21759,4200
13801,1104080000,1104160000,16390,3624
13802,1104160000,1104240000,12698,2694
13803,1104240000,1104320000,18845,3863
13804,1104320000,1104400000,22938,4226
13805,1104400000,1104480000,16342,3603
13806,1104480000,1104560000,12639,2483
13807,1104560000,1104640000,21249,4071
13808,1104640000,1104720000,24807,4370
13809,1104720000,1104800000,15895,3524
13810,1104800000,1104880000,12397,2413
13811,1104880000,1104960000,20858,4061
13812,1104960000,1105040000,23169,4289
13813,1105040000,1105120000,15395,3405
13814,1105120000,1105200000,13222,2604
13815,1105200000,1105280000,21735,4094
13816,1105280000,1105360000,21095,3933
13817,1105360000,1105440000,15773,3517
13818,1105440000,1105520000,13625,2829
13819,1105520000,1105600000,21180,4084
13820,1105600000,1105680000,19753,3672
13821,1105680000,1105760000,15436,3438
13822,1105760000,1105840000,16172,3178
13823,1105840000,1105920000,22319,4101
13824,1105920000,1106000000,18448,3663
13825,1106000000,1106080000,15280,3207
13826,1106080000,1106160000,17337,3400
13827,1106160000,1106240000,22892,4102
13828,1106240000,1106320000,17965,3648
13829,1106320000,1106400000,14762,3108
13830,1106400000,1106480000,17392,3532
13831,1106480000,1106560000,22203,4195
13832,1106560000,1106640000,16811,3613
13833,1106640000,1106720000,12967,2694
13834,1106720000,1106800000,19381,3864
13835,1106800000,1106880000,23163,4220
13836,1106880000,1106960000,16871,3600
13837,1106960000,1107040000,12953,2483
13838,1107040000,1107120000,21718,4076
13839,1107120000,1107200000,24430,4376
13840,1107200000,1107280000,16029,3525
13841,1107280000,1107360000,12169,2413
13842,1107360000,1107440000,20956,4058
13843,1107440000,1107520000,23339,4284
13844,1107520000,1107600000,15204,3405
13845,1107600000,1107680000,12778,2604
13846,1107680000,1107760000,21658,4089
13847,1107760000,1107840000,21105,3934
13848,1107840000,1107920000,15724,3517
13849,1107920000,1108000000,13565,2829
13850,1108000000,1108080000,21141,4087
13851,1108080000,1108160000,19413,3661
13852,1108160000,1108240000,15677,3438
13853,1108240000,1108320000,16028,3178
13854,1108320000,1108400000,23067,4102
13855,1108400000,1108480000,18495,3662
13856,1108480000,1108560000,15270,3207
13857,1108560000,1108640000,17091,3400
13858,1108640000,1108720000,22417,4099
13859,1108720000,1108800000,17466,3633
13860,1108800000,1108880000,14967,3108
13861,1108880000,1108960000,18143,3532
13862,1108960000,1109040000,22080,4200
13863,1109040000,1109120000,16746,3618
13864,1109120000,1109200000,13150,2694
13865,1109200000,1109280000,19198,3863
13866,1109280000,1109360000,22892,4226
13867,1109360000,1109440000,16638,3603
13868,1109440000,1109520000,13016,2483
13869,1109520000,1109600000,21598,4071
13870,1109600000,1109680000,25224,4376
13871,1109680000,1109760000,16029,3524
13872,1109760000,1109840000,12043,2413
13873,1109840000,1109920000,20337,4061
13874,1109920000,1110000000,22515,4283
13875,1110000000,1110080000,15360,3405
13876,1110080000,1110160000,13095,2603
13877,1110160000,1110240000,22239,4094
13878,1110240000,1110320000,20968,3933
13879,1110320000,1110400000,15915,3517
13880,1110400000,1110480000,13637,2829
13881,1110480000,1110560000,21849,4084
13882,1110560000,1110640000,20487,3672
13883,1110640000,1110720000,15666,3438
13884,1110720000,1110800000,16539,3178
13885,1110800000,1110880000,22899,4101
13886,1110880000,1110960000,18914,3663
13887,1110960000,1111040000,15205,3207
13888,1111040000,1111120000,16853,3400
13889,1111120000,1111200000,22353,4102
13890,1111200000,1111280000,17537,3638
13891,1111280000,1111360000,14727,3108
13892,1111360000,1111440000,18000,3532
13893,1111440000,1111520000,21880,4195
13894,1111520000,1111600000,16244,3613
13895,1111600000,1111680000,13194,2694
13896,1111680000,1111760000,19642,3864
13897,1111760000,1111840000,22089,4220
13898,1111840000,1111920000,16596,3600
13899,1111920000,1112000000,12378,2483
13900,1112000000,1112080000,20440,4070
13901,1112080000,1112160000,24012,4370
13902,1112160000,1112240000,15986,3525
13903,1112240000,1112320000,12363,2413
13904,1112320000,1112400000,21223,4058
13905,1112400000,1112480000,23005,4284
13906,1112480000,1112560000,15478,3405
13907,1112560000,1112640000,13075,2604
13908,1112640000,1112720000,22374,4089
13909,1112720000,1112800000,21441,3934
13910,1112800000,1112880000,16049,3517
13911,1112880000,1112960000,13976,2829
13912,1112960000,1113040000,21253,4093
13913,1113040000,1113120000,18851,3661
13914,1113120000,1113200000,15867,3438
13915,1113200000,1113280000,15929,3178
13916,1113280000,1113360000,21838,4105
13917,1113360000,1113440000,18172,3665
13918,1113440000,1113520000,15449,3207
13919,1113520000,1113600000,17398,3400
13920,1113600000,1113680000,21677,4099
13921,1113680000,1113760000,17932,3641
13922,1113760000,1113840000,15133,3108
13923,1113840000,1113920000,18130,3532
13924,1113920000,1114000000,23565,4200
13925,1114000000,1114080000,17339,3618
13926,1114080000,1114160000,13299,2694
13927,1114160000,1114240000,19926,3863
13928,1114240000,1114320000,22025,4236
13929,1114320000,1114400000,16553,3613
13930,1114400000,1114480000,12520,2483
13931,1114480000,1114560000,20841,4071
13932,1114560000,1114640000,23513,4370
13933,1114640000,1114720000,16142,3524
13934,1114720000,1114800000,12305,2413
13935,1114800000,1114880000,21021,4061
13936,1114880000,1114960000,23163,4283
13937,1114960000,1115040000,15569,3405
13938,1115040000,1115120000,13360,2604
13939,1115120000,1115200000,21878,4094
13940,1115200000,1115280000,21591,3933
13941,1115280000,1115360000,15997,3517
13942,1115360000,1115440000,13951,2829
13943,1115440000,1115520000,21257,4090
13944,1115520000,1115600000,19523,3678
13945,1115600000,1115680000,15840,3438
13946,1115680000,1115760000,16581,3178
13947,1115760000,1115840000,22938,4101
13948,1115840000,1115920000,18568,3669
13949,1115920000,1116000000,15440,3207
13950,1116000000,1116080000,17133,3400
13951,1116080000,1116160000,22602,4102
13952,1116160000,1116240000,17752,3638
13953,1116240000,1116320000,15184,3108
13954,1116320000,1116400000,18142,3532
13955,1116400000,1116480000,22627,4201
13956,1116480000,1116560000,16844,3619
13957,1116560000,1116640000,13021,2694
13958,1116640000,1116720000,18967,3864
13959,1116720000,1116800000,22376,4220
13960,1116800000,1116880000,16743,3600
13961,1116880000,1116960000,12652,2483
13962,1116960000,1117040000,21045,4070
13963,1117040000,1117120000,24121,4376
13964,1117120000,1117200000,16244,3525
13965,1117200000,1117280000,12541,2413
13966,1117280000,1117360000,21260,4058
13967,1117360000,1117440000,23784,4278
13968,1117440000,1117520000,15579,3405
13969,1117520000,1117600000,13336,2604
13970,1117600000,1117680000,22088,4089
13971,1117680000,1117760000,20707,3934
13972,1117760000,1117840000,16108,3517
13973,1117840000,1117920000,14000,2829
13974,1117920000,1118000000,21368,4087
13975,1118000000,1118080000,19624,3661
13976,1118080000,1118160000,15950,3438
13977,1118160000,1118240000,16781,3178
13978,1118240000,1118320000,22565,4096
13979,1118320000,1118400000,18227,3656
13980,1118400000,1118480000,15780,3207
13981,1118480000,1118560000,17850,3400
13982,1118560000,1118640000,21926,4099
13983,1118640000,1118720000,17670,3633
13984,1118720000,1118800000,15175,3108
13985,1118800000,1118880000,18221,3532
13986,1118880000,1118960000,22324,4194
13987,1118960000,1119040000,17130,3618
13988,1119040000,1119120000,13267,2694
13989,1119120000,1119200000,19857,3863
13990,1119200000,1119280000,22501,4226
13991,1119280000,1119360000,16869,3603
13992,1119360000,1119440000,12773,2483
13993,1119440000,1119520000,21349,4071
13994,1119520000,1119600000,24364,4376
13995,1119600000,1119680000,16386,3524
13996,1119680000,1119760000,12577,2413
13997,1119760000,1119840000,21615,4061
13998,1119840000,1119920000,23633,4283
13999,1119920000,1120000000,15683,3405
14000,1120000000,1120080000,13470,2604
14001,1120080000,1120160000,22118,4094
14002,1120160000,1120240000,21254,3933
14003,1120240000,1120320000,16168,3517
14004,1120320000,1120400000,14136,2829
14005,1120400000,1120480000,21237,4084
14006,1120480000,1120560000,19213,3684
14007,1120560000,1120640000,15807,3438
14008,1120640000,1120720000,16527,3178
14009,1120720000,1120800000,22284,4101
14010,1120800000,1120880000,18345,3663
14011,1120880000,1120960000,15306,3207
14012,1120960000,1121040000,17385,3400
14013,1121040000,1121120000,22219,4108
14014,1121120000,1121200000,17960,3638
14015,1121200000,1121280000,14970,3108
14016,1121280000,1121360000,18237,3532
14017,1121360000,1121440000,22520,4195
14018,1121440000,1121520000,16864,3613
14019,1121520000,1121600000,13228,2694
14020,1121600000,1121680000,19632,3864
14021,1121680000,1121760000,22932,4220
14022,1121760000,1121840000,16908,3600
14023,1121840000,1121920000,12957,2483
14024,1121920000,1122000000,21761,4070
14025,1122000000,1122080000,24035,4379
14026,1122080000,1122160000,16328,3528
14027,1122160000,1122240000,12441,2413
14028,1122240000,1122320000,20880,4064
14029,1122320000,1122400000,22949,4278
14030,1122400000,1122480000,15625,3405
14031,1122480000,1122560000,12941,2604
14032,1122560000,1122640000,21811,4095
14033,1122640000,1122720000,20924,3940
14034,1122720000,1122800000,16051,3517
14035,1122800000,1122880000,14038,2829
14036,1122880000,1122960000,21398,4090
14037,1122960000,1123040000,19547,3664
14038,1123040000,1123120000,15698,3438
14039,1123120000,1123200000,15993,3178
14040,1123200000,1123280000,22373,4096
14041,1123280000,1123360000,17909,3656
14042,1123360000,1123440000,15148,3207
14043,1123440000,1123520000,17180,3400
14044,1123520000,1123600000,21811,4105
14045,1123600000,1123680000,17913,3633
14046,1123680000,1123760000,14854,3108
14047,1123760000,1123840000,18038,3532
14048,1123840000,1123920000,22560,4194
14049,1123920000,1124000000,16820,3618
14050,1124000000,1124080000,13240,2694
14051,1124080000,1124160000,19659,3863
14052,1124160000,1124240000,22997,4226
14053,1124240000,1124320000,16553,3603
14054,1124320000,1124400000,12965,2483
14055,1124400000,1124480000,21537,4071
14056,1124480000,1124560000,24386,4370
14057,1124560000,1124640000,16420,3524
14058,1124640000,1124720000,12729,2413
14059,1124720000,1124800000,21307,4061
14060,1124800000,1124880000,23098,4283
14061,1124880000,1124960000,16056,3405
14062,1124960000,1125040000,13759,2604
14063,1125040000,1125120000,22523,4094
14064,1125120000,1125200000,21979,3945
14065,1125200000,1125280000,16457,3517
14066,1125280000,1125360000,14483,2829
14067,1125360000,1125440000,21644,4087
14068,1125440000,1125520000,19838,3675
14069,1125520000,1125600000,15888,3438
14070,1125600000,1125680000,16543,3178
14071,1125680000,1125760000,22850,4107
14072,1125760000,1125840000,18728,3663
14073,1125840000,1125920000,15404,3207
14074,1125920000,1126000000,17297,3400
14075,1126000000,1126080000,22818,4102
14076,1126080000,1126160000,18248,3638
14077,1126160000,1126240000,14977,3108
14078,1126240000,1126320000,17845,3532
14079,1126320000,1126400000,22522,4195
14080,1126400000,1126480000,16470,3613
14081,1126480000,1126560000,13248,2694
14082,1126560000,1126640000,19505,3864
14083,1126640000,1126720000,22367,4220
14084,1126720000,1126800000,16434,3600
14085,1126800000,1126880000,12927,2483
14086,1126880000,1126960000,20902,4073
14087,1126960000,1127040000,23398,4373
14088,1127040000,1127120000,16011,3525
14089,1127120000,1127200000,12628,2413
14090,1127200000,1127280000,21389,4058
14091,1127280000,1127360000,23689,4278
14092,1127360000,1127440000,15707,3405
14093,1127440000,1127520000,13719,2604
14094,1127520000,1127600000,22280,4089
14095,1127600000,1127680000,20531,3940
14096,1127680000,1127760000,16192,3517
14097,1127760000,1127840000,14075,2829
14098,1127840000,1127920000,21935,4090
14099,1127920000,1128000000,19363,3664
14100,1128000000,1128080000,15869,3438
14101,1128080000,1128160000,16735,3178
14102,1128160000,1128240000,23185,4096
14103,1128240000,1128320000,18792,3656
14104,1128320000,1128400000,15434,3207
14105,1128400000,1128480000,17530,3400
14106,1128480000,1128560000,22919,4099
14107,1128560000,1128640000,17566,3633
14108,1128640000,1128720000,15099,3108
14109,1128720000,1128800000,18259,3532
14110,1128800000,1128880000,22481,4200
14111,1128880000,1128960000,16982,3618
14112,1128960000,1129040000,13399,2694
14113,1129040000,1129120000,19960,3863
14114,1129120000,1129200000,23168,4226
14115,1129200000,1129280000,16996,3603
14116,1129280000,1129360000,13197,2483
14117,1129360000,1129440000,21898,4071
14118,1129440000,1129520000,24450,4370
14119,1129520000,1129600000,16455,3524
14120,1129600000,1129680000,12879,2413
14121,1129680000,1129760000,21496,4061
14122,1129760000,1129840000,23701,4289
14123,1129840000,1129920000,15801,3405
14124,1129920000,1130000000,13768,2604
14125,1130000000,1130080000,22519,4100
14126,1130080000,1130160000,21020,3933
14127,1130160000,1130240000,16316,3517
14128,1130240000,1130320000,14237,2829
14129,1130320000,1130400000,21536,4087
14130,1130400000,1130480000,19197,3683
14131,1130480000,1130560000,16169,3438
14132,1130560000,1130640000,17211,3178
14133,1130640000,1130720000,22776,4107
14134,1130720000,1130800000,18799,3675
14135,1130800000,1130880000,15329,3207
14136,1130880000,1130960000,17014,3400
14137,1130960000,1131040000,23463,4102
14138,1131040000,1131120000,18117,3638
14139,1131120000,1131200000,14896,3108
14140,1131200000,1131280000,17952,3532
14141,1131280000,1131360000,22508,4195
14142,1131360000,1131440000,16607,3613
14143,1131440000,1131520000,13335,2694
14144,1131520000,1131600000,19916,3864
14145,1131600000,1131680000,22457,4220
14146,1131680000,1131760000,16855,3600
14147,1131760000,1131840000,13033,2483
14148,1131840000,1131920000,21605,4070
14149,1131920000,1132000000,24144,4370
14150,1132000000,1132080000,16444,3525
14151,1132080000,1132160000,12707,2413
14152,1132160000,1132240000,21428,4058
14153,1132240000,1132320000,23666,4278
14154,1132320000,1132400000,15761,3405
14155,1132400000,1132480000,13531,2604
14156,1132480000,1132560000,22516,4089
14157,1132560000,1132640000,20620,3934
14158,1132640000,1132720000,16266,3517
14159,1132720000,1132800000,14571,2829
14160,1132800000,1132880000,21620,4087
14161,1132880000,1132960000,19541,3661
14162,1132960000,1133040000,16297,3438
14163,1133040000,1133120000,16420,3178
14164,1133120000,1133200000,22692,4096
14165,1133200000,1133280000,18465,3656
14166,1133280000,1133360000,15688,3207
14167,1133360000,1133440000,17786,3400
14168,1133440000,1133520000,22703,4099
14169,1133520000,1133600000,17644,3633
14170,1133600000,1133680000,15233,3108
14171,1133680000,1133760000,18390,3532
14172,1133760000,1133840000,21922,4200
14173,1133840000,1133920000,16746,3626
14174,1133920000,1134000000,13508,2694
14175,1134000000,1134080000,20009,3863
14176,1134080000,1134160000,23161,4226
14177,1134160000,1134240000,16748,3603
14178,1134240000,1134320000,12939,2483
14179,1134320000,1134400000,21612,4071
14180,1134400000,1134480000,24677,4370
14181,1134480000,1134560000,16567,3524
14182,1134560000,1134640000,12753,2413
14183,1134640000,1134720000,21870,4061
14184,1134720000,1134800000,23751,4283
14185,1134800000,1134880000,16276,3405
14186,1134880000,1134960000,14008,2604
14187,1134960000,1135040000,22454,4094
14188,1135040000,1135120000,21008,3933
14189,1135120000,1135200000,16793,3517
14190,1135200000,1135280000,14952,2829
14191,1135280000,1135360000,22510,4090
14192,1135360000,1135440000,20037,3672
14193,1135440000,1135520000,16441,3438
14194,1135520000,1135600000,17078,3178
14195,1135600000,1135680000,22363,4101
14196,1135680000,1135760000,18405,3663
14197,1135760000,1135840000,16010,3207
14198,1135840000,1135920000,18012,3400
14199,1135920000,1136000000,22788,4102
14200,1136000000,1136080000,17873,3644
14201,1136080000,1136160000,15786,3108
14202,1136160000,1136240000,19162,3532
14203,1136240000,1136320000,23082,4195
14204,1136320000,1136400000,17072,3613
14205,1136400000,1136480000,13181,2694
14206,1136480000,1136560000,19635,3864
14207,1136560000,1136640000,23039,4232
14208,1136640000,1136720000,16697,3606
14209,1136720000,1136800000,12721,2483
14210,1136800000,1136880000,21240,4070
14211,1136880000,1136960000,24410,4381
14212,1136960000,1137040000,16086,3528
14213,1137040000,1137120000,12581,2413
14214,1137120000,1137200000,21714,4058
14215,1137200000,1137280000,23873,4278
14216,1137280000,1137360000,15659,3405
14217,1137360000,1137440000,13646,2604
14218,1137440000,1137520000,22401,4089
14219,1137520000,1137600000,21093,3934
14220,1137600000,1137680000,16058,3517
14221,1137680000,1137760000,13835,2829
14222,1137760000,1137840000,21610,4093
14223,1137840000,1137920000,19737,3667
14224,1137920000,1138000000,15653,3438
14225,1138000000,1138080000,16693,3178
14226,1138080000,1138160000,22416,4096
14227,1138160000,1138240000,18526,3656
14228,1138240000,1138320000,15552,3207
14229,1138320000,1138400000,18024,3400
14230,1138400000,1138480000,22792,4099
14231,1138480000,1138560000,17997,3633
14232,1138560000,1138640000,15415,3108
14233,1138640000,1138720000,18746,3532
14234,1138720000,1138800000,23645,4194
14235,1138800000,1138880000,17132,3618
14236,1138880000,1138960000,13655,2694
14237,1138960000,1139040000,20333,3863
14238,1139040000,1139120000,22469,4226
14239,1139120000,1139200000,17036,3603
14240,1139200000,1139280000,13268,2483
14241,1139280000,1139360000,21655,4071
14242,1139360000,1139440000,24312,4370
14243,1139440000,1139520000,16459,3524
14244,1139520000,1139600000,13026,2413
14245,1139600000,1139680000,21347,4061
14246,1139680000,1139760000,23241,4283
14247,1139760000,1139840000,15931,3405
14248,1139840000,1139920000,13843,2604
14249,1139920000,1140000000,22019,4094
14250,1140000000,1140080000,20137,3933
14251,1140080000,1140160000,16414,3517
14252,1140160000,1140240000,13919,2829
14253,1140240000,1140320000,21798,4090
14254,1140320000,1140400000,19511,3672
14255,1140400000,1140480000,15902,3438
14256,1140480000,1140560000,16197,3178
14257,1140560000,1140640000,21723,4109
14258,1140640000,1140720000,18411,3673
14259,1140720000,1140800000,15460,3207
14260,1140800000,1140880000,17289,3400
14261,1140880000,1140960000,22043,4102
14262,1140960000,1141040000,17511,3638
14263,1141040000,1141120000,15212,3108
14264,1141120000,1141200000,18099,3532
14265,1141200000,1141280000,21750,4195
14266,1141280000,1141360000,16700,3613
14267,1141360000,1141440000,13361,2694
14268,1141440000,1141520000,19679,3864
14269,1141520000,1141600000,21975,4226
14270,1141600000,1141680000,17064,3600
14271,1141680000,1141760000,12939,2483
14272,1141760000,1141840000,21885,4070
14273,1141840000,1141920000,23779,4370
14274,1141920000,1142000000,16449,3525
14275,1142000000,1142080000,12506,2413
14276,1142080000,1142160000,21185,4058
14277,1142160000,1142240000,23148,4284
14278,1142240000,1142320000,15805,3405
14279,1142320000,1142400000,13077,2604
14280,1142400000,1142480000,22166,4089
14281,1142480000,1142560000,20593,3946
14282,1142560000,1142640000,16189,3517
14283,1142640000,1142720000,14103,2829
14284,1142720000,1142800000,22035,4087
14285,1142800000,1142880000,19429,3661
14286,1142880000,1142960000,16215,3438
14287,1142960000,1143040000,16481,3178
14288,1143040000,1143120000,22562,4096
14289,1143120000,1143200000,18486,3656
14290,1143200000,1143280000,15656,3207
14291,1143280000,1143360000,17197,3400
14292,1143360000,1143440000,22902,4099
14293,1143440000,1143520000,17657,3633
14294,1143520000,1143600000,15326,3108
14295,1143600000,1143680000,18507,3532
14296,1143680000,1143760000,22673,4206
14297,1143760000,1143840000,17089,3624
14298,1143840000,1143920000,13571,2694
14299,1143920000,1144000000,20169,3863
14300,1144000000,1144080000,23022,4226
14301,1144080000,1144160000,16923,3603
14302,1144160000,1144240000,13175,2483
14303,1144240000,1144320000,21773,4071
14304,1144320000,1144400000,23416,4370
14305,1144400000,1144480000,16439,3524
14306,1144480000,1144560000,12699,2413
14307,1144560000,1144640000,21651,4061
14308,1144640000,1144720000,23898,4283
14309,1144720000,1144800000,16006,3405
14310,1144800000,1144880000,13457,2604
14311,1144880000,1144960000,22343,4100
14312,1144960000,1145040000,21272,3939
14313,1145040000,1145120000,16538,3517
14314,1145120000,1145200000,14380,2829
14315,1145200000,1145280000,20711,4084
14316,1145280000,1145360000,18435,3672
14317,1145360000,1145440000,16097,3438
14318,1145440000,1145520000,16677,3178
14319,1145520000,1145600000,21616,4101
14320,1145600000,1145680000,18061,3671
14321,1145680000,1145760000,15764,3207
14322,1145760000,1145840000,17872,3400
14323,1145840000,1145920000,23152,4108
14324,1145920000,1146000000,17897,3638
14325,1146000000,1146080000,15291,3108
14326,1146080000,1146160000,18178,3532
14327,1146160000,1146240000,22586,4195
14328,1146240000,1146320000,16899,3613
14329,1146320000,1146400000,13486,2694
14330,1146400000,1146480000,20251,3864
14331,1146480000,1146560000,22408,4226
14332,1146560000,1146640000,17118,3606
14333,1146640000,1146720000,13042,2483
14334,1146720000,1146800000,21815,4076
14335,1146800000,1146880000,23971,4376
14336,1146880000,1146960000,16560,3525
14337,1146960000,1147040000,12788,2413
14338,1147040000,1147120000,21533,4058
14339,1147120000,1147200000,22496,4278
14340,1147200000,1147280000,15674,3405
14341,1147280000,1147360000,13307,2604
14342,1147360000,1147440000,22162,4089
14343,1147440000,1147520000,20714,3946
14344,1147520000,1147600000,16191,3517
14345,1147600000,1147680000,14183,2829
14346,1147680000,1147760000,21788,4087
14347,1147760000,1147840000,19525,3661
14348,1147840000,1147920000,15966,3438
14349,1147920000,1148000000,16469,3178
14350,1148000000,1148080000,22459,4096
14351,1148080000,1148160000,17777,3656
14352,1148160000,1148240000,15510,3207
14353,1148240000,1148320000,17674,3400
14354,1148320000,1148400000,23161,4099
14355,1148400000,1148480000,17891,3633
14356,1148480000,1148560000,15415,3108
14357,1148560000,1148640000,18756,3532
14358,1148640000,1148720000,22714,4194
14359,1148720000,1148800000,16936,3618
14360,1148800000,1148880000,13766,2694
14361,1148880000,1148960000,20193,3863
14362,1148960000,1149040000,23050,4232
14363,1149040000,1149120000,17173,3603
14364,1149120000,1149200000,13381,2483
14365,1149200000,1149280000,22056,4071
14366,1149280000,1149360000,23209,4370
14367,1149360000,1149440000,16359,3524
14368,1149440000,1149520000,12735,2413
14369,1149520000,1149600000,21621,4067
14370,1149600000,1149680000,23529,4283
14371,1149680000,1149760000,15969,3405
14372,1149760000,1149840000,13773,2604
14373,1149840000,1149920000,22770,4094
14374,1149920000,1150000000,20916,3933
14375,1150000000,1150080000,16401,3517
14376,1150080000,1150160000,13934,2829
14377,1150160000,1150240000,21275,4087
14378,1150240000,1150320000,19704,3675
14379,1150320000,1150400000,15955,3438
14380,1150400000,1150480000,16737,3178
14381,1150480000,1150560000,22323,4101
14382,1150560000,1150640000,18616,3669
14383,1150640000,1150720000,15651,3207
14384,1150720000,1150800000,17436,3400
14385,1150800000,1150880000,23045,4102
14386,1150880000,1150960000,17831,3638
14387,1150960000,1151040000,15326,3108
14388,1151040000,1151120000,18417,3532
14389,1151120000,1151200000,21998,4195
14390,1151200000,1151280000,16470,3613
14391,1151280000,1151360000,13710,2694
14392,1151360000,1151440000,20174,3864
14393,1151440000,1151520000,22393,4220
14394,1151520000,1151600000,17189,3600
14395,1151600000,1151680000,12853,2483
14396,1151680000,1151760000,21255,4070
14397,1151760000,1151840000,23789,4370
14398,1151840000,1151920000,16263,3525
14399,1151920000,1152000000,12796,2413
14400,1152000000,1152080000,21276,4061
14401,1152080000,1152160000,23238,4297
14402,1152160000,1152240000,15825,3405
14403,1152240000,1152320000,13420,2604
14404,1152320000,1152400000,22478,4089
14405,1152400000,1152480000,20784,3934
14406,1152480000,1152560000,16405,3517
14407,1152560000,1152640000,14241,2829
14408,1152640000,1152720000,22042,4087
14409,1152720000,1152800000,19727,3661
14410,1152800000,1152880000,16216,3438
14411,1152880000,1152960000,16128,3178
14412,1152960000,1153040000,22717,4102
14413,1153040000,1153120000,18237,3662
14414,1153120000,1153200000,15748,3207
14415,1153200000,1153280000,17675,3400
14416,1153280000,1153360000,23496,4099
14417,1153360000,1153440000,17939,3633
14418,1153440000,1153520000,15352,3108
14419,1153520000,1153600000,18211,3532
14420,1153600000,1153680000,22930,4200
14421,1153680000,1153760000,16855,3618
14422,1153760000,1153840000,13620,2694
14423,1153840000,1153920000,20147,3863
14424,1153920000,1154000000,23189,4226
14425,1154000000,1154080000,16986,3603
14426,1154080000,1154160000,13151,2483
14427,1154160000,1154240000,21617,4071
14428,1154240000,1154320000,23548,4370
14429,1154320000,1154400000,16133,3524
14430,1154400000,1154480000,12194,2413
14431,1154480000,1154560000,21404,4061
14432,1154560000,1154640000,24242,4283
14433,1154640000,1154720000,15604,3405
14434,1154720000,1154800000,13219,2604
14435,1154800000,1154880000,22336,4094
14436,1154880000,1154960000,21175,3933
14437,1154960000,1155040000,16080,3517
14438,1155040000,1155120000,14288,2829
14439,1155120000,1155200000,22190,4084
14440,1155200000,1155280000,19507,3684
14441,1155280000,1155360000,15869,3438
14442,1155360000,1155440000,16579,3178
14443,1155440000,1155520000,22598,4107
14444,1155520000,1155600000,19029,3663
14445,1155600000,1155680000,15243,3207
14446,1155680000,1155760000,17023,3400
14447,1155760000,1155840000,23070,4102
14448,1155840000,1155920000,18486,3638
14449,1155920000,1156000000,14776,3108
14450,1156000000,1156080000,18242,3532
14451,1156080000,1156160000,22665,4201
14452,1156160000,1156240000,17121,3619
14453,1156240000,1156320000,12852,2694
14454,1156320000,1156400000,19344,3864
14455,1156400000,1156480000,22993,4220
14456,1156480000,1156560000,17165,3600
14457,1156560000,1156640000,12402,2483
14458,1156640000,1156720000,21843,4070
14459,1156720000,1156800000,24926,4370
14460,1156800000,1156880000,16064,3525
14461,1156880000,1156960000,12451,2413
14462,1156960000,1157040000,21348,4058
14463,1157040000,1157120000,23764,4284
14464,1157120000,1157200000,15681,3405
14465,1157200000,1157280000,13376,2604
14466,1157280000,1157360000,22818,4089
14467,1157360000,1157440000,20768,3934
14468,1157440000,1157520000,16043,3517
14469,1157520000,1157600000,14122,2829
14470,1157600000,1157680000,22402,4087
14471,1157680000,1157760000,20188,3667
14472,1157760000,1157840000,15801,3438
14473,1157840000,1157920000,16953,3178
14474,1157920000,1158000000,22685,4096
14475,1158000000,1158080000,18377,3656
14476,1158080000,1158160000,15559,3207
14477,1158160000,1158240000,18177,3400
14478,1158240000,1158320000,22618,4099
14479,1158320000,1158400000,18328,3633
14480,1158400000,1158480000,15293,3108
14481,1158480000,1158560000,18817,3532
14482,1158560000,1158640000,22952,4194
14483,1158640000,1158720000,17263,3624
14484,1158720000,1158800000,13447,2694
14485,1158800000,1158880000,19987,3863
14486,1158880000,1158960000,22596,4232
14487,1158960000,1159040000,17145,3603
14488,1159040000,1159120000,12506,2483
14489,1159120000,1159200000,21006,4071
14490,1159200000,1159280000,22747,4376
14491,1159280000,1159360000,16145,3524
14492,1159360000,1159440000,12085,2413
14493,1159440000,1159520000,21295,4061
14494,1159520000,1159600000,23229,4283
14495,1159600000,1159680000,15388,3405
14496,1159680000,1159760000,13118,2604
14497,1159760000,1159840000,21828,4094
14498,1159840000,1159920000,20501,3933
14499,1159920000,1160000000,15908,3517
14500,1160000000,1160080000,13762,2829
14501,1160080000,1160160000,21469,4099
14502,1160160000,1160240000,19189,3681
14503,1160240000,1160320000,15590,3438
14504,1160320000,1160400000,16356,3178
14505,1160400000,1160480000,22286,4101
14506,1160480000,1160560000,18399,3663
14507,1160560000,1160640000,15010,3207
14508,1160640000,1160720000,17248,3400
14509,1160720000,1160800000,21932,4102
14510,1160800000,1160880000,17332,3638
14511,1160880000,1160960000,14832,3108
14512,1160960000,1161040000,17834,3532
14513,1161040000,1161120000,21640,4195
14514,1161120000,1161200000,16648,3613
14515,1161200000,1161280000,13041,2694
14516,1161280000,1161360000,19586,3864
14517,1161360000,1161440000,23411,4220
14518,1161440000,1161520000,16964,3600
14519,1161520000,1161600000,12883,2483
14520,1161600000,1161680000,21551,4070
14521,1161680000,1161760000,23993,4379
14522,1161760000,1161840000,16356,3528
14523,1161840000,1161920000,12683,2413
14524,1161920000,1162000000,21630,4058
14525,1162000000,1162080000,23236,4278
14526,1162080000,1162160000,15670,3405
14527,1162160000,1162240000,13276,2604
14528,1162240000,1162320000,22240,4089
14529,1162320000,1162400000,20542,3934
14530,1162400000,1162480000,15990,3517
14531,1162480000,1162560000,14471,2829
14532,1162560000,1162640000,22167,4087
14533,1162640000,1162720000,19447,3661
14534,1162720000,1162800000,15979,3438
14535,1162800000,1162880000,16784,3178
14536,1162880000,1162960000,22955,4102
14537,1162960000,1163040000,18389,3656
14538,1163040000,1163120000,15553,3207
14539,1163120000,1163200000,17797,3400
14540,1163200000,1163280000,21894,4105
14541,1163280000,1163360000,17868,3633
14542,1163360000,1163440000,14993,3108
14543,1163440000,1163520000,18371,3532
14544,1163520000,1163600000,22771,4194
14545,1163600000,1163680000,17298,3618
14546,1163680000,1163760000,13005,2694
14547,1163760000,1163840000,19596,3863
14548,1163840000,1163920000,23414,4226
14549,1163920000,1164000000,16667,3603
14550,1164000000,1164080000,12968,2483
14551,1164080000,1164160000,21425,4071
14552,1164160000,1164240000,23543,4370
14553,1164240000,1164320000,16199,3524
14554,1164320000,1164400000,12749,2413
14555,1164400000,1164480000,21590,4067
14556,1164480000,1164560000,23231,4295
14557,1164560000,1164640000,15789,3405
14558,1164640000,1164720000,13592,2604
14559,1164720000,1164800000,22310,4094
14560,1164800000,1164880000,21452,3945
14561,1164880000,1164960000,16222,3517
14562,1164960000,1165040000,14425,2829
14563,1165040000,1165120000,22102,4084
14564,1165120000,1165200000,19874,3672
14565,1165200000,1165280000,16042,3438
14566,1165280000,1165360000,16912,3178
14567,1165360000,1165440000,22901,4101
14568,1165440000,1165520000,18810,3669
14569,1165520000,1165600000,15727,3207
14570,1165600000,1165680000,17684,3400
14571,1165680000,1165760000,23225,4102
14572,1165760000,1165840000,18115,3638
14573,1165840000,1165920000,15154,3108
14574,1165920000,1166000000,18383,3532
14575,1166000000,1166080000,22088,4201
14576,1166080000,1166160000,17076,3613
14577,1166160000,1166240000,13468,2694
14578,1166240000,1166320000,20296,3864
14579,1166320000,1166400000,23476,4220
14580,1166400000,1166480000,17200,3600
14581,1166480000,1166560000,13063,2483
14582,1166560000,1166640000,21639,4070
14583,1166640000,1166720000,24216,4370
14584,1166720000,1166800000,16405,3525
14585,1166800000,1166880000,12640,2413
14586,1166880000,1166960000,21673,4058
14587,1166960000,1167040000,23296,4278
14588,1167040000,1167120000,15819,3405
14589,1167120000,1167200000,13684,2604
14590,1167200000,1167280000,21940,4095
14591,1167280000,1167360000,20398,3946
14592,1167360000,1167440000,16555,3517
14593,1167440000,1167520000,14711,2829
14594,1167520000,1167600000,22627,4087
14595,1167600000,1167680000,19489,3661
14596,1167680000,1167760000,16227,3438
14597,1167760000,1167840000,17103,3178
14598,1167840000,1167920000,23194,4096
14599,1167920000,1168000000,18618,3656
14600,1168000000,1168080000,15716,3207
14601,1168080000,1168160000,17850,3400
14602,1168160000,1168240000,22951,4107
14603,1168240000,1168320000,17774,3633
14604,1168320000,1168400000,15299,3108
14605,1168400000,1168480000,18591,3532
14606,1168480000,1168560000,22885,4200
14607,1168560000,1168640000,17115,3618
14608,1168640000,1168720000,13539,2694
14609,1168720000,1168800000,20313,3863
14610,1168800000,1168880000,23087,4226
14611,1168880000,1168960000,17496,3603
14612,1168960000,1169040000,13399,2483
14613,1169040000,1169120000,22499,4077
14614,1169120000,1169200000,23219,4376
14615,1169200000,1169280000,16349,3524
14616,1169280000,1169360000,12819,2413
14617,1169360000,1169440000,21435,4061
14618,1169440000,1169520000,23982,4283
14619,1169520000,1169600000,15751,3405
14620,1169600000,1169680000,13763,2604
14621,1169680000,1169760000,22948,4100
14622,1169760000,1169840000,21624,3945
14623,1169840000,1169920000,16277,3517
14624,1169920000,1170000000,14106,2829
14625,1170000000,1170080000,22153,4084
14626,1170080000,1170160000,20111,3672
14627,1170160000,1170240000,15856,3438
14628,1170240000,1170320000,16830,3178
14629,1170320000,1170400000,22979,4101
14630,1170400000,1170480000,18655,3663
14631,1170480000,1170560000,15278,3207
14632,1170560000,1170640000,17226,3400
14633,1170640000,1170720000,23257,4102
14634,1170720000,1170800000,17938,3638
14635,1170800000,1170880000,14970,3108
14636,1170880000,1170960000,18157,3532
14637,1170960000,1171040000,22827,4195
14638,1171040000,1171120000,16823,3613
14639,1171120000,1171200000,13439,2694
14640,1171200000,1171280000,20198,3864
14641,1171280000,1171360000,23428,4220
14642,1171360000,1171440000,17001,3600
14643,1171440000,1171520000,12971,2483
14644,1171520000,1171600000,21888,4070
14645,1171600000,1171680000,24555,4370
14646,1171680000,1171760000,16708,3525
14647,1171760000,1171840000,13136,2413
14648,1171840000,1171920000,22015,4058
14649,1171920000,1172000000,23480,4278
14650,1172000000,1172080000,15968,3405
14651,1172080000,1172160000,13734,2604
14652,1172160000,1172240000,22452,4095
14653,1172240000,1172320000,20657,3934
14654,1172320000,1172400000,16151,3517
14655,1172400000,1172480000,14383,2829
14656,1172480000,1172560000,21579,4087
14657,1172560000,1172640000,19425,3661
14658,1172640000,1172720000,15860,3438
14659,1172720000,1172800000,16333,3178
14660,1172800000,1172880000,23412,4096
14661,1172880000,1172960000,18962,3656
14662,1172960000,1173040000,15521,3207
14663,1173040000,1173120000,17776,3400
14664,1173120000,1173200000,22126,4099
14665,1173200000,1173280000,17735,3633
14666,1173280000,1173360000,15046,3108
14667,1173360000,1173440000,18358,3532
14668,1173440000,1173520000,23327,4200
14669,1173520000,1173600000,16729,3618
14670,1173600000,1173680000,13140,2694
14671,1173680000,1173760000,19728,3863
14672,1173760000,1173840000,23255,4232
14673,1173840000,1173920000,16858,3603
14674,1173920000,1174000000,12941,2483
14675,1174000000,1174080000,21792,4071
14676,1174080000,1174160000,24017,4370
14677,1174160000,1174240000,16644,3524
14678,1174240000,1174320000,12938,2413
14679,1174320000,1174400000,21888,4070
14680,1174400000,1174480000,23232,4298
14681,1174480000,1174560000,16169,3405
14682,1174560000,1174640000,13986,2604
14683,1174640000,1174720000,22757,4094
14684,1174720000,1174800000,21085,3933
14685,1174800000,1174880000,16452,3517
14686,1174880000,1174960000,14640,2829
14687,1174960000,1175040000,21739,4090
14688,1175040000,1175120000,19304,3672
14689,1175120000,1175200000,16132,3438
14690,1175200000,1175280000,17088,3178
14691,1175280000,1175360000,22821,4107
14692,1175360000,1175440000,17965,3669
14693,1175440000,1175520000,15880,3207
14694,1175520000,1175600000,17937,3400
14695,1175600000,1175680000,22755,4108
14696,1175680000,1175760000,18135,3638
14697,1175760000,1175840000,15512,3108
14698,1175840000,1175920000,18944,3532
14699,1175920000,1176000000,23187,4195
14700,1176000000,1176080000,16962,3619
14701,1176080000,1176160000,13518,2694
14702,1176160000,1176240000,20243,3864
14703,1176240000,1176320000,23604,4220
14704,1176320000,1176400000,17248,3600
14705,1176400000,1176480000,13273,2483
14706,1176480000,1176560000,22121,4070
14707,1176560000,1176640000,24168,4370
14708,1176640000,1176720000,16674,3525
14709,1176720000,1176800000,12883,2413
14710,1176800000,1176880000,22320,4058
14711,1176880000,1176960000,23765,4284
14712,1176960000,1177040000,15985,3405
14713,1177040000,1177120000,13928,2604
14714,1177120000,1177200000,22719,4089
14715,1177200000,1177280000,21075,3934
14716,1177280000,1177360000,16304,3517
14717,1177360000,1177440000,13629,2829
14718,1177440000,1177520000,21137,4093
14719,1177520000,1177600000,19652,3667
14720,1177600000,1177680000,15742,3438
14721,1177680000,1177760000,16562,3178
14722,1177760000,1177840000,22393,4096
14723,1177840000,1177920000,18393,3656
14724,1177920000,1178000000,15661,3207
14725,1178000000,1178080000,17675,3400
14726,1178080000,1178160000,22743,4099
14727,1178160000,1178240000,17518,3633
14728,1178240000,1178320000,15495,3108
14729,1178320000,1178400000,18722,3532
14730,1178400000,1178480000,23350,4194
14731,1178480000,1178560000,17390,3618
14732,1178560000,1178640000,13776,2694
14733,1178640000,1178720000,20452,3863
14734,1178720000,1178800000,22933,4226
14735,1178800000,1178880000,17359,3603
14736,1178880000,1178960000,13442,2483
14737,1178960000,1179040000,22096,4071
14738,1179040000,1179120000,23449,4376
14739,1179120000,1179200000,16538,3524
14740,1179200000,1179280000,13018,2413
14741,1179280000,1179360000,21987,4061
14742,1179360000,1179440000,23786,4295
14743,1179440000,1179520000,16084,3405
14744,1179520000,1179600000,13914,2604
14745,1179600000,1179680000,22953,4094
14746,1179680000,1179760000,20503,3933
14747,1179760000,1179840000,16741,3517
14748,1179840000,1179920000,14734,2829
14749,1179920000,1180000000,22201,4084
14750,1180000000,1180080000,19851,3672
14751,1180080000,1180160000,16199,3438
14752,1180160000,1180240000,16727,3178
14753,1180240000,1180320000,22910,4101
14754,1180320000,1180400000,18631,3663
14755,1180400000,1180480000,15597,3207
14756,1180480000,1180560000,17922,3400
14757,1180560000,1180640000,23245,4102
14758,1180640000,1180720000,17979,3638
14759,1180720000,1180800000,15642,3108
14760,1180800000,1180880000,19016,3532
14761,1180880000,1180960000,22667,4201
14762,1180960000,1181040000,16510,3613
14763,1181040000,1181120000,13729,2694
14764,1181120000,1181200000,19853,3864
14765,1181200000,1181280000,22432,4220
14766,1181280000,1181360000,16993,3600
14767,1181360000,1181440000,12756,2483
14768,1181440000,1181520000,21378,4070
14769,1181520000,1181600000,23568,4376
14770,1181600000,1181680000,16424,3525
14771,1181680000,1181760000,12554,2413
14772,1181760000,1181840000,21641,4058
14773,1181840000,1181920000,24320,4278
14774,1181920000,1182000000,15706,3405
14775,1182000000,1182080000,13191,2604
14776,1182080000,1182160000,22279,4089
14777,1182160000,1182240000,20731,3934
14778,1182240000,1182320000,16017,3517
14779,1182320000,1182400000,14164,2829
14780,1182400000,1182480000,22050,4093
14781,1182480000,1182560000,20049,3673
14782,1182560000,1182640000,15898,3438
14783,1182640000,1182720000,16408,3178
14784,1182720000,1182800000,22411,4096
14785,1182800000,1182880000,18577,3656
14786,1182880000,1182960000,15368,3207
14787,1182960000,1183040000,17127,3400
14788,1183040000,1183120000,22765,4105
14789,1183120000,1183200000,17568,3641
14790,1183200000,1183280000,14990,3108
14791,1183280000,1183360000,18255,3532
14792,1183360000,1183440000,22668,4193
14793,1183440000,1183520000,16924,3618
14794,1183520000,1183600000,13241,2694
14795,1183600000,1183680000,19900,3863
14796,1183680000,1183760000,23646,4226
14797,1183760000,1183840000,16948,3603
14798,1183840000,1183920000,13047,2483
14799,1183920000,1184000000,21508,4071
14800,1184000000,1184080000,23556,4379
14801,1184080000,1184160000,16582,3527
14802,1184160000,1184240000,12773,2413
14803,1184240000,1184320000,21538,4061
14804,1184320000,1184400000,23321,4289
14805,1184400000,1184480000,16005,3405
14806,1184480000,1184560000,13836,2604
14807,1184560000,1184640000,22153,4094
14808,1184640000,1184720000,21194,3933
14809,1184720000,1184800000,16581,3517
14810,1184800000,1184880000,14614,2829
14811,1184880000,1184960000,22029,4084
14812,1184960000,1185040000,19755,3672
14813,1185040000,1185120000,16398,3438
14814,1185120000,1185200000,17255,3178
14815,1185200000,1185280000,22929,4101
14816,1185280000,1185360000,18706,3663
14817,1185360000,1185440000,16075,3207
14818,1185440000,1185520000,18469,3400
14819,1185520000,1185600000,22813,4114
14820,1185600000,1185680000,18408,3638
14821,1185680000,1185760000,15368,3108
14822,1185760000,1185840000,18229,3532
14823,1185840000,1185920000,23033,4195
14824,1185920000,1186000000,17092,3613
14825,1186000000,1186080000,13436,2694
14826,1186080000,1186160000,20162,3867
14827,1186160000,1186240000,23205,4229
14828,1186240000,1186320000,17013,3606
14829,1186320000,1186400000,13246,2483
14830,1186400000,1186480000,21893,4070
14831,1186480000,1186560000,24093,4370
14832,1186560000,1186640000,16564,3525
14833,1186640000,1186720000,12678,2413
14834,1186720000,1186800000,21868,4058
14835,1186800000,1186880000,23998,4278
14836,1186880000,1186960000,15872,3405
14837,1186960000,1187040000,13468,2604
14838,1187040000,1187120000,22183,4089
14839,1187120000,1187200000,20704,3934
14840,1187200000,1187280000,16476,3517
14841,1187280000,1187360000,14556,2829
14842,1187360000,1187440000,22342,4087
14843,1187440000,1187520000,19593,3661
14844,1187520000,1187600000,16405,3438
14845,1187600000,1187680000,17228,3178
14846,1187680000,1187760000,22627,4096
14847,1187760000,1187840000,18403,3656
14848,1187840000,1187920000,15962,3207
14849,1187920000,1188000000,18124,3400
14850,1188000000,1188080000,22225,4099
14851,1188080000,1188160000,17324,3633
14852,1188160000,1188240000,15616,3108
14853,1188240000,1188320000,19209,3532
14854,1188320000,1188400000,23107,4200
14855,1188400000,1188480000,17372,3618
14856,1188480000,1188560000,13662,2694
14857,1188560000,1188640000,20095,3863
14858,1188640000,1188720000,23469,4226
14859,1188720000,1188800000,17198,3603
14860,1188800000,1188880000,13392,2483
14861,1188880000,1188960000,22118,4071
14862,1188960000,1189040000,24234,4370
14863,1189040000,1189120000,16631,3524
14864,1189120000,1189200000,12842,2413
14865,1189200000,1189280000,21759,4061
14866,1189280000,1189360000,23396,4283
14867,1189360000,1189440000,16238,3405
14868,1189440000,1189520000,14104,2604
14869,1189520000,1189600000,23070,4100
14870,1189600000,1189680000,21273,3939
14871,1189680000,1189760000,16884,3517
14872,1189760000,1189840000,14756,2829
14873,1189840000,1189920000,22323,4084
14874,1189920000,1190000000,20213,3672
14875,1190000000,1190080000,16691,3438
14876,1190080000,1190160000,17777,3178
14877,1190160000,1190240000,23623,4101
14878,1190240000,1190320000,18787,3663
14879,1190320000,1190400000,16003,3207
14880,1190400000,1190480000,17715,3400
14881,1190480000,1190560000,23389,4108
14882,1190560000,1190640000,18161,3638
14883,1190640000,1190720000,15296,3108
14884,1190720000,1190800000,19028,3532
14885,1190800000,1190880000,22890,4195
14886,1190880000,1190960000,16878,3619
14887,1190960000,1191040000,13640,2694
14888,1191040000,1191120000,20891,3864
14889,1191120000,1191200000,22902,4220
14890,1191200000,1191280000,17026,3600
14891,1191280000,1191360000,12603,2483
14892,1191360000,1191440000,20852,4073
14893,1191440000,1191520000,23836,4373
14894,1191520000,1191600000,16071,3525
14895,1191600000,1191680000,12631,2413
14896,1191680000,1191760000,21549,4058
14897,1191760000,1191840000,23036,4278
14898,1191840000,1191920000,15499,3405
14899,1191920000,1192000000,13392,2604
14900,1192000000,1192080000,21950,4089
14901,1192080000,1192160000,20470,3940
14902,1192160000,1192240000,16193,3517
14903,1192240000,1192320000,14187,2829
14904,1192320000,1192400000,22098,4087
14905,1192400000,1192480000,20478,3661
14906,1192480000,1192560000,15861,3438
14907,1192560000,1192640000,16090,3178
14908,1192640000,1192720000,23167,4096
14909,1192720000,1192800000,18481,3662
14910,1192800000,1192880000,15496,3207
14911,1192880000,1192960000,17569,3400
14912,1192960000,1193040000,22668,4099
14913,1193040000,1193120000,17575,3633
14914,1193120000,1193200000,15268,3108
14915,1193200000,1193280000,18328,3532
14916,1193280000,1193360000,21968,4202
14917,1193360000,1193440000,17163,3624
14918,1193440000,1193520000,13406,2694
14919,1193520000,1193600000,20354,3863
14920,1193600000,1193680000,23493,4226
14921,1193680000,1193760000,17054,3603
14922,1193760000,1193840000,12968,2483
14923,1193840000,1193920000,21656,4071
14924,1193920000,1194000000,23953,4370
14925,1194000000,1194080000,16340,3524
14926,1194080000,1194160000,12659,2413
14927,1194160000,1194240000,21665,4061
14928,1194240000,1194320000,23541,4283
14929,1194320000,1194400000,16013,3405
14930,1194400000,1194480000,13910,2604
14931,1194480000,1194560000,22078,4094
14932,1194560000,1194640000,20833,3939
14933,1194640000,1194720000,16418,3517
14934,1194720000,1194800000,14448,2829
14935,1194800000,1194880000,22269,4084
14936,1194880000,1194960000,20037,3672
14937,1194960000,1195040000,16206,3438
14938,1195040000,1195120000,17028,3178
14939,1195120000,1195200000,23192,4107
14940,1195200000,1195280000,19069,3663
14941,1195280000,1195360000,15799,3207
14942,1195360000,1195440000,17820,3400
14943,1195440000,1195520000,22702,4112
14944,1195520000,1195600000,18079,3638
14945,1195600000,1195680000,15588,3108
14946,1195680000,1195760000,18860,3532
14947,1195760000,1195840000,22249,4195
14948,1195840000,1195920000,16952,3613
14949,1195920000,1196000000,13023,2694
14950,1196000000,1196080000,19208,3864
14951,1196080000,1196160000,22985,4220
14952,1196160000,1196240000,16777,3600
14953,1196240000,1196320000,12674,2483
14954,1196320000,1196400000,21159,4070
14955,1196400000,1196480000,24222,4370
14956,1196480000,1196560000,16209,3525
14957,1196560000,1196640000,12484,2413
14958,1196640000,1196720000,21441,4061
14959,1196720000,1196800000,23960,4287
14960,1196800000,1196880000,15505,3405
14961,1196880000,1196960000,13024,2604
14962,1196960000,1197040000,22430,4089
14963,1197040000,1197120000,21369,3934
14964,1197120000,1197200000,15990,3517
14965,1197200000,1197280000,13724,2829
14966,1197280000,1197360000,22188,4093
14967,1197360000,1197440000,20028,3661
14968,1197440000,1197520000,15826,3438
14969,1197520000,1197600000,16540,3178
14970,1197600000,1197680000,22408,4102
14971,1197680000,1197760000,18424,3662
14972,1197760000,1197840000,15785,3207
14973,1197840000,1197920000,17792,3400
14974,1197920000,1198000000,22859,4099
14975,1198000000,1198080000,17947,3633
14976,1198080000,1198160000,15384,3108
14977,1198160000,1198240000,18555,3532
14978,1198240000,1198320000,21885,4194
14979,1198320000,1198400000,16972,3618
14980,1198400000,1198480000,13797,2694
14981,1198480000,1198560000,20469,3863
14982,1198560000,1198640000,23531,4226
14983,1198640000,1198720000,17062,3603
14984,1198720000,1198800000,13328,2483
14985,1198800000,1198880000,21936,4074
14986,1198880000,1198960000,24211,4379
14987,1198960000,1199040000,16517,3524
14988,1199040000,1199120000,12698,2413
14989,1199120000,1199200000,21657,4061
14990,1199200000,1199280000,23362,4283
14991,1199280000,1199360000,15834,3405
14992,1199360000,1199440000,13609,2604
14993,1199440000,1199520000,22524,4094
14994,1199520000,1199600000,19988,3933
14995,1199600000,1199680000,16295,3517
14996,1199680000,1199760000,14073,2829
14997,1199760000,1199840000,21600,4090
14998,1199840000,1199920000,19501,3672
14999,1199920000,1200000000,16019,3438
15000,1200000000,1200080000,16612,3178
15001,1200080000,1200160000,22080,4101
15002,1200160000,1200240000,18541,3663
15003,1200240000,1200320000,15585,3207
15004,1200320000,1200400000,17580,3400
15005,1200400000,1200480000,23193,4108
15006,1200480000,1200560000,17875,3638
15007,1200560000,1200640000,15358,3108
15008,1200640000,1200720000,18494,3532
15009,1200720000,1200800000,21899,4201
15010,1200800000,1200880000,16753,3613
15011,1200880000,1200960000,13605,2694
15012,1200960000,1201040000,20250,3864
15013,1201040000,1201120000,24108,4220
15014,1201120000,1201200000,17278,3600
15015,1201200000,1201280000,13296,2483
15016,1201280000,1201360000,22128,4070
15017,1201360000,1201440000,24067,4370
15018,1201440000,1201520000,16568,3525
15019,1201520000,1201600000,12792,2413
15020,1201600000,1201680000,21739,4058
15021,1201680000,1201760000,24121,4278
15022,1201760000,1201840000,15986,3405
15023,1201840000,1201920000,13439,2604
15024,1201920000,1202000000,22520,4089
15025,1202000000,1202080000,20944,3946
15026,1202080000,1202160000,16422,3517
15027,1202160000,1202240000,14594,2829
15028,1202240000,1202320000,22281,4087
15029,1202320000,1202400000,19475,3661
15030,1202400000,1202480000,16199,3438
15031,1202480000,1202560000,16751,3178
15032,1202560000,1202640000,22820,4102
15033,1202640000,1202720000,18430,3656
15034,1202720000,1202800000,15903,3207
15035,1202800000,1202880000,18031,3400
15036,1202880000,1202960000,23023,4099
15037,1202960000,1203040000,17904,3633
15038,1203040000,1203120000,15608,3108
15039,1203120000,1203200000,18872,3532
15040,1203200000,1203280000,22365,4194
15041,1203280000,1203360000,16952,3618
15042,1203360000,1203440000,13754,2694
15043,1203440000,1203520000,20094,3863
15044,1203520000,1203600000,22782,4226
15045,1203600000,1203680000,16860,3603
15046,1203680000,1203760000,13057,2483
15047,1203760000,1203840000,21693,4071
15048,1203840000,1203920000,24428,4376
15049,1203920000,1204000000,16485,3524
15050,1204000000,1204080000,12850,2413
15051,1204080000,1204160000,21884,4061
15052,1204160000,1204240000,23934,4283
15053,1204240000,1204320000,16107,3405
15054,1204320000,1204400000,13784,2604
15055,1204400000,1204480000,22209,4094
15056,1204480000,1204560000,21246,3933
15057,1204560000,1204640000,16531,3517
15058,1204640000,1204720000,14658,2829
15059,1204720000,1204800000,22075,4090
15060,1204800000,1204880000,19933,3678
15061,1204880000,1204960000,16236,3438
15062,1204960000,1205040000,17194,3178
15063,1205040000,1205120000,22471,4101
15064,1205120000,1205200000,18439,3663
15065,1205200000,1205280000,15902,3207
15066,1205280000,1205360000,17966,3400
15067,1205360000,1205440000,23094,4108
15068,1205440000,1205520000,18319,3638
15069,1205520000,1205600000,15503,3108
15070,1205600000,1205680000,18408,3532
15071,1205680000,1205760000,22604,4201
15072,1205760000,1205840000,16819,3613
15073,1205840000,1205920000,13612,2694
15074,1205920000,1206000000,19972,3864
15075,1206000000,1206080000,23017,4220
15076,1206080000,1206160000,16965,3600
15077,1206160000,1206240000,13208,2483
15078,1206240000,1206320000,21551,4070
15079,1206320000,1206400000,23393,4370
15080,1206400000,1206480000,16459,3525
15081,1206480000,1206560000,12963,2413
15082,1206560000,1206640000,21868,4058
15083,1206640000,1206720000,23528,4278
15084,1206720000,1206800000,15982,3405
15085,1206800000,1206880000,13890,2604
15086,1206880000,1206960000,22757,4089
15087,1206960000,1207040000,20619,3934
15088,1207040000,1207120000,16646,3517
15089,1207120000,1207200000,14558,2829
15090,1207200000,1207280000,22313,4087
15091,1207280000,1207360000,19980,3661
15092,1207360000,1207440000,16544,3438
15093,1207440000,1207520000,17248,3178
15094,1207520000,1207600000,22708,4096
15095,1207600000,1207680000,18321,3656
15096,1207680000,1207760000,16081,3207
15097,1207760000,1207840000,17995,3400
15098,1207840000,1207920000,23001,4099
15099,1207920000,1208000000,17994,3633
15100,1208000000,1208080000,15329,3108
15101,1208080000,1208160000,18395,3532
15102,1208160000,1208240000,22848,4200
15103,1208240000,1208320000,17421,3618
15104,1208320000,1208400000,13452,2694
15105,1208400000,1208480000,20034,3863
15106,1208480000,1208560000,22890,4226
15107,1208560000,1208640000,16833,3603
15108,1208640000,1208720000,13301,2483
15109,1208720000,1208800000,21837,4071
15110,1208800000,1208880000,22488,4370
15111,1208880000,1208960000,16511,3524
15112,1208960000,1209040000,13043,2413
15113,1209040000,1209120000,21949,4061
15114,1209120000,1209200000,23841,4283
15115,1209200000,1209280000,16024,3405
15116,1209280000,1209360000,14179,2604
15117,1209360000,1209440000,23039,4094
15118,1209440000,1209520000,21513,3933
15119,1209520000,1209600000,16721,3517
15120,1209600000,1209680000,14709,2829
15121,1209680000,1209760000,21969,4084
15122,1209760000,1209840000,19228,3672
15123,1209840000,1209920000,16563,3438
15124,1209920000,1210000000,17708,3178
15125,1210000000,1210080000,22742,4101
15126,1210080000,1210160000,18133,3663
15127,1210160000,1210240000,15748,3207
15128,1210240000,1210320000,17596,3400
15129,1210320000,1210400000,23234,4102
15130,1210400000,1210480000,18015,3638
15131,1210480000,1210560000,15121,3108
15132,1210560000,1210640000,18074,3532
15133,1210640000,1210720000,22685,4195
15134,1210720000,1210800000,16793,3613
15135,1210800000,1210880000,13206,2694
15136,1210880000,1210960000,19836,3864
15137,1210960000,1211040000,22200,4220
15138,1211040000,1211120000,17096,3600
15139,1211120000,1211200000,13087,2483
15140,1211200000,1211280000,21612,4070
15141,1211280000,1211360000,23080,4370
15142,1211360000,1211440000,16529,3525
15143,1211440000,1211520000,12953,2413
15144,1211520000,1211600000,21338,4058
15145,1211600000,1211680000,23425,4278
15146,1211680000,1211760000,16006,3405
15147,1211760000,1211840000,13829,2604
15148,1211840000,1211920000,22338,4095
15149,1211920000,1212000000,20312,3940
15150,1212000000,1212080000,16589,3517
15151,1212080000,1212160000,14813,2829
15152,1212160000,1212240000,21825,4087
15153,1212240000,1212320000,19840,3661
15154,1212320000,1212400000,16562,3438
15155,1212400000,1212480000,16832,3178
15156,1212480000,1212560000,22287,4096
15157,1212560000,1212640000,18557,3656
15158,1212640000,1212720000,15920,3207
15159,1212720000,1212800000,17991,3400
15160,1212800000,1212880000,23325,4105
15161,1212880000,1212960000,18067,3633
15162,1212960000,1213040000,15144,3108
15163,1213040000,1213120000,18097,3532
15164,1213120000,1213200000,22597,4194
15165,1213200000,1213280000,16719,3618
15166,1213280000,1213360000,13506,2694
15167,1213360000,1213440000,20254,3863
15168,1213440000,1213520000,23735,4226
15169,1213520000,1213600000,16778,3603
15170,1213600000,1213680000,13152,2483
15171,1213680000,1213760000,21631,4071
15172,1213760000,1213840000,24065,4370
15173,1213840000,1213920000,16530,3524
15174,1213920000,1214000000,12790,2413
15175,1214000000,1214080000,22150,4061
15176,1214080000,1214160000,24185,4283
15177,1214160000,1214240000,16188,3405
15178,1214240000,1214320000,14022,2604
15179,1214320000,1214400000,22128,4094
15180,1214400000,1214480000,20747,3939
15181,1214480000,1214560000,16641,3517
15182,1214560000,1214640000,14670,2829
15183,1214640000,1214720000,22105,4084
15184,1214720000,1214800000,19777,3678
15185,1214800000,1214880000,16085,3438
15186,1214880000,1214960000,16196,3178
15187,1214960000,1215040000,22850,4101
15188,1215040000,1215120000,18333,3663
15189,1215120000,1215200000,15471,3207
15190,1215200000,1215280000,17085,3400
15191,1215280000,1215360000,22481,4108
15192,1215360000,1215440000,18202,3638
15193,1215440000,1215520000,15267,3108
15194,1215520000,1215600000,18328,3532
15195,1215600000,1215680000,23602,4195
15196,1215680000,1215760000,16751,3613
15197,1215760000,1215840000,12986,2694
15198,1215840000,1215920000,19157,3864
15199,1215920000,1216000000,22582,4220
15200,1216000000,1216080000,16736,3600
15201,1216080000,1216160000,12812,2483
15202,1216160000,1216240000,21361,4070
15203,1216240000,1216320000,23342,4370
15204,1216320000,1216400000,16145,3525
15205,1216400000,1216480000,12538,2413
15206,1216480000,1216560000,21451,4058
15207,1216560000,1216640000,23714,4278
15208,1216640000,1216720000,15803,3405
15209,1216720000,1216800000,13453,2604
15210,1216800000,1216880000,21971,4089
15211,1216880000,1216960000,20650,3940
15212,1216960000,1217040000,16167,3517
15213,1217040000,1217120000,13587,2829
15214,1217120000,1217200000,21965,4087
15215,1217200000,1217280000,19523,3661
15216,1217280000,1217360000,15639,3438
15217,1217360000,1217440000,16383,3178
15218,1217440000,1217520000,22631,4096
15219,1217520000,1217600000,18634,3656
15220,1217600000,1217680000,15621,3207
15221,1217680000,1217760000,17552,3400
15222,1217760000,1217840000,22262,4099
15223,1217840000,1217920000,17802,3633
15224,1217920000,1218000000,15238,3108
15225,1218000000,1218080000,18260,3532
15226,1218080000,1218160000,23491,4194
15227,1218160000,1218240000,17103,3618
15228,1218240000,1218320000,13459,2694
15229,1218320000,1218400000,19901,3863
15230,1218400000,1218480000,22950,4226
15231,1218480000,1218560000,16825,3603
15232,1218560000,1218640000,13053,2483
15233,1218640000,1218720000,20997,4074
15234,1218720000,1218800000,22774,4373
15235,1218800000,1218880000,16278,3524
15236,1218880000,1218960000,12762,2413
15237,1218960000,1219040000,21331,4064
15238,1219040000,1219120000,23522,4292
15239,1219120000,1219200000,15755,3405
15240,1219200000,1219280000,13433,2604
15241,1219280000,1219360000,22470,4094
15242,1219360000,1219440000,21216,3933
15243,1219440000,1219520000,16323,3517
15244,1219520000,1219600000,13995,2829
15245,1219600000,1219680000,21865,4084
15246,1219680000,1219760000,19457,3684
15247,1219760000,1219840000,15987,3438
15248,1219840000,1219920000,16294,3178
15249,1219920000,1220000000,21822,4107
15250,1220000000,1220080000,18420,3669
15251,1220080000,1220160000,15590,3207
15252,1220160000,1220240000,17485,3400
15253,1220240000,1220320000,23304,4102
15254,1220320000,1220400000,17607,3638
15255,1220400000,1220480000,15450,3108
15256,1220480000,1220560000,18566,3532
15257,1220560000,1220640000,22639,4195
15258,1220640000,1220720000,16765,3613
15259,1220720000,1220800000,13743,2694
15260,1220800000,1220880000,20087,3864
15261,1220880000,1220960000,22261,4226
15262,1220960000,1221040000,16919,3606
15263,1221040000,1221120000,13224,2483
15264,1221120000,1221200000,21737,4070
15265,1221200000,1221280000,24156,4370
15266,1221280000,1221360000,16658,3525
15267,1221360000,1221440000,12988,2413
15268,1221440000,1221520000,21760,4058
15269,1221520000,1221600000,23725,4278
15270,1221600000,1221680000,16005,3405
15271,1221680000,1221760000,13187,2604
15272,1221760000,1221840000,21882,4089
15273,1221840000,1221920000,20524,3934
15274,1221920000,1222000000,16290,3517
15275,1222000000,1222080000,14332,2829
15276,1222080000,1222160000,21841,4087
15277,1222160000,1222240000,19525,3661
15278,1222240000,1222320000,16253,3438
15279,1222320000,1222400000,16734,3178
15280,1222400000,1222480000,22815,4096
15281,1222480000,1222560000,18309,3656
15282,1222560000,1222640000,15868,3207
15283,1222640000,1222720000,17601,3400
15284,1222720000,1222800000,22960,4099
15285,1222800000,1222880000,17825,3633
15286,1222880000,1222960000,15509,3108
15287,1222960000,1223040000,18861,3532
15288,1223040000,1223120000,22675,4200
15289,1223120000,1223200000,17267,3618
15290,1223200000,1223280000,13727,2694
15291,1223280000,1223360000,20435,3863
15292,1223360000,1223440000,23067,4226
15293,1223440000,1223520000,17241,3603
15294,1223520000,1223600000,13492,2483
15295,1223600000,1223680000,22092,4071
15296,1223680000,1223760000,24060,4376
15297,1223760000,1223840000,16625,3524
15298,1223840000,1223920000,12893,2413
15299,1223920000,1224000000,21833,4061
15300,1224000000,1224080000,23336,4289
15301,1224080000,1224160000,15927,3405
15302,1224160000,1224240000,13611,2604
15303,1224240000,1224320000,22365,4094
15304,1224320000,1224400000,20618,3933
15305,1224400000,1224480000,16452,3517
15306,1224480000,1224560000,14361,2829
15307,1224560000,1224640000,21496,4084
15308,1224640000,1224720000,18905,3672
15309,1224720000,1224800000,16279,3438
15310,1224800000,1224880000,16912,3178
15311,1224880000,1224960000,22091,4101
15312,1224960000,1225040000,17952,3663
15313,1225040000,1225120000,16046,3207
15314,1225120000,1225200000,17996,3400
15315,1225200000,1225280000,23252,4102
15316,1225280000,1225360000,18192,3638
15317,1225360000,1225440000,15527,3108
15318,1225440000,1225520000,17906,3532
15319,1225520000,1225600000,21730,4195
15320,1225600000,1225680000,16604,3613
15321,1225680000,1225760000,13687,2694
15322,1225760000,1225840000,19997,3864
15323,1225840000,1225920000,22151,4220
15324,1225920000,1226000000,16926,3600
15325,1226000000,1226080000,12890,2483
15326,1226080000,1226160000,21525,4070
15327,1226160000,1226240000,23997,4376
15328,1226240000,1226320000,16147,3525
15329,1226320000,1226400000,12391,2413
15330,1226400000,1226480000,21505,4058
15331,1226480000,1226560000,23693,4278
15332,1226560000,1226640000,15420,3405
15333,1226640000,1226720000,13197,2604
15334,1226720000,1226800000,22353,4089
15335,1226800000,1226880000,20838,3940
15336,1226880000,1226960000,16026,3517
15337,1226960000,1227040000,14141,2829
15338,1227040000,1227120000,21225,4093
15339,1227120000,1227200000,18970,3667
15340,1227200000,1227280000,15826,3438
15341,1227280000,1227360000,16452,3178
15342,1227360000,1227440000,22998,4096
15343,1227440000,1227520000,18434,3656
15344,1227520000,1227600000,15477,3207
15345,1227600000,1227680000,17599,3400
15346,1227680000,1227760000,22974,4105
15347,1227760000,1227840000,17524,3633
15348,1227840000,1227920000,15143,3108
15349,1227920000,1228000000,18713,3532
15350,1228000000,1228080000,22128,4200
15351,1228080000,1228160000,17259,3624
15352,1228160000,1228240000,13369,2694
15353,1228240000,1228320000,20083,3863
15354,1228320000,1228400000,23100,4232
15355,1228400000,1228480000,16965,3603
15356,1228480000,1228560000,13166,2483
15357,1228560000,1228640000,21949,4071
15358,1228640000,1228720000,23405,4370
15359,1228720000,1228800000,16469,3524
15360,1228800000,1228880000,12630,2413
15361,1228880000,1228960000,21771,4061
15362,1228960000,1229040000,23362,4283
15363,1229040000,1229120000,15904,3405
15364,1229120000,1229200000,13830,2604
15365,1229200000,1229280000,22807,4094
15366,1229280000,1229360000,20817,3933
15367,1229360000,1229440000,16272,3517
15368,1229440000,1229520000,13919,2829
15369,1229520000,1229600000,21882,4090
15370,1229600000,1229680000,19884,3672
15371,1229680000,1229760000,15861,3438
15372,1229760000,1229840000,16679,3178
15373,1229840000,1229920000,22765,4101
15374,1229920000,1230000000,18300,3663
15375,1230000000,1230080000,15417,3207
15376,1230080000,1230160000,17355,3400
15377,1230160000,1230240000,23254,4102
15378,1230240000,1230320000,18042,3644
15379,1230320000,1230400000,14994,3108
15380,1230400000,1230480000,18320,3532
15381,1230480000,1230560000,22691,4195
15382,1230560000,1230640000,16938,3613
15383,1230640000,1230720000,13192,2694
15384,1230720000,1230800000,19941,3864
15385,1230800000,1230880000,22820,4232
15386,1230880000,1230960000,16816,3606
15387,1230960000,1231040000,12774,2483
15388,1231040000,1231120000,20965,4070
15389,1231120000,1231200000,23061,4379
15390,1231200000,1231280000,16342,3528
15391,1231280000,1231360000,12786,2413
15392,1231360000,1231440000,21849,4058
15393,1231440000,1231520000,23619,4284
15394,1231520000,1231600000,15892,3405
15395,1231600000,1231680000,13629,2604
15396,1231680000,1231760000,22648,4089
15397,1231760000,1231840000,20965,3934
15398,1231840000,1231920000,16485,3517
15399,1231920000,1232000000,14628,2829
15400,1232000000,1232080000,21697,4087
15401,1232080000,1232160000,19674,3661
15402,1232160000,1232240000,16284,3438
15403,1232240000,1232320000,16649,3178
15404,1232320000,1232400000,23020,4096
15405,1232400000,1232480000,18259,3656
15406,1232480000,1232560000,15974,3207
15407,1232560000,1232640000,18267,3400
15408,1232640000,1232720000,23155,4099
15409,1232720000,1232800000,18204,3633
15410,1232800000,1232880000,15422,3108
15411,1232880000,1232960000,18591,3532
15412,1232960000,1233040000,22944,4194
15413,1233040000,1233120000,17094,3618
15414,1233120000,1233200000,13348,2694
15415,1233200000,1233280000,20209,3863
15416,1233280000,1233360000,22982,4226
15417,1233360000,1233440000,17158,3603
15418,1233440000,1233520000,12892,2483
15419,1233520000,1233600000,21870,4071
15420,1233600000,1233680000,23789,4370
15421,1233680000,1233760000,16683,3524
15422,1233760000,1233840000,12514,2413
15423,1233840000,1233920000,21899,4061
15424,1233920000,1234000000,24213,4283
15425,1234000000,1234080000,16235,3405
15426,1234080000,1234160000,13842,2604
15427,1234160000,1234240000,22061,4100
15428,1234240000,1234320000,20669,3939
15429,1234320000,1234400000,16799,3517
15430,1234400000,1234480000,14829,2829
15431,1234480000,1234560000,22652,4090
15432,1234560000,1234640000,19712,3672
15433,1234640000,1234720000,16679,3438
15434,1234720000,1234800000,17236,3178
15435,1234800000,1234880000,22570,4107
15436,1234880000,1234960000,18824,3663
15437,1234960000,1235040000,15616,3207
15438,1235040000,1235120000,17025,3400
15439,1235120000,1235200000,23316,4102
15440,1235200000,1235280000,18125,3638
15441,1235280000,1235360000,15081,3108
15442,1235360000,1235440000,18224,3532
15443,1235440000,1235520000,22018,4201
15444,1235520000,1235600000,17008,3613
15445,1235600000,1235680000,13125,2694
15446,1235680000,1235760000,19322,3864
15447,1235760000,1235840000,22680,4220
15448,1235840000,1235920000,16875,3600
15449,1235920000,1236000000,12855,2483
15450,1236000000,1236080000,21372,4073
15451,1236080000,1236160000,24059,4384
15452,1236160000,1236240000,16418,3528
15453,1236240000,1236320000,12546,2413
15454,1236320000,1236400000,22021,4058
15455,1236400000,1236480000,23835,4278
15456,1236480000,1236560000,15843,3405
15457,1236560000,1236640000,13503,2604
15458,1236640000,1236720000,22818,4089
15459,1236720000,1236800000,21102,3934
15460,1236800000,1236880000,16415,3517
15461,1236880000,1236960000,14203,2829
15462,1236960000,1237040000,21584,4087
15463,1237040000,1237120000,19247,3673
15464,1237120000,1237200000,16067,3438
15465,1237200000,1237280000,16923,3178
15466,1237280000,1237360000,22939,4096
15467,1237360000,1237440000,18972,3656
15468,1237440000,1237520000,15858,3207
15469,1237520000,1237600000,18138,3400
15470,1237600000,1237680000,23336,4099
15471,1237680000,1237760000,18197,3633
15472,1237760000,1237840000,15654,3108
15473,1237840000,1237920000,18981,3532
15474,1237920000,1238000000,23621,4194
15475,1238000000,1238080000,17017,3618
15476,1238080000,1238160000,13931,2694
15477,1238160000,1238240000,20154,3863
15478,1238240000,1238320000,21695,4226
15479,1238320000,1238400000,17136,3603
15480,1238400000,1238480000,13170,2483
15481,1238480000,1238560000,21706,4071
15482,1238560000,1238640000,23478,4379
15483,1238640000,1238720000,16643,3527
15484,1238720000,1238800000,12908,2413
15485,1238800000,1238880000,22024,4061
15486,1238880000,1238960000,23590,4289
15487,1238960000,1239040000,16164,3405
15488,1239040000,1239120000,14001,2604
15489,1239120000,1239200000,22788,4094
15490,1239200000,1239280000,21218,3933
15491,1239280000,1239360000,16686,3517
15492,1239360000,1239440000,14345,2829
15493,1239440000,1239520000,21721,4084
15494,1239520000,1239600000,19424,3672
15495,1239600000,1239680000,16286,3438
15496,1239680000,1239760000,17069,3178
15497,1239760000,1239840000,22707,4101
15498,1239840000,1239920000,18484,3663
15499,1239920000,1240000000,15862,3207
15500,1240000000,1240080000,18213,3400
15501,1240080000,1240160000,23248,4102
15502,1240160000,1240240000,17852,3638
15503,1240240000,1240320000,15415,3108
15504,1240320000,1240400000,18107,3532
15505,1240400000,1240480000,22119,4195
15506,1240480000,1240560000,16328,3613
15507,1240560000,1240640000,13397,2694
15508,1240640000,1240720000,19656,3864
15509,1240720000,1240800000,22745,4226
15510,1240800000,1240880000,16854,3600
15511,1240880000,1240960000,13234,2483
15512,1240960000,1241040000,21526,4070
15513,1241040000,1241120000,23271,4376
15514,1241120000,1241200000,16658,3525
15515,1241200000,1241280000,12813,2413
15516,1241280000,1241360000,21271,4061
15517,1241360000,1241440000,23150,4287
15518,1241440000,1241520000,15924,3405
15519,1241520000,1241600000,13159,2604
15520,1241600000,1241680000,22126,4089
15521,1241680000,1241760000,21036,3934
15522,1241760000,1241840000,16356,3517
15523,1241840000,1241920000,14469,2829
15524,1241920000,1242000000,21989,4087
15525,1242000000,1242080000,19706,3661
15526,1242080000,1242160000,16230,3438
15527,1242160000,1242240000,16615,3178
15528,1242240000,1242320000,22330,4102
15529,1242320000,1242400000,18318,3656
15530,1242400000,1242480000,15892,3207
15531,1242480000,1242560000,17852,3400
15532,1242560000,1242640000,22690,4107
15533,1242640000,1242720000,18086,3639
15534,1242720000,1242800000,15412,3108
15535,1242800000,1242880000,18660,3532
15536,1242880000,1242960000,23124,4194
15537,1242960000,1243040000,16974,3618
15538,1243040000,1243120000,13550,2694
15539,1243120000,1243200000,19951,3863
15540,1243200000,1243280000,23148,4226
15541,1243280000,1243360000,17263,3603
15542,1243360000,1243440000,13317,2483
15543,1243440000,1243520000,22032,4071
15544,1243520000,1243600000,23644,4370
15545,1243600000,1243680000,16817,3524
15546,1243680000,1243760000,13180,2413
15547,1243760000,1243840000,22076,4061
15548,1243840000,1243920000,23709,4283
15549,1243920000,1244000000,16130,3405
15550,1244000000,1244080000,13517,2604
15551,1244080000,1244160000,22174,4094
15552,1244160000,1244240000,20824,3945
15553,1244240000,1244320000,16274,3517
15554,1244320000,1244400000,14294,2829
15555,1244400000,1244480000,22042,4087
15556,1244480000,1244560000,19639,3675
15557,1244560000,1244640000,16073,3438
15558,1244640000,1244720000,16822,3178
15559,1244720000,1244800000,23142,4101
15560,1244800000,1244880000,18816,3663
15561,1244880000,1244960000,15692,3207
15562,1244960000,1245040000,17665,3400
15563,1245040000,1245120000,22949,4102
15564,1245120000,1245200000,18305,3638
15565,1245200000,1245280000,15235,3108
15566,1245280000,1245360000,18483,3532
15567,1245360000,1245440000,21417,4201
15568,1245440000,1245520000,17401,3619
15569,1245520000,1245600000,13364,2694
15570,1245600000,1245680000,20245,3864
15571,1245680000,1245760000,22851,4220
15572,1245760000,1245840000,17061,3600
15573,1245840000,1245920000,13225,2483
15574,1245920000,1246000000,21776,4070
15575,1246000000,1246080000,23626,4370
15576,1246080000,1246160000,16400,3525
15577,1246160000,1246240000,12786,2413
15578,1246240000,1246320000,21318,4058
15579,1246320000,1246400000,22626,4292
15580,1246400000,1246480000,15782,3405
15581,1246480000,1246560000,13615,2604
15582,1246560000,1246640000,22145,4089
15583,1246640000,1246720000,20425,3934
15584,1246720000,1246800000,16574,3517
15585,1246800000,1246880000,14771,2829
15586,1246880000,1246960000,22134,4093
15587,1246960000,1247040000,19192,3661
15588,1247040000,1247120000,16291,3438
15589,1247120000,1247200000,17163,3178
15590,1247200000,1247280000,22758,4096
15591,1247280000,1247360000,18564,3656
15592,1247360000,1247440000,15906,3207
15593,1247440000,1247520000,18071,3400
15594,1247520000,1247600000,22879,4105
15595,1247600000,1247680000,17785,3639
15596,1247680000,1247760000,15462,3108
15597,1247760000,1247840000,18480,3532
15598,1247840000,1247920000,22234,4194
15599,1247920000,1248000000,17142,3618
15600,1248000000,1248080000,13585,2694
15601,1248080000,1248160000,20220,3863
15602,1248160000,1248240000,23624,4226
15603,1248240000,1248320000,17248,3603
15604,1248320000,1248400000,13207,2483
15605,1248400000,1248480000,22140,4071
15606,1248480000,1248560000,23981,4376
15607,1248560000,1248640000,16467,3524
15608,1248640000,1248720000,12757,2413
15609,1248720000,1248800000,21435,4061
15610,1248800000,1248880000,23346,4283
15611,1248880000,1248960000,15930,3405
15612,1248960000,1249040000,13848,2604
15613,1249040000,1249120000,22181,4094
15614,1249120000,1249200000,20646,3933
15615,1249200000,1249280000,16577,3516
15616,1249280000,1249360000,14454,2829
15617,1249360000,1249440000,21888,4090
15618,1249440000,1249520000,19586,3678
15619,1249520000,1249600000,16285,3438
15620,1249600000,1249680000,17256,3178
15621,1249680000,1249760000,22748,4101
15622,1249760000,1249840000,18481,3663
15623,1249840000,1249920000,15623,3207
15624,1249920000,1250000000,17638,3400
15625,1250000000,1250080000,23355,4108
15626,1250080000,1250160000,18234,3638
15627,1250160000,1250240000,15254,3108
15628,1250240000,1250320000,18776,3532
15629,1250320000,1250400000,22319,4201
15630,1250400000,1250480000,17022,3613
15631,1250480000,1250560000,13504,2694
15632,1250560000,1250640000,20508,3864
15633,1250640000,1250720000,23192,4220
15634,1250720000,1250800000,17449,3600
15635,1250800000,1250880000,13144,2483
15636,1250880000,1250960000,22168,4070
15637,1250960000,1251040000,23544,4370
15638,1251040000,1251120000,16900,3525
15639,1251120000,1251200000,13190,2413
15640,1251200000,1251280000,21869,4058
15641,1251280000,1251360000,23398,4292
15642,1251360000,1251440000,16016,3405
15643,1251440000,1251520000,13976,2604
15644,1251520000,1251600000,21950,4089
15645,1251600000,1251680000,19837,3934
15646,1251680000,1251760000,16352,3517
15647,1251760000,1251840000,14780,2829
15648,1251840000,1251920000,21338,4087
15649,1251920000,1252000000,19302,3661
15650,1252000000,1252080000,16262,3438
15651,1252080000,1252160000,16447,3178
15652,1252160000,1252240000,22347,4096
15653,1252240000,1252320000,18340,3656
15654,1252320000,1252400000,15931,3207
15655,1252400000,1252480000,17851,3400
15656,1252480000,1252560000,23303,4099
15657,1252560000,1252640000,18295,3633
15658,1252640000,1252720000,15244,3108
15659,1252720000,1252800000,18247,3532
15660,1252800000,1252880000,21804,4194
15661,1252880000,1252960000,16673,3618
15662,1252960000,1253040000,13282,2694
15663,1253040000,1253120000,19715,3863
15664,1253120000,1253200000,22204,4226
15665,1253200000,1253280000,16730,3603
15666,1253280000,1253360000,13129,2483
15667,1253360000,1253440000,21474,4071
15668,1253440000,1253520000,23138,4370
15669,1253520000,1253600000,16569,3524
15670,1253600000,1253680000,12990,2413
15671,1253680000,1253760000,22171,4061
15672,1253760000,1253840000,23149,4283
15673,1253840000,1253920000,16255,3405
15674,1253920000,1254000000,13977,2604
15675,1254000000,1254080000,22353,4094
15676,1254080000,1254160000,20513,3933
15677,1254160000,1254240000,16677,3517
15678,1254240000,1254320000,14691,2829
15679,1254320000,1254400000,21583,4087
15680,1254400000,1254480000,19448,3675
15681,1254480000,1254560000,16448,3438
15682,1254560000,1254640000,17219,3178
15683,1254640000,1254720000,22916,4101
15684,1254720000,1254800000,18329,3663
15685,1254800000,1254880000,15989,3207
15686,1254880000,1254960000,17655,3400
15687,1254960000,1255040000,22542,4102
15688,1255040000,1255120000,17975,3638
15689,1255120000,1255200000,15458,3108
15690,1255200000,1255280000,18581,3532
15691,1255280000,1255360000,22259,4195
15692,1255360000,1255440000,16796,3613
15693,1255440000,1255520000,13321,2694
15694,1255520000,1255600000,19821,3864
15695,1255600000,1255680000,22602,4220
15696,1255680000,1255760000,17195,3600
15697,1255760000,1255840000,13150,2483
15698,1255840000,1255920000,21997,4070
15699,1255920000,1256000000,23621,4379
15700,1256000000,1256080000,16730,3528
15701,1256080000,1256160000,12845,2413
15702,1256160000,1256240000,21968,4064
15703,1256240000,1256320000,23659,4278
15704,1256320000,1256400000,16256,3405
15705,1256400000,1256480000,13896,2604
15706,1256480000,1256560000,22457,4095
15707,1256560000,1256640000,20594,3940
15708,1256640000,1256720000,16457,3517
15709,1256720000,1256800000,13732,2829
15710,1256800000,1256880000,21100,4087
15711,1256880000,1256960000,19692,3661
15712,1256960000,1257040000,15759,3438
15713,1257040000,1257120000,16684,3178
15714,1257120000,1257200000,22487,4105
15715,1257200000,1257280000,18133,3665
15716,1257280000,1257360000,15587,3207
15717,1257360000,1257440000,17519,3400
15718,1257440000,1257520000,22521,4105
15719,1257520000,1257600000,17740,3633
15720,1257600000,1257680000,15257,3108
15721,1257680000,1257760000,18507,3532
15722,1257760000,1257840000,22902,4194
15723,1257840000,1257920000,17021,3624
15724,1257920000,1258000000,13700,2694
15725,1258000000,1258080000,20439,3863
15726,1258080000,1258160000,22948,4226
15727,1258160000,1258240000,17330,3603
15728,1258240000,1258320000,13278,2483
15729,1258320000,1258400000,22051,4071
15730,1258400000,1258480000,24546,4370
15731,1258480000,1258560000,16623,3524
15732,1258560000,1258640000,12930,2413
15733,1258640000,1258720000,21622,4061
15734,1258720000,1258800000,23364,4283
15735,1258800000,1258880000,16052,3405
15736,1258880000,1258960000,13992,2604
15737,1258960000,1259040000,22582,4094
15738,1259040000,1259120000,20617,3933
15739,1259120000,1259200000,16718,3517
15740,1259200000,1259280000,14721,2829
15741,1259280000,1259360000,22361,4084
15742,1259360000,1259440000,20407,3672
15743,1259440000,1259520000,16290,3438
15744,1259520000,1259600000,16915,3178
15745,1259600000,1259680000,22448,4101
15746,1259680000,1259760000,18121,3663
15747,1259760000,1259840000,15755,3207
15748,1259840000,1259920000,18025,3400
15749,1259920000,1260000000,23084,4108
15750,1260000000,1260080000,17909,3644
15751,1260080000,1260160000,15699,3108
15752,1260160000,1260240000,19052,3532
15753,1260240000,1260320000,22913,4195
15754,1260320000,1260400000,17189,3613
15755,1260400000,1260480000,13958,2694
15756,1260480000,1260560000,20438,3864
15757,1260560000,1260640000,23117,4220
15758,1260640000,1260720000,17447,3600
15759,1260720000,1260800000,13470,2483
15760,1260800000,1260880000,22116,4070
15761,1260880000,1260960000,23372,4379
15762,1260960000,1261040000,16883,3528
15763,1261040000,1261120000,13349,2413
15764,1261120000,1261200000,22187,4058
15765,1261200000,1261280000,23146,4278
15766,1261280000,1261360000,16291,3405
15767,1261360000,1261440000,13700,2604
15768,1261440000,1261520000,22352,4089
15769,1261520000,1261600000,20854,3934
15770,1261600000,1261680000,16392,3517
15771,1261680000,1261760000,14345,2829
15772,1261760000,1261840000,21796,4096
15773,1261840000,1261920000,19796,3664
15774,1261920000,1262000000,16140,3438
15775,1262000000,1262080000,16829,3178
15776,1262080000,1262160000,22983,4096
15777,1262160000,1262240000,18430,3656
15778,1262240000,1262320000,15553,3207
15779,1262320000,1262400000,17219,3400
15780,1262400000,1262480000,22899,4105
15781,1262480000,1262560000,17942,3633
15782,1262560000,1262640000,15114,3108
15783,1262640000,1262720000,18585,3532
15784,1262720000,1262800000,23158,4194
15785,1262800000,1262880000,16646,3624
15786,1262880000,1262960000,13356,2694
15787,1262960000,1263040000,19945,3863
15788,1263040000,1263120000,23518,4226
15789,1263120000,1263200000,17050,3603
15790,1263200000,1263280000,13256,2483
15791,1263280000,1263360000,21827,4071
15792,1263360000,1263440000,23920,4370
15793,1263440000,1263520000,16528,3524
15794,1263520000,1263600000,13036,2413
15795,1263600000,1263680000,21563,4064
15796,1263680000,1263760000,23816,4292
15797,1263760000,1263840000,16068,3405
15798,1263840000,1263920000,14055,2604
15799,1263920000,1264000000,22625,4094
15800,1264000000,1264080000,21105,3933
15801,1264080000,1264160000,16621,3517
15802,1264160000,1264240000,14762,2829
15803,1264240000,1264320000,21777,4084
15804,1264320000,1264400000,20129,3672
15805,1264400000,1264480000,16376,3438
15806,1264480000,1264560000,17455,3178
15807,1264560000,1264640000,23139,4107
15808,1264640000,1264720000,18433,3663
15809,1264720000,1264800000,16125,3207
15810,1264800000,1264880000,18534,3400
15811,1264880000,1264960000,23293,4102
15812,1264960000,1265040000,18084,3638
15813,1265040000,1265120000,15626,3108
15814,1265120000,1265200000,18663,3532
15815,1265200000,1265280000,22602,4203
15816,1265280000,1265360000,16786,3619
15817,1265360000,1265440000,13686,2694
15818,1265440000,1265520000,20384,3864
15819,1265520000,1265600000,23252,4223
15820,1265600000,1265680000,17401,3603
15821,1265680000,1265760000,13565,2483
15822,1265760000,1265840000,22227,4070
15823,1265840000,1265920000,23870,4370
15824,1265920000,1266000000,16735,3525
15825,1266000000,1266080000,13114,2413
15826,1266080000,1266160000,21924,4064
15827,1266160000,1266240000,23082,4278
15828,1266240000,1266320000,15996,3405
15829,1266320000,1266400000,13747,2604
15830,1266400000,1266480000,22316,4089
15831,1266480000,1266560000,20580,3934
15832,1266560000,1266640000,16597,3517
15833,1266640000,1266720000,14740,2829
15834,1266720000,1266800000,22144,4087
15835,1266800000,1266880000,19424,3661
15836,1266880000,1266960000,16551,3438
15837,1266960000,1267040000,17341,3178
15838,1267040000,1267120000,22477,4099
15839,1267120000,1267200000,18109,3665
15840,1267200000,1267280000,16239,3207
15841,1267280000,1267360000,18382,3400
15842,1267360000,1267440000,22984,4099
15843,1267440000,1267520000,17876,3633
15844,1267520000,1267600000,15941,3108
15845,1267600000,1267680000,19648,3532
15846,1267680000,1267760000,22729,4194
15847,1267760000,1267840000,17275,3618
15848,1267840000,1267920000,13854,2694
15849,1267920000,1268000000,20135,3863
15850,1268000000,1268080000,23768,4226
15851,1268080000,1268160000,17309,3603
15852,1268160000,1268240000,13553,2483
15853,1268240000,1268320000,22218,4071
15854,1268320000,1268400000,24189,4370
15855,1268400000,1268480000,16732,3524
15856,1268480000,1268560000,13108,2413
15857,1268560000,1268640000,21652,4061
15858,1268640000,1268720000,22903,4295
15859,1268720000,1268800000,16195,3405
15860,1268800000,1268880000,14045,2604
15861,1268880000,1268960000,22646,4094
15862,1268960000,1269040000,20693,3939
15863,1269040000,1269120000,16915,3517
15864,1269120000,1269200000,14869,2829
15865,1269200000,1269280000,21672,4084
15866,1269280000,1269360000,19869,3672
15867,1269360000,1269440000,16641,3438
15868,1269440000,1269520000,17929,3178
15869,1269520000,1269600000,22997,4101
15870,1269600000,1269680000,18233,3663
15871,1269680000,1269760000,16097,3207
15872,1269760000,1269840000,17894,3400
15873,1269840000,1269920000,23528,4108
15874,1269920000,1270000000,18212,3646
15875,1270000000,1270080000,15420,3108
15876,1270080000,1270160000,18978,3532
15877,1270160000,1270240000,22958,4195
15878,1270240000,1270320000,16673,3613
15879,1270320000,1270400000,13838,2694
15880,1270400000,1270480000,20537,3864
15881,1270480000,1270560000,22337,4220
15882,1270560000,1270640000,17271,3600
15883,1270640000,1270720000,12565,2483
15884,1270720000,1270800000,21157,4070
15885,1270800000,1270880000,23427,4383
15886,1270880000,1270960000,16482,3528
15887,1270960000,1271040000,12651,2413
15888,1271040000,1271120000,21377,4058
15889,1271120000,1271200000,23043,4284
15890,1271200000,1271280000,15927,3405
15891,1271280000,1271360000,13577,2604
15892,1271360000,1271440000,22536,4095
15893,1271440000,1271520000,20955,3934
15894,1271520000,1271600000,16551,3517
15895,1271600000,1271680000,14451,2829
15896,1271680000,1271760000,22124,4093
15897,1271760000,1271840000,20296,3667
15898,1271840000,1271920000,16340,3438
15899,1271920000,1272000000,16636,3178
15900,1272000000,1272080000,23093,4099
15901,1272080000,1272160000,18353,3665
15902,1272160000,1272240000,15996,3207
15903,1272240000,1272320000,18063,3400
15904,1272320000,1272400000,23067,4105
15905,1272400000,1272480000,18240,3633
15906,1272480000,1272560000,15557,3108
15907,1272560000,1272640000,18975,3532
15908,1272640000,1272720000,23398,4200
15909,1272720000,1272800000,17517,3618
15910,1272800000,1272880000,13629,2694
15911,1272880000,1272960000,20577,3863
15912,1272960000,1273040000,23511,4226
15913,1273040000,1273120000,17392,3603
15914,1273120000,1273200000,13113,2483
15915,1273200000,1273280000,22178,4071
15916,1273280000,1273360000,23894,4370
15917,1273360000,1273440000,16694,3524
15918,1273440000,1273520000,12941,2413
15919,1273520000,1273600000,21653,4061
15920,1273600000,1273680000,24057,4289
15921,1273680000,1273760000,16280,3405
15922,1273760000,1273840000,14061,2604
15923,1273840000,1273920000,21983,4094
15924,1273920000,1274000000,21044,3943
15925,1274000000,1274080000,16728,3517
15926,1274080000,1274160000,14830,2829
15927,1274160000,1274240000,22596,4084
15928,1274240000,1274320000,19199,3672
15929,1274320000,1274400000,16545,3438
15930,1274400000,1274480000,17608,3178
15931,1274480000,1274560000,22556,4107
15932,1274560000,1274640000,18812,3673
15933,1274640000,1274720000,16129,3207
15934,1274720000,1274800000,18228,3400
15935,1274800000,1274880000,23226,4102
15936,1274880000,1274960000,18513,3638
15937,1274960000,1275040000,15875,3108
15938,1275040000,1275120000,19411,3532
15939,1275120000,1275200000,23080,4195
15940,1275200000,1275280000,17600,3621
15941,1275280000,1275360000,13490,2694
15942,1275360000,1275440000,20041,3864
15943,1275440000,1275520000,23840,4220
15944,1275520000,1275600000,17376,3600
15945,1275600000,1275680000,13213,2483
15946,1275680000,1275760000,22109,4070
15947,1275760000,1275840000,23887,4370
15948,1275840000,1275920000,16727,3525
15949,1275920000,1276000000,13059,2413
15950,1276000000,1276080000,21870,4058
15951,1276080000,1276160000,23476,4278
15952,1276160000,1276240000,16153,3405
15953,1276240000,1276320000,14064,2604
15954,1276320000,1276400000,22996,4095
15955,1276400000,1276480000,21580,3934
15956,1276480000,1276560000,16789,3517
15957,1276560000,1276640000,14674,2829
15958,1276640000,1276720000,22161,4087
15959,1276720000,1276800000,19696,3661
15960,1276800000,1276880000,16606,3438
15961,1276880000,1276960000,17690,3178
15962,1276960000,1277040000,22653,4096
15963,1277040000,1277120000,18372,3656
15964,1277120000,1277200000,16392,3207
15965,1277200000,1277280000,18573,3400
15966,1277280000,1277360000,23000,4099
15967,1277360000,1277440000,18566,3633
15968,1277440000,1277520000,15817,3108
15969,1277520000,1277600000,19332,3532
15970,1277600000,1277680000,22944,4194
15971,1277680000,1277760000,17628,3618
15972,1277760000,1277840000,14032,2694
15973,1277840000,1277920000,21061,3866
15974,1277920000,1278000000,23326,4232
15975,1278000000,1278080000,17541,3606
15976,1278080000,1278160000,13602,2483
15977,1278160000,1278240000,22538,4071
15978,1278240000,1278320000,24111,4376
15979,1278320000,1278400000,17232,3524
15980,1278400000,1278480000,13299,2413
15981,1278480000,1278560000,22398,4061
15982,1278560000,1278640000,23643,4283
15983,1278640000,1278720000,16247,3405
15984,1278720000,1278800000,13820,2604
15985,1278800000,1278880000,22344,4106
15986,1278880000,1278960000,21284,3949
15987,1278960000,1279040000,16389,3517
15988,1279040000,1279120000,14322,2829
15989,1279120000,1279200000,22092,4084
15990,1279200000,1279280000,19934,3672
15991,1279280000,1279360000,16074,3438
15992,1279360000,1279440000,16870,3178
15993,1279440000,1279520000,22848,4101
15994,1279520000,1279600000,18570,3663
15995,1279600000,1279680000,15334,3207
15996,1279680000,1279760000,17331,3400
15997,1279760000,1279840000,22407,4102
15998,1279840000,1279920000,18119,3638
15999,1279920000,1280000000,15050,3108
16000,1280000000,1280080000,18257,3532
16001,1280080000,1280160000,22488,4195
16002,1280160000,1280240000,16887,3613
16003,1280240000,1280320000,13437,2694
16004,1280320000,1280400000,19818,3864
16005,1280400000,1280480000,23182,4220
16006,1280480000,1280560000,17137,3600
16007,1280560000,1280640000,13128,2483
16008,1280640000,1280720000,21777,4070
16009,1280720000,1280800000,24310,4376
16010,1280800000,1280880000,16287,3525
16011,1280880000,1280960000,12794,2413
16012,1280960000,1281040000,21399,4058
16013,1281040000,1281120000,24015,4278
16014,1281120000,1281200000,15761,3405
16015,1281200000,1281280000,13336,2604
16016,1281280000,1281360000,22073,4089
16017,1281360000,1281440000,20507,3934
16018,1281440000,1281520000,16222,3517
16019,1281520000,1281600000,14495,2829
16020,1281600000,1281680000,21599,4096
16021,1281680000,1281760000,19844,3664
16022,1281760000,1281840000,16012,3438
16023,1281840000,1281920000,16510,3178
16024,1281920000,1282000000,23293,4096
16025,1282000000,1282080000,18222,3656
16026,1282080000,1282160000,15485,3207
16027,1282160000,1282240000,17782,3400
16028,1282240000,1282320000,22937,4107
16029,1282320000,1282400000,18134,3633
16030,1282400000,1282480000,15448,3108
16031,1282480000,1282560000,18638,3532
16032,1282560000,1282640000,23538,4194
16033,1282640000,1282720000,16880,3618
16034,1282720000,1282800000,13679,2694
16035,1282800000,1282880000,19757,3863
16036,1282880000,1282960000,22788,4226
16037,1282960000,1283040000,17058,3603
16038,1283040000,1283120000,13351,2483
16039,1283120000,1283200000,22061,4071
16040,1283200000,1283280000,24762,4370
16041,1283280000,1283360000,16597,3524
16042,1283360000,1283440000,13205,2413
16043,1283440000,1283520000,21976,4061
16044,1283520000,1283600000,24203,4283
16045,1283600000,1283680000,16260,3405
16046,1283680000,1283760000,14290,2604
16047,1283760000,1283840000,22594,4094
16048,1283840000,1283920000,21343,3933
16049,1283920000,1284000000,16719,3517
16050,1284000000,1284080000,14976,2829
16051,1284080000,1284160000,22070,4084
16052,1284160000,1284240000,19994,3672
16053,1284240000,1284320000,16122,3438
16054,1284320000,1284400000,17147,3178
16055,1284400000,1284480000,22824,4101
16056,1284480000,1284560000,18014,3663
16057,1284560000,1284640000,15681,3207
16058,1284640000,1284720000,17707,3400
16059,1284720000,1284800000,22735,4102
16060,1284800000,1284880000,18067,3638
16061,1284880000,1284960000,15147,3108
16062,1284960000,1285040000,18114,3532
16063,1285040000,1285120000,23029,4195
16064,1285120000,1285200000,17361,3613
16065,1285200000,1285280000,13557,2694
16066,1285280000,1285360000,19943,3864
16067,1285360000,1285440000,22249,4220
16068,1285440000,1285520000,16778,3600
16069,1285520000,1285600000,13314,2483
16070,1285600000,1285680000,21495,4070
16071,1285680000,1285760000,23618,4376
16072,1285760000,1285840000,16344,3525
16073,1285840000,1285920000,13015,2413
16074,1285920000,1286000000,21908,4061
16075,1286000000,1286080000,24084,4293
16076,1286080000,1286160000,15933,3405
16077,1286160000,1286240000,13962,2604
16078,1286240000,1286320000,22797,4095
16079,1286320000,1286400000,21195,3934
16080,1286400000,1286480000,16620,3517
16081,1286480000,1286560000,14655,2829
16082,1286560000,1286640000,22096,4087
16083,1286640000,1286720000,20364,3661
16084,1286720000,1286800000,16363,3438
16085,1286800000,1286880000,17337,3178
16086,1286880000,1286960000,23064,4108
16087,1286960000,1287040000,18468,3656
16088,1287040000,1287120000,15849,3207
16089,1287120000,1287200000,18129,3400
16090,1287200000,1287280000,22509,4099
16091,1287280000,1287360000,17744,3633
16092,1287360000,1287440000,15636,3108
16093,1287440000,1287520000,18961,3532
16094,1287520000,1287600000,23370,4194
16095,1287600000,1287680000,17459,3618
16096,1287680000,1287760000,14084,2694
16097,1287760000,1287840000,20862,3863
16098,1287840000,1287920000,23474,4226
16099,1287920000,1288000000,17313,3603
16100,1288000000,1288080000,13745,2483
16101,1288080000,1288160000,22413,4071
16102,1288160000,1288240000,24196,4370
16103,1288240000,1288320000,16777,3524
16104,1288320000,1288400000,13495,2413
16105,1288400000,1288480000,21799,4067
16106,1288480000,1288560000,23973,4283
16107,1288560000,1288640000,16131,3405
16108,1288640000,1288720000,14234,2604
16109,1288720000,1288800000,22728,4094
16110,1288800000,1288880000,20925,3941
16111,1288880000,1288960000,16608,3517
16112,1288960000,1289040000,14897,2829
16113,1289040000,1289120000,22463,4087
16114,1289120000,1289200000,19807,3675
16115,1289200000,1289280000,16496,3438
16116,1289280000,1289360000,17630,3178
16117,1289360000,1289440000,22881,4101
16118,1289440000,1289520000,18452,3663
16119,1289520000,1289600000,15572,3207
16120,1289600000,1289680000,17062,3400
16121,1289680000,1289760000,22839,4102
16122,1289760000,1289840000,17540,3638
16123,1289840000,1289920000,15064,3108
16124,1289920000,1290000000,18047,3532
16125,1290000000,1290080000,22690,4195
16126,1290080000,1290160000,16541,3613
16127,1290160000,1290240000,13513,2694
16128,1290240000,1290320000,19808,3864
16129,1290320000,1290400000,22094,4220
16130,1290400000,1290480000,17000,3600
16131,1290480000,1290560000,13124,2483
16132,1290560000,1290640000,21567,4070
16133,1290640000,1290720000,23834,4370
16134,1290720000,1290800000,16370,3525
16135,1290800000,1290880000,12960,2413
16136,1290880000,1290960000,21733,4058
16137,1290960000,1291040000,23515,4278
16138,1291040000,1291120000,15844,3405
16139,1291120000,1291200000,13838,2604
16140,1291200000,1291280000,22712,4095
16141,1291280000,1291360000,20673,3934
16142,1291360000,1291440000,16417,3517
16143,1291440000,1291520000,14714,2829
16144,1291520000,1291600000,21254,4087
16145,1291600000,1291680000,19606,3675
16146,1291680000,1291760000,16399,3438
16147,1291760000,1291840000,16502,3178
16148,1291840000,1291920000,23339,4099
16149,1291920000,1292000000,18736,3665
16150,1292000000,1292080000,15784,3207
16151,1292080000,1292160000,17724,3400
16152,1292160000,1292240000,22687,4105
16153,1292240000,1292320000,18075,3633
16154,1292320000,1292400000,15382,3108
16155,1292400000,1292480000,18333,3532
16156,1292480000,1292560000,22970,4194
16157,1292560000,1292640000,17070,3618
16158,1292640000,1292720000,13742,2694
16159,1292720000,1292800000,20017,3863
16160,1292800000,1292880000,23373,4229
16161,1292880000,1292960000,16812,3606
16162,1292960000,1293040000,13044,2483
16163,1293040000,1293120000,21361,4071
16164,1293120000,1293200000,23002,4382
16165,1293200000,1293280000,16497,3524
16166,1293280000,1293360000,12764,2413
16167,1293360000,1293440000,21896,4061
16168,1293440000,1293520000,24139,4283
16169,1293520000,1293600000,16159,3405
16170,1293600000,1293680000,13882,2604
16171,1293680000,1293760000,21850,4094
16172,1293760000,1293840000,20636,3933
16173,1293840000,1293920000,16728,3517
16174,1293920000,1294000000,14902,2829
16175,1294000000,1294080000,22261,4090
16176,1294080000,1294160000,20012,3678
16177,1294160000,1294240000,16375,3438
16178,1294240000,1294320000,16899,3178
16179,1294320000,1294400000,22960,4101
16180,1294400000,1294480000,18969,3663
16181,1294480000,1294560000,16026,3207
16182,1294560000,1294640000,17813,3400
16183,1294640000,1294720000,22622,4102
16184,1294720000,1294800000,17942,3638
16185,1294800000,1294880000,15693,3108
16186,1294880000,1294960000,18996,3532
16187,1294960000,1295040000,22716,4195
16188,1295040000,1295120000,17272,3613
16189,1295120000,1295200000,13433,2694
16190,1295200000,1295280000,19732,3864
16191,1295280000,1295360000,23632,4226
16192,1295360000,1295440000,17013,3600
16193,1295440000,1295520000,13157,2483
16194,1295520000,1295600000,21417,4070
16195,1295600000,1295680000,24541,4370
16196,1295680000,1295760000,16313,3525
16197,1295760000,1295840000,13025,2413
16198,1295840000,1295920000,22049,4058
16199,1295920000,1296000000,24288,4278
16200,1296000000,1296080000,16080,3405
16201,1296080000,1296160000,13961,2604
16202,1296160000,1296240000,22631,4089
16203,1296240000,1296320000,20622,3934
16204,1296320000,1296400000,16629,3517
16205,1296400000,1296480000,14334,2829
16206,1296480000,1296560000,21994,4087
16207,1296560000,1296640000,20121,3661
16208,1296640000,1296720000,16217,3438
16209,1296720000,1296800000,17139,3178
16210,1296800000,1296880000,22450,4096
16211,1296880000,1296960000,18137,3656
16212,1296960000,1297040000,16215,3207
16213,1297040000,1297120000,18324,3400
16214,1297120000,1297200000,23080,4099
16215,1297200000,1297280000,18240,3633
16216,1297280000,1297360000,16164,3108
16217,1297360000,1297440000,19407,3532
16218,1297440000,1297520000,22995,4194
16219,1297520000,1297600000,16910,3618
16220,1297600000,1297680000,13731,2694
16221,1297680000,1297760000,20283,3863
16222,1297760000,1297840000,23374,4226
16223,1297840000,1297920000,16951,3603
16224,1297920000,1298000000,13036,2483
16225,1298000000,1298080000,21827,4071
16226,1298080000,1298160000,24151,4370
16227,1298160000,1298240000,16180,3524
16228,1298240000,1298320000,12969,2413
16229,1298320000,1298400000,22149,4069
16230,1298400000,1298480000,23794,4283
16231,1298480000,1298560000,15682,3405
16232,1298560000,1298640000,13843,2604
16233,1298640000,1298720000,22818,4094
16234,1298720000,1298800000,21286,3933
16235,1298800000,1298880000,16257,3517
16236,1298880000,1298960000,14224,2829
16237,1298960000,1299040000,21788,4084
16238,1299040000,1299120000,19526,3672
16239,1299120000,1299200000,15826,3438
16240,1299200000,1299280000,16189,3178
16241,1299280000,1299360000,21722,4101
16242,1299360000,1299440000,18002,3663
16243,1299440000,1299520000,15271,3207
16244,1299520000,1299600000,17389,3400
16245,1299600000,1299680000,22975,4102
16246,1299680000,1299760000,17809,3638
16247,1299760000,1299840000,14900,3108
16248,1299840000,1299920000,18134,3532
16249,1299920000,1300000000,22172,4195
16250,1300000000,1300080000,16685,3613
16251,1300080000,1300160000,13185,2694
16252,1300160000,1300240000,19961,3867
16253,1300240000,1300320000,23078,4223
16254,1300320000,1300400000,16969,3600
16255,1300400000,1300480000,12851,2483
16256,1300480000,1300560000,21726,4070
16257,1300560000,1300640000,23473,4379
16258,1300640000,1300720000,16280,3528
16259,1300720000,1300800000,12408,2413
16260,1300800000,1300880000,20929,4058
16261,1300880000,1300960000,23395,4278
16262,1300960000,1301040000,15433,3405
16263,1301040000,1301120000,12966,2604
16264,1301120000,1301200000,21944,4097
16265,1301200000,1301280000,20609,3940
16266,1301280000,1301360000,15824,3517
16267,1301360000,1301440000,14063,2829
16268,1301440000,1301520000,22568,4087
16269,1301520000,1301600000,19716,3661
16270,1301600000,1301680000,15890,3438
16271,1301680000,1301760000,16395,3178
16272,1301760000,1301840000,22493,4099
16273,1301840000,1301920000,18254,3665
16274,1301920000,1302000000,15311,3207
16275,1302000000,1302080000,17057,3400
16276,1302080000,1302160000,22858,4099
16277,1302160000,1302240000,17767,3633
16278,1302240000,1302320000,14937,3108
16279,1302320000,1302400000,18377,3532
16280,1302400000,1302480000,22798,4194
16281,1302480000,1302560000,16602,3618
16282,1302560000,1302640000,13148,2694
16283,1302640000,1302720000,19649,3863
16284,1302720000,1302800000,23159,4232
16285,1302800000,1302880000,16944,3603
16286,1302880000,1302960000,12973,2483
16287,1302960000,1303040000,21647,4071
16288,1303040000,1303120000,23879,4376
16289,1303120000,1303200000,16244,3524
16290,1303200000,1303280000,12598,2413
16291,1303280000,1303360000,21514,4061
16292,1303360000,1303440000,24062,4283
16293,1303440000,1303520000,15718,3405
16294,1303520000,1303600000,13429,2604
16295,1303600000,1303680000,22430,4094
16296,1303680000,1303760000,21102,3933
16297,1303760000,1303840000,16239,3517
16298,1303840000,1303920000,14334,2829
16299,1303920000,1304000000,21929,4084
16300,1304000000,1304080000,19900,3672
16301,1304080000,1304160000,16038,3438
16302,1304160000,1304240000,16767,3178
16303,1304240000,1304320000,22707,4107
16304,1304320000,1304400000,18490,3663
16305,1304400000,1304480000,15621,3207
16306,1304480000,1304560000,17916,3400
16307,1304560000,1304640000,22841,4102
16308,1304640000,1304720000,18438,3638
16309,1304720000,1304800000,15225,3108
16310,1304800000,1304880000,18291,3532
16311,1304880000,1304960000,23021,4205
16312,1304960000,1305040000,16996,3613
16313,1305040000,1305120000,13349,2694
16314,1305120000,1305200000,20223,3864
16315,1305200000,1305280000,23599,4220
16316,1305280000,1305360000,17133,3600
16317,1305360000,1305440000,13023,2483
16318,1305440000,1305520000,21990,4076
16319,1305520000,1305600000,24195,4376
16320,1305600000,1305680000,16488,3525
16321,1305680000,1305760000,12847,2413
16322,1305760000,1305840000,22026,4058
16323,1305840000,1305920000,23590,4278
16324,1305920000,1306000000,15797,3405
16325,1306000000,1306080000,13784,2604
16326,1306080000,1306160000,22256,4097
16327,1306160000,1306240000,20196,3934
16328,1306240000,1306320000,16401,3517
16329,1306320000,1306400000,14508,2829
16330,1306400000,1306480000,22160,4087
16331,1306480000,1306560000,20023,3661
16332,1306560000,1306640000,16102,3438
16333,1306640000,1306720000,16694,3178
16334,1306720000,1306800000,22700,4096
16335,1306800000,1306880000,18217,3656
16336,1306880000,1306960000,15499,3207
16337,1306960000,1307040000,17888,3400
16338,1307040000,1307120000,23058,4099
16339,1307120000,1307200000,18536,3633
16340,1307200000,1307280000,15341,3108
16341,1307280000,1307360000,19078,3532
16342,1307360000,1307440000,22584,4194
16343,1307440000,1307520000,17182,3618
16344,1307520000,1307600000,13462,2694
16345,1307600000,1307680000,20325,3863
16346,1307680000,1307760000,23671,4226
16347,1307760000,1307840000,16900,3603
16348,1307840000,1307920000,13202,2483
16349,1307920000,1308000000,22119,4071
16350,1308000000,1308080000,23129,4370
16351,1308080000,1308160000,16350,3524
16352,1308160000,1308240000,12483,2413
16353,1308240000,1308320000,21497,4070
16354,1308320000,1308400000,23673,4292
16355,1308400000,1308480000,15912,3405
16356,1308480000,1308560000,13525,2604
16357,1308560000,1308640000,22311,4094
16358,1308640000,1308720000,20646,3933
16359,1308720000,1308800000,16417,3517
16360,1308800000,1308880000,13969,2829
16361,1308880000,1308960000,22090,4084
16362,1308960000,1309040000,20603,3672
16363,1309040000,1309120000,16018,3438
16364,1309120000,1309200000,16876,3178
16365,1309200000,1309280000,23177,4107
16366,1309280000,1309360000,18606,3663
16367,1309360000,1309440000,15727,3207
16368,1309440000,1309520000,17672,3400
16369,1309520000,1309600000,23551,4102
16370,1309600000,1309680000,17709,3638
16371,1309680000,1309760000,15375,3108
16372,1309760000,1309840000,18783,3532
16373,1309840000,1309920000,22356,4195
16374,1309920000,1310000000,16988,3613
16375,1310000000,1310080000,13696,2694
16376,1310080000,1310160000,20600,3864
16377,1310160000,1310240000,23041,4220
16378,1310240000,1310320000,17165,3600
16379,1310320000,1310400000,12967,2483
16380,1310400000,1310480000,21661,4070
16381,1310480000,1310560000,23789,4370
16382,1310560000,1310640000,16480,3525
16383,1310640000,1310720000,12983,2413
16384,1310720000,1310800000,21877,4058
16385,1310800000,1310880000,23624,4278
16386,1310880000,1310960000,16047,3405
16387,1310960000,1311040000,13598,2604
16388,1311040000,1311120000,22910,4089
16389,1311120000,1311200000,21321,3934
16390,1311200000,1311280000,16558,3517
16391,1311280000,1311360000,14677,2829
16392,1311360000,1311440000,22574,4093
16393,1311440000,1311520000,19753,3661
16394,1311520000,1311600000,16224,3438
16395,1311600000,1311680000,16468,3178
16396,1311680000,1311760000,23179,4096
16397,1311760000,1311840000,18668,3656
16398,1311840000,1311920000,15729,3207
16399,1311920000,1312000000,17931,3400
16400,1312000000,1312080000,23102,4105
16401,1312080000,1312160000,17998,3633
16402,1312160000,1312240000,15471,3108
16403,1312240000,1312320000,18636,3532
16404,1312320000,1312400000,22664,4200
16405,1312400000,1312480000,16948,3618
16406,1312480000,1312560000,13652,2694
16407,1312560000,1312640000,20369,3863
16408,1312640000,1312720000,23393,4226
16409,1312720000,1312800000,17099,3603
16410,1312800000,1312880000,13227,2483
16411,1312880000,1312960000,22171,4071
16412,1312960000,1313040000,24295,4376
16413,1313040000,1313120000,16427,3524
16414,1313120000,1313200000,12916,2413
16415,1313200000,1313280000,22003,4061
16416,1313280000,1313360000,24154,4283
16417,1313360000,1313440000,16180,3405
16418,1313440000,1313520000,14104,2604
16419,1313520000,1313600000,22388,4094
16420,1313600000,1313680000,20931,3933
16421,1313680000,1313760000,16865,3517
16422,1313760000,1313840000,15002,2829
16423,1313840000,1313920000,22575,4084
16424,1313920000,1314000000,20015,3672
16425,1314000000,1314080000,16631,3438
16426,1314080000,1314160000,17285,3178
16427,1314160000,1314240000,23019,4101
16428,1314240000,1314320000,18741,3663
16429,1314320000,1314400000,16036,3207
16430,1314400000,1314480000,17773,3400
16431,1314480000,1314560000,23257,4108
16432,1314560000,1314640000,18537,3638
16433,1314640000,1314720000,15649,3108
16434,1314720000,1314800000,18892,3532
16435,1314800000,1314880000,22855,4195
16436,1314880000,1314960000,17221,3613
16437,1314960000,1315040000,13773,2694
16438,1315040000,1315120000,20358,3864
16439,1315120000,1315200000,22562,4220
16440,1315200000,1315280000,17096,3600
16441,1315280000,1315360000,13030,2483
16442,1315360000,1315440000,21698,4070
16443,1315440000,1315520000,23975,4382
16444,1315520000,1315600000,16472,3525
16445,1315600000,1315680000,12762,2413
16446,1315680000,1315760000,21960,4058
16447,1315760000,1315840000,23957,4278
16448,1315840000,1315920000,15924,3405
16449,1315920000,1316000000,13767,2604
16450,1316000000,1316080000,22681,4095
16451,1316080000,1316160000,21048,3934
16452,1316160000,1316240000,16438,3517
16453,1316240000,1316320000,14515,2829
16454,1316320000,1316400000,22199,4093
16455,1316400000,1316480000,20176,3667
16456,1316480000,1316560000,16204,3438
16457,1316560000,1316640000,17417,3178
16458,1316640000,1316720000,22663,4096
16459,1316720000,1316800000,18843,3656
16460,1316800000,1316880000,16034,3207
16461,1316880000,1316960000,18581,3400
16462,1316960000,1317040000,23384,4099
16463,1317040000,1317120000,18241,3633
16464,1317120000,1317200000,15705,3108
16465,1317200000,1317280000,19284,3532
16466,1317280000,1317360000,23237,4194
16467,1317360000,1317440000,17300,3618
16468,1317440000,1317520000,13963,2694
16469,1317520000,1317600000,20630,3866
16470,1317600000,1317680000,22974,4232
16471,1317680000,1317760000,17184,3606
16472,1317760000,1317840000,13090,2483
16473,1317840000,1317920000,21807,4071
16474,1317920000,1318000000,24098,4370
16475,1318000000,1318080000,16483,3524
16476,1318080000,1318160000,12788,2413
16477,1318160000,1318240000,21745,4067
16478,1318240000,1318320000,23698,4283
16479,1318320000,1318400000,15996,3405
16480,1318400000,1318480000,13898,2604
16481,1318480000,1318560000,22787,4094
16482,1318560000,1318640000,20543,3933
16483,1318640000,1318720000,16640,3517
16484,1318720000,1318800000,14536,2829
16485,1318800000,1318880000,21925,4084
16486,1318880000,1318960000,19901,3672
16487,1318960000,1319040000,16355,3438
16488,1319040000,1319120000,17270,3178
16489,1319120000,1319200000,22599,4101
16490,1319200000,1319280000,18340,3663
16491,1319280000,1319360000,15982,3207
16492,1319360000,1319440000,18252,3400
16493,1319440000,1319520000,22986,4102
16494,1319520000,1319600000,17912,3638
16495,1319600000,1319680000,15638,3108
16496,1319680000,1319760000,18846,3532
16497,1319760000,1319840000,22606,4201
16498,1319840000,1319920000,16981,3613
16499,1319920000,1320000000,13708,2694
16500,1320000000,1320080000,20406,3864
16501,1320080000,1320160000,23140,4220
16502,1320160000,1320240000,17259,3600
16503,1320240000,1320320000,13314,2483
16504,1320320000,1320400000,22127,4076
16505,1320400000,1320480000,23633,4370
16506,1320480000,1320560000,16715,3525
16507,1320560000,1320640000,13108,2413
16508,1320640000,1320720000,21898,4058
16509,1320720000,1320800000,23954,4278
16510,1320800000,1320880000,16202,3405
16511,1320880000,1320960000,13861,2604
16512,1320960000,1321040000,22646,4095
16513,1321040000,1321120000,20633,3940
16514,1321120000,1321200000,16630,3517
16515,1321200000,1321280000,15055,2829
16516,1321280000,1321360000,22272,4087
16517,1321360000,1321440000,19842,3667
16518,1321440000,1321520000,16568,3438
16519,1321520000,1321600000,17178,3178
16520,1321600000,1321680000,22114,4099
16521,1321680000,1321760000,18766,3665
16522,1321760000,1321840000,16104,3207
16523,1321840000,1321920000,18540,3400
16524,1321920000,1322000000,24062,4099
16525,1322000000,1322080000,18445,3633
16526,1322080000,1322160000,15674,3108
16527,1322160000,1322240000,19315,3532
16528,1322240000,1322320000,22728,4194
16529,1322320000,1322400000,16977,3624
16530,1322400000,1322480000,13542,2694
16531,1322480000,1322560000,20030,3863
16532,1322560000,1322640000,23742,4232
16533,1322640000,1322720000,16727,3603
16534,1322720000,1322800000,13289,2483
16535,1322800000,1322880000,21776,4071
16536,1322880000,1322960000,23555,4376
16537,1322960000,1323040000,16371,3524
16538,1323040000,1323120000,13170,2413
16539,1323120000,1323200000,22232,4061
16540,1323200000,1323280000,24207,4283
16541,1323280000,1323360000,16027,3405
16542,1323360000,1323440000,14017,2604
16543,1323440000,1323520000,21738,4100
16544,1323520000,1323600000,20891,3939
16545,1323600000,1323680000,16628,3517
16546,1323680000,1323760000,14916,2829
16547,1323760000,1323840000,22215,4084
16548,1323840000,1323920000,19959,3672
16549,1323920000,1324000000,16416,3438
16550,1324000000,1324080000,17440,3178
16551,1324080000,1324160000,22980,4101
16552,1324160000,1324240000,18787,3663
16553,1324240000,1324320000,15955,3207
16554,1324320000,1324400000,18031,3400
16555,1324400000,1324480000,23163,4108
16556,1324480000,1324560000,18208,3638
16557,1324560000,1324640000,15479,3108
16558,1324640000,1324720000,18718,3532
16559,1324720000,1324800000,22574,4195
16560,1324800000,1324880000,17001,3613
16561,1324880000,1324960000,13599,2694
16562,1324960000,1325040000,20325,3864
16563,1325040000,1325120000,23117,4220
16564,1325120000,1325200000,17154,3600
16565,1325200000,1325280000,13269,2483
16566,1325280000,1325360000,22019,4070
16567,1325360000,1325440000,24239,4370
16568,1325440000,1325520000,16362,3525
16569,1325520000,1325600000,13001,2413
16570,1325600000,1325680000,21985,4058
16571,1325680000,1325760000,23315,4278
16572,1325760000,1325840000,15913,3405
16573,1325840000,1325920000,14031,2604
16574,1325920000,1326000000,22388,4089
16575,1326000000,1326080000,21078,3934
16576,1326080000,1326160000,16751,3517
16577,1326160000,1326240000,15084,2829
16578,1326240000,1326320000,22579,4087
16579,1326320000,1326400000,20019,3661
16580,1326400000,1326480000,16475,3438
16581,1326480000,1326560000,17557,3178
16582,1326560000,1326640000,23424,4096
16583,1326640000,1326720000,18552,3656
16584,1326720000,1326800000,15907,3207
16585,1326800000,1326880000,17937,3400
16586,1326880000,1326960000,22676,4099
16587,1326960000,1327040000,17405,3633
16588,1327040000,1327120000,15562,3108
16589,1327120000,1327200000,18891,3532
16590,1327200000,1327280000,22909,4194
16591,1327280000,1327360000,17110,3618
16592,1327360000,1327440000,13891,2694
16593,1327440000,1327520000,20719,3863
16594,1327520000,1327600000,23960,4226
16595,1327600000,1327680000,17258,3603
16596,1327680000,1327760000,13466,2483
16597,1327760000,1327840000,22445,4071
16598,1327840000,1327920000,23789,4370
16599,1327920000,1328000000,16617,3524
16600,1328000000,1328080000,13096,2413
16601,1328080000,1328160000,22153,4067
16602,1328160000,1328240000,24406,4289
16603,1328240000,1328320000,16071,3405
16604,1328320000,1328400000,14121,2604
16605,1328400000,1328480000,22914,4094
16606,1328480000,1328560000,21082,3933
16607,1328560000,1328640000,16623,3515
16608,1328640000,1328720000,13925,2826
16609,1328720000,1328800000,21589,4084
16610,1328800000,1328880000,19379,3672
16611,1328880000,1328960000,15815,3438
16612,1328960000,1329040000,16544,3178
16613,1329040000,1329120000,23106,4101
16614,1329120000,1329200000,18856,3663
16615,1329200000,1329280000,15074,3207
16616,1329280000,1329360000,16961,3400
16617,1329360000,1329440000,22876,4102
16618,1329440000,1329520000,18072,3638
16619,1329520000,1329600000,14688,3108
16620,1329600000,1329680000,17890,3532
16621,1329680000,1329760000,23589,4195
16622,1329760000,1329840000,16931,3613
16623,1329840000,1329920000,13139,2694
16624,1329920000,1330000000,19655,3864
16625,1330000000,1330080000,22777,4220
16626,1330080000,1330160000,17052,3600
16627,1330160000,1330240000,12817,2483
16628,1330240000,1330320000,21675,4070
16629,1330320000,1330400000,24242,4379
16630,1330400000,1330480000,16595,3528
16631,1330480000,1330560000,12859,2413
16632,1330560000,1330640000,21261,4061
16633,1330640000,1330720000,23589,4287
16634,1330720000,1330800000,15880,3405
16635,1330800000,1330880000,13413,2604
16636,1330880000,1330960000,21972,4095
16637,1330960000,1331040000,20885,3934
16638,1331040000,1331120000,16271,3517
16639,1331120000,1331200000,14387,2829
16640,1331200000,1331280000,21969,4087
16641,1331280000,1331360000,19472,3661
16642,1331360000,1331440000,16136,3438
16643,1331440000,1331520000,16341,3178
16644,1331520000,1331600000,23518,4105
16645,1331600000,1331680000,18609,3665
16646,1331680000,1331760000,15796,3207
16647,1331760000,1331840000,17795,3400
16648,1331840000,1331920000,23507,4105
16649,1331920000,1332000000,18031,3633
16650,1332000000,1332080000,15222,3108
16651,1332080000,1332160000,18298,3532
16652,1332160000,1332240000,22632,4194
16653,1332240000,1332320000,16939,3618
16654,1332320000,1332400000,13288,2694
16655,1332400000,1332480000,19891,3863
16656,1332480000,1332560000,23553,4226
16657,1332560000,1332640000,16853,3603
16658,1332640000,1332720000,13134,2483
16659,1332720000,1332800000,21725,4071
16660,1332800000,1332880000,24341,4376
16661,1332880000,1332960000,16684,3524
16662,1332960000,1333040000,13106,2413
16663,1333040000,1333120000,22037,4061
16664,1333120000,1333200000,23632,4289
16665,1333200000,1333280000,16149,3405
16666,1333280000,1333360000,13852,2604
16667,1333360000,1333440000,22456,4094
16668,1333440000,1333520000,21033,3933
16669,1333520000,1333600000,16175,3517
16670,1333600000,1333680000,14380,2829
16671,1333680000,1333760000,22539,4084
16672,1333760000,1333840000,20217,3672
16673,1333840000,1333920000,15825,3438
16674,1333920000,1334000000,16605,3178
16675,1334000000,1334080000,23169,4101
16676,1334080000,1334160000,18924,3663
16677,1334160000,1334240000,15571,3207
16678,1334240000,1334320000,17572,3400
16679,1334320000,1334400000,22953,4102
16680,1334400000,1334480000,18205,3638
16681,1334480000,1334560000,15069,3108
16682,1334560000,1334640000,18586,3532
16683,1334640000,1334720000,23351,4195
16684,1334720000,1334800000,17130,3613
16685,1334800000,1334880000,12951,2694
16686,1334880000,1334960000,19543,3864
16687,1334960000,1335040000,22822,4220
16688,1335040000,1335120000,16960,3600
16689,1335120000,1335200000,12971,2483
16690,1335200000,1335280000,21908,4070
16691,1335280000,1335360000,24643,4379
16692,1335360000,1335440000,16332,3528
16693,1335440000,1335520000,12779,2413
16694,1335520000,1335600000,22138,4058
16695,1335600000,1335680000,23904,4278
16696,1335680000,1335760000,15881,3405
16697,1335760000,1335840000,13634,2604
16698,1335840000,1335920000,22783,4089
16699,1335920000,1336000000,21615,3934
16700,1336000000,1336080000,16190,3517
16701,1336080000,1336160000,13557,2829
16702,1336160000,1336240000,21242,4090
16703,1336240000,1336320000,19551,3664
16704,1336320000,1336400000,15614,3438
16705,1336400000,1336480000,16465,3178
16706,1336480000,1336560000,22356,4096
16707,1336560000,1336640000,18540,3656
16708,1336640000,1336720000,15532,3207
16709,1336720000,1336800000,17561,3400
16710,1336800000,1336880000,22839,4099
16711,1336880000,1336960000,17726,3633
16712,1336960000,1337040000,15099,3108
16713,1337040000,1337120000,18639,3532
16714,1337120000,1337200000,23192,4194
16715,1337200000,1337280000,17113,3624
16716,1337280000,1337360000,13613,2694
16717,1337360000,1337440000,20411,3863
16718,1337440000,1337520000,22679,4226
16719,1337520000,1337600000,17208,3603
16720,1337600000,1337680000,13359,2483
16721,1337680000,1337760000,21492,4071
16722,1337760000,1337840000,22964,4382
16723,1337840000,1337920000,16590,3524
16724,1337920000,1338000000,12857,2413
16725,1338000000,1338080000,21809,4067
16726,1338080000,1338160000,23733,4283
16727,1338160000,1338240000,15900,3405
16728,1338240000,1338320000,13731,2604
16729,1338320000,1338400000,22952,4094
16730,1338400000,1338480000,20665,3933
16731,1338480000,1338560000,16498,3517
16732,1338560000,1338640000,14570,2829
16733,1338640000,1338720000,22285,4096
16734,1338720000,1338800000,19441,3678
16735,1338800000,1338880000,16007,3438
16736,1338880000,1338960000,16723,3178
16737,1338960000,1339040000,22821,4101
16738,1339040000,1339120000,18506,3663
16739,1339120000,1339200000,15471,3207
16740,1339200000,1339280000,17902,3400
16741,1339280000,1339360000,23436,4102
16742,1339360000,1339440000,17834,3638
16743,1339440000,1339520000,15245,3108
16744,1339520000,1339600000,18803,3532
16745,1339600000,1339680000,22422,4195
16746,1339680000,1339760000,16908,3619
16747,1339760000,1339840000,13656,2694
16748,1339840000,1339920000,20280,3864
16749,1339920000,1340000000,23617,4220
16750,1340000000,1340080000,17251,3600
16751,1340080000,1340160000,13180,2483
16752,1340160000,1340240000,21952,4070
16753,1340240000,1340320000,23686,4370
16754,1340320000,1340400000,16573,3525
16755,1340400000,1340480000,13083,2413
16756,1340480000,1340560000,21770,4058
16757,1340560000,1340640000,23408,4278
16758,1340640000,1340720000,15957,3405
16759,1340720000,1340800000,13619,2604
16760,1340800000,1340880000,22751,4095
16761,1340880000,1340960000,20775,3934
16762,1340960000,1341040000,16311,3517
16763,1341040000,1341120000,14677,2829
16764,1341120000,1341200000,22682,4087
16765,1341200000,1341280000,20325,3661
16766,1341280000,1341360000,16291,3438
16767,1341360000,1341440000,17018,3178
16768,1341440000,1341520000,23083,4098
16769,1341520000,1341600000,18777,3665
16770,1341600000,1341680000,15744,3207
16771,1341680000,1341760000,17744,3400
16772,1341760000,1341840000,23438,4099
16773,1341840000,1341920000,17772,3633
16774,1341920000,1342000000,15327,3108
16775,1342000000,1342080000,18813,3532
16776,1342080000,1342160000,22292,4194
16777,1342160000,1342240000,16776,3618
16778,1342240000,1342320000,13368,2694
16779,1342320000,1342400000,20056,3863
16780,1342400000,1342480000,22835,4226
16781,1342480000,1342560000,16885,3603
16782,1342560000,1342640000,13289,2483
16783,1342640000,1342720000,21884,4071
16784,1342720000,1342800000,24604,4370
16785,1342800000,1342880000,16545,3524
16786,1342880000,1342960000,13285,2413
16787,1342960000,1343040000,21697,4061
16788,1343040000,1343120000,23216,4283
16789,1343120000,1343200000,16060,3405
16790,1343200000,1343280000,14079,2604
16791,1343280000,1343360000,22454,4094
16792,1343360000,1343440000,20628,3933
16793,1343440000,1343520000,16546,3517
16794,1343520000,1343600000,14654,2829
16795,1343600000,1343680000,21574,4093
16796,1343680000,1343760000,19792,3675
16797,1343760000,1343840000,16349,3438
16798,1343840000,1343920000,17524,3178
16799,1343920000,1344000000,23361,4101
16800,1344000000,1344080000,18977,3663
16801,1344080000,1344160000,16063,3207
16802,1344160000,1344240000,18668,3400
16803,1344240000,1344320000,22803,4108
16804,1344320000,1344400000,18322,3638
16805,1344400000,1344480000,15138,3108
16806,1344480000,1344560000,17977,3532
16807,1344560000,1344640000,23324,4195
16808,1344640000,1344720000,16756,3619
16809,1344720000,1344800000,13175,2694
16810,1344800000,1344880000,19883,3864
16811,1344880000,1344960000,23068,4226
16812,1344960000,1345040000,16899,3600
16813,1345040000,1345120000,13068,2483
16814,1345120000,1345200000,21615,4070
16815,1345200000,1345280000,24470,4379
16816,1345280000,1345360000,16218,3528
16817,1345360000,1345440000,12604,2413
16818,1345440000,1345520000,21200,4058
16819,1345520000,1345600000,23391,4278
16820,1345600000,1345680000,15562,3405
16821,1345680000,1345760000,13444,2604
16822,1345760000,1345840000,22371,4095
16823,1345840000,1345920000,21381,3940
16824,1345920000,1346000000,16173,3517
16825,1346000000,1346080000,14336,2829
16826,1346080000,1346160000,22417,4087
16827,1346160000,1346240000,19703,3661
16828,1346240000,1346320000,16081,3438
16829,1346320000,1346400000,17082,3178
16830,1346400000,1346480000,22935,4099
16831,1346480000,1346560000,18313,3665
16832,1346560000,1346640000,15550,3207
16833,1346640000,1346720000,17812,3400
16834,1346720000,1346800000,23113,4099
16835,1346800000,1346880000,17716,3633
16836,1346880000,1346960000,15178,3108
16837,1346960000,1347040000,18851,3532
16838,1347040000,1347120000,23396,4194
16839,1347120000,1347200000,16923,3624
16840,1347200000,1347280000,13332,2694
16841,1347280000,1347360000,19819,3863
16842,1347360000,1347440000,23161,4229
16843,1347440000,1347520000,16990,3606
16844,1347520000,1347600000,13251,2483
16845,1347600000,1347680000,21925,4071
16846,1347680000,1347760000,24223,4370
16847,1347760000,1347840000,16406,3524
16848,1347840000,1347920000,12815,2413
16849,1347920000,1348000000,21644,4061
16850,1348000000,1348080000,22845,4283
16851,1348080000,1348160000,15966,3405
16852,1348160000,1348240000,13943,2604
16853,1348240000,1348320000,22699,4094
16854,1348320000,1348400000,20818,3933
16855,1348400000,1348480000,16531,3517
16856,1348480000,1348560000,14666,2829
16857,1348560000,1348640000,22277,4084
16858,1348640000,1348720000,20115,3672
16859,1348720000,1348800000,16363,3438
16860,1348800000,1348880000,17451,3178
16861,1348880000,1348960000,22903,4101
16862,1348960000,1349040000,18800,3663
16863,1349040000,1349120000,15925,3207
16864,1349120000,1349200000,17886,3400
16865,1349200000,1349280000,23242,4108
16866,1349280000,1349360000,18260,3644
16867,1349360000,1349440000,15382,3108
16868,1349440000,1349520000,19072,3532
16869,1349520000,1349600000,23594,4195
16870,1349600000,1349680000,16768,3613
16871,1349680000,1349760000,13874,2694
16872,1349760000,1349840000,20732,3864
16873,1349840000,1349920000,22997,4223
16874,1349920000,1350000000,17091,3603
16875,1350000000,1350080000,13121,2483
16876,1350080000,1350160000,21713,4070
16877,1350160000,1350240000,25126,4379
16878,1350240000,1350320000,16471,3528
16879,1350320000,1350400000,13233,2413
16880,1350400000,1350480000,22339,4058
16881,1350480000,1350560000,23764,4278
16882,1350560000,1350640000,16067,3405
16883,1350640000,1350720000,13942,2604
16884,1350720000,1350800000,22952,4095
16885,1350800000,1350880000,21639,3940
16886,1350880000,1350960000,16728,3517
16887,1350960000,1351040000,14842,2829
16888,1351040000,1351120000,22273,4087
16889,1351120000,1351200000,19778,3661
16890,1351200000,1351280000,16264,3438
16891,1351280000,1351360000,16360,3178
16892,1351360000,1351440000,22598,4102
16893,1351440000,1351520000,18789,3656
16894,1351520000,1351600000,15687,3207
16895,1351600000,1351680000,18002,3400
16896,1351680000,1351760000,22569,4099
16897,1351760000,1351840000,17808,3633
16898,1351840000,1351920000,15257,3108
16899,1351920000,1352000000,18845,3532
16900,1352000000,1352080000,23626,4194
16901,1352080000,1352160000,17628,3618
16902,1352160000,1352240000,13442,2694
16903,1352240000,1352320000,20379,3863
16904,1352320000,1352400000,23227,4229
16905,1352400000,1352480000,17207,3606
16906,1352480000,1352560000,13151,2483
16907,1352560000,1352640000,22180,4071
16908,1352640000,1352720000,24815,4370
16909,1352720000,1352800000,16633,3524
16910,1352800000,1352880000,13032,2413
16911,1352880000,1352960000,21896,4064
16912,1352960000,1353040000,23990,4300
16913,1353040000,1353120000,16266,3405
16914,1353120000,1353200000,14180,2604
16915,1353200000,1353280000,22798,4094
16916,1353280000,1353360000,21924,3933
16917,1353360000,1353440000,16739,3517
16918,1353440000,1353520000,15014,2829
16919,1353520000,1353600000,22247,4084
16920,1353600000,1353680000,19894,3672
16921,1353680000,1353760000,16499,3438
16922,1353760000,1353840000,17737,3178
16923,1353840000,1353920000,23672,4101
16924,1353920000,1354000000,19079,3663
16925,1354000000,1354080000,16101,3207
16926,1354080000,1354160000,18394,3400
16927,1354160000,1354240000,23168,4102
16928,1354240000,1354320000,18350,3638
16929,1354320000,1354400000,15747,3108
16930,1354400000,1354480000,19383,3532
16931,1354480000,1354560000,23767,4195
16932,1354560000,1354640000,17343,3613
16933,1354640000,1354720000,13482,2694
16934,1354720000,1354800000,19836,3864
16935,1354800000,1354880000,22980,4223
16936,1354880000,1354960000,17320,3603
16937,1354960000,1355040000,13094,2483
16938,1355040000,1355120000,22071,4070
16939,1355120000,1355200000,24553,4376
16940,1355200000,1355280000,16501,3525
16941,1355280000,1355360000,13123,2413
16942,1355360000,1355440000,21801,4058
16943,1355440000,1355520000,23893,4278
16944,1355520000,1355600000,15754,3405
16945,1355600000,1355680000,13672,2604
16946,1355680000,1355760000,22225,4089
16947,1355760000,1355840000,21184,3934
16948,1355840000,1355920000,16286,3517
16949,1355920000,1356000000,14399,2829
16950,1356000000,1356080000,22795,4093
16951,1356080000,1356160000,20054,3661
16952,1356160000,1356240000,16032,3438
16953,1356240000,1356320000,17206,3178
16954,1356320000,1356400000,22562,4096
16955,1356400000,1356480000,18352,3656
16956,1356480000,1356560000,16003,3207
16957,1356560000,1356640000,18494,3400
16958,1356640000,1356720000,22695,4105
16959,1356720000,1356800000,18059,3639
16960,1356800000,1356880000,15624,3108
16961,1356880000,1356960000,19183,3532
16962,1356960000,1357040000,23137,4194
16963,1357040000,1357120000,17393,3618
16964,1357120000,1357200000,13905,2694
16965,1357200000,1357280000,20983,3863
16966,1357280000,1357360000,23559,4226
16967,1357360000,1357440000,17418,3603
16968,1357440000,1357520000,13548,2483
16969,1357520000,1357600000,22198,4071
16970,1357600000,1357680000,24498,4370
16971,1357680000,1357760000,16629,3524
16972,1357760000,1357840000,13286,2413
16973,1357840000,1357920000,22024,4061
16974,1357920000,1358000000,23468,4283
16975,1358000000,1358080000,16262,3405
16976,1358080000,1358160000,14247,2604
16977,1358160000,1358240000,23032,4094
16978,1358240000,1358320000,21444,3939
16979,1358320000,1358400000,16745,3517
16980,1358400000,1358480000,14553,2829
16981,1358480000,1358560000,21547,4084
16982,1358560000,1358640000,19270,3672
16983,1358640000,1358720000,16329,3438
16984,1358720000,1358800000,17325,3178
16985,1358800000,1358880000,22826,4101
16986,1358880000,1358960000,18955,3663
16987,1358960000,1359040000,15831,3207
16988,1359040000,1359120000,18217,3400
16989,1359120000,1359200000,23264,4102
16990,1359200000,1359280000,18115,3644
16991,1359280000,1359360000,15464,3108
16992,1359360000,1359440000,19106,3532
16993,1359440000,1359520000,22035,4195
16994,1359520000,1359600000,16983,3613
16995,1359600000,1359680000,13913,2694
16996,1359680000,1359760000,20742,3864
16997,1359760000,1359840000,23792,4220
16998,1359840000,1359920000,17408,3600
16999,1359920000,1360000000,13765,2483
17000,1360000000,1360080000,22642,4070
17001,1360080000,1360160000,23972,4382
17002,1360160000,1360240000,16979,3525
17003,1360240000,1360320000,13169,2413
17004,1360320000,1360400000,22012,4064
17005,1360400000,1360480000,23712,4290
17006,1360480000,1360560000,16133,3405
17007,1360560000,1360640000,13860,2604
17008,1360640000,1360720000,23089,4089
17009,1360720000,1360800000,20996,3940
17010,1360800000,1360880000,16537,3517
17011,1360880000,1360960000,14989,2829
17012,1360960000,1361040000,22625,4093
17013,1361040000,1361120000,20096,3661
17014,1361120000,1361200000,16384,3438
17015,1361200000,1361280000,17287,3178
17016,1361280000,1361360000,23808,4102
17017,1361360000,1361440000,18751,3656
17018,1361440000,1361520000,16025,3207
17019,1361520000,1361600000,18526,3400
17020,1361600000,1361680000,22288,4105
17021,1361680000,1361760000,18128,3633
17022,1361760000,1361840000,15631,3108
17023,1361840000,1361920000,19390,3532
17024,1361920000,1362000000,23351,4194
17025,1362000000,1362080000,17191,3624
17026,1362080000,1362160000,13874,2694
17027,1362160000,1362240000,20543,3863
17028,1362240000,1362320000,23946,4232
17029,1362320000,1362400000,17281,3603
17030,1362400000,1362480000,13394,2483
17031,1362480000,1362560000,22333,4071
17032,1362560000,1362640000,24150,4370
17033,1362640000,1362720000,16692,3524
17034,1362720000,1362800000,13449,2413
17035,1362800000,1362880000,21877,4061
17036,1362880000,1362960000,23637,4283
17037,1362960000,1363040000,16517,3405
17038,1363040000,1363120000,14443,2604
17039,1363120000,1363200000,22676,4094
17040,1363200000,1363280000,21734,3933
17041,1363280000,1363360000,16935,3517
17042,1363360000,1363440000,15365,2829
17043,1363440000,1363520000,22669,4084
17044,1363520000,1363600000,19867,3672
17045,1363600000,1363680000,16631,3438
17046,1363680000,1363760000,17945,3178
17047,1363760000,1363840000,22758,4107
17048,1363840000,1363920000,18692,3663
17049,1363920000,1364000000,16267,3207
17050,1364000000,1364080000,18673,3400
17051,1364080000,1364160000,23446,4102
17052,1364160000,1364240000,18422,3638
17053,1364240000,1364320000,15453,3108
17054,1364320000,1364400000,18440,3532
17055,1364400000,1364480000,23005,4201
17056,1364480000,1364560000,16589,3613
17057,1364560000,1364640000,13580,2694
17058,1364640000,1364720000,19944,3864
17059,1364720000,1364800000,24087,4220
17060,1364800000,1364880000,16872,3600
17061,1364880000,1364960000,13023,2483
17062,1364960000,1365040000,20862,4070
17063,1365040000,1365120000,23547,4370
17064,1365120000,1365200000,16419,3525
17065,1365200000,1365280000,12753,2413
17066,1365280000,1365360000,21717,4058
17067,1365360000,1365440000,24299,4294
17068,1365440000,1365520000,16015,3405
17069,1365520000,1365600000,13651,2604
17070,1365600000,1365680000,22405,4095
17071,1365680000,1365760000,20249,3934
17072,1365760000,1365840000,16729,3517
17073,1365840000,1365920000,14397,2829
17074,1365920000,1366000000,22159,4087
17075,1366000000,1366080000,19603,3661
17076,1366080000,1366160000,16384,3438
17077,1366160000,1366240000,17062,3178
17078,1366240000,1366320000,23088,4096
17079,1366320000,1366400000,18190,3656
17080,1366400000,1366480000,15694,3207
17081,1366480000,1366560000,17369,3400
17082,1366560000,1366640000,22508,4105
17083,1366640000,1366720000,17480,3633
17084,1366720000,1366800000,15087,3108
17085,1366800000,1366880000,18056,3532
17086,1366880000,1366960000,22111,4194
17087,1366960000,1367040000,16613,3618
17088,1367040000,1367120000,13484,2694
17089,1367120000,1367200000,19771,3866
17090,1367200000,1367280000,22870,4237
17091,1367280000,1367360000,16664,3609
17092,1367360000,1367440000,13379,2483
17093,1367440000,1367520000,21755,4071
17094,1367520000,1367600000,23840,4376
17095,1367600000,1367680000,16126,3524
17096,1367680000,1367760000,12985,2413
17097,1367760000,1367840000,21334,4061
17098,1367840000,1367920000,24029,4283
17099,1367920000,1368000000,15878,3405
17100,1368000000,1368080000,13831,2604
17101,1368080000,1368160000,22702,4100
17102,1368160000,1368240000,20763,3939
17103,1368240000,1368320000,16550,3517
17104,1368320000,1368400000,14480,2829
17105,1368400000,1368480000,21989,4084
17106,1368480000,1368560000,19835,3672
17107,1368560000,1368640000,16440,3438
17108,1368640000,1368720000,17273,3178
17109,1368720000,1368800000,23575,4101
17110,1368800000,1368880000,18601,3663
17111,1368880000,1368960000,15188,3207
17112,1368960000,1369040000,16732,3400
17113,1369040000,1369120000,22805,4102
17114,1369120000,1369200000,17493,3638
17115,1369200000,1369280000,14468,3108
17116,1369280000,1369360000,17810,3532
17117,1369360000,1369440000,22881,4195
17118,1369440000,1369520000,16699,3613
17119,1369520000,1369600000,13097,2694
17120,1369600000,1369680000,20055,3864
17121,1369680000,1369760000,22585,4220
17122,1369760000,1369840000,16907,3600
17123,1369840000,1369920000,12634,2483
17124,1369920000,1370000000,21396,4070
17125,1370000000,1370080000,23726,4370
17126,1370080000,1370160000,16147,3525
17127,1370160000,1370240000,12603,2413
17128,1370240000,1370320000,21663,4058
17129,1370320000,1370400000,23501,4278
17130,1370400000,1370480000,15618,3405
17131,1370480000,1370560000,13272,2604
17132,1370560000,1370640000,22498,4089
17133,1370640000,1370720000,20853,3940
17134,1370720000,1370800000,16159,3517
17135,1370800000,1370880000,14303,2829
17136,1370880000,1370960000,21796,4087
17137,1370960000,1371040000,19577,3661
17138,1371040000,1371120000,16089,3438
17139,1371120000,1371200000,16401,3178
17140,1371200000,1371280000,22390,4102
17141,1371280000,1371360000,18319,3656
17142,1371360000,1371440000,15667,3207
17143,1371440000,1371520000,17629,3400
17144,1371520000,1371600000,23360,4105
17145,1371600000,1371680000,18108,3633
17146,1371680000,1371760000,15011,3108
17147,1371760000,1371840000,18200,3532
17148,1371840000,1371920000,23084,4194
17149,1371920000,1372000000,16583,3618
17150,1372000000,1372080000,13338,2694
17151,1372080000,1372160000,19806,3863
17152,1372160000,1372240000,22829,4226
17153,1372240000,1372320000,16617,3603
17154,1372320000,1372400000,12898,2483
17155,1372400000,1372480000,21478,4071
17156,1372480000,1372560000,24117,4370
17157,1372560000,1372640000,16310,3524
17158,1372640000,1372720000,12722,2413
17159,1372720000,1372800000,21912,4061
17160,1372800000,1372880000,23159,4283
17161,1372880000,1372960000,16062,3405
17162,1372960000,1373040000,13673,2604
17163,1373040000,1373120000,22714,4094
17164,1373120000,1373200000,21114,3933
17165,1373200000,1373280000,16438,3517
17166,1373280000,1373360000,14424,2829
17167,1373360000,1373440000,21761,4084
17168,1373440000,1373520000,20111,3672
17169,1373520000,1373600000,15950,3438
17170,1373600000,1373680000,16280,3178
17171,1373680000,1373760000,23055,4107
17172,1373760000,1373840000,18636,3663
17173,1373840000,1373920000,15452,3207
17174,1373920000,1374000000,17141,3400
17175,1374000000,1374080000,22441,4102
17176,1374080000,1374160000,17951,3638
17177,1374160000,1374240000,15125,3108
17178,1374240000,1374320000,18494,3532
17179,1374320000,1374400000,22948,4195
17180,1374400000,1374480000,16865,3613
17181,1374480000,1374560000,13025,2694
17182,1374560000,1374640000,19713,3864
17183,1374640000,1374720000,23607,4220
17184,1374720000,1374800000,16769,3600
17185,1374800000,1374880000,12900,2483
17186,1374880000,1374960000,21743,4070
17187,1374960000,1375040000,24410,4370
17188,1375040000,1375120000,16091,3525
17189,1375120000,1375200000,12615,2413
17190,1375200000,1375280000,21576,4061
17191,1375280000,1375360000,23373,4295
17192,1375360000,1375440000,15858,3405
17193,1375440000,1375520000,13682,2604
17194,1375520000,1375600000,22738,4095
17195,1375600000,1375680000,20438,3934
17196,1375680000,1375760000,16284,3517
17197,1375760000,1375840000,13846,2829
17198,1375840000,1375920000,21488,4087
17199,1375920000,1376000000,19527,3661
17200,1376000000,1376080000,15898,3438
17201,1376080000,1376160000,16688,3178
17202,1376160000,1376240000,22142,4096
17203,1376240000,1376320000,18166,3656
17204,1376320000,1376400000,15855,3207
17205,1376400000,1376480000,18075,3400
17206,1376480000,1376560000,22983,4105
17207,1376560000,1376640000,17834,3633
17208,1376640000,1376720000,15533,3108
17209,1376720000,1376800000,18897,3532
17210,1376800000,1376880000,23100,4194
17211,1376880000,1376960000,17074,3618
17212,1376960000,1377040000,13700,2694
17213,1377040000,1377120000,20308,3863
17214,1377120000,1377200000,22694,4226
17215,1377200000,1377280000,16986,3603
17216,1377280000,1377360000,13419,2483
17217,1377360000,1377440000,21910,4071
17218,1377440000,1377520000,24064,4370
17219,1377520000,1377600000,16347,3524
17220,1377600000,1377680000,12912,2413
17221,1377680000,1377760000,21761,4061
17222,1377760000,1377840000,23128,4295
17223,1377840000,1377920000,15778,3405
17224,1377920000,1378000000,13529,2604
17225,1378000000,1378080000,23005,4094
17226,1378080000,1378160000,21418,3933
17227,1378160000,1378240000,16236,3517
17228,1378240000,1378320000,14136,2829
17229,1378320000,1378400000,22520,4084
17230,1378400000,1378480000,20178,3672
17231,1378480000,1378560000,15969,3438
17232,1378560000,1378640000,16513,3178
17233,1378640000,1378720000,23376,4101
17234,1378720000,1378800000,18743,3663
17235,1378800000,1378880000,15529,3207
17236,1378880000,1378960000,17722,3400
17237,1378960000,1379040000,22286,4102
17238,1379040000,1379120000,17366,3644
17239,1379120000,1379200000,15388,3108
17240,1379200000,1379280000,18718,3532
17241,1379280000,1379360000,22739,4195
17242,1379360000,1379440000,16995,3619
17243,1379440000,1379520000,13787,2694
17244,1379520000,1379600000,20544,3864
17245,1379600000,1379680000,23508,4220
17246,1379680000,1379760000,17257,3606
17247,1379760000,1379840000,13573,2483
17248,1379840000,1379920000,22629,4073
17249,1379920000,1380000000,24202,4373
17250,1380000000,1380080000,16640,3531
17251,1380080000,1380160000,13274,2413
17252,1380160000,1380240000,21891,4064
17253,1380240000,1380320000,23137,4278
17254,1380320000,1380400000,16077,3409
17255,1380400000,1380480000,13304,2604
17256,1380480000,1380560000,22362,4089
17257,1380560000,1380640000,21162,3938
17258,1380640000,1380720000,16237,3517
17259,1380720000,1380800000,14506,2829
17260,1380800000,1380880000,22813,4087
17261,1380880000,1380960000,19710,3665
17262,1380960000,1381040000,16291,3438
17263,1381040000,1381120000,16866,3178
17264,1381120000,1381200000,22798,4096
17265,1381200000,1381280000,18117,3660
17266,1381280000,1381360000,15834,3207
17267,1381360000,1381440000,17646,3400
17268,1381440000,1381520000,22552,4099
17269,1381520000,1381600000,17734,3639
17270,1381600000,1381680000,15357,3108
17271,1381680000,1381760000,18892,3532
17272,1381760000,1381840000,22782,4194
17273,1381840000,1381920000,17357,3624
17274,1381920000,1382000000,13789,2694
17275,1382000000,1382080000,20746,3863
17276,1382080000,1382160000,23750,4226
17277,1382160000,1382240000,17542,3609
17278,1382240000,1382320000,13512,2483
17279,1382320000,1382400000,22488,4071
17280,1382400000,1382480000,24834,4382
17281,1382480000,1382560000,16724,3530
17282,1382560000,1382640000,12905,2413
17283,1382640000,1382720000,22175,4061
17284,1382720000,1382800000,24106,4295
17285,1382800000,1382880000,16035,3409
17286,1382880000,1382960000,13444,2604
17287,1382960000,1383040000,22291,4094
17288,1383040000,1383120000,21081,3937
17289,1383120000,1383200000,16464,3517
17290,1383200000,1383280000,14369,2829
17291,1383280000,1383360000,22152,4090
17292,1383360000,1383440000,19796,3676
17293,1383440000,1383520000,16160,3438
17294,1383520000,1383600000,16886,3178
17295,1383600000,1383680000,23451,4101
17296,1383680000,1383760000,18970,3667
17297,1383760000,1383840000,15873,3207
17298,1383840000,1383920000,18134,3400
17299,1383920000,1384000000,22226,4102
17300,1384000000,1384080000,18176,3644
17301,1384080000,1384160000,15476,3108
17302,1384160000,1384240000,18344,3532
17303,1384240000,1384320000,22710,4201
17304,1384320000,1384400000,16942,3625
17305,1384400000,1384480000,13637,2694
17306,1384480000,1384560000,20223,3864
17307,1384560000,1384640000,23116,4220
17308,1384640000,1384720000,17243,3606
17309,1384720000,1384800000,13084,2483
17310,1384800000,1384880000,21851,4070
17311,1384880000,1384960000,24099,4370
17312,1384960000,1385040000,16620,3531
17313,1385040000,1385120000,12953,2413
17314,1385120000,1385200000,21672,4058
17315,1385200000,1385280000,23058,4278
17316,1385280000,1385360000,16052,3409
17317,1385360000,1385440000,13750,2604
17318,1385440000,1385520000,22813,4089
17319,1385520000,1385600000,21238,3938
17320,1385600000,1385680000,16710,3517
17321,1385680000,1385760000,14692,2829
17322,1385760000,1385840000,22828,4087
17323,1385840000,1385920000,20724,3665
17324,1385920000,1386000000,16530,3438
17325,1386000000,1386080000,17210,3178
17326,1386080000,1386160000,24022,4096
17327,1386160000,1386240000,18622,3666
17328,1386240000,1386320000,16195,3207
17329,1386320000,1386400000,18451,3400
17330,1386400000,1386480000,23095,4099
17331,1386480000,1386560000,17967,3639
17332,1386560000,1386640000,15955,3108
17333,1386640000,1386720000,19414,3532
17334,1386720000,1386800000,22159,4194
17335,1386800000,1386880000,17181,3624
17336,1386880000,1386960000,13860,2694
17337,1386960000,1387040000,20558,3863
17338,1387040000,1387120000,24066,4226
17339,1387120000,1387200000,17415,3609
17340,1387200000,1387280000,13393,2483
17341,1387280000,1387360000,22322,4071
17342,1387360000,1387440000,24052,4370
17343,1387440000,1387520000,16641,3530
17344,1387520000,1387600000,13048,2413
17345,1387600000,1387680000,22262,4061
17346,1387680000,1387760000,23114,4283
17347,1387760000,1387840000,16133,3409
17348,1387840000,1387920000,13616,2604
17349,1387920000,1388000000,22374,4094
17350,1388000000,1388080000,21261,3943
17351,1388080000,1388160000,16203,3517
17352,1388160000,1388240000,13673,2829
17353,1388240000,1388320000,21498,4084
17354,1388320000,1388400000,20084,3676
17355,1388400000,1388480000,15538,3438
17356,1388480000,1388560000,16526,3178
17357,1388560000,1388640000,22868,4101
17358,1388640000,1388720000,18317,3667
17359,1388720000,1388800000,15192,3207
17360,1388800000,1388880000,17008,3400
17361,1388880000,1388960000,22728,4108
17362,1388960000,1389040000,17746,3650
17363,1389040000,1389120000,14847,3108
17364,1389120000,1389200000,18130,3532
17365,1389200000,1389280000,23365,4201
17366,1389280000,1389360000,16508,3619
17367,1389360000,1389440000,13281,2694
17368,1389440000,1389520000,19790,3864
17369,1389520000,1389600000,22778,4226
17370,1389600000,1389680000,16803,3606
17371,1389680000,1389760000,12908,2483
17372,1389760000,1389840000,21215,4070
17373,1389840000,1389920000,24319,4370
17374,1389920000,1390000000,16330,3531
17375,1390000000,1390080000,13050,2413
17376,1390080000,1390160000,21586,4058
17377,1390160000,1390240000,23008,4278
17378,1390240000,1390320000,15828,3409
17379,1390320000,1390400000,13556,2604
17380,1390400000,1390480000,22272,4101
17381,1390480000,1390560000,20936,3944
17382,1390560000,1390640000,16336,3517
17383,1390640000,1390720000,14566,2829
17384,1390720000,1390800000,22103,4087
17385,1390800000,1390880000,20112,3665
17386,1390880000,1390960000,16140,3438
17387,1390960000,1391040000,16423,3178
17388,1391040000,1391120000,23103,4096
17389,1391120000,1391200000,18563,3660
17390,1391200000,1391280000,15778,3207
17391,1391280000,1391360000,18002,3400
17392,1391360000,1391440000,23282,4099
17393,1391440000,1391520000,17680,3639
17394,1391520000,1391600000,15303,3108
17395,1391600000,1391680000,18496,3532
17396,1391680000,1391760000,23122,4194
17397,1391760000,1391840000,17069,3624
17398,1391840000,1391920000,13314,2694
17399,1391920000,1392000000,19981,3866
17400,1392000000,1392080000,22844,4229
17401,1392080000,1392160000,17078,3609
17402,1392160000,1392240000,12952,2483
17403,1392240000,1392320000,21661,4071
17404,1392320000,1392400000,24158,4370
17405,1392400000,1392480000,16584,3530
17406,1392480000,1392560000,12706,2413
17407,1392560000,1392640000,21717,4061
17408,1392640000,1392720000,23990,4283
17409,1392720000,1392800000,16286,3409
17410,1392800000,1392880000,13837,2604
17411,1392880000,1392960000,22249,4094
17412,1392960000,1393040000,21449,3937
17413,1393040000,1393120000,16825,3517
17414,1393120000,1393200000,14739,2829
17415,1393200000,1393280000,22287,4090
17416,1393280000,1393360000,19730,3676
17417,1393360000,1393440000,16561,3438
17418,1393440000,1393520000,17261,3178
17419,1393520000,1393600000,22656,4101
17420,1393600000,1393680000,18615,3667
17421,1393680000,1393760000,15867,3207
17422,1393760000,1393840000,17465,3400
17423,1393840000,1393920000,23091,4102
17424,1393920000,1394000000,18015,3644
17425,1394000000,1394080000,15429,3108
17426,1394080000,1394160000,18636,3532
17427,1394160000,1394240000,23136,4201
17428,1394240000,1394320000,17073,3619
17429,1394320000,1394400000,13428,2694
17430,1394400000,1394480000,19641,3864
17431,1394480000,1394560000,22865,4229
17432,1394560000,1394640000,17216,3609
17433,1394640000,1394720000,13058,2483
17434,1394720000,1394800000,21801,4070
17435,1394800000,1394880000,24375,4370
17436,1394880000,1394960000,16685,3531
17437,1394960000,1395040000,12810,2413
17438,1395040000,1395120000,21733,4058
17439,1395120000,1395200000,23296,4284
17440,1395200000,1395280000,16215,3409
17441,1395280000,1395360000,13744,2604
17442,1395360000,1395440000,22638,4089
17443,1395440000,1395520000,21430,3938
17444,1395520000,1395600000,16745,3517
17445,1395600000,1395680000,14391,2829
17446,1395680000,1395760000,22195,4087
17447,1395760000,1395840000,19969,3665
17448,1395840000,1395920000,16214,3438
17449,1395920000,1396000000,16885,3178
17450,1396000000,1396080000,22719,4096
17451,1396080000,1396160000,18453,3660
17452,1396160000,1396240000,15945,3207
17453,1396240000,1396320000,18201,3400
17454,1396320000,1396400000,22700,4099
17455,1396400000,1396480000,18585,3639
17456,1396480000,1396560000,15617,3108
17457,1396560000,1396640000,19080,3532
17458,1396640000,1396720000,23841,4200
17459,1396720000,1396800000,17761,3630
17460,1396800000,1396880000,13945,2694
17461,1396880000,1396960000,20809,3863
17462,1396960000,1397040000,23326,4226
17463,1397040000,1397120000,17097,3609
17464,1397120000,1397200000,13163,2483
17465,1397200000,1397280000,21507,4077
17466,1397280000,1397360000,23878,4370
17467,1397360000,1397440000,16867,3530
17468,1397440000,1397520000,12884,2413
17469,1397520000,1397600000,22156,4064
17470,1397600000,1397680000,23902,4292
17471,1397680000,1397760000,16391,3409
17472,1397760000,1397840000,13981,2604
17473,1397840000,1397920000,22995,4100
17474,1397920000,1398000000,20927,3951
17475,1398000000,1398080000,16899,3517
17476,1398080000,1398160000,14499,2829
17477,1398160000,1398240000,22123,4084
17478,1398240000,1398320000,20047,3676
17479,1398320000,1398400000,16536,3438
17480,1398400000,1398480000,17171,3178
17481,1398480000,1398560000,22419,4101
17482,1398560000,1398640000,19029,3667
17483,1398640000,1398720000,16110,3207
17484,1398720000,1398800000,18248,3400
17485,1398800000,1398880000,23135,4102
17486,1398880000,1398960000,17852,3644
17487,1398960000,1399040000,15579,3108
17488,1399040000,1399120000,18490,3532
17489,1399120000,1399200000,21785,4195
17490,1399200000,1399280000,16537,3619
17491,1399280000,1399360000,13647,2694
17492,1399360000,1399440000,20011,3864
17493,1399440000,1399520000,22202,4226
17494,1399520000,1399600000,17149,3606
17495,1399600000,1399680000,13399,2483
17496,1399680000,1399760000,21630,4070
17497,1399760000,1399840000,23615,4370
17498,1399840000,1399920000,16903,3531
17499,1399920000,1400000000,12991,2413
17500,1400000000,1400080000,21400,4058
17501,1400080000,1400160000,23353,4292
17502,1400160000,1400240000,16248,3409
17503,1400240000,1400320000,13373,2604
17504,1400320000,1400400000,22497,4089
17505,1400400000,1400480000,20734,3944
17506,1400480000,1400560000,16553,3517
17507,1400560000,1400640000,14656,2829
17508,1400640000,1400720000,22491,4087
17509,1400720000,1400800000,19907,3665
17510,1400800000,1400880000,16422,3438
17511,1400880000,1400960000,16861,3178
17512,1400960000,1401040000,22147,4096
17513,1401040000,1401120000,18768,3660
17514,1401120000,1401200000,16100,3207
17515,1401200000,1401280000,18175,3400
17516,1401280000,1401360000,23818,4099
17517,1401360000,1401440000,18227,3639
17518,1401440000,1401520000,15483,3108
17519,1401520000,1401600000,18671,3532
17520,1401600000,1401680000,22758,4200
17521,1401680000,1401760000,17008,3630
17522,1401760000,1401840000,13762,2694
17523,1401840000,1401920000,20171,3866
17524,1401920000,1402000000,23564,4229
17525,1402000000,1402080000,17056,3609
17526,1402080000,1402160000,13324,2483
17527,1402160000,1402240000,22028,4071
17528,1402240000,1402320000,24687,4370
17529,1402320000,1402400000,16865,3530
17530,1402400000,1402480000,13227,2413
17531,1402480000,1402560000,22448,4061
17532,1402560000,1402640000,24514,4283
17533,1402640000,1402720000,16442,3409
17534,1402720000,1402800000,13586,2604
17535,1402800000,1402880000,22680,4094
17536,1402880000,1402960000,21636,3937
17537,1402960000,1403040000,16663,3517
17538,1403040000,1403120000,14417,2829
17539,1403120000,1403200000,22470,4090
17540,1403200000,1403280000,19864,3676
17541,1403280000,1403360000,16439,3438
17542,1403360000,1403440000,17010,3178
17543,1403440000,1403520000,22419,4101
17544,1403520000,1403600000,18807,3667
17545,1403600000,1403680000,16094,3207
17546,1403680000,1403760000,17901,3400
17547,1403760000,1403840000,23357,4102
17548,1403840000,1403920000,18517,3644
17549,1403920000,1404000000,15660,3108
17550,1404000000,1404080000,18762,3532
17551,1404080000,1404160000,23190,4195
17552,1404160000,1404240000,17365,3619
17553,1404240000,1404320000,13825,2694
17554,1404320000,1404400000,20385,3864
17555,1404400000,1404480000,23100,4220
17556,1404480000,1404560000,17697,3606
17557,1404560000,1404640000,13420,2483
17558,1404640000,1404720000,22113,4076
17559,1404720000,1404800000,24978,4382
17560,1404800000,1404880000,16635,3531
17561,1404880000,1404960000,12602,2413
17562,1404960000,1405040000,21602,4058
17563,1405040000,1405120000,22778,4278
17564,1405120000,1405200000,15830,3409
17565,1405200000,1405280000,13654,2604
17566,1405280000,1405360000,22938,4089
17567,1405360000,1405440000,20835,3950
17568,1405440000,1405520000,16540,3517
17569,1405520000,1405600000,14633,2829
17570,1405600000,1405680000,22625,4093
17571,1405680000,1405760000,20141,3665
17572,1405760000,1405840000,16210,3438
17573,1405840000,1405920000,16926,3178
17574,1405920000,1406000000,23599,4102
17575,1406000000,1406080000,18962,3660
17576,1406080000,1406160000,15774,3207
17577,1406160000,1406240000,17787,3400
17578,1406240000,1406320000,22818,4099
17579,1406320000,1406400000,18168,3639
17580,1406400000,1406480000,15400,3108
17581,1406480000,1406560000,18594,3532
17582,1406560000,1406640000,22634,4200
17583,1406640000,1406720000,17256,3624
17584,1406720000,1406800000,13572,2694
17585,1406800000,1406880000,20252,3863
17586,1406880000,1406960000,23621,4232
17587,1406960000,1407040000,17365,3615
17588,1407040000,1407120000,13167,2483
17589,1407120000,1407200000,22106,4071
17590,1407200000,1407280000,24268,4370
17591,1407280000,1407360000,16726,3530
17592,1407360000,1407440000,12840,2413
17593,1407440000,1407520000,21677,4061
17594,1407520000,1407600000,23654,4283
17595,1407600000,1407680000,16159,3409
17596,1407680000,1407760000,14019,2604
17597,1407760000,1407840000,23285,4104
17598,1407840000,1407920000,20937,3937
17599,1407920000,1408000000,16731,3517
17600,1408000000,1408080000,14535,2829
17601,1408080000,1408160000,21567,4084
17602,1408160000,1408240000,19722,3676
17603,1408240000,1408320000,16460,3438
17604,1408320000,1408400000,17277,3178
17605,1408400000,1408480000,23126,4101
17606,1408480000,1408560000,18918,3673
17607,1408560000,1408640000,15859,3207
17608,1408640000,1408720000,17737,3400
17609,1408720000,1408800000,23274,4102
17610,1408800000,1408880000,18465,3644
17611,1408880000,1408960000,15395,3108
17612,1408960000,1409040000,18815,3532
17613,1409040000,1409120000,22859,4195
17614,1409120000,1409200000,17384,3619
17615,1409200000,1409280000,13436,2694
17616,1409280000,1409360000,20452,3864
17617,1409360000,1409440000,23349,4220
17618,1409440000,1409520000,17710,3606
17619,1409520000,1409600000,13161,2483
17620,1409600000,1409680000,22242,4070
17621,1409680000,1409760000,24440,4370
17622,1409760000,1409840000,17044,3531
17623,1409840000,1409920000,13136,2413
17624,1409920000,1410000000,22026,4058
17625,1410000000,1410080000,24056,4278
17626,1410080000,1410160000,16099,3409
17627,1410160000,1410240000,13457,2604
17628,1410240000,1410320000,22362,4089
17629,1410320000,1410400000,20436,3938
17630,1410400000,1410480000,16269,3517
17631,1410480000,1410560000,14424,2829
17632,1410560000,1410640000,21726,4087
17633,1410640000,1410720000,19872,3677
17634,1410720000,1410800000,16157,3438
17635,1410800000,1410880000,16367,3178
17636,1410880000,1410960000,23632,4096
17637,1410960000,1411040000,18862,3660
17638,1411040000,1411120000,15743,3207
17639,1411120000,1411200000,17768,3400
17640,1411200000,1411280000,22724,4099
17641,1411280000,1411360000,17912,3639
17642,1411360000,1411440000,15309,3108
17643,1411440000,1411520000,18434,3532
17644,1411520000,1411600000,23312,4200
17645,1411600000,1411680000,17026,3630
17646,1411680000,1411760000,13319,2694
17647,1411760000,1411840000,19958,3863
17648,1411840000,1411920000,23627,4238
17649,1411920000,1412000000,17189,3609
17650,1412000000,1412080000,13211,2483
17651,1412080000,1412160000,21998,4071
17652,1412160000,1412240000,24004,4370
17653,1412240000,1412320000,16607,3530
17654,1412320000,1412400000,13072,2413
17655,1412400000,1412480000,21947,4061
17656,1412480000,1412560000,23404,4283
17657,1412560000,1412640000,16478,3409
17658,1412640000,1412720000,14048,2604
17659,1412720000,1412800000,22689,4100
17660,1412800000,1412880000,21056,3943
17661,1412880000,1412960000,16850,3517
17662,1412960000,1413040000,14939,2829
17663,1413040000,1413120000,23028,4084
17664,1413120000,1413200000,20671,3676
17665,1413200000,1413280000,16533,3438
17666,1413280000,1413360000,17289,3178
17667,1413360000,1413440000,23077,4105
17668,1413440000,1413520000,18531,3671
17669,1413520000,1413600000,16316,3207
17670,1413600000,1413680000,18067,3400
17671,1413680000,1413760000,22475,4102
17672,1413760000,1413840000,18291,3644
17673,1413840000,1413920000,15710,3108
17674,1413920000,1414000000,18846,3532
17675,1414000000,1414080000,23582,4195
17676,1414080000,1414160000,17375,3619
17677,1414160000,1414240000,13388,2694
17678,1414240000,1414320000,19924,3864
17679,1414320000,1414400000,22878,4220
17680,1414400000,1414480000,17326,3606
17681,1414480000,1414560000,13242,2483
17682,1414560000,1414640000,22030,4070
17683,1414640000,1414720000,23970,4370
17684,1414720000,1414800000,16712,3531
17685,1414800000,1414880000,13034,2413
17686,1414880000,1414960000,22448,4064
17687,1414960000,1415040000,24322,4278
17688,1415040000,1415120000,16323,3409
17689,1415120000,1415200000,14026,2604
17690,1415200000,1415280000,22726,4095
17691,1415280000,1415360000,21138,3938
17692,1415360000,1415440000,16659,3517
17693,1415440000,1415520000,14035,2829
17694,1415520000,1415600000,21951,4087
17695,1415600000,1415680000,20141,3665
17696,1415680000,1415760000,16136,3438
17697,1415760000,1415840000,17037,3178
17698,1415840000,1415920000,23653,4096
17699,1415920000,1416000000,18495,3660
17700,1416000000,1416080000,15973,3207
17701,1416080000,1416160000,18134,3400
17702,1416160000,1416240000,22516,4099
17703,1416240000,1416320000,17990,3639
17704,1416320000,1416400000,15761,3108
17705,1416400000,1416480000,19207,3532
17706,1416480000,1416560000,23595,4206
17707,1416560000,1416640000,17161,3630
17708,1416640000,1416720000,14129,2694
17709,1416720000,1416800000,21097,3863
17710,1416800000,1416880000,23832,4226
17711,1416880000,1416960000,17584,3609
17712,1416960000,1417040000,13549,2483
17713,1417040000,1417120000,22517,4071
17714,1417120000,1417200000,25129,4370
17715,1417200000,1417280000,16869,3530
17716,1417280000,1417360000,13191,2413
17717,1417360000,1417440000,21444,4061
17718,1417440000,1417520000,23159,4295
17719,1417520000,1417600000,16280,3409
17720,1417600000,1417680000,14035,2604
17721,1417680000,1417760000,23276,4094
17722,1417760000,1417840000,20996,3937
17723,1417840000,1417920000,16862,3517
17724,1417920000,1418000000,14702,2829
17725,1418000000,1418080000,22739,4087
17726,1418080000,1418160000,20046,3679
17727,1418160000,1418240000,16289,3438
17728,1418240000,1418320000,16800,3178
17729,1418320000,1418400000,23237,4101
17730,1418400000,1418480000,18720,3667
17731,1418480000,1418560000,15793,3207
17732,1418560000,1418640000,18033,3400
17733,1418640000,1418720000,22421,4108
17734,1418720000,1418800000,18188,3644
17735,1418800000,1418880000,15529,3108
17736,1418880000,1418960000,19038,3532
17737,1418960000,1419040000,23343,4201
17738,1419040000,1419120000,17344,3619
17739,1419120000,1419200000,13924,2694
17740,1419200000,1419280000,20564,3864
17741,1419280000,1419360000,22925,4220
17742,1419360000,1419440000,17333,3606
17743,1419440000,1419520000,13394,2483
17744,1419520000,1419600000,22100,4070
17745,1419600000,1419680000,23791,4370
17746,1419680000,1419760000,16971,3531
17747,1419760000,1419840000,13275,2413
17748,1419840000,1419920000,22362,4061
17749,1419920000,1420000000,24559,4287
17750,1420000000,1420080000,16519,3409
17751,1420080000,1420160000,13567,2604
17752,1420160000,1420240000,23344,4089
17753,1420240000,1420320000,21131,3938
17754,1420320000,1420400000,16670,3517
17755,1420400000,1420480000,14437,2829
17756,1420480000,1420560000,22178,4087
17757,1420560000,1420640000,20318,3665
17758,1420640000,1420720000,16668,3444
17759,1420720000,1420800000,16974,3178
17760,1420800000,1420880000,23144,4102
17761,1420880000,1420960000,18641,3660
17762,1420960000,1421040000,16023,3213
17763,1421040000,1421120000,17327,3400
17764,1421120000,1421200000,23204,4105
17765,1421200000,1421280000,17970,3647
17766,1421280000,1421360000,15321,3112
17767,1421360000,1421440000,18549,3532
17768,1421440000,1421520000,23104,4194
17769,1421520000,1421600000,17049,3630
17770,1421600000,1421680000,13660,2694
17771,1421680000,1421760000,20272,3863
17772,1421760000,1421840000,24085,4226
17773,1421840000,1421920000,17417,3613
17774,1421920000,1422000000,13611,2483
17775,1422000000,1422080000,22462,4077
17776,1422080000,1422160000,25126,4379
17777,1422160000,1422240000,16876,3537
17778,1422240000,1422320000,13332,2413
17779,1422320000,1422400000,22020,4067
17780,1422400000,1422480000,24473,4283
17781,1422480000,1422560000,16537,3413
17782,1422560000,1422640000,14163,2604
17783,1422640000,1422720000,23240,4094
17784,1422720000,1422800000,22107,3937
17785,1422800000,1422880000,16834,3521
17786,1422880000,1422960000,14559,2829
17787,1422960000,1423040000,22294,4084
17788,1423040000,1423120000,20516,3676
17789,1423120000,1423200000,16566,3444
17790,1423200000,1423280000,17194,3178
17791,1423280000,1423360000,23578,4101
17792,1423360000,1423440000,18722,3667
17793,1423440000,1423520000,16372,3213
17794,1423520000,1423600000,18528,3400
17795,1423600000,1423680000,23737,4102
17796,1423680000,1423760000,18826,3646
17797,1423760000,1423840000,15754,3112
17798,1423840000,1423920000,18729,3532
17799,1423920000,1424000000,23285,4195
17800,1424000000,1424080000,17495,3625
17801,1424080000,1424160000,13679,2694
17802,1424160000,1424240000,20579,3864
17803,1424240000,1424320000,24063,4220
17804,1424320000,1424400000,17709,3610
17805,1424400000,1424480000,13578,2483
17806,1424480000,1424560000,22366,4076
17807,1424560000,1424640000,24552,4370
17808,1424640000,1424720000,16942,3535
17809,1424720000,1424800000,13032,2413
17810,1424800000,1424880000,21755,4058
17811,1424880000,1424960000,23971,4290
17812,1424960000,1425040000,16258,3413
17813,1425040000,1425120000,13813,2604
17814,1425120000,1425200000,23025,4089
17815,1425200000,1425280000,21203,3944
17816,1425280000,1425360000,16750,3521
17817,1425360000,1425440000,14597,2829
17818,1425440000,1425520000,22525,4087
17819,1425520000,1425600000,20033,3665
17820,1425600000,1425680000,16621,3444
17821,1425680000,1425760000,17109,3178
17822,1425760000,1425840000,23194,4096
17823,1425840000,1425920000,18829,3666
17824,1425920000,1426000000,16242,3213
17825,1426000000,1426080000,18289,3400
17826,1426080000,1426160000,23226,4099
17827,1426160000,1426240000,18384,3641
17828,1426240000,1426320000,15929,3112
17829,1426320000,1426400000,19376,3532
17830,1426400000,1426480000,22816,4194
17831,1426480000,1426560000,17612,3630
17832,1426560000,1426640000,13944,2694
17833,1426640000,1426720000,20577,3863
17834,1426720000,1426800000,23681,4226
17835,1426800000,1426880000,17613,3613
17836,1426880000,1426960000,13712,2483
17837,1426960000,1427040000,22350,4077
17838,1427040000,1427120000,24882,4382
17839,1427120000,1427200000,16953,3534
17840,1427200000,1427280000,13101,2413
17841,1427280000,1427360000,21959,4061
17842,1427360000,1427440000,23982,4283
17843,1427440000,1427520000,16517,3413
17844,1427520000,1427600000,14055,2604
17845,1427600000,1427680000,23305,4094
17846,1427680000,1427760000,21292,3937
17847,1427760000,1427840000,17030,3521
17848,1427840000,1427920000,14755,2829
17849,1427920000,1428000000,22035,4093
17850,1428000000,1428080000,20197,3679
17851,1428080000,1428160000,16805,3444
17852,1428160000,1428240000,17758,3178
17853,1428240000,1428320000,23373,4101
17854,1428320000,1428400000,18843,3667
17855,1428400000,1428480000,16296,3213
17856,1428480000,1428560000,18235,3400
17857,1428560000,1428640000,23311,4108
17858,1428640000,1428720000,18700,3646
17859,1428720000,1428800000,15898,3112
17860,1428800000,1428880000,19437,3532
17861,1428880000,1428960000,23953,4195
17862,1428960000,1429040000,17518,3625
17863,1429040000,1429120000,14141,2694
17864,1429120000,1429200000,21223,3864
17865,1429200000,1429280000,23801,4220
17866,1429280000,1429360000,17749,3610
17867,1429360000,1429440000,13093,2483
17868,1429440000,1429520000,21752,4070
17869,1429520000,1429600000,24698,4370
17870,1429600000,1429680000,16943,3535
17871,1429680000,1429760000,13187,2413
17872,1429760000,1429840000,21759,4058
17873,1429840000,1429920000,23465,4278
17874,1429920000,1430000000,16597,3413
17875,1430000000,1430080000,13956,2604
17876,1430080000,1430160000,23480,4093
17877,1430160000,1430240000,21792,3944
17878,1430240000,1430320000,17242,3521
17879,1430320000,1430400000,15145,2829
17880,1430400000,1430480000,22439,4087
17881,1430480000,1430560000,20173,3665
17882,1430560000,1430640000,16922,3444
17883,1430640000,1430720000,17198,3178
17884,1430720000,1430800000,23309,4096
17885,1430800000,1430880000,18577,3660
17886,1430880000,1430960000,16549,3213
17887,1430960000,1431040000,18714,3400
17888,1431040000,1431120000,23653,4099
17889,1431120000,1431200000,18735,3641
17890,1431200000,1431280000,16188,3112
17891,1431280000,1431360000,19553,3532
17892,1431360000,1431440000,23465,4200
17893,1431440000,1431520000,17897,3630
17894,1431520000,1431600000,14010,2694
17895,1431600000,1431680000,21130,3863
17896,1431680000,1431760000,23315,4232
17897,1431760000,1431840000,17459,3619
17898,1431840000,1431920000,13356,2483
17899,1431920000,1432000000,22560,4071
17900,1432000000,1432080000,24285,4370
17901,1432080000,1432160000,16768,3534
17902,1432160000,1432240000,12984,2413
17903,1432240000,1432320000,21506,4061
17904,1432320000,1432400000,23233,4283
17905,1432400000,1432480000,16234,3413
17906,1432480000,1432560000,14125,2604
17907,1432560000,1432640000,22195,4094
17908,1432640000,1432720000,20858,3949
17909,1432720000,1432800000,16588,3521
17910,1432800000,1432880000,14911,2829
17911,1432880000,1432960000,22164,4084
17912,1432960000,1433040000,19972,3676
17913,1433040000,1433120000,16478,3444
17914,1433120000,1433200000,17395,3178
17915,1433200000,1433280000,22916,4101
17916,1433280000,1433360000,18667,3667
17917,1433360000,1433440000,16148,3213
17918,1433440000,1433520000,18006,3400
17919,1433520000,1433600000,22631,4102
17920,1433600000,1433680000,18196,3652
17921,1433680000,1433760000,15806,3112
17922,1433760000,1433840000,19078,3532
17923,1433840000,1433920000,23275,4195
17924,1433920000,1434000000,17050,3625
17925,1434000000,1434080000,13612,2694
17926,1434080000,1434160000,19691,3864
17927,1434160000,1434240000,23709,4232
17928,1434240000,1434320000,17542,3610
17929,1434320000,1434400000,13327,2483
17930,1434400000,1434480000,22133,4070
17931,1434480000,1434560000,25240,4370
17932,1434560000,1434640000,16903,3535
17933,1434640000,1434720000,13225,2413
17934,1434720000,1434800000,21995,4058
17935,1434800000,1434880000,24454,4278
17936,1434880000,1434960000,16250,3413
17937,1434960000,1435040000,14135,2604
17938,1435040000,1435120000,22545,4095
17939,1435120000,1435200000,20304,3938
17940,1435200000,1435280000,16769,3521
17941,1435280000,1435360000,14801,2829
17942,1435360000,1435440000,21376,4087
17943,1435440000,1435520000,19326,3677
17944,1435520000,1435600000,16589,3444
17945,1435600000,1435680000,17698,3178
17946,1435680000,1435760000,22983,4096
17947,1435760000,1435840000,18348,3666
17948,1435840000,1435920000,16503,3213
17949,1435920000,1436000000,18808,3400
17950,1436000000,1436080000,23036,4099
17951,1436080000,1436160000,18347,3641
17952,1436160000,1436240000,16019,3112
17953,1436240000,1436320000,19264,3532
17954,1436320000,1436400000,23645,4194
17955,1436400000,1436480000,17690,3630
17956,1436480000,1436560000,14234,2694
17957,1436560000,1436640000,20963,3863
17958,1436640000,1436720000,23212,4226
17959,1436720000,1436800000,17677,3613
17960,1436800000,1436880000,13677,2483
17961,1436880000,1436960000,22236,4071
17962,1436960000,1437040000,24042,4370
17963,1437040000,1437120000,17095,3534
17964,1437120000,1437200000,13472,2413
17965,1437200000,1437280000,22340,4061
17966,1437280000,1437360000,24247,4289
17967,1437360000,1437440000,16581,3413
17968,1437440000,1437520000,14488,2604
17969,1437520000,1437600000,23234,4094
17970,1437600000,1437680000,21363,3937
17971,1437680000,1437760000,17027,3521
17972,1437760000,1437840000,15140,2829
17973,1437840000,1437920000,22350,4084
17974,1437920000,1438000000,19676,3676
17975,1438000000,1438080000,16742,3444
17976,1438080000,1438160000,17675,3178
17977,1438160000,1438240000,22652,4101
17978,1438240000,1438320000,18444,3667
17979,1438320000,1438400000,16272,3213
17980,1438400000,1438480000,18458,3400
17981,1438480000,1438560000,22437,4102
17982,1438560000,1438640000,17993,3646
17983,1438640000,1438720000,15877,3112
17984,1438720000,1438800000,19240,3532
17985,1438800000,1438880000,22380,4195
17986,1438880000,1438960000,17334,3625
17987,1438960000,1439040000,14013,2694
17988,1439040000,1439120000,20586,3864
17989,1439120000,1439200000,24310,4220
17990,1439200000,1439280000,17466,3610
17991,1439280000,1439360000,13775,2483
17992,1439360000,1439440000,22382,4070
17993,1439440000,1439520000,23548,4370
17994,1439520000,1439600000,16892,3535
17995,1439600000,1439680000,13230,2413
17996,1439680000,1439760000,21694,4058
17997,1439760000,1439840000,23782,4284
17998,1439840000,1439920000,16425,3413
17999,1439920000,1440000000,13771,2604
18000,1440000000,1440080000,22936,4089
18001,1440080000,1440160000,21379,3938
18002,1440160000,1440240000,16918,3521
18003,1440240000,1440320000,14997,2829
18004,1440320000,1440400000,22207,4093
18005,1440400000,1440480000,20044,3665
18006,1440480000,1440560000,16395,3444
18007,1440560000,1440640000,16400,3178
18008,1440640000,1440720000,23005,4102
18009,1440720000,1440800000,17933,3660
18010,1440800000,1440880000,15629,3213
18011,1440880000,1440960000,17799,3400
18012,1440960000,1441040000,22465,4099
18013,1441040000,1441120000,18046,3641
18014,1441120000,1441200000,15263,3112
18015,1441200000,1441280000,18687,3532
18016,1441280000,1441360000,23075,4200
18017,1441360000,1441440000,17272,3630
18018,1441440000,1441520000,13553,2694
18019,1441520000,1441600000,20255,3863
18020,1441600000,1441680000,23844,4226
18021,1441680000,1441760000,16942,3613
18022,1441760000,1441840000,13120,2483
18023,1441840000,1441920000,21777,4077
18024,1441920000,1442000000,23718,4370
18025,1442000000,1442080000,16635,3534
18026,1442080000,1442160000,13103,2413
18027,1442160000,1442240000,21903,4070
18028,1442240000,1442320000,23613,4302
18029,1442320000,1442400000,16346,3413
18030,1442400000,1442480000,14105,2604
18031,1442480000,1442560000,22544,4094
18032,1442560000,1442640000,21062,3937
18033,1442640000,1442720000,16831,3521
18034,1442720000,1442800000,14874,2829
18035,1442800000,1442880000,22572,4084
18036,1442880000,1442960000,20393,3676
18037,1442960000,1443040000,16330,3444
18038,1443040000,1443120000,17239,3178
18039,1443120000,1443200000,23419,4104
18040,1443200000,1443280000,18716,3676
18041,1443280000,1443360000,15962,3213
18042,1443360000,1443440000,17837,3400
18043,1443440000,1443520000,23604,4102
18044,1443520000,1443600000,18557,3644
18045,1443600000,1443680000,15372,3112
18046,1443680000,1443760000,18453,3532
18047,1443760000,1443840000,23178,4195
18048,1443840000,1443920000,16976,3623
18049,1443920000,1444000000,13577,2694
18050,1444000000,1444080000,19945,3867
18051,1444080000,1444160000,22964,4223
18052,1444160000,1444240000,17138,3608
18053,1444240000,1444320000,13260,2483
18054,1444320000,1444400000,22060,4070
18055,1444400000,1444480000,23880,4370
18056,1444480000,1444560000,16304,3533
18057,1444560000,1444640000,13029,2413
18058,1444640000,1444720000,21753,4058
18059,1444720000,1444800000,23212,4278
18060,1444800000,1444880000,16030,3413
18061,1444880000,1444960000,14127,2604
18062,1444960000,1445040000,22903,4089
18063,1445040000,1445120000,20860,3938
18064,1445120000,1445200000,16668,3521
18065,1445200000,1445280000,14619,2829
18066,1445280000,1445360000,22326,4087
18067,1445360000,1445440000,19791,3665
18068,1445440000,1445520000,16484,3444
18069,1445520000,1445600000,17311,3178
18070,1445600000,1445680000,22736,4096
18071,1445680000,1445760000,17970,3660
18072,1445760000,1445840000,16071,3213
18073,1445840000,1445920000,18053,3400
18074,1445920000,1446000000,21918,4105
18075,1446000000,1446080000,17444,3645
18076,1446080000,1446160000,15573,3112
18077,1446160000,1446240000,18834,3532
18078,1446240000,1446320000,22123,4194
18079,1446320000,1446400000,17219,3634
18080,1446400000,1446480000,13780,2694
18081,1446480000,1446560000,20844,3863
18082,1446560000,1446640000,22467,4226
18083,1446640000,1446720000,17222,3611
18084,1446720000,1446800000,13552,2483
18085,1446800000,1446880000,22566,4071
18086,1446880000,1446960000,23599,4376
18087,1446960000,1447040000,16847,3532
18088,1447040000,1447120000,13042,2413
18089,1447120000,1447200000,21602,4061
18090,1447200000,1447280000,23664,4283
18091,1447280000,1447360000,16272,3413
18092,1447360000,1447440000,13861,2604
18093,1447440000,1447520000,23065,4094
18094,1447520000,1447600000,20539,3937
18095,1447600000,1447680000,16738,3521
18096,1447680000,1447760000,14541,2829
18097,1447760000,1447840000,21697,4084
18098,1447840000,1447920000,19779,3682
18099,1447920000,1448000000,16669,3444
18100,1448000000,1448080000,17470,3178
18101,1448080000,1448160000,23712,4107
18102,1448160000,1448240000,18923,3667
18103,1448240000,1448320000,15816,3213
18104,1448320000,1448400000,17457,3400
18105,1448400000,1448480000,23828,4102
18106,1448480000,1448560000,18008,3640
18107,1448560000,1448640000,15194,3112
18108,1448640000,1448720000,18178,3532
18109,1448720000,1448800000,22685,4195
18110,1448800000,1448880000,16974,3619
18111,1448880000,1448960000,13439,2694
18112,1448960000,1449040000,20212,3864
18113,1449040000,1449120000,22782,4220
18114,1449120000,1449200000,17219,3604
18115,1449200000,1449280000,13226,2483
18116,1449280000,1449360000,21799,4076
18117,1449360000,1449440000,24234,4388
18118,1449440000,1449520000,16703,3529
18119,1449520000,1449600000,12857,2413
18120,1449600000,1449680000,21820,4058
18121,1449680000,1449760000,23749,4278
18122,1449760000,1449840000,16065,3409
18123,1449840000,1449920000,13664,2604
18124,1449920000,1450000000,22693,4089
18125,1450000000,1450080000,20759,3934
18126,1450080000,1450160000,16635,3521
18127,1450160000,1450240000,14868,2829
18128,1450240000,1450320000,21923,4087
18129,1450320000,1450400000,19405,3661
18130,1450400000,1450480000,16572,3444
18131,1450480000,1450560000,16613,3178
18132,1450560000,1450640000,23000,4096
18133,1450640000,1450720000,18314,3662
18134,1450720000,1450800000,16030,3213
18135,1450800000,1450880000,18034,3400
18136,1450880000,1450960000,21951,4099
18137,1450960000,1451040000,18246,3635
18138,1451040000,1451120000,15295,3112
18139,1451120000,1451200000,18630,3532
18140,1451200000,1451280000,23072,4194
18141,1451280000,1451360000,16887,3624
18142,1451360000,1451440000,13490,2694
18143,1451440000,1451520000,20220,3863
18144,1451520000,1451600000,22655,4229
18145,1451600000,1451680000,17090,3610
18146,1451680000,1451760000,13020,2483
18147,1451760000,1451840000,22033,4071
18148,1451840000,1451920000,24292,4378
18149,1451920000,1452000000,16821,3528
18150,1452000000,1452080000,13058,2413
18151,1452080000,1452160000,22418,4061
18152,1452160000,1452240000,24169,4283
18153,1452240000,1452320000,16609,3409
18154,1452320000,1452400000,14076,2604
18155,1452400000,1452480000,22602,4094
18156,1452480000,1452560000,20404,3933
18157,1452560000,1452640000,17114,3521
18158,1452640000,1452720000,15208,2829
18159,1452720000,1452800000,22269,4084
18160,1452800000,1452880000,20145,3684
18161,1452880000,1452960000,16754,3444
18162,1452960000,1453040000,17362,3178
18163,1453040000,1453120000,22997,4101
18164,1453120000,1453200000,18384,3663
18165,1453200000,1453280000,16456,3213
18166,1453280000,1453360000,18329,3400
18167,1453360000,1453440000,22907,4102
18168,1453440000,1453520000,18430,3640
18169,1453520000,1453600000,15905,3112
18170,1453600000,1453680000,19519,3532
18171,1453680000,1453760000,23721,4201
18172,1453760000,1453840000,17119,3625
18173,1453840000,1453920000,13146,2694
18174,1453920000,1454000000,19348,3867
18175,1454000000,1454080000,23571,4223
18176,1454080000,1454160000,16591,3604
18177,1454160000,1454240000,12749,2483
18178,1454240000,1454320000,20913,4070
18179,1454320000,1454400000,23269,4370
18180,1454400000,1454480000,15832,3529
18181,1454480000,1454560000,12668,2413
18182,1454560000,1454640000,21081,4058
18183,1454640000,1454720000,22524,4278
18184,1454720000,1454800000,15572,3409
18185,1454800000,1454880000,13704,2604
18186,1454880000,1454960000,22371,4089
18187,1454960000,1455040000,20680,3934
18188,1455040000,1455120000,16040,3521
18189,1455120000,1455200000,13934,2829
18190,1455200000,1455280000,21977,4087
18191,1455280000,1455360000,19698,3661
18192,1455360000,1455440000,15632,3444
18193,1455440000,1455520000,16600,3178
18194,1455520000,1455600000,22651,4096
18195,1455600000,1455680000,18324,3656
18196,1455680000,1455760000,15712,3213
18197,1455760000,1455840000,17755,3400
18198,1455840000,1455920000,22337,4099
18199,1455920000,1456000000,17455,3635
18200,1456000000,1456080000,15502,3112
18201,1456080000,1456160000,18748,3532
18202,1456160000,1456240000,23446,4194
18203,1456240000,1456320000,16820,3624
18204,1456320000,1456400000,13655,2694
18205,1456400000,1456480000,20146,3863
18206,1456480000,1456560000,23074,4238
18207,1456560000,1456640000,16956,3607
18208,1456640000,1456720000,13343,2483
18209,1456720000,1456800000,21558,4071
18210,1456800000,1456880000,24279,4370
18211,1456880000,1456960000,16423,3528
18212,1456960000,1457040000,13230,2413
18213,1457040000,1457120000,21626,4067
18214,1457120000,1457200000,23266,4283
18215,1457200000,1457280000,15920,3409
18216,1457280000,1457360000,14025,2604
18217,1457360000,1457440000,22379,4102
18218,1457440000,1457520000,20510,3933
18219,1457520000,1457600000,16452,3521
18220,1457600000,1457680000,14297,2829
18221,1457680000,1457760000,21633,4084
18222,1457760000,1457840000,19686,3672
18223,1457840000,1457920000,15981,3444
18224,1457920000,1458000000,16475,3178
18225,1458000000,1458080000,22374,4101
18226,1458080000,1458160000,18127,3663
18227,1458160000,1458240000,15696,3213
18228,1458240000,1458320000,17643,3400
18229,1458320000,1458400000,23182,4102
18230,1458400000,1458480000,17871,3640
18231,1458480000,1458560000,15032,3112
18232,1458560000,1458640000,18207,3532
18233,1458640000,1458720000,21968,4207
18234,1458720000,1458800000,16568,3625
18235,1458800000,1458880000,13344,2694
18236,1458880000,1458960000,19915,3864
18237,1458960000,1459040000,22903,4220
18238,1459040000,1459120000,16900,3604
18239,1459120000,1459200000,13104,2483
18240,1459200000,1459280000,21930,4070
18241,1459280000,1459360000,24465,4370
18242,1459360000,1459440000,16211,3529
18243,1459440000,1459520000,12732,2413
18244,1459520000,1459600000,21225,4064
18245,1459600000,1459680000,23968,4290
18246,1459680000,1459760000,15624,3409
18247,1459760000,1459840000,13186,2604
18248,1459840000,1459920000,22225,4089
18249,1459920000,1460000000,20997,3934
18250,1460000000,1460080000,15993,3521
18251,1460080000,1460160000,14345,2829
18252,1460160000,1460240000,21626,4087
18253,1460240000,1460320000,19226,3661
18254,1460320000,1460400000,16104,3444
18255,1460400000,1460480000,16831,3178
18256,1460480000,1460560000,23752,4096
18257,1460560000,1460640000,18532,3656
18258,1460640000,1460720000,15551,3213
18259,1460720000,1460800000,17417,3400
18260,1460800000,1460880000,23114,4099
18261,1460880000,1460960000,17858,3635
18262,1460960000,1461040000,15102,3112
18263,1461040000,1461120000,18586,3532
18264,1461120000,1461200000,22449,4194
18265,1461200000,1461280000,16823,3624
18266,1461280000,1461360000,13502,2694
18267,1461360000,1461440000,20211,3863
18268,1461440000,1461520000,22867,4226
18269,1461520000,1461600000,16891,3607
18270,1461600000,1461680000,13200,2483
18271,1461680000,1461760000,21775,4071
18272,1461760000,1461840000,24469,4376
18273,1461840000,1461920000,16405,3528
18274,1461920000,1462000000,12784,2413
18275,1462000000,1462080000,21457,4061
18276,1462080000,1462160000,23947,4283
18277,1462160000,1462240000,15893,3409
18278,1462240000,1462320000,13735,2604
18279,1462320000,1462400000,22474,4094
18280,1462400000,1462480000,20940,3939
18281,1462480000,1462560000,16437,3521
18282,1462560000,1462640000,14642,2829
18283,1462640000,1462720000,22110,4084
18284,1462720000,1462800000,19919,3672
18285,1462800000,1462880000,16214,3444
18286,1462880000,1462960000,16950,3178
18287,1462960000,1463040000,22637,4101
18288,1463040000,1463120000,18196,3663
18289,1463120000,1463200000,15827,3213
18290,1463200000,1463280000,18055,3400
18291,1463280000,1463360000,22664,4108
18292,1463360000,1463440000,18343,3646
18293,1463440000,1463520000,15314,3112
18294,1463520000,1463600000,18426,3532
18295,1463600000,1463680000,23433,4201
18296,1463680000,1463760000,17071,3619
18297,1463760000,1463840000,13461,2694
18298,1463840000,1463920000,20129,3864
18299,1463920000,1464000000,23555,4220
18300,1464000000,1464080000,17225,3604
18301,1464080000,1464160000,13096,2483
18302,1464160000,1464240000,21860,4070
18303,1464240000,1464320000,24391,4370
18304,1464320000,1464400000,16510,3529
18305,1464400000,1464480000,12994,2413
18306,1464480000,1464560000,21523,4061
18307,1464560000,1464640000,22876,4287
18308,1464640000,1464720000,15894,3409
18309,1464720000,1464800000,13731,2604
18310,1464800000,1464880000,22805,4089
18311,1464880000,1464960000,21168,3946
18312,1464960000,1465040000,16475,3521
18313,1465040000,1465120000,14549,2829
18314,1465120000,1465200000,22064,4087
18315,1465200000,1465280000,19568,3667
18316,1465280000,1465360000,16303,3444
18317,1465360000,1465440000,16792,3178
18318,1465440000,1465520000,23079,4096
18319,1465520000,1465600000,18108,3656
18320,1465600000,1465680000,15840,3213
18321,1465680000,1465760000,18002,3400
18322,1465760000,1465840000,22952,4099
18323,1465840000,1465920000,17632,3635
18324,1465920000,1466000000,15722,3112
18325,1466000000,1466080000,19058,3532
18326,1466080000,1466160000,22579,4194
18327,1466160000,1466240000,17117,3630
18328,1466240000,1466320000,13795,2694
18329,1466320000,1466400000,20467,3863
18330,1466400000,1466480000,23406,4226
18331,1466480000,1466560000,17087,3607
18332,1466560000,1466640000,13463,2483
18333,1466640000,1466720000,21802,4071
18334,1466720000,1466800000,23377,4376
18335,1466800000,1466880000,16551,3528
18336,1466880000,1466960000,12922,2413
18337,1466960000,1467040000,21542,4061
18338,1467040000,1467120000,23514,4283
18339,1467120000,1467200000,16171,3409
18340,1467200000,1467280000,14077,2604
18341,1467280000,1467360000,22714,4094
18342,1467360000,1467440000,21023,3933
18343,1467440000,1467520000,16601,3521
18344,1467520000,1467600000,14271,2829
18345,1467600000,1467680000,21655,4084
18346,1467680000,1467760000,19581,3672
18347,1467760000,1467840000,16191,3444
18348,1467840000,1467920000,17124,3178
18349,1467920000,1468000000,22949,4101
18350,1468000000,1468080000,18233,3663
18351,1468080000,1468160000,15866,3213
18352,1468160000,1468240000,17760,3400
18353,1468240000,1468320000,22539,4108
18354,1468320000,1468400000,17519,3640
18355,1468400000,1468480000,15463,3112
18356,1468480000,1468560000,18704,3532
18357,1468560000,1468640000,22218,4201
18358,1468640000,1468720000,16871,3625
18359,1468720000,1468800000,13850,2694
18360,1468800000,1468880000,20760,3864
18361,1468880000,1468960000,22466,4220
18362,1468960000,1469040000,17371,3604
18363,1469040000,1469120000,13003,2483
18364,1469120000,1469200000,21525,4070
18365,1469200000,1469280000,23955,4370
18366,1469280000,1469360000,16555,3529
18367,1469360000,1469440000,13186,2413
18368,1469440000,1469520000,21540,4064
18369,1469520000,1469600000,23649,4278
18370,1469600000,1469680000,16090,3409
18371,1469680000,1469760000,13814,2604
18372,1469760000,1469840000,22408,4089
18373,1469840000,1469920000,20552,3934
18374,1469920000,1470000000,16719,3521
18375,1470000000,1470080000,14883,2829
18376,1470080000,1470160000,22475,4087
18377,1470160000,1470240000,19858,3673
18378,1470240000,1470320000,16540,3444
18379,1470320000,1470400000,16786,3178
18380,1470400000,1470480000,23152,4096
18381,1470480000,1470560000,18198,3656
18382,1470560000,1470640000,16050,3213
18383,1470640000,1470720000,18173,3400
18384,1470720000,1470800000,22728,4108
18385,1470800000,1470880000,17865,3638
18386,1470880000,1470960000,15646,3112
18387,1470960000,1471040000,18932,3532
18388,1471040000,1471120000,23734,4194
18389,1471120000,1471200000,17323,3624
18390,1471200000,1471280000,13845,2694
18391,1471280000,1471360000,20751,3866
18392,1471360000,1471440000,23459,4229
18393,1471440000,1471520000,17186,3607
18394,1471520000,1471600000,13436,2483
18395,1471600000,1471680000,21687,4077
18396,1471680000,1471760000,23172,4382
18397,1471760000,1471840000,16582,3528
18398,1471840000,1471920000,12907,2413
18399,1471920000,1472000000,21425,4061
18400,1472000000,1472080000,23306,4283
18401,1472080000,1472160000,16361,3409
18402,1472160000,1472240000,14112,2604
18403,1472240000,1472320000,22873,4094
18404,1472320000,1472400000,21309,3933
18405,1472400000,1472480000,17000,3521
18406,1472480000,1472560000,15225,2829
18407,1472560000,1472640000,22487,4084
18408,1472640000,1472720000,19694,3672
18409,1472720000,1472800000,16758,3444
18410,1472800000,1472880000,17528,3178
18411,1472880000,1472960000,22399,4101
18412,1472960000,1473040000,18281,3663
18413,1473040000,1473120000,16155,3213
18414,1473120000,1473200000,18001,3400
18415,1473200000,1473280000,22751,4108
18416,1473280000,1473360000,18271,3640
18417,1473360000,1473440000,15685,3112
18418,1473440000,1473520000,19069,3532
18419,1473520000,1473600000,23316,4201
18420,1473600000,1473680000,17312,3619
18421,1473680000,1473760000,13694,2694
18422,1473760000,1473840000,20333,3864
18423,1473840000,1473920000,23610,4220
18424,1473920000,1474000000,17270,3604
18425,1474000000,1474080000,13471,2483
18426,1474080000,1474160000,22169,4070
18427,1474160000,1474240000,23956,4370
18428,1474240000,1474320000,16653,3529
18429,1474320000,1474400000,13317,2413
18430,1474400000,1474480000,22025,4058
18431,1474480000,1474560000,23455,4278
18432,1474560000,1474640000,16315,3409
18433,1474640000,1474720000,14291,2604
18434,1474720000,1474800000,22718,4089
18435,1474800000,1474880000,20833,3934
18436,1474880000,1474960000,16910,3521
18437,1474960000,1475040000,15054,2829
18438,1475040000,1475120000,22281,4087
18439,1475120000,1475200000,19775,3661
18440,1475200000,1475280000,16699,3444
18441,1475280000,1475360000,17848,3178
18442,1475360000,1475440000,23325,4096
18443,1475440000,1475520000,18386,3656
18444,1475520000,1475600000,16529,3213
18445,1475600000,1475680000,19035,3400
18446,1475680000,1475760000,22417,4105
18447,1475760000,1475840000,18125,3635
18448,1475840000,1475920000,16062,3112
18449,1475920000,1476000000,19312,3532
18450,1476000000,1476080000,22997,4194
18451,1476080000,1476160000,17073,3624
18452,1476160000,1476240000,14162,2694
18453,1476240000,1476320000,20419,3863
18454,1476320000,1476400000,23161,4226
18455,1476400000,1476480000,17131,3607
18456,1476480000,1476560000,12905,2483
18457,1476560000,1476640000,21026,4071
18458,1476640000,1476720000,22855,4370
18459,1476720000,1476800000,16063,3528
18460,1476800000,1476880000,12302,2413
18461,1476880000,1476960000,20924,4061
18462,1476960000,1477040000,22627,4295
18463,1477040000,1477120000,15684,3409
18464,1477120000,1477200000,13430,2604
18465,1477200000,1477280000,22131,4094
18466,1477280000,1477360000,20757,3933
18467,1477360000,1477440000,16249,3521
18468,1477440000,1477520000,13935,2829
18469,1477520000,1477600000,21140,4084
18470,1477600000,1477680000,19376,3672
18471,1477680000,1477760000,15971,3444
18472,1477760000,1477840000,16584,3178
18473,1477840000,1477920000,22519,4101
18474,1477920000,1478000000,18192,3663
18475,1478000000,1478080000,15494,3213
18476,1478080000,1478160000,17589,3400
18477,1478160000,1478240000,23085,4102
18478,1478240000,1478320000,18235,3640
18479,1478320000,1478400000,15142,3112
18480,1478400000,1478480000,18186,3532
18481,1478480000,1478560000,22570,4195
18482,1478560000,1478640000,16855,3619
18483,1478640000,1478720000,13335,2694
18484,1478720000,1478800000,19793,3864
18485,1478800000,1478880000,23208,4232
18486,1478880000,1478960000,17063,3604
18487,1478960000,1479040000,13152,2483
18488,1479040000,1479120000,22024,4070
18489,1479120000,1479200000,24154,4379
18490,1479200000,1479280000,16552,3532
18491,1479280000,1479360000,12901,2413
18492,1479360000,1479440000,21334,4058
18493,1479440000,1479520000,23266,4284
18494,1479520000,1479600000,15901,3409
18495,1479600000,1479680000,13413,2604
18496,1479680000,1479760000,22464,4095
18497,1479760000,1479840000,21134,3934
18498,1479840000,1479920000,16333,3521
18499,1479920000,1480000000,14737,2829
18500,1480000000,1480080000,22294,4087
18501,1480080000,1480160000,19821,3661
18502,1480160000,1480240000,16289,3444
18503,1480240000,1480320000,16943,3178
18504,1480320000,1480400000,23236,4096
18505,1480400000,1480480000,18344,3656
18506,1480480000,1480560000,15889,3213
18507,1480560000,1480640000,18084,3400
18508,1480640000,1480720000,22592,4105
18509,1480720000,1480800000,18042,3641
18510,1480800000,1480880000,15285,3112
18511,1480880000,1480960000,18764,3532
18512,1480960000,1481040000,22863,4194
18513,1481040000,1481120000,17191,3624
18514,1481120000,1481200000,13417,2694
18515,1481200000,1481280000,20043,3863
18516,1481280000,1481360000,23741,4226
18517,1481360000,1481440000,16885,3607
18518,1481440000,1481520000,13229,2483
18519,1481520000,1481600000,21942,4071
18520,1481600000,1481680000,24128,4370
18521,1481680000,1481760000,16482,3528
18522,1481760000,1481840000,13171,2413
18523,1481840000,1481920000,22150,4061
18524,1481920000,1482000000,24287,4283
18525,1482000000,1482080000,16142,3409
18526,1482080000,1482160000,13990,2604
18527,1482160000,1482240000,22725,4100
18528,1482240000,1482320000,21370,3933
18529,1482320000,1482400000,16614,3521
18530,1482400000,1482480000,14806,2829
18531,1482480000,1482560000,21846,4090
18532,1482560000,1482640000,19867,3672
18533,1482640000,1482720000,16409,3444
18534,1482720000,1482800000,17341,3178
18535,1482800000,1482880000,23389,4101
18536,1482880000,1482960000,18711,3663
18537,1482960000,1483040000,16073,3213
18538,1483040000,1483120000,18111,3400
18539,1483120000,1483200000,22921,4102
18540,1483200000,1483280000,18277,3640
18541,1483280000,1483360000,15561,3112
18542,1483360000,1483440000,18979,3532
18543,1483440000,1483520000,23457,4195
18544,1483520000,1483600000,17386,3619
18545,1483600000,1483680000,13802,2694
18546,1483680000,1483760000,20341,3864
18547,1483760000,1483840000,23057,4220
18548,1483840000,1483920000,17360,3604
18549,1483920000,1484000000,13504,2483
18550,1484000000,1484080000,22038,4070
18551,1484080000,1484160000,24465,4370
18552,1484160000,1484240000,16402,3529
18553,1484240000,1484320000,13145,2413
18554,1484320000,1484400000,21714,4058
18555,1484400000,1484480000,24158,4284
18556,1484480000,1484560000,16121,3409
18557,1484560000,1484640000,14074,2604
18558,1484640000,1484720000,22842,4095
18559,1484720000,1484800000,21349,3934
18560,1484800000,1484880000,16945,3521
18561,1484880000,1484960000,15053,2829
18562,1484960000,1485040000,21940,4090
18563,1485040000,1485120000,19576,3664
18564,1485120000,1485200000,16561,3444
18565,1485200000,1485280000,17458,3178
18566,1485280000,1485360000,23293,4096
18567,1485360000,1485440000,18156,3656
18568,1485440000,1485520000,15976,3213
18569,1485520000,1485600000,18150,3400
18570,1485600000,1485680000,22801,4099
18571,1485680000,1485760000,17633,3635
18572,1485760000,1485840000,15653,3112
18573,1485840000,1485920000,18933,3532
18574,1485920000,1486000000,22737,4206
18575,1486000000,1486080000,17242,3624
18576,1486080000,1486160000,13917,2694
18577,1486160000,1486240000,20723,3863
18578,1486240000,1486320000,22756,4226
18579,1486320000,1486400000,17124,3607
18580,1486400000,1486480000,13608,2483
18581,1486480000,1486560000,22464,4071
18582,1486560000,1486640000,23389,4370
18583,1486640000,1486720000,16610,3528
18584,1486720000,1486800000,13177,2413
18585,1486800000,1486880000,22071,4064
18586,1486880000,1486960000,24254,4292
18587,1486960000,1487040000,16041,3409
18588,1487040000,1487120000,14219,2604
18589,1487120000,1487200000,23054,4094
18590,1487200000,1487280000,21167,3933
18591,1487280000,1487360000,16719,3521
18592,1487360000,1487440000,14707,2829
18593,1487440000,1487520000,22387,4084
18594,1487520000,1487600000,19744,3672
18595,1487600000,1487680000,16422,3444
18596,1487680000,1487760000,17397,3178
18597,1487760000,1487840000,23524,4101
18598,1487840000,1487920000,18718,3663
18599,1487920000,1488000000,15813,3213
18600,1488000000,1488080000,17825,3400
18601,1488080000,1488160000,23727,4102
18602,1488160000,1488240000,17571,3640
18603,1488240000,1488320000,15488,3112
18604,1488320000,1488400000,18588,3532
18605,1488400000,1488480000,22518,4195
18606,1488480000,1488560000,16485,3619
18607,1488560000,1488640000,13867,2694
18608,1488640000,1488720000,20630,3864
18609,1488720000,1488800000,23096,4226
18610,1488800000,1488880000,17402,3604
18611,1488880000,1488960000,13390,2483
18612,1488960000,1489040000,22491,4076
18613,1489040000,1489120000,24220,4370
18614,1489120000,1489200000,17005,3529
18615,1489200000,1489280000,13475,2413
18616,1489280000,1489360000,22270,4058
18617,1489360000,1489440000,23744,4278
18618,1489440000,1489520000,16368,3409
18619,1489520000,1489600000,14209,2604
18620,1489600000,1489680000,22996,4089
18621,1489680000,1489760000,21023,3934
18622,1489760000,1489840000,16735,3521
18623,1489840000,1489920000,15006,2829
18624,1489920000,1490000000,21869,4090
18625,1490000000,1490080000,19502,3664
18626,1490080000,1490160000,16517,3438
18627,1490160000,1490240000,17013,3178
18628,1490240000,1490320000,23157,4099
18629,1490320000,1490400000,18222,3665
18630,1490400000,1490480000,16150,3207
18631,1490480000,1490560000,18480,3400
18632,1490560000,1490640000,22196,4105
18633,1490640000,1490720000,17976,3639
18634,1490720000,1490800000,15683,3108
18635,1490800000,1490880000,19193,3532
18636,1490880000,1490960000,23448,4194
18637,1490960000,1491040000,16805,3618
18638,1491040000,1491120000,13722,2694
18639,1491120000,1491200000,20261,3866
18640,1491200000,1491280000,22584,4229
18641,1491280000,1491360000,16885,3603
18642,1491360000,1491440000,13368,2483
18643,1491440000,1491520000,21943,4071
18644,1491520000,1491600000,24147,4376
18645,1491600000,1491680000,16850,3524
18646,1491680000,1491760000,13342,2413
18647,1491760000,1491840000,22072,4061
18648,1491840000,1491920000,23638,4283
18649,1491920000,1492000000,16528,3405
18650,1492000000,1492080000,14361,2604
18651,1492080000,1492160000,22728,4094
18652,1492160000,1492240000,20690,3933
18653,1492240000,1492320000,16893,3517
18654,1492320000,1492400000,15142,2829
18655,1492400000,1492480000,21631,4084
18656,1492480000,1492560000,20060,3672
18657,1492560000,1492640000,16585,3438
18658,1492640000,1492720000,17518,3178
18659,1492720000,1492800000,23501,4101
18660,1492800000,1492880000,18693,3663
18661,1492880000,1492960000,16279,3207
18662,1492960000,1493040000,18475,3400
18663,1493040000,1493120000,23500,4105
18664,1493120000,1493200000,18175,3641
18665,1493200000,1493280000,16016,3108
18666,1493280000,1493360000,19345,3532
18667,1493360000,1493440000,23243,4195
18668,1493440000,1493520000,16794,3613
18669,1493520000,1493600000,13878,2694
18670,1493600000,1493680000,20473,3864
18671,1493680000,1493760000,23339,4226
18672,1493760000,1493840000,17489,3600
18673,1493840000,1493920000,13681,2483
18674,1493920000,1494000000,22722,4070
18675,1494000000,1494080000,25010,4382
18676,1494080000,1494160000,16841,3525
18677,1494160000,1494240000,13335,2413
18678,1494240000,1494320000,22219,4058
18679,1494320000,1494400000,23721,4278
18680,1494400000,1494480000,16208,3405
18681,1494480000,1494560000,14278,2604
18682,1494560000,1494640000,23025,4089
18683,1494640000,1494720000,21154,3940
18684,1494720000,1494800000,16606,3517
18685,1494800000,1494880000,14161,2829
18686,1494880000,1494960000,21748,4087
18687,1494960000,1495040000,19704,3661
18688,1495040000,1495120000,16032,3438
18689,1495120000,1495200000,16967,3178
18690,1495200000,1495280000,22921,4102
18691,1495280000,1495360000,18117,3656
18692,1495360000,1495440000,15995,3207
18693,1495440000,1495520000,18085,3400
18694,1495520000,1495600000,22265,4099
18695,1495600000,1495680000,17897,3633
18696,1495680000,1495760000,15759,3108
18697,1495760000,1495840000,19317,3532
18698,1495840000,1495920000,23521,4194
18699,1495920000,1496000000,17514,3624
18700,1496000000,1496080000,14065,2694
18701,1496080000,1496160000,20998,3863
18702,1496160000,1496240000,22906,4226
18703,1496240000,1496320000,17382,3603
18704,1496320000,1496400000,13677,2483
18705,1496400000,1496480000,22520,4071
18706,1496480000,1496560000,23972,4370
18707,1496560000,1496640000,16702,3524
18708,1496640000,1496720000,13318,2413
18709,1496720000,1496800000,21675,4061
18710,1496800000,1496880000,24094,4283
18711,1496880000,1496960000,16346,3405
18712,1496960000,1497040000,14252,2604
18713,1497040000,1497120000,22438,4094
18714,1497120000,1497200000,19962,3933
18715,1497200000,1497280000,17081,3517
18716,1497280000,1497360000,15091,2829
18717,1497360000,1497440000,22333,4084
18718,1497440000,1497520000,19644,3678
18719,1497520000,1497600000,16456,3438
18720,1497600000,1497680000,16919,3178
18721,1497680000,1497760000,23432,4101
18722,1497760000,1497840000,18353,3663
18723,1497840000,1497920000,15793,3207
18724,1497920000,1498000000,18102,3400
18725,1498000000,1498080000,23086,4110
18726,1498080000,1498160000,17839,3644
18727,1498160000,1498240000,15651,3108
18728,1498240000,1498320000,19041,3532
18729,1498320000,1498400000,22179,4201
18730,1498400000,1498480000,16482,3613
18731,1498480000,1498560000,13979,2694
18732,1498560000,1498640000,20304,3864
18733,1498640000,1498720000,23282,4220
18734,1498720000,1498800000,17225,3600
18735,1498800000,1498880000,13227,2483
18736,1498880000,1498960000,22023,4070
18737,1498960000,1499040000,23699,4370
18738,1499040000,1499120000,16591,3525
18739,1499120000,1499200000,13090,2413
18740,1499200000,1499280000,21879,4058
18741,1499280000,1499360000,24046,4278
18742,1499360000,1499440000,15933,3405
18743,1499440000,1499520000,13511,2604
18744,1499520000,1499600000,22123,4095
18745,1499600000,1499680000,20363,3934
18746,1499680000,1499760000,16359,3517
18747,1499760000,1499840000,14654,2829
18748,1499840000,1499920000,22190,4087
18749,1499920000,1500000000,19924,3661
18750,1500000000,1500080000,16340,3438
18751,1500080000,1500160000,16969,3178
18752,1500160000,1500240000,23087,4096
18753,1500240000,1500320000,18322,3656
18754,1500320000,1500400000,15914,3207
18755,1500400000,1500480000,17618,3400
18756,1500480000,1500560000,22407,4099
18757,1500560000,1500640000,17882,3633
18758,1500640000,1500720000,15385,3108
18759,1500720000,1500800000,18773,3532
18760,1500800000,1500880000,22833,4202
18761,1500880000,1500960000,16776,3618
18762,1500960000,1501040000,13860,2694
18763,1501040000,1501120000,20376,3866
18764,1501120000,1501200000,23805,4241
18765,1501200000,1501280000,16773,3603
18766,1501280000,1501360000,13621,2483
18767,1501360000,1501440000,22051,4071
18768,1501440000,1501520000,24303,4376
18769,1501520000,1501600000,16591,3524
18770,1501600000,1501680000,13353,2413
18771,1501680000,1501760000,21488,4061
18772,1501760000,1501840000,23287,4289
18773,1501840000,1501920000,16302,3405
18774,1501920000,1502000000,14466,2604
18775,1502000000,1502080000,22387,4094
18776,1502080000,1502160000,20824,3933
18777,1502160000,1502240000,16941,3517
18778,1502240000,1502320000,15139,2829
18779,1502320000,1502400000,22239,4090
18780,1502400000,1502480000,20042,3672
18781,1502480000,1502560000,16832,3438
18782,1502560000,1502640000,17768,3178
18783,1502640000,1502720000,22983,4101
18784,1502720000,1502800000,18747,3663
18785,1502800000,1502880000,16608,3207
18786,1502880000,1502960000,18957,3400
18787,1502960000,1503040000,23252,4102
18788,1503040000,1503120000,18591,3638
18789,1503120000,1503200000,15733,3108
18790,1503200000,1503280000,18544,3532
18791,1503280000,1503360000,23111,4201
18792,1503360000,1503440000,16914,3613
18793,1503440000,1503520000,13899,2694
18794,1503520000,1503600000,20654,3864
18795,1503600000,1503680000,23180,4220
18796,1503680000,1503760000,17170,3600
18797,1503760000,1503840000,13615,2483
18798,1503840000,1503920000,22159,4070
18799,1503920000,1504000000,23570,4370
18800,1504000000,1504080000,16426,3525
18801,1504080000,1504160000,13163,2413
18802,1504160000,1504240000,21854,4058
18803,1504240000,1504320000,23730,4284
18804,1504320000,1504400000,15992,3405
18805,1504400000,1504480000,14067,2604
18806,1504480000,1504560000,23020,4089
18807,1504560000,1504640000,21420,3934
18808,1504640000,1504720000,16744,3517
18809,1504720000,1504800000,15036,2829
18810,1504800000,1504880000,22250,4087
18811,1504880000,1504960000,20102,3661
18812,1504960000,1505040000,16735,3438
18813,1505040000,1505120000,17621,3178
18814,1505120000,1505200000,22504,4099
18815,1505200000,1505280000,17996,3665
18816,1505280000,1505360000,16305,3207
18817,1505360000,1505440000,18643,3400
18818,1505440000,1505520000,23083,4099
18819,1505520000,1505600000,17834,3633
18820,1505600000,1505680000,15947,3108
18821,1505680000,1505760000,19556,3532
18822,1505760000,1505840000,23097,4206
18823,1505840000,1505920000,17418,3618
18824,1505920000,1506000000,13904,2694
18825,1506000000,1506080000,20256,3863
18826,1506080000,1506160000,22881,4226
18827,1506160000,1506240000,16832,3603
18828,1506240000,1506320000,13623,2483
18829,1506320000,1506400000,22132,4077
18830,1506400000,1506480000,24360,4370
18831,1506480000,1506560000,16744,3524
18832,1506560000,1506640000,13394,2413
18833,1506640000,1506720000,21876,4061
18834,1506720000,1506800000,22732,4289
18835,1506800000,1506880000,16325,3405
18836,1506880000,1506960000,14454,2604
18837,1506960000,1507040000,23044,4094
18838,1507040000,1507120000,20708,3933
18839,1507120000,1507200000,17038,3517
18840,1507200000,1507280000,15062,2829
18841,1507280000,1507360000,22478,4090
18842,1507360000,1507440000,20232,3672
18843,1507440000,1507520000,16889,3438
18844,1507520000,1507600000,18109,3178
18845,1507600000,1507680000,23366,4101
18846,1507680000,1507760000,18300,3663
18847,1507760000,1507840000,16374,3207
18848,1507840000,1507920000,18318,3400
18849,1507920000,1508000000,23388,4102
18850,1508000000,1508080000,18081,3638
18851,1508080000,1508160000,15799,3108
18852,1508160000,1508240000,19468,3532
18853,1508240000,1508320000,22850,4207
18854,1508320000,1508400000,16695,3613
18855,1508400000,1508480000,14195,2694
18856,1508480000,1508560000,21292,3864
18857,1508560000,1508640000,23718,4220
18858,1508640000,1508720000,17202,3600
18859,1508720000,1508800000,13541,2483
18860,1508800000,1508880000,21797,4070
18861,1508880000,1508960000,23993,4370
18862,1508960000,1509040000,16523,3525
18863,1509040000,1509120000,13474,2413
18864,1509120000,1509200000,21975,4061
18865,1509200000,1509280000,23153,4293
18866,1509280000,1509360000,16239,3405
18867,1509360000,1509440000,14127,2604
18868,1509440000,1509520000,22211,4089
18869,1509520000,1509600000,20948,3934
18870,1509600000,1509680000,17084,3517
18871,1509680000,1509760000,15158,2829
18872,1509760000,1509840000,22970,4087
18873,1509840000,1509920000,20039,3661
18874,1509920000,1510000000,16787,3438
18875,1510000000,1510080000,17208,3178
18876,1510080000,1510160000,23404,4096
18877,1510160000,1510240000,18254,3656
18878,1510240000,1510320000,16368,3207
18879,1510320000,1510400000,18739,3400
18880,1510400000,1510480000,22774,4099
18881,1510480000,1510560000,17720,3633
18882,1510560000,1510640000,16072,3108
18883,1510640000,1510720000,19530,3532
18884,1510720000,1510800000,23382,4194
18885,1510800000,1510880000,17216,3618
18886,1510880000,1510960000,14201,2694
18887,1510960000,1511040000,21036,3863
18888,1511040000,1511120000,23569,4226
18889,1511120000,1511200000,17347,3603
18890,1511200000,1511280000,13783,2483
18891,1511280000,1511360000,22563,4071
18892,1511360000,1511440000,24490,4370
18893,1511440000,1511520000,16942,3524
18894,1511520000,1511600000,13656,2413
18895,1511600000,1511680000,22106,4061
18896,1511680000,1511760000,23789,4283
18897,1511760000,1511840000,16763,3405
18898,1511840000,1511920000,14785,2604
18899,1511920000,1512000000,22708,4094
18900,1512000000,1512080000,21022,3933
18901,1512080000,1512160000,16989,3517
18902,1512160000,1512240000,15248,2829
18903,1512240000,1512320000,22843,4084
18904,1512320000,1512400000,20012,3672
18905,1512400000,1512480000,16582,3438
18906,1512480000,1512560000,17868,3178
18907,1512560000,1512640000,23580,4101
18908,1512640000,1512720000,18762,3663
18909,1512720000,1512800000,16087,3207
18910,1512800000,1512880000,18609,3400
18911,1512880000,1512960000,23339,4102
18912,1512960000,1513040000,18173,3638
18913,1513040000,1513120000,15883,3108
18914,1513120000,1513200000,19544,3532
18915,1513200000,1513280000,22310,4195
18916,1513280000,1513360000,16935,3613
18917,1513360000,1513440000,13034,2694
18918,1513440000,1513520000,19259,3864
18919,1513520000,1513600000,23291,4220
18920,1513600000,1513680000,16708,3600
18921,1513680000,1513760000,12723,2483
18922,1513760000,1513840000,21065,4076
18923,1513840000,1513920000,24156,4370
18924,1513920000,1514000000,16178,3525
18925,1514000000,1514080000,12577,2413
18926,1514080000,1514160000,21411,4058
18927,1514160000,1514240000,23430,4278
18928,1514240000,1514320000,15611,3405
18929,1514320000,1514400000,13167,2604
18930,1514400000,1514480000,22675,4089
18931,1514480000,1514560000,21171,3934
18932,1514560000,1514640000,16084,3517
18933,1514640000,1514720000,13983,2829
18934,1514720000,1514800000,22110,4087
18935,1514800000,1514880000,20001,3661
18936,1514880000,1514960000,15915,3438
18937,1514960000,1515040000,16827,3178
18938,1515040000,1515120000,22465,4096
18939,1515120000,1515200000,17697,3656
18940,1515200000,1515280000,16040,3207
18941,1515280000,1515360000,18047,3400
18942,1515360000,1515440000,22993,4102
18943,1515440000,1515520000,18305,3642
18944,1515520000,1515600000,15539,3108
18945,1515600000,1515680000,19014,3532
18946,1515680000,1515760000,22881,4194
18947,1515760000,1515840000,17078,3618
18948,1515840000,1515920000,13795,2694
18949,1515920000,1516000000,20472,3863
18950,1516000000,1516080000,23193,4235
18951,1516080000,1516160000,17156,3606
18952,1516160000,1516240000,13301,2483
18953,1516240000,1516320000,21894,4071
18954,1516320000,1516400000,23496,4382
18955,1516400000,1516480000,16649,3524
18956,1516480000,1516560000,12802,2413
18957,1516560000,1516640000,22059,4061
18958,1516640000,1516720000,23188,4283
18959,1516720000,1516800000,15972,3405
18960,1516800000,1516880000,13893,2604
18961,1516880000,1516960000,22858,4094
18962,1516960000,1517040000,20675,3933
18963,1517040000,1517120000,16560,3517
18964,1517120000,1517200000,14373,2829
18965,1517200000,1517280000,22414,4084
18966,1517280000,1517360000,19894,3672
18967,1517360000,1517440000,16198,3438
18968,1517440000,1517520000,17013,3178
18969,1517520000,1517600000,22183,4106
18970,1517600000,1517680000,18282,3672
18971,1517680000,1517760000,15897,3207
18972,1517760000,1517840000,17992,3400
18973,1517840000,1517920000,22945,4102
18974,1517920000,1518000000,17995,3638
18975,1518000000,1518080000,15532,3108
18976,1518080000,1518160000,18877,3532
18977,1518160000,1518240000,23006,4195
18978,1518240000,1518320000,16914,3613
18979,1518320000,1518400000,13798,2694
18980,1518400000,1518480000,20639,3864
18981,1518480000,1518560000,24807,4220
18982,1518560000,1518640000,17423,3600
18983,1518640000,1518720000,13531,2483
18984,1518720000,1518800000,22205,4070
18985,1518800000,1518880000,23184,4370
18986,1518880000,1518960000,16781,3525
18987,1518960000,1519040000,12955,2413
18988,1519040000,1519120000,21778,4058
18989,1519120000,1519200000,23875,4278
18990,1519200000,1519280000,16221,3405
18991,1519280000,1519360000,13760,2604
18992,1519360000,1519440000,23066,4089
18993,1519440000,1519520000,21150,3934
18994,1519520000,1519600000,16608,3517
18995,1519600000,1519680000,14709,2829
18996,1519680000,1519760000,22724,4087
18997,1519760000,1519840000,20232,3661
18998,1519840000,1519920000,16354,3438
18999,1519920000,1520000000,16880,3178
19000,1520000000,1520080000,22280,4096
19001,1520080000,1520160000,18347,3656
19002,1520160000,1520240000,16214,3207
19003,1520240000,1520320000,18377,3400
19004,1520320000,1520400000,23472,4099
19005,1520400000,1520480000,18211,3633
19006,1520480000,1520560000,15792,3108
19007,1520560000,1520640000,19193,3532
19008,1520640000,1520720000,23136,4194
19009,1520720000,1520800000,17012,3618
19010,1520800000,1520880000,13918,2694
19011,1520880000,1520960000,20039,3863
19012,1520960000,1521040000,22591,4235
19013,1521040000,1521120000,16752,3606
19014,1521120000,1521200000,12978,2483
19015,1521200000,1521280000,21602,4071
19016,1521280000,1521360000,24000,4386
19017,1521360000,1521440000,16327,3524
19018,1521440000,1521520000,12862,2413
19019,1521520000,1521600000,21572,4061
19020,1521600000,1521680000,23855,4283
19021,1521680000,1521760000,16089,3405
19022,1521760000,1521840000,13878,2604
19023,1521840000,1521920000,22500,4094
19024,1521920000,1522000000,20864,3933
19025,1522000000,1522080000,16494,3517
19026,1522080000,1522160000,14771,2829
19027,1522160000,1522240000,21985,4084
19028,1522240000,1522320000,19456,3672
19029,1522320000,1522400000,16182,3438
19030,1522400000,1522480000,17297,3178
19031,1522480000,1522560000,23404,4101
19032,1522560000,1522640000,18717,3669
19033,1522640000,1522720000,15901,3207
19034,1522720000,1522800000,17971,3400
19035,1522800000,1522880000,23284,4108
19036,1522880000,1522960000,18397,3638
19037,1522960000,1523040000,15423,3108
19038,1523040000,1523120000,18472,3532
19039,1523120000,1523200000,22278,4195
19040,1523200000,1523280000,16468,3613
19041,1523280000,1523360000,13463,2694
19042,1523360000,1523440000,19726,3864
19043,1523440000,1523520000,22519,4232
19044,1523520000,1523600000,16830,3600
19045,1523600000,1523680000,13059,2483
19046,1523680000,1523760000,21590,4070
19047,1523760000,1523840000,23862,4370
19048,1523840000,1523920000,16379,3525
19049,1523920000,1524000000,12908,2413
19050,1524000000,1524080000,21805,4064
19051,1524080000,1524160000,23463,4284
19052,1524160000,1524240000,15894,3405
19053,1524240000,1524320000,13949,2604
19054,1524320000,1524400000,22500,4089
19055,1524400000,1524480000,20415,3934
19056,1524480000,1524560000,16606,3517
19057,1524560000,1524640000,14562,2829
19058,1524640000,1524720000,21947,4087
19059,1524720000,1524800000,19714,3661
19060,1524800000,1524880000,16480,3438
19061,1524880000,1524960000,17310,3178
19062,1524960000,1525040000,23406,4096
19063,1525040000,1525120000,18704,3656
19064,1525120000,1525200000,16003,3207
19065,1525200000,1525280000,18006,3400
19066,1525280000,1525360000,23441,4099
19067,1525360000,1525440000,17957,3633
19068,1525440000,1525520000,15359,3108
19069,1525520000,1525600000,18770,3532
19070,1525600000,1525680000,22642,4194
19071,1525680000,1525760000,16845,3618
19072,1525760000,1525840000,13756,2694
19073,1525840000,1525920000,20465,3863
19074,1525920000,1526000000,23524,4226
19075,1526000000,1526080000,16853,3603
19076,1526080000,1526160000,13440,2483
19077,1526160000,1526240000,22086,4071
19078,1526240000,1526320000,23922,4370
19079,1526320000,1526400000,16670,3524
19080,1526400000,1526480000,13326,2413
19081,1526480000,1526560000,22200,4061
19082,1526560000,1526640000,24111,4283
19083,1526640000,1526720000,16167,3405
19084,1526720000,1526800000,14384,2604
19085,1526800000,1526880000,22995,4100
19086,1526880000,1526960000,20356,3933
19087,1526960000,1527040000,16779,3517
19088,1527040000,1527120000,14908,2829
19089,1527120000,1527200000,22128,4084
19090,1527200000,1527280000,20083,3672
19091,1527280000,1527360000,16723,3438
19092,1527360000,1527440000,17844,3178
19093,1527440000,1527520000,23552,4101
19094,1527520000,1527600000,18293,3663
19095,1527600000,1527680000,15923,3207
19096,1527680000,1527760000,17815,3400
19097,1527760000,1527840000,22645,4102
19098,1527840000,1527920000,17879,3638
19099,1527920000,1528000000,15514,3108
19100,1528000000,1528080000,18724,3532
19101,1528080000,1528160000,22922,4195
19102,1528160000,1528240000,16307,3613
19103,1528240000,1528320000,13782,2694
19104,1528320000,1528400000,20375,3864
19105,1528400000,1528480000,22483,4220
19106,1528480000,1528560000,17080,3600
19107,1528560000,1528640000,13515,2483
19108,1528640000,1528720000,22417,4073
19109,1528720000,1528800000,24055,4373
19110,1528800000,1528880000,16810,3525
19111,1528880000,1528960000,13403,2413
19112,1528960000,1529040000,21823,4064
19113,1529040000,1529120000,23334,4284
19114,1529120000,1529200000,16338,3405
19115,1529200000,1529280000,14048,2604
19116,1529280000,1529360000,22465,4089
19117,1529360000,1529440000,20326,3934
19118,1529440000,1529520000,17017,3517
19119,1529520000,1529600000,15410,2829
19120,1529600000,1529680000,21678,4087
19121,1529680000,1529760000,18943,3661
19122,1529760000,1529840000,17036,3438
19123,1529840000,1529920000,17521,3178
19124,1529920000,1530000000,23936,4096
19125,1530000000,1530080000,18701,3656
19126,1530080000,1530160000,16381,3207
19127,1530160000,1530240000,18597,3400
19128,1530240000,1530320000,22771,4105
19129,1530320000,1530400000,18036,3633
19130,1530400000,1530480000,15496,3108
19131,1530480000,1530560000,18754,3532
19132,1530560000,1530640000,22957,4206
19133,1530640000,1530720000,16899,3618
19134,1530720000,1530800000,13820,2694
19135,1530800000,1530880000,20464,3863
19136,1530880000,1530960000,23302,4226
19137,1530960000,1531040000,16764,3603
19138,1531040000,1531120000,13297,2483
19139,1531120000,1531200000,21866,4071
19140,1531200000,1531280000,23922,4370
19141,1531280000,1531360000,16576,3524
19142,1531360000,1531440000,13259,2413
19143,1531440000,1531520000,22093,4064
19144,1531520000,1531600000,24497,4286
19145,1531600000,1531680000,16480,3405
19146,1531680000,1531760000,14408,2604
19147,1531760000,1531840000,23289,4094
19148,1531840000,1531920000,20575,3933
19149,1531920000,1532000000,17012,3517
19150,1532000000,1532080000,15301,2829
19151,1532080000,1532160000,22290,4084
19152,1532160000,1532240000,19893,3672
19153,1532240000,1532320000,16559,3438
19154,1532320000,1532400000,17153,3178
19155,1532400000,1532480000,23210,4101
19156,1532480000,1532560000,18583,3669
19157,1532560000,1532640000,16049,3207
19158,1532640000,1532720000,18072,3400
19159,1532720000,1532800000,23151,4102
19160,1532800000,1532880000,18237,3638
19161,1532880000,1532960000,15866,3108
19162,1532960000,1533040000,19247,3532
19163,1533040000,1533120000,22636,4201
19164,1533120000,1533200000,16799,3619
19165,1533200000,1533280000,13701,2694
19166,1533280000,1533360000,20317,3864
19167,1533360000,1533440000,23466,4220
19168,1533440000,1533520000,16852,3600
19169,1533520000,1533600000,13390,2483
19170,1533600000,1533680000,22138,4070
19171,1533680000,1533760000,24644,4370
19172,1533760000,1533840000,16460,3525
19173,1533840000,1533920000,13273,2413
19174,1533920000,1534000000,22133,4058
19175,1534000000,1534080000,23943,4278
19176,1534080000,1534160000,16313,3405
19177,1534160000,1534240000,14296,2604
19178,1534240000,1534320000,22767,4089
19179,1534320000,1534400000,20442,3934
19180,1534400000,1534480000,16781,3517
19181,1534480000,1534560000,14537,2829
19182,1534560000,1534640000,21351,4087
19183,1534640000,1534720000,19193,3661
19184,1534720000,1534800000,16329,3438
19185,1534800000,1534880000,17478,3178
19186,1534880000,1534960000,23194,4096
19187,1534960000,1535040000,18241,3656
19188,1535040000,1535120000,16395,3207
19189,1535120000,1535200000,18747,3400
19190,1535200000,1535280000,23727,4099
19191,1535280000,1535360000,18108,3633
19192,1535360000,1535440000,15901,3108
19193,1535440000,1535520000,19210,3532
19194,1535520000,1535600000,22605,4194
19195,1535600000,1535680000,17121,3624
19196,1535680000,1535760000,13976,2694
19197,1535760000,1535840000,20770,3863
19198,1535840000,1535920000,22623,4226
19199,1535920000,1536000000,17163,3603
19200,1536000000,1536080000,13476,2483
19201,1536080000,1536160000,22023,4071
19202,1536160000,1536240000,24262,4370
19203,1536240000,1536320000,16495,3524
19204,1536320000,1536400000,13297,2413
19205,1536400000,1536480000,21925,4061
19206,1536480000,1536560000,23830,4283
19207,1536560000,1536640000,16204,3405
19208,1536640000,1536720000,14015,2604
19209,1536720000,1536800000,23034,4094
19210,1536800000,1536880000,20938,3933
19211,1536880000,1536960000,16806,3517
19212,1536960000,1537040000,14774,2829
19213,1537040000,1537120000,21653,4084
19214,1537120000,1537200000,19243,3672
19215,1537200000,1537280000,16519,3438
19216,1537280000,1537360000,17144,3178
19217,1537360000,1537440000,23082,4107
19218,1537440000,1537520000,18535,3663
19219,1537520000,1537600000,16217,3207
19220,1537600000,1537680000,18435,3400
19221,1537680000,1537760000,22772,4111
19222,1537760000,1537840000,17357,3641
19223,1537840000,1537920000,15975,3108
19224,1537920000,1538000000,19351,3532
19225,1538000000,1538080000,22518,4195
19226,1538080000,1538160000,16829,3613
19227,1538160000,1538240000,14120,2694
19228,1538240000,1538320000,20821,3864
19229,1538320000,1538400000,23170,4220
19230,1538400000,1538480000,17515,3600
19231,1538480000,1538560000,13859,2483
19232,1538560000,1538640000,22888,4073
19233,1538640000,1538720000,23814,4387
19234,1538720000,1538800000,17007,3525
19235,1538800000,1538880000,13551,2413
19236,1538880000,1538960000,22342,4058
19237,1538960000,1539040000,23927,4278
19238,1539040000,1539120000,16437,3405
19239,1539120000,1539200000,13884,2604
19240,1539200000,1539280000,22920,4089
19241,1539280000,1539360000,20969,3934
19242,1539360000,1539440000,16677,3517
19243,1539440000,1539520000,15053,2829
19244,1539520000,1539600000,22218,4087
19245,1539600000,1539680000,19246,3661
19246,1539680000,1539760000,16727,3438
19247,1539760000,1539840000,17608,3178
19248,1539840000,1539920000,23246,4096
19249,1539920000,1540000000,18226,3656
19250,1540000000,1540080000,16339,3207
19251,1540080000,1540160000,18444,3400
19252,1540160000,1540240000,23113,4099
19253,1540240000,1540320000,17864,3632
19254,1540320000,1540400000,15823,3108
19255,1540400000,1540480000,19450,3532
19256,1540480000,1540560000,22862,4200
19257,1540560000,1540640000,17220,3623
19258,1540640000,1540720000,14165,2694
19259,1540720000,1540800000,21210,3863
19260,1540800000,1540880000,24221,4226
19261,1540880000,1540960000,17500,3602
19262,1540960000,1541040000,13882,2483
19263,1541040000,1541120000,23010,4071
19264,1541120000,1541200000,24468,4370
19265,1541200000,1541280000,16527,3523
19266,1541280000,1541360000,13228,2413
19267,1541360000,1541440000,21351,4061
19268,1541440000,1541520000,23599,4283
19269,1541520000,1541600000,15906,3402
19270,1541600000,1541680000,14062,2604
19271,1541680000,1541760000,22734,4094
19272,1541760000,1541840000,21062,3940
19273,1541840000,1541920000,16448,3513
19274,1541920000,1542000000,14824,2829
19275,1542000000,1542080000,22126,4084
19276,1542080000,1542160000,19144,3669
19277,1542160000,1542240000,16409,3438
19278,1542240000,1542320000,17463,3178
19279,1542320000,1542400000,23747,4107
19280,1542400000,1542480000,18329,3653
19281,1542480000,1542560000,16121,3207
19282,1542560000,1542640000,18508,3400
19283,1542640000,1542720000,22522,4102
19284,1542720000,1542800000,18133,3644
19285,1542800000,1542880000,15718,3108
19286,1542880000,1542960000,18575,3532
19287,1542960000,1543040000,22842,4195
19288,1543040000,1543120000,16803,3613
19289,1543120000,1543200000,13853,2694
19290,1543200000,1543280000,20381,3864
19291,1543280000,1543360000,23030,4226
19292,1543360000,1543440000,17058,3606
19293,1543440000,1543520000,13563,2483
19294,1543520000,1543600000,22126,4070
19295,1543600000,1543680000,24802,4370
19296,1543680000,1543760000,16552,3525
19297,1543760000,1543840000,13106,2413
19298,1543840000,1543920000,21447,4058
19299,1543920000,1544000000,23603,4278
19300,1544000000,1544080000,15944,3405
19301,1544080000,1544160000,13977,2604
19302,1544160000,1544240000,22729,4089
19303,1544240000,1544320000,20967,3934
19304,1544320000,1544400000,16602,3517
19305,1544400000,1544480000,14823,2829
19306,1544480000,1544560000,22134,4087
19307,1544560000,1544640000,19781,3661
19308,1544640000,1544720000,16541,3438
19309,1544720000,1544800000,17261,3178
19310,1544800000,1544880000,22806,4096
19311,1544880000,1544960000,18231,3668
19312,1544960000,1545040000,16196,3207
19313,1545040000,1545120000,18550,3400
19314,1545120000,1545200000,22464,4099
19315,1545200000,1545280000,17805,3633
19316,1545280000,1545360000,16021,3108
19317,1545360000,1545440000,19612,3532
19318,1545440000,1545520000,23130,4194
19319,1545520000,1545600000,17399,3618
19320,1545600000,1545680000,14193,2694
19321,1545680000,1545760000,20656,3863
19322,1545760000,1545840000,23676,4244
19323,1545840000,1545920000,17355,3603
19324,1545920000,1546000000,13756,2483
19325,1546000000,1546080000,22270,4071
19326,1546080000,1546160000,23946,4381
19327,1546160000,1546240000,16858,3527
19328,1546240000,1546320000,13361,2413
19329,1546320000,1546400000,21732,4061
19330,1546400000,1546480000,22859,4283
19331,1546480000,1546560000,16492,3405
19332,1546560000,1546640000,14295,2604
19333,1546640000,1546720000,23022,4094
19334,1546720000,1546800000,20985,3933
19335,1546800000,1546880000,16889,3517
19336,1546880000,1546960000,14749,2829
19337,1546960000,1547040000,21669,4084
19338,1547040000,1547120000,19487,3684
19339,1547120000,1547200000,16499,3438
19340,1547200000,1547280000,17640,3178
19341,1547280000,1547360000,23183,4101
19342,1547360000,1547440000,18835,3663
19343,1547440000,1547520000,16201,3207
19344,1547520000,1547600000,18330,3400
19345,1547600000,1547680000,23544,4102
19346,1547680000,1547760000,18137,3638
19347,1547760000,1547840000,15497,3108
19348,1547840000,1547920000,18691,3532
19349,1547920000,1548000000,22583,4195
19350,1548000000,1548080000,16966,3619
19351,1548080000,1548160000,13640,2694
19352,1548160000,1548240000,20698,3864
19353,1548240000,1548320000,23224,4226
19354,1548320000,1548400000,17126,3600
19355,1548400000,1548480000,13194,2483
19356,1548480000,1548560000,21847,4070
19357,1548560000,1548640000,24216,4370
19358,1548640000,1548720000,16590,3525
19359,1548720000,1548800000,13314,2413
19360,1548800000,1548880000,21538,4058
19361,1548880000,1548960000,23525,4278
19362,1548960000,1549040000,16157,3405
19363,1549040000,1549120000,14124,2604
19364,1549120000,1549200000,22966,4095
19365,1549200000,1549280000,20711,3934
19366,1549280000,1549360000,16703,3517
19367,1549360000,1549440000,15248,2829
19368,1549440000,1549520000,21929,4093
19369,1549520000,1549600000,19908,3661
19370,1549600000,1549680000,16561,3438
19371,1549680000,1549760000,17149,3178
19372,1549760000,1549840000,23175,4096
19373,1549840000,1549920000,18798,3656
19374,1549920000,1550000000,16300,3207
19375,1550000000,1550080000,18743,3400
19376,1550080000,1550160000,22709,4099
19377,1550160000,1550240000,17983,3633
19378,1550240000,1550320000,15728,3108
19379,1550320000,1550400000,19119,3532
19380,1550400000,1550480000,23182,4200
19381,1550480000,1550560000,12822,2860
19382,1550560000,1550640000,7252,2176
19383,1550640000,1550720000,1460,571
