window_index,start_ps,end_ps,toggled_bits,toggle_events
0,0,80000,789599,394584
1,80000,160000,5521,2206
2,160000,240000,7199,2239
3,240000,320000,10427,2549
4,320000,400000,7801,2337
5,400000,480000,10032,2450
6,480000,560000,12338,2418
7,560000,640000,12284,2536
8,640000,720000,10487,2513
9,720000,800000,14573,2769
10,800000,880000,15847,3435
11,880000,960000,12501,2551
12,960000,1040000,18987,3471
13,1040000,1120000,19866,3768
14,1120000,1200000,16155,3483
15,1200000,1280000,12162,2294
16,1280000,1360000,19973,3970
17,1360000,1440000,22334,4215
18,1440000,1520000,15948,3361
19,1520000,1600000,12948,2485
20,1600000,1680000,22431,4002
21,1680000,1760000,20481,3891
22,1760000,1840000,16339,3443
23,1840000,1920000,14058,2733
24,1920000,2000000,19800,3995
25,2000000,2080000,19464,3624
26,2080000,2160000,16053,3364
27,2160000,2240000,16006,3081
28,2240000,2320000,22905,4001
29,2320000,2400000,18038,3610
30,2400000,2480000,15637,3129
31,2480000,2560000,17570,3305
32,2560000,2640000,19910,4005
33,2640000,2720000,17768,3590
34,2720000,2800000,15090,3022
35,2800000,2880000,18306,3437
36,2880000,2960000,22266,4113
37,2960000,3040000,16498,3573
38,3040000,3120000,13031,2584
39,3120000,3200000,19342,3775
40,3200000,3280000,21135,4155
41,3280000,3360000,17056,3559
42,3360000,3440000,12519,2364
43,3440000,3520000,21441,3982
44,3520000,3600000,23433,4301
45,3600000,3680000,16375,3483
46,3680000,3760000,12344,2294
47,3760000,3840000,19639,3971
48,3840000,3920000,21480,4222
49,3920000,4000000,16220,3361
50,4000000,4080000,13437,2485
51,4080000,4160000,22108,4005
52,4160000,4240000,20016,3880
53,4240000,4320000,16492,3443
54,4320000,4400000,14367,2733
55,4400000,4480000,19638,3989
56,4480000,4560000,18515,3620
57,4560000,4640000,16275,3364
58,4640000,4720000,16988,3081
59,4720000,4800000,22320,4012
60,4800000,4880000,18284,3623
61,4880000,4960000,15876,3129
62,4960000,5040000,17645,3305
63,5040000,5120000,20818,4006
64,5120000,5200000,18382,3593
65,5200000,5280000,15473,3022
66,5280000,5360000,18747,3437
67,5360000,5440000,22894,4114
68,5440000,5520000,16579,3568
69,5520000,5600000,13001,2584
70,5600000,5680000,18773,3776
71,5680000,5760000,21319,4155
72,5760000,5840000,17149,3556
73,5840000,5920000,12607,2364
74,5920000,6000000,21589,3981
75,6000000,6080000,24176,4313
76,6080000,6160000,16407,3482
77,6160000,6240000,12528,2294
78,6240000,6320000,20145,3970
79,6320000,6400000,22278,4215
80,6400000,6480000,16178,3361
81,6480000,6560000,13322,2485
82,6560000,6640000,22227,4002
83,6640000,6720000,20601,3885
84,6720000,6800000,16508,3443
85,6800000,6880000,14121,2733
86,6880000,6960000,19285,3992
87,6960000,7040000,19211,3621
88,7040000,7120000,16305,3364
89,7120000,7200000,17073,3081
90,7200000,7280000,22915,4001
91,7280000,7360000,17978,3610
92,7360000,7440000,16109,3129
93,7440000,7520000,18054,3305
94,7520000,7600000,20398,4005
95,7600000,7680000,17993,3596
96,7680000,7760000,15370,3022
97,7760000,7840000,18616,3437
98,7840000,7920000,23219,4107
99,7920000,8000000,17018,3573
100,8000000,8080000,13480,2584
101,8080000,8160000,19952,3775
102,8160000,8240000,21671,4161
103,8240000,8320000,17433,3559
104,8320000,8400000,12959,2364
105,8400000,8480000,21761,3982
106,8480000,8560000,23563,4307
107,8560000,8640000,16840,3483
108,8640000,8720000,12824,2294
109,8720000,8800000,20333,3971
110,8800000,8880000,22571,4222
111,8880000,8960000,16368,3361
112,8960000,9040000,13406,2485
113,9040000,9120000,22443,3999
114,9120000,9200000,20229,3880
115,9200000,9280000,16417,3443
116,9280000,9360000,14042,2733
117,9360000,9440000,19812,3989
118,9440000,9520000,19112,3620
119,9520000,9600000,16171,3364
120,9600000,9680000,16576,3081
121,9680000,9760000,22636,4006
122,9760000,9840000,18159,3617
123,9840000,9920000,15101,3129
124,9920000,10000000,16810,3305
125,10000000,10080000,20402,4006
126,10080000,10160000,17837,3593
127,10160000,10240000,14346,3022
128,10240000,10320000,17656,3437
129,10320000,10400000,22471,4108
130,10400000,10480000,16558,3568
131,10480000,10560000,12587,2584
132,10560000,10640000,18830,3776
133,10640000,10720000,22196,4149
134,10720000,10800000,16880,3556
135,10800000,10880000,12474,2364
136,10880000,10960000,21252,3981
137,10960000,11040000,24226,4307
138,11040000,11120000,16217,3482
139,11120000,11200000,12079,2294
140,11200000,11280000,20069,3970
141,11280000,11360000,22771,4215
142,11360000,11440000,15734,3361
143,11440000,11520000,12635,2485
144,11520000,11600000,21698,4002
145,11600000,11680000,20164,3885
146,11680000,11760000,15887,3443
147,11760000,11840000,13807,2733
148,11840000,11920000,20009,3992
149,11920000,12000000,19718,3627
150,12000000,12080000,15647,3364
151,12080000,12160000,15923,3081
152,12160000,12240000,23182,4007
153,12240000,12320000,18346,3610
154,12320000,12400000,15002,3129
155,12400000,12480000,17215,3305
156,12480000,12560000,20969,4011
157,12560000,12640000,17921,3590
158,12640000,12720000,14703,3022
159,12720000,12800000,18031,3437
160,12800000,12880000,22888,4119
161,12880000,12960000,16829,3573
162,12960000,13040000,12752,2584
163,13040000,13120000,19181,3775
164,13120000,13200000,21634,4158
165,13200000,13280000,16950,3562
166,13280000,13360000,12554,2364
167,13360000,13440000,21473,3982
168,13440000,13520000,23958,4301
169,13520000,13600000,16343,3483
170,13600000,13680000,12484,2294
171,13680000,13760000,20440,3971
172,13760000,13840000,22786,4222
173,13840000,13920000,16205,3361
174,13920000,14000000,13512,2485
175,14000000,14080000,22266,3999
176,14080000,14160000,20086,3880
177,14160000,14240000,16358,3443
178,14240000,14320000,14344,2733
179,14320000,14400000,20399,3989
180,14400000,14480000,19242,3620
181,14480000,14560000,15730,3364
182,14560000,14640000,16623,3081
183,14640000,14720000,22754,4006
184,14720000,14800000,18266,3623
185,14800000,14880000,15256,3129
186,14880000,14960000,17152,3305
187,14960000,15040000,21238,4006
188,15040000,15120000,18133,3593
189,15120000,15200000,14541,3022
190,15200000,15280000,17722,3437
191,15280000,15360000,22883,4114
192,15360000,15440000,16650,3568
193,15440000,15520000,12653,2584
194,15520000,15600000,18903,3776
195,15600000,15680000,21458,4149
196,15680000,15760000,16851,3556
197,15760000,15840000,12535,2364
198,15840000,15920000,21054,3981
199,15920000,16000000,24083,4307
200,16000000,16080000,16139,3482
201,16080000,16160000,12316,2294
202,16160000,16240000,20050,3970
203,16240000,16320000,22302,4221
204,16320000,16400000,15939,3361
205,16400000,16480000,13355,2485
206,16480000,16560000,22368,4002
207,16560000,16640000,20452,3885
208,16640000,16720000,16304,3443
209,16720000,16800000,14124,2733
210,16800000,16880000,19884,3992
211,16880000,16960000,19298,3621
212,16960000,17040000,16046,3364
213,17040000,17120000,16758,3081
214,17120000,17200000,22876,4007
215,17200000,17280000,18209,3610
216,17280000,17360000,15392,3129
217,17360000,17440000,17596,3305
218,17440000,17520000,20733,4005
219,17520000,17600000,17987,3590
220,17600000,17680000,14922,3022
221,17680000,17760000,18419,3437
222,17760000,17840000,22623,4107
223,17840000,17920000,16941,3573
224,17920000,18000000,13015,2584
225,18000000,18080000,19596,3775
226,18080000,18160000,21772,4155
227,18160000,18240000,17270,3559
228,18240000,18320000,12986,2364
229,18320000,18400000,22171,3988
230,18400000,18480000,24263,4301
231,18480000,18560000,16585,3483
232,18560000,18640000,12675,2294
233,18640000,18720000,20235,3971
234,18720000,18800000,22644,4228
235,18800000,18880000,16031,3361
236,18880000,18960000,13504,2485
237,18960000,19040000,22382,3999
238,19040000,19120000,20536,3886
239,19120000,19200000,16309,3443
240,19200000,19280000,14358,2733
241,19280000,19360000,20302,3989
242,19360000,19440000,19242,3620
243,19440000,19520000,16133,3364
244,19520000,19600000,17058,3081
245,19600000,19680000,22634,4006
246,19680000,19760000,18317,3617
247,19760000,19840000,14980,3129
248,19840000,19920000,16307,3305
249,19920000,20000000,20848,4015
250,20000000,20080000,17906,3596
251,20080000,20160000,14351,3022
252,20160000,20240000,17388,3437
253,20240000,20320000,23073,4108
254,20320000,20400000,16338,3568
255,20400000,20480000,12616,2584
256,20480000,20560000,18959,3776
257,20560000,20640000,21388,4149
258,20640000,20720000,17030,3556
259,20720000,20800000,12363,2364
260,20800000,20880000,21366,3981
261,20880000,20960000,23741,4313
262,20960000,21040000,16105,3482
263,21040000,21120000,12128,2294
264,21120000,21200000,20257,3970
265,21200000,21280000,22526,4221
266,21280000,21360000,15798,3361
267,21360000,21440000,12956,2485
268,21440000,21520000,22417,4002
269,21520000,21600000,20448,3885
270,21600000,21680000,16078,3443
271,21680000,21760000,14041,2733
272,21760000,21840000,20045,3992
273,21840000,21920000,19356,3621
274,21920000,22000000,15926,3364
275,22000000,22080000,15719,3081
276,22080000,22160000,22926,4001
277,22160000,22240000,18149,3610
278,22240000,22320000,15227,3129
279,22320000,22400000,16997,3305
280,22400000,22480000,20162,4005
281,22480000,22560000,17753,3590
282,22560000,22640000,14582,3022
283,22640000,22720000,17580,3437
284,22720000,22800000,22315,4107
285,22800000,22880000,16275,3573
286,22880000,22960000,12831,2584
287,22960000,23040000,18888,3775
288,23040000,23120000,21423,4155
289,23120000,23200000,16891,3559
290,23200000,23280000,12173,2364
291,23280000,23360000,21022,3982
292,23360000,23440000,23689,4301
293,23440000,23520000,16144,3483
294,23520000,23600000,12013,2294
295,23600000,23680000,19841,3971
296,23680000,23760000,22782,4228
297,23760000,23840000,16103,3361
298,23840000,23920000,13172,2485
299,23920000,24000000,22030,3999
300,24000000,24080000,20108,3880
301,24080000,24160000,16335,3443
302,24160000,24240000,14182,2733
303,24240000,24320000,20005,3989
304,24320000,24400000,18980,3620
305,24400000,24480000,15950,3364
306,24480000,24560000,16211,3081
307,24560000,24640000,22587,4006
308,24640000,24720000,18209,3617
309,24720000,24800000,15495,3129
310,24800000,24880000,17116,3305
311,24880000,24960000,20691,4006
312,24960000,25040000,18246,3593
313,25040000,25120000,15012,3022
314,25120000,25200000,18277,3437
315,25200000,25280000,22166,4108
316,25280000,25360000,16811,3568
317,25360000,25440000,12661,2584
318,25440000,25520000,19184,3776
319,25520000,25600000,22154,4149
320,25600000,25680000,17018,3556
321,25680000,25760000,12377,2364
322,25760000,25840000,21167,3981
323,25840000,25920000,24181,4307
324,25920000,26000000,16096,3482
325,26000000,26080000,12093,2294
326,26080000,26160000,20238,3970
327,26160000,26240000,23096,4215
328,26240000,26320000,15952,3361
329,26320000,26400000,13149,2485
330,26400000,26480000,22116,4002
331,26480000,26560000,20025,3885
332,26560000,26640000,16255,3443
333,26640000,26720000,13611,2733
334,26720000,26800000,19657,3998
335,26800000,26880000,19207,3621
336,26880000,26960000,15771,3364
337,26960000,27040000,16470,3081
338,27040000,27120000,22790,4007
339,27120000,27200000,17922,3616
340,27200000,27280000,15659,3129
341,27280000,27360000,17737,3305
342,27360000,27440000,21205,4005
343,27440000,27520000,18301,3590
344,27520000,27600000,15316,3022
345,27600000,27680000,18564,3437
346,27680000,27760000,22902,4107
347,27760000,27840000,16822,3573
348,27840000,27920000,13181,2584
349,27920000,28000000,19803,3775
350,28000000,28080000,22122,4167
351,28080000,28160000,17130,3559
352,28160000,28240000,12600,2364
353,28240000,28320000,21404,3982
354,28320000,28400000,23351,4301
355,28400000,28480000,16250,3483
356,28480000,28560000,12433,2294
357,28560000,28640000,20425,3971
358,28640000,28720000,23255,4222
359,28720000,28800000,15923,3361
360,28800000,28880000,13250,2485
361,28880000,28960000,22485,3999
362,28960000,29040000,20569,3880
363,29040000,29120000,16281,3443
364,29120000,29200000,14057,2733
365,29200000,29280000,20696,3989
366,29280000,29360000,19366,3620
367,29360000,29440000,15753,3364
368,29440000,29520000,15828,3081
369,29520000,29600000,22446,4006
370,29600000,29680000,18552,3617
371,29680000,29760000,15120,3129
372,29760000,29840000,17018,3305
373,29840000,29920000,21344,4006
374,29920000,30000000,18109,3593
375,30000000,30080000,14664,3022
376,30080000,30160000,17942,3437
377,30160000,30240000,23087,4108
378,30240000,30320000,16546,3568
379,30320000,30400000,12764,2584
380,30400000,30480000,19109,3776
381,30480000,30560000,21872,4149
382,30560000,30640000,17308,3556
383,30640000,30720000,12450,2364
384,30720000,30800000,21690,3981
385,30800000,30880000,24287,4307
386,30880000,30960000,16312,3482
387,30960000,31040000,12058,2294
388,31040000,31120000,19613,3970
389,31120000,31200000,22370,4221
390,31200000,31280000,15704,3361
391,31280000,31360000,12443,2485
392,31360000,31440000,22004,4002
393,31440000,31520000,20554,3885
394,31520000,31600000,15802,3443
395,31600000,31680000,13610,2733
396,31680000,31760000,20044,3992
397,31760000,31840000,19384,3621
398,31840000,31920000,15813,3364
399,31920000,32000000,16029,3081
400,32000000,32080000,22974,4001
401,32080000,32160000,18172,3610
402,32160000,32240000,15130,3129
403,32240000,32320000,16700,3305
404,32320000,32400000,20924,4005
405,32400000,32480000,18024,3590
406,32480000,32560000,14591,3022
407,32560000,32640000,17905,3437
408,32640000,32720000,23527,4107
409,32720000,32800000,16497,3573
410,32800000,32880000,12734,2584
411,32880000,32960000,18993,3775
412,32960000,33040000,21825,4155
413,33040000,33120000,17010,3559
414,33120000,33200000,12507,2364
415,33200000,33280000,21520,3982
416,33280000,33360000,24377,4301
417,33360000,33440000,16285,3483
418,33440000,33520000,12073,2294
419,33520000,33600000,19754,3971
420,33600000,33680000,22611,4222
421,33680000,33760000,15885,3361
422,33760000,33840000,12959,2485
423,33840000,33920000,22223,3999
424,33920000,34000000,20312,3880
425,34000000,34080000,16216,3443
426,34080000,34160000,13936,2733
427,34160000,34240000,20534,3989
428,34240000,34320000,19415,3626
429,34320000,34400000,15997,3364
430,34400000,34480000,16444,3081
431,34480000,34560000,22967,4006
432,34560000,34640000,18367,3617
433,34640000,34720000,15463,3129
434,34720000,34800000,17589,3305
435,34800000,34880000,20666,4006
436,34880000,34960000,18180,3593
437,34960000,35040000,14949,3022
438,35040000,35120000,17918,3437
439,35120000,35200000,23305,4120
440,35200000,35280000,16829,3568
441,35280000,35360000,12961,2584
442,35360000,35440000,19499,3776
443,35440000,35520000,21894,4149
444,35520000,35600000,17298,3556
445,35600000,35680000,12548,2364
446,35680000,35760000,21676,3981
447,35760000,35840000,24361,4307
448,35840000,35920000,16464,3482
449,35920000,36000000,12269,2294
450,36000000,36080000,20055,3970
451,36080000,36160000,22586,4215
452,36160000,36240000,16087,3361
453,36240000,36320000,13021,2485
454,36320000,36400000,22659,4002
455,36400000,36480000,20549,3885
456,36480000,36560000,16417,3443
457,36560000,36640000,14095,2733
458,36640000,36720000,19272,3998
459,36720000,36800000,19375,3627
460,36800000,36880000,16023,3364
461,36880000,36960000,16230,3081
462,36960000,37040000,23335,4001
463,37040000,37120000,18216,3610
464,37120000,37200000,15320,3129
465,37200000,37280000,17491,3305
466,37280000,37360000,20723,4005
467,37360000,37440000,18200,3590
468,37440000,37520000,14984,3022
469,37520000,37600000,18608,3437
470,37600000,37680000,23322,4107
471,37680000,37760000,16809,3579
472,37760000,37840000,12960,2584
473,37840000,37920000,19287,3775
474,37920000,38000000,22135,4155
475,38000000,38080000,17210,3559
476,38080000,38160000,12678,2364
477,38160000,38240000,21994,3982
478,38240000,38320000,24558,4301
479,38320000,38400000,16471,3483
480,38400000,38480000,11988,2294
481,38480000,38560000,20370,3971
482,38560000,38640000,23028,4222
483,38640000,38720000,16192,3361
484,38720000,38800000,13004,2485
485,38800000,38880000,22777,4001
486,38880000,38960000,20891,3888
487,38960000,39040000,16410,3443
488,39040000,39120000,13572,2733
489,39120000,39200000,20639,3989
490,39200000,39280000,19812,3620
491,39280000,39360000,15966,3364
492,39360000,39440000,16501,3081
493,39440000,39520000,23014,4012
494,39520000,39600000,18507,3617
495,39600000,39680000,15620,3129
496,39680000,39760000,17226,3305
497,39760000,39840000,21314,4006
498,39840000,39920000,17918,3593
499,39920000,40000000,15086,3022
500,40000000,40080000,18428,3437
501,40080000,40160000,23352,4108
502,40160000,40240000,16710,3568
503,40240000,40320000,13198,2584
504,40320000,40400000,19810,3776
505,40400000,40480000,22139,4149
506,40480000,40560000,17393,3556
507,40560000,40640000,12544,2364
508,40640000,40720000,21481,3981
509,40720000,40800000,24552,4307
510,40800000,40880000,16594,3482
511,40880000,40960000,12567,2294
512,40960000,41040000,20530,3970
513,41040000,41120000,23120,4215
514,41120000,41200000,16300,3361
515,41200000,41280000,13044,2485
516,41280000,41360000,22867,4002
517,41360000,41440000,20954,3885
518,41440000,41520000,16560,3443
519,41520000,41600000,14237,2733
520,41600000,41680000,20332,3992
521,41680000,41760000,19739,3621
522,41760000,41840000,16198,3364
523,41840000,41920000,16028,3081
524,41920000,42000000,23239,4001
525,42000000,42080000,18585,3610
526,42080000,42160000,15670,3129
527,42160000,42240000,17570,3305
528,42240000,42320000,20865,4014
529,42320000,42400000,17831,3593
530,42400000,42480000,15101,3022
531,42480000,42560000,18215,3437
532,42560000,42640000,23023,4107
533,42640000,42720000,16581,3573
534,42720000,42800000,13174,2584
535,42800000,42880000,19599,3775
536,42880000,42960000,22308,4155
537,42960000,43040000,17211,3559
538,43040000,43120000,12619,2364
539,43120000,43200000,21637,3982
540,43200000,43280000,24206,4307
541,43280000,43360000,16542,3483
542,43360000,43440000,12198,2294
543,43440000,43520000,20319,3971
544,43520000,43600000,23074,4222
545,43600000,43680000,16444,3361
546,43680000,43760000,13426,2485
547,43760000,43840000,22610,3999
548,43840000,43920000,20578,3880
549,43920000,44000000,16826,3443
550,44000000,44080000,14542,2733
551,44080000,44160000,20642,3989
552,44160000,44240000,19241,3620
553,44240000,44320000,16544,3364
554,44320000,44400000,16847,3081
555,44400000,44480000,22695,4018
556,44480000,44560000,18399,3617
557,44560000,44640000,15783,3129
558,44640000,44720000,17343,3305
559,44720000,44800000,21133,4006
560,44800000,44880000,18410,3593
561,44880000,44960000,15232,3022
562,44960000,45040000,18514,3437
563,45040000,45120000,22836,4108
564,45120000,45200000,16818,3568
565,45200000,45280000,13187,2584
566,45280000,45360000,19293,3776
567,45360000,45440000,21825,4149
568,45440000,45520000,17347,3556
569,45520000,45600000,12313,2364
570,45600000,45680000,21467,3981
571,45680000,45760000,24460,4307
572,45760000,45840000,16235,3482
573,45840000,45920000,12105,2294
574,45920000,46000000,20215,3970
575,46000000,46080000,22810,4215
576,46080000,46160000,16041,3361
577,46160000,46240000,13085,2485
578,46240000,46320000,22740,4002
579,46320000,46400000,21064,3885
580,46400000,46480000,16303,3443
581,46480000,46560000,13958,2733
582,46560000,46640000,19678,3992
583,46640000,46720000,19175,3627
584,46720000,46800000,15999,3364
585,46800000,46880000,16827,3081
586,46880000,46960000,22926,4001
587,46960000,47040000,18231,3610
588,47040000,47120000,15729,3129
589,47120000,47200000,18106,3305
590,47200000,47280000,21142,4011
591,47280000,47360000,18277,3590
592,47360000,47440000,15093,3022
593,47440000,47520000,18732,3437
594,47520000,47600000,23231,4107
595,47600000,47680000,17049,3573
596,47680000,47760000,13320,2584
597,47760000,47840000,20026,3775
598,47840000,47920000,22319,4155
599,47920000,48000000,17390,3559
600,48000000,48080000,12396,2364
601,48080000,48160000,21467,3982
602,48160000,48240000,23981,4301
603,48240000,48320000,16380,3483
604,48320000,48400000,12244,2294
605,48400000,48480000,20345,3971
606,48480000,48560000,22946,4222
607,48560000,48640000,16088,3361
608,48640000,48720000,13176,2485
609,48720000,48800000,22746,3999
610,48800000,48880000,20702,3880
611,48880000,48960000,16463,3443
612,48960000,49040000,13970,2733
613,49040000,49120000,20072,3989
614,49120000,49200000,19313,3620
615,49200000,49280000,16133,3364
616,49280000,49360000,16680,3081
617,49360000,49440000,22785,4012
618,49440000,49520000,18252,3623
619,49520000,49600000,15628,3129
620,49600000,49680000,17794,3305
621,49680000,49760000,21110,4006
622,49760000,49840000,18119,3593
623,49840000,49920000,15128,3022
624,49920000,50000000,18459,3437
625,50000000,50080000,22681,4108
626,50080000,50160000,16556,3568
627,50160000,50240000,12998,2584
628,50240000,50320000,19545,3776
629,50320000,50400000,21950,4161
630,50400000,50480000,17277,3556
631,50480000,50560000,12827,2364
632,50560000,50640000,22276,3981
633,50640000,50720000,24390,4307
634,50720000,50800000,16645,3482
635,50800000,50880000,12546,2294
636,50880000,50960000,20117,3970
637,50960000,51040000,22234,4215
638,51040000,51120000,16334,3361
639,51120000,51200000,13203,2485
640,51200000,51280000,22375,4002
641,51280000,51360000,19993,3885
642,51360000,51440000,16515,3443
643,51440000,51520000,14573,2733
644,51520000,51600000,20006,3992
645,51600000,51680000,18976,3621
646,51680000,51760000,16421,3364
647,51760000,51840000,16741,3081
648,51840000,51920000,23360,4001
649,51920000,52000000,18304,3610
650,52000000,52080000,15879,3129
651,52080000,52160000,18034,3305
652,52160000,52240000,20549,4005
653,52240000,52320000,18077,3590
654,52320000,52400000,15182,3022
655,52400000,52480000,18803,3437
656,52480000,52560000,23742,4107
657,52560000,52640000,16707,3573
658,52640000,52720000,12891,2584
659,52720000,52800000,18700,3775
660,52800000,52880000,21783,4155
661,52880000,52960000,16532,3559
662,52960000,53040000,12516,2364
663,53040000,53120000,20994,3982
664,53120000,53200000,23801,4301
665,53200000,53280000,16039,3483
666,53280000,53360000,12453,2294
667,53360000,53440000,19855,3971
668,53440000,53520000,22930,4232
669,53520000,53600000,15868,3361
670,53600000,53680000,13107,2485
671,53680000,53760000,21764,3999
672,53760000,53840000,20222,3880
673,53840000,53920000,16172,3443
674,53920000,54000000,13975,2733
675,54000000,54080000,20501,3989
676,54080000,54160000,18800,3620
677,54160000,54240000,15968,3364
678,54240000,54320000,16429,3081
679,54320000,54400000,22125,4006
680,54400000,54480000,18278,3617
681,54480000,54560000,15306,3129
682,54560000,54640000,17012,3305
683,54640000,54720000,20666,4006
684,54720000,54800000,18032,3593
685,54800000,54880000,14721,3022
686,54880000,54960000,17741,3437
687,54960000,55040000,22751,4108
688,55040000,55120000,16566,3568
689,55120000,55200000,12863,2584
690,55200000,55280000,18978,3776
691,55280000,55360000,21165,4149
692,55360000,55440000,16788,3556
693,55440000,55520000,12575,2364
694,55520000,55600000,21042,3981
695,55600000,55680000,23845,4307
696,55680000,55760000,16029,3482
697,55760000,55840000,12261,2294
698,55840000,55920000,19835,3970
699,55920000,56000000,22015,4215
700,56000000,56080000,15810,3361
701,56080000,56160000,13230,2485
702,56160000,56240000,22110,4002
703,56240000,56320000,20518,3885
704,56320000,56400000,16287,3443
705,56400000,56480000,14128,2733
706,56480000,56560000,20144,3992
707,56560000,56640000,19268,3621
708,56640000,56720000,15964,3364
709,56720000,56800000,16524,3081
710,56800000,56880000,22726,4007
711,56880000,56960000,18208,3610
712,56960000,57040000,15384,3129
713,57040000,57120000,17038,3305
714,57120000,57200000,20462,4017
715,57200000,57280000,17482,3590
716,57280000,57360000,14920,3022
717,57360000,57440000,17930,3437
718,57440000,57520000,22208,4119
719,57520000,57600000,16561,3573
720,57600000,57680000,13050,2584
721,57680000,57760000,19088,3775
722,57760000,57840000,21498,4155
723,57840000,57920000,16922,3559
724,57920000,58000000,12775,2364
725,58000000,58080000,21502,3982
726,58080000,58160000,23387,4301
727,58160000,58240000,16196,3483
728,58240000,58320000,12200,2294
729,58320000,58400000,19847,3971
730,58400000,58480000,22492,4222
731,58480000,58560000,15873,3361
732,58560000,58640000,13137,2485
733,58640000,58720000,21935,3999
734,58720000,58800000,20122,3880
735,58800000,58880000,16283,3443
736,58880000,58960000,13488,2733
737,58960000,59040000,20118,3995
738,59040000,59120000,18951,3620
739,59120000,59200000,15726,3364
740,59200000,59280000,15964,3081
741,59280000,59360000,22174,4006
742,59360000,59440000,18411,3617
743,59440000,59520000,14863,3129
744,59520000,59600000,16421,3305
745,59600000,59680000,20861,4006
746,59680000,59760000,17854,3593
747,59760000,59840000,14399,3022
748,59840000,59920000,17428,3437
749,59920000,60000000,22439,4108
750,60000000,60080000,16439,3568
751,60080000,60160000,12639,2584
752,60160000,60240000,18880,3776
753,60240000,60320000,21011,4149
754,60320000,60400000,17020,3556
755,60400000,60480000,12414,2364
756,60480000,60560000,21190,3981
757,60560000,60640000,23531,4307
758,60640000,60720000,16308,3482
759,60720000,60800000,12347,2294
760,60800000,60880000,20012,3970
761,60880000,60960000,22444,4215
762,60960000,61040000,16017,3361
763,61040000,61120000,12932,2485
764,61120000,61200000,22165,4002
765,61200000,61280000,20544,3891
766,61280000,61360000,16183,3443
767,61360000,61440000,13902,2733
768,61440000,61520000,20052,3992
769,61520000,61600000,18856,3621
770,61600000,61680000,16008,3364
771,61680000,61760000,15801,3081
772,61760000,61840000,23033,4001
773,61840000,61920000,18073,3610
774,61920000,62000000,15637,3129
775,62000000,62080000,17279,3305
776,62080000,62160000,20078,4005
777,62160000,62240000,17533,3590
778,62240000,62320000,14932,3022
779,62320000,62400000,17894,3437
780,62400000,62480000,22885,4107
781,62480000,62560000,16408,3573
782,62560000,62640000,13025,2584
783,62640000,62720000,18924,3775
784,62720000,62800000,21679,4155
785,62800000,62880000,16975,3559
786,62880000,62960000,12660,2364
787,62960000,63040000,21368,3982
788,63040000,63120000,23636,4301
789,63120000,63200000,16469,3483
790,63200000,63280000,12563,2294
791,63280000,63360000,20016,3971
792,63360000,63440000,22380,4222
793,63440000,63520000,16218,3361
794,63520000,63600000,13304,2485
795,63600000,63680000,22822,3999
796,63680000,63760000,20650,3880
797,63760000,63840000,16134,3443
798,63840000,63920000,13892,2733
799,63920000,64000000,20358,3989
800,64000000,64080000,18926,3620
801,64080000,64160000,15838,3364
802,64160000,64240000,16253,3081
803,64240000,64320000,22424,4006
804,64320000,64400000,18106,3617
805,64400000,64480000,15427,3129
806,64480000,64560000,17051,3305
807,64560000,64640000,20270,4015
808,64640000,64720000,17915,3596
809,64720000,64800000,14970,3022
810,64800000,64880000,18069,3437
811,64880000,64960000,23158,4108
812,64960000,65040000,16711,3568
813,65040000,65120000,12804,2584
814,65120000,65200000,18902,3776
815,65200000,65280000,21842,4149
816,65280000,65360000,16909,3556
817,65360000,65440000,12641,2364
818,65440000,65520000,21396,3981
819,65520000,65600000,24126,4313
820,65600000,65680000,16209,3482
821,65680000,65760000,12245,2294
822,65760000,65840000,20480,3970
823,65840000,65920000,22874,4215
824,65920000,66000000,15992,3361
825,66000000,66080000,13149,2485
826,66080000,66160000,22413,4002
827,66160000,66240000,20571,3885
828,66240000,66320000,16156,3443
829,66320000,66400000,13095,2733
830,66400000,66480000,19503,3992
831,66480000,66560000,18826,3621
832,66560000,66640000,15510,3364
833,66640000,66720000,15916,3081
834,66720000,66800000,22302,4001
835,66800000,66880000,18003,3610
836,66880000,66960000,15418,3129
837,66960000,67040000,17139,3305
838,67040000,67120000,20262,4005
839,67120000,67200000,17781,3590
840,67200000,67280000,14985,3022
841,67280000,67360000,18147,3437
842,67360000,67440000,22980,4107
843,67440000,67520000,16805,3579
844,67520000,67600000,13376,2584
845,67600000,67680000,19597,3775
846,67680000,67760000,21473,4155
847,67760000,67840000,17081,3559
848,67840000,67920000,13003,2364
849,67920000,68000000,21376,3982
850,68000000,68080000,23589,4301
851,68080000,68160000,16314,3483
852,68160000,68240000,12463,2294
853,68240000,68320000,20203,3971
854,68320000,68400000,22655,4222
855,68400000,68480000,15939,3361
856,68480000,68560000,13225,2485
857,68560000,68640000,22335,3999
858,68640000,68720000,20438,3880
859,68720000,68800000,16472,3443
860,68800000,68880000,14153,2733
861,68880000,68960000,20151,3989
862,68960000,69040000,18659,3620
863,69040000,69120000,15947,3364
864,69120000,69200000,16175,3081
865,69200000,69280000,22908,4012
866,69280000,69360000,18450,3617
867,69360000,69440000,15311,3129
868,69440000,69520000,17412,3305
869,69520000,69600000,21204,4012
870,69600000,69680000,17652,3593
871,69680000,69760000,15163,3022
872,69760000,69840000,18450,3437
873,69840000,69920000,22569,4108
874,69920000,70000000,16664,3568
875,70000000,70080000,13352,2584
876,70080000,70160000,19518,3776
877,70160000,70240000,21515,4149
878,70240000,70320000,17193,3556
879,70320000,70400000,12718,2364
880,70400000,70480000,21305,3981
881,70480000,70560000,23607,4307
882,70560000,70640000,16452,3482
883,70640000,70720000,12609,2294
884,70720000,70800000,20416,3970
885,70800000,70880000,22472,4215
886,70880000,70960000,16123,3361
887,70960000,71040000,13040,2485
888,71040000,71120000,22379,4002
889,71120000,71200000,20270,3885
890,71200000,71280000,16333,3443
891,71280000,71360000,14275,2733
892,71360000,71440000,20405,3992
893,71440000,71520000,19454,3627
894,71520000,71600000,16255,3364
895,71600000,71680000,16616,3081
896,71680000,71760000,23374,4007
897,71760000,71840000,18245,3616
898,71840000,71920000,15555,3129
899,71920000,72000000,17254,3305
900,72000000,72080000,20492,4005
901,72080000,72160000,17746,3590
902,72160000,72240000,15083,3022
903,72240000,72320000,18340,3437
904,72320000,72400000,22551,4107
905,72400000,72480000,16596,3573
906,72480000,72560000,13107,2584
907,72560000,72640000,19270,3775
908,72640000,72720000,21393,4167
909,72720000,72800000,16875,3559
910,72800000,72880000,12977,2364
911,72880000,72960000,21721,3982
912,72960000,73040000,24352,4301
913,73040000,73120000,16388,3483
914,73120000,73200000,12685,2294
915,73200000,73280000,20363,3971
916,73280000,73360000,22381,4222
917,73360000,73440000,16202,3361
918,73440000,73520000,13630,2485
919,73520000,73600000,22305,3999
920,73600000,73680000,20578,3880
921,73680000,73760000,16549,3443
922,73760000,73840000,14347,2733
923,73840000,73920000,20623,3989
924,73920000,74000000,19328,3620
925,74000000,74080000,16294,3364
926,74080000,74160000,16973,3081
927,74160000,74240000,22873,4006
928,74240000,74320000,18502,3617
929,74320000,74400000,15882,3129
930,74400000,74480000,18147,3305
931,74480000,74560000,21389,4006
932,74560000,74640000,18328,3593
933,74640000,74720000,14972,3022
934,74720000,74800000,17566,3437
935,74800000,74880000,22878,4108
936,74880000,74960000,16514,3568
937,74960000,75040000,12832,2584
938,75040000,75120000,19196,3776
939,75120000,75200000,21942,4149
940,75200000,75280000,16892,3556
941,75280000,75360000,12795,2364
942,75360000,75440000,21412,3981
943,75440000,75520000,24304,4307
944,75520000,75600000,16138,3482
945,75600000,75680000,12188,2294
946,75680000,75760000,19844,3970
947,75760000,75840000,22431,4215
948,75840000,75920000,15752,3361
949,75920000,76000000,12951,2485
950,76000000,76080000,22222,4002
951,76080000,76160000,20767,3885
952,76160000,76240000,16156,3443
953,76240000,76320000,13966,2733
954,76320000,76400000,20023,3995
955,76400000,76480000,19334,3624
956,76480000,76560000,16059,3364
957,76560000,76640000,16469,3081
958,76640000,76720000,22857,4001
959,76720000,76800000,18335,3610
960,76800000,76880000,15513,3129
961,76880000,76960000,17305,3305
962,76960000,77040000,21245,4005
963,77040000,77120000,17915,3590
964,77120000,77200000,14971,3022
965,77200000,77280000,18389,3437
966,77280000,77360000,22942,4107
967,77360000,77440000,16689,3573
968,77440000,77520000,12983,2584
969,77520000,77600000,18854,3775
970,77600000,77680000,21905,4155
971,77680000,77760000,16994,3559
972,77760000,77840000,12795,2364
973,77840000,77920000,21559,3982
974,77920000,78000000,24183,4301
975,78000000,78080000,16272,3483
976,78080000,78160000,12296,2294
977,78160000,78240000,20248,3971
978,78240000,78320000,22663,4222
979,78320000,78400000,16117,3361
980,78400000,78480000,13362,2485
981,78480000,78560000,22414,3999
982,78560000,78640000,20402,3880
983,78640000,78720000,16555,3443
984,78720000,78800000,14113,2733
985,78800000,78880000,19963,3989
986,78880000,78960000,19280,3620
987,78960000,79040000,16343,3364
988,79040000,79120000,17051,3081
989,79120000,79200000,23190,4012
990,79200000,79280000,18340,3617
991,79280000,79360000,15773,3129
992,79360000,79440000,17407,3305
993,79440000,79520000,20309,4006
994,79520000,79600000,18062,3593
995,79600000,79680000,15175,3022
996,79680000,79760000,18493,3437
997,79760000,79840000,22784,4120
998,79840000,79920000,16412,3568
999,79920000,80000000,13419,2584
1000,80000000,80080000,19626,3776
1001,80080000,80160000,21386,4149
1002,80160000,80240000,17210,3556
1003,80240000,80320000,12667,2364
1004,80320000,80400000,21204,3981
1005,80400000,80480000,24217,4307
1006,80480000,80560000,16308,3482
1007,80560000,80640000,12600,2294
1008,80640000,80720000,20228,3970
1009,80720000,80800000,22586,4215
1010,80800000,80880000,16300,3361
1011,80880000,80960000,13398,2485
1012,80960000,81040000,22825,4002
1013,81040000,81120000,21004,3885
1014,81120000,81200000,16708,3443
1015,81200000,81280000,14336,2733
1016,81280000,81360000,20440,3992
1017,81360000,81440000,19558,3621
1018,81440000,81520000,16054,3364
1019,81520000,81600000,15791,3081
1020,81600000,81680000,23004,4001
1021,81680000,81760000,18413,3610
1022,81760000,81840000,15269,3129
1023,81840000,81920000,17379,3305
1024,81920000,82000000,20595,4005
1025,82000000,82080000,17524,3590
1026,82080000,82160000,14737,3022
1027,82160000,82240000,18120,3437
1028,82240000,82320000,22141,4107
1029,82320000,82400000,16548,3573
1030,82400000,82480000,12800,2584
1031,82480000,82560000,19356,3775
1032,82560000,82640000,22147,4155
1033,82640000,82720000,16994,3559
1034,82720000,82800000,12406,2364
1035,82800000,82880000,21365,3982
1036,82880000,82960000,24021,4307
1037,82960000,83040000,16335,3483
1038,83040000,83120000,12163,2294
1039,83120000,83200000,20207,3971
1040,83200000,83280000,22286,4222
1041,83280000,83360000,16151,3361
1042,83360000,83440000,13486,2485
1043,83440000,83520000,22360,3999
1044,83520000,83600000,20691,3880
1045,83600000,83680000,16437,3443
1046,83680000,83760000,14374,2733
1047,83760000,83840000,20350,3989
1048,83840000,83920000,18980,3620
1049,83920000,84000000,16281,3364
1050,84000000,84080000,17023,3081
1051,84080000,84160000,22772,4006
1052,84160000,84240000,18097,3617
1053,84240000,84320000,15824,3129
1054,84320000,84400000,17713,3305
1055,84400000,84480000,20558,4006
1056,84480000,84560000,18391,3593
1057,84560000,84640000,15351,3022
1058,84640000,84720000,18814,3437
1059,84720000,84800000,22843,4108
1060,84800000,84880000,16759,3568
1061,84880000,84960000,12804,2584
1062,84960000,85040000,18855,3776
1063,85040000,85120000,21819,4149
1064,85120000,85200000,17226,3556
1065,85200000,85280000,12508,2364
1066,85280000,85360000,21649,3987
1067,85360000,85440000,24405,4307
1068,85440000,85520000,16204,3482
1069,85520000,85600000,12355,2294
1070,85600000,85680000,20039,3970
1071,85680000,85760000,22190,4215
1072,85760000,85840000,15683,3361
1073,85840000,85920000,12860,2485
1074,85920000,86000000,21609,4002
1075,86000000,86080000,20218,3885
1076,86080000,86160000,15935,3443
1077,86160000,86240000,13711,2733
1078,86240000,86320000,19395,3998
1079,86320000,86400000,18903,3621
1080,86400000,86480000,15795,3364
1081,86480000,86560000,16565,3081
1082,86560000,86640000,22659,4001
1083,86640000,86720000,17857,3616
1084,86720000,86800000,15627,3129
1085,86800000,86880000,17835,3305
1086,86880000,86960000,20579,4014
1087,86960000,87040000,18035,3593
1088,87040000,87120000,15129,3022
1089,87120000,87200000,18418,3437
1090,87200000,87280000,22780,4107
1091,87280000,87360000,16805,3573
1092,87360000,87440000,13351,2584
1093,87440000,87520000,19909,3775
1094,87520000,87600000,21429,4155
1095,87600000,87680000,17160,3559
1096,87680000,87760000,12860,2364
1097,87760000,87840000,21668,3982
1098,87840000,87920000,23836,4319
1099,87920000,88000000,16476,3483
1100,88000000,88080000,12641,2294
1101,88080000,88160000,20704,3971
1102,88160000,88240000,22599,4222
1103,88240000,88320000,16113,3361
1104,88320000,88400000,13526,2485
1105,88400000,88480000,22615,4005
1106,88480000,88560000,20383,3880
1107,88560000,88640000,16419,3443
1108,88640000,88720000,13945,2733
1109,88720000,88800000,20053,3989
1110,88800000,88880000,19287,3620
1111,88880000,88960000,15978,3364
1112,88960000,89040000,16554,3081
1113,89040000,89120000,22237,4006
1114,89120000,89200000,18298,3617
1115,89200000,89280000,15420,3129
1116,89280000,89360000,17492,3305
1117,89360000,89440000,20682,4006
1118,89440000,89520000,17738,3593
1119,89520000,89600000,15053,3022
1120,89600000,89680000,18341,3437
1121,89680000,89760000,22069,4108
1122,89760000,89840000,16588,3568
1123,89840000,89920000,13250,2584
1124,89920000,90000000,19577,3776
1125,90000000,90080000,22318,4149
1126,90080000,90160000,17296,3556
1127,90160000,90240000,12960,2364
1128,90240000,90320000,21937,3987
1129,90320000,90400000,24165,4307
1130,90400000,90480000,16629,3482
1131,90480000,90560000,12381,2294
1132,90560000,90640000,20416,3970
1133,90640000,90720000,22719,4215
1134,90720000,90800000,16113,3361
1135,90800000,90880000,13055,2485
1136,90880000,90960000,22240,4002
1137,90960000,91040000,20410,3885
1138,91040000,91120000,16302,3443
1139,91120000,91200000,14270,2733
1140,91200000,91280000,20953,3992
1141,91280000,91360000,19735,3621
1142,91360000,91440000,15984,3364
1143,91440000,91520000,16490,3081
1144,91520000,91600000,23390,4001
1145,91600000,91680000,18275,3610
1146,91680000,91760000,15530,3129
1147,91760000,91840000,17856,3305
1148,91840000,91920000,20952,4005
1149,91920000,92000000,18020,3590
1150,92000000,92080000,15033,3022
1151,92080000,92160000,18589,3437
1152,92160000,92240000,22330,4107
1153,92240000,92320000,16955,3573
1154,92320000,92400000,13152,2584
1155,92400000,92480000,19516,3775
1156,92480000,92560000,22412,4158
1157,92560000,92640000,17186,3562
1158,92640000,92720000,12660,2364
1159,92720000,92800000,21754,3982
1160,92800000,92880000,24333,4301
1161,92880000,92960000,16507,3483
1162,92960000,93040000,12755,2294
1163,93040000,93120000,20768,3971
1164,93120000,93200000,22934,4222
1165,93200000,93280000,16416,3361
1166,93280000,93360000,13655,2485
1167,93360000,93440000,22407,3999
1168,93440000,93520000,20550,3880
1169,93520000,93600000,16634,3443
1170,93600000,93680000,14685,2733
1171,93680000,93760000,20766,3989
1172,93760000,93840000,19057,3620
1173,93840000,93920000,16278,3364
1174,93920000,94000000,17228,3081
1175,94000000,94080000,22816,4006
1176,94080000,94160000,18376,3623
1177,94160000,94240000,15815,3129
1178,94240000,94320000,17963,3305
1179,94320000,94400000,20899,4006
1180,94400000,94480000,18482,3593
1181,94480000,94560000,15087,3022
1182,94560000,94640000,17990,3437
1183,94640000,94720000,22505,4108
1184,94720000,94800000,16891,3568
1185,94800000,94880000,12855,2584
1186,94880000,94960000,19208,3776
1187,94960000,95040000,22344,4161
1188,95040000,95120000,16969,3556
1189,95120000,95200000,12635,2364
1190,95200000,95280000,21412,3981
1191,95280000,95360000,23801,4313
1192,95360000,95440000,16288,3482
1193,95440000,95520000,12218,2294
1194,95520000,95600000,20283,3970
1195,95600000,95680000,22761,4215
1196,95680000,95760000,16080,3361
1197,95760000,95840000,13215,2485
1198,95840000,95920000,22380,4002
1199,95920000,96000000,20160,3885
1200,96000000,96080000,16494,3443
1201,96080000,96160000,13961,2733
1202,96160000,96240000,20394,3995
1203,96240000,96320000,19252,3624
1204,96320000,96400000,16237,3364
1205,96400000,96480000,16631,3081
1206,96480000,96560000,22832,4007
1207,96560000,96640000,18293,3610
1208,96640000,96720000,15518,3129
1209,96720000,96800000,17015,3305
1210,96800000,96880000,20831,4005
1211,96880000,96960000,17611,3590
1212,96960000,97040000,14679,3022
1213,97040000,97120000,17782,3437
1214,97120000,97200000,23104,4107
1215,97200000,97280000,16682,3579
1216,97280000,97360000,12931,2584
1217,97360000,97440000,19089,3775
1218,97440000,97520000,21717,4155
1219,97520000,97600000,16837,3559
1220,97600000,97680000,12780,2364
1221,97680000,97760000,21683,3982
1222,97760000,97840000,24114,4307
1223,97840000,97920000,16133,3483
1224,97920000,98000000,12402,2294
1225,98000000,98080000,19811,3971
1226,98080000,98160000,22452,4228
1227,98160000,98240000,15959,3361
1228,98240000,98320000,13394,2485
1229,98320000,98400000,22401,3999
1230,98400000,98480000,20632,3880
1231,98480000,98560000,16404,3443
1232,98560000,98640000,14114,2733
1233,98640000,98720000,20552,3989
1234,98720000,98800000,19568,3620
1235,98800000,98880000,16279,3364
1236,98880000,98960000,16920,3081
1237,98960000,99040000,22801,4006
1238,99040000,99120000,18389,3623
1239,99120000,99200000,15123,3129
1240,99200000,99280000,16573,3305
1241,99280000,99360000,20951,4006
1242,99360000,99440000,18045,3593
1243,99440000,99520000,14258,3022
1244,99520000,99600000,17576,3437
1245,99600000,99680000,23226,4108
1246,99680000,99760000,16315,3568
1247,99760000,99840000,12574,2584
1248,99840000,99920000,19065,3776
1249,99920000,100000000,21463,4149
1250,100000000,100080000,17048,3556
1251,100080000,100160000,12351,2364
1252,100160000,100240000,21516,3981
1253,100240000,100320000,24508,4307
1254,100320000,100400000,16193,3482
1255,100400000,100480000,12284,2294
1256,100480000,100560000,20258,3970
1257,100560000,100640000,22903,4215
1258,100640000,100720000,15892,3361
1259,100720000,100800000,12989,2485
1260,100800000,100880000,22347,4002
1261,100880000,100960000,20373,3885
1262,100960000,101040000,16253,3443
1263,101040000,101120000,14284,2733
1264,101120000,101200000,20233,3992
1265,101200000,101280000,19139,3627
1266,101280000,101360000,16181,3364
1267,101360000,101440000,16295,3081
1268,101440000,101520000,22961,4001
1269,101520000,101600000,18280,3610
1270,101600000,101680000,15605,3129
1271,101680000,101760000,17598,3305
1272,101760000,101840000,20590,4005
1273,101840000,101920000,17783,3596
1274,101920000,102000000,14815,3022
1275,102000000,102080000,17994,3437
1276,102080000,102160000,22933,4119
1277,102160000,102240000,16421,3573
1278,102240000,102320000,12946,2584
1279,102320000,102400000,19255,3775
1280,102400000,102480000,21495,4155
1281,102480000,102560000,16894,3559
1282,102560000,102640000,12657,2364
1283,102640000,102720000,21649,3982
1284,102720000,102800000,23928,4301
1285,102800000,102880000,16350,3483
1286,102880000,102960000,12423,2294
1287,102960000,103040000,20469,3974
1288,103040000,103120000,22676,4225
1289,103120000,103200000,16324,3361
1290,103200000,103280000,13463,2485
1291,103280000,103360000,22489,3999
1292,103360000,103440000,20410,3880
1293,103440000,103520000,16520,3443
1294,103520000,103600000,14337,2733
1295,103600000,103680000,20207,3989
1296,103680000,103760000,19143,3620
1297,103760000,103840000,16049,3364
1298,103840000,103920000,16272,3081
1299,103920000,104000000,22985,4006
1300,104000000,104080000,18141,3617
1301,104080000,104160000,15419,3129
1302,104160000,104240000,17178,3305
1303,104240000,104320000,20614,4006
1304,104320000,104400000,18060,3593
1305,104400000,104480000,15007,3022
1306,104480000,104560000,18330,3437
1307,104560000,104640000,23043,4114
1308,104640000,104720000,16807,3568
1309,104720000,104800000,12814,2584
1310,104800000,104880000,19165,3776
1311,104880000,104960000,21946,4149
1312,104960000,105040000,16932,3556
1313,105040000,105120000,12562,2364
1314,105120000,105200000,21568,3981
1315,105200000,105280000,24054,4307
1316,105280000,105360000,16220,3482
1317,105360000,105440000,12332,2294
1318,105440000,105520000,20253,3970
1319,105520000,105600000,22444,4215
1320,105600000,105680000,16111,3361
1321,105680000,105760000,13307,2485
1322,105760000,105840000,22532,4002
1323,105840000,105920000,20259,3885
1324,105920000,106000000,16389,3443
1325,106000000,106080000,13700,2733
1326,106080000,106160000,19650,3992
1327,106160000,106240000,18980,3621
1328,106240000,106320000,15920,3364
1329,106320000,106400000,16684,3081
1330,106400000,106480000,22591,4007
1331,106480000,106560000,18065,3610
1332,106560000,106640000,15747,3129
1333,106640000,106720000,18030,3305
1334,106720000,106800000,20942,4005
1335,106800000,106880000,18035,3590
1336,106880000,106960000,15411,3022
1337,106960000,107040000,18681,3437
1338,107040000,107120000,23130,4107
1339,107120000,107200000,17040,3573
1340,107200000,107280000,13432,2584
1341,107280000,107360000,19982,3775
1342,107360000,107440000,22168,4155
1343,107440000,107520000,17154,3559
1344,107520000,107600000,13050,2364
1345,107600000,107680000,21593,3982
1346,107680000,107760000,23903,4307
1347,107760000,107840000,16482,3483
1348,107840000,107920000,12702,2294
1349,107920000,108000000,20814,3971
1350,108000000,108080000,23272,4222
1351,108080000,108160000,16084,3361
1352,108160000,108240000,13215,2485
1353,108240000,108320000,22824,3999
1354,108320000,108400000,20733,3880
1355,108400000,108480000,16335,3443
1356,108480000,108560000,14039,2733
1357,108560000,108640000,20601,3989
1358,108640000,108720000,19434,3620
1359,108720000,108800000,16037,3364
1360,108800000,108880000,16353,3081
1361,108880000,108960000,23073,4006
1362,108960000,109040000,18617,3627
1363,109040000,109120000,15482,3129
1364,109120000,109200000,17619,3305
1365,109200000,109280000,21205,4015
1366,109280000,109360000,17859,3596
1367,109360000,109440000,15249,3022
1368,109440000,109520000,18531,3437
1369,109520000,109600000,23087,4108
1370,109600000,109680000,16647,3568
1371,109680000,109760000,13532,2584
1372,109760000,109840000,19942,3776
1373,109840000,109920000,21875,4149
1374,109920000,110000000,17348,3556
1375,110000000,110080000,13095,2364
1376,110080000,110160000,22169,3981
1377,110160000,110240000,24352,4319
1378,110240000,110320000,16729,3482
1379,110320000,110400000,12851,2294
1380,110400000,110480000,20911,3970
1381,110480000,110560000,22522,4215
1382,110560000,110640000,16298,3361
1383,110640000,110720000,13141,2485
1384,110720000,110800000,22395,4002
1385,110800000,110880000,20780,3885
1386,110880000,110960000,16357,3443
1387,110960000,111040000,14455,2733
1388,111040000,111120000,20612,3992
1389,111120000,111200000,19067,3621
1390,111200000,111280000,16342,3364
1391,111280000,111360000,16825,3081
1392,111360000,111440000,22792,4001
1393,111440000,111520000,18191,3610
1394,111520000,111600000,15836,3129
1395,111600000,111680000,17743,3305
1396,111680000,111760000,21046,4005
1397,111760000,111840000,18027,3590
1398,111840000,111920000,15274,3022
1399,111920000,112000000,18821,3437
1400,112000000,112080000,22956,4107
1401,112080000,112160000,16825,3573
1402,112160000,112240000,13502,2584
1403,112240000,112320000,20194,3775
1404,112320000,112400000,22464,4155
1405,112400000,112480000,17359,3559
1406,112480000,112560000,13351,2364
1407,112560000,112640000,22110,3988
1408,112640000,112720000,24278,4307
1409,112720000,112800000,16633,3483
1410,112800000,112880000,12565,2294
1411,112880000,112960000,20482,3971
1412,112960000,113040000,22720,4222
1413,113040000,113120000,16117,3361
1414,113120000,113200000,13225,2485
1415,113200000,113280000,22209,3999
1416,113280000,113360000,20367,3880
1417,113360000,113440000,16495,3443
1418,113440000,113520000,14291,2733
1419,113520000,113600000,19996,3989
1420,113600000,113680000,19008,3620
1421,113680000,113760000,16301,3364
1422,113760000,113840000,16885,3081
1423,113840000,113920000,22720,4006
1424,113920000,114000000,18319,3617
1425,114000000,114080000,15853,3129
1426,114080000,114160000,18085,3305
1427,114160000,114240000,20747,4006
1428,114240000,114320000,18125,3593
1429,114320000,114400000,15400,3022
1430,114400000,114480000,18196,3437
1431,114480000,114560000,22750,4114
1432,114560000,114640000,16831,3568
1433,114640000,114720000,13358,2584
1434,114720000,114800000,19769,3776
1435,114800000,114880000,21395,4149
1436,114880000,114960000,17228,3556
1437,114960000,115040000,12865,2364
1438,115040000,115120000,21684,3981
1439,115120000,115200000,24162,4307
1440,115200000,115280000,16492,3482
1441,115280000,115360000,12507,2294
1442,115360000,115440000,20002,3970
1443,115440000,115520000,22563,4215
1444,115520000,115600000,16281,3361
1445,115600000,115680000,13384,2485
1446,115680000,115760000,22668,4002
1447,115760000,115840000,20875,3885
1448,115840000,115920000,16794,3443
1449,115920000,116000000,14630,2733
1450,116000000,116080000,20284,3992
1451,116080000,116160000,19398,3621
1452,116160000,116240000,16591,3364
1453,116240000,116320000,17045,3081
1454,116320000,116400000,23506,4001
1455,116400000,116480000,18343,3610
1456,116480000,116560000,16108,3129
1457,116560000,116640000,18330,3305
1458,116640000,116720000,20987,4005
1459,116720000,116800000,18080,3596
1460,116800000,116880000,15783,3022
1461,116880000,116960000,19443,3437
1462,116960000,117040000,23459,4107
1463,117040000,117120000,17023,3573
1464,117120000,117200000,13414,2584
1465,117200000,117280000,19772,3775
1466,117280000,117360000,21812,4170
1467,117360000,117440000,17263,3562
1468,117440000,117520000,12955,2364
1469,117520000,117600000,22300,3982
1470,117600000,117680000,24341,4301
1471,117680000,117760000,16449,3483
1472,117760000,117840000,12545,2294
1473,117840000,117920000,20693,3971
1474,117920000,118000000,22291,4222
1475,118000000,118080000,16225,3361
1476,118080000,118160000,13334,2485
1477,118160000,118240000,22776,3999
1478,118240000,118320000,20585,3880
1479,118320000,118400000,16188,3443
1480,118400000,118480000,13550,2733
1481,118480000,118560000,19614,3989
1482,118560000,118640000,19346,3620
1483,118640000,118720000,15534,3364
1484,118720000,118800000,16348,3081
1485,118800000,118880000,22825,4006
1486,118880000,118960000,18403,3623
1487,118960000,119040000,15201,3129
1488,119040000,119120000,16995,3305
1489,119120000,119200000,21467,4006
1490,119200000,119280000,18107,3593
1491,119280000,119360000,14687,3022
1492,119360000,119440000,17950,3437
1493,119440000,119520000,22797,4108
1494,119520000,119600000,16405,3568
1495,119600000,119680000,12954,2584
1496,119680000,119760000,19413,3776
1497,119760000,119840000,21438,4149
1498,119840000,119920000,17034,3556
1499,119920000,120000000,12486,2364
1500,120000000,120080000,21281,3981
1501,120080000,120160000,24197,4307
1502,120160000,120240000,16136,3482
1503,120240000,120320000,12525,2294
1504,120320000,120400000,20119,3970
1505,120400000,120480000,22871,4221
1506,120480000,120560000,16041,3361
1507,120560000,120640000,13304,2485
1508,120640000,120720000,22591,4002
1509,120720000,120800000,20633,3885
1510,120800000,120880000,16390,3443
1511,120880000,120960000,14466,2733
1512,120960000,121040000,19946,3992
1513,121040000,121120000,18966,3621
1514,121120000,121200000,16195,3364
1515,121200000,121280000,16428,3081
1516,121280000,121360000,23022,4001
1517,121360000,121440000,18359,3610
1518,121440000,121520000,15733,3129
1519,121520000,121600000,17968,3305
1520,121600000,121680000,20651,4005
1521,121680000,121760000,17624,3590
1522,121760000,121840000,15106,3022
1523,121840000,121920000,18364,3437
1524,121920000,122000000,22570,4107
1525,122000000,122080000,16709,3573
1526,122080000,122160000,13083,2584
1527,122160000,122240000,19849,3775
1528,122240000,122320000,22006,4161
1529,122320000,122400000,17102,3559
1530,122400000,122480000,12660,2364
1531,122480000,122560000,21604,3982
1532,122560000,122640000,24196,4301
1533,122640000,122720000,16471,3483
1534,122720000,122800000,12353,2294
1535,122800000,122880000,20038,3971
1536,122880000,122960000,22491,4222
1537,122960000,123040000,16390,3361
1538,123040000,123120000,13609,2485
1539,123120000,123200000,22667,3999
1540,123200000,123280000,20420,3880
1541,123280000,123360000,16774,3443
1542,123360000,123440000,14669,2733
1543,123440000,123520000,20799,3989
1544,123520000,123600000,19464,3620
1545,123600000,123680000,16603,3364
1546,123680000,123760000,17271,3081
1547,123760000,123840000,22845,4006
1548,123840000,123920000,18548,3623
1549,123920000,124000000,15731,3129
1550,124000000,124080000,17414,3305
1551,124080000,124160000,20832,4006
1552,124160000,124240000,17956,3593
1553,124240000,124320000,15229,3022
1554,124320000,124400000,18431,3437
1555,124400000,124480000,22563,4120
1556,124480000,124560000,16989,3568
1557,124560000,124640000,13083,2584
1558,124640000,124720000,19219,3776
1559,124720000,124800000,21925,4149
1560,124800000,124880000,17350,3556
1561,124880000,124960000,12662,2364
1562,124960000,125040000,21807,3981
1563,125040000,125120000,24282,4307
1564,125120000,125200000,16559,3482
1565,125200000,125280000,12641,2294
1566,125280000,125360000,20581,3973
1567,125360000,125440000,22332,4224
1568,125440000,125520000,16379,3361
1569,125520000,125600000,13395,2485
1570,125600000,125680000,22410,4002
1571,125680000,125760000,20811,3885
1572,125760000,125840000,16758,3443
1573,125840000,125920000,14262,2733
1574,125920000,126000000,20070,3992
1575,126000000,126080000,19139,3627
1576,126080000,126160000,16239,3364
1577,126160000,126240000,16861,3081
1578,126240000,126320000,22837,4001
1579,126320000,126400000,18462,3610
1580,126400000,126480000,15868,3129
1581,126480000,126560000,18185,3305
1582,126560000,126640000,20745,4005
1583,126640000,126720000,18077,3590
1584,126720000,126800000,15455,3022
1585,126800000,126880000,18895,3437
1586,126880000,126960000,22791,4107
1587,126960000,127040000,17226,3573
1588,127040000,127120000,13518,2584
1589,127120000,127200000,20236,3775
1590,127200000,127280000,21954,4155
1591,127280000,127360000,17493,3559
1592,127360000,127440000,12793,2364
1593,127440000,127520000,21754,3982
1594,127520000,127600000,24251,4301
1595,127600000,127680000,16736,3483
1596,127680000,127760000,12510,2294
1597,127760000,127840000,20551,3971
1598,127840000,127920000,22106,4222
1599,127920000,128000000,16521,3361
1600,128000000,128080000,13689,2485
1601,128080000,128160000,22800,3999
1602,128160000,128240000,20699,3880
1603,128240000,128320000,16909,3443
1604,128320000,128400000,14456,2733
1605,128400000,128480000,20552,3989
1606,128480000,128560000,18920,3620
1607,128560000,128640000,16517,3364
1608,128640000,128720000,17162,3081
1609,128720000,128800000,22691,4012
1610,128800000,128880000,18168,3617
1611,128880000,128960000,16047,3129
1612,128960000,129040000,18297,3305
1613,129040000,129120000,20642,4006
1614,129120000,129200000,17923,3593
1615,129200000,129280000,15405,3022
1616,129280000,129360000,18429,3437
1617,129360000,129440000,22172,4108
1618,129440000,129520000,16352,3568
1619,129520000,129600000,13333,2584
1620,129600000,129680000,19507,3776
1621,129680000,129760000,21299,4149
1622,129760000,129840000,17265,3556
1623,129840000,129920000,13107,2364
1624,129920000,130000000,22137,3981
1625,130000000,130080000,24294,4313
1626,130080000,130160000,16801,3482
1627,130160000,130240000,12780,2294
1628,130240000,130320000,20289,3970
1629,130320000,130400000,22534,4215
1630,130400000,130480000,16436,3361
1631,130480000,130560000,13216,2485
1632,130560000,130640000,22104,4008
1633,130640000,130720000,20773,3885
1634,130720000,130800000,16500,3443
1635,130800000,130880000,14583,2733
1636,130880000,130960000,20388,3992
1637,130960000,131040000,19380,3621
1638,131040000,131120000,16380,3364
1639,131120000,131200000,16866,3081
1640,131200000,131280000,22719,4001
1641,131280000,131360000,18208,3610
1642,131360000,131440000,16032,3129
1643,131440000,131520000,18188,3305
1644,131520000,131600000,20928,4008
1645,131600000,131680000,18224,3593
1646,131680000,131760000,15414,3022
1647,131760000,131840000,18707,3437
1648,131840000,131920000,23336,4107
1649,131920000,132000000,17035,3573
1650,132000000,132080000,13376,2584
1651,132080000,132160000,19756,3775
1652,132160000,132240000,21939,4155
1653,132240000,132320000,17263,3559
1654,132320000,132400000,13098,2364
1655,132400000,132480000,22163,3982
1656,132480000,132560000,24228,4313
1657,132560000,132640000,16799,3483
1658,132640000,132720000,12804,2294
1659,132720000,132800000,20976,3971
1660,132800000,132880000,23038,4222
1661,132880000,132960000,16590,3361
1662,132960000,133040000,13394,2485
1663,133040000,133120000,22491,3999
1664,133120000,133200000,20602,3880
1665,133200000,133280000,16649,3443
1666,133280000,133360000,14396,2733
1667,133360000,133440000,20756,3989
1668,133440000,133520000,19270,3620
1669,133520000,133600000,16449,3364
1670,133600000,133680000,16985,3081
1671,133680000,133760000,22788,4006
1672,133760000,133840000,18478,3617
1673,133840000,133920000,16122,3129
1674,133920000,134000000,17883,3305
1675,134000000,134080000,21102,4006
1676,134080000,134160000,18170,3593
1677,134160000,134240000,15476,3022
1678,134240000,134320000,18572,3437
1679,134320000,134400000,22609,4108
1680,134400000,134480000,17071,3568
1681,134480000,134560000,13513,2584
1682,134560000,134640000,20110,3776
1683,134640000,134720000,21815,4149
1684,134720000,134800000,17431,3556
1685,134800000,134880000,13099,2364
1686,134880000,134960000,21853,3981
1687,134960000,135040000,23850,4313
1688,135040000,135120000,16519,3482
1689,135120000,135200000,12419,2294
1690,135200000,135280000,20269,3970
1691,135280000,135360000,22277,4215
1692,135360000,135440000,16130,3361
1693,135440000,135520000,13388,2485
1694,135520000,135600000,22659,4002
1695,135600000,135680000,20714,3885
1696,135680000,135760000,16623,3443
1697,135760000,135840000,14551,2733
1698,135840000,135920000,20333,3992
1699,135920000,136000000,19404,3621
1700,136000000,136080000,16339,3364
1701,136080000,136160000,17007,3081
1702,136160000,136240000,23103,4001
1703,136240000,136320000,18259,3610
1704,136320000,136400000,15942,3129
1705,136400000,136480000,17915,3305
1706,136480000,136560000,20511,4005
1707,136560000,136640000,18044,3590
1708,136640000,136720000,15401,3022
1709,136720000,136800000,18646,3437
1710,136800000,136880000,22968,4113
1711,136880000,136960000,17077,3573
1712,136960000,137040000,13359,2584
1713,137040000,137120000,19889,3775
1714,137120000,137200000,21636,4155
1715,137200000,137280000,17566,3559
1716,137280000,137360000,12912,2364
1717,137360000,137440000,22225,3982
1718,137440000,137520000,24070,4301
1719,137520000,137600000,16723,3483
1720,137600000,137680000,12640,2294
1721,137680000,137760000,20658,3971
1722,137760000,137840000,23031,4222
1723,137840000,137920000,16446,3361
1724,137920000,138000000,13785,2485
1725,138000000,138080000,22837,3999
1726,138080000,138160000,21061,3880
1727,138160000,138240000,16897,3443
1728,138240000,138320000,14518,2733
1729,138320000,138400000,20326,3989
1730,138400000,138480000,18965,3620
1731,138480000,138560000,16578,3364
1732,138560000,138640000,17305,3081
1733,138640000,138720000,22812,4012
1734,138720000,138800000,18635,3617
1735,138800000,138880000,15969,3129
1736,138880000,138960000,17856,3305
1737,138960000,139040000,21310,4006
1738,139040000,139120000,18327,3593
1739,139120000,139200000,15442,3022
1740,139200000,139280000,18865,3437
1741,139280000,139360000,22890,4108
1742,139360000,139440000,17010,3568
1743,139440000,139520000,13343,2584
1744,139520000,139600000,20086,3776
1745,139600000,139680000,21979,4161
1746,139680000,139760000,17690,3556
1747,139760000,139840000,12838,2364
1748,139840000,139920000,22420,3981
1749,139920000,140000000,24615,4307
1750,140000000,140080000,16967,3482
1751,140080000,140160000,12944,2294
1752,140160000,140240000,20900,3970
1753,140240000,140320000,22674,4215
1754,140320000,140400000,16281,3361
1755,140400000,140480000,13249,2485
1756,140480000,140560000,22221,4002
1757,140560000,140640000,20498,3891
1758,140640000,140720000,16256,3443
1759,140720000,140800000,14327,2733
1760,140800000,140880000,19835,3992
1761,140880000,140960000,19215,3621
1762,140960000,141040000,16103,3364
1763,141040000,141120000,16188,3081
1764,141120000,141200000,23196,4001
1765,141200000,141280000,18298,3610
1766,141280000,141360000,15690,3129
1767,141360000,141440000,17675,3305
1768,141440000,141520000,20328,4005
1769,141520000,141600000,17662,3596
1770,141600000,141680000,15120,3022
1771,141680000,141760000,18195,3437
1772,141760000,141840000,22806,4107
1773,141840000,141920000,16465,3573
1774,141920000,142000000,13097,2584
1775,142000000,142080000,19315,3775
1776,142080000,142160000,21382,4155
1777,142160000,142240000,17113,3559
1778,142240000,142320000,12855,2364
1779,142320000,142400000,21614,3982
1780,142400000,142480000,24148,4301
1781,142480000,142560000,16612,3483
1782,142560000,142640000,12710,2294
1783,142640000,142720000,20688,3971
1784,142720000,142800000,22506,4222
1785,142800000,142880000,16568,3361
1786,142880000,142960000,13796,2485
1787,142960000,143040000,22650,3999
1788,143040000,143120000,20623,3880
1789,143120000,143200000,16861,3443
1790,143200000,143280000,14732,2733
1791,143280000,143360000,20441,3989
1792,143360000,143440000,19236,3620
1793,143440000,143520000,16529,3364
1794,143520000,143600000,17137,3081
1795,143600000,143680000,22667,4006
1796,143680000,143760000,18266,3623
1797,143760000,143840000,16261,3129
1798,143840000,143920000,17888,3305
1799,143920000,144000000,21025,4006
1800,144000000,144080000,18071,3593
1801,144080000,144160000,15538,3022
1802,144160000,144240000,18598,3437
1803,144240000,144320000,22954,4108
1804,144320000,144400000,16951,3568
1805,144400000,144480000,13145,2584
1806,144480000,144560000,19646,3776
1807,144560000,144640000,21680,4155
1808,144640000,144720000,17225,3556
1809,144720000,144800000,12917,2364
1810,144800000,144880000,21972,3981
1811,144880000,144960000,24291,4313
1812,144960000,145040000,16621,3482
1813,145040000,145120000,12696,2294
1814,145120000,145200000,20874,3970
1815,145200000,145280000,22654,4215
1816,145280000,145360000,16460,3361
1817,145360000,145440000,13741,2485
1818,145440000,145520000,22814,4002
1819,145520000,145600000,21114,3885
1820,145600000,145680000,16672,3443
1821,145680000,145760000,13945,2733
1822,145760000,145840000,19662,3992
1823,145840000,145920000,18724,3621
1824,145920000,146000000,16113,3364
1825,146000000,146080000,16881,3081
1826,146080000,146160000,22516,4007
1827,146160000,146240000,18454,3610
1828,146240000,146320000,15902,3129
1829,146320000,146400000,18016,3305
1830,146400000,146480000,20904,4005
1831,146480000,146560000,17877,3590
1832,146560000,146640000,15617,3022
1833,146640000,146720000,18981,3437
1834,146720000,146800000,23242,4119
1835,146800000,146880000,17090,3573
1836,146880000,146960000,13759,2584
1837,146960000,147040000,20410,3775
1838,147040000,147120000,21725,4155
1839,147120000,147200000,17350,3559
1840,147200000,147280000,13336,2364
1841,147280000,147360000,22048,3982
1842,147360000,147440000,23903,4307
1843,147440000,147520000,16815,3483
1844,147520000,147600000,12806,2294
1845,147600000,147680000,20285,3974
1846,147680000,147760000,22970,4231
1847,147760000,147840000,16222,3361
1848,147840000,147920000,13599,2485
1849,147920000,148000000,22385,3999
1850,148000000,148080000,20854,3880
1851,148080000,148160000,16695,3443
1852,148160000,148240000,14316,2733
1853,148240000,148320000,20381,3989
1854,148320000,148400000,19194,3620
1855,148400000,148480000,16161,3364
1856,148480000,148560000,16352,3081
1857,148560000,148640000,22780,4006
1858,148640000,148720000,18672,3617
1859,148720000,148800000,15516,3129
1860,148800000,148880000,17585,3305
1861,148880000,148960000,21731,4006
1862,148960000,149040000,18200,3593
1863,149040000,149120000,15199,3022
1864,149120000,149200000,18541,3437
1865,149200000,149280000,22425,4108
1866,149280000,149360000,16883,3568
1867,149360000,149440000,13360,2584
1868,149440000,149520000,19611,3776
1869,149520000,149600000,21491,4152
1870,149600000,149680000,17347,3559
1871,149680000,149760000,12945,2364
1872,149760000,149840000,21864,3981
1873,149840000,149920000,24129,4307
1874,149920000,150000000,16808,3482
1875,150000000,150080000,12824,2294
1876,150080000,150160000,20303,3970
1877,150160000,150240000,22469,4215
1878,150240000,150320000,16512,3361
1879,150320000,150400000,13048,2485
1880,150400000,150480000,22064,4002
1881,150480000,150560000,20361,3891
1882,150560000,150640000,16534,3443
1883,150640000,150720000,14082,2733
1884,150720000,150800000,19904,3992
1885,150800000,150880000,18818,3621
1886,150880000,150960000,16429,3364
1887,150960000,151040000,16550,3081
1888,151040000,151120000,23084,4007
1889,151120000,151200000,18126,3610
1890,151200000,151280000,15640,3129
1891,151280000,151360000,16953,3305
1892,151360000,151440000,20380,4005
1893,151440000,151520000,17663,3590
1894,151520000,151600000,15014,3022
1895,151600000,151680000,18117,3437
1896,151680000,151760000,23275,4107
1897,151760000,151840000,16632,3573
1898,151840000,151920000,13179,2584
1899,151920000,152000000,19269,3775
1900,152000000,152080000,21312,4155
1901,152080000,152160000,17046,3559
1902,152160000,152240000,13085,2364
1903,152240000,152320000,21855,3982
1904,152320000,152400000,24846,4301
1905,152400000,152480000,16601,3483
1906,152480000,152560000,12724,2294
1907,152560000,152640000,20078,3971
1908,152640000,152720000,22710,4222
1909,152720000,152800000,16442,3361
1910,152800000,152880000,13623,2485
1911,152880000,152960000,22615,3999
1912,152960000,153040000,21055,3880
1913,153040000,153120000,16366,3443
1914,153120000,153200000,13947,2733
1915,153200000,153280000,20404,3989
1916,153280000,153360000,19073,3620
1917,153360000,153440000,15684,3364
1918,153440000,153520000,16519,3081
1919,153520000,153600000,23045,4006
1920,153600000,153680000,18477,3617
1921,153680000,153760000,15417,3129
1922,153760000,153840000,17707,3305
1923,153840000,153920000,21299,4009
1924,153920000,154000000,18206,3596
1925,154000000,154080000,14639,3022
1926,154080000,154160000,17939,3437
1927,154160000,154240000,23194,4108
1928,154240000,154320000,16876,3568
1929,154320000,154400000,12655,2584
1930,154400000,154480000,19383,3776
1931,154480000,154560000,21853,4149
1932,154560000,154640000,17137,3556
1933,154640000,154720000,12698,2364
1934,154720000,154800000,21922,3981
1935,154800000,154880000,24274,4319
1936,154880000,154960000,16192,3482
1937,154960000,155040000,12132,2294
1938,155040000,155120000,19703,3970
1939,155120000,155200000,22639,4215
1940,155200000,155280000,15717,3361
1941,155280000,155360000,12836,2485
1942,155360000,155440000,22388,4002
1943,155440000,155520000,20922,3885
1944,155520000,155600000,16002,3443
1945,155600000,155680000,13865,2733
1946,155680000,155760000,19873,3992
1947,155760000,155840000,19183,3621
1948,155840000,155920000,15912,3364
1949,155920000,156000000,16427,3081
1950,156000000,156080000,23137,4001
1951,156080000,156160000,18365,3610
1952,156160000,156240000,15338,3129
1953,156240000,156320000,17551,3305
1954,156320000,156400000,20213,4005
1955,156400000,156480000,17836,3590
1956,156480000,156560000,14958,3022
1957,156560000,156640000,18696,3437
1958,156640000,156720000,22800,4113
1959,156720000,156800000,17109,3573
1960,156800000,156880000,12911,2584
1961,156880000,156960000,19122,3775
1962,156960000,157040000,21638,4155
1963,157040000,157120000,17179,3559
1964,157120000,157200000,12803,2364
1965,157200000,157280000,22008,3982
1966,157280000,157360000,24281,4301
1967,157360000,157440000,16315,3483
1968,157440000,157520000,12140,2294
1969,157520000,157600000,19811,3971
1970,157600000,157680000,21603,4222
1971,157680000,157760000,15962,3361
1972,157760000,157840000,13299,2485
1973,157840000,157920000,22478,3999
1974,157920000,158000000,20612,3886
1975,158000000,158080000,16349,3443
1976,158080000,158160000,14090,2733
1977,158160000,158240000,20192,3989
1978,158240000,158320000,19276,3620
1979,158320000,158400000,16082,3364
1980,158400000,158480000,17005,3081
1981,158480000,158560000,23454,4012
1982,158560000,158640000,18267,3617
1983,158640000,158720000,15464,3129
1984,158720000,158800000,17387,3305
1985,158800000,158880000,20381,4006
1986,158880000,158960000,18085,3593
1987,158960000,159040000,14771,3022
1988,159040000,159120000,18522,3437
1989,159120000,159200000,23210,4114
1990,159200000,159280000,16774,3568
1991,159280000,159360000,13086,2584
1992,159360000,159440000,19785,3779
1993,159440000,159520000,21230,4152
1994,159520000,159600000,17300,3556
1995,159600000,159680000,12313,2364
1996,159680000,159760000,21403,3981
1997,159760000,159840000,24374,4307
1998,159840000,159920000,16347,3482
1999,159920000,160000000,12326,2294
2000,160000000,160080000,20436,3970
2001,160080000,160160000,22435,4221
2002,160160000,160240000,16123,3361
2003,160240000,160320000,13237,2485
2004,160320000,160400000,22933,4002
2005,160400000,160480000,20906,3885
2006,160480000,160560000,16519,3443
2007,160560000,160640000,14433,2733
2008,160640000,160720000,20276,3992
2009,160720000,160800000,19204,3621
2010,160800000,160880000,16266,3364
2011,160880000,160960000,16419,3081
2012,160960000,161040000,23653,4001
2013,161040000,161120000,18470,3610
2014,161120000,161200000,15785,3129
2015,161200000,161280000,18035,3305
2016,161280000,161360000,20761,4005
2017,161360000,161440000,17947,3590
2018,161440000,161520000,15182,3022
2019,161520000,161600000,18793,3437
2020,161600000,161680000,22873,4113
2021,161680000,161760000,16954,3573
2022,161760000,161840000,13052,2584
2023,161840000,161920000,19951,3775
2024,161920000,162000000,21625,4167
2025,162000000,162080000,17115,3559
2026,162080000,162160000,12392,2364
2027,162160000,162240000,21751,3982
2028,162240000,162320000,24378,4307
2029,162320000,162400000,16257,3483
2030,162400000,162480000,12028,2294
2031,162480000,162560000,19576,3971
2032,162560000,162640000,22445,4222
2033,162640000,162720000,15866,3361
2034,162720000,162800000,13210,2485
2035,162800000,162880000,21990,4005
2036,162880000,162960000,20518,3886
2037,162960000,163040000,15952,3443
2038,163040000,163120000,14123,2733
2039,163120000,163200000,20138,3989
2040,163200000,163280000,19166,3620
2041,163280000,163360000,15815,3364
2042,163360000,163440000,16697,3081
2043,163440000,163520000,22938,4006
2044,163520000,163600000,18330,3617
2045,163600000,163680000,15256,3129
2046,163680000,163760000,17271,3305
2047,163760000,163840000,20800,4006
2048,163840000,163920000,18448,3593
2049,163920000,164000000,14880,3022
2050,164000000,164080000,18372,3437
2051,164080000,164160000,23739,4114
2052,164160000,164240000,16750,3568
2053,164240000,164320000,12627,2584
2054,164320000,164400000,18696,3776
2055,164400000,164480000,21978,4149
2056,164480000,164560000,17091,3556
2057,164560000,164640000,12444,2364
2058,164640000,164720000,21471,3981
2059,164720000,164800000,24533,4307
2060,164800000,164880000,16125,3482
2061,164880000,164960000,12426,2294
2062,164960000,165040000,20104,3976
2063,165040000,165120000,22511,4215
2064,165120000,165200000,15780,3361
2065,165200000,165280000,13173,2485
2066,165280000,165360000,22032,4002
2067,165360000,165440000,20582,3885
2068,165440000,165520000,16092,3443
2069,165520000,165600000,14041,2733
2070,165600000,165680000,19586,3992
2071,165680000,165760000,18943,3621
2072,165760000,165840000,15914,3364
2073,165840000,165920000,16944,3081
2074,165920000,166000000,22767,4001
2075,166000000,166080000,18243,3610
2076,166080000,166160000,15660,3129
2077,166160000,166240000,18082,3305
2078,166240000,166320000,20467,4005
2079,166320000,166400000,18276,3590
2080,166400000,166480000,15089,3022
2081,166480000,166560000,18592,3437
2082,166560000,166640000,23799,4107
2083,166640000,166720000,17106,3573
2084,166720000,166800000,13220,2584
2085,166800000,166880000,19932,3775
2086,166880000,166960000,22190,4155
2087,166960000,167040000,17306,3559
2088,167040000,167120000,12833,2364
2089,167120000,167200000,21766,3982
2090,167200000,167280000,24519,4301
2091,167280000,167360000,16568,3483
2092,167360000,167440000,12655,2294
2093,167440000,167520000,20462,3971
2094,167520000,167600000,22715,4222
2095,167600000,167680000,16148,3361
2096,167680000,167760000,13613,2485
2097,167760000,167840000,22799,4005
2098,167840000,167920000,20915,3880
2099,167920000,168000000,16459,3443
2100,168000000,168080000,14444,2733
2101,168080000,168160000,19984,3989
2102,168160000,168240000,19253,3620
2103,168240000,168320000,16107,3364
2104,168320000,168400000,17017,3081
2105,168400000,168480000,23006,4006
2106,168480000,168560000,18102,3617
2107,168560000,168640000,15415,3129
2108,168640000,168720000,17791,3305
2109,168720000,168800000,20636,4012
2110,168800000,168880000,18248,3593
2111,168880000,168960000,14954,3022
2112,168960000,169040000,18498,3437
2113,169040000,169120000,22755,4120
2114,169120000,169200000,16644,3568
2115,169200000,169280000,12919,2584
2116,169280000,169360000,19160,3776
2117,169360000,169440000,22209,4152
2118,169440000,169520000,17157,3559
2119,169520000,169600000,12571,2364
2120,169600000,169680000,21645,3981
2121,169680000,169760000,24302,4307
2122,169760000,169840000,16395,3482
2123,169840000,169920000,12086,2294
2124,169920000,170000000,20057,3973
2125,170000000,170080000,22769,4230
2126,170080000,170160000,16024,3361
2127,170160000,170240000,12775,2485
2128,170240000,170320000,22366,4002
2129,170320000,170400000,20323,3885
2130,170400000,170480000,16217,3443
2131,170480000,170560000,13974,2733
2132,170560000,170640000,20054,3992
2133,170640000,170720000,19531,3621
2134,170720000,170800000,15761,3364
2135,170800000,170880000,15843,3081
2136,170880000,170960000,23346,4001
2137,170960000,171040000,18153,3610
2138,171040000,171120000,15135,3129
2139,171120000,171200000,17189,3305
2140,171200000,171280000,21429,4011
2141,171280000,171360000,18029,3590
2142,171360000,171440000,14704,3022
2143,171440000,171520000,18029,3437
2144,171520000,171600000,22993,4107
2145,171600000,171680000,16623,3573
2146,171680000,171760000,12819,2584
2147,171760000,171840000,19089,3775
2148,171840000,171920000,21973,4155
2149,171920000,172000000,16988,3559
2150,172000000,172080000,12512,2364
2151,172080000,172160000,21646,3982
2152,172160000,172240000,24155,4307
2153,172240000,172320000,16258,3483
2154,172320000,172400000,12303,2294
2155,172400000,172480000,20431,3971
2156,172480000,172560000,22860,4222
2157,172560000,172640000,16222,3361
2158,172640000,172720000,13317,2485
2159,172720000,172800000,22559,3999
2160,172800000,172880000,20602,3880
2161,172880000,172960000,16424,3443
2162,172960000,173040000,14260,2733
2163,173040000,173120000,20555,3989
2164,173120000,173200000,19145,3620
2165,173200000,173280000,15864,3364
2166,173280000,173360000,16419,3081
2167,173360000,173440000,22951,4012
2168,173440000,173520000,18240,3617
2169,173520000,173600000,15438,3129
2170,173600000,173680000,17145,3305
2171,173680000,173760000,21146,4012
2172,173760000,173840000,18010,3593
2173,173840000,173920000,14818,3022
2174,173920000,174000000,17837,3437
2175,174000000,174080000,23506,4108
2176,174080000,174160000,16592,3568
2177,174160000,174240000,12894,2584
2178,174240000,174320000,19039,3776
2179,174320000,174400000,21810,4155
2180,174400000,174480000,17006,3556
2181,174480000,174560000,12593,2364
2182,174560000,174640000,21318,3981
2183,174640000,174720000,24432,4307
2184,174720000,174800000,16112,3482
2185,174800000,174880000,12157,2294
2186,174880000,174960000,20034,3970
2187,174960000,175040000,21828,4215
2188,175040000,175120000,15988,3361
2189,175120000,175200000,13121,2485
2190,175200000,175280000,22482,4002
2191,175280000,175360000,20770,3885
2192,175360000,175440000,16301,3443
2193,175440000,175520000,13782,2733
2194,175520000,175600000,19574,3992
2195,175600000,175680000,19290,3621
2196,175680000,175760000,15989,3364
2197,175760000,175840000,16424,3081
2198,175840000,175920000,22902,4001
2199,175920000,176000000,18316,3610
2200,176000000,176080000,15501,3129
2201,176080000,176160000,17323,3305
2202,176160000,176240000,20445,4011
2203,176240000,176320000,17994,3590
2204,176320000,176400000,14957,3022
2205,176400000,176480000,18238,3437
2206,176480000,176560000,22688,4107
2207,176560000,176640000,16769,3573
2208,176640000,176720000,12916,2584
2209,176720000,176800000,19412,3775
2210,176800000,176880000,20807,4155
2211,176880000,176960000,17339,3559
2212,176960000,177040000,12748,2364
2213,177040000,177120000,22246,3982
2214,177120000,177200000,24030,4313
2215,177200000,177280000,16391,3483
2216,177280000,177360000,12137,2294
2217,177360000,177440000,19683,3971
2218,177440000,177520000,22760,4222
2219,177520000,177600000,16110,3361
2220,177600000,177680000,13148,2485
2221,177680000,177760000,22443,3999
2222,177760000,177840000,20525,3880
2223,177840000,177920000,16453,3443
2224,177920000,178000000,13895,2733
2225,178000000,178080000,19760,3989
2226,178080000,178160000,19162,3620
2227,178160000,178240000,16272,3364
2228,178240000,178320000,16775,3081
2229,178320000,178400000,22793,4006
2230,178400000,178480000,18332,3617
2231,178480000,178560000,15341,3129
2232,178560000,178640000,16718,3305
2233,178640000,178720000,20226,4006
2234,178720000,178800000,18116,3593
2235,178800000,178880000,14675,3022
2236,178880000,178960000,17775,3437
2237,178960000,179040000,23274,4108
2238,179040000,179120000,16492,3568
2239,179120000,179200000,12917,2584
2240,179200000,179280000,19207,3776
2241,179280000,179360000,21083,4149
2242,179360000,179440000,17315,3556
2243,179440000,179520000,12472,2364
2244,179520000,179600000,21743,3981
2245,179600000,179680000,23963,4307
2246,179680000,179760000,16370,3482
2247,179760000,179840000,12055,2294
2248,179840000,179920000,20079,3970
2249,179920000,180000000,22559,4215
2250,180000000,180080000,16060,3361
2251,180080000,180160000,12815,2485
2252,180160000,180240000,22460,4002
2253,180240000,180320000,20705,3885
2254,180320000,180400000,16310,3443
2255,180400000,180480000,14064,2733
2256,180480000,180560000,19608,3992
2257,180560000,180640000,19145,3621
2258,180640000,180720000,16265,3364
2259,180720000,180800000,16001,3081
2260,180800000,180880000,23097,4001
2261,180880000,180960000,18234,3610
2262,180960000,181040000,15630,3129
2263,181040000,181120000,17399,3305
2264,181120000,181200000,19719,4005
2265,181200000,181280000,17765,3590
2266,181280000,181360000,14823,3022
2267,181360000,181440000,18101,3437
2268,181440000,181520000,22969,4107
2269,181520000,181600000,16554,3573
2270,181600000,181680000,12889,2584
2271,181680000,181760000,19272,3775
2272,181760000,181840000,21185,4158
2273,181840000,181920000,17181,3562
2274,181920000,182000000,12326,2364
2275,182000000,182080000,21766,3982
2276,182080000,182160000,24059,4301
2277,182160000,182240000,16489,3483
2278,182240000,182320000,12099,2294
2279,182320000,182400000,19908,3971
2280,182400000,182480000,22127,4222
2281,182480000,182560000,16520,3361
2282,182560000,182640000,13363,2485
2283,182640000,182720000,22706,3999
2284,182720000,182800000,20637,3886
2285,182800000,182880000,16781,3443
2286,182880000,182960000,14465,2733
2287,182960000,183040000,20060,3989
2288,183040000,183120000,18767,3620
2289,183120000,183200000,16423,3364
2290,183200000,183280000,16681,3081
2291,183280000,183360000,23065,4006
2292,183360000,183440000,18503,3617
2293,183440000,183520000,15888,3129
2294,183520000,183600000,17668,3305
2295,183600000,183680000,20403,4006
2296,183680000,183760000,18217,3593
2297,183760000,183840000,15463,3022
2298,183840000,183920000,18912,3437
2299,183920000,184000000,23225,4108
2300,184000000,184080000,16909,3568
2301,184080000,184160000,12750,2584
2302,184160000,184240000,18948,3776
2303,184240000,184320000,21609,4161
2304,184320000,184400000,16861,3556
2305,184400000,184480000,12196,2364
2306,184480000,184560000,21193,3981
2307,184560000,184640000,24508,4307
2308,184640000,184720000,15920,3482
2309,184720000,184800000,12069,2294
2310,184800000,184880000,19910,3970
2311,184880000,184960000,22630,4221
2312,184960000,185040000,15822,3361
2313,185040000,185120000,13018,2485
2314,185120000,185200000,22298,4008
2315,185200000,185280000,20288,3885
2316,185280000,185360000,16087,3443
2317,185360000,185440000,13329,2733
2318,185440000,185520000,19324,3992
2319,185520000,185600000,18961,3621
2320,185600000,185680000,15638,3364
2321,185680000,185760000,16234,3081
2322,185760000,185840000,22846,4007
2323,185840000,185920000,18110,3610
2324,185920000,186000000,15572,3129
2325,186000000,186080000,17545,3305
2326,186080000,186160000,20660,4011
2327,186160000,186240000,18150,3590
2328,186240000,186320000,15310,3022
2329,186320000,186400000,18430,3437
2330,186400000,186480000,23486,4107
2331,186480000,186560000,16889,3573
2332,186560000,186640000,13230,2584
2333,186640000,186720000,19657,3775
2334,186720000,186800000,21542,4155
2335,186800000,186880000,17159,3559
2336,186880000,186960000,12776,2364
2337,186960000,187040000,21637,3982
2338,187040000,187120000,23751,4301
2339,187120000,187200000,16338,3483
2340,187200000,187280000,12595,2294
2341,187280000,187360000,20470,3971
2342,187360000,187440000,22736,4228
2343,187440000,187520000,16128,3361
2344,187520000,187600000,13337,2485
2345,187600000,187680000,22472,3999
2346,187680000,187760000,20449,3886
2347,187760000,187840000,16499,3443
2348,187840000,187920000,13842,2733
2349,187920000,188000000,19975,3989
2350,188000000,188080000,18831,3620
2351,188080000,188160000,16085,3364
2352,188160000,188240000,16050,3081
2353,188240000,188320000,22695,4006
2354,188320000,188400000,18241,3617
2355,188400000,188480000,15673,3129
2356,188480000,188560000,17287,3305
2357,188560000,188640000,20663,4006
2358,188640000,188720000,17930,3599
2359,188720000,188800000,14778,3022
2360,188800000,188880000,17890,3437
2361,188880000,188960000,22782,4108
2362,188960000,189040000,16569,3568
2363,189040000,189120000,12768,2584
2364,189120000,189200000,19237,3776
2365,189200000,189280000,21079,4149
2366,189280000,189360000,17148,3556
2367,189360000,189440000,12362,2364
2368,189440000,189520000,21664,3981
2369,189520000,189600000,23807,4307
2370,189600000,189680000,16215,3482
2371,189680000,189760000,12132,2294
2372,189760000,189840000,19725,3970
2373,189840000,189920000,22346,4215
2374,189920000,190000000,15787,3361
2375,190000000,190080000,12482,2485
2376,190080000,190160000,22038,4002
2377,190160000,190240000,20707,3885
2378,190240000,190320000,15980,3443
2379,190320000,190400000,13831,2733
2380,190400000,190480000,20027,3992
2381,190480000,190560000,19107,3621
2382,190560000,190640000,16001,3364
2383,190640000,190720000,16238,3081
2384,190720000,190800000,22900,4001
2385,190800000,190880000,17924,3616
2386,190880000,190960000,15399,3129
2387,190960000,191040000,17045,3305
2388,191040000,191120000,20232,4005
2389,191120000,191200000,17938,3590
2390,191200000,191280000,14771,3022
2391,191280000,191360000,18256,3437
2392,191360000,191440000,23039,4113
2393,191440000,191520000,16588,3573
2394,191520000,191600000,12921,2584
2395,191600000,191680000,19389,3775
2396,191680000,191760000,21631,4158
2397,191760000,191840000,17114,3562
2398,191840000,191920000,12675,2364
2399,191920000,192000000,21735,3982
2400,192000000,192080000,23801,4301
2401,192080000,192160000,16308,3483
2402,192160000,192240000,12175,2294
2403,192240000,192320000,19797,3974
2404,192320000,192400000,22526,4231
2405,192400000,192480000,15992,3361
2406,192480000,192560000,13028,2485
2407,192560000,192640000,22526,3999
2408,192640000,192720000,20652,3880
2409,192720000,192800000,16376,3443
2410,192800000,192880000,14107,2733
2411,192880000,192960000,20036,3989
2412,192960000,193040000,19281,3620
2413,193040000,193120000,16015,3364
2414,193120000,193200000,16480,3081
2415,193200000,193280000,22799,4006
2416,193280000,193360000,18284,3617
2417,193360000,193440000,15592,3129
2418,193440000,193520000,17697,3305
2419,193520000,193600000,20439,4006
2420,193600000,193680000,18144,3593
2421,193680000,193760000,14909,3022
2422,193760000,193840000,17983,3437
2423,193840000,193920000,22981,4108
2424,193920000,194000000,16877,3568
2425,194000000,194080000,12863,2584
2426,194080000,194160000,19710,3779
2427,194160000,194240000,21628,4152
2428,194240000,194320000,17273,3556
2429,194320000,194400000,12588,2364
2430,194400000,194480000,22097,3981
2431,194480000,194560000,24323,4307
2432,194560000,194640000,16441,3482
2433,194640000,194720000,12315,2294
2434,194720000,194800000,19969,3970
2435,194800000,194880000,21840,4215
2436,194880000,194960000,16053,3361
2437,194960000,195040000,13036,2485
2438,195040000,195120000,22554,4002
2439,195120000,195200000,21046,3885
2440,195200000,195280000,16369,3443
2441,195280000,195360000,14032,2733
2442,195360000,195440000,19262,3992
2443,195440000,195520000,19161,3621
2444,195520000,195600000,16109,3364
2445,195600000,195680000,16346,3081
2446,195680000,195760000,23367,4001
2447,195760000,195840000,18130,3610
2448,195840000,195920000,15652,3129
2449,195920000,196000000,17638,3305
2450,196000000,196080000,20156,4005
2451,196080000,196160000,17873,3590
2452,196160000,196240000,15228,3022
2453,196240000,196320000,18764,3437
2454,196320000,196400000,23078,4107
2455,196400000,196480000,16654,3573
2456,196480000,196560000,13177,2584
2457,196560000,196640000,19294,3775
2458,196640000,196720000,21083,4155
2459,196720000,196800000,17272,3559
2460,196800000,196880000,12889,2364
2461,196880000,196960000,22104,3982
2462,196960000,197040000,24154,4301
2463,197040000,197120000,16442,3483
2464,197120000,197200000,12267,2294
2465,197200000,197280000,19977,3971
2466,197280000,197360000,22229,4222
2467,197360000,197440000,16332,3361
2468,197440000,197520000,13310,2485
2469,197520000,197600000,22588,3999
2470,197600000,197680000,20906,3880
2471,197680000,197760000,16549,3443
2472,197760000,197840000,13801,2733
2473,197840000,197920000,20315,3989
2474,197920000,198000000,19403,3620
2475,198000000,198080000,16084,3364
2476,198080000,198160000,16710,3081
2477,198160000,198240000,23319,4006
2478,198240000,198320000,18408,3617
2479,198320000,198400000,15602,3129
2480,198400000,198480000,17427,3305
2481,198480000,198560000,20641,4006
2482,198560000,198640000,18087,3593
2483,198640000,198720000,15048,3022
2484,198720000,198800000,18531,3437
2485,198800000,198880000,23240,4108
2486,198880000,198960000,16618,3568
2487,198960000,199040000,13306,2584
2488,199040000,199120000,20027,3776
2489,199120000,199200000,21222,4155
2490,199200000,199280000,17379,3556
2491,199280000,199360000,12536,2364
2492,199360000,199440000,21618,3981
2493,199440000,199520000,24005,4319
2494,199520000,199600000,16385,3482
2495,199600000,199680000,12551,2294
2496,199680000,199760000,20288,3970
2497,199760000,199840000,22708,4215
2498,199840000,199920000,16264,3361
2499,199920000,200000000,13205,2485
2500,200000000,200080000,22759,4002
2501,200080000,200160000,20717,3885
2502,200160000,200240000,16563,3443
2503,200240000,200320000,14321,2733
2504,200320000,200400000,19724,3998
2505,200400000,200480000,18898,3621
2506,200480000,200560000,16418,3364
2507,200560000,200640000,16320,3081
2508,200640000,200720000,23166,4015
2509,200720000,200800000,18305,3610
2510,200800000,200880000,15850,3129
2511,200880000,200960000,17858,3305
2512,200960000,201040000,19996,4005
2513,201040000,201120000,17661,3590
2514,201120000,201200000,15187,3022
2515,201200000,201280000,18480,3437
2516,201280000,201360000,22591,4107
2517,201360000,201440000,16752,3573
2518,201440000,201520000,13277,2584
2519,201520000,201600000,19890,3775
2520,201600000,201680000,21588,4155
2521,201680000,201760000,17287,3559
2522,201760000,201840000,12847,2364
2523,201840000,201920000,21944,3982
2524,201920000,202000000,23718,4301
2525,202000000,202080000,16590,3483
2526,202080000,202160000,12373,2294
2527,202160000,202240000,20312,3971
2528,202240000,202320000,22512,4222
2529,202320000,202400000,16487,3361
2530,202400000,202480000,13543,2485
2531,202480000,202560000,22586,3999
2532,202560000,202640000,20372,3880
2533,202640000,202720000,16861,3443
2534,202720000,202800000,14663,2733
2535,202800000,202880000,20050,3995
2536,202880000,202960000,18886,3620
2537,202960000,203040000,16713,3364
2538,203040000,203120000,17143,3081
2539,203120000,203200000,22859,4006
2540,203200000,203280000,18452,3617
2541,203280000,203360000,15940,3129
2542,203360000,203440000,17682,3305
2543,203440000,203520000,20441,4006
2544,203520000,203600000,18308,3599
2545,203600000,203680000,15334,3022
2546,203680000,203760000,18874,3437
2547,203760000,203840000,22798,4108
2548,203840000,203920000,16993,3568
2549,203920000,204000000,13188,2584
2550,204000000,204080000,19608,3776
2551,204080000,204160000,21317,4152
2552,204160000,204240000,17506,3559
2553,204240000,204320000,12707,2364
2554,204320000,204400000,22262,3981
2555,204400000,204480000,24309,4307
2556,204480000,204560000,16602,3482
2557,204560000,204640000,12625,2294
2558,204640000,204720000,20424,3970
2559,204720000,204800000,22497,4215
2560,204800000,204880000,16548,3361
2561,204880000,204960000,13635,2485
2562,204960000,205040000,22736,4002
2563,205040000,205120000,20792,3885
2564,205120000,205200000,16926,3443
2565,205200000,205280000,14501,2733
2566,205280000,205360000,19847,3995
2567,205360000,205440000,19075,3624
2568,205440000,205520000,16658,3364
2569,205520000,205600000,17441,3081
2570,205600000,205680000,22954,4001
2571,205680000,205760000,18172,3610
2572,205760000,205840000,16412,3129
2573,205840000,205920000,18761,3305
2574,205920000,206000000,20353,4011
2575,206000000,206080000,18353,3590
2576,206080000,206160000,15739,3022
2577,206160000,206240000,19066,3437
2578,206240000,206320000,22669,4113
2579,206320000,206400000,16894,3573
2580,206400000,206480000,13615,2584
2581,206480000,206560000,20038,3775
2582,206560000,206640000,22204,4167
2583,206640000,206720000,17328,3559
2584,206720000,206800000,12186,2364
2585,206800000,206880000,20887,3982
2586,206880000,206960000,23473,4301
2587,206960000,207040000,16034,3483
2588,207040000,207120000,11670,2294
2589,207120000,207200000,19311,3971
2590,207200000,207280000,22002,4222
2591,207280000,207360000,15759,3361
2592,207360000,207440000,12695,2485
2593,207440000,207520000,21817,4005
2594,207520000,207600000,20791,3886
2595,207600000,207680000,16132,3443
2596,207680000,207760000,13463,2733
2597,207760000,207840000,19815,3989
2598,207840000,207920000,18749,3620
2599,207920000,208000000,15820,3364
2600,208000000,208080000,16092,3081
2601,208080000,208160000,22466,4006
2602,208160000,208240000,18166,3617
2603,208240000,208320000,15133,3129
2604,208320000,208400000,17157,3305
2605,208400000,208480000,19797,4006
2606,208480000,208560000,17857,3593
2607,208560000,208640000,14789,3022
2608,208640000,208720000,17834,3437
2609,208720000,208800000,22177,4108
2610,208800000,208880000,16327,3568
2611,208880000,208960000,12746,2584
2612,208960000,209040000,18845,3779
2613,209040000,209120000,20782,4152
2614,209120000,209200000,17027,3556
2615,209200000,209280000,12584,2364
2616,209280000,209360000,21760,3981
2617,209360000,209440000,24172,4313
2618,209440000,209520000,16351,3482
2619,209520000,209600000,12252,2294
2620,209600000,209680000,20014,3970
2621,209680000,209760000,22097,4215
2622,209760000,209840000,16063,3361
2623,209840000,209920000,12871,2485
2624,209920000,210000000,21969,4002
2625,210000000,210080000,20033,3885
2626,210080000,210160000,16249,3443
2627,210160000,210240000,14200,2733
2628,210240000,210320000,19719,3992
2629,210320000,210400000,19149,3621
2630,210400000,210480000,16118,3364
2631,210480000,210560000,16436,3081
2632,210560000,210640000,22829,4001
2633,210640000,210720000,18393,3616
2634,210720000,210800000,15737,3129
2635,210800000,210880000,17750,3305
2636,210880000,210960000,20506,4005
2637,210960000,211040000,17895,3590
2638,211040000,211120000,14965,3022
2639,211120000,211200000,18415,3437
2640,211200000,211280000,23198,4107
2641,211280000,211360000,16977,3579
2642,211360000,211440000,12777,2584
2643,211440000,211520000,18983,3775
2644,211520000,211600000,21254,4155
2645,211600000,211680000,16947,3559
2646,211680000,211760000,12624,2364
2647,211760000,211840000,21894,3982
2648,211840000,211920000,24498,4301
2649,211920000,212000000,16363,3483
2650,212000000,212080000,12471,2294
2651,212080000,212160000,20428,3971
2652,212160000,212240000,22549,4222
2653,212240000,212320000,16315,3361
2654,212320000,212400000,13360,2485
2655,212400000,212480000,22494,4005
2656,212480000,212560000,21007,3880
2657,212560000,212640000,16591,3443
2658,212640000,212720000,14387,2733
2659,212720000,212800000,20589,3989
2660,212800000,212880000,19090,3620
2661,212880000,212960000,16332,3364
2662,212960000,213040000,16867,3081
2663,213040000,213120000,22911,4006
2664,213120000,213200000,18632,3617
2665,213200000,213280000,15972,3129
2666,213280000,213360000,17714,3305
2667,213360000,213440000,20776,4006
2668,213440000,213520000,18441,3593
2669,213520000,213600000,15228,3022
2670,213600000,213680000,18516,3437
2671,213680000,213760000,23312,4114
2672,213760000,213840000,16884,3568
2673,213840000,213920000,13204,2584
2674,213920000,214000000,19769,3776
2675,214000000,214080000,21579,4149
2676,214080000,214160000,17390,3556
2677,214160000,214240000,12864,2364
2678,214240000,214320000,21767,3981
2679,214320000,214400000,24312,4307
2680,214400000,214480000,16492,3482
2681,214480000,214560000,12488,2294
2682,214560000,214640000,20289,3979
2683,214640000,214720000,22252,4224
2684,214720000,214800000,16410,3361
2685,214800000,214880000,13527,2485
2686,214880000,214960000,22772,4008
2687,214960000,215040000,20744,3885
2688,215040000,215120000,16928,3443
2689,215120000,215200000,14641,2733
2690,215200000,215280000,20006,3992
2691,215280000,215360000,19276,3621
2692,215360000,215440000,16492,3364
2693,215440000,215520000,16948,3081
2694,215520000,215600000,23193,4007
2695,215600000,215680000,18497,3610
2696,215680000,215760000,15808,3129
2697,215760000,215840000,17781,3305
2698,215840000,215920000,20971,4005
2699,215920000,216000000,17785,3590
2700,216000000,216080000,15273,3022
2701,216080000,216160000,18645,3437
2702,216160000,216240000,22722,4107
2703,216240000,216320000,16864,3573
2704,216320000,216400000,13355,2584
2705,216400000,216480000,19891,3775
2706,216480000,216560000,21058,4155
2707,216560000,216640000,17459,3559
2708,216640000,216720000,12944,2364
2709,216720000,216800000,22574,3982
2710,216800000,216880000,24371,4301
2711,216880000,216960000,16609,3483
2712,216960000,217040000,12524,2294
2713,217040000,217120000,20446,3971
2714,217120000,217200000,22620,4222
2715,217200000,217280000,16247,3361
2716,217280000,217360000,13468,2485
2717,217360000,217440000,22560,4005
2718,217440000,217520000,20693,3880
2719,217520000,217600000,16703,3443
2720,217600000,217680000,14191,2733
2721,217680000,217760000,20046,3989
2722,217760000,217840000,18844,3620
2723,217840000,217920000,16321,3364
2724,217920000,218000000,16844,3081
2725,218000000,218080000,22943,4006
2726,218080000,218160000,18572,3617
2727,218160000,218240000,15567,3129
2728,218240000,218320000,17377,3305
2729,218320000,218400000,20719,4006
2730,218400000,218480000,18056,3593
2731,218480000,218560000,15024,3022
2732,218560000,218640000,18345,3437
2733,218640000,218720000,22767,4108
2734,218720000,218800000,16640,3568
2735,218800000,218880000,13276,2584
2736,218880000,218960000,19824,3776
2737,218960000,219040000,20919,4149
2738,219040000,219120000,17534,3556
2739,219120000,219200000,12801,2364
2740,219200000,219280000,22218,3981
2741,219280000,219360000,23822,4307
2742,219360000,219440000,16850,3482
2743,219440000,219520000,12770,2294
2744,219520000,219600000,20677,3970
2745,219600000,219680000,22133,4215
2746,219680000,219760000,16625,3361
2747,219760000,219840000,13598,2485
2748,219840000,219920000,22794,4002
2749,219920000,220000000,20630,3885
2750,220000000,220080000,16703,3443
2751,220080000,220160000,14481,2733
2752,220160000,220240000,19764,3992
2753,220240000,220320000,18886,3621
2754,220320000,220400000,16517,3364
2755,220400000,220480000,16524,3081
2756,220480000,220560000,22973,4001
2757,220560000,220640000,18080,3610
2758,220640000,220720000,16140,3129
2759,220720000,220800000,18084,3305
2760,220800000,220880000,20115,4005
2761,220880000,220960000,17708,3590
2762,220960000,221040000,15313,3022
2763,221040000,221120000,18691,3437
2764,221120000,221200000,22866,4107
2765,221200000,221280000,16579,3573
2766,221280000,221360000,13117,2584
2767,221360000,221440000,19458,3775
2768,221440000,221520000,21026,4155
2769,221520000,221600000,17320,3559
2770,221600000,221680000,12792,2364
2771,221680000,221760000,22003,3982
2772,221760000,221840000,23794,4313
2773,221840000,221920000,16770,3483
2774,221920000,222000000,12699,2294
2775,222000000,222080000,20437,3971
2776,222080000,222160000,22096,4222
2777,222160000,222240000,16813,3361
2778,222240000,222320000,13711,2485
2779,222320000,222400000,22869,3999
2780,222400000,222480000,20682,3880
2781,222480000,222560000,16937,3443
2782,222560000,222640000,14618,2733
2783,222640000,222720000,20484,3995
2784,222720000,222800000,18682,3620
2785,222800000,222880000,16605,3364
2786,222880000,222960000,17066,3081
2787,222960000,223040000,22883,4012
2788,223040000,223120000,18304,3617
2789,223120000,223200000,16174,3129
2790,223200000,223280000,17951,3305
2791,223280000,223360000,20134,4006
2792,223360000,223440000,18190,3593
2793,223440000,223520000,15589,3022
2794,223520000,223600000,18909,3437
2795,223600000,223680000,22980,4108
2796,223680000,223760000,17065,3568
2797,223760000,223840000,13364,2584
2798,223840000,223920000,19992,3776
2799,223920000,224000000,21683,4149
2800,224000000,224080000,17534,3556
2801,224080000,224160000,13004,2364
2802,224160000,224240000,22452,3981
2803,224240000,224320000,24481,4307
2804,224320000,224400000,16647,3482
2805,224400000,224480000,12366,2294
2806,224480000,224560000,20653,3970
2807,224560000,224640000,22460,4215
2808,224640000,224720000,16272,3361
2809,224720000,224800000,13391,2485
2810,224800000,224880000,22879,4002
2811,224880000,224960000,20589,3885
2812,224960000,225040000,16387,3443
2813,225040000,225120000,13404,2733
2814,225120000,225200000,19531,3995
2815,225200000,225280000,18905,3624
2816,225280000,225360000,15811,3364
2817,225360000,225440000,16295,3081
2818,225440000,225520000,22982,4000
2819,225520000,225600000,18142,3610
2820,225600000,225680000,15625,3129
2821,225680000,225760000,17587,3305
2822,225760000,225840000,20353,4011
2823,225840000,225920000,18268,3590
2824,225920000,226000000,15098,3022
2825,226000000,226080000,18719,3437
2826,226080000,226160000,23306,4107
2827,226160000,226240000,17076,3573
2828,226240000,226320000,13267,2584
2829,226320000,226400000,20039,3775
2830,226400000,226480000,20745,4155
2831,226480000,226560000,17562,3559
2832,226560000,226640000,12901,2364
2833,226640000,226720000,22129,3982
2834,226720000,226800000,23814,4307
2835,226800000,226880000,16707,3483
2836,226880000,226960000,12447,2294
2837,226960000,227040000,20513,3971
2838,227040000,227120000,22927,4222
2839,227120000,227200000,16382,3361
2840,227200000,227280000,13482,2485
2841,227280000,227360000,22853,3999
2842,227360000,227440000,20572,3880
2843,227440000,227520000,16879,3443
2844,227520000,227600000,14488,2733
2845,227600000,227680000,19889,3989
2846,227680000,227760000,18914,3620
2847,227760000,227840000,16004,3364
2848,227840000,227920000,15715,3081
2849,227920000,228000000,23065,4006
2850,228000000,228080000,18719,3617
2851,228080000,228160000,15042,3129
2852,228160000,228240000,16952,3305
2853,228240000,228320000,21459,4006
2854,228320000,228400000,17835,3593
2855,228400000,228480000,14968,3022
2856,228480000,228560000,18139,3437
2857,228560000,228640000,23095,4108
2858,228640000,228720000,16604,3568
2859,228720000,228800000,13051,2584
2860,228800000,228880000,19150,3776
2861,228880000,228960000,21359,4161
2862,228960000,229040000,16896,3556
2863,229040000,229120000,12318,2364
2864,229120000,229200000,21369,3981
2865,229200000,229280000,24336,4313
2866,229280000,229360000,16101,3482
2867,229360000,229440000,12027,2294
2868,229440000,229520000,19937,3970
2869,229520000,229600000,22668,4221
2870,229600000,229680000,15700,3361
2871,229680000,229760000,12466,2485
2872,229760000,229840000,22223,4008
2873,229840000,229920000,21119,3891
2874,229920000,230000000,15812,3443
2875,230000000,230080000,13606,2733
2876,230080000,230160000,20404,3992
2877,230160000,230240000,19418,3621
2878,230240000,230320000,15694,3364
2879,230320000,230400000,15892,3081
2880,230400000,230480000,23080,4001
2881,230480000,230560000,18589,3610
2882,230560000,230640000,15050,3129
2883,230640000,230720000,16595,3305
2884,230720000,230800000,20758,4005
2885,230800000,230880000,17750,3590
2886,230880000,230960000,14706,3022
2887,230960000,231040000,17911,3437
2888,231040000,231120000,22936,4107
2889,231120000,231200000,16549,3573
2890,231200000,231280000,12843,2584
2891,231280000,231360000,18950,3778
2892,231360000,231440000,21757,4158
2893,231440000,231520000,16720,3559
2894,231520000,231600000,12628,2364
2895,231600000,231680000,21718,3982
2896,231680000,231760000,24203,4307
2897,231760000,231840000,16302,3483
2898,231840000,231920000,12308,2294
2899,231920000,232000000,20350,3971
2900,232000000,232080000,22610,4222
2901,232080000,232160000,15963,3361
2902,232160000,232240000,13213,2485
2903,232240000,232320000,22108,3999
2904,232320000,232400000,21119,3880
2905,232400000,232480000,16358,3443
2906,232480000,232560000,14128,2733
2907,232560000,232640000,20465,3989
2908,232640000,232720000,19421,3620
2909,232720000,232800000,16083,3364
2910,232800000,232880000,16681,3081
2911,232880000,232960000,22779,4006
2912,232960000,233040000,18587,3617
2913,233040000,233120000,15894,3129
2914,233120000,233200000,17942,3305
2915,233200000,233280000,21224,4006
2916,233280000,233360000,18244,3593
2917,233360000,233440000,14959,3022
2918,233440000,233520000,17686,3437
2919,233520000,233600000,22813,4108
2920,233600000,233680000,16800,3568
2921,233680000,233760000,12798,2584
2922,233760000,233840000,19375,3776
2923,233840000,233920000,21861,4149
2924,233920000,234000000,16963,3556
2925,234000000,234080000,12615,2364
2926,234080000,234160000,21660,3987
2927,234160000,234240000,24295,4313
2928,234240000,234320000,16195,3482
2929,234320000,234400000,12016,2294
2930,234400000,234480000,20381,3970
2931,234480000,234560000,22571,4215
2932,234560000,234640000,15725,3361
2933,234640000,234720000,12810,2485
2934,234720000,234800000,22290,4002
2935,234800000,234880000,21290,3885
2936,234880000,234960000,16150,3443
2937,234960000,235040000,13931,2733
2938,235040000,235120000,20714,3992
2939,235120000,235200000,19293,3621
2940,235200000,235280000,16047,3364
2941,235280000,235360000,16470,3081
2942,235360000,235440000,22926,4001
2943,235440000,235520000,18527,3610
2944,235520000,235600000,15520,3129
2945,235600000,235680000,17546,3305
2946,235680000,235760000,21054,4011
2947,235760000,235840000,17763,3596
2948,235840000,235920000,15116,3022
2949,235920000,236000000,18726,3437
2950,236000000,236080000,22941,4113
2951,236080000,236160000,17152,3573
2952,236160000,236240000,13109,2584
2953,236240000,236320000,19453,3775
2954,236320000,236400000,22076,4155
2955,236400000,236480000,16976,3559
2956,236480000,236560000,12695,2364
2957,236560000,236640000,21743,3982
2958,236640000,236720000,24726,4301
2959,236720000,236800000,16305,3483
2960,236800000,236880000,12199,2294
2961,236880000,236960000,20283,3974
2962,236960000,237040000,22044,4231
2963,237040000,237120000,16020,3361
2964,237120000,237200000,13234,2485
2965,237200000,237280000,22561,3999
2966,237280000,237360000,21225,3886
2967,237360000,237440000,16504,3443
2968,237440000,237520000,14071,2733
2969,237520000,237600000,20642,3989
2970,237600000,237680000,19365,3620
2971,237680000,237760000,16230,3364
2972,237760000,237840000,16986,3081
2973,237840000,237920000,23402,4006
2974,237920000,238000000,18917,3623
2975,238000000,238080000,15619,3129
2976,238080000,238160000,17324,3305
2977,238160000,238240000,22031,4006
2978,238240000,238320000,18199,3593
2979,238320000,238400000,14960,3022
2980,238400000,238480000,18421,3437
2981,238480000,238560000,23127,4114
2982,238560000,238640000,16720,3568
2983,238640000,238720000,13311,2584
2984,238720000,238800000,19895,3776
2985,238800000,238880000,22112,4149
2986,238880000,238960000,17075,3556
2987,238960000,239040000,12509,2364
2988,239040000,239120000,21362,3981
2989,239120000,239200000,24434,4307
2990,239200000,239280000,16108,3482
2991,239280000,239360000,12382,2294
2992,239360000,239440000,20447,3970
2993,239440000,239520000,22865,4215
2994,239520000,239600000,16025,3361
2995,239600000,239680000,13168,2485
2996,239680000,239760000,22711,4008
2997,239760000,239840000,21220,3885
2998,239840000,239920000,16465,3443
2999,239920000,240000000,14150,2733
3000,240000000,240080000,20494,3992
3001,240080000,240160000,19518,3621
3002,240160000,240240000,16170,3364
3003,240240000,240320000,16082,3081
3004,240320000,240400000,23537,4001
3005,240400000,240480000,18875,3610
3006,240480000,240560000,15607,3129
3007,240560000,240640000,17710,3305
3008,240640000,240720000,20628,4005
3009,240720000,240800000,17667,3590
3010,240800000,240880000,15244,3022
3011,240880000,240960000,18504,3437
3012,240960000,241040000,22981,4113
3013,241040000,241120000,16834,3573
3014,241120000,241200000,13295,2584
3015,241200000,241280000,19808,3775
3016,241280000,241360000,21670,4155
3017,241360000,241440000,16994,3559
3018,241440000,241520000,12769,2364
3019,241520000,241600000,21867,3982
3020,241600000,241680000,24296,4301
3021,241680000,241760000,16538,3483
3022,241760000,241840000,12556,2294
3023,241840000,241920000,20418,3971
3024,241920000,242000000,22628,4222
3025,242000000,242080000,16465,3361
3026,242080000,242160000,13631,2485
3027,242160000,242240000,22384,3999
3028,242240000,242320000,20615,3880
3029,242320000,242400000,16524,3443
3030,242400000,242480000,14216,2733
3031,242480000,242560000,20340,3995
3032,242560000,242640000,19148,3620
3033,242640000,242720000,16214,3364
3034,242720000,242800000,16915,3081
3035,242800000,242880000,22907,4006
3036,242880000,242960000,18611,3617
3037,242960000,243040000,15684,3129
3038,243040000,243120000,17660,3305
3039,243120000,243200000,21196,4006
3040,243200000,243280000,18403,3593
3041,243280000,243360000,15436,3022
3042,243360000,243440000,18850,3437
3043,243440000,243520000,23418,4108
3044,243520000,243600000,16887,3568
3045,243600000,243680000,12613,2584
3046,243680000,243760000,18524,3776
3047,243760000,243840000,21806,4149
3048,243840000,243920000,16857,3556
3049,243920000,244000000,12138,2364
3050,244000000,244080000,21075,3981
3051,244080000,244160000,24807,4319
3052,244160000,244240000,16009,3482
3053,244240000,244320000,11891,2294
3054,244320000,244400000,20225,3970
3055,244400000,244480000,22508,4215
3056,244480000,244560000,15557,3361
3057,244560000,244640000,12464,2485
3058,244640000,244720000,21973,4002
3059,244720000,244800000,20973,3891
3060,244800000,244880000,15857,3443
3061,244880000,244960000,13173,2733
3062,244960000,245040000,19748,3998
3063,245040000,245120000,18905,3621
3064,245120000,245200000,15670,3364
3065,245200000,245280000,16043,3081
3066,245280000,245360000,22735,4007
3067,245360000,245440000,18123,3610
3068,245440000,245520000,15563,3129
3069,245520000,245600000,17405,3305
3070,245600000,245680000,20581,4005
3071,245680000,245760000,17926,3590
3072,245760000,245840000,15172,3022
3073,245840000,245920000,18183,3437
3074,245920000,246000000,23241,4107
3075,246000000,246080000,16852,3573
3076,246080000,246160000,13290,2584
3077,246160000,246240000,19553,3775
3078,246240000,246320000,21888,4155
3079,246320000,246400000,17171,3559
3080,246400000,246480000,12679,2364
3081,246480000,246560000,21551,3982
3082,246560000,246640000,23932,4301
3083,246640000,246720000,16349,3483
3084,246720000,246800000,12233,2294
3085,246800000,246880000,20292,3977
3086,246880000,246960000,22559,4222
3087,246960000,247040000,15926,3361
3088,247040000,247120000,13035,2485
3089,247120000,247200000,22692,3999
3090,247200000,247280000,21124,3880
3091,247280000,247360000,16329,3443
3092,247360000,247440000,13695,2733
3093,247440000,247520000,20466,3989
3094,247520000,247600000,18919,3620
3095,247600000,247680000,15977,3364
3096,247680000,247760000,16277,3081
3097,247760000,247840000,22714,4006
3098,247840000,247920000,18626,3617
3099,247920000,248000000,15466,3129
3100,248000000,248080000,17285,3305
3101,248080000,248160000,20895,4012
3102,248160000,248240000,17833,3593
3103,248240000,248320000,15122,3022
3104,248320000,248400000,18183,3437
3105,248400000,248480000,22902,4108
3106,248480000,248560000,16825,3568
3107,248560000,248640000,13319,2584
3108,248640000,248720000,19865,3776
3109,248720000,248800000,22367,4149
3110,248800000,248880000,17320,3556
3111,248880000,248960000,12967,2364
3112,248960000,249040000,22290,3981
3113,249040000,249120000,24844,4307
3114,249120000,249200000,16645,3482
3115,249200000,249280000,12284,2294
3116,249280000,249360000,20411,3970
3117,249360000,249440000,22463,4215
3118,249440000,249520000,16227,3361
3119,249520000,249600000,12988,2485
3120,249600000,249680000,22522,4002
3121,249680000,249760000,21038,3885
3122,249760000,249840000,16360,3443
3123,249840000,249920000,13958,2733
3124,249920000,250000000,20650,3992
3125,250000000,250080000,19463,3621
3126,250080000,250160000,16107,3364
3127,250160000,250240000,16219,3081
3128,250240000,250320000,23473,4001
3129,250320000,250400000,18902,3610
3130,250400000,250480000,15801,3129
3131,250480000,250560000,17651,3305
3132,250560000,250640000,21825,4005
3133,250640000,250720000,17841,3590
3134,250720000,250800000,15366,3022
3135,250800000,250880000,18486,3437
3136,250880000,250960000,23095,4107
3137,250960000,251040000,16747,3573
3138,251040000,251120000,13376,2584
3139,251120000,251200000,19333,3775
3140,251200000,251280000,21890,4161
3141,251280000,251360000,16908,3559
3142,251360000,251440000,12432,2364
3143,251440000,251520000,21419,3982
3144,251520000,251600000,24442,4307
3145,251600000,251680000,16112,3483
3146,251680000,251760000,12207,2294
3147,251760000,251840000,20147,3971
3148,251840000,251920000,22518,4222
3149,251920000,252000000,15996,3361
3150,252000000,252080000,13058,2485
3151,252080000,252160000,22255,4005
3152,252160000,252240000,21069,3886
3153,252240000,252320000,16262,3443
3154,252320000,252400000,14037,2733
3155,252400000,252480000,20951,3989
3156,252480000,252560000,19237,3620
3157,252560000,252640000,15887,3364
3158,252640000,252720000,16466,3081
3159,252720000,252800000,22840,4006
3160,252800000,252880000,18841,3617
3161,252880000,252960000,15583,3129
3162,252960000,253040000,17281,3305
3163,253040000,253120000,20732,4006
3164,253120000,253200000,18288,3593
3165,253200000,253280000,15024,3022
3166,253280000,253360000,17801,3437
3167,253360000,253440000,23469,4108
3168,253440000,253520000,16651,3568
3169,253520000,253600000,12941,2584
3170,253600000,253680000,19045,3776
3171,253680000,253760000,21664,4149
3172,253760000,253840000,16723,3556
3173,253840000,253920000,12595,2364
3174,253920000,254000000,21340,3981
3175,254000000,254080000,24116,4307
3176,254080000,254160000,16044,3482
3177,254160000,254240000,12209,2294
3178,254240000,254320000,19987,3970
3179,254320000,254400000,22268,4215
3180,254400000,254480000,15923,3361
3181,254480000,254560000,13174,2485
3182,254560000,254640000,22484,4002
3183,254640000,254720000,20916,3885
3184,254720000,254800000,16352,3443
3185,254800000,254880000,13904,2733
3186,254880000,254960000,20237,3992
3187,254960000,255040000,19533,3621
3188,255040000,255120000,16201,3364
3189,255120000,255200000,16595,3081
3190,255200000,255280000,22981,4001
3191,255280000,255360000,18501,3610
3192,255360000,255440000,15658,3129
3193,255440000,255520000,17327,3305
3194,255520000,255600000,20969,4011
3195,255600000,255680000,17842,3596
3196,255680000,255760000,14997,3022
3197,255760000,255840000,18075,3437
3198,255840000,255920000,23423,4107
3199,255920000,256000000,16768,3579
3200,256000000,256080000,13109,2584
3201,256080000,256160000,19435,3775
3202,256160000,256240000,21764,4155
3203,256240000,256320000,17138,3559
3204,256320000,256400000,12871,2364
3205,256400000,256480000,22113,3982
3206,256480000,256560000,24244,4301
3207,256560000,256640000,16343,3483
3208,256640000,256720000,12531,2294
3209,256720000,256800000,20480,3971
3210,256800000,256880000,23013,4222
3211,256880000,256960000,16094,3361
3212,256960000,257040000,13417,2485
3213,257040000,257120000,22657,3999
3214,257120000,257200000,20948,3880
3215,257200000,257280000,16597,3443
3216,257280000,257360000,14248,2733
3217,257360000,257440000,20222,3992
3218,257440000,257520000,19034,3623
3219,257520000,257600000,16369,3364
3220,257600000,257680000,17049,3081
3221,257680000,257760000,22636,4016
3222,257760000,257840000,18377,3617
3223,257840000,257920000,15593,3129
3224,257920000,258000000,17102,3305
3225,258000000,258080000,20578,4006
3226,258080000,258160000,17968,3593
3227,258160000,258240000,15005,3022
3228,258240000,258320000,17995,3437
3229,258320000,258400000,23692,4116
3230,258400000,258480000,16499,3568
3231,258480000,258560000,13235,2584
3232,258560000,258640000,19458,3776
3233,258640000,258720000,21676,4149
3234,258720000,258800000,17343,3556
3235,258800000,258880000,12959,2364
3236,258880000,258960000,22263,3981
3237,258960000,259040000,24360,4315
3238,259040000,259120000,16515,3482
3239,259120000,259200000,12710,2294
3240,259200000,259280000,20515,3973
3241,259280000,259360000,22707,4224
3242,259360000,259440000,16415,3361
3243,259440000,259520000,13484,2485
3244,259520000,259600000,22649,4002
3245,259600000,259680000,21081,3895
3246,259680000,259760000,16777,3443
3247,259760000,259840000,14697,2733
3248,259840000,259920000,20537,3992
3249,259920000,260000000,19337,3621
3250,260000000,260080000,16793,3364
3251,260080000,260160000,16823,3081
3252,260160000,260240000,23436,4001
3253,260240000,260320000,18611,3610
3254,260320000,260400000,15933,3129
3255,260400000,260480000,17841,3305
3256,260480000,260560000,20870,4005
3257,260560000,260640000,17801,3590
3258,260640000,260720000,14878,3022
3259,260720000,260800000,17958,3437
3260,260800000,260880000,23010,4107
3261,260880000,260960000,16541,3573
3262,260960000,261040000,13030,2584
3263,261040000,261120000,19201,3775
3264,261120000,261200000,21934,4155
3265,261200000,261280000,16927,3559
3266,261280000,261360000,12711,2364
3267,261360000,261440000,21816,3982
3268,261440000,261520000,24669,4301
3269,261520000,261600000,16335,3483
3270,261600000,261680000,12515,2294
3271,261680000,261760000,20726,3971
3272,261760000,261840000,22288,4228
3273,261840000,261920000,16287,3361
3274,261920000,262000000,13569,2485
3275,262000000,262080000,22803,3999
3276,262080000,262160000,21007,3880
3277,262160000,262240000,16617,3443
3278,262240000,262320000,14457,2733
3279,262320000,262400000,20724,3989
3280,262400000,262480000,18916,3626
3281,262480000,262560000,16179,3364
3282,262560000,262640000,16355,3081
3283,262640000,262720000,22877,4006
3284,262720000,262800000,18515,3617
3285,262800000,262880000,15639,3129
3286,262880000,262960000,17292,3305
3287,262960000,263040000,20627,4006
3288,263040000,263120000,18090,3593
3289,263120000,263200000,15376,3022
3290,263200000,263280000,18532,3437
3291,263280000,263360000,23210,4108
3292,263360000,263440000,16667,3568
3293,263440000,263520000,13021,2584
3294,263520000,263600000,19320,3776
3295,263600000,263680000,22106,4149
3296,263680000,263760000,17053,3556
3297,263760000,263840000,12634,2364
3298,263840000,263920000,21660,3981
3299,263920000,264000000,24541,4307
3300,264000000,264080000,16210,3482
3301,264080000,264160000,12471,2294
3302,264160000,264240000,20542,3970
3303,264240000,264320000,22787,4215
3304,264320000,264400000,16204,3361
3305,264400000,264480000,13437,2485
3306,264480000,264560000,22735,4002
3307,264560000,264640000,21053,3885
3308,264640000,264720000,16381,3443
3309,264720000,264800000,13680,2733
3310,264800000,264880000,19854,3992
3311,264880000,264960000,19196,3621
3312,264960000,265040000,15940,3364
3313,265040000,265120000,16660,3081
3314,265120000,265200000,22968,4001
3315,265200000,265280000,18242,3610
3316,265280000,265360000,15794,3129
3317,265360000,265440000,18000,3305
3318,265440000,265520000,21435,4005
3319,265520000,265600000,17937,3590
3320,265600000,265680000,15236,3022
3321,265680000,265760000,18196,3437
3322,265760000,265840000,23388,4107
3323,265840000,265920000,17004,3573
3324,265920000,266000000,13014,2584
3325,266000000,266080000,19530,3775
3326,266080000,266160000,21623,4155
3327,266160000,266240000,17174,3559
3328,266240000,266320000,12606,2364
3329,266320000,266400000,21287,3982
3330,266400000,266480000,24023,4313
3331,266480000,266560000,16340,3483
3332,266560000,266640000,12319,2294
3333,266640000,266720000,20400,3971
3334,266720000,266800000,23119,4228
3335,266800000,266880000,15962,3361
3336,266880000,266960000,12940,2485
3337,266960000,267040000,22403,3999
3338,267040000,267120000,21087,3880
3339,267120000,267200000,16331,3443
3340,267200000,267280000,13801,2733
3341,267280000,267360000,20633,3995
3342,267360000,267440000,19615,3620
3343,267440000,267520000,16024,3364
3344,267520000,267600000,16071,3081
3345,267600000,267680000,23054,4006
3346,267680000,267760000,18607,3617
3347,267760000,267840000,15488,3129
3348,267840000,267920000,17324,3305
3349,267920000,268000000,21281,4006
3350,268000000,268080000,18146,3593
3351,268080000,268160000,15188,3022
3352,268160000,268240000,18329,3437
3353,268240000,268320000,23023,4108
3354,268320000,268400000,16856,3574
3355,268400000,268480000,13325,2584
3356,268480000,268560000,19713,3776
3357,268560000,268640000,22160,4152
3358,268640000,268720000,17422,3559
3359,268720000,268800000,12944,2364
3360,268800000,268880000,22263,3981
3361,268880000,268960000,24186,4307
3362,268960000,269040000,16720,3482
3363,269040000,269120000,12640,2294
3364,269120000,269200000,20487,3976
3365,269200000,269280000,22515,4215
3366,269280000,269360000,16214,3361
3367,269360000,269440000,12767,2485
3368,269440000,269520000,22402,4002
3369,269520000,269600000,20895,3885
3370,269600000,269680000,16166,3443
3371,269680000,269760000,14060,2733
3372,269760000,269840000,20549,3998
3373,269840000,269920000,19493,3621
3374,269920000,270000000,16149,3364
3375,270000000,270080000,16508,3081
3376,270080000,270160000,22939,4001
3377,270160000,270240000,18342,3610
3378,270240000,270320000,15643,3129
3379,270320000,270400000,17443,3305
3380,270400000,270480000,20962,4005
3381,270480000,270560000,18096,3590
3382,270560000,270640000,15043,3022
3383,270640000,270720000,18637,3437
3384,270720000,270800000,23599,4107
3385,270800000,270880000,16886,3573
3386,270880000,270960000,13188,2584
3387,270960000,271040000,19843,3775
3388,271040000,271120000,22386,4155
3389,271120000,271200000,17301,3559
3390,271200000,271280000,13061,2364
3391,271280000,271360000,22108,3982
3392,271360000,271440000,24492,4301
3393,271440000,271520000,16414,3483
3394,271520000,271600000,12260,2294
3395,271600000,271680000,20115,3971
3396,271680000,271760000,22899,4222
3397,271760000,271840000,15787,3361
3398,271840000,271920000,12970,2485
3399,271920000,272000000,22036,3999
3400,272000000,272080000,20548,3880
3401,272080000,272160000,16106,3443
3402,272160000,272240000,13849,2733
3403,272240000,272320000,20447,3989
3404,272320000,272400000,19217,3620
3405,272400000,272480000,15949,3364
3406,272480000,272560000,16422,3081
3407,272560000,272640000,22454,4012
3408,272640000,272720000,18506,3617
3409,272720000,272800000,15649,3129
3410,272800000,272880000,17621,3305
3411,272880000,272960000,21346,4006
3412,272960000,273040000,17923,3593
3413,273040000,273120000,15019,3022
3414,273120000,273200000,17700,3437
3415,273200000,273280000,22670,4108
3416,273280000,273360000,16752,3568
3417,273360000,273440000,13125,2584
3418,273440000,273520000,19538,3776
3419,273520000,273600000,21628,4155
3420,273600000,273680000,16866,3556
3421,273680000,273760000,12564,2364
3422,273760000,273840000,21162,3987
3423,273840000,273920000,24465,4307
3424,273920000,274000000,16227,3482
3425,274000000,274080000,12103,2294
3426,274080000,274160000,20016,3970
3427,274160000,274240000,22515,4215
3428,274240000,274320000,15854,3361
3429,274320000,274400000,12910,2485
3430,274400000,274480000,22285,4008
3431,274480000,274560000,20939,3891
3432,274560000,274640000,16268,3443
3433,274640000,274720000,13939,2733
3434,274720000,274800000,20221,3992
3435,274800000,274880000,19435,3621
3436,274880000,274960000,16107,3364
3437,274960000,275040000,16375,3081
3438,275040000,275120000,22945,4001
3439,275120000,275200000,18464,3610
3440,275200000,275280000,15596,3129
3441,275280000,275360000,17645,3305
3442,275360000,275440000,21056,4005
3443,275440000,275520000,17935,3590
3444,275520000,275600000,15436,3022
3445,275600000,275680000,18786,3437
3446,275680000,275760000,23367,4107
3447,275760000,275840000,17001,3573
3448,275840000,275920000,13412,2584
3449,275920000,276000000,19592,3775
3450,276000000,276080000,21624,4155
3451,276080000,276160000,17107,3559
3452,276160000,276240000,12942,2364
3453,276240000,276320000,21811,3982
3454,276320000,276400000,23639,4301
3455,276400000,276480000,16475,3483
3456,276480000,276560000,12339,2294
3457,276560000,276640000,20377,3977
3458,276640000,276720000,22410,4222
3459,276720000,276800000,16318,3361
3460,276800000,276880000,13371,2485
3461,276880000,276960000,22415,3999
3462,276960000,277040000,20744,3880
3463,277040000,277120000,16591,3443
3464,277120000,277200000,13801,2733
3465,277200000,277280000,20318,3989
3466,277280000,277360000,19069,3620
3467,277360000,277440000,16122,3364
3468,277440000,277520000,16644,3081
3469,277520000,277600000,22832,4006
3470,277600000,277680000,18462,3617
3471,277680000,277760000,15704,3129
3472,277760000,277840000,17336,3305
3473,277840000,277920000,20981,4012
3474,277920000,278000000,17965,3593
3475,278000000,278080000,14847,3022
3476,278080000,278160000,17963,3437
3477,278160000,278240000,22681,4108
3478,278240000,278320000,16459,3568
3479,278320000,278400000,13021,2584
3480,278400000,278480000,19536,3776
3481,278480000,278560000,21346,4149
3482,278560000,278640000,17067,3556
3483,278640000,278720000,12444,2364
3484,278720000,278800000,21291,3981
3485,278800000,278880000,23958,4313
3486,278880000,278960000,16350,3482
3487,278960000,279040000,12403,2294
3488,279040000,279120000,20313,3970
3489,279120000,279200000,23225,4215
3490,279200000,279280000,16150,3361
3491,279280000,279360000,13170,2485
3492,279360000,279440000,22440,4002
3493,279440000,279520000,21007,3891
3494,279520000,279600000,16493,3443
3495,279600000,279680000,14367,2733
3496,279680000,279760000,20389,3992
3497,279760000,279840000,19616,3621
3498,279840000,279920000,16348,3364
3499,279920000,280000000,16410,3081
3500,280000000,280080000,23018,4001
3501,280080000,280160000,18592,3610
3502,280160000,280240000,15914,3129
3503,280240000,280320000,17984,3305
3504,280320000,280400000,20680,4005
3505,280400000,280480000,17736,3590
3506,280480000,280560000,15154,3022
3507,280560000,280640000,18297,3437
3508,280640000,280720000,22488,4107
3509,280720000,280800000,16874,3573
3510,280800000,280880000,13154,2584
3511,280880000,280960000,19919,3775
3512,280960000,281040000,22199,4155
3513,281040000,281120000,17268,3559
3514,281120000,281200000,12376,2364
3515,281200000,281280000,21375,3982
3516,281280000,281360000,23901,4301
3517,281360000,281440000,16678,3483
3518,281440000,281520000,12079,2294
3519,281520000,281600000,20168,3974
3520,281600000,281680000,22806,4231
3521,281680000,281760000,16462,3361
3522,281760000,281840000,13141,2485
3523,281840000,281920000,22132,3999
3524,281920000,282000000,20985,3880
3525,282000000,282080000,16861,3443
3526,282080000,282160000,14260,2733
3527,282160000,282240000,20566,3995
3528,282240000,282320000,19262,3620
3529,282320000,282400000,16625,3364
3530,282400000,282480000,16823,3081
3531,282480000,282560000,22472,4012
3532,282560000,282640000,18940,3617
3533,282640000,282720000,15672,3129
3534,282720000,282800000,16879,3305
3535,282800000,282880000,21403,4006
3536,282880000,282960000,18306,3593
3537,282960000,283040000,14997,3022
3538,283040000,283120000,18013,3437
3539,283120000,283200000,22388,4108
3540,283200000,283280000,17136,3568
3541,283280000,283360000,12965,2584
3542,283360000,283440000,19127,3776
3543,283440000,283520000,21927,4149
3544,283520000,283600000,17376,3556
3545,283600000,283680000,12481,2364
3546,283680000,283760000,21527,3981
3547,283760000,283840000,24876,4307
3548,283840000,283920000,16578,3482
3549,283920000,284000000,12205,2294
3550,284000000,284080000,20552,3970
3551,284080000,284160000,23319,4215
3552,284160000,284240000,16350,3361
3553,284240000,284320000,13043,2485
3554,284320000,284400000,22372,4002
3555,284400000,284480000,21123,3885
3556,284480000,284560000,16715,3443
3557,284560000,284640000,13879,2733
3558,284640000,284720000,20233,3992
3559,284720000,284800000,19603,3621
3560,284800000,284880000,16285,3364
3561,284880000,284960000,16630,3081
3562,284960000,285040000,22449,4007
3563,285040000,285120000,18838,3610
3564,285120000,285200000,15968,3129
3565,285200000,285280000,17984,3305
3566,285280000,285360000,21426,4005
3567,285360000,285440000,18399,3590
3568,285440000,285520000,15576,3022
3569,285520000,285600000,18749,3437
3570,285600000,285680000,22952,4113
3571,285680000,285760000,17449,3573
3572,285760000,285840000,13748,2584
3573,285840000,285920000,20300,3775
3574,285920000,286000000,22342,4155
3575,286000000,286080000,17681,3559
3576,286080000,286160000,12825,2364
3577,286160000,286240000,21642,3982
3578,286240000,286320000,24281,4301
3579,286320000,286400000,16994,3483
3580,286400000,286480000,12511,2294
3581,286480000,286560000,21019,3971
3582,286560000,286640000,22837,4222
3583,286640000,286720000,16641,3361
3584,286720000,286800000,13503,2485
3585,286800000,286880000,22697,3999
3586,286880000,286960000,21198,3886
3587,286960000,287040000,16904,3443
3588,287040000,287120000,14079,2733
3589,287120000,287200000,20540,3989
3590,287200000,287280000,19419,3620
3591,287280000,287360000,16370,3364
3592,287360000,287440000,16784,3081
3593,287440000,287520000,22865,4006
3594,287520000,287600000,18692,3617
3595,287600000,287680000,15831,3129
3596,287680000,287760000,17949,3305
3597,287760000,287840000,21532,4006
3598,287840000,287920000,18221,3593
3599,287920000,288000000,15296,3022
3600,288000000,288080000,18154,3437
3601,288080000,288160000,22451,4108
3602,288160000,288240000,16737,3568
3603,288240000,288320000,13263,2584
3604,288320000,288400000,19425,3776
3605,288400000,288480000,21824,4149
3606,288480000,288560000,17392,3556
3607,288560000,288640000,13050,2364
3608,288640000,288720000,22148,3981
3609,288720000,288800000,24335,4319
3610,288800000,288880000,16907,3482
3611,288880000,288960000,12438,2294
3612,288960000,289040000,20438,3976
3613,289040000,289120000,22566,4215
3614,289120000,289200000,16506,3361
3615,289200000,289280000,12913,2485
3616,289280000,289360000,22122,4002
3617,289360000,289440000,20755,3885
3618,289440000,289520000,16675,3443
3619,289520000,289600000,14318,2733
3620,289600000,289680000,20218,4004
3621,289680000,289760000,19791,3633
3622,289760000,289840000,16510,3364
3623,289840000,289920000,16609,3081
3624,289920000,290000000,23157,4001
3625,290000000,290080000,18971,3616
3626,290080000,290160000,16118,3129
3627,290160000,290240000,17992,3305
3628,290240000,290320000,21239,4005
3629,290320000,290400000,18388,3590
3630,290400000,290480000,15437,3022
3631,290480000,290560000,18711,3437
3632,290560000,290640000,23345,4107
3633,290640000,290720000,17286,3573
3634,290720000,290800000,13487,2584
3635,290800000,290880000,19862,3775
3636,290880000,290960000,22373,4155
3637,290960000,291040000,17392,3559
3638,291040000,291120000,13064,2364
3639,291120000,291200000,22145,3982
3640,291200000,291280000,24011,4301
3641,291280000,291360000,17028,3483
3642,291360000,291440000,12792,2294
3643,291440000,291520000,20975,3971
3644,291520000,291600000,23283,4222
3645,291600000,291680000,16763,3361
3646,291680000,291760000,13255,2485
3647,291760000,291840000,22305,3999
3648,291840000,291920000,20702,3880
3649,291920000,292000000,16870,3443
3650,292000000,292080000,14373,2733
3651,292080000,292160000,20904,3989
3652,292160000,292240000,19457,3620
3653,292240000,292320000,16615,3364
3654,292320000,292400000,16972,3081
3655,292400000,292480000,22805,4006
3656,292480000,292560000,19157,3617
3657,292560000,292640000,16225,3129
3658,292640000,292720000,17964,3305
3659,292720000,292800000,21313,4006
3660,292800000,292880000,18633,3593
3661,292880000,292960000,15591,3022
3662,292960000,293040000,18740,3437
3663,293040000,293120000,23082,4108
3664,293120000,293200000,17515,3568
3665,293200000,293280000,13622,2584
3666,293280000,293360000,20124,3776
3667,293360000,293440000,22150,4149
3668,293440000,293520000,17512,3556
3669,293520000,293600000,13171,2364
3670,293600000,293680000,22040,3981
3671,293680000,293760000,24247,4307
3672,293760000,293840000,16670,3482
3673,293840000,293920000,12493,2294
3674,293920000,294000000,20232,3970
3675,294000000,294080000,22213,4215
3676,294080000,294160000,16433,3361
3677,294160000,294240000,13557,2485
3678,294240000,294320000,22713,4008
3679,294320000,294400000,20832,3885
3680,294400000,294480000,17004,3443
3681,294480000,294560000,14602,2733
3682,294560000,294640000,20098,3992
3683,294640000,294720000,19204,3621
3684,294720000,294800000,16686,3364
3685,294800000,294880000,17144,3081
3686,294880000,294960000,23223,4001
3687,294960000,295040000,18546,3610
3688,295040000,295120000,16131,3129
3689,295120000,295200000,18057,3305
3690,295200000,295280000,20768,4005
3691,295280000,295360000,18430,3590
3692,295360000,295440000,15684,3022
3693,295440000,295520000,18438,3437
3694,295520000,295600000,22708,4107
3695,295600000,295680000,17036,3573
3696,295680000,295760000,13594,2584
3697,295760000,295840000,19611,3775
3698,295840000,295920000,20681,4164
3699,295920000,296000000,17403,3562
3700,296000000,296080000,12556,2364
3701,296080000,296160000,21716,3982
3702,296160000,296240000,24094,4301
3703,296240000,296320000,16343,3483
3704,296320000,296400000,12031,2294
3705,296400000,296480000,19952,3971
3706,296480000,296560000,22665,4228
3707,296560000,296640000,15936,3361
3708,296640000,296720000,13139,2485
3709,296720000,296800000,22136,4005
3710,296800000,296880000,20889,3886
3711,296880000,296960000,16351,3443
3712,296960000,297040000,13893,2733
3713,297040000,297120000,20371,3989
3714,297120000,297200000,19269,3620
3715,297200000,297280000,15951,3364
3716,297280000,297360000,16575,3081
3717,297360000,297440000,22315,4006
3718,297440000,297520000,18664,3617
3719,297520000,297600000,15159,3129
3720,297600000,297680000,17098,3305
3721,297680000,297760000,20988,4006
3722,297760000,297840000,18523,3593
3723,297840000,297920000,14675,3022
3724,297920000,298000000,18154,3437
3725,298000000,298080000,22634,4108
3726,298080000,298160000,17025,3568
3727,298160000,298240000,12836,2584
3728,298240000,298320000,19682,3776
3729,298320000,298400000,21623,4149
3730,298400000,298480000,17620,3556
3731,298480000,298560000,12457,2364
3732,298560000,298640000,22014,3981
3733,298640000,298720000,24436,4307
3734,298720000,298800000,16686,3482
3735,298800000,298880000,12486,2294
3736,298880000,298960000,20405,3970
3737,298960000,299040000,22800,4215
3738,299040000,299120000,16147,3361
3739,299120000,299200000,13147,2485
3740,299200000,299280000,22088,4002
3741,299280000,299360000,20641,3885
3742,299360000,299440000,16175,3443
3743,299440000,299520000,14229,2733
3744,299520000,299600000,20172,3992
3745,299600000,299680000,19086,3621
3746,299680000,299760000,16006,3364
3747,299760000,299840000,15993,3081
3748,299840000,299920000,22808,4001
3749,299920000,300000000,18699,3610
3750,300000000,300080000,15469,3129
3751,300080000,300160000,17486,3305
3752,300160000,300240000,20426,4005
3753,300240000,300320000,17851,3590
3754,300320000,300400000,14710,3022
3755,300400000,300480000,17942,3437
3756,300480000,300560000,22464,4107
3757,300560000,300640000,16749,3573
3758,300640000,300720000,12685,2584
3759,300720000,300800000,19142,3775
3760,300800000,300880000,21146,4161
3761,300880000,300960000,17151,3559
3762,300960000,301040000,12442,2364
3763,301040000,301120000,21553,3982
3764,301120000,301200000,23740,4301
3765,301200000,301280000,16513,3483
3766,301280000,301360000,12403,2294
3767,301360000,301440000,20365,3971
3768,301440000,301520000,22407,4222
3769,301520000,301600000,16412,3361
3770,301600000,301680000,13452,2485
3771,301680000,301760000,22529,3999
3772,301760000,301840000,20908,3880
3773,301840000,301920000,16615,3443
3774,301920000,302000000,14328,2733
3775,302000000,302080000,20323,3989
3776,302080000,302160000,19267,3620
3777,302160000,302240000,16296,3364
3778,302240000,302320000,16759,3081
3779,302320000,302400000,22649,4006
3780,302400000,302480000,18687,3623
3781,302480000,302560000,15746,3129
3782,302560000,302640000,17412,3305
3783,302640000,302720000,20504,4006
3784,302720000,302800000,18388,3599
3785,302800000,302880000,15238,3022
3786,302880000,302960000,18425,3437
3787,302960000,303040000,22790,4108
3788,303040000,303120000,17202,3568
3789,303120000,303200000,12790,2584
3790,303200000,303280000,19528,3779
3791,303280000,303360000,21953,4152
3792,303360000,303440000,17443,3556
3793,303440000,303520000,12501,2364
3794,303520000,303600000,21816,3981
3795,303600000,303680000,24386,4307
3796,303680000,303760000,16701,3482
3797,303760000,303840000,12286,2294
3798,303840000,303920000,20500,3973
3799,303920000,304000000,22681,4224
3800,304000000,304080000,16514,3361
3801,304080000,304160000,13376,2485
3802,304160000,304240000,22787,4002
3803,304240000,304320000,21416,3885
3804,304320000,304400000,16560,3443
3805,304400000,304480000,13499,2733
3806,304480000,304560000,19582,3992
3807,304560000,304640000,18773,3621
3808,304640000,304720000,15849,3364
3809,304720000,304800000,16442,3081
3810,304800000,304880000,22213,4007
3811,304880000,304960000,18709,3616
3812,304960000,305040000,15479,3129
3813,305040000,305120000,17375,3305
3814,305120000,305200000,21110,4005
3815,305200000,305280000,18045,3590
3816,305280000,305360000,14937,3022
3817,305360000,305440000,18425,3437
3818,305440000,305520000,23253,4107
3819,305520000,305600000,17455,3573
3820,305600000,305680000,13229,2584
3821,305680000,305760000,20050,3775
3822,305760000,305840000,21715,4155
3823,305840000,305920000,17362,3559
3824,305920000,306000000,12723,2364
3825,306000000,306080000,21618,3982
3826,306080000,306160000,24115,4301
3827,306160000,306240000,16710,3483
3828,306240000,306320000,12457,2294
3829,306320000,306400000,20577,3971
3830,306400000,306480000,23203,4222
3831,306480000,306560000,16308,3361
3832,306560000,306640000,13436,2485
3833,306640000,306720000,22481,3999
3834,306720000,306800000,21331,3886
3835,306800000,306880000,16789,3443
3836,306880000,306960000,14410,2733
3837,306960000,307040000,21006,3989
3838,307040000,307120000,19566,3620
3839,307120000,307200000,16240,3364
3840,307200000,307280000,16554,3081
3841,307280000,307360000,22800,4006
3842,307360000,307440000,19146,3617
3843,307440000,307520000,15524,3129
3844,307520000,307600000,17822,3305
3845,307600000,307680000,21873,4006
3846,307680000,307760000,18233,3593
3847,307760000,307840000,15283,3022
3848,307840000,307920000,18834,3437
3849,307920000,308000000,22436,4108
3850,308000000,308080000,17192,3574
3851,308080000,308160000,13358,2584
3852,308160000,308240000,19965,3776
3853,308240000,308320000,21994,4149
3854,308320000,308400000,17513,3556
3855,308400000,308480000,12891,2364
3856,308480000,308560000,21950,3981
3857,308560000,308640000,24506,4307
3858,308640000,308720000,16978,3482
3859,308720000,308800000,12760,2294
3860,308800000,308880000,20633,3970
3861,308880000,308960000,22800,4215
3862,308960000,309040000,16639,3361
3863,309040000,309120000,13177,2485
3864,309120000,309200000,22184,4002
3865,309200000,309280000,21285,3885
3866,309280000,309360000,16599,3443
3867,309360000,309440000,14300,2733
3868,309440000,309520000,20796,3992
3869,309520000,309600000,19474,3621
3870,309600000,309680000,16379,3364
3871,309680000,309760000,16801,3081
3872,309760000,309840000,23089,4001
3873,309840000,309920000,18950,3610
3874,309920000,310000000,15598,3129
3875,310000000,310080000,17119,3305
3876,310080000,310160000,20852,4005
3877,310160000,310240000,17916,3590
3878,310240000,310320000,14859,3022
3879,310320000,310400000,18273,3437
3880,310400000,310480000,22703,4107
3881,310480000,310560000,17062,3573
3882,310560000,310640000,12883,2584
3883,310640000,310720000,19388,3775
3884,310720000,310800000,21423,4155
3885,310800000,310880000,17239,3559
3886,310880000,310960000,12771,2364
3887,310960000,311040000,21812,3982
3888,311040000,311120000,24907,4307
3889,311120000,311200000,16805,3483
3890,311200000,311280000,12546,2294
3891,311280000,311360000,20586,3971
3892,311360000,311440000,22734,4222
3893,311440000,311520000,16511,3361
3894,311520000,311600000,13756,2485
3895,311600000,311680000,22509,3999
3896,311680000,311760000,21203,3880
3897,311760000,311840000,16802,3443
3898,311840000,311920000,14545,2733
3899,311920000,312000000,20493,4001
3900,312000000,312080000,19542,3626
3901,312080000,312160000,16528,3364
3902,312160000,312240000,17248,3081
3903,312240000,312320000,23061,4006
3904,312320000,312400000,19070,3617
3905,312400000,312480000,16150,3129
3906,312480000,312560000,18473,3305
3907,312560000,312640000,21583,4006
3908,312640000,312720000,18626,3593
3909,312720000,312800000,15517,3022
3910,312800000,312880000,18685,3437
3911,312880000,312960000,22941,4108
3912,312960000,313040000,17348,3568
3913,313040000,313120000,13373,2584
3914,313120000,313200000,20257,3776
3915,313200000,313280000,21598,4152
3916,313280000,313360000,17646,3559
3917,313360000,313440000,13166,2364
3918,313440000,313520000,22383,3981
3919,313520000,313600000,24962,4307
3920,313600000,313680000,17008,3482
3921,313680000,313760000,12748,2294
3922,313760000,313840000,20873,3970
3923,313840000,313920000,22660,4215
3924,313920000,314000000,16378,3361
3925,314000000,314080000,13312,2485
3926,314080000,314160000,22428,4002
3927,314160000,314240000,21627,3885
3928,314240000,314320000,16557,3443
3929,314320000,314400000,14367,2733
3930,314400000,314480000,20744,3992
3931,314480000,314560000,19467,3621
3932,314560000,314640000,16470,3364
3933,314640000,314720000,17075,3081
3934,314720000,314800000,22939,4001
3935,314800000,314880000,18964,3610
3936,314880000,314960000,15921,3129
3937,314960000,315040000,18275,3305
3938,315040000,315120000,20817,4005
3939,315120000,315200000,18243,3596
3940,315200000,315280000,15394,3022
3941,315280000,315360000,19352,3437
3942,315360000,315440000,22898,4107
3943,315440000,315520000,17453,3573
3944,315520000,315600000,13118,2584
3945,315600000,315680000,19276,3775
3946,315680000,315760000,21694,4155
3947,315760000,315840000,17427,3559
3948,315840000,315920000,12827,2364
3949,315920000,316000000,22136,3982
3950,316000000,316080000,24841,4301
3951,316080000,316160000,16569,3483
3952,316160000,316240000,12226,2294
3953,316240000,316320000,20128,3971
3954,316320000,316400000,22706,4222
3955,316400000,316480000,16293,3361
3956,316480000,316560000,13361,2485
3957,316560000,316640000,23070,3999
3958,316640000,316720000,21245,3880
3959,316720000,316800000,16712,3443
3960,316800000,316880000,14156,2733
3961,316880000,316960000,20181,3989
3962,316960000,317040000,19692,3620
3963,317040000,317120000,16497,3364
3964,317120000,317200000,17219,3081
3965,317200000,317280000,23728,4006
3966,317280000,317360000,18993,3617
3967,317360000,317440000,15869,3129
3968,317440000,317520000,17607,3305
3969,317520000,317600000,21135,4006
3970,317600000,317680000,18503,3593
3971,317680000,317760000,15248,3022
3972,317760000,317840000,18735,3437
3973,317840000,317920000,23110,4108
3974,317920000,318000000,17021,3568
3975,318000000,318080000,13521,2584
3976,318080000,318160000,20093,3776
3977,318160000,318240000,21249,4152
3978,318240000,318320000,17481,3559
3979,318320000,318400000,12229,2364
3980,318400000,318480000,21524,3981
3981,318480000,318560000,24547,4307
3982,318560000,318640000,16404,3482
3983,318640000,318720000,12190,2294
3984,318720000,318800000,20763,3970
3985,318800000,318880000,23142,4215
3986,318880000,318960000,16141,3361
3987,318960000,319040000,12838,2485
3988,319040000,319120000,22850,4008
3989,319120000,319200000,21332,3897
3990,319200000,319280000,16539,3443
3991,319280000,319360000,14004,2733
3992,319360000,319440000,20584,3992
3993,319440000,319520000,19849,3621
3994,319520000,319600000,16244,3364
3995,319600000,319680000,15996,3081
3996,319680000,319760000,23626,4001
3997,319760000,319840000,18889,3610
3998,319840000,319920000,15864,3129
3999,319920000,320000000,17674,3305
4000,320000000,320080000,20890,4005
4001,320080000,320160000,18150,3590
4002,320160000,320240000,15304,3022
4003,320240000,320320000,18504,3437
4004,320320000,320400000,23012,4107
4005,320400000,320480000,17072,3573
4006,320480000,320560000,13265,2584
4007,320560000,320640000,19888,3775
4008,320640000,320720000,22116,4155
4009,320720000,320800000,17317,3559
4010,320800000,320880000,12551,2364
4011,320880000,320960000,21898,3982
4012,320960000,321040000,24718,4301
4013,321040000,321120000,16585,3483
4014,321120000,321200000,12299,2294
4015,321200000,321280000,20441,3971
4016,321280000,321360000,22707,4222
4017,321360000,321440000,16417,3361
4018,321440000,321520000,13374,2485
4019,321520000,321600000,22791,3999
4020,321600000,321680000,20836,3880
4021,321680000,321760000,16728,3443
4022,321760000,321840000,14345,2733
4023,321840000,321920000,20190,3989
4024,321920000,322000000,19026,3620
4025,322000000,322080000,16532,3364
4026,322080000,322160000,16990,3081
4027,322160000,322240000,23320,4006
4028,322240000,322320000,18990,3617
4029,322320000,322400000,16089,3129
4030,322400000,322480000,17749,3305
4031,322480000,322560000,20780,4006
4032,322560000,322640000,18344,3593
4033,322640000,322720000,15711,3022
4034,322720000,322800000,18925,3437
4035,322800000,322880000,23504,4108
4036,322880000,322960000,17073,3568
4037,322960000,323040000,13106,2584
4038,323040000,323120000,19235,3776
4039,323120000,323200000,21918,4149
4040,323200000,323280000,17436,3556
4041,323280000,323360000,12597,2364
4042,323360000,323440000,22182,3981
4043,323440000,323520000,25026,4307
4044,323520000,323600000,16525,3482
4045,323600000,323680000,12502,2294
4046,323680000,323760000,20637,3970
4047,323760000,323840000,22688,4215
4048,323840000,323920000,16258,3361
4049,323920000,324000000,13128,2485
4050,324000000,324080000,22610,4002
4051,324080000,324160000,21261,3885
4052,324160000,324240000,16652,3443
4053,324240000,324320000,14121,2733
4054,324320000,324400000,19987,3992
4055,324400000,324480000,19172,3621
4056,324480000,324560000,16315,3364
4057,324560000,324640000,17037,3081
4058,324640000,324720000,23655,4001
4059,324720000,324800000,18949,3616
4060,324800000,324880000,15979,3129
4061,324880000,324960000,17583,3305
4062,324960000,325040000,20932,4005
4063,325040000,325120000,18207,3590
4064,325120000,325200000,14990,3022
4065,325200000,325280000,18275,3437
4066,325280000,325360000,23718,4107
4067,325360000,325440000,17357,3573
4068,325440000,325520000,13196,2584
4069,325520000,325600000,19912,3775
4070,325600000,325680000,22087,4155
4071,325680000,325760000,17482,3559
4072,325760000,325840000,12614,2364
4073,325840000,325920000,21808,3982
4074,325920000,326000000,24374,4301
4075,326000000,326080000,16785,3483
4076,326080000,326160000,12448,2294
4077,326160000,326240000,20572,3974
4078,326240000,326320000,23180,4231
4079,326320000,326400000,16312,3361
4080,326400000,326480000,13134,2485
4081,326480000,326560000,22614,3999
4082,326560000,326640000,21301,3880
4083,326640000,326720000,16568,3443
4084,326720000,326800000,13851,2733
4085,326800000,326880000,20342,3989
4086,326880000,326960000,19179,3620
4087,326960000,327040000,16189,3364
4088,327040000,327120000,16324,3081
4089,327120000,327200000,23039,4012
4090,327200000,327280000,18636,3617
4091,327280000,327360000,15438,3129
4092,327360000,327440000,17107,3305
4093,327440000,327520000,20778,4006
4094,327520000,327600000,17905,3593
4095,327600000,327680000,14936,3022
4096,327680000,327760000,18085,3437
4097,327760000,327840000,22842,4108
4098,327840000,327920000,17084,3568
4099,327920000,328000000,13064,2584
4100,328000000,328080000,19487,3776
4101,328080000,328160000,22199,4149
4102,328160000,328240000,17444,3556
4103,328240000,328320000,12706,2364
4104,328320000,328400000,22091,3981
4105,328400000,328480000,24797,4307
4106,328480000,328560000,16779,3482
4107,328560000,328640000,12154,2294
4108,328640000,328720000,20097,3970
4109,328720000,328800000,22472,4215
4110,328800000,328880000,16356,3361
4111,328880000,328960000,12735,2485
4112,328960000,329040000,22295,4002
4113,329040000,329120000,20946,3891
4114,329120000,329200000,16586,3443
4115,329200000,329280000,13930,2733
4116,329280000,329360000,20394,3992
4117,329360000,329440000,19736,3621
4118,329440000,329520000,16220,3364
4119,329520000,329600000,16066,3081
4120,329600000,329680000,23254,4001
4121,329680000,329760000,18948,3610
4122,329760000,329840000,15725,3129
4123,329840000,329920000,17504,3305
4124,329920000,330000000,20995,4011
4125,330000000,330080000,17949,3590
4126,330080000,330160000,15227,3022
4127,330160000,330240000,18320,3437
4128,330240000,330320000,23104,4107
4129,330320000,330400000,17199,3573
4130,330400000,330480000,13295,2584
4131,330480000,330560000,19569,3775
4132,330560000,330640000,21500,4155
4133,330640000,330720000,17510,3559
4134,330720000,330800000,12814,2364
4135,330800000,330880000,21874,3982
4136,330880000,330960000,24613,4301
4137,330960000,331040000,16971,3483
4138,331040000,331120000,12729,2294
4139,331120000,331200000,20888,3977
4140,331200000,331280000,22545,4222
4141,331280000,331360000,16878,3361
4142,331360000,331440000,13625,2485
4143,331440000,331520000,22774,3999
4144,331520000,331600000,20783,3886
4145,331600000,331680000,16767,3443
4146,331680000,331760000,14205,2733
4147,331760000,331840000,20492,3989
4148,331840000,331920000,19230,3620
4149,331920000,332000000,15975,3364
4150,332000000,332080000,16521,3081
4151,332080000,332160000,23296,4006
4152,332160000,332240000,18705,3617
4153,332240000,332320000,15528,3129
4154,332320000,332400000,17190,3305
4155,332400000,332480000,20708,4006
4156,332480000,332560000,18385,3593
4157,332560000,332640000,14679,3022
4158,332640000,332720000,17804,3437
4159,332720000,332800000,23222,4108
4160,332800000,332880000,17131,3568
4161,332880000,332960000,12714,2584
4162,332960000,333040000,19267,3776
4163,333040000,333120000,21447,4149
4164,333120000,333200000,17227,3556
4165,333200000,333280000,12456,2364
4166,333280000,333360000,21575,3987
4167,333360000,333440000,24344,4313
4168,333440000,333520000,16500,3482
4169,333520000,333600000,12320,2294
4170,333600000,333680000,20424,3970
4171,333680000,333760000,22160,4215
4172,333760000,333840000,16194,3361
4173,333840000,333920000,13267,2485
4174,333920000,334000000,22702,4002
4175,334000000,334080000,21036,3885
4176,334080000,334160000,16562,3443
4177,334160000,334240000,14080,2733
4178,334240000,334320000,19871,3998
4179,334320000,334400000,19218,3627
4180,334400000,334480000,16257,3364
4181,334480000,334560000,16734,3081
4182,334560000,334640000,23492,4001
4183,334640000,334720000,18652,3610
4184,334720000,334800000,15718,3129
4185,334800000,334880000,17636,3305
4186,334880000,334960000,20177,4005
4187,334960000,335040000,17989,3590
4188,335040000,335120000,15038,3022
4189,335120000,335200000,18537,3437
4190,335200000,335280000,23011,4107
4191,335280000,335360000,17275,3573
4192,335360000,335440000,13152,2584
4193,335440000,335520000,19767,3775
4194,335520000,335600000,22016,4158
4195,335600000,335680000,17578,3562
4196,335680000,335760000,12969,2364
4197,335760000,335840000,22694,3982
4198,335840000,335920000,24511,4301
4199,335920000,336000000,16905,3483
4200,336000000,336080000,12641,2294
4201,336080000,336160000,20422,3971
4202,336160000,336240000,22359,4222
4203,336240000,336320000,16355,3361
4204,336320000,336400000,13494,2485
4205,336400000,336480000,22862,3999
4206,336480000,336560000,21193,3888
4207,336560000,336640000,16685,3443
4208,336640000,336720000,14310,2733
4209,336720000,336800000,20500,3992
4210,336800000,336880000,19145,3623
4211,336880000,336960000,16517,3364
4212,336960000,337040000,17132,3081
4213,337040000,337120000,22925,4006
4214,337120000,337200000,18687,3617
4215,337200000,337280000,15350,3129
4216,337280000,337360000,16719,3305
4217,337360000,337440000,20479,4006
4218,337440000,337520000,17858,3593
4219,337520000,337600000,14752,3022
4220,337600000,337680000,17735,3437
4221,337680000,337760000,22982,4108
4222,337760000,337840000,16758,3568
4223,337840000,337920000,12936,2584
4224,337920000,338000000,19236,3776
4225,338000000,338080000,21210,4149
4226,338080000,338160000,17429,3556
4227,338160000,338240000,12539,2364
4228,338240000,338320000,21789,3981
4229,338320000,338400000,24106,4307
4230,338400000,338480000,16591,3482
4231,338480000,338560000,12319,2294
4232,338560000,338640000,20371,3970
4233,338640000,338720000,22261,4221
4234,338720000,338800000,16266,3361
4235,338800000,338880000,13040,2485
4236,338880000,338960000,22686,4002
4237,338960000,339040000,20906,3891
4238,339040000,339120000,16571,3443
4239,339120000,339200000,14243,2733
4240,339200000,339280000,20172,3992
4241,339280000,339360000,19355,3621
4242,339360000,339440000,16411,3364
4243,339440000,339520000,15948,3081
4244,339520000,339600000,23155,4001
4245,339600000,339680000,18543,3610
4246,339680000,339760000,15576,3129
4247,339760000,339840000,17341,3305
4248,339840000,339920000,20162,4011
4249,339920000,340000000,18022,3590
4250,340000000,340080000,14910,3022
4251,340080000,340160000,17974,3437
4252,340160000,340240000,22837,4107
4253,340240000,340320000,16807,3573
4254,340320000,340400000,13037,2584
4255,340400000,340480000,19234,3775
4256,340480000,340560000,21649,4155
4257,340560000,340640000,17215,3559
4258,340640000,340720000,12318,2364
4259,340720000,340800000,21424,3982
4260,340800000,340880000,24149,4301
4261,340880000,340960000,16492,3483
4262,340960000,341040000,12140,2294
4263,341040000,341120000,20217,3977
4264,341120000,341200000,22323,4222
4265,341200000,341280000,16373,3361
4266,341280000,341360000,13364,2485
4267,341360000,341440000,22526,4005
4268,341440000,341520000,20474,3892
4269,341520000,341600000,16606,3443
4270,341600000,341680000,14286,2733
4271,341680000,341760000,20052,3989
4272,341760000,341840000,18769,3626
4273,341840000,341920000,16258,3364
4274,341920000,342000000,16420,3081
4275,342000000,342080000,22991,4006
4276,342080000,342160000,18481,3617
4277,342160000,342240000,15638,3129
4278,342240000,342320000,17386,3305
4279,342320000,342400000,20752,4018
4280,342400000,342480000,18432,3593
4281,342480000,342560000,15240,3022
4282,342560000,342640000,18575,3437
4283,342640000,342720000,23042,4108
4284,342720000,342800000,17064,3568
4285,342800000,342880000,12735,2584
4286,342880000,342960000,19259,3776
4287,342960000,343040000,21440,4152
4288,343040000,343120000,17365,3559
4289,343120000,343200000,12499,2364
4290,343200000,343280000,21673,3981
4291,343280000,343360000,24406,4307
4292,343360000,343440000,16449,3482
4293,343440000,343520000,12302,2294
4294,343520000,343600000,20559,3970
4295,343600000,343680000,23090,4215
4296,343680000,343760000,16275,3361
4297,343760000,343840000,13333,2485
4298,343840000,343920000,22549,4002
4299,343920000,344000000,20628,3885
4300,344000000,344080000,16540,3443
4301,344080000,344160000,13758,2733
4302,344160000,344240000,19573,3992
4303,344240000,344320000,18600,3621
4304,344320000,344400000,15903,3364
4305,344400000,344480000,16676,3081
4306,344480000,344560000,21915,4001
4307,344560000,344640000,17980,3616
4308,344640000,344720000,15774,3129
4309,344720000,344800000,17954,3305
4310,344800000,344880000,20709,4005
4311,344880000,344960000,17918,3590
4312,344960000,345040000,15509,3022
4313,345040000,345120000,18673,3437
4314,345120000,345200000,22483,4107
4315,345200000,345280000,16969,3573
4316,345280000,345360000,13453,2584
4317,345360000,345440000,19969,3775
4318,345440000,345520000,21396,4155
4319,345520000,345600000,17247,3559
4320,345600000,345680000,12963,2364
4321,345680000,345760000,21360,3982
4322,345760000,345840000,23124,4307
4323,345840000,345920000,16665,3483
4324,345920000,346000000,12728,2294
4325,346000000,346080000,20706,3971
4326,346080000,346160000,22744,4228
4327,346160000,346240000,16317,3361
4328,346240000,346320000,13559,2485
4329,346320000,346400000,22104,3999
4330,346400000,346480000,20345,3880
4331,346480000,346560000,16696,3443
4332,346560000,346640000,14320,2733
4333,346640000,346720000,20059,3989
4334,346720000,346800000,18554,3620
4335,346800000,346880000,16257,3364
4336,346880000,346960000,16501,3081
4337,346960000,347040000,21816,4012
4338,347040000,347120000,18584,3617
4339,347120000,347200000,15739,3129
4340,347200000,347280000,17719,3305
4341,347280000,347360000,21057,4006
4342,347360000,347440000,17881,3593
4343,347440000,347520000,15297,3022
4344,347520000,347600000,18472,3437
4345,347600000,347680000,21906,4108
4346,347680000,347760000,16780,3568
4347,347760000,347840000,13380,2584
4348,347840000,347920000,19801,3776
4349,347920000,348000000,21840,4149
4350,348000000,348080000,17523,3556
4351,348080000,348160000,13014,2364
4352,348160000,348240000,21958,3981
4353,348240000,348320000,23972,4307
4354,348320000,348400000,16856,3482
4355,348400000,348480000,12665,2294
4356,348480000,348560000,20258,3973
4357,348560000,348640000,22151,4224
4358,348640000,348720000,16233,3361
4359,348720000,348800000,13072,2485
4360,348800000,348880000,21943,4002
4361,348880000,348960000,20684,3885
4362,348960000,349040000,16466,3443
4363,349040000,349120000,14420,2733
4364,349120000,349200000,20058,3992
4365,349200000,349280000,18985,3621
4366,349280000,349360000,16438,3364
4367,349360000,349440000,16852,3081
4368,349440000,349520000,22525,4007
4369,349520000,349600000,18234,3616
4370,349600000,349680000,15729,3129
4371,349680000,349760000,17403,3305
4372,349760000,349840000,21120,4005
4373,349840000,349920000,18035,3590
4374,349920000,350000000,14964,3022
4375,350000000,350080000,18489,3437
4376,350080000,350160000,22901,4107
4377,350160000,350240000,16841,3573
4378,350240000,350320000,13104,2584
4379,350320000,350400000,19640,3775
4380,350400000,350480000,21883,4155
4381,350480000,350560000,17223,3559
4382,350560000,350640000,12954,2364
4383,350640000,350720000,21936,3982
4384,350720000,350800000,24297,4301
4385,350800000,350880000,16634,3483
4386,350880000,350960000,12515,2294
4387,350960000,351040000,20329,3971
4388,351040000,351120000,22643,4222
4389,351120000,351200000,16268,3361
4390,351200000,351280000,13516,2485
4391,351280000,351360000,22349,3999
4392,351360000,351440000,19895,3886
4393,351440000,351520000,16652,3443
4394,351520000,351600000,14528,2733
4395,351600000,351680000,20162,3989
4396,351680000,351760000,19148,3620
4397,351760000,351840000,16467,3364
4398,351840000,351920000,17132,3081
4399,351920000,352000000,22499,4006
4400,352000000,352080000,18426,3617
4401,352080000,352160000,15980,3129
4402,352160000,352240000,18296,3305
4403,352240000,352320000,21289,4006
4404,352320000,352400000,17956,3593
4405,352400000,352480000,15422,3022
4406,352480000,352560000,18492,3437
4407,352560000,352640000,22538,4108
4408,352640000,352720000,17064,3568
4409,352720000,352800000,13474,2584
4410,352800000,352880000,20295,3776
4411,352880000,352960000,22058,4149
4412,352960000,353040000,17439,3556
4413,353040000,353120000,13017,2364
4414,353120000,353200000,22080,3981
4415,353200000,353280000,23929,4307
4416,353280000,353360000,16862,3482
4417,353360000,353440000,12779,2294
4418,353440000,353520000,20711,3970
4419,353520000,353600000,22223,4215
4420,353600000,353680000,16461,3361
4421,353680000,353760000,13617,2485
4422,353760000,353840000,22494,4002
4423,353840000,353920000,20807,3885
4424,353920000,354000000,16883,3443
4425,354000000,354080000,14701,2733
4426,354080000,354160000,19804,3992
4427,354160000,354240000,18908,3627
4428,354240000,354320000,16482,3364
4429,354320000,354400000,16799,3081
4430,354400000,354480000,22672,4001
4431,354480000,354560000,18314,3610
4432,354560000,354640000,15895,3129
4433,354640000,354720000,18083,3305
4434,354720000,354800000,20719,4005
4435,354800000,354880000,18000,3596
4436,354880000,354960000,15427,3022
4437,354960000,355040000,19091,3437
4438,355040000,355120000,23292,4107
4439,355120000,355200000,17121,3573
4440,355200000,355280000,13489,2584
4441,355280000,355360000,20077,3775
4442,355360000,355440000,21561,4155
4443,355440000,355520000,17404,3559
4444,355520000,355600000,13117,2364
4445,355600000,355680000,22455,3982
4446,355680000,355760000,24361,4307
4447,355760000,355840000,16931,3483
4448,355840000,355920000,12363,2294
4449,355920000,356000000,20844,3977
4450,356000000,356080000,22525,4222
4451,356080000,356160000,16564,3361
4452,356160000,356240000,13472,2485
4453,356240000,356320000,22693,3999
4454,356320000,356400000,20666,3880
4455,356400000,356480000,16861,3443
4456,356480000,356560000,14032,2733
4457,356560000,356640000,20658,3995
4458,356640000,356720000,19359,3626
4459,356720000,356800000,16442,3364
4460,356800000,356880000,17014,3081
4461,356880000,356960000,23066,4006
4462,356960000,357040000,18937,3617
4463,357040000,357120000,15960,3129
4464,357120000,357200000,17736,3305
4465,357200000,357280000,21287,4006
4466,357280000,357360000,17791,3593
4467,357360000,357440000,15517,3022
4468,357440000,357520000,18784,3437
4469,357520000,357600000,22720,4108
4470,357600000,357680000,16990,3568
4471,357680000,357760000,13689,2584
4472,357760000,357840000,20435,3776
4473,357840000,357920000,21824,4149
4474,357920000,358000000,17475,3556
4475,358000000,358080000,12888,2364
4476,358080000,358160000,21745,3981
4477,358160000,358240000,24253,4307
4478,358240000,358320000,17066,3482
4479,358320000,358400000,12946,2294
4480,358400000,358480000,21182,3970
4481,358480000,358560000,22939,4215
4482,358560000,358640000,16647,3361
4483,358640000,358720000,13399,2485
4484,358720000,358800000,22369,4002
4485,358800000,358880000,20763,3885
4486,358880000,358960000,16881,3443
4487,358960000,359040000,14635,2733
4488,359040000,359120000,20504,3998
4489,359120000,359200000,19215,3621
4490,359200000,359280000,16422,3364
4491,359280000,359360000,16105,3081
4492,359360000,359440000,22811,4001
4493,359440000,359520000,18613,3610
4494,359520000,359600000,15568,3129
4495,359600000,359680000,17560,3305
4496,359680000,359760000,20323,4005
4497,359760000,359840000,17347,3596
4498,359840000,359920000,15126,3022
4499,359920000,360000000,18165,3437
4500,360000000,360080000,22302,4107
4501,360080000,360160000,16685,3573
4502,360160000,360240000,13249,2584
4503,360240000,360320000,19704,3775
4504,360320000,360400000,21685,4155
4505,360400000,360480000,17128,3559
4506,360480000,360560000,12819,2364
4507,360560000,360640000,21408,3982
4508,360640000,360720000,23700,4301
4509,360720000,360800000,16614,3483
4510,360800000,360880000,12266,2294
4511,360880000,360960000,20302,3971
4512,360960000,361040000,22443,4222
4513,361040000,361120000,16369,3361
4514,361120000,361200000,13496,2485
4515,361200000,361280000,22077,3999
4516,361280000,361360000,20663,3880
4517,361360000,361440000,16836,3443
4518,361440000,361520000,14625,2733
4519,361520000,361600000,20433,3989
4520,361600000,361680000,18906,3620
4521,361680000,361760000,16597,3364
4522,361760000,361840000,16981,3081
4523,361840000,361920000,22082,4006
4524,361920000,362000000,18682,3617
4525,362000000,362080000,15848,3129
4526,362080000,362160000,17494,3305
4527,362160000,362240000,21164,4006
4528,362240000,362320000,18099,3593
4529,362320000,362400000,15491,3022
4530,362400000,362480000,18578,3437
4531,362480000,362560000,22293,4108
4532,362560000,362640000,17064,3574
4533,362640000,362720000,13428,2584
4534,362720000,362800000,19645,3776
4535,362800000,362880000,21879,4149
4536,362880000,362960000,17285,3556
4537,362960000,363040000,12744,2364
4538,363040000,363120000,21436,3981
4539,363120000,363200000,24564,4307
4540,363200000,363280000,16603,3482
4541,363280000,363360000,12527,2294
4542,363360000,363440000,20499,3970
4543,363440000,363520000,22784,4215
4544,363520000,363600000,16380,3361
4545,363600000,363680000,13442,2485
4546,363680000,363760000,22419,4008
4547,363760000,363840000,21178,3891
4548,363840000,363920000,16777,3443
4549,363920000,364000000,14329,2733
4550,364000000,364080000,20326,3992
4551,364080000,364160000,19365,3621
4552,364160000,364240000,16464,3364
4553,364240000,364320000,17182,3081
4554,364320000,364400000,22396,4001
4555,364400000,364480000,18410,3610
4556,364480000,364560000,16174,3129
4557,364560000,364640000,18473,3305
4558,364640000,364720000,21092,4011
4559,364720000,364800000,18085,3590
4560,364800000,364880000,15786,3022
4561,364880000,364960000,19017,3437
4562,364960000,365040000,22683,4107
4563,365040000,365120000,17274,3573
4564,365120000,365200000,13908,2584
4565,365200000,365280000,20325,3775
4566,365280000,365360000,21751,4155
4567,365360000,365440000,17516,3559
4568,365440000,365520000,12981,2364
4569,365520000,365600000,21391,3982
4570,365600000,365680000,23776,4307
4571,365680000,365760000,16817,3483
4572,365760000,365840000,12516,2294
4573,365840000,365920000,20808,3971
4574,365920000,366000000,22429,4228
4575,366000000,366080000,16466,3361
4576,366080000,366160000,13548,2485
4577,366160000,366240000,22221,3999
4578,366240000,366320000,20864,3880
4579,366320000,366400000,16953,3443
4580,366400000,366480000,14397,2733
4581,366480000,366560000,20599,3989
4582,366560000,366640000,18710,3620
4583,366640000,366720000,16597,3364
4584,366720000,366800000,17076,3081
4585,366800000,366880000,22302,4012
4586,366880000,366960000,18634,3617
4587,366960000,367040000,16061,3129
4588,367040000,367120000,18209,3305
4589,367120000,367200000,21114,4006
4590,367200000,367280000,17929,3593
4591,367280000,367360000,15739,3022
4592,367360000,367440000,18736,3437
4593,367440000,367520000,21922,4108
4594,367520000,367600000,16738,3568
4595,367600000,367680000,13340,2584
4596,367680000,367760000,19657,3776
4597,367760000,367840000,21548,4149
4598,367840000,367920000,17118,3556
4599,367920000,368000000,12853,2364
4600,368000000,368080000,21812,3987
4601,368080000,368160000,23818,4307
4602,368160000,368240000,16662,3482
4603,368240000,368320000,12629,2294
4604,368320000,368400000,20309,3970
4605,368400000,368480000,21969,4215
4606,368480000,368560000,16310,3361
4607,368560000,368640000,13233,2485
4608,368640000,368720000,21938,4002
4609,368720000,368800000,20411,3885
4610,368800000,368880000,16532,3443
4611,368880000,368960000,14671,2733
4612,368960000,369040000,20470,3995
4613,369040000,369120000,19250,3624
4614,369120000,369200000,16344,3364
4615,369200000,369280000,16694,3081
4616,369280000,369360000,22519,4007
4617,369360000,369440000,18832,3610
4618,369440000,369520000,15861,3129
4619,369520000,369600000,18045,3305
4620,369600000,369680000,21199,4005
4621,369680000,369760000,17908,3590
4622,369760000,369840000,15137,3022
4623,369840000,369920000,18682,3437
4624,369920000,370000000,22987,4107
4625,370000000,370080000,17165,3573
4626,370080000,370160000,13053,2584
4627,370160000,370240000,19483,3775
4628,370240000,370320000,21857,4155
4629,370320000,370400000,16964,3559
4630,370400000,370480000,12854,2364
4631,370480000,370560000,21671,3982
4632,370560000,370640000,24074,4301
4633,370640000,370720000,16656,3483
4634,370720000,370800000,12630,2294
4635,370800000,370880000,21048,3971
4636,370880000,370960000,22848,4228
4637,370960000,371040000,16436,3361
4638,371040000,371120000,13554,2485
4639,371120000,371200000,22259,3999
4640,371200000,371280000,20815,3880
4641,371280000,371360000,16731,3443
4642,371360000,371440000,14523,2733
4643,371440000,371520000,20859,3989
4644,371520000,371600000,19172,3620
4645,371600000,371680000,16446,3364
4646,371680000,371760000,17102,3081
4647,371760000,371840000,22347,4012
4648,371840000,371920000,18988,3623
4649,371920000,372000000,15930,3129
4650,372000000,372080000,17867,3305
4651,372080000,372160000,21768,4006
4652,372160000,372240000,18331,3593
4653,372240000,372320000,15306,3022
4654,372320000,372400000,18527,3437
4655,372400000,372480000,22568,4114
4656,372480000,372560000,17116,3568
4657,372560000,372640000,13391,2584
4658,372640000,372720000,20146,3776
4659,372720000,372800000,21901,4149
4660,372800000,372880000,17302,3556
4661,372880000,372960000,12905,2364
4662,372960000,373040000,21659,3981
4663,373040000,373120000,23836,4307
4664,373120000,373200000,16752,3482
4665,373200000,373280000,12493,2294
4666,373280000,373360000,20544,3970
4667,373360000,373440000,22064,4215
4668,373440000,373520000,16445,3361
4669,373520000,373600000,13653,2485
4670,373600000,373680000,22500,4002
4671,373680000,373760000,21139,3895
4672,373760000,373840000,16960,3443
4673,373840000,373920000,14730,2733
4674,373920000,374000000,20579,3992
4675,374000000,374080000,19087,3621
4676,374080000,374160000,16672,3364
4677,374160000,374240000,17333,3081
4678,374240000,374320000,23165,4007
4679,374320000,374400000,18887,3610
4680,374400000,374480000,16070,3129
4681,374480000,374560000,18104,3305
4682,374560000,374640000,21299,4005
4683,374640000,374720000,17766,3590
4684,374720000,374800000,15671,3022
4685,374800000,374880000,18973,3437
4686,374880000,374960000,22562,4113
4687,374960000,375040000,17229,3573
4688,375040000,375120000,13721,2584
4689,375120000,375200000,20311,3775
4690,375200000,375280000,21847,4155
4691,375280000,375360000,17562,3559
4692,375360000,375440000,13276,2364
4693,375440000,375520000,22622,3982
4694,375520000,375600000,24069,4301
4695,375600000,375680000,16935,3483
4696,375680000,375760000,12722,2294
4697,375760000,375840000,20968,3971
4698,375840000,375920000,22633,4222
4699,375920000,376000000,16571,3361
4700,376000000,376080000,13883,2485
4701,376080000,376160000,22864,3999
4702,376160000,376240000,21039,3886
4703,376240000,376320000,17029,3443
4704,376320000,376400000,14458,2733
4705,376400000,376480000,21060,3992
4706,376480000,376560000,19447,3623
4707,376560000,376640000,16455,3364
4708,376640000,376720000,16993,3081
4709,376720000,376800000,22546,4006
4710,376800000,376880000,18879,3617
4711,376880000,376960000,15582,3129
4712,376960000,377040000,17529,3305
4713,377040000,377120000,21484,4006
4714,377120000,377200000,18032,3599
4715,377200000,377280000,15102,3022
4716,377280000,377360000,18500,3437
4717,377360000,377440000,22816,4108
4718,377440000,377520000,17118,3568
4719,377520000,377600000,13302,2584
4720,377600000,377680000,20283,3776
4721,377680000,377760000,21740,4149
4722,377760000,377840000,17495,3556
4723,377840000,377920000,12719,2364
4724,377920000,378000000,22024,3981
4725,378000000,378080000,23648,4307
4726,378080000,378160000,16984,3482
4727,378160000,378240000,12797,2294
4728,378240000,378320000,21122,3970
4729,378320000,378400000,22306,4215
4730,378400000,378480000,16626,3361
4731,378480000,378560000,13499,2485
4732,378560000,378640000,22529,4002
4733,378640000,378720000,20760,3885
4734,378720000,378800000,16803,3443
4735,378800000,378880000,14580,2733
4736,378880000,378960000,20179,3998
4737,378960000,379040000,18905,3627
4738,379040000,379120000,16671,3364
4739,379120000,379200000,16682,3081
4740,379200000,379280000,22962,4001
4741,379280000,379360000,18448,3610
4742,379360000,379440000,16257,3129
4743,379440000,379520000,18254,3305
4744,379520000,379600000,20308,4005
4745,379600000,379680000,17740,3590
4746,379680000,379760000,15527,3022
4747,379760000,379840000,18817,3437
4748,379840000,379920000,22561,4107
4749,379920000,380000000,17039,3573
4750,380000000,380080000,13440,2584
4751,380080000,380160000,20147,3775
4752,380160000,380240000,21852,4155
4753,380240000,380320000,17530,3559
4754,380320000,380400000,13029,2364
4755,380400000,380480000,22226,3982
4756,380480000,380560000,23514,4301
4757,380560000,380640000,17158,3483
4758,380640000,380720000,12915,2294
4759,380720000,380800000,21020,3971
4760,380800000,380880000,23178,4222
4761,380880000,380960000,16997,3361
4762,380960000,381040000,14007,2485
4763,381040000,381120000,23018,3999
4764,381120000,381200000,20614,3880
4765,381200000,381280000,16969,3443
4766,381280000,381360000,14691,2733
4767,381360000,381440000,20704,3989
4768,381440000,381520000,18767,3620
4769,381520000,381600000,16588,3364
4770,381600000,381680000,17137,3081
4771,381680000,381760000,22252,4006
4772,381760000,381840000,18575,3617
4773,381840000,381920000,16098,3129
4774,381920000,382000000,18014,3305
4775,382000000,382080000,21065,4006
4776,382080000,382160000,17979,3593
4777,382160000,382240000,15761,3022
4778,382240000,382320000,18988,3437
4779,382320000,382400000,22387,4114
4780,382400000,382480000,17157,3568
4781,382480000,382560000,13432,2584
4782,382560000,382640000,20051,3776
4783,382640000,382720000,21752,4149
4784,382720000,382800000,17396,3556
4785,382800000,382880000,13064,2364
4786,382880000,382960000,22090,3981
4787,382960000,383040000,24252,4307
4788,383040000,383120000,16925,3482
4789,383120000,383200000,12715,2294
4790,383200000,383280000,21223,3970
4791,383280000,383360000,22546,4215
4792,383360000,383440000,16662,3361
4793,383440000,383520000,13679,2485
4794,383520000,383600000,22591,4002
4795,383600000,383680000,20963,3885
4796,383680000,383760000,16799,3443
4797,383760000,383840000,13362,2733
4798,383840000,383920000,19820,3992
4799,383920000,384000000,18874,3621
4800,384000000,384080000,15842,3364
4801,384080000,384160000,16217,3081
4802,384160000,384240000,22309,4001
4803,384240000,384320000,18500,3610
4804,384320000,384400000,15619,3129
4805,384400000,384480000,17491,3305
4806,384480000,384560000,20933,4005
4807,384560000,384640000,18406,3598
4808,384640000,384720000,15316,3022
4809,384720000,384800000,18446,3437
4810,384800000,384880000,22852,4107
4811,384880000,384960000,17248,3573
4812,384960000,385040000,13548,2584
4813,385040000,385120000,19994,3775
4814,385120000,385200000,21796,4155
4815,385200000,385280000,17419,3559
4816,385280000,385360000,13143,2364
4817,385360000,385440000,21624,3982
4818,385440000,385520000,23941,4301
4819,385520000,385600000,16733,3483
4820,385600000,385680000,12368,2294
4821,385680000,385760000,20168,3971
4822,385760000,385840000,22846,4222
4823,385840000,385920000,16165,3361
4824,385920000,386000000,13397,2485
4825,386000000,386080000,22344,4005
4826,386080000,386160000,21139,3892
4827,386160000,386240000,16655,3443
4828,386240000,386320000,14264,2733
4829,386320000,386400000,20705,3989
4830,386400000,386480000,19354,3620
4831,386480000,386560000,16109,3364
4832,386560000,386640000,16361,3081
4833,386640000,386720000,22633,4006
4834,386720000,386800000,18734,3617
4835,386800000,386880000,15466,3129
4836,386880000,386960000,17624,3305
4837,386960000,387040000,21846,4012
4838,387040000,387120000,18244,3593
4839,387120000,387200000,15172,3022
4840,387200000,387280000,18678,3437
4841,387280000,387360000,22606,4108
4842,387360000,387440000,17035,3568
4843,387440000,387520000,13278,2584
4844,387520000,387600000,19768,3776
4845,387600000,387680000,21374,4149
4846,387680000,387760000,17284,3556
4847,387760000,387840000,12694,2364
4848,387840000,387920000,21669,3987
4849,387920000,388000000,24002,4307
4850,388000000,388080000,16744,3482
4851,388080000,388160000,12666,2294
4852,388160000,388240000,20490,3970
4853,388240000,388320000,23061,4215
4854,388320000,388400000,16370,3361
4855,388400000,388480000,13140,2485
4856,388480000,388560000,22233,4002
4857,388560000,388640000,20491,3885
4858,388640000,388720000,16470,3443
4859,388720000,388800000,14318,2733
4860,388800000,388880000,20385,3995
4861,388880000,388960000,19329,3624
4862,388960000,389040000,16375,3364
4863,389040000,389120000,16792,3081
4864,389120000,389200000,23376,4001
4865,389200000,389280000,18693,3610
4866,389280000,389360000,15711,3129
4867,389360000,389440000,17490,3305
4868,389440000,389520000,20783,4005
4869,389520000,389600000,17895,3590
4870,389600000,389680000,15185,3022
4871,389680000,389760000,18644,3437
4872,389760000,389840000,22864,4107
4873,389840000,389920000,16933,3573
4874,389920000,390000000,13080,2584
4875,390000000,390080000,19705,3775
4876,390080000,390160000,21478,4155
4877,390160000,390240000,17234,3559
4878,390240000,390320000,13030,2364
4879,390320000,390400000,22087,3982
4880,390400000,390480000,24707,4301
4881,390480000,390560000,16823,3483
4882,390560000,390640000,12797,2294
4883,390640000,390720000,20882,3971
4884,390720000,390800000,22830,4222
4885,390800000,390880000,16516,3361
4886,390880000,390960000,13853,2485
4887,390960000,391040000,22664,3999
4888,391040000,391120000,21035,3880
4889,391120000,391200000,16839,3443
4890,391200000,391280000,14650,2733
4891,391280000,391360000,20500,3989
4892,391360000,391440000,19111,3620
4893,391440000,391520000,16575,3364
4894,391520000,391600000,17356,3081
4895,391600000,391680000,22592,4006
4896,391680000,391760000,18558,3617
4897,391760000,391840000,16285,3129
4898,391840000,391920000,18606,3305
4899,391920000,392000000,21548,4006
4900,392000000,392080000,18513,3593
4901,392080000,392160000,15312,3022
4902,392160000,392240000,18145,3437
4903,392240000,392320000,22716,4108
4904,392320000,392400000,16924,3568
4905,392400000,392480000,13160,2584
4906,392480000,392560000,19779,3776
4907,392560000,392640000,21600,4149
4908,392640000,392720000,17313,3556
4909,392720000,392800000,12972,2364
4910,392800000,392880000,21736,3981
4911,392880000,392960000,24056,4313
4912,392960000,393040000,16710,3482
4913,393040000,393120000,12294,2294
4914,393120000,393200000,20320,3970
4915,393200000,393280000,22675,4221
4916,393280000,393360000,16167,3361
4917,393360000,393440000,13102,2485
4918,393440000,393520000,22593,4002
4919,393520000,393600000,20854,3885
4920,393600000,393680000,16567,3443
4921,393680000,393760000,14118,2733
4922,393760000,393840000,20008,3992
4923,393840000,393920000,19383,3621
4924,393920000,394000000,16397,3364
4925,394000000,394080000,16701,3081
4926,394080000,394160000,22542,4007
4927,394160000,394240000,18247,3616
4928,394240000,394320000,15730,3129
4929,394320000,394400000,17582,3305
4930,394400000,394480000,20947,4005
4931,394480000,394560000,18115,3590
4932,394560000,394640000,15117,3022
4933,394640000,394720000,18661,3437
4934,394720000,394800000,22650,4113
4935,394800000,394880000,17076,3573
4936,394880000,394960000,13100,2584
4937,394960000,395040000,19360,3775
4938,395040000,395120000,21648,4155
4939,395120000,395200000,17256,3559
4940,395200000,395280000,12843,2364
4941,395280000,395360000,21677,3982
4942,395360000,395440000,24136,4301
4943,395440000,395520000,16676,3483
4944,395520000,395600000,12266,2294
4945,395600000,395680000,20279,3971
4946,395680000,395760000,22420,4222
4947,395760000,395840000,16436,3361
4948,395840000,395920000,13434,2485
4949,395920000,396000000,22438,3999
4950,396000000,396080000,20587,3886
4951,396080000,396160000,16878,3443
4952,396160000,396240000,14257,2733
4953,396240000,396320000,20383,3989
4954,396320000,396400000,19578,3620
4955,396400000,396480000,16596,3364
4956,396480000,396560000,17257,3081
4957,396560000,396640000,22867,4006
4958,396640000,396720000,18061,3617
4959,396720000,396800000,15964,3129
4960,396800000,396880000,17686,3305
4961,396880000,396960000,20895,4006
4962,396960000,397040000,18264,3593
4963,397040000,397120000,15315,3022
4964,397120000,397200000,18809,3437
4965,397200000,397280000,22949,4108
4966,397280000,397360000,16994,3568
4967,397360000,397440000,13586,2584
4968,397440000,397520000,20435,3776
4969,397520000,397600000,21906,4149
4970,397600000,397680000,17508,3556
4971,397680000,397760000,12681,2364
4972,397760000,397840000,21427,3981
4973,397840000,397920000,24173,4307
4974,397920000,398000000,16748,3482
4975,398000000,398080000,12680,2294
4976,398080000,398160000,20457,3970
4977,398160000,398240000,22697,4215
4978,398240000,398320000,16600,3361
4979,398320000,398400000,13491,2485
4980,398400000,398480000,22653,4002
4981,398480000,398560000,20805,3885
4982,398560000,398640000,16980,3443
4983,398640000,398720000,14385,2733
4984,398720000,398800000,20509,3992
4985,398800000,398880000,19789,3621
4986,398880000,398960000,16543,3364
4987,398960000,399040000,16230,3081
4988,399040000,399120000,23289,4001
4989,399120000,399200000,18581,3610
4990,399200000,399280000,15983,3129
4991,399280000,399360000,17835,3305
4992,399360000,399440000,20912,4005
4993,399440000,399520000,17990,3590
4994,399520000,399600000,15389,3022
4995,399600000,399680000,18628,3437
4996,399680000,399760000,22440,4107
4997,399760000,399840000,16966,3573
4998,399840000,399920000,13281,2584
4999,399920000,400000000,19904,3778
5000,400000000,400080000,21354,4158
5001,400080000,400160000,17393,3559
5002,400160000,400240000,12827,2364
5003,400240000,400320000,21711,3982
5004,400320000,400400000,23995,4301
5005,400400000,400480000,16999,3483
5006,400480000,400560000,12618,2294
5007,400560000,400640000,20532,3971
5008,400640000,400720000,23234,4222
5009,400720000,400800000,16813,3361
5010,400800000,400880000,13790,2485
5011,400880000,400960000,22494,3999
5012,400960000,401040000,20447,3886
5013,401040000,401120000,17059,3443
5014,401120000,401200000,14641,2733
5015,401200000,401280000,20361,3995
5016,401280000,401360000,19181,3632
5017,401360000,401440000,16891,3364
5018,401440000,401520000,17437,3081
5019,401520000,401600000,22986,4012
5020,401600000,401680000,18644,3617
5021,401680000,401760000,16424,3129
5022,401760000,401840000,18169,3305
5023,401840000,401920000,21459,4006
5024,401920000,402000000,18730,3593
5025,402000000,402080000,15955,3022
5026,402080000,402160000,19308,3437
5027,402160000,402240000,23137,4114
5028,402240000,402320000,17384,3568
5029,402320000,402400000,13353,2584
5030,402400000,402480000,19653,3776
5031,402480000,402560000,21957,4149
5032,402560000,402640000,17513,3556
5033,402640000,402720000,12873,2364
5034,402720000,402800000,21779,3981
5035,402800000,402880000,24462,4307
5036,402880000,402960000,16687,3482
5037,402960000,403040000,12492,2294
5038,403040000,403120000,20271,3976
5039,403120000,403200000,22411,4215
5040,403200000,403280000,15700,3361
5041,403280000,403360000,12599,2485
5042,403360000,403440000,21746,4002
5043,403440000,403520000,20727,3885
5044,403520000,403600000,15803,3443
5045,403600000,403680000,13364,2733
5046,403680000,403760000,20213,3992
5047,403760000,403840000,18985,3621
5048,403840000,403920000,15521,3364
5049,403920000,404000000,16136,3081
5050,404000000,404080000,22316,4001
5051,404080000,404160000,18148,3610
5052,404160000,404240000,15372,3129
5053,404240000,404320000,17438,3305
5054,404320000,404400000,21021,4005
5055,404400000,404480000,17937,3590
5056,404480000,404560000,15021,3022
5057,404560000,404640000,18130,3437
5058,404640000,404720000,22709,4107
5059,404720000,404800000,16944,3573
5060,404800000,404880000,13171,2584
5061,404880000,404960000,19702,3775
5062,404960000,405040000,21819,4155
5063,405040000,405120000,17086,3559
5064,405120000,405200000,12753,2364
5065,405200000,405280000,21315,3982
5066,405280000,405360000,23500,4301
5067,405360000,405440000,16453,3483
5068,405440000,405520000,12491,2294
5069,405520000,405600000,20637,3971
5070,405600000,405680000,22750,4222
5071,405680000,405760000,15994,3361
5072,405760000,405840000,13275,2485
5073,405840000,405920000,22161,3999
5074,405920000,406000000,20395,3880
5075,406000000,406080000,16394,3443
5076,406080000,406160000,13923,2733
5077,406160000,406240000,20560,3989
5078,406240000,406320000,19236,3620
5079,406320000,406400000,16004,3364
5080,406400000,406480000,16469,3081
5081,406480000,406560000,22254,4006
5082,406560000,406640000,18493,3623
5083,406640000,406720000,15498,3129
5084,406720000,406800000,17381,3305
5085,406800000,406880000,21250,4006
5086,406880000,406960000,17769,3593
5087,406960000,407040000,15095,3022
5088,407040000,407120000,18238,3437
5089,407120000,407200000,22042,4108
5090,407200000,407280000,16838,3568
5091,407280000,407360000,13306,2584
5092,407360000,407440000,19627,3776
5093,407440000,407520000,22672,4149
5094,407520000,407600000,17342,3556
5095,407600000,407680000,13074,2364
5096,407680000,407760000,22042,3981
5097,407760000,407840000,24423,4307
5098,407840000,407920000,16700,3482
5099,407920000,408000000,12472,2294
5100,408000000,408080000,20374,3970
5101,408080000,408160000,22828,4215
5102,408160000,408240000,16188,3361
5103,408240000,408320000,13066,2485
5104,408320000,408400000,22185,4008
5105,408400000,408480000,20769,3891
5106,408480000,408560000,16395,3443
5107,408560000,408640000,14246,2733
5108,408640000,408720000,20933,3992
5109,408720000,408800000,19665,3621
5110,408800000,408880000,16114,3364
5111,408880000,408960000,16454,3081
5112,408960000,409040000,23008,4001
5113,409040000,409120000,18598,3610
5114,409120000,409200000,15708,3129
5115,409200000,409280000,17825,3305
5116,409280000,409360000,21622,4014
5117,409360000,409440000,18235,3593
5118,409440000,409520000,15289,3022
5119,409520000,409600000,18615,3437
5120,409600000,409680000,23033,4107
5121,409680000,409760000,17052,3573
5122,409760000,409840000,13338,2584
5123,409840000,409920000,19669,3775
5124,409920000,410000000,22280,4155
5125,410000000,410080000,17191,3559
5126,410080000,410160000,12869,2364
5127,410160000,410240000,21827,3982
5128,410240000,410320000,24513,4301
5129,410320000,410400000,16624,3483
5130,410400000,410480000,12824,2294
5131,410480000,410560000,20837,3971
5132,410560000,410640000,22690,4222
5133,410640000,410720000,16532,3361
5134,410720000,410800000,13763,2485
5135,410800000,410880000,22340,3999
5136,410880000,410960000,20637,3880
5137,410960000,411040000,16819,3443
5138,411040000,411120000,14761,2733
5139,411120000,411200000,20998,3989
5140,411200000,411280000,19311,3620
5141,411280000,411360000,16425,3364
5142,411360000,411440000,17187,3081
5143,411440000,411520000,23203,4006
5144,411520000,411600000,18798,3617
5145,411600000,411680000,16073,3129
5146,411680000,411760000,17964,3305
5147,411760000,411840000,21248,4006
5148,411840000,411920000,18611,3593
5149,411920000,412000000,15387,3022
5150,412000000,412080000,18247,3437
5151,412080000,412160000,23155,4108
5152,412160000,412240000,17005,3568
5153,412240000,412320000,13210,2584
5154,412320000,412400000,19513,3776
5155,412400000,412480000,22071,4149
5156,412480000,412560000,17083,3556
5157,412560000,412640000,12753,2364
5158,412640000,412720000,21581,3981
5159,412720000,412800000,24153,4313
5160,412800000,412880000,16411,3482
5161,412880000,412960000,12547,2294
5162,412960000,413040000,20544,3970
5163,413040000,413120000,22437,4215
5164,413120000,413200000,16204,3361
5165,413200000,413280000,13531,2485
5166,413280000,413360000,22547,4002
5167,413360000,413440000,20493,3885
5168,413440000,413520000,16627,3443
5169,413520000,413600000,13989,2733
5170,413600000,413680000,20331,3992
5171,413680000,413760000,19331,3621
5172,413760000,413840000,16169,3364
5173,413840000,413920000,16570,3081
5174,413920000,414000000,22663,4001
5175,414000000,414080000,18510,3610
5176,414080000,414160000,15570,3129
5177,414160000,414240000,17225,3305
5178,414240000,414320000,21113,4005
5179,414320000,414400000,18045,3590
5180,414400000,414480000,14853,3022
5181,414480000,414560000,17987,3437
5182,414560000,414640000,23094,4107
5183,414640000,414720000,16971,3573
5184,414720000,414800000,13005,2584
5185,414800000,414880000,19465,3775
5186,414880000,414960000,22427,4155
5187,414960000,415040000,17144,3559
5188,415040000,415120000,12829,2364
5189,415120000,415200000,21753,3982
5190,415200000,415280000,24077,4301
5191,415280000,415360000,16502,3483
5192,415360000,415440000,12603,2294
5193,415440000,415520000,20257,3971
5194,415520000,415600000,22765,4228
5195,415600000,415680000,16215,3361
5196,415680000,415760000,13536,2485
5197,415760000,415840000,22690,3999
5198,415840000,415920000,20725,3880
5199,415920000,416000000,16667,3443
5200,416000000,416080000,14266,2733
5201,416080000,416160000,20634,3989
5202,416160000,416240000,19082,3620
5203,416240000,416320000,16503,3364
5204,416320000,416400000,17125,3081
5205,416400000,416480000,22649,4012
5206,416480000,416560000,18459,3623
5207,416560000,416640000,15479,3129
5208,416640000,416720000,16983,3305
5209,416720000,416800000,21223,4006
5210,416800000,416880000,18131,3593
5211,416880000,416960000,14798,3022
5212,416960000,417040000,17970,3437
5213,417040000,417120000,23364,4114
5214,417120000,417200000,16853,3568
5215,417200000,417280000,13067,2584
5216,417280000,417360000,19639,3776
5217,417360000,417440000,21835,4149
5218,417440000,417520000,17460,3556
5219,417520000,417600000,12740,2364
5220,417600000,417680000,21896,3981
5221,417680000,417760000,24170,4307
5222,417760000,417840000,16683,3482
5223,417840000,417920000,12780,2294
5224,417920000,418000000,20399,3970
5225,418000000,418080000,22420,4221
5226,418080000,418160000,16423,3361
5227,418160000,418240000,13402,2485
5228,418240000,418320000,22335,4002
5229,418320000,418400000,20463,3885
5230,418400000,418480000,16780,3443
5231,418480000,418560000,14648,2733
5232,418560000,418640000,20329,3995
5233,418640000,418720000,19571,3624
5234,418720000,418800000,16681,3364
5235,418800000,418880000,16713,3081
5236,418880000,418960000,23340,4001
5237,418960000,419040000,18864,3610
5238,419040000,419120000,16089,3129
5239,419120000,419200000,18056,3305
5240,419200000,419280000,21318,4005
5241,419280000,419360000,18037,3590
5242,419360000,419440000,15277,3022
5243,419440000,419520000,18438,3437
5244,419520000,419600000,22601,4107
5245,419600000,419680000,16759,3573
5246,419680000,419760000,13379,2584
5247,419760000,419840000,19719,3775
5248,419840000,419920000,21853,4155
5249,419920000,420000000,17245,3559
5250,420000000,420080000,12986,2364
5251,420080000,420160000,21827,3988
5252,420160000,420240000,23917,4301
5253,420240000,420320000,16821,3483
5254,420320000,420400000,12927,2294
5255,420400000,420480000,20758,3971
5256,420480000,420560000,22391,4222
5257,420560000,420640000,16786,3361
5258,420640000,420720000,13848,2485
5259,420720000,420800000,22411,3999
5260,420800000,420880000,20631,3886
5261,420880000,420960000,17014,3443
5262,420960000,421040000,14750,2733
5263,421040000,421120000,21085,3989
5264,421120000,421200000,19069,3620
5265,421200000,421280000,16370,3364
5266,421280000,421360000,16509,3081
5267,421360000,421440000,22783,4006
5268,421440000,421520000,18478,3617
5269,421520000,421600000,15556,3129
5270,421600000,421680000,17433,3305
5271,421680000,421760000,21192,4006
5272,421760000,421840000,18238,3593
5273,421840000,421920000,15151,3022
5274,421920000,422000000,18586,3437
5275,422000000,422080000,22947,4108
5276,422080000,422160000,17013,3568
5277,422160000,422240000,12907,2584
5278,422240000,422320000,19537,3776
5279,422320000,422400000,22218,4149
5280,422400000,422480000,17272,3556
5281,422480000,422560000,12600,2364
5282,422560000,422640000,21678,3981
5283,422640000,422720000,24169,4313
5284,422720000,422800000,16504,3482
5285,422800000,422880000,12543,2294
5286,422880000,422960000,20831,3970
5287,422960000,423040000,23159,4215
5288,423040000,423120000,16358,3361
5289,423120000,423200000,13551,2485
5290,423200000,423280000,22474,4008
5291,423280000,423360000,20638,3885
5292,423360000,423440000,16631,3443
5293,423440000,423520000,13975,2733
5294,423520000,423600000,20213,3998
5295,423600000,423680000,19255,3627
5296,423680000,423760000,16073,3364
5297,423760000,423840000,16911,3081
5298,423840000,423920000,22644,4007
5299,423920000,424000000,18479,3610
5300,424000000,424080000,15952,3129
5301,424080000,424160000,18267,3305
5302,424160000,424240000,21782,4005
5303,424240000,424320000,18367,3596
5304,424320000,424400000,15503,3022
5305,424400000,424480000,18932,3437
5306,424480000,424560000,23260,4113
5307,424560000,424640000,17427,3573
5308,424640000,424720000,13439,2584
5309,424720000,424800000,20286,3775
5310,424800000,424880000,22716,4155
5311,424880000,424960000,17490,3559
5312,424960000,425040000,13186,2364
5313,425040000,425120000,21805,3982
5314,425120000,425200000,23741,4307
5315,425200000,425280000,16748,3483
5316,425280000,425360000,12833,2294
5317,425360000,425440000,20886,3971
5318,425440000,425520000,23402,4222
5319,425520000,425600000,16310,3361
5320,425600000,425680000,13483,2485
5321,425680000,425760000,22874,3999
5322,425760000,425840000,21179,3880
5323,425840000,425920000,16652,3443
5324,425920000,426000000,14269,2733
5325,426000000,426080000,20827,3989
5326,426080000,426160000,19428,3620
5327,426160000,426240000,16287,3364
5328,426240000,426320000,16554,3081
5329,426320000,426400000,22948,4006
5330,426400000,426480000,18988,3617
5331,426480000,426560000,15889,3129
5332,426560000,426640000,17860,3305
5333,426640000,426720000,21829,4006
5334,426720000,426800000,18247,3593
5335,426800000,426880000,15537,3022
5336,426880000,426960000,18821,3437
5337,426960000,427040000,22895,4108
5338,427040000,427120000,17079,3568
5339,427120000,427200000,13721,2584
5340,427200000,427280000,20306,3776
5341,427280000,427360000,22520,4149
5342,427360000,427440000,17675,3556
5343,427440000,427520000,13370,2364
5344,427520000,427600000,22670,3981
5345,427600000,427680000,24525,4307
5346,427680000,427760000,17074,3482
5347,427760000,427840000,13017,2294
5348,427840000,427920000,21209,3970
5349,427920000,428000000,22655,4215
5350,428000000,428080000,16576,3361
5351,428080000,428160000,13320,2485
5352,428160000,428240000,22327,4002
5353,428240000,428320000,20651,3885
5354,428320000,428400000,16567,3443
5355,428400000,428480000,14568,2733
5356,428480000,428560000,20596,3998
5357,428560000,428640000,19365,3621
5358,428640000,428720000,16586,3364
5359,428720000,428800000,16924,3081
5360,428800000,428880000,23229,4001
5361,428880000,428960000,18450,3610
5362,428960000,429040000,16020,3129
5363,429040000,429120000,17824,3305
5364,429120000,429200000,21352,4005
5365,429200000,429280000,18426,3590
5366,429280000,429360000,15506,3022
5367,429360000,429440000,18987,3437
5368,429440000,429520000,23490,4107
5369,429520000,429600000,17001,3573
5370,429600000,429680000,13583,2584
5371,429680000,429760000,20144,3775
5372,429760000,429840000,22543,4155
5373,429840000,429920000,17478,3559
5374,429920000,430000000,13401,2364
5375,430000000,430080000,22217,3982
5376,430080000,430160000,24077,4301
5377,430160000,430240000,16849,3483
5378,430240000,430320000,12550,2294
5379,430320000,430400000,20322,3971
5380,430400000,430480000,22491,4222
5381,430480000,430560000,16163,3361
5382,430560000,430640000,13083,2485
5383,430640000,430720000,22222,3999
5384,430720000,430800000,20634,3886
5385,430800000,430880000,16446,3443
5386,430880000,430960000,13930,2733
5387,430960000,431040000,19861,3992
5388,431040000,431120000,18960,3623
5389,431120000,431200000,16227,3364
5390,431200000,431280000,16499,3081
5391,431280000,431360000,22714,4006
5392,431360000,431440000,18310,3617
5393,431440000,431520000,15820,3129
5394,431520000,431600000,17722,3305
5395,431600000,431680000,20906,4015
5396,431680000,431760000,18371,3596
5397,431760000,431840000,15206,3022
5398,431840000,431920000,17899,3437
5399,431920000,432000000,22714,4108
5400,432000000,432080000,16968,3568
5401,432080000,432160000,13283,2584
5402,432160000,432240000,19527,3776
5403,432240000,432320000,21604,4149
5404,432320000,432400000,17332,3556
5405,432400000,432480000,12783,2364
5406,432480000,432560000,21778,3981
5407,432560000,432640000,23763,4313
5408,432640000,432720000,16642,3482
5409,432720000,432800000,12394,2294
5410,432800000,432880000,19949,3970
5411,432880000,432960000,22053,4215
5412,432960000,433040000,16308,3361
5413,433040000,433120000,13253,2485
5414,433120000,433200000,22544,4002
5415,433200000,433280000,21043,3885
5416,433280000,433360000,16739,3443
5417,433360000,433440000,14253,2733
5418,433440000,433520000,20194,3992
5419,433520000,433600000,19235,3621
5420,433600000,433680000,16570,3364
5421,433680000,433760000,16686,3081
5422,433760000,433840000,23354,4013
5423,433840000,433920000,18338,3610
5424,433920000,434000000,16048,3129
5425,434000000,434080000,17970,3305
5426,434080000,434160000,20774,4005
5427,434160000,434240000,18406,3590
5428,434240000,434320000,15727,3022
5429,434320000,434400000,19096,3437
5430,434400000,434480000,23150,4107
5431,434480000,434560000,17249,3573
5432,434560000,434640000,13630,2584
5433,434640000,434720000,19774,3775
5434,434720000,434800000,21216,4155
5435,434800000,434880000,17498,3559
5436,434880000,434960000,13141,2364
5437,434960000,435040000,22063,3982
5438,435040000,435120000,24298,4307
5439,435120000,435200000,16871,3483
5440,435200000,435280000,12554,2294
5441,435280000,435360000,20852,3971
5442,435360000,435440000,22758,4222
5443,435440000,435520000,16584,3361
5444,435520000,435600000,13633,2485
5445,435600000,435680000,22710,3999
5446,435680000,435760000,20825,3880
5447,435760000,435840000,16768,3443
5448,435840000,435920000,13879,2739
5449,435920000,436000000,20274,3989
5450,436000000,436080000,19360,3626
5451,436080000,436160000,16203,3364
5452,436160000,436240000,16829,3087
5453,436240000,436320000,23169,4006
5454,436320000,436400000,18562,3617
5455,436400000,436480000,15767,3129
5456,436480000,436560000,17473,3311
5457,436560000,436640000,21255,4006
5458,436640000,436720000,18149,3593
5459,436720000,436800000,15214,3022
5460,436800000,436880000,18278,3437
5461,436880000,436960000,22598,4108
5462,436960000,437040000,16932,3568
5463,437040000,437120000,13449,2584
5464,437120000,437200000,19861,3776
5465,437200000,437280000,21598,4149
5466,437280000,437360000,17358,3556
5467,437360000,437440000,12928,2364
5468,437440000,437520000,21535,3981
5469,437520000,437600000,23570,4307
5470,437600000,437680000,16784,3482
5471,437680000,437760000,12888,2294
5472,437760000,437840000,20680,3970
5473,437840000,437920000,22967,4215
5474,437920000,438000000,16565,3361
5475,438000000,438080000,13552,2485
5476,438080000,438160000,22494,4002
5477,438160000,438240000,20801,3885
5478,438240000,438320000,16994,3443
5479,438320000,438400000,14745,2733
5480,438400000,438480000,20249,3992
5481,438480000,438560000,19437,3621
5482,438560000,438640000,16817,3364
5483,438640000,438720000,16750,3081
5484,438720000,438800000,23108,4007
5485,438800000,438880000,18608,3616
5486,438880000,438960000,16375,3137
5487,438960000,439040000,18320,3305
5488,439040000,439120000,21033,4005
5489,439120000,439200000,17772,3590
5490,439200000,439280000,15069,3022
5491,439280000,439360000,18053,3437
5492,439360000,439440000,22304,4107
5493,439440000,439520000,16994,3573
5494,439520000,439600000,12417,2584
5495,439600000,439680000,19372,3775
5496,439680000,439760000,22293,4155
5497,439760000,439840000,17099,3559
5498,439840000,439920000,12113,2364
5499,439920000,440000000,21294,3988
5500,440000000,440080000,23832,4301
5501,440080000,440160000,16322,3483
5502,440160000,440240000,11822,2294
5503,440240000,440320000,20238,3971
5504,440320000,440400000,22649,4222
5505,440400000,440480000,16092,3365
5506,440480000,440560000,13327,2491
5507,440560000,440640000,22258,3999
5508,440640000,440720000,20810,3886
5509,440720000,440800000,16474,3451
5510,440800000,440880000,14246,2733
5511,440880000,440960000,20892,3989
5512,440960000,441040000,19397,3620
5513,441040000,441120000,16326,3374
5514,441120000,441200000,16831,3081
5515,441200000,441280000,22628,4006
5516,441280000,441360000,18629,3617
5517,441360000,441440000,15275,3129
5518,441440000,441520000,17034,3305
5519,441520000,441600000,21059,4006
5520,441600000,441680000,18345,3593
5521,441680000,441760000,14642,3022
5522,441760000,441840000,18164,3437
5523,441840000,441920000,22199,4108
5524,441920000,442000000,17229,3568
5525,442000000,442080000,12462,2584
5526,442080000,442160000,19101,3776
5527,442160000,442240000,21650,4149
5528,442240000,442320000,17186,3556
5529,442320000,442400000,12286,2364
5530,442400000,442480000,21450,3981
5531,442480000,442560000,24324,4307
5532,442560000,442640000,16382,3482
5533,442640000,442720000,12122,2294
5534,442720000,442800000,20649,3970
5535,442800000,442880000,22472,4215
5536,442880000,442960000,15980,3361
5537,442960000,443040000,12872,2485
5538,443040000,443120000,22013,4002
5539,443120000,443200000,21121,3885
5540,443200000,443280000,16189,3443
5541,443280000,443360000,13736,2733
5542,443360000,443440000,20361,3992
5543,443440000,443520000,19264,3627
5544,443520000,443600000,15726,3364
5545,443600000,443680000,16370,3081
5546,443680000,443760000,22460,4001
5547,443760000,443840000,18730,3610
5548,443840000,443920000,15231,3129
5549,443920000,444000000,17660,3305
5550,444000000,444080000,21262,4005
5551,444080000,444160000,18546,3590
5552,444160000,444240000,14738,3022
5553,444240000,444320000,18398,3437
5554,444320000,444400000,22913,4113
5555,444400000,444480000,17705,3573
5556,444480000,444560000,12855,2584
5557,444560000,444640000,19933,3775
5558,444640000,444720000,22363,4173
5559,444720000,444800000,17459,3559
5560,444800000,444880000,12244,2364
5561,444880000,444960000,21272,3982
5562,444960000,445040000,23820,4301
5563,445040000,445120000,16570,3483
5564,445120000,445200000,12160,2294
5565,445200000,445280000,20838,3971
5566,445280000,445360000,22594,4222
5567,445360000,445440000,16131,3361
5568,445440000,445520000,13273,2485
5569,445520000,445600000,22406,3999
5570,445600000,445680000,20682,3880
5571,445680000,445760000,16428,3443
5572,445760000,445840000,13944,2733
5573,445840000,445920000,20791,3995
5574,445920000,446000000,19111,3626
5575,446000000,446080000,16032,3364
5576,446080000,446160000,16649,3081
5577,446160000,446240000,22904,4006
5578,446240000,446320000,18648,3617
5579,446320000,446400000,15484,3129
5580,446400000,446480000,17730,3305
5581,446480000,446560000,21692,4006
5582,446560000,446640000,18183,3593
5583,446640000,446720000,14608,3022
5584,446720000,446800000,17602,3437
5585,446800000,446880000,22417,4114
5586,446880000,446960000,16613,3568
5587,446960000,447040000,12635,2584
5588,447040000,447120000,18977,3776
5589,447120000,447200000,22049,4149
5590,447200000,447280000,17106,3556
5591,447280000,447360000,12508,2364
5592,447360000,447440000,21489,3981
5593,447440000,447520000,23928,4307
5594,447520000,447600000,16380,3482
5595,447600000,447680000,12188,2294
5596,447680000,447760000,20183,3970
5597,447760000,447840000,22605,4215
5598,447840000,447920000,15778,3361
5599,447920000,448000000,12543,2485
5600,448000000,448080000,21395,4008
5601,448080000,448160000,20396,3885
5602,448160000,448240000,15755,3443
5603,448240000,448320000,13941,2733
5604,448320000,448400000,20440,3992
5605,448400000,448480000,19358,3621
5606,448480000,448560000,15592,3364
5607,448560000,448640000,16081,3081
5608,448640000,448720000,22597,4007
5609,448720000,448800000,18337,3610
5610,448800000,448880000,15174,3129
5611,448880000,448960000,17344,3305
5612,448960000,449040000,21456,4005
5613,449040000,449120000,18151,3596
5614,449120000,449200000,14466,3022
5615,449200000,449280000,17962,3437
5616,449280000,449360000,22889,4107
5617,449360000,449440000,16960,3573
5618,449440000,449520000,12450,2584
5619,449520000,449600000,18900,3775
5620,449600000,449680000,22061,4155
5621,449680000,449760000,16938,3559
5622,449760000,449840000,12426,2364
5623,449840000,449920000,21389,3982
5624,449920000,450000000,23985,4301
5625,450000000,450080000,16323,3483
5626,450080000,450160000,12298,2294
5627,450160000,450240000,20647,3971
5628,450240000,450320000,23173,4222
5629,450320000,450400000,15978,3361
5630,450400000,450480000,12916,2485
5631,450480000,450560000,22113,3999
5632,450560000,450640000,20605,3880
5633,450640000,450720000,16040,3443
5634,450720000,450800000,13877,2733
5635,450800000,450880000,20719,3989
5636,450880000,450960000,19454,3620
5637,450960000,451040000,15790,3364
5638,451040000,451120000,16414,3081
5639,451120000,451200000,22710,4006
5640,451200000,451280000,18630,3617
5641,451280000,451360000,15390,3129
5642,451360000,451440000,17307,3305
5643,451440000,451520000,21523,4006
5644,451520000,451600000,18471,3593
5645,451600000,451680000,14719,3022
5646,451680000,451760000,17997,3437
5647,451760000,451840000,22865,4108
5648,451840000,451920000,17313,3568
5649,451920000,452000000,12865,2584
5650,452000000,452080000,19774,3776
5651,452080000,452160000,22132,4149
5652,452160000,452240000,17165,3556
5653,452240000,452320000,12521,2364
5654,452320000,452400000,21412,3981
5655,452400000,452480000,23900,4307
5656,452480000,452560000,16257,3482
5657,452560000,452640000,12017,2294
5658,452640000,452720000,20243,3970
5659,452720000,452800000,22331,4215
5660,452800000,452880000,15820,3361
5661,452880000,452960000,13132,2485
5662,452960000,453040000,22393,4002
5663,453040000,453120000,20343,3891
5664,453120000,453200000,16250,3443
5665,453200000,453280000,14160,2733
5666,453280000,453360000,20341,3992
5667,453360000,453440000,19499,3621
5668,453440000,453520000,16017,3364
5669,453520000,453600000,16587,3081
5670,453600000,453680000,22865,4001
5671,453680000,453760000,18507,3610
5672,453760000,453840000,15334,3129
5673,453840000,453920000,17467,3305
5674,453920000,454000000,21247,4014
5675,454000000,454080000,18088,3593
5676,454080000,454160000,14842,3022
5677,454160000,454240000,18123,3437
5678,454240000,454320000,22946,4107
5679,454320000,454400000,17235,3573
5680,454400000,454480000,12948,2584
5681,454480000,454560000,19577,3775
5682,454560000,454640000,21908,4155
5683,454640000,454720000,17408,3559
5684,454720000,454800000,12578,2364
5685,454800000,454880000,21857,3982
5686,454880000,454960000,23941,4301
5687,454960000,455040000,16515,3483
5688,455040000,455120000,12332,2294
5689,455120000,455200000,20774,3971
5690,455200000,455280000,23071,4228
5691,455280000,455360000,16153,3361
5692,455360000,455440000,13417,2485
5693,455440000,455520000,22419,3999
5694,455520000,455600000,20813,3880
5695,455600000,455680000,16570,3443
5696,455680000,455760000,14155,2733
5697,455760000,455840000,20932,3989
5698,455840000,455920000,19362,3620
5699,455920000,456000000,16256,3364
5700,456000000,456080000,16883,3081
5701,456080000,456160000,22712,4006
5702,456160000,456240000,18715,3623
5703,456240000,456320000,15477,3129
5704,456320000,456400000,17398,3305
5705,456400000,456480000,21727,4006
5706,456480000,456560000,18456,3593
5707,456560000,456640000,14859,3022
5708,456640000,456720000,18422,3437
5709,456720000,456800000,22608,4108
5710,456800000,456880000,17050,3568
5711,456880000,456960000,12844,2584
5712,456960000,457040000,19671,3776
5713,457040000,457120000,21832,4149
5714,457120000,457200000,17522,3556
5715,457200000,457280000,12357,2364
5716,457280000,457360000,21823,3981
5717,457360000,457440000,24139,4307
5718,457440000,457520000,16627,3482
5719,457520000,457600000,12440,2294
5720,457600000,457680000,20681,3970
5721,457680000,457760000,22640,4215
5722,457760000,457840000,15947,3361
5723,457840000,457920000,12947,2485
5724,457920000,458000000,21807,4002
5725,458000000,458080000,20419,3885
5726,458080000,458160000,15917,3443
5727,458160000,458240000,14026,2733
5728,458240000,458320000,20565,3992
5729,458320000,458400000,19314,3621
5730,458400000,458480000,15757,3364
5731,458480000,458560000,15869,3081
5732,458560000,458640000,23133,4001
5733,458640000,458720000,18545,3610
5734,458720000,458800000,15190,3129
5735,458800000,458880000,17346,3305
5736,458880000,458960000,20414,4005
5737,458960000,459040000,17922,3590
5738,459040000,459120000,14527,3022
5739,459120000,459200000,17862,3437
5740,459200000,459280000,22369,4107
5741,459280000,459360000,16814,3573
5742,459360000,459440000,12487,2584
5743,459440000,459520000,19098,3775
5744,459520000,459600000,21841,4158
5745,459600000,459680000,17134,3562
5746,459680000,459760000,12382,2364
5747,459760000,459840000,21543,3982
5748,459840000,459920000,23800,4301
5749,459920000,460000000,16504,3483
5750,460000000,460080000,12379,2294
5751,460080000,460160000,20655,3971
5752,460160000,460240000,22445,4228
5753,460240000,460320000,16335,3361
5754,460320000,460400000,13473,2485
5755,460400000,460480000,22703,3999
5756,460480000,460560000,20849,3880
5757,460560000,460640000,16528,3443
5758,460640000,460720000,14407,2733
5759,460720000,460800000,20228,3989
5760,460800000,460880000,19139,3626
5761,460880000,460960000,16146,3364
5762,460960000,461040000,16779,3081
5763,461040000,461120000,22784,4018
5764,461120000,461200000,18353,3623
5765,461200000,461280000,15605,3129
5766,461280000,461360000,17525,3305
5767,461360000,461440000,21207,4006
5768,461440000,461520000,18481,3593
5769,461520000,461600000,14949,3022
5770,461600000,461680000,18348,3437
5771,461680000,461760000,23055,4108
5772,461760000,461840000,17229,3568
5773,461840000,461920000,12626,2584
5774,461920000,462000000,19500,3776
5775,462000000,462080000,22091,4155
5776,462080000,462160000,17346,3556
5777,462160000,462240000,12459,2364
5778,462240000,462320000,21851,3981
5779,462320000,462400000,24632,4317
5780,462400000,462480000,16619,3482
5781,462480000,462560000,12342,2294
5782,462560000,462640000,20735,3970
5783,462640000,462720000,22836,4215
5784,462720000,462800000,16361,3361
5785,462800000,462880000,13460,2485
5786,462880000,462960000,22677,4002
5787,462960000,463040000,20960,3885
5788,463040000,463120000,16515,3443
5789,463120000,463200000,13732,2733
5790,463200000,463280000,19991,3995
5791,463280000,463360000,19110,3624
5792,463360000,463440000,15934,3364
5793,463440000,463520000,16606,3081
5794,463520000,463600000,22793,4001
5795,463600000,463680000,18478,3610
5796,463680000,463760000,15484,3129
5797,463760000,463840000,17727,3305
5798,463840000,463920000,21180,4005
5799,463920000,464000000,18231,3590
5800,464000000,464080000,15084,3022
5801,464080000,464160000,18698,3437
5802,464160000,464240000,23186,4107
5803,464240000,464320000,17381,3573
5804,464320000,464400000,13367,2584
5805,464400000,464480000,20240,3775
5806,464480000,464560000,22154,4155
5807,464560000,464640000,17403,3559
5808,464640000,464720000,12944,2364
5809,464720000,464800000,21934,3982
5810,464800000,464880000,23964,4301
5811,464880000,464960000,16885,3483
5812,464960000,465040000,12673,2294
5813,465040000,465120000,20841,3971
5814,465120000,465200000,22883,4228
5815,465200000,465280000,16359,3361
5816,465280000,465360000,13694,2485
5817,465360000,465440000,22342,3999
5818,465440000,465520000,20988,3880
5819,465520000,465600000,16837,3443
5820,465600000,465680000,14630,2733
5821,465680000,465760000,21156,3989
5822,465760000,465840000,19464,3620
5823,465840000,465920000,16167,3364
5824,465920000,466000000,16613,3081
5825,466000000,466080000,22481,4006
5826,466080000,466160000,18955,3617
5827,466160000,466240000,15352,3129
5828,466240000,466320000,17865,3305
5829,466320000,466400000,21635,4006
5830,466400000,466480000,18199,3593
5831,466480000,466560000,14974,3022
5832,466560000,466640000,18869,3437
5833,466640000,466720000,22382,4108
5834,466720000,466800000,17193,3568
5835,466800000,466880000,13225,2584
5836,466880000,466960000,20074,3776
5837,466960000,467040000,21822,4149
5838,467040000,467120000,17611,3556
5839,467120000,467200000,12671,2364
5840,467200000,467280000,21993,3981
5841,467280000,467360000,24147,4307
5842,467360000,467440000,16912,3482
5843,467440000,467520000,12538,2284
5844,467520000,467600000,20741,3978
5845,467600000,467680000,22403,4215
5846,467680000,467760000,16197,3361
5847,467760000,467840000,11875,2485
5848,467840000,467920000,21969,4002
5849,467920000,468000000,20451,3885
5850,468000000,468080000,15825,3443
5851,468080000,468160000,13066,2733
5852,468160000,468240000,20092,3998
5853,468240000,468320000,19484,3627
5854,468320000,468400000,15657,3364
5855,468400000,468480000,15424,3081
5856,468480000,468560000,23002,4001
5857,468560000,468640000,18476,3610
5858,468640000,468720000,14726,3129
5859,468720000,468800000,15602,3305
5860,468800000,468880000,20355,4011
5861,468880000,468960000,17378,3590
5862,468960000,469040000,14094,3022
5863,469040000,469120000,16931,3437
5864,469120000,469200000,22630,4119
5865,469200000,469280000,16344,3573
5866,469280000,469360000,12145,2584
5867,469360000,469440000,18225,3775
5868,469440000,469520000,21220,4155
5869,469520000,469600000,16655,3559
5870,469600000,469680000,11992,2364
5871,469680000,469760000,21006,3982
5872,469760000,469840000,24060,4307
5873,469840000,469920000,16043,3483
5874,469920000,470000000,11526,2294
5875,470000000,470080000,19815,3971
5876,470080000,470160000,22255,4222
5877,470160000,470240000,15671,3361
5878,470240000,470320000,12404,2485
5879,470320000,470400000,21951,3999
5880,470400000,470480000,20741,3880
5881,470480000,470560000,15848,3443
5882,470560000,470640000,13107,2733
5883,470640000,470720000,20199,3989
5884,470720000,470800000,19342,3620
5885,470800000,470880000,15482,3364
5886,470880000,470960000,15657,3081
5887,470960000,471040000,22780,4006
5888,471040000,471120000,18621,3617
5889,471120000,471200000,15105,3129
5890,471200000,471280000,16832,3305
5891,471280000,471360000,21556,4006
5892,471360000,471440000,18028,3593
5893,471440000,471520000,14450,3022
5894,471520000,471600000,17071,3437
5895,471600000,471680000,22666,4108
5896,471680000,471760000,16825,3568
5897,471760000,471840000,12573,2584
5898,471840000,471920000,19027,3776
5899,471920000,472000000,21743,4149
5900,472000000,472080000,17080,3556
5901,472080000,472160000,12152,2364
5902,472160000,472240000,21217,3981
5903,472240000,472320000,23996,4307
5904,472320000,472400000,16113,3482
5905,472400000,472480000,11329,2294
5906,472480000,472560000,19537,3970
5907,472560000,472640000,22382,4215
5908,472640000,472720000,15410,3361
5909,472720000,472800000,11949,2493
5910,472800000,472880000,21989,4002
5911,472880000,472960000,20663,3885
5912,472960000,473040000,15776,3447
5913,473040000,473120000,13038,2743
5914,473120000,473200000,20025,4006
5915,473200000,473280000,19297,3621
5916,473280000,473360000,15642,3372
5917,473360000,473440000,15478,3091
5918,473440000,473520000,22725,4009
5919,473520000,473600000,18448,3610
5920,473600000,473680000,15232,3145
5921,473680000,473760000,16751,3317
5922,473760000,473840000,21213,4013
5923,473840000,473920000,17890,3596
5924,473920000,474000000,14915,3040
5925,474000000,474080000,18115,3455
5926,474080000,474160000,22729,4113
5927,474160000,474240000,16952,3577
5928,474240000,474320000,12833,2602
5929,474320000,474400000,18748,3795
5930,474400000,474480000,21691,4155
5931,474480000,474560000,17223,3569
5932,474560000,474640000,12465,2376
5933,474640000,474720000,21226,4000
5934,474720000,474800000,24625,4301
5935,474800000,474880000,16175,3493
5936,474880000,474960000,11318,2302
5937,474960000,475040000,19632,3987
5938,475040000,475120000,21774,4222
5939,475120000,475200000,15416,3369
5940,475200000,475280000,12321,2495
5941,475280000,475360000,22389,4019
5942,475360000,475440000,20765,3886
5943,475440000,475520000,15865,3457
5944,475520000,475600000,13199,2743
5945,475600000,475680000,20390,4003
5946,475680000,475760000,19386,3620
5947,475760000,475840000,15653,3382
5948,475840000,475920000,16009,3091
5949,475920000,476000000,23335,4014
5950,476000000,476080000,18471,3617
5951,476080000,476160000,15035,3147
5952,476160000,476240000,16328,3317
5953,476240000,476320000,20626,4023
5954,476320000,476400000,18020,3602
5955,476400000,476480000,14232,3040
5956,476480000,476560000,17728,3455
5957,476560000,476640000,23209,4114
5958,476640000,476720000,16785,3572
5959,476720000,476800000,12480,2592
5960,476800000,476880000,19235,3796
5961,476880000,476960000,21250,4149
5962,476960000,477040000,17190,3566
5963,477040000,477120000,11414,2368
5964,477120000,477200000,20361,3981
5965,477200000,477280000,24516,4313
5966,477280000,477360000,16044,3492
5967,477360000,477440000,11340,2294
5968,477440000,477520000,20288,3970
5969,477520000,477600000,22813,4215
5970,477600000,477680000,15517,3361
5971,477680000,477760000,11977,2485
5972,477760000,477840000,22178,4008
5973,477840000,477920000,20911,3885
5974,477920000,478000000,15837,3443
5975,478000000,478080000,13168,2733
5976,478080000,478160000,20162,3992
5977,478160000,478240000,19004,3621
5978,478240000,478320000,15510,3364
5979,478320000,478400000,15048,3081
5980,478400000,478480000,22978,4001
5981,478480000,478560000,18524,3610
5982,478560000,478640000,14976,3129
5983,478640000,478720000,16622,3305
5984,478720000,478800000,20635,4005
5985,478800000,478880000,17663,3590
5986,478880000,478960000,14519,3022
5987,478960000,479040000,17552,3437
5988,479040000,479120000,22373,4107
5989,479120000,479200000,16839,3573
5990,479200000,479280000,12343,2584
5991,479280000,479360000,18890,3775
5992,479360000,479440000,21380,4155
5993,479440000,479520000,16939,3559
5994,479520000,479600000,11488,2364
5995,479600000,479680000,20603,3982
5996,479680000,479760000,23700,4311
5997,479760000,479840000,15994,3483
5998,479840000,479920000,11158,2294
5999,479920000,480000000,19510,3977
6000,480000000,480080000,22125,4228
6001,480080000,480160000,15548,3361
6002,480160000,480240000,12174,2485
6003,480240000,480320000,21142,3999
6004,480320000,480400000,20246,3880
6005,480400000,480480000,15690,3443
6006,480480000,480560000,13090,2733
6007,480560000,480640000,19740,3989
6008,480640000,480720000,18880,3620
6009,480720000,480800000,15557,3364
6010,480800000,480880000,15653,3081
6011,480880000,480960000,22446,4016
6012,480960000,481040000,18675,3623
6013,481040000,481120000,14995,3129
6014,481120000,481200000,16239,3305
6015,481200000,481280000,20780,4006
6016,481280000,481360000,17928,3593
6017,481360000,481440000,14609,3022
6018,481440000,481520000,17543,3437
6019,481520000,481600000,22665,4108
6020,481600000,481680000,16850,3568
6021,481680000,481760000,12141,2584
6022,481760000,481840000,18080,3776
6023,481840000,481920000,21792,4149
6024,481920000,482000000,17026,3556
6025,482000000,482080000,11781,2364
6026,482080000,482160000,20895,3981
6027,482160000,482240000,24032,4307
6028,482240000,482320000,16034,3482
6029,482320000,482400000,11526,2294
6030,482400000,482480000,19838,3970
6031,482480000,482560000,22633,4215
6032,482560000,482640000,15554,3361
6033,482640000,482720000,12243,2485
6034,482720000,482800000,21383,4002
6035,482800000,482880000,20339,3885
6036,482880000,482960000,15848,3443
6037,482960000,483040000,13052,2733
6038,483040000,483120000,19836,3992
6039,483120000,483200000,18943,3621
6040,483200000,483280000,15611,3364
6041,483280000,483360000,15879,3081
6042,483360000,483440000,22241,4007
6043,483440000,483520000,18310,3624
6044,483520000,483600000,15415,3129
6045,483600000,483680000,17042,3305
6046,483680000,483760000,21001,4005
6047,483760000,483840000,18134,3590
6048,483840000,483920000,14660,3022
6049,483920000,484000000,17667,3437
6050,484000000,484080000,22678,4107
6051,484080000,484160000,16999,3573
6052,484160000,484240000,12585,2584
6053,484240000,484320000,19126,3775
6054,484320000,484400000,21827,4161
6055,484400000,484480000,17249,3559
6056,484480000,484560000,12084,2364
6057,484560000,484640000,21224,3982
6058,484640000,484720000,23413,4301
6059,484720000,484800000,16426,3483
6060,484800000,484880000,11656,2294
6061,484880000,484960000,20283,3971
6062,484960000,485040000,22698,4222
6063,485040000,485120000,15841,3361
6064,485120000,485200000,12566,2485
6065,485200000,485280000,21970,3999
6066,485280000,485360000,20494,3880
6067,485360000,485440000,16063,3443
6068,485440000,485520000,13337,2733
6069,485520000,485600000,20028,3989
6070,485600000,485680000,19163,3620
6071,485680000,485760000,15713,3364
6072,485760000,485840000,15893,3081
6073,485840000,485920000,22084,4006
6074,485920000,486000000,18107,3617
6075,486000000,486080000,15092,3129
6076,486080000,486160000,16705,3305
6077,486160000,486240000,20635,4006
6078,486240000,486320000,17763,3593
6079,486320000,486400000,14479,3022
6080,486400000,486480000,17683,3437
6081,486480000,486560000,22107,4108
6082,486560000,486640000,16879,3568
6083,486640000,486720000,12501,2584
6084,486720000,486800000,18974,3776
6085,486800000,486880000,21811,4149
6086,486880000,486960000,17225,3556
6087,486960000,487040000,12104,2364
6088,487040000,487120000,21496,3981
6089,487120000,487200000,23778,4307
6090,487200000,487280000,16399,3482
6091,487280000,487360000,11568,2294
6092,487360000,487440000,19653,3970
6093,487440000,487520000,22463,4221
6094,487520000,487600000,15831,3361
6095,487600000,487680000,12093,2485
6096,487680000,487760000,21675,4002
6097,487760000,487840000,20327,3885
6098,487840000,487920000,16032,3443
6099,487920000,488000000,13398,2733
6100,488000000,488080000,20520,3992
6101,488080000,488160000,19529,3621
6102,488160000,488240000,15629,3364
6103,488240000,488320000,15316,3081
6104,488320000,488400000,22523,4001
6105,488400000,488480000,18402,3610
6106,488480000,488560000,15025,3129
6107,488560000,488640000,16659,3305
6108,488640000,488720000,21323,4005
6109,488720000,488800000,17836,3590
6110,488800000,488880000,14491,3022
6111,488880000,488960000,17581,3437
6112,488960000,489040000,22396,4113
6113,489040000,489120000,16864,3573
6114,489120000,489200000,12555,2584
6115,489200000,489280000,18900,3775
6116,489280000,489360000,21593,4155
6117,489360000,489440000,17137,3559
6118,489440000,489520000,12110,2364
6119,489520000,489600000,21351,3982
6120,489600000,489680000,23527,4301
6121,489680000,489760000,16460,3483
6122,489760000,489840000,11824,2294
6123,489840000,489920000,20382,3971
6124,489920000,490000000,23157,4222
6125,490000000,490080000,16209,3361
6126,490080000,490160000,12840,2485
6127,490160000,490240000,21922,3999
6128,490240000,490320000,20141,3886
6129,490320000,490400000,16427,3443
6130,490400000,490480000,13849,2733
6131,490480000,490560000,20709,3995
6132,490560000,490640000,19320,3626
6133,490640000,490720000,15659,3364
6134,490720000,490800000,15590,3081
6135,490800000,490880000,22508,4006
6136,490880000,490960000,18793,3617
6137,490960000,491040000,14975,3129
6138,491040000,491120000,16283,3305
6139,491120000,491200000,20925,4006
6140,491200000,491280000,17938,3593
6141,491280000,491360000,14413,3022
6142,491360000,491440000,17023,3437
6143,491440000,491520000,22650,4120
6144,491520000,491600000,16765,3568
6145,491600000,491680000,12534,2584
6146,491680000,491760000,18639,3776
6147,491760000,491840000,22175,4149
6148,491840000,491920000,16792,3556
6149,491920000,492000000,12133,2364
6150,492000000,492080000,20867,3981
6151,492080000,492160000,24287,4313
6152,492160000,492240000,15996,3482
6153,492240000,492320000,11672,2294
6154,492320000,492400000,20156,3970
6155,492400000,492480000,22767,4215
6156,492480000,492560000,15658,3361
6157,492560000,492640000,12630,2485
6158,492640000,492720000,22317,4002
6159,492720000,492800000,20722,3885
6160,492800000,492880000,15831,3443
6161,492880000,492960000,13099,2733
6162,492960000,493040000,20194,3992
6163,493040000,493120000,19432,3621
6164,493120000,493200000,15442,3364
6165,493200000,493280000,15628,3081
6166,493280000,493360000,22625,4001
6167,493360000,493440000,18341,3610
6168,493440000,493520000,14839,3129
6169,493520000,493600000,16461,3305
6170,493600000,493680000,21393,4005
6171,493680000,493760000,18039,3590
6172,493760000,493840000,14346,3022
6173,493840000,493920000,17438,3437
6174,493920000,494000000,22560,4113
6175,494000000,494080000,16854,3573
6176,494080000,494160000,12525,2584
6177,494160000,494240000,18878,3775
6178,494240000,494320000,22019,4155
6179,494320000,494400000,16942,3559
6180,494400000,494480000,12235,2364
6181,494480000,494560000,21492,3982
6182,494560000,494640000,23828,4301
6183,494640000,494720000,16206,3483
6184,494720000,494800000,11687,2294
6185,494800000,494880000,20199,3971
6186,494880000,494960000,23082,4222
6187,494960000,495040000,15580,3361
6188,495040000,495120000,12623,2485
6189,495120000,495200000,22202,3999
6190,495200000,495280000,20673,3880
6191,495280000,495360000,15961,3443
6192,495360000,495440000,13410,2733
6193,495440000,495520000,20670,3989
6194,495520000,495600000,19216,3620
6195,495600000,495680000,15800,3364
6196,495680000,495760000,16132,3081
6197,495760000,495840000,22198,4006
6198,495840000,495920000,18587,3617
6199,495920000,496000000,14844,3129
6200,496000000,496080000,16007,3305
6201,496080000,496160000,20827,4006
6202,496160000,496240000,17890,3593
6203,496240000,496320000,14236,3022
6204,496320000,496400000,17119,3437
6205,496400000,496480000,22713,4108
6206,496480000,496560000,16600,3574
6207,496560000,496640000,12601,2584
6208,496640000,496720000,18968,3776
6209,496720000,496800000,21218,4149
6210,496800000,496880000,17022,3556
6211,496880000,496960000,12013,2364
6212,496960000,497040000,21193,3981
6213,497040000,497120000,24005,4307
6214,497120000,497200000,16183,3482
6215,497200000,497280000,11678,2294
6216,497280000,497360000,20181,3970
6217,497360000,497440000,22130,4215
6218,497440000,497520000,15618,3361
6219,497520000,497600000,12420,2485
6220,497600000,497680000,22217,4002
6221,497680000,497760000,20685,3897
6222,497760000,497840000,15876,3443
6223,497840000,497920000,13569,2733
6224,497920000,498000000,20436,3992
6225,498000000,498080000,19209,3621
6226,498080000,498160000,15790,3364
6227,498160000,498240000,15403,3081
6228,498240000,498320000,22873,4001
6229,498320000,498400000,18468,3610
6230,498400000,498480000,15149,3129
6231,498480000,498560000,16746,3305
6232,498560000,498640000,20372,4014
6233,498640000,498720000,17547,3593
6234,498720000,498800000,14520,3022
6235,498800000,498880000,17477,3437
6236,498880000,498960000,22366,4107
6237,498960000,499040000,16653,3573
6238,499040000,499120000,12535,2584
6239,499120000,499200000,18863,3775
6240,499200000,499280000,21784,4158
6241,499280000,499360000,16915,3562
6242,499360000,499440000,11966,2364
6243,499440000,499520000,21303,3982
6244,499520000,499600000,24023,4311
6245,499600000,499680000,16314,3483
6246,499680000,499760000,11798,2294
6247,499760000,499840000,20513,3971
6248,499840000,499920000,22563,4228
6249,499920000,500000000,16078,3361
6250,500000000,500080000,12944,2485
6251,500080000,500160000,22316,3999
6252,500160000,500240000,20560,3886
6253,500240000,500320000,16381,3443
6254,500320000,500400000,14002,2733
6255,500400000,500480000,20345,3989
6256,500480000,500560000,19184,3620
6257,500560000,500640000,15993,3364
6258,500640000,500720000,16073,3081
6259,500720000,500800000,22672,4006
6260,500800000,500880000,18381,3617
6261,500880000,500960000,15532,3129
6262,500960000,501040000,16990,3305
6263,501040000,501120000,21335,4006
6264,501120000,501200000,18196,3593
6265,501200000,501280000,15126,3022
6266,501280000,501360000,18278,3437
6267,501360000,501440000,22893,4108
6268,501440000,501520000,17005,3568
6269,501520000,501600000,12365,2584
6270,501600000,501680000,18821,3776
6271,501680000,501760000,21365,4149
6272,501760000,501840000,16735,3556
6273,501840000,501920000,11731,2364
6274,501920000,502000000,20227,3987
6275,502000000,502080000,24133,4307
6276,502080000,502160000,15731,3482
6277,502160000,502240000,11391,2294
6278,502240000,502320000,19973,3970
6279,502320000,502400000,22520,4215
6280,502400000,502480000,15388,3361
6281,502480000,502560000,12370,2485
6282,502560000,502640000,21485,4008
6283,502640000,502720000,20346,3885
6284,502720000,502800000,15593,3443
6285,502800000,502880000,12630,2733
6286,502880000,502960000,19708,3992
6287,502960000,503040000,19109,3621
6288,503040000,503120000,15147,3364
6289,503120000,503200000,15428,3081
6290,503200000,503280000,22850,4001
6291,503280000,503360000,18193,3610
6292,503360000,503440000,14883,3129
6293,503440000,503520000,16664,3305
6294,503520000,503600000,21219,4005
6295,503600000,503680000,18073,3590
6296,503680000,503760000,14571,3022
6297,503760000,503840000,17609,3437
6298,503840000,503920000,23185,4113
6299,503920000,504000000,16981,3573
6300,504000000,504080000,12599,2584
6301,504080000,504160000,19089,3775
6302,504160000,504240000,21906,4155
6303,504240000,504320000,16998,3559
6304,504320000,504400000,12176,2364
6305,504400000,504480000,20848,3982
6306,504480000,504560000,23446,4301
6307,504560000,504640000,16157,3483
6308,504640000,504720000,11934,2294
6309,504720000,504800000,20282,3971
6310,504800000,504880000,23475,4222
6311,504880000,504960000,15673,3361
6312,504960000,505040000,12635,2485
6313,505040000,505120000,22327,3999
6314,505120000,505200000,20386,3880
6315,505200000,505280000,15934,3443
6316,505280000,505360000,12921,2733
6317,505360000,505440000,20094,3989
6318,505440000,505520000,19561,3620
6319,505520000,505600000,15410,3364
6320,505600000,505680000,15021,3081
6321,505680000,505760000,21997,4012
6322,505760000,505840000,18504,3623
6323,505840000,505920000,14986,3129
6324,505920000,506000000,16228,3305
6325,506000000,506080000,21499,4006
6326,506080000,506160000,17914,3593
6327,506160000,506240000,14379,3022
6328,506240000,506320000,17110,3437
6329,506320000,506400000,22139,4108
6330,506400000,506480000,16690,3574
6331,506480000,506560000,12460,2584
6332,506560000,506640000,18607,3776
6333,506640000,506720000,21742,4155
6334,506720000,506800000,17004,3556
6335,506800000,506880000,12094,2364
6336,506880000,506960000,21134,3981
6337,506960000,507040000,23794,4313
6338,507040000,507120000,16237,3482
6339,507120000,507200000,11516,2294
6340,507200000,507280000,19650,3970
6341,507280000,507360000,22330,4215
6342,507360000,507440000,15637,3361
6343,507440000,507520000,11976,2485
6344,507520000,507600000,21787,4002
6345,507600000,507680000,20744,3891
6346,507680000,507760000,15755,3443
6347,507760000,507840000,13114,2733
6348,507840000,507920000,20143,3995
6349,507920000,508000000,19366,3624
6350,508000000,508080000,15688,3364
6351,508080000,508160000,15434,3081
6352,508160000,508240000,22649,4001
6353,508240000,508320000,18385,3610
6354,508320000,508400000,15038,3129
6355,508400000,508480000,16212,3305
6356,508480000,508560000,20741,4005
6357,508560000,508640000,17889,3590
6358,508640000,508720000,14486,3022
6359,508720000,508800000,17443,3437
6360,508800000,508880000,23098,4113
6361,508880000,508960000,16711,3573
6362,508960000,509040000,12578,2584
6363,509040000,509120000,18828,3775
6364,509120000,509200000,22202,4155
6365,509200000,509280000,17012,3559
6366,509280000,509360000,12260,2364
6367,509360000,509440000,21125,3982
6368,509440000,509520000,24168,4301
6369,509520000,509600000,16296,3483
6370,509600000,509680000,11591,2294
6371,509680000,509760000,19635,3971
6372,509760000,509840000,22551,4222
6373,509840000,509920000,15812,3361
6374,509920000,510000000,12561,2485
6375,510000000,510080000,22039,3999
6376,510080000,510160000,20478,3880
6377,510160000,510240000,16110,3443
6378,510240000,510320000,13401,2733
6379,510320000,510400000,20257,3989
6380,510400000,510480000,19533,3620
6381,510480000,510560000,15391,3364
6382,510560000,510640000,15321,3081
6383,510640000,510720000,22555,4006
6384,510720000,510800000,18584,3617
6385,510800000,510880000,14545,3129
6386,510880000,510960000,16466,3305
6387,510960000,511040000,21314,4006
6388,511040000,511120000,18047,3593
6389,511120000,511200000,13904,3022
6390,511200000,511280000,16807,3437
6391,511280000,511360000,22616,4108
6392,511360000,511440000,17003,3568
6393,511440000,511520000,12150,2584
6394,511520000,511600000,19040,3776
6395,511600000,511680000,21674,4152
6396,511680000,511760000,17012,3559
6397,511760000,511840000,11687,2364
6398,511840000,511920000,20959,3981
6399,511920000,512000000,24027,4307
6400,512000000,512080000,16048,3482
6401,512080000,512160000,11414,2294
6402,512160000,512240000,19745,3970
6403,512240000,512320000,22060,4221
6404,512320000,512400000,15300,3361
6405,512400000,512480000,12054,2485
6406,512480000,512560000,21870,4002
6407,512560000,512640000,20737,3885
6408,512640000,512720000,15552,3443
6409,512720000,512800000,13067,2733
6410,512800000,512880000,19647,3998
6411,512880000,512960000,19377,3627
6412,512960000,513040000,15262,3364
6413,513040000,513120000,15202,3081
6414,513120000,513200000,23085,4001
6415,513200000,513280000,18467,3610
6416,513280000,513360000,14608,3129
6417,513360000,513440000,16391,3305
6418,513440000,513520000,21104,4011
6419,513520000,513600000,18083,3590
6420,513600000,513680000,14303,3022
6421,513680000,513760000,17586,3437
6422,513760000,513840000,22877,4119
6423,513840000,513920000,16876,3573
6424,513920000,514000000,12261,2584
6425,514000000,514080000,18525,3775
6426,514080000,514160000,22243,4155
6427,514160000,514240000,16957,3559
6428,514240000,514320000,12016,2364
6429,514320000,514400000,21137,3988
6430,514400000,514480000,24381,4301
6431,514480000,514560000,16057,3483
6432,514560000,514640000,11350,2294
6433,514640000,514720000,19979,3971
6434,514720000,514800000,22664,4222
6435,514800000,514880000,15632,3361
6436,514880000,514960000,12457,2485
6437,514960000,515040000,22130,3999
6438,515040000,515120000,20559,3880
6439,515120000,515200000,15720,3443
6440,515200000,515280000,12768,2733
6441,515280000,515360000,19858,3995
6442,515360000,515440000,19453,3620
6443,515440000,515520000,15226,3364
6444,515520000,515600000,15576,3081
6445,515600000,515680000,22995,4006
6446,515680000,515760000,18618,3623
6447,515760000,515840000,14748,3129
6448,515840000,515920000,16232,3305
6449,515920000,516000000,21180,4006
6450,516000000,516080000,17906,3593
6451,516080000,516160000,14197,3022
6452,516160000,516240000,17419,3437
6453,516240000,516320000,22786,4108
6454,516320000,516400000,16842,3568
6455,516400000,516480000,12392,2584
6456,516480000,516560000,19106,3776
6457,516560000,516640000,21441,4149
6458,516640000,516720000,17037,3556
6459,516720000,516800000,11553,2364
6460,516800000,516880000,20372,3981
6461,516880000,516960000,23824,4307
6462,516960000,517040000,15932,3482
6463,517040000,517120000,11685,2294
6464,517120000,517200000,19852,3970
6465,517200000,517280000,22902,4215
6466,517280000,517360000,15526,3361
6467,517360000,517440000,12227,2485
6468,517440000,517520000,22215,4002
6469,517520000,517600000,20975,3885
6470,517600000,517680000,15741,3443
6471,517680000,517760000,13255,2733
6472,517760000,517840000,20093,3992
6473,517840000,517920000,19262,3621
6474,517920000,518000000,15449,3364
6475,518000000,518080000,15017,3081
6476,518080000,518160000,22986,4007
6477,518160000,518240000,18547,3610
6478,518240000,518320000,14817,3129
6479,518320000,518400000,16516,3305
6480,518400000,518480000,20851,4005
6481,518480000,518560000,17832,3590
6482,518560000,518640000,14282,3022
6483,518640000,518720000,17218,3437
6484,518720000,518800000,22191,4107
6485,518800000,518880000,16716,3573
6486,518880000,518960000,12294,2584
6487,518960000,519040000,18851,3775
6488,519040000,519120000,21533,4155
6489,519120000,519200000,16941,3559
6490,519200000,519280000,11826,2364
6491,519280000,519360000,20750,3982
6492,519360000,519440000,24000,4301
6493,519440000,519520000,16167,3483
6494,519520000,519600000,11227,2294
6495,519600000,519680000,19852,3971
6496,519680000,519760000,22254,4228
6497,519760000,519840000,15564,3361
6498,519840000,519920000,12446,2485
6499,519920000,520000000,21884,3999
6500,520000000,520080000,20440,3892
6501,520080000,520160000,15893,3443
6502,520160000,520240000,13539,2733
6503,520240000,520320000,20099,3989
6504,520320000,520400000,18922,3620
6505,520400000,520480000,15600,3364
6506,520480000,520560000,15787,3081
6507,520560000,520640000,22362,4006
6508,520640000,520720000,18488,3617
6509,520720000,520800000,14789,3129
6510,520800000,520880000,16246,3305
6511,520880000,520960000,20626,4015
6512,520960000,521040000,18173,3596
6513,521040000,521120000,14215,3022
6514,521120000,521200000,17476,3437
6515,521200000,521280000,22302,4108
6516,521280000,521360000,16960,3568
6517,521360000,521440000,11977,2584
6518,521440000,521520000,18360,3776
6519,521520000,521600000,21543,4149
6520,521600000,521680000,17113,3556
6521,521680000,521760000,11636,2364
6522,521760000,521840000,20917,3981
6523,521840000,521920000,24236,4313
6524,521920000,522000000,16111,3482
6525,522000000,522080000,11517,2294
6526,522080000,522160000,19973,3970
6527,522160000,522240000,22582,4221
6528,522240000,522320000,15653,3361
6529,522320000,522400000,12532,2485
6530,522400000,522480000,21945,4002
6531,522480000,522560000,20809,3885
6532,522560000,522640000,15922,3443
6533,522640000,522720000,13387,2733
6534,522720000,522800000,19841,3992
6535,522800000,522880000,19176,3621
6536,522880000,522960000,15525,3364
6537,522960000,523040000,16079,3081
6538,523040000,523120000,22366,4001
6539,523120000,523200000,18365,3610
6540,523200000,523280000,15253,3129
6541,523280000,523360000,17344,3305
6542,523360000,523440000,20992,4005
6543,523440000,523520000,18294,3590
6544,523520000,523600000,14702,3022
6545,523600000,523680000,17903,3437
6546,523680000,523760000,22593,4113
6547,523760000,523840000,17179,3573
6548,523840000,523920000,12747,2584
6549,523920000,524000000,19330,3775
6550,524000000,524080000,21475,4155
6551,524080000,524160000,17054,3559
6552,524160000,524240000,11697,2364
6553,524240000,524320000,20359,3982
6554,524320000,524400000,23496,4301
6555,524400000,524480000,15925,3483
6556,524480000,524560000,11113,2294
6557,524560000,524640000,19400,3971
6558,524640000,524720000,22414,4222
6559,524720000,524800000,15393,3361
6560,524800000,524880000,12268,2485
6561,524880000,524960000,21703,4005
6562,524960000,525040000,20682,3880
6563,525040000,525120000,15729,3443
6564,525120000,525200000,13001,2733
6565,525200000,525280000,19809,3989
6566,525280000,525360000,18867,3620
6567,525360000,525440000,15350,3364
6568,525440000,525520000,15498,3081
6569,525520000,525600000,22366,4006
6570,525600000,525680000,18094,3617
6571,525680000,525760000,14741,3129
6572,525760000,525840000,16468,3305
6573,525840000,525920000,20060,4006
6574,525920000,526000000,17699,3593
6575,526000000,526080000,14252,3022
6576,526080000,526160000,17157,3437
6577,526160000,526240000,22485,4108
6578,526240000,526320000,16283,3568
6579,526320000,526400000,12285,2584
6580,526400000,526480000,18356,3779
6581,526480000,526560000,20989,4152
6582,526560000,526640000,16819,3556
6583,526640000,526720000,12054,2364
6584,526720000,526800000,21023,3981
6585,526800000,526880000,24090,4307
6586,526880000,526960000,16142,3482
6587,526960000,527040000,11701,2294
6588,527040000,527120000,19612,3970
6589,527120000,527200000,21522,4215
6590,527200000,527280000,15673,3361
6591,527280000,527360000,12486,2485
6592,527360000,527440000,21779,4002
6593,527440000,527520000,20140,3885
6594,527520000,527600000,15768,3443
6595,527600000,527680000,13702,2733
6596,527680000,527760000,19509,3992
6597,527760000,527840000,18717,3621
6598,527840000,527920000,15657,3364
6599,527920000,528000000,15839,3081
6600,528000000,528080000,22816,4007
6601,528080000,528160000,18270,3616
6602,528160000,528240000,15209,3129
6603,528240000,528320000,17061,3305
6604,528320000,528400000,20406,4005
6605,528400000,528480000,17782,3590
6606,528480000,528560000,14430,3022
6607,528560000,528640000,17660,3437
6608,528640000,528720000,22783,4113
6609,528720000,528800000,16770,3573
6610,528800000,528880000,12166,2584
6611,528880000,528960000,18340,3775
6612,528960000,529040000,21368,4161
6613,529040000,529120000,16714,3559
6614,529120000,529200000,11975,2364
6615,529200000,529280000,21105,3982
6616,529280000,529360000,24369,4307
6617,529360000,529440000,16021,3483
6618,529440000,529520000,11841,2294
6619,529520000,529600000,19957,3971
6620,529600000,529680000,22120,4222
6621,529680000,529760000,15731,3361
6622,529760000,529840000,12761,2485
6623,529840000,529920000,22189,3999
6624,529920000,530000000,20745,3880
6625,530000000,530080000,15956,3443
6626,530080000,530160000,13727,2733
6627,530160000,530240000,20400,3989
6628,530240000,530320000,18859,3620
6629,530320000,530400000,15654,3364
6630,530400000,530480000,16043,3081
6631,530480000,530560000,22455,4006
6632,530560000,530640000,18646,3617
6633,530640000,530720000,15160,3129
6634,530720000,530800000,16805,3305
6635,530800000,530880000,20518,4012
6636,530880000,530960000,18186,3593
6637,530960000,531040000,14539,3022
6638,531040000,531120000,17656,3437
6639,531120000,531200000,22795,4108
6640,531200000,531280000,17014,3568
6641,531280000,531360000,12553,2584
6642,531360000,531440000,19128,3776
6643,531440000,531520000,20984,4149
6644,531520000,531600000,17002,3556
6645,531600000,531680000,12053,2364
6646,531680000,531760000,21093,3981
6647,531760000,531840000,23783,4307
6648,531840000,531920000,16122,3482
6649,531920000,532000000,11654,2294
6650,532000000,532080000,19593,3970
6651,532080000,532160000,22324,4215
6652,532160000,532240000,15832,3361
6653,532240000,532320000,12818,2485
6654,532320000,532400000,22372,4002
6655,532400000,532480000,20581,3885
6656,532480000,532560000,16271,3443
6657,532560000,532640000,13879,2733
6658,532640000,532720000,20068,3992
6659,532720000,532800000,18824,3621
6660,532800000,532880000,15847,3364
6661,532880000,532960000,16175,3081
6662,532960000,533040000,22981,4001
6663,533040000,533120000,18423,3610
6664,533120000,533200000,15106,3129
6665,533200000,533280000,16925,3305
6666,533280000,533360000,20452,4005
6667,533360000,533440000,17470,3590
6668,533440000,533520000,14588,3022
6669,533520000,533600000,17806,3437
6670,533600000,533680000,22322,4107
6671,533680000,533760000,16883,3573
6672,533760000,533840000,12678,2584
6673,533840000,533920000,19093,3778
6674,533920000,534000000,20949,4161
6675,534000000,534080000,17215,3562
6676,534080000,534160000,12256,2364
6677,534160000,534240000,21610,3982
6678,534240000,534320000,23817,4301
6679,534320000,534400000,16165,3483
6680,534400000,534480000,11577,2294
6681,534480000,534560000,19430,3971
6682,534560000,534640000,22141,4222
6683,534640000,534720000,15433,3361
6684,534720000,534800000,12585,2485
6685,534800000,534880000,21830,3999
6686,534880000,534960000,20302,3886
6687,534960000,535040000,15814,3443
6688,535040000,535120000,13185,2733
6689,535120000,535200000,19992,3995
6690,535200000,535280000,18776,3626
6691,535280000,535360000,15363,3364
6692,535360000,535440000,15656,3081
6693,535440000,535520000,22180,4006
6694,535520000,535600000,18337,3617
6695,535600000,535680000,14547,3129
6696,535680000,535760000,16079,3305
6697,535760000,535840000,20547,4006
6698,535840000,535920000,17672,3593
6699,535920000,536000000,14237,3022
6700,536000000,536080000,17131,3437
6701,536080000,536160000,22547,4120
6702,536160000,536240000,16538,3568
6703,536240000,536320000,12521,2584
6704,536320000,536400000,18696,3776
6705,536400000,536480000,21322,4149
6706,536480000,536560000,16970,3556
6707,536560000,536640000,12014,2364
6708,536640000,536720000,21021,3981
6709,536720000,536800000,23734,4307
6710,536800000,536880000,16210,3482
6711,536880000,536960000,12103,2294
6712,536960000,537040000,20083,3970
6713,537040000,537120000,22464,4221
6714,537120000,537200000,15802,3361
6715,537200000,537280000,12715,2485
6716,537280000,537360000,22142,4002
6717,537360000,537440000,20494,3885
6718,537440000,537520000,15766,3443
6719,537520000,537600000,13427,2733
6720,537600000,537680000,20011,3992
6721,537680000,537760000,19001,3621
6722,537760000,537840000,15525,3364
6723,537840000,537920000,15319,3081
6724,537920000,538000000,22482,4001
6725,538000000,538080000,18124,3610
6726,538080000,538160000,15078,3129
6727,538160000,538240000,16754,3305
6728,538240000,538320000,20267,4011
6729,538320000,538400000,17370,3590
6730,538400000,538480000,14442,3022
6731,538480000,538560000,17467,3437
6732,538560000,538640000,22864,4107
6733,538640000,538720000,16421,3573
6734,538720000,538800000,12313,2584
6735,538800000,538880000,18440,3775
6736,538880000,538960000,21022,4155
6737,538960000,539040000,16846,3559
6738,539040000,539120000,12059,2364
6739,539120000,539200000,20817,3982
6740,539200000,539280000,23641,4301
6741,539280000,539360000,16192,3483
6742,539360000,539440000,12010,2294
6743,539440000,539520000,19814,3971
6744,539520000,539600000,22000,4222
6745,539600000,539680000,16042,3361
6746,539680000,539760000,13007,2485
6747,539760000,539840000,22452,3999
6748,539840000,539920000,20662,3880
6749,539920000,540000000,16111,3443
6750,540000000,540080000,13755,2733
6751,540080000,540160000,19896,3989
6752,540160000,540240000,18734,3620
6753,540240000,540320000,15741,3364
6754,540320000,540400000,16040,3081
6755,540400000,540480000,22422,4006
6756,540480000,540560000,18151,3617
6757,540560000,540640000,15400,3129
6758,540640000,540720000,16829,3305
6759,540720000,540800000,20091,4006
6760,540800000,540880000,17881,3593
6761,540880000,540960000,14866,3022
6762,540960000,541040000,17920,3437
6763,541040000,541120000,22790,4108
6764,541120000,541200000,16736,3568
6765,541200000,541280000,12645,2584
6766,541280000,541360000,18941,3776
6767,541360000,541440000,21689,4149
6768,541440000,541520000,16971,3556
6769,541520000,541600000,12313,2364
6770,541600000,541680000,21273,3987
6771,541680000,541760000,24105,4313
6772,541760000,541840000,16209,3482
6773,541840000,541920000,11876,2294
6774,541920000,542000000,20136,3970
6775,542000000,542080000,22191,4215
6776,542080000,542160000,15855,3361
6777,542160000,542240000,12901,2485
6778,542240000,542320000,22558,4002
6779,542320000,542400000,20641,3891
6780,542400000,542480000,15911,3443
6781,542480000,542560000,12569,2733
6782,542560000,542640000,19431,3992
6783,542640000,542720000,18923,3621
6784,542720000,542800000,15184,3364
6785,542800000,542880000,15298,3081
6786,542880000,542960000,22221,4001
6787,542960000,543040000,18036,3610
6788,543040000,543120000,15077,3129
6789,543120000,543200000,16495,3305
6790,543200000,543280000,20494,4014
6791,543280000,543360000,17693,3593
6792,543360000,543440000,14699,3022
6793,543440000,543520000,17607,3437
6794,543520000,543600000,22783,4107
6795,543600000,543680000,16928,3573
6796,543680000,543760000,12862,2584
6797,543760000,543840000,19134,3775
6798,543840000,543920000,21253,4155
6799,543920000,544000000,17155,3559
6800,544000000,544080000,12373,2364
6801,544080000,544160000,21283,3982
6802,544160000,544240000,23530,4301
6803,544240000,544320000,16311,3483
6804,544320000,544400000,11847,2294
6805,544400000,544480000,20336,3971
6806,544480000,544560000,22542,4222
6807,544560000,544640000,15821,3361
6808,544640000,544720000,12766,2485
6809,544720000,544800000,22150,3999
6810,544800000,544880000,20440,3880
6811,544880000,544960000,16283,3443
6812,544960000,545040000,13635,2733
6813,545040000,545120000,20031,3995
6814,545120000,545200000,19224,3626
6815,545200000,545280000,15701,3364
6816,545280000,545360000,15493,3081
6817,545360000,545440000,22790,4006
6818,545440000,545520000,18374,3617
6819,545520000,545600000,15125,3129
6820,545600000,545680000,16676,3305
6821,545680000,545760000,20898,4006
6822,545760000,545840000,17812,3593
6823,545840000,545920000,14805,3022
6824,545920000,546000000,17821,3437
6825,546000000,546080000,22354,4114
6826,546080000,546160000,16548,3568
6827,546160000,546240000,12812,2584
6828,546240000,546320000,18741,3776
6829,546320000,546400000,20695,4149
6830,546400000,546480000,16954,3556
6831,546480000,546560000,11816,2364
6832,546560000,546640000,20891,3987
6833,546640000,546720000,23737,4307
6834,546720000,546800000,15975,3482
6835,546800000,546880000,11546,2294
6836,546880000,546960000,19854,3970
6837,546960000,547040000,22168,4215
6838,547040000,547120000,15493,3361
6839,547120000,547200000,11982,2485
6840,547200000,547280000,21994,4002
6841,547280000,547360000,20289,3885
6842,547360000,547440000,15537,3443
6843,547440000,547520000,13150,2733
6844,547520000,547600000,19669,3992
6845,547600000,547680000,19281,3627
6846,547680000,547760000,15419,3364
6847,547760000,547840000,15362,3081
6848,547840000,547920000,23036,4001
6849,547920000,548000000,17937,3610
6850,548000000,548080000,14818,3129
6851,548080000,548160000,16015,3305
6852,548160000,548240000,20099,4005
6853,548240000,548320000,17654,3590
6854,548320000,548400000,14251,3022
6855,548400000,548480000,17379,3437
6856,548480000,548560000,23145,4107
6857,548560000,548640000,16537,3573
6858,548640000,548720000,12223,2584
6859,548720000,548800000,18416,3775
6860,548800000,548880000,21019,4155
6861,548880000,548960000,16855,3559
6862,548960000,549040000,12060,2364
6863,549040000,549120000,21168,3982
6864,549120000,549200000,24295,4301
6865,549200000,549280000,16078,3483
6866,549280000,549360000,11823,2294
6867,549360000,549440000,19717,3971
6868,549440000,549520000,22270,4222
6869,549520000,549600000,15785,3361
6870,549600000,549680000,12709,2485
6871,549680000,549760000,22297,3999
6872,549760000,549840000,20774,3880
6873,549840000,549920000,16079,3443
6874,549920000,550000000,13586,2733
6875,550000000,550080000,19937,3989
6876,550080000,550160000,19215,3626
6877,550160000,550240000,15893,3364
6878,550240000,550320000,16194,3081
6879,550320000,550400000,23352,4012
6880,550400000,550480000,18312,3623
6881,550480000,550560000,15628,3129
6882,550560000,550640000,17352,3305
6883,550640000,550720000,20903,4006
6884,550720000,550800000,18120,3593
6885,550800000,550880000,14620,3022
6886,550880000,550960000,17223,3437
6887,550960000,551040000,23137,4108
6888,551040000,551120000,16904,3574
6889,551120000,551200000,12447,2584
6890,551200000,551280000,18978,3776
6891,551280000,551360000,21922,4155
6892,551360000,551440000,17073,3556
6893,551440000,551520000,12178,2364
6894,551520000,551600000,21475,3987
6895,551600000,551680000,24261,4307
6896,551680000,551760000,16143,3482
6897,551760000,551840000,11618,2294
6898,551840000,551920000,19804,3970
6899,551920000,552000000,21978,4215
6900,552000000,552080000,15647,3361
6901,552080000,552160000,12402,2485
6902,552160000,552240000,22351,4008
6903,552240000,552320000,20967,3885
6904,552320000,552400000,16013,3443
6905,552400000,552480000,13495,2733
6906,552480000,552560000,20160,3992
6907,552560000,552640000,19551,3621
6908,552640000,552720000,15955,3364
6909,552720000,552800000,16024,3081
6910,552800000,552880000,23151,4001
6911,552880000,552960000,18421,3610
6912,552960000,553040000,15401,3129
6913,553040000,553120000,17046,3305
6914,553120000,553200000,21024,4011
6915,553200000,553280000,17840,3590
6916,553280000,553360000,14835,3022
6917,553360000,553440000,18275,3437
6918,553440000,553520000,22928,4107
6919,553520000,553600000,17024,3573
6920,553600000,553680000,12707,2584
6921,553680000,553760000,18828,3775
6922,553760000,553840000,21653,4155
6923,553840000,553920000,17196,3559
6924,553920000,554000000,12318,2364
6925,554000000,554080000,21565,3982
6926,554080000,554160000,24285,4301
6927,554160000,554240000,16287,3483
6928,554240000,554320000,11935,2294
6929,554320000,554400000,19944,3971
6930,554400000,554480000,21991,4222
6931,554480000,554560000,15999,3361
6932,554560000,554640000,12951,2485
6933,554640000,554720000,22652,3999
6934,554720000,554800000,20724,3880
6935,554800000,554880000,16407,3443
6936,554880000,554960000,13755,2733
6937,554960000,555040000,20122,3989
6938,555040000,555120000,19389,3620
6939,555120000,555200000,16208,3364
6940,555200000,555280000,16688,3081
6941,555280000,555360000,23592,4006
6942,555360000,555440000,18404,3617
6943,555440000,555520000,15452,3129
6944,555520000,555600000,16854,3305
6945,555600000,555680000,20595,4006
6946,555680000,555760000,18207,3593
6947,555760000,555840000,14641,3022
6948,555840000,555920000,18103,3437
6949,555920000,556000000,23289,4114
6950,556000000,556080000,16781,3568
6951,556080000,556160000,12808,2584
6952,556160000,556240000,19398,3776
6953,556240000,556320000,20492,4149
6954,556320000,556400000,17202,3556
6955,556400000,556480000,11893,2364
6956,556480000,556560000,20904,3987
6957,556560000,556640000,24078,4307
6958,556640000,556720000,15903,3482
6959,556720000,556800000,11898,2294
6960,556800000,556880000,19955,3970
6961,556880000,556960000,22386,4215
6962,556960000,557040000,15726,3361
6963,557040000,557120000,12600,2485
6964,557120000,557200000,22594,4002
6965,557200000,557280000,20752,3885
6966,557280000,557360000,16131,3443
6967,557360000,557440000,13649,2733
6968,557440000,557520000,19935,3998
6969,557520000,557600000,19653,3627
6970,557600000,557680000,15775,3364
6971,557680000,557760000,15460,3081
6972,557760000,557840000,23233,4001
6973,557840000,557920000,18407,3610
6974,557920000,558000000,15294,3129
6975,558000000,558080000,17052,3305
6976,558080000,558160000,19951,4011
6977,558160000,558240000,17576,3590
6978,558240000,558320000,14833,3022
6979,558320000,558400000,17898,3437
6980,558400000,558480000,22572,4119
6981,558480000,558560000,16731,3573
6982,558560000,558640000,12808,2584
6983,558640000,558720000,19201,3775
6984,558720000,558800000,21619,4155
6985,558800000,558880000,17051,3559
6986,558880000,558960000,12251,2364
6987,558960000,559040000,21677,3982
6988,559040000,559120000,23894,4301
6989,559120000,559200000,16331,3483
6990,559200000,559280000,11964,2294
6991,559280000,559360000,20124,3971
6992,559360000,559440000,22377,4228
6993,559440000,559520000,16157,3361
6994,559520000,559600000,13148,2485
6995,559600000,559680000,22463,3999
6996,559680000,559760000,20277,3886
6997,559760000,559840000,16372,3443
6998,559840000,559920000,13937,2733
6999,559920000,560000000,19913,3989
7000,560000000,560080000,19021,3620
7001,560080000,560160000,16060,3364
7002,560160000,560240000,16500,3081
7003,560240000,560320000,22921,4006
7004,560320000,560400000,18189,3617
7005,560400000,560480000,15641,3129
7006,560480000,560560000,17216,3305
7007,560560000,560640000,20509,4006
7008,560640000,560720000,18122,3599
7009,560720000,560800000,15199,3022
7010,560800000,560880000,18429,3437
7011,560880000,560960000,23224,4108
7012,560960000,561040000,16853,3568
7013,561040000,561120000,12357,2584
7014,561120000,561200000,18099,3776
7015,561200000,561280000,21217,4149
7016,561280000,561360000,17008,3556
7017,561360000,561440000,11886,2364
7018,561440000,561520000,21074,3981
7019,561520000,561600000,24280,4307
7020,561600000,561680000,16014,3482
7021,561680000,561760000,11649,2294
7022,561760000,561840000,19603,3970
7023,561840000,561920000,21788,4215
7024,561920000,562000000,15550,3361
7025,562000000,562080000,12245,2485
7026,562080000,562160000,22281,4002
7027,562160000,562240000,20850,3885
7028,562240000,562320000,15812,3443
7029,562320000,562400000,13021,2733
7030,562400000,562480000,19130,3992
7031,562480000,562560000,19121,3621
7032,562560000,562640000,15600,3364
7033,562640000,562720000,15850,3081
7034,562720000,562800000,23260,4001
7035,562800000,562880000,17967,3616
7036,562880000,562960000,15454,3129
7037,562960000,563040000,17140,3305
7038,563040000,563120000,20201,4005
7039,563120000,563200000,17782,3590
7040,563200000,563280000,14988,3022
7041,563280000,563360000,17961,3437
7042,563360000,563440000,23593,4107
7043,563440000,563520000,17041,3573
7044,563520000,563600000,13010,2584
7045,563600000,563680000,19529,3775
7046,563680000,563760000,21394,4158
7047,563760000,563840000,17258,3562
7048,563840000,563920000,12495,2364
7049,563920000,564000000,21684,3982
7050,564000000,564080000,24123,4301
7051,564080000,564160000,16384,3483
7052,564160000,564240000,11784,2294
7053,564240000,564320000,20178,3971
7054,564320000,564400000,22724,4222
7055,564400000,564480000,15712,3361
7056,564480000,564560000,12611,2485
7057,564560000,564640000,22603,3999
7058,564640000,564720000,20374,3886
7059,564720000,564800000,16038,3443
7060,564800000,564880000,13371,2733
7061,564880000,564960000,19863,3989
7062,564960000,565040000,18904,3620
7063,565040000,565120000,15607,3364
7064,565120000,565200000,15871,3081
7065,565200000,565280000,22816,4006
7066,565280000,565360000,18348,3617
7067,565360000,565440000,15103,3129
7068,565440000,565520000,16822,3305
7069,565520000,565600000,20899,4015
7070,565600000,565680000,18099,3596
7071,565680000,565760000,14527,3022
7072,565760000,565840000,17809,3437
7073,565840000,565920000,22973,4108
7074,565920000,566000000,16841,3568
7075,566000000,566080000,12741,2584
7076,566080000,566160000,19292,3776
7077,566160000,566240000,22315,4149
7078,566240000,566320000,17420,3556
7079,566320000,566400000,12422,2364
7080,566400000,566480000,21891,3981
7081,566480000,566560000,24585,4307
7082,566560000,566640000,16525,3482
7083,566640000,566720000,11859,2294
7084,566720000,566800000,20002,3970
7085,566800000,566880000,22315,4215
7086,566880000,566960000,16021,3361
7087,566960000,567040000,12708,2485
7088,567040000,567120000,22757,4002
7089,567120000,567200000,21044,3885
7090,567200000,567280000,16114,3443
7091,567280000,567360000,13753,2733
7092,567360000,567440000,20206,3998
7093,567440000,567520000,19359,3621
7094,567520000,567600000,15866,3364
7095,567600000,567680000,15954,3081
7096,567680000,567760000,23768,4001
7097,567760000,567840000,18499,3610
7098,567840000,567920000,15428,3129
7099,567920000,568000000,17282,3305
7100,568000000,568080000,21205,4005
7101,568080000,568160000,18039,3590
7102,568160000,568240000,14907,3022
7103,568240000,568320000,18156,3437
7104,568320000,568400000,22758,4113
7105,568400000,568480000,16857,3573
7106,568480000,568560000,12806,2584
7107,568560000,568640000,18904,3775
7108,568640000,568720000,21360,4155
7109,568720000,568800000,16983,3559
7110,568800000,568880000,12098,2364
7111,568880000,568960000,21271,3982
7112,568960000,569040000,24428,4301
7113,569040000,569120000,16223,3483
7114,569120000,569200000,11929,2294
7115,569200000,569280000,20132,3971
7116,569280000,569360000,22429,4222
7117,569360000,569440000,16042,3361
7118,569440000,569520000,12982,2485
7119,569520000,569600000,22192,3999
7120,569600000,569680000,20678,3880
7121,569680000,569760000,16261,3443
7122,569760000,569840000,14009,2733
7123,569840000,569920000,20589,3997
7124,569920000,570000000,19055,3620
7125,570000000,570080000,15856,3364
7126,570080000,570160000,16366,3081
7127,570160000,570240000,22875,4006
7128,570240000,570320000,18605,3617
7129,570320000,570400000,15548,3129
7130,570400000,570480000,17122,3305
7131,570480000,570560000,20680,4006
7132,570560000,570640000,18146,3593
7133,570640000,570720000,14735,3022
7134,570720000,570800000,17659,3437
7135,570800000,570880000,23084,4108
7136,570880000,570960000,16683,3568
7137,570960000,571040000,12646,2584
7138,571040000,571120000,18697,3776
7139,571120000,571200000,21283,4149
7140,571200000,571280000,16967,3556
7141,571280000,571360000,12281,2364
7142,571360000,571440000,21096,3981
7143,571440000,571520000,24011,4307
7144,571520000,571600000,16224,3482
7145,571600000,571680000,12049,2294
7146,571680000,571760000,20182,3970
7147,571760000,571840000,21913,4215
7148,571840000,571920000,16002,3361
7149,571920000,572000000,13104,2485
7150,572000000,572080000,22571,4002
7151,572080000,572160000,20716,3885
7152,572160000,572240000,16389,3443
7153,572240000,572320000,13859,2733
7154,572320000,572400000,19475,3992
7155,572400000,572480000,18652,3621
7156,572480000,572560000,16199,3364
7157,572560000,572640000,16509,3081
7158,572640000,572720000,23251,4007
7159,572720000,572800000,18481,3616
7160,572800000,572880000,15615,3129
7161,572880000,572960000,17193,3305
7162,572960000,573040000,20494,4005
7163,573040000,573120000,17893,3590
7164,573120000,573200000,14683,3022
7165,573200000,573280000,17890,3437
7166,573280000,573360000,23103,4113
7167,573360000,573440000,16888,3573
7168,573440000,573520000,12690,2584
7169,573520000,573600000,19080,3775
7170,573600000,573680000,21296,4161
7171,573680000,573760000,17275,3559
7172,573760000,573840000,12412,2364
7173,573840000,573920000,21900,3982
7174,573920000,574000000,24045,4301
7175,574000000,574080000,16365,3483
7176,574080000,574160000,12310,2294
7177,574160000,574240000,20137,3971
7178,574240000,574320000,22031,4222
7179,574320000,574400000,16087,3361
7180,574400000,574480000,13265,2485
7181,574480000,574560000,22743,3999
7182,574560000,574640000,20505,3880
7183,574640000,574720000,16518,3443
7184,574720000,574800000,14135,2733
7185,574800000,574880000,20151,3989
7186,574880000,574960000,19102,3620
7187,574960000,575040000,16347,3364
7188,575040000,575120000,16935,3081
7189,575120000,575200000,22858,4006
7190,575200000,575280000,18349,3617
7191,575280000,575360000,15411,3129
7192,575360000,575440000,16917,3305
7193,575440000,575520000,20466,4012
7194,575520000,575600000,18260,3593
7195,575600000,575680000,14575,3022
7196,575680000,575760000,17755,3437
7197,575760000,575840000,23559,4108
7198,575840000,575920000,16659,3574
7199,575920000,576000000,12741,2584
7200,576000000,576080000,19262,3776
7201,576080000,576160000,20975,4155
7202,576160000,576240000,17504,3556
7203,576240000,576320000,12324,2364
7204,576320000,576400000,21773,3981
7205,576400000,576480000,24363,4307
7206,576480000,576560000,16517,3482
7207,576560000,576640000,12481,2294
7208,576640000,576720000,20183,3970
7209,576720000,576800000,22004,4215
7210,576800000,576880000,16285,3361
7211,576880000,576960000,13248,2485
7212,576960000,577040000,22711,4002
7213,577040000,577120000,20715,3885
7214,577120000,577200000,16587,3443
7215,577200000,577280000,14481,2733
7216,577280000,577360000,20145,3992
7217,577360000,577440000,19122,3621
7218,577440000,577520000,16524,3364
7219,577520000,577600000,16475,3081
7220,577600000,577680000,23275,4001
7221,577680000,577760000,18313,3616
7222,577760000,577840000,15836,3129
7223,577840000,577920000,17670,3305
7224,577920000,578000000,20559,4005
7225,578000000,578080000,17813,3590
7226,578080000,578160000,14700,3022
7227,578160000,578240000,17460,3437
7228,578240000,578320000,23385,4107
7229,578320000,578400000,16313,3573
7230,578400000,578480000,12734,2584
7231,578480000,578560000,18625,3775
7232,578560000,578640000,21138,4155
7233,578640000,578720000,16717,3559
7234,578720000,578800000,12359,2364
7235,578800000,578880000,21257,3982
7236,578880000,578960000,24372,4301
7237,578960000,579040000,16142,3483
7238,579040000,579120000,12200,2294
7239,579120000,579200000,20382,3971
7240,579200000,579280000,22371,4222
7241,579280000,579360000,16042,3361
7242,579360000,579440000,13080,2485
7243,579440000,579520000,22501,3999
7244,579520000,579600000,20691,3880
7245,579600000,579680000,16354,3443
7246,579680000,579760000,13960,2733
7247,579760000,579840000,20264,3995
7248,579840000,579920000,18819,3626
7249,579920000,580000000,15781,3364
7250,580000000,580080000,15560,3081
7251,580080000,580160000,22824,4012
7252,580160000,580240000,18404,3617
7253,580240000,580320000,15174,3129
7254,580320000,580400000,16449,3305
7255,580400000,580480000,20584,4006
7256,580480000,580560000,17804,3593
7257,580560000,580640000,14870,3022
7258,580640000,580720000,17690,3437
7259,580720000,580800000,23084,4120
7260,580800000,580880000,16524,3568
7261,580880000,580960000,12555,2584
7262,580960000,581040000,18538,3776
7263,581040000,581120000,21787,4149
7264,581120000,581200000,16881,3556
7265,581200000,581280000,12084,2364
7266,581280000,581360000,21100,3981
7267,581360000,581440000,24236,4307
7268,581440000,581520000,16020,3482
7269,581520000,581600000,11757,2294
7270,581600000,581680000,20066,3970
7271,581680000,581760000,22401,4215
7272,581760000,581840000,15881,3361
7273,581840000,581920000,12693,2485
7274,581920000,582000000,22202,4002
7275,582000000,582080000,20941,3891
7276,582080000,582160000,15747,3443
7277,582160000,582240000,12537,2733
7278,582240000,582320000,19301,3992
7279,582320000,582400000,18801,3621
7280,582400000,582480000,14933,3364
7281,582480000,582560000,15327,3081
7282,582560000,582640000,22554,4001
7283,582640000,582720000,18082,3610
7284,582720000,582800000,14804,3129
7285,582800000,582880000,16605,3305
7286,582880000,582960000,20936,4005
7287,582960000,583040000,17609,3590
7288,583040000,583120000,14308,3022
7289,583120000,583200000,17388,3437
7290,583200000,583280000,23087,4107
7291,583280000,583360000,16783,3573
7292,583360000,583440000,12332,2584
7293,583440000,583520000,18703,3775
7294,583520000,583600000,21350,4155
7295,583600000,583680000,16794,3559
7296,583680000,583760000,11917,2364
7297,583760000,583840000,20717,3988
7298,583840000,583920000,23759,4301
7299,583920000,584000000,15839,3483
7300,584000000,584080000,11638,2294
7301,584080000,584160000,20116,3971
7302,584160000,584240000,22908,4222
7303,584240000,584320000,15361,3361
7304,584320000,584400000,12227,2485
7305,584400000,584480000,22183,3999
7306,584480000,584560000,20909,3880
7307,584560000,584640000,15701,3443
7308,584640000,584720000,13062,2733
7309,584720000,584800000,20082,3989
7310,584800000,584880000,19226,3620
7311,584880000,584960000,15300,3364
7312,584960000,585040000,15217,3081
7313,585040000,585120000,22800,4006
7314,585120000,585200000,18611,3617
7315,585200000,585280000,14935,3129
7316,585280000,585360000,16486,3305
7317,585360000,585440000,20745,4006
7318,585440000,585520000,17673,3593
7319,585520000,585600000,14434,3022
7320,585600000,585680000,17580,3437
7321,585680000,585760000,22645,4114
7322,585760000,585840000,16653,3568
7323,585840000,585920000,12619,2584
7324,585920000,586000000,18965,3776
7325,586000000,586080000,21737,4149
7326,586080000,586160000,17107,3556
7327,586160000,586240000,12236,2364
7328,586240000,586320000,21681,3981
7329,586320000,586400000,24195,4307
7330,586400000,586480000,16241,3482
7331,586480000,586560000,11857,2294
7332,586560000,586640000,20059,3970
7333,586640000,586720000,21861,4215
7334,586720000,586800000,15630,3361
7335,586800000,586880000,12123,2485
7336,586880000,586960000,21923,4002
7337,586960000,587040000,20726,3891
7338,587040000,587120000,15644,3443
7339,587120000,587200000,13377,2733
7340,587200000,587280000,20049,3992
7341,587280000,587360000,19313,3621
7342,587360000,587440000,15649,3364
7343,587440000,587520000,15754,3081
7344,587520000,587600000,22975,4007
7345,587600000,587680000,18264,3610
7346,587680000,587760000,15110,3129
7347,587760000,587840000,16649,3305
7348,587840000,587920000,20618,4014
7349,587920000,588000000,17893,3593
7350,588000000,588080000,14595,3022
7351,588080000,588160000,17936,3437
7352,588160000,588240000,23374,4107
7353,588240000,588320000,16540,3573
7354,588320000,588400000,12680,2584
7355,588400000,588480000,19088,3775
7356,588480000,588560000,21608,4155
7357,588560000,588640000,16997,3559
7358,588640000,588720000,12452,2364
7359,588720000,588800000,21750,3982
7360,588800000,588880000,24583,4301
7361,588880000,588960000,16153,3483
7362,588960000,589040000,11740,2294
7363,589040000,589120000,19983,3971
7364,589120000,589200000,22145,4222
7365,589200000,589280000,15531,3361
7366,589280000,589360000,12484,2485
7367,589360000,589440000,22020,3999
7368,589440000,589520000,20412,3880
7369,589520000,589600000,15854,3443
7370,589600000,589680000,13394,2733
7371,589680000,589760000,19814,3989
7372,589760000,589840000,18722,3620
7373,589840000,589920000,15603,3364
7374,589920000,590000000,15876,3081
7375,590000000,590080000,22529,4006
7376,590080000,590160000,18389,3617
7377,590160000,590240000,15268,3129
7378,590240000,590320000,17108,3305
7379,590320000,590400000,20933,4006
7380,590400000,590480000,17768,3593
7381,590480000,590560000,14599,3022
7382,590560000,590640000,17083,3437
7383,590640000,590720000,22904,4108
7384,590720000,590800000,16544,3568
7385,590800000,590880000,12617,2584
7386,590880000,590960000,18789,3776
7387,590960000,591040000,21107,4149
7388,591040000,591120000,16724,3556
7389,591120000,591200000,11836,2364
7390,591200000,591280000,20729,3981
7391,591280000,591360000,24367,4307
7392,591360000,591440000,15888,3482
7393,591440000,591520000,11397,2294
7394,591520000,591600000,19683,3970
7395,591600000,591680000,22244,4215
7396,591680000,591760000,15400,3361
7397,591760000,591840000,12202,2485
7398,591840000,591920000,22249,4002
7399,591920000,592000000,21061,3891
7400,592000000,592080000,15798,3443
7401,592080000,592160000,13264,2733
7402,592160000,592240000,19825,3995
7403,592240000,592320000,19237,3624
7404,592320000,592400000,15585,3364
7405,592400000,592480000,15598,3081
7406,592480000,592560000,22972,4001
7407,592560000,592640000,18462,3610
7408,592640000,592720000,15041,3129
7409,592720000,592800000,16866,3305
7410,592800000,592880000,20654,4005
7411,592880000,592960000,17803,3590
7412,592960000,593040000,14698,3022
7413,593040000,593120000,18031,3437
7414,593120000,593200000,23146,4107
7415,593200000,593280000,16893,3573
7416,593280000,593360000,12608,2584
7417,593360000,593440000,18920,3775
7418,593440000,593520000,21389,4155
7419,593520000,593600000,16968,3559
7420,593600000,593680000,12316,2364
7421,593680000,593760000,21524,3982
7422,593760000,593840000,24039,4301
7423,593840000,593920000,16067,3483
7424,593920000,594000000,11750,2294
7425,594000000,594080000,19934,3971
7426,594080000,594160000,22015,4222
7427,594160000,594240000,15830,3361
7428,594240000,594320000,12679,2485
7429,594320000,594400000,22502,3999
7430,594400000,594480000,20891,3880
7431,594480000,594560000,16027,3443
7432,594560000,594640000,13086,2733
7433,594640000,594720000,19779,3989
7434,594720000,594800000,19308,3620
7435,594800000,594880000,15550,3364
7436,594880000,594960000,15904,3081
7437,594960000,595040000,22946,4012
7438,595040000,595120000,18548,3623
7439,595120000,595200000,15029,3129
7440,595200000,595280000,16601,3305
7441,595280000,595360000,20051,4006
7442,595360000,595440000,17725,3593
7443,595440000,595520000,14409,3022
7444,595520000,595600000,17601,3437
7445,595600000,595680000,22907,4108
7446,595680000,595760000,16537,3568
7447,595760000,595840000,12580,2584
7448,595840000,595920000,19104,3776
7449,595920000,596000000,21104,4155
7450,596000000,596080000,17084,3556
7451,596080000,596160000,11973,2364
7452,596160000,596240000,21099,3981
7453,596240000,596320000,24120,4307
7454,596320000,596400000,16180,3482
7455,596400000,596480000,11967,2294
7456,596480000,596560000,20029,3970
7457,596560000,596640000,22475,4215
7458,596640000,596720000,15927,3361
7459,596720000,596800000,12642,2485
7460,596800000,596880000,22643,4002
7461,596880000,596960000,20861,3885
7462,596960000,597040000,16253,3443
7463,597040000,597120000,13874,2733
7464,597120000,597200000,19923,3992
7465,597200000,597280000,19682,3621
7466,597280000,597360000,16061,3364
7467,597360000,597440000,15844,3081
7468,597440000,597520000,23203,4001
7469,597520000,597600000,18580,3610
7470,597600000,597680000,15516,3129
7471,597680000,597760000,17447,3305
7472,597760000,597840000,20528,4005
7473,597840000,597920000,17727,3590
7474,597920000,598000000,14882,3022
7475,598000000,598080000,17889,3437
7476,598080000,598160000,22723,4107
7477,598160000,598240000,16778,3579
7478,598240000,598320000,12702,2584
7479,598320000,598400000,19430,3775
7480,598400000,598480000,21461,4155
7481,598480000,598560000,17188,3559
7482,598560000,598640000,12006,2364
7483,598640000,598720000,21229,3982
7484,598720000,598800000,24193,4307
7485,598800000,598880000,16436,3483
7486,598880000,598960000,11671,2294
7487,598960000,599040000,19941,3971
7488,599040000,599120000,22222,4222
7489,599120000,599200000,16198,3361
7490,599200000,599280000,12872,2485
7491,599280000,599360000,22441,3999
7492,599360000,599440000,20795,3880
7493,599440000,599520000,16599,3443
7494,599520000,599600000,13990,2733
7495,599600000,599680000,19944,3989
7496,599680000,599760000,19155,3626
7497,599760000,599840000,16321,3364
7498,599840000,599920000,16493,3081
7499,599920000,600000000,22908,4012
7500,600000000,600080000,18734,3617
7501,600080000,600160000,15121,3129
7502,600160000,600240000,16308,3305
7503,600240000,600320000,20937,4006
7504,600320000,600400000,18173,3593
7505,600400000,600480000,14486,3022
7506,600480000,600560000,17592,3437
7507,600560000,600640000,23325,4108
7508,600640000,600720000,16726,3568
7509,600720000,600800000,12338,2584
7510,600800000,600880000,18482,3776
7511,600880000,600960000,21203,4149
7512,600960000,601040000,17019,3556
7513,601040000,601120000,11876,2364
7514,601120000,601200000,21200,3987
7515,601200000,601280000,25074,4313
7516,601280000,601360000,16023,3482
7517,601360000,601440000,11680,2294
7518,601440000,601520000,19918,3970
7519,601520000,601600000,22838,4215
7520,601600000,601680000,15758,3361
7521,601680000,601760000,12452,2485
7522,601760000,601840000,22568,4002
7523,601840000,601920000,21230,3885
7524,601920000,602000000,16088,3443
7525,602000000,602080000,13372,2733
7526,602080000,602160000,19424,3998
7527,602160000,602240000,19219,3627
7528,602240000,602320000,15672,3364
7529,602320000,602400000,16077,3081
7530,602400000,602480000,23095,4001
7531,602480000,602560000,18846,3610
7532,602560000,602640000,15296,3129
7533,602640000,602720000,17409,3305
7534,602720000,602800000,20663,4005
7535,602800000,602880000,18382,3590
7536,602880000,602960000,14862,3022
7537,602960000,603040000,18166,3437
7538,603040000,603120000,23481,4119
7539,603120000,603200000,17193,3573
7540,603200000,603280000,13079,2584
7541,603280000,603360000,19551,3775
7542,603360000,603440000,22028,4158
7543,603440000,603520000,17370,3562
7544,603520000,603600000,12260,2364
7545,603600000,603680000,21573,3982
7546,603680000,603760000,24535,4301
7547,603760000,603840000,16455,3483
7548,603840000,603920000,11942,2294
7549,603920000,604000000,20598,3971
7550,604000000,604080000,22805,4230
7551,604080000,604160000,16097,3361
7552,604160000,604240000,13004,2485
7553,604240000,604320000,22972,3999
7554,604320000,604400000,21420,3880
7555,604400000,604480000,16353,3443
7556,604480000,604560000,13624,2733
7557,604560000,604640000,20175,3989
7558,604640000,604720000,19403,3620
7559,604720000,604800000,15870,3364
7560,604800000,604880000,16301,3081
7561,604880000,604960000,23336,4006
7562,604960000,605040000,18528,3617
7563,605040000,605120000,15349,3129
7564,605120000,605200000,17454,3305
7565,605200000,605280000,20663,4006
7566,605280000,605360000,17888,3593
7567,605360000,605440000,14702,3022
7568,605440000,605520000,17528,3437
7569,605520000,605600000,23105,4108
7570,605600000,605680000,16489,3568
7571,605680000,605760000,12607,2584
7572,605760000,605840000,18720,3779
7573,605840000,605920000,21422,4152
7574,605920000,606000000,17196,3556
7575,606000000,606080000,12324,2364
7576,606080000,606160000,21571,3981
7577,606160000,606240000,25130,4307
7578,606240000,606320000,16444,3482
7579,606320000,606400000,11892,2294
7580,606400000,606480000,19887,3970
7581,606480000,606560000,21935,4215
7582,606560000,606640000,15962,3361
7583,606640000,606720000,12417,2485
7584,606720000,606800000,22377,4002
7585,606800000,606880000,21228,3885
7586,606880000,606960000,16059,3443
7587,606960000,607040000,13678,2733
7588,607040000,607120000,19667,3992
7589,607120000,607200000,19407,3621
7590,607200000,607280000,15914,3364
7591,607280000,607360000,15914,3081
7592,607360000,607440000,23496,4001
7593,607440000,607520000,18563,3610
7594,607520000,607600000,15501,3129
7595,607600000,607680000,17269,3305
7596,607680000,607760000,20410,4011
7597,607760000,607840000,18278,3590
7598,607840000,607920000,14825,3022
7599,607920000,608000000,18076,3437
7600,608000000,608080000,23685,4107
7601,608080000,608160000,16950,3573
7602,608160000,608240000,12883,2584
7603,608240000,608320000,19050,3775
7604,608320000,608400000,21671,4155
7605,608400000,608480000,17136,3559
7606,608480000,608560000,12515,2364
7607,608560000,608640000,21870,3982
7608,608640000,608720000,24765,4301
7609,608720000,608800000,16534,3483
7610,608800000,608880000,12246,2294
7611,608880000,608960000,20451,3971
7612,608960000,609040000,23024,4228
7613,609040000,609120000,16139,3361
7614,609120000,609200000,12733,2485
7615,609200000,609280000,22689,3999
7616,609280000,609360000,21266,3886
7617,609360000,609440000,16156,3443
7618,609440000,609520000,13735,2733
7619,609520000,609600000,20456,3989
7620,609600000,609680000,19344,3620
7621,609680000,609760000,15836,3364
7622,609760000,609840000,16197,3081
7623,609840000,609920000,23147,4006
7624,609920000,610000000,18901,3617
7625,610000000,610080000,15488,3129
7626,610080000,610160000,17169,3305
7627,610160000,610240000,20518,4015
7628,610240000,610320000,18441,3596
7629,610320000,610400000,14849,3022
7630,610400000,610480000,18054,3437
7631,610480000,610560000,23666,4108
7632,610560000,610640000,17239,3568
7633,610640000,610720000,12832,2584
7634,610720000,610800000,19449,3776
7635,610800000,610880000,21543,4155
7636,610880000,610960000,17305,3556
7637,610960000,611040000,12345,2364
7638,611040000,611120000,21643,3981
7639,611120000,611200000,24755,4307
7640,611200000,611280000,16243,3482
7641,611280000,611360000,11862,2294
7642,611360000,611440000,20017,3970
7643,611440000,611520000,22682,4215
7644,611520000,611600000,15942,3361
7645,611600000,611680000,12932,2485
7646,611680000,611760000,22863,4002
7647,611760000,611840000,21276,3885
7648,611840000,611920000,16379,3443
7649,611920000,612000000,13977,2733
7650,612000000,612080000,19809,3998
7651,612080000,612160000,19194,3621
7652,612160000,612240000,16100,3364
7653,612240000,612320000,16530,3081
7654,612320000,612400000,23624,4007
7655,612400000,612480000,18860,3610
7656,612480000,612560000,15533,3129
7657,612560000,612640000,17463,3305
7658,612640000,612720000,20220,4005
7659,612720000,612800000,18150,3590
7660,612800000,612880000,15024,3022
7661,612880000,612960000,18097,3437
7662,612960000,613040000,23489,4107
7663,613040000,613120000,16966,3573
7664,613120000,613200000,13063,2584
7665,613200000,613280000,19313,3775
7666,613280000,613360000,20790,4155
7667,613360000,613440000,17431,3559
7668,613440000,613520000,12388,2364
7669,613520000,613600000,21861,3982
7670,613600000,613680000,24506,4301
7671,613680000,613760000,16475,3483
7672,613760000,613840000,12065,2294
7673,613840000,613920000,20415,3971
7674,613920000,614000000,23273,4222
7675,614000000,614080000,16054,3361
7676,614080000,614160000,13041,2485
7677,614160000,614240000,22551,3999
7678,614240000,614320000,21164,3880
7679,614320000,614400000,16440,3443
7680,614400000,614480000,13828,2733
7681,614480000,614560000,20487,3995
7682,614560000,614640000,19418,3620
7683,614640000,614720000,16051,3364
7684,614720000,614800000,16539,3081
7685,614800000,614880000,22915,4006
7686,614880000,614960000,18913,3617
7687,614960000,615040000,15399,3129
7688,615040000,615120000,17106,3305
7689,615120000,615200000,21331,4006
7690,615200000,615280000,18430,3593
7691,615280000,615360000,14823,3022
7692,615360000,615440000,18193,3437
7693,615440000,615520000,22968,4108
7694,615520000,615600000,16977,3568
7695,615600000,615680000,12921,2584
7696,615680000,615760000,19713,3776
7697,615760000,615840000,21248,4149
7698,615840000,615920000,17647,3556
7699,615920000,616000000,12394,2364
7700,616000000,616080000,22120,3981
7701,616080000,616160000,24602,4307
7702,616160000,616240000,16841,3482
7703,616240000,616320000,12474,2294
7704,616320000,616400000,20565,3970
7705,616400000,616480000,22574,4215
7706,616480000,616560000,16176,3361
7707,616560000,616640000,13077,2485
7708,616640000,616720000,22267,4002
7709,616720000,616800000,20464,3885
7710,616800000,616880000,16254,3443
7711,616880000,616960000,14071,2733
7712,616960000,617040000,19549,3992
7713,617040000,617120000,19195,3621
7714,617120000,617200000,16088,3364
7715,617200000,617280000,15583,3081
7716,617280000,617360000,22992,4007
7717,617360000,617440000,18179,3616
7718,617440000,617520000,15672,3129
7719,617520000,617600000,17080,3305
7720,617600000,617680000,20119,4005
7721,617680000,617760000,17410,3590
7722,617760000,617840000,14701,3022
7723,617840000,617920000,17408,3437
7724,617920000,618000000,22289,4113
7725,618000000,618080000,16270,3573
7726,618080000,618160000,12369,2584
7727,618160000,618240000,18504,3775
7728,618240000,618320000,21150,4161
7729,618320000,618400000,16838,3559
7730,618400000,618480000,12042,2364
7731,618480000,618560000,21081,3982
7732,618560000,618640000,23830,4307
7733,618640000,618720000,16193,3483
7734,618720000,618800000,11824,2294
7735,618800000,618880000,20257,3971
7736,618880000,618960000,22577,4222
7737,618960000,619040000,16052,3361
7738,619040000,619120000,12819,2485
7739,619120000,619200000,22658,3999
7740,619200000,619280000,20759,3880
7741,619280000,619360000,16271,3443
7742,619360000,619440000,13700,2733
7743,619440000,619520000,20367,3992
7744,619520000,619600000,19100,3623
7745,619600000,619680000,15907,3364
7746,619680000,619760000,16057,3081
7747,619760000,619840000,22518,4006
7748,619840000,619920000,18288,3617
7749,619920000,620000000,15209,3129
7750,620000000,620080000,15905,3305
7751,620080000,620160000,20349,4006
7752,620160000,620240000,17905,3593
7753,620240000,620320000,14257,3022
7754,620320000,620400000,16992,3437
7755,620400000,620480000,22425,4108
7756,620480000,620560000,16935,3568
7757,620560000,620640000,11888,2584
7758,620640000,620720000,18132,3776
7759,620720000,620800000,21249,4149
7760,620800000,620880000,16879,3556
7761,620880000,620960000,11692,2364
7762,620960000,621040000,20788,3981
7763,621040000,621120000,24095,4307
7764,621120000,621200000,16125,3482
7765,621200000,621280000,11373,2294
7766,621280000,621360000,19701,3970
7767,621360000,621440000,21904,4215
7768,621440000,621520000,15714,3361
7769,621520000,621600000,12320,2485
7770,621600000,621680000,21928,4002
7771,621680000,621760000,20718,3885
7772,621760000,621840000,15587,3443
7773,621840000,621920000,12052,2733
7774,621920000,622000000,18765,3992
7775,622000000,622080000,18447,3621
7776,622080000,622160000,14746,3364
7777,622160000,622240000,14754,3081
7778,622240000,622320000,22018,4007
7779,622320000,622400000,18027,3610
7780,622400000,622480000,14331,3129
7781,622480000,622560000,15662,3305
7782,622560000,622640000,20419,4005
7783,622640000,622720000,17606,3596
7784,622720000,622800000,13980,3022
7785,622800000,622880000,16840,3437
7786,622880000,622960000,22654,4107
7787,622960000,623040000,16754,3573
7788,623040000,623120000,12314,2584
7789,623120000,623200000,18386,3775
7790,623200000,623280000,20734,4161
7791,623280000,623360000,16642,3559
7792,623360000,623440000,11949,2364
7793,623440000,623520000,20511,3982
7794,623520000,623600000,23349,4301
7795,623600000,623680000,15820,3483
7796,623680000,623760000,11495,2294
7797,623760000,623840000,19496,3971
7798,623840000,623920000,22942,4222
7799,623920000,624000000,15363,3361
7800,624000000,624080000,12337,2485
7801,624080000,624160000,21982,3999
7802,624160000,624240000,20534,3880
7803,624240000,624320000,15764,3443
7804,624320000,624400000,13053,2733
7805,624400000,624480000,19803,3995
7806,624480000,624560000,19108,3626
7807,624560000,624640000,15274,3364
7808,624640000,624720000,15016,3081
7809,624720000,624800000,22355,4006
7810,624800000,624880000,18560,3617
7811,624880000,624960000,14598,3129
7812,624960000,625040000,16143,3305
7813,625040000,625120000,21263,4006
7814,625120000,625200000,17737,3593
7815,625200000,625280000,14272,3022
7816,625280000,625360000,17256,3437
7817,625360000,625440000,22182,4120
7818,625440000,625520000,16641,3568
7819,625520000,625600000,12539,2584
7820,625600000,625680000,18553,3776
7821,625680000,625760000,21130,4149
7822,625760000,625840000,16930,3556
7823,625840000,625920000,12097,2364
7824,625920000,626000000,20855,3981
7825,626000000,626080000,23800,4307
7826,626080000,626160000,16183,3482
7827,626160000,626240000,11794,2294
7828,626240000,626320000,19755,3970
7829,626320000,626400000,21962,4215
7830,626400000,626480000,15708,3361
7831,626480000,626560000,12148,2485
7832,626560000,626640000,21573,4002
7833,626640000,626720000,20648,3895
7834,626720000,626800000,15554,3443
7835,626800000,626880000,12905,2733
7836,626880000,626960000,19897,3992
7837,626960000,627040000,19236,3621
7838,627040000,627120000,15348,3364
7839,627120000,627200000,15211,3081
7840,627200000,627280000,22594,4001
7841,627280000,627360000,17978,3610
7842,627360000,627440000,14577,3129
7843,627440000,627520000,15609,3305
7844,627520000,627600000,20279,4011
7845,627600000,627680000,17583,3590
7846,627680000,627760000,13948,3022
7847,627760000,627840000,16952,3437
7848,627840000,627920000,23175,4107
7849,627920000,628000000,16519,3573
7850,628000000,628080000,12072,2584
7851,628080000,628160000,18068,3775
7852,628160000,628240000,21294,4155
7853,628240000,628320000,16634,3559
7854,628320000,628400000,12011,2364
7855,628400000,628480000,20809,3982
7856,628480000,628560000,24538,4301
7857,628560000,628640000,15959,3483
7858,628640000,628720000,11668,2294
7859,628720000,628800000,19574,3971
7860,628800000,628880000,22278,4222
7861,628880000,628960000,15598,3361
7862,628960000,629040000,12624,2485
7863,629040000,629120000,22149,3999
7864,629120000,629200000,20864,3880
7865,629200000,629280000,15846,3443
7866,629280000,629360000,13309,2733
7867,629360000,629440000,19845,3989
7868,629440000,629520000,18975,3620
7869,629520000,629600000,15530,3364
7870,629600000,629680000,15816,3081
7871,629680000,629760000,22859,4006
7872,629760000,629840000,18506,3617
7873,629840000,629920000,15313,3129
7874,629920000,630000000,16955,3305
7875,630000000,630080000,20732,4012
7876,630080000,630160000,18007,3593
7877,630160000,630240000,14548,3022
7878,630240000,630320000,17227,3437
7879,630320000,630400000,22516,4108
7880,630400000,630480000,16699,3568
7881,630480000,630560000,12594,2584
7882,630560000,630640000,19006,3776
7883,630640000,630720000,21535,4149
7884,630720000,630800000,17042,3556
7885,630800000,630880000,12413,2364
7886,630880000,630960000,21382,3981
7887,630960000,631040000,24245,4307
7888,631040000,631120000,16197,3482
7889,631120000,631200000,11798,2294
7890,631200000,631280000,19868,3976
7891,631280000,631360000,22221,4215
7892,631360000,631440000,15582,3361
7893,631440000,631520000,12344,2485
7894,631520000,631600000,21972,4002
7895,631600000,631680000,20513,3891
7896,631680000,631760000,15859,3443
7897,631760000,631840000,13281,2733
7898,631840000,631920000,19836,3992
7899,631920000,632000000,19174,3621
7900,632000000,632080000,15808,3364
7901,632080000,632160000,15767,3081
7902,632160000,632240000,22900,4001
7903,632240000,632320000,18373,3610
7904,632320000,632400000,15203,3129
7905,632400000,632480000,16844,3305
7906,632480000,632560000,20730,4014
7907,632560000,632640000,17968,3593
7908,632640000,632720000,14781,3022
7909,632720000,632800000,18001,3437
7910,632800000,632880000,22371,4113
7911,632880000,632960000,16985,3573
7912,632960000,633040000,12592,2584
7913,633040000,633120000,18444,3775
7914,633120000,633200000,21415,4155
7915,633200000,633280000,16953,3559
7916,633280000,633360000,12264,2364
7917,633360000,633440000,21127,3982
7918,633440000,633520000,24136,4301
7919,633520000,633600000,16093,3483
7920,633600000,633680000,11660,2294
7921,633680000,633760000,19752,3971
7922,633760000,633840000,22010,4222
7923,633840000,633920000,15739,3361
7924,633920000,634000000,12675,2485
7925,634000000,634080000,22051,3999
7926,634080000,634160000,20555,3880
7927,634160000,634240000,16157,3443
7928,634240000,634320000,13393,2733
7929,634320000,634400000,19706,3989
7930,634400000,634480000,19142,3620
7931,634480000,634560000,15917,3364
7932,634560000,634640000,16257,3081
7933,634640000,634720000,23104,4006
7934,634720000,634800000,18319,3617
7935,634800000,634880000,15216,3129
7936,634880000,634960000,16472,3305
7937,634960000,635040000,20421,4006
7938,635040000,635120000,18207,3593
7939,635120000,635200000,14626,3022
7940,635200000,635280000,17701,3437
7941,635280000,635360000,22648,4108
7942,635360000,635440000,16607,3568
7943,635440000,635520000,12868,2584
7944,635520000,635600000,19072,3776
7945,635600000,635680000,20633,4149
7946,635680000,635760000,17101,3556
7947,635760000,635840000,11610,2364
7948,635840000,635920000,20461,3981
7949,635920000,636000000,24134,4307
7950,636000000,636080000,15901,3482
7951,636080000,636160000,11459,2294
7952,636160000,636240000,19783,3970
7953,636240000,636320000,22862,4215
7954,636320000,636400000,15583,3361
7955,636400000,636480000,12205,2485
7956,636480000,636560000,22113,4002
7957,636560000,636640000,21045,3885
7958,636640000,636720000,15896,3443
7959,636720000,636800000,13222,2733
7960,636800000,636880000,19983,3992
7961,636880000,636960000,19406,3621
7962,636960000,637040000,15651,3364
7963,637040000,637120000,15129,3081
7964,637120000,637200000,22987,4001
7965,637200000,637280000,18500,3610
7966,637280000,637360000,15118,3129
7967,637360000,637440000,16694,3305
7968,637440000,637520000,20727,4005
7969,637520000,637600000,17833,3590
7970,637600000,637680000,14583,3022
7971,637680000,637760000,17581,3437
7972,637760000,637840000,22303,4107
7973,637840000,637920000,16910,3573
7974,637920000,638000000,12462,2584
7975,638000000,638080000,18989,3775
7976,638080000,638160000,21453,4155
7977,638160000,638240000,16938,3559
7978,638240000,638320000,11906,2364
7979,638320000,638400000,20919,3988
7980,638400000,638480000,23922,4301
7981,638480000,638560000,16185,3483
7982,638560000,638640000,11596,2294
7983,638640000,638720000,19863,3971
7984,638720000,638800000,21967,4222
7985,638800000,638880000,15849,3361
7986,638880000,638960000,12759,2485
7987,638960000,639040000,22020,3999
7988,639040000,639120000,20681,3880
7989,639120000,639200000,16075,3443
7990,639200000,639280000,13583,2733
7991,639280000,639360000,20049,3989
7992,639360000,639440000,18945,3620
7993,639440000,639520000,15890,3364
7994,639520000,639600000,16112,3081
7995,639600000,639680000,22636,4012
7996,639680000,639760000,18590,3623
7997,639760000,639840000,15381,3129
7998,639840000,639920000,16769,3305
7999,639920000,640000000,20808,4006
8000,640000000,640080000,18282,3593
8001,640080000,640160000,14952,3022
8002,640160000,640240000,18012,3437
8003,640240000,640320000,23144,4108
8004,640320000,640400000,17148,3568
8005,640400000,640480000,12456,2584
8006,640480000,640560000,18578,3776
8007,640560000,640640000,21659,4158
8008,640640000,640720000,17073,3559
8009,640720000,640800000,12154,2364
8010,640800000,640880000,21528,3981
8011,640880000,640960000,24568,4307
8012,640960000,641040000,16195,3482
8013,641040000,641120000,11838,2294
8014,641120000,641200000,19916,3970
8015,641200000,641280000,22602,4215
8016,641280000,641360000,15760,3361
8017,641360000,641440000,12603,2485
8018,641440000,641520000,22307,4002
8019,641520000,641600000,20982,3885
8020,641600000,641680000,16111,3443
8021,641680000,641760000,13377,2733
8022,641760000,641840000,19908,3992
8023,641840000,641920000,19049,3621
8024,641920000,642000000,15929,3364
8025,642000000,642080000,16261,3081
8026,642080000,642160000,23013,4001
8027,642160000,642240000,18527,3610
8028,642240000,642320000,15606,3129
8029,642320000,642400000,17227,3305
8030,642400000,642480000,20647,4005
8031,642480000,642560000,18173,3590
8032,642560000,642640000,14883,3022
8033,642640000,642720000,18020,3437
8034,642720000,642800000,23071,4107
8035,642800000,642880000,17192,3573
8036,642880000,642960000,12909,2584
8037,642960000,643040000,19363,3775
8038,643040000,643120000,22059,4155
8039,643120000,643200000,17421,3559
8040,643200000,643280000,12467,2364
8041,643280000,643360000,21403,3982
8042,643360000,643440000,23949,4301
8043,643440000,643520000,16610,3483
8044,643520000,643600000,12074,2294
8045,643600000,643680000,20473,3971
8046,643680000,643760000,22694,4222
8047,643760000,643840000,16040,3361
8048,643840000,643920000,12766,2485
8049,643920000,644000000,21940,3999
8050,644000000,644080000,20854,3880
8051,644080000,644160000,16191,3443
8052,644160000,644240000,13411,2733
8053,644240000,644320000,20283,3989
8054,644320000,644400000,19050,3620
8055,644400000,644480000,15874,3364
8056,644480000,644560000,15885,3081
8057,644560000,644640000,22700,4006
8058,644640000,644720000,18453,3617
8059,644720000,644800000,15013,3129
8060,644800000,644880000,16541,3305
8061,644880000,644960000,20926,4006
8062,644960000,645040000,17788,3593
8063,645040000,645120000,14449,3022
8064,645120000,645200000,17522,3437
8065,645200000,645280000,22444,4108
8066,645280000,645360000,16903,3568
8067,645360000,645440000,12623,2584
8068,645440000,645520000,19012,3776
8069,645520000,645600000,22056,4149
8070,645600000,645680000,17144,3556
8071,645680000,645760000,12346,2364
8072,645760000,645840000,21514,3981
8073,645840000,645920000,24515,4307
8074,645920000,646000000,16415,3482
8075,646000000,646080000,11757,2294
8076,646080000,646160000,20010,3970
8077,646160000,646240000,22254,4215
8078,646240000,646320000,15921,3361
8079,646320000,646400000,12428,2485
8080,646400000,646480000,21952,4002
8081,646480000,646560000,20602,3885
8082,646560000,646640000,16103,3443
8083,646640000,646720000,13524,2733
8084,646720000,646800000,19979,3998
8085,646800000,646880000,19551,3627
8086,646880000,646960000,15814,3364
8087,646960000,647040000,15595,3081
8088,647040000,647120000,23317,4001
8089,647120000,647200000,18690,3610
8090,647200000,647280000,15299,3129
8091,647280000,647360000,16951,3305
8092,647360000,647440000,21052,4005
8093,647440000,647520000,17999,3590
8094,647520000,647600000,14860,3022
8095,647600000,647680000,17890,3437
8096,647680000,647760000,23070,4119
8097,647760000,647840000,17022,3573
8098,647840000,647920000,12826,2584
8099,647920000,648000000,19215,3775
8100,648000000,648080000,21493,4155
8101,648080000,648160000,17165,3559
8102,648160000,648240000,12488,2364
8103,648240000,648320000,21638,3982
8104,648320000,648400000,24433,4301
8105,648400000,648480000,16554,3483
8106,648480000,648560000,12230,2294
8107,648560000,648640000,20472,3971
8108,648640000,648720000,22440,4222
8109,648720000,648800000,16380,3361
8110,648800000,648880000,13235,2485
8111,648880000,648960000,22621,3999
8112,648960000,649040000,20669,3880
8113,649040000,649120000,16536,3443
8114,649120000,649200000,13995,2733
8115,649200000,649280000,20967,3989
8116,649280000,649360000,19237,3620
8117,649360000,649440000,15900,3364
8118,649440000,649520000,16268,3081
8119,649520000,649600000,22985,4006
8120,649600000,649680000,18270,3617
8121,649680000,649760000,15430,3129
8122,649760000,649840000,16704,3305
8123,649840000,649920000,21159,4006
8124,649920000,650000000,18384,3599
8125,650000000,650080000,14548,3022
8126,650080000,650160000,17328,3437
8127,650160000,650240000,22970,4108
8128,650240000,650320000,16887,3574
8129,650320000,650400000,12601,2584
8130,650400000,650480000,18889,3776
8131,650480000,650560000,21576,4149
8132,650560000,650640000,17015,3556
8133,650640000,650720000,12370,2364
8134,650720000,650800000,21050,3981
8135,650800000,650880000,24438,4307
8136,650880000,650960000,16270,3482
8137,650960000,651040000,12009,2294
8138,651040000,651120000,20048,3970
8139,651120000,651200000,22655,4215
8140,651200000,651280000,15986,3361
8141,651280000,651360000,12959,2485
8142,651360000,651440000,22636,4002
8143,651440000,651520000,20735,3885
8144,651520000,651600000,16371,3443
8145,651600000,651680000,13666,2733
8146,651680000,651760000,20042,3992
8147,651760000,651840000,19533,3621
8148,651840000,651920000,16090,3364
8149,651920000,652000000,16280,3081
8150,652000000,652080000,23396,4001
8151,652080000,652160000,18503,3610
8152,652160000,652240000,15532,3129
8153,652240000,652320000,17146,3305
8154,652320000,652400000,20867,4005
8155,652400000,652480000,18067,3590
8156,652480000,652560000,14917,3022
8157,652560000,652640000,18081,3437
8158,652640000,652720000,22893,4107
8159,652720000,652800000,17137,3573
8160,652800000,652880000,12973,2584
8161,652880000,652960000,19447,3775
8162,652960000,653040000,21707,4155
8163,653040000,653120000,17454,3559
8164,653120000,653200000,12875,2364
8165,653200000,653280000,22052,3982
8166,653280000,653360000,24225,4301
8167,653360000,653440000,16724,3483
8168,653440000,653520000,12454,2294
8169,653520000,653600000,20363,3971
8170,653600000,653680000,22623,4222
8171,653680000,653760000,15952,3361
8172,653760000,653840000,12904,2485
8173,653840000,653920000,22416,4005
8174,653920000,654000000,20885,3880
8175,654000000,654080000,16056,3443
8176,654080000,654160000,13670,2733
8177,654160000,654240000,20479,3989
8178,654240000,654320000,19430,3620
8179,654320000,654400000,15890,3364
8180,654400000,654480000,16384,3081
8181,654480000,654560000,22957,4006
8182,654560000,654640000,18457,3617
8183,654640000,654720000,14744,3129
8184,654720000,654800000,15947,3305
8185,654800000,654880000,21139,4015
8186,654880000,654960000,17993,3596
8187,654960000,655040000,14046,3022
8188,655040000,655120000,17063,3437
8189,655120000,655200000,22554,4108
8190,655200000,655280000,16648,3574
8191,655280000,655360000,12363,2584
8192,655360000,655440000,18890,3776
8193,655440000,655520000,21271,4149
8194,655520000,655600000,17026,3556
8195,655600000,655680000,12030,2364
8196,655680000,655760000,21159,3981
8197,655760000,655840000,23908,4307
8198,655840000,655920000,16111,3482
8199,655920000,656000000,11827,2294
8200,656000000,656080000,20406,3970
8201,656080000,656160000,22557,4215
8202,656160000,656240000,15687,3361
8203,656240000,656320000,12516,2485
8204,656320000,656400000,22262,4002
8205,656400000,656480000,20503,3885
8206,656480000,656560000,15935,3443
8207,656560000,656640000,13615,2733
8208,656640000,656720000,20210,3992
8209,656720000,656800000,19724,3621
8210,656800000,656880000,15846,3364
8211,656880000,656960000,15344,3081
8212,656960000,657040000,23141,4001
8213,657040000,657120000,18508,3616
8214,657120000,657200000,15082,3129
8215,657200000,657280000,16662,3305
8216,657280000,657360000,20090,4005
8217,657360000,657440000,17734,3590
8218,657440000,657520000,14415,3022
8219,657520000,657600000,17395,3437
8220,657600000,657680000,22330,4107
8221,657680000,657760000,16601,3573
8222,657760000,657840000,12431,2584
8223,657840000,657920000,18755,3775
8224,657920000,658000000,21083,4155
8225,658000000,658080000,16834,3559
8226,658080000,658160000,11918,2364
8227,658160000,658240000,20904,3982
8228,658240000,658320000,23798,4301
8229,658320000,658400000,16191,3483
8230,658400000,658480000,11715,2294
8231,658480000,658560000,20247,3971
8232,658560000,658640000,22435,4222
8233,658640000,658720000,15981,3361
8234,658720000,658800000,12863,2485
8235,658800000,658880000,22066,3999
8236,658880000,658960000,20338,3880
8237,658960000,659040000,16228,3443
8238,659040000,659120000,13858,2733
8239,659120000,659200000,20022,3989
8240,659200000,659280000,18858,3620
8241,659280000,659360000,15852,3364
8242,659360000,659440000,15858,3081
8243,659440000,659520000,22580,4006
8244,659520000,659600000,18508,3617
8245,659600000,659680000,15324,3129
8246,659680000,659760000,16789,3305
8247,659760000,659840000,20987,4006
8248,659840000,659920000,18229,3593
8249,659920000,660000000,14827,3022
8250,660000000,660080000,18061,3437
8251,660080000,660160000,22381,4114
8252,660160000,660240000,17014,3574
8253,660240000,660320000,12335,2584
8254,660320000,660400000,18939,3776
8255,660400000,660480000,22006,4149
8256,660480000,660560000,17101,3556
8257,660560000,660640000,12164,2364
8258,660640000,660720000,20897,3981
8259,660720000,660800000,24050,4307
8260,660800000,660880000,16115,3482
8261,660880000,660960000,11837,2294
8262,660960000,661040000,20466,3970
8263,661040000,661120000,22803,4221
8264,661120000,661200000,15869,3361
8265,661200000,661280000,12807,2485
8266,661280000,661360000,22264,4002
8267,661360000,661440000,20295,3885
8268,661440000,661520000,16112,3443
8269,661520000,661600000,13215,2733
8270,661600000,661680000,20168,3992
8271,661680000,661760000,19467,3621
8272,661760000,661840000,15606,3364
8273,661840000,661920000,16100,3081
8274,661920000,662000000,23182,4007
8275,662000000,662080000,18130,3616
8276,662080000,662160000,15404,3129
8277,662160000,662240000,17410,3305
8278,662240000,662320000,21390,4005
8279,662320000,662400000,18487,3590
8280,662400000,662480000,15129,3022
8281,662480000,662560000,18370,3437
8282,662560000,662640000,23295,4107
8283,662640000,662720000,17171,3573
8284,662720000,662800000,12914,2584
8285,662800000,662880000,19656,3775
8286,662880000,662960000,22189,4161
8287,662960000,663040000,17258,3559
8288,663040000,663120000,12498,2364
8289,663120000,663200000,21637,3982
8290,663200000,663280000,23864,4307
8291,663280000,663360000,16372,3483
8292,663360000,663440000,12233,2294
8293,663440000,663520000,20412,3971
8294,663520000,663600000,23001,4222
8295,663600000,663680000,15929,3361
8296,663680000,663760000,13025,2485
8297,663760000,663840000,22772,3999
8298,663840000,663920000,20942,3880
8299,663920000,664000000,16281,3443
8300,664000000,664080000,13752,2733
8301,664080000,664160000,20643,3992
8302,664160000,664240000,19436,3623
8303,664240000,664320000,15776,3364
8304,664320000,664400000,15674,3081
8305,664400000,664480000,22784,4012
8306,664480000,664560000,18562,3617
8307,664560000,664640000,15212,3129
8308,664640000,664720000,16887,3305
8309,664720000,664800000,21318,4006
8310,664800000,664880000,17987,3593
8311,664880000,664960000,14653,3022
8312,664960000,665040000,17866,3437
8313,665040000,665120000,23057,4108
8314,665120000,665200000,17051,3568
8315,665200000,665280000,12638,2584
8316,665280000,665360000,19350,3776
8317,665360000,665440000,21503,4149
8318,665440000,665520000,17331,3556
8319,665520000,665600000,12390,2364
8320,665600000,665680000,21688,3981
8321,665680000,665760000,23968,4313
8322,665760000,665840000,16276,3482
8323,665840000,665920000,11886,2294
8324,665920000,666000000,19697,3970
8325,666000000,666080000,22229,4215
8326,666080000,666160000,15536,3361
8327,666160000,666240000,12260,2485
8328,666240000,666320000,21720,4002
8329,666320000,666400000,20764,3885
8330,666400000,666480000,15680,3443
8331,666480000,666560000,13383,2733
8332,666560000,666640000,20210,3992
8333,666640000,666720000,19333,3621
8334,666720000,666800000,15688,3364
8335,666800000,666880000,15718,3081
8336,666880000,666960000,22931,4001
8337,666960000,667040000,18482,3616
8338,667040000,667120000,15026,3129
8339,667120000,667200000,16399,3305
8340,667200000,667280000,21148,4005
8341,667280000,667360000,17812,3590
8342,667360000,667440000,14460,3022
8343,667440000,667520000,17671,3437
8344,667520000,667600000,23615,4107
8345,667600000,667680000,16862,3573
8346,667680000,667760000,12546,2584
8347,667760000,667840000,18972,3775
8348,667840000,667920000,22145,4161
8349,667920000,668000000,16940,3559
8350,668000000,668080000,12358,2364
8351,668080000,668160000,21296,3982
8352,668160000,668240000,24540,4301
8353,668240000,668320000,16228,3483
8354,668320000,668400000,11884,2294
8355,668400000,668480000,20040,3971
8356,668480000,668560000,22587,4222
8357,668560000,668640000,15748,3361
8358,668640000,668720000,12753,2485
8359,668720000,668800000,22418,3999
8360,668800000,668880000,20879,3880
8361,668880000,668960000,16088,3443
8362,668960000,669040000,13687,2733
8363,669040000,669120000,20000,3995
8364,669120000,669200000,19420,3626
8365,669200000,669280000,15833,3364
8366,669280000,669360000,16108,3081
8367,669360000,669440000,23058,4006
8368,669440000,669520000,18571,3617
8369,669520000,669600000,15375,3129
8370,669600000,669680000,17288,3305
8371,669680000,669760000,21047,4006
8372,669760000,669840000,18191,3593
8373,669840000,669920000,14778,3022
8374,669920000,670000000,17600,3437
8375,670000000,670080000,22859,4120
8376,670080000,670160000,16916,3568
8377,670160000,670240000,12897,2584
8378,670240000,670320000,19349,3776
8379,670320000,670400000,22464,4149
8380,670400000,670480000,17159,3556
8381,670480000,670560000,12449,2364
8382,670560000,670640000,21435,3981
8383,670640000,670720000,24392,4307
8384,670720000,670800000,16424,3482
8385,670800000,670880000,12094,2294
8386,670880000,670960000,20386,3970
8387,670960000,671040000,22103,4215
8388,671040000,671120000,15934,3361
8389,671120000,671200000,12843,2485
8390,671200000,671280000,22409,4008
8391,671280000,671360000,20917,3885
8392,671360000,671440000,16295,3443
8393,671440000,671520000,13864,2733
8394,671520000,671600000,20005,3992
8395,671600000,671680000,19477,3621
8396,671680000,671760000,15878,3364
8397,671760000,671840000,15852,3081
8398,671840000,671920000,23082,4001
8399,671920000,672000000,18405,3610
8400,672000000,672080000,15073,3129
8401,672080000,672160000,17095,3305
8402,672160000,672240000,21471,4005
8403,672240000,672320000,18172,3590
8404,672320000,672400000,14741,3022
8405,672400000,672480000,18359,3437
8406,672480000,672560000,23177,4107
8407,672560000,672640000,17013,3573
8408,672640000,672720000,12766,2584
8409,672720000,672800000,19164,3778
8410,672800000,672880000,22084,4161
8411,672880000,672960000,17074,3562
8412,672960000,673040000,12501,2364
8413,673040000,673120000,21831,3982
8414,673120000,673200000,24467,4301
8415,673200000,673280000,16373,3483
8416,673280000,673360000,11791,2294
8417,673360000,673440000,20635,3971
8418,673440000,673520000,23159,4222
8419,673520000,673600000,15937,3361
8420,673600000,673680000,12808,2485
8421,673680000,673760000,22448,3999
8422,673760000,673840000,21110,3880
8423,673840000,673920000,16202,3443
8424,673920000,674000000,13295,2733
8425,674000000,674080000,20459,3989
8426,674080000,674160000,19649,3620
8427,674160000,674240000,15806,3364
8428,674240000,674320000,16130,3081
8429,674320000,674400000,23065,4006
8430,674400000,674480000,18812,3617
8431,674480000,674560000,15367,3129
8432,674560000,674640000,16830,3305
8433,674640000,674720000,21558,4006
8434,674720000,674800000,18008,3593
8435,674800000,674880000,14723,3022
8436,674880000,674960000,17922,3437
8437,674960000,675040000,22632,4108
8438,675040000,675120000,16884,3568
8439,675120000,675200000,12982,2584
8440,675200000,675280000,19600,3776
8441,675280000,675360000,22066,4149
8442,675360000,675440000,17232,3556
8443,675440000,675520000,12269,2364
8444,675520000,675600000,21257,3981
8445,675600000,675680000,24338,4307
8446,675680000,675760000,16452,3482
8447,675760000,675840000,12318,2294
8448,675840000,675920000,20739,3970
8449,675920000,676000000,23110,4215
8450,676000000,676080000,16058,3361
8451,676080000,676160000,12801,2485
8452,676160000,676240000,22742,4002
8453,676240000,676320000,21099,3891
8454,676320000,676400000,16318,3443
8455,676400000,676480000,13932,2733
8456,676480000,676560000,20733,3992
8457,676560000,676640000,19457,3621
8458,676640000,676720000,15998,3364
8459,676720000,676800000,15661,3081
8460,676800000,676880000,23207,4001
8461,676880000,676960000,18469,3610
8462,676960000,677040000,15360,3129
8463,677040000,677120000,17193,3305
8464,677120000,677200000,20806,4014
8465,677200000,677280000,17684,3593
8466,677280000,677360000,14878,3022
8467,677360000,677440000,17939,3437
8468,677440000,677520000,22351,4107
8469,677520000,677600000,16619,3573
8470,677600000,677680000,12848,2584
8471,677680000,677760000,19328,3778
8472,677760000,677840000,22421,4158
8473,677840000,677920000,17133,3559
8474,677920000,678000000,12418,2364
8475,678000000,678080000,21518,3982
8476,678080000,678160000,24037,4301
8477,678160000,678240000,16418,3483
8478,678240000,678320000,11981,2294
8479,678320000,678400000,20573,3977
8480,678400000,678480000,23068,4228
8481,678480000,678560000,16173,3361
8482,678560000,678640000,13196,2485
8483,678640000,678720000,22557,3999
8484,678720000,678800000,20579,3886
8485,678800000,678880000,16598,3443
8486,678880000,678960000,14263,2733
8487,678960000,679040000,20651,3989
8488,679040000,679120000,19557,3620
8489,679120000,679200000,16260,3364
8490,679200000,679280000,16142,3081
8491,679280000,679360000,22675,4012
8492,679360000,679440000,18433,3617
8493,679440000,679520000,15255,3129
8494,679520000,679600000,16570,3305
8495,679600000,679680000,21016,4006
8496,679680000,679760000,18159,3593
8497,679760000,679840000,14771,3022
8498,679840000,679920000,17823,3437
8499,679920000,680000000,22377,4108
8500,680000000,680080000,16830,3568
8501,680080000,680160000,12635,2584
8502,680160000,680240000,18623,3776
8503,680240000,680320000,21488,4149
8504,680320000,680400000,17168,3556
8505,680400000,680480000,12104,2364
8506,680480000,680560000,21179,3981
8507,680560000,680640000,24356,4307
8508,680640000,680720000,16063,3482
8509,680720000,680800000,11892,2294
8510,680800000,680880000,19991,3970
8511,680880000,680960000,22820,4215
8512,680960000,681040000,15806,3361
8513,681040000,681120000,12783,2485
8514,681120000,681200000,22216,4002
8515,681200000,681280000,20734,3891
8516,681280000,681360000,16087,3443
8517,681360000,681440000,13553,2733
8518,681440000,681520000,19904,3992
8519,681520000,681600000,19270,3621
8520,681600000,681680000,15827,3364
8521,681680000,681760000,16301,3081
8522,681760000,681840000,22489,4001
8523,681840000,681920000,18259,3618
8524,681920000,682000000,15475,3129
8525,682000000,682080000,17541,3305
8526,682080000,682160000,20986,4011
8527,682160000,682240000,18152,3590
8528,682240000,682320000,14996,3022
8529,682320000,682400000,18229,3437
8530,682400000,682480000,22661,4107
8531,682480000,682560000,17132,3573
8532,682560000,682640000,13030,2584
8533,682640000,682720000,19466,3775
8534,682720000,682800000,21696,4155
8535,682800000,682880000,17255,3559
8536,682880000,682960000,12181,2364
8537,682960000,683040000,20863,3988
8538,683040000,683120000,23459,4301
8539,683120000,683200000,16236,3483
8540,683200000,683280000,11881,2294
8541,683280000,683360000,20026,3971
8542,683360000,683440000,22453,4228
8543,683440000,683520000,15929,3361
8544,683520000,683600000,12852,2485
8545,683600000,683680000,22058,3999
8546,683680000,683760000,20506,3886
8547,683760000,683840000,16255,3443
8548,683840000,683920000,13515,2733
8549,683920000,684000000,19869,3989
8550,684000000,684080000,18977,3620
8551,684080000,684160000,15919,3364
8552,684160000,684240000,16096,3081
8553,684240000,684320000,22425,4012
8554,684320000,684400000,18203,3623
8555,684400000,684480000,15418,3129
8556,684480000,684560000,17177,3305
8557,684560000,684640000,20861,4006
8558,684640000,684720000,17890,3593
8559,684720000,684800000,14855,3022
8560,684800000,684880000,17838,3437
8561,684880000,684960000,21880,4108
8562,684960000,685040000,16692,3568
8563,685040000,685120000,12778,2584
8564,685120000,685200000,19082,3776
8565,685200000,685280000,21231,4155
8566,685280000,685360000,17113,3556
8567,685360000,685440000,12552,2364
8568,685440000,685520000,21682,3981
8569,685520000,685600000,23927,4307
8570,685600000,685680000,16524,3482
8571,685680000,685760000,12169,2294
8572,685760000,685840000,19709,3970
8573,685840000,685920000,22316,4215
8574,685920000,686000000,16171,3361
8575,686000000,686080000,12827,2485
8576,686080000,686160000,21880,4002
8577,686160000,686240000,20124,3885
8578,686240000,686320000,16309,3443
8579,686320000,686400000,14068,2733
8580,686400000,686480000,20029,3995
8581,686480000,686560000,18872,3624
8582,686560000,686640000,16157,3364
8583,686640000,686720000,16103,3081
8584,686720000,686800000,22491,4001
8585,686800000,686880000,18298,3610
8586,686880000,686960000,15677,3129
8587,686960000,687040000,17390,3305
8588,687040000,687120000,20619,4005
8589,687120000,687200000,17996,3590
8590,687200000,687280000,14939,3022
8591,687280000,687360000,18157,3437
8592,687360000,687440000,22900,4113
8593,687440000,687520000,16998,3573
8594,687520000,687600000,12699,2584
8595,687600000,687680000,18899,3775
8596,687680000,687760000,21548,4155
8597,687760000,687840000,16885,3559
8598,687840000,687920000,12493,2364
8599,687920000,688000000,21295,3982
8600,688000000,688080000,24335,4301
8601,688080000,688160000,16361,3483
8602,688160000,688240000,12330,2294
8603,688240000,688320000,20444,3971
8604,688320000,688400000,22294,4222
8605,688400000,688480000,16162,3361
8606,688480000,688560000,13112,2485
8607,688560000,688640000,22049,3999
8608,688640000,688720000,20621,3880
8609,688720000,688800000,16463,3443
8610,688800000,688880000,13991,2733
8611,688880000,688960000,20418,3989
8612,688960000,689040000,18962,3620
8613,689040000,689120000,16184,3364
8614,689120000,689200000,16419,3081
8615,689200000,689280000,22434,4006
8616,689280000,689360000,18717,3617
8617,689360000,689440000,15383,3129
8618,689440000,689520000,16838,3305
8619,689520000,689600000,21117,4012
8620,689600000,689680000,18284,3593
8621,689680000,689760000,14530,3022
8622,689760000,689840000,17618,3437
8623,689840000,689920000,22643,4108
8624,689920000,690000000,16977,3568
8625,690000000,690080000,12572,2584
8626,690080000,690160000,19164,3776
8627,690160000,690240000,21293,4149
8628,690240000,690320000,17043,3556
8629,690320000,690400000,12268,2364
8630,690400000,690480000,21233,3981
8631,690480000,690560000,24295,4307
8632,690560000,690640000,16245,3482
8633,690640000,690720000,11798,2294
8634,690720000,690800000,19974,3970
8635,690800000,690880000,21971,4215
8636,690880000,690960000,15815,3361
8637,690960000,691040000,12992,2485
8638,691040000,691120000,22199,4002
8639,691120000,691200000,20571,3885
8640,691200000,691280000,16286,3443
8641,691280000,691360000,13976,2733
8642,691360000,691440000,19773,3998
8643,691440000,691520000,18780,3627
8644,691520000,691600000,15979,3364
8645,691600000,691680000,16334,3081
8646,691680000,691760000,22922,4001
8647,691760000,691840000,18467,3610
8648,691840000,691920000,15288,3129
8649,691920000,692000000,16726,3305
8650,692000000,692080000,20679,4005
8651,692080000,692160000,17612,3590
8652,692160000,692240000,14687,3022
8653,692240000,692320000,17711,3437
8654,692320000,692400000,22147,4119
8655,692400000,692480000,16989,3573
8656,692480000,692560000,12744,2584
8657,692560000,692640000,19078,3775
8658,692640000,692720000,21275,4155
8659,692720000,692800000,17224,3559
8660,692800000,692880000,12371,2364
8661,692880000,692960000,21567,3982
8662,692960000,693040000,23828,4301
8663,693040000,693120000,16291,3483
8664,693120000,693200000,11891,2294
8665,693200000,693280000,20234,3971
8666,693280000,693360000,22506,4222
8667,693360000,693440000,15861,3361
8668,693440000,693520000,12890,2485
8669,693520000,693600000,22201,3999
8670,693600000,693680000,20457,3880
8671,693680000,693760000,16240,3443
8672,693760000,693840000,13241,2733
8673,693840000,693920000,20195,3989
8674,693920000,694000000,18840,3626
8675,694000000,694080000,15647,3364
8676,694080000,694160000,15656,3081
8677,694160000,694240000,22012,4006
8678,694240000,694320000,18569,3617
8679,694320000,694400000,14795,3129
8680,694400000,694480000,16113,3305
8681,694480000,694560000,21282,4006
8682,694560000,694640000,17731,3593
8683,694640000,694720000,14250,3022
8684,694720000,694800000,17185,3437
8685,694800000,694880000,22143,4114
8686,694880000,694960000,16774,3568
8687,694960000,695040000,12393,2584
8688,695040000,695120000,18959,3776
8689,695120000,695200000,21005,4149
8690,695200000,695280000,17060,3556
8691,695280000,695360000,12091,2364
8692,695360000,695440000,21218,3981
8693,695440000,695520000,23651,4307
8694,695520000,695600000,16372,3482
8695,695600000,695680000,12091,2294
8696,695680000,695760000,20186,3970
8697,695760000,695840000,22332,4221
8698,695840000,695920000,15963,3361
8699,695920000,696000000,12682,2485
8700,696000000,696080000,22075,4002
8701,696080000,696160000,20486,3885
8702,696160000,696240000,16014,3443
8703,696240000,696320000,13501,2733
8704,696320000,696400000,19166,3992
8705,696400000,696480000,18537,3621
8706,696480000,696560000,15825,3364
8707,696560000,696640000,15453,3081
8708,696640000,696720000,22814,4007
8709,696720000,696800000,18280,3610
8710,696800000,696880000,15355,3129
8711,696880000,696960000,16971,3305
8712,696960000,697040000,19931,4005
8713,697040000,697120000,17640,3590
8714,697120000,697200000,14675,3022
8715,697200000,697280000,17645,3437
8716,697280000,697360000,22446,4107
8717,697360000,697440000,16780,3573
8718,697440000,697520000,12479,2584
8719,697520000,697600000,18838,3775
8720,697600000,697680000,21234,4155
8721,697680000,697760000,17141,3559
8722,697760000,697840000,12183,2364
8723,697840000,697920000,21125,3982
8724,697920000,698000000,23323,4301
8725,698000000,698080000,16567,3483
8726,698080000,698160000,12123,2294
8727,698160000,698240000,20144,3971
8728,698240000,698320000,22232,4222
8729,698320000,698400000,16248,3361
8730,698400000,698480000,13000,2485
8731,698480000,698560000,22391,3999
8732,698560000,698640000,20489,3880
8733,698640000,698720000,16157,3443
8734,698720000,698800000,13685,2733
8735,698800000,698880000,20212,3989
8736,698880000,698960000,18786,3620
8737,698960000,699040000,15746,3364
8738,699040000,699120000,15969,3081
8739,699120000,699200000,22047,4006
8740,699200000,699280000,18356,3623
8741,699280000,699360000,15367,3129
8742,699360000,699440000,16841,3305
8743,699440000,699520000,20736,4015
8744,699520000,699600000,17999,3596
8745,699600000,699680000,14801,3022
8746,699680000,699760000,17984,3437
8747,699760000,699840000,22364,4108
8748,699840000,699920000,17051,3568
8749,699920000,700000000,12502,2584
8750,700000000,700080000,18938,3776
8751,700080000,700160000,21315,4149
8752,700160000,700240000,17084,3556
8753,700240000,700320000,12210,2364
8754,700320000,700400000,21364,3981
8755,700400000,700480000,24024,4313
8756,700480000,700560000,16369,3482
8757,700560000,700640000,11921,2294
8758,700640000,700720000,20786,3970
8759,700720000,700800000,22594,4215
8760,700800000,700880000,16047,3361
8761,700880000,700960000,12972,2485
8762,700960000,701040000,22352,4002
8763,701040000,701120000,20840,3885
8764,701120000,701200000,16175,3443
8765,701200000,701280000,12856,2733
8766,701280000,701360000,19416,3992
8767,701360000,701440000,18731,3621
8768,701440000,701520000,15485,3364
8769,701520000,701600000,15653,3081
8770,701600000,701680000,22325,4001
8771,701680000,701760000,18313,3610
8772,701760000,701840000,15306,3129
8773,701840000,701920000,16920,3305
8774,701920000,702000000,20473,4005
8775,702000000,702080000,17847,3590
8776,702080000,702160000,14926,3022
8777,702160000,702240000,18041,3437
8778,702240000,702320000,22944,4107
8779,702320000,702400000,17298,3573
8780,702400000,702480000,13062,2584
8781,702480000,702560000,19605,3775
8782,702560000,702640000,20575,4155
8783,702640000,702720000,17297,3559
8784,702720000,702800000,12635,2364
8785,702800000,702880000,21453,3982
8786,702880000,702960000,23835,4301
8787,702960000,703040000,16532,3483
8788,703040000,703120000,12074,2294
8789,703120000,703200000,20381,3971
8790,703200000,703280000,22472,4222
8791,703280000,703360000,15998,3361
8792,703360000,703440000,12932,2485
8793,703440000,703520000,21994,3999
8794,703520000,703600000,20859,3880
8795,703600000,703680000,16481,3443
8796,703680000,703760000,13886,2733
8797,703760000,703840000,20290,3989
8798,703840000,703920000,19034,3620
8799,703920000,704000000,15943,3364
8800,704000000,704080000,15915,3081
8801,704080000,704160000,22811,4012
8802,704160000,704240000,18858,3617
8803,704240000,704320000,15413,3129
8804,704320000,704400000,17175,3305
8805,704400000,704480000,21484,4012
8806,704480000,704560000,17707,3593
8807,704560000,704640000,15058,3022
8808,704640000,704720000,18210,3437
8809,704720000,704800000,22404,4108
8810,704800000,704880000,16992,3568
8811,704880000,704960000,13062,2584
8812,704960000,705040000,19270,3776
8813,705040000,705120000,21339,4149
8814,705120000,705200000,17381,3556
8815,705200000,705280000,12418,2364
8816,705280000,705360000,21304,3981
8817,705360000,705440000,23705,4307
8818,705440000,705520000,16618,3482
8819,705520000,705600000,12260,2294
8820,705600000,705680000,20361,3976
8821,705680000,705760000,22073,4215
8822,705760000,705840000,16183,3361
8823,705840000,705920000,12807,2485
8824,705920000,706000000,22149,4008
8825,706000000,706080000,20271,3891
8826,706080000,706160000,16332,3442
8827,706160000,706240000,13988,2733
8828,706240000,706320000,20295,3992
8829,706320000,706400000,19342,3621
8830,706400000,706480000,16239,3364
8831,706480000,706560000,16352,3081
8832,706560000,706640000,23335,4007
8833,706640000,706720000,18457,3616
8834,706720000,706800000,15605,3129
8835,706800000,706880000,16888,3304
8836,706880000,706960000,20324,4005
8837,706960000,707040000,17231,3590
8838,707040000,707120000,14909,3022
8839,707120000,707200000,17963,3437
8840,707200000,707280000,22318,4107
8841,707280000,707360000,16311,3573
8842,707360000,707440000,12694,2584
8843,707440000,707520000,18777,3775
8844,707520000,707600000,20986,4161
8845,707600000,707680000,16754,3559
8846,707680000,707760000,12483,2364
8847,707760000,707840000,21220,3988
8848,707840000,707920000,23609,4301
8849,707920000,708000000,16127,3483
8850,708000000,708080000,12250,2294
8851,708080000,708160000,19775,3971
8852,708160000,708240000,22043,4222
8853,708240000,708320000,15878,3361
8854,708320000,708400000,13309,2485
8855,708400000,708480000,22093,3999
8856,708480000,708560000,20314,3886
8857,708560000,708640000,16119,3443
8858,708640000,708720000,13942,2733
8859,708720000,708800000,19981,3989
8860,708800000,708880000,18781,3620
8861,708880000,708960000,15870,3364
8862,708960000,709040000,16567,3081
8863,709040000,709120000,22081,4006
8864,709120000,709200000,18129,3617
8865,709200000,709280000,15601,3129
8866,709280000,709360000,17649,3305
8867,709360000,709440000,20734,4006
8868,709440000,709520000,17719,3593
8869,709520000,709600000,14426,3022
8870,709600000,709680000,16776,3437
8871,709680000,709760000,21994,4108
8872,709760000,709840000,16098,3568
8873,709840000,709920000,12269,2584
8874,709920000,710000000,18378,3776
8875,710000000,710080000,20719,4152
8876,710080000,710160000,16584,3559
8877,710160000,710240000,12108,2364
8878,710240000,710320000,20570,3981
8879,710320000,710400000,23295,4307
8880,710400000,710480000,15635,3482
8881,710480000,710560000,11527,2294
8882,710560000,710640000,18629,3970
8883,710640000,710720000,21405,4215
8884,710720000,710800000,15185,3361
8885,710800000,710880000,12468,2485
8886,710880000,710960000,21555,4002
8887,710960000,711040000,20147,3885
8888,711040000,711120000,15579,3443
8889,711120000,711200000,13484,2733
8890,711200000,711280000,19592,3992
8891,711280000,711360000,18900,3621
8892,711360000,711440000,15464,3364
8893,711440000,711520000,15904,3081
8894,711520000,711600000,22004,4001
8895,711600000,711680000,17734,3610
8896,711680000,711760000,14881,3129
8897,711760000,711840000,16633,3305
8898,711840000,711920000,20484,4005
8899,711920000,712000000,17568,3590
8900,712000000,712080000,14459,3022
8901,712080000,712160000,17716,3437
8902,712160000,712240000,22313,4107
8903,712240000,712320000,16293,3573
8904,712320000,712400000,12426,2584
8905,712400000,712480000,18134,3775
8906,712480000,712560000,21088,4155
8907,712560000,712640000,16754,3559
8908,712640000,712720000,12231,2364
8909,712720000,712800000,20808,3982
8910,712800000,712880000,23579,4301
8911,712880000,712960000,15836,3483
8912,712960000,713040000,11826,2294
8913,713040000,713120000,19512,3971
8914,713120000,713200000,21611,4222
8915,713200000,713280000,15564,3361
8916,713280000,713360000,12797,2485
8917,713360000,713440000,21425,3999
8918,713440000,713520000,19838,3880
8919,713520000,713600000,15950,3443
8920,713600000,713680000,13643,2733
8921,713680000,713760000,18969,3998
8922,713760000,713840000,18721,3629
8923,713840000,713920000,15745,3364
8924,713920000,714000000,16497,3081
8925,714000000,714080000,22683,4016
8926,714080000,714160000,17875,3617
8927,714160000,714240000,15185,3129
8928,714240000,714320000,16713,3305
8929,714320000,714400000,20395,4006
8930,714400000,714480000,17716,3593
8931,714480000,714560000,14605,3022
8932,714560000,714640000,17758,3437
8933,714640000,714720000,22311,4120
8934,714720000,714800000,16044,3568
8935,714800000,714880000,12964,2584
8936,714880000,714960000,19131,3776
8937,714960000,715040000,20942,4149
8938,715040000,715120000,16908,3556
8939,715120000,715200000,12059,2364
8940,715200000,715280000,20481,3981
8941,715280000,715360000,23493,4307
8942,715360000,715440000,15914,3482
8943,715440000,715520000,12142,2294
8944,715520000,715600000,19790,3970
8945,715600000,715680000,22374,4221
8946,715680000,715760000,15773,3361
8947,715760000,715840000,12955,2485
8948,715840000,715920000,22208,4002
8949,715920000,716000000,20284,3885
8950,716000000,716080000,16113,3443
8951,716080000,716160000,13874,2733
8952,716160000,716240000,19370,3992
8953,716240000,716320000,19073,3621
8954,716320000,716400000,15720,3364
8955,716400000,716480000,15533,3081
8956,716480000,716560000,22249,4001
8957,716560000,716640000,17764,3610
8958,716640000,716720000,15147,3129
8959,716720000,716800000,16983,3305
8960,716800000,716880000,20288,4005
8961,716880000,716960000,17117,3590
8962,716960000,717040000,14661,3022
8963,717040000,717120000,17646,3437
8964,717120000,717200000,21698,4107
8965,717200000,717280000,16350,3573
8966,717280000,717360000,12701,2584
8967,717360000,717440000,19115,3775
8968,717440000,717520000,21362,4161
8969,717520000,717600000,16802,3559
8970,717600000,717680000,12170,2364
8971,717680000,717760000,20882,3982
8972,717760000,717840000,23042,4301
8973,717840000,717920000,16156,3483
8974,717920000,718000000,11989,2294
8975,718000000,718080000,19818,3971
8976,718080000,718160000,22251,4222
8977,718160000,718240000,15963,3361
8978,718240000,718320000,13244,2485
8979,718320000,718400000,21771,3999
8980,718400000,718480000,19919,3880
8981,718480000,718560000,16222,3443
8982,718560000,718640000,14144,2733
8983,718640000,718720000,19411,3989
8984,718720000,718800000,18656,3620
8985,718800000,718880000,16018,3364
8986,718880000,718960000,16726,3081
8987,718960000,719040000,22024,4006
8988,719040000,719120000,17677,3617
8989,719120000,719200000,15638,3129
8990,719200000,719280000,17321,3305
8991,719280000,719360000,20120,4006
8992,719360000,719440000,17925,3593
8993,719440000,719520000,15271,3022
8994,719520000,719600000,18421,3437
8995,719600000,719680000,22113,4108
8996,719680000,719760000,16265,3568
8997,719760000,719840000,12779,2584
8998,719840000,719920000,18583,3779
8999,719920000,720000000,21332,4152
9000,720000000,720080000,17007,3556
9001,720080000,720160000,12222,2364
9002,720160000,720240000,21183,3981
9003,720240000,720320000,23729,4307
9004,720320000,720400000,16013,3482
9005,720400000,720480000,12091,2294
9006,720480000,720560000,19540,3970
9007,720560000,720640000,22053,4215
9008,720640000,720720000,15483,3361
9009,720720000,720800000,12610,2485
9010,720800000,720880000,21501,4008
9011,720880000,720960000,20093,3885
9012,720960000,721040000,15746,3443
9013,721040000,721120000,13457,2733
9014,721120000,721200000,19166,3992
9015,721200000,721280000,18495,3627
9016,721280000,721360000,15563,3364
9017,721360000,721440000,16247,3081
9018,721440000,721520000,22089,4001
9019,721520000,721600000,17573,3610
9020,721600000,721680000,15410,3129
9021,721680000,721760000,17408,3305
9022,721760000,721840000,19924,4014
9023,721840000,721920000,17514,3593
9024,721920000,722000000,15093,3022
9025,722000000,722080000,18036,3437
9026,722080000,722160000,22340,4107
9027,722160000,722240000,16448,3573
9028,722240000,722320000,13200,2584
9029,722320000,722400000,19353,3775
9030,722400000,722480000,21208,4155
9031,722480000,722560000,17005,3559
9032,722560000,722640000,12691,2364
9033,722640000,722720000,21074,3982
9034,722720000,722800000,23421,4301
9035,722800000,722880000,16323,3483
9036,722880000,722960000,12322,2294
9037,722960000,723040000,20305,3971
9038,723040000,723120000,21963,4222
9039,723120000,723200000,15913,3361
9040,723200000,723280000,13320,2485
9041,723280000,723360000,22145,3999
9042,723360000,723440000,20224,3880
9043,723440000,723520000,16324,3443
9044,723520000,723600000,13987,2733
9045,723600000,723680000,20052,3989
9046,723680000,723760000,18617,3620
9047,723760000,723840000,15973,3364
9048,723840000,723920000,16534,3081
9049,723920000,724000000,22051,4006
9050,724000000,724080000,18007,3617
9051,724080000,724160000,15557,3129
9052,724160000,724240000,17359,3305
9053,724240000,724320000,20800,4006
9054,724320000,724400000,17404,3593
9055,724400000,724480000,15117,3022
9056,724480000,724560000,18146,3437
9057,724560000,724640000,21867,4108
9058,724640000,724720000,16414,3568
9059,724720000,724800000,13299,2584
9060,724800000,724880000,19503,3776
9061,724880000,724960000,21250,4149
9062,724960000,725040000,17153,3556
9063,725040000,725120000,12984,2364
9064,725120000,725200000,21744,3981
9065,725200000,725280000,23572,4307
9066,725280000,725360000,16379,3482
9067,725360000,725440000,11968,2294
9068,725440000,725520000,20306,3970
9069,725520000,725600000,22232,4215
9070,725600000,725680000,15523,3361
9071,725680000,725760000,12651,2485
9072,725760000,725840000,21951,4002
9073,725840000,725920000,19804,3885
9074,725920000,726000000,15687,3443
9075,726000000,726080000,13910,2733
9076,726080000,726160000,20021,3998
9077,726160000,726240000,18818,3621
9078,726240000,726320000,15431,3364
9079,726320000,726400000,16086,3081
9080,726400000,726480000,22807,4001
9081,726480000,726560000,18131,3610
9082,726560000,726640000,14997,3129
9083,726640000,726720000,17327,3305
9084,726720000,726800000,20628,4005
9085,726800000,726880000,17504,3590
9086,726880000,726960000,14509,3022
9087,726960000,727040000,18087,3437
9088,727040000,727120000,22273,4113
9089,727120000,727200000,16588,3573
9090,727200000,727280000,12551,2584
9091,727280000,727360000,18980,3775
9092,727360000,727440000,21529,4155
9093,727440000,727520000,16732,3559
9094,727520000,727600000,12177,2364
9095,727600000,727680000,21204,3982
9096,727680000,727760000,23648,4307
9097,727760000,727840000,16036,3483
9098,727840000,727920000,12142,2294
9099,727920000,728000000,20415,3971
9100,728000000,728080000,22410,4222
9101,728080000,728160000,15855,3361
9102,728160000,728240000,13338,2485
9103,728240000,728320000,22139,3999
9104,728320000,728400000,20279,3880
9105,728400000,728480000,16063,3443
9106,728480000,728560000,14375,2733
9107,728560000,728640000,20577,3989
9108,728640000,728720000,18733,3620
9109,728720000,728800000,15706,3364
9110,728800000,728880000,16798,3081
9111,728880000,728960000,22539,4012
9112,728960000,729040000,18035,3623
9113,729040000,729120000,15423,3129
9114,729120000,729200000,17446,3305
9115,729200000,729280000,20985,4006
9116,729280000,729360000,17898,3593
9117,729360000,729440000,14579,3022
9118,729440000,729520000,17609,3437
9119,729520000,729600000,22738,4108
9120,729600000,729680000,16375,3568
9121,729680000,729760000,12503,2584
9122,729760000,729840000,18719,3776
9123,729840000,729920000,21413,4155
9124,729920000,730000000,16644,3556
9125,730000000,730080000,12034,2364
9126,730080000,730160000,20827,3981
9127,730160000,730240000,23633,4307
9128,730240000,730320000,15864,3482
9129,730320000,730400000,11808,2294
9130,730400000,730480000,19762,3970
9131,730480000,730560000,21813,4215
9132,730560000,730640000,15587,3361
9133,730640000,730720000,12969,2485
9134,730720000,730800000,22085,4002
9135,730800000,730880000,19869,3885
9136,730880000,730960000,15942,3443
9137,730960000,731040000,13687,2733
9138,731040000,731120000,19939,3992
9139,731120000,731200000,18629,3621
9140,731200000,731280000,15724,3364
9141,731280000,731360000,16341,3081
9142,731360000,731440000,22482,4001
9143,731440000,731520000,18005,3610
9144,731520000,731600000,15051,3129
9145,731600000,731680000,16651,3305
9146,731680000,731760000,20371,4005
9147,731760000,731840000,17341,3590
9148,731840000,731920000,14166,3022
9149,731920000,732000000,17384,3437
9150,732000000,732080000,22418,4107
9151,732080000,732160000,16284,3573
9152,732160000,732240000,12420,2584
9153,732240000,732320000,18585,3775
9154,732320000,732400000,21123,4155
9155,732400000,732480000,16665,3559
9156,732480000,732560000,12295,2364
9157,732560000,732640000,21194,3982
9158,732640000,732720000,23297,4301
9159,732720000,732800000,15783,3483
9160,732800000,732880000,12070,2294
9161,732880000,732960000,19772,3971
9162,732960000,733040000,21971,4222
9163,733040000,733120000,15522,3361
9164,733120000,733200000,13124,2485
9165,733200000,733280000,21857,3999
9166,733280000,733360000,19832,3880
9167,733360000,733440000,15937,3443
9168,733440000,733520000,13891,2733
9169,733520000,733600000,19936,3989
9170,733600000,733680000,18830,3620
9171,733680000,733760000,15838,3364
9172,733760000,733840000,16649,3081
9173,733840000,733920000,22206,4006
9174,733920000,734000000,17892,3617
9175,734000000,734080000,14699,3129
9176,734080000,734160000,16293,3305
9177,734160000,734240000,20611,4012
9178,734240000,734320000,17560,3593
9179,734320000,734400000,13992,3022
9180,734400000,734480000,17293,3437
9181,734480000,734560000,22459,4108
9182,734560000,734640000,16064,3568
9183,734640000,734720000,12256,2584
9184,734720000,734800000,18792,3776
9185,734800000,734880000,21288,4155
9186,734880000,734960000,16916,3556
9187,734960000,735040000,11965,2364
9188,735040000,735120000,21147,3981
9189,735120000,735200000,23250,4307
9190,735200000,735280000,15911,3482
9191,735280000,735360000,11988,2294
9192,735360000,735440000,20112,3970
9193,735440000,735520000,22589,4215
9194,735520000,735600000,15566,3361
9195,735600000,735680000,12919,2485
9196,735680000,735760000,21817,4002
9197,735760000,735840000,19876,3885
9198,735840000,735920000,15882,3443
9199,735920000,736000000,14147,2733
9200,736000000,736080000,19454,3998
9201,736080000,736160000,18780,3627
9202,736160000,736240000,15874,3364
9203,736240000,736320000,16139,3081
9204,736320000,736400000,22228,4007
9205,736400000,736480000,17810,3616
9206,736480000,736560000,15312,3129
9207,736560000,736640000,17327,3305
9208,736640000,736720000,20311,4005
9209,736720000,736800000,17389,3590
9210,736800000,736880000,14557,3022
9211,736880000,736960000,17697,3437
9212,736960000,737040000,21711,4119
9213,737040000,737120000,16111,3573
9214,737120000,737200000,12510,2584
9215,737200000,737280000,18892,3775
9216,737280000,737360000,21673,4155
9217,737360000,737440000,16697,3559
9218,737440000,737520000,12168,2364
9219,737520000,737600000,21025,3982
9220,737600000,737680000,23079,4301
9221,737680000,737760000,16067,3483
9222,737760000,737840000,12129,2294
9223,737840000,737920000,20252,3971
9224,737920000,738000000,22243,4222
9225,738000000,738080000,15999,3361
9226,738080000,738160000,13137,2485
9227,738160000,738240000,22026,3999
9228,738240000,738320000,19907,3880
9229,738320000,738400000,16226,3443
9230,738400000,738480000,14221,2733
9231,738480000,738560000,20158,3989
9232,738560000,738640000,18780,3620
9233,738640000,738720000,15726,3364
9234,738720000,738800000,16020,3081
9235,738800000,738880000,22335,4006
9236,738880000,738960000,18000,3617
9237,738960000,739040000,15137,3129
9238,739040000,739120000,16837,3305
9239,739120000,739200000,20846,4006
9240,739200000,739280000,17750,3593
9241,739280000,739360000,14685,3022
9242,739360000,739440000,17982,3437
9243,739440000,739520000,22349,4108
9244,739520000,739600000,16404,3568
9245,739600000,739680000,12454,2584
9246,739680000,739760000,18784,3776
9247,739760000,739840000,21331,4153
9248,739840000,739920000,16850,3560
9249,739920000,740000000,12108,2364
9250,740000000,740080000,20972,3981
9251,740080000,740160000,23413,4307
9252,740160000,740240000,15946,3482
9253,740240000,740320000,11947,2294
9254,740320000,740400000,19994,3970
9255,740400000,740480000,22122,4215
9256,740480000,740560000,15829,3361
9257,740560000,740640000,13026,2485
9258,740640000,740720000,22196,4002
9259,740720000,740800000,19847,3891
9260,740800000,740880000,16029,3443
9261,740880000,740960000,13470,2733
9262,740960000,741040000,19124,3992
9263,741040000,741120000,18556,3621
9264,741120000,741200000,15587,3364
9265,741200000,741280000,16434,3081
9266,741280000,741360000,22314,4001
9267,741360000,741440000,17487,3610
9268,741440000,741520000,15441,3129
9269,741520000,741600000,17689,3305
9270,741600000,741680000,20709,4011
9271,741680000,741760000,17918,3590
9272,741760000,741840000,15037,3022
9273,741840000,741920000,18385,3437
9274,741920000,742000000,22413,4107
9275,742000000,742080000,16658,3573
9276,742080000,742160000,12950,2584
9277,742160000,742240000,19628,3775
9278,742240000,742320000,21581,4155
9279,742320000,742400000,16927,3559
9280,742400000,742480000,12594,2364
9281,742480000,742560000,21176,3988
9282,742560000,742640000,22971,4301
9283,742640000,742720000,16196,3483
9284,742720000,742800000,12343,2294
9285,742800000,742880000,20314,3971
9286,742880000,742960000,22791,4222
9287,742960000,743040000,15710,3361
9288,743040000,743120000,12812,2485
9289,743120000,743200000,22234,3999
9290,743200000,743280000,20139,3880
9291,743280000,743360000,15861,3443
9292,743360000,743440000,13723,2733
9293,743440000,743520000,20096,3989
9294,743520000,743600000,19067,3620
9295,743600000,743680000,15532,3364
9296,743680000,743760000,16009,3081
9297,743760000,743840000,22732,4006
9298,743840000,743920000,18247,3617
9299,743920000,744000000,15106,3129
9300,744000000,744080000,17190,3305
9301,744080000,744160000,20730,4015
9302,744160000,744240000,17602,3596
9303,744240000,744320000,14779,3022
9304,744320000,744400000,18208,3437
9305,744400000,744480000,22562,4114
9306,744480000,744560000,16299,3568
9307,744560000,744640000,12900,2584
9308,744640000,744720000,19470,3776
9309,744720000,744800000,21802,4149
9310,744800000,744880000,17192,3556
9311,744880000,744960000,12577,2364
9312,744960000,745040000,21776,3981
9313,745040000,745120000,23694,4307
9314,745120000,745200000,16409,3482
9315,745200000,745280000,12412,2294
9316,745280000,745360000,20662,3970
9317,745360000,745440000,22050,4215
9318,745440000,745520000,15885,3361
9319,745520000,745600000,12823,2485
9320,745600000,745680000,21985,4002
9321,745680000,745760000,20178,3885
9322,745760000,745840000,15891,3443
9323,745840000,745920000,14125,2733
9324,745920000,746000000,20307,3992
9325,746000000,746080000,18906,3629
9326,746080000,746160000,15927,3364
9327,746160000,746240000,16517,3081
9328,746240000,746320000,22365,4007
9329,746320000,746400000,17761,3610
9330,746400000,746480000,15362,3129
9331,746480000,746560000,17315,3305
9332,746560000,746640000,20549,4005
9333,746640000,746720000,17617,3598
9334,746720000,746800000,14728,3022
9335,746800000,746880000,18371,3437
9336,746880000,746960000,22406,4107
9337,746960000,747040000,16481,3573
9338,747040000,747120000,12836,2584
9339,747120000,747200000,19606,3775
9340,747200000,747280000,21380,4159
9341,747280000,747360000,17146,3565
9342,747360000,747440000,12717,2364
9343,747440000,747520000,21672,3982
9344,747520000,747600000,23730,4301
9345,747600000,747680000,16274,3483
9346,747680000,747760000,12156,2294
9347,747760000,747840000,20216,3971
9348,747840000,747920000,22009,4222
9349,747920000,748000000,15730,3361
9350,748000000,748080000,12921,2485
9351,748080000,748160000,22004,3999
9352,748160000,748240000,19904,3886
9353,748240000,748320000,16003,3443
9354,748320000,748400000,13971,2733
9355,748400000,748480000,19723,3989
9356,748480000,748560000,18583,3620
9357,748560000,748640000,15798,3364
9358,748640000,748720000,16525,3081
9359,748720000,748800000,22239,4006
9360,748800000,748880000,17831,3617
9361,748880000,748960000,15453,3129
9362,748960000,749040000,17655,3305
9363,749040000,749120000,20409,4006
9364,749120000,749200000,17600,3593
9365,749200000,749280000,14802,3022
9366,749280000,749360000,17757,3437
9367,749360000,749440000,22224,4108
9368,749440000,749520000,16546,3568
9369,749520000,749600000,12774,2584
9370,749600000,749680000,19436,3776
9371,749680000,749760000,21006,4152
9372,749760000,749840000,16967,3559
9373,749840000,749920000,12327,2364
9374,749920000,750000000,21286,3981
9375,750000000,750080000,23323,4307
9376,750080000,750160000,16204,3482
9377,750160000,750240000,12104,2294
9378,750240000,750320000,19809,3970
9379,750320000,750400000,21471,4215
9380,750400000,750480000,15852,3361
9381,750480000,750560000,13096,2485
9382,750560000,750640000,22466,4002
9383,750640000,750720000,20307,3885
9384,750720000,750800000,16288,3443
9385,750800000,750880000,14268,2733
9386,750880000,750960000,19873,3992
9387,750960000,751040000,19037,3621
9388,751040000,751120000,16211,3364
9389,751120000,751200000,16732,3081
9390,751200000,751280000,22824,4007
9391,751280000,751360000,17836,3622
9392,751360000,751440000,15612,3129
9393,751440000,751520000,17900,3305
9394,751520000,751600000,21139,4005
9395,751600000,751680000,17825,3590
9396,751680000,751760000,15239,3022
9397,751760000,751840000,18943,3437
9398,751840000,751920000,22804,4107
9399,751920000,752000000,16756,3579
9400,752000000,752080000,13052,2584
9401,752080000,752160000,19512,3775
9402,752160000,752240000,21708,4161
9403,752240000,752320000,17182,3559
9404,752320000,752400000,12631,2364
9405,752400000,752480000,21626,3982
9406,752480000,752560000,23365,4301
9407,752560000,752640000,16324,3483
9408,752640000,752720000,12326,2294
9409,752720000,752800000,20299,3971
9410,752800000,752880000,22099,4222
9411,752880000,752960000,16063,3361
9412,752960000,753040000,13304,2485
9413,753040000,753120000,22423,3999
9414,753120000,753200000,20045,3880
9415,753200000,753280000,15938,3443
9416,753280000,753360000,13122,2733
9417,753360000,753440000,19295,3989
9418,753440000,753520000,18299,3620
9419,753520000,753600000,14988,3364
9420,753600000,753680000,15799,3081
9421,753680000,753760000,22070,4006
9422,753760000,753840000,17781,3617
9423,753840000,753920000,14578,3129
9424,753920000,754000000,16281,3305
9425,754000000,754080000,20362,4006
9426,754080000,754160000,17180,3593
9427,754160000,754240000,14117,3022
9428,754240000,754320000,17208,3437
9429,754320000,754400000,22335,4108
9430,754400000,754480000,15906,3568
9431,754480000,754560000,12550,2584
9432,754560000,754640000,18557,3776
9433,754640000,754720000,20951,4149
9434,754720000,754800000,16413,3556
9435,754800000,754880000,12106,2364
9436,754880000,754960000,20318,3981
9437,754960000,755040000,23270,4307
9438,755040000,755120000,15634,3482
9439,755120000,755200000,12200,2294
9440,755200000,755280000,19713,3970
9441,755280000,755360000,22212,4215
9442,755360000,755440000,15433,3361
9443,755440000,755520000,12818,2485
9444,755520000,755600000,21613,4002
9445,755600000,755680000,20021,3885
9446,755680000,755760000,15784,3443
9447,755760000,755840000,13970,2733
9448,755840000,755920000,19592,3992
9449,755920000,756000000,18416,3621
9450,756000000,756080000,15620,3364
9451,756080000,756160000,15840,3081
9452,756160000,756240000,22114,4001
9453,756240000,756320000,17782,3610
9454,756320000,756400000,15276,3129
9455,756400000,756480000,17234,3305
9456,756480000,756560000,20208,4005
9457,756560000,756640000,16795,3590
9458,756640000,756720000,14680,3022
9459,756720000,756800000,17627,3437
9460,756800000,756880000,21850,4123
9461,756880000,756960000,16107,3573
9462,756960000,757040000,12609,2584
9463,757040000,757120000,18921,3775
9464,757120000,757200000,21349,4155
9465,757200000,757280000,16561,3559
9466,757280000,757360000,12232,2364
9467,757360000,757440000,20644,3982
9468,757440000,757520000,23748,4309
9469,757520000,757600000,15939,3483
9470,757600000,757680000,11966,2294
9471,757680000,757760000,19515,3971
9472,757760000,757840000,21494,4222
9473,757840000,757920000,15786,3361
9474,757920000,758000000,13151,2485
9475,758000000,758080000,21759,3999
9476,758080000,758160000,20056,3888
9477,758160000,758240000,16240,3443
9478,758240000,758320000,14221,2733
9479,758320000,758400000,19733,3998
9480,758400000,758480000,18338,3629
9481,758480000,758560000,16022,3364
9482,758560000,758640000,16663,3081
9483,758640000,758720000,22244,4016
9484,758720000,758800000,18114,3617
9485,758800000,758880000,15262,3129
9486,758880000,758960000,16712,3305
9487,758960000,759040000,20284,4006
9488,759040000,759120000,17440,3593
9489,759120000,759200000,14789,3022
9490,759200000,759280000,17689,3437
9491,759280000,759360000,22077,4120
9492,759360000,759440000,16404,3568
9493,759440000,759520000,12650,2584
9494,759520000,759600000,18539,3776
9495,759600000,759680000,21350,4149
9496,759680000,759760000,16756,3556
9497,759760000,759840000,12298,2364
9498,759840000,759920000,20752,3981
9499,759920000,760000000,23864,4307
9500,760000000,760080000,16054,3482
9501,760080000,760160000,12168,2294
9502,760160000,760240000,19978,3976
9503,760240000,760320000,21790,4215
9504,760320000,760400000,15790,3361
9505,760400000,760480000,12985,2485
9506,760480000,760560000,21982,4002
9507,760560000,760640000,20218,3885
9508,760640000,760720000,16164,3443
9509,760720000,760800000,13792,2733
9510,760800000,760880000,19090,3995
9511,760880000,760960000,18681,3624
9512,760960000,761040000,15546,3364
9513,761040000,761120000,16133,3081
9514,761120000,761200000,22129,4001
9515,761200000,761280000,17989,3610
9516,761280000,761360000,15115,3129
9517,761360000,761440000,17320,3305
9518,761440000,761520000,20935,4005
9519,761520000,761600000,17648,3590
9520,761600000,761680000,14715,3022
9521,761680000,761760000,17992,3437
9522,761760000,761840000,22449,4107
9523,761840000,761920000,16706,3573
9524,761920000,762000000,12851,2584
9525,762000000,762080000,19231,3775
9526,762080000,762160000,21602,4155
9527,762160000,762240000,16877,3559
9528,762240000,762320000,12269,2364
9529,762320000,762400000,20760,3982
9530,762400000,762480000,23538,4301
9531,762480000,762560000,16095,3483
9532,762560000,762640000,12065,2294
9533,762640000,762720000,20168,3971
9534,762720000,762800000,21630,4222
9535,762800000,762880000,15697,3361
9536,762880000,762960000,13184,2485
9537,762960000,763040000,22173,3999
9538,763040000,763120000,20073,3880
9539,763120000,763200000,16131,3443
9540,763200000,763280000,13886,2733
9541,763280000,763360000,19726,3992
9542,763360000,763440000,18464,3623
9543,763440000,763520000,15683,3364
9544,763520000,763600000,16435,3081
9545,763600000,763680000,22184,4012
9546,763680000,763760000,17722,3617
9547,763760000,763840000,15298,3129
9548,763840000,763920000,17436,3305
9549,763920000,764000000,20029,4006
9550,764000000,764080000,17289,3593
9551,764080000,764160000,14691,3022
9552,764160000,764240000,17543,3437
9553,764240000,764320000,22029,4108
9554,764320000,764400000,15844,3568
9555,764400000,764480000,12706,2584
9556,764480000,764560000,18677,3776
9557,764560000,764640000,20771,4149
9558,764640000,764720000,16708,3556
9559,764720000,764800000,12613,2364
9560,764800000,764880000,21295,3981
9561,764880000,764960000,24121,4307
9562,764960000,765040000,16106,3482
9563,765040000,765120000,12275,2294
9564,765120000,765200000,19783,3970
9565,765200000,765280000,21851,4215
9566,765280000,765360000,15645,3361
9567,765360000,765440000,12718,2485
9568,765440000,765520000,21507,4002
9569,765520000,765600000,19807,3897
9570,765600000,765680000,15698,3443
9571,765680000,765760000,14025,2733
9572,765760000,765840000,19618,3995
9573,765840000,765920000,18786,3624
9574,765920000,766000000,15557,3364
9575,766000000,766080000,16153,3081
9576,766080000,766160000,22286,4001
9577,766160000,766240000,17819,3610
9578,766240000,766320000,15227,3129
9579,766320000,766400000,17250,3305
9580,766400000,766480000,20546,4014
9581,766480000,766560000,17602,3593
9582,766560000,766640000,14451,3022
9583,766640000,766720000,17377,3437
9584,766720000,766800000,22820,4113
9585,766800000,766880000,16431,3573
9586,766880000,766960000,12475,2584
9587,766960000,767040000,18400,3775
9588,767040000,767120000,21758,4155
9589,767120000,767200000,16481,3559
9590,767200000,767280000,12152,2364
9591,767280000,767360000,20761,3982
9592,767360000,767440000,23804,4301
9593,767440000,767520000,15888,3483
9594,767520000,767600000,11908,2294
9595,767600000,767680000,20114,3971
9596,767680000,767760000,22601,4222
9597,767760000,767840000,15538,3361
9598,767840000,767920000,12364,2485
9599,767920000,768000000,21605,4005
9600,768000000,768080000,20318,3880
9601,768080000,768160000,15617,3443
9602,768160000,768240000,13315,2733
9603,768240000,768320000,19988,3992
9604,768320000,768400000,18383,3623
9605,768400000,768480000,15380,3364
9606,768480000,768560000,15728,3081
9607,768560000,768640000,21588,4006
9608,768640000,768720000,17998,3623
9609,768720000,768800000,15056,3129
9610,768800000,768880000,16491,3305
9611,768880000,768960000,20740,4006
9612,768960000,769040000,17498,3593
9613,769040000,769120000,14496,3022
9614,769120000,769200000,17264,3437
9615,769200000,769280000,22557,4108
9616,769280000,769360000,16521,3568
9617,769360000,769440000,12588,2584
9618,769440000,769520000,18842,3776
9619,769520000,769600000,20683,4149
9620,769600000,769680000,16592,3556
9621,769680000,769760000,12187,2364
9622,769760000,769840000,20659,3981
9623,769840000,769920000,23627,4307
9624,769920000,770000000,15727,3482
9625,770000000,770080000,11491,2294
9626,770080000,770160000,19537,3970
9627,770160000,770240000,21656,4215
9628,770240000,770320000,15242,3361
9629,770320000,770400000,12566,2485
9630,770400000,770480000,21878,4002
9631,770480000,770560000,20123,3891
9632,770560000,770640000,15741,3443
9633,770640000,770720000,13536,2733
9634,770720000,770800000,19617,3995
9635,770800000,770880000,18635,3624
9636,770880000,770960000,15496,3364
9637,770960000,771040000,15919,3081
9638,771040000,771120000,22375,4001
9639,771120000,771200000,18004,3610
9640,771200000,771280000,14956,3129
9641,771280000,771360000,16671,3305
9642,771360000,771440000,19890,4005
9643,771440000,771520000,17205,3590
9644,771520000,771600000,14569,3022
9645,771600000,771680000,17409,3437
9646,771680000,771760000,22275,4107
9647,771760000,771840000,16492,3573
9648,771840000,771920000,12680,2584
9649,771920000,772000000,18779,3775
9650,772000000,772080000,21227,4155
9651,772080000,772160000,16765,3559
9652,772160000,772240000,12234,2364
9653,772240000,772320000,21047,3982
9654,772320000,772400000,23523,4301
9655,772400000,772480000,15943,3483
9656,772480000,772560000,11890,2294
9657,772560000,772640000,20041,3971
9658,772640000,772720000,22075,4222
9659,772720000,772800000,15571,3361
9660,772800000,772880000,12820,2485
9661,772880000,772960000,21831,3999
9662,772960000,773040000,20429,3880
9663,773040000,773120000,16043,3443
9664,773120000,773200000,13587,2733
9665,773200000,773280000,19933,3992
9666,773280000,773360000,18543,3623
9667,773360000,773440000,15742,3364
9668,773440000,773520000,16210,3081
9669,773520000,773600000,21809,4012
9670,773600000,773680000,18091,3623
9671,773680000,773760000,15081,3129
9672,773760000,773840000,16604,3305
9673,773840000,773920000,20263,4006
9674,773920000,774000000,17492,3593
9675,774000000,774080000,14644,3022
9676,774080000,774160000,17671,3437
9677,774160000,774240000,22168,4108
9678,774240000,774320000,16415,3568
9679,774320000,774400000,12590,2584
9680,774400000,774480000,18956,3779
9681,774480000,774560000,20759,4158
9682,774560000,774640000,16928,3556
9683,774640000,774720000,12147,2364
9684,774720000,774800000,21231,3981
9685,774800000,774880000,23524,4307
9686,774880000,774960000,16229,3482
9687,774960000,775040000,12083,2294
9688,775040000,775120000,19891,3970
9689,775120000,775200000,21741,4215
9690,775200000,775280000,15538,3361
9691,775280000,775360000,12597,2485
9692,775360000,775440000,21725,4002
9693,775440000,775520000,19945,3885
9694,775520000,775600000,15552,3443
9695,775600000,775680000,13542,2733
9696,775680000,775760000,19600,3992
9697,775760000,775840000,18767,3621
9698,775840000,775920000,15485,3364
9699,775920000,776000000,15341,3081
9700,776000000,776080000,22225,4001
9701,776080000,776160000,17995,3610
9702,776160000,776240000,15039,3129
9703,776240000,776320000,16684,3305
9704,776320000,776400000,20201,4005
9705,776400000,776480000,16945,3590
9706,776480000,776560000,14506,3022
9707,776560000,776640000,17218,3437
9708,776640000,776720000,21842,4113
9709,776720000,776800000,16064,3573
9710,776800000,776880000,12499,2584
9711,776880000,776960000,18585,3775
9712,776960000,777040000,21404,4155
9713,777040000,777120000,16439,3559
9714,777120000,777200000,12208,2364
9715,777200000,777280000,20583,3982
9716,777280000,777360000,23572,4307
9717,777360000,777440000,16045,3483
9718,777440000,777520000,12145,2294
9719,777520000,777600000,20296,3971
9720,777600000,777680000,22010,4230
9721,777680000,777760000,15880,3361
9722,777760000,777840000,13011,2485
9723,777840000,777920000,21923,3999
9724,777920000,778000000,20371,3880
9725,778000000,778080000,16157,3443
9726,778080000,778160000,13949,2733
9727,778160000,778240000,20304,3989
9728,778240000,778320000,18525,3620
9729,778320000,778400000,15811,3364
9730,778400000,778480000,16256,3081
9731,778480000,778560000,21907,4006
9732,778560000,778640000,17768,3617
9733,778640000,778720000,15452,3129
9734,778720000,778800000,16898,3305
9735,778800000,778880000,20886,4012
9736,778880000,778960000,17506,3593
9737,778960000,779040000,14798,3022
9738,779040000,779120000,17653,3437
9739,779120000,779200000,22469,4108
9740,779200000,779280000,16475,3568
9741,779280000,779360000,12334,2584
9742,779360000,779440000,18718,3776
9743,779440000,779520000,21479,4149
9744,779520000,779600000,16717,3556
9745,779600000,779680000,12042,2364
9746,779680000,779760000,21065,3981
9747,779760000,779840000,23767,4307
9748,779840000,779920000,16000,3482
9749,779920000,780000000,11789,2294
9750,780000000,780080000,20308,3970
9751,780080000,780160000,22400,4215
9752,780160000,780240000,15707,3361
9753,780240000,780320000,12957,2485
9754,780320000,780400000,22262,4002
9755,780400000,780480000,20353,3885
9756,780480000,780560000,15874,3443
9757,780560000,780640000,13108,2733
9758,780640000,780720000,19398,3998
9759,780720000,780800000,18627,3627
9760,780800000,780880000,15315,3364
9761,780880000,780960000,15939,3081
9762,780960000,781040000,21812,4001
9763,781040000,781120000,18059,3610
9764,781120000,781200000,14989,3129
9765,781200000,781280000,16946,3305
9766,781280000,781360000,20724,4005
9767,781360000,781440000,17245,3590
9768,781440000,781520000,14777,3022
9769,781520000,781600000,17923,3437
9770,781600000,781680000,22638,4119
9771,781680000,781760000,16759,3573
9772,781760000,781840000,12983,2584
9773,781840000,781920000,19591,3775
9774,781920000,782000000,21747,4155
9775,782000000,782080000,16740,3559
9776,782080000,782160000,12605,2364
9777,782160000,782240000,21122,3982
9778,782240000,782320000,23332,4301
9779,782320000,782400000,16266,3483
9780,782400000,782480000,12147,2294
9781,782480000,782560000,20332,3971
9782,782560000,782640000,22311,4228
9783,782640000,782720000,15604,3361
9784,782720000,782800000,12938,2485
9785,782800000,782880000,21473,3999
9786,782880000,782960000,19947,3886
9787,782960000,783040000,16127,3443
9788,783040000,783120000,13887,2733
9789,783120000,783200000,20098,3989
9790,783200000,783280000,18798,3620
9791,783280000,783360000,15567,3364
9792,783360000,783440000,15863,3081
9793,783440000,783520000,21850,4006
9794,783520000,783600000,18116,3617
9795,783600000,783680000,14989,3129
9796,783680000,783760000,16991,3305
9797,783760000,783840000,21574,4006
9798,783840000,783920000,17639,3599
9799,783920000,784000000,14707,3022
9800,784000000,784080000,18032,3437
9801,784080000,784160000,21853,4108
9802,784160000,784240000,16469,3568
9803,784240000,784320000,12927,2584
9804,784320000,784400000,19230,3776
9805,784400000,784480000,21283,4149
9806,784480000,784560000,16754,3556
9807,784560000,784640000,12320,2364
9808,784640000,784720000,20953,3981
9809,784720000,784800000,22888,4307
9810,784800000,784880000,16270,3482
9811,784880000,784960000,12186,2294
9812,784960000,785040000,20038,3970
9813,785040000,785120000,21943,4215
9814,785120000,785200000,15888,3361
9815,785200000,785280000,12513,2485
9816,785280000,785360000,21651,4002
9817,785360000,785440000,19661,3885
9818,785440000,785520000,15938,3443
9819,785520000,785600000,13603,2733
9820,785600000,785680000,19979,3992
9821,785680000,785760000,18870,3621
9822,785760000,785840000,15869,3364
9823,785840000,785920000,15977,3081
9824,785920000,786000000,22011,4001
9825,786000000,786080000,17797,3610
9826,786080000,786160000,15079,3129
9827,786160000,786240000,16289,3305
9828,786240000,786320000,19856,4005
9829,786320000,786400000,17089,3590
9830,786400000,786480000,14504,3022
9831,786480000,786560000,17513,3437
9832,786560000,786640000,22419,4107
9833,786640000,786720000,16055,3573
9834,786720000,786800000,12588,2584
9835,786800000,786880000,18567,3775
9836,786880000,786960000,21042,4155
9837,786960000,787040000,16558,3559
9838,787040000,787120000,12472,2364
9839,787120000,787200000,21118,3988
9840,787200000,787280000,23812,4301
9841,787280000,787360000,16122,3483
9842,787360000,787440000,12138,2294
9843,787440000,787520000,19952,3971
9844,787520000,787600000,22067,4222
9845,787600000,787680000,15858,3361
9846,787680000,787760000,13144,2485
9847,787760000,787840000,22096,3999
9848,787840000,787920000,20307,3886
9849,787920000,788000000,16066,3443
9850,788000000,788080000,13790,2733
9851,788080000,788160000,20138,3989
9852,788160000,788240000,18588,3620
9853,788240000,788320000,15693,3364
9854,788320000,788400000,16366,3081
9855,788400000,788480000,22077,4012
9856,788480000,788560000,17828,3617
9857,788560000,788640000,15502,3129
9858,788640000,788720000,17455,3305
9859,788720000,788800000,21133,4015
9860,788800000,788880000,17682,3596
9861,788880000,788960000,14841,3022
9862,788960000,789040000,17683,3437
9863,789040000,789120000,22397,4114
9864,789120000,789200000,16555,3568
9865,789200000,789280000,12836,2584
9866,789280000,789360000,19427,3776
9867,789360000,789440000,21305,4149
9868,789440000,789520000,16836,3556
9869,789520000,789600000,12513,2364
9870,789600000,789680000,21378,3981
9871,789680000,789760000,23761,4307
9872,789760000,789840000,16097,3482
9873,789840000,789920000,11914,2294
9874,789920000,790000000,19618,3970
9875,790000000,790080000,21951,4215
9876,790080000,790160000,15604,3361
9877,790160000,790240000,12748,2485
9878,790240000,790320000,21922,4002
9879,790320000,790400000,20123,3885
9880,790400000,790480000,15986,3443
9881,790480000,790560000,13762,2733
9882,790560000,790640000,19994,3992
9883,790640000,790720000,18677,3621
9884,790720000,790800000,15885,3364
9885,790800000,790880000,16268,3081
9886,790880000,790960000,22156,4001
9887,790960000,791040000,17733,3610
9888,791040000,791120000,15403,3129
9889,791120000,791200000,17295,3305
9890,791200000,791280000,20293,4005
9891,791280000,791360000,17494,3590
9892,791360000,791440000,15042,3022
9893,791440000,791520000,18369,3437
9894,791520000,791600000,21843,4113
9895,791600000,791680000,16577,3573
9896,791680000,791760000,12982,2584
9897,791760000,791840000,18933,3775
9898,791840000,791920000,21180,4155
9899,791920000,792000000,16933,3559
9900,792000000,792080000,12638,2364
9901,792080000,792160000,21504,3982
9902,792160000,792240000,23561,4301
9903,792240000,792320000,16197,3483
9904,792320000,792400000,11857,2294
9905,792400000,792480000,19829,3971
9906,792480000,792560000,21687,4222
9907,792560000,792640000,15828,3361
9908,792640000,792720000,13026,2485
9909,792720000,792800000,22102,3999
9910,792800000,792880000,20101,3888
9911,792880000,792960000,16297,3443
9912,792960000,793040000,13917,2733
9913,793040000,793120000,20093,3989
9914,793120000,793200000,18742,3620
9915,793200000,793280000,16067,3364
9916,793280000,793360000,16808,3081
9917,793360000,793440000,22761,4012
9918,793440000,793520000,17811,3617
9919,793520000,793600000,15551,3129
9920,793600000,793680000,17089,3305
9921,793680000,793760000,20530,4006
9922,793760000,793840000,17824,3593
9923,793840000,793920000,14949,3022
9924,793920000,794000000,18193,3437
9925,794000000,794080000,22388,4108
9926,794080000,794160000,16435,3568
9927,794160000,794240000,13159,2584
9928,794240000,794320000,19660,3776
9929,794320000,794400000,21264,4155
9930,794400000,794480000,17062,3556
9931,794480000,794560000,12155,2364
9932,794560000,794640000,20989,3981
9933,794640000,794720000,23517,4307
9934,794720000,794800000,16193,3482
9935,794800000,794880000,12151,2294
9936,794880000,794960000,20379,3970
9937,794960000,795040000,22402,4215
9938,795040000,795120000,15986,3361
9939,795120000,795200000,12979,2485
9940,795200000,795280000,22398,4002
9941,795280000,795360000,20334,3885
9942,795360000,795440000,16451,3443
9943,795440000,795520000,14236,2733
9944,795520000,795600000,20462,3992
9945,795600000,795680000,19185,3621
9946,795680000,795760000,16217,3364
9947,795760000,795840000,16204,3081
9948,795840000,795920000,22728,4007
9949,795920000,796000000,18056,3616
9950,796000000,796080000,15814,3129
9951,796080000,796160000,17725,3305
9952,796160000,796240000,20704,4005
9953,796240000,796320000,17480,3596
9954,796320000,796400000,15410,3022
9955,796400000,796480000,18525,3437
9956,796480000,796560000,21827,4107
9957,796560000,796640000,16440,3573
9958,796640000,796720000,12772,2584
9959,796720000,796800000,19336,3778
9960,796800000,796880000,21288,4164
9961,796880000,796960000,16582,3559
9962,796960000,797040000,11761,2364
9963,797040000,797120000,20924,3982
9964,797120000,797200000,23568,4301
9965,797200000,797280000,15660,3483
9966,797280000,797360000,11423,2294
9967,797360000,797440000,18915,3971
9968,797440000,797520000,21625,4222
9969,797520000,797600000,15253,3361
9970,797600000,797680000,12518,2485
9971,797680000,797760000,21272,3999
9972,797760000,797840000,19737,3880
9973,797840000,797920000,15409,3443
9974,797920000,798000000,13456,2733
9975,798000000,798080000,19770,3989
9976,798080000,798160000,18582,3620
9977,798160000,798240000,15191,3364
9978,798240000,798320000,15881,3081
9979,798320000,798400000,21901,4006
9980,798400000,798480000,18306,3623
9981,798480000,798560000,14706,3129
9982,798560000,798640000,16379,3305
9983,798640000,798720000,21052,4006
9984,798720000,798800000,17769,3593
9985,798800000,798880000,14455,3022
9986,798880000,798960000,17503,3437
9987,798960000,799040000,22596,4108
9988,799040000,799120000,16532,3568
9989,799120000,799200000,12052,2584
9990,799200000,799280000,18005,3776
9991,799280000,799360000,21656,4149
9992,799360000,799440000,16620,3556
9993,799440000,799520000,11721,2364
9994,799520000,799600000,20651,3981
9995,799600000,799680000,24163,4307
9996,799680000,799760000,15665,3482
9997,799760000,799840000,11728,2294
9998,799840000,799920000,19610,3970
9999,799920000,800000000,22252,4215
10000,800000000,800080000,15236,3361
10001,800080000,800160000,12562,2485
10002,800160000,800240000,21548,4002
10003,800240000,800320000,20387,3885
10004,800320000,800400000,15541,3443
10005,800400000,800480000,13368,2733
10006,800480000,800560000,19774,3992
10007,800560000,800640000,18515,3621
10008,800640000,800720000,15372,3364
10009,800720000,800800000,16172,3081
10010,800800000,800880000,22465,4001
10011,800880000,800960000,18080,3610
10012,800960000,801040000,15160,3129
10013,801040000,801120000,17190,3305
10014,801120000,801200000,20957,4005
10015,801200000,801280000,17582,3590
10016,801280000,801360000,14638,3022
10017,801360000,801440000,17819,3437
10018,801440000,801520000,23057,4107
10019,801520000,801600000,16845,3579
10020,801600000,801680000,12653,2584
10021,801680000,801760000,19181,3775
10022,801760000,801840000,21666,4158
10023,801840000,801920000,16829,3562
10024,801920000,802000000,12325,2364
10025,802000000,802080000,21240,3982
10026,802080000,802160000,23741,4301
10027,802160000,802240000,16205,3483
10028,802240000,802320000,12031,2294
10029,802320000,802400000,20483,3971
10030,802400000,802480000,22876,4222
10031,802480000,802560000,15569,3361
10032,802560000,802640000,12881,2485
10033,802640000,802720000,22006,3999
10034,802720000,802800000,20431,3880
10035,802800000,802880000,15856,3443
10036,802880000,802960000,13713,2733
10037,802960000,803040000,19919,3995
10038,803040000,803120000,18864,3626
10039,803120000,803200000,15539,3364
10040,803200000,803280000,16219,3081
10041,803280000,803360000,22185,4006
10042,803360000,803440000,17936,3617
10043,803440000,803520000,14961,3129
10044,803520000,803600000,16932,3305
10045,803600000,803680000,20718,4006
10046,803680000,803760000,17547,3593
10047,803760000,803840000,14504,3022
10048,803840000,803920000,17798,3437
10049,803920000,804000000,22271,4120
10050,804000000,804080000,16348,3568
10051,804080000,804160000,12609,2584
10052,804160000,804240000,18866,3776
10053,804240000,804320000,22001,4149
10054,804320000,804400000,16775,3556
10055,804400000,804480000,12256,2364
10056,804480000,804560000,21146,3987
10057,804560000,804640000,23650,4313
10058,804640000,804720000,16141,3482
10059,804720000,804800000,11786,2294
10060,804800000,804880000,19877,3970
10061,804880000,804960000,22111,4215
10062,804960000,805040000,15618,3361
10063,805040000,805120000,12502,2485
10064,805120000,805200000,21673,4002
10065,805200000,805280000,20062,3885
10066,805280000,805360000,15835,3443
10067,805360000,805440000,13675,2733
10068,805440000,805520000,19901,3992
10069,805520000,805600000,19051,3627
10070,805600000,805680000,15453,3364
10071,805680000,805760000,15604,3081
10072,805760000,805840000,22566,4001
10073,805840000,805920000,18164,3610
10074,805920000,806000000,14867,3129
10075,806000000,806080000,16856,3305
10076,806080000,806160000,21329,4005
10077,806160000,806240000,17444,3590
10078,806240000,806320000,14445,3022
10079,806320000,806400000,17529,3437
10080,806400000,806480000,22231,4107
10081,806480000,806560000,16544,3573
10082,806560000,806640000,12559,2584
10083,806640000,806720000,18831,3775
10084,806720000,806800000,22120,4155
10085,806800000,806880000,16622,3559
10086,806880000,806960000,12209,2364
10087,806960000,807040000,20895,3982
10088,807040000,807120000,23575,4301
10089,807120000,807200000,16114,3483
10090,807200000,807280000,11997,2294
10091,807280000,807360000,20237,3971
10092,807360000,807440000,22382,4222
10093,807440000,807520000,15900,3361
10094,807520000,807600000,13036,2485
10095,807600000,807680000,22163,3999
10096,807680000,807760000,20162,3880
10097,807760000,807840000,16142,3443
10098,807840000,807920000,13957,2733
10099,807920000,808000000,20729,3989
10100,808000000,808080000,18910,3620
10101,808080000,808160000,15633,3364
10102,808160000,808240000,16095,3081
10103,808240000,808320000,22049,4006
10104,808320000,808400000,18097,3617
10105,808400000,808480000,15140,3129
10106,808480000,808560000,16728,3305
10107,808560000,808640000,21199,4006
10108,808640000,808720000,17752,3593
10109,808720000,808800000,14575,3022
10110,808800000,808880000,17319,3437
10111,808880000,808960000,22835,4108
10112,808960000,809040000,16400,3568
10113,809040000,809120000,12720,2584
10114,809120000,809200000,18803,3776
10115,809200000,809280000,21851,4149
10116,809280000,809360000,16648,3556
10117,809360000,809440000,12324,2364
10118,809440000,809520000,20894,3981
10119,809520000,809600000,23901,4313
10120,809600000,809680000,16014,3482
10121,809680000,809760000,11971,2294
10122,809760000,809840000,20347,3970
10123,809840000,809920000,22523,4215
10124,809920000,810000000,15669,3361
10125,810000000,810080000,12969,2485
10126,810080000,810160000,22129,4002
10127,810160000,810240000,20637,3891
10128,810240000,810320000,16047,3443
10129,810320000,810400000,13681,2733
10130,810400000,810480000,20474,3992
10131,810480000,810560000,19111,3621
10132,810560000,810640000,15739,3364
10133,810640000,810720000,16265,3081
10134,810720000,810800000,22513,4001
10135,810800000,810880000,18328,3610
10136,810880000,810960000,15237,3129
10137,810960000,811040000,17050,3305
10138,811040000,811120000,21219,4014
10139,811120000,811200000,17651,3593
10140,811200000,811280000,14754,3022
10141,811280000,811360000,17841,3437
10142,811360000,811440000,22102,4107
10143,811440000,811520000,16715,3573
10144,811520000,811600000,12891,2584
10145,811600000,811680000,19267,3775
10146,811680000,811760000,22042,4155
10147,811760000,811840000,16984,3559
10148,811840000,811920000,12564,2364
10149,811920000,812000000,21492,3982
10150,812000000,812080000,23724,4301
10151,812080000,812160000,16323,3483
10152,812160000,812240000,11989,2294
10153,812240000,812320000,20143,3971
10154,812320000,812400000,22937,4222
10155,812400000,812480000,15794,3361
10156,812480000,812560000,12978,2485
10157,812560000,812640000,21975,3999
10158,812640000,812720000,20518,3888
10159,812720000,812800000,16224,3443
10160,812800000,812880000,13881,2733
10161,812880000,812960000,20507,3989
10162,812960000,813040000,18994,3620
10163,813040000,813120000,16102,3364
10164,813120000,813200000,16667,3081
10165,813200000,813280000,22074,4006
10166,813280000,813360000,18301,3617
10167,813360000,813440000,15172,3129
10168,813440000,813520000,16481,3305
10169,813520000,813600000,21313,4006
10170,813600000,813680000,17567,3593
10171,813680000,813760000,14604,3022
10172,813760000,813840000,17473,3437
10173,813840000,813920000,22594,4108
10174,813920000,814000000,16273,3568
10175,814000000,814080000,12838,2584
10176,814080000,814160000,19156,3776
10177,814160000,814240000,21314,4152
10178,814240000,814320000,17025,3559
10179,814320000,814400000,12395,2364
10180,814400000,814480000,21149,3981
10181,814480000,814560000,23690,4307
10182,814560000,814640000,16222,3482
10183,814640000,814720000,11866,2294
10184,814720000,814800000,20457,3970
10185,814800000,814880000,22632,4215
10186,814880000,814960000,15656,3361
10187,814960000,815040000,12687,2485
10188,815040000,815120000,21975,4002
10189,815120000,815200000,20145,3885
10190,815200000,815280000,15963,3443
10191,815280000,815360000,13934,2733
10192,815360000,815440000,20489,3992
10193,815440000,815520000,19323,3621
10194,815520000,815600000,15914,3364
10195,815600000,815680000,15776,3081
10196,815680000,815760000,22688,4001
10197,815760000,815840000,18187,3610
10198,815840000,815920000,15231,3129
10199,815920000,816000000,17086,3305
10200,816000000,816080000,20533,4005
10201,816080000,816160000,17269,3590
10202,816160000,816240000,14674,3022
10203,816240000,816320000,17711,3437
10204,816320000,816400000,22682,4107
10205,816400000,816480000,16495,3573
10206,816480000,816560000,12740,2584
10207,816560000,816640000,19094,3775
10208,816640000,816720000,21717,4155
10209,816720000,816800000,16780,3559
10210,816800000,816880000,12141,2364
10211,816880000,816960000,21206,3982
10212,816960000,817040000,23568,4301
10213,817040000,817120000,16279,3483
10214,817120000,817200000,11944,2294
10215,817200000,817280000,20249,3971
10216,817280000,817360000,22521,4222
10217,817360000,817440000,16126,3361
10218,817440000,817520000,13259,2485
10219,817520000,817600000,22412,3999
10220,817600000,817680000,20402,3880
10221,817680000,817760000,16472,3443
10222,817760000,817840000,14375,2733
10223,817840000,817920000,20751,3989
10224,817920000,818000000,18963,3620
10225,818000000,818080000,16099,3364
10226,818080000,818160000,16471,3081
10227,818160000,818240000,22357,4018
10228,818240000,818320000,18219,3623
10229,818320000,818400000,15612,3129
10230,818400000,818480000,17356,3305
10231,818480000,818560000,20899,4006
10232,818560000,818640000,17863,3593
10233,818640000,818720000,15184,3022
10234,818720000,818800000,18479,3437
10235,818800000,818880000,22878,4108
10236,818880000,818960000,16836,3568
10237,818960000,819040000,12561,2584
10238,819040000,819120000,18800,3776
10239,819120000,819200000,22046,4161
10240,819200000,819280000,16647,3556
10241,819280000,819360000,12119,2364
10242,819360000,819440000,20654,3981
10243,819440000,819520000,24071,4307
10244,819520000,819600000,15844,3482
10245,819600000,819680000,11878,2294
10246,819680000,819760000,20293,3970
10247,819760000,819840000,22472,4221
10248,819840000,819920000,15630,3361
10249,819920000,820000000,12950,2485
10250,820000000,820080000,21671,4002
10251,820080000,820160000,19767,3885
10252,820160000,820240000,15921,3443
10253,820240000,820320000,13382,2733
10254,820320000,820400000,19843,3992
10255,820400000,820480000,18975,3621
10256,820480000,820560000,15513,3364
10257,820560000,820640000,16233,3081
10258,820640000,820720000,22046,4001
10259,820720000,820800000,17908,3610
10260,820800000,820880000,15370,3129
10261,820880000,820960000,17448,3305
10262,820960000,821040000,21561,4005
10263,821040000,821120000,17610,3590
10264,821120000,821200000,15185,3022
10265,821200000,821280000,18221,3437
10266,821280000,821360000,22530,4113
10267,821360000,821440000,16677,3573
10268,821440000,821520000,13159,2584
10269,821520000,821600000,19690,3775
10270,821600000,821680000,22139,4155
10271,821680000,821760000,16857,3559
10272,821760000,821840000,12715,2364
10273,821840000,821920000,21069,3982
10274,821920000,822000000,23108,4301
10275,822000000,822080000,16259,3483
10276,822080000,822160000,12412,2294
10277,822160000,822240000,20557,3971
10278,822240000,822320000,22802,4222
10279,822320000,822400000,15887,3361
10280,822400000,822480000,13294,2485
10281,822480000,822560000,21916,3999
10282,822560000,822640000,20259,3880
10283,822640000,822720000,16307,3443
10284,822720000,822800000,13873,2733
10285,822800000,822880000,20056,3989
10286,822880000,822960000,18801,3620
10287,822960000,823040000,15925,3364
10288,823040000,823120000,16052,3081
10289,823120000,823200000,22006,4006
10290,823200000,823280000,18390,3617
10291,823280000,823360000,15444,3129
10292,823360000,823440000,17198,3305
10293,823440000,823520000,21504,4006
10294,823520000,823600000,17340,3593
10295,823600000,823680000,14807,3022
10296,823680000,823760000,17868,3437
10297,823760000,823840000,22078,4108
10298,823840000,823920000,16296,3568
10299,823920000,824000000,12887,2584
10300,824000000,824080000,19281,3776
10301,824080000,824160000,21307,4149
10302,824160000,824240000,16922,3556
10303,824240000,824320000,12419,2364
10304,824320000,824400000,21480,3981
10305,824400000,824480000,23898,4313
10306,824480000,824560000,16352,3482
10307,824560000,824640000,12097,2294
10308,824640000,824720000,20188,3970
10309,824720000,824800000,22128,4215
10310,824800000,824880000,15754,3361
10311,824880000,824960000,12541,2485
10312,824960000,825040000,21515,4002
10313,825040000,825120000,20130,3885
10314,825120000,825200000,15978,3443
10315,825200000,825280000,13968,2733
10316,825280000,825360000,19992,3998
10317,825360000,825440000,18729,3633
10318,825440000,825520000,16011,3364
10319,825520000,825600000,16370,3081
10320,825600000,825680000,22282,4001
10321,825680000,825760000,18038,3610
10322,825760000,825840000,15443,3129
10323,825840000,825920000,17118,3305
10324,825920000,826000000,21328,4005
10325,826000000,826080000,17455,3590
10326,826080000,826160000,14884,3022
10327,826160000,826240000,18217,3437
10328,826240000,826320000,22439,4119
10329,826320000,826400000,16448,3573
10330,826400000,826480000,13010,2584
10331,826480000,826560000,19467,3775
10332,826560000,826640000,22381,4155
10333,826640000,826720000,16973,3559
10334,826720000,826800000,12643,2364
10335,826800000,826880000,21183,3982
10336,826880000,826960000,23589,4301
10337,826960000,827040000,16314,3483
10338,827040000,827120000,12140,2294
10339,827120000,827200000,20125,3971
10340,827200000,827280000,22365,4222
10341,827280000,827360000,15854,3361
10342,827360000,827440000,13093,2485
10343,827440000,827520000,21944,3999
10344,827520000,827600000,20173,3886
10345,827600000,827680000,16265,3443
10346,827680000,827760000,14181,2733
10347,827760000,827840000,20522,3989
10348,827840000,827920000,18868,3620
10349,827920000,828000000,15947,3364
10350,828000000,828080000,16511,3081
10351,828080000,828160000,22015,4006
10352,828160000,828240000,18249,3617
10353,828240000,828320000,15440,3129
10354,828320000,828400000,17601,3305
10355,828400000,828480000,21325,4006
10356,828480000,828560000,17672,3593
10357,828560000,828640000,14882,3022
10358,828640000,828720000,17787,3437
10359,828720000,828800000,22643,4108
10360,828800000,828880000,16822,3568
10361,828880000,828960000,13032,2584
10362,828960000,829040000,19605,3776
10363,829040000,829120000,22243,4149
10364,829120000,829200000,17071,3556
10365,829200000,829280000,12541,2364
10366,829280000,829360000,21260,3981
10367,829360000,829440000,23988,4307
10368,829440000,829520000,16455,3482
10369,829520000,829600000,12284,2294
10370,829600000,829680000,20247,3970
10371,829680000,829760000,21797,4215
10372,829760000,829840000,15902,3361
10373,829840000,829920000,13011,2485
10374,829920000,830000000,22362,4002
10375,830000000,830080000,20802,3885
10376,830080000,830160000,16296,3443
10377,830160000,830240000,14178,2733
10378,830240000,830320000,19894,3992
10379,830320000,830400000,19014,3621
10380,830400000,830480000,16126,3364
10381,830480000,830560000,16455,3081
10382,830560000,830640000,22788,4001
10383,830640000,830720000,18151,3616
10384,830720000,830800000,15480,3129
10385,830800000,830880000,17588,3305
10386,830880000,830960000,20644,4011
10387,830960000,831040000,17491,3590
10388,831040000,831120000,15197,3022
10389,831120000,831200000,18648,3437
10390,831200000,831280000,22926,4107
10391,831280000,831360000,16835,3573
10392,831360000,831440000,13248,2584
10393,831440000,831520000,19428,3775
10394,831520000,831600000,21826,4155
10395,831600000,831680000,17009,3559
10396,831680000,831760000,12881,2364
10397,831760000,831840000,21807,3982
10398,831840000,831920000,24105,4301
10399,831920000,832000000,16533,3483
10400,832000000,832080000,12214,2294
10401,832080000,832160000,20546,3971
10402,832160000,832240000,22375,4222
10403,832240000,832320000,16219,3361
10404,832320000,832400000,13415,2485
10405,832400000,832480000,22295,3999
10406,832480000,832560000,20617,3886
10407,832560000,832640000,16304,3443
10408,832640000,832720000,13721,2733
10409,832720000,832800000,20520,3995
10410,832800000,832880000,19117,3620
10411,832880000,832960000,15721,3364
10412,832960000,833040000,16620,3081
10413,833040000,833120000,22690,4006
10414,833120000,833200000,18446,3617
10415,833200000,833280000,15230,3129
10416,833280000,833360000,17235,3305
10417,833360000,833440000,21490,4015
10418,833440000,833520000,17710,3596
10419,833520000,833600000,14761,3022
10420,833600000,833680000,18247,3437
10421,833680000,833760000,22270,4108
10422,833760000,833840000,16563,3568
10423,833840000,833920000,13041,2584
10424,833920000,834000000,19892,3776
10425,834000000,834080000,21175,4155
10426,834080000,834160000,17007,3556
10427,834160000,834240000,12278,2364
10428,834240000,834320000,21059,3981
10429,834320000,834400000,23811,4307
10430,834400000,834480000,16193,3482
10431,834480000,834560000,12388,2294
10432,834560000,834640000,20587,3970
10433,834640000,834720000,22744,4215
10434,834720000,834800000,15916,3361
10435,834800000,834880000,13069,2485
10436,834880000,834960000,22265,4002
10437,834960000,835040000,20513,3885
10438,835040000,835120000,16280,3443
10439,835120000,835200000,14319,2733
10440,835200000,835280000,20263,3992
10441,835280000,835360000,19036,3621
10442,835360000,835440000,16026,3364
10443,835440000,835520000,16199,3081
10444,835520000,835600000,22651,4001
10445,835600000,835680000,18295,3610
10446,835680000,835760000,15468,3129
10447,835760000,835840000,17650,3305
10448,835840000,835920000,20746,4005
10449,835920000,836000000,17227,3590
10450,836000000,836080000,14998,3022
10451,836080000,836160000,18204,3437
10452,836160000,836240000,21932,4107
10453,836240000,836320000,16570,3573
10454,836320000,836400000,12991,2584
10455,836400000,836480000,19750,3775
10456,836480000,836560000,21471,4155
10457,836560000,836640000,16979,3559
10458,836640000,836720000,12576,2364
10459,836720000,836800000,21409,3982
10460,836800000,836880000,23858,4301
10461,836880000,836960000,16465,3483
10462,836960000,837040000,12165,2294
10463,837040000,837120000,20646,3971
10464,837120000,837200000,22748,4222
10465,837200000,837280000,16150,3361
10466,837280000,837360000,13458,2485
10467,837360000,837440000,22421,3999
10468,837440000,837520000,20305,3886
10469,837520000,837600000,16558,3443
10470,837600000,837680000,14629,2733
10471,837680000,837760000,20661,3989
10472,837760000,837840000,18816,3620
10473,837840000,837920000,16373,3364
10474,837920000,838000000,17028,3081
10475,838000000,838080000,22438,4006
10476,838080000,838160000,18360,3617
10477,838160000,838240000,15668,3129
10478,838240000,838320000,17480,3305
10479,838320000,838400000,21063,4006
10480,838400000,838480000,17782,3593
10481,838480000,838560000,15209,3022
10482,838560000,838640000,18605,3437
10483,838640000,838720000,22668,4108
10484,838720000,838800000,17041,3568
10485,838800000,838880000,12994,2584
10486,838880000,838960000,19490,3776
10487,838960000,839040000,21797,4149
10488,839040000,839120000,17203,3556
10489,839120000,839200000,12461,2364
10490,839200000,839280000,21479,3981
10491,839280000,839360000,24396,4307
10492,839360000,839440000,16459,3482
10493,839440000,839520000,12465,2294
10494,839520000,839600000,20546,3970
10495,839600000,839680000,22491,4215
10496,839680000,839760000,16217,3361
10497,839760000,839840000,13443,2485
10498,839840000,839920000,22471,4002
10499,839920000,840000000,20497,3885
10500,840000000,840080000,16609,3443
10501,840080000,840160000,14473,2733
10502,840160000,840240000,19887,3998
10503,840240000,840320000,18992,3621
10504,840320000,840400000,16320,3364
10505,840400000,840480000,17338,3081
10506,840480000,840560000,22217,4013
10507,840560000,840640000,18144,3616
10508,840640000,840720000,16060,3129
10509,840720000,840800000,18546,3305
10510,840800000,840880000,21210,4005
10511,840880000,840960000,18055,3596
10512,840960000,841040000,15381,3022
10513,841040000,841120000,18441,3437
10514,841120000,841200000,22603,4107
10515,841200000,841280000,16695,3573
10516,841280000,841360000,13261,2584
10517,841360000,841440000,19392,3775
10518,841440000,841520000,22279,4161
10519,841520000,841600000,16693,3559
10520,841600000,841680000,12034,2364
10521,841680000,841760000,20140,3982
10522,841760000,841840000,22932,4301
10523,841840000,841920000,15795,3483
10524,841920000,842000000,11432,2294
10525,842000000,842080000,19510,3971
10526,842080000,842160000,21729,4222
10527,842160000,842240000,15314,3361
10528,842240000,842320000,12471,2485
10529,842320000,842400000,21215,3999
10530,842400000,842480000,20133,3880
10531,842480000,842560000,15778,3443
10532,842560000,842640000,13301,2733
10533,842640000,842720000,19971,3989
10534,842720000,842800000,18493,3620
10535,842800000,842880000,15453,3364
10536,842880000,842960000,15807,3081
10537,842960000,843040000,21320,4006
10538,843040000,843120000,17844,3617
10539,843120000,843200000,14952,3129
10540,843200000,843280000,16767,3305
10541,843280000,843360000,20668,4006
10542,843360000,843440000,17358,3593
10543,843440000,843520000,14638,3022
10544,843520000,843600000,17369,3437
10545,843600000,843680000,21318,4108
10546,843680000,843760000,15996,3568
10547,843760000,843840000,12598,2584
10548,843840000,843920000,18562,3776
10549,843920000,844000000,21330,4149
10550,844000000,844080000,16512,3556
10551,844080000,844160000,12319,2364
10552,844160000,844240000,20853,3981
10553,844240000,844320000,23481,4307
10554,844320000,844400000,16078,3482
10555,844400000,844480000,11998,2294
10556,844480000,844560000,19831,3970
10557,844560000,844640000,21940,4215
10558,844640000,844720000,15646,3361
10559,844720000,844800000,12599,2485
10560,844800000,844880000,21361,4008
10561,844880000,844960000,19769,3891
10562,844960000,845040000,15895,3443
10563,845040000,845120000,14022,2733
10564,845120000,845200000,19796,3992
10565,845200000,845280000,18640,3621
10566,845280000,845360000,15813,3364
10567,845360000,845440000,16161,3081
10568,845440000,845520000,22269,4001
10569,845520000,845600000,17861,3610
10570,845600000,845680000,15538,3129
10571,845680000,845760000,17360,3305
10572,845760000,845840000,20826,4005
10573,845840000,845920000,17565,3590
10574,845920000,846000000,14914,3022
10575,846000000,846080000,17958,3437
10576,846080000,846160000,22612,4107
10577,846160000,846240000,16631,3573
10578,846240000,846320000,12737,2584
10579,846320000,846400000,18754,3775
10580,846400000,846480000,21577,4155
10581,846480000,846560000,16513,3559
10582,846560000,846640000,12454,2364
10583,846640000,846720000,21100,3982
10584,846720000,846800000,23947,4301
10585,846800000,846880000,16038,3483
10586,846880000,846960000,12222,2294
10587,846960000,847040000,20434,3971
10588,847040000,847120000,22420,4222
10589,847120000,847200000,15849,3361
10590,847200000,847280000,13143,2485
10591,847280000,847360000,22007,3999
10592,847360000,847440000,20306,3880
10593,847440000,847520000,16227,3443
10594,847520000,847600000,14155,2733
10595,847600000,847680000,20470,4001
10596,847680000,847760000,18953,3626
10597,847760000,847840000,16018,3364
10598,847840000,847920000,16587,3081
10599,847920000,848000000,21882,4006
10600,848000000,848080000,18485,3617
10601,848080000,848160000,15623,3129
10602,848160000,848240000,17310,3305
10603,848240000,848320000,21619,4006
10604,848320000,848400000,17808,3593
10605,848400000,848480000,15089,3022
10606,848480000,848560000,18066,3437
10607,848560000,848640000,22073,4120
10608,848640000,848720000,16610,3568
10609,848720000,848800000,13140,2584
10610,848800000,848880000,19457,3776
10611,848880000,848960000,21960,4149
10612,848960000,849040000,16825,3556
10613,849040000,849120000,12682,2364
10614,849120000,849200000,21048,3981
10615,849200000,849280000,23853,4307
10616,849280000,849360000,16198,3482
10617,849360000,849440000,12255,2294
10618,849440000,849520000,20332,3970
10619,849520000,849600000,21898,4215
10620,849600000,849680000,15970,3361
10621,849680000,849760000,13318,2485
10622,849760000,849840000,22135,4002
10623,849840000,849920000,20217,3885
10624,849920000,850000000,16546,3443
10625,850000000,850080000,14407,2733
10626,850080000,850160000,20402,3992
10627,850160000,850240000,18920,3627
10628,850240000,850320000,16148,3364
10629,850320000,850400000,16613,3081
10630,850400000,850480000,22450,4001
10631,850480000,850560000,18055,3610
10632,850560000,850640000,15365,3129
10633,850640000,850720000,17305,3305
10634,850720000,850800000,21187,4005
10635,850800000,850880000,17051,3590
10636,850880000,850960000,14946,3022
10637,850960000,851040000,18107,3437
10638,851040000,851120000,22041,4115
10639,851120000,851200000,16637,3573
10640,851200000,851280000,13061,2584
10641,851280000,851360000,19607,3779
10642,851360000,851440000,21592,4165
10643,851440000,851520000,16892,3559
10644,851520000,851600000,12688,2364
10645,851600000,851680000,21617,3992
10646,851680000,851760000,23452,4301
10647,851760000,851840000,16229,3483
10648,851840000,851920000,12063,2294
10649,851920000,852000000,20620,3981
10650,852000000,852080000,22501,4222
10651,852080000,852160000,15686,3361
10652,852160000,852240000,13160,2485
10653,852240000,852320000,22261,4009
10654,852320000,852400000,20124,3880
10655,852400000,852480000,16195,3443
10656,852480000,852560000,13885,2733
10657,852560000,852640000,20529,3992
10658,852640000,852720000,18949,3623
10659,852720000,852800000,15864,3364
10660,852800000,852880000,16486,3081
10661,852880000,852960000,21903,4006
10662,852960000,853040000,18417,3617
10663,853040000,853120000,15156,3129
10664,853120000,853200000,16901,3305
10665,853200000,853280000,21378,4006
10666,853280000,853360000,17529,3593
10667,853360000,853440000,14727,3022
10668,853440000,853520000,17761,3437
10669,853520000,853600000,21930,4108
10670,853600000,853680000,16487,3568
10671,853680000,853760000,12998,2584
10672,853760000,853840000,19468,3776
10673,853840000,853920000,21644,4152
10674,853920000,854000000,16980,3559
10675,854000000,854080000,12530,2364
10676,854080000,854160000,21588,3981
10677,854160000,854240000,23740,4307
10678,854240000,854320000,16455,3482
10679,854320000,854400000,12517,2294
10680,854400000,854480000,20669,3970
10681,854480000,854560000,22312,4215
10682,854560000,854640000,16069,3361
10683,854640000,854720000,13244,2485
10684,854720000,854800000,22166,4002
10685,854800000,854880000,20025,3891
10686,854880000,854960000,16197,3443
10687,854960000,855040000,14165,2733
10688,855040000,855120000,19871,3992
10689,855120000,855200000,18357,3621
10690,855200000,855280000,16043,3364
10691,855280000,855360000,16140,3081
10692,855360000,855440000,22196,4001
10693,855440000,855520000,17785,3610
10694,855520000,855600000,15761,3129
10695,855600000,855680000,17596,3305
10696,855680000,855760000,20113,4014
10697,855760000,855840000,17150,3593
10698,855840000,855920000,15030,3021
10699,855920000,856000000,18218,3437
10700,856000000,856080000,22107,4107
10701,856080000,856160000,16379,3573
10702,856160000,856240000,12693,2584
10703,856240000,856320000,18709,3775
10704,856320000,856400000,21413,4155
10705,856400000,856480000,16754,3559
10706,856480000,856560000,12231,2364
10707,856560000,856640000,20752,3982
10708,856640000,856720000,23312,4301
10709,856720000,856800000,16407,3483
10710,856800000,856880000,12013,2294
10711,856880000,856960000,20257,3977
10712,856960000,857040000,22156,4222
10713,857040000,857120000,16198,3361
10714,857120000,857200000,13028,2485
10715,857200000,857280000,21652,3999
10716,857280000,857360000,19932,3880
10717,857360000,857440000,16362,3443
10718,857440000,857520000,13882,2733
10719,857520000,857600000,20295,3989
10720,857600000,857680000,18522,3620
10721,857680000,857760000,16039,3364
10722,857760000,857840000,16245,3081
10723,857840000,857920000,21657,4006
10724,857920000,858000000,18127,3617
10725,858000000,858080000,15619,3133
10726,858080000,858160000,17009,3305
10727,858160000,858240000,21092,4006
10728,858240000,858320000,17632,3593
10729,858320000,858400000,15288,3036
10730,858400000,858480000,18031,3445
10731,858480000,858560000,22026,4108
10732,858560000,858640000,16697,3568
10733,858640000,858720000,13126,2598
10734,858720000,858800000,19397,3786
10735,858800000,858880000,22072,4149
10736,858880000,858960000,16836,3556
10737,858960000,859040000,12705,2380
10738,859040000,859120000,21152,3991
10739,859120000,859200000,23527,4313
10740,859200000,859280000,16427,3486
10741,859280000,859360000,12104,2304
10742,859360000,859440000,20319,3980
10743,859440000,859520000,22352,4215
10744,859520000,859600000,16171,3371
10745,859600000,859680000,12942,2489
10746,859680000,859760000,22131,4018
10747,859760000,859840000,20002,3885
10748,859840000,859920000,16198,3453
10749,859920000,860000000,12856,2733
10750,860000000,860080000,19542,4002
10751,860080000,860160000,19039,3621
10752,860160000,860240000,15535,3364
10753,860240000,860320000,15764,3081
10754,860320000,860400000,22161,4001
10755,860400000,860480000,17825,3610
10756,860480000,860560000,15268,3129
10757,860560000,860640000,16967,3305
10758,860640000,860720000,20490,4005
10759,860720000,860800000,17611,3590
10760,860800000,860880000,14955,3022
10761,860880000,860960000,18019,3437
10762,860960000,861040000,22835,4107
10763,861040000,861120000,16782,3573
10764,861120000,861200000,13092,2584
10765,861200000,861280000,19456,3775
10766,861280000,861360000,21975,4155
10767,861360000,861440000,17125,3559
10768,861440000,861520000,12739,2364
10769,861520000,861600000,21127,3982
10770,861600000,861680000,23418,4301
10771,861680000,861760000,16544,3483
10772,861760000,861840000,12157,2294
10773,861840000,861920000,20390,3971
10774,861920000,862000000,22788,4222
10775,862000000,862080000,16106,3361
10776,862080000,862160000,12974,2485
10777,862160000,862240000,21973,3999
10778,862240000,862320000,20477,3880
10779,862320000,862400000,16600,3443
10780,862400000,862480000,13966,2733
10781,862480000,862560000,20274,3989
10782,862560000,862640000,19160,3620
10783,862640000,862720000,16027,3364
10784,862720000,862800000,15838,3081
10785,862800000,862880000,22163,4012
10786,862880000,862960000,18457,3623
10787,862960000,863040000,15359,3129
10788,863040000,863120000,17032,3305
10789,863120000,863200000,21551,4006
10790,863200000,863280000,17451,3599
10791,863280000,863360000,15083,3022
10792,863360000,863440000,18070,3437
10793,863440000,863520000,22118,4114
10794,863520000,863600000,16487,3568
10795,863600000,863680000,13165,2584
10796,863680000,863760000,19031,3776
10797,863760000,863840000,21662,4155
10798,863840000,863920000,16913,3556
10799,863920000,864000000,12318,2364
10800,864000000,864080000,20967,3981
10801,864080000,864160000,23647,4307
10802,864160000,864240000,16434,3482
10803,864240000,864320000,12015,2294
10804,864320000,864400000,20157,3976
10805,864400000,864480000,22665,4215
10806,864480000,864560000,15961,3361
10807,864560000,864640000,12355,2485
10808,864640000,864720000,21730,4002
10809,864720000,864800000,20365,3885
10810,864800000,864880000,16090,3443
10811,864880000,864960000,13589,2733
10812,864960000,865040000,20398,3992
10813,865040000,865120000,19255,3621
10814,865120000,865200000,16008,3364
10815,865200000,865280000,15984,3081
10816,865280000,865360000,22485,4001
10817,865360000,865440000,18329,3610
10818,865440000,865520000,15390,3129
10819,865520000,865600000,16644,3305
10820,865600000,865680000,21241,4005
10821,865680000,865760000,17324,3590
10822,865760000,865840000,14867,3022
10823,865840000,865920000,17830,3437
10824,865920000,866000000,22352,4107
10825,866000000,866080000,16413,3573
10826,866080000,866160000,12879,2584
10827,866160000,866240000,19018,3775
10828,866240000,866320000,21696,4155
10829,866320000,866400000,16732,3559
10830,866400000,866480000,12702,2364
10831,866480000,866560000,21376,3982
10832,866560000,866640000,23445,4307
10833,866640000,866720000,16540,3483
10834,866720000,866800000,12148,2294
10835,866800000,866880000,19992,3971
10836,866880000,866960000,22253,4222
10837,866960000,867040000,16256,3361
10838,867040000,867120000,13184,2485
10839,867120000,867200000,21765,3999
10840,867200000,867280000,20399,3880
10841,867280000,867360000,16624,3443
10842,867360000,867440000,14061,2733
10843,867440000,867520000,20559,3989
10844,867520000,867600000,19180,3620
10845,867600000,867680000,16438,3364
10846,867680000,867760000,16796,3081
10847,867760000,867840000,21987,4006
10848,867840000,867920000,18158,3617
10849,867920000,868000000,16157,3129
10850,868000000,868080000,17990,3305
10851,868080000,868160000,21639,4006
10852,868160000,868240000,17838,3593
10853,868240000,868320000,14824,3022
10854,868320000,868400000,17300,3437
10855,868400000,868480000,21676,4108
10856,868480000,868560000,16624,3568
10857,868560000,868640000,12442,2584
10858,868640000,868720000,19131,3776
10859,868720000,868800000,21989,4149
10860,868800000,868880000,16680,3556
10861,868880000,868960000,12167,2364
10862,868960000,869040000,20924,3981
10863,869040000,869120000,23822,4307
10864,869120000,869200000,16128,3482
10865,869200000,869280000,11586,2294
10866,869280000,869360000,20204,3970
10867,869360000,869440000,22057,4215
10868,869440000,869520000,15567,3361
10869,869520000,869600000,12438,2485
10870,869600000,869680000,21672,4002
10871,869680000,869760000,20629,3885
10872,869760000,869840000,15962,3443
10873,869840000,869920000,13618,2733
10874,869920000,870000000,20104,4001
10875,870000000,870080000,18782,3630
10876,870080000,870160000,15891,3364
10877,870160000,870240000,16245,3081
10878,870240000,870320000,22085,4001
10879,870320000,870400000,18219,3610
10880,870400000,870480000,15275,3129
10881,870480000,870560000,17258,3305
10882,870560000,870640000,21222,4005
10883,870640000,870720000,17440,3590
10884,870720000,870800000,14725,3022
10885,870800000,870880000,18340,3437
10886,870880000,870960000,22136,4119
10887,870960000,871040000,16931,3573
10888,871040000,871120000,12584,2584
10889,871120000,871200000,18974,3775
10890,871200000,871280000,21743,4155
10891,871280000,871360000,16743,3559
10892,871360000,871440000,12331,2364
10893,871440000,871520000,21052,3982
10894,871520000,871600000,23625,4301
10895,871600000,871680000,16251,3483
10896,871680000,871760000,11817,2294
10897,871760000,871840000,20267,3971
10898,871840000,871920000,22299,4222
10899,871920000,872000000,15861,3361
10900,872000000,872080000,12890,2485
10901,872080000,872160000,21794,3999
10902,872160000,872240000,20284,3880
10903,872240000,872320000,16289,3443
10904,872320000,872400000,13803,2733
10905,872400000,872480000,20489,3989
10906,872480000,872560000,19093,3620
10907,872560000,872640000,16065,3364
10908,872640000,872720000,16786,3081
10909,872720000,872800000,22291,4012
10910,872800000,872880000,18148,3617
10911,872880000,872960000,15435,3129
10912,872960000,873040000,17040,3305
10913,873040000,873120000,21536,4012
10914,873120000,873200000,17680,3593
10915,873200000,873280000,14613,3022
10916,873280000,873360000,18092,3437
10917,873360000,873440000,21958,4108
10918,873440000,873520000,16687,3574
10919,873520000,873600000,12869,2584
10920,873600000,873680000,19651,3776
10921,873680000,873760000,21773,4149
10922,873760000,873840000,16883,3556
10923,873840000,873920000,12074,2364
10924,873920000,874000000,20649,3981
10925,874000000,874080000,23961,4307
10926,874080000,874160000,16061,3482
10927,874160000,874240000,12073,2294
10928,874240000,874320000,20193,3970
10929,874320000,874400000,22279,4215
10930,874400000,874480000,15841,3361
10931,874480000,874560000,12745,2485
10932,874560000,874640000,22027,4002
10933,874640000,874720000,20356,3885
10934,874720000,874800000,16248,3443
10935,874800000,874880000,13890,2733
10936,874880000,874960000,20073,3992
10937,874960000,875040000,18988,3621
10938,875040000,875120000,15973,3364
10939,875120000,875200000,15858,3081
10940,875200000,875280000,22496,4001
10941,875280000,875360000,18394,3610
10942,875360000,875440000,15471,3129
10943,875440000,875520000,17426,3305
10944,875520000,875600000,20791,4005
10945,875600000,875680000,17422,3590
10946,875680000,875760000,14927,3022
10947,875760000,875840000,18197,3437
10948,875840000,875920000,21921,4107
10949,875920000,876000000,16474,3579
10950,876000000,876080000,12883,2584
10951,876080000,876160000,19486,3775
10952,876160000,876240000,21814,4155
10953,876240000,876320000,16837,3559
10954,876320000,876400000,12436,2364
10955,876400000,876480000,21196,3982
10956,876480000,876560000,23202,4301
10957,876560000,876640000,16484,3483
10958,876640000,876720000,12117,2294
10959,876720000,876800000,20384,3971
10960,876800000,876880000,22248,4222
10961,876880000,876960000,16257,3361
10962,876960000,877040000,13337,2485
10963,877040000,877120000,21999,3999
10964,877120000,877200000,19875,3886
10965,877200000,877280000,16391,3443
10966,877280000,877360000,14112,2733
10967,877360000,877440000,20060,3998
10968,877440000,877520000,18839,3623
10969,877520000,877600000,16118,3364
10970,877600000,877680000,16864,3081
10971,877680000,877760000,21776,4006
10972,877760000,877840000,18024,3617
10973,877840000,877920000,15602,3129
10974,877920000,878000000,17558,3305
10975,878000000,878080000,21170,4015
10976,878080000,878160000,18131,3596
10977,878160000,878240000,15127,3022
10978,878240000,878320000,18611,3437
10979,878320000,878400000,22329,4108
10980,878400000,878480000,16744,3568
10981,878480000,878560000,12412,2584
10982,878560000,878640000,18513,3776
10983,878640000,878720000,21801,4149
10984,878720000,878800000,16807,3556
10985,878800000,878880000,11947,2364
10986,878880000,878960000,20713,3981
10987,878960000,879040000,23463,4307
10988,879040000,879120000,16103,3482
10989,879120000,879200000,11766,2294
10990,879200000,879280000,20137,3970
10991,879280000,879360000,21882,4215
10992,879360000,879440000,15559,3361
10993,879440000,879520000,12414,2485
10994,879520000,879600000,21642,4002
10995,879600000,879680000,20484,3885
10996,879680000,879760000,15889,3443
10997,879760000,879840000,13347,2733
10998,879840000,879920000,19622,3992
10999,879920000,880000000,18579,3621
11000,880000000,880080000,15688,3364
11001,880080000,880160000,16237,3081
11002,880160000,880240000,22112,4007
11003,880240000,880320000,17684,3610
11004,880320000,880400000,15571,3129
11005,880400000,880480000,17516,3305
11006,880480000,880560000,20633,4005
11007,880560000,880640000,17485,3590
11008,880640000,880720000,15027,3022
11009,880720000,880800000,18255,3437
11010,880800000,880880000,22947,4107
11011,880880000,880960000,16794,3573
11012,880960000,881040000,13079,2584
11013,881040000,881120000,19707,3775
11014,881120000,881200000,21496,4155
11015,881200000,881280000,17039,3559
11016,881280000,881360000,12592,2364
11017,881360000,881440000,21470,3982
11018,881440000,881520000,23341,4301
11019,881520000,881600000,16491,3483
11020,881600000,881680000,12067,2294
11021,881680000,881760000,20601,3971
11022,881760000,881840000,22219,4222
11023,881840000,881920000,15927,3361
11024,881920000,882000000,12932,2485
11025,882000000,882080000,22150,3999
11026,882080000,882160000,20296,3880
11027,882160000,882240000,16273,3443
11028,882240000,882320000,13721,2733
11029,882320000,882400000,20185,3989
11030,882400000,882480000,18828,3626
11031,882480000,882560000,15994,3364
11032,882560000,882640000,16454,3081
11033,882640000,882720000,22401,4006
11034,882720000,882800000,18333,3623
11035,882800000,882880000,15528,3129
11036,882880000,882960000,17382,3305
11037,882960000,883040000,21135,4006
11038,883040000,883120000,17476,3593
11039,883120000,883200000,14989,3022
11040,883200000,883280000,18244,3437
11041,883280000,883360000,22507,4108
11042,883360000,883440000,16711,3568
11043,883440000,883520000,13114,2584
11044,883520000,883600000,19799,3776
11045,883600000,883680000,22078,4149
11046,883680000,883760000,17261,3556
11047,883760000,883840000,12817,2364
11048,883840000,883920000,22061,3981
11049,883920000,884000000,24275,4313
11050,884000000,884080000,16736,3482
11051,884080000,884160000,12194,2294
11052,884160000,884240000,20810,3970
11053,884240000,884320000,22049,4215
11054,884320000,884400000,16227,3361
11055,884400000,884480000,12968,2485
11056,884480000,884560000,22374,4002
11057,884560000,884640000,20578,3885
11058,884640000,884720000,16295,3443
11059,884720000,884800000,13951,2733
11060,884800000,884880000,20846,3992
11061,884880000,884960000,19053,3621
11062,884960000,885040000,16065,3364
11063,885040000,885120000,16299,3081
11064,885120000,885200000,22476,4013
11065,885200000,885280000,18486,3616
11066,885280000,885360000,15752,3129
11067,885360000,885440000,17660,3305
11068,885440000,885520000,21755,4005
11069,885520000,885600000,17618,3590
11070,885600000,885680000,15175,3022
11071,885680000,885760000,18431,3437
11072,885760000,885840000,22943,4107
11073,885840000,885920000,16745,3573
11074,885920000,886000000,13041,2584
11075,886000000,886080000,19145,3775
11076,886080000,886160000,21906,4161
11077,886160000,886240000,16748,3559
11078,886240000,886320000,11977,2364
11079,886320000,886400000,20791,3982
11080,886400000,886480000,23432,4301
11081,886480000,886560000,16024,3483
11082,886560000,886640000,11777,2294
11083,886640000,886720000,20108,3971
11084,886720000,886800000,21795,4228
11085,886800000,886880000,15719,3361
11086,886880000,886960000,12830,2485
11087,886960000,887040000,21561,3999
11088,887040000,887120000,20098,3880
11089,887120000,887200000,15890,3443
11090,887200000,887280000,13721,2733
11091,887280000,887360000,20401,3995
11092,887360000,887440000,18917,3620
11093,887440000,887520000,15578,3364
11094,887520000,887600000,16218,3081
11095,887600000,887680000,22223,4006
11096,887680000,887760000,18396,3617
11097,887760000,887840000,15220,3129
11098,887840000,887920000,16937,3305
11099,887920000,888000000,20817,4006
11100,888000000,888080000,17701,3593
11101,888080000,888160000,14523,3022
11102,888160000,888240000,17352,3437
11103,888240000,888320000,22336,4108
11104,888320000,888400000,16328,3568
11105,888400000,888480000,12499,2584
11106,888480000,888560000,18697,3776
11107,888560000,888640000,21363,4149
11108,888640000,888720000,16517,3556
11109,888720000,888800000,12128,2364
11110,888800000,888880000,20712,3987
11111,888880000,888960000,23369,4307
11112,888960000,889040000,15881,3482
11113,889040000,889120000,11795,2294
11114,889120000,889200000,19533,3970
11115,889200000,889280000,21800,4215
11116,889280000,889360000,15628,3361
11117,889360000,889440000,12815,2485
11118,889440000,889520000,21701,4002
11119,889520000,889600000,19983,3885
11120,889600000,889680000,16012,3443
11121,889680000,889760000,13663,2733
11122,889760000,889840000,19556,3992
11123,889840000,889920000,19167,3621
11124,889920000,890000000,15773,3364
11125,890000000,890080000,16327,3081
11126,890080000,890160000,22166,4001
11127,890160000,890240000,17959,3610
11128,890240000,890320000,15209,3129
11129,890320000,890400000,16972,3305
11130,890400000,890480000,21070,4005
11131,890480000,890560000,17663,3590
11132,890560000,890640000,14521,3022
11133,890640000,890720000,17617,3437
11134,890720000,890800000,22317,4107
11135,890800000,890880000,16477,3579
11136,890880000,890960000,12527,2584
11137,890960000,891040000,18931,3775
11138,891040000,891120000,21322,4163
11139,891120000,891200000,16847,3559
11140,891200000,891280000,12330,2364
11141,891280000,891360000,21402,3982
11142,891360000,891440000,23494,4301
11143,891440000,891520000,16076,3483
11144,891520000,891600000,11979,2294
11145,891600000,891680000,19834,3977
11146,891680000,891760000,22701,4222
11147,891760000,891840000,15818,3361
11148,891840000,891920000,13149,2485
11149,891920000,892000000,21988,3999
11150,892000000,892080000,20129,3880
11151,892080000,892160000,16239,3443
11152,892160000,892240000,14001,2733
11153,892240000,892320000,19933,3995
11154,892320000,892400000,18762,3626
11155,892400000,892480000,16064,3364
11156,892480000,892560000,16830,3081
11157,892560000,892640000,22007,4006
11158,892640000,892720000,17867,3617
11159,892720000,892800000,15194,3129
11160,892800000,892880000,16763,3305
11161,892880000,892960000,20626,4012
11162,892960000,893040000,17842,3593
11163,893040000,893120000,14477,3022
11164,893120000,893200000,17642,3437
11165,893200000,893280000,22812,4120
11166,893280000,893360000,16215,3574
11167,893360000,893440000,12745,2584
11168,893440000,893520000,19212,3776
11169,893520000,893600000,21469,4149
11170,893600000,893680000,17097,3556
11171,893680000,893760000,12296,2364
11172,893760000,893840000,21254,3981
11173,893840000,893920000,23772,4307
11174,893920000,894000000,16379,3482
11175,894000000,894080000,12376,2294
11176,894080000,894160000,20271,3970
11177,894160000,894240000,22721,4215
11178,894240000,894320000,16109,3361
11179,894320000,894400000,13128,2485
11180,894400000,894480000,22054,4002
11181,894480000,894560000,20180,3885
11182,894560000,894640000,16411,3443
11183,894640000,894720000,14446,2733
11184,894720000,894800000,19719,3992
11185,894800000,894880000,18986,3627
11186,894880000,894960000,16378,3364
11187,894960000,895040000,16558,3081
11188,895040000,895120000,22490,4001
11189,895120000,895200000,18130,3610
11190,895200000,895280000,15670,3129
11191,895280000,895360000,17675,3305
11192,895360000,895440000,21017,4005
11193,895440000,895520000,17523,3590
11194,895520000,895600000,14764,3022
11195,895600000,895680000,17808,3437
11196,895680000,895760000,22392,4107
11197,895760000,895840000,16256,3573
11198,895840000,895920000,12710,2584
11199,895920000,896000000,19046,3775
11200,896000000,896080000,22400,4155
11201,896080000,896160000,16737,3559
11202,896160000,896240000,12294,2364
11203,896240000,896320000,21115,3982
11204,896320000,896400000,23964,4301
11205,896400000,896480000,16319,3483
11206,896480000,896560000,12207,2294
11207,896560000,896640000,20538,3971
11208,896640000,896720000,22884,4222
11209,896720000,896800000,16184,3361
11210,896800000,896880000,13384,2485
11211,896880000,896960000,22328,3999
11212,896960000,897040000,20252,3880
11213,897040000,897120000,16479,3443
11214,897120000,897200000,14352,2733
11215,897200000,897280000,20469,3989
11216,897280000,897360000,18766,3620
11217,897360000,897440000,16003,3364
11218,897440000,897520000,16268,3081
11219,897520000,897600000,22366,4006
11220,897600000,897680000,18162,3617
11221,897680000,897760000,15452,3129
11222,897760000,897840000,17126,3305
11223,897840000,897920000,21020,4006
11224,897920000,898000000,17778,3593
11225,898000000,898080000,15030,3022
11226,898080000,898160000,18241,3437
11227,898160000,898240000,22683,4114
11228,898240000,898320000,16388,3568
11229,898320000,898400000,12743,2584
11230,898400000,898480000,19140,3776
11231,898480000,898560000,21555,4155
11232,898560000,898640000,16887,3556
11233,898640000,898720000,12259,2364
11234,898720000,898800000,21092,3981
11235,898800000,898880000,23909,4313
11236,898880000,898960000,16206,3482
11237,898960000,899040000,12211,2294
11238,899040000,899120000,20448,3970
11239,899120000,899200000,22229,4215
11240,899200000,899280000,16074,3361
11241,899280000,899360000,13163,2485
11242,899360000,899440000,21998,4002
11243,899440000,899520000,20438,3891
11244,899520000,899600000,16273,3443
11245,899600000,899680000,13585,2733
11246,899680000,899760000,19886,3992
11247,899760000,899840000,18949,3621
11248,899840000,899920000,15711,3364
11249,899920000,900000000,16544,3081
11250,900000000,900080000,22061,4001
11251,900080000,900160000,17773,3616
11252,900160000,900240000,15677,3129
11253,900240000,900320000,17774,3305
11254,900320000,900400000,20405,4014
11255,900400000,900480000,17498,3593
11256,900480000,900560000,15178,3022
11257,900560000,900640000,18211,3437
11258,900640000,900720000,22396,4107
11259,900720000,900800000,16703,3573
11260,900800000,900880000,13075,2584
11261,900880000,900960000,19544,3775
11262,900960000,901040000,22137,4155
11263,901040000,901120000,17069,3559
11264,901120000,901200000,12627,2364
11265,901200000,901280000,20932,3982
11266,901280000,901360000,23004,4301
11267,901360000,901440000,16426,3483
11268,901440000,901520000,12267,2294
11269,901520000,901600000,20505,3971
11270,901600000,901680000,22798,4222
11271,901680000,901760000,16060,3361
11272,901760000,901840000,12999,2485
11273,901840000,901920000,21983,3999
11274,901920000,902000000,20464,3880
11275,902000000,902080000,16440,3443
11276,902080000,902160000,13919,2733
11277,902160000,902240000,20536,3989
11278,902240000,902320000,19339,3620
11279,902320000,902400000,16147,3364
11280,902400000,902480000,16317,3081
11281,902480000,902560000,22466,4006
11282,902560000,902640000,18463,3617
11283,902640000,902720000,15720,3129
11284,902720000,902800000,17520,3305
11285,902800000,902880000,21230,4006
11286,902880000,902960000,17767,3599
11287,902960000,903040000,15308,3022
11288,903040000,903120000,18411,3437
11289,903120000,903200000,22047,4108
11290,903200000,903280000,16615,3568
11291,903280000,903360000,13413,2584
11292,903360000,903440000,19806,3776
11293,903440000,903520000,21641,4149
11294,903520000,903600000,17473,3556
11295,903600000,903680000,12903,2364
11296,903680000,903760000,21965,3981
11297,903760000,903840000,23933,4307
11298,903840000,903920000,16859,3482
11299,903920000,904000000,12576,2294
11300,904000000,904080000,20750,3970
11301,904080000,904160000,22170,4215
11302,904160000,904240000,16241,3361
11303,904240000,904320000,12697,2485
11304,904320000,904400000,21930,4002
11305,904400000,904480000,20854,3885
11306,904480000,904560000,16121,3443
11307,904560000,904640000,14092,2733
11308,904640000,904720000,20533,3992
11309,904720000,904800000,19172,3621
11310,904800000,904880000,16135,3364
11311,904880000,904960000,16597,3081
11312,904960000,905040000,22460,4001
11313,905040000,905120000,18245,3610
11314,905120000,905200000,15645,3129
11315,905200000,905280000,17495,3305
11316,905280000,905360000,21273,4011
11317,905360000,905440000,17639,3590
11318,905440000,905520000,15063,3022
11319,905520000,905600000,18653,3437
11320,905600000,905680000,23056,4107
11321,905680000,905760000,16646,3573
11322,905760000,905840000,13148,2584
11323,905840000,905920000,19959,3775
11324,905920000,906000000,22220,4155
11325,906000000,906080000,17192,3559
11326,906080000,906160000,12784,2364
11327,906160000,906240000,21729,3982
11328,906240000,906320000,23848,4301
11329,906320000,906400000,16452,3483
11330,906400000,906480000,12096,2294
11331,906480000,906560000,20174,3971
11332,906560000,906640000,22461,4222
11333,906640000,906720000,15777,3361
11334,906720000,906800000,12967,2485
11335,906800000,906880000,21917,3999
11336,906880000,906960000,20112,3880
11337,906960000,907040000,16154,3443
11338,907040000,907120000,14000,2733
11339,907120000,907200000,20030,3992
11340,907200000,907280000,19027,3623
11341,907280000,907360000,15960,3364
11342,907360000,907440000,16584,3081
11343,907440000,907520000,21842,4012
11344,907520000,907600000,17713,3623
11345,907600000,907680000,15638,3129
11346,907680000,907760000,17743,3305
11347,907760000,907840000,21191,4006
11348,907840000,907920000,17576,3593
11349,907920000,908000000,15003,3022
11350,908000000,908080000,17765,3437
11351,908080000,908160000,22122,4108
11352,908160000,908240000,16402,3568
11353,908240000,908320000,13046,2584
11354,908320000,908400000,19444,3776
11355,908400000,908480000,22119,4155
11356,908480000,908560000,16865,3556
11357,908560000,908640000,12402,2364
11358,908640000,908720000,21027,3981
11359,908720000,908800000,23556,4307
11360,908800000,908880000,16291,3482
11361,908880000,908960000,12082,2294
11362,908960000,909040000,20207,3970
11363,909040000,909120000,22539,4215
11364,909120000,909200000,15828,3361
11365,909200000,909280000,12900,2485
11366,909280000,909360000,22133,4002
11367,909360000,909440000,20236,3885
11368,909440000,909520000,16294,3443
11369,909520000,909600000,14084,2733
11370,909600000,909680000,20004,3992
11371,909680000,909760000,19099,3621
11372,909760000,909840000,16130,3364
11373,909840000,909920000,16549,3081
11374,909920000,910000000,22284,4001
11375,910000000,910080000,17964,3610
11376,910080000,910160000,15669,3129
11377,910160000,910240000,17781,3305
11378,910240000,910320000,21087,4005
11379,910320000,910400000,17466,3590
11380,910400000,910480000,15354,3022
11381,910480000,910560000,18844,3437
11382,910560000,910640000,22620,4107
11383,910640000,910720000,16725,3573
11384,910720000,910800000,13263,2584
11385,910800000,910880000,19680,3778
11386,910880000,910960000,21603,4158
11387,910960000,911040000,17076,3559
11388,911040000,911120000,12800,2364
11389,911120000,911200000,21646,3982
11390,911200000,911280000,23433,4307
11391,911280000,911360000,16522,3483
11392,911360000,911440000,12358,2294
11393,911440000,911520000,20356,3971
11394,911520000,911600000,22042,4228
11395,911600000,911680000,16282,3361
11396,911680000,911760000,13391,2485
11397,911760000,911840000,22279,3999
11398,911840000,911920000,20403,3880
11399,911920000,912000000,16565,3443
11400,912000000,912080000,13888,2733
11401,912080000,912160000,20347,3992
11402,912160000,912240000,19237,3623
11403,912240000,912320000,16152,3364
11404,912320000,912400000,16865,3081
11405,912400000,912480000,22721,4006
11406,912480000,912560000,18048,3617
11407,912560000,912640000,15755,3129
11408,912640000,912720000,17486,3305
11409,912720000,912800000,21203,4006
11410,912800000,912880000,17573,3599
11411,912880000,912960000,14955,3022
11412,912960000,913040000,18220,3437
11413,913040000,913120000,22635,4108
11414,913120000,913200000,16315,3568
11415,913200000,913280000,13031,2584
11416,913280000,913360000,19686,3776
11417,913360000,913440000,21382,4149
11418,913440000,913520000,17192,3556
11419,913520000,913600000,12394,2364
11420,913600000,913680000,21483,3981
11421,913680000,913760000,23572,4307
11422,913760000,913840000,16432,3482
11423,913840000,913920000,12536,2294
11424,913920000,914000000,20398,3970
11425,914000000,914080000,22371,4215
11426,914080000,914160000,16243,3361
11427,914160000,914240000,13309,2485
11428,914240000,914320000,22483,4002
11429,914320000,914400000,20419,3885
11430,914400000,914480000,16623,3443
11431,914480000,914560000,14606,2733
11432,914560000,914640000,20312,3998
11433,914640000,914720000,19106,3627
11434,914720000,914800000,16467,3364
11435,914800000,914880000,16696,3081
11436,914880000,914960000,22836,4001
11437,914960000,915040000,18163,3610
11438,915040000,915120000,16015,3129
11439,915120000,915200000,18252,3305
11440,915200000,915280000,20837,4011
11441,915280000,915360000,17611,3590
11442,915360000,915440000,15268,3022
11443,915440000,915520000,18446,3437
11444,915520000,915600000,22428,4113
11445,915600000,915680000,16737,3573
11446,915680000,915760000,12851,2584
11447,915760000,915840000,19723,3775
11448,915840000,915920000,22582,4155
11449,915920000,916000000,17244,3559
11450,916000000,916080000,12016,2364
11451,916080000,916160000,20877,3982
11452,916160000,916240000,24137,4307
11453,916240000,916320000,16636,3483
11454,916320000,916400000,11620,2294
11455,916400000,916480000,20227,3971
11456,916480000,916560000,22450,4222
11457,916560000,916640000,16270,3361
11458,916640000,916720000,12836,2485
11459,916720000,916800000,21814,3999
11460,916800000,916880000,20709,3880
11461,916880000,916960000,16601,3443
11462,916960000,917040000,13979,2733
11463,917040000,917120000,20152,3995
11464,917120000,917200000,19031,3620
11465,917200000,917280000,16381,3364
11466,917280000,917360000,16622,3081
11467,917360000,917440000,22128,4006
11468,917440000,917520000,18546,3617
11469,917520000,917600000,15385,3129
11470,917600000,917680000,16590,3305
11471,917680000,917760000,21528,4012
11472,917760000,917840000,17940,3593
11473,917840000,917920000,14824,3022
11474,917920000,918000000,17778,3437
11475,918000000,918080000,22594,4108
11476,918080000,918160000,16844,3568
11477,918160000,918240000,12603,2584
11478,918240000,918320000,18863,3776
11479,918320000,918400000,22091,4149
11480,918400000,918480000,17123,3556
11481,918480000,918560000,12040,2364
11482,918560000,918640000,20889,3981
11483,918640000,918720000,24514,4307
11484,918720000,918800000,16501,3482
11485,918800000,918880000,11809,2294
11486,918880000,918960000,20293,3970
11487,918960000,919040000,22968,4215
11488,919040000,919120000,16129,3361
11489,919120000,919200000,12651,2485
11490,919200000,919280000,22105,4002
11491,919280000,919360000,20958,3891
11492,919360000,919440000,16469,3443
11493,919440000,919520000,13640,2733
11494,919520000,919600000,19911,3992
11495,919600000,919680000,19170,3621
11496,919680000,919760000,16030,3364
11497,919760000,919840000,16412,3081
11498,919840000,919920000,22175,4001
11499,919920000,920000000,18556,3616
11500,920000000,920080000,15773,3129
11501,920080000,920160000,17695,3305
11502,920160000,920240000,21392,4005
11503,920240000,920320000,17904,3590
11504,920320000,920400000,15275,3022
11505,920400000,920480000,18385,3437
11506,920480000,920560000,22889,4107
11507,920560000,920640000,17199,3573
11508,920640000,920720000,13350,2584
11509,920720000,920800000,19837,3775
11510,920800000,920880000,22361,4161
11511,920880000,920960000,17424,3559
11512,920960000,921040000,12544,2364
11513,921040000,921120000,21219,3982
11514,921120000,921200000,24037,4301
11515,921200000,921280000,16850,3483
11516,921280000,921360000,12059,2294
11517,921360000,921440000,20783,3971
11518,921440000,921520000,23035,4222
11519,921520000,921600000,16465,3361
11520,921600000,921680000,13273,2485
11521,921680000,921760000,22519,3999
11522,921760000,921840000,20840,3886
11523,921840000,921920000,16598,3443
11524,921920000,922000000,13748,2733
11525,922000000,922080000,20624,3989
11526,922080000,922160000,19182,3620
11527,922160000,922240000,16021,3364
11528,922240000,922320000,16494,3081
11529,922320000,922400000,22640,4006
11530,922400000,922480000,18353,3617
11531,922480000,922560000,15526,3129
11532,922560000,922640000,17589,3305
11533,922640000,922720000,21109,4015
11534,922720000,922800000,17914,3596
11535,922800000,922880000,14875,3022
11536,922880000,922960000,17792,3437
11537,922960000,923040000,22517,4108
11538,923040000,923120000,16741,3568
11539,923120000,923200000,12779,2584
11540,923200000,923280000,19272,3776
11541,923280000,923360000,21711,4149
11542,923360000,923440000,17260,3556
11543,923440000,923520000,12481,2364
11544,923520000,923600000,21772,3981
11545,923600000,923680000,24463,4307
11546,923680000,923760000,16750,3482
11547,923760000,923840000,11994,2294
11548,923840000,923920000,20174,3970
11549,923920000,924000000,22286,4215
11550,924000000,924080000,16229,3361
11551,924080000,924160000,12588,2485
11552,924160000,924240000,22004,4002
11553,924240000,924320000,20716,3885
11554,924320000,924400000,16325,3443
11555,924400000,924480000,13985,2733
11556,924480000,924560000,19981,3992
11557,924560000,924640000,19417,3621
11558,924640000,924720000,16155,3364
11559,924720000,924800000,16324,3081
11560,924800000,924880000,22699,4001
11561,924880000,924960000,18564,3610
11562,924960000,925040000,15755,3129
11563,925040000,925120000,17634,3305
11564,925120000,925200000,20911,4005
11565,925200000,925280000,17978,3590
11566,925280000,925360000,15124,3022
11567,925360000,925440000,18380,3437
11568,925440000,925520000,23063,4107
11569,925520000,925600000,16991,3573
11570,925600000,925680000,12937,2584
11571,925680000,925760000,19344,3778
11572,925760000,925840000,21517,4158
11573,925840000,925920000,17232,3559
11574,925920000,926000000,12640,2364
11575,926000000,926080000,21612,3982
11576,926080000,926160000,24126,4301
11577,926160000,926240000,16906,3483
11578,926240000,926320000,12372,2294
11579,926320000,926400000,20836,3971
11580,926400000,926480000,22556,4222
11581,926480000,926560000,16472,3361
11582,926560000,926640000,13098,2485
11583,926640000,926720000,22329,3999
11584,926720000,926800000,20683,3880
11585,926800000,926880000,16538,3443
11586,926880000,926960000,14104,2733
11587,926960000,927040000,20835,3989
11588,927040000,927120000,19173,3620
11589,927120000,927200000,16289,3364
11590,927200000,927280000,16734,3081
11591,927280000,927360000,22772,4006
11592,927360000,927440000,18789,3617
11593,927440000,927520000,15928,3129
11594,927520000,927600000,17646,3305
11595,927600000,927680000,21162,4006
11596,927680000,927760000,18202,3593
11597,927760000,927840000,15334,3022
11598,927840000,927920000,18470,3437
11599,927920000,928000000,23380,4108
11600,928000000,928080000,17375,3568
11601,928080000,928160000,13134,2584
11602,928160000,928240000,20038,3776
11603,928240000,928320000,21937,4149
11604,928320000,928400000,17035,3556
11605,928400000,928480000,12427,2364
11606,928480000,928560000,20328,3981
11607,928560000,928640000,24005,4307
11608,928640000,928720000,15636,3482
11609,928720000,928800000,11701,2294
11610,928800000,928880000,19616,3970
11611,928880000,928960000,21973,4215
11612,928960000,929040000,15293,3361
11613,929040000,929120000,12614,2485
11614,929120000,929200000,21678,4008
11615,929200000,929280000,20695,3885
11616,929280000,929360000,15812,3443
11617,929360000,929440000,13617,2733
11618,929440000,929520000,19829,3992
11619,929520000,929600000,18744,3621
11620,929600000,929680000,15468,3364
11621,929680000,929760000,15925,3081
11622,929760000,929840000,22573,4007
11623,929840000,929920000,18463,3616
11624,929920000,930000000,15027,3129
11625,930000000,930080000,16661,3305
11626,930080000,930160000,20486,4005
11627,930160000,930240000,17404,3590
11628,930240000,930320000,14721,3022
11629,930320000,930400000,17212,3437
11630,930400000,930480000,22503,4107
11631,930480000,930560000,16426,3579
11632,930560000,930640000,12879,2584
11633,930640000,930720000,18629,3775
11634,930720000,930800000,20636,4155
11635,930800000,930880000,16644,3559
11636,930880000,930960000,12202,2364
11637,930960000,931040000,20776,3982
11638,931040000,931120000,23943,4301
11639,931120000,931200000,15774,3483
11640,931200000,931280000,11747,2294
11641,931280000,931360000,19690,3971
11642,931360000,931440000,22183,4222
11643,931440000,931520000,15329,3361
11644,931520000,931600000,12730,2485
11645,931600000,931680000,21643,4007
11646,931680000,931760000,20383,3880
11647,931760000,931840000,15792,3451
11648,931840000,931920000,13299,2733
11649,931920000,932000000,20197,3997
11650,932000000,932080000,18610,3620
11651,932080000,932160000,15561,3372
11652,932160000,932240000,15893,3081
11653,932240000,932320000,22002,4016
11654,932320000,932400000,18375,3617
11655,932400000,932480000,14878,3139
11656,932480000,932560000,16306,3309
11657,932560000,932640000,21375,4010
11658,932640000,932720000,17657,3593
11659,932720000,932800000,14480,3032
11660,932800000,932880000,17321,3445
11661,932880000,932960000,22117,4114
11662,932960000,933040000,16319,3568
11663,933040000,933120000,12818,2592
11664,933120000,933200000,18949,3784
11665,933200000,933280000,21385,4149
11666,933280000,933360000,17037,3560
11667,933360000,933440000,12325,2368
11668,933440000,933520000,21143,3991
11669,933520000,933600000,24129,4307
11670,933600000,933680000,16282,3492
11671,933680000,933760000,12206,2294
11672,933760000,933840000,20023,3978
11673,933840000,933920000,22512,4221
11674,933920000,934000000,15839,3371
11675,934000000,934080000,12761,2485
11676,934080000,934160000,21279,4002
11677,934160000,934240000,20159,3885
11678,934240000,934320000,15584,3443
11679,934320000,934400000,13677,2733
11680,934400000,934480000,20060,3992
11681,934480000,934560000,18965,3621
11682,934560000,934640000,15460,3364
11683,934640000,934720000,15311,3081
11684,934720000,934800000,22049,4001
11685,934800000,934880000,18252,3610
11686,934880000,934960000,15036,3129
11687,934960000,935040000,16624,3305
11688,935040000,935120000,20526,4005
11689,935120000,935200000,17162,3590
11690,935200000,935280000,14531,3022
11691,935280000,935360000,17078,3437
11692,935360000,935440000,22318,4107
11693,935440000,935520000,15927,3573
11694,935520000,935600000,12477,2584
11695,935600000,935680000,18239,3775
11696,935680000,935760000,21472,4155
11697,935760000,935840000,16430,3559
11698,935840000,935920000,12331,2364
11699,935920000,936000000,20618,3982
11700,936000000,936080000,23409,4301
11701,936080000,936160000,15910,3483
11702,936160000,936240000,12020,2294
11703,936240000,936320000,19829,3971
11704,936320000,936400000,22174,4222
11705,936400000,936480000,15831,3361
11706,936480000,936560000,12957,2485
11707,936560000,936640000,21704,3999
11708,936640000,936720000,20082,3886
11709,936720000,936800000,16082,3443
11710,936800000,936880000,13760,2733
11711,936880000,936960000,19967,3995
11712,936960000,937040000,18530,3632
11713,937040000,937120000,15767,3364
11714,937120000,937200000,16022,3081
11715,937200000,937280000,21938,4006
11716,937280000,937360000,18280,3617
11717,937360000,937440000,15341,3129
11718,937440000,937520000,16499,3305
11719,937520000,937600000,21055,4006
11720,937600000,937680000,17537,3593
11721,937680000,937760000,14919,3022
11722,937760000,937840000,17458,3437
11723,937840000,937920000,22437,4114
11724,937920000,938000000,16486,3568
11725,938000000,938080000,12681,2584
11726,938080000,938160000,18549,3776
11727,938160000,938240000,21808,4149
11728,938240000,938320000,16716,3556
11729,938320000,938400000,12315,2364
11730,938400000,938480000,20807,3981
11731,938480000,938560000,24145,4307
11732,938560000,938640000,16125,3482
11733,938640000,938720000,12001,2294
11734,938720000,938800000,20376,3970
11735,938800000,938880000,22612,4215
11736,938880000,938960000,15892,3361
11737,938960000,939040000,12968,2485
11738,939040000,939120000,22283,4002
11739,939120000,939200000,20681,3891
11740,939200000,939280000,16037,3443
11741,939280000,939360000,12973,2733
11742,939360000,939440000,19440,3992
11743,939440000,939520000,18468,3621
11744,939520000,939600000,15350,3364
11745,939600000,939680000,15707,3081
11746,939680000,939760000,21621,4007
11747,939760000,939840000,18149,3610
11748,939840000,939920000,14666,3129
11749,939920000,940000000,16228,3305
11750,940000000,940080000,20611,4005
11751,940080000,940160000,17170,3590
11752,940160000,940240000,14146,3022
11753,940240000,940320000,17175,3437
11754,940320000,940400000,22426,4113
11755,940400000,940480000,16525,3573
11756,940480000,940560000,12578,2584
11757,940560000,940640000,18989,3775
11758,940640000,940720000,21410,4155
11759,940720000,940800000,16490,3559
11760,940800000,940880000,12225,2364
11761,940880000,940960000,20421,3982
11762,940960000,941040000,23335,4309
11763,941040000,941120000,15834,3483
11764,941120000,941200000,11846,2294
11765,941200000,941280000,20030,3971
11766,941280000,941360000,22381,4222
11767,941360000,941440000,15387,3361
11768,941440000,941520000,12699,2485
11769,941520000,941600000,21487,3999
11770,941600000,941680000,20456,3880
11771,941680000,941760000,15832,3443
11772,941760000,941840000,13530,2733
11773,941840000,941920000,19942,3992
11774,941920000,942000000,18739,3623
11775,942000000,942080000,15320,3364
11776,942080000,942160000,15570,3081
11777,942160000,942240000,21994,4006
11778,942240000,942320000,18601,3617
11779,942320000,942400000,14695,3129
11780,942400000,942480000,16675,3305
11781,942480000,942560000,21258,4006
11782,942560000,942640000,17560,3599
11783,942640000,942720000,14490,3022
11784,942720000,942800000,17692,3437
11785,942800000,942880000,22207,4108
11786,942880000,942960000,16304,3568
11787,942960000,943040000,12859,2584
11788,943040000,943120000,18912,3776
11789,943120000,943200000,22034,4149
11790,943200000,943280000,16612,3556
11791,943280000,943360000,12339,2364
11792,943360000,943440000,20687,3981
11793,943440000,943520000,23580,4307
11794,943520000,943600000,16125,3482
11795,943600000,943680000,12169,2294
11796,943680000,943760000,20047,3970
11797,943760000,943840000,21977,4215
11798,943840000,943920000,15705,3361
11799,943920000,944000000,12473,2485
11800,944000000,944080000,21509,4002
11801,944080000,944160000,20255,3891
11802,944160000,944240000,15678,3443
11803,944240000,944320000,13474,2733
11804,944320000,944400000,20324,3998
11805,944400000,944480000,18983,3621
11806,944480000,944560000,15456,3364
11807,944560000,944640000,15805,3081
11808,944640000,944720000,21907,4001
11809,944720000,944800000,18165,3610
11810,944800000,944880000,14754,3129
11811,944880000,944960000,15976,3305
11812,944960000,945040000,20926,4014
11813,945040000,945120000,17355,3593
11814,945120000,945200000,14060,3022
11815,945200000,945280000,17049,3437
11816,945280000,945360000,22029,4107
11817,945360000,945440000,16313,3573
11818,945440000,945520000,12278,2584
11819,945520000,945600000,18344,3778
11820,945600000,945680000,22148,4158
11821,945680000,945760000,16408,3559
11822,945760000,945840000,12228,2364
11823,945840000,945920000,20674,3982
11824,945920000,946000000,23913,4301
11825,946000000,946080000,15972,3483
11826,946080000,946160000,11977,2294
11827,946160000,946240000,19804,3971
11828,946240000,946320000,21957,4222
11829,946320000,946400000,15603,3361
11830,946400000,946480000,12903,2485
11831,946480000,946560000,21588,3999
11832,946560000,946640000,20468,3880
11833,946640000,946720000,15906,3443
11834,946720000,946800000,13720,2733
11835,946800000,946880000,20557,3989
11836,946880000,946960000,19083,3620
11837,946960000,947040000,15588,3364
11838,947040000,947120000,16245,3081
11839,947120000,947200000,22233,4012
11840,947200000,947280000,18523,3617
11841,947280000,947360000,15294,3129
11842,947360000,947440000,17294,3305
11843,947440000,947520000,21207,4006
11844,947520000,947600000,17773,3593
11845,947600000,947680000,14716,3022
11846,947680000,947760000,17431,3437
11847,947760000,947840000,22235,4110
11848,947840000,947920000,16485,3570
11849,947920000,948000000,12886,2584
11850,948000000,948080000,19251,3776
11851,948080000,948160000,21851,4149
11852,948160000,948240000,16825,3556
11853,948240000,948320000,12585,2364
11854,948320000,948400000,20987,3987
11855,948400000,948480000,23783,4307
11856,948480000,948560000,16134,3482
11857,948560000,948640000,12093,2294
11858,948640000,948720000,20058,3970
11859,948720000,948800000,21622,4223
11860,948800000,948880000,15532,3361
11861,948880000,948960000,12614,2485
11862,948960000,949040000,21370,4002
11863,949040000,949120000,20324,3885
11864,949120000,949200000,15815,3443
11865,949200000,949280000,13608,2733
11866,949280000,949360000,19992,3992
11867,949360000,949440000,18859,3621
11868,949440000,949520000,15739,3364
11869,949520000,949600000,16148,3081
11870,949600000,949680000,21801,4001
11871,949680000,949760000,18494,3616
11872,949760000,949840000,15270,3129
11873,949840000,949920000,17202,3305
11874,949920000,950000000,21030,4005
11875,950000000,950080000,17677,3590
11876,950080000,950160000,14881,3022
11877,950160000,950240000,18273,3437
11878,950240000,950320000,21945,4113
11879,950320000,950400000,16771,3573
11880,950400000,950480000,12769,2584
11881,950480000,950560000,18624,3775
11882,950560000,950640000,21563,4155
11883,950640000,950720000,16693,3559
11884,950720000,950800000,12536,2364
11885,950800000,950880000,21014,3982
11886,950880000,950960000,24107,4301
11887,950960000,951040000,15946,3483
11888,951040000,951120000,11785,2294
11889,951120000,951200000,19833,3971
11890,951200000,951280000,22688,4222
11891,951280000,951360000,15611,3361
11892,951360000,951440000,12891,2485
11893,951440000,951520000,22169,3999
11894,951520000,951600000,20579,3880
11895,951600000,951680000,16048,3443
11896,951680000,951760000,13619,2733
11897,951760000,951840000,20156,3989
11898,951840000,951920000,19095,3626
11899,951920000,952000000,15839,3364
11900,952000000,952080000,16509,3081
11901,952080000,952160000,22643,4012
11902,952160000,952240000,18384,3623
11903,952240000,952320000,15218,3129
11904,952320000,952400000,16724,3305
11905,952400000,952480000,20701,4012
11906,952480000,952560000,17650,3593
11907,952560000,952640000,14619,3022
11908,952640000,952720000,17796,3437
11909,952720000,952800000,22580,4108
11910,952800000,952880000,16258,3568
11911,952880000,952960000,13124,2584
11912,952960000,953040000,19173,3779
11913,953040000,953120000,20924,4155
11914,953120000,953200000,16885,3559
11915,953200000,953280000,11901,2364
11916,953280000,953360000,20373,3981
11917,953360000,953440000,24114,4307
11918,953440000,953520000,15844,3482
11919,953520000,953600000,11838,2294
11920,953600000,953680000,19923,3970
11921,953680000,953760000,22150,4215
11922,953760000,953840000,15556,3361
11923,953840000,953920000,12437,2485
11924,953920000,954000000,21886,4002
11925,954000000,954080000,20873,3885
11926,954080000,954160000,15969,3443
11927,954160000,954240000,13611,2733
11928,954240000,954320000,19835,3992
11929,954320000,954400000,19082,3621
11930,954400000,954480000,15755,3364
11931,954480000,954560000,15501,3081
11932,954560000,954640000,22762,4001
11933,954640000,954720000,18347,3610
11934,954720000,954800000,15305,3129
11935,954800000,954880000,16993,3305
11936,954880000,954960000,20735,4011
11937,954960000,955040000,17652,3590
11938,955040000,955120000,14857,3022
11939,955120000,955200000,17749,3437
11940,955200000,955280000,22385,4107
11941,955280000,955360000,16470,3573
11942,955360000,955440000,12914,2584
11943,955440000,955520000,19003,3775
11944,955520000,955600000,21396,4161
11945,955600000,955680000,16731,3559
11946,955680000,955760000,12311,2364
11947,955760000,955840000,20961,3982
11948,955840000,955920000,23715,4301
11949,955920000,956000000,16043,3483
11950,956000000,956080000,11971,2294
11951,956080000,956160000,19632,3971
11952,956160000,956240000,21664,4222
11953,956240000,956320000,15832,3361
11954,956320000,956400000,13043,2485
11955,956400000,956480000,21746,3999
11956,956480000,956560000,20286,3880
11957,956560000,956640000,16110,3443
11958,956640000,956720000,13892,2733
11959,956720000,956800000,19895,3989
11960,956800000,956880000,18691,3620
11961,956880000,956960000,15993,3364
11962,956960000,957040000,16477,3081
11963,957040000,957120000,22143,4006
11964,957120000,957200000,18569,3617
11965,957200000,957280000,15468,3129
11966,957280000,957360000,17068,3305
11967,957360000,957440000,21044,4006
11968,957440000,957520000,17931,3593
11969,957520000,957600000,15306,3022
11970,957600000,957680000,18244,3437
11971,957680000,957760000,23098,4108
11972,957760000,957840000,16556,3568
11973,957840000,957920000,12796,2584
11974,957920000,958000000,18524,3776
11975,958000000,958080000,21852,4149
11976,958080000,958160000,16722,3556
11977,958160000,958240000,12222,2364
11978,958240000,958320000,21152,3981
11979,958320000,958400000,24464,4313
11980,958400000,958480000,15919,3482
11981,958480000,958560000,12132,2294
11982,958560000,958640000,20184,3970
11983,958640000,958720000,22359,4215
11984,958720000,958800000,15570,3361
11985,958800000,958880000,12760,2485
11986,958880000,958960000,21995,4002
11987,958960000,959040000,20629,3885
11988,959040000,959120000,15972,3443
11989,959120000,959200000,13642,2733
11990,959200000,959280000,19689,4001
11991,959280000,959360000,19052,3630
11992,959360000,959440000,15750,3364
11993,959440000,959520000,16463,3081
11994,959520000,959600000,22718,4001
11995,959600000,959680000,18479,3610
11996,959680000,959760000,15516,3129
11997,959760000,959840000,17166,3305
11998,959840000,959920000,20734,4011
11999,959920000,960000000,17616,3590
12000,960000000,960080000,14759,3022
12001,960080000,960160000,17806,3437
12002,960160000,960240000,22952,4113
12003,960240000,960320000,16933,3573
12004,960320000,960400000,13021,2584
12005,960400000,960480000,19249,3775
12006,960480000,960560000,21922,4155
12007,960560000,960640000,17006,3559
12008,960640000,960720000,12538,2364
12009,960720000,960800000,21082,3982
12010,960800000,960880000,24034,4301
12011,960880000,960960000,16315,3483
12012,960960000,961040000,12214,2294
12013,961040000,961120000,20526,3971
12014,961120000,961200000,22452,4222
12015,961200000,961280000,15787,3361
12016,961280000,961360000,12903,2485
12017,961360000,961440000,21866,3999
12018,961440000,961520000,20526,3880
12019,961520000,961600000,16110,3443
12020,961600000,961680000,13680,2733
12021,961680000,961760000,19746,3989
12022,961760000,961840000,18859,3626
12023,961840000,961920000,15830,3364
12024,961920000,962000000,16108,3081
12025,962000000,962080000,22608,4006
12026,962080000,962160000,18234,3617
12027,962160000,962240000,14965,3129
12028,962240000,962320000,16756,3305
12029,962320000,962400000,20706,4006
12030,962400000,962480000,17554,3593
12031,962480000,962560000,14637,3022
12032,962560000,962640000,17679,3437
12033,962640000,962720000,22425,4108
12034,962720000,962800000,16364,3568
12035,962800000,962880000,12798,2584
12036,962880000,962960000,18839,3776
12037,962960000,963040000,21776,4152
12038,963040000,963120000,16886,3559
12039,963120000,963200000,12545,2364
12040,963200000,963280000,21309,3981
12041,963280000,963360000,24073,4307
12042,963360000,963440000,16302,3482
12043,963440000,963520000,11980,2294
12044,963520000,963600000,20079,3970
12045,963600000,963680000,22310,4215
12046,963680000,963760000,15847,3361
12047,963760000,963840000,12564,2485
12048,963840000,963920000,21838,4002
12049,963920000,964000000,20252,3885
12050,964000000,964080000,16132,3443
12051,964080000,964160000,13785,2733
12052,964160000,964240000,19745,3992
12053,964240000,964320000,19021,3621
12054,964320000,964400000,15841,3364
12055,964400000,964480000,15871,3081
12056,964480000,964560000,22488,4001
12057,964560000,964640000,18365,3610
12058,964640000,964720000,15348,3129
12059,964720000,964800000,17163,3305
12060,964800000,964880000,21163,4005
12061,964880000,964960000,17530,3590
12062,964960000,965040000,14934,3022
12063,965040000,965120000,17933,3437
12064,965120000,965200000,22950,4107
12065,965200000,965280000,16657,3573
12066,965280000,965360000,13041,2584
12067,965360000,965440000,19150,3775
12068,965440000,965520000,21419,4155
12069,965520000,965600000,16865,3559
12070,965600000,965680000,12755,2364
12071,965680000,965760000,21518,3982
12072,965760000,965840000,24099,4301
12073,965840000,965920000,16438,3483
12074,965920000,966000000,12567,2294
12075,966000000,966080000,20393,3971
12076,966080000,966160000,21982,4222
12077,966160000,966240000,16356,3361
12078,966240000,966320000,13451,2485
12079,966320000,966400000,22183,4005
12080,966400000,966480000,20265,3886
12081,966480000,966560000,16455,3443
12082,966560000,966640000,14184,2733
12083,966640000,966720000,20665,3989
12084,966720000,966800000,19145,3620
12085,966800000,966880000,15835,3364
12086,966880000,966960000,16506,3081
12087,966960000,967040000,22659,4012
12088,967040000,967120000,18407,3617
12089,967120000,967200000,15467,3129
12090,967200000,967280000,17074,3305
12091,967280000,967360000,20795,4015
12092,967360000,967440000,17902,3596
12093,967440000,967520000,14724,3022
12094,967520000,967600000,17663,3437
12095,967600000,967680000,23026,4108
12096,967680000,967760000,16641,3568
12097,967760000,967840000,12782,2584
12098,967840000,967920000,18986,3776
12099,967920000,968000000,20976,4149
12100,968000000,968080000,16782,3556
12101,968080000,968160000,12561,2364
12102,968160000,968240000,21134,3987
12103,968240000,968320000,24417,4307
12104,968320000,968400000,16157,3482
12105,968400000,968480000,12404,2294
12106,968480000,968560000,20223,3970
12107,968560000,968640000,22193,4215
12108,968640000,968720000,15951,3361
12109,968720000,968800000,13296,2485
12110,968800000,968880000,22407,4002
12111,968880000,968960000,20472,3885
12112,968960000,969040000,16364,3443
12113,969040000,969120000,14079,2733
12114,969120000,969200000,19709,3992
12115,969200000,969280000,19232,3621
12116,969280000,969360000,16106,3364
12117,969360000,969440000,16714,3081
12118,969440000,969520000,22845,4001
12119,969520000,969600000,18254,3610
12120,969600000,969680000,15653,3129
12121,969680000,969760000,17520,3305
12122,969760000,969840000,21117,4005
12123,969840000,969920000,17843,3590
12124,969920000,970000000,15105,3022
12125,970000000,970080000,18318,3437
12126,970080000,970160000,22720,4107
12127,970160000,970240000,16792,3573
12128,970240000,970320000,13248,2584
12129,970320000,970400000,19503,3775
12130,970400000,970480000,21548,4155
12131,970480000,970560000,17203,3559
12132,970560000,970640000,13074,2364
12133,970640000,970720000,22120,3982
12134,970720000,970800000,23648,4301
12135,970800000,970880000,16579,3483
12136,970880000,970960000,12691,2294
12137,970960000,971040000,20223,3971
12138,971040000,971120000,21996,4222
12139,971120000,971200000,16114,3361
12140,971200000,971280000,13485,2485
12141,971280000,971360000,22438,3999
12142,971360000,971440000,20586,3886
12143,971440000,971520000,16535,3443
12144,971520000,971600000,14361,2733
12145,971600000,971680000,20404,3992
12146,971680000,971760000,19069,3623
12147,971760000,971840000,16417,3364
12148,971840000,971920000,17159,3081
12149,971920000,972000000,22548,4006
12150,972000000,972080000,18409,3617
12151,972080000,972160000,15197,3129
12152,972160000,972240000,16395,3305
12153,972240000,972320000,20721,4006
12154,972320000,972400000,17359,3599
12155,972400000,972480000,14752,3022
12156,972480000,972560000,17422,3437
12157,972560000,972640000,22515,4108
12158,972640000,972720000,16108,3568
12159,972720000,972800000,12996,2584
12160,972800000,972880000,18813,3776
12161,972880000,972960000,21107,4155
12162,972960000,973040000,16915,3556
12163,973040000,973120000,12596,2364
12164,973120000,973200000,21227,3981
12165,973200000,973280000,23891,4307
12166,973280000,973360000,16246,3482
12167,973360000,973440000,12343,2294
12168,973440000,973520000,20457,3970
12169,973520000,973600000,22149,4221
12170,973600000,973680000,15889,3361
12171,973680000,973760000,12963,2485
12172,973760000,973840000,22041,4002
12173,973840000,973920000,20309,3885
12174,973920000,974000000,16205,3443
12175,974000000,974080000,14102,2733
12176,974080000,974160000,19932,3992
12177,974160000,974240000,18941,3621
12178,974240000,974320000,16024,3364
12179,974320000,974400000,15428,3081
12180,974400000,974480000,22454,4007
12181,974480000,974560000,18607,3616
12182,974560000,974640000,15216,3129
12183,974640000,974720000,16675,3305
12184,974720000,974800000,20137,4005
12185,974800000,974880000,17216,3590
12186,974880000,974960000,14609,3022
12187,974960000,975040000,17231,3437
12188,975040000,975120000,23111,4107
12189,975120000,975200000,16218,3573
12190,975200000,975280000,12805,2584
12191,975280000,975360000,18449,3775
12192,975360000,975440000,21373,4155
12193,975440000,975520000,16590,3559
12194,975520000,975600000,12067,2364
12195,975600000,975680000,20606,3988
12196,975680000,975760000,24284,4301
12197,975760000,975840000,15819,3483
12198,975840000,975920000,11762,2294
12199,975920000,976000000,19831,3971
12200,976000000,976080000,22007,4222
12201,976080000,976160000,15656,3361
12202,976160000,976240000,12852,2485
12203,976240000,976320000,21850,3999
12204,976320000,976400000,20433,3880
12205,976400000,976480000,15880,3443
12206,976480000,976560000,13711,2733
12207,976560000,976640000,19945,3989
12208,976640000,976720000,18290,3620
12209,976720000,976800000,15555,3364
12210,976800000,976880000,15739,3081
12211,976880000,976960000,22363,4012
12212,976960000,977040000,18345,3617
12213,977040000,977120000,15014,3129
12214,977120000,977200000,16548,3305
12215,977200000,977280000,20652,4012
12216,977280000,977360000,17679,3593
12217,977360000,977440000,14675,3022
12218,977440000,977520000,17680,3437
12219,977520000,977600000,22903,4118
12220,977600000,977680000,16710,3568
12221,977680000,977760000,12275,2584
12222,977760000,977840000,18465,3776
12223,977840000,977920000,21237,4152
12224,977920000,978000000,16552,3559
12225,978000000,978080000,12042,2364
12226,978080000,978160000,20501,3981
12227,978160000,978240000,24286,4307
12228,978240000,978320000,15745,3482
12229,978320000,978400000,11888,2294
12230,978400000,978480000,19957,3970
12231,978480000,978560000,22240,4215
12232,978560000,978640000,15578,3361
12233,978640000,978720000,12796,2485
12234,978720000,978800000,21639,4002
12235,978800000,978880000,20508,3885
12236,978880000,978960000,15810,3443
12237,978960000,979040000,13157,2733
12238,979040000,979120000,19418,3992
12239,979120000,979200000,18317,3621
12240,979200000,979280000,15264,3364
12241,979280000,979360000,15969,3081
12242,979360000,979440000,21892,4001
12243,979440000,979520000,18177,3616
12244,979520000,979600000,15133,3129
12245,979600000,979680000,17145,3305
12246,979680000,979760000,20548,4005
12247,979760000,979840000,17368,3590
12248,979840000,979920000,15014,3022
12249,979920000,980000000,17882,3437
12250,980000000,980080000,22787,4107
12251,980080000,980160000,16620,3573
12252,980160000,980240000,12973,2584
12253,980240000,980320000,19223,3775
12254,980320000,980400000,21803,4155
12255,980400000,980480000,16696,3559
12256,980480000,980560000,12619,2364
12257,980560000,980640000,20639,3982
12258,980640000,980720000,23595,4307
12259,980720000,980800000,16052,3483
12260,980800000,980880000,12359,2294
12261,980880000,980960000,20216,3971
12262,980960000,981040000,22209,4222
12263,981040000,981120000,15674,3361
12264,981120000,981200000,13114,2485
12265,981200000,981280000,21784,3999
12266,981280000,981360000,20027,3880
12267,981360000,981440000,16036,3443
12268,981440000,981520000,13725,2733
12269,981520000,981600000,20017,3995
12270,981600000,981680000,18504,3626
12271,981680000,981760000,15631,3364
12272,981760000,981840000,15801,3081
12273,981840000,981920000,22006,4006
12274,981920000,982000000,18320,3617
12275,982000000,982080000,15240,3129
12276,982080000,982160000,16917,3305
12277,982160000,982240000,21305,4006
12278,982240000,982320000,17063,3593
12279,982320000,982400000,14838,3022
12280,982400000,982480000,17691,3437
12281,982480000,982560000,21954,4114
12282,982560000,982640000,16299,3568
12283,982640000,982720000,13016,2584
12284,982720000,982800000,19052,3776
12285,982800000,982880000,21234,4149
12286,982880000,982960000,16896,3556
12287,982960000,983040000,12626,2364
12288,983040000,983120000,21135,3981
12289,983120000,983200000,23528,4307
12290,983200000,983280000,16200,3482
12291,983280000,983360000,12244,2294
12292,983360000,983440000,19747,3970
12293,983440000,983520000,22273,4215
12294,983520000,983600000,15603,3361
12295,983600000,983680000,12598,2485
12296,983680000,983760000,21522,4002
12297,983760000,983840000,20525,3885
12298,983840000,983920000,15832,3443
12299,983920000,984000000,13867,2733
12300,984000000,984080000,20109,3992
12301,984080000,984160000,18720,3621
12302,984160000,984240000,15781,3364
12303,984240000,984320000,16159,3081
12304,984320000,984400000,22285,4007
12305,984400000,984480000,17906,3610
12306,984480000,984560000,15140,3129
12307,984560000,984640000,16673,3305
12308,984640000,984720000,20802,4011
12309,984720000,984800000,17529,3590
12310,984800000,984880000,14541,3022
12311,984880000,984960000,17722,3437
12312,984960000,985040000,22624,4107
12313,985040000,985120000,16304,3573
12314,985120000,985200000,12816,2584
12315,985200000,985280000,19012,3775
12316,985280000,985360000,21759,4155
12317,985360000,985440000,16666,3559
12318,985440000,985520000,12572,2364
12319,985520000,985600000,20983,3982
12320,985600000,985680000,23762,4301
12321,985680000,985760000,16075,3483
12322,985760000,985840000,12180,2294
12323,985840000,985920000,19640,3977
12324,985920000,986000000,22003,4222
12325,986000000,986080000,15733,3361
12326,986080000,986160000,13149,2485
12327,986160000,986240000,22060,4005
12328,986240000,986320000,19988,3886
12329,986320000,986400000,16128,3443
12330,986400000,986480000,14071,2733
12331,986480000,986560000,19887,3989
12332,986560000,986640000,18717,3620
12333,986640000,986720000,15848,3364
12334,986720000,986800000,16481,3081
12335,986800000,986880000,22068,4006
12336,986880000,986960000,17983,3617
12337,986960000,987040000,15481,3129
12338,987040000,987120000,17566,3305
12339,987120000,987200000,20856,4006
12340,987200000,987280000,17737,3593
12341,987280000,987360000,14889,3022
12342,987360000,987440000,17608,3437
12343,987440000,987520000,22137,4108
12344,987520000,987600000,16504,3568
12345,987600000,987680000,12975,2584
12346,987680000,987760000,19316,3776
12347,987760000,987840000,21325,4149
12348,987840000,987920000,16899,3556
12349,987920000,988000000,12515,2364
12350,988000000,988080000,21166,3987
12351,988080000,988160000,23736,4317
12352,988160000,988240000,16339,3482
12353,988240000,988320000,12320,2294
12354,988320000,988400000,20125,3970
12355,988400000,988480000,21506,4215
12356,988480000,988560000,15897,3361
12357,988560000,988640000,13013,2485
12358,988640000,988720000,21941,4008
12359,988720000,988800000,20244,3891
12360,988800000,988880000,16334,3443
12361,988880000,988960000,14051,2733
12362,988960000,989040000,19569,3992
12363,989040000,989120000,19249,3621
12364,989120000,989200000,15921,3364
12365,989200000,989280000,16083,3081
12366,989280000,989360000,22440,4001
12367,989360000,989440000,17559,3610
12368,989440000,989520000,15365,3129
12369,989520000,989600000,17257,3305
12370,989600000,989680000,20374,4014
12371,989680000,989760000,17764,3601
12372,989760000,989840000,15022,3022
12373,989840000,989920000,18347,3437
12374,989920000,990000000,22601,4107
12375,990000000,990080000,16497,3573
12376,990080000,990160000,13086,2584
12377,990160000,990240000,19151,3775
12378,990240000,990320000,20947,4159
12379,990320000,990400000,17104,3565
12380,990400000,990480000,12661,2364
12381,990480000,990560000,21476,3982
12382,990560000,990640000,23797,4301
12383,990640000,990720000,16300,3483
12384,990720000,990800000,11903,2294
12385,990800000,990880000,19975,3971
12386,990880000,990960000,22123,4236
12387,990960000,991040000,15929,3361
12388,991040000,991120000,12862,2485
12389,991120000,991200000,21965,3999
12390,991200000,991280000,20215,3880
12391,991280000,991360000,16225,3443
12392,991360000,991440000,13308,2733
12393,991440000,991520000,19644,3989
12394,991520000,991600000,19164,3630
12395,991600000,991680000,15846,3364
12396,991680000,991760000,16194,3081
12397,991760000,991840000,22176,4006
12398,991840000,991920000,18153,3623
12399,991920000,992000000,15379,3129
12400,992000000,992080000,16810,3305
12401,992080000,992160000,20635,4006
12402,992160000,992240000,17414,3593
12403,992240000,992320000,14946,3022
12404,992320000,992400000,17833,3437
12405,992400000,992480000,21674,4108
12406,992480000,992560000,16417,3568
12407,992560000,992640000,13136,2584
12408,992640000,992720000,19644,3776
12409,992720000,992800000,20788,4149
12410,992800000,992880000,16894,3556
12411,992880000,992960000,12391,2364
12412,992960000,993040000,20863,3981
12413,993040000,993120000,23268,4307
12414,993120000,993200000,16392,3482
12415,993200000,993280000,12370,2294
12416,993280000,993360000,20259,3970
12417,993360000,993440000,22377,4223
12418,993440000,993520000,15961,3361
12419,993520000,993600000,12696,2485
12420,993600000,993680000,21917,4002
12421,993680000,993760000,20530,3885
12422,993760000,993840000,16145,3443
12423,993840000,993920000,13847,2733
12424,993920000,994000000,19732,3992
12425,994000000,994080000,18674,3621
12426,994080000,994160000,15745,3364
12427,994160000,994240000,15376,3081
12428,994240000,994320000,22147,4001
12429,994320000,994400000,17948,3610
12430,994400000,994480000,15088,3129
12431,994480000,994560000,16704,3305
12432,994560000,994640000,20063,4005
12433,994640000,994720000,17050,3590
12434,994720000,994800000,14597,3022
12435,994800000,994880000,17345,3437
12436,994880000,994960000,21213,4107
12437,994960000,995040000,15968,3573
12438,995040000,995120000,12696,2584
12439,995120000,995200000,18806,3775
12440,995200000,995280000,21332,4159
12441,995280000,995360000,16653,3565
12442,995360000,995440000,12241,2364
12443,995440000,995520000,20510,3982
12444,995520000,995600000,22454,4301
12445,995600000,995680000,16053,3483
12446,995680000,995760000,11760,2294
12447,995760000,995840000,19643,3971
12448,995840000,995920000,21846,4238
12449,995920000,996000000,15866,3361
12450,996000000,996080000,12964,2485
12451,996080000,996160000,21785,3999
12452,996160000,996240000,19726,3880
12453,996240000,996320000,16257,3443
12454,996320000,996400000,13932,2733
12455,996400000,996480000,19512,3995
12456,996480000,996560000,18532,3630
12457,996560000,996640000,16102,3364
12458,996640000,996720000,16219,3081
12459,996720000,996800000,21699,4012
12460,996800000,996880000,18052,3623
12461,996880000,996960000,15361,3129
12462,996960000,997040000,16631,3305
12463,997040000,997120000,20139,4006
12464,997120000,997200000,17800,3603
12465,997200000,997280000,15048,3022
12466,997280000,997360000,17769,3437
12467,997360000,997440000,21721,4114
12468,997440000,997520000,16441,3568
12469,997520000,997600000,12813,2584
12470,997600000,997680000,18629,3776
12471,997680000,997760000,20623,4149
12472,997760000,997840000,16765,3556
12473,997840000,997920000,12199,2364
12474,997920000,998000000,20731,3981
12475,998000000,998080000,23532,4313
12476,998080000,998160000,16056,3482
12477,998160000,998240000,12000,2294
12478,998240000,998320000,19758,3970
12479,998320000,998400000,21658,4215
12480,998400000,998480000,15829,3361
12481,998480000,998560000,12852,2485
12482,998560000,998640000,21732,4002
12483,998640000,998720000,20118,3885
12484,998720000,998800000,16226,3443
12485,998800000,998880000,13700,2733
12486,998880000,998960000,19386,3992
12487,998960000,999040000,18690,3629
12488,999040000,999120000,15916,3364
12489,999120000,999200000,16447,3081
12490,999200000,999280000,21909,4001
12491,999280000,999360000,18038,3610
12492,999360000,999440000,15705,3129
12493,999440000,999520000,17644,3305
12494,999520000,999600000,20471,4011
12495,999600000,999680000,17828,3598
12496,999680000,999760000,15309,3022
12497,999760000,999840000,18219,3437
12498,999840000,999920000,22023,4107
12499,999920000,1000000000,16688,3573
12500,1000000000,1000080000,13439,2584
12501,1000080000,1000160000,19456,3775
12502,1000160000,1000240000,21575,4155
12503,1000240000,1000320000,16983,3559
12504,1000320000,1000400000,12404,2364
12505,1000400000,1000480000,20551,3982
12506,1000480000,1000560000,22962,4301
12507,1000560000,1000640000,16259,3483
12508,1000640000,1000720000,12075,2294
12509,1000720000,1000800000,20025,3971
12510,1000800000,1000880000,21785,4222
12511,1000880000,1000960000,15924,3361
12512,1000960000,1001040000,13069,2485
12513,1001040000,1001120000,21901,3999
12514,1001120000,1001200000,19913,3880
12515,1001200000,1001280000,16436,3443
12516,1001280000,1001360000,13796,2733
12517,1001360000,1001440000,20028,3989
12518,1001440000,1001520000,18490,3620
12519,1001520000,1001600000,16076,3364
12520,1001600000,1001680000,16360,3081
12521,1001680000,1001760000,21521,4006
12522,1001760000,1001840000,17758,3617
12523,1001840000,1001920000,15596,3129
12524,1001920000,1002000000,17380,3305
12525,1002000000,1002080000,20640,4006
12526,1002080000,1002160000,17449,3593
12527,1002160000,1002240000,15214,3022
12528,1002240000,1002320000,17871,3437
12529,1002320000,1002400000,21413,4108
12530,1002400000,1002480000,16276,3568
12531,1002480000,1002560000,13028,2584
12532,1002560000,1002640000,19139,3776
12533,1002640000,1002720000,21430,4149
12534,1002720000,1002800000,16834,3556
12535,1002800000,1002880000,12669,2364
12536,1002880000,1002960000,21414,3981
12537,1002960000,1003040000,23130,4307
12538,1003040000,1003120000,16402,3482
12539,1003120000,1003200000,12256,2294
12540,1003200000,1003280000,19750,3970
12541,1003280000,1003360000,21775,4215
12542,1003360000,1003440000,16087,3361
12543,1003440000,1003520000,12863,2485
12544,1003520000,1003600000,21412,4002
12545,1003600000,1003680000,19645,3891
12546,1003680000,1003760000,16294,3443
12547,1003760000,1003840000,14263,2733
12548,1003840000,1003920000,19693,3998
12549,1003920000,1004000000,18554,3627
12550,1004000000,1004080000,16043,3364
12551,1004080000,1004160000,16044,3081
12552,1004160000,1004240000,21884,4001
12553,1004240000,1004320000,17834,3610
12554,1004320000,1004400000,15537,3129
12555,1004400000,1004480000,17258,3305
12556,1004480000,1004560000,20542,4005
12557,1004560000,1004640000,17344,3596
12558,1004640000,1004720000,14814,3022
12559,1004720000,1004800000,17851,3437
12560,1004800000,1004880000,22163,4113
12561,1004880000,1004960000,16393,3573
12562,1004960000,1005040000,12762,2584
12563,1005040000,1005120000,18483,3775
12564,1005120000,1005200000,20985,4158
12565,1005200000,1005280000,16575,3562
12566,1005280000,1005360000,12459,2364
12567,1005360000,1005440000,20951,3982
12568,1005440000,1005520000,23479,4301
12569,1005520000,1005600000,16277,3483
12570,1005600000,1005680000,12251,2294
12571,1005680000,1005760000,20032,3971
12572,1005760000,1005840000,21961,4222
12573,1005840000,1005920000,16088,3361
12574,1005920000,1006000000,13070,2485
12575,1006000000,1006080000,21586,3999
12576,1006080000,1006160000,20178,3880
12577,1006160000,1006240000,16349,3443
12578,1006240000,1006320000,13955,2733
12579,1006320000,1006400000,20038,3989
12580,1006400000,1006480000,18910,3620
12581,1006480000,1006560000,16118,3364
12582,1006560000,1006640000,16447,3081
12583,1006640000,1006720000,21576,4012
12584,1006720000,1006800000,18434,3617
12585,1006800000,1006880000,15670,3129
12586,1006880000,1006960000,17026,3305
12587,1006960000,1007040000,20771,4006
12588,1007040000,1007120000,17711,3593
12589,1007120000,1007200000,15057,3022
12590,1007200000,1007280000,17753,3437
12591,1007280000,1007360000,22178,4108
12592,1007360000,1007440000,16541,3568
12593,1007440000,1007520000,12992,2584
12594,1007520000,1007600000,19223,3776
12595,1007600000,1007680000,21188,4149
12596,1007680000,1007760000,16869,3556
12597,1007760000,1007840000,12554,2364
12598,1007840000,1007920000,20615,3987
12599,1007920000,1008000000,23214,4307
12600,1008000000,1008080000,16334,3482
12601,1008080000,1008160000,12011,2294
12602,1008160000,1008240000,19685,3976
12603,1008240000,1008320000,21237,4215
12604,1008320000,1008400000,16084,3361
12605,1008400000,1008480000,13260,2487
12606,1008480000,1008560000,22100,4006
12607,1008560000,1008640000,19793,3885
12608,1008640000,1008720000,16614,3443
12609,1008720000,1008800000,14286,2739
12610,1008800000,1008880000,19639,3992
12611,1008880000,1008960000,18386,3621
12612,1008960000,1009040000,16294,3364
12613,1009040000,1009120000,16604,3081
12614,1009120000,1009200000,22050,4001
12615,1009200000,1009280000,17729,3610
12616,1009280000,1009360000,15709,3129
12617,1009360000,1009440000,17264,3305
12618,1009440000,1009520000,19893,4005
12619,1009520000,1009600000,17295,3590
12620,1009600000,1009680000,15264,3022
12621,1009680000,1009760000,18052,3437
12622,1009760000,1009840000,21815,4113
12623,1009840000,1009920000,16624,3573
12624,1009920000,1010000000,13366,2584
12625,1010000000,1010080000,19430,3775
12626,1010080000,1010160000,21053,4155
12627,1010160000,1010240000,17144,3559
12628,1010240000,1010320000,12899,2364
12629,1010320000,1010400000,21654,3982
12630,1010400000,1010480000,23027,4301
12631,1010480000,1010560000,16549,3483
12632,1010560000,1010640000,12308,2294
12633,1010640000,1010720000,20134,3971
12634,1010720000,1010800000,22071,4222
12635,1010800000,1010880000,16210,3361
12636,1010880000,1010960000,13366,2485
12637,1010960000,1011040000,22052,4005
12638,1011040000,1011120000,20155,3886
12639,1011120000,1011200000,16693,3451
12640,1011200000,1011280000,13840,2733
12641,1011280000,1011360000,20364,3989
12642,1011360000,1011440000,18724,3620
12643,1011440000,1011520000,15678,3364
12644,1011520000,1011600000,15749,3081
12645,1011600000,1011680000,21922,4006
12646,1011680000,1011760000,18146,3617
12647,1011760000,1011840000,14339,3129
12648,1011840000,1011920000,16128,3305
12649,1011920000,1012000000,20217,4015
12650,1012000000,1012080000,17533,3596
12651,1012080000,1012160000,13865,3022
12652,1012160000,1012240000,17064,3437
12653,1012240000,1012320000,21696,4114
12654,1012320000,1012400000,16401,3568
12655,1012400000,1012480000,12091,2584
12656,1012480000,1012560000,18759,3776
12657,1012560000,1012640000,20769,4149
12658,1012640000,1012720000,16847,3556
12659,1012720000,1012800000,11785,2374
12660,1012800000,1012880000,20809,3981
12661,1012880000,1012960000,23081,4307
12662,1012960000,1013040000,16134,3482
12663,1013040000,1013120000,11924,2304
12664,1013120000,1013200000,19957,3970
12665,1013200000,1013280000,22129,4215
12666,1013280000,1013360000,15681,3365
12667,1013360000,1013440000,12638,2491
12668,1013440000,1013520000,21666,4002
12669,1013520000,1013600000,19891,3885
12670,1013600000,1013680000,15667,3443
12671,1013680000,1013760000,13552,2733
12672,1013760000,1013840000,19167,3992
12673,1013840000,1013920000,18620,3621
12674,1013920000,1014000000,15516,3364
12675,1014000000,1014080000,15502,3081
12676,1014080000,1014160000,22739,4001
12677,1014160000,1014240000,17780,3610
12678,1014240000,1014320000,15057,3129
12679,1014320000,1014400000,16924,3305
12680,1014400000,1014480000,19431,4011
12681,1014480000,1014560000,17483,3590
12682,1014560000,1014640000,14314,3022
12683,1014640000,1014720000,17561,3437
12684,1014720000,1014800000,22269,4107
12685,1014800000,1014880000,16406,3579
12686,1014880000,1014960000,12322,2584
12687,1014960000,1015040000,18861,3775
12688,1015040000,1015120000,20496,4155
12689,1015120000,1015200000,16858,3559
12690,1015200000,1015280000,12013,2364
12691,1015280000,1015360000,21016,3982
12692,1015360000,1015440000,23341,4307
12693,1015440000,1015520000,16257,3483
12694,1015520000,1015600000,11960,2294
12695,1015600000,1015680000,19983,3971
12696,1015680000,1015760000,21445,4222
12697,1015760000,1015840000,15976,3361
12698,1015840000,1015920000,13142,2485
12699,1015920000,1016000000,22061,3999
12700,1016000000,1016080000,19709,3886
12701,1016080000,1016160000,15721,3443
12702,1016160000,1016240000,13477,2733
12703,1016240000,1016320000,19500,3989
12704,1016320000,1016400000,18280,3620
12705,1016400000,1016480000,15281,3364
12706,1016480000,1016560000,15783,3081
12707,1016560000,1016640000,21362,4006
12708,1016640000,1016720000,17843,3617
12709,1016720000,1016800000,14829,3129
12710,1016800000,1016880000,16534,3305
12711,1016880000,1016960000,20194,4006
12712,1016960000,1017040000,17536,3593
12713,1017040000,1017120000,14514,3022
12714,1017120000,1017200000,17581,3437
12715,1017200000,1017280000,21936,4108
12716,1017280000,1017360000,16369,3568
12717,1017360000,1017440000,12237,2584
12718,1017440000,1017520000,18581,3776
12719,1017520000,1017600000,21321,4149
12720,1017600000,1017680000,16547,3556
12721,1017680000,1017760000,12017,2364
12722,1017760000,1017840000,20845,3981
12723,1017840000,1017920000,23378,4307
12724,1017920000,1018000000,15879,3482
12725,1018000000,1018080000,11663,2294
12726,1018080000,1018160000,20228,3970
12727,1018160000,1018240000,21979,4221
12728,1018240000,1018320000,15524,3361
12729,1018320000,1018400000,12774,2485
12730,1018400000,1018480000,21902,4002
12731,1018480000,1018560000,20082,3891
12732,1018560000,1018640000,15684,3443
12733,1018640000,1018720000,12673,2733
12734,1018720000,1018800000,19046,3992
12735,1018800000,1018880000,18319,3621
12736,1018880000,1018960000,14967,3364
12737,1018960000,1019040000,15407,3081
12738,1019040000,1019120000,21823,4007
12739,1019120000,1019200000,17978,3616
12740,1019200000,1019280000,14805,3129
12741,1019280000,1019360000,16591,3305
12742,1019360000,1019440000,20294,4005
12743,1019440000,1019520000,17416,3596
12744,1019520000,1019600000,14535,3022
12745,1019600000,1019680000,17637,3437
12746,1019680000,1019760000,22402,4107
12747,1019760000,1019840000,16473,3573
12748,1019840000,1019920000,12887,2584
12749,1019920000,1020000000,19074,3775
12750,1020000000,1020080000,21194,4155
12751,1020080000,1020160000,16746,3559
12752,1020160000,1020240000,12450,2364
12753,1020240000,1020320000,20970,3988
12754,1020320000,1020400000,23257,4307
12755,1020400000,1020480000,15975,3483
12756,1020480000,1020560000,11774,2294
12757,1020560000,1020640000,19796,3971
12758,1020640000,1020720000,22254,4222
12759,1020720000,1020800000,15357,3361
12760,1020800000,1020880000,12617,2485
12761,1020880000,1020960000,21642,4005
12762,1020960000,1021040000,20352,3880
12763,1021040000,1021120000,15820,3443
12764,1021120000,1021200000,13597,2733
12765,1021200000,1021280000,20135,3989
12766,1021280000,1021360000,18593,3620
12767,1021360000,1021440000,15301,3364
12768,1021440000,1021520000,15608,3081
12769,1021520000,1021600000,22171,4006
12770,1021600000,1021680000,18252,3617
12771,1021680000,1021760000,14718,3129
12772,1021760000,1021840000,16780,3305
12773,1021840000,1021920000,21046,4006
12774,1021920000,1022000000,17617,3593
12775,1022000000,1022080000,14461,3022
12776,1022080000,1022160000,17832,3437
12777,1022160000,1022240000,21840,4114
12778,1022240000,1022320000,16304,3568
12779,1022320000,1022400000,12645,2584
12780,1022400000,1022480000,18887,3776
12781,1022480000,1022560000,20872,4155
12782,1022560000,1022640000,16780,3556
12783,1022640000,1022720000,12050,2364
12784,1022720000,1022800000,21033,3981
12785,1022800000,1022880000,23284,4307
12786,1022880000,1022960000,16002,3482
12787,1022960000,1023040000,11914,2294
12788,1023040000,1023120000,19936,3970
12789,1023120000,1023200000,21889,4229
12790,1023200000,1023280000,15553,3361
12791,1023280000,1023360000,12397,2485
12792,1023360000,1023440000,21587,4002
12793,1023440000,1023520000,20026,3885
12794,1023520000,1023600000,15673,3443
12795,1023600000,1023680000,13691,2733
12796,1023680000,1023760000,20072,3992
12797,1023760000,1023840000,18947,3629
12798,1023840000,1023920000,15591,3364
12799,1023920000,1024000000,16035,3081
12800,1024000000,1024080000,22402,4001
12801,1024080000,1024160000,18108,3610
12802,1024160000,1024240000,15051,3129
12803,1024240000,1024320000,16646,3305
12804,1024320000,1024400000,20387,4005
12805,1024400000,1024480000,17448,3598
12806,1024480000,1024560000,14512,3022
12807,1024560000,1024640000,17835,3437
12808,1024640000,1024720000,22366,4107
12809,1024720000,1024800000,16263,3573
12810,1024800000,1024880000,12539,2584
12811,1024880000,1024960000,18809,3775
12812,1024960000,1025040000,21032,4159
12813,1025040000,1025120000,16737,3565
12814,1025120000,1025200000,12301,2364
12815,1025200000,1025280000,21235,3982
12816,1025280000,1025360000,23911,4301
12817,1025360000,1025440000,16048,3483
12818,1025440000,1025520000,12118,2294
12819,1025520000,1025600000,20199,3971
12820,1025600000,1025680000,22310,4222
12821,1025680000,1025760000,15746,3361
12822,1025760000,1025840000,13077,2485
12823,1025840000,1025920000,21822,3999
12824,1025920000,1026000000,20350,3880
12825,1026000000,1026080000,16062,3443
12826,1026080000,1026160000,14005,2733
12827,1026160000,1026240000,20095,3995
12828,1026240000,1026320000,18511,3626
12829,1026320000,1026400000,15815,3364
12830,1026400000,1026480000,16607,3081
12831,1026480000,1026560000,22130,4012
12832,1026560000,1026640000,18190,3617
12833,1026640000,1026720000,15525,3129
12834,1026720000,1026800000,17746,3305
12835,1026800000,1026880000,20649,4006
12836,1026880000,1026960000,17705,3593
12837,1026960000,1027040000,14633,3022
12838,1027040000,1027120000,17362,3437
12839,1027120000,1027200000,22059,4114
12840,1027200000,1027280000,16383,3568
12841,1027280000,1027360000,12473,2584
12842,1027360000,1027440000,18925,3776
12843,1027440000,1027520000,20831,4149
12844,1027520000,1027600000,16759,3556
12845,1027600000,1027680000,12335,2364
12846,1027680000,1027760000,21041,3987
12847,1027760000,1027840000,23568,4307
12848,1027840000,1027920000,15943,3482
12849,1027920000,1028000000,11577,2294
12850,1028000000,1028080000,19558,3970
12851,1028080000,1028160000,21737,4215
12852,1028160000,1028240000,15418,3361
12853,1028240000,1028320000,12445,2485
12854,1028320000,1028400000,21834,4002
12855,1028400000,1028480000,20082,3885
12856,1028480000,1028560000,15813,3443
12857,1028560000,1028640000,13555,2733
12858,1028640000,1028720000,19757,3992
12859,1028720000,1028800000,18882,3621
12860,1028800000,1028880000,15709,3364
12861,1028880000,1028960000,16063,3081
12862,1028960000,1029040000,22146,4007
12863,1029040000,1029120000,17822,3610
12864,1029120000,1029200000,15003,3129
12865,1029200000,1029280000,16762,3305
12866,1029280000,1029360000,20081,4005
12867,1029360000,1029440000,17270,3590
12868,1029440000,1029520000,14412,3022
12869,1029520000,1029600000,17917,3437
12870,1029600000,1029680000,22325,4107
12871,1029680000,1029760000,16490,3573
12872,1029760000,1029840000,12377,2584
12873,1029840000,1029920000,18449,3775
12874,1029920000,1030000000,21136,4155
12875,1030000000,1030080000,16649,3559
12876,1030080000,1030160000,12135,2364
12877,1030160000,1030240000,20874,3982
12878,1030240000,1030320000,23240,4301
12879,1030320000,1030400000,15946,3483
12880,1030400000,1030480000,11641,2294
12881,1030480000,1030560000,19954,3971
12882,1030560000,1030640000,21871,4222
12883,1030640000,1030720000,15595,3361
12884,1030720000,1030800000,12719,2485
12885,1030800000,1030880000,22039,3999
12886,1030880000,1030960000,19965,3880
12887,1030960000,1031040000,16012,3443
12888,1031040000,1031120000,13648,2733
12889,1031120000,1031200000,19430,3989
12890,1031200000,1031280000,18679,3620
12891,1031280000,1031360000,15791,3364
12892,1031360000,1031440000,16547,3081
12893,1031440000,1031520000,22682,4006
12894,1031520000,1031600000,18172,3617
12895,1031600000,1031680000,15165,3129
12896,1031680000,1031760000,16866,3305
12897,1031760000,1031840000,20206,4006
12898,1031840000,1031920000,17608,3593
12899,1031920000,1032000000,14578,3022
12900,1032000000,1032080000,18021,3437
12901,1032080000,1032160000,22077,4108
12902,1032160000,1032240000,16133,3568
12903,1032240000,1032320000,12917,2584
12904,1032320000,1032400000,19286,3779
12905,1032400000,1032480000,20287,4152
12906,1032480000,1032560000,16848,3556
12907,1032560000,1032640000,12067,2364
12908,1032640000,1032720000,20974,3981
12909,1032720000,1032800000,23261,4307
12910,1032800000,1032880000,15954,3482
12911,1032880000,1032960000,11991,2294
12912,1032960000,1033040000,19978,3970
12913,1033040000,1033120000,21806,4215
12914,1033120000,1033200000,15743,3361
12915,1033200000,1033280000,12794,2485
12916,1033280000,1033360000,22341,4008
12917,1033360000,1033440000,20180,3891
12918,1033440000,1033520000,16080,3443
12919,1033520000,1033600000,13570,2733
12920,1033600000,1033680000,19573,3992
12921,1033680000,1033760000,18809,3621
12922,1033760000,1033840000,15532,3364
12923,1033840000,1033920000,15240,3081
12924,1033920000,1034000000,22515,4001
12925,1034000000,1034080000,18233,3610
12926,1034080000,1034160000,14820,3129
12927,1034160000,1034240000,16707,3305
12928,1034240000,1034320000,20124,4014
12929,1034320000,1034400000,17181,3593
12930,1034400000,1034480000,14274,3022
12931,1034480000,1034560000,17464,3437
12932,1034560000,1034640000,21863,4107
12933,1034640000,1034720000,16480,3573
12934,1034720000,1034800000,12452,2584
12935,1034800000,1034880000,18762,3775
12936,1034880000,1034960000,20657,4155
12937,1034960000,1035040000,16610,3559
12938,1035040000,1035120000,11999,2364
12939,1035120000,1035200000,20700,3982
12940,1035200000,1035280000,23424,4301
12941,1035280000,1035360000,16098,3483
12942,1035360000,1035440000,11787,2294
12943,1035440000,1035520000,19758,3971
12944,1035520000,1035600000,21556,4222
12945,1035600000,1035680000,15779,3361
12946,1035680000,1035760000,12928,2485
12947,1035760000,1035840000,21452,3999
12948,1035840000,1035920000,19688,3880
12949,1035920000,1036000000,16041,3443
12950,1036000000,1036080000,13854,2733
12951,1036080000,1036160000,19547,3992
12952,1036160000,1036240000,18467,3623
12953,1036240000,1036320000,15837,3364
12954,1036320000,1036400000,16428,3081
12955,1036400000,1036480000,22374,4006
12956,1036480000,1036560000,18032,3617
12957,1036560000,1036640000,15287,3129
12958,1036640000,1036720000,17045,3305
12959,1036720000,1036800000,19785,4006
12960,1036800000,1036880000,17849,3593
12961,1036880000,1036960000,14986,3022
12962,1036960000,1037040000,18237,3437
12963,1037040000,1037120000,22602,4108
12964,1037120000,1037200000,16583,3568
12965,1037200000,1037280000,12424,2584
12966,1037280000,1037360000,18352,3776
12967,1037360000,1037440000,20677,4149
12968,1037440000,1037520000,16814,3556
12969,1037520000,1037600000,12099,2364
12970,1037600000,1037680000,21100,3981
12971,1037680000,1037760000,23658,4307
12972,1037760000,1037840000,15888,3482
12973,1037840000,1037920000,11851,2294
12974,1037920000,1038000000,19538,3970
12975,1038000000,1038080000,21673,4215
12976,1038080000,1038160000,15207,3361
12977,1038160000,1038240000,12274,2485
12978,1038240000,1038320000,21004,4002
12979,1038320000,1038400000,20044,3885
12980,1038400000,1038480000,15296,3443
12981,1038480000,1038560000,12956,2733
12982,1038560000,1038640000,18774,3992
12983,1038640000,1038720000,18322,3621
12984,1038720000,1038800000,15120,3364
12985,1038800000,1038880000,15773,3081
12986,1038880000,1038960000,21283,4001
12987,1038960000,1039040000,17649,3610
12988,1039040000,1039120000,14981,3129
12989,1039120000,1039200000,16993,3305
12990,1039200000,1039280000,20064,4005
12991,1039280000,1039360000,17323,3590
12992,1039360000,1039440000,14506,3022
12993,1039440000,1039520000,17677,3437
12994,1039520000,1039600000,22210,4107
12995,1039600000,1039680000,16471,3573
12996,1039680000,1039760000,12716,2584
12997,1039760000,1039840000,19049,3775
12998,1039840000,1039920000,20938,4155
12999,1039920000,1040000000,16796,3559
13000,1040000000,1040080000,12292,2364
13001,1040080000,1040160000,20836,3982
13002,1040160000,1040240000,23164,4301
13003,1040240000,1040320000,16127,3483
13004,1040320000,1040400000,11916,2294
13005,1040400000,1040480000,20050,3971
13006,1040480000,1040560000,21636,4228
13007,1040560000,1040640000,15569,3361
13008,1040640000,1040720000,12824,2485
13009,1040720000,1040800000,21515,3999
13010,1040800000,1040880000,19996,3880
13011,1040880000,1040960000,15927,3443
13012,1040960000,1041040000,13563,2733
13013,1041040000,1041120000,19479,3989
13014,1041120000,1041200000,18299,3620
13015,1041200000,1041280000,15606,3364
13016,1041280000,1041360000,16115,3081
13017,1041360000,1041440000,21644,4012
13018,1041440000,1041520000,18031,3629
13019,1041520000,1041600000,14969,3129
13020,1041600000,1041680000,16905,3305
13021,1041680000,1041760000,20504,4006
13022,1041760000,1041840000,17429,3593
13023,1041840000,1041920000,14682,3022
13024,1041920000,1042000000,17738,3437
13025,1042000000,1042080000,21472,4108
13026,1042080000,1042160000,16417,3568
13027,1042160000,1042240000,12833,2584
13028,1042240000,1042320000,19155,3776
13029,1042320000,1042400000,21478,4149
13030,1042400000,1042480000,16984,3556
13031,1042480000,1042560000,12592,2364
13032,1042560000,1042640000,21443,3981
13033,1042640000,1042720000,23566,4307
13034,1042720000,1042800000,16364,3482
13035,1042800000,1042880000,11955,2294
13036,1042880000,1042960000,20041,3970
13037,1042960000,1043040000,22240,4215
13038,1043040000,1043120000,15785,3361
13039,1043120000,1043200000,12646,2485
13040,1043200000,1043280000,21653,4002
13041,1043280000,1043360000,19877,3885
13042,1043360000,1043440000,15946,3443
13043,1043440000,1043520000,13842,2733
13044,1043520000,1043600000,20238,4002
13045,1043600000,1043680000,19192,3621
13046,1043680000,1043760000,15728,3364
13047,1043760000,1043840000,16051,3081
13048,1043840000,1043920000,22717,4001
13049,1043920000,1044000000,18056,3610
13050,1044000000,1044080000,15243,3129
13051,1044080000,1044160000,17327,3305
13052,1044160000,1044240000,20454,4005
13053,1044240000,1044320000,17595,3590
13054,1044320000,1044400000,14830,3022
13055,1044400000,1044480000,18074,3437
13056,1044480000,1044560000,21880,4107
13057,1044560000,1044640000,16611,3573
13058,1044640000,1044720000,12917,2584
13059,1044720000,1044800000,18925,3775
13060,1044800000,1044880000,21537,4155
13061,1044880000,1044960000,16894,3559
13062,1044960000,1045040000,12467,2364
13063,1045040000,1045120000,21205,3982
13064,1045120000,1045200000,23702,4301
13065,1045200000,1045280000,16271,3483
13066,1045280000,1045360000,12343,2294
13067,1045360000,1045440000,20344,3971
13068,1045440000,1045520000,21876,4222
13069,1045520000,1045600000,16075,3361
13070,1045600000,1045680000,13261,2485
13071,1045680000,1045760000,21991,3999
13072,1045760000,1045840000,20314,3880
13073,1045840000,1045920000,16336,3443
13074,1045920000,1046000000,14313,2733
13075,1046000000,1046080000,20731,3989
13076,1046080000,1046160000,18388,3620
13077,1046160000,1046240000,16060,3364
13078,1046240000,1046320000,16789,3081
13079,1046320000,1046400000,22262,4006
13080,1046400000,1046480000,18244,3617
13081,1046480000,1046560000,15668,3129
13082,1046560000,1046640000,17466,3305
13083,1046640000,1046720000,20911,4006
13084,1046720000,1046800000,18200,3593
13085,1046800000,1046880000,14946,3022
13086,1046880000,1046960000,17717,3437
13087,1046960000,1047040000,22341,4108
13088,1047040000,1047120000,16722,3568
13089,1047120000,1047200000,12481,2584
13090,1047200000,1047280000,18681,3776
13091,1047280000,1047360000,21099,4149
13092,1047360000,1047440000,16633,3556
13093,1047440000,1047520000,12063,2364
13094,1047520000,1047600000,20856,3981
13095,1047600000,1047680000,23570,4307
13096,1047680000,1047760000,15877,3482
13097,1047760000,1047840000,11744,2294
13098,1047840000,1047920000,20088,3970
13099,1047920000,1048000000,21826,4215
13100,1048000000,1048080000,15563,3361
13101,1048080000,1048160000,12964,2485
13102,1048160000,1048240000,21805,4002
13103,1048240000,1048320000,19852,3885
13104,1048320000,1048400000,15867,3443
13105,1048400000,1048480000,13492,2733
13106,1048480000,1048560000,19354,3998
13107,1048560000,1048640000,18784,3627
13108,1048640000,1048720000,15565,3364
13109,1048720000,1048800000,16075,3081
13110,1048800000,1048880000,22286,4001
13111,1048880000,1048960000,17972,3610
13112,1048960000,1049040000,14878,3129
13113,1049040000,1049120000,16603,3305
13114,1049120000,1049200000,20312,4011
13115,1049200000,1049280000,17449,3596
13116,1049280000,1049360000,14108,3022
13117,1049360000,1049440000,17391,3437
13118,1049440000,1049520000,22352,4107
13119,1049520000,1049600000,16612,3579
13120,1049600000,1049680000,12328,2584
13121,1049680000,1049760000,18856,3775
13122,1049760000,1049840000,21181,4155
13123,1049840000,1049920000,16719,3559
13124,1049920000,1050000000,12217,2364
13125,1050000000,1050080000,21115,3982
13126,1050080000,1050160000,23368,4301
13127,1050160000,1050240000,15935,3483
13128,1050240000,1050320000,12036,2294
13129,1050320000,1050400000,20002,3971
13130,1050400000,1050480000,22387,4222
13131,1050480000,1050560000,15539,3361
13132,1050560000,1050640000,13002,2485
13133,1050640000,1050720000,21938,3999
13134,1050720000,1050800000,19992,3880
13135,1050800000,1050880000,15925,3443
13136,1050880000,1050960000,13797,2733
13137,1050960000,1051040000,19756,3989
13138,1051040000,1051120000,18552,3620
13139,1051120000,1051200000,15851,3364
13140,1051200000,1051280000,16600,3081
13141,1051280000,1051360000,22116,4006
13142,1051360000,1051440000,17987,3617
13143,1051440000,1051520000,14765,3129
13144,1051520000,1051600000,16363,3305
13145,1051600000,1051680000,20765,4006
13146,1051680000,1051760000,17676,3593
13147,1051760000,1051840000,14077,3022
13148,1051840000,1051920000,17305,3437
13149,1051920000,1052000000,22477,4108
13150,1052000000,1052080000,16274,3574
13151,1052080000,1052160000,12384,2584
13152,1052160000,1052240000,19032,3776
13153,1052240000,1052320000,20739,4149
13154,1052320000,1052400000,16955,3556
13155,1052400000,1052480000,12137,2364
13156,1052480000,1052560000,21246,3981
13157,1052560000,1052640000,23470,4307
13158,1052640000,1052720000,16098,3482
13159,1052720000,1052800000,12082,2294
13160,1052800000,1052880000,19880,3976
13161,1052880000,1052960000,21957,4223
13162,1052960000,1053040000,15722,3361
13163,1053040000,1053120000,12955,2485
13164,1053120000,1053200000,21804,4002
13165,1053200000,1053280000,20079,3885
13166,1053280000,1053360000,16056,3443
13167,1053360000,1053440000,14209,2733
13168,1053440000,1053520000,19724,3992
13169,1053520000,1053600000,18754,3621
13170,1053600000,1053680000,16073,3364
13171,1053680000,1053760000,16192,3081
13172,1053760000,1053840000,22403,4007
13173,1053840000,1053920000,18156,3610
13174,1053920000,1054000000,15373,3129
13175,1054000000,1054080000,17406,3305
13176,1054080000,1054160000,20249,4011
13177,1054160000,1054240000,17419,3590
13178,1054240000,1054320000,14574,3022
13179,1054320000,1054400000,17763,3437
13180,1054400000,1054480000,21876,4107
13181,1054480000,1054560000,16406,3579
13182,1054560000,1054640000,12734,2584
13183,1054640000,1054720000,19154,3775
13184,1054720000,1054800000,21203,4155
13185,1054800000,1054880000,16830,3559
13186,1054880000,1054960000,12375,2364
13187,1054960000,1055040000,21190,3982
13188,1055040000,1055120000,23161,4301
13189,1055120000,1055200000,16283,3483
13190,1055200000,1055280000,12261,2294
13191,1055280000,1055360000,20426,3971
13192,1055360000,1055440000,22145,4222
13193,1055440000,1055520000,16124,3361
13194,1055520000,1055600000,13340,2485
13195,1055600000,1055680000,21788,4005
13196,1055680000,1055760000,20133,3886
13197,1055760000,1055840000,16310,3443
13198,1055840000,1055920000,14297,2733
13199,1055920000,1056000000,20328,3989
13200,1056000000,1056080000,18776,3620
13201,1056080000,1056160000,15709,3364
13202,1056160000,1056240000,16040,3081
13203,1056240000,1056320000,22064,4006
13204,1056320000,1056400000,18171,3617
13205,1056400000,1056480000,15076,3129
13206,1056480000,1056560000,16888,3305
13207,1056560000,1056640000,20640,4012
13208,1056640000,1056720000,17766,3593
13209,1056720000,1056800000,14610,3022
13210,1056800000,1056880000,18032,3437
13211,1056880000,1056960000,22140,4108
13212,1056960000,1057040000,16730,3568
13213,1057040000,1057120000,12286,2584
13214,1057120000,1057200000,19006,3776
13215,1057200000,1057280000,21085,4149
13216,1057280000,1057360000,16865,3556
13217,1057360000,1057440000,12015,2364
13218,1057440000,1057520000,21042,3981
13219,1057520000,1057600000,23677,4307
13220,1057600000,1057680000,16021,3482
13221,1057680000,1057760000,12045,2294
13222,1057760000,1057840000,20123,3970
13223,1057840000,1057920000,21971,4215
13224,1057920000,1058000000,15791,3361
13225,1058000000,1058080000,13174,2485
13226,1058080000,1058160000,21842,4008
13227,1058160000,1058240000,20277,3885
13228,1058240000,1058320000,16015,3443
13229,1058320000,1058400000,13568,2733
13230,1058400000,1058480000,19107,3992
13231,1058480000,1058560000,18436,3621
13232,1058560000,1058640000,15588,3364
13233,1058640000,1058720000,16478,3081
13234,1058720000,1058800000,22381,4001
13235,1058800000,1058880000,18184,3610
13236,1058880000,1058960000,15472,3129
13237,1058960000,1059040000,17722,3305
13238,1059040000,1059120000,21066,4005
13239,1059120000,1059200000,17841,3590
13240,1059200000,1059280000,14892,3022
13241,1059280000,1059360000,18329,3437
13242,1059360000,1059440000,22390,4113
13243,1059440000,1059520000,16894,3573
13244,1059520000,1059600000,12884,2584
13245,1059600000,1059680000,19611,3775
13246,1059680000,1059760000,21046,4155
13247,1059760000,1059840000,16926,3559
13248,1059840000,1059920000,12409,2364
13249,1059920000,1060000000,21006,3982
13250,1060000000,1060080000,23419,4301
13251,1060080000,1060160000,16175,3483
13252,1060160000,1060240000,12289,2294
13253,1060240000,1060320000,20568,3971
13254,1060320000,1060400000,22791,4222
13255,1060400000,1060480000,15692,3361
13256,1060480000,1060560000,12929,2485
13257,1060560000,1060640000,21940,3999
13258,1060640000,1060720000,20248,3886
13259,1060720000,1060800000,16005,3443
13260,1060800000,1060880000,13839,2733
13261,1060880000,1060960000,20152,3989
13262,1060960000,1061040000,18895,3620
13263,1061040000,1061120000,15594,3364
13264,1061120000,1061200000,16025,3081
13265,1061200000,1061280000,22188,4006
13266,1061280000,1061360000,18459,3623
13267,1061360000,1061440000,15151,3129
13268,1061440000,1061520000,17270,3305
13269,1061520000,1061600000,21032,4006
13270,1061600000,1061680000,17710,3593
13271,1061680000,1061760000,14956,3022
13272,1061760000,1061840000,18251,3437
13273,1061840000,1061920000,22514,4108
13274,1061920000,1062000000,16534,3568
13275,1062000000,1062080000,13151,2584
13276,1062080000,1062160000,19658,3776
13277,1062160000,1062240000,21481,4149
13278,1062240000,1062320000,17150,3556
13279,1062320000,1062400000,12710,2364
13280,1062400000,1062480000,21793,3981
13281,1062480000,1062560000,23650,4307
13282,1062560000,1062640000,16509,3482
13283,1062640000,1062720000,12440,2294
13284,1062720000,1062800000,20462,3970
13285,1062800000,1062880000,21652,4227
13286,1062880000,1062960000,15916,3361
13287,1062960000,1063040000,12789,2485
13288,1063040000,1063120000,21414,4002
13289,1063120000,1063200000,20358,3885
13290,1063200000,1063280000,15781,3443
13291,1063280000,1063360000,13955,2733
13292,1063360000,1063440000,20060,3995
13293,1063440000,1063520000,18863,3624
13294,1063520000,1063600000,15818,3364
13295,1063600000,1063680000,16258,3081
13296,1063680000,1063760000,22421,4007
13297,1063760000,1063840000,18145,3616
13298,1063840000,1063920000,15303,3129
13299,1063920000,1064000000,17068,3305
13300,1064000000,1064080000,20474,4005
13301,1064080000,1064160000,17483,3596
13302,1064160000,1064240000,14749,3022
13303,1064240000,1064320000,18184,3437
13304,1064320000,1064400000,22430,4113
13305,1064400000,1064480000,16534,3573
13306,1064480000,1064560000,12920,2584
13307,1064560000,1064640000,19471,3775
13308,1064640000,1064720000,21383,4155
13309,1064720000,1064800000,17004,3559
13310,1064800000,1064880000,12742,2364
13311,1064880000,1064960000,21447,3982
13312,1064960000,1065040000,23782,4301
13313,1065040000,1065120000,16110,3483
13314,1065120000,1065200000,11861,2294
13315,1065200000,1065280000,19543,3971
13316,1065280000,1065360000,21734,4222
13317,1065360000,1065440000,15243,3361
13318,1065440000,1065520000,12101,2485
13319,1065520000,1065600000,21153,3999
13320,1065600000,1065680000,19966,3880
13321,1065680000,1065760000,15384,3443
13322,1065760000,1065840000,13047,2733
13323,1065840000,1065920000,19605,3989
13324,1065920000,1066000000,18254,3620
13325,1066000000,1066080000,15154,3364
13326,1066080000,1066160000,15411,3081
13327,1066160000,1066240000,21822,4006
13328,1066240000,1066320000,17859,3617
13329,1066320000,1066400000,14790,3129
13330,1066400000,1066480000,16518,3305
13331,1066480000,1066560000,20383,4006
13332,1066560000,1066640000,17603,3593
13333,1066640000,1066720000,14235,3022
13334,1066720000,1066800000,16770,3437
13335,1066800000,1066880000,21549,4108
13336,1066880000,1066960000,16396,3568
13337,1066960000,1067040000,12211,2584
13338,1067040000,1067120000,18530,3776
13339,1067120000,1067200000,20785,4149
13340,1067200000,1067280000,16550,3556
13341,1067280000,1067360000,11866,2364
13342,1067360000,1067440000,20346,3981
13343,1067440000,1067520000,22678,4307
13344,1067520000,1067600000,15685,3482
13345,1067600000,1067680000,11463,2294
13346,1067680000,1067760000,19306,3970
13347,1067760000,1067840000,21494,4215
13348,1067840000,1067920000,15245,3361
13349,1067920000,1068000000,12322,2485
13350,1068000000,1068080000,21852,4002
13351,1068080000,1068160000,20120,3885
13352,1068160000,1068240000,15633,3443
13353,1068240000,1068320000,13306,2733
13354,1068320000,1068400000,19368,3995
13355,1068400000,1068480000,18623,3624
13356,1068480000,1068560000,15494,3364
13357,1068560000,1068640000,15633,3081
13358,1068640000,1068720000,22211,4001
13359,1068720000,1068800000,17822,3610
13360,1068800000,1068880000,15050,3129
13361,1068880000,1068960000,16780,3305
13362,1068960000,1069040000,20651,4005
13363,1069040000,1069120000,17590,3590
13364,1069120000,1069200000,14748,3022
13365,1069200000,1069280000,17996,3437
13366,1069280000,1069360000,22215,4107
13367,1069360000,1069440000,16602,3573
13368,1069440000,1069520000,12712,2584
13369,1069520000,1069600000,18837,3775
13370,1069600000,1069680000,20844,4155
13371,1069680000,1069760000,16743,3559
13372,1069760000,1069840000,12294,2364
13373,1069840000,1069920000,20909,3982
13374,1069920000,1070000000,23655,4301
13375,1070000000,1070080000,15758,3483
13376,1070080000,1070160000,11762,2294
13377,1070160000,1070240000,19868,3971
13378,1070240000,1070320000,22097,4222
13379,1070320000,1070400000,15452,3361
13380,1070400000,1070480000,12776,2485
13381,1070480000,1070560000,22190,3999
13382,1070560000,1070640000,20235,3880
13383,1070640000,1070720000,15622,3443
13384,1070720000,1070800000,13034,2733
13385,1070800000,1070880000,19234,3995
13386,1070880000,1070960000,18344,3626
13387,1070960000,1071040000,15022,3364
13388,1071040000,1071120000,15701,3081
13389,1071120000,1071200000,22102,4006
13390,1071200000,1071280000,17984,3617
13391,1071280000,1071360000,14523,3129
13392,1071360000,1071440000,16161,3305
13393,1071440000,1071520000,20567,4006
13394,1071520000,1071600000,17146,3593
13395,1071600000,1071680000,14173,3022
13396,1071680000,1071760000,17111,3437
13397,1071760000,1071840000,21721,4108
13398,1071840000,1071920000,16040,3568
13399,1071920000,1072000000,12513,2584
13400,1072000000,1072080000,18722,3776
13401,1072080000,1072160000,21205,4149
13402,1072160000,1072240000,16532,3556
13403,1072240000,1072320000,11981,2364
13404,1072320000,1072400000,20333,3981
13405,1072400000,1072480000,23238,4313
13406,1072480000,1072560000,15704,3482
13407,1072560000,1072640000,11910,2294
13408,1072640000,1072720000,19748,3970
13409,1072720000,1072800000,21688,4221
13410,1072800000,1072880000,15428,3361
13411,1072880000,1072960000,12768,2485
13412,1072960000,1073040000,21868,4002
13413,1073040000,1073120000,20447,3885
13414,1073120000,1073200000,15784,3443
13415,1073200000,1073280000,13866,2733
13416,1073280000,1073360000,19432,3992
13417,1073360000,1073440000,18510,3621
13418,1073440000,1073520000,15678,3364
13419,1073520000,1073600000,15750,3081
13420,1073600000,1073680000,21913,4001
13421,1073680000,1073760000,17840,3610
13422,1073760000,1073840000,15247,3129
13423,1073840000,1073920000,17144,3305
13424,1073920000,1074000000,20547,4005
13425,1074000000,1074080000,16891,3596
13426,1074080000,1074160000,14646,3022
13427,1074160000,1074240000,17585,3437
13428,1074240000,1074320000,21821,4107
13429,1074320000,1074400000,16331,3573
13430,1074400000,1074480000,12535,2584
13431,1074480000,1074560000,19039,3775
13432,1074560000,1074640000,21407,4155
13433,1074640000,1074720000,16572,3559
13434,1074720000,1074800000,12078,2364
13435,1074800000,1074880000,20511,3982
13436,1074880000,1074960000,23294,4301
13437,1074960000,1075040000,15958,3483
13438,1075040000,1075120000,11703,2294
13439,1075120000,1075200000,19773,3971
13440,1075200000,1075280000,21895,4222
13441,1075280000,1075360000,15725,3361
13442,1075360000,1075440000,12911,2485
13443,1075440000,1075520000,21982,3999
13444,1075520000,1075600000,20068,3886
13445,1075600000,1075680000,16122,3443
13446,1075680000,1075760000,14041,2733
13447,1075760000,1075840000,20118,3989
13448,1075840000,1075920000,18509,3620
13449,1075920000,1076000000,15935,3364
13450,1076000000,1076080000,16528,3081
13451,1076080000,1076160000,21961,4012
13452,1076160000,1076240000,18346,3617
13453,1076240000,1076320000,15119,3129
13454,1076320000,1076400000,16574,3305
13455,1076400000,1076480000,20896,4006
13456,1076480000,1076560000,17569,3593
13457,1076560000,1076640000,14747,3022
13458,1076640000,1076720000,17714,3437
13459,1076720000,1076800000,21714,4108
13460,1076800000,1076880000,16500,3574
13461,1076880000,1076960000,12644,2584
13462,1076960000,1077040000,18602,3776
13463,1077040000,1077120000,21495,4163
13464,1077120000,1077200000,16752,3556
13465,1077200000,1077280000,12241,2364
13466,1077280000,1077360000,20929,3981
13467,1077360000,1077440000,23480,4307
13468,1077440000,1077520000,16008,3482
13469,1077520000,1077600000,12025,2294
13470,1077600000,1077680000,19988,3970
13471,1077680000,1077760000,21944,4215
13472,1077760000,1077840000,15714,3361
13473,1077840000,1077920000,12907,2485
13474,1077920000,1078000000,21861,4014
13475,1078000000,1078080000,20379,3891
13476,1078080000,1078160000,16043,3443
13477,1078160000,1078240000,13649,2733
13478,1078240000,1078320000,19954,3992
13479,1078320000,1078400000,18825,3621
13480,1078400000,1078480000,15668,3364
13481,1078480000,1078560000,16239,3081
13482,1078560000,1078640000,21972,4001
13483,1078640000,1078720000,18197,3610
13484,1078720000,1078800000,15383,3129
13485,1078800000,1078880000,17404,3305
13486,1078880000,1078960000,20883,4011
13487,1078960000,1079040000,17604,3590
13488,1079040000,1079120000,15053,3022
13489,1079120000,1079200000,18101,3437
13490,1079200000,1079280000,22417,4107
13491,1079280000,1079360000,16850,3573
13492,1079360000,1079440000,13147,2584
13493,1079440000,1079520000,19499,3775
13494,1079520000,1079600000,22150,4155
13495,1079600000,1079680000,16970,3559
13496,1079680000,1079760000,12408,2364
13497,1079760000,1079840000,20981,3982
13498,1079840000,1079920000,23729,4301
13499,1079920000,1080000000,16264,3483
13500,1080000000,1080080000,12080,2294
13501,1080080000,1080160000,20456,3971
13502,1080160000,1080240000,22162,4222
13503,1080240000,1080320000,15934,3361
13504,1080320000,1080400000,13219,2485
13505,1080400000,1080480000,22289,3999
13506,1080480000,1080560000,20393,3880
13507,1080560000,1080640000,16326,3443
13508,1080640000,1080720000,13917,2733
13509,1080720000,1080800000,19999,3989
13510,1080800000,1080880000,18395,3626
13511,1080880000,1080960000,15947,3364
13512,1080960000,1081040000,16535,3081
13513,1081040000,1081120000,22217,4006
13514,1081120000,1081200000,17950,3617
13515,1081200000,1081280000,15566,3129
13516,1081280000,1081360000,17510,3305
13517,1081360000,1081440000,20691,4006
13518,1081440000,1081520000,17425,3599
13519,1081520000,1081600000,14981,3022
13520,1081600000,1081680000,17400,3437
13521,1081680000,1081760000,21992,4108
13522,1081760000,1081840000,16120,3568
13523,1081840000,1081920000,12926,2584
13524,1081920000,1082000000,18831,3776
13525,1082000000,1082080000,21382,4149
13526,1082080000,1082160000,16679,3556
13527,1082160000,1082240000,12722,2364
13528,1082240000,1082320000,21066,3981
13529,1082320000,1082400000,23732,4307
13530,1082400000,1082480000,16136,3482
13531,1082480000,1082560000,12192,2294
13532,1082560000,1082640000,20052,3970
13533,1082640000,1082720000,22121,4215
13534,1082720000,1082800000,15498,3361
13535,1082800000,1082880000,12326,2485
13536,1082880000,1082960000,20894,4002
13537,1082960000,1083040000,19487,3885
13538,1083040000,1083120000,15398,3443
13539,1083120000,1083200000,13677,2733
13540,1083200000,1083280000,20100,3992
13541,1083280000,1083360000,18594,3621
13542,1083360000,1083440000,15281,3364
13543,1083440000,1083520000,15784,3081
13544,1083520000,1083600000,22139,4001
13545,1083600000,1083680000,17944,3610
13546,1083680000,1083760000,14891,3129
13547,1083760000,1083840000,16922,3305
13548,1083840000,1083920000,20715,4005
13549,1083920000,1084000000,17371,3590
13550,1084000000,1084080000,14487,3022
13551,1084080000,1084160000,17571,3437
13552,1084160000,1084240000,22881,4107
13553,1084240000,1084320000,16282,3573
13554,1084320000,1084400000,12487,2584
13555,1084400000,1084480000,18623,3775
13556,1084480000,1084560000,21411,4155
13557,1084560000,1084640000,16429,3559
13558,1084640000,1084720000,12286,2364
13559,1084720000,1084800000,20818,3988
13560,1084800000,1084880000,23537,4301
13561,1084880000,1084960000,15851,3483
13562,1084960000,1085040000,12110,2294
13563,1085040000,1085120000,20279,3971
13564,1085120000,1085200000,22172,4228
13565,1085200000,1085280000,15560,3361
13566,1085280000,1085360000,12617,2485
13567,1085360000,1085440000,21613,3999
13568,1085440000,1085520000,20390,3880
13569,1085520000,1085600000,15743,3443
13570,1085600000,1085680000,13705,2733
13571,1085680000,1085760000,20363,3992
13572,1085760000,1085840000,18728,3623
13573,1085840000,1085920000,15501,3364
13574,1085920000,1086000000,16113,3081
13575,1086000000,1086080000,21879,4012
13576,1086080000,1086160000,18108,3623
13577,1086160000,1086240000,15221,3129
13578,1086240000,1086320000,16881,3305
13579,1086320000,1086400000,20797,4006
13580,1086400000,1086480000,17496,3593
13581,1086480000,1086560000,14784,3022
13582,1086560000,1086640000,17616,3437
13583,1086640000,1086720000,22447,4108
13584,1086720000,1086800000,16615,3568
13585,1086800000,1086880000,12740,2584
13586,1086880000,1086960000,19053,3776
13587,1086960000,1087040000,21423,4149
13588,1087040000,1087120000,16683,3556
13589,1087120000,1087200000,12449,2364
13590,1087200000,1087280000,20871,3981
13591,1087280000,1087360000,23378,4307
13592,1087360000,1087440000,15753,3482
13593,1087440000,1087520000,11794,2294
13594,1087520000,1087600000,19765,3970
13595,1087600000,1087680000,22053,4215
13596,1087680000,1087760000,15388,3361
13597,1087760000,1087840000,12831,2485
13598,1087840000,1087920000,21815,4002
13599,1087920000,1088000000,20269,3885
13600,1088000000,1088080000,15889,3443
13601,1088080000,1088160000,13906,2733
13602,1088160000,1088240000,19834,3992
13603,1088240000,1088320000,18746,3621
13604,1088320000,1088400000,15694,3364
13605,1088400000,1088480000,16274,3081
13606,1088480000,1088560000,22404,4001
13607,1088560000,1088640000,18035,3610
13608,1088640000,1088720000,15215,3129
13609,1088720000,1088800000,17033,3305
13610,1088800000,1088880000,20334,4005
13611,1088880000,1088960000,17272,3590
13612,1088960000,1089040000,14801,3022
13613,1089040000,1089120000,17647,3437
13614,1089120000,1089200000,22029,4107
13615,1089200000,1089280000,16501,3573
13616,1089280000,1089360000,12987,2584
13617,1089360000,1089440000,19083,3775
13618,1089440000,1089520000,21198,4155
13619,1089520000,1089600000,16894,3559
13620,1089600000,1089680000,12469,2364
13621,1089680000,1089760000,21287,3982
13622,1089760000,1089840000,23167,4301
13623,1089840000,1089920000,16033,3483
13624,1089920000,1090000000,11973,2294
13625,1090000000,1090080000,20101,3971
13626,1090080000,1090160000,22340,4228
13627,1090160000,1090240000,15709,3361
13628,1090240000,1090320000,13064,2485
13629,1090320000,1090400000,22048,3999
13630,1090400000,1090480000,20474,3880
13631,1090480000,1090560000,16215,3443
13632,1090560000,1090640000,13843,2733
13633,1090640000,1090720000,20336,3989
13634,1090720000,1090800000,18656,3620
13635,1090800000,1090880000,15868,3364
13636,1090880000,1090960000,16487,3081
13637,1090960000,1091040000,21492,4012
13638,1091040000,1091120000,18120,3617
13639,1091120000,1091200000,15254,3129
13640,1091200000,1091280000,16920,3305
13641,1091280000,1091360000,20893,4006
13642,1091360000,1091440000,17499,3593
13643,1091440000,1091520000,14874,3022
13644,1091520000,1091600000,17872,3437
13645,1091600000,1091680000,22000,4114
13646,1091680000,1091760000,16445,3568
13647,1091760000,1091840000,12766,2584
13648,1091840000,1091920000,19318,3776
13649,1091920000,1092000000,20828,4149
13650,1092000000,1092080000,17043,3556
13651,1092080000,1092160000,12299,2364
13652,1092160000,1092240000,21474,3981
13653,1092240000,1092320000,23750,4307
13654,1092320000,1092400000,16185,3482
13655,1092400000,1092480000,11739,2294
13656,1092480000,1092560000,19567,3970
13657,1092560000,1092640000,22056,4215
13658,1092640000,1092720000,15491,3361
13659,1092720000,1092800000,12244,2485
13660,1092800000,1092880000,21309,4002
13661,1092880000,1092960000,19861,3885
13662,1092960000,1093040000,15474,3443
13663,1093040000,1093120000,13300,2733
13664,1093120000,1093200000,19138,4001
13665,1093200000,1093280000,18697,3630
13666,1093280000,1093360000,15337,3364
13667,1093360000,1093440000,15135,3081
13668,1093440000,1093520000,22156,4001
13669,1093520000,1093600000,18063,3610
13670,1093600000,1093680000,14865,3129
13671,1093680000,1093760000,16506,3305
13672,1093760000,1093840000,19458,4005
13673,1093840000,1093920000,17177,3590
13674,1093920000,1094000000,14202,3022
13675,1094000000,1094080000,17111,3437
13676,1094080000,1094160000,22008,4107
13677,1094160000,1094240000,16200,3573
13678,1094240000,1094320000,12156,2584
13679,1094320000,1094400000,18275,3775
13680,1094400000,1094480000,21410,4161
13681,1094480000,1094560000,16603,3559
13682,1094560000,1094640000,11861,2364
13683,1094640000,1094720000,20502,3982
13684,1094720000,1094800000,23281,4307
13685,1094800000,1094880000,16050,3483
13686,1094880000,1094960000,11782,2294
13687,1094960000,1095040000,19804,3971
13688,1095040000,1095120000,22098,4222
13689,1095120000,1095200000,15890,3361
13690,1095200000,1095280000,12797,2485
13691,1095280000,1095360000,21957,3999
13692,1095360000,1095440000,20209,3880
13693,1095440000,1095520000,16065,3443
13694,1095520000,1095600000,13695,2733
13695,1095600000,1095680000,19597,3989
13696,1095680000,1095760000,18622,3626
13697,1095760000,1095840000,15762,3364
13698,1095840000,1095920000,16057,3081
13699,1095920000,1096000000,21994,4006
13700,1096000000,1096080000,17954,3617
13701,1096080000,1096160000,15338,3129
13702,1096160000,1096240000,16679,3305
13703,1096240000,1096320000,20519,4006
13704,1096320000,1096400000,17650,3593
13705,1096400000,1096480000,14608,3022
13706,1096480000,1096560000,17504,3437
13707,1096560000,1096640000,22233,4108
13708,1096640000,1096720000,16555,3568
13709,1096720000,1096800000,12401,2584
13710,1096800000,1096880000,18771,3776
13711,1096880000,1096960000,21382,4149
13712,1096960000,1097040000,16809,3556
13713,1097040000,1097120000,12051,2364
13714,1097120000,1097200000,20916,3981
13715,1097200000,1097280000,23751,4307
13716,1097280000,1097360000,16200,3482
13717,1097360000,1097440000,11746,2294
13718,1097440000,1097520000,20084,3970
13719,1097520000,1097600000,22232,4215
13720,1097600000,1097680000,15935,3361
13721,1097680000,1097760000,12839,2485
13722,1097760000,1097840000,22210,4002
13723,1097840000,1097920000,20627,3891
13724,1097920000,1098000000,15990,3443
13725,1098000000,1098080000,12920,2733
13726,1098080000,1098160000,18873,3991
13727,1098160000,1098240000,18234,3621
13728,1098240000,1098320000,15453,3364
13729,1098320000,1098400000,15839,3081
13730,1098400000,1098480000,21466,4001
13731,1098480000,1098560000,17988,3610
13732,1098560000,1098640000,15169,3129
13733,1098640000,1098720000,16881,3305
13734,1098720000,1098800000,20607,4005
13735,1098800000,1098880000,17569,3596
13736,1098880000,1098960000,14787,3022
13737,1098960000,1099040000,17848,3437
13738,1099040000,1099120000,22178,4107
13739,1099120000,1099200000,16819,3573
13740,1099200000,1099280000,13038,2584
13741,1099280000,1099360000,19441,3778
13742,1099360000,1099440000,21331,4158
13743,1099440000,1099520000,16892,3559
13744,1099520000,1099600000,12506,2364
13745,1099600000,1099680000,21046,3982
13746,1099680000,1099760000,22993,4301
13747,1099760000,1099840000,16435,3483
13748,1099840000,1099920000,12047,2294
13749,1099920000,1100000000,20067,3971
13750,1100000000,1100080000,22156,4222
13751,1100080000,1100160000,15905,3361
13752,1100160000,1100240000,12891,2485
13753,1100240000,1100320000,21636,4005
13754,1100320000,1100400000,20376,3886
13755,1100400000,1100480000,16422,3443
13756,1100480000,1100560000,13942,2733
13757,1100560000,1100640000,20376,3989
13758,1100640000,1100720000,18984,3620
13759,1100720000,1100800000,15708,3364
13760,1100800000,1100880000,15782,3081
13761,1100880000,1100960000,21871,4006
13762,1100960000,1101040000,18394,3617
13763,1101040000,1101120000,14917,3129
13764,1101120000,1101200000,16946,3305
13765,1101200000,1101280000,21025,4012
13766,1101280000,1101360000,17505,3593
13767,1101360000,1101440000,14613,3022
13768,1101440000,1101520000,18053,3437
13769,1101520000,1101600000,21709,4108
13770,1101600000,1101680000,16569,3574
13771,1101680000,1101760000,12682,2584
13772,1101760000,1101840000,19150,3776
13773,1101840000,1101920000,21223,4152
13774,1101920000,1102000000,16918,3559
13775,1102000000,1102080000,12221,2364
13776,1102080000,1102160000,20992,3981
13777,1102160000,1102240000,23383,4307
13778,1102240000,1102320000,16412,3482
13779,1102320000,1102400000,12002,2294
13780,1102400000,1102480000,20152,3970
13781,1102480000,1102560000,22189,4215
13782,1102560000,1102640000,15936,3361
13783,1102640000,1102720000,12289,2485
13784,1102720000,1102800000,21456,4002
13785,1102800000,1102880000,20070,3885
13786,1102880000,1102960000,15894,3443
13787,1102960000,1103040000,13418,2733
13788,1103040000,1103120000,20347,3995
13789,1103120000,1103200000,19091,3624
13790,1103200000,1103280000,15799,3364
13791,1103280000,1103360000,15892,3081
13792,1103360000,1103440000,22105,4001
13793,1103440000,1103520000,18175,3610
13794,1103520000,1103600000,14738,3129
13795,1103600000,1103680000,15510,3305
13796,1103680000,1103760000,20292,4005
13797,1103760000,1103840000,17200,3590
13798,1103840000,1103920000,13920,3022
13799,1103920000,1104000000,16640,3437
13800,1104000000,1104080000,22470,4107
13801,1104080000,1104160000,16009,3573
13802,1104160000,1104240000,12123,2584
13803,1104240000,1104320000,17838,3775
13804,1104320000,1104400000,20914,4155
13805,1104400000,1104480000,16273,3559
13806,1104480000,1104560000,11994,2364
13807,1104560000,1104640000,20672,3982
13808,1104640000,1104720000,24185,4301
13809,1104720000,1104800000,15702,3483
13810,1104800000,1104880000,11714,2294
13811,1104880000,1104960000,19666,3971
13812,1104960000,1105040000,22099,4228
13813,1105040000,1105120000,15324,3361
13814,1105120000,1105200000,12548,2485
13815,1105200000,1105280000,21422,3999
13816,1105280000,1105360000,20633,3880
13817,1105360000,1105440000,15522,3443
13818,1105440000,1105520000,13190,2733
13819,1105520000,1105600000,19687,3989
13820,1105600000,1105680000,18828,3620
13821,1105680000,1105760000,15193,3364
13822,1105760000,1105840000,15704,3081
13823,1105840000,1105920000,21902,4006
13824,1105920000,1106000000,18376,3617
13825,1106000000,1106080000,15005,3129
13826,1106080000,1106160000,16758,3305
13827,1106160000,1106240000,21235,4006
13828,1106240000,1106320000,17637,3603
13829,1106320000,1106400000,14379,3022
13830,1106400000,1106480000,16896,3437
13831,1106480000,1106560000,22407,4108
13832,1106560000,1106640000,16305,3568
13833,1106640000,1106720000,12467,2584
13834,1106720000,1106800000,18545,3776
13835,1106800000,1106880000,21491,4149
13836,1106880000,1106960000,16585,3556
13837,1106960000,1107040000,12284,2364
13838,1107040000,1107120000,20893,3987
13839,1107120000,1107200000,23742,4313
13840,1107200000,1107280000,15846,3482
13841,1107280000,1107360000,11494,2294
13842,1107360000,1107440000,19557,3970
13843,1107440000,1107520000,21857,4221
13844,1107520000,1107600000,15182,3361
13845,1107600000,1107680000,12117,2485
13846,1107680000,1107760000,21310,4002
13847,1107760000,1107840000,20620,3885
13848,1107840000,1107920000,15491,3443
13849,1107920000,1108000000,13076,2733
13850,1108000000,1108080000,19432,3992
13851,1108080000,1108160000,19026,3621
13852,1108160000,1108240000,15434,3364
13853,1108240000,1108320000,15567,3081
13854,1108320000,1108400000,22075,4007
13855,1108400000,1108480000,18157,3616
13856,1108480000,1108560000,14993,3129
13857,1108560000,1108640000,16561,3305
13858,1108640000,1108720000,20812,4005
13859,1108720000,1108800000,17452,3590
13860,1108800000,1108880000,14586,3022
13861,1108880000,1108960000,17615,3437
13862,1108960000,1109040000,22357,4113
13863,1109040000,1109120000,16654,3573
13864,1109120000,1109200000,12517,2584
13865,1109200000,1109280000,18164,3775
13866,1109280000,1109360000,21148,4155
13867,1109360000,1109440000,16659,3559
13868,1109440000,1109520000,12275,2364
13869,1109520000,1109600000,20903,3982
13870,1109600000,1109680000,23972,4307
13871,1109680000,1109760000,15865,3483
13872,1109760000,1109840000,11376,2294
13873,1109840000,1109920000,19278,3971
13874,1109920000,1110000000,21999,4222
13875,1110000000,1110080000,15333,3361
13876,1110080000,1110160000,12402,2484
13877,1110160000,1110240000,21866,3999
13878,1110240000,1110320000,20304,3880
13879,1110320000,1110400000,15676,3443
13880,1110400000,1110480000,13217,2733
13881,1110480000,1110560000,19634,3989
13882,1110560000,1110640000,19146,3620
13883,1110640000,1110720000,15427,3364
13884,1110720000,1110800000,16065,3081
13885,1110800000,1110880000,22508,4006
13886,1110880000,1110960000,18242,3617
13887,1110960000,1111040000,14903,3129
13888,1111040000,1111120000,16311,3305
13889,1111120000,1111200000,20552,4006
13890,1111200000,1111280000,17605,3593
13891,1111280000,1111360000,14331,3022
13892,1111360000,1111440000,17434,3437
13893,1111440000,1111520000,22470,4108
13894,1111520000,1111600000,16200,3568
13895,1111600000,1111680000,12692,2584
13896,1111680000,1111760000,18902,3776
13897,1111760000,1111840000,20800,4149
13898,1111840000,1111920000,16820,3556
13899,1111920000,1112000000,11769,2364
13900,1112000000,1112080000,20295,3981
13901,1112080000,1112160000,23932,4307
13902,1112160000,1112240000,15829,3482
13903,1112240000,1112320000,11622,2294
13904,1112320000,1112400000,19834,3970
13905,1112400000,1112480000,22202,4221
13906,1112480000,1112560000,15499,3361
13907,1112560000,1112640000,12374,2485
13908,1112640000,1112720000,21897,4002
13909,1112720000,1112800000,20791,3885
13910,1112800000,1112880000,15826,3443
13911,1112880000,1112960000,13490,2733
13912,1112960000,1113040000,20143,3998
13913,1113040000,1113120000,18667,3621
13914,1113120000,1113200000,15622,3364
13915,1113200000,1113280000,15433,3081
13916,1113280000,1113360000,22251,4007
13917,1113360000,1113440000,18362,3610
13918,1113440000,1113520000,15178,3129
13919,1113520000,1113600000,16893,3305
13920,1113600000,1113680000,20412,4005
13921,1113680000,1113760000,17655,3598
13922,1113760000,1113840000,14748,3022
13923,1113840000,1113920000,17663,3437
13924,1113920000,1114000000,22034,4113
13925,1114000000,1114080000,16531,3573
13926,1114080000,1114160000,12695,2584
13927,1114160000,1114240000,19013,3775
13928,1114240000,1114320000,21208,4159
13929,1114320000,1114400000,16619,3563
13930,1114400000,1114480000,11893,2364
13931,1114480000,1114560000,20607,3982
13932,1114560000,1114640000,23582,4301
13933,1114640000,1114720000,15937,3483
13934,1114720000,1114800000,11574,2294
13935,1114800000,1114880000,19452,3971
13936,1114880000,1114960000,21676,4222
13937,1114960000,1115040000,15515,3361
13938,1115040000,1115120000,12652,2485
13939,1115120000,1115200000,21504,3999
13940,1115200000,1115280000,20205,3880
13941,1115280000,1115360000,15725,3443
13942,1115360000,1115440000,13506,2733
13943,1115440000,1115520000,19226,3995
13944,1115520000,1115600000,18410,3626
13945,1115600000,1115680000,15582,3364
13946,1115680000,1115760000,16023,3081
13947,1115760000,1115840000,22207,4006
13948,1115840000,1115920000,18209,3623
13949,1115920000,1116000000,15157,3129
13950,1116000000,1116080000,16525,3305
13951,1116080000,1116160000,20415,4006
13952,1116160000,1116240000,17623,3593
13953,1116240000,1116320000,14794,3022
13954,1116320000,1116400000,17562,3437
13955,1116400000,1116480000,22561,4108
13956,1116480000,1116560000,16427,3568
13957,1116560000,1116640000,12493,2584
13958,1116640000,1116720000,18209,3776
13959,1116720000,1116800000,21442,4149
13960,1116800000,1116880000,16720,3556
13961,1116880000,1116960000,12018,2364
13962,1116960000,1117040000,20625,3981
13963,1117040000,1117120000,23909,4313
13964,1117120000,1117200000,15924,3482
13965,1117200000,1117280000,11826,2294
13966,1117280000,1117360000,19630,3970
13967,1117360000,1117440000,22016,4215
13968,1117440000,1117520000,15535,3361
13969,1117520000,1117600000,12643,2485
13970,1117600000,1117680000,21352,4002
13971,1117680000,1117760000,20053,3885
13972,1117760000,1117840000,15857,3443
13973,1117840000,1117920000,13420,2733
13974,1117920000,1118000000,18969,3992
13975,1118000000,1118080000,18550,3621
13976,1118080000,1118160000,15681,3364
13977,1118160000,1118240000,16260,3081
13978,1118240000,1118320000,22118,4001
13979,1118320000,1118400000,17858,3610
13980,1118400000,1118480000,15499,3129
13981,1118480000,1118560000,17328,3305
13982,1118560000,1118640000,20260,4005
13983,1118640000,1118720000,17397,3590
13984,1118720000,1118800000,14767,3022
13985,1118800000,1118880000,17658,3437
13986,1118880000,1118960000,22574,4107
13987,1118960000,1119040000,16674,3573
13988,1119040000,1119120000,12735,2584
13989,1119120000,1119200000,19097,3775
13990,1119200000,1119280000,21530,4155
13991,1119280000,1119360000,16760,3559
13992,1119360000,1119440000,12203,2364
13993,1119440000,1119520000,20846,3982
13994,1119520000,1119600000,23657,4307
13995,1119600000,1119680000,16127,3483
13996,1119680000,1119760000,11890,2294
13997,1119760000,1119840000,19954,3971
13998,1119840000,1119920000,22274,4222
13999,1119920000,1120000000,15592,3361
14000,1120000000,1120080000,12766,2485
14001,1120080000,1120160000,21874,3999
14002,1120160000,1120240000,20327,3880
14003,1120240000,1120320000,15882,3443
14004,1120320000,1120400000,13577,2733
14005,1120400000,1120480000,19149,3989
14006,1120480000,1120560000,18456,3620
14007,1120560000,1120640000,15553,3364
14008,1120640000,1120720000,16099,3081
14009,1120720000,1120800000,22254,4006
14010,1120800000,1120880000,17999,3617
14011,1120880000,1120960000,14998,3129
14012,1120960000,1121040000,16823,3305
14013,1121040000,1121120000,20349,4012
14014,1121120000,1121200000,17505,3593
14015,1121200000,1121280000,14556,3022
14016,1121280000,1121360000,17681,3437
14017,1121360000,1121440000,21879,4108
14018,1121440000,1121520000,16225,3568
14019,1121520000,1121600000,12673,2584
14020,1121600000,1121680000,18754,3776
14021,1121680000,1121760000,21358,4149
14022,1121760000,1121840000,16807,3556
14023,1121840000,1121920000,12239,2364
14024,1121920000,1122000000,21178,3981
14025,1122000000,1122080000,23740,4307
14026,1122080000,1122160000,16091,3482
14027,1122160000,1122240000,11831,2294
14028,1122240000,1122320000,19575,3976
14029,1122320000,1122400000,21630,4215
14030,1122400000,1122480000,15628,3361
14031,1122480000,1122560000,12360,2485
14032,1122560000,1122640000,21561,4008
14033,1122640000,1122720000,20359,3891
14034,1122720000,1122800000,15832,3443
14035,1122800000,1122880000,13555,2733
14036,1122880000,1122960000,19610,3995
14037,1122960000,1123040000,19131,3624
14038,1123040000,1123120000,15447,3364
14039,1123120000,1123200000,15518,3081
14040,1123200000,1123280000,22479,4001
14041,1123280000,1123360000,18064,3610
14042,1123360000,1123440000,14884,3129
14043,1123440000,1123520000,16763,3305
14044,1123520000,1123600000,20506,4011
14045,1123600000,1123680000,17506,3590
14046,1123680000,1123760000,14480,3022
14047,1123760000,1123840000,17524,3437
14048,1123840000,1123920000,22888,4107
14049,1123920000,1124000000,16467,3573
14050,1124000000,1124080000,12697,2584
14051,1124080000,1124160000,18786,3775
14052,1124160000,1124240000,21358,4155
14053,1124240000,1124320000,16653,3559
14054,1124320000,1124400000,12306,2364
14055,1124400000,1124480000,21093,3982
14056,1124480000,1124560000,23858,4301
14057,1124560000,1124640000,16099,3483
14058,1124640000,1124720000,12097,2294
14059,1124720000,1124800000,20056,3971
14060,1124800000,1124880000,21889,4222
14061,1124880000,1124960000,15986,3361
14062,1124960000,1125040000,13081,2485
14063,1125040000,1125120000,21885,3999
14064,1125120000,1125200000,20436,3880
14065,1125200000,1125280000,16201,3443
14066,1125280000,1125360000,13998,2733
14067,1125360000,1125440000,20085,3992
14068,1125440000,1125520000,19004,3623
14069,1125520000,1125600000,15640,3364
14070,1125600000,1125680000,16063,3081
14071,1125680000,1125760000,22605,4012
14072,1125760000,1125840000,18569,3617
14073,1125840000,1125920000,15095,3129
14074,1125920000,1126000000,16701,3305
14075,1126000000,1126080000,20739,4006
14076,1126080000,1126160000,17591,3593
14077,1126160000,1126240000,14604,3022
14078,1126240000,1126320000,17290,3437
14079,1126320000,1126400000,22990,4108
14080,1126400000,1126480000,16434,3568
14081,1126480000,1126560000,12737,2584
14082,1126560000,1126640000,18889,3776
14083,1126640000,1126720000,21466,4149
14084,1126720000,1126800000,16546,3556
14085,1126800000,1126880000,12369,2364
14086,1126880000,1126960000,20891,3981
14087,1126960000,1127040000,24209,4307
14088,1127040000,1127120000,15922,3482
14089,1127120000,1127200000,12003,2294
14090,1127200000,1127280000,20292,3970
14091,1127280000,1127360000,22283,4215
14092,1127360000,1127440000,15661,3361
14093,1127440000,1127520000,12956,2485
14094,1127520000,1127600000,21990,4002
14095,1127600000,1127680000,20500,3891
14096,1127680000,1127760000,15951,3443
14097,1127760000,1127840000,13572,2733
14098,1127840000,1127920000,19952,3995
14099,1127920000,1128000000,18836,3624
14100,1128000000,1128080000,15611,3364
14101,1128080000,1128160000,16178,3081
14102,1128160000,1128240000,22573,4001
14103,1128240000,1128320000,18209,3610
14104,1128320000,1128400000,15137,3129
14105,1128400000,1128480000,16941,3305
14106,1128480000,1128560000,21067,4005
14107,1128560000,1128640000,17380,3590
14108,1128640000,1128720000,14685,3022
14109,1128720000,1128800000,17776,3437
14110,1128800000,1128880000,22915,4113
14111,1128880000,1128960000,16553,3573
14112,1128960000,1129040000,12850,2584
14113,1129040000,1129120000,19131,3775
14114,1129120000,1129200000,21710,4155
14115,1129200000,1129280000,16836,3559
14116,1129280000,1129360000,12601,2364
14117,1129360000,1129440000,21508,3982
14118,1129440000,1129520000,23895,4301
14119,1129520000,1129600000,16181,3483
14120,1129600000,1129680000,12144,2294
14121,1129680000,1129760000,20116,3971
14122,1129760000,1129840000,22709,4228
14123,1129840000,1129920000,15710,3361
14124,1129920000,1130000000,13070,2485
14125,1130000000,1130080000,22171,4005
14126,1130080000,1130160000,20633,3880
14127,1130160000,1130240000,16077,3443
14128,1130240000,1130320000,13813,2733
14129,1130320000,1130400000,20219,3992
14130,1130400000,1130480000,18977,3623
14131,1130480000,1130560000,15912,3364
14132,1130560000,1130640000,16651,3081
14133,1130640000,1130720000,22155,4012
14134,1130720000,1130800000,18286,3629
14135,1130800000,1130880000,15019,3129
14136,1130880000,1130960000,16491,3305
14137,1130960000,1131040000,21094,4006
14138,1131040000,1131120000,17653,3593
14139,1131120000,1131200000,14505,3022
14140,1131200000,1131280000,17439,3437
14141,1131280000,1131360000,23109,4108
14142,1131360000,1131440000,16284,3568
14143,1131440000,1131520000,12836,2584
14144,1131520000,1131600000,19122,3776
14145,1131600000,1131680000,21079,4149
14146,1131680000,1131760000,16839,3556
14147,1131760000,1131840000,12389,2364
14148,1131840000,1131920000,21353,3981
14149,1131920000,1132000000,23908,4307
14150,1132000000,1132080000,16178,3482
14151,1132080000,1132160000,12036,2294
14152,1132160000,1132240000,20001,3970
14153,1132240000,1132320000,21995,4215
14154,1132320000,1132400000,15761,3361
14155,1132400000,1132480000,12896,2485
14156,1132480000,1132560000,22444,4002
14157,1132560000,1132640000,20551,3885
14158,1132640000,1132720000,16046,3443
14159,1132720000,1132800000,14066,2733
14160,1132800000,1132880000,20161,3992
14161,1132880000,1132960000,19034,3621
14162,1132960000,1133040000,16033,3364
14163,1133040000,1133120000,15957,3081
14164,1133120000,1133200000,22736,4001
14165,1133200000,1133280000,18279,3610
14166,1133280000,1133360000,15416,3129
14167,1133360000,1133440000,17224,3305
14168,1133440000,1133520000,20805,4005
14169,1133520000,1133600000,17290,3590
14170,1133600000,1133680000,14823,3022
14171,1133680000,1133760000,17798,3437
14172,1133760000,1133840000,22321,4107
14173,1133840000,1133920000,16269,3579
14174,1133920000,1134000000,12924,2584
14175,1134000000,1134080000,19068,3775
14176,1134080000,1134160000,21879,4155
14177,1134160000,1134240000,16855,3559
14178,1134240000,1134320000,12345,2364
14179,1134320000,1134400000,21292,3982
14180,1134400000,1134480000,23918,4301
14181,1134480000,1134560000,16363,3483
14182,1134560000,1134640000,12140,2294
14183,1134640000,1134720000,20411,3971
14184,1134720000,1134800000,22246,4222
14185,1134800000,1134880000,16223,3361
14186,1134880000,1134960000,13390,2485
14187,1134960000,1135040000,22407,3999
14188,1135040000,1135120000,20180,3880
14189,1135120000,1135200000,16541,3443
14190,1135200000,1135280000,14479,2733
14191,1135280000,1135360000,20308,3989
14192,1135360000,1135440000,18899,3620
14193,1135440000,1135520000,16192,3364
14194,1135520000,1135600000,16600,3081
14195,1135600000,1135680000,22489,4006
14196,1135680000,1135760000,18101,3617
14197,1135760000,1135840000,15723,3129
14198,1135840000,1135920000,17472,3305
14199,1135920000,1136000000,20955,4006
14200,1136000000,1136080000,17692,3599
14201,1136080000,1136160000,15397,3022
14202,1136160000,1136240000,18548,3437
14203,1136240000,1136320000,22674,4108
14204,1136320000,1136400000,16650,3568
14205,1136400000,1136480000,12701,2584
14206,1136480000,1136560000,19041,3776
14207,1136560000,1136640000,21668,4149
14208,1136640000,1136720000,16559,3556
14209,1136720000,1136800000,12105,2364
14210,1136800000,1136880000,20788,3981
14211,1136880000,1136960000,24204,4313
14212,1136960000,1137040000,15779,3482
14213,1137040000,1137120000,11893,2294
14214,1137120000,1137200000,20320,3970
14215,1137200000,1137280000,22230,4215
14216,1137280000,1137360000,15591,3361
14217,1137360000,1137440000,12932,2485
14218,1137440000,1137520000,21933,4002
14219,1137520000,1137600000,20393,3885
14220,1137600000,1137680000,15804,3443
14221,1137680000,1137760000,13298,2733
14222,1137760000,1137840000,19907,3998
14223,1137840000,1137920000,18896,3627
14224,1137920000,1138000000,15393,3364
14225,1138000000,1138080000,16233,3081
14226,1138080000,1138160000,22525,4001
14227,1138160000,1138240000,18252,3610
14228,1138240000,1138320000,15257,3129
14229,1138320000,1138400000,17446,3305
14230,1138400000,1138480000,21216,4005
14231,1138480000,1138560000,17613,3590
14232,1138560000,1138640000,15038,3022
14233,1138640000,1138720000,18227,3437
14234,1138720000,1138800000,23122,4107
14235,1138800000,1138880000,16729,3573
14236,1138880000,1138960000,13110,2584
14237,1138960000,1139040000,19695,3775
14238,1139040000,1139120000,22081,4155
14239,1139120000,1139200000,17012,3559
14240,1139200000,1139280000,12634,2364
14241,1139280000,1139360000,21332,3982
14242,1139360000,1139440000,23885,4301
14243,1139440000,1139520000,16219,3483
14244,1139520000,1139600000,12415,2294
14245,1139600000,1139680000,20293,3971
14246,1139680000,1139760000,22433,4222
14247,1139760000,1139840000,15867,3361
14248,1139840000,1139920000,13245,2485
14249,1139920000,1140000000,22060,3999
14250,1140000000,1140080000,20153,3880
14251,1140080000,1140160000,16178,3443
14252,1140160000,1140240000,13453,2733
14253,1140240000,1140320000,20160,3989
14254,1140320000,1140400000,18910,3620
14255,1140400000,1140480000,15672,3364
14256,1140480000,1140560000,15615,3081
14257,1140560000,1140640000,21518,4012
14258,1140640000,1140720000,18211,3627
14259,1140720000,1140800000,15198,3129
14260,1140800000,1140880000,16770,3305
14261,1140880000,1140960000,20989,4006
14262,1140960000,1141040000,17451,3593
14263,1141040000,1141120000,14848,3022
14264,1141120000,1141200000,17573,3437
14265,1141200000,1141280000,21260,4108
14266,1141280000,1141360000,16227,3568
14267,1141360000,1141440000,12865,2584
14268,1141440000,1141520000,18971,3776
14269,1141520000,1141600000,21461,4155
14270,1141600000,1141680000,16929,3556
14271,1141680000,1141760000,12377,2364
14272,1141760000,1141840000,21175,3981
14273,1141840000,1141920000,22929,4307
14274,1141920000,1142000000,16317,3482
14275,1142000000,1142080000,11907,2294
14276,1142080000,1142160000,20005,3970
14277,1142160000,1142240000,21859,4221
14278,1142240000,1142320000,15736,3361
14279,1142320000,1142400000,12402,2485
14280,1142400000,1142480000,21375,4002
14281,1142480000,1142560000,20102,3885
14282,1142560000,1142640000,15967,3443
14283,1142640000,1142720000,13666,2733
14284,1142720000,1142800000,20243,3992
14285,1142800000,1142880000,18721,3621
14286,1142880000,1142960000,15980,3364
14287,1142960000,1143040000,16060,3081
14288,1143040000,1143120000,21922,4001
14289,1143120000,1143200000,18018,3610
14290,1143200000,1143280000,15366,3129
14291,1143280000,1143360000,16788,3305
14292,1143360000,1143440000,20838,4005
14293,1143440000,1143520000,17395,3590
14294,1143520000,1143600000,14957,3022
14295,1143600000,1143680000,17923,3437
14296,1143680000,1143760000,22271,4113
14297,1143760000,1143840000,16539,3573
14298,1143840000,1143920000,12987,2584
14299,1143920000,1144000000,19287,3775
14300,1144000000,1144080000,21733,4155
14301,1144080000,1144160000,16928,3559
14302,1144160000,1144240000,12571,2364
14303,1144240000,1144320000,21320,3982
14304,1144320000,1144400000,23496,4301
14305,1144400000,1144480000,16367,3483
14306,1144480000,1144560000,11902,2294
14307,1144560000,1144640000,20067,3971
14308,1144640000,1144720000,22041,4222
14309,1144720000,1144800000,15902,3361
14310,1144800000,1144880000,12852,2485
14311,1144880000,1144960000,21659,4005
14312,1144960000,1145040000,20146,3886
14313,1145040000,1145120000,16292,3443
14314,1145120000,1145200000,13931,2733
14315,1145200000,1145280000,19861,3989
14316,1145280000,1145360000,18430,3620
14317,1145360000,1145440000,15862,3364
14318,1145440000,1145520000,16223,3081
14319,1145520000,1145600000,21852,4006
14320,1145600000,1145680000,18088,3617
14321,1145680000,1145760000,15473,3129
14322,1145760000,1145840000,17352,3305
14323,1145840000,1145920000,21064,4012
14324,1145920000,1146000000,17520,3593
14325,1146000000,1146080000,14883,3022
14326,1146080000,1146160000,17630,3437
14327,1146160000,1146240000,22210,4108
14328,1146240000,1146320000,16634,3568
14329,1146320000,1146400000,12927,2584
14330,1146400000,1146480000,19505,3776
14331,1146480000,1146560000,21345,4149
14332,1146560000,1146640000,16993,3556
14333,1146640000,1146720000,12414,2364
14334,1146720000,1146800000,21191,3987
14335,1146800000,1146880000,23567,4313
14336,1146880000,1146960000,16407,3482
14337,1146960000,1147040000,12129,2294
14338,1147040000,1147120000,20342,3970
14339,1147120000,1147200000,21751,4215
14340,1147200000,1147280000,15694,3361
14341,1147280000,1147360000,12541,2485
14342,1147360000,1147440000,21640,4002
14343,1147440000,1147520000,20551,3885
14344,1147520000,1147600000,15965,3443
14345,1147600000,1147680000,13706,2733
14346,1147680000,1147760000,19709,3992
14347,1147760000,1147840000,18890,3621
14348,1147840000,1147920000,15707,3364
14349,1147920000,1148000000,15930,3081
14350,1148000000,1148080000,22367,4001
14351,1148080000,1148160000,17851,3610
14352,1148160000,1148240000,15203,3129
14353,1148240000,1148320000,17083,3305
14354,1148320000,1148400000,20720,4005
14355,1148400000,1148480000,17482,3590
14356,1148480000,1148560000,15002,3022
14357,1148560000,1148640000,18216,3437
14358,1148640000,1148720000,22809,4107
14359,1148720000,1148800000,16640,3573
14360,1148800000,1148880000,13109,2584
14361,1148880000,1148960000,19140,3775
14362,1148960000,1149040000,21369,4161
14363,1149040000,1149120000,16828,3559
14364,1149120000,1149200000,12691,2364
14365,1149200000,1149280000,21370,3982
14366,1149280000,1149360000,23908,4301
14367,1149360000,1149440000,16228,3483
14368,1149440000,1149520000,11987,2294
14369,1149520000,1149600000,20309,3977
14370,1149600000,1149680000,22163,4222
14371,1149680000,1149760000,15913,3361
14372,1149760000,1149840000,13067,2485
14373,1149840000,1149920000,22092,3999
14374,1149920000,1150000000,20571,3880
14375,1150000000,1150080000,16187,3443
14376,1150080000,1150160000,13441,2733
14377,1150160000,1150240000,20325,3992
14378,1150240000,1150320000,19147,3623
14379,1150320000,1150400000,15712,3364
14380,1150400000,1150480000,16257,3081
14381,1150480000,1150560000,22202,4006
14382,1150560000,1150640000,18617,3623
14383,1150640000,1150720000,15347,3129
14384,1150720000,1150800000,16876,3305
14385,1150800000,1150880000,21048,4006
14386,1150880000,1150960000,17461,3593
14387,1150960000,1151040000,14922,3022
14388,1151040000,1151120000,17882,3437
14389,1151120000,1151200000,22128,4108
14390,1151200000,1151280000,16419,3568
14391,1151280000,1151360000,13196,2584
14392,1151360000,1151440000,19598,3776
14393,1151440000,1151520000,21613,4149
14394,1151520000,1151600000,16905,3556
14395,1151600000,1151680000,12252,2364
14396,1151680000,1151760000,20542,3981
14397,1151760000,1151840000,23800,4307
14398,1151840000,1151920000,16207,3482
14399,1151920000,1152000000,12158,2294
14400,1152000000,1152080000,20259,3973
14401,1152080000,1152160000,22602,4230
14402,1152160000,1152240000,15829,3361
14403,1152240000,1152320000,12699,2485
14404,1152320000,1152400000,22085,4002
14405,1152400000,1152480000,20917,3885
14406,1152480000,1152560000,16191,3443
14407,1152560000,1152640000,13834,2733
14408,1152640000,1152720000,20464,3992
14409,1152720000,1152800000,19144,3621
14410,1152800000,1152880000,15973,3364
14411,1152880000,1152960000,15665,3081
14412,1152960000,1153040000,22542,4007
14413,1153040000,1153120000,18518,3616
14414,1153120000,1153200000,15480,3129
14415,1153200000,1153280000,17122,3305
14416,1153280000,1153360000,21478,4005
14417,1153360000,1153440000,17286,3590
14418,1153440000,1153520000,14987,3022
14419,1153520000,1153600000,17717,3437
14420,1153600000,1153680000,21938,4113
14421,1153680000,1153760000,16456,3573
14422,1153760000,1153840000,13130,2584
14423,1153840000,1153920000,19519,3775
14424,1153920000,1154000000,22573,4155
14425,1154000000,1154080000,16857,3559
14426,1154080000,1154160000,12513,2364
14427,1154160000,1154240000,20990,3982
14428,1154240000,1154320000,23898,4301
14429,1154320000,1154400000,16180,3483
14430,1154400000,1154480000,11444,2294
14431,1154480000,1154560000,20254,3971
14432,1154560000,1154640000,22489,4222
14433,1154640000,1154720000,15485,3361
14434,1154720000,1154800000,12662,2485
14435,1154800000,1154880000,22027,3999
14436,1154880000,1154960000,20577,3880
14437,1154960000,1155040000,15844,3443
14438,1155040000,1155120000,13782,2733
14439,1155120000,1155200000,20651,3989
14440,1155200000,1155280000,18959,3620
14441,1155280000,1155360000,15604,3364
14442,1155360000,1155440000,16098,3081
14443,1155440000,1155520000,22065,4012
14444,1155520000,1155600000,18671,3617
14445,1155600000,1155680000,14948,3129
14446,1155680000,1155760000,16504,3305
14447,1155760000,1155840000,21306,4006
14448,1155840000,1155920000,17842,3593
14449,1155920000,1156000000,14388,3022
14450,1156000000,1156080000,17667,3437
14451,1156080000,1156160000,22362,4108
14452,1156160000,1156240000,16851,3568
14453,1156240000,1156320000,12351,2584
14454,1156320000,1156400000,18702,3776
14455,1156400000,1156480000,21897,4149
14456,1156480000,1156560000,16817,3556
14457,1156560000,1156640000,11873,2364
14458,1156640000,1156720000,21117,3981
14459,1156720000,1156800000,24471,4307
14460,1156800000,1156880000,15947,3482
14461,1156880000,1156960000,11854,2294
14462,1156960000,1157040000,20307,3970
14463,1157040000,1157120000,22421,4221
14464,1157120000,1157200000,15550,3361
14465,1157200000,1157280000,12644,2485
14466,1157280000,1157360000,22006,4002
14467,1157360000,1157440000,20664,3885
14468,1157440000,1157520000,15811,3443
14469,1157520000,1157600000,13546,2733
14470,1157600000,1157680000,20329,3992
14471,1157680000,1157760000,19043,3627
14472,1157760000,1157840000,15536,3364
14473,1157840000,1157920000,16401,3081
14474,1157920000,1158000000,22012,4001
14475,1158000000,1158080000,18257,3610
14476,1158080000,1158160000,15244,3129
14477,1158160000,1158240000,17606,3305
14478,1158240000,1158320000,21256,4005
14479,1158320000,1158400000,17989,3590
14480,1158400000,1158480000,14863,3022
14481,1158480000,1158560000,18115,3437
14482,1158560000,1158640000,22341,4107
14483,1158640000,1158720000,17077,3579
14484,1158720000,1158800000,12895,2584
14485,1158800000,1158880000,19466,3775
14486,1158880000,1158960000,22036,4161
14487,1158960000,1159040000,16799,3559
14488,1159040000,1159120000,11800,2364
14489,1159120000,1159200000,20371,3982
14490,1159200000,1159280000,23203,4307
14491,1159280000,1159360000,15817,3483
14492,1159360000,1159440000,11368,2294
14493,1159440000,1159520000,19811,3971
14494,1159520000,1159600000,22236,4222
14495,1159600000,1159680000,15297,3361
14496,1159680000,1159760000,12414,2485
14497,1159760000,1159840000,21632,3999
14498,1159840000,1159920000,20600,3880
14499,1159920000,1160000000,15662,3443
14500,1160000000,1160080000,13224,2733
14501,1160080000,1160160000,19993,4004
14502,1160160000,1160240000,18486,3629
14503,1160240000,1160320000,15341,3364
14504,1160320000,1160400000,15807,3081
14505,1160400000,1160480000,21998,4006
14506,1160480000,1160560000,17999,3617
14507,1160560000,1160640000,14711,3129
14508,1160640000,1160720000,16751,3305
14509,1160720000,1160800000,20669,4006
14510,1160800000,1160880000,17392,3593
14511,1160880000,1160960000,14458,3022
14512,1160960000,1161040000,17333,3437
14513,1161040000,1161120000,21885,4108
14514,1161120000,1161200000,16077,3568
14515,1161200000,1161280000,12471,2584
14516,1161280000,1161360000,18621,3776
14517,1161360000,1161440000,21834,4149
14518,1161440000,1161520000,16672,3556
14519,1161520000,1161600000,12224,2364
14520,1161600000,1161680000,20985,3981
14521,1161680000,1161760000,23746,4307
14522,1161760000,1161840000,16033,3482
14523,1161840000,1161920000,11924,2294
14524,1161920000,1162000000,19831,3970
14525,1162000000,1162080000,21582,4215
14526,1162080000,1162160000,15577,3361
14527,1162160000,1162240000,12595,2485
14528,1162240000,1162320000,21730,4002
14529,1162320000,1162400000,19937,3885
14530,1162400000,1162480000,15757,3443
14531,1162480000,1162560000,13986,2733
14532,1162560000,1162640000,19998,3992
14533,1162640000,1162720000,18704,3621
14534,1162720000,1162800000,15701,3364
14535,1162800000,1162880000,16169,3081
14536,1162880000,1162960000,22674,4007
14537,1162960000,1163040000,17977,3610
14538,1163040000,1163120000,15257,3129
14539,1163120000,1163200000,17344,3305
14540,1163200000,1163280000,19908,4005
14541,1163280000,1163360000,17624,3590
14542,1163360000,1163440000,14584,3022
14543,1163440000,1163520000,17889,3437
14544,1163520000,1163600000,22704,4107
14545,1163600000,1163680000,16632,3573
14546,1163680000,1163760000,12463,2584
14547,1163760000,1163840000,18653,3775
14548,1163840000,1163920000,21668,4155
14549,1163920000,1164000000,16549,3559
14550,1164000000,1164080000,12261,2364
14551,1164080000,1164160000,21110,3982
14552,1164160000,1164240000,24015,4301
14553,1164240000,1164320000,15955,3483
14554,1164320000,1164400000,12086,2294
14555,1164400000,1164480000,20299,3971
14556,1164480000,1164560000,22529,4222
14557,1164560000,1164640000,15717,3361
14558,1164640000,1164720000,12984,2485
14559,1164720000,1164800000,22111,3999
14560,1164800000,1164880000,20679,3880
14561,1164880000,1164960000,15971,3443
14562,1164960000,1165040000,14013,2733
14563,1165040000,1165120000,20359,3989
14564,1165120000,1165200000,18924,3620
14565,1165200000,1165280000,15780,3364
14566,1165280000,1165360000,16471,3081
14567,1165360000,1165440000,22394,4006
14568,1165440000,1165520000,18332,3623
14569,1165520000,1165600000,15408,3129
14570,1165600000,1165680000,17190,3305
14571,1165680000,1165760000,21190,4006
14572,1165760000,1165840000,17778,3593
14573,1165840000,1165920000,14761,3022
14574,1165920000,1166000000,17940,3437
14575,1166000000,1166080000,22234,4114
14576,1166080000,1166160000,16729,3568
14577,1166160000,1166240000,12843,2584
14578,1166240000,1166320000,19368,3776
14579,1166320000,1166400000,21373,4149
14580,1166400000,1166480000,16901,3556
14581,1166480000,1166560000,12483,2364
14582,1166560000,1166640000,21288,3981
14583,1166640000,1166720000,23820,4307
14584,1166720000,1166800000,16130,3482
14585,1166800000,1166880000,12019,2294
14586,1166880000,1166960000,20116,3970
14587,1166960000,1167040000,22314,4215
14588,1167040000,1167120000,15824,3361
14589,1167120000,1167200000,13068,2485
14590,1167200000,1167280000,22147,4008
14591,1167280000,1167360000,20275,3897
14592,1167360000,1167440000,16322,3443
14593,1167440000,1167520000,14252,2733
14594,1167520000,1167600000,20325,3992
14595,1167600000,1167680000,19025,3621
14596,1167680000,1167760000,15970,3364
14597,1167760000,1167840000,16615,3081
14598,1167840000,1167920000,22919,4001
14599,1167920000,1168000000,18109,3610
14600,1168000000,1168080000,15413,3129
14601,1168080000,1168160000,17314,3305
14602,1168160000,1168240000,20812,4011
14603,1168240000,1168320000,17619,3590
14604,1168320000,1168400000,14894,3022
14605,1168400000,1168480000,18135,3437
14606,1168480000,1168560000,22328,4107
14607,1168560000,1168640000,16515,3573
14608,1168640000,1168720000,12983,2584
14609,1168720000,1168800000,19419,3775
14610,1168800000,1168880000,21066,4155
14611,1168880000,1168960000,17029,3559
14612,1168960000,1169040000,12750,2364
14613,1169040000,1169120000,21841,3988
14614,1169120000,1169200000,23705,4307
14615,1169200000,1169280000,16280,3483
14616,1169280000,1169360000,12085,2294
14617,1169360000,1169440000,20272,3971
14618,1169440000,1169520000,22921,4222
14619,1169520000,1169600000,15626,3361
14620,1169600000,1169680000,13112,2485
14621,1169680000,1169760000,22072,3999
14622,1169760000,1169840000,20148,3880
14623,1169840000,1169920000,16015,3443
14624,1169920000,1170000000,13673,2733
14625,1170000000,1170080000,20245,3989
14626,1170080000,1170160000,19143,3620
14627,1170160000,1170240000,15599,3364
14628,1170240000,1170320000,16279,3081
14629,1170320000,1170400000,21889,4006
14630,1170400000,1170480000,18268,3617
14631,1170480000,1170560000,14982,3129
14632,1170560000,1170640000,16720,3305
14633,1170640000,1170720000,21052,4006
14634,1170720000,1170800000,17548,3593
14635,1170800000,1170880000,14561,3022
14636,1170880000,1170960000,17606,3437
14637,1170960000,1171040000,22283,4108
14638,1171040000,1171120000,16433,3568
14639,1171120000,1171200000,12846,2584
14640,1171200000,1171280000,19302,3776
14641,1171280000,1171360000,21609,4149
14642,1171360000,1171440000,16969,3556
14643,1171440000,1171520000,12356,2364
14644,1171520000,1171600000,21325,3981
14645,1171600000,1171680000,23484,4307
14646,1171680000,1171760000,16384,3482
14647,1171760000,1171840000,12413,2294
14648,1171840000,1171920000,20487,3970
14649,1171920000,1172000000,22474,4215
14650,1172000000,1172080000,15970,3361
14651,1172080000,1172160000,13085,2485
14652,1172160000,1172240000,21949,4008
14653,1172240000,1172320000,20199,3885
14654,1172320000,1172400000,15923,3443
14655,1172400000,1172480000,13879,2733
14656,1172480000,1172560000,19940,3992
14657,1172560000,1172640000,18828,3621
14658,1172640000,1172720000,15591,3364
14659,1172720000,1172800000,15822,3081
14660,1172800000,1172880000,22077,4001
14661,1172880000,1172960000,17923,3610
14662,1172960000,1173040000,15227,3129
14663,1173040000,1173120000,17271,3305
14664,1173120000,1173200000,20071,4005
14665,1173200000,1173280000,17371,3590
14666,1173280000,1173360000,14632,3022
14667,1173360000,1173440000,17823,3437
14668,1173440000,1173520000,22209,4107
14669,1173520000,1173600000,16277,3573
14670,1173600000,1173680000,12568,2584
14671,1173680000,1173760000,18803,3775
14672,1173760000,1173840000,21760,4155
14673,1173840000,1173920000,16796,3559
14674,1173920000,1174000000,12305,2364
14675,1174000000,1174080000,21092,3982
14676,1174080000,1174160000,23250,4301
14677,1174160000,1174240000,16262,3483
14678,1174240000,1174320000,12192,2294
14679,1174320000,1174400000,20014,3980
14680,1174400000,1174480000,22236,4237
14681,1174480000,1174560000,16125,3361
14682,1174560000,1174640000,13374,2485
14683,1174640000,1174720000,22295,3999
14684,1174720000,1174800000,19857,3880
14685,1174800000,1174880000,16208,3443
14686,1174880000,1174960000,14173,2733
14687,1174960000,1175040000,20121,3995
14688,1175040000,1175120000,18787,3620
14689,1175120000,1175200000,15872,3364
14690,1175200000,1175280000,16564,3081
14691,1175280000,1175360000,22240,4012
14692,1175360000,1175440000,17851,3623
14693,1175440000,1175520000,15577,3129
14694,1175520000,1175600000,17345,3305
14695,1175600000,1175680000,20792,4012
14696,1175680000,1175760000,17744,3593
14697,1175760000,1175840000,15106,3022
14698,1175840000,1175920000,18292,3437
14699,1175920000,1176000000,22182,4108
14700,1176000000,1176080000,16656,3574
14701,1176080000,1176160000,12970,2584
14702,1176160000,1176240000,19460,3776
14703,1176240000,1176320000,21869,4149
14704,1176320000,1176400000,16937,3556
14705,1176400000,1176480000,12585,2364
14706,1176480000,1176560000,21423,3981
14707,1176560000,1176640000,23871,4307
14708,1176640000,1176720000,16260,3482
14709,1176720000,1176800000,12207,2294
14710,1176800000,1176880000,20658,3970
14711,1176880000,1176960000,22483,4221
14712,1176960000,1177040000,15925,3361
14713,1177040000,1177120000,13216,2485
14714,1177120000,1177200000,22376,4002
14715,1177200000,1177280000,20152,3885
14716,1177280000,1177360000,16057,3443
14717,1177360000,1177440000,13115,2733
14718,1177440000,1177520000,19378,3992
14719,1177520000,1177600000,18925,3627
14720,1177600000,1177680000,15482,3364
14721,1177680000,1177760000,16014,3081
14722,1177760000,1177840000,22233,4001
14723,1177840000,1177920000,18059,3610
14724,1177920000,1178000000,15373,3129
14725,1178000000,1178080000,17175,3305
14726,1178080000,1178160000,21132,4005
14727,1178160000,1178240000,17417,3590
14728,1178240000,1178320000,15107,3022
14729,1178320000,1178400000,18197,3437
14730,1178400000,1178480000,22817,4107
14731,1178480000,1178560000,16670,3573
14732,1178560000,1178640000,13233,2584
14733,1178640000,1178720000,19620,3775
14734,1178720000,1178800000,21978,4155
14735,1178800000,1178880000,17087,3559
14736,1178880000,1178960000,12732,2364
14737,1178960000,1179040000,21365,3982
14738,1179040000,1179120000,23483,4307
14739,1179120000,1179200000,16430,3483
14740,1179200000,1179280000,12327,2294
14741,1179280000,1179360000,20714,3971
14742,1179360000,1179440000,22851,4222
14743,1179440000,1179520000,15979,3361
14744,1179520000,1179600000,13226,2485
14745,1179600000,1179680000,22446,3999
14746,1179680000,1179760000,20346,3880
14747,1179760000,1179840000,16485,3443
14748,1179840000,1179920000,14223,2733
14749,1179920000,1180000000,20226,3989
14750,1180000000,1180080000,18932,3620
14751,1180080000,1180160000,15949,3364
14752,1180160000,1180240000,16183,3081
14753,1180240000,1180320000,22557,4006
14754,1180320000,1180400000,18682,3617
14755,1180400000,1180480000,15295,3129
14756,1180480000,1180560000,17352,3305
14757,1180560000,1180640000,21732,4006
14758,1180640000,1180720000,17572,3593
14759,1180720000,1180800000,15227,3022
14760,1180800000,1180880000,18447,3437
14761,1180880000,1180960000,22570,4114
14762,1180960000,1181040000,16469,3568
14763,1181040000,1181120000,13168,2584
14764,1181120000,1181200000,19097,3776
14765,1181200000,1181280000,21829,4149
14766,1181280000,1181360000,16981,3556
14767,1181360000,1181440000,12131,2364
14768,1181440000,1181520000,20854,3981
14769,1181520000,1181600000,23650,4313
14770,1181600000,1181680000,16105,3482
14771,1181680000,1181760000,12032,2294
14772,1181760000,1181840000,20001,3970
14773,1181840000,1181920000,22492,4215
14774,1181920000,1182000000,15669,3361
14775,1182000000,1182080000,12505,2485
14776,1182080000,1182160000,22036,4002
14777,1182160000,1182240000,20444,3885
14778,1182240000,1182320000,15800,3443
14779,1182320000,1182400000,13755,2733
14780,1182400000,1182480000,20237,3998
14781,1182480000,1182560000,19312,3633
14782,1182560000,1182640000,15652,3364
14783,1182640000,1182720000,15957,3081
14784,1182720000,1182800000,22629,4001
14785,1182800000,1182880000,17991,3610
14786,1182880000,1182960000,15069,3129
14787,1182960000,1183040000,16583,3305
14788,1183040000,1183120000,20090,4005
14789,1183120000,1183200000,17444,3596
14790,1183200000,1183280000,14611,3022
14791,1183280000,1183360000,17823,3437
14792,1183360000,1183440000,22567,4106
14793,1183440000,1183520000,16393,3573
14794,1183520000,1183600000,12666,2584
14795,1183600000,1183680000,18937,3775
14796,1183680000,1183760000,21730,4155
14797,1183760000,1183840000,16820,3559
14798,1183840000,1183920000,12480,2364
14799,1183920000,1184000000,21287,3982
14800,1184000000,1184080000,23610,4301
14801,1184080000,1184160000,16271,3483
14802,1184160000,1184240000,12109,2294
14803,1184240000,1184320000,19943,3971
14804,1184320000,1184400000,22323,4228
14805,1184400000,1184480000,15993,3361
14806,1184480000,1184560000,13189,2485
14807,1184560000,1184640000,22058,3999
14808,1184640000,1184720000,20475,3880
14809,1184720000,1184800000,16316,3443
14810,1184800000,1184880000,14121,2733
14811,1184880000,1184960000,20166,3989
14812,1184960000,1185040000,18931,3620
14813,1185040000,1185120000,16147,3364
14814,1185120000,1185200000,16782,3081
14815,1185200000,1185280000,22859,4006
14816,1185280000,1185360000,18368,3617
14817,1185360000,1185440000,15787,3129
14818,1185440000,1185520000,17920,3305
14819,1185520000,1185600000,20746,4018
14820,1185600000,1185680000,17968,3593
14821,1185680000,1185760000,14964,3022
14822,1185760000,1185840000,17636,3437
14823,1185840000,1185920000,22545,4108
14824,1185920000,1186000000,16659,3568
14825,1186000000,1186080000,12856,2584
14826,1186080000,1186160000,19297,3779
14827,1186160000,1186240000,22110,4152
14828,1186240000,1186320000,17123,3556
14829,1186320000,1186400000,12564,2364
14830,1186400000,1186480000,21494,3981
14831,1186480000,1186560000,24166,4307
14832,1186560000,1186640000,16324,3482
14833,1186640000,1186720000,12024,2294
14834,1186720000,1186800000,20278,3970
14835,1186800000,1186880000,22521,4215
14836,1186880000,1186960000,15860,3361
14837,1186960000,1187040000,12811,2485
14838,1187040000,1187120000,22048,4002
14839,1187120000,1187200000,20810,3885
14840,1187200000,1187280000,16250,3443
14841,1187280000,1187360000,14012,2733
14842,1187360000,1187440000,20159,3992
14843,1187440000,1187520000,18937,3621
14844,1187520000,1187600000,16151,3364
14845,1187600000,1187680000,16606,3081
14846,1187680000,1187760000,22652,4001
14847,1187760000,1187840000,18207,3610
14848,1187840000,1187920000,15663,3129
14849,1187920000,1188000000,17602,3305
14850,1188000000,1188080000,20274,4005
14851,1188080000,1188160000,17497,3590
14852,1188160000,1188240000,15193,3022
14853,1188240000,1188320000,18663,3437
14854,1188320000,1188400000,22607,4113
14855,1188400000,1188480000,16991,3573
14856,1188480000,1188560000,13104,2584
14857,1188560000,1188640000,19172,3775
14858,1188640000,1188720000,21724,4155
14859,1188720000,1188800000,17138,3559
14860,1188800000,1188880000,12746,2364
14861,1188880000,1188960000,21744,3982
14862,1188960000,1189040000,24387,4301
14863,1189040000,1189120000,16533,3483
14864,1189120000,1189200000,12169,2294
14865,1189200000,1189280000,20362,3971
14866,1189280000,1189360000,22120,4222
14867,1189360000,1189440000,16226,3361
14868,1189440000,1189520000,13408,2485
14869,1189520000,1189600000,22406,4005
14870,1189600000,1189680000,20432,3886
14871,1189680000,1189760000,16654,3443
14872,1189760000,1189840000,14272,2733
14873,1189840000,1189920000,20447,3989
14874,1189920000,1190000000,19229,3620
14875,1190000000,1190080000,16450,3364
14876,1190080000,1190160000,17274,3081
14877,1190160000,1190240000,22992,4006
14878,1190240000,1190320000,18431,3617
14879,1190320000,1190400000,15685,3129
14880,1190400000,1190480000,17216,3305
14881,1190480000,1190560000,21417,4012
14882,1190560000,1190640000,18008,3593
14883,1190640000,1190720000,14867,3022
14884,1190720000,1190800000,18397,3437
14885,1190800000,1190880000,22533,4108
14886,1190880000,1190960000,16669,3574
14887,1190960000,1191040000,13032,2584
14888,1191040000,1191120000,19977,3776
14889,1191120000,1191200000,21230,4149
14890,1191200000,1191280000,17091,3556
14891,1191280000,1191360000,11956,2364
14892,1191360000,1191440000,20504,3981
14893,1191440000,1191520000,23468,4307
14894,1191520000,1191600000,15821,3482
14895,1191600000,1191680000,11888,2294
14896,1191680000,1191760000,20182,3970
14897,1191760000,1191840000,22600,4215
14898,1191840000,1191920000,15544,3361
14899,1191920000,1192000000,12618,2485
14900,1192000000,1192080000,21998,4002
14901,1192080000,1192160000,20584,3891
14902,1192160000,1192240000,15952,3443
14903,1192240000,1192320000,13672,2733
14904,1192320000,1192400000,20332,3992
14905,1192400000,1192480000,19293,3621
14906,1192480000,1192560000,15603,3364
14907,1192560000,1192640000,15485,3081
14908,1192640000,1192720000,22583,4001
14909,1192720000,1192800000,18461,3616
14910,1192800000,1192880000,15199,3129
14911,1192880000,1192960000,17038,3305
14912,1192960000,1193040000,20812,4005
14913,1193040000,1193120000,17442,3590
14914,1193120000,1193200000,14825,3022
14915,1193200000,1193280000,17821,3437
14916,1193280000,1193360000,21963,4113
14917,1193360000,1193440000,16423,3573
14918,1193440000,1193520000,12864,2584
14919,1193520000,1193600000,19306,3775
14920,1193600000,1193680000,21147,4155
14921,1193680000,1193760000,16748,3559
14922,1193760000,1193840000,12344,2364
14923,1193840000,1193920000,21172,3982
14924,1193920000,1194000000,23674,4301
14925,1194000000,1194080000,16188,3483
14926,1194080000,1194160000,11980,2294
14927,1194160000,1194240000,20447,3971
14928,1194240000,1194320000,22589,4222
14929,1194320000,1194400000,15960,3361
14930,1194400000,1194480000,13225,2485
14931,1194480000,1194560000,22026,3999
14932,1194560000,1194640000,20114,3886
14933,1194640000,1194720000,16159,3443
14934,1194720000,1194800000,13928,2733
14935,1194800000,1194880000,20235,3989
14936,1194880000,1194960000,18984,3620
14937,1194960000,1195040000,15943,3364
14938,1195040000,1195120000,16558,3081
14939,1195120000,1195200000,22147,4006
14940,1195200000,1195280000,18125,3617
14941,1195280000,1195360000,15486,3129
14942,1195360000,1195440000,17226,3305
14943,1195440000,1195520000,20962,4016
14944,1195520000,1195600000,17798,3593
14945,1195600000,1195680000,15155,3022
14946,1195680000,1195760000,18300,3437
14947,1195760000,1195840000,22432,4108
14948,1195840000,1195920000,16600,3568
14949,1195920000,1196000000,12511,2584
14950,1196000000,1196080000,18422,3776
14951,1196080000,1196160000,21691,4149
14952,1196160000,1196240000,16831,3556
14953,1196240000,1196320000,12008,2364
14954,1196320000,1196400000,20802,3981
14955,1196400000,1196480000,24001,4307
14956,1196480000,1196560000,15988,3482
14957,1196560000,1196640000,11780,2294
14958,1196640000,1196720000,19968,3973
14959,1196720000,1196800000,22207,4224
14960,1196800000,1196880000,15437,3361
14961,1196880000,1196960000,12332,2485
14962,1196960000,1197040000,21862,4002
14963,1197040000,1197120000,20635,3885
14964,1197120000,1197200000,15753,3443
14965,1197200000,1197280000,13178,2733
14966,1197280000,1197360000,19823,3992
14967,1197360000,1197440000,19023,3621
14968,1197440000,1197520000,15569,3364
14969,1197520000,1197600000,16028,3081
14970,1197600000,1197680000,22175,4007
14971,1197680000,1197760000,18046,3616
14972,1197760000,1197840000,15481,3129
14973,1197840000,1197920000,17308,3305
14974,1197920000,1198000000,21019,4005
14975,1198000000,1198080000,17607,3590
14976,1198080000,1198160000,14986,3022
14977,1198160000,1198240000,17958,3437
14978,1198240000,1198320000,22771,4107
14979,1198320000,1198400000,16754,3573
14980,1198400000,1198480000,13252,2584
14981,1198480000,1198560000,19615,3775
14982,1198560000,1198640000,22251,4155
14983,1198640000,1198720000,17025,3559
14984,1198720000,1198800000,12635,2364
14985,1198800000,1198880000,21410,3982
14986,1198880000,1198960000,23642,4307
14987,1198960000,1199040000,16342,3483
14988,1199040000,1199120000,12027,2294
14989,1199120000,1199200000,20506,3971
14990,1199200000,1199280000,22586,4222
14991,1199280000,1199360000,15692,3361
14992,1199360000,1199440000,12813,2485
14993,1199440000,1199520000,22038,3999
14994,1199520000,1199600000,20306,3880
14995,1199600000,1199680000,16067,3443
14996,1199680000,1199760000,13568,2733
14997,1199760000,1199840000,20257,3995
14998,1199840000,1199920000,19013,3620
14999,1199920000,1200000000,15776,3364
15000,1200000000,1200080000,16169,3081
15001,1200080000,1200160000,22168,4006
15002,1200160000,1200240000,18162,3617
15003,1200240000,1200320000,15278,3129
15004,1200320000,1200400000,17092,3305
15005,1200400000,1200480000,21558,4006
15006,1200480000,1200560000,17771,3593
15007,1200560000,1200640000,14955,3022
15008,1200640000,1200720000,17973,3437
15009,1200720000,1200800000,22028,4114
15010,1200800000,1200880000,16567,3568
15011,1200880000,1200960000,13101,2584
15012,1200960000,1201040000,19512,3776
15013,1201040000,1201120000,22344,4149
15014,1201120000,1201200000,17236,3556
15015,1201200000,1201280000,12618,2364
15016,1201280000,1201360000,21779,3981
15017,1201360000,1201440000,24261,4307
15018,1201440000,1201520000,16530,3482
15019,1201520000,1201600000,12086,2294
15020,1201600000,1201680000,20399,3970
15021,1201680000,1201760000,22424,4215
15022,1201760000,1201840000,16011,3361
15023,1201840000,1201920000,12824,2485
15024,1201920000,1202000000,22232,4002
15025,1202000000,1202080000,20547,3885
15026,1202080000,1202160000,16203,3443
15027,1202160000,1202240000,14050,2733
15028,1202240000,1202320000,20987,3992
15029,1202320000,1202400000,19497,3621
15030,1202400000,1202480000,15926,3364
15031,1202480000,1202560000,16203,3081
15032,1202560000,1202640000,22754,4007
15033,1202640000,1202720000,18319,3610
15034,1202720000,1202800000,15591,3129
15035,1202800000,1202880000,17552,3305
15036,1202880000,1202960000,21595,4005
15037,1202960000,1203040000,17688,3590
15038,1203040000,1203120000,15195,3022
15039,1203120000,1203200000,18316,3437
15040,1203200000,1203280000,22200,4107
15041,1203280000,1203360000,16696,3573
15042,1203360000,1203440000,13206,2584
15043,1203440000,1203520000,19373,3775
15044,1203520000,1203600000,22120,4155
15045,1203600000,1203680000,16787,3559
15046,1203680000,1203760000,12453,2364
15047,1203760000,1203840000,21231,3982
15048,1203840000,1203920000,23998,4307
15049,1203920000,1204000000,16247,3483
15050,1204000000,1204080000,12187,2294
15051,1204080000,1204160000,20583,3971
15052,1204160000,1204240000,22751,4222
15053,1204240000,1204320000,16022,3361
15054,1204320000,1204400000,13136,2485
15055,1204400000,1204480000,21708,3999
15056,1204480000,1204560000,20428,3880
15057,1204560000,1204640000,16282,3443
15058,1204640000,1204720000,14198,2733
15059,1204720000,1204800000,20885,3995
15060,1204800000,1204880000,19388,3626
15061,1204880000,1204960000,15966,3364
15062,1204960000,1205040000,16647,3081
15063,1205040000,1205120000,22163,4006
15064,1205120000,1205200000,18617,3617
15065,1205200000,1205280000,15585,3129
15066,1205280000,1205360000,17383,3305
15067,1205360000,1205440000,21418,4006
15068,1205440000,1205520000,17972,3593
15069,1205520000,1205600000,15097,3022
15070,1205600000,1205680000,17758,3437
15071,1205680000,1205760000,22293,4114
15072,1205760000,1205840000,16558,3568
15073,1205840000,1205920000,13016,2584
15074,1205920000,1206000000,19242,3776
15075,1206000000,1206080000,21737,4149
15076,1206080000,1206160000,16739,3556
15077,1206160000,1206240000,12597,2364
15078,1206240000,1206320000,21077,3981
15079,1206320000,1206400000,23578,4307
15080,1206400000,1206480000,16193,3482
15081,1206480000,1206560000,12273,2294
15082,1206560000,1206640000,20489,3970
15083,1206640000,1206720000,22255,4215
15084,1206720000,1206800000,15958,3361
15085,1206800000,1206880000,13199,2485
15086,1206880000,1206960000,22141,4002
15087,1206960000,1207040000,20541,3885
15088,1207040000,1207120000,16396,3443
15089,1207120000,1207200000,14058,2733
15090,1207200000,1207280000,20034,3992
15091,1207280000,1207360000,18758,3621
15092,1207360000,1207440000,16287,3364
15093,1207440000,1207520000,16795,3081
15094,1207520000,1207600000,22760,4001
15095,1207600000,1207680000,18365,3610
15096,1207680000,1207760000,15788,3129
15097,1207760000,1207840000,17462,3305
15098,1207840000,1207920000,20847,4005
15099,1207920000,1208000000,17558,3590
15100,1208000000,1208080000,14907,3022
15101,1208080000,1208160000,17914,3437
15102,1208160000,1208240000,22327,4113
15103,1208240000,1208320000,16667,3573
15104,1208320000,1208400000,12835,2584
15105,1208400000,1208480000,19121,3775
15106,1208480000,1208560000,21930,4155
15107,1208560000,1208640000,16990,3559
15108,1208640000,1208720000,12614,2364
15109,1208720000,1208800000,21685,3982
15110,1208800000,1208880000,23476,4301
15111,1208880000,1208960000,16302,3483
15112,1208960000,1209040000,12310,2294
15113,1209040000,1209120000,20445,3971
15114,1209120000,1209200000,22236,4222
15115,1209200000,1209280000,15952,3361
15116,1209280000,1209360000,13425,2485
15117,1209360000,1209440000,22419,3999
15118,1209440000,1209520000,20474,3880
15119,1209520000,1209600000,16439,3443
15120,1209600000,1209680000,14322,2733
15121,1209680000,1209760000,20468,3989
15122,1209760000,1209840000,18568,3620
15123,1209840000,1209920000,16289,3364
15124,1209920000,1210000000,17122,3081
15125,1210000000,1210080000,22000,4006
15126,1210080000,1210160000,18031,3617
15127,1210160000,1210240000,15405,3129
15128,1210240000,1210320000,17091,3305
15129,1210320000,1210400000,20767,4006
15130,1210400000,1210480000,17721,3593
15131,1210480000,1210560000,14707,3022
15132,1210560000,1210640000,17566,3437
15133,1210640000,1210720000,22650,4108
15134,1210720000,1210800000,16294,3568
15135,1210800000,1210880000,12672,2584
15136,1210880000,1210960000,19077,3776
15137,1210960000,1211040000,21204,4149
15138,1211040000,1211120000,17106,3556
15139,1211120000,1211200000,12464,2364
15140,1211200000,1211280000,21500,3981
15141,1211280000,1211360000,23722,4307
15142,1211360000,1211440000,16318,3482
15143,1211440000,1211520000,12389,2294
15144,1211520000,1211600000,20082,3970
15145,1211600000,1211680000,22274,4215
15146,1211680000,1211760000,16033,3361
15147,1211760000,1211840000,13192,2485
15148,1211840000,1211920000,22112,4008
15149,1211920000,1212000000,20358,3891
15150,1212000000,1212080000,16341,3443
15151,1212080000,1212160000,14373,2733
15152,1212160000,1212240000,20323,3992
15153,1212240000,1212320000,19057,3621
15154,1212320000,1212400000,16293,3364
15155,1212400000,1212480000,16405,3081
15156,1212480000,1212560000,22441,4001
15157,1212560000,1212640000,18199,3610
15158,1212640000,1212720000,15637,3129
15159,1212720000,1212800000,17550,3305
15160,1212800000,1212880000,20771,4011
15161,1212880000,1212960000,17400,3590
15162,1212960000,1213040000,14740,3022
15163,1213040000,1213120000,17635,3437
15164,1213120000,1213200000,22311,4107
15165,1213200000,1213280000,16286,3573
15166,1213280000,1213360000,12794,2584
15167,1213360000,1213440000,19109,3775
15168,1213440000,1213520000,22006,4155
15169,1213520000,1213600000,16697,3559
15170,1213600000,1213680000,12541,2364
15171,1213680000,1213760000,21185,3982
15172,1213760000,1213840000,23624,4301
15173,1213840000,1213920000,16271,3483
15174,1213920000,1214000000,12222,2294
15175,1214000000,1214080000,20695,3971
15176,1214080000,1214160000,22717,4222
15177,1214160000,1214240000,16117,3361
15178,1214240000,1214320000,13421,2485
15179,1214320000,1214400000,21910,3999
15180,1214400000,1214480000,20264,3886
15181,1214480000,1214560000,16404,3443
15182,1214560000,1214640000,14256,2733
15183,1214640000,1214720000,20661,3989
15184,1214720000,1214800000,19029,3626
15185,1214800000,1214880000,15822,3364
15186,1214880000,1214960000,15716,3081
15187,1214960000,1215040000,22243,4006
15188,1215040000,1215120000,17751,3617
15189,1215120000,1215200000,15189,3129
15190,1215200000,1215280000,16521,3305
15191,1215280000,1215360000,20549,4012
15192,1215360000,1215440000,17622,3593
15193,1215440000,1215520000,14880,3022
15194,1215520000,1215600000,17720,3437
15195,1215600000,1215680000,22386,4108
15196,1215680000,1215760000,16308,3568
15197,1215760000,1215840000,12491,2584
15198,1215840000,1215920000,18494,3776
15199,1215920000,1216000000,21289,4149
15200,1216000000,1216080000,16671,3556
15201,1216080000,1216160000,12138,2364
15202,1216160000,1216240000,20795,3981
15203,1216240000,1216320000,23278,4307
15204,1216320000,1216400000,15892,3482
15205,1216400000,1216480000,11901,2294
15206,1216480000,1216560000,19911,3970
15207,1216560000,1216640000,22387,4215
15208,1216640000,1216720000,15811,3361
15209,1216720000,1216800000,12841,2485
15210,1216800000,1216880000,21923,4002
15211,1216880000,1216960000,20204,3891
15212,1216960000,1217040000,15937,3443
15213,1217040000,1217120000,13045,2733
15214,1217120000,1217200000,19579,3992
15215,1217200000,1217280000,18700,3621
15216,1217280000,1217360000,15379,3364
15217,1217360000,1217440000,15907,3081
15218,1217440000,1217520000,21988,4001
15219,1217520000,1217600000,17891,3610
15220,1217600000,1217680000,15315,3129
15221,1217680000,1217760000,17091,3305
15222,1217760000,1217840000,21188,4005
15223,1217840000,1217920000,17592,3590
15224,1217920000,1218000000,14858,3022
15225,1218000000,1218080000,17715,3437
15226,1218080000,1218160000,22428,4107
15227,1218160000,1218240000,16593,3573
15228,1218240000,1218320000,12882,2584
15229,1218320000,1218400000,19093,3775
15230,1218400000,1218480000,21848,4155
15231,1218480000,1218560000,16834,3559
15232,1218560000,1218640000,12365,2364
15233,1218640000,1218720000,20582,3982
15234,1218720000,1218800000,22621,4301
15235,1218800000,1218880000,16045,3483
15236,1218880000,1218960000,12016,2294
15237,1218960000,1219040000,19880,3974
15238,1219040000,1219120000,22645,4231
15239,1219120000,1219200000,15718,3361
15240,1219200000,1219280000,12744,2485
15241,1219280000,1219360000,21853,3999
15242,1219360000,1219440000,20153,3880
15243,1219440000,1219520000,16069,3443
15244,1219520000,1219600000,13514,2733
15245,1219600000,1219680000,20182,3989
15246,1219680000,1219760000,19137,3620
15247,1219760000,1219840000,15749,3364
15248,1219840000,1219920000,15778,3081
15249,1219920000,1220000000,22062,4012
15250,1220000000,1220080000,18054,3623
15251,1220080000,1220160000,15306,3129
15252,1220160000,1220240000,16969,3305
15253,1220240000,1220320000,20875,4006
15254,1220320000,1220400000,17555,3593
15255,1220400000,1220480000,15068,3022
15256,1220480000,1220560000,17948,3437
15257,1220560000,1220640000,22196,4108
15258,1220640000,1220720000,16350,3568
15259,1220720000,1220800000,13151,2584
15260,1220800000,1220880000,19254,3776
15261,1220880000,1220960000,21496,4149
15262,1220960000,1221040000,17087,3556
15263,1221040000,1221120000,12676,2364
15264,1221120000,1221200000,21468,3981
15265,1221200000,1221280000,23587,4307
15266,1221280000,1221360000,16507,3482
15267,1221360000,1221440000,12390,2294
15268,1221440000,1221520000,20390,3970
15269,1221520000,1221600000,21890,4215
15270,1221600000,1221680000,15982,3361
15271,1221680000,1221760000,12545,2485
15272,1221760000,1221840000,21571,4002
15273,1221840000,1221920000,20024,3885
15274,1221920000,1222000000,16062,3443
15275,1222000000,1222080000,13877,2733
15276,1222080000,1222160000,20525,3992
15277,1222160000,1222240000,19148,3621
15278,1222240000,1222320000,15999,3364
15279,1222320000,1222400000,16238,3081
15280,1222400000,1222480000,22105,4001
15281,1222480000,1222560000,18043,3610
15282,1222560000,1222640000,15567,3129
15283,1222640000,1222720000,17106,3305
15284,1222720000,1222800000,20814,4005
15285,1222800000,1222880000,17649,3590
15286,1222880000,1222960000,15123,3022
15287,1222960000,1223040000,18261,3437
15288,1223040000,1223120000,22408,4113
15289,1223120000,1223200000,16401,3573
15290,1223200000,1223280000,13196,2584
15291,1223280000,1223360000,19519,3775
15292,1223360000,1223440000,21531,4155
15293,1223440000,1223520000,17061,3559
15294,1223520000,1223600000,12913,2364
15295,1223600000,1223680000,21629,3982
15296,1223680000,1223760000,23892,4307
15297,1223760000,1223840000,16425,3483
15298,1223840000,1223920000,12163,2294
15299,1223920000,1224000000,20340,3971
15300,1224000000,1224080000,22146,4228
15301,1224080000,1224160000,15885,3361
15302,1224160000,1224240000,12944,2485
15303,1224240000,1224320000,21616,3999
15304,1224320000,1224400000,19526,3880
15305,1224400000,1224480000,16226,3443
15306,1224480000,1224560000,13858,2733
15307,1224560000,1224640000,20089,3989
15308,1224640000,1224720000,18624,3620
15309,1224720000,1224800000,16042,3364
15310,1224800000,1224880000,16409,3081
15311,1224880000,1224960000,21630,4006
15312,1224960000,1225040000,17543,3617
15313,1225040000,1225120000,15749,3129
15314,1225120000,1225200000,17565,3305
15315,1225200000,1225280000,21043,4006
15316,1225280000,1225360000,17534,3593
15317,1225360000,1225440000,15157,3022
15318,1225440000,1225520000,17486,3437
15319,1225520000,1225600000,22056,4108
15320,1225600000,1225680000,16472,3568
15321,1225680000,1225760000,13136,2584
15322,1225760000,1225840000,19241,3776
15323,1225840000,1225920000,21494,4149
15324,1225920000,1226000000,16784,3556
15325,1226000000,1226080000,12134,2364
15326,1226080000,1226160000,20639,3981
15327,1226160000,1226240000,23038,4313
15328,1226240000,1226320000,15849,3482
15329,1226320000,1226400000,11696,2294
15330,1226400000,1226480000,19755,3970
15331,1226480000,1226560000,22106,4215
15332,1226560000,1226640000,15370,3361
15333,1226640000,1226720000,12455,2485
15334,1226720000,1226800000,21697,4002
15335,1226800000,1226880000,19996,3891
15336,1226880000,1226960000,15807,3443
15337,1226960000,1227040000,13637,2733
15338,1227040000,1227120000,19891,3998
15339,1227120000,1227200000,18850,3627
15340,1227200000,1227280000,15569,3364
15341,1227280000,1227360000,15937,3081
15342,1227360000,1227440000,22260,4001
15343,1227440000,1227520000,17842,3610
15344,1227520000,1227600000,15165,3129
15345,1227600000,1227680000,17121,3305
15346,1227680000,1227760000,20972,4011
15347,1227760000,1227840000,17534,3590
15348,1227840000,1227920000,14728,3022
15349,1227920000,1228000000,18192,3437
15350,1228000000,1228080000,22264,4107
15351,1228080000,1228160000,16649,3573
15352,1228160000,1228240000,12758,2584
15353,1228240000,1228320000,19076,3775
15354,1228320000,1228400000,21749,4161
15355,1228400000,1228480000,16911,3559
15356,1228480000,1228560000,12475,2364
15357,1228560000,1228640000,21417,3982
15358,1228640000,1228720000,23240,4301
15359,1228720000,1228800000,16061,3483
15360,1228800000,1228880000,12009,2294
15361,1228880000,1228960000,20194,3971
15362,1228960000,1229040000,21899,4222
15363,1229040000,1229120000,15840,3361
15364,1229120000,1229200000,13094,2485
15365,1229200000,1229280000,22310,3999
15366,1229280000,1229360000,20168,3880
15367,1229360000,1229440000,16042,3443
15368,1229440000,1229520000,13385,2733
15369,1229520000,1229600000,20099,3989
15370,1229600000,1229680000,18851,3620
15371,1229680000,1229760000,15612,3364
15372,1229760000,1229840000,16214,3081
15373,1229840000,1229920000,22263,4006
15374,1229920000,1230000000,18148,3617
15375,1230000000,1230080000,15103,3129
15376,1230080000,1230160000,16806,3305
15377,1230160000,1230240000,20961,4006
15378,1230240000,1230320000,17680,3599
15379,1230320000,1230400000,14575,3022
15380,1230400000,1230480000,17720,3437
15381,1230480000,1230560000,22204,4108
15382,1230560000,1230640000,16362,3568
15383,1230640000,1230720000,12622,2584
15384,1230720000,1230800000,19080,3776
15385,1230800000,1230880000,21587,4149
15386,1230880000,1230960000,17052,3556
15387,1230960000,1231040000,12130,2364
15388,1231040000,1231120000,20884,3981
15389,1231120000,1231200000,23494,4307
15390,1231200000,1231280000,16135,3482
15391,1231280000,1231360000,12097,2294
15392,1231360000,1231440000,20221,3970
15393,1231440000,1231520000,22450,4221
15394,1231520000,1231600000,15919,3361
15395,1231600000,1231680000,12966,2485
15396,1231680000,1231760000,22316,4002
15397,1231760000,1231840000,20402,3885
15398,1231840000,1231920000,16244,3443
15399,1231920000,1232000000,14169,2733
15400,1232000000,1232080000,20179,3992
15401,1232080000,1232160000,18929,3621
15402,1232160000,1232240000,16028,3364
15403,1232240000,1232320000,16141,3081
15404,1232320000,1232400000,22635,4001
15405,1232400000,1232480000,18081,3610
15406,1232480000,1232560000,15670,3129
15407,1232560000,1232640000,17665,3305
15408,1232640000,1232720000,20909,4005
15409,1232720000,1232800000,17440,3590
15410,1232800000,1232880000,15004,3022
15411,1232880000,1232960000,18076,3437
15412,1232960000,1233040000,21764,4107
15413,1233040000,1233120000,16547,3573
15414,1233120000,1233200000,12834,2584
15415,1233200000,1233280000,19497,3775
15416,1233280000,1233360000,22083,4155
15417,1233360000,1233440000,17034,3559
15418,1233440000,1233520000,12209,2364
15419,1233520000,1233600000,21139,3982
15420,1233600000,1233680000,23627,4301
15421,1233680000,1233760000,16440,3483
15422,1233760000,1233840000,11833,2294
15423,1233840000,1233920000,20202,3971
15424,1233920000,1234000000,22592,4222
15425,1234000000,1234080000,16195,3361
15426,1234080000,1234160000,13227,2485
15427,1234160000,1234240000,22003,4005
15428,1234240000,1234320000,20343,3886
15429,1234320000,1234400000,16574,3443
15430,1234400000,1234480000,14279,2733
15431,1234480000,1234560000,20641,3989
15432,1234560000,1234640000,18915,3620
15433,1234640000,1234720000,16425,3364
15434,1234720000,1234800000,16839,3081
15435,1234800000,1234880000,22342,4006
15436,1234880000,1234960000,18187,3617
15437,1234960000,1235040000,15317,3129
15438,1235040000,1235120000,16510,3305
15439,1235120000,1235200000,20802,4006
15440,1235200000,1235280000,17899,3593
15441,1235280000,1235360000,14681,3022
15442,1235360000,1235440000,17662,3437
15443,1235440000,1235520000,22368,4114
15444,1235520000,1235600000,16558,3568
15445,1235600000,1235680000,12596,2584
15446,1235680000,1235760000,18628,3776
15447,1235760000,1235840000,21694,4149
15448,1235840000,1235920000,16961,3556
15449,1235920000,1236000000,12131,2364
15450,1236000000,1236080000,21092,3981
15451,1236080000,1236160000,24071,4313
15452,1236160000,1236240000,16103,3482
15453,1236240000,1236320000,11836,2294
15454,1236320000,1236400000,20373,3970
15455,1236400000,1236480000,22908,4215
15456,1236480000,1236560000,15843,3361
15457,1236560000,1236640000,12793,2485
15458,1236640000,1236720000,22389,4002
15459,1236720000,1236800000,20286,3885
15460,1236800000,1236880000,16166,3443
15461,1236880000,1236960000,13630,2733
15462,1236960000,1237040000,19834,3992
15463,1237040000,1237120000,19108,3621
15464,1237120000,1237200000,15799,3364
15465,1237200000,1237280000,16359,3081
15466,1237280000,1237360000,22557,4001
15467,1237360000,1237440000,18208,3610
15468,1237440000,1237520000,15556,3129
15469,1237520000,1237600000,17613,3305
15470,1237600000,1237680000,20859,4005
15471,1237680000,1237760000,18114,3590
15472,1237760000,1237840000,15208,3022
15473,1237840000,1237920000,18346,3437
15474,1237920000,1238000000,22932,4107
15475,1238000000,1238080000,16847,3573
15476,1238080000,1238160000,13393,2584
15477,1238160000,1238240000,19687,3775
15478,1238240000,1238320000,21762,4155
15479,1238320000,1238400000,17249,3559
15480,1238400000,1238480000,12561,2364
15481,1238480000,1238560000,21505,3982
15482,1238560000,1238640000,23907,4301
15483,1238640000,1238720000,16452,3483
15484,1238720000,1238800000,12210,2294
15485,1238800000,1238880000,20703,3971
15486,1238880000,1238960000,22837,4228
15487,1238960000,1239040000,16144,3361
15488,1239040000,1239120000,13249,2485
15489,1239120000,1239200000,22605,3999
15490,1239200000,1239280000,20700,3880
15491,1239280000,1239360000,16425,3443
15492,1239360000,1239440000,13888,2733
15493,1239440000,1239520000,20400,3989
15494,1239520000,1239600000,19039,3620
15495,1239600000,1239680000,16036,3364
15496,1239680000,1239760000,16582,3081
15497,1239760000,1239840000,22722,4006
15498,1239840000,1239920000,18008,3617
15499,1239920000,1240000000,15559,3129
15500,1240000000,1240080000,17652,3305
15501,1240080000,1240160000,21047,4006
15502,1240160000,1240240000,17886,3593
15503,1240240000,1240320000,15008,3022
15504,1240320000,1240400000,17613,3437
15505,1240400000,1240480000,22350,4108
15506,1240480000,1240560000,16269,3568
15507,1240560000,1240640000,12858,2584
15508,1240640000,1240720000,18913,3776
15509,1240720000,1240800000,21812,4149
15510,1240800000,1240880000,17040,3556
15511,1240880000,1240960000,12640,2364
15512,1240960000,1241040000,21438,3981
15513,1241040000,1241120000,23846,4313
15514,1241120000,1241200000,16399,3482
15515,1241200000,1241280000,12179,2294
15516,1241280000,1241360000,19895,3973
15517,1241360000,1241440000,22385,4224
15518,1241440000,1241520000,15944,3361
15519,1241520000,1241600000,12548,2485
15520,1241600000,1241680000,21965,4002
15521,1241680000,1241760000,20490,3885
15522,1241760000,1241840000,16120,3443
15523,1241840000,1241920000,13949,2733
15524,1241920000,1242000000,19790,3992
15525,1242000000,1242080000,19083,3621
15526,1242080000,1242160000,15963,3364
15527,1242160000,1242240000,16110,3081
15528,1242240000,1242320000,22505,4007
15529,1242320000,1242400000,17908,3610
15530,1242400000,1242480000,15600,3129
15531,1242480000,1242560000,17379,3305
15532,1242560000,1242640000,20488,4011
15533,1242640000,1242720000,17877,3590
15534,1242720000,1242800000,15005,3022
15535,1242800000,1242880000,18097,3437
15536,1242880000,1242960000,22960,4107
15537,1242960000,1243040000,16823,3573
15538,1243040000,1243120000,12988,2584
15539,1243120000,1243200000,19159,3775
15540,1243200000,1243280000,21728,4155
15541,1243280000,1243360000,17028,3559
15542,1243360000,1243440000,12686,2364
15543,1243440000,1243520000,21517,3982
15544,1243520000,1243600000,23770,4301
15545,1243600000,1243680000,16472,3483
15546,1243680000,1243760000,12490,2294
15547,1243760000,1243840000,20394,3971
15548,1243840000,1243920000,22513,4222
15549,1243920000,1244000000,16098,3361
15550,1244000000,1244080000,12855,2485
15551,1244080000,1244160000,21900,3999
15552,1244160000,1244240000,20277,3880
15553,1244240000,1244320000,16021,3443
15554,1244320000,1244400000,13848,2733
15555,1244400000,1244480000,20870,3992
15556,1244480000,1244560000,19111,3623
15557,1244560000,1244640000,15809,3364
15558,1244640000,1244720000,16338,3081
15559,1244720000,1244800000,22425,4006
15560,1244800000,1244880000,18318,3617
15561,1244880000,1244960000,15403,3129
15562,1244960000,1245040000,17177,3305
15563,1245040000,1245120000,21072,4006
15564,1245120000,1245200000,18262,3593
15565,1245200000,1245280000,14825,3022
15566,1245280000,1245360000,17929,3437
15567,1245360000,1245440000,22501,4108
15568,1245440000,1245520000,17003,3568
15569,1245520000,1245600000,12815,2584
15570,1245600000,1245680000,19416,3776
15571,1245680000,1245760000,21424,4149
15572,1245760000,1245840000,17078,3556
15573,1245840000,1245920000,12492,2364
15574,1245920000,1246000000,21373,3981
15575,1246000000,1246080000,23752,4307
15576,1246080000,1246160000,16069,3482
15577,1246160000,1246240000,12079,2294
15578,1246240000,1246320000,19745,3970
15579,1246320000,1246400000,21784,4221
15580,1246400000,1246480000,15814,3361
15581,1246480000,1246560000,13041,2485
15582,1246560000,1246640000,22401,4002
15583,1246640000,1246720000,20209,3885
15584,1246720000,1246800000,16324,3443
15585,1246800000,1246880000,14220,2733
15586,1246880000,1246960000,19783,3992
15587,1246960000,1247040000,18859,3621
15588,1247040000,1247120000,16031,3364
15589,1247120000,1247200000,16649,3081
15590,1247200000,1247280000,22799,4001
15591,1247280000,1247360000,18296,3610
15592,1247360000,1247440000,15600,3129
15593,1247440000,1247520000,17475,3305
15594,1247520000,1247600000,20899,4005
15595,1247600000,1247680000,17876,3590
15596,1247680000,1247760000,15044,3022
15597,1247760000,1247840000,17979,3437
15598,1247840000,1247920000,22450,4107
15599,1247920000,1248000000,16629,3573
15600,1248000000,1248080000,13070,2584
15601,1248080000,1248160000,19195,3775
15602,1248160000,1248240000,21099,4155
15603,1248240000,1248320000,17237,3559
15604,1248320000,1248400000,12493,2364
15605,1248400000,1248480000,21618,3982
15606,1248480000,1248560000,23585,4307
15607,1248560000,1248640000,16298,3483
15608,1248640000,1248720000,12110,2294
15609,1248720000,1248800000,20321,3971
15610,1248800000,1248880000,22623,4222
15611,1248880000,1248960000,15871,3361
15612,1248960000,1249040000,13107,2485
15613,1249040000,1249120000,21943,3999
15614,1249120000,1249200000,20436,3880
15615,1249200000,1249280000,16339,3442
15616,1249280000,1249360000,14008,2733
15617,1249360000,1249440000,20497,3995
15618,1249440000,1249520000,19107,3626
15619,1249520000,1249600000,16027,3364
15620,1249600000,1249680000,16689,3081
15621,1249680000,1249760000,22104,4006
15622,1249760000,1249840000,18217,3617
15623,1249840000,1249920000,15334,3129
15624,1249920000,1250000000,17142,3305
15625,1250000000,1250080000,21284,4012
15626,1250080000,1250160000,18096,3593
15627,1250160000,1250240000,14849,3022
15628,1250240000,1250320000,18160,3437
15629,1250320000,1250400000,22469,4114
15630,1250400000,1250480000,16591,3568
15631,1250480000,1250560000,12966,2584
15632,1250560000,1250640000,19629,3776
15633,1250640000,1250720000,21378,4149
15634,1250720000,1250800000,17416,3556
15635,1250800000,1250880000,12571,2364
15636,1250880000,1250960000,21986,3981
15637,1250960000,1251040000,23899,4307
15638,1251040000,1251120000,16641,3482
15639,1251120000,1251200000,12561,2294
15640,1251200000,1251280000,20548,3970
15641,1251280000,1251360000,22268,4221
15642,1251360000,1251440000,16016,3361
15643,1251440000,1251520000,13310,2485
15644,1251520000,1251600000,21528,4002
15645,1251600000,1251680000,19934,3885
15646,1251680000,1251760000,16115,3443
15647,1251760000,1251840000,14341,2733
15648,1251840000,1251920000,20017,3992
15649,1251920000,1252000000,18719,3621
15650,1252000000,1252080000,15993,3364
15651,1252080000,1252160000,15991,3081
15652,1252160000,1252240000,21735,4001
15653,1252240000,1252320000,17561,3610
15654,1252320000,1252400000,15651,3129
15655,1252400000,1252480000,17376,3305
15656,1252480000,1252560000,20086,4005
15657,1252560000,1252640000,17314,3590
15658,1252640000,1252720000,14812,3022
15659,1252720000,1252800000,17654,3437
15660,1252800000,1252880000,21694,4107
15661,1252880000,1252960000,16142,3573
15662,1252960000,1253040000,12687,2584
15663,1253040000,1253120000,18787,3775
15664,1253120000,1253200000,21001,4155
15665,1253200000,1253280000,16688,3559
15666,1253280000,1253360000,12439,2364
15667,1253360000,1253440000,20998,3982
15668,1253440000,1253520000,23097,4301
15669,1253520000,1253600000,16301,3483
15670,1253600000,1253680000,12261,2294
15671,1253680000,1253760000,20371,3971
15672,1253760000,1253840000,21518,4222
15673,1253840000,1253920000,16179,3361
15674,1253920000,1254000000,13383,2485
15675,1254000000,1254080000,22304,3999
15676,1254080000,1254160000,20030,3880
15677,1254160000,1254240000,16422,3443
15678,1254240000,1254320000,14274,2733
15679,1254320000,1254400000,19909,3992
15680,1254400000,1254480000,18650,3623
15681,1254480000,1254560000,16183,3364
15682,1254560000,1254640000,16712,3081
15683,1254640000,1254720000,22006,4006
15684,1254720000,1254800000,17745,3617
15685,1254800000,1254880000,15686,3129
15686,1254880000,1254960000,17137,3305
15687,1254960000,1255040000,20628,4006
15688,1255040000,1255120000,17589,3593
15689,1255120000,1255200000,15092,3022
15690,1255200000,1255280000,18007,3437
15691,1255280000,1255360000,21771,4108
15692,1255360000,1255440000,16717,3568
15693,1255440000,1255520000,12782,2584
15694,1255520000,1255600000,19192,3776
15695,1255600000,1255680000,21933,4149
15696,1255680000,1255760000,17069,3556
15697,1255760000,1255840000,12467,2364
15698,1255840000,1255920000,21424,3981
15699,1255920000,1256000000,23637,4307
15700,1256000000,1256080000,16499,3482
15701,1256080000,1256160000,12160,2294
15702,1256160000,1256240000,20478,3976
15703,1256240000,1256320000,22246,4215
15704,1256320000,1256400000,16263,3361
15705,1256400000,1256480000,13266,2485
15706,1256480000,1256560000,22163,4008
15707,1256560000,1256640000,20048,3891
15708,1256640000,1256720000,16237,3443
15709,1256720000,1256800000,13249,2733
15710,1256800000,1256880000,19185,3992
15711,1256880000,1256960000,18539,3621
15712,1256960000,1257040000,15501,3364
15713,1257040000,1257120000,16113,3081
15714,1257120000,1257200000,21862,4007
15715,1257200000,1257280000,17721,3610
15716,1257280000,1257360000,15291,3129
15717,1257360000,1257440000,16983,3305
15718,1257440000,1257520000,20295,4011
15719,1257520000,1257600000,17479,3590
15720,1257600000,1257680000,14867,3022
15721,1257680000,1257760000,18001,3437
15722,1257760000,1257840000,22386,4107
15723,1257840000,1257920000,16629,3579
15724,1257920000,1258000000,13150,2584
15725,1258000000,1258080000,19556,3775
15726,1258080000,1258160000,21224,4155
15727,1258160000,1258240000,16937,3559
15728,1258240000,1258320000,12694,2364
15729,1258320000,1258400000,21209,3982
15730,1258400000,1258480000,23227,4301
15731,1258480000,1258560000,16331,3483
15732,1258560000,1258640000,12310,2294
15733,1258640000,1258720000,20243,3971
15734,1258720000,1258800000,22578,4222
15735,1258800000,1258880000,15964,3361
15736,1258880000,1258960000,13321,2485
15737,1258960000,1259040000,21910,3999
15738,1259040000,1259120000,20086,3880
15739,1259120000,1259200000,16460,3443
15740,1259200000,1259280000,14206,2733
15741,1259280000,1259360000,20226,3989
15742,1259360000,1259440000,19243,3620
15743,1259440000,1259520000,16040,3364
15744,1259520000,1259600000,16346,3081
15745,1259600000,1259680000,22471,4006
15746,1259680000,1259760000,18220,3617
15747,1259760000,1259840000,15458,3129
15748,1259840000,1259920000,17464,3305
15749,1259920000,1260000000,21079,4006
15750,1260000000,1260080000,17838,3593
15751,1260080000,1260160000,15283,3022
15752,1260160000,1260240000,18413,3437
15753,1260240000,1260320000,22000,4108
15754,1260320000,1260400000,16468,3568
15755,1260400000,1260480000,13431,2584
15756,1260480000,1260560000,19521,3776
15757,1260560000,1260640000,21382,4149
15758,1260640000,1260720000,17213,3556
15759,1260720000,1260800000,12890,2364
15760,1260800000,1260880000,21494,3981
15761,1260880000,1260960000,23279,4307
15762,1260960000,1261040000,16680,3482
15763,1261040000,1261120000,12669,2294
15764,1261120000,1261200000,20718,3970
15765,1261200000,1261280000,22278,4215
15766,1261280000,1261360000,16305,3361
15767,1261360000,1261440000,13070,2485
15768,1261440000,1261520000,21923,4002
15769,1261520000,1261600000,20066,3885
15770,1261600000,1261680000,16160,3443
15771,1261680000,1261760000,13926,2733
15772,1261760000,1261840000,20042,4001
15773,1261840000,1261920000,19043,3624
15774,1261920000,1262000000,15878,3364
15775,1262000000,1262080000,16351,3081
15776,1262080000,1262160000,22397,4001
15777,1262160000,1262240000,17995,3610
15778,1262240000,1262320000,15235,3129
15779,1262320000,1262400000,16732,3305
15780,1262400000,1262480000,20616,4011
15781,1262480000,1262560000,17531,3590
15782,1262560000,1262640000,14711,3022
15783,1262640000,1262720000,17948,3437
15784,1262720000,1262800000,22750,4107
15785,1262800000,1262880000,16340,3579
15786,1262880000,1262960000,12756,2584
15787,1262960000,1263040000,19073,3775
15788,1263040000,1263120000,21830,4155
15789,1263120000,1263200000,16844,3559
15790,1263200000,1263280000,12676,2364
15791,1263280000,1263360000,21417,3982
15792,1263360000,1263440000,24022,4301
15793,1263440000,1263520000,16278,3483
15794,1263520000,1263600000,12381,2294
15795,1263600000,1263680000,20036,3974
15796,1263680000,1263760000,22837,4231
15797,1263760000,1263840000,16021,3361
15798,1263840000,1263920000,13398,2485
15799,1263920000,1264000000,22230,3999
15800,1264000000,1264080000,20293,3880
15801,1264080000,1264160000,16352,3443
15802,1264160000,1264240000,14330,2733
15803,1264240000,1264320000,20185,3989
15804,1264320000,1264400000,19115,3620
15805,1264400000,1264480000,16118,3364
15806,1264480000,1264560000,16974,3081
15807,1264560000,1264640000,22717,4012
15808,1264640000,1264720000,18204,3617
15809,1264720000,1264800000,15807,3129
15810,1264800000,1264880000,18048,3305
15811,1264880000,1264960000,21362,4006
15812,1264960000,1265040000,17894,3593
15813,1265040000,1265120000,15227,3022
15814,1265120000,1265200000,18169,3437
15815,1265200000,1265280000,22408,4114
15816,1265280000,1265360000,16693,3574
15817,1265360000,1265440000,13148,2584
15818,1265440000,1265520000,19777,3776
15819,1265520000,1265600000,21795,4152
15820,1265600000,1265680000,17186,3559
15821,1265680000,1265760000,12984,2364
15822,1265760000,1265840000,21759,3981
15823,1265840000,1265920000,23701,4307
15824,1265920000,1266000000,16527,3482
15825,1266000000,1266080000,12463,2294
15826,1266080000,1266160000,20459,3976
15827,1266160000,1266240000,22115,4215
15828,1266240000,1266320000,15985,3361
15829,1266320000,1266400000,13088,2485
15830,1266400000,1266480000,21902,4002
15831,1266480000,1266560000,20303,3885
15832,1266560000,1266640000,16347,3443
15833,1266640000,1266720000,14288,2733
15834,1266720000,1266800000,20579,3992
15835,1266800000,1266880000,19025,3621
15836,1266880000,1266960000,16283,3364
15837,1266960000,1267040000,16886,3081
15838,1267040000,1267120000,22284,4001
15839,1267120000,1267200000,18119,3610
15840,1267200000,1267280000,15925,3129
15841,1267280000,1267360000,17965,3305
15842,1267360000,1267440000,20957,4005
15843,1267440000,1267520000,17810,3590
15844,1267520000,1267600000,15516,3022
15845,1267600000,1267680000,19043,3437
15846,1267680000,1267760000,22269,4107
15847,1267760000,1267840000,16823,3573
15848,1267840000,1267920000,13263,2584
15849,1267920000,1268000000,19184,3775
15850,1268000000,1268080000,21736,4155
15851,1268080000,1268160000,17160,3559
15852,1268160000,1268240000,12905,2364
15853,1268240000,1268320000,21823,3982
15854,1268320000,1268400000,23938,4301
15855,1268400000,1268480000,16480,3483
15856,1268480000,1268560000,12384,2294
15857,1268560000,1268640000,20156,3971
15858,1268640000,1268720000,22228,4222
15859,1268720000,1268800000,16155,3361
15860,1268800000,1268880000,13438,2485
15861,1268880000,1268960000,22287,3999
15862,1268960000,1269040000,20001,3886
15863,1269040000,1269120000,16661,3443
15864,1269120000,1269200000,14442,2733
15865,1269200000,1269280000,19980,3989
15866,1269280000,1269360000,19290,3620
15867,1269360000,1269440000,16374,3364
15868,1269440000,1269520000,17372,3081
15869,1269520000,1269600000,22817,4006
15870,1269600000,1269680000,17924,3617
15871,1269680000,1269760000,15788,3129
15872,1269760000,1269840000,17316,3305
15873,1269840000,1269920000,20835,4006
15874,1269920000,1270000000,18076,3599
15875,1270000000,1270080000,15032,3022
15876,1270080000,1270160000,18398,3437
15877,1270160000,1270240000,22279,4108
15878,1270240000,1270320000,16314,3568
15879,1270320000,1270400000,13253,2584
15880,1270400000,1270480000,19570,3776
15881,1270480000,1270560000,20818,4149
15882,1270560000,1270640000,17195,3556
15883,1270640000,1270720000,12012,2364
15884,1270720000,1270800000,20895,3981
15885,1270800000,1270880000,23689,4319
15886,1270880000,1270960000,16223,3482
15887,1270960000,1271040000,12061,2294
15888,1271040000,1271120000,20036,3970
15889,1271120000,1271200000,22813,4221
15890,1271200000,1271280000,15963,3361
15891,1271280000,1271360000,12922,2485
15892,1271360000,1271440000,22513,4002
15893,1271440000,1271520000,20795,3885
15894,1271520000,1271600000,16308,3443
15895,1271600000,1271680000,14067,2733
15896,1271680000,1271760000,20255,3998
15897,1271760000,1271840000,19596,3627
15898,1271840000,1271920000,16080,3364
15899,1271920000,1272000000,16076,3081
15900,1272000000,1272080000,22833,4001
15901,1272080000,1272160000,18188,3610
15902,1272160000,1272240000,15716,3129
15903,1272240000,1272320000,17585,3305
15904,1272320000,1272400000,20841,4011
15905,1272400000,1272480000,17658,3590
15906,1272480000,1272560000,15140,3022
15907,1272560000,1272640000,18345,3437
15908,1272640000,1272720000,22362,4113
15909,1272720000,1272800000,16716,3573
15910,1272800000,1272880000,13049,2584
15911,1272880000,1272960000,19577,3775
15912,1272960000,1273040000,21639,4155
15913,1273040000,1273120000,17083,3559
15914,1273120000,1273200000,12449,2364
15915,1273200000,1273280000,21442,3982
15916,1273280000,1273360000,23579,4301
15917,1273360000,1273440000,16486,3483
15918,1273440000,1273520000,12224,2294
15919,1273520000,1273600000,20058,3971
15920,1273600000,1273680000,22422,4228
15921,1273680000,1273760000,16223,3361
15922,1273760000,1273840000,13420,2485
15923,1273840000,1273920000,21908,3999
15924,1273920000,1274000000,20045,3890
15925,1274000000,1274080000,16435,3443
15926,1274080000,1274160000,14352,2733
15927,1274160000,1274240000,20553,3989
15928,1274240000,1274320000,18831,3620
15929,1274320000,1274400000,16273,3364
15930,1274400000,1274480000,17039,3081
15931,1274480000,1274560000,22018,4012
15932,1274560000,1274640000,18550,3627
15933,1274640000,1274720000,15831,3129
15934,1274720000,1274800000,17660,3305
15935,1274800000,1274880000,21052,4006
15936,1274880000,1274960000,18423,3593
15937,1274960000,1275040000,15479,3022
15938,1275040000,1275120000,18781,3437
15939,1275120000,1275200000,22923,4108
15940,1275200000,1275280000,17181,3576
15941,1275280000,1275360000,12925,2584
15942,1275360000,1275440000,19140,3776
15943,1275440000,1275520000,22210,4149
15944,1275520000,1275600000,17291,3556
15945,1275600000,1275680000,12568,2364
15946,1275680000,1275760000,21688,3981
15947,1275760000,1275840000,24065,4307
15948,1275840000,1275920000,16494,3482
15949,1275920000,1276000000,12373,2294
15950,1276000000,1276080000,20343,3970
15951,1276080000,1276160000,22708,4215
15952,1276160000,1276240000,16177,3361
15953,1276240000,1276320000,13329,2485
15954,1276320000,1276400000,22245,4002
15955,1276400000,1276480000,20724,3885
15956,1276480000,1276560000,16523,3443
15957,1276560000,1276640000,14202,2733
15958,1276640000,1276720000,19986,3992
15959,1276720000,1276800000,19291,3621
15960,1276800000,1276880000,16338,3364
15961,1276880000,1276960000,17184,3081
15962,1276960000,1277040000,22512,4001
15963,1277040000,1277120000,18156,3610
15964,1277120000,1277200000,16106,3129
15965,1277200000,1277280000,18111,3305
15966,1277280000,1277360000,21096,4005
15967,1277360000,1277440000,18154,3590
15968,1277440000,1277520000,15420,3022
15969,1277520000,1277600000,18747,3437
15970,1277600000,1277680000,22519,4107
15971,1277680000,1277760000,17110,3573
15972,1277760000,1277840000,13458,2584
15973,1277840000,1277920000,20111,3778
15974,1277920000,1278000000,22411,4161
15975,1278000000,1278080000,17568,3562
15976,1278080000,1278160000,12929,2364
15977,1278160000,1278240000,21893,3982
15978,1278240000,1278320000,23691,4307
15979,1278320000,1278400000,16942,3483
15980,1278400000,1278480000,12631,2294
15981,1278480000,1278560000,20770,3971
15982,1278560000,1278640000,22832,4222
15983,1278640000,1278720000,16196,3361
15984,1278720000,1278800000,13114,2485
15985,1278800000,1278880000,22020,4011
15986,1278880000,1278960000,20597,3896
15987,1278960000,1279040000,16115,3443
15988,1279040000,1279120000,13788,2733
15989,1279120000,1279200000,20223,3989
15990,1279200000,1279280000,19192,3620
15991,1279280000,1279360000,15815,3364
15992,1279360000,1279440000,16294,3081
15993,1279440000,1279520000,22165,4006
15994,1279520000,1279600000,18149,3617
15995,1279600000,1279680000,15024,3129
15996,1279680000,1279760000,16797,3305
15997,1279760000,1279840000,21109,4006
15998,1279840000,1279920000,17663,3593
15999,1279920000,1280000000,14638,3022
16000,1280000000,1280080000,17632,3437
16001,1280080000,1280160000,22122,4108
16002,1280160000,1280240000,16396,3568
16003,1280240000,1280320000,12865,2584
16004,1280320000,1280400000,19082,3776
16005,1280400000,1280480000,22588,4149
16006,1280480000,1280560000,16856,3556
16007,1280560000,1280640000,12528,2364
16008,1280640000,1280720000,21214,3981
16009,1280720000,1280800000,24327,4313
16010,1280800000,1280880000,16245,3482
16011,1280880000,1280960000,12058,2294
16012,1280960000,1281040000,20181,3970
16013,1281040000,1281120000,22590,4215
16014,1281120000,1281200000,15753,3361
16015,1281200000,1281280000,12712,2485
16016,1281280000,1281360000,21897,4002
16017,1281360000,1281440000,20160,3885
16018,1281440000,1281520000,15969,3443
16019,1281520000,1281600000,13861,2733
16020,1281600000,1281680000,20139,4001
16021,1281680000,1281760000,19697,3624
16022,1281760000,1281840000,15743,3364
16023,1281840000,1281920000,15958,3081
16024,1281920000,1282000000,23008,4001
16025,1282000000,1282080000,18222,3610
16026,1282080000,1282160000,15179,3129
16027,1282160000,1282240000,17198,3305
16028,1282240000,1282320000,21345,4011
16029,1282320000,1282400000,17712,3590
16030,1282400000,1282480000,15025,3022
16031,1282480000,1282560000,18069,3437
16032,1282560000,1282640000,22807,4107
16033,1282640000,1282720000,16589,3573
16034,1282720000,1282800000,13188,2584
16035,1282800000,1282880000,19125,3775
16036,1282880000,1282960000,21638,4155
16037,1282960000,1283040000,16952,3559
16038,1283040000,1283120000,12694,2364
16039,1283120000,1283200000,21407,3982
16040,1283200000,1283280000,23867,4301
16041,1283280000,1283360000,16375,3483
16042,1283360000,1283440000,12525,2294
16043,1283440000,1283520000,20711,3971
16044,1283520000,1283600000,22934,4222
16045,1283600000,1283680000,16222,3361
16046,1283680000,1283760000,13521,2485
16047,1283760000,1283840000,22190,3999
16048,1283840000,1283920000,20155,3880
16049,1283920000,1284000000,16436,3443
16050,1284000000,1284080000,14414,2733
16051,1284080000,1284160000,20654,3989
16052,1284160000,1284240000,19194,3620
16053,1284240000,1284320000,15851,3364
16054,1284320000,1284400000,16653,3081
16055,1284400000,1284480000,22356,4006
16056,1284480000,1284560000,18060,3617
16057,1284560000,1284640000,15363,3129
16058,1284640000,1284720000,17135,3305
16059,1284720000,1284800000,20819,4006
16060,1284800000,1284880000,17879,3593
16061,1284880000,1284960000,14749,3022
16062,1284960000,1285040000,17671,3437
16063,1285040000,1285120000,22828,4108
16064,1285120000,1285200000,16587,3568
16065,1285200000,1285280000,12963,2584
16066,1285280000,1285360000,19104,3776
16067,1285360000,1285440000,21673,4149
16068,1285440000,1285520000,16749,3556
16069,1285520000,1285600000,12597,2364
16070,1285600000,1285680000,20945,3981
16071,1285680000,1285760000,23930,4313
16072,1285760000,1285840000,16206,3482
16073,1285840000,1285920000,12319,2294
16074,1285920000,1286000000,20360,3973
16075,1286000000,1286080000,22621,4230
16076,1286080000,1286160000,15945,3361
16077,1286160000,1286240000,13303,2485
16078,1286240000,1286320000,22387,4002
16079,1286320000,1286400000,20482,3885
16080,1286400000,1286480000,16368,3443
16081,1286480000,1286560000,14160,2733
16082,1286560000,1286640000,20116,3992
16083,1286640000,1286720000,19255,3621
16084,1286720000,1286800000,16099,3364
16085,1286800000,1286880000,16766,3081
16086,1286880000,1286960000,22615,4013
16087,1286960000,1287040000,18108,3610
16088,1287040000,1287120000,15545,3129
16089,1287120000,1287200000,17579,3305
16090,1287200000,1287280000,20904,4005
16091,1287280000,1287360000,17813,3590
16092,1287360000,1287440000,15234,3022
16093,1287440000,1287520000,18359,3437
16094,1287520000,1287600000,22437,4107
16095,1287600000,1287680000,16674,3573
16096,1287680000,1287760000,13455,2584
16097,1287760000,1287840000,19809,3775
16098,1287840000,1287920000,21975,4155
16099,1287920000,1288000000,17204,3559
16100,1288000000,1288080000,13132,2364
16101,1288080000,1288160000,22069,3982
16102,1288160000,1288240000,24011,4301
16103,1288240000,1288320000,16660,3483
16104,1288320000,1288400000,12790,2294
16105,1288400000,1288480000,20512,3971
16106,1288480000,1288560000,22784,4222
16107,1288560000,1288640000,16056,3361
16108,1288640000,1288720000,13497,2485
16109,1288720000,1288800000,22423,3999
16110,1288800000,1288880000,20568,3880
16111,1288880000,1288960000,16363,3443
16112,1288960000,1289040000,14364,2733
16113,1289040000,1289120000,20894,3992
16114,1289120000,1289200000,19249,3623
16115,1289200000,1289280000,16226,3364
16116,1289280000,1289360000,17105,3081
16117,1289360000,1289440000,22362,4006
16118,1289440000,1289520000,18337,3617
16119,1289520000,1289600000,15257,3129
16120,1289600000,1289680000,16470,3305
16121,1289680000,1289760000,21387,4006
16122,1289760000,1289840000,17708,3593
16123,1289840000,1289920000,14645,3022
16124,1289920000,1290000000,17444,3437
16125,1290000000,1290080000,22394,4108
16126,1290080000,1290160000,16193,3568
16127,1290160000,1290240000,12992,2584
16128,1290240000,1290320000,19173,3776
16129,1290320000,1290400000,21220,4149
16130,1290400000,1290480000,16968,3556
16131,1290480000,1290560000,12526,2364
16132,1290560000,1290640000,21211,3981
16133,1290640000,1290720000,23669,4307
16134,1290720000,1290800000,16223,3482
16135,1290800000,1290880000,12269,2294
16136,1290880000,1290960000,20522,3970
16137,1290960000,1291040000,22687,4215
16138,1291040000,1291120000,15909,3361
16139,1291120000,1291200000,13051,2485
16140,1291200000,1291280000,22093,4002
16141,1291280000,1291360000,20343,3885
16142,1291360000,1291440000,16197,3443
16143,1291440000,1291520000,14199,2733
16144,1291520000,1291600000,20188,3992
16145,1291600000,1291680000,19263,3637
16146,1291680000,1291760000,16135,3364
16147,1291760000,1291840000,15934,3081
16148,1291840000,1291920000,22636,4001
16149,1291920000,1292000000,18098,3610
16150,1292000000,1292080000,15503,3129
16151,1292080000,1292160000,17152,3305
16152,1292160000,1292240000,20690,4011
16153,1292240000,1292320000,17416,3590
16154,1292320000,1292400000,14956,3022
16155,1292400000,1292480000,17692,3437
16156,1292480000,1292560000,22117,4107
16157,1292560000,1292640000,16269,3573
16158,1292640000,1292720000,13154,2584
16159,1292720000,1292800000,19026,3775
16160,1292800000,1292880000,21907,4158
16161,1292880000,1292960000,16780,3562
16162,1292960000,1293040000,12385,2364
16163,1293040000,1293120000,21019,3982
16164,1293120000,1293200000,23284,4313
16165,1293200000,1293280000,16230,3483
16166,1293280000,1293360000,12140,2294
16167,1293360000,1293440000,20447,3971
16168,1293440000,1293520000,23038,4222
16169,1293520000,1293600000,16170,3361
16170,1293600000,1293680000,13287,2485
16171,1293680000,1293760000,21995,3999
16172,1293760000,1293840000,19956,3880
16173,1293840000,1293920000,16486,3443
16174,1293920000,1294000000,14332,2733
16175,1294000000,1294080000,20095,3995
16176,1294080000,1294160000,18866,3626
16177,1294160000,1294240000,16116,3364
16178,1294240000,1294320000,16361,3081
16179,1294320000,1294400000,22031,4006
16180,1294400000,1294480000,18212,3617
16181,1294480000,1294560000,15733,3129
16182,1294560000,1294640000,17237,3305
16183,1294640000,1294720000,21276,4006
16184,1294720000,1294800000,17976,3593
16185,1294800000,1294880000,15290,3022
16186,1294880000,1294960000,18353,3437
16187,1294960000,1295040000,22056,4108
16188,1295040000,1295120000,16689,3568
16189,1295120000,1295200000,12924,2584
16190,1295200000,1295280000,19096,3776
16191,1295280000,1295360000,22477,4155
16192,1295360000,1295440000,16884,3556
16193,1295440000,1295520000,12511,2364
16194,1295520000,1295600000,20846,3981
16195,1295600000,1295680000,23897,4307
16196,1295680000,1295760000,16183,3482
16197,1295760000,1295840000,12256,2294
16198,1295840000,1295920000,20741,3970
16199,1295920000,1296000000,23197,4215
16200,1296000000,1296080000,16035,3361
16201,1296080000,1296160000,13274,2485
16202,1296160000,1296240000,22020,4002
16203,1296240000,1296320000,19720,3885
16204,1296320000,1296400000,16374,3443
16205,1296400000,1296480000,13713,2733
16206,1296480000,1296560000,20252,3992
16207,1296560000,1296640000,19296,3621
16208,1296640000,1296720000,15954,3364
16209,1296720000,1296800000,16629,3081
16210,1296800000,1296880000,22231,4001
16211,1296880000,1296960000,17950,3610
16212,1296960000,1297040000,15911,3129
16213,1297040000,1297120000,17858,3305
16214,1297120000,1297200000,21618,4005
16215,1297200000,1297280000,17989,3590
16216,1297280000,1297360000,15738,3022
16217,1297360000,1297440000,18687,3437
16218,1297440000,1297520000,22714,4107
16219,1297520000,1297600000,16745,3573
16220,1297600000,1297680000,13158,2584
16221,1297680000,1297760000,19670,3775
16222,1297760000,1297840000,22373,4155
16223,1297840000,1297920000,16841,3559
16224,1297920000,1298000000,12478,2364
16225,1298000000,1298080000,21417,3982
16226,1298080000,1298160000,23381,4301
16227,1298160000,1298240000,16013,3483
16228,1298240000,1298320000,12286,2294
16229,1298320000,1298400000,20992,3977
16230,1298400000,1298480000,23516,4222
16231,1298480000,1298560000,15650,3361
16232,1298560000,1298640000,13143,2485
16233,1298640000,1298720000,22480,3999
16234,1298720000,1298800000,20721,3880
16235,1298800000,1298880000,15996,3443
16236,1298880000,1298960000,13825,2733
16237,1298960000,1299040000,20726,3989
16238,1299040000,1299120000,19206,3620
16239,1299120000,1299200000,15568,3364
16240,1299200000,1299280000,15718,3081
16241,1299280000,1299360000,22027,4006
16242,1299360000,1299440000,18351,3617
16243,1299440000,1299520000,15000,3129
16244,1299520000,1299600000,16881,3305
16245,1299600000,1299680000,21525,4006
16246,1299680000,1299760000,17591,3593
16247,1299760000,1299840000,14540,3022
16248,1299840000,1299920000,17743,3437
16249,1299920000,1300000000,22172,4108
16250,1300000000,1300080000,16374,3568
16251,1300080000,1300160000,12651,2584
16252,1300160000,1300240000,19172,3779
16253,1300240000,1300320000,21976,4152
16254,1300320000,1300400000,16910,3556
16255,1300400000,1300480000,12286,2364
16256,1300480000,1300560000,21392,3981
16257,1300560000,1300640000,23643,4307
16258,1300640000,1300720000,16092,3482
16259,1300720000,1300800000,11879,2294
16260,1300800000,1300880000,19848,3970
16261,1300880000,1300960000,22215,4215
16262,1300960000,1301040000,15424,3361
16263,1301040000,1301120000,12287,2485
16264,1301120000,1301200000,21583,4008
16265,1301200000,1301280000,20390,3891
16266,1301280000,1301360000,15577,3443
16267,1301360000,1301440000,13550,2733
16268,1301440000,1301520000,20586,3992
16269,1301520000,1301600000,19206,3621
16270,1301600000,1301680000,15632,3364
16271,1301680000,1301760000,15917,3081
16272,1301760000,1301840000,22348,4001
16273,1301840000,1301920000,17890,3610
16274,1301920000,1302000000,14986,3129
16275,1302000000,1302080000,16563,3305
16276,1302080000,1302160000,21097,4005
16277,1302160000,1302240000,17680,3590
16278,1302240000,1302320000,14527,3022
16279,1302320000,1302400000,17808,3437
16280,1302400000,1302480000,23085,4107
16281,1302480000,1302560000,16364,3573
16282,1302560000,1302640000,12597,2584
16283,1302640000,1302720000,18987,3775
16284,1302720000,1302800000,22035,4161
16285,1302800000,1302880000,16751,3559
16286,1302880000,1302960000,12383,2364
16287,1302960000,1303040000,21235,3982
16288,1303040000,1303120000,24097,4307
16289,1303120000,1303200000,16114,3483
16290,1303200000,1303280000,11940,2294
16291,1303280000,1303360000,20288,3971
16292,1303360000,1303440000,22681,4222
16293,1303440000,1303520000,15630,3361
16294,1303520000,1303600000,12828,2485
16295,1303600000,1303680000,22074,3999
16296,1303680000,1303760000,20294,3880
16297,1303760000,1303840000,15985,3443
16298,1303840000,1303920000,13852,2733
16299,1303920000,1304000000,20404,3989
16300,1304000000,1304080000,19473,3620
16301,1304080000,1304160000,15792,3364
16302,1304160000,1304240000,16324,3081
16303,1304240000,1304320000,22553,4012
16304,1304320000,1304400000,18333,3617
16305,1304400000,1304480000,15309,3129
16306,1304480000,1304560000,17452,3305
16307,1304560000,1304640000,21224,4006
16308,1304640000,1304720000,17873,3593
16309,1304720000,1304800000,14831,3022
16310,1304800000,1304880000,17717,3437
16311,1304880000,1304960000,22311,4118
16312,1304960000,1305040000,16682,3568
16313,1305040000,1305120000,12814,2584
16314,1305120000,1305200000,19520,3776
16315,1305200000,1305280000,22001,4149
16316,1305280000,1305360000,16979,3556
16317,1305360000,1305440000,12350,2364
16318,1305440000,1305520000,21392,3987
16319,1305520000,1305600000,23661,4313
16320,1305600000,1305680000,16282,3482
16321,1305680000,1305760000,12148,2294
16322,1305760000,1305840000,20522,3970
16323,1305840000,1305920000,22595,4215
16324,1305920000,1306000000,15806,3361
16325,1306000000,1306080000,12902,2485
16326,1306080000,1306160000,22007,4008
16327,1306160000,1306240000,20184,3885
16328,1306240000,1306320000,16170,3443
16329,1306320000,1306400000,13999,2733
16330,1306400000,1306480000,19955,3992
16331,1306480000,1306560000,19348,3621
16332,1306560000,1306640000,15844,3364
16333,1306640000,1306720000,16126,3081
16334,1306720000,1306800000,22483,4001
16335,1306800000,1306880000,18026,3610
16336,1306880000,1306960000,15179,3129
16337,1306960000,1307040000,17355,3305
16338,1307040000,1307120000,21077,4005
16339,1307120000,1307200000,17935,3590
16340,1307200000,1307280000,14928,3022
16341,1307280000,1307360000,18526,3437
16342,1307360000,1307440000,22651,4107
16343,1307440000,1307520000,16666,3573
16344,1307520000,1307600000,12885,2584
16345,1307600000,1307680000,19343,3775
16346,1307680000,1307760000,22148,4155
16347,1307760000,1307840000,16958,3559
16348,1307840000,1307920000,12534,2364
16349,1307920000,1308000000,21872,3982
16350,1308000000,1308080000,23840,4301
16351,1308080000,1308160000,16279,3483
16352,1308160000,1308240000,11877,2294
16353,1308240000,1308320000,20549,3980
16354,1308320000,1308400000,22737,4231
16355,1308400000,1308480000,15902,3361
16356,1308480000,1308560000,12902,2485
16357,1308560000,1308640000,22310,3999
16358,1308640000,1308720000,20505,3880
16359,1308720000,1308800000,16193,3443
16360,1308800000,1308880000,13516,2733
16361,1308880000,1308960000,20533,3989
16362,1308960000,1309040000,19680,3620
16363,1309040000,1309120000,15777,3364
16364,1309120000,1309200000,16397,3081
16365,1309200000,1309280000,22565,4012
16366,1309280000,1309360000,18304,3617
16367,1309360000,1309440000,15409,3129
16368,1309440000,1309520000,17090,3305
16369,1309520000,1309600000,22114,4006
16370,1309600000,1309680000,17677,3593
16371,1309680000,1309760000,14956,3022
16372,1309760000,1309840000,18153,3437
16373,1309840000,1309920000,22224,4108
16374,1309920000,1310000000,16447,3568
16375,1310000000,1310080000,13109,2584
16376,1310080000,1310160000,19814,3776
16377,1310160000,1310240000,21894,4149
16378,1310240000,1310320000,17009,3556
16379,1310320000,1310400000,12356,2364
16380,1310400000,1310480000,21288,3981
16381,1310480000,1310560000,23931,4307
16382,1310560000,1310640000,16404,3482
16383,1310640000,1310720000,12324,2294
16384,1310720000,1310800000,20931,3970
16385,1310800000,1310880000,23002,4215
16386,1310880000,1310960000,16008,3361
16387,1310960000,1311040000,12936,2485
16388,1311040000,1311120000,22390,4002
16389,1311120000,1311200000,20628,3885
16390,1311200000,1311280000,16303,3443
16391,1311280000,1311360000,14147,2733
16392,1311360000,1311440000,20568,3998
16393,1311440000,1311520000,19283,3621
16394,1311520000,1311600000,15974,3364
16395,1311600000,1311680000,15923,3081
16396,1311680000,1311760000,22629,4001
16397,1311760000,1311840000,18359,3610
16398,1311840000,1311920000,15431,3129
16399,1311920000,1312000000,17450,3305
16400,1312000000,1312080000,21529,4005
16401,1312080000,1312160000,17532,3590
16402,1312160000,1312240000,15077,3022
16403,1312240000,1312320000,18119,3437
16404,1312320000,1312400000,21928,4113
16405,1312400000,1312480000,16502,3573
16406,1312480000,1312560000,13111,2584
16407,1312560000,1312640000,19639,3775
16408,1312640000,1312720000,22423,4155
16409,1312720000,1312800000,16855,3559
16410,1312800000,1312880000,12562,2364
16411,1312880000,1312960000,21293,3982
16412,1312960000,1313040000,23500,4307
16413,1313040000,1313120000,16375,3483
16414,1313120000,1313200000,12118,2294
16415,1313200000,1313280000,20595,3971
16416,1313280000,1313360000,23213,4222
16417,1313360000,1313440000,16176,3361
16418,1313440000,1313520000,13378,2485
16419,1313520000,1313600000,22304,3999
16420,1313600000,1313680000,20095,3880
16421,1313680000,1313760000,16621,3443
16422,1313760000,1313840000,14498,2733
16423,1313840000,1313920000,20575,3989
16424,1313920000,1314000000,19198,3620
16425,1314000000,1314080000,16369,3364
16426,1314080000,1314160000,16765,3081
16427,1314160000,1314240000,22297,4006
16428,1314240000,1314320000,18335,3617
16429,1314320000,1314400000,15730,3129
16430,1314400000,1314480000,17223,3305
16431,1314480000,1314560000,21425,4012
16432,1314560000,1314640000,17841,3593
16433,1314640000,1314720000,15282,3022
16434,1314720000,1314800000,18401,3437
16435,1314800000,1314880000,22276,4108
16436,1314880000,1314960000,16723,3568
16437,1314960000,1315040000,13170,2584
16438,1315040000,1315120000,19428,3776
16439,1315120000,1315200000,21651,4149
16440,1315200000,1315280000,17036,3556
16441,1315280000,1315360000,12285,2364
16442,1315360000,1315440000,21203,3981
16443,1315440000,1315520000,23788,4319
16444,1315520000,1315600000,16078,3482
16445,1315600000,1315680000,12059,2294
16446,1315680000,1315760000,20374,3970
16447,1315760000,1315840000,23164,4215
16448,1315840000,1315920000,15851,3361
16449,1315920000,1316000000,13099,2485
16450,1316000000,1316080000,22324,4002
16451,1316080000,1316160000,20585,3885
16452,1316160000,1316240000,16192,3443
16453,1316240000,1316320000,13986,2733
16454,1316320000,1316400000,20390,3998
16455,1316400000,1316480000,19265,3627
16456,1316480000,1316560000,15941,3364
16457,1316560000,1316640000,16838,3081
16458,1316640000,1316720000,22088,4001
16459,1316720000,1316800000,18261,3610
16460,1316800000,1316880000,15726,3129
16461,1316880000,1316960000,18088,3305
16462,1316960000,1317040000,21154,4005
16463,1317040000,1317120000,17958,3590
16464,1317120000,1317200000,15287,3022
16465,1317200000,1317280000,18728,3437
16466,1317280000,1317360000,22636,4107
16467,1317360000,1317440000,16821,3573
16468,1317440000,1317520000,13385,2584
16469,1317520000,1317600000,19999,3778
16470,1317600000,1317680000,22785,4161
16471,1317680000,1317760000,17089,3562
16472,1317760000,1317840000,12437,2364
16473,1317840000,1317920000,21284,3982
16474,1317920000,1318000000,23561,4301
16475,1318000000,1318080000,16276,3483
16476,1318080000,1318160000,12094,2294
16477,1318160000,1318240000,20505,3971
16478,1318240000,1318320000,23061,4222
16479,1318320000,1318400000,15920,3361
16480,1318400000,1318480000,13192,2485
16481,1318480000,1318560000,22500,3999
16482,1318560000,1318640000,20413,3880
16483,1318640000,1318720000,16392,3443
16484,1318720000,1318800000,14044,2733
16485,1318800000,1318880000,20766,3989
16486,1318880000,1318960000,19143,3620
16487,1318960000,1319040000,16103,3364
16488,1319040000,1319120000,16721,3081
16489,1319120000,1319200000,22335,4006
16490,1319200000,1319280000,17974,3617
16491,1319280000,1319360000,15677,3129
16492,1319360000,1319440000,17784,3305
16493,1319440000,1319520000,21509,4006
16494,1319520000,1319600000,17771,3593
16495,1319600000,1319680000,15254,3022
16496,1319680000,1319760000,18421,3437
16497,1319760000,1319840000,21961,4114
16498,1319840000,1319920000,16555,3568
16499,1319920000,1320000000,13195,2584
16500,1320000000,1320080000,19730,3776
16501,1320080000,1320160000,22318,4149
16502,1320160000,1320240000,16982,3556
16503,1320240000,1320320000,12686,2364
16504,1320320000,1320400000,21735,3987
16505,1320400000,1320480000,23766,4307
16506,1320480000,1320560000,16555,3482
16507,1320560000,1320640000,12444,2294
16508,1320640000,1320720000,20680,3970
16509,1320720000,1320800000,22718,4215
16510,1320800000,1320880000,16167,3361
16511,1320880000,1320960000,13184,2485
16512,1320960000,1321040000,22070,4002
16513,1321040000,1321120000,19399,3891
16514,1321120000,1321200000,16382,3443
16515,1321200000,1321280000,14587,2733
16516,1321280000,1321360000,20038,3992
16517,1321360000,1321440000,19206,3627
16518,1321440000,1321520000,16295,3364
16519,1321520000,1321600000,16724,3081
16520,1321600000,1321680000,22506,4001
16521,1321680000,1321760000,18082,3610
16522,1321760000,1321840000,15798,3129
16523,1321840000,1321920000,18020,3305
16524,1321920000,1322000000,21654,4005
16525,1322000000,1322080000,17917,3590
16526,1322080000,1322160000,15262,3022
16527,1322160000,1322240000,18720,3437
16528,1322240000,1322320000,22848,4107
16529,1322320000,1322400000,16753,3579
16530,1322400000,1322480000,12936,2584
16531,1322480000,1322560000,19192,3775
16532,1322560000,1322640000,22638,4161
16533,1322640000,1322720000,16595,3559
16534,1322720000,1322800000,12617,2364
16535,1322800000,1322880000,21266,3982
16536,1322880000,1322960000,24003,4307
16537,1322960000,1323040000,16274,3483
16538,1323040000,1323120000,12483,2294
16539,1323120000,1323200000,20910,3971
16540,1323200000,1323280000,22832,4222
16541,1323280000,1323360000,16023,3361
16542,1323360000,1323440000,13366,2485
16543,1323440000,1323520000,21831,4005
16544,1323520000,1323600000,20358,3886
16545,1323600000,1323680000,16357,3443
16546,1323680000,1323760000,14363,2733
16547,1323760000,1323840000,20902,3989
16548,1323840000,1323920000,19051,3620
16549,1323920000,1324000000,16162,3364
16550,1324000000,1324080000,16869,3081
16551,1324080000,1324160000,21963,4006
16552,1324160000,1324240000,18447,3617
16553,1324240000,1324320000,15633,3129
16554,1324320000,1324400000,17462,3305
16555,1324400000,1324480000,21435,4012
16556,1324480000,1324560000,17964,3593
16557,1324560000,1324640000,15055,3022
16558,1324640000,1324720000,18122,3437
16559,1324720000,1324800000,22192,4108
16560,1324800000,1324880000,16651,3568
16561,1324880000,1324960000,13066,2584
16562,1324960000,1325040000,19734,3776
16563,1325040000,1325120000,22211,4149
16564,1325120000,1325200000,16818,3556
16565,1325200000,1325280000,12593,2364
16566,1325280000,1325360000,21107,3981
16567,1325360000,1325440000,23506,4307
16568,1325440000,1325520000,16229,3482
16569,1325520000,1325600000,12263,2294
16570,1325600000,1325680000,20575,3970
16571,1325680000,1325760000,22362,4215
16572,1325760000,1325840000,15926,3361
16573,1325840000,1325920000,13373,2485
16574,1325920000,1326000000,22184,4002
16575,1326000000,1326080000,20240,3885
16576,1326080000,1326160000,16478,3443
16577,1326160000,1326240000,14528,2733
16578,1326240000,1326320000,20493,3992
16579,1326320000,1326400000,19165,3621
16580,1326400000,1326480000,16206,3364
16581,1326480000,1326560000,16972,3081
16582,1326560000,1326640000,22542,4001
16583,1326640000,1326720000,18197,3610
16584,1326720000,1326800000,15573,3129
16585,1326800000,1326880000,17488,3305
16586,1326880000,1326960000,21405,4005
16587,1326960000,1327040000,17578,3590
16588,1327040000,1327120000,15152,3022
16589,1327120000,1327200000,18295,3437
16590,1327200000,1327280000,21995,4107
16591,1327280000,1327360000,16642,3573
16592,1327360000,1327440000,13251,2584
16593,1327440000,1327520000,19679,3775
16594,1327520000,1327600000,21847,4155
16595,1327600000,1327680000,17020,3559
16596,1327680000,1327760000,12847,2364
16597,1327760000,1327840000,21831,3982
16598,1327840000,1327920000,23476,4301
16599,1327920000,1328000000,16420,3483
16600,1328000000,1328080000,12314,2294
16601,1328080000,1328160000,20810,3971
16602,1328160000,1328240000,23032,4228
16603,1328240000,1328320000,15979,3361
16604,1328320000,1328400000,13320,2485
16605,1328400000,1328480000,22098,3999
16606,1328480000,1328560000,20267,3880
16607,1328560000,1328640000,16378,3443
16608,1328640000,1328720000,13592,2733
16609,1328720000,1328800000,20481,3989
16610,1328800000,1328880000,18986,3620
16611,1328880000,1328960000,15584,3364
16612,1328960000,1329040000,16014,3081
16613,1329040000,1329120000,21686,4006
16614,1329120000,1329200000,18340,3617
16615,1329200000,1329280000,14796,3129
16616,1329280000,1329360000,16405,3305
16617,1329360000,1329440000,21143,4006
16618,1329440000,1329520000,17603,3593
16619,1329520000,1329600000,14345,3022
16620,1329600000,1329680000,17368,3437
16621,1329680000,1329760000,22385,4108
16622,1329760000,1329840000,16480,3568
16623,1329840000,1329920000,12626,2584
16624,1329920000,1330000000,18960,3776
16625,1330000000,1330080000,21774,4149
16626,1330080000,1330160000,16893,3556
16627,1330160000,1330240000,12233,2364
16628,1330240000,1330320000,21024,3981
16629,1330320000,1330400000,23521,4307
16630,1330400000,1330480000,16277,3482
16631,1330480000,1330560000,12292,2294
16632,1330560000,1330640000,20096,3973
16633,1330640000,1330720000,22490,4224
16634,1330720000,1330800000,15902,3361
16635,1330800000,1330880000,12846,2485
16636,1330880000,1330960000,21822,4002
16637,1330960000,1331040000,20433,3885
16638,1331040000,1331120000,16032,3443
16639,1331120000,1331200000,13906,2733
16640,1331200000,1331280000,20211,3992
16641,1331280000,1331360000,18817,3621
16642,1331360000,1331440000,15895,3364
16643,1331440000,1331520000,15844,3081
16644,1331520000,1331600000,22295,4007
16645,1331600000,1331680000,17948,3610
16646,1331680000,1331760000,15524,3129
16647,1331760000,1331840000,17263,3305
16648,1331840000,1331920000,20774,4011
16649,1331920000,1332000000,17450,3590
16650,1332000000,1332080000,14858,3022
16651,1332080000,1332160000,17835,3437
16652,1332160000,1332240000,22411,4107
16653,1332240000,1332320000,16304,3573
16654,1332320000,1332400000,12776,2584
16655,1332400000,1332480000,18897,3775
16656,1332480000,1332560000,21611,4155
16657,1332560000,1332640000,16856,3559
16658,1332640000,1332720000,12533,2364
16659,1332720000,1332800000,21177,3982
16660,1332800000,1332880000,23635,4307
16661,1332880000,1332960000,16456,3483
16662,1332960000,1333040000,12456,2294
16663,1333040000,1333120000,20567,3971
16664,1333120000,1333200000,22479,4228
16665,1333200000,1333280000,16076,3361
16666,1333280000,1333360000,13229,2485
16667,1333360000,1333440000,22194,3999
16668,1333440000,1333520000,20590,3880
16669,1333520000,1333600000,15943,3443
16670,1333600000,1333680000,13904,2733
16671,1333680000,1333760000,20676,3989
16672,1333760000,1333840000,18846,3620
16673,1333840000,1333920000,15586,3364
16674,1333920000,1334000000,16223,3081
16675,1334000000,1334080000,22114,4006
16676,1334080000,1334160000,18157,3617
16677,1334160000,1334240000,15276,3129
16678,1334240000,1334320000,16987,3305
16679,1334320000,1334400000,21200,4006
16680,1334400000,1334480000,17610,3593
16681,1334480000,1334560000,14702,3022
16682,1334560000,1334640000,17996,3437
16683,1334640000,1334720000,22164,4108
16684,1334720000,1334800000,16642,3568
16685,1334800000,1334880000,12481,2584
16686,1334880000,1334960000,19044,3776
16687,1334960000,1335040000,22129,4149
16688,1335040000,1335120000,16747,3556
16689,1335120000,1335200000,12362,2364
16690,1335200000,1335280000,21274,3981
16691,1335280000,1335360000,24159,4307
16692,1335360000,1335440000,16131,3482
16693,1335440000,1335520000,12046,2294
16694,1335520000,1335600000,20845,3970
16695,1335600000,1335680000,22513,4215
16696,1335680000,1335760000,15818,3361
16697,1335760000,1335840000,13098,2485
16698,1335840000,1335920000,22263,4002
16699,1335920000,1336000000,20599,3885
16700,1336000000,1336080000,15941,3443
16701,1336080000,1336160000,13065,2733
16702,1336160000,1336240000,19619,3995
16703,1336240000,1336320000,18426,3624
16704,1336320000,1336400000,15356,3364
16705,1336400000,1336480000,15918,3081
16706,1336480000,1336560000,21909,4001
16707,1336560000,1336640000,18081,3610
16708,1336640000,1336720000,15239,3129
16709,1336720000,1336800000,17075,3305
16710,1336800000,1336880000,21373,4005
16711,1336880000,1336960000,17627,3590
16712,1336960000,1337040000,14741,3022
16713,1337040000,1337120000,18030,3437
16714,1337120000,1337200000,22548,4107
16715,1337200000,1337280000,16832,3579
16716,1337280000,1337360000,13029,2584
16717,1337360000,1337440000,19637,3775
16718,1337440000,1337520000,21596,4155
16719,1337520000,1337600000,16957,3559
16720,1337600000,1337680000,12748,2364
16721,1337680000,1337760000,21127,3982
16722,1337760000,1337840000,23222,4313
16723,1337840000,1337920000,16209,3483
16724,1337920000,1338000000,12200,2294
16725,1338000000,1338080000,20275,3977
16726,1338080000,1338160000,22599,4222
16727,1338160000,1338240000,15764,3361
16728,1338240000,1338320000,13153,2485
16729,1338320000,1338400000,22346,3999
16730,1338400000,1338480000,20355,3880
16731,1338480000,1338560000,16243,3443
16732,1338560000,1338640000,14101,2733
16733,1338640000,1338720000,20647,4001
16734,1338720000,1338800000,18919,3626
16735,1338800000,1338880000,15770,3364
16736,1338880000,1338960000,16182,3081
16737,1338960000,1339040000,22708,4006
16738,1339040000,1339120000,18397,3617
16739,1339120000,1339200000,15180,3129
16740,1339200000,1339280000,17348,3305
16741,1339280000,1339360000,21719,4006
16742,1339360000,1339440000,17542,3593
16743,1339440000,1339520000,14883,3022
16744,1339520000,1339600000,18319,3437
16745,1339600000,1339680000,22068,4108
16746,1339680000,1339760000,16592,3574
16747,1339760000,1339840000,13105,2584
16748,1339840000,1339920000,19535,3776
16749,1339920000,1340000000,22385,4149
16750,1340000000,1340080000,16973,3556
16751,1340080000,1340160000,12485,2364
16752,1340160000,1340240000,21132,3981
16753,1340240000,1340320000,23515,4307
16754,1340320000,1340400000,16296,3482
16755,1340400000,1340480000,12480,2294
16756,1340480000,1340560000,20498,3970
16757,1340560000,1340640000,22610,4215
16758,1340640000,1340720000,15938,3361
16759,1340720000,1340800000,12978,2485
16760,1340800000,1340880000,22230,4002
16761,1340880000,1340960000,20417,3885
16762,1340960000,1341040000,16088,3443
16763,1341040000,1341120000,14181,2733
16764,1341120000,1341200000,20580,3992
16765,1341200000,1341280000,19229,3621
16766,1341280000,1341360000,16051,3364
16767,1341360000,1341440000,16610,3081
16768,1341440000,1341520000,22880,4000
16769,1341520000,1341600000,18494,3610
16770,1341600000,1341680000,15442,3129
16771,1341680000,1341760000,17190,3305
16772,1341760000,1341840000,21064,4005
16773,1341840000,1341920000,17527,3590
16774,1341920000,1342000000,14963,3022
16775,1342000000,1342080000,18308,3437
16776,1342080000,1342160000,22655,4107
16777,1342160000,1342240000,16526,3573
16778,1342240000,1342320000,12792,2584
16779,1342320000,1342400000,19293,3775
16780,1342400000,1342480000,21983,4155
16781,1342480000,1342560000,16821,3559
16782,1342560000,1342640000,12716,2364
16783,1342640000,1342720000,21520,3982
16784,1342720000,1342800000,23992,4301
16785,1342800000,1342880000,16322,3483
16786,1342880000,1342960000,12554,2294
16787,1342960000,1343040000,20507,3971
16788,1343040000,1343120000,22409,4222
16789,1343120000,1343200000,15996,3361
16790,1343200000,1343280000,13475,2485
16791,1343280000,1343360000,22143,3999
16792,1343360000,1343440000,20548,3880
16793,1343440000,1343520000,16282,3443
16794,1343520000,1343600000,14285,2733
16795,1343600000,1343680000,20208,3998
16796,1343680000,1343760000,19073,3623
16797,1343760000,1343840000,16095,3364
16798,1343840000,1343920000,17000,3081
16799,1343920000,1344000000,22969,4006
16800,1344000000,1344080000,18393,3617
16801,1344080000,1344160000,15769,3129
16802,1344160000,1344240000,18109,3305
16803,1344240000,1344320000,21264,4012
16804,1344320000,1344400000,18148,3593
16805,1344400000,1344480000,14756,3022
16806,1344480000,1344560000,17494,3437
16807,1344560000,1344640000,22716,4108
16808,1344640000,1344720000,16344,3574
16809,1344720000,1344800000,12616,2584
16810,1344800000,1344880000,19132,3776
16811,1344880000,1344960000,21866,4155
16812,1344960000,1345040000,16830,3556
16813,1345040000,1345120000,12379,2364
16814,1345120000,1345200000,21086,3981
16815,1345200000,1345280000,24387,4307
16816,1345280000,1345360000,15973,3482
16817,1345360000,1345440000,11977,2294
16818,1345440000,1345520000,19820,3970
16819,1345520000,1345600000,22277,4215
16820,1345600000,1345680000,15518,3361
16821,1345680000,1345760000,12822,2485
16822,1345760000,1345840000,22097,4008
16823,1345840000,1345920000,20632,3891
16824,1345920000,1346000000,15919,3443
16825,1346000000,1346080000,13938,2733
16826,1346080000,1346160000,20627,3992
16827,1346160000,1346240000,19412,3621
16828,1346240000,1346320000,15820,3364
16829,1346320000,1346400000,16452,3081
16830,1346400000,1346480000,22793,4001
16831,1346480000,1346560000,18212,3610
16832,1346560000,1346640000,15250,3129
16833,1346640000,1346720000,17279,3305
16834,1346720000,1346800000,21224,4005
16835,1346800000,1346880000,17653,3590
16836,1346880000,1346960000,14785,3022
16837,1346960000,1347040000,18347,3437
16838,1347040000,1347120000,22945,4107
16839,1347120000,1347200000,16668,3579
16840,1347200000,1347280000,12733,2584
16841,1347280000,1347360000,18954,3775
16842,1347360000,1347440000,21772,4158
16843,1347440000,1347520000,16923,3562
16844,1347520000,1347600000,12631,2364
16845,1347600000,1347680000,21645,3982
16846,1347680000,1347760000,24151,4301
16847,1347760000,1347840000,16114,3483
16848,1347840000,1347920000,12155,2294
16849,1347920000,1348000000,20273,3971
16850,1348000000,1348080000,21994,4222
16851,1348080000,1348160000,15914,3361
16852,1348160000,1348240000,13266,2485
16853,1348240000,1348320000,22339,3999
16854,1348320000,1348400000,20515,3880
16855,1348400000,1348480000,16314,3443
16856,1348480000,1348560000,14101,2733
16857,1348560000,1348640000,20355,3989
16858,1348640000,1348720000,19174,3620
16859,1348720000,1348800000,16123,3364
16860,1348800000,1348880000,17051,3081
16861,1348880000,1348960000,22819,4006
16862,1348960000,1349040000,18112,3617
16863,1349040000,1349120000,15622,3129
16864,1349120000,1349200000,17359,3305
16865,1349200000,1349280000,20909,4006
16866,1349280000,1349360000,18093,3593
16867,1349360000,1349440000,14985,3022
16868,1349440000,1349520000,18450,3437
16869,1349520000,1349600000,23144,4108
16870,1349600000,1349680000,16283,3568
16871,1349680000,1349760000,13319,2584
16872,1349760000,1349840000,19805,3776
16873,1349840000,1349920000,21326,4152
16874,1349920000,1350000000,17143,3559
16875,1350000000,1350080000,12471,2364
16876,1350080000,1350160000,21276,3981
16877,1350160000,1350240000,24093,4307
16878,1350240000,1350320000,16212,3482
16879,1350320000,1350400000,12557,2294
16880,1350400000,1350480000,20708,3970
16881,1350480000,1350560000,22622,4215
16882,1350560000,1350640000,16091,3361
16883,1350640000,1350720000,13322,2485
16884,1350720000,1350800000,22770,4008
16885,1350800000,1350880000,20873,3891
16886,1350880000,1350960000,16487,3443
16887,1350960000,1351040000,14358,2733
16888,1351040000,1351120000,20565,3992
16889,1351120000,1351200000,19233,3621
16890,1351200000,1351280000,16023,3364
16891,1351280000,1351360000,15984,3081
16892,1351360000,1351440000,22810,4007
16893,1351440000,1351520000,18404,3610
16894,1351520000,1351600000,15396,3129
16895,1351600000,1351680000,17508,3305
16896,1351680000,1351760000,20547,4005
16897,1351760000,1351840000,17531,3590
16898,1351840000,1351920000,14871,3022
16899,1351920000,1352000000,18212,3437
16900,1352000000,1352080000,22528,4107
16901,1352080000,1352160000,16581,3573
16902,1352160000,1352240000,12876,2584
16903,1352240000,1352320000,19429,3775
16904,1352320000,1352400000,21891,4158
16905,1352400000,1352480000,16949,3562
16906,1352480000,1352560000,12482,2364
16907,1352560000,1352640000,21546,3982
16908,1352640000,1352720000,24134,4301
16909,1352720000,1352800000,16347,3483
16910,1352800000,1352880000,12328,2294
16911,1352880000,1352960000,20365,3974
16912,1352960000,1353040000,22474,4231
16913,1353040000,1353120000,16197,3361
16914,1353120000,1353200000,13595,2485
16915,1353200000,1353280000,22494,3999
16916,1353280000,1353360000,20325,3880
16917,1353360000,1353440000,16468,3443
16918,1353440000,1353520000,14492,2733
16919,1353520000,1353600000,20378,3989
16920,1353600000,1353680000,18986,3620
16921,1353680000,1353760000,16242,3364
16922,1353760000,1353840000,17172,3081
16923,1353840000,1353920000,22371,4006
16924,1353920000,1354000000,18213,3617
16925,1354000000,1354080000,15803,3129
16926,1354080000,1354160000,17842,3305
16927,1354160000,1354240000,21163,4006
16928,1354240000,1354320000,17994,3593
16929,1354320000,1354400000,15383,3022
16930,1354400000,1354480000,18869,3437
16931,1354480000,1354560000,22771,4108
16932,1354560000,1354640000,16624,3568
16933,1354640000,1354720000,12968,2584
16934,1354720000,1354800000,19148,3776
16935,1354800000,1354880000,22015,4152
16936,1354880000,1354960000,17197,3559
16937,1354960000,1355040000,12556,2364
16938,1355040000,1355120000,21722,3981
16939,1355120000,1355200000,24168,4313
16940,1355200000,1355280000,16222,3482
16941,1355280000,1355360000,12376,2294
16942,1355360000,1355440000,20073,3970
16943,1355440000,1355520000,22148,4215
16944,1355520000,1355600000,15694,3361
16945,1355600000,1355680000,12944,2485
16946,1355680000,1355760000,21676,4002
16947,1355760000,1355840000,20307,3885
16948,1355840000,1355920000,16008,3443
16949,1355920000,1356000000,13867,2733
16950,1356000000,1356080000,19984,3998
16951,1356080000,1356160000,18866,3621
16952,1356160000,1356240000,15771,3364
16953,1356240000,1356320000,16711,3081
16954,1356320000,1356400000,22337,4001
16955,1356400000,1356480000,17894,3610
16956,1356480000,1356560000,15698,3129
16957,1356560000,1356640000,17964,3305
16958,1356640000,1356720000,20861,4005
16959,1356720000,1356800000,17757,3590
16960,1356800000,1356880000,15243,3022
16961,1356880000,1356960000,18586,3437
16962,1356960000,1357040000,22729,4107
16963,1357040000,1357120000,16886,3573
16964,1357120000,1357200000,13379,2584
16965,1357200000,1357280000,20120,3775
16966,1357280000,1357360000,21912,4155
16967,1357360000,1357440000,17178,3559
16968,1357440000,1357520000,12906,2364
16969,1357520000,1357600000,21550,3982
16970,1357600000,1357680000,23992,4301
16971,1357680000,1357760000,16542,3483
16972,1357760000,1357840000,12580,2294
16973,1357840000,1357920000,20767,3971
16974,1357920000,1358000000,22338,4222
16975,1358000000,1358080000,16133,3361
16976,1358080000,1358160000,13609,2485
16977,1358160000,1358240000,22401,3999
16978,1358240000,1358320000,20325,3886
16979,1358320000,1358400000,16477,3443
16980,1358400000,1358480000,14196,2733
16981,1358480000,1358560000,20474,3989
16982,1358560000,1358640000,18894,3620
16983,1358640000,1358720000,16086,3364
16984,1358720000,1358800000,16836,3081
16985,1358800000,1358880000,22434,4006
16986,1358880000,1358960000,18438,3617
16987,1358960000,1359040000,15540,3129
16988,1359040000,1359120000,17709,3305
16989,1359120000,1359200000,21339,4006
16990,1359200000,1359280000,17594,3599
16991,1359280000,1359360000,15121,3022
16992,1359360000,1359440000,18478,3437
16993,1359440000,1359520000,22110,4108
16994,1359520000,1359600000,16596,3568
16995,1359600000,1359680000,13396,2584
16996,1359680000,1359760000,19937,3776
16997,1359760000,1359840000,22486,4149
16998,1359840000,1359920000,17350,3556
16999,1359920000,1360000000,13118,2364
17000,1360000000,1360080000,22135,3981
17001,1360080000,1360160000,24036,4319
17002,1360160000,1360240000,16650,3482
17003,1360240000,1360320000,12554,2294
17004,1360320000,1360400000,20630,3970
17005,1360400000,1360480000,22615,4215
17006,1360480000,1360560000,16123,3361
17007,1360560000,1360640000,13231,2485
17008,1360640000,1360720000,22491,4002
17009,1360720000,1360800000,20342,3891
17010,1360800000,1360880000,16310,3443
17011,1360880000,1360960000,14485,2733
17012,1360960000,1361040000,20804,3998
17013,1361040000,1361120000,19254,3621
17014,1361120000,1361200000,16124,3364
17015,1361200000,1361280000,16786,3081
17016,1361280000,1361360000,23546,4007
17017,1361360000,1361440000,18452,3610
17018,1361440000,1361520000,15724,3129
17019,1361520000,1361600000,18073,3305
17020,1361600000,1361680000,21183,4005
17021,1361680000,1361760000,17856,3590
17022,1361760000,1361840000,15249,3022
17023,1361840000,1361920000,18873,3437
17024,1361920000,1362000000,22894,4107
17025,1362000000,1362080000,16857,3579
17026,1362080000,1362160000,13260,2584
17027,1362160000,1362240000,19697,3775
17028,1362240000,1362320000,22563,4161
17029,1362320000,1362400000,17080,3559
17030,1362400000,1362480000,12820,2364
17031,1362480000,1362560000,21921,3982
17032,1362560000,1362640000,24113,4301
17033,1362640000,1362720000,16572,3483
17034,1362720000,1362800000,12836,2294
17035,1362800000,1362880000,20842,3971
17036,1362880000,1362960000,22572,4222
17037,1362960000,1363040000,16432,3361
17038,1363040000,1363120000,13859,2485
17039,1363120000,1363200000,22314,3999
17040,1363200000,1363280000,20826,3880
17041,1363280000,1363360000,16676,3443
17042,1363360000,1363440000,14938,2733
17043,1363440000,1363520000,21345,3989
17044,1363520000,1363600000,19010,3620
17045,1363600000,1363680000,16378,3364
17046,1363680000,1363760000,17492,3081
17047,1363760000,1363840000,22801,4006
17048,1363840000,1363920000,18390,3617
17049,1363920000,1364000000,15967,3129
17050,1364000000,1364080000,18140,3305
17051,1364080000,1364160000,20937,4006
17052,1364160000,1364240000,18046,3593
17053,1364240000,1364320000,15119,3022
17054,1364320000,1364400000,17960,3437
17055,1364400000,1364480000,23003,4114
17056,1364480000,1364560000,16526,3568
17057,1364560000,1364640000,13000,2584
17058,1364640000,1364720000,19114,3776
17059,1364720000,1364800000,22566,4149
17060,1364800000,1364880000,16873,3556
17061,1364880000,1364960000,12511,2364
17062,1364960000,1365040000,20984,3981
17063,1365040000,1365120000,24006,4307
17064,1365120000,1365200000,16129,3482
17065,1365200000,1365280000,12173,2294
17066,1365280000,1365360000,20328,3970
17067,1365360000,1365440000,22592,4223
17068,1365440000,1365520000,15990,3361
17069,1365520000,1365600000,13120,2485
17070,1365600000,1365680000,22519,4008
17071,1365680000,1365760000,20413,3885
17072,1365760000,1365840000,16488,3443
17073,1365840000,1365920000,13968,2733
17074,1365920000,1366000000,20598,3992
17075,1366000000,1366080000,19204,3621
17076,1366080000,1366160000,16162,3364
17077,1366160000,1366240000,16577,3081
17078,1366240000,1366320000,22952,4001
17079,1366320000,1366400000,18254,3610
17080,1366400000,1366480000,15429,3129
17081,1366480000,1366560000,16802,3305
17082,1366560000,1366640000,20770,4005
17083,1366640000,1366720000,17380,3590
17084,1366720000,1366800000,14722,3022
17085,1366800000,1366880000,17559,3437
17086,1366880000,1366960000,22772,4107
17087,1366960000,1367040000,16297,3573
17088,1367040000,1367120000,12966,2584
17089,1367120000,1367200000,18921,3778
17090,1367200000,1367280000,21840,4164
17091,1367280000,1367360000,16659,3559
17092,1367360000,1367440000,12722,2364
17093,1367440000,1367520000,21435,3982
17094,1367520000,1367600000,24258,4307
17095,1367600000,1367680000,16012,3483
17096,1367680000,1367760000,12263,2294
17097,1367760000,1367840000,20131,3971
17098,1367840000,1367920000,22492,4222
17099,1367920000,1368000000,15800,3361
17100,1368000000,1368080000,13100,2485
17101,1368080000,1368160000,22253,4005
17102,1368160000,1368240000,20489,3886
17103,1368240000,1368320000,16313,3443
17104,1368320000,1368400000,13988,2733
17105,1368400000,1368480000,20660,3989
17106,1368480000,1368560000,19122,3620
17107,1368560000,1368640000,16202,3364
17108,1368640000,1368720000,16763,3081
17109,1368720000,1368800000,22488,4006
17110,1368800000,1368880000,18134,3617
17111,1368880000,1368960000,14892,3129
17112,1368960000,1369040000,16220,3305
17113,1369040000,1369120000,21357,4006
17114,1369120000,1369200000,17516,3593
17115,1369200000,1369280000,14098,3022
17116,1369280000,1369360000,17270,3437
17117,1369360000,1369440000,23068,4108
17118,1369440000,1369520000,16051,3568
17119,1369520000,1369600000,12521,2584
17120,1369600000,1369680000,19048,3776
17121,1369680000,1369760000,21055,4149
17122,1369760000,1369840000,16734,3556
17123,1369840000,1369920000,12069,2364
17124,1369920000,1370000000,21277,3981
17125,1370000000,1370080000,24248,4307
17126,1370080000,1370160000,15849,3482
17127,1370160000,1370240000,11965,2294
17128,1370240000,1370320000,20520,3970
17129,1370320000,1370400000,22701,4215
17130,1370400000,1370480000,15542,3361
17131,1370480000,1370560000,12624,2485
17132,1370560000,1370640000,21947,4002
17133,1370640000,1370720000,20294,3891
17134,1370720000,1370800000,15920,3443
17135,1370800000,1370880000,13916,2733
17136,1370880000,1370960000,20281,3992
17137,1370960000,1371040000,18883,3621
17138,1371040000,1371120000,15847,3364
17139,1371120000,1371200000,15868,3081
17140,1371200000,1371280000,22228,4007
17141,1371280000,1371360000,18106,3610
17142,1371360000,1371440000,15380,3129
17143,1371440000,1371520000,17135,3305
17144,1371520000,1371600000,21250,4011
17145,1371600000,1371680000,17456,3590
17146,1371680000,1371760000,14601,3022
17147,1371760000,1371840000,17542,3437
17148,1371840000,1371920000,22716,4107
17149,1371920000,1372000000,16148,3573
17150,1372000000,1372080000,12755,2584
17151,1372080000,1372160000,18885,3775
17152,1372160000,1372240000,21393,4155
17153,1372240000,1372320000,16559,3559
17154,1372320000,1372400000,12367,2364
17155,1372400000,1372480000,21103,3982
17156,1372480000,1372560000,23384,4301
17157,1372560000,1372640000,16045,3483
17158,1372640000,1372720000,12066,2294
17159,1372720000,1372800000,20595,3971
17160,1372800000,1372880000,22234,4222
17161,1372880000,1372960000,15969,3361
17162,1372960000,1373040000,13077,2485
17163,1373040000,1373120000,22290,3999
17164,1373120000,1373200000,20200,3880
17165,1373200000,1373280000,16197,3443
17166,1373280000,1373360000,13977,2733
17167,1373360000,1373440000,20360,3989
17168,1373440000,1373520000,19136,3620
17169,1373520000,1373600000,15715,3364
17170,1373600000,1373680000,15837,3081
17171,1373680000,1373760000,22408,4006
17172,1373760000,1373840000,18015,3617
17173,1373840000,1373920000,15176,3129
17174,1373920000,1374000000,16715,3305
17175,1374000000,1374080000,21075,4006
17176,1374080000,1374160000,17730,3593
17177,1374160000,1374240000,14779,3022
17178,1374240000,1374320000,17895,3437
17179,1374320000,1374400000,22443,4108
17180,1374400000,1374480000,16480,3568
17181,1374480000,1374560000,12483,2584
17182,1374560000,1374640000,18904,3776
17183,1374640000,1374720000,22310,4149
17184,1374720000,1374800000,16662,3556
17185,1374800000,1374880000,12228,2364
17186,1374880000,1374960000,21057,3981
17187,1374960000,1375040000,23728,4307
17188,1375040000,1375120000,15890,3482
17189,1375120000,1375200000,11975,2294
17190,1375200000,1375280000,20176,3973
17191,1375280000,1375360000,22301,4224
17192,1375360000,1375440000,15820,3361
17193,1375440000,1375520000,12993,2485
17194,1375520000,1375600000,22275,4008
17195,1375600000,1375680000,20075,3885
17196,1375680000,1375760000,16058,3443
17197,1375760000,1375840000,13334,2733
17198,1375840000,1375920000,19562,3992
17199,1375920000,1376000000,18862,3621
17200,1376000000,1376080000,15650,3364
17201,1376080000,1376160000,16265,3081
17202,1376160000,1376240000,22476,4001
17203,1376240000,1376320000,18043,3610
17204,1376320000,1376400000,15568,3129
17205,1376400000,1376480000,17567,3305
17206,1376480000,1376560000,21447,4011
17207,1376560000,1376640000,17693,3590
17208,1376640000,1376720000,15167,3022
17209,1376720000,1376800000,18298,3437
17210,1376800000,1376880000,22696,4107
17211,1376880000,1376960000,16577,3573
17212,1376960000,1377040000,13111,2584
17213,1377040000,1377120000,19499,3775
17214,1377120000,1377200000,21885,4155
17215,1377200000,1377280000,16875,3559
17216,1377280000,1377360000,12738,2364
17217,1377360000,1377440000,21192,3982
17218,1377440000,1377520000,23446,4301
17219,1377520000,1377600000,16187,3483
17220,1377600000,1377680000,12295,2294
17221,1377680000,1377760000,20804,3971
17222,1377760000,1377840000,22828,4222
17223,1377840000,1377920000,15730,3361
17224,1377920000,1378000000,12844,2485
17225,1378000000,1378080000,22546,3999
17226,1378080000,1378160000,20756,3880
17227,1378160000,1378240000,15994,3443
17228,1378240000,1378320000,13655,2733
17229,1378320000,1378400000,21028,3989
17230,1378400000,1378480000,19327,3620
17231,1378480000,1378560000,15730,3364
17232,1378560000,1378640000,15937,3081
17233,1378640000,1378720000,22899,4006
17234,1378720000,1378800000,18402,3617
17235,1378800000,1378880000,15247,3129
17236,1378880000,1378960000,17156,3305
17237,1378960000,1379040000,21247,4006
17238,1379040000,1379120000,17520,3599
17239,1379120000,1379200000,15003,3022
17240,1379200000,1379280000,18146,3437
17241,1379280000,1379360000,22384,4108
17242,1379360000,1379440000,16511,3574
17243,1379440000,1379520000,13219,2584
17244,1379520000,1379600000,19706,3776
17245,1379600000,1379680000,22416,4149
17246,1379680000,1379760000,17146,3562
17247,1379760000,1379840000,12849,2364
17248,1379840000,1379920000,21963,3981
17249,1379920000,1380000000,24100,4307
17250,1380000000,1380080000,16486,3488
17251,1380080000,1380160000,12546,2294
17252,1380160000,1380240000,20772,3970
17253,1380240000,1380320000,22179,4215
17254,1380320000,1380400000,16002,3365
17255,1380400000,1380480000,12780,2485
17256,1380480000,1380560000,22024,4002
17257,1380560000,1380640000,20734,3889
17258,1380640000,1380720000,15998,3443
17259,1380720000,1380800000,14021,2733
17260,1380800000,1380880000,20755,3992
17261,1380880000,1380960000,18966,3625
17262,1380960000,1381040000,16040,3364
17263,1381040000,1381120000,16422,3081
17264,1381120000,1381200000,22668,4001
17265,1381200000,1381280000,18016,3614
17266,1381280000,1381360000,15535,3129
17267,1381360000,1381440000,17279,3305
17268,1381440000,1381520000,21044,4005
17269,1381520000,1381600000,17661,3596
17270,1381600000,1381680000,15002,3022
17271,1381680000,1381760000,18426,3437
17272,1381760000,1381840000,22695,4107
17273,1381840000,1381920000,16847,3579
17274,1381920000,1382000000,13229,2584
17275,1382000000,1382080000,19833,3775
17276,1382080000,1382160000,21948,4155
17277,1382160000,1382240000,17257,3565
17278,1382240000,1382320000,12971,2364
17279,1382320000,1382400000,21842,3982
17280,1382400000,1382480000,24105,4313
17281,1382480000,1382560000,16581,3489
17282,1382560000,1382640000,12245,2294
17283,1382640000,1382720000,20887,3971
17284,1382720000,1382800000,22922,4222
17285,1382800000,1382880000,15991,3365
17286,1382880000,1382960000,12892,2485
17287,1382960000,1383040000,22078,3999
17288,1383040000,1383120000,20423,3884
17289,1383120000,1383200000,16224,3443
17290,1383200000,1383280000,13901,2733
17291,1383280000,1383360000,20257,3995
17292,1383360000,1383440000,18795,3624
17293,1383440000,1383520000,15936,3364
17294,1383520000,1383600000,16453,3081
17295,1383600000,1383680000,22219,4006
17296,1383680000,1383760000,18099,3621
17297,1383760000,1383840000,15586,3129
17298,1383840000,1383920000,17635,3305
17299,1383920000,1384000000,20781,4006
17300,1384000000,1384080000,17767,3599
17301,1384080000,1384160000,15104,3022
17302,1384160000,1384240000,17811,3437
17303,1384240000,1384320000,22473,4108
17304,1384320000,1384400000,16555,3574
17305,1384400000,1384480000,13131,2584
17306,1384480000,1384560000,19418,3776
17307,1384560000,1384640000,21759,4149
17308,1384640000,1384720000,17074,3562
17309,1384720000,1384800000,12542,2364
17310,1384800000,1384880000,21350,3981
17311,1384880000,1384960000,23677,4307
17312,1384960000,1385040000,16371,3488
17313,1385040000,1385120000,12251,2294
17314,1385120000,1385200000,20207,3970
17315,1385200000,1385280000,22199,4215
17316,1385280000,1385360000,16055,3365
17317,1385360000,1385440000,13081,2485
17318,1385440000,1385520000,22564,4002
17319,1385520000,1385600000,20702,3889
17320,1385600000,1385680000,16487,3443
17321,1385680000,1385760000,14216,2733
17322,1385760000,1385840000,20422,3992
17323,1385840000,1385920000,19294,3625
17324,1385920000,1386000000,16282,3364
17325,1386000000,1386080000,16639,3081
17326,1386080000,1386160000,22980,4001
17327,1386160000,1386240000,18038,3620
17328,1386240000,1386320000,15895,3129
17329,1386320000,1386400000,17880,3305
17330,1386400000,1386480000,20857,4005
17331,1386480000,1386560000,17792,3596
17332,1386560000,1386640000,15567,3022
17333,1386640000,1386720000,19034,3437
17334,1386720000,1386800000,22957,4107
17335,1386800000,1386880000,16898,3579
17336,1386880000,1386960000,13300,2584
17337,1386960000,1387040000,19584,3775
17338,1387040000,1387120000,21750,4155
17339,1387120000,1387200000,17272,3565
17340,1387200000,1387280000,12711,2364
17341,1387280000,1387360000,21743,3982
17342,1387360000,1387440000,23953,4301
17343,1387440000,1387520000,16386,3489
17344,1387520000,1387600000,12335,2294
17345,1387600000,1387680000,20806,3971
17346,1387680000,1387760000,22229,4222
17347,1387760000,1387840000,16114,3365
17348,1387840000,1387920000,13057,2485
17349,1387920000,1388000000,22302,3999
17350,1388000000,1388080000,20727,3890
17351,1388080000,1388160000,15966,3443
17352,1388160000,1388240000,13201,2733
17353,1388240000,1388320000,19826,3989
17354,1388320000,1388400000,19050,3624
17355,1388400000,1388480000,15300,3364
17356,1388480000,1388560000,15946,3081
17357,1388560000,1388640000,22655,4006
17358,1388640000,1388720000,18205,3621
17359,1388720000,1388800000,14903,3129
17360,1388800000,1388880000,16511,3305
17361,1388880000,1388960000,21090,4006
17362,1388960000,1389040000,17583,3599
17363,1389040000,1389120000,14469,3022
17364,1389120000,1389200000,17547,3437
17365,1389200000,1389280000,22860,4114
17366,1389280000,1389360000,16240,3574
17367,1389360000,1389440000,12739,2584
17368,1389440000,1389520000,19099,3776
17369,1389520000,1389600000,22020,4155
17370,1389600000,1389680000,16930,3562
17371,1389680000,1389760000,12259,2364
17372,1389760000,1389840000,20780,3981
17373,1389840000,1389920000,23961,4307
17374,1389920000,1390000000,16033,3488
17375,1390000000,1390080000,12321,2294
17376,1390080000,1390160000,20108,3970
17377,1390160000,1390240000,22523,4215
17378,1390240000,1390320000,15823,3365
17379,1390320000,1390400000,12896,2485
17380,1390400000,1390480000,22101,4014
17381,1390480000,1390560000,20821,3895
17382,1390560000,1390640000,16112,3443
17383,1390640000,1390720000,14063,2733
17384,1390720000,1390800000,19984,3992
17385,1390800000,1390880000,19022,3625
17386,1390880000,1390960000,15899,3364
17387,1390960000,1391040000,15994,3081
17388,1391040000,1391120000,22944,4001
17389,1391120000,1391200000,18507,3614
17390,1391200000,1391280000,15505,3129
17391,1391280000,1391360000,17484,3305
17392,1391360000,1391440000,20734,4005
17393,1391440000,1391520000,17448,3596
17394,1391520000,1391600000,14928,3022
17395,1391600000,1391680000,17934,3437
17396,1391680000,1391760000,22548,4107
17397,1391760000,1391840000,16600,3579
17398,1391840000,1391920000,12870,2584
17399,1391920000,1392000000,19316,3778
17400,1392000000,1392080000,21945,4158
17401,1392080000,1392160000,17012,3565
17402,1392160000,1392240000,12383,2364
17403,1392240000,1392320000,21101,3982
17404,1392320000,1392400000,23646,4301
17405,1392400000,1392480000,16346,3489
17406,1392480000,1392560000,12053,2294
17407,1392560000,1392640000,20073,3971
17408,1392640000,1392720000,22332,4222
17409,1392720000,1392800000,16251,3365
17410,1392800000,1392880000,13262,2485
17411,1392880000,1392960000,22386,3999
17412,1392960000,1393040000,20569,3884
17413,1393040000,1393120000,16576,3443
17414,1393120000,1393200000,14320,2733
17415,1393200000,1393280000,20328,3995
17416,1393280000,1393360000,18851,3624
17417,1393360000,1393440000,16328,3364
17418,1393440000,1393520000,16842,3081
17419,1393520000,1393600000,22415,4006
17420,1393600000,1393680000,18366,3621
17421,1393680000,1393760000,15585,3129
17422,1393760000,1393840000,16890,3305
17423,1393840000,1393920000,21251,4006
17424,1393920000,1394000000,18140,3599
17425,1394000000,1394080000,15051,3022
17426,1394080000,1394160000,18020,3437
17427,1394160000,1394240000,22612,4114
17428,1394240000,1394320000,16638,3574
17429,1394320000,1394400000,12905,2584
17430,1394400000,1394480000,18878,3776
17431,1394480000,1394560000,21588,4152
17432,1394560000,1394640000,17151,3565
17433,1394640000,1394720000,12416,2364
17434,1394720000,1394800000,21390,3981
17435,1394800000,1394880000,24439,4307
17436,1394880000,1394960000,16416,3488
17437,1394960000,1395040000,12163,2294
17438,1395040000,1395120000,20282,3970
17439,1395120000,1395200000,22500,4221
17440,1395200000,1395280000,16221,3365
17441,1395280000,1395360000,13031,2485
17442,1395360000,1395440000,22291,4002
17443,1395440000,1395520000,20864,3889
17444,1395520000,1395600000,16508,3443
17445,1395600000,1395680000,13849,2733
17446,1395680000,1395760000,19877,3992
17447,1395760000,1395840000,19136,3625
17448,1395840000,1395920000,15966,3364
17449,1395920000,1396000000,16408,3081
17450,1396000000,1396080000,22431,4001
17451,1396080000,1396160000,18224,3614
17452,1396160000,1396240000,15650,3129
17453,1396240000,1396320000,17685,3305
17454,1396320000,1396400000,20781,4005
17455,1396400000,1396480000,18168,3596
17456,1396480000,1396560000,15213,3022
17457,1396560000,1396640000,18460,3437
17458,1396640000,1396720000,22820,4113
17459,1396720000,1396800000,17199,3585
17460,1396800000,1396880000,13376,2584
17461,1396880000,1396960000,20017,3775
17462,1396960000,1397040000,22149,4155
17463,1397040000,1397120000,17284,3565
17464,1397120000,1397200000,12481,2364
17465,1397200000,1397280000,21269,3988
17466,1397280000,1397360000,23822,4301
17467,1397360000,1397440000,16629,3489
17468,1397440000,1397520000,12198,2294
17469,1397520000,1397600000,20549,3974
17470,1397600000,1397680000,22589,4231
17471,1397680000,1397760000,16329,3365
17472,1397760000,1397840000,13335,2485
17473,1397840000,1397920000,22781,4005
17474,1397920000,1398000000,20864,3890
17475,1398000000,1398080000,16667,3443
17476,1398080000,1398160000,14039,2733
17477,1398160000,1398240000,20447,3989
17478,1398240000,1398320000,19033,3624
17479,1398320000,1398400000,16279,3364
17480,1398400000,1398480000,16726,3081
17481,1398480000,1398560000,22693,4006
17482,1398560000,1398640000,18374,3621
17483,1398640000,1398720000,15817,3129
17484,1398720000,1398800000,17801,3305
17485,1398800000,1398880000,21181,4006
17486,1398880000,1398960000,17999,3599
17487,1398960000,1399040000,15211,3022
17488,1399040000,1399120000,18013,3437
17489,1399120000,1399200000,22440,4108
17490,1399200000,1399280000,16397,3574
17491,1399280000,1399360000,13133,2584
17492,1399360000,1399440000,19276,3776
17493,1399440000,1399520000,21155,4155
17494,1399520000,1399600000,17147,3562
17495,1399600000,1399680000,12809,2364
17496,1399680000,1399760000,21676,3981
17497,1399760000,1399840000,24422,4307
17498,1399840000,1399920000,16615,3488
17499,1399920000,1400000000,12432,2294
17500,1400000000,1400080000,20079,3970
17501,1400080000,1400160000,22441,4221
17502,1400160000,1400240000,16265,3365
17503,1400240000,1400320000,12789,2485
17504,1400320000,1400400000,22134,4002
17505,1400400000,1400480000,20249,3895
17506,1400480000,1400560000,16306,3443
17507,1400560000,1400640000,14208,2733
17508,1400640000,1400720000,20255,3992
17509,1400720000,1400800000,19481,3625
17510,1400800000,1400880000,16157,3364
17511,1400880000,1400960000,16431,3081
17512,1400960000,1401040000,22743,4001
17513,1401040000,1401120000,18362,3614
17514,1401120000,1401200000,15812,3129
17515,1401200000,1401280000,17686,3305
17516,1401280000,1401360000,21339,4005
17517,1401360000,1401440000,18178,3596
17518,1401440000,1401520000,15112,3022
17519,1401520000,1401600000,18253,3437
17520,1401600000,1401680000,23209,4107
17521,1401680000,1401760000,16731,3579
17522,1401760000,1401840000,13200,2584
17523,1401840000,1401920000,19323,3778
17524,1401920000,1402000000,22347,4158
17525,1402000000,1402080000,17045,3565
17526,1402080000,1402160000,12771,2364
17527,1402160000,1402240000,21795,3982
17528,1402240000,1402320000,24221,4301
17529,1402320000,1402400000,16642,3489
17530,1402400000,1402480000,12479,2294
17531,1402480000,1402560000,20931,3971
17532,1402560000,1402640000,23141,4222
17533,1402640000,1402720000,16381,3365
17534,1402720000,1402800000,12955,2485
17535,1402800000,1402880000,22348,3999
17536,1402880000,1402960000,20491,3884
17537,1402960000,1403040000,16407,3443
17538,1403040000,1403120000,13997,2733
17539,1403120000,1403200000,20836,3995
17540,1403200000,1403280000,19244,3624
17541,1403280000,1403360000,16201,3364
17542,1403360000,1403440000,16531,3081
17543,1403440000,1403520000,22337,4006
17544,1403520000,1403600000,18473,3621
17545,1403600000,1403680000,15817,3129
17546,1403680000,1403760000,17380,3305
17547,1403760000,1403840000,21379,4006
17548,1403840000,1403920000,18096,3599
17549,1403920000,1404000000,15280,3022
17550,1404000000,1404080000,18133,3437
17551,1404080000,1404160000,22859,4108
17552,1404160000,1404240000,16997,3574
17553,1404240000,1404320000,13291,2584
17554,1404320000,1404400000,19716,3776
17555,1404400000,1404480000,21821,4149
17556,1404480000,1404560000,17284,3562
17557,1404560000,1404640000,12822,2364
17558,1404640000,1404720000,21391,3987
17559,1404720000,1404800000,24054,4319
17560,1404800000,1404880000,16295,3488
17561,1404880000,1404960000,11960,2294
17562,1404960000,1405040000,20212,3970
17563,1405040000,1405120000,22396,4215
17564,1405120000,1405200000,15845,3365
17565,1405200000,1405280000,12925,2485
17566,1405280000,1405360000,22529,4002
17567,1405360000,1405440000,20328,3889
17568,1405440000,1405520000,16299,3443
17569,1405520000,1405600000,14124,2733
17570,1405600000,1405680000,20547,3998
17571,1405680000,1405760000,19386,3625
17572,1405760000,1405840000,15956,3364
17573,1405840000,1405920000,16469,3081
17574,1405920000,1406000000,23130,4007
17575,1406000000,1406080000,18341,3614
17576,1406080000,1406160000,15481,3129
17577,1406160000,1406240000,17310,3305
17578,1406240000,1406320000,20559,4005
17579,1406320000,1406400000,17951,3596
17580,1406400000,1406480000,15027,3022
17581,1406480000,1406560000,18111,3437
17582,1406560000,1406640000,22875,4113
17583,1406640000,1406720000,16899,3579
17584,1406720000,1406800000,13037,2584
17585,1406800000,1406880000,19390,3775
17586,1406880000,1406960000,21995,4155
17587,1406960000,1407040000,17344,3565
17588,1407040000,1407120000,12569,2364
17589,1407120000,1407200000,21823,3982
17590,1407200000,1407280000,24151,4301
17591,1407280000,1407360000,16462,3489
17592,1407360000,1407440000,12193,2294
17593,1407440000,1407520000,20329,3971
17594,1407520000,1407600000,22986,4222
17595,1407600000,1407680000,16145,3365
17596,1407680000,1407760000,13272,2485
17597,1407760000,1407840000,22770,3999
17598,1407840000,1407920000,20430,3884
17599,1407920000,1408000000,16505,3443
17600,1408000000,1408080000,14037,2733
17601,1408080000,1408160000,20038,3989
17602,1408160000,1408240000,18941,3624
17603,1408240000,1408320000,16207,3364
17604,1408320000,1408400000,16769,3081
17605,1408400000,1408480000,22457,4006
17606,1408480000,1408560000,18307,3627
17607,1408560000,1408640000,15560,3129
17608,1408640000,1408720000,17251,3305
17609,1408720000,1408800000,21042,4006
17610,1408800000,1408880000,18110,3599
17611,1408880000,1408960000,15022,3022
17612,1408960000,1409040000,18313,3437
17613,1409040000,1409120000,22628,4108
17614,1409120000,1409200000,16864,3574
17615,1409200000,1409280000,12891,2584
17616,1409280000,1409360000,19685,3776
17617,1409360000,1409440000,21873,4149
17618,1409440000,1409520000,17557,3562
17619,1409520000,1409600000,12535,2364
17620,1409600000,1409680000,21829,3981
17621,1409680000,1409760000,23813,4307
17622,1409760000,1409840000,16774,3488
17623,1409840000,1409920000,12481,2294
17624,1409920000,1410000000,20555,3970
17625,1410000000,1410080000,22685,4215
17626,1410080000,1410160000,16090,3365
17627,1410160000,1410240000,12864,2485
17628,1410240000,1410320000,22316,4002
17629,1410320000,1410400000,20319,3889
17630,1410400000,1410480000,16027,3443
17631,1410480000,1410560000,13929,2733
17632,1410560000,1410640000,19954,3992
17633,1410640000,1410720000,19140,3625
17634,1410720000,1410800000,15899,3364
17635,1410800000,1410880000,15833,3081
17636,1410880000,1410960000,23244,4001
17637,1410960000,1411040000,18100,3614
17638,1411040000,1411120000,15466,3129
17639,1411120000,1411200000,17270,3305
17640,1411200000,1411280000,20253,4005
17641,1411280000,1411360000,17413,3596
17642,1411360000,1411440000,14902,3022
17643,1411440000,1411520000,17793,3437
17644,1411520000,1411600000,22358,4107
17645,1411600000,1411680000,16211,3579
17646,1411680000,1411760000,12810,2584
17647,1411760000,1411840000,19058,3775
17648,1411840000,1411920000,21465,4167
17649,1411920000,1412000000,16966,3565
17650,1412000000,1412080000,12594,2364
17651,1412080000,1412160000,21529,3982
17652,1412160000,1412240000,24177,4301
17653,1412240000,1412320000,16499,3489
17654,1412320000,1412400000,12407,2294
17655,1412400000,1412480000,20788,3971
17656,1412480000,1412560000,22501,4222
17657,1412560000,1412640000,16406,3365
17658,1412640000,1412720000,13428,2485
17659,1412720000,1412800000,22734,4005
17660,1412800000,1412880000,20463,3890
17661,1412880000,1412960000,16618,3443
17662,1412960000,1413040000,14366,2733
17663,1413040000,1413120000,20377,3989
17664,1413120000,1413200000,18846,3624
17665,1413200000,1413280000,16285,3364
17666,1413280000,1413360000,16756,3081
17667,1413360000,1413440000,22304,4010
17668,1413440000,1413520000,18071,3625
17669,1413520000,1413600000,16021,3129
17670,1413600000,1413680000,17482,3305
17671,1413680000,1413760000,20960,4006
17672,1413760000,1413840000,17990,3599
17673,1413840000,1413920000,15330,3022
17674,1413920000,1414000000,18319,3437
17675,1414000000,1414080000,22857,4108
17676,1414080000,1414160000,16857,3574
17677,1414160000,1414240000,12876,2584
17678,1414240000,1414320000,19327,3776
17679,1414320000,1414400000,21837,4149
17680,1414400000,1414480000,17136,3562
17681,1414480000,1414560000,12626,2364
17682,1414560000,1414640000,21692,3981
17683,1414640000,1414720000,24197,4307
17684,1414720000,1414800000,16494,3488
17685,1414800000,1414880000,12271,2294
17686,1414880000,1414960000,21014,3970
17687,1414960000,1415040000,23057,4215
17688,1415040000,1415120000,16333,3365
17689,1415120000,1415200000,13408,2485
17690,1415200000,1415280000,22717,4002
17691,1415280000,1415360000,20631,3889
17692,1415360000,1415440000,16423,3443
17693,1415440000,1415520000,13565,2733
17694,1415520000,1415600000,19952,3992
17695,1415600000,1415680000,18702,3625
17696,1415680000,1415760000,15886,3364
17697,1415760000,1415840000,16501,3081
17698,1415840000,1415920000,22600,4001
17699,1415920000,1416000000,18266,3614
17700,1416000000,1416080000,15676,3129
17701,1416080000,1416160000,17610,3305
17702,1416160000,1416240000,21031,4005
17703,1416240000,1416320000,17878,3596
17704,1416320000,1416400000,15369,3022
17705,1416400000,1416480000,18643,3437
17706,1416480000,1416560000,23219,4107
17707,1416560000,1416640000,16847,3579
17708,1416640000,1416720000,13538,2584
17709,1416720000,1416800000,20184,3775
17710,1416800000,1416880000,22079,4155
17711,1416880000,1416960000,17237,3565
17712,1416960000,1417040000,12997,2364
17713,1417040000,1417120000,21728,3982
17714,1417120000,1417200000,23643,4301
17715,1417200000,1417280000,16691,3489
17716,1417280000,1417360000,12600,2294
17717,1417360000,1417440000,20635,3971
17718,1417440000,1417520000,22815,4222
17719,1417520000,1417600000,16127,3365
17720,1417600000,1417680000,13386,2485
17721,1417680000,1417760000,22416,3999
17722,1417760000,1417840000,20627,3884
17723,1417840000,1417920000,16619,3443
17724,1417920000,1418000000,14237,2733
17725,1418000000,1418080000,20627,3992
17726,1418080000,1418160000,19044,3627
17727,1418160000,1418240000,16037,3364
17728,1418240000,1418320000,16275,3081
17729,1418320000,1418400000,22627,4006
17730,1418400000,1418480000,18595,3621
17731,1418480000,1418560000,15493,3129
17732,1418560000,1418640000,17501,3305
17733,1418640000,1418720000,21306,4012
17734,1418720000,1418800000,17900,3599
17735,1418800000,1418880000,15161,3022
17736,1418880000,1418960000,18509,3437
17737,1418960000,1419040000,22212,4114
17738,1419040000,1419120000,16812,3574
17739,1419120000,1419200000,13387,2584
17740,1419200000,1419280000,19730,3776
17741,1419280000,1419360000,21902,4149
17742,1419360000,1419440000,17276,3562
17743,1419440000,1419520000,12799,2364
17744,1419520000,1419600000,21658,3981
17745,1419600000,1419680000,23875,4307
17746,1419680000,1419760000,16766,3488
17747,1419760000,1419840000,12673,2294
17748,1419840000,1419920000,20830,3973
17749,1419920000,1420000000,22773,4224
17750,1420000000,1420080000,16453,3365
17751,1420080000,1420160000,12943,2485
17752,1420160000,1420240000,22434,4002
17753,1420240000,1420320000,20255,3889
17754,1420320000,1420400000,16440,3443
17755,1420400000,1420480000,14007,2733
17756,1420480000,1420560000,20389,3992
17757,1420560000,1420640000,19287,3625
17758,1420640000,1420720000,16420,3370
17759,1420720000,1420800000,16480,3081
17760,1420800000,1420880000,22980,4007
17761,1420880000,1420960000,18320,3614
17762,1420960000,1421040000,15719,3135
17763,1421040000,1421120000,16869,3305
17764,1421120000,1421200000,20981,4005
17765,1421200000,1421280000,17905,3598
17766,1421280000,1421360000,14982,3026
17767,1421360000,1421440000,18063,3437
17768,1421440000,1421520000,23214,4107
17769,1421520000,1421600000,16611,3585
17770,1421600000,1421680000,13134,2584
17771,1421680000,1421760000,19353,3775
17772,1421760000,1421840000,21915,4155
17773,1421840000,1421920000,17158,3569
17774,1421920000,1422000000,12935,2364
17775,1422000000,1422080000,21823,3988
17776,1422080000,1422160000,24718,4301
17777,1422160000,1422240000,16663,3493
17778,1422240000,1422320000,12639,2294
17779,1422320000,1422400000,20513,3977
17780,1422400000,1422480000,22750,4222
17781,1422480000,1422560000,16479,3369
17782,1422560000,1422640000,13556,2485
17783,1422640000,1422720000,22787,3999
17784,1422720000,1422800000,20849,3884
17785,1422800000,1422880000,16574,3447
17786,1422880000,1422960000,14176,2733
17787,1422960000,1423040000,20549,3989
17788,1423040000,1423120000,19378,3624
17789,1423120000,1423200000,16326,3370
17790,1423200000,1423280000,16794,3081
17791,1423280000,1423360000,23282,4006
17792,1423360000,1423440000,18414,3621
17793,1423440000,1423520000,16080,3135
17794,1423520000,1423600000,17929,3305
17795,1423600000,1423680000,21660,4006
17796,1423680000,1423760000,18238,3601
17797,1423760000,1423840000,15357,3026
17798,1423840000,1423920000,18176,3437
17799,1423920000,1424000000,23128,4108
17800,1424000000,1424080000,17059,3580
17801,1424080000,1424160000,13156,2584
17802,1424160000,1424240000,19752,3776
17803,1424240000,1424320000,21816,4149
17804,1424320000,1424400000,17562,3566
17805,1424400000,1424480000,12926,2364
17806,1424480000,1424560000,22012,3987
17807,1424560000,1424640000,24476,4307
17808,1424640000,1424720000,16754,3492
17809,1424720000,1424800000,12425,2294
17810,1424800000,1424880000,20369,3970
17811,1424880000,1424960000,22476,4215
17812,1424960000,1425040000,16267,3369
17813,1425040000,1425120000,13152,2485
17814,1425120000,1425200000,22858,4002
17815,1425200000,1425280000,20684,3895
17816,1425280000,1425360000,16502,3447
17817,1425360000,1425440000,14058,2733
17818,1425440000,1425520000,20123,3992
17819,1425520000,1425600000,19133,3625
17820,1425600000,1425680000,16370,3370
17821,1425680000,1425760000,16668,3081
17822,1425760000,1425840000,22895,4001
17823,1425840000,1425920000,18289,3620
17824,1425920000,1426000000,15947,3135
17825,1426000000,1426080000,17773,3305
17826,1426080000,1426160000,20911,4005
17827,1426160000,1426240000,17923,3598
17828,1426240000,1426320000,15542,3026
17829,1426320000,1426400000,18881,3437
17830,1426400000,1426480000,22675,4107
17831,1426480000,1426560000,17179,3585
17832,1426560000,1426640000,13318,2584
17833,1426640000,1426720000,19473,3775
17834,1426720000,1426800000,21517,4155
17835,1426800000,1426880000,17534,3569
17836,1426880000,1426960000,13037,2364
17837,1426960000,1427040000,21964,3988
17838,1427040000,1427120000,24384,4313
17839,1427120000,1427200000,16738,3493
17840,1427200000,1427280000,12299,2294
17841,1427280000,1427360000,20258,3971
17842,1427360000,1427440000,22265,4222
17843,1427440000,1427520000,16432,3369
17844,1427520000,1427600000,13417,2485
17845,1427600000,1427680000,22879,3999
17846,1427680000,1427760000,20603,3884
17847,1427760000,1427840000,16801,3447
17848,1427840000,1427920000,14311,2733
17849,1427920000,1428000000,20291,3998
17850,1428000000,1428080000,19439,3627
17851,1428080000,1428160000,16567,3370
17852,1428160000,1428240000,17253,3081
17853,1428240000,1428320000,23545,4006
17854,1428320000,1428400000,18404,3621
17855,1428400000,1428480000,15987,3135
17856,1428480000,1428560000,17609,3305
17857,1428560000,1428640000,20379,4012
17858,1428640000,1428720000,18284,3601
17859,1428720000,1428800000,15495,3026
17860,1428800000,1428880000,18769,3437
17861,1428880000,1428960000,23303,4108
17862,1428960000,1429040000,16972,3580
17863,1429040000,1429120000,13541,2584
17864,1429120000,1429200000,20171,3776
17865,1429200000,1429280000,21972,4149
17866,1429280000,1429360000,17705,3566
17867,1429360000,1429440000,12553,2364
17868,1429440000,1429520000,21514,3981
17869,1429520000,1429600000,24263,4307
17870,1429600000,1429680000,16741,3492
17871,1429680000,1429760000,12561,2294
17872,1429760000,1429840000,20697,3970
17873,1429840000,1429920000,23021,4215
17874,1429920000,1430000000,16599,3369
17875,1430000000,1430080000,13413,2485
17876,1430080000,1430160000,23289,4006
17877,1430160000,1430240000,21026,3895
17878,1430240000,1430320000,16999,3447
17879,1430320000,1430400000,14686,2733
17880,1430400000,1430480000,20684,3992
17881,1430480000,1430560000,19220,3625
17882,1430560000,1430640000,16667,3370
17883,1430640000,1430720000,16651,3081
17884,1430720000,1430800000,23360,4001
17885,1430800000,1430880000,18297,3614
17886,1430880000,1430960000,16266,3135
17887,1430960000,1431040000,18255,3305
17888,1431040000,1431120000,20638,4005
17889,1431120000,1431200000,17861,3598
17890,1431200000,1431280000,15828,3026
17891,1431280000,1431360000,19069,3437
17892,1431360000,1431440000,22795,4113
17893,1431440000,1431520000,16958,3585
17894,1431520000,1431600000,13439,2584
17895,1431600000,1431680000,20195,3775
17896,1431680000,1431760000,21954,4155
17897,1431760000,1431840000,17261,3569
17898,1431840000,1431920000,12716,2364
17899,1431920000,1432000000,22003,3982
17900,1432000000,1432080000,24018,4301
17901,1432080000,1432160000,16557,3493
17902,1432160000,1432240000,12295,2294
17903,1432240000,1432320000,19984,3971
17904,1432320000,1432400000,22140,4222
17905,1432400000,1432480000,16201,3369
17906,1432480000,1432560000,13386,2485
17907,1432560000,1432640000,21990,3999
17908,1432640000,1432720000,19893,3884
17909,1432720000,1432800000,16308,3447
17910,1432800000,1432880000,14404,2733
17911,1432880000,1432960000,19825,3989
17912,1432960000,1433040000,18567,3624
17913,1433040000,1433120000,16217,3370
17914,1433120000,1433200000,16938,3081
17915,1433200000,1433280000,22799,4006
17916,1433280000,1433360000,18111,3621
17917,1433360000,1433440000,15854,3135
17918,1433440000,1433520000,17454,3305
17919,1433520000,1433600000,21077,4006
17920,1433600000,1433680000,18200,3607
17921,1433680000,1433760000,15434,3026
17922,1433760000,1433840000,18505,3437
17923,1433840000,1433920000,22932,4108
17924,1433920000,1434000000,16660,3580
17925,1434000000,1434080000,13000,2584
17926,1434080000,1434160000,18756,3776
17927,1434160000,1434240000,21577,4161
17928,1434240000,1434320000,17227,3566
17929,1434320000,1434400000,12700,2364
17930,1434400000,1434480000,21539,3981
17931,1434480000,1434560000,24358,4307
17932,1434560000,1434640000,16446,3492
17933,1434640000,1434720000,12533,2294
17934,1434720000,1434800000,20180,3970
17935,1434800000,1434880000,22396,4215
17936,1434880000,1434960000,16195,3369
17937,1434960000,1435040000,13469,2485
17938,1435040000,1435120000,22212,4008
17939,1435120000,1435200000,20137,3889
17940,1435200000,1435280000,16502,3447
17941,1435280000,1435360000,14326,2733
17942,1435360000,1435440000,19609,3992
17943,1435440000,1435520000,18806,3625
17944,1435520000,1435600000,16315,3370
17945,1435600000,1435680000,17200,3081
17946,1435680000,1435760000,22705,4001
17947,1435760000,1435840000,18117,3620
17948,1435840000,1435920000,16200,3135
17949,1435920000,1436000000,18265,3305
17950,1436000000,1436080000,21204,4005
17951,1436080000,1436160000,18054,3598
17952,1436160000,1436240000,15645,3026
17953,1436240000,1436320000,18740,3437
17954,1436320000,1436400000,23405,4107
17955,1436400000,1436480000,17002,3585
17956,1436480000,1436560000,13665,2584
17957,1436560000,1436640000,20061,3775
17958,1436640000,1436720000,21998,4155
17959,1436720000,1436800000,17484,3569
17960,1436800000,1436880000,13122,2364
17961,1436880000,1436960000,21852,3982
17962,1436960000,1437040000,23955,4301
17963,1437040000,1437120000,16883,3493
17964,1437120000,1437200000,12831,2294
17965,1437200000,1437280000,20771,3971
17966,1437280000,1437360000,22682,4228
17967,1437360000,1437440000,16500,3369
17968,1437440000,1437520000,13820,2485
17969,1437520000,1437600000,22883,3999
17970,1437600000,1437680000,20532,3884
17971,1437680000,1437760000,16757,3447
17972,1437760000,1437840000,14609,2733
17973,1437840000,1437920000,20193,3989
17974,1437920000,1438000000,18946,3624
17975,1438000000,1438080000,16478,3370
17976,1438080000,1438160000,17213,3081
17977,1438160000,1438240000,22527,4006
17978,1438240000,1438320000,17795,3621
17979,1438320000,1438400000,15957,3135
17980,1438400000,1438480000,17950,3305
17981,1438480000,1438560000,20590,4006
17982,1438560000,1438640000,17839,3601
17983,1438640000,1438720000,15504,3026
17984,1438720000,1438800000,18691,3437
17985,1438800000,1438880000,22428,4108
17986,1438880000,1438960000,16490,3580
17987,1438960000,1439040000,13488,2584
17988,1439040000,1439120000,19563,3776
17989,1439120000,1439200000,21809,4149
17990,1439200000,1439280000,17105,3566
17991,1439280000,1439360000,13030,2364
17992,1439360000,1439440000,21654,3981
17993,1439440000,1439520000,23240,4307
17994,1439520000,1439600000,16711,3492
17995,1439600000,1439680000,12532,2294
17996,1439680000,1439760000,20066,3970
17997,1439760000,1439840000,21481,4221
17998,1439840000,1439920000,16411,3369
17999,1439920000,1440000000,13185,2485
18000,1440000000,1440080000,22157,4002
18001,1440080000,1440160000,19834,3889
18002,1440160000,1440240000,16667,3447
18003,1440240000,1440320000,14453,2733
18004,1440320000,1440400000,20100,3998
18005,1440400000,1440480000,18999,3625
18006,1440480000,1440560000,16134,3370
18007,1440560000,1440640000,16118,3081
18008,1440640000,1440720000,22692,4007
18009,1440720000,1440800000,17683,3614
18010,1440800000,1440880000,15322,3135
18011,1440880000,1440960000,17374,3305
18012,1440960000,1441040000,20474,4005
18013,1441040000,1441120000,17383,3598
18014,1441120000,1441200000,14858,3026
18015,1441200000,1441280000,18102,3437
18016,1441280000,1441360000,22371,4113
18017,1441360000,1441440000,16480,3585
18018,1441440000,1441520000,13015,2584
18019,1441520000,1441600000,19316,3775
18020,1441600000,1441680000,21829,4155
18021,1441680000,1441760000,16857,3569
18022,1441760000,1441840000,12619,2364
18023,1441840000,1441920000,21368,3988
18024,1441920000,1442000000,23445,4301
18025,1442000000,1442080000,16403,3493
18026,1442080000,1442160000,12449,2294
18027,1442160000,1442240000,20526,3980
18028,1442240000,1442320000,22222,4237
18029,1442320000,1442400000,16308,3369
18030,1442400000,1442480000,13462,2485
18031,1442480000,1442560000,22221,3999
18032,1442560000,1442640000,19690,3884
18033,1442640000,1442720000,16542,3447
18034,1442720000,1442800000,14449,2733
18035,1442800000,1442880000,20601,3989
18036,1442880000,1442960000,18857,3624
18037,1442960000,1443040000,16065,3370
18038,1443040000,1443120000,16678,3081
18039,1443120000,1443200000,22424,4006
18040,1443200000,1443280000,17965,3621
18041,1443280000,1443360000,15641,3135
18042,1443360000,1443440000,17300,3305
18043,1443440000,1443520000,20699,4006
18044,1443520000,1443600000,17670,3599
18045,1443600000,1443680000,14966,3026
18046,1443680000,1443760000,17873,3437
18047,1443760000,1443840000,22818,4108
18048,1443840000,1443920000,16472,3578
18049,1443920000,1444000000,13022,2584
18050,1444000000,1444080000,19186,3779
18051,1444080000,1444160000,21805,4152
18052,1444160000,1444240000,16738,3564
18053,1444240000,1444320000,12702,2364
18054,1444320000,1444400000,21333,3981
18055,1444400000,1444480000,23682,4307
18056,1444480000,1444560000,16196,3490
18057,1444560000,1444640000,12379,2294
18058,1444640000,1444720000,20228,3970
18059,1444720000,1444800000,21291,4215
18060,1444800000,1444880000,16032,3369
18061,1444880000,1444960000,13352,2485
18062,1444960000,1445040000,22054,4002
18063,1445040000,1445120000,20058,3889
18064,1445120000,1445200000,16399,3447
18065,1445200000,1445280000,14143,2733
18066,1445280000,1445360000,19668,3992
18067,1445360000,1445440000,18422,3625
18068,1445440000,1445520000,16218,3370
18069,1445520000,1445600000,16827,3081
18070,1445600000,1445680000,22498,4001
18071,1445680000,1445760000,17794,3614
18072,1445760000,1445840000,15768,3135
18073,1445840000,1445920000,17610,3305
18074,1445920000,1446000000,20462,4005
18075,1446000000,1446080000,17272,3596
18076,1446080000,1446160000,15173,3026
18077,1446160000,1446240000,18382,3437
18078,1446240000,1446320000,21864,4107
18079,1446320000,1446400000,16849,3589
18080,1446400000,1446480000,13182,2584
18081,1446480000,1446560000,19868,3775
18082,1446560000,1446640000,21014,4155
18083,1446640000,1446720000,17128,3567
18084,1446720000,1446800000,12935,2364
18085,1446800000,1446880000,22012,3982
18086,1446880000,1446960000,23187,4307
18087,1446960000,1447040000,16591,3491
18088,1447040000,1447120000,12317,2294
18089,1447120000,1447200000,20027,3971
18090,1447200000,1447280000,22397,4222
18091,1447280000,1447360000,16150,3369
18092,1447360000,1447440000,13193,2485
18093,1447440000,1447520000,22538,3999
18094,1447520000,1447600000,20264,3884
18095,1447600000,1447680000,16517,3447
18096,1447680000,1447760000,14098,2733
18097,1447760000,1447840000,20198,3989
18098,1447840000,1447920000,18764,3630
18099,1447920000,1448000000,16425,3370
18100,1448000000,1448080000,17005,3081
18101,1448080000,1448160000,22470,4012
18102,1448160000,1448240000,18106,3621
18103,1448240000,1448320000,15526,3135
18104,1448320000,1448400000,16857,3305
18105,1448400000,1448480000,20724,4006
18106,1448480000,1448560000,17471,3595
18107,1448560000,1448640000,14843,3026
18108,1448640000,1448720000,17777,3437
18109,1448720000,1448800000,22647,4108
18110,1448800000,1448880000,16323,3574
18111,1448880000,1448960000,12937,2584
18112,1448960000,1449040000,19285,3776
18113,1449040000,1449120000,20774,4149
18114,1449120000,1449200000,17064,3560
18115,1449200000,1449280000,12627,2364
18116,1449280000,1449360000,21482,3987
18117,1449360000,1449440000,23902,4325
18118,1449440000,1449520000,16493,3486
18119,1449520000,1449600000,12231,2294
18120,1449600000,1449680000,20570,3970
18121,1449680000,1449760000,22307,4215
18122,1449760000,1449840000,16072,3365
18123,1449840000,1449920000,13012,2485
18124,1449920000,1450000000,22382,4002
18125,1450000000,1450080000,20323,3885
18126,1450080000,1450160000,16402,3447
18127,1450160000,1450240000,14295,2733
18128,1450240000,1450320000,19881,3992
18129,1450320000,1450400000,18726,3621
18130,1450400000,1450480000,16312,3370
18131,1450480000,1450560000,16189,3081
18132,1450560000,1450640000,22932,4001
18133,1450640000,1450720000,18080,3616
18134,1450720000,1450800000,15745,3135
18135,1450800000,1450880000,17538,3305
18136,1450880000,1450960000,19966,4005
18137,1450960000,1451040000,17271,3592
18138,1451040000,1451120000,14909,3026
18139,1451120000,1451200000,18075,3437
18140,1451200000,1451280000,22863,4107
18141,1451280000,1451360000,16400,3579
18142,1451360000,1451440000,12949,2584
18143,1451440000,1451520000,19364,3775
18144,1451520000,1451600000,21379,4158
18145,1451600000,1451680000,16979,3566
18146,1451680000,1451760000,12393,2364
18147,1451760000,1451840000,21478,3982
18148,1451840000,1451920000,23883,4301
18149,1451920000,1452000000,16630,3487
18150,1452000000,1452080000,12309,2294
18151,1452080000,1452160000,20543,3971
18152,1452160000,1452240000,22009,4222
18153,1452240000,1452320000,16544,3365
18154,1452320000,1452400000,13446,2485
18155,1452400000,1452480000,22663,3999
18156,1452480000,1452560000,20138,3880
18157,1452560000,1452640000,16885,3447
18158,1452640000,1452720000,14672,2733
18159,1452720000,1452800000,19888,3989
18160,1452800000,1452880000,18271,3620
18161,1452880000,1452960000,16505,3370
18162,1452960000,1453040000,16898,3081
18163,1453040000,1453120000,22551,4006
18164,1453120000,1453200000,18030,3617
18165,1453200000,1453280000,16169,3135
18166,1453280000,1453360000,17807,3305
18167,1453360000,1453440000,20644,4006
18168,1453440000,1453520000,17779,3595
18169,1453520000,1453600000,15549,3026
18170,1453600000,1453680000,18941,3437
18171,1453680000,1453760000,23088,4108
18172,1453760000,1453840000,16595,3574
18173,1453840000,1453920000,12646,2584
18174,1453920000,1454000000,18645,3779
18175,1454000000,1454080000,21968,4152
18176,1454080000,1454160000,16515,3560
18177,1454160000,1454240000,12136,2364
18178,1454240000,1454320000,20583,3981
18179,1454320000,1454400000,23554,4307
18180,1454400000,1454480000,15636,3486
18181,1454480000,1454560000,11968,2294
18182,1454560000,1454640000,19925,3970
18183,1454640000,1454720000,22085,4215
18184,1454720000,1454800000,15535,3365
18185,1454800000,1454880000,12996,2485
18186,1454880000,1454960000,21847,4002
18187,1454960000,1455040000,19689,3885
18188,1455040000,1455120000,15777,3447
18189,1455120000,1455200000,13326,2733
18190,1455200000,1455280000,19539,3992
18191,1455280000,1455360000,18598,3621
18192,1455360000,1455440000,15362,3370
18193,1455440000,1455520000,16149,3081
18194,1455520000,1455600000,22542,4001
18195,1455600000,1455680000,17747,3610
18196,1455680000,1455760000,15409,3135
18197,1455760000,1455840000,17320,3305
18198,1455840000,1455920000,20878,4005
18199,1455920000,1456000000,17491,3592
18200,1456000000,1456080000,15124,3026
18201,1456080000,1456160000,18074,3437
18202,1456160000,1456240000,22994,4107
18203,1456240000,1456320000,16449,3579
18204,1456320000,1456400000,13046,2584
18205,1456400000,1456480000,19289,3775
18206,1456480000,1456560000,21294,4167
18207,1456560000,1456640000,16765,3563
18208,1456640000,1456720000,12686,2364
18209,1456720000,1456800000,21020,3982
18210,1456800000,1456880000,23242,4301
18211,1456880000,1456960000,16048,3487
18212,1456960000,1457040000,12538,2294
18213,1457040000,1457120000,20038,3971
18214,1457120000,1457200000,22300,4222
18215,1457200000,1457280000,15819,3365
18216,1457280000,1457360000,13367,2485
18217,1457360000,1457440000,22235,4005
18218,1457440000,1457520000,20158,3880
18219,1457520000,1457600000,16187,3447
18220,1457600000,1457680000,13839,2733
18221,1457680000,1457760000,19804,3989
18222,1457760000,1457840000,18658,3620
18223,1457840000,1457920000,15745,3370
18224,1457920000,1458000000,15965,3081
18225,1458000000,1458080000,22320,4006
18226,1458080000,1458160000,17995,3617
18227,1458160000,1458240000,15418,3135
18228,1458240000,1458320000,17062,3305
18229,1458320000,1458400000,20663,4006
18230,1458400000,1458480000,17495,3595
18231,1458480000,1458560000,14648,3026
18232,1458560000,1458640000,17676,3437
18233,1458640000,1458720000,22321,4108
18234,1458720000,1458800000,16048,3574
18235,1458800000,1458880000,12763,2584
18236,1458880000,1458960000,18923,3776
18237,1458960000,1459040000,21396,4149
18238,1459040000,1459120000,16820,3560
18239,1459120000,1459200000,12408,2364
18240,1459200000,1459280000,21228,3981
18241,1459280000,1459360000,24042,4307
18242,1459360000,1459440000,15994,3486
18243,1459440000,1459520000,12065,2294
18244,1459520000,1459600000,19598,3976
18245,1459600000,1459680000,22065,4215
18246,1459680000,1459760000,15557,3365
18247,1459760000,1459840000,12573,2485
18248,1459840000,1459920000,21933,4002
18249,1459920000,1460000000,20364,3885
18250,1460000000,1460080000,15742,3447
18251,1460080000,1460160000,13886,2733
18252,1460160000,1460240000,19815,3992
18253,1460240000,1460320000,18635,3621
18254,1460320000,1460400000,15846,3370
18255,1460400000,1460480000,16242,3081
18256,1460480000,1460560000,22926,4001
18257,1460560000,1460640000,17787,3610
18258,1460640000,1460720000,15226,3135
18259,1460720000,1460800000,16906,3305
18260,1460800000,1460880000,20591,4005
18261,1460880000,1460960000,17474,3592
18262,1460960000,1461040000,14709,3026
18263,1461040000,1461120000,18064,3437
18264,1461120000,1461200000,22892,4107
18265,1461200000,1461280000,16210,3579
18266,1461280000,1461360000,12889,2584
18267,1461360000,1461440000,19196,3775
18268,1461440000,1461520000,21474,4155
18269,1461520000,1461600000,16853,3563
18270,1461600000,1461680000,12641,2364
18271,1461680000,1461760000,21433,3982
18272,1461760000,1461840000,24085,4307
18273,1461840000,1461920000,16164,3487
18274,1461920000,1462000000,12184,2294
18275,1462000000,1462080000,19920,3971
18276,1462080000,1462160000,22193,4222
18277,1462160000,1462240000,15822,3365
18278,1462240000,1462320000,13105,2485
18279,1462320000,1462400000,22165,3999
18280,1462400000,1462480000,20063,3886
18281,1462480000,1462560000,16176,3447
18282,1462560000,1462640000,14142,2733
18283,1462640000,1462720000,19899,3989
18284,1462720000,1462800000,18722,3620
18285,1462800000,1462880000,15971,3370
18286,1462880000,1462960000,16505,3081
18287,1462960000,1463040000,22674,4006
18288,1463040000,1463120000,17820,3617
18289,1463120000,1463200000,15527,3135
18290,1463200000,1463280000,17558,3305
18291,1463280000,1463360000,20409,4006
18292,1463360000,1463440000,17605,3595
18293,1463440000,1463520000,14925,3026
18294,1463520000,1463600000,17759,3437
18295,1463600000,1463680000,22802,4114
18296,1463680000,1463760000,16547,3574
18297,1463760000,1463840000,12941,2584
18298,1463840000,1463920000,19434,3776
18299,1463920000,1464000000,21829,4149
18300,1464000000,1464080000,17001,3560
18301,1464080000,1464160000,12538,2364
18302,1464160000,1464240000,21517,3981
18303,1464240000,1464320000,24049,4307
18304,1464320000,1464400000,16303,3486
18305,1464400000,1464480000,12368,2294
18306,1464480000,1464560000,20173,3973
18307,1464560000,1464640000,21506,4224
18308,1464640000,1464720000,15851,3365
18309,1464720000,1464800000,13038,2485
18310,1464800000,1464880000,22530,4002
18311,1464880000,1464960000,20703,3885
18312,1464960000,1465040000,16223,3447
18313,1465040000,1465120000,14069,2733
18314,1465120000,1465200000,19423,3992
18315,1465200000,1465280000,18806,3627
18316,1465280000,1465360000,16044,3370
18317,1465360000,1465440000,16313,3081
18318,1465440000,1465520000,22881,4001
18319,1465520000,1465600000,17638,3610
18320,1465600000,1465680000,15531,3135
18321,1465680000,1465760000,17437,3305
18322,1465760000,1465840000,20852,4005
18323,1465840000,1465920000,17606,3592
18324,1465920000,1466000000,15328,3026
18325,1466000000,1466080000,18568,3437
18326,1466080000,1466160000,23351,4107
18327,1466160000,1466240000,16520,3585
18328,1466240000,1466320000,13273,2584
18329,1466320000,1466400000,19393,3775
18330,1466400000,1466480000,21581,4155
18331,1466480000,1466560000,17024,3563
18332,1466560000,1466640000,12844,2364
18333,1466640000,1466720000,21543,3982
18334,1466720000,1466800000,24088,4307
18335,1466800000,1466880000,16360,3487
18336,1466880000,1466960000,12268,2294
18337,1466960000,1467040000,20255,3971
18338,1467040000,1467120000,22413,4222
18339,1467120000,1467200000,16170,3365
18340,1467200000,1467280000,13366,2485
18341,1467280000,1467360000,22280,3999
18342,1467360000,1467440000,20479,3880
18343,1467440000,1467520000,16345,3447
18344,1467520000,1467600000,13758,2733
18345,1467600000,1467680000,19762,3989
18346,1467680000,1467760000,18820,3620
18347,1467760000,1467840000,15936,3370
18348,1467840000,1467920000,16634,3081
18349,1467920000,1468000000,22626,4006
18350,1468000000,1468080000,18017,3617
18351,1468080000,1468160000,15557,3135
18352,1468160000,1468240000,17226,3305
18353,1468240000,1468320000,20903,4012
18354,1468320000,1468400000,17636,3595
18355,1468400000,1468480000,15070,3026
18356,1468480000,1468560000,18249,3437
18357,1468560000,1468640000,22743,4108
18358,1468640000,1468720000,16394,3574
18359,1468720000,1468800000,13288,2584
18360,1468800000,1468880000,19889,3776
18361,1468880000,1468960000,21165,4149
18362,1468960000,1469040000,17059,3560
18363,1469040000,1469120000,12445,2364
18364,1469120000,1469200000,21082,3981
18365,1469200000,1469280000,23840,4307
18366,1469280000,1469360000,16211,3486
18367,1469360000,1469440000,12556,2294
18368,1469440000,1469520000,20025,3976
18369,1469520000,1469600000,22223,4215
18370,1469600000,1469680000,16081,3365
18371,1469680000,1469760000,13150,2485
18372,1469760000,1469840000,22324,4002
18373,1469840000,1469920000,20457,3885
18374,1469920000,1470000000,16479,3447
18375,1470000000,1470080000,14416,2733
18376,1470080000,1470160000,20166,3992
18377,1470160000,1470240000,19076,3621
18378,1470240000,1470320000,16277,3370
18379,1470320000,1470400000,16241,3081
18380,1470400000,1470480000,23066,4001
18381,1470480000,1470560000,17927,3610
18382,1470560000,1470640000,15747,3135
18383,1470640000,1470720000,17658,3305
18384,1470720000,1470800000,20174,4014
18385,1470800000,1470880000,17347,3595
18386,1470880000,1470960000,15245,3026
18387,1470960000,1471040000,18246,3437
18388,1471040000,1471120000,22635,4107
18389,1471120000,1471200000,16571,3579
18390,1471200000,1471280000,13257,2584
18391,1471280000,1471360000,19685,3778
18392,1471360000,1471440000,21823,4158
18393,1471440000,1471520000,17026,3563
18394,1471520000,1471600000,12808,2364
18395,1471600000,1471680000,21373,3988
18396,1471680000,1471760000,23734,4313
18397,1471760000,1471840000,16450,3487
18398,1471840000,1471920000,12229,2294
18399,1471920000,1472000000,20215,3971
18400,1472000000,1472080000,22564,4222
18401,1472080000,1472160000,16278,3365
18402,1472160000,1472240000,13500,2485
18403,1472240000,1472320000,22452,3999
18404,1472320000,1472400000,20393,3880
18405,1472400000,1472480000,16745,3447
18406,1472480000,1472560000,14732,2733
18407,1472560000,1472640000,20038,3989
18408,1472640000,1472720000,18798,3620
18409,1472720000,1472800000,16497,3370
18410,1472800000,1472880000,17071,3081
18411,1472880000,1472960000,22601,4006
18412,1472960000,1473040000,18184,3617
18413,1473040000,1473120000,15865,3135
18414,1473120000,1473200000,17476,3305
18415,1473200000,1473280000,21161,4012
18416,1473280000,1473360000,18040,3595
18417,1473360000,1473440000,15328,3026
18418,1473440000,1473520000,18563,3437
18419,1473520000,1473600000,22940,4108
18420,1473600000,1473680000,16705,3574
18421,1473680000,1473760000,13212,2584
18422,1473760000,1473840000,19386,3776
18423,1473840000,1473920000,22112,4149
18424,1473920000,1474000000,17178,3560
18425,1474000000,1474080000,12785,2364
18426,1474080000,1474160000,21638,3981
18427,1474160000,1474240000,24300,4307
18428,1474240000,1474320000,16401,3486
18429,1474320000,1474400000,12655,2294
18430,1474400000,1474480000,20493,3970
18431,1474480000,1474560000,22385,4215
18432,1474560000,1474640000,16231,3365
18433,1474640000,1474720000,13532,2485
18434,1474720000,1474800000,22350,4002
18435,1474800000,1474880000,20353,3885
18436,1474880000,1474960000,16650,3447
18437,1474960000,1475040000,14518,2733
18438,1475040000,1475120000,19731,3992
18439,1475120000,1475200000,19037,3621
18440,1475200000,1475280000,16431,3370
18441,1475280000,1475360000,17356,3081
18442,1475360000,1475440000,22796,4001
18443,1475440000,1475520000,17954,3610
18444,1475520000,1475600000,16233,3135
18445,1475600000,1475680000,18555,3305
18446,1475680000,1475760000,20776,4011
18447,1475760000,1475840000,17880,3592
18448,1475840000,1475920000,15655,3026
18449,1475920000,1476000000,18723,3437
18450,1476000000,1476080000,22585,4107
18451,1476080000,1476160000,16722,3579
18452,1476160000,1476240000,13585,2584
18453,1476240000,1476320000,19690,3775
18454,1476320000,1476400000,22550,4155
18455,1476400000,1476480000,17053,3563
18456,1476480000,1476560000,12230,2364
18457,1476560000,1476640000,20543,3982
18458,1476640000,1476720000,23306,4301
18459,1476720000,1476800000,15897,3487
18460,1476800000,1476880000,11656,2294
18461,1476880000,1476960000,19696,3971
18462,1476960000,1477040000,21936,4222
18463,1477040000,1477120000,15616,3365
18464,1477120000,1477200000,12727,2485
18465,1477200000,1477280000,21868,3999
18466,1477280000,1477360000,20062,3880
18467,1477360000,1477440000,15977,3447
18468,1477440000,1477520000,13447,2733
18469,1477520000,1477600000,19301,3989
18470,1477600000,1477680000,18633,3620
18471,1477680000,1477760000,15723,3370
18472,1477760000,1477840000,16082,3081
18473,1477840000,1477920000,22295,4006
18474,1477920000,1478000000,17836,3617
18475,1478000000,1478080000,15185,3135
18476,1478080000,1478160000,17039,3305
18477,1478160000,1478240000,20646,4006
18478,1478240000,1478320000,17673,3595
18479,1478320000,1478400000,14771,3026
18480,1478400000,1478480000,17619,3437
18481,1478480000,1478560000,22432,4108
18482,1478560000,1478640000,16187,3574
18483,1478640000,1478720000,12776,2584
18484,1478720000,1478800000,18834,3776
18485,1478800000,1478880000,21304,4161
18486,1478880000,1478960000,16710,3560
18487,1478960000,1479040000,12532,2364
18488,1479040000,1479120000,21443,3981
18489,1479120000,1479200000,23833,4307
18490,1479200000,1479280000,16151,3486
18491,1479280000,1479360000,12238,2294
18492,1479360000,1479440000,19688,3970
18493,1479440000,1479520000,21662,4221
18494,1479520000,1479600000,15864,3365
18495,1479600000,1479680000,12855,2485
18496,1479680000,1479760000,21899,4008
18497,1479760000,1479840000,19495,3885
18498,1479840000,1479920000,16070,3447
18499,1479920000,1480000000,14232,2733
18500,1480000000,1480080000,19882,3992
18501,1480080000,1480160000,18850,3621
18502,1480160000,1480240000,16017,3370
18503,1480240000,1480320000,16430,3081
18504,1480320000,1480400000,22843,4001
18505,1480400000,1480480000,17892,3610
18506,1480480000,1480560000,15591,3135
18507,1480560000,1480640000,17632,3305
18508,1480640000,1480720000,20523,4005
18509,1480720000,1480800000,17611,3592
18510,1480800000,1480880000,14919,3026
18511,1480880000,1480960000,18222,3437
18512,1480960000,1481040000,23104,4107
18513,1481040000,1481120000,16534,3579
18514,1481120000,1481200000,12853,2584
18515,1481200000,1481280000,19043,3775
18516,1481280000,1481360000,21822,4155
18517,1481360000,1481440000,16667,3563
18518,1481440000,1481520000,12640,2364
18519,1481520000,1481600000,21518,3982
18520,1481600000,1481680000,24022,4301
18521,1481680000,1481760000,16167,3487
18522,1481760000,1481840000,12429,2294
18523,1481840000,1481920000,20527,3971
18524,1481920000,1482000000,22455,4222
18525,1482000000,1482080000,16043,3365
18526,1482080000,1482160000,13345,2485
18527,1482160000,1482240000,22431,4005
18528,1482240000,1482320000,20490,3880
18529,1482320000,1482400000,16350,3447
18530,1482400000,1482480000,14337,2733
18531,1482480000,1482560000,20458,3989
18532,1482560000,1482640000,18929,3620
18533,1482640000,1482720000,16146,3370
18534,1482720000,1482800000,16852,3081
18535,1482800000,1482880000,23024,4006
18536,1482880000,1482960000,18420,3617
18537,1482960000,1483040000,15762,3135
18538,1483040000,1483120000,17596,3305
18539,1483120000,1483200000,21027,4006
18540,1483200000,1483280000,17787,3595
18541,1483280000,1483360000,15174,3026
18542,1483360000,1483440000,18351,3437
18543,1483440000,1483520000,23419,4108
18544,1483520000,1483600000,16556,3574
18545,1483600000,1483680000,13204,2584
18546,1483680000,1483760000,19491,3776
18547,1483760000,1483840000,21468,4149
18548,1483840000,1483920000,16999,3560
18549,1483920000,1484000000,12802,2364
18550,1484000000,1484080000,21306,3981
18551,1484080000,1484160000,24044,4307
18552,1484160000,1484240000,16247,3486
18553,1484240000,1484320000,12510,2294
18554,1484320000,1484400000,20301,3970
18555,1484400000,1484480000,22245,4221
18556,1484480000,1484560000,16122,3365
18557,1484560000,1484640000,13478,2485
18558,1484640000,1484720000,22774,4002
18559,1484720000,1484800000,20262,3885
18560,1484800000,1484880000,16677,3447
18561,1484880000,1484960000,14619,2733
18562,1484960000,1485040000,20029,3995
18563,1485040000,1485120000,19185,3624
18564,1485120000,1485200000,16289,3370
18565,1485200000,1485280000,16946,3081
18566,1485280000,1485360000,23187,4001
18567,1485360000,1485440000,17988,3610
18568,1485440000,1485520000,15666,3135
18569,1485520000,1485600000,17661,3305
18570,1485600000,1485680000,20797,4005
18571,1485680000,1485760000,17314,3592
18572,1485760000,1485840000,15269,3026
18573,1485840000,1485920000,18540,3437
18574,1485920000,1486000000,22789,4119
18575,1486000000,1486080000,16498,3579
18576,1486080000,1486160000,13307,2584
18577,1486160000,1486240000,19666,3775
18578,1486240000,1486320000,21288,4155
18579,1486320000,1486400000,17046,3563
18580,1486400000,1486480000,12954,2364
18581,1486480000,1486560000,22078,3982
18582,1486560000,1486640000,23871,4301
18583,1486640000,1486720000,16393,3487
18584,1486720000,1486800000,12478,2294
18585,1486800000,1486880000,20583,3974
18586,1486880000,1486960000,22652,4231
18587,1486960000,1487040000,15958,3365
18588,1487040000,1487120000,13506,2485
18589,1487120000,1487200000,22504,3999
18590,1487200000,1487280000,20087,3880
18591,1487280000,1487360000,16454,3447
18592,1487360000,1487440000,14193,2733
18593,1487440000,1487520000,20390,3989
18594,1487520000,1487600000,18650,3620
18595,1487600000,1487680000,16169,3370
18596,1487680000,1487760000,16835,3081
18597,1487760000,1487840000,22847,4006
18598,1487840000,1487920000,18415,3617
18599,1487920000,1488000000,15505,3135
18600,1488000000,1488080000,17257,3305
18601,1488080000,1488160000,21577,4006
18602,1488160000,1488240000,17681,3595
18603,1488240000,1488320000,15100,3026
18604,1488320000,1488400000,18176,3437
18605,1488400000,1488480000,22975,4108
18606,1488480000,1488560000,16309,3574
18607,1488560000,1488640000,13252,2584
18608,1488640000,1488720000,19681,3776
18609,1488720000,1488800000,21117,4149
18610,1488800000,1488880000,17097,3560
18611,1488880000,1488960000,12811,2364
18612,1488960000,1489040000,22007,3987
18613,1489040000,1489120000,23591,4307
18614,1489120000,1489200000,16564,3486
18615,1489200000,1489280000,12894,2294
18616,1489280000,1489360000,20754,3970
18617,1489360000,1489440000,22381,4215
18618,1489440000,1489520000,16343,3365
18619,1489520000,1489600000,13575,2485
18620,1489600000,1489680000,22501,4002
18621,1489680000,1489760000,20251,3885
18622,1489760000,1489840000,16470,3447
18623,1489840000,1489920000,14531,2733
18624,1489920000,1490000000,19944,3995
18625,1490000000,1490080000,18484,3624
18626,1490080000,1490160000,16255,3364
18627,1490160000,1490240000,16527,3081
18628,1490240000,1490320000,22702,4001
18629,1490320000,1490400000,17552,3610
18630,1490400000,1490480000,15836,3129
18631,1490480000,1490560000,17992,3305
18632,1490560000,1490640000,19864,4005
18633,1490640000,1490720000,17564,3590
18634,1490720000,1490800000,15269,3022
18635,1490800000,1490880000,18524,3437
18636,1490880000,1490960000,22536,4107
18637,1490960000,1491040000,16134,3573
18638,1491040000,1491120000,13159,2584
18639,1491120000,1491200000,19328,3778
18640,1491200000,1491280000,21236,4158
18641,1491280000,1491360000,16890,3559
18642,1491360000,1491440000,12758,2364
18643,1491440000,1491520000,21531,3982
18644,1491520000,1491600000,23715,4307
18645,1491600000,1491680000,16529,3483
18646,1491680000,1491760000,12587,2294
18647,1491760000,1491840000,20135,3971
18648,1491840000,1491920000,22013,4222
18649,1491920000,1492000000,16466,3361
18650,1492000000,1492080000,13787,2485
18651,1492080000,1492160000,22889,3999
18652,1492160000,1492240000,20116,3880
18653,1492240000,1492320000,16656,3443
18654,1492320000,1492400000,14670,2733
18655,1492400000,1492480000,20027,3989
18656,1492480000,1492560000,18819,3620
18657,1492560000,1492640000,16333,3364
18658,1492640000,1492720000,17083,3081
18659,1492720000,1492800000,22435,4006
18660,1492800000,1492880000,17993,3617
18661,1492880000,1492960000,15989,3129
18662,1492960000,1493040000,17858,3305
18663,1493040000,1493120000,20662,4009
18664,1493120000,1493200000,17593,3596
18665,1493200000,1493280000,15641,3022
18666,1493280000,1493360000,18788,3437
18667,1493360000,1493440000,22982,4108
18668,1493440000,1493520000,16594,3568
18669,1493520000,1493600000,13382,2584
18670,1493600000,1493680000,19905,3776
18671,1493680000,1493760000,21999,4149
18672,1493760000,1493840000,17109,3556
18673,1493840000,1493920000,13034,2364
18674,1493920000,1494000000,21994,3981
18675,1494000000,1494080000,23957,4319
18676,1494080000,1494160000,16421,3482
18677,1494160000,1494240000,12566,2294
18678,1494240000,1494320000,20824,3970
18679,1494320000,1494400000,22626,4215
18680,1494400000,1494480000,16178,3361
18681,1494480000,1494560000,13580,2485
18682,1494560000,1494640000,22720,4002
18683,1494640000,1494720000,20330,3891
18684,1494720000,1494800000,16340,3443
18685,1494800000,1494880000,13638,2733
18686,1494880000,1494960000,19714,3992
18687,1494960000,1495040000,18812,3621
18688,1495040000,1495120000,15770,3364
18689,1495120000,1495200000,16453,3081
18690,1495200000,1495280000,22583,4001
18691,1495280000,1495360000,17762,3610
18692,1495360000,1495440000,15696,3129
18693,1495440000,1495520000,17638,3305
18694,1495520000,1495600000,20602,4005
18695,1495600000,1495680000,17736,3590
18696,1495680000,1495760000,15374,3022
18697,1495760000,1495840000,18692,3437
18698,1495840000,1495920000,23171,4107
18699,1495920000,1496000000,16700,3579
18700,1496000000,1496080000,13482,2584
18701,1496080000,1496160000,20057,3775
18702,1496160000,1496240000,21699,4155
18703,1496240000,1496320000,17205,3559
18704,1496320000,1496400000,13098,2364
18705,1496400000,1496480000,22110,3982
18706,1496480000,1496560000,23554,4301
18707,1496560000,1496640000,16567,3483
18708,1496640000,1496720000,12629,2294
18709,1496720000,1496800000,20571,3971
18710,1496800000,1496880000,23020,4222
18711,1496880000,1496960000,16272,3361
18712,1496960000,1497040000,13653,2485
18713,1497040000,1497120000,22757,3999
18714,1497120000,1497200000,20148,3880
18715,1497200000,1497280000,16808,3443
18716,1497280000,1497360000,14666,2733
18717,1497360000,1497440000,20461,3989
18718,1497440000,1497520000,18952,3626
18719,1497520000,1497600000,16198,3364
18720,1497600000,1497680000,16340,3081
18721,1497680000,1497760000,22823,4006
18722,1497760000,1497840000,18196,3617
18723,1497840000,1497920000,15495,3129
18724,1497920000,1498000000,17487,3305
18725,1498000000,1498080000,20997,4012
18726,1498080000,1498160000,17796,3593
18727,1498160000,1498240000,15242,3022
18728,1498240000,1498320000,18482,3437
18729,1498320000,1498400000,22525,4114
18730,1498400000,1498480000,16265,3568
18731,1498480000,1498560000,13412,2584
18732,1498560000,1498640000,19433,3776
18733,1498640000,1498720000,21673,4149
18734,1498720000,1498800000,16980,3556
18735,1498800000,1498880000,12573,2364
18736,1498880000,1498960000,21561,3981
18737,1498960000,1499040000,23863,4307
18738,1499040000,1499120000,16161,3482
18739,1499120000,1499200000,12439,2294
18740,1499200000,1499280000,19997,3970
18741,1499280000,1499360000,22545,4215
18742,1499360000,1499440000,15946,3361
18743,1499440000,1499520000,12905,2485
18744,1499520000,1499600000,22338,4002
18745,1499600000,1499680000,20142,3885
18746,1499680000,1499760000,16133,3443
18747,1499760000,1499840000,14174,2733
18748,1499840000,1499920000,20015,3992
18749,1499920000,1500000000,19133,3621
18750,1500000000,1500080000,16086,3364
18751,1500080000,1500160000,16507,3081
18752,1500160000,1500240000,23098,4001
18753,1500240000,1500320000,18044,3610
18754,1500320000,1500400000,15603,3129
18755,1500400000,1500480000,17129,3305
18756,1500480000,1500560000,20202,4005
18757,1500560000,1500640000,17528,3590
18758,1500640000,1500720000,15014,3022
18759,1500720000,1500800000,18258,3437
18760,1500800000,1500880000,22575,4115
18761,1500880000,1500960000,16139,3573
18762,1500960000,1501040000,13218,2584
18763,1501040000,1501120000,19280,3778
18764,1501120000,1501200000,21918,4170
18765,1501200000,1501280000,16824,3559
18766,1501280000,1501360000,12957,2364
18767,1501360000,1501440000,21790,3982
18768,1501440000,1501520000,23937,4307
18769,1501520000,1501600000,16399,3483
18770,1501600000,1501680000,12642,2294
18771,1501680000,1501760000,20043,3971
18772,1501760000,1501840000,22112,4228
18773,1501840000,1501920000,16264,3361
18774,1501920000,1502000000,13745,2485
18775,1502000000,1502080000,22195,3999
18776,1502080000,1502160000,20130,3880
18777,1502160000,1502240000,16675,3443
18778,1502240000,1502320000,14688,2733
18779,1502320000,1502400000,20193,3989
18780,1502400000,1502480000,18865,3620
18781,1502480000,1502560000,16570,3364
18782,1502560000,1502640000,17341,3081
18783,1502640000,1502720000,22841,4006
18784,1502720000,1502800000,17984,3617
18785,1502800000,1502880000,16317,3129
18786,1502880000,1502960000,18478,3305
18787,1502960000,1503040000,21087,4006
18788,1503040000,1503120000,18145,3593
18789,1503120000,1503200000,15337,3022
18790,1503200000,1503280000,18001,3437
18791,1503280000,1503360000,22649,4108
18792,1503360000,1503440000,16519,3568
18793,1503440000,1503520000,13285,2584
18794,1503520000,1503600000,19717,3776
18795,1503600000,1503680000,21559,4149
18796,1503680000,1503760000,17044,3556
18797,1503760000,1503840000,12946,2364
18798,1503840000,1503920000,21849,3981
18799,1503920000,1504000000,23811,4307
18800,1504000000,1504080000,16297,3482
18801,1504080000,1504160000,12480,2294
18802,1504160000,1504240000,20477,3970
18803,1504240000,1504320000,22274,4221
18804,1504320000,1504400000,15981,3361
18805,1504400000,1504480000,13339,2485
18806,1504480000,1504560000,22584,4002
18807,1504560000,1504640000,20388,3885
18808,1504640000,1504720000,16487,3443
18809,1504720000,1504800000,14517,2733
18810,1504800000,1504880000,20107,3992
18811,1504880000,1504960000,18940,3621
18812,1504960000,1505040000,16473,3364
18813,1505040000,1505120000,17105,3081
18814,1505120000,1505200000,22495,4001
18815,1505200000,1505280000,17894,3610
18816,1505280000,1505360000,15995,3129
18817,1505360000,1505440000,18082,3305
18818,1505440000,1505520000,20893,4005
18819,1505520000,1505600000,17650,3590
18820,1505600000,1505680000,15518,3022
18821,1505680000,1505760000,19118,3437
18822,1505760000,1505840000,22935,4119
18823,1505840000,1505920000,16719,3573
18824,1505920000,1506000000,13323,2584
18825,1506000000,1506080000,19286,3775
18826,1506080000,1506160000,21578,4155
18827,1506160000,1506240000,16986,3559
18828,1506240000,1506320000,13004,2364
18829,1506320000,1506400000,21790,3988
18830,1506400000,1506480000,23898,4301
18831,1506480000,1506560000,16431,3483
18832,1506560000,1506640000,12609,2294
18833,1506640000,1506720000,20243,3971
18834,1506720000,1506800000,22073,4228
18835,1506800000,1506880000,16297,3361
18836,1506880000,1506960000,13719,2485
18837,1506960000,1507040000,22498,3999
18838,1507040000,1507120000,20129,3880
18839,1507120000,1507200000,16798,3443
18840,1507200000,1507280000,14618,2733
18841,1507280000,1507360000,20418,3989
18842,1507360000,1507440000,19199,3620
18843,1507440000,1507520000,16634,3364
18844,1507520000,1507600000,17574,3081
18845,1507600000,1507680000,23119,4006
18846,1507680000,1507760000,17936,3617
18847,1507760000,1507840000,16065,3129
18848,1507840000,1507920000,17794,3305
18849,1507920000,1508000000,21088,4006
18850,1508000000,1508080000,17911,3593
18851,1508080000,1508160000,15400,3022
18852,1508160000,1508240000,18886,3437
18853,1508240000,1508320000,22867,4120
18854,1508320000,1508400000,16411,3568
18855,1508400000,1508480000,13584,2584
18856,1508480000,1508560000,20164,3776
18857,1508560000,1508640000,21608,4149
18858,1508640000,1508720000,17181,3556
18859,1508720000,1508800000,12796,2364
18860,1508800000,1508880000,21314,3981
18861,1508880000,1508960000,23798,4307
18862,1508960000,1509040000,16267,3482
18863,1509040000,1509120000,12868,2294
18864,1509120000,1509200000,20422,3973
18865,1509200000,1509280000,22419,4218
18866,1509280000,1509360000,16310,3361
18867,1509360000,1509440000,13525,2485
18868,1509440000,1509520000,22720,4002
18869,1509520000,1509600000,20672,3885
18870,1509600000,1509680000,16813,3443
18871,1509680000,1509760000,14731,2733
18872,1509760000,1509840000,20290,3992
18873,1509840000,1509920000,19110,3621
18874,1509920000,1510000000,16534,3364
18875,1510000000,1510080000,16662,3081
18876,1510080000,1510160000,23119,4001
18877,1510160000,1510240000,18113,3610
18878,1510240000,1510320000,16077,3129
18879,1510320000,1510400000,18180,3305
18880,1510400000,1510480000,20913,4005
18881,1510480000,1510560000,17335,3590
18882,1510560000,1510640000,15674,3022
18883,1510640000,1510720000,18917,3437
18884,1510720000,1510800000,22635,4107
18885,1510800000,1510880000,16345,3573
18886,1510880000,1510960000,13636,2584
18887,1510960000,1511040000,19893,3775
18888,1511040000,1511120000,21331,4155
18889,1511120000,1511200000,17023,3559
18890,1511200000,1511280000,13198,2364
18891,1511280000,1511360000,21958,3982
18892,1511360000,1511440000,23651,4301
18893,1511440000,1511520000,16619,3483
18894,1511520000,1511600000,12912,2294
18895,1511600000,1511680000,20386,3971
18896,1511680000,1511760000,22195,4222
18897,1511760000,1511840000,16726,3361
18898,1511840000,1511920000,14096,2485
18899,1511920000,1512000000,22579,3999
18900,1512000000,1512080000,19945,3880
18901,1512080000,1512160000,16714,3443
18902,1512160000,1512240000,14671,2733
18903,1512240000,1512320000,19878,3989
18904,1512320000,1512400000,18674,3620
18905,1512400000,1512480000,16313,3364
18906,1512480000,1512560000,17385,3081
18907,1512560000,1512640000,22705,4006
18908,1512640000,1512720000,17764,3617
18909,1512720000,1512800000,15760,3129
18910,1512800000,1512880000,18038,3305
18911,1512880000,1512960000,20456,4006
18912,1512960000,1513040000,17924,3593
18913,1513040000,1513120000,15480,3022
18914,1513120000,1513200000,19045,3437
18915,1513200000,1513280000,22766,4108
18916,1513280000,1513360000,16571,3568
18917,1513360000,1513440000,12531,2584
18918,1513440000,1513520000,18381,3776
18919,1513520000,1513600000,21002,4149
18920,1513600000,1513680000,16707,3556
18921,1513680000,1513760000,12090,2364
18922,1513760000,1513840000,20903,3987
18923,1513840000,1513920000,23842,4307
18924,1513920000,1514000000,15867,3482
18925,1514000000,1514080000,11933,2294
18926,1514080000,1514160000,19835,3970
18927,1514160000,1514240000,21911,4215
18928,1514240000,1514320000,15555,3361
18929,1514320000,1514400000,12470,2485
18930,1514400000,1514480000,21646,4002
18931,1514480000,1514560000,20052,3885
18932,1514560000,1514640000,15846,3443
18933,1514640000,1514720000,13428,2733
18934,1514720000,1514800000,19350,3992
18935,1514800000,1514880000,18614,3621
18936,1514880000,1514960000,15668,3364
18937,1514960000,1515040000,16295,3081
18938,1515040000,1515120000,22202,4001
18939,1515120000,1515200000,17245,3610
18940,1515200000,1515280000,15747,3129
18941,1515280000,1515360000,17565,3305
18942,1515360000,1515440000,20384,4008
18943,1515440000,1515520000,17464,3599
18944,1515520000,1515600000,15141,3022
18945,1515600000,1515680000,18268,3437
18946,1515680000,1515760000,22703,4107
18947,1515760000,1515840000,16403,3573
18948,1515840000,1515920000,13210,2584
18949,1515920000,1516000000,19431,3775
18950,1516000000,1516080000,20968,4158
18951,1516080000,1516160000,17028,3562
18952,1516160000,1516240000,12657,2364
18953,1516240000,1516320000,21546,3982
18954,1516320000,1516400000,23191,4313
18955,1516400000,1516480000,16276,3483
18956,1516480000,1516560000,12205,2294
18957,1516560000,1516640000,20360,3971
18958,1516640000,1516720000,22026,4222
18959,1516720000,1516800000,15887,3361
18960,1516800000,1516880000,13178,2485
18961,1516880000,1516960000,22586,3999
18962,1516960000,1517040000,19986,3880
18963,1517040000,1517120000,16292,3443
18964,1517120000,1517200000,13900,2733
18965,1517200000,1517280000,19758,3989
18966,1517280000,1517360000,18682,3620
18967,1517360000,1517440000,15962,3364
18968,1517440000,1517520000,16520,3081
18969,1517520000,1517600000,22169,4012
18970,1517600000,1517680000,17788,3617
18971,1517680000,1517760000,15600,3129
18972,1517760000,1517840000,17445,3305
18973,1517840000,1517920000,20610,4006
18974,1517920000,1518000000,17509,3593
18975,1518000000,1518080000,15138,3022
18976,1518080000,1518160000,18258,3437
18977,1518160000,1518240000,22259,4108
18978,1518240000,1518320000,16451,3568
18979,1518320000,1518400000,13287,2584
18980,1518400000,1518480000,19761,3776
18981,1518480000,1518560000,22226,4149
18982,1518560000,1518640000,17202,3556
18983,1518640000,1518720000,12885,2364
18984,1518720000,1518800000,22067,3981
18985,1518800000,1518880000,23885,4307
18986,1518880000,1518960000,16578,3482
18987,1518960000,1519040000,12288,2294
18988,1519040000,1519120000,20315,3970
18989,1519120000,1519200000,22068,4215
18990,1519200000,1519280000,16206,3361
18991,1519280000,1519360000,13173,2485
18992,1519360000,1519440000,22669,4002
18993,1519440000,1519520000,20201,3885
18994,1519520000,1519600000,16363,3443
18995,1519600000,1519680000,14215,2733
18996,1519680000,1519760000,20144,3992
18997,1519760000,1519840000,19060,3621
18998,1519840000,1519920000,16111,3364
18999,1519920000,1520000000,16461,3081
19000,1520000000,1520080000,22728,4001
19001,1520080000,1520160000,17980,3610
19002,1520160000,1520240000,15921,3129
19003,1520240000,1520320000,17811,3305
19004,1520320000,1520400000,20783,4005
19005,1520400000,1520480000,17610,3590
19006,1520480000,1520560000,15396,3022
19007,1520560000,1520640000,18607,3437
19008,1520640000,1520720000,22610,4107
19009,1520720000,1520800000,16365,3573
19010,1520800000,1520880000,13388,2584
19011,1520880000,1520960000,19227,3775
19012,1520960000,1521040000,21255,4158
19013,1521040000,1521120000,16708,3562
19014,1521120000,1521200000,12388,2364
19015,1521200000,1521280000,21389,3982
19016,1521280000,1521360000,23929,4311
19017,1521360000,1521440000,16062,3483
19018,1521440000,1521520000,12135,2294
19019,1521520000,1521600000,19902,3971
19020,1521600000,1521680000,21902,4222
19021,1521680000,1521760000,15973,3361
19022,1521760000,1521840000,13239,2485
19023,1521840000,1521920000,22061,3999
19024,1521920000,1522000000,19843,3880
19025,1522000000,1522080000,16239,3443
19026,1522080000,1522160000,14258,2733
19027,1522160000,1522240000,20023,3989
19028,1522240000,1522320000,18566,3620
19029,1522320000,1522400000,15933,3364
19030,1522400000,1522480000,16716,3081
19031,1522480000,1522560000,22492,4006
19032,1522560000,1522640000,18164,3623
19033,1522640000,1522720000,15601,3129
19034,1522720000,1522800000,17449,3305
19035,1522800000,1522880000,20293,4012
19036,1522880000,1522960000,17858,3593
19037,1522960000,1523040000,15046,3022
19038,1523040000,1523120000,17851,3437
19039,1523120000,1523200000,22769,4108
19040,1523200000,1523280000,16267,3568
19041,1523280000,1523360000,12909,2584
19042,1523360000,1523440000,19032,3776
19043,1523440000,1523520000,21427,4161
19044,1523520000,1523600000,16648,3556
19045,1523600000,1523680000,12499,2364
19046,1523680000,1523760000,21252,3981
19047,1523760000,1523840000,23560,4307
19048,1523840000,1523920000,16019,3482
19049,1523920000,1524000000,12213,2294
19050,1524000000,1524080000,19918,3976
19051,1524080000,1524160000,22132,4221
19052,1524160000,1524240000,15928,3361
19053,1524240000,1524320000,13345,2485
19054,1524320000,1524400000,22413,4002
19055,1524400000,1524480000,19961,3885
19056,1524480000,1524560000,16351,3443
19057,1524560000,1524640000,14153,2733
19058,1524640000,1524720000,20027,3992
19059,1524720000,1524800000,19092,3621
19060,1524800000,1524880000,16237,3364
19061,1524880000,1524960000,16865,3081
19062,1524960000,1525040000,22871,4001
19063,1525040000,1525120000,18002,3610
19064,1525120000,1525200000,15712,3129
19065,1525200000,1525280000,17495,3305
19066,1525280000,1525360000,21163,4005
19067,1525360000,1525440000,17639,3590
19068,1525440000,1525520000,14975,3022
19069,1525520000,1525600000,18184,3437
19070,1525600000,1525680000,22870,4107
19071,1525680000,1525760000,16346,3573
19072,1525760000,1525840000,13139,2584
19073,1525840000,1525920000,19418,3775
19074,1525920000,1526000000,21728,4155
19075,1526000000,1526080000,17010,3559
19076,1526080000,1526160000,12816,2364
19077,1526160000,1526240000,21922,3982
19078,1526240000,1526320000,23621,4301
19079,1526320000,1526400000,16347,3483
19080,1526400000,1526480000,12540,2294
19081,1526480000,1526560000,20517,3971
19082,1526560000,1526640000,22786,4222
19083,1526640000,1526720000,16116,3361
19084,1526720000,1526800000,13651,2485
19085,1526800000,1526880000,22680,4005
19086,1526880000,1526960000,20041,3880
19087,1526960000,1527040000,16544,3443
19088,1527040000,1527120000,14461,2733
19089,1527120000,1527200000,20111,3989
19090,1527200000,1527280000,18770,3620
19091,1527280000,1527360000,16475,3364
19092,1527360000,1527440000,17343,3081
19093,1527440000,1527520000,22282,4006
19094,1527520000,1527600000,17868,3617
19095,1527600000,1527680000,15609,3129
19096,1527680000,1527760000,17276,3305
19097,1527760000,1527840000,20647,4006
19098,1527840000,1527920000,17684,3593
19099,1527920000,1528000000,15131,3022
19100,1528000000,1528080000,18198,3437
19101,1528080000,1528160000,23170,4108
19102,1528160000,1528240000,16186,3568
19103,1528240000,1528320000,13251,2584
19104,1528320000,1528400000,19596,3776
19105,1528400000,1528480000,20912,4149
19106,1528480000,1528560000,17174,3556
19107,1528560000,1528640000,12860,2364
19108,1528640000,1528720000,22077,3981
19109,1528720000,1528800000,23601,4307
19110,1528800000,1528880000,16488,3482
19111,1528880000,1528960000,12759,2294
19112,1528960000,1529040000,20507,3976
19113,1529040000,1529120000,22357,4221
19114,1529120000,1529200000,16359,3361
19115,1529200000,1529280000,13482,2485
19116,1529280000,1529360000,22375,4002
19117,1529360000,1529440000,20235,3885
19118,1529440000,1529520000,16784,3443
19119,1529520000,1529600000,14948,2733
19120,1529600000,1529680000,20191,3992
19121,1529680000,1529760000,18880,3621
19122,1529760000,1529840000,16777,3364
19123,1529840000,1529920000,17065,3081
19124,1529920000,1530000000,23118,4001
19125,1530000000,1530080000,18140,3610
19126,1530080000,1530160000,16085,3129
19127,1530160000,1530240000,18101,3305
19128,1530240000,1530320000,20520,4005
19129,1530320000,1530400000,17582,3590
19130,1530400000,1530480000,15082,3022
19131,1530480000,1530560000,18172,3437
19132,1530560000,1530640000,22824,4119
19133,1530640000,1530720000,16240,3573
19134,1530720000,1530800000,13172,2584
19135,1530800000,1530880000,19430,3775
19136,1530880000,1530960000,22275,4155
19137,1530960000,1531040000,16873,3559
19138,1531040000,1531120000,12712,2364
19139,1531120000,1531200000,21581,3982
19140,1531200000,1531280000,23667,4301
19141,1531280000,1531360000,16348,3483
19142,1531360000,1531440000,12548,2294
19143,1531440000,1531520000,20634,3974
19144,1531520000,1531600000,22616,4225
19145,1531600000,1531680000,16381,3361
19146,1531680000,1531760000,13757,2485
19147,1531760000,1531840000,22770,3999
19148,1531840000,1531920000,19924,3880
19149,1531920000,1532000000,16780,3443
19150,1532000000,1532080000,14844,2733
19151,1532080000,1532160000,20735,3989
19152,1532160000,1532240000,18932,3620
19153,1532240000,1532320000,16301,3364
19154,1532320000,1532400000,16692,3081
19155,1532400000,1532480000,22663,4006
19156,1532480000,1532560000,17907,3623
19157,1532560000,1532640000,15755,3129
19158,1532640000,1532720000,17552,3305
19159,1532720000,1532800000,20859,4006
19160,1532800000,1532880000,17877,3593
19161,1532880000,1532960000,15478,3022
19162,1532960000,1533040000,18671,3437
19163,1533040000,1533120000,22737,4108
19164,1533120000,1533200000,16360,3568
19165,1533200000,1533280000,13155,2584
19166,1533280000,1533360000,19514,3776
19167,1533360000,1533440000,22115,4149
19168,1533440000,1533520000,17002,3556
19169,1533520000,1533600000,12721,2364
19170,1533600000,1533680000,21655,3981
19171,1533680000,1533760000,24013,4307
19172,1533760000,1533840000,16301,3482
19173,1533840000,1533920000,12546,2294
19174,1533920000,1534000000,20753,3970
19175,1534000000,1534080000,22744,4215
19176,1534080000,1534160000,16303,3361
19177,1534160000,1534240000,13634,2485
19178,1534240000,1534320000,22620,4002
19179,1534320000,1534400000,20104,3885
19180,1534400000,1534480000,16544,3443
19181,1534480000,1534560000,14057,2733
19182,1534560000,1534640000,19454,3992
19183,1534640000,1534720000,18821,3621
19184,1534720000,1534800000,16064,3364
19185,1534800000,1534880000,17001,3081
19186,1534880000,1534960000,22581,4001
19187,1534960000,1535040000,17749,3610
19188,1535040000,1535120000,16092,3129
19189,1535120000,1535200000,18260,3305
19190,1535200000,1535280000,21406,4005
19191,1535280000,1535360000,17747,3590
19192,1535360000,1535440000,15524,3022
19193,1535440000,1535520000,18613,3437
19194,1535520000,1535600000,22714,4107
19195,1535600000,1535680000,16656,3579
19196,1535680000,1535760000,13386,2584
19197,1535760000,1535840000,19894,3775
19198,1535840000,1535920000,21841,4155
19199,1535920000,1536000000,17070,3559
19200,1536000000,1536080000,12967,2364
19201,1536080000,1536160000,21570,3982
19202,1536160000,1536240000,23812,4301
19203,1536240000,1536320000,16438,3483
19204,1536320000,1536400000,12586,2294
19205,1536400000,1536480000,20670,3971
19206,1536480000,1536560000,22857,4222
19207,1536560000,1536640000,16165,3361
19208,1536640000,1536720000,13355,2485
19209,1536720000,1536800000,22523,3999
19210,1536800000,1536880000,20241,3880
19211,1536880000,1536960000,16572,3443
19212,1536960000,1537040000,14326,2733
19213,1537040000,1537120000,20314,3989
19214,1537120000,1537200000,19153,3620
19215,1537200000,1537280000,16282,3364
19216,1537280000,1537360000,16667,3081
19217,1537360000,1537440000,22678,4012
19218,1537440000,1537520000,18022,3617
19219,1537520000,1537600000,15942,3129
19220,1537600000,1537680000,17868,3305
19221,1537680000,1537760000,20936,4015
19222,1537760000,1537840000,17758,3596
19223,1537840000,1537920000,15614,3022
19224,1537920000,1538000000,18808,3437
19225,1538000000,1538080000,22813,4108
19226,1538080000,1538160000,16608,3568
19227,1538160000,1538240000,13633,2584
19228,1538240000,1538320000,20115,3776
19229,1538320000,1538400000,22196,4149
19230,1538400000,1538480000,17478,3556
19231,1538480000,1538560000,13217,2364
19232,1538560000,1538640000,22360,3981
19233,1538640000,1538720000,23922,4325
19234,1538720000,1538800000,16881,3482
19235,1538800000,1538880000,12901,2294
19236,1538880000,1538960000,20886,3970
19237,1538960000,1539040000,22430,4215
19238,1539040000,1539120000,16408,3361
19239,1539120000,1539200000,13219,2485
19240,1539200000,1539280000,22408,4002
19241,1539280000,1539360000,20261,3885
19242,1539360000,1539440000,16441,3443
19243,1539440000,1539520000,14639,2733
19244,1539520000,1539600000,20795,3992
19245,1539600000,1539680000,18914,3621
19246,1539680000,1539760000,16473,3364
19247,1539760000,1539840000,17118,3081
19248,1539840000,1539920000,22628,4001
19249,1539920000,1540000000,17798,3610
19250,1540000000,1540080000,16035,3129
19251,1540080000,1540160000,17987,3305
19252,1540160000,1540240000,20837,4005
19253,1540240000,1540320000,17714,3589
19254,1540320000,1540400000,15471,3022
19255,1540400000,1540480000,19123,3437
19256,1540480000,1540560000,23244,4107
19257,1540560000,1540640000,16634,3572
19258,1540640000,1540720000,13602,2584
19259,1540720000,1540800000,20300,3775
19260,1540800000,1540880000,22479,4155
19261,1540880000,1540960000,17251,3558
19262,1540960000,1541040000,13314,2364
19263,1541040000,1541120000,22561,3982
19264,1541120000,1541200000,24258,4301
19265,1541200000,1541280000,16474,3482
19266,1541280000,1541360000,12531,2294
19267,1541360000,1541440000,20412,3971
19268,1541440000,1541520000,22589,4222
19269,1541520000,1541600000,15837,3358
19270,1541600000,1541680000,13358,2485
19271,1541680000,1541760000,22269,3999
19272,1541760000,1541840000,19715,3887
19273,1541840000,1541920000,16182,3439
19274,1541920000,1542000000,14333,2733
19275,1542000000,1542080000,20395,3989
19276,1542080000,1542160000,18936,3617
19277,1542160000,1542240000,16166,3364
19278,1542240000,1542320000,16901,3081
19279,1542320000,1542400000,22615,4006
19280,1542400000,1542480000,17701,3607
19281,1542480000,1542560000,15820,3129
19282,1542560000,1542640000,17967,3305
19283,1542640000,1542720000,20739,4006
19284,1542720000,1542800000,17945,3599
19285,1542800000,1542880000,15345,3022
19286,1542880000,1542960000,18030,3437
19287,1542960000,1543040000,22514,4108
19288,1543040000,1543120000,16539,3568
19289,1543120000,1543200000,13366,2584
19290,1543200000,1543280000,19712,3776
19291,1543280000,1543360000,21990,4149
19292,1543360000,1543440000,17051,3556
19293,1543440000,1543520000,12832,2364
19294,1543520000,1543600000,21410,3981
19295,1543600000,1543680000,24113,4307
19296,1543680000,1543760000,16353,3482
19297,1543760000,1543840000,12385,2294
19298,1543840000,1543920000,20054,3970
19299,1543920000,1544000000,22857,4215
19300,1544000000,1544080000,15997,3361
19301,1544080000,1544160000,13225,2485
19302,1544160000,1544240000,22404,4002
19303,1544240000,1544320000,20164,3885
19304,1544320000,1544400000,16364,3443
19305,1544400000,1544480000,14369,2733
19306,1544480000,1544560000,20134,3992
19307,1544560000,1544640000,19355,3621
19308,1544640000,1544720000,16290,3364
19309,1544720000,1544800000,16824,3081
19310,1544800000,1544880000,22676,4001
19311,1544880000,1544960000,17923,3622
19312,1544960000,1545040000,15891,3129
19313,1545040000,1545120000,17977,3305
19314,1545120000,1545200000,21036,4005
19315,1545200000,1545280000,17746,3590
19316,1545280000,1545360000,15616,3022
19317,1545360000,1545440000,18989,3437
19318,1545440000,1545520000,22773,4107
19319,1545520000,1545600000,16823,3573
19320,1545600000,1545680000,13607,2584
19321,1545680000,1545760000,19716,3775
19322,1545760000,1545840000,21852,4173
19323,1545840000,1545920000,17314,3559
19324,1545920000,1546000000,13089,2364
19325,1546000000,1546080000,21867,3982
19326,1546080000,1546160000,24011,4307
19327,1546160000,1546240000,16616,3483
19328,1546240000,1546320000,12705,2294
19329,1546320000,1546400000,20662,3971
19330,1546400000,1546480000,22043,4222
19331,1546480000,1546560000,16425,3361
19332,1546560000,1546640000,13704,2485
19333,1546640000,1546720000,22792,3999
19334,1546720000,1546800000,20333,3880
19335,1546800000,1546880000,16657,3443
19336,1546880000,1546960000,14221,2733
19337,1546960000,1547040000,20069,3989
19338,1547040000,1547120000,19151,3620
19339,1547120000,1547200000,16239,3364
19340,1547200000,1547280000,17105,3081
19341,1547280000,1547360000,23029,4006
19342,1547360000,1547440000,18463,3617
19343,1547440000,1547520000,15897,3129
19344,1547520000,1547600000,17694,3305
19345,1547600000,1547680000,21267,4006
19346,1547680000,1547760000,18118,3593
19347,1547760000,1547840000,15087,3022
19348,1547840000,1547920000,18219,3437
19349,1547920000,1548000000,22805,4108
19350,1548000000,1548080000,16450,3574
19351,1548080000,1548160000,13066,2584
19352,1548160000,1548240000,19711,3776
19353,1548240000,1548320000,21631,4155
19354,1548320000,1548400000,17276,3556
19355,1548400000,1548480000,12471,2364
19356,1548480000,1548560000,21489,3981
19357,1548560000,1548640000,23758,4307
19358,1548640000,1548720000,16433,3482
19359,1548720000,1548800000,12619,2294
19360,1548800000,1548880000,20385,3970
19361,1548880000,1548960000,23087,4215
19362,1548960000,1549040000,16165,3361
19363,1549040000,1549120000,13453,2485
19364,1549120000,1549200000,22718,4008
19365,1549200000,1549280000,20579,3885
19366,1549280000,1549360000,16457,3443
19367,1549360000,1549440000,14757,2733
19368,1549440000,1549520000,20266,3992
19369,1549520000,1549600000,19352,3621
19370,1549600000,1549680000,16301,3364
19371,1549680000,1549760000,16760,3081
19372,1549760000,1549840000,22972,4001
19373,1549840000,1549920000,18257,3610
19374,1549920000,1550000000,15991,3129
19375,1550000000,1550080000,18260,3305
19376,1550080000,1550160000,20942,4005
19377,1550160000,1550240000,17783,3590
19378,1550240000,1550320000,15330,3022
19379,1550320000,1550400000,18598,3437
19380,1550400000,1550480000,22619,4113
19381,1550480000,1550560000,12158,2830
19382,1550560000,1550640000,7158,2160
19383,1550640000,1550720000,1460,570
