xrun(64): 25.09-s003: (c) Copyright 1995-2026 Cadence Design Systems, Inc.
TOOL:	xrun(64)	25.09-s003: Started on Jun 23, 2026 at 05:45:41 UTC
/eda/cadence/XCELIUM2509/tools.lnx86/inca/bin/64bit/xrun
	-64bit
	-sv
	-licqueue
	-timescale 1ns/1ps
	+access+r
	+define+TRACE=0
	+define+TRACE_VCD=1
	+define+verilog_sim
	+incdir+/tmp/biriscv_mul_update_sim/src/core
	+incdir+/tmp/biriscv_mul_update_sim/tb/tb_matmul_absorbtion
	+incdir+/tmp/biriscv_mul_update_sim/tb/tb_mul
	-xmlibdirname /home/ykaraagac/cadence-bitirme/Flows/NanGate45/biriscv_2mul_vs_hybrid/scripts/cadence/outputs/mul_update_energy_probe_vcds/unrolled_dot16_a04bb61_energy_baseline/work/core_hybrid/xcelium.d
	/tmp/biriscv_mul_update_sim/src/core/biriscv_alu.v
	/tmp/biriscv_mul_update_sim/src/core/biriscv_csr.v
	/tmp/biriscv_mul_update_sim/src/core/biriscv_csr_regfile.v
	/tmp/biriscv_mul_update_sim/src/core/biriscv_decode.v
	/tmp/biriscv_mul_update_sim/src/core/biriscv_decoder.v
	/tmp/biriscv_mul_update_sim/src/core/biriscv_defs.v
	/tmp/biriscv_mul_update_sim/src/core/biriscv_divider.v
	/tmp/biriscv_mul_update_sim/src/core/biriscv_exec.v
	/tmp/biriscv_mul_update_sim/src/core/biriscv_fetch.v
	/tmp/biriscv_mul_update_sim/src/core/biriscv_frontend.v
	/tmp/biriscv_mul_update_sim/src/core/biriscv_issue.v
	/tmp/biriscv_mul_update_sim/src/core/biriscv_lsu.v
	/tmp/biriscv_mul_update_sim/src/core/biriscv_mmu.v
	/tmp/biriscv_mul_update_sim/src/core/biriscv_multiplier.v
	/tmp/biriscv_mul_update_sim/src/core/biriscv_multiplier_array.v
	/tmp/biriscv_mul_update_sim/src/core/biriscv_multiplier_baugh_wooley.v
	/tmp/biriscv_mul_update_sim/src/core/biriscv_multiplier_braun.v
	/tmp/biriscv_mul_update_sim/src/core/biriscv_multiplier_cbm.v
	/tmp/biriscv_mul_update_sim/src/core/biriscv_multiplier_cyclic.v
	/tmp/biriscv_mul_update_sim/src/core/biriscv_multiplier_efficient.v
	/tmp/biriscv_mul_update_sim/src/core/biriscv_multiplier_efficient_2.v
	/tmp/biriscv_mul_update_sim/src/core/biriscv_multiplier_efficient_2_n.v
	/tmp/biriscv_mul_update_sim/src/core/biriscv_multiplier_efficient_3.v
	/tmp/biriscv_mul_update_sim/src/core/biriscv_multiplier_efficient_3_n.v
	/tmp/biriscv_mul_update_sim/src/core/biriscv_multiplier_efficient_5.v
	/tmp/biriscv_mul_update_sim/src/core/biriscv_multiplier_efficient_5_n.v
	/tmp/biriscv_mul_update_sim/src/core/biriscv_multiplier_efficient_n.v
	/tmp/biriscv_mul_update_sim/src/core/biriscv_multiplier_redundant.v
	/tmp/biriscv_mul_update_sim/src/core/biriscv_multiplier_wallace.v
	/tmp/biriscv_mul_update_sim/src/core/biriscv_npc.v
	/tmp/biriscv_mul_update_sim/src/core/biriscv_pipe_ctrl.v
	/tmp/biriscv_mul_update_sim/src/core/biriscv_regfile.v
	/tmp/biriscv_mul_update_sim/src/core/biriscv_trace_sim.v
	/tmp/biriscv_mul_update_sim/src/core/biriscv_xilinx_2r1w.v
	/tmp/biriscv_mul_update_sim/src/core/column_bypass_multiplier.v
	/tmp/biriscv_mul_update_sim/src/core/riscv_core.v
	/home/ykaraagac/cadence-bitirme/Flows/NanGate45/biriscv_2mul_vs_hybrid/scripts/cadence/outputs/mul_update_energy_probe_vcds/unrolled_dot16_a04bb61_energy_baseline/work/core_hybrid/tb_matmul_absorbtion_sanitized.v
	/tmp/biriscv_mul_update_sim/tb/tb_mul/tcm_mem.v
	/tmp/biriscv_mul_update_sim/tb/tb_mul/tcm_mem_ram.v
	-top tb_matmul_absorbtion
	-input "@run; exit"
	-l /home/ykaraagac/cadence-bitirme/Flows/NanGate45/biriscv_2mul_vs_hybrid/scripts/cadence/outputs/mul_update_energy_probe_vcds/unrolled_dot16_a04bb61_energy_baseline/logs/core_hybrid.log
file: /tmp/biriscv_mul_update_sim/src/core/biriscv_alu.v
	module worklib.biriscv_alu:v
		errors: 0, warnings: 0
file: /tmp/biriscv_mul_update_sim/src/core/biriscv_csr.v
	module worklib.biriscv_csr:v
		errors: 0, warnings: 0
file: /tmp/biriscv_mul_update_sim/src/core/biriscv_csr_regfile.v
	module worklib.biriscv_csr_regfile:v
		errors: 0, warnings: 0
file: /tmp/biriscv_mul_update_sim/src/core/biriscv_decode.v
	module worklib.biriscv_decode:v
		errors: 0, warnings: 0
	module worklib.fetch_fifo:v
		errors: 0, warnings: 0
file: /tmp/biriscv_mul_update_sim/src/core/biriscv_decoder.v
	module worklib.biriscv_decoder:v
		errors: 0, warnings: 0
file: /tmp/biriscv_mul_update_sim/src/core/biriscv_defs.v
file: /tmp/biriscv_mul_update_sim/src/core/biriscv_divider.v
	module worklib.biriscv_divider:v
		errors: 0, warnings: 0
file: /tmp/biriscv_mul_update_sim/src/core/biriscv_exec.v
	module worklib.biriscv_exec:v
		errors: 0, warnings: 0
file: /tmp/biriscv_mul_update_sim/src/core/biriscv_fetch.v
	module worklib.biriscv_fetch:v
		errors: 0, warnings: 0
file: /tmp/biriscv_mul_update_sim/src/core/biriscv_frontend.v
	module worklib.biriscv_frontend:v
		errors: 0, warnings: 0
file: /tmp/biriscv_mul_update_sim/src/core/biriscv_issue.v
	module worklib.biriscv_issue:v
		errors: 0, warnings: 0
file: /tmp/biriscv_mul_update_sim/src/core/biriscv_lsu.v
	module worklib.biriscv_lsu:v
		errors: 0, warnings: 0
	module worklib.biriscv_lsu_fifo:v
		errors: 0, warnings: 0
file: /tmp/biriscv_mul_update_sim/src/core/biriscv_mmu.v
	module worklib.biriscv_mmu:v
		errors: 0, warnings: 0
file: /tmp/biriscv_mul_update_sim/src/core/biriscv_multiplier.v
	module worklib.biriscv_multiplier:v
		errors: 0, warnings: 0
file: /tmp/biriscv_mul_update_sim/src/core/biriscv_multiplier_array.v
	module worklib.biriscv_multiplier_array:v
		errors: 0, warnings: 0
file: /tmp/biriscv_mul_update_sim/src/core/biriscv_multiplier_baugh_wooley.v
	module worklib.biriscv_bw_csa64:v
		errors: 0, warnings: 0
	module worklib.biriscv_multiplier_baugh_wooley:v
		errors: 0, warnings: 0
file: /tmp/biriscv_mul_update_sim/src/core/biriscv_multiplier_braun.v
	module worklib.biriscv_mulp_csa64:v
		errors: 0, warnings: 0
	module worklib.biriscv_mulp_rca64:v
		errors: 0, warnings: 0
	module worklib.biriscv_multiplier_braun:v
		errors: 0, warnings: 0
file: /tmp/biriscv_mul_update_sim/src/core/biriscv_multiplier_cbm.v
	module worklib.biriscv_multiplier_cbm:v
		errors: 0, warnings: 0
file: /tmp/biriscv_mul_update_sim/src/core/biriscv_multiplier_cyclic.v
	module worklib.biriscv_multiplier_cyclic:v
		errors: 0, warnings: 0
file: /tmp/biriscv_mul_update_sim/src/core/biriscv_multiplier_efficient.v
	module worklib.biriscv_multiplier_efficient:v
		errors: 0, warnings: 0
file: /tmp/biriscv_mul_update_sim/src/core/biriscv_multiplier_efficient_2.v
	module worklib.biriscv_mule2_csa64:v
		errors: 0, warnings: 0
	module worklib.biriscv_multiplier_efficient_2:v
		errors: 0, warnings: 0
file: /tmp/biriscv_mul_update_sim/src/core/biriscv_multiplier_efficient_2_n.v
	module worklib.biriscv_mule2n_csa64:v
		errors: 0, warnings: 0
	module worklib.biriscv_multiplier_efficient_2_n:v
		errors: 0, warnings: 0
file: /tmp/biriscv_mul_update_sim/src/core/biriscv_multiplier_efficient_3.v
	module worklib.biriscv_mule3_csa64:v
		errors: 0, warnings: 0
	module worklib.biriscv_multiplier_efficient_3:v
		errors: 0, warnings: 0
file: /tmp/biriscv_mul_update_sim/src/core/biriscv_multiplier_efficient_3_n.v
	module worklib.biriscv_mule3n_csa64:v
		errors: 0, warnings: 0
	module worklib.biriscv_multiplier_efficient_3_n:v
		errors: 0, warnings: 0
file: /tmp/biriscv_mul_update_sim/src/core/biriscv_multiplier_efficient_5.v
	module worklib.biriscv_mule5_csa64:v
		errors: 0, warnings: 0
	module worklib.biriscv_multiplier_efficient_5:v
		errors: 0, warnings: 0
file: /tmp/biriscv_mul_update_sim/src/core/biriscv_multiplier_efficient_5_n.v
	module worklib.biriscv_mule5n_csa64:v
		errors: 0, warnings: 0
	module worklib.biriscv_multiplier_efficient_5_n:v
		errors: 0, warnings: 0
file: /tmp/biriscv_mul_update_sim/src/core/biriscv_multiplier_efficient_n.v
	module worklib.biriscv_multiplier_efficient_n:v
		errors: 0, warnings: 0
file: /tmp/biriscv_mul_update_sim/src/core/biriscv_multiplier_redundant.v
	module worklib.biriscv_mulr_csa64:v
		errors: 0, warnings: 0
	module worklib.biriscv_multiplier_redundant:v
		errors: 0, warnings: 0
file: /tmp/biriscv_mul_update_sim/src/core/biriscv_multiplier_wallace.v
	module worklib.biriscv_wallace_csa64:v
		errors: 0, warnings: 0
	module worklib.biriscv_kogge_stone_64:v
		errors: 0, warnings: 0
	module worklib.biriscv_multiplier_wallace:v
		errors: 0, warnings: 0
file: /tmp/biriscv_mul_update_sim/src/core/biriscv_npc.v
	module worklib.biriscv_npc:v
		errors: 0, warnings: 0
	module worklib.biriscv_npc_lfsr:v
		errors: 0, warnings: 0
file: /tmp/biriscv_mul_update_sim/src/core/biriscv_pipe_ctrl.v
	module worklib.biriscv_pipe_ctrl:v
		errors: 0, warnings: 0
file: /tmp/biriscv_mul_update_sim/src/core/biriscv_regfile.v
	module worklib.biriscv_regfile:v
		errors: 0, warnings: 0
file: /tmp/biriscv_mul_update_sim/src/core/biriscv_trace_sim.v
	module worklib.biriscv_trace_sim:v
		errors: 0, warnings: 0
file: /tmp/biriscv_mul_update_sim/src/core/biriscv_xilinx_2r1w.v
	module worklib.biriscv_xilinx_2r1w:v
		errors: 0, warnings: 0
file: /tmp/biriscv_mul_update_sim/src/core/column_bypass_multiplier.v
	module worklib.column_bypass_multiplier:v
		errors: 0, warnings: 0
file: /tmp/biriscv_mul_update_sim/src/core/riscv_core.v
	module worklib.riscv_core:v
		errors: 0, warnings: 0
file: /home/ykaraagac/cadence-bitirme/Flows/NanGate45/biriscv_2mul_vs_hybrid/scripts/cadence/outputs/mul_update_energy_probe_vcds/unrolled_dot16_a04bb61_energy_baseline/work/core_hybrid/tb_matmul_absorbtion_sanitized.v
	module worklib.tb_matmul_absorbtion:v
		errors: 0, warnings: 0
file: /tmp/biriscv_mul_update_sim/tb/tb_mul/tcm_mem.v
	module worklib.tcm_mem:v
		errors: 0, warnings: 0
file: /tmp/biriscv_mul_update_sim/tb/tb_mul/tcm_mem_ram.v
	module worklib.tcm_mem_ram:v
		errors: 0, warnings: 0
xmvlog: *W,SPDUSD: Include directory /tmp/biriscv_mul_update_sim/tb/tb_matmul_absorbtion given but not used.
xmvlog: *W,SPDUSD: Include directory /tmp/biriscv_mul_update_sim/tb/tb_mul given but not used.
	Total errors/warnings found outside modules and primitives:
		errors: 0, warnings: 2
	Elaborating the design hierarchy:
		Caching library 'worklib' ....... Done
	Top level design units:
		worklib.tb_matmul_absorbtion:v (module)
	Building instance overlay tables: .................... Done
	Generating native compiled code:
		worklib.biriscv_alu:v <0x4799038a>
			streams:   2, words:  6022
		worklib.biriscv_exec:v <0x40507c3c>
			streams:  13, words: 25044
		worklib.biriscv_pipe_ctrl:v <0x32cdb2a4>
			streams: 102, words: 77997
		worklib.biriscv_divider:v <0x098a065d>
			streams:  16, words:  9353
		worklib.column_bypass_multiplier:v <0x2d955f0a>
			streams:  26, words: 14604
		worklib.biriscv_multiplier_cbm:v <0x5320c0f8>
			streams:   3, words:   474
		worklib.biriscv_multiplier_cyclic:v <0x0884a7d0>
			streams:  14, words:  6625
		worklib.biriscv_mulp_csa64:v <0x38611470>
			streams:   1, words:   775
		worklib.biriscv_mulr_csa64:v <0x1afa6fe2>
			streams:   1, words:   775
		worklib.biriscv_bw_csa64:v <0x0d2472d0>
			streams:   1, words:   775
		worklib.biriscv_wallace_csa64:v <0x2a280ea4>
			streams:   1, words:   775
		worklib.biriscv_mule5n_csa64:v <0x426c19f9>
			streams:   1, words:   775
		worklib.biriscv_mule5_csa64:v <0x35e66ac6>
			streams:   1, words:   775
		worklib.biriscv_mule3n_csa64:v <0x62182ed2>
			streams:   1, words:   775
		worklib.biriscv_mule3_csa64:v <0x073421f2>
			streams:   1, words:   775
		worklib.biriscv_mule2n_csa64:v <0x39fedc2b>
			streams:   1, words:   775
		worklib.biriscv_mule2_csa64:v <0x0fecc284>
			streams:   1, words:   775
		worklib.biriscv_multiplier_efficient_n:v <0x36a147dc>
			streams:  15, words:  5938
		worklib.biriscv_multiplier_efficient:v <0x0d727306>
			streams:  15, words:  5938
		worklib.biriscv_multiplier:v <0x295a312f>
			streams:  13, words:  6254
		worklib.biriscv_csr_regfile:v <0x31a4598e>
			streams:  16, words: 32385
		worklib.biriscv_csr:v <0x79df0340>
			streams:  39, words: 13820
		worklib.biriscv_lsu_fifo:v <0x2e1f9d54>
			streams:   8, words:  4317
		worklib.biriscv_lsu:v <0x2e37fe1a>
			streams:  31, words: 26828
		worklib.biriscv_mmu:v <0x61fb2807>
			streams:   9, words:  1637
		worklib.biriscv_fetch:v <0x0edf2760>
			streams:  36, words: 12969
		worklib.biriscv_decoder:v <0x056ceae8>
			streams:  21, words: 20178
		worklib.fetch_fifo:v <0x3b238a65>
			streams:  22, words: 12653
		worklib.biriscv_decode:v <0x7df86803>
			streams:   4, words:   785
		worklib.biriscv_npc_lfsr:v <0x3694a442>
			streams:   3, words:   826
		worklib.biriscv_npc:v <0x13e31e93>
			streams:  60, words: 34049
		worklib.biriscv_frontend:v <0x0e84c9de>
			streams:   0, words:     0
		worklib.riscv_core:v <0x6108f700>
			streams:   4, words:   624
		worklib.tb_matmul_absorbtion:v <0x06c21c51>
			streams:  31, words: 30596
		worklib.biriscv_multiplier_efficient_2:v <0x48cbdecd>
			streams:  38, words: 26342
		worklib.biriscv_multiplier_efficient_2_n:v <0x588bb214>
			streams:  38, words: 26342
		worklib.biriscv_multiplier_efficient_3:v <0x71213b71>
			streams:  44, words: 35017
		worklib.biriscv_multiplier_efficient_3_n:v <0x4b96451d>
			streams:  44, words: 35017
		worklib.biriscv_multiplier_efficient_5:v <0x1fba20a9>
			streams:  50, words: 43341
		worklib.biriscv_multiplier_efficient_5_n:v <0x5dc83d5a>
			streams:  50, words: 43341
		worklib.biriscv_multiplier_array:v <0x031ab45d>
			streams:  10, words:  3448
		worklib.biriscv_multiplier_wallace:v <0x6466bf70>
			streams:  15, words:  4093
		worklib.biriscv_multiplier_baugh_wooley:v <0x14dcdf28>
			streams:  11, words:  3942
		worklib.biriscv_kogge_stone_64:v <0x67d88882>
			streams:  17, words:  7304
		worklib.biriscv_multiplier_redundant:v <0x427f4c82>
			streams:  20, words:  5105
		worklib.biriscv_mulp_rca64:v <0x0e523005>
			streams:   2, words:   959
		worklib.biriscv_multiplier_braun:v <0x31a4c1c7>
			streams:   9, words:  3278
		worklib.tcm_mem:v <0x3daadfe2>
			streams:  15, words:  6580
		worklib.tcm_mem_ram:v <0x5d4de0a3>
			streams:  20, words: 15888
		worklib.biriscv_regfile:v <0x29249a92>
			streams:  98, words: 51419
		worklib.biriscv_issue:v <0x08ab8e53>
			streams: 318, words: 150714
	Building instance specific data structures.
	Loading native compiled code:     .................... Done
	Design hierarchy summary:
		                   Instances  Unique
		Modules:                 282      51
		Registers:               777     733
		Scalar wires:          4,857       -
		Expanded wires:          414      12
		Vectored wires:        1,372       -
		Always blocks:           148     159
		Initial blocks:            3       3
		Cont. assignments:     5,487   1,166
		Pseudo assignments:       23       -
		Sparse arrays:             1       -
		Process Clocks:           94       2
		Simulation timescale:    1ps
	Writing initial simulation snapshot: worklib.tb_matmul_absorbtion:v
Loading snapshot worklib.tb_matmul_absorbtion:v .................... Done
xcelium> source /eda/cadence/XCELIUM2509/tools/xcelium/files/xmsimrc
xcelium> run; exit
Starting benchmark runner
xmsim: *W,PRUASZ: Unpacked array at "tb_matmul_absorbtion.mem" of 131073 elements exceeds limit of 16384 - not probed
 Use 'probe -create -unpacked 131073 tb_matmul_absorbtion.mem' or 'setenv SHM_UNPACKED_LIMIT 131073' to adjust limit.
Loaded 1763 bytes from tcm.bin
RAM[0] = 0x000000001440006f
RAM[1] = 0x0000000000000000
RAM[2] = 0x0000000000000000
retire_trace slot=0 cycle=6 pc=0x80000000 opcode=0x1440006f
retire_trace slot=0 cycle=10 pc=0x80000144 opcode=0x00001117
retire_trace slot=0 cycle=11 pc=0x80000148 opcode=0x5ac10113
retire_trace slot=1 cycle=11 pc=0x8000014c opcode=0x00000097
retire_trace slot=0 cycle=14 pc=0x80000150 opcode=0x0d0080e7
retire_trace slot=0 cycle=18 pc=0x8000021c opcode=0x80001737
retire_trace slot=0 cycle=19 pc=0x80000220 opcode=0xff010113
retire_trace slot=1 cycle=19 pc=0x80000224 opcode=0x6f070713
retire_trace slot=0 cycle=22 pc=0x80000228 opcode=0x00112623
retire_trace slot=1 cycle=22 pc=0x8000022c opcode=0x40070613
retire_trace slot=0 cycle=25 pc=0x80000230 opcode=0x00200693
retire_trace slot=1 cycle=25 pc=0x80000234 opcode=0x00100793
retire_trace slot=0 cycle=28 pc=0x80000238 opcode=0x70100813
retire_trace slot=1 cycle=28 pc=0x8000023c opcode=0x03f7f513
retire_trace slot=0 cycle=31 pc=0x80000240 opcode=0x03f6f593
retire_trace slot=1 cycle=31 pc=0x80000244 opcode=0x00a72023
retire_trace slot=0 cycle=34 pc=0x80000248 opcode=0x00b62023
retire_trace slot=1 cycle=34 pc=0x8000024c opcode=0x00778793
retire_trace slot=0 cycle=37 pc=0x80000250 opcode=0x00470713
retire_trace slot=1 cycle=37 pc=0x80000254 opcode=0x00968693
retire_trace slot=0 cycle=40 pc=0x80000258 opcode=0x00460613
retire_trace slot=1 cycle=40 pc=0x8000025c opcode=0xff0790e3
retire_trace slot=0 cycle=43 pc=0x8000023c opcode=0x03f7f513
retire_trace slot=0 cycle=44 pc=0x80000240 opcode=0x03f6f593
retire_trace slot=0 cycle=45 pc=0x80000244 opcode=0x00a72023
retire_trace slot=0 cycle=46 pc=0x80000248 opcode=0x00b62023
retire_trace slot=0 cycle=47 pc=0x8000024c opcode=0x00778793
retire_trace slot=0 cycle=48 pc=0x80000250 opcode=0x00470713
retire_trace slot=0 cycle=49 pc=0x80000254 opcode=0x00968693
retire_trace slot=0 cycle=50 pc=0x80000258 opcode=0x00460613
retire_trace slot=1 cycle=50 pc=0x8000025c opcode=0xff0790e3
retire_trace slot=0 cycle=53 pc=0x8000023c opcode=0x03f7f513
retire_trace slot=0 cycle=54 pc=0x80000240 opcode=0x03f6f593
retire_trace slot=0 cycle=55 pc=0x80000244 opcode=0x00a72023
retire_trace slot=0 cycle=56 pc=0x80000248 opcode=0x00b62023
retire_trace slot=0 cycle=57 pc=0x8000024c opcode=0x00778793
retire_trace slot=0 cycle=58 pc=0x80000250 opcode=0x00470713
retire_trace slot=0 cycle=59 pc=0x80000254 opcode=0x00968693
retire_trace slot=0 cycle=60 pc=0x80000258 opcode=0x00460613
retire_trace slot=1 cycle=60 pc=0x8000025c opcode=0xff0790e3
retire_trace slot=0 cycle=63 pc=0x8000023c opcode=0x03f7f513
retire_trace slot=0 cycle=64 pc=0x80000240 opcode=0x03f6f593
retire_trace slot=0 cycle=65 pc=0x80000244 opcode=0x00a72023
retire_trace slot=0 cycle=66 pc=0x80000248 opcode=0x00b62023
retire_trace slot=0 cycle=67 pc=0x8000024c opcode=0x00778793
retire_trace slot=0 cycle=68 pc=0x80000250 opcode=0x00470713
retire_trace slot=0 cycle=69 pc=0x80000254 opcode=0x00968693
retire_trace slot=0 cycle=70 pc=0x80000258 opcode=0x00460613
retire_trace slot=1 cycle=70 pc=0x8000025c opcode=0xff0790e3
retire_trace slot=0 cycle=73 pc=0x8000023c opcode=0x03f7f513
retire_trace slot=0 cycle=74 pc=0x80000240 opcode=0x03f6f593
retire_trace slot=0 cycle=75 pc=0x80000244 opcode=0x00a72023
retire_trace slot=0 cycle=76 pc=0x80000248 opcode=0x00b62023
retire_trace slot=0 cycle=77 pc=0x8000024c opcode=0x00778793
retire_trace slot=0 cycle=78 pc=0x80000250 opcode=0x00470713
retire_trace slot=0 cycle=79 pc=0x80000254 opcode=0x00968693
retire_trace slot=0 cycle=80 pc=0x80000258 opcode=0x00460613
retire_trace slot=1 cycle=80 pc=0x8000025c opcode=0xff0790e3
retire_trace slot=0 cycle=83 pc=0x8000023c opcode=0x03f7f513
retire_trace slot=0 cycle=84 pc=0x80000240 opcode=0x03f6f593
retire_trace slot=0 cycle=85 pc=0x80000244 opcode=0x00a72023
retire_trace slot=0 cycle=86 pc=0x80000248 opcode=0x00b62023
retire_trace slot=0 cycle=87 pc=0x8000024c opcode=0x00778793
retire_trace slot=0 cycle=88 pc=0x80000250 opcode=0x00470713
retire_trace slot=0 cycle=89 pc=0x80000254 opcode=0x00968693
retire_trace slot=0 cycle=90 pc=0x80000258 opcode=0x00460613
retire_trace slot=1 cycle=90 pc=0x8000025c opcode=0xff0790e3
retire_trace slot=0 cycle=93 pc=0x8000023c opcode=0x03f7f513
retire_trace slot=0 cycle=94 pc=0x80000240 opcode=0x03f6f593
retire_trace slot=0 cycle=95 pc=0x80000244 opcode=0x00a72023
retire_trace slot=0 cycle=96 pc=0x80000248 opcode=0x00b62023
retire_trace slot=0 cycle=97 pc=0x8000024c opcode=0x00778793
retire_trace slot=0 cycle=98 pc=0x80000250 opcode=0x00470713
retire_trace slot=0 cycle=99 pc=0x80000254 opcode=0x00968693
retire_trace slot=0 cycle=100 pc=0x80000258 opcode=0x00460613
retire_trace slot=1 cycle=100 pc=0x8000025c opcode=0xff0790e3
retire_trace slot=0 cycle=103 pc=0x8000023c opcode=0x03f7f513
retire_trace slot=0 cycle=104 pc=0x80000240 opcode=0x03f6f593
retire_trace slot=0 cycle=105 pc=0x80000244 opcode=0x00a72023
retire_trace slot=0 cycle=106 pc=0x80000248 opcode=0x00b62023
retire_trace slot=0 cycle=107 pc=0x8000024c opcode=0x00778793
retire_trace slot=0 cycle=108 pc=0x80000250 opcode=0x00470713
retire_trace slot=0 cycle=109 pc=0x80000254 opcode=0x00968693
retire_trace slot=0 cycle=110 pc=0x80000258 opcode=0x00460613
retire_trace slot=1 cycle=110 pc=0x8000025c opcode=0xff0790e3
retire_trace slot=0 cycle=113 pc=0x8000023c opcode=0x03f7f513
retire_trace slot=0 cycle=114 pc=0x80000240 opcode=0x03f6f593
retire_trace slot=0 cycle=115 pc=0x80000244 opcode=0x00a72023
retire_trace slot=0 cycle=116 pc=0x80000248 opcode=0x00b62023
retire_trace slot=0 cycle=117 pc=0x8000024c opcode=0x00778793
retire_trace slot=0 cycle=118 pc=0x80000250 opcode=0x00470713
retire_trace slot=0 cycle=119 pc=0x80000254 opcode=0x00968693
retire_trace slot=0 cycle=120 pc=0x80000258 opcode=0x00460613
retire_trace slot=1 cycle=120 pc=0x8000025c opcode=0xff0790e3
retire_trace slot=0 cycle=123 pc=0x8000023c opcode=0x03f7f513
retire_trace slot=0 cycle=124 pc=0x80000240 opcode=0x03f6f593
retire_trace slot=0 cycle=125 pc=0x80000244 opcode=0x00a72023
retire_trace slot=0 cycle=126 pc=0x80000248 opcode=0x00b62023
retire_trace slot=0 cycle=127 pc=0x8000024c opcode=0x00778793
retire_trace slot=0 cycle=128 pc=0x80000250 opcode=0x00470713
retire_trace slot=0 cycle=129 pc=0x80000254 opcode=0x00968693
retire_trace slot=0 cycle=130 pc=0x80000258 opcode=0x00460613
retire_trace slot=1 cycle=130 pc=0x8000025c opcode=0xff0790e3
retire_trace slot=0 cycle=133 pc=0x8000023c opcode=0x03f7f513
retire_trace slot=0 cycle=134 pc=0x80000240 opcode=0x03f6f593
retire_trace slot=0 cycle=135 pc=0x80000244 opcode=0x00a72023
retire_trace slot=0 cycle=136 pc=0x80000248 opcode=0x00b62023
retire_trace slot=0 cycle=137 pc=0x8000024c opcode=0x00778793
retire_trace slot=0 cycle=138 pc=0x80000250 opcode=0x00470713
retire_trace slot=0 cycle=139 pc=0x80000254 opcode=0x00968693
retire_trace slot=0 cycle=140 pc=0x80000258 opcode=0x00460613
retire_trace slot=1 cycle=140 pc=0x8000025c opcode=0xff0790e3
retire_trace slot=0 cycle=143 pc=0x8000023c opcode=0x03f7f513
retire_trace slot=0 cycle=144 pc=0x80000240 opcode=0x03f6f593
retire_trace slot=0 cycle=145 pc=0x80000244 opcode=0x00a72023
retire_trace slot=0 cycle=146 pc=0x80000248 opcode=0x00b62023
retire_trace slot=0 cycle=147 pc=0x8000024c opcode=0x00778793
retire_trace slot=0 cycle=148 pc=0x80000250 opcode=0x00470713
retire_trace slot=0 cycle=149 pc=0x80000254 opcode=0x00968693
retire_trace slot=0 cycle=150 pc=0x80000258 opcode=0x00460613
retire_trace slot=1 cycle=150 pc=0x8000025c opcode=0xff0790e3
retire_trace slot=0 cycle=153 pc=0x8000023c opcode=0x03f7f513
retire_trace slot=0 cycle=154 pc=0x80000240 opcode=0x03f6f593
retire_trace slot=0 cycle=155 pc=0x80000244 opcode=0x00a72023
retire_trace slot=0 cycle=156 pc=0x80000248 opcode=0x00b62023
retire_trace slot=0 cycle=157 pc=0x8000024c opcode=0x00778793
retire_trace slot=0 cycle=158 pc=0x80000250 opcode=0x00470713
retire_trace slot=0 cycle=159 pc=0x80000254 opcode=0x00968693
retire_trace slot=0 cycle=160 pc=0x80000258 opcode=0x00460613
retire_trace slot=1 cycle=160 pc=0x8000025c opcode=0xff0790e3
retire_trace slot=0 cycle=163 pc=0x8000023c opcode=0x03f7f513
retire_trace slot=0 cycle=164 pc=0x80000240 opcode=0x03f6f593
retire_trace slot=0 cycle=165 pc=0x80000244 opcode=0x00a72023
retire_trace slot=0 cycle=166 pc=0x80000248 opcode=0x00b62023
retire_trace slot=0 cycle=167 pc=0x8000024c opcode=0x00778793
retire_trace slot=0 cycle=168 pc=0x80000250 opcode=0x00470713
retire_trace slot=0 cycle=169 pc=0x80000254 opcode=0x00968693
retire_trace slot=0 cycle=170 pc=0x80000258 opcode=0x00460613
retire_trace slot=1 cycle=170 pc=0x8000025c opcode=0xff0790e3
retire_trace slot=0 cycle=173 pc=0x8000023c opcode=0x03f7f513
retire_trace slot=0 cycle=174 pc=0x80000240 opcode=0x03f6f593
retire_trace slot=0 cycle=175 pc=0x80000244 opcode=0x00a72023
retire_trace slot=0 cycle=176 pc=0x80000248 opcode=0x00b62023
retire_trace slot=0 cycle=177 pc=0x8000024c opcode=0x00778793
retire_trace slot=0 cycle=178 pc=0x80000250 opcode=0x00470713
retire_trace slot=0 cycle=179 pc=0x80000254 opcode=0x00968693
retire_trace slot=0 cycle=180 pc=0x80000258 opcode=0x00460613
retire_trace slot=1 cycle=180 pc=0x8000025c opcode=0xff0790e3
retire_trace slot=0 cycle=183 pc=0x8000023c opcode=0x03f7f513
retire_trace slot=0 cycle=184 pc=0x80000240 opcode=0x03f6f593
retire_trace slot=0 cycle=185 pc=0x80000244 opcode=0x00a72023
retire_trace slot=0 cycle=186 pc=0x80000248 opcode=0x00b62023
retire_trace slot=0 cycle=187 pc=0x8000024c opcode=0x00778793
retire_trace slot=0 cycle=188 pc=0x80000250 opcode=0x00470713
retire_trace slot=0 cycle=189 pc=0x80000254 opcode=0x00968693
retire_trace slot=0 cycle=190 pc=0x80000258 opcode=0x00460613
retire_trace slot=1 cycle=190 pc=0x8000025c opcode=0xff0790e3
retire_trace slot=0 cycle=193 pc=0x8000023c opcode=0x03f7f513
retire_trace slot=0 cycle=194 pc=0x80000240 opcode=0x03f6f593
retire_trace slot=0 cycle=195 pc=0x80000244 opcode=0x00a72023
retire_trace slot=0 cycle=196 pc=0x80000248 opcode=0x00b62023
retire_trace slot=0 cycle=197 pc=0x8000024c opcode=0x00778793
retire_trace slot=0 cycle=198 pc=0x80000250 opcode=0x00470713
retire_trace slot=0 cycle=199 pc=0x80000254 opcode=0x00968693
retire_trace slot=0 cycle=200 pc=0x80000258 opcode=0x00460613
retire_trace slot=1 cycle=200 pc=0x8000025c opcode=0xff0790e3
retire_trace slot=0 cycle=203 pc=0x8000023c opcode=0x03f7f513
retire_trace slot=0 cycle=204 pc=0x80000240 opcode=0x03f6f593
retire_trace slot=0 cycle=205 pc=0x80000244 opcode=0x00a72023
retire_trace slot=0 cycle=206 pc=0x80000248 opcode=0x00b62023
retire_trace slot=0 cycle=207 pc=0x8000024c opcode=0x00778793
retire_trace slot=0 cycle=208 pc=0x80000250 opcode=0x00470713
retire_trace slot=0 cycle=209 pc=0x80000254 opcode=0x00968693
retire_trace slot=0 cycle=210 pc=0x80000258 opcode=0x00460613
retire_trace slot=1 cycle=210 pc=0x8000025c opcode=0xff0790e3
retire_trace slot=0 cycle=213 pc=0x8000023c opcode=0x03f7f513
retire_trace slot=0 cycle=214 pc=0x80000240 opcode=0x03f6f593
retire_trace slot=0 cycle=215 pc=0x80000244 opcode=0x00a72023
retire_trace slot=0 cycle=216 pc=0x80000248 opcode=0x00b62023
retire_trace slot=0 cycle=217 pc=0x8000024c opcode=0x00778793
retire_trace slot=0 cycle=218 pc=0x80000250 opcode=0x00470713
retire_trace slot=0 cycle=219 pc=0x80000254 opcode=0x00968693
retire_trace slot=0 cycle=220 pc=0x80000258 opcode=0x00460613
retire_trace slot=1 cycle=220 pc=0x8000025c opcode=0xff0790e3
retire_trace slot=0 cycle=223 pc=0x8000023c opcode=0x03f7f513
retire_trace slot=0 cycle=224 pc=0x80000240 opcode=0x03f6f593
retire_trace slot=0 cycle=225 pc=0x80000244 opcode=0x00a72023
retire_trace slot=0 cycle=226 pc=0x80000248 opcode=0x00b62023
retire_trace slot=0 cycle=227 pc=0x8000024c opcode=0x00778793
retire_trace slot=0 cycle=228 pc=0x80000250 opcode=0x00470713
retire_trace slot=0 cycle=229 pc=0x80000254 opcode=0x00968693
retire_trace slot=0 cycle=230 pc=0x80000258 opcode=0x00460613
retire_trace slot=1 cycle=230 pc=0x8000025c opcode=0xff0790e3
retire_trace slot=0 cycle=233 pc=0x8000023c opcode=0x03f7f513
retire_trace slot=0 cycle=234 pc=0x80000240 opcode=0x03f6f593
retire_trace slot=0 cycle=235 pc=0x80000244 opcode=0x00a72023
retire_trace slot=0 cycle=236 pc=0x80000248 opcode=0x00b62023
retire_trace slot=0 cycle=237 pc=0x8000024c opcode=0x00778793
retire_trace slot=0 cycle=238 pc=0x80000250 opcode=0x00470713
retire_trace slot=0 cycle=239 pc=0x80000254 opcode=0x00968693
retire_trace slot=0 cycle=240 pc=0x80000258 opcode=0x00460613
retire_trace slot=1 cycle=240 pc=0x8000025c opcode=0xff0790e3
retire_trace slot=0 cycle=243 pc=0x8000023c opcode=0x03f7f513
retire_trace slot=0 cycle=244 pc=0x80000240 opcode=0x03f6f593
retire_trace slot=0 cycle=245 pc=0x80000244 opcode=0x00a72023
retire_trace slot=0 cycle=246 pc=0x80000248 opcode=0x00b62023
retire_trace slot=0 cycle=247 pc=0x8000024c opcode=0x00778793
retire_trace slot=0 cycle=248 pc=0x80000250 opcode=0x00470713
retire_trace slot=0 cycle=249 pc=0x80000254 opcode=0x00968693
retire_trace slot=0 cycle=250 pc=0x80000258 opcode=0x00460613
retire_trace slot=1 cycle=250 pc=0x8000025c opcode=0xff0790e3
retire_trace slot=0 cycle=253 pc=0x8000023c opcode=0x03f7f513
retire_trace slot=0 cycle=254 pc=0x80000240 opcode=0x03f6f593
retire_trace slot=0 cycle=255 pc=0x80000244 opcode=0x00a72023
retire_trace slot=0 cycle=256 pc=0x80000248 opcode=0x00b62023
retire_trace slot=0 cycle=257 pc=0x8000024c opcode=0x00778793
retire_trace slot=0 cycle=258 pc=0x80000250 opcode=0x00470713
retire_trace slot=0 cycle=259 pc=0x80000254 opcode=0x00968693
retire_trace slot=0 cycle=260 pc=0x80000258 opcode=0x00460613
retire_trace slot=1 cycle=260 pc=0x8000025c opcode=0xff0790e3
retire_trace slot=0 cycle=263 pc=0x8000023c opcode=0x03f7f513
retire_trace slot=0 cycle=264 pc=0x80000240 opcode=0x03f6f593
retire_trace slot=0 cycle=265 pc=0x80000244 opcode=0x00a72023
retire_trace slot=0 cycle=266 pc=0x80000248 opcode=0x00b62023
retire_trace slot=0 cycle=267 pc=0x8000024c opcode=0x00778793
retire_trace slot=0 cycle=268 pc=0x80000250 opcode=0x00470713
retire_trace slot=0 cycle=269 pc=0x80000254 opcode=0x00968693
retire_trace slot=0 cycle=270 pc=0x80000258 opcode=0x00460613
retire_trace slot=1 cycle=270 pc=0x8000025c opcode=0xff0790e3
retire_trace slot=0 cycle=273 pc=0x8000023c opcode=0x03f7f513
retire_trace slot=0 cycle=274 pc=0x80000240 opcode=0x03f6f593
retire_trace slot=0 cycle=275 pc=0x80000244 opcode=0x00a72023
retire_trace slot=0 cycle=276 pc=0x80000248 opcode=0x00b62023
retire_trace slot=0 cycle=277 pc=0x8000024c opcode=0x00778793
retire_trace slot=0 cycle=278 pc=0x80000250 opcode=0x00470713
retire_trace slot=0 cycle=279 pc=0x80000254 opcode=0x00968693
retire_trace slot=0 cycle=280 pc=0x80000258 opcode=0x00460613
retire_trace slot=1 cycle=280 pc=0x8000025c opcode=0xff0790e3
retire_trace slot=0 cycle=283 pc=0x8000023c opcode=0x03f7f513
retire_trace slot=0 cycle=284 pc=0x80000240 opcode=0x03f6f593
retire_trace slot=0 cycle=285 pc=0x80000244 opcode=0x00a72023
retire_trace slot=0 cycle=286 pc=0x80000248 opcode=0x00b62023
retire_trace slot=0 cycle=287 pc=0x8000024c opcode=0x00778793
retire_trace slot=0 cycle=288 pc=0x80000250 opcode=0x00470713
retire_trace slot=0 cycle=289 pc=0x80000254 opcode=0x00968693
retire_trace slot=0 cycle=290 pc=0x80000258 opcode=0x00460613
retire_trace slot=1 cycle=290 pc=0x8000025c opcode=0xff0790e3
retire_trace slot=0 cycle=293 pc=0x8000023c opcode=0x03f7f513
retire_trace slot=0 cycle=294 pc=0x80000240 opcode=0x03f6f593
retire_trace slot=0 cycle=295 pc=0x80000244 opcode=0x00a72023
retire_trace slot=0 cycle=296 pc=0x80000248 opcode=0x00b62023
retire_trace slot=0 cycle=297 pc=0x8000024c opcode=0x00778793
retire_trace slot=0 cycle=298 pc=0x80000250 opcode=0x00470713
retire_trace slot=0 cycle=299 pc=0x80000254 opcode=0x00968693
retire_trace slot=0 cycle=300 pc=0x80000258 opcode=0x00460613
retire_trace slot=1 cycle=300 pc=0x8000025c opcode=0xff0790e3
retire_trace slot=0 cycle=303 pc=0x8000023c opcode=0x03f7f513
retire_trace slot=0 cycle=304 pc=0x80000240 opcode=0x03f6f593
retire_trace slot=0 cycle=305 pc=0x80000244 opcode=0x00a72023
retire_trace slot=0 cycle=306 pc=0x80000248 opcode=0x00b62023
retire_trace slot=0 cycle=307 pc=0x8000024c opcode=0x00778793
retire_trace slot=0 cycle=308 pc=0x80000250 opcode=0x00470713
retire_trace slot=0 cycle=309 pc=0x80000254 opcode=0x00968693
retire_trace slot=0 cycle=310 pc=0x80000258 opcode=0x00460613
retire_trace slot=1 cycle=310 pc=0x8000025c opcode=0xff0790e3
retire_trace slot=0 cycle=313 pc=0x8000023c opcode=0x03f7f513
retire_trace slot=0 cycle=314 pc=0x80000240 opcode=0x03f6f593
retire_trace slot=0 cycle=315 pc=0x80000244 opcode=0x00a72023
retire_trace slot=0 cycle=316 pc=0x80000248 opcode=0x00b62023
retire_trace slot=0 cycle=317 pc=0x8000024c opcode=0x00778793
retire_trace slot=0 cycle=318 pc=0x80000250 opcode=0x00470713
retire_trace slot=0 cycle=319 pc=0x80000254 opcode=0x00968693
retire_trace slot=0 cycle=320 pc=0x80000258 opcode=0x00460613
retire_trace slot=1 cycle=320 pc=0x8000025c opcode=0xff0790e3
retire_trace slot=0 cycle=323 pc=0x8000023c opcode=0x03f7f513
retire_trace slot=0 cycle=324 pc=0x80000240 opcode=0x03f6f593
retire_trace slot=0 cycle=325 pc=0x80000244 opcode=0x00a72023
retire_trace slot=0 cycle=326 pc=0x80000248 opcode=0x00b62023
retire_trace slot=0 cycle=327 pc=0x8000024c opcode=0x00778793
retire_trace slot=0 cycle=328 pc=0x80000250 opcode=0x00470713
retire_trace slot=0 cycle=329 pc=0x80000254 opcode=0x00968693
retire_trace slot=0 cycle=330 pc=0x80000258 opcode=0x00460613
retire_trace slot=1 cycle=330 pc=0x8000025c opcode=0xff0790e3
retire_trace slot=0 cycle=333 pc=0x8000023c opcode=0x03f7f513
retire_trace slot=0 cycle=334 pc=0x80000240 opcode=0x03f6f593
retire_trace slot=0 cycle=335 pc=0x80000244 opcode=0x00a72023
retire_trace slot=0 cycle=336 pc=0x80000248 opcode=0x00b62023
retire_trace slot=0 cycle=337 pc=0x8000024c opcode=0x00778793
retire_trace slot=0 cycle=338 pc=0x80000250 opcode=0x00470713
retire_trace slot=0 cycle=339 pc=0x80000254 opcode=0x00968693
retire_trace slot=0 cycle=340 pc=0x80000258 opcode=0x00460613
retire_trace slot=1 cycle=340 pc=0x8000025c opcode=0xff0790e3
retire_trace slot=0 cycle=343 pc=0x8000023c opcode=0x03f7f513
retire_trace slot=0 cycle=344 pc=0x80000240 opcode=0x03f6f593
retire_trace slot=0 cycle=345 pc=0x80000244 opcode=0x00a72023
retire_trace slot=0 cycle=346 pc=0x80000248 opcode=0x00b62023
retire_trace slot=0 cycle=347 pc=0x8000024c opcode=0x00778793
retire_trace slot=0 cycle=348 pc=0x80000250 opcode=0x00470713
retire_trace slot=0 cycle=349 pc=0x80000254 opcode=0x00968693
retire_trace slot=0 cycle=350 pc=0x80000258 opcode=0x00460613
retire_trace slot=1 cycle=350 pc=0x8000025c opcode=0xff0790e3
retire_trace slot=0 cycle=353 pc=0x8000023c opcode=0x03f7f513
retire_trace slot=0 cycle=354 pc=0x80000240 opcode=0x03f6f593
retire_trace slot=0 cycle=355 pc=0x80000244 opcode=0x00a72023
retire_trace slot=0 cycle=356 pc=0x80000248 opcode=0x00b62023
retire_trace slot=0 cycle=357 pc=0x8000024c opcode=0x00778793
retire_trace slot=0 cycle=358 pc=0x80000250 opcode=0x00470713
retire_trace slot=0 cycle=359 pc=0x80000254 opcode=0x00968693
retire_trace slot=0 cycle=360 pc=0x80000258 opcode=0x00460613
retire_trace slot=1 cycle=360 pc=0x8000025c opcode=0xff0790e3
retire_trace slot=0 cycle=363 pc=0x8000023c opcode=0x03f7f513
retire_trace slot=0 cycle=364 pc=0x80000240 opcode=0x03f6f593
retire_trace slot=0 cycle=365 pc=0x80000244 opcode=0x00a72023
retire_trace slot=0 cycle=366 pc=0x80000248 opcode=0x00b62023
retire_trace slot=0 cycle=367 pc=0x8000024c opcode=0x00778793
retire_trace slot=0 cycle=368 pc=0x80000250 opcode=0x00470713
retire_trace slot=0 cycle=369 pc=0x80000254 opcode=0x00968693
retire_trace slot=0 cycle=370 pc=0x80000258 opcode=0x00460613
retire_trace slot=1 cycle=370 pc=0x8000025c opcode=0xff0790e3
retire_trace slot=0 cycle=373 pc=0x8000023c opcode=0x03f7f513
retire_trace slot=0 cycle=374 pc=0x80000240 opcode=0x03f6f593
retire_trace slot=0 cycle=375 pc=0x80000244 opcode=0x00a72023
retire_trace slot=0 cycle=376 pc=0x80000248 opcode=0x00b62023
retire_trace slot=0 cycle=377 pc=0x8000024c opcode=0x00778793
retire_trace slot=0 cycle=378 pc=0x80000250 opcode=0x00470713
retire_trace slot=0 cycle=379 pc=0x80000254 opcode=0x00968693
retire_trace slot=0 cycle=380 pc=0x80000258 opcode=0x00460613
retire_trace slot=1 cycle=380 pc=0x8000025c opcode=0xff0790e3
retire_trace slot=0 cycle=383 pc=0x8000023c opcode=0x03f7f513
retire_trace slot=0 cycle=384 pc=0x80000240 opcode=0x03f6f593
retire_trace slot=0 cycle=385 pc=0x80000244 opcode=0x00a72023
retire_trace slot=0 cycle=386 pc=0x80000248 opcode=0x00b62023
retire_trace slot=0 cycle=387 pc=0x8000024c opcode=0x00778793
retire_trace slot=0 cycle=388 pc=0x80000250 opcode=0x00470713
retire_trace slot=0 cycle=389 pc=0x80000254 opcode=0x00968693
retire_trace slot=0 cycle=390 pc=0x80000258 opcode=0x00460613
retire_trace slot=1 cycle=390 pc=0x8000025c opcode=0xff0790e3
retire_trace slot=0 cycle=393 pc=0x8000023c opcode=0x03f7f513
retire_trace slot=0 cycle=394 pc=0x80000240 opcode=0x03f6f593
retire_trace slot=0 cycle=395 pc=0x80000244 opcode=0x00a72023
retire_trace slot=0 cycle=396 pc=0x80000248 opcode=0x00b62023
retire_trace slot=0 cycle=397 pc=0x8000024c opcode=0x00778793
retire_trace slot=0 cycle=398 pc=0x80000250 opcode=0x00470713
retire_trace slot=0 cycle=399 pc=0x80000254 opcode=0x00968693
retire_trace slot=0 cycle=400 pc=0x80000258 opcode=0x00460613
retire_trace slot=1 cycle=400 pc=0x8000025c opcode=0xff0790e3
retire_trace slot=0 cycle=403 pc=0x8000023c opcode=0x03f7f513
retire_trace slot=0 cycle=404 pc=0x80000240 opcode=0x03f6f593
retire_trace slot=0 cycle=405 pc=0x80000244 opcode=0x00a72023
retire_trace slot=0 cycle=406 pc=0x80000248 opcode=0x00b62023
retire_trace slot=0 cycle=407 pc=0x8000024c opcode=0x00778793
retire_trace slot=0 cycle=408 pc=0x80000250 opcode=0x00470713
retire_trace slot=0 cycle=409 pc=0x80000254 opcode=0x00968693
retire_trace slot=0 cycle=410 pc=0x80000258 opcode=0x00460613
retire_trace slot=1 cycle=410 pc=0x8000025c opcode=0xff0790e3
retire_trace slot=0 cycle=413 pc=0x8000023c opcode=0x03f7f513
retire_trace slot=0 cycle=414 pc=0x80000240 opcode=0x03f6f593
retire_trace slot=0 cycle=415 pc=0x80000244 opcode=0x00a72023
retire_trace slot=0 cycle=416 pc=0x80000248 opcode=0x00b62023
retire_trace slot=0 cycle=417 pc=0x8000024c opcode=0x00778793
retire_trace slot=0 cycle=418 pc=0x80000250 opcode=0x00470713
retire_trace slot=0 cycle=419 pc=0x80000254 opcode=0x00968693
retire_trace slot=0 cycle=420 pc=0x80000258 opcode=0x00460613
retire_trace slot=1 cycle=420 pc=0x8000025c opcode=0xff0790e3
retire_trace slot=0 cycle=423 pc=0x8000023c opcode=0x03f7f513
retire_trace slot=0 cycle=424 pc=0x80000240 opcode=0x03f6f593
retire_trace slot=0 cycle=425 pc=0x80000244 opcode=0x00a72023
retire_trace slot=0 cycle=426 pc=0x80000248 opcode=0x00b62023
retire_trace slot=0 cycle=427 pc=0x8000024c opcode=0x00778793
retire_trace slot=0 cycle=428 pc=0x80000250 opcode=0x00470713
retire_trace slot=0 cycle=429 pc=0x80000254 opcode=0x00968693
retire_trace slot=0 cycle=430 pc=0x80000258 opcode=0x00460613
retire_trace slot=1 cycle=430 pc=0x8000025c opcode=0xff0790e3
retire_trace slot=0 cycle=433 pc=0x8000023c opcode=0x03f7f513
retire_trace slot=0 cycle=434 pc=0x80000240 opcode=0x03f6f593
retire_trace slot=0 cycle=435 pc=0x80000244 opcode=0x00a72023
retire_trace slot=0 cycle=436 pc=0x80000248 opcode=0x00b62023
retire_trace slot=0 cycle=437 pc=0x8000024c opcode=0x00778793
retire_trace slot=0 cycle=438 pc=0x80000250 opcode=0x00470713
retire_trace slot=0 cycle=439 pc=0x80000254 opcode=0x00968693
retire_trace slot=0 cycle=440 pc=0x80000258 opcode=0x00460613
retire_trace slot=1 cycle=440 pc=0x8000025c opcode=0xff0790e3
retire_trace slot=0 cycle=443 pc=0x8000023c opcode=0x03f7f513
retire_trace slot=0 cycle=444 pc=0x80000240 opcode=0x03f6f593
retire_trace slot=0 cycle=445 pc=0x80000244 opcode=0x00a72023
retire_trace slot=0 cycle=446 pc=0x80000248 opcode=0x00b62023
retire_trace slot=0 cycle=447 pc=0x8000024c opcode=0x00778793
retire_trace slot=0 cycle=448 pc=0x80000250 opcode=0x00470713
retire_trace slot=0 cycle=449 pc=0x80000254 opcode=0x00968693
retire_trace slot=0 cycle=450 pc=0x80000258 opcode=0x00460613
retire_trace slot=1 cycle=450 pc=0x8000025c opcode=0xff0790e3
retire_trace slot=0 cycle=453 pc=0x8000023c opcode=0x03f7f513
retire_trace slot=0 cycle=454 pc=0x80000240 opcode=0x03f6f593
retire_trace slot=0 cycle=455 pc=0x80000244 opcode=0x00a72023
retire_trace slot=0 cycle=456 pc=0x80000248 opcode=0x00b62023
retire_trace slot=0 cycle=457 pc=0x8000024c opcode=0x00778793
retire_trace slot=0 cycle=458 pc=0x80000250 opcode=0x00470713
retire_trace slot=0 cycle=459 pc=0x80000254 opcode=0x00968693
retire_trace slot=0 cycle=460 pc=0x80000258 opcode=0x00460613
retire_trace slot=1 cycle=460 pc=0x8000025c opcode=0xff0790e3
retire_trace slot=0 cycle=463 pc=0x8000023c opcode=0x03f7f513
retire_trace slot=0 cycle=464 pc=0x80000240 opcode=0x03f6f593
retire_trace slot=0 cycle=465 pc=0x80000244 opcode=0x00a72023
retire_trace slot=0 cycle=466 pc=0x80000248 opcode=0x00b62023
retire_trace slot=0 cycle=467 pc=0x8000024c opcode=0x00778793
retire_trace slot=0 cycle=468 pc=0x80000250 opcode=0x00470713
retire_trace slot=0 cycle=469 pc=0x80000254 opcode=0x00968693
retire_trace slot=0 cycle=470 pc=0x80000258 opcode=0x00460613
retire_trace slot=1 cycle=470 pc=0x8000025c opcode=0xff0790e3
retire_trace slot=0 cycle=473 pc=0x8000023c opcode=0x03f7f513
retire_trace slot=0 cycle=474 pc=0x80000240 opcode=0x03f6f593
retire_trace slot=0 cycle=475 pc=0x80000244 opcode=0x00a72023
retire_trace slot=0 cycle=476 pc=0x80000248 opcode=0x00b62023
retire_trace slot=0 cycle=477 pc=0x8000024c opcode=0x00778793
retire_trace slot=0 cycle=478 pc=0x80000250 opcode=0x00470713
retire_trace slot=0 cycle=479 pc=0x80000254 opcode=0x00968693
retire_trace slot=0 cycle=480 pc=0x80000258 opcode=0x00460613
retire_trace slot=1 cycle=480 pc=0x8000025c opcode=0xff0790e3
retire_trace slot=0 cycle=483 pc=0x8000023c opcode=0x03f7f513
retire_trace slot=0 cycle=484 pc=0x80000240 opcode=0x03f6f593
retire_trace slot=0 cycle=485 pc=0x80000244 opcode=0x00a72023
retire_trace slot=0 cycle=486 pc=0x80000248 opcode=0x00b62023
retire_trace slot=0 cycle=487 pc=0x8000024c opcode=0x00778793
retire_trace slot=0 cycle=488 pc=0x80000250 opcode=0x00470713
retire_trace slot=0 cycle=489 pc=0x80000254 opcode=0x00968693
retire_trace slot=0 cycle=490 pc=0x80000258 opcode=0x00460613
retire_trace slot=1 cycle=490 pc=0x8000025c opcode=0xff0790e3
retire_trace slot=0 cycle=493 pc=0x8000023c opcode=0x03f7f513
retire_trace slot=0 cycle=494 pc=0x80000240 opcode=0x03f6f593
retire_trace slot=0 cycle=495 pc=0x80000244 opcode=0x00a72023
retire_trace slot=0 cycle=496 pc=0x80000248 opcode=0x00b62023
retire_trace slot=0 cycle=497 pc=0x8000024c opcode=0x00778793
retire_trace slot=0 cycle=498 pc=0x80000250 opcode=0x00470713
retire_trace slot=0 cycle=499 pc=0x80000254 opcode=0x00968693
retire_trace slot=0 cycle=500 pc=0x80000258 opcode=0x00460613
retire_trace slot=1 cycle=500 pc=0x8000025c opcode=0xff0790e3
retire_trace slot=0 cycle=503 pc=0x8000023c opcode=0x03f7f513
retire_trace slot=0 cycle=504 pc=0x80000240 opcode=0x03f6f593
retire_trace slot=0 cycle=505 pc=0x80000244 opcode=0x00a72023
retire_trace slot=0 cycle=506 pc=0x80000248 opcode=0x00b62023
retire_trace slot=0 cycle=507 pc=0x8000024c opcode=0x00778793
retire_trace slot=0 cycle=508 pc=0x80000250 opcode=0x00470713
retire_trace slot=0 cycle=509 pc=0x80000254 opcode=0x00968693
retire_trace slot=0 cycle=510 pc=0x80000258 opcode=0x00460613
retire_trace slot=1 cycle=510 pc=0x8000025c opcode=0xff0790e3
retire_trace slot=0 cycle=513 pc=0x8000023c opcode=0x03f7f513
retire_trace slot=0 cycle=514 pc=0x80000240 opcode=0x03f6f593
retire_trace slot=0 cycle=515 pc=0x80000244 opcode=0x00a72023
retire_trace slot=0 cycle=516 pc=0x80000248 opcode=0x00b62023
retire_trace slot=0 cycle=517 pc=0x8000024c opcode=0x00778793
retire_trace slot=0 cycle=518 pc=0x80000250 opcode=0x00470713
retire_trace slot=0 cycle=519 pc=0x80000254 opcode=0x00968693
retire_trace slot=0 cycle=520 pc=0x80000258 opcode=0x00460613
retire_trace slot=1 cycle=520 pc=0x8000025c opcode=0xff0790e3
retire_trace slot=0 cycle=523 pc=0x8000023c opcode=0x03f7f513
retire_trace slot=0 cycle=524 pc=0x80000240 opcode=0x03f6f593
retire_trace slot=0 cycle=525 pc=0x80000244 opcode=0x00a72023
retire_trace slot=0 cycle=526 pc=0x80000248 opcode=0x00b62023
retire_trace slot=0 cycle=527 pc=0x8000024c opcode=0x00778793
retire_trace slot=0 cycle=528 pc=0x80000250 opcode=0x00470713
retire_trace slot=0 cycle=529 pc=0x80000254 opcode=0x00968693
retire_trace slot=0 cycle=530 pc=0x80000258 opcode=0x00460613
retire_trace slot=1 cycle=530 pc=0x8000025c opcode=0xff0790e3
retire_trace slot=0 cycle=533 pc=0x8000023c opcode=0x03f7f513
retire_trace slot=0 cycle=534 pc=0x80000240 opcode=0x03f6f593
retire_trace slot=0 cycle=535 pc=0x80000244 opcode=0x00a72023
retire_trace slot=0 cycle=536 pc=0x80000248 opcode=0x00b62023
retire_trace slot=0 cycle=537 pc=0x8000024c opcode=0x00778793
retire_trace slot=0 cycle=538 pc=0x80000250 opcode=0x00470713
retire_trace slot=0 cycle=539 pc=0x80000254 opcode=0x00968693
retire_trace slot=0 cycle=540 pc=0x80000258 opcode=0x00460613
retire_trace slot=1 cycle=540 pc=0x8000025c opcode=0xff0790e3
retire_trace slot=0 cycle=543 pc=0x8000023c opcode=0x03f7f513
retire_trace slot=0 cycle=544 pc=0x80000240 opcode=0x03f6f593
retire_trace slot=0 cycle=545 pc=0x80000244 opcode=0x00a72023
retire_trace slot=0 cycle=546 pc=0x80000248 opcode=0x00b62023
retire_trace slot=0 cycle=547 pc=0x8000024c opcode=0x00778793
retire_trace slot=0 cycle=548 pc=0x80000250 opcode=0x00470713
retire_trace slot=0 cycle=549 pc=0x80000254 opcode=0x00968693
retire_trace slot=0 cycle=550 pc=0x80000258 opcode=0x00460613
retire_trace slot=1 cycle=550 pc=0x8000025c opcode=0xff0790e3
retire_trace slot=0 cycle=553 pc=0x8000023c opcode=0x03f7f513
retire_trace slot=0 cycle=554 pc=0x80000240 opcode=0x03f6f593
retire_trace slot=0 cycle=555 pc=0x80000244 opcode=0x00a72023
retire_trace slot=0 cycle=556 pc=0x80000248 opcode=0x00b62023
retire_trace slot=0 cycle=557 pc=0x8000024c opcode=0x00778793
retire_trace slot=0 cycle=558 pc=0x80000250 opcode=0x00470713
retire_trace slot=0 cycle=559 pc=0x80000254 opcode=0x00968693
retire_trace slot=0 cycle=560 pc=0x80000258 opcode=0x00460613
retire_trace slot=1 cycle=560 pc=0x8000025c opcode=0xff0790e3
retire_trace slot=0 cycle=563 pc=0x8000023c opcode=0x03f7f513
retire_trace slot=0 cycle=564 pc=0x80000240 opcode=0x03f6f593
retire_trace slot=0 cycle=565 pc=0x80000244 opcode=0x00a72023
retire_trace slot=0 cycle=566 pc=0x80000248 opcode=0x00b62023
retire_trace slot=0 cycle=567 pc=0x8000024c opcode=0x00778793
retire_trace slot=0 cycle=568 pc=0x80000250 opcode=0x00470713
retire_trace slot=0 cycle=569 pc=0x80000254 opcode=0x00968693
retire_trace slot=0 cycle=570 pc=0x80000258 opcode=0x00460613
retire_trace slot=1 cycle=570 pc=0x8000025c opcode=0xff0790e3
retire_trace slot=0 cycle=573 pc=0x8000023c opcode=0x03f7f513
retire_trace slot=0 cycle=574 pc=0x80000240 opcode=0x03f6f593
retire_trace slot=0 cycle=575 pc=0x80000244 opcode=0x00a72023
retire_trace slot=0 cycle=576 pc=0x80000248 opcode=0x00b62023
retire_trace slot=0 cycle=577 pc=0x8000024c opcode=0x00778793
retire_trace slot=0 cycle=578 pc=0x80000250 opcode=0x00470713
retire_trace slot=0 cycle=579 pc=0x80000254 opcode=0x00968693
retire_trace slot=0 cycle=580 pc=0x80000258 opcode=0x00460613
retire_trace slot=1 cycle=580 pc=0x8000025c opcode=0xff0790e3
retire_trace slot=0 cycle=583 pc=0x8000023c opcode=0x03f7f513
retire_trace slot=0 cycle=584 pc=0x80000240 opcode=0x03f6f593
retire_trace slot=0 cycle=585 pc=0x80000244 opcode=0x00a72023
retire_trace slot=0 cycle=586 pc=0x80000248 opcode=0x00b62023
retire_trace slot=0 cycle=587 pc=0x8000024c opcode=0x00778793
retire_trace slot=0 cycle=588 pc=0x80000250 opcode=0x00470713
retire_trace slot=0 cycle=589 pc=0x80000254 opcode=0x00968693
retire_trace slot=0 cycle=590 pc=0x80000258 opcode=0x00460613
retire_trace slot=1 cycle=590 pc=0x8000025c opcode=0xff0790e3
retire_trace slot=0 cycle=593 pc=0x8000023c opcode=0x03f7f513
retire_trace slot=0 cycle=594 pc=0x80000240 opcode=0x03f6f593
retire_trace slot=0 cycle=595 pc=0x80000244 opcode=0x00a72023
retire_trace slot=0 cycle=596 pc=0x80000248 opcode=0x00b62023
retire_trace slot=0 cycle=597 pc=0x8000024c opcode=0x00778793
retire_trace slot=0 cycle=598 pc=0x80000250 opcode=0x00470713
retire_trace slot=0 cycle=599 pc=0x80000254 opcode=0x00968693
retire_trace slot=0 cycle=600 pc=0x80000258 opcode=0x00460613
retire_trace slot=1 cycle=600 pc=0x8000025c opcode=0xff0790e3
retire_trace slot=0 cycle=603 pc=0x8000023c opcode=0x03f7f513
retire_trace slot=0 cycle=604 pc=0x80000240 opcode=0x03f6f593
retire_trace slot=0 cycle=605 pc=0x80000244 opcode=0x00a72023
retire_trace slot=0 cycle=606 pc=0x80000248 opcode=0x00b62023
retire_trace slot=0 cycle=607 pc=0x8000024c opcode=0x00778793
retire_trace slot=0 cycle=608 pc=0x80000250 opcode=0x00470713
retire_trace slot=0 cycle=609 pc=0x80000254 opcode=0x00968693
retire_trace slot=0 cycle=610 pc=0x80000258 opcode=0x00460613
retire_trace slot=1 cycle=610 pc=0x8000025c opcode=0xff0790e3
retire_trace slot=0 cycle=613 pc=0x8000023c opcode=0x03f7f513
retire_trace slot=0 cycle=614 pc=0x80000240 opcode=0x03f6f593
retire_trace slot=0 cycle=615 pc=0x80000244 opcode=0x00a72023
retire_trace slot=0 cycle=616 pc=0x80000248 opcode=0x00b62023
retire_trace slot=0 cycle=617 pc=0x8000024c opcode=0x00778793
retire_trace slot=0 cycle=618 pc=0x80000250 opcode=0x00470713
retire_trace slot=0 cycle=619 pc=0x80000254 opcode=0x00968693
retire_trace slot=0 cycle=620 pc=0x80000258 opcode=0x00460613
retire_trace slot=1 cycle=620 pc=0x8000025c opcode=0xff0790e3
retire_trace slot=0 cycle=623 pc=0x8000023c opcode=0x03f7f513
retire_trace slot=0 cycle=624 pc=0x80000240 opcode=0x03f6f593
retire_trace slot=0 cycle=625 pc=0x80000244 opcode=0x00a72023
retire_trace slot=0 cycle=626 pc=0x80000248 opcode=0x00b62023
retire_trace slot=0 cycle=627 pc=0x8000024c opcode=0x00778793
retire_trace slot=0 cycle=628 pc=0x80000250 opcode=0x00470713
retire_trace slot=0 cycle=629 pc=0x80000254 opcode=0x00968693
retire_trace slot=0 cycle=630 pc=0x80000258 opcode=0x00460613
retire_trace slot=1 cycle=630 pc=0x8000025c opcode=0xff0790e3
retire_trace slot=0 cycle=633 pc=0x8000023c opcode=0x03f7f513
retire_trace slot=0 cycle=634 pc=0x80000240 opcode=0x03f6f593
retire_trace slot=0 cycle=635 pc=0x80000244 opcode=0x00a72023
retire_trace slot=0 cycle=636 pc=0x80000248 opcode=0x00b62023
retire_trace slot=0 cycle=637 pc=0x8000024c opcode=0x00778793
retire_trace slot=0 cycle=638 pc=0x80000250 opcode=0x00470713
retire_trace slot=0 cycle=639 pc=0x80000254 opcode=0x00968693
retire_trace slot=0 cycle=640 pc=0x80000258 opcode=0x00460613
retire_trace slot=1 cycle=640 pc=0x8000025c opcode=0xff0790e3
retire_trace slot=0 cycle=643 pc=0x8000023c opcode=0x03f7f513
retire_trace slot=0 cycle=644 pc=0x80000240 opcode=0x03f6f593
retire_trace slot=0 cycle=645 pc=0x80000244 opcode=0x00a72023
retire_trace slot=0 cycle=646 pc=0x80000248 opcode=0x00b62023
retire_trace slot=0 cycle=647 pc=0x8000024c opcode=0x00778793
retire_trace slot=0 cycle=648 pc=0x80000250 opcode=0x00470713
retire_trace slot=0 cycle=649 pc=0x80000254 opcode=0x00968693
retire_trace slot=0 cycle=650 pc=0x80000258 opcode=0x00460613
retire_trace slot=1 cycle=650 pc=0x8000025c opcode=0xff0790e3
retire_trace slot=0 cycle=653 pc=0x8000023c opcode=0x03f7f513
retire_trace slot=0 cycle=654 pc=0x80000240 opcode=0x03f6f593
retire_trace slot=0 cycle=655 pc=0x80000244 opcode=0x00a72023
retire_trace slot=0 cycle=656 pc=0x80000248 opcode=0x00b62023
retire_trace slot=0 cycle=657 pc=0x8000024c opcode=0x00778793
retire_trace slot=0 cycle=658 pc=0x80000250 opcode=0x00470713
retire_trace slot=0 cycle=659 pc=0x80000254 opcode=0x00968693
retire_trace slot=0 cycle=660 pc=0x80000258 opcode=0x00460613
retire_trace slot=1 cycle=660 pc=0x8000025c opcode=0xff0790e3
retire_trace slot=0 cycle=663 pc=0x8000023c opcode=0x03f7f513
retire_trace slot=0 cycle=664 pc=0x80000240 opcode=0x03f6f593
retire_trace slot=0 cycle=665 pc=0x80000244 opcode=0x00a72023
retire_trace slot=0 cycle=666 pc=0x80000248 opcode=0x00b62023
retire_trace slot=0 cycle=667 pc=0x8000024c opcode=0x00778793
retire_trace slot=0 cycle=668 pc=0x80000250 opcode=0x00470713
retire_trace slot=0 cycle=669 pc=0x80000254 opcode=0x00968693
retire_trace slot=0 cycle=670 pc=0x80000258 opcode=0x00460613
retire_trace slot=1 cycle=670 pc=0x8000025c opcode=0xff0790e3
retire_trace slot=0 cycle=673 pc=0x8000023c opcode=0x03f7f513
retire_trace slot=0 cycle=674 pc=0x80000240 opcode=0x03f6f593
retire_trace slot=0 cycle=675 pc=0x80000244 opcode=0x00a72023
retire_trace slot=0 cycle=676 pc=0x80000248 opcode=0x00b62023
retire_trace slot=0 cycle=677 pc=0x8000024c opcode=0x00778793
retire_trace slot=0 cycle=678 pc=0x80000250 opcode=0x00470713
retire_trace slot=0 cycle=679 pc=0x80000254 opcode=0x00968693
retire_trace slot=0 cycle=680 pc=0x80000258 opcode=0x00460613
retire_trace slot=1 cycle=680 pc=0x8000025c opcode=0xff0790e3
retire_trace slot=0 cycle=683 pc=0x8000023c opcode=0x03f7f513
retire_trace slot=0 cycle=684 pc=0x80000240 opcode=0x03f6f593
retire_trace slot=0 cycle=685 pc=0x80000244 opcode=0x00a72023
retire_trace slot=0 cycle=686 pc=0x80000248 opcode=0x00b62023
retire_trace slot=0 cycle=687 pc=0x8000024c opcode=0x00778793
retire_trace slot=0 cycle=688 pc=0x80000250 opcode=0x00470713
retire_trace slot=0 cycle=689 pc=0x80000254 opcode=0x00968693
retire_trace slot=0 cycle=690 pc=0x80000258 opcode=0x00460613
retire_trace slot=1 cycle=690 pc=0x8000025c opcode=0xff0790e3
retire_trace slot=0 cycle=693 pc=0x8000023c opcode=0x03f7f513
retire_trace slot=0 cycle=694 pc=0x80000240 opcode=0x03f6f593
retire_trace slot=0 cycle=695 pc=0x80000244 opcode=0x00a72023
retire_trace slot=0 cycle=696 pc=0x80000248 opcode=0x00b62023
retire_trace slot=0 cycle=697 pc=0x8000024c opcode=0x00778793
retire_trace slot=0 cycle=698 pc=0x80000250 opcode=0x00470713
retire_trace slot=0 cycle=699 pc=0x80000254 opcode=0x00968693
retire_trace slot=0 cycle=700 pc=0x80000258 opcode=0x00460613
retire_trace slot=1 cycle=700 pc=0x8000025c opcode=0xff0790e3
retire_trace slot=0 cycle=703 pc=0x8000023c opcode=0x03f7f513
retire_trace slot=0 cycle=704 pc=0x80000240 opcode=0x03f6f593
retire_trace slot=0 cycle=705 pc=0x80000244 opcode=0x00a72023
retire_trace slot=0 cycle=706 pc=0x80000248 opcode=0x00b62023
retire_trace slot=0 cycle=707 pc=0x8000024c opcode=0x00778793
retire_trace slot=0 cycle=708 pc=0x80000250 opcode=0x00470713
retire_trace slot=0 cycle=709 pc=0x80000254 opcode=0x00968693
retire_trace slot=0 cycle=710 pc=0x80000258 opcode=0x00460613
retire_trace slot=1 cycle=710 pc=0x8000025c opcode=0xff0790e3
retire_trace slot=0 cycle=713 pc=0x8000023c opcode=0x03f7f513
retire_trace slot=0 cycle=714 pc=0x80000240 opcode=0x03f6f593
retire_trace slot=0 cycle=715 pc=0x80000244 opcode=0x00a72023
retire_trace slot=0 cycle=716 pc=0x80000248 opcode=0x00b62023
retire_trace slot=0 cycle=717 pc=0x8000024c opcode=0x00778793
retire_trace slot=0 cycle=718 pc=0x80000250 opcode=0x00470713
retire_trace slot=0 cycle=719 pc=0x80000254 opcode=0x00968693
retire_trace slot=0 cycle=720 pc=0x80000258 opcode=0x00460613
retire_trace slot=1 cycle=720 pc=0x8000025c opcode=0xff0790e3
retire_trace slot=0 cycle=723 pc=0x8000023c opcode=0x03f7f513
retire_trace slot=0 cycle=724 pc=0x80000240 opcode=0x03f6f593
retire_trace slot=0 cycle=725 pc=0x80000244 opcode=0x00a72023
retire_trace slot=0 cycle=726 pc=0x80000248 opcode=0x00b62023
retire_trace slot=0 cycle=727 pc=0x8000024c opcode=0x00778793
retire_trace slot=0 cycle=728 pc=0x80000250 opcode=0x00470713
retire_trace slot=0 cycle=729 pc=0x80000254 opcode=0x00968693
retire_trace slot=0 cycle=730 pc=0x80000258 opcode=0x00460613
retire_trace slot=1 cycle=730 pc=0x8000025c opcode=0xff0790e3
retire_trace slot=0 cycle=733 pc=0x8000023c opcode=0x03f7f513
retire_trace slot=0 cycle=734 pc=0x80000240 opcode=0x03f6f593
retire_trace slot=0 cycle=735 pc=0x80000244 opcode=0x00a72023
retire_trace slot=0 cycle=736 pc=0x80000248 opcode=0x00b62023
retire_trace slot=0 cycle=737 pc=0x8000024c opcode=0x00778793
retire_trace slot=0 cycle=738 pc=0x80000250 opcode=0x00470713
retire_trace slot=0 cycle=739 pc=0x80000254 opcode=0x00968693
retire_trace slot=0 cycle=740 pc=0x80000258 opcode=0x00460613
retire_trace slot=1 cycle=740 pc=0x8000025c opcode=0xff0790e3
retire_trace slot=0 cycle=743 pc=0x8000023c opcode=0x03f7f513
retire_trace slot=0 cycle=744 pc=0x80000240 opcode=0x03f6f593
retire_trace slot=0 cycle=745 pc=0x80000244 opcode=0x00a72023
retire_trace slot=0 cycle=746 pc=0x80000248 opcode=0x00b62023
retire_trace slot=0 cycle=747 pc=0x8000024c opcode=0x00778793
retire_trace slot=0 cycle=748 pc=0x80000250 opcode=0x00470713
retire_trace slot=0 cycle=749 pc=0x80000254 opcode=0x00968693
retire_trace slot=0 cycle=750 pc=0x80000258 opcode=0x00460613
retire_trace slot=1 cycle=750 pc=0x8000025c opcode=0xff0790e3
retire_trace slot=0 cycle=753 pc=0x8000023c opcode=0x03f7f513
retire_trace slot=0 cycle=754 pc=0x80000240 opcode=0x03f6f593
retire_trace slot=0 cycle=755 pc=0x80000244 opcode=0x00a72023
retire_trace slot=0 cycle=756 pc=0x80000248 opcode=0x00b62023
retire_trace slot=0 cycle=757 pc=0x8000024c opcode=0x00778793
retire_trace slot=0 cycle=758 pc=0x80000250 opcode=0x00470713
retire_trace slot=0 cycle=759 pc=0x80000254 opcode=0x00968693
retire_trace slot=0 cycle=760 pc=0x80000258 opcode=0x00460613
retire_trace slot=1 cycle=760 pc=0x8000025c opcode=0xff0790e3
retire_trace slot=0 cycle=763 pc=0x8000023c opcode=0x03f7f513
retire_trace slot=0 cycle=764 pc=0x80000240 opcode=0x03f6f593
retire_trace slot=0 cycle=765 pc=0x80000244 opcode=0x00a72023
retire_trace slot=0 cycle=766 pc=0x80000248 opcode=0x00b62023
retire_trace slot=0 cycle=767 pc=0x8000024c opcode=0x00778793
retire_trace slot=0 cycle=768 pc=0x80000250 opcode=0x00470713
retire_trace slot=0 cycle=769 pc=0x80000254 opcode=0x00968693
retire_trace slot=0 cycle=770 pc=0x80000258 opcode=0x00460613
retire_trace slot=1 cycle=770 pc=0x8000025c opcode=0xff0790e3
retire_trace slot=0 cycle=773 pc=0x8000023c opcode=0x03f7f513
retire_trace slot=0 cycle=774 pc=0x80000240 opcode=0x03f6f593
retire_trace slot=0 cycle=775 pc=0x80000244 opcode=0x00a72023
retire_trace slot=0 cycle=776 pc=0x80000248 opcode=0x00b62023
retire_trace slot=0 cycle=777 pc=0x8000024c opcode=0x00778793
retire_trace slot=0 cycle=778 pc=0x80000250 opcode=0x00470713
retire_trace slot=0 cycle=779 pc=0x80000254 opcode=0x00968693
retire_trace slot=0 cycle=780 pc=0x80000258 opcode=0x00460613
retire_trace slot=1 cycle=780 pc=0x8000025c opcode=0xff0790e3
retire_trace slot=0 cycle=783 pc=0x8000023c opcode=0x03f7f513
retire_trace slot=0 cycle=784 pc=0x80000240 opcode=0x03f6f593
retire_trace slot=0 cycle=785 pc=0x80000244 opcode=0x00a72023
retire_trace slot=0 cycle=786 pc=0x80000248 opcode=0x00b62023
retire_trace slot=0 cycle=787 pc=0x8000024c opcode=0x00778793
retire_trace slot=0 cycle=788 pc=0x80000250 opcode=0x00470713
retire_trace slot=0 cycle=789 pc=0x80000254 opcode=0x00968693
retire_trace slot=0 cycle=790 pc=0x80000258 opcode=0x00460613
retire_trace slot=1 cycle=790 pc=0x8000025c opcode=0xff0790e3
retire_trace slot=0 cycle=793 pc=0x8000023c opcode=0x03f7f513
retire_trace slot=0 cycle=794 pc=0x80000240 opcode=0x03f6f593
retire_trace slot=0 cycle=795 pc=0x80000244 opcode=0x00a72023
retire_trace slot=0 cycle=796 pc=0x80000248 opcode=0x00b62023
retire_trace slot=0 cycle=797 pc=0x8000024c opcode=0x00778793
retire_trace slot=0 cycle=798 pc=0x80000250 opcode=0x00470713
retire_trace slot=0 cycle=799 pc=0x80000254 opcode=0x00968693
retire_trace slot=0 cycle=800 pc=0x80000258 opcode=0x00460613
retire_trace slot=1 cycle=800 pc=0x8000025c opcode=0xff0790e3
retire_trace slot=0 cycle=803 pc=0x8000023c opcode=0x03f7f513
retire_trace slot=0 cycle=804 pc=0x80000240 opcode=0x03f6f593
retire_trace slot=0 cycle=805 pc=0x80000244 opcode=0x00a72023
retire_trace slot=0 cycle=806 pc=0x80000248 opcode=0x00b62023
retire_trace slot=0 cycle=807 pc=0x8000024c opcode=0x00778793
retire_trace slot=0 cycle=808 pc=0x80000250 opcode=0x00470713
retire_trace slot=0 cycle=809 pc=0x80000254 opcode=0x00968693
retire_trace slot=0 cycle=810 pc=0x80000258 opcode=0x00460613
retire_trace slot=1 cycle=810 pc=0x8000025c opcode=0xff0790e3
retire_trace slot=0 cycle=813 pc=0x8000023c opcode=0x03f7f513
retire_trace slot=0 cycle=814 pc=0x80000240 opcode=0x03f6f593
retire_trace slot=0 cycle=815 pc=0x80000244 opcode=0x00a72023
retire_trace slot=0 cycle=816 pc=0x80000248 opcode=0x00b62023
retire_trace slot=0 cycle=817 pc=0x8000024c opcode=0x00778793
retire_trace slot=0 cycle=818 pc=0x80000250 opcode=0x00470713
retire_trace slot=0 cycle=819 pc=0x80000254 opcode=0x00968693
retire_trace slot=0 cycle=820 pc=0x80000258 opcode=0x00460613
retire_trace slot=1 cycle=820 pc=0x8000025c opcode=0xff0790e3
retire_trace slot=0 cycle=823 pc=0x8000023c opcode=0x03f7f513
retire_trace slot=0 cycle=824 pc=0x80000240 opcode=0x03f6f593
retire_trace slot=0 cycle=825 pc=0x80000244 opcode=0x00a72023
retire_trace slot=0 cycle=826 pc=0x80000248 opcode=0x00b62023
retire_trace slot=0 cycle=827 pc=0x8000024c opcode=0x00778793
retire_trace slot=0 cycle=828 pc=0x80000250 opcode=0x00470713
retire_trace slot=0 cycle=829 pc=0x80000254 opcode=0x00968693
retire_trace slot=0 cycle=830 pc=0x80000258 opcode=0x00460613
retire_trace slot=1 cycle=830 pc=0x8000025c opcode=0xff0790e3
retire_trace slot=0 cycle=833 pc=0x8000023c opcode=0x03f7f513
retire_trace slot=0 cycle=834 pc=0x80000240 opcode=0x03f6f593
retire_trace slot=0 cycle=835 pc=0x80000244 opcode=0x00a72023
retire_trace slot=0 cycle=836 pc=0x80000248 opcode=0x00b62023
retire_trace slot=0 cycle=837 pc=0x8000024c opcode=0x00778793
retire_trace slot=0 cycle=838 pc=0x80000250 opcode=0x00470713
retire_trace slot=0 cycle=839 pc=0x80000254 opcode=0x00968693
retire_trace slot=0 cycle=840 pc=0x80000258 opcode=0x00460613
retire_trace slot=1 cycle=840 pc=0x8000025c opcode=0xff0790e3
retire_trace slot=0 cycle=843 pc=0x8000023c opcode=0x03f7f513
retire_trace slot=0 cycle=844 pc=0x80000240 opcode=0x03f6f593
retire_trace slot=0 cycle=845 pc=0x80000244 opcode=0x00a72023
retire_trace slot=0 cycle=846 pc=0x80000248 opcode=0x00b62023
retire_trace slot=0 cycle=847 pc=0x8000024c opcode=0x00778793
retire_trace slot=0 cycle=848 pc=0x80000250 opcode=0x00470713
retire_trace slot=0 cycle=849 pc=0x80000254 opcode=0x00968693
retire_trace slot=0 cycle=850 pc=0x80000258 opcode=0x00460613
retire_trace slot=1 cycle=850 pc=0x8000025c opcode=0xff0790e3
retire_trace slot=0 cycle=853 pc=0x8000023c opcode=0x03f7f513
retire_trace slot=0 cycle=854 pc=0x80000240 opcode=0x03f6f593
retire_trace slot=0 cycle=855 pc=0x80000244 opcode=0x00a72023
retire_trace slot=0 cycle=856 pc=0x80000248 opcode=0x00b62023
retire_trace slot=0 cycle=857 pc=0x8000024c opcode=0x00778793
retire_trace slot=0 cycle=858 pc=0x80000250 opcode=0x00470713
retire_trace slot=0 cycle=859 pc=0x80000254 opcode=0x00968693
retire_trace slot=0 cycle=860 pc=0x80000258 opcode=0x00460613
retire_trace slot=1 cycle=860 pc=0x8000025c opcode=0xff0790e3
retire_trace slot=0 cycle=863 pc=0x8000023c opcode=0x03f7f513
retire_trace slot=0 cycle=864 pc=0x80000240 opcode=0x03f6f593
retire_trace slot=0 cycle=865 pc=0x80000244 opcode=0x00a72023
retire_trace slot=0 cycle=866 pc=0x80000248 opcode=0x00b62023
retire_trace slot=0 cycle=867 pc=0x8000024c opcode=0x00778793
retire_trace slot=0 cycle=868 pc=0x80000250 opcode=0x00470713
retire_trace slot=0 cycle=869 pc=0x80000254 opcode=0x00968693
retire_trace slot=0 cycle=870 pc=0x80000258 opcode=0x00460613
retire_trace slot=1 cycle=870 pc=0x8000025c opcode=0xff0790e3
retire_trace slot=0 cycle=873 pc=0x8000023c opcode=0x03f7f513
retire_trace slot=0 cycle=874 pc=0x80000240 opcode=0x03f6f593
retire_trace slot=0 cycle=875 pc=0x80000244 opcode=0x00a72023
retire_trace slot=0 cycle=876 pc=0x80000248 opcode=0x00b62023
retire_trace slot=0 cycle=877 pc=0x8000024c opcode=0x00778793
retire_trace slot=0 cycle=878 pc=0x80000250 opcode=0x00470713
retire_trace slot=0 cycle=879 pc=0x80000254 opcode=0x00968693
retire_trace slot=0 cycle=880 pc=0x80000258 opcode=0x00460613
retire_trace slot=1 cycle=880 pc=0x8000025c opcode=0xff0790e3
retire_trace slot=0 cycle=883 pc=0x8000023c opcode=0x03f7f513
retire_trace slot=0 cycle=884 pc=0x80000240 opcode=0x03f6f593
retire_trace slot=0 cycle=885 pc=0x80000244 opcode=0x00a72023
retire_trace slot=0 cycle=886 pc=0x80000248 opcode=0x00b62023
retire_trace slot=0 cycle=887 pc=0x8000024c opcode=0x00778793
retire_trace slot=0 cycle=888 pc=0x80000250 opcode=0x00470713
retire_trace slot=0 cycle=889 pc=0x80000254 opcode=0x00968693
retire_trace slot=0 cycle=890 pc=0x80000258 opcode=0x00460613
retire_trace slot=1 cycle=890 pc=0x8000025c opcode=0xff0790e3
retire_trace slot=0 cycle=893 pc=0x8000023c opcode=0x03f7f513
retire_trace slot=0 cycle=894 pc=0x80000240 opcode=0x03f6f593
retire_trace slot=0 cycle=895 pc=0x80000244 opcode=0x00a72023
retire_trace slot=0 cycle=896 pc=0x80000248 opcode=0x00b62023
retire_trace slot=0 cycle=897 pc=0x8000024c opcode=0x00778793
retire_trace slot=0 cycle=898 pc=0x80000250 opcode=0x00470713
retire_trace slot=0 cycle=899 pc=0x80000254 opcode=0x00968693
retire_trace slot=0 cycle=900 pc=0x80000258 opcode=0x00460613
retire_trace slot=1 cycle=900 pc=0x8000025c opcode=0xff0790e3
retire_trace slot=0 cycle=903 pc=0x8000023c opcode=0x03f7f513
retire_trace slot=0 cycle=904 pc=0x80000240 opcode=0x03f6f593
retire_trace slot=0 cycle=905 pc=0x80000244 opcode=0x00a72023
retire_trace slot=0 cycle=906 pc=0x80000248 opcode=0x00b62023
retire_trace slot=0 cycle=907 pc=0x8000024c opcode=0x00778793
retire_trace slot=0 cycle=908 pc=0x80000250 opcode=0x00470713
retire_trace slot=0 cycle=909 pc=0x80000254 opcode=0x00968693
retire_trace slot=0 cycle=910 pc=0x80000258 opcode=0x00460613
retire_trace slot=1 cycle=910 pc=0x8000025c opcode=0xff0790e3
retire_trace slot=0 cycle=913 pc=0x8000023c opcode=0x03f7f513
retire_trace slot=0 cycle=914 pc=0x80000240 opcode=0x03f6f593
retire_trace slot=0 cycle=915 pc=0x80000244 opcode=0x00a72023
retire_trace slot=0 cycle=916 pc=0x80000248 opcode=0x00b62023
retire_trace slot=0 cycle=917 pc=0x8000024c opcode=0x00778793
retire_trace slot=0 cycle=918 pc=0x80000250 opcode=0x00470713
retire_trace slot=0 cycle=919 pc=0x80000254 opcode=0x00968693
retire_trace slot=0 cycle=920 pc=0x80000258 opcode=0x00460613
retire_trace slot=1 cycle=920 pc=0x8000025c opcode=0xff0790e3
retire_trace slot=0 cycle=923 pc=0x8000023c opcode=0x03f7f513
retire_trace slot=0 cycle=924 pc=0x80000240 opcode=0x03f6f593
retire_trace slot=0 cycle=925 pc=0x80000244 opcode=0x00a72023
retire_trace slot=0 cycle=926 pc=0x80000248 opcode=0x00b62023
retire_trace slot=0 cycle=927 pc=0x8000024c opcode=0x00778793
retire_trace slot=0 cycle=928 pc=0x80000250 opcode=0x00470713
retire_trace slot=0 cycle=929 pc=0x80000254 opcode=0x00968693
retire_trace slot=0 cycle=930 pc=0x80000258 opcode=0x00460613
retire_trace slot=1 cycle=930 pc=0x8000025c opcode=0xff0790e3
retire_trace slot=0 cycle=933 pc=0x8000023c opcode=0x03f7f513
retire_trace slot=0 cycle=934 pc=0x80000240 opcode=0x03f6f593
retire_trace slot=0 cycle=935 pc=0x80000244 opcode=0x00a72023
retire_trace slot=0 cycle=936 pc=0x80000248 opcode=0x00b62023
retire_trace slot=0 cycle=937 pc=0x8000024c opcode=0x00778793
retire_trace slot=0 cycle=938 pc=0x80000250 opcode=0x00470713
retire_trace slot=0 cycle=939 pc=0x80000254 opcode=0x00968693
retire_trace slot=0 cycle=940 pc=0x80000258 opcode=0x00460613
retire_trace slot=1 cycle=940 pc=0x8000025c opcode=0xff0790e3
retire_trace slot=0 cycle=943 pc=0x8000023c opcode=0x03f7f513
retire_trace slot=0 cycle=944 pc=0x80000240 opcode=0x03f6f593
retire_trace slot=0 cycle=945 pc=0x80000244 opcode=0x00a72023
retire_trace slot=0 cycle=946 pc=0x80000248 opcode=0x00b62023
retire_trace slot=0 cycle=947 pc=0x8000024c opcode=0x00778793
retire_trace slot=0 cycle=948 pc=0x80000250 opcode=0x00470713
retire_trace slot=0 cycle=949 pc=0x80000254 opcode=0x00968693
retire_trace slot=0 cycle=950 pc=0x80000258 opcode=0x00460613
retire_trace slot=1 cycle=950 pc=0x8000025c opcode=0xff0790e3
retire_trace slot=0 cycle=953 pc=0x8000023c opcode=0x03f7f513
retire_trace slot=0 cycle=954 pc=0x80000240 opcode=0x03f6f593
retire_trace slot=0 cycle=955 pc=0x80000244 opcode=0x00a72023
retire_trace slot=0 cycle=956 pc=0x80000248 opcode=0x00b62023
retire_trace slot=0 cycle=957 pc=0x8000024c opcode=0x00778793
retire_trace slot=0 cycle=958 pc=0x80000250 opcode=0x00470713
retire_trace slot=0 cycle=959 pc=0x80000254 opcode=0x00968693
retire_trace slot=0 cycle=960 pc=0x80000258 opcode=0x00460613
retire_trace slot=1 cycle=960 pc=0x8000025c opcode=0xff0790e3
retire_trace slot=0 cycle=963 pc=0x8000023c opcode=0x03f7f513
retire_trace slot=0 cycle=964 pc=0x80000240 opcode=0x03f6f593
retire_trace slot=0 cycle=965 pc=0x80000244 opcode=0x00a72023
retire_trace slot=0 cycle=966 pc=0x80000248 opcode=0x00b62023
retire_trace slot=0 cycle=967 pc=0x8000024c opcode=0x00778793
retire_trace slot=0 cycle=968 pc=0x80000250 opcode=0x00470713
retire_trace slot=0 cycle=969 pc=0x80000254 opcode=0x00968693
retire_trace slot=0 cycle=970 pc=0x80000258 opcode=0x00460613
retire_trace slot=1 cycle=970 pc=0x8000025c opcode=0xff0790e3
retire_trace slot=0 cycle=973 pc=0x8000023c opcode=0x03f7f513
retire_trace slot=0 cycle=974 pc=0x80000240 opcode=0x03f6f593
retire_trace slot=0 cycle=975 pc=0x80000244 opcode=0x00a72023
retire_trace slot=0 cycle=976 pc=0x80000248 opcode=0x00b62023
retire_trace slot=0 cycle=977 pc=0x8000024c opcode=0x00778793
retire_trace slot=0 cycle=978 pc=0x80000250 opcode=0x00470713
retire_trace slot=0 cycle=979 pc=0x80000254 opcode=0x00968693
retire_trace slot=0 cycle=980 pc=0x80000258 opcode=0x00460613
retire_trace slot=1 cycle=980 pc=0x8000025c opcode=0xff0790e3
retire_trace slot=0 cycle=983 pc=0x8000023c opcode=0x03f7f513
retire_trace slot=0 cycle=984 pc=0x80000240 opcode=0x03f6f593
retire_trace slot=0 cycle=985 pc=0x80000244 opcode=0x00a72023
retire_trace slot=0 cycle=986 pc=0x80000248 opcode=0x00b62023
retire_trace slot=0 cycle=987 pc=0x8000024c opcode=0x00778793
retire_trace slot=0 cycle=988 pc=0x80000250 opcode=0x00470713
retire_trace slot=0 cycle=989 pc=0x80000254 opcode=0x00968693
retire_trace slot=0 cycle=990 pc=0x80000258 opcode=0x00460613
retire_trace slot=1 cycle=990 pc=0x8000025c opcode=0xff0790e3
retire_trace slot=0 cycle=993 pc=0x8000023c opcode=0x03f7f513
retire_trace slot=0 cycle=994 pc=0x80000240 opcode=0x03f6f593
retire_trace slot=0 cycle=995 pc=0x80000244 opcode=0x00a72023
retire_trace slot=0 cycle=996 pc=0x80000248 opcode=0x00b62023
retire_trace slot=0 cycle=997 pc=0x8000024c opcode=0x00778793
retire_trace slot=0 cycle=998 pc=0x80000250 opcode=0x00470713
retire_trace slot=0 cycle=999 pc=0x80000254 opcode=0x00968693
retire_trace slot=0 cycle=1000 pc=0x80000258 opcode=0x00460613
retire_trace slot=1 cycle=1000 pc=0x8000025c opcode=0xff0790e3
retire_trace slot=0 cycle=1003 pc=0x8000023c opcode=0x03f7f513
retire_trace slot=0 cycle=1004 pc=0x80000240 opcode=0x03f6f593
retire_trace slot=0 cycle=1005 pc=0x80000244 opcode=0x00a72023
retire_trace slot=0 cycle=1006 pc=0x80000248 opcode=0x00b62023
retire_trace slot=0 cycle=1007 pc=0x8000024c opcode=0x00778793
retire_trace slot=0 cycle=1008 pc=0x80000250 opcode=0x00470713
retire_trace slot=0 cycle=1009 pc=0x80000254 opcode=0x00968693
retire_trace slot=0 cycle=1010 pc=0x80000258 opcode=0x00460613
retire_trace slot=1 cycle=1010 pc=0x8000025c opcode=0xff0790e3
retire_trace slot=0 cycle=1013 pc=0x8000023c opcode=0x03f7f513
retire_trace slot=0 cycle=1014 pc=0x80000240 opcode=0x03f6f593
retire_trace slot=0 cycle=1015 pc=0x80000244 opcode=0x00a72023
retire_trace slot=0 cycle=1016 pc=0x80000248 opcode=0x00b62023
retire_trace slot=0 cycle=1017 pc=0x8000024c opcode=0x00778793
retire_trace slot=0 cycle=1018 pc=0x80000250 opcode=0x00470713
retire_trace slot=0 cycle=1019 pc=0x80000254 opcode=0x00968693
retire_trace slot=0 cycle=1020 pc=0x80000258 opcode=0x00460613
retire_trace slot=1 cycle=1020 pc=0x8000025c opcode=0xff0790e3
retire_trace slot=0 cycle=1023 pc=0x8000023c opcode=0x03f7f513
retire_trace slot=0 cycle=1024 pc=0x80000240 opcode=0x03f6f593
retire_trace slot=0 cycle=1025 pc=0x80000244 opcode=0x00a72023
retire_trace slot=0 cycle=1026 pc=0x80000248 opcode=0x00b62023
retire_trace slot=0 cycle=1027 pc=0x8000024c opcode=0x00778793
retire_trace slot=0 cycle=1028 pc=0x80000250 opcode=0x00470713
retire_trace slot=0 cycle=1029 pc=0x80000254 opcode=0x00968693
retire_trace slot=0 cycle=1030 pc=0x80000258 opcode=0x00460613
retire_trace slot=1 cycle=1030 pc=0x8000025c opcode=0xff0790e3
retire_trace slot=0 cycle=1033 pc=0x8000023c opcode=0x03f7f513
retire_trace slot=0 cycle=1034 pc=0x80000240 opcode=0x03f6f593
retire_trace slot=0 cycle=1035 pc=0x80000244 opcode=0x00a72023
retire_trace slot=0 cycle=1036 pc=0x80000248 opcode=0x00b62023
retire_trace slot=0 cycle=1037 pc=0x8000024c opcode=0x00778793
retire_trace slot=0 cycle=1038 pc=0x80000250 opcode=0x00470713
retire_trace slot=0 cycle=1039 pc=0x80000254 opcode=0x00968693
retire_trace slot=0 cycle=1040 pc=0x80000258 opcode=0x00460613
retire_trace slot=1 cycle=1040 pc=0x8000025c opcode=0xff0790e3
retire_trace slot=0 cycle=1043 pc=0x8000023c opcode=0x03f7f513
retire_trace slot=0 cycle=1044 pc=0x80000240 opcode=0x03f6f593
retire_trace slot=0 cycle=1045 pc=0x80000244 opcode=0x00a72023
retire_trace slot=0 cycle=1046 pc=0x80000248 opcode=0x00b62023
retire_trace slot=0 cycle=1047 pc=0x8000024c opcode=0x00778793
retire_trace slot=0 cycle=1048 pc=0x80000250 opcode=0x00470713
retire_trace slot=0 cycle=1049 pc=0x80000254 opcode=0x00968693
retire_trace slot=0 cycle=1050 pc=0x80000258 opcode=0x00460613
retire_trace slot=1 cycle=1050 pc=0x8000025c opcode=0xff0790e3
retire_trace slot=0 cycle=1053 pc=0x8000023c opcode=0x03f7f513
retire_trace slot=0 cycle=1054 pc=0x80000240 opcode=0x03f6f593
retire_trace slot=0 cycle=1055 pc=0x80000244 opcode=0x00a72023
retire_trace slot=0 cycle=1056 pc=0x80000248 opcode=0x00b62023
retire_trace slot=0 cycle=1057 pc=0x8000024c opcode=0x00778793
retire_trace slot=0 cycle=1058 pc=0x80000250 opcode=0x00470713
retire_trace slot=0 cycle=1059 pc=0x80000254 opcode=0x00968693
retire_trace slot=0 cycle=1060 pc=0x80000258 opcode=0x00460613
retire_trace slot=1 cycle=1060 pc=0x8000025c opcode=0xff0790e3
retire_trace slot=0 cycle=1063 pc=0x8000023c opcode=0x03f7f513
retire_trace slot=0 cycle=1064 pc=0x80000240 opcode=0x03f6f593
retire_trace slot=0 cycle=1065 pc=0x80000244 opcode=0x00a72023
retire_trace slot=0 cycle=1066 pc=0x80000248 opcode=0x00b62023
retire_trace slot=0 cycle=1067 pc=0x8000024c opcode=0x00778793
retire_trace slot=0 cycle=1068 pc=0x80000250 opcode=0x00470713
retire_trace slot=0 cycle=1069 pc=0x80000254 opcode=0x00968693
retire_trace slot=0 cycle=1070 pc=0x80000258 opcode=0x00460613
retire_trace slot=1 cycle=1070 pc=0x8000025c opcode=0xff0790e3
retire_trace slot=0 cycle=1073 pc=0x8000023c opcode=0x03f7f513
retire_trace slot=0 cycle=1074 pc=0x80000240 opcode=0x03f6f593
retire_trace slot=0 cycle=1075 pc=0x80000244 opcode=0x00a72023
retire_trace slot=0 cycle=1076 pc=0x80000248 opcode=0x00b62023
retire_trace slot=0 cycle=1077 pc=0x8000024c opcode=0x00778793
retire_trace slot=0 cycle=1078 pc=0x80000250 opcode=0x00470713
retire_trace slot=0 cycle=1079 pc=0x80000254 opcode=0x00968693
retire_trace slot=0 cycle=1080 pc=0x80000258 opcode=0x00460613
retire_trace slot=1 cycle=1080 pc=0x8000025c opcode=0xff0790e3
retire_trace slot=0 cycle=1083 pc=0x8000023c opcode=0x03f7f513
retire_trace slot=0 cycle=1084 pc=0x80000240 opcode=0x03f6f593
retire_trace slot=0 cycle=1085 pc=0x80000244 opcode=0x00a72023
retire_trace slot=0 cycle=1086 pc=0x80000248 opcode=0x00b62023
retire_trace slot=0 cycle=1087 pc=0x8000024c opcode=0x00778793
retire_trace slot=0 cycle=1088 pc=0x80000250 opcode=0x00470713
retire_trace slot=0 cycle=1089 pc=0x80000254 opcode=0x00968693
retire_trace slot=0 cycle=1090 pc=0x80000258 opcode=0x00460613
retire_trace slot=1 cycle=1090 pc=0x8000025c opcode=0xff0790e3
retire_trace slot=0 cycle=1093 pc=0x8000023c opcode=0x03f7f513
retire_trace slot=0 cycle=1094 pc=0x80000240 opcode=0x03f6f593
retire_trace slot=0 cycle=1095 pc=0x80000244 opcode=0x00a72023
retire_trace slot=0 cycle=1096 pc=0x80000248 opcode=0x00b62023
retire_trace slot=0 cycle=1097 pc=0x8000024c opcode=0x00778793
retire_trace slot=0 cycle=1098 pc=0x80000250 opcode=0x00470713
retire_trace slot=0 cycle=1099 pc=0x80000254 opcode=0x00968693
retire_trace slot=0 cycle=1100 pc=0x80000258 opcode=0x00460613
retire_trace slot=1 cycle=1100 pc=0x8000025c opcode=0xff0790e3
retire_trace slot=0 cycle=1103 pc=0x8000023c opcode=0x03f7f513
retire_trace slot=0 cycle=1104 pc=0x80000240 opcode=0x03f6f593
retire_trace slot=0 cycle=1105 pc=0x80000244 opcode=0x00a72023
retire_trace slot=0 cycle=1106 pc=0x80000248 opcode=0x00b62023
retire_trace slot=0 cycle=1107 pc=0x8000024c opcode=0x00778793
retire_trace slot=0 cycle=1108 pc=0x80000250 opcode=0x00470713
retire_trace slot=0 cycle=1109 pc=0x80000254 opcode=0x00968693
retire_trace slot=0 cycle=1110 pc=0x80000258 opcode=0x00460613
retire_trace slot=1 cycle=1110 pc=0x8000025c opcode=0xff0790e3
retire_trace slot=0 cycle=1113 pc=0x8000023c opcode=0x03f7f513
retire_trace slot=0 cycle=1114 pc=0x80000240 opcode=0x03f6f593
retire_trace slot=0 cycle=1115 pc=0x80000244 opcode=0x00a72023
retire_trace slot=0 cycle=1116 pc=0x80000248 opcode=0x00b62023
retire_trace slot=0 cycle=1117 pc=0x8000024c opcode=0x00778793
retire_trace slot=0 cycle=1118 pc=0x80000250 opcode=0x00470713
retire_trace slot=0 cycle=1119 pc=0x80000254 opcode=0x00968693
retire_trace slot=0 cycle=1120 pc=0x80000258 opcode=0x00460613
retire_trace slot=1 cycle=1120 pc=0x8000025c opcode=0xff0790e3
retire_trace slot=0 cycle=1123 pc=0x8000023c opcode=0x03f7f513
retire_trace slot=0 cycle=1124 pc=0x80000240 opcode=0x03f6f593
retire_trace slot=0 cycle=1125 pc=0x80000244 opcode=0x00a72023
retire_trace slot=0 cycle=1126 pc=0x80000248 opcode=0x00b62023
retire_trace slot=0 cycle=1127 pc=0x8000024c opcode=0x00778793
retire_trace slot=0 cycle=1128 pc=0x80000250 opcode=0x00470713
retire_trace slot=0 cycle=1129 pc=0x80000254 opcode=0x00968693
retire_trace slot=0 cycle=1130 pc=0x80000258 opcode=0x00460613
retire_trace slot=1 cycle=1130 pc=0x8000025c opcode=0xff0790e3
retire_trace slot=0 cycle=1133 pc=0x8000023c opcode=0x03f7f513
retire_trace slot=0 cycle=1134 pc=0x80000240 opcode=0x03f6f593
retire_trace slot=0 cycle=1135 pc=0x80000244 opcode=0x00a72023
retire_trace slot=0 cycle=1136 pc=0x80000248 opcode=0x00b62023
retire_trace slot=0 cycle=1137 pc=0x8000024c opcode=0x00778793
retire_trace slot=0 cycle=1138 pc=0x80000250 opcode=0x00470713
retire_trace slot=0 cycle=1139 pc=0x80000254 opcode=0x00968693
retire_trace slot=0 cycle=1140 pc=0x80000258 opcode=0x00460613
retire_trace slot=1 cycle=1140 pc=0x8000025c opcode=0xff0790e3
retire_trace slot=0 cycle=1143 pc=0x8000023c opcode=0x03f7f513
retire_trace slot=0 cycle=1144 pc=0x80000240 opcode=0x03f6f593
retire_trace slot=0 cycle=1145 pc=0x80000244 opcode=0x00a72023
retire_trace slot=0 cycle=1146 pc=0x80000248 opcode=0x00b62023
retire_trace slot=0 cycle=1147 pc=0x8000024c opcode=0x00778793
retire_trace slot=0 cycle=1148 pc=0x80000250 opcode=0x00470713
retire_trace slot=0 cycle=1149 pc=0x80000254 opcode=0x00968693
retire_trace slot=0 cycle=1150 pc=0x80000258 opcode=0x00460613
retire_trace slot=1 cycle=1150 pc=0x8000025c opcode=0xff0790e3
retire_trace slot=0 cycle=1153 pc=0x8000023c opcode=0x03f7f513
retire_trace slot=0 cycle=1154 pc=0x80000240 opcode=0x03f6f593
retire_trace slot=0 cycle=1155 pc=0x80000244 opcode=0x00a72023
retire_trace slot=0 cycle=1156 pc=0x80000248 opcode=0x00b62023
retire_trace slot=0 cycle=1157 pc=0x8000024c opcode=0x00778793
retire_trace slot=0 cycle=1158 pc=0x80000250 opcode=0x00470713
retire_trace slot=0 cycle=1159 pc=0x80000254 opcode=0x00968693
retire_trace slot=0 cycle=1160 pc=0x80000258 opcode=0x00460613
retire_trace slot=1 cycle=1160 pc=0x8000025c opcode=0xff0790e3
retire_trace slot=0 cycle=1163 pc=0x8000023c opcode=0x03f7f513
retire_trace slot=0 cycle=1164 pc=0x80000240 opcode=0x03f6f593
retire_trace slot=0 cycle=1165 pc=0x80000244 opcode=0x00a72023
retire_trace slot=0 cycle=1166 pc=0x80000248 opcode=0x00b62023
retire_trace slot=0 cycle=1167 pc=0x8000024c opcode=0x00778793
retire_trace slot=0 cycle=1168 pc=0x80000250 opcode=0x00470713
retire_trace slot=0 cycle=1169 pc=0x80000254 opcode=0x00968693
retire_trace slot=0 cycle=1170 pc=0x80000258 opcode=0x00460613
retire_trace slot=1 cycle=1170 pc=0x8000025c opcode=0xff0790e3
retire_trace slot=0 cycle=1173 pc=0x8000023c opcode=0x03f7f513
retire_trace slot=0 cycle=1174 pc=0x80000240 opcode=0x03f6f593
retire_trace slot=0 cycle=1175 pc=0x80000244 opcode=0x00a72023
retire_trace slot=0 cycle=1176 pc=0x80000248 opcode=0x00b62023
retire_trace slot=0 cycle=1177 pc=0x8000024c opcode=0x00778793
retire_trace slot=0 cycle=1178 pc=0x80000250 opcode=0x00470713
retire_trace slot=0 cycle=1179 pc=0x80000254 opcode=0x00968693
retire_trace slot=0 cycle=1180 pc=0x80000258 opcode=0x00460613
retire_trace slot=1 cycle=1180 pc=0x8000025c opcode=0xff0790e3
retire_trace slot=0 cycle=1183 pc=0x8000023c opcode=0x03f7f513
retire_trace slot=0 cycle=1184 pc=0x80000240 opcode=0x03f6f593
retire_trace slot=0 cycle=1185 pc=0x80000244 opcode=0x00a72023
retire_trace slot=0 cycle=1186 pc=0x80000248 opcode=0x00b62023
retire_trace slot=0 cycle=1187 pc=0x8000024c opcode=0x00778793
retire_trace slot=0 cycle=1188 pc=0x80000250 opcode=0x00470713
retire_trace slot=0 cycle=1189 pc=0x80000254 opcode=0x00968693
retire_trace slot=0 cycle=1190 pc=0x80000258 opcode=0x00460613
retire_trace slot=1 cycle=1190 pc=0x8000025c opcode=0xff0790e3
retire_trace slot=0 cycle=1193 pc=0x8000023c opcode=0x03f7f513
retire_trace slot=0 cycle=1194 pc=0x80000240 opcode=0x03f6f593
retire_trace slot=0 cycle=1195 pc=0x80000244 opcode=0x00a72023
retire_trace slot=0 cycle=1196 pc=0x80000248 opcode=0x00b62023
retire_trace slot=0 cycle=1197 pc=0x8000024c opcode=0x00778793
retire_trace slot=0 cycle=1198 pc=0x80000250 opcode=0x00470713
retire_trace slot=0 cycle=1199 pc=0x80000254 opcode=0x00968693
retire_trace slot=0 cycle=1200 pc=0x80000258 opcode=0x00460613
retire_trace slot=1 cycle=1200 pc=0x8000025c opcode=0xff0790e3
retire_trace slot=0 cycle=1203 pc=0x8000023c opcode=0x03f7f513
retire_trace slot=0 cycle=1204 pc=0x80000240 opcode=0x03f6f593
retire_trace slot=0 cycle=1205 pc=0x80000244 opcode=0x00a72023
retire_trace slot=0 cycle=1206 pc=0x80000248 opcode=0x00b62023
retire_trace slot=0 cycle=1207 pc=0x8000024c opcode=0x00778793
retire_trace slot=0 cycle=1208 pc=0x80000250 opcode=0x00470713
retire_trace slot=0 cycle=1209 pc=0x80000254 opcode=0x00968693
retire_trace slot=0 cycle=1210 pc=0x80000258 opcode=0x00460613
retire_trace slot=1 cycle=1210 pc=0x8000025c opcode=0xff0790e3
retire_trace slot=0 cycle=1213 pc=0x8000023c opcode=0x03f7f513
retire_trace slot=0 cycle=1214 pc=0x80000240 opcode=0x03f6f593
retire_trace slot=0 cycle=1215 pc=0x80000244 opcode=0x00a72023
retire_trace slot=0 cycle=1216 pc=0x80000248 opcode=0x00b62023
retire_trace slot=0 cycle=1217 pc=0x8000024c opcode=0x00778793
retire_trace slot=0 cycle=1218 pc=0x80000250 opcode=0x00470713
retire_trace slot=0 cycle=1219 pc=0x80000254 opcode=0x00968693
retire_trace slot=0 cycle=1220 pc=0x80000258 opcode=0x00460613
retire_trace slot=1 cycle=1220 pc=0x8000025c opcode=0xff0790e3
retire_trace slot=0 cycle=1223 pc=0x8000023c opcode=0x03f7f513
retire_trace slot=0 cycle=1224 pc=0x80000240 opcode=0x03f6f593
retire_trace slot=0 cycle=1225 pc=0x80000244 opcode=0x00a72023
retire_trace slot=0 cycle=1226 pc=0x80000248 opcode=0x00b62023
retire_trace slot=0 cycle=1227 pc=0x8000024c opcode=0x00778793
retire_trace slot=0 cycle=1228 pc=0x80000250 opcode=0x00470713
retire_trace slot=0 cycle=1229 pc=0x80000254 opcode=0x00968693
retire_trace slot=0 cycle=1230 pc=0x80000258 opcode=0x00460613
retire_trace slot=1 cycle=1230 pc=0x8000025c opcode=0xff0790e3
retire_trace slot=0 cycle=1233 pc=0x8000023c opcode=0x03f7f513
retire_trace slot=0 cycle=1234 pc=0x80000240 opcode=0x03f6f593
retire_trace slot=0 cycle=1235 pc=0x80000244 opcode=0x00a72023
retire_trace slot=0 cycle=1236 pc=0x80000248 opcode=0x00b62023
retire_trace slot=0 cycle=1237 pc=0x8000024c opcode=0x00778793
retire_trace slot=0 cycle=1238 pc=0x80000250 opcode=0x00470713
retire_trace slot=0 cycle=1239 pc=0x80000254 opcode=0x00968693
retire_trace slot=0 cycle=1240 pc=0x80000258 opcode=0x00460613
retire_trace slot=1 cycle=1240 pc=0x8000025c opcode=0xff0790e3
retire_trace slot=0 cycle=1243 pc=0x8000023c opcode=0x03f7f513
retire_trace slot=0 cycle=1244 pc=0x80000240 opcode=0x03f6f593
retire_trace slot=0 cycle=1245 pc=0x80000244 opcode=0x00a72023
retire_trace slot=0 cycle=1246 pc=0x80000248 opcode=0x00b62023
retire_trace slot=0 cycle=1247 pc=0x8000024c opcode=0x00778793
retire_trace slot=0 cycle=1248 pc=0x80000250 opcode=0x00470713
retire_trace slot=0 cycle=1249 pc=0x80000254 opcode=0x00968693
retire_trace slot=0 cycle=1250 pc=0x80000258 opcode=0x00460613
retire_trace slot=1 cycle=1250 pc=0x8000025c opcode=0xff0790e3
retire_trace slot=0 cycle=1253 pc=0x8000023c opcode=0x03f7f513
retire_trace slot=0 cycle=1254 pc=0x80000240 opcode=0x03f6f593
retire_trace slot=0 cycle=1255 pc=0x80000244 opcode=0x00a72023
retire_trace slot=0 cycle=1256 pc=0x80000248 opcode=0x00b62023
retire_trace slot=0 cycle=1257 pc=0x8000024c opcode=0x00778793
retire_trace slot=0 cycle=1258 pc=0x80000250 opcode=0x00470713
retire_trace slot=0 cycle=1259 pc=0x80000254 opcode=0x00968693
retire_trace slot=0 cycle=1260 pc=0x80000258 opcode=0x00460613
retire_trace slot=1 cycle=1260 pc=0x8000025c opcode=0xff0790e3
retire_trace slot=0 cycle=1263 pc=0x8000023c opcode=0x03f7f513
retire_trace slot=0 cycle=1264 pc=0x80000240 opcode=0x03f6f593
retire_trace slot=0 cycle=1265 pc=0x80000244 opcode=0x00a72023
retire_trace slot=0 cycle=1266 pc=0x80000248 opcode=0x00b62023
retire_trace slot=0 cycle=1267 pc=0x8000024c opcode=0x00778793
retire_trace slot=0 cycle=1268 pc=0x80000250 opcode=0x00470713
retire_trace slot=0 cycle=1269 pc=0x80000254 opcode=0x00968693
retire_trace slot=0 cycle=1270 pc=0x80000258 opcode=0x00460613
retire_trace slot=1 cycle=1270 pc=0x8000025c opcode=0xff0790e3
retire_trace slot=0 cycle=1273 pc=0x8000023c opcode=0x03f7f513
retire_trace slot=0 cycle=1274 pc=0x80000240 opcode=0x03f6f593
retire_trace slot=0 cycle=1275 pc=0x80000244 opcode=0x00a72023
retire_trace slot=0 cycle=1276 pc=0x80000248 opcode=0x00b62023
retire_trace slot=0 cycle=1277 pc=0x8000024c opcode=0x00778793
retire_trace slot=0 cycle=1278 pc=0x80000250 opcode=0x00470713
retire_trace slot=0 cycle=1279 pc=0x80000254 opcode=0x00968693
retire_trace slot=0 cycle=1280 pc=0x80000258 opcode=0x00460613
retire_trace slot=1 cycle=1280 pc=0x8000025c opcode=0xff0790e3
retire_trace slot=0 cycle=1283 pc=0x8000023c opcode=0x03f7f513
retire_trace slot=0 cycle=1284 pc=0x80000240 opcode=0x03f6f593
retire_trace slot=0 cycle=1285 pc=0x80000244 opcode=0x00a72023
retire_trace slot=0 cycle=1286 pc=0x80000248 opcode=0x00b62023
retire_trace slot=0 cycle=1287 pc=0x8000024c opcode=0x00778793
retire_trace slot=0 cycle=1288 pc=0x80000250 opcode=0x00470713
retire_trace slot=0 cycle=1289 pc=0x80000254 opcode=0x00968693
retire_trace slot=0 cycle=1290 pc=0x80000258 opcode=0x00460613
retire_trace slot=1 cycle=1290 pc=0x8000025c opcode=0xff0790e3
retire_trace slot=0 cycle=1293 pc=0x8000023c opcode=0x03f7f513
retire_trace slot=0 cycle=1294 pc=0x80000240 opcode=0x03f6f593
retire_trace slot=0 cycle=1295 pc=0x80000244 opcode=0x00a72023
retire_trace slot=0 cycle=1296 pc=0x80000248 opcode=0x00b62023
retire_trace slot=0 cycle=1297 pc=0x8000024c opcode=0x00778793
retire_trace slot=0 cycle=1298 pc=0x80000250 opcode=0x00470713
retire_trace slot=0 cycle=1299 pc=0x80000254 opcode=0x00968693
retire_trace slot=0 cycle=1300 pc=0x80000258 opcode=0x00460613
retire_trace slot=1 cycle=1300 pc=0x8000025c opcode=0xff0790e3
retire_trace slot=0 cycle=1303 pc=0x8000023c opcode=0x03f7f513
retire_trace slot=0 cycle=1304 pc=0x80000240 opcode=0x03f6f593
retire_trace slot=0 cycle=1305 pc=0x80000244 opcode=0x00a72023
retire_trace slot=0 cycle=1306 pc=0x80000248 opcode=0x00b62023
retire_trace slot=0 cycle=1307 pc=0x8000024c opcode=0x00778793
retire_trace slot=0 cycle=1308 pc=0x80000250 opcode=0x00470713
retire_trace slot=0 cycle=1309 pc=0x80000254 opcode=0x00968693
retire_trace slot=0 cycle=1310 pc=0x80000258 opcode=0x00460613
retire_trace slot=1 cycle=1310 pc=0x8000025c opcode=0xff0790e3
retire_trace slot=0 cycle=1313 pc=0x8000023c opcode=0x03f7f513
retire_trace slot=0 cycle=1314 pc=0x80000240 opcode=0x03f6f593
retire_trace slot=0 cycle=1315 pc=0x80000244 opcode=0x00a72023
retire_trace slot=0 cycle=1316 pc=0x80000248 opcode=0x00b62023
retire_trace slot=0 cycle=1317 pc=0x8000024c opcode=0x00778793
retire_trace slot=0 cycle=1318 pc=0x80000250 opcode=0x00470713
retire_trace slot=0 cycle=1319 pc=0x80000254 opcode=0x00968693
retire_trace slot=0 cycle=1320 pc=0x80000258 opcode=0x00460613
retire_trace slot=1 cycle=1320 pc=0x8000025c opcode=0xff0790e3
retire_trace slot=0 cycle=1323 pc=0x8000023c opcode=0x03f7f513
retire_trace slot=0 cycle=1324 pc=0x80000240 opcode=0x03f6f593
retire_trace slot=0 cycle=1325 pc=0x80000244 opcode=0x00a72023
retire_trace slot=0 cycle=1326 pc=0x80000248 opcode=0x00b62023
retire_trace slot=0 cycle=1327 pc=0x8000024c opcode=0x00778793
retire_trace slot=0 cycle=1328 pc=0x80000250 opcode=0x00470713
retire_trace slot=0 cycle=1329 pc=0x80000254 opcode=0x00968693
retire_trace slot=0 cycle=1330 pc=0x80000258 opcode=0x00460613
retire_trace slot=1 cycle=1330 pc=0x8000025c opcode=0xff0790e3
retire_trace slot=0 cycle=1333 pc=0x8000023c opcode=0x03f7f513
retire_trace slot=0 cycle=1334 pc=0x80000240 opcode=0x03f6f593
retire_trace slot=0 cycle=1335 pc=0x80000244 opcode=0x00a72023
retire_trace slot=0 cycle=1336 pc=0x80000248 opcode=0x00b62023
retire_trace slot=0 cycle=1337 pc=0x8000024c opcode=0x00778793
retire_trace slot=0 cycle=1338 pc=0x80000250 opcode=0x00470713
retire_trace slot=0 cycle=1339 pc=0x80000254 opcode=0x00968693
retire_trace slot=0 cycle=1340 pc=0x80000258 opcode=0x00460613
retire_trace slot=1 cycle=1340 pc=0x8000025c opcode=0xff0790e3
retire_trace slot=0 cycle=1343 pc=0x8000023c opcode=0x03f7f513
retire_trace slot=0 cycle=1344 pc=0x80000240 opcode=0x03f6f593
retire_trace slot=0 cycle=1345 pc=0x80000244 opcode=0x00a72023
retire_trace slot=0 cycle=1346 pc=0x80000248 opcode=0x00b62023
retire_trace slot=0 cycle=1347 pc=0x8000024c opcode=0x00778793
retire_trace slot=0 cycle=1348 pc=0x80000250 opcode=0x00470713
retire_trace slot=0 cycle=1349 pc=0x80000254 opcode=0x00968693
retire_trace slot=0 cycle=1350 pc=0x80000258 opcode=0x00460613
retire_trace slot=1 cycle=1350 pc=0x8000025c opcode=0xff0790e3
retire_trace slot=0 cycle=1353 pc=0x8000023c opcode=0x03f7f513
retire_trace slot=0 cycle=1354 pc=0x80000240 opcode=0x03f6f593
retire_trace slot=0 cycle=1355 pc=0x80000244 opcode=0x00a72023
retire_trace slot=0 cycle=1356 pc=0x80000248 opcode=0x00b62023
retire_trace slot=0 cycle=1357 pc=0x8000024c opcode=0x00778793
retire_trace slot=0 cycle=1358 pc=0x80000250 opcode=0x00470713
retire_trace slot=0 cycle=1359 pc=0x80000254 opcode=0x00968693
retire_trace slot=0 cycle=1360 pc=0x80000258 opcode=0x00460613
retire_trace slot=1 cycle=1360 pc=0x8000025c opcode=0xff0790e3
retire_trace slot=0 cycle=1363 pc=0x8000023c opcode=0x03f7f513
retire_trace slot=0 cycle=1364 pc=0x80000240 opcode=0x03f6f593
retire_trace slot=0 cycle=1365 pc=0x80000244 opcode=0x00a72023
retire_trace slot=0 cycle=1366 pc=0x80000248 opcode=0x00b62023
retire_trace slot=0 cycle=1367 pc=0x8000024c opcode=0x00778793
retire_trace slot=0 cycle=1368 pc=0x80000250 opcode=0x00470713
retire_trace slot=0 cycle=1369 pc=0x80000254 opcode=0x00968693
retire_trace slot=0 cycle=1370 pc=0x80000258 opcode=0x00460613
retire_trace slot=1 cycle=1370 pc=0x8000025c opcode=0xff0790e3
retire_trace slot=0 cycle=1373 pc=0x8000023c opcode=0x03f7f513
retire_trace slot=0 cycle=1374 pc=0x80000240 opcode=0x03f6f593
retire_trace slot=0 cycle=1375 pc=0x80000244 opcode=0x00a72023
retire_trace slot=0 cycle=1376 pc=0x80000248 opcode=0x00b62023
retire_trace slot=0 cycle=1377 pc=0x8000024c opcode=0x00778793
retire_trace slot=0 cycle=1378 pc=0x80000250 opcode=0x00470713
retire_trace slot=0 cycle=1379 pc=0x80000254 opcode=0x00968693
retire_trace slot=0 cycle=1380 pc=0x80000258 opcode=0x00460613
retire_trace slot=1 cycle=1380 pc=0x8000025c opcode=0xff0790e3
retire_trace slot=0 cycle=1383 pc=0x8000023c opcode=0x03f7f513
retire_trace slot=0 cycle=1384 pc=0x80000240 opcode=0x03f6f593
retire_trace slot=0 cycle=1385 pc=0x80000244 opcode=0x00a72023
retire_trace slot=0 cycle=1386 pc=0x80000248 opcode=0x00b62023
retire_trace slot=0 cycle=1387 pc=0x8000024c opcode=0x00778793
retire_trace slot=0 cycle=1388 pc=0x80000250 opcode=0x00470713
retire_trace slot=0 cycle=1389 pc=0x80000254 opcode=0x00968693
retire_trace slot=0 cycle=1390 pc=0x80000258 opcode=0x00460613
retire_trace slot=1 cycle=1390 pc=0x8000025c opcode=0xff0790e3
retire_trace slot=0 cycle=1393 pc=0x8000023c opcode=0x03f7f513
retire_trace slot=0 cycle=1394 pc=0x80000240 opcode=0x03f6f593
retire_trace slot=0 cycle=1395 pc=0x80000244 opcode=0x00a72023
retire_trace slot=0 cycle=1396 pc=0x80000248 opcode=0x00b62023
retire_trace slot=0 cycle=1397 pc=0x8000024c opcode=0x00778793
retire_trace slot=0 cycle=1398 pc=0x80000250 opcode=0x00470713
retire_trace slot=0 cycle=1399 pc=0x80000254 opcode=0x00968693
retire_trace slot=0 cycle=1400 pc=0x80000258 opcode=0x00460613
retire_trace slot=1 cycle=1400 pc=0x8000025c opcode=0xff0790e3
retire_trace slot=0 cycle=1403 pc=0x8000023c opcode=0x03f7f513
retire_trace slot=0 cycle=1404 pc=0x80000240 opcode=0x03f6f593
retire_trace slot=0 cycle=1405 pc=0x80000244 opcode=0x00a72023
retire_trace slot=0 cycle=1406 pc=0x80000248 opcode=0x00b62023
retire_trace slot=0 cycle=1407 pc=0x8000024c opcode=0x00778793
retire_trace slot=0 cycle=1408 pc=0x80000250 opcode=0x00470713
retire_trace slot=0 cycle=1409 pc=0x80000254 opcode=0x00968693
retire_trace slot=0 cycle=1410 pc=0x80000258 opcode=0x00460613
retire_trace slot=1 cycle=1410 pc=0x8000025c opcode=0xff0790e3
retire_trace slot=0 cycle=1413 pc=0x8000023c opcode=0x03f7f513
retire_trace slot=0 cycle=1414 pc=0x80000240 opcode=0x03f6f593
retire_trace slot=0 cycle=1415 pc=0x80000244 opcode=0x00a72023
retire_trace slot=0 cycle=1416 pc=0x80000248 opcode=0x00b62023
retire_trace slot=0 cycle=1417 pc=0x8000024c opcode=0x00778793
retire_trace slot=0 cycle=1418 pc=0x80000250 opcode=0x00470713
retire_trace slot=0 cycle=1419 pc=0x80000254 opcode=0x00968693
retire_trace slot=0 cycle=1420 pc=0x80000258 opcode=0x00460613
retire_trace slot=1 cycle=1420 pc=0x8000025c opcode=0xff0790e3
retire_trace slot=0 cycle=1423 pc=0x8000023c opcode=0x03f7f513
retire_trace slot=0 cycle=1424 pc=0x80000240 opcode=0x03f6f593
retire_trace slot=0 cycle=1425 pc=0x80000244 opcode=0x00a72023
retire_trace slot=0 cycle=1426 pc=0x80000248 opcode=0x00b62023
retire_trace slot=0 cycle=1427 pc=0x8000024c opcode=0x00778793
retire_trace slot=0 cycle=1428 pc=0x80000250 opcode=0x00470713
retire_trace slot=0 cycle=1429 pc=0x80000254 opcode=0x00968693
retire_trace slot=0 cycle=1430 pc=0x80000258 opcode=0x00460613
retire_trace slot=1 cycle=1430 pc=0x8000025c opcode=0xff0790e3
retire_trace slot=0 cycle=1433 pc=0x8000023c opcode=0x03f7f513
retire_trace slot=0 cycle=1434 pc=0x80000240 opcode=0x03f6f593
retire_trace slot=0 cycle=1435 pc=0x80000244 opcode=0x00a72023
retire_trace slot=0 cycle=1436 pc=0x80000248 opcode=0x00b62023
retire_trace slot=0 cycle=1437 pc=0x8000024c opcode=0x00778793
retire_trace slot=0 cycle=1438 pc=0x80000250 opcode=0x00470713
retire_trace slot=0 cycle=1439 pc=0x80000254 opcode=0x00968693
retire_trace slot=0 cycle=1440 pc=0x80000258 opcode=0x00460613
retire_trace slot=1 cycle=1440 pc=0x8000025c opcode=0xff0790e3
retire_trace slot=0 cycle=1443 pc=0x8000023c opcode=0x03f7f513
retire_trace slot=0 cycle=1444 pc=0x80000240 opcode=0x03f6f593
retire_trace slot=0 cycle=1445 pc=0x80000244 opcode=0x00a72023
retire_trace slot=0 cycle=1446 pc=0x80000248 opcode=0x00b62023
retire_trace slot=0 cycle=1447 pc=0x8000024c opcode=0x00778793
retire_trace slot=0 cycle=1448 pc=0x80000250 opcode=0x00470713
retire_trace slot=0 cycle=1449 pc=0x80000254 opcode=0x00968693
retire_trace slot=0 cycle=1450 pc=0x80000258 opcode=0x00460613
retire_trace slot=1 cycle=1450 pc=0x8000025c opcode=0xff0790e3
retire_trace slot=0 cycle=1453 pc=0x8000023c opcode=0x03f7f513
retire_trace slot=0 cycle=1454 pc=0x80000240 opcode=0x03f6f593
retire_trace slot=0 cycle=1455 pc=0x80000244 opcode=0x00a72023
retire_trace slot=0 cycle=1456 pc=0x80000248 opcode=0x00b62023
retire_trace slot=0 cycle=1457 pc=0x8000024c opcode=0x00778793
retire_trace slot=0 cycle=1458 pc=0x80000250 opcode=0x00470713
retire_trace slot=0 cycle=1459 pc=0x80000254 opcode=0x00968693
retire_trace slot=0 cycle=1460 pc=0x80000258 opcode=0x00460613
retire_trace slot=1 cycle=1460 pc=0x8000025c opcode=0xff0790e3
retire_trace slot=0 cycle=1463 pc=0x8000023c opcode=0x03f7f513
retire_trace slot=0 cycle=1464 pc=0x80000240 opcode=0x03f6f593
retire_trace slot=0 cycle=1465 pc=0x80000244 opcode=0x00a72023
retire_trace slot=0 cycle=1466 pc=0x80000248 opcode=0x00b62023
retire_trace slot=0 cycle=1467 pc=0x8000024c opcode=0x00778793
retire_trace slot=0 cycle=1468 pc=0x80000250 opcode=0x00470713
retire_trace slot=0 cycle=1469 pc=0x80000254 opcode=0x00968693
retire_trace slot=0 cycle=1470 pc=0x80000258 opcode=0x00460613
retire_trace slot=1 cycle=1470 pc=0x8000025c opcode=0xff0790e3
retire_trace slot=0 cycle=1473 pc=0x8000023c opcode=0x03f7f513
retire_trace slot=0 cycle=1474 pc=0x80000240 opcode=0x03f6f593
retire_trace slot=0 cycle=1475 pc=0x80000244 opcode=0x00a72023
retire_trace slot=0 cycle=1476 pc=0x80000248 opcode=0x00b62023
retire_trace slot=0 cycle=1477 pc=0x8000024c opcode=0x00778793
retire_trace slot=0 cycle=1478 pc=0x80000250 opcode=0x00470713
retire_trace slot=0 cycle=1479 pc=0x80000254 opcode=0x00968693
retire_trace slot=0 cycle=1480 pc=0x80000258 opcode=0x00460613
retire_trace slot=1 cycle=1480 pc=0x8000025c opcode=0xff0790e3
retire_trace slot=0 cycle=1483 pc=0x8000023c opcode=0x03f7f513
retire_trace slot=0 cycle=1484 pc=0x80000240 opcode=0x03f6f593
retire_trace slot=0 cycle=1485 pc=0x80000244 opcode=0x00a72023
retire_trace slot=0 cycle=1486 pc=0x80000248 opcode=0x00b62023
retire_trace slot=0 cycle=1487 pc=0x8000024c opcode=0x00778793
retire_trace slot=0 cycle=1488 pc=0x80000250 opcode=0x00470713
retire_trace slot=0 cycle=1489 pc=0x80000254 opcode=0x00968693
retire_trace slot=0 cycle=1490 pc=0x80000258 opcode=0x00460613
retire_trace slot=1 cycle=1490 pc=0x8000025c opcode=0xff0790e3
retire_trace slot=0 cycle=1493 pc=0x8000023c opcode=0x03f7f513
retire_trace slot=0 cycle=1494 pc=0x80000240 opcode=0x03f6f593
retire_trace slot=0 cycle=1495 pc=0x80000244 opcode=0x00a72023
retire_trace slot=0 cycle=1496 pc=0x80000248 opcode=0x00b62023
retire_trace slot=0 cycle=1497 pc=0x8000024c opcode=0x00778793
retire_trace slot=0 cycle=1498 pc=0x80000250 opcode=0x00470713
retire_trace slot=0 cycle=1499 pc=0x80000254 opcode=0x00968693
retire_trace slot=0 cycle=1500 pc=0x80000258 opcode=0x00460613
retire_trace slot=1 cycle=1500 pc=0x8000025c opcode=0xff0790e3
retire_trace slot=0 cycle=1503 pc=0x8000023c opcode=0x03f7f513
retire_trace slot=0 cycle=1504 pc=0x80000240 opcode=0x03f6f593
retire_trace slot=0 cycle=1505 pc=0x80000244 opcode=0x00a72023
retire_trace slot=0 cycle=1506 pc=0x80000248 opcode=0x00b62023
retire_trace slot=0 cycle=1507 pc=0x8000024c opcode=0x00778793
retire_trace slot=0 cycle=1508 pc=0x80000250 opcode=0x00470713
retire_trace slot=0 cycle=1509 pc=0x80000254 opcode=0x00968693
retire_trace slot=0 cycle=1510 pc=0x80000258 opcode=0x00460613
retire_trace slot=1 cycle=1510 pc=0x8000025c opcode=0xff0790e3
retire_trace slot=0 cycle=1513 pc=0x8000023c opcode=0x03f7f513
retire_trace slot=0 cycle=1514 pc=0x80000240 opcode=0x03f6f593
retire_trace slot=0 cycle=1515 pc=0x80000244 opcode=0x00a72023
retire_trace slot=0 cycle=1516 pc=0x80000248 opcode=0x00b62023
retire_trace slot=0 cycle=1517 pc=0x8000024c opcode=0x00778793
retire_trace slot=0 cycle=1518 pc=0x80000250 opcode=0x00470713
retire_trace slot=0 cycle=1519 pc=0x80000254 opcode=0x00968693
retire_trace slot=0 cycle=1520 pc=0x80000258 opcode=0x00460613
retire_trace slot=1 cycle=1520 pc=0x8000025c opcode=0xff0790e3
retire_trace slot=0 cycle=1523 pc=0x8000023c opcode=0x03f7f513
retire_trace slot=0 cycle=1524 pc=0x80000240 opcode=0x03f6f593
retire_trace slot=0 cycle=1525 pc=0x80000244 opcode=0x00a72023
retire_trace slot=0 cycle=1526 pc=0x80000248 opcode=0x00b62023
retire_trace slot=0 cycle=1527 pc=0x8000024c opcode=0x00778793
retire_trace slot=0 cycle=1528 pc=0x80000250 opcode=0x00470713
retire_trace slot=0 cycle=1529 pc=0x80000254 opcode=0x00968693
retire_trace slot=0 cycle=1530 pc=0x80000258 opcode=0x00460613
retire_trace slot=1 cycle=1530 pc=0x8000025c opcode=0xff0790e3
retire_trace slot=0 cycle=1533 pc=0x8000023c opcode=0x03f7f513
retire_trace slot=0 cycle=1534 pc=0x80000240 opcode=0x03f6f593
retire_trace slot=0 cycle=1535 pc=0x80000244 opcode=0x00a72023
retire_trace slot=0 cycle=1536 pc=0x80000248 opcode=0x00b62023
retire_trace slot=0 cycle=1537 pc=0x8000024c opcode=0x00778793
retire_trace slot=0 cycle=1538 pc=0x80000250 opcode=0x00470713
retire_trace slot=0 cycle=1539 pc=0x80000254 opcode=0x00968693
retire_trace slot=0 cycle=1540 pc=0x80000258 opcode=0x00460613
retire_trace slot=1 cycle=1540 pc=0x8000025c opcode=0xff0790e3
retire_trace slot=0 cycle=1543 pc=0x8000023c opcode=0x03f7f513
retire_trace slot=0 cycle=1544 pc=0x80000240 opcode=0x03f6f593
retire_trace slot=0 cycle=1545 pc=0x80000244 opcode=0x00a72023
retire_trace slot=0 cycle=1546 pc=0x80000248 opcode=0x00b62023
retire_trace slot=0 cycle=1547 pc=0x8000024c opcode=0x00778793
retire_trace slot=0 cycle=1548 pc=0x80000250 opcode=0x00470713
retire_trace slot=0 cycle=1549 pc=0x80000254 opcode=0x00968693
retire_trace slot=0 cycle=1550 pc=0x80000258 opcode=0x00460613
retire_trace slot=1 cycle=1550 pc=0x8000025c opcode=0xff0790e3
retire_trace slot=0 cycle=1553 pc=0x8000023c opcode=0x03f7f513
retire_trace slot=0 cycle=1554 pc=0x80000240 opcode=0x03f6f593
retire_trace slot=0 cycle=1555 pc=0x80000244 opcode=0x00a72023
retire_trace slot=0 cycle=1556 pc=0x80000248 opcode=0x00b62023
retire_trace slot=0 cycle=1557 pc=0x8000024c opcode=0x00778793
retire_trace slot=0 cycle=1558 pc=0x80000250 opcode=0x00470713
retire_trace slot=0 cycle=1559 pc=0x80000254 opcode=0x00968693
retire_trace slot=0 cycle=1560 pc=0x80000258 opcode=0x00460613
retire_trace slot=1 cycle=1560 pc=0x8000025c opcode=0xff0790e3
retire_trace slot=0 cycle=1563 pc=0x8000023c opcode=0x03f7f513
retire_trace slot=0 cycle=1564 pc=0x80000240 opcode=0x03f6f593
retire_trace slot=0 cycle=1565 pc=0x80000244 opcode=0x00a72023
retire_trace slot=0 cycle=1566 pc=0x80000248 opcode=0x00b62023
retire_trace slot=0 cycle=1567 pc=0x8000024c opcode=0x00778793
retire_trace slot=0 cycle=1568 pc=0x80000250 opcode=0x00470713
retire_trace slot=0 cycle=1569 pc=0x80000254 opcode=0x00968693
retire_trace slot=0 cycle=1570 pc=0x80000258 opcode=0x00460613
retire_trace slot=1 cycle=1570 pc=0x8000025c opcode=0xff0790e3
retire_trace slot=0 cycle=1573 pc=0x8000023c opcode=0x03f7f513
retire_trace slot=0 cycle=1574 pc=0x80000240 opcode=0x03f6f593
retire_trace slot=0 cycle=1575 pc=0x80000244 opcode=0x00a72023
retire_trace slot=0 cycle=1576 pc=0x80000248 opcode=0x00b62023
retire_trace slot=0 cycle=1577 pc=0x8000024c opcode=0x00778793
retire_trace slot=0 cycle=1578 pc=0x80000250 opcode=0x00470713
retire_trace slot=0 cycle=1579 pc=0x80000254 opcode=0x00968693
retire_trace slot=0 cycle=1580 pc=0x80000258 opcode=0x00460613
retire_trace slot=1 cycle=1580 pc=0x8000025c opcode=0xff0790e3
retire_trace slot=0 cycle=1583 pc=0x8000023c opcode=0x03f7f513
retire_trace slot=0 cycle=1584 pc=0x80000240 opcode=0x03f6f593
retire_trace slot=0 cycle=1585 pc=0x80000244 opcode=0x00a72023
retire_trace slot=0 cycle=1586 pc=0x80000248 opcode=0x00b62023
retire_trace slot=0 cycle=1587 pc=0x8000024c opcode=0x00778793
retire_trace slot=0 cycle=1588 pc=0x80000250 opcode=0x00470713
retire_trace slot=0 cycle=1589 pc=0x80000254 opcode=0x00968693
retire_trace slot=0 cycle=1590 pc=0x80000258 opcode=0x00460613
retire_trace slot=1 cycle=1590 pc=0x8000025c opcode=0xff0790e3
retire_trace slot=0 cycle=1593 pc=0x8000023c opcode=0x03f7f513
retire_trace slot=0 cycle=1594 pc=0x80000240 opcode=0x03f6f593
retire_trace slot=0 cycle=1595 pc=0x80000244 opcode=0x00a72023
retire_trace slot=0 cycle=1596 pc=0x80000248 opcode=0x00b62023
retire_trace slot=0 cycle=1597 pc=0x8000024c opcode=0x00778793
retire_trace slot=0 cycle=1598 pc=0x80000250 opcode=0x00470713
retire_trace slot=0 cycle=1599 pc=0x80000254 opcode=0x00968693
retire_trace slot=0 cycle=1600 pc=0x80000258 opcode=0x00460613
retire_trace slot=1 cycle=1600 pc=0x8000025c opcode=0xff0790e3
retire_trace slot=0 cycle=1603 pc=0x8000023c opcode=0x03f7f513
retire_trace slot=0 cycle=1604 pc=0x80000240 opcode=0x03f6f593
retire_trace slot=0 cycle=1605 pc=0x80000244 opcode=0x00a72023
retire_trace slot=0 cycle=1606 pc=0x80000248 opcode=0x00b62023
retire_trace slot=0 cycle=1607 pc=0x8000024c opcode=0x00778793
retire_trace slot=0 cycle=1608 pc=0x80000250 opcode=0x00470713
retire_trace slot=0 cycle=1609 pc=0x80000254 opcode=0x00968693
retire_trace slot=0 cycle=1610 pc=0x80000258 opcode=0x00460613
retire_trace slot=1 cycle=1610 pc=0x8000025c opcode=0xff0790e3
retire_trace slot=0 cycle=1613 pc=0x8000023c opcode=0x03f7f513
retire_trace slot=0 cycle=1614 pc=0x80000240 opcode=0x03f6f593
retire_trace slot=0 cycle=1615 pc=0x80000244 opcode=0x00a72023
retire_trace slot=0 cycle=1616 pc=0x80000248 opcode=0x00b62023
retire_trace slot=0 cycle=1617 pc=0x8000024c opcode=0x00778793
retire_trace slot=0 cycle=1618 pc=0x80000250 opcode=0x00470713
retire_trace slot=0 cycle=1619 pc=0x80000254 opcode=0x00968693
retire_trace slot=0 cycle=1620 pc=0x80000258 opcode=0x00460613
retire_trace slot=1 cycle=1620 pc=0x8000025c opcode=0xff0790e3
retire_trace slot=0 cycle=1623 pc=0x8000023c opcode=0x03f7f513
retire_trace slot=0 cycle=1624 pc=0x80000240 opcode=0x03f6f593
retire_trace slot=0 cycle=1625 pc=0x80000244 opcode=0x00a72023
retire_trace slot=0 cycle=1626 pc=0x80000248 opcode=0x00b62023
retire_trace slot=0 cycle=1627 pc=0x8000024c opcode=0x00778793
retire_trace slot=0 cycle=1628 pc=0x80000250 opcode=0x00470713
retire_trace slot=0 cycle=1629 pc=0x80000254 opcode=0x00968693
retire_trace slot=0 cycle=1630 pc=0x80000258 opcode=0x00460613
retire_trace slot=1 cycle=1630 pc=0x8000025c opcode=0xff0790e3
retire_trace slot=0 cycle=1633 pc=0x8000023c opcode=0x03f7f513
retire_trace slot=0 cycle=1634 pc=0x80000240 opcode=0x03f6f593
retire_trace slot=0 cycle=1635 pc=0x80000244 opcode=0x00a72023
retire_trace slot=0 cycle=1636 pc=0x80000248 opcode=0x00b62023
retire_trace slot=0 cycle=1637 pc=0x8000024c opcode=0x00778793
retire_trace slot=0 cycle=1638 pc=0x80000250 opcode=0x00470713
retire_trace slot=0 cycle=1639 pc=0x80000254 opcode=0x00968693
retire_trace slot=0 cycle=1640 pc=0x80000258 opcode=0x00460613
retire_trace slot=1 cycle=1640 pc=0x8000025c opcode=0xff0790e3
retire_trace slot=0 cycle=1643 pc=0x8000023c opcode=0x03f7f513
retire_trace slot=0 cycle=1644 pc=0x80000240 opcode=0x03f6f593
retire_trace slot=0 cycle=1645 pc=0x80000244 opcode=0x00a72023
retire_trace slot=0 cycle=1646 pc=0x80000248 opcode=0x00b62023
retire_trace slot=0 cycle=1647 pc=0x8000024c opcode=0x00778793
retire_trace slot=0 cycle=1648 pc=0x80000250 opcode=0x00470713
retire_trace slot=0 cycle=1649 pc=0x80000254 opcode=0x00968693
retire_trace slot=0 cycle=1650 pc=0x80000258 opcode=0x00460613
retire_trace slot=1 cycle=1650 pc=0x8000025c opcode=0xff0790e3
retire_trace slot=0 cycle=1653 pc=0x8000023c opcode=0x03f7f513
retire_trace slot=0 cycle=1654 pc=0x80000240 opcode=0x03f6f593
retire_trace slot=0 cycle=1655 pc=0x80000244 opcode=0x00a72023
retire_trace slot=0 cycle=1656 pc=0x80000248 opcode=0x00b62023
retire_trace slot=0 cycle=1657 pc=0x8000024c opcode=0x00778793
retire_trace slot=0 cycle=1658 pc=0x80000250 opcode=0x00470713
retire_trace slot=0 cycle=1659 pc=0x80000254 opcode=0x00968693
retire_trace slot=0 cycle=1660 pc=0x80000258 opcode=0x00460613
retire_trace slot=1 cycle=1660 pc=0x8000025c opcode=0xff0790e3
retire_trace slot=0 cycle=1663 pc=0x8000023c opcode=0x03f7f513
retire_trace slot=0 cycle=1664 pc=0x80000240 opcode=0x03f6f593
retire_trace slot=0 cycle=1665 pc=0x80000244 opcode=0x00a72023
retire_trace slot=0 cycle=1666 pc=0x80000248 opcode=0x00b62023
retire_trace slot=0 cycle=1667 pc=0x8000024c opcode=0x00778793
retire_trace slot=0 cycle=1668 pc=0x80000250 opcode=0x00470713
retire_trace slot=0 cycle=1669 pc=0x80000254 opcode=0x00968693
retire_trace slot=0 cycle=1670 pc=0x80000258 opcode=0x00460613
retire_trace slot=1 cycle=1670 pc=0x8000025c opcode=0xff0790e3
retire_trace slot=0 cycle=1673 pc=0x8000023c opcode=0x03f7f513
retire_trace slot=0 cycle=1674 pc=0x80000240 opcode=0x03f6f593
retire_trace slot=0 cycle=1675 pc=0x80000244 opcode=0x00a72023
retire_trace slot=0 cycle=1676 pc=0x80000248 opcode=0x00b62023
retire_trace slot=0 cycle=1677 pc=0x8000024c opcode=0x00778793
retire_trace slot=0 cycle=1678 pc=0x80000250 opcode=0x00470713
retire_trace slot=0 cycle=1679 pc=0x80000254 opcode=0x00968693
retire_trace slot=0 cycle=1680 pc=0x80000258 opcode=0x00460613
retire_trace slot=1 cycle=1680 pc=0x8000025c opcode=0xff0790e3
retire_trace slot=0 cycle=1683 pc=0x8000023c opcode=0x03f7f513
retire_trace slot=0 cycle=1684 pc=0x80000240 opcode=0x03f6f593
retire_trace slot=0 cycle=1685 pc=0x80000244 opcode=0x00a72023
retire_trace slot=0 cycle=1686 pc=0x80000248 opcode=0x00b62023
retire_trace slot=0 cycle=1687 pc=0x8000024c opcode=0x00778793
retire_trace slot=0 cycle=1688 pc=0x80000250 opcode=0x00470713
retire_trace slot=0 cycle=1689 pc=0x80000254 opcode=0x00968693
retire_trace slot=0 cycle=1690 pc=0x80000258 opcode=0x00460613
retire_trace slot=1 cycle=1690 pc=0x8000025c opcode=0xff0790e3
retire_trace slot=0 cycle=1693 pc=0x8000023c opcode=0x03f7f513
retire_trace slot=0 cycle=1694 pc=0x80000240 opcode=0x03f6f593
retire_trace slot=0 cycle=1695 pc=0x80000244 opcode=0x00a72023
retire_trace slot=0 cycle=1696 pc=0x80000248 opcode=0x00b62023
retire_trace slot=0 cycle=1697 pc=0x8000024c opcode=0x00778793
retire_trace slot=0 cycle=1698 pc=0x80000250 opcode=0x00470713
retire_trace slot=0 cycle=1699 pc=0x80000254 opcode=0x00968693
retire_trace slot=0 cycle=1700 pc=0x80000258 opcode=0x00460613
retire_trace slot=1 cycle=1700 pc=0x8000025c opcode=0xff0790e3
retire_trace slot=0 cycle=1703 pc=0x8000023c opcode=0x03f7f513
retire_trace slot=0 cycle=1704 pc=0x80000240 opcode=0x03f6f593
retire_trace slot=0 cycle=1705 pc=0x80000244 opcode=0x00a72023
retire_trace slot=0 cycle=1706 pc=0x80000248 opcode=0x00b62023
retire_trace slot=0 cycle=1707 pc=0x8000024c opcode=0x00778793
retire_trace slot=0 cycle=1708 pc=0x80000250 opcode=0x00470713
retire_trace slot=0 cycle=1709 pc=0x80000254 opcode=0x00968693
retire_trace slot=0 cycle=1710 pc=0x80000258 opcode=0x00460613
retire_trace slot=1 cycle=1710 pc=0x8000025c opcode=0xff0790e3
retire_trace slot=0 cycle=1713 pc=0x8000023c opcode=0x03f7f513
retire_trace slot=0 cycle=1714 pc=0x80000240 opcode=0x03f6f593
retire_trace slot=0 cycle=1715 pc=0x80000244 opcode=0x00a72023
retire_trace slot=0 cycle=1716 pc=0x80000248 opcode=0x00b62023
retire_trace slot=0 cycle=1717 pc=0x8000024c opcode=0x00778793
retire_trace slot=0 cycle=1718 pc=0x80000250 opcode=0x00470713
retire_trace slot=0 cycle=1719 pc=0x80000254 opcode=0x00968693
retire_trace slot=0 cycle=1720 pc=0x80000258 opcode=0x00460613
retire_trace slot=1 cycle=1720 pc=0x8000025c opcode=0xff0790e3
retire_trace slot=0 cycle=1723 pc=0x8000023c opcode=0x03f7f513
retire_trace slot=0 cycle=1724 pc=0x80000240 opcode=0x03f6f593
retire_trace slot=0 cycle=1725 pc=0x80000244 opcode=0x00a72023
retire_trace slot=0 cycle=1726 pc=0x80000248 opcode=0x00b62023
retire_trace slot=0 cycle=1727 pc=0x8000024c opcode=0x00778793
retire_trace slot=0 cycle=1728 pc=0x80000250 opcode=0x00470713
retire_trace slot=0 cycle=1729 pc=0x80000254 opcode=0x00968693
retire_trace slot=0 cycle=1730 pc=0x80000258 opcode=0x00460613
retire_trace slot=1 cycle=1730 pc=0x8000025c opcode=0xff0790e3
retire_trace slot=0 cycle=1733 pc=0x8000023c opcode=0x03f7f513
retire_trace slot=0 cycle=1734 pc=0x80000240 opcode=0x03f6f593
retire_trace slot=0 cycle=1735 pc=0x80000244 opcode=0x00a72023
retire_trace slot=0 cycle=1736 pc=0x80000248 opcode=0x00b62023
retire_trace slot=0 cycle=1737 pc=0x8000024c opcode=0x00778793
retire_trace slot=0 cycle=1738 pc=0x80000250 opcode=0x00470713
retire_trace slot=0 cycle=1739 pc=0x80000254 opcode=0x00968693
retire_trace slot=0 cycle=1740 pc=0x80000258 opcode=0x00460613
retire_trace slot=1 cycle=1740 pc=0x8000025c opcode=0xff0790e3
retire_trace slot=0 cycle=1743 pc=0x8000023c opcode=0x03f7f513
retire_trace slot=0 cycle=1744 pc=0x80000240 opcode=0x03f6f593
retire_trace slot=0 cycle=1745 pc=0x80000244 opcode=0x00a72023
retire_trace slot=0 cycle=1746 pc=0x80000248 opcode=0x00b62023
retire_trace slot=0 cycle=1747 pc=0x8000024c opcode=0x00778793
retire_trace slot=0 cycle=1748 pc=0x80000250 opcode=0x00470713
retire_trace slot=0 cycle=1749 pc=0x80000254 opcode=0x00968693
retire_trace slot=0 cycle=1750 pc=0x80000258 opcode=0x00460613
retire_trace slot=1 cycle=1750 pc=0x8000025c opcode=0xff0790e3
retire_trace slot=0 cycle=1753 pc=0x8000023c opcode=0x03f7f513
retire_trace slot=0 cycle=1754 pc=0x80000240 opcode=0x03f6f593
retire_trace slot=0 cycle=1755 pc=0x80000244 opcode=0x00a72023
retire_trace slot=0 cycle=1756 pc=0x80000248 opcode=0x00b62023
retire_trace slot=0 cycle=1757 pc=0x8000024c opcode=0x00778793
retire_trace slot=0 cycle=1758 pc=0x80000250 opcode=0x00470713
retire_trace slot=0 cycle=1759 pc=0x80000254 opcode=0x00968693
retire_trace slot=0 cycle=1760 pc=0x80000258 opcode=0x00460613
retire_trace slot=1 cycle=1760 pc=0x8000025c opcode=0xff0790e3
retire_trace slot=0 cycle=1763 pc=0x8000023c opcode=0x03f7f513
retire_trace slot=0 cycle=1764 pc=0x80000240 opcode=0x03f6f593
retire_trace slot=0 cycle=1765 pc=0x80000244 opcode=0x00a72023
retire_trace slot=0 cycle=1766 pc=0x80000248 opcode=0x00b62023
retire_trace slot=0 cycle=1767 pc=0x8000024c opcode=0x00778793
retire_trace slot=0 cycle=1768 pc=0x80000250 opcode=0x00470713
retire_trace slot=0 cycle=1769 pc=0x80000254 opcode=0x00968693
retire_trace slot=0 cycle=1770 pc=0x80000258 opcode=0x00460613
retire_trace slot=1 cycle=1770 pc=0x8000025c opcode=0xff0790e3
retire_trace slot=0 cycle=1773 pc=0x8000023c opcode=0x03f7f513
retire_trace slot=0 cycle=1774 pc=0x80000240 opcode=0x03f6f593
retire_trace slot=0 cycle=1775 pc=0x80000244 opcode=0x00a72023
retire_trace slot=0 cycle=1776 pc=0x80000248 opcode=0x00b62023
retire_trace slot=0 cycle=1777 pc=0x8000024c opcode=0x00778793
retire_trace slot=0 cycle=1778 pc=0x80000250 opcode=0x00470713
retire_trace slot=0 cycle=1779 pc=0x80000254 opcode=0x00968693
retire_trace slot=0 cycle=1780 pc=0x80000258 opcode=0x00460613
retire_trace slot=1 cycle=1780 pc=0x8000025c opcode=0xff0790e3
retire_trace slot=0 cycle=1783 pc=0x8000023c opcode=0x03f7f513
retire_trace slot=0 cycle=1784 pc=0x80000240 opcode=0x03f6f593
retire_trace slot=0 cycle=1785 pc=0x80000244 opcode=0x00a72023
retire_trace slot=0 cycle=1786 pc=0x80000248 opcode=0x00b62023
retire_trace slot=0 cycle=1787 pc=0x8000024c opcode=0x00778793
retire_trace slot=0 cycle=1788 pc=0x80000250 opcode=0x00470713
retire_trace slot=0 cycle=1789 pc=0x80000254 opcode=0x00968693
retire_trace slot=0 cycle=1790 pc=0x80000258 opcode=0x00460613
retire_trace slot=1 cycle=1790 pc=0x8000025c opcode=0xff0790e3
retire_trace slot=0 cycle=1793 pc=0x8000023c opcode=0x03f7f513
retire_trace slot=0 cycle=1794 pc=0x80000240 opcode=0x03f6f593
retire_trace slot=0 cycle=1795 pc=0x80000244 opcode=0x00a72023
retire_trace slot=0 cycle=1796 pc=0x80000248 opcode=0x00b62023
retire_trace slot=0 cycle=1797 pc=0x8000024c opcode=0x00778793
retire_trace slot=0 cycle=1798 pc=0x80000250 opcode=0x00470713
retire_trace slot=0 cycle=1799 pc=0x80000254 opcode=0x00968693
retire_trace slot=0 cycle=1800 pc=0x80000258 opcode=0x00460613
retire_trace slot=1 cycle=1800 pc=0x8000025c opcode=0xff0790e3
retire_trace slot=0 cycle=1803 pc=0x8000023c opcode=0x03f7f513
retire_trace slot=0 cycle=1804 pc=0x80000240 opcode=0x03f6f593
retire_trace slot=0 cycle=1805 pc=0x80000244 opcode=0x00a72023
retire_trace slot=0 cycle=1806 pc=0x80000248 opcode=0x00b62023
retire_trace slot=0 cycle=1807 pc=0x8000024c opcode=0x00778793
retire_trace slot=0 cycle=1808 pc=0x80000250 opcode=0x00470713
retire_trace slot=0 cycle=1809 pc=0x80000254 opcode=0x00968693
retire_trace slot=0 cycle=1810 pc=0x80000258 opcode=0x00460613
retire_trace slot=1 cycle=1810 pc=0x8000025c opcode=0xff0790e3
retire_trace slot=0 cycle=1813 pc=0x8000023c opcode=0x03f7f513
retire_trace slot=0 cycle=1814 pc=0x80000240 opcode=0x03f6f593
retire_trace slot=0 cycle=1815 pc=0x80000244 opcode=0x00a72023
retire_trace slot=0 cycle=1816 pc=0x80000248 opcode=0x00b62023
retire_trace slot=0 cycle=1817 pc=0x8000024c opcode=0x00778793
retire_trace slot=0 cycle=1818 pc=0x80000250 opcode=0x00470713
retire_trace slot=0 cycle=1819 pc=0x80000254 opcode=0x00968693
retire_trace slot=0 cycle=1820 pc=0x80000258 opcode=0x00460613
retire_trace slot=1 cycle=1820 pc=0x8000025c opcode=0xff0790e3
retire_trace slot=0 cycle=1823 pc=0x8000023c opcode=0x03f7f513
retire_trace slot=0 cycle=1824 pc=0x80000240 opcode=0x03f6f593
retire_trace slot=0 cycle=1825 pc=0x80000244 opcode=0x00a72023
retire_trace slot=0 cycle=1826 pc=0x80000248 opcode=0x00b62023
retire_trace slot=0 cycle=1827 pc=0x8000024c opcode=0x00778793
retire_trace slot=0 cycle=1828 pc=0x80000250 opcode=0x00470713
retire_trace slot=0 cycle=1829 pc=0x80000254 opcode=0x00968693
retire_trace slot=0 cycle=1830 pc=0x80000258 opcode=0x00460613
retire_trace slot=1 cycle=1830 pc=0x8000025c opcode=0xff0790e3
retire_trace slot=0 cycle=1833 pc=0x8000023c opcode=0x03f7f513
retire_trace slot=0 cycle=1834 pc=0x80000240 opcode=0x03f6f593
retire_trace slot=0 cycle=1835 pc=0x80000244 opcode=0x00a72023
retire_trace slot=0 cycle=1836 pc=0x80000248 opcode=0x00b62023
retire_trace slot=0 cycle=1837 pc=0x8000024c opcode=0x00778793
retire_trace slot=0 cycle=1838 pc=0x80000250 opcode=0x00470713
retire_trace slot=0 cycle=1839 pc=0x80000254 opcode=0x00968693
retire_trace slot=0 cycle=1840 pc=0x80000258 opcode=0x00460613
retire_trace slot=1 cycle=1840 pc=0x8000025c opcode=0xff0790e3
retire_trace slot=0 cycle=1843 pc=0x8000023c opcode=0x03f7f513
retire_trace slot=0 cycle=1844 pc=0x80000240 opcode=0x03f6f593
retire_trace slot=0 cycle=1845 pc=0x80000244 opcode=0x00a72023
retire_trace slot=0 cycle=1846 pc=0x80000248 opcode=0x00b62023
retire_trace slot=0 cycle=1847 pc=0x8000024c opcode=0x00778793
retire_trace slot=0 cycle=1848 pc=0x80000250 opcode=0x00470713
retire_trace slot=0 cycle=1849 pc=0x80000254 opcode=0x00968693
retire_trace slot=0 cycle=1850 pc=0x80000258 opcode=0x00460613
retire_trace slot=1 cycle=1850 pc=0x8000025c opcode=0xff0790e3
retire_trace slot=0 cycle=1853 pc=0x8000023c opcode=0x03f7f513
retire_trace slot=0 cycle=1854 pc=0x80000240 opcode=0x03f6f593
retire_trace slot=0 cycle=1855 pc=0x80000244 opcode=0x00a72023
retire_trace slot=0 cycle=1856 pc=0x80000248 opcode=0x00b62023
retire_trace slot=0 cycle=1857 pc=0x8000024c opcode=0x00778793
retire_trace slot=0 cycle=1858 pc=0x80000250 opcode=0x00470713
retire_trace slot=0 cycle=1859 pc=0x80000254 opcode=0x00968693
retire_trace slot=0 cycle=1860 pc=0x80000258 opcode=0x00460613
retire_trace slot=1 cycle=1860 pc=0x8000025c opcode=0xff0790e3
retire_trace slot=0 cycle=1863 pc=0x8000023c opcode=0x03f7f513
retire_trace slot=0 cycle=1864 pc=0x80000240 opcode=0x03f6f593
retire_trace slot=0 cycle=1865 pc=0x80000244 opcode=0x00a72023
retire_trace slot=0 cycle=1866 pc=0x80000248 opcode=0x00b62023
retire_trace slot=0 cycle=1867 pc=0x8000024c opcode=0x00778793
retire_trace slot=0 cycle=1868 pc=0x80000250 opcode=0x00470713
retire_trace slot=0 cycle=1869 pc=0x80000254 opcode=0x00968693
retire_trace slot=0 cycle=1870 pc=0x80000258 opcode=0x00460613
retire_trace slot=1 cycle=1870 pc=0x8000025c opcode=0xff0790e3
retire_trace slot=0 cycle=1873 pc=0x8000023c opcode=0x03f7f513
retire_trace slot=0 cycle=1874 pc=0x80000240 opcode=0x03f6f593
retire_trace slot=0 cycle=1875 pc=0x80000244 opcode=0x00a72023
retire_trace slot=0 cycle=1876 pc=0x80000248 opcode=0x00b62023
retire_trace slot=0 cycle=1877 pc=0x8000024c opcode=0x00778793
retire_trace slot=0 cycle=1878 pc=0x80000250 opcode=0x00470713
retire_trace slot=0 cycle=1879 pc=0x80000254 opcode=0x00968693
retire_trace slot=0 cycle=1880 pc=0x80000258 opcode=0x00460613
retire_trace slot=1 cycle=1880 pc=0x8000025c opcode=0xff0790e3
retire_trace slot=0 cycle=1883 pc=0x8000023c opcode=0x03f7f513
retire_trace slot=0 cycle=1884 pc=0x80000240 opcode=0x03f6f593
retire_trace slot=0 cycle=1885 pc=0x80000244 opcode=0x00a72023
retire_trace slot=0 cycle=1886 pc=0x80000248 opcode=0x00b62023
retire_trace slot=0 cycle=1887 pc=0x8000024c opcode=0x00778793
retire_trace slot=0 cycle=1888 pc=0x80000250 opcode=0x00470713
retire_trace slot=0 cycle=1889 pc=0x80000254 opcode=0x00968693
retire_trace slot=0 cycle=1890 pc=0x80000258 opcode=0x00460613
retire_trace slot=1 cycle=1890 pc=0x8000025c opcode=0xff0790e3
retire_trace slot=0 cycle=1893 pc=0x8000023c opcode=0x03f7f513
retire_trace slot=0 cycle=1894 pc=0x80000240 opcode=0x03f6f593
retire_trace slot=0 cycle=1895 pc=0x80000244 opcode=0x00a72023
retire_trace slot=0 cycle=1896 pc=0x80000248 opcode=0x00b62023
retire_trace slot=0 cycle=1897 pc=0x8000024c opcode=0x00778793
retire_trace slot=0 cycle=1898 pc=0x80000250 opcode=0x00470713
retire_trace slot=0 cycle=1899 pc=0x80000254 opcode=0x00968693
retire_trace slot=0 cycle=1900 pc=0x80000258 opcode=0x00460613
retire_trace slot=1 cycle=1900 pc=0x8000025c opcode=0xff0790e3
retire_trace slot=0 cycle=1903 pc=0x8000023c opcode=0x03f7f513
retire_trace slot=0 cycle=1904 pc=0x80000240 opcode=0x03f6f593
retire_trace slot=0 cycle=1905 pc=0x80000244 opcode=0x00a72023
retire_trace slot=0 cycle=1906 pc=0x80000248 opcode=0x00b62023
retire_trace slot=0 cycle=1907 pc=0x8000024c opcode=0x00778793
retire_trace slot=0 cycle=1908 pc=0x80000250 opcode=0x00470713
retire_trace slot=0 cycle=1909 pc=0x80000254 opcode=0x00968693
retire_trace slot=0 cycle=1910 pc=0x80000258 opcode=0x00460613
retire_trace slot=1 cycle=1910 pc=0x8000025c opcode=0xff0790e3
retire_trace slot=0 cycle=1913 pc=0x8000023c opcode=0x03f7f513
retire_trace slot=0 cycle=1914 pc=0x80000240 opcode=0x03f6f593
retire_trace slot=0 cycle=1915 pc=0x80000244 opcode=0x00a72023
retire_trace slot=0 cycle=1916 pc=0x80000248 opcode=0x00b62023
retire_trace slot=0 cycle=1917 pc=0x8000024c opcode=0x00778793
retire_trace slot=0 cycle=1918 pc=0x80000250 opcode=0x00470713
retire_trace slot=0 cycle=1919 pc=0x80000254 opcode=0x00968693
retire_trace slot=0 cycle=1920 pc=0x80000258 opcode=0x00460613
retire_trace slot=1 cycle=1920 pc=0x8000025c opcode=0xff0790e3
retire_trace slot=0 cycle=1923 pc=0x8000023c opcode=0x03f7f513
retire_trace slot=0 cycle=1924 pc=0x80000240 opcode=0x03f6f593
retire_trace slot=0 cycle=1925 pc=0x80000244 opcode=0x00a72023
retire_trace slot=0 cycle=1926 pc=0x80000248 opcode=0x00b62023
retire_trace slot=0 cycle=1927 pc=0x8000024c opcode=0x00778793
retire_trace slot=0 cycle=1928 pc=0x80000250 opcode=0x00470713
retire_trace slot=0 cycle=1929 pc=0x80000254 opcode=0x00968693
retire_trace slot=0 cycle=1930 pc=0x80000258 opcode=0x00460613
retire_trace slot=1 cycle=1930 pc=0x8000025c opcode=0xff0790e3
retire_trace slot=0 cycle=1933 pc=0x8000023c opcode=0x03f7f513
retire_trace slot=0 cycle=1934 pc=0x80000240 opcode=0x03f6f593
retire_trace slot=0 cycle=1935 pc=0x80000244 opcode=0x00a72023
retire_trace slot=0 cycle=1936 pc=0x80000248 opcode=0x00b62023
retire_trace slot=0 cycle=1937 pc=0x8000024c opcode=0x00778793
retire_trace slot=0 cycle=1938 pc=0x80000250 opcode=0x00470713
retire_trace slot=0 cycle=1939 pc=0x80000254 opcode=0x00968693
retire_trace slot=0 cycle=1940 pc=0x80000258 opcode=0x00460613
retire_trace slot=1 cycle=1940 pc=0x8000025c opcode=0xff0790e3
retire_trace slot=0 cycle=1943 pc=0x8000023c opcode=0x03f7f513
retire_trace slot=0 cycle=1944 pc=0x80000240 opcode=0x03f6f593
retire_trace slot=0 cycle=1945 pc=0x80000244 opcode=0x00a72023
retire_trace slot=0 cycle=1946 pc=0x80000248 opcode=0x00b62023
retire_trace slot=0 cycle=1947 pc=0x8000024c opcode=0x00778793
retire_trace slot=0 cycle=1948 pc=0x80000250 opcode=0x00470713
retire_trace slot=0 cycle=1949 pc=0x80000254 opcode=0x00968693
retire_trace slot=0 cycle=1950 pc=0x80000258 opcode=0x00460613
retire_trace slot=1 cycle=1950 pc=0x8000025c opcode=0xff0790e3
retire_trace slot=0 cycle=1953 pc=0x8000023c opcode=0x03f7f513
retire_trace slot=0 cycle=1954 pc=0x80000240 opcode=0x03f6f593
retire_trace slot=0 cycle=1955 pc=0x80000244 opcode=0x00a72023
retire_trace slot=0 cycle=1956 pc=0x80000248 opcode=0x00b62023
retire_trace slot=0 cycle=1957 pc=0x8000024c opcode=0x00778793
retire_trace slot=0 cycle=1958 pc=0x80000250 opcode=0x00470713
retire_trace slot=0 cycle=1959 pc=0x80000254 opcode=0x00968693
retire_trace slot=0 cycle=1960 pc=0x80000258 opcode=0x00460613
retire_trace slot=1 cycle=1960 pc=0x8000025c opcode=0xff0790e3
retire_trace slot=0 cycle=1963 pc=0x8000023c opcode=0x03f7f513
retire_trace slot=0 cycle=1964 pc=0x80000240 opcode=0x03f6f593
retire_trace slot=0 cycle=1965 pc=0x80000244 opcode=0x00a72023
retire_trace slot=0 cycle=1966 pc=0x80000248 opcode=0x00b62023
retire_trace slot=0 cycle=1967 pc=0x8000024c opcode=0x00778793
retire_trace slot=0 cycle=1968 pc=0x80000250 opcode=0x00470713
retire_trace slot=0 cycle=1969 pc=0x80000254 opcode=0x00968693
retire_trace slot=0 cycle=1970 pc=0x80000258 opcode=0x00460613
retire_trace slot=1 cycle=1970 pc=0x8000025c opcode=0xff0790e3
retire_trace slot=0 cycle=1973 pc=0x8000023c opcode=0x03f7f513
retire_trace slot=0 cycle=1974 pc=0x80000240 opcode=0x03f6f593
retire_trace slot=0 cycle=1975 pc=0x80000244 opcode=0x00a72023
retire_trace slot=0 cycle=1976 pc=0x80000248 opcode=0x00b62023
retire_trace slot=0 cycle=1977 pc=0x8000024c opcode=0x00778793
retire_trace slot=0 cycle=1978 pc=0x80000250 opcode=0x00470713
retire_trace slot=0 cycle=1979 pc=0x80000254 opcode=0x00968693
retire_trace slot=0 cycle=1980 pc=0x80000258 opcode=0x00460613
retire_trace slot=1 cycle=1980 pc=0x8000025c opcode=0xff0790e3
retire_trace slot=0 cycle=1983 pc=0x8000023c opcode=0x03f7f513
retire_trace slot=0 cycle=1984 pc=0x80000240 opcode=0x03f6f593
retire_trace slot=0 cycle=1985 pc=0x80000244 opcode=0x00a72023
retire_trace slot=0 cycle=1986 pc=0x80000248 opcode=0x00b62023
retire_trace slot=0 cycle=1987 pc=0x8000024c opcode=0x00778793
retire_trace slot=0 cycle=1988 pc=0x80000250 opcode=0x00470713
retire_trace slot=0 cycle=1989 pc=0x80000254 opcode=0x00968693
retire_trace slot=0 cycle=1990 pc=0x80000258 opcode=0x00460613
retire_trace slot=1 cycle=1990 pc=0x8000025c opcode=0xff0790e3
retire_trace slot=0 cycle=1993 pc=0x8000023c opcode=0x03f7f513
retire_trace slot=0 cycle=1994 pc=0x80000240 opcode=0x03f6f593
retire_trace slot=0 cycle=1995 pc=0x80000244 opcode=0x00a72023
retire_trace slot=0 cycle=1996 pc=0x80000248 opcode=0x00b62023
retire_trace slot=0 cycle=1997 pc=0x8000024c opcode=0x00778793
retire_trace slot=0 cycle=1998 pc=0x80000250 opcode=0x00470713
retire_trace slot=0 cycle=1999 pc=0x80000254 opcode=0x00968693
retire_trace slot=0 cycle=2000 pc=0x80000258 opcode=0x00460613
retire_trace slot=1 cycle=2000 pc=0x8000025c opcode=0xff0790e3
retire_trace slot=0 cycle=2003 pc=0x8000023c opcode=0x03f7f513
retire_trace slot=0 cycle=2004 pc=0x80000240 opcode=0x03f6f593
retire_trace slot=0 cycle=2005 pc=0x80000244 opcode=0x00a72023
retire_trace slot=0 cycle=2006 pc=0x80000248 opcode=0x00b62023
retire_trace slot=0 cycle=2007 pc=0x8000024c opcode=0x00778793
retire_trace slot=0 cycle=2008 pc=0x80000250 opcode=0x00470713
retire_trace slot=0 cycle=2009 pc=0x80000254 opcode=0x00968693
retire_trace slot=0 cycle=2010 pc=0x80000258 opcode=0x00460613
retire_trace slot=1 cycle=2010 pc=0x8000025c opcode=0xff0790e3
retire_trace slot=0 cycle=2013 pc=0x8000023c opcode=0x03f7f513
retire_trace slot=0 cycle=2014 pc=0x80000240 opcode=0x03f6f593
retire_trace slot=0 cycle=2015 pc=0x80000244 opcode=0x00a72023
retire_trace slot=0 cycle=2016 pc=0x80000248 opcode=0x00b62023
retire_trace slot=0 cycle=2017 pc=0x8000024c opcode=0x00778793
retire_trace slot=0 cycle=2018 pc=0x80000250 opcode=0x00470713
retire_trace slot=0 cycle=2019 pc=0x80000254 opcode=0x00968693
retire_trace slot=0 cycle=2020 pc=0x80000258 opcode=0x00460613
retire_trace slot=1 cycle=2020 pc=0x8000025c opcode=0xff0790e3
retire_trace slot=0 cycle=2023 pc=0x8000023c opcode=0x03f7f513
retire_trace slot=0 cycle=2024 pc=0x80000240 opcode=0x03f6f593
retire_trace slot=0 cycle=2025 pc=0x80000244 opcode=0x00a72023
retire_trace slot=0 cycle=2026 pc=0x80000248 opcode=0x00b62023
retire_trace slot=0 cycle=2027 pc=0x8000024c opcode=0x00778793
retire_trace slot=0 cycle=2028 pc=0x80000250 opcode=0x00470713
retire_trace slot=0 cycle=2029 pc=0x80000254 opcode=0x00968693
retire_trace slot=0 cycle=2030 pc=0x80000258 opcode=0x00460613
retire_trace slot=1 cycle=2030 pc=0x8000025c opcode=0xff0790e3
retire_trace slot=0 cycle=2033 pc=0x8000023c opcode=0x03f7f513
retire_trace slot=0 cycle=2034 pc=0x80000240 opcode=0x03f6f593
retire_trace slot=0 cycle=2035 pc=0x80000244 opcode=0x00a72023
retire_trace slot=0 cycle=2036 pc=0x80000248 opcode=0x00b62023
retire_trace slot=0 cycle=2037 pc=0x8000024c opcode=0x00778793
retire_trace slot=0 cycle=2038 pc=0x80000250 opcode=0x00470713
retire_trace slot=0 cycle=2039 pc=0x80000254 opcode=0x00968693
retire_trace slot=0 cycle=2040 pc=0x80000258 opcode=0x00460613
retire_trace slot=1 cycle=2040 pc=0x8000025c opcode=0xff0790e3
retire_trace slot=0 cycle=2043 pc=0x8000023c opcode=0x03f7f513
retire_trace slot=0 cycle=2044 pc=0x80000240 opcode=0x03f6f593
retire_trace slot=0 cycle=2045 pc=0x80000244 opcode=0x00a72023
retire_trace slot=0 cycle=2046 pc=0x80000248 opcode=0x00b62023
retire_trace slot=0 cycle=2047 pc=0x8000024c opcode=0x00778793
retire_trace slot=0 cycle=2048 pc=0x80000250 opcode=0x00470713
retire_trace slot=0 cycle=2049 pc=0x80000254 opcode=0x00968693
retire_trace slot=0 cycle=2050 pc=0x80000258 opcode=0x00460613
retire_trace slot=1 cycle=2050 pc=0x8000025c opcode=0xff0790e3
retire_trace slot=0 cycle=2053 pc=0x8000023c opcode=0x03f7f513
retire_trace slot=0 cycle=2054 pc=0x80000240 opcode=0x03f6f593
retire_trace slot=0 cycle=2055 pc=0x80000244 opcode=0x00a72023
retire_trace slot=0 cycle=2056 pc=0x80000248 opcode=0x00b62023
retire_trace slot=0 cycle=2057 pc=0x8000024c opcode=0x00778793
retire_trace slot=0 cycle=2058 pc=0x80000250 opcode=0x00470713
retire_trace slot=0 cycle=2059 pc=0x80000254 opcode=0x00968693
retire_trace slot=0 cycle=2060 pc=0x80000258 opcode=0x00460613
retire_trace slot=1 cycle=2060 pc=0x8000025c opcode=0xff0790e3
retire_trace slot=0 cycle=2063 pc=0x8000023c opcode=0x03f7f513
retire_trace slot=0 cycle=2064 pc=0x80000240 opcode=0x03f6f593
retire_trace slot=0 cycle=2065 pc=0x80000244 opcode=0x00a72023
retire_trace slot=0 cycle=2066 pc=0x80000248 opcode=0x00b62023
retire_trace slot=0 cycle=2067 pc=0x8000024c opcode=0x00778793
retire_trace slot=0 cycle=2068 pc=0x80000250 opcode=0x00470713
retire_trace slot=0 cycle=2069 pc=0x80000254 opcode=0x00968693
retire_trace slot=0 cycle=2070 pc=0x80000258 opcode=0x00460613
retire_trace slot=1 cycle=2070 pc=0x8000025c opcode=0xff0790e3
retire_trace slot=0 cycle=2073 pc=0x8000023c opcode=0x03f7f513
retire_trace slot=0 cycle=2074 pc=0x80000240 opcode=0x03f6f593
retire_trace slot=0 cycle=2075 pc=0x80000244 opcode=0x00a72023
retire_trace slot=0 cycle=2076 pc=0x80000248 opcode=0x00b62023
retire_trace slot=0 cycle=2077 pc=0x8000024c opcode=0x00778793
retire_trace slot=0 cycle=2078 pc=0x80000250 opcode=0x00470713
retire_trace slot=0 cycle=2079 pc=0x80000254 opcode=0x00968693
retire_trace slot=0 cycle=2080 pc=0x80000258 opcode=0x00460613
retire_trace slot=1 cycle=2080 pc=0x8000025c opcode=0xff0790e3
retire_trace slot=0 cycle=2083 pc=0x8000023c opcode=0x03f7f513
retire_trace slot=0 cycle=2084 pc=0x80000240 opcode=0x03f6f593
retire_trace slot=0 cycle=2085 pc=0x80000244 opcode=0x00a72023
retire_trace slot=0 cycle=2086 pc=0x80000248 opcode=0x00b62023
retire_trace slot=0 cycle=2087 pc=0x8000024c opcode=0x00778793
retire_trace slot=0 cycle=2088 pc=0x80000250 opcode=0x00470713
retire_trace slot=0 cycle=2089 pc=0x80000254 opcode=0x00968693
retire_trace slot=0 cycle=2090 pc=0x80000258 opcode=0x00460613
retire_trace slot=1 cycle=2090 pc=0x8000025c opcode=0xff0790e3
retire_trace slot=0 cycle=2093 pc=0x8000023c opcode=0x03f7f513
retire_trace slot=0 cycle=2094 pc=0x80000240 opcode=0x03f6f593
retire_trace slot=0 cycle=2095 pc=0x80000244 opcode=0x00a72023
retire_trace slot=0 cycle=2096 pc=0x80000248 opcode=0x00b62023
retire_trace slot=0 cycle=2097 pc=0x8000024c opcode=0x00778793
retire_trace slot=0 cycle=2098 pc=0x80000250 opcode=0x00470713
retire_trace slot=0 cycle=2099 pc=0x80000254 opcode=0x00968693
retire_trace slot=0 cycle=2100 pc=0x80000258 opcode=0x00460613
retire_trace slot=1 cycle=2100 pc=0x8000025c opcode=0xff0790e3
retire_trace slot=0 cycle=2103 pc=0x8000023c opcode=0x03f7f513
retire_trace slot=0 cycle=2104 pc=0x80000240 opcode=0x03f6f593
retire_trace slot=0 cycle=2105 pc=0x80000244 opcode=0x00a72023
retire_trace slot=0 cycle=2106 pc=0x80000248 opcode=0x00b62023
retire_trace slot=0 cycle=2107 pc=0x8000024c opcode=0x00778793
retire_trace slot=0 cycle=2108 pc=0x80000250 opcode=0x00470713
retire_trace slot=0 cycle=2109 pc=0x80000254 opcode=0x00968693
retire_trace slot=0 cycle=2110 pc=0x80000258 opcode=0x00460613
retire_trace slot=1 cycle=2110 pc=0x8000025c opcode=0xff0790e3
retire_trace slot=0 cycle=2113 pc=0x8000023c opcode=0x03f7f513
retire_trace slot=0 cycle=2114 pc=0x80000240 opcode=0x03f6f593
retire_trace slot=0 cycle=2115 pc=0x80000244 opcode=0x00a72023
retire_trace slot=0 cycle=2116 pc=0x80000248 opcode=0x00b62023
retire_trace slot=0 cycle=2117 pc=0x8000024c opcode=0x00778793
retire_trace slot=0 cycle=2118 pc=0x80000250 opcode=0x00470713
retire_trace slot=0 cycle=2119 pc=0x80000254 opcode=0x00968693
retire_trace slot=0 cycle=2120 pc=0x80000258 opcode=0x00460613
retire_trace slot=1 cycle=2120 pc=0x8000025c opcode=0xff0790e3
retire_trace slot=0 cycle=2123 pc=0x8000023c opcode=0x03f7f513
retire_trace slot=0 cycle=2124 pc=0x80000240 opcode=0x03f6f593
retire_trace slot=0 cycle=2125 pc=0x80000244 opcode=0x00a72023
retire_trace slot=0 cycle=2126 pc=0x80000248 opcode=0x00b62023
retire_trace slot=0 cycle=2127 pc=0x8000024c opcode=0x00778793
retire_trace slot=0 cycle=2128 pc=0x80000250 opcode=0x00470713
retire_trace slot=0 cycle=2129 pc=0x80000254 opcode=0x00968693
retire_trace slot=0 cycle=2130 pc=0x80000258 opcode=0x00460613
retire_trace slot=1 cycle=2130 pc=0x8000025c opcode=0xff0790e3
retire_trace slot=0 cycle=2133 pc=0x8000023c opcode=0x03f7f513
retire_trace slot=0 cycle=2134 pc=0x80000240 opcode=0x03f6f593
retire_trace slot=0 cycle=2135 pc=0x80000244 opcode=0x00a72023
retire_trace slot=0 cycle=2136 pc=0x80000248 opcode=0x00b62023
retire_trace slot=0 cycle=2137 pc=0x8000024c opcode=0x00778793
retire_trace slot=0 cycle=2138 pc=0x80000250 opcode=0x00470713
retire_trace slot=0 cycle=2139 pc=0x80000254 opcode=0x00968693
retire_trace slot=0 cycle=2140 pc=0x80000258 opcode=0x00460613
retire_trace slot=1 cycle=2140 pc=0x8000025c opcode=0xff0790e3
retire_trace slot=0 cycle=2143 pc=0x8000023c opcode=0x03f7f513
retire_trace slot=0 cycle=2144 pc=0x80000240 opcode=0x03f6f593
retire_trace slot=0 cycle=2145 pc=0x80000244 opcode=0x00a72023
retire_trace slot=0 cycle=2146 pc=0x80000248 opcode=0x00b62023
retire_trace slot=0 cycle=2147 pc=0x8000024c opcode=0x00778793
retire_trace slot=0 cycle=2148 pc=0x80000250 opcode=0x00470713
retire_trace slot=0 cycle=2149 pc=0x80000254 opcode=0x00968693
retire_trace slot=0 cycle=2150 pc=0x80000258 opcode=0x00460613
retire_trace slot=1 cycle=2150 pc=0x8000025c opcode=0xff0790e3
retire_trace slot=0 cycle=2153 pc=0x8000023c opcode=0x03f7f513
retire_trace slot=0 cycle=2154 pc=0x80000240 opcode=0x03f6f593
retire_trace slot=0 cycle=2155 pc=0x80000244 opcode=0x00a72023
retire_trace slot=0 cycle=2156 pc=0x80000248 opcode=0x00b62023
retire_trace slot=0 cycle=2157 pc=0x8000024c opcode=0x00778793
retire_trace slot=0 cycle=2158 pc=0x80000250 opcode=0x00470713
retire_trace slot=0 cycle=2159 pc=0x80000254 opcode=0x00968693
retire_trace slot=0 cycle=2160 pc=0x80000258 opcode=0x00460613
retire_trace slot=1 cycle=2160 pc=0x8000025c opcode=0xff0790e3
retire_trace slot=0 cycle=2163 pc=0x8000023c opcode=0x03f7f513
retire_trace slot=0 cycle=2164 pc=0x80000240 opcode=0x03f6f593
retire_trace slot=0 cycle=2165 pc=0x80000244 opcode=0x00a72023
retire_trace slot=0 cycle=2166 pc=0x80000248 opcode=0x00b62023
retire_trace slot=0 cycle=2167 pc=0x8000024c opcode=0x00778793
retire_trace slot=0 cycle=2168 pc=0x80000250 opcode=0x00470713
retire_trace slot=0 cycle=2169 pc=0x80000254 opcode=0x00968693
retire_trace slot=0 cycle=2170 pc=0x80000258 opcode=0x00460613
retire_trace slot=1 cycle=2170 pc=0x8000025c opcode=0xff0790e3
retire_trace slot=0 cycle=2173 pc=0x8000023c opcode=0x03f7f513
retire_trace slot=0 cycle=2174 pc=0x80000240 opcode=0x03f6f593
retire_trace slot=0 cycle=2175 pc=0x80000244 opcode=0x00a72023
retire_trace slot=0 cycle=2176 pc=0x80000248 opcode=0x00b62023
retire_trace slot=0 cycle=2177 pc=0x8000024c opcode=0x00778793
retire_trace slot=0 cycle=2178 pc=0x80000250 opcode=0x00470713
retire_trace slot=0 cycle=2179 pc=0x80000254 opcode=0x00968693
retire_trace slot=0 cycle=2180 pc=0x80000258 opcode=0x00460613
retire_trace slot=1 cycle=2180 pc=0x8000025c opcode=0xff0790e3
retire_trace slot=0 cycle=2183 pc=0x8000023c opcode=0x03f7f513
retire_trace slot=0 cycle=2184 pc=0x80000240 opcode=0x03f6f593
retire_trace slot=0 cycle=2185 pc=0x80000244 opcode=0x00a72023
retire_trace slot=0 cycle=2186 pc=0x80000248 opcode=0x00b62023
retire_trace slot=0 cycle=2187 pc=0x8000024c opcode=0x00778793
retire_trace slot=0 cycle=2188 pc=0x80000250 opcode=0x00470713
retire_trace slot=0 cycle=2189 pc=0x80000254 opcode=0x00968693
retire_trace slot=0 cycle=2190 pc=0x80000258 opcode=0x00460613
retire_trace slot=1 cycle=2190 pc=0x8000025c opcode=0xff0790e3
retire_trace slot=0 cycle=2193 pc=0x8000023c opcode=0x03f7f513
retire_trace slot=0 cycle=2194 pc=0x80000240 opcode=0x03f6f593
retire_trace slot=0 cycle=2195 pc=0x80000244 opcode=0x00a72023
retire_trace slot=0 cycle=2196 pc=0x80000248 opcode=0x00b62023
retire_trace slot=0 cycle=2197 pc=0x8000024c opcode=0x00778793
retire_trace slot=0 cycle=2198 pc=0x80000250 opcode=0x00470713
retire_trace slot=0 cycle=2199 pc=0x80000254 opcode=0x00968693
retire_trace slot=0 cycle=2200 pc=0x80000258 opcode=0x00460613
retire_trace slot=1 cycle=2200 pc=0x8000025c opcode=0xff0790e3
retire_trace slot=0 cycle=2203 pc=0x8000023c opcode=0x03f7f513
retire_trace slot=0 cycle=2204 pc=0x80000240 opcode=0x03f6f593
retire_trace slot=0 cycle=2205 pc=0x80000244 opcode=0x00a72023
retire_trace slot=0 cycle=2206 pc=0x80000248 opcode=0x00b62023
retire_trace slot=0 cycle=2207 pc=0x8000024c opcode=0x00778793
retire_trace slot=0 cycle=2208 pc=0x80000250 opcode=0x00470713
retire_trace slot=0 cycle=2209 pc=0x80000254 opcode=0x00968693
retire_trace slot=0 cycle=2210 pc=0x80000258 opcode=0x00460613
retire_trace slot=1 cycle=2210 pc=0x8000025c opcode=0xff0790e3
retire_trace slot=0 cycle=2213 pc=0x8000023c opcode=0x03f7f513
retire_trace slot=0 cycle=2214 pc=0x80000240 opcode=0x03f6f593
retire_trace slot=0 cycle=2215 pc=0x80000244 opcode=0x00a72023
retire_trace slot=0 cycle=2216 pc=0x80000248 opcode=0x00b62023
retire_trace slot=0 cycle=2217 pc=0x8000024c opcode=0x00778793
retire_trace slot=0 cycle=2218 pc=0x80000250 opcode=0x00470713
retire_trace slot=0 cycle=2219 pc=0x80000254 opcode=0x00968693
retire_trace slot=0 cycle=2220 pc=0x80000258 opcode=0x00460613
retire_trace slot=1 cycle=2220 pc=0x8000025c opcode=0xff0790e3
retire_trace slot=0 cycle=2223 pc=0x8000023c opcode=0x03f7f513
retire_trace slot=0 cycle=2224 pc=0x80000240 opcode=0x03f6f593
retire_trace slot=0 cycle=2225 pc=0x80000244 opcode=0x00a72023
retire_trace slot=0 cycle=2226 pc=0x80000248 opcode=0x00b62023
retire_trace slot=0 cycle=2227 pc=0x8000024c opcode=0x00778793
retire_trace slot=0 cycle=2228 pc=0x80000250 opcode=0x00470713
retire_trace slot=0 cycle=2229 pc=0x80000254 opcode=0x00968693
retire_trace slot=0 cycle=2230 pc=0x80000258 opcode=0x00460613
retire_trace slot=1 cycle=2230 pc=0x8000025c opcode=0xff0790e3
retire_trace slot=0 cycle=2233 pc=0x8000023c opcode=0x03f7f513
retire_trace slot=0 cycle=2234 pc=0x80000240 opcode=0x03f6f593
retire_trace slot=0 cycle=2235 pc=0x80000244 opcode=0x00a72023
retire_trace slot=0 cycle=2236 pc=0x80000248 opcode=0x00b62023
retire_trace slot=0 cycle=2237 pc=0x8000024c opcode=0x00778793
retire_trace slot=0 cycle=2238 pc=0x80000250 opcode=0x00470713
retire_trace slot=0 cycle=2239 pc=0x80000254 opcode=0x00968693
retire_trace slot=0 cycle=2240 pc=0x80000258 opcode=0x00460613
retire_trace slot=1 cycle=2240 pc=0x8000025c opcode=0xff0790e3
retire_trace slot=0 cycle=2243 pc=0x8000023c opcode=0x03f7f513
retire_trace slot=0 cycle=2244 pc=0x80000240 opcode=0x03f6f593
retire_trace slot=0 cycle=2245 pc=0x80000244 opcode=0x00a72023
retire_trace slot=0 cycle=2246 pc=0x80000248 opcode=0x00b62023
retire_trace slot=0 cycle=2247 pc=0x8000024c opcode=0x00778793
retire_trace slot=0 cycle=2248 pc=0x80000250 opcode=0x00470713
retire_trace slot=0 cycle=2249 pc=0x80000254 opcode=0x00968693
retire_trace slot=0 cycle=2250 pc=0x80000258 opcode=0x00460613
retire_trace slot=1 cycle=2250 pc=0x8000025c opcode=0xff0790e3
retire_trace slot=0 cycle=2253 pc=0x8000023c opcode=0x03f7f513
retire_trace slot=0 cycle=2254 pc=0x80000240 opcode=0x03f6f593
retire_trace slot=0 cycle=2255 pc=0x80000244 opcode=0x00a72023
retire_trace slot=0 cycle=2256 pc=0x80000248 opcode=0x00b62023
retire_trace slot=0 cycle=2257 pc=0x8000024c opcode=0x00778793
retire_trace slot=0 cycle=2258 pc=0x80000250 opcode=0x00470713
retire_trace slot=0 cycle=2259 pc=0x80000254 opcode=0x00968693
retire_trace slot=0 cycle=2260 pc=0x80000258 opcode=0x00460613
retire_trace slot=1 cycle=2260 pc=0x8000025c opcode=0xff0790e3
retire_trace slot=0 cycle=2263 pc=0x8000023c opcode=0x03f7f513
retire_trace slot=0 cycle=2264 pc=0x80000240 opcode=0x03f6f593
retire_trace slot=0 cycle=2265 pc=0x80000244 opcode=0x00a72023
retire_trace slot=0 cycle=2266 pc=0x80000248 opcode=0x00b62023
retire_trace slot=0 cycle=2267 pc=0x8000024c opcode=0x00778793
retire_trace slot=0 cycle=2268 pc=0x80000250 opcode=0x00470713
retire_trace slot=0 cycle=2269 pc=0x80000254 opcode=0x00968693
retire_trace slot=0 cycle=2270 pc=0x80000258 opcode=0x00460613
retire_trace slot=1 cycle=2270 pc=0x8000025c opcode=0xff0790e3
retire_trace slot=0 cycle=2273 pc=0x8000023c opcode=0x03f7f513
retire_trace slot=0 cycle=2274 pc=0x80000240 opcode=0x03f6f593
retire_trace slot=0 cycle=2275 pc=0x80000244 opcode=0x00a72023
retire_trace slot=0 cycle=2276 pc=0x80000248 opcode=0x00b62023
retire_trace slot=0 cycle=2277 pc=0x8000024c opcode=0x00778793
retire_trace slot=0 cycle=2278 pc=0x80000250 opcode=0x00470713
retire_trace slot=0 cycle=2279 pc=0x80000254 opcode=0x00968693
retire_trace slot=0 cycle=2280 pc=0x80000258 opcode=0x00460613
retire_trace slot=1 cycle=2280 pc=0x8000025c opcode=0xff0790e3
retire_trace slot=0 cycle=2283 pc=0x8000023c opcode=0x03f7f513
retire_trace slot=0 cycle=2284 pc=0x80000240 opcode=0x03f6f593
retire_trace slot=0 cycle=2285 pc=0x80000244 opcode=0x00a72023
retire_trace slot=0 cycle=2286 pc=0x80000248 opcode=0x00b62023
retire_trace slot=0 cycle=2287 pc=0x8000024c opcode=0x00778793
retire_trace slot=0 cycle=2288 pc=0x80000250 opcode=0x00470713
retire_trace slot=0 cycle=2289 pc=0x80000254 opcode=0x00968693
retire_trace slot=0 cycle=2290 pc=0x80000258 opcode=0x00460613
retire_trace slot=1 cycle=2290 pc=0x8000025c opcode=0xff0790e3
retire_trace slot=0 cycle=2293 pc=0x8000023c opcode=0x03f7f513
retire_trace slot=0 cycle=2294 pc=0x80000240 opcode=0x03f6f593
retire_trace slot=0 cycle=2295 pc=0x80000244 opcode=0x00a72023
retire_trace slot=0 cycle=2296 pc=0x80000248 opcode=0x00b62023
retire_trace slot=0 cycle=2297 pc=0x8000024c opcode=0x00778793
retire_trace slot=0 cycle=2298 pc=0x80000250 opcode=0x00470713
retire_trace slot=0 cycle=2299 pc=0x80000254 opcode=0x00968693
retire_trace slot=0 cycle=2300 pc=0x80000258 opcode=0x00460613
retire_trace slot=1 cycle=2300 pc=0x8000025c opcode=0xff0790e3
retire_trace slot=0 cycle=2303 pc=0x8000023c opcode=0x03f7f513
retire_trace slot=0 cycle=2304 pc=0x80000240 opcode=0x03f6f593
retire_trace slot=0 cycle=2305 pc=0x80000244 opcode=0x00a72023
retire_trace slot=0 cycle=2306 pc=0x80000248 opcode=0x00b62023
retire_trace slot=0 cycle=2307 pc=0x8000024c opcode=0x00778793
retire_trace slot=0 cycle=2308 pc=0x80000250 opcode=0x00470713
retire_trace slot=0 cycle=2309 pc=0x80000254 opcode=0x00968693
retire_trace slot=0 cycle=2310 pc=0x80000258 opcode=0x00460613
retire_trace slot=1 cycle=2310 pc=0x8000025c opcode=0xff0790e3
retire_trace slot=0 cycle=2313 pc=0x8000023c opcode=0x03f7f513
retire_trace slot=0 cycle=2314 pc=0x80000240 opcode=0x03f6f593
retire_trace slot=0 cycle=2315 pc=0x80000244 opcode=0x00a72023
retire_trace slot=0 cycle=2316 pc=0x80000248 opcode=0x00b62023
retire_trace slot=0 cycle=2317 pc=0x8000024c opcode=0x00778793
retire_trace slot=0 cycle=2318 pc=0x80000250 opcode=0x00470713
retire_trace slot=0 cycle=2319 pc=0x80000254 opcode=0x00968693
retire_trace slot=0 cycle=2320 pc=0x80000258 opcode=0x00460613
retire_trace slot=1 cycle=2320 pc=0x8000025c opcode=0xff0790e3
retire_trace slot=0 cycle=2323 pc=0x8000023c opcode=0x03f7f513
retire_trace slot=0 cycle=2324 pc=0x80000240 opcode=0x03f6f593
retire_trace slot=0 cycle=2325 pc=0x80000244 opcode=0x00a72023
retire_trace slot=0 cycle=2326 pc=0x80000248 opcode=0x00b62023
retire_trace slot=0 cycle=2327 pc=0x8000024c opcode=0x00778793
retire_trace slot=0 cycle=2328 pc=0x80000250 opcode=0x00470713
retire_trace slot=0 cycle=2329 pc=0x80000254 opcode=0x00968693
retire_trace slot=0 cycle=2330 pc=0x80000258 opcode=0x00460613
retire_trace slot=1 cycle=2330 pc=0x8000025c opcode=0xff0790e3
retire_trace slot=0 cycle=2333 pc=0x8000023c opcode=0x03f7f513
retire_trace slot=0 cycle=2334 pc=0x80000240 opcode=0x03f6f593
retire_trace slot=0 cycle=2335 pc=0x80000244 opcode=0x00a72023
retire_trace slot=0 cycle=2336 pc=0x80000248 opcode=0x00b62023
retire_trace slot=0 cycle=2337 pc=0x8000024c opcode=0x00778793
retire_trace slot=0 cycle=2338 pc=0x80000250 opcode=0x00470713
retire_trace slot=0 cycle=2339 pc=0x80000254 opcode=0x00968693
retire_trace slot=0 cycle=2340 pc=0x80000258 opcode=0x00460613
retire_trace slot=1 cycle=2340 pc=0x8000025c opcode=0xff0790e3
retire_trace slot=0 cycle=2343 pc=0x8000023c opcode=0x03f7f513
retire_trace slot=0 cycle=2344 pc=0x80000240 opcode=0x03f6f593
retire_trace slot=0 cycle=2345 pc=0x80000244 opcode=0x00a72023
retire_trace slot=0 cycle=2346 pc=0x80000248 opcode=0x00b62023
retire_trace slot=0 cycle=2347 pc=0x8000024c opcode=0x00778793
retire_trace slot=0 cycle=2348 pc=0x80000250 opcode=0x00470713
retire_trace slot=0 cycle=2349 pc=0x80000254 opcode=0x00968693
retire_trace slot=0 cycle=2350 pc=0x80000258 opcode=0x00460613
retire_trace slot=1 cycle=2350 pc=0x8000025c opcode=0xff0790e3
retire_trace slot=0 cycle=2353 pc=0x8000023c opcode=0x03f7f513
retire_trace slot=0 cycle=2354 pc=0x80000240 opcode=0x03f6f593
retire_trace slot=0 cycle=2355 pc=0x80000244 opcode=0x00a72023
retire_trace slot=0 cycle=2356 pc=0x80000248 opcode=0x00b62023
retire_trace slot=0 cycle=2357 pc=0x8000024c opcode=0x00778793
retire_trace slot=0 cycle=2358 pc=0x80000250 opcode=0x00470713
retire_trace slot=0 cycle=2359 pc=0x80000254 opcode=0x00968693
retire_trace slot=0 cycle=2360 pc=0x80000258 opcode=0x00460613
retire_trace slot=1 cycle=2360 pc=0x8000025c opcode=0xff0790e3
retire_trace slot=0 cycle=2363 pc=0x8000023c opcode=0x03f7f513
retire_trace slot=0 cycle=2364 pc=0x80000240 opcode=0x03f6f593
retire_trace slot=0 cycle=2365 pc=0x80000244 opcode=0x00a72023
retire_trace slot=0 cycle=2366 pc=0x80000248 opcode=0x00b62023
retire_trace slot=0 cycle=2367 pc=0x8000024c opcode=0x00778793
retire_trace slot=0 cycle=2368 pc=0x80000250 opcode=0x00470713
retire_trace slot=0 cycle=2369 pc=0x80000254 opcode=0x00968693
retire_trace slot=0 cycle=2370 pc=0x80000258 opcode=0x00460613
retire_trace slot=1 cycle=2370 pc=0x8000025c opcode=0xff0790e3
retire_trace slot=0 cycle=2373 pc=0x8000023c opcode=0x03f7f513
retire_trace slot=0 cycle=2374 pc=0x80000240 opcode=0x03f6f593
retire_trace slot=0 cycle=2375 pc=0x80000244 opcode=0x00a72023
retire_trace slot=0 cycle=2376 pc=0x80000248 opcode=0x00b62023
retire_trace slot=0 cycle=2377 pc=0x8000024c opcode=0x00778793
retire_trace slot=0 cycle=2378 pc=0x80000250 opcode=0x00470713
retire_trace slot=0 cycle=2379 pc=0x80000254 opcode=0x00968693
retire_trace slot=0 cycle=2380 pc=0x80000258 opcode=0x00460613
retire_trace slot=1 cycle=2380 pc=0x8000025c opcode=0xff0790e3
retire_trace slot=0 cycle=2383 pc=0x8000023c opcode=0x03f7f513
retire_trace slot=0 cycle=2384 pc=0x80000240 opcode=0x03f6f593
retire_trace slot=0 cycle=2385 pc=0x80000244 opcode=0x00a72023
retire_trace slot=0 cycle=2386 pc=0x80000248 opcode=0x00b62023
retire_trace slot=0 cycle=2387 pc=0x8000024c opcode=0x00778793
retire_trace slot=0 cycle=2388 pc=0x80000250 opcode=0x00470713
retire_trace slot=0 cycle=2389 pc=0x80000254 opcode=0x00968693
retire_trace slot=0 cycle=2390 pc=0x80000258 opcode=0x00460613
retire_trace slot=1 cycle=2390 pc=0x8000025c opcode=0xff0790e3
retire_trace slot=0 cycle=2393 pc=0x8000023c opcode=0x03f7f513
retire_trace slot=0 cycle=2394 pc=0x80000240 opcode=0x03f6f593
retire_trace slot=0 cycle=2395 pc=0x80000244 opcode=0x00a72023
retire_trace slot=0 cycle=2396 pc=0x80000248 opcode=0x00b62023
retire_trace slot=0 cycle=2397 pc=0x8000024c opcode=0x00778793
retire_trace slot=0 cycle=2398 pc=0x80000250 opcode=0x00470713
retire_trace slot=0 cycle=2399 pc=0x80000254 opcode=0x00968693
retire_trace slot=0 cycle=2400 pc=0x80000258 opcode=0x00460613
retire_trace slot=1 cycle=2400 pc=0x8000025c opcode=0xff0790e3
retire_trace slot=0 cycle=2403 pc=0x8000023c opcode=0x03f7f513
retire_trace slot=0 cycle=2404 pc=0x80000240 opcode=0x03f6f593
retire_trace slot=0 cycle=2405 pc=0x80000244 opcode=0x00a72023
retire_trace slot=0 cycle=2406 pc=0x80000248 opcode=0x00b62023
retire_trace slot=0 cycle=2407 pc=0x8000024c opcode=0x00778793
retire_trace slot=0 cycle=2408 pc=0x80000250 opcode=0x00470713
retire_trace slot=0 cycle=2409 pc=0x80000254 opcode=0x00968693
retire_trace slot=0 cycle=2410 pc=0x80000258 opcode=0x00460613
retire_trace slot=1 cycle=2410 pc=0x8000025c opcode=0xff0790e3
retire_trace slot=0 cycle=2413 pc=0x8000023c opcode=0x03f7f513
retire_trace slot=0 cycle=2414 pc=0x80000240 opcode=0x03f6f593
retire_trace slot=0 cycle=2415 pc=0x80000244 opcode=0x00a72023
retire_trace slot=0 cycle=2416 pc=0x80000248 opcode=0x00b62023
retire_trace slot=0 cycle=2417 pc=0x8000024c opcode=0x00778793
retire_trace slot=0 cycle=2418 pc=0x80000250 opcode=0x00470713
retire_trace slot=0 cycle=2419 pc=0x80000254 opcode=0x00968693
retire_trace slot=0 cycle=2420 pc=0x80000258 opcode=0x00460613
retire_trace slot=1 cycle=2420 pc=0x8000025c opcode=0xff0790e3
retire_trace slot=0 cycle=2423 pc=0x8000023c opcode=0x03f7f513
retire_trace slot=0 cycle=2424 pc=0x80000240 opcode=0x03f6f593
retire_trace slot=0 cycle=2425 pc=0x80000244 opcode=0x00a72023
retire_trace slot=0 cycle=2426 pc=0x80000248 opcode=0x00b62023
retire_trace slot=0 cycle=2427 pc=0x8000024c opcode=0x00778793
retire_trace slot=0 cycle=2428 pc=0x80000250 opcode=0x00470713
retire_trace slot=0 cycle=2429 pc=0x80000254 opcode=0x00968693
retire_trace slot=0 cycle=2430 pc=0x80000258 opcode=0x00460613
retire_trace slot=1 cycle=2430 pc=0x8000025c opcode=0xff0790e3
retire_trace slot=0 cycle=2433 pc=0x8000023c opcode=0x03f7f513
retire_trace slot=0 cycle=2434 pc=0x80000240 opcode=0x03f6f593
retire_trace slot=0 cycle=2435 pc=0x80000244 opcode=0x00a72023
retire_trace slot=0 cycle=2436 pc=0x80000248 opcode=0x00b62023
retire_trace slot=0 cycle=2437 pc=0x8000024c opcode=0x00778793
retire_trace slot=0 cycle=2438 pc=0x80000250 opcode=0x00470713
retire_trace slot=0 cycle=2439 pc=0x80000254 opcode=0x00968693
retire_trace slot=0 cycle=2440 pc=0x80000258 opcode=0x00460613
retire_trace slot=1 cycle=2440 pc=0x8000025c opcode=0xff0790e3
retire_trace slot=0 cycle=2443 pc=0x8000023c opcode=0x03f7f513
retire_trace slot=0 cycle=2444 pc=0x80000240 opcode=0x03f6f593
retire_trace slot=0 cycle=2445 pc=0x80000244 opcode=0x00a72023
retire_trace slot=0 cycle=2446 pc=0x80000248 opcode=0x00b62023
retire_trace slot=0 cycle=2447 pc=0x8000024c opcode=0x00778793
retire_trace slot=0 cycle=2448 pc=0x80000250 opcode=0x00470713
retire_trace slot=0 cycle=2449 pc=0x80000254 opcode=0x00968693
retire_trace slot=0 cycle=2450 pc=0x80000258 opcode=0x00460613
retire_trace slot=1 cycle=2450 pc=0x8000025c opcode=0xff0790e3
retire_trace slot=0 cycle=2453 pc=0x8000023c opcode=0x03f7f513
retire_trace slot=0 cycle=2454 pc=0x80000240 opcode=0x03f6f593
retire_trace slot=0 cycle=2455 pc=0x80000244 opcode=0x00a72023
retire_trace slot=0 cycle=2456 pc=0x80000248 opcode=0x00b62023
retire_trace slot=0 cycle=2457 pc=0x8000024c opcode=0x00778793
retire_trace slot=0 cycle=2458 pc=0x80000250 opcode=0x00470713
retire_trace slot=0 cycle=2459 pc=0x80000254 opcode=0x00968693
retire_trace slot=0 cycle=2460 pc=0x80000258 opcode=0x00460613
retire_trace slot=1 cycle=2460 pc=0x8000025c opcode=0xff0790e3
retire_trace slot=0 cycle=2463 pc=0x8000023c opcode=0x03f7f513
retire_trace slot=0 cycle=2464 pc=0x80000240 opcode=0x03f6f593
retire_trace slot=0 cycle=2465 pc=0x80000244 opcode=0x00a72023
retire_trace slot=0 cycle=2466 pc=0x80000248 opcode=0x00b62023
retire_trace slot=0 cycle=2467 pc=0x8000024c opcode=0x00778793
retire_trace slot=0 cycle=2468 pc=0x80000250 opcode=0x00470713
retire_trace slot=0 cycle=2469 pc=0x80000254 opcode=0x00968693
retire_trace slot=0 cycle=2470 pc=0x80000258 opcode=0x00460613
retire_trace slot=1 cycle=2470 pc=0x8000025c opcode=0xff0790e3
retire_trace slot=0 cycle=2473 pc=0x8000023c opcode=0x03f7f513
retire_trace slot=0 cycle=2474 pc=0x80000240 opcode=0x03f6f593
retire_trace slot=0 cycle=2475 pc=0x80000244 opcode=0x00a72023
retire_trace slot=0 cycle=2476 pc=0x80000248 opcode=0x00b62023
retire_trace slot=0 cycle=2477 pc=0x8000024c opcode=0x00778793
retire_trace slot=0 cycle=2478 pc=0x80000250 opcode=0x00470713
retire_trace slot=0 cycle=2479 pc=0x80000254 opcode=0x00968693
retire_trace slot=0 cycle=2480 pc=0x80000258 opcode=0x00460613
retire_trace slot=1 cycle=2480 pc=0x8000025c opcode=0xff0790e3
retire_trace slot=0 cycle=2483 pc=0x8000023c opcode=0x03f7f513
retire_trace slot=0 cycle=2484 pc=0x80000240 opcode=0x03f6f593
retire_trace slot=0 cycle=2485 pc=0x80000244 opcode=0x00a72023
retire_trace slot=0 cycle=2486 pc=0x80000248 opcode=0x00b62023
retire_trace slot=0 cycle=2487 pc=0x8000024c opcode=0x00778793
retire_trace slot=0 cycle=2488 pc=0x80000250 opcode=0x00470713
retire_trace slot=0 cycle=2489 pc=0x80000254 opcode=0x00968693
retire_trace slot=0 cycle=2490 pc=0x80000258 opcode=0x00460613
retire_trace slot=1 cycle=2490 pc=0x8000025c opcode=0xff0790e3
retire_trace slot=0 cycle=2493 pc=0x8000023c opcode=0x03f7f513
retire_trace slot=0 cycle=2494 pc=0x80000240 opcode=0x03f6f593
retire_trace slot=0 cycle=2495 pc=0x80000244 opcode=0x00a72023
retire_trace slot=0 cycle=2496 pc=0x80000248 opcode=0x00b62023
retire_trace slot=0 cycle=2497 pc=0x8000024c opcode=0x00778793
retire_trace slot=0 cycle=2498 pc=0x80000250 opcode=0x00470713
retire_trace slot=0 cycle=2499 pc=0x80000254 opcode=0x00968693
retire_trace slot=0 cycle=2500 pc=0x80000258 opcode=0x00460613
retire_trace slot=1 cycle=2500 pc=0x8000025c opcode=0xff0790e3
retire_trace slot=0 cycle=2503 pc=0x8000023c opcode=0x03f7f513
retire_trace slot=0 cycle=2504 pc=0x80000240 opcode=0x03f6f593
retire_trace slot=0 cycle=2505 pc=0x80000244 opcode=0x00a72023
retire_trace slot=0 cycle=2506 pc=0x80000248 opcode=0x00b62023
retire_trace slot=0 cycle=2507 pc=0x8000024c opcode=0x00778793
retire_trace slot=0 cycle=2508 pc=0x80000250 opcode=0x00470713
retire_trace slot=0 cycle=2509 pc=0x80000254 opcode=0x00968693
retire_trace slot=0 cycle=2510 pc=0x80000258 opcode=0x00460613
retire_trace slot=1 cycle=2510 pc=0x8000025c opcode=0xff0790e3
retire_trace slot=0 cycle=2513 pc=0x8000023c opcode=0x03f7f513
retire_trace slot=0 cycle=2514 pc=0x80000240 opcode=0x03f6f593
retire_trace slot=0 cycle=2515 pc=0x80000244 opcode=0x00a72023
retire_trace slot=0 cycle=2516 pc=0x80000248 opcode=0x00b62023
retire_trace slot=0 cycle=2517 pc=0x8000024c opcode=0x00778793
retire_trace slot=0 cycle=2518 pc=0x80000250 opcode=0x00470713
retire_trace slot=0 cycle=2519 pc=0x80000254 opcode=0x00968693
retire_trace slot=0 cycle=2520 pc=0x80000258 opcode=0x00460613
retire_trace slot=1 cycle=2520 pc=0x8000025c opcode=0xff0790e3
retire_trace slot=0 cycle=2523 pc=0x8000023c opcode=0x03f7f513
retire_trace slot=0 cycle=2524 pc=0x80000240 opcode=0x03f6f593
retire_trace slot=0 cycle=2525 pc=0x80000244 opcode=0x00a72023
retire_trace slot=0 cycle=2526 pc=0x80000248 opcode=0x00b62023
retire_trace slot=0 cycle=2527 pc=0x8000024c opcode=0x00778793
retire_trace slot=0 cycle=2528 pc=0x80000250 opcode=0x00470713
retire_trace slot=0 cycle=2529 pc=0x80000254 opcode=0x00968693
retire_trace slot=0 cycle=2530 pc=0x80000258 opcode=0x00460613
retire_trace slot=1 cycle=2530 pc=0x8000025c opcode=0xff0790e3
retire_trace slot=0 cycle=2533 pc=0x8000023c opcode=0x03f7f513
retire_trace slot=0 cycle=2534 pc=0x80000240 opcode=0x03f6f593
retire_trace slot=0 cycle=2535 pc=0x80000244 opcode=0x00a72023
retire_trace slot=0 cycle=2536 pc=0x80000248 opcode=0x00b62023
retire_trace slot=0 cycle=2537 pc=0x8000024c opcode=0x00778793
retire_trace slot=0 cycle=2538 pc=0x80000250 opcode=0x00470713
retire_trace slot=0 cycle=2539 pc=0x80000254 opcode=0x00968693
retire_trace slot=0 cycle=2540 pc=0x80000258 opcode=0x00460613
retire_trace slot=1 cycle=2540 pc=0x8000025c opcode=0xff0790e3
retire_trace slot=0 cycle=2543 pc=0x8000023c opcode=0x03f7f513
retire_trace slot=0 cycle=2544 pc=0x80000240 opcode=0x03f6f593
retire_trace slot=0 cycle=2545 pc=0x80000244 opcode=0x00a72023
retire_trace slot=0 cycle=2546 pc=0x80000248 opcode=0x00b62023
retire_trace slot=0 cycle=2547 pc=0x8000024c opcode=0x00778793
retire_trace slot=0 cycle=2548 pc=0x80000250 opcode=0x00470713
retire_trace slot=0 cycle=2549 pc=0x80000254 opcode=0x00968693
retire_trace slot=0 cycle=2550 pc=0x80000258 opcode=0x00460613
retire_trace slot=1 cycle=2550 pc=0x8000025c opcode=0xff0790e3
retire_trace slot=0 cycle=2553 pc=0x8000023c opcode=0x03f7f513
retire_trace slot=0 cycle=2554 pc=0x80000240 opcode=0x03f6f593
retire_trace slot=0 cycle=2555 pc=0x80000244 opcode=0x00a72023
retire_trace slot=0 cycle=2556 pc=0x80000248 opcode=0x00b62023
retire_trace slot=0 cycle=2557 pc=0x8000024c opcode=0x00778793
retire_trace slot=0 cycle=2558 pc=0x80000250 opcode=0x00470713
retire_trace slot=0 cycle=2559 pc=0x80000254 opcode=0x00968693
retire_trace slot=0 cycle=2560 pc=0x80000258 opcode=0x00460613
retire_trace slot=1 cycle=2560 pc=0x8000025c opcode=0xff0790e3
retire_trace slot=0 cycle=2563 pc=0x8000023c opcode=0x03f7f513
retire_trace slot=0 cycle=2564 pc=0x80000240 opcode=0x03f6f593
retire_trace slot=0 cycle=2565 pc=0x80000244 opcode=0x00a72023
retire_trace slot=0 cycle=2566 pc=0x80000248 opcode=0x00b62023
retire_trace slot=0 cycle=2567 pc=0x8000024c opcode=0x00778793
retire_trace slot=0 cycle=2568 pc=0x80000250 opcode=0x00470713
retire_trace slot=0 cycle=2569 pc=0x80000254 opcode=0x00968693
retire_trace slot=0 cycle=2570 pc=0x80000258 opcode=0x00460613
retire_trace slot=1 cycle=2570 pc=0x8000025c opcode=0xff0790e3
retire_trace slot=0 cycle=2573 pc=0x8000023c opcode=0x03f7f513
retire_trace slot=0 cycle=2574 pc=0x80000240 opcode=0x03f6f593
retire_trace slot=0 cycle=2575 pc=0x80000244 opcode=0x00a72023
retire_trace slot=0 cycle=2576 pc=0x80000248 opcode=0x00b62023
retire_trace slot=0 cycle=2577 pc=0x8000024c opcode=0x00778793
retire_trace slot=0 cycle=2578 pc=0x80000250 opcode=0x00470713
retire_trace slot=0 cycle=2579 pc=0x80000254 opcode=0x00968693
retire_trace slot=0 cycle=2580 pc=0x80000258 opcode=0x00460613
retire_trace slot=1 cycle=2580 pc=0x8000025c opcode=0xff0790e3
retire_trace slot=0 cycle=2583 pc=0x8000023c opcode=0x03f7f513
retire_trace slot=0 cycle=2584 pc=0x80000240 opcode=0x03f6f593
retire_trace slot=0 cycle=2585 pc=0x80000244 opcode=0x00a72023
retire_trace slot=0 cycle=2586 pc=0x80000248 opcode=0x00b62023
retire_trace slot=0 cycle=2587 pc=0x8000024c opcode=0x00778793
retire_trace slot=0 cycle=2588 pc=0x80000250 opcode=0x00470713
retire_trace slot=0 cycle=2589 pc=0x80000254 opcode=0x00968693
retire_trace slot=0 cycle=2590 pc=0x80000258 opcode=0x00460613
retire_trace slot=1 cycle=2590 pc=0x8000025c opcode=0xff0790e3
retire_trace slot=0 cycle=2593 pc=0x80000260 opcode=0xf15ff0ef
retire_trace slot=0 cycle=2597 pc=0x80000174 opcode=0xfc010113
retire_trace slot=0 cycle=2598 pc=0x80000178 opcode=0x00010893
retire_trace slot=1 cycle=2598 pc=0x8000017c opcode=0x04010813
retire_trace slot=0 cycle=2601 pc=0x80000180 opcode=0x00088793
retire_trace slot=0 cycle=2602 pc=0x80000184 opcode=0x0007a023
retire_trace slot=0 cycle=2605 pc=0x80000188 opcode=0x00478793
retire_trace slot=0 cycle=2606 pc=0x8000018c opcode=0xff079ce3
retire_trace slot=0 cycle=2611 pc=0x80000184 opcode=0x0007a023
retire_trace slot=0 cycle=2612 pc=0x80000188 opcode=0x00478793
retire_trace slot=0 cycle=2613 pc=0x8000018c opcode=0xff079ce3
retire_trace slot=0 cycle=2618 pc=0x80000184 opcode=0x0007a023
retire_trace slot=0 cycle=2619 pc=0x80000188 opcode=0x00478793
retire_trace slot=0 cycle=2620 pc=0x8000018c opcode=0xff079ce3
retire_trace slot=0 cycle=2625 pc=0x80000184 opcode=0x0007a023
retire_trace slot=0 cycle=2626 pc=0x80000188 opcode=0x00478793
retire_trace slot=0 cycle=2627 pc=0x8000018c opcode=0xff079ce3
retire_trace slot=0 cycle=2632 pc=0x80000184 opcode=0x0007a023
retire_trace slot=0 cycle=2633 pc=0x80000188 opcode=0x00478793
retire_trace slot=0 cycle=2634 pc=0x8000018c opcode=0xff079ce3
retire_trace slot=0 cycle=2639 pc=0x80000184 opcode=0x0007a023
retire_trace slot=0 cycle=2640 pc=0x80000188 opcode=0x00478793
retire_trace slot=0 cycle=2641 pc=0x8000018c opcode=0xff079ce3
retire_trace slot=0 cycle=2646 pc=0x80000184 opcode=0x0007a023
retire_trace slot=0 cycle=2647 pc=0x80000188 opcode=0x00478793
retire_trace slot=0 cycle=2648 pc=0x8000018c opcode=0xff079ce3
retire_trace slot=0 cycle=2653 pc=0x80000184 opcode=0x0007a023
retire_trace slot=0 cycle=2654 pc=0x80000188 opcode=0x00478793
retire_trace slot=0 cycle=2655 pc=0x8000018c opcode=0xff079ce3
retire_trace slot=0 cycle=2660 pc=0x80000184 opcode=0x0007a023
retire_trace slot=0 cycle=2661 pc=0x80000188 opcode=0x00478793
retire_trace slot=0 cycle=2662 pc=0x8000018c opcode=0xff079ce3
retire_trace slot=0 cycle=2667 pc=0x80000184 opcode=0x0007a023
retire_trace slot=0 cycle=2668 pc=0x80000188 opcode=0x00478793
retire_trace slot=0 cycle=2669 pc=0x8000018c opcode=0xff079ce3
retire_trace slot=0 cycle=2674 pc=0x80000184 opcode=0x0007a023
retire_trace slot=0 cycle=2675 pc=0x80000188 opcode=0x00478793
retire_trace slot=0 cycle=2676 pc=0x8000018c opcode=0xff079ce3
retire_trace slot=0 cycle=2681 pc=0x80000184 opcode=0x0007a023
retire_trace slot=0 cycle=2682 pc=0x80000188 opcode=0x00478793
retire_trace slot=0 cycle=2683 pc=0x8000018c opcode=0xff079ce3
retire_trace slot=0 cycle=2688 pc=0x80000184 opcode=0x0007a023
retire_trace slot=0 cycle=2689 pc=0x80000188 opcode=0x00478793
retire_trace slot=0 cycle=2690 pc=0x8000018c opcode=0xff079ce3
retire_trace slot=0 cycle=2695 pc=0x80000184 opcode=0x0007a023
retire_trace slot=0 cycle=2696 pc=0x80000188 opcode=0x00478793
retire_trace slot=0 cycle=2697 pc=0x8000018c opcode=0xff079ce3
retire_trace slot=0 cycle=2702 pc=0x80000184 opcode=0x0007a023
retire_trace slot=0 cycle=2703 pc=0x80000188 opcode=0x00478793
retire_trace slot=0 cycle=2704 pc=0x8000018c opcode=0xff079ce3
retire_trace slot=0 cycle=2709 pc=0x80000184 opcode=0x0007a023
retire_trace slot=0 cycle=2710 pc=0x80000188 opcode=0x00478793
retire_trace slot=0 cycle=2711 pc=0x8000018c opcode=0xff079ce3
retire_trace slot=0 cycle=2714 pc=0x80000190 opcode=0x80001337
retire_trace slot=0 cycle=2715 pc=0x80000194 opcode=0x6f030313
retire_trace slot=0 cycle=2718 pc=0x80000198 opcode=0x40030e93
retire_trace slot=1 cycle=2718 pc=0x8000019c opcode=0x00000e13
retire_trace slot=0 cycle=2721 pc=0x800001a0 opcode=0x10000f13
retire_trace slot=1 cycle=2721 pc=0x800001a4 opcode=0x000e8593
retire_trace slot=0 cycle=2724 pc=0x800001a8 opcode=0x00030613
retire_trace slot=1 cycle=2724 pc=0x800001ac opcode=0x00088793
retire_trace slot=0 cycle=2727 pc=0x800001b0 opcode=0x00062683
retire_trace slot=0 cycle=2728 pc=0x800001b4 opcode=0x0005a503
retire_trace slot=0 cycle=2731 pc=0x800001b8 opcode=0x0007a703
retire_trace slot=1 cycle=2731 pc=0x800001bc opcode=0x00478793
retire_trace slot=0 cycle=2734 pc=0x800001c0 opcode=0x02a686b3
retire_trace slot=1 cycle=2734 pc=0x800001c4 opcode=0x00460613
retire_trace slot=0 cycle=2737 pc=0x800001c8 opcode=0x00458593
retire_trace slot=1 cycle=2737 pc=0x800001cc opcode=0x00d70733
retire_trace slot=0 cycle=2740 pc=0x800001d0 opcode=0xfee7ae23
retire_trace slot=1 cycle=2740 pc=0x800001d4 opcode=0xfd079ee3
retire_trace slot=0 cycle=2743 pc=0x800001b0 opcode=0x00062683
retire_trace slot=0 cycle=2744 pc=0x800001b4 opcode=0x0005a503
retire_trace slot=0 cycle=2747 pc=0x800001b8 opcode=0x0007a703
retire_trace slot=1 cycle=2747 pc=0x800001bc opcode=0x00478793
retire_trace slot=0 cycle=2750 pc=0x800001c0 opcode=0x02a686b3
retire_trace slot=0 cycle=2751 pc=0x800001c4 opcode=0x00460613
retire_trace slot=0 cycle=2752 pc=0x800001c8 opcode=0x00458593
retire_trace slot=0 cycle=2753 pc=0x800001cc opcode=0x00d70733
retire_trace slot=0 cycle=2754 pc=0x800001d0 opcode=0xfee7ae23
retire_trace slot=1 cycle=2754 pc=0x800001d4 opcode=0xfd079ee3
retire_trace slot=0 cycle=2757 pc=0x800001b0 opcode=0x00062683
retire_trace slot=0 cycle=2758 pc=0x800001b4 opcode=0x0005a503
retire_trace slot=0 cycle=2761 pc=0x800001b8 opcode=0x0007a703
retire_trace slot=1 cycle=2761 pc=0x800001bc opcode=0x00478793
retire_trace slot=0 cycle=2764 pc=0x800001c0 opcode=0x02a686b3
retire_trace slot=0 cycle=2765 pc=0x800001c4 opcode=0x00460613
retire_trace slot=0 cycle=2766 pc=0x800001c8 opcode=0x00458593
retire_trace slot=0 cycle=2767 pc=0x800001cc opcode=0x00d70733
retire_trace slot=0 cycle=2768 pc=0x800001d0 opcode=0xfee7ae23
retire_trace slot=1 cycle=2768 pc=0x800001d4 opcode=0xfd079ee3
retire_trace slot=0 cycle=2771 pc=0x800001b0 opcode=0x00062683
retire_trace slot=0 cycle=2772 pc=0x800001b4 opcode=0x0005a503
retire_trace slot=0 cycle=2775 pc=0x800001b8 opcode=0x0007a703
retire_trace slot=1 cycle=2775 pc=0x800001bc opcode=0x00478793
retire_trace slot=0 cycle=2778 pc=0x800001c0 opcode=0x02a686b3
retire_trace slot=0 cycle=2779 pc=0x800001c4 opcode=0x00460613
retire_trace slot=0 cycle=2780 pc=0x800001c8 opcode=0x00458593
retire_trace slot=0 cycle=2781 pc=0x800001cc opcode=0x00d70733
retire_trace slot=0 cycle=2782 pc=0x800001d0 opcode=0xfee7ae23
retire_trace slot=1 cycle=2782 pc=0x800001d4 opcode=0xfd079ee3
retire_trace slot=0 cycle=2785 pc=0x800001b0 opcode=0x00062683
retire_trace slot=0 cycle=2786 pc=0x800001b4 opcode=0x0005a503
retire_trace slot=0 cycle=2789 pc=0x800001b8 opcode=0x0007a703
retire_trace slot=1 cycle=2789 pc=0x800001bc opcode=0x00478793
retire_trace slot=0 cycle=2792 pc=0x800001c0 opcode=0x02a686b3
retire_trace slot=0 cycle=2793 pc=0x800001c4 opcode=0x00460613
retire_trace slot=0 cycle=2794 pc=0x800001c8 opcode=0x00458593
retire_trace slot=0 cycle=2795 pc=0x800001cc opcode=0x00d70733
retire_trace slot=0 cycle=2796 pc=0x800001d0 opcode=0xfee7ae23
retire_trace slot=1 cycle=2796 pc=0x800001d4 opcode=0xfd079ee3
retire_trace slot=0 cycle=2799 pc=0x800001b0 opcode=0x00062683
retire_trace slot=0 cycle=2800 pc=0x800001b4 opcode=0x0005a503
retire_trace slot=0 cycle=2803 pc=0x800001b8 opcode=0x0007a703
retire_trace slot=1 cycle=2803 pc=0x800001bc opcode=0x00478793
retire_trace slot=0 cycle=2806 pc=0x800001c0 opcode=0x02a686b3
retire_trace slot=0 cycle=2807 pc=0x800001c4 opcode=0x00460613
retire_trace slot=0 cycle=2808 pc=0x800001c8 opcode=0x00458593
retire_trace slot=0 cycle=2809 pc=0x800001cc opcode=0x00d70733
retire_trace slot=0 cycle=2810 pc=0x800001d0 opcode=0xfee7ae23
retire_trace slot=1 cycle=2810 pc=0x800001d4 opcode=0xfd079ee3
retire_trace slot=0 cycle=2813 pc=0x800001b0 opcode=0x00062683
retire_trace slot=0 cycle=2814 pc=0x800001b4 opcode=0x0005a503
retire_trace slot=0 cycle=2817 pc=0x800001b8 opcode=0x0007a703
retire_trace slot=1 cycle=2817 pc=0x800001bc opcode=0x00478793
retire_trace slot=0 cycle=2820 pc=0x800001c0 opcode=0x02a686b3
retire_trace slot=0 cycle=2821 pc=0x800001c4 opcode=0x00460613
retire_trace slot=0 cycle=2822 pc=0x800001c8 opcode=0x00458593
retire_trace slot=0 cycle=2823 pc=0x800001cc opcode=0x00d70733
retire_trace slot=0 cycle=2824 pc=0x800001d0 opcode=0xfee7ae23
retire_trace slot=1 cycle=2824 pc=0x800001d4 opcode=0xfd079ee3
retire_trace slot=0 cycle=2827 pc=0x800001b0 opcode=0x00062683
retire_trace slot=0 cycle=2828 pc=0x800001b4 opcode=0x0005a503
retire_trace slot=0 cycle=2831 pc=0x800001b8 opcode=0x0007a703
retire_trace slot=1 cycle=2831 pc=0x800001bc opcode=0x00478793
retire_trace slot=0 cycle=2834 pc=0x800001c0 opcode=0x02a686b3
retire_trace slot=0 cycle=2835 pc=0x800001c4 opcode=0x00460613
retire_trace slot=0 cycle=2836 pc=0x800001c8 opcode=0x00458593
retire_trace slot=0 cycle=2837 pc=0x800001cc opcode=0x00d70733
retire_trace slot=0 cycle=2838 pc=0x800001d0 opcode=0xfee7ae23
retire_trace slot=1 cycle=2838 pc=0x800001d4 opcode=0xfd079ee3
retire_trace slot=0 cycle=2841 pc=0x800001b0 opcode=0x00062683
retire_trace slot=0 cycle=2842 pc=0x800001b4 opcode=0x0005a503
retire_trace slot=0 cycle=2845 pc=0x800001b8 opcode=0x0007a703
retire_trace slot=1 cycle=2845 pc=0x800001bc opcode=0x00478793
retire_trace slot=0 cycle=2848 pc=0x800001c0 opcode=0x02a686b3
retire_trace slot=0 cycle=2849 pc=0x800001c4 opcode=0x00460613
retire_trace slot=0 cycle=2850 pc=0x800001c8 opcode=0x00458593
retire_trace slot=0 cycle=2851 pc=0x800001cc opcode=0x00d70733
retire_trace slot=0 cycle=2852 pc=0x800001d0 opcode=0xfee7ae23
retire_trace slot=1 cycle=2852 pc=0x800001d4 opcode=0xfd079ee3
retire_trace slot=0 cycle=2855 pc=0x800001b0 opcode=0x00062683
retire_trace slot=0 cycle=2856 pc=0x800001b4 opcode=0x0005a503
retire_trace slot=0 cycle=2859 pc=0x800001b8 opcode=0x0007a703
retire_trace slot=1 cycle=2859 pc=0x800001bc opcode=0x00478793
retire_trace slot=0 cycle=2862 pc=0x800001c0 opcode=0x02a686b3
retire_trace slot=0 cycle=2863 pc=0x800001c4 opcode=0x00460613
retire_trace slot=0 cycle=2864 pc=0x800001c8 opcode=0x00458593
retire_trace slot=0 cycle=2865 pc=0x800001cc opcode=0x00d70733
retire_trace slot=0 cycle=2866 pc=0x800001d0 opcode=0xfee7ae23
retire_trace slot=1 cycle=2866 pc=0x800001d4 opcode=0xfd079ee3
retire_trace slot=0 cycle=2869 pc=0x800001b0 opcode=0x00062683
retire_trace slot=0 cycle=2870 pc=0x800001b4 opcode=0x0005a503
retire_trace slot=0 cycle=2873 pc=0x800001b8 opcode=0x0007a703
retire_trace slot=1 cycle=2873 pc=0x800001bc opcode=0x00478793
retire_trace slot=0 cycle=2876 pc=0x800001c0 opcode=0x02a686b3
retire_trace slot=0 cycle=2877 pc=0x800001c4 opcode=0x00460613
retire_trace slot=0 cycle=2878 pc=0x800001c8 opcode=0x00458593
retire_trace slot=0 cycle=2879 pc=0x800001cc opcode=0x00d70733
retire_trace slot=0 cycle=2880 pc=0x800001d0 opcode=0xfee7ae23
retire_trace slot=1 cycle=2880 pc=0x800001d4 opcode=0xfd079ee3
retire_trace slot=0 cycle=2883 pc=0x800001b0 opcode=0x00062683
retire_trace slot=0 cycle=2884 pc=0x800001b4 opcode=0x0005a503
retire_trace slot=0 cycle=2887 pc=0x800001b8 opcode=0x0007a703
retire_trace slot=1 cycle=2887 pc=0x800001bc opcode=0x00478793
retire_trace slot=0 cycle=2890 pc=0x800001c0 opcode=0x02a686b3
retire_trace slot=0 cycle=2891 pc=0x800001c4 opcode=0x00460613
retire_trace slot=0 cycle=2892 pc=0x800001c8 opcode=0x00458593
retire_trace slot=0 cycle=2893 pc=0x800001cc opcode=0x00d70733
retire_trace slot=0 cycle=2894 pc=0x800001d0 opcode=0xfee7ae23
retire_trace slot=1 cycle=2894 pc=0x800001d4 opcode=0xfd079ee3
retire_trace slot=0 cycle=2897 pc=0x800001b0 opcode=0x00062683
retire_trace slot=0 cycle=2898 pc=0x800001b4 opcode=0x0005a503
retire_trace slot=0 cycle=2901 pc=0x800001b8 opcode=0x0007a703
retire_trace slot=1 cycle=2901 pc=0x800001bc opcode=0x00478793
retire_trace slot=0 cycle=2904 pc=0x800001c0 opcode=0x02a686b3
retire_trace slot=0 cycle=2905 pc=0x800001c4 opcode=0x00460613
retire_trace slot=0 cycle=2906 pc=0x800001c8 opcode=0x00458593
retire_trace slot=0 cycle=2907 pc=0x800001cc opcode=0x00d70733
retire_trace slot=0 cycle=2908 pc=0x800001d0 opcode=0xfee7ae23
retire_trace slot=1 cycle=2908 pc=0x800001d4 opcode=0xfd079ee3
retire_trace slot=0 cycle=2911 pc=0x800001b0 opcode=0x00062683
retire_trace slot=0 cycle=2912 pc=0x800001b4 opcode=0x0005a503
retire_trace slot=0 cycle=2915 pc=0x800001b8 opcode=0x0007a703
retire_trace slot=1 cycle=2915 pc=0x800001bc opcode=0x00478793
retire_trace slot=0 cycle=2918 pc=0x800001c0 opcode=0x02a686b3
retire_trace slot=0 cycle=2919 pc=0x800001c4 opcode=0x00460613
retire_trace slot=0 cycle=2920 pc=0x800001c8 opcode=0x00458593
retire_trace slot=0 cycle=2921 pc=0x800001cc opcode=0x00d70733
retire_trace slot=0 cycle=2922 pc=0x800001d0 opcode=0xfee7ae23
retire_trace slot=1 cycle=2922 pc=0x800001d4 opcode=0xfd079ee3
retire_trace slot=0 cycle=2925 pc=0x800001b0 opcode=0x00062683
retire_trace slot=0 cycle=2926 pc=0x800001b4 opcode=0x0005a503
retire_trace slot=0 cycle=2929 pc=0x800001b8 opcode=0x0007a703
retire_trace slot=1 cycle=2929 pc=0x800001bc opcode=0x00478793
retire_trace slot=0 cycle=2932 pc=0x800001c0 opcode=0x02a686b3
retire_trace slot=0 cycle=2933 pc=0x800001c4 opcode=0x00460613
retire_trace slot=0 cycle=2934 pc=0x800001c8 opcode=0x00458593
retire_trace slot=0 cycle=2935 pc=0x800001cc opcode=0x00d70733
retire_trace slot=0 cycle=2936 pc=0x800001d0 opcode=0xfee7ae23
retire_trace slot=1 cycle=2936 pc=0x800001d4 opcode=0xfd079ee3
retire_trace slot=0 cycle=2939 pc=0x800001b0 opcode=0x00062683
retire_trace slot=0 cycle=2940 pc=0x800001b4 opcode=0x0005a503
retire_trace slot=0 cycle=2943 pc=0x800001b8 opcode=0x0007a703
retire_trace slot=1 cycle=2943 pc=0x800001bc opcode=0x00478793
retire_trace slot=0 cycle=2946 pc=0x800001c0 opcode=0x02a686b3
retire_trace slot=0 cycle=2947 pc=0x800001c4 opcode=0x00460613
retire_trace slot=0 cycle=2948 pc=0x800001c8 opcode=0x00458593
retire_trace slot=0 cycle=2949 pc=0x800001cc opcode=0x00d70733
retire_trace slot=0 cycle=2950 pc=0x800001d0 opcode=0xfee7ae23
retire_trace slot=1 cycle=2950 pc=0x800001d4 opcode=0xfd079ee3
retire_trace slot=0 cycle=2953 pc=0x800001d8 opcode=0x010e0e13
retire_trace slot=1 cycle=2953 pc=0x800001dc opcode=0x04030313
retire_trace slot=0 cycle=2956 pc=0x800001e0 opcode=0x040e8e93
retire_trace slot=1 cycle=2956 pc=0x800001e4 opcode=0xfdee10e3
retire_trace slot=0 cycle=2959 pc=0x800001a4 opcode=0x000e8593
retire_trace slot=0 cycle=2960 pc=0x800001a8 opcode=0x00030613
retire_trace slot=0 cycle=2961 pc=0x800001ac opcode=0x00088793
retire_trace slot=0 cycle=2962 pc=0x800001b0 opcode=0x00062683
retire_trace slot=0 cycle=2963 pc=0x800001b4 opcode=0x0005a503
retire_trace slot=0 cycle=2966 pc=0x800001b8 opcode=0x0007a703
retire_trace slot=1 cycle=2966 pc=0x800001bc opcode=0x00478793
retire_trace slot=0 cycle=2969 pc=0x800001c0 opcode=0x02a686b3
retire_trace slot=0 cycle=2970 pc=0x800001c4 opcode=0x00460613
retire_trace slot=0 cycle=2971 pc=0x800001c8 opcode=0x00458593
retire_trace slot=0 cycle=2972 pc=0x800001cc opcode=0x00d70733
retire_trace slot=0 cycle=2973 pc=0x800001d0 opcode=0xfee7ae23
retire_trace slot=1 cycle=2973 pc=0x800001d4 opcode=0xfd079ee3
retire_trace slot=0 cycle=2976 pc=0x800001b0 opcode=0x00062683
retire_trace slot=0 cycle=2977 pc=0x800001b4 opcode=0x0005a503
retire_trace slot=0 cycle=2980 pc=0x800001b8 opcode=0x0007a703
retire_trace slot=1 cycle=2980 pc=0x800001bc opcode=0x00478793
retire_trace slot=0 cycle=2983 pc=0x800001c0 opcode=0x02a686b3
retire_trace slot=0 cycle=2984 pc=0x800001c4 opcode=0x00460613
retire_trace slot=0 cycle=2985 pc=0x800001c8 opcode=0x00458593
retire_trace slot=0 cycle=2986 pc=0x800001cc opcode=0x00d70733
retire_trace slot=0 cycle=2987 pc=0x800001d0 opcode=0xfee7ae23
retire_trace slot=1 cycle=2987 pc=0x800001d4 opcode=0xfd079ee3
retire_trace slot=0 cycle=2990 pc=0x800001b0 opcode=0x00062683
retire_trace slot=0 cycle=2991 pc=0x800001b4 opcode=0x0005a503
retire_trace slot=0 cycle=2994 pc=0x800001b8 opcode=0x0007a703
retire_trace slot=1 cycle=2994 pc=0x800001bc opcode=0x00478793
retire_trace slot=0 cycle=2997 pc=0x800001c0 opcode=0x02a686b3
retire_trace slot=0 cycle=2998 pc=0x800001c4 opcode=0x00460613
retire_trace slot=0 cycle=2999 pc=0x800001c8 opcode=0x00458593
retire_trace slot=0 cycle=3000 pc=0x800001cc opcode=0x00d70733
retire_trace slot=0 cycle=3001 pc=0x800001d0 opcode=0xfee7ae23
retire_trace slot=1 cycle=3001 pc=0x800001d4 opcode=0xfd079ee3
retire_trace slot=0 cycle=3004 pc=0x800001b0 opcode=0x00062683
retire_trace slot=0 cycle=3005 pc=0x800001b4 opcode=0x0005a503
retire_trace slot=0 cycle=3008 pc=0x800001b8 opcode=0x0007a703
retire_trace slot=1 cycle=3008 pc=0x800001bc opcode=0x00478793
retire_trace slot=0 cycle=3011 pc=0x800001c0 opcode=0x02a686b3
retire_trace slot=0 cycle=3012 pc=0x800001c4 opcode=0x00460613
retire_trace slot=0 cycle=3013 pc=0x800001c8 opcode=0x00458593
retire_trace slot=0 cycle=3014 pc=0x800001cc opcode=0x00d70733
retire_trace slot=0 cycle=3015 pc=0x800001d0 opcode=0xfee7ae23
retire_trace slot=1 cycle=3015 pc=0x800001d4 opcode=0xfd079ee3
retire_trace slot=0 cycle=3018 pc=0x800001b0 opcode=0x00062683
retire_trace slot=0 cycle=3019 pc=0x800001b4 opcode=0x0005a503
retire_trace slot=0 cycle=3022 pc=0x800001b8 opcode=0x0007a703
retire_trace slot=1 cycle=3022 pc=0x800001bc opcode=0x00478793
retire_trace slot=0 cycle=3025 pc=0x800001c0 opcode=0x02a686b3
retire_trace slot=0 cycle=3026 pc=0x800001c4 opcode=0x00460613
retire_trace slot=0 cycle=3027 pc=0x800001c8 opcode=0x00458593
retire_trace slot=0 cycle=3028 pc=0x800001cc opcode=0x00d70733
retire_trace slot=0 cycle=3029 pc=0x800001d0 opcode=0xfee7ae23
retire_trace slot=1 cycle=3029 pc=0x800001d4 opcode=0xfd079ee3
retire_trace slot=0 cycle=3032 pc=0x800001b0 opcode=0x00062683
retire_trace slot=0 cycle=3033 pc=0x800001b4 opcode=0x0005a503
retire_trace slot=0 cycle=3036 pc=0x800001b8 opcode=0x0007a703
retire_trace slot=1 cycle=3036 pc=0x800001bc opcode=0x00478793
retire_trace slot=0 cycle=3039 pc=0x800001c0 opcode=0x02a686b3
retire_trace slot=0 cycle=3040 pc=0x800001c4 opcode=0x00460613
retire_trace slot=0 cycle=3041 pc=0x800001c8 opcode=0x00458593
retire_trace slot=0 cycle=3042 pc=0x800001cc opcode=0x00d70733
retire_trace slot=0 cycle=3043 pc=0x800001d0 opcode=0xfee7ae23
retire_trace slot=1 cycle=3043 pc=0x800001d4 opcode=0xfd079ee3
retire_trace slot=0 cycle=3046 pc=0x800001b0 opcode=0x00062683
retire_trace slot=0 cycle=3047 pc=0x800001b4 opcode=0x0005a503
retire_trace slot=0 cycle=3050 pc=0x800001b8 opcode=0x0007a703
retire_trace slot=1 cycle=3050 pc=0x800001bc opcode=0x00478793
retire_trace slot=0 cycle=3053 pc=0x800001c0 opcode=0x02a686b3
retire_trace slot=0 cycle=3054 pc=0x800001c4 opcode=0x00460613
retire_trace slot=0 cycle=3055 pc=0x800001c8 opcode=0x00458593
retire_trace slot=0 cycle=3056 pc=0x800001cc opcode=0x00d70733
retire_trace slot=0 cycle=3057 pc=0x800001d0 opcode=0xfee7ae23
retire_trace slot=1 cycle=3057 pc=0x800001d4 opcode=0xfd079ee3
retire_trace slot=0 cycle=3060 pc=0x800001b0 opcode=0x00062683
retire_trace slot=0 cycle=3061 pc=0x800001b4 opcode=0x0005a503
retire_trace slot=0 cycle=3064 pc=0x800001b8 opcode=0x0007a703
retire_trace slot=1 cycle=3064 pc=0x800001bc opcode=0x00478793
retire_trace slot=0 cycle=3067 pc=0x800001c0 opcode=0x02a686b3
retire_trace slot=0 cycle=3068 pc=0x800001c4 opcode=0x00460613
retire_trace slot=0 cycle=3069 pc=0x800001c8 opcode=0x00458593
retire_trace slot=0 cycle=3070 pc=0x800001cc opcode=0x00d70733
retire_trace slot=0 cycle=3071 pc=0x800001d0 opcode=0xfee7ae23
retire_trace slot=1 cycle=3071 pc=0x800001d4 opcode=0xfd079ee3
retire_trace slot=0 cycle=3074 pc=0x800001b0 opcode=0x00062683
retire_trace slot=0 cycle=3075 pc=0x800001b4 opcode=0x0005a503
retire_trace slot=0 cycle=3078 pc=0x800001b8 opcode=0x0007a703
retire_trace slot=1 cycle=3078 pc=0x800001bc opcode=0x00478793
retire_trace slot=0 cycle=3081 pc=0x800001c0 opcode=0x02a686b3
retire_trace slot=0 cycle=3082 pc=0x800001c4 opcode=0x00460613
retire_trace slot=0 cycle=3083 pc=0x800001c8 opcode=0x00458593
retire_trace slot=0 cycle=3084 pc=0x800001cc opcode=0x00d70733
retire_trace slot=0 cycle=3085 pc=0x800001d0 opcode=0xfee7ae23
retire_trace slot=1 cycle=3085 pc=0x800001d4 opcode=0xfd079ee3
retire_trace slot=0 cycle=3088 pc=0x800001b0 opcode=0x00062683
retire_trace slot=0 cycle=3089 pc=0x800001b4 opcode=0x0005a503
retire_trace slot=0 cycle=3092 pc=0x800001b8 opcode=0x0007a703
retire_trace slot=1 cycle=3092 pc=0x800001bc opcode=0x00478793
retire_trace slot=0 cycle=3095 pc=0x800001c0 opcode=0x02a686b3
retire_trace slot=0 cycle=3096 pc=0x800001c4 opcode=0x00460613
retire_trace slot=0 cycle=3097 pc=0x800001c8 opcode=0x00458593
retire_trace slot=0 cycle=3098 pc=0x800001cc opcode=0x00d70733
retire_trace slot=0 cycle=3099 pc=0x800001d0 opcode=0xfee7ae23
retire_trace slot=1 cycle=3099 pc=0x800001d4 opcode=0xfd079ee3
retire_trace slot=0 cycle=3102 pc=0x800001b0 opcode=0x00062683
retire_trace slot=0 cycle=3103 pc=0x800001b4 opcode=0x0005a503
retire_trace slot=0 cycle=3106 pc=0x800001b8 opcode=0x0007a703
retire_trace slot=1 cycle=3106 pc=0x800001bc opcode=0x00478793
retire_trace slot=0 cycle=3109 pc=0x800001c0 opcode=0x02a686b3
retire_trace slot=0 cycle=3110 pc=0x800001c4 opcode=0x00460613
retire_trace slot=0 cycle=3111 pc=0x800001c8 opcode=0x00458593
retire_trace slot=0 cycle=3112 pc=0x800001cc opcode=0x00d70733
retire_trace slot=0 cycle=3113 pc=0x800001d0 opcode=0xfee7ae23
retire_trace slot=1 cycle=3113 pc=0x800001d4 opcode=0xfd079ee3
retire_trace slot=0 cycle=3116 pc=0x800001b0 opcode=0x00062683
retire_trace slot=0 cycle=3117 pc=0x800001b4 opcode=0x0005a503
retire_trace slot=0 cycle=3120 pc=0x800001b8 opcode=0x0007a703
retire_trace slot=1 cycle=3120 pc=0x800001bc opcode=0x00478793
retire_trace slot=0 cycle=3123 pc=0x800001c0 opcode=0x02a686b3
retire_trace slot=0 cycle=3124 pc=0x800001c4 opcode=0x00460613
retire_trace slot=0 cycle=3125 pc=0x800001c8 opcode=0x00458593
retire_trace slot=0 cycle=3126 pc=0x800001cc opcode=0x00d70733
retire_trace slot=0 cycle=3127 pc=0x800001d0 opcode=0xfee7ae23
retire_trace slot=1 cycle=3127 pc=0x800001d4 opcode=0xfd079ee3
retire_trace slot=0 cycle=3130 pc=0x800001b0 opcode=0x00062683
retire_trace slot=0 cycle=3131 pc=0x800001b4 opcode=0x0005a503
retire_trace slot=0 cycle=3134 pc=0x800001b8 opcode=0x0007a703
retire_trace slot=1 cycle=3134 pc=0x800001bc opcode=0x00478793
retire_trace slot=0 cycle=3137 pc=0x800001c0 opcode=0x02a686b3
retire_trace slot=0 cycle=3138 pc=0x800001c4 opcode=0x00460613
retire_trace slot=0 cycle=3139 pc=0x800001c8 opcode=0x00458593
retire_trace slot=0 cycle=3140 pc=0x800001cc opcode=0x00d70733
retire_trace slot=0 cycle=3141 pc=0x800001d0 opcode=0xfee7ae23
retire_trace slot=1 cycle=3141 pc=0x800001d4 opcode=0xfd079ee3
retire_trace slot=0 cycle=3144 pc=0x800001b0 opcode=0x00062683
retire_trace slot=0 cycle=3145 pc=0x800001b4 opcode=0x0005a503
retire_trace slot=0 cycle=3148 pc=0x800001b8 opcode=0x0007a703
retire_trace slot=1 cycle=3148 pc=0x800001bc opcode=0x00478793
retire_trace slot=0 cycle=3151 pc=0x800001c0 opcode=0x02a686b3
retire_trace slot=0 cycle=3152 pc=0x800001c4 opcode=0x00460613
retire_trace slot=0 cycle=3153 pc=0x800001c8 opcode=0x00458593
retire_trace slot=0 cycle=3154 pc=0x800001cc opcode=0x00d70733
retire_trace slot=0 cycle=3155 pc=0x800001d0 opcode=0xfee7ae23
retire_trace slot=1 cycle=3155 pc=0x800001d4 opcode=0xfd079ee3
retire_trace slot=0 cycle=3158 pc=0x800001b0 opcode=0x00062683
retire_trace slot=0 cycle=3159 pc=0x800001b4 opcode=0x0005a503
retire_trace slot=0 cycle=3162 pc=0x800001b8 opcode=0x0007a703
retire_trace slot=1 cycle=3162 pc=0x800001bc opcode=0x00478793
retire_trace slot=0 cycle=3165 pc=0x800001c0 opcode=0x02a686b3
retire_trace slot=0 cycle=3166 pc=0x800001c4 opcode=0x00460613
retire_trace slot=0 cycle=3167 pc=0x800001c8 opcode=0x00458593
retire_trace slot=0 cycle=3168 pc=0x800001cc opcode=0x00d70733
retire_trace slot=0 cycle=3169 pc=0x800001d0 opcode=0xfee7ae23
retire_trace slot=1 cycle=3169 pc=0x800001d4 opcode=0xfd079ee3
retire_trace slot=0 cycle=3172 pc=0x800001b0 opcode=0x00062683
retire_trace slot=0 cycle=3173 pc=0x800001b4 opcode=0x0005a503
retire_trace slot=0 cycle=3176 pc=0x800001b8 opcode=0x0007a703
retire_trace slot=1 cycle=3176 pc=0x800001bc opcode=0x00478793
retire_trace slot=0 cycle=3179 pc=0x800001c0 opcode=0x02a686b3
retire_trace slot=0 cycle=3180 pc=0x800001c4 opcode=0x00460613
retire_trace slot=0 cycle=3181 pc=0x800001c8 opcode=0x00458593
retire_trace slot=0 cycle=3182 pc=0x800001cc opcode=0x00d70733
retire_trace slot=0 cycle=3183 pc=0x800001d0 opcode=0xfee7ae23
retire_trace slot=1 cycle=3183 pc=0x800001d4 opcode=0xfd079ee3
retire_trace slot=0 cycle=3186 pc=0x800001d8 opcode=0x010e0e13
retire_trace slot=0 cycle=3187 pc=0x800001dc opcode=0x04030313
retire_trace slot=0 cycle=3188 pc=0x800001e0 opcode=0x040e8e93
retire_trace slot=1 cycle=3188 pc=0x800001e4 opcode=0xfdee10e3
retire_trace slot=0 cycle=3191 pc=0x800001a4 opcode=0x000e8593
retire_trace slot=0 cycle=3192 pc=0x800001a8 opcode=0x00030613
retire_trace slot=0 cycle=3193 pc=0x800001ac opcode=0x00088793
retire_trace slot=0 cycle=3194 pc=0x800001b0 opcode=0x00062683
retire_trace slot=0 cycle=3195 pc=0x800001b4 opcode=0x0005a503
retire_trace slot=0 cycle=3198 pc=0x800001b8 opcode=0x0007a703
retire_trace slot=1 cycle=3198 pc=0x800001bc opcode=0x00478793
retire_trace slot=0 cycle=3201 pc=0x800001c0 opcode=0x02a686b3
retire_trace slot=0 cycle=3202 pc=0x800001c4 opcode=0x00460613
retire_trace slot=0 cycle=3203 pc=0x800001c8 opcode=0x00458593
retire_trace slot=0 cycle=3204 pc=0x800001cc opcode=0x00d70733
retire_trace slot=0 cycle=3205 pc=0x800001d0 opcode=0xfee7ae23
retire_trace slot=1 cycle=3205 pc=0x800001d4 opcode=0xfd079ee3
retire_trace slot=0 cycle=3208 pc=0x800001b0 opcode=0x00062683
retire_trace slot=0 cycle=3209 pc=0x800001b4 opcode=0x0005a503
retire_trace slot=0 cycle=3212 pc=0x800001b8 opcode=0x0007a703
retire_trace slot=1 cycle=3212 pc=0x800001bc opcode=0x00478793
retire_trace slot=0 cycle=3215 pc=0x800001c0 opcode=0x02a686b3
retire_trace slot=0 cycle=3216 pc=0x800001c4 opcode=0x00460613
retire_trace slot=0 cycle=3217 pc=0x800001c8 opcode=0x00458593
retire_trace slot=0 cycle=3218 pc=0x800001cc opcode=0x00d70733
retire_trace slot=0 cycle=3219 pc=0x800001d0 opcode=0xfee7ae23
retire_trace slot=1 cycle=3219 pc=0x800001d4 opcode=0xfd079ee3
retire_trace slot=0 cycle=3222 pc=0x800001b0 opcode=0x00062683
retire_trace slot=0 cycle=3223 pc=0x800001b4 opcode=0x0005a503
retire_trace slot=0 cycle=3226 pc=0x800001b8 opcode=0x0007a703
retire_trace slot=1 cycle=3226 pc=0x800001bc opcode=0x00478793
retire_trace slot=0 cycle=3229 pc=0x800001c0 opcode=0x02a686b3
retire_trace slot=0 cycle=3230 pc=0x800001c4 opcode=0x00460613
retire_trace slot=0 cycle=3231 pc=0x800001c8 opcode=0x00458593
retire_trace slot=0 cycle=3232 pc=0x800001cc opcode=0x00d70733
retire_trace slot=0 cycle=3233 pc=0x800001d0 opcode=0xfee7ae23
retire_trace slot=1 cycle=3233 pc=0x800001d4 opcode=0xfd079ee3
retire_trace slot=0 cycle=3236 pc=0x800001b0 opcode=0x00062683
retire_trace slot=0 cycle=3237 pc=0x800001b4 opcode=0x0005a503
retire_trace slot=0 cycle=3240 pc=0x800001b8 opcode=0x0007a703
retire_trace slot=1 cycle=3240 pc=0x800001bc opcode=0x00478793
retire_trace slot=0 cycle=3243 pc=0x800001c0 opcode=0x02a686b3
retire_trace slot=0 cycle=3244 pc=0x800001c4 opcode=0x00460613
retire_trace slot=0 cycle=3245 pc=0x800001c8 opcode=0x00458593
retire_trace slot=0 cycle=3246 pc=0x800001cc opcode=0x00d70733
retire_trace slot=0 cycle=3247 pc=0x800001d0 opcode=0xfee7ae23
retire_trace slot=1 cycle=3247 pc=0x800001d4 opcode=0xfd079ee3
retire_trace slot=0 cycle=3250 pc=0x800001b0 opcode=0x00062683
retire_trace slot=0 cycle=3251 pc=0x800001b4 opcode=0x0005a503
retire_trace slot=0 cycle=3254 pc=0x800001b8 opcode=0x0007a703
retire_trace slot=1 cycle=3254 pc=0x800001bc opcode=0x00478793
retire_trace slot=0 cycle=3257 pc=0x800001c0 opcode=0x02a686b3
retire_trace slot=0 cycle=3258 pc=0x800001c4 opcode=0x00460613
retire_trace slot=0 cycle=3259 pc=0x800001c8 opcode=0x00458593
retire_trace slot=0 cycle=3260 pc=0x800001cc opcode=0x00d70733
retire_trace slot=0 cycle=3261 pc=0x800001d0 opcode=0xfee7ae23
retire_trace slot=1 cycle=3261 pc=0x800001d4 opcode=0xfd079ee3
retire_trace slot=0 cycle=3264 pc=0x800001b0 opcode=0x00062683
retire_trace slot=0 cycle=3265 pc=0x800001b4 opcode=0x0005a503
retire_trace slot=0 cycle=3268 pc=0x800001b8 opcode=0x0007a703
retire_trace slot=1 cycle=3268 pc=0x800001bc opcode=0x00478793
retire_trace slot=0 cycle=3271 pc=0x800001c0 opcode=0x02a686b3
retire_trace slot=0 cycle=3272 pc=0x800001c4 opcode=0x00460613
retire_trace slot=0 cycle=3273 pc=0x800001c8 opcode=0x00458593
retire_trace slot=0 cycle=3274 pc=0x800001cc opcode=0x00d70733
retire_trace slot=0 cycle=3275 pc=0x800001d0 opcode=0xfee7ae23
retire_trace slot=1 cycle=3275 pc=0x800001d4 opcode=0xfd079ee3
retire_trace slot=0 cycle=3278 pc=0x800001b0 opcode=0x00062683
retire_trace slot=0 cycle=3279 pc=0x800001b4 opcode=0x0005a503
retire_trace slot=0 cycle=3282 pc=0x800001b8 opcode=0x0007a703
retire_trace slot=1 cycle=3282 pc=0x800001bc opcode=0x00478793
retire_trace slot=0 cycle=3285 pc=0x800001c0 opcode=0x02a686b3
retire_trace slot=0 cycle=3286 pc=0x800001c4 opcode=0x00460613
retire_trace slot=0 cycle=3287 pc=0x800001c8 opcode=0x00458593
retire_trace slot=0 cycle=3288 pc=0x800001cc opcode=0x00d70733
retire_trace slot=0 cycle=3289 pc=0x800001d0 opcode=0xfee7ae23
retire_trace slot=1 cycle=3289 pc=0x800001d4 opcode=0xfd079ee3
retire_trace slot=0 cycle=3292 pc=0x800001b0 opcode=0x00062683
retire_trace slot=0 cycle=3293 pc=0x800001b4 opcode=0x0005a503
retire_trace slot=0 cycle=3296 pc=0x800001b8 opcode=0x0007a703
retire_trace slot=1 cycle=3296 pc=0x800001bc opcode=0x00478793
retire_trace slot=0 cycle=3299 pc=0x800001c0 opcode=0x02a686b3
retire_trace slot=0 cycle=3300 pc=0x800001c4 opcode=0x00460613
retire_trace slot=0 cycle=3301 pc=0x800001c8 opcode=0x00458593
retire_trace slot=0 cycle=3302 pc=0x800001cc opcode=0x00d70733
retire_trace slot=0 cycle=3303 pc=0x800001d0 opcode=0xfee7ae23
retire_trace slot=1 cycle=3303 pc=0x800001d4 opcode=0xfd079ee3
retire_trace slot=0 cycle=3306 pc=0x800001b0 opcode=0x00062683
retire_trace slot=0 cycle=3307 pc=0x800001b4 opcode=0x0005a503
retire_trace slot=0 cycle=3310 pc=0x800001b8 opcode=0x0007a703
retire_trace slot=1 cycle=3310 pc=0x800001bc opcode=0x00478793
retire_trace slot=0 cycle=3313 pc=0x800001c0 opcode=0x02a686b3
retire_trace slot=0 cycle=3314 pc=0x800001c4 opcode=0x00460613
retire_trace slot=0 cycle=3315 pc=0x800001c8 opcode=0x00458593
retire_trace slot=0 cycle=3316 pc=0x800001cc opcode=0x00d70733
retire_trace slot=0 cycle=3317 pc=0x800001d0 opcode=0xfee7ae23
retire_trace slot=1 cycle=3317 pc=0x800001d4 opcode=0xfd079ee3
retire_trace slot=0 cycle=3320 pc=0x800001b0 opcode=0x00062683
retire_trace slot=0 cycle=3321 pc=0x800001b4 opcode=0x0005a503
retire_trace slot=0 cycle=3324 pc=0x800001b8 opcode=0x0007a703
retire_trace slot=1 cycle=3324 pc=0x800001bc opcode=0x00478793
retire_trace slot=0 cycle=3327 pc=0x800001c0 opcode=0x02a686b3
retire_trace slot=0 cycle=3328 pc=0x800001c4 opcode=0x00460613
retire_trace slot=0 cycle=3329 pc=0x800001c8 opcode=0x00458593
retire_trace slot=0 cycle=3330 pc=0x800001cc opcode=0x00d70733
retire_trace slot=0 cycle=3331 pc=0x800001d0 opcode=0xfee7ae23
retire_trace slot=1 cycle=3331 pc=0x800001d4 opcode=0xfd079ee3
retire_trace slot=0 cycle=3334 pc=0x800001b0 opcode=0x00062683
retire_trace slot=0 cycle=3335 pc=0x800001b4 opcode=0x0005a503
retire_trace slot=0 cycle=3338 pc=0x800001b8 opcode=0x0007a703
retire_trace slot=1 cycle=3338 pc=0x800001bc opcode=0x00478793
retire_trace slot=0 cycle=3341 pc=0x800001c0 opcode=0x02a686b3
retire_trace slot=0 cycle=3342 pc=0x800001c4 opcode=0x00460613
retire_trace slot=0 cycle=3343 pc=0x800001c8 opcode=0x00458593
retire_trace slot=0 cycle=3344 pc=0x800001cc opcode=0x00d70733
retire_trace slot=0 cycle=3345 pc=0x800001d0 opcode=0xfee7ae23
retire_trace slot=1 cycle=3345 pc=0x800001d4 opcode=0xfd079ee3
retire_trace slot=0 cycle=3348 pc=0x800001b0 opcode=0x00062683
retire_trace slot=0 cycle=3349 pc=0x800001b4 opcode=0x0005a503
retire_trace slot=0 cycle=3352 pc=0x800001b8 opcode=0x0007a703
retire_trace slot=1 cycle=3352 pc=0x800001bc opcode=0x00478793
retire_trace slot=0 cycle=3355 pc=0x800001c0 opcode=0x02a686b3
retire_trace slot=0 cycle=3356 pc=0x800001c4 opcode=0x00460613
retire_trace slot=0 cycle=3357 pc=0x800001c8 opcode=0x00458593
retire_trace slot=0 cycle=3358 pc=0x800001cc opcode=0x00d70733
retire_trace slot=0 cycle=3359 pc=0x800001d0 opcode=0xfee7ae23
retire_trace slot=1 cycle=3359 pc=0x800001d4 opcode=0xfd079ee3
retire_trace slot=0 cycle=3362 pc=0x800001b0 opcode=0x00062683
retire_trace slot=0 cycle=3363 pc=0x800001b4 opcode=0x0005a503
retire_trace slot=0 cycle=3366 pc=0x800001b8 opcode=0x0007a703
retire_trace slot=1 cycle=3366 pc=0x800001bc opcode=0x00478793
retire_trace slot=0 cycle=3369 pc=0x800001c0 opcode=0x02a686b3
retire_trace slot=0 cycle=3370 pc=0x800001c4 opcode=0x00460613
retire_trace slot=0 cycle=3371 pc=0x800001c8 opcode=0x00458593
retire_trace slot=0 cycle=3372 pc=0x800001cc opcode=0x00d70733
retire_trace slot=0 cycle=3373 pc=0x800001d0 opcode=0xfee7ae23
retire_trace slot=1 cycle=3373 pc=0x800001d4 opcode=0xfd079ee3
retire_trace slot=0 cycle=3376 pc=0x800001b0 opcode=0x00062683
retire_trace slot=0 cycle=3377 pc=0x800001b4 opcode=0x0005a503
retire_trace slot=0 cycle=3380 pc=0x800001b8 opcode=0x0007a703
retire_trace slot=1 cycle=3380 pc=0x800001bc opcode=0x00478793
retire_trace slot=0 cycle=3383 pc=0x800001c0 opcode=0x02a686b3
retire_trace slot=0 cycle=3384 pc=0x800001c4 opcode=0x00460613
retire_trace slot=0 cycle=3385 pc=0x800001c8 opcode=0x00458593
retire_trace slot=0 cycle=3386 pc=0x800001cc opcode=0x00d70733
retire_trace slot=0 cycle=3387 pc=0x800001d0 opcode=0xfee7ae23
retire_trace slot=1 cycle=3387 pc=0x800001d4 opcode=0xfd079ee3
retire_trace slot=0 cycle=3390 pc=0x800001b0 opcode=0x00062683
retire_trace slot=0 cycle=3391 pc=0x800001b4 opcode=0x0005a503
retire_trace slot=0 cycle=3394 pc=0x800001b8 opcode=0x0007a703
retire_trace slot=1 cycle=3394 pc=0x800001bc opcode=0x00478793
retire_trace slot=0 cycle=3397 pc=0x800001c0 opcode=0x02a686b3
retire_trace slot=0 cycle=3398 pc=0x800001c4 opcode=0x00460613
retire_trace slot=0 cycle=3399 pc=0x800001c8 opcode=0x00458593
retire_trace slot=0 cycle=3400 pc=0x800001cc opcode=0x00d70733
retire_trace slot=0 cycle=3401 pc=0x800001d0 opcode=0xfee7ae23
retire_trace slot=1 cycle=3401 pc=0x800001d4 opcode=0xfd079ee3
retire_trace slot=0 cycle=3404 pc=0x800001b0 opcode=0x00062683
retire_trace slot=0 cycle=3405 pc=0x800001b4 opcode=0x0005a503
retire_trace slot=0 cycle=3408 pc=0x800001b8 opcode=0x0007a703
retire_trace slot=1 cycle=3408 pc=0x800001bc opcode=0x00478793
retire_trace slot=0 cycle=3411 pc=0x800001c0 opcode=0x02a686b3
retire_trace slot=0 cycle=3412 pc=0x800001c4 opcode=0x00460613
retire_trace slot=0 cycle=3413 pc=0x800001c8 opcode=0x00458593
retire_trace slot=0 cycle=3414 pc=0x800001cc opcode=0x00d70733
retire_trace slot=0 cycle=3415 pc=0x800001d0 opcode=0xfee7ae23
retire_trace slot=1 cycle=3415 pc=0x800001d4 opcode=0xfd079ee3
retire_trace slot=0 cycle=3418 pc=0x800001d8 opcode=0x010e0e13
retire_trace slot=0 cycle=3419 pc=0x800001dc opcode=0x04030313
retire_trace slot=0 cycle=3420 pc=0x800001e0 opcode=0x040e8e93
retire_trace slot=1 cycle=3420 pc=0x800001e4 opcode=0xfdee10e3
retire_trace slot=0 cycle=3423 pc=0x800001a4 opcode=0x000e8593
retire_trace slot=0 cycle=3424 pc=0x800001a8 opcode=0x00030613
retire_trace slot=0 cycle=3425 pc=0x800001ac opcode=0x00088793
retire_trace slot=0 cycle=3426 pc=0x800001b0 opcode=0x00062683
retire_trace slot=0 cycle=3427 pc=0x800001b4 opcode=0x0005a503
retire_trace slot=0 cycle=3430 pc=0x800001b8 opcode=0x0007a703
retire_trace slot=1 cycle=3430 pc=0x800001bc opcode=0x00478793
retire_trace slot=0 cycle=3433 pc=0x800001c0 opcode=0x02a686b3
retire_trace slot=0 cycle=3434 pc=0x800001c4 opcode=0x00460613
retire_trace slot=0 cycle=3435 pc=0x800001c8 opcode=0x00458593
retire_trace slot=0 cycle=3436 pc=0x800001cc opcode=0x00d70733
retire_trace slot=0 cycle=3437 pc=0x800001d0 opcode=0xfee7ae23
retire_trace slot=1 cycle=3437 pc=0x800001d4 opcode=0xfd079ee3
retire_trace slot=0 cycle=3440 pc=0x800001b0 opcode=0x00062683
retire_trace slot=0 cycle=3441 pc=0x800001b4 opcode=0x0005a503
retire_trace slot=0 cycle=3444 pc=0x800001b8 opcode=0x0007a703
retire_trace slot=1 cycle=3444 pc=0x800001bc opcode=0x00478793
retire_trace slot=0 cycle=3447 pc=0x800001c0 opcode=0x02a686b3
retire_trace slot=0 cycle=3448 pc=0x800001c4 opcode=0x00460613
retire_trace slot=0 cycle=3449 pc=0x800001c8 opcode=0x00458593
retire_trace slot=0 cycle=3450 pc=0x800001cc opcode=0x00d70733
retire_trace slot=0 cycle=3451 pc=0x800001d0 opcode=0xfee7ae23
retire_trace slot=1 cycle=3451 pc=0x800001d4 opcode=0xfd079ee3
retire_trace slot=0 cycle=3454 pc=0x800001b0 opcode=0x00062683
retire_trace slot=0 cycle=3455 pc=0x800001b4 opcode=0x0005a503
retire_trace slot=0 cycle=3458 pc=0x800001b8 opcode=0x0007a703
retire_trace slot=1 cycle=3458 pc=0x800001bc opcode=0x00478793
retire_trace slot=0 cycle=3461 pc=0x800001c0 opcode=0x02a686b3
retire_trace slot=0 cycle=3462 pc=0x800001c4 opcode=0x00460613
retire_trace slot=0 cycle=3463 pc=0x800001c8 opcode=0x00458593
retire_trace slot=0 cycle=3464 pc=0x800001cc opcode=0x00d70733
retire_trace slot=0 cycle=3465 pc=0x800001d0 opcode=0xfee7ae23
retire_trace slot=1 cycle=3465 pc=0x800001d4 opcode=0xfd079ee3
retire_trace slot=0 cycle=3468 pc=0x800001b0 opcode=0x00062683
retire_trace slot=0 cycle=3469 pc=0x800001b4 opcode=0x0005a503
retire_trace slot=0 cycle=3472 pc=0x800001b8 opcode=0x0007a703
retire_trace slot=1 cycle=3472 pc=0x800001bc opcode=0x00478793
retire_trace slot=0 cycle=3475 pc=0x800001c0 opcode=0x02a686b3
retire_trace slot=0 cycle=3476 pc=0x800001c4 opcode=0x00460613
retire_trace slot=0 cycle=3477 pc=0x800001c8 opcode=0x00458593
retire_trace slot=0 cycle=3478 pc=0x800001cc opcode=0x00d70733
retire_trace slot=0 cycle=3479 pc=0x800001d0 opcode=0xfee7ae23
retire_trace slot=1 cycle=3479 pc=0x800001d4 opcode=0xfd079ee3
retire_trace slot=0 cycle=3482 pc=0x800001b0 opcode=0x00062683
retire_trace slot=0 cycle=3483 pc=0x800001b4 opcode=0x0005a503
retire_trace slot=0 cycle=3486 pc=0x800001b8 opcode=0x0007a703
retire_trace slot=1 cycle=3486 pc=0x800001bc opcode=0x00478793
retire_trace slot=0 cycle=3489 pc=0x800001c0 opcode=0x02a686b3
retire_trace slot=0 cycle=3490 pc=0x800001c4 opcode=0x00460613
retire_trace slot=0 cycle=3491 pc=0x800001c8 opcode=0x00458593
retire_trace slot=0 cycle=3492 pc=0x800001cc opcode=0x00d70733
retire_trace slot=0 cycle=3493 pc=0x800001d0 opcode=0xfee7ae23
retire_trace slot=1 cycle=3493 pc=0x800001d4 opcode=0xfd079ee3
retire_trace slot=0 cycle=3496 pc=0x800001b0 opcode=0x00062683
retire_trace slot=0 cycle=3497 pc=0x800001b4 opcode=0x0005a503
retire_trace slot=0 cycle=3500 pc=0x800001b8 opcode=0x0007a703
retire_trace slot=1 cycle=3500 pc=0x800001bc opcode=0x00478793
retire_trace slot=0 cycle=3503 pc=0x800001c0 opcode=0x02a686b3
retire_trace slot=0 cycle=3504 pc=0x800001c4 opcode=0x00460613
retire_trace slot=0 cycle=3505 pc=0x800001c8 opcode=0x00458593
retire_trace slot=0 cycle=3506 pc=0x800001cc opcode=0x00d70733
retire_trace slot=0 cycle=3507 pc=0x800001d0 opcode=0xfee7ae23
retire_trace slot=1 cycle=3507 pc=0x800001d4 opcode=0xfd079ee3
retire_trace slot=0 cycle=3510 pc=0x800001b0 opcode=0x00062683
retire_trace slot=0 cycle=3511 pc=0x800001b4 opcode=0x0005a503
retire_trace slot=0 cycle=3514 pc=0x800001b8 opcode=0x0007a703
retire_trace slot=1 cycle=3514 pc=0x800001bc opcode=0x00478793
retire_trace slot=0 cycle=3517 pc=0x800001c0 opcode=0x02a686b3
retire_trace slot=0 cycle=3518 pc=0x800001c4 opcode=0x00460613
retire_trace slot=0 cycle=3519 pc=0x800001c8 opcode=0x00458593
retire_trace slot=0 cycle=3520 pc=0x800001cc opcode=0x00d70733
retire_trace slot=0 cycle=3521 pc=0x800001d0 opcode=0xfee7ae23
retire_trace slot=1 cycle=3521 pc=0x800001d4 opcode=0xfd079ee3
retire_trace slot=0 cycle=3524 pc=0x800001b0 opcode=0x00062683
retire_trace slot=0 cycle=3525 pc=0x800001b4 opcode=0x0005a503
retire_trace slot=0 cycle=3528 pc=0x800001b8 opcode=0x0007a703
retire_trace slot=1 cycle=3528 pc=0x800001bc opcode=0x00478793
retire_trace slot=0 cycle=3531 pc=0x800001c0 opcode=0x02a686b3
retire_trace slot=0 cycle=3532 pc=0x800001c4 opcode=0x00460613
retire_trace slot=0 cycle=3533 pc=0x800001c8 opcode=0x00458593
retire_trace slot=0 cycle=3534 pc=0x800001cc opcode=0x00d70733
retire_trace slot=0 cycle=3535 pc=0x800001d0 opcode=0xfee7ae23
retire_trace slot=1 cycle=3535 pc=0x800001d4 opcode=0xfd079ee3
retire_trace slot=0 cycle=3538 pc=0x800001b0 opcode=0x00062683
retire_trace slot=0 cycle=3539 pc=0x800001b4 opcode=0x0005a503
retire_trace slot=0 cycle=3542 pc=0x800001b8 opcode=0x0007a703
retire_trace slot=1 cycle=3542 pc=0x800001bc opcode=0x00478793
retire_trace slot=0 cycle=3545 pc=0x800001c0 opcode=0x02a686b3
retire_trace slot=0 cycle=3546 pc=0x800001c4 opcode=0x00460613
retire_trace slot=0 cycle=3547 pc=0x800001c8 opcode=0x00458593
retire_trace slot=0 cycle=3548 pc=0x800001cc opcode=0x00d70733
retire_trace slot=0 cycle=3549 pc=0x800001d0 opcode=0xfee7ae23
retire_trace slot=1 cycle=3549 pc=0x800001d4 opcode=0xfd079ee3
retire_trace slot=0 cycle=3552 pc=0x800001b0 opcode=0x00062683
retire_trace slot=0 cycle=3553 pc=0x800001b4 opcode=0x0005a503
retire_trace slot=0 cycle=3556 pc=0x800001b8 opcode=0x0007a703
retire_trace slot=1 cycle=3556 pc=0x800001bc opcode=0x00478793
retire_trace slot=0 cycle=3559 pc=0x800001c0 opcode=0x02a686b3
retire_trace slot=0 cycle=3560 pc=0x800001c4 opcode=0x00460613
retire_trace slot=0 cycle=3561 pc=0x800001c8 opcode=0x00458593
retire_trace slot=0 cycle=3562 pc=0x800001cc opcode=0x00d70733
retire_trace slot=0 cycle=3563 pc=0x800001d0 opcode=0xfee7ae23
retire_trace slot=1 cycle=3563 pc=0x800001d4 opcode=0xfd079ee3
retire_trace slot=0 cycle=3566 pc=0x800001b0 opcode=0x00062683
retire_trace slot=0 cycle=3567 pc=0x800001b4 opcode=0x0005a503
retire_trace slot=0 cycle=3570 pc=0x800001b8 opcode=0x0007a703
retire_trace slot=1 cycle=3570 pc=0x800001bc opcode=0x00478793
retire_trace slot=0 cycle=3573 pc=0x800001c0 opcode=0x02a686b3
retire_trace slot=0 cycle=3574 pc=0x800001c4 opcode=0x00460613
retire_trace slot=0 cycle=3575 pc=0x800001c8 opcode=0x00458593
retire_trace slot=0 cycle=3576 pc=0x800001cc opcode=0x00d70733
retire_trace slot=0 cycle=3577 pc=0x800001d0 opcode=0xfee7ae23
retire_trace slot=1 cycle=3577 pc=0x800001d4 opcode=0xfd079ee3
retire_trace slot=0 cycle=3580 pc=0x800001b0 opcode=0x00062683
retire_trace slot=0 cycle=3581 pc=0x800001b4 opcode=0x0005a503
retire_trace slot=0 cycle=3584 pc=0x800001b8 opcode=0x0007a703
retire_trace slot=1 cycle=3584 pc=0x800001bc opcode=0x00478793
retire_trace slot=0 cycle=3587 pc=0x800001c0 opcode=0x02a686b3
retire_trace slot=0 cycle=3588 pc=0x800001c4 opcode=0x00460613
retire_trace slot=0 cycle=3589 pc=0x800001c8 opcode=0x00458593
retire_trace slot=0 cycle=3590 pc=0x800001cc opcode=0x00d70733
retire_trace slot=0 cycle=3591 pc=0x800001d0 opcode=0xfee7ae23
retire_trace slot=1 cycle=3591 pc=0x800001d4 opcode=0xfd079ee3
retire_trace slot=0 cycle=3594 pc=0x800001b0 opcode=0x00062683
retire_trace slot=0 cycle=3595 pc=0x800001b4 opcode=0x0005a503
retire_trace slot=0 cycle=3598 pc=0x800001b8 opcode=0x0007a703
retire_trace slot=1 cycle=3598 pc=0x800001bc opcode=0x00478793
retire_trace slot=0 cycle=3601 pc=0x800001c0 opcode=0x02a686b3
retire_trace slot=0 cycle=3602 pc=0x800001c4 opcode=0x00460613
retire_trace slot=0 cycle=3603 pc=0x800001c8 opcode=0x00458593
retire_trace slot=0 cycle=3604 pc=0x800001cc opcode=0x00d70733
retire_trace slot=0 cycle=3605 pc=0x800001d0 opcode=0xfee7ae23
retire_trace slot=1 cycle=3605 pc=0x800001d4 opcode=0xfd079ee3
retire_trace slot=0 cycle=3608 pc=0x800001b0 opcode=0x00062683
retire_trace slot=0 cycle=3609 pc=0x800001b4 opcode=0x0005a503
retire_trace slot=0 cycle=3612 pc=0x800001b8 opcode=0x0007a703
retire_trace slot=1 cycle=3612 pc=0x800001bc opcode=0x00478793
retire_trace slot=0 cycle=3615 pc=0x800001c0 opcode=0x02a686b3
retire_trace slot=0 cycle=3616 pc=0x800001c4 opcode=0x00460613
retire_trace slot=0 cycle=3617 pc=0x800001c8 opcode=0x00458593
retire_trace slot=0 cycle=3618 pc=0x800001cc opcode=0x00d70733
retire_trace slot=0 cycle=3619 pc=0x800001d0 opcode=0xfee7ae23
retire_trace slot=1 cycle=3619 pc=0x800001d4 opcode=0xfd079ee3
retire_trace slot=0 cycle=3622 pc=0x800001b0 opcode=0x00062683
retire_trace slot=0 cycle=3623 pc=0x800001b4 opcode=0x0005a503
retire_trace slot=0 cycle=3626 pc=0x800001b8 opcode=0x0007a703
retire_trace slot=1 cycle=3626 pc=0x800001bc opcode=0x00478793
retire_trace slot=0 cycle=3629 pc=0x800001c0 opcode=0x02a686b3
retire_trace slot=0 cycle=3630 pc=0x800001c4 opcode=0x00460613
retire_trace slot=0 cycle=3631 pc=0x800001c8 opcode=0x00458593
retire_trace slot=0 cycle=3632 pc=0x800001cc opcode=0x00d70733
retire_trace slot=0 cycle=3633 pc=0x800001d0 opcode=0xfee7ae23
retire_trace slot=1 cycle=3633 pc=0x800001d4 opcode=0xfd079ee3
retire_trace slot=0 cycle=3636 pc=0x800001b0 opcode=0x00062683
retire_trace slot=0 cycle=3637 pc=0x800001b4 opcode=0x0005a503
retire_trace slot=0 cycle=3640 pc=0x800001b8 opcode=0x0007a703
retire_trace slot=1 cycle=3640 pc=0x800001bc opcode=0x00478793
retire_trace slot=0 cycle=3643 pc=0x800001c0 opcode=0x02a686b3
retire_trace slot=0 cycle=3644 pc=0x800001c4 opcode=0x00460613
retire_trace slot=0 cycle=3645 pc=0x800001c8 opcode=0x00458593
retire_trace slot=0 cycle=3646 pc=0x800001cc opcode=0x00d70733
retire_trace slot=0 cycle=3647 pc=0x800001d0 opcode=0xfee7ae23
retire_trace slot=1 cycle=3647 pc=0x800001d4 opcode=0xfd079ee3
retire_trace slot=0 cycle=3650 pc=0x800001d8 opcode=0x010e0e13
retire_trace slot=0 cycle=3651 pc=0x800001dc opcode=0x04030313
retire_trace slot=0 cycle=3652 pc=0x800001e0 opcode=0x040e8e93
retire_trace slot=1 cycle=3652 pc=0x800001e4 opcode=0xfdee10e3
retire_trace slot=0 cycle=3655 pc=0x800001a4 opcode=0x000e8593
retire_trace slot=0 cycle=3656 pc=0x800001a8 opcode=0x00030613
retire_trace slot=0 cycle=3657 pc=0x800001ac opcode=0x00088793
retire_trace slot=0 cycle=3658 pc=0x800001b0 opcode=0x00062683
retire_trace slot=0 cycle=3659 pc=0x800001b4 opcode=0x0005a503
retire_trace slot=0 cycle=3662 pc=0x800001b8 opcode=0x0007a703
retire_trace slot=1 cycle=3662 pc=0x800001bc opcode=0x00478793
retire_trace slot=0 cycle=3665 pc=0x800001c0 opcode=0x02a686b3
retire_trace slot=0 cycle=3666 pc=0x800001c4 opcode=0x00460613
retire_trace slot=0 cycle=3667 pc=0x800001c8 opcode=0x00458593
retire_trace slot=0 cycle=3668 pc=0x800001cc opcode=0x00d70733
retire_trace slot=0 cycle=3669 pc=0x800001d0 opcode=0xfee7ae23
retire_trace slot=1 cycle=3669 pc=0x800001d4 opcode=0xfd079ee3
retire_trace slot=0 cycle=3672 pc=0x800001b0 opcode=0x00062683
retire_trace slot=0 cycle=3673 pc=0x800001b4 opcode=0x0005a503
retire_trace slot=0 cycle=3676 pc=0x800001b8 opcode=0x0007a703
retire_trace slot=1 cycle=3676 pc=0x800001bc opcode=0x00478793
retire_trace slot=0 cycle=3679 pc=0x800001c0 opcode=0x02a686b3
retire_trace slot=0 cycle=3680 pc=0x800001c4 opcode=0x00460613
retire_trace slot=0 cycle=3681 pc=0x800001c8 opcode=0x00458593
retire_trace slot=0 cycle=3682 pc=0x800001cc opcode=0x00d70733
retire_trace slot=0 cycle=3683 pc=0x800001d0 opcode=0xfee7ae23
retire_trace slot=1 cycle=3683 pc=0x800001d4 opcode=0xfd079ee3
retire_trace slot=0 cycle=3686 pc=0x800001b0 opcode=0x00062683
retire_trace slot=0 cycle=3687 pc=0x800001b4 opcode=0x0005a503
retire_trace slot=0 cycle=3690 pc=0x800001b8 opcode=0x0007a703
retire_trace slot=1 cycle=3690 pc=0x800001bc opcode=0x00478793
retire_trace slot=0 cycle=3693 pc=0x800001c0 opcode=0x02a686b3
retire_trace slot=0 cycle=3694 pc=0x800001c4 opcode=0x00460613
retire_trace slot=0 cycle=3695 pc=0x800001c8 opcode=0x00458593
retire_trace slot=0 cycle=3696 pc=0x800001cc opcode=0x00d70733
retire_trace slot=0 cycle=3697 pc=0x800001d0 opcode=0xfee7ae23
retire_trace slot=1 cycle=3697 pc=0x800001d4 opcode=0xfd079ee3
retire_trace slot=0 cycle=3700 pc=0x800001b0 opcode=0x00062683
retire_trace slot=0 cycle=3701 pc=0x800001b4 opcode=0x0005a503
retire_trace slot=0 cycle=3704 pc=0x800001b8 opcode=0x0007a703
retire_trace slot=1 cycle=3704 pc=0x800001bc opcode=0x00478793
retire_trace slot=0 cycle=3707 pc=0x800001c0 opcode=0x02a686b3
retire_trace slot=0 cycle=3708 pc=0x800001c4 opcode=0x00460613
retire_trace slot=0 cycle=3709 pc=0x800001c8 opcode=0x00458593
retire_trace slot=0 cycle=3710 pc=0x800001cc opcode=0x00d70733
retire_trace slot=0 cycle=3711 pc=0x800001d0 opcode=0xfee7ae23
retire_trace slot=1 cycle=3711 pc=0x800001d4 opcode=0xfd079ee3
retire_trace slot=0 cycle=3714 pc=0x800001b0 opcode=0x00062683
retire_trace slot=0 cycle=3715 pc=0x800001b4 opcode=0x0005a503
retire_trace slot=0 cycle=3718 pc=0x800001b8 opcode=0x0007a703
retire_trace slot=1 cycle=3718 pc=0x800001bc opcode=0x00478793
retire_trace slot=0 cycle=3721 pc=0x800001c0 opcode=0x02a686b3
retire_trace slot=0 cycle=3722 pc=0x800001c4 opcode=0x00460613
retire_trace slot=0 cycle=3723 pc=0x800001c8 opcode=0x00458593
retire_trace slot=0 cycle=3724 pc=0x800001cc opcode=0x00d70733
retire_trace slot=0 cycle=3725 pc=0x800001d0 opcode=0xfee7ae23
retire_trace slot=1 cycle=3725 pc=0x800001d4 opcode=0xfd079ee3
retire_trace slot=0 cycle=3728 pc=0x800001b0 opcode=0x00062683
retire_trace slot=0 cycle=3729 pc=0x800001b4 opcode=0x0005a503
retire_trace slot=0 cycle=3732 pc=0x800001b8 opcode=0x0007a703
retire_trace slot=1 cycle=3732 pc=0x800001bc opcode=0x00478793
retire_trace slot=0 cycle=3735 pc=0x800001c0 opcode=0x02a686b3
retire_trace slot=0 cycle=3736 pc=0x800001c4 opcode=0x00460613
retire_trace slot=0 cycle=3737 pc=0x800001c8 opcode=0x00458593
retire_trace slot=0 cycle=3738 pc=0x800001cc opcode=0x00d70733
retire_trace slot=0 cycle=3739 pc=0x800001d0 opcode=0xfee7ae23
retire_trace slot=1 cycle=3739 pc=0x800001d4 opcode=0xfd079ee3
retire_trace slot=0 cycle=3742 pc=0x800001b0 opcode=0x00062683
retire_trace slot=0 cycle=3743 pc=0x800001b4 opcode=0x0005a503
retire_trace slot=0 cycle=3746 pc=0x800001b8 opcode=0x0007a703
retire_trace slot=1 cycle=3746 pc=0x800001bc opcode=0x00478793
retire_trace slot=0 cycle=3749 pc=0x800001c0 opcode=0x02a686b3
retire_trace slot=0 cycle=3750 pc=0x800001c4 opcode=0x00460613
retire_trace slot=0 cycle=3751 pc=0x800001c8 opcode=0x00458593
retire_trace slot=0 cycle=3752 pc=0x800001cc opcode=0x00d70733
retire_trace slot=0 cycle=3753 pc=0x800001d0 opcode=0xfee7ae23
retire_trace slot=1 cycle=3753 pc=0x800001d4 opcode=0xfd079ee3
retire_trace slot=0 cycle=3756 pc=0x800001b0 opcode=0x00062683
retire_trace slot=0 cycle=3757 pc=0x800001b4 opcode=0x0005a503
retire_trace slot=0 cycle=3760 pc=0x800001b8 opcode=0x0007a703
retire_trace slot=1 cycle=3760 pc=0x800001bc opcode=0x00478793
retire_trace slot=0 cycle=3763 pc=0x800001c0 opcode=0x02a686b3
retire_trace slot=0 cycle=3764 pc=0x800001c4 opcode=0x00460613
retire_trace slot=0 cycle=3765 pc=0x800001c8 opcode=0x00458593
retire_trace slot=0 cycle=3766 pc=0x800001cc opcode=0x00d70733
retire_trace slot=0 cycle=3767 pc=0x800001d0 opcode=0xfee7ae23
retire_trace slot=1 cycle=3767 pc=0x800001d4 opcode=0xfd079ee3
retire_trace slot=0 cycle=3770 pc=0x800001b0 opcode=0x00062683
retire_trace slot=0 cycle=3771 pc=0x800001b4 opcode=0x0005a503
retire_trace slot=0 cycle=3774 pc=0x800001b8 opcode=0x0007a703
retire_trace slot=1 cycle=3774 pc=0x800001bc opcode=0x00478793
retire_trace slot=0 cycle=3777 pc=0x800001c0 opcode=0x02a686b3
retire_trace slot=0 cycle=3778 pc=0x800001c4 opcode=0x00460613
retire_trace slot=0 cycle=3779 pc=0x800001c8 opcode=0x00458593
retire_trace slot=0 cycle=3780 pc=0x800001cc opcode=0x00d70733
retire_trace slot=0 cycle=3781 pc=0x800001d0 opcode=0xfee7ae23
retire_trace slot=1 cycle=3781 pc=0x800001d4 opcode=0xfd079ee3
retire_trace slot=0 cycle=3784 pc=0x800001b0 opcode=0x00062683
retire_trace slot=0 cycle=3785 pc=0x800001b4 opcode=0x0005a503
retire_trace slot=0 cycle=3788 pc=0x800001b8 opcode=0x0007a703
retire_trace slot=1 cycle=3788 pc=0x800001bc opcode=0x00478793
retire_trace slot=0 cycle=3791 pc=0x800001c0 opcode=0x02a686b3
retire_trace slot=0 cycle=3792 pc=0x800001c4 opcode=0x00460613
retire_trace slot=0 cycle=3793 pc=0x800001c8 opcode=0x00458593
retire_trace slot=0 cycle=3794 pc=0x800001cc opcode=0x00d70733
retire_trace slot=0 cycle=3795 pc=0x800001d0 opcode=0xfee7ae23
retire_trace slot=1 cycle=3795 pc=0x800001d4 opcode=0xfd079ee3
retire_trace slot=0 cycle=3798 pc=0x800001b0 opcode=0x00062683
retire_trace slot=0 cycle=3799 pc=0x800001b4 opcode=0x0005a503
retire_trace slot=0 cycle=3802 pc=0x800001b8 opcode=0x0007a703
retire_trace slot=1 cycle=3802 pc=0x800001bc opcode=0x00478793
retire_trace slot=0 cycle=3805 pc=0x800001c0 opcode=0x02a686b3
retire_trace slot=0 cycle=3806 pc=0x800001c4 opcode=0x00460613
retire_trace slot=0 cycle=3807 pc=0x800001c8 opcode=0x00458593
retire_trace slot=0 cycle=3808 pc=0x800001cc opcode=0x00d70733
retire_trace slot=0 cycle=3809 pc=0x800001d0 opcode=0xfee7ae23
retire_trace slot=1 cycle=3809 pc=0x800001d4 opcode=0xfd079ee3
retire_trace slot=0 cycle=3812 pc=0x800001b0 opcode=0x00062683
retire_trace slot=0 cycle=3813 pc=0x800001b4 opcode=0x0005a503
retire_trace slot=0 cycle=3816 pc=0x800001b8 opcode=0x0007a703
retire_trace slot=1 cycle=3816 pc=0x800001bc opcode=0x00478793
retire_trace slot=0 cycle=3819 pc=0x800001c0 opcode=0x02a686b3
retire_trace slot=0 cycle=3820 pc=0x800001c4 opcode=0x00460613
retire_trace slot=0 cycle=3821 pc=0x800001c8 opcode=0x00458593
retire_trace slot=0 cycle=3822 pc=0x800001cc opcode=0x00d70733
retire_trace slot=0 cycle=3823 pc=0x800001d0 opcode=0xfee7ae23
retire_trace slot=1 cycle=3823 pc=0x800001d4 opcode=0xfd079ee3
retire_trace slot=0 cycle=3826 pc=0x800001b0 opcode=0x00062683
retire_trace slot=0 cycle=3827 pc=0x800001b4 opcode=0x0005a503
retire_trace slot=0 cycle=3830 pc=0x800001b8 opcode=0x0007a703
retire_trace slot=1 cycle=3830 pc=0x800001bc opcode=0x00478793
retire_trace slot=0 cycle=3833 pc=0x800001c0 opcode=0x02a686b3
retire_trace slot=0 cycle=3834 pc=0x800001c4 opcode=0x00460613
retire_trace slot=0 cycle=3835 pc=0x800001c8 opcode=0x00458593
retire_trace slot=0 cycle=3836 pc=0x800001cc opcode=0x00d70733
retire_trace slot=0 cycle=3837 pc=0x800001d0 opcode=0xfee7ae23
retire_trace slot=1 cycle=3837 pc=0x800001d4 opcode=0xfd079ee3
retire_trace slot=0 cycle=3840 pc=0x800001b0 opcode=0x00062683
retire_trace slot=0 cycle=3841 pc=0x800001b4 opcode=0x0005a503
retire_trace slot=0 cycle=3844 pc=0x800001b8 opcode=0x0007a703
retire_trace slot=1 cycle=3844 pc=0x800001bc opcode=0x00478793
retire_trace slot=0 cycle=3847 pc=0x800001c0 opcode=0x02a686b3
retire_trace slot=0 cycle=3848 pc=0x800001c4 opcode=0x00460613
retire_trace slot=0 cycle=3849 pc=0x800001c8 opcode=0x00458593
retire_trace slot=0 cycle=3850 pc=0x800001cc opcode=0x00d70733
retire_trace slot=0 cycle=3851 pc=0x800001d0 opcode=0xfee7ae23
retire_trace slot=1 cycle=3851 pc=0x800001d4 opcode=0xfd079ee3
retire_trace slot=0 cycle=3854 pc=0x800001b0 opcode=0x00062683
retire_trace slot=0 cycle=3855 pc=0x800001b4 opcode=0x0005a503
retire_trace slot=0 cycle=3858 pc=0x800001b8 opcode=0x0007a703
retire_trace slot=1 cycle=3858 pc=0x800001bc opcode=0x00478793
retire_trace slot=0 cycle=3861 pc=0x800001c0 opcode=0x02a686b3
retire_trace slot=0 cycle=3862 pc=0x800001c4 opcode=0x00460613
retire_trace slot=0 cycle=3863 pc=0x800001c8 opcode=0x00458593
retire_trace slot=0 cycle=3864 pc=0x800001cc opcode=0x00d70733
retire_trace slot=0 cycle=3865 pc=0x800001d0 opcode=0xfee7ae23
retire_trace slot=1 cycle=3865 pc=0x800001d4 opcode=0xfd079ee3
retire_trace slot=0 cycle=3868 pc=0x800001b0 opcode=0x00062683
retire_trace slot=0 cycle=3869 pc=0x800001b4 opcode=0x0005a503
retire_trace slot=0 cycle=3872 pc=0x800001b8 opcode=0x0007a703
retire_trace slot=1 cycle=3872 pc=0x800001bc opcode=0x00478793
retire_trace slot=0 cycle=3875 pc=0x800001c0 opcode=0x02a686b3
retire_trace slot=0 cycle=3876 pc=0x800001c4 opcode=0x00460613
retire_trace slot=0 cycle=3877 pc=0x800001c8 opcode=0x00458593
retire_trace slot=0 cycle=3878 pc=0x800001cc opcode=0x00d70733
retire_trace slot=0 cycle=3879 pc=0x800001d0 opcode=0xfee7ae23
retire_trace slot=1 cycle=3879 pc=0x800001d4 opcode=0xfd079ee3
retire_trace slot=0 cycle=3882 pc=0x800001d8 opcode=0x010e0e13
retire_trace slot=0 cycle=3883 pc=0x800001dc opcode=0x04030313
retire_trace slot=0 cycle=3884 pc=0x800001e0 opcode=0x040e8e93
retire_trace slot=1 cycle=3884 pc=0x800001e4 opcode=0xfdee10e3
retire_trace slot=0 cycle=3887 pc=0x800001a4 opcode=0x000e8593
retire_trace slot=0 cycle=3888 pc=0x800001a8 opcode=0x00030613
retire_trace slot=0 cycle=3889 pc=0x800001ac opcode=0x00088793
retire_trace slot=0 cycle=3890 pc=0x800001b0 opcode=0x00062683
retire_trace slot=0 cycle=3891 pc=0x800001b4 opcode=0x0005a503
retire_trace slot=0 cycle=3894 pc=0x800001b8 opcode=0x0007a703
retire_trace slot=1 cycle=3894 pc=0x800001bc opcode=0x00478793
retire_trace slot=0 cycle=3897 pc=0x800001c0 opcode=0x02a686b3
retire_trace slot=0 cycle=3898 pc=0x800001c4 opcode=0x00460613
retire_trace slot=0 cycle=3899 pc=0x800001c8 opcode=0x00458593
retire_trace slot=0 cycle=3900 pc=0x800001cc opcode=0x00d70733
retire_trace slot=0 cycle=3901 pc=0x800001d0 opcode=0xfee7ae23
retire_trace slot=1 cycle=3901 pc=0x800001d4 opcode=0xfd079ee3
retire_trace slot=0 cycle=3904 pc=0x800001b0 opcode=0x00062683
retire_trace slot=0 cycle=3905 pc=0x800001b4 opcode=0x0005a503
retire_trace slot=0 cycle=3908 pc=0x800001b8 opcode=0x0007a703
retire_trace slot=1 cycle=3908 pc=0x800001bc opcode=0x00478793
retire_trace slot=0 cycle=3911 pc=0x800001c0 opcode=0x02a686b3
retire_trace slot=0 cycle=3912 pc=0x800001c4 opcode=0x00460613
retire_trace slot=0 cycle=3913 pc=0x800001c8 opcode=0x00458593
retire_trace slot=0 cycle=3914 pc=0x800001cc opcode=0x00d70733
retire_trace slot=0 cycle=3915 pc=0x800001d0 opcode=0xfee7ae23
retire_trace slot=1 cycle=3915 pc=0x800001d4 opcode=0xfd079ee3
retire_trace slot=0 cycle=3918 pc=0x800001b0 opcode=0x00062683
retire_trace slot=0 cycle=3919 pc=0x800001b4 opcode=0x0005a503
retire_trace slot=0 cycle=3922 pc=0x800001b8 opcode=0x0007a703
retire_trace slot=1 cycle=3922 pc=0x800001bc opcode=0x00478793
retire_trace slot=0 cycle=3925 pc=0x800001c0 opcode=0x02a686b3
retire_trace slot=0 cycle=3926 pc=0x800001c4 opcode=0x00460613
retire_trace slot=0 cycle=3927 pc=0x800001c8 opcode=0x00458593
retire_trace slot=0 cycle=3928 pc=0x800001cc opcode=0x00d70733
retire_trace slot=0 cycle=3929 pc=0x800001d0 opcode=0xfee7ae23
retire_trace slot=1 cycle=3929 pc=0x800001d4 opcode=0xfd079ee3
retire_trace slot=0 cycle=3932 pc=0x800001b0 opcode=0x00062683
retire_trace slot=0 cycle=3933 pc=0x800001b4 opcode=0x0005a503
retire_trace slot=0 cycle=3936 pc=0x800001b8 opcode=0x0007a703
retire_trace slot=1 cycle=3936 pc=0x800001bc opcode=0x00478793
retire_trace slot=0 cycle=3939 pc=0x800001c0 opcode=0x02a686b3
retire_trace slot=0 cycle=3940 pc=0x800001c4 opcode=0x00460613
retire_trace slot=0 cycle=3941 pc=0x800001c8 opcode=0x00458593
retire_trace slot=0 cycle=3942 pc=0x800001cc opcode=0x00d70733
retire_trace slot=0 cycle=3943 pc=0x800001d0 opcode=0xfee7ae23
retire_trace slot=1 cycle=3943 pc=0x800001d4 opcode=0xfd079ee3
retire_trace slot=0 cycle=3946 pc=0x800001b0 opcode=0x00062683
retire_trace slot=0 cycle=3947 pc=0x800001b4 opcode=0x0005a503
retire_trace slot=0 cycle=3950 pc=0x800001b8 opcode=0x0007a703
retire_trace slot=1 cycle=3950 pc=0x800001bc opcode=0x00478793
retire_trace slot=0 cycle=3953 pc=0x800001c0 opcode=0x02a686b3
retire_trace slot=0 cycle=3954 pc=0x800001c4 opcode=0x00460613
retire_trace slot=0 cycle=3955 pc=0x800001c8 opcode=0x00458593
retire_trace slot=0 cycle=3956 pc=0x800001cc opcode=0x00d70733
retire_trace slot=0 cycle=3957 pc=0x800001d0 opcode=0xfee7ae23
retire_trace slot=1 cycle=3957 pc=0x800001d4 opcode=0xfd079ee3
retire_trace slot=0 cycle=3960 pc=0x800001b0 opcode=0x00062683
retire_trace slot=0 cycle=3961 pc=0x800001b4 opcode=0x0005a503
retire_trace slot=0 cycle=3964 pc=0x800001b8 opcode=0x0007a703
retire_trace slot=1 cycle=3964 pc=0x800001bc opcode=0x00478793
retire_trace slot=0 cycle=3967 pc=0x800001c0 opcode=0x02a686b3
retire_trace slot=0 cycle=3968 pc=0x800001c4 opcode=0x00460613
retire_trace slot=0 cycle=3969 pc=0x800001c8 opcode=0x00458593
retire_trace slot=0 cycle=3970 pc=0x800001cc opcode=0x00d70733
retire_trace slot=0 cycle=3971 pc=0x800001d0 opcode=0xfee7ae23
retire_trace slot=1 cycle=3971 pc=0x800001d4 opcode=0xfd079ee3
retire_trace slot=0 cycle=3974 pc=0x800001b0 opcode=0x00062683
retire_trace slot=0 cycle=3975 pc=0x800001b4 opcode=0x0005a503
retire_trace slot=0 cycle=3978 pc=0x800001b8 opcode=0x0007a703
retire_trace slot=1 cycle=3978 pc=0x800001bc opcode=0x00478793
retire_trace slot=0 cycle=3981 pc=0x800001c0 opcode=0x02a686b3
retire_trace slot=0 cycle=3982 pc=0x800001c4 opcode=0x00460613
retire_trace slot=0 cycle=3983 pc=0x800001c8 opcode=0x00458593
retire_trace slot=0 cycle=3984 pc=0x800001cc opcode=0x00d70733
retire_trace slot=0 cycle=3985 pc=0x800001d0 opcode=0xfee7ae23
retire_trace slot=1 cycle=3985 pc=0x800001d4 opcode=0xfd079ee3
retire_trace slot=0 cycle=3988 pc=0x800001b0 opcode=0x00062683
retire_trace slot=0 cycle=3989 pc=0x800001b4 opcode=0x0005a503
retire_trace slot=0 cycle=3992 pc=0x800001b8 opcode=0x0007a703
retire_trace slot=1 cycle=3992 pc=0x800001bc opcode=0x00478793
retire_trace slot=0 cycle=3995 pc=0x800001c0 opcode=0x02a686b3
retire_trace slot=0 cycle=3996 pc=0x800001c4 opcode=0x00460613
retire_trace slot=0 cycle=3997 pc=0x800001c8 opcode=0x00458593
retire_trace slot=0 cycle=3998 pc=0x800001cc opcode=0x00d70733
retire_trace slot=0 cycle=3999 pc=0x800001d0 opcode=0xfee7ae23
retire_trace slot=1 cycle=3999 pc=0x800001d4 opcode=0xfd079ee3
retire_trace slot=0 cycle=4002 pc=0x800001b0 opcode=0x00062683
retire_trace slot=0 cycle=4003 pc=0x800001b4 opcode=0x0005a503
retire_trace slot=0 cycle=4006 pc=0x800001b8 opcode=0x0007a703
retire_trace slot=1 cycle=4006 pc=0x800001bc opcode=0x00478793
retire_trace slot=0 cycle=4009 pc=0x800001c0 opcode=0x02a686b3
retire_trace slot=0 cycle=4010 pc=0x800001c4 opcode=0x00460613
retire_trace slot=0 cycle=4011 pc=0x800001c8 opcode=0x00458593
retire_trace slot=0 cycle=4012 pc=0x800001cc opcode=0x00d70733
retire_trace slot=0 cycle=4013 pc=0x800001d0 opcode=0xfee7ae23
retire_trace slot=1 cycle=4013 pc=0x800001d4 opcode=0xfd079ee3
retire_trace slot=0 cycle=4016 pc=0x800001b0 opcode=0x00062683
retire_trace slot=0 cycle=4017 pc=0x800001b4 opcode=0x0005a503
retire_trace slot=0 cycle=4020 pc=0x800001b8 opcode=0x0007a703
retire_trace slot=1 cycle=4020 pc=0x800001bc opcode=0x00478793
retire_trace slot=0 cycle=4023 pc=0x800001c0 opcode=0x02a686b3
retire_trace slot=0 cycle=4024 pc=0x800001c4 opcode=0x00460613
retire_trace slot=0 cycle=4025 pc=0x800001c8 opcode=0x00458593
retire_trace slot=0 cycle=4026 pc=0x800001cc opcode=0x00d70733
retire_trace slot=0 cycle=4027 pc=0x800001d0 opcode=0xfee7ae23
retire_trace slot=1 cycle=4027 pc=0x800001d4 opcode=0xfd079ee3
retire_trace slot=0 cycle=4030 pc=0x800001b0 opcode=0x00062683
retire_trace slot=0 cycle=4031 pc=0x800001b4 opcode=0x0005a503
retire_trace slot=0 cycle=4034 pc=0x800001b8 opcode=0x0007a703
retire_trace slot=1 cycle=4034 pc=0x800001bc opcode=0x00478793
retire_trace slot=0 cycle=4037 pc=0x800001c0 opcode=0x02a686b3
retire_trace slot=0 cycle=4038 pc=0x800001c4 opcode=0x00460613
retire_trace slot=0 cycle=4039 pc=0x800001c8 opcode=0x00458593
retire_trace slot=0 cycle=4040 pc=0x800001cc opcode=0x00d70733
retire_trace slot=0 cycle=4041 pc=0x800001d0 opcode=0xfee7ae23
retire_trace slot=1 cycle=4041 pc=0x800001d4 opcode=0xfd079ee3
retire_trace slot=0 cycle=4044 pc=0x800001b0 opcode=0x00062683
retire_trace slot=0 cycle=4045 pc=0x800001b4 opcode=0x0005a503
retire_trace slot=0 cycle=4048 pc=0x800001b8 opcode=0x0007a703
retire_trace slot=1 cycle=4048 pc=0x800001bc opcode=0x00478793
retire_trace slot=0 cycle=4051 pc=0x800001c0 opcode=0x02a686b3
retire_trace slot=0 cycle=4052 pc=0x800001c4 opcode=0x00460613
retire_trace slot=0 cycle=4053 pc=0x800001c8 opcode=0x00458593
retire_trace slot=0 cycle=4054 pc=0x800001cc opcode=0x00d70733
retire_trace slot=0 cycle=4055 pc=0x800001d0 opcode=0xfee7ae23
retire_trace slot=1 cycle=4055 pc=0x800001d4 opcode=0xfd079ee3
retire_trace slot=0 cycle=4058 pc=0x800001b0 opcode=0x00062683
retire_trace slot=0 cycle=4059 pc=0x800001b4 opcode=0x0005a503
retire_trace slot=0 cycle=4062 pc=0x800001b8 opcode=0x0007a703
retire_trace slot=1 cycle=4062 pc=0x800001bc opcode=0x00478793
retire_trace slot=0 cycle=4065 pc=0x800001c0 opcode=0x02a686b3
retire_trace slot=0 cycle=4066 pc=0x800001c4 opcode=0x00460613
retire_trace slot=0 cycle=4067 pc=0x800001c8 opcode=0x00458593
retire_trace slot=0 cycle=4068 pc=0x800001cc opcode=0x00d70733
retire_trace slot=0 cycle=4069 pc=0x800001d0 opcode=0xfee7ae23
retire_trace slot=1 cycle=4069 pc=0x800001d4 opcode=0xfd079ee3
retire_trace slot=0 cycle=4072 pc=0x800001b0 opcode=0x00062683
retire_trace slot=0 cycle=4073 pc=0x800001b4 opcode=0x0005a503
retire_trace slot=0 cycle=4076 pc=0x800001b8 opcode=0x0007a703
retire_trace slot=1 cycle=4076 pc=0x800001bc opcode=0x00478793
retire_trace slot=0 cycle=4079 pc=0x800001c0 opcode=0x02a686b3
retire_trace slot=0 cycle=4080 pc=0x800001c4 opcode=0x00460613
retire_trace slot=0 cycle=4081 pc=0x800001c8 opcode=0x00458593
retire_trace slot=0 cycle=4082 pc=0x800001cc opcode=0x00d70733
retire_trace slot=0 cycle=4083 pc=0x800001d0 opcode=0xfee7ae23
retire_trace slot=1 cycle=4083 pc=0x800001d4 opcode=0xfd079ee3
retire_trace slot=0 cycle=4086 pc=0x800001b0 opcode=0x00062683
retire_trace slot=0 cycle=4087 pc=0x800001b4 opcode=0x0005a503
retire_trace slot=0 cycle=4090 pc=0x800001b8 opcode=0x0007a703
retire_trace slot=1 cycle=4090 pc=0x800001bc opcode=0x00478793
retire_trace slot=0 cycle=4093 pc=0x800001c0 opcode=0x02a686b3
retire_trace slot=0 cycle=4094 pc=0x800001c4 opcode=0x00460613
retire_trace slot=0 cycle=4095 pc=0x800001c8 opcode=0x00458593
retire_trace slot=0 cycle=4096 pc=0x800001cc opcode=0x00d70733
retire_trace slot=0 cycle=4097 pc=0x800001d0 opcode=0xfee7ae23
retire_trace slot=1 cycle=4097 pc=0x800001d4 opcode=0xfd079ee3
retire_trace slot=0 cycle=4100 pc=0x800001b0 opcode=0x00062683
retire_trace slot=0 cycle=4101 pc=0x800001b4 opcode=0x0005a503
retire_trace slot=0 cycle=4104 pc=0x800001b8 opcode=0x0007a703
retire_trace slot=1 cycle=4104 pc=0x800001bc opcode=0x00478793
retire_trace slot=0 cycle=4107 pc=0x800001c0 opcode=0x02a686b3
retire_trace slot=0 cycle=4108 pc=0x800001c4 opcode=0x00460613
retire_trace slot=0 cycle=4109 pc=0x800001c8 opcode=0x00458593
retire_trace slot=0 cycle=4110 pc=0x800001cc opcode=0x00d70733
retire_trace slot=0 cycle=4111 pc=0x800001d0 opcode=0xfee7ae23
retire_trace slot=1 cycle=4111 pc=0x800001d4 opcode=0xfd079ee3
retire_trace slot=0 cycle=4114 pc=0x800001d8 opcode=0x010e0e13
retire_trace slot=0 cycle=4115 pc=0x800001dc opcode=0x04030313
retire_trace slot=0 cycle=4116 pc=0x800001e0 opcode=0x040e8e93
retire_trace slot=1 cycle=4116 pc=0x800001e4 opcode=0xfdee10e3
retire_trace slot=0 cycle=4119 pc=0x800001a4 opcode=0x000e8593
retire_trace slot=0 cycle=4120 pc=0x800001a8 opcode=0x00030613
retire_trace slot=0 cycle=4121 pc=0x800001ac opcode=0x00088793
retire_trace slot=0 cycle=4122 pc=0x800001b0 opcode=0x00062683
retire_trace slot=0 cycle=4123 pc=0x800001b4 opcode=0x0005a503
retire_trace slot=0 cycle=4126 pc=0x800001b8 opcode=0x0007a703
retire_trace slot=1 cycle=4126 pc=0x800001bc opcode=0x00478793
retire_trace slot=0 cycle=4129 pc=0x800001c0 opcode=0x02a686b3
retire_trace slot=0 cycle=4130 pc=0x800001c4 opcode=0x00460613
retire_trace slot=0 cycle=4131 pc=0x800001c8 opcode=0x00458593
retire_trace slot=0 cycle=4132 pc=0x800001cc opcode=0x00d70733
retire_trace slot=0 cycle=4133 pc=0x800001d0 opcode=0xfee7ae23
retire_trace slot=1 cycle=4133 pc=0x800001d4 opcode=0xfd079ee3
retire_trace slot=0 cycle=4136 pc=0x800001b0 opcode=0x00062683
retire_trace slot=0 cycle=4137 pc=0x800001b4 opcode=0x0005a503
retire_trace slot=0 cycle=4140 pc=0x800001b8 opcode=0x0007a703
retire_trace slot=1 cycle=4140 pc=0x800001bc opcode=0x00478793
retire_trace slot=0 cycle=4143 pc=0x800001c0 opcode=0x02a686b3
retire_trace slot=0 cycle=4144 pc=0x800001c4 opcode=0x00460613
retire_trace slot=0 cycle=4145 pc=0x800001c8 opcode=0x00458593
retire_trace slot=0 cycle=4146 pc=0x800001cc opcode=0x00d70733
retire_trace slot=0 cycle=4147 pc=0x800001d0 opcode=0xfee7ae23
retire_trace slot=1 cycle=4147 pc=0x800001d4 opcode=0xfd079ee3
retire_trace slot=0 cycle=4150 pc=0x800001b0 opcode=0x00062683
retire_trace slot=0 cycle=4151 pc=0x800001b4 opcode=0x0005a503
retire_trace slot=0 cycle=4154 pc=0x800001b8 opcode=0x0007a703
retire_trace slot=1 cycle=4154 pc=0x800001bc opcode=0x00478793
retire_trace slot=0 cycle=4157 pc=0x800001c0 opcode=0x02a686b3
retire_trace slot=0 cycle=4158 pc=0x800001c4 opcode=0x00460613
retire_trace slot=0 cycle=4159 pc=0x800001c8 opcode=0x00458593
retire_trace slot=0 cycle=4160 pc=0x800001cc opcode=0x00d70733
retire_trace slot=0 cycle=4161 pc=0x800001d0 opcode=0xfee7ae23
retire_trace slot=1 cycle=4161 pc=0x800001d4 opcode=0xfd079ee3
retire_trace slot=0 cycle=4164 pc=0x800001b0 opcode=0x00062683
retire_trace slot=0 cycle=4165 pc=0x800001b4 opcode=0x0005a503
retire_trace slot=0 cycle=4168 pc=0x800001b8 opcode=0x0007a703
retire_trace slot=1 cycle=4168 pc=0x800001bc opcode=0x00478793
retire_trace slot=0 cycle=4171 pc=0x800001c0 opcode=0x02a686b3
retire_trace slot=0 cycle=4172 pc=0x800001c4 opcode=0x00460613
retire_trace slot=0 cycle=4173 pc=0x800001c8 opcode=0x00458593
retire_trace slot=0 cycle=4174 pc=0x800001cc opcode=0x00d70733
retire_trace slot=0 cycle=4175 pc=0x800001d0 opcode=0xfee7ae23
retire_trace slot=1 cycle=4175 pc=0x800001d4 opcode=0xfd079ee3
retire_trace slot=0 cycle=4178 pc=0x800001b0 opcode=0x00062683
retire_trace slot=0 cycle=4179 pc=0x800001b4 opcode=0x0005a503
retire_trace slot=0 cycle=4182 pc=0x800001b8 opcode=0x0007a703
retire_trace slot=1 cycle=4182 pc=0x800001bc opcode=0x00478793
retire_trace slot=0 cycle=4185 pc=0x800001c0 opcode=0x02a686b3
retire_trace slot=0 cycle=4186 pc=0x800001c4 opcode=0x00460613
retire_trace slot=0 cycle=4187 pc=0x800001c8 opcode=0x00458593
retire_trace slot=0 cycle=4188 pc=0x800001cc opcode=0x00d70733
retire_trace slot=0 cycle=4189 pc=0x800001d0 opcode=0xfee7ae23
retire_trace slot=1 cycle=4189 pc=0x800001d4 opcode=0xfd079ee3
retire_trace slot=0 cycle=4192 pc=0x800001b0 opcode=0x00062683
retire_trace slot=0 cycle=4193 pc=0x800001b4 opcode=0x0005a503
retire_trace slot=0 cycle=4196 pc=0x800001b8 opcode=0x0007a703
retire_trace slot=1 cycle=4196 pc=0x800001bc opcode=0x00478793
retire_trace slot=0 cycle=4199 pc=0x800001c0 opcode=0x02a686b3
retire_trace slot=0 cycle=4200 pc=0x800001c4 opcode=0x00460613
retire_trace slot=0 cycle=4201 pc=0x800001c8 opcode=0x00458593
retire_trace slot=0 cycle=4202 pc=0x800001cc opcode=0x00d70733
retire_trace slot=0 cycle=4203 pc=0x800001d0 opcode=0xfee7ae23
retire_trace slot=1 cycle=4203 pc=0x800001d4 opcode=0xfd079ee3
retire_trace slot=0 cycle=4206 pc=0x800001b0 opcode=0x00062683
retire_trace slot=0 cycle=4207 pc=0x800001b4 opcode=0x0005a503
retire_trace slot=0 cycle=4210 pc=0x800001b8 opcode=0x0007a703
retire_trace slot=1 cycle=4210 pc=0x800001bc opcode=0x00478793
retire_trace slot=0 cycle=4213 pc=0x800001c0 opcode=0x02a686b3
retire_trace slot=0 cycle=4214 pc=0x800001c4 opcode=0x00460613
retire_trace slot=0 cycle=4215 pc=0x800001c8 opcode=0x00458593
retire_trace slot=0 cycle=4216 pc=0x800001cc opcode=0x00d70733
retire_trace slot=0 cycle=4217 pc=0x800001d0 opcode=0xfee7ae23
retire_trace slot=1 cycle=4217 pc=0x800001d4 opcode=0xfd079ee3
retire_trace slot=0 cycle=4220 pc=0x800001b0 opcode=0x00062683
retire_trace slot=0 cycle=4221 pc=0x800001b4 opcode=0x0005a503
retire_trace slot=0 cycle=4224 pc=0x800001b8 opcode=0x0007a703
retire_trace slot=1 cycle=4224 pc=0x800001bc opcode=0x00478793
retire_trace slot=0 cycle=4227 pc=0x800001c0 opcode=0x02a686b3
retire_trace slot=0 cycle=4228 pc=0x800001c4 opcode=0x00460613
retire_trace slot=0 cycle=4229 pc=0x800001c8 opcode=0x00458593
retire_trace slot=0 cycle=4230 pc=0x800001cc opcode=0x00d70733
retire_trace slot=0 cycle=4231 pc=0x800001d0 opcode=0xfee7ae23
retire_trace slot=1 cycle=4231 pc=0x800001d4 opcode=0xfd079ee3
retire_trace slot=0 cycle=4234 pc=0x800001b0 opcode=0x00062683
retire_trace slot=0 cycle=4235 pc=0x800001b4 opcode=0x0005a503
retire_trace slot=0 cycle=4238 pc=0x800001b8 opcode=0x0007a703
retire_trace slot=1 cycle=4238 pc=0x800001bc opcode=0x00478793
retire_trace slot=0 cycle=4241 pc=0x800001c0 opcode=0x02a686b3
retire_trace slot=0 cycle=4242 pc=0x800001c4 opcode=0x00460613
retire_trace slot=0 cycle=4243 pc=0x800001c8 opcode=0x00458593
retire_trace slot=0 cycle=4244 pc=0x800001cc opcode=0x00d70733
retire_trace slot=0 cycle=4245 pc=0x800001d0 opcode=0xfee7ae23
retire_trace slot=1 cycle=4245 pc=0x800001d4 opcode=0xfd079ee3
retire_trace slot=0 cycle=4248 pc=0x800001b0 opcode=0x00062683
retire_trace slot=0 cycle=4249 pc=0x800001b4 opcode=0x0005a503
retire_trace slot=0 cycle=4252 pc=0x800001b8 opcode=0x0007a703
retire_trace slot=1 cycle=4252 pc=0x800001bc opcode=0x00478793
retire_trace slot=0 cycle=4255 pc=0x800001c0 opcode=0x02a686b3
retire_trace slot=0 cycle=4256 pc=0x800001c4 opcode=0x00460613
retire_trace slot=0 cycle=4257 pc=0x800001c8 opcode=0x00458593
retire_trace slot=0 cycle=4258 pc=0x800001cc opcode=0x00d70733
retire_trace slot=0 cycle=4259 pc=0x800001d0 opcode=0xfee7ae23
retire_trace slot=1 cycle=4259 pc=0x800001d4 opcode=0xfd079ee3
retire_trace slot=0 cycle=4262 pc=0x800001b0 opcode=0x00062683
retire_trace slot=0 cycle=4263 pc=0x800001b4 opcode=0x0005a503
retire_trace slot=0 cycle=4266 pc=0x800001b8 opcode=0x0007a703
retire_trace slot=1 cycle=4266 pc=0x800001bc opcode=0x00478793
retire_trace slot=0 cycle=4269 pc=0x800001c0 opcode=0x02a686b3
retire_trace slot=0 cycle=4270 pc=0x800001c4 opcode=0x00460613
retire_trace slot=0 cycle=4271 pc=0x800001c8 opcode=0x00458593
retire_trace slot=0 cycle=4272 pc=0x800001cc opcode=0x00d70733
retire_trace slot=0 cycle=4273 pc=0x800001d0 opcode=0xfee7ae23
retire_trace slot=1 cycle=4273 pc=0x800001d4 opcode=0xfd079ee3
retire_trace slot=0 cycle=4276 pc=0x800001b0 opcode=0x00062683
retire_trace slot=0 cycle=4277 pc=0x800001b4 opcode=0x0005a503
retire_trace slot=0 cycle=4280 pc=0x800001b8 opcode=0x0007a703
retire_trace slot=1 cycle=4280 pc=0x800001bc opcode=0x00478793
retire_trace slot=0 cycle=4283 pc=0x800001c0 opcode=0x02a686b3
retire_trace slot=0 cycle=4284 pc=0x800001c4 opcode=0x00460613
retire_trace slot=0 cycle=4285 pc=0x800001c8 opcode=0x00458593
retire_trace slot=0 cycle=4286 pc=0x800001cc opcode=0x00d70733
retire_trace slot=0 cycle=4287 pc=0x800001d0 opcode=0xfee7ae23
retire_trace slot=1 cycle=4287 pc=0x800001d4 opcode=0xfd079ee3
retire_trace slot=0 cycle=4290 pc=0x800001b0 opcode=0x00062683
retire_trace slot=0 cycle=4291 pc=0x800001b4 opcode=0x0005a503
retire_trace slot=0 cycle=4294 pc=0x800001b8 opcode=0x0007a703
retire_trace slot=1 cycle=4294 pc=0x800001bc opcode=0x00478793
retire_trace slot=0 cycle=4297 pc=0x800001c0 opcode=0x02a686b3
retire_trace slot=0 cycle=4298 pc=0x800001c4 opcode=0x00460613
retire_trace slot=0 cycle=4299 pc=0x800001c8 opcode=0x00458593
retire_trace slot=0 cycle=4300 pc=0x800001cc opcode=0x00d70733
retire_trace slot=0 cycle=4301 pc=0x800001d0 opcode=0xfee7ae23
retire_trace slot=1 cycle=4301 pc=0x800001d4 opcode=0xfd079ee3
retire_trace slot=0 cycle=4304 pc=0x800001b0 opcode=0x00062683
retire_trace slot=0 cycle=4305 pc=0x800001b4 opcode=0x0005a503
retire_trace slot=0 cycle=4308 pc=0x800001b8 opcode=0x0007a703
retire_trace slot=1 cycle=4308 pc=0x800001bc opcode=0x00478793
retire_trace slot=0 cycle=4311 pc=0x800001c0 opcode=0x02a686b3
retire_trace slot=0 cycle=4312 pc=0x800001c4 opcode=0x00460613
retire_trace slot=0 cycle=4313 pc=0x800001c8 opcode=0x00458593
retire_trace slot=0 cycle=4314 pc=0x800001cc opcode=0x00d70733
retire_trace slot=0 cycle=4315 pc=0x800001d0 opcode=0xfee7ae23
retire_trace slot=1 cycle=4315 pc=0x800001d4 opcode=0xfd079ee3
retire_trace slot=0 cycle=4318 pc=0x800001b0 opcode=0x00062683
retire_trace slot=0 cycle=4319 pc=0x800001b4 opcode=0x0005a503
retire_trace slot=0 cycle=4322 pc=0x800001b8 opcode=0x0007a703
retire_trace slot=1 cycle=4322 pc=0x800001bc opcode=0x00478793
retire_trace slot=0 cycle=4325 pc=0x800001c0 opcode=0x02a686b3
retire_trace slot=0 cycle=4326 pc=0x800001c4 opcode=0x00460613
retire_trace slot=0 cycle=4327 pc=0x800001c8 opcode=0x00458593
retire_trace slot=0 cycle=4328 pc=0x800001cc opcode=0x00d70733
retire_trace slot=0 cycle=4329 pc=0x800001d0 opcode=0xfee7ae23
retire_trace slot=1 cycle=4329 pc=0x800001d4 opcode=0xfd079ee3
retire_trace slot=0 cycle=4332 pc=0x800001b0 opcode=0x00062683
retire_trace slot=0 cycle=4333 pc=0x800001b4 opcode=0x0005a503
retire_trace slot=0 cycle=4336 pc=0x800001b8 opcode=0x0007a703
retire_trace slot=1 cycle=4336 pc=0x800001bc opcode=0x00478793
retire_trace slot=0 cycle=4339 pc=0x800001c0 opcode=0x02a686b3
retire_trace slot=0 cycle=4340 pc=0x800001c4 opcode=0x00460613
retire_trace slot=0 cycle=4341 pc=0x800001c8 opcode=0x00458593
retire_trace slot=0 cycle=4342 pc=0x800001cc opcode=0x00d70733
retire_trace slot=0 cycle=4343 pc=0x800001d0 opcode=0xfee7ae23
retire_trace slot=1 cycle=4343 pc=0x800001d4 opcode=0xfd079ee3
retire_trace slot=0 cycle=4346 pc=0x800001d8 opcode=0x010e0e13
retire_trace slot=0 cycle=4347 pc=0x800001dc opcode=0x04030313
retire_trace slot=0 cycle=4348 pc=0x800001e0 opcode=0x040e8e93
retire_trace slot=1 cycle=4348 pc=0x800001e4 opcode=0xfdee10e3
retire_trace slot=0 cycle=4351 pc=0x800001a4 opcode=0x000e8593
retire_trace slot=0 cycle=4352 pc=0x800001a8 opcode=0x00030613
retire_trace slot=0 cycle=4353 pc=0x800001ac opcode=0x00088793
retire_trace slot=0 cycle=4354 pc=0x800001b0 opcode=0x00062683
retire_trace slot=0 cycle=4355 pc=0x800001b4 opcode=0x0005a503
retire_trace slot=0 cycle=4358 pc=0x800001b8 opcode=0x0007a703
retire_trace slot=1 cycle=4358 pc=0x800001bc opcode=0x00478793
retire_trace slot=0 cycle=4361 pc=0x800001c0 opcode=0x02a686b3
retire_trace slot=0 cycle=4362 pc=0x800001c4 opcode=0x00460613
retire_trace slot=0 cycle=4363 pc=0x800001c8 opcode=0x00458593
retire_trace slot=0 cycle=4364 pc=0x800001cc opcode=0x00d70733
retire_trace slot=0 cycle=4365 pc=0x800001d0 opcode=0xfee7ae23
retire_trace slot=1 cycle=4365 pc=0x800001d4 opcode=0xfd079ee3
retire_trace slot=0 cycle=4368 pc=0x800001b0 opcode=0x00062683
retire_trace slot=0 cycle=4369 pc=0x800001b4 opcode=0x0005a503
retire_trace slot=0 cycle=4372 pc=0x800001b8 opcode=0x0007a703
retire_trace slot=1 cycle=4372 pc=0x800001bc opcode=0x00478793
retire_trace slot=0 cycle=4375 pc=0x800001c0 opcode=0x02a686b3
retire_trace slot=0 cycle=4376 pc=0x800001c4 opcode=0x00460613
retire_trace slot=0 cycle=4377 pc=0x800001c8 opcode=0x00458593
retire_trace slot=0 cycle=4378 pc=0x800001cc opcode=0x00d70733
retire_trace slot=0 cycle=4379 pc=0x800001d0 opcode=0xfee7ae23
retire_trace slot=1 cycle=4379 pc=0x800001d4 opcode=0xfd079ee3
retire_trace slot=0 cycle=4382 pc=0x800001b0 opcode=0x00062683
retire_trace slot=0 cycle=4383 pc=0x800001b4 opcode=0x0005a503
retire_trace slot=0 cycle=4386 pc=0x800001b8 opcode=0x0007a703
retire_trace slot=1 cycle=4386 pc=0x800001bc opcode=0x00478793
retire_trace slot=0 cycle=4389 pc=0x800001c0 opcode=0x02a686b3
retire_trace slot=0 cycle=4390 pc=0x800001c4 opcode=0x00460613
retire_trace slot=0 cycle=4391 pc=0x800001c8 opcode=0x00458593
retire_trace slot=0 cycle=4392 pc=0x800001cc opcode=0x00d70733
retire_trace slot=0 cycle=4393 pc=0x800001d0 opcode=0xfee7ae23
retire_trace slot=1 cycle=4393 pc=0x800001d4 opcode=0xfd079ee3
retire_trace slot=0 cycle=4396 pc=0x800001b0 opcode=0x00062683
retire_trace slot=0 cycle=4397 pc=0x800001b4 opcode=0x0005a503
retire_trace slot=0 cycle=4400 pc=0x800001b8 opcode=0x0007a703
retire_trace slot=1 cycle=4400 pc=0x800001bc opcode=0x00478793
retire_trace slot=0 cycle=4403 pc=0x800001c0 opcode=0x02a686b3
retire_trace slot=0 cycle=4404 pc=0x800001c4 opcode=0x00460613
retire_trace slot=0 cycle=4405 pc=0x800001c8 opcode=0x00458593
retire_trace slot=0 cycle=4406 pc=0x800001cc opcode=0x00d70733
retire_trace slot=0 cycle=4407 pc=0x800001d0 opcode=0xfee7ae23
retire_trace slot=1 cycle=4407 pc=0x800001d4 opcode=0xfd079ee3
retire_trace slot=0 cycle=4410 pc=0x800001b0 opcode=0x00062683
retire_trace slot=0 cycle=4411 pc=0x800001b4 opcode=0x0005a503
retire_trace slot=0 cycle=4414 pc=0x800001b8 opcode=0x0007a703
retire_trace slot=1 cycle=4414 pc=0x800001bc opcode=0x00478793
retire_trace slot=0 cycle=4417 pc=0x800001c0 opcode=0x02a686b3
retire_trace slot=0 cycle=4418 pc=0x800001c4 opcode=0x00460613
retire_trace slot=0 cycle=4419 pc=0x800001c8 opcode=0x00458593
retire_trace slot=0 cycle=4420 pc=0x800001cc opcode=0x00d70733
retire_trace slot=0 cycle=4421 pc=0x800001d0 opcode=0xfee7ae23
retire_trace slot=1 cycle=4421 pc=0x800001d4 opcode=0xfd079ee3
retire_trace slot=0 cycle=4424 pc=0x800001b0 opcode=0x00062683
retire_trace slot=0 cycle=4425 pc=0x800001b4 opcode=0x0005a503
retire_trace slot=0 cycle=4428 pc=0x800001b8 opcode=0x0007a703
retire_trace slot=1 cycle=4428 pc=0x800001bc opcode=0x00478793
retire_trace slot=0 cycle=4431 pc=0x800001c0 opcode=0x02a686b3
retire_trace slot=0 cycle=4432 pc=0x800001c4 opcode=0x00460613
retire_trace slot=0 cycle=4433 pc=0x800001c8 opcode=0x00458593
retire_trace slot=0 cycle=4434 pc=0x800001cc opcode=0x00d70733
retire_trace slot=0 cycle=4435 pc=0x800001d0 opcode=0xfee7ae23
retire_trace slot=1 cycle=4435 pc=0x800001d4 opcode=0xfd079ee3
retire_trace slot=0 cycle=4438 pc=0x800001b0 opcode=0x00062683
retire_trace slot=0 cycle=4439 pc=0x800001b4 opcode=0x0005a503
retire_trace slot=0 cycle=4442 pc=0x800001b8 opcode=0x0007a703
retire_trace slot=1 cycle=4442 pc=0x800001bc opcode=0x00478793
retire_trace slot=0 cycle=4445 pc=0x800001c0 opcode=0x02a686b3
retire_trace slot=0 cycle=4446 pc=0x800001c4 opcode=0x00460613
retire_trace slot=0 cycle=4447 pc=0x800001c8 opcode=0x00458593
retire_trace slot=0 cycle=4448 pc=0x800001cc opcode=0x00d70733
retire_trace slot=0 cycle=4449 pc=0x800001d0 opcode=0xfee7ae23
retire_trace slot=1 cycle=4449 pc=0x800001d4 opcode=0xfd079ee3
retire_trace slot=0 cycle=4452 pc=0x800001b0 opcode=0x00062683
retire_trace slot=0 cycle=4453 pc=0x800001b4 opcode=0x0005a503
retire_trace slot=0 cycle=4456 pc=0x800001b8 opcode=0x0007a703
retire_trace slot=1 cycle=4456 pc=0x800001bc opcode=0x00478793
retire_trace slot=0 cycle=4459 pc=0x800001c0 opcode=0x02a686b3
retire_trace slot=0 cycle=4460 pc=0x800001c4 opcode=0x00460613
retire_trace slot=0 cycle=4461 pc=0x800001c8 opcode=0x00458593
retire_trace slot=0 cycle=4462 pc=0x800001cc opcode=0x00d70733
retire_trace slot=0 cycle=4463 pc=0x800001d0 opcode=0xfee7ae23
retire_trace slot=1 cycle=4463 pc=0x800001d4 opcode=0xfd079ee3
retire_trace slot=0 cycle=4466 pc=0x800001b0 opcode=0x00062683
retire_trace slot=0 cycle=4467 pc=0x800001b4 opcode=0x0005a503
retire_trace slot=0 cycle=4470 pc=0x800001b8 opcode=0x0007a703
retire_trace slot=1 cycle=4470 pc=0x800001bc opcode=0x00478793
retire_trace slot=0 cycle=4473 pc=0x800001c0 opcode=0x02a686b3
retire_trace slot=0 cycle=4474 pc=0x800001c4 opcode=0x00460613
retire_trace slot=0 cycle=4475 pc=0x800001c8 opcode=0x00458593
retire_trace slot=0 cycle=4476 pc=0x800001cc opcode=0x00d70733
retire_trace slot=0 cycle=4477 pc=0x800001d0 opcode=0xfee7ae23
retire_trace slot=1 cycle=4477 pc=0x800001d4 opcode=0xfd079ee3
retire_trace slot=0 cycle=4480 pc=0x800001b0 opcode=0x00062683
retire_trace slot=0 cycle=4481 pc=0x800001b4 opcode=0x0005a503
retire_trace slot=0 cycle=4484 pc=0x800001b8 opcode=0x0007a703
retire_trace slot=1 cycle=4484 pc=0x800001bc opcode=0x00478793
retire_trace slot=0 cycle=4487 pc=0x800001c0 opcode=0x02a686b3
retire_trace slot=0 cycle=4488 pc=0x800001c4 opcode=0x00460613
retire_trace slot=0 cycle=4489 pc=0x800001c8 opcode=0x00458593
retire_trace slot=0 cycle=4490 pc=0x800001cc opcode=0x00d70733
retire_trace slot=0 cycle=4491 pc=0x800001d0 opcode=0xfee7ae23
retire_trace slot=1 cycle=4491 pc=0x800001d4 opcode=0xfd079ee3
retire_trace slot=0 cycle=4494 pc=0x800001b0 opcode=0x00062683
retire_trace slot=0 cycle=4495 pc=0x800001b4 opcode=0x0005a503
retire_trace slot=0 cycle=4498 pc=0x800001b8 opcode=0x0007a703
retire_trace slot=1 cycle=4498 pc=0x800001bc opcode=0x00478793
retire_trace slot=0 cycle=4501 pc=0x800001c0 opcode=0x02a686b3
retire_trace slot=0 cycle=4502 pc=0x800001c4 opcode=0x00460613
retire_trace slot=0 cycle=4503 pc=0x800001c8 opcode=0x00458593
retire_trace slot=0 cycle=4504 pc=0x800001cc opcode=0x00d70733
retire_trace slot=0 cycle=4505 pc=0x800001d0 opcode=0xfee7ae23
retire_trace slot=1 cycle=4505 pc=0x800001d4 opcode=0xfd079ee3
retire_trace slot=0 cycle=4508 pc=0x800001b0 opcode=0x00062683
retire_trace slot=0 cycle=4509 pc=0x800001b4 opcode=0x0005a503
retire_trace slot=0 cycle=4512 pc=0x800001b8 opcode=0x0007a703
retire_trace slot=1 cycle=4512 pc=0x800001bc opcode=0x00478793
retire_trace slot=0 cycle=4515 pc=0x800001c0 opcode=0x02a686b3
retire_trace slot=0 cycle=4516 pc=0x800001c4 opcode=0x00460613
retire_trace slot=0 cycle=4517 pc=0x800001c8 opcode=0x00458593
retire_trace slot=0 cycle=4518 pc=0x800001cc opcode=0x00d70733
retire_trace slot=0 cycle=4519 pc=0x800001d0 opcode=0xfee7ae23
retire_trace slot=1 cycle=4519 pc=0x800001d4 opcode=0xfd079ee3
retire_trace slot=0 cycle=4522 pc=0x800001b0 opcode=0x00062683
retire_trace slot=0 cycle=4523 pc=0x800001b4 opcode=0x0005a503
retire_trace slot=0 cycle=4526 pc=0x800001b8 opcode=0x0007a703
retire_trace slot=1 cycle=4526 pc=0x800001bc opcode=0x00478793
retire_trace slot=0 cycle=4529 pc=0x800001c0 opcode=0x02a686b3
retire_trace slot=0 cycle=4530 pc=0x800001c4 opcode=0x00460613
retire_trace slot=0 cycle=4531 pc=0x800001c8 opcode=0x00458593
retire_trace slot=0 cycle=4532 pc=0x800001cc opcode=0x00d70733
retire_trace slot=0 cycle=4533 pc=0x800001d0 opcode=0xfee7ae23
retire_trace slot=1 cycle=4533 pc=0x800001d4 opcode=0xfd079ee3
retire_trace slot=0 cycle=4536 pc=0x800001b0 opcode=0x00062683
retire_trace slot=0 cycle=4537 pc=0x800001b4 opcode=0x0005a503
retire_trace slot=0 cycle=4540 pc=0x800001b8 opcode=0x0007a703
retire_trace slot=1 cycle=4540 pc=0x800001bc opcode=0x00478793
retire_trace slot=0 cycle=4543 pc=0x800001c0 opcode=0x02a686b3
retire_trace slot=0 cycle=4544 pc=0x800001c4 opcode=0x00460613
retire_trace slot=0 cycle=4545 pc=0x800001c8 opcode=0x00458593
retire_trace slot=0 cycle=4546 pc=0x800001cc opcode=0x00d70733
retire_trace slot=0 cycle=4547 pc=0x800001d0 opcode=0xfee7ae23
retire_trace slot=1 cycle=4547 pc=0x800001d4 opcode=0xfd079ee3
retire_trace slot=0 cycle=4550 pc=0x800001b0 opcode=0x00062683
retire_trace slot=0 cycle=4551 pc=0x800001b4 opcode=0x0005a503
retire_trace slot=0 cycle=4554 pc=0x800001b8 opcode=0x0007a703
retire_trace slot=1 cycle=4554 pc=0x800001bc opcode=0x00478793
retire_trace slot=0 cycle=4557 pc=0x800001c0 opcode=0x02a686b3
retire_trace slot=0 cycle=4558 pc=0x800001c4 opcode=0x00460613
retire_trace slot=0 cycle=4559 pc=0x800001c8 opcode=0x00458593
retire_trace slot=0 cycle=4560 pc=0x800001cc opcode=0x00d70733
retire_trace slot=0 cycle=4561 pc=0x800001d0 opcode=0xfee7ae23
retire_trace slot=1 cycle=4561 pc=0x800001d4 opcode=0xfd079ee3
retire_trace slot=0 cycle=4564 pc=0x800001b0 opcode=0x00062683
retire_trace slot=0 cycle=4565 pc=0x800001b4 opcode=0x0005a503
retire_trace slot=0 cycle=4568 pc=0x800001b8 opcode=0x0007a703
retire_trace slot=1 cycle=4568 pc=0x800001bc opcode=0x00478793
retire_trace slot=0 cycle=4571 pc=0x800001c0 opcode=0x02a686b3
retire_trace slot=0 cycle=4572 pc=0x800001c4 opcode=0x00460613
retire_trace slot=0 cycle=4573 pc=0x800001c8 opcode=0x00458593
retire_trace slot=0 cycle=4574 pc=0x800001cc opcode=0x00d70733
retire_trace slot=0 cycle=4575 pc=0x800001d0 opcode=0xfee7ae23
retire_trace slot=1 cycle=4575 pc=0x800001d4 opcode=0xfd079ee3
retire_trace slot=0 cycle=4578 pc=0x800001d8 opcode=0x010e0e13
retire_trace slot=0 cycle=4579 pc=0x800001dc opcode=0x04030313
retire_trace slot=0 cycle=4580 pc=0x800001e0 opcode=0x040e8e93
retire_trace slot=1 cycle=4580 pc=0x800001e4 opcode=0xfdee10e3
retire_trace slot=0 cycle=4583 pc=0x800001a4 opcode=0x000e8593
retire_trace slot=0 cycle=4584 pc=0x800001a8 opcode=0x00030613
retire_trace slot=0 cycle=4585 pc=0x800001ac opcode=0x00088793
retire_trace slot=0 cycle=4586 pc=0x800001b0 opcode=0x00062683
retire_trace slot=0 cycle=4587 pc=0x800001b4 opcode=0x0005a503
retire_trace slot=0 cycle=4590 pc=0x800001b8 opcode=0x0007a703
retire_trace slot=1 cycle=4590 pc=0x800001bc opcode=0x00478793
retire_trace slot=0 cycle=4593 pc=0x800001c0 opcode=0x02a686b3
retire_trace slot=0 cycle=4594 pc=0x800001c4 opcode=0x00460613
retire_trace slot=0 cycle=4595 pc=0x800001c8 opcode=0x00458593
retire_trace slot=0 cycle=4596 pc=0x800001cc opcode=0x00d70733
retire_trace slot=0 cycle=4597 pc=0x800001d0 opcode=0xfee7ae23
retire_trace slot=1 cycle=4597 pc=0x800001d4 opcode=0xfd079ee3
retire_trace slot=0 cycle=4600 pc=0x800001b0 opcode=0x00062683
retire_trace slot=0 cycle=4601 pc=0x800001b4 opcode=0x0005a503
retire_trace slot=0 cycle=4604 pc=0x800001b8 opcode=0x0007a703
retire_trace slot=1 cycle=4604 pc=0x800001bc opcode=0x00478793
retire_trace slot=0 cycle=4607 pc=0x800001c0 opcode=0x02a686b3
retire_trace slot=0 cycle=4608 pc=0x800001c4 opcode=0x00460613
retire_trace slot=0 cycle=4609 pc=0x800001c8 opcode=0x00458593
retire_trace slot=0 cycle=4610 pc=0x800001cc opcode=0x00d70733
retire_trace slot=0 cycle=4611 pc=0x800001d0 opcode=0xfee7ae23
retire_trace slot=1 cycle=4611 pc=0x800001d4 opcode=0xfd079ee3
retire_trace slot=0 cycle=4614 pc=0x800001b0 opcode=0x00062683
retire_trace slot=0 cycle=4615 pc=0x800001b4 opcode=0x0005a503
retire_trace slot=0 cycle=4618 pc=0x800001b8 opcode=0x0007a703
retire_trace slot=1 cycle=4618 pc=0x800001bc opcode=0x00478793
retire_trace slot=0 cycle=4621 pc=0x800001c0 opcode=0x02a686b3
retire_trace slot=0 cycle=4622 pc=0x800001c4 opcode=0x00460613
retire_trace slot=0 cycle=4623 pc=0x800001c8 opcode=0x00458593
retire_trace slot=0 cycle=4624 pc=0x800001cc opcode=0x00d70733
retire_trace slot=0 cycle=4625 pc=0x800001d0 opcode=0xfee7ae23
retire_trace slot=1 cycle=4625 pc=0x800001d4 opcode=0xfd079ee3
retire_trace slot=0 cycle=4628 pc=0x800001b0 opcode=0x00062683
retire_trace slot=0 cycle=4629 pc=0x800001b4 opcode=0x0005a503
retire_trace slot=0 cycle=4632 pc=0x800001b8 opcode=0x0007a703
retire_trace slot=1 cycle=4632 pc=0x800001bc opcode=0x00478793
retire_trace slot=0 cycle=4635 pc=0x800001c0 opcode=0x02a686b3
retire_trace slot=0 cycle=4636 pc=0x800001c4 opcode=0x00460613
retire_trace slot=0 cycle=4637 pc=0x800001c8 opcode=0x00458593
retire_trace slot=0 cycle=4638 pc=0x800001cc opcode=0x00d70733
retire_trace slot=0 cycle=4639 pc=0x800001d0 opcode=0xfee7ae23
retire_trace slot=1 cycle=4639 pc=0x800001d4 opcode=0xfd079ee3
retire_trace slot=0 cycle=4642 pc=0x800001b0 opcode=0x00062683
retire_trace slot=0 cycle=4643 pc=0x800001b4 opcode=0x0005a503
retire_trace slot=0 cycle=4646 pc=0x800001b8 opcode=0x0007a703
retire_trace slot=1 cycle=4646 pc=0x800001bc opcode=0x00478793
retire_trace slot=0 cycle=4649 pc=0x800001c0 opcode=0x02a686b3
retire_trace slot=0 cycle=4650 pc=0x800001c4 opcode=0x00460613
retire_trace slot=0 cycle=4651 pc=0x800001c8 opcode=0x00458593
retire_trace slot=0 cycle=4652 pc=0x800001cc opcode=0x00d70733
retire_trace slot=0 cycle=4653 pc=0x800001d0 opcode=0xfee7ae23
retire_trace slot=1 cycle=4653 pc=0x800001d4 opcode=0xfd079ee3
retire_trace slot=0 cycle=4656 pc=0x800001b0 opcode=0x00062683
retire_trace slot=0 cycle=4657 pc=0x800001b4 opcode=0x0005a503
retire_trace slot=0 cycle=4660 pc=0x800001b8 opcode=0x0007a703
retire_trace slot=1 cycle=4660 pc=0x800001bc opcode=0x00478793
retire_trace slot=0 cycle=4663 pc=0x800001c0 opcode=0x02a686b3
retire_trace slot=0 cycle=4664 pc=0x800001c4 opcode=0x00460613
retire_trace slot=0 cycle=4665 pc=0x800001c8 opcode=0x00458593
retire_trace slot=0 cycle=4666 pc=0x800001cc opcode=0x00d70733
retire_trace slot=0 cycle=4667 pc=0x800001d0 opcode=0xfee7ae23
retire_trace slot=1 cycle=4667 pc=0x800001d4 opcode=0xfd079ee3
retire_trace slot=0 cycle=4670 pc=0x800001b0 opcode=0x00062683
retire_trace slot=0 cycle=4671 pc=0x800001b4 opcode=0x0005a503
retire_trace slot=0 cycle=4674 pc=0x800001b8 opcode=0x0007a703
retire_trace slot=1 cycle=4674 pc=0x800001bc opcode=0x00478793
retire_trace slot=0 cycle=4677 pc=0x800001c0 opcode=0x02a686b3
retire_trace slot=0 cycle=4678 pc=0x800001c4 opcode=0x00460613
retire_trace slot=0 cycle=4679 pc=0x800001c8 opcode=0x00458593
retire_trace slot=0 cycle=4680 pc=0x800001cc opcode=0x00d70733
retire_trace slot=0 cycle=4681 pc=0x800001d0 opcode=0xfee7ae23
retire_trace slot=1 cycle=4681 pc=0x800001d4 opcode=0xfd079ee3
retire_trace slot=0 cycle=4684 pc=0x800001b0 opcode=0x00062683
retire_trace slot=0 cycle=4685 pc=0x800001b4 opcode=0x0005a503
retire_trace slot=0 cycle=4688 pc=0x800001b8 opcode=0x0007a703
retire_trace slot=1 cycle=4688 pc=0x800001bc opcode=0x00478793
retire_trace slot=0 cycle=4691 pc=0x800001c0 opcode=0x02a686b3
retire_trace slot=0 cycle=4692 pc=0x800001c4 opcode=0x00460613
retire_trace slot=0 cycle=4693 pc=0x800001c8 opcode=0x00458593
retire_trace slot=0 cycle=4694 pc=0x800001cc opcode=0x00d70733
retire_trace slot=0 cycle=4695 pc=0x800001d0 opcode=0xfee7ae23
retire_trace slot=1 cycle=4695 pc=0x800001d4 opcode=0xfd079ee3
retire_trace slot=0 cycle=4698 pc=0x800001b0 opcode=0x00062683
retire_trace slot=0 cycle=4699 pc=0x800001b4 opcode=0x0005a503
retire_trace slot=0 cycle=4702 pc=0x800001b8 opcode=0x0007a703
retire_trace slot=1 cycle=4702 pc=0x800001bc opcode=0x00478793
retire_trace slot=0 cycle=4705 pc=0x800001c0 opcode=0x02a686b3
retire_trace slot=0 cycle=4706 pc=0x800001c4 opcode=0x00460613
retire_trace slot=0 cycle=4707 pc=0x800001c8 opcode=0x00458593
retire_trace slot=0 cycle=4708 pc=0x800001cc opcode=0x00d70733
retire_trace slot=0 cycle=4709 pc=0x800001d0 opcode=0xfee7ae23
retire_trace slot=1 cycle=4709 pc=0x800001d4 opcode=0xfd079ee3
retire_trace slot=0 cycle=4712 pc=0x800001b0 opcode=0x00062683
retire_trace slot=0 cycle=4713 pc=0x800001b4 opcode=0x0005a503
retire_trace slot=0 cycle=4716 pc=0x800001b8 opcode=0x0007a703
retire_trace slot=1 cycle=4716 pc=0x800001bc opcode=0x00478793
retire_trace slot=0 cycle=4719 pc=0x800001c0 opcode=0x02a686b3
retire_trace slot=0 cycle=4720 pc=0x800001c4 opcode=0x00460613
retire_trace slot=0 cycle=4721 pc=0x800001c8 opcode=0x00458593
retire_trace slot=0 cycle=4722 pc=0x800001cc opcode=0x00d70733
retire_trace slot=0 cycle=4723 pc=0x800001d0 opcode=0xfee7ae23
retire_trace slot=1 cycle=4723 pc=0x800001d4 opcode=0xfd079ee3
retire_trace slot=0 cycle=4726 pc=0x800001b0 opcode=0x00062683
retire_trace slot=0 cycle=4727 pc=0x800001b4 opcode=0x0005a503
retire_trace slot=0 cycle=4730 pc=0x800001b8 opcode=0x0007a703
retire_trace slot=1 cycle=4730 pc=0x800001bc opcode=0x00478793
retire_trace slot=0 cycle=4733 pc=0x800001c0 opcode=0x02a686b3
retire_trace slot=0 cycle=4734 pc=0x800001c4 opcode=0x00460613
retire_trace slot=0 cycle=4735 pc=0x800001c8 opcode=0x00458593
retire_trace slot=0 cycle=4736 pc=0x800001cc opcode=0x00d70733
retire_trace slot=0 cycle=4737 pc=0x800001d0 opcode=0xfee7ae23
retire_trace slot=1 cycle=4737 pc=0x800001d4 opcode=0xfd079ee3
retire_trace slot=0 cycle=4740 pc=0x800001b0 opcode=0x00062683
retire_trace slot=0 cycle=4741 pc=0x800001b4 opcode=0x0005a503
retire_trace slot=0 cycle=4744 pc=0x800001b8 opcode=0x0007a703
retire_trace slot=1 cycle=4744 pc=0x800001bc opcode=0x00478793
retire_trace slot=0 cycle=4747 pc=0x800001c0 opcode=0x02a686b3
retire_trace slot=0 cycle=4748 pc=0x800001c4 opcode=0x00460613
retire_trace slot=0 cycle=4749 pc=0x800001c8 opcode=0x00458593
retire_trace slot=0 cycle=4750 pc=0x800001cc opcode=0x00d70733
retire_trace slot=0 cycle=4751 pc=0x800001d0 opcode=0xfee7ae23
retire_trace slot=1 cycle=4751 pc=0x800001d4 opcode=0xfd079ee3
retire_trace slot=0 cycle=4754 pc=0x800001b0 opcode=0x00062683
retire_trace slot=0 cycle=4755 pc=0x800001b4 opcode=0x0005a503
retire_trace slot=0 cycle=4758 pc=0x800001b8 opcode=0x0007a703
retire_trace slot=1 cycle=4758 pc=0x800001bc opcode=0x00478793
retire_trace slot=0 cycle=4761 pc=0x800001c0 opcode=0x02a686b3
retire_trace slot=0 cycle=4762 pc=0x800001c4 opcode=0x00460613
retire_trace slot=0 cycle=4763 pc=0x800001c8 opcode=0x00458593
retire_trace slot=0 cycle=4764 pc=0x800001cc opcode=0x00d70733
retire_trace slot=0 cycle=4765 pc=0x800001d0 opcode=0xfee7ae23
retire_trace slot=1 cycle=4765 pc=0x800001d4 opcode=0xfd079ee3
retire_trace slot=0 cycle=4768 pc=0x800001b0 opcode=0x00062683
retire_trace slot=0 cycle=4769 pc=0x800001b4 opcode=0x0005a503
retire_trace slot=0 cycle=4772 pc=0x800001b8 opcode=0x0007a703
retire_trace slot=1 cycle=4772 pc=0x800001bc opcode=0x00478793
retire_trace slot=0 cycle=4775 pc=0x800001c0 opcode=0x02a686b3
retire_trace slot=0 cycle=4776 pc=0x800001c4 opcode=0x00460613
retire_trace slot=0 cycle=4777 pc=0x800001c8 opcode=0x00458593
retire_trace slot=0 cycle=4778 pc=0x800001cc opcode=0x00d70733
retire_trace slot=0 cycle=4779 pc=0x800001d0 opcode=0xfee7ae23
retire_trace slot=1 cycle=4779 pc=0x800001d4 opcode=0xfd079ee3
retire_trace slot=0 cycle=4782 pc=0x800001b0 opcode=0x00062683
retire_trace slot=0 cycle=4783 pc=0x800001b4 opcode=0x0005a503
retire_trace slot=0 cycle=4786 pc=0x800001b8 opcode=0x0007a703
retire_trace slot=1 cycle=4786 pc=0x800001bc opcode=0x00478793
retire_trace slot=0 cycle=4789 pc=0x800001c0 opcode=0x02a686b3
retire_trace slot=0 cycle=4790 pc=0x800001c4 opcode=0x00460613
retire_trace slot=0 cycle=4791 pc=0x800001c8 opcode=0x00458593
retire_trace slot=0 cycle=4792 pc=0x800001cc opcode=0x00d70733
retire_trace slot=0 cycle=4793 pc=0x800001d0 opcode=0xfee7ae23
retire_trace slot=1 cycle=4793 pc=0x800001d4 opcode=0xfd079ee3
retire_trace slot=0 cycle=4796 pc=0x800001b0 opcode=0x00062683
retire_trace slot=0 cycle=4797 pc=0x800001b4 opcode=0x0005a503
retire_trace slot=0 cycle=4800 pc=0x800001b8 opcode=0x0007a703
retire_trace slot=1 cycle=4800 pc=0x800001bc opcode=0x00478793
retire_trace slot=0 cycle=4803 pc=0x800001c0 opcode=0x02a686b3
retire_trace slot=0 cycle=4804 pc=0x800001c4 opcode=0x00460613
retire_trace slot=0 cycle=4805 pc=0x800001c8 opcode=0x00458593
retire_trace slot=0 cycle=4806 pc=0x800001cc opcode=0x00d70733
retire_trace slot=0 cycle=4807 pc=0x800001d0 opcode=0xfee7ae23
retire_trace slot=1 cycle=4807 pc=0x800001d4 opcode=0xfd079ee3
retire_trace slot=0 cycle=4810 pc=0x800001d8 opcode=0x010e0e13
retire_trace slot=0 cycle=4811 pc=0x800001dc opcode=0x04030313
retire_trace slot=0 cycle=4812 pc=0x800001e0 opcode=0x040e8e93
retire_trace slot=1 cycle=4812 pc=0x800001e4 opcode=0xfdee10e3
retire_trace slot=0 cycle=4815 pc=0x800001a4 opcode=0x000e8593
retire_trace slot=0 cycle=4816 pc=0x800001a8 opcode=0x00030613
retire_trace slot=0 cycle=4817 pc=0x800001ac opcode=0x00088793
retire_trace slot=0 cycle=4818 pc=0x800001b0 opcode=0x00062683
retire_trace slot=0 cycle=4819 pc=0x800001b4 opcode=0x0005a503
retire_trace slot=0 cycle=4822 pc=0x800001b8 opcode=0x0007a703
retire_trace slot=1 cycle=4822 pc=0x800001bc opcode=0x00478793
retire_trace slot=0 cycle=4825 pc=0x800001c0 opcode=0x02a686b3
retire_trace slot=0 cycle=4826 pc=0x800001c4 opcode=0x00460613
retire_trace slot=0 cycle=4827 pc=0x800001c8 opcode=0x00458593
retire_trace slot=0 cycle=4828 pc=0x800001cc opcode=0x00d70733
retire_trace slot=0 cycle=4829 pc=0x800001d0 opcode=0xfee7ae23
retire_trace slot=1 cycle=4829 pc=0x800001d4 opcode=0xfd079ee3
retire_trace slot=0 cycle=4832 pc=0x800001b0 opcode=0x00062683
retire_trace slot=0 cycle=4833 pc=0x800001b4 opcode=0x0005a503
retire_trace slot=0 cycle=4836 pc=0x800001b8 opcode=0x0007a703
retire_trace slot=1 cycle=4836 pc=0x800001bc opcode=0x00478793
retire_trace slot=0 cycle=4839 pc=0x800001c0 opcode=0x02a686b3
retire_trace slot=0 cycle=4840 pc=0x800001c4 opcode=0x00460613
retire_trace slot=0 cycle=4841 pc=0x800001c8 opcode=0x00458593
retire_trace slot=0 cycle=4842 pc=0x800001cc opcode=0x00d70733
retire_trace slot=0 cycle=4843 pc=0x800001d0 opcode=0xfee7ae23
retire_trace slot=1 cycle=4843 pc=0x800001d4 opcode=0xfd079ee3
retire_trace slot=0 cycle=4846 pc=0x800001b0 opcode=0x00062683
retire_trace slot=0 cycle=4847 pc=0x800001b4 opcode=0x0005a503
retire_trace slot=0 cycle=4850 pc=0x800001b8 opcode=0x0007a703
retire_trace slot=1 cycle=4850 pc=0x800001bc opcode=0x00478793
retire_trace slot=0 cycle=4853 pc=0x800001c0 opcode=0x02a686b3
retire_trace slot=0 cycle=4854 pc=0x800001c4 opcode=0x00460613
retire_trace slot=0 cycle=4855 pc=0x800001c8 opcode=0x00458593
retire_trace slot=0 cycle=4856 pc=0x800001cc opcode=0x00d70733
retire_trace slot=0 cycle=4857 pc=0x800001d0 opcode=0xfee7ae23
retire_trace slot=1 cycle=4857 pc=0x800001d4 opcode=0xfd079ee3
retire_trace slot=0 cycle=4860 pc=0x800001b0 opcode=0x00062683
retire_trace slot=0 cycle=4861 pc=0x800001b4 opcode=0x0005a503
retire_trace slot=0 cycle=4864 pc=0x800001b8 opcode=0x0007a703
retire_trace slot=1 cycle=4864 pc=0x800001bc opcode=0x00478793
retire_trace slot=0 cycle=4867 pc=0x800001c0 opcode=0x02a686b3
retire_trace slot=0 cycle=4868 pc=0x800001c4 opcode=0x00460613
retire_trace slot=0 cycle=4869 pc=0x800001c8 opcode=0x00458593
retire_trace slot=0 cycle=4870 pc=0x800001cc opcode=0x00d70733
retire_trace slot=0 cycle=4871 pc=0x800001d0 opcode=0xfee7ae23
retire_trace slot=1 cycle=4871 pc=0x800001d4 opcode=0xfd079ee3
retire_trace slot=0 cycle=4874 pc=0x800001b0 opcode=0x00062683
retire_trace slot=0 cycle=4875 pc=0x800001b4 opcode=0x0005a503
retire_trace slot=0 cycle=4878 pc=0x800001b8 opcode=0x0007a703
retire_trace slot=1 cycle=4878 pc=0x800001bc opcode=0x00478793
retire_trace slot=0 cycle=4881 pc=0x800001c0 opcode=0x02a686b3
retire_trace slot=0 cycle=4882 pc=0x800001c4 opcode=0x00460613
retire_trace slot=0 cycle=4883 pc=0x800001c8 opcode=0x00458593
retire_trace slot=0 cycle=4884 pc=0x800001cc opcode=0x00d70733
retire_trace slot=0 cycle=4885 pc=0x800001d0 opcode=0xfee7ae23
retire_trace slot=1 cycle=4885 pc=0x800001d4 opcode=0xfd079ee3
retire_trace slot=0 cycle=4888 pc=0x800001b0 opcode=0x00062683
retire_trace slot=0 cycle=4889 pc=0x800001b4 opcode=0x0005a503
retire_trace slot=0 cycle=4892 pc=0x800001b8 opcode=0x0007a703
retire_trace slot=1 cycle=4892 pc=0x800001bc opcode=0x00478793
retire_trace slot=0 cycle=4895 pc=0x800001c0 opcode=0x02a686b3
retire_trace slot=0 cycle=4896 pc=0x800001c4 opcode=0x00460613
retire_trace slot=0 cycle=4897 pc=0x800001c8 opcode=0x00458593
retire_trace slot=0 cycle=4898 pc=0x800001cc opcode=0x00d70733
retire_trace slot=0 cycle=4899 pc=0x800001d0 opcode=0xfee7ae23
retire_trace slot=1 cycle=4899 pc=0x800001d4 opcode=0xfd079ee3
retire_trace slot=0 cycle=4902 pc=0x800001b0 opcode=0x00062683
retire_trace slot=0 cycle=4903 pc=0x800001b4 opcode=0x0005a503
retire_trace slot=0 cycle=4906 pc=0x800001b8 opcode=0x0007a703
retire_trace slot=1 cycle=4906 pc=0x800001bc opcode=0x00478793
retire_trace slot=0 cycle=4909 pc=0x800001c0 opcode=0x02a686b3
retire_trace slot=0 cycle=4910 pc=0x800001c4 opcode=0x00460613
retire_trace slot=0 cycle=4911 pc=0x800001c8 opcode=0x00458593
retire_trace slot=0 cycle=4912 pc=0x800001cc opcode=0x00d70733
retire_trace slot=0 cycle=4913 pc=0x800001d0 opcode=0xfee7ae23
retire_trace slot=1 cycle=4913 pc=0x800001d4 opcode=0xfd079ee3
retire_trace slot=0 cycle=4916 pc=0x800001b0 opcode=0x00062683
retire_trace slot=0 cycle=4917 pc=0x800001b4 opcode=0x0005a503
retire_trace slot=0 cycle=4920 pc=0x800001b8 opcode=0x0007a703
retire_trace slot=1 cycle=4920 pc=0x800001bc opcode=0x00478793
retire_trace slot=0 cycle=4923 pc=0x800001c0 opcode=0x02a686b3
retire_trace slot=0 cycle=4924 pc=0x800001c4 opcode=0x00460613
retire_trace slot=0 cycle=4925 pc=0x800001c8 opcode=0x00458593
retire_trace slot=0 cycle=4926 pc=0x800001cc opcode=0x00d70733
retire_trace slot=0 cycle=4927 pc=0x800001d0 opcode=0xfee7ae23
retire_trace slot=1 cycle=4927 pc=0x800001d4 opcode=0xfd079ee3
retire_trace slot=0 cycle=4930 pc=0x800001b0 opcode=0x00062683
retire_trace slot=0 cycle=4931 pc=0x800001b4 opcode=0x0005a503
retire_trace slot=0 cycle=4934 pc=0x800001b8 opcode=0x0007a703
retire_trace slot=1 cycle=4934 pc=0x800001bc opcode=0x00478793
retire_trace slot=0 cycle=4937 pc=0x800001c0 opcode=0x02a686b3
retire_trace slot=0 cycle=4938 pc=0x800001c4 opcode=0x00460613
retire_trace slot=0 cycle=4939 pc=0x800001c8 opcode=0x00458593
retire_trace slot=0 cycle=4940 pc=0x800001cc opcode=0x00d70733
retire_trace slot=0 cycle=4941 pc=0x800001d0 opcode=0xfee7ae23
retire_trace slot=1 cycle=4941 pc=0x800001d4 opcode=0xfd079ee3
retire_trace slot=0 cycle=4944 pc=0x800001b0 opcode=0x00062683
retire_trace slot=0 cycle=4945 pc=0x800001b4 opcode=0x0005a503
retire_trace slot=0 cycle=4948 pc=0x800001b8 opcode=0x0007a703
retire_trace slot=1 cycle=4948 pc=0x800001bc opcode=0x00478793
retire_trace slot=0 cycle=4951 pc=0x800001c0 opcode=0x02a686b3
retire_trace slot=0 cycle=4952 pc=0x800001c4 opcode=0x00460613
retire_trace slot=0 cycle=4953 pc=0x800001c8 opcode=0x00458593
retire_trace slot=0 cycle=4954 pc=0x800001cc opcode=0x00d70733
retire_trace slot=0 cycle=4955 pc=0x800001d0 opcode=0xfee7ae23
retire_trace slot=1 cycle=4955 pc=0x800001d4 opcode=0xfd079ee3
retire_trace slot=0 cycle=4958 pc=0x800001b0 opcode=0x00062683
retire_trace slot=0 cycle=4959 pc=0x800001b4 opcode=0x0005a503
retire_trace slot=0 cycle=4962 pc=0x800001b8 opcode=0x0007a703
retire_trace slot=1 cycle=4962 pc=0x800001bc opcode=0x00478793
retire_trace slot=0 cycle=4965 pc=0x800001c0 opcode=0x02a686b3
retire_trace slot=0 cycle=4966 pc=0x800001c4 opcode=0x00460613
retire_trace slot=0 cycle=4967 pc=0x800001c8 opcode=0x00458593
retire_trace slot=0 cycle=4968 pc=0x800001cc opcode=0x00d70733
retire_trace slot=0 cycle=4969 pc=0x800001d0 opcode=0xfee7ae23
retire_trace slot=1 cycle=4969 pc=0x800001d4 opcode=0xfd079ee3
retire_trace slot=0 cycle=4972 pc=0x800001b0 opcode=0x00062683
retire_trace slot=0 cycle=4973 pc=0x800001b4 opcode=0x0005a503
retire_trace slot=0 cycle=4976 pc=0x800001b8 opcode=0x0007a703
retire_trace slot=1 cycle=4976 pc=0x800001bc opcode=0x00478793
retire_trace slot=0 cycle=4979 pc=0x800001c0 opcode=0x02a686b3
retire_trace slot=0 cycle=4980 pc=0x800001c4 opcode=0x00460613
retire_trace slot=0 cycle=4981 pc=0x800001c8 opcode=0x00458593
retire_trace slot=0 cycle=4982 pc=0x800001cc opcode=0x00d70733
retire_trace slot=0 cycle=4983 pc=0x800001d0 opcode=0xfee7ae23
retire_trace slot=1 cycle=4983 pc=0x800001d4 opcode=0xfd079ee3
retire_trace slot=0 cycle=4986 pc=0x800001b0 opcode=0x00062683
retire_trace slot=0 cycle=4987 pc=0x800001b4 opcode=0x0005a503
retire_trace slot=0 cycle=4990 pc=0x800001b8 opcode=0x0007a703
retire_trace slot=1 cycle=4990 pc=0x800001bc opcode=0x00478793
retire_trace slot=0 cycle=4993 pc=0x800001c0 opcode=0x02a686b3
retire_trace slot=0 cycle=4994 pc=0x800001c4 opcode=0x00460613
retire_trace slot=0 cycle=4995 pc=0x800001c8 opcode=0x00458593
retire_trace slot=0 cycle=4996 pc=0x800001cc opcode=0x00d70733
retire_trace slot=0 cycle=4997 pc=0x800001d0 opcode=0xfee7ae23
retire_trace slot=1 cycle=4997 pc=0x800001d4 opcode=0xfd079ee3
retire_trace slot=0 cycle=5000 pc=0x800001b0 opcode=0x00062683
retire_trace slot=0 cycle=5001 pc=0x800001b4 opcode=0x0005a503
retire_trace slot=0 cycle=5004 pc=0x800001b8 opcode=0x0007a703
retire_trace slot=1 cycle=5004 pc=0x800001bc opcode=0x00478793
retire_trace slot=0 cycle=5007 pc=0x800001c0 opcode=0x02a686b3
retire_trace slot=0 cycle=5008 pc=0x800001c4 opcode=0x00460613
retire_trace slot=0 cycle=5009 pc=0x800001c8 opcode=0x00458593
retire_trace slot=0 cycle=5010 pc=0x800001cc opcode=0x00d70733
retire_trace slot=0 cycle=5011 pc=0x800001d0 opcode=0xfee7ae23
retire_trace slot=1 cycle=5011 pc=0x800001d4 opcode=0xfd079ee3
retire_trace slot=0 cycle=5014 pc=0x800001b0 opcode=0x00062683
retire_trace slot=0 cycle=5015 pc=0x800001b4 opcode=0x0005a503
retire_trace slot=0 cycle=5018 pc=0x800001b8 opcode=0x0007a703
retire_trace slot=1 cycle=5018 pc=0x800001bc opcode=0x00478793
retire_trace slot=0 cycle=5021 pc=0x800001c0 opcode=0x02a686b3
retire_trace slot=0 cycle=5022 pc=0x800001c4 opcode=0x00460613
retire_trace slot=0 cycle=5023 pc=0x800001c8 opcode=0x00458593
retire_trace slot=0 cycle=5024 pc=0x800001cc opcode=0x00d70733
retire_trace slot=0 cycle=5025 pc=0x800001d0 opcode=0xfee7ae23
retire_trace slot=1 cycle=5025 pc=0x800001d4 opcode=0xfd079ee3
retire_trace slot=0 cycle=5028 pc=0x800001b0 opcode=0x00062683
retire_trace slot=0 cycle=5029 pc=0x800001b4 opcode=0x0005a503
retire_trace slot=0 cycle=5032 pc=0x800001b8 opcode=0x0007a703
retire_trace slot=1 cycle=5032 pc=0x800001bc opcode=0x00478793
retire_trace slot=0 cycle=5035 pc=0x800001c0 opcode=0x02a686b3
retire_trace slot=0 cycle=5036 pc=0x800001c4 opcode=0x00460613
retire_trace slot=0 cycle=5037 pc=0x800001c8 opcode=0x00458593
retire_trace slot=0 cycle=5038 pc=0x800001cc opcode=0x00d70733
retire_trace slot=0 cycle=5039 pc=0x800001d0 opcode=0xfee7ae23
retire_trace slot=1 cycle=5039 pc=0x800001d4 opcode=0xfd079ee3
retire_trace slot=0 cycle=5042 pc=0x800001d8 opcode=0x010e0e13
retire_trace slot=0 cycle=5043 pc=0x800001dc opcode=0x04030313
retire_trace slot=0 cycle=5044 pc=0x800001e0 opcode=0x040e8e93
retire_trace slot=1 cycle=5044 pc=0x800001e4 opcode=0xfdee10e3
retire_trace slot=0 cycle=5047 pc=0x800001a4 opcode=0x000e8593
retire_trace slot=0 cycle=5048 pc=0x800001a8 opcode=0x00030613
retire_trace slot=0 cycle=5049 pc=0x800001ac opcode=0x00088793
retire_trace slot=0 cycle=5050 pc=0x800001b0 opcode=0x00062683
retire_trace slot=0 cycle=5051 pc=0x800001b4 opcode=0x0005a503
retire_trace slot=0 cycle=5054 pc=0x800001b8 opcode=0x0007a703
retire_trace slot=1 cycle=5054 pc=0x800001bc opcode=0x00478793
retire_trace slot=0 cycle=5057 pc=0x800001c0 opcode=0x02a686b3
retire_trace slot=0 cycle=5058 pc=0x800001c4 opcode=0x00460613
retire_trace slot=0 cycle=5059 pc=0x800001c8 opcode=0x00458593
retire_trace slot=0 cycle=5060 pc=0x800001cc opcode=0x00d70733
retire_trace slot=0 cycle=5061 pc=0x800001d0 opcode=0xfee7ae23
retire_trace slot=1 cycle=5061 pc=0x800001d4 opcode=0xfd079ee3
retire_trace slot=0 cycle=5064 pc=0x800001b0 opcode=0x00062683
retire_trace slot=0 cycle=5065 pc=0x800001b4 opcode=0x0005a503
retire_trace slot=0 cycle=5068 pc=0x800001b8 opcode=0x0007a703
retire_trace slot=1 cycle=5068 pc=0x800001bc opcode=0x00478793
retire_trace slot=0 cycle=5071 pc=0x800001c0 opcode=0x02a686b3
retire_trace slot=0 cycle=5072 pc=0x800001c4 opcode=0x00460613
retire_trace slot=0 cycle=5073 pc=0x800001c8 opcode=0x00458593
retire_trace slot=0 cycle=5074 pc=0x800001cc opcode=0x00d70733
retire_trace slot=0 cycle=5075 pc=0x800001d0 opcode=0xfee7ae23
retire_trace slot=1 cycle=5075 pc=0x800001d4 opcode=0xfd079ee3
retire_trace slot=0 cycle=5078 pc=0x800001b0 opcode=0x00062683
retire_trace slot=0 cycle=5079 pc=0x800001b4 opcode=0x0005a503
retire_trace slot=0 cycle=5082 pc=0x800001b8 opcode=0x0007a703
retire_trace slot=1 cycle=5082 pc=0x800001bc opcode=0x00478793
retire_trace slot=0 cycle=5085 pc=0x800001c0 opcode=0x02a686b3
retire_trace slot=0 cycle=5086 pc=0x800001c4 opcode=0x00460613
retire_trace slot=0 cycle=5087 pc=0x800001c8 opcode=0x00458593
retire_trace slot=0 cycle=5088 pc=0x800001cc opcode=0x00d70733
retire_trace slot=0 cycle=5089 pc=0x800001d0 opcode=0xfee7ae23
retire_trace slot=1 cycle=5089 pc=0x800001d4 opcode=0xfd079ee3
retire_trace slot=0 cycle=5092 pc=0x800001b0 opcode=0x00062683
retire_trace slot=0 cycle=5093 pc=0x800001b4 opcode=0x0005a503
retire_trace slot=0 cycle=5096 pc=0x800001b8 opcode=0x0007a703
retire_trace slot=1 cycle=5096 pc=0x800001bc opcode=0x00478793
retire_trace slot=0 cycle=5099 pc=0x800001c0 opcode=0x02a686b3
retire_trace slot=0 cycle=5100 pc=0x800001c4 opcode=0x00460613
retire_trace slot=0 cycle=5101 pc=0x800001c8 opcode=0x00458593
retire_trace slot=0 cycle=5102 pc=0x800001cc opcode=0x00d70733
retire_trace slot=0 cycle=5103 pc=0x800001d0 opcode=0xfee7ae23
retire_trace slot=1 cycle=5103 pc=0x800001d4 opcode=0xfd079ee3
retire_trace slot=0 cycle=5106 pc=0x800001b0 opcode=0x00062683
retire_trace slot=0 cycle=5107 pc=0x800001b4 opcode=0x0005a503
retire_trace slot=0 cycle=5110 pc=0x800001b8 opcode=0x0007a703
retire_trace slot=1 cycle=5110 pc=0x800001bc opcode=0x00478793
retire_trace slot=0 cycle=5113 pc=0x800001c0 opcode=0x02a686b3
retire_trace slot=0 cycle=5114 pc=0x800001c4 opcode=0x00460613
retire_trace slot=0 cycle=5115 pc=0x800001c8 opcode=0x00458593
retire_trace slot=0 cycle=5116 pc=0x800001cc opcode=0x00d70733
retire_trace slot=0 cycle=5117 pc=0x800001d0 opcode=0xfee7ae23
retire_trace slot=1 cycle=5117 pc=0x800001d4 opcode=0xfd079ee3
retire_trace slot=0 cycle=5120 pc=0x800001b0 opcode=0x00062683
retire_trace slot=0 cycle=5121 pc=0x800001b4 opcode=0x0005a503
retire_trace slot=0 cycle=5124 pc=0x800001b8 opcode=0x0007a703
retire_trace slot=1 cycle=5124 pc=0x800001bc opcode=0x00478793
retire_trace slot=0 cycle=5127 pc=0x800001c0 opcode=0x02a686b3
retire_trace slot=0 cycle=5128 pc=0x800001c4 opcode=0x00460613
retire_trace slot=0 cycle=5129 pc=0x800001c8 opcode=0x00458593
retire_trace slot=0 cycle=5130 pc=0x800001cc opcode=0x00d70733
retire_trace slot=0 cycle=5131 pc=0x800001d0 opcode=0xfee7ae23
retire_trace slot=1 cycle=5131 pc=0x800001d4 opcode=0xfd079ee3
retire_trace slot=0 cycle=5134 pc=0x800001b0 opcode=0x00062683
retire_trace slot=0 cycle=5135 pc=0x800001b4 opcode=0x0005a503
retire_trace slot=0 cycle=5138 pc=0x800001b8 opcode=0x0007a703
retire_trace slot=1 cycle=5138 pc=0x800001bc opcode=0x00478793
retire_trace slot=0 cycle=5141 pc=0x800001c0 opcode=0x02a686b3
retire_trace slot=0 cycle=5142 pc=0x800001c4 opcode=0x00460613
retire_trace slot=0 cycle=5143 pc=0x800001c8 opcode=0x00458593
retire_trace slot=0 cycle=5144 pc=0x800001cc opcode=0x00d70733
retire_trace slot=0 cycle=5145 pc=0x800001d0 opcode=0xfee7ae23
retire_trace slot=1 cycle=5145 pc=0x800001d4 opcode=0xfd079ee3
retire_trace slot=0 cycle=5148 pc=0x800001b0 opcode=0x00062683
retire_trace slot=0 cycle=5149 pc=0x800001b4 opcode=0x0005a503
retire_trace slot=0 cycle=5152 pc=0x800001b8 opcode=0x0007a703
retire_trace slot=1 cycle=5152 pc=0x800001bc opcode=0x00478793
retire_trace slot=0 cycle=5155 pc=0x800001c0 opcode=0x02a686b3
retire_trace slot=0 cycle=5156 pc=0x800001c4 opcode=0x00460613
retire_trace slot=0 cycle=5157 pc=0x800001c8 opcode=0x00458593
retire_trace slot=0 cycle=5158 pc=0x800001cc opcode=0x00d70733
retire_trace slot=0 cycle=5159 pc=0x800001d0 opcode=0xfee7ae23
retire_trace slot=1 cycle=5159 pc=0x800001d4 opcode=0xfd079ee3
retire_trace slot=0 cycle=5162 pc=0x800001b0 opcode=0x00062683
retire_trace slot=0 cycle=5163 pc=0x800001b4 opcode=0x0005a503
retire_trace slot=0 cycle=5166 pc=0x800001b8 opcode=0x0007a703
retire_trace slot=1 cycle=5166 pc=0x800001bc opcode=0x00478793
retire_trace slot=0 cycle=5169 pc=0x800001c0 opcode=0x02a686b3
retire_trace slot=0 cycle=5170 pc=0x800001c4 opcode=0x00460613
retire_trace slot=0 cycle=5171 pc=0x800001c8 opcode=0x00458593
retire_trace slot=0 cycle=5172 pc=0x800001cc opcode=0x00d70733
retire_trace slot=0 cycle=5173 pc=0x800001d0 opcode=0xfee7ae23
retire_trace slot=1 cycle=5173 pc=0x800001d4 opcode=0xfd079ee3
retire_trace slot=0 cycle=5176 pc=0x800001b0 opcode=0x00062683
retire_trace slot=0 cycle=5177 pc=0x800001b4 opcode=0x0005a503
retire_trace slot=0 cycle=5180 pc=0x800001b8 opcode=0x0007a703
retire_trace slot=1 cycle=5180 pc=0x800001bc opcode=0x00478793
retire_trace slot=0 cycle=5183 pc=0x800001c0 opcode=0x02a686b3
retire_trace slot=0 cycle=5184 pc=0x800001c4 opcode=0x00460613
retire_trace slot=0 cycle=5185 pc=0x800001c8 opcode=0x00458593
retire_trace slot=0 cycle=5186 pc=0x800001cc opcode=0x00d70733
retire_trace slot=0 cycle=5187 pc=0x800001d0 opcode=0xfee7ae23
retire_trace slot=1 cycle=5187 pc=0x800001d4 opcode=0xfd079ee3
retire_trace slot=0 cycle=5190 pc=0x800001b0 opcode=0x00062683
retire_trace slot=0 cycle=5191 pc=0x800001b4 opcode=0x0005a503
retire_trace slot=0 cycle=5194 pc=0x800001b8 opcode=0x0007a703
retire_trace slot=1 cycle=5194 pc=0x800001bc opcode=0x00478793
retire_trace slot=0 cycle=5197 pc=0x800001c0 opcode=0x02a686b3
retire_trace slot=0 cycle=5198 pc=0x800001c4 opcode=0x00460613
retire_trace slot=0 cycle=5199 pc=0x800001c8 opcode=0x00458593
retire_trace slot=0 cycle=5200 pc=0x800001cc opcode=0x00d70733
retire_trace slot=0 cycle=5201 pc=0x800001d0 opcode=0xfee7ae23
retire_trace slot=1 cycle=5201 pc=0x800001d4 opcode=0xfd079ee3
retire_trace slot=0 cycle=5204 pc=0x800001b0 opcode=0x00062683
retire_trace slot=0 cycle=5205 pc=0x800001b4 opcode=0x0005a503
retire_trace slot=0 cycle=5208 pc=0x800001b8 opcode=0x0007a703
retire_trace slot=1 cycle=5208 pc=0x800001bc opcode=0x00478793
retire_trace slot=0 cycle=5211 pc=0x800001c0 opcode=0x02a686b3
retire_trace slot=0 cycle=5212 pc=0x800001c4 opcode=0x00460613
retire_trace slot=0 cycle=5213 pc=0x800001c8 opcode=0x00458593
retire_trace slot=0 cycle=5214 pc=0x800001cc opcode=0x00d70733
retire_trace slot=0 cycle=5215 pc=0x800001d0 opcode=0xfee7ae23
retire_trace slot=1 cycle=5215 pc=0x800001d4 opcode=0xfd079ee3
retire_trace slot=0 cycle=5218 pc=0x800001b0 opcode=0x00062683
retire_trace slot=0 cycle=5219 pc=0x800001b4 opcode=0x0005a503
retire_trace slot=0 cycle=5222 pc=0x800001b8 opcode=0x0007a703
retire_trace slot=1 cycle=5222 pc=0x800001bc opcode=0x00478793
retire_trace slot=0 cycle=5225 pc=0x800001c0 opcode=0x02a686b3
retire_trace slot=0 cycle=5226 pc=0x800001c4 opcode=0x00460613
retire_trace slot=0 cycle=5227 pc=0x800001c8 opcode=0x00458593
retire_trace slot=0 cycle=5228 pc=0x800001cc opcode=0x00d70733
retire_trace slot=0 cycle=5229 pc=0x800001d0 opcode=0xfee7ae23
retire_trace slot=1 cycle=5229 pc=0x800001d4 opcode=0xfd079ee3
retire_trace slot=0 cycle=5232 pc=0x800001b0 opcode=0x00062683
retire_trace slot=0 cycle=5233 pc=0x800001b4 opcode=0x0005a503
retire_trace slot=0 cycle=5236 pc=0x800001b8 opcode=0x0007a703
retire_trace slot=1 cycle=5236 pc=0x800001bc opcode=0x00478793
retire_trace slot=0 cycle=5239 pc=0x800001c0 opcode=0x02a686b3
retire_trace slot=0 cycle=5240 pc=0x800001c4 opcode=0x00460613
retire_trace slot=0 cycle=5241 pc=0x800001c8 opcode=0x00458593
retire_trace slot=0 cycle=5242 pc=0x800001cc opcode=0x00d70733
retire_trace slot=0 cycle=5243 pc=0x800001d0 opcode=0xfee7ae23
retire_trace slot=1 cycle=5243 pc=0x800001d4 opcode=0xfd079ee3
retire_trace slot=0 cycle=5246 pc=0x800001b0 opcode=0x00062683
retire_trace slot=0 cycle=5247 pc=0x800001b4 opcode=0x0005a503
retire_trace slot=0 cycle=5250 pc=0x800001b8 opcode=0x0007a703
retire_trace slot=1 cycle=5250 pc=0x800001bc opcode=0x00478793
retire_trace slot=0 cycle=5253 pc=0x800001c0 opcode=0x02a686b3
retire_trace slot=0 cycle=5254 pc=0x800001c4 opcode=0x00460613
retire_trace slot=0 cycle=5255 pc=0x800001c8 opcode=0x00458593
retire_trace slot=0 cycle=5256 pc=0x800001cc opcode=0x00d70733
retire_trace slot=0 cycle=5257 pc=0x800001d0 opcode=0xfee7ae23
retire_trace slot=1 cycle=5257 pc=0x800001d4 opcode=0xfd079ee3
retire_trace slot=0 cycle=5260 pc=0x800001b0 opcode=0x00062683
retire_trace slot=0 cycle=5261 pc=0x800001b4 opcode=0x0005a503
retire_trace slot=0 cycle=5264 pc=0x800001b8 opcode=0x0007a703
retire_trace slot=1 cycle=5264 pc=0x800001bc opcode=0x00478793
retire_trace slot=0 cycle=5267 pc=0x800001c0 opcode=0x02a686b3
retire_trace slot=0 cycle=5268 pc=0x800001c4 opcode=0x00460613
retire_trace slot=0 cycle=5269 pc=0x800001c8 opcode=0x00458593
retire_trace slot=0 cycle=5270 pc=0x800001cc opcode=0x00d70733
retire_trace slot=0 cycle=5271 pc=0x800001d0 opcode=0xfee7ae23
retire_trace slot=1 cycle=5271 pc=0x800001d4 opcode=0xfd079ee3
retire_trace slot=0 cycle=5274 pc=0x800001d8 opcode=0x010e0e13
retire_trace slot=0 cycle=5275 pc=0x800001dc opcode=0x04030313
retire_trace slot=0 cycle=5276 pc=0x800001e0 opcode=0x040e8e93
retire_trace slot=1 cycle=5276 pc=0x800001e4 opcode=0xfdee10e3
retire_trace slot=0 cycle=5279 pc=0x800001a4 opcode=0x000e8593
retire_trace slot=0 cycle=5280 pc=0x800001a8 opcode=0x00030613
retire_trace slot=0 cycle=5281 pc=0x800001ac opcode=0x00088793
retire_trace slot=0 cycle=5282 pc=0x800001b0 opcode=0x00062683
retire_trace slot=0 cycle=5283 pc=0x800001b4 opcode=0x0005a503
retire_trace slot=0 cycle=5286 pc=0x800001b8 opcode=0x0007a703
retire_trace slot=1 cycle=5286 pc=0x800001bc opcode=0x00478793
retire_trace slot=0 cycle=5289 pc=0x800001c0 opcode=0x02a686b3
retire_trace slot=0 cycle=5290 pc=0x800001c4 opcode=0x00460613
retire_trace slot=0 cycle=5291 pc=0x800001c8 opcode=0x00458593
retire_trace slot=0 cycle=5292 pc=0x800001cc opcode=0x00d70733
retire_trace slot=0 cycle=5293 pc=0x800001d0 opcode=0xfee7ae23
retire_trace slot=1 cycle=5293 pc=0x800001d4 opcode=0xfd079ee3
retire_trace slot=0 cycle=5296 pc=0x800001b0 opcode=0x00062683
retire_trace slot=0 cycle=5297 pc=0x800001b4 opcode=0x0005a503
retire_trace slot=0 cycle=5300 pc=0x800001b8 opcode=0x0007a703
retire_trace slot=1 cycle=5300 pc=0x800001bc opcode=0x00478793
retire_trace slot=0 cycle=5303 pc=0x800001c0 opcode=0x02a686b3
retire_trace slot=0 cycle=5304 pc=0x800001c4 opcode=0x00460613
retire_trace slot=0 cycle=5305 pc=0x800001c8 opcode=0x00458593
retire_trace slot=0 cycle=5306 pc=0x800001cc opcode=0x00d70733
retire_trace slot=0 cycle=5307 pc=0x800001d0 opcode=0xfee7ae23
retire_trace slot=1 cycle=5307 pc=0x800001d4 opcode=0xfd079ee3
retire_trace slot=0 cycle=5310 pc=0x800001b0 opcode=0x00062683
retire_trace slot=0 cycle=5311 pc=0x800001b4 opcode=0x0005a503
retire_trace slot=0 cycle=5314 pc=0x800001b8 opcode=0x0007a703
retire_trace slot=1 cycle=5314 pc=0x800001bc opcode=0x00478793
retire_trace slot=0 cycle=5317 pc=0x800001c0 opcode=0x02a686b3
retire_trace slot=0 cycle=5318 pc=0x800001c4 opcode=0x00460613
retire_trace slot=0 cycle=5319 pc=0x800001c8 opcode=0x00458593
retire_trace slot=0 cycle=5320 pc=0x800001cc opcode=0x00d70733
retire_trace slot=0 cycle=5321 pc=0x800001d0 opcode=0xfee7ae23
retire_trace slot=1 cycle=5321 pc=0x800001d4 opcode=0xfd079ee3
retire_trace slot=0 cycle=5324 pc=0x800001b0 opcode=0x00062683
retire_trace slot=0 cycle=5325 pc=0x800001b4 opcode=0x0005a503
retire_trace slot=0 cycle=5328 pc=0x800001b8 opcode=0x0007a703
retire_trace slot=1 cycle=5328 pc=0x800001bc opcode=0x00478793
retire_trace slot=0 cycle=5331 pc=0x800001c0 opcode=0x02a686b3
retire_trace slot=0 cycle=5332 pc=0x800001c4 opcode=0x00460613
retire_trace slot=0 cycle=5333 pc=0x800001c8 opcode=0x00458593
retire_trace slot=0 cycle=5334 pc=0x800001cc opcode=0x00d70733
retire_trace slot=0 cycle=5335 pc=0x800001d0 opcode=0xfee7ae23
retire_trace slot=1 cycle=5335 pc=0x800001d4 opcode=0xfd079ee3
retire_trace slot=0 cycle=5338 pc=0x800001b0 opcode=0x00062683
retire_trace slot=0 cycle=5339 pc=0x800001b4 opcode=0x0005a503
retire_trace slot=0 cycle=5342 pc=0x800001b8 opcode=0x0007a703
retire_trace slot=1 cycle=5342 pc=0x800001bc opcode=0x00478793
retire_trace slot=0 cycle=5345 pc=0x800001c0 opcode=0x02a686b3
retire_trace slot=0 cycle=5346 pc=0x800001c4 opcode=0x00460613
retire_trace slot=0 cycle=5347 pc=0x800001c8 opcode=0x00458593
retire_trace slot=0 cycle=5348 pc=0x800001cc opcode=0x00d70733
retire_trace slot=0 cycle=5349 pc=0x800001d0 opcode=0xfee7ae23
retire_trace slot=1 cycle=5349 pc=0x800001d4 opcode=0xfd079ee3
retire_trace slot=0 cycle=5352 pc=0x800001b0 opcode=0x00062683
retire_trace slot=0 cycle=5353 pc=0x800001b4 opcode=0x0005a503
retire_trace slot=0 cycle=5356 pc=0x800001b8 opcode=0x0007a703
retire_trace slot=1 cycle=5356 pc=0x800001bc opcode=0x00478793
retire_trace slot=0 cycle=5359 pc=0x800001c0 opcode=0x02a686b3
retire_trace slot=0 cycle=5360 pc=0x800001c4 opcode=0x00460613
retire_trace slot=0 cycle=5361 pc=0x800001c8 opcode=0x00458593
retire_trace slot=0 cycle=5362 pc=0x800001cc opcode=0x00d70733
retire_trace slot=0 cycle=5363 pc=0x800001d0 opcode=0xfee7ae23
retire_trace slot=1 cycle=5363 pc=0x800001d4 opcode=0xfd079ee3
retire_trace slot=0 cycle=5366 pc=0x800001b0 opcode=0x00062683
retire_trace slot=0 cycle=5367 pc=0x800001b4 opcode=0x0005a503
retire_trace slot=0 cycle=5370 pc=0x800001b8 opcode=0x0007a703
retire_trace slot=1 cycle=5370 pc=0x800001bc opcode=0x00478793
retire_trace slot=0 cycle=5373 pc=0x800001c0 opcode=0x02a686b3
retire_trace slot=0 cycle=5374 pc=0x800001c4 opcode=0x00460613
retire_trace slot=0 cycle=5375 pc=0x800001c8 opcode=0x00458593
retire_trace slot=0 cycle=5376 pc=0x800001cc opcode=0x00d70733
retire_trace slot=0 cycle=5377 pc=0x800001d0 opcode=0xfee7ae23
retire_trace slot=1 cycle=5377 pc=0x800001d4 opcode=0xfd079ee3
retire_trace slot=0 cycle=5380 pc=0x800001b0 opcode=0x00062683
retire_trace slot=0 cycle=5381 pc=0x800001b4 opcode=0x0005a503
retire_trace slot=0 cycle=5384 pc=0x800001b8 opcode=0x0007a703
retire_trace slot=1 cycle=5384 pc=0x800001bc opcode=0x00478793
retire_trace slot=0 cycle=5387 pc=0x800001c0 opcode=0x02a686b3
retire_trace slot=0 cycle=5388 pc=0x800001c4 opcode=0x00460613
retire_trace slot=0 cycle=5389 pc=0x800001c8 opcode=0x00458593
retire_trace slot=0 cycle=5390 pc=0x800001cc opcode=0x00d70733
retire_trace slot=0 cycle=5391 pc=0x800001d0 opcode=0xfee7ae23
retire_trace slot=1 cycle=5391 pc=0x800001d4 opcode=0xfd079ee3
retire_trace slot=0 cycle=5394 pc=0x800001b0 opcode=0x00062683
retire_trace slot=0 cycle=5395 pc=0x800001b4 opcode=0x0005a503
retire_trace slot=0 cycle=5398 pc=0x800001b8 opcode=0x0007a703
retire_trace slot=1 cycle=5398 pc=0x800001bc opcode=0x00478793
retire_trace slot=0 cycle=5401 pc=0x800001c0 opcode=0x02a686b3
retire_trace slot=0 cycle=5402 pc=0x800001c4 opcode=0x00460613
retire_trace slot=0 cycle=5403 pc=0x800001c8 opcode=0x00458593
retire_trace slot=0 cycle=5404 pc=0x800001cc opcode=0x00d70733
retire_trace slot=0 cycle=5405 pc=0x800001d0 opcode=0xfee7ae23
retire_trace slot=1 cycle=5405 pc=0x800001d4 opcode=0xfd079ee3
retire_trace slot=0 cycle=5408 pc=0x800001b0 opcode=0x00062683
retire_trace slot=0 cycle=5409 pc=0x800001b4 opcode=0x0005a503
retire_trace slot=0 cycle=5412 pc=0x800001b8 opcode=0x0007a703
retire_trace slot=1 cycle=5412 pc=0x800001bc opcode=0x00478793
retire_trace slot=0 cycle=5415 pc=0x800001c0 opcode=0x02a686b3
retire_trace slot=0 cycle=5416 pc=0x800001c4 opcode=0x00460613
retire_trace slot=0 cycle=5417 pc=0x800001c8 opcode=0x00458593
retire_trace slot=0 cycle=5418 pc=0x800001cc opcode=0x00d70733
retire_trace slot=0 cycle=5419 pc=0x800001d0 opcode=0xfee7ae23
retire_trace slot=1 cycle=5419 pc=0x800001d4 opcode=0xfd079ee3
retire_trace slot=0 cycle=5422 pc=0x800001b0 opcode=0x00062683
retire_trace slot=0 cycle=5423 pc=0x800001b4 opcode=0x0005a503
retire_trace slot=0 cycle=5426 pc=0x800001b8 opcode=0x0007a703
retire_trace slot=1 cycle=5426 pc=0x800001bc opcode=0x00478793
retire_trace slot=0 cycle=5429 pc=0x800001c0 opcode=0x02a686b3
retire_trace slot=0 cycle=5430 pc=0x800001c4 opcode=0x00460613
retire_trace slot=0 cycle=5431 pc=0x800001c8 opcode=0x00458593
retire_trace slot=0 cycle=5432 pc=0x800001cc opcode=0x00d70733
retire_trace slot=0 cycle=5433 pc=0x800001d0 opcode=0xfee7ae23
retire_trace slot=1 cycle=5433 pc=0x800001d4 opcode=0xfd079ee3
retire_trace slot=0 cycle=5436 pc=0x800001b0 opcode=0x00062683
retire_trace slot=0 cycle=5437 pc=0x800001b4 opcode=0x0005a503
retire_trace slot=0 cycle=5440 pc=0x800001b8 opcode=0x0007a703
retire_trace slot=1 cycle=5440 pc=0x800001bc opcode=0x00478793
retire_trace slot=0 cycle=5443 pc=0x800001c0 opcode=0x02a686b3
retire_trace slot=0 cycle=5444 pc=0x800001c4 opcode=0x00460613
retire_trace slot=0 cycle=5445 pc=0x800001c8 opcode=0x00458593
retire_trace slot=0 cycle=5446 pc=0x800001cc opcode=0x00d70733
retire_trace slot=0 cycle=5447 pc=0x800001d0 opcode=0xfee7ae23
retire_trace slot=1 cycle=5447 pc=0x800001d4 opcode=0xfd079ee3
retire_trace slot=0 cycle=5450 pc=0x800001b0 opcode=0x00062683
retire_trace slot=0 cycle=5451 pc=0x800001b4 opcode=0x0005a503
retire_trace slot=0 cycle=5454 pc=0x800001b8 opcode=0x0007a703
retire_trace slot=1 cycle=5454 pc=0x800001bc opcode=0x00478793
retire_trace slot=0 cycle=5457 pc=0x800001c0 opcode=0x02a686b3
retire_trace slot=0 cycle=5458 pc=0x800001c4 opcode=0x00460613
retire_trace slot=0 cycle=5459 pc=0x800001c8 opcode=0x00458593
retire_trace slot=0 cycle=5460 pc=0x800001cc opcode=0x00d70733
retire_trace slot=0 cycle=5461 pc=0x800001d0 opcode=0xfee7ae23
retire_trace slot=1 cycle=5461 pc=0x800001d4 opcode=0xfd079ee3
retire_trace slot=0 cycle=5464 pc=0x800001b0 opcode=0x00062683
retire_trace slot=0 cycle=5465 pc=0x800001b4 opcode=0x0005a503
retire_trace slot=0 cycle=5468 pc=0x800001b8 opcode=0x0007a703
retire_trace slot=1 cycle=5468 pc=0x800001bc opcode=0x00478793
retire_trace slot=0 cycle=5471 pc=0x800001c0 opcode=0x02a686b3
retire_trace slot=0 cycle=5472 pc=0x800001c4 opcode=0x00460613
retire_trace slot=0 cycle=5473 pc=0x800001c8 opcode=0x00458593
retire_trace slot=0 cycle=5474 pc=0x800001cc opcode=0x00d70733
retire_trace slot=0 cycle=5475 pc=0x800001d0 opcode=0xfee7ae23
retire_trace slot=1 cycle=5475 pc=0x800001d4 opcode=0xfd079ee3
retire_trace slot=0 cycle=5478 pc=0x800001b0 opcode=0x00062683
retire_trace slot=0 cycle=5479 pc=0x800001b4 opcode=0x0005a503
retire_trace slot=0 cycle=5482 pc=0x800001b8 opcode=0x0007a703
retire_trace slot=1 cycle=5482 pc=0x800001bc opcode=0x00478793
retire_trace slot=0 cycle=5485 pc=0x800001c0 opcode=0x02a686b3
retire_trace slot=0 cycle=5486 pc=0x800001c4 opcode=0x00460613
retire_trace slot=0 cycle=5487 pc=0x800001c8 opcode=0x00458593
retire_trace slot=0 cycle=5488 pc=0x800001cc opcode=0x00d70733
retire_trace slot=0 cycle=5489 pc=0x800001d0 opcode=0xfee7ae23
retire_trace slot=1 cycle=5489 pc=0x800001d4 opcode=0xfd079ee3
retire_trace slot=0 cycle=5492 pc=0x800001b0 opcode=0x00062683
retire_trace slot=0 cycle=5493 pc=0x800001b4 opcode=0x0005a503
retire_trace slot=0 cycle=5496 pc=0x800001b8 opcode=0x0007a703
retire_trace slot=1 cycle=5496 pc=0x800001bc opcode=0x00478793
retire_trace slot=0 cycle=5499 pc=0x800001c0 opcode=0x02a686b3
retire_trace slot=0 cycle=5500 pc=0x800001c4 opcode=0x00460613
retire_trace slot=0 cycle=5501 pc=0x800001c8 opcode=0x00458593
retire_trace slot=0 cycle=5502 pc=0x800001cc opcode=0x00d70733
retire_trace slot=0 cycle=5503 pc=0x800001d0 opcode=0xfee7ae23
retire_trace slot=1 cycle=5503 pc=0x800001d4 opcode=0xfd079ee3
retire_trace slot=0 cycle=5506 pc=0x800001d8 opcode=0x010e0e13
retire_trace slot=0 cycle=5507 pc=0x800001dc opcode=0x04030313
retire_trace slot=0 cycle=5508 pc=0x800001e0 opcode=0x040e8e93
retire_trace slot=1 cycle=5508 pc=0x800001e4 opcode=0xfdee10e3
retire_trace slot=0 cycle=5511 pc=0x800001a4 opcode=0x000e8593
retire_trace slot=0 cycle=5512 pc=0x800001a8 opcode=0x00030613
retire_trace slot=0 cycle=5513 pc=0x800001ac opcode=0x00088793
retire_trace slot=0 cycle=5514 pc=0x800001b0 opcode=0x00062683
retire_trace slot=0 cycle=5515 pc=0x800001b4 opcode=0x0005a503
retire_trace slot=0 cycle=5518 pc=0x800001b8 opcode=0x0007a703
retire_trace slot=1 cycle=5518 pc=0x800001bc opcode=0x00478793
retire_trace slot=0 cycle=5521 pc=0x800001c0 opcode=0x02a686b3
retire_trace slot=0 cycle=5522 pc=0x800001c4 opcode=0x00460613
retire_trace slot=0 cycle=5523 pc=0x800001c8 opcode=0x00458593
retire_trace slot=0 cycle=5524 pc=0x800001cc opcode=0x00d70733
retire_trace slot=0 cycle=5525 pc=0x800001d0 opcode=0xfee7ae23
retire_trace slot=1 cycle=5525 pc=0x800001d4 opcode=0xfd079ee3
retire_trace slot=0 cycle=5528 pc=0x800001b0 opcode=0x00062683
retire_trace slot=0 cycle=5529 pc=0x800001b4 opcode=0x0005a503
retire_trace slot=0 cycle=5532 pc=0x800001b8 opcode=0x0007a703
retire_trace slot=1 cycle=5532 pc=0x800001bc opcode=0x00478793
retire_trace slot=0 cycle=5535 pc=0x800001c0 opcode=0x02a686b3
retire_trace slot=0 cycle=5536 pc=0x800001c4 opcode=0x00460613
retire_trace slot=0 cycle=5537 pc=0x800001c8 opcode=0x00458593
retire_trace slot=0 cycle=5538 pc=0x800001cc opcode=0x00d70733
retire_trace slot=0 cycle=5539 pc=0x800001d0 opcode=0xfee7ae23
retire_trace slot=1 cycle=5539 pc=0x800001d4 opcode=0xfd079ee3
retire_trace slot=0 cycle=5542 pc=0x800001b0 opcode=0x00062683
retire_trace slot=0 cycle=5543 pc=0x800001b4 opcode=0x0005a503
retire_trace slot=0 cycle=5546 pc=0x800001b8 opcode=0x0007a703
retire_trace slot=1 cycle=5546 pc=0x800001bc opcode=0x00478793
retire_trace slot=0 cycle=5549 pc=0x800001c0 opcode=0x02a686b3
retire_trace slot=0 cycle=5550 pc=0x800001c4 opcode=0x00460613
retire_trace slot=0 cycle=5551 pc=0x800001c8 opcode=0x00458593
retire_trace slot=0 cycle=5552 pc=0x800001cc opcode=0x00d70733
retire_trace slot=0 cycle=5553 pc=0x800001d0 opcode=0xfee7ae23
retire_trace slot=1 cycle=5553 pc=0x800001d4 opcode=0xfd079ee3
retire_trace slot=0 cycle=5556 pc=0x800001b0 opcode=0x00062683
retire_trace slot=0 cycle=5557 pc=0x800001b4 opcode=0x0005a503
retire_trace slot=0 cycle=5560 pc=0x800001b8 opcode=0x0007a703
retire_trace slot=1 cycle=5560 pc=0x800001bc opcode=0x00478793
retire_trace slot=0 cycle=5563 pc=0x800001c0 opcode=0x02a686b3
retire_trace slot=0 cycle=5564 pc=0x800001c4 opcode=0x00460613
retire_trace slot=0 cycle=5565 pc=0x800001c8 opcode=0x00458593
retire_trace slot=0 cycle=5566 pc=0x800001cc opcode=0x00d70733
retire_trace slot=0 cycle=5567 pc=0x800001d0 opcode=0xfee7ae23
retire_trace slot=1 cycle=5567 pc=0x800001d4 opcode=0xfd079ee3
retire_trace slot=0 cycle=5570 pc=0x800001b0 opcode=0x00062683
retire_trace slot=0 cycle=5571 pc=0x800001b4 opcode=0x0005a503
retire_trace slot=0 cycle=5574 pc=0x800001b8 opcode=0x0007a703
retire_trace slot=1 cycle=5574 pc=0x800001bc opcode=0x00478793
retire_trace slot=0 cycle=5577 pc=0x800001c0 opcode=0x02a686b3
retire_trace slot=0 cycle=5578 pc=0x800001c4 opcode=0x00460613
retire_trace slot=0 cycle=5579 pc=0x800001c8 opcode=0x00458593
retire_trace slot=0 cycle=5580 pc=0x800001cc opcode=0x00d70733
retire_trace slot=0 cycle=5581 pc=0x800001d0 opcode=0xfee7ae23
retire_trace slot=1 cycle=5581 pc=0x800001d4 opcode=0xfd079ee3
retire_trace slot=0 cycle=5584 pc=0x800001b0 opcode=0x00062683
retire_trace slot=0 cycle=5585 pc=0x800001b4 opcode=0x0005a503
retire_trace slot=0 cycle=5588 pc=0x800001b8 opcode=0x0007a703
retire_trace slot=1 cycle=5588 pc=0x800001bc opcode=0x00478793
retire_trace slot=0 cycle=5591 pc=0x800001c0 opcode=0x02a686b3
retire_trace slot=0 cycle=5592 pc=0x800001c4 opcode=0x00460613
retire_trace slot=0 cycle=5593 pc=0x800001c8 opcode=0x00458593
retire_trace slot=0 cycle=5594 pc=0x800001cc opcode=0x00d70733
retire_trace slot=0 cycle=5595 pc=0x800001d0 opcode=0xfee7ae23
retire_trace slot=1 cycle=5595 pc=0x800001d4 opcode=0xfd079ee3
retire_trace slot=0 cycle=5598 pc=0x800001b0 opcode=0x00062683
retire_trace slot=0 cycle=5599 pc=0x800001b4 opcode=0x0005a503
retire_trace slot=0 cycle=5602 pc=0x800001b8 opcode=0x0007a703
retire_trace slot=1 cycle=5602 pc=0x800001bc opcode=0x00478793
retire_trace slot=0 cycle=5605 pc=0x800001c0 opcode=0x02a686b3
retire_trace slot=0 cycle=5606 pc=0x800001c4 opcode=0x00460613
retire_trace slot=0 cycle=5607 pc=0x800001c8 opcode=0x00458593
retire_trace slot=0 cycle=5608 pc=0x800001cc opcode=0x00d70733
retire_trace slot=0 cycle=5609 pc=0x800001d0 opcode=0xfee7ae23
retire_trace slot=1 cycle=5609 pc=0x800001d4 opcode=0xfd079ee3
retire_trace slot=0 cycle=5612 pc=0x800001b0 opcode=0x00062683
retire_trace slot=0 cycle=5613 pc=0x800001b4 opcode=0x0005a503
retire_trace slot=0 cycle=5616 pc=0x800001b8 opcode=0x0007a703
retire_trace slot=1 cycle=5616 pc=0x800001bc opcode=0x00478793
retire_trace slot=0 cycle=5619 pc=0x800001c0 opcode=0x02a686b3
retire_trace slot=0 cycle=5620 pc=0x800001c4 opcode=0x00460613
retire_trace slot=0 cycle=5621 pc=0x800001c8 opcode=0x00458593
retire_trace slot=0 cycle=5622 pc=0x800001cc opcode=0x00d70733
retire_trace slot=0 cycle=5623 pc=0x800001d0 opcode=0xfee7ae23
retire_trace slot=1 cycle=5623 pc=0x800001d4 opcode=0xfd079ee3
retire_trace slot=0 cycle=5626 pc=0x800001b0 opcode=0x00062683
retire_trace slot=0 cycle=5627 pc=0x800001b4 opcode=0x0005a503
retire_trace slot=0 cycle=5630 pc=0x800001b8 opcode=0x0007a703
retire_trace slot=1 cycle=5630 pc=0x800001bc opcode=0x00478793
retire_trace slot=0 cycle=5633 pc=0x800001c0 opcode=0x02a686b3
retire_trace slot=0 cycle=5634 pc=0x800001c4 opcode=0x00460613
retire_trace slot=0 cycle=5635 pc=0x800001c8 opcode=0x00458593
retire_trace slot=0 cycle=5636 pc=0x800001cc opcode=0x00d70733
retire_trace slot=0 cycle=5637 pc=0x800001d0 opcode=0xfee7ae23
retire_trace slot=1 cycle=5637 pc=0x800001d4 opcode=0xfd079ee3
retire_trace slot=0 cycle=5640 pc=0x800001b0 opcode=0x00062683
retire_trace slot=0 cycle=5641 pc=0x800001b4 opcode=0x0005a503
retire_trace slot=0 cycle=5644 pc=0x800001b8 opcode=0x0007a703
retire_trace slot=1 cycle=5644 pc=0x800001bc opcode=0x00478793
retire_trace slot=0 cycle=5647 pc=0x800001c0 opcode=0x02a686b3
retire_trace slot=0 cycle=5648 pc=0x800001c4 opcode=0x00460613
retire_trace slot=0 cycle=5649 pc=0x800001c8 opcode=0x00458593
retire_trace slot=0 cycle=5650 pc=0x800001cc opcode=0x00d70733
retire_trace slot=0 cycle=5651 pc=0x800001d0 opcode=0xfee7ae23
retire_trace slot=1 cycle=5651 pc=0x800001d4 opcode=0xfd079ee3
retire_trace slot=0 cycle=5654 pc=0x800001b0 opcode=0x00062683
retire_trace slot=0 cycle=5655 pc=0x800001b4 opcode=0x0005a503
retire_trace slot=0 cycle=5658 pc=0x800001b8 opcode=0x0007a703
retire_trace slot=1 cycle=5658 pc=0x800001bc opcode=0x00478793
retire_trace slot=0 cycle=5661 pc=0x800001c0 opcode=0x02a686b3
retire_trace slot=0 cycle=5662 pc=0x800001c4 opcode=0x00460613
retire_trace slot=0 cycle=5663 pc=0x800001c8 opcode=0x00458593
retire_trace slot=0 cycle=5664 pc=0x800001cc opcode=0x00d70733
retire_trace slot=0 cycle=5665 pc=0x800001d0 opcode=0xfee7ae23
retire_trace slot=1 cycle=5665 pc=0x800001d4 opcode=0xfd079ee3
retire_trace slot=0 cycle=5668 pc=0x800001b0 opcode=0x00062683
retire_trace slot=0 cycle=5669 pc=0x800001b4 opcode=0x0005a503
retire_trace slot=0 cycle=5672 pc=0x800001b8 opcode=0x0007a703
retire_trace slot=1 cycle=5672 pc=0x800001bc opcode=0x00478793
retire_trace slot=0 cycle=5675 pc=0x800001c0 opcode=0x02a686b3
retire_trace slot=0 cycle=5676 pc=0x800001c4 opcode=0x00460613
retire_trace slot=0 cycle=5677 pc=0x800001c8 opcode=0x00458593
retire_trace slot=0 cycle=5678 pc=0x800001cc opcode=0x00d70733
retire_trace slot=0 cycle=5679 pc=0x800001d0 opcode=0xfee7ae23
retire_trace slot=1 cycle=5679 pc=0x800001d4 opcode=0xfd079ee3
retire_trace slot=0 cycle=5682 pc=0x800001b0 opcode=0x00062683
retire_trace slot=0 cycle=5683 pc=0x800001b4 opcode=0x0005a503
retire_trace slot=0 cycle=5686 pc=0x800001b8 opcode=0x0007a703
retire_trace slot=1 cycle=5686 pc=0x800001bc opcode=0x00478793
retire_trace slot=0 cycle=5689 pc=0x800001c0 opcode=0x02a686b3
retire_trace slot=0 cycle=5690 pc=0x800001c4 opcode=0x00460613
retire_trace slot=0 cycle=5691 pc=0x800001c8 opcode=0x00458593
retire_trace slot=0 cycle=5692 pc=0x800001cc opcode=0x00d70733
retire_trace slot=0 cycle=5693 pc=0x800001d0 opcode=0xfee7ae23
retire_trace slot=1 cycle=5693 pc=0x800001d4 opcode=0xfd079ee3
retire_trace slot=0 cycle=5696 pc=0x800001b0 opcode=0x00062683
retire_trace slot=0 cycle=5697 pc=0x800001b4 opcode=0x0005a503
retire_trace slot=0 cycle=5700 pc=0x800001b8 opcode=0x0007a703
retire_trace slot=1 cycle=5700 pc=0x800001bc opcode=0x00478793
retire_trace slot=0 cycle=5703 pc=0x800001c0 opcode=0x02a686b3
retire_trace slot=0 cycle=5704 pc=0x800001c4 opcode=0x00460613
retire_trace slot=0 cycle=5705 pc=0x800001c8 opcode=0x00458593
retire_trace slot=0 cycle=5706 pc=0x800001cc opcode=0x00d70733
retire_trace slot=0 cycle=5707 pc=0x800001d0 opcode=0xfee7ae23
retire_trace slot=1 cycle=5707 pc=0x800001d4 opcode=0xfd079ee3
retire_trace slot=0 cycle=5710 pc=0x800001b0 opcode=0x00062683
retire_trace slot=0 cycle=5711 pc=0x800001b4 opcode=0x0005a503
retire_trace slot=0 cycle=5714 pc=0x800001b8 opcode=0x0007a703
retire_trace slot=1 cycle=5714 pc=0x800001bc opcode=0x00478793
retire_trace slot=0 cycle=5717 pc=0x800001c0 opcode=0x02a686b3
retire_trace slot=0 cycle=5718 pc=0x800001c4 opcode=0x00460613
retire_trace slot=0 cycle=5719 pc=0x800001c8 opcode=0x00458593
retire_trace slot=0 cycle=5720 pc=0x800001cc opcode=0x00d70733
retire_trace slot=0 cycle=5721 pc=0x800001d0 opcode=0xfee7ae23
retire_trace slot=1 cycle=5721 pc=0x800001d4 opcode=0xfd079ee3
retire_trace slot=0 cycle=5724 pc=0x800001b0 opcode=0x00062683
retire_trace slot=0 cycle=5725 pc=0x800001b4 opcode=0x0005a503
retire_trace slot=0 cycle=5728 pc=0x800001b8 opcode=0x0007a703
retire_trace slot=1 cycle=5728 pc=0x800001bc opcode=0x00478793
retire_trace slot=0 cycle=5731 pc=0x800001c0 opcode=0x02a686b3
retire_trace slot=0 cycle=5732 pc=0x800001c4 opcode=0x00460613
retire_trace slot=0 cycle=5733 pc=0x800001c8 opcode=0x00458593
retire_trace slot=0 cycle=5734 pc=0x800001cc opcode=0x00d70733
retire_trace slot=0 cycle=5735 pc=0x800001d0 opcode=0xfee7ae23
retire_trace slot=1 cycle=5735 pc=0x800001d4 opcode=0xfd079ee3
retire_trace slot=0 cycle=5738 pc=0x800001d8 opcode=0x010e0e13
retire_trace slot=0 cycle=5739 pc=0x800001dc opcode=0x04030313
retire_trace slot=0 cycle=5740 pc=0x800001e0 opcode=0x040e8e93
retire_trace slot=1 cycle=5740 pc=0x800001e4 opcode=0xfdee10e3
retire_trace slot=0 cycle=5743 pc=0x800001a4 opcode=0x000e8593
retire_trace slot=0 cycle=5744 pc=0x800001a8 opcode=0x00030613
retire_trace slot=0 cycle=5745 pc=0x800001ac opcode=0x00088793
retire_trace slot=0 cycle=5746 pc=0x800001b0 opcode=0x00062683
retire_trace slot=0 cycle=5747 pc=0x800001b4 opcode=0x0005a503
retire_trace slot=0 cycle=5750 pc=0x800001b8 opcode=0x0007a703
retire_trace slot=1 cycle=5750 pc=0x800001bc opcode=0x00478793
retire_trace slot=0 cycle=5753 pc=0x800001c0 opcode=0x02a686b3
retire_trace slot=0 cycle=5754 pc=0x800001c4 opcode=0x00460613
retire_trace slot=0 cycle=5755 pc=0x800001c8 opcode=0x00458593
retire_trace slot=0 cycle=5756 pc=0x800001cc opcode=0x00d70733
retire_trace slot=0 cycle=5757 pc=0x800001d0 opcode=0xfee7ae23
retire_trace slot=1 cycle=5757 pc=0x800001d4 opcode=0xfd079ee3
retire_trace slot=0 cycle=5760 pc=0x800001b0 opcode=0x00062683
retire_trace slot=0 cycle=5761 pc=0x800001b4 opcode=0x0005a503
retire_trace slot=0 cycle=5764 pc=0x800001b8 opcode=0x0007a703
retire_trace slot=1 cycle=5764 pc=0x800001bc opcode=0x00478793
retire_trace slot=0 cycle=5767 pc=0x800001c0 opcode=0x02a686b3
retire_trace slot=0 cycle=5768 pc=0x800001c4 opcode=0x00460613
retire_trace slot=0 cycle=5769 pc=0x800001c8 opcode=0x00458593
retire_trace slot=0 cycle=5770 pc=0x800001cc opcode=0x00d70733
retire_trace slot=0 cycle=5771 pc=0x800001d0 opcode=0xfee7ae23
retire_trace slot=1 cycle=5771 pc=0x800001d4 opcode=0xfd079ee3
retire_trace slot=0 cycle=5774 pc=0x800001b0 opcode=0x00062683
retire_trace slot=0 cycle=5775 pc=0x800001b4 opcode=0x0005a503
retire_trace slot=0 cycle=5778 pc=0x800001b8 opcode=0x0007a703
retire_trace slot=1 cycle=5778 pc=0x800001bc opcode=0x00478793
retire_trace slot=0 cycle=5781 pc=0x800001c0 opcode=0x02a686b3
retire_trace slot=0 cycle=5782 pc=0x800001c4 opcode=0x00460613
retire_trace slot=0 cycle=5783 pc=0x800001c8 opcode=0x00458593
retire_trace slot=0 cycle=5784 pc=0x800001cc opcode=0x00d70733
retire_trace slot=0 cycle=5785 pc=0x800001d0 opcode=0xfee7ae23
retire_trace slot=1 cycle=5785 pc=0x800001d4 opcode=0xfd079ee3
retire_trace slot=0 cycle=5788 pc=0x800001b0 opcode=0x00062683
retire_trace slot=0 cycle=5789 pc=0x800001b4 opcode=0x0005a503
retire_trace slot=0 cycle=5792 pc=0x800001b8 opcode=0x0007a703
retire_trace slot=1 cycle=5792 pc=0x800001bc opcode=0x00478793
retire_trace slot=0 cycle=5795 pc=0x800001c0 opcode=0x02a686b3
retire_trace slot=0 cycle=5796 pc=0x800001c4 opcode=0x00460613
retire_trace slot=0 cycle=5797 pc=0x800001c8 opcode=0x00458593
retire_trace slot=0 cycle=5798 pc=0x800001cc opcode=0x00d70733
retire_trace slot=0 cycle=5799 pc=0x800001d0 opcode=0xfee7ae23
retire_trace slot=1 cycle=5799 pc=0x800001d4 opcode=0xfd079ee3
retire_trace slot=0 cycle=5802 pc=0x800001b0 opcode=0x00062683
retire_trace slot=0 cycle=5803 pc=0x800001b4 opcode=0x0005a503
retire_trace slot=0 cycle=5806 pc=0x800001b8 opcode=0x0007a703
retire_trace slot=1 cycle=5806 pc=0x800001bc opcode=0x00478793
retire_trace slot=0 cycle=5809 pc=0x800001c0 opcode=0x02a686b3
retire_trace slot=0 cycle=5810 pc=0x800001c4 opcode=0x00460613
retire_trace slot=0 cycle=5811 pc=0x800001c8 opcode=0x00458593
retire_trace slot=0 cycle=5812 pc=0x800001cc opcode=0x00d70733
retire_trace slot=0 cycle=5813 pc=0x800001d0 opcode=0xfee7ae23
retire_trace slot=1 cycle=5813 pc=0x800001d4 opcode=0xfd079ee3
retire_trace slot=0 cycle=5816 pc=0x800001b0 opcode=0x00062683
retire_trace slot=0 cycle=5817 pc=0x800001b4 opcode=0x0005a503
retire_trace slot=0 cycle=5820 pc=0x800001b8 opcode=0x0007a703
retire_trace slot=1 cycle=5820 pc=0x800001bc opcode=0x00478793
retire_trace slot=0 cycle=5823 pc=0x800001c0 opcode=0x02a686b3
retire_trace slot=0 cycle=5824 pc=0x800001c4 opcode=0x00460613
retire_trace slot=0 cycle=5825 pc=0x800001c8 opcode=0x00458593
retire_trace slot=0 cycle=5826 pc=0x800001cc opcode=0x00d70733
retire_trace slot=0 cycle=5827 pc=0x800001d0 opcode=0xfee7ae23
retire_trace slot=1 cycle=5827 pc=0x800001d4 opcode=0xfd079ee3
retire_trace slot=0 cycle=5830 pc=0x800001b0 opcode=0x00062683
retire_trace slot=0 cycle=5831 pc=0x800001b4 opcode=0x0005a503
retire_trace slot=0 cycle=5834 pc=0x800001b8 opcode=0x0007a703
retire_trace slot=1 cycle=5834 pc=0x800001bc opcode=0x00478793
retire_trace slot=0 cycle=5837 pc=0x800001c0 opcode=0x02a686b3
retire_trace slot=0 cycle=5838 pc=0x800001c4 opcode=0x00460613
retire_trace slot=0 cycle=5839 pc=0x800001c8 opcode=0x00458593
retire_trace slot=0 cycle=5840 pc=0x800001cc opcode=0x00d70733
retire_trace slot=0 cycle=5841 pc=0x800001d0 opcode=0xfee7ae23
retire_trace slot=1 cycle=5841 pc=0x800001d4 opcode=0xfd079ee3
retire_trace slot=0 cycle=5844 pc=0x800001b0 opcode=0x00062683
retire_trace slot=0 cycle=5845 pc=0x800001b4 opcode=0x0005a503
retire_trace slot=0 cycle=5848 pc=0x800001b8 opcode=0x0007a703
retire_trace slot=1 cycle=5848 pc=0x800001bc opcode=0x00478793
retire_trace slot=0 cycle=5851 pc=0x800001c0 opcode=0x02a686b3
retire_trace slot=0 cycle=5852 pc=0x800001c4 opcode=0x00460613
retire_trace slot=0 cycle=5853 pc=0x800001c8 opcode=0x00458593
retire_trace slot=0 cycle=5854 pc=0x800001cc opcode=0x00d70733
retire_trace slot=0 cycle=5855 pc=0x800001d0 opcode=0xfee7ae23
retire_trace slot=1 cycle=5855 pc=0x800001d4 opcode=0xfd079ee3
retire_trace slot=0 cycle=5858 pc=0x800001b0 opcode=0x00062683
retire_trace slot=0 cycle=5859 pc=0x800001b4 opcode=0x0005a503
retire_trace slot=0 cycle=5862 pc=0x800001b8 opcode=0x0007a703
retire_trace slot=1 cycle=5862 pc=0x800001bc opcode=0x00478793
retire_trace slot=0 cycle=5865 pc=0x800001c0 opcode=0x02a686b3
retire_trace slot=0 cycle=5866 pc=0x800001c4 opcode=0x00460613
retire_trace slot=0 cycle=5867 pc=0x800001c8 opcode=0x00458593
retire_trace slot=0 cycle=5868 pc=0x800001cc opcode=0x00d70733
retire_trace slot=0 cycle=5869 pc=0x800001d0 opcode=0xfee7ae23
retire_trace slot=1 cycle=5869 pc=0x800001d4 opcode=0xfd079ee3
retire_trace slot=0 cycle=5872 pc=0x800001b0 opcode=0x00062683
retire_trace slot=0 cycle=5873 pc=0x800001b4 opcode=0x0005a503
retire_trace slot=0 cycle=5876 pc=0x800001b8 opcode=0x0007a703
retire_trace slot=1 cycle=5876 pc=0x800001bc opcode=0x00478793
retire_trace slot=0 cycle=5879 pc=0x800001c0 opcode=0x02a686b3
retire_trace slot=0 cycle=5880 pc=0x800001c4 opcode=0x00460613
retire_trace slot=0 cycle=5881 pc=0x800001c8 opcode=0x00458593
retire_trace slot=0 cycle=5882 pc=0x800001cc opcode=0x00d70733
retire_trace slot=0 cycle=5883 pc=0x800001d0 opcode=0xfee7ae23
retire_trace slot=1 cycle=5883 pc=0x800001d4 opcode=0xfd079ee3
retire_trace slot=0 cycle=5886 pc=0x800001b0 opcode=0x00062683
retire_trace slot=0 cycle=5887 pc=0x800001b4 opcode=0x0005a503
retire_trace slot=0 cycle=5890 pc=0x800001b8 opcode=0x0007a703
retire_trace slot=1 cycle=5890 pc=0x800001bc opcode=0x00478793
retire_trace slot=0 cycle=5893 pc=0x800001c0 opcode=0x02a686b3
retire_trace slot=0 cycle=5894 pc=0x800001c4 opcode=0x00460613
retire_trace slot=0 cycle=5895 pc=0x800001c8 opcode=0x00458593
retire_trace slot=0 cycle=5896 pc=0x800001cc opcode=0x00d70733
retire_trace slot=0 cycle=5897 pc=0x800001d0 opcode=0xfee7ae23
retire_trace slot=1 cycle=5897 pc=0x800001d4 opcode=0xfd079ee3
retire_trace slot=0 cycle=5900 pc=0x800001b0 opcode=0x00062683
retire_trace slot=0 cycle=5901 pc=0x800001b4 opcode=0x0005a503
retire_trace slot=0 cycle=5904 pc=0x800001b8 opcode=0x0007a703
retire_trace slot=1 cycle=5904 pc=0x800001bc opcode=0x00478793
retire_trace slot=0 cycle=5907 pc=0x800001c0 opcode=0x02a686b3
retire_trace slot=0 cycle=5908 pc=0x800001c4 opcode=0x00460613
retire_trace slot=0 cycle=5909 pc=0x800001c8 opcode=0x00458593
retire_trace slot=0 cycle=5910 pc=0x800001cc opcode=0x00d70733
retire_trace slot=0 cycle=5911 pc=0x800001d0 opcode=0xfee7ae23
retire_trace slot=1 cycle=5911 pc=0x800001d4 opcode=0xfd079ee3
retire_trace slot=0 cycle=5914 pc=0x800001b0 opcode=0x00062683
retire_trace slot=0 cycle=5915 pc=0x800001b4 opcode=0x0005a503
retire_trace slot=0 cycle=5918 pc=0x800001b8 opcode=0x0007a703
retire_trace slot=1 cycle=5918 pc=0x800001bc opcode=0x00478793
retire_trace slot=0 cycle=5921 pc=0x800001c0 opcode=0x02a686b3
retire_trace slot=0 cycle=5922 pc=0x800001c4 opcode=0x00460613
retire_trace slot=0 cycle=5923 pc=0x800001c8 opcode=0x00458593
retire_trace slot=0 cycle=5924 pc=0x800001cc opcode=0x00d70733
retire_trace slot=0 cycle=5925 pc=0x800001d0 opcode=0xfee7ae23
retire_trace slot=1 cycle=5925 pc=0x800001d4 opcode=0xfd079ee3
retire_trace slot=0 cycle=5928 pc=0x800001b0 opcode=0x00062683
retire_trace slot=0 cycle=5929 pc=0x800001b4 opcode=0x0005a503
retire_trace slot=0 cycle=5932 pc=0x800001b8 opcode=0x0007a703
retire_trace slot=1 cycle=5932 pc=0x800001bc opcode=0x00478793
retire_trace slot=0 cycle=5935 pc=0x800001c0 opcode=0x02a686b3
retire_trace slot=0 cycle=5936 pc=0x800001c4 opcode=0x00460613
retire_trace slot=0 cycle=5937 pc=0x800001c8 opcode=0x00458593
retire_trace slot=0 cycle=5938 pc=0x800001cc opcode=0x00d70733
retire_trace slot=0 cycle=5939 pc=0x800001d0 opcode=0xfee7ae23
retire_trace slot=1 cycle=5939 pc=0x800001d4 opcode=0xfd079ee3
retire_trace slot=0 cycle=5942 pc=0x800001b0 opcode=0x00062683
retire_trace slot=0 cycle=5943 pc=0x800001b4 opcode=0x0005a503
retire_trace slot=0 cycle=5946 pc=0x800001b8 opcode=0x0007a703
retire_trace slot=1 cycle=5946 pc=0x800001bc opcode=0x00478793
retire_trace slot=0 cycle=5949 pc=0x800001c0 opcode=0x02a686b3
retire_trace slot=0 cycle=5950 pc=0x800001c4 opcode=0x00460613
retire_trace slot=0 cycle=5951 pc=0x800001c8 opcode=0x00458593
retire_trace slot=0 cycle=5952 pc=0x800001cc opcode=0x00d70733
retire_trace slot=0 cycle=5953 pc=0x800001d0 opcode=0xfee7ae23
retire_trace slot=1 cycle=5953 pc=0x800001d4 opcode=0xfd079ee3
retire_trace slot=0 cycle=5956 pc=0x800001b0 opcode=0x00062683
retire_trace slot=0 cycle=5957 pc=0x800001b4 opcode=0x0005a503
retire_trace slot=0 cycle=5960 pc=0x800001b8 opcode=0x0007a703
retire_trace slot=1 cycle=5960 pc=0x800001bc opcode=0x00478793
retire_trace slot=0 cycle=5963 pc=0x800001c0 opcode=0x02a686b3
retire_trace slot=0 cycle=5964 pc=0x800001c4 opcode=0x00460613
retire_trace slot=0 cycle=5965 pc=0x800001c8 opcode=0x00458593
retire_trace slot=0 cycle=5966 pc=0x800001cc opcode=0x00d70733
retire_trace slot=0 cycle=5967 pc=0x800001d0 opcode=0xfee7ae23
retire_trace slot=1 cycle=5967 pc=0x800001d4 opcode=0xfd079ee3
retire_trace slot=0 cycle=5970 pc=0x800001d8 opcode=0x010e0e13
retire_trace slot=0 cycle=5971 pc=0x800001dc opcode=0x04030313
retire_trace slot=0 cycle=5972 pc=0x800001e0 opcode=0x040e8e93
retire_trace slot=1 cycle=5972 pc=0x800001e4 opcode=0xfdee10e3
retire_trace slot=0 cycle=5975 pc=0x800001a4 opcode=0x000e8593
retire_trace slot=0 cycle=5976 pc=0x800001a8 opcode=0x00030613
retire_trace slot=0 cycle=5977 pc=0x800001ac opcode=0x00088793
retire_trace slot=0 cycle=5978 pc=0x800001b0 opcode=0x00062683
retire_trace slot=0 cycle=5979 pc=0x800001b4 opcode=0x0005a503
retire_trace slot=0 cycle=5982 pc=0x800001b8 opcode=0x0007a703
retire_trace slot=1 cycle=5982 pc=0x800001bc opcode=0x00478793
retire_trace slot=0 cycle=5985 pc=0x800001c0 opcode=0x02a686b3
retire_trace slot=0 cycle=5986 pc=0x800001c4 opcode=0x00460613
retire_trace slot=0 cycle=5987 pc=0x800001c8 opcode=0x00458593
retire_trace slot=0 cycle=5988 pc=0x800001cc opcode=0x00d70733
retire_trace slot=0 cycle=5989 pc=0x800001d0 opcode=0xfee7ae23
retire_trace slot=1 cycle=5989 pc=0x800001d4 opcode=0xfd079ee3
retire_trace slot=0 cycle=5992 pc=0x800001b0 opcode=0x00062683
retire_trace slot=0 cycle=5993 pc=0x800001b4 opcode=0x0005a503
retire_trace slot=0 cycle=5996 pc=0x800001b8 opcode=0x0007a703
retire_trace slot=1 cycle=5996 pc=0x800001bc opcode=0x00478793
retire_trace slot=0 cycle=5999 pc=0x800001c0 opcode=0x02a686b3
retire_trace slot=0 cycle=6000 pc=0x800001c4 opcode=0x00460613
retire_trace slot=0 cycle=6001 pc=0x800001c8 opcode=0x00458593
retire_trace slot=0 cycle=6002 pc=0x800001cc opcode=0x00d70733
retire_trace slot=0 cycle=6003 pc=0x800001d0 opcode=0xfee7ae23
retire_trace slot=1 cycle=6003 pc=0x800001d4 opcode=0xfd079ee3
retire_trace slot=0 cycle=6006 pc=0x800001b0 opcode=0x00062683
retire_trace slot=0 cycle=6007 pc=0x800001b4 opcode=0x0005a503
retire_trace slot=0 cycle=6010 pc=0x800001b8 opcode=0x0007a703
retire_trace slot=1 cycle=6010 pc=0x800001bc opcode=0x00478793
retire_trace slot=0 cycle=6013 pc=0x800001c0 opcode=0x02a686b3
retire_trace slot=0 cycle=6014 pc=0x800001c4 opcode=0x00460613
retire_trace slot=0 cycle=6015 pc=0x800001c8 opcode=0x00458593
retire_trace slot=0 cycle=6016 pc=0x800001cc opcode=0x00d70733
retire_trace slot=0 cycle=6017 pc=0x800001d0 opcode=0xfee7ae23
retire_trace slot=1 cycle=6017 pc=0x800001d4 opcode=0xfd079ee3
retire_trace slot=0 cycle=6020 pc=0x800001b0 opcode=0x00062683
retire_trace slot=0 cycle=6021 pc=0x800001b4 opcode=0x0005a503
retire_trace slot=0 cycle=6024 pc=0x800001b8 opcode=0x0007a703
retire_trace slot=1 cycle=6024 pc=0x800001bc opcode=0x00478793
retire_trace slot=0 cycle=6027 pc=0x800001c0 opcode=0x02a686b3
retire_trace slot=0 cycle=6028 pc=0x800001c4 opcode=0x00460613
retire_trace slot=0 cycle=6029 pc=0x800001c8 opcode=0x00458593
retire_trace slot=0 cycle=6030 pc=0x800001cc opcode=0x00d70733
retire_trace slot=0 cycle=6031 pc=0x800001d0 opcode=0xfee7ae23
retire_trace slot=1 cycle=6031 pc=0x800001d4 opcode=0xfd079ee3
retire_trace slot=0 cycle=6034 pc=0x800001b0 opcode=0x00062683
retire_trace slot=0 cycle=6035 pc=0x800001b4 opcode=0x0005a503
retire_trace slot=0 cycle=6038 pc=0x800001b8 opcode=0x0007a703
retire_trace slot=1 cycle=6038 pc=0x800001bc opcode=0x00478793
retire_trace slot=0 cycle=6041 pc=0x800001c0 opcode=0x02a686b3
retire_trace slot=0 cycle=6042 pc=0x800001c4 opcode=0x00460613
retire_trace slot=0 cycle=6043 pc=0x800001c8 opcode=0x00458593
retire_trace slot=0 cycle=6044 pc=0x800001cc opcode=0x00d70733
retire_trace slot=0 cycle=6045 pc=0x800001d0 opcode=0xfee7ae23
retire_trace slot=1 cycle=6045 pc=0x800001d4 opcode=0xfd079ee3
retire_trace slot=0 cycle=6048 pc=0x800001b0 opcode=0x00062683
retire_trace slot=0 cycle=6049 pc=0x800001b4 opcode=0x0005a503
retire_trace slot=0 cycle=6052 pc=0x800001b8 opcode=0x0007a703
retire_trace slot=1 cycle=6052 pc=0x800001bc opcode=0x00478793
retire_trace slot=0 cycle=6055 pc=0x800001c0 opcode=0x02a686b3
retire_trace slot=0 cycle=6056 pc=0x800001c4 opcode=0x00460613
retire_trace slot=0 cycle=6057 pc=0x800001c8 opcode=0x00458593
retire_trace slot=0 cycle=6058 pc=0x800001cc opcode=0x00d70733
retire_trace slot=0 cycle=6059 pc=0x800001d0 opcode=0xfee7ae23
retire_trace slot=1 cycle=6059 pc=0x800001d4 opcode=0xfd079ee3
retire_trace slot=0 cycle=6062 pc=0x800001b0 opcode=0x00062683
retire_trace slot=0 cycle=6063 pc=0x800001b4 opcode=0x0005a503
retire_trace slot=0 cycle=6066 pc=0x800001b8 opcode=0x0007a703
retire_trace slot=1 cycle=6066 pc=0x800001bc opcode=0x00478793
retire_trace slot=0 cycle=6069 pc=0x800001c0 opcode=0x02a686b3
retire_trace slot=0 cycle=6070 pc=0x800001c4 opcode=0x00460613
retire_trace slot=0 cycle=6071 pc=0x800001c8 opcode=0x00458593
retire_trace slot=0 cycle=6072 pc=0x800001cc opcode=0x00d70733
retire_trace slot=0 cycle=6073 pc=0x800001d0 opcode=0xfee7ae23
retire_trace slot=1 cycle=6073 pc=0x800001d4 opcode=0xfd079ee3
retire_trace slot=0 cycle=6076 pc=0x800001b0 opcode=0x00062683
retire_trace slot=0 cycle=6077 pc=0x800001b4 opcode=0x0005a503
retire_trace slot=0 cycle=6080 pc=0x800001b8 opcode=0x0007a703
retire_trace slot=1 cycle=6080 pc=0x800001bc opcode=0x00478793
retire_trace slot=0 cycle=6083 pc=0x800001c0 opcode=0x02a686b3
retire_trace slot=0 cycle=6084 pc=0x800001c4 opcode=0x00460613
retire_trace slot=0 cycle=6085 pc=0x800001c8 opcode=0x00458593
retire_trace slot=0 cycle=6086 pc=0x800001cc opcode=0x00d70733
retire_trace slot=0 cycle=6087 pc=0x800001d0 opcode=0xfee7ae23
retire_trace slot=1 cycle=6087 pc=0x800001d4 opcode=0xfd079ee3
retire_trace slot=0 cycle=6090 pc=0x800001b0 opcode=0x00062683
retire_trace slot=0 cycle=6091 pc=0x800001b4 opcode=0x0005a503
retire_trace slot=0 cycle=6094 pc=0x800001b8 opcode=0x0007a703
retire_trace slot=1 cycle=6094 pc=0x800001bc opcode=0x00478793
retire_trace slot=0 cycle=6097 pc=0x800001c0 opcode=0x02a686b3
retire_trace slot=0 cycle=6098 pc=0x800001c4 opcode=0x00460613
retire_trace slot=0 cycle=6099 pc=0x800001c8 opcode=0x00458593
retire_trace slot=0 cycle=6100 pc=0x800001cc opcode=0x00d70733
retire_trace slot=0 cycle=6101 pc=0x800001d0 opcode=0xfee7ae23
retire_trace slot=1 cycle=6101 pc=0x800001d4 opcode=0xfd079ee3
retire_trace slot=0 cycle=6104 pc=0x800001b0 opcode=0x00062683
retire_trace slot=0 cycle=6105 pc=0x800001b4 opcode=0x0005a503
retire_trace slot=0 cycle=6108 pc=0x800001b8 opcode=0x0007a703
retire_trace slot=1 cycle=6108 pc=0x800001bc opcode=0x00478793
retire_trace slot=0 cycle=6111 pc=0x800001c0 opcode=0x02a686b3
retire_trace slot=0 cycle=6112 pc=0x800001c4 opcode=0x00460613
retire_trace slot=0 cycle=6113 pc=0x800001c8 opcode=0x00458593
retire_trace slot=0 cycle=6114 pc=0x800001cc opcode=0x00d70733
retire_trace slot=0 cycle=6115 pc=0x800001d0 opcode=0xfee7ae23
retire_trace slot=1 cycle=6115 pc=0x800001d4 opcode=0xfd079ee3
retire_trace slot=0 cycle=6118 pc=0x800001b0 opcode=0x00062683
retire_trace slot=0 cycle=6119 pc=0x800001b4 opcode=0x0005a503
retire_trace slot=0 cycle=6122 pc=0x800001b8 opcode=0x0007a703
retire_trace slot=1 cycle=6122 pc=0x800001bc opcode=0x00478793
retire_trace slot=0 cycle=6125 pc=0x800001c0 opcode=0x02a686b3
retire_trace slot=0 cycle=6126 pc=0x800001c4 opcode=0x00460613
retire_trace slot=0 cycle=6127 pc=0x800001c8 opcode=0x00458593
retire_trace slot=0 cycle=6128 pc=0x800001cc opcode=0x00d70733
retire_trace slot=0 cycle=6129 pc=0x800001d0 opcode=0xfee7ae23
retire_trace slot=1 cycle=6129 pc=0x800001d4 opcode=0xfd079ee3
retire_trace slot=0 cycle=6132 pc=0x800001b0 opcode=0x00062683
retire_trace slot=0 cycle=6133 pc=0x800001b4 opcode=0x0005a503
retire_trace slot=0 cycle=6136 pc=0x800001b8 opcode=0x0007a703
retire_trace slot=1 cycle=6136 pc=0x800001bc opcode=0x00478793
retire_trace slot=0 cycle=6139 pc=0x800001c0 opcode=0x02a686b3
retire_trace slot=0 cycle=6140 pc=0x800001c4 opcode=0x00460613
retire_trace slot=0 cycle=6141 pc=0x800001c8 opcode=0x00458593
retire_trace slot=0 cycle=6142 pc=0x800001cc opcode=0x00d70733
retire_trace slot=0 cycle=6143 pc=0x800001d0 opcode=0xfee7ae23
retire_trace slot=1 cycle=6143 pc=0x800001d4 opcode=0xfd079ee3
retire_trace slot=0 cycle=6146 pc=0x800001b0 opcode=0x00062683
retire_trace slot=0 cycle=6147 pc=0x800001b4 opcode=0x0005a503
retire_trace slot=0 cycle=6150 pc=0x800001b8 opcode=0x0007a703
retire_trace slot=1 cycle=6150 pc=0x800001bc opcode=0x00478793
retire_trace slot=0 cycle=6153 pc=0x800001c0 opcode=0x02a686b3
retire_trace slot=0 cycle=6154 pc=0x800001c4 opcode=0x00460613
retire_trace slot=0 cycle=6155 pc=0x800001c8 opcode=0x00458593
retire_trace slot=0 cycle=6156 pc=0x800001cc opcode=0x00d70733
retire_trace slot=0 cycle=6157 pc=0x800001d0 opcode=0xfee7ae23
retire_trace slot=1 cycle=6157 pc=0x800001d4 opcode=0xfd079ee3
retire_trace slot=0 cycle=6160 pc=0x800001b0 opcode=0x00062683
retire_trace slot=0 cycle=6161 pc=0x800001b4 opcode=0x0005a503
retire_trace slot=0 cycle=6164 pc=0x800001b8 opcode=0x0007a703
retire_trace slot=1 cycle=6164 pc=0x800001bc opcode=0x00478793
retire_trace slot=0 cycle=6167 pc=0x800001c0 opcode=0x02a686b3
retire_trace slot=0 cycle=6168 pc=0x800001c4 opcode=0x00460613
retire_trace slot=0 cycle=6169 pc=0x800001c8 opcode=0x00458593
retire_trace slot=0 cycle=6170 pc=0x800001cc opcode=0x00d70733
retire_trace slot=0 cycle=6171 pc=0x800001d0 opcode=0xfee7ae23
retire_trace slot=1 cycle=6171 pc=0x800001d4 opcode=0xfd079ee3
retire_trace slot=0 cycle=6174 pc=0x800001b0 opcode=0x00062683
retire_trace slot=0 cycle=6175 pc=0x800001b4 opcode=0x0005a503
retire_trace slot=0 cycle=6178 pc=0x800001b8 opcode=0x0007a703
retire_trace slot=1 cycle=6178 pc=0x800001bc opcode=0x00478793
retire_trace slot=0 cycle=6181 pc=0x800001c0 opcode=0x02a686b3
retire_trace slot=0 cycle=6182 pc=0x800001c4 opcode=0x00460613
retire_trace slot=0 cycle=6183 pc=0x800001c8 opcode=0x00458593
retire_trace slot=0 cycle=6184 pc=0x800001cc opcode=0x00d70733
retire_trace slot=0 cycle=6185 pc=0x800001d0 opcode=0xfee7ae23
retire_trace slot=1 cycle=6185 pc=0x800001d4 opcode=0xfd079ee3
retire_trace slot=0 cycle=6188 pc=0x800001b0 opcode=0x00062683
retire_trace slot=0 cycle=6189 pc=0x800001b4 opcode=0x0005a503
retire_trace slot=0 cycle=6192 pc=0x800001b8 opcode=0x0007a703
retire_trace slot=1 cycle=6192 pc=0x800001bc opcode=0x00478793
retire_trace slot=0 cycle=6195 pc=0x800001c0 opcode=0x02a686b3
retire_trace slot=0 cycle=6196 pc=0x800001c4 opcode=0x00460613
retire_trace slot=0 cycle=6197 pc=0x800001c8 opcode=0x00458593
retire_trace slot=0 cycle=6198 pc=0x800001cc opcode=0x00d70733
retire_trace slot=0 cycle=6199 pc=0x800001d0 opcode=0xfee7ae23
retire_trace slot=1 cycle=6199 pc=0x800001d4 opcode=0xfd079ee3
retire_trace slot=0 cycle=6202 pc=0x800001d8 opcode=0x010e0e13
retire_trace slot=0 cycle=6203 pc=0x800001dc opcode=0x04030313
retire_trace slot=0 cycle=6204 pc=0x800001e0 opcode=0x040e8e93
retire_trace slot=1 cycle=6204 pc=0x800001e4 opcode=0xfdee10e3
retire_trace slot=0 cycle=6207 pc=0x800001a4 opcode=0x000e8593
retire_trace slot=0 cycle=6208 pc=0x800001a8 opcode=0x00030613
retire_trace slot=0 cycle=6209 pc=0x800001ac opcode=0x00088793
retire_trace slot=0 cycle=6210 pc=0x800001b0 opcode=0x00062683
retire_trace slot=0 cycle=6211 pc=0x800001b4 opcode=0x0005a503
retire_trace slot=0 cycle=6214 pc=0x800001b8 opcode=0x0007a703
retire_trace slot=1 cycle=6214 pc=0x800001bc opcode=0x00478793
retire_trace slot=0 cycle=6217 pc=0x800001c0 opcode=0x02a686b3
retire_trace slot=0 cycle=6218 pc=0x800001c4 opcode=0x00460613
retire_trace slot=0 cycle=6219 pc=0x800001c8 opcode=0x00458593
retire_trace slot=0 cycle=6220 pc=0x800001cc opcode=0x00d70733
retire_trace slot=0 cycle=6221 pc=0x800001d0 opcode=0xfee7ae23
retire_trace slot=1 cycle=6221 pc=0x800001d4 opcode=0xfd079ee3
retire_trace slot=0 cycle=6224 pc=0x800001b0 opcode=0x00062683
retire_trace slot=0 cycle=6225 pc=0x800001b4 opcode=0x0005a503
retire_trace slot=0 cycle=6228 pc=0x800001b8 opcode=0x0007a703
retire_trace slot=1 cycle=6228 pc=0x800001bc opcode=0x00478793
retire_trace slot=0 cycle=6231 pc=0x800001c0 opcode=0x02a686b3
retire_trace slot=0 cycle=6232 pc=0x800001c4 opcode=0x00460613
retire_trace slot=0 cycle=6233 pc=0x800001c8 opcode=0x00458593
retire_trace slot=0 cycle=6234 pc=0x800001cc opcode=0x00d70733
retire_trace slot=0 cycle=6235 pc=0x800001d0 opcode=0xfee7ae23
retire_trace slot=1 cycle=6235 pc=0x800001d4 opcode=0xfd079ee3
retire_trace slot=0 cycle=6238 pc=0x800001b0 opcode=0x00062683
retire_trace slot=0 cycle=6239 pc=0x800001b4 opcode=0x0005a503
retire_trace slot=0 cycle=6242 pc=0x800001b8 opcode=0x0007a703
retire_trace slot=1 cycle=6242 pc=0x800001bc opcode=0x00478793
retire_trace slot=0 cycle=6245 pc=0x800001c0 opcode=0x02a686b3
retire_trace slot=0 cycle=6246 pc=0x800001c4 opcode=0x00460613
retire_trace slot=0 cycle=6247 pc=0x800001c8 opcode=0x00458593
retire_trace slot=0 cycle=6248 pc=0x800001cc opcode=0x00d70733
retire_trace slot=0 cycle=6249 pc=0x800001d0 opcode=0xfee7ae23
retire_trace slot=1 cycle=6249 pc=0x800001d4 opcode=0xfd079ee3
retire_trace slot=0 cycle=6252 pc=0x800001b0 opcode=0x00062683
retire_trace slot=0 cycle=6253 pc=0x800001b4 opcode=0x0005a503
retire_trace slot=0 cycle=6256 pc=0x800001b8 opcode=0x0007a703
retire_trace slot=1 cycle=6256 pc=0x800001bc opcode=0x00478793
retire_trace slot=0 cycle=6259 pc=0x800001c0 opcode=0x02a686b3
retire_trace slot=0 cycle=6260 pc=0x800001c4 opcode=0x00460613
retire_trace slot=0 cycle=6261 pc=0x800001c8 opcode=0x00458593
retire_trace slot=0 cycle=6262 pc=0x800001cc opcode=0x00d70733
retire_trace slot=0 cycle=6263 pc=0x800001d0 opcode=0xfee7ae23
retire_trace slot=1 cycle=6263 pc=0x800001d4 opcode=0xfd079ee3
retire_trace slot=0 cycle=6266 pc=0x800001b0 opcode=0x00062683
retire_trace slot=0 cycle=6267 pc=0x800001b4 opcode=0x0005a503
retire_trace slot=0 cycle=6270 pc=0x800001b8 opcode=0x0007a703
retire_trace slot=1 cycle=6270 pc=0x800001bc opcode=0x00478793
retire_trace slot=0 cycle=6273 pc=0x800001c0 opcode=0x02a686b3
retire_trace slot=0 cycle=6274 pc=0x800001c4 opcode=0x00460613
retire_trace slot=0 cycle=6275 pc=0x800001c8 opcode=0x00458593
retire_trace slot=0 cycle=6276 pc=0x800001cc opcode=0x00d70733
retire_trace slot=0 cycle=6277 pc=0x800001d0 opcode=0xfee7ae23
retire_trace slot=1 cycle=6277 pc=0x800001d4 opcode=0xfd079ee3
retire_trace slot=0 cycle=6280 pc=0x800001b0 opcode=0x00062683
retire_trace slot=0 cycle=6281 pc=0x800001b4 opcode=0x0005a503
retire_trace slot=0 cycle=6284 pc=0x800001b8 opcode=0x0007a703
retire_trace slot=1 cycle=6284 pc=0x800001bc opcode=0x00478793
retire_trace slot=0 cycle=6287 pc=0x800001c0 opcode=0x02a686b3
retire_trace slot=0 cycle=6288 pc=0x800001c4 opcode=0x00460613
retire_trace slot=0 cycle=6289 pc=0x800001c8 opcode=0x00458593
retire_trace slot=0 cycle=6290 pc=0x800001cc opcode=0x00d70733
retire_trace slot=0 cycle=6291 pc=0x800001d0 opcode=0xfee7ae23
retire_trace slot=1 cycle=6291 pc=0x800001d4 opcode=0xfd079ee3
retire_trace slot=0 cycle=6294 pc=0x800001b0 opcode=0x00062683
retire_trace slot=0 cycle=6295 pc=0x800001b4 opcode=0x0005a503
retire_trace slot=0 cycle=6298 pc=0x800001b8 opcode=0x0007a703
retire_trace slot=1 cycle=6298 pc=0x800001bc opcode=0x00478793
retire_trace slot=0 cycle=6301 pc=0x800001c0 opcode=0x02a686b3
retire_trace slot=0 cycle=6302 pc=0x800001c4 opcode=0x00460613
retire_trace slot=0 cycle=6303 pc=0x800001c8 opcode=0x00458593
retire_trace slot=0 cycle=6304 pc=0x800001cc opcode=0x00d70733
retire_trace slot=0 cycle=6305 pc=0x800001d0 opcode=0xfee7ae23
retire_trace slot=1 cycle=6305 pc=0x800001d4 opcode=0xfd079ee3
retire_trace slot=0 cycle=6308 pc=0x800001b0 opcode=0x00062683
retire_trace slot=0 cycle=6309 pc=0x800001b4 opcode=0x0005a503
retire_trace slot=0 cycle=6312 pc=0x800001b8 opcode=0x0007a703
retire_trace slot=1 cycle=6312 pc=0x800001bc opcode=0x00478793
retire_trace slot=0 cycle=6315 pc=0x800001c0 opcode=0x02a686b3
retire_trace slot=0 cycle=6316 pc=0x800001c4 opcode=0x00460613
retire_trace slot=0 cycle=6317 pc=0x800001c8 opcode=0x00458593
retire_trace slot=0 cycle=6318 pc=0x800001cc opcode=0x00d70733
retire_trace slot=0 cycle=6319 pc=0x800001d0 opcode=0xfee7ae23
retire_trace slot=1 cycle=6319 pc=0x800001d4 opcode=0xfd079ee3
retire_trace slot=0 cycle=6322 pc=0x800001b0 opcode=0x00062683
retire_trace slot=0 cycle=6323 pc=0x800001b4 opcode=0x0005a503
retire_trace slot=0 cycle=6326 pc=0x800001b8 opcode=0x0007a703
retire_trace slot=1 cycle=6326 pc=0x800001bc opcode=0x00478793
retire_trace slot=0 cycle=6329 pc=0x800001c0 opcode=0x02a686b3
retire_trace slot=0 cycle=6330 pc=0x800001c4 opcode=0x00460613
retire_trace slot=0 cycle=6331 pc=0x800001c8 opcode=0x00458593
retire_trace slot=0 cycle=6332 pc=0x800001cc opcode=0x00d70733
retire_trace slot=0 cycle=6333 pc=0x800001d0 opcode=0xfee7ae23
retire_trace slot=1 cycle=6333 pc=0x800001d4 opcode=0xfd079ee3
retire_trace slot=0 cycle=6336 pc=0x800001b0 opcode=0x00062683
retire_trace slot=0 cycle=6337 pc=0x800001b4 opcode=0x0005a503
retire_trace slot=0 cycle=6340 pc=0x800001b8 opcode=0x0007a703
retire_trace slot=1 cycle=6340 pc=0x800001bc opcode=0x00478793
retire_trace slot=0 cycle=6343 pc=0x800001c0 opcode=0x02a686b3
retire_trace slot=0 cycle=6344 pc=0x800001c4 opcode=0x00460613
retire_trace slot=0 cycle=6345 pc=0x800001c8 opcode=0x00458593
retire_trace slot=0 cycle=6346 pc=0x800001cc opcode=0x00d70733
retire_trace slot=0 cycle=6347 pc=0x800001d0 opcode=0xfee7ae23
retire_trace slot=1 cycle=6347 pc=0x800001d4 opcode=0xfd079ee3
retire_trace slot=0 cycle=6350 pc=0x800001b0 opcode=0x00062683
retire_trace slot=0 cycle=6351 pc=0x800001b4 opcode=0x0005a503
retire_trace slot=0 cycle=6354 pc=0x800001b8 opcode=0x0007a703
retire_trace slot=1 cycle=6354 pc=0x800001bc opcode=0x00478793
retire_trace slot=0 cycle=6357 pc=0x800001c0 opcode=0x02a686b3
retire_trace slot=0 cycle=6358 pc=0x800001c4 opcode=0x00460613
retire_trace slot=0 cycle=6359 pc=0x800001c8 opcode=0x00458593
retire_trace slot=0 cycle=6360 pc=0x800001cc opcode=0x00d70733
retire_trace slot=0 cycle=6361 pc=0x800001d0 opcode=0xfee7ae23
retire_trace slot=1 cycle=6361 pc=0x800001d4 opcode=0xfd079ee3
retire_trace slot=0 cycle=6364 pc=0x800001b0 opcode=0x00062683
retire_trace slot=0 cycle=6365 pc=0x800001b4 opcode=0x0005a503
retire_trace slot=0 cycle=6368 pc=0x800001b8 opcode=0x0007a703
retire_trace slot=1 cycle=6368 pc=0x800001bc opcode=0x00478793
retire_trace slot=0 cycle=6371 pc=0x800001c0 opcode=0x02a686b3
retire_trace slot=0 cycle=6372 pc=0x800001c4 opcode=0x00460613
retire_trace slot=0 cycle=6373 pc=0x800001c8 opcode=0x00458593
retire_trace slot=0 cycle=6374 pc=0x800001cc opcode=0x00d70733
retire_trace slot=0 cycle=6375 pc=0x800001d0 opcode=0xfee7ae23
retire_trace slot=1 cycle=6375 pc=0x800001d4 opcode=0xfd079ee3
retire_trace slot=0 cycle=6378 pc=0x800001b0 opcode=0x00062683
retire_trace slot=0 cycle=6379 pc=0x800001b4 opcode=0x0005a503
retire_trace slot=0 cycle=6382 pc=0x800001b8 opcode=0x0007a703
retire_trace slot=1 cycle=6382 pc=0x800001bc opcode=0x00478793
retire_trace slot=0 cycle=6385 pc=0x800001c0 opcode=0x02a686b3
retire_trace slot=0 cycle=6386 pc=0x800001c4 opcode=0x00460613
retire_trace slot=0 cycle=6387 pc=0x800001c8 opcode=0x00458593
retire_trace slot=0 cycle=6388 pc=0x800001cc opcode=0x00d70733
retire_trace slot=0 cycle=6389 pc=0x800001d0 opcode=0xfee7ae23
retire_trace slot=1 cycle=6389 pc=0x800001d4 opcode=0xfd079ee3
retire_trace slot=0 cycle=6392 pc=0x800001b0 opcode=0x00062683
retire_trace slot=0 cycle=6393 pc=0x800001b4 opcode=0x0005a503
retire_trace slot=0 cycle=6396 pc=0x800001b8 opcode=0x0007a703
retire_trace slot=1 cycle=6396 pc=0x800001bc opcode=0x00478793
retire_trace slot=0 cycle=6399 pc=0x800001c0 opcode=0x02a686b3
retire_trace slot=0 cycle=6400 pc=0x800001c4 opcode=0x00460613
retire_trace slot=0 cycle=6401 pc=0x800001c8 opcode=0x00458593
retire_trace slot=0 cycle=6402 pc=0x800001cc opcode=0x00d70733
retire_trace slot=0 cycle=6403 pc=0x800001d0 opcode=0xfee7ae23
retire_trace slot=1 cycle=6403 pc=0x800001d4 opcode=0xfd079ee3
retire_trace slot=0 cycle=6406 pc=0x800001b0 opcode=0x00062683
retire_trace slot=0 cycle=6407 pc=0x800001b4 opcode=0x0005a503
retire_trace slot=0 cycle=6410 pc=0x800001b8 opcode=0x0007a703
retire_trace slot=1 cycle=6410 pc=0x800001bc opcode=0x00478793
retire_trace slot=0 cycle=6413 pc=0x800001c0 opcode=0x02a686b3
retire_trace slot=0 cycle=6414 pc=0x800001c4 opcode=0x00460613
retire_trace slot=0 cycle=6415 pc=0x800001c8 opcode=0x00458593
retire_trace slot=0 cycle=6416 pc=0x800001cc opcode=0x00d70733
retire_trace slot=0 cycle=6417 pc=0x800001d0 opcode=0xfee7ae23
retire_trace slot=1 cycle=6417 pc=0x800001d4 opcode=0xfd079ee3
retire_trace slot=0 cycle=6420 pc=0x800001b0 opcode=0x00062683
retire_trace slot=0 cycle=6421 pc=0x800001b4 opcode=0x0005a503
retire_trace slot=0 cycle=6424 pc=0x800001b8 opcode=0x0007a703
retire_trace slot=1 cycle=6424 pc=0x800001bc opcode=0x00478793
retire_trace slot=0 cycle=6427 pc=0x800001c0 opcode=0x02a686b3
retire_trace slot=0 cycle=6428 pc=0x800001c4 opcode=0x00460613
retire_trace slot=0 cycle=6429 pc=0x800001c8 opcode=0x00458593
retire_trace slot=0 cycle=6430 pc=0x800001cc opcode=0x00d70733
retire_trace slot=0 cycle=6431 pc=0x800001d0 opcode=0xfee7ae23
retire_trace slot=1 cycle=6431 pc=0x800001d4 opcode=0xfd079ee3
retire_trace slot=0 cycle=6434 pc=0x800001d8 opcode=0x010e0e13
retire_trace slot=0 cycle=6435 pc=0x800001dc opcode=0x04030313
retire_trace slot=0 cycle=6436 pc=0x800001e0 opcode=0x040e8e93
retire_trace slot=1 cycle=6436 pc=0x800001e4 opcode=0xfdee10e3
retire_trace slot=0 cycle=6439 pc=0x800001e8 opcode=0x00000513
retire_trace slot=1 cycle=6439 pc=0x800001ec opcode=0x00000593
retire_trace slot=0 cycle=6442 pc=0x800001f0 opcode=0x0008a783
retire_trace slot=1 cycle=6442 pc=0x800001f4 opcode=0x00488893
retire_trace slot=0 cycle=6445 pc=0x800001f8 opcode=0x00f50733
retire_trace slot=1 cycle=6445 pc=0x800001fc opcode=0x41f7d793
retire_trace slot=0 cycle=6448 pc=0x80000200 opcode=0x00a736b3
retire_trace slot=1 cycle=6448 pc=0x80000204 opcode=0x00f585b3
retire_trace slot=0 cycle=6451 pc=0x80000208 opcode=0x00070513
retire_trace slot=1 cycle=6451 pc=0x8000020c opcode=0x00b685b3
retire_trace slot=0 cycle=6454 pc=0x80000210 opcode=0xff0890e3
retire_trace slot=0 cycle=6458 pc=0x800001f0 opcode=0x0008a783
retire_trace slot=0 cycle=6459 pc=0x800001f4 opcode=0x00488893
retire_trace slot=0 cycle=6460 pc=0x800001f8 opcode=0x00f50733
retire_trace slot=0 cycle=6461 pc=0x800001fc opcode=0x41f7d793
retire_trace slot=0 cycle=6462 pc=0x80000200 opcode=0x00a736b3
retire_trace slot=0 cycle=6463 pc=0x80000204 opcode=0x00f585b3
retire_trace slot=0 cycle=6464 pc=0x80000208 opcode=0x00070513
retire_trace slot=0 cycle=6465 pc=0x8000020c opcode=0x00b685b3
retire_trace slot=0 cycle=6466 pc=0x80000210 opcode=0xff0890e3
retire_trace slot=0 cycle=6469 pc=0x800001f0 opcode=0x0008a783
retire_trace slot=0 cycle=6470 pc=0x800001f4 opcode=0x00488893
retire_trace slot=0 cycle=6471 pc=0x800001f8 opcode=0x00f50733
retire_trace slot=0 cycle=6472 pc=0x800001fc opcode=0x41f7d793
retire_trace slot=0 cycle=6473 pc=0x80000200 opcode=0x00a736b3
retire_trace slot=0 cycle=6474 pc=0x80000204 opcode=0x00f585b3
retire_trace slot=0 cycle=6475 pc=0x80000208 opcode=0x00070513
retire_trace slot=0 cycle=6476 pc=0x8000020c opcode=0x00b685b3
retire_trace slot=0 cycle=6477 pc=0x80000210 opcode=0xff0890e3
retire_trace slot=0 cycle=6480 pc=0x800001f0 opcode=0x0008a783
retire_trace slot=0 cycle=6481 pc=0x800001f4 opcode=0x00488893
retire_trace slot=0 cycle=6482 pc=0x800001f8 opcode=0x00f50733
retire_trace slot=0 cycle=6483 pc=0x800001fc opcode=0x41f7d793
retire_trace slot=0 cycle=6484 pc=0x80000200 opcode=0x00a736b3
retire_trace slot=0 cycle=6485 pc=0x80000204 opcode=0x00f585b3
retire_trace slot=0 cycle=6486 pc=0x80000208 opcode=0x00070513
retire_trace slot=0 cycle=6487 pc=0x8000020c opcode=0x00b685b3
retire_trace slot=0 cycle=6488 pc=0x80000210 opcode=0xff0890e3
retire_trace slot=0 cycle=6491 pc=0x800001f0 opcode=0x0008a783
retire_trace slot=0 cycle=6492 pc=0x800001f4 opcode=0x00488893
retire_trace slot=0 cycle=6493 pc=0x800001f8 opcode=0x00f50733
retire_trace slot=0 cycle=6494 pc=0x800001fc opcode=0x41f7d793
retire_trace slot=0 cycle=6495 pc=0x80000200 opcode=0x00a736b3
retire_trace slot=0 cycle=6496 pc=0x80000204 opcode=0x00f585b3
retire_trace slot=0 cycle=6497 pc=0x80000208 opcode=0x00070513
retire_trace slot=0 cycle=6498 pc=0x8000020c opcode=0x00b685b3
retire_trace slot=0 cycle=6499 pc=0x80000210 opcode=0xff0890e3
retire_trace slot=0 cycle=6502 pc=0x800001f0 opcode=0x0008a783
retire_trace slot=0 cycle=6503 pc=0x800001f4 opcode=0x00488893
retire_trace slot=0 cycle=6504 pc=0x800001f8 opcode=0x00f50733
retire_trace slot=0 cycle=6505 pc=0x800001fc opcode=0x41f7d793
retire_trace slot=0 cycle=6506 pc=0x80000200 opcode=0x00a736b3
retire_trace slot=0 cycle=6507 pc=0x80000204 opcode=0x00f585b3
retire_trace slot=0 cycle=6508 pc=0x80000208 opcode=0x00070513
retire_trace slot=0 cycle=6509 pc=0x8000020c opcode=0x00b685b3
retire_trace slot=0 cycle=6510 pc=0x80000210 opcode=0xff0890e3
retire_trace slot=0 cycle=6513 pc=0x800001f0 opcode=0x0008a783
retire_trace slot=0 cycle=6514 pc=0x800001f4 opcode=0x00488893
retire_trace slot=0 cycle=6515 pc=0x800001f8 opcode=0x00f50733
retire_trace slot=0 cycle=6516 pc=0x800001fc opcode=0x41f7d793
retire_trace slot=0 cycle=6517 pc=0x80000200 opcode=0x00a736b3
retire_trace slot=0 cycle=6518 pc=0x80000204 opcode=0x00f585b3
retire_trace slot=0 cycle=6519 pc=0x80000208 opcode=0x00070513
retire_trace slot=0 cycle=6520 pc=0x8000020c opcode=0x00b685b3
retire_trace slot=0 cycle=6521 pc=0x80000210 opcode=0xff0890e3
retire_trace slot=0 cycle=6524 pc=0x800001f0 opcode=0x0008a783
retire_trace slot=0 cycle=6525 pc=0x800001f4 opcode=0x00488893
retire_trace slot=0 cycle=6526 pc=0x800001f8 opcode=0x00f50733
retire_trace slot=0 cycle=6527 pc=0x800001fc opcode=0x41f7d793
retire_trace slot=0 cycle=6528 pc=0x80000200 opcode=0x00a736b3
retire_trace slot=0 cycle=6529 pc=0x80000204 opcode=0x00f585b3
retire_trace slot=0 cycle=6530 pc=0x80000208 opcode=0x00070513
retire_trace slot=0 cycle=6531 pc=0x8000020c opcode=0x00b685b3
retire_trace slot=0 cycle=6532 pc=0x80000210 opcode=0xff0890e3
retire_trace slot=0 cycle=6535 pc=0x800001f0 opcode=0x0008a783
retire_trace slot=0 cycle=6536 pc=0x800001f4 opcode=0x00488893
retire_trace slot=0 cycle=6537 pc=0x800001f8 opcode=0x00f50733
retire_trace slot=0 cycle=6538 pc=0x800001fc opcode=0x41f7d793
retire_trace slot=0 cycle=6539 pc=0x80000200 opcode=0x00a736b3
retire_trace slot=0 cycle=6540 pc=0x80000204 opcode=0x00f585b3
retire_trace slot=0 cycle=6541 pc=0x80000208 opcode=0x00070513
retire_trace slot=0 cycle=6542 pc=0x8000020c opcode=0x00b685b3
retire_trace slot=0 cycle=6543 pc=0x80000210 opcode=0xff0890e3
retire_trace slot=0 cycle=6546 pc=0x800001f0 opcode=0x0008a783
retire_trace slot=0 cycle=6547 pc=0x800001f4 opcode=0x00488893
retire_trace slot=0 cycle=6548 pc=0x800001f8 opcode=0x00f50733
retire_trace slot=0 cycle=6549 pc=0x800001fc opcode=0x41f7d793
retire_trace slot=0 cycle=6550 pc=0x80000200 opcode=0x00a736b3
retire_trace slot=0 cycle=6551 pc=0x80000204 opcode=0x00f585b3
retire_trace slot=0 cycle=6552 pc=0x80000208 opcode=0x00070513
retire_trace slot=0 cycle=6553 pc=0x8000020c opcode=0x00b685b3
retire_trace slot=0 cycle=6554 pc=0x80000210 opcode=0xff0890e3
retire_trace slot=0 cycle=6557 pc=0x800001f0 opcode=0x0008a783
retire_trace slot=0 cycle=6558 pc=0x800001f4 opcode=0x00488893
retire_trace slot=0 cycle=6559 pc=0x800001f8 opcode=0x00f50733
retire_trace slot=0 cycle=6560 pc=0x800001fc opcode=0x41f7d793
retire_trace slot=0 cycle=6561 pc=0x80000200 opcode=0x00a736b3
retire_trace slot=0 cycle=6562 pc=0x80000204 opcode=0x00f585b3
retire_trace slot=0 cycle=6563 pc=0x80000208 opcode=0x00070513
retire_trace slot=0 cycle=6564 pc=0x8000020c opcode=0x00b685b3
retire_trace slot=0 cycle=6565 pc=0x80000210 opcode=0xff0890e3
retire_trace slot=0 cycle=6568 pc=0x800001f0 opcode=0x0008a783
retire_trace slot=0 cycle=6569 pc=0x800001f4 opcode=0x00488893
retire_trace slot=0 cycle=6570 pc=0x800001f8 opcode=0x00f50733
retire_trace slot=0 cycle=6571 pc=0x800001fc opcode=0x41f7d793
retire_trace slot=0 cycle=6572 pc=0x80000200 opcode=0x00a736b3
retire_trace slot=0 cycle=6573 pc=0x80000204 opcode=0x00f585b3
retire_trace slot=0 cycle=6574 pc=0x80000208 opcode=0x00070513
retire_trace slot=0 cycle=6575 pc=0x8000020c opcode=0x00b685b3
retire_trace slot=0 cycle=6576 pc=0x80000210 opcode=0xff0890e3
retire_trace slot=0 cycle=6579 pc=0x800001f0 opcode=0x0008a783
retire_trace slot=0 cycle=6580 pc=0x800001f4 opcode=0x00488893
retire_trace slot=0 cycle=6581 pc=0x800001f8 opcode=0x00f50733
retire_trace slot=0 cycle=6582 pc=0x800001fc opcode=0x41f7d793
retire_trace slot=0 cycle=6583 pc=0x80000200 opcode=0x00a736b3
retire_trace slot=0 cycle=6584 pc=0x80000204 opcode=0x00f585b3
retire_trace slot=0 cycle=6585 pc=0x80000208 opcode=0x00070513
retire_trace slot=0 cycle=6586 pc=0x8000020c opcode=0x00b685b3
retire_trace slot=0 cycle=6587 pc=0x80000210 opcode=0xff0890e3
retire_trace slot=0 cycle=6590 pc=0x800001f0 opcode=0x0008a783
retire_trace slot=0 cycle=6591 pc=0x800001f4 opcode=0x00488893
retire_trace slot=0 cycle=6592 pc=0x800001f8 opcode=0x00f50733
retire_trace slot=0 cycle=6593 pc=0x800001fc opcode=0x41f7d793
retire_trace slot=0 cycle=6594 pc=0x80000200 opcode=0x00a736b3
retire_trace slot=0 cycle=6595 pc=0x80000204 opcode=0x00f585b3
retire_trace slot=0 cycle=6596 pc=0x80000208 opcode=0x00070513
retire_trace slot=0 cycle=6597 pc=0x8000020c opcode=0x00b685b3
retire_trace slot=0 cycle=6598 pc=0x80000210 opcode=0xff0890e3
retire_trace slot=0 cycle=6601 pc=0x800001f0 opcode=0x0008a783
retire_trace slot=0 cycle=6602 pc=0x800001f4 opcode=0x00488893
retire_trace slot=0 cycle=6603 pc=0x800001f8 opcode=0x00f50733
retire_trace slot=0 cycle=6604 pc=0x800001fc opcode=0x41f7d793
retire_trace slot=0 cycle=6605 pc=0x80000200 opcode=0x00a736b3
retire_trace slot=0 cycle=6606 pc=0x80000204 opcode=0x00f585b3
retire_trace slot=0 cycle=6607 pc=0x80000208 opcode=0x00070513
retire_trace slot=0 cycle=6608 pc=0x8000020c opcode=0x00b685b3
retire_trace slot=0 cycle=6609 pc=0x80000210 opcode=0xff0890e3
retire_trace slot=0 cycle=6612 pc=0x800001f0 opcode=0x0008a783
retire_trace slot=0 cycle=6613 pc=0x800001f4 opcode=0x00488893
retire_trace slot=0 cycle=6614 pc=0x800001f8 opcode=0x00f50733
retire_trace slot=0 cycle=6615 pc=0x800001fc opcode=0x41f7d793
retire_trace slot=0 cycle=6616 pc=0x80000200 opcode=0x00a736b3
retire_trace slot=0 cycle=6617 pc=0x80000204 opcode=0x00f585b3
retire_trace slot=0 cycle=6618 pc=0x80000208 opcode=0x00070513
retire_trace slot=0 cycle=6619 pc=0x8000020c opcode=0x00b685b3
retire_trace slot=0 cycle=6620 pc=0x80000210 opcode=0xff0890e3
retire_trace slot=0 cycle=6621 pc=0x80000214 opcode=0x04010113
retire_trace slot=0 cycle=6622 pc=0x80000218 opcode=0x00008067
retire_trace slot=0 cycle=6626 pc=0x80000264 opcode=0x00050613
retire_trace slot=0 cycle=6627 pc=0x80000268 opcode=0x80000537
retire_trace slot=1 cycle=6627 pc=0x8000026c opcode=0x00058693
retire_trace slot=0 cycle=6630 pc=0x80000270 opcode=0x6c450513
retire_trace slot=1 cycle=6630 pc=0x80000274 opcode=0x01c000ef
retire_trace slot=0 cycle=6633 pc=0x80000290 opcode=0xfd010113
retire_trace slot=1 cycle=6633 pc=0x80000294 opcode=0x80002337
retire_trace slot=0 cycle=6636 pc=0x80000298 opcode=0xef030313
retire_trace slot=1 cycle=6636 pc=0x8000029c opcode=0x02f12223
retire_trace slot=0 cycle=6639 pc=0x800002a0 opcode=0x00000793
retire_trace slot=1 cycle=6639 pc=0x800002a4 opcode=0x03012423
retire_trace slot=0 cycle=6642 pc=0x800002a8 opcode=0x1cf32023
retire_trace slot=1 cycle=6642 pc=0x800002ac opcode=0x00000813
retire_trace slot=0 cycle=6645 pc=0x800002b0 opcode=0x01410793
retire_trace slot=1 cycle=6645 pc=0x800002b4 opcode=0x00b12a23
retire_trace slot=0 cycle=6648 pc=0x800002b8 opcode=0x00c12c23
retire_trace slot=0 cycle=6649 pc=0x800002bc opcode=0x00d12e23
retire_trace slot=0 cycle=6652 pc=0x800002c0 opcode=0x02e12023
retire_trace slot=0 cycle=6653 pc=0x800002c4 opcode=0x03112623
retire_trace slot=0 cycle=6656 pc=0x800002c8 opcode=0x08030023
retire_trace slot=0 cycle=6657 pc=0x800002cc opcode=0x16030023
retire_trace slot=0 cycle=6660 pc=0x800002d0 opcode=0x00030023
retire_trace slot=0 cycle=6661 pc=0x800002d4 opcode=0x0e030023
retire_trace slot=0 cycle=6664 pc=0x800002d8 opcode=0x1d032223
retire_trace slot=0 cycle=6665 pc=0x800002dc opcode=0x1c032423
retire_trace slot=0 cycle=6668 pc=0x800002e0 opcode=0x1c032623
retire_trace slot=0 cycle=6669 pc=0x800002e4 opcode=0x00f12623
retire_trace slot=0 cycle=6672 pc=0x800002e8 opcode=0x1a050863
retire_trace slot=0 cycle=6673 pc=0x800002ec opcode=0x00054783
retire_trace slot=0 cycle=6676 pc=0x800002f0 opcode=0x00050713
retire_trace slot=1 cycle=6676 pc=0x800002f4 opcode=0x02500693
retire_trace slot=0 cycle=6679 pc=0x800002f8 opcode=0x00078a63
retire_trace slot=0 cycle=6680 pc=0x800002fc opcode=0x04d78a63
retire_trace slot=0 cycle=6683 pc=0x80000300 opcode=0x00174783
retire_trace slot=1 cycle=6683 pc=0x80000304 opcode=0x00170713
retire_trace slot=0 cycle=6686 pc=0x80000308 opcode=0xfe079ae3
retire_trace slot=0 cycle=6690 pc=0x800002fc opcode=0x04d78a63
retire_trace slot=0 cycle=6691 pc=0x80000300 opcode=0x00174783
retire_trace slot=0 cycle=6692 pc=0x80000304 opcode=0x00170713
retire_trace slot=0 cycle=6693 pc=0x80000308 opcode=0xfe079ae3
retire_trace slot=0 cycle=6696 pc=0x800002fc opcode=0x04d78a63
retire_trace slot=0 cycle=6697 pc=0x80000300 opcode=0x00174783
retire_trace slot=0 cycle=6698 pc=0x80000304 opcode=0x00170713
retire_trace slot=0 cycle=6699 pc=0x80000308 opcode=0xfe079ae3
retire_trace slot=0 cycle=6702 pc=0x800002fc opcode=0x04d78a63
retire_trace slot=0 cycle=6703 pc=0x80000300 opcode=0x00174783
retire_trace slot=0 cycle=6704 pc=0x80000304 opcode=0x00170713
retire_trace slot=0 cycle=6705 pc=0x80000308 opcode=0xfe079ae3
retire_trace slot=0 cycle=6708 pc=0x800002fc opcode=0x04d78a63
retire_trace slot=0 cycle=6709 pc=0x80000300 opcode=0x00174783
retire_trace slot=0 cycle=6710 pc=0x80000304 opcode=0x00170713
retire_trace slot=0 cycle=6711 pc=0x80000308 opcode=0xfe079ae3
retire_trace slot=0 cycle=6714 pc=0x800002fc opcode=0x04d78a63
retire_trace slot=0 cycle=6715 pc=0x80000300 opcode=0x00174783
retire_trace slot=0 cycle=6716 pc=0x80000304 opcode=0x00170713
retire_trace slot=0 cycle=6717 pc=0x80000308 opcode=0xfe079ae3
retire_trace slot=0 cycle=6720 pc=0x800002fc opcode=0x04d78a63
retire_trace slot=0 cycle=6721 pc=0x80000300 opcode=0x00174783
retire_trace slot=0 cycle=6722 pc=0x80000304 opcode=0x00170713
retire_trace slot=0 cycle=6723 pc=0x80000308 opcode=0xfe079ae3
retire_trace slot=0 cycle=6726 pc=0x800002fc opcode=0x04d78a63
retire_trace slot=0 cycle=6727 pc=0x80000300 opcode=0x00174783
retire_trace slot=0 cycle=6728 pc=0x80000304 opcode=0x00170713
retire_trace slot=0 cycle=6729 pc=0x80000308 opcode=0xfe079ae3
retire_trace slot=0 cycle=6732 pc=0x800002fc opcode=0x04d78a63
retire_trace slot=0 cycle=6733 pc=0x80000300 opcode=0x00174783
retire_trace slot=0 cycle=6734 pc=0x80000304 opcode=0x00170713
retire_trace slot=0 cycle=6735 pc=0x80000308 opcode=0xfe079ae3
retire_trace slot=0 cycle=6738 pc=0x800002fc opcode=0x04d78a63
retire_trace slot=0 cycle=6739 pc=0x80000300 opcode=0x00174783
retire_trace slot=0 cycle=6740 pc=0x80000304 opcode=0x00170713
retire_trace slot=0 cycle=6741 pc=0x80000308 opcode=0xfe079ae3
retire_trace slot=0 cycle=6744 pc=0x800002fc opcode=0x04d78a63
retire_trace slot=0 cycle=6745 pc=0x80000300 opcode=0x00174783
retire_trace slot=0 cycle=6746 pc=0x80000304 opcode=0x00170713
retire_trace slot=0 cycle=6747 pc=0x80000308 opcode=0xfe079ae3
retire_trace slot=0 cycle=6750 pc=0x800002fc opcode=0x04d78a63
retire_trace slot=0 cycle=6751 pc=0x80000300 opcode=0x00174783
retire_trace slot=0 cycle=6752 pc=0x80000304 opcode=0x00170713
retire_trace slot=0 cycle=6753 pc=0x80000308 opcode=0xfe079ae3
retire_trace slot=0 cycle=6756 pc=0x800002fc opcode=0x04d78a63
retire_trace slot=0 cycle=6757 pc=0x80000300 opcode=0x00174783
retire_trace slot=0 cycle=6758 pc=0x80000304 opcode=0x00170713
retire_trace slot=0 cycle=6759 pc=0x80000308 opcode=0xfe079ae3
retire_trace slot=0 cycle=6762 pc=0x800002fc opcode=0x04d78a63
retire_trace slot=0 cycle=6763 pc=0x80000300 opcode=0x00174783
retire_trace slot=0 cycle=6764 pc=0x80000304 opcode=0x00170713
retire_trace slot=0 cycle=6765 pc=0x80000308 opcode=0xfe079ae3
retire_trace slot=0 cycle=6768 pc=0x800002fc opcode=0x04d78a63
retire_trace slot=0 cycle=6769 pc=0x80000300 opcode=0x00174783
retire_trace slot=0 cycle=6770 pc=0x80000304 opcode=0x00170713
retire_trace slot=0 cycle=6771 pc=0x80000308 opcode=0xfe079ae3
retire_trace slot=0 cycle=6774 pc=0x800002fc opcode=0x04d78a63
retire_trace slot=0 cycle=6777 pc=0x80000350 opcode=0x08030693
retire_trace slot=1 cycle=6777 pc=0x80000354 opcode=0x02e57c63
retire_trace slot=0 cycle=6780 pc=0x80000358 opcode=0x800025b7
retire_trace slot=1 cycle=6780 pc=0x8000035c opcode=0x40a70833
retire_trace slot=0 cycle=6783 pc=0x80000360 opcode=0x00100793
retire_trace slot=1 cycle=6783 pc=0x80000364 opcode=0xf7058593
retire_trace slot=0 cycle=6786 pc=0x80000368 opcode=0x06000893
retire_trace slot=1 cycle=6786 pc=0x8000036c opcode=0x00c0006f
retire_trace slot=0 cycle=6789 pc=0x80000378 opcode=0x00f506b3
retire_trace slot=0 cycle=6790 pc=0x8000037c opcode=0xfff6c603
retire_trace slot=0 cycle=6793 pc=0x80000380 opcode=0x00f586b3
retire_trace slot=0 cycle=6794 pc=0x80000384 opcode=0xfec68fa3
retire_trace slot=0 cycle=6797 pc=0x80000388 opcode=0xff0794e3
retire_trace slot=0 cycle=6801 pc=0x80000370 opcode=0x00178793
retire_trace slot=0 cycle=6802 pc=0x80000374 opcode=0x0b178a63
retire_trace slot=0 cycle=6805 pc=0x80000378 opcode=0x00f506b3
retire_trace slot=0 cycle=6806 pc=0x8000037c opcode=0xfff6c603
retire_trace slot=0 cycle=6809 pc=0x80000380 opcode=0x00f586b3
retire_trace slot=0 cycle=6810 pc=0x80000384 opcode=0xfec68fa3
retire_trace slot=0 cycle=6813 pc=0x80000388 opcode=0xff0794e3
retire_trace slot=0 cycle=6816 pc=0x80000370 opcode=0x00178793
retire_trace slot=0 cycle=6817 pc=0x80000374 opcode=0x0b178a63
retire_trace slot=0 cycle=6820 pc=0x80000378 opcode=0x00f506b3
retire_trace slot=0 cycle=6821 pc=0x8000037c opcode=0xfff6c603
retire_trace slot=0 cycle=6824 pc=0x80000380 opcode=0x00f586b3
retire_trace slot=0 cycle=6825 pc=0x80000384 opcode=0xfec68fa3
retire_trace slot=0 cycle=6828 pc=0x80000388 opcode=0xff0794e3
retire_trace slot=0 cycle=6831 pc=0x80000370 opcode=0x00178793
retire_trace slot=0 cycle=6832 pc=0x80000374 opcode=0x0b178a63
retire_trace slot=0 cycle=6835 pc=0x80000378 opcode=0x00f506b3
retire_trace slot=0 cycle=6836 pc=0x8000037c opcode=0xfff6c603
retire_trace slot=0 cycle=6839 pc=0x80000380 opcode=0x00f586b3
retire_trace slot=0 cycle=6840 pc=0x80000384 opcode=0xfec68fa3
retire_trace slot=0 cycle=6843 pc=0x80000388 opcode=0xff0794e3
retire_trace slot=0 cycle=6846 pc=0x80000370 opcode=0x00178793
retire_trace slot=0 cycle=6847 pc=0x80000374 opcode=0x0b178a63
retire_trace slot=0 cycle=6850 pc=0x80000378 opcode=0x00f506b3
retire_trace slot=0 cycle=6851 pc=0x8000037c opcode=0xfff6c603
retire_trace slot=0 cycle=6854 pc=0x80000380 opcode=0x00f586b3
retire_trace slot=0 cycle=6855 pc=0x80000384 opcode=0xfec68fa3
retire_trace slot=0 cycle=6858 pc=0x80000388 opcode=0xff0794e3
retire_trace slot=0 cycle=6861 pc=0x80000370 opcode=0x00178793
retire_trace slot=0 cycle=6862 pc=0x80000374 opcode=0x0b178a63
retire_trace slot=0 cycle=6865 pc=0x80000378 opcode=0x00f506b3
retire_trace slot=0 cycle=6866 pc=0x8000037c opcode=0xfff6c603
retire_trace slot=0 cycle=6869 pc=0x80000380 opcode=0x00f586b3
retire_trace slot=0 cycle=6870 pc=0x80000384 opcode=0xfec68fa3
retire_trace slot=0 cycle=6873 pc=0x80000388 opcode=0xff0794e3
retire_trace slot=0 cycle=6876 pc=0x80000370 opcode=0x00178793
retire_trace slot=0 cycle=6877 pc=0x80000374 opcode=0x0b178a63
retire_trace slot=0 cycle=6880 pc=0x80000378 opcode=0x00f506b3
retire_trace slot=0 cycle=6881 pc=0x8000037c opcode=0xfff6c603
retire_trace slot=0 cycle=6884 pc=0x80000380 opcode=0x00f586b3
retire_trace slot=0 cycle=6885 pc=0x80000384 opcode=0xfec68fa3
retire_trace slot=0 cycle=6888 pc=0x80000388 opcode=0xff0794e3
retire_trace slot=0 cycle=6891 pc=0x80000370 opcode=0x00178793
retire_trace slot=0 cycle=6892 pc=0x80000374 opcode=0x0b178a63
retire_trace slot=0 cycle=6895 pc=0x80000378 opcode=0x00f506b3
retire_trace slot=0 cycle=6896 pc=0x8000037c opcode=0xfff6c603
retire_trace slot=0 cycle=6899 pc=0x80000380 opcode=0x00f586b3
retire_trace slot=0 cycle=6900 pc=0x80000384 opcode=0xfec68fa3
retire_trace slot=0 cycle=6903 pc=0x80000388 opcode=0xff0794e3
retire_trace slot=0 cycle=6906 pc=0x80000370 opcode=0x00178793
retire_trace slot=0 cycle=6907 pc=0x80000374 opcode=0x0b178a63
retire_trace slot=0 cycle=6910 pc=0x80000378 opcode=0x00f506b3
retire_trace slot=0 cycle=6911 pc=0x8000037c opcode=0xfff6c603
retire_trace slot=0 cycle=6914 pc=0x80000380 opcode=0x00f586b3
retire_trace slot=0 cycle=6915 pc=0x80000384 opcode=0xfec68fa3
retire_trace slot=0 cycle=6918 pc=0x80000388 opcode=0xff0794e3
retire_trace slot=0 cycle=6921 pc=0x80000370 opcode=0x00178793
retire_trace slot=0 cycle=6922 pc=0x80000374 opcode=0x0b178a63
retire_trace slot=0 cycle=6925 pc=0x80000378 opcode=0x00f506b3
retire_trace slot=0 cycle=6926 pc=0x8000037c opcode=0xfff6c603
retire_trace slot=0 cycle=6929 pc=0x80000380 opcode=0x00f586b3
retire_trace slot=0 cycle=6930 pc=0x80000384 opcode=0xfec68fa3
retire_trace slot=0 cycle=6933 pc=0x80000388 opcode=0xff0794e3
retire_trace slot=0 cycle=6936 pc=0x80000370 opcode=0x00178793
retire_trace slot=0 cycle=6937 pc=0x80000374 opcode=0x0b178a63
retire_trace slot=0 cycle=6940 pc=0x80000378 opcode=0x00f506b3
retire_trace slot=0 cycle=6941 pc=0x8000037c opcode=0xfff6c603
retire_trace slot=0 cycle=6944 pc=0x80000380 opcode=0x00f586b3
retire_trace slot=0 cycle=6945 pc=0x80000384 opcode=0xfec68fa3
retire_trace slot=0 cycle=6948 pc=0x80000388 opcode=0xff0794e3
retire_trace slot=0 cycle=6951 pc=0x80000370 opcode=0x00178793
retire_trace slot=0 cycle=6952 pc=0x80000374 opcode=0x0b178a63
retire_trace slot=0 cycle=6955 pc=0x80000378 opcode=0x00f506b3
retire_trace slot=0 cycle=6956 pc=0x8000037c opcode=0xfff6c603
retire_trace slot=0 cycle=6959 pc=0x80000380 opcode=0x00f586b3
retire_trace slot=0 cycle=6960 pc=0x80000384 opcode=0xfec68fa3
retire_trace slot=0 cycle=6963 pc=0x80000388 opcode=0xff0794e3
retire_trace slot=0 cycle=6966 pc=0x80000370 opcode=0x00178793
retire_trace slot=0 cycle=6967 pc=0x80000374 opcode=0x0b178a63
retire_trace slot=0 cycle=6970 pc=0x80000378 opcode=0x00f506b3
retire_trace slot=0 cycle=6971 pc=0x8000037c opcode=0xfff6c603
retire_trace slot=0 cycle=6974 pc=0x80000380 opcode=0x00f586b3
retire_trace slot=0 cycle=6975 pc=0x80000384 opcode=0xfec68fa3
retire_trace slot=0 cycle=6978 pc=0x80000388 opcode=0xff0794e3
retire_trace slot=0 cycle=6981 pc=0x80000370 opcode=0x00178793
retire_trace slot=0 cycle=6982 pc=0x80000374 opcode=0x0b178a63
retire_trace slot=0 cycle=6985 pc=0x80000378 opcode=0x00f506b3
retire_trace slot=0 cycle=6986 pc=0x8000037c opcode=0xfff6c603
retire_trace slot=0 cycle=6989 pc=0x80000380 opcode=0x00f586b3
retire_trace slot=0 cycle=6990 pc=0x80000384 opcode=0xfec68fa3
retire_trace slot=0 cycle=6993 pc=0x80000388 opcode=0xff0794e3
retire_trace slot=0 cycle=6996 pc=0x80000370 opcode=0x00178793
retire_trace slot=0 cycle=6997 pc=0x80000374 opcode=0x0b178a63
retire_trace slot=0 cycle=7000 pc=0x80000378 opcode=0x00f506b3
retire_trace slot=0 cycle=7001 pc=0x8000037c opcode=0xfff6c603
retire_trace slot=0 cycle=7004 pc=0x80000380 opcode=0x00f586b3
retire_trace slot=0 cycle=7005 pc=0x80000384 opcode=0xfec68fa3
retire_trace slot=0 cycle=7008 pc=0x80000388 opcode=0xff0794e3
retire_trace slot=0 cycle=7011 pc=0x8000038c opcode=0x00068023
retire_trace slot=0 cycle=7012 pc=0x80000390 opcode=0x00174783
retire_trace slot=1 cycle=7012 pc=0x80000394 opcode=0x02500693
retire_trace slot=0 cycle=7015 pc=0x80000398 opcode=0x1ed78263
retire_trace slot=0 cycle=7016 pc=0x8000039c opcode=0x06c00693
retire_trace slot=0 cycle=7019 pc=0x800003a0 opcode=0x00270613
retire_trace slot=0 cycle=7020 pc=0x800003a4 opcode=0x06c00593
retire_trace slot=0 cycle=7023 pc=0x800003a8 opcode=0x10d79e63
retire_trace slot=0 cycle=7024 pc=0x800003ac opcode=0x00064683
retire_trace slot=0 cycle=7027 pc=0x800003b0 opcode=0x00060793
retire_trace slot=1 cycle=7027 pc=0x800003b4 opcode=0x00160613
retire_trace slot=0 cycle=7030 pc=0x800003b8 opcode=0xfeb68ae3
retire_trace slot=0 cycle=7034 pc=0x800003ac opcode=0x00064683
retire_trace slot=0 cycle=7035 pc=0x800003b0 opcode=0x00060793
retire_trace slot=0 cycle=7036 pc=0x800003b4 opcode=0x00160613
retire_trace slot=0 cycle=7037 pc=0x800003b8 opcode=0xfeb68ae3
retire_trace slot=0 cycle=7038 pc=0x800003bc opcode=0x06900593
retire_trace slot=0 cycle=7039 pc=0x800003c0 opcode=0x00078613
retire_trace slot=1 cycle=7039 pc=0x800003c4 opcode=0x06b68e63
retire_trace slot=0 cycle=7042 pc=0x800003c8 opcode=0x07300593
retire_trace slot=0 cycle=7043 pc=0x800003cc opcode=0x10b68263
retire_trace slot=0 cycle=7046 pc=0x800003d0 opcode=0x06400593
retire_trace slot=0 cycle=7047 pc=0x800003d4 opcode=0x06b68663
retire_trace slot=0 cycle=7052 pc=0x80000440 opcode=0x40e787b3
retire_trace slot=1 cycle=7052 pc=0x80000444 opcode=0x00200713
retire_trace slot=0 cycle=7055 pc=0x80000448 opcode=0x1ce32423
retire_trace slot=1 cycle=7055 pc=0x8000044c opcode=0xfff78793
retire_trace slot=0 cycle=7058 pc=0x80000450 opcode=0x00100693
retire_trace slot=1 cycle=7058 pc=0x80000454 opcode=0x00c12703
retire_trace slot=0 cycle=7061 pc=0x80000458 opcode=0x10f6f463
retire_trace slot=0 cycle=7062 pc=0x8000045c opcode=0x00770793
retire_trace slot=0 cycle=7065 pc=0x80000460 opcode=0xff87f793
retire_trace slot=0 cycle=7066 pc=0x80000464 opcode=0x0007a503
retire_trace slot=0 cycle=7069 pc=0x80000468 opcode=0x0047a583
retire_trace slot=1 cycle=7069 pc=0x8000046c opcode=0x00878793
retire_trace slot=0 cycle=7072 pc=0x80000470 opcode=0x00f12623
retire_trace slot=0 cycle=7073 pc=0x80000474 opcode=0x1ca32023
retire_trace slot=0 cycle=7076 pc=0x80000478 opcode=0x1cb32223
retire_trace slot=1 cycle=7076 pc=0x8000047c opcode=0xf69ff06f
retire_trace slot=0 cycle=7079 pc=0x800003e4 opcode=0x00064783
retire_trace slot=0 cycle=7081 pc=0x800003e8 opcode=0x04078863
retire_trace slot=0 cycle=7082 pc=0x800003ec opcode=0x00164703
retire_trace slot=0 cycle=7085 pc=0x800003f0 opcode=0x04070463
retire_trace slot=0 cycle=7086 pc=0x800003f4 opcode=0x800025b7
retire_trace slot=0 cycle=7089 pc=0x800003f8 opcode=0x00100793
retire_trace slot=1 cycle=7089 pc=0x800003fc opcode=0x05058593
retire_trace slot=0 cycle=7092 pc=0x80000400 opcode=0x06000513
retire_trace slot=1 cycle=7092 pc=0x80000404 opcode=0x0080006f
retire_trace slot=0 cycle=7095 pc=0x8000040c opcode=0x00f586b3
retire_trace slot=0 cycle=7096 pc=0x80000410 opcode=0x00178793
retire_trace slot=1 cycle=7096 pc=0x80000414 opcode=0xfee68fa3
retire_trace slot=0 cycle=7099 pc=0x80000418 opcode=0x00f60733
retire_trace slot=0 cycle=7100 pc=0x8000041c opcode=0x00074703
retire_trace slot=0 cycle=7103 pc=0x80000420 opcode=0xfe0714e3
retire_trace slot=0 cycle=7104 pc=0x80000424 opcode=0xf1dff06f
retire_trace slot=0 cycle=7109 pc=0x80000340 opcode=0x00068023
retire_trace slot=1 cycle=7109 pc=0x80000344 opcode=0x00000513
retire_trace slot=0 cycle=7112 pc=0x80000348 opcode=0x03010113
retire_trace slot=1 cycle=7112 pc=0x8000034c opcode=0x00008067
retire_trace slot=0 cycle=7115 pc=0x80000278 opcode=0x00c12083
retire_trace slot=1 cycle=7115 pc=0x8000027c opcode=0x00000513
retire_trace slot=0 cycle=7118 pc=0x80000280 opcode=0x01010113
retire_trace slot=1 cycle=7118 pc=0x80000284 opcode=0x00008067
retire_trace slot=0 cycle=7121 pc=0x80000154 opcode=0xfe0510e3
retire_trace slot=0 cycle=7122 pc=0x80000158 opcode=0x00000097
retire_trace slot=0 cycle=7123 pc=0x8000015c opcode=0x130080e7
retire_trace slot=0 cycle=7128 pc=0x80000288 opcode=0x00000513
retire_trace slot=1 cycle=7128 pc=0x8000028c opcode=0x00008067
retire_trace slot=0 cycle=7131 pc=0x80000160 opcode=0xfc051ae3
retire_trace slot=0 cycle=7132 pc=0x80000164 opcode=0xfcdff06f
retire_trace slot=0 cycle=7137 pc=0x80000130 opcode=0x0000006f

*** BENCHMARK PASS ***
main_return = 0
sim_total_cycles = 7137
retired_total_instructions = 5469
retired_plain_mul = 256
retired_mule = 0
retired_mulh_family = 0
retired_integer_multiply_total = 256
retired_integer_multiply_ratio_ppm = 46809
TOOL:	xrun(64)	25.09-s003: Exiting on Jun 23, 2026 at 05:50:10 UTC  (total: 00:04:29)
