============================================================
  Generated by:           Genus(TM) Synthesis Solution 23.13-s073_1
  Generated on:           Dec 10 2025  09:25:27 am
  Module:                 riscv_core
  Operating conditions:   tt_1.0_25.0 (balanced_tree)
  Wireload mode:          enclosed
  Area mode:              timing library
============================================================


Path 1: VIOLATED (-607 ps) Setup Check with Pin u_lsu/mem_addr_q_reg[27]/clk->d
          Group: clk
     Startpoint: (R) u_lsu/u_lsu_request/rd_ptr_q_reg[0]/clk
          Clock: (R) clk
       Endpoint: (R) u_lsu/mem_addr_q_reg[27]/d
          Clock: (R) clk

                     Capture       Launch     
        Clock Edge:+     250            0     
       Src Latency:+       0            0     
       Net Latency:+       0 (I)        0 (I) 
           Arrival:=     250            0     
                                              
             Setup:-       6                  
       Uncertainty:-      25                  
     Required Time:=     220                  
      Launch Clock:-       0                  
         Data Path:-     826                  
             Slack:=    -607                  

#-----------------------------------------------------------------------------------------------------------------------------
#               Timing Point                 Flags    Arc    Edge       Cell         Fanout Load Trans Delay Arrival Instance 
#                                                                                           (fF)  (ps)  (ps)   (ps)  Location 
#-----------------------------------------------------------------------------------------------------------------------------
  u_lsu/u_lsu_request/rd_ptr_q_reg[0]/clk    -       -       R     (arrival)           5356    -    12     0       0    (-,-) 
  u_lsu/u_lsu_request/rd_ptr_q_reg[0]/q      (u)     clk->q  R     unmapped_d_flop       73 73.0     0    90      90    (-,-) 
  u_lsu/u_lsu_request/g916/z                 (u)     in_0->z F     unmapped_nand2         1  1.0     0     9      99    (-,-) 
  u_lsu/u_lsu_request/g810/z                 (u)     in_1->z R     unmapped_nand2         3  3.0     0    14     114    (-,-) 
  u_lsu/g6410/z                              (u)     in_0->z F     unmapped_complex2      4  4.0     0    17     130    (-,-) 
  u_issue/u_pipe0_ctrl/g5527/z               (u)     in_0->z F     unmapped_or2           2  2.0     0    12     142    (-,-) 
  u_issue/u_pipe0_ctrl/g6457/z               (u)     in_1->z F     unmapped_or2           1  1.0     0     9     151    (-,-) 
  u_issue/u_pipe0_ctrl/g6957/z               (u)     in_0->z R     unmapped_complex2      1  1.0     0     9     160    (-,-) 
  u_issue/u_pipe0_ctrl/g6938/z               (u)     in_1->z F     unmapped_complex2      3  3.0     0    14     175    (-,-) 
  u_issue/g15192/z                           (u)     in_0->z F     unmapped_or2           8  8.0     0    22     197    (-,-) 
  u_issue/g15847/z                           (u)     in_0->z F     unmapped_or2           4  4.0     0    17     213    (-,-) 
  u_issue/g16779/z                           (u)     in_0->z R     unmapped_nor2        120 11.0     0    34     248    (-,-) 
  u_issue/g37891/z                           (u)     in_1->z F     unmapped_nand2         1  1.0     0     9     257    (-,-) 
  u_issue/g37501/z                           (u)     in_1->z R     unmapped_nand2         4  4.0     0    17     274    (-,-) 
  u_issue/g37464/z                           (u)     in_1->z R     unmapped_or2           1  1.0     0     9     283    (-,-) 
  u_issue/g37301/z                           (u)     in_1->z R     unmapped_or2           1  1.0     0     9     292    (-,-) 
  u_issue/g37152/z                           (u)     in_0->z R     unmapped_complex2      1  1.0     0     9     301    (-,-) 
  u_issue/g37136/z                           (u)     in_0->z R     unmapped_complex2      1  1.0     0     9     310    (-,-) 
  u_issue/g37056/z                           (u)     in_1->z F     unmapped_nand2        32 32.0     0    34     344    (-,-) 
  u_issue/g36956/z                           (u)     in_0->z R     unmapped_complex2      6  6.0     0    20     364    (-,-) 
  u_issue/g36633/z                           (u)     in_0->z F     unmapped_complex2      1  1.0     0     9     373    (-,-) 
  u_issue/g36161/z                           (u)     in_1->z R     unmapped_nand2         1  1.0     0     9     382    (-,-) 
  u_issue/g35655/z                           (u)     in_1->z R     unmapped_or2           1  1.0     0     9     392    (-,-) 
  u_issue/g35094/z                           (u)     in_1->z R     unmapped_or2           1  1.0     0     9     401    (-,-) 
  u_issue/g35009/z                           (u)     in_1->z F     unmapped_complex2      1  1.0     0     9     410    (-,-) 
  u_issue/g34738/z                           (u)     in_0->z R     unmapped_nand2         1  1.0     0     9     419    (-,-) 
  u_issue/g34655/z                           (u)     in_1->z F     unmapped_complex2      1  1.0     0     9     428    (-,-) 
  u_issue/g34561/z                           (u)     in_0->z R     unmapped_nand2         2  2.0     0    12     440    (-,-) 
  u_issue/g34558/z                           (u)     in_0->z R     unmapped_or2           1  1.0     0     9     449    (-,-) 
  u_issue/g34549/z                           (u)     in_1->z R     unmapped_or2           3  3.0     0    14     464    (-,-) 
  u_issue/g34545/z                           (u)     in_1->z R     unmapped_or2           2  2.0     0    12     475    (-,-) 
  u_issue/g34528/z                           (u)     in_1->z R     unmapped_or2           1  1.0     0     9     484    (-,-) 
  u_issue/g34283/z                           (u)     in_1->z R     unmapped_complex2      1  1.0     0     9     494    (-,-) 
  u_issue/g38462/z                           (u)     in_0->z F     unmapped_nor2         76 76.0     0    41     534    (-,-) 
  u_issue/g20033/z                           (u)     in_0->z R     unmapped_nand2       181 14.0     0    38     572    (-,-) 
  u_issue/g19778/z                           (u)     in_0->z R     unmapped_complex2      1  1.0     0     9     581    (-,-) 
  u_issue/g19372/z                           (u)     in_1->z F     unmapped_nand2         7  7.0     0    21     602    (-,-) 
  u_lsu/csa_tree_ADD_TC_OP_48_groupi/g1455/z (u)     in_0->z R     unmapped_nand2         3  3.0     0    14     617    (-,-) 
  u_lsu/csa_tree_ADD_TC_OP_48_groupi/g1684/z (u)     in_0->z R     unmapped_complex2      1  1.0     0     9     626    (-,-) 
  u_lsu/csa_tree_ADD_TC_OP_48_groupi/g1660/z (u)     in_0->z F     unmapped_nand2         4  4.0     0    17     643    (-,-) 
  u_lsu/csa_tree_ADD_TC_OP_48_groupi/g1642/z (u)     in_0->z R     unmapped_complex2      1  1.0     0     9     652    (-,-) 
  u_lsu/csa_tree_ADD_TC_OP_48_groupi/g1634/z (u)     in_0->z F     unmapped_complex2      5  5.0     0    19     670    (-,-) 
  u_lsu/csa_tree_ADD_TC_OP_48_groupi/g1618/z (u)     in_0->z R     unmapped_complex2      1  1.0     0     9     680    (-,-) 
  u_lsu/csa_tree_ADD_TC_OP_48_groupi/g1612/z (u)     in_0->z F     unmapped_complex2      6  6.0     0    20     699    (-,-) 
  u_lsu/csa_tree_ADD_TC_OP_48_groupi/g1600/z (u)     in_0->z R     unmapped_complex2      1  1.0     0     9     708    (-,-) 
  u_lsu/csa_tree_ADD_TC_OP_48_groupi/g1584/z (u)     in_0->z F     unmapped_complex2     10 10.0     0    23     732    (-,-) 
  u_lsu/csa_tree_ADD_TC_OP_48_groupi/g1569/z (u)     in_0->z R     unmapped_complex2      1  1.0     0     9     741    (-,-) 
  u_lsu/csa_tree_ADD_TC_OP_48_groupi/g1542/z (u)     in_0->z F     unmapped_complex2      5  5.0     0    19     760    (-,-) 
  u_lsu/csa_tree_ADD_TC_OP_48_groupi/g1531/z (u)     in_0->z R     unmapped_complex2      1  1.0     0     9     769    (-,-) 
  u_lsu/csa_tree_ADD_TC_OP_48_groupi/g1485/z (u)     in_0->z F     unmapped_complex2      2  2.0     0    12     780    (-,-) 
  u_lsu/csa_tree_ADD_TC_OP_48_groupi/g1459/z (u)     in_0->z F     unmapped_or2           1  1.0     0     9     790    (-,-) 
  u_lsu/csa_tree_ADD_TC_OP_48_groupi/g1460/z (u)     in_1->z R     unmapped_nand2         1  1.0     0     9     799    (-,-) 
  u_lsu/g10560/z                             (u)     in_0->z F     unmapped_complex2      1  1.0     0     9     808    (-,-) 
  u_lsu/g10402/z                             (u)     in_1->z R     unmapped_complex2      1  1.0     0     9     817    (-,-) 
  u_lsu/g10275/z                             (u)     in_0->z R     unmapped_complex2      1  1.0     0     9     826    (-,-) 
  u_lsu/mem_addr_q_reg[27]/d                 -       -       R     unmapped_d_flop        1    -     -     0     826    (-,-) 
#-----------------------------------------------------------------------------------------------------------------------------

(u) : Net has unmapped pin(s).



Path 2: VIOLATED (-607 ps) Setup Check with Pin u_lsu/mem_addr_q_reg[26]/clk->d
          Group: clk
     Startpoint: (R) u_lsu/u_lsu_request/rd_ptr_q_reg[0]/clk
          Clock: (R) clk
       Endpoint: (R) u_lsu/mem_addr_q_reg[26]/d
          Clock: (R) clk

                     Capture       Launch     
        Clock Edge:+     250            0     
       Src Latency:+       0            0     
       Net Latency:+       0 (I)        0 (I) 
           Arrival:=     250            0     
                                              
             Setup:-       6                  
       Uncertainty:-      25                  
     Required Time:=     220                  
      Launch Clock:-       0                  
         Data Path:-     826                  
             Slack:=    -607                  

#-----------------------------------------------------------------------------------------------------------------------------
#               Timing Point                 Flags    Arc    Edge       Cell         Fanout Load Trans Delay Arrival Instance 
#                                                                                           (fF)  (ps)  (ps)   (ps)  Location 
#-----------------------------------------------------------------------------------------------------------------------------
  u_lsu/u_lsu_request/rd_ptr_q_reg[0]/clk    -       -       R     (arrival)           5356    -    12     0       0    (-,-) 
  u_lsu/u_lsu_request/rd_ptr_q_reg[0]/q      (u)     clk->q  R     unmapped_d_flop       73 73.0     0    90      90    (-,-) 
  u_lsu/u_lsu_request/g916/z                 (u)     in_0->z F     unmapped_nand2         1  1.0     0     9      99    (-,-) 
  u_lsu/u_lsu_request/g810/z                 (u)     in_1->z R     unmapped_nand2         3  3.0     0    14     114    (-,-) 
  u_lsu/g6410/z                              (u)     in_0->z F     unmapped_complex2      4  4.0     0    17     130    (-,-) 
  u_issue/u_pipe0_ctrl/g5527/z               (u)     in_0->z F     unmapped_or2           2  2.0     0    12     142    (-,-) 
  u_issue/u_pipe0_ctrl/g6457/z               (u)     in_1->z F     unmapped_or2           1  1.0     0     9     151    (-,-) 
  u_issue/u_pipe0_ctrl/g6957/z               (u)     in_0->z R     unmapped_complex2      1  1.0     0     9     160    (-,-) 
  u_issue/u_pipe0_ctrl/g6938/z               (u)     in_1->z F     unmapped_complex2      3  3.0     0    14     175    (-,-) 
  u_issue/g15192/z                           (u)     in_0->z F     unmapped_or2           8  8.0     0    22     197    (-,-) 
  u_issue/g15847/z                           (u)     in_0->z F     unmapped_or2           4  4.0     0    17     213    (-,-) 
  u_issue/g16779/z                           (u)     in_0->z R     unmapped_nor2        120 11.0     0    34     248    (-,-) 
  u_issue/g37891/z                           (u)     in_1->z F     unmapped_nand2         1  1.0     0     9     257    (-,-) 
  u_issue/g37501/z                           (u)     in_1->z R     unmapped_nand2         4  4.0     0    17     274    (-,-) 
  u_issue/g37464/z                           (u)     in_1->z R     unmapped_or2           1  1.0     0     9     283    (-,-) 
  u_issue/g37301/z                           (u)     in_1->z R     unmapped_or2           1  1.0     0     9     292    (-,-) 
  u_issue/g37152/z                           (u)     in_0->z R     unmapped_complex2      1  1.0     0     9     301    (-,-) 
  u_issue/g37136/z                           (u)     in_0->z R     unmapped_complex2      1  1.0     0     9     310    (-,-) 
  u_issue/g37056/z                           (u)     in_1->z F     unmapped_nand2        32 32.0     0    34     344    (-,-) 
  u_issue/g36956/z                           (u)     in_0->z R     unmapped_complex2      6  6.0     0    20     364    (-,-) 
  u_issue/g36633/z                           (u)     in_0->z F     unmapped_complex2      1  1.0     0     9     373    (-,-) 
  u_issue/g36161/z                           (u)     in_1->z R     unmapped_nand2         1  1.0     0     9     382    (-,-) 
  u_issue/g35655/z                           (u)     in_1->z R     unmapped_or2           1  1.0     0     9     392    (-,-) 
  u_issue/g35094/z                           (u)     in_1->z R     unmapped_or2           1  1.0     0     9     401    (-,-) 
  u_issue/g35009/z                           (u)     in_1->z F     unmapped_complex2      1  1.0     0     9     410    (-,-) 
  u_issue/g34738/z                           (u)     in_0->z R     unmapped_nand2         1  1.0     0     9     419    (-,-) 
  u_issue/g34655/z                           (u)     in_1->z F     unmapped_complex2      1  1.0     0     9     428    (-,-) 
  u_issue/g34561/z                           (u)     in_0->z R     unmapped_nand2         2  2.0     0    12     440    (-,-) 
  u_issue/g34558/z                           (u)     in_0->z R     unmapped_or2           1  1.0     0     9     449    (-,-) 
  u_issue/g34549/z                           (u)     in_1->z R     unmapped_or2           3  3.0     0    14     464    (-,-) 
  u_issue/g34545/z                           (u)     in_1->z R     unmapped_or2           2  2.0     0    12     475    (-,-) 
  u_issue/g34528/z                           (u)     in_1->z R     unmapped_or2           1  1.0     0     9     484    (-,-) 
  u_issue/g34283/z                           (u)     in_1->z R     unmapped_complex2      1  1.0     0     9     494    (-,-) 
  u_issue/g38462/z                           (u)     in_0->z F     unmapped_nor2         76 76.0     0    41     534    (-,-) 
  u_issue/g20033/z                           (u)     in_0->z R     unmapped_nand2       181 14.0     0    38     572    (-,-) 
  u_issue/g19778/z                           (u)     in_0->z R     unmapped_complex2      1  1.0     0     9     581    (-,-) 
  u_issue/g19372/z                           (u)     in_1->z F     unmapped_nand2         7  7.0     0    21     602    (-,-) 
  u_lsu/csa_tree_ADD_TC_OP_48_groupi/g1455/z (u)     in_0->z R     unmapped_nand2         3  3.0     0    14     617    (-,-) 
  u_lsu/csa_tree_ADD_TC_OP_48_groupi/g1684/z (u)     in_0->z R     unmapped_complex2      1  1.0     0     9     626    (-,-) 
  u_lsu/csa_tree_ADD_TC_OP_48_groupi/g1660/z (u)     in_0->z F     unmapped_nand2         4  4.0     0    17     643    (-,-) 
  u_lsu/csa_tree_ADD_TC_OP_48_groupi/g1642/z (u)     in_0->z R     unmapped_complex2      1  1.0     0     9     652    (-,-) 
  u_lsu/csa_tree_ADD_TC_OP_48_groupi/g1634/z (u)     in_0->z F     unmapped_complex2      5  5.0     0    19     670    (-,-) 
  u_lsu/csa_tree_ADD_TC_OP_48_groupi/g1618/z (u)     in_0->z R     unmapped_complex2      1  1.0     0     9     680    (-,-) 
  u_lsu/csa_tree_ADD_TC_OP_48_groupi/g1612/z (u)     in_0->z F     unmapped_complex2      6  6.0     0    20     699    (-,-) 
  u_lsu/csa_tree_ADD_TC_OP_48_groupi/g1600/z (u)     in_0->z R     unmapped_complex2      1  1.0     0     9     708    (-,-) 
  u_lsu/csa_tree_ADD_TC_OP_48_groupi/g1584/z (u)     in_0->z F     unmapped_complex2     10 10.0     0    23     732    (-,-) 
  u_lsu/csa_tree_ADD_TC_OP_48_groupi/g1569/z (u)     in_0->z R     unmapped_complex2      1  1.0     0     9     741    (-,-) 
  u_lsu/csa_tree_ADD_TC_OP_48_groupi/g1542/z (u)     in_0->z F     unmapped_complex2      5  5.0     0    19     760    (-,-) 
  u_lsu/csa_tree_ADD_TC_OP_48_groupi/g1501/z (u)     in_0->z R     unmapped_complex2      1  1.0     0     9     769    (-,-) 
  u_lsu/csa_tree_ADD_TC_OP_48_groupi/g1488/z (u)     in_0->z F     unmapped_complex2      2  2.0     0    12     780    (-,-) 
  u_lsu/csa_tree_ADD_TC_OP_48_groupi/g1480/z (u)     in_0->z F     unmapped_or2           1  1.0     0     9     790    (-,-) 
  u_lsu/csa_tree_ADD_TC_OP_48_groupi/g1481/z (u)     in_1->z R     unmapped_nand2         1  1.0     0     9     799    (-,-) 
  u_lsu/g10540/z                             (u)     in_0->z F     unmapped_complex2      1  1.0     0     9     808    (-,-) 
  u_lsu/g10345/z                             (u)     in_1->z R     unmapped_complex2      1  1.0     0     9     817    (-,-) 
  u_lsu/g10278/z                             (u)     in_0->z R     unmapped_complex2      1  1.0     0     9     826    (-,-) 
  u_lsu/mem_addr_q_reg[26]/d                 -       -       R     unmapped_d_flop        1    -     -     0     826    (-,-) 
#-----------------------------------------------------------------------------------------------------------------------------

(u) : Net has unmapped pin(s).



Path 3: VIOLATED (-607 ps) Setup Check with Pin u_lsu/mem_addr_q_reg[25]/clk->d
          Group: clk
     Startpoint: (R) u_lsu/u_lsu_request/rd_ptr_q_reg[0]/clk
          Clock: (R) clk
       Endpoint: (R) u_lsu/mem_addr_q_reg[25]/d
          Clock: (R) clk

                     Capture       Launch     
        Clock Edge:+     250            0     
       Src Latency:+       0            0     
       Net Latency:+       0 (I)        0 (I) 
           Arrival:=     250            0     
                                              
             Setup:-       6                  
       Uncertainty:-      25                  
     Required Time:=     220                  
      Launch Clock:-       0                  
         Data Path:-     826                  
             Slack:=    -607                  

#-----------------------------------------------------------------------------------------------------------------------------
#               Timing Point                 Flags    Arc    Edge       Cell         Fanout Load Trans Delay Arrival Instance 
#                                                                                           (fF)  (ps)  (ps)   (ps)  Location 
#-----------------------------------------------------------------------------------------------------------------------------
  u_lsu/u_lsu_request/rd_ptr_q_reg[0]/clk    -       -       R     (arrival)           5356    -    12     0       0    (-,-) 
  u_lsu/u_lsu_request/rd_ptr_q_reg[0]/q      (u)     clk->q  R     unmapped_d_flop       73 73.0     0    90      90    (-,-) 
  u_lsu/u_lsu_request/g916/z                 (u)     in_0->z F     unmapped_nand2         1  1.0     0     9      99    (-,-) 
  u_lsu/u_lsu_request/g810/z                 (u)     in_1->z R     unmapped_nand2         3  3.0     0    14     114    (-,-) 
  u_lsu/g6410/z                              (u)     in_0->z F     unmapped_complex2      4  4.0     0    17     130    (-,-) 
  u_issue/u_pipe0_ctrl/g5527/z               (u)     in_0->z F     unmapped_or2           2  2.0     0    12     142    (-,-) 
  u_issue/u_pipe0_ctrl/g6457/z               (u)     in_1->z F     unmapped_or2           1  1.0     0     9     151    (-,-) 
  u_issue/u_pipe0_ctrl/g6957/z               (u)     in_0->z R     unmapped_complex2      1  1.0     0     9     160    (-,-) 
  u_issue/u_pipe0_ctrl/g6938/z               (u)     in_1->z F     unmapped_complex2      3  3.0     0    14     175    (-,-) 
  u_issue/g15192/z                           (u)     in_0->z F     unmapped_or2           8  8.0     0    22     197    (-,-) 
  u_issue/g15847/z                           (u)     in_0->z F     unmapped_or2           4  4.0     0    17     213    (-,-) 
  u_issue/g16779/z                           (u)     in_0->z R     unmapped_nor2        120 11.0     0    34     248    (-,-) 
  u_issue/g37891/z                           (u)     in_1->z F     unmapped_nand2         1  1.0     0     9     257    (-,-) 
  u_issue/g37501/z                           (u)     in_1->z R     unmapped_nand2         4  4.0     0    17     274    (-,-) 
  u_issue/g37464/z                           (u)     in_1->z R     unmapped_or2           1  1.0     0     9     283    (-,-) 
  u_issue/g37301/z                           (u)     in_1->z R     unmapped_or2           1  1.0     0     9     292    (-,-) 
  u_issue/g37152/z                           (u)     in_0->z R     unmapped_complex2      1  1.0     0     9     301    (-,-) 
  u_issue/g37136/z                           (u)     in_0->z R     unmapped_complex2      1  1.0     0     9     310    (-,-) 
  u_issue/g37056/z                           (u)     in_1->z F     unmapped_nand2        32 32.0     0    34     344    (-,-) 
  u_issue/g36956/z                           (u)     in_0->z R     unmapped_complex2      6  6.0     0    20     364    (-,-) 
  u_issue/g36633/z                           (u)     in_0->z F     unmapped_complex2      1  1.0     0     9     373    (-,-) 
  u_issue/g36161/z                           (u)     in_1->z R     unmapped_nand2         1  1.0     0     9     382    (-,-) 
  u_issue/g35655/z                           (u)     in_1->z R     unmapped_or2           1  1.0     0     9     392    (-,-) 
  u_issue/g35094/z                           (u)     in_1->z R     unmapped_or2           1  1.0     0     9     401    (-,-) 
  u_issue/g35009/z                           (u)     in_1->z F     unmapped_complex2      1  1.0     0     9     410    (-,-) 
  u_issue/g34738/z                           (u)     in_0->z R     unmapped_nand2         1  1.0     0     9     419    (-,-) 
  u_issue/g34655/z                           (u)     in_1->z F     unmapped_complex2      1  1.0     0     9     428    (-,-) 
  u_issue/g34561/z                           (u)     in_0->z R     unmapped_nand2         2  2.0     0    12     440    (-,-) 
  u_issue/g34558/z                           (u)     in_0->z R     unmapped_or2           1  1.0     0     9     449    (-,-) 
  u_issue/g34549/z                           (u)     in_1->z R     unmapped_or2           3  3.0     0    14     464    (-,-) 
  u_issue/g34545/z                           (u)     in_1->z R     unmapped_or2           2  2.0     0    12     475    (-,-) 
  u_issue/g34528/z                           (u)     in_1->z R     unmapped_or2           1  1.0     0     9     484    (-,-) 
  u_issue/g34283/z                           (u)     in_1->z R     unmapped_complex2      1  1.0     0     9     494    (-,-) 
  u_issue/g38462/z                           (u)     in_0->z F     unmapped_nor2         76 76.0     0    41     534    (-,-) 
  u_issue/g20033/z                           (u)     in_0->z R     unmapped_nand2       181 14.0     0    38     572    (-,-) 
  u_issue/g19778/z                           (u)     in_0->z R     unmapped_complex2      1  1.0     0     9     581    (-,-) 
  u_issue/g19372/z                           (u)     in_1->z F     unmapped_nand2         7  7.0     0    21     602    (-,-) 
  u_lsu/csa_tree_ADD_TC_OP_48_groupi/g1455/z (u)     in_0->z R     unmapped_nand2         3  3.0     0    14     617    (-,-) 
  u_lsu/csa_tree_ADD_TC_OP_48_groupi/g1684/z (u)     in_0->z R     unmapped_complex2      1  1.0     0     9     626    (-,-) 
  u_lsu/csa_tree_ADD_TC_OP_48_groupi/g1660/z (u)     in_0->z F     unmapped_nand2         4  4.0     0    17     643    (-,-) 
  u_lsu/csa_tree_ADD_TC_OP_48_groupi/g1642/z (u)     in_0->z R     unmapped_complex2      1  1.0     0     9     652    (-,-) 
  u_lsu/csa_tree_ADD_TC_OP_48_groupi/g1634/z (u)     in_0->z F     unmapped_complex2      5  5.0     0    19     670    (-,-) 
  u_lsu/csa_tree_ADD_TC_OP_48_groupi/g1618/z (u)     in_0->z R     unmapped_complex2      1  1.0     0     9     680    (-,-) 
  u_lsu/csa_tree_ADD_TC_OP_48_groupi/g1612/z (u)     in_0->z F     unmapped_complex2      6  6.0     0    20     699    (-,-) 
  u_lsu/csa_tree_ADD_TC_OP_48_groupi/g1600/z (u)     in_0->z R     unmapped_complex2      1  1.0     0     9     708    (-,-) 
  u_lsu/csa_tree_ADD_TC_OP_48_groupi/g1584/z (u)     in_0->z F     unmapped_complex2     10 10.0     0    23     732    (-,-) 
  u_lsu/csa_tree_ADD_TC_OP_48_groupi/g1569/z (u)     in_0->z R     unmapped_complex2      1  1.0     0     9     741    (-,-) 
  u_lsu/csa_tree_ADD_TC_OP_48_groupi/g1542/z (u)     in_0->z F     unmapped_complex2      5  5.0     0    19     760    (-,-) 
  u_lsu/csa_tree_ADD_TC_OP_48_groupi/g1524/z (u)     in_1->z R     unmapped_nand2         1  1.0     0     9     769    (-,-) 
  u_lsu/csa_tree_ADD_TC_OP_48_groupi/g1492/z (u)     in_1->z F     unmapped_nand2         2  2.0     0    12     780    (-,-) 
  u_lsu/csa_tree_ADD_TC_OP_48_groupi/g1468/z (u)     in_0->z F     unmapped_or2           1  1.0     0     9     790    (-,-) 
  u_lsu/csa_tree_ADD_TC_OP_48_groupi/g1469/z (u)     in_1->z R     unmapped_nand2         1  1.0     0     9     799    (-,-) 
  u_lsu/g10548/z                             (u)     in_0->z F     unmapped_complex2      1  1.0     0     9     808    (-,-) 
  u_lsu/g10334/z                             (u)     in_1->z R     unmapped_complex2      1  1.0     0     9     817    (-,-) 
  u_lsu/g10276/z                             (u)     in_0->z R     unmapped_complex2      1  1.0     0     9     826    (-,-) 
  u_lsu/mem_addr_q_reg[25]/d                 -       -       R     unmapped_d_flop        1    -     -     0     826    (-,-) 
#-----------------------------------------------------------------------------------------------------------------------------

(u) : Net has unmapped pin(s).



Path 4: VIOLATED (-607 ps) Setup Check with Pin u_lsu/mem_addr_q_reg[23]/clk->d
          Group: clk
     Startpoint: (R) u_lsu/u_lsu_request/rd_ptr_q_reg[0]/clk
          Clock: (R) clk
       Endpoint: (R) u_lsu/mem_addr_q_reg[23]/d
          Clock: (R) clk

                     Capture       Launch     
        Clock Edge:+     250            0     
       Src Latency:+       0            0     
       Net Latency:+       0 (I)        0 (I) 
           Arrival:=     250            0     
                                              
             Setup:-       6                  
       Uncertainty:-      25                  
     Required Time:=     220                  
      Launch Clock:-       0                  
         Data Path:-     826                  
             Slack:=    -607                  

#-----------------------------------------------------------------------------------------------------------------------------
#               Timing Point                 Flags    Arc    Edge       Cell         Fanout Load Trans Delay Arrival Instance 
#                                                                                           (fF)  (ps)  (ps)   (ps)  Location 
#-----------------------------------------------------------------------------------------------------------------------------
  u_lsu/u_lsu_request/rd_ptr_q_reg[0]/clk    -       -       R     (arrival)           5356    -    12     0       0    (-,-) 
  u_lsu/u_lsu_request/rd_ptr_q_reg[0]/q      (u)     clk->q  R     unmapped_d_flop       73 73.0     0    90      90    (-,-) 
  u_lsu/u_lsu_request/g916/z                 (u)     in_0->z F     unmapped_nand2         1  1.0     0     9      99    (-,-) 
  u_lsu/u_lsu_request/g810/z                 (u)     in_1->z R     unmapped_nand2         3  3.0     0    14     114    (-,-) 
  u_lsu/g6410/z                              (u)     in_0->z F     unmapped_complex2      4  4.0     0    17     130    (-,-) 
  u_issue/u_pipe0_ctrl/g5527/z               (u)     in_0->z F     unmapped_or2           2  2.0     0    12     142    (-,-) 
  u_issue/u_pipe0_ctrl/g6457/z               (u)     in_1->z F     unmapped_or2           1  1.0     0     9     151    (-,-) 
  u_issue/u_pipe0_ctrl/g6957/z               (u)     in_0->z R     unmapped_complex2      1  1.0     0     9     160    (-,-) 
  u_issue/u_pipe0_ctrl/g6938/z               (u)     in_1->z F     unmapped_complex2      3  3.0     0    14     175    (-,-) 
  u_issue/g15192/z                           (u)     in_0->z F     unmapped_or2           8  8.0     0    22     197    (-,-) 
  u_issue/g15847/z                           (u)     in_0->z F     unmapped_or2           4  4.0     0    17     213    (-,-) 
  u_issue/g16779/z                           (u)     in_0->z R     unmapped_nor2        120 11.0     0    34     248    (-,-) 
  u_issue/g37891/z                           (u)     in_1->z F     unmapped_nand2         1  1.0     0     9     257    (-,-) 
  u_issue/g37501/z                           (u)     in_1->z R     unmapped_nand2         4  4.0     0    17     274    (-,-) 
  u_issue/g37464/z                           (u)     in_1->z R     unmapped_or2           1  1.0     0     9     283    (-,-) 
  u_issue/g37301/z                           (u)     in_1->z R     unmapped_or2           1  1.0     0     9     292    (-,-) 
  u_issue/g37152/z                           (u)     in_0->z R     unmapped_complex2      1  1.0     0     9     301    (-,-) 
  u_issue/g37136/z                           (u)     in_0->z R     unmapped_complex2      1  1.0     0     9     310    (-,-) 
  u_issue/g37056/z                           (u)     in_1->z F     unmapped_nand2        32 32.0     0    34     344    (-,-) 
  u_issue/g36956/z                           (u)     in_0->z R     unmapped_complex2      6  6.0     0    20     364    (-,-) 
  u_issue/g36633/z                           (u)     in_0->z F     unmapped_complex2      1  1.0     0     9     373    (-,-) 
  u_issue/g36161/z                           (u)     in_1->z R     unmapped_nand2         1  1.0     0     9     382    (-,-) 
  u_issue/g35655/z                           (u)     in_1->z R     unmapped_or2           1  1.0     0     9     392    (-,-) 
  u_issue/g35094/z                           (u)     in_1->z R     unmapped_or2           1  1.0     0     9     401    (-,-) 
  u_issue/g35009/z                           (u)     in_1->z F     unmapped_complex2      1  1.0     0     9     410    (-,-) 
  u_issue/g34738/z                           (u)     in_0->z R     unmapped_nand2         1  1.0     0     9     419    (-,-) 
  u_issue/g34655/z                           (u)     in_1->z F     unmapped_complex2      1  1.0     0     9     428    (-,-) 
  u_issue/g34561/z                           (u)     in_0->z R     unmapped_nand2         2  2.0     0    12     440    (-,-) 
  u_issue/g34558/z                           (u)     in_0->z R     unmapped_or2           1  1.0     0     9     449    (-,-) 
  u_issue/g34549/z                           (u)     in_1->z R     unmapped_or2           3  3.0     0    14     464    (-,-) 
  u_issue/g34545/z                           (u)     in_1->z R     unmapped_or2           2  2.0     0    12     475    (-,-) 
  u_issue/g34528/z                           (u)     in_1->z R     unmapped_or2           1  1.0     0     9     484    (-,-) 
  u_issue/g34283/z                           (u)     in_1->z R     unmapped_complex2      1  1.0     0     9     494    (-,-) 
  u_issue/g38462/z                           (u)     in_0->z F     unmapped_nor2         76 76.0     0    41     534    (-,-) 
  u_issue/g20033/z                           (u)     in_0->z R     unmapped_nand2       181 14.0     0    38     572    (-,-) 
  u_issue/g19778/z                           (u)     in_0->z R     unmapped_complex2      1  1.0     0     9     581    (-,-) 
  u_issue/g19372/z                           (u)     in_1->z F     unmapped_nand2         7  7.0     0    21     602    (-,-) 
  u_lsu/csa_tree_ADD_TC_OP_48_groupi/g1455/z (u)     in_0->z R     unmapped_nand2         3  3.0     0    14     617    (-,-) 
  u_lsu/csa_tree_ADD_TC_OP_48_groupi/g1684/z (u)     in_0->z R     unmapped_complex2      1  1.0     0     9     626    (-,-) 
  u_lsu/csa_tree_ADD_TC_OP_48_groupi/g1660/z (u)     in_0->z F     unmapped_nand2         4  4.0     0    17     643    (-,-) 
  u_lsu/csa_tree_ADD_TC_OP_48_groupi/g1642/z (u)     in_0->z R     unmapped_complex2      1  1.0     0     9     652    (-,-) 
  u_lsu/csa_tree_ADD_TC_OP_48_groupi/g1634/z (u)     in_0->z F     unmapped_complex2      5  5.0     0    19     670    (-,-) 
  u_lsu/csa_tree_ADD_TC_OP_48_groupi/g1618/z (u)     in_0->z R     unmapped_complex2      1  1.0     0     9     680    (-,-) 
  u_lsu/csa_tree_ADD_TC_OP_48_groupi/g1612/z (u)     in_0->z F     unmapped_complex2      6  6.0     0    20     699    (-,-) 
  u_lsu/csa_tree_ADD_TC_OP_48_groupi/g1600/z (u)     in_0->z R     unmapped_complex2      1  1.0     0     9     708    (-,-) 
  u_lsu/csa_tree_ADD_TC_OP_48_groupi/g1584/z (u)     in_0->z F     unmapped_complex2     10 10.0     0    23     732    (-,-) 
  u_lsu/csa_tree_ADD_TC_OP_48_groupi/g1543/z (u)     in_0->z R     unmapped_complex2      1  1.0     0     9     741    (-,-) 
  u_lsu/csa_tree_ADD_TC_OP_48_groupi/g1541/z (u)     in_0->z F     unmapped_complex2      5  5.0     0    19     760    (-,-) 
  u_lsu/csa_tree_ADD_TC_OP_48_groupi/g1509/z (u)     in_0->z R     unmapped_complex2      1  1.0     0     9     769    (-,-) 
  u_lsu/csa_tree_ADD_TC_OP_48_groupi/g1486/z (u)     in_0->z F     unmapped_complex2      2  2.0     0    12     780    (-,-) 
  u_lsu/csa_tree_ADD_TC_OP_48_groupi/g1477/z (u)     in_0->z F     unmapped_or2           1  1.0     0     9     790    (-,-) 
  u_lsu/csa_tree_ADD_TC_OP_48_groupi/g1478/z (u)     in_1->z R     unmapped_nand2         1  1.0     0     9     799    (-,-) 
  u_lsu/g10570/z                             (u)     in_0->z F     unmapped_complex2      1  1.0     0     9     808    (-,-) 
  u_lsu/g10401/z                             (u)     in_1->z R     unmapped_complex2      1  1.0     0     9     817    (-,-) 
  u_lsu/g10258/z                             (u)     in_0->z R     unmapped_complex2      1  1.0     0     9     826    (-,-) 
  u_lsu/mem_addr_q_reg[23]/d                 -       -       R     unmapped_d_flop        1    -     -     0     826    (-,-) 
#-----------------------------------------------------------------------------------------------------------------------------

(u) : Net has unmapped pin(s).



Path 5: VIOLATED (-607 ps) Setup Check with Pin u_lsu/mem_addr_q_reg[22]/clk->d
          Group: clk
     Startpoint: (R) u_lsu/u_lsu_request/rd_ptr_q_reg[0]/clk
          Clock: (R) clk
       Endpoint: (R) u_lsu/mem_addr_q_reg[22]/d
          Clock: (R) clk

                     Capture       Launch     
        Clock Edge:+     250            0     
       Src Latency:+       0            0     
       Net Latency:+       0 (I)        0 (I) 
           Arrival:=     250            0     
                                              
             Setup:-       6                  
       Uncertainty:-      25                  
     Required Time:=     220                  
      Launch Clock:-       0                  
         Data Path:-     826                  
             Slack:=    -607                  

#-----------------------------------------------------------------------------------------------------------------------------
#               Timing Point                 Flags    Arc    Edge       Cell         Fanout Load Trans Delay Arrival Instance 
#                                                                                           (fF)  (ps)  (ps)   (ps)  Location 
#-----------------------------------------------------------------------------------------------------------------------------
  u_lsu/u_lsu_request/rd_ptr_q_reg[0]/clk    -       -       R     (arrival)           5356    -    12     0       0    (-,-) 
  u_lsu/u_lsu_request/rd_ptr_q_reg[0]/q      (u)     clk->q  R     unmapped_d_flop       73 73.0     0    90      90    (-,-) 
  u_lsu/u_lsu_request/g916/z                 (u)     in_0->z F     unmapped_nand2         1  1.0     0     9      99    (-,-) 
  u_lsu/u_lsu_request/g810/z                 (u)     in_1->z R     unmapped_nand2         3  3.0     0    14     114    (-,-) 
  u_lsu/g6410/z                              (u)     in_0->z F     unmapped_complex2      4  4.0     0    17     130    (-,-) 
  u_issue/u_pipe0_ctrl/g5527/z               (u)     in_0->z F     unmapped_or2           2  2.0     0    12     142    (-,-) 
  u_issue/u_pipe0_ctrl/g6457/z               (u)     in_1->z F     unmapped_or2           1  1.0     0     9     151    (-,-) 
  u_issue/u_pipe0_ctrl/g6957/z               (u)     in_0->z R     unmapped_complex2      1  1.0     0     9     160    (-,-) 
  u_issue/u_pipe0_ctrl/g6938/z               (u)     in_1->z F     unmapped_complex2      3  3.0     0    14     175    (-,-) 
  u_issue/g15192/z                           (u)     in_0->z F     unmapped_or2           8  8.0     0    22     197    (-,-) 
  u_issue/g15847/z                           (u)     in_0->z F     unmapped_or2           4  4.0     0    17     213    (-,-) 
  u_issue/g16779/z                           (u)     in_0->z R     unmapped_nor2        120 11.0     0    34     248    (-,-) 
  u_issue/g37891/z                           (u)     in_1->z F     unmapped_nand2         1  1.0     0     9     257    (-,-) 
  u_issue/g37501/z                           (u)     in_1->z R     unmapped_nand2         4  4.0     0    17     274    (-,-) 
  u_issue/g37464/z                           (u)     in_1->z R     unmapped_or2           1  1.0     0     9     283    (-,-) 
  u_issue/g37301/z                           (u)     in_1->z R     unmapped_or2           1  1.0     0     9     292    (-,-) 
  u_issue/g37152/z                           (u)     in_0->z R     unmapped_complex2      1  1.0     0     9     301    (-,-) 
  u_issue/g37136/z                           (u)     in_0->z R     unmapped_complex2      1  1.0     0     9     310    (-,-) 
  u_issue/g37056/z                           (u)     in_1->z F     unmapped_nand2        32 32.0     0    34     344    (-,-) 
  u_issue/g36956/z                           (u)     in_0->z R     unmapped_complex2      6  6.0     0    20     364    (-,-) 
  u_issue/g36633/z                           (u)     in_0->z F     unmapped_complex2      1  1.0     0     9     373    (-,-) 
  u_issue/g36161/z                           (u)     in_1->z R     unmapped_nand2         1  1.0     0     9     382    (-,-) 
  u_issue/g35655/z                           (u)     in_1->z R     unmapped_or2           1  1.0     0     9     392    (-,-) 
  u_issue/g35094/z                           (u)     in_1->z R     unmapped_or2           1  1.0     0     9     401    (-,-) 
  u_issue/g35009/z                           (u)     in_1->z F     unmapped_complex2      1  1.0     0     9     410    (-,-) 
  u_issue/g34738/z                           (u)     in_0->z R     unmapped_nand2         1  1.0     0     9     419    (-,-) 
  u_issue/g34655/z                           (u)     in_1->z F     unmapped_complex2      1  1.0     0     9     428    (-,-) 
  u_issue/g34561/z                           (u)     in_0->z R     unmapped_nand2         2  2.0     0    12     440    (-,-) 
  u_issue/g34558/z                           (u)     in_0->z R     unmapped_or2           1  1.0     0     9     449    (-,-) 
  u_issue/g34549/z                           (u)     in_1->z R     unmapped_or2           3  3.0     0    14     464    (-,-) 
  u_issue/g34545/z                           (u)     in_1->z R     unmapped_or2           2  2.0     0    12     475    (-,-) 
  u_issue/g34528/z                           (u)     in_1->z R     unmapped_or2           1  1.0     0     9     484    (-,-) 
  u_issue/g34283/z                           (u)     in_1->z R     unmapped_complex2      1  1.0     0     9     494    (-,-) 
  u_issue/g38462/z                           (u)     in_0->z F     unmapped_nor2         76 76.0     0    41     534    (-,-) 
  u_issue/g20033/z                           (u)     in_0->z R     unmapped_nand2       181 14.0     0    38     572    (-,-) 
  u_issue/g19778/z                           (u)     in_0->z R     unmapped_complex2      1  1.0     0     9     581    (-,-) 
  u_issue/g19372/z                           (u)     in_1->z F     unmapped_nand2         7  7.0     0    21     602    (-,-) 
  u_lsu/csa_tree_ADD_TC_OP_48_groupi/g1455/z (u)     in_0->z R     unmapped_nand2         3  3.0     0    14     617    (-,-) 
  u_lsu/csa_tree_ADD_TC_OP_48_groupi/g1684/z (u)     in_0->z R     unmapped_complex2      1  1.0     0     9     626    (-,-) 
  u_lsu/csa_tree_ADD_TC_OP_48_groupi/g1660/z (u)     in_0->z F     unmapped_nand2         4  4.0     0    17     643    (-,-) 
  u_lsu/csa_tree_ADD_TC_OP_48_groupi/g1642/z (u)     in_0->z R     unmapped_complex2      1  1.0     0     9     652    (-,-) 
  u_lsu/csa_tree_ADD_TC_OP_48_groupi/g1634/z (u)     in_0->z F     unmapped_complex2      5  5.0     0    19     670    (-,-) 
  u_lsu/csa_tree_ADD_TC_OP_48_groupi/g1618/z (u)     in_0->z R     unmapped_complex2      1  1.0     0     9     680    (-,-) 
  u_lsu/csa_tree_ADD_TC_OP_48_groupi/g1612/z (u)     in_0->z F     unmapped_complex2      6  6.0     0    20     699    (-,-) 
  u_lsu/csa_tree_ADD_TC_OP_48_groupi/g1600/z (u)     in_0->z R     unmapped_complex2      1  1.0     0     9     708    (-,-) 
  u_lsu/csa_tree_ADD_TC_OP_48_groupi/g1584/z (u)     in_0->z F     unmapped_complex2     10 10.0     0    23     732    (-,-) 
  u_lsu/csa_tree_ADD_TC_OP_48_groupi/g1543/z (u)     in_0->z R     unmapped_complex2      1  1.0     0     9     741    (-,-) 
  u_lsu/csa_tree_ADD_TC_OP_48_groupi/g1541/z (u)     in_0->z F     unmapped_complex2      5  5.0     0    19     760    (-,-) 
  u_lsu/csa_tree_ADD_TC_OP_48_groupi/g1502/z (u)     in_0->z R     unmapped_complex2      1  1.0     0     9     769    (-,-) 
  u_lsu/csa_tree_ADD_TC_OP_48_groupi/g1487/z (u)     in_0->z F     unmapped_complex2      2  2.0     0    12     780    (-,-) 
  u_lsu/csa_tree_ADD_TC_OP_48_groupi/g1462/z (u)     in_0->z F     unmapped_or2           1  1.0     0     9     790    (-,-) 
  u_lsu/csa_tree_ADD_TC_OP_48_groupi/g1463/z (u)     in_1->z R     unmapped_nand2         1  1.0     0     9     799    (-,-) 
  u_lsu/g10527/z                             (u)     in_0->z F     unmapped_complex2      1  1.0     0     9     808    (-,-) 
  u_lsu/g10359/z                             (u)     in_1->z R     unmapped_complex2      1  1.0     0     9     817    (-,-) 
  u_lsu/g10279/z                             (u)     in_0->z R     unmapped_complex2      1  1.0     0     9     826    (-,-) 
  u_lsu/mem_addr_q_reg[22]/d                 -       -       R     unmapped_d_flop        1    -     -     0     826    (-,-) 
#-----------------------------------------------------------------------------------------------------------------------------

(u) : Net has unmapped pin(s).



Path 6: VIOLATED (-607 ps) Setup Check with Pin u_lsu/mem_addr_q_reg[21]/clk->d
          Group: clk
     Startpoint: (R) u_lsu/u_lsu_request/rd_ptr_q_reg[0]/clk
          Clock: (R) clk
       Endpoint: (R) u_lsu/mem_addr_q_reg[21]/d
          Clock: (R) clk

                     Capture       Launch     
        Clock Edge:+     250            0     
       Src Latency:+       0            0     
       Net Latency:+       0 (I)        0 (I) 
           Arrival:=     250            0     
                                              
             Setup:-       6                  
       Uncertainty:-      25                  
     Required Time:=     220                  
      Launch Clock:-       0                  
         Data Path:-     826                  
             Slack:=    -607                  

#-----------------------------------------------------------------------------------------------------------------------------
#               Timing Point                 Flags    Arc    Edge       Cell         Fanout Load Trans Delay Arrival Instance 
#                                                                                           (fF)  (ps)  (ps)   (ps)  Location 
#-----------------------------------------------------------------------------------------------------------------------------
  u_lsu/u_lsu_request/rd_ptr_q_reg[0]/clk    -       -       R     (arrival)           5356    -    12     0       0    (-,-) 
  u_lsu/u_lsu_request/rd_ptr_q_reg[0]/q      (u)     clk->q  R     unmapped_d_flop       73 73.0     0    90      90    (-,-) 
  u_lsu/u_lsu_request/g916/z                 (u)     in_0->z F     unmapped_nand2         1  1.0     0     9      99    (-,-) 
  u_lsu/u_lsu_request/g810/z                 (u)     in_1->z R     unmapped_nand2         3  3.0     0    14     114    (-,-) 
  u_lsu/g6410/z                              (u)     in_0->z F     unmapped_complex2      4  4.0     0    17     130    (-,-) 
  u_issue/u_pipe0_ctrl/g5527/z               (u)     in_0->z F     unmapped_or2           2  2.0     0    12     142    (-,-) 
  u_issue/u_pipe0_ctrl/g6457/z               (u)     in_1->z F     unmapped_or2           1  1.0     0     9     151    (-,-) 
  u_issue/u_pipe0_ctrl/g6957/z               (u)     in_0->z R     unmapped_complex2      1  1.0     0     9     160    (-,-) 
  u_issue/u_pipe0_ctrl/g6938/z               (u)     in_1->z F     unmapped_complex2      3  3.0     0    14     175    (-,-) 
  u_issue/g15192/z                           (u)     in_0->z F     unmapped_or2           8  8.0     0    22     197    (-,-) 
  u_issue/g15847/z                           (u)     in_0->z F     unmapped_or2           4  4.0     0    17     213    (-,-) 
  u_issue/g16779/z                           (u)     in_0->z R     unmapped_nor2        120 11.0     0    34     248    (-,-) 
  u_issue/g37891/z                           (u)     in_1->z F     unmapped_nand2         1  1.0     0     9     257    (-,-) 
  u_issue/g37501/z                           (u)     in_1->z R     unmapped_nand2         4  4.0     0    17     274    (-,-) 
  u_issue/g37464/z                           (u)     in_1->z R     unmapped_or2           1  1.0     0     9     283    (-,-) 
  u_issue/g37301/z                           (u)     in_1->z R     unmapped_or2           1  1.0     0     9     292    (-,-) 
  u_issue/g37152/z                           (u)     in_0->z R     unmapped_complex2      1  1.0     0     9     301    (-,-) 
  u_issue/g37136/z                           (u)     in_0->z R     unmapped_complex2      1  1.0     0     9     310    (-,-) 
  u_issue/g37056/z                           (u)     in_1->z F     unmapped_nand2        32 32.0     0    34     344    (-,-) 
  u_issue/g36956/z                           (u)     in_0->z R     unmapped_complex2      6  6.0     0    20     364    (-,-) 
  u_issue/g36633/z                           (u)     in_0->z F     unmapped_complex2      1  1.0     0     9     373    (-,-) 
  u_issue/g36161/z                           (u)     in_1->z R     unmapped_nand2         1  1.0     0     9     382    (-,-) 
  u_issue/g35655/z                           (u)     in_1->z R     unmapped_or2           1  1.0     0     9     392    (-,-) 
  u_issue/g35094/z                           (u)     in_1->z R     unmapped_or2           1  1.0     0     9     401    (-,-) 
  u_issue/g35009/z                           (u)     in_1->z F     unmapped_complex2      1  1.0     0     9     410    (-,-) 
  u_issue/g34738/z                           (u)     in_0->z R     unmapped_nand2         1  1.0     0     9     419    (-,-) 
  u_issue/g34655/z                           (u)     in_1->z F     unmapped_complex2      1  1.0     0     9     428    (-,-) 
  u_issue/g34561/z                           (u)     in_0->z R     unmapped_nand2         2  2.0     0    12     440    (-,-) 
  u_issue/g34558/z                           (u)     in_0->z R     unmapped_or2           1  1.0     0     9     449    (-,-) 
  u_issue/g34549/z                           (u)     in_1->z R     unmapped_or2           3  3.0     0    14     464    (-,-) 
  u_issue/g34545/z                           (u)     in_1->z R     unmapped_or2           2  2.0     0    12     475    (-,-) 
  u_issue/g34528/z                           (u)     in_1->z R     unmapped_or2           1  1.0     0     9     484    (-,-) 
  u_issue/g34283/z                           (u)     in_1->z R     unmapped_complex2      1  1.0     0     9     494    (-,-) 
  u_issue/g38462/z                           (u)     in_0->z F     unmapped_nor2         76 76.0     0    41     534    (-,-) 
  u_issue/g20033/z                           (u)     in_0->z R     unmapped_nand2       181 14.0     0    38     572    (-,-) 
  u_issue/g19778/z                           (u)     in_0->z R     unmapped_complex2      1  1.0     0     9     581    (-,-) 
  u_issue/g19372/z                           (u)     in_1->z F     unmapped_nand2         7  7.0     0    21     602    (-,-) 
  u_lsu/csa_tree_ADD_TC_OP_48_groupi/g1455/z (u)     in_0->z R     unmapped_nand2         3  3.0     0    14     617    (-,-) 
  u_lsu/csa_tree_ADD_TC_OP_48_groupi/g1684/z (u)     in_0->z R     unmapped_complex2      1  1.0     0     9     626    (-,-) 
  u_lsu/csa_tree_ADD_TC_OP_48_groupi/g1660/z (u)     in_0->z F     unmapped_nand2         4  4.0     0    17     643    (-,-) 
  u_lsu/csa_tree_ADD_TC_OP_48_groupi/g1642/z (u)     in_0->z R     unmapped_complex2      1  1.0     0     9     652    (-,-) 
  u_lsu/csa_tree_ADD_TC_OP_48_groupi/g1634/z (u)     in_0->z F     unmapped_complex2      5  5.0     0    19     670    (-,-) 
  u_lsu/csa_tree_ADD_TC_OP_48_groupi/g1618/z (u)     in_0->z R     unmapped_complex2      1  1.0     0     9     680    (-,-) 
  u_lsu/csa_tree_ADD_TC_OP_48_groupi/g1612/z (u)     in_0->z F     unmapped_complex2      6  6.0     0    20     699    (-,-) 
  u_lsu/csa_tree_ADD_TC_OP_48_groupi/g1600/z (u)     in_0->z R     unmapped_complex2      1  1.0     0     9     708    (-,-) 
  u_lsu/csa_tree_ADD_TC_OP_48_groupi/g1584/z (u)     in_0->z F     unmapped_complex2     10 10.0     0    23     732    (-,-) 
  u_lsu/csa_tree_ADD_TC_OP_48_groupi/g1543/z (u)     in_0->z R     unmapped_complex2      1  1.0     0     9     741    (-,-) 
  u_lsu/csa_tree_ADD_TC_OP_48_groupi/g1541/z (u)     in_0->z F     unmapped_complex2      5  5.0     0    19     760    (-,-) 
  u_lsu/csa_tree_ADD_TC_OP_48_groupi/g1493/z (u)     in_1->z R     unmapped_nand2         1  1.0     0     9     769    (-,-) 
  u_lsu/csa_tree_ADD_TC_OP_48_groupi/g1482/z (u)     in_1->z F     unmapped_nand2         2  2.0     0    12     780    (-,-) 
  u_lsu/csa_tree_ADD_TC_OP_48_groupi/g1474/z (u)     in_0->z F     unmapped_or2           1  1.0     0     9     790    (-,-) 
  u_lsu/csa_tree_ADD_TC_OP_48_groupi/g1475/z (u)     in_1->z R     unmapped_nand2         1  1.0     0     9     799    (-,-) 
  u_lsu/g10582/z                             (u)     in_0->z F     unmapped_complex2      1  1.0     0     9     808    (-,-) 
  u_lsu/g10395/z                             (u)     in_1->z R     unmapped_complex2      1  1.0     0     9     817    (-,-) 
  u_lsu/g10259/z                             (u)     in_0->z R     unmapped_complex2      1  1.0     0     9     826    (-,-) 
  u_lsu/mem_addr_q_reg[21]/d                 -       -       R     unmapped_d_flop        1    -     -     0     826    (-,-) 
#-----------------------------------------------------------------------------------------------------------------------------

(u) : Net has unmapped pin(s).



Path 7: VIOLATED (-603 ps) Setup Check with Pin u_lsu/mem_addr_q_reg[19]/clk->d
          Group: clk
     Startpoint: (R) u_lsu/u_lsu_request/rd_ptr_q_reg[0]/clk
          Clock: (R) clk
       Endpoint: (R) u_lsu/mem_addr_q_reg[19]/d
          Clock: (R) clk

                     Capture       Launch     
        Clock Edge:+     250            0     
       Src Latency:+       0            0     
       Net Latency:+       0 (I)        0 (I) 
           Arrival:=     250            0     
                                              
             Setup:-       6                  
       Uncertainty:-      25                  
     Required Time:=     220                  
      Launch Clock:-       0                  
         Data Path:-     822                  
             Slack:=    -603                  

#-----------------------------------------------------------------------------------------------------------------------------
#               Timing Point                 Flags    Arc    Edge       Cell         Fanout Load Trans Delay Arrival Instance 
#                                                                                           (fF)  (ps)  (ps)   (ps)  Location 
#-----------------------------------------------------------------------------------------------------------------------------
  u_lsu/u_lsu_request/rd_ptr_q_reg[0]/clk    -       -       R     (arrival)           5356    -    12     0       0    (-,-) 
  u_lsu/u_lsu_request/rd_ptr_q_reg[0]/q      (u)     clk->q  R     unmapped_d_flop       73 73.0     0    90      90    (-,-) 
  u_lsu/u_lsu_request/g916/z                 (u)     in_0->z F     unmapped_nand2         1  1.0     0     9      99    (-,-) 
  u_lsu/u_lsu_request/g810/z                 (u)     in_1->z R     unmapped_nand2         3  3.0     0    14     114    (-,-) 
  u_lsu/g6410/z                              (u)     in_0->z F     unmapped_complex2      4  4.0     0    17     130    (-,-) 
  u_issue/u_pipe0_ctrl/g5527/z               (u)     in_0->z F     unmapped_or2           2  2.0     0    12     142    (-,-) 
  u_issue/u_pipe0_ctrl/g6457/z               (u)     in_1->z F     unmapped_or2           1  1.0     0     9     151    (-,-) 
  u_issue/u_pipe0_ctrl/g6957/z               (u)     in_0->z R     unmapped_complex2      1  1.0     0     9     160    (-,-) 
  u_issue/u_pipe0_ctrl/g6938/z               (u)     in_1->z F     unmapped_complex2      3  3.0     0    14     175    (-,-) 
  u_issue/g15192/z                           (u)     in_0->z F     unmapped_or2           8  8.0     0    22     197    (-,-) 
  u_issue/g15847/z                           (u)     in_0->z F     unmapped_or2           4  4.0     0    17     213    (-,-) 
  u_issue/g16779/z                           (u)     in_0->z R     unmapped_nor2        120 11.0     0    34     248    (-,-) 
  u_issue/g37891/z                           (u)     in_1->z F     unmapped_nand2         1  1.0     0     9     257    (-,-) 
  u_issue/g37501/z                           (u)     in_1->z R     unmapped_nand2         4  4.0     0    17     274    (-,-) 
  u_issue/g37464/z                           (u)     in_1->z R     unmapped_or2           1  1.0     0     9     283    (-,-) 
  u_issue/g37301/z                           (u)     in_1->z R     unmapped_or2           1  1.0     0     9     292    (-,-) 
  u_issue/g37152/z                           (u)     in_0->z R     unmapped_complex2      1  1.0     0     9     301    (-,-) 
  u_issue/g37136/z                           (u)     in_0->z R     unmapped_complex2      1  1.0     0     9     310    (-,-) 
  u_issue/g37056/z                           (u)     in_1->z F     unmapped_nand2        32 32.0     0    34     344    (-,-) 
  u_issue/g36956/z                           (u)     in_0->z R     unmapped_complex2      6  6.0     0    20     364    (-,-) 
  u_issue/g36633/z                           (u)     in_0->z F     unmapped_complex2      1  1.0     0     9     373    (-,-) 
  u_issue/g36161/z                           (u)     in_1->z R     unmapped_nand2         1  1.0     0     9     382    (-,-) 
  u_issue/g35655/z                           (u)     in_1->z R     unmapped_or2           1  1.0     0     9     392    (-,-) 
  u_issue/g35094/z                           (u)     in_1->z R     unmapped_or2           1  1.0     0     9     401    (-,-) 
  u_issue/g35009/z                           (u)     in_1->z F     unmapped_complex2      1  1.0     0     9     410    (-,-) 
  u_issue/g34738/z                           (u)     in_0->z R     unmapped_nand2         1  1.0     0     9     419    (-,-) 
  u_issue/g34655/z                           (u)     in_1->z F     unmapped_complex2      1  1.0     0     9     428    (-,-) 
  u_issue/g34561/z                           (u)     in_0->z R     unmapped_nand2         2  2.0     0    12     440    (-,-) 
  u_issue/g34558/z                           (u)     in_0->z R     unmapped_or2           1  1.0     0     9     449    (-,-) 
  u_issue/g34549/z                           (u)     in_1->z R     unmapped_or2           3  3.0     0    14     464    (-,-) 
  u_issue/g34545/z                           (u)     in_1->z R     unmapped_or2           2  2.0     0    12     475    (-,-) 
  u_issue/g34528/z                           (u)     in_1->z R     unmapped_or2           1  1.0     0     9     484    (-,-) 
  u_issue/g34283/z                           (u)     in_1->z R     unmapped_complex2      1  1.0     0     9     494    (-,-) 
  u_issue/g38462/z                           (u)     in_0->z F     unmapped_nor2         76 76.0     0    41     534    (-,-) 
  u_issue/g20033/z                           (u)     in_0->z R     unmapped_nand2       181 14.0     0    38     572    (-,-) 
  u_issue/g19778/z                           (u)     in_0->z R     unmapped_complex2      1  1.0     0     9     581    (-,-) 
  u_issue/g19372/z                           (u)     in_1->z F     unmapped_nand2         7  7.0     0    21     602    (-,-) 
  u_lsu/csa_tree_ADD_TC_OP_48_groupi/g1455/z (u)     in_0->z R     unmapped_nand2         3  3.0     0    14     617    (-,-) 
  u_lsu/csa_tree_ADD_TC_OP_48_groupi/g1684/z (u)     in_0->z R     unmapped_complex2      1  1.0     0     9     626    (-,-) 
  u_lsu/csa_tree_ADD_TC_OP_48_groupi/g1660/z (u)     in_0->z F     unmapped_nand2         4  4.0     0    17     643    (-,-) 
  u_lsu/csa_tree_ADD_TC_OP_48_groupi/g1642/z (u)     in_0->z R     unmapped_complex2      1  1.0     0     9     652    (-,-) 
  u_lsu/csa_tree_ADD_TC_OP_48_groupi/g1634/z (u)     in_0->z F     unmapped_complex2      5  5.0     0    19     670    (-,-) 
  u_lsu/csa_tree_ADD_TC_OP_48_groupi/g1618/z (u)     in_0->z R     unmapped_complex2      1  1.0     0     9     680    (-,-) 
  u_lsu/csa_tree_ADD_TC_OP_48_groupi/g1612/z (u)     in_0->z F     unmapped_complex2      6  6.0     0    20     699    (-,-) 
  u_lsu/csa_tree_ADD_TC_OP_48_groupi/g1600/z (u)     in_0->z R     unmapped_complex2      1  1.0     0     9     708    (-,-) 
  u_lsu/csa_tree_ADD_TC_OP_48_groupi/g1584/z (u)     in_0->z F     unmapped_complex2     10 10.0     0    23     732    (-,-) 
  u_lsu/csa_tree_ADD_TC_OP_48_groupi/g1572/z (u)     in_0->z R     unmapped_complex2      1  1.0     0     9     741    (-,-) 
  u_lsu/csa_tree_ADD_TC_OP_48_groupi/g1538/z (u)     in_1->z F     unmapped_nand2         3  3.0     0    14     756    (-,-) 
  u_lsu/csa_tree_ADD_TC_OP_48_groupi/g1519/z (u)     in_1->z R     unmapped_nand2         1  1.0     0     9     765    (-,-) 
  u_lsu/csa_tree_ADD_TC_OP_48_groupi/g1484/z (u)     in_1->z F     unmapped_nand2         2  2.0     0    12     776    (-,-) 
  u_lsu/csa_tree_ADD_TC_OP_48_groupi/g1471/z (u)     in_0->z F     unmapped_or2           1  1.0     0     9     786    (-,-) 
  u_lsu/csa_tree_ADD_TC_OP_48_groupi/g1472/z (u)     in_1->z R     unmapped_nand2         1  1.0     0     9     795    (-,-) 
  u_lsu/g10590/z                             (u)     in_0->z F     unmapped_complex2      1  1.0     0     9     804    (-,-) 
  u_lsu/g10391/z                             (u)     in_1->z R     unmapped_complex2      1  1.0     0     9     813    (-,-) 
  u_lsu/g10260/z                             (u)     in_0->z R     unmapped_complex2      1  1.0     0     9     822    (-,-) 
  u_lsu/mem_addr_q_reg[19]/d                 -       -       R     unmapped_d_flop        1    -     -     0     822    (-,-) 
#-----------------------------------------------------------------------------------------------------------------------------

(u) : Net has unmapped pin(s).



Path 8: VIOLATED (-600 ps) Setup Check with Pin u_lsu/mem_cacheable_q_reg/clk->d
          Group: clk
     Startpoint: (R) u_lsu/u_lsu_request/rd_ptr_q_reg[0]/clk
          Clock: (R) clk
       Endpoint: (R) u_lsu/mem_cacheable_q_reg/d
          Clock: (R) clk

                     Capture       Launch     
        Clock Edge:+     250            0     
       Src Latency:+       0            0     
       Net Latency:+       0 (I)        0 (I) 
           Arrival:=     250            0     
                                              
             Setup:-       6                  
       Uncertainty:-      25                  
     Required Time:=     220                  
      Launch Clock:-       0                  
         Data Path:-     820                  
             Slack:=    -600                  

#--------------------------------------------------------------------------------------------------------------------------
#              Timing Point               Flags    Arc    Edge       Cell         Fanout Load Trans Delay Arrival Instance 
#                                                                                        (fF)  (ps)  (ps)   (ps)  Location 
#--------------------------------------------------------------------------------------------------------------------------
  u_lsu/u_lsu_request/rd_ptr_q_reg[0]/clk -       -       R     (arrival)           5356    -    12     0       0    (-,-) 
  u_lsu/u_lsu_request/rd_ptr_q_reg[0]/q   (u)     clk->q  R     unmapped_d_flop       73 73.0     0    90      90    (-,-) 
  u_lsu/u_lsu_request/g916/z              (u)     in_0->z F     unmapped_nand2         1  1.0     0     9      99    (-,-) 
  u_lsu/u_lsu_request/g810/z              (u)     in_1->z R     unmapped_nand2         3  3.0     0    14     114    (-,-) 
  u_lsu/g6410/z                           (u)     in_0->z F     unmapped_complex2      4  4.0     0    17     130    (-,-) 
  u_issue/u_pipe0_ctrl/g5527/z            (u)     in_0->z F     unmapped_or2           2  2.0     0    12     142    (-,-) 
  u_issue/u_pipe0_ctrl/g6457/z            (u)     in_1->z F     unmapped_or2           1  1.0     0     9     151    (-,-) 
  u_issue/u_pipe0_ctrl/g6957/z            (u)     in_0->z R     unmapped_complex2      1  1.0     0     9     160    (-,-) 
  u_issue/u_pipe0_ctrl/g6938/z            (u)     in_1->z F     unmapped_complex2      3  3.0     0    14     175    (-,-) 
  u_issue/g15192/z                        (u)     in_0->z F     unmapped_or2           8  8.0     0    22     197    (-,-) 
  u_issue/g15847/z                        (u)     in_0->z F     unmapped_or2           4  4.0     0    17     213    (-,-) 
  u_issue/g16779/z                        (u)     in_0->z R     unmapped_nor2        120 11.0     0    34     248    (-,-) 
  u_issue/g37891/z                        (u)     in_1->z F     unmapped_nand2         1  1.0     0     9     257    (-,-) 
  u_issue/g37501/z                        (u)     in_1->z R     unmapped_nand2         4  4.0     0    17     274    (-,-) 
  u_issue/g37464/z                        (u)     in_1->z R     unmapped_or2           1  1.0     0     9     283    (-,-) 
  u_issue/g37301/z                        (u)     in_1->z R     unmapped_or2           1  1.0     0     9     292    (-,-) 
  u_issue/g37152/z                        (u)     in_0->z R     unmapped_complex2      1  1.0     0     9     301    (-,-) 
  u_issue/g37136/z                        (u)     in_0->z R     unmapped_complex2      1  1.0     0     9     310    (-,-) 
  u_issue/g37056/z                        (u)     in_1->z F     unmapped_nand2        32 32.0     0    34     344    (-,-) 
  u_issue/g36956/z                        (u)     in_0->z R     unmapped_complex2      6  6.0     0    20     364    (-,-) 
  u_issue/g36633/z                        (u)     in_0->z F     unmapped_complex2      1  1.0     0     9     373    (-,-) 
  u_issue/g36161/z                        (u)     in_1->z R     unmapped_nand2         1  1.0     0     9     382    (-,-) 
  u_issue/g35655/z                        (u)     in_1->z R     unmapped_or2           1  1.0     0     9     392    (-,-) 
  u_issue/g35094/z                        (u)     in_1->z R     unmapped_or2           1  1.0     0     9     401    (-,-) 
  u_issue/g35009/z                        (u)     in_1->z F     unmapped_complex2      1  1.0     0     9     410    (-,-) 
  u_issue/g34738/z                        (u)     in_0->z R     unmapped_nand2         1  1.0     0     9     419    (-,-) 
  u_issue/g34655/z                        (u)     in_1->z F     unmapped_complex2      1  1.0     0     9     428    (-,-) 
  u_issue/g34561/z                        (u)     in_0->z R     unmapped_nand2         2  2.0     0    12     440    (-,-) 
  u_issue/g34558/z                        (u)     in_0->z R     unmapped_or2           1  1.0     0     9     449    (-,-) 
  u_issue/g34549/z                        (u)     in_1->z R     unmapped_or2           3  3.0     0    14     464    (-,-) 
  u_issue/g34545/z                        (u)     in_1->z R     unmapped_or2           2  2.0     0    12     475    (-,-) 
  u_issue/g34528/z                        (u)     in_1->z R     unmapped_or2           1  1.0     0     9     484    (-,-) 
  u_issue/g34283/z                        (u)     in_1->z R     unmapped_complex2      1  1.0     0     9     494    (-,-) 
  u_issue/g38462/z                        (u)     in_0->z F     unmapped_nor2         76 76.0     0    41     534    (-,-) 
  u_issue/g20033/z                        (u)     in_0->z R     unmapped_nand2       181 14.0     0    38     572    (-,-) 
  u_issue/g19778/z                        (u)     in_0->z R     unmapped_complex2      1  1.0     0     9     581    (-,-) 
  u_issue/g19372/z                        (u)     in_1->z F     unmapped_nand2         7  7.0     0    21     602    (-,-) 
  u_lsu/ADD_TC_OP_45/g5/z                 (u)     in_0->z R     unmapped_nand2         3  3.0     0    14     617    (-,-) 
  u_lsu/ADD_TC_OP_45/g823/z               (u)     in_0->z R     unmapped_complex2      1  1.0     0     9     626    (-,-) 
  u_lsu/ADD_TC_OP_45/g73/z                (u)     in_1->z F     unmapped_nand2         4  4.0     0    17     643    (-,-) 
  u_lsu/ADD_TC_OP_45/g741/z               (u)     in_0->z R     unmapped_complex2      1  1.0     0     9     652    (-,-) 
  u_lsu/ADD_TC_OP_45/g707/z               (u)     in_0->z F     unmapped_complex2      6  6.0     0    20     672    (-,-) 
  u_lsu/ADD_TC_OP_45/g540/z               (u)     in_0->z R     unmapped_complex2      1  1.0     0     9     681    (-,-) 
  u_lsu/ADD_TC_OP_45/g690/z               (u)     in_0->z F     unmapped_complex2     10 10.0     0    23     704    (-,-) 
  u_lsu/ADD_TC_OP_45/g682/z               (u)     in_0->z R     unmapped_complex2      1  1.0     0     9     713    (-,-) 
  u_lsu/ADD_TC_OP_45/g663/z               (u)     in_0->z F     unmapped_complex2     17 17.0     0    28     742    (-,-) 
  u_lsu/ADD_TC_OP_45/g571/z               (u)     in_0->z R     unmapped_complex2      1  1.0     0     9     751    (-,-) 
  u_lsu/ADD_TC_OP_45/g627/z               (u)     in_0->z F     unmapped_complex2      2  2.0     0    12     762    (-,-) 
  u_lsu/ADD_TC_OP_45/g591/z               (u)     in_0->z F     unmapped_or2           1  1.0     0     9     771    (-,-) 
  u_lsu/ADD_TC_OP_45/g592/z               (u)     in_1->z R     unmapped_nand2         1  1.0     0     9     781    (-,-) 
  u_lsu/g10521/z                          (u)     in_1->z F     unmapped_nand2         2  2.0     0    12     792    (-,-) 
  u_lsu/g10451/z                          (u)     in_0->z F     unmapped_or2           1  1.0     0     9     801    (-,-) 
  u_lsu/g10350/z                          (u)     in_1->z F     unmapped_or2           1  1.0     0     9     810    (-,-) 
  u_lsu/g10251/z                          (u)     in_1->z R     unmapped_complex2      1  1.0     0     9     820    (-,-) 
  u_lsu/mem_cacheable_q_reg/d             -       -       R     unmapped_d_flop        1    -     -     0     820    (-,-) 
#--------------------------------------------------------------------------------------------------------------------------

(u) : Net has unmapped pin(s).



Path 9: VIOLATED (-596 ps) Setup Check with Pin u_lsu/mem_addr_q_reg[15]/clk->d
          Group: clk
     Startpoint: (R) u_lsu/u_lsu_request/rd_ptr_q_reg[0]/clk
          Clock: (R) clk
       Endpoint: (R) u_lsu/mem_addr_q_reg[15]/d
          Clock: (R) clk

                     Capture       Launch     
        Clock Edge:+     250            0     
       Src Latency:+       0            0     
       Net Latency:+       0 (I)        0 (I) 
           Arrival:=     250            0     
                                              
             Setup:-       6                  
       Uncertainty:-      25                  
     Required Time:=     220                  
      Launch Clock:-       0                  
         Data Path:-     816                  
             Slack:=    -596                  

#-----------------------------------------------------------------------------------------------------------------------------
#               Timing Point                 Flags    Arc    Edge       Cell         Fanout Load Trans Delay Arrival Instance 
#                                                                                           (fF)  (ps)  (ps)   (ps)  Location 
#-----------------------------------------------------------------------------------------------------------------------------
  u_lsu/u_lsu_request/rd_ptr_q_reg[0]/clk    -       -       R     (arrival)           5356    -    12     0       0    (-,-) 
  u_lsu/u_lsu_request/rd_ptr_q_reg[0]/q      (u)     clk->q  R     unmapped_d_flop       73 73.0     0    90      90    (-,-) 
  u_lsu/u_lsu_request/g916/z                 (u)     in_0->z F     unmapped_nand2         1  1.0     0     9      99    (-,-) 
  u_lsu/u_lsu_request/g810/z                 (u)     in_1->z R     unmapped_nand2         3  3.0     0    14     114    (-,-) 
  u_lsu/g6410/z                              (u)     in_0->z F     unmapped_complex2      4  4.0     0    17     130    (-,-) 
  u_issue/u_pipe0_ctrl/g5527/z               (u)     in_0->z F     unmapped_or2           2  2.0     0    12     142    (-,-) 
  u_issue/u_pipe0_ctrl/g6457/z               (u)     in_1->z F     unmapped_or2           1  1.0     0     9     151    (-,-) 
  u_issue/u_pipe0_ctrl/g6957/z               (u)     in_0->z R     unmapped_complex2      1  1.0     0     9     160    (-,-) 
  u_issue/u_pipe0_ctrl/g6938/z               (u)     in_1->z F     unmapped_complex2      3  3.0     0    14     175    (-,-) 
  u_issue/g15192/z                           (u)     in_0->z F     unmapped_or2           8  8.0     0    22     197    (-,-) 
  u_issue/g15847/z                           (u)     in_0->z F     unmapped_or2           4  4.0     0    17     213    (-,-) 
  u_issue/g16779/z                           (u)     in_0->z R     unmapped_nor2        120 11.0     0    34     248    (-,-) 
  u_issue/g37891/z                           (u)     in_1->z F     unmapped_nand2         1  1.0     0     9     257    (-,-) 
  u_issue/g37501/z                           (u)     in_1->z R     unmapped_nand2         4  4.0     0    17     274    (-,-) 
  u_issue/g37464/z                           (u)     in_1->z R     unmapped_or2           1  1.0     0     9     283    (-,-) 
  u_issue/g37301/z                           (u)     in_1->z R     unmapped_or2           1  1.0     0     9     292    (-,-) 
  u_issue/g37152/z                           (u)     in_0->z R     unmapped_complex2      1  1.0     0     9     301    (-,-) 
  u_issue/g37136/z                           (u)     in_0->z R     unmapped_complex2      1  1.0     0     9     310    (-,-) 
  u_issue/g37056/z                           (u)     in_1->z F     unmapped_nand2        32 32.0     0    34     344    (-,-) 
  u_issue/g36956/z                           (u)     in_0->z R     unmapped_complex2      6  6.0     0    20     364    (-,-) 
  u_issue/g36633/z                           (u)     in_0->z F     unmapped_complex2      1  1.0     0     9     373    (-,-) 
  u_issue/g36161/z                           (u)     in_1->z R     unmapped_nand2         1  1.0     0     9     382    (-,-) 
  u_issue/g35655/z                           (u)     in_1->z R     unmapped_or2           1  1.0     0     9     392    (-,-) 
  u_issue/g35094/z                           (u)     in_1->z R     unmapped_or2           1  1.0     0     9     401    (-,-) 
  u_issue/g35009/z                           (u)     in_1->z F     unmapped_complex2      1  1.0     0     9     410    (-,-) 
  u_issue/g34738/z                           (u)     in_0->z R     unmapped_nand2         1  1.0     0     9     419    (-,-) 
  u_issue/g34655/z                           (u)     in_1->z F     unmapped_complex2      1  1.0     0     9     428    (-,-) 
  u_issue/g34561/z                           (u)     in_0->z R     unmapped_nand2         2  2.0     0    12     440    (-,-) 
  u_issue/g34558/z                           (u)     in_0->z R     unmapped_or2           1  1.0     0     9     449    (-,-) 
  u_issue/g34549/z                           (u)     in_1->z R     unmapped_or2           3  3.0     0    14     464    (-,-) 
  u_issue/g34545/z                           (u)     in_1->z R     unmapped_or2           2  2.0     0    12     475    (-,-) 
  u_issue/g34528/z                           (u)     in_1->z R     unmapped_or2           1  1.0     0     9     484    (-,-) 
  u_issue/g34283/z                           (u)     in_1->z R     unmapped_complex2      1  1.0     0     9     494    (-,-) 
  u_issue/g38462/z                           (u)     in_0->z F     unmapped_nor2         76 76.0     0    41     534    (-,-) 
  u_issue/g20033/z                           (u)     in_0->z R     unmapped_nand2       181 14.0     0    38     572    (-,-) 
  u_issue/g19778/z                           (u)     in_0->z R     unmapped_complex2      1  1.0     0     9     581    (-,-) 
  u_issue/g19372/z                           (u)     in_1->z F     unmapped_nand2         7  7.0     0    21     602    (-,-) 
  u_lsu/csa_tree_ADD_TC_OP_48_groupi/g1455/z (u)     in_0->z R     unmapped_nand2         3  3.0     0    14     617    (-,-) 
  u_lsu/csa_tree_ADD_TC_OP_48_groupi/g1684/z (u)     in_0->z R     unmapped_complex2      1  1.0     0     9     626    (-,-) 
  u_lsu/csa_tree_ADD_TC_OP_48_groupi/g1660/z (u)     in_0->z F     unmapped_nand2         4  4.0     0    17     643    (-,-) 
  u_lsu/csa_tree_ADD_TC_OP_48_groupi/g1642/z (u)     in_0->z R     unmapped_complex2      1  1.0     0     9     652    (-,-) 
  u_lsu/csa_tree_ADD_TC_OP_48_groupi/g1634/z (u)     in_0->z F     unmapped_complex2      5  5.0     0    19     670    (-,-) 
  u_lsu/csa_tree_ADD_TC_OP_48_groupi/g1618/z (u)     in_0->z R     unmapped_complex2      1  1.0     0     9     680    (-,-) 
  u_lsu/csa_tree_ADD_TC_OP_48_groupi/g1612/z (u)     in_0->z F     unmapped_complex2      6  6.0     0    20     699    (-,-) 
  u_lsu/csa_tree_ADD_TC_OP_48_groupi/g1585/z (u)     in_0->z R     unmapped_complex2      1  1.0     0     9     708    (-,-) 
  u_lsu/csa_tree_ADD_TC_OP_48_groupi/g1579/z (u)     in_0->z F     unmapped_complex2      4  4.0     0    17     725    (-,-) 
  u_lsu/csa_tree_ADD_TC_OP_48_groupi/g1544/z (u)     in_0->z R     unmapped_complex2      1  1.0     0     9     734    (-,-) 
  u_lsu/csa_tree_ADD_TC_OP_48_groupi/g1533/z (u)     in_0->z F     unmapped_complex2      3  3.0     0    14     749    (-,-) 
  u_lsu/csa_tree_ADD_TC_OP_48_groupi/g1520/z (u)     in_1->z R     unmapped_nand2         1  1.0     0     9     758    (-,-) 
  u_lsu/csa_tree_ADD_TC_OP_48_groupi/g1483/z (u)     in_1->z F     unmapped_nand2         2  2.0     0    12     770    (-,-) 
  u_lsu/csa_tree_ADD_TC_OP_48_groupi/g1465/z (u)     in_0->z F     unmapped_or2           1  1.0     0     9     779    (-,-) 
  u_lsu/csa_tree_ADD_TC_OP_48_groupi/g1466/z (u)     in_1->z R     unmapped_nand2         1  1.0     0     9     788    (-,-) 
  u_lsu/g10494/z                             (u)     in_0->z F     unmapped_complex2      1  1.0     0     9     797    (-,-) 
  u_lsu/g10386/z                             (u)     in_1->z R     unmapped_complex2      1  1.0     0     9     806    (-,-) 
  u_lsu/g10324/z                             (u)     in_0->z R     unmapped_complex2      1  1.0     0     9     816    (-,-) 
  u_lsu/mem_addr_q_reg[15]/d                 -       -       R     unmapped_d_flop        1    -     -     0     816    (-,-) 
#-----------------------------------------------------------------------------------------------------------------------------

(u) : Net has unmapped pin(s).



Path 10: VIOLATED (-586 ps) Setup Check with Pin u_lsu/mem_addr_q_reg[24]/clk->d
          Group: clk
     Startpoint: (R) u_lsu/u_lsu_request/rd_ptr_q_reg[0]/clk
          Clock: (R) clk
       Endpoint: (R) u_lsu/mem_addr_q_reg[24]/d
          Clock: (R) clk

                     Capture       Launch     
        Clock Edge:+     250            0     
       Src Latency:+       0            0     
       Net Latency:+       0 (I)        0 (I) 
           Arrival:=     250            0     
                                              
             Setup:-       6                  
       Uncertainty:-      25                  
     Required Time:=     220                  
      Launch Clock:-       0                  
         Data Path:-     806                  
             Slack:=    -586                  

#-----------------------------------------------------------------------------------------------------------------------------
#               Timing Point                 Flags    Arc    Edge       Cell         Fanout Load Trans Delay Arrival Instance 
#                                                                                           (fF)  (ps)  (ps)   (ps)  Location 
#-----------------------------------------------------------------------------------------------------------------------------
  u_lsu/u_lsu_request/rd_ptr_q_reg[0]/clk    -       -       R     (arrival)           5356    -    12     0       0    (-,-) 
  u_lsu/u_lsu_request/rd_ptr_q_reg[0]/q      (u)     clk->q  R     unmapped_d_flop       73 73.0     0    90      90    (-,-) 
  u_lsu/u_lsu_request/g916/z                 (u)     in_0->z F     unmapped_nand2         1  1.0     0     9      99    (-,-) 
  u_lsu/u_lsu_request/g810/z                 (u)     in_1->z R     unmapped_nand2         3  3.0     0    14     114    (-,-) 
  u_lsu/g6410/z                              (u)     in_0->z F     unmapped_complex2      4  4.0     0    17     130    (-,-) 
  u_issue/u_pipe0_ctrl/g5527/z               (u)     in_0->z F     unmapped_or2           2  2.0     0    12     142    (-,-) 
  u_issue/u_pipe0_ctrl/g6457/z               (u)     in_1->z F     unmapped_or2           1  1.0     0     9     151    (-,-) 
  u_issue/u_pipe0_ctrl/g6957/z               (u)     in_0->z R     unmapped_complex2      1  1.0     0     9     160    (-,-) 
  u_issue/u_pipe0_ctrl/g6938/z               (u)     in_1->z F     unmapped_complex2      3  3.0     0    14     175    (-,-) 
  u_issue/g15192/z                           (u)     in_0->z F     unmapped_or2           8  8.0     0    22     197    (-,-) 
  u_issue/g15847/z                           (u)     in_0->z F     unmapped_or2           4  4.0     0    17     213    (-,-) 
  u_issue/g16779/z                           (u)     in_0->z R     unmapped_nor2        120 11.0     0    34     248    (-,-) 
  u_issue/g37891/z                           (u)     in_1->z F     unmapped_nand2         1  1.0     0     9     257    (-,-) 
  u_issue/g37501/z                           (u)     in_1->z R     unmapped_nand2         4  4.0     0    17     274    (-,-) 
  u_issue/g37464/z                           (u)     in_1->z R     unmapped_or2           1  1.0     0     9     283    (-,-) 
  u_issue/g37301/z                           (u)     in_1->z R     unmapped_or2           1  1.0     0     9     292    (-,-) 
  u_issue/g37152/z                           (u)     in_0->z R     unmapped_complex2      1  1.0     0     9     301    (-,-) 
  u_issue/g37136/z                           (u)     in_0->z R     unmapped_complex2      1  1.0     0     9     310    (-,-) 
  u_issue/g37056/z                           (u)     in_1->z F     unmapped_nand2        32 32.0     0    34     344    (-,-) 
  u_issue/g36956/z                           (u)     in_0->z R     unmapped_complex2      6  6.0     0    20     364    (-,-) 
  u_issue/g36633/z                           (u)     in_0->z F     unmapped_complex2      1  1.0     0     9     373    (-,-) 
  u_issue/g36161/z                           (u)     in_1->z R     unmapped_nand2         1  1.0     0     9     382    (-,-) 
  u_issue/g35655/z                           (u)     in_1->z R     unmapped_or2           1  1.0     0     9     392    (-,-) 
  u_issue/g35094/z                           (u)     in_1->z R     unmapped_or2           1  1.0     0     9     401    (-,-) 
  u_issue/g35009/z                           (u)     in_1->z F     unmapped_complex2      1  1.0     0     9     410    (-,-) 
  u_issue/g34738/z                           (u)     in_0->z R     unmapped_nand2         1  1.0     0     9     419    (-,-) 
  u_issue/g34655/z                           (u)     in_1->z F     unmapped_complex2      1  1.0     0     9     428    (-,-) 
  u_issue/g34561/z                           (u)     in_0->z R     unmapped_nand2         2  2.0     0    12     440    (-,-) 
  u_issue/g34558/z                           (u)     in_0->z R     unmapped_or2           1  1.0     0     9     449    (-,-) 
  u_issue/g34549/z                           (u)     in_1->z R     unmapped_or2           3  3.0     0    14     464    (-,-) 
  u_issue/g34545/z                           (u)     in_1->z R     unmapped_or2           2  2.0     0    12     475    (-,-) 
  u_issue/g34528/z                           (u)     in_1->z R     unmapped_or2           1  1.0     0     9     484    (-,-) 
  u_issue/g34283/z                           (u)     in_1->z R     unmapped_complex2      1  1.0     0     9     494    (-,-) 
  u_issue/g38462/z                           (u)     in_0->z F     unmapped_nor2         76 76.0     0    41     534    (-,-) 
  u_issue/g20033/z                           (u)     in_0->z R     unmapped_nand2       181 14.0     0    38     572    (-,-) 
  u_issue/g19778/z                           (u)     in_0->z R     unmapped_complex2      1  1.0     0     9     581    (-,-) 
  u_issue/g19372/z                           (u)     in_1->z F     unmapped_nand2         7  7.0     0    21     602    (-,-) 
  u_lsu/csa_tree_ADD_TC_OP_48_groupi/g1455/z (u)     in_0->z R     unmapped_nand2         3  3.0     0    14     617    (-,-) 
  u_lsu/csa_tree_ADD_TC_OP_48_groupi/g1684/z (u)     in_0->z R     unmapped_complex2      1  1.0     0     9     626    (-,-) 
  u_lsu/csa_tree_ADD_TC_OP_48_groupi/g1660/z (u)     in_0->z F     unmapped_nand2         4  4.0     0    17     643    (-,-) 
  u_lsu/csa_tree_ADD_TC_OP_48_groupi/g1642/z (u)     in_0->z R     unmapped_complex2      1  1.0     0     9     652    (-,-) 
  u_lsu/csa_tree_ADD_TC_OP_48_groupi/g1634/z (u)     in_0->z F     unmapped_complex2      5  5.0     0    19     670    (-,-) 
  u_lsu/csa_tree_ADD_TC_OP_48_groupi/g1618/z (u)     in_0->z R     unmapped_complex2      1  1.0     0     9     680    (-,-) 
  u_lsu/csa_tree_ADD_TC_OP_48_groupi/g1612/z (u)     in_0->z F     unmapped_complex2      6  6.0     0    20     699    (-,-) 
  u_lsu/csa_tree_ADD_TC_OP_48_groupi/g1600/z (u)     in_0->z R     unmapped_complex2      1  1.0     0     9     708    (-,-) 
  u_lsu/csa_tree_ADD_TC_OP_48_groupi/g1584/z (u)     in_0->z F     unmapped_complex2     10 10.0     0    23     732    (-,-) 
  u_lsu/csa_tree_ADD_TC_OP_48_groupi/g1569/z (u)     in_0->z R     unmapped_complex2      1  1.0     0     9     741    (-,-) 
  u_lsu/csa_tree_ADD_TC_OP_48_groupi/g1542/z (u)     in_0->z F     unmapped_complex2      5  5.0     0    19     760    (-,-) 
  u_lsu/csa_tree_ADD_TC_OP_48_groupi/g1522/z (u)     in_0->z F     unmapped_or2           1  1.0     0     9     769    (-,-) 
  u_lsu/csa_tree_ADD_TC_OP_48_groupi/g1523/z (u)     in_1->z R     unmapped_nand2         1  1.0     0     9     778    (-,-) 
  u_lsu/g10525/z                             (u)     in_0->z F     unmapped_complex2      1  1.0     0     9     787    (-,-) 
  u_lsu/g10388/z                             (u)     in_1->z R     unmapped_complex2      1  1.0     0     9     796    (-,-) 
  u_lsu/g10262/z                             (u)     in_0->z R     unmapped_complex2      1  1.0     0     9     806    (-,-) 
  u_lsu/mem_addr_q_reg[24]/d                 -       -       R     unmapped_d_flop        1    -     -     0     806    (-,-) 
#-----------------------------------------------------------------------------------------------------------------------------

(u) : Net has unmapped pin(s).



Path 11: VIOLATED (-586 ps) Setup Check with Pin u_lsu/mem_addr_q_reg[20]/clk->d
          Group: clk
     Startpoint: (R) u_lsu/u_lsu_request/rd_ptr_q_reg[0]/clk
          Clock: (R) clk
       Endpoint: (R) u_lsu/mem_addr_q_reg[20]/d
          Clock: (R) clk

                     Capture       Launch     
        Clock Edge:+     250            0     
       Src Latency:+       0            0     
       Net Latency:+       0 (I)        0 (I) 
           Arrival:=     250            0     
                                              
             Setup:-       6                  
       Uncertainty:-      25                  
     Required Time:=     220                  
      Launch Clock:-       0                  
         Data Path:-     806                  
             Slack:=    -586                  

#-----------------------------------------------------------------------------------------------------------------------------
#               Timing Point                 Flags    Arc    Edge       Cell         Fanout Load Trans Delay Arrival Instance 
#                                                                                           (fF)  (ps)  (ps)   (ps)  Location 
#-----------------------------------------------------------------------------------------------------------------------------
  u_lsu/u_lsu_request/rd_ptr_q_reg[0]/clk    -       -       R     (arrival)           5356    -    12     0       0    (-,-) 
  u_lsu/u_lsu_request/rd_ptr_q_reg[0]/q      (u)     clk->q  R     unmapped_d_flop       73 73.0     0    90      90    (-,-) 
  u_lsu/u_lsu_request/g916/z                 (u)     in_0->z F     unmapped_nand2         1  1.0     0     9      99    (-,-) 
  u_lsu/u_lsu_request/g810/z                 (u)     in_1->z R     unmapped_nand2         3  3.0     0    14     114    (-,-) 
  u_lsu/g6410/z                              (u)     in_0->z F     unmapped_complex2      4  4.0     0    17     130    (-,-) 
  u_issue/u_pipe0_ctrl/g5527/z               (u)     in_0->z F     unmapped_or2           2  2.0     0    12     142    (-,-) 
  u_issue/u_pipe0_ctrl/g6457/z               (u)     in_1->z F     unmapped_or2           1  1.0     0     9     151    (-,-) 
  u_issue/u_pipe0_ctrl/g6957/z               (u)     in_0->z R     unmapped_complex2      1  1.0     0     9     160    (-,-) 
  u_issue/u_pipe0_ctrl/g6938/z               (u)     in_1->z F     unmapped_complex2      3  3.0     0    14     175    (-,-) 
  u_issue/g15192/z                           (u)     in_0->z F     unmapped_or2           8  8.0     0    22     197    (-,-) 
  u_issue/g15847/z                           (u)     in_0->z F     unmapped_or2           4  4.0     0    17     213    (-,-) 
  u_issue/g16779/z                           (u)     in_0->z R     unmapped_nor2        120 11.0     0    34     248    (-,-) 
  u_issue/g37891/z                           (u)     in_1->z F     unmapped_nand2         1  1.0     0     9     257    (-,-) 
  u_issue/g37501/z                           (u)     in_1->z R     unmapped_nand2         4  4.0     0    17     274    (-,-) 
  u_issue/g37464/z                           (u)     in_1->z R     unmapped_or2           1  1.0     0     9     283    (-,-) 
  u_issue/g37301/z                           (u)     in_1->z R     unmapped_or2           1  1.0     0     9     292    (-,-) 
  u_issue/g37152/z                           (u)     in_0->z R     unmapped_complex2      1  1.0     0     9     301    (-,-) 
  u_issue/g37136/z                           (u)     in_0->z R     unmapped_complex2      1  1.0     0     9     310    (-,-) 
  u_issue/g37056/z                           (u)     in_1->z F     unmapped_nand2        32 32.0     0    34     344    (-,-) 
  u_issue/g36956/z                           (u)     in_0->z R     unmapped_complex2      6  6.0     0    20     364    (-,-) 
  u_issue/g36633/z                           (u)     in_0->z F     unmapped_complex2      1  1.0     0     9     373    (-,-) 
  u_issue/g36161/z                           (u)     in_1->z R     unmapped_nand2         1  1.0     0     9     382    (-,-) 
  u_issue/g35655/z                           (u)     in_1->z R     unmapped_or2           1  1.0     0     9     392    (-,-) 
  u_issue/g35094/z                           (u)     in_1->z R     unmapped_or2           1  1.0     0     9     401    (-,-) 
  u_issue/g35009/z                           (u)     in_1->z F     unmapped_complex2      1  1.0     0     9     410    (-,-) 
  u_issue/g34738/z                           (u)     in_0->z R     unmapped_nand2         1  1.0     0     9     419    (-,-) 
  u_issue/g34655/z                           (u)     in_1->z F     unmapped_complex2      1  1.0     0     9     428    (-,-) 
  u_issue/g34561/z                           (u)     in_0->z R     unmapped_nand2         2  2.0     0    12     440    (-,-) 
  u_issue/g34558/z                           (u)     in_0->z R     unmapped_or2           1  1.0     0     9     449    (-,-) 
  u_issue/g34549/z                           (u)     in_1->z R     unmapped_or2           3  3.0     0    14     464    (-,-) 
  u_issue/g34545/z                           (u)     in_1->z R     unmapped_or2           2  2.0     0    12     475    (-,-) 
  u_issue/g34528/z                           (u)     in_1->z R     unmapped_or2           1  1.0     0     9     484    (-,-) 
  u_issue/g34283/z                           (u)     in_1->z R     unmapped_complex2      1  1.0     0     9     494    (-,-) 
  u_issue/g38462/z                           (u)     in_0->z F     unmapped_nor2         76 76.0     0    41     534    (-,-) 
  u_issue/g20033/z                           (u)     in_0->z R     unmapped_nand2       181 14.0     0    38     572    (-,-) 
  u_issue/g19778/z                           (u)     in_0->z R     unmapped_complex2      1  1.0     0     9     581    (-,-) 
  u_issue/g19372/z                           (u)     in_1->z F     unmapped_nand2         7  7.0     0    21     602    (-,-) 
  u_lsu/csa_tree_ADD_TC_OP_48_groupi/g1455/z (u)     in_0->z R     unmapped_nand2         3  3.0     0    14     617    (-,-) 
  u_lsu/csa_tree_ADD_TC_OP_48_groupi/g1684/z (u)     in_0->z R     unmapped_complex2      1  1.0     0     9     626    (-,-) 
  u_lsu/csa_tree_ADD_TC_OP_48_groupi/g1660/z (u)     in_0->z F     unmapped_nand2         4  4.0     0    17     643    (-,-) 
  u_lsu/csa_tree_ADD_TC_OP_48_groupi/g1642/z (u)     in_0->z R     unmapped_complex2      1  1.0     0     9     652    (-,-) 
  u_lsu/csa_tree_ADD_TC_OP_48_groupi/g1634/z (u)     in_0->z F     unmapped_complex2      5  5.0     0    19     670    (-,-) 
  u_lsu/csa_tree_ADD_TC_OP_48_groupi/g1618/z (u)     in_0->z R     unmapped_complex2      1  1.0     0     9     680    (-,-) 
  u_lsu/csa_tree_ADD_TC_OP_48_groupi/g1612/z (u)     in_0->z F     unmapped_complex2      6  6.0     0    20     699    (-,-) 
  u_lsu/csa_tree_ADD_TC_OP_48_groupi/g1600/z (u)     in_0->z R     unmapped_complex2      1  1.0     0     9     708    (-,-) 
  u_lsu/csa_tree_ADD_TC_OP_48_groupi/g1584/z (u)     in_0->z F     unmapped_complex2     10 10.0     0    23     732    (-,-) 
  u_lsu/csa_tree_ADD_TC_OP_48_groupi/g1543/z (u)     in_0->z R     unmapped_complex2      1  1.0     0     9     741    (-,-) 
  u_lsu/csa_tree_ADD_TC_OP_48_groupi/g1541/z (u)     in_0->z F     unmapped_complex2      5  5.0     0    19     760    (-,-) 
  u_lsu/csa_tree_ADD_TC_OP_48_groupi/g1496/z (u)     in_0->z F     unmapped_or2           1  1.0     0     9     769    (-,-) 
  u_lsu/csa_tree_ADD_TC_OP_48_groupi/g1497/z (u)     in_1->z R     unmapped_nand2         1  1.0     0     9     778    (-,-) 
  u_lsu/g10493/z                             (u)     in_0->z F     unmapped_complex2      1  1.0     0     9     787    (-,-) 
  u_lsu/g10357/z                             (u)     in_1->z R     unmapped_complex2      1  1.0     0     9     796    (-,-) 
  u_lsu/g10261/z                             (u)     in_0->z R     unmapped_complex2      1  1.0     0     9     806    (-,-) 
  u_lsu/mem_addr_q_reg[20]/d                 -       -       R     unmapped_d_flop        1    -     -     0     806    (-,-) 
#-----------------------------------------------------------------------------------------------------------------------------

(u) : Net has unmapped pin(s).



Path 12: VIOLATED (-582 ps) Setup Check with Pin u_lsu/mem_addr_q_reg[18]/clk->d
          Group: clk
     Startpoint: (R) u_lsu/u_lsu_request/rd_ptr_q_reg[0]/clk
          Clock: (R) clk
       Endpoint: (R) u_lsu/mem_addr_q_reg[18]/d
          Clock: (R) clk

                     Capture       Launch     
        Clock Edge:+     250            0     
       Src Latency:+       0            0     
       Net Latency:+       0 (I)        0 (I) 
           Arrival:=     250            0     
                                              
             Setup:-       6                  
       Uncertainty:-      25                  
     Required Time:=     220                  
      Launch Clock:-       0                  
         Data Path:-     802                  
             Slack:=    -582                  

#-----------------------------------------------------------------------------------------------------------------------------
#               Timing Point                 Flags    Arc    Edge       Cell         Fanout Load Trans Delay Arrival Instance 
#                                                                                           (fF)  (ps)  (ps)   (ps)  Location 
#-----------------------------------------------------------------------------------------------------------------------------
  u_lsu/u_lsu_request/rd_ptr_q_reg[0]/clk    -       -       R     (arrival)           5356    -    12     0       0    (-,-) 
  u_lsu/u_lsu_request/rd_ptr_q_reg[0]/q      (u)     clk->q  R     unmapped_d_flop       73 73.0     0    90      90    (-,-) 
  u_lsu/u_lsu_request/g916/z                 (u)     in_0->z F     unmapped_nand2         1  1.0     0     9      99    (-,-) 
  u_lsu/u_lsu_request/g810/z                 (u)     in_1->z R     unmapped_nand2         3  3.0     0    14     114    (-,-) 
  u_lsu/g6410/z                              (u)     in_0->z F     unmapped_complex2      4  4.0     0    17     130    (-,-) 
  u_issue/u_pipe0_ctrl/g5527/z               (u)     in_0->z F     unmapped_or2           2  2.0     0    12     142    (-,-) 
  u_issue/u_pipe0_ctrl/g6457/z               (u)     in_1->z F     unmapped_or2           1  1.0     0     9     151    (-,-) 
  u_issue/u_pipe0_ctrl/g6957/z               (u)     in_0->z R     unmapped_complex2      1  1.0     0     9     160    (-,-) 
  u_issue/u_pipe0_ctrl/g6938/z               (u)     in_1->z F     unmapped_complex2      3  3.0     0    14     175    (-,-) 
  u_issue/g15192/z                           (u)     in_0->z F     unmapped_or2           8  8.0     0    22     197    (-,-) 
  u_issue/g15847/z                           (u)     in_0->z F     unmapped_or2           4  4.0     0    17     213    (-,-) 
  u_issue/g16779/z                           (u)     in_0->z R     unmapped_nor2        120 11.0     0    34     248    (-,-) 
  u_issue/g37891/z                           (u)     in_1->z F     unmapped_nand2         1  1.0     0     9     257    (-,-) 
  u_issue/g37501/z                           (u)     in_1->z R     unmapped_nand2         4  4.0     0    17     274    (-,-) 
  u_issue/g37464/z                           (u)     in_1->z R     unmapped_or2           1  1.0     0     9     283    (-,-) 
  u_issue/g37301/z                           (u)     in_1->z R     unmapped_or2           1  1.0     0     9     292    (-,-) 
  u_issue/g37152/z                           (u)     in_0->z R     unmapped_complex2      1  1.0     0     9     301    (-,-) 
  u_issue/g37136/z                           (u)     in_0->z R     unmapped_complex2      1  1.0     0     9     310    (-,-) 
  u_issue/g37056/z                           (u)     in_1->z F     unmapped_nand2        32 32.0     0    34     344    (-,-) 
  u_issue/g36956/z                           (u)     in_0->z R     unmapped_complex2      6  6.0     0    20     364    (-,-) 
  u_issue/g36633/z                           (u)     in_0->z F     unmapped_complex2      1  1.0     0     9     373    (-,-) 
  u_issue/g36161/z                           (u)     in_1->z R     unmapped_nand2         1  1.0     0     9     382    (-,-) 
  u_issue/g35655/z                           (u)     in_1->z R     unmapped_or2           1  1.0     0     9     392    (-,-) 
  u_issue/g35094/z                           (u)     in_1->z R     unmapped_or2           1  1.0     0     9     401    (-,-) 
  u_issue/g35009/z                           (u)     in_1->z F     unmapped_complex2      1  1.0     0     9     410    (-,-) 
  u_issue/g34738/z                           (u)     in_0->z R     unmapped_nand2         1  1.0     0     9     419    (-,-) 
  u_issue/g34655/z                           (u)     in_1->z F     unmapped_complex2      1  1.0     0     9     428    (-,-) 
  u_issue/g34561/z                           (u)     in_0->z R     unmapped_nand2         2  2.0     0    12     440    (-,-) 
  u_issue/g34558/z                           (u)     in_0->z R     unmapped_or2           1  1.0     0     9     449    (-,-) 
  u_issue/g34549/z                           (u)     in_1->z R     unmapped_or2           3  3.0     0    14     464    (-,-) 
  u_issue/g34545/z                           (u)     in_1->z R     unmapped_or2           2  2.0     0    12     475    (-,-) 
  u_issue/g34528/z                           (u)     in_1->z R     unmapped_or2           1  1.0     0     9     484    (-,-) 
  u_issue/g34283/z                           (u)     in_1->z R     unmapped_complex2      1  1.0     0     9     494    (-,-) 
  u_issue/g38462/z                           (u)     in_0->z F     unmapped_nor2         76 76.0     0    41     534    (-,-) 
  u_issue/g20033/z                           (u)     in_0->z R     unmapped_nand2       181 14.0     0    38     572    (-,-) 
  u_issue/g19778/z                           (u)     in_0->z R     unmapped_complex2      1  1.0     0     9     581    (-,-) 
  u_issue/g19372/z                           (u)     in_1->z F     unmapped_nand2         7  7.0     0    21     602    (-,-) 
  u_lsu/csa_tree_ADD_TC_OP_48_groupi/g1455/z (u)     in_0->z R     unmapped_nand2         3  3.0     0    14     617    (-,-) 
  u_lsu/csa_tree_ADD_TC_OP_48_groupi/g1684/z (u)     in_0->z R     unmapped_complex2      1  1.0     0     9     626    (-,-) 
  u_lsu/csa_tree_ADD_TC_OP_48_groupi/g1660/z (u)     in_0->z F     unmapped_nand2         4  4.0     0    17     643    (-,-) 
  u_lsu/csa_tree_ADD_TC_OP_48_groupi/g1642/z (u)     in_0->z R     unmapped_complex2      1  1.0     0     9     652    (-,-) 
  u_lsu/csa_tree_ADD_TC_OP_48_groupi/g1634/z (u)     in_0->z F     unmapped_complex2      5  5.0     0    19     670    (-,-) 
  u_lsu/csa_tree_ADD_TC_OP_48_groupi/g1618/z (u)     in_0->z R     unmapped_complex2      1  1.0     0     9     680    (-,-) 
  u_lsu/csa_tree_ADD_TC_OP_48_groupi/g1612/z (u)     in_0->z F     unmapped_complex2      6  6.0     0    20     699    (-,-) 
  u_lsu/csa_tree_ADD_TC_OP_48_groupi/g1600/z (u)     in_0->z R     unmapped_complex2      1  1.0     0     9     708    (-,-) 
  u_lsu/csa_tree_ADD_TC_OP_48_groupi/g1584/z (u)     in_0->z F     unmapped_complex2     10 10.0     0    23     732    (-,-) 
  u_lsu/csa_tree_ADD_TC_OP_48_groupi/g1572/z (u)     in_0->z R     unmapped_complex2      1  1.0     0     9     741    (-,-) 
  u_lsu/csa_tree_ADD_TC_OP_48_groupi/g1538/z (u)     in_1->z F     unmapped_nand2         3  3.0     0    14     756    (-,-) 
  u_lsu/csa_tree_ADD_TC_OP_48_groupi/g1517/z (u)     in_0->z F     unmapped_or2           1  1.0     0     9     765    (-,-) 
  u_lsu/csa_tree_ADD_TC_OP_48_groupi/g1518/z (u)     in_1->z R     unmapped_nand2         1  1.0     0     9     774    (-,-) 
  u_lsu/g10556/z                             (u)     in_0->z F     unmapped_complex2      1  1.0     0     9     783    (-,-) 
  u_lsu/g10394/z                             (u)     in_1->z R     unmapped_complex2      1  1.0     0     9     792    (-,-) 
  u_lsu/g10263/z                             (u)     in_0->z R     unmapped_complex2      1  1.0     0     9     802    (-,-) 
  u_lsu/mem_addr_q_reg[18]/d                 -       -       R     unmapped_d_flop        1    -     -     0     802    (-,-) 
#-----------------------------------------------------------------------------------------------------------------------------

(u) : Net has unmapped pin(s).



Path 13: VIOLATED (-582 ps) Setup Check with Pin u_lsu/mem_addr_q_reg[31]/clk->d
          Group: clk
     Startpoint: (R) u_lsu/u_lsu_request/rd_ptr_q_reg[0]/clk
          Clock: (R) clk
       Endpoint: (R) u_lsu/mem_addr_q_reg[31]/d
          Clock: (R) clk

                     Capture       Launch     
        Clock Edge:+     250            0     
       Src Latency:+       0            0     
       Net Latency:+       0 (I)        0 (I) 
           Arrival:=     250            0     
                                              
             Setup:-       6                  
       Uncertainty:-      25                  
     Required Time:=     220                  
      Launch Clock:-       0                  
         Data Path:-     801                  
             Slack:=    -582                  

#--------------------------------------------------------------------------------------------------------------------------
#              Timing Point               Flags    Arc    Edge       Cell         Fanout Load Trans Delay Arrival Instance 
#                                                                                        (fF)  (ps)  (ps)   (ps)  Location 
#--------------------------------------------------------------------------------------------------------------------------
  u_lsu/u_lsu_request/rd_ptr_q_reg[0]/clk -       -       R     (arrival)           5356    -    12     0       0    (-,-) 
  u_lsu/u_lsu_request/rd_ptr_q_reg[0]/q   (u)     clk->q  R     unmapped_d_flop       73 73.0     0    90      90    (-,-) 
  u_lsu/u_lsu_request/g916/z              (u)     in_0->z F     unmapped_nand2         1  1.0     0     9      99    (-,-) 
  u_lsu/u_lsu_request/g810/z              (u)     in_1->z R     unmapped_nand2         3  3.0     0    14     114    (-,-) 
  u_lsu/g6410/z                           (u)     in_0->z F     unmapped_complex2      4  4.0     0    17     130    (-,-) 
  u_issue/u_pipe0_ctrl/g5527/z            (u)     in_0->z F     unmapped_or2           2  2.0     0    12     142    (-,-) 
  u_issue/u_pipe0_ctrl/g6457/z            (u)     in_1->z F     unmapped_or2           1  1.0     0     9     151    (-,-) 
  u_issue/u_pipe0_ctrl/g6957/z            (u)     in_0->z R     unmapped_complex2      1  1.0     0     9     160    (-,-) 
  u_issue/u_pipe0_ctrl/g6938/z            (u)     in_1->z F     unmapped_complex2      3  3.0     0    14     175    (-,-) 
  u_issue/g15192/z                        (u)     in_0->z F     unmapped_or2           8  8.0     0    22     197    (-,-) 
  u_issue/g15847/z                        (u)     in_0->z F     unmapped_or2           4  4.0     0    17     213    (-,-) 
  u_issue/g16779/z                        (u)     in_0->z R     unmapped_nor2        120 11.0     0    34     248    (-,-) 
  u_issue/g37891/z                        (u)     in_1->z F     unmapped_nand2         1  1.0     0     9     257    (-,-) 
  u_issue/g37501/z                        (u)     in_1->z R     unmapped_nand2         4  4.0     0    17     274    (-,-) 
  u_issue/g37464/z                        (u)     in_1->z R     unmapped_or2           1  1.0     0     9     283    (-,-) 
  u_issue/g37301/z                        (u)     in_1->z R     unmapped_or2           1  1.0     0     9     292    (-,-) 
  u_issue/g37152/z                        (u)     in_0->z R     unmapped_complex2      1  1.0     0     9     301    (-,-) 
  u_issue/g37136/z                        (u)     in_0->z R     unmapped_complex2      1  1.0     0     9     310    (-,-) 
  u_issue/g37056/z                        (u)     in_1->z F     unmapped_nand2        32 32.0     0    34     344    (-,-) 
  u_issue/g36956/z                        (u)     in_0->z R     unmapped_complex2      6  6.0     0    20     364    (-,-) 
  u_issue/g36633/z                        (u)     in_0->z F     unmapped_complex2      1  1.0     0     9     373    (-,-) 
  u_issue/g36161/z                        (u)     in_1->z R     unmapped_nand2         1  1.0     0     9     382    (-,-) 
  u_issue/g35655/z                        (u)     in_1->z R     unmapped_or2           1  1.0     0     9     392    (-,-) 
  u_issue/g35094/z                        (u)     in_1->z R     unmapped_or2           1  1.0     0     9     401    (-,-) 
  u_issue/g35009/z                        (u)     in_1->z F     unmapped_complex2      1  1.0     0     9     410    (-,-) 
  u_issue/g34738/z                        (u)     in_0->z R     unmapped_nand2         1  1.0     0     9     419    (-,-) 
  u_issue/g34655/z                        (u)     in_1->z F     unmapped_complex2      1  1.0     0     9     428    (-,-) 
  u_issue/g34561/z                        (u)     in_0->z R     unmapped_nand2         2  2.0     0    12     440    (-,-) 
  u_issue/g34558/z                        (u)     in_0->z R     unmapped_or2           1  1.0     0     9     449    (-,-) 
  u_issue/g34549/z                        (u)     in_1->z R     unmapped_or2           3  3.0     0    14     464    (-,-) 
  u_issue/g34545/z                        (u)     in_1->z R     unmapped_or2           2  2.0     0    12     475    (-,-) 
  u_issue/g34528/z                        (u)     in_1->z R     unmapped_or2           1  1.0     0     9     484    (-,-) 
  u_issue/g34283/z                        (u)     in_1->z R     unmapped_complex2      1  1.0     0     9     494    (-,-) 
  u_issue/g38462/z                        (u)     in_0->z F     unmapped_nor2         76 76.0     0    41     534    (-,-) 
  u_issue/g20033/z                        (u)     in_0->z R     unmapped_nand2       181 14.0     0    38     572    (-,-) 
  u_issue/g19778/z                        (u)     in_0->z R     unmapped_complex2      1  1.0     0     9     581    (-,-) 
  u_issue/g19372/z                        (u)     in_1->z F     unmapped_nand2         7  7.0     0    21     602    (-,-) 
  u_lsu/ADD_TC_OP_45/g5/z                 (u)     in_0->z R     unmapped_nand2         3  3.0     0    14     617    (-,-) 
  u_lsu/ADD_TC_OP_45/g823/z               (u)     in_0->z R     unmapped_complex2      1  1.0     0     9     626    (-,-) 
  u_lsu/ADD_TC_OP_45/g73/z                (u)     in_1->z F     unmapped_nand2         4  4.0     0    17     643    (-,-) 
  u_lsu/ADD_TC_OP_45/g741/z               (u)     in_0->z R     unmapped_complex2      1  1.0     0     9     652    (-,-) 
  u_lsu/ADD_TC_OP_45/g707/z               (u)     in_0->z F     unmapped_complex2      6  6.0     0    20     672    (-,-) 
  u_lsu/ADD_TC_OP_45/g540/z               (u)     in_0->z R     unmapped_complex2      1  1.0     0     9     681    (-,-) 
  u_lsu/ADD_TC_OP_45/g690/z               (u)     in_0->z F     unmapped_complex2     10 10.0     0    23     704    (-,-) 
  u_lsu/ADD_TC_OP_45/g682/z               (u)     in_0->z R     unmapped_complex2      1  1.0     0     9     713    (-,-) 
  u_lsu/ADD_TC_OP_45/g663/z               (u)     in_0->z F     unmapped_complex2     17 17.0     0    28     742    (-,-) 
  u_lsu/ADD_TC_OP_45/g571/z               (u)     in_0->z R     unmapped_complex2      1  1.0     0     9     751    (-,-) 
  u_lsu/ADD_TC_OP_45/g627/z               (u)     in_0->z F     unmapped_complex2      2  2.0     0    12     762    (-,-) 
  u_lsu/ADD_TC_OP_45/g591/z               (u)     in_0->z F     unmapped_or2           1  1.0     0     9     771    (-,-) 
  u_lsu/ADD_TC_OP_45/g592/z               (u)     in_1->z R     unmapped_nand2         1  1.0     0     9     781    (-,-) 
  u_lsu/g10521/z                          (u)     in_1->z F     unmapped_nand2         2  2.0     0    12     792    (-,-) 
  u_lsu/g10297/z                          (u)     in_1->z R     unmapped_complex2      1  1.0     0     9     801    (-,-) 
  u_lsu/mem_addr_q_reg[31]/d              -       -       R     unmapped_d_flop        1    -     -     0     801    (-,-) 
#--------------------------------------------------------------------------------------------------------------------------

(u) : Net has unmapped pin(s).



Path 14: VIOLATED (-582 ps) Setup Check with Pin u_lsu/mem_addr_q_reg[30]/clk->d
          Group: clk
     Startpoint: (R) u_lsu/u_lsu_request/rd_ptr_q_reg[0]/clk
          Clock: (R) clk
       Endpoint: (R) u_lsu/mem_addr_q_reg[30]/d
          Clock: (R) clk

                     Capture       Launch     
        Clock Edge:+     250            0     
       Src Latency:+       0            0     
       Net Latency:+       0 (I)        0 (I) 
           Arrival:=     250            0     
                                              
             Setup:-       6                  
       Uncertainty:-      25                  
     Required Time:=     220                  
      Launch Clock:-       0                  
         Data Path:-     801                  
             Slack:=    -582                  

#--------------------------------------------------------------------------------------------------------------------------
#              Timing Point               Flags    Arc    Edge       Cell         Fanout Load Trans Delay Arrival Instance 
#                                                                                        (fF)  (ps)  (ps)   (ps)  Location 
#--------------------------------------------------------------------------------------------------------------------------
  u_lsu/u_lsu_request/rd_ptr_q_reg[0]/clk -       -       R     (arrival)           5356    -    12     0       0    (-,-) 
  u_lsu/u_lsu_request/rd_ptr_q_reg[0]/q   (u)     clk->q  R     unmapped_d_flop       73 73.0     0    90      90    (-,-) 
  u_lsu/u_lsu_request/g916/z              (u)     in_0->z F     unmapped_nand2         1  1.0     0     9      99    (-,-) 
  u_lsu/u_lsu_request/g810/z              (u)     in_1->z R     unmapped_nand2         3  3.0     0    14     114    (-,-) 
  u_lsu/g6410/z                           (u)     in_0->z F     unmapped_complex2      4  4.0     0    17     130    (-,-) 
  u_issue/u_pipe0_ctrl/g5527/z            (u)     in_0->z F     unmapped_or2           2  2.0     0    12     142    (-,-) 
  u_issue/u_pipe0_ctrl/g6457/z            (u)     in_1->z F     unmapped_or2           1  1.0     0     9     151    (-,-) 
  u_issue/u_pipe0_ctrl/g6957/z            (u)     in_0->z R     unmapped_complex2      1  1.0     0     9     160    (-,-) 
  u_issue/u_pipe0_ctrl/g6938/z            (u)     in_1->z F     unmapped_complex2      3  3.0     0    14     175    (-,-) 
  u_issue/g15192/z                        (u)     in_0->z F     unmapped_or2           8  8.0     0    22     197    (-,-) 
  u_issue/g15847/z                        (u)     in_0->z F     unmapped_or2           4  4.0     0    17     213    (-,-) 
  u_issue/g16779/z                        (u)     in_0->z R     unmapped_nor2        120 11.0     0    34     248    (-,-) 
  u_issue/g37891/z                        (u)     in_1->z F     unmapped_nand2         1  1.0     0     9     257    (-,-) 
  u_issue/g37501/z                        (u)     in_1->z R     unmapped_nand2         4  4.0     0    17     274    (-,-) 
  u_issue/g37464/z                        (u)     in_1->z R     unmapped_or2           1  1.0     0     9     283    (-,-) 
  u_issue/g37301/z                        (u)     in_1->z R     unmapped_or2           1  1.0     0     9     292    (-,-) 
  u_issue/g37152/z                        (u)     in_0->z R     unmapped_complex2      1  1.0     0     9     301    (-,-) 
  u_issue/g37136/z                        (u)     in_0->z R     unmapped_complex2      1  1.0     0     9     310    (-,-) 
  u_issue/g37056/z                        (u)     in_1->z F     unmapped_nand2        32 32.0     0    34     344    (-,-) 
  u_issue/g36956/z                        (u)     in_0->z R     unmapped_complex2      6  6.0     0    20     364    (-,-) 
  u_issue/g36633/z                        (u)     in_0->z F     unmapped_complex2      1  1.0     0     9     373    (-,-) 
  u_issue/g36161/z                        (u)     in_1->z R     unmapped_nand2         1  1.0     0     9     382    (-,-) 
  u_issue/g35655/z                        (u)     in_1->z R     unmapped_or2           1  1.0     0     9     392    (-,-) 
  u_issue/g35094/z                        (u)     in_1->z R     unmapped_or2           1  1.0     0     9     401    (-,-) 
  u_issue/g35009/z                        (u)     in_1->z F     unmapped_complex2      1  1.0     0     9     410    (-,-) 
  u_issue/g34738/z                        (u)     in_0->z R     unmapped_nand2         1  1.0     0     9     419    (-,-) 
  u_issue/g34655/z                        (u)     in_1->z F     unmapped_complex2      1  1.0     0     9     428    (-,-) 
  u_issue/g34561/z                        (u)     in_0->z R     unmapped_nand2         2  2.0     0    12     440    (-,-) 
  u_issue/g34558/z                        (u)     in_0->z R     unmapped_or2           1  1.0     0     9     449    (-,-) 
  u_issue/g34549/z                        (u)     in_1->z R     unmapped_or2           3  3.0     0    14     464    (-,-) 
  u_issue/g34545/z                        (u)     in_1->z R     unmapped_or2           2  2.0     0    12     475    (-,-) 
  u_issue/g34528/z                        (u)     in_1->z R     unmapped_or2           1  1.0     0     9     484    (-,-) 
  u_issue/g34283/z                        (u)     in_1->z R     unmapped_complex2      1  1.0     0     9     494    (-,-) 
  u_issue/g38462/z                        (u)     in_0->z F     unmapped_nor2         76 76.0     0    41     534    (-,-) 
  u_issue/g20033/z                        (u)     in_0->z R     unmapped_nand2       181 14.0     0    38     572    (-,-) 
  u_issue/g19778/z                        (u)     in_0->z R     unmapped_complex2      1  1.0     0     9     581    (-,-) 
  u_issue/g19372/z                        (u)     in_1->z F     unmapped_nand2         7  7.0     0    21     602    (-,-) 
  u_lsu/ADD_TC_OP_45/g5/z                 (u)     in_0->z R     unmapped_nand2         3  3.0     0    14     617    (-,-) 
  u_lsu/ADD_TC_OP_45/g823/z               (u)     in_0->z R     unmapped_complex2      1  1.0     0     9     626    (-,-) 
  u_lsu/ADD_TC_OP_45/g73/z                (u)     in_1->z F     unmapped_nand2         4  4.0     0    17     643    (-,-) 
  u_lsu/ADD_TC_OP_45/g741/z               (u)     in_0->z R     unmapped_complex2      1  1.0     0     9     652    (-,-) 
  u_lsu/ADD_TC_OP_45/g707/z               (u)     in_0->z F     unmapped_complex2      6  6.0     0    20     672    (-,-) 
  u_lsu/ADD_TC_OP_45/g540/z               (u)     in_0->z R     unmapped_complex2      1  1.0     0     9     681    (-,-) 
  u_lsu/ADD_TC_OP_45/g690/z               (u)     in_0->z F     unmapped_complex2     10 10.0     0    23     704    (-,-) 
  u_lsu/ADD_TC_OP_45/g682/z               (u)     in_0->z R     unmapped_complex2      1  1.0     0     9     713    (-,-) 
  u_lsu/ADD_TC_OP_45/g663/z               (u)     in_0->z F     unmapped_complex2     17 17.0     0    28     742    (-,-) 
  u_lsu/ADD_TC_OP_45/g570/z               (u)     in_0->z R     unmapped_complex2      1  1.0     0     9     751    (-,-) 
  u_lsu/ADD_TC_OP_45/g630/z               (u)     in_0->z F     unmapped_complex2      2  2.0     0    12     762    (-,-) 
  u_lsu/ADD_TC_OP_45/g603/z               (u)     in_0->z F     unmapped_or2           1  1.0     0     9     771    (-,-) 
  u_lsu/ADD_TC_OP_45/g604/z               (u)     in_1->z R     unmapped_nand2         2  2.0     0    12     783    (-,-) 
  u_lsu/g10489/z                          (u)     in_1->z F     unmapped_nand2         1  1.0     0     9     792    (-,-) 
  u_lsu/g10323/z                          (u)     in_1->z R     unmapped_complex2      1  1.0     0     9     801    (-,-) 
  u_lsu/mem_addr_q_reg[30]/d              -       -       R     unmapped_d_flop        1    -     -     0     801    (-,-) 
#--------------------------------------------------------------------------------------------------------------------------

(u) : Net has unmapped pin(s).



Path 15: VIOLATED (-582 ps) Setup Check with Pin u_lsu/mem_addr_q_reg[29]/clk->d
          Group: clk
     Startpoint: (R) u_lsu/u_lsu_request/rd_ptr_q_reg[0]/clk
          Clock: (R) clk
       Endpoint: (R) u_lsu/mem_addr_q_reg[29]/d
          Clock: (R) clk

                     Capture       Launch     
        Clock Edge:+     250            0     
       Src Latency:+       0            0     
       Net Latency:+       0 (I)        0 (I) 
           Arrival:=     250            0     
                                              
             Setup:-       6                  
       Uncertainty:-      25                  
     Required Time:=     220                  
      Launch Clock:-       0                  
         Data Path:-     801                  
             Slack:=    -582                  

#--------------------------------------------------------------------------------------------------------------------------
#              Timing Point               Flags    Arc    Edge       Cell         Fanout Load Trans Delay Arrival Instance 
#                                                                                        (fF)  (ps)  (ps)   (ps)  Location 
#--------------------------------------------------------------------------------------------------------------------------
  u_lsu/u_lsu_request/rd_ptr_q_reg[0]/clk -       -       R     (arrival)           5356    -    12     0       0    (-,-) 
  u_lsu/u_lsu_request/rd_ptr_q_reg[0]/q   (u)     clk->q  R     unmapped_d_flop       73 73.0     0    90      90    (-,-) 
  u_lsu/u_lsu_request/g916/z              (u)     in_0->z F     unmapped_nand2         1  1.0     0     9      99    (-,-) 
  u_lsu/u_lsu_request/g810/z              (u)     in_1->z R     unmapped_nand2         3  3.0     0    14     114    (-,-) 
  u_lsu/g6410/z                           (u)     in_0->z F     unmapped_complex2      4  4.0     0    17     130    (-,-) 
  u_issue/u_pipe0_ctrl/g5527/z            (u)     in_0->z F     unmapped_or2           2  2.0     0    12     142    (-,-) 
  u_issue/u_pipe0_ctrl/g6457/z            (u)     in_1->z F     unmapped_or2           1  1.0     0     9     151    (-,-) 
  u_issue/u_pipe0_ctrl/g6957/z            (u)     in_0->z R     unmapped_complex2      1  1.0     0     9     160    (-,-) 
  u_issue/u_pipe0_ctrl/g6938/z            (u)     in_1->z F     unmapped_complex2      3  3.0     0    14     175    (-,-) 
  u_issue/g15192/z                        (u)     in_0->z F     unmapped_or2           8  8.0     0    22     197    (-,-) 
  u_issue/g15847/z                        (u)     in_0->z F     unmapped_or2           4  4.0     0    17     213    (-,-) 
  u_issue/g16779/z                        (u)     in_0->z R     unmapped_nor2        120 11.0     0    34     248    (-,-) 
  u_issue/g37891/z                        (u)     in_1->z F     unmapped_nand2         1  1.0     0     9     257    (-,-) 
  u_issue/g37501/z                        (u)     in_1->z R     unmapped_nand2         4  4.0     0    17     274    (-,-) 
  u_issue/g37464/z                        (u)     in_1->z R     unmapped_or2           1  1.0     0     9     283    (-,-) 
  u_issue/g37301/z                        (u)     in_1->z R     unmapped_or2           1  1.0     0     9     292    (-,-) 
  u_issue/g37152/z                        (u)     in_0->z R     unmapped_complex2      1  1.0     0     9     301    (-,-) 
  u_issue/g37136/z                        (u)     in_0->z R     unmapped_complex2      1  1.0     0     9     310    (-,-) 
  u_issue/g37056/z                        (u)     in_1->z F     unmapped_nand2        32 32.0     0    34     344    (-,-) 
  u_issue/g36956/z                        (u)     in_0->z R     unmapped_complex2      6  6.0     0    20     364    (-,-) 
  u_issue/g36633/z                        (u)     in_0->z F     unmapped_complex2      1  1.0     0     9     373    (-,-) 
  u_issue/g36161/z                        (u)     in_1->z R     unmapped_nand2         1  1.0     0     9     382    (-,-) 
  u_issue/g35655/z                        (u)     in_1->z R     unmapped_or2           1  1.0     0     9     392    (-,-) 
  u_issue/g35094/z                        (u)     in_1->z R     unmapped_or2           1  1.0     0     9     401    (-,-) 
  u_issue/g35009/z                        (u)     in_1->z F     unmapped_complex2      1  1.0     0     9     410    (-,-) 
  u_issue/g34738/z                        (u)     in_0->z R     unmapped_nand2         1  1.0     0     9     419    (-,-) 
  u_issue/g34655/z                        (u)     in_1->z F     unmapped_complex2      1  1.0     0     9     428    (-,-) 
  u_issue/g34561/z                        (u)     in_0->z R     unmapped_nand2         2  2.0     0    12     440    (-,-) 
  u_issue/g34558/z                        (u)     in_0->z R     unmapped_or2           1  1.0     0     9     449    (-,-) 
  u_issue/g34549/z                        (u)     in_1->z R     unmapped_or2           3  3.0     0    14     464    (-,-) 
  u_issue/g34545/z                        (u)     in_1->z R     unmapped_or2           2  2.0     0    12     475    (-,-) 
  u_issue/g34528/z                        (u)     in_1->z R     unmapped_or2           1  1.0     0     9     484    (-,-) 
  u_issue/g34283/z                        (u)     in_1->z R     unmapped_complex2      1  1.0     0     9     494    (-,-) 
  u_issue/g38462/z                        (u)     in_0->z F     unmapped_nor2         76 76.0     0    41     534    (-,-) 
  u_issue/g20033/z                        (u)     in_0->z R     unmapped_nand2       181 14.0     0    38     572    (-,-) 
  u_issue/g19778/z                        (u)     in_0->z R     unmapped_complex2      1  1.0     0     9     581    (-,-) 
  u_issue/g19372/z                        (u)     in_1->z F     unmapped_nand2         7  7.0     0    21     602    (-,-) 
  u_lsu/ADD_TC_OP_45/g5/z                 (u)     in_0->z R     unmapped_nand2         3  3.0     0    14     617    (-,-) 
  u_lsu/ADD_TC_OP_45/g823/z               (u)     in_0->z R     unmapped_complex2      1  1.0     0     9     626    (-,-) 
  u_lsu/ADD_TC_OP_45/g73/z                (u)     in_1->z F     unmapped_nand2         4  4.0     0    17     643    (-,-) 
  u_lsu/ADD_TC_OP_45/g741/z               (u)     in_0->z R     unmapped_complex2      1  1.0     0     9     652    (-,-) 
  u_lsu/ADD_TC_OP_45/g707/z               (u)     in_0->z F     unmapped_complex2      6  6.0     0    20     672    (-,-) 
  u_lsu/ADD_TC_OP_45/g540/z               (u)     in_0->z R     unmapped_complex2      1  1.0     0     9     681    (-,-) 
  u_lsu/ADD_TC_OP_45/g690/z               (u)     in_0->z F     unmapped_complex2     10 10.0     0    23     704    (-,-) 
  u_lsu/ADD_TC_OP_45/g682/z               (u)     in_0->z R     unmapped_complex2      1  1.0     0     9     713    (-,-) 
  u_lsu/ADD_TC_OP_45/g663/z               (u)     in_0->z F     unmapped_complex2     17 17.0     0    28     742    (-,-) 
  u_lsu/ADD_TC_OP_45/g569/z               (u)     in_0->z R     unmapped_complex2      1  1.0     0     9     751    (-,-) 
  u_lsu/ADD_TC_OP_45/g628/z               (u)     in_0->z F     unmapped_complex2      2  2.0     0    12     762    (-,-) 
  u_lsu/ADD_TC_OP_45/g609/z               (u)     in_0->z F     unmapped_or2           1  1.0     0     9     771    (-,-) 
  u_lsu/ADD_TC_OP_45/g610/z               (u)     in_1->z R     unmapped_nand2         2  2.0     0    12     783    (-,-) 
  u_lsu/g10595/z                          (u)     in_1->z F     unmapped_nand2         1  1.0     0     9     792    (-,-) 
  u_lsu/g10322/z                          (u)     in_1->z R     unmapped_complex2      1  1.0     0     9     801    (-,-) 
  u_lsu/mem_addr_q_reg[29]/d              -       -       R     unmapped_d_flop        1    -     -     0     801    (-,-) 
#--------------------------------------------------------------------------------------------------------------------------

(u) : Net has unmapped pin(s).



Path 16: VIOLATED (-582 ps) Setup Check with Pin u_lsu/mem_addr_q_reg[28]/clk->d
          Group: clk
     Startpoint: (R) u_lsu/u_lsu_request/rd_ptr_q_reg[0]/clk
          Clock: (R) clk
       Endpoint: (R) u_lsu/mem_addr_q_reg[28]/d
          Clock: (R) clk

                     Capture       Launch     
        Clock Edge:+     250            0     
       Src Latency:+       0            0     
       Net Latency:+       0 (I)        0 (I) 
           Arrival:=     250            0     
                                              
             Setup:-       6                  
       Uncertainty:-      25                  
     Required Time:=     220                  
      Launch Clock:-       0                  
         Data Path:-     801                  
             Slack:=    -582                  

#--------------------------------------------------------------------------------------------------------------------------
#              Timing Point               Flags    Arc    Edge       Cell         Fanout Load Trans Delay Arrival Instance 
#                                                                                        (fF)  (ps)  (ps)   (ps)  Location 
#--------------------------------------------------------------------------------------------------------------------------
  u_lsu/u_lsu_request/rd_ptr_q_reg[0]/clk -       -       R     (arrival)           5356    -    12     0       0    (-,-) 
  u_lsu/u_lsu_request/rd_ptr_q_reg[0]/q   (u)     clk->q  R     unmapped_d_flop       73 73.0     0    90      90    (-,-) 
  u_lsu/u_lsu_request/g916/z              (u)     in_0->z F     unmapped_nand2         1  1.0     0     9      99    (-,-) 
  u_lsu/u_lsu_request/g810/z              (u)     in_1->z R     unmapped_nand2         3  3.0     0    14     114    (-,-) 
  u_lsu/g6410/z                           (u)     in_0->z F     unmapped_complex2      4  4.0     0    17     130    (-,-) 
  u_issue/u_pipe0_ctrl/g5527/z            (u)     in_0->z F     unmapped_or2           2  2.0     0    12     142    (-,-) 
  u_issue/u_pipe0_ctrl/g6457/z            (u)     in_1->z F     unmapped_or2           1  1.0     0     9     151    (-,-) 
  u_issue/u_pipe0_ctrl/g6957/z            (u)     in_0->z R     unmapped_complex2      1  1.0     0     9     160    (-,-) 
  u_issue/u_pipe0_ctrl/g6938/z            (u)     in_1->z F     unmapped_complex2      3  3.0     0    14     175    (-,-) 
  u_issue/g15192/z                        (u)     in_0->z F     unmapped_or2           8  8.0     0    22     197    (-,-) 
  u_issue/g15847/z                        (u)     in_0->z F     unmapped_or2           4  4.0     0    17     213    (-,-) 
  u_issue/g16779/z                        (u)     in_0->z R     unmapped_nor2        120 11.0     0    34     248    (-,-) 
  u_issue/g37891/z                        (u)     in_1->z F     unmapped_nand2         1  1.0     0     9     257    (-,-) 
  u_issue/g37501/z                        (u)     in_1->z R     unmapped_nand2         4  4.0     0    17     274    (-,-) 
  u_issue/g37464/z                        (u)     in_1->z R     unmapped_or2           1  1.0     0     9     283    (-,-) 
  u_issue/g37301/z                        (u)     in_1->z R     unmapped_or2           1  1.0     0     9     292    (-,-) 
  u_issue/g37152/z                        (u)     in_0->z R     unmapped_complex2      1  1.0     0     9     301    (-,-) 
  u_issue/g37136/z                        (u)     in_0->z R     unmapped_complex2      1  1.0     0     9     310    (-,-) 
  u_issue/g37056/z                        (u)     in_1->z F     unmapped_nand2        32 32.0     0    34     344    (-,-) 
  u_issue/g36956/z                        (u)     in_0->z R     unmapped_complex2      6  6.0     0    20     364    (-,-) 
  u_issue/g36633/z                        (u)     in_0->z F     unmapped_complex2      1  1.0     0     9     373    (-,-) 
  u_issue/g36161/z                        (u)     in_1->z R     unmapped_nand2         1  1.0     0     9     382    (-,-) 
  u_issue/g35655/z                        (u)     in_1->z R     unmapped_or2           1  1.0     0     9     392    (-,-) 
  u_issue/g35094/z                        (u)     in_1->z R     unmapped_or2           1  1.0     0     9     401    (-,-) 
  u_issue/g35009/z                        (u)     in_1->z F     unmapped_complex2      1  1.0     0     9     410    (-,-) 
  u_issue/g34738/z                        (u)     in_0->z R     unmapped_nand2         1  1.0     0     9     419    (-,-) 
  u_issue/g34655/z                        (u)     in_1->z F     unmapped_complex2      1  1.0     0     9     428    (-,-) 
  u_issue/g34561/z                        (u)     in_0->z R     unmapped_nand2         2  2.0     0    12     440    (-,-) 
  u_issue/g34558/z                        (u)     in_0->z R     unmapped_or2           1  1.0     0     9     449    (-,-) 
  u_issue/g34549/z                        (u)     in_1->z R     unmapped_or2           3  3.0     0    14     464    (-,-) 
  u_issue/g34545/z                        (u)     in_1->z R     unmapped_or2           2  2.0     0    12     475    (-,-) 
  u_issue/g34528/z                        (u)     in_1->z R     unmapped_or2           1  1.0     0     9     484    (-,-) 
  u_issue/g34283/z                        (u)     in_1->z R     unmapped_complex2      1  1.0     0     9     494    (-,-) 
  u_issue/g38462/z                        (u)     in_0->z F     unmapped_nor2         76 76.0     0    41     534    (-,-) 
  u_issue/g20033/z                        (u)     in_0->z R     unmapped_nand2       181 14.0     0    38     572    (-,-) 
  u_issue/g19778/z                        (u)     in_0->z R     unmapped_complex2      1  1.0     0     9     581    (-,-) 
  u_issue/g19372/z                        (u)     in_1->z F     unmapped_nand2         7  7.0     0    21     602    (-,-) 
  u_lsu/ADD_TC_OP_45/g5/z                 (u)     in_0->z R     unmapped_nand2         3  3.0     0    14     617    (-,-) 
  u_lsu/ADD_TC_OP_45/g823/z               (u)     in_0->z R     unmapped_complex2      1  1.0     0     9     626    (-,-) 
  u_lsu/ADD_TC_OP_45/g73/z                (u)     in_1->z F     unmapped_nand2         4  4.0     0    17     643    (-,-) 
  u_lsu/ADD_TC_OP_45/g741/z               (u)     in_0->z R     unmapped_complex2      1  1.0     0     9     652    (-,-) 
  u_lsu/ADD_TC_OP_45/g707/z               (u)     in_0->z F     unmapped_complex2      6  6.0     0    20     672    (-,-) 
  u_lsu/ADD_TC_OP_45/g540/z               (u)     in_0->z R     unmapped_complex2      1  1.0     0     9     681    (-,-) 
  u_lsu/ADD_TC_OP_45/g690/z               (u)     in_0->z F     unmapped_complex2     10 10.0     0    23     704    (-,-) 
  u_lsu/ADD_TC_OP_45/g682/z               (u)     in_0->z R     unmapped_complex2      1  1.0     0     9     713    (-,-) 
  u_lsu/ADD_TC_OP_45/g663/z               (u)     in_0->z F     unmapped_complex2     17 17.0     0    28     742    (-,-) 
  u_lsu/ADD_TC_OP_45/g568/z               (u)     in_0->z R     unmapped_complex2      1  1.0     0     9     751    (-,-) 
  u_lsu/ADD_TC_OP_45/g625/z               (u)     in_0->z F     unmapped_complex2      2  2.0     0    12     762    (-,-) 
  u_lsu/ADD_TC_OP_45/g594/z               (u)     in_0->z F     unmapped_or2           1  1.0     0     9     771    (-,-) 
  u_lsu/ADD_TC_OP_45/g595/z               (u)     in_1->z R     unmapped_nand2         2  2.0     0    12     783    (-,-) 
  u_lsu/g10518/z                          (u)     in_1->z F     unmapped_nand2         1  1.0     0     9     792    (-,-) 
  u_lsu/g10281/z                          (u)     in_1->z R     unmapped_complex2      1  1.0     0     9     801    (-,-) 
  u_lsu/mem_addr_q_reg[28]/d              -       -       R     unmapped_d_flop        1    -     -     0     801    (-,-) 
#--------------------------------------------------------------------------------------------------------------------------

(u) : Net has unmapped pin(s).



Path 17: VIOLATED (-580 ps) Setup Check with Pin u_lsu/mem_addr_q_reg[17]/clk->d
          Group: clk
     Startpoint: (R) u_lsu/u_lsu_request/rd_ptr_q_reg[0]/clk
          Clock: (R) clk
       Endpoint: (R) u_lsu/mem_addr_q_reg[17]/d
          Clock: (R) clk

                     Capture       Launch     
        Clock Edge:+     250            0     
       Src Latency:+       0            0     
       Net Latency:+       0 (I)        0 (I) 
           Arrival:=     250            0     
                                              
             Setup:-       6                  
       Uncertainty:-      25                  
     Required Time:=     220                  
      Launch Clock:-       0                  
         Data Path:-     799                  
             Slack:=    -580                  

#--------------------------------------------------------------------------------------------------------------------------
#              Timing Point               Flags    Arc    Edge       Cell         Fanout Load Trans Delay Arrival Instance 
#                                                                                        (fF)  (ps)  (ps)   (ps)  Location 
#--------------------------------------------------------------------------------------------------------------------------
  u_lsu/u_lsu_request/rd_ptr_q_reg[0]/clk -       -       R     (arrival)           5356    -    12     0       0    (-,-) 
  u_lsu/u_lsu_request/rd_ptr_q_reg[0]/q   (u)     clk->q  R     unmapped_d_flop       73 73.0     0    90      90    (-,-) 
  u_lsu/u_lsu_request/g916/z              (u)     in_0->z F     unmapped_nand2         1  1.0     0     9      99    (-,-) 
  u_lsu/u_lsu_request/g810/z              (u)     in_1->z R     unmapped_nand2         3  3.0     0    14     114    (-,-) 
  u_lsu/g6410/z                           (u)     in_0->z F     unmapped_complex2      4  4.0     0    17     130    (-,-) 
  u_issue/u_pipe0_ctrl/g5527/z            (u)     in_0->z F     unmapped_or2           2  2.0     0    12     142    (-,-) 
  u_issue/u_pipe0_ctrl/g6457/z            (u)     in_1->z F     unmapped_or2           1  1.0     0     9     151    (-,-) 
  u_issue/u_pipe0_ctrl/g6957/z            (u)     in_0->z R     unmapped_complex2      1  1.0     0     9     160    (-,-) 
  u_issue/u_pipe0_ctrl/g6938/z            (u)     in_1->z F     unmapped_complex2      3  3.0     0    14     175    (-,-) 
  u_issue/g15192/z                        (u)     in_0->z F     unmapped_or2           8  8.0     0    22     197    (-,-) 
  u_issue/g15847/z                        (u)     in_0->z F     unmapped_or2           4  4.0     0    17     213    (-,-) 
  u_issue/g16779/z                        (u)     in_0->z R     unmapped_nor2        120 11.0     0    34     248    (-,-) 
  u_issue/g37891/z                        (u)     in_1->z F     unmapped_nand2         1  1.0     0     9     257    (-,-) 
  u_issue/g37501/z                        (u)     in_1->z R     unmapped_nand2         4  4.0     0    17     274    (-,-) 
  u_issue/g37464/z                        (u)     in_1->z R     unmapped_or2           1  1.0     0     9     283    (-,-) 
  u_issue/g37301/z                        (u)     in_1->z R     unmapped_or2           1  1.0     0     9     292    (-,-) 
  u_issue/g37152/z                        (u)     in_0->z R     unmapped_complex2      1  1.0     0     9     301    (-,-) 
  u_issue/g37136/z                        (u)     in_0->z R     unmapped_complex2      1  1.0     0     9     310    (-,-) 
  u_issue/g37056/z                        (u)     in_1->z F     unmapped_nand2        32 32.0     0    34     344    (-,-) 
  u_issue/g36956/z                        (u)     in_0->z R     unmapped_complex2      6  6.0     0    20     364    (-,-) 
  u_issue/g36633/z                        (u)     in_0->z F     unmapped_complex2      1  1.0     0     9     373    (-,-) 
  u_issue/g36161/z                        (u)     in_1->z R     unmapped_nand2         1  1.0     0     9     382    (-,-) 
  u_issue/g35655/z                        (u)     in_1->z R     unmapped_or2           1  1.0     0     9     392    (-,-) 
  u_issue/g35094/z                        (u)     in_1->z R     unmapped_or2           1  1.0     0     9     401    (-,-) 
  u_issue/g35009/z                        (u)     in_1->z F     unmapped_complex2      1  1.0     0     9     410    (-,-) 
  u_issue/g34738/z                        (u)     in_0->z R     unmapped_nand2         1  1.0     0     9     419    (-,-) 
  u_issue/g34655/z                        (u)     in_1->z F     unmapped_complex2      1  1.0     0     9     428    (-,-) 
  u_issue/g34561/z                        (u)     in_0->z R     unmapped_nand2         2  2.0     0    12     440    (-,-) 
  u_issue/g34558/z                        (u)     in_0->z R     unmapped_or2           1  1.0     0     9     449    (-,-) 
  u_issue/g34549/z                        (u)     in_1->z R     unmapped_or2           3  3.0     0    14     464    (-,-) 
  u_issue/g34545/z                        (u)     in_1->z R     unmapped_or2           2  2.0     0    12     475    (-,-) 
  u_issue/g34528/z                        (u)     in_1->z R     unmapped_or2           1  1.0     0     9     484    (-,-) 
  u_issue/g34283/z                        (u)     in_1->z R     unmapped_complex2      1  1.0     0     9     494    (-,-) 
  u_issue/g38462/z                        (u)     in_0->z F     unmapped_nor2         76 76.0     0    41     534    (-,-) 
  u_issue/g20033/z                        (u)     in_0->z R     unmapped_nand2       181 14.0     0    38     572    (-,-) 
  u_issue/g19778/z                        (u)     in_0->z R     unmapped_complex2      1  1.0     0     9     581    (-,-) 
  u_issue/g19372/z                        (u)     in_1->z F     unmapped_nand2         7  7.0     0    21     602    (-,-) 
  u_lsu/ADD_TC_OP_45/g5/z                 (u)     in_0->z R     unmapped_nand2         3  3.0     0    14     617    (-,-) 
  u_lsu/ADD_TC_OP_45/g823/z               (u)     in_0->z R     unmapped_complex2      1  1.0     0     9     626    (-,-) 
  u_lsu/ADD_TC_OP_45/g73/z                (u)     in_1->z F     unmapped_nand2         4  4.0     0    17     643    (-,-) 
  u_lsu/ADD_TC_OP_45/g741/z               (u)     in_0->z R     unmapped_complex2      1  1.0     0     9     652    (-,-) 
  u_lsu/ADD_TC_OP_45/g707/z               (u)     in_0->z F     unmapped_complex2      6  6.0     0    20     672    (-,-) 
  u_lsu/ADD_TC_OP_45/g540/z               (u)     in_0->z R     unmapped_complex2      1  1.0     0     9     681    (-,-) 
  u_lsu/ADD_TC_OP_45/g690/z               (u)     in_0->z F     unmapped_complex2     10 10.0     0    23     704    (-,-) 
  u_lsu/ADD_TC_OP_45/g682/z               (u)     in_0->z R     unmapped_complex2      1  1.0     0     9     713    (-,-) 
  u_lsu/ADD_TC_OP_45/g663/z               (u)     in_0->z F     unmapped_complex2     17 17.0     0    28     742    (-,-) 
  u_lsu/ADD_TC_OP_45/g657/z               (u)     in_1->z R     unmapped_nand2         1  1.0     0     9     751    (-,-) 
  u_lsu/ADD_TC_OP_45/g332/z               (u)     in_1->z F     unmapped_nand2         2  2.0     0    12     762    (-,-) 
  u_lsu/ADD_TC_OP_45/g606/z               (u)     in_0->z F     unmapped_or2           1  1.0     0     9     771    (-,-) 
  u_lsu/ADD_TC_OP_45/g607/z               (u)     in_1->z R     unmapped_nand2         1  1.0     0     9     781    (-,-) 
  u_lsu/g10484/z                          (u)     in_1->z F     unmapped_nand2         1  1.0     0     9     790    (-,-) 
  u_lsu/g10264/z                          (u)     in_1->z R     unmapped_complex2      1  1.0     0     9     799    (-,-) 
  u_lsu/mem_addr_q_reg[17]/d              -       -       R     unmapped_d_flop        1    -     -     0     799    (-,-) 
#--------------------------------------------------------------------------------------------------------------------------

(u) : Net has unmapped pin(s).



Path 18: VIOLATED (-575 ps) Setup Check with Pin u_lsu/mem_addr_q_reg[14]/clk->d
          Group: clk
     Startpoint: (R) u_lsu/u_lsu_request/rd_ptr_q_reg[0]/clk
          Clock: (R) clk
       Endpoint: (R) u_lsu/mem_addr_q_reg[14]/d
          Clock: (R) clk

                     Capture       Launch     
        Clock Edge:+     250            0     
       Src Latency:+       0            0     
       Net Latency:+       0 (I)        0 (I) 
           Arrival:=     250            0     
                                              
             Setup:-       6                  
       Uncertainty:-      25                  
     Required Time:=     220                  
      Launch Clock:-       0                  
         Data Path:-     795                  
             Slack:=    -575                  

#-----------------------------------------------------------------------------------------------------------------------------
#               Timing Point                 Flags    Arc    Edge       Cell         Fanout Load Trans Delay Arrival Instance 
#                                                                                           (fF)  (ps)  (ps)   (ps)  Location 
#-----------------------------------------------------------------------------------------------------------------------------
  u_lsu/u_lsu_request/rd_ptr_q_reg[0]/clk    -       -       R     (arrival)           5356    -    12     0       0    (-,-) 
  u_lsu/u_lsu_request/rd_ptr_q_reg[0]/q      (u)     clk->q  R     unmapped_d_flop       73 73.0     0    90      90    (-,-) 
  u_lsu/u_lsu_request/g916/z                 (u)     in_0->z F     unmapped_nand2         1  1.0     0     9      99    (-,-) 
  u_lsu/u_lsu_request/g810/z                 (u)     in_1->z R     unmapped_nand2         3  3.0     0    14     114    (-,-) 
  u_lsu/g6410/z                              (u)     in_0->z F     unmapped_complex2      4  4.0     0    17     130    (-,-) 
  u_issue/u_pipe0_ctrl/g5527/z               (u)     in_0->z F     unmapped_or2           2  2.0     0    12     142    (-,-) 
  u_issue/u_pipe0_ctrl/g6457/z               (u)     in_1->z F     unmapped_or2           1  1.0     0     9     151    (-,-) 
  u_issue/u_pipe0_ctrl/g6957/z               (u)     in_0->z R     unmapped_complex2      1  1.0     0     9     160    (-,-) 
  u_issue/u_pipe0_ctrl/g6938/z               (u)     in_1->z F     unmapped_complex2      3  3.0     0    14     175    (-,-) 
  u_issue/g15192/z                           (u)     in_0->z F     unmapped_or2           8  8.0     0    22     197    (-,-) 
  u_issue/g15847/z                           (u)     in_0->z F     unmapped_or2           4  4.0     0    17     213    (-,-) 
  u_issue/g16779/z                           (u)     in_0->z R     unmapped_nor2        120 11.0     0    34     248    (-,-) 
  u_issue/g37891/z                           (u)     in_1->z F     unmapped_nand2         1  1.0     0     9     257    (-,-) 
  u_issue/g37501/z                           (u)     in_1->z R     unmapped_nand2         4  4.0     0    17     274    (-,-) 
  u_issue/g37464/z                           (u)     in_1->z R     unmapped_or2           1  1.0     0     9     283    (-,-) 
  u_issue/g37301/z                           (u)     in_1->z R     unmapped_or2           1  1.0     0     9     292    (-,-) 
  u_issue/g37152/z                           (u)     in_0->z R     unmapped_complex2      1  1.0     0     9     301    (-,-) 
  u_issue/g37136/z                           (u)     in_0->z R     unmapped_complex2      1  1.0     0     9     310    (-,-) 
  u_issue/g37056/z                           (u)     in_1->z F     unmapped_nand2        32 32.0     0    34     344    (-,-) 
  u_issue/g36956/z                           (u)     in_0->z R     unmapped_complex2      6  6.0     0    20     364    (-,-) 
  u_issue/g36633/z                           (u)     in_0->z F     unmapped_complex2      1  1.0     0     9     373    (-,-) 
  u_issue/g36161/z                           (u)     in_1->z R     unmapped_nand2         1  1.0     0     9     382    (-,-) 
  u_issue/g35655/z                           (u)     in_1->z R     unmapped_or2           1  1.0     0     9     392    (-,-) 
  u_issue/g35094/z                           (u)     in_1->z R     unmapped_or2           1  1.0     0     9     401    (-,-) 
  u_issue/g35009/z                           (u)     in_1->z F     unmapped_complex2      1  1.0     0     9     410    (-,-) 
  u_issue/g34738/z                           (u)     in_0->z R     unmapped_nand2         1  1.0     0     9     419    (-,-) 
  u_issue/g34655/z                           (u)     in_1->z F     unmapped_complex2      1  1.0     0     9     428    (-,-) 
  u_issue/g34561/z                           (u)     in_0->z R     unmapped_nand2         2  2.0     0    12     440    (-,-) 
  u_issue/g34558/z                           (u)     in_0->z R     unmapped_or2           1  1.0     0     9     449    (-,-) 
  u_issue/g34549/z                           (u)     in_1->z R     unmapped_or2           3  3.0     0    14     464    (-,-) 
  u_issue/g34545/z                           (u)     in_1->z R     unmapped_or2           2  2.0     0    12     475    (-,-) 
  u_issue/g34528/z                           (u)     in_1->z R     unmapped_or2           1  1.0     0     9     484    (-,-) 
  u_issue/g34283/z                           (u)     in_1->z R     unmapped_complex2      1  1.0     0     9     494    (-,-) 
  u_issue/g38462/z                           (u)     in_0->z F     unmapped_nor2         76 76.0     0    41     534    (-,-) 
  u_issue/g20033/z                           (u)     in_0->z R     unmapped_nand2       181 14.0     0    38     572    (-,-) 
  u_issue/g19778/z                           (u)     in_0->z R     unmapped_complex2      1  1.0     0     9     581    (-,-) 
  u_issue/g19372/z                           (u)     in_1->z F     unmapped_nand2         7  7.0     0    21     602    (-,-) 
  u_lsu/csa_tree_ADD_TC_OP_48_groupi/g1455/z (u)     in_0->z R     unmapped_nand2         3  3.0     0    14     617    (-,-) 
  u_lsu/csa_tree_ADD_TC_OP_48_groupi/g1684/z (u)     in_0->z R     unmapped_complex2      1  1.0     0     9     626    (-,-) 
  u_lsu/csa_tree_ADD_TC_OP_48_groupi/g1660/z (u)     in_0->z F     unmapped_nand2         4  4.0     0    17     643    (-,-) 
  u_lsu/csa_tree_ADD_TC_OP_48_groupi/g1642/z (u)     in_0->z R     unmapped_complex2      1  1.0     0     9     652    (-,-) 
  u_lsu/csa_tree_ADD_TC_OP_48_groupi/g1634/z (u)     in_0->z F     unmapped_complex2      5  5.0     0    19     670    (-,-) 
  u_lsu/csa_tree_ADD_TC_OP_48_groupi/g1618/z (u)     in_0->z R     unmapped_complex2      1  1.0     0     9     680    (-,-) 
  u_lsu/csa_tree_ADD_TC_OP_48_groupi/g1612/z (u)     in_0->z F     unmapped_complex2      6  6.0     0    20     699    (-,-) 
  u_lsu/csa_tree_ADD_TC_OP_48_groupi/g1585/z (u)     in_0->z R     unmapped_complex2      1  1.0     0     9     708    (-,-) 
  u_lsu/csa_tree_ADD_TC_OP_48_groupi/g1579/z (u)     in_0->z F     unmapped_complex2      4  4.0     0    17     725    (-,-) 
  u_lsu/csa_tree_ADD_TC_OP_48_groupi/g1544/z (u)     in_0->z R     unmapped_complex2      1  1.0     0     9     734    (-,-) 
  u_lsu/csa_tree_ADD_TC_OP_48_groupi/g1533/z (u)     in_0->z F     unmapped_complex2      3  3.0     0    14     749    (-,-) 
  u_lsu/csa_tree_ADD_TC_OP_48_groupi/g1526/z (u)     in_0->z F     unmapped_or2           1  1.0     0     9     758    (-,-) 
  u_lsu/csa_tree_ADD_TC_OP_48_groupi/g1527/z (u)     in_1->z R     unmapped_nand2         1  1.0     0     9     767    (-,-) 
  u_lsu/g10515/z                             (u)     in_0->z F     unmapped_complex2      1  1.0     0     9     776    (-,-) 
  u_lsu/g10399/z                             (u)     in_1->z R     unmapped_complex2      1  1.0     0     9     786    (-,-) 
  u_lsu/g10270/z                             (u)     in_0->z R     unmapped_complex2      1  1.0     0     9     795    (-,-) 
  u_lsu/mem_addr_q_reg[14]/d                 -       -       R     unmapped_d_flop        1    -     -     0     795    (-,-) 
#-----------------------------------------------------------------------------------------------------------------------------

(u) : Net has unmapped pin(s).



Path 19: VIOLATED (-572 ps) Setup Check with Pin u_lsu/mem_addr_q_reg[13]/clk->d
          Group: clk
     Startpoint: (R) u_lsu/u_lsu_request/rd_ptr_q_reg[0]/clk
          Clock: (R) clk
       Endpoint: (R) u_lsu/mem_addr_q_reg[13]/d
          Clock: (R) clk

                     Capture       Launch     
        Clock Edge:+     250            0     
       Src Latency:+       0            0     
       Net Latency:+       0 (I)        0 (I) 
           Arrival:=     250            0     
                                              
             Setup:-       6                  
       Uncertainty:-      25                  
     Required Time:=     220                  
      Launch Clock:-       0                  
         Data Path:-     792                  
             Slack:=    -572                  

#-----------------------------------------------------------------------------------------------------------------------------
#               Timing Point                 Flags    Arc    Edge       Cell         Fanout Load Trans Delay Arrival Instance 
#                                                                                           (fF)  (ps)  (ps)   (ps)  Location 
#-----------------------------------------------------------------------------------------------------------------------------
  u_lsu/u_lsu_request/rd_ptr_q_reg[0]/clk    -       -       R     (arrival)           5356    -    12     0       0    (-,-) 
  u_lsu/u_lsu_request/rd_ptr_q_reg[0]/q      (u)     clk->q  R     unmapped_d_flop       73 73.0     0    90      90    (-,-) 
  u_lsu/u_lsu_request/g916/z                 (u)     in_0->z F     unmapped_nand2         1  1.0     0     9      99    (-,-) 
  u_lsu/u_lsu_request/g810/z                 (u)     in_1->z R     unmapped_nand2         3  3.0     0    14     114    (-,-) 
  u_lsu/g6410/z                              (u)     in_0->z F     unmapped_complex2      4  4.0     0    17     130    (-,-) 
  u_issue/u_pipe0_ctrl/g5527/z               (u)     in_0->z F     unmapped_or2           2  2.0     0    12     142    (-,-) 
  u_issue/u_pipe0_ctrl/g6457/z               (u)     in_1->z F     unmapped_or2           1  1.0     0     9     151    (-,-) 
  u_issue/u_pipe0_ctrl/g6957/z               (u)     in_0->z R     unmapped_complex2      1  1.0     0     9     160    (-,-) 
  u_issue/u_pipe0_ctrl/g6938/z               (u)     in_1->z F     unmapped_complex2      3  3.0     0    14     175    (-,-) 
  u_issue/g15192/z                           (u)     in_0->z F     unmapped_or2           8  8.0     0    22     197    (-,-) 
  u_issue/g15847/z                           (u)     in_0->z F     unmapped_or2           4  4.0     0    17     213    (-,-) 
  u_issue/g16779/z                           (u)     in_0->z R     unmapped_nor2        120 11.0     0    34     248    (-,-) 
  u_issue/g37891/z                           (u)     in_1->z F     unmapped_nand2         1  1.0     0     9     257    (-,-) 
  u_issue/g37501/z                           (u)     in_1->z R     unmapped_nand2         4  4.0     0    17     274    (-,-) 
  u_issue/g37464/z                           (u)     in_1->z R     unmapped_or2           1  1.0     0     9     283    (-,-) 
  u_issue/g37301/z                           (u)     in_1->z R     unmapped_or2           1  1.0     0     9     292    (-,-) 
  u_issue/g37152/z                           (u)     in_0->z R     unmapped_complex2      1  1.0     0     9     301    (-,-) 
  u_issue/g37136/z                           (u)     in_0->z R     unmapped_complex2      1  1.0     0     9     310    (-,-) 
  u_issue/g37056/z                           (u)     in_1->z F     unmapped_nand2        32 32.0     0    34     344    (-,-) 
  u_issue/g36956/z                           (u)     in_0->z R     unmapped_complex2      6  6.0     0    20     364    (-,-) 
  u_issue/g36633/z                           (u)     in_0->z F     unmapped_complex2      1  1.0     0     9     373    (-,-) 
  u_issue/g36161/z                           (u)     in_1->z R     unmapped_nand2         1  1.0     0     9     382    (-,-) 
  u_issue/g35655/z                           (u)     in_1->z R     unmapped_or2           1  1.0     0     9     392    (-,-) 
  u_issue/g35094/z                           (u)     in_1->z R     unmapped_or2           1  1.0     0     9     401    (-,-) 
  u_issue/g35009/z                           (u)     in_1->z F     unmapped_complex2      1  1.0     0     9     410    (-,-) 
  u_issue/g34738/z                           (u)     in_0->z R     unmapped_nand2         1  1.0     0     9     419    (-,-) 
  u_issue/g34655/z                           (u)     in_1->z F     unmapped_complex2      1  1.0     0     9     428    (-,-) 
  u_issue/g34561/z                           (u)     in_0->z R     unmapped_nand2         2  2.0     0    12     440    (-,-) 
  u_issue/g34558/z                           (u)     in_0->z R     unmapped_or2           1  1.0     0     9     449    (-,-) 
  u_issue/g34549/z                           (u)     in_1->z R     unmapped_or2           3  3.0     0    14     464    (-,-) 
  u_issue/g34545/z                           (u)     in_1->z R     unmapped_or2           2  2.0     0    12     475    (-,-) 
  u_issue/g34528/z                           (u)     in_1->z R     unmapped_or2           1  1.0     0     9     484    (-,-) 
  u_issue/g34283/z                           (u)     in_1->z R     unmapped_complex2      1  1.0     0     9     494    (-,-) 
  u_issue/g38462/z                           (u)     in_0->z F     unmapped_nor2         76 76.0     0    41     534    (-,-) 
  u_issue/g20033/z                           (u)     in_0->z R     unmapped_nand2       181 14.0     0    38     572    (-,-) 
  u_issue/g19778/z                           (u)     in_0->z R     unmapped_complex2      1  1.0     0     9     581    (-,-) 
  u_issue/g19372/z                           (u)     in_1->z F     unmapped_nand2         7  7.0     0    21     602    (-,-) 
  u_lsu/csa_tree_ADD_TC_OP_48_groupi/g1455/z (u)     in_0->z R     unmapped_nand2         3  3.0     0    14     617    (-,-) 
  u_lsu/csa_tree_ADD_TC_OP_48_groupi/g1684/z (u)     in_0->z R     unmapped_complex2      1  1.0     0     9     626    (-,-) 
  u_lsu/csa_tree_ADD_TC_OP_48_groupi/g1660/z (u)     in_0->z F     unmapped_nand2         4  4.0     0    17     643    (-,-) 
  u_lsu/csa_tree_ADD_TC_OP_48_groupi/g1642/z (u)     in_0->z R     unmapped_complex2      1  1.0     0     9     652    (-,-) 
  u_lsu/csa_tree_ADD_TC_OP_48_groupi/g1634/z (u)     in_0->z F     unmapped_complex2      5  5.0     0    19     670    (-,-) 
  u_lsu/csa_tree_ADD_TC_OP_48_groupi/g1618/z (u)     in_0->z R     unmapped_complex2      1  1.0     0     9     680    (-,-) 
  u_lsu/csa_tree_ADD_TC_OP_48_groupi/g1612/z (u)     in_0->z F     unmapped_complex2      6  6.0     0    20     699    (-,-) 
  u_lsu/csa_tree_ADD_TC_OP_48_groupi/g1585/z (u)     in_0->z R     unmapped_complex2      1  1.0     0     9     708    (-,-) 
  u_lsu/csa_tree_ADD_TC_OP_48_groupi/g1579/z (u)     in_0->z F     unmapped_complex2      4  4.0     0    17     725    (-,-) 
  u_lsu/csa_tree_ADD_TC_OP_48_groupi/g1571/z (u)     in_1->z R     unmapped_nand2         1  1.0     0     9     734    (-,-) 
  u_lsu/csa_tree_ADD_TC_OP_48_groupi/g1534/z (u)     in_1->z F     unmapped_nand2         2  2.0     0    12     746    (-,-) 
  u_lsu/csa_tree_ADD_TC_OP_48_groupi/g1511/z (u)     in_0->z F     unmapped_or2           1  1.0     0     9     755    (-,-) 
  u_lsu/csa_tree_ADD_TC_OP_48_groupi/g1512/z (u)     in_1->z R     unmapped_nand2         1  1.0     0     9     764    (-,-) 
  u_lsu/g10508/z                             (u)     in_0->z F     unmapped_complex2      1  1.0     0     9     774    (-,-) 
  u_lsu/g10332/z                             (u)     in_1->z R     unmapped_complex2      1  1.0     0     9     783    (-,-) 
  u_lsu/g10267/z                             (u)     in_0->z R     unmapped_complex2      1  1.0     0     9     792    (-,-) 
  u_lsu/mem_addr_q_reg[13]/d                 -       -       R     unmapped_d_flop        1    -     -     0     792    (-,-) 
#-----------------------------------------------------------------------------------------------------------------------------

(u) : Net has unmapped pin(s).



Path 20: VIOLATED (-570 ps) Setup Check with Pin u_lsu/mem_addr_q_reg[11]/clk->d
          Group: clk
     Startpoint: (R) u_lsu/u_lsu_request/rd_ptr_q_reg[0]/clk
          Clock: (R) clk
       Endpoint: (R) u_lsu/mem_addr_q_reg[11]/d
          Clock: (R) clk

                     Capture       Launch     
        Clock Edge:+     250            0     
       Src Latency:+       0            0     
       Net Latency:+       0 (I)        0 (I) 
           Arrival:=     250            0     
                                              
             Setup:-       6                  
       Uncertainty:-      25                  
     Required Time:=     220                  
      Launch Clock:-       0                  
         Data Path:-     790                  
             Slack:=    -570                  

#-----------------------------------------------------------------------------------------------------------------------------
#               Timing Point                 Flags    Arc    Edge       Cell         Fanout Load Trans Delay Arrival Instance 
#                                                                                           (fF)  (ps)  (ps)   (ps)  Location 
#-----------------------------------------------------------------------------------------------------------------------------
  u_lsu/u_lsu_request/rd_ptr_q_reg[0]/clk    -       -       R     (arrival)           5356    -    12     0       0    (-,-) 
  u_lsu/u_lsu_request/rd_ptr_q_reg[0]/q      (u)     clk->q  R     unmapped_d_flop       73 73.0     0    90      90    (-,-) 
  u_lsu/u_lsu_request/g916/z                 (u)     in_0->z F     unmapped_nand2         1  1.0     0     9      99    (-,-) 
  u_lsu/u_lsu_request/g810/z                 (u)     in_1->z R     unmapped_nand2         3  3.0     0    14     114    (-,-) 
  u_lsu/g6410/z                              (u)     in_0->z F     unmapped_complex2      4  4.0     0    17     130    (-,-) 
  u_issue/u_pipe0_ctrl/g5527/z               (u)     in_0->z F     unmapped_or2           2  2.0     0    12     142    (-,-) 
  u_issue/u_pipe0_ctrl/g6457/z               (u)     in_1->z F     unmapped_or2           1  1.0     0     9     151    (-,-) 
  u_issue/u_pipe0_ctrl/g6957/z               (u)     in_0->z R     unmapped_complex2      1  1.0     0     9     160    (-,-) 
  u_issue/u_pipe0_ctrl/g6938/z               (u)     in_1->z F     unmapped_complex2      3  3.0     0    14     175    (-,-) 
  u_issue/g15192/z                           (u)     in_0->z F     unmapped_or2           8  8.0     0    22     197    (-,-) 
  u_issue/g15847/z                           (u)     in_0->z F     unmapped_or2           4  4.0     0    17     213    (-,-) 
  u_issue/g16779/z                           (u)     in_0->z R     unmapped_nor2        120 11.0     0    34     248    (-,-) 
  u_issue/g37891/z                           (u)     in_1->z F     unmapped_nand2         1  1.0     0     9     257    (-,-) 
  u_issue/g37501/z                           (u)     in_1->z R     unmapped_nand2         4  4.0     0    17     274    (-,-) 
  u_issue/g37464/z                           (u)     in_1->z R     unmapped_or2           1  1.0     0     9     283    (-,-) 
  u_issue/g37301/z                           (u)     in_1->z R     unmapped_or2           1  1.0     0     9     292    (-,-) 
  u_issue/g37152/z                           (u)     in_0->z R     unmapped_complex2      1  1.0     0     9     301    (-,-) 
  u_issue/g37136/z                           (u)     in_0->z R     unmapped_complex2      1  1.0     0     9     310    (-,-) 
  u_issue/g37056/z                           (u)     in_1->z F     unmapped_nand2        32 32.0     0    34     344    (-,-) 
  u_issue/g36956/z                           (u)     in_0->z R     unmapped_complex2      6  6.0     0    20     364    (-,-) 
  u_issue/g36633/z                           (u)     in_0->z F     unmapped_complex2      1  1.0     0     9     373    (-,-) 
  u_issue/g36161/z                           (u)     in_1->z R     unmapped_nand2         1  1.0     0     9     382    (-,-) 
  u_issue/g35655/z                           (u)     in_1->z R     unmapped_or2           1  1.0     0     9     392    (-,-) 
  u_issue/g35094/z                           (u)     in_1->z R     unmapped_or2           1  1.0     0     9     401    (-,-) 
  u_issue/g35009/z                           (u)     in_1->z F     unmapped_complex2      1  1.0     0     9     410    (-,-) 
  u_issue/g34738/z                           (u)     in_0->z R     unmapped_nand2         1  1.0     0     9     419    (-,-) 
  u_issue/g34655/z                           (u)     in_1->z F     unmapped_complex2      1  1.0     0     9     428    (-,-) 
  u_issue/g34561/z                           (u)     in_0->z R     unmapped_nand2         2  2.0     0    12     440    (-,-) 
  u_issue/g34558/z                           (u)     in_0->z R     unmapped_or2           1  1.0     0     9     449    (-,-) 
  u_issue/g34549/z                           (u)     in_1->z R     unmapped_or2           3  3.0     0    14     464    (-,-) 
  u_issue/g34545/z                           (u)     in_1->z R     unmapped_or2           2  2.0     0    12     475    (-,-) 
  u_issue/g34528/z                           (u)     in_1->z R     unmapped_or2           1  1.0     0     9     484    (-,-) 
  u_issue/g34283/z                           (u)     in_1->z R     unmapped_complex2      1  1.0     0     9     494    (-,-) 
  u_issue/g38462/z                           (u)     in_0->z F     unmapped_nor2         76 76.0     0    41     534    (-,-) 
  u_issue/g20033/z                           (u)     in_0->z R     unmapped_nand2       181 14.0     0    38     572    (-,-) 
  u_issue/g19778/z                           (u)     in_0->z R     unmapped_complex2      1  1.0     0     9     581    (-,-) 
  u_issue/g19372/z                           (u)     in_1->z F     unmapped_nand2         7  7.0     0    21     602    (-,-) 
  u_lsu/csa_tree_ADD_TC_OP_48_groupi/g1455/z (u)     in_0->z R     unmapped_nand2         3  3.0     0    14     617    (-,-) 
  u_lsu/csa_tree_ADD_TC_OP_48_groupi/g1684/z (u)     in_0->z R     unmapped_complex2      1  1.0     0     9     626    (-,-) 
  u_lsu/csa_tree_ADD_TC_OP_48_groupi/g1660/z (u)     in_0->z F     unmapped_nand2         4  4.0     0    17     643    (-,-) 
  u_lsu/csa_tree_ADD_TC_OP_48_groupi/g1642/z (u)     in_0->z R     unmapped_complex2      1  1.0     0     9     652    (-,-) 
  u_lsu/csa_tree_ADD_TC_OP_48_groupi/g1634/z (u)     in_0->z F     unmapped_complex2      5  5.0     0    19     670    (-,-) 
  u_lsu/csa_tree_ADD_TC_OP_48_groupi/g1618/z (u)     in_0->z R     unmapped_complex2      1  1.0     0     9     680    (-,-) 
  u_lsu/csa_tree_ADD_TC_OP_48_groupi/g1612/z (u)     in_0->z F     unmapped_complex2      6  6.0     0    20     699    (-,-) 
  u_lsu/csa_tree_ADD_TC_OP_48_groupi/g1592/z (u)     in_0->z R     unmapped_complex2      1  1.0     0     9     708    (-,-) 
  u_lsu/csa_tree_ADD_TC_OP_48_groupi/g1581/z (u)     in_0->z F     unmapped_complex2      3  3.0     0    14     723    (-,-) 
  u_lsu/csa_tree_ADD_TC_OP_48_groupi/g1555/z (u)     in_1->z R     unmapped_nand2         1  1.0     0     9     732    (-,-) 
  u_lsu/csa_tree_ADD_TC_OP_48_groupi/g1539/z (u)     in_1->z F     unmapped_nand2         2  2.0     0    12     744    (-,-) 
  u_lsu/csa_tree_ADD_TC_OP_48_groupi/g1507/z (u)     in_0->z F     unmapped_or2           1  1.0     0     9     753    (-,-) 
  u_lsu/csa_tree_ADD_TC_OP_48_groupi/g1508/z (u)     in_1->z R     unmapped_nand2         1  1.0     0     9     762    (-,-) 
  u_lsu/g10501/z                             (u)     in_0->z F     unmapped_complex2      1  1.0     0     9     771    (-,-) 
  u_lsu/g10372/z                             (u)     in_1->z R     unmapped_complex2      1  1.0     0     9     780    (-,-) 
  u_lsu/g10296/z                             (u)     in_0->z R     unmapped_complex2      1  1.0     0     9     790    (-,-) 
  u_lsu/mem_addr_q_reg[11]/d                 -       -       R     unmapped_d_flop        1    -     -     0     790    (-,-) 
#-----------------------------------------------------------------------------------------------------------------------------

(u) : Net has unmapped pin(s).



Path 21: VIOLATED (-559 ps) Setup Check with Pin u_lsu/mem_addr_q_reg[16]/clk->d
          Group: clk
     Startpoint: (R) u_lsu/u_lsu_request/rd_ptr_q_reg[0]/clk
          Clock: (R) clk
       Endpoint: (R) u_lsu/mem_addr_q_reg[16]/d
          Clock: (R) clk

                     Capture       Launch     
        Clock Edge:+     250            0     
       Src Latency:+       0            0     
       Net Latency:+       0 (I)        0 (I) 
           Arrival:=     250            0     
                                              
             Setup:-       6                  
       Uncertainty:-      25                  
     Required Time:=     220                  
      Launch Clock:-       0                  
         Data Path:-     778                  
             Slack:=    -559                  

#--------------------------------------------------------------------------------------------------------------------------
#              Timing Point               Flags    Arc    Edge       Cell         Fanout Load Trans Delay Arrival Instance 
#                                                                                        (fF)  (ps)  (ps)   (ps)  Location 
#--------------------------------------------------------------------------------------------------------------------------
  u_lsu/u_lsu_request/rd_ptr_q_reg[0]/clk -       -       R     (arrival)           5356    -    12     0       0    (-,-) 
  u_lsu/u_lsu_request/rd_ptr_q_reg[0]/q   (u)     clk->q  R     unmapped_d_flop       73 73.0     0    90      90    (-,-) 
  u_lsu/u_lsu_request/g916/z              (u)     in_0->z F     unmapped_nand2         1  1.0     0     9      99    (-,-) 
  u_lsu/u_lsu_request/g810/z              (u)     in_1->z R     unmapped_nand2         3  3.0     0    14     114    (-,-) 
  u_lsu/g6410/z                           (u)     in_0->z F     unmapped_complex2      4  4.0     0    17     130    (-,-) 
  u_issue/u_pipe0_ctrl/g5527/z            (u)     in_0->z F     unmapped_or2           2  2.0     0    12     142    (-,-) 
  u_issue/u_pipe0_ctrl/g6457/z            (u)     in_1->z F     unmapped_or2           1  1.0     0     9     151    (-,-) 
  u_issue/u_pipe0_ctrl/g6957/z            (u)     in_0->z R     unmapped_complex2      1  1.0     0     9     160    (-,-) 
  u_issue/u_pipe0_ctrl/g6938/z            (u)     in_1->z F     unmapped_complex2      3  3.0     0    14     175    (-,-) 
  u_issue/g15192/z                        (u)     in_0->z F     unmapped_or2           8  8.0     0    22     197    (-,-) 
  u_issue/g15847/z                        (u)     in_0->z F     unmapped_or2           4  4.0     0    17     213    (-,-) 
  u_issue/g16779/z                        (u)     in_0->z R     unmapped_nor2        120 11.0     0    34     248    (-,-) 
  u_issue/g37891/z                        (u)     in_1->z F     unmapped_nand2         1  1.0     0     9     257    (-,-) 
  u_issue/g37501/z                        (u)     in_1->z R     unmapped_nand2         4  4.0     0    17     274    (-,-) 
  u_issue/g37464/z                        (u)     in_1->z R     unmapped_or2           1  1.0     0     9     283    (-,-) 
  u_issue/g37301/z                        (u)     in_1->z R     unmapped_or2           1  1.0     0     9     292    (-,-) 
  u_issue/g37152/z                        (u)     in_0->z R     unmapped_complex2      1  1.0     0     9     301    (-,-) 
  u_issue/g37136/z                        (u)     in_0->z R     unmapped_complex2      1  1.0     0     9     310    (-,-) 
  u_issue/g37056/z                        (u)     in_1->z F     unmapped_nand2        32 32.0     0    34     344    (-,-) 
  u_issue/g36956/z                        (u)     in_0->z R     unmapped_complex2      6  6.0     0    20     364    (-,-) 
  u_issue/g36633/z                        (u)     in_0->z F     unmapped_complex2      1  1.0     0     9     373    (-,-) 
  u_issue/g36161/z                        (u)     in_1->z R     unmapped_nand2         1  1.0     0     9     382    (-,-) 
  u_issue/g35655/z                        (u)     in_1->z R     unmapped_or2           1  1.0     0     9     392    (-,-) 
  u_issue/g35094/z                        (u)     in_1->z R     unmapped_or2           1  1.0     0     9     401    (-,-) 
  u_issue/g35009/z                        (u)     in_1->z F     unmapped_complex2      1  1.0     0     9     410    (-,-) 
  u_issue/g34738/z                        (u)     in_0->z R     unmapped_nand2         1  1.0     0     9     419    (-,-) 
  u_issue/g34655/z                        (u)     in_1->z F     unmapped_complex2      1  1.0     0     9     428    (-,-) 
  u_issue/g34561/z                        (u)     in_0->z R     unmapped_nand2         2  2.0     0    12     440    (-,-) 
  u_issue/g34558/z                        (u)     in_0->z R     unmapped_or2           1  1.0     0     9     449    (-,-) 
  u_issue/g34549/z                        (u)     in_1->z R     unmapped_or2           3  3.0     0    14     464    (-,-) 
  u_issue/g34545/z                        (u)     in_1->z R     unmapped_or2           2  2.0     0    12     475    (-,-) 
  u_issue/g34528/z                        (u)     in_1->z R     unmapped_or2           1  1.0     0     9     484    (-,-) 
  u_issue/g34283/z                        (u)     in_1->z R     unmapped_complex2      1  1.0     0     9     494    (-,-) 
  u_issue/g38462/z                        (u)     in_0->z F     unmapped_nor2         76 76.0     0    41     534    (-,-) 
  u_issue/g20033/z                        (u)     in_0->z R     unmapped_nand2       181 14.0     0    38     572    (-,-) 
  u_issue/g19778/z                        (u)     in_0->z R     unmapped_complex2      1  1.0     0     9     581    (-,-) 
  u_issue/g19372/z                        (u)     in_1->z F     unmapped_nand2         7  7.0     0    21     602    (-,-) 
  u_lsu/ADD_TC_OP_45/g5/z                 (u)     in_0->z R     unmapped_nand2         3  3.0     0    14     617    (-,-) 
  u_lsu/ADD_TC_OP_45/g823/z               (u)     in_0->z R     unmapped_complex2      1  1.0     0     9     626    (-,-) 
  u_lsu/ADD_TC_OP_45/g73/z                (u)     in_1->z F     unmapped_nand2         4  4.0     0    17     643    (-,-) 
  u_lsu/ADD_TC_OP_45/g741/z               (u)     in_0->z R     unmapped_complex2      1  1.0     0     9     652    (-,-) 
  u_lsu/ADD_TC_OP_45/g707/z               (u)     in_0->z F     unmapped_complex2      6  6.0     0    20     672    (-,-) 
  u_lsu/ADD_TC_OP_45/g540/z               (u)     in_0->z R     unmapped_complex2      1  1.0     0     9     681    (-,-) 
  u_lsu/ADD_TC_OP_45/g690/z               (u)     in_0->z F     unmapped_complex2     10 10.0     0    23     704    (-,-) 
  u_lsu/ADD_TC_OP_45/g682/z               (u)     in_0->z R     unmapped_complex2      1  1.0     0     9     713    (-,-) 
  u_lsu/ADD_TC_OP_45/g663/z               (u)     in_0->z F     unmapped_complex2     17 17.0     0    28     742    (-,-) 
  u_lsu/ADD_TC_OP_45/g636/z               (u)     in_0->z F     unmapped_or2           1  1.0     0     9     751    (-,-) 
  u_lsu/ADD_TC_OP_45/g637/z               (u)     in_1->z R     unmapped_nand2         1  1.0     0     9     760    (-,-) 
  u_lsu/g10487/z                          (u)     in_1->z F     unmapped_nand2         1  1.0     0     9     769    (-,-) 
  u_lsu/g10282/z                          (u)     in_1->z R     unmapped_complex2      1  1.0     0     9     778    (-,-) 
  u_lsu/mem_addr_q_reg[16]/d              -       -       R     unmapped_d_flop        1    -     -     0     778    (-,-) 
#--------------------------------------------------------------------------------------------------------------------------

(u) : Net has unmapped pin(s).



Path 22: VIOLATED (-556 ps) Setup Check with Pin u_frontend/u_npc/BRANCH_PREDICTION.ras_stack_q_reg[7][0]/clk->d
          Group: clk
     Startpoint: (R) u_lsu/u_lsu_request/rd_ptr_q_reg[0]/clk
          Clock: (R) clk
       Endpoint: (R) u_frontend/u_npc/BRANCH_PREDICTION.ras_stack_q_reg[7][0]/d
          Clock: (R) clk

                     Capture       Launch     
        Clock Edge:+     250            0     
       Src Latency:+       0            0     
       Net Latency:+       0 (I)        0 (I) 
           Arrival:=     250            0     
                                              
             Setup:-       6                  
       Uncertainty:-      25                  
     Required Time:=     220                  
      Launch Clock:-       0                  
         Data Path:-     776                  
             Slack:=    -556                  

#---------------------------------------------------------------------------------------------------------------------------------------------
#                       Timing Point                         Flags    Arc    Edge       Cell         Fanout Load Trans Delay Arrival Instance 
#                                                                                                           (fF)  (ps)  (ps)   (ps)  Location 
#---------------------------------------------------------------------------------------------------------------------------------------------
  u_lsu/u_lsu_request/rd_ptr_q_reg[0]/clk                    -       -       R     (arrival)           5356    -    12     0       0    (-,-) 
  u_lsu/u_lsu_request/rd_ptr_q_reg[0]/q                      (u)     clk->q  R     unmapped_d_flop       73 73.0     0    90      90    (-,-) 
  u_lsu/u_lsu_request/g916/z                                 (u)     in_0->z F     unmapped_nand2         1  1.0     0     9      99    (-,-) 
  u_lsu/u_lsu_request/g810/z                                 (u)     in_1->z R     unmapped_nand2         3  3.0     0    14     114    (-,-) 
  u_lsu/g6410/z                                              (u)     in_0->z F     unmapped_complex2      4  4.0     0    17     130    (-,-) 
  u_issue/u_pipe0_ctrl/g5527/z                               (u)     in_0->z F     unmapped_or2           2  2.0     0    12     142    (-,-) 
  u_issue/u_pipe0_ctrl/g6457/z                               (u)     in_1->z F     unmapped_or2           1  1.0     0     9     151    (-,-) 
  u_issue/u_pipe0_ctrl/g6957/z                               (u)     in_0->z R     unmapped_complex2      1  1.0     0     9     160    (-,-) 
  u_issue/u_pipe0_ctrl/g6938/z                               (u)     in_1->z F     unmapped_complex2      3  3.0     0    14     175    (-,-) 
  u_issue/g15192/z                                           (u)     in_0->z F     unmapped_or2           8  8.0     0    22     197    (-,-) 
  u_issue/g15847/z                                           (u)     in_0->z F     unmapped_or2           4  4.0     0    17     213    (-,-) 
  u_issue/g19835/z                                           (u)     in_0->z F     unmapped_complex2      1  1.0     0     9     223    (-,-) 
  u_issue/g38505/z                                           (u)     in_1->z F     unmapped_complex2      1  1.0     0     9     232    (-,-) 
  u_issue/g38507/z                                           (u)     in_1->z F     unmapped_complex2      2  2.0     0    12     243    (-,-) 
  u_issue/g18673/z                                           (u)     in_0->z R     unmapped_complex2     84 84.0     0    42     285    (-,-) 
  u_frontend/u_fetch/g1814/z                                 (u)     in_0->z R     unmapped_or2           9  9.0     0    23     308    (-,-) 
  u_frontend/u_fetch/g1720/z                                 (u)     in_0->z F     unmapped_complex2     64 64.0     0    40     347    (-,-) 
  u_frontend/u_fetch/g1698/z                                 (u)     in_0->z R     unmapped_nand2         1  1.0     0     9     357    (-,-) 
  u_frontend/u_fetch/g1639/z                                 (u)     in_1->z F     unmapped_nand2        79 78.0     0    41     398    (-,-) 
  u_frontend/u_npc/g171947/z                                 (u)     in_1->z F     unmapped_or2           1  1.0     0     9     407    (-,-) 
  u_frontend/u_npc/g171948/z                                 (u)     in_1->z R     unmapped_nand2         1  1.0     0     9     416    (-,-) 
  u_frontend/u_npc/g168881/z                                 (u)     in_0->z F     unmapped_complex2      1  1.0     0     9     425    (-,-) 
  u_frontend/u_npc/g166868/z                                 (u)     in_1->z F     unmapped_or2           1  1.0     0     9     434    (-,-) 
  u_frontend/u_npc/g166717/z                                 (u)     in_1->z F     unmapped_or2           2  2.0     0    12     446    (-,-) 
  u_frontend/u_npc/g166162/z                                 (u)     in_1->z F     unmapped_or2           1  1.0     0     9     455    (-,-) 
  u_frontend/u_npc/g165615/z                                 (u)     in_0->z F     unmapped_or2           2  2.0     0    12     467    (-,-) 
  u_frontend/u_npc/g165197/z                                 (u)     in_1->z F     unmapped_or2           1  1.0     0     9     476    (-,-) 
  u_frontend/u_npc/g163156/z                                 (u)     in_1->z R     unmapped_nand2         9  9.0     0    23     499    (-,-) 
  u_frontend/u_npc/g162223/z                                 (u)     in_0->z R     unmapped_or2           1  1.0     0     9     508    (-,-) 
  u_frontend/u_npc/g162208/z                                 (u)     in_0->z R     unmapped_complex2      1  1.0     0     9     517    (-,-) 
  u_frontend/u_npc/g162155/z                                 (u)     in_1->z R     unmapped_or2           1  1.0     0     9     526    (-,-) 
  u_frontend/u_npc/g162150/z                                 (u)     in_0->z R     unmapped_or2           1  1.0     0     9     535    (-,-) 
  u_frontend/u_npc/g162110/z                                 (u)     in_0->z R     unmapped_or2          10 10.0     0    23     559    (-,-) 
  u_frontend/u_npc/g162100/z                                 (u)     in_0->z R     unmapped_or2           6  6.0     0    20     578    (-,-) 
  u_frontend/u_npc/g162065/z                                 (u)     in_1->z R     unmapped_or2           2  2.0     0    12     590    (-,-) 
  u_frontend/u_npc/g162042/z                                 (u)     in_0->z R     unmapped_or2           1  1.0     0     9     599    (-,-) 
  u_frontend/u_npc/g161933/z                                 (u)     in_0->z F     unmapped_nand2         4  4.0     0    17     616    (-,-) 
  u_frontend/u_npc/g161865/z                                 (u)     in_0->z R     unmapped_nand2         1  1.0     0     9     625    (-,-) 
  u_frontend/u_npc/g161830/z                                 (u)     in_1->z F     unmapped_nand2         2  2.0     0    12     637    (-,-) 
  u_frontend/u_npc/g144745/z                                 (u)     in_0->z F     unmapped_or2           1  1.0     0     9     646    (-,-) 
  u_frontend/u_npc/g161761/z                                 (u)     in_1->z F     unmapped_or2           1  1.0     0     9     655    (-,-) 
  u_frontend/u_npc/g161735/z                                 (u)     in_1->z F     unmapped_or2           1  1.0     0     9     664    (-,-) 
  u_frontend/u_npc/g161724/z                                 (u)     in_1->z F     unmapped_or2           1  1.0     0     9     673    (-,-) 
  u_frontend/u_npc/g161708/z                                 (u)     in_0->z F     unmapped_complex2      3  3.0     0    14     688    (-,-) 
  u_frontend/u_npc/g161691/z                                 (u)     in_1->z R     unmapped_complex2      2  2.0     0    12     699    (-,-) 
  u_frontend/u_npc/g161655/z                                 (u)     in_1->z R     unmapped_or2           1  1.0     0     9     709    (-,-) 
  u_frontend/u_npc/g161469/z                                 (u)     in_1->z R     unmapped_or2           1  1.0     0     9     718    (-,-) 
  u_frontend/u_npc/g159887/z                                 (u)     in_0->z F     unmapped_nand2         1  1.0     0     9     727    (-,-) 
  u_frontend/u_npc/g159499/z                                 (u)     in_1->z F     unmapped_or2           5  5.0     0    19     746    (-,-) 
  u_frontend/u_npc/g158424/z                                 (u)     in_0->z R     unmapped_complex2      2  2.0     0    12     757    (-,-) 
  u_frontend/u_npc/g158419/z                                 (u)     in_0->z R     unmapped_complex2      1  1.0     0     9     766    (-,-) 
  u_frontend/u_npc/g173839/z                                 (u)     in_0->z R     unmapped_and2          1  1.0     0     9     776    (-,-) 
  u_frontend/u_npc/BRANCH_PREDICTION.ras_stack_q_reg[7][0]/d -       -       R     unmapped_d_flop        1    -     -     0     776    (-,-) 
#---------------------------------------------------------------------------------------------------------------------------------------------

(u) : Net has unmapped pin(s).



Path 23: VIOLATED (-556 ps) Setup Check with Pin u_frontend/u_npc/BRANCH_PREDICTION.ras_stack_q_reg[6][0]/clk->d
          Group: clk
     Startpoint: (R) u_lsu/u_lsu_request/rd_ptr_q_reg[0]/clk
          Clock: (R) clk
       Endpoint: (R) u_frontend/u_npc/BRANCH_PREDICTION.ras_stack_q_reg[6][0]/d
          Clock: (R) clk

                     Capture       Launch     
        Clock Edge:+     250            0     
       Src Latency:+       0            0     
       Net Latency:+       0 (I)        0 (I) 
           Arrival:=     250            0     
                                              
             Setup:-       6                  
       Uncertainty:-      25                  
     Required Time:=     220                  
      Launch Clock:-       0                  
         Data Path:-     776                  
             Slack:=    -556                  

#---------------------------------------------------------------------------------------------------------------------------------------------
#                       Timing Point                         Flags    Arc    Edge       Cell         Fanout Load Trans Delay Arrival Instance 
#                                                                                                           (fF)  (ps)  (ps)   (ps)  Location 
#---------------------------------------------------------------------------------------------------------------------------------------------
  u_lsu/u_lsu_request/rd_ptr_q_reg[0]/clk                    -       -       R     (arrival)           5356    -    12     0       0    (-,-) 
  u_lsu/u_lsu_request/rd_ptr_q_reg[0]/q                      (u)     clk->q  R     unmapped_d_flop       73 73.0     0    90      90    (-,-) 
  u_lsu/u_lsu_request/g916/z                                 (u)     in_0->z F     unmapped_nand2         1  1.0     0     9      99    (-,-) 
  u_lsu/u_lsu_request/g810/z                                 (u)     in_1->z R     unmapped_nand2         3  3.0     0    14     114    (-,-) 
  u_lsu/g6410/z                                              (u)     in_0->z F     unmapped_complex2      4  4.0     0    17     130    (-,-) 
  u_issue/u_pipe0_ctrl/g5527/z                               (u)     in_0->z F     unmapped_or2           2  2.0     0    12     142    (-,-) 
  u_issue/u_pipe0_ctrl/g6457/z                               (u)     in_1->z F     unmapped_or2           1  1.0     0     9     151    (-,-) 
  u_issue/u_pipe0_ctrl/g6957/z                               (u)     in_0->z R     unmapped_complex2      1  1.0     0     9     160    (-,-) 
  u_issue/u_pipe0_ctrl/g6938/z                               (u)     in_1->z F     unmapped_complex2      3  3.0     0    14     175    (-,-) 
  u_issue/g15192/z                                           (u)     in_0->z F     unmapped_or2           8  8.0     0    22     197    (-,-) 
  u_issue/g15847/z                                           (u)     in_0->z F     unmapped_or2           4  4.0     0    17     213    (-,-) 
  u_issue/g19835/z                                           (u)     in_0->z F     unmapped_complex2      1  1.0     0     9     223    (-,-) 
  u_issue/g38505/z                                           (u)     in_1->z F     unmapped_complex2      1  1.0     0     9     232    (-,-) 
  u_issue/g38507/z                                           (u)     in_1->z F     unmapped_complex2      2  2.0     0    12     243    (-,-) 
  u_issue/g18673/z                                           (u)     in_0->z R     unmapped_complex2     84 84.0     0    42     285    (-,-) 
  u_frontend/u_fetch/g1814/z                                 (u)     in_0->z R     unmapped_or2           9  9.0     0    23     308    (-,-) 
  u_frontend/u_fetch/g1720/z                                 (u)     in_0->z F     unmapped_complex2     64 64.0     0    40     347    (-,-) 
  u_frontend/u_fetch/g1698/z                                 (u)     in_0->z R     unmapped_nand2         1  1.0     0     9     357    (-,-) 
  u_frontend/u_fetch/g1639/z                                 (u)     in_1->z F     unmapped_nand2        79 78.0     0    41     398    (-,-) 
  u_frontend/u_npc/g171947/z                                 (u)     in_1->z F     unmapped_or2           1  1.0     0     9     407    (-,-) 
  u_frontend/u_npc/g171948/z                                 (u)     in_1->z R     unmapped_nand2         1  1.0     0     9     416    (-,-) 
  u_frontend/u_npc/g168881/z                                 (u)     in_0->z F     unmapped_complex2      1  1.0     0     9     425    (-,-) 
  u_frontend/u_npc/g166868/z                                 (u)     in_1->z F     unmapped_or2           1  1.0     0     9     434    (-,-) 
  u_frontend/u_npc/g166717/z                                 (u)     in_1->z F     unmapped_or2           2  2.0     0    12     446    (-,-) 
  u_frontend/u_npc/g166162/z                                 (u)     in_1->z F     unmapped_or2           1  1.0     0     9     455    (-,-) 
  u_frontend/u_npc/g165615/z                                 (u)     in_0->z F     unmapped_or2           2  2.0     0    12     467    (-,-) 
  u_frontend/u_npc/g165197/z                                 (u)     in_1->z F     unmapped_or2           1  1.0     0     9     476    (-,-) 
  u_frontend/u_npc/g163156/z                                 (u)     in_1->z R     unmapped_nand2         9  9.0     0    23     499    (-,-) 
  u_frontend/u_npc/g162223/z                                 (u)     in_0->z R     unmapped_or2           1  1.0     0     9     508    (-,-) 
  u_frontend/u_npc/g162208/z                                 (u)     in_0->z R     unmapped_complex2      1  1.0     0     9     517    (-,-) 
  u_frontend/u_npc/g162155/z                                 (u)     in_1->z R     unmapped_or2           1  1.0     0     9     526    (-,-) 
  u_frontend/u_npc/g162150/z                                 (u)     in_0->z R     unmapped_or2           1  1.0     0     9     535    (-,-) 
  u_frontend/u_npc/g162110/z                                 (u)     in_0->z R     unmapped_or2          10 10.0     0    23     559    (-,-) 
  u_frontend/u_npc/g162100/z                                 (u)     in_0->z R     unmapped_or2           6  6.0     0    20     578    (-,-) 
  u_frontend/u_npc/g162065/z                                 (u)     in_1->z R     unmapped_or2           2  2.0     0    12     590    (-,-) 
  u_frontend/u_npc/g162042/z                                 (u)     in_0->z R     unmapped_or2           1  1.0     0     9     599    (-,-) 
  u_frontend/u_npc/g161933/z                                 (u)     in_0->z F     unmapped_nand2         4  4.0     0    17     616    (-,-) 
  u_frontend/u_npc/g161865/z                                 (u)     in_0->z R     unmapped_nand2         1  1.0     0     9     625    (-,-) 
  u_frontend/u_npc/g161830/z                                 (u)     in_1->z F     unmapped_nand2         2  2.0     0    12     637    (-,-) 
  u_frontend/u_npc/g144745/z                                 (u)     in_0->z F     unmapped_or2           1  1.0     0     9     646    (-,-) 
  u_frontend/u_npc/g161761/z                                 (u)     in_1->z F     unmapped_or2           1  1.0     0     9     655    (-,-) 
  u_frontend/u_npc/g161735/z                                 (u)     in_1->z F     unmapped_or2           1  1.0     0     9     664    (-,-) 
  u_frontend/u_npc/g161724/z                                 (u)     in_1->z F     unmapped_or2           1  1.0     0     9     673    (-,-) 
  u_frontend/u_npc/g161708/z                                 (u)     in_0->z F     unmapped_complex2      3  3.0     0    14     688    (-,-) 
  u_frontend/u_npc/g161691/z                                 (u)     in_1->z R     unmapped_complex2      2  2.0     0    12     699    (-,-) 
  u_frontend/u_npc/g161655/z                                 (u)     in_1->z R     unmapped_or2           1  1.0     0     9     709    (-,-) 
  u_frontend/u_npc/g161469/z                                 (u)     in_1->z R     unmapped_or2           1  1.0     0     9     718    (-,-) 
  u_frontend/u_npc/g159887/z                                 (u)     in_0->z F     unmapped_nand2         1  1.0     0     9     727    (-,-) 
  u_frontend/u_npc/g159499/z                                 (u)     in_1->z F     unmapped_or2           5  5.0     0    19     746    (-,-) 
  u_frontend/u_npc/g173855/z                                 (u)     in_0->z R     unmapped_nand2         2  2.0     0    12     757    (-,-) 
  u_frontend/u_npc/g158417/z                                 (u)     in_1->z R     unmapped_complex2      1  1.0     0     9     766    (-,-) 
  u_frontend/u_npc/g173835/z                                 (u)     in_0->z R     unmapped_and2          1  1.0     0     9     776    (-,-) 
  u_frontend/u_npc/BRANCH_PREDICTION.ras_stack_q_reg[6][0]/d -       -       R     unmapped_d_flop        1    -     -     0     776    (-,-) 
#---------------------------------------------------------------------------------------------------------------------------------------------

(u) : Net has unmapped pin(s).



Path 24: VIOLATED (-556 ps) Setup Check with Pin u_frontend/u_npc/BRANCH_PREDICTION.ras_stack_q_reg[5][0]/clk->d
          Group: clk
     Startpoint: (R) u_lsu/u_lsu_request/rd_ptr_q_reg[0]/clk
          Clock: (R) clk
       Endpoint: (R) u_frontend/u_npc/BRANCH_PREDICTION.ras_stack_q_reg[5][0]/d
          Clock: (R) clk

                     Capture       Launch     
        Clock Edge:+     250            0     
       Src Latency:+       0            0     
       Net Latency:+       0 (I)        0 (I) 
           Arrival:=     250            0     
                                              
             Setup:-       6                  
       Uncertainty:-      25                  
     Required Time:=     220                  
      Launch Clock:-       0                  
         Data Path:-     776                  
             Slack:=    -556                  

#---------------------------------------------------------------------------------------------------------------------------------------------
#                       Timing Point                         Flags    Arc    Edge       Cell         Fanout Load Trans Delay Arrival Instance 
#                                                                                                           (fF)  (ps)  (ps)   (ps)  Location 
#---------------------------------------------------------------------------------------------------------------------------------------------
  u_lsu/u_lsu_request/rd_ptr_q_reg[0]/clk                    -       -       R     (arrival)           5356    -    12     0       0    (-,-) 
  u_lsu/u_lsu_request/rd_ptr_q_reg[0]/q                      (u)     clk->q  F     unmapped_d_flop       73 73.0     0    90      90    (-,-) 
  u_lsu/u_lsu_request/g916/z                                 (u)     in_0->z R     unmapped_nand2         1  1.0     0     9      99    (-,-) 
  u_lsu/u_lsu_request/g810/z                                 (u)     in_1->z F     unmapped_nand2         3  3.0     0    14     114    (-,-) 
  u_lsu/g6410/z                                              (u)     in_0->z R     unmapped_complex2      4  4.0     0    17     130    (-,-) 
  u_issue/u_pipe0_ctrl/g5527/z                               (u)     in_0->z R     unmapped_or2           2  2.0     0    12     142    (-,-) 
  u_issue/u_pipe0_ctrl/g6457/z                               (u)     in_1->z R     unmapped_or2           1  1.0     0     9     151    (-,-) 
  u_issue/u_pipe0_ctrl/g6957/z                               (u)     in_0->z F     unmapped_complex2      1  1.0     0     9     160    (-,-) 
  u_issue/u_pipe0_ctrl/g6938/z                               (u)     in_1->z R     unmapped_complex2      3  3.0     0    14     175    (-,-) 
  u_issue/g15192/z                                           (u)     in_0->z R     unmapped_or2           8  8.0     0    22     197    (-,-) 
  u_issue/g15847/z                                           (u)     in_0->z R     unmapped_or2           4  4.0     0    17     213    (-,-) 
  u_issue/g19835/z                                           (u)     in_0->z R     unmapped_complex2      1  1.0     0     9     223    (-,-) 
  u_issue/g38505/z                                           (u)     in_1->z R     unmapped_complex2      1  1.0     0     9     232    (-,-) 
  u_issue/g38507/z                                           (u)     in_1->z R     unmapped_complex2      2  2.0     0    12     243    (-,-) 
  u_issue/g18673/z                                           (u)     in_0->z F     unmapped_complex2     84 84.0     0    42     285    (-,-) 
  u_frontend/u_fetch/g1814/z                                 (u)     in_0->z F     unmapped_or2           9  9.0     0    23     308    (-,-) 
  u_frontend/u_fetch/g1720/z                                 (u)     in_0->z R     unmapped_complex2     64 64.0     0    40     347    (-,-) 
  u_frontend/u_fetch/g1698/z                                 (u)     in_0->z F     unmapped_nand2         1  1.0     0     9     357    (-,-) 
  u_frontend/u_fetch/g1639/z                                 (u)     in_1->z R     unmapped_nand2        79 78.0     0    41     398    (-,-) 
  u_frontend/u_npc/g171947/z                                 (u)     in_1->z R     unmapped_or2           1  1.0     0     9     407    (-,-) 
  u_frontend/u_npc/g171948/z                                 (u)     in_1->z F     unmapped_nand2         1  1.0     0     9     416    (-,-) 
  u_frontend/u_npc/g168881/z                                 (u)     in_0->z R     unmapped_complex2      1  1.0     0     9     425    (-,-) 
  u_frontend/u_npc/g166868/z                                 (u)     in_1->z R     unmapped_or2           1  1.0     0     9     434    (-,-) 
  u_frontend/u_npc/g166717/z                                 (u)     in_1->z R     unmapped_or2           2  2.0     0    12     446    (-,-) 
  u_frontend/u_npc/g166162/z                                 (u)     in_1->z R     unmapped_or2           1  1.0     0     9     455    (-,-) 
  u_frontend/u_npc/g165615/z                                 (u)     in_0->z R     unmapped_or2           2  2.0     0    12     467    (-,-) 
  u_frontend/u_npc/g165197/z                                 (u)     in_1->z R     unmapped_or2           1  1.0     0     9     476    (-,-) 
  u_frontend/u_npc/g163156/z                                 (u)     in_1->z F     unmapped_nand2         9  9.0     0    23     499    (-,-) 
  u_frontend/u_npc/g162223/z                                 (u)     in_0->z F     unmapped_or2           1  1.0     0     9     508    (-,-) 
  u_frontend/u_npc/g162208/z                                 (u)     in_0->z F     unmapped_complex2      1  1.0     0     9     517    (-,-) 
  u_frontend/u_npc/g162155/z                                 (u)     in_1->z F     unmapped_or2           1  1.0     0     9     526    (-,-) 
  u_frontend/u_npc/g162150/z                                 (u)     in_0->z F     unmapped_or2           1  1.0     0     9     535    (-,-) 
  u_frontend/u_npc/g162110/z                                 (u)     in_0->z F     unmapped_or2          10 10.0     0    23     559    (-,-) 
  u_frontend/u_npc/g162100/z                                 (u)     in_0->z F     unmapped_or2           6  6.0     0    20     578    (-,-) 
  u_frontend/u_npc/g162065/z                                 (u)     in_1->z F     unmapped_or2           2  2.0     0    12     590    (-,-) 
  u_frontend/u_npc/g162042/z                                 (u)     in_0->z F     unmapped_or2           1  1.0     0     9     599    (-,-) 
  u_frontend/u_npc/g161933/z                                 (u)     in_0->z R     unmapped_nand2         4  4.0     0    17     616    (-,-) 
  u_frontend/u_npc/g161865/z                                 (u)     in_0->z F     unmapped_nand2         1  1.0     0     9     625    (-,-) 
  u_frontend/u_npc/g161830/z                                 (u)     in_1->z R     unmapped_nand2         2  2.0     0    12     637    (-,-) 
  u_frontend/u_npc/g144745/z                                 (u)     in_0->z R     unmapped_or2           1  1.0     0     9     646    (-,-) 
  u_frontend/u_npc/g161761/z                                 (u)     in_1->z R     unmapped_or2           1  1.0     0     9     655    (-,-) 
  u_frontend/u_npc/g161735/z                                 (u)     in_1->z R     unmapped_or2           1  1.0     0     9     664    (-,-) 
  u_frontend/u_npc/g161724/z                                 (u)     in_1->z R     unmapped_or2           1  1.0     0     9     673    (-,-) 
  u_frontend/u_npc/g161708/z                                 (u)     in_0->z R     unmapped_complex2      3  3.0     0    14     688    (-,-) 
  u_frontend/u_npc/g161691/z                                 (u)     in_1->z F     unmapped_complex2      2  2.0     0    12     699    (-,-) 
  u_frontend/u_npc/g161655/z                                 (u)     in_1->z F     unmapped_or2           1  1.0     0     9     709    (-,-) 
  u_frontend/u_npc/g161469/z                                 (u)     in_1->z F     unmapped_or2           1  1.0     0     9     718    (-,-) 
  u_frontend/u_npc/g159887/z                                 (u)     in_0->z R     unmapped_nand2         1  1.0     0     9     727    (-,-) 
  u_frontend/u_npc/g159499/z                                 (u)     in_1->z R     unmapped_or2           5  5.0     0    19     746    (-,-) 
  u_frontend/u_npc/g158425/z                                 (u)     in_0->z R     unmapped_or2           2  2.0     0    12     757    (-,-) 
  u_frontend/u_npc/g158422/z                                 (u)     in_0->z R     unmapped_complex2      1  1.0     0     9     766    (-,-) 
  u_frontend/u_npc/g173832/z                                 (u)     in_0->z R     unmapped_and2          1  1.0     0     9     776    (-,-) 
  u_frontend/u_npc/BRANCH_PREDICTION.ras_stack_q_reg[5][0]/d -       -       R     unmapped_d_flop        1    -     -     0     776    (-,-) 
#---------------------------------------------------------------------------------------------------------------------------------------------

(u) : Net has unmapped pin(s).



Path 25: VIOLATED (-556 ps) Setup Check with Pin u_frontend/u_npc/BRANCH_PREDICTION.ras_stack_q_reg[4][0]/clk->d
          Group: clk
     Startpoint: (R) u_lsu/u_lsu_request/rd_ptr_q_reg[0]/clk
          Clock: (R) clk
       Endpoint: (R) u_frontend/u_npc/BRANCH_PREDICTION.ras_stack_q_reg[4][0]/d
          Clock: (R) clk

                     Capture       Launch     
        Clock Edge:+     250            0     
       Src Latency:+       0            0     
       Net Latency:+       0 (I)        0 (I) 
           Arrival:=     250            0     
                                              
             Setup:-       6                  
       Uncertainty:-      25                  
     Required Time:=     220                  
      Launch Clock:-       0                  
         Data Path:-     776                  
             Slack:=    -556                  

#---------------------------------------------------------------------------------------------------------------------------------------------
#                       Timing Point                         Flags    Arc    Edge       Cell         Fanout Load Trans Delay Arrival Instance 
#                                                                                                           (fF)  (ps)  (ps)   (ps)  Location 
#---------------------------------------------------------------------------------------------------------------------------------------------
  u_lsu/u_lsu_request/rd_ptr_q_reg[0]/clk                    -       -       R     (arrival)           5356    -    12     0       0    (-,-) 
  u_lsu/u_lsu_request/rd_ptr_q_reg[0]/q                      (u)     clk->q  F     unmapped_d_flop       73 73.0     0    90      90    (-,-) 
  u_lsu/u_lsu_request/g916/z                                 (u)     in_0->z R     unmapped_nand2         1  1.0     0     9      99    (-,-) 
  u_lsu/u_lsu_request/g810/z                                 (u)     in_1->z F     unmapped_nand2         3  3.0     0    14     114    (-,-) 
  u_lsu/g6410/z                                              (u)     in_0->z R     unmapped_complex2      4  4.0     0    17     130    (-,-) 
  u_issue/u_pipe0_ctrl/g5527/z                               (u)     in_0->z R     unmapped_or2           2  2.0     0    12     142    (-,-) 
  u_issue/u_pipe0_ctrl/g6457/z                               (u)     in_1->z R     unmapped_or2           1  1.0     0     9     151    (-,-) 
  u_issue/u_pipe0_ctrl/g6957/z                               (u)     in_0->z F     unmapped_complex2      1  1.0     0     9     160    (-,-) 
  u_issue/u_pipe0_ctrl/g6938/z                               (u)     in_1->z R     unmapped_complex2      3  3.0     0    14     175    (-,-) 
  u_issue/g15192/z                                           (u)     in_0->z R     unmapped_or2           8  8.0     0    22     197    (-,-) 
  u_issue/g15847/z                                           (u)     in_0->z R     unmapped_or2           4  4.0     0    17     213    (-,-) 
  u_issue/g19835/z                                           (u)     in_0->z R     unmapped_complex2      1  1.0     0     9     223    (-,-) 
  u_issue/g38505/z                                           (u)     in_1->z R     unmapped_complex2      1  1.0     0     9     232    (-,-) 
  u_issue/g38507/z                                           (u)     in_1->z R     unmapped_complex2      2  2.0     0    12     243    (-,-) 
  u_issue/g18673/z                                           (u)     in_0->z F     unmapped_complex2     84 84.0     0    42     285    (-,-) 
  u_frontend/u_fetch/g1814/z                                 (u)     in_0->z F     unmapped_or2           9  9.0     0    23     308    (-,-) 
  u_frontend/u_fetch/g1720/z                                 (u)     in_0->z R     unmapped_complex2     64 64.0     0    40     347    (-,-) 
  u_frontend/u_fetch/g1698/z                                 (u)     in_0->z F     unmapped_nand2         1  1.0     0     9     357    (-,-) 
  u_frontend/u_fetch/g1639/z                                 (u)     in_1->z R     unmapped_nand2        79 78.0     0    41     398    (-,-) 
  u_frontend/u_npc/g171947/z                                 (u)     in_1->z R     unmapped_or2           1  1.0     0     9     407    (-,-) 
  u_frontend/u_npc/g171948/z                                 (u)     in_1->z F     unmapped_nand2         1  1.0     0     9     416    (-,-) 
  u_frontend/u_npc/g168881/z                                 (u)     in_0->z R     unmapped_complex2      1  1.0     0     9     425    (-,-) 
  u_frontend/u_npc/g166868/z                                 (u)     in_1->z R     unmapped_or2           1  1.0     0     9     434    (-,-) 
  u_frontend/u_npc/g166717/z                                 (u)     in_1->z R     unmapped_or2           2  2.0     0    12     446    (-,-) 
  u_frontend/u_npc/g166162/z                                 (u)     in_1->z R     unmapped_or2           1  1.0     0     9     455    (-,-) 
  u_frontend/u_npc/g165615/z                                 (u)     in_0->z R     unmapped_or2           2  2.0     0    12     467    (-,-) 
  u_frontend/u_npc/g165197/z                                 (u)     in_1->z R     unmapped_or2           1  1.0     0     9     476    (-,-) 
  u_frontend/u_npc/g163156/z                                 (u)     in_1->z F     unmapped_nand2         9  9.0     0    23     499    (-,-) 
  u_frontend/u_npc/g162223/z                                 (u)     in_0->z F     unmapped_or2           1  1.0     0     9     508    (-,-) 
  u_frontend/u_npc/g162208/z                                 (u)     in_0->z F     unmapped_complex2      1  1.0     0     9     517    (-,-) 
  u_frontend/u_npc/g162155/z                                 (u)     in_1->z F     unmapped_or2           1  1.0     0     9     526    (-,-) 
  u_frontend/u_npc/g162150/z                                 (u)     in_0->z F     unmapped_or2           1  1.0     0     9     535    (-,-) 
  u_frontend/u_npc/g162110/z                                 (u)     in_0->z F     unmapped_or2          10 10.0     0    23     559    (-,-) 
  u_frontend/u_npc/g162100/z                                 (u)     in_0->z F     unmapped_or2           6  6.0     0    20     578    (-,-) 
  u_frontend/u_npc/g162065/z                                 (u)     in_1->z F     unmapped_or2           2  2.0     0    12     590    (-,-) 
  u_frontend/u_npc/g162042/z                                 (u)     in_0->z F     unmapped_or2           1  1.0     0     9     599    (-,-) 
  u_frontend/u_npc/g161933/z                                 (u)     in_0->z R     unmapped_nand2         4  4.0     0    17     616    (-,-) 
  u_frontend/u_npc/g161865/z                                 (u)     in_0->z F     unmapped_nand2         1  1.0     0     9     625    (-,-) 
  u_frontend/u_npc/g161830/z                                 (u)     in_1->z R     unmapped_nand2         2  2.0     0    12     637    (-,-) 
  u_frontend/u_npc/g144745/z                                 (u)     in_0->z R     unmapped_or2           1  1.0     0     9     646    (-,-) 
  u_frontend/u_npc/g161761/z                                 (u)     in_1->z R     unmapped_or2           1  1.0     0     9     655    (-,-) 
  u_frontend/u_npc/g161735/z                                 (u)     in_1->z R     unmapped_or2           1  1.0     0     9     664    (-,-) 
  u_frontend/u_npc/g161724/z                                 (u)     in_1->z R     unmapped_or2           1  1.0     0     9     673    (-,-) 
  u_frontend/u_npc/g161708/z                                 (u)     in_0->z R     unmapped_complex2      3  3.0     0    14     688    (-,-) 
  u_frontend/u_npc/g161691/z                                 (u)     in_1->z F     unmapped_complex2      2  2.0     0    12     699    (-,-) 
  u_frontend/u_npc/g161655/z                                 (u)     in_1->z F     unmapped_or2           1  1.0     0     9     709    (-,-) 
  u_frontend/u_npc/g161469/z                                 (u)     in_1->z F     unmapped_or2           1  1.0     0     9     718    (-,-) 
  u_frontend/u_npc/g159887/z                                 (u)     in_0->z R     unmapped_nand2         1  1.0     0     9     727    (-,-) 
  u_frontend/u_npc/g159499/z                                 (u)     in_1->z R     unmapped_or2           5  5.0     0    19     746    (-,-) 
  u_frontend/u_npc/g173856/z                                 (u)     in_0->z R     unmapped_complex2      2  2.0     0    12     757    (-,-) 
  u_frontend/u_npc/g158423/z                                 (u)     in_1->z R     unmapped_complex2      1  1.0     0     9     766    (-,-) 
  u_frontend/u_npc/g173837/z                                 (u)     in_0->z R     unmapped_and2          1  1.0     0     9     776    (-,-) 
  u_frontend/u_npc/BRANCH_PREDICTION.ras_stack_q_reg[4][0]/d -       -       R     unmapped_d_flop        1    -     -     0     776    (-,-) 
#---------------------------------------------------------------------------------------------------------------------------------------------

(u) : Net has unmapped pin(s).



Path 26: VIOLATED (-556 ps) Setup Check with Pin u_frontend/u_npc/BRANCH_PREDICTION.ras_stack_q_reg[3][0]/clk->d
          Group: clk
     Startpoint: (R) u_lsu/u_lsu_request/rd_ptr_q_reg[0]/clk
          Clock: (R) clk
       Endpoint: (R) u_frontend/u_npc/BRANCH_PREDICTION.ras_stack_q_reg[3][0]/d
          Clock: (R) clk

                     Capture       Launch     
        Clock Edge:+     250            0     
       Src Latency:+       0            0     
       Net Latency:+       0 (I)        0 (I) 
           Arrival:=     250            0     
                                              
             Setup:-       6                  
       Uncertainty:-      25                  
     Required Time:=     220                  
      Launch Clock:-       0                  
         Data Path:-     776                  
             Slack:=    -556                  

#---------------------------------------------------------------------------------------------------------------------------------------------
#                       Timing Point                         Flags    Arc    Edge       Cell         Fanout Load Trans Delay Arrival Instance 
#                                                                                                           (fF)  (ps)  (ps)   (ps)  Location 
#---------------------------------------------------------------------------------------------------------------------------------------------
  u_lsu/u_lsu_request/rd_ptr_q_reg[0]/clk                    -       -       R     (arrival)           5356    -    12     0       0    (-,-) 
  u_lsu/u_lsu_request/rd_ptr_q_reg[0]/q                      (u)     clk->q  R     unmapped_d_flop       73 73.0     0    90      90    (-,-) 
  u_lsu/u_lsu_request/g916/z                                 (u)     in_0->z F     unmapped_nand2         1  1.0     0     9      99    (-,-) 
  u_lsu/u_lsu_request/g810/z                                 (u)     in_1->z R     unmapped_nand2         3  3.0     0    14     114    (-,-) 
  u_lsu/g6410/z                                              (u)     in_0->z F     unmapped_complex2      4  4.0     0    17     130    (-,-) 
  u_issue/u_pipe0_ctrl/g5527/z                               (u)     in_0->z F     unmapped_or2           2  2.0     0    12     142    (-,-) 
  u_issue/u_pipe0_ctrl/g6457/z                               (u)     in_1->z F     unmapped_or2           1  1.0     0     9     151    (-,-) 
  u_issue/u_pipe0_ctrl/g6957/z                               (u)     in_0->z R     unmapped_complex2      1  1.0     0     9     160    (-,-) 
  u_issue/u_pipe0_ctrl/g6938/z                               (u)     in_1->z F     unmapped_complex2      3  3.0     0    14     175    (-,-) 
  u_issue/g15192/z                                           (u)     in_0->z F     unmapped_or2           8  8.0     0    22     197    (-,-) 
  u_issue/g15847/z                                           (u)     in_0->z F     unmapped_or2           4  4.0     0    17     213    (-,-) 
  u_issue/g19835/z                                           (u)     in_0->z F     unmapped_complex2      1  1.0     0     9     223    (-,-) 
  u_issue/g38505/z                                           (u)     in_1->z F     unmapped_complex2      1  1.0     0     9     232    (-,-) 
  u_issue/g38507/z                                           (u)     in_1->z F     unmapped_complex2      2  2.0     0    12     243    (-,-) 
  u_issue/g18673/z                                           (u)     in_0->z R     unmapped_complex2     84 84.0     0    42     285    (-,-) 
  u_frontend/u_fetch/g1814/z                                 (u)     in_0->z R     unmapped_or2           9  9.0     0    23     308    (-,-) 
  u_frontend/u_fetch/g1720/z                                 (u)     in_0->z F     unmapped_complex2     64 64.0     0    40     347    (-,-) 
  u_frontend/u_fetch/g1698/z                                 (u)     in_0->z R     unmapped_nand2         1  1.0     0     9     357    (-,-) 
  u_frontend/u_fetch/g1639/z                                 (u)     in_1->z F     unmapped_nand2        79 78.0     0    41     398    (-,-) 
  u_frontend/u_npc/g171947/z                                 (u)     in_1->z F     unmapped_or2           1  1.0     0     9     407    (-,-) 
  u_frontend/u_npc/g171948/z                                 (u)     in_1->z R     unmapped_nand2         1  1.0     0     9     416    (-,-) 
  u_frontend/u_npc/g168881/z                                 (u)     in_0->z F     unmapped_complex2      1  1.0     0     9     425    (-,-) 
  u_frontend/u_npc/g166868/z                                 (u)     in_1->z F     unmapped_or2           1  1.0     0     9     434    (-,-) 
  u_frontend/u_npc/g166717/z                                 (u)     in_1->z F     unmapped_or2           2  2.0     0    12     446    (-,-) 
  u_frontend/u_npc/g166162/z                                 (u)     in_1->z F     unmapped_or2           1  1.0     0     9     455    (-,-) 
  u_frontend/u_npc/g165615/z                                 (u)     in_0->z F     unmapped_or2           2  2.0     0    12     467    (-,-) 
  u_frontend/u_npc/g165197/z                                 (u)     in_1->z F     unmapped_or2           1  1.0     0     9     476    (-,-) 
  u_frontend/u_npc/g163156/z                                 (u)     in_1->z R     unmapped_nand2         9  9.0     0    23     499    (-,-) 
  u_frontend/u_npc/g162223/z                                 (u)     in_0->z R     unmapped_or2           1  1.0     0     9     508    (-,-) 
  u_frontend/u_npc/g162208/z                                 (u)     in_0->z R     unmapped_complex2      1  1.0     0     9     517    (-,-) 
  u_frontend/u_npc/g162155/z                                 (u)     in_1->z R     unmapped_or2           1  1.0     0     9     526    (-,-) 
  u_frontend/u_npc/g162150/z                                 (u)     in_0->z R     unmapped_or2           1  1.0     0     9     535    (-,-) 
  u_frontend/u_npc/g162110/z                                 (u)     in_0->z R     unmapped_or2          10 10.0     0    23     559    (-,-) 
  u_frontend/u_npc/g162100/z                                 (u)     in_0->z R     unmapped_or2           6  6.0     0    20     578    (-,-) 
  u_frontend/u_npc/g162065/z                                 (u)     in_1->z R     unmapped_or2           2  2.0     0    12     590    (-,-) 
  u_frontend/u_npc/g162042/z                                 (u)     in_0->z R     unmapped_or2           1  1.0     0     9     599    (-,-) 
  u_frontend/u_npc/g161933/z                                 (u)     in_0->z F     unmapped_nand2         4  4.0     0    17     616    (-,-) 
  u_frontend/u_npc/g161865/z                                 (u)     in_0->z R     unmapped_nand2         1  1.0     0     9     625    (-,-) 
  u_frontend/u_npc/g161830/z                                 (u)     in_1->z F     unmapped_nand2         2  2.0     0    12     637    (-,-) 
  u_frontend/u_npc/g144745/z                                 (u)     in_0->z F     unmapped_or2           1  1.0     0     9     646    (-,-) 
  u_frontend/u_npc/g161761/z                                 (u)     in_1->z F     unmapped_or2           1  1.0     0     9     655    (-,-) 
  u_frontend/u_npc/g161735/z                                 (u)     in_1->z F     unmapped_or2           1  1.0     0     9     664    (-,-) 
  u_frontend/u_npc/g161724/z                                 (u)     in_1->z F     unmapped_or2           1  1.0     0     9     673    (-,-) 
  u_frontend/u_npc/g161708/z                                 (u)     in_0->z F     unmapped_complex2      3  3.0     0    14     688    (-,-) 
  u_frontend/u_npc/g161691/z                                 (u)     in_1->z R     unmapped_complex2      2  2.0     0    12     699    (-,-) 
  u_frontend/u_npc/g161655/z                                 (u)     in_1->z R     unmapped_or2           1  1.0     0     9     709    (-,-) 
  u_frontend/u_npc/g161469/z                                 (u)     in_1->z R     unmapped_or2           1  1.0     0     9     718    (-,-) 
  u_frontend/u_npc/g159887/z                                 (u)     in_0->z F     unmapped_nand2         1  1.0     0     9     727    (-,-) 
  u_frontend/u_npc/g159499/z                                 (u)     in_1->z F     unmapped_or2           5  5.0     0    19     746    (-,-) 
  u_frontend/u_npc/g158424/z                                 (u)     in_0->z R     unmapped_complex2      2  2.0     0    12     757    (-,-) 
  u_frontend/u_npc/g158416/z                                 (u)     in_1->z R     unmapped_or2           1  1.0     0     9     766    (-,-) 
  u_frontend/u_npc/g173836/z                                 (u)     in_0->z R     unmapped_and2          1  1.0     0     9     776    (-,-) 
  u_frontend/u_npc/BRANCH_PREDICTION.ras_stack_q_reg[3][0]/d -       -       R     unmapped_d_flop        1    -     -     0     776    (-,-) 
#---------------------------------------------------------------------------------------------------------------------------------------------

(u) : Net has unmapped pin(s).



Path 27: VIOLATED (-556 ps) Setup Check with Pin u_frontend/u_npc/BRANCH_PREDICTION.ras_stack_q_reg[2][0]/clk->d
          Group: clk
     Startpoint: (R) u_lsu/u_lsu_request/rd_ptr_q_reg[0]/clk
          Clock: (R) clk
       Endpoint: (R) u_frontend/u_npc/BRANCH_PREDICTION.ras_stack_q_reg[2][0]/d
          Clock: (R) clk

                     Capture       Launch     
        Clock Edge:+     250            0     
       Src Latency:+       0            0     
       Net Latency:+       0 (I)        0 (I) 
           Arrival:=     250            0     
                                              
             Setup:-       6                  
       Uncertainty:-      25                  
     Required Time:=     220                  
      Launch Clock:-       0                  
         Data Path:-     776                  
             Slack:=    -556                  

#---------------------------------------------------------------------------------------------------------------------------------------------
#                       Timing Point                         Flags    Arc    Edge       Cell         Fanout Load Trans Delay Arrival Instance 
#                                                                                                           (fF)  (ps)  (ps)   (ps)  Location 
#---------------------------------------------------------------------------------------------------------------------------------------------
  u_lsu/u_lsu_request/rd_ptr_q_reg[0]/clk                    -       -       R     (arrival)           5356    -    12     0       0    (-,-) 
  u_lsu/u_lsu_request/rd_ptr_q_reg[0]/q                      (u)     clk->q  R     unmapped_d_flop       73 73.0     0    90      90    (-,-) 
  u_lsu/u_lsu_request/g916/z                                 (u)     in_0->z F     unmapped_nand2         1  1.0     0     9      99    (-,-) 
  u_lsu/u_lsu_request/g810/z                                 (u)     in_1->z R     unmapped_nand2         3  3.0     0    14     114    (-,-) 
  u_lsu/g6410/z                                              (u)     in_0->z F     unmapped_complex2      4  4.0     0    17     130    (-,-) 
  u_issue/u_pipe0_ctrl/g5527/z                               (u)     in_0->z F     unmapped_or2           2  2.0     0    12     142    (-,-) 
  u_issue/u_pipe0_ctrl/g6457/z                               (u)     in_1->z F     unmapped_or2           1  1.0     0     9     151    (-,-) 
  u_issue/u_pipe0_ctrl/g6957/z                               (u)     in_0->z R     unmapped_complex2      1  1.0     0     9     160    (-,-) 
  u_issue/u_pipe0_ctrl/g6938/z                               (u)     in_1->z F     unmapped_complex2      3  3.0     0    14     175    (-,-) 
  u_issue/g15192/z                                           (u)     in_0->z F     unmapped_or2           8  8.0     0    22     197    (-,-) 
  u_issue/g15847/z                                           (u)     in_0->z F     unmapped_or2           4  4.0     0    17     213    (-,-) 
  u_issue/g19835/z                                           (u)     in_0->z F     unmapped_complex2      1  1.0     0     9     223    (-,-) 
  u_issue/g38505/z                                           (u)     in_1->z F     unmapped_complex2      1  1.0     0     9     232    (-,-) 
  u_issue/g38507/z                                           (u)     in_1->z F     unmapped_complex2      2  2.0     0    12     243    (-,-) 
  u_issue/g18673/z                                           (u)     in_0->z R     unmapped_complex2     84 84.0     0    42     285    (-,-) 
  u_frontend/u_fetch/g1814/z                                 (u)     in_0->z R     unmapped_or2           9  9.0     0    23     308    (-,-) 
  u_frontend/u_fetch/g1720/z                                 (u)     in_0->z F     unmapped_complex2     64 64.0     0    40     347    (-,-) 
  u_frontend/u_fetch/g1698/z                                 (u)     in_0->z R     unmapped_nand2         1  1.0     0     9     357    (-,-) 
  u_frontend/u_fetch/g1639/z                                 (u)     in_1->z F     unmapped_nand2        79 78.0     0    41     398    (-,-) 
  u_frontend/u_npc/g171947/z                                 (u)     in_1->z F     unmapped_or2           1  1.0     0     9     407    (-,-) 
  u_frontend/u_npc/g171948/z                                 (u)     in_1->z R     unmapped_nand2         1  1.0     0     9     416    (-,-) 
  u_frontend/u_npc/g168881/z                                 (u)     in_0->z F     unmapped_complex2      1  1.0     0     9     425    (-,-) 
  u_frontend/u_npc/g166868/z                                 (u)     in_1->z F     unmapped_or2           1  1.0     0     9     434    (-,-) 
  u_frontend/u_npc/g166717/z                                 (u)     in_1->z F     unmapped_or2           2  2.0     0    12     446    (-,-) 
  u_frontend/u_npc/g166162/z                                 (u)     in_1->z F     unmapped_or2           1  1.0     0     9     455    (-,-) 
  u_frontend/u_npc/g165615/z                                 (u)     in_0->z F     unmapped_or2           2  2.0     0    12     467    (-,-) 
  u_frontend/u_npc/g165197/z                                 (u)     in_1->z F     unmapped_or2           1  1.0     0     9     476    (-,-) 
  u_frontend/u_npc/g163156/z                                 (u)     in_1->z R     unmapped_nand2         9  9.0     0    23     499    (-,-) 
  u_frontend/u_npc/g162223/z                                 (u)     in_0->z R     unmapped_or2           1  1.0     0     9     508    (-,-) 
  u_frontend/u_npc/g162208/z                                 (u)     in_0->z R     unmapped_complex2      1  1.0     0     9     517    (-,-) 
  u_frontend/u_npc/g162155/z                                 (u)     in_1->z R     unmapped_or2           1  1.0     0     9     526    (-,-) 
  u_frontend/u_npc/g162150/z                                 (u)     in_0->z R     unmapped_or2           1  1.0     0     9     535    (-,-) 
  u_frontend/u_npc/g162110/z                                 (u)     in_0->z R     unmapped_or2          10 10.0     0    23     559    (-,-) 
  u_frontend/u_npc/g162100/z                                 (u)     in_0->z R     unmapped_or2           6  6.0     0    20     578    (-,-) 
  u_frontend/u_npc/g162065/z                                 (u)     in_1->z R     unmapped_or2           2  2.0     0    12     590    (-,-) 
  u_frontend/u_npc/g162042/z                                 (u)     in_0->z R     unmapped_or2           1  1.0     0     9     599    (-,-) 
  u_frontend/u_npc/g161933/z                                 (u)     in_0->z F     unmapped_nand2         4  4.0     0    17     616    (-,-) 
  u_frontend/u_npc/g161865/z                                 (u)     in_0->z R     unmapped_nand2         1  1.0     0     9     625    (-,-) 
  u_frontend/u_npc/g161830/z                                 (u)     in_1->z F     unmapped_nand2         2  2.0     0    12     637    (-,-) 
  u_frontend/u_npc/g144745/z                                 (u)     in_0->z F     unmapped_or2           1  1.0     0     9     646    (-,-) 
  u_frontend/u_npc/g161761/z                                 (u)     in_1->z F     unmapped_or2           1  1.0     0     9     655    (-,-) 
  u_frontend/u_npc/g161735/z                                 (u)     in_1->z F     unmapped_or2           1  1.0     0     9     664    (-,-) 
  u_frontend/u_npc/g161724/z                                 (u)     in_1->z F     unmapped_or2           1  1.0     0     9     673    (-,-) 
  u_frontend/u_npc/g161708/z                                 (u)     in_0->z F     unmapped_complex2      3  3.0     0    14     688    (-,-) 
  u_frontend/u_npc/g161691/z                                 (u)     in_1->z R     unmapped_complex2      2  2.0     0    12     699    (-,-) 
  u_frontend/u_npc/g161655/z                                 (u)     in_1->z R     unmapped_or2           1  1.0     0     9     709    (-,-) 
  u_frontend/u_npc/g161469/z                                 (u)     in_1->z R     unmapped_or2           1  1.0     0     9     718    (-,-) 
  u_frontend/u_npc/g159887/z                                 (u)     in_0->z F     unmapped_nand2         1  1.0     0     9     727    (-,-) 
  u_frontend/u_npc/g159499/z                                 (u)     in_1->z F     unmapped_or2           5  5.0     0    19     746    (-,-) 
  u_frontend/u_npc/g173855/z                                 (u)     in_0->z R     unmapped_nand2         2  2.0     0    12     757    (-,-) 
  u_frontend/u_npc/g158418/z                                 (u)     in_1->z R     unmapped_or2           1  1.0     0     9     766    (-,-) 
  u_frontend/u_npc/g173838/z                                 (u)     in_0->z R     unmapped_and2          1  1.0     0     9     776    (-,-) 
  u_frontend/u_npc/BRANCH_PREDICTION.ras_stack_q_reg[2][0]/d -       -       R     unmapped_d_flop        1    -     -     0     776    (-,-) 
#---------------------------------------------------------------------------------------------------------------------------------------------

(u) : Net has unmapped pin(s).



Path 28: VIOLATED (-556 ps) Setup Check with Pin u_frontend/u_npc/BRANCH_PREDICTION.ras_stack_q_reg[1][0]/clk->d
          Group: clk
     Startpoint: (R) u_lsu/u_lsu_request/rd_ptr_q_reg[0]/clk
          Clock: (R) clk
       Endpoint: (R) u_frontend/u_npc/BRANCH_PREDICTION.ras_stack_q_reg[1][0]/d
          Clock: (R) clk

                     Capture       Launch     
        Clock Edge:+     250            0     
       Src Latency:+       0            0     
       Net Latency:+       0 (I)        0 (I) 
           Arrival:=     250            0     
                                              
             Setup:-       6                  
       Uncertainty:-      25                  
     Required Time:=     220                  
      Launch Clock:-       0                  
         Data Path:-     776                  
             Slack:=    -556                  

#---------------------------------------------------------------------------------------------------------------------------------------------
#                       Timing Point                         Flags    Arc    Edge       Cell         Fanout Load Trans Delay Arrival Instance 
#                                                                                                           (fF)  (ps)  (ps)   (ps)  Location 
#---------------------------------------------------------------------------------------------------------------------------------------------
  u_lsu/u_lsu_request/rd_ptr_q_reg[0]/clk                    -       -       R     (arrival)           5356    -    12     0       0    (-,-) 
  u_lsu/u_lsu_request/rd_ptr_q_reg[0]/q                      (u)     clk->q  F     unmapped_d_flop       73 73.0     0    90      90    (-,-) 
  u_lsu/u_lsu_request/g916/z                                 (u)     in_0->z R     unmapped_nand2         1  1.0     0     9      99    (-,-) 
  u_lsu/u_lsu_request/g810/z                                 (u)     in_1->z F     unmapped_nand2         3  3.0     0    14     114    (-,-) 
  u_lsu/g6410/z                                              (u)     in_0->z R     unmapped_complex2      4  4.0     0    17     130    (-,-) 
  u_issue/u_pipe0_ctrl/g5527/z                               (u)     in_0->z R     unmapped_or2           2  2.0     0    12     142    (-,-) 
  u_issue/u_pipe0_ctrl/g6457/z                               (u)     in_1->z R     unmapped_or2           1  1.0     0     9     151    (-,-) 
  u_issue/u_pipe0_ctrl/g6957/z                               (u)     in_0->z F     unmapped_complex2      1  1.0     0     9     160    (-,-) 
  u_issue/u_pipe0_ctrl/g6938/z                               (u)     in_1->z R     unmapped_complex2      3  3.0     0    14     175    (-,-) 
  u_issue/g15192/z                                           (u)     in_0->z R     unmapped_or2           8  8.0     0    22     197    (-,-) 
  u_issue/g15847/z                                           (u)     in_0->z R     unmapped_or2           4  4.0     0    17     213    (-,-) 
  u_issue/g19835/z                                           (u)     in_0->z R     unmapped_complex2      1  1.0     0     9     223    (-,-) 
  u_issue/g38505/z                                           (u)     in_1->z R     unmapped_complex2      1  1.0     0     9     232    (-,-) 
  u_issue/g38507/z                                           (u)     in_1->z R     unmapped_complex2      2  2.0     0    12     243    (-,-) 
  u_issue/g18673/z                                           (u)     in_0->z F     unmapped_complex2     84 84.0     0    42     285    (-,-) 
  u_frontend/u_fetch/g1814/z                                 (u)     in_0->z F     unmapped_or2           9  9.0     0    23     308    (-,-) 
  u_frontend/u_fetch/g1720/z                                 (u)     in_0->z R     unmapped_complex2     64 64.0     0    40     347    (-,-) 
  u_frontend/u_fetch/g1698/z                                 (u)     in_0->z F     unmapped_nand2         1  1.0     0     9     357    (-,-) 
  u_frontend/u_fetch/g1639/z                                 (u)     in_1->z R     unmapped_nand2        79 78.0     0    41     398    (-,-) 
  u_frontend/u_npc/g171947/z                                 (u)     in_1->z R     unmapped_or2           1  1.0     0     9     407    (-,-) 
  u_frontend/u_npc/g171948/z                                 (u)     in_1->z F     unmapped_nand2         1  1.0     0     9     416    (-,-) 
  u_frontend/u_npc/g168881/z                                 (u)     in_0->z R     unmapped_complex2      1  1.0     0     9     425    (-,-) 
  u_frontend/u_npc/g166868/z                                 (u)     in_1->z R     unmapped_or2           1  1.0     0     9     434    (-,-) 
  u_frontend/u_npc/g166717/z                                 (u)     in_1->z R     unmapped_or2           2  2.0     0    12     446    (-,-) 
  u_frontend/u_npc/g166162/z                                 (u)     in_1->z R     unmapped_or2           1  1.0     0     9     455    (-,-) 
  u_frontend/u_npc/g165615/z                                 (u)     in_0->z R     unmapped_or2           2  2.0     0    12     467    (-,-) 
  u_frontend/u_npc/g165197/z                                 (u)     in_1->z R     unmapped_or2           1  1.0     0     9     476    (-,-) 
  u_frontend/u_npc/g163156/z                                 (u)     in_1->z F     unmapped_nand2         9  9.0     0    23     499    (-,-) 
  u_frontend/u_npc/g162223/z                                 (u)     in_0->z F     unmapped_or2           1  1.0     0     9     508    (-,-) 
  u_frontend/u_npc/g162208/z                                 (u)     in_0->z F     unmapped_complex2      1  1.0     0     9     517    (-,-) 
  u_frontend/u_npc/g162155/z                                 (u)     in_1->z F     unmapped_or2           1  1.0     0     9     526    (-,-) 
  u_frontend/u_npc/g162150/z                                 (u)     in_0->z F     unmapped_or2           1  1.0     0     9     535    (-,-) 
  u_frontend/u_npc/g162110/z                                 (u)     in_0->z F     unmapped_or2          10 10.0     0    23     559    (-,-) 
  u_frontend/u_npc/g162100/z                                 (u)     in_0->z F     unmapped_or2           6  6.0     0    20     578    (-,-) 
  u_frontend/u_npc/g162065/z                                 (u)     in_1->z F     unmapped_or2           2  2.0     0    12     590    (-,-) 
  u_frontend/u_npc/g162042/z                                 (u)     in_0->z F     unmapped_or2           1  1.0     0     9     599    (-,-) 
  u_frontend/u_npc/g161933/z                                 (u)     in_0->z R     unmapped_nand2         4  4.0     0    17     616    (-,-) 
  u_frontend/u_npc/g161865/z                                 (u)     in_0->z F     unmapped_nand2         1  1.0     0     9     625    (-,-) 
  u_frontend/u_npc/g161830/z                                 (u)     in_1->z R     unmapped_nand2         2  2.0     0    12     637    (-,-) 
  u_frontend/u_npc/g144745/z                                 (u)     in_0->z R     unmapped_or2           1  1.0     0     9     646    (-,-) 
  u_frontend/u_npc/g161761/z                                 (u)     in_1->z R     unmapped_or2           1  1.0     0     9     655    (-,-) 
  u_frontend/u_npc/g161735/z                                 (u)     in_1->z R     unmapped_or2           1  1.0     0     9     664    (-,-) 
  u_frontend/u_npc/g161724/z                                 (u)     in_1->z R     unmapped_or2           1  1.0     0     9     673    (-,-) 
  u_frontend/u_npc/g161708/z                                 (u)     in_0->z R     unmapped_complex2      3  3.0     0    14     688    (-,-) 
  u_frontend/u_npc/g161691/z                                 (u)     in_1->z F     unmapped_complex2      2  2.0     0    12     699    (-,-) 
  u_frontend/u_npc/g161655/z                                 (u)     in_1->z F     unmapped_or2           1  1.0     0     9     709    (-,-) 
  u_frontend/u_npc/g161469/z                                 (u)     in_1->z F     unmapped_or2           1  1.0     0     9     718    (-,-) 
  u_frontend/u_npc/g159887/z                                 (u)     in_0->z R     unmapped_nand2         1  1.0     0     9     727    (-,-) 
  u_frontend/u_npc/g159499/z                                 (u)     in_1->z R     unmapped_or2           5  5.0     0    19     746    (-,-) 
  u_frontend/u_npc/g158425/z                                 (u)     in_0->z R     unmapped_or2           2  2.0     0    12     757    (-,-) 
  u_frontend/u_npc/g158421/z                                 (u)     in_1->z R     unmapped_or2           1  1.0     0     9     766    (-,-) 
  u_frontend/u_npc/g173833/z                                 (u)     in_0->z R     unmapped_and2          1  1.0     0     9     776    (-,-) 
  u_frontend/u_npc/BRANCH_PREDICTION.ras_stack_q_reg[1][0]/d -       -       R     unmapped_d_flop        1    -     -     0     776    (-,-) 
#---------------------------------------------------------------------------------------------------------------------------------------------

(u) : Net has unmapped pin(s).



Path 29: VIOLATED (-556 ps) Setup Check with Pin u_frontend/u_npc/BRANCH_PREDICTION.ras_stack_q_reg[0][0]/clk->d
          Group: clk
     Startpoint: (R) u_lsu/u_lsu_request/rd_ptr_q_reg[0]/clk
          Clock: (R) clk
       Endpoint: (R) u_frontend/u_npc/BRANCH_PREDICTION.ras_stack_q_reg[0][0]/d
          Clock: (R) clk

                     Capture       Launch     
        Clock Edge:+     250            0     
       Src Latency:+       0            0     
       Net Latency:+       0 (I)        0 (I) 
           Arrival:=     250            0     
                                              
             Setup:-       6                  
       Uncertainty:-      25                  
     Required Time:=     220                  
      Launch Clock:-       0                  
         Data Path:-     776                  
             Slack:=    -556                  

#---------------------------------------------------------------------------------------------------------------------------------------------
#                       Timing Point                         Flags    Arc    Edge       Cell         Fanout Load Trans Delay Arrival Instance 
#                                                                                                           (fF)  (ps)  (ps)   (ps)  Location 
#---------------------------------------------------------------------------------------------------------------------------------------------
  u_lsu/u_lsu_request/rd_ptr_q_reg[0]/clk                    -       -       R     (arrival)           5356    -    12     0       0    (-,-) 
  u_lsu/u_lsu_request/rd_ptr_q_reg[0]/q                      (u)     clk->q  F     unmapped_d_flop       73 73.0     0    90      90    (-,-) 
  u_lsu/u_lsu_request/g916/z                                 (u)     in_0->z R     unmapped_nand2         1  1.0     0     9      99    (-,-) 
  u_lsu/u_lsu_request/g810/z                                 (u)     in_1->z F     unmapped_nand2         3  3.0     0    14     114    (-,-) 
  u_lsu/g6410/z                                              (u)     in_0->z R     unmapped_complex2      4  4.0     0    17     130    (-,-) 
  u_issue/u_pipe0_ctrl/g5527/z                               (u)     in_0->z R     unmapped_or2           2  2.0     0    12     142    (-,-) 
  u_issue/u_pipe0_ctrl/g6457/z                               (u)     in_1->z R     unmapped_or2           1  1.0     0     9     151    (-,-) 
  u_issue/u_pipe0_ctrl/g6957/z                               (u)     in_0->z F     unmapped_complex2      1  1.0     0     9     160    (-,-) 
  u_issue/u_pipe0_ctrl/g6938/z                               (u)     in_1->z R     unmapped_complex2      3  3.0     0    14     175    (-,-) 
  u_issue/g15192/z                                           (u)     in_0->z R     unmapped_or2           8  8.0     0    22     197    (-,-) 
  u_issue/g15847/z                                           (u)     in_0->z R     unmapped_or2           4  4.0     0    17     213    (-,-) 
  u_issue/g19835/z                                           (u)     in_0->z R     unmapped_complex2      1  1.0     0     9     223    (-,-) 
  u_issue/g38505/z                                           (u)     in_1->z R     unmapped_complex2      1  1.0     0     9     232    (-,-) 
  u_issue/g38507/z                                           (u)     in_1->z R     unmapped_complex2      2  2.0     0    12     243    (-,-) 
  u_issue/g18673/z                                           (u)     in_0->z F     unmapped_complex2     84 84.0     0    42     285    (-,-) 
  u_frontend/u_fetch/g1814/z                                 (u)     in_0->z F     unmapped_or2           9  9.0     0    23     308    (-,-) 
  u_frontend/u_fetch/g1720/z                                 (u)     in_0->z R     unmapped_complex2     64 64.0     0    40     347    (-,-) 
  u_frontend/u_fetch/g1698/z                                 (u)     in_0->z F     unmapped_nand2         1  1.0     0     9     357    (-,-) 
  u_frontend/u_fetch/g1639/z                                 (u)     in_1->z R     unmapped_nand2        79 78.0     0    41     398    (-,-) 
  u_frontend/u_npc/g171947/z                                 (u)     in_1->z R     unmapped_or2           1  1.0     0     9     407    (-,-) 
  u_frontend/u_npc/g171948/z                                 (u)     in_1->z F     unmapped_nand2         1  1.0     0     9     416    (-,-) 
  u_frontend/u_npc/g168881/z                                 (u)     in_0->z R     unmapped_complex2      1  1.0     0     9     425    (-,-) 
  u_frontend/u_npc/g166868/z                                 (u)     in_1->z R     unmapped_or2           1  1.0     0     9     434    (-,-) 
  u_frontend/u_npc/g166717/z                                 (u)     in_1->z R     unmapped_or2           2  2.0     0    12     446    (-,-) 
  u_frontend/u_npc/g166162/z                                 (u)     in_1->z R     unmapped_or2           1  1.0     0     9     455    (-,-) 
  u_frontend/u_npc/g165615/z                                 (u)     in_0->z R     unmapped_or2           2  2.0     0    12     467    (-,-) 
  u_frontend/u_npc/g165197/z                                 (u)     in_1->z R     unmapped_or2           1  1.0     0     9     476    (-,-) 
  u_frontend/u_npc/g163156/z                                 (u)     in_1->z F     unmapped_nand2         9  9.0     0    23     499    (-,-) 
  u_frontend/u_npc/g162223/z                                 (u)     in_0->z F     unmapped_or2           1  1.0     0     9     508    (-,-) 
  u_frontend/u_npc/g162208/z                                 (u)     in_0->z F     unmapped_complex2      1  1.0     0     9     517    (-,-) 
  u_frontend/u_npc/g162155/z                                 (u)     in_1->z F     unmapped_or2           1  1.0     0     9     526    (-,-) 
  u_frontend/u_npc/g162150/z                                 (u)     in_0->z F     unmapped_or2           1  1.0     0     9     535    (-,-) 
  u_frontend/u_npc/g162110/z                                 (u)     in_0->z F     unmapped_or2          10 10.0     0    23     559    (-,-) 
  u_frontend/u_npc/g162100/z                                 (u)     in_0->z F     unmapped_or2           6  6.0     0    20     578    (-,-) 
  u_frontend/u_npc/g162065/z                                 (u)     in_1->z F     unmapped_or2           2  2.0     0    12     590    (-,-) 
  u_frontend/u_npc/g162042/z                                 (u)     in_0->z F     unmapped_or2           1  1.0     0     9     599    (-,-) 
  u_frontend/u_npc/g161933/z                                 (u)     in_0->z R     unmapped_nand2         4  4.0     0    17     616    (-,-) 
  u_frontend/u_npc/g161865/z                                 (u)     in_0->z F     unmapped_nand2         1  1.0     0     9     625    (-,-) 
  u_frontend/u_npc/g161830/z                                 (u)     in_1->z R     unmapped_nand2         2  2.0     0    12     637    (-,-) 
  u_frontend/u_npc/g144745/z                                 (u)     in_0->z R     unmapped_or2           1  1.0     0     9     646    (-,-) 
  u_frontend/u_npc/g161761/z                                 (u)     in_1->z R     unmapped_or2           1  1.0     0     9     655    (-,-) 
  u_frontend/u_npc/g161735/z                                 (u)     in_1->z R     unmapped_or2           1  1.0     0     9     664    (-,-) 
  u_frontend/u_npc/g161724/z                                 (u)     in_1->z R     unmapped_or2           1  1.0     0     9     673    (-,-) 
  u_frontend/u_npc/g161708/z                                 (u)     in_0->z R     unmapped_complex2      3  3.0     0    14     688    (-,-) 
  u_frontend/u_npc/g161691/z                                 (u)     in_1->z F     unmapped_complex2      2  2.0     0    12     699    (-,-) 
  u_frontend/u_npc/g161655/z                                 (u)     in_1->z F     unmapped_or2           1  1.0     0     9     709    (-,-) 
  u_frontend/u_npc/g161469/z                                 (u)     in_1->z F     unmapped_or2           1  1.0     0     9     718    (-,-) 
  u_frontend/u_npc/g159887/z                                 (u)     in_0->z R     unmapped_nand2         1  1.0     0     9     727    (-,-) 
  u_frontend/u_npc/g159499/z                                 (u)     in_1->z R     unmapped_or2           5  5.0     0    19     746    (-,-) 
  u_frontend/u_npc/g173856/z                                 (u)     in_0->z R     unmapped_complex2      2  2.0     0    12     757    (-,-) 
  u_frontend/u_npc/g158420/z                                 (u)     in_1->z R     unmapped_or2           1  1.0     0     9     766    (-,-) 
  u_frontend/u_npc/g173834/z                                 (u)     in_0->z R     unmapped_and2          1  1.0     0     9     776    (-,-) 
  u_frontend/u_npc/BRANCH_PREDICTION.ras_stack_q_reg[0][0]/d -       -       R     unmapped_d_flop        1    -     -     0     776    (-,-) 
#---------------------------------------------------------------------------------------------------------------------------------------------

(u) : Net has unmapped pin(s).



Path 30: VIOLATED (-552 ps) Setup Check with Pin u_lsu/mem_addr_q_reg[12]/clk->d
          Group: clk
     Startpoint: (R) u_lsu/u_lsu_request/rd_ptr_q_reg[0]/clk
          Clock: (R) clk
       Endpoint: (R) u_lsu/mem_addr_q_reg[12]/d
          Clock: (R) clk

                     Capture       Launch     
        Clock Edge:+     250            0     
       Src Latency:+       0            0     
       Net Latency:+       0 (I)        0 (I) 
           Arrival:=     250            0     
                                              
             Setup:-       6                  
       Uncertainty:-      25                  
     Required Time:=     220                  
      Launch Clock:-       0                  
         Data Path:-     771                  
             Slack:=    -552                  

#-----------------------------------------------------------------------------------------------------------------------------
#               Timing Point                 Flags    Arc    Edge       Cell         Fanout Load Trans Delay Arrival Instance 
#                                                                                           (fF)  (ps)  (ps)   (ps)  Location 
#-----------------------------------------------------------------------------------------------------------------------------
  u_lsu/u_lsu_request/rd_ptr_q_reg[0]/clk    -       -       R     (arrival)           5356    -    12     0       0    (-,-) 
  u_lsu/u_lsu_request/rd_ptr_q_reg[0]/q      (u)     clk->q  R     unmapped_d_flop       73 73.0     0    90      90    (-,-) 
  u_lsu/u_lsu_request/g916/z                 (u)     in_0->z F     unmapped_nand2         1  1.0     0     9      99    (-,-) 
  u_lsu/u_lsu_request/g810/z                 (u)     in_1->z R     unmapped_nand2         3  3.0     0    14     114    (-,-) 
  u_lsu/g6410/z                              (u)     in_0->z F     unmapped_complex2      4  4.0     0    17     130    (-,-) 
  u_issue/u_pipe0_ctrl/g5527/z               (u)     in_0->z F     unmapped_or2           2  2.0     0    12     142    (-,-) 
  u_issue/u_pipe0_ctrl/g6457/z               (u)     in_1->z F     unmapped_or2           1  1.0     0     9     151    (-,-) 
  u_issue/u_pipe0_ctrl/g6957/z               (u)     in_0->z R     unmapped_complex2      1  1.0     0     9     160    (-,-) 
  u_issue/u_pipe0_ctrl/g6938/z               (u)     in_1->z F     unmapped_complex2      3  3.0     0    14     175    (-,-) 
  u_issue/g15192/z                           (u)     in_0->z F     unmapped_or2           8  8.0     0    22     197    (-,-) 
  u_issue/g15847/z                           (u)     in_0->z F     unmapped_or2           4  4.0     0    17     213    (-,-) 
  u_issue/g16779/z                           (u)     in_0->z R     unmapped_nor2        120 11.0     0    34     248    (-,-) 
  u_issue/g37891/z                           (u)     in_1->z F     unmapped_nand2         1  1.0     0     9     257    (-,-) 
  u_issue/g37501/z                           (u)     in_1->z R     unmapped_nand2         4  4.0     0    17     274    (-,-) 
  u_issue/g37464/z                           (u)     in_1->z R     unmapped_or2           1  1.0     0     9     283    (-,-) 
  u_issue/g37301/z                           (u)     in_1->z R     unmapped_or2           1  1.0     0     9     292    (-,-) 
  u_issue/g37152/z                           (u)     in_0->z R     unmapped_complex2      1  1.0     0     9     301    (-,-) 
  u_issue/g37136/z                           (u)     in_0->z R     unmapped_complex2      1  1.0     0     9     310    (-,-) 
  u_issue/g37056/z                           (u)     in_1->z F     unmapped_nand2        32 32.0     0    34     344    (-,-) 
  u_issue/g36956/z                           (u)     in_0->z R     unmapped_complex2      6  6.0     0    20     364    (-,-) 
  u_issue/g36633/z                           (u)     in_0->z F     unmapped_complex2      1  1.0     0     9     373    (-,-) 
  u_issue/g36161/z                           (u)     in_1->z R     unmapped_nand2         1  1.0     0     9     382    (-,-) 
  u_issue/g35655/z                           (u)     in_1->z R     unmapped_or2           1  1.0     0     9     392    (-,-) 
  u_issue/g35094/z                           (u)     in_1->z R     unmapped_or2           1  1.0     0     9     401    (-,-) 
  u_issue/g35009/z                           (u)     in_1->z F     unmapped_complex2      1  1.0     0     9     410    (-,-) 
  u_issue/g34738/z                           (u)     in_0->z R     unmapped_nand2         1  1.0     0     9     419    (-,-) 
  u_issue/g34655/z                           (u)     in_1->z F     unmapped_complex2      1  1.0     0     9     428    (-,-) 
  u_issue/g34561/z                           (u)     in_0->z R     unmapped_nand2         2  2.0     0    12     440    (-,-) 
  u_issue/g34558/z                           (u)     in_0->z R     unmapped_or2           1  1.0     0     9     449    (-,-) 
  u_issue/g34549/z                           (u)     in_1->z R     unmapped_or2           3  3.0     0    14     464    (-,-) 
  u_issue/g34545/z                           (u)     in_1->z R     unmapped_or2           2  2.0     0    12     475    (-,-) 
  u_issue/g34528/z                           (u)     in_1->z R     unmapped_or2           1  1.0     0     9     484    (-,-) 
  u_issue/g34283/z                           (u)     in_1->z R     unmapped_complex2      1  1.0     0     9     494    (-,-) 
  u_issue/g38462/z                           (u)     in_0->z F     unmapped_nor2         76 76.0     0    41     534    (-,-) 
  u_issue/g20033/z                           (u)     in_0->z R     unmapped_nand2       181 14.0     0    38     572    (-,-) 
  u_issue/g19778/z                           (u)     in_0->z R     unmapped_complex2      1  1.0     0     9     581    (-,-) 
  u_issue/g19372/z                           (u)     in_1->z F     unmapped_nand2         7  7.0     0    21     602    (-,-) 
  u_lsu/csa_tree_ADD_TC_OP_48_groupi/g1455/z (u)     in_0->z R     unmapped_nand2         3  3.0     0    14     617    (-,-) 
  u_lsu/csa_tree_ADD_TC_OP_48_groupi/g1684/z (u)     in_0->z R     unmapped_complex2      1  1.0     0     9     626    (-,-) 
  u_lsu/csa_tree_ADD_TC_OP_48_groupi/g1660/z (u)     in_0->z F     unmapped_nand2         4  4.0     0    17     643    (-,-) 
  u_lsu/csa_tree_ADD_TC_OP_48_groupi/g1642/z (u)     in_0->z R     unmapped_complex2      1  1.0     0     9     652    (-,-) 
  u_lsu/csa_tree_ADD_TC_OP_48_groupi/g1634/z (u)     in_0->z F     unmapped_complex2      5  5.0     0    19     670    (-,-) 
  u_lsu/csa_tree_ADD_TC_OP_48_groupi/g1618/z (u)     in_0->z R     unmapped_complex2      1  1.0     0     9     680    (-,-) 
  u_lsu/csa_tree_ADD_TC_OP_48_groupi/g1612/z (u)     in_0->z F     unmapped_complex2      6  6.0     0    20     699    (-,-) 
  u_lsu/csa_tree_ADD_TC_OP_48_groupi/g1585/z (u)     in_0->z R     unmapped_complex2      1  1.0     0     9     708    (-,-) 
  u_lsu/csa_tree_ADD_TC_OP_48_groupi/g1579/z (u)     in_0->z F     unmapped_complex2      4  4.0     0    17     725    (-,-) 
  u_lsu/csa_tree_ADD_TC_OP_48_groupi/g1567/z (u)     in_0->z F     unmapped_or2           1  1.0     0     9     734    (-,-) 
  u_lsu/csa_tree_ADD_TC_OP_48_groupi/g1568/z (u)     in_1->z R     unmapped_nand2         1  1.0     0     9     744    (-,-) 
  u_lsu/g10529/z                             (u)     in_0->z F     unmapped_complex2      1  1.0     0     9     753    (-,-) 
  u_lsu/g10368/z                             (u)     in_1->z R     unmapped_complex2      1  1.0     0     9     762    (-,-) 
  u_lsu/g10299/z                             (u)     in_0->z R     unmapped_complex2      1  1.0     0     9     771    (-,-) 
  u_lsu/mem_addr_q_reg[12]/d                 -       -       R     unmapped_d_flop        1    -     -     0     771    (-,-) 
#-----------------------------------------------------------------------------------------------------------------------------

(u) : Net has unmapped pin(s).



Path 31: VIOLATED (-550 ps) Setup Check with Pin u_lsu/mem_addr_q_reg[10]/clk->d
          Group: clk
     Startpoint: (R) u_lsu/u_lsu_request/rd_ptr_q_reg[0]/clk
          Clock: (R) clk
       Endpoint: (R) u_lsu/mem_addr_q_reg[10]/d
          Clock: (R) clk

                     Capture       Launch     
        Clock Edge:+     250            0     
       Src Latency:+       0            0     
       Net Latency:+       0 (I)        0 (I) 
           Arrival:=     250            0     
                                              
             Setup:-       6                  
       Uncertainty:-      25                  
     Required Time:=     220                  
      Launch Clock:-       0                  
         Data Path:-     769                  
             Slack:=    -550                  

#-----------------------------------------------------------------------------------------------------------------------------
#               Timing Point                 Flags    Arc    Edge       Cell         Fanout Load Trans Delay Arrival Instance 
#                                                                                           (fF)  (ps)  (ps)   (ps)  Location 
#-----------------------------------------------------------------------------------------------------------------------------
  u_lsu/u_lsu_request/rd_ptr_q_reg[0]/clk    -       -       R     (arrival)           5356    -    12     0       0    (-,-) 
  u_lsu/u_lsu_request/rd_ptr_q_reg[0]/q      (u)     clk->q  R     unmapped_d_flop       73 73.0     0    90      90    (-,-) 
  u_lsu/u_lsu_request/g916/z                 (u)     in_0->z F     unmapped_nand2         1  1.0     0     9      99    (-,-) 
  u_lsu/u_lsu_request/g810/z                 (u)     in_1->z R     unmapped_nand2         3  3.0     0    14     114    (-,-) 
  u_lsu/g6410/z                              (u)     in_0->z F     unmapped_complex2      4  4.0     0    17     130    (-,-) 
  u_issue/u_pipe0_ctrl/g5527/z               (u)     in_0->z F     unmapped_or2           2  2.0     0    12     142    (-,-) 
  u_issue/u_pipe0_ctrl/g6457/z               (u)     in_1->z F     unmapped_or2           1  1.0     0     9     151    (-,-) 
  u_issue/u_pipe0_ctrl/g6957/z               (u)     in_0->z R     unmapped_complex2      1  1.0     0     9     160    (-,-) 
  u_issue/u_pipe0_ctrl/g6938/z               (u)     in_1->z F     unmapped_complex2      3  3.0     0    14     175    (-,-) 
  u_issue/g15192/z                           (u)     in_0->z F     unmapped_or2           8  8.0     0    22     197    (-,-) 
  u_issue/g15847/z                           (u)     in_0->z F     unmapped_or2           4  4.0     0    17     213    (-,-) 
  u_issue/g16779/z                           (u)     in_0->z R     unmapped_nor2        120 11.0     0    34     248    (-,-) 
  u_issue/g37891/z                           (u)     in_1->z F     unmapped_nand2         1  1.0     0     9     257    (-,-) 
  u_issue/g37501/z                           (u)     in_1->z R     unmapped_nand2         4  4.0     0    17     274    (-,-) 
  u_issue/g37464/z                           (u)     in_1->z R     unmapped_or2           1  1.0     0     9     283    (-,-) 
  u_issue/g37301/z                           (u)     in_1->z R     unmapped_or2           1  1.0     0     9     292    (-,-) 
  u_issue/g37152/z                           (u)     in_0->z R     unmapped_complex2      1  1.0     0     9     301    (-,-) 
  u_issue/g37136/z                           (u)     in_0->z R     unmapped_complex2      1  1.0     0     9     310    (-,-) 
  u_issue/g37056/z                           (u)     in_1->z F     unmapped_nand2        32 32.0     0    34     344    (-,-) 
  u_issue/g36956/z                           (u)     in_0->z R     unmapped_complex2      6  6.0     0    20     364    (-,-) 
  u_issue/g36633/z                           (u)     in_0->z F     unmapped_complex2      1  1.0     0     9     373    (-,-) 
  u_issue/g36161/z                           (u)     in_1->z R     unmapped_nand2         1  1.0     0     9     382    (-,-) 
  u_issue/g35655/z                           (u)     in_1->z R     unmapped_or2           1  1.0     0     9     392    (-,-) 
  u_issue/g35094/z                           (u)     in_1->z R     unmapped_or2           1  1.0     0     9     401    (-,-) 
  u_issue/g35009/z                           (u)     in_1->z F     unmapped_complex2      1  1.0     0     9     410    (-,-) 
  u_issue/g34738/z                           (u)     in_0->z R     unmapped_nand2         1  1.0     0     9     419    (-,-) 
  u_issue/g34655/z                           (u)     in_1->z F     unmapped_complex2      1  1.0     0     9     428    (-,-) 
  u_issue/g34561/z                           (u)     in_0->z R     unmapped_nand2         2  2.0     0    12     440    (-,-) 
  u_issue/g34558/z                           (u)     in_0->z R     unmapped_or2           1  1.0     0     9     449    (-,-) 
  u_issue/g34549/z                           (u)     in_1->z R     unmapped_or2           3  3.0     0    14     464    (-,-) 
  u_issue/g34545/z                           (u)     in_1->z R     unmapped_or2           2  2.0     0    12     475    (-,-) 
  u_issue/g34528/z                           (u)     in_1->z R     unmapped_or2           1  1.0     0     9     484    (-,-) 
  u_issue/g34283/z                           (u)     in_1->z R     unmapped_complex2      1  1.0     0     9     494    (-,-) 
  u_issue/g38462/z                           (u)     in_0->z F     unmapped_nor2         76 76.0     0    41     534    (-,-) 
  u_issue/g20033/z                           (u)     in_0->z R     unmapped_nand2       181 14.0     0    38     572    (-,-) 
  u_issue/g19778/z                           (u)     in_0->z R     unmapped_complex2      1  1.0     0     9     581    (-,-) 
  u_issue/g19372/z                           (u)     in_1->z F     unmapped_nand2         7  7.0     0    21     602    (-,-) 
  u_lsu/csa_tree_ADD_TC_OP_48_groupi/g1455/z (u)     in_0->z R     unmapped_nand2         3  3.0     0    14     617    (-,-) 
  u_lsu/csa_tree_ADD_TC_OP_48_groupi/g1684/z (u)     in_0->z R     unmapped_complex2      1  1.0     0     9     626    (-,-) 
  u_lsu/csa_tree_ADD_TC_OP_48_groupi/g1660/z (u)     in_0->z F     unmapped_nand2         4  4.0     0    17     643    (-,-) 
  u_lsu/csa_tree_ADD_TC_OP_48_groupi/g1642/z (u)     in_0->z R     unmapped_complex2      1  1.0     0     9     652    (-,-) 
  u_lsu/csa_tree_ADD_TC_OP_48_groupi/g1634/z (u)     in_0->z F     unmapped_complex2      5  5.0     0    19     670    (-,-) 
  u_lsu/csa_tree_ADD_TC_OP_48_groupi/g1618/z (u)     in_0->z R     unmapped_complex2      1  1.0     0     9     680    (-,-) 
  u_lsu/csa_tree_ADD_TC_OP_48_groupi/g1612/z (u)     in_0->z F     unmapped_complex2      6  6.0     0    20     699    (-,-) 
  u_lsu/csa_tree_ADD_TC_OP_48_groupi/g1592/z (u)     in_0->z R     unmapped_complex2      1  1.0     0     9     708    (-,-) 
  u_lsu/csa_tree_ADD_TC_OP_48_groupi/g1581/z (u)     in_0->z F     unmapped_complex2      3  3.0     0    14     723    (-,-) 
  u_lsu/csa_tree_ADD_TC_OP_48_groupi/g1552/z (u)     in_0->z F     unmapped_or2           1  1.0     0     9     732    (-,-) 
  u_lsu/csa_tree_ADD_TC_OP_48_groupi/g1553/z (u)     in_1->z R     unmapped_nand2         1  1.0     0     9     741    (-,-) 
  u_lsu/g10522/z                             (u)     in_0->z F     unmapped_complex2      1  1.0     0     9     751    (-,-) 
  u_lsu/g10382/z                             (u)     in_1->z R     unmapped_complex2      1  1.0     0     9     760    (-,-) 
  u_lsu/g10272/z                             (u)     in_0->z R     unmapped_complex2      1  1.0     0     9     769    (-,-) 
  u_lsu/mem_addr_q_reg[10]/d                 -       -       R     unmapped_d_flop        1    -     -     0     769    (-,-) 
#-----------------------------------------------------------------------------------------------------------------------------

(u) : Net has unmapped pin(s).



Path 32: VIOLATED (-549 ps) Setup Check with Pin u_issue/pc_x_q_reg[5]/clk->d
          Group: clk
     Startpoint: (R) u_lsu/u_lsu_request/rd_ptr_q_reg[0]/clk
          Clock: (R) clk
       Endpoint: (R) u_issue/pc_x_q_reg[5]/d
          Clock: (R) clk

                     Capture       Launch     
        Clock Edge:+     250            0     
       Src Latency:+       0            0     
       Net Latency:+       0 (I)        0 (I) 
           Arrival:=     250            0     
                                              
             Setup:-       6                  
       Uncertainty:-      25                  
     Required Time:=     220                  
      Launch Clock:-       0                  
         Data Path:-     768                  
             Slack:=    -549                  

#----------------------------------------------------------------------------------------------------------------------------------------
#                     Timing Point                      Flags    Arc    Edge       Cell         Fanout Load Trans Delay Arrival Instance 
#                                                                                                      (fF)  (ps)  (ps)   (ps)  Location 
#----------------------------------------------------------------------------------------------------------------------------------------
  u_lsu/u_lsu_request/rd_ptr_q_reg[0]/clk               -       -       R     (arrival)           5356    -    12     0       0    (-,-) 
  u_lsu/u_lsu_request/rd_ptr_q_reg[0]/q                 (u)     clk->q  F     unmapped_d_flop       73 73.0     0    90      90    (-,-) 
  u_lsu/u_lsu_request/g916/z                            (u)     in_0->z R     unmapped_nand2         1  1.0     0     9      99    (-,-) 
  u_lsu/u_lsu_request/g810/z                            (u)     in_1->z F     unmapped_nand2         3  3.0     0    14     114    (-,-) 
  u_lsu/g6410/z                                         (u)     in_0->z R     unmapped_complex2      4  4.0     0    17     130    (-,-) 
  u_issue/u_pipe0_ctrl/g5527/z                          (u)     in_0->z R     unmapped_or2           2  2.0     0    12     142    (-,-) 
  u_issue/u_pipe0_ctrl/g6457/z                          (u)     in_1->z R     unmapped_or2           1  1.0     0     9     151    (-,-) 
  u_issue/u_pipe0_ctrl/g6957/z                          (u)     in_0->z F     unmapped_complex2      1  1.0     0     9     160    (-,-) 
  u_issue/u_pipe0_ctrl/g6938/z                          (u)     in_1->z R     unmapped_complex2      3  3.0     0    14     175    (-,-) 
  u_issue/g15192/z                                      (u)     in_0->z R     unmapped_or2           8  8.0     0    22     197    (-,-) 
  u_issue/g15847/z                                      (u)     in_0->z R     unmapped_or2           4  4.0     0    17     213    (-,-) 
  u_issue/g16779/z                                      (u)     in_0->z F     unmapped_nor2        120 11.0     0    34     248    (-,-) 
  u_issue/g15720/z                                      (u)     in_0->z F     unmapped_and2         34 34.0     0    34     282    (-,-) 
  u_issue/g38093/z                                      (u)     in_1->z F     unmapped_or2           2  2.0     0    12     294    (-,-) 
  u_issue/g37629/z                                      (u)     in_0->z F     unmapped_or2           5  5.0     0    19     312    (-,-) 
  u_issue/g37442/z                                      (u)     in_0->z F     unmapped_or2           2  2.0     0    12     324    (-,-) 
  u_issue/g37248/z                                      (u)     in_0->z F     unmapped_or2           1  1.0     0     9     333    (-,-) 
  u_issue/g37087/z                                      (u)     in_0->z R     unmapped_nand2         1  1.0     0     9     342    (-,-) 
  u_issue/g37041/z                                      (u)     in_0->z R     unmapped_complex2      3  3.0     0    14     357    (-,-) 
  u_issue/g36884/z                                      (u)     in_0->z R     unmapped_or2           3  3.0     0    14     371    (-,-) 
  u_issue/g36765/z                                      (u)     in_1->z R     unmapped_or2           2  2.0     0    12     383    (-,-) 
  u_issue/g36318/z                                      (u)     in_0->z R     unmapped_or2          32 32.0     0    34     416    (-,-) 
  u_issue/g35736/z                                      (u)     in_0->z R     unmapped_complex2      1  1.0     0     9     426    (-,-) 
  u_issue/g35231/z                                      (u)     in_1->z F     unmapped_nand2         1  1.0     0     9     435    (-,-) 
  u_issue/g34977/z                                      (u)     in_1->z F     unmapped_or2           1  1.0     0     9     444    (-,-) 
  u_issue/g34746/z                                      (u)     in_0->z F     unmapped_complex2      1  1.0     0     9     453    (-,-) 
  u_issue/g34657/z                                      (u)     in_1->z F     unmapped_or2          13 13.0     0    26     479    (-,-) 
  u_exec1/greater_than_signed_350_25:sub_285_12/g2490/z (u)     in_1->z R     unmapped_complex2      1  1.0     0     9     488    (-,-) 
  u_exec1/greater_than_signed_350_25:sub_285_12/g2448/z (u)     in_1->z F     unmapped_nand2         1  1.0     0     9     497    (-,-) 
  u_exec1/greater_than_signed_350_25:sub_285_12/g103/z  (u)     in_1->z R     unmapped_nand2         1  1.0     0     9     506    (-,-) 
  u_exec1/greater_than_signed_350_25:sub_285_12/g2401/z (u)     in_0->z F     unmapped_complex2      1  1.0     0     9     516    (-,-) 
  u_exec1/greater_than_signed_350_25:sub_285_12/g2390/z (u)     in_0->z R     unmapped_complex2      1  1.0     0     9     525    (-,-) 
  u_exec1/greater_than_signed_350_25:sub_285_12/g620/z  (u)     in_0->z F     unmapped_complex2      1  1.0     0     9     534    (-,-) 
  u_exec1/greater_than_signed_350_25:sub_285_12/g2385/z (u)     in_0->z R     unmapped_complex2      1  1.0     0     9     543    (-,-) 
  u_exec1/greater_than_signed_350_25:sub_285_12/g2381/z (u)     in_0->z F     unmapped_complex2      1  1.0     0     9     552    (-,-) 
  u_exec1/greater_than_signed_350_25:sub_285_12/g2379/z (u)     in_0->z R     unmapped_complex2      1  1.0     0     9     562    (-,-) 
  u_exec1/greater_than_signed_350_25:sub_285_12/g626/z  (u)     in_0->z F     unmapped_complex2      1  1.0     0     9     571    (-,-) 
  u_exec1/greater_than_signed_350_25:sub_285_12/g2377/z (u)     in_0->z R     unmapped_complex2      2  2.0     0    12     582    (-,-) 
  u_exec1/greater_than_signed_350_25:sub_285_12/g2375/z (u)     in_0->z R     unmapped_or2           1  1.0     0     9     592    (-,-) 
  u_exec1/greater_than_signed_350_25:sub_285_12/g2376/z (u)     in_1->z F     unmapped_nand2         1  1.0     0     9     601    (-,-) 
  u_exec1/g5393/z                                       (u)     in_0->z R     unmapped_nand2         1  1.0     0     9     610    (-,-) 
  u_exec1/g6376/z                                       (u)     in_0->z F     unmapped_complex2      1  1.0     0     9     619    (-,-) 
  u_exec1/g5939/z                                       (u)     in_1->z R     unmapped_complex2      1  1.0     0     9     628    (-,-) 
  u_exec1/g5935/z                                       (u)     in_1->z R     unmapped_or2           1  1.0     0     9     638    (-,-) 
  u_exec1/g5934/z                                       (u)     in_0->z F     unmapped_complex2      2  2.0     0    12     649    (-,-) 
  u_exec1/g5931/z                                       (u)     in_0->z R     unmapped_complex2      2  2.0     0    12     661    (-,-) 
  u_exec1/g5932/z                                       (u)     in_0->z F     unmapped_not           4  4.0     0    13     674    (-,-) 
  u_issue/g19850/z                                      (u)     in_0->z F     unmapped_or2           6  6.0     0    20     693    (-,-) 
  u_issue/g19390/z                                      (u)     in_0->z F     unmapped_complex2     32 32.0     0    34     727    (-,-) 
  u_issue/g18948/z                                      (u)     in_0->z F     unmapped_or2           2  2.0     0    12     739    (-,-) 
  u_issue/g18726/z                                      (u)     in_1->z R     unmapped_nand2         2  2.0     0    12     750    (-,-) 
  u_issue/g18621/z                                      (u)     in_0->z F     unmapped_nand2         1  1.0     0     9     759    (-,-) 
  u_issue/g18584/z                                      (u)     in_1->z R     unmapped_complex2      1  1.0     0     9     768    (-,-) 
  u_issue/pc_x_q_reg[5]/d                               -       -       R     unmapped_d_flop        1    -     -     0     768    (-,-) 
#----------------------------------------------------------------------------------------------------------------------------------------

(u) : Net has unmapped pin(s).



Path 33: VIOLATED (-549 ps) Setup Check with Pin u_issue/pc_x_q_reg[4]/clk->d
          Group: clk
     Startpoint: (R) u_lsu/u_lsu_request/rd_ptr_q_reg[0]/clk
          Clock: (R) clk
       Endpoint: (R) u_issue/pc_x_q_reg[4]/d
          Clock: (R) clk

                     Capture       Launch     
        Clock Edge:+     250            0     
       Src Latency:+       0            0     
       Net Latency:+       0 (I)        0 (I) 
           Arrival:=     250            0     
                                              
             Setup:-       6                  
       Uncertainty:-      25                  
     Required Time:=     220                  
      Launch Clock:-       0                  
         Data Path:-     768                  
             Slack:=    -549                  

#----------------------------------------------------------------------------------------------------------------------------------------
#                     Timing Point                      Flags    Arc    Edge       Cell         Fanout Load Trans Delay Arrival Instance 
#                                                                                                      (fF)  (ps)  (ps)   (ps)  Location 
#----------------------------------------------------------------------------------------------------------------------------------------
  u_lsu/u_lsu_request/rd_ptr_q_reg[0]/clk               -       -       R     (arrival)           5356    -    12     0       0    (-,-) 
  u_lsu/u_lsu_request/rd_ptr_q_reg[0]/q                 (u)     clk->q  F     unmapped_d_flop       73 73.0     0    90      90    (-,-) 
  u_lsu/u_lsu_request/g916/z                            (u)     in_0->z R     unmapped_nand2         1  1.0     0     9      99    (-,-) 
  u_lsu/u_lsu_request/g810/z                            (u)     in_1->z F     unmapped_nand2         3  3.0     0    14     114    (-,-) 
  u_lsu/g6410/z                                         (u)     in_0->z R     unmapped_complex2      4  4.0     0    17     130    (-,-) 
  u_issue/u_pipe0_ctrl/g5527/z                          (u)     in_0->z R     unmapped_or2           2  2.0     0    12     142    (-,-) 
  u_issue/u_pipe0_ctrl/g6457/z                          (u)     in_1->z R     unmapped_or2           1  1.0     0     9     151    (-,-) 
  u_issue/u_pipe0_ctrl/g6957/z                          (u)     in_0->z F     unmapped_complex2      1  1.0     0     9     160    (-,-) 
  u_issue/u_pipe0_ctrl/g6938/z                          (u)     in_1->z R     unmapped_complex2      3  3.0     0    14     175    (-,-) 
  u_issue/g15192/z                                      (u)     in_0->z R     unmapped_or2           8  8.0     0    22     197    (-,-) 
  u_issue/g15847/z                                      (u)     in_0->z R     unmapped_or2           4  4.0     0    17     213    (-,-) 
  u_issue/g16779/z                                      (u)     in_0->z F     unmapped_nor2        120 11.0     0    34     248    (-,-) 
  u_issue/g15720/z                                      (u)     in_0->z F     unmapped_and2         34 34.0     0    34     282    (-,-) 
  u_issue/g38093/z                                      (u)     in_1->z F     unmapped_or2           2  2.0     0    12     294    (-,-) 
  u_issue/g37629/z                                      (u)     in_0->z F     unmapped_or2           5  5.0     0    19     312    (-,-) 
  u_issue/g37442/z                                      (u)     in_0->z F     unmapped_or2           2  2.0     0    12     324    (-,-) 
  u_issue/g37248/z                                      (u)     in_0->z F     unmapped_or2           1  1.0     0     9     333    (-,-) 
  u_issue/g37087/z                                      (u)     in_0->z R     unmapped_nand2         1  1.0     0     9     342    (-,-) 
  u_issue/g37041/z                                      (u)     in_0->z R     unmapped_complex2      3  3.0     0    14     357    (-,-) 
  u_issue/g36884/z                                      (u)     in_0->z R     unmapped_or2           3  3.0     0    14     371    (-,-) 
  u_issue/g36765/z                                      (u)     in_1->z R     unmapped_or2           2  2.0     0    12     383    (-,-) 
  u_issue/g36318/z                                      (u)     in_0->z R     unmapped_or2          32 32.0     0    34     416    (-,-) 
  u_issue/g35736/z                                      (u)     in_0->z R     unmapped_complex2      1  1.0     0     9     426    (-,-) 
  u_issue/g35231/z                                      (u)     in_1->z F     unmapped_nand2         1  1.0     0     9     435    (-,-) 
  u_issue/g34977/z                                      (u)     in_1->z F     unmapped_or2           1  1.0     0     9     444    (-,-) 
  u_issue/g34746/z                                      (u)     in_0->z F     unmapped_complex2      1  1.0     0     9     453    (-,-) 
  u_issue/g34657/z                                      (u)     in_1->z F     unmapped_or2          13 13.0     0    26     479    (-,-) 
  u_exec1/greater_than_signed_350_25:sub_285_12/g2490/z (u)     in_1->z R     unmapped_complex2      1  1.0     0     9     488    (-,-) 
  u_exec1/greater_than_signed_350_25:sub_285_12/g2448/z (u)     in_1->z F     unmapped_nand2         1  1.0     0     9     497    (-,-) 
  u_exec1/greater_than_signed_350_25:sub_285_12/g103/z  (u)     in_1->z R     unmapped_nand2         1  1.0     0     9     506    (-,-) 
  u_exec1/greater_than_signed_350_25:sub_285_12/g2401/z (u)     in_0->z F     unmapped_complex2      1  1.0     0     9     516    (-,-) 
  u_exec1/greater_than_signed_350_25:sub_285_12/g2390/z (u)     in_0->z R     unmapped_complex2      1  1.0     0     9     525    (-,-) 
  u_exec1/greater_than_signed_350_25:sub_285_12/g620/z  (u)     in_0->z F     unmapped_complex2      1  1.0     0     9     534    (-,-) 
  u_exec1/greater_than_signed_350_25:sub_285_12/g2385/z (u)     in_0->z R     unmapped_complex2      1  1.0     0     9     543    (-,-) 
  u_exec1/greater_than_signed_350_25:sub_285_12/g2381/z (u)     in_0->z F     unmapped_complex2      1  1.0     0     9     552    (-,-) 
  u_exec1/greater_than_signed_350_25:sub_285_12/g2379/z (u)     in_0->z R     unmapped_complex2      1  1.0     0     9     562    (-,-) 
  u_exec1/greater_than_signed_350_25:sub_285_12/g626/z  (u)     in_0->z F     unmapped_complex2      1  1.0     0     9     571    (-,-) 
  u_exec1/greater_than_signed_350_25:sub_285_12/g2377/z (u)     in_0->z R     unmapped_complex2      2  2.0     0    12     582    (-,-) 
  u_exec1/greater_than_signed_350_25:sub_285_12/g2375/z (u)     in_0->z R     unmapped_or2           1  1.0     0     9     592    (-,-) 
  u_exec1/greater_than_signed_350_25:sub_285_12/g2376/z (u)     in_1->z F     unmapped_nand2         1  1.0     0     9     601    (-,-) 
  u_exec1/g5393/z                                       (u)     in_0->z R     unmapped_nand2         1  1.0     0     9     610    (-,-) 
  u_exec1/g6376/z                                       (u)     in_0->z F     unmapped_complex2      1  1.0     0     9     619    (-,-) 
  u_exec1/g5939/z                                       (u)     in_1->z R     unmapped_complex2      1  1.0     0     9     628    (-,-) 
  u_exec1/g5935/z                                       (u)     in_1->z R     unmapped_or2           1  1.0     0     9     638    (-,-) 
  u_exec1/g5934/z                                       (u)     in_0->z F     unmapped_complex2      2  2.0     0    12     649    (-,-) 
  u_exec1/g5931/z                                       (u)     in_0->z R     unmapped_complex2      2  2.0     0    12     661    (-,-) 
  u_exec1/g5932/z                                       (u)     in_0->z F     unmapped_not           4  4.0     0    13     674    (-,-) 
  u_issue/g19850/z                                      (u)     in_0->z F     unmapped_or2           6  6.0     0    20     693    (-,-) 
  u_issue/g19390/z                                      (u)     in_0->z F     unmapped_complex2     32 32.0     0    34     727    (-,-) 
  u_issue/g18948/z                                      (u)     in_0->z F     unmapped_or2           2  2.0     0    12     739    (-,-) 
  u_issue/g18726/z                                      (u)     in_1->z R     unmapped_nand2         2  2.0     0    12     750    (-,-) 
  u_issue/g18604/z                                      (u)     in_0->z F     unmapped_nand2         1  1.0     0     9     759    (-,-) 
  u_issue/g18573/z                                      (u)     in_1->z R     unmapped_complex2      1  1.0     0     9     768    (-,-) 
  u_issue/pc_x_q_reg[4]/d                               -       -       R     unmapped_d_flop        1    -     -     0     768    (-,-) 
#----------------------------------------------------------------------------------------------------------------------------------------

(u) : Net has unmapped pin(s).



Path 34: VIOLATED (-547 ps) Setup Check with Pin u_issue/pc_x_q_reg[31]/clk->d
          Group: clk
     Startpoint: (R) u_lsu/u_lsu_request/rd_ptr_q_reg[0]/clk
          Clock: (R) clk
       Endpoint: (R) u_issue/pc_x_q_reg[31]/d
          Clock: (R) clk

                     Capture       Launch     
        Clock Edge:+     250            0     
       Src Latency:+       0            0     
       Net Latency:+       0 (I)        0 (I) 
           Arrival:=     250            0     
                                              
             Setup:-       6                  
       Uncertainty:-      25                  
     Required Time:=     220                  
      Launch Clock:-       0                  
         Data Path:-     766                  
             Slack:=    -547                  

#----------------------------------------------------------------------------------------------------------------------------------------
#                     Timing Point                      Flags    Arc    Edge       Cell         Fanout Load Trans Delay Arrival Instance 
#                                                                                                      (fF)  (ps)  (ps)   (ps)  Location 
#----------------------------------------------------------------------------------------------------------------------------------------
  u_lsu/u_lsu_request/rd_ptr_q_reg[0]/clk               -       -       R     (arrival)           5356    -    12     0       0    (-,-) 
  u_lsu/u_lsu_request/rd_ptr_q_reg[0]/q                 (u)     clk->q  F     unmapped_d_flop       73 73.0     0    90      90    (-,-) 
  u_lsu/u_lsu_request/g916/z                            (u)     in_0->z R     unmapped_nand2         1  1.0     0     9      99    (-,-) 
  u_lsu/u_lsu_request/g810/z                            (u)     in_1->z F     unmapped_nand2         3  3.0     0    14     114    (-,-) 
  u_lsu/g6410/z                                         (u)     in_0->z R     unmapped_complex2      4  4.0     0    17     130    (-,-) 
  u_issue/u_pipe0_ctrl/g5527/z                          (u)     in_0->z R     unmapped_or2           2  2.0     0    12     142    (-,-) 
  u_issue/u_pipe0_ctrl/g6457/z                          (u)     in_1->z R     unmapped_or2           1  1.0     0     9     151    (-,-) 
  u_issue/u_pipe0_ctrl/g6957/z                          (u)     in_0->z F     unmapped_complex2      1  1.0     0     9     160    (-,-) 
  u_issue/u_pipe0_ctrl/g6938/z                          (u)     in_1->z R     unmapped_complex2      3  3.0     0    14     175    (-,-) 
  u_issue/g15192/z                                      (u)     in_0->z R     unmapped_or2           8  8.0     0    22     197    (-,-) 
  u_issue/g15847/z                                      (u)     in_0->z R     unmapped_or2           4  4.0     0    17     213    (-,-) 
  u_issue/g16779/z                                      (u)     in_0->z F     unmapped_nor2        120 11.0     0    34     248    (-,-) 
  u_issue/g15720/z                                      (u)     in_0->z F     unmapped_and2         34 34.0     0    34     282    (-,-) 
  u_issue/g38093/z                                      (u)     in_1->z F     unmapped_or2           2  2.0     0    12     294    (-,-) 
  u_issue/g37629/z                                      (u)     in_0->z F     unmapped_or2           5  5.0     0    19     312    (-,-) 
  u_issue/g37442/z                                      (u)     in_0->z F     unmapped_or2           2  2.0     0    12     324    (-,-) 
  u_issue/g37248/z                                      (u)     in_0->z F     unmapped_or2           1  1.0     0     9     333    (-,-) 
  u_issue/g37087/z                                      (u)     in_0->z R     unmapped_nand2         1  1.0     0     9     342    (-,-) 
  u_issue/g37041/z                                      (u)     in_0->z R     unmapped_complex2      3  3.0     0    14     357    (-,-) 
  u_issue/g36884/z                                      (u)     in_0->z R     unmapped_or2           3  3.0     0    14     371    (-,-) 
  u_issue/g36765/z                                      (u)     in_1->z R     unmapped_or2           2  2.0     0    12     383    (-,-) 
  u_issue/g36318/z                                      (u)     in_0->z R     unmapped_or2          32 32.0     0    34     416    (-,-) 
  u_issue/g35736/z                                      (u)     in_0->z R     unmapped_complex2      1  1.0     0     9     426    (-,-) 
  u_issue/g35231/z                                      (u)     in_1->z F     unmapped_nand2         1  1.0     0     9     435    (-,-) 
  u_issue/g34977/z                                      (u)     in_1->z F     unmapped_or2           1  1.0     0     9     444    (-,-) 
  u_issue/g34746/z                                      (u)     in_0->z F     unmapped_complex2      1  1.0     0     9     453    (-,-) 
  u_issue/g34657/z                                      (u)     in_1->z F     unmapped_or2          13 13.0     0    26     479    (-,-) 
  u_exec1/greater_than_signed_350_25:sub_285_12/g2490/z (u)     in_1->z R     unmapped_complex2      1  1.0     0     9     488    (-,-) 
  u_exec1/greater_than_signed_350_25:sub_285_12/g2448/z (u)     in_1->z F     unmapped_nand2         1  1.0     0     9     497    (-,-) 
  u_exec1/greater_than_signed_350_25:sub_285_12/g103/z  (u)     in_1->z R     unmapped_nand2         1  1.0     0     9     506    (-,-) 
  u_exec1/greater_than_signed_350_25:sub_285_12/g2401/z (u)     in_0->z F     unmapped_complex2      1  1.0     0     9     516    (-,-) 
  u_exec1/greater_than_signed_350_25:sub_285_12/g2390/z (u)     in_0->z R     unmapped_complex2      1  1.0     0     9     525    (-,-) 
  u_exec1/greater_than_signed_350_25:sub_285_12/g620/z  (u)     in_0->z F     unmapped_complex2      1  1.0     0     9     534    (-,-) 
  u_exec1/greater_than_signed_350_25:sub_285_12/g2385/z (u)     in_0->z R     unmapped_complex2      1  1.0     0     9     543    (-,-) 
  u_exec1/greater_than_signed_350_25:sub_285_12/g2381/z (u)     in_0->z F     unmapped_complex2      1  1.0     0     9     552    (-,-) 
  u_exec1/greater_than_signed_350_25:sub_285_12/g2379/z (u)     in_0->z R     unmapped_complex2      1  1.0     0     9     562    (-,-) 
  u_exec1/greater_than_signed_350_25:sub_285_12/g626/z  (u)     in_0->z F     unmapped_complex2      1  1.0     0     9     571    (-,-) 
  u_exec1/greater_than_signed_350_25:sub_285_12/g2377/z (u)     in_0->z R     unmapped_complex2      2  2.0     0    12     582    (-,-) 
  u_exec1/greater_than_signed_350_25:sub_285_12/g2375/z (u)     in_0->z R     unmapped_or2           1  1.0     0     9     592    (-,-) 
  u_exec1/greater_than_signed_350_25:sub_285_12/g2376/z (u)     in_1->z F     unmapped_nand2         1  1.0     0     9     601    (-,-) 
  u_exec1/g5393/z                                       (u)     in_0->z R     unmapped_nand2         1  1.0     0     9     610    (-,-) 
  u_exec1/g6376/z                                       (u)     in_0->z F     unmapped_complex2      1  1.0     0     9     619    (-,-) 
  u_exec1/g5939/z                                       (u)     in_1->z R     unmapped_complex2      1  1.0     0     9     628    (-,-) 
  u_exec1/g5935/z                                       (u)     in_1->z R     unmapped_or2           1  1.0     0     9     638    (-,-) 
  u_exec1/g5934/z                                       (u)     in_0->z F     unmapped_complex2      2  2.0     0    12     649    (-,-) 
  u_exec1/g5931/z                                       (u)     in_0->z R     unmapped_complex2      2  2.0     0    12     661    (-,-) 
  u_exec1/g5932/z                                       (u)     in_0->z F     unmapped_not           4  4.0     0    13     674    (-,-) 
  u_issue/g19850/z                                      (u)     in_0->z F     unmapped_or2           6  6.0     0    20     693    (-,-) 
  u_issue/g19390/z                                      (u)     in_0->z F     unmapped_complex2     32 32.0     0    34     727    (-,-) 
  u_issue/g18469/z                                      (u)     in_1->z F     unmapped_complex2      1  1.0     0     9     736    (-,-) 
  u_issue/g18466/z                                      (u)     in_1->z R     unmapped_nand2         2  2.0     0    12     748    (-,-) 
  u_issue/g18459/z                                      (u)     in_0->z F     unmapped_nand2         1  1.0     0     9     757    (-,-) 
  u_issue/g18456/z                                      (u)     in_1->z R     unmapped_complex2      1  1.0     0     9     766    (-,-) 
  u_issue/pc_x_q_reg[31]/d                              -       -       R     unmapped_d_flop        1    -     -     0     766    (-,-) 
#----------------------------------------------------------------------------------------------------------------------------------------

(u) : Net has unmapped pin(s).



Path 35: VIOLATED (-547 ps) Setup Check with Pin u_issue/pc_x_q_reg[30]/clk->d
          Group: clk
     Startpoint: (R) u_lsu/u_lsu_request/rd_ptr_q_reg[0]/clk
          Clock: (R) clk
       Endpoint: (R) u_issue/pc_x_q_reg[30]/d
          Clock: (R) clk

                     Capture       Launch     
        Clock Edge:+     250            0     
       Src Latency:+       0            0     
       Net Latency:+       0 (I)        0 (I) 
           Arrival:=     250            0     
                                              
             Setup:-       6                  
       Uncertainty:-      25                  
     Required Time:=     220                  
      Launch Clock:-       0                  
         Data Path:-     766                  
             Slack:=    -547                  

#----------------------------------------------------------------------------------------------------------------------------------------
#                     Timing Point                      Flags    Arc    Edge       Cell         Fanout Load Trans Delay Arrival Instance 
#                                                                                                      (fF)  (ps)  (ps)   (ps)  Location 
#----------------------------------------------------------------------------------------------------------------------------------------
  u_lsu/u_lsu_request/rd_ptr_q_reg[0]/clk               -       -       R     (arrival)           5356    -    12     0       0    (-,-) 
  u_lsu/u_lsu_request/rd_ptr_q_reg[0]/q                 (u)     clk->q  F     unmapped_d_flop       73 73.0     0    90      90    (-,-) 
  u_lsu/u_lsu_request/g916/z                            (u)     in_0->z R     unmapped_nand2         1  1.0     0     9      99    (-,-) 
  u_lsu/u_lsu_request/g810/z                            (u)     in_1->z F     unmapped_nand2         3  3.0     0    14     114    (-,-) 
  u_lsu/g6410/z                                         (u)     in_0->z R     unmapped_complex2      4  4.0     0    17     130    (-,-) 
  u_issue/u_pipe0_ctrl/g5527/z                          (u)     in_0->z R     unmapped_or2           2  2.0     0    12     142    (-,-) 
  u_issue/u_pipe0_ctrl/g6457/z                          (u)     in_1->z R     unmapped_or2           1  1.0     0     9     151    (-,-) 
  u_issue/u_pipe0_ctrl/g6957/z                          (u)     in_0->z F     unmapped_complex2      1  1.0     0     9     160    (-,-) 
  u_issue/u_pipe0_ctrl/g6938/z                          (u)     in_1->z R     unmapped_complex2      3  3.0     0    14     175    (-,-) 
  u_issue/g15192/z                                      (u)     in_0->z R     unmapped_or2           8  8.0     0    22     197    (-,-) 
  u_issue/g15847/z                                      (u)     in_0->z R     unmapped_or2           4  4.0     0    17     213    (-,-) 
  u_issue/g16779/z                                      (u)     in_0->z F     unmapped_nor2        120 11.0     0    34     248    (-,-) 
  u_issue/g15720/z                                      (u)     in_0->z F     unmapped_and2         34 34.0     0    34     282    (-,-) 
  u_issue/g38093/z                                      (u)     in_1->z F     unmapped_or2           2  2.0     0    12     294    (-,-) 
  u_issue/g37629/z                                      (u)     in_0->z F     unmapped_or2           5  5.0     0    19     312    (-,-) 
  u_issue/g37442/z                                      (u)     in_0->z F     unmapped_or2           2  2.0     0    12     324    (-,-) 
  u_issue/g37248/z                                      (u)     in_0->z F     unmapped_or2           1  1.0     0     9     333    (-,-) 
  u_issue/g37087/z                                      (u)     in_0->z R     unmapped_nand2         1  1.0     0     9     342    (-,-) 
  u_issue/g37041/z                                      (u)     in_0->z R     unmapped_complex2      3  3.0     0    14     357    (-,-) 
  u_issue/g36884/z                                      (u)     in_0->z R     unmapped_or2           3  3.0     0    14     371    (-,-) 
  u_issue/g36765/z                                      (u)     in_1->z R     unmapped_or2           2  2.0     0    12     383    (-,-) 
  u_issue/g36318/z                                      (u)     in_0->z R     unmapped_or2          32 32.0     0    34     416    (-,-) 
  u_issue/g35736/z                                      (u)     in_0->z R     unmapped_complex2      1  1.0     0     9     426    (-,-) 
  u_issue/g35231/z                                      (u)     in_1->z F     unmapped_nand2         1  1.0     0     9     435    (-,-) 
  u_issue/g34977/z                                      (u)     in_1->z F     unmapped_or2           1  1.0     0     9     444    (-,-) 
  u_issue/g34746/z                                      (u)     in_0->z F     unmapped_complex2      1  1.0     0     9     453    (-,-) 
  u_issue/g34657/z                                      (u)     in_1->z F     unmapped_or2          13 13.0     0    26     479    (-,-) 
  u_exec1/greater_than_signed_350_25:sub_285_12/g2490/z (u)     in_1->z R     unmapped_complex2      1  1.0     0     9     488    (-,-) 
  u_exec1/greater_than_signed_350_25:sub_285_12/g2448/z (u)     in_1->z F     unmapped_nand2         1  1.0     0     9     497    (-,-) 
  u_exec1/greater_than_signed_350_25:sub_285_12/g103/z  (u)     in_1->z R     unmapped_nand2         1  1.0     0     9     506    (-,-) 
  u_exec1/greater_than_signed_350_25:sub_285_12/g2401/z (u)     in_0->z F     unmapped_complex2      1  1.0     0     9     516    (-,-) 
  u_exec1/greater_than_signed_350_25:sub_285_12/g2390/z (u)     in_0->z R     unmapped_complex2      1  1.0     0     9     525    (-,-) 
  u_exec1/greater_than_signed_350_25:sub_285_12/g620/z  (u)     in_0->z F     unmapped_complex2      1  1.0     0     9     534    (-,-) 
  u_exec1/greater_than_signed_350_25:sub_285_12/g2385/z (u)     in_0->z R     unmapped_complex2      1  1.0     0     9     543    (-,-) 
  u_exec1/greater_than_signed_350_25:sub_285_12/g2381/z (u)     in_0->z F     unmapped_complex2      1  1.0     0     9     552    (-,-) 
  u_exec1/greater_than_signed_350_25:sub_285_12/g2379/z (u)     in_0->z R     unmapped_complex2      1  1.0     0     9     562    (-,-) 
  u_exec1/greater_than_signed_350_25:sub_285_12/g626/z  (u)     in_0->z F     unmapped_complex2      1  1.0     0     9     571    (-,-) 
  u_exec1/greater_than_signed_350_25:sub_285_12/g2377/z (u)     in_0->z R     unmapped_complex2      2  2.0     0    12     582    (-,-) 
  u_exec1/greater_than_signed_350_25:sub_285_12/g2375/z (u)     in_0->z R     unmapped_or2           1  1.0     0     9     592    (-,-) 
  u_exec1/greater_than_signed_350_25:sub_285_12/g2376/z (u)     in_1->z F     unmapped_nand2         1  1.0     0     9     601    (-,-) 
  u_exec1/g5393/z                                       (u)     in_0->z R     unmapped_nand2         1  1.0     0     9     610    (-,-) 
  u_exec1/g6376/z                                       (u)     in_0->z F     unmapped_complex2      1  1.0     0     9     619    (-,-) 
  u_exec1/g5939/z                                       (u)     in_1->z R     unmapped_complex2      1  1.0     0     9     628    (-,-) 
  u_exec1/g5935/z                                       (u)     in_1->z R     unmapped_or2           1  1.0     0     9     638    (-,-) 
  u_exec1/g5934/z                                       (u)     in_0->z F     unmapped_complex2      2  2.0     0    12     649    (-,-) 
  u_exec1/g5931/z                                       (u)     in_0->z R     unmapped_complex2      2  2.0     0    12     661    (-,-) 
  u_exec1/g5932/z                                       (u)     in_0->z F     unmapped_not           4  4.0     0    13     674    (-,-) 
  u_issue/g19850/z                                      (u)     in_0->z F     unmapped_or2           6  6.0     0    20     693    (-,-) 
  u_issue/g19390/z                                      (u)     in_0->z F     unmapped_complex2     32 32.0     0    34     727    (-,-) 
  u_issue/g18469/z                                      (u)     in_1->z F     unmapped_complex2      1  1.0     0     9     736    (-,-) 
  u_issue/g18466/z                                      (u)     in_1->z R     unmapped_nand2         2  2.0     0    12     748    (-,-) 
  u_issue/g18460/z                                      (u)     in_0->z F     unmapped_nand2         1  1.0     0     9     757    (-,-) 
  u_issue/g18457/z                                      (u)     in_0->z R     unmapped_complex2      1  1.0     0     9     766    (-,-) 
  u_issue/pc_x_q_reg[30]/d                              -       -       R     unmapped_d_flop        1    -     -     0     766    (-,-) 
#----------------------------------------------------------------------------------------------------------------------------------------

(u) : Net has unmapped pin(s).



Path 36: VIOLATED (-547 ps) Setup Check with Pin u_issue/pc_x_q_reg[9]/clk->d
          Group: clk
     Startpoint: (R) u_lsu/u_lsu_request/rd_ptr_q_reg[0]/clk
          Clock: (R) clk
       Endpoint: (R) u_issue/pc_x_q_reg[9]/d
          Clock: (R) clk

                     Capture       Launch     
        Clock Edge:+     250            0     
       Src Latency:+       0            0     
       Net Latency:+       0 (I)        0 (I) 
           Arrival:=     250            0     
                                              
             Setup:-       6                  
       Uncertainty:-      25                  
     Required Time:=     220                  
      Launch Clock:-       0                  
         Data Path:-     766                  
             Slack:=    -547                  

#----------------------------------------------------------------------------------------------------------------------------------------
#                     Timing Point                      Flags    Arc    Edge       Cell         Fanout Load Trans Delay Arrival Instance 
#                                                                                                      (fF)  (ps)  (ps)   (ps)  Location 
#----------------------------------------------------------------------------------------------------------------------------------------
  u_lsu/u_lsu_request/rd_ptr_q_reg[0]/clk               -       -       R     (arrival)           5356    -    12     0       0    (-,-) 
  u_lsu/u_lsu_request/rd_ptr_q_reg[0]/q                 (u)     clk->q  F     unmapped_d_flop       73 73.0     0    90      90    (-,-) 
  u_lsu/u_lsu_request/g916/z                            (u)     in_0->z R     unmapped_nand2         1  1.0     0     9      99    (-,-) 
  u_lsu/u_lsu_request/g810/z                            (u)     in_1->z F     unmapped_nand2         3  3.0     0    14     114    (-,-) 
  u_lsu/g6410/z                                         (u)     in_0->z R     unmapped_complex2      4  4.0     0    17     130    (-,-) 
  u_issue/u_pipe0_ctrl/g5527/z                          (u)     in_0->z R     unmapped_or2           2  2.0     0    12     142    (-,-) 
  u_issue/u_pipe0_ctrl/g6457/z                          (u)     in_1->z R     unmapped_or2           1  1.0     0     9     151    (-,-) 
  u_issue/u_pipe0_ctrl/g6957/z                          (u)     in_0->z F     unmapped_complex2      1  1.0     0     9     160    (-,-) 
  u_issue/u_pipe0_ctrl/g6938/z                          (u)     in_1->z R     unmapped_complex2      3  3.0     0    14     175    (-,-) 
  u_issue/g15192/z                                      (u)     in_0->z R     unmapped_or2           8  8.0     0    22     197    (-,-) 
  u_issue/g15847/z                                      (u)     in_0->z R     unmapped_or2           4  4.0     0    17     213    (-,-) 
  u_issue/g16779/z                                      (u)     in_0->z F     unmapped_nor2        120 11.0     0    34     248    (-,-) 
  u_issue/g15720/z                                      (u)     in_0->z F     unmapped_and2         34 34.0     0    34     282    (-,-) 
  u_issue/g38093/z                                      (u)     in_1->z F     unmapped_or2           2  2.0     0    12     294    (-,-) 
  u_issue/g37629/z                                      (u)     in_0->z F     unmapped_or2           5  5.0     0    19     312    (-,-) 
  u_issue/g37442/z                                      (u)     in_0->z F     unmapped_or2           2  2.0     0    12     324    (-,-) 
  u_issue/g37248/z                                      (u)     in_0->z F     unmapped_or2           1  1.0     0     9     333    (-,-) 
  u_issue/g37087/z                                      (u)     in_0->z R     unmapped_nand2         1  1.0     0     9     342    (-,-) 
  u_issue/g37041/z                                      (u)     in_0->z R     unmapped_complex2      3  3.0     0    14     357    (-,-) 
  u_issue/g36884/z                                      (u)     in_0->z R     unmapped_or2           3  3.0     0    14     371    (-,-) 
  u_issue/g36765/z                                      (u)     in_1->z R     unmapped_or2           2  2.0     0    12     383    (-,-) 
  u_issue/g36318/z                                      (u)     in_0->z R     unmapped_or2          32 32.0     0    34     416    (-,-) 
  u_issue/g35736/z                                      (u)     in_0->z R     unmapped_complex2      1  1.0     0     9     426    (-,-) 
  u_issue/g35231/z                                      (u)     in_1->z F     unmapped_nand2         1  1.0     0     9     435    (-,-) 
  u_issue/g34977/z                                      (u)     in_1->z F     unmapped_or2           1  1.0     0     9     444    (-,-) 
  u_issue/g34746/z                                      (u)     in_0->z F     unmapped_complex2      1  1.0     0     9     453    (-,-) 
  u_issue/g34657/z                                      (u)     in_1->z F     unmapped_or2          13 13.0     0    26     479    (-,-) 
  u_exec1/greater_than_signed_350_25:sub_285_12/g2490/z (u)     in_1->z R     unmapped_complex2      1  1.0     0     9     488    (-,-) 
  u_exec1/greater_than_signed_350_25:sub_285_12/g2448/z (u)     in_1->z F     unmapped_nand2         1  1.0     0     9     497    (-,-) 
  u_exec1/greater_than_signed_350_25:sub_285_12/g103/z  (u)     in_1->z R     unmapped_nand2         1  1.0     0     9     506    (-,-) 
  u_exec1/greater_than_signed_350_25:sub_285_12/g2401/z (u)     in_0->z F     unmapped_complex2      1  1.0     0     9     516    (-,-) 
  u_exec1/greater_than_signed_350_25:sub_285_12/g2390/z (u)     in_0->z R     unmapped_complex2      1  1.0     0     9     525    (-,-) 
  u_exec1/greater_than_signed_350_25:sub_285_12/g620/z  (u)     in_0->z F     unmapped_complex2      1  1.0     0     9     534    (-,-) 
  u_exec1/greater_than_signed_350_25:sub_285_12/g2385/z (u)     in_0->z R     unmapped_complex2      1  1.0     0     9     543    (-,-) 
  u_exec1/greater_than_signed_350_25:sub_285_12/g2381/z (u)     in_0->z F     unmapped_complex2      1  1.0     0     9     552    (-,-) 
  u_exec1/greater_than_signed_350_25:sub_285_12/g2379/z (u)     in_0->z R     unmapped_complex2      1  1.0     0     9     562    (-,-) 
  u_exec1/greater_than_signed_350_25:sub_285_12/g626/z  (u)     in_0->z F     unmapped_complex2      1  1.0     0     9     571    (-,-) 
  u_exec1/greater_than_signed_350_25:sub_285_12/g2377/z (u)     in_0->z R     unmapped_complex2      2  2.0     0    12     582    (-,-) 
  u_exec1/greater_than_signed_350_25:sub_285_12/g2375/z (u)     in_0->z R     unmapped_or2           1  1.0     0     9     592    (-,-) 
  u_exec1/greater_than_signed_350_25:sub_285_12/g2376/z (u)     in_1->z F     unmapped_nand2         1  1.0     0     9     601    (-,-) 
  u_exec1/g5393/z                                       (u)     in_0->z R     unmapped_nand2         1  1.0     0     9     610    (-,-) 
  u_exec1/g6376/z                                       (u)     in_0->z F     unmapped_complex2      1  1.0     0     9     619    (-,-) 
  u_exec1/g5939/z                                       (u)     in_1->z R     unmapped_complex2      1  1.0     0     9     628    (-,-) 
  u_exec1/g5935/z                                       (u)     in_1->z R     unmapped_or2           1  1.0     0     9     638    (-,-) 
  u_exec1/g5934/z                                       (u)     in_0->z F     unmapped_complex2      2  2.0     0    12     649    (-,-) 
  u_exec1/g5931/z                                       (u)     in_0->z R     unmapped_complex2      2  2.0     0    12     661    (-,-) 
  u_exec1/g5932/z                                       (u)     in_0->z F     unmapped_not           4  4.0     0    13     674    (-,-) 
  u_issue/g19850/z                                      (u)     in_0->z F     unmapped_or2           6  6.0     0    20     693    (-,-) 
  u_issue/g19390/z                                      (u)     in_0->z F     unmapped_complex2     32 32.0     0    34     727    (-,-) 
  u_issue/g18964/z                                      (u)     in_1->z F     unmapped_complex2      1  1.0     0     9     736    (-,-) 
  u_issue/g18715/z                                      (u)     in_1->z R     unmapped_nand2         2  2.0     0    12     748    (-,-) 
  u_issue/g18607/z                                      (u)     in_0->z F     unmapped_nand2         1  1.0     0     9     757    (-,-) 
  u_issue/g18580/z                                      (u)     in_1->z R     unmapped_complex2      1  1.0     0     9     766    (-,-) 
  u_issue/pc_x_q_reg[9]/d                               -       -       R     unmapped_d_flop        1    -     -     0     766    (-,-) 
#----------------------------------------------------------------------------------------------------------------------------------------

(u) : Net has unmapped pin(s).



Path 37: VIOLATED (-547 ps) Setup Check with Pin u_issue/pc_x_q_reg[8]/clk->d
          Group: clk
     Startpoint: (R) u_lsu/u_lsu_request/rd_ptr_q_reg[0]/clk
          Clock: (R) clk
       Endpoint: (R) u_issue/pc_x_q_reg[8]/d
          Clock: (R) clk

                     Capture       Launch     
        Clock Edge:+     250            0     
       Src Latency:+       0            0     
       Net Latency:+       0 (I)        0 (I) 
           Arrival:=     250            0     
                                              
             Setup:-       6                  
       Uncertainty:-      25                  
     Required Time:=     220                  
      Launch Clock:-       0                  
         Data Path:-     766                  
             Slack:=    -547                  

#----------------------------------------------------------------------------------------------------------------------------------------
#                     Timing Point                      Flags    Arc    Edge       Cell         Fanout Load Trans Delay Arrival Instance 
#                                                                                                      (fF)  (ps)  (ps)   (ps)  Location 
#----------------------------------------------------------------------------------------------------------------------------------------
  u_lsu/u_lsu_request/rd_ptr_q_reg[0]/clk               -       -       R     (arrival)           5356    -    12     0       0    (-,-) 
  u_lsu/u_lsu_request/rd_ptr_q_reg[0]/q                 (u)     clk->q  F     unmapped_d_flop       73 73.0     0    90      90    (-,-) 
  u_lsu/u_lsu_request/g916/z                            (u)     in_0->z R     unmapped_nand2         1  1.0     0     9      99    (-,-) 
  u_lsu/u_lsu_request/g810/z                            (u)     in_1->z F     unmapped_nand2         3  3.0     0    14     114    (-,-) 
  u_lsu/g6410/z                                         (u)     in_0->z R     unmapped_complex2      4  4.0     0    17     130    (-,-) 
  u_issue/u_pipe0_ctrl/g5527/z                          (u)     in_0->z R     unmapped_or2           2  2.0     0    12     142    (-,-) 
  u_issue/u_pipe0_ctrl/g6457/z                          (u)     in_1->z R     unmapped_or2           1  1.0     0     9     151    (-,-) 
  u_issue/u_pipe0_ctrl/g6957/z                          (u)     in_0->z F     unmapped_complex2      1  1.0     0     9     160    (-,-) 
  u_issue/u_pipe0_ctrl/g6938/z                          (u)     in_1->z R     unmapped_complex2      3  3.0     0    14     175    (-,-) 
  u_issue/g15192/z                                      (u)     in_0->z R     unmapped_or2           8  8.0     0    22     197    (-,-) 
  u_issue/g15847/z                                      (u)     in_0->z R     unmapped_or2           4  4.0     0    17     213    (-,-) 
  u_issue/g16779/z                                      (u)     in_0->z F     unmapped_nor2        120 11.0     0    34     248    (-,-) 
  u_issue/g15720/z                                      (u)     in_0->z F     unmapped_and2         34 34.0     0    34     282    (-,-) 
  u_issue/g38093/z                                      (u)     in_1->z F     unmapped_or2           2  2.0     0    12     294    (-,-) 
  u_issue/g37629/z                                      (u)     in_0->z F     unmapped_or2           5  5.0     0    19     312    (-,-) 
  u_issue/g37442/z                                      (u)     in_0->z F     unmapped_or2           2  2.0     0    12     324    (-,-) 
  u_issue/g37248/z                                      (u)     in_0->z F     unmapped_or2           1  1.0     0     9     333    (-,-) 
  u_issue/g37087/z                                      (u)     in_0->z R     unmapped_nand2         1  1.0     0     9     342    (-,-) 
  u_issue/g37041/z                                      (u)     in_0->z R     unmapped_complex2      3  3.0     0    14     357    (-,-) 
  u_issue/g36884/z                                      (u)     in_0->z R     unmapped_or2           3  3.0     0    14     371    (-,-) 
  u_issue/g36765/z                                      (u)     in_1->z R     unmapped_or2           2  2.0     0    12     383    (-,-) 
  u_issue/g36318/z                                      (u)     in_0->z R     unmapped_or2          32 32.0     0    34     416    (-,-) 
  u_issue/g35736/z                                      (u)     in_0->z R     unmapped_complex2      1  1.0     0     9     426    (-,-) 
  u_issue/g35231/z                                      (u)     in_1->z F     unmapped_nand2         1  1.0     0     9     435    (-,-) 
  u_issue/g34977/z                                      (u)     in_1->z F     unmapped_or2           1  1.0     0     9     444    (-,-) 
  u_issue/g34746/z                                      (u)     in_0->z F     unmapped_complex2      1  1.0     0     9     453    (-,-) 
  u_issue/g34657/z                                      (u)     in_1->z F     unmapped_or2          13 13.0     0    26     479    (-,-) 
  u_exec1/greater_than_signed_350_25:sub_285_12/g2490/z (u)     in_1->z R     unmapped_complex2      1  1.0     0     9     488    (-,-) 
  u_exec1/greater_than_signed_350_25:sub_285_12/g2448/z (u)     in_1->z F     unmapped_nand2         1  1.0     0     9     497    (-,-) 
  u_exec1/greater_than_signed_350_25:sub_285_12/g103/z  (u)     in_1->z R     unmapped_nand2         1  1.0     0     9     506    (-,-) 
  u_exec1/greater_than_signed_350_25:sub_285_12/g2401/z (u)     in_0->z F     unmapped_complex2      1  1.0     0     9     516    (-,-) 
  u_exec1/greater_than_signed_350_25:sub_285_12/g2390/z (u)     in_0->z R     unmapped_complex2      1  1.0     0     9     525    (-,-) 
  u_exec1/greater_than_signed_350_25:sub_285_12/g620/z  (u)     in_0->z F     unmapped_complex2      1  1.0     0     9     534    (-,-) 
  u_exec1/greater_than_signed_350_25:sub_285_12/g2385/z (u)     in_0->z R     unmapped_complex2      1  1.0     0     9     543    (-,-) 
  u_exec1/greater_than_signed_350_25:sub_285_12/g2381/z (u)     in_0->z F     unmapped_complex2      1  1.0     0     9     552    (-,-) 
  u_exec1/greater_than_signed_350_25:sub_285_12/g2379/z (u)     in_0->z R     unmapped_complex2      1  1.0     0     9     562    (-,-) 
  u_exec1/greater_than_signed_350_25:sub_285_12/g626/z  (u)     in_0->z F     unmapped_complex2      1  1.0     0     9     571    (-,-) 
  u_exec1/greater_than_signed_350_25:sub_285_12/g2377/z (u)     in_0->z R     unmapped_complex2      2  2.0     0    12     582    (-,-) 
  u_exec1/greater_than_signed_350_25:sub_285_12/g2375/z (u)     in_0->z R     unmapped_or2           1  1.0     0     9     592    (-,-) 
  u_exec1/greater_than_signed_350_25:sub_285_12/g2376/z (u)     in_1->z F     unmapped_nand2         1  1.0     0     9     601    (-,-) 
  u_exec1/g5393/z                                       (u)     in_0->z R     unmapped_nand2         1  1.0     0     9     610    (-,-) 
  u_exec1/g6376/z                                       (u)     in_0->z F     unmapped_complex2      1  1.0     0     9     619    (-,-) 
  u_exec1/g5939/z                                       (u)     in_1->z R     unmapped_complex2      1  1.0     0     9     628    (-,-) 
  u_exec1/g5935/z                                       (u)     in_1->z R     unmapped_or2           1  1.0     0     9     638    (-,-) 
  u_exec1/g5934/z                                       (u)     in_0->z F     unmapped_complex2      2  2.0     0    12     649    (-,-) 
  u_exec1/g5931/z                                       (u)     in_0->z R     unmapped_complex2      2  2.0     0    12     661    (-,-) 
  u_exec1/g5932/z                                       (u)     in_0->z F     unmapped_not           4  4.0     0    13     674    (-,-) 
  u_issue/g19850/z                                      (u)     in_0->z F     unmapped_or2           6  6.0     0    20     693    (-,-) 
  u_issue/g19390/z                                      (u)     in_0->z F     unmapped_complex2     32 32.0     0    34     727    (-,-) 
  u_issue/g18964/z                                      (u)     in_1->z F     unmapped_complex2      1  1.0     0     9     736    (-,-) 
  u_issue/g18715/z                                      (u)     in_1->z R     unmapped_nand2         2  2.0     0    12     748    (-,-) 
  u_issue/g18611/z                                      (u)     in_0->z F     unmapped_nand2         1  1.0     0     9     757    (-,-) 
  u_issue/g18578/z                                      (u)     in_1->z R     unmapped_complex2      1  1.0     0     9     766    (-,-) 
  u_issue/pc_x_q_reg[8]/d                               -       -       R     unmapped_d_flop        1    -     -     0     766    (-,-) 
#----------------------------------------------------------------------------------------------------------------------------------------

(u) : Net has unmapped pin(s).



Path 38: VIOLATED (-547 ps) Setup Check with Pin u_issue/pc_x_q_reg[7]/clk->d
          Group: clk
     Startpoint: (R) u_lsu/u_lsu_request/rd_ptr_q_reg[0]/clk
          Clock: (R) clk
       Endpoint: (R) u_issue/pc_x_q_reg[7]/d
          Clock: (R) clk

                     Capture       Launch     
        Clock Edge:+     250            0     
       Src Latency:+       0            0     
       Net Latency:+       0 (I)        0 (I) 
           Arrival:=     250            0     
                                              
             Setup:-       6                  
       Uncertainty:-      25                  
     Required Time:=     220                  
      Launch Clock:-       0                  
         Data Path:-     766                  
             Slack:=    -547                  

#----------------------------------------------------------------------------------------------------------------------------------------
#                     Timing Point                      Flags    Arc    Edge       Cell         Fanout Load Trans Delay Arrival Instance 
#                                                                                                      (fF)  (ps)  (ps)   (ps)  Location 
#----------------------------------------------------------------------------------------------------------------------------------------
  u_lsu/u_lsu_request/rd_ptr_q_reg[0]/clk               -       -       R     (arrival)           5356    -    12     0       0    (-,-) 
  u_lsu/u_lsu_request/rd_ptr_q_reg[0]/q                 (u)     clk->q  F     unmapped_d_flop       73 73.0     0    90      90    (-,-) 
  u_lsu/u_lsu_request/g916/z                            (u)     in_0->z R     unmapped_nand2         1  1.0     0     9      99    (-,-) 
  u_lsu/u_lsu_request/g810/z                            (u)     in_1->z F     unmapped_nand2         3  3.0     0    14     114    (-,-) 
  u_lsu/g6410/z                                         (u)     in_0->z R     unmapped_complex2      4  4.0     0    17     130    (-,-) 
  u_issue/u_pipe0_ctrl/g5527/z                          (u)     in_0->z R     unmapped_or2           2  2.0     0    12     142    (-,-) 
  u_issue/u_pipe0_ctrl/g6457/z                          (u)     in_1->z R     unmapped_or2           1  1.0     0     9     151    (-,-) 
  u_issue/u_pipe0_ctrl/g6957/z                          (u)     in_0->z F     unmapped_complex2      1  1.0     0     9     160    (-,-) 
  u_issue/u_pipe0_ctrl/g6938/z                          (u)     in_1->z R     unmapped_complex2      3  3.0     0    14     175    (-,-) 
  u_issue/g15192/z                                      (u)     in_0->z R     unmapped_or2           8  8.0     0    22     197    (-,-) 
  u_issue/g15847/z                                      (u)     in_0->z R     unmapped_or2           4  4.0     0    17     213    (-,-) 
  u_issue/g16779/z                                      (u)     in_0->z F     unmapped_nor2        120 11.0     0    34     248    (-,-) 
  u_issue/g15720/z                                      (u)     in_0->z F     unmapped_and2         34 34.0     0    34     282    (-,-) 
  u_issue/g38093/z                                      (u)     in_1->z F     unmapped_or2           2  2.0     0    12     294    (-,-) 
  u_issue/g37629/z                                      (u)     in_0->z F     unmapped_or2           5  5.0     0    19     312    (-,-) 
  u_issue/g37442/z                                      (u)     in_0->z F     unmapped_or2           2  2.0     0    12     324    (-,-) 
  u_issue/g37248/z                                      (u)     in_0->z F     unmapped_or2           1  1.0     0     9     333    (-,-) 
  u_issue/g37087/z                                      (u)     in_0->z R     unmapped_nand2         1  1.0     0     9     342    (-,-) 
  u_issue/g37041/z                                      (u)     in_0->z R     unmapped_complex2      3  3.0     0    14     357    (-,-) 
  u_issue/g36884/z                                      (u)     in_0->z R     unmapped_or2           3  3.0     0    14     371    (-,-) 
  u_issue/g36765/z                                      (u)     in_1->z R     unmapped_or2           2  2.0     0    12     383    (-,-) 
  u_issue/g36318/z                                      (u)     in_0->z R     unmapped_or2          32 32.0     0    34     416    (-,-) 
  u_issue/g35736/z                                      (u)     in_0->z R     unmapped_complex2      1  1.0     0     9     426    (-,-) 
  u_issue/g35231/z                                      (u)     in_1->z F     unmapped_nand2         1  1.0     0     9     435    (-,-) 
  u_issue/g34977/z                                      (u)     in_1->z F     unmapped_or2           1  1.0     0     9     444    (-,-) 
  u_issue/g34746/z                                      (u)     in_0->z F     unmapped_complex2      1  1.0     0     9     453    (-,-) 
  u_issue/g34657/z                                      (u)     in_1->z F     unmapped_or2          13 13.0     0    26     479    (-,-) 
  u_exec1/greater_than_signed_350_25:sub_285_12/g2490/z (u)     in_1->z R     unmapped_complex2      1  1.0     0     9     488    (-,-) 
  u_exec1/greater_than_signed_350_25:sub_285_12/g2448/z (u)     in_1->z F     unmapped_nand2         1  1.0     0     9     497    (-,-) 
  u_exec1/greater_than_signed_350_25:sub_285_12/g103/z  (u)     in_1->z R     unmapped_nand2         1  1.0     0     9     506    (-,-) 
  u_exec1/greater_than_signed_350_25:sub_285_12/g2401/z (u)     in_0->z F     unmapped_complex2      1  1.0     0     9     516    (-,-) 
  u_exec1/greater_than_signed_350_25:sub_285_12/g2390/z (u)     in_0->z R     unmapped_complex2      1  1.0     0     9     525    (-,-) 
  u_exec1/greater_than_signed_350_25:sub_285_12/g620/z  (u)     in_0->z F     unmapped_complex2      1  1.0     0     9     534    (-,-) 
  u_exec1/greater_than_signed_350_25:sub_285_12/g2385/z (u)     in_0->z R     unmapped_complex2      1  1.0     0     9     543    (-,-) 
  u_exec1/greater_than_signed_350_25:sub_285_12/g2381/z (u)     in_0->z F     unmapped_complex2      1  1.0     0     9     552    (-,-) 
  u_exec1/greater_than_signed_350_25:sub_285_12/g2379/z (u)     in_0->z R     unmapped_complex2      1  1.0     0     9     562    (-,-) 
  u_exec1/greater_than_signed_350_25:sub_285_12/g626/z  (u)     in_0->z F     unmapped_complex2      1  1.0     0     9     571    (-,-) 
  u_exec1/greater_than_signed_350_25:sub_285_12/g2377/z (u)     in_0->z R     unmapped_complex2      2  2.0     0    12     582    (-,-) 
  u_exec1/greater_than_signed_350_25:sub_285_12/g2375/z (u)     in_0->z R     unmapped_or2           1  1.0     0     9     592    (-,-) 
  u_exec1/greater_than_signed_350_25:sub_285_12/g2376/z (u)     in_1->z F     unmapped_nand2         1  1.0     0     9     601    (-,-) 
  u_exec1/g5393/z                                       (u)     in_0->z R     unmapped_nand2         1  1.0     0     9     610    (-,-) 
  u_exec1/g6376/z                                       (u)     in_0->z F     unmapped_complex2      1  1.0     0     9     619    (-,-) 
  u_exec1/g5939/z                                       (u)     in_1->z R     unmapped_complex2      1  1.0     0     9     628    (-,-) 
  u_exec1/g5935/z                                       (u)     in_1->z R     unmapped_or2           1  1.0     0     9     638    (-,-) 
  u_exec1/g5934/z                                       (u)     in_0->z F     unmapped_complex2      2  2.0     0    12     649    (-,-) 
  u_exec1/g5931/z                                       (u)     in_0->z R     unmapped_complex2      2  2.0     0    12     661    (-,-) 
  u_exec1/g5932/z                                       (u)     in_0->z F     unmapped_not           4  4.0     0    13     674    (-,-) 
  u_issue/g19850/z                                      (u)     in_0->z F     unmapped_or2           6  6.0     0    20     693    (-,-) 
  u_issue/g19390/z                                      (u)     in_0->z F     unmapped_complex2     32 32.0     0    34     727    (-,-) 
  u_issue/g18956/z                                      (u)     in_0->z F     unmapped_complex2      1  1.0     0     9     736    (-,-) 
  u_issue/g18720/z                                      (u)     in_1->z R     unmapped_nand2         2  2.0     0    12     748    (-,-) 
  u_issue/g18613/z                                      (u)     in_0->z F     unmapped_nand2         1  1.0     0     9     757    (-,-) 
  u_issue/g18574/z                                      (u)     in_1->z R     unmapped_complex2      1  1.0     0     9     766    (-,-) 
  u_issue/pc_x_q_reg[7]/d                               -       -       R     unmapped_d_flop        1    -     -     0     766    (-,-) 
#----------------------------------------------------------------------------------------------------------------------------------------

(u) : Net has unmapped pin(s).



Path 39: VIOLATED (-547 ps) Setup Check with Pin u_issue/pc_x_q_reg[6]/clk->d
          Group: clk
     Startpoint: (R) u_lsu/u_lsu_request/rd_ptr_q_reg[0]/clk
          Clock: (R) clk
       Endpoint: (R) u_issue/pc_x_q_reg[6]/d
          Clock: (R) clk

                     Capture       Launch     
        Clock Edge:+     250            0     
       Src Latency:+       0            0     
       Net Latency:+       0 (I)        0 (I) 
           Arrival:=     250            0     
                                              
             Setup:-       6                  
       Uncertainty:-      25                  
     Required Time:=     220                  
      Launch Clock:-       0                  
         Data Path:-     766                  
             Slack:=    -547                  

#----------------------------------------------------------------------------------------------------------------------------------------
#                     Timing Point                      Flags    Arc    Edge       Cell         Fanout Load Trans Delay Arrival Instance 
#                                                                                                      (fF)  (ps)  (ps)   (ps)  Location 
#----------------------------------------------------------------------------------------------------------------------------------------
  u_lsu/u_lsu_request/rd_ptr_q_reg[0]/clk               -       -       R     (arrival)           5356    -    12     0       0    (-,-) 
  u_lsu/u_lsu_request/rd_ptr_q_reg[0]/q                 (u)     clk->q  F     unmapped_d_flop       73 73.0     0    90      90    (-,-) 
  u_lsu/u_lsu_request/g916/z                            (u)     in_0->z R     unmapped_nand2         1  1.0     0     9      99    (-,-) 
  u_lsu/u_lsu_request/g810/z                            (u)     in_1->z F     unmapped_nand2         3  3.0     0    14     114    (-,-) 
  u_lsu/g6410/z                                         (u)     in_0->z R     unmapped_complex2      4  4.0     0    17     130    (-,-) 
  u_issue/u_pipe0_ctrl/g5527/z                          (u)     in_0->z R     unmapped_or2           2  2.0     0    12     142    (-,-) 
  u_issue/u_pipe0_ctrl/g6457/z                          (u)     in_1->z R     unmapped_or2           1  1.0     0     9     151    (-,-) 
  u_issue/u_pipe0_ctrl/g6957/z                          (u)     in_0->z F     unmapped_complex2      1  1.0     0     9     160    (-,-) 
  u_issue/u_pipe0_ctrl/g6938/z                          (u)     in_1->z R     unmapped_complex2      3  3.0     0    14     175    (-,-) 
  u_issue/g15192/z                                      (u)     in_0->z R     unmapped_or2           8  8.0     0    22     197    (-,-) 
  u_issue/g15847/z                                      (u)     in_0->z R     unmapped_or2           4  4.0     0    17     213    (-,-) 
  u_issue/g16779/z                                      (u)     in_0->z F     unmapped_nor2        120 11.0     0    34     248    (-,-) 
  u_issue/g15720/z                                      (u)     in_0->z F     unmapped_and2         34 34.0     0    34     282    (-,-) 
  u_issue/g38093/z                                      (u)     in_1->z F     unmapped_or2           2  2.0     0    12     294    (-,-) 
  u_issue/g37629/z                                      (u)     in_0->z F     unmapped_or2           5  5.0     0    19     312    (-,-) 
  u_issue/g37442/z                                      (u)     in_0->z F     unmapped_or2           2  2.0     0    12     324    (-,-) 
  u_issue/g37248/z                                      (u)     in_0->z F     unmapped_or2           1  1.0     0     9     333    (-,-) 
  u_issue/g37087/z                                      (u)     in_0->z R     unmapped_nand2         1  1.0     0     9     342    (-,-) 
  u_issue/g37041/z                                      (u)     in_0->z R     unmapped_complex2      3  3.0     0    14     357    (-,-) 
  u_issue/g36884/z                                      (u)     in_0->z R     unmapped_or2           3  3.0     0    14     371    (-,-) 
  u_issue/g36765/z                                      (u)     in_1->z R     unmapped_or2           2  2.0     0    12     383    (-,-) 
  u_issue/g36318/z                                      (u)     in_0->z R     unmapped_or2          32 32.0     0    34     416    (-,-) 
  u_issue/g35736/z                                      (u)     in_0->z R     unmapped_complex2      1  1.0     0     9     426    (-,-) 
  u_issue/g35231/z                                      (u)     in_1->z F     unmapped_nand2         1  1.0     0     9     435    (-,-) 
  u_issue/g34977/z                                      (u)     in_1->z F     unmapped_or2           1  1.0     0     9     444    (-,-) 
  u_issue/g34746/z                                      (u)     in_0->z F     unmapped_complex2      1  1.0     0     9     453    (-,-) 
  u_issue/g34657/z                                      (u)     in_1->z F     unmapped_or2          13 13.0     0    26     479    (-,-) 
  u_exec1/greater_than_signed_350_25:sub_285_12/g2490/z (u)     in_1->z R     unmapped_complex2      1  1.0     0     9     488    (-,-) 
  u_exec1/greater_than_signed_350_25:sub_285_12/g2448/z (u)     in_1->z F     unmapped_nand2         1  1.0     0     9     497    (-,-) 
  u_exec1/greater_than_signed_350_25:sub_285_12/g103/z  (u)     in_1->z R     unmapped_nand2         1  1.0     0     9     506    (-,-) 
  u_exec1/greater_than_signed_350_25:sub_285_12/g2401/z (u)     in_0->z F     unmapped_complex2      1  1.0     0     9     516    (-,-) 
  u_exec1/greater_than_signed_350_25:sub_285_12/g2390/z (u)     in_0->z R     unmapped_complex2      1  1.0     0     9     525    (-,-) 
  u_exec1/greater_than_signed_350_25:sub_285_12/g620/z  (u)     in_0->z F     unmapped_complex2      1  1.0     0     9     534    (-,-) 
  u_exec1/greater_than_signed_350_25:sub_285_12/g2385/z (u)     in_0->z R     unmapped_complex2      1  1.0     0     9     543    (-,-) 
  u_exec1/greater_than_signed_350_25:sub_285_12/g2381/z (u)     in_0->z F     unmapped_complex2      1  1.0     0     9     552    (-,-) 
  u_exec1/greater_than_signed_350_25:sub_285_12/g2379/z (u)     in_0->z R     unmapped_complex2      1  1.0     0     9     562    (-,-) 
  u_exec1/greater_than_signed_350_25:sub_285_12/g626/z  (u)     in_0->z F     unmapped_complex2      1  1.0     0     9     571    (-,-) 
  u_exec1/greater_than_signed_350_25:sub_285_12/g2377/z (u)     in_0->z R     unmapped_complex2      2  2.0     0    12     582    (-,-) 
  u_exec1/greater_than_signed_350_25:sub_285_12/g2375/z (u)     in_0->z R     unmapped_or2           1  1.0     0     9     592    (-,-) 
  u_exec1/greater_than_signed_350_25:sub_285_12/g2376/z (u)     in_1->z F     unmapped_nand2         1  1.0     0     9     601    (-,-) 
  u_exec1/g5393/z                                       (u)     in_0->z R     unmapped_nand2         1  1.0     0     9     610    (-,-) 
  u_exec1/g6376/z                                       (u)     in_0->z F     unmapped_complex2      1  1.0     0     9     619    (-,-) 
  u_exec1/g5939/z                                       (u)     in_1->z R     unmapped_complex2      1  1.0     0     9     628    (-,-) 
  u_exec1/g5935/z                                       (u)     in_1->z R     unmapped_or2           1  1.0     0     9     638    (-,-) 
  u_exec1/g5934/z                                       (u)     in_0->z F     unmapped_complex2      2  2.0     0    12     649    (-,-) 
  u_exec1/g5931/z                                       (u)     in_0->z R     unmapped_complex2      2  2.0     0    12     661    (-,-) 
  u_exec1/g5932/z                                       (u)     in_0->z F     unmapped_not           4  4.0     0    13     674    (-,-) 
  u_issue/g19850/z                                      (u)     in_0->z F     unmapped_or2           6  6.0     0    20     693    (-,-) 
  u_issue/g19390/z                                      (u)     in_0->z F     unmapped_complex2     32 32.0     0    34     727    (-,-) 
  u_issue/g18956/z                                      (u)     in_0->z F     unmapped_complex2      1  1.0     0     9     736    (-,-) 
  u_issue/g18720/z                                      (u)     in_1->z R     unmapped_nand2         2  2.0     0    12     748    (-,-) 
  u_issue/g18623/z                                      (u)     in_0->z F     unmapped_nand2         1  1.0     0     9     757    (-,-) 
  u_issue/g18575/z                                      (u)     in_1->z R     unmapped_complex2      1  1.0     0     9     766    (-,-) 
  u_issue/pc_x_q_reg[6]/d                               -       -       R     unmapped_d_flop        1    -     -     0     766    (-,-) 
#----------------------------------------------------------------------------------------------------------------------------------------

(u) : Net has unmapped pin(s).



Path 40: VIOLATED (-546 ps) Setup Check with Pin u_lsu/mem_addr_q_reg[9]/clk->d
          Group: clk
     Startpoint: (R) u_lsu/u_lsu_request/rd_ptr_q_reg[0]/clk
          Clock: (R) clk
       Endpoint: (R) u_lsu/mem_addr_q_reg[9]/d
          Clock: (R) clk

                     Capture       Launch     
        Clock Edge:+     250            0     
       Src Latency:+       0            0     
       Net Latency:+       0 (I)        0 (I) 
           Arrival:=     250            0     
                                              
             Setup:-       6                  
       Uncertainty:-      25                  
     Required Time:=     220                  
      Launch Clock:-       0                  
         Data Path:-     766                  
             Slack:=    -546                  

#-----------------------------------------------------------------------------------------------------------------------------
#               Timing Point                 Flags    Arc    Edge       Cell         Fanout Load Trans Delay Arrival Instance 
#                                                                                           (fF)  (ps)  (ps)   (ps)  Location 
#-----------------------------------------------------------------------------------------------------------------------------
  u_lsu/u_lsu_request/rd_ptr_q_reg[0]/clk    -       -       R     (arrival)           5356    -    12     0       0    (-,-) 
  u_lsu/u_lsu_request/rd_ptr_q_reg[0]/q      (u)     clk->q  R     unmapped_d_flop       73 73.0     0    90      90    (-,-) 
  u_lsu/u_lsu_request/g916/z                 (u)     in_0->z F     unmapped_nand2         1  1.0     0     9      99    (-,-) 
  u_lsu/u_lsu_request/g810/z                 (u)     in_1->z R     unmapped_nand2         3  3.0     0    14     114    (-,-) 
  u_lsu/g6410/z                              (u)     in_0->z F     unmapped_complex2      4  4.0     0    17     130    (-,-) 
  u_issue/u_pipe0_ctrl/g5527/z               (u)     in_0->z F     unmapped_or2           2  2.0     0    12     142    (-,-) 
  u_issue/u_pipe0_ctrl/g6457/z               (u)     in_1->z F     unmapped_or2           1  1.0     0     9     151    (-,-) 
  u_issue/u_pipe0_ctrl/g6957/z               (u)     in_0->z R     unmapped_complex2      1  1.0     0     9     160    (-,-) 
  u_issue/u_pipe0_ctrl/g6938/z               (u)     in_1->z F     unmapped_complex2      3  3.0     0    14     175    (-,-) 
  u_issue/g15192/z                           (u)     in_0->z F     unmapped_or2           8  8.0     0    22     197    (-,-) 
  u_issue/g15847/z                           (u)     in_0->z F     unmapped_or2           4  4.0     0    17     213    (-,-) 
  u_issue/g16779/z                           (u)     in_0->z R     unmapped_nor2        120 11.0     0    34     248    (-,-) 
  u_issue/g37891/z                           (u)     in_1->z F     unmapped_nand2         1  1.0     0     9     257    (-,-) 
  u_issue/g37501/z                           (u)     in_1->z R     unmapped_nand2         4  4.0     0    17     274    (-,-) 
  u_issue/g37464/z                           (u)     in_1->z R     unmapped_or2           1  1.0     0     9     283    (-,-) 
  u_issue/g37301/z                           (u)     in_1->z R     unmapped_or2           1  1.0     0     9     292    (-,-) 
  u_issue/g37152/z                           (u)     in_0->z R     unmapped_complex2      1  1.0     0     9     301    (-,-) 
  u_issue/g37136/z                           (u)     in_0->z R     unmapped_complex2      1  1.0     0     9     310    (-,-) 
  u_issue/g37056/z                           (u)     in_1->z F     unmapped_nand2        32 32.0     0    34     344    (-,-) 
  u_issue/g36956/z                           (u)     in_0->z R     unmapped_complex2      6  6.0     0    20     364    (-,-) 
  u_issue/g36633/z                           (u)     in_0->z F     unmapped_complex2      1  1.0     0     9     373    (-,-) 
  u_issue/g36161/z                           (u)     in_1->z R     unmapped_nand2         1  1.0     0     9     382    (-,-) 
  u_issue/g35655/z                           (u)     in_1->z R     unmapped_or2           1  1.0     0     9     392    (-,-) 
  u_issue/g35094/z                           (u)     in_1->z R     unmapped_or2           1  1.0     0     9     401    (-,-) 
  u_issue/g35009/z                           (u)     in_1->z F     unmapped_complex2      1  1.0     0     9     410    (-,-) 
  u_issue/g34738/z                           (u)     in_0->z R     unmapped_nand2         1  1.0     0     9     419    (-,-) 
  u_issue/g34655/z                           (u)     in_1->z F     unmapped_complex2      1  1.0     0     9     428    (-,-) 
  u_issue/g34561/z                           (u)     in_0->z R     unmapped_nand2         2  2.0     0    12     440    (-,-) 
  u_issue/g34558/z                           (u)     in_0->z R     unmapped_or2           1  1.0     0     9     449    (-,-) 
  u_issue/g34549/z                           (u)     in_1->z R     unmapped_or2           3  3.0     0    14     464    (-,-) 
  u_issue/g34545/z                           (u)     in_1->z R     unmapped_or2           2  2.0     0    12     475    (-,-) 
  u_issue/g34528/z                           (u)     in_1->z R     unmapped_or2           1  1.0     0     9     484    (-,-) 
  u_issue/g34283/z                           (u)     in_1->z R     unmapped_complex2      1  1.0     0     9     494    (-,-) 
  u_issue/g38462/z                           (u)     in_0->z F     unmapped_nor2         76 76.0     0    41     534    (-,-) 
  u_issue/g20033/z                           (u)     in_0->z R     unmapped_nand2       181 14.0     0    38     572    (-,-) 
  u_issue/g19778/z                           (u)     in_0->z R     unmapped_complex2      1  1.0     0     9     581    (-,-) 
  u_issue/g19372/z                           (u)     in_1->z F     unmapped_nand2         7  7.0     0    21     602    (-,-) 
  u_lsu/csa_tree_ADD_TC_OP_48_groupi/g1455/z (u)     in_0->z R     unmapped_nand2         3  3.0     0    14     617    (-,-) 
  u_lsu/csa_tree_ADD_TC_OP_48_groupi/g1684/z (u)     in_0->z R     unmapped_complex2      1  1.0     0     9     626    (-,-) 
  u_lsu/csa_tree_ADD_TC_OP_48_groupi/g1660/z (u)     in_0->z F     unmapped_nand2         4  4.0     0    17     643    (-,-) 
  u_lsu/csa_tree_ADD_TC_OP_48_groupi/g1642/z (u)     in_0->z R     unmapped_complex2      1  1.0     0     9     652    (-,-) 
  u_lsu/csa_tree_ADD_TC_OP_48_groupi/g1634/z (u)     in_0->z F     unmapped_complex2      5  5.0     0    19     670    (-,-) 
  u_lsu/csa_tree_ADD_TC_OP_48_groupi/g1618/z (u)     in_0->z R     unmapped_complex2      1  1.0     0     9     680    (-,-) 
  u_lsu/csa_tree_ADD_TC_OP_48_groupi/g1612/z (u)     in_0->z F     unmapped_complex2      6  6.0     0    20     699    (-,-) 
  u_lsu/csa_tree_ADD_TC_OP_48_groupi/g1587/z (u)     in_1->z R     unmapped_nand2         1  1.0     0     9     708    (-,-) 
  u_lsu/csa_tree_ADD_TC_OP_48_groupi/g1583/z (u)     in_1->z F     unmapped_nand2         2  2.0     0    12     720    (-,-) 
  u_lsu/csa_tree_ADD_TC_OP_48_groupi/g1546/z (u)     in_0->z F     unmapped_or2           1  1.0     0     9     729    (-,-) 
  u_lsu/csa_tree_ADD_TC_OP_48_groupi/g1547/z (u)     in_1->z R     unmapped_nand2         1  1.0     0     9     738    (-,-) 
  u_lsu/g10536/z                             (u)     in_0->z F     unmapped_complex2      1  1.0     0     9     748    (-,-) 
  u_lsu/g10341/z                             (u)     in_1->z R     unmapped_complex2      1  1.0     0     9     757    (-,-) 
  u_lsu/g10301/z                             (u)     in_0->z R     unmapped_complex2      1  1.0     0     9     766    (-,-) 
  u_lsu/mem_addr_q_reg[9]/d                  -       -       R     unmapped_d_flop        1    -     -     0     766    (-,-) 
#-----------------------------------------------------------------------------------------------------------------------------

(u) : Net has unmapped pin(s).



Path 41: VIOLATED (-541 ps) Setup Check with Pin u_lsu/mem_addr_q_reg[7]/clk->d
          Group: clk
     Startpoint: (R) u_lsu/u_lsu_request/rd_ptr_q_reg[0]/clk
          Clock: (R) clk
       Endpoint: (R) u_lsu/mem_addr_q_reg[7]/d
          Clock: (R) clk

                     Capture       Launch     
        Clock Edge:+     250            0     
       Src Latency:+       0            0     
       Net Latency:+       0 (I)        0 (I) 
           Arrival:=     250            0     
                                              
             Setup:-       6                  
       Uncertainty:-      25                  
     Required Time:=     220                  
      Launch Clock:-       0                  
         Data Path:-     761                  
             Slack:=    -541                  

#-----------------------------------------------------------------------------------------------------------------------------
#               Timing Point                 Flags    Arc    Edge       Cell         Fanout Load Trans Delay Arrival Instance 
#                                                                                           (fF)  (ps)  (ps)   (ps)  Location 
#-----------------------------------------------------------------------------------------------------------------------------
  u_lsu/u_lsu_request/rd_ptr_q_reg[0]/clk    -       -       R     (arrival)           5356    -    12     0       0    (-,-) 
  u_lsu/u_lsu_request/rd_ptr_q_reg[0]/q      (u)     clk->q  R     unmapped_d_flop       73 73.0     0    90      90    (-,-) 
  u_lsu/u_lsu_request/g916/z                 (u)     in_0->z F     unmapped_nand2         1  1.0     0     9      99    (-,-) 
  u_lsu/u_lsu_request/g810/z                 (u)     in_1->z R     unmapped_nand2         3  3.0     0    14     114    (-,-) 
  u_lsu/g6410/z                              (u)     in_0->z F     unmapped_complex2      4  4.0     0    17     130    (-,-) 
  u_issue/u_pipe0_ctrl/g5527/z               (u)     in_0->z F     unmapped_or2           2  2.0     0    12     142    (-,-) 
  u_issue/u_pipe0_ctrl/g6457/z               (u)     in_1->z F     unmapped_or2           1  1.0     0     9     151    (-,-) 
  u_issue/u_pipe0_ctrl/g6957/z               (u)     in_0->z R     unmapped_complex2      1  1.0     0     9     160    (-,-) 
  u_issue/u_pipe0_ctrl/g6938/z               (u)     in_1->z F     unmapped_complex2      3  3.0     0    14     175    (-,-) 
  u_issue/g15192/z                           (u)     in_0->z F     unmapped_or2           8  8.0     0    22     197    (-,-) 
  u_issue/g15847/z                           (u)     in_0->z F     unmapped_or2           4  4.0     0    17     213    (-,-) 
  u_issue/g16779/z                           (u)     in_0->z R     unmapped_nor2        120 11.0     0    34     248    (-,-) 
  u_issue/g37891/z                           (u)     in_1->z F     unmapped_nand2         1  1.0     0     9     257    (-,-) 
  u_issue/g37501/z                           (u)     in_1->z R     unmapped_nand2         4  4.0     0    17     274    (-,-) 
  u_issue/g37464/z                           (u)     in_1->z R     unmapped_or2           1  1.0     0     9     283    (-,-) 
  u_issue/g37301/z                           (u)     in_1->z R     unmapped_or2           1  1.0     0     9     292    (-,-) 
  u_issue/g37152/z                           (u)     in_0->z R     unmapped_complex2      1  1.0     0     9     301    (-,-) 
  u_issue/g37136/z                           (u)     in_0->z R     unmapped_complex2      1  1.0     0     9     310    (-,-) 
  u_issue/g37056/z                           (u)     in_1->z F     unmapped_nand2        32 32.0     0    34     344    (-,-) 
  u_issue/g36956/z                           (u)     in_0->z R     unmapped_complex2      6  6.0     0    20     364    (-,-) 
  u_issue/g36633/z                           (u)     in_0->z F     unmapped_complex2      1  1.0     0     9     373    (-,-) 
  u_issue/g36161/z                           (u)     in_1->z R     unmapped_nand2         1  1.0     0     9     382    (-,-) 
  u_issue/g35655/z                           (u)     in_1->z R     unmapped_or2           1  1.0     0     9     392    (-,-) 
  u_issue/g35094/z                           (u)     in_1->z R     unmapped_or2           1  1.0     0     9     401    (-,-) 
  u_issue/g35009/z                           (u)     in_1->z F     unmapped_complex2      1  1.0     0     9     410    (-,-) 
  u_issue/g34738/z                           (u)     in_0->z R     unmapped_nand2         1  1.0     0     9     419    (-,-) 
  u_issue/g34655/z                           (u)     in_1->z F     unmapped_complex2      1  1.0     0     9     428    (-,-) 
  u_issue/g34561/z                           (u)     in_0->z R     unmapped_nand2         2  2.0     0    12     440    (-,-) 
  u_issue/g34558/z                           (u)     in_0->z R     unmapped_or2           1  1.0     0     9     449    (-,-) 
  u_issue/g34549/z                           (u)     in_1->z R     unmapped_or2           3  3.0     0    14     464    (-,-) 
  u_issue/g34545/z                           (u)     in_1->z R     unmapped_or2           2  2.0     0    12     475    (-,-) 
  u_issue/g34528/z                           (u)     in_1->z R     unmapped_or2           1  1.0     0     9     484    (-,-) 
  u_issue/g34283/z                           (u)     in_1->z R     unmapped_complex2      1  1.0     0     9     494    (-,-) 
  u_issue/g38462/z                           (u)     in_0->z F     unmapped_nor2         76 76.0     0    41     534    (-,-) 
  u_issue/g20033/z                           (u)     in_0->z R     unmapped_nand2       181 14.0     0    38     572    (-,-) 
  u_issue/g19778/z                           (u)     in_0->z R     unmapped_complex2      1  1.0     0     9     581    (-,-) 
  u_issue/g19372/z                           (u)     in_1->z F     unmapped_nand2         7  7.0     0    21     602    (-,-) 
  u_lsu/csa_tree_ADD_TC_OP_48_groupi/g1455/z (u)     in_0->z R     unmapped_nand2         3  3.0     0    14     617    (-,-) 
  u_lsu/csa_tree_ADD_TC_OP_48_groupi/g1684/z (u)     in_0->z R     unmapped_complex2      1  1.0     0     9     626    (-,-) 
  u_lsu/csa_tree_ADD_TC_OP_48_groupi/g1660/z (u)     in_0->z F     unmapped_nand2         4  4.0     0    17     643    (-,-) 
  u_lsu/csa_tree_ADD_TC_OP_48_groupi/g1642/z (u)     in_0->z R     unmapped_complex2      1  1.0     0     9     652    (-,-) 
  u_lsu/csa_tree_ADD_TC_OP_48_groupi/g1634/z (u)     in_0->z F     unmapped_complex2      5  5.0     0    19     670    (-,-) 
  u_lsu/csa_tree_ADD_TC_OP_48_groupi/g1615/z (u)     in_0->z R     unmapped_complex2      1  1.0     0     9     680    (-,-) 
  u_lsu/csa_tree_ADD_TC_OP_48_groupi/g1605/z (u)     in_0->z F     unmapped_complex2      3  3.0     0    14     694    (-,-) 
  u_lsu/csa_tree_ADD_TC_OP_48_groupi/g1601/z (u)     in_1->z R     unmapped_nand2         1  1.0     0     9     703    (-,-) 
  u_lsu/csa_tree_ADD_TC_OP_48_groupi/g1575/z (u)     in_1->z F     unmapped_nand2         2  2.0     0    12     715    (-,-) 
  u_lsu/csa_tree_ADD_TC_OP_48_groupi/g1558/z (u)     in_0->z F     unmapped_or2           1  1.0     0     9     724    (-,-) 
  u_lsu/csa_tree_ADD_TC_OP_48_groupi/g1559/z (u)     in_1->z R     unmapped_nand2         1  1.0     0     9     733    (-,-) 
  u_lsu/g10543/z                             (u)     in_0->z F     unmapped_complex2      1  1.0     0     9     742    (-,-) 
  u_lsu/g10336/z                             (u)     in_1->z R     unmapped_complex2      1  1.0     0     9     752    (-,-) 
  u_lsu/g10303/z                             (u)     in_0->z R     unmapped_complex2      1  1.0     0     9     761    (-,-) 
  u_lsu/mem_addr_q_reg[7]/d                  -       -       R     unmapped_d_flop        1    -     -     0     761    (-,-) 
#-----------------------------------------------------------------------------------------------------------------------------

(u) : Net has unmapped pin(s).



Path 42: VIOLATED (-538 ps) Setup Check with Pin u_issue/pc_x_q_reg[3]/clk->d
          Group: clk
     Startpoint: (R) u_lsu/u_lsu_request/rd_ptr_q_reg[0]/clk
          Clock: (R) clk
       Endpoint: (R) u_issue/pc_x_q_reg[3]/d
          Clock: (R) clk

                     Capture       Launch     
        Clock Edge:+     250            0     
       Src Latency:+       0            0     
       Net Latency:+       0 (I)        0 (I) 
           Arrival:=     250            0     
                                              
             Setup:-       6                  
       Uncertainty:-      25                  
     Required Time:=     220                  
      Launch Clock:-       0                  
         Data Path:-     757                  
             Slack:=    -538                  

#----------------------------------------------------------------------------------------------------------------------------------------
#                     Timing Point                      Flags    Arc    Edge       Cell         Fanout Load Trans Delay Arrival Instance 
#                                                                                                      (fF)  (ps)  (ps)   (ps)  Location 
#----------------------------------------------------------------------------------------------------------------------------------------
  u_lsu/u_lsu_request/rd_ptr_q_reg[0]/clk               -       -       R     (arrival)           5356    -    12     0       0    (-,-) 
  u_lsu/u_lsu_request/rd_ptr_q_reg[0]/q                 (u)     clk->q  F     unmapped_d_flop       73 73.0     0    90      90    (-,-) 
  u_lsu/u_lsu_request/g916/z                            (u)     in_0->z R     unmapped_nand2         1  1.0     0     9      99    (-,-) 
  u_lsu/u_lsu_request/g810/z                            (u)     in_1->z F     unmapped_nand2         3  3.0     0    14     114    (-,-) 
  u_lsu/g6410/z                                         (u)     in_0->z R     unmapped_complex2      4  4.0     0    17     130    (-,-) 
  u_issue/u_pipe0_ctrl/g5527/z                          (u)     in_0->z R     unmapped_or2           2  2.0     0    12     142    (-,-) 
  u_issue/u_pipe0_ctrl/g6457/z                          (u)     in_1->z R     unmapped_or2           1  1.0     0     9     151    (-,-) 
  u_issue/u_pipe0_ctrl/g6957/z                          (u)     in_0->z F     unmapped_complex2      1  1.0     0     9     160    (-,-) 
  u_issue/u_pipe0_ctrl/g6938/z                          (u)     in_1->z R     unmapped_complex2      3  3.0     0    14     175    (-,-) 
  u_issue/g15192/z                                      (u)     in_0->z R     unmapped_or2           8  8.0     0    22     197    (-,-) 
  u_issue/g15847/z                                      (u)     in_0->z R     unmapped_or2           4  4.0     0    17     213    (-,-) 
  u_issue/g16779/z                                      (u)     in_0->z F     unmapped_nor2        120 11.0     0    34     248    (-,-) 
  u_issue/g15720/z                                      (u)     in_0->z F     unmapped_and2         34 34.0     0    34     282    (-,-) 
  u_issue/g38093/z                                      (u)     in_1->z F     unmapped_or2           2  2.0     0    12     294    (-,-) 
  u_issue/g37629/z                                      (u)     in_0->z F     unmapped_or2           5  5.0     0    19     312    (-,-) 
  u_issue/g37442/z                                      (u)     in_0->z F     unmapped_or2           2  2.0     0    12     324    (-,-) 
  u_issue/g37248/z                                      (u)     in_0->z F     unmapped_or2           1  1.0     0     9     333    (-,-) 
  u_issue/g37087/z                                      (u)     in_0->z R     unmapped_nand2         1  1.0     0     9     342    (-,-) 
  u_issue/g37041/z                                      (u)     in_0->z R     unmapped_complex2      3  3.0     0    14     357    (-,-) 
  u_issue/g36884/z                                      (u)     in_0->z R     unmapped_or2           3  3.0     0    14     371    (-,-) 
  u_issue/g36765/z                                      (u)     in_1->z R     unmapped_or2           2  2.0     0    12     383    (-,-) 
  u_issue/g36318/z                                      (u)     in_0->z R     unmapped_or2          32 32.0     0    34     416    (-,-) 
  u_issue/g35736/z                                      (u)     in_0->z R     unmapped_complex2      1  1.0     0     9     426    (-,-) 
  u_issue/g35231/z                                      (u)     in_1->z F     unmapped_nand2         1  1.0     0     9     435    (-,-) 
  u_issue/g34977/z                                      (u)     in_1->z F     unmapped_or2           1  1.0     0     9     444    (-,-) 
  u_issue/g34746/z                                      (u)     in_0->z F     unmapped_complex2      1  1.0     0     9     453    (-,-) 
  u_issue/g34657/z                                      (u)     in_1->z F     unmapped_or2          13 13.0     0    26     479    (-,-) 
  u_exec1/greater_than_signed_350_25:sub_285_12/g2490/z (u)     in_1->z R     unmapped_complex2      1  1.0     0     9     488    (-,-) 
  u_exec1/greater_than_signed_350_25:sub_285_12/g2448/z (u)     in_1->z F     unmapped_nand2         1  1.0     0     9     497    (-,-) 
  u_exec1/greater_than_signed_350_25:sub_285_12/g103/z  (u)     in_1->z R     unmapped_nand2         1  1.0     0     9     506    (-,-) 
  u_exec1/greater_than_signed_350_25:sub_285_12/g2401/z (u)     in_0->z F     unmapped_complex2      1  1.0     0     9     516    (-,-) 
  u_exec1/greater_than_signed_350_25:sub_285_12/g2390/z (u)     in_0->z R     unmapped_complex2      1  1.0     0     9     525    (-,-) 
  u_exec1/greater_than_signed_350_25:sub_285_12/g620/z  (u)     in_0->z F     unmapped_complex2      1  1.0     0     9     534    (-,-) 
  u_exec1/greater_than_signed_350_25:sub_285_12/g2385/z (u)     in_0->z R     unmapped_complex2      1  1.0     0     9     543    (-,-) 
  u_exec1/greater_than_signed_350_25:sub_285_12/g2381/z (u)     in_0->z F     unmapped_complex2      1  1.0     0     9     552    (-,-) 
  u_exec1/greater_than_signed_350_25:sub_285_12/g2379/z (u)     in_0->z R     unmapped_complex2      1  1.0     0     9     562    (-,-) 
  u_exec1/greater_than_signed_350_25:sub_285_12/g626/z  (u)     in_0->z F     unmapped_complex2      1  1.0     0     9     571    (-,-) 
  u_exec1/greater_than_signed_350_25:sub_285_12/g2377/z (u)     in_0->z R     unmapped_complex2      2  2.0     0    12     582    (-,-) 
  u_exec1/greater_than_signed_350_25:sub_285_12/g2375/z (u)     in_0->z R     unmapped_or2           1  1.0     0     9     592    (-,-) 
  u_exec1/greater_than_signed_350_25:sub_285_12/g2376/z (u)     in_1->z F     unmapped_nand2         1  1.0     0     9     601    (-,-) 
  u_exec1/g5393/z                                       (u)     in_0->z R     unmapped_nand2         1  1.0     0     9     610    (-,-) 
  u_exec1/g6376/z                                       (u)     in_0->z F     unmapped_complex2      1  1.0     0     9     619    (-,-) 
  u_exec1/g5939/z                                       (u)     in_1->z R     unmapped_complex2      1  1.0     0     9     628    (-,-) 
  u_exec1/g5935/z                                       (u)     in_1->z R     unmapped_or2           1  1.0     0     9     638    (-,-) 
  u_exec1/g5934/z                                       (u)     in_0->z F     unmapped_complex2      2  2.0     0    12     649    (-,-) 
  u_exec1/g5931/z                                       (u)     in_0->z R     unmapped_complex2      2  2.0     0    12     661    (-,-) 
  u_exec1/g5932/z                                       (u)     in_0->z F     unmapped_not           4  4.0     0    13     674    (-,-) 
  u_issue/g19850/z                                      (u)     in_0->z F     unmapped_or2           6  6.0     0    20     693    (-,-) 
  u_issue/g19390/z                                      (u)     in_0->z F     unmapped_complex2     32 32.0     0    34     727    (-,-) 
  u_issue/g18948/z                                      (u)     in_0->z F     unmapped_or2           2  2.0     0    12     739    (-,-) 
  u_issue/g18612/z                                      (u)     in_1->z R     unmapped_nand2         1  1.0     0     9     748    (-,-) 
  u_issue/g18595/z                                      (u)     in_1->z R     unmapped_or2           1  1.0     0     9     757    (-,-) 
  u_issue/pc_x_q_reg[3]/d                               -       -       R     unmapped_d_flop        1    -     -     0     757    (-,-) 
#----------------------------------------------------------------------------------------------------------------------------------------

(u) : Net has unmapped pin(s).



Path 43: VIOLATED (-536 ps) Setup Check with Pin u_frontend/u_npc/BRANCH_PREDICTION.ras_index_q_reg[2]/clk->d
          Group: clk
     Startpoint: (R) u_lsu/u_lsu_request/rd_ptr_q_reg[0]/clk
          Clock: (R) clk
       Endpoint: (R) u_frontend/u_npc/BRANCH_PREDICTION.ras_index_q_reg[2]/d
          Clock: (R) clk

                     Capture       Launch     
        Clock Edge:+     250            0     
       Src Latency:+       0            0     
       Net Latency:+       0 (I)        0 (I) 
           Arrival:=     250            0     
                                              
             Setup:-       6                  
       Uncertainty:-      25                  
     Required Time:=     220                  
      Launch Clock:-       0                  
         Data Path:-     756                  
             Slack:=    -536                  

#------------------------------------------------------------------------------------------------------------------------------------------
#                      Timing Point                       Flags    Arc    Edge       Cell         Fanout Load Trans Delay Arrival Instance 
#                                                                                                        (fF)  (ps)  (ps)   (ps)  Location 
#------------------------------------------------------------------------------------------------------------------------------------------
  u_lsu/u_lsu_request/rd_ptr_q_reg[0]/clk                 -       -       R     (arrival)           5356    -    12     0       0    (-,-) 
  u_lsu/u_lsu_request/rd_ptr_q_reg[0]/q                   (u)     clk->q  F     unmapped_d_flop       73 73.0     0    90      90    (-,-) 
  u_lsu/u_lsu_request/g916/z                              (u)     in_0->z R     unmapped_nand2         1  1.0     0     9      99    (-,-) 
  u_lsu/u_lsu_request/g810/z                              (u)     in_1->z F     unmapped_nand2         3  3.0     0    14     114    (-,-) 
  u_lsu/g6410/z                                           (u)     in_0->z R     unmapped_complex2      4  4.0     0    17     130    (-,-) 
  u_issue/u_pipe0_ctrl/g5527/z                            (u)     in_0->z R     unmapped_or2           2  2.0     0    12     142    (-,-) 
  u_issue/u_pipe0_ctrl/g6457/z                            (u)     in_1->z R     unmapped_or2           1  1.0     0     9     151    (-,-) 
  u_issue/u_pipe0_ctrl/g6957/z                            (u)     in_0->z F     unmapped_complex2      1  1.0     0     9     160    (-,-) 
  u_issue/u_pipe0_ctrl/g6938/z                            (u)     in_1->z R     unmapped_complex2      3  3.0     0    14     175    (-,-) 
  u_issue/g15192/z                                        (u)     in_0->z R     unmapped_or2           8  8.0     0    22     197    (-,-) 
  u_issue/g15847/z                                        (u)     in_0->z R     unmapped_or2           4  4.0     0    17     213    (-,-) 
  u_issue/g19835/z                                        (u)     in_0->z R     unmapped_complex2      1  1.0     0     9     223    (-,-) 
  u_issue/g38505/z                                        (u)     in_1->z R     unmapped_complex2      1  1.0     0     9     232    (-,-) 
  u_issue/g38507/z                                        (u)     in_1->z R     unmapped_complex2      2  2.0     0    12     243    (-,-) 
  u_issue/g18673/z                                        (u)     in_0->z F     unmapped_complex2     84 84.0     0    42     285    (-,-) 
  u_frontend/u_fetch/g1814/z                              (u)     in_0->z F     unmapped_or2           9  9.0     0    23     308    (-,-) 
  u_frontend/u_fetch/g1720/z                              (u)     in_0->z R     unmapped_complex2     64 64.0     0    40     347    (-,-) 
  u_frontend/u_fetch/g1698/z                              (u)     in_0->z F     unmapped_nand2         1  1.0     0     9     357    (-,-) 
  u_frontend/u_fetch/g1639/z                              (u)     in_1->z R     unmapped_nand2        79 78.0     0    41     398    (-,-) 
  u_frontend/u_npc/g171947/z                              (u)     in_1->z R     unmapped_or2           1  1.0     0     9     407    (-,-) 
  u_frontend/u_npc/g171948/z                              (u)     in_1->z F     unmapped_nand2         1  1.0     0     9     416    (-,-) 
  u_frontend/u_npc/g168881/z                              (u)     in_0->z R     unmapped_complex2      1  1.0     0     9     425    (-,-) 
  u_frontend/u_npc/g166868/z                              (u)     in_1->z R     unmapped_or2           1  1.0     0     9     434    (-,-) 
  u_frontend/u_npc/g166717/z                              (u)     in_1->z R     unmapped_or2           2  2.0     0    12     446    (-,-) 
  u_frontend/u_npc/g166162/z                              (u)     in_1->z R     unmapped_or2           1  1.0     0     9     455    (-,-) 
  u_frontend/u_npc/g165615/z                              (u)     in_0->z R     unmapped_or2           2  2.0     0    12     467    (-,-) 
  u_frontend/u_npc/g165197/z                              (u)     in_1->z R     unmapped_or2           1  1.0     0     9     476    (-,-) 
  u_frontend/u_npc/g163156/z                              (u)     in_1->z F     unmapped_nand2         9  9.0     0    23     499    (-,-) 
  u_frontend/u_npc/g162223/z                              (u)     in_0->z F     unmapped_or2           1  1.0     0     9     508    (-,-) 
  u_frontend/u_npc/g162208/z                              (u)     in_0->z F     unmapped_complex2      1  1.0     0     9     517    (-,-) 
  u_frontend/u_npc/g162155/z                              (u)     in_1->z F     unmapped_or2           1  1.0     0     9     526    (-,-) 
  u_frontend/u_npc/g162150/z                              (u)     in_0->z F     unmapped_or2           1  1.0     0     9     535    (-,-) 
  u_frontend/u_npc/g162110/z                              (u)     in_0->z F     unmapped_or2          10 10.0     0    23     559    (-,-) 
  u_frontend/u_npc/g162092/z                              (u)     in_0->z F     unmapped_or2           6  6.0     0    20     578    (-,-) 
  u_frontend/u_npc/g162047/z                              (u)     in_0->z F     unmapped_or2           4  4.0     0    17     595    (-,-) 
  u_frontend/u_npc/g162018/z                              (u)     in_0->z F     unmapped_or2           1  1.0     0     9     604    (-,-) 
  u_frontend/u_npc/g161953/z                              (u)     in_0->z R     unmapped_nand2         5  5.0     0    19     623    (-,-) 
  u_frontend/u_npc/g161909/z                              (u)     in_0->z F     unmapped_nand2         1  1.0     0     9     632    (-,-) 
  u_frontend/u_npc/g161815/z                              (u)     in_1->z R     unmapped_complex2      1  1.0     0     9     641    (-,-) 
  u_frontend/u_npc/g161764/z                              (u)     in_1->z R     unmapped_or2           1  1.0     0     9     651    (-,-) 
  u_frontend/u_npc/g161733/z                              (u)     in_1->z R     unmapped_or2           1  1.0     0     9     660    (-,-) 
  u_frontend/u_npc/g161713/z                              (u)     in_1->z R     unmapped_or2           1  1.0     0     9     669    (-,-) 
  u_frontend/u_npc/g161706/z                              (u)     in_0->z R     unmapped_complex2      6  6.0     0    20     689    (-,-) 
  u_frontend/u_npc/g161682/z                              (u)     in_0->z F     unmapped_complex2      4  4.0     0    17     705    (-,-) 
  u_frontend/u_npc/g161611/z                              (u)     in_1->z F     unmapped_or2           1  1.0     0     9     715    (-,-) 
  u_frontend/u_npc/g161483/z                              (u)     in_0->z R     unmapped_complex2      1  1.0     0     9     724    (-,-) 
  u_frontend/u_npc/g159889/z                              (u)     in_1->z R     unmapped_complex2      1  1.0     0     9     733    (-,-) 
  u_frontend/u_npc/g159170/z                              (u)     in_1->z R     unmapped_or2           9  9.0     0    23     756    (-,-) 
  u_frontend/u_npc/BRANCH_PREDICTION.ras_index_q_reg[2]/d -       -       R     unmapped_d_flop        9    -     -     0     756    (-,-) 
#------------------------------------------------------------------------------------------------------------------------------------------

(u) : Net has unmapped pin(s).



Path 44: VIOLATED (-535 ps) Setup Check with Pin u_issue/pc_x_q_reg[29]/clk->d
          Group: clk
     Startpoint: (R) u_lsu/u_lsu_request/rd_ptr_q_reg[0]/clk
          Clock: (R) clk
       Endpoint: (R) u_issue/pc_x_q_reg[29]/d
          Clock: (R) clk

                     Capture       Launch     
        Clock Edge:+     250            0     
       Src Latency:+       0            0     
       Net Latency:+       0 (I)        0 (I) 
           Arrival:=     250            0     
                                              
             Setup:-       6                  
       Uncertainty:-      25                  
     Required Time:=     220                  
      Launch Clock:-       0                  
         Data Path:-     755                  
             Slack:=    -535                  

#----------------------------------------------------------------------------------------------------------------------------------------
#                     Timing Point                      Flags    Arc    Edge       Cell         Fanout Load Trans Delay Arrival Instance 
#                                                                                                      (fF)  (ps)  (ps)   (ps)  Location 
#----------------------------------------------------------------------------------------------------------------------------------------
  u_lsu/u_lsu_request/rd_ptr_q_reg[0]/clk               -       -       R     (arrival)           5356    -    12     0       0    (-,-) 
  u_lsu/u_lsu_request/rd_ptr_q_reg[0]/q                 (u)     clk->q  F     unmapped_d_flop       73 73.0     0    90      90    (-,-) 
  u_lsu/u_lsu_request/g916/z                            (u)     in_0->z R     unmapped_nand2         1  1.0     0     9      99    (-,-) 
  u_lsu/u_lsu_request/g810/z                            (u)     in_1->z F     unmapped_nand2         3  3.0     0    14     114    (-,-) 
  u_lsu/g6410/z                                         (u)     in_0->z R     unmapped_complex2      4  4.0     0    17     130    (-,-) 
  u_issue/u_pipe0_ctrl/g5527/z                          (u)     in_0->z R     unmapped_or2           2  2.0     0    12     142    (-,-) 
  u_issue/u_pipe0_ctrl/g6457/z                          (u)     in_1->z R     unmapped_or2           1  1.0     0     9     151    (-,-) 
  u_issue/u_pipe0_ctrl/g6957/z                          (u)     in_0->z F     unmapped_complex2      1  1.0     0     9     160    (-,-) 
  u_issue/u_pipe0_ctrl/g6938/z                          (u)     in_1->z R     unmapped_complex2      3  3.0     0    14     175    (-,-) 
  u_issue/g15192/z                                      (u)     in_0->z R     unmapped_or2           8  8.0     0    22     197    (-,-) 
  u_issue/g15847/z                                      (u)     in_0->z R     unmapped_or2           4  4.0     0    17     213    (-,-) 
  u_issue/g16779/z                                      (u)     in_0->z F     unmapped_nor2        120 11.0     0    34     248    (-,-) 
  u_issue/g15720/z                                      (u)     in_0->z F     unmapped_and2         34 34.0     0    34     282    (-,-) 
  u_issue/g38093/z                                      (u)     in_1->z F     unmapped_or2           2  2.0     0    12     294    (-,-) 
  u_issue/g37629/z                                      (u)     in_0->z F     unmapped_or2           5  5.0     0    19     312    (-,-) 
  u_issue/g37442/z                                      (u)     in_0->z F     unmapped_or2           2  2.0     0    12     324    (-,-) 
  u_issue/g37248/z                                      (u)     in_0->z F     unmapped_or2           1  1.0     0     9     333    (-,-) 
  u_issue/g37087/z                                      (u)     in_0->z R     unmapped_nand2         1  1.0     0     9     342    (-,-) 
  u_issue/g37041/z                                      (u)     in_0->z R     unmapped_complex2      3  3.0     0    14     357    (-,-) 
  u_issue/g36884/z                                      (u)     in_0->z R     unmapped_or2           3  3.0     0    14     371    (-,-) 
  u_issue/g36765/z                                      (u)     in_1->z R     unmapped_or2           2  2.0     0    12     383    (-,-) 
  u_issue/g36318/z                                      (u)     in_0->z R     unmapped_or2          32 32.0     0    34     416    (-,-) 
  u_issue/g35736/z                                      (u)     in_0->z R     unmapped_complex2      1  1.0     0     9     426    (-,-) 
  u_issue/g35231/z                                      (u)     in_1->z F     unmapped_nand2         1  1.0     0     9     435    (-,-) 
  u_issue/g34977/z                                      (u)     in_1->z F     unmapped_or2           1  1.0     0     9     444    (-,-) 
  u_issue/g34746/z                                      (u)     in_0->z F     unmapped_complex2      1  1.0     0     9     453    (-,-) 
  u_issue/g34657/z                                      (u)     in_1->z F     unmapped_or2          13 13.0     0    26     479    (-,-) 
  u_exec1/greater_than_signed_350_25:sub_285_12/g2490/z (u)     in_1->z R     unmapped_complex2      1  1.0     0     9     488    (-,-) 
  u_exec1/greater_than_signed_350_25:sub_285_12/g2448/z (u)     in_1->z F     unmapped_nand2         1  1.0     0     9     497    (-,-) 
  u_exec1/greater_than_signed_350_25:sub_285_12/g103/z  (u)     in_1->z R     unmapped_nand2         1  1.0     0     9     506    (-,-) 
  u_exec1/greater_than_signed_350_25:sub_285_12/g2401/z (u)     in_0->z F     unmapped_complex2      1  1.0     0     9     516    (-,-) 
  u_exec1/greater_than_signed_350_25:sub_285_12/g2390/z (u)     in_0->z R     unmapped_complex2      1  1.0     0     9     525    (-,-) 
  u_exec1/greater_than_signed_350_25:sub_285_12/g620/z  (u)     in_0->z F     unmapped_complex2      1  1.0     0     9     534    (-,-) 
  u_exec1/greater_than_signed_350_25:sub_285_12/g2385/z (u)     in_0->z R     unmapped_complex2      1  1.0     0     9     543    (-,-) 
  u_exec1/greater_than_signed_350_25:sub_285_12/g2381/z (u)     in_0->z F     unmapped_complex2      1  1.0     0     9     552    (-,-) 
  u_exec1/greater_than_signed_350_25:sub_285_12/g2379/z (u)     in_0->z R     unmapped_complex2      1  1.0     0     9     562    (-,-) 
  u_exec1/greater_than_signed_350_25:sub_285_12/g626/z  (u)     in_0->z F     unmapped_complex2      1  1.0     0     9     571    (-,-) 
  u_exec1/greater_than_signed_350_25:sub_285_12/g2377/z (u)     in_0->z R     unmapped_complex2      2  2.0     0    12     582    (-,-) 
  u_exec1/greater_than_signed_350_25:sub_285_12/g2375/z (u)     in_0->z R     unmapped_or2           1  1.0     0     9     592    (-,-) 
  u_exec1/greater_than_signed_350_25:sub_285_12/g2376/z (u)     in_1->z F     unmapped_nand2         1  1.0     0     9     601    (-,-) 
  u_exec1/g5393/z                                       (u)     in_0->z R     unmapped_nand2         1  1.0     0     9     610    (-,-) 
  u_exec1/g6376/z                                       (u)     in_0->z F     unmapped_complex2      1  1.0     0     9     619    (-,-) 
  u_exec1/g5939/z                                       (u)     in_1->z R     unmapped_complex2      1  1.0     0     9     628    (-,-) 
  u_exec1/g5935/z                                       (u)     in_1->z R     unmapped_or2           1  1.0     0     9     638    (-,-) 
  u_exec1/g5934/z                                       (u)     in_0->z F     unmapped_complex2      2  2.0     0    12     649    (-,-) 
  u_exec1/g5931/z                                       (u)     in_0->z R     unmapped_complex2      2  2.0     0    12     661    (-,-) 
  u_exec1/g5932/z                                       (u)     in_0->z F     unmapped_not           4  4.0     0    13     674    (-,-) 
  u_issue/g19850/z                                      (u)     in_0->z F     unmapped_or2           6  6.0     0    20     693    (-,-) 
  u_issue/g19390/z                                      (u)     in_0->z F     unmapped_complex2     32 32.0     0    34     727    (-,-) 
  u_issue/g18470/z                                      (u)     in_1->z F     unmapped_complex2      1  1.0     0     9     736    (-,-) 
  u_issue/g18467/z                                      (u)     in_1->z R     unmapped_nand2         1  1.0     0     9     746    (-,-) 
  u_issue/g18461/z                                      (u)     in_1->z R     unmapped_or2           1  1.0     0     9     755    (-,-) 
  u_issue/pc_x_q_reg[29]/d                              -       -       R     unmapped_d_flop        1    -     -     0     755    (-,-) 
#----------------------------------------------------------------------------------------------------------------------------------------

(u) : Net has unmapped pin(s).



Path 45: VIOLATED (-535 ps) Setup Check with Pin u_issue/pc_x_q_reg[28]/clk->d
          Group: clk
     Startpoint: (R) u_lsu/u_lsu_request/rd_ptr_q_reg[0]/clk
          Clock: (R) clk
       Endpoint: (R) u_issue/pc_x_q_reg[28]/d
          Clock: (R) clk

                     Capture       Launch     
        Clock Edge:+     250            0     
       Src Latency:+       0            0     
       Net Latency:+       0 (I)        0 (I) 
           Arrival:=     250            0     
                                              
             Setup:-       6                  
       Uncertainty:-      25                  
     Required Time:=     220                  
      Launch Clock:-       0                  
         Data Path:-     755                  
             Slack:=    -535                  

#----------------------------------------------------------------------------------------------------------------------------------------
#                     Timing Point                      Flags    Arc    Edge       Cell         Fanout Load Trans Delay Arrival Instance 
#                                                                                                      (fF)  (ps)  (ps)   (ps)  Location 
#----------------------------------------------------------------------------------------------------------------------------------------
  u_lsu/u_lsu_request/rd_ptr_q_reg[0]/clk               -       -       R     (arrival)           5356    -    12     0       0    (-,-) 
  u_lsu/u_lsu_request/rd_ptr_q_reg[0]/q                 (u)     clk->q  F     unmapped_d_flop       73 73.0     0    90      90    (-,-) 
  u_lsu/u_lsu_request/g916/z                            (u)     in_0->z R     unmapped_nand2         1  1.0     0     9      99    (-,-) 
  u_lsu/u_lsu_request/g810/z                            (u)     in_1->z F     unmapped_nand2         3  3.0     0    14     114    (-,-) 
  u_lsu/g6410/z                                         (u)     in_0->z R     unmapped_complex2      4  4.0     0    17     130    (-,-) 
  u_issue/u_pipe0_ctrl/g5527/z                          (u)     in_0->z R     unmapped_or2           2  2.0     0    12     142    (-,-) 
  u_issue/u_pipe0_ctrl/g6457/z                          (u)     in_1->z R     unmapped_or2           1  1.0     0     9     151    (-,-) 
  u_issue/u_pipe0_ctrl/g6957/z                          (u)     in_0->z F     unmapped_complex2      1  1.0     0     9     160    (-,-) 
  u_issue/u_pipe0_ctrl/g6938/z                          (u)     in_1->z R     unmapped_complex2      3  3.0     0    14     175    (-,-) 
  u_issue/g15192/z                                      (u)     in_0->z R     unmapped_or2           8  8.0     0    22     197    (-,-) 
  u_issue/g15847/z                                      (u)     in_0->z R     unmapped_or2           4  4.0     0    17     213    (-,-) 
  u_issue/g16779/z                                      (u)     in_0->z F     unmapped_nor2        120 11.0     0    34     248    (-,-) 
  u_issue/g15720/z                                      (u)     in_0->z F     unmapped_and2         34 34.0     0    34     282    (-,-) 
  u_issue/g38093/z                                      (u)     in_1->z F     unmapped_or2           2  2.0     0    12     294    (-,-) 
  u_issue/g37629/z                                      (u)     in_0->z F     unmapped_or2           5  5.0     0    19     312    (-,-) 
  u_issue/g37442/z                                      (u)     in_0->z F     unmapped_or2           2  2.0     0    12     324    (-,-) 
  u_issue/g37248/z                                      (u)     in_0->z F     unmapped_or2           1  1.0     0     9     333    (-,-) 
  u_issue/g37087/z                                      (u)     in_0->z R     unmapped_nand2         1  1.0     0     9     342    (-,-) 
  u_issue/g37041/z                                      (u)     in_0->z R     unmapped_complex2      3  3.0     0    14     357    (-,-) 
  u_issue/g36884/z                                      (u)     in_0->z R     unmapped_or2           3  3.0     0    14     371    (-,-) 
  u_issue/g36765/z                                      (u)     in_1->z R     unmapped_or2           2  2.0     0    12     383    (-,-) 
  u_issue/g36318/z                                      (u)     in_0->z R     unmapped_or2          32 32.0     0    34     416    (-,-) 
  u_issue/g35736/z                                      (u)     in_0->z R     unmapped_complex2      1  1.0     0     9     426    (-,-) 
  u_issue/g35231/z                                      (u)     in_1->z F     unmapped_nand2         1  1.0     0     9     435    (-,-) 
  u_issue/g34977/z                                      (u)     in_1->z F     unmapped_or2           1  1.0     0     9     444    (-,-) 
  u_issue/g34746/z                                      (u)     in_0->z F     unmapped_complex2      1  1.0     0     9     453    (-,-) 
  u_issue/g34657/z                                      (u)     in_1->z F     unmapped_or2          13 13.0     0    26     479    (-,-) 
  u_exec1/greater_than_signed_350_25:sub_285_12/g2490/z (u)     in_1->z R     unmapped_complex2      1  1.0     0     9     488    (-,-) 
  u_exec1/greater_than_signed_350_25:sub_285_12/g2448/z (u)     in_1->z F     unmapped_nand2         1  1.0     0     9     497    (-,-) 
  u_exec1/greater_than_signed_350_25:sub_285_12/g103/z  (u)     in_1->z R     unmapped_nand2         1  1.0     0     9     506    (-,-) 
  u_exec1/greater_than_signed_350_25:sub_285_12/g2401/z (u)     in_0->z F     unmapped_complex2      1  1.0     0     9     516    (-,-) 
  u_exec1/greater_than_signed_350_25:sub_285_12/g2390/z (u)     in_0->z R     unmapped_complex2      1  1.0     0     9     525    (-,-) 
  u_exec1/greater_than_signed_350_25:sub_285_12/g620/z  (u)     in_0->z F     unmapped_complex2      1  1.0     0     9     534    (-,-) 
  u_exec1/greater_than_signed_350_25:sub_285_12/g2385/z (u)     in_0->z R     unmapped_complex2      1  1.0     0     9     543    (-,-) 
  u_exec1/greater_than_signed_350_25:sub_285_12/g2381/z (u)     in_0->z F     unmapped_complex2      1  1.0     0     9     552    (-,-) 
  u_exec1/greater_than_signed_350_25:sub_285_12/g2379/z (u)     in_0->z R     unmapped_complex2      1  1.0     0     9     562    (-,-) 
  u_exec1/greater_than_signed_350_25:sub_285_12/g626/z  (u)     in_0->z F     unmapped_complex2      1  1.0     0     9     571    (-,-) 
  u_exec1/greater_than_signed_350_25:sub_285_12/g2377/z (u)     in_0->z R     unmapped_complex2      2  2.0     0    12     582    (-,-) 
  u_exec1/greater_than_signed_350_25:sub_285_12/g2375/z (u)     in_0->z R     unmapped_or2           1  1.0     0     9     592    (-,-) 
  u_exec1/greater_than_signed_350_25:sub_285_12/g2376/z (u)     in_1->z F     unmapped_nand2         1  1.0     0     9     601    (-,-) 
  u_exec1/g5393/z                                       (u)     in_0->z R     unmapped_nand2         1  1.0     0     9     610    (-,-) 
  u_exec1/g6376/z                                       (u)     in_0->z F     unmapped_complex2      1  1.0     0     9     619    (-,-) 
  u_exec1/g5939/z                                       (u)     in_1->z R     unmapped_complex2      1  1.0     0     9     628    (-,-) 
  u_exec1/g5935/z                                       (u)     in_1->z R     unmapped_or2           1  1.0     0     9     638    (-,-) 
  u_exec1/g5934/z                                       (u)     in_0->z F     unmapped_complex2      2  2.0     0    12     649    (-,-) 
  u_exec1/g5931/z                                       (u)     in_0->z R     unmapped_complex2      2  2.0     0    12     661    (-,-) 
  u_exec1/g5932/z                                       (u)     in_0->z F     unmapped_not           4  4.0     0    13     674    (-,-) 
  u_issue/g19850/z                                      (u)     in_0->z F     unmapped_or2           6  6.0     0    20     693    (-,-) 
  u_issue/g19390/z                                      (u)     in_0->z F     unmapped_complex2     32 32.0     0    34     727    (-,-) 
  u_issue/g18476/z                                      (u)     in_1->z F     unmapped_complex2      1  1.0     0     9     736    (-,-) 
  u_issue/g18474/z                                      (u)     in_1->z R     unmapped_nand2         1  1.0     0     9     746    (-,-) 
  u_issue/g18464/z                                      (u)     in_1->z R     unmapped_or2           1  1.0     0     9     755    (-,-) 
  u_issue/pc_x_q_reg[28]/d                              -       -       R     unmapped_d_flop        1    -     -     0     755    (-,-) 
#----------------------------------------------------------------------------------------------------------------------------------------

(u) : Net has unmapped pin(s).



Path 46: VIOLATED (-535 ps) Setup Check with Pin u_issue/pc_x_q_reg[27]/clk->d
          Group: clk
     Startpoint: (R) u_lsu/u_lsu_request/rd_ptr_q_reg[0]/clk
          Clock: (R) clk
       Endpoint: (R) u_issue/pc_x_q_reg[27]/d
          Clock: (R) clk

                     Capture       Launch     
        Clock Edge:+     250            0     
       Src Latency:+       0            0     
       Net Latency:+       0 (I)        0 (I) 
           Arrival:=     250            0     
                                              
             Setup:-       6                  
       Uncertainty:-      25                  
     Required Time:=     220                  
      Launch Clock:-       0                  
         Data Path:-     755                  
             Slack:=    -535                  

#----------------------------------------------------------------------------------------------------------------------------------------
#                     Timing Point                      Flags    Arc    Edge       Cell         Fanout Load Trans Delay Arrival Instance 
#                                                                                                      (fF)  (ps)  (ps)   (ps)  Location 
#----------------------------------------------------------------------------------------------------------------------------------------
  u_lsu/u_lsu_request/rd_ptr_q_reg[0]/clk               -       -       R     (arrival)           5356    -    12     0       0    (-,-) 
  u_lsu/u_lsu_request/rd_ptr_q_reg[0]/q                 (u)     clk->q  F     unmapped_d_flop       73 73.0     0    90      90    (-,-) 
  u_lsu/u_lsu_request/g916/z                            (u)     in_0->z R     unmapped_nand2         1  1.0     0     9      99    (-,-) 
  u_lsu/u_lsu_request/g810/z                            (u)     in_1->z F     unmapped_nand2         3  3.0     0    14     114    (-,-) 
  u_lsu/g6410/z                                         (u)     in_0->z R     unmapped_complex2      4  4.0     0    17     130    (-,-) 
  u_issue/u_pipe0_ctrl/g5527/z                          (u)     in_0->z R     unmapped_or2           2  2.0     0    12     142    (-,-) 
  u_issue/u_pipe0_ctrl/g6457/z                          (u)     in_1->z R     unmapped_or2           1  1.0     0     9     151    (-,-) 
  u_issue/u_pipe0_ctrl/g6957/z                          (u)     in_0->z F     unmapped_complex2      1  1.0     0     9     160    (-,-) 
  u_issue/u_pipe0_ctrl/g6938/z                          (u)     in_1->z R     unmapped_complex2      3  3.0     0    14     175    (-,-) 
  u_issue/g15192/z                                      (u)     in_0->z R     unmapped_or2           8  8.0     0    22     197    (-,-) 
  u_issue/g15847/z                                      (u)     in_0->z R     unmapped_or2           4  4.0     0    17     213    (-,-) 
  u_issue/g16779/z                                      (u)     in_0->z F     unmapped_nor2        120 11.0     0    34     248    (-,-) 
  u_issue/g15720/z                                      (u)     in_0->z F     unmapped_and2         34 34.0     0    34     282    (-,-) 
  u_issue/g38093/z                                      (u)     in_1->z F     unmapped_or2           2  2.0     0    12     294    (-,-) 
  u_issue/g37629/z                                      (u)     in_0->z F     unmapped_or2           5  5.0     0    19     312    (-,-) 
  u_issue/g37442/z                                      (u)     in_0->z F     unmapped_or2           2  2.0     0    12     324    (-,-) 
  u_issue/g37248/z                                      (u)     in_0->z F     unmapped_or2           1  1.0     0     9     333    (-,-) 
  u_issue/g37087/z                                      (u)     in_0->z R     unmapped_nand2         1  1.0     0     9     342    (-,-) 
  u_issue/g37041/z                                      (u)     in_0->z R     unmapped_complex2      3  3.0     0    14     357    (-,-) 
  u_issue/g36884/z                                      (u)     in_0->z R     unmapped_or2           3  3.0     0    14     371    (-,-) 
  u_issue/g36765/z                                      (u)     in_1->z R     unmapped_or2           2  2.0     0    12     383    (-,-) 
  u_issue/g36318/z                                      (u)     in_0->z R     unmapped_or2          32 32.0     0    34     416    (-,-) 
  u_issue/g35736/z                                      (u)     in_0->z R     unmapped_complex2      1  1.0     0     9     426    (-,-) 
  u_issue/g35231/z                                      (u)     in_1->z F     unmapped_nand2         1  1.0     0     9     435    (-,-) 
  u_issue/g34977/z                                      (u)     in_1->z F     unmapped_or2           1  1.0     0     9     444    (-,-) 
  u_issue/g34746/z                                      (u)     in_0->z F     unmapped_complex2      1  1.0     0     9     453    (-,-) 
  u_issue/g34657/z                                      (u)     in_1->z F     unmapped_or2          13 13.0     0    26     479    (-,-) 
  u_exec1/greater_than_signed_350_25:sub_285_12/g2490/z (u)     in_1->z R     unmapped_complex2      1  1.0     0     9     488    (-,-) 
  u_exec1/greater_than_signed_350_25:sub_285_12/g2448/z (u)     in_1->z F     unmapped_nand2         1  1.0     0     9     497    (-,-) 
  u_exec1/greater_than_signed_350_25:sub_285_12/g103/z  (u)     in_1->z R     unmapped_nand2         1  1.0     0     9     506    (-,-) 
  u_exec1/greater_than_signed_350_25:sub_285_12/g2401/z (u)     in_0->z F     unmapped_complex2      1  1.0     0     9     516    (-,-) 
  u_exec1/greater_than_signed_350_25:sub_285_12/g2390/z (u)     in_0->z R     unmapped_complex2      1  1.0     0     9     525    (-,-) 
  u_exec1/greater_than_signed_350_25:sub_285_12/g620/z  (u)     in_0->z F     unmapped_complex2      1  1.0     0     9     534    (-,-) 
  u_exec1/greater_than_signed_350_25:sub_285_12/g2385/z (u)     in_0->z R     unmapped_complex2      1  1.0     0     9     543    (-,-) 
  u_exec1/greater_than_signed_350_25:sub_285_12/g2381/z (u)     in_0->z F     unmapped_complex2      1  1.0     0     9     552    (-,-) 
  u_exec1/greater_than_signed_350_25:sub_285_12/g2379/z (u)     in_0->z R     unmapped_complex2      1  1.0     0     9     562    (-,-) 
  u_exec1/greater_than_signed_350_25:sub_285_12/g626/z  (u)     in_0->z F     unmapped_complex2      1  1.0     0     9     571    (-,-) 
  u_exec1/greater_than_signed_350_25:sub_285_12/g2377/z (u)     in_0->z R     unmapped_complex2      2  2.0     0    12     582    (-,-) 
  u_exec1/greater_than_signed_350_25:sub_285_12/g2375/z (u)     in_0->z R     unmapped_or2           1  1.0     0     9     592    (-,-) 
  u_exec1/greater_than_signed_350_25:sub_285_12/g2376/z (u)     in_1->z F     unmapped_nand2         1  1.0     0     9     601    (-,-) 
  u_exec1/g5393/z                                       (u)     in_0->z R     unmapped_nand2         1  1.0     0     9     610    (-,-) 
  u_exec1/g6376/z                                       (u)     in_0->z F     unmapped_complex2      1  1.0     0     9     619    (-,-) 
  u_exec1/g5939/z                                       (u)     in_1->z R     unmapped_complex2      1  1.0     0     9     628    (-,-) 
  u_exec1/g5935/z                                       (u)     in_1->z R     unmapped_or2           1  1.0     0     9     638    (-,-) 
  u_exec1/g5934/z                                       (u)     in_0->z F     unmapped_complex2      2  2.0     0    12     649    (-,-) 
  u_exec1/g5931/z                                       (u)     in_0->z R     unmapped_complex2      2  2.0     0    12     661    (-,-) 
  u_exec1/g5932/z                                       (u)     in_0->z F     unmapped_not           4  4.0     0    13     674    (-,-) 
  u_issue/g19850/z                                      (u)     in_0->z F     unmapped_or2           6  6.0     0    20     693    (-,-) 
  u_issue/g19390/z                                      (u)     in_0->z F     unmapped_complex2     32 32.0     0    34     727    (-,-) 
  u_issue/g18484/z                                      (u)     in_1->z F     unmapped_complex2      1  1.0     0     9     736    (-,-) 
  u_issue/g18480/z                                      (u)     in_1->z R     unmapped_nand2         1  1.0     0     9     746    (-,-) 
  u_issue/g18472/z                                      (u)     in_1->z R     unmapped_or2           1  1.0     0     9     755    (-,-) 
  u_issue/pc_x_q_reg[27]/d                              -       -       R     unmapped_d_flop        1    -     -     0     755    (-,-) 
#----------------------------------------------------------------------------------------------------------------------------------------

(u) : Net has unmapped pin(s).



Path 47: VIOLATED (-535 ps) Setup Check with Pin u_issue/pc_x_q_reg[26]/clk->d
          Group: clk
     Startpoint: (R) u_lsu/u_lsu_request/rd_ptr_q_reg[0]/clk
          Clock: (R) clk
       Endpoint: (R) u_issue/pc_x_q_reg[26]/d
          Clock: (R) clk

                     Capture       Launch     
        Clock Edge:+     250            0     
       Src Latency:+       0            0     
       Net Latency:+       0 (I)        0 (I) 
           Arrival:=     250            0     
                                              
             Setup:-       6                  
       Uncertainty:-      25                  
     Required Time:=     220                  
      Launch Clock:-       0                  
         Data Path:-     755                  
             Slack:=    -535                  

#----------------------------------------------------------------------------------------------------------------------------------------
#                     Timing Point                      Flags    Arc    Edge       Cell         Fanout Load Trans Delay Arrival Instance 
#                                                                                                      (fF)  (ps)  (ps)   (ps)  Location 
#----------------------------------------------------------------------------------------------------------------------------------------
  u_lsu/u_lsu_request/rd_ptr_q_reg[0]/clk               -       -       R     (arrival)           5356    -    12     0       0    (-,-) 
  u_lsu/u_lsu_request/rd_ptr_q_reg[0]/q                 (u)     clk->q  F     unmapped_d_flop       73 73.0     0    90      90    (-,-) 
  u_lsu/u_lsu_request/g916/z                            (u)     in_0->z R     unmapped_nand2         1  1.0     0     9      99    (-,-) 
  u_lsu/u_lsu_request/g810/z                            (u)     in_1->z F     unmapped_nand2         3  3.0     0    14     114    (-,-) 
  u_lsu/g6410/z                                         (u)     in_0->z R     unmapped_complex2      4  4.0     0    17     130    (-,-) 
  u_issue/u_pipe0_ctrl/g5527/z                          (u)     in_0->z R     unmapped_or2           2  2.0     0    12     142    (-,-) 
  u_issue/u_pipe0_ctrl/g6457/z                          (u)     in_1->z R     unmapped_or2           1  1.0     0     9     151    (-,-) 
  u_issue/u_pipe0_ctrl/g6957/z                          (u)     in_0->z F     unmapped_complex2      1  1.0     0     9     160    (-,-) 
  u_issue/u_pipe0_ctrl/g6938/z                          (u)     in_1->z R     unmapped_complex2      3  3.0     0    14     175    (-,-) 
  u_issue/g15192/z                                      (u)     in_0->z R     unmapped_or2           8  8.0     0    22     197    (-,-) 
  u_issue/g15847/z                                      (u)     in_0->z R     unmapped_or2           4  4.0     0    17     213    (-,-) 
  u_issue/g16779/z                                      (u)     in_0->z F     unmapped_nor2        120 11.0     0    34     248    (-,-) 
  u_issue/g15720/z                                      (u)     in_0->z F     unmapped_and2         34 34.0     0    34     282    (-,-) 
  u_issue/g38093/z                                      (u)     in_1->z F     unmapped_or2           2  2.0     0    12     294    (-,-) 
  u_issue/g37629/z                                      (u)     in_0->z F     unmapped_or2           5  5.0     0    19     312    (-,-) 
  u_issue/g37442/z                                      (u)     in_0->z F     unmapped_or2           2  2.0     0    12     324    (-,-) 
  u_issue/g37248/z                                      (u)     in_0->z F     unmapped_or2           1  1.0     0     9     333    (-,-) 
  u_issue/g37087/z                                      (u)     in_0->z R     unmapped_nand2         1  1.0     0     9     342    (-,-) 
  u_issue/g37041/z                                      (u)     in_0->z R     unmapped_complex2      3  3.0     0    14     357    (-,-) 
  u_issue/g36884/z                                      (u)     in_0->z R     unmapped_or2           3  3.0     0    14     371    (-,-) 
  u_issue/g36765/z                                      (u)     in_1->z R     unmapped_or2           2  2.0     0    12     383    (-,-) 
  u_issue/g36318/z                                      (u)     in_0->z R     unmapped_or2          32 32.0     0    34     416    (-,-) 
  u_issue/g35736/z                                      (u)     in_0->z R     unmapped_complex2      1  1.0     0     9     426    (-,-) 
  u_issue/g35231/z                                      (u)     in_1->z F     unmapped_nand2         1  1.0     0     9     435    (-,-) 
  u_issue/g34977/z                                      (u)     in_1->z F     unmapped_or2           1  1.0     0     9     444    (-,-) 
  u_issue/g34746/z                                      (u)     in_0->z F     unmapped_complex2      1  1.0     0     9     453    (-,-) 
  u_issue/g34657/z                                      (u)     in_1->z F     unmapped_or2          13 13.0     0    26     479    (-,-) 
  u_exec1/greater_than_signed_350_25:sub_285_12/g2490/z (u)     in_1->z R     unmapped_complex2      1  1.0     0     9     488    (-,-) 
  u_exec1/greater_than_signed_350_25:sub_285_12/g2448/z (u)     in_1->z F     unmapped_nand2         1  1.0     0     9     497    (-,-) 
  u_exec1/greater_than_signed_350_25:sub_285_12/g103/z  (u)     in_1->z R     unmapped_nand2         1  1.0     0     9     506    (-,-) 
  u_exec1/greater_than_signed_350_25:sub_285_12/g2401/z (u)     in_0->z F     unmapped_complex2      1  1.0     0     9     516    (-,-) 
  u_exec1/greater_than_signed_350_25:sub_285_12/g2390/z (u)     in_0->z R     unmapped_complex2      1  1.0     0     9     525    (-,-) 
  u_exec1/greater_than_signed_350_25:sub_285_12/g620/z  (u)     in_0->z F     unmapped_complex2      1  1.0     0     9     534    (-,-) 
  u_exec1/greater_than_signed_350_25:sub_285_12/g2385/z (u)     in_0->z R     unmapped_complex2      1  1.0     0     9     543    (-,-) 
  u_exec1/greater_than_signed_350_25:sub_285_12/g2381/z (u)     in_0->z F     unmapped_complex2      1  1.0     0     9     552    (-,-) 
  u_exec1/greater_than_signed_350_25:sub_285_12/g2379/z (u)     in_0->z R     unmapped_complex2      1  1.0     0     9     562    (-,-) 
  u_exec1/greater_than_signed_350_25:sub_285_12/g626/z  (u)     in_0->z F     unmapped_complex2      1  1.0     0     9     571    (-,-) 
  u_exec1/greater_than_signed_350_25:sub_285_12/g2377/z (u)     in_0->z R     unmapped_complex2      2  2.0     0    12     582    (-,-) 
  u_exec1/greater_than_signed_350_25:sub_285_12/g2375/z (u)     in_0->z R     unmapped_or2           1  1.0     0     9     592    (-,-) 
  u_exec1/greater_than_signed_350_25:sub_285_12/g2376/z (u)     in_1->z F     unmapped_nand2         1  1.0     0     9     601    (-,-) 
  u_exec1/g5393/z                                       (u)     in_0->z R     unmapped_nand2         1  1.0     0     9     610    (-,-) 
  u_exec1/g6376/z                                       (u)     in_0->z F     unmapped_complex2      1  1.0     0     9     619    (-,-) 
  u_exec1/g5939/z                                       (u)     in_1->z R     unmapped_complex2      1  1.0     0     9     628    (-,-) 
  u_exec1/g5935/z                                       (u)     in_1->z R     unmapped_or2           1  1.0     0     9     638    (-,-) 
  u_exec1/g5934/z                                       (u)     in_0->z F     unmapped_complex2      2  2.0     0    12     649    (-,-) 
  u_exec1/g5931/z                                       (u)     in_0->z R     unmapped_complex2      2  2.0     0    12     661    (-,-) 
  u_exec1/g5932/z                                       (u)     in_0->z F     unmapped_not           4  4.0     0    13     674    (-,-) 
  u_issue/g19850/z                                      (u)     in_0->z F     unmapped_or2           6  6.0     0    20     693    (-,-) 
  u_issue/g19390/z                                      (u)     in_0->z F     unmapped_complex2     32 32.0     0    34     727    (-,-) 
  u_issue/g18489/z                                      (u)     in_1->z F     unmapped_complex2      1  1.0     0     9     736    (-,-) 
  u_issue/g18485/z                                      (u)     in_1->z R     unmapped_nand2         1  1.0     0     9     746    (-,-) 
  u_issue/g18475/z                                      (u)     in_1->z R     unmapped_or2           1  1.0     0     9     755    (-,-) 
  u_issue/pc_x_q_reg[26]/d                              -       -       R     unmapped_d_flop        1    -     -     0     755    (-,-) 
#----------------------------------------------------------------------------------------------------------------------------------------

(u) : Net has unmapped pin(s).



Path 48: VIOLATED (-535 ps) Setup Check with Pin u_issue/pc_x_q_reg[25]/clk->d
          Group: clk
     Startpoint: (R) u_lsu/u_lsu_request/rd_ptr_q_reg[0]/clk
          Clock: (R) clk
       Endpoint: (R) u_issue/pc_x_q_reg[25]/d
          Clock: (R) clk

                     Capture       Launch     
        Clock Edge:+     250            0     
       Src Latency:+       0            0     
       Net Latency:+       0 (I)        0 (I) 
           Arrival:=     250            0     
                                              
             Setup:-       6                  
       Uncertainty:-      25                  
     Required Time:=     220                  
      Launch Clock:-       0                  
         Data Path:-     755                  
             Slack:=    -535                  

#----------------------------------------------------------------------------------------------------------------------------------------
#                     Timing Point                      Flags    Arc    Edge       Cell         Fanout Load Trans Delay Arrival Instance 
#                                                                                                      (fF)  (ps)  (ps)   (ps)  Location 
#----------------------------------------------------------------------------------------------------------------------------------------
  u_lsu/u_lsu_request/rd_ptr_q_reg[0]/clk               -       -       R     (arrival)           5356    -    12     0       0    (-,-) 
  u_lsu/u_lsu_request/rd_ptr_q_reg[0]/q                 (u)     clk->q  F     unmapped_d_flop       73 73.0     0    90      90    (-,-) 
  u_lsu/u_lsu_request/g916/z                            (u)     in_0->z R     unmapped_nand2         1  1.0     0     9      99    (-,-) 
  u_lsu/u_lsu_request/g810/z                            (u)     in_1->z F     unmapped_nand2         3  3.0     0    14     114    (-,-) 
  u_lsu/g6410/z                                         (u)     in_0->z R     unmapped_complex2      4  4.0     0    17     130    (-,-) 
  u_issue/u_pipe0_ctrl/g5527/z                          (u)     in_0->z R     unmapped_or2           2  2.0     0    12     142    (-,-) 
  u_issue/u_pipe0_ctrl/g6457/z                          (u)     in_1->z R     unmapped_or2           1  1.0     0     9     151    (-,-) 
  u_issue/u_pipe0_ctrl/g6957/z                          (u)     in_0->z F     unmapped_complex2      1  1.0     0     9     160    (-,-) 
  u_issue/u_pipe0_ctrl/g6938/z                          (u)     in_1->z R     unmapped_complex2      3  3.0     0    14     175    (-,-) 
  u_issue/g15192/z                                      (u)     in_0->z R     unmapped_or2           8  8.0     0    22     197    (-,-) 
  u_issue/g15847/z                                      (u)     in_0->z R     unmapped_or2           4  4.0     0    17     213    (-,-) 
  u_issue/g16779/z                                      (u)     in_0->z F     unmapped_nor2        120 11.0     0    34     248    (-,-) 
  u_issue/g15720/z                                      (u)     in_0->z F     unmapped_and2         34 34.0     0    34     282    (-,-) 
  u_issue/g38093/z                                      (u)     in_1->z F     unmapped_or2           2  2.0     0    12     294    (-,-) 
  u_issue/g37629/z                                      (u)     in_0->z F     unmapped_or2           5  5.0     0    19     312    (-,-) 
  u_issue/g37442/z                                      (u)     in_0->z F     unmapped_or2           2  2.0     0    12     324    (-,-) 
  u_issue/g37248/z                                      (u)     in_0->z F     unmapped_or2           1  1.0     0     9     333    (-,-) 
  u_issue/g37087/z                                      (u)     in_0->z R     unmapped_nand2         1  1.0     0     9     342    (-,-) 
  u_issue/g37041/z                                      (u)     in_0->z R     unmapped_complex2      3  3.0     0    14     357    (-,-) 
  u_issue/g36884/z                                      (u)     in_0->z R     unmapped_or2           3  3.0     0    14     371    (-,-) 
  u_issue/g36765/z                                      (u)     in_1->z R     unmapped_or2           2  2.0     0    12     383    (-,-) 
  u_issue/g36318/z                                      (u)     in_0->z R     unmapped_or2          32 32.0     0    34     416    (-,-) 
  u_issue/g35736/z                                      (u)     in_0->z R     unmapped_complex2      1  1.0     0     9     426    (-,-) 
  u_issue/g35231/z                                      (u)     in_1->z F     unmapped_nand2         1  1.0     0     9     435    (-,-) 
  u_issue/g34977/z                                      (u)     in_1->z F     unmapped_or2           1  1.0     0     9     444    (-,-) 
  u_issue/g34746/z                                      (u)     in_0->z F     unmapped_complex2      1  1.0     0     9     453    (-,-) 
  u_issue/g34657/z                                      (u)     in_1->z F     unmapped_or2          13 13.0     0    26     479    (-,-) 
  u_exec1/greater_than_signed_350_25:sub_285_12/g2490/z (u)     in_1->z R     unmapped_complex2      1  1.0     0     9     488    (-,-) 
  u_exec1/greater_than_signed_350_25:sub_285_12/g2448/z (u)     in_1->z F     unmapped_nand2         1  1.0     0     9     497    (-,-) 
  u_exec1/greater_than_signed_350_25:sub_285_12/g103/z  (u)     in_1->z R     unmapped_nand2         1  1.0     0     9     506    (-,-) 
  u_exec1/greater_than_signed_350_25:sub_285_12/g2401/z (u)     in_0->z F     unmapped_complex2      1  1.0     0     9     516    (-,-) 
  u_exec1/greater_than_signed_350_25:sub_285_12/g2390/z (u)     in_0->z R     unmapped_complex2      1  1.0     0     9     525    (-,-) 
  u_exec1/greater_than_signed_350_25:sub_285_12/g620/z  (u)     in_0->z F     unmapped_complex2      1  1.0     0     9     534    (-,-) 
  u_exec1/greater_than_signed_350_25:sub_285_12/g2385/z (u)     in_0->z R     unmapped_complex2      1  1.0     0     9     543    (-,-) 
  u_exec1/greater_than_signed_350_25:sub_285_12/g2381/z (u)     in_0->z F     unmapped_complex2      1  1.0     0     9     552    (-,-) 
  u_exec1/greater_than_signed_350_25:sub_285_12/g2379/z (u)     in_0->z R     unmapped_complex2      1  1.0     0     9     562    (-,-) 
  u_exec1/greater_than_signed_350_25:sub_285_12/g626/z  (u)     in_0->z F     unmapped_complex2      1  1.0     0     9     571    (-,-) 
  u_exec1/greater_than_signed_350_25:sub_285_12/g2377/z (u)     in_0->z R     unmapped_complex2      2  2.0     0    12     582    (-,-) 
  u_exec1/greater_than_signed_350_25:sub_285_12/g2375/z (u)     in_0->z R     unmapped_or2           1  1.0     0     9     592    (-,-) 
  u_exec1/greater_than_signed_350_25:sub_285_12/g2376/z (u)     in_1->z F     unmapped_nand2         1  1.0     0     9     601    (-,-) 
  u_exec1/g5393/z                                       (u)     in_0->z R     unmapped_nand2         1  1.0     0     9     610    (-,-) 
  u_exec1/g6376/z                                       (u)     in_0->z F     unmapped_complex2      1  1.0     0     9     619    (-,-) 
  u_exec1/g5939/z                                       (u)     in_1->z R     unmapped_complex2      1  1.0     0     9     628    (-,-) 
  u_exec1/g5935/z                                       (u)     in_1->z R     unmapped_or2           1  1.0     0     9     638    (-,-) 
  u_exec1/g5934/z                                       (u)     in_0->z F     unmapped_complex2      2  2.0     0    12     649    (-,-) 
  u_exec1/g5931/z                                       (u)     in_0->z R     unmapped_complex2      2  2.0     0    12     661    (-,-) 
  u_exec1/g5932/z                                       (u)     in_0->z F     unmapped_not           4  4.0     0    13     674    (-,-) 
  u_issue/g19850/z                                      (u)     in_0->z F     unmapped_or2           6  6.0     0    20     693    (-,-) 
  u_issue/g19390/z                                      (u)     in_0->z F     unmapped_complex2     32 32.0     0    34     727    (-,-) 
  u_issue/g18493/z                                      (u)     in_1->z F     unmapped_complex2      1  1.0     0     9     736    (-,-) 
  u_issue/g18487/z                                      (u)     in_1->z R     unmapped_nand2         1  1.0     0     9     746    (-,-) 
  u_issue/g18486/z                                      (u)     in_1->z R     unmapped_or2           1  1.0     0     9     755    (-,-) 
  u_issue/pc_x_q_reg[25]/d                              -       -       R     unmapped_d_flop        1    -     -     0     755    (-,-) 
#----------------------------------------------------------------------------------------------------------------------------------------

(u) : Net has unmapped pin(s).



Path 49: VIOLATED (-535 ps) Setup Check with Pin u_issue/pc_x_q_reg[24]/clk->d
          Group: clk
     Startpoint: (R) u_lsu/u_lsu_request/rd_ptr_q_reg[0]/clk
          Clock: (R) clk
       Endpoint: (R) u_issue/pc_x_q_reg[24]/d
          Clock: (R) clk

                     Capture       Launch     
        Clock Edge:+     250            0     
       Src Latency:+       0            0     
       Net Latency:+       0 (I)        0 (I) 
           Arrival:=     250            0     
                                              
             Setup:-       6                  
       Uncertainty:-      25                  
     Required Time:=     220                  
      Launch Clock:-       0                  
         Data Path:-     755                  
             Slack:=    -535                  

#----------------------------------------------------------------------------------------------------------------------------------------
#                     Timing Point                      Flags    Arc    Edge       Cell         Fanout Load Trans Delay Arrival Instance 
#                                                                                                      (fF)  (ps)  (ps)   (ps)  Location 
#----------------------------------------------------------------------------------------------------------------------------------------
  u_lsu/u_lsu_request/rd_ptr_q_reg[0]/clk               -       -       R     (arrival)           5356    -    12     0       0    (-,-) 
  u_lsu/u_lsu_request/rd_ptr_q_reg[0]/q                 (u)     clk->q  F     unmapped_d_flop       73 73.0     0    90      90    (-,-) 
  u_lsu/u_lsu_request/g916/z                            (u)     in_0->z R     unmapped_nand2         1  1.0     0     9      99    (-,-) 
  u_lsu/u_lsu_request/g810/z                            (u)     in_1->z F     unmapped_nand2         3  3.0     0    14     114    (-,-) 
  u_lsu/g6410/z                                         (u)     in_0->z R     unmapped_complex2      4  4.0     0    17     130    (-,-) 
  u_issue/u_pipe0_ctrl/g5527/z                          (u)     in_0->z R     unmapped_or2           2  2.0     0    12     142    (-,-) 
  u_issue/u_pipe0_ctrl/g6457/z                          (u)     in_1->z R     unmapped_or2           1  1.0     0     9     151    (-,-) 
  u_issue/u_pipe0_ctrl/g6957/z                          (u)     in_0->z F     unmapped_complex2      1  1.0     0     9     160    (-,-) 
  u_issue/u_pipe0_ctrl/g6938/z                          (u)     in_1->z R     unmapped_complex2      3  3.0     0    14     175    (-,-) 
  u_issue/g15192/z                                      (u)     in_0->z R     unmapped_or2           8  8.0     0    22     197    (-,-) 
  u_issue/g15847/z                                      (u)     in_0->z R     unmapped_or2           4  4.0     0    17     213    (-,-) 
  u_issue/g16779/z                                      (u)     in_0->z F     unmapped_nor2        120 11.0     0    34     248    (-,-) 
  u_issue/g15720/z                                      (u)     in_0->z F     unmapped_and2         34 34.0     0    34     282    (-,-) 
  u_issue/g38093/z                                      (u)     in_1->z F     unmapped_or2           2  2.0     0    12     294    (-,-) 
  u_issue/g37629/z                                      (u)     in_0->z F     unmapped_or2           5  5.0     0    19     312    (-,-) 
  u_issue/g37442/z                                      (u)     in_0->z F     unmapped_or2           2  2.0     0    12     324    (-,-) 
  u_issue/g37248/z                                      (u)     in_0->z F     unmapped_or2           1  1.0     0     9     333    (-,-) 
  u_issue/g37087/z                                      (u)     in_0->z R     unmapped_nand2         1  1.0     0     9     342    (-,-) 
  u_issue/g37041/z                                      (u)     in_0->z R     unmapped_complex2      3  3.0     0    14     357    (-,-) 
  u_issue/g36884/z                                      (u)     in_0->z R     unmapped_or2           3  3.0     0    14     371    (-,-) 
  u_issue/g36765/z                                      (u)     in_1->z R     unmapped_or2           2  2.0     0    12     383    (-,-) 
  u_issue/g36318/z                                      (u)     in_0->z R     unmapped_or2          32 32.0     0    34     416    (-,-) 
  u_issue/g35736/z                                      (u)     in_0->z R     unmapped_complex2      1  1.0     0     9     426    (-,-) 
  u_issue/g35231/z                                      (u)     in_1->z F     unmapped_nand2         1  1.0     0     9     435    (-,-) 
  u_issue/g34977/z                                      (u)     in_1->z F     unmapped_or2           1  1.0     0     9     444    (-,-) 
  u_issue/g34746/z                                      (u)     in_0->z F     unmapped_complex2      1  1.0     0     9     453    (-,-) 
  u_issue/g34657/z                                      (u)     in_1->z F     unmapped_or2          13 13.0     0    26     479    (-,-) 
  u_exec1/greater_than_signed_350_25:sub_285_12/g2490/z (u)     in_1->z R     unmapped_complex2      1  1.0     0     9     488    (-,-) 
  u_exec1/greater_than_signed_350_25:sub_285_12/g2448/z (u)     in_1->z F     unmapped_nand2         1  1.0     0     9     497    (-,-) 
  u_exec1/greater_than_signed_350_25:sub_285_12/g103/z  (u)     in_1->z R     unmapped_nand2         1  1.0     0     9     506    (-,-) 
  u_exec1/greater_than_signed_350_25:sub_285_12/g2401/z (u)     in_0->z F     unmapped_complex2      1  1.0     0     9     516    (-,-) 
  u_exec1/greater_than_signed_350_25:sub_285_12/g2390/z (u)     in_0->z R     unmapped_complex2      1  1.0     0     9     525    (-,-) 
  u_exec1/greater_than_signed_350_25:sub_285_12/g620/z  (u)     in_0->z F     unmapped_complex2      1  1.0     0     9     534    (-,-) 
  u_exec1/greater_than_signed_350_25:sub_285_12/g2385/z (u)     in_0->z R     unmapped_complex2      1  1.0     0     9     543    (-,-) 
  u_exec1/greater_than_signed_350_25:sub_285_12/g2381/z (u)     in_0->z F     unmapped_complex2      1  1.0     0     9     552    (-,-) 
  u_exec1/greater_than_signed_350_25:sub_285_12/g2379/z (u)     in_0->z R     unmapped_complex2      1  1.0     0     9     562    (-,-) 
  u_exec1/greater_than_signed_350_25:sub_285_12/g626/z  (u)     in_0->z F     unmapped_complex2      1  1.0     0     9     571    (-,-) 
  u_exec1/greater_than_signed_350_25:sub_285_12/g2377/z (u)     in_0->z R     unmapped_complex2      2  2.0     0    12     582    (-,-) 
  u_exec1/greater_than_signed_350_25:sub_285_12/g2375/z (u)     in_0->z R     unmapped_or2           1  1.0     0     9     592    (-,-) 
  u_exec1/greater_than_signed_350_25:sub_285_12/g2376/z (u)     in_1->z F     unmapped_nand2         1  1.0     0     9     601    (-,-) 
  u_exec1/g5393/z                                       (u)     in_0->z R     unmapped_nand2         1  1.0     0     9     610    (-,-) 
  u_exec1/g6376/z                                       (u)     in_0->z F     unmapped_complex2      1  1.0     0     9     619    (-,-) 
  u_exec1/g5939/z                                       (u)     in_1->z R     unmapped_complex2      1  1.0     0     9     628    (-,-) 
  u_exec1/g5935/z                                       (u)     in_1->z R     unmapped_or2           1  1.0     0     9     638    (-,-) 
  u_exec1/g5934/z                                       (u)     in_0->z F     unmapped_complex2      2  2.0     0    12     649    (-,-) 
  u_exec1/g5931/z                                       (u)     in_0->z R     unmapped_complex2      2  2.0     0    12     661    (-,-) 
  u_exec1/g5932/z                                       (u)     in_0->z F     unmapped_not           4  4.0     0    13     674    (-,-) 
  u_issue/g19850/z                                      (u)     in_0->z F     unmapped_or2           6  6.0     0    20     693    (-,-) 
  u_issue/g19390/z                                      (u)     in_0->z F     unmapped_complex2     32 32.0     0    34     727    (-,-) 
  u_issue/g18502/z                                      (u)     in_1->z F     unmapped_complex2      1  1.0     0     9     736    (-,-) 
  u_issue/g18497/z                                      (u)     in_1->z R     unmapped_nand2         1  1.0     0     9     746    (-,-) 
  u_issue/g18488/z                                      (u)     in_1->z R     unmapped_or2           1  1.0     0     9     755    (-,-) 
  u_issue/pc_x_q_reg[24]/d                              -       -       R     unmapped_d_flop        1    -     -     0     755    (-,-) 
#----------------------------------------------------------------------------------------------------------------------------------------

(u) : Net has unmapped pin(s).



Path 50: VIOLATED (-535 ps) Setup Check with Pin u_issue/pc_x_q_reg[23]/clk->d
          Group: clk
     Startpoint: (R) u_lsu/u_lsu_request/rd_ptr_q_reg[0]/clk
          Clock: (R) clk
       Endpoint: (R) u_issue/pc_x_q_reg[23]/d
          Clock: (R) clk

                     Capture       Launch     
        Clock Edge:+     250            0     
       Src Latency:+       0            0     
       Net Latency:+       0 (I)        0 (I) 
           Arrival:=     250            0     
                                              
             Setup:-       6                  
       Uncertainty:-      25                  
     Required Time:=     220                  
      Launch Clock:-       0                  
         Data Path:-     755                  
             Slack:=    -535                  

#----------------------------------------------------------------------------------------------------------------------------------------
#                     Timing Point                      Flags    Arc    Edge       Cell         Fanout Load Trans Delay Arrival Instance 
#                                                                                                      (fF)  (ps)  (ps)   (ps)  Location 
#----------------------------------------------------------------------------------------------------------------------------------------
  u_lsu/u_lsu_request/rd_ptr_q_reg[0]/clk               -       -       R     (arrival)           5356    -    12     0       0    (-,-) 
  u_lsu/u_lsu_request/rd_ptr_q_reg[0]/q                 (u)     clk->q  F     unmapped_d_flop       73 73.0     0    90      90    (-,-) 
  u_lsu/u_lsu_request/g916/z                            (u)     in_0->z R     unmapped_nand2         1  1.0     0     9      99    (-,-) 
  u_lsu/u_lsu_request/g810/z                            (u)     in_1->z F     unmapped_nand2         3  3.0     0    14     114    (-,-) 
  u_lsu/g6410/z                                         (u)     in_0->z R     unmapped_complex2      4  4.0     0    17     130    (-,-) 
  u_issue/u_pipe0_ctrl/g5527/z                          (u)     in_0->z R     unmapped_or2           2  2.0     0    12     142    (-,-) 
  u_issue/u_pipe0_ctrl/g6457/z                          (u)     in_1->z R     unmapped_or2           1  1.0     0     9     151    (-,-) 
  u_issue/u_pipe0_ctrl/g6957/z                          (u)     in_0->z F     unmapped_complex2      1  1.0     0     9     160    (-,-) 
  u_issue/u_pipe0_ctrl/g6938/z                          (u)     in_1->z R     unmapped_complex2      3  3.0     0    14     175    (-,-) 
  u_issue/g15192/z                                      (u)     in_0->z R     unmapped_or2           8  8.0     0    22     197    (-,-) 
  u_issue/g15847/z                                      (u)     in_0->z R     unmapped_or2           4  4.0     0    17     213    (-,-) 
  u_issue/g16779/z                                      (u)     in_0->z F     unmapped_nor2        120 11.0     0    34     248    (-,-) 
  u_issue/g15720/z                                      (u)     in_0->z F     unmapped_and2         34 34.0     0    34     282    (-,-) 
  u_issue/g38093/z                                      (u)     in_1->z F     unmapped_or2           2  2.0     0    12     294    (-,-) 
  u_issue/g37629/z                                      (u)     in_0->z F     unmapped_or2           5  5.0     0    19     312    (-,-) 
  u_issue/g37442/z                                      (u)     in_0->z F     unmapped_or2           2  2.0     0    12     324    (-,-) 
  u_issue/g37248/z                                      (u)     in_0->z F     unmapped_or2           1  1.0     0     9     333    (-,-) 
  u_issue/g37087/z                                      (u)     in_0->z R     unmapped_nand2         1  1.0     0     9     342    (-,-) 
  u_issue/g37041/z                                      (u)     in_0->z R     unmapped_complex2      3  3.0     0    14     357    (-,-) 
  u_issue/g36884/z                                      (u)     in_0->z R     unmapped_or2           3  3.0     0    14     371    (-,-) 
  u_issue/g36765/z                                      (u)     in_1->z R     unmapped_or2           2  2.0     0    12     383    (-,-) 
  u_issue/g36318/z                                      (u)     in_0->z R     unmapped_or2          32 32.0     0    34     416    (-,-) 
  u_issue/g35736/z                                      (u)     in_0->z R     unmapped_complex2      1  1.0     0     9     426    (-,-) 
  u_issue/g35231/z                                      (u)     in_1->z F     unmapped_nand2         1  1.0     0     9     435    (-,-) 
  u_issue/g34977/z                                      (u)     in_1->z F     unmapped_or2           1  1.0     0     9     444    (-,-) 
  u_issue/g34746/z                                      (u)     in_0->z F     unmapped_complex2      1  1.0     0     9     453    (-,-) 
  u_issue/g34657/z                                      (u)     in_1->z F     unmapped_or2          13 13.0     0    26     479    (-,-) 
  u_exec1/greater_than_signed_350_25:sub_285_12/g2490/z (u)     in_1->z R     unmapped_complex2      1  1.0     0     9     488    (-,-) 
  u_exec1/greater_than_signed_350_25:sub_285_12/g2448/z (u)     in_1->z F     unmapped_nand2         1  1.0     0     9     497    (-,-) 
  u_exec1/greater_than_signed_350_25:sub_285_12/g103/z  (u)     in_1->z R     unmapped_nand2         1  1.0     0     9     506    (-,-) 
  u_exec1/greater_than_signed_350_25:sub_285_12/g2401/z (u)     in_0->z F     unmapped_complex2      1  1.0     0     9     516    (-,-) 
  u_exec1/greater_than_signed_350_25:sub_285_12/g2390/z (u)     in_0->z R     unmapped_complex2      1  1.0     0     9     525    (-,-) 
  u_exec1/greater_than_signed_350_25:sub_285_12/g620/z  (u)     in_0->z F     unmapped_complex2      1  1.0     0     9     534    (-,-) 
  u_exec1/greater_than_signed_350_25:sub_285_12/g2385/z (u)     in_0->z R     unmapped_complex2      1  1.0     0     9     543    (-,-) 
  u_exec1/greater_than_signed_350_25:sub_285_12/g2381/z (u)     in_0->z F     unmapped_complex2      1  1.0     0     9     552    (-,-) 
  u_exec1/greater_than_signed_350_25:sub_285_12/g2379/z (u)     in_0->z R     unmapped_complex2      1  1.0     0     9     562    (-,-) 
  u_exec1/greater_than_signed_350_25:sub_285_12/g626/z  (u)     in_0->z F     unmapped_complex2      1  1.0     0     9     571    (-,-) 
  u_exec1/greater_than_signed_350_25:sub_285_12/g2377/z (u)     in_0->z R     unmapped_complex2      2  2.0     0    12     582    (-,-) 
  u_exec1/greater_than_signed_350_25:sub_285_12/g2375/z (u)     in_0->z R     unmapped_or2           1  1.0     0     9     592    (-,-) 
  u_exec1/greater_than_signed_350_25:sub_285_12/g2376/z (u)     in_1->z F     unmapped_nand2         1  1.0     0     9     601    (-,-) 
  u_exec1/g5393/z                                       (u)     in_0->z R     unmapped_nand2         1  1.0     0     9     610    (-,-) 
  u_exec1/g6376/z                                       (u)     in_0->z F     unmapped_complex2      1  1.0     0     9     619    (-,-) 
  u_exec1/g5939/z                                       (u)     in_1->z R     unmapped_complex2      1  1.0     0     9     628    (-,-) 
  u_exec1/g5935/z                                       (u)     in_1->z R     unmapped_or2           1  1.0     0     9     638    (-,-) 
  u_exec1/g5934/z                                       (u)     in_0->z F     unmapped_complex2      2  2.0     0    12     649    (-,-) 
  u_exec1/g5931/z                                       (u)     in_0->z R     unmapped_complex2      2  2.0     0    12     661    (-,-) 
  u_exec1/g5932/z                                       (u)     in_0->z F     unmapped_not           4  4.0     0    13     674    (-,-) 
  u_issue/g19850/z                                      (u)     in_0->z F     unmapped_or2           6  6.0     0    20     693    (-,-) 
  u_issue/g19390/z                                      (u)     in_0->z F     unmapped_complex2     32 32.0     0    34     727    (-,-) 
  u_issue/g18505/z                                      (u)     in_1->z F     unmapped_complex2      1  1.0     0     9     736    (-,-) 
  u_issue/g18503/z                                      (u)     in_1->z R     unmapped_nand2         1  1.0     0     9     746    (-,-) 
  u_issue/g18498/z                                      (u)     in_1->z R     unmapped_or2           1  1.0     0     9     755    (-,-) 
  u_issue/pc_x_q_reg[23]/d                              -       -       R     unmapped_d_flop        1    -     -     0     755    (-,-) 
#----------------------------------------------------------------------------------------------------------------------------------------

(u) : Net has unmapped pin(s).

