============================================================
  Generated by:           Genus(TM) Synthesis Solution 23.13-s073_1
  Generated on:           Dec 10 2025  09:30:45 am
  Module:                 riscv_core
  Operating conditions:   tt_1.0_25.0 (balanced_tree)
  Wireload mode:          enclosed
  Area mode:              timing library
============================================================


Path 1: VIOLATED (-450 ps) Setup Check with Pin u_frontend/u_npc/BRANCH_PREDICTION.ras_stack_q_reg[7][0]/CLK->D
          Group: clk
     Startpoint: (R) u_frontend/u_decode/genblk1.u_fifo/rd_ptr_q_reg[0]/CLK
          Clock: (R) clk
       Endpoint: (F) u_frontend/u_npc/BRANCH_PREDICTION.ras_stack_q_reg[7][0]/D
          Clock: (R) clk

                     Capture       Launch     
        Clock Edge:+     250            0     
       Src Latency:+       0            0     
       Net Latency:+       0 (I)        0 (I) 
           Arrival:=     250            0     
                                              
             Setup:-       8                  
       Uncertainty:-      25                  
     Required Time:=     217                  
      Launch Clock:-       0                  
         Data Path:-     666                  
             Slack:=    -450                  

#----------------------------------------------------------------------------------------------------------------------------------------------------
#                       Timing Point                         Flags    Arc    Edge           Cell            Fanout Load Trans Delay Arrival Instance 
#                                                                                                                  (fF)  (ps)  (ps)   (ps)  Location 
#----------------------------------------------------------------------------------------------------------------------------------------------------
  u_frontend/u_decode/genblk1.u_fifo/rd_ptr_q_reg[0]/CLK     -       -       R     (arrival)                  5356    -    12     0       0    (-,-) 
  u_frontend/u_decode/genblk1.u_fifo/rd_ptr_q_reg[0]/QN      -       CLK->QN R     ASYNC_DFFHx1_ASAP7_75t_R      1  1.3    18    43      43    (-,-) 
  u_frontend/u_decode/genblk1.u_fifo/fopt262/Y               -       A->Y    R     BUFx6f_ASAP7_75t_R            6  7.1    11    17      60    (-,-) 
  u_frontend/u_decode/genblk1.u_fifo/fopt238/Y               -       A->Y    F     INVx5_ASAP7_75t_R             8  7.2    10     8      68    (-,-) 
  u_frontend/u_decode/genblk1.u_fifo/fopt213/Y               -       A->Y    F     BUFx6f_ASAP7_75t_R            9  5.3     8    15      83    (-,-) 
  u_frontend/u_decode/genblk1.u_fifo/g6385/Y                 -       A1->Y   R     OAI21xp5_ASAP7_75t_R          3  1.6    23    14      97    (-,-) 
  u_issue/g40520/Y                                           -       A->Y    F     INVx1_ASAP7_75t_R             1  0.6     8     7     104    (-,-) 
  u_issue/g40477/Y                                           -       B2->Y   R     AOI22xp5_ASAP7_75t_R          1  0.6    17    10     115    (-,-) 
  u_issue/g40445/Y                                           -       B->Y    F     NAND2xp5_ASAP7_75t_R          1  1.1    16    13     128    (-,-) 
  u_issue/g40442/Y                                           -       B->Y    R     NOR2x1_ASAP7_75t_R            1  1.6    17    13     141    (-,-) 
  u_issue/g40433/Y                                           -       A->Y    F     NAND2x1p5_ASAP7_75t_R         2  1.9    12    10     151    (-,-) 
  u_issue/g40428/Y                                           -       B->Y    F     OR2x2_ASAP7_75t_R             3  2.8    13    24     174    (-,-) 
  u_issue/g40427/Y                                           -       A->Y    R     INVxp67_ASAP7_75t_R           1  0.6     9     8     182    (-,-) 
  u_issue/g40426/Y                                           -       B->Y    F     NAND2xp5_ASAP7_75t_R          2  1.5    21    12     195    (-,-) 
  u_issue/g71475/Y                                           -       A1->Y   F     AO31x2_ASAP7_75t_R            3  3.2    12    19     214    (-,-) 
  u_frontend/u_fetch/g6349/Y                                 -       A->Y    R     INVx4_ASAP7_75t_R             3  5.2    11     9     222    (-,-) 
  u_frontend/u_fetch/g6322/Y                                 -       A->Y    F     INVx4_ASAP7_75t_R             4  3.7     8     6     229    (-,-) 
  u_frontend/u_fetch/g6362/Y                                 -       A2->Y   F     OA21x2_ASAP7_75t_R            2  2.0    10    18     247    (-,-) 
  u_frontend/u_fetch/g6119/Y                                 -       A->Y    F     BUFx6f_ASAP7_75t_R           16  9.4    11    17     264    (-,-) 
  u_frontend/u_fetch/g6085/Y                                 -       B2->Y   F     OA22x2_ASAP7_75t_R            1  2.6    12    23     287    (-,-) 
  u_frontend/u_fetch/fopt6542/Y                              -       A->Y    R     INVx4_ASAP7_75t_R            20 12.6    21    14     301    (-,-) 
  u_frontend/u_npc/fopt282152/Y                              -       A->Y    F     INVx2_ASAP7_75t_R             5  3.3    13    11     311    (-,-) 
  u_frontend/u_npc/fopt282151/Y                              -       A->Y    R     INVx2_ASAP7_75t_R             3  2.6    11     9     320    (-,-) 
  u_frontend/u_npc/fopt282149/Y                              -       A->Y    F     INVx1_ASAP7_75t_R             4  2.8    16    11     332    (-,-) 
  u_frontend/u_npc/g277841/Y                                 -       B2->Y   R     OAI22xp5_ASAP7_75t_R          1  0.5    18    13     344    (-,-) 
  u_frontend/u_npc/g276632/Y                                 -       B->Y    F     NOR3xp33_ASAP7_75t_R          1  1.2    17    14     358    (-,-) 
  u_frontend/u_npc/g276253/Y                                 -       C->Y    R     NAND3x1_ASAP7_75t_R           2  2.3    28    22     380    (-,-) 
  u_frontend/u_npc/g276195/Y                                 -       A->Y    F     INVx1_ASAP7_75t_R             1  1.6    14    12     392    (-,-) 
  u_frontend/u_npc/g276064/Y                                 -       A->Y    R     NAND4xp75_ASAP7_75t_R         2  1.1    16    10     401    (-,-) 
  u_frontend/u_npc/g275901/Y                                 -       B->Y    F     NAND2xp5_ASAP7_75t_R          2  1.1    16    13     414    (-,-) 
  u_frontend/u_npc/g275850/Y                                 -       B->Y    F     OR2x2_ASAP7_75t_R             3  2.7    13    25     438    (-,-) 
  u_frontend/u_npc/g275817/Y                                 -       B->Y    R     NOR2x1p5_ASAP7_75t_R          2  0.9    10     9     447    (-,-) 
  u_frontend/u_npc/fopt281753/Y                              -       A->Y    R     HB1xp67_ASAP7_75t_R           2  0.9    11    16     463    (-,-) 
  u_frontend/u_npc/g275739/Y                                 -       A->Y    F     NAND3xp33_ASAP7_75t_R         2  1.3    27    16     479    (-,-) 
  u_frontend/u_npc/g275708/Y                                 -       B->Y    R     NOR2xp67_ASAP7_75t_R          2  1.1    20    16     494    (-,-) 
  u_frontend/u_npc/g275694/Y                                 -       B->Y    F     NAND2xp5_ASAP7_75t_R          1  0.6    13    11     505    (-,-) 
  u_frontend/u_npc/g275606/Y                                 -       A1->Y   R     OAI21xp5_ASAP7_75t_R          4  2.2    30    18     524    (-,-) 
  u_frontend/u_npc/g275596/Y                                 -       A->Y    F     INVx1_ASAP7_75t_R             1  1.2    13    10     534    (-,-) 
  u_frontend/u_npc/g275561/Y                                 -       C->Y    R     NAND3x1_ASAP7_75t_R           2  1.6    22    18     552    (-,-) 
  u_frontend/u_npc/g275530/Y                                 -       B->Y    F     NOR2x1_ASAP7_75t_R            1  1.5    14    14     566    (-,-) 
  u_frontend/u_npc/g275520/Y                                 -       C->Y    R     NAND4xp75_ASAP7_75t_R         3  1.5    18    13     578    (-,-) 
  u_frontend/u_npc/g275513/Y                                 -       B->Y    F     NAND2xp5_ASAP7_75t_R          2  0.9    15    12     590    (-,-) 
  u_frontend/u_npc/g230632/Y                                 -       A->Y    F     AND2x2_ASAP7_75t_R            2  1.1     8    20     610    (-,-) 
  u_frontend/u_npc/g226913/Y                                 -       A1->Y   R     AOI21xp5_ASAP7_75t_R          1  0.6    14     9     619    (-,-) 
  u_frontend/u_npc/g226901/Y                                 -       B->Y    R     OA21x2_ASAP7_75t_R            3  2.5    12    20     638    (-,-) 
  u_frontend/u_npc/fopt282836/Y                              -       A->Y    F     INVx2_ASAP7_75t_R             3  1.7     7     6     644    (-,-) 
  u_frontend/u_npc/g226860/Y                                 -       B->Y    R     NAND2xp5_ASAP7_75t_R          2  1.0    16    10     654    (-,-) 
  u_frontend/u_npc/g226724/Y                                 -       A1->Y   F     OAI21xp33_ASAP7_75t_R         1  0.6    15    12     666    (-,-) 
  u_frontend/u_npc/BRANCH_PREDICTION.ras_stack_q_reg[7][0]/D -       -       F     ASYNC_DFFHx1_ASAP7_75t_R      1    -     -     0     666    (-,-) 
#----------------------------------------------------------------------------------------------------------------------------------------------------



Path 2: VIOLATED (-450 ps) Setup Check with Pin u_frontend/u_npc/BRANCH_PREDICTION.ras_stack_q_reg[6][0]/CLK->D
          Group: clk
     Startpoint: (R) u_frontend/u_decode/genblk1.u_fifo/rd_ptr_q_reg[0]/CLK
          Clock: (R) clk
       Endpoint: (F) u_frontend/u_npc/BRANCH_PREDICTION.ras_stack_q_reg[6][0]/D
          Clock: (R) clk

                     Capture       Launch     
        Clock Edge:+     250            0     
       Src Latency:+       0            0     
       Net Latency:+       0 (I)        0 (I) 
           Arrival:=     250            0     
                                              
             Setup:-       8                  
       Uncertainty:-      25                  
     Required Time:=     217                  
      Launch Clock:-       0                  
         Data Path:-     666                  
             Slack:=    -450                  

#----------------------------------------------------------------------------------------------------------------------------------------------------
#                       Timing Point                         Flags    Arc    Edge           Cell            Fanout Load Trans Delay Arrival Instance 
#                                                                                                                  (fF)  (ps)  (ps)   (ps)  Location 
#----------------------------------------------------------------------------------------------------------------------------------------------------
  u_frontend/u_decode/genblk1.u_fifo/rd_ptr_q_reg[0]/CLK     -       -       R     (arrival)                  5356    -    12     0       0    (-,-) 
  u_frontend/u_decode/genblk1.u_fifo/rd_ptr_q_reg[0]/QN      -       CLK->QN R     ASYNC_DFFHx1_ASAP7_75t_R      1  1.3    18    43      43    (-,-) 
  u_frontend/u_decode/genblk1.u_fifo/fopt262/Y               -       A->Y    R     BUFx6f_ASAP7_75t_R            6  7.1    11    17      60    (-,-) 
  u_frontend/u_decode/genblk1.u_fifo/fopt238/Y               -       A->Y    F     INVx5_ASAP7_75t_R             8  7.2    10     8      68    (-,-) 
  u_frontend/u_decode/genblk1.u_fifo/fopt213/Y               -       A->Y    F     BUFx6f_ASAP7_75t_R            9  5.3     8    15      83    (-,-) 
  u_frontend/u_decode/genblk1.u_fifo/g6385/Y                 -       A1->Y   R     OAI21xp5_ASAP7_75t_R          3  1.6    23    14      97    (-,-) 
  u_issue/g40520/Y                                           -       A->Y    F     INVx1_ASAP7_75t_R             1  0.6     8     7     104    (-,-) 
  u_issue/g40477/Y                                           -       B2->Y   R     AOI22xp5_ASAP7_75t_R          1  0.6    17    10     115    (-,-) 
  u_issue/g40445/Y                                           -       B->Y    F     NAND2xp5_ASAP7_75t_R          1  1.1    16    13     128    (-,-) 
  u_issue/g40442/Y                                           -       B->Y    R     NOR2x1_ASAP7_75t_R            1  1.6    17    13     141    (-,-) 
  u_issue/g40433/Y                                           -       A->Y    F     NAND2x1p5_ASAP7_75t_R         2  1.9    12    10     151    (-,-) 
  u_issue/g40428/Y                                           -       B->Y    F     OR2x2_ASAP7_75t_R             3  2.8    13    24     174    (-,-) 
  u_issue/g40427/Y                                           -       A->Y    R     INVxp67_ASAP7_75t_R           1  0.6     9     8     182    (-,-) 
  u_issue/g40426/Y                                           -       B->Y    F     NAND2xp5_ASAP7_75t_R          2  1.5    21    12     195    (-,-) 
  u_issue/g71475/Y                                           -       A1->Y   F     AO31x2_ASAP7_75t_R            3  3.2    12    19     214    (-,-) 
  u_frontend/u_fetch/g6349/Y                                 -       A->Y    R     INVx4_ASAP7_75t_R             3  5.2    11     9     222    (-,-) 
  u_frontend/u_fetch/g6322/Y                                 -       A->Y    F     INVx4_ASAP7_75t_R             4  3.7     8     6     229    (-,-) 
  u_frontend/u_fetch/g6362/Y                                 -       A2->Y   F     OA21x2_ASAP7_75t_R            2  2.0    10    18     247    (-,-) 
  u_frontend/u_fetch/g6119/Y                                 -       A->Y    F     BUFx6f_ASAP7_75t_R           16  9.4    11    17     264    (-,-) 
  u_frontend/u_fetch/g6085/Y                                 -       B2->Y   F     OA22x2_ASAP7_75t_R            1  2.6    12    23     287    (-,-) 
  u_frontend/u_fetch/fopt6542/Y                              -       A->Y    R     INVx4_ASAP7_75t_R            20 12.6    21    14     301    (-,-) 
  u_frontend/u_npc/fopt282152/Y                              -       A->Y    F     INVx2_ASAP7_75t_R             5  3.3    13    11     311    (-,-) 
  u_frontend/u_npc/fopt282151/Y                              -       A->Y    R     INVx2_ASAP7_75t_R             3  2.6    11     9     320    (-,-) 
  u_frontend/u_npc/fopt282149/Y                              -       A->Y    F     INVx1_ASAP7_75t_R             4  2.8    16    11     332    (-,-) 
  u_frontend/u_npc/g277841/Y                                 -       B2->Y   R     OAI22xp5_ASAP7_75t_R          1  0.5    18    13     344    (-,-) 
  u_frontend/u_npc/g276632/Y                                 -       B->Y    F     NOR3xp33_ASAP7_75t_R          1  1.2    17    14     358    (-,-) 
  u_frontend/u_npc/g276253/Y                                 -       C->Y    R     NAND3x1_ASAP7_75t_R           2  2.3    28    22     380    (-,-) 
  u_frontend/u_npc/g276195/Y                                 -       A->Y    F     INVx1_ASAP7_75t_R             1  1.6    14    12     392    (-,-) 
  u_frontend/u_npc/g276064/Y                                 -       A->Y    R     NAND4xp75_ASAP7_75t_R         2  1.1    16    10     401    (-,-) 
  u_frontend/u_npc/g275901/Y                                 -       B->Y    F     NAND2xp5_ASAP7_75t_R          2  1.1    16    13     414    (-,-) 
  u_frontend/u_npc/g275850/Y                                 -       B->Y    F     OR2x2_ASAP7_75t_R             3  2.7    13    25     438    (-,-) 
  u_frontend/u_npc/g275817/Y                                 -       B->Y    R     NOR2x1p5_ASAP7_75t_R          2  0.9    10     9     447    (-,-) 
  u_frontend/u_npc/fopt281753/Y                              -       A->Y    R     HB1xp67_ASAP7_75t_R           2  0.9    11    16     463    (-,-) 
  u_frontend/u_npc/g275739/Y                                 -       A->Y    F     NAND3xp33_ASAP7_75t_R         2  1.3    27    16     479    (-,-) 
  u_frontend/u_npc/g275708/Y                                 -       B->Y    R     NOR2xp67_ASAP7_75t_R          2  1.1    20    16     494    (-,-) 
  u_frontend/u_npc/g275694/Y                                 -       B->Y    F     NAND2xp5_ASAP7_75t_R          1  0.6    13    11     505    (-,-) 
  u_frontend/u_npc/g275606/Y                                 -       A1->Y   R     OAI21xp5_ASAP7_75t_R          4  2.2    30    18     524    (-,-) 
  u_frontend/u_npc/g275596/Y                                 -       A->Y    F     INVx1_ASAP7_75t_R             1  1.2    13    10     534    (-,-) 
  u_frontend/u_npc/g275561/Y                                 -       C->Y    R     NAND3x1_ASAP7_75t_R           2  1.6    22    18     552    (-,-) 
  u_frontend/u_npc/g275530/Y                                 -       B->Y    F     NOR2x1_ASAP7_75t_R            1  1.5    14    14     566    (-,-) 
  u_frontend/u_npc/g275520/Y                                 -       C->Y    R     NAND4xp75_ASAP7_75t_R         3  1.5    18    13     578    (-,-) 
  u_frontend/u_npc/g275513/Y                                 -       B->Y    F     NAND2xp5_ASAP7_75t_R          2  0.9    15    12     590    (-,-) 
  u_frontend/u_npc/g230632/Y                                 -       A->Y    F     AND2x2_ASAP7_75t_R            2  1.1     8    20     610    (-,-) 
  u_frontend/u_npc/g226913/Y                                 -       A1->Y   R     AOI21xp5_ASAP7_75t_R          1  0.6    14     9     619    (-,-) 
  u_frontend/u_npc/g226901/Y                                 -       B->Y    R     OA21x2_ASAP7_75t_R            3  2.5    12    20     638    (-,-) 
  u_frontend/u_npc/fopt282836/Y                              -       A->Y    F     INVx2_ASAP7_75t_R             3  1.7     7     6     644    (-,-) 
  u_frontend/u_npc/g226857/Y                                 -       B->Y    R     NAND2xp5_ASAP7_75t_R          2  1.1    17    10     655    (-,-) 
  u_frontend/u_npc/g226723/Y                                 -       A2->Y   F     OAI21xp33_ASAP7_75t_R         1  0.6    15    11     666    (-,-) 
  u_frontend/u_npc/BRANCH_PREDICTION.ras_stack_q_reg[6][0]/D -       -       F     ASYNC_DFFHx1_ASAP7_75t_R      1    -     -     0     666    (-,-) 
#----------------------------------------------------------------------------------------------------------------------------------------------------



Path 3: VIOLATED (-449 ps) Setup Check with Pin u_frontend/u_npc/BRANCH_PREDICTION.ras_stack_q_reg[3][0]/CLK->D
          Group: clk
     Startpoint: (R) u_frontend/u_decode/genblk1.u_fifo/rd_ptr_q_reg[0]/CLK
          Clock: (R) clk
       Endpoint: (F) u_frontend/u_npc/BRANCH_PREDICTION.ras_stack_q_reg[3][0]/D
          Clock: (R) clk

                     Capture       Launch     
        Clock Edge:+     250            0     
       Src Latency:+       0            0     
       Net Latency:+       0 (I)        0 (I) 
           Arrival:=     250            0     
                                              
             Setup:-       8                  
       Uncertainty:-      25                  
     Required Time:=     217                  
      Launch Clock:-       0                  
         Data Path:-     666                  
             Slack:=    -449                  

#----------------------------------------------------------------------------------------------------------------------------------------------------
#                       Timing Point                         Flags    Arc    Edge           Cell            Fanout Load Trans Delay Arrival Instance 
#                                                                                                                  (fF)  (ps)  (ps)   (ps)  Location 
#----------------------------------------------------------------------------------------------------------------------------------------------------
  u_frontend/u_decode/genblk1.u_fifo/rd_ptr_q_reg[0]/CLK     -       -       R     (arrival)                  5356    -    12     0       0    (-,-) 
  u_frontend/u_decode/genblk1.u_fifo/rd_ptr_q_reg[0]/QN      -       CLK->QN F     ASYNC_DFFHx1_ASAP7_75t_R      1  1.3    17    41      41    (-,-) 
  u_frontend/u_decode/genblk1.u_fifo/fopt262/Y               -       A->Y    F     BUFx6f_ASAP7_75t_R            6  7.1    10    18      58    (-,-) 
  u_frontend/u_decode/genblk1.u_fifo/fopt174/Y               -       A->Y    F     BUFx3_ASAP7_75t_R             3  2.5     8    15      73    (-,-) 
  u_frontend/u_decode/genblk1.u_fifo/g6498/Y                 -       B->Y    R     NAND2xp5_ASAP7_75t_R          1  0.6    13     8      82    (-,-) 
  u_frontend/u_decode/genblk1.u_fifo/g6411/Y                 -       B->Y    F     OAI21xp5_ASAP7_75t_R          3  1.6    19    13      95    (-,-) 
  u_issue/g40562/Y                                           -       A->Y    R     INVx1_ASAP7_75t_R             1  0.6     9     8     103    (-,-) 
  u_issue/g40464/Y                                           -       B1->Y   F     AOI22xp5_ASAP7_75t_R          1  1.0    19     9     112    (-,-) 
  u_issue/g40446/Y                                           -       A->Y    R     NAND2x1_ASAP7_75t_R           1  1.1    16    15     127    (-,-) 
  u_issue/g40443/Y                                           -       B->Y    F     NOR2x1_ASAP7_75t_R            1  1.6    15    12     139    (-,-) 
  u_issue/g40433/Y                                           -       B->Y    R     NAND2x1p5_ASAP7_75t_R         2  1.9    15    11     151    (-,-) 
  u_issue/g40428/Y                                           -       B->Y    R     OR2x2_ASAP7_75t_R             3  2.8    14    21     171    (-,-) 
  u_issue/g40590/Y                                           -       A->Y    F     INVx1_ASAP7_75t_R             1  1.4    10     9     180    (-,-) 
  u_issue/g40581/Y                                           -       A->Y    R     NAND3x1_ASAP7_75t_R           2  1.5    21    12     192    (-,-) 
  u_issue/g71475/Y                                           -       A2->Y   R     AO31x2_ASAP7_75t_R            3  3.2    17    22     214    (-,-) 
  u_frontend/u_fetch/g6349/Y                                 -       A->Y    F     INVx4_ASAP7_75t_R             3  5.2    11     9     223    (-,-) 
  u_frontend/u_fetch/g6322/Y                                 -       A->Y    R     INVx4_ASAP7_75t_R             4  3.7     8     7     230    (-,-) 
  u_frontend/u_fetch/g6125_0/Y                               -       A2->Y   R     OA21x2_ASAP7_75t_R            2  1.4     9    16     246    (-,-) 
  u_frontend/u_fetch/g6121/Y                                 -       A->Y    R     BUFx3_ASAP7_75t_R            10  5.4    14    17     264    (-,-) 
  u_frontend/u_fetch/g6115/Y                                 -       A2->Y   R     AO22x1_ASAP7_75t_R            4  2.4    19    24     287    (-,-) 
  u_frontend/u_npc/fopt282809/Y                              -       A->Y    R     BUFx3_ASAP7_75t_R             4  5.3    14    20     307    (-,-) 
  u_frontend/u_npc/fopt282805/Y                              -       A->Y    F     INVx4_ASAP7_75t_R             5  3.1     7     6     313    (-,-) 
  u_frontend/u_npc/fopt282795/Y                              -       A->Y    R     INVx1_ASAP7_75t_R             2  1.3    10     8     321    (-,-) 
  u_frontend/u_npc/fopt282794/Y                              -       A->Y    F     INVx1_ASAP7_75t_R             2  1.1     8     7     328    (-,-) 
  u_frontend/u_npc/g277359/Y                                 -       B2->Y   R     AOI221xp5_ASAP7_75t_R         1  0.6    24    14     341    (-,-) 
  u_frontend/u_npc/g276425/Y                                 -       C->Y    R     AND4x1_ASAP7_75t_R            1  0.5    11    27     368    (-,-) 
  u_frontend/u_npc/g276199/Y                                 -       A->Y    F     NAND2xp5_ASAP7_75t_R          1  1.1    15    11     379    (-,-) 
  u_frontend/u_npc/g276138/Y                                 -       A->Y    R     NOR2x1_ASAP7_75t_R            3  2.0    21    15     394    (-,-) 
  u_frontend/u_npc/g276004/Y                                 -       B->Y    F     NAND2x1_ASAP7_75t_R           3  1.6    14    12     406    (-,-) 
  u_frontend/u_npc/g275832/Y                                 -       B->Y    R     NAND2xp5_ASAP7_75t_R          1  1.3    19    14     419    (-,-) 
  u_frontend/u_npc/g275781/Y                                 -       B->Y    F     NOR3x1_ASAP7_75t_R            1  1.6    20    16     435    (-,-) 
  u_frontend/u_npc/g275748/Y                                 -       B->Y    R     NAND2x1p5_ASAP7_75t_R         1  2.2    16    14     449    (-,-) 
  u_frontend/u_npc/g275733/Y                                 -       B->Y    F     NOR2x2_ASAP7_75t_R            8  4.9    20    15     464    (-,-) 
  u_frontend/u_npc/g275724/Y                                 -       B->Y    F     AND2x2_ASAP7_75t_R            6  3.7    14    25     488    (-,-) 
  u_frontend/u_npc/g275666/Y                                 -       A1->Y   R     AOI21xp5_ASAP7_75t_R          3  1.8    27    16     505    (-,-) 
  u_frontend/u_npc/g275649/Y                                 -       A->Y    F     INVx1_ASAP7_75t_R             2  1.0    11     9     514    (-,-) 
  u_frontend/u_npc/g230776/Y                                 -       A2->Y   R     AOI22xp33_ASAP7_75t_R         1  0.6    19    13     527    (-,-) 
  u_frontend/u_npc/g230640/Y                                 -       C->Y    R     AND4x1_ASAP7_75t_R            1  1.1    15    29     556    (-,-) 
  u_frontend/u_npc/g230614/Y                                 -       A->Y    F     NAND2x1_ASAP7_75t_R           1  1.1    11     9     566    (-,-) 
  u_frontend/u_npc/g230299/Y                                 -       B->Y    R     NOR2x1_ASAP7_75t_R            1  1.4    17    11     576    (-,-) 
  u_frontend/u_npc/g230018/Y                                 -       B->Y    F     OAI21x1_ASAP7_75t_R           3  2.2    16    13     589    (-,-) 
  u_frontend/u_npc/g228467/Y                                 -       A->Y    R     NAND2xp5_ASAP7_75t_R          2  1.7    23    17     606    (-,-) 
  u_frontend/u_npc/g226915/Y                                 -       A2->Y   F     AOI21xp33_ASAP7_75t_R         1  0.4    13    10     616    (-,-) 
  u_frontend/u_npc/g226902/Y                                 -       B->Y    F     OA211x2_ASAP7_75t_R           6  3.7    17    32     649    (-,-) 
  u_frontend/u_npc/g226899/Y                                 -       A->Y    R     INVx2_ASAP7_75t_R             4  2.4    11    10     658    (-,-) 
  u_frontend/u_npc/g226720/Y                                 -       A2->Y   F     OAI21xp5_ASAP7_75t_R          1  0.6    13     8     666    (-,-) 
  u_frontend/u_npc/BRANCH_PREDICTION.ras_stack_q_reg[3][0]/D -       -       F     ASYNC_DFFHx1_ASAP7_75t_R      1    -     -     0     666    (-,-) 
#----------------------------------------------------------------------------------------------------------------------------------------------------



Path 4: VIOLATED (-449 ps) Setup Check with Pin u_frontend/u_npc/BRANCH_PREDICTION.ras_stack_q_reg[2][0]/CLK->D
          Group: clk
     Startpoint: (R) u_frontend/u_decode/genblk1.u_fifo/rd_ptr_q_reg[0]/CLK
          Clock: (R) clk
       Endpoint: (R) u_frontend/u_npc/BRANCH_PREDICTION.ras_stack_q_reg[2][0]/D
          Clock: (R) clk

                     Capture       Launch     
        Clock Edge:+     250            0     
       Src Latency:+       0            0     
       Net Latency:+       0 (I)        0 (I) 
           Arrival:=     250            0     
                                              
             Setup:-       9                  
       Uncertainty:-      25                  
     Required Time:=     216                  
      Launch Clock:-       0                  
         Data Path:-     666                  
             Slack:=    -449                  

#----------------------------------------------------------------------------------------------------------------------------------------------------
#                       Timing Point                         Flags    Arc    Edge           Cell            Fanout Load Trans Delay Arrival Instance 
#                                                                                                                  (fF)  (ps)  (ps)   (ps)  Location 
#----------------------------------------------------------------------------------------------------------------------------------------------------
  u_frontend/u_decode/genblk1.u_fifo/rd_ptr_q_reg[0]/CLK     -       -       R     (arrival)                  5356    -    12     0       0    (-,-) 
  u_frontend/u_decode/genblk1.u_fifo/rd_ptr_q_reg[0]/QN      -       CLK->QN R     ASYNC_DFFHx1_ASAP7_75t_R      1  1.3    18    43      43    (-,-) 
  u_frontend/u_decode/genblk1.u_fifo/fopt262/Y               -       A->Y    R     BUFx6f_ASAP7_75t_R            6  7.1    11    17      60    (-,-) 
  u_frontend/u_decode/genblk1.u_fifo/fopt238/Y               -       A->Y    F     INVx5_ASAP7_75t_R             8  7.2    10     8      68    (-,-) 
  u_frontend/u_decode/genblk1.u_fifo/fopt213/Y               -       A->Y    F     BUFx6f_ASAP7_75t_R            9  5.3     8    15      83    (-,-) 
  u_frontend/u_decode/genblk1.u_fifo/g6385/Y                 -       A1->Y   R     OAI21xp5_ASAP7_75t_R          3  1.6    23    14      97    (-,-) 
  u_issue/g40520/Y                                           -       A->Y    F     INVx1_ASAP7_75t_R             1  0.6     8     7     104    (-,-) 
  u_issue/g40477/Y                                           -       B2->Y   R     AOI22xp5_ASAP7_75t_R          1  0.6    17    10     115    (-,-) 
  u_issue/g40445/Y                                           -       B->Y    F     NAND2xp5_ASAP7_75t_R          1  1.1    16    13     128    (-,-) 
  u_issue/g40442/Y                                           -       B->Y    R     NOR2x1_ASAP7_75t_R            1  1.6    17    13     141    (-,-) 
  u_issue/g40433/Y                                           -       A->Y    F     NAND2x1p5_ASAP7_75t_R         2  1.9    12    10     151    (-,-) 
  u_issue/g40428/Y                                           -       B->Y    F     OR2x2_ASAP7_75t_R             3  2.8    13    24     174    (-,-) 
  u_issue/g40427/Y                                           -       A->Y    R     INVxp67_ASAP7_75t_R           1  0.6     9     8     182    (-,-) 
  u_issue/g40426/Y                                           -       B->Y    F     NAND2xp5_ASAP7_75t_R          2  1.5    21    12     195    (-,-) 
  u_issue/g71475/Y                                           -       A1->Y   F     AO31x2_ASAP7_75t_R            3  3.2    12    19     214    (-,-) 
  u_frontend/u_fetch/g6349/Y                                 -       A->Y    R     INVx4_ASAP7_75t_R             3  5.2    11     9     222    (-,-) 
  u_frontend/u_fetch/g6322/Y                                 -       A->Y    F     INVx4_ASAP7_75t_R             4  3.7     8     6     229    (-,-) 
  u_frontend/u_fetch/g6362/Y                                 -       A2->Y   F     OA21x2_ASAP7_75t_R            2  2.0    10    18     247    (-,-) 
  u_frontend/u_fetch/g6119/Y                                 -       A->Y    F     BUFx6f_ASAP7_75t_R           16  9.4    11    17     264    (-,-) 
  u_frontend/u_fetch/g6085/Y                                 -       B2->Y   F     OA22x2_ASAP7_75t_R            1  2.6    12    23     287    (-,-) 
  u_frontend/u_fetch/fopt6542/Y                              -       A->Y    R     INVx4_ASAP7_75t_R            20 12.6    21    14     301    (-,-) 
  u_frontend/u_npc/fopt282152/Y                              -       A->Y    F     INVx2_ASAP7_75t_R             5  3.3    13    11     311    (-,-) 
  u_frontend/u_npc/fopt282151/Y                              -       A->Y    R     INVx2_ASAP7_75t_R             3  2.6    11     9     320    (-,-) 
  u_frontend/u_npc/fopt282149/Y                              -       A->Y    F     INVx1_ASAP7_75t_R             4  2.8    16    11     332    (-,-) 
  u_frontend/u_npc/g277841/Y                                 -       B2->Y   R     OAI22xp5_ASAP7_75t_R          1  0.5    18    13     344    (-,-) 
  u_frontend/u_npc/g276632/Y                                 -       B->Y    F     NOR3xp33_ASAP7_75t_R          1  1.2    17    14     358    (-,-) 
  u_frontend/u_npc/g276253/Y                                 -       C->Y    R     NAND3x1_ASAP7_75t_R           2  2.3    28    22     380    (-,-) 
  u_frontend/u_npc/g276195/Y                                 -       A->Y    F     INVx1_ASAP7_75t_R             1  1.6    14    12     392    (-,-) 
  u_frontend/u_npc/g276064/Y                                 -       A->Y    R     NAND4xp75_ASAP7_75t_R         2  1.1    16    10     401    (-,-) 
  u_frontend/u_npc/g275901/Y                                 -       B->Y    F     NAND2xp5_ASAP7_75t_R          2  1.1    16    13     414    (-,-) 
  u_frontend/u_npc/g275850/Y                                 -       B->Y    F     OR2x2_ASAP7_75t_R             3  2.7    13    25     438    (-,-) 
  u_frontend/u_npc/g275817/Y                                 -       B->Y    R     NOR2x1p5_ASAP7_75t_R          2  0.9    10     9     447    (-,-) 
  u_frontend/u_npc/fopt281753/Y                              -       A->Y    R     HB1xp67_ASAP7_75t_R           2  0.9    11    16     463    (-,-) 
  u_frontend/u_npc/g275739/Y                                 -       A->Y    F     NAND3xp33_ASAP7_75t_R         2  1.3    27    16     479    (-,-) 
  u_frontend/u_npc/g275708/Y                                 -       B->Y    R     NOR2xp67_ASAP7_75t_R          2  1.1    20    16     494    (-,-) 
  u_frontend/u_npc/g275694/Y                                 -       B->Y    F     NAND2xp5_ASAP7_75t_R          1  0.6    13    11     505    (-,-) 
  u_frontend/u_npc/g275606/Y                                 -       A1->Y   R     OAI21xp5_ASAP7_75t_R          4  2.2    30    18     524    (-,-) 
  u_frontend/u_npc/g275596/Y                                 -       A->Y    F     INVx1_ASAP7_75t_R             1  1.2    13    10     534    (-,-) 
  u_frontend/u_npc/g275561/Y                                 -       C->Y    R     NAND3x1_ASAP7_75t_R           2  1.6    22    18     552    (-,-) 
  u_frontend/u_npc/g275530/Y                                 -       B->Y    F     NOR2x1_ASAP7_75t_R            1  1.5    14    14     566    (-,-) 
  u_frontend/u_npc/g275520/Y                                 -       C->Y    R     NAND4xp75_ASAP7_75t_R         3  1.5    18    13     578    (-,-) 
  u_frontend/u_npc/g275513/Y                                 -       B->Y    F     NAND2xp5_ASAP7_75t_R          2  0.9    15    12     590    (-,-) 
  u_frontend/u_npc/g230632/Y                                 -       A->Y    F     AND2x2_ASAP7_75t_R            2  1.1     8    20     610    (-,-) 
  u_frontend/u_npc/g228465/Y                                 -       A->Y    R     NAND2xp5_ASAP7_75t_R          2  1.1    16    11     621    (-,-) 
  u_frontend/u_npc/g226902/Y                                 -       A1->Y   R     OA211x2_ASAP7_75t_R           6  3.7    17    26     648    (-,-) 
  u_frontend/u_npc/g226899/Y                                 -       A->Y    F     INVx2_ASAP7_75t_R             4  2.4    10     8     656    (-,-) 
  u_frontend/u_npc/g226719/Y                                 -       A2->Y   R     OAI21xp5_ASAP7_75t_R          1  0.6    13    10     666    (-,-) 
  u_frontend/u_npc/BRANCH_PREDICTION.ras_stack_q_reg[2][0]/D -       -       R     ASYNC_DFFHx1_ASAP7_75t_R      1    -     -     0     666    (-,-) 
#----------------------------------------------------------------------------------------------------------------------------------------------------



Path 5: VIOLATED (-449 ps) Setup Check with Pin u_frontend/u_npc/BRANCH_PREDICTION.ras_stack_q_reg[1][0]/CLK->D
          Group: clk
     Startpoint: (R) u_frontend/u_decode/genblk1.u_fifo/rd_ptr_q_reg[0]/CLK
          Clock: (R) clk
       Endpoint: (F) u_frontend/u_npc/BRANCH_PREDICTION.ras_stack_q_reg[1][0]/D
          Clock: (R) clk

                     Capture       Launch     
        Clock Edge:+     250            0     
       Src Latency:+       0            0     
       Net Latency:+       0 (I)        0 (I) 
           Arrival:=     250            0     
                                              
             Setup:-       8                  
       Uncertainty:-      25                  
     Required Time:=     217                  
      Launch Clock:-       0                  
         Data Path:-     666                  
             Slack:=    -449                  

#----------------------------------------------------------------------------------------------------------------------------------------------------
#                       Timing Point                         Flags    Arc    Edge           Cell            Fanout Load Trans Delay Arrival Instance 
#                                                                                                                  (fF)  (ps)  (ps)   (ps)  Location 
#----------------------------------------------------------------------------------------------------------------------------------------------------
  u_frontend/u_decode/genblk1.u_fifo/rd_ptr_q_reg[0]/CLK     -       -       R     (arrival)                  5356    -    12     0       0    (-,-) 
  u_frontend/u_decode/genblk1.u_fifo/rd_ptr_q_reg[0]/QN      -       CLK->QN F     ASYNC_DFFHx1_ASAP7_75t_R      1  1.3    17    41      41    (-,-) 
  u_frontend/u_decode/genblk1.u_fifo/fopt262/Y               -       A->Y    F     BUFx6f_ASAP7_75t_R            6  7.1    10    18      58    (-,-) 
  u_frontend/u_decode/genblk1.u_fifo/fopt174/Y               -       A->Y    F     BUFx3_ASAP7_75t_R             3  2.5     8    15      73    (-,-) 
  u_frontend/u_decode/genblk1.u_fifo/g6498/Y                 -       B->Y    R     NAND2xp5_ASAP7_75t_R          1  0.6    13     8      82    (-,-) 
  u_frontend/u_decode/genblk1.u_fifo/g6411/Y                 -       B->Y    F     OAI21xp5_ASAP7_75t_R          3  1.6    19    13      95    (-,-) 
  u_issue/g40562/Y                                           -       A->Y    R     INVx1_ASAP7_75t_R             1  0.6     9     8     103    (-,-) 
  u_issue/g40464/Y                                           -       B1->Y   F     AOI22xp5_ASAP7_75t_R          1  1.0    19     9     112    (-,-) 
  u_issue/g40446/Y                                           -       A->Y    R     NAND2x1_ASAP7_75t_R           1  1.1    16    15     127    (-,-) 
  u_issue/g40443/Y                                           -       B->Y    F     NOR2x1_ASAP7_75t_R            1  1.6    15    12     139    (-,-) 
  u_issue/g40433/Y                                           -       B->Y    R     NAND2x1p5_ASAP7_75t_R         2  1.9    15    11     151    (-,-) 
  u_issue/g40428/Y                                           -       B->Y    R     OR2x2_ASAP7_75t_R             3  2.8    14    21     171    (-,-) 
  u_issue/g40590/Y                                           -       A->Y    F     INVx1_ASAP7_75t_R             1  1.4    10     9     180    (-,-) 
  u_issue/g40581/Y                                           -       A->Y    R     NAND3x1_ASAP7_75t_R           2  1.5    21    12     192    (-,-) 
  u_issue/g71475/Y                                           -       A2->Y   R     AO31x2_ASAP7_75t_R            3  3.2    17    22     214    (-,-) 
  u_frontend/u_fetch/g6349/Y                                 -       A->Y    F     INVx4_ASAP7_75t_R             3  5.2    11     9     223    (-,-) 
  u_frontend/u_fetch/g6322/Y                                 -       A->Y    R     INVx4_ASAP7_75t_R             4  3.7     8     7     230    (-,-) 
  u_frontend/u_fetch/g6125_0/Y                               -       A2->Y   R     OA21x2_ASAP7_75t_R            2  1.4     9    16     246    (-,-) 
  u_frontend/u_fetch/g6121/Y                                 -       A->Y    R     BUFx3_ASAP7_75t_R            10  5.4    14    17     264    (-,-) 
  u_frontend/u_fetch/g6115/Y                                 -       A2->Y   R     AO22x1_ASAP7_75t_R            4  2.4    19    24     287    (-,-) 
  u_frontend/u_npc/fopt282809/Y                              -       A->Y    R     BUFx3_ASAP7_75t_R             4  5.3    14    20     307    (-,-) 
  u_frontend/u_npc/fopt282805/Y                              -       A->Y    F     INVx4_ASAP7_75t_R             5  3.1     7     6     313    (-,-) 
  u_frontend/u_npc/fopt282795/Y                              -       A->Y    R     INVx1_ASAP7_75t_R             2  1.3    10     8     321    (-,-) 
  u_frontend/u_npc/fopt282794/Y                              -       A->Y    F     INVx1_ASAP7_75t_R             2  1.1     8     7     328    (-,-) 
  u_frontend/u_npc/g277359/Y                                 -       B2->Y   R     AOI221xp5_ASAP7_75t_R         1  0.6    24    14     341    (-,-) 
  u_frontend/u_npc/g276425/Y                                 -       C->Y    R     AND4x1_ASAP7_75t_R            1  0.5    11    27     368    (-,-) 
  u_frontend/u_npc/g276199/Y                                 -       A->Y    F     NAND2xp5_ASAP7_75t_R          1  1.1    15    11     379    (-,-) 
  u_frontend/u_npc/g276138/Y                                 -       A->Y    R     NOR2x1_ASAP7_75t_R            3  2.0    21    15     394    (-,-) 
  u_frontend/u_npc/g276004/Y                                 -       B->Y    F     NAND2x1_ASAP7_75t_R           3  1.6    14    12     406    (-,-) 
  u_frontend/u_npc/g275832/Y                                 -       B->Y    R     NAND2xp5_ASAP7_75t_R          1  1.3    19    14     419    (-,-) 
  u_frontend/u_npc/g275781/Y                                 -       B->Y    F     NOR3x1_ASAP7_75t_R            1  1.6    20    16     435    (-,-) 
  u_frontend/u_npc/g275748/Y                                 -       B->Y    R     NAND2x1p5_ASAP7_75t_R         1  2.2    16    14     449    (-,-) 
  u_frontend/u_npc/g275733/Y                                 -       B->Y    F     NOR2x2_ASAP7_75t_R            8  4.9    20    15     464    (-,-) 
  u_frontend/u_npc/g275724/Y                                 -       B->Y    F     AND2x2_ASAP7_75t_R            6  3.7    14    25     488    (-,-) 
  u_frontend/u_npc/g275666/Y                                 -       A1->Y   R     AOI21xp5_ASAP7_75t_R          3  1.8    27    16     505    (-,-) 
  u_frontend/u_npc/g275649/Y                                 -       A->Y    F     INVx1_ASAP7_75t_R             2  1.0    11     9     514    (-,-) 
  u_frontend/u_npc/g230776/Y                                 -       A2->Y   R     AOI22xp33_ASAP7_75t_R         1  0.6    19    13     527    (-,-) 
  u_frontend/u_npc/g230640/Y                                 -       C->Y    R     AND4x1_ASAP7_75t_R            1  1.1    15    29     556    (-,-) 
  u_frontend/u_npc/g230614/Y                                 -       A->Y    F     NAND2x1_ASAP7_75t_R           1  1.1    11     9     566    (-,-) 
  u_frontend/u_npc/g230299/Y                                 -       B->Y    R     NOR2x1_ASAP7_75t_R            1  1.4    17    11     576    (-,-) 
  u_frontend/u_npc/g230018/Y                                 -       B->Y    F     OAI21x1_ASAP7_75t_R           3  2.2    16    13     589    (-,-) 
  u_frontend/u_npc/g228467/Y                                 -       A->Y    R     NAND2xp5_ASAP7_75t_R          2  1.7    23    17     606    (-,-) 
  u_frontend/u_npc/g226915/Y                                 -       A2->Y   F     AOI21xp33_ASAP7_75t_R         1  0.4    13    10     616    (-,-) 
  u_frontend/u_npc/g226902/Y                                 -       B->Y    F     OA211x2_ASAP7_75t_R           6  3.7    17    32     649    (-,-) 
  u_frontend/u_npc/g226899/Y                                 -       A->Y    R     INVx2_ASAP7_75t_R             4  2.4    11    10     658    (-,-) 
  u_frontend/u_npc/g226722/Y                                 -       A2->Y   F     OAI21xp5_ASAP7_75t_R          1  0.6    13     8     666    (-,-) 
  u_frontend/u_npc/BRANCH_PREDICTION.ras_stack_q_reg[1][0]/D -       -       F     ASYNC_DFFHx1_ASAP7_75t_R      1    -     -     0     666    (-,-) 
#----------------------------------------------------------------------------------------------------------------------------------------------------



Path 6: VIOLATED (-449 ps) Setup Check with Pin u_frontend/u_npc/BRANCH_PREDICTION.ras_stack_q_reg[0][0]/CLK->D
          Group: clk
     Startpoint: (R) u_frontend/u_decode/genblk1.u_fifo/rd_ptr_q_reg[0]/CLK
          Clock: (R) clk
       Endpoint: (R) u_frontend/u_npc/BRANCH_PREDICTION.ras_stack_q_reg[0][0]/D
          Clock: (R) clk

                     Capture       Launch     
        Clock Edge:+     250            0     
       Src Latency:+       0            0     
       Net Latency:+       0 (I)        0 (I) 
           Arrival:=     250            0     
                                              
             Setup:-       9                  
       Uncertainty:-      25                  
     Required Time:=     216                  
      Launch Clock:-       0                  
         Data Path:-     666                  
             Slack:=    -449                  

#----------------------------------------------------------------------------------------------------------------------------------------------------
#                       Timing Point                         Flags    Arc    Edge           Cell            Fanout Load Trans Delay Arrival Instance 
#                                                                                                                  (fF)  (ps)  (ps)   (ps)  Location 
#----------------------------------------------------------------------------------------------------------------------------------------------------
  u_frontend/u_decode/genblk1.u_fifo/rd_ptr_q_reg[0]/CLK     -       -       R     (arrival)                  5356    -    12     0       0    (-,-) 
  u_frontend/u_decode/genblk1.u_fifo/rd_ptr_q_reg[0]/QN      -       CLK->QN R     ASYNC_DFFHx1_ASAP7_75t_R      1  1.3    18    43      43    (-,-) 
  u_frontend/u_decode/genblk1.u_fifo/fopt262/Y               -       A->Y    R     BUFx6f_ASAP7_75t_R            6  7.1    11    17      60    (-,-) 
  u_frontend/u_decode/genblk1.u_fifo/fopt238/Y               -       A->Y    F     INVx5_ASAP7_75t_R             8  7.2    10     8      68    (-,-) 
  u_frontend/u_decode/genblk1.u_fifo/fopt213/Y               -       A->Y    F     BUFx6f_ASAP7_75t_R            9  5.3     8    15      83    (-,-) 
  u_frontend/u_decode/genblk1.u_fifo/g6385/Y                 -       A1->Y   R     OAI21xp5_ASAP7_75t_R          3  1.6    23    14      97    (-,-) 
  u_issue/g40520/Y                                           -       A->Y    F     INVx1_ASAP7_75t_R             1  0.6     8     7     104    (-,-) 
  u_issue/g40477/Y                                           -       B2->Y   R     AOI22xp5_ASAP7_75t_R          1  0.6    17    10     115    (-,-) 
  u_issue/g40445/Y                                           -       B->Y    F     NAND2xp5_ASAP7_75t_R          1  1.1    16    13     128    (-,-) 
  u_issue/g40442/Y                                           -       B->Y    R     NOR2x1_ASAP7_75t_R            1  1.6    17    13     141    (-,-) 
  u_issue/g40433/Y                                           -       A->Y    F     NAND2x1p5_ASAP7_75t_R         2  1.9    12    10     151    (-,-) 
  u_issue/g40428/Y                                           -       B->Y    F     OR2x2_ASAP7_75t_R             3  2.8    13    24     174    (-,-) 
  u_issue/g40427/Y                                           -       A->Y    R     INVxp67_ASAP7_75t_R           1  0.6     9     8     182    (-,-) 
  u_issue/g40426/Y                                           -       B->Y    F     NAND2xp5_ASAP7_75t_R          2  1.5    21    12     195    (-,-) 
  u_issue/g71475/Y                                           -       A1->Y   F     AO31x2_ASAP7_75t_R            3  3.2    12    19     214    (-,-) 
  u_frontend/u_fetch/g6349/Y                                 -       A->Y    R     INVx4_ASAP7_75t_R             3  5.2    11     9     222    (-,-) 
  u_frontend/u_fetch/g6322/Y                                 -       A->Y    F     INVx4_ASAP7_75t_R             4  3.7     8     6     229    (-,-) 
  u_frontend/u_fetch/g6362/Y                                 -       A2->Y   F     OA21x2_ASAP7_75t_R            2  2.0    10    18     247    (-,-) 
  u_frontend/u_fetch/g6119/Y                                 -       A->Y    F     BUFx6f_ASAP7_75t_R           16  9.4    11    17     264    (-,-) 
  u_frontend/u_fetch/g6085/Y                                 -       B2->Y   F     OA22x2_ASAP7_75t_R            1  2.6    12    23     287    (-,-) 
  u_frontend/u_fetch/fopt6542/Y                              -       A->Y    R     INVx4_ASAP7_75t_R            20 12.6    21    14     301    (-,-) 
  u_frontend/u_npc/fopt282152/Y                              -       A->Y    F     INVx2_ASAP7_75t_R             5  3.3    13    11     311    (-,-) 
  u_frontend/u_npc/fopt282151/Y                              -       A->Y    R     INVx2_ASAP7_75t_R             3  2.6    11     9     320    (-,-) 
  u_frontend/u_npc/fopt282149/Y                              -       A->Y    F     INVx1_ASAP7_75t_R             4  2.8    16    11     332    (-,-) 
  u_frontend/u_npc/g277841/Y                                 -       B2->Y   R     OAI22xp5_ASAP7_75t_R          1  0.5    18    13     344    (-,-) 
  u_frontend/u_npc/g276632/Y                                 -       B->Y    F     NOR3xp33_ASAP7_75t_R          1  1.2    17    14     358    (-,-) 
  u_frontend/u_npc/g276253/Y                                 -       C->Y    R     NAND3x1_ASAP7_75t_R           2  2.3    28    22     380    (-,-) 
  u_frontend/u_npc/g276195/Y                                 -       A->Y    F     INVx1_ASAP7_75t_R             1  1.6    14    12     392    (-,-) 
  u_frontend/u_npc/g276064/Y                                 -       A->Y    R     NAND4xp75_ASAP7_75t_R         2  1.1    16    10     401    (-,-) 
  u_frontend/u_npc/g275901/Y                                 -       B->Y    F     NAND2xp5_ASAP7_75t_R          2  1.1    16    13     414    (-,-) 
  u_frontend/u_npc/g275850/Y                                 -       B->Y    F     OR2x2_ASAP7_75t_R             3  2.7    13    25     438    (-,-) 
  u_frontend/u_npc/g275817/Y                                 -       B->Y    R     NOR2x1p5_ASAP7_75t_R          2  0.9    10     9     447    (-,-) 
  u_frontend/u_npc/fopt281753/Y                              -       A->Y    R     HB1xp67_ASAP7_75t_R           2  0.9    11    16     463    (-,-) 
  u_frontend/u_npc/g275739/Y                                 -       A->Y    F     NAND3xp33_ASAP7_75t_R         2  1.3    27    16     479    (-,-) 
  u_frontend/u_npc/g275708/Y                                 -       B->Y    R     NOR2xp67_ASAP7_75t_R          2  1.1    20    16     494    (-,-) 
  u_frontend/u_npc/g275694/Y                                 -       B->Y    F     NAND2xp5_ASAP7_75t_R          1  0.6    13    11     505    (-,-) 
  u_frontend/u_npc/g275606/Y                                 -       A1->Y   R     OAI21xp5_ASAP7_75t_R          4  2.2    30    18     524    (-,-) 
  u_frontend/u_npc/g275596/Y                                 -       A->Y    F     INVx1_ASAP7_75t_R             1  1.2    13    10     534    (-,-) 
  u_frontend/u_npc/g275561/Y                                 -       C->Y    R     NAND3x1_ASAP7_75t_R           2  1.6    22    18     552    (-,-) 
  u_frontend/u_npc/g275530/Y                                 -       B->Y    F     NOR2x1_ASAP7_75t_R            1  1.5    14    14     566    (-,-) 
  u_frontend/u_npc/g275520/Y                                 -       C->Y    R     NAND4xp75_ASAP7_75t_R         3  1.5    18    13     578    (-,-) 
  u_frontend/u_npc/g275513/Y                                 -       B->Y    F     NAND2xp5_ASAP7_75t_R          2  0.9    15    12     590    (-,-) 
  u_frontend/u_npc/g230632/Y                                 -       A->Y    F     AND2x2_ASAP7_75t_R            2  1.1     8    20     610    (-,-) 
  u_frontend/u_npc/g228465/Y                                 -       A->Y    R     NAND2xp5_ASAP7_75t_R          2  1.1    16    11     621    (-,-) 
  u_frontend/u_npc/g226902/Y                                 -       A1->Y   R     OA211x2_ASAP7_75t_R           6  3.7    17    26     648    (-,-) 
  u_frontend/u_npc/g226899/Y                                 -       A->Y    F     INVx2_ASAP7_75t_R             4  2.4    10     8     656    (-,-) 
  u_frontend/u_npc/g226721/Y                                 -       A2->Y   R     OAI21xp5_ASAP7_75t_R          1  0.6    13    10     666    (-,-) 
  u_frontend/u_npc/BRANCH_PREDICTION.ras_stack_q_reg[0][0]/D -       -       R     ASYNC_DFFHx1_ASAP7_75t_R      1    -     -     0     666    (-,-) 
#----------------------------------------------------------------------------------------------------------------------------------------------------



Path 7: VIOLATED (-449 ps) Setup Check with Pin u_issue/pc_x_q_reg[15]/CLK->D
          Group: clk
     Startpoint: (R) u_frontend/u_decode/genblk1.u_fifo/rd_ptr_q_reg[0]/CLK
          Clock: (R) clk
       Endpoint: (R) u_issue/pc_x_q_reg[15]/D
          Clock: (R) clk

                     Capture       Launch     
        Clock Edge:+     250            0     
       Src Latency:+       0            0     
       Net Latency:+       0 (I)        0 (I) 
           Arrival:=     250            0     
                                              
             Setup:-       9                  
       Uncertainty:-      25                  
     Required Time:=     216                  
      Launch Clock:-       0                  
         Data Path:-     665                  
             Slack:=    -449                  

#------------------------------------------------------------------------------------------------------------------------------------------------
#                     Timing Point                       Flags    Arc    Edge           Cell            Fanout Load Trans Delay Arrival Instance 
#                                                                                                              (fF)  (ps)  (ps)   (ps)  Location 
#------------------------------------------------------------------------------------------------------------------------------------------------
  u_frontend/u_decode/genblk1.u_fifo/rd_ptr_q_reg[0]/CLK -       -       R     (arrival)                  5356    -    12     0       0    (-,-) 
  u_frontend/u_decode/genblk1.u_fifo/rd_ptr_q_reg[0]/QN  -       CLK->QN R     ASYNC_DFFHx1_ASAP7_75t_R      1  1.3    18    43      43    (-,-) 
  u_frontend/u_decode/genblk1.u_fifo/fopt262/Y           -       A->Y    R     BUFx6f_ASAP7_75t_R            6  7.1    11    17      60    (-,-) 
  u_frontend/u_decode/genblk1.u_fifo/fopt238/Y           -       A->Y    F     INVx5_ASAP7_75t_R             8  7.2    10     8      68    (-,-) 
  u_frontend/u_decode/genblk1.u_fifo/fopt213/Y           -       A->Y    F     BUFx6f_ASAP7_75t_R            9  5.3     8    15      83    (-,-) 
  u_frontend/u_decode/genblk1.u_fifo/g6385/Y             -       A1->Y   R     OAI21xp5_ASAP7_75t_R          3  1.6    23    14      97    (-,-) 
  u_issue/g40520/Y                                       -       A->Y    F     INVx1_ASAP7_75t_R             1  0.6     8     7     104    (-,-) 
  u_issue/g40477/Y                                       -       B2->Y   R     AOI22xp5_ASAP7_75t_R          1  0.6    17    10     115    (-,-) 
  u_issue/g40445/Y                                       -       B->Y    F     NAND2xp5_ASAP7_75t_R          1  1.1    16    13     128    (-,-) 
  u_issue/g40442/Y                                       -       B->Y    R     NOR2x1_ASAP7_75t_R            1  1.6    17    13     141    (-,-) 
  u_issue/g40433/Y                                       -       A->Y    F     NAND2x1p5_ASAP7_75t_R         2  1.9    12    10     151    (-,-) 
  u_issue/g40428/Y                                       -       B->Y    F     OR2x2_ASAP7_75t_R             3  2.8    13    24     174    (-,-) 
  u_issue/g40580/Y                                       -       B->Y    R     NOR2x1p5_ASAP7_75t_R          1  2.1    15    12     186    (-,-) 
  u_issue/g40579/Y                                       -       A->Y    F     NAND2x2_ASAP7_75t_R           8  4.8    18    13     199    (-,-) 
  u_issue/g40599/Y                                       -       A1->Y   F     OA22x2_ASAP7_75t_R            1  2.6    12    23     221    (-,-) 
  u_issue/g40596/Y                                       -       A->Y    R     INVx4_ASAP7_75t_R            12  9.6    17    12     233    (-,-) 
  u_issue/g38711/Y                                       -       A->Y    R     BUFx6f_ASAP7_75t_R            4  4.5     8    16     249    (-,-) 
  u_issue/u_regfile/g2109/Y                              -       A->Y    F     INVx3_ASAP7_75t_R             2  2.2     6     5     254    (-,-) 
  u_issue/u_regfile/g2102/Y                              -       B->Y    F     AND2x4_ASAP7_75t_R            7  7.7    14    20     273    (-,-) 
  u_issue/u_regfile/g69733/Y                             -       B->Y    F     AND2x4_ASAP7_75t_R           26 15.8    25    28     302    (-,-) 
  u_issue/u_regfile/g4216/Y                              -       A->Y    F     BUFx3_ASAP7_75t_R             4  2.4     8    19     321    (-,-) 
  u_issue/u_regfile/g71560/Y                             -       B2->Y   R     AOI22xp5_ASAP7_75t_R          1  0.6    18    10     331    (-,-) 
  u_issue/u_regfile/g71256/Y                             -       C->Y    R     AND4x1_ASAP7_75t_R            1  0.5    11    26     357    (-,-) 
  u_issue/u_regfile/g71179/Y                             -       D->Y    F     NAND4xp25_ASAP7_75t_R         1  0.5    22    15     372    (-,-) 
  u_issue/fopt73047/Y                                    -       A->Y    R     INVxp67_ASAP7_75t_R           1  0.6    12    10     382    (-,-) 
  u_issue/g70763/Y                                       -       A1->Y   F     OAI21xp5_ASAP7_75t_R          1  1.1    16    11     393    (-,-) 
  u_issue/g70587/Y                                       -       B->Y    F     OR2x6_ASAP7_75t_R            15  7.9    14    28     422    (-,-) 
  u_exec0/g6265/Y                                        -       A->Y    R     INVxp67_ASAP7_75t_R           2  1.0    13    10     432    (-,-) 
  u_exec0/g6263/Y                                        -       A->Y    R     HB1xp67_ASAP7_75t_R           2  1.0    12    17     448    (-,-) 
  u_exec0/g6262/Y                                        -       A->Y    F     INVxp67_ASAP7_75t_R           1  0.7     8     7     456    (-,-) 
  u_exec0/add_326_51_g1786/Y                             -       A->Y    R     INVx1_ASAP7_75t_R             2  1.4    11     8     464    (-,-) 
  u_exec0/add_326_51_g1766/Y                             -       B->Y    F     NAND2xp5_ASAP7_75t_R          2  1.0    14    11     475    (-,-) 
  u_exec0/add_326_51_g1638/Y                             -       A->Y    R     NAND2xp5_ASAP7_75t_R          2  1.2    18    14     489    (-,-) 
  u_exec0/add_326_51_g1588/Y                             -       A1->Y   F     OAI21xp5_ASAP7_75t_R          1  1.2    18    13     502    (-,-) 
  u_exec0/add_326_51_g1578/Y                             -       B->Y    R     AOI21x1_ASAP7_75t_R           2  1.3    16    13     515    (-,-) 
  u_exec0/fopt11681/Y                                    -       A->Y    F     INVx1_ASAP7_75t_R             2  0.9     8     7     522    (-,-) 
  u_exec0/add_326_51_g1569/Y                             -       A2->Y   F     AO21x1_ASAP7_75t_R            2  1.6    12    17     539    (-,-) 
  u_exec0/add_326_51_g1557/Y                             -       B->Y    F     AND2x2_ASAP7_75t_R            2  1.7     9    19     558    (-,-) 
  u_exec0/add_326_51_g1539/Y                             -       A1->Y   R     AOI21x1_ASAP7_75t_R           2  1.7    19    11     568    (-,-) 
  u_exec0/add_326_51_g1512/Y                             -       A2->Y   F     OAI21xp5_ASAP7_75t_R          1  1.0    16    12     581    (-,-) 
  u_exec0/add_326_51_g1500/Y                             -       B->Y    F     XNOR2xp5_ASAP7_75t_R          1  0.5    13    19     600    (-,-) 
  u_exec0/g11378/Y                                       -       A2->Y   F     AO22x1_ASAP7_75t_R            1  0.7    10    19     619    (-,-) 
  u_issue/g46693/Y                                       -       A->Y    R     INVx1_ASAP7_75t_R             1  0.6     7     6     625    (-,-) 
  u_issue/g46464/Y                                       -       A1->Y   F     OAI21xp5_ASAP7_75t_R          1  0.6    12     8     633    (-,-) 
  u_issue/g46384/Y                                       -       B->Y    R     AOI21xp5_ASAP7_75t_R          1  0.6    14    11     644    (-,-) 
  u_issue/g46305/Y                                       -       B->Y    F     OAI21xp5_ASAP7_75t_R          1  0.6    13     9     653    (-,-) 
  u_issue/g46299/Y                                       -       C->Y    R     O2A1O1Ixp5_ASAP7_75t_R        1  0.6    17    12     665    (-,-) 
  u_issue/pc_x_q_reg[15]/D                               -       -       R     ASYNC_DFFHx1_ASAP7_75t_R      1    -     -     0     665    (-,-) 
#------------------------------------------------------------------------------------------------------------------------------------------------



Path 8: VIOLATED (-449 ps) Setup Check with Pin u_issue/pc_x_q_reg[30]/CLK->D
          Group: clk
     Startpoint: (R) u_frontend/u_decode/genblk1.u_fifo/rd_ptr_q_reg[0]/CLK
          Clock: (R) clk
       Endpoint: (R) u_issue/pc_x_q_reg[30]/D
          Clock: (R) clk

                     Capture       Launch     
        Clock Edge:+     250            0     
       Src Latency:+       0            0     
       Net Latency:+       0 (I)        0 (I) 
           Arrival:=     250            0     
                                              
             Setup:-      10                  
       Uncertainty:-      25                  
     Required Time:=     216                  
      Launch Clock:-       0                  
         Data Path:-     664                  
             Slack:=    -449                  

#------------------------------------------------------------------------------------------------------------------------------------------------
#                     Timing Point                       Flags    Arc    Edge           Cell            Fanout Load Trans Delay Arrival Instance 
#                                                                                                              (fF)  (ps)  (ps)   (ps)  Location 
#------------------------------------------------------------------------------------------------------------------------------------------------
  u_frontend/u_decode/genblk1.u_fifo/rd_ptr_q_reg[0]/CLK -       -       R     (arrival)                  5356    -    12     0       0    (-,-) 
  u_frontend/u_decode/genblk1.u_fifo/rd_ptr_q_reg[0]/QN  -       CLK->QN R     ASYNC_DFFHx1_ASAP7_75t_R      1  1.3    18    43      43    (-,-) 
  u_frontend/u_decode/genblk1.u_fifo/fopt262/Y           -       A->Y    R     BUFx6f_ASAP7_75t_R            6  7.1    11    17      60    (-,-) 
  u_frontend/u_decode/genblk1.u_fifo/fopt238/Y           -       A->Y    F     INVx5_ASAP7_75t_R             8  7.2    10     8      68    (-,-) 
  u_frontend/u_decode/genblk1.u_fifo/fopt213/Y           -       A->Y    F     BUFx6f_ASAP7_75t_R            9  5.3     8    15      83    (-,-) 
  u_frontend/u_decode/genblk1.u_fifo/g6385/Y             -       A1->Y   R     OAI21xp5_ASAP7_75t_R          3  1.6    23    14      97    (-,-) 
  u_issue/g40520/Y                                       -       A->Y    F     INVx1_ASAP7_75t_R             1  0.6     8     7     104    (-,-) 
  u_issue/g40477/Y                                       -       B2->Y   R     AOI22xp5_ASAP7_75t_R          1  0.6    17    10     115    (-,-) 
  u_issue/g40445/Y                                       -       B->Y    F     NAND2xp5_ASAP7_75t_R          1  1.1    16    13     128    (-,-) 
  u_issue/g40442/Y                                       -       B->Y    R     NOR2x1_ASAP7_75t_R            1  1.6    17    13     141    (-,-) 
  u_issue/g40433/Y                                       -       A->Y    F     NAND2x1p5_ASAP7_75t_R         2  1.9    12    10     151    (-,-) 
  u_issue/g40428/Y                                       -       B->Y    F     OR2x2_ASAP7_75t_R             3  2.8    13    24     174    (-,-) 
  u_issue/g40580/Y                                       -       B->Y    R     NOR2x1p5_ASAP7_75t_R          1  2.1    15    12     186    (-,-) 
  u_issue/g40579/Y                                       -       A->Y    F     NAND2x2_ASAP7_75t_R           8  4.8    18    13     199    (-,-) 
  u_issue/g40578/Y                                       -       A->Y    R     INVx1_ASAP7_75t_R             4  2.4    18    14     213    (-,-) 
  u_issue/g40574/Y                                       -       A2->Y   R     AO22x2_ASAP7_75t_R            3  5.1    20    27     239    (-,-) 
  u_issue/fopt73132/Y                                    -       A->Y    F     INVx6_ASAP7_75t_R             9 10.2    13    11     250    (-,-) 
  u_issue/fopt73114/Y                                    -       A->Y    R     INVx5_ASAP7_75t_R             8  6.1    11     9     259    (-,-) 
  u_issue/u_regfile/fopt2097/Y                           -       A->Y    F     INVx2_ASAP7_75t_R             1  0.6     5     4     264    (-,-) 
  u_issue/u_regfile/g69645/Y                             -       C->Y    F     AND3x1_ASAP7_75t_R            4  4.4    26    23     286    (-,-) 
  u_issue/u_regfile/g69633/Y                             -       B->Y    F     AND2x4_ASAP7_75t_R           31 18.5    29    34     320    (-,-) 
  u_issue/u_regfile/fopt4103/Y                           -       A->Y    R     INVxp67_ASAP7_75t_R           2  1.0    16    14     333    (-,-) 
  u_issue/u_regfile/fopt4101/Y                           -       A->Y    F     INVxp67_ASAP7_75t_R           1  0.6     9     8     341    (-,-) 
  u_issue/u_regfile/g70050/Y                             -       B2->Y   R     AOI22xp5_ASAP7_75t_R          1  0.6    18    10     352    (-,-) 
  u_issue/u_regfile/g69830/Y                             -       A->Y    R     AND4x1_ASAP7_75t_R            1  0.5    11    24     376    (-,-) 
  u_issue/u_regfile/g69778/Y                             -       D->Y    F     NAND4xp25_ASAP7_75t_R         1  0.6    23    16     392    (-,-) 
  u_issue/g70727/Y                                       -       B1->Y   R     AOI22xp5_ASAP7_75t_R          1  1.6    28    21     413    (-,-) 
  u_issue/g70442/Y                                       -       A->Y    F     NAND2x1p5_ASAP7_75t_R         8  4.8    23    17     430    (-,-) 
  u_exec0/less_than_signed_345_25:sub_267_12_g3141/Y     -       A->Y    R     NAND2xp5_ASAP7_75t_R          2  1.1    19    16     446    (-,-) 
  u_exec0/less_than_signed_345_25:sub_267_12_g3091/Y     -       B->Y    F     OAI211xp5_ASAP7_75t_R         2  1.0    22    15     462    (-,-) 
  u_exec0/less_than_signed_345_25:sub_267_12_g3082/Y     -       B->Y    R     NOR2xp33_ASAP7_75t_R          2  1.1    29    20     482    (-,-) 
  u_exec0/less_than_signed_345_25:sub_267_12_g3073/Y     -       A->Y    F     NAND2xp5_ASAP7_75t_R          1  0.6    12    11     493    (-,-) 
  u_exec0/less_than_signed_345_25:sub_267_12_g3065/Y     -       A1->Y   R     OAI21xp5_ASAP7_75t_R          1  0.9    16    12     505    (-,-) 
  u_exec0/less_than_signed_345_25:sub_267_12_g2/Y        -       B->Y    R     XNOR2xp5_ASAP7_75t_R          1  1.1    24    19     523    (-,-) 
  u_exec0/g11435/Y                                       -       B->Y    F     NOR2x1_ASAP7_75t_R            2  1.1    13    12     535    (-,-) 
  u_exec0/g11419/Y                                       -       B->Y    R     AOI21xp5_ASAP7_75t_R          1  1.2    21    14     550    (-,-) 
  u_exec0/g11201/Y                                       -       A2->Y   R     AO31x2_ASAP7_75t_R            4  2.6    13    21     570    (-,-) 
  u_issue/g46561/Y                                       -       A->Y    F     INVx2_ASAP7_75t_R             2  1.7     7     6     577    (-,-) 
  u_issue/g46709/Y                                       -       A->Y    F     AND2x4_ASAP7_75t_R            3  4.0    10    18     595    (-,-) 
  u_issue/g46421/Y                                       -       B->Y    F     AND2x4_ASAP7_75t_R            1  3.9    10    18     613    (-,-) 
  u_issue/fopt73093/Y                                    -       A->Y    R     INVx6_ASAP7_75t_R             9  7.8    11     8     621    (-,-) 
  u_issue/fopt73084/Y                                    -       A->Y    F     INVx1_ASAP7_75t_R             1  0.5     6     5     626    (-,-) 
  u_issue/g46378/Y                                       -       A1->Y   R     AOI221xp5_ASAP7_75t_R         1  0.6    22    14     640    (-,-) 
  u_issue/g46199/Y                                       -       B->Y    F     OAI21xp5_ASAP7_75t_R          1  0.6    14    10     650    (-,-) 
  u_issue/g46195/Y                                       -       C->Y    R     O2A1O1Ixp33_ASAP7_75t_R       1  0.6    20    14     664    (-,-) 
  u_issue/pc_x_q_reg[30]/D                               -       -       R     ASYNC_DFFHx1_ASAP7_75t_R      1    -     -     0     664    (-,-) 
#------------------------------------------------------------------------------------------------------------------------------------------------



Path 9: VIOLATED (-449 ps) Setup Check with Pin u_frontend/u_npc/BRANCH_PREDICTION.ras_stack_q_reg[4][0]/CLK->D
          Group: clk
     Startpoint: (R) u_frontend/u_decode/genblk1.u_fifo/rd_ptr_q_reg[0]/CLK
          Clock: (R) clk
       Endpoint: (F) u_frontend/u_npc/BRANCH_PREDICTION.ras_stack_q_reg[4][0]/D
          Clock: (R) clk

                     Capture       Launch     
        Clock Edge:+     250            0     
       Src Latency:+       0            0     
       Net Latency:+       0 (I)        0 (I) 
           Arrival:=     250            0     
                                              
             Setup:-       8                  
       Uncertainty:-      25                  
     Required Time:=     217                  
      Launch Clock:-       0                  
         Data Path:-     665                  
             Slack:=    -449                  

#----------------------------------------------------------------------------------------------------------------------------------------------------
#                       Timing Point                         Flags    Arc    Edge           Cell            Fanout Load Trans Delay Arrival Instance 
#                                                                                                                  (fF)  (ps)  (ps)   (ps)  Location 
#----------------------------------------------------------------------------------------------------------------------------------------------------
  u_frontend/u_decode/genblk1.u_fifo/rd_ptr_q_reg[0]/CLK     -       -       R     (arrival)                  5356    -    12     0       0    (-,-) 
  u_frontend/u_decode/genblk1.u_fifo/rd_ptr_q_reg[0]/QN      -       CLK->QN F     ASYNC_DFFHx1_ASAP7_75t_R      1  1.3    17    41      41    (-,-) 
  u_frontend/u_decode/genblk1.u_fifo/fopt262/Y               -       A->Y    F     BUFx6f_ASAP7_75t_R            6  7.1    10    18      58    (-,-) 
  u_frontend/u_decode/genblk1.u_fifo/fopt174/Y               -       A->Y    F     BUFx3_ASAP7_75t_R             3  2.5     8    15      73    (-,-) 
  u_frontend/u_decode/genblk1.u_fifo/g6498/Y                 -       B->Y    R     NAND2xp5_ASAP7_75t_R          1  0.6    13     8      82    (-,-) 
  u_frontend/u_decode/genblk1.u_fifo/g6411/Y                 -       B->Y    F     OAI21xp5_ASAP7_75t_R          3  1.6    19    13      95    (-,-) 
  u_issue/g40562/Y                                           -       A->Y    R     INVx1_ASAP7_75t_R             1  0.6     9     8     103    (-,-) 
  u_issue/g40464/Y                                           -       B1->Y   F     AOI22xp5_ASAP7_75t_R          1  1.0    19     9     112    (-,-) 
  u_issue/g40446/Y                                           -       A->Y    R     NAND2x1_ASAP7_75t_R           1  1.1    16    15     127    (-,-) 
  u_issue/g40443/Y                                           -       B->Y    F     NOR2x1_ASAP7_75t_R            1  1.6    15    12     139    (-,-) 
  u_issue/g40433/Y                                           -       B->Y    R     NAND2x1p5_ASAP7_75t_R         2  1.9    15    11     151    (-,-) 
  u_issue/g40428/Y                                           -       B->Y    R     OR2x2_ASAP7_75t_R             3  2.8    14    21     171    (-,-) 
  u_issue/g40590/Y                                           -       A->Y    F     INVx1_ASAP7_75t_R             1  1.4    10     9     180    (-,-) 
  u_issue/g40581/Y                                           -       A->Y    R     NAND3x1_ASAP7_75t_R           2  1.5    21    12     192    (-,-) 
  u_issue/g71475/Y                                           -       A2->Y   R     AO31x2_ASAP7_75t_R            3  3.2    17    22     214    (-,-) 
  u_frontend/u_fetch/g6349/Y                                 -       A->Y    F     INVx4_ASAP7_75t_R             3  5.2    11     9     223    (-,-) 
  u_frontend/u_fetch/g6322/Y                                 -       A->Y    R     INVx4_ASAP7_75t_R             4  3.7     8     7     230    (-,-) 
  u_frontend/u_fetch/g6125_0/Y                               -       A2->Y   R     OA21x2_ASAP7_75t_R            2  1.4     9    16     246    (-,-) 
  u_frontend/u_fetch/g6121/Y                                 -       A->Y    R     BUFx3_ASAP7_75t_R            10  5.4    14    17     264    (-,-) 
  u_frontend/u_fetch/g6115/Y                                 -       A2->Y   R     AO22x1_ASAP7_75t_R            4  2.4    19    24     287    (-,-) 
  u_frontend/u_npc/fopt282809/Y                              -       A->Y    R     BUFx3_ASAP7_75t_R             4  5.3    14    20     307    (-,-) 
  u_frontend/u_npc/fopt282805/Y                              -       A->Y    F     INVx4_ASAP7_75t_R             5  3.1     7     6     313    (-,-) 
  u_frontend/u_npc/fopt282795/Y                              -       A->Y    R     INVx1_ASAP7_75t_R             2  1.3    10     8     321    (-,-) 
  u_frontend/u_npc/fopt282794/Y                              -       A->Y    F     INVx1_ASAP7_75t_R             2  1.1     8     7     328    (-,-) 
  u_frontend/u_npc/g277359/Y                                 -       B2->Y   R     AOI221xp5_ASAP7_75t_R         1  0.6    24    14     341    (-,-) 
  u_frontend/u_npc/g276425/Y                                 -       C->Y    R     AND4x1_ASAP7_75t_R            1  0.5    11    27     368    (-,-) 
  u_frontend/u_npc/g276199/Y                                 -       A->Y    F     NAND2xp5_ASAP7_75t_R          1  1.1    15    11     379    (-,-) 
  u_frontend/u_npc/g276138/Y                                 -       A->Y    R     NOR2x1_ASAP7_75t_R            3  2.0    21    15     394    (-,-) 
  u_frontend/u_npc/g276004/Y                                 -       B->Y    F     NAND2x1_ASAP7_75t_R           3  1.6    14    12     406    (-,-) 
  u_frontend/u_npc/g275832/Y                                 -       B->Y    R     NAND2xp5_ASAP7_75t_R          1  1.3    19    14     419    (-,-) 
  u_frontend/u_npc/g275781/Y                                 -       B->Y    F     NOR3x1_ASAP7_75t_R            1  1.6    20    16     435    (-,-) 
  u_frontend/u_npc/g275748/Y                                 -       B->Y    R     NAND2x1p5_ASAP7_75t_R         1  2.2    16    14     449    (-,-) 
  u_frontend/u_npc/g275733/Y                                 -       B->Y    F     NOR2x2_ASAP7_75t_R            8  4.9    20    15     464    (-,-) 
  u_frontend/u_npc/g275724/Y                                 -       B->Y    F     AND2x2_ASAP7_75t_R            6  3.7    14    25     488    (-,-) 
  u_frontend/u_npc/g275666/Y                                 -       A1->Y   R     AOI21xp5_ASAP7_75t_R          3  1.8    27    16     505    (-,-) 
  u_frontend/u_npc/g275649/Y                                 -       A->Y    F     INVx1_ASAP7_75t_R             2  1.0    11     9     514    (-,-) 
  u_frontend/u_npc/g230776/Y                                 -       A2->Y   R     AOI22xp33_ASAP7_75t_R         1  0.6    19    13     527    (-,-) 
  u_frontend/u_npc/g230640/Y                                 -       C->Y    R     AND4x1_ASAP7_75t_R            1  1.1    15    29     556    (-,-) 
  u_frontend/u_npc/g230614/Y                                 -       A->Y    F     NAND2x1_ASAP7_75t_R           1  1.1    11     9     566    (-,-) 
  u_frontend/u_npc/g230299/Y                                 -       B->Y    R     NOR2x1_ASAP7_75t_R            1  1.4    17    11     576    (-,-) 
  u_frontend/u_npc/g230018/Y                                 -       B->Y    F     OAI21x1_ASAP7_75t_R           3  2.2    16    13     589    (-,-) 
  u_frontend/u_npc/g228467/Y                                 -       A->Y    R     NAND2xp5_ASAP7_75t_R          2  1.7    23    17     606    (-,-) 
  u_frontend/u_npc/g227953/Y                                 -       A->Y    F     INVx2_ASAP7_75t_R             3  1.9    10     8     615    (-,-) 
  u_frontend/u_npc/g227945/Y                                 -       B->Y    R     NOR2xp67_ASAP7_75t_R          2  1.4    19    13     627    (-,-) 
  u_frontend/u_npc/g226907/Y                                 -       B->Y    F     NOR2xp67_ASAP7_75t_R          2  1.0    15    13     640    (-,-) 
  u_frontend/u_npc/g226861/Y                                 -       A->Y    R     NAND2xp5_ASAP7_75t_R          2  1.1    17    14     654    (-,-) 
  u_frontend/u_npc/g226753/Y                                 -       A2->Y   F     OAI21xp33_ASAP7_75t_R         1  0.6    15    11     665    (-,-) 
  u_frontend/u_npc/BRANCH_PREDICTION.ras_stack_q_reg[4][0]/D -       -       F     ASYNC_DFFHx1_ASAP7_75t_R      1    -     -     0     665    (-,-) 
#----------------------------------------------------------------------------------------------------------------------------------------------------



Path 10: VIOLATED (-448 ps) Setup Check with Pin u_issue/pc_x_q_reg[28]/CLK->D
          Group: clk
     Startpoint: (R) u_frontend/u_decode/genblk1.u_fifo/rd_ptr_q_reg[0]/CLK
          Clock: (R) clk
       Endpoint: (R) u_issue/pc_x_q_reg[28]/D
          Clock: (R) clk

                     Capture       Launch     
        Clock Edge:+     250            0     
       Src Latency:+       0            0     
       Net Latency:+       0 (I)        0 (I) 
           Arrival:=     250            0     
                                              
             Setup:-      10                  
       Uncertainty:-      25                  
     Required Time:=     216                  
      Launch Clock:-       0                  
         Data Path:-     664                  
             Slack:=    -448                  

#------------------------------------------------------------------------------------------------------------------------------------------------
#                     Timing Point                       Flags    Arc    Edge           Cell            Fanout Load Trans Delay Arrival Instance 
#                                                                                                              (fF)  (ps)  (ps)   (ps)  Location 
#------------------------------------------------------------------------------------------------------------------------------------------------
  u_frontend/u_decode/genblk1.u_fifo/rd_ptr_q_reg[0]/CLK -       -       R     (arrival)                  5356    -    12     0       0    (-,-) 
  u_frontend/u_decode/genblk1.u_fifo/rd_ptr_q_reg[0]/QN  -       CLK->QN R     ASYNC_DFFHx1_ASAP7_75t_R      1  1.3    18    43      43    (-,-) 
  u_frontend/u_decode/genblk1.u_fifo/fopt262/Y           -       A->Y    R     BUFx6f_ASAP7_75t_R            6  7.1    11    17      60    (-,-) 
  u_frontend/u_decode/genblk1.u_fifo/fopt238/Y           -       A->Y    F     INVx5_ASAP7_75t_R             8  7.2    10     8      68    (-,-) 
  u_frontend/u_decode/genblk1.u_fifo/fopt213/Y           -       A->Y    F     BUFx6f_ASAP7_75t_R            9  5.3     8    15      83    (-,-) 
  u_frontend/u_decode/genblk1.u_fifo/g6385/Y             -       A1->Y   R     OAI21xp5_ASAP7_75t_R          3  1.6    23    14      97    (-,-) 
  u_issue/g40520/Y                                       -       A->Y    F     INVx1_ASAP7_75t_R             1  0.6     8     7     104    (-,-) 
  u_issue/g40477/Y                                       -       B2->Y   R     AOI22xp5_ASAP7_75t_R          1  0.6    17    10     115    (-,-) 
  u_issue/g40445/Y                                       -       B->Y    F     NAND2xp5_ASAP7_75t_R          1  1.1    16    13     128    (-,-) 
  u_issue/g40442/Y                                       -       B->Y    R     NOR2x1_ASAP7_75t_R            1  1.6    17    13     141    (-,-) 
  u_issue/g40433/Y                                       -       A->Y    F     NAND2x1p5_ASAP7_75t_R         2  1.9    12    10     151    (-,-) 
  u_issue/g40428/Y                                       -       B->Y    F     OR2x2_ASAP7_75t_R             3  2.8    13    24     174    (-,-) 
  u_issue/g40580/Y                                       -       B->Y    R     NOR2x1p5_ASAP7_75t_R          1  2.1    15    12     186    (-,-) 
  u_issue/g40579/Y                                       -       A->Y    F     NAND2x2_ASAP7_75t_R           8  4.8    18    13     199    (-,-) 
  u_issue/g40578/Y                                       -       A->Y    R     INVx1_ASAP7_75t_R             4  2.4    18    14     213    (-,-) 
  u_issue/g40574/Y                                       -       A2->Y   R     AO22x2_ASAP7_75t_R            3  5.1    20    27     239    (-,-) 
  u_issue/fopt73132/Y                                    -       A->Y    F     INVx6_ASAP7_75t_R             9 10.2    13    11     250    (-,-) 
  u_issue/fopt73114/Y                                    -       A->Y    R     INVx5_ASAP7_75t_R             8  6.1    11     9     259    (-,-) 
  u_issue/u_regfile/fopt2097/Y                           -       A->Y    F     INVx2_ASAP7_75t_R             1  0.6     5     4     264    (-,-) 
  u_issue/u_regfile/g69645/Y                             -       C->Y    F     AND3x1_ASAP7_75t_R            4  4.4    26    23     286    (-,-) 
  u_issue/u_regfile/g69633/Y                             -       B->Y    F     AND2x4_ASAP7_75t_R           31 18.5    29    34     320    (-,-) 
  u_issue/u_regfile/fopt4103/Y                           -       A->Y    R     INVxp67_ASAP7_75t_R           2  1.0    16    14     333    (-,-) 
  u_issue/u_regfile/fopt4101/Y                           -       A->Y    F     INVxp67_ASAP7_75t_R           1  0.6     9     8     341    (-,-) 
  u_issue/u_regfile/g70050/Y                             -       B2->Y   R     AOI22xp5_ASAP7_75t_R          1  0.6    18    10     352    (-,-) 
  u_issue/u_regfile/g69830/Y                             -       A->Y    R     AND4x1_ASAP7_75t_R            1  0.5    11    24     376    (-,-) 
  u_issue/u_regfile/g69778/Y                             -       D->Y    F     NAND4xp25_ASAP7_75t_R         1  0.6    23    16     392    (-,-) 
  u_issue/g70727/Y                                       -       B1->Y   R     AOI22xp5_ASAP7_75t_R          1  1.6    28    21     413    (-,-) 
  u_issue/g70442/Y                                       -       A->Y    F     NAND2x1p5_ASAP7_75t_R         8  4.8    23    17     430    (-,-) 
  u_exec0/less_than_signed_345_25:sub_267_12_g3141/Y     -       A->Y    R     NAND2xp5_ASAP7_75t_R          2  1.1    19    16     446    (-,-) 
  u_exec0/less_than_signed_345_25:sub_267_12_g3091/Y     -       B->Y    F     OAI211xp5_ASAP7_75t_R         2  1.0    22    15     462    (-,-) 
  u_exec0/less_than_signed_345_25:sub_267_12_g3082/Y     -       B->Y    R     NOR2xp33_ASAP7_75t_R          2  1.1    29    20     482    (-,-) 
  u_exec0/less_than_signed_345_25:sub_267_12_g3073/Y     -       A->Y    F     NAND2xp5_ASAP7_75t_R          1  0.6    12    11     493    (-,-) 
  u_exec0/less_than_signed_345_25:sub_267_12_g3065/Y     -       A1->Y   R     OAI21xp5_ASAP7_75t_R          1  0.9    16    12     505    (-,-) 
  u_exec0/less_than_signed_345_25:sub_267_12_g2/Y        -       B->Y    R     XNOR2xp5_ASAP7_75t_R          1  1.1    24    19     523    (-,-) 
  u_exec0/g11435/Y                                       -       B->Y    F     NOR2x1_ASAP7_75t_R            2  1.1    13    12     535    (-,-) 
  u_exec0/g11419/Y                                       -       B->Y    R     AOI21xp5_ASAP7_75t_R          1  1.2    21    14     550    (-,-) 
  u_exec0/g11201/Y                                       -       A2->Y   R     AO31x2_ASAP7_75t_R            4  2.6    13    21     570    (-,-) 
  u_issue/g46561/Y                                       -       A->Y    F     INVx2_ASAP7_75t_R             2  1.7     7     6     577    (-,-) 
  u_issue/g46709/Y                                       -       A->Y    F     AND2x4_ASAP7_75t_R            3  4.0    10    18     595    (-,-) 
  u_issue/g46421/Y                                       -       B->Y    F     AND2x4_ASAP7_75t_R            1  3.9    10    18     613    (-,-) 
  u_issue/fopt73093/Y                                    -       A->Y    R     INVx6_ASAP7_75t_R             9  7.8    11     8     621    (-,-) 
  u_issue/fopt73085/Y                                    -       A->Y    F     INVx1_ASAP7_75t_R             4  2.4    14    10     631    (-,-) 
  u_issue/g46381/Y                                       -       A1->Y   R     AOI21xp5_ASAP7_75t_R          1  0.6    14    10     641    (-,-) 
  u_issue/g46212/Y                                       -       B->Y    F     OAI21xp5_ASAP7_75t_R          1  0.6    13     9     650    (-,-) 
  u_issue/g46203/Y                                       -       C->Y    R     O2A1O1Ixp33_ASAP7_75t_R       1  0.6    20    13     664    (-,-) 
  u_issue/pc_x_q_reg[28]/D                               -       -       R     ASYNC_DFFHx1_ASAP7_75t_R      1    -     -     0     664    (-,-) 
#------------------------------------------------------------------------------------------------------------------------------------------------



Path 11: VIOLATED (-448 ps) Setup Check with Pin u_issue/pc_x_q_reg[27]/CLK->D
          Group: clk
     Startpoint: (R) u_frontend/u_decode/genblk1.u_fifo/rd_ptr_q_reg[0]/CLK
          Clock: (R) clk
       Endpoint: (R) u_issue/pc_x_q_reg[27]/D
          Clock: (R) clk

                     Capture       Launch     
        Clock Edge:+     250            0     
       Src Latency:+       0            0     
       Net Latency:+       0 (I)        0 (I) 
           Arrival:=     250            0     
                                              
             Setup:-      10                  
       Uncertainty:-      25                  
     Required Time:=     216                  
      Launch Clock:-       0                  
         Data Path:-     664                  
             Slack:=    -448                  

#------------------------------------------------------------------------------------------------------------------------------------------------
#                     Timing Point                       Flags    Arc    Edge           Cell            Fanout Load Trans Delay Arrival Instance 
#                                                                                                              (fF)  (ps)  (ps)   (ps)  Location 
#------------------------------------------------------------------------------------------------------------------------------------------------
  u_frontend/u_decode/genblk1.u_fifo/rd_ptr_q_reg[0]/CLK -       -       R     (arrival)                  5356    -    12     0       0    (-,-) 
  u_frontend/u_decode/genblk1.u_fifo/rd_ptr_q_reg[0]/QN  -       CLK->QN R     ASYNC_DFFHx1_ASAP7_75t_R      1  1.3    18    43      43    (-,-) 
  u_frontend/u_decode/genblk1.u_fifo/fopt262/Y           -       A->Y    R     BUFx6f_ASAP7_75t_R            6  7.1    11    17      60    (-,-) 
  u_frontend/u_decode/genblk1.u_fifo/fopt238/Y           -       A->Y    F     INVx5_ASAP7_75t_R             8  7.2    10     8      68    (-,-) 
  u_frontend/u_decode/genblk1.u_fifo/fopt213/Y           -       A->Y    F     BUFx6f_ASAP7_75t_R            9  5.3     8    15      83    (-,-) 
  u_frontend/u_decode/genblk1.u_fifo/g6385/Y             -       A1->Y   R     OAI21xp5_ASAP7_75t_R          3  1.6    23    14      97    (-,-) 
  u_issue/g40520/Y                                       -       A->Y    F     INVx1_ASAP7_75t_R             1  0.6     8     7     104    (-,-) 
  u_issue/g40477/Y                                       -       B2->Y   R     AOI22xp5_ASAP7_75t_R          1  0.6    17    10     115    (-,-) 
  u_issue/g40445/Y                                       -       B->Y    F     NAND2xp5_ASAP7_75t_R          1  1.1    16    13     128    (-,-) 
  u_issue/g40442/Y                                       -       B->Y    R     NOR2x1_ASAP7_75t_R            1  1.6    17    13     141    (-,-) 
  u_issue/g40433/Y                                       -       A->Y    F     NAND2x1p5_ASAP7_75t_R         2  1.9    12    10     151    (-,-) 
  u_issue/g40428/Y                                       -       B->Y    F     OR2x2_ASAP7_75t_R             3  2.8    13    24     174    (-,-) 
  u_issue/g40580/Y                                       -       B->Y    R     NOR2x1p5_ASAP7_75t_R          1  2.1    15    12     186    (-,-) 
  u_issue/g40579/Y                                       -       A->Y    F     NAND2x2_ASAP7_75t_R           8  4.8    18    13     199    (-,-) 
  u_issue/g40578/Y                                       -       A->Y    R     INVx1_ASAP7_75t_R             4  2.4    18    14     213    (-,-) 
  u_issue/g40574/Y                                       -       A2->Y   R     AO22x2_ASAP7_75t_R            3  5.1    20    27     239    (-,-) 
  u_issue/fopt73132/Y                                    -       A->Y    F     INVx6_ASAP7_75t_R             9 10.2    13    11     250    (-,-) 
  u_issue/fopt73114/Y                                    -       A->Y    R     INVx5_ASAP7_75t_R             8  6.1    11     9     259    (-,-) 
  u_issue/u_regfile/fopt2097/Y                           -       A->Y    F     INVx2_ASAP7_75t_R             1  0.6     5     4     264    (-,-) 
  u_issue/u_regfile/g69645/Y                             -       C->Y    F     AND3x1_ASAP7_75t_R            4  4.4    26    23     286    (-,-) 
  u_issue/u_regfile/g69633/Y                             -       B->Y    F     AND2x4_ASAP7_75t_R           31 18.5    29    34     320    (-,-) 
  u_issue/u_regfile/fopt4103/Y                           -       A->Y    R     INVxp67_ASAP7_75t_R           2  1.0    16    14     333    (-,-) 
  u_issue/u_regfile/fopt4101/Y                           -       A->Y    F     INVxp67_ASAP7_75t_R           1  0.6     9     8     341    (-,-) 
  u_issue/u_regfile/g70050/Y                             -       B2->Y   R     AOI22xp5_ASAP7_75t_R          1  0.6    18    10     352    (-,-) 
  u_issue/u_regfile/g69830/Y                             -       A->Y    R     AND4x1_ASAP7_75t_R            1  0.5    11    24     376    (-,-) 
  u_issue/u_regfile/g69778/Y                             -       D->Y    F     NAND4xp25_ASAP7_75t_R         1  0.6    23    16     392    (-,-) 
  u_issue/g70727/Y                                       -       B1->Y   R     AOI22xp5_ASAP7_75t_R          1  1.6    28    21     413    (-,-) 
  u_issue/g70442/Y                                       -       A->Y    F     NAND2x1p5_ASAP7_75t_R         8  4.8    23    17     430    (-,-) 
  u_exec0/less_than_signed_345_25:sub_267_12_g3141/Y     -       A->Y    R     NAND2xp5_ASAP7_75t_R          2  1.1    19    16     446    (-,-) 
  u_exec0/less_than_signed_345_25:sub_267_12_g3091/Y     -       B->Y    F     OAI211xp5_ASAP7_75t_R         2  1.0    22    15     462    (-,-) 
  u_exec0/less_than_signed_345_25:sub_267_12_g3082/Y     -       B->Y    R     NOR2xp33_ASAP7_75t_R          2  1.1    29    20     482    (-,-) 
  u_exec0/less_than_signed_345_25:sub_267_12_g3073/Y     -       A->Y    F     NAND2xp5_ASAP7_75t_R          1  0.6    12    11     493    (-,-) 
  u_exec0/less_than_signed_345_25:sub_267_12_g3065/Y     -       A1->Y   R     OAI21xp5_ASAP7_75t_R          1  0.9    16    12     505    (-,-) 
  u_exec0/less_than_signed_345_25:sub_267_12_g2/Y        -       B->Y    R     XNOR2xp5_ASAP7_75t_R          1  1.1    24    19     523    (-,-) 
  u_exec0/g11435/Y                                       -       B->Y    F     NOR2x1_ASAP7_75t_R            2  1.1    13    12     535    (-,-) 
  u_exec0/g11419/Y                                       -       B->Y    R     AOI21xp5_ASAP7_75t_R          1  1.2    21    14     550    (-,-) 
  u_exec0/g11201/Y                                       -       A2->Y   R     AO31x2_ASAP7_75t_R            4  2.6    13    21     570    (-,-) 
  u_issue/g46561/Y                                       -       A->Y    F     INVx2_ASAP7_75t_R             2  1.7     7     6     577    (-,-) 
  u_issue/g46709/Y                                       -       A->Y    F     AND2x4_ASAP7_75t_R            3  4.0    10    18     595    (-,-) 
  u_issue/g46421/Y                                       -       B->Y    F     AND2x4_ASAP7_75t_R            1  3.9    10    18     613    (-,-) 
  u_issue/fopt73093/Y                                    -       A->Y    R     INVx6_ASAP7_75t_R             9  7.8    11     8     621    (-,-) 
  u_issue/fopt73085/Y                                    -       A->Y    F     INVx1_ASAP7_75t_R             4  2.4    14    10     631    (-,-) 
  u_issue/g46369/Y                                       -       A1->Y   R     AOI21xp5_ASAP7_75t_R          1  0.6    14    10     641    (-,-) 
  u_issue/g46218/Y                                       -       B->Y    F     OAI21xp5_ASAP7_75t_R          1  0.6    13     9     650    (-,-) 
  u_issue/g46210/Y                                       -       C->Y    R     O2A1O1Ixp33_ASAP7_75t_R       1  0.6    21    13     664    (-,-) 
  u_issue/pc_x_q_reg[27]/D                               -       -       R     ASYNC_DFFHx1_ASAP7_75t_R      1    -     -     0     664    (-,-) 
#------------------------------------------------------------------------------------------------------------------------------------------------



Path 12: VIOLATED (-448 ps) Setup Check with Pin u_issue/pc_x_q_reg[19]/CLK->D
          Group: clk
     Startpoint: (R) u_frontend/u_decode/genblk1.u_fifo/rd_ptr_q_reg[0]/CLK
          Clock: (R) clk
       Endpoint: (R) u_issue/pc_x_q_reg[19]/D
          Clock: (R) clk

                     Capture       Launch     
        Clock Edge:+     250            0     
       Src Latency:+       0            0     
       Net Latency:+       0 (I)        0 (I) 
           Arrival:=     250            0     
                                              
             Setup:-      10                  
       Uncertainty:-      25                  
     Required Time:=     216                  
      Launch Clock:-       0                  
         Data Path:-     664                  
             Slack:=    -448                  

#------------------------------------------------------------------------------------------------------------------------------------------------
#                     Timing Point                       Flags    Arc    Edge           Cell            Fanout Load Trans Delay Arrival Instance 
#                                                                                                              (fF)  (ps)  (ps)   (ps)  Location 
#------------------------------------------------------------------------------------------------------------------------------------------------
  u_frontend/u_decode/genblk1.u_fifo/rd_ptr_q_reg[0]/CLK -       -       R     (arrival)                  5356    -    12     0       0    (-,-) 
  u_frontend/u_decode/genblk1.u_fifo/rd_ptr_q_reg[0]/QN  -       CLK->QN R     ASYNC_DFFHx1_ASAP7_75t_R      1  1.3    18    43      43    (-,-) 
  u_frontend/u_decode/genblk1.u_fifo/fopt262/Y           -       A->Y    R     BUFx6f_ASAP7_75t_R            6  7.1    11    17      60    (-,-) 
  u_frontend/u_decode/genblk1.u_fifo/fopt238/Y           -       A->Y    F     INVx5_ASAP7_75t_R             8  7.2    10     8      68    (-,-) 
  u_frontend/u_decode/genblk1.u_fifo/fopt213/Y           -       A->Y    F     BUFx6f_ASAP7_75t_R            9  5.3     8    15      83    (-,-) 
  u_frontend/u_decode/genblk1.u_fifo/g6385/Y             -       A1->Y   R     OAI21xp5_ASAP7_75t_R          3  1.6    23    14      97    (-,-) 
  u_issue/g40520/Y                                       -       A->Y    F     INVx1_ASAP7_75t_R             1  0.6     8     7     104    (-,-) 
  u_issue/g40477/Y                                       -       B2->Y   R     AOI22xp5_ASAP7_75t_R          1  0.6    17    10     115    (-,-) 
  u_issue/g40445/Y                                       -       B->Y    F     NAND2xp5_ASAP7_75t_R          1  1.1    16    13     128    (-,-) 
  u_issue/g40442/Y                                       -       B->Y    R     NOR2x1_ASAP7_75t_R            1  1.6    17    13     141    (-,-) 
  u_issue/g40433/Y                                       -       A->Y    F     NAND2x1p5_ASAP7_75t_R         2  1.9    12    10     151    (-,-) 
  u_issue/g40428/Y                                       -       B->Y    F     OR2x2_ASAP7_75t_R             3  2.8    13    24     174    (-,-) 
  u_issue/g40580/Y                                       -       B->Y    R     NOR2x1p5_ASAP7_75t_R          1  2.1    15    12     186    (-,-) 
  u_issue/g40579/Y                                       -       A->Y    F     NAND2x2_ASAP7_75t_R           8  4.8    18    13     199    (-,-) 
  u_issue/g40578/Y                                       -       A->Y    R     INVx1_ASAP7_75t_R             4  2.4    18    14     213    (-,-) 
  u_issue/g40574/Y                                       -       A2->Y   R     AO22x2_ASAP7_75t_R            3  5.1    20    27     239    (-,-) 
  u_issue/fopt73132/Y                                    -       A->Y    F     INVx6_ASAP7_75t_R             9 10.2    13    11     250    (-,-) 
  u_issue/fopt73114/Y                                    -       A->Y    R     INVx5_ASAP7_75t_R             8  6.1    11     9     259    (-,-) 
  u_issue/u_regfile/fopt2097/Y                           -       A->Y    F     INVx2_ASAP7_75t_R             1  0.6     5     4     264    (-,-) 
  u_issue/u_regfile/g69645/Y                             -       C->Y    F     AND3x1_ASAP7_75t_R            4  4.4    26    23     286    (-,-) 
  u_issue/u_regfile/g69633/Y                             -       B->Y    F     AND2x4_ASAP7_75t_R           31 18.5    29    34     320    (-,-) 
  u_issue/u_regfile/fopt4103/Y                           -       A->Y    R     INVxp67_ASAP7_75t_R           2  1.0    16    14     333    (-,-) 
  u_issue/u_regfile/fopt4101/Y                           -       A->Y    F     INVxp67_ASAP7_75t_R           1  0.6     9     8     341    (-,-) 
  u_issue/u_regfile/g70050/Y                             -       B2->Y   R     AOI22xp5_ASAP7_75t_R          1  0.6    18    10     352    (-,-) 
  u_issue/u_regfile/g69830/Y                             -       A->Y    R     AND4x1_ASAP7_75t_R            1  0.5    11    24     376    (-,-) 
  u_issue/u_regfile/g69778/Y                             -       D->Y    F     NAND4xp25_ASAP7_75t_R         1  0.6    23    16     392    (-,-) 
  u_issue/g70727/Y                                       -       B1->Y   R     AOI22xp5_ASAP7_75t_R          1  1.6    28    21     413    (-,-) 
  u_issue/g70442/Y                                       -       A->Y    F     NAND2x1p5_ASAP7_75t_R         8  4.8    23    17     430    (-,-) 
  u_exec0/less_than_signed_345_25:sub_267_12_g3141/Y     -       A->Y    R     NAND2xp5_ASAP7_75t_R          2  1.1    19    16     446    (-,-) 
  u_exec0/less_than_signed_345_25:sub_267_12_g3091/Y     -       B->Y    F     OAI211xp5_ASAP7_75t_R         2  1.0    22    15     462    (-,-) 
  u_exec0/less_than_signed_345_25:sub_267_12_g3082/Y     -       B->Y    R     NOR2xp33_ASAP7_75t_R          2  1.1    29    20     482    (-,-) 
  u_exec0/less_than_signed_345_25:sub_267_12_g3073/Y     -       A->Y    F     NAND2xp5_ASAP7_75t_R          1  0.6    12    11     493    (-,-) 
  u_exec0/less_than_signed_345_25:sub_267_12_g3065/Y     -       A1->Y   R     OAI21xp5_ASAP7_75t_R          1  0.9    16    12     505    (-,-) 
  u_exec0/less_than_signed_345_25:sub_267_12_g2/Y        -       B->Y    R     XNOR2xp5_ASAP7_75t_R          1  1.1    24    19     523    (-,-) 
  u_exec0/g11435/Y                                       -       B->Y    F     NOR2x1_ASAP7_75t_R            2  1.1    13    12     535    (-,-) 
  u_exec0/g11419/Y                                       -       B->Y    R     AOI21xp5_ASAP7_75t_R          1  1.2    21    14     550    (-,-) 
  u_exec0/g11201/Y                                       -       A2->Y   R     AO31x2_ASAP7_75t_R            4  2.6    13    21     570    (-,-) 
  u_issue/g46561/Y                                       -       A->Y    F     INVx2_ASAP7_75t_R             2  1.7     7     6     577    (-,-) 
  u_issue/g46709/Y                                       -       A->Y    F     AND2x4_ASAP7_75t_R            3  4.0    10    18     595    (-,-) 
  u_issue/g46421/Y                                       -       B->Y    F     AND2x4_ASAP7_75t_R            1  3.9    10    18     613    (-,-) 
  u_issue/fopt73093/Y                                    -       A->Y    R     INVx6_ASAP7_75t_R             9  7.8    11     8     621    (-,-) 
  u_issue/fopt73085/Y                                    -       A->Y    F     INVx1_ASAP7_75t_R             4  2.4    14    10     631    (-,-) 
  u_issue/g46368/Y                                       -       A1->Y   R     AOI21xp5_ASAP7_75t_R          1  0.6    14    10     641    (-,-) 
  u_issue/g46276/Y                                       -       B->Y    F     OAI21xp5_ASAP7_75t_R          1  0.6    13     9     650    (-,-) 
  u_issue/g46270/Y                                       -       C->Y    R     O2A1O1Ixp33_ASAP7_75t_R       1  0.6    20    13     664    (-,-) 
  u_issue/pc_x_q_reg[19]/D                               -       -       R     ASYNC_DFFHx1_ASAP7_75t_R      1    -     -     0     664    (-,-) 
#------------------------------------------------------------------------------------------------------------------------------------------------



Path 13: VIOLATED (-448 ps) Setup Check with Pin u_issue/pc_x_q_reg[29]/CLK->D
          Group: clk
     Startpoint: (R) u_frontend/u_decode/genblk1.u_fifo/rd_ptr_q_reg[0]/CLK
          Clock: (R) clk
       Endpoint: (R) u_issue/pc_x_q_reg[29]/D
          Clock: (R) clk

                     Capture       Launch     
        Clock Edge:+     250            0     
       Src Latency:+       0            0     
       Net Latency:+       0 (I)        0 (I) 
           Arrival:=     250            0     
                                              
             Setup:-      10                  
       Uncertainty:-      25                  
     Required Time:=     216                  
      Launch Clock:-       0                  
         Data Path:-     664                  
             Slack:=    -448                  

#------------------------------------------------------------------------------------------------------------------------------------------------
#                     Timing Point                       Flags    Arc    Edge           Cell            Fanout Load Trans Delay Arrival Instance 
#                                                                                                              (fF)  (ps)  (ps)   (ps)  Location 
#------------------------------------------------------------------------------------------------------------------------------------------------
  u_frontend/u_decode/genblk1.u_fifo/rd_ptr_q_reg[0]/CLK -       -       R     (arrival)                  5356    -    12     0       0    (-,-) 
  u_frontend/u_decode/genblk1.u_fifo/rd_ptr_q_reg[0]/QN  -       CLK->QN R     ASYNC_DFFHx1_ASAP7_75t_R      1  1.3    18    43      43    (-,-) 
  u_frontend/u_decode/genblk1.u_fifo/fopt262/Y           -       A->Y    R     BUFx6f_ASAP7_75t_R            6  7.1    11    17      60    (-,-) 
  u_frontend/u_decode/genblk1.u_fifo/fopt238/Y           -       A->Y    F     INVx5_ASAP7_75t_R             8  7.2    10     8      68    (-,-) 
  u_frontend/u_decode/genblk1.u_fifo/fopt213/Y           -       A->Y    F     BUFx6f_ASAP7_75t_R            9  5.3     8    15      83    (-,-) 
  u_frontend/u_decode/genblk1.u_fifo/g6385/Y             -       A1->Y   R     OAI21xp5_ASAP7_75t_R          3  1.6    23    14      97    (-,-) 
  u_issue/g40520/Y                                       -       A->Y    F     INVx1_ASAP7_75t_R             1  0.6     8     7     104    (-,-) 
  u_issue/g40477/Y                                       -       B2->Y   R     AOI22xp5_ASAP7_75t_R          1  0.6    17    10     115    (-,-) 
  u_issue/g40445/Y                                       -       B->Y    F     NAND2xp5_ASAP7_75t_R          1  1.1    16    13     128    (-,-) 
  u_issue/g40442/Y                                       -       B->Y    R     NOR2x1_ASAP7_75t_R            1  1.6    17    13     141    (-,-) 
  u_issue/g40433/Y                                       -       A->Y    F     NAND2x1p5_ASAP7_75t_R         2  1.9    12    10     151    (-,-) 
  u_issue/g40428/Y                                       -       B->Y    F     OR2x2_ASAP7_75t_R             3  2.8    13    24     174    (-,-) 
  u_issue/g40580/Y                                       -       B->Y    R     NOR2x1p5_ASAP7_75t_R          1  2.1    15    12     186    (-,-) 
  u_issue/g40579/Y                                       -       A->Y    F     NAND2x2_ASAP7_75t_R           8  4.8    18    13     199    (-,-) 
  u_issue/g40578/Y                                       -       A->Y    R     INVx1_ASAP7_75t_R             4  2.4    18    14     213    (-,-) 
  u_issue/g40574/Y                                       -       A2->Y   R     AO22x2_ASAP7_75t_R            3  5.1    20    27     239    (-,-) 
  u_issue/fopt73132/Y                                    -       A->Y    F     INVx6_ASAP7_75t_R             9 10.2    13    11     250    (-,-) 
  u_issue/fopt73114/Y                                    -       A->Y    R     INVx5_ASAP7_75t_R             8  6.1    11     9     259    (-,-) 
  u_issue/u_regfile/fopt2097/Y                           -       A->Y    F     INVx2_ASAP7_75t_R             1  0.6     5     4     264    (-,-) 
  u_issue/u_regfile/g69645/Y                             -       C->Y    F     AND3x1_ASAP7_75t_R            4  4.4    26    23     286    (-,-) 
  u_issue/u_regfile/g69633/Y                             -       B->Y    F     AND2x4_ASAP7_75t_R           31 18.5    29    34     320    (-,-) 
  u_issue/u_regfile/fopt4103/Y                           -       A->Y    R     INVxp67_ASAP7_75t_R           2  1.0    16    14     333    (-,-) 
  u_issue/u_regfile/fopt4101/Y                           -       A->Y    F     INVxp67_ASAP7_75t_R           1  0.6     9     8     341    (-,-) 
  u_issue/u_regfile/g70050/Y                             -       B2->Y   R     AOI22xp5_ASAP7_75t_R          1  0.6    18    10     352    (-,-) 
  u_issue/u_regfile/g69830/Y                             -       A->Y    R     AND4x1_ASAP7_75t_R            1  0.5    11    24     376    (-,-) 
  u_issue/u_regfile/g69778/Y                             -       D->Y    F     NAND4xp25_ASAP7_75t_R         1  0.6    23    16     392    (-,-) 
  u_issue/g70727/Y                                       -       B1->Y   R     AOI22xp5_ASAP7_75t_R          1  1.6    28    21     413    (-,-) 
  u_issue/g70442/Y                                       -       A->Y    F     NAND2x1p5_ASAP7_75t_R         8  4.8    23    17     430    (-,-) 
  u_exec0/less_than_signed_345_25:sub_267_12_g3141/Y     -       A->Y    R     NAND2xp5_ASAP7_75t_R          2  1.1    19    16     446    (-,-) 
  u_exec0/less_than_signed_345_25:sub_267_12_g3091/Y     -       B->Y    F     OAI211xp5_ASAP7_75t_R         2  1.0    22    15     462    (-,-) 
  u_exec0/less_than_signed_345_25:sub_267_12_g3082/Y     -       B->Y    R     NOR2xp33_ASAP7_75t_R          2  1.1    29    20     482    (-,-) 
  u_exec0/less_than_signed_345_25:sub_267_12_g3073/Y     -       A->Y    F     NAND2xp5_ASAP7_75t_R          1  0.6    12    11     493    (-,-) 
  u_exec0/less_than_signed_345_25:sub_267_12_g3065/Y     -       A1->Y   R     OAI21xp5_ASAP7_75t_R          1  0.9    16    12     505    (-,-) 
  u_exec0/less_than_signed_345_25:sub_267_12_g2/Y        -       B->Y    R     XNOR2xp5_ASAP7_75t_R          1  1.1    24    19     523    (-,-) 
  u_exec0/g11435/Y                                       -       B->Y    F     NOR2x1_ASAP7_75t_R            2  1.1    13    12     535    (-,-) 
  u_exec0/g11419/Y                                       -       B->Y    R     AOI21xp5_ASAP7_75t_R          1  1.2    21    14     550    (-,-) 
  u_exec0/g11201/Y                                       -       A2->Y   R     AO31x2_ASAP7_75t_R            4  2.6    13    21     570    (-,-) 
  u_issue/g46561/Y                                       -       A->Y    F     INVx2_ASAP7_75t_R             2  1.7     7     6     577    (-,-) 
  u_issue/g46709/Y                                       -       A->Y    F     AND2x4_ASAP7_75t_R            3  4.0    10    18     595    (-,-) 
  u_issue/g46421/Y                                       -       B->Y    F     AND2x4_ASAP7_75t_R            1  3.9    10    18     613    (-,-) 
  u_issue/fopt73093/Y                                    -       A->Y    R     INVx6_ASAP7_75t_R             9  7.8    11     8     621    (-,-) 
  u_issue/fopt73087/Y                                    -       A->Y    F     INVx2_ASAP7_75t_R             8  4.8    14    10     631    (-,-) 
  u_issue/g46376/Y                                       -       A1->Y   R     AOI21xp5_ASAP7_75t_R          1  0.6    14    10     641    (-,-) 
  u_issue/g46201/Y                                       -       B->Y    F     OAI21xp5_ASAP7_75t_R          1  0.6    13     9     650    (-,-) 
  u_issue/g46200/Y                                       -       C->Y    R     O2A1O1Ixp33_ASAP7_75t_R       1  0.6    20    13     664    (-,-) 
  u_issue/pc_x_q_reg[29]/D                               -       -       R     ASYNC_DFFHx1_ASAP7_75t_R      1    -     -     0     664    (-,-) 
#------------------------------------------------------------------------------------------------------------------------------------------------



Path 14: VIOLATED (-448 ps) Setup Check with Pin u_issue/pc_x_q_reg[26]/CLK->D
          Group: clk
     Startpoint: (R) u_frontend/u_decode/genblk1.u_fifo/rd_ptr_q_reg[0]/CLK
          Clock: (R) clk
       Endpoint: (R) u_issue/pc_x_q_reg[26]/D
          Clock: (R) clk

                     Capture       Launch     
        Clock Edge:+     250            0     
       Src Latency:+       0            0     
       Net Latency:+       0 (I)        0 (I) 
           Arrival:=     250            0     
                                              
             Setup:-       9                  
       Uncertainty:-      25                  
     Required Time:=     216                  
      Launch Clock:-       0                  
         Data Path:-     664                  
             Slack:=    -448                  

#------------------------------------------------------------------------------------------------------------------------------------------------
#                     Timing Point                       Flags    Arc    Edge           Cell            Fanout Load Trans Delay Arrival Instance 
#                                                                                                              (fF)  (ps)  (ps)   (ps)  Location 
#------------------------------------------------------------------------------------------------------------------------------------------------
  u_frontend/u_decode/genblk1.u_fifo/rd_ptr_q_reg[0]/CLK -       -       R     (arrival)                  5356    -    12     0       0    (-,-) 
  u_frontend/u_decode/genblk1.u_fifo/rd_ptr_q_reg[0]/QN  -       CLK->QN F     ASYNC_DFFHx1_ASAP7_75t_R      1  1.3    17    41      41    (-,-) 
  u_frontend/u_decode/genblk1.u_fifo/fopt262/Y           -       A->Y    F     BUFx6f_ASAP7_75t_R            6  7.1    10    18      58    (-,-) 
  u_frontend/u_decode/genblk1.u_fifo/fopt174/Y           -       A->Y    F     BUFx3_ASAP7_75t_R             3  2.5     8    15      73    (-,-) 
  u_frontend/u_decode/genblk1.u_fifo/g6498/Y             -       B->Y    R     NAND2xp5_ASAP7_75t_R          1  0.6    13     8      82    (-,-) 
  u_frontend/u_decode/genblk1.u_fifo/g6411/Y             -       B->Y    F     OAI21xp5_ASAP7_75t_R          3  1.6    19    13      95    (-,-) 
  u_issue/g40562/Y                                       -       A->Y    R     INVx1_ASAP7_75t_R             1  0.6     9     8     103    (-,-) 
  u_issue/g40464/Y                                       -       B1->Y   F     AOI22xp5_ASAP7_75t_R          1  1.0    19     9     112    (-,-) 
  u_issue/g40446/Y                                       -       A->Y    R     NAND2x1_ASAP7_75t_R           1  1.1    16    15     127    (-,-) 
  u_issue/g40443/Y                                       -       B->Y    F     NOR2x1_ASAP7_75t_R            1  1.6    15    12     139    (-,-) 
  u_issue/g40433/Y                                       -       B->Y    R     NAND2x1p5_ASAP7_75t_R         2  1.9    15    11     151    (-,-) 
  u_issue/g40428/Y                                       -       B->Y    R     OR2x2_ASAP7_75t_R             3  2.8    14    21     171    (-,-) 
  u_issue/g40580/Y                                       -       B->Y    F     NOR2x1p5_ASAP7_75t_R          1  2.0    12    10     181    (-,-) 
  u_issue/g40579/Y                                       -       A->Y    R     NAND2x2_ASAP7_75t_R           8  4.8    23    16     198    (-,-) 
  u_issue/g40599/Y                                       -       A1->Y   R     OA22x2_ASAP7_75t_R            1  2.6    12    24     222    (-,-) 
  u_issue/g40596/Y                                       -       A->Y    F     INVx4_ASAP7_75t_R            12  9.7    15    11     232    (-,-) 
  u_issue/g72838/Y                                       -       A->Y    R     INVx2_ASAP7_75t_R             4  2.6    11     9     242    (-,-) 
  u_issue/g72829/Y                                       -       A->Y    F     INVx1_ASAP7_75t_R             4  2.1    13    10     251    (-,-) 
  u_issue/g72085/Y                                       -       A2->Y   F     OA22x2_ASAP7_75t_R            1  1.1     8    19     271    (-,-) 
  u_issue/g71765/Y                                       -       B->Y    R     NAND2x1_ASAP7_75t_R           1  1.4    17    10     281    (-,-) 
  u_issue/g71517/Y                                       -       A->Y    F     NOR3x1_ASAP7_75t_R            2  1.4    20    13     294    (-,-) 
  u_issue/g71407/Y                                       -       A->Y    R     NOR2x1_ASAP7_75t_R            3  2.4    22    17     311    (-,-) 
  u_issue/g71343/Y                                       -       B->Y    R     AND2x2_ASAP7_75t_R            2  3.4    16    25     336    (-,-) 
  u_issue/g71281/Y                                       -       A->Y    F     INVx2_ASAP7_75t_R             1  2.1     9     8     344    (-,-) 
  u_issue/g71171/Y                                       -       A->Y    R     NOR2x2_ASAP7_75t_R           17  9.9    38    22     366    (-,-) 
  u_issue/g70712/Y                                       -       A1->Y   F     AOI221xp5_ASAP7_75t_R         1  0.5    24    20     387    (-,-) 
  u_issue/g70579/Y                                       -       B->Y    R     NAND3xp33_ASAP7_75t_R         1  0.7    16    15     402    (-,-) 
  u_issue/g70516/Y                                       -       A->Y    R     BUFx3_ASAP7_75t_R            14  7.3    18    21     423    (-,-) 
  u_exec0/g6276/Y                                        -       A->Y    R     BUFx3_ASAP7_75t_R             4  2.4     8    16     439    (-,-) 
  u_exec0/g6275/Y                                        -       A->Y    F     INVxp67_ASAP7_75t_R           2  1.0    10     8     447    (-,-) 
  u_exec0/g6274/Y                                        -       A->Y    R     INVxp67_ASAP7_75t_R           1  0.7     9     8     454    (-,-) 
  u_exec0/add_326_51_g1780/Y                             -       A->Y    F     INVx1_ASAP7_75t_R             2  1.3     9     7     462    (-,-) 
  u_exec0/add_326_51_g1714/Y                             -       B->Y    R     NAND2xp5_ASAP7_75t_R          2  1.0    17    10     472    (-,-) 
  u_exec0/add_326_51_g1626/Y                             -       A->Y    F     NAND2xp5_ASAP7_75t_R          2  1.2    20    12     485    (-,-) 
  u_exec0/add_326_51_g1614/Y                             -       A->Y    R     NOR3xp33_ASAP7_75t_R          2  1.2    35    22     507    (-,-) 
  u_exec0/add_326_51_g1593/Y                             -       B->Y    F     NAND2xp5_ASAP7_75t_R          1  0.6    16    13     520    (-,-) 
  u_exec0/add_326_51_g1568/Y                             -       A1->Y   F     OA21x2_ASAP7_75t_R            4  2.5    11    21     541    (-,-) 
  u_exec0/add_326_51_g1532/Y                             -       A1->Y   R     O2A1O1Ixp33_ASAP7_75t_R       2  1.1    33    18     559    (-,-) 
  u_exec0/add_326_51_g1514/Y                             -       A1->Y   F     AOI21xp5_ASAP7_75t_R          2  1.3    22    17     576    (-,-) 
  u_exec0/add_326_51_g1513/Y                             -       A->Y    R     INVx1_ASAP7_75t_R             2  1.5    15    12     588    (-,-) 
  u_exec0/add_326_51_g1501/Y                             -       B->Y    F     XNOR2xp5_ASAP7_75t_R          1  0.6    14    10     598    (-,-) 
  u_exec0/g11360/Y                                       -       A2->Y   F     AO21x1_ASAP7_75t_R            1  0.7     9    16     614    (-,-) 
  u_issue/g46697/Y                                       -       A->Y    R     INVx1_ASAP7_75t_R             1  0.6     7     6     620    (-,-) 
  u_issue/g46451/Y                                       -       A1->Y   F     OAI21xp5_ASAP7_75t_R          1  0.5    11     7     628    (-,-) 
  u_issue/g46217/Y                                       -       C->Y    R     AOI221xp5_ASAP7_75t_R         1  0.6    23    16     643    (-,-) 
  u_issue/g46211/Y                                       -       B->Y    F     OAI21xp5_ASAP7_75t_R          1  0.6    13    10     653    (-,-) 
  u_issue/g46205/Y                                       -       B->Y    R     AOI21xp5_ASAP7_75t_R          1  0.6    14    11     664    (-,-) 
  u_issue/pc_x_q_reg[26]/D                               -       -       R     ASYNC_DFFHx1_ASAP7_75t_R      1    -     -     0     664    (-,-) 
#------------------------------------------------------------------------------------------------------------------------------------------------



Path 15: VIOLATED (-448 ps) Setup Check with Pin u_issue/pc_x_q_reg[25]/CLK->D
          Group: clk
     Startpoint: (R) u_frontend/u_decode/genblk1.u_fifo/rd_ptr_q_reg[0]/CLK
          Clock: (R) clk
       Endpoint: (R) u_issue/pc_x_q_reg[25]/D
          Clock: (R) clk

                     Capture       Launch     
        Clock Edge:+     250            0     
       Src Latency:+       0            0     
       Net Latency:+       0 (I)        0 (I) 
           Arrival:=     250            0     
                                              
             Setup:-      10                  
       Uncertainty:-      25                  
     Required Time:=     216                  
      Launch Clock:-       0                  
         Data Path:-     664                  
             Slack:=    -448                  

#------------------------------------------------------------------------------------------------------------------------------------------------
#                     Timing Point                       Flags    Arc    Edge           Cell            Fanout Load Trans Delay Arrival Instance 
#                                                                                                              (fF)  (ps)  (ps)   (ps)  Location 
#------------------------------------------------------------------------------------------------------------------------------------------------
  u_frontend/u_decode/genblk1.u_fifo/rd_ptr_q_reg[0]/CLK -       -       R     (arrival)                  5356    -    12     0       0    (-,-) 
  u_frontend/u_decode/genblk1.u_fifo/rd_ptr_q_reg[0]/QN  -       CLK->QN R     ASYNC_DFFHx1_ASAP7_75t_R      1  1.3    18    43      43    (-,-) 
  u_frontend/u_decode/genblk1.u_fifo/fopt262/Y           -       A->Y    R     BUFx6f_ASAP7_75t_R            6  7.1    11    17      60    (-,-) 
  u_frontend/u_decode/genblk1.u_fifo/fopt238/Y           -       A->Y    F     INVx5_ASAP7_75t_R             8  7.2    10     8      68    (-,-) 
  u_frontend/u_decode/genblk1.u_fifo/fopt213/Y           -       A->Y    F     BUFx6f_ASAP7_75t_R            9  5.3     8    15      83    (-,-) 
  u_frontend/u_decode/genblk1.u_fifo/g6385/Y             -       A1->Y   R     OAI21xp5_ASAP7_75t_R          3  1.6    23    14      97    (-,-) 
  u_issue/g40520/Y                                       -       A->Y    F     INVx1_ASAP7_75t_R             1  0.6     8     7     104    (-,-) 
  u_issue/g40477/Y                                       -       B2->Y   R     AOI22xp5_ASAP7_75t_R          1  0.6    17    10     115    (-,-) 
  u_issue/g40445/Y                                       -       B->Y    F     NAND2xp5_ASAP7_75t_R          1  1.1    16    13     128    (-,-) 
  u_issue/g40442/Y                                       -       B->Y    R     NOR2x1_ASAP7_75t_R            1  1.6    17    13     141    (-,-) 
  u_issue/g40433/Y                                       -       A->Y    F     NAND2x1p5_ASAP7_75t_R         2  1.9    12    10     151    (-,-) 
  u_issue/g40428/Y                                       -       B->Y    F     OR2x2_ASAP7_75t_R             3  2.8    13    24     174    (-,-) 
  u_issue/g40580/Y                                       -       B->Y    R     NOR2x1p5_ASAP7_75t_R          1  2.1    15    12     186    (-,-) 
  u_issue/g40579/Y                                       -       A->Y    F     NAND2x2_ASAP7_75t_R           8  4.8    18    13     199    (-,-) 
  u_issue/g40578/Y                                       -       A->Y    R     INVx1_ASAP7_75t_R             4  2.4    18    14     213    (-,-) 
  u_issue/g40574/Y                                       -       A2->Y   R     AO22x2_ASAP7_75t_R            3  5.1    20    27     239    (-,-) 
  u_issue/fopt73132/Y                                    -       A->Y    F     INVx6_ASAP7_75t_R             9 10.2    13    11     250    (-,-) 
  u_issue/fopt73114/Y                                    -       A->Y    R     INVx5_ASAP7_75t_R             8  6.1    11     9     259    (-,-) 
  u_issue/u_regfile/fopt2097/Y                           -       A->Y    F     INVx2_ASAP7_75t_R             1  0.6     5     4     264    (-,-) 
  u_issue/u_regfile/g69645/Y                             -       C->Y    F     AND3x1_ASAP7_75t_R            4  4.4    26    23     286    (-,-) 
  u_issue/u_regfile/g69633/Y                             -       B->Y    F     AND2x4_ASAP7_75t_R           31 18.5    29    34     320    (-,-) 
  u_issue/u_regfile/fopt4103/Y                           -       A->Y    R     INVxp67_ASAP7_75t_R           2  1.0    16    14     333    (-,-) 
  u_issue/u_regfile/fopt4101/Y                           -       A->Y    F     INVxp67_ASAP7_75t_R           1  0.6     9     8     341    (-,-) 
  u_issue/u_regfile/g70050/Y                             -       B2->Y   R     AOI22xp5_ASAP7_75t_R          1  0.6    18    10     352    (-,-) 
  u_issue/u_regfile/g69830/Y                             -       A->Y    R     AND4x1_ASAP7_75t_R            1  0.5    11    24     376    (-,-) 
  u_issue/u_regfile/g69778/Y                             -       D->Y    F     NAND4xp25_ASAP7_75t_R         1  0.6    23    16     392    (-,-) 
  u_issue/g70727/Y                                       -       B1->Y   R     AOI22xp5_ASAP7_75t_R          1  1.6    28    21     413    (-,-) 
  u_issue/g70442/Y                                       -       A->Y    F     NAND2x1p5_ASAP7_75t_R         8  4.8    23    17     430    (-,-) 
  u_exec0/less_than_signed_345_25:sub_267_12_g3141/Y     -       A->Y    R     NAND2xp5_ASAP7_75t_R          2  1.1    19    16     446    (-,-) 
  u_exec0/less_than_signed_345_25:sub_267_12_g3091/Y     -       B->Y    F     OAI211xp5_ASAP7_75t_R         2  1.0    22    15     462    (-,-) 
  u_exec0/less_than_signed_345_25:sub_267_12_g3082/Y     -       B->Y    R     NOR2xp33_ASAP7_75t_R          2  1.1    29    20     482    (-,-) 
  u_exec0/less_than_signed_345_25:sub_267_12_g3073/Y     -       A->Y    F     NAND2xp5_ASAP7_75t_R          1  0.6    12    11     493    (-,-) 
  u_exec0/less_than_signed_345_25:sub_267_12_g3065/Y     -       A1->Y   R     OAI21xp5_ASAP7_75t_R          1  0.9    16    12     505    (-,-) 
  u_exec0/less_than_signed_345_25:sub_267_12_g2/Y        -       B->Y    R     XNOR2xp5_ASAP7_75t_R          1  1.1    24    19     523    (-,-) 
  u_exec0/g11435/Y                                       -       B->Y    F     NOR2x1_ASAP7_75t_R            2  1.1    13    12     535    (-,-) 
  u_exec0/g11419/Y                                       -       B->Y    R     AOI21xp5_ASAP7_75t_R          1  1.2    21    14     550    (-,-) 
  u_exec0/g11201/Y                                       -       A2->Y   R     AO31x2_ASAP7_75t_R            4  2.6    13    21     570    (-,-) 
  u_issue/g46561/Y                                       -       A->Y    F     INVx2_ASAP7_75t_R             2  1.7     7     6     577    (-,-) 
  u_issue/g46709/Y                                       -       A->Y    F     AND2x4_ASAP7_75t_R            3  4.0    10    18     595    (-,-) 
  u_issue/g46421/Y                                       -       B->Y    F     AND2x4_ASAP7_75t_R            1  3.9    10    18     613    (-,-) 
  u_issue/fopt73093/Y                                    -       A->Y    R     INVx6_ASAP7_75t_R             9  7.8    11     8     621    (-,-) 
  u_issue/fopt73087/Y                                    -       A->Y    F     INVx2_ASAP7_75t_R             8  4.8    14    10     631    (-,-) 
  u_issue/g46372/Y                                       -       A1->Y   R     AOI21xp5_ASAP7_75t_R          1  0.6    14    10     641    (-,-) 
  u_issue/g46233/Y                                       -       B->Y    F     OAI21xp5_ASAP7_75t_R          1  0.6    13     9     650    (-,-) 
  u_issue/g46227/Y                                       -       C->Y    R     O2A1O1Ixp33_ASAP7_75t_R       1  0.6    20    13     664    (-,-) 
  u_issue/pc_x_q_reg[25]/D                               -       -       R     ASYNC_DFFHx1_ASAP7_75t_R      1    -     -     0     664    (-,-) 
#------------------------------------------------------------------------------------------------------------------------------------------------



Path 16: VIOLATED (-448 ps) Setup Check with Pin u_issue/pc_x_q_reg[11]/CLK->D
          Group: clk
     Startpoint: (R) u_frontend/u_decode/genblk1.u_fifo/rd_ptr_q_reg[0]/CLK
          Clock: (R) clk
       Endpoint: (R) u_issue/pc_x_q_reg[11]/D
          Clock: (R) clk

                     Capture       Launch     
        Clock Edge:+     250            0     
       Src Latency:+       0            0     
       Net Latency:+       0 (I)        0 (I) 
           Arrival:=     250            0     
                                              
             Setup:-      10                  
       Uncertainty:-      25                  
     Required Time:=     216                  
      Launch Clock:-       0                  
         Data Path:-     664                  
             Slack:=    -448                  

#------------------------------------------------------------------------------------------------------------------------------------------------
#                     Timing Point                       Flags    Arc    Edge           Cell            Fanout Load Trans Delay Arrival Instance 
#                                                                                                              (fF)  (ps)  (ps)   (ps)  Location 
#------------------------------------------------------------------------------------------------------------------------------------------------
  u_frontend/u_decode/genblk1.u_fifo/rd_ptr_q_reg[0]/CLK -       -       R     (arrival)                  5356    -    12     0       0    (-,-) 
  u_frontend/u_decode/genblk1.u_fifo/rd_ptr_q_reg[0]/QN  -       CLK->QN R     ASYNC_DFFHx1_ASAP7_75t_R      1  1.3    18    43      43    (-,-) 
  u_frontend/u_decode/genblk1.u_fifo/fopt262/Y           -       A->Y    R     BUFx6f_ASAP7_75t_R            6  7.1    11    17      60    (-,-) 
  u_frontend/u_decode/genblk1.u_fifo/fopt238/Y           -       A->Y    F     INVx5_ASAP7_75t_R             8  7.2    10     8      68    (-,-) 
  u_frontend/u_decode/genblk1.u_fifo/fopt213/Y           -       A->Y    F     BUFx6f_ASAP7_75t_R            9  5.3     8    15      83    (-,-) 
  u_frontend/u_decode/genblk1.u_fifo/g6385/Y             -       A1->Y   R     OAI21xp5_ASAP7_75t_R          3  1.6    23    14      97    (-,-) 
  u_issue/g40520/Y                                       -       A->Y    F     INVx1_ASAP7_75t_R             1  0.6     8     7     104    (-,-) 
  u_issue/g40477/Y                                       -       B2->Y   R     AOI22xp5_ASAP7_75t_R          1  0.6    17    10     115    (-,-) 
  u_issue/g40445/Y                                       -       B->Y    F     NAND2xp5_ASAP7_75t_R          1  1.1    16    13     128    (-,-) 
  u_issue/g40442/Y                                       -       B->Y    R     NOR2x1_ASAP7_75t_R            1  1.6    17    13     141    (-,-) 
  u_issue/g40433/Y                                       -       A->Y    F     NAND2x1p5_ASAP7_75t_R         2  1.9    12    10     151    (-,-) 
  u_issue/g40428/Y                                       -       B->Y    F     OR2x2_ASAP7_75t_R             3  2.8    13    24     174    (-,-) 
  u_issue/g40580/Y                                       -       B->Y    R     NOR2x1p5_ASAP7_75t_R          1  2.1    15    12     186    (-,-) 
  u_issue/g40579/Y                                       -       A->Y    F     NAND2x2_ASAP7_75t_R           8  4.8    18    13     199    (-,-) 
  u_issue/g40599/Y                                       -       A1->Y   F     OA22x2_ASAP7_75t_R            1  2.6    12    23     221    (-,-) 
  u_issue/g40596/Y                                       -       A->Y    R     INVx4_ASAP7_75t_R            12  9.6    17    12     233    (-,-) 
  u_issue/g38711/Y                                       -       A->Y    R     BUFx6f_ASAP7_75t_R            4  4.5     8    16     249    (-,-) 
  u_issue/u_regfile/g2109/Y                              -       A->Y    F     INVx3_ASAP7_75t_R             2  2.2     6     5     254    (-,-) 
  u_issue/u_regfile/g2102/Y                              -       B->Y    F     AND2x4_ASAP7_75t_R            7  7.7    14    20     273    (-,-) 
  u_issue/u_regfile/g69733/Y                             -       B->Y    F     AND2x4_ASAP7_75t_R           26 15.8    25    28     302    (-,-) 
  u_issue/u_regfile/g4216/Y                              -       A->Y    F     BUFx3_ASAP7_75t_R             4  2.4     8    19     321    (-,-) 
  u_issue/u_regfile/g71560/Y                             -       B2->Y   R     AOI22xp5_ASAP7_75t_R          1  0.6    18    10     331    (-,-) 
  u_issue/u_regfile/g71256/Y                             -       C->Y    R     AND4x1_ASAP7_75t_R            1  0.5    11    26     357    (-,-) 
  u_issue/u_regfile/g71179/Y                             -       D->Y    F     NAND4xp25_ASAP7_75t_R         1  0.5    22    15     372    (-,-) 
  u_issue/fopt73047/Y                                    -       A->Y    R     INVxp67_ASAP7_75t_R           1  0.6    12    10     382    (-,-) 
  u_issue/g70763/Y                                       -       A1->Y   F     OAI21xp5_ASAP7_75t_R          1  1.1    16    11     393    (-,-) 
  u_issue/g70587/Y                                       -       B->Y    F     OR2x6_ASAP7_75t_R            15  7.9    14    28     422    (-,-) 
  u_exec0/g6265/Y                                        -       A->Y    R     INVxp67_ASAP7_75t_R           2  1.0    13    10     432    (-,-) 
  u_exec0/g6263/Y                                        -       A->Y    R     HB1xp67_ASAP7_75t_R           2  1.0    12    17     448    (-,-) 
  u_exec0/g6262/Y                                        -       A->Y    F     INVxp67_ASAP7_75t_R           1  0.7     8     7     456    (-,-) 
  u_exec0/add_326_51_g1786/Y                             -       A->Y    R     INVx1_ASAP7_75t_R             2  1.4    11     8     464    (-,-) 
  u_exec0/add_326_51_g1766/Y                             -       B->Y    F     NAND2xp5_ASAP7_75t_R          2  1.0    14    11     475    (-,-) 
  u_exec0/add_326_51_g1638/Y                             -       A->Y    R     NAND2xp5_ASAP7_75t_R          2  1.2    18    14     489    (-,-) 
  u_exec0/add_326_51_g1588/Y                             -       A1->Y   F     OAI21xp5_ASAP7_75t_R          1  1.2    18    13     502    (-,-) 
  u_exec0/add_326_51_g1578/Y                             -       B->Y    R     AOI21x1_ASAP7_75t_R           2  1.3    16    13     515    (-,-) 
  u_exec0/fopt11681/Y                                    -       A->Y    F     INVx1_ASAP7_75t_R             2  0.9     8     7     522    (-,-) 
  u_exec0/fopt11680/Y                                    -       A->Y    F     HB1xp67_ASAP7_75t_R           2  0.9    10    16     538    (-,-) 
  u_exec0/add_326_51_g1572/Y                             -       B->Y    R     NAND2xp5_ASAP7_75t_R          2  1.1    17    11     549    (-,-) 
  u_exec0/add_326_51_g1560/Y                             -       A2->Y   R     OA21x2_ASAP7_75t_R            2  1.7    10    19     568    (-,-) 
  u_exec0/add_326_51_g1537/Y                             -       A2->Y   F     OAI21xp5_ASAP7_75t_R          1  1.0    15    10     578    (-,-) 
  u_exec0/add_326_51_g1518/Y                             -       B->Y    F     XNOR2xp5_ASAP7_75t_R          1  0.5    15    19     597    (-,-) 
  u_exec0/g11382/Y                                       -       A2->Y   F     AO22x1_ASAP7_75t_R            1  0.7    10    20     616    (-,-) 
  u_issue/g46690/Y                                       -       A->Y    R     INVx1_ASAP7_75t_R             1  0.6     7     6     623    (-,-) 
  u_issue/g46459/Y                                       -       A1->Y   F     OAI21xp5_ASAP7_75t_R          1  0.6    12     8     630    (-,-) 
  u_issue/g46382/Y                                       -       B->Y    R     AOI21xp5_ASAP7_75t_R          1  0.6    14    11     641    (-,-) 
  u_issue/g46340/Y                                       -       B->Y    F     OAI21xp5_ASAP7_75t_R          1  0.6    13     9     650    (-,-) 
  u_issue/g46332/Y                                       -       C->Y    R     O2A1O1Ixp33_ASAP7_75t_R       1  0.6    21    13     664    (-,-) 
  u_issue/pc_x_q_reg[11]/D                               -       -       R     ASYNC_DFFHx1_ASAP7_75t_R      1    -     -     0     664    (-,-) 
#------------------------------------------------------------------------------------------------------------------------------------------------



Path 17: VIOLATED (-448 ps) Setup Check with Pin u_issue/pc_x_q_reg[10]/CLK->D
          Group: clk
     Startpoint: (R) u_frontend/u_decode/genblk1.u_fifo/rd_ptr_q_reg[0]/CLK
          Clock: (R) clk
       Endpoint: (R) u_issue/pc_x_q_reg[10]/D
          Clock: (R) clk

                     Capture       Launch     
        Clock Edge:+     250            0     
       Src Latency:+       0            0     
       Net Latency:+       0 (I)        0 (I) 
           Arrival:=     250            0     
                                              
             Setup:-      10                  
       Uncertainty:-      25                  
     Required Time:=     216                  
      Launch Clock:-       0                  
         Data Path:-     664                  
             Slack:=    -448                  

#------------------------------------------------------------------------------------------------------------------------------------------------
#                     Timing Point                       Flags    Arc    Edge           Cell            Fanout Load Trans Delay Arrival Instance 
#                                                                                                              (fF)  (ps)  (ps)   (ps)  Location 
#------------------------------------------------------------------------------------------------------------------------------------------------
  u_frontend/u_decode/genblk1.u_fifo/rd_ptr_q_reg[0]/CLK -       -       R     (arrival)                  5356    -    12     0       0    (-,-) 
  u_frontend/u_decode/genblk1.u_fifo/rd_ptr_q_reg[0]/QN  -       CLK->QN R     ASYNC_DFFHx1_ASAP7_75t_R      1  1.3    18    43      43    (-,-) 
  u_frontend/u_decode/genblk1.u_fifo/fopt262/Y           -       A->Y    R     BUFx6f_ASAP7_75t_R            6  7.1    11    17      60    (-,-) 
  u_frontend/u_decode/genblk1.u_fifo/fopt238/Y           -       A->Y    F     INVx5_ASAP7_75t_R             8  7.2    10     8      68    (-,-) 
  u_frontend/u_decode/genblk1.u_fifo/fopt213/Y           -       A->Y    F     BUFx6f_ASAP7_75t_R            9  5.3     8    15      83    (-,-) 
  u_frontend/u_decode/genblk1.u_fifo/g6385/Y             -       A1->Y   R     OAI21xp5_ASAP7_75t_R          3  1.6    23    14      97    (-,-) 
  u_issue/g40520/Y                                       -       A->Y    F     INVx1_ASAP7_75t_R             1  0.6     8     7     104    (-,-) 
  u_issue/g40477/Y                                       -       B2->Y   R     AOI22xp5_ASAP7_75t_R          1  0.6    17    10     115    (-,-) 
  u_issue/g40445/Y                                       -       B->Y    F     NAND2xp5_ASAP7_75t_R          1  1.1    16    13     128    (-,-) 
  u_issue/g40442/Y                                       -       B->Y    R     NOR2x1_ASAP7_75t_R            1  1.6    17    13     141    (-,-) 
  u_issue/g40433/Y                                       -       A->Y    F     NAND2x1p5_ASAP7_75t_R         2  1.9    12    10     151    (-,-) 
  u_issue/g40428/Y                                       -       B->Y    F     OR2x2_ASAP7_75t_R             3  2.8    13    24     174    (-,-) 
  u_issue/g40580/Y                                       -       B->Y    R     NOR2x1p5_ASAP7_75t_R          1  2.1    15    12     186    (-,-) 
  u_issue/g40579/Y                                       -       A->Y    F     NAND2x2_ASAP7_75t_R           8  4.8    18    13     199    (-,-) 
  u_issue/g40578/Y                                       -       A->Y    R     INVx1_ASAP7_75t_R             4  2.4    18    14     213    (-,-) 
  u_issue/g40574/Y                                       -       A2->Y   R     AO22x2_ASAP7_75t_R            3  5.1    20    27     239    (-,-) 
  u_issue/fopt73132/Y                                    -       A->Y    F     INVx6_ASAP7_75t_R             9 10.2    13    11     250    (-,-) 
  u_issue/fopt73114/Y                                    -       A->Y    R     INVx5_ASAP7_75t_R             8  6.1    11     9     259    (-,-) 
  u_issue/u_regfile/fopt2097/Y                           -       A->Y    F     INVx2_ASAP7_75t_R             1  0.6     5     4     264    (-,-) 
  u_issue/u_regfile/g69645/Y                             -       C->Y    F     AND3x1_ASAP7_75t_R            4  4.4    26    23     286    (-,-) 
  u_issue/u_regfile/g69633/Y                             -       B->Y    F     AND2x4_ASAP7_75t_R           31 18.5    29    34     320    (-,-) 
  u_issue/u_regfile/fopt4103/Y                           -       A->Y    R     INVxp67_ASAP7_75t_R           2  1.0    16    14     333    (-,-) 
  u_issue/u_regfile/fopt4101/Y                           -       A->Y    F     INVxp67_ASAP7_75t_R           1  0.6     9     8     341    (-,-) 
  u_issue/u_regfile/g70050/Y                             -       B2->Y   R     AOI22xp5_ASAP7_75t_R          1  0.6    18    10     352    (-,-) 
  u_issue/u_regfile/g69830/Y                             -       A->Y    R     AND4x1_ASAP7_75t_R            1  0.5    11    24     376    (-,-) 
  u_issue/u_regfile/g69778/Y                             -       D->Y    F     NAND4xp25_ASAP7_75t_R         1  0.6    23    16     392    (-,-) 
  u_issue/g70727/Y                                       -       B1->Y   R     AOI22xp5_ASAP7_75t_R          1  1.6    28    21     413    (-,-) 
  u_issue/g70442/Y                                       -       A->Y    F     NAND2x1p5_ASAP7_75t_R         8  4.8    23    17     430    (-,-) 
  u_exec0/less_than_signed_345_25:sub_267_12_g3141/Y     -       A->Y    R     NAND2xp5_ASAP7_75t_R          2  1.1    19    16     446    (-,-) 
  u_exec0/less_than_signed_345_25:sub_267_12_g3091/Y     -       B->Y    F     OAI211xp5_ASAP7_75t_R         2  1.0    22    15     462    (-,-) 
  u_exec0/less_than_signed_345_25:sub_267_12_g3082/Y     -       B->Y    R     NOR2xp33_ASAP7_75t_R          2  1.1    29    20     482    (-,-) 
  u_exec0/less_than_signed_345_25:sub_267_12_g3073/Y     -       A->Y    F     NAND2xp5_ASAP7_75t_R          1  0.6    12    11     493    (-,-) 
  u_exec0/less_than_signed_345_25:sub_267_12_g3065/Y     -       A1->Y   R     OAI21xp5_ASAP7_75t_R          1  0.9    16    12     505    (-,-) 
  u_exec0/less_than_signed_345_25:sub_267_12_g2/Y        -       B->Y    R     XNOR2xp5_ASAP7_75t_R          1  1.1    24    19     523    (-,-) 
  u_exec0/g11435/Y                                       -       B->Y    F     NOR2x1_ASAP7_75t_R            2  1.1    13    12     535    (-,-) 
  u_exec0/g11419/Y                                       -       B->Y    R     AOI21xp5_ASAP7_75t_R          1  1.2    21    14     550    (-,-) 
  u_exec0/g11201/Y                                       -       A2->Y   R     AO31x2_ASAP7_75t_R            4  2.6    13    21     570    (-,-) 
  u_issue/g46561/Y                                       -       A->Y    F     INVx2_ASAP7_75t_R             2  1.7     7     6     577    (-,-) 
  u_issue/g46709/Y                                       -       A->Y    F     AND2x4_ASAP7_75t_R            3  4.0    10    18     595    (-,-) 
  u_issue/g46421/Y                                       -       B->Y    F     AND2x4_ASAP7_75t_R            1  3.9    10    18     613    (-,-) 
  u_issue/fopt73093/Y                                    -       A->Y    R     INVx6_ASAP7_75t_R             9  7.8    11     8     621    (-,-) 
  u_issue/fopt73087/Y                                    -       A->Y    F     INVx2_ASAP7_75t_R             8  4.8    14    10     631    (-,-) 
  u_issue/g46375/Y                                       -       A1->Y   R     AOI21xp5_ASAP7_75t_R          1  0.6    14    10     641    (-,-) 
  u_issue/g46360/Y                                       -       B->Y    F     OAI21xp5_ASAP7_75t_R          1  0.6    13     9     650    (-,-) 
  u_issue/g46347/Y                                       -       C->Y    R     O2A1O1Ixp33_ASAP7_75t_R       1  0.6    20    13     664    (-,-) 
  u_issue/pc_x_q_reg[10]/D                               -       -       R     ASYNC_DFFHx1_ASAP7_75t_R      1    -     -     0     664    (-,-) 
#------------------------------------------------------------------------------------------------------------------------------------------------



Path 18: VIOLATED (-448 ps) Setup Check with Pin u_issue/pc_x_q_reg[5]/CLK->D
          Group: clk
     Startpoint: (R) u_frontend/u_decode/genblk1.u_fifo/rd_ptr_q_reg[0]/CLK
          Clock: (R) clk
       Endpoint: (F) u_issue/pc_x_q_reg[5]/D
          Clock: (R) clk

                     Capture       Launch     
        Clock Edge:+     250            0     
       Src Latency:+       0            0     
       Net Latency:+       0 (I)        0 (I) 
           Arrival:=     250            0     
                                              
             Setup:-       8                  
       Uncertainty:-      25                  
     Required Time:=     217                  
      Launch Clock:-       0                  
         Data Path:-     665                  
             Slack:=    -448                  

#------------------------------------------------------------------------------------------------------------------------------------------------
#                     Timing Point                       Flags    Arc    Edge           Cell            Fanout Load Trans Delay Arrival Instance 
#                                                                                                              (fF)  (ps)  (ps)   (ps)  Location 
#------------------------------------------------------------------------------------------------------------------------------------------------
  u_frontend/u_decode/genblk1.u_fifo/rd_ptr_q_reg[0]/CLK -       -       R     (arrival)                  5356    -    12     0       0    (-,-) 
  u_frontend/u_decode/genblk1.u_fifo/rd_ptr_q_reg[0]/QN  -       CLK->QN R     ASYNC_DFFHx1_ASAP7_75t_R      1  1.3    18    43      43    (-,-) 
  u_frontend/u_decode/genblk1.u_fifo/fopt262/Y           -       A->Y    R     BUFx6f_ASAP7_75t_R            6  7.1    11    17      60    (-,-) 
  u_frontend/u_decode/genblk1.u_fifo/fopt238/Y           -       A->Y    F     INVx5_ASAP7_75t_R             8  7.2    10     8      68    (-,-) 
  u_frontend/u_decode/genblk1.u_fifo/fopt213/Y           -       A->Y    F     BUFx6f_ASAP7_75t_R            9  5.3     8    15      83    (-,-) 
  u_frontend/u_decode/genblk1.u_fifo/g6385/Y             -       A1->Y   R     OAI21xp5_ASAP7_75t_R          3  1.6    23    14      97    (-,-) 
  u_issue/g40520/Y                                       -       A->Y    F     INVx1_ASAP7_75t_R             1  0.6     8     7     104    (-,-) 
  u_issue/g40477/Y                                       -       B2->Y   R     AOI22xp5_ASAP7_75t_R          1  0.6    17    10     115    (-,-) 
  u_issue/g40445/Y                                       -       B->Y    F     NAND2xp5_ASAP7_75t_R          1  1.1    16    13     128    (-,-) 
  u_issue/g40442/Y                                       -       B->Y    R     NOR2x1_ASAP7_75t_R            1  1.6    17    13     141    (-,-) 
  u_issue/g40433/Y                                       -       A->Y    F     NAND2x1p5_ASAP7_75t_R         2  1.9    12    10     151    (-,-) 
  u_issue/g40428/Y                                       -       B->Y    F     OR2x2_ASAP7_75t_R             3  2.8    13    24     174    (-,-) 
  u_issue/g40580/Y                                       -       B->Y    R     NOR2x1p5_ASAP7_75t_R          1  2.1    15    12     186    (-,-) 
  u_issue/g40579/Y                                       -       A->Y    F     NAND2x2_ASAP7_75t_R           8  4.8    18    13     199    (-,-) 
  u_issue/g40605/Y                                       -       A->Y    R     INVx1_ASAP7_75t_R             1  0.6     9     8     207    (-,-) 
  u_issue/g40598/Y                                       -       A1->Y   R     AO22x2_ASAP7_75t_R            7  6.9    25    26     233    (-,-) 
  u_issue/g72471/Y                                       -       A->Y    F     INVx3_ASAP7_75t_R             6  4.1    12    10     243    (-,-) 
  u_issue/g72113/Y                                       -       B2->Y   R     OAI22xp5_ASAP7_75t_R          1  1.0    24    14     257    (-,-) 
  u_issue/g71784/Y                                       -       A->Y    F     NOR2x1_ASAP7_75t_R            1  1.3    15    15     272    (-,-) 
  u_issue/g71523/Y                                       -       B->Y    R     NAND3x1_ASAP7_75t_R           2  1.5    22    16     289    (-,-) 
  u_issue/g71406/Y                                       -       A->Y    F     NAND2x1_ASAP7_75t_R           2  1.5    15    12     300    (-,-) 
  u_issue/g71344/Y                                       -       A->Y    R     NOR2xp67_ASAP7_75t_R          1  0.6    14    12     312    (-,-) 
  u_issue/g71231/Y                                       -       B->Y    F     NAND2xp5_ASAP7_75t_R          2  1.4    18    13     325    (-,-) 
  u_issue/fopt73239/Y                                    -       A->Y    F     BUFx3_ASAP7_75t_R             2  3.5    10    18     344    (-,-) 
  u_issue/fopt73238/Y                                    -       A->Y    R     INVx2_ASAP7_75t_R             1  1.1     6     6     350    (-,-) 
  u_issue/g71172/Y                                       -       B->Y    R     AND2x4_ASAP7_75t_R           14  8.7    20    22     371    (-,-) 
  u_issue/g70902/Y                                       -       A2->Y   F     AOI22xp5_ASAP7_75t_R          1  0.6    15    12     383    (-,-) 
  u_issue/g70760/Y                                       -       B->Y    R     OAI21xp5_ASAP7_75t_R          1  1.1    18    10     394    (-,-) 
  u_issue/g70584/Y                                       -       B->Y    R     OR2x6_ASAP7_75t_R            15  8.1    15    25     419    (-,-) 
  u_exec0/g6260/Y                                        -       A->Y    R     BUFx2_ASAP7_75t_R             4  2.6    11    18     436    (-,-) 
  u_exec0/g11581/Y                                       -       A->Y    F     INVxp67_ASAP7_75t_R           1  0.9    10     8     444    (-,-) 
  u_exec0/g11466/Y                                       -       B2->Y   R     AOI221x1_ASAP7_75t_R          1  0.6    16    11     455    (-,-) 
  u_exec0/g11418/Y                                       -       A->Y    R     AND4x1_ASAP7_75t_R            1  1.6    18    29     484    (-,-) 
  u_exec0/g11361/Y                                       -       A->Y    F     NAND4xp75_ASAP7_75t_R         2  1.8    24    15     499    (-,-) 
  u_exec0/g11344/Y                                       -       C->Y    R     NOR3x1_ASAP7_75t_R            2  1.2    19    16     515    (-,-) 
  u_exec0/g11211/Y                                       -       A2->Y   F     A2O1A1Ixp33_ASAP7_75t_R       2  0.9    23    15     529    (-,-) 
  u_exec0/g11207/Y                                       -       B->Y    R     NAND2xp5_ASAP7_75t_R          1  0.8    15    14     543    (-,-) 
  u_exec0/g11202/Y                                       -       B->Y    F     NOR2xp67_ASAP7_75t_R          1  1.2    17    12     556    (-,-) 
  u_exec0/g11201/Y                                       -       A1->Y   F     AO31x2_ASAP7_75t_R            4  2.6    10    17     573    (-,-) 
  u_issue/g46561/Y                                       -       A->Y    R     INVx2_ASAP7_75t_R             2  1.7     8     7     580    (-,-) 
  u_issue/g46709/Y                                       -       A->Y    R     AND2x4_ASAP7_75t_R            3  4.0    12    18     598    (-,-) 
  u_issue/g46421/Y                                       -       B->Y    R     AND2x4_ASAP7_75t_R            1  3.9    12    19     617    (-,-) 
  u_issue/fopt73093/Y                                    -       A->Y    F     INVx6_ASAP7_75t_R             9  7.8    10     8     624    (-,-) 
  u_issue/g46386/Y                                       -       A1->Y   R     OAI21xp5_ASAP7_75t_R          1  1.0    16    11     636    (-,-) 
  u_issue/g46356/Y                                       -       C->Y    F     AOI221x1_ASAP7_75t_R          1  0.6    21    10     646    (-,-) 
  u_issue/g46349/Y                                       -       B->Y    R     OAI21xp5_ASAP7_75t_R          1  0.6    16    10     656    (-,-) 
  u_issue/g46334/Y                                       -       B->Y    F     AOI21xp5_ASAP7_75t_R          1  0.6    14     9     665    (-,-) 
  u_issue/pc_x_q_reg[5]/D                                -       -       F     ASYNC_DFFHx1_ASAP7_75t_R      1    -     -     0     665    (-,-) 
#------------------------------------------------------------------------------------------------------------------------------------------------



Path 19: VIOLATED (-448 ps) Setup Check with Pin u_issue/pc_x_q_reg[23]/CLK->D
          Group: clk
     Startpoint: (R) u_frontend/u_decode/genblk1.u_fifo/rd_ptr_q_reg[0]/CLK
          Clock: (R) clk
       Endpoint: (R) u_issue/pc_x_q_reg[23]/D
          Clock: (R) clk

                     Capture       Launch     
        Clock Edge:+     250            0     
       Src Latency:+       0            0     
       Net Latency:+       0 (I)        0 (I) 
           Arrival:=     250            0     
                                              
             Setup:-       9                  
       Uncertainty:-      25                  
     Required Time:=     216                  
      Launch Clock:-       0                  
         Data Path:-     664                  
             Slack:=    -448                  

#------------------------------------------------------------------------------------------------------------------------------------------------
#                     Timing Point                       Flags    Arc    Edge           Cell            Fanout Load Trans Delay Arrival Instance 
#                                                                                                              (fF)  (ps)  (ps)   (ps)  Location 
#------------------------------------------------------------------------------------------------------------------------------------------------
  u_frontend/u_decode/genblk1.u_fifo/rd_ptr_q_reg[0]/CLK -       -       R     (arrival)                  5356    -    12     0       0    (-,-) 
  u_frontend/u_decode/genblk1.u_fifo/rd_ptr_q_reg[0]/QN  -       CLK->QN F     ASYNC_DFFHx1_ASAP7_75t_R      1  1.3    17    41      41    (-,-) 
  u_frontend/u_decode/genblk1.u_fifo/fopt262/Y           -       A->Y    F     BUFx6f_ASAP7_75t_R            6  7.1    10    18      58    (-,-) 
  u_frontend/u_decode/genblk1.u_fifo/fopt238/Y           -       A->Y    R     INVx5_ASAP7_75t_R             8  7.2    11     9      67    (-,-) 
  u_frontend/u_decode/genblk1.u_fifo/fopt215/Y           -       A->Y    F     INVx2_ASAP7_75t_R             8  4.8    14    10      77    (-,-) 
  u_frontend/u_decode/genblk1.u_fifo/g6491/Y             -       B->Y    R     NAND2xp5_ASAP7_75t_R          1  0.6    13    10      88    (-,-) 
  u_frontend/u_decode/genblk1.u_fifo/g6403/Y             -       B->Y    F     OAI21xp5_ASAP7_75t_R          3  1.6    20    13     101    (-,-) 
  u_issue/g40533/Y                                       -       A->Y    R     INVx1_ASAP7_75t_R             1  0.6    10     8     109    (-,-) 
  u_issue/g40472/Y                                       -       B2->Y   F     OAI22xp5_ASAP7_75t_R          2  1.1    19    11     120    (-,-) 
  u_issue/g40461/Y                                       -       A->Y    R     INVx1_ASAP7_75t_R             1  1.1    12    10     130    (-,-) 
  u_issue/g40460/Y                                       -       B->Y    F     NOR2x1_ASAP7_75t_R            2  1.0    11     9     139    (-,-) 
  u_issue/g40437/Y                                       -       A->Y    R     NAND2xp5_ASAP7_75t_R          1  1.3    18    14     152    (-,-) 
  u_issue/g40425/Y                                       -       B->Y    F     NOR3x1_ASAP7_75t_R            1  1.1    17    14     166    (-,-) 
  u_issue/g40424/Y                                       -       B->Y    F     AND2x4_ASAP7_75t_R            4  4.0    10    20     187    (-,-) 
  u_issue/fopt119/Y                                      -       A->Y    F     BUFx6f_ASAP7_75t_R           14 11.7    13    18     204    (-,-) 
  u_issue/g40421/Y                                       -       B->Y    F     AND2x4_ASAP7_75t_R            6  4.6    10    20     224    (-,-) 
  u_issue/g52181/Y                                       -       A->Y    R     INVx2_ASAP7_75t_R             5  3.0    11     9     233    (-,-) 
  u_issue/g51995/Y                                       -       C->Y    F     NAND3xp33_ASAP7_75t_R         1  0.7    17    13     246    (-,-) 
  u_issue/g51958/Y                                       -       A->Y    R     INVx1_ASAP7_75t_R             3  1.9    16    12     258    (-,-) 
  u_issue/g51873/Y                                       -       A2->Y   F     A2O1A1Ixp33_ASAP7_75t_R       1  1.1    24    15     273    (-,-) 
  u_issue/g51856/Y                                       -       B->Y    F     AND2x4_ASAP7_75t_R           19 13.3    22    30     303    (-,-) 
  u_issue/g51849/Y                                       -       A->Y    R     INVx4_ASAP7_75t_R            14  5.6    14    12     314    (-,-) 
  u_issue/g51824/Y                                       -       B->Y    F     NOR2xp33_ASAP7_75t_R          1  0.5    13    12     326    (-,-) 
  u_issue/g51668/Y                                       -       C->Y    R     AOI221xp5_ASAP7_75t_R         1  0.6    23    16     342    (-,-) 
  u_issue/g51543/Y                                       -       B->Y    F     OAI21xp5_ASAP7_75t_R          1  0.6    13    10     352    (-,-) 
  u_issue/g51486/Y                                       -       B->Y    R     AOI21xp5_ASAP7_75t_R          1  0.6    16    11     363    (-,-) 
  u_issue/g51370/Y                                       -       B->Y    F     OAI21xp5_ASAP7_75t_R          1  0.5    11     9     372    (-,-) 
  u_issue/g51305/Y                                       -       B->Y    R     AOI21xp33_ASAP7_75t_R         1  0.5    16    12     383    (-,-) 
  u_issue/g51238/Y                                       -       A->Y    F     NAND2xp5_ASAP7_75t_R          4  2.0    25    16     399    (-,-) 
  u_exec1/g6405/Y                                        -       A->Y    F     HB1xp67_ASAP7_75t_R           4  2.1    19    25     424    (-,-) 
  u_exec1/g6404/Y                                        -       A->Y    F     HB1xp67_ASAP7_75t_R           1  0.7     9    18     442    (-,-) 
  u_exec1/add_326_51_g1780/Y                             -       A->Y    R     INVx1_ASAP7_75t_R             2  1.0     9     7     449    (-,-) 
  u_exec1/add_326_51_g1770/Y                             -       B->Y    F     NOR2xp33_ASAP7_75t_R          3  1.6    30    18     468    (-,-) 
  u_exec1/add_326_51_g1610/Y                             -       A2->Y   R     AOI21xp5_ASAP7_75t_R          1  0.6    18    13     481    (-,-) 
  u_exec1/add_326_51_g1591/Y                             -       B->Y    F     OAI21xp5_ASAP7_75t_R          2  1.2    18    12     493    (-,-) 
  u_exec1/add_326_51_g1575/Y                             -       A2->Y   R     AOI211xp5_ASAP7_75t_R         1  0.6    22    15     508    (-,-) 
  u_exec1/add_326_51_g1568/Y                             -       B->Y    R     OA21x2_ASAP7_75t_R            7  4.8    19    25     533    (-,-) 
  u_exec1/add_326_51_g1534/Y                             -       A1->Y   F     O2A1O1Ixp33_ASAP7_75t_R       2  1.1    19    14     547    (-,-) 
  u_exec1/add_326_51_g1516/Y                             -       A1->Y   R     AOI21xp5_ASAP7_75t_R          2  1.7    27    17     564    (-,-) 
  u_exec1/add_326_51_g1499/Y                             -       A2->Y   F     OAI21xp5_ASAP7_75t_R          1  1.0    17    13     577    (-,-) 
  u_exec1/add_326_51_g1495/Y                             -       B->Y    F     XNOR2xp5_ASAP7_75t_R          1  0.6    14    20     597    (-,-) 
  u_exec1/g11313/Y                                       -       A2->Y   F     AO21x1_ASAP7_75t_R            1  0.4     7    15     612    (-,-) 
  u_issue/g46485/Y                                       -       A2->Y   R     AOI21xp33_ASAP7_75t_R         1  0.6    17    11     623    (-,-) 
  u_issue/g46442/Y                                       -       B->Y    F     OAI21xp5_ASAP7_75t_R          1  0.6    12    10     632    (-,-) 
  u_issue/g46370/Y                                       -       B->Y    R     AOI21xp5_ASAP7_75t_R          1  0.6    14    11     643    (-,-) 
  u_issue/g46247/Y                                       -       B->Y    F     OAI21xp5_ASAP7_75t_R          1  0.6    13     9     652    (-,-) 
  u_issue/g46241/Y                                       -       C->Y    R     O2A1O1Ixp5_ASAP7_75t_R        1  0.6    16    12     664    (-,-) 
  u_issue/pc_x_q_reg[23]/D                               -       -       R     ASYNC_DFFHx1_ASAP7_75t_R      1    -     -     0     664    (-,-) 
#------------------------------------------------------------------------------------------------------------------------------------------------



Path 20: VIOLATED (-448 ps) Setup Check with Pin u_frontend/u_npc/BRANCH_PREDICTION.ras_stack_q_reg[5][0]/CLK->D
          Group: clk
     Startpoint: (R) u_frontend/u_decode/genblk1.u_fifo/rd_ptr_q_reg[0]/CLK
          Clock: (R) clk
       Endpoint: (F) u_frontend/u_npc/BRANCH_PREDICTION.ras_stack_q_reg[5][0]/D
          Clock: (R) clk

                     Capture       Launch     
        Clock Edge:+     250            0     
       Src Latency:+       0            0     
       Net Latency:+       0 (I)        0 (I) 
           Arrival:=     250            0     
                                              
             Setup:-       8                  
       Uncertainty:-      25                  
     Required Time:=     217                  
      Launch Clock:-       0                  
         Data Path:-     664                  
             Slack:=    -448                  

#----------------------------------------------------------------------------------------------------------------------------------------------------
#                       Timing Point                         Flags    Arc    Edge           Cell            Fanout Load Trans Delay Arrival Instance 
#                                                                                                                  (fF)  (ps)  (ps)   (ps)  Location 
#----------------------------------------------------------------------------------------------------------------------------------------------------
  u_frontend/u_decode/genblk1.u_fifo/rd_ptr_q_reg[0]/CLK     -       -       R     (arrival)                  5356    -    12     0       0    (-,-) 
  u_frontend/u_decode/genblk1.u_fifo/rd_ptr_q_reg[0]/QN      -       CLK->QN F     ASYNC_DFFHx1_ASAP7_75t_R      1  1.3    17    41      41    (-,-) 
  u_frontend/u_decode/genblk1.u_fifo/fopt262/Y               -       A->Y    F     BUFx6f_ASAP7_75t_R            6  7.1    10    18      58    (-,-) 
  u_frontend/u_decode/genblk1.u_fifo/fopt174/Y               -       A->Y    F     BUFx3_ASAP7_75t_R             3  2.5     8    15      73    (-,-) 
  u_frontend/u_decode/genblk1.u_fifo/g6498/Y                 -       B->Y    R     NAND2xp5_ASAP7_75t_R          1  0.6    13     8      82    (-,-) 
  u_frontend/u_decode/genblk1.u_fifo/g6411/Y                 -       B->Y    F     OAI21xp5_ASAP7_75t_R          3  1.6    19    13      95    (-,-) 
  u_issue/g40562/Y                                           -       A->Y    R     INVx1_ASAP7_75t_R             1  0.6     9     8     103    (-,-) 
  u_issue/g40464/Y                                           -       B1->Y   F     AOI22xp5_ASAP7_75t_R          1  1.0    19     9     112    (-,-) 
  u_issue/g40446/Y                                           -       A->Y    R     NAND2x1_ASAP7_75t_R           1  1.1    16    15     127    (-,-) 
  u_issue/g40443/Y                                           -       B->Y    F     NOR2x1_ASAP7_75t_R            1  1.6    15    12     139    (-,-) 
  u_issue/g40433/Y                                           -       B->Y    R     NAND2x1p5_ASAP7_75t_R         2  1.9    15    11     151    (-,-) 
  u_issue/g40428/Y                                           -       B->Y    R     OR2x2_ASAP7_75t_R             3  2.8    14    21     171    (-,-) 
  u_issue/g40590/Y                                           -       A->Y    F     INVx1_ASAP7_75t_R             1  1.4    10     9     180    (-,-) 
  u_issue/g40581/Y                                           -       A->Y    R     NAND3x1_ASAP7_75t_R           2  1.5    21    12     192    (-,-) 
  u_issue/g71475/Y                                           -       A2->Y   R     AO31x2_ASAP7_75t_R            3  3.2    17    22     214    (-,-) 
  u_frontend/u_fetch/g6349/Y                                 -       A->Y    F     INVx4_ASAP7_75t_R             3  5.2    11     9     223    (-,-) 
  u_frontend/u_fetch/g6322/Y                                 -       A->Y    R     INVx4_ASAP7_75t_R             4  3.7     8     7     230    (-,-) 
  u_frontend/u_fetch/g6125_0/Y                               -       A2->Y   R     OA21x2_ASAP7_75t_R            2  1.4     9    16     246    (-,-) 
  u_frontend/u_fetch/g6121/Y                                 -       A->Y    R     BUFx3_ASAP7_75t_R            10  5.4    14    17     264    (-,-) 
  u_frontend/u_fetch/g6115/Y                                 -       A2->Y   R     AO22x1_ASAP7_75t_R            4  2.4    19    24     287    (-,-) 
  u_frontend/u_npc/fopt282809/Y                              -       A->Y    R     BUFx3_ASAP7_75t_R             4  5.3    14    20     307    (-,-) 
  u_frontend/u_npc/fopt282805/Y                              -       A->Y    F     INVx4_ASAP7_75t_R             5  3.1     7     6     313    (-,-) 
  u_frontend/u_npc/fopt282795/Y                              -       A->Y    R     INVx1_ASAP7_75t_R             2  1.3    10     8     321    (-,-) 
  u_frontend/u_npc/fopt282794/Y                              -       A->Y    F     INVx1_ASAP7_75t_R             2  1.1     8     7     328    (-,-) 
  u_frontend/u_npc/g277359/Y                                 -       B2->Y   R     AOI221xp5_ASAP7_75t_R         1  0.6    24    14     341    (-,-) 
  u_frontend/u_npc/g276425/Y                                 -       C->Y    R     AND4x1_ASAP7_75t_R            1  0.5    11    27     368    (-,-) 
  u_frontend/u_npc/g276199/Y                                 -       A->Y    F     NAND2xp5_ASAP7_75t_R          1  1.1    15    11     379    (-,-) 
  u_frontend/u_npc/g276138/Y                                 -       A->Y    R     NOR2x1_ASAP7_75t_R            3  2.0    21    15     394    (-,-) 
  u_frontend/u_npc/g276004/Y                                 -       B->Y    F     NAND2x1_ASAP7_75t_R           3  1.6    14    12     406    (-,-) 
  u_frontend/u_npc/g275832/Y                                 -       B->Y    R     NAND2xp5_ASAP7_75t_R          1  1.3    19    14     419    (-,-) 
  u_frontend/u_npc/g275781/Y                                 -       B->Y    F     NOR3x1_ASAP7_75t_R            1  1.6    20    16     435    (-,-) 
  u_frontend/u_npc/g275748/Y                                 -       B->Y    R     NAND2x1p5_ASAP7_75t_R         1  2.2    16    14     449    (-,-) 
  u_frontend/u_npc/g275733/Y                                 -       B->Y    F     NOR2x2_ASAP7_75t_R            8  4.9    20    15     464    (-,-) 
  u_frontend/u_npc/g275724/Y                                 -       B->Y    F     AND2x2_ASAP7_75t_R            6  3.7    14    25     488    (-,-) 
  u_frontend/u_npc/g275666/Y                                 -       A1->Y   R     AOI21xp5_ASAP7_75t_R          3  1.8    27    16     505    (-,-) 
  u_frontend/u_npc/g275649/Y                                 -       A->Y    F     INVx1_ASAP7_75t_R             2  1.0    11     9     514    (-,-) 
  u_frontend/u_npc/g230776/Y                                 -       A2->Y   R     AOI22xp33_ASAP7_75t_R         1  0.6    19    13     527    (-,-) 
  u_frontend/u_npc/g230640/Y                                 -       C->Y    R     AND4x1_ASAP7_75t_R            1  1.1    15    29     556    (-,-) 
  u_frontend/u_npc/g230614/Y                                 -       A->Y    F     NAND2x1_ASAP7_75t_R           1  1.1    11     9     566    (-,-) 
  u_frontend/u_npc/g230299/Y                                 -       B->Y    R     NOR2x1_ASAP7_75t_R            1  1.4    17    11     576    (-,-) 
  u_frontend/u_npc/g230018/Y                                 -       B->Y    F     OAI21x1_ASAP7_75t_R           3  2.2    16    13     589    (-,-) 
  u_frontend/u_npc/g228467/Y                                 -       A->Y    R     NAND2xp5_ASAP7_75t_R          2  1.7    23    17     606    (-,-) 
  u_frontend/u_npc/g227953/Y                                 -       A->Y    F     INVx2_ASAP7_75t_R             3  1.9    10     8     615    (-,-) 
  u_frontend/u_npc/g227945/Y                                 -       B->Y    R     NOR2xp67_ASAP7_75t_R          2  1.4    19    13     627    (-,-) 
  u_frontend/u_npc/g226900/Y                                 -       C->Y    F     O2A1O1Ixp5_ASAP7_75t_R        2  1.0    17    11     639    (-,-) 
  u_frontend/u_npc/g226858/Y                                 -       A->Y    R     NAND2xp5_ASAP7_75t_R          2  1.0    16    14     653    (-,-) 
  u_frontend/u_npc/g226718/Y                                 -       A1->Y   F     OAI21xp33_ASAP7_75t_R         1  0.6    15    12     664    (-,-) 
  u_frontend/u_npc/BRANCH_PREDICTION.ras_stack_q_reg[5][0]/D -       -       F     ASYNC_DFFHx1_ASAP7_75t_R      1    -     -     0     664    (-,-) 
#----------------------------------------------------------------------------------------------------------------------------------------------------



Path 21: VIOLATED (-447 ps) Setup Check with Pin u_issue/pc_x_q_reg[24]/CLK->D
          Group: clk
     Startpoint: (R) u_frontend/u_decode/genblk1.u_fifo/rd_ptr_q_reg[0]/CLK
          Clock: (R) clk
       Endpoint: (R) u_issue/pc_x_q_reg[24]/D
          Clock: (R) clk

                     Capture       Launch     
        Clock Edge:+     250            0     
       Src Latency:+       0            0     
       Net Latency:+       0 (I)        0 (I) 
           Arrival:=     250            0     
                                              
             Setup:-       9                  
       Uncertainty:-      25                  
     Required Time:=     216                  
      Launch Clock:-       0                  
         Data Path:-     664                  
             Slack:=    -447                  

#------------------------------------------------------------------------------------------------------------------------------------------------
#                     Timing Point                       Flags    Arc    Edge           Cell            Fanout Load Trans Delay Arrival Instance 
#                                                                                                              (fF)  (ps)  (ps)   (ps)  Location 
#------------------------------------------------------------------------------------------------------------------------------------------------
  u_frontend/u_decode/genblk1.u_fifo/rd_ptr_q_reg[0]/CLK -       -       R     (arrival)                  5356    -    12     0       0    (-,-) 
  u_frontend/u_decode/genblk1.u_fifo/rd_ptr_q_reg[0]/QN  -       CLK->QN F     ASYNC_DFFHx1_ASAP7_75t_R      1  1.3    17    41      41    (-,-) 
  u_frontend/u_decode/genblk1.u_fifo/fopt262/Y           -       A->Y    F     BUFx6f_ASAP7_75t_R            6  7.1    10    18      58    (-,-) 
  u_frontend/u_decode/genblk1.u_fifo/fopt238/Y           -       A->Y    R     INVx5_ASAP7_75t_R             8  7.2    11     9      67    (-,-) 
  u_frontend/u_decode/genblk1.u_fifo/fopt215/Y           -       A->Y    F     INVx2_ASAP7_75t_R             8  4.8    14    10      77    (-,-) 
  u_frontend/u_decode/genblk1.u_fifo/g6491/Y             -       B->Y    R     NAND2xp5_ASAP7_75t_R          1  0.6    13    10      88    (-,-) 
  u_frontend/u_decode/genblk1.u_fifo/g6403/Y             -       B->Y    F     OAI21xp5_ASAP7_75t_R          3  1.6    20    13     101    (-,-) 
  u_issue/g40533/Y                                       -       A->Y    R     INVx1_ASAP7_75t_R             1  0.6    10     8     109    (-,-) 
  u_issue/g40472/Y                                       -       B2->Y   F     OAI22xp5_ASAP7_75t_R          2  1.1    19    11     120    (-,-) 
  u_issue/g40461/Y                                       -       A->Y    R     INVx1_ASAP7_75t_R             1  1.1    12    10     130    (-,-) 
  u_issue/g40460/Y                                       -       B->Y    F     NOR2x1_ASAP7_75t_R            2  1.0    11     9     139    (-,-) 
  u_issue/g40437/Y                                       -       A->Y    R     NAND2xp5_ASAP7_75t_R          1  1.3    18    14     152    (-,-) 
  u_issue/g40425/Y                                       -       B->Y    F     NOR3x1_ASAP7_75t_R            1  1.1    17    14     166    (-,-) 
  u_issue/g40424/Y                                       -       B->Y    F     AND2x4_ASAP7_75t_R            4  4.0    10    20     187    (-,-) 
  u_issue/fopt72990/Y                                    -       A->Y    F     BUFx6f_ASAP7_75t_R           11  8.8    11    16     203    (-,-) 
  u_issue/g40614/Y                                       -       B->Y    F     AND2x4_ASAP7_75t_R           16 12.8    21    25     228    (-,-) 
  u_issue/g51993/Y                                       -       B2->Y   R     AOI22xp5_ASAP7_75t_R          2  1.4    24    18     246    (-,-) 
  u_issue/g51953/Y                                       -       A->Y    R     HB1xp67_ASAP7_75t_R           1  0.5     8    17     264    (-,-) 
  u_issue/g51902/Y                                       -       B->Y    F     NAND3xp33_ASAP7_75t_R         1  1.6    31    18     281    (-,-) 
  u_issue/g51878/Y                                       -       A->Y    R     NOR2x1p5_ASAP7_75t_R          4  3.9    25    20     301    (-,-) 
  u_issue/g51865/Y                                       -       A->Y    F     INVx1_ASAP7_75t_R             1  1.6    14    11     313    (-,-) 
  u_issue/g51736/Y                                       -       A->Y    R     NAND4xp75_ASAP7_75t_R         1  1.3    15    10     322    (-,-) 
  u_issue/g51631/Y                                       -       B->Y    F     NOR3x1_ASAP7_75t_R            1  1.3    18    14     336    (-,-) 
  u_issue/g51593/Y                                       -       A->Y    F     BUFx6f_ASAP7_75t_R           19 12.8    14    21     357    (-,-) 
  u_issue/g51586/Y                                       -       A->Y    R     INVx4_ASAP7_75t_R             7  4.9    11     9     366    (-,-) 
  u_issue/g51584/Y                                       -       A->Y    F     INVx2_ASAP7_75t_R             4  2.7     9     8     374    (-,-) 
  u_issue/g51335/Y                                       -       A1->Y   R     AOI221xp5_ASAP7_75t_R         1  0.6    24    15     388    (-,-) 
  u_issue/g51261/Y                                       -       A->Y    F     NAND3xp33_ASAP7_75t_R         1  0.7    20    15     404    (-,-) 
  u_issue/fopt73136/Y                                    -       A->Y    F     BUFx3_ASAP7_75t_R             4  2.7     8    18     422    (-,-) 
  u_exec1/fopt11615/Y                                    -       A->Y    F     BUFx3_ASAP7_75t_R             5  2.7     8    15     437    (-,-) 
  u_exec1/greater_than_signed_350_25:sub_285_12_g3151/Y  -       A->Y    R     NAND2xp5_ASAP7_75t_R          1  0.6    11     9     446    (-,-) 
  u_exec1/greater_than_signed_350_25:sub_285_12_g3095/Y  -       A1->Y   F     OAI21xp5_ASAP7_75t_R          1  0.6    14     9     454    (-,-) 
  u_exec1/greater_than_signed_350_25:sub_285_12_g3078/Y  -       A1->Y   R     AOI21xp5_ASAP7_75t_R          1  0.6    15    10     464    (-,-) 
  u_exec1/greater_than_signed_350_25:sub_285_12_g3071/Y  -       A2->Y   F     OAI21xp5_ASAP7_75t_R          1  0.5    14     9     473    (-,-) 
  u_exec1/greater_than_signed_350_25:sub_285_12_g3066/Y  -       B->Y    R     AOI21xp33_ASAP7_75t_R         1  0.6    18    13     486    (-,-) 
  u_exec1/greater_than_signed_350_25:sub_285_12_g3065/Y  -       B->Y    F     OAI21xp5_ASAP7_75t_R          1  1.0    15    11     498    (-,-) 
  u_exec1/greater_than_signed_350_25:sub_285_12_g2/Y     -       B->Y    F     XNOR2xp5_ASAP7_75t_R          1  0.6    15    19     517    (-,-) 
  u_exec1/g11124/Y                                       -       B1->Y   R     OAI22xp5_ASAP7_75t_R          2  1.1    24    15     532    (-,-) 
  u_exec1/g11122/Y                                       -       B->Y    F     NOR2xp67_ASAP7_75t_R          1  0.6    14    12     544    (-,-) 
  u_exec1/g11121/Y                                       -       B->Y    R     OAI21xp5_ASAP7_75t_R          1  1.3    20    11     554    (-,-) 
  u_exec1/fopt11559/Y                                    -       A->Y    F     INVx2_ASAP7_75t_R             3  2.4    11     9     563    (-,-) 
  u_issue/fopt72912/Y                                    -       A->Y    R     INVxp67_ASAP7_75t_R           2  1.0    12     9     572    (-,-) 
  u_issue/fopt72911/Y                                    -       A->Y    F     INVx1_ASAP7_75t_R             1  1.1     9     7     580    (-,-) 
  u_issue/g46539/Y                                       -       B->Y    F     AND2x4_ASAP7_75t_R           29 13.6    22    25     604    (-,-) 
  u_issue/g46499/Y                                       -       A1->Y   R     AOI21xp33_ASAP7_75t_R         1  0.6    17    14     618    (-,-) 
  u_issue/g46450/Y                                       -       B->Y    F     OAI21xp5_ASAP7_75t_R          1  0.5    11     9     627    (-,-) 
  u_issue/g46232/Y                                       -       C->Y    R     AOI221xp5_ASAP7_75t_R         1  0.6    23    16     642    (-,-) 
  u_issue/g46226/Y                                       -       B->Y    F     OAI21xp5_ASAP7_75t_R          1  0.6    13    10     652    (-,-) 
  u_issue/g46220/Y                                       -       B->Y    R     AOI21xp5_ASAP7_75t_R          1  0.6    14    11     664    (-,-) 
  u_issue/pc_x_q_reg[24]/D                               -       -       R     ASYNC_DFFHx1_ASAP7_75t_R      1    -     -     0     664    (-,-) 
#------------------------------------------------------------------------------------------------------------------------------------------------



Path 22: VIOLATED (-447 ps) Setup Check with Pin u_issue/pc_x_q_reg[20]/CLK->D
          Group: clk
     Startpoint: (R) u_frontend/u_decode/genblk1.u_fifo/rd_ptr_q_reg[0]/CLK
          Clock: (R) clk
       Endpoint: (R) u_issue/pc_x_q_reg[20]/D
          Clock: (R) clk

                     Capture       Launch     
        Clock Edge:+     250            0     
       Src Latency:+       0            0     
       Net Latency:+       0 (I)        0 (I) 
           Arrival:=     250            0     
                                              
             Setup:-       9                  
       Uncertainty:-      25                  
     Required Time:=     216                  
      Launch Clock:-       0                  
         Data Path:-     664                  
             Slack:=    -447                  

#------------------------------------------------------------------------------------------------------------------------------------------------
#                     Timing Point                       Flags    Arc    Edge           Cell            Fanout Load Trans Delay Arrival Instance 
#                                                                                                              (fF)  (ps)  (ps)   (ps)  Location 
#------------------------------------------------------------------------------------------------------------------------------------------------
  u_frontend/u_decode/genblk1.u_fifo/rd_ptr_q_reg[0]/CLK -       -       R     (arrival)                  5356    -    12     0       0    (-,-) 
  u_frontend/u_decode/genblk1.u_fifo/rd_ptr_q_reg[0]/QN  -       CLK->QN F     ASYNC_DFFHx1_ASAP7_75t_R      1  1.3    17    41      41    (-,-) 
  u_frontend/u_decode/genblk1.u_fifo/fopt262/Y           -       A->Y    F     BUFx6f_ASAP7_75t_R            6  7.1    10    18      58    (-,-) 
  u_frontend/u_decode/genblk1.u_fifo/fopt238/Y           -       A->Y    R     INVx5_ASAP7_75t_R             8  7.2    11     9      67    (-,-) 
  u_frontend/u_decode/genblk1.u_fifo/fopt215/Y           -       A->Y    F     INVx2_ASAP7_75t_R             8  4.8    14    10      77    (-,-) 
  u_frontend/u_decode/genblk1.u_fifo/g6491/Y             -       B->Y    R     NAND2xp5_ASAP7_75t_R          1  0.6    13    10      88    (-,-) 
  u_frontend/u_decode/genblk1.u_fifo/g6403/Y             -       B->Y    F     OAI21xp5_ASAP7_75t_R          3  1.6    20    13     101    (-,-) 
  u_issue/g40533/Y                                       -       A->Y    R     INVx1_ASAP7_75t_R             1  0.6    10     8     109    (-,-) 
  u_issue/g40472/Y                                       -       B2->Y   F     OAI22xp5_ASAP7_75t_R          2  1.1    19    11     120    (-,-) 
  u_issue/g40461/Y                                       -       A->Y    R     INVx1_ASAP7_75t_R             1  1.1    12    10     130    (-,-) 
  u_issue/g40460/Y                                       -       B->Y    F     NOR2x1_ASAP7_75t_R            2  1.0    11     9     139    (-,-) 
  u_issue/g40437/Y                                       -       A->Y    R     NAND2xp5_ASAP7_75t_R          1  1.3    18    14     152    (-,-) 
  u_issue/g40425/Y                                       -       B->Y    F     NOR3x1_ASAP7_75t_R            1  1.1    17    14     166    (-,-) 
  u_issue/g40424/Y                                       -       B->Y    F     AND2x4_ASAP7_75t_R            4  4.0    10    20     187    (-,-) 
  u_issue/fopt72990/Y                                    -       A->Y    F     BUFx6f_ASAP7_75t_R           11  8.8    11    16     203    (-,-) 
  u_issue/g40614/Y                                       -       B->Y    F     AND2x4_ASAP7_75t_R           16 12.8    21    25     228    (-,-) 
  u_issue/g51993/Y                                       -       B2->Y   R     AOI22xp5_ASAP7_75t_R          2  1.4    24    18     246    (-,-) 
  u_issue/g51953/Y                                       -       A->Y    R     HB1xp67_ASAP7_75t_R           1  0.5     8    17     264    (-,-) 
  u_issue/g51902/Y                                       -       B->Y    F     NAND3xp33_ASAP7_75t_R         1  1.6    31    18     281    (-,-) 
  u_issue/g51878/Y                                       -       A->Y    R     NOR2x1p5_ASAP7_75t_R          4  3.9    25    20     301    (-,-) 
  u_issue/g51865/Y                                       -       A->Y    F     INVx1_ASAP7_75t_R             1  1.6    14    11     313    (-,-) 
  u_issue/g51736/Y                                       -       A->Y    R     NAND4xp75_ASAP7_75t_R         1  1.3    15    10     322    (-,-) 
  u_issue/g51631/Y                                       -       B->Y    F     NOR3x1_ASAP7_75t_R            1  1.3    18    14     336    (-,-) 
  u_issue/g51593/Y                                       -       A->Y    F     BUFx6f_ASAP7_75t_R           19 12.8    14    21     357    (-,-) 
  u_issue/g51586/Y                                       -       A->Y    R     INVx4_ASAP7_75t_R             7  4.9    11     9     366    (-,-) 
  u_issue/g51584/Y                                       -       A->Y    F     INVx2_ASAP7_75t_R             4  2.7     9     8     374    (-,-) 
  u_issue/g51335/Y                                       -       A1->Y   R     AOI221xp5_ASAP7_75t_R         1  0.6    24    15     388    (-,-) 
  u_issue/g51261/Y                                       -       A->Y    F     NAND3xp33_ASAP7_75t_R         1  0.7    20    15     404    (-,-) 
  u_issue/fopt73136/Y                                    -       A->Y    F     BUFx3_ASAP7_75t_R             4  2.7     8    18     422    (-,-) 
  u_exec1/fopt11615/Y                                    -       A->Y    F     BUFx3_ASAP7_75t_R             5  2.7     8    15     437    (-,-) 
  u_exec1/greater_than_signed_350_25:sub_285_12_g3151/Y  -       A->Y    R     NAND2xp5_ASAP7_75t_R          1  0.6    11     9     446    (-,-) 
  u_exec1/greater_than_signed_350_25:sub_285_12_g3095/Y  -       A1->Y   F     OAI21xp5_ASAP7_75t_R          1  0.6    14     9     454    (-,-) 
  u_exec1/greater_than_signed_350_25:sub_285_12_g3078/Y  -       A1->Y   R     AOI21xp5_ASAP7_75t_R          1  0.6    15    10     464    (-,-) 
  u_exec1/greater_than_signed_350_25:sub_285_12_g3071/Y  -       A2->Y   F     OAI21xp5_ASAP7_75t_R          1  0.5    14     9     473    (-,-) 
  u_exec1/greater_than_signed_350_25:sub_285_12_g3066/Y  -       B->Y    R     AOI21xp33_ASAP7_75t_R         1  0.6    18    13     486    (-,-) 
  u_exec1/greater_than_signed_350_25:sub_285_12_g3065/Y  -       B->Y    F     OAI21xp5_ASAP7_75t_R          1  1.0    15    11     498    (-,-) 
  u_exec1/greater_than_signed_350_25:sub_285_12_g2/Y     -       B->Y    F     XNOR2xp5_ASAP7_75t_R          1  0.6    15    19     517    (-,-) 
  u_exec1/g11124/Y                                       -       B1->Y   R     OAI22xp5_ASAP7_75t_R          2  1.1    24    15     532    (-,-) 
  u_exec1/g11122/Y                                       -       B->Y    F     NOR2xp67_ASAP7_75t_R          1  0.6    14    12     544    (-,-) 
  u_exec1/g11121/Y                                       -       B->Y    R     OAI21xp5_ASAP7_75t_R          1  1.3    20    11     554    (-,-) 
  u_exec1/fopt11559/Y                                    -       A->Y    F     INVx2_ASAP7_75t_R             3  2.4    11     9     563    (-,-) 
  u_issue/fopt72912/Y                                    -       A->Y    R     INVxp67_ASAP7_75t_R           2  1.0    12     9     572    (-,-) 
  u_issue/fopt72911/Y                                    -       A->Y    F     INVx1_ASAP7_75t_R             1  1.1     9     7     580    (-,-) 
  u_issue/g46539/Y                                       -       B->Y    F     AND2x4_ASAP7_75t_R           29 13.6    22    25     604    (-,-) 
  u_issue/g46504/Y                                       -       A1->Y   R     AOI21xp33_ASAP7_75t_R         1  0.6    17    14     618    (-,-) 
  u_issue/g46438/Y                                       -       B->Y    F     OAI21xp5_ASAP7_75t_R          1  0.5    11     9     627    (-,-) 
  u_issue/g46261/Y                                       -       C->Y    R     AOI221xp5_ASAP7_75t_R         1  0.6    23    16     642    (-,-) 
  u_issue/g46254/Y                                       -       B->Y    F     OAI21xp5_ASAP7_75t_R          1  0.6    13    10     652    (-,-) 
  u_issue/g46249/Y                                       -       B->Y    R     AOI21xp5_ASAP7_75t_R          1  0.6    14    11     664    (-,-) 
  u_issue/pc_x_q_reg[20]/D                               -       -       R     ASYNC_DFFHx1_ASAP7_75t_R      1    -     -     0     664    (-,-) 
#------------------------------------------------------------------------------------------------------------------------------------------------



Path 23: VIOLATED (-447 ps) Setup Check with Pin u_issue/pc_x_q_reg[18]/CLK->D
          Group: clk
     Startpoint: (R) u_frontend/u_decode/genblk1.u_fifo/rd_ptr_q_reg[0]/CLK
          Clock: (R) clk
       Endpoint: (R) u_issue/pc_x_q_reg[18]/D
          Clock: (R) clk

                     Capture       Launch     
        Clock Edge:+     250            0     
       Src Latency:+       0            0     
       Net Latency:+       0 (I)        0 (I) 
           Arrival:=     250            0     
                                              
             Setup:-       9                  
       Uncertainty:-      25                  
     Required Time:=     216                  
      Launch Clock:-       0                  
         Data Path:-     664                  
             Slack:=    -447                  

#------------------------------------------------------------------------------------------------------------------------------------------------
#                     Timing Point                       Flags    Arc    Edge           Cell            Fanout Load Trans Delay Arrival Instance 
#                                                                                                              (fF)  (ps)  (ps)   (ps)  Location 
#------------------------------------------------------------------------------------------------------------------------------------------------
  u_frontend/u_decode/genblk1.u_fifo/rd_ptr_q_reg[0]/CLK -       -       R     (arrival)                  5356    -    12     0       0    (-,-) 
  u_frontend/u_decode/genblk1.u_fifo/rd_ptr_q_reg[0]/QN  -       CLK->QN F     ASYNC_DFFHx1_ASAP7_75t_R      1  1.3    17    41      41    (-,-) 
  u_frontend/u_decode/genblk1.u_fifo/fopt262/Y           -       A->Y    F     BUFx6f_ASAP7_75t_R            6  7.1    10    18      58    (-,-) 
  u_frontend/u_decode/genblk1.u_fifo/fopt238/Y           -       A->Y    R     INVx5_ASAP7_75t_R             8  7.2    11     9      67    (-,-) 
  u_frontend/u_decode/genblk1.u_fifo/fopt215/Y           -       A->Y    F     INVx2_ASAP7_75t_R             8  4.8    14    10      77    (-,-) 
  u_frontend/u_decode/genblk1.u_fifo/g6491/Y             -       B->Y    R     NAND2xp5_ASAP7_75t_R          1  0.6    13    10      88    (-,-) 
  u_frontend/u_decode/genblk1.u_fifo/g6403/Y             -       B->Y    F     OAI21xp5_ASAP7_75t_R          3  1.6    20    13     101    (-,-) 
  u_issue/g40533/Y                                       -       A->Y    R     INVx1_ASAP7_75t_R             1  0.6    10     8     109    (-,-) 
  u_issue/g40472/Y                                       -       B2->Y   F     OAI22xp5_ASAP7_75t_R          2  1.1    19    11     120    (-,-) 
  u_issue/g40461/Y                                       -       A->Y    R     INVx1_ASAP7_75t_R             1  1.1    12    10     130    (-,-) 
  u_issue/g40460/Y                                       -       B->Y    F     NOR2x1_ASAP7_75t_R            2  1.0    11     9     139    (-,-) 
  u_issue/g40437/Y                                       -       A->Y    R     NAND2xp5_ASAP7_75t_R          1  1.3    18    14     152    (-,-) 
  u_issue/g40425/Y                                       -       B->Y    F     NOR3x1_ASAP7_75t_R            1  1.1    17    14     166    (-,-) 
  u_issue/g40424/Y                                       -       B->Y    F     AND2x4_ASAP7_75t_R            4  4.0    10    20     187    (-,-) 
  u_issue/fopt72990/Y                                    -       A->Y    F     BUFx6f_ASAP7_75t_R           11  8.8    11    16     203    (-,-) 
  u_issue/g40614/Y                                       -       B->Y    F     AND2x4_ASAP7_75t_R           16 12.8    21    25     228    (-,-) 
  u_issue/g51993/Y                                       -       B2->Y   R     AOI22xp5_ASAP7_75t_R          2  1.4    24    18     246    (-,-) 
  u_issue/g51953/Y                                       -       A->Y    R     HB1xp67_ASAP7_75t_R           1  0.5     8    17     264    (-,-) 
  u_issue/g51902/Y                                       -       B->Y    F     NAND3xp33_ASAP7_75t_R         1  1.6    31    18     281    (-,-) 
  u_issue/g51878/Y                                       -       A->Y    R     NOR2x1p5_ASAP7_75t_R          4  3.9    25    20     301    (-,-) 
  u_issue/g51865/Y                                       -       A->Y    F     INVx1_ASAP7_75t_R             1  1.6    14    11     313    (-,-) 
  u_issue/g51736/Y                                       -       A->Y    R     NAND4xp75_ASAP7_75t_R         1  1.3    15    10     322    (-,-) 
  u_issue/g51631/Y                                       -       B->Y    F     NOR3x1_ASAP7_75t_R            1  1.3    18    14     336    (-,-) 
  u_issue/g51593/Y                                       -       A->Y    F     BUFx6f_ASAP7_75t_R           19 12.8    14    21     357    (-,-) 
  u_issue/g51586/Y                                       -       A->Y    R     INVx4_ASAP7_75t_R             7  4.9    11     9     366    (-,-) 
  u_issue/g51584/Y                                       -       A->Y    F     INVx2_ASAP7_75t_R             4  2.7     9     8     374    (-,-) 
  u_issue/g51335/Y                                       -       A1->Y   R     AOI221xp5_ASAP7_75t_R         1  0.6    24    15     388    (-,-) 
  u_issue/g51261/Y                                       -       A->Y    F     NAND3xp33_ASAP7_75t_R         1  0.7    20    15     404    (-,-) 
  u_issue/fopt73136/Y                                    -       A->Y    F     BUFx3_ASAP7_75t_R             4  2.7     8    18     422    (-,-) 
  u_exec1/fopt11615/Y                                    -       A->Y    F     BUFx3_ASAP7_75t_R             5  2.7     8    15     437    (-,-) 
  u_exec1/greater_than_signed_350_25:sub_285_12_g3151/Y  -       A->Y    R     NAND2xp5_ASAP7_75t_R          1  0.6    11     9     446    (-,-) 
  u_exec1/greater_than_signed_350_25:sub_285_12_g3095/Y  -       A1->Y   F     OAI21xp5_ASAP7_75t_R          1  0.6    14     9     454    (-,-) 
  u_exec1/greater_than_signed_350_25:sub_285_12_g3078/Y  -       A1->Y   R     AOI21xp5_ASAP7_75t_R          1  0.6    15    10     464    (-,-) 
  u_exec1/greater_than_signed_350_25:sub_285_12_g3071/Y  -       A2->Y   F     OAI21xp5_ASAP7_75t_R          1  0.5    14     9     473    (-,-) 
  u_exec1/greater_than_signed_350_25:sub_285_12_g3066/Y  -       B->Y    R     AOI21xp33_ASAP7_75t_R         1  0.6    18    13     486    (-,-) 
  u_exec1/greater_than_signed_350_25:sub_285_12_g3065/Y  -       B->Y    F     OAI21xp5_ASAP7_75t_R          1  1.0    15    11     498    (-,-) 
  u_exec1/greater_than_signed_350_25:sub_285_12_g2/Y     -       B->Y    F     XNOR2xp5_ASAP7_75t_R          1  0.6    15    19     517    (-,-) 
  u_exec1/g11124/Y                                       -       B1->Y   R     OAI22xp5_ASAP7_75t_R          2  1.1    24    15     532    (-,-) 
  u_exec1/g11122/Y                                       -       B->Y    F     NOR2xp67_ASAP7_75t_R          1  0.6    14    12     544    (-,-) 
  u_exec1/g11121/Y                                       -       B->Y    R     OAI21xp5_ASAP7_75t_R          1  1.3    20    11     554    (-,-) 
  u_exec1/fopt11559/Y                                    -       A->Y    F     INVx2_ASAP7_75t_R             3  2.4    11     9     563    (-,-) 
  u_issue/fopt72912/Y                                    -       A->Y    R     INVxp67_ASAP7_75t_R           2  1.0    12     9     572    (-,-) 
  u_issue/fopt72911/Y                                    -       A->Y    F     INVx1_ASAP7_75t_R             1  1.1     9     7     580    (-,-) 
  u_issue/g46539/Y                                       -       B->Y    F     AND2x4_ASAP7_75t_R           29 13.6    22    25     604    (-,-) 
  u_issue/g46493/Y                                       -       A1->Y   R     AOI21xp33_ASAP7_75t_R         1  0.6    17    14     618    (-,-) 
  u_issue/g46436/Y                                       -       B->Y    F     OAI21xp5_ASAP7_75t_R          1  0.5    11     9     627    (-,-) 
  u_issue/g46275/Y                                       -       C->Y    R     AOI221xp5_ASAP7_75t_R         1  0.6    23    16     642    (-,-) 
  u_issue/g46269/Y                                       -       B->Y    F     OAI21xp5_ASAP7_75t_R          1  0.6    13    10     652    (-,-) 
  u_issue/g46264/Y                                       -       B->Y    R     AOI21xp5_ASAP7_75t_R          1  0.6    14    11     664    (-,-) 
  u_issue/pc_x_q_reg[18]/D                               -       -       R     ASYNC_DFFHx1_ASAP7_75t_R      1    -     -     0     664    (-,-) 
#------------------------------------------------------------------------------------------------------------------------------------------------



Path 24: VIOLATED (-447 ps) Setup Check with Pin u_issue/pc_x_q_reg[22]/CLK->D
          Group: clk
     Startpoint: (R) u_frontend/u_decode/genblk1.u_fifo/rd_ptr_q_reg[0]/CLK
          Clock: (R) clk
       Endpoint: (R) u_issue/pc_x_q_reg[22]/D
          Clock: (R) clk

                     Capture       Launch     
        Clock Edge:+     250            0     
       Src Latency:+       0            0     
       Net Latency:+       0 (I)        0 (I) 
           Arrival:=     250            0     
                                              
             Setup:-       9                  
       Uncertainty:-      25                  
     Required Time:=     216                  
      Launch Clock:-       0                  
         Data Path:-     663                  
             Slack:=    -447                  

#------------------------------------------------------------------------------------------------------------------------------------------------
#                     Timing Point                       Flags    Arc    Edge           Cell            Fanout Load Trans Delay Arrival Instance 
#                                                                                                              (fF)  (ps)  (ps)   (ps)  Location 
#------------------------------------------------------------------------------------------------------------------------------------------------
  u_frontend/u_decode/genblk1.u_fifo/rd_ptr_q_reg[0]/CLK -       -       R     (arrival)                  5356    -    12     0       0    (-,-) 
  u_frontend/u_decode/genblk1.u_fifo/rd_ptr_q_reg[0]/QN  -       CLK->QN R     ASYNC_DFFHx1_ASAP7_75t_R      1  1.3    18    43      43    (-,-) 
  u_frontend/u_decode/genblk1.u_fifo/fopt262/Y           -       A->Y    R     BUFx6f_ASAP7_75t_R            6  7.1    11    17      60    (-,-) 
  u_frontend/u_decode/genblk1.u_fifo/fopt238/Y           -       A->Y    F     INVx5_ASAP7_75t_R             8  7.2    10     8      68    (-,-) 
  u_frontend/u_decode/genblk1.u_fifo/fopt213/Y           -       A->Y    F     BUFx6f_ASAP7_75t_R            9  5.3     8    15      83    (-,-) 
  u_frontend/u_decode/genblk1.u_fifo/g6385/Y             -       A1->Y   R     OAI21xp5_ASAP7_75t_R          3  1.6    23    14      97    (-,-) 
  u_issue/g40520/Y                                       -       A->Y    F     INVx1_ASAP7_75t_R             1  0.6     8     7     104    (-,-) 
  u_issue/g40477/Y                                       -       B2->Y   R     AOI22xp5_ASAP7_75t_R          1  0.6    17    10     115    (-,-) 
  u_issue/g40445/Y                                       -       B->Y    F     NAND2xp5_ASAP7_75t_R          1  1.1    16    13     128    (-,-) 
  u_issue/g40442/Y                                       -       B->Y    R     NOR2x1_ASAP7_75t_R            1  1.6    17    13     141    (-,-) 
  u_issue/g40433/Y                                       -       A->Y    F     NAND2x1p5_ASAP7_75t_R         2  1.9    12    10     151    (-,-) 
  u_issue/g40428/Y                                       -       B->Y    F     OR2x2_ASAP7_75t_R             3  2.8    13    24     174    (-,-) 
  u_issue/g40580/Y                                       -       B->Y    R     NOR2x1p5_ASAP7_75t_R          1  2.1    15    12     186    (-,-) 
  u_issue/g40579/Y                                       -       A->Y    F     NAND2x2_ASAP7_75t_R           8  4.8    18    13     199    (-,-) 
  u_issue/g40578/Y                                       -       A->Y    R     INVx1_ASAP7_75t_R             4  2.4    18    14     213    (-,-) 
  u_issue/g40574/Y                                       -       A2->Y   R     AO22x2_ASAP7_75t_R            3  5.1    20    27     239    (-,-) 
  u_issue/fopt73132/Y                                    -       A->Y    F     INVx6_ASAP7_75t_R             9 10.2    13    11     250    (-,-) 
  u_issue/fopt73114/Y                                    -       A->Y    R     INVx5_ASAP7_75t_R             8  6.1    11     9     259    (-,-) 
  u_issue/u_regfile/fopt2097/Y                           -       A->Y    F     INVx2_ASAP7_75t_R             1  0.6     5     4     264    (-,-) 
  u_issue/u_regfile/g69645/Y                             -       C->Y    F     AND3x1_ASAP7_75t_R            4  4.4    26    23     286    (-,-) 
  u_issue/u_regfile/g69633/Y                             -       B->Y    F     AND2x4_ASAP7_75t_R           31 18.5    29    34     320    (-,-) 
  u_issue/u_regfile/fopt4103/Y                           -       A->Y    R     INVxp67_ASAP7_75t_R           2  1.0    16    14     333    (-,-) 
  u_issue/u_regfile/fopt4101/Y                           -       A->Y    F     INVxp67_ASAP7_75t_R           1  0.6     9     8     341    (-,-) 
  u_issue/u_regfile/g70050/Y                             -       B2->Y   R     AOI22xp5_ASAP7_75t_R          1  0.6    18    10     352    (-,-) 
  u_issue/u_regfile/g69830/Y                             -       A->Y    R     AND4x1_ASAP7_75t_R            1  0.5    11    24     376    (-,-) 
  u_issue/u_regfile/g69778/Y                             -       D->Y    F     NAND4xp25_ASAP7_75t_R         1  0.6    23    16     392    (-,-) 
  u_issue/g70727/Y                                       -       B1->Y   R     AOI22xp5_ASAP7_75t_R          1  1.6    28    21     413    (-,-) 
  u_issue/g70442/Y                                       -       A->Y    F     NAND2x1p5_ASAP7_75t_R         8  4.8    23    17     430    (-,-) 
  u_exec0/less_than_signed_345_25:sub_267_12_g3141/Y     -       A->Y    R     NAND2xp5_ASAP7_75t_R          2  1.1    19    16     446    (-,-) 
  u_exec0/less_than_signed_345_25:sub_267_12_g3091/Y     -       B->Y    F     OAI211xp5_ASAP7_75t_R         2  1.0    22    15     462    (-,-) 
  u_exec0/less_than_signed_345_25:sub_267_12_g3082/Y     -       B->Y    R     NOR2xp33_ASAP7_75t_R          2  1.1    29    20     482    (-,-) 
  u_exec0/less_than_signed_345_25:sub_267_12_g3073/Y     -       A->Y    F     NAND2xp5_ASAP7_75t_R          1  0.6    12    11     493    (-,-) 
  u_exec0/less_than_signed_345_25:sub_267_12_g3065/Y     -       A1->Y   R     OAI21xp5_ASAP7_75t_R          1  0.9    16    12     505    (-,-) 
  u_exec0/less_than_signed_345_25:sub_267_12_g2/Y        -       B->Y    R     XNOR2xp5_ASAP7_75t_R          1  1.1    24    19     523    (-,-) 
  u_exec0/g11435/Y                                       -       B->Y    F     NOR2x1_ASAP7_75t_R            2  1.1    13    12     535    (-,-) 
  u_exec0/g11419/Y                                       -       B->Y    R     AOI21xp5_ASAP7_75t_R          1  1.2    21    14     550    (-,-) 
  u_exec0/g11201/Y                                       -       A2->Y   R     AO31x2_ASAP7_75t_R            4  2.6    13    21     570    (-,-) 
  u_issue/g46561/Y                                       -       A->Y    F     INVx2_ASAP7_75t_R             2  1.7     7     6     577    (-,-) 
  u_issue/g46709/Y                                       -       A->Y    F     AND2x4_ASAP7_75t_R            3  4.0    10    18     595    (-,-) 
  u_issue/g46421/Y                                       -       B->Y    F     AND2x4_ASAP7_75t_R            1  3.9    10    18     613    (-,-) 
  u_issue/fopt73093/Y                                    -       A->Y    R     INVx6_ASAP7_75t_R             9  7.8    11     8     621    (-,-) 
  u_issue/fopt73082/Y                                    -       A->Y    F     INVx1_ASAP7_75t_R             2  1.0     8     7     628    (-,-) 
  u_issue/g46246/Y                                       -       A1->Y   R     AOI221xp5_ASAP7_75t_R         1  0.6    23    14     642    (-,-) 
  u_issue/g46240/Y                                       -       B->Y    F     OAI21xp5_ASAP7_75t_R          1  0.6    13    10     652    (-,-) 
  u_issue/g46235/Y                                       -       B->Y    R     AOI21xp5_ASAP7_75t_R          1  0.6    14    11     663    (-,-) 
  u_issue/pc_x_q_reg[22]/D                               -       -       R     ASYNC_DFFHx1_ASAP7_75t_R      1    -     -     0     663    (-,-) 
#------------------------------------------------------------------------------------------------------------------------------------------------



Path 25: VIOLATED (-447 ps) Setup Check with Pin u_issue/pc_x_q_reg[14]/CLK->D
          Group: clk
     Startpoint: (R) u_frontend/u_decode/genblk1.u_fifo/rd_ptr_q_reg[0]/CLK
          Clock: (R) clk
       Endpoint: (R) u_issue/pc_x_q_reg[14]/D
          Clock: (R) clk

                     Capture       Launch     
        Clock Edge:+     250            0     
       Src Latency:+       0            0     
       Net Latency:+       0 (I)        0 (I) 
           Arrival:=     250            0     
                                              
             Setup:-       9                  
       Uncertainty:-      25                  
     Required Time:=     216                  
      Launch Clock:-       0                  
         Data Path:-     663                  
             Slack:=    -447                  

#------------------------------------------------------------------------------------------------------------------------------------------------
#                     Timing Point                       Flags    Arc    Edge           Cell            Fanout Load Trans Delay Arrival Instance 
#                                                                                                              (fF)  (ps)  (ps)   (ps)  Location 
#------------------------------------------------------------------------------------------------------------------------------------------------
  u_frontend/u_decode/genblk1.u_fifo/rd_ptr_q_reg[0]/CLK -       -       R     (arrival)                  5356    -    12     0       0    (-,-) 
  u_frontend/u_decode/genblk1.u_fifo/rd_ptr_q_reg[0]/QN  -       CLK->QN R     ASYNC_DFFHx1_ASAP7_75t_R      1  1.3    18    43      43    (-,-) 
  u_frontend/u_decode/genblk1.u_fifo/fopt262/Y           -       A->Y    R     BUFx6f_ASAP7_75t_R            6  7.1    11    17      60    (-,-) 
  u_frontend/u_decode/genblk1.u_fifo/fopt238/Y           -       A->Y    F     INVx5_ASAP7_75t_R             8  7.2    10     8      68    (-,-) 
  u_frontend/u_decode/genblk1.u_fifo/fopt213/Y           -       A->Y    F     BUFx6f_ASAP7_75t_R            9  5.3     8    15      83    (-,-) 
  u_frontend/u_decode/genblk1.u_fifo/g6385/Y             -       A1->Y   R     OAI21xp5_ASAP7_75t_R          3  1.6    23    14      97    (-,-) 
  u_issue/g40520/Y                                       -       A->Y    F     INVx1_ASAP7_75t_R             1  0.6     8     7     104    (-,-) 
  u_issue/g40477/Y                                       -       B2->Y   R     AOI22xp5_ASAP7_75t_R          1  0.6    17    10     115    (-,-) 
  u_issue/g40445/Y                                       -       B->Y    F     NAND2xp5_ASAP7_75t_R          1  1.1    16    13     128    (-,-) 
  u_issue/g40442/Y                                       -       B->Y    R     NOR2x1_ASAP7_75t_R            1  1.6    17    13     141    (-,-) 
  u_issue/g40433/Y                                       -       A->Y    F     NAND2x1p5_ASAP7_75t_R         2  1.9    12    10     151    (-,-) 
  u_issue/g40428/Y                                       -       B->Y    F     OR2x2_ASAP7_75t_R             3  2.8    13    24     174    (-,-) 
  u_issue/g40580/Y                                       -       B->Y    R     NOR2x1p5_ASAP7_75t_R          1  2.1    15    12     186    (-,-) 
  u_issue/g40579/Y                                       -       A->Y    F     NAND2x2_ASAP7_75t_R           8  4.8    18    13     199    (-,-) 
  u_issue/g40578/Y                                       -       A->Y    R     INVx1_ASAP7_75t_R             4  2.4    18    14     213    (-,-) 
  u_issue/g40574/Y                                       -       A2->Y   R     AO22x2_ASAP7_75t_R            3  5.1    20    27     239    (-,-) 
  u_issue/fopt73132/Y                                    -       A->Y    F     INVx6_ASAP7_75t_R             9 10.2    13    11     250    (-,-) 
  u_issue/fopt73114/Y                                    -       A->Y    R     INVx5_ASAP7_75t_R             8  6.1    11     9     259    (-,-) 
  u_issue/u_regfile/fopt2097/Y                           -       A->Y    F     INVx2_ASAP7_75t_R             1  0.6     5     4     264    (-,-) 
  u_issue/u_regfile/g69645/Y                             -       C->Y    F     AND3x1_ASAP7_75t_R            4  4.4    26    23     286    (-,-) 
  u_issue/u_regfile/g69633/Y                             -       B->Y    F     AND2x4_ASAP7_75t_R           31 18.5    29    34     320    (-,-) 
  u_issue/u_regfile/fopt4103/Y                           -       A->Y    R     INVxp67_ASAP7_75t_R           2  1.0    16    14     333    (-,-) 
  u_issue/u_regfile/fopt4101/Y                           -       A->Y    F     INVxp67_ASAP7_75t_R           1  0.6     9     8     341    (-,-) 
  u_issue/u_regfile/g70050/Y                             -       B2->Y   R     AOI22xp5_ASAP7_75t_R          1  0.6    18    10     352    (-,-) 
  u_issue/u_regfile/g69830/Y                             -       A->Y    R     AND4x1_ASAP7_75t_R            1  0.5    11    24     376    (-,-) 
  u_issue/u_regfile/g69778/Y                             -       D->Y    F     NAND4xp25_ASAP7_75t_R         1  0.6    23    16     392    (-,-) 
  u_issue/g70727/Y                                       -       B1->Y   R     AOI22xp5_ASAP7_75t_R          1  1.6    28    21     413    (-,-) 
  u_issue/g70442/Y                                       -       A->Y    F     NAND2x1p5_ASAP7_75t_R         8  4.8    23    17     430    (-,-) 
  u_exec0/less_than_signed_345_25:sub_267_12_g3141/Y     -       A->Y    R     NAND2xp5_ASAP7_75t_R          2  1.1    19    16     446    (-,-) 
  u_exec0/less_than_signed_345_25:sub_267_12_g3091/Y     -       B->Y    F     OAI211xp5_ASAP7_75t_R         2  1.0    22    15     462    (-,-) 
  u_exec0/less_than_signed_345_25:sub_267_12_g3082/Y     -       B->Y    R     NOR2xp33_ASAP7_75t_R          2  1.1    29    20     482    (-,-) 
  u_exec0/less_than_signed_345_25:sub_267_12_g3073/Y     -       A->Y    F     NAND2xp5_ASAP7_75t_R          1  0.6    12    11     493    (-,-) 
  u_exec0/less_than_signed_345_25:sub_267_12_g3065/Y     -       A1->Y   R     OAI21xp5_ASAP7_75t_R          1  0.9    16    12     505    (-,-) 
  u_exec0/less_than_signed_345_25:sub_267_12_g2/Y        -       B->Y    R     XNOR2xp5_ASAP7_75t_R          1  1.1    24    19     523    (-,-) 
  u_exec0/g11435/Y                                       -       B->Y    F     NOR2x1_ASAP7_75t_R            2  1.1    13    12     535    (-,-) 
  u_exec0/g11419/Y                                       -       B->Y    R     AOI21xp5_ASAP7_75t_R          1  1.2    21    14     550    (-,-) 
  u_exec0/g11201/Y                                       -       A2->Y   R     AO31x2_ASAP7_75t_R            4  2.6    13    21     570    (-,-) 
  u_issue/g46561/Y                                       -       A->Y    F     INVx2_ASAP7_75t_R             2  1.7     7     6     577    (-,-) 
  u_issue/g46709/Y                                       -       A->Y    F     AND2x4_ASAP7_75t_R            3  4.0    10    18     595    (-,-) 
  u_issue/g46421/Y                                       -       B->Y    F     AND2x4_ASAP7_75t_R            1  3.9    10    18     613    (-,-) 
  u_issue/fopt73093/Y                                    -       A->Y    R     INVx6_ASAP7_75t_R             9  7.8    11     8     621    (-,-) 
  u_issue/fopt73082/Y                                    -       A->Y    F     INVx1_ASAP7_75t_R             2  1.0     8     7     628    (-,-) 
  u_issue/g46304/Y                                       -       A1->Y   R     AOI221xp5_ASAP7_75t_R         1  0.6    23    14     642    (-,-) 
  u_issue/g46298/Y                                       -       B->Y    F     OAI21xp5_ASAP7_75t_R          1  0.6    13    10     652    (-,-) 
  u_issue/g46293/Y                                       -       B->Y    R     AOI21xp5_ASAP7_75t_R          1  0.6    14    11     663    (-,-) 
  u_issue/pc_x_q_reg[14]/D                               -       -       R     ASYNC_DFFHx1_ASAP7_75t_R      1    -     -     0     663    (-,-) 
#------------------------------------------------------------------------------------------------------------------------------------------------



Path 26: VIOLATED (-447 ps) Setup Check with Pin u_issue/pc_x_q_reg[4]/CLK->D
          Group: clk
     Startpoint: (R) u_frontend/u_decode/genblk1.u_fifo/rd_ptr_q_reg[0]/CLK
          Clock: (R) clk
       Endpoint: (R) u_issue/pc_x_q_reg[4]/D
          Clock: (R) clk

                     Capture       Launch     
        Clock Edge:+     250            0     
       Src Latency:+       0            0     
       Net Latency:+       0 (I)        0 (I) 
           Arrival:=     250            0     
                                              
             Setup:-       9                  
       Uncertainty:-      25                  
     Required Time:=     216                  
      Launch Clock:-       0                  
         Data Path:-     663                  
             Slack:=    -447                  

#------------------------------------------------------------------------------------------------------------------------------------------------
#                     Timing Point                       Flags    Arc    Edge           Cell            Fanout Load Trans Delay Arrival Instance 
#                                                                                                              (fF)  (ps)  (ps)   (ps)  Location 
#------------------------------------------------------------------------------------------------------------------------------------------------
  u_frontend/u_decode/genblk1.u_fifo/rd_ptr_q_reg[0]/CLK -       -       R     (arrival)                  5356    -    12     0       0    (-,-) 
  u_frontend/u_decode/genblk1.u_fifo/rd_ptr_q_reg[0]/QN  -       CLK->QN R     ASYNC_DFFHx1_ASAP7_75t_R      1  1.3    18    43      43    (-,-) 
  u_frontend/u_decode/genblk1.u_fifo/fopt262/Y           -       A->Y    R     BUFx6f_ASAP7_75t_R            6  7.1    11    17      60    (-,-) 
  u_frontend/u_decode/genblk1.u_fifo/fopt238/Y           -       A->Y    F     INVx5_ASAP7_75t_R             8  7.2    10     8      68    (-,-) 
  u_frontend/u_decode/genblk1.u_fifo/fopt213/Y           -       A->Y    F     BUFx6f_ASAP7_75t_R            9  5.3     8    15      83    (-,-) 
  u_frontend/u_decode/genblk1.u_fifo/g6385/Y             -       A1->Y   R     OAI21xp5_ASAP7_75t_R          3  1.6    23    14      97    (-,-) 
  u_issue/g40520/Y                                       -       A->Y    F     INVx1_ASAP7_75t_R             1  0.6     8     7     104    (-,-) 
  u_issue/g40477/Y                                       -       B2->Y   R     AOI22xp5_ASAP7_75t_R          1  0.6    17    10     115    (-,-) 
  u_issue/g40445/Y                                       -       B->Y    F     NAND2xp5_ASAP7_75t_R          1  1.1    16    13     128    (-,-) 
  u_issue/g40442/Y                                       -       B->Y    R     NOR2x1_ASAP7_75t_R            1  1.6    17    13     141    (-,-) 
  u_issue/g40433/Y                                       -       A->Y    F     NAND2x1p5_ASAP7_75t_R         2  1.9    12    10     151    (-,-) 
  u_issue/g40428/Y                                       -       B->Y    F     OR2x2_ASAP7_75t_R             3  2.8    13    24     174    (-,-) 
  u_issue/g40580/Y                                       -       B->Y    R     NOR2x1p5_ASAP7_75t_R          1  2.1    15    12     186    (-,-) 
  u_issue/g40579/Y                                       -       A->Y    F     NAND2x2_ASAP7_75t_R           8  4.8    18    13     199    (-,-) 
  u_issue/g40578/Y                                       -       A->Y    R     INVx1_ASAP7_75t_R             4  2.4    18    14     213    (-,-) 
  u_issue/g40574/Y                                       -       A2->Y   R     AO22x2_ASAP7_75t_R            3  5.1    20    27     239    (-,-) 
  u_issue/fopt73132/Y                                    -       A->Y    F     INVx6_ASAP7_75t_R             9 10.2    13    11     250    (-,-) 
  u_issue/fopt73114/Y                                    -       A->Y    R     INVx5_ASAP7_75t_R             8  6.1    11     9     259    (-,-) 
  u_issue/u_regfile/fopt2097/Y                           -       A->Y    F     INVx2_ASAP7_75t_R             1  0.6     5     4     264    (-,-) 
  u_issue/u_regfile/g69645/Y                             -       C->Y    F     AND3x1_ASAP7_75t_R            4  4.4    26    23     286    (-,-) 
  u_issue/u_regfile/g69633/Y                             -       B->Y    F     AND2x4_ASAP7_75t_R           31 18.5    29    34     320    (-,-) 
  u_issue/u_regfile/fopt4103/Y                           -       A->Y    R     INVxp67_ASAP7_75t_R           2  1.0    16    14     333    (-,-) 
  u_issue/u_regfile/fopt4101/Y                           -       A->Y    F     INVxp67_ASAP7_75t_R           1  0.6     9     8     341    (-,-) 
  u_issue/u_regfile/g70050/Y                             -       B2->Y   R     AOI22xp5_ASAP7_75t_R          1  0.6    18    10     352    (-,-) 
  u_issue/u_regfile/g69830/Y                             -       A->Y    R     AND4x1_ASAP7_75t_R            1  0.5    11    24     376    (-,-) 
  u_issue/u_regfile/g69778/Y                             -       D->Y    F     NAND4xp25_ASAP7_75t_R         1  0.6    23    16     392    (-,-) 
  u_issue/g70727/Y                                       -       B1->Y   R     AOI22xp5_ASAP7_75t_R          1  1.6    28    21     413    (-,-) 
  u_issue/g70442/Y                                       -       A->Y    F     NAND2x1p5_ASAP7_75t_R         8  4.8    23    17     430    (-,-) 
  u_exec0/less_than_signed_345_25:sub_267_12_g3141/Y     -       A->Y    R     NAND2xp5_ASAP7_75t_R          2  1.1    19    16     446    (-,-) 
  u_exec0/less_than_signed_345_25:sub_267_12_g3091/Y     -       B->Y    F     OAI211xp5_ASAP7_75t_R         2  1.0    22    15     462    (-,-) 
  u_exec0/less_than_signed_345_25:sub_267_12_g3082/Y     -       B->Y    R     NOR2xp33_ASAP7_75t_R          2  1.1    29    20     482    (-,-) 
  u_exec0/less_than_signed_345_25:sub_267_12_g3073/Y     -       A->Y    F     NAND2xp5_ASAP7_75t_R          1  0.6    12    11     493    (-,-) 
  u_exec0/less_than_signed_345_25:sub_267_12_g3065/Y     -       A1->Y   R     OAI21xp5_ASAP7_75t_R          1  0.9    16    12     505    (-,-) 
  u_exec0/less_than_signed_345_25:sub_267_12_g2/Y        -       B->Y    R     XNOR2xp5_ASAP7_75t_R          1  1.1    24    19     523    (-,-) 
  u_exec0/g11435/Y                                       -       B->Y    F     NOR2x1_ASAP7_75t_R            2  1.1    13    12     535    (-,-) 
  u_exec0/g11419/Y                                       -       B->Y    R     AOI21xp5_ASAP7_75t_R          1  1.2    21    14     550    (-,-) 
  u_exec0/g11201/Y                                       -       A2->Y   R     AO31x2_ASAP7_75t_R            4  2.6    13    21     570    (-,-) 
  u_issue/g46561/Y                                       -       A->Y    F     INVx2_ASAP7_75t_R             2  1.7     7     6     577    (-,-) 
  u_issue/g46709/Y                                       -       A->Y    F     AND2x4_ASAP7_75t_R            3  4.0    10    18     595    (-,-) 
  u_issue/g46421/Y                                       -       B->Y    F     AND2x4_ASAP7_75t_R            1  3.9    10    18     613    (-,-) 
  u_issue/fopt73093/Y                                    -       A->Y    R     INVx6_ASAP7_75t_R             9  7.8    11     8     621    (-,-) 
  u_issue/fopt73086/Y                                    -       A->Y    F     INVx1_ASAP7_75t_R             4  2.4    14    10     631    (-,-) 
  u_issue/g46371/Y                                       -       A1->Y   R     AOI21xp5_ASAP7_75t_R          1  0.6    14    10     641    (-,-) 
  u_issue/g46361/Y                                       -       B->Y    F     OAI21xp5_ASAP7_75t_R          1  0.5    12     8     650    (-,-) 
  u_issue/g46344/Y                                       -       B->Y    R     AOI21xp33_ASAP7_75t_R         1  0.6    17    13     663    (-,-) 
  u_issue/pc_x_q_reg[4]/D                                -       -       R     ASYNC_DFFHx1_ASAP7_75t_R      1    -     -     0     663    (-,-) 
#------------------------------------------------------------------------------------------------------------------------------------------------



Path 27: VIOLATED (-447 ps) Setup Check with Pin u_lsu/mem_addr_q_reg[29]/CLK->D
          Group: clk
     Startpoint: (R) u_frontend/u_decode/genblk1.u_fifo/rd_ptr_q_reg[0]/CLK
          Clock: (R) clk
       Endpoint: (R) u_lsu/mem_addr_q_reg[29]/D
          Clock: (R) clk

                     Capture       Launch     
        Clock Edge:+     250            0     
       Src Latency:+       0            0     
       Net Latency:+       0 (I)        0 (I) 
           Arrival:=     250            0     
                                              
             Setup:-       9                  
       Uncertainty:-      25                  
     Required Time:=     216                  
      Launch Clock:-       0                  
         Data Path:-     662                  
             Slack:=    -447                  

#------------------------------------------------------------------------------------------------------------------------------------------------
#                     Timing Point                       Flags    Arc    Edge           Cell            Fanout Load Trans Delay Arrival Instance 
#                                                                                                              (fF)  (ps)  (ps)   (ps)  Location 
#------------------------------------------------------------------------------------------------------------------------------------------------
  u_frontend/u_decode/genblk1.u_fifo/rd_ptr_q_reg[0]/CLK -       -       R     (arrival)                  5356    -    12     0       0    (-,-) 
  u_frontend/u_decode/genblk1.u_fifo/rd_ptr_q_reg[0]/QN  -       CLK->QN R     ASYNC_DFFHx1_ASAP7_75t_R      1  1.3    18    43      43    (-,-) 
  u_frontend/u_decode/genblk1.u_fifo/fopt262/Y           -       A->Y    R     BUFx6f_ASAP7_75t_R            6  7.1    11    17      60    (-,-) 
  u_frontend/u_decode/genblk1.u_fifo/fopt238/Y           -       A->Y    F     INVx5_ASAP7_75t_R             8  7.2    10     8      68    (-,-) 
  u_frontend/u_decode/genblk1.u_fifo/fopt215/Y           -       A->Y    R     INVx2_ASAP7_75t_R             8  4.8    16    11      79    (-,-) 
  u_frontend/u_decode/genblk1.u_fifo/g6491/Y             -       B->Y    F     NAND2xp5_ASAP7_75t_R          1  0.6    12    10      89    (-,-) 
  u_frontend/u_decode/genblk1.u_fifo/g6403/Y             -       B->Y    R     OAI21xp5_ASAP7_75t_R          3  1.6    24    11     100    (-,-) 
  u_issue/g40533/Y                                       -       A->Y    F     INVx1_ASAP7_75t_R             1  0.6     9     7     108    (-,-) 
  u_issue/g40472/Y                                       -       B2->Y   R     OAI22xp5_ASAP7_75t_R          2  1.1    22    14     121    (-,-) 
  u_issue/g40461/Y                                       -       A->Y    F     INVx1_ASAP7_75t_R             1  1.1    11     9     130    (-,-) 
  u_issue/g40460/Y                                       -       B->Y    R     NOR2x1_ASAP7_75t_R            2  1.0    12    10     140    (-,-) 
  u_issue/g40437/Y                                       -       A->Y    F     NAND2xp5_ASAP7_75t_R          1  1.4    18    12     152    (-,-) 
  u_issue/g40425/Y                                       -       B->Y    R     NOR3x1_ASAP7_75t_R            1  1.1    16    14     166    (-,-) 
  u_issue/g40424/Y                                       -       B->Y    R     AND2x4_ASAP7_75t_R            4  4.0    12    20     187    (-,-) 
  u_issue/fopt119/Y                                      -       A->Y    R     BUFx6f_ASAP7_75t_R           14 11.7    15    18     204    (-,-) 
  u_issue/fopt34/Y                                       -       A->Y    F     INVx1_ASAP7_75t_R             2  1.2    10     8     213    (-,-) 
  u_issue/g71898/Y                                       -       A2->Y   R     AOI22xp5_ASAP7_75t_R          2  1.3    23    14     227    (-,-) 
  u_issue/g71654/Y                                       -       B->Y    F     NAND2xp5_ASAP7_75t_R          1  0.6    13    11     238    (-,-) 
  u_issue/g71483/Y                                       -       A->Y    R     NOR3xp33_ASAP7_75t_R          1  0.5    20    14     252    (-,-) 
  u_issue/g71351/Y                                       -       B2->Y   F     AOI221xp5_ASAP7_75t_R         1  0.7    21    13     265    (-,-) 
  u_issue/g71322/Y                                       -       A->Y    F     BUFx3_ASAP7_75t_R             2  6.4    14    22     287    (-,-) 
  u_issue/g71314/Y                                       -       A->Y    R     INVx8_ASAP7_75t_R            26 18.6    18    13     300    (-,-) 
  u_issue/g71205/Y                                       -       B->Y    R     AND2x2_ASAP7_75t_R            2  1.9    12    21     321    (-,-) 
  u_issue/g71181/Y                                       -       A->Y    F     INVx2_ASAP7_75t_R             3  1.7     7     6     327    (-,-) 
  u_issue/g71021/Y                                       -       B2->Y   R     AOI22xp5_ASAP7_75t_R          1  0.5    20     9     337    (-,-) 
  u_issue/g70850/Y                                       -       C->Y    F     OAI221xp5_ASAP7_75t_R         1  0.6    20    14     351    (-,-) 
  u_issue/g70610/Y                                       -       A2->Y   R     OAI21xp5_ASAP7_75t_R          1  0.6    15    12     363    (-,-) 
  u_issue/g70436/Y                                       -       C->Y    F     A2O1A1Ixp33_ASAP7_75t_R       1  0.6    18    13     376    (-,-) 
  u_issue/g70413/Y                                       -       A2->Y   F     AO21x1_ASAP7_75t_R            1  1.4    10    19     395    (-,-) 
  u_issue/g70400/Y                                       -       A->Y    R     NOR3x1_ASAP7_75t_R            3  2.3    24    14     409    (-,-) 
  u_issue/g70396/Y                                       -       C->Y    F     NAND3xp33_ASAP7_75t_R         1  1.3    26    19     427    (-,-) 
  u_issue/g70393/Y                                       -       A->Y    R     INVx2_ASAP7_75t_R             3  3.3    16    13     441    (-,-) 
  u_issue/g70392/Y                                       -       A->Y    R     BUFx6f_ASAP7_75t_R            3  5.9    10    16     457    (-,-) 
  u_issue/g70356/Y                                       -       A->Y    F     INVx4_ASAP7_75t_R            19 10.7    15    11     467    (-,-) 
  u_issue/g70265/Y                                       -       A2->Y   F     AO22x2_ASAP7_75t_R            4  3.6    14    24     492    (-,-) 
  u_lsu/csa_tree_ADD_TC_OP_48_groupi_g2882/Y             -       A->Y    R     INVx2_ASAP7_75t_R             3  1.8     9     8     500    (-,-) 
  u_lsu/csa_tree_ADD_TC_OP_48_groupi_g2797/Y             -       A->Y    F     NAND2xp5_ASAP7_75t_R          3  1.8    23    14     513    (-,-) 
  u_lsu/csa_tree_ADD_TC_OP_48_groupi_g2765/Y             -       A->Y    R     INVx1_ASAP7_75t_R             2  1.0    12    10     523    (-,-) 
  u_lsu/csa_tree_ADD_TC_OP_48_groupi_g2649/Y             -       A2->Y   F     OAI21xp5_ASAP7_75t_R          1  0.6    14     9     532    (-,-) 
  u_lsu/csa_tree_ADD_TC_OP_48_groupi_g2627/Y             -       A1->Y   R     AOI21xp5_ASAP7_75t_R          2  1.2    22    13     545    (-,-) 
  u_lsu/csa_tree_ADD_TC_OP_48_groupi_g2610/Y             -       A1->Y   F     OAI21xp5_ASAP7_75t_R          1  1.2    19    14     560    (-,-) 
  u_lsu/csa_tree_ADD_TC_OP_48_groupi_g2596/Y             -       A1->Y   R     AOI21x1_ASAP7_75t_R           2  1.9    18    13     573    (-,-) 
  u_lsu/csa_tree_ADD_TC_OP_48_groupi_g2595/Y             -       A->Y    F     INVx2_ASAP7_75t_R             3  2.3    10     8     581    (-,-) 
  u_lsu/csa_tree_ADD_TC_OP_48_groupi_g2583/Y             -       A1->Y   R     AOI21xp5_ASAP7_75t_R          1  0.6    14     9     590    (-,-) 
  u_lsu/csa_tree_ADD_TC_OP_48_groupi_g2573/Y             -       B->Y    F     OAI21xp5_ASAP7_75t_R          1  1.0    15    11     601    (-,-) 
  u_lsu/csa_tree_ADD_TC_OP_48_groupi_g2543/Y             -       B->Y    F     XOR2xp5_ASAP7_75t_R           1  0.7    16    18     619    (-,-) 
  u_lsu/fopt16630/Y                                      -       A->Y    R     INVx1_ASAP7_75t_R             2  0.9    10     8     628    (-,-) 
  u_lsu/fopt16629/Y                                      -       A->Y    R     HB1xp67_ASAP7_75t_R           1  0.6     9    14     642    (-,-) 
  u_lsu/g16304/Y                                         -       A2->Y   F     OAI21xp5_ASAP7_75t_R          1  0.5    13     7     649    (-,-) 
  u_lsu/g16208/Y                                         -       B->Y    R     AOI21xp33_ASAP7_75t_R         1  0.6    19    13     662    (-,-) 
  u_lsu/mem_addr_q_reg[29]/D                             -       -       R     ASYNC_DFFHx1_ASAP7_75t_R      1    -     -     0     662    (-,-) 
#------------------------------------------------------------------------------------------------------------------------------------------------



Path 28: VIOLATED (-447 ps) Setup Check with Pin u_issue/pc_x_q_reg[16]/CLK->D
          Group: clk
     Startpoint: (R) u_frontend/u_decode/genblk1.u_fifo/rd_ptr_q_reg[0]/CLK
          Clock: (R) clk
       Endpoint: (R) u_issue/pc_x_q_reg[16]/D
          Clock: (R) clk

                     Capture       Launch     
        Clock Edge:+     250            0     
       Src Latency:+       0            0     
       Net Latency:+       0 (I)        0 (I) 
           Arrival:=     250            0     
                                              
             Setup:-       9                  
       Uncertainty:-      25                  
     Required Time:=     216                  
      Launch Clock:-       0                  
         Data Path:-     663                  
             Slack:=    -447                  

#------------------------------------------------------------------------------------------------------------------------------------------------
#                     Timing Point                       Flags    Arc    Edge           Cell            Fanout Load Trans Delay Arrival Instance 
#                                                                                                              (fF)  (ps)  (ps)   (ps)  Location 
#------------------------------------------------------------------------------------------------------------------------------------------------
  u_frontend/u_decode/genblk1.u_fifo/rd_ptr_q_reg[0]/CLK -       -       R     (arrival)                  5356    -    12     0       0    (-,-) 
  u_frontend/u_decode/genblk1.u_fifo/rd_ptr_q_reg[0]/QN  -       CLK->QN R     ASYNC_DFFHx1_ASAP7_75t_R      1  1.3    18    43      43    (-,-) 
  u_frontend/u_decode/genblk1.u_fifo/fopt262/Y           -       A->Y    R     BUFx6f_ASAP7_75t_R            6  7.1    11    17      60    (-,-) 
  u_frontend/u_decode/genblk1.u_fifo/fopt238/Y           -       A->Y    F     INVx5_ASAP7_75t_R             8  7.2    10     8      68    (-,-) 
  u_frontend/u_decode/genblk1.u_fifo/fopt213/Y           -       A->Y    F     BUFx6f_ASAP7_75t_R            9  5.3     8    15      83    (-,-) 
  u_frontend/u_decode/genblk1.u_fifo/g6385/Y             -       A1->Y   R     OAI21xp5_ASAP7_75t_R          3  1.6    23    14      97    (-,-) 
  u_issue/g40520/Y                                       -       A->Y    F     INVx1_ASAP7_75t_R             1  0.6     8     7     104    (-,-) 
  u_issue/g40477/Y                                       -       B2->Y   R     AOI22xp5_ASAP7_75t_R          1  0.6    17    10     115    (-,-) 
  u_issue/g40445/Y                                       -       B->Y    F     NAND2xp5_ASAP7_75t_R          1  1.1    16    13     128    (-,-) 
  u_issue/g40442/Y                                       -       B->Y    R     NOR2x1_ASAP7_75t_R            1  1.6    17    13     141    (-,-) 
  u_issue/g40433/Y                                       -       A->Y    F     NAND2x1p5_ASAP7_75t_R         2  1.9    12    10     151    (-,-) 
  u_issue/g40428/Y                                       -       B->Y    F     OR2x2_ASAP7_75t_R             3  2.8    13    24     174    (-,-) 
  u_issue/g40580/Y                                       -       B->Y    R     NOR2x1p5_ASAP7_75t_R          1  2.1    15    12     186    (-,-) 
  u_issue/g40579/Y                                       -       A->Y    F     NAND2x2_ASAP7_75t_R           8  4.8    18    13     199    (-,-) 
  u_issue/g40578/Y                                       -       A->Y    R     INVx1_ASAP7_75t_R             4  2.4    18    14     213    (-,-) 
  u_issue/g40574/Y                                       -       A2->Y   R     AO22x2_ASAP7_75t_R            3  5.1    20    27     239    (-,-) 
  u_issue/fopt73132/Y                                    -       A->Y    F     INVx6_ASAP7_75t_R             9 10.2    13    11     250    (-,-) 
  u_issue/fopt73114/Y                                    -       A->Y    R     INVx5_ASAP7_75t_R             8  6.1    11     9     259    (-,-) 
  u_issue/u_regfile/fopt2097/Y                           -       A->Y    F     INVx2_ASAP7_75t_R             1  0.6     5     4     264    (-,-) 
  u_issue/u_regfile/g69645/Y                             -       C->Y    F     AND3x1_ASAP7_75t_R            4  4.4    26    23     286    (-,-) 
  u_issue/u_regfile/g69633/Y                             -       B->Y    F     AND2x4_ASAP7_75t_R           31 18.5    29    34     320    (-,-) 
  u_issue/u_regfile/fopt4103/Y                           -       A->Y    R     INVxp67_ASAP7_75t_R           2  1.0    16    14     333    (-,-) 
  u_issue/u_regfile/fopt4101/Y                           -       A->Y    F     INVxp67_ASAP7_75t_R           1  0.6     9     8     341    (-,-) 
  u_issue/u_regfile/g70050/Y                             -       B2->Y   R     AOI22xp5_ASAP7_75t_R          1  0.6    18    10     352    (-,-) 
  u_issue/u_regfile/g69830/Y                             -       A->Y    R     AND4x1_ASAP7_75t_R            1  0.5    11    24     376    (-,-) 
  u_issue/u_regfile/g69778/Y                             -       D->Y    F     NAND4xp25_ASAP7_75t_R         1  0.6    23    16     392    (-,-) 
  u_issue/g70727/Y                                       -       B1->Y   R     AOI22xp5_ASAP7_75t_R          1  1.6    28    21     413    (-,-) 
  u_issue/g70442/Y                                       -       A->Y    F     NAND2x1p5_ASAP7_75t_R         8  4.8    23    17     430    (-,-) 
  u_exec0/less_than_signed_345_25:sub_267_12_g3141/Y     -       A->Y    R     NAND2xp5_ASAP7_75t_R          2  1.1    19    16     446    (-,-) 
  u_exec0/less_than_signed_345_25:sub_267_12_g3091/Y     -       B->Y    F     OAI211xp5_ASAP7_75t_R         2  1.0    22    15     462    (-,-) 
  u_exec0/less_than_signed_345_25:sub_267_12_g3082/Y     -       B->Y    R     NOR2xp33_ASAP7_75t_R          2  1.1    29    20     482    (-,-) 
  u_exec0/less_than_signed_345_25:sub_267_12_g3073/Y     -       A->Y    F     NAND2xp5_ASAP7_75t_R          1  0.6    12    11     493    (-,-) 
  u_exec0/less_than_signed_345_25:sub_267_12_g3065/Y     -       A1->Y   R     OAI21xp5_ASAP7_75t_R          1  0.9    16    12     505    (-,-) 
  u_exec0/less_than_signed_345_25:sub_267_12_g2/Y        -       B->Y    R     XNOR2xp5_ASAP7_75t_R          1  1.1    24    19     523    (-,-) 
  u_exec0/g11435/Y                                       -       B->Y    F     NOR2x1_ASAP7_75t_R            2  1.1    13    12     535    (-,-) 
  u_exec0/g11419/Y                                       -       B->Y    R     AOI21xp5_ASAP7_75t_R          1  1.2    21    14     550    (-,-) 
  u_exec0/g11201/Y                                       -       A2->Y   R     AO31x2_ASAP7_75t_R            4  2.6    13    21     570    (-,-) 
  u_issue/g46561/Y                                       -       A->Y    F     INVx2_ASAP7_75t_R             2  1.7     7     6     577    (-,-) 
  u_issue/g46709/Y                                       -       A->Y    F     AND2x4_ASAP7_75t_R            3  4.0    10    18     595    (-,-) 
  u_issue/g46421/Y                                       -       B->Y    F     AND2x4_ASAP7_75t_R            1  3.9    10    18     613    (-,-) 
  u_issue/fopt73093/Y                                    -       A->Y    R     INVx6_ASAP7_75t_R             9  7.8    11     8     621    (-,-) 
  u_issue/fopt73092/Y                                    -       A->Y    F     INVx2_ASAP7_75t_R             4  2.0     8     6     628    (-,-) 
  u_issue/g46290/Y                                       -       A1->Y   R     AOI221xp5_ASAP7_75t_R         1  0.6    23    14     642    (-,-) 
  u_issue/g46283/Y                                       -       B->Y    F     OAI21xp5_ASAP7_75t_R          1  0.6    13    10     652    (-,-) 
  u_issue/g46278/Y                                       -       B->Y    R     AOI21xp5_ASAP7_75t_R          1  0.6    14    11     663    (-,-) 
  u_issue/pc_x_q_reg[16]/D                               -       -       R     ASYNC_DFFHx1_ASAP7_75t_R      1    -     -     0     663    (-,-) 
#------------------------------------------------------------------------------------------------------------------------------------------------



Path 29: VIOLATED (-447 ps) Setup Check with Pin u_issue/pc_x_q_reg[9]/CLK->D
          Group: clk
     Startpoint: (R) u_frontend/u_decode/genblk1.u_fifo/rd_ptr_q_reg[0]/CLK
          Clock: (R) clk
       Endpoint: (R) u_issue/pc_x_q_reg[9]/D
          Clock: (R) clk

                     Capture       Launch     
        Clock Edge:+     250            0     
       Src Latency:+       0            0     
       Net Latency:+       0 (I)        0 (I) 
           Arrival:=     250            0     
                                              
             Setup:-       9                  
       Uncertainty:-      25                  
     Required Time:=     216                  
      Launch Clock:-       0                  
         Data Path:-     663                  
             Slack:=    -447                  

#------------------------------------------------------------------------------------------------------------------------------------------------
#                     Timing Point                       Flags    Arc    Edge           Cell            Fanout Load Trans Delay Arrival Instance 
#                                                                                                              (fF)  (ps)  (ps)   (ps)  Location 
#------------------------------------------------------------------------------------------------------------------------------------------------
  u_frontend/u_decode/genblk1.u_fifo/rd_ptr_q_reg[0]/CLK -       -       R     (arrival)                  5356    -    12     0       0    (-,-) 
  u_frontend/u_decode/genblk1.u_fifo/rd_ptr_q_reg[0]/QN  -       CLK->QN R     ASYNC_DFFHx1_ASAP7_75t_R      1  1.3    18    43      43    (-,-) 
  u_frontend/u_decode/genblk1.u_fifo/fopt262/Y           -       A->Y    R     BUFx6f_ASAP7_75t_R            6  7.1    11    17      60    (-,-) 
  u_frontend/u_decode/genblk1.u_fifo/fopt238/Y           -       A->Y    F     INVx5_ASAP7_75t_R             8  7.2    10     8      68    (-,-) 
  u_frontend/u_decode/genblk1.u_fifo/fopt213/Y           -       A->Y    F     BUFx6f_ASAP7_75t_R            9  5.3     8    15      83    (-,-) 
  u_frontend/u_decode/genblk1.u_fifo/g6385/Y             -       A1->Y   R     OAI21xp5_ASAP7_75t_R          3  1.6    23    14      97    (-,-) 
  u_issue/g40520/Y                                       -       A->Y    F     INVx1_ASAP7_75t_R             1  0.6     8     7     104    (-,-) 
  u_issue/g40477/Y                                       -       B2->Y   R     AOI22xp5_ASAP7_75t_R          1  0.6    17    10     115    (-,-) 
  u_issue/g40445/Y                                       -       B->Y    F     NAND2xp5_ASAP7_75t_R          1  1.1    16    13     128    (-,-) 
  u_issue/g40442/Y                                       -       B->Y    R     NOR2x1_ASAP7_75t_R            1  1.6    17    13     141    (-,-) 
  u_issue/g40433/Y                                       -       A->Y    F     NAND2x1p5_ASAP7_75t_R         2  1.9    12    10     151    (-,-) 
  u_issue/g40428/Y                                       -       B->Y    F     OR2x2_ASAP7_75t_R             3  2.8    13    24     174    (-,-) 
  u_issue/g40580/Y                                       -       B->Y    R     NOR2x1p5_ASAP7_75t_R          1  2.1    15    12     186    (-,-) 
  u_issue/g40579/Y                                       -       A->Y    F     NAND2x2_ASAP7_75t_R           8  4.8    18    13     199    (-,-) 
  u_issue/g40578/Y                                       -       A->Y    R     INVx1_ASAP7_75t_R             4  2.4    18    14     213    (-,-) 
  u_issue/g40574/Y                                       -       A2->Y   R     AO22x2_ASAP7_75t_R            3  5.1    20    27     239    (-,-) 
  u_issue/fopt73132/Y                                    -       A->Y    F     INVx6_ASAP7_75t_R             9 10.2    13    11     250    (-,-) 
  u_issue/fopt73114/Y                                    -       A->Y    R     INVx5_ASAP7_75t_R             8  6.1    11     9     259    (-,-) 
  u_issue/u_regfile/fopt2097/Y                           -       A->Y    F     INVx2_ASAP7_75t_R             1  0.6     5     4     264    (-,-) 
  u_issue/u_regfile/g69645/Y                             -       C->Y    F     AND3x1_ASAP7_75t_R            4  4.4    26    23     286    (-,-) 
  u_issue/u_regfile/g69633/Y                             -       B->Y    F     AND2x4_ASAP7_75t_R           31 18.5    29    34     320    (-,-) 
  u_issue/u_regfile/fopt4103/Y                           -       A->Y    R     INVxp67_ASAP7_75t_R           2  1.0    16    14     333    (-,-) 
  u_issue/u_regfile/fopt4101/Y                           -       A->Y    F     INVxp67_ASAP7_75t_R           1  0.6     9     8     341    (-,-) 
  u_issue/u_regfile/g70050/Y                             -       B2->Y   R     AOI22xp5_ASAP7_75t_R          1  0.6    18    10     352    (-,-) 
  u_issue/u_regfile/g69830/Y                             -       A->Y    R     AND4x1_ASAP7_75t_R            1  0.5    11    24     376    (-,-) 
  u_issue/u_regfile/g69778/Y                             -       D->Y    F     NAND4xp25_ASAP7_75t_R         1  0.6    23    16     392    (-,-) 
  u_issue/g70727/Y                                       -       B1->Y   R     AOI22xp5_ASAP7_75t_R          1  1.6    28    21     413    (-,-) 
  u_issue/g70442/Y                                       -       A->Y    F     NAND2x1p5_ASAP7_75t_R         8  4.8    23    17     430    (-,-) 
  u_exec0/less_than_signed_345_25:sub_267_12_g3141/Y     -       A->Y    R     NAND2xp5_ASAP7_75t_R          2  1.1    19    16     446    (-,-) 
  u_exec0/less_than_signed_345_25:sub_267_12_g3091/Y     -       B->Y    F     OAI211xp5_ASAP7_75t_R         2  1.0    22    15     462    (-,-) 
  u_exec0/less_than_signed_345_25:sub_267_12_g3082/Y     -       B->Y    R     NOR2xp33_ASAP7_75t_R          2  1.1    29    20     482    (-,-) 
  u_exec0/less_than_signed_345_25:sub_267_12_g3073/Y     -       A->Y    F     NAND2xp5_ASAP7_75t_R          1  0.6    12    11     493    (-,-) 
  u_exec0/less_than_signed_345_25:sub_267_12_g3065/Y     -       A1->Y   R     OAI21xp5_ASAP7_75t_R          1  0.9    16    12     505    (-,-) 
  u_exec0/less_than_signed_345_25:sub_267_12_g2/Y        -       B->Y    R     XNOR2xp5_ASAP7_75t_R          1  1.1    24    19     523    (-,-) 
  u_exec0/g11435/Y                                       -       B->Y    F     NOR2x1_ASAP7_75t_R            2  1.1    13    12     535    (-,-) 
  u_exec0/g11419/Y                                       -       B->Y    R     AOI21xp5_ASAP7_75t_R          1  1.2    21    14     550    (-,-) 
  u_exec0/g11201/Y                                       -       A2->Y   R     AO31x2_ASAP7_75t_R            4  2.6    13    21     570    (-,-) 
  u_issue/g46561/Y                                       -       A->Y    F     INVx2_ASAP7_75t_R             2  1.7     7     6     577    (-,-) 
  u_issue/g46709/Y                                       -       A->Y    F     AND2x4_ASAP7_75t_R            3  4.0    10    18     595    (-,-) 
  u_issue/g46421/Y                                       -       B->Y    F     AND2x4_ASAP7_75t_R            1  3.9    10    18     613    (-,-) 
  u_issue/fopt73093/Y                                    -       A->Y    R     INVx6_ASAP7_75t_R             9  7.8    11     8     621    (-,-) 
  u_issue/fopt73092/Y                                    -       A->Y    F     INVx2_ASAP7_75t_R             4  2.0     8     6     628    (-,-) 
  u_issue/g46363/Y                                       -       A1->Y   R     AOI221xp5_ASAP7_75t_R         1  0.6    23    14     642    (-,-) 
  u_issue/g46348/Y                                       -       B->Y    F     OAI21xp5_ASAP7_75t_R          1  0.6    13    10     652    (-,-) 
  u_issue/g46331/Y                                       -       B->Y    R     AOI21xp5_ASAP7_75t_R          1  0.6    14    11     663    (-,-) 
  u_issue/pc_x_q_reg[9]/D                                -       -       R     ASYNC_DFFHx1_ASAP7_75t_R      1    -     -     0     663    (-,-) 
#------------------------------------------------------------------------------------------------------------------------------------------------



Path 30: VIOLATED (-447 ps) Setup Check with Pin u_lsu/mem_cacheable_q_reg/CLK->D
          Group: clk
     Startpoint: (R) u_frontend/u_decode/genblk1.u_fifo/rd_ptr_q_reg[0]/CLK
          Clock: (R) clk
       Endpoint: (F) u_lsu/mem_cacheable_q_reg/D
          Clock: (R) clk

                     Capture       Launch     
        Clock Edge:+     250            0     
       Src Latency:+       0            0     
       Net Latency:+       0 (I)        0 (I) 
           Arrival:=     250            0     
                                              
             Setup:-       8                  
       Uncertainty:-      25                  
     Required Time:=     217                  
      Launch Clock:-       0                  
         Data Path:-     664                  
             Slack:=    -447                  

#------------------------------------------------------------------------------------------------------------------------------------------------
#                     Timing Point                       Flags    Arc    Edge           Cell            Fanout Load Trans Delay Arrival Instance 
#                                                                                                              (fF)  (ps)  (ps)   (ps)  Location 
#------------------------------------------------------------------------------------------------------------------------------------------------
  u_frontend/u_decode/genblk1.u_fifo/rd_ptr_q_reg[0]/CLK -       -       R     (arrival)                  5356    -    12     0       0    (-,-) 
  u_frontend/u_decode/genblk1.u_fifo/rd_ptr_q_reg[0]/QN  -       CLK->QN R     ASYNC_DFFHx1_ASAP7_75t_R      1  1.3    18    43      43    (-,-) 
  u_frontend/u_decode/genblk1.u_fifo/fopt262/Y           -       A->Y    R     BUFx6f_ASAP7_75t_R            6  7.1    11    17      60    (-,-) 
  u_frontend/u_decode/genblk1.u_fifo/fopt238/Y           -       A->Y    F     INVx5_ASAP7_75t_R             8  7.2    10     8      68    (-,-) 
  u_frontend/u_decode/genblk1.u_fifo/fopt215/Y           -       A->Y    R     INVx2_ASAP7_75t_R             8  4.8    16    11      79    (-,-) 
  u_frontend/u_decode/genblk1.u_fifo/g6491/Y             -       B->Y    F     NAND2xp5_ASAP7_75t_R          1  0.6    12    10      89    (-,-) 
  u_frontend/u_decode/genblk1.u_fifo/g6403/Y             -       B->Y    R     OAI21xp5_ASAP7_75t_R          3  1.6    24    11     100    (-,-) 
  u_issue/g40533/Y                                       -       A->Y    F     INVx1_ASAP7_75t_R             1  0.6     9     7     108    (-,-) 
  u_issue/g40472/Y                                       -       B2->Y   R     OAI22xp5_ASAP7_75t_R          2  1.1    22    14     121    (-,-) 
  u_issue/g40461/Y                                       -       A->Y    F     INVx1_ASAP7_75t_R             1  1.1    11     9     130    (-,-) 
  u_issue/g40460/Y                                       -       B->Y    R     NOR2x1_ASAP7_75t_R            2  1.0    12    10     140    (-,-) 
  u_issue/g40437/Y                                       -       A->Y    F     NAND2xp5_ASAP7_75t_R          1  1.4    18    12     152    (-,-) 
  u_issue/g40425/Y                                       -       B->Y    R     NOR3x1_ASAP7_75t_R            1  1.1    16    14     166    (-,-) 
  u_issue/g40424/Y                                       -       B->Y    R     AND2x4_ASAP7_75t_R            4  4.0    12    20     187    (-,-) 
  u_issue/fopt119/Y                                      -       A->Y    R     BUFx6f_ASAP7_75t_R           14 11.7    15    18     204    (-,-) 
  u_issue/fopt34/Y                                       -       A->Y    F     INVx1_ASAP7_75t_R             2  1.2    10     8     213    (-,-) 
  u_issue/g71898/Y                                       -       A2->Y   R     AOI22xp5_ASAP7_75t_R          2  1.3    23    14     227    (-,-) 
  u_issue/g71654/Y                                       -       B->Y    F     NAND2xp5_ASAP7_75t_R          1  0.6    13    11     238    (-,-) 
  u_issue/g71483/Y                                       -       A->Y    R     NOR3xp33_ASAP7_75t_R          1  0.5    20    14     252    (-,-) 
  u_issue/g71351/Y                                       -       B2->Y   F     AOI221xp5_ASAP7_75t_R         1  0.7    21    13     265    (-,-) 
  u_issue/g71322/Y                                       -       A->Y    F     BUFx3_ASAP7_75t_R             2  6.4    14    22     287    (-,-) 
  u_issue/g71314/Y                                       -       A->Y    R     INVx8_ASAP7_75t_R            26 18.6    18    13     300    (-,-) 
  u_issue/g71205/Y                                       -       B->Y    R     AND2x2_ASAP7_75t_R            2  1.9    12    21     321    (-,-) 
  u_issue/g71156/Y                                       -       B->Y    R     OA21x2_ASAP7_75t_R            3  1.7    10    18     339    (-,-) 
  u_issue/g71109/Y                                       -       A->Y    F     INVxp67_ASAP7_75t_R           1  0.6     7     6     346    (-,-) 
  u_issue/g70887/Y                                       -       B2->Y   R     AOI22xp5_ASAP7_75t_R          1  0.6    22    10     356    (-,-) 
  u_issue/g70573/Y                                       -       B->Y    F     NAND2xp5_ASAP7_75t_R          1  0.6    13    11     367    (-,-) 
  u_issue/g70420/Y                                       -       A1->Y   R     OAI22xp5_ASAP7_75t_R          1  1.6    29    16     382    (-,-) 
  u_issue/g70414/Y                                       -       A->Y    F     NOR2x1p5_ASAP7_75t_R          2  2.3    16    16     398    (-,-) 
  u_issue/g70405/Y                                       -       B->Y    R     NOR2x1p5_ASAP7_75t_R          2  1.3    15    11     408    (-,-) 
  u_issue/g70404/Y                                       -       A->Y    F     INVx1_ASAP7_75t_R             1  1.4    11     9     418    (-,-) 
  u_issue/g70395/Y                                       -       B->Y    R     NOR3x1_ASAP7_75t_R            1  1.3    16    13     430    (-,-) 
  u_issue/g70353/Y                                       -       A->Y    R     BUFx6f_ASAP7_75t_R           12  9.6    13    18     448    (-,-) 
  u_issue/g70345/Y                                       -       A->Y    R     BUFx6f_ASAP7_75t_R           18 10.4    14    18     466    (-,-) 
  u_issue/g70296/Y                                       -       B2->Y   R     AO22x2_ASAP7_75t_R            5  4.5    18    24     490    (-,-) 
  u_lsu/csa_tree_ADD_TC_OP_48_groupi_g2847/Y             -       B->Y    F     NAND2xp5_ASAP7_75t_R          2  0.9    15    12     502    (-,-) 
  u_lsu/csa_tree_ADD_TC_OP_48_groupi_g2658/Y             -       A1->Y   R     AOI21xp5_ASAP7_75t_R          2  1.2    20    14     515    (-,-) 
  u_lsu/csa_tree_ADD_TC_OP_48_groupi_g2631/Y             -       A1->Y   F     AOI21xp5_ASAP7_75t_R          1  1.1    17    13     529    (-,-) 
  u_lsu/csa_tree_ADD_TC_OP_48_groupi_g2613/Y             -       A2->Y   R     OAI21x1_ASAP7_75t_R           2  1.8    18    13     542    (-,-) 
  u_lsu/csa_tree_ADD_TC_OP_48_groupi_g2609/Y             -       A1->Y   F     AOI21xp5_ASAP7_75t_R          1  0.6    13    10     552    (-,-) 
  u_lsu/csa_tree_ADD_TC_OP_48_groupi_g2598/Y             -       B->Y    F     OA21x2_ASAP7_75t_R            6  4.1    15    19     571    (-,-) 
  u_lsu/csa_tree_ADD_TC_OP_48_groupi_g2597/Y             -       A->Y    R     INVx2_ASAP7_75t_R             4  3.0    12    10     581    (-,-) 
  u_lsu/csa_tree_ADD_TC_OP_48_groupi_g2572/Y             -       A1->Y   F     AOI321xp33_ASAP7_75t_R        2  1.3    29    19     599    (-,-) 
  u_lsu/csa_tree_ADD_TC_OP_48_groupi_g2571/Y             -       A->Y    R     INVx1_ASAP7_75t_R             1  0.6    11    10     609    (-,-) 
  u_lsu/csa_tree_ADD_TC_OP_48_groupi_g2544/Y             -       A1->Y   F     OAI22xp5_ASAP7_75t_R          1  0.7    15    10     619    (-,-) 
  u_lsu/fopt1/Y                                          -       A->Y    R     INVx1_ASAP7_75t_R             2  0.8     9     8     627    (-,-) 
  u_lsu/g16382/Y                                         -       B->Y    F     NAND4xp25_ASAP7_75t_R         1  0.6    25    15     642    (-,-) 
  u_lsu/g16271/Y                                         -       A2->Y   R     OAI21xp5_ASAP7_75t_R          1  0.6    16    13     655    (-,-) 
  u_lsu/g16184/Y                                         -       B->Y    F     AOI21xp5_ASAP7_75t_R          1  0.6    14     9     664    (-,-) 
  u_lsu/mem_cacheable_q_reg/D                            -       -       F     ASYNC_DFFHx1_ASAP7_75t_R      1    -     -     0     664    (-,-) 
#------------------------------------------------------------------------------------------------------------------------------------------------



Path 31: VIOLATED (-446 ps) Setup Check with Pin u_issue/pc_x_q_reg[31]/CLK->D
          Group: clk
     Startpoint: (R) u_frontend/u_decode/genblk1.u_fifo/rd_ptr_q_reg[0]/CLK
          Clock: (R) clk
       Endpoint: (R) u_issue/pc_x_q_reg[31]/D
          Clock: (R) clk

                     Capture       Launch     
        Clock Edge:+     250            0     
       Src Latency:+       0            0     
       Net Latency:+       0 (I)        0 (I) 
           Arrival:=     250            0     
                                              
             Setup:-      10                  
       Uncertainty:-      25                  
     Required Time:=     216                  
      Launch Clock:-       0                  
         Data Path:-     662                  
             Slack:=    -446                  

#------------------------------------------------------------------------------------------------------------------------------------------------
#                     Timing Point                       Flags    Arc    Edge           Cell            Fanout Load Trans Delay Arrival Instance 
#                                                                                                              (fF)  (ps)  (ps)   (ps)  Location 
#------------------------------------------------------------------------------------------------------------------------------------------------
  u_frontend/u_decode/genblk1.u_fifo/rd_ptr_q_reg[0]/CLK -       -       R     (arrival)                  5356    -    12     0       0    (-,-) 
  u_frontend/u_decode/genblk1.u_fifo/rd_ptr_q_reg[0]/QN  -       CLK->QN F     ASYNC_DFFHx1_ASAP7_75t_R      1  1.3    17    41      41    (-,-) 
  u_frontend/u_decode/genblk1.u_fifo/fopt262/Y           -       A->Y    F     BUFx6f_ASAP7_75t_R            6  7.1    10    18      58    (-,-) 
  u_frontend/u_decode/genblk1.u_fifo/fopt174/Y           -       A->Y    F     BUFx3_ASAP7_75t_R             3  2.5     8    15      73    (-,-) 
  u_frontend/u_decode/genblk1.u_fifo/g6498/Y             -       B->Y    R     NAND2xp5_ASAP7_75t_R          1  0.6    13     8      82    (-,-) 
  u_frontend/u_decode/genblk1.u_fifo/g6411/Y             -       B->Y    F     OAI21xp5_ASAP7_75t_R          3  1.6    19    13      95    (-,-) 
  u_issue/g40562/Y                                       -       A->Y    R     INVx1_ASAP7_75t_R             1  0.6     9     8     103    (-,-) 
  u_issue/g40464/Y                                       -       B1->Y   F     AOI22xp5_ASAP7_75t_R          1  1.0    19     9     112    (-,-) 
  u_issue/g40446/Y                                       -       A->Y    R     NAND2x1_ASAP7_75t_R           1  1.1    16    15     127    (-,-) 
  u_issue/g40443/Y                                       -       B->Y    F     NOR2x1_ASAP7_75t_R            1  1.6    15    12     139    (-,-) 
  u_issue/g40433/Y                                       -       B->Y    R     NAND2x1p5_ASAP7_75t_R         2  1.9    15    11     151    (-,-) 
  u_issue/g40428/Y                                       -       B->Y    R     OR2x2_ASAP7_75t_R             3  2.8    14    21     171    (-,-) 
  u_issue/g40580/Y                                       -       B->Y    F     NOR2x1p5_ASAP7_75t_R          1  2.0    12    10     181    (-,-) 
  u_issue/g40579/Y                                       -       A->Y    R     NAND2x2_ASAP7_75t_R           8  4.8    23    16     198    (-,-) 
  u_issue/g40599/Y                                       -       A1->Y   R     OA22x2_ASAP7_75t_R            1  2.6    12    24     222    (-,-) 
  u_issue/g40596/Y                                       -       A->Y    F     INVx4_ASAP7_75t_R            12  9.7    15    11     232    (-,-) 
  u_issue/g38711/Y                                       -       A->Y    F     BUFx6f_ASAP7_75t_R            4  4.5     7    16     248    (-,-) 
  u_issue/u_regfile/g2100/Y                              -       A->Y    F     AND2x4_ASAP7_75t_R            8  8.8    16    22     270    (-,-) 
  u_issue/u_regfile/g69730/Y                             -       A->Y    F     AND2x4_ASAP7_75t_R           26 15.3    24    30     299    (-,-) 
  u_issue/u_regfile/g4202/Y                              -       A->Y    F     HB1xp67_ASAP7_75t_R           4  2.4    21    26     325    (-,-) 
  u_issue/u_regfile/g71923/Y                             -       B->Y    R     NAND2xp5_ASAP7_75t_R          1  0.4    13    11     336    (-,-) 
  u_issue/u_regfile/g71440/Y                             -       B->Y    F     NAND2xp33_ASAP7_75t_R         1  0.4    11     9     345    (-,-) 
  u_issue/u_regfile/g71225/Y                             -       A->Y    R     NOR2xp33_ASAP7_75t_R          1  0.6    17    12     357    (-,-) 
  u_issue/u_regfile/g71195/Y                             -       A->Y    F     NAND4xp25_ASAP7_75t_R         1  0.5    23    15     372    (-,-) 
  u_issue/g70715/Y                                       -       A2->Y   R     AOI221xp5_ASAP7_75t_R         1  0.5    24    17     389    (-,-) 
  u_issue/g70574/Y                                       -       B->Y    F     NAND3xp33_ASAP7_75t_R         1  0.7    19    15     404    (-,-) 
  u_issue/g70501/Y                                       -       A->Y    F     BUFx3_ASAP7_75t_R            14  8.1    17    23     427    (-,-) 
  u_exec0/g6302/Y                                        -       A->Y    F     BUFx2_ASAP7_75t_R             3  1.9     8    18     445    (-,-) 
  u_exec0/g6301/Y                                        -       A->Y    F     BUFx2_ASAP7_75t_R             3  1.6     7    15     459    (-,-) 
  u_exec0/g6300/Y                                        -       A->Y    F     HB1xp67_ASAP7_75t_R           2  1.3    13    17     476    (-,-) 
  u_exec0/add_326_51_g1787/Y                             -       A->Y    R     INVx1_ASAP7_75t_R             1  1.1    10     8     484    (-,-) 
  u_exec0/add_326_51_g1705/Y                             -       B->Y    F     NAND2x1_ASAP7_75t_R           3  1.6    16     9     494    (-,-) 
  u_exec0/add_326_51_g1612/Y                             -       B->Y    R     NAND4xp25_ASAP7_75t_R         1  0.8    21    14     508    (-,-) 
  u_exec0/add_326_51_g1595/Y                             -       A->Y    F     NOR2xp67_ASAP7_75t_R          2  1.3    18    17     525    (-,-) 
  u_exec0/add_326_51_g1586/Y                             -       B->Y    R     NAND2xp5_ASAP7_75t_R          1  0.6    13    11     536    (-,-) 
  u_exec0/add_326_51_g1548/Y                             -       A1->Y   F     OAI21xp5_ASAP7_75t_R          3  2.1    24    16     552    (-,-) 
  u_exec0/add_326_51_g1524/Y                             -       A1->Y   R     AOI21xp5_ASAP7_75t_R          2  0.9    18    13     565    (-,-) 
  u_exec0/add_326_51_g1503/Y                             -       A2->Y   F     OAI21xp5_ASAP7_75t_R          1  1.0    19    12     577    (-,-) 
  u_exec0/add_326_51_g1497/Y                             -       B->Y    F     XNOR2xp5_ASAP7_75t_R          1  0.6    15    20     597    (-,-) 
  u_exec0/g11392/Y                                       -       A2->Y   F     AO21x1_ASAP7_75t_R            1  0.7     9    16     613    (-,-) 
  u_issue/g46688/Y                                       -       A->Y    R     INVx1_ASAP7_75t_R             1  0.6     7     6     619    (-,-) 
  u_issue/g46456/Y                                       -       A1->Y   F     OAI21xp5_ASAP7_75t_R          1  0.5    10     7     627    (-,-) 
  u_issue/g46379/Y                                       -       B->Y    R     AOI21xp33_ASAP7_75t_R         1  0.6    17    12     639    (-,-) 
  u_issue/g46198/Y                                       -       B->Y    F     OAI21xp5_ASAP7_75t_R          1  0.6    13    10     649    (-,-) 
  u_issue/g46193/Y                                       -       C->Y    R     O2A1O1Ixp33_ASAP7_75t_R       1  0.6    20    13     662    (-,-) 
  u_issue/pc_x_q_reg[31]/D                               -       -       R     ASYNC_DFFHx1_ASAP7_75t_R      1    -     -     0     662    (-,-) 
#------------------------------------------------------------------------------------------------------------------------------------------------



Path 32: VIOLATED (-446 ps) Setup Check with Pin u_issue/pc_x_q_reg[12]/CLK->D
          Group: clk
     Startpoint: (R) u_frontend/u_decode/genblk1.u_fifo/rd_ptr_q_reg[0]/CLK
          Clock: (R) clk
       Endpoint: (R) u_issue/pc_x_q_reg[12]/D
          Clock: (R) clk

                     Capture       Launch     
        Clock Edge:+     250            0     
       Src Latency:+       0            0     
       Net Latency:+       0 (I)        0 (I) 
           Arrival:=     250            0     
                                              
             Setup:-       9                  
       Uncertainty:-      25                  
     Required Time:=     216                  
      Launch Clock:-       0                  
         Data Path:-     663                  
             Slack:=    -446                  

#------------------------------------------------------------------------------------------------------------------------------------------------
#                     Timing Point                       Flags    Arc    Edge           Cell            Fanout Load Trans Delay Arrival Instance 
#                                                                                                              (fF)  (ps)  (ps)   (ps)  Location 
#------------------------------------------------------------------------------------------------------------------------------------------------
  u_frontend/u_decode/genblk1.u_fifo/rd_ptr_q_reg[0]/CLK -       -       R     (arrival)                  5356    -    12     0       0    (-,-) 
  u_frontend/u_decode/genblk1.u_fifo/rd_ptr_q_reg[0]/QN  -       CLK->QN R     ASYNC_DFFHx1_ASAP7_75t_R      1  1.3    18    43      43    (-,-) 
  u_frontend/u_decode/genblk1.u_fifo/fopt262/Y           -       A->Y    R     BUFx6f_ASAP7_75t_R            6  7.1    11    17      60    (-,-) 
  u_frontend/u_decode/genblk1.u_fifo/fopt238/Y           -       A->Y    F     INVx5_ASAP7_75t_R             8  7.2    10     8      68    (-,-) 
  u_frontend/u_decode/genblk1.u_fifo/fopt213/Y           -       A->Y    F     BUFx6f_ASAP7_75t_R            9  5.3     8    15      83    (-,-) 
  u_frontend/u_decode/genblk1.u_fifo/g6385/Y             -       A1->Y   R     OAI21xp5_ASAP7_75t_R          3  1.6    23    14      97    (-,-) 
  u_issue/g40520/Y                                       -       A->Y    F     INVx1_ASAP7_75t_R             1  0.6     8     7     104    (-,-) 
  u_issue/g40477/Y                                       -       B2->Y   R     AOI22xp5_ASAP7_75t_R          1  0.6    17    10     115    (-,-) 
  u_issue/g40445/Y                                       -       B->Y    F     NAND2xp5_ASAP7_75t_R          1  1.1    16    13     128    (-,-) 
  u_issue/g40442/Y                                       -       B->Y    R     NOR2x1_ASAP7_75t_R            1  1.6    17    13     141    (-,-) 
  u_issue/g40433/Y                                       -       A->Y    F     NAND2x1p5_ASAP7_75t_R         2  1.9    12    10     151    (-,-) 
  u_issue/g40428/Y                                       -       B->Y    F     OR2x2_ASAP7_75t_R             3  2.8    13    24     174    (-,-) 
  u_issue/g40580/Y                                       -       B->Y    R     NOR2x1p5_ASAP7_75t_R          1  2.1    15    12     186    (-,-) 
  u_issue/g40579/Y                                       -       A->Y    F     NAND2x2_ASAP7_75t_R           8  4.8    18    13     199    (-,-) 
  u_issue/g40578/Y                                       -       A->Y    R     INVx1_ASAP7_75t_R             4  2.4    18    14     213    (-,-) 
  u_issue/g40574/Y                                       -       A2->Y   R     AO22x2_ASAP7_75t_R            3  5.1    20    27     239    (-,-) 
  u_issue/fopt73132/Y                                    -       A->Y    F     INVx6_ASAP7_75t_R             9 10.2    13    11     250    (-,-) 
  u_issue/fopt73114/Y                                    -       A->Y    R     INVx5_ASAP7_75t_R             8  6.1    11     9     259    (-,-) 
  u_issue/u_regfile/fopt2097/Y                           -       A->Y    F     INVx2_ASAP7_75t_R             1  0.6     5     4     264    (-,-) 
  u_issue/u_regfile/g69645/Y                             -       C->Y    F     AND3x1_ASAP7_75t_R            4  4.4    26    23     286    (-,-) 
  u_issue/u_regfile/g69633/Y                             -       B->Y    F     AND2x4_ASAP7_75t_R           31 18.5    29    34     320    (-,-) 
  u_issue/u_regfile/fopt4103/Y                           -       A->Y    R     INVxp67_ASAP7_75t_R           2  1.0    16    14     333    (-,-) 
  u_issue/u_regfile/fopt4101/Y                           -       A->Y    F     INVxp67_ASAP7_75t_R           1  0.6     9     8     341    (-,-) 
  u_issue/u_regfile/g70050/Y                             -       B2->Y   R     AOI22xp5_ASAP7_75t_R          1  0.6    18    10     352    (-,-) 
  u_issue/u_regfile/g69830/Y                             -       A->Y    R     AND4x1_ASAP7_75t_R            1  0.5    11    24     376    (-,-) 
  u_issue/u_regfile/g69778/Y                             -       D->Y    F     NAND4xp25_ASAP7_75t_R         1  0.6    23    16     392    (-,-) 
  u_issue/g70727/Y                                       -       B1->Y   R     AOI22xp5_ASAP7_75t_R          1  1.6    28    21     413    (-,-) 
  u_issue/g70442/Y                                       -       A->Y    F     NAND2x1p5_ASAP7_75t_R         8  4.8    23    17     430    (-,-) 
  u_exec0/less_than_signed_345_25:sub_267_12_g3141/Y     -       A->Y    R     NAND2xp5_ASAP7_75t_R          2  1.1    19    16     446    (-,-) 
  u_exec0/less_than_signed_345_25:sub_267_12_g3091/Y     -       B->Y    F     OAI211xp5_ASAP7_75t_R         2  1.0    22    15     462    (-,-) 
  u_exec0/less_than_signed_345_25:sub_267_12_g3082/Y     -       B->Y    R     NOR2xp33_ASAP7_75t_R          2  1.1    29    20     482    (-,-) 
  u_exec0/less_than_signed_345_25:sub_267_12_g3073/Y     -       A->Y    F     NAND2xp5_ASAP7_75t_R          1  0.6    12    11     493    (-,-) 
  u_exec0/less_than_signed_345_25:sub_267_12_g3065/Y     -       A1->Y   R     OAI21xp5_ASAP7_75t_R          1  0.9    16    12     505    (-,-) 
  u_exec0/less_than_signed_345_25:sub_267_12_g2/Y        -       B->Y    R     XNOR2xp5_ASAP7_75t_R          1  1.1    24    19     523    (-,-) 
  u_exec0/g11435/Y                                       -       B->Y    F     NOR2x1_ASAP7_75t_R            2  1.1    13    12     535    (-,-) 
  u_exec0/g11419/Y                                       -       B->Y    R     AOI21xp5_ASAP7_75t_R          1  1.2    21    14     550    (-,-) 
  u_exec0/g11201/Y                                       -       A2->Y   R     AO31x2_ASAP7_75t_R            4  2.6    13    21     570    (-,-) 
  u_issue/g46561/Y                                       -       A->Y    F     INVx2_ASAP7_75t_R             2  1.7     7     6     577    (-,-) 
  u_issue/g46709/Y                                       -       A->Y    F     AND2x4_ASAP7_75t_R            3  4.0    10    18     595    (-,-) 
  u_issue/g46421/Y                                       -       B->Y    F     AND2x4_ASAP7_75t_R            1  3.9    10    18     613    (-,-) 
  u_issue/fopt73093/Y                                    -       A->Y    R     INVx6_ASAP7_75t_R             9  7.8    11     8     621    (-,-) 
  u_issue/fopt73083/Y                                    -       A->Y    F     INVxp67_ASAP7_75t_R           1  0.5     7     6     627    (-,-) 
  u_issue/g46319/Y                                       -       A1->Y   R     AOI221xp5_ASAP7_75t_R         1  0.6    23    14     641    (-,-) 
  u_issue/g46312/Y                                       -       B->Y    F     OAI21xp5_ASAP7_75t_R          1  0.6    13    10     652    (-,-) 
  u_issue/g46307/Y                                       -       B->Y    R     AOI21xp5_ASAP7_75t_R          1  0.6    14    11     663    (-,-) 
  u_issue/pc_x_q_reg[12]/D                               -       -       R     ASYNC_DFFHx1_ASAP7_75t_R      1    -     -     0     663    (-,-) 
#------------------------------------------------------------------------------------------------------------------------------------------------



Path 33: VIOLATED (-446 ps) Setup Check with Pin u_lsu/mem_addr_q_reg[30]/CLK->D
          Group: clk
     Startpoint: (R) u_frontend/u_decode/genblk1.u_fifo/rd_ptr_q_reg[0]/CLK
          Clock: (R) clk
       Endpoint: (F) u_lsu/mem_addr_q_reg[30]/D
          Clock: (R) clk

                     Capture       Launch     
        Clock Edge:+     250            0     
       Src Latency:+       0            0     
       Net Latency:+       0 (I)        0 (I) 
           Arrival:=     250            0     
                                              
             Setup:-       9                  
       Uncertainty:-      25                  
     Required Time:=     216                  
      Launch Clock:-       0                  
         Data Path:-     662                  
             Slack:=    -446                  

#------------------------------------------------------------------------------------------------------------------------------------------------
#                     Timing Point                       Flags    Arc    Edge           Cell            Fanout Load Trans Delay Arrival Instance 
#                                                                                                              (fF)  (ps)  (ps)   (ps)  Location 
#------------------------------------------------------------------------------------------------------------------------------------------------
  u_frontend/u_decode/genblk1.u_fifo/rd_ptr_q_reg[0]/CLK -       -       R     (arrival)                  5356    -    12     0       0    (-,-) 
  u_frontend/u_decode/genblk1.u_fifo/rd_ptr_q_reg[0]/QN  -       CLK->QN R     ASYNC_DFFHx1_ASAP7_75t_R      1  1.3    18    43      43    (-,-) 
  u_frontend/u_decode/genblk1.u_fifo/fopt262/Y           -       A->Y    R     BUFx6f_ASAP7_75t_R            6  7.1    11    17      60    (-,-) 
  u_frontend/u_decode/genblk1.u_fifo/fopt238/Y           -       A->Y    F     INVx5_ASAP7_75t_R             8  7.2    10     8      68    (-,-) 
  u_frontend/u_decode/genblk1.u_fifo/fopt215/Y           -       A->Y    R     INVx2_ASAP7_75t_R             8  4.8    16    11      79    (-,-) 
  u_frontend/u_decode/genblk1.u_fifo/g6491/Y             -       B->Y    F     NAND2xp5_ASAP7_75t_R          1  0.6    12    10      89    (-,-) 
  u_frontend/u_decode/genblk1.u_fifo/g6403/Y             -       B->Y    R     OAI21xp5_ASAP7_75t_R          3  1.6    24    11     100    (-,-) 
  u_issue/g40533/Y                                       -       A->Y    F     INVx1_ASAP7_75t_R             1  0.6     9     7     108    (-,-) 
  u_issue/g40472/Y                                       -       B2->Y   R     OAI22xp5_ASAP7_75t_R          2  1.1    22    14     121    (-,-) 
  u_issue/g40461/Y                                       -       A->Y    F     INVx1_ASAP7_75t_R             1  1.1    11     9     130    (-,-) 
  u_issue/g40460/Y                                       -       B->Y    R     NOR2x1_ASAP7_75t_R            2  1.0    12    10     140    (-,-) 
  u_issue/g40437/Y                                       -       A->Y    F     NAND2xp5_ASAP7_75t_R          1  1.4    18    12     152    (-,-) 
  u_issue/g40425/Y                                       -       B->Y    R     NOR3x1_ASAP7_75t_R            1  1.1    16    14     166    (-,-) 
  u_issue/g40424/Y                                       -       B->Y    R     AND2x4_ASAP7_75t_R            4  4.0    12    20     187    (-,-) 
  u_issue/fopt119/Y                                      -       A->Y    R     BUFx6f_ASAP7_75t_R           14 11.7    15    18     204    (-,-) 
  u_issue/fopt34/Y                                       -       A->Y    F     INVx1_ASAP7_75t_R             2  1.2    10     8     213    (-,-) 
  u_issue/g71898/Y                                       -       A2->Y   R     AOI22xp5_ASAP7_75t_R          2  1.3    23    14     227    (-,-) 
  u_issue/g71654/Y                                       -       B->Y    F     NAND2xp5_ASAP7_75t_R          1  0.6    13    11     238    (-,-) 
  u_issue/g71483/Y                                       -       A->Y    R     NOR3xp33_ASAP7_75t_R          1  0.5    20    14     252    (-,-) 
  u_issue/g71351/Y                                       -       B2->Y   F     AOI221xp5_ASAP7_75t_R         1  0.7    21    13     265    (-,-) 
  u_issue/g71322/Y                                       -       A->Y    F     BUFx3_ASAP7_75t_R             2  6.4    14    22     287    (-,-) 
  u_issue/g71314/Y                                       -       A->Y    R     INVx8_ASAP7_75t_R            26 18.6    18    13     300    (-,-) 
  u_issue/g71205/Y                                       -       B->Y    R     AND2x2_ASAP7_75t_R            2  1.9    12    21     321    (-,-) 
  u_issue/g71181/Y                                       -       A->Y    F     INVx2_ASAP7_75t_R             3  1.7     7     6     327    (-,-) 
  u_issue/g71021/Y                                       -       B2->Y   R     AOI22xp5_ASAP7_75t_R          1  0.5    20     9     337    (-,-) 
  u_issue/g70850/Y                                       -       C->Y    F     OAI221xp5_ASAP7_75t_R         1  0.6    20    14     351    (-,-) 
  u_issue/g70610/Y                                       -       A2->Y   R     OAI21xp5_ASAP7_75t_R          1  0.6    15    12     363    (-,-) 
  u_issue/g70436/Y                                       -       C->Y    F     A2O1A1Ixp33_ASAP7_75t_R       1  0.6    18    13     376    (-,-) 
  u_issue/g70413/Y                                       -       A2->Y   F     AO21x1_ASAP7_75t_R            1  1.4    10    19     395    (-,-) 
  u_issue/g70400/Y                                       -       A->Y    R     NOR3x1_ASAP7_75t_R            3  2.3    24    14     409    (-,-) 
  u_issue/g70396/Y                                       -       C->Y    F     NAND3xp33_ASAP7_75t_R         1  1.3    26    19     427    (-,-) 
  u_issue/g70393/Y                                       -       A->Y    R     INVx2_ASAP7_75t_R             3  3.3    16    13     441    (-,-) 
  u_issue/g70392/Y                                       -       A->Y    R     BUFx6f_ASAP7_75t_R            3  5.9    10    16     457    (-,-) 
  u_issue/g70370/Y                                       -       A->Y    F     INVx2_ASAP7_75t_R             8  4.8    14    10     466    (-,-) 
  u_issue/g70296/Y                                       -       A2->Y   F     AO22x2_ASAP7_75t_R            5  4.6    16    26     492    (-,-) 
  u_lsu/csa_tree_ADD_TC_OP_48_groupi_g2847/Y             -       B->Y    R     NAND2xp5_ASAP7_75t_R          2  0.9    17    12     504    (-,-) 
  u_lsu/csa_tree_ADD_TC_OP_48_groupi_g2658/Y             -       A1->Y   F     AOI21xp5_ASAP7_75t_R          2  1.2    17    13     518    (-,-) 
  u_lsu/csa_tree_ADD_TC_OP_48_groupi_g2631/Y             -       A1->Y   R     AOI21xp5_ASAP7_75t_R          1  1.1    18    13     531    (-,-) 
  u_lsu/csa_tree_ADD_TC_OP_48_groupi_g2613/Y             -       A2->Y   F     OAI21x1_ASAP7_75t_R           2  1.8    16    11     542    (-,-) 
  u_lsu/csa_tree_ADD_TC_OP_48_groupi_g2609/Y             -       A1->Y   R     AOI21xp5_ASAP7_75t_R          1  0.6    15    10     552    (-,-) 
  u_lsu/csa_tree_ADD_TC_OP_48_groupi_g2598/Y             -       B->Y    R     OA21x2_ASAP7_75t_R            6  4.1    16    22     574    (-,-) 
  u_lsu/csa_tree_ADD_TC_OP_48_groupi_g2597/Y             -       A->Y    F     INVx2_ASAP7_75t_R             4  3.0    11     9     584    (-,-) 
  u_lsu/csa_tree_ADD_TC_OP_48_groupi_g2572/Y             -       A1->Y   R     AOI321xp33_ASAP7_75t_R        2  1.3    37    21     605    (-,-) 
  u_lsu/csa_tree_ADD_TC_OP_48_groupi_g2571/Y             -       A->Y    F     INVx1_ASAP7_75t_R             1  0.6    11     8     613    (-,-) 
  u_lsu/csa_tree_ADD_TC_OP_48_groupi_g2544/Y             -       A1->Y   R     OAI22xp5_ASAP7_75t_R          1  0.7    22    10     624    (-,-) 
  u_lsu/fopt1/Y                                          -       A->Y    F     INVx1_ASAP7_75t_R             2  0.8     9     8     632    (-,-) 
  u_lsu/fopt/Y                                           -       A->Y    F     HB1xp67_ASAP7_75t_R           1  0.6     8    14     646    (-,-) 
  u_lsu/g16305/Y                                         -       A2->Y   R     OAI21xp5_ASAP7_75t_R          1  0.5    14     8     654    (-,-) 
  u_lsu/g16209/Y                                         -       B->Y    F     AOI21xp33_ASAP7_75t_R         1  0.6    20     8     662    (-,-) 
  u_lsu/mem_addr_q_reg[30]/D                             -       -       F     ASYNC_DFFHx1_ASAP7_75t_R      1    -     -     0     662    (-,-) 
#------------------------------------------------------------------------------------------------------------------------------------------------



Path 34: VIOLATED (-446 ps) Setup Check with Pin u_issue/pc_x_q_reg[21]/CLK->D
          Group: clk
     Startpoint: (R) u_frontend/u_decode/genblk1.u_fifo/rd_ptr_q_reg[0]/CLK
          Clock: (R) clk
       Endpoint: (F) u_issue/pc_x_q_reg[21]/D
          Clock: (R) clk

                     Capture       Launch     
        Clock Edge:+     250            0     
       Src Latency:+       0            0     
       Net Latency:+       0 (I)        0 (I) 
           Arrival:=     250            0     
                                              
             Setup:-       9                  
       Uncertainty:-      25                  
     Required Time:=     216                  
      Launch Clock:-       0                  
         Data Path:-     662                  
             Slack:=    -446                  

#------------------------------------------------------------------------------------------------------------------------------------------------
#                     Timing Point                       Flags    Arc    Edge           Cell            Fanout Load Trans Delay Arrival Instance 
#                                                                                                              (fF)  (ps)  (ps)   (ps)  Location 
#------------------------------------------------------------------------------------------------------------------------------------------------
  u_frontend/u_decode/genblk1.u_fifo/rd_ptr_q_reg[0]/CLK -       -       R     (arrival)                  5356    -    12     0       0    (-,-) 
  u_frontend/u_decode/genblk1.u_fifo/rd_ptr_q_reg[0]/QN  -       CLK->QN R     ASYNC_DFFHx1_ASAP7_75t_R      1  1.3    18    43      43    (-,-) 
  u_frontend/u_decode/genblk1.u_fifo/fopt262/Y           -       A->Y    R     BUFx6f_ASAP7_75t_R            6  7.1    11    17      60    (-,-) 
  u_frontend/u_decode/genblk1.u_fifo/fopt238/Y           -       A->Y    F     INVx5_ASAP7_75t_R             8  7.2    10     8      68    (-,-) 
  u_frontend/u_decode/genblk1.u_fifo/fopt213/Y           -       A->Y    F     BUFx6f_ASAP7_75t_R            9  5.3     8    15      83    (-,-) 
  u_frontend/u_decode/genblk1.u_fifo/g6385/Y             -       A1->Y   R     OAI21xp5_ASAP7_75t_R          3  1.6    23    14      97    (-,-) 
  u_issue/g40520/Y                                       -       A->Y    F     INVx1_ASAP7_75t_R             1  0.6     8     7     104    (-,-) 
  u_issue/g40477/Y                                       -       B2->Y   R     AOI22xp5_ASAP7_75t_R          1  0.6    17    10     115    (-,-) 
  u_issue/g40445/Y                                       -       B->Y    F     NAND2xp5_ASAP7_75t_R          1  1.1    16    13     128    (-,-) 
  u_issue/g40442/Y                                       -       B->Y    R     NOR2x1_ASAP7_75t_R            1  1.6    17    13     141    (-,-) 
  u_issue/g40433/Y                                       -       A->Y    F     NAND2x1p5_ASAP7_75t_R         2  1.9    12    10     151    (-,-) 
  u_issue/g40428/Y                                       -       B->Y    F     OR2x2_ASAP7_75t_R             3  2.8    13    24     174    (-,-) 
  u_issue/g40580/Y                                       -       B->Y    R     NOR2x1p5_ASAP7_75t_R          1  2.1    15    12     186    (-,-) 
  u_issue/g40579/Y                                       -       A->Y    F     NAND2x2_ASAP7_75t_R           8  4.8    18    13     199    (-,-) 
  u_issue/g40605/Y                                       -       A->Y    R     INVx1_ASAP7_75t_R             1  0.6     9     8     207    (-,-) 
  u_issue/g40598/Y                                       -       A1->Y   R     AO22x2_ASAP7_75t_R            7  6.9    25    26     233    (-,-) 
  u_issue/g72471/Y                                       -       A->Y    F     INVx3_ASAP7_75t_R             6  4.1    12    10     243    (-,-) 
  u_issue/g72113/Y                                       -       B2->Y   R     OAI22xp5_ASAP7_75t_R          1  1.0    24    14     257    (-,-) 
  u_issue/g71784/Y                                       -       A->Y    F     NOR2x1_ASAP7_75t_R            1  1.3    15    15     272    (-,-) 
  u_issue/g71523/Y                                       -       B->Y    R     NAND3x1_ASAP7_75t_R           2  1.5    22    16     289    (-,-) 
  u_issue/g71406/Y                                       -       A->Y    F     NAND2x1_ASAP7_75t_R           2  1.5    15    12     300    (-,-) 
  u_issue/g71344/Y                                       -       A->Y    R     NOR2xp67_ASAP7_75t_R          1  0.6    14    12     312    (-,-) 
  u_issue/g71231/Y                                       -       B->Y    F     NAND2xp5_ASAP7_75t_R          2  1.4    18    13     325    (-,-) 
  u_issue/fopt73239/Y                                    -       A->Y    F     BUFx3_ASAP7_75t_R             2  3.5    10    18     344    (-,-) 
  u_issue/fopt73238/Y                                    -       A->Y    R     INVx2_ASAP7_75t_R             1  1.1     6     6     350    (-,-) 
  u_issue/g71172/Y                                       -       B->Y    R     AND2x4_ASAP7_75t_R           14  8.7    20    22     371    (-,-) 
  u_issue/g70902/Y                                       -       A2->Y   F     AOI22xp5_ASAP7_75t_R          1  0.6    15    12     383    (-,-) 
  u_issue/g70760/Y                                       -       B->Y    R     OAI21xp5_ASAP7_75t_R          1  1.1    18    10     394    (-,-) 
  u_issue/g70584/Y                                       -       B->Y    R     OR2x6_ASAP7_75t_R            15  8.1    15    25     419    (-,-) 
  u_exec0/g6260/Y                                        -       A->Y    R     BUFx2_ASAP7_75t_R             4  2.6    11    18     436    (-,-) 
  u_exec0/g11581/Y                                       -       A->Y    F     INVxp67_ASAP7_75t_R           1  0.9    10     8     444    (-,-) 
  u_exec0/g11466/Y                                       -       B2->Y   R     AOI221x1_ASAP7_75t_R          1  0.6    16    11     455    (-,-) 
  u_exec0/g11418/Y                                       -       A->Y    R     AND4x1_ASAP7_75t_R            1  1.6    18    29     484    (-,-) 
  u_exec0/g11361/Y                                       -       A->Y    F     NAND4xp75_ASAP7_75t_R         2  1.8    24    15     499    (-,-) 
  u_exec0/g11344/Y                                       -       C->Y    R     NOR3x1_ASAP7_75t_R            2  1.2    19    16     515    (-,-) 
  u_exec0/g11211/Y                                       -       A2->Y   F     A2O1A1Ixp33_ASAP7_75t_R       2  0.9    23    15     529    (-,-) 
  u_exec0/g11207/Y                                       -       B->Y    R     NAND2xp5_ASAP7_75t_R          1  0.8    15    14     543    (-,-) 
  u_exec0/g11202/Y                                       -       B->Y    F     NOR2xp67_ASAP7_75t_R          1  1.2    17    12     556    (-,-) 
  u_exec0/g11201/Y                                       -       A1->Y   F     AO31x2_ASAP7_75t_R            4  2.6    10    17     573    (-,-) 
  u_issue/g46561/Y                                       -       A->Y    R     INVx2_ASAP7_75t_R             2  1.7     8     7     580    (-,-) 
  u_issue/g46709/Y                                       -       A->Y    R     AND2x4_ASAP7_75t_R            3  4.0    12    18     598    (-,-) 
  u_issue/g46421/Y                                       -       B->Y    R     AND2x4_ASAP7_75t_R            1  3.9    12    19     617    (-,-) 
  u_issue/fopt73093/Y                                    -       A->Y    F     INVx6_ASAP7_75t_R             9  7.8    10     8     624    (-,-) 
  u_issue/fopt73086/Y                                    -       A->Y    R     INVx1_ASAP7_75t_R             4  2.4    17    11     636    (-,-) 
  u_issue/g46364/Y                                       -       A1->Y   F     AOI21xp5_ASAP7_75t_R          1  0.6    12    10     646    (-,-) 
  u_issue/g46262/Y                                       -       B->Y    R     OAI21xp5_ASAP7_75t_R          1  0.6    16     8     654    (-,-) 
  u_issue/g46255/Y                                       -       C->Y    F     O2A1O1Ixp5_ASAP7_75t_R        1  0.6    17     9     662    (-,-) 
  u_issue/pc_x_q_reg[21]/D                               -       -       F     ASYNC_DFFHx1_ASAP7_75t_R      1    -     -     0     662    (-,-) 
#------------------------------------------------------------------------------------------------------------------------------------------------



Path 35: VIOLATED (-446 ps) Setup Check with Pin u_issue/pc_x_q_reg[13]/CLK->D
          Group: clk
     Startpoint: (R) u_frontend/u_decode/genblk1.u_fifo/rd_ptr_q_reg[0]/CLK
          Clock: (R) clk
       Endpoint: (R) u_issue/pc_x_q_reg[13]/D
          Clock: (R) clk

                     Capture       Launch     
        Clock Edge:+     250            0     
       Src Latency:+       0            0     
       Net Latency:+       0 (I)        0 (I) 
           Arrival:=     250            0     
                                              
             Setup:-       9                  
       Uncertainty:-      25                  
     Required Time:=     216                  
      Launch Clock:-       0                  
         Data Path:-     662                  
             Slack:=    -446                  

#------------------------------------------------------------------------------------------------------------------------------------------------
#                     Timing Point                       Flags    Arc    Edge           Cell            Fanout Load Trans Delay Arrival Instance 
#                                                                                                              (fF)  (ps)  (ps)   (ps)  Location 
#------------------------------------------------------------------------------------------------------------------------------------------------
  u_frontend/u_decode/genblk1.u_fifo/rd_ptr_q_reg[0]/CLK -       -       R     (arrival)                  5356    -    12     0       0    (-,-) 
  u_frontend/u_decode/genblk1.u_fifo/rd_ptr_q_reg[0]/QN  -       CLK->QN R     ASYNC_DFFHx1_ASAP7_75t_R      1  1.3    18    43      43    (-,-) 
  u_frontend/u_decode/genblk1.u_fifo/fopt262/Y           -       A->Y    R     BUFx6f_ASAP7_75t_R            6  7.1    11    17      60    (-,-) 
  u_frontend/u_decode/genblk1.u_fifo/fopt238/Y           -       A->Y    F     INVx5_ASAP7_75t_R             8  7.2    10     8      68    (-,-) 
  u_frontend/u_decode/genblk1.u_fifo/fopt213/Y           -       A->Y    F     BUFx6f_ASAP7_75t_R            9  5.3     8    15      83    (-,-) 
  u_frontend/u_decode/genblk1.u_fifo/g6385/Y             -       A1->Y   R     OAI21xp5_ASAP7_75t_R          3  1.6    23    14      97    (-,-) 
  u_issue/g40520/Y                                       -       A->Y    F     INVx1_ASAP7_75t_R             1  0.6     8     7     104    (-,-) 
  u_issue/g40477/Y                                       -       B2->Y   R     AOI22xp5_ASAP7_75t_R          1  0.6    17    10     115    (-,-) 
  u_issue/g40445/Y                                       -       B->Y    F     NAND2xp5_ASAP7_75t_R          1  1.1    16    13     128    (-,-) 
  u_issue/g40442/Y                                       -       B->Y    R     NOR2x1_ASAP7_75t_R            1  1.6    17    13     141    (-,-) 
  u_issue/g40433/Y                                       -       A->Y    F     NAND2x1p5_ASAP7_75t_R         2  1.9    12    10     151    (-,-) 
  u_issue/g40428/Y                                       -       B->Y    F     OR2x2_ASAP7_75t_R             3  2.8    13    24     174    (-,-) 
  u_issue/g40580/Y                                       -       B->Y    R     NOR2x1p5_ASAP7_75t_R          1  2.1    15    12     186    (-,-) 
  u_issue/g40579/Y                                       -       A->Y    F     NAND2x2_ASAP7_75t_R           8  4.8    18    13     199    (-,-) 
  u_issue/g40578/Y                                       -       A->Y    R     INVx1_ASAP7_75t_R             4  2.4    18    14     213    (-,-) 
  u_issue/g40574/Y                                       -       A2->Y   R     AO22x2_ASAP7_75t_R            3  5.1    20    27     239    (-,-) 
  u_issue/fopt73132/Y                                    -       A->Y    F     INVx6_ASAP7_75t_R             9 10.2    13    11     250    (-,-) 
  u_issue/fopt73114/Y                                    -       A->Y    R     INVx5_ASAP7_75t_R             8  6.1    11     9     259    (-,-) 
  u_issue/u_regfile/fopt2097/Y                           -       A->Y    F     INVx2_ASAP7_75t_R             1  0.6     5     4     264    (-,-) 
  u_issue/u_regfile/g69645/Y                             -       C->Y    F     AND3x1_ASAP7_75t_R            4  4.4    26    23     286    (-,-) 
  u_issue/u_regfile/g69633/Y                             -       B->Y    F     AND2x4_ASAP7_75t_R           31 18.5    29    34     320    (-,-) 
  u_issue/u_regfile/fopt4103/Y                           -       A->Y    R     INVxp67_ASAP7_75t_R           2  1.0    16    14     333    (-,-) 
  u_issue/u_regfile/fopt4101/Y                           -       A->Y    F     INVxp67_ASAP7_75t_R           1  0.6     9     8     341    (-,-) 
  u_issue/u_regfile/g70050/Y                             -       B2->Y   R     AOI22xp5_ASAP7_75t_R          1  0.6    18    10     352    (-,-) 
  u_issue/u_regfile/g69830/Y                             -       A->Y    R     AND4x1_ASAP7_75t_R            1  0.5    11    24     376    (-,-) 
  u_issue/u_regfile/g69778/Y                             -       D->Y    F     NAND4xp25_ASAP7_75t_R         1  0.6    23    16     392    (-,-) 
  u_issue/g70727/Y                                       -       B1->Y   R     AOI22xp5_ASAP7_75t_R          1  1.6    28    21     413    (-,-) 
  u_issue/g70442/Y                                       -       A->Y    F     NAND2x1p5_ASAP7_75t_R         8  4.8    23    17     430    (-,-) 
  u_exec0/less_than_signed_345_25:sub_267_12_g3141/Y     -       A->Y    R     NAND2xp5_ASAP7_75t_R          2  1.1    19    16     446    (-,-) 
  u_exec0/less_than_signed_345_25:sub_267_12_g3091/Y     -       B->Y    F     OAI211xp5_ASAP7_75t_R         2  1.0    22    15     462    (-,-) 
  u_exec0/less_than_signed_345_25:sub_267_12_g3082/Y     -       B->Y    R     NOR2xp33_ASAP7_75t_R          2  1.1    29    20     482    (-,-) 
  u_exec0/less_than_signed_345_25:sub_267_12_g3073/Y     -       A->Y    F     NAND2xp5_ASAP7_75t_R          1  0.6    12    11     493    (-,-) 
  u_exec0/less_than_signed_345_25:sub_267_12_g3065/Y     -       A1->Y   R     OAI21xp5_ASAP7_75t_R          1  0.9    16    12     505    (-,-) 
  u_exec0/less_than_signed_345_25:sub_267_12_g2/Y        -       B->Y    R     XNOR2xp5_ASAP7_75t_R          1  1.1    24    19     523    (-,-) 
  u_exec0/g11435/Y                                       -       B->Y    F     NOR2x1_ASAP7_75t_R            2  1.1    13    12     535    (-,-) 
  u_exec0/g11419/Y                                       -       B->Y    R     AOI21xp5_ASAP7_75t_R          1  1.2    21    14     550    (-,-) 
  u_exec0/g11201/Y                                       -       A2->Y   R     AO31x2_ASAP7_75t_R            4  2.6    13    21     570    (-,-) 
  u_issue/g46561/Y                                       -       A->Y    F     INVx2_ASAP7_75t_R             2  1.7     7     6     577    (-,-) 
  u_issue/g46709/Y                                       -       A->Y    F     AND2x4_ASAP7_75t_R            3  4.0    10    18     595    (-,-) 
  u_issue/g46421/Y                                       -       B->Y    F     AND2x4_ASAP7_75t_R            1  3.9    10    18     613    (-,-) 
  u_issue/fopt73093/Y                                    -       A->Y    R     INVx6_ASAP7_75t_R             9  7.8    11     8     621    (-,-) 
  u_issue/fopt73085/Y                                    -       A->Y    F     INVx1_ASAP7_75t_R             4  2.4    14    10     631    (-,-) 
  u_issue/g46383/Y                                       -       A1->Y   R     AOI21xp5_ASAP7_75t_R          1  0.6    14    10     641    (-,-) 
  u_issue/g46321/Y                                       -       B->Y    F     OAI21xp5_ASAP7_75t_R          1  0.6    13     9     650    (-,-) 
  u_issue/g46311/Y                                       -       C->Y    R     O2A1O1Ixp5_ASAP7_75t_R        1  0.6    16    12     662    (-,-) 
  u_issue/pc_x_q_reg[13]/D                               -       -       R     ASYNC_DFFHx1_ASAP7_75t_R      1    -     -     0     662    (-,-) 
#------------------------------------------------------------------------------------------------------------------------------------------------



Path 36: VIOLATED (-446 ps) Setup Check with Pin u_issue/pc_x_q_reg[17]/CLK->D
          Group: clk
     Startpoint: (R) u_frontend/u_decode/genblk1.u_fifo/rd_ptr_q_reg[0]/CLK
          Clock: (R) clk
       Endpoint: (R) u_issue/pc_x_q_reg[17]/D
          Clock: (R) clk

                     Capture       Launch     
        Clock Edge:+     250            0     
       Src Latency:+       0            0     
       Net Latency:+       0 (I)        0 (I) 
           Arrival:=     250            0     
                                              
             Setup:-       9                  
       Uncertainty:-      25                  
     Required Time:=     216                  
      Launch Clock:-       0                  
         Data Path:-     662                  
             Slack:=    -446                  

#------------------------------------------------------------------------------------------------------------------------------------------------
#                     Timing Point                       Flags    Arc    Edge           Cell            Fanout Load Trans Delay Arrival Instance 
#                                                                                                              (fF)  (ps)  (ps)   (ps)  Location 
#------------------------------------------------------------------------------------------------------------------------------------------------
  u_frontend/u_decode/genblk1.u_fifo/rd_ptr_q_reg[0]/CLK -       -       R     (arrival)                  5356    -    12     0       0    (-,-) 
  u_frontend/u_decode/genblk1.u_fifo/rd_ptr_q_reg[0]/QN  -       CLK->QN R     ASYNC_DFFHx1_ASAP7_75t_R      1  1.3    18    43      43    (-,-) 
  u_frontend/u_decode/genblk1.u_fifo/fopt262/Y           -       A->Y    R     BUFx6f_ASAP7_75t_R            6  7.1    11    17      60    (-,-) 
  u_frontend/u_decode/genblk1.u_fifo/fopt238/Y           -       A->Y    F     INVx5_ASAP7_75t_R             8  7.2    10     8      68    (-,-) 
  u_frontend/u_decode/genblk1.u_fifo/fopt213/Y           -       A->Y    F     BUFx6f_ASAP7_75t_R            9  5.3     8    15      83    (-,-) 
  u_frontend/u_decode/genblk1.u_fifo/g6385/Y             -       A1->Y   R     OAI21xp5_ASAP7_75t_R          3  1.6    23    14      97    (-,-) 
  u_issue/g40520/Y                                       -       A->Y    F     INVx1_ASAP7_75t_R             1  0.6     8     7     104    (-,-) 
  u_issue/g40477/Y                                       -       B2->Y   R     AOI22xp5_ASAP7_75t_R          1  0.6    17    10     115    (-,-) 
  u_issue/g40445/Y                                       -       B->Y    F     NAND2xp5_ASAP7_75t_R          1  1.1    16    13     128    (-,-) 
  u_issue/g40442/Y                                       -       B->Y    R     NOR2x1_ASAP7_75t_R            1  1.6    17    13     141    (-,-) 
  u_issue/g40433/Y                                       -       A->Y    F     NAND2x1p5_ASAP7_75t_R         2  1.9    12    10     151    (-,-) 
  u_issue/g40428/Y                                       -       B->Y    F     OR2x2_ASAP7_75t_R             3  2.8    13    24     174    (-,-) 
  u_issue/g40580/Y                                       -       B->Y    R     NOR2x1p5_ASAP7_75t_R          1  2.1    15    12     186    (-,-) 
  u_issue/g40579/Y                                       -       A->Y    F     NAND2x2_ASAP7_75t_R           8  4.8    18    13     199    (-,-) 
  u_issue/g40578/Y                                       -       A->Y    R     INVx1_ASAP7_75t_R             4  2.4    18    14     213    (-,-) 
  u_issue/g40574/Y                                       -       A2->Y   R     AO22x2_ASAP7_75t_R            3  5.1    20    27     239    (-,-) 
  u_issue/fopt73132/Y                                    -       A->Y    F     INVx6_ASAP7_75t_R             9 10.2    13    11     250    (-,-) 
  u_issue/fopt73114/Y                                    -       A->Y    R     INVx5_ASAP7_75t_R             8  6.1    11     9     259    (-,-) 
  u_issue/u_regfile/fopt2097/Y                           -       A->Y    F     INVx2_ASAP7_75t_R             1  0.6     5     4     264    (-,-) 
  u_issue/u_regfile/g69645/Y                             -       C->Y    F     AND3x1_ASAP7_75t_R            4  4.4    26    23     286    (-,-) 
  u_issue/u_regfile/g69633/Y                             -       B->Y    F     AND2x4_ASAP7_75t_R           31 18.5    29    34     320    (-,-) 
  u_issue/u_regfile/fopt4103/Y                           -       A->Y    R     INVxp67_ASAP7_75t_R           2  1.0    16    14     333    (-,-) 
  u_issue/u_regfile/fopt4101/Y                           -       A->Y    F     INVxp67_ASAP7_75t_R           1  0.6     9     8     341    (-,-) 
  u_issue/u_regfile/g70050/Y                             -       B2->Y   R     AOI22xp5_ASAP7_75t_R          1  0.6    18    10     352    (-,-) 
  u_issue/u_regfile/g69830/Y                             -       A->Y    R     AND4x1_ASAP7_75t_R            1  0.5    11    24     376    (-,-) 
  u_issue/u_regfile/g69778/Y                             -       D->Y    F     NAND4xp25_ASAP7_75t_R         1  0.6    23    16     392    (-,-) 
  u_issue/g70727/Y                                       -       B1->Y   R     AOI22xp5_ASAP7_75t_R          1  1.6    28    21     413    (-,-) 
  u_issue/g70442/Y                                       -       A->Y    F     NAND2x1p5_ASAP7_75t_R         8  4.8    23    17     430    (-,-) 
  u_exec0/less_than_signed_345_25:sub_267_12_g3141/Y     -       A->Y    R     NAND2xp5_ASAP7_75t_R          2  1.1    19    16     446    (-,-) 
  u_exec0/less_than_signed_345_25:sub_267_12_g3091/Y     -       B->Y    F     OAI211xp5_ASAP7_75t_R         2  1.0    22    15     462    (-,-) 
  u_exec0/less_than_signed_345_25:sub_267_12_g3082/Y     -       B->Y    R     NOR2xp33_ASAP7_75t_R          2  1.1    29    20     482    (-,-) 
  u_exec0/less_than_signed_345_25:sub_267_12_g3073/Y     -       A->Y    F     NAND2xp5_ASAP7_75t_R          1  0.6    12    11     493    (-,-) 
  u_exec0/less_than_signed_345_25:sub_267_12_g3065/Y     -       A1->Y   R     OAI21xp5_ASAP7_75t_R          1  0.9    16    12     505    (-,-) 
  u_exec0/less_than_signed_345_25:sub_267_12_g2/Y        -       B->Y    R     XNOR2xp5_ASAP7_75t_R          1  1.1    24    19     523    (-,-) 
  u_exec0/g11435/Y                                       -       B->Y    F     NOR2x1_ASAP7_75t_R            2  1.1    13    12     535    (-,-) 
  u_exec0/g11419/Y                                       -       B->Y    R     AOI21xp5_ASAP7_75t_R          1  1.2    21    14     550    (-,-) 
  u_exec0/g11201/Y                                       -       A2->Y   R     AO31x2_ASAP7_75t_R            4  2.6    13    21     570    (-,-) 
  u_issue/g46561/Y                                       -       A->Y    F     INVx2_ASAP7_75t_R             2  1.7     7     6     577    (-,-) 
  u_issue/g46709/Y                                       -       A->Y    F     AND2x4_ASAP7_75t_R            3  4.0    10    18     595    (-,-) 
  u_issue/g46421/Y                                       -       B->Y    F     AND2x4_ASAP7_75t_R            1  3.9    10    18     613    (-,-) 
  u_issue/fopt73093/Y                                    -       A->Y    R     INVx6_ASAP7_75t_R             9  7.8    11     8     621    (-,-) 
  u_issue/fopt73087/Y                                    -       A->Y    F     INVx2_ASAP7_75t_R             8  4.8    14    10     631    (-,-) 
  u_issue/g46385/Y                                       -       A1->Y   R     AOI21xp5_ASAP7_75t_R          1  0.6    14    10     641    (-,-) 
  u_issue/g46291/Y                                       -       B->Y    F     OAI21xp5_ASAP7_75t_R          1  0.6    13     9     650    (-,-) 
  u_issue/g46284/Y                                       -       C->Y    R     O2A1O1Ixp5_ASAP7_75t_R        1  0.6    17    12     662    (-,-) 
  u_issue/pc_x_q_reg[17]/D                               -       -       R     ASYNC_DFFHx1_ASAP7_75t_R      1    -     -     0     662    (-,-) 
#------------------------------------------------------------------------------------------------------------------------------------------------



Path 37: VIOLATED (-446 ps) Setup Check with Pin u_issue/pc_x_q_reg[8]/CLK->D
          Group: clk
     Startpoint: (R) u_frontend/u_decode/genblk1.u_fifo/rd_ptr_q_reg[0]/CLK
          Clock: (R) clk
       Endpoint: (R) u_issue/pc_x_q_reg[8]/D
          Clock: (R) clk

                     Capture       Launch     
        Clock Edge:+     250            0     
       Src Latency:+       0            0     
       Net Latency:+       0 (I)        0 (I) 
           Arrival:=     250            0     
                                              
             Setup:-       9                  
       Uncertainty:-      25                  
     Required Time:=     216                  
      Launch Clock:-       0                  
         Data Path:-     662                  
             Slack:=    -446                  

#------------------------------------------------------------------------------------------------------------------------------------------------
#                     Timing Point                       Flags    Arc    Edge           Cell            Fanout Load Trans Delay Arrival Instance 
#                                                                                                              (fF)  (ps)  (ps)   (ps)  Location 
#------------------------------------------------------------------------------------------------------------------------------------------------
  u_frontend/u_decode/genblk1.u_fifo/rd_ptr_q_reg[0]/CLK -       -       R     (arrival)                  5356    -    12     0       0    (-,-) 
  u_frontend/u_decode/genblk1.u_fifo/rd_ptr_q_reg[0]/QN  -       CLK->QN R     ASYNC_DFFHx1_ASAP7_75t_R      1  1.3    18    43      43    (-,-) 
  u_frontend/u_decode/genblk1.u_fifo/fopt262/Y           -       A->Y    R     BUFx6f_ASAP7_75t_R            6  7.1    11    17      60    (-,-) 
  u_frontend/u_decode/genblk1.u_fifo/fopt238/Y           -       A->Y    F     INVx5_ASAP7_75t_R             8  7.2    10     8      68    (-,-) 
  u_frontend/u_decode/genblk1.u_fifo/fopt213/Y           -       A->Y    F     BUFx6f_ASAP7_75t_R            9  5.3     8    15      83    (-,-) 
  u_frontend/u_decode/genblk1.u_fifo/g6385/Y             -       A1->Y   R     OAI21xp5_ASAP7_75t_R          3  1.6    23    14      97    (-,-) 
  u_issue/g40520/Y                                       -       A->Y    F     INVx1_ASAP7_75t_R             1  0.6     8     7     104    (-,-) 
  u_issue/g40477/Y                                       -       B2->Y   R     AOI22xp5_ASAP7_75t_R          1  0.6    17    10     115    (-,-) 
  u_issue/g40445/Y                                       -       B->Y    F     NAND2xp5_ASAP7_75t_R          1  1.1    16    13     128    (-,-) 
  u_issue/g40442/Y                                       -       B->Y    R     NOR2x1_ASAP7_75t_R            1  1.6    17    13     141    (-,-) 
  u_issue/g40433/Y                                       -       A->Y    F     NAND2x1p5_ASAP7_75t_R         2  1.9    12    10     151    (-,-) 
  u_issue/g40428/Y                                       -       B->Y    F     OR2x2_ASAP7_75t_R             3  2.8    13    24     174    (-,-) 
  u_issue/g40580/Y                                       -       B->Y    R     NOR2x1p5_ASAP7_75t_R          1  2.1    15    12     186    (-,-) 
  u_issue/g40579/Y                                       -       A->Y    F     NAND2x2_ASAP7_75t_R           8  4.8    18    13     199    (-,-) 
  u_issue/g40578/Y                                       -       A->Y    R     INVx1_ASAP7_75t_R             4  2.4    18    14     213    (-,-) 
  u_issue/g40574/Y                                       -       A2->Y   R     AO22x2_ASAP7_75t_R            3  5.1    20    27     239    (-,-) 
  u_issue/fopt73132/Y                                    -       A->Y    F     INVx6_ASAP7_75t_R             9 10.2    13    11     250    (-,-) 
  u_issue/fopt73114/Y                                    -       A->Y    R     INVx5_ASAP7_75t_R             8  6.1    11     9     259    (-,-) 
  u_issue/u_regfile/fopt2097/Y                           -       A->Y    F     INVx2_ASAP7_75t_R             1  0.6     5     4     264    (-,-) 
  u_issue/u_regfile/g69645/Y                             -       C->Y    F     AND3x1_ASAP7_75t_R            4  4.4    26    23     286    (-,-) 
  u_issue/u_regfile/g69633/Y                             -       B->Y    F     AND2x4_ASAP7_75t_R           31 18.5    29    34     320    (-,-) 
  u_issue/u_regfile/fopt4103/Y                           -       A->Y    R     INVxp67_ASAP7_75t_R           2  1.0    16    14     333    (-,-) 
  u_issue/u_regfile/fopt4101/Y                           -       A->Y    F     INVxp67_ASAP7_75t_R           1  0.6     9     8     341    (-,-) 
  u_issue/u_regfile/g70050/Y                             -       B2->Y   R     AOI22xp5_ASAP7_75t_R          1  0.6    18    10     352    (-,-) 
  u_issue/u_regfile/g69830/Y                             -       A->Y    R     AND4x1_ASAP7_75t_R            1  0.5    11    24     376    (-,-) 
  u_issue/u_regfile/g69778/Y                             -       D->Y    F     NAND4xp25_ASAP7_75t_R         1  0.6    23    16     392    (-,-) 
  u_issue/g70727/Y                                       -       B1->Y   R     AOI22xp5_ASAP7_75t_R          1  1.6    28    21     413    (-,-) 
  u_issue/g70442/Y                                       -       A->Y    F     NAND2x1p5_ASAP7_75t_R         8  4.8    23    17     430    (-,-) 
  u_exec0/less_than_signed_345_25:sub_267_12_g3141/Y     -       A->Y    R     NAND2xp5_ASAP7_75t_R          2  1.1    19    16     446    (-,-) 
  u_exec0/less_than_signed_345_25:sub_267_12_g3091/Y     -       B->Y    F     OAI211xp5_ASAP7_75t_R         2  1.0    22    15     462    (-,-) 
  u_exec0/less_than_signed_345_25:sub_267_12_g3082/Y     -       B->Y    R     NOR2xp33_ASAP7_75t_R          2  1.1    29    20     482    (-,-) 
  u_exec0/less_than_signed_345_25:sub_267_12_g3073/Y     -       A->Y    F     NAND2xp5_ASAP7_75t_R          1  0.6    12    11     493    (-,-) 
  u_exec0/less_than_signed_345_25:sub_267_12_g3065/Y     -       A1->Y   R     OAI21xp5_ASAP7_75t_R          1  0.9    16    12     505    (-,-) 
  u_exec0/less_than_signed_345_25:sub_267_12_g2/Y        -       B->Y    R     XNOR2xp5_ASAP7_75t_R          1  1.1    24    19     523    (-,-) 
  u_exec0/g11435/Y                                       -       B->Y    F     NOR2x1_ASAP7_75t_R            2  1.1    13    12     535    (-,-) 
  u_exec0/g11419/Y                                       -       B->Y    R     AOI21xp5_ASAP7_75t_R          1  1.2    21    14     550    (-,-) 
  u_exec0/g11201/Y                                       -       A2->Y   R     AO31x2_ASAP7_75t_R            4  2.6    13    21     570    (-,-) 
  u_issue/g46561/Y                                       -       A->Y    F     INVx2_ASAP7_75t_R             2  1.7     7     6     577    (-,-) 
  u_issue/g46709/Y                                       -       A->Y    F     AND2x4_ASAP7_75t_R            3  4.0    10    18     595    (-,-) 
  u_issue/g46421/Y                                       -       B->Y    F     AND2x4_ASAP7_75t_R            1  3.9    10    18     613    (-,-) 
  u_issue/fopt73093/Y                                    -       A->Y    R     INVx6_ASAP7_75t_R             9  7.8    11     8     621    (-,-) 
  u_issue/fopt73087/Y                                    -       A->Y    F     INVx2_ASAP7_75t_R             8  4.8    14    10     631    (-,-) 
  u_issue/g46380/Y                                       -       A1->Y   R     AOI21xp5_ASAP7_75t_R          1  0.6    14    10     641    (-,-) 
  u_issue/g46359/Y                                       -       B->Y    F     OAI21xp5_ASAP7_75t_R          1  0.6    13     9     650    (-,-) 
  u_issue/g46346/Y                                       -       C->Y    R     O2A1O1Ixp5_ASAP7_75t_R        1  0.6    17    12     662    (-,-) 
  u_issue/pc_x_q_reg[8]/D                                -       -       R     ASYNC_DFFHx1_ASAP7_75t_R      1    -     -     0     662    (-,-) 
#------------------------------------------------------------------------------------------------------------------------------------------------



Path 38: VIOLATED (-446 ps) Setup Check with Pin u_issue/pc_x_q_reg[7]/CLK->D
          Group: clk
     Startpoint: (R) u_frontend/u_decode/genblk1.u_fifo/rd_ptr_q_reg[0]/CLK
          Clock: (R) clk
       Endpoint: (R) u_issue/pc_x_q_reg[7]/D
          Clock: (R) clk

                     Capture       Launch     
        Clock Edge:+     250            0     
       Src Latency:+       0            0     
       Net Latency:+       0 (I)        0 (I) 
           Arrival:=     250            0     
                                              
             Setup:-       9                  
       Uncertainty:-      25                  
     Required Time:=     216                  
      Launch Clock:-       0                  
         Data Path:-     662                  
             Slack:=    -446                  

#------------------------------------------------------------------------------------------------------------------------------------------------
#                     Timing Point                       Flags    Arc    Edge           Cell            Fanout Load Trans Delay Arrival Instance 
#                                                                                                              (fF)  (ps)  (ps)   (ps)  Location 
#------------------------------------------------------------------------------------------------------------------------------------------------
  u_frontend/u_decode/genblk1.u_fifo/rd_ptr_q_reg[0]/CLK -       -       R     (arrival)                  5356    -    12     0       0    (-,-) 
  u_frontend/u_decode/genblk1.u_fifo/rd_ptr_q_reg[0]/QN  -       CLK->QN R     ASYNC_DFFHx1_ASAP7_75t_R      1  1.3    18    43      43    (-,-) 
  u_frontend/u_decode/genblk1.u_fifo/fopt262/Y           -       A->Y    R     BUFx6f_ASAP7_75t_R            6  7.1    11    17      60    (-,-) 
  u_frontend/u_decode/genblk1.u_fifo/fopt238/Y           -       A->Y    F     INVx5_ASAP7_75t_R             8  7.2    10     8      68    (-,-) 
  u_frontend/u_decode/genblk1.u_fifo/fopt213/Y           -       A->Y    F     BUFx6f_ASAP7_75t_R            9  5.3     8    15      83    (-,-) 
  u_frontend/u_decode/genblk1.u_fifo/g6385/Y             -       A1->Y   R     OAI21xp5_ASAP7_75t_R          3  1.6    23    14      97    (-,-) 
  u_issue/g40520/Y                                       -       A->Y    F     INVx1_ASAP7_75t_R             1  0.6     8     7     104    (-,-) 
  u_issue/g40477/Y                                       -       B2->Y   R     AOI22xp5_ASAP7_75t_R          1  0.6    17    10     115    (-,-) 
  u_issue/g40445/Y                                       -       B->Y    F     NAND2xp5_ASAP7_75t_R          1  1.1    16    13     128    (-,-) 
  u_issue/g40442/Y                                       -       B->Y    R     NOR2x1_ASAP7_75t_R            1  1.6    17    13     141    (-,-) 
  u_issue/g40433/Y                                       -       A->Y    F     NAND2x1p5_ASAP7_75t_R         2  1.9    12    10     151    (-,-) 
  u_issue/g40428/Y                                       -       B->Y    F     OR2x2_ASAP7_75t_R             3  2.8    13    24     174    (-,-) 
  u_issue/g40580/Y                                       -       B->Y    R     NOR2x1p5_ASAP7_75t_R          1  2.1    15    12     186    (-,-) 
  u_issue/g40579/Y                                       -       A->Y    F     NAND2x2_ASAP7_75t_R           8  4.8    18    13     199    (-,-) 
  u_issue/g40578/Y                                       -       A->Y    R     INVx1_ASAP7_75t_R             4  2.4    18    14     213    (-,-) 
  u_issue/g40574/Y                                       -       A2->Y   R     AO22x2_ASAP7_75t_R            3  5.1    20    27     239    (-,-) 
  u_issue/fopt73132/Y                                    -       A->Y    F     INVx6_ASAP7_75t_R             9 10.2    13    11     250    (-,-) 
  u_issue/fopt73114/Y                                    -       A->Y    R     INVx5_ASAP7_75t_R             8  6.1    11     9     259    (-,-) 
  u_issue/u_regfile/fopt2097/Y                           -       A->Y    F     INVx2_ASAP7_75t_R             1  0.6     5     4     264    (-,-) 
  u_issue/u_regfile/g69645/Y                             -       C->Y    F     AND3x1_ASAP7_75t_R            4  4.4    26    23     286    (-,-) 
  u_issue/u_regfile/g69633/Y                             -       B->Y    F     AND2x4_ASAP7_75t_R           31 18.5    29    34     320    (-,-) 
  u_issue/u_regfile/fopt4103/Y                           -       A->Y    R     INVxp67_ASAP7_75t_R           2  1.0    16    14     333    (-,-) 
  u_issue/u_regfile/fopt4101/Y                           -       A->Y    F     INVxp67_ASAP7_75t_R           1  0.6     9     8     341    (-,-) 
  u_issue/u_regfile/g70050/Y                             -       B2->Y   R     AOI22xp5_ASAP7_75t_R          1  0.6    18    10     352    (-,-) 
  u_issue/u_regfile/g69830/Y                             -       A->Y    R     AND4x1_ASAP7_75t_R            1  0.5    11    24     376    (-,-) 
  u_issue/u_regfile/g69778/Y                             -       D->Y    F     NAND4xp25_ASAP7_75t_R         1  0.6    23    16     392    (-,-) 
  u_issue/g70727/Y                                       -       B1->Y   R     AOI22xp5_ASAP7_75t_R          1  1.6    28    21     413    (-,-) 
  u_issue/g70442/Y                                       -       A->Y    F     NAND2x1p5_ASAP7_75t_R         8  4.8    23    17     430    (-,-) 
  u_exec0/less_than_signed_345_25:sub_267_12_g3141/Y     -       A->Y    R     NAND2xp5_ASAP7_75t_R          2  1.1    19    16     446    (-,-) 
  u_exec0/less_than_signed_345_25:sub_267_12_g3091/Y     -       B->Y    F     OAI211xp5_ASAP7_75t_R         2  1.0    22    15     462    (-,-) 
  u_exec0/less_than_signed_345_25:sub_267_12_g3082/Y     -       B->Y    R     NOR2xp33_ASAP7_75t_R          2  1.1    29    20     482    (-,-) 
  u_exec0/less_than_signed_345_25:sub_267_12_g3073/Y     -       A->Y    F     NAND2xp5_ASAP7_75t_R          1  0.6    12    11     493    (-,-) 
  u_exec0/less_than_signed_345_25:sub_267_12_g3065/Y     -       A1->Y   R     OAI21xp5_ASAP7_75t_R          1  0.9    16    12     505    (-,-) 
  u_exec0/less_than_signed_345_25:sub_267_12_g2/Y        -       B->Y    R     XNOR2xp5_ASAP7_75t_R          1  1.1    24    19     523    (-,-) 
  u_exec0/g11435/Y                                       -       B->Y    F     NOR2x1_ASAP7_75t_R            2  1.1    13    12     535    (-,-) 
  u_exec0/g11419/Y                                       -       B->Y    R     AOI21xp5_ASAP7_75t_R          1  1.2    21    14     550    (-,-) 
  u_exec0/g11201/Y                                       -       A2->Y   R     AO31x2_ASAP7_75t_R            4  2.6    13    21     570    (-,-) 
  u_issue/g46561/Y                                       -       A->Y    F     INVx2_ASAP7_75t_R             2  1.7     7     6     577    (-,-) 
  u_issue/g46709/Y                                       -       A->Y    F     AND2x4_ASAP7_75t_R            3  4.0    10    18     595    (-,-) 
  u_issue/g46421/Y                                       -       B->Y    F     AND2x4_ASAP7_75t_R            1  3.9    10    18     613    (-,-) 
  u_issue/fopt73093/Y                                    -       A->Y    R     INVx6_ASAP7_75t_R             9  7.8    11     8     621    (-,-) 
  u_issue/fopt73087/Y                                    -       A->Y    F     INVx2_ASAP7_75t_R             8  4.8    14    10     631    (-,-) 
  u_issue/g46377/Y                                       -       A1->Y   R     AOI21xp5_ASAP7_75t_R          1  0.6    14    10     641    (-,-) 
  u_issue/g46358/Y                                       -       B->Y    F     OAI21xp5_ASAP7_75t_R          1  0.6    13     9     650    (-,-) 
  u_issue/g46345/Y                                       -       C->Y    R     O2A1O1Ixp5_ASAP7_75t_R        1  0.6    16    12     662    (-,-) 
  u_issue/pc_x_q_reg[7]/D                                -       -       R     ASYNC_DFFHx1_ASAP7_75t_R      1    -     -     0     662    (-,-) 
#------------------------------------------------------------------------------------------------------------------------------------------------



Path 39: VIOLATED (-446 ps) Setup Check with Pin u_issue/pc_x_q_reg[6]/CLK->D
          Group: clk
     Startpoint: (R) u_frontend/u_decode/genblk1.u_fifo/rd_ptr_q_reg[0]/CLK
          Clock: (R) clk
       Endpoint: (R) u_issue/pc_x_q_reg[6]/D
          Clock: (R) clk

                     Capture       Launch     
        Clock Edge:+     250            0     
       Src Latency:+       0            0     
       Net Latency:+       0 (I)        0 (I) 
           Arrival:=     250            0     
                                              
             Setup:-       9                  
       Uncertainty:-      25                  
     Required Time:=     216                  
      Launch Clock:-       0                  
         Data Path:-     662                  
             Slack:=    -446                  

#------------------------------------------------------------------------------------------------------------------------------------------------
#                     Timing Point                       Flags    Arc    Edge           Cell            Fanout Load Trans Delay Arrival Instance 
#                                                                                                              (fF)  (ps)  (ps)   (ps)  Location 
#------------------------------------------------------------------------------------------------------------------------------------------------
  u_frontend/u_decode/genblk1.u_fifo/rd_ptr_q_reg[0]/CLK -       -       R     (arrival)                  5356    -    12     0       0    (-,-) 
  u_frontend/u_decode/genblk1.u_fifo/rd_ptr_q_reg[0]/QN  -       CLK->QN R     ASYNC_DFFHx1_ASAP7_75t_R      1  1.3    18    43      43    (-,-) 
  u_frontend/u_decode/genblk1.u_fifo/fopt262/Y           -       A->Y    R     BUFx6f_ASAP7_75t_R            6  7.1    11    17      60    (-,-) 
  u_frontend/u_decode/genblk1.u_fifo/fopt238/Y           -       A->Y    F     INVx5_ASAP7_75t_R             8  7.2    10     8      68    (-,-) 
  u_frontend/u_decode/genblk1.u_fifo/fopt213/Y           -       A->Y    F     BUFx6f_ASAP7_75t_R            9  5.3     8    15      83    (-,-) 
  u_frontend/u_decode/genblk1.u_fifo/g6385/Y             -       A1->Y   R     OAI21xp5_ASAP7_75t_R          3  1.6    23    14      97    (-,-) 
  u_issue/g40520/Y                                       -       A->Y    F     INVx1_ASAP7_75t_R             1  0.6     8     7     104    (-,-) 
  u_issue/g40477/Y                                       -       B2->Y   R     AOI22xp5_ASAP7_75t_R          1  0.6    17    10     115    (-,-) 
  u_issue/g40445/Y                                       -       B->Y    F     NAND2xp5_ASAP7_75t_R          1  1.1    16    13     128    (-,-) 
  u_issue/g40442/Y                                       -       B->Y    R     NOR2x1_ASAP7_75t_R            1  1.6    17    13     141    (-,-) 
  u_issue/g40433/Y                                       -       A->Y    F     NAND2x1p5_ASAP7_75t_R         2  1.9    12    10     151    (-,-) 
  u_issue/g40428/Y                                       -       B->Y    F     OR2x2_ASAP7_75t_R             3  2.8    13    24     174    (-,-) 
  u_issue/g40580/Y                                       -       B->Y    R     NOR2x1p5_ASAP7_75t_R          1  2.1    15    12     186    (-,-) 
  u_issue/g40579/Y                                       -       A->Y    F     NAND2x2_ASAP7_75t_R           8  4.8    18    13     199    (-,-) 
  u_issue/g40578/Y                                       -       A->Y    R     INVx1_ASAP7_75t_R             4  2.4    18    14     213    (-,-) 
  u_issue/g40574/Y                                       -       A2->Y   R     AO22x2_ASAP7_75t_R            3  5.1    20    27     239    (-,-) 
  u_issue/fopt73132/Y                                    -       A->Y    F     INVx6_ASAP7_75t_R             9 10.2    13    11     250    (-,-) 
  u_issue/fopt73114/Y                                    -       A->Y    R     INVx5_ASAP7_75t_R             8  6.1    11     9     259    (-,-) 
  u_issue/u_regfile/fopt2097/Y                           -       A->Y    F     INVx2_ASAP7_75t_R             1  0.6     5     4     264    (-,-) 
  u_issue/u_regfile/g69645/Y                             -       C->Y    F     AND3x1_ASAP7_75t_R            4  4.4    26    23     286    (-,-) 
  u_issue/u_regfile/g69633/Y                             -       B->Y    F     AND2x4_ASAP7_75t_R           31 18.5    29    34     320    (-,-) 
  u_issue/u_regfile/fopt4103/Y                           -       A->Y    R     INVxp67_ASAP7_75t_R           2  1.0    16    14     333    (-,-) 
  u_issue/u_regfile/fopt4101/Y                           -       A->Y    F     INVxp67_ASAP7_75t_R           1  0.6     9     8     341    (-,-) 
  u_issue/u_regfile/g70050/Y                             -       B2->Y   R     AOI22xp5_ASAP7_75t_R          1  0.6    18    10     352    (-,-) 
  u_issue/u_regfile/g69830/Y                             -       A->Y    R     AND4x1_ASAP7_75t_R            1  0.5    11    24     376    (-,-) 
  u_issue/u_regfile/g69778/Y                             -       D->Y    F     NAND4xp25_ASAP7_75t_R         1  0.6    23    16     392    (-,-) 
  u_issue/g70727/Y                                       -       B1->Y   R     AOI22xp5_ASAP7_75t_R          1  1.6    28    21     413    (-,-) 
  u_issue/g70442/Y                                       -       A->Y    F     NAND2x1p5_ASAP7_75t_R         8  4.8    23    17     430    (-,-) 
  u_exec0/less_than_signed_345_25:sub_267_12_g3141/Y     -       A->Y    R     NAND2xp5_ASAP7_75t_R          2  1.1    19    16     446    (-,-) 
  u_exec0/less_than_signed_345_25:sub_267_12_g3091/Y     -       B->Y    F     OAI211xp5_ASAP7_75t_R         2  1.0    22    15     462    (-,-) 
  u_exec0/less_than_signed_345_25:sub_267_12_g3082/Y     -       B->Y    R     NOR2xp33_ASAP7_75t_R          2  1.1    29    20     482    (-,-) 
  u_exec0/less_than_signed_345_25:sub_267_12_g3073/Y     -       A->Y    F     NAND2xp5_ASAP7_75t_R          1  0.6    12    11     493    (-,-) 
  u_exec0/less_than_signed_345_25:sub_267_12_g3065/Y     -       A1->Y   R     OAI21xp5_ASAP7_75t_R          1  0.9    16    12     505    (-,-) 
  u_exec0/less_than_signed_345_25:sub_267_12_g2/Y        -       B->Y    R     XNOR2xp5_ASAP7_75t_R          1  1.1    24    19     523    (-,-) 
  u_exec0/g11435/Y                                       -       B->Y    F     NOR2x1_ASAP7_75t_R            2  1.1    13    12     535    (-,-) 
  u_exec0/g11419/Y                                       -       B->Y    R     AOI21xp5_ASAP7_75t_R          1  1.2    21    14     550    (-,-) 
  u_exec0/g11201/Y                                       -       A2->Y   R     AO31x2_ASAP7_75t_R            4  2.6    13    21     570    (-,-) 
  u_issue/g46561/Y                                       -       A->Y    F     INVx2_ASAP7_75t_R             2  1.7     7     6     577    (-,-) 
  u_issue/g46709/Y                                       -       A->Y    F     AND2x4_ASAP7_75t_R            3  4.0    10    18     595    (-,-) 
  u_issue/g46421/Y                                       -       B->Y    F     AND2x4_ASAP7_75t_R            1  3.9    10    18     613    (-,-) 
  u_issue/fopt73093/Y                                    -       A->Y    R     INVx6_ASAP7_75t_R             9  7.8    11     8     621    (-,-) 
  u_issue/fopt73087/Y                                    -       A->Y    F     INVx2_ASAP7_75t_R             8  4.8    14    10     631    (-,-) 
  u_issue/g46365/Y                                       -       A1->Y   R     AOI21xp5_ASAP7_75t_R          1  0.6    14    10     641    (-,-) 
  u_issue/g46354/Y                                       -       B->Y    F     OAI21xp5_ASAP7_75t_R          1  0.6    13     9     650    (-,-) 
  u_issue/g46350/Y                                       -       C->Y    R     O2A1O1Ixp5_ASAP7_75t_R        1  0.6    16    12     662    (-,-) 
  u_issue/pc_x_q_reg[6]/D                                -       -       R     ASYNC_DFFHx1_ASAP7_75t_R      1    -     -     0     662    (-,-) 
#------------------------------------------------------------------------------------------------------------------------------------------------



Path 40: VIOLATED (-443 ps) Setup Check with Pin u_issue/pc_x_q_reg[3]/CLK->D
          Group: clk
     Startpoint: (R) u_frontend/u_decode/genblk1.u_fifo/rd_ptr_q_reg[0]/CLK
          Clock: (R) clk
       Endpoint: (R) u_issue/pc_x_q_reg[3]/D
          Clock: (R) clk

                     Capture       Launch     
        Clock Edge:+     250            0     
       Src Latency:+       0            0     
       Net Latency:+       0 (I)        0 (I) 
           Arrival:=     250            0     
                                              
             Setup:-      10                  
       Uncertainty:-      25                  
     Required Time:=     216                  
      Launch Clock:-       0                  
         Data Path:-     659                  
             Slack:=    -443                  

#------------------------------------------------------------------------------------------------------------------------------------------------
#                     Timing Point                       Flags    Arc    Edge           Cell            Fanout Load Trans Delay Arrival Instance 
#                                                                                                              (fF)  (ps)  (ps)   (ps)  Location 
#------------------------------------------------------------------------------------------------------------------------------------------------
  u_frontend/u_decode/genblk1.u_fifo/rd_ptr_q_reg[0]/CLK -       -       R     (arrival)                  5356    -    12     0       0    (-,-) 
  u_frontend/u_decode/genblk1.u_fifo/rd_ptr_q_reg[0]/QN  -       CLK->QN F     ASYNC_DFFHx1_ASAP7_75t_R      1  1.3    17    41      41    (-,-) 
  u_frontend/u_decode/genblk1.u_fifo/fopt262/Y           -       A->Y    F     BUFx6f_ASAP7_75t_R            6  7.1    10    18      58    (-,-) 
  u_frontend/u_decode/genblk1.u_fifo/fopt238/Y           -       A->Y    R     INVx5_ASAP7_75t_R             8  7.2    11     9      67    (-,-) 
  u_frontend/u_decode/genblk1.u_fifo/fopt215/Y           -       A->Y    F     INVx2_ASAP7_75t_R             8  4.8    14    10      77    (-,-) 
  u_frontend/u_decode/genblk1.u_fifo/g6491/Y             -       B->Y    R     NAND2xp5_ASAP7_75t_R          1  0.6    13    10      88    (-,-) 
  u_frontend/u_decode/genblk1.u_fifo/g6403/Y             -       B->Y    F     OAI21xp5_ASAP7_75t_R          3  1.6    20    13     101    (-,-) 
  u_issue/g40533/Y                                       -       A->Y    R     INVx1_ASAP7_75t_R             1  0.6    10     8     109    (-,-) 
  u_issue/g40472/Y                                       -       B2->Y   F     OAI22xp5_ASAP7_75t_R          2  1.1    19    11     120    (-,-) 
  u_issue/g40461/Y                                       -       A->Y    R     INVx1_ASAP7_75t_R             1  1.1    12    10     130    (-,-) 
  u_issue/g40460/Y                                       -       B->Y    F     NOR2x1_ASAP7_75t_R            2  1.0    11     9     139    (-,-) 
  u_issue/g40437/Y                                       -       A->Y    R     NAND2xp5_ASAP7_75t_R          1  1.3    18    14     152    (-,-) 
  u_issue/g40425/Y                                       -       B->Y    F     NOR3x1_ASAP7_75t_R            1  1.1    17    14     166    (-,-) 
  u_issue/g40424/Y                                       -       B->Y    F     AND2x4_ASAP7_75t_R            4  4.0    10    20     187    (-,-) 
  u_issue/fopt72990/Y                                    -       A->Y    F     BUFx6f_ASAP7_75t_R           11  8.8    11    16     203    (-,-) 
  u_issue/g40614/Y                                       -       B->Y    F     AND2x4_ASAP7_75t_R           16 12.8    21    25     228    (-,-) 
  u_issue/g51993/Y                                       -       B2->Y   R     AOI22xp5_ASAP7_75t_R          2  1.4    24    18     246    (-,-) 
  u_issue/g51953/Y                                       -       A->Y    R     HB1xp67_ASAP7_75t_R           1  0.5     8    17     264    (-,-) 
  u_issue/g51902/Y                                       -       B->Y    F     NAND3xp33_ASAP7_75t_R         1  1.6    31    18     281    (-,-) 
  u_issue/g51878/Y                                       -       A->Y    R     NOR2x1p5_ASAP7_75t_R          4  3.9    25    20     301    (-,-) 
  u_issue/g51865/Y                                       -       A->Y    F     INVx1_ASAP7_75t_R             1  1.6    14    11     313    (-,-) 
  u_issue/g51736/Y                                       -       A->Y    R     NAND4xp75_ASAP7_75t_R         1  1.3    15    10     322    (-,-) 
  u_issue/g51631/Y                                       -       B->Y    F     NOR3x1_ASAP7_75t_R            1  1.3    18    14     336    (-,-) 
  u_issue/g51593/Y                                       -       A->Y    F     BUFx6f_ASAP7_75t_R           19 12.8    14    21     357    (-,-) 
  u_issue/g51586/Y                                       -       A->Y    R     INVx4_ASAP7_75t_R             7  4.9    11     9     366    (-,-) 
  u_issue/g51584/Y                                       -       A->Y    F     INVx2_ASAP7_75t_R             4  2.7     9     8     374    (-,-) 
  u_issue/g51335/Y                                       -       A1->Y   R     AOI221xp5_ASAP7_75t_R         1  0.6    24    15     388    (-,-) 
  u_issue/g51261/Y                                       -       A->Y    F     NAND3xp33_ASAP7_75t_R         1  0.7    20    15     404    (-,-) 
  u_issue/fopt73136/Y                                    -       A->Y    F     BUFx3_ASAP7_75t_R             4  2.7     8    18     422    (-,-) 
  u_exec1/fopt11615/Y                                    -       A->Y    F     BUFx3_ASAP7_75t_R             5  2.7     8    15     437    (-,-) 
  u_exec1/greater_than_signed_350_25:sub_285_12_g3151/Y  -       A->Y    R     NAND2xp5_ASAP7_75t_R          1  0.6    11     9     446    (-,-) 
  u_exec1/greater_than_signed_350_25:sub_285_12_g3095/Y  -       A1->Y   F     OAI21xp5_ASAP7_75t_R          1  0.6    14     9     454    (-,-) 
  u_exec1/greater_than_signed_350_25:sub_285_12_g3078/Y  -       A1->Y   R     AOI21xp5_ASAP7_75t_R          1  0.6    15    10     464    (-,-) 
  u_exec1/greater_than_signed_350_25:sub_285_12_g3071/Y  -       A2->Y   F     OAI21xp5_ASAP7_75t_R          1  0.5    14     9     473    (-,-) 
  u_exec1/greater_than_signed_350_25:sub_285_12_g3066/Y  -       B->Y    R     AOI21xp33_ASAP7_75t_R         1  0.6    18    13     486    (-,-) 
  u_exec1/greater_than_signed_350_25:sub_285_12_g3065/Y  -       B->Y    F     OAI21xp5_ASAP7_75t_R          1  1.0    15    11     498    (-,-) 
  u_exec1/greater_than_signed_350_25:sub_285_12_g2/Y     -       B->Y    F     XNOR2xp5_ASAP7_75t_R          1  0.6    15    19     517    (-,-) 
  u_exec1/g11124/Y                                       -       B1->Y   R     OAI22xp5_ASAP7_75t_R          2  1.1    24    15     532    (-,-) 
  u_exec1/g11122/Y                                       -       B->Y    F     NOR2xp67_ASAP7_75t_R          1  0.6    14    12     544    (-,-) 
  u_exec1/g11121/Y                                       -       B->Y    R     OAI21xp5_ASAP7_75t_R          1  1.3    20    11     554    (-,-) 
  u_exec1/fopt11559/Y                                    -       A->Y    F     INVx2_ASAP7_75t_R             3  2.4    11     9     563    (-,-) 
  u_issue/fopt72912/Y                                    -       A->Y    R     INVxp67_ASAP7_75t_R           2  1.0    12     9     572    (-,-) 
  u_issue/fopt72911/Y                                    -       A->Y    F     INVx1_ASAP7_75t_R             1  1.1     9     7     580    (-,-) 
  u_issue/g46539/Y                                       -       B->Y    F     AND2x4_ASAP7_75t_R           29 13.6    22    25     604    (-,-) 
  u_issue/g46535/Y                                       -       A->Y    R     INVx1_ASAP7_75t_R             2  1.2    13    11     615    (-,-) 
  u_issue/g46497/Y                                       -       A2->Y   F     OAI21xp5_ASAP7_75t_R          1  0.5    13     8     624    (-,-) 
  u_issue/g46441/Y                                       -       B->Y    R     AOI21xp33_ASAP7_75t_R         1  0.5    16    12     636    (-,-) 
  u_issue/g46415/Y                                       -       A->Y    F     NAND2xp5_ASAP7_75t_R          1  0.5    10     9     644    (-,-) 
  u_issue/g46355/Y                                       -       C->Y    R     AOI211xp5_ASAP7_75t_R         1  0.6    21    14     659    (-,-) 
  u_issue/pc_x_q_reg[3]/D                                -       -       R     ASYNC_DFFHx1_ASAP7_75t_R      1    -     -     0     659    (-,-) 
#------------------------------------------------------------------------------------------------------------------------------------------------



Path 41: VIOLATED (-442 ps) Setup Check with Pin u_exec0/result_q_reg[31]/CLK->D
          Group: clk
     Startpoint: (R) u_frontend/u_decode/genblk1.u_fifo/rd_ptr_q_reg[0]/CLK
          Clock: (R) clk
       Endpoint: (R) u_exec0/result_q_reg[31]/D
          Clock: (R) clk

                     Capture       Launch     
        Clock Edge:+     250            0     
       Src Latency:+       0            0     
       Net Latency:+       0 (I)        0 (I) 
           Arrival:=     250            0     
                                              
             Setup:-       9                  
       Uncertainty:-      25                  
     Required Time:=     216                  
      Launch Clock:-       0                  
         Data Path:-     658                  
             Slack:=    -442                  

#------------------------------------------------------------------------------------------------------------------------------------------------
#                     Timing Point                       Flags    Arc    Edge           Cell            Fanout Load Trans Delay Arrival Instance 
#                                                                                                              (fF)  (ps)  (ps)   (ps)  Location 
#------------------------------------------------------------------------------------------------------------------------------------------------
  u_frontend/u_decode/genblk1.u_fifo/rd_ptr_q_reg[0]/CLK -       -       R     (arrival)                  5356    -    12     0       0    (-,-) 
  u_frontend/u_decode/genblk1.u_fifo/rd_ptr_q_reg[0]/QN  -       CLK->QN R     ASYNC_DFFHx1_ASAP7_75t_R      1  1.3    18    43      43    (-,-) 
  u_frontend/u_decode/genblk1.u_fifo/fopt262/Y           -       A->Y    R     BUFx6f_ASAP7_75t_R            6  7.1    11    17      60    (-,-) 
  u_frontend/u_decode/genblk1.u_fifo/fopt238/Y           -       A->Y    F     INVx5_ASAP7_75t_R             8  7.2    10     8      68    (-,-) 
  u_frontend/u_decode/genblk1.u_fifo/fopt213/Y           -       A->Y    F     BUFx6f_ASAP7_75t_R            9  5.3     8    15      83    (-,-) 
  u_frontend/u_decode/genblk1.u_fifo/g6385/Y             -       A1->Y   R     OAI21xp5_ASAP7_75t_R          3  1.6    23    14      97    (-,-) 
  u_issue/g40520/Y                                       -       A->Y    F     INVx1_ASAP7_75t_R             1  0.6     8     7     104    (-,-) 
  u_issue/g40477/Y                                       -       B2->Y   R     AOI22xp5_ASAP7_75t_R          1  0.6    17    10     115    (-,-) 
  u_issue/g40445/Y                                       -       B->Y    F     NAND2xp5_ASAP7_75t_R          1  1.1    16    13     128    (-,-) 
  u_issue/g40442/Y                                       -       B->Y    R     NOR2x1_ASAP7_75t_R            1  1.6    17    13     141    (-,-) 
  u_issue/g40433/Y                                       -       A->Y    F     NAND2x1p5_ASAP7_75t_R         2  1.9    12    10     151    (-,-) 
  u_issue/g40428/Y                                       -       B->Y    F     OR2x2_ASAP7_75t_R             3  2.8    13    24     174    (-,-) 
  u_issue/g40580/Y                                       -       B->Y    R     NOR2x1p5_ASAP7_75t_R          1  2.1    15    12     186    (-,-) 
  u_issue/g40579/Y                                       -       A->Y    F     NAND2x2_ASAP7_75t_R           8  4.8    18    13     199    (-,-) 
  u_issue/g40578/Y                                       -       A->Y    R     INVx1_ASAP7_75t_R             4  2.4    18    14     213    (-,-) 
  u_issue/g40573/Y                                       -       A1->Y   R     AO22x2_ASAP7_75t_R           11  6.2    23    27     240    (-,-) 
  u_issue/g38702/Y                                       -       A->Y    R     BUFx3_ASAP7_75t_R             4  3.8    11    19     259    (-,-) 
  u_issue/u_regfile/g69657/Y                             -       A->Y    F     INVx2_ASAP7_75t_R             2  2.2     8     7     266    (-,-) 
  u_issue/u_regfile/g69653/Y                             -       A->Y    F     AND2x4_ASAP7_75t_R            7  7.7    14    21     287    (-,-) 
  u_issue/u_regfile/g69636/Y                             -       A->Y    F     AND2x4_ASAP7_75t_R           31 19.1    30    32     318    (-,-) 
  u_issue/u_regfile/fopt4100/Y                           -       A->Y    R     INVxp67_ASAP7_75t_R           2  1.0    17    14     332    (-,-) 
  u_issue/u_regfile/fopt4098/Y                           -       A->Y    F     INVxp67_ASAP7_75t_R           1  0.6     9     8     340    (-,-) 
  u_issue/u_regfile/g70406/Y                             -       B2->Y   R     AOI22xp5_ASAP7_75t_R          1  0.6    18    10     350    (-,-) 
  u_issue/u_regfile/g69914/Y                             -       C->Y    R     AND4x1_ASAP7_75t_R            1  0.5    11    26     376    (-,-) 
  u_issue/u_regfile/g69773/Y                             -       C->Y    F     NAND4xp25_ASAP7_75t_R         1  0.6    23    16     392    (-,-) 
  u_issue/g70745/Y                                       -       B1->Y   R     AOI22xp5_ASAP7_75t_R          1  1.1    23    18     410    (-,-) 
  u_issue/g70487/Y                                       -       A->Y    F     NAND2x1_ASAP7_75t_R           7  3.8    24    18     428    (-,-) 
  u_exec0/g11589/Y                                       -       A->Y    R     INVx1_ASAP7_75t_R             3  2.3    19    15     443    (-,-) 
  u_exec0/g11588/Y                                       -       A->Y    F     INVx1_ASAP7_75t_R             1  0.6     8     7     450    (-,-) 
  u_exec0/g11281/Y                                       -       A2->Y   F     AO21x1_ASAP7_75t_R            5  3.0    18    21     471    (-,-) 
  u_exec0/u_alu/add_147_38_g1911/Y                       -       B->Y    R     NOR2x1_ASAP7_75t_R            3  1.9    19    15     485    (-,-) 
  u_exec0/u_alu/add_147_38_g1825/Y                       -       A->Y    F     NOR2xp67_ASAP7_75t_R          2  1.3    18    16     501    (-,-) 
  u_exec0/u_alu/add_147_38_g1814/Y                       -       A->Y    R     INVx1_ASAP7_75t_R             1  0.6     9     8     509    (-,-) 
  u_exec0/u_alu/add_147_38_g1778/Y                       -       A1->Y   F     OAI21xp5_ASAP7_75t_R          3  1.7    21    13     522    (-,-) 
  u_exec0/u_alu/add_147_38_g1770/Y                       -       B->Y    R     NAND2xp5_ASAP7_75t_R          1  0.5    13    11     533    (-,-) 
  u_exec0/u_alu/add_147_38_g1758/Y                       -       B->Y    F     OAI211xp5_ASAP7_75t_R         1  0.6    22    12     545    (-,-) 
  u_exec0/u_alu/add_147_38_g1748/Y                       -       B->Y    F     AO21x1_ASAP7_75t_R            3  1.8    12    22     567    (-,-) 
  u_exec0/u_alu/add_147_38_g1713/Y                       -       A2->Y   F     AO21x1_ASAP7_75t_R            3  2.2    14    20     586    (-,-) 
  u_exec0/u_alu/add_147_38_g1693/Y                       -       A1->Y   R     AOI21xp5_ASAP7_75t_R          2  1.1    20    13     599    (-,-) 
  u_exec0/u_alu/add_147_38_g1679/Y                       -       A2->Y   F     OAI21xp5_ASAP7_75t_R          1  1.0    18    12     611    (-,-) 
  u_exec0/u_alu/add_147_38_g1676/Y                       -       B->Y    F     XNOR2xp5_ASAP7_75t_R          1  0.6    15    20     632    (-,-) 
  u_exec0/u_alu/g19822/Y                                 -       A2->Y   F     AO21x1_ASAP7_75t_R            1  0.6     8    16     647    (-,-) 
  u_exec0/g7752/Y                                        -       A2->Y   R     AOI22xp5_ASAP7_75t_R          1  0.6    30    10     658    (-,-) 
  u_exec0/result_q_reg[31]/D                             -       -       R     ASYNC_DFFHx1_ASAP7_75t_R      1    -     -     0     658    (-,-) 
#------------------------------------------------------------------------------------------------------------------------------------------------



Path 42: VIOLATED (-442 ps) Setup Check with Pin u_exec0/result_q_reg[22]/CLK->D
          Group: clk
     Startpoint: (R) u_frontend/u_decode/genblk1.u_fifo/rd_ptr_q_reg[0]/CLK
          Clock: (R) clk
       Endpoint: (R) u_exec0/result_q_reg[22]/D
          Clock: (R) clk

                     Capture       Launch     
        Clock Edge:+     250            0     
       Src Latency:+       0            0     
       Net Latency:+       0 (I)        0 (I) 
           Arrival:=     250            0     
                                              
             Setup:-       9                  
       Uncertainty:-      25                  
     Required Time:=     216                  
      Launch Clock:-       0                  
         Data Path:-     658                  
             Slack:=    -442                  

#------------------------------------------------------------------------------------------------------------------------------------------------
#                     Timing Point                       Flags    Arc    Edge           Cell            Fanout Load Trans Delay Arrival Instance 
#                                                                                                              (fF)  (ps)  (ps)   (ps)  Location 
#------------------------------------------------------------------------------------------------------------------------------------------------
  u_frontend/u_decode/genblk1.u_fifo/rd_ptr_q_reg[0]/CLK -       -       R     (arrival)                  5356    -    12     0       0    (-,-) 
  u_frontend/u_decode/genblk1.u_fifo/rd_ptr_q_reg[0]/QN  -       CLK->QN R     ASYNC_DFFHx1_ASAP7_75t_R      1  1.3    18    43      43    (-,-) 
  u_frontend/u_decode/genblk1.u_fifo/fopt262/Y           -       A->Y    R     BUFx6f_ASAP7_75t_R            6  7.1    11    17      60    (-,-) 
  u_frontend/u_decode/genblk1.u_fifo/fopt238/Y           -       A->Y    F     INVx5_ASAP7_75t_R             8  7.2    10     8      68    (-,-) 
  u_frontend/u_decode/genblk1.u_fifo/fopt213/Y           -       A->Y    F     BUFx6f_ASAP7_75t_R            9  5.3     8    15      83    (-,-) 
  u_frontend/u_decode/genblk1.u_fifo/g6385/Y             -       A1->Y   R     OAI21xp5_ASAP7_75t_R          3  1.6    23    14      97    (-,-) 
  u_issue/g40520/Y                                       -       A->Y    F     INVx1_ASAP7_75t_R             1  0.6     8     7     104    (-,-) 
  u_issue/g40477/Y                                       -       B2->Y   R     AOI22xp5_ASAP7_75t_R          1  0.6    17    10     115    (-,-) 
  u_issue/g40445/Y                                       -       B->Y    F     NAND2xp5_ASAP7_75t_R          1  1.1    16    13     128    (-,-) 
  u_issue/g40442/Y                                       -       B->Y    R     NOR2x1_ASAP7_75t_R            1  1.6    17    13     141    (-,-) 
  u_issue/g40433/Y                                       -       A->Y    F     NAND2x1p5_ASAP7_75t_R         2  1.9    12    10     151    (-,-) 
  u_issue/g40428/Y                                       -       B->Y    F     OR2x2_ASAP7_75t_R             3  2.8    13    24     174    (-,-) 
  u_issue/g40580/Y                                       -       B->Y    R     NOR2x1p5_ASAP7_75t_R          1  2.1    15    12     186    (-,-) 
  u_issue/g40579/Y                                       -       A->Y    F     NAND2x2_ASAP7_75t_R           8  4.8    18    13     199    (-,-) 
  u_issue/g40578/Y                                       -       A->Y    R     INVx1_ASAP7_75t_R             4  2.4    18    14     213    (-,-) 
  u_issue/g40573/Y                                       -       A1->Y   R     AO22x2_ASAP7_75t_R           11  6.2    23    27     240    (-,-) 
  u_issue/g38702/Y                                       -       A->Y    R     BUFx3_ASAP7_75t_R             4  3.8    11    19     259    (-,-) 
  u_issue/u_regfile/g69657/Y                             -       A->Y    F     INVx2_ASAP7_75t_R             2  2.2     8     7     266    (-,-) 
  u_issue/u_regfile/g69653/Y                             -       A->Y    F     AND2x4_ASAP7_75t_R            7  7.7    14    21     287    (-,-) 
  u_issue/u_regfile/g69636/Y                             -       A->Y    F     AND2x4_ASAP7_75t_R           31 19.1    30    32     318    (-,-) 
  u_issue/u_regfile/fopt4100/Y                           -       A->Y    R     INVxp67_ASAP7_75t_R           2  1.0    17    14     332    (-,-) 
  u_issue/u_regfile/fopt4098/Y                           -       A->Y    F     INVxp67_ASAP7_75t_R           1  0.6     9     8     340    (-,-) 
  u_issue/u_regfile/g70406/Y                             -       B2->Y   R     AOI22xp5_ASAP7_75t_R          1  0.6    18    10     350    (-,-) 
  u_issue/u_regfile/g69914/Y                             -       C->Y    R     AND4x1_ASAP7_75t_R            1  0.5    11    26     376    (-,-) 
  u_issue/u_regfile/g69773/Y                             -       C->Y    F     NAND4xp25_ASAP7_75t_R         1  0.6    23    16     392    (-,-) 
  u_issue/g70745/Y                                       -       B1->Y   R     AOI22xp5_ASAP7_75t_R          1  1.1    23    18     410    (-,-) 
  u_issue/g70487/Y                                       -       A->Y    F     NAND2x1_ASAP7_75t_R           7  3.8    24    18     428    (-,-) 
  u_exec0/g11589/Y                                       -       A->Y    R     INVx1_ASAP7_75t_R             3  2.3    19    15     443    (-,-) 
  u_exec0/g11588/Y                                       -       A->Y    F     INVx1_ASAP7_75t_R             1  0.6     8     7     450    (-,-) 
  u_exec0/g11281/Y                                       -       A2->Y   F     AO21x1_ASAP7_75t_R            5  3.0    18    21     471    (-,-) 
  u_exec0/u_alu/add_147_38_g1911/Y                       -       B->Y    R     NOR2x1_ASAP7_75t_R            3  1.9    19    15     485    (-,-) 
  u_exec0/u_alu/add_147_38_g1825/Y                       -       A->Y    F     NOR2xp67_ASAP7_75t_R          2  1.3    18    16     501    (-,-) 
  u_exec0/u_alu/add_147_38_g1814/Y                       -       A->Y    R     INVx1_ASAP7_75t_R             1  0.6     9     8     509    (-,-) 
  u_exec0/u_alu/add_147_38_g1778/Y                       -       A1->Y   F     OAI21xp5_ASAP7_75t_R          3  1.7    21    13     522    (-,-) 
  u_exec0/u_alu/add_147_38_g1770/Y                       -       B->Y    R     NAND2xp5_ASAP7_75t_R          1  0.5    13    11     533    (-,-) 
  u_exec0/u_alu/add_147_38_g1758/Y                       -       B->Y    F     OAI211xp5_ASAP7_75t_R         1  0.6    22    12     545    (-,-) 
  u_exec0/u_alu/add_147_38_g1748/Y                       -       B->Y    F     AO21x1_ASAP7_75t_R            3  1.8    12    22     567    (-,-) 
  u_exec0/u_alu/add_147_38_g1747/Y                       -       A->Y    R     INVx1_ASAP7_75t_R             2  1.3    11     9     576    (-,-) 
  u_exec0/u_alu/add_147_38_g1727/Y                       -       A2->Y   F     OAI21xp5_ASAP7_75t_R          2  1.1    18    11     586    (-,-) 
  u_exec0/u_alu/add_147_38_g1702/Y                       -       A1->Y   R     AOI21xp5_ASAP7_75t_R          2  1.9    29    18     604    (-,-) 
  u_exec0/u_alu/add_147_38_g1696/Y                       -       A->Y    F     INVx1_ASAP7_75t_R             1  1.0    12    10     614    (-,-) 
  u_exec0/u_alu/add_147_38_g1684/Y                       -       B->Y    F     XNOR2xp5_ASAP7_75t_R          1  0.6    14    18     632    (-,-) 
  u_exec0/u_alu/g19803/Y                                 -       A2->Y   F     AO21x1_ASAP7_75t_R            1  0.6     8    15     647    (-,-) 
  u_exec0/g7743/Y                                        -       A2->Y   R     AOI22xp5_ASAP7_75t_R          1  0.6    30    10     658    (-,-) 
  u_exec0/result_q_reg[22]/D                             -       -       R     ASYNC_DFFHx1_ASAP7_75t_R      1    -     -     0     658    (-,-) 
#------------------------------------------------------------------------------------------------------------------------------------------------



Path 43: VIOLATED (-441 ps) Setup Check with Pin u_exec0/result_q_reg[29]/CLK->D
          Group: clk
     Startpoint: (R) u_frontend/u_decode/genblk1.u_fifo/rd_ptr_q_reg[0]/CLK
          Clock: (R) clk
       Endpoint: (R) u_exec0/result_q_reg[29]/D
          Clock: (R) clk

                     Capture       Launch     
        Clock Edge:+     250            0     
       Src Latency:+       0            0     
       Net Latency:+       0 (I)        0 (I) 
           Arrival:=     250            0     
                                              
             Setup:-       9                  
       Uncertainty:-      25                  
     Required Time:=     216                  
      Launch Clock:-       0                  
         Data Path:-     657                  
             Slack:=    -441                  

#------------------------------------------------------------------------------------------------------------------------------------------------
#                     Timing Point                       Flags    Arc    Edge           Cell            Fanout Load Trans Delay Arrival Instance 
#                                                                                                              (fF)  (ps)  (ps)   (ps)  Location 
#------------------------------------------------------------------------------------------------------------------------------------------------
  u_frontend/u_decode/genblk1.u_fifo/rd_ptr_q_reg[0]/CLK -       -       R     (arrival)                  5356    -    12     0       0    (-,-) 
  u_frontend/u_decode/genblk1.u_fifo/rd_ptr_q_reg[0]/QN  -       CLK->QN R     ASYNC_DFFHx1_ASAP7_75t_R      1  1.3    18    43      43    (-,-) 
  u_frontend/u_decode/genblk1.u_fifo/fopt262/Y           -       A->Y    R     BUFx6f_ASAP7_75t_R            6  7.1    11    17      60    (-,-) 
  u_frontend/u_decode/genblk1.u_fifo/fopt238/Y           -       A->Y    F     INVx5_ASAP7_75t_R             8  7.2    10     8      68    (-,-) 
  u_frontend/u_decode/genblk1.u_fifo/fopt215/Y           -       A->Y    R     INVx2_ASAP7_75t_R             8  4.8    16    11      79    (-,-) 
  u_frontend/u_decode/genblk1.u_fifo/g6491/Y             -       B->Y    F     NAND2xp5_ASAP7_75t_R          1  0.6    12    10      89    (-,-) 
  u_frontend/u_decode/genblk1.u_fifo/g6403/Y             -       B->Y    R     OAI21xp5_ASAP7_75t_R          3  1.6    24    11     100    (-,-) 
  u_issue/g40533/Y                                       -       A->Y    F     INVx1_ASAP7_75t_R             1  0.6     9     7     108    (-,-) 
  u_issue/g40472/Y                                       -       B2->Y   R     OAI22xp5_ASAP7_75t_R          2  1.1    22    14     121    (-,-) 
  u_issue/g40461/Y                                       -       A->Y    F     INVx1_ASAP7_75t_R             1  1.1    11     9     130    (-,-) 
  u_issue/g40460/Y                                       -       B->Y    R     NOR2x1_ASAP7_75t_R            2  1.0    12    10     140    (-,-) 
  u_issue/g40437/Y                                       -       A->Y    F     NAND2xp5_ASAP7_75t_R          1  1.4    18    12     152    (-,-) 
  u_issue/g40425/Y                                       -       B->Y    R     NOR3x1_ASAP7_75t_R            1  1.1    16    14     166    (-,-) 
  u_issue/g40424/Y                                       -       B->Y    R     AND2x4_ASAP7_75t_R            4  4.0    12    20     187    (-,-) 
  u_issue/fopt32/Y                                       -       A->Y    F     INVx1_ASAP7_75t_R             3  1.7    11     9     196    (-,-) 
  u_issue/fopt31/Y                                       -       A->Y    R     INVxp67_ASAP7_75t_R           2  0.9    11     9     204    (-,-) 
  u_issue/fopt30/Y                                       -       A->Y    R     HB1xp67_ASAP7_75t_R           2  0.8    10    16     220    (-,-) 
  u_issue/fopt72997/Y                                    -       A->Y    R     HB1xp67_ASAP7_75t_R           2  0.8    10    15     235    (-,-) 
  u_issue/fopt72996/Y                                    -       A->Y    F     INVxp67_ASAP7_75t_R           2  1.0    10     8     243    (-,-) 
  u_issue/fopt72995/Y                                    -       A->Y    R     INVxp67_ASAP7_75t_R           2  0.9    11     9     252    (-,-) 
  u_issue/g72147/Y                                       -       B1->Y   R     AO22x1_ASAP7_75t_R           14  7.2    46    35     287    (-,-) 
  u_exec0/g11512/Y                                       -       A->Y    F     NOR2xp33_ASAP7_75t_R          1  0.6    23    21     308    (-,-) 
  u_exec0/g11476/Y                                       -       B->Y    R     NAND2xp5_ASAP7_75t_R          3  1.6    22    18     326    (-,-) 
  u_exec0/g11437/Y                                       -       A->Y    R     OR2x2_ASAP7_75t_R             3  2.7    13    24     350    (-,-) 
  u_exec0/g11428/Y                                       -       B->Y    F     NOR2x1p5_ASAP7_75t_R          3  2.5    25    11     361    (-,-) 
  u_exec0/g11365/Y                                       -       B->Y    F     AND2x2_ASAP7_75t_R            4  2.2    10    24     385    (-,-) 
  u_exec0/g11326/Y                                       -       B->Y    R     NOR2xp33_ASAP7_75t_R          1  0.4    14    10     395    (-,-) 
  u_exec0/g11254/Y                                       -       B->Y    F     NOR2xp33_ASAP7_75t_R          1  0.6    16    12     407    (-,-) 
  u_exec0/g11214/Y                                       -       B->Y    F     AO21x1_ASAP7_75t_R            6  2.9    18    23     431    (-,-) 
  u_exec0/u_alu/g20518/Y                                 -       B->Y    F     AND3x1_ASAP7_75t_R           13  8.3    47    36     467    (-,-) 
  u_exec0/u_alu/g20419/Y                                 -       B->Y    F     AND2x2_ASAP7_75t_R            8  5.0    18    34     501    (-,-) 
  u_exec0/u_alu/g20374/Y                                 -       A->Y    R     INVx2_ASAP7_75t_R            25 12.5    40    24     526    (-,-) 
  u_exec0/u_alu/g20208/Y                                 -       C->Y    F     OAI221xp5_ASAP7_75t_R         1  0.6    30    16     542    (-,-) 
  u_exec0/u_alu/g19982/Y                                 -       B2->Y   R     AOI22xp5_ASAP7_75t_R          1  0.5    17    15     557    (-,-) 
  u_exec0/u_alu/g19929/Y                                 -       A->Y    F     NAND2xp5_ASAP7_75t_R          1  0.5    12     9     566    (-,-) 
  u_exec0/u_alu/g19907/Y                                 -       B->Y    R     AOI21xp33_ASAP7_75t_R         1  0.6    17    13     579    (-,-) 
  u_exec0/u_alu/g19890/Y                                 -       B->Y    F     OAI21xp5_ASAP7_75t_R          1  0.5    13     9     588    (-,-) 
  u_exec0/u_alu/g19840/Y                                 -       C->Y    R     AOI221xp5_ASAP7_75t_R         1  0.6    27    16     604    (-,-) 
  u_exec0/u_alu/g19814/Y                                 -       B->Y    F     OAI21xp5_ASAP7_75t_R          1  0.6    18    11     614    (-,-) 
  u_exec0/u_alu/g19799/Y                                 -       B->Y    F     AO21x1_ASAP7_75t_R            1  0.6     8    17     632    (-,-) 
  u_exec0/u_alu/g19784/Y                                 -       B->Y    F     AO21x1_ASAP7_75t_R            1  0.6     8    15     647    (-,-) 
  u_exec0/g7750/Y                                        -       A2->Y   R     AOI22xp5_ASAP7_75t_R          1  0.6    30    10     657    (-,-) 
  u_exec0/result_q_reg[29]/D                             -       -       R     ASYNC_DFFHx1_ASAP7_75t_R      1    -     -     0     657    (-,-) 
#------------------------------------------------------------------------------------------------------------------------------------------------



Path 44: VIOLATED (-441 ps) Setup Check with Pin u_exec0/result_q_reg[23]/CLK->D
          Group: clk
     Startpoint: (R) u_frontend/u_decode/genblk1.u_fifo/rd_ptr_q_reg[0]/CLK
          Clock: (R) clk
       Endpoint: (R) u_exec0/result_q_reg[23]/D
          Clock: (R) clk

                     Capture       Launch     
        Clock Edge:+     250            0     
       Src Latency:+       0            0     
       Net Latency:+       0 (I)        0 (I) 
           Arrival:=     250            0     
                                              
             Setup:-       9                  
       Uncertainty:-      25                  
     Required Time:=     216                  
      Launch Clock:-       0                  
         Data Path:-     657                  
             Slack:=    -441                  

#------------------------------------------------------------------------------------------------------------------------------------------------
#                     Timing Point                       Flags    Arc    Edge           Cell            Fanout Load Trans Delay Arrival Instance 
#                                                                                                              (fF)  (ps)  (ps)   (ps)  Location 
#------------------------------------------------------------------------------------------------------------------------------------------------
  u_frontend/u_decode/genblk1.u_fifo/rd_ptr_q_reg[0]/CLK -       -       R     (arrival)                  5356    -    12     0       0    (-,-) 
  u_frontend/u_decode/genblk1.u_fifo/rd_ptr_q_reg[0]/QN  -       CLK->QN R     ASYNC_DFFHx1_ASAP7_75t_R      1  1.3    18    43      43    (-,-) 
  u_frontend/u_decode/genblk1.u_fifo/fopt262/Y           -       A->Y    R     BUFx6f_ASAP7_75t_R            6  7.1    11    17      60    (-,-) 
  u_frontend/u_decode/genblk1.u_fifo/fopt238/Y           -       A->Y    F     INVx5_ASAP7_75t_R             8  7.2    10     8      68    (-,-) 
  u_frontend/u_decode/genblk1.u_fifo/fopt213/Y           -       A->Y    F     BUFx6f_ASAP7_75t_R            9  5.3     8    15      83    (-,-) 
  u_frontend/u_decode/genblk1.u_fifo/g6385/Y             -       A1->Y   R     OAI21xp5_ASAP7_75t_R          3  1.6    23    14      97    (-,-) 
  u_issue/g40520/Y                                       -       A->Y    F     INVx1_ASAP7_75t_R             1  0.6     8     7     104    (-,-) 
  u_issue/g40477/Y                                       -       B2->Y   R     AOI22xp5_ASAP7_75t_R          1  0.6    17    10     115    (-,-) 
  u_issue/g40445/Y                                       -       B->Y    F     NAND2xp5_ASAP7_75t_R          1  1.1    16    13     128    (-,-) 
  u_issue/g40442/Y                                       -       B->Y    R     NOR2x1_ASAP7_75t_R            1  1.6    17    13     141    (-,-) 
  u_issue/g40433/Y                                       -       A->Y    F     NAND2x1p5_ASAP7_75t_R         2  1.9    12    10     151    (-,-) 
  u_issue/g40428/Y                                       -       B->Y    F     OR2x2_ASAP7_75t_R             3  2.8    13    24     174    (-,-) 
  u_issue/g40580/Y                                       -       B->Y    R     NOR2x1p5_ASAP7_75t_R          1  2.1    15    12     186    (-,-) 
  u_issue/g40579/Y                                       -       A->Y    F     NAND2x2_ASAP7_75t_R           8  4.8    18    13     199    (-,-) 
  u_issue/g40578/Y                                       -       A->Y    R     INVx1_ASAP7_75t_R             4  2.4    18    14     213    (-,-) 
  u_issue/g40573/Y                                       -       A1->Y   R     AO22x2_ASAP7_75t_R           11  6.2    23    27     240    (-,-) 
  u_issue/g38702/Y                                       -       A->Y    R     BUFx3_ASAP7_75t_R             4  3.8    11    19     259    (-,-) 
  u_issue/u_regfile/g69657/Y                             -       A->Y    F     INVx2_ASAP7_75t_R             2  2.2     8     7     266    (-,-) 
  u_issue/u_regfile/g69653/Y                             -       A->Y    F     AND2x4_ASAP7_75t_R            7  7.7    14    21     287    (-,-) 
  u_issue/u_regfile/g69636/Y                             -       A->Y    F     AND2x4_ASAP7_75t_R           31 19.1    30    32     318    (-,-) 
  u_issue/u_regfile/fopt4100/Y                           -       A->Y    R     INVxp67_ASAP7_75t_R           2  1.0    17    14     332    (-,-) 
  u_issue/u_regfile/fopt4098/Y                           -       A->Y    F     INVxp67_ASAP7_75t_R           1  0.6     9     8     340    (-,-) 
  u_issue/u_regfile/g70406/Y                             -       B2->Y   R     AOI22xp5_ASAP7_75t_R          1  0.6    18    10     350    (-,-) 
  u_issue/u_regfile/g69914/Y                             -       C->Y    R     AND4x1_ASAP7_75t_R            1  0.5    11    26     376    (-,-) 
  u_issue/u_regfile/g69773/Y                             -       C->Y    F     NAND4xp25_ASAP7_75t_R         1  0.6    23    16     392    (-,-) 
  u_issue/g70745/Y                                       -       B1->Y   R     AOI22xp5_ASAP7_75t_R          1  1.1    23    18     410    (-,-) 
  u_issue/g70487/Y                                       -       A->Y    F     NAND2x1_ASAP7_75t_R           7  3.8    24    18     428    (-,-) 
  u_exec0/g11589/Y                                       -       A->Y    R     INVx1_ASAP7_75t_R             3  2.3    19    15     443    (-,-) 
  u_exec0/g11588/Y                                       -       A->Y    F     INVx1_ASAP7_75t_R             1  0.6     8     7     450    (-,-) 
  u_exec0/g11281/Y                                       -       A2->Y   F     AO21x1_ASAP7_75t_R            5  3.0    18    21     471    (-,-) 
  u_exec0/u_alu/add_147_38_g1911/Y                       -       B->Y    R     NOR2x1_ASAP7_75t_R            3  1.9    19    15     485    (-,-) 
  u_exec0/u_alu/add_147_38_g1825/Y                       -       A->Y    F     NOR2xp67_ASAP7_75t_R          2  1.3    18    16     501    (-,-) 
  u_exec0/u_alu/add_147_38_g1814/Y                       -       A->Y    R     INVx1_ASAP7_75t_R             1  0.6     9     8     509    (-,-) 
  u_exec0/u_alu/add_147_38_g1778/Y                       -       A1->Y   F     OAI21xp5_ASAP7_75t_R          3  1.7    21    13     522    (-,-) 
  u_exec0/u_alu/add_147_38_g1770/Y                       -       B->Y    R     NAND2xp5_ASAP7_75t_R          1  0.5    13    11     533    (-,-) 
  u_exec0/u_alu/add_147_38_g1758/Y                       -       B->Y    F     OAI211xp5_ASAP7_75t_R         1  0.6    22    12     545    (-,-) 
  u_exec0/u_alu/add_147_38_g1748/Y                       -       B->Y    F     AO21x1_ASAP7_75t_R            3  1.8    12    22     567    (-,-) 
  u_exec0/u_alu/add_147_38_g1747/Y                       -       A->Y    R     INVx1_ASAP7_75t_R             2  1.3    11     9     576    (-,-) 
  u_exec0/u_alu/add_147_38_g1727/Y                       -       A2->Y   F     OAI21xp5_ASAP7_75t_R          2  1.1    18    11     586    (-,-) 
  u_exec0/u_alu/add_147_38_g1702/Y                       -       A1->Y   R     AOI21xp5_ASAP7_75t_R          2  1.9    29    18     604    (-,-) 
  u_exec0/u_alu/add_147_38_g1682/Y                       -       A1->Y   F     OAI21x1_ASAP7_75t_R           1  1.0    11     9     613    (-,-) 
  u_exec0/u_alu/add_147_38_g1678/Y                       -       B->Y    F     XNOR2xp5_ASAP7_75t_R          1  0.6    14    18     631    (-,-) 
  u_exec0/u_alu/g19804/Y                                 -       A2->Y   F     AO21x1_ASAP7_75t_R            1  0.6     8    15     647    (-,-) 
  u_exec0/g7744/Y                                        -       A2->Y   R     AOI22xp5_ASAP7_75t_R          1  0.6    30    10     657    (-,-) 
  u_exec0/result_q_reg[23]/D                             -       -       R     ASYNC_DFFHx1_ASAP7_75t_R      1    -     -     0     657    (-,-) 
#------------------------------------------------------------------------------------------------------------------------------------------------



Path 45: VIOLATED (-441 ps) Setup Check with Pin u_exec0/result_q_reg[18]/CLK->D
          Group: clk
     Startpoint: (R) u_frontend/u_decode/genblk1.u_fifo/rd_ptr_q_reg[0]/CLK
          Clock: (R) clk
       Endpoint: (R) u_exec0/result_q_reg[18]/D
          Clock: (R) clk

                     Capture       Launch     
        Clock Edge:+     250            0     
       Src Latency:+       0            0     
       Net Latency:+       0 (I)        0 (I) 
           Arrival:=     250            0     
                                              
             Setup:-       9                  
       Uncertainty:-      25                  
     Required Time:=     216                  
      Launch Clock:-       0                  
         Data Path:-     657                  
             Slack:=    -441                  

#------------------------------------------------------------------------------------------------------------------------------------------------
#                     Timing Point                       Flags    Arc    Edge           Cell            Fanout Load Trans Delay Arrival Instance 
#                                                                                                              (fF)  (ps)  (ps)   (ps)  Location 
#------------------------------------------------------------------------------------------------------------------------------------------------
  u_frontend/u_decode/genblk1.u_fifo/rd_ptr_q_reg[0]/CLK -       -       R     (arrival)                  5356    -    12     0       0    (-,-) 
  u_frontend/u_decode/genblk1.u_fifo/rd_ptr_q_reg[0]/QN  -       CLK->QN R     ASYNC_DFFHx1_ASAP7_75t_R      1  1.3    18    43      43    (-,-) 
  u_frontend/u_decode/genblk1.u_fifo/fopt262/Y           -       A->Y    R     BUFx6f_ASAP7_75t_R            6  7.1    11    17      60    (-,-) 
  u_frontend/u_decode/genblk1.u_fifo/fopt238/Y           -       A->Y    F     INVx5_ASAP7_75t_R             8  7.2    10     8      68    (-,-) 
  u_frontend/u_decode/genblk1.u_fifo/fopt213/Y           -       A->Y    F     BUFx6f_ASAP7_75t_R            9  5.3     8    15      83    (-,-) 
  u_frontend/u_decode/genblk1.u_fifo/g6385/Y             -       A1->Y   R     OAI21xp5_ASAP7_75t_R          3  1.6    23    14      97    (-,-) 
  u_issue/g40520/Y                                       -       A->Y    F     INVx1_ASAP7_75t_R             1  0.6     8     7     104    (-,-) 
  u_issue/g40477/Y                                       -       B2->Y   R     AOI22xp5_ASAP7_75t_R          1  0.6    17    10     115    (-,-) 
  u_issue/g40445/Y                                       -       B->Y    F     NAND2xp5_ASAP7_75t_R          1  1.1    16    13     128    (-,-) 
  u_issue/g40442/Y                                       -       B->Y    R     NOR2x1_ASAP7_75t_R            1  1.6    17    13     141    (-,-) 
  u_issue/g40433/Y                                       -       A->Y    F     NAND2x1p5_ASAP7_75t_R         2  1.9    12    10     151    (-,-) 
  u_issue/g40428/Y                                       -       B->Y    F     OR2x2_ASAP7_75t_R             3  2.8    13    24     174    (-,-) 
  u_issue/g40580/Y                                       -       B->Y    R     NOR2x1p5_ASAP7_75t_R          1  2.1    15    12     186    (-,-) 
  u_issue/g40579/Y                                       -       A->Y    F     NAND2x2_ASAP7_75t_R           8  4.8    18    13     199    (-,-) 
  u_issue/g40605/Y                                       -       A->Y    R     INVx1_ASAP7_75t_R             1  0.6     9     8     207    (-,-) 
  u_issue/g40598/Y                                       -       A1->Y   R     AO22x2_ASAP7_75t_R            7  6.9    25    26     233    (-,-) 
  u_issue/g38690/Y                                       -       A->Y    R     BUFx6f_ASAP7_75t_R            9  6.2    10    18     251    (-,-) 
  u_issue/u_regfile/g2107/Y                              -       A->Y    F     INVx1_ASAP7_75t_R             1  1.1     8     7     258    (-,-) 
  u_issue/u_regfile/g69747/Y                             -       A->Y    F     AND3x4_ASAP7_75t_R            4  4.4    12    22     280    (-,-) 
  u_issue/u_regfile/g69722/Y                             -       B->Y    F     AND2x4_ASAP7_75t_R           32 19.9    31    30     310    (-,-) 
  u_issue/u_regfile/g71488/Y                             -       A2->Y   R     AOI22xp5_ASAP7_75t_R          1  0.5    17    14     324    (-,-) 
  u_issue/u_regfile/g71376/Y                             -       A->Y    F     NAND2xp5_ASAP7_75t_R          1  0.4    10     8     332    (-,-) 
  u_issue/u_regfile/g71278/Y                             -       A->Y    R     NOR2xp33_ASAP7_75t_R          1  0.5    15    11     344    (-,-) 
  u_issue/u_regfile/g71170/Y                             -       B->Y    F     NAND4xp25_ASAP7_75t_R         1  0.5    23    15     359    (-,-) 
  u_issue/fopt73150/Y                                    -       A->Y    R     INVxp67_ASAP7_75t_R           1  0.6    12    10     369    (-,-) 
  u_issue/g70909/Y                                       -       A2->Y   F     OAI21xp5_ASAP7_75t_R          1  0.5    11     8     377    (-,-) 
  u_issue/g70767/Y                                       -       B->Y    R     AOI21xp33_ASAP7_75t_R         1  0.5    17    12     389    (-,-) 
  u_issue/g70591/Y                                       -       A->Y    F     NAND2xp5_ASAP7_75t_R          1  0.7    15    10     398    (-,-) 
  u_issue/g70541/Y                                       -       A->Y    F     BUFx3_ASAP7_75t_R            18  9.9    20    23     422    (-,-) 
  u_exec0/g11551/Y                                       -       A->Y    F     HB1xp67_ASAP7_75t_R           1  0.5     8    17     439    (-,-) 
  u_exec0/g11249/Y                                       -       A2->Y   F     AO22x1_ASAP7_75t_R            4  2.9    19    25     463    (-,-) 
  u_exec0/u_alu/sub_57_37_g3321/Y                        -       A->Y    R     INVx1_ASAP7_75t_R             2  1.5    14    11     475    (-,-) 
  u_exec0/u_alu/sub_57_37_g3292/Y                        -       A->Y    F     NAND2xp5_ASAP7_75t_R          3  1.4    19    13     488    (-,-) 
  u_exec0/u_alu/sub_57_37_g3111/Y                        -       A->Y    R     NAND2xp5_ASAP7_75t_R          1  0.6    13    13     500    (-,-) 
  u_exec0/u_alu/sub_57_37_g3045/Y                        -       A1->Y   R     OA21x2_ASAP7_75t_R            5  3.5    15    22     522    (-,-) 
  u_exec0/u_alu/sub_57_37_g3002/Y                        -       A1->Y   R     OA21x2_ASAP7_75t_R            9  5.9    22    26     548    (-,-) 
  u_exec0/u_alu/sub_57_37_g2993/Y                        -       A2->Y   R     OA21x2_ASAP7_75t_R            3  3.0    13    22     570    (-,-) 
  u_exec0/u_alu/sub_57_37_g2981/Y                        -       A->Y    R     BUFx6f_ASAP7_75t_R           14  8.4    12    17     587    (-,-) 
  u_exec0/u_alu/sub_57_37_g2945/Y                        -       A2->Y   F     OAI21xp5_ASAP7_75t_R          1  1.0    18    10     597    (-,-) 
  u_exec0/u_alu/sub_57_37_g2936/Y                        -       B->Y    F     XOR2xp5_ASAP7_75t_R           1  0.6    15    19     616    (-,-) 
  u_exec0/u_alu/g19809/Y                                 -       A2->Y   F     AO21x1_ASAP7_75t_R            1  0.6     8    16     632    (-,-) 
  u_exec0/u_alu/g2/Y                                     -       B->Y    F     AO21x1_ASAP7_75t_R            1  0.6     8    15     647    (-,-) 
  u_exec0/g7739/Y                                        -       A2->Y   R     AOI22xp5_ASAP7_75t_R          1  0.6    30    10     657    (-,-) 
  u_exec0/result_q_reg[18]/D                             -       -       R     ASYNC_DFFHx1_ASAP7_75t_R      1    -     -     0     657    (-,-) 
#------------------------------------------------------------------------------------------------------------------------------------------------



Path 46: VIOLATED (-441 ps) Setup Check with Pin u_exec0/result_q_reg[26]/CLK->D
          Group: clk
     Startpoint: (R) u_frontend/u_decode/genblk1.u_fifo/rd_ptr_q_reg[0]/CLK
          Clock: (R) clk
       Endpoint: (R) u_exec0/result_q_reg[26]/D
          Clock: (R) clk

                     Capture       Launch     
        Clock Edge:+     250            0     
       Src Latency:+       0            0     
       Net Latency:+       0 (I)        0 (I) 
           Arrival:=     250            0     
                                              
             Setup:-       9                  
       Uncertainty:-      25                  
     Required Time:=     216                  
      Launch Clock:-       0                  
         Data Path:-     657                  
             Slack:=    -441                  

#------------------------------------------------------------------------------------------------------------------------------------------------
#                     Timing Point                       Flags    Arc    Edge           Cell            Fanout Load Trans Delay Arrival Instance 
#                                                                                                              (fF)  (ps)  (ps)   (ps)  Location 
#------------------------------------------------------------------------------------------------------------------------------------------------
  u_frontend/u_decode/genblk1.u_fifo/rd_ptr_q_reg[0]/CLK -       -       R     (arrival)                  5356    -    12     0       0    (-,-) 
  u_frontend/u_decode/genblk1.u_fifo/rd_ptr_q_reg[0]/QN  -       CLK->QN R     ASYNC_DFFHx1_ASAP7_75t_R      1  1.3    18    43      43    (-,-) 
  u_frontend/u_decode/genblk1.u_fifo/fopt262/Y           -       A->Y    R     BUFx6f_ASAP7_75t_R            6  7.1    11    17      60    (-,-) 
  u_frontend/u_decode/genblk1.u_fifo/fopt238/Y           -       A->Y    F     INVx5_ASAP7_75t_R             8  7.2    10     8      68    (-,-) 
  u_frontend/u_decode/genblk1.u_fifo/fopt215/Y           -       A->Y    R     INVx2_ASAP7_75t_R             8  4.8    16    11      79    (-,-) 
  u_frontend/u_decode/genblk1.u_fifo/g6491/Y             -       B->Y    F     NAND2xp5_ASAP7_75t_R          1  0.6    12    10      89    (-,-) 
  u_frontend/u_decode/genblk1.u_fifo/g6403/Y             -       B->Y    R     OAI21xp5_ASAP7_75t_R          3  1.6    24    11     100    (-,-) 
  u_issue/g40533/Y                                       -       A->Y    F     INVx1_ASAP7_75t_R             1  0.6     9     7     108    (-,-) 
  u_issue/g40472/Y                                       -       B2->Y   R     OAI22xp5_ASAP7_75t_R          2  1.1    22    14     121    (-,-) 
  u_issue/g40461/Y                                       -       A->Y    F     INVx1_ASAP7_75t_R             1  1.1    11     9     130    (-,-) 
  u_issue/g40460/Y                                       -       B->Y    R     NOR2x1_ASAP7_75t_R            2  1.0    12    10     140    (-,-) 
  u_issue/g40437/Y                                       -       A->Y    F     NAND2xp5_ASAP7_75t_R          1  1.4    18    12     152    (-,-) 
  u_issue/g40425/Y                                       -       B->Y    R     NOR3x1_ASAP7_75t_R            1  1.1    16    14     166    (-,-) 
  u_issue/g40424/Y                                       -       B->Y    R     AND2x4_ASAP7_75t_R            4  4.0    12    20     187    (-,-) 
  u_issue/fopt32/Y                                       -       A->Y    F     INVx1_ASAP7_75t_R             3  1.7    11     9     196    (-,-) 
  u_issue/fopt31/Y                                       -       A->Y    R     INVxp67_ASAP7_75t_R           2  0.9    11     9     204    (-,-) 
  u_issue/fopt30/Y                                       -       A->Y    R     HB1xp67_ASAP7_75t_R           2  0.8    10    16     220    (-,-) 
  u_issue/fopt72997/Y                                    -       A->Y    R     HB1xp67_ASAP7_75t_R           2  0.8    10    15     235    (-,-) 
  u_issue/fopt72996/Y                                    -       A->Y    F     INVxp67_ASAP7_75t_R           2  1.0    10     8     243    (-,-) 
  u_issue/fopt72995/Y                                    -       A->Y    R     INVxp67_ASAP7_75t_R           2  0.9    11     9     252    (-,-) 
  u_issue/g72147/Y                                       -       B1->Y   R     AO22x1_ASAP7_75t_R           14  7.2    46    35     287    (-,-) 
  u_exec0/g11512/Y                                       -       A->Y    F     NOR2xp33_ASAP7_75t_R          1  0.6    23    21     308    (-,-) 
  u_exec0/g11476/Y                                       -       B->Y    R     NAND2xp5_ASAP7_75t_R          3  1.6    22    18     326    (-,-) 
  u_exec0/g11437/Y                                       -       A->Y    R     OR2x2_ASAP7_75t_R             3  2.7    13    24     350    (-,-) 
  u_exec0/g11428/Y                                       -       B->Y    F     NOR2x1p5_ASAP7_75t_R          3  2.5    25    11     361    (-,-) 
  u_exec0/g11365/Y                                       -       B->Y    F     AND2x2_ASAP7_75t_R            4  2.2    10    24     385    (-,-) 
  u_exec0/g11326/Y                                       -       B->Y    R     NOR2xp33_ASAP7_75t_R          1  0.4    14    10     395    (-,-) 
  u_exec0/g11254/Y                                       -       B->Y    F     NOR2xp33_ASAP7_75t_R          1  0.6    16    12     407    (-,-) 
  u_exec0/g11214/Y                                       -       B->Y    F     AO21x1_ASAP7_75t_R            6  2.9    18    23     431    (-,-) 
  u_exec0/u_alu/g20518/Y                                 -       B->Y    F     AND3x1_ASAP7_75t_R           13  8.3    47    36     467    (-,-) 
  u_exec0/u_alu/g20419/Y                                 -       B->Y    F     AND2x2_ASAP7_75t_R            8  5.0    18    34     501    (-,-) 
  u_exec0/u_alu/g20374/Y                                 -       A->Y    R     INVx2_ASAP7_75t_R            25 12.5    40    24     526    (-,-) 
  u_exec0/u_alu/g20174/Y                                 -       C->Y    F     OAI221xp5_ASAP7_75t_R         1  0.5    28    16     541    (-,-) 
  u_exec0/u_alu/g19970/Y                                 -       B2->Y   F     AO22x1_ASAP7_75t_R            1  0.4     7    22     564    (-,-) 
  u_exec0/u_alu/g19924/Y                                 -       A->Y    R     NOR2xp33_ASAP7_75t_R          1  0.5    16    10     574    (-,-) 
  u_exec0/u_alu/g19891/Y                                 -       C->Y    F     OAI221xp5_ASAP7_75t_R         1  0.5    18    12     587    (-,-) 
  u_exec0/u_alu/g19846/Y                                 -       C->Y    R     AOI221xp5_ASAP7_75t_R         1  0.6    24    17     604    (-,-) 
  u_exec0/u_alu/g19813/Y                                 -       B->Y    F     OAI21xp5_ASAP7_75t_R          1  0.6    18    10     614    (-,-) 
  u_exec0/u_alu/g19794/Y                                 -       B->Y    F     AO21x1_ASAP7_75t_R            1  0.6     8    17     631    (-,-) 
  u_exec0/u_alu/g19786/Y                                 -       B->Y    F     AO21x1_ASAP7_75t_R            1  0.6     8    15     647    (-,-) 
  u_exec0/g7747/Y                                        -       A2->Y   R     AOI22xp5_ASAP7_75t_R          1  0.6    30    10     657    (-,-) 
  u_exec0/result_q_reg[26]/D                             -       -       R     ASYNC_DFFHx1_ASAP7_75t_R      1    -     -     0     657    (-,-) 
#------------------------------------------------------------------------------------------------------------------------------------------------



Path 47: VIOLATED (-441 ps) Setup Check with Pin u_exec0/result_q_reg[30]/CLK->D
          Group: clk
     Startpoint: (R) u_frontend/u_decode/genblk1.u_fifo/rd_ptr_q_reg[0]/CLK
          Clock: (R) clk
       Endpoint: (F) u_exec0/result_q_reg[30]/D
          Clock: (R) clk

                     Capture       Launch     
        Clock Edge:+     250            0     
       Src Latency:+       0            0     
       Net Latency:+       0 (I)        0 (I) 
           Arrival:=     250            0     
                                              
             Setup:-      10                  
       Uncertainty:-      25                  
     Required Time:=     215                  
      Launch Clock:-       0                  
         Data Path:-     656                  
             Slack:=    -441                  

#-------------------------------------------------------------------------------------------------------------------------------------------------
#                     Timing Point                       Flags    Arc    Edge           Cell             Fanout Load Trans Delay Arrival Instance 
#                                                                                                               (fF)  (ps)  (ps)   (ps)  Location 
#-------------------------------------------------------------------------------------------------------------------------------------------------
  u_frontend/u_decode/genblk1.u_fifo/rd_ptr_q_reg[0]/CLK -       -       R     (arrival)                   5356    -    12     0       0    (-,-) 
  u_frontend/u_decode/genblk1.u_fifo/rd_ptr_q_reg[0]/QN  -       CLK->QN F     ASYNC_DFFHx1_ASAP7_75t_R       1  1.3    17    41      41    (-,-) 
  u_frontend/u_decode/genblk1.u_fifo/fopt262/Y           -       A->Y    F     BUFx6f_ASAP7_75t_R             6  7.1    10    18      58    (-,-) 
  u_frontend/u_decode/genblk1.u_fifo/fopt174/Y           -       A->Y    F     BUFx3_ASAP7_75t_R              3  2.5     8    15      73    (-,-) 
  u_frontend/u_decode/genblk1.u_fifo/g6498/Y             -       B->Y    R     NAND2xp5_ASAP7_75t_R           1  0.6    13     8      82    (-,-) 
  u_frontend/u_decode/genblk1.u_fifo/g6411/Y             -       B->Y    F     OAI21xp5_ASAP7_75t_R           3  1.6    19    13      95    (-,-) 
  u_issue/g40562/Y                                       -       A->Y    R     INVx1_ASAP7_75t_R              1  0.6     9     8     103    (-,-) 
  u_issue/g40464/Y                                       -       B1->Y   F     AOI22xp5_ASAP7_75t_R           1  1.0    19     9     112    (-,-) 
  u_issue/g40446/Y                                       -       A->Y    R     NAND2x1_ASAP7_75t_R            1  1.1    16    15     127    (-,-) 
  u_issue/g40443/Y                                       -       B->Y    F     NOR2x1_ASAP7_75t_R             1  1.6    15    12     139    (-,-) 
  u_issue/g40433/Y                                       -       B->Y    R     NAND2x1p5_ASAP7_75t_R          2  1.9    15    11     151    (-,-) 
  u_issue/g40428/Y                                       -       B->Y    R     OR2x2_ASAP7_75t_R              3  2.8    14    21     171    (-,-) 
  u_issue/g40580/Y                                       -       B->Y    F     NOR2x1p5_ASAP7_75t_R           1  2.0    12    10     181    (-,-) 
  u_issue/g40579/Y                                       -       A->Y    R     NAND2x2_ASAP7_75t_R            8  4.8    23    16     198    (-,-) 
  u_issue/g40605/Y                                       -       A->Y    F     INVx1_ASAP7_75t_R              1  0.6     8     7     205    (-,-) 
  u_issue/g40598/Y                                       -       A1->Y   F     AO22x2_ASAP7_75t_R             7  6.9    22    28     233    (-,-) 
  u_issue/g38690/Y                                       -       A->Y    F     BUFx6f_ASAP7_75t_R             9  6.2     9    19     252    (-,-) 
  u_issue/u_regfile/g2107/Y                              -       A->Y    R     INVx1_ASAP7_75t_R              1  1.1     9     8     259    (-,-) 
  u_issue/u_regfile/g69747/Y                             -       A->Y    R     AND3x4_ASAP7_75t_R             4  4.4    15    25     284    (-,-) 
  u_issue/u_regfile/g69723/Y                             -       B->Y    R     AND2x4_ASAP7_75t_R            20 11.8    25    27     311    (-,-) 
  u_issue/u_regfile/fopt71933/Y                          -       A->Y    R     BUFx3_ASAP7_75t_R              5  3.6    11    19     330    (-,-) 
  u_issue/u_regfile/g71663/Y                             -       B2->Y   F     AOI22x1_ASAP7_75t_R            1  0.5    15     9     339    (-,-) 
  u_issue/u_regfile/g71371/Y                             -       A->Y    R     NAND2xp5_ASAP7_75t_R           1  0.4    11    10     349    (-,-) 
  u_issue/u_regfile/g71273/Y                             -       A->Y    F     NOR2xp33_ASAP7_75t_R           1  0.5    13    11     360    (-,-) 
  u_issue/u_regfile/g71183/Y                             -       B->Y    R     NAND4xp25_ASAP7_75t_R          1  0.7    17    13     373    (-,-) 
  u_issue/g72625/Y                                       -       A->Y    F     INVx1_ASAP7_75t_R              1  0.6     7     7     379    (-,-) 
  u_issue/g70923/Y                                       -       A2->Y   R     OAI21xp5_ASAP7_75t_R           1  0.6    13     9     388    (-,-) 
  u_issue/g70779/Y                                       -       B->Y    F     AOI21xp5_ASAP7_75t_R           1  2.0    24    14     402    (-,-) 
  u_issue/g70603/Y                                       -       A->Y    R     NAND2x2_ASAP7_75t_R            5  2.4    20    16     418    (-,-) 
  u_exec0/fopt11691/Y                                    -       A->Y    F     INVxp67_ASAP7_75t_R            2  0.9    12    10     428    (-,-) 
  u_exec0/fopt11690/Y                                    -       A->Y    R     INVxp67_ASAP7_75t_R            2  1.0    12     9     437    (-,-) 
  u_exec0/fopt11689/Y                                    -       A->Y    F     INVxp67_ASAP7_75t_R            2  1.0    10     9     446    (-,-) 
  u_exec0/fopt11688/Y                                    -       A->Y    R     INVxp67_ASAP7_75t_R            1  0.6     9     7     453    (-,-) 
  u_exec0/g11216/Y                                       -       A2->Y   R     AO21x1_ASAP7_75t_R             3  1.8    15    17     470    (-,-) 
  u_exec0/u_alu/g9377/Y                                  -       A->Y    R     BUFx2_ASAP7_75t_R              4  2.8    12    18     488    (-,-) 
  u_exec0/u_alu/add_147_38_g1915/Y                       -       A->Y    F     NOR2x1_ASAP7_75t_R             3  1.5    17    12     500    (-,-) 
  u_exec0/u_alu/add_147_38_g1809/Y                       -       A2->Y   R     OAI21xp5_ASAP7_75t_R           2  1.2    21    15     514    (-,-) 
  u_exec0/u_alu/add_147_38_g1761/Y                       -       A2->Y   F     A2O1A1O1Ixp25_ASAP7_75t_R      2  0.8    22    16     530    (-,-) 
  u_exec0/u_alu/add_147_38_g1750/Y                       -       A1->Y   R     OAI221xp5_ASAP7_75t_R          1  0.7    28    22     552    (-,-) 
  u_exec0/u_alu/add_147_38_g1749/Y                       -       A->Y    F     INVx1_ASAP7_75t_R              2  1.2    12    10     562    (-,-) 
  u_exec0/u_alu/add_147_38_g1734/Y                       -       A2->Y   R     OAI21xp5_ASAP7_75t_R           1  0.6    14    10     572    (-,-) 
  u_exec0/u_alu/add_147_38_g1713/Y                       -       B->Y    R     AO21x1_ASAP7_75t_R             3  2.1    16    16     589    (-,-) 
  u_exec0/u_alu/add_147_38_g1693/Y                       -       A1->Y   F     AOI21xp5_ASAP7_75t_R           2  1.1    16    12     601    (-,-) 
  u_exec0/u_alu/add_147_38_g1692/Y                       -       A->Y    R     INVxp67_ASAP7_75t_R            1  1.1    14    11     612    (-,-) 
  u_exec0/u_alu/add_147_38_g2005/Y                       -       B->Y    R     XOR2xp5_ASAP7_75t_R            1  0.6    19    20     632    (-,-) 
  u_exec0/u_alu/g19791/Y                                 -       A2->Y   R     AO21x1_ASAP7_75t_R             1  0.6     8    15     647    (-,-) 
  u_exec0/g7767/Y                                        -       A2->Y   F     AOI22xp5_ASAP7_75t_R           1  0.6    30     9     656    (-,-) 
  u_exec0/result_q_reg[30]/D                             -       -       F     ASYNC_DFFHx1_ASAP7_75t_R       1    -     -     0     656    (-,-) 
#-------------------------------------------------------------------------------------------------------------------------------------------------



Path 48: VIOLATED (-441 ps) Setup Check with Pin u_exec0/result_q_reg[27]/CLK->D
          Group: clk
     Startpoint: (R) u_frontend/u_decode/genblk1.u_fifo/rd_ptr_q_reg[0]/CLK
          Clock: (R) clk
       Endpoint: (R) u_exec0/result_q_reg[27]/D
          Clock: (R) clk

                     Capture       Launch     
        Clock Edge:+     250            0     
       Src Latency:+       0            0     
       Net Latency:+       0 (I)        0 (I) 
           Arrival:=     250            0     
                                              
             Setup:-       9                  
       Uncertainty:-      25                  
     Required Time:=     216                  
      Launch Clock:-       0                  
         Data Path:-     657                  
             Slack:=    -441                  

#------------------------------------------------------------------------------------------------------------------------------------------------
#                     Timing Point                       Flags    Arc    Edge           Cell            Fanout Load Trans Delay Arrival Instance 
#                                                                                                              (fF)  (ps)  (ps)   (ps)  Location 
#------------------------------------------------------------------------------------------------------------------------------------------------
  u_frontend/u_decode/genblk1.u_fifo/rd_ptr_q_reg[0]/CLK -       -       R     (arrival)                  5356    -    12     0       0    (-,-) 
  u_frontend/u_decode/genblk1.u_fifo/rd_ptr_q_reg[0]/QN  -       CLK->QN R     ASYNC_DFFHx1_ASAP7_75t_R      1  1.3    18    43      43    (-,-) 
  u_frontend/u_decode/genblk1.u_fifo/fopt262/Y           -       A->Y    R     BUFx6f_ASAP7_75t_R            6  7.1    11    17      60    (-,-) 
  u_frontend/u_decode/genblk1.u_fifo/fopt238/Y           -       A->Y    F     INVx5_ASAP7_75t_R             8  7.2    10     8      68    (-,-) 
  u_frontend/u_decode/genblk1.u_fifo/fopt215/Y           -       A->Y    R     INVx2_ASAP7_75t_R             8  4.8    16    11      79    (-,-) 
  u_frontend/u_decode/genblk1.u_fifo/g6491/Y             -       B->Y    F     NAND2xp5_ASAP7_75t_R          1  0.6    12    10      89    (-,-) 
  u_frontend/u_decode/genblk1.u_fifo/g6403/Y             -       B->Y    R     OAI21xp5_ASAP7_75t_R          3  1.6    24    11     100    (-,-) 
  u_issue/g40533/Y                                       -       A->Y    F     INVx1_ASAP7_75t_R             1  0.6     9     7     108    (-,-) 
  u_issue/g40472/Y                                       -       B2->Y   R     OAI22xp5_ASAP7_75t_R          2  1.1    22    14     121    (-,-) 
  u_issue/g40461/Y                                       -       A->Y    F     INVx1_ASAP7_75t_R             1  1.1    11     9     130    (-,-) 
  u_issue/g40460/Y                                       -       B->Y    R     NOR2x1_ASAP7_75t_R            2  1.0    12    10     140    (-,-) 
  u_issue/g40437/Y                                       -       A->Y    F     NAND2xp5_ASAP7_75t_R          1  1.4    18    12     152    (-,-) 
  u_issue/g40425/Y                                       -       B->Y    R     NOR3x1_ASAP7_75t_R            1  1.1    16    14     166    (-,-) 
  u_issue/g40424/Y                                       -       B->Y    R     AND2x4_ASAP7_75t_R            4  4.0    12    20     187    (-,-) 
  u_issue/fopt32/Y                                       -       A->Y    F     INVx1_ASAP7_75t_R             3  1.7    11     9     196    (-,-) 
  u_issue/fopt31/Y                                       -       A->Y    R     INVxp67_ASAP7_75t_R           2  0.9    11     9     204    (-,-) 
  u_issue/fopt30/Y                                       -       A->Y    R     HB1xp67_ASAP7_75t_R           2  0.8    10    16     220    (-,-) 
  u_issue/fopt72997/Y                                    -       A->Y    R     HB1xp67_ASAP7_75t_R           2  0.8    10    15     235    (-,-) 
  u_issue/fopt72996/Y                                    -       A->Y    F     INVxp67_ASAP7_75t_R           2  1.0    10     8     243    (-,-) 
  u_issue/fopt72995/Y                                    -       A->Y    R     INVxp67_ASAP7_75t_R           2  0.9    11     9     252    (-,-) 
  u_issue/g72147/Y                                       -       B1->Y   R     AO22x1_ASAP7_75t_R           14  7.2    46    35     287    (-,-) 
  u_exec0/g11512/Y                                       -       A->Y    F     NOR2xp33_ASAP7_75t_R          1  0.6    23    21     308    (-,-) 
  u_exec0/g11476/Y                                       -       B->Y    R     NAND2xp5_ASAP7_75t_R          3  1.6    22    18     326    (-,-) 
  u_exec0/g11437/Y                                       -       A->Y    R     OR2x2_ASAP7_75t_R             3  2.7    13    24     350    (-,-) 
  u_exec0/g11428/Y                                       -       B->Y    F     NOR2x1p5_ASAP7_75t_R          3  2.5    25    11     361    (-,-) 
  u_exec0/g11365/Y                                       -       B->Y    F     AND2x2_ASAP7_75t_R            4  2.2    10    24     385    (-,-) 
  u_exec0/g11326/Y                                       -       B->Y    R     NOR2xp33_ASAP7_75t_R          1  0.4    14    10     395    (-,-) 
  u_exec0/g11254/Y                                       -       B->Y    F     NOR2xp33_ASAP7_75t_R          1  0.6    16    12     407    (-,-) 
  u_exec0/g11214/Y                                       -       B->Y    F     AO21x1_ASAP7_75t_R            6  2.9    18    23     431    (-,-) 
  u_exec0/u_alu/g20518/Y                                 -       B->Y    F     AND3x1_ASAP7_75t_R           13  8.3    47    36     467    (-,-) 
  u_exec0/u_alu/g20419/Y                                 -       B->Y    F     AND2x2_ASAP7_75t_R            8  5.0    18    34     501    (-,-) 
  u_exec0/u_alu/g20374/Y                                 -       A->Y    R     INVx2_ASAP7_75t_R            25 12.5    40    24     526    (-,-) 
  u_exec0/u_alu/g20220/Y                                 -       C->Y    F     OAI221xp5_ASAP7_75t_R         1  0.6    30    16     542    (-,-) 
  u_exec0/u_alu/g19998/Y                                 -       B2->Y   R     AOI22xp5_ASAP7_75t_R          1  0.5    17    15     557    (-,-) 
  u_exec0/u_alu/g19936/Y                                 -       A->Y    F     NAND2xp5_ASAP7_75t_R          1  0.5    12     9     566    (-,-) 
  u_exec0/u_alu/g19906/Y                                 -       B->Y    R     AOI21xp33_ASAP7_75t_R         1  0.6    17    13     579    (-,-) 
  u_exec0/u_alu/g19892/Y                                 -       B->Y    F     OAI21xp5_ASAP7_75t_R          1  0.5    13     9     588    (-,-) 
  u_exec0/u_alu/g19847/Y                                 -       C->Y    R     AOI221xp5_ASAP7_75t_R         1  0.6    24    16     604    (-,-) 
  u_exec0/u_alu/g19818/Y                                 -       B->Y    F     OAI21xp5_ASAP7_75t_R          1  0.6    18    10     614    (-,-) 
  u_exec0/u_alu/g19797/Y                                 -       B->Y    F     AO21x1_ASAP7_75t_R            1  0.6     8    17     631    (-,-) 
  u_exec0/u_alu/g19789/Y                                 -       B->Y    F     AO21x1_ASAP7_75t_R            1  0.6     8    15     646    (-,-) 
  u_exec0/g7748/Y                                        -       A2->Y   R     AOI22xp5_ASAP7_75t_R          1  0.6    30    10     657    (-,-) 
  u_exec0/result_q_reg[27]/D                             -       -       R     ASYNC_DFFHx1_ASAP7_75t_R      1    -     -     0     657    (-,-) 
#------------------------------------------------------------------------------------------------------------------------------------------------



Path 49: VIOLATED (-441 ps) Setup Check with Pin u_exec0/result_q_reg[25]/CLK->D
          Group: clk
     Startpoint: (R) u_frontend/u_decode/genblk1.u_fifo/rd_ptr_q_reg[0]/CLK
          Clock: (R) clk
       Endpoint: (R) u_exec0/result_q_reg[25]/D
          Clock: (R) clk

                     Capture       Launch     
        Clock Edge:+     250            0     
       Src Latency:+       0            0     
       Net Latency:+       0 (I)        0 (I) 
           Arrival:=     250            0     
                                              
             Setup:-       9                  
       Uncertainty:-      25                  
     Required Time:=     216                  
      Launch Clock:-       0                  
         Data Path:-     657                  
             Slack:=    -441                  

#------------------------------------------------------------------------------------------------------------------------------------------------
#                     Timing Point                       Flags    Arc    Edge           Cell            Fanout Load Trans Delay Arrival Instance 
#                                                                                                              (fF)  (ps)  (ps)   (ps)  Location 
#------------------------------------------------------------------------------------------------------------------------------------------------
  u_frontend/u_decode/genblk1.u_fifo/rd_ptr_q_reg[0]/CLK -       -       R     (arrival)                  5356    -    12     0       0    (-,-) 
  u_frontend/u_decode/genblk1.u_fifo/rd_ptr_q_reg[0]/QN  -       CLK->QN R     ASYNC_DFFHx1_ASAP7_75t_R      1  1.3    18    43      43    (-,-) 
  u_frontend/u_decode/genblk1.u_fifo/fopt262/Y           -       A->Y    R     BUFx6f_ASAP7_75t_R            6  7.1    11    17      60    (-,-) 
  u_frontend/u_decode/genblk1.u_fifo/fopt238/Y           -       A->Y    F     INVx5_ASAP7_75t_R             8  7.2    10     8      68    (-,-) 
  u_frontend/u_decode/genblk1.u_fifo/fopt213/Y           -       A->Y    F     BUFx6f_ASAP7_75t_R            9  5.3     8    15      83    (-,-) 
  u_frontend/u_decode/genblk1.u_fifo/g6385/Y             -       A1->Y   R     OAI21xp5_ASAP7_75t_R          3  1.6    23    14      97    (-,-) 
  u_issue/g40520/Y                                       -       A->Y    F     INVx1_ASAP7_75t_R             1  0.6     8     7     104    (-,-) 
  u_issue/g40477/Y                                       -       B2->Y   R     AOI22xp5_ASAP7_75t_R          1  0.6    17    10     115    (-,-) 
  u_issue/g40445/Y                                       -       B->Y    F     NAND2xp5_ASAP7_75t_R          1  1.1    16    13     128    (-,-) 
  u_issue/g40442/Y                                       -       B->Y    R     NOR2x1_ASAP7_75t_R            1  1.6    17    13     141    (-,-) 
  u_issue/g40433/Y                                       -       A->Y    F     NAND2x1p5_ASAP7_75t_R         2  1.9    12    10     151    (-,-) 
  u_issue/g40428/Y                                       -       B->Y    F     OR2x2_ASAP7_75t_R             3  2.8    13    24     174    (-,-) 
  u_issue/g40580/Y                                       -       B->Y    R     NOR2x1p5_ASAP7_75t_R          1  2.1    15    12     186    (-,-) 
  u_issue/g40579/Y                                       -       A->Y    F     NAND2x2_ASAP7_75t_R           8  4.8    18    13     199    (-,-) 
  u_issue/g40605/Y                                       -       A->Y    R     INVx1_ASAP7_75t_R             1  0.6     9     8     207    (-,-) 
  u_issue/g40598/Y                                       -       A1->Y   R     AO22x2_ASAP7_75t_R            7  6.9    25    26     233    (-,-) 
  u_issue/g38690/Y                                       -       A->Y    R     BUFx6f_ASAP7_75t_R            9  6.2    10    18     251    (-,-) 
  u_issue/u_regfile/g2107/Y                              -       A->Y    F     INVx1_ASAP7_75t_R             1  1.1     8     7     258    (-,-) 
  u_issue/u_regfile/g69747/Y                             -       A->Y    F     AND3x4_ASAP7_75t_R            4  4.4    12    22     280    (-,-) 
  u_issue/u_regfile/g69722/Y                             -       B->Y    F     AND2x4_ASAP7_75t_R           32 19.9    31    30     310    (-,-) 
  u_issue/u_regfile/g71488/Y                             -       A2->Y   R     AOI22xp5_ASAP7_75t_R          1  0.5    17    14     324    (-,-) 
  u_issue/u_regfile/g71376/Y                             -       A->Y    F     NAND2xp5_ASAP7_75t_R          1  0.4    10     8     332    (-,-) 
  u_issue/u_regfile/g71278/Y                             -       A->Y    R     NOR2xp33_ASAP7_75t_R          1  0.5    15    11     344    (-,-) 
  u_issue/u_regfile/g71170/Y                             -       B->Y    F     NAND4xp25_ASAP7_75t_R         1  0.5    23    15     359    (-,-) 
  u_issue/fopt73150/Y                                    -       A->Y    R     INVxp67_ASAP7_75t_R           1  0.6    12    10     369    (-,-) 
  u_issue/g70909/Y                                       -       A2->Y   F     OAI21xp5_ASAP7_75t_R          1  0.5    11     8     377    (-,-) 
  u_issue/g70767/Y                                       -       B->Y    R     AOI21xp33_ASAP7_75t_R         1  0.5    17    12     389    (-,-) 
  u_issue/g70591/Y                                       -       A->Y    F     NAND2xp5_ASAP7_75t_R          1  0.7    15    10     398    (-,-) 
  u_issue/g70541/Y                                       -       A->Y    F     BUFx3_ASAP7_75t_R            18  9.9    20    23     422    (-,-) 
  u_exec0/g11551/Y                                       -       A->Y    F     HB1xp67_ASAP7_75t_R           1  0.5     8    17     439    (-,-) 
  u_exec0/g11249/Y                                       -       A2->Y   F     AO22x1_ASAP7_75t_R            4  2.9    19    25     463    (-,-) 
  u_exec0/u_alu/sub_57_37_g3321/Y                        -       A->Y    R     INVx1_ASAP7_75t_R             2  1.5    14    11     475    (-,-) 
  u_exec0/u_alu/sub_57_37_g3292/Y                        -       A->Y    F     NAND2xp5_ASAP7_75t_R          3  1.4    19    13     488    (-,-) 
  u_exec0/u_alu/sub_57_37_g3111/Y                        -       A->Y    R     NAND2xp5_ASAP7_75t_R          1  0.6    13    13     500    (-,-) 
  u_exec0/u_alu/sub_57_37_g3045/Y                        -       A1->Y   R     OA21x2_ASAP7_75t_R            5  3.5    15    22     522    (-,-) 
  u_exec0/u_alu/sub_57_37_g3002/Y                        -       A1->Y   R     OA21x2_ASAP7_75t_R            9  5.9    22    26     548    (-,-) 
  u_exec0/u_alu/sub_57_37_g2993/Y                        -       A2->Y   R     OA21x2_ASAP7_75t_R            3  3.0    13    22     570    (-,-) 
  u_exec0/u_alu/sub_57_37_g2981/Y                        -       A->Y    R     BUFx6f_ASAP7_75t_R           14  8.4    12    17     587    (-,-) 
  u_exec0/u_alu/sub_57_37_g2961/Y                        -       A2->Y   F     OAI21xp5_ASAP7_75t_R          1  1.0    16    10     597    (-,-) 
  u_exec0/u_alu/sub_57_37_g2929/Y                        -       B->Y    F     XOR2xp5_ASAP7_75t_R           1  0.6    15    18     615    (-,-) 
  u_exec0/u_alu/g19800/Y                                 -       A2->Y   F     AO21x1_ASAP7_75t_R            1  0.6     8    16     631    (-,-) 
  u_exec0/u_alu/g19787/Y                                 -       B->Y    F     AO21x1_ASAP7_75t_R            1  0.6     8    15     646    (-,-) 
  u_exec0/g7746/Y                                        -       A2->Y   R     AOI22xp5_ASAP7_75t_R          1  0.6    30    10     657    (-,-) 
  u_exec0/result_q_reg[25]/D                             -       -       R     ASYNC_DFFHx1_ASAP7_75t_R      1    -     -     0     657    (-,-) 
#------------------------------------------------------------------------------------------------------------------------------------------------



Path 50: VIOLATED (-441 ps) Setup Check with Pin u_exec0/result_q_reg[21]/CLK->D
          Group: clk
     Startpoint: (R) u_frontend/u_decode/genblk1.u_fifo/rd_ptr_q_reg[0]/CLK
          Clock: (R) clk
       Endpoint: (R) u_exec0/result_q_reg[21]/D
          Clock: (R) clk

                     Capture       Launch     
        Clock Edge:+     250            0     
       Src Latency:+       0            0     
       Net Latency:+       0 (I)        0 (I) 
           Arrival:=     250            0     
                                              
             Setup:-       9                  
       Uncertainty:-      25                  
     Required Time:=     216                  
      Launch Clock:-       0                  
         Data Path:-     657                  
             Slack:=    -441                  

#------------------------------------------------------------------------------------------------------------------------------------------------
#                     Timing Point                       Flags    Arc    Edge           Cell            Fanout Load Trans Delay Arrival Instance 
#                                                                                                              (fF)  (ps)  (ps)   (ps)  Location 
#------------------------------------------------------------------------------------------------------------------------------------------------
  u_frontend/u_decode/genblk1.u_fifo/rd_ptr_q_reg[0]/CLK -       -       R     (arrival)                  5356    -    12     0       0    (-,-) 
  u_frontend/u_decode/genblk1.u_fifo/rd_ptr_q_reg[0]/QN  -       CLK->QN R     ASYNC_DFFHx1_ASAP7_75t_R      1  1.3    18    43      43    (-,-) 
  u_frontend/u_decode/genblk1.u_fifo/fopt262/Y           -       A->Y    R     BUFx6f_ASAP7_75t_R            6  7.1    11    17      60    (-,-) 
  u_frontend/u_decode/genblk1.u_fifo/fopt238/Y           -       A->Y    F     INVx5_ASAP7_75t_R             8  7.2    10     8      68    (-,-) 
  u_frontend/u_decode/genblk1.u_fifo/fopt213/Y           -       A->Y    F     BUFx6f_ASAP7_75t_R            9  5.3     8    15      83    (-,-) 
  u_frontend/u_decode/genblk1.u_fifo/g6385/Y             -       A1->Y   R     OAI21xp5_ASAP7_75t_R          3  1.6    23    14      97    (-,-) 
  u_issue/g40520/Y                                       -       A->Y    F     INVx1_ASAP7_75t_R             1  0.6     8     7     104    (-,-) 
  u_issue/g40477/Y                                       -       B2->Y   R     AOI22xp5_ASAP7_75t_R          1  0.6    17    10     115    (-,-) 
  u_issue/g40445/Y                                       -       B->Y    F     NAND2xp5_ASAP7_75t_R          1  1.1    16    13     128    (-,-) 
  u_issue/g40442/Y                                       -       B->Y    R     NOR2x1_ASAP7_75t_R            1  1.6    17    13     141    (-,-) 
  u_issue/g40433/Y                                       -       A->Y    F     NAND2x1p5_ASAP7_75t_R         2  1.9    12    10     151    (-,-) 
  u_issue/g40428/Y                                       -       B->Y    F     OR2x2_ASAP7_75t_R             3  2.8    13    24     174    (-,-) 
  u_issue/g40580/Y                                       -       B->Y    R     NOR2x1p5_ASAP7_75t_R          1  2.1    15    12     186    (-,-) 
  u_issue/g40579/Y                                       -       A->Y    F     NAND2x2_ASAP7_75t_R           8  4.8    18    13     199    (-,-) 
  u_issue/g40605/Y                                       -       A->Y    R     INVx1_ASAP7_75t_R             1  0.6     9     8     207    (-,-) 
  u_issue/g40598/Y                                       -       A1->Y   R     AO22x2_ASAP7_75t_R            7  6.9    25    26     233    (-,-) 
  u_issue/g38690/Y                                       -       A->Y    R     BUFx6f_ASAP7_75t_R            9  6.2    10    18     251    (-,-) 
  u_issue/u_regfile/g2107/Y                              -       A->Y    F     INVx1_ASAP7_75t_R             1  1.1     8     7     258    (-,-) 
  u_issue/u_regfile/g69747/Y                             -       A->Y    F     AND3x4_ASAP7_75t_R            4  4.4    12    22     280    (-,-) 
  u_issue/u_regfile/g69722/Y                             -       B->Y    F     AND2x4_ASAP7_75t_R           32 19.9    31    30     310    (-,-) 
  u_issue/u_regfile/g71488/Y                             -       A2->Y   R     AOI22xp5_ASAP7_75t_R          1  0.5    17    14     324    (-,-) 
  u_issue/u_regfile/g71376/Y                             -       A->Y    F     NAND2xp5_ASAP7_75t_R          1  0.4    10     8     332    (-,-) 
  u_issue/u_regfile/g71278/Y                             -       A->Y    R     NOR2xp33_ASAP7_75t_R          1  0.5    15    11     344    (-,-) 
  u_issue/u_regfile/g71170/Y                             -       B->Y    F     NAND4xp25_ASAP7_75t_R         1  0.5    23    15     359    (-,-) 
  u_issue/fopt73150/Y                                    -       A->Y    R     INVxp67_ASAP7_75t_R           1  0.6    12    10     369    (-,-) 
  u_issue/g70909/Y                                       -       A2->Y   F     OAI21xp5_ASAP7_75t_R          1  0.5    11     8     377    (-,-) 
  u_issue/g70767/Y                                       -       B->Y    R     AOI21xp33_ASAP7_75t_R         1  0.5    17    12     389    (-,-) 
  u_issue/g70591/Y                                       -       A->Y    F     NAND2xp5_ASAP7_75t_R          1  0.7    15    10     398    (-,-) 
  u_issue/g70541/Y                                       -       A->Y    F     BUFx3_ASAP7_75t_R            18  9.9    20    23     422    (-,-) 
  u_exec0/g11551/Y                                       -       A->Y    F     HB1xp67_ASAP7_75t_R           1  0.5     8    17     439    (-,-) 
  u_exec0/g11249/Y                                       -       A2->Y   F     AO22x1_ASAP7_75t_R            4  2.9    19    25     463    (-,-) 
  u_exec0/u_alu/sub_57_37_g3321/Y                        -       A->Y    R     INVx1_ASAP7_75t_R             2  1.5    14    11     475    (-,-) 
  u_exec0/u_alu/sub_57_37_g3292/Y                        -       A->Y    F     NAND2xp5_ASAP7_75t_R          3  1.4    19    13     488    (-,-) 
  u_exec0/u_alu/sub_57_37_g3111/Y                        -       A->Y    R     NAND2xp5_ASAP7_75t_R          1  0.6    13    13     500    (-,-) 
  u_exec0/u_alu/sub_57_37_g3045/Y                        -       A1->Y   R     OA21x2_ASAP7_75t_R            5  3.5    15    22     522    (-,-) 
  u_exec0/u_alu/sub_57_37_g3002/Y                        -       A1->Y   R     OA21x2_ASAP7_75t_R            9  5.9    22    26     548    (-,-) 
  u_exec0/u_alu/sub_57_37_g2993/Y                        -       A2->Y   R     OA21x2_ASAP7_75t_R            3  3.0    13    22     570    (-,-) 
  u_exec0/u_alu/sub_57_37_g2981/Y                        -       A->Y    R     BUFx6f_ASAP7_75t_R           14  8.4    12    17     587    (-,-) 
  u_exec0/u_alu/sub_57_37_g2963/Y                        -       A2->Y   F     OAI21xp5_ASAP7_75t_R          1  1.0    16    10     597    (-,-) 
  u_exec0/u_alu/sub_57_37_g2927/Y                        -       B->Y    F     XOR2xp5_ASAP7_75t_R           1  0.6    15    18     615    (-,-) 
  u_exec0/u_alu/g19826/Y                                 -       A2->Y   F     AO21x1_ASAP7_75t_R            1  0.6     8    16     631    (-,-) 
  u_exec0/u_alu/g19805/Y                                 -       B->Y    F     AO21x1_ASAP7_75t_R            1  0.6     8    15     646    (-,-) 
  u_exec0/g7742/Y                                        -       A2->Y   R     AOI22xp5_ASAP7_75t_R          1  0.6    30    10     657    (-,-) 
  u_exec0/result_q_reg[21]/D                             -       -       R     ASYNC_DFFHx1_ASAP7_75t_R      1    -     -     0     657    (-,-) 
#------------------------------------------------------------------------------------------------------------------------------------------------

