$date
    Jun  7, 2026  20:08:47
$end
$version
    TOOL:	xmsim(64)	25.09-s003
$end
$timescale
    1 ps
$end

$scope module tb_power_mul_unit $end
$var parameter 32 !    TOTAL_OPS $end
$var parameter 32 "    DRAIN_CYCLES $end
$var reg       1 #    clk_i $end
$var reg       1 $    rst_i $end
$var reg       1 %    opcode_valid_i $end
$var reg      32 &    opcode_opcode_i [31:0] $end
$var reg      32 '    opcode_pc_i [31:0] $end
$var reg       1 (    opcode_invalid_i $end
$var reg       5 )    opcode_rd_idx_i [4:0] $end
$var reg       5 *    opcode_ra_idx_i [4:0] $end
$var reg       5 +    opcode_rb_idx_i [4:0] $end
$var reg      32 ,    opcode_ra_operand_i [31:0] $end
$var reg      32 -    opcode_rb_operand_i [31:0] $end
$var reg       1 .    hold_i $end
$var wire     32 /    writeback_value_o [31:0] $end
$var reg      32 0    state_a [31:0] $end
$var reg      32 1    state_b [31:0] $end
$var reg      32 2    cycle_count [31:0] $end
$var integer  32 3    issued_ops $end
$var integer  32 4    drain_count $end
$var reg       1 5    finished $end
$var wire     32 6    issue_state_a_w [31:0] $end
$var wire     32 7    issue_state_b_w [31:0] $end
$var wire     32 8    issue_a_w [31:0] $end
$var wire     32 9    issue_b_w [31:0] $end

$scope module dut $end
$var wire      1 :    clk_i  $end
$var wire      1 ;    rst_i  $end
$var wire      1 <    opcode_valid_i  $end
$var wire     32 =    opcode_opcode_i [31:0] $end
$var wire     32 >    opcode_pc_i [31:0] $end
$var wire      1 ?    opcode_invalid_i  $end
$var wire      5 @    opcode_rd_idx_i [4:0] $end
$var wire      5 A    opcode_ra_idx_i [4:0] $end
$var wire      5 B    opcode_rb_idx_i [4:0] $end
$var wire     32 C    opcode_ra_operand_i [31:0] $end
$var wire     32 D    opcode_rb_operand_i [31:0] $end
$var wire      1 E    hold_i  $end
$var wire     32 /    writeback_value_o [31:0] $end
$var parameter 32 F    MULT_STAGES $end
$var reg      32 G    result_e2_q [31:0] $end
$var reg      32 H    result_e3_q [31:0] $end
$var reg      33 I    operand_a_e1_q [32:0] $end
$var reg      33 J    operand_b_e1_q [32:0] $end
$var reg       1 K    mulhi_sel_e1_q $end
$var wire     65 L    mult_result_w [64:0] $end
$var reg      33 M    operand_b_r [32:0] $end
$var reg      33 N    operand_a_r [32:0] $end
$var reg      32 O    result_r [31:0] $end
$var wire      1 P    mult_inst_w  $end
$upscope $end

$upscope $end

$enddefinitions $end
$dumpvars
b10 F
b11 "
b10000000000 !
0#
1$
0%
b0 &
b0 '
0(
b1100 )
b1010 *
b1011 +
b0 ,
b0 -
0.
b0 /
b10011010101111001101111011111 0
b100100011010001010110011100000 1
b0 2
b0 3
b0 4
05
b10110001100011110001010110011000 6
b10100011101100110010100011110101 7
b1001110011100001110101001100111 8
b1010101010000100011111010001101 9
0:
1;
0<
b0 =
b0 >
0?
b1100 @
b1010 A
b1011 B
b0 C
b0 D
0E
b0 G
b0 H
b0 I
b0 J
0K
b0 L
b0 M
b0 N
b0 O
0P
$end
#5000
1#
1:
#10000
0#
0:
#15000
1#
1:
#20000
0#
0:
#25000
1#
1:
#30000
0#
0:
#35000
1#
0$
0;
1:
#40000
0#
0:
#45000
1#
1:
b1 2
1%
b10000000000000000000110011 &
b1001110011100001110101001100111 ,
b1010101010000100011111010001101 -
b10110001100011110001010110011000 0
b10100011101100110010100011110101 1
b1 3
b100010111111011010010100001010 7
b1001111110001101000111101010001 6
b1010101010000100011111010001101 D
b1001110011100001110101001100111 C
b10000000000000000000110011 =
1<
b1010101010000100011111010001101 M
b1001110011100001110101001100111 N
1P
b10110000001110010111000010101110 8
b1110010110001000011010001011011 9
#50000
0#
0:
#55000
1#
1:
b10 2
b10110000001110010111000010101110 ,
b1110010110001000011010001011011 -
b1001111110001101000111101010001 0
b100010111111011010010100001010 1
b10 3
b1001110011100001110101001100111 I
b1010101010000100011111010001101 J
b1101000011111110010100001101100101110100001000000110010111011 L
b10100010010010000010000100011111 7
b11101101111111100000100100001010 6
b1110010110001000011010001011011 D
b10110000001110010111000010101110 C
b101110100001000000110010111011 O
b1110010110001000011010001011011 M
b10110000001110010111000010101110 N
b10010000000011111011011110101 8
b10010000010001100010101000101001 9
#60000
0#
0:
#65000
1#
1:
b11 2
b10010000000011111011011110101 ,
b10010000010001100010101000101001 -
b11101101111111100000100100001010 0
b10100010010010000010000100011111 1
b11 3
b101110100001000000110010111011 G
b10110000001110010111000010101110 I
b1110010110001000011010001011011 J
b100111100000000101001000011001000010000100001100110010111011010 L
b101110100001000000110010111011 /
b100001100100101001110100110100 7
b10001100001101011000001011000011 6
b10010000010001100010101000101001 D
b10010000000011111011011110101 C
b10000100001100110010111011010 O
b10010000010001100010101000101001 M
b10010000000011111011011110101 N
b1110011110010100111110100111100 8
b10101101110010000001111111110111 9
#70000
0#
0:
#75000
1#
1:
b100 2
b1110011110010100111110100111100 ,
b10101101110010000001111111110111 -
b10001100001101011000001011000011 0
b100001100100101001110100110100 1
b100 3
b10000100001100110010111011010 G
b101110100001000000110010111011 H
b10010000000011111011011110101 I
b10010000010001100010101000101001 J
b101000100110000010100110101010001011110100101011111100111101 L
b10000100001100110010111011010 /
b10100000110111010001100101001001 7
b101010011011001111110001111100 6
b10101101110010000001111111110111 D
b1110011110010100111110100111100 C
b10001011110100101011111100111101 O
b10101101110010000001111111110111 M
b1110011110010100111110100111100 N
b11010101100100110000001110000011 8
b11001011010010100001010111000101 9
#80000
0#
0:
#85000
1#
1:
b101 2
b11010101100100110000001110000011 ,
b11001011010010100001010111000101 -
b101010011011001111110001111100 0
b10100000110111010001100101001001 1
b101 3
b10001011110100101011111100111101 G
b10000100001100110010111011010 H
b1110011110010100111110100111100 I
b10101101110010000001111111110111 J
b100111010011010010110110100100010100000011010010001100011100100 L
b10001011110100101011111100111101 /
b100000001001111001010101011110 7
b11001000101001000111011000110101 6
b11001011010010100001010111000101 D
b11010101100100110000001110000011 C
b10100000011010010001100011100100 O
b11001011010010100001010111000101 M
b11010101100100110000001110000011 N
b110111010110111000100111001010 8
b11101000110011000000101110010011 9
#90000
0#
0:
#95000
1#
1:
b110 2
b110111010110111000100111001010 ,
b11101000110011000000101110010011 -
b11001000101001000111011000110101 0
b100000001001111001010101011110 1
b110 3
b10100000011010010001100011100100 G
b10001011110100101011111100111101 H
b11010101100100110000001110000011 I
b11001011010010100001010111000101 J
b1010100110011001011000100111000101001110010010010111001011001111 L
b10100000011010010001100011100100 /
b10011111011100100001000101110011 7
b1100110110110111110111111101110 6
b11101000110011000000101110010011 D
b110111010110111000100111001010 C
b1001110010010010111001011001111 O
b11101000110011000000101110010011 M
b110111010110111000100111001010 N
b10011001001001000001000000010001 8
b110010011100000000101100001 9
#100000
0#
0:
#105000
1#
1:
b111 2
b10011001001001000001000000010001 ,
b110010011100000000101100001 -
b1100110110110111110111111101110 0
b10011111011100100001000101110011 1
b111 3
b1001110010010010111001011001111 G
b10100000011010010001100011100100 H
b110111010110111000100111001010 I
b11101000110011000000101110010011 J
b11001001010111000101000101000110010101011100111100110011111110 L
b1001110010010010111001011001111 /
b11110101111001000110110001000 7
b101000100110110100110100111 6
b110010011100000000101100001 D
b10011001001001000001000000010001 C
b10010101011100111100110011111110 O
b110010011100000000101100001 M
b10011001001001000001000000010001 N
b11111010111011001001011001011000 8
b100011110011111111011100101111 9
#110000
0#
0:
#115000
1#
1:
b1000 2
b11111010111011001001011001011000 ,
b100011110011111111011100101111 -
b101000100110110100110100111 0
b11110101111001000110110001000 1
b1000 3
b10010101011100111100110011111110 G
b1001110010010010111001011001111 H
b10011001001001000001000000010001 I
b110010011100000000101100001 J
b1111000101100000100011000001110101111010000010011101110001 L
b10010101011100111100110011111110 /
b10011110000001110000100110011101 7
b10100011010010101110001101100000 6
b100011110011111111011100101111 D
b11111010111011001001011001011000 C
b1110101111010000010011101110001 O
b100011110011111111011100101111 M
b11111010111011001001011001011000 N
b1011100101101010001110010011111 8
b1000001010100011110110011111101 9
#120000
0#
0:
#125000
1#
1:
b1001 2
b1011100101101010001110010011111 ,
b1000001010100011110110011111101 -
b10100011010010101110001101100000 0
b10011110000001110000100110011101 1
b1001 3
b1110101111010000010011101110001 G
b10010101011100111100110011111110 H
b11111010111011001001011001011000 I
b100011110011111111011100101111 J
b10001100011010001100000010001111101111101001101000001000101000 L
b1110101111010000010011101110001 /
b11101010100011000010110110010 7
b1000001100000100101110100011001 6
b1000001010100011110110011111101 D
b1011100101101010001110010011111 C
b11101111101001101000001000101000 O
b1000001010100011110110011111101 M
b1011100101101010001110010011111 N
b10111110011111011010001011100110 8
b1011110110100111110001011001011 9
#130000
0#
0:
#135000
1#
1:
b1010 2
b10111110011111011010001011100110 ,
b1011110110100111110001011001011 -
b1000001100000100101110100011001 0
b11101010100011000010110110010 1
b1010 3
b11101111101001101000001000101000 G
b1110101111010000010011101110001 H
b1011100101101010001110010011111 I
b1000001010100011110110011111101 J
b1011110100111101001110110010100000010101011101101110100100011 L
b11101111101001101000001000101000 /
b10011100100111000000000111000111 7
b11011111101110011101011011010010 6
b1011110110100111110001011001011 D
b10111110011111011010001011100110 C
b10101011101101110100100011 O
b1011110110100111110001011001011 M
b10111110011111011010001011100110 N
b100000010001100010100100101101 8
b1111100010101011101100010011001 9
#140000
0#
0:
#145000
1#
1:
b1011 2
b100000010001100010100100101101 ,
b1111100010101011101100010011001 -
b11011111101110011101011011010010 0
b10011100100111000000000111000111 1
b1011 3
b10101011101101110100100011 G
b11101111101001101000001000101000 H
b10111110011111011010001011100110 I
b1011110110100111110001011001011 J
b100011010001111110011000001111110101111000000010011100001100010 L
b10101011101101110100100011 /
b11011111001100111110111011100 7
b1111101111100010101000010001011 6
b1111100010101011101100010011001 D
b100000010001100010100100101101 C
b10101111000000010011100001100010 O
b1111100010101011101100010011001 M
b100000010001100010100100101101 N
b10000010000011101010111101110100 8
b10011001110101111100111001100111 9
#150000
0#
0:
#155000
1#
1:
b1100 2
b10000010000011101010111101110100 ,
b10011001110101111100111001100111 -
b1111101111100010101000010001011 0
b11011111001100111110111011100 1
b1100 3
b10101111000000010011100001100010 G
b10101011101101110100100011 H
b100000010001100010100100101101 I
b1111100010101011101100010011001 J
b111110101100110011101000101111110100100111011001001111100101 L
b10101111000000010011100001100010 /
b10011011001100001111100111110001 7
b11100001010001100101001000100 6
b10011001110101111100111001100111 D
b10000010000011101010111101110100 C
b11110100100111011001001111100101 O
b10011001110101111100111001100111 M
b10000010000011101010111101110100 N
b11100011110101110011010110111011 8
b10110111010110011100010000110101 9
#160000
0#
0:
#165000
1#
1:
b1101 2
b11100011110101110011010110111011 ,
b10110111010110011100010000110101 -
b11100001010001100101001000100 0
b10011011001100001111100111110001 1
b1101 3
b11110100100111011001001111100101 G
b10101111000000010011100001100010 H
b10000010000011101010111101110100 I
b10011001110101111100111001100111 J
b100111000101000011010100000110111010011100000111110111110101100 L
b11110100100111011001001111100101 /
b11010011110110111011000000110 7
b10111010011000000100001111111101 6
b10110111010110011100010000110101 D
b11100011110101110011010110111011 C
b11010011100000111110111110101100 O
b10110111010110011100010000110101 M
b11100011110101110011010110111011 N
b1000101100111111011110000000010 8
b11010100110110111011101000000011 9
#170000
0#
0:
#175000
1#
1:
b1110 2
b1000101100111111011110000000010 ,
b11010100110110111011101000000011 -
b10111010011000000100001111111101 0
b11010011110110111011000000110 1
b1110 3
b11010011100000111110111110101100 G
b11110100100111011001001111100101 H
b11100011110101110011010110111011 I
b10110111010110011100010000110101 J
b1010001100101110101110111101101001001011101101000100101110110111 L
b11010011100000111110111110101100 /
b10011001110001011111001000011011 7
b1011000100101111011110110110110 6
b11010100110110111011101000000011 D
b1000101100111111011110000000010 C
b1001011101101000100101110110111 O
b11010100110110111011101000000011 M
b1000101100111111011110000000010 N
b10100111011010000100001001001001 8
b11110010010111011010111111010001 9
#180000
0#
0:
#185000
1#
1:
b1111 2
b10100111011010000100001001001001 ,
b11110010010111011010111111010001 -
b1011000100101111011110110110110 0
b10011001110001011111001000011011 1
b1111 3
b1001011101101000100101110110111 G
b11010011100000111110111110101100 H
b1000101100111111011110000000010 I
b11010100110110111011101000000011 J
b11100111100100000010011110111001011101001011101010100000000110 L
b1001011101101000100101110110111 /
b11001000100000110111000110000 7
b11110110110011110011011101101111 6
b11110010010111011010111111010001 D
b10100111011010000100001001001001 C
b1011101001011101010100000000110 O
b11110010010111011010111111010001 M
b10100111011010000100001001001001 N
b1001001100001100100010010000 8
b1111110111111010010110011111 9
#190000
0#
0:
#195000
1#
1:
b10000 2
b1001001100001100100010010000 ,
b1111110111111010010110011111 -
b11110110110011110011011101101111 0
b11001000100000110111000110000 1
b10000 3
b1011101001011101010100000000110 G
b1001011101101000100101110110111 H
b10100111011010000100001001001001 I
b11110010010111011010111111010001 J
b1001111001111101110100101000001000000111111100110000010010011001 L
b1011101001011101010100000000110 /
b10011000010110101110101001000101 7
b10010101000001101011000100101000 6
b1111110111111010010110011111 D
b1001001100001100100010010000 C
b111111100110000010010011001 O
b1111110111111010010110011111 M
b1001001100001100100010010000 N
b1101010111110010100111011010111 8
b101101011000011001101101101101 9
#200000
0#
0:
#205000
1#
1:
b10001 2
b1101010111110010100111011010111 ,
b101101011000011001101101101101 -
b10010101000001101011000100101000 0
b10011000010110101110101001000101 1
b10001 3
b111111100110000010010011001 G
b1011101001011101010100000000110 H
b1001001100001100100010010000 I
b1111110111111010010110011111 J
b10010001111000110011000101001100000000010110000101110000 L
b111111100110000010010011001 /
b10111101001010110011001011010 7
b110011001111100010101011100001 6
b101101011000011001101101101101 D
b1101010111110010100111011010111 C
b1001100000000010110000101110000 O
b101101011000011001101101101101 M
b1101010111110010100111011010111 N
b11001100110000011101010100011110 8
b1001010111000111001000100111011 9
#210000
0#
0:
#215000
1#
1:
b10010 2
b11001100110000011101010100011110 ,
b1001010111000111001000100111011 -
b110011001111100010101011100001 0
b10111101001010110011001011010 1
b10010 3
b1001100000000010110000101110000 G
b111111100110000010010011001 H
b1101010111110010100111011010111 I
b101101011000011001101101101101 J
b1001011110110100111000100010100101001010110011011111010001011 L
b1001100000000010110000101110000 /
b10010110111011111110001001101111 7
b11010001011101011010010010011010 6
b1001010111000111001000100111011 D
b11001100110000011101010100011110 C
b101001010110011011111010001011 O
b1001010111000111001000100111011 M
b11001100110000011101010100011110 N
b101110100010100101101101100101 8
b1101000011001011000011100001001 9
#220000
0#
0:
#225000
1#
1:
b10011 2
b101110100010100101101101100101 ,
b1101000011001011000011100001001 -
b11010001011101011010010010011010 0
b10010110111011111110001001101111 1
b10011 3
b101001010110011011111010001011 G
b1001100000000010110000101110000 H
b11001100110000011101010100011110 I
b1001010111000111001000100111011 J
b11101111100110000010111010001110011111111111000001101111101010 L
b101001010110011011111010001011 /
b10110001110100101111010000100 7
b1101111101011010001111001010011 6
b1101000011001011000011100001001 D
b101110100010100101101101100101 C
b10011111111111000001101111101010 O
b1101000011001011000011100001001 M
b101110100010100101101101100101 N
b10010000010100101110000110101100 8
b10000101111001110111110011010111 9
#230000
0#
0:
#235000
1#
1:
b10100 2
b10010000010100101110000110101100 ,
b10000101111001110111110011010111 -
b1101111101011010001111001010011 0
b10110001110100101111010000100 1
b10100 3
b10011111111111000001101111101010 G
b101001010110011011111010001011 H
b101110100010100101101101100101 I
b1101000011001011000011100001001 J
b1001011111010101010100100001110101111111010000111100110001101 L
b10011111111111000001101111101010 /
b10010101100001001101101010011001 7
b1101111001001001100000001100 6
b10000101111001110111110011010111 D
b10010000010100101110000110101100 C
b10101111111010000111100110001101 O
b10000101111001110111110011010111 M
b10010000010100101110000110101100 N
b11110010000110110110011111110011 8
b10100011011010010111001010100101 9
#240000
0#
0:
#245000
1#
1:
b10101 2
b11110010000110110110011111110011 ,
b10100011011010010111001010100101 -
b1101111001001001100000001100 0
b10010101100001001101101010011001 1
b10101 3
b10101111111010000111100110001101 G
b10011111111111000001101111101010 H
b10010000010100101110000110101100 I
b10000101111001110111110011010111 J
b100101101111101100100000110100101011001000111101101011101110100 L
b10101111111010000111100110001101 /
b10100110011110101011010101110 7
b10101100000111000001000111000101 6
b10100011011010010111001010100101 D
b11110010000110110110011111110011 C
b1011001000111101101011101110100 O
b10100011011010010111001010100101 M
b11110010000110110110011111110011 N
b1010011111000111110111000111010 8
b11000000111010110110100001110011 9
#250000
0#
0:
#255000
1#
1:
b10110 2
b1010011111000111110111000111010 ,
b11000000111010110110100001110011 -
b10101100000111000001000111000101 0
b10100110011110101011010101110 1
b10110 3
b1011001000111101101011101110100 G
b10101111111010000111100110001101 H
b11110010000110110110011111110011 I
b10100011011010010111001010100101 J
b1001101010001011001011001101100110011011100111110011010110011111 L
b1011001000111101101011101110100 /
b10010100000110011101001011000011 7
b1001010010100111000101101111110 6
b11000000111010110110100001110011 D
b1010011111000111110111000111010 C
b10011011100111110011010110011111 O
b11000000111010110110100001110011 M
b1010011111000111110111000111010 N
b10110101101011000111010010000001 8
b11011110011011010101111001000001 9
#260000
0#
0:
#265000
1#
1:
b10111 2
b10110101101011000111010010000001 ,
b11011110011011010101111001000001 -
b1001010010100111000101101111110 0
b10010100000110011101001011000011 1
b10111 3
b10011011100111110011010110011111 G
b1011001000111101101011101110100 H
b1010011111000111110111000111010 I
b11000000111010110110100001110011 J
b11111100111000000101110010000101110111011010011001010000001110 L
b10011011100111110011010110011111 /
b10011011001000100111011011000 7
b11101000100010110000010100110111 6
b11011110011011010101111001000001 D
b10110101101011000111010010000001 C
b1110111011010011001010000001110 O
b11011110011011010101111001000001 M
b10110101101011000111010010000001 N
b10111011101001111101011001000 8
b11111011111011110101010000001111 9
#270000
0#
0:
#275000
1#
1:
b11000 2
b10111011101001111101011001000 ,
b11111011111011110101010000001111 -
b11101000100010110000010100110111 0
b10011011001000100111011011000 1
b11000 3
b1110111011010011001010000001110 G
b10011011100111110011010110011111 H
b10110101101011000111010010000001 I
b11011110011011010101111001000001 J
b1001110111011001001010100101100011101100011111011111001011000001 L
b1110111011010011001010000001110 /
b10010010101011101100101011101101 7
b10000110110000100111111011110000 6
b11111011111011110101010000001111 D
b10111011101001111101011001000 C
b11101100011111011111001011000001 O
b11111011111011110101010000001111 M
b10111011101001111101011001000 N
b1111001001111011000000100001111 8
b11001011100010100100111011101 9
#280000
0#
0:
#285000
1#
1:
b11001 2
b1111001001111011000000100001111 ,
b11001011100010100100111011101 -
b10000110110000100111111011110000 0
b10010010101011101100101011101101 1
b11001 3
b11101100011111011111001011000001 G
b1110111011010011001010000001110 H
b10111011101001111101011001000 I
b11111011111011110101010000001111 J
b1011100010101100111111100101111111010110111000101000110111000 L
b11101100011111011111001011000001 /
b10001111110010100011100000010 7
b100100111110011111100010101001 6
b11001011100010100100111011101 D
b1111001001111011000000100001111 C
b11111010110111000101000110111000 O
b11001011100010100100111011101 M
b1111001001111011000000100001111 N
b11011011000001100000011101010110 8
b110110111100110011111110101011 9
#290000
0#
0:
#295000
1#
1:
b11010 2
b11011011000001100000011101010110 ,
b110110111100110011111110101011 -
b100100111110011111100010101001 0
b10001111110010100011100000010 1
b11010 3
b11111010110111000101000110111000 G
b11101100011111011111001011000001 H
b1111001001111011000000100001111 I
b11001011100010100100111011101 J
b110000001100101010001011101110100010100001001011000011110011 L
b11111010110111000101000110111000 /
b10010001010000111100001100010111 7
b11000011001100010111001001100010 6
b110110111100110011111110101011 D
b11011011000001100000011101010110 C
b10100010100001001011000011110011 O
b110110111100110011111110101011 M
b11011011000001100000011101010110 N
b111100110011101000110110011101 8
b1010100011101010011010101111001 9
#300000
0#
0:
#305000
1#
1:
b11011 2
b111100110011101000110110011101 ,
b1010100011101010011010101111001 -
b11000011001100010111001001100010 0
b10010001010000111100001100010111 1
b11011 3
b10100010100001001011000011110011 G
b11111010110111000101000110111000 H
b11011011000001100000011101010110 I
b110110111100110011111110101011 J
b10111100000011011000101011110111100011011101110001000001110010 L
b10100010100001001011000011110011 /
b10000100011100011111100101100 7
b1100001011010001110110000011011 6
b1010100011101010011010101111001 D
b111100110011101000110110011101 C
b11100011011101110001000001110010 O
b1010100011101010011010101111001 M
b111100110011101000110110011101 N
b10011110100101110001001111100100 8
b1110001111101110010101101000111 9
#310000
0#
0:
#315000
1#
1:
b11100 2
b10011110100101110001001111100100 ,
b1110001111101110010101101000111 -
b1100001011010001110110000011011 0
b10000100011100011111100101100 1
b11100 3
b11100011011101110001000001110010 G
b10100010100001001011000011110011 H
b111100110011101000110110011101 I
b1010100011101010011010101111001 J
b1010000001111100111011001000110111101101100110111000000110101 L
b11100011011101110001000001110010 /
b10001111110110001011101101000001 7
b11111111101000000110010111010100 6
b1110001111101110010101101000111 D
b10011110100101110001001111100100 C
b10111101101100110111000000110101 O
b1110001111101110010101101000111 M
b10011110100101110001001111100100 N
b10111111001101000101011 8
b10001111011110010010000100010101 9
#320000
0#
0:
#325000
1#
1:
b11101 2
b10111111001101000101011 ,
b10001111011110010010000100010101 -
b11111111101000000110010111010100 0
b10001111110110001011101101000001 1
b11101 3
b10111101101100110111000000110101 G
b11100011011101110001000001110010 H
b10011110100101110001001111100100 I
b1110001111101110010101101000111 J
b100011010011001110011100101101100110001001110011101000000111100 L
b10111101101100110111000000110101 /
b1111001000110011011101010110 7
b10011101110101111101111110001101 6
b10001111011110010010000100010101 D
b10111111001101000101011 C
b110001001110011101000000111100 O
b10001111011110010010000100010101 M
b10111111001101000101011 N
b1100010001010000010000001110010 8
b10101100111110110001011011100011 9
#330000
0#
0:
#335000
1#
1:
b11110 2
b1100010001010000010000001110010 ,
b10101100111110110001011011100011 -
b10011101110101111101111110001101 0
b1111001000110011011101010110 1
b11110 3
b110001001110011101000000111100 G
b10111101101100110111000000110101 H
b10111111001101000101011 I
b10001111011110010010000100010101 J
b110101100101000101101000111110000010100011000010000111 L
b110001001110011101000000111100 /
b10001110011011011011001101101011 7
b111100000011110101100101000110 6
b10101100111110110001011011100011 D
b1100010001010000010000001110010 C
b111110000010100011000010000111 O
b10101100111110110001011011100011 M
b1100010001010000010000001110010 N
b11000011111100001010011010111001 8
b11001010011111010000110010110001 9
#340000
0#
0:
#345000
1#
1:
b11111 2
b11000011111100001010011010111001 ,
b11001010011111010000110010110001 -
b111100000011110101100101000110 0
b10001110011011011011001101101011 1
b11111 3
b111110000010100011000010000111 G
b110001001110011101000000111100 H
b1100010001010000010000001110010 I
b10101100111110110001011011100011 J
b100001001010011001110111110101011100100001001001001000100010110 L
b111110000010100011000010000111 /
b1101101110000010111110000000 7
b11011010010001101101001011111111 6
b11001010011111010000110010110001 D
b11000011111100001010011010111001 C
b11100100001001001001000100010110 O
b11001010011111010000110010110001 M
b11000011111100001010011010111001 N
b100101101110010010110100000000 8
b11100111111111110000001001111111 9
#350000
0#
0:
#355000
1#
1:
b100000 2
b100101101110010010110100000000 ,
b11100111111111110000001001111111 -
b11011010010001101101001011111111 0
b1101101110000010111110000000 1
b100000 3
b11100100001001001001000100010110 G
b111110000010100011000010000111 H
b11000011111100001010011010111001 I
b11001010011111010000110010110001 J
b1001101011111011100110011100011000100011100010001111000111101001 L
b11100100001001001001000100010110 /
b10001101000000101010101110010101 7
b1111000011111100100110010111000 6
b11100111111111110000001001111111 D
b100101101110010010110100000000 C
b100011100010001111000111101001 O
b11100111111111110000001001111111 M
b100101101110010010110100000000 N
b10000111100000011011001101000111 8
b101100000001111100001001101 9
#360000
0#
0:
#365000
1#
1:
b100001 2
b10000111100000011011001101000111 ,
b101100000001111100001001101 -
b1111000011111100100110010111000 0
b10001101000000101010101110010101 1
b100001 3
b100011100010001111000111101001 G
b11100100001001001001000100010110 H
b100101101110010010110100000000 I
b11100111111111110000001001111111 J
b10001000101111101010110110110011111100001101110101001100000000 L
b100011100010001111000111101001 /
b1100010011010010011110101010 7
b10110101101011100011001110001 6
b101100000001111100001001101 D
b10000111100000011011001101000111 C
b11111100001101110101001100000000 O
b101100000001111100001001101 M
b10000111100000011011001101000111 N
b11101001010010100011100110001110 8
b100011000000101110111000011011 9
#370000
0#
0:
#375000
1#
1:
b100010 2
b11101001010010100011100110001110 ,
b100011000000101110111000011011 -
b10110101101011100011001110001 0
b1100010011010010011110101010 1
b100010 3
b11111100001101110101001100000000 G
b100011100010001111000111101001 H
b10000111100000011011001101000111 I
b101100000001111100001001101 J
b1011101001110011001100100001101110001011111011010001011011 L
b11111100001101110101001100000000 /
b10001011100101111010001110111111 7
b10110100111011010100000000101010 6
b100011000000101110111000011011 D
b11101001010010100011100110001110 C
b1101110001011111011010001011011 O
b100011000000101110111000011011 M
b11101001010010100011100110001110 N
b1001011000100101011111111010101 8
b1000000100001001110001111101001 9
#380000
0#
0:
#385000
1#
1:
b100011 2
b1001011000100101011111111010101 ,
b1000000100001001110001111101001 -
b10110100111011010100000000101010 0
b10001011100101111010001110111111 1
b100011 3
b1101110001011111011010001011011 G
b11111100001101110101001100000000 H
b11101001010010100011100110001110 I
b100011000000101110111000011011 J
b1111111100111110100010110111001111001011100100001010111111010 L
b1101110001011111011010001011011 /
b1010111000100001111111010100 7
b1010011001001001011100111100011 6
b1000000100001001110001111101001 D
b1001011000100101011111111010101 C
b1111001011100100001010111111010 O
b1000000100001001110001111101001 M
b1001011000100101011111111010101 N
b10101100110110110100011000011100 8
b1011110000001101101100110110111 9
#390000
0#
0:
#395000
1#
1:
b100100 2
b10101100110110110100011000011100 ,
b1011110000001101101100110110111 -
b1010011001001001011100111100011 0
b1010111000100001111111010100 1
b100100 3
b1111001011100100001010111111010 G
b1101110001011111011010001011011 H
b1001011000100101011111111010101 I
b1000000100001001110001111101001 J
b1001011101011101010000111011000011101111111100111011111011101 L
b1111001011100100001010111111010 /
b10001010001011001001101111101001 7
b11110001010111000011001110011100 6
b1011110000001101101100110110111 D
b10101100110110110100011000011100 C
b11101111111100111011111011101 O
b1011110000001101101100110110111 M
b10101100110110110100011000011100 N
b1110101000111100110001100011 8
b1111011100010001100111110000101 9
#400000
0#
0:
#405000
1#
1:
b100101 2
b1110101000111100110001100011 ,
b1111011100010001100111110000101 -
b11110001010111000011001110011100 0
b10001010001011001001101111101001 1
b100101 3
b11101111111100111011111011101 G
b1111001011100100001010111111010 H
b10101100110110110100011000011100 I
b1011110000001101101100110110111 J
b11111101111101001000111110001101011011110101001101101000000100 L
b11101111111100111011111011101 /
b1001011101110001011111111110 7
b10001111100100111010110101010101 6
b1111011100010001100111110000101 D
b1110101000111100110001100011 C
b1011011110101001101101000000100 O
b1111011100010001100111110000101 M
b1110101000111100110001100011 N
b1110000011011000101001010101010 8
b10011001000010101100010101010011 9
#410000
0#
0:
#415000
1#
1:
b100110 2
b1110000011011000101001010101010 ,
b10011001000010101100010101010011 -
b10001111100100111010110101010101 0
b1001011101110001011111111110 1
b100110 3
b1011011110101001101101000000100 G
b11101111111100111011111011101 H
b1110101000111100110001100011 I
b1111011100010001100111110000101 J
b11100010000100001100001011000110010111101010011110001101111 L
b1011011110101001101101000000100 /
b10001000110000011001010000010011 7
b101101110010110010011100001110 6
b10011001000010101100010101010011 D
b1110000011011000101001010101010 C
b110010111101010011110001101111 O
b10011001000010101100010101010011 M
b1110000011011000101001010101010 N
b11010010001101001101100011110001 8
b10110110100011001011101100100001 9
#420000
0#
0:
#425000
1#
1:
b100111 2
b11010010001101001101100011110001 ,
b10110110100011001011101100100001 -
b101101110010110010011100001110 0
b10001000110000011001010000010011 1
b100111 3
b110010111101010011110001101111 G
b1011011110101001101101000000100 H
b1110000011011000101001010101010 I
b10011001000010101100010101010011 J
b100001100110101011110000100101010100011010111111001111100011110 L
b110010111101010011110001101111 /
b1000000011000001000000101000 7
b11001100000000101010000011000111 6
b10110110100011001011101100100001 D
b11010010001101001101100011110001 C
b10100011010111111001111100011110 O
b10110110100011001011101100100001 M
b11010010001101001101100011110001 N
b110011111111010101111100111000 8
b11010100000011101011000011101111 9
#430000
0#
0:
#435000
1#
1:
b101000 2
b110011111111010101111100111000 ,
b11010100000011101011000011101111 -
b11001100000000101010000011000111 0
b1000000011000001000000101000 1
b101000 3
b10100011010111111001111100011110 G
b110010111101010011110001101111 H
b11010010001101001101100011110001 I
b10110110100011001011101100100001 J
b1001010111100101001000001100100110101101000101000000001000010001 L
b10100011010111111001111100011110 /
b10000111010101101000110000111101 7
b1101010001110100001101010000000 6
b11010100000011101011000011101111 D
b110011111111010101111100111000 C
b10101101000101000000001000010001 O
b11010100000011101011000011101111 M
b110011111111010101111100111000 N
b10010101110001011110010101111111 8
b11110001100100001010011010111101 9
#440000
0#
0:
#445000
1#
1:
b101001 2
b10010101110001011110010101111111 ,
b11110001100100001010011010111101 -
b1101010001110100001101010000000 0
b10000111010101101000110000111101 1
b101001 3
b10101101000101000000001000010001 G
b10100011010111111001111100011110 H
b110011111111010101111100111000 I
b11010100000011101011000011101111 J
b10101100010000110011101010010001010000000100100110010101001000 L
b10101101000101000000001000010001 /
b110101000010000100001010010 7
b1000011100011001010000111001 6
b11110001100100001010011010111101 D
b10010101110001011110010101111111 C
b1010000000100100110010101001000 O
b11110001100100001010011010111101 M
b10010101110001011110010101111111 N
b11110111100011100110101111000110 8
b1111000100101001110010001011 9
#450000
0#
0:
#455000
1#
1:
b101010 2
b11110111100011100110101111000110 ,
b1111000100101001110010001011 -
b1000011100011001010000111001 0
b110101000010000100001010010 1
b101010 3
b1010000000100100110010101001000 G
b10101101000101000000001000010001 H
b10010101110001011110010101111111 I
b11110001100100001010011010111101 J
b1000110101010011111011011110101010001100010110101100100011000011 L
b1010000000100100110010101001000 /
b10000101111010111000010001100111 7
b10100110101010010000110111110010 6
b1111000100101001110010001011 D
b11110111100011100110101111000110 C
b10001100010110101100100011000011 O
b1111000100101001110010001011 M
b11110111100011100110101111000110 N
b1011001010101101111001000001101 8
b101100100101001001001001011001 9
#460000
0#
0:
#465000
1#
1:
b101011 2
b1011001010101101111001000001101 ,
b101100100101001001001001011001 -
b10100110101010010000110111110010 0
b10000101111010111000010001100111 1
b101011 3
b10001100010110101100100011000011 G
b1010000000100100110010101001000 H
b11110111100011100110101111000110 I
b1111000100101001110010001011 J
b111010010011010101111011010101100001111011010010110010000010 L
b10001100010110101100100011000011 /
b101001101100000000001111100 7
b1000100111000001000011110101011 6
b101100100101001001001001011001 D
b1011001010101101111001000001101 C
b1100001111011010010110010000010 O
b101100100101001001001001011001 M
b1011001010101101111001000001101 N
b10111011000111110111100001010100 8
b1001010000101101000100000100111 9
#470000
0#
0:
#475000
1#
1:
b101100 2
b10111011000111110111100001010100 ,
b1001010000101101000100000100111 -
b1000100111000001000011110101011 0
b101001101100000000001111100 1
b101100 3
b1100001111011010010110010000010 G
b10001100010110101100100011000011 H
b1011001010101101111001000001101 I
b101100100101001001001001011001 J
b111110001110110010101111000011010000110010011001000010000101 L
b1100001111011010010110010000010 /
b10000100100000000111110010010001 7
b11100011000110000000000101100100 6
b1001010000101101000100000100111 D
b10111011000111110111100001010100 C
b11010000110010011001000010000101 O
b1001010000101101000100000100111 M
b10111011000111110111100001010100 N
b11100111001111111111010011011 8
b1100111100110000111110111110101 9
#480000
0#
0:
#485000
1#
1:
b101101 2
b11100111001111111111010011011 ,
b1100111100110000111110111110101 -
b11100011000110000000000101100100 0
b10000100100000000111110010010001 1
b101101 3
b11010000110010011001000010000101 G
b1100001111011010010110010000010 H
b10111011000111110111100001010100 I
b1001010000101101000100000100111 J
b11011000100111100100010000000111011000111011111111010011001100 L
b11010000110010011001000010000101 /
b11110010101111100010100110 7
b10000001010011110111101100011101 6
b1100111100110000111110111110101 D
b11100111001111111111010011011 C
b11011000111011111111010011001100 O
b1100111100110000111110111110101 M
b11100111001111111111010011011 N
b1111110101100001000010011100010 8
b10000101000110100111001111000011 9
#490000
0#
0:
#495000
1#
1:
b101110 2
b1111110101100001000010011100010 ,
b10000101000110100111001111000011 -
b10000001010011110111101100011101 0
b11110010101111100010100110 1
b101110 3
b11011000111011111111010011001100 G
b11010000110010011001000010000101 H
b11100111001111111111010011011 I
b1100111100110000111110111110101 J
b101110110010100011110110100001111010011000000101100101010111 L
b11011000111011111111010011001100 /
b10000011000101010111010010111011 7
b11111100001101111010011010110 6
b10000101000110100111001111000011 D
b1111110101100001000010011100010 C
b1111010011000000101100101010111 O
b10000101000110100111001111000011 M
b1111110101100001000010011100010 N
b11100000011110010000101100101001 8
b10100010100111000110100110010001 9
#500000
0#
0:
#505000
1#
1:
b101111 2
b11100000011110010000101100101001 ,
b10100010100111000110100110010001 -
b11111100001101111010011010110 0
b10000011000101010111010010111011 1
b101111 3
b1111010011000000101100101010111 G
b11011000111011111111010011001100 H
b1111110101100001000010011100010 I
b10000101000110100111001111000011 J
b100000111011110110011000100000010110101000110101011111000100110 L
b1111010011000000101100101010111 /
b10010111111111000011010000 7
b10111101101111100110111010001111 6
b10100010100111000110100110010001 D
b11100000011110010000101100101001 C
b10110101000110101011111000100110 O
b10100010100111000110100110010001 M
b11100000011110010000101100101001 N
b1000010010000011001000101110000 8
b11000000000111100101111101011111 9
#510000
0#
0:
#515000
1#
1:
b110000 2
b1000010010000011001000101110000 ,
b11000000000111100101111101011111 -
b10111101101111100110111010001111 0
b10010111111111000011010000 1
b110000 3
b10110101000110101011111000100110 G
b1111010011000000101100101010111 H
b11100000011110010000101100101001 I
b10100010100111000110100110010001 J
b1000111010010101101111110110001110001001000111110010001100111001 L
b10110101000110101011111000100110 /
b10000001101010100110110011100101 7
b1011011111101011110100001001000 6
b11000000000111100101111101011111 D
b1000010010000011001000101110000 C
b10001001000111110010001100111001 O
b11000000000111100101111101011111 M
b1000010010000011001000101110000 N
b10100100000010100001011110110111 8
b11011101101000000101010100101101 9
#520000
0#
0:
#525000
1#
1:
b110001 2
b10100100000010100001011110110111 ,
b11011101101000000101010100101101 -
b1011011111101011110100001001000 0
b10000001101010100110110011100101 1
b110001 3
b10001001000111110010001100111001 G
b10110101000110101011111000100110 H
b1000010010000011001000101110000 I
b11000000000111100101111101011111 J
b11000110111001000010010111000111110110011011011000100010010000 L
b10001001000111110010001100111001 /
b111101001110100011111010 7
b11111010001011010110001000000001 6
b11011101101000000101010100101101 D
b10100100000010100001011110110111 C
b11110110011011011000100010010000 O
b11011101101000000101010100101101 M
b10100100000010100001011110110111 N
b101110100101001110111111110 8
b11111011001000100100101011111011 9
#530000
0#
0:
#535000
1#
1:
b110010 2
b101110100101001110111111110 ,
b11111011001000100100101011111011 -
b11111010001011010110001000000001 0
b111101001110100011111010 1
b110010 3
b11110110011011011000100010010000 G
b10001001000111110010001100111001 H
b10100100000010100001011110110111 I
b11011101101000000101010100101101 J
b1000111000000011011100110101101111111101000001011110111000101011 L
b11110110011011011000100010010000 /
b10000000001111110110010100001111 7
b10011000011001001101101110111010 6
b11111011001000100100101011111011 D
b101110100101001110111111110 C
b11111101000001011110111000101011 O
b11111011001000100100101011111011 M
b101110100101001110111111110 N
b1100111100110110010010001000101 8
b11000101001000100000011001001 9
#540000
0#
0:
#545000
1#
1:
b110011 2
b1100111100110110010010001000101 ,
b11000101001000100000011001001 -
b10011000011001001101101110111010 0
b10000000001111110110010100001111 1
b110011 3
b11111101000001011110111000101011 G
b11110110011011011000100010010000 H
b101110100101001110111111110 I
b11111011001000100100101011111011 J
b10110110110010010001001010110011100111010000101010000001010 L
b11111101000001011110111000101011 /
b11111111100010011110000100100100 7
b110110100111000101010101110011 6
b11000101001000100000011001001 D
b1100111100110110010010001000101 C
b10011100111010000101010000001010 O
b11000101001000100000011001001 M
b1100111100110110010010001000101 N
b11001001011000111010101010001100 8
b110110001001100011011010010111 9
#550000
0#
0:
#555000
1#
1:
b110100 2
b11001001011000111010101010001100 ,
b110110001001100011011010010111 -
b110110100111000101010101110011 0
b11111111100010011110000100100100 1
b110100 3
b10011100111010000101010000001010 G
b11111101000001011110111000101011 H
b1100111100110110010010001000101 I
b11000101001000100000011001001 J
b100111111001000001010000000111010110000101001011101000101101 L
b10011100111010000101010000001010 /
b1111110110101000101110100111001 7
b11010100110100111100111100101100 6
b110110001001100011011010010111 D
b11001001011000111010101010001100 C
b11010110000101001011101000101101 O
b110110001001100011011010010111 M
b11001001011000111010101010001100 N
b101011001011000011000011010011 8
b1010011101010000010110001100101 9
#560000
0#
0:
#565000
1#
1:
b110101 2
b101011001011000011000011010011 ,
b1010011101010000010110001100101 -
b11010100110100111100111100101100 0
b1111110110101000101110100111001 1
b110101 3
b11010110000101001011101000101101 G
b10011100111010000101010000001010 H
b11001001011000111010101010001100 I
b110110001001100011011010010111 J
b10101010011001000101011011011010101000100010110010000010010100 L
b11010110000101001011101000101101 /
b11111110000111101101100101001110 7
b1110011000010110100100011100101 6
b1010011101010000010110001100101 D
b101011001011000011000011010011 C
b10101000100010110010000010010100 O
b1010011101010000010110001100101 M
b101011001011000011000011010011 N
b10001100111101001011011100011010 8
b1110001001010100010001000110011 9
#570000
0#
0:
#575000
1#
1:
b110110 2
b10001100111101001011011100011010 ,
b1110001001010100010001000110011 -
b1110011000010110100100011100101 0
b11111110000111101101100101001110 1
b110110 3
b10101000100010110010000010010100 G
b11010110000101001011101000101101 H
b101011001011000011000011010011 I
b1010011101010000010110001100101 J
b111000011011101100000101000100010100010010111000011100111111 L
b10101000100010110010000010010100 /
b1111101011010010101010101100011 7
b10001010000101100001010011110 6
b1110001001010100010001000110011 D
b10001100111101001011011100011010 C
b10100010010111000011100111111 O
b1110001001010100010001000110011 M
b10001100111101001011011100011010 N
b11101110101111010011110101100001 8
b10001110101011000001100000000001 9
#580000
0#
0:
#585000
1#
1:
b110111 2
b11101110101111010011110101100001 ,
b10001110101011000001100000000001 -
b10001010000101100001010011110 0
b1111101011010010101010101100011 1
b110111 3
b10100010010111000011100111111 G
b10101000100010110010000010010100 H
b10001100111101001011011100011010 I
b1110001001010100010001000110011 J
b11111001001111001101111100110100011001010101011110111000101110 L
b10100010010111000011100111111 /
b11111100101100111101000101111000 7
b10101111011110100011110001010111 6
b10001110101011000001100000000001 D
b11101110101111010011110101100001 C
b11001010101011110111000101110 O
b10001110101011000001100000000001 M
b11101110101111010011110101100001 N
b1010000100001011100001110101000 8
b10101100001011100000110111001111 9
#590000
0#
0:
#595000
1#
1:
b111000 2
b1010000100001011100001110101000 ,
b10101100001011100000110111001111 -
b10101111011110100011110001010111 0
b11111100101100111101000101111000 1
b111000 3
b11001010101011110111000101110 G
b10100010010111000011100111111 H
b11101110101111010011110101100001 I
b10001110101011000001100000000001 J
b1000010100001101011101011001001110110111101010100101010101100001 L
b11001010101011110111000101110 /
b1111011111111100100110110001101 7
b1001101101100011011011000010000 6
b10101100001011100000110111001111 D
b1010000100001011100001110101000 C
b10110111101010100101010101100001 O
b10101100001011100000110111001111 M
b1010000100001011100001110101000 N
b10110010010011100100100111101111 8
b11001001101100000000001110011101 9
#600000
0#
0:
#605000
1#
1:
b111001 2
b10110010010011100100100111101111 ,
b11001001101100000000001110011101 -
b1001101101100011011011000010000 0
b1111011111111100100110110001101 1
b111001 3
b10110111101010100101010101100001 G
b11001010101011110111000101110 H
b1010000100001011100001110101000 I
b10101100001011100000110111001111 J
b11011000101000010110111101010111101111010010001011110011011000 L
b10110111101010100101010101100001 /
b11111011010010001100100110100010 7
b11101011111010010010111111001001 6
b11001001101100000000001110011101 D
b10110010010011100100100111101111 C
b11101111010010001011110011011000 O
b11001001101100000000001110011101 M
b10110010010011100100100111101111 N
b10100000101101101000000110110 8
b11100111001100011111100101101011 9
#610000
0#
0:
#615000
1#
1:
b111010 2
b10100000101101101000000110110 ,
b11100111001100011111100101101011 -
b11101011111010010010111111001001 0
b11111011010010001100100110100010 1
b111010 3
b11101111010010001011110011011000 G
b10110111101010100101010101100001 H
b10110010010011100100100111101111 I
b11001001101100000000001110011101 J
b1000110001111010000100000110001111000000001100010010010010010011 L
b11101111010010001011110011011000 /
b1111010100100110100010110110111 7
b10001010001000001010100110000010 6
b11100111001100011111100101101011 D
b10100000101101101000000110110 C
b11000000001100010010010010010011 O
b11100111001100011111100101101011 M
b10100000101101101000000110110 N
b1110101110111110101011001111101 8
b100101100111110111100111001 9
#620000
0#
0:
#625000
1#
1:
b111011 2
b1110101110111110101011001111101 ,
b100101100111110111100111001 -
b10001010001000001010100110000010 0
b1111010100100110100010110110111 1
b111011 3
b11000000001100010010010010010011 G
b11101111010010001011110011011000 H
b10100000101101101000000110110 I
b11100111001100011111100101101011 J
b1001000100100100000011101000100101010011000111000110010010010 L
b11000000001100010010010010010011 /
b11111001110111011100000111001100 7
b101000010110000010001100111011 6
b100101100111110111100111001 D
b1110101110111110101011001111101 C
b101010011000111000110010010010 O
b100101100111110111100111001 M
b1110101110111110101011001111101 N
b11010111101001111101110011000100 8
b100010001101011110010100000111 9
#630000
0#
0:
#635000
1#
1:
b111100 2
b11010111101001111101110011000100 ,
b100010001101011110010100000111 -
b101000010110000010001100111011 0
b11111001110111011100000111001100 1
b111100 3
b101010011000111000110010010010 G
b11000000001100010010010010010011 H
b1110101110111110101011001111101 I
b100101100111110111100111001 J
b1000101010010101101010100100101101110111111111010011010101 L
b101010011000111000110010010010 /
b1111001001010000011110111100001 7
b11000110100011111001110011110100 6
b100010001101011110010100000111 D
b11010111101001111101110011000100 C
b101101110111111111010011010101 O
b100010001101011110010100000111 M
b11010111101001111101110011000100 N
b111001011100000110001100001011 8
b111111101101111101101011010101 9
#640000
0#
0:
#645000
1#
1:
b111101 2
b111001011100000110001100001011 ,
b111111101101111101101011010101 -
b11000110100011111001110011110100 0
b1111001001010000011110111100001 1
b111101 3
b101101110111111111010011010101 G
b101010011000111000110010010010 H
b11010111101001111101110011000100 I
b100010001101011110010100000111 J
b1110011010001101100100000000111001010101001100101110101011100 L
b101101110111111111010011010101 /
b11111000011100101011100111110110 7
b1100100110001110001011010101101 6
b111111101101111101101011010101 D
b111001011100000110001100001011 C
b11001010101001100101110101011100 O
b111111101101111101101011010101 M
b111001011100000110001100001011 N
b10011011001110001110100101010010 8
b1011101001110011101000010100011 9
#650000
0#
0:
#655000
1#
1:
b111110 2
b10011011001110001110100101010010 ,
b1011101001110011101000010100011 -
b1100100110001110001011010101101 0
b11111000011100101011100111110110 1
b111110 3
b11001010101001100101110101011100 G
b101101110111111111010011010101 H
b111001011100000110001100001011 I
b111111101101111101101011010101 J
b111001001011111010001101000000000000101101101100011000100111 L
b11001010101001100101110101011100 /
b1110111101111010011011000001011 7
b10111111101001000001100110 6
b1011101001110011101000010100011 D
b10011011001110001110100101010010 C
b101101101100011000100111 O
b1011101001110011101000010100011 M
b10011011001110001110100101010010 N
b11111101000000010110111110011001 8
b1111010101110111100011001110001 9
#660000
0#
0:
#665000
1#
1:
b111111 2
b11111101000000010110111110011001 ,
b1111010101110111100011001110001 -
b10111111101001000001100110 0
b1110111101111010011011000001011 1
b111111 3
b101101101100011000100111 G
b11001010101001100101110101011100 H
b10011011001110001110100101010010 I
b1011101001110011101000010100011 J
b11100010000110101110101110111111010000000100010010111100110110 L
b101101101100011000100111 /
b11110111000001111011001000100000 7
b10100001001101100000101000011111 6
b1111010101110111100011001110001 D
b11111101000000010110111110011001 C
b11010000000100010010111100110110 O
b1111010101110111100011001110001 M
b11111101000000010110111110011001 N
b1011110110010011111010111100000 8
b10011000001111011011110000111111 9
#670000
0#
0:
#675000
1#
1:
b1000000 2
b1011110110010011111010111100000 ,
b10011000001111011011110000111111 -
b10100001001101100000101000011111 0
b11110111000001111011001000100000 1
b1000000 3
b11010000000100010010111100110110 G
b101101101100011000100111 H
b11111101000000010110111110011001 I
b1111010101110111100011001110001 J
b111100101001100010000110101101000111000101101011001100010001001 L
b11010000000100010010111100110110 /
b1110110010100100010111000110101 7
b111111011011011000001111011000 6
b10011000001111011011110000111111 D
b1011110110010011111010111100000 C
b111000101101011001100010001001 O
b10011000001111011011110000111111 M
b1011110110010011111010111100000 N
b11000000100100100111110000100111 8
b10110101101111111011001000001101 9
#680000
0#
0:
#685000
1#
1:
b1000001 2
b11000000100100100111110000100111 ,
b10110101101111111011001000001101 -
b111111011011011000001111011000 0
b1110110010100100010111000110101 1
b1000001 3
b111000101101011001100010001001 G
b11010000000100010010111100110110 H
b1011110110010011111010111100000 I
b10011000001111011011110000111111 J
b11100001011110110001011101000000111010101001000000001000100000 L
b111000101101011001100010001001 /
b11110101100111001010101001001010 7
b11011101101001001111110110010001 6
b10110101101111111011001000001101 D
b11000000100100100111110000100111 C
b111010101001000000001000100000 O
b10110101101111111011001000001101 M
b11000000100100100111110000100111 N
b100010010110110000001001101110 8
b11010011010000011010011111011011 9
#690000
0#
0:
#695000
1#
1:
b1000010 2
b100010010110110000001001101110 ,
b11010011010000011010011111011011 -
b11011101101001001111110110010001 0
b11110101100111001010101001001010 1
b1000010 3
b111010101001000000001000100000 G
b111000101101011001100010001001 H
b11000000100100100111110000100111 I
b10110101101111111011001000001101 J
b1000100010110111110001010000000111010101110111000110101111111011 L
b111010101001000000001000100000 /
b1110100111001110010011001011111 7
b1111011110111000111011101001010 6
b11010011010000011010011111011011 D
b100010010110110000001001101110 C
b11010101110111000110101111111011 O
b11010011010000011010011111011011 M
b100010010110110000001001101110 N
b10000100001000111000100010110101 8
b11110000110000111001110110101001 9
#700000
0#
0:
#705000
1#
1:
b1000011 2
b10000100001000111000100010110101 ,
b11110000110000111001110110101001 -
b1111011110111000111011101001010 0
b1110100111001110010011001011111 1
b1000011 3
b11010101110111000110101111111011 G
b111010101001000000001000100000 H
b100010010110110000001001101110 I
b11010011010000011010011111011011 J
b1110001011001110100101010001100001010010111101101011000011010 L
b11010101110111000110101111111011 /
b11110100001100011010001001110100 7
b11010000100111111000100000011 6
b11110000110000111001110110101001 D
b10000100001000111000100010110101 C
b1010010111101101011000011010 O
b11110000110000111001110110101001 M
b10000100001000111000100010110101 N
b11100101111011000000111011111100 8
b1110010001011001001101110111 9
#710000
0#
0:
#715000
1#
1:
b1000100 2
b11100101111011000000111011111100 ,
b1110010001011001001101110111 -
b11010000100111111000100000011 0
b11110100001100011010001001110100 1
b1000100 3
b1010010111101101011000011010 G
b11010101110111000110101111111011 H
b10000100001000111000100010110101 I
b11110000110000111001110110101001 J
b111110001000110010010001001101111011000001010110100000001111101 L
b1010010111101101011000011010 /
b1110011011111000001111010001001 7
b10111000010010110110101010111100 6
b1110010001011001001101110111 D
b11100101111011000000111011111100 C
b11011000001010110100000001111101 O
b1110010001011001001101110111 M
b11100101111011000000111011111100 N
b1000111101101001001010101000011 8
b101011110001111000100101000101 9
#720000
0#
0:
#725000
1#
1:
b1000101 2
b1000111101101001001010101000011 ,
b101011110001111000100101000101 -
b10111000010010110110101010111100 0
b1110011011111000001111010001001 1
b1000101 3
b11011000001010110100000001111101 G
b1010010111101101011000011010 H
b11100101111011000000111011111100 I
b1110010001011001001101110111 J
b110011010001011001011110001100111111010000011010101100100100 L
b11011000001010110100000001111101 /
b11110010110001101001101010011110 7
b1010110100000101110010001110101 6
b101011110001111000100101000101 D
b1000111101101001001010101000011 C
b111111010000011010101100100100 O
b101011110001111000100101000101 M
b1000111101101001001010101000011 N
b10101001011111010001101110001010 8
b1001001010010010111111100010011 9
#730000
0#
0:
#735000
1#
1:
b1000110 2
b10101001011111010001101110001010 ,
b1001001010010010111111100010011 -
b1010110100000101110010001110101 0
b11110010110001101001101010011110 1
b1000110 3
b111111010000011010101100100100 G
b11011000001010110100000001111101 H
b1000111101101001001010101000011 I
b101011110001111000100101000101 J
b110001000011001110001110010100111111101000100001011000001111 L
b111111010000011010101100100100 /
b1110010000100010001011010110011 7
b11110100101110100101111000101110 6
b1001001010010010111111100010011 D
b10101001011111010001101110001010 C
b111111101000100001011000001111 O
b1001001010010010111111100010011 M
b10101001011111010001101110001010 N
b1011010001011010000111010001 8
b1100110110010110111010011100001 9
#740000
0#
0:
#745000
1#
1:
b1000111 2
b1011010001011010000111010001 ,
b1100110110010110111010011100001 -
b11110100101110100101111000101110 0
b1110010000100010001011010110011 1
b1000111 3
b111111101000100001011000001111 G
b111111010000011010101100100100 H
b10101001011111010001101110001010 I
b1001001010010010111111100010011 J
b11000010000101010101011010100011011001010011001000000100111110 L
b111111101000100001011000001111 /
b11110001010110111001001011001000 7
b10010010111100011101011111100111 6
b1100110110010110111010011100001 D
b1011010001011010000111010001 C
b11011001010011001000000100111110 O
b1100110110010110111010011100001 M
b1011010001011010000111010001 N
b1101101000011100010100000011000 8
b10000100010011010110101010101111 9
#750000
0#
0:
#755000
1#
1:
b1001000 2
b1101101000011100010100000011000 ,
b10000100010011010110101010101111 -
b10010010111100011101011111100111 0
b11110001010110111001001011001000 1
b1001000 3
b11011001010011001000000100111110 G
b111111101000100001011000001111 H
b1011010001011010000111010001 I
b1100110110010110111010011100001 J
b10010000110101100111101011000001100010000001110110010110001 L
b11011001010011001000000100111110 /
b1110000101001100000111011011101 7
b110001001010010101000110100000 6
b10000100010011010110101010101111 D
b1101101000011100010100000011000 C
b1100010000001110110010110001 O
b10000100010011010110101010101111 M
b1101101000011100010100000011000 N
b11001110110101101010111001011111 8
b10100001110011110110000001111101 9
#760000
0#
0:
#765000
1#
1:
b1001001 2
b11001110110101101010111001011111 ,
b10100001110011110110000001111101 -
b110001001010010101000110100000 0
b1110000101001100000111011011101 1
b1001001 3
b1100010000001110110010110001 G
b11011001010011001000000100111110 H
b1101101000011100010100000011000 I
b10000100010011010110101010101111 J
b11100001011100010001110110000011011000011111110101100001101000 L
b1100010000001110110010110001 /
b11101111111100001000101011110010 7
b11001111011000001100101101011001 6
b10100001110011110110000001111101 D
b11001110110101101010111001011111 C
b11011000011111110101100001101000 O
b10100001110011110110000001111101 M
b11001110110101101010111001011111 N
b110000100111110011010010100110 8
b10111111010100010101011001001011 9
#770000
0#
0:
#775000
1#
1:
b1001010 2
b110000100111110011010010100110 ,
b10111111010100010101011001001011 -
b11001111011000001100101101011001 0
b11101111111100001000101011110010 1
b1001010 3
b11011000011111110101100001101000 G
b1100010000001110110010110001 H
b11001110110101101010111001011111 I
b10100001110011110110000001111101 J
b1000001010111100100100010011011000111110000001111100010001100011 L
b11011000011111110101100001101000 /
b1101111001110110000011100000111 7
b1101101100110000100010100010010 6
b10111111010100010101011001001011 D
b110000100111110011010010100110 C
b111110000001111100010001100011 O
b10111111010100010101011001001011 M
b110000100111110011010010100110 N
b10010010011001111011101011101101 8
b11011100110100110100110000011001 9
#780000
0#
0:
#785000
1#
1:
b1001011 2
b10010010011001111011101011101101 ,
b11011100110100110100110000011001 -
b1101101100110000100010100010010 0
b1101111001110110000011100000111 1
b1001011 3
b111110000001111100010001100011 G
b11011000011111110101100001101000 H
b110000100111110011010010100110 I
b10111111010100010101011001001011 J
b10010001010110001110110000101100111100110110100011000010100010 L
b111110000001111100010001100011 /
b11101110100001011000001100011100 7
b1011110011111011111011001011 6
b11011100110100110100110000011001 D
b10010010011001111011101011101101 C
b111100110110100011000010100010 O
b11011100110100110100110000011001 M
b10010010011001111011101011101101 N
b11110100001100000100000100110100 8
b11111010010101010100000111100111 9
#790000
0#
0:
#795000
1#
1:
b1001100 2
b11110100001100000100000100110100 ,
b11111010010101010100000111100111 -
b1011110011111011111011001011 0
b11101110100001011000001100011100 1
b1001100 3
b111100110110100011000010100010 G
b111110000001111100010001100011 H
b10010010011001111011101011101101 I
b11011100110100110100110000011001 J
b111111001001001111110111010011111010100111101101001110100100101 L
b111100110110100011000010100010 /
b1101101110011111111111100110001 7
b10101010000001110011100010000100 6
b11111010010101010100000111100111 D
b11110100001100000100000100110100 C
b11010100111101101001110100100101 O
b11111010010101010100000111100111 M
b11110100001100000100000100110100 N
b1010101111110001100011101111011 8
b10111110101110011011110110101 9
#800000
0#
0:
#805000
1#
1:
b1001101 2
b1010101111110001100011101111011 ,
b10111110101110011011110110101 -
b10101010000001110011100010000100 0
b1101101110011111111111100110001 1
b1001101 3
b11010100111101101001110100100101 G
b111100110110100011000010100010 H
b11110100001100000100000100110100 I
b11111010010101010100000111100111 J
b1110111011001000011100101000111100000110010111010000100111101100 L
b11010100111101101001110100100101 /
b11101101000110100111101101000110 7
b1001000001111101011001000111101 6
b10111110101110011011110110101 D
b1010101111110001100011101111011 C
b110010111010000100111101100 O
b10111110101110011011110110101 M
b1010101111110001100011101111011 N
b10110111110000010100110111000010 8
b110101010110010010110110000011 9
#810000
0#
0:
#815000
1#
1:
b1001110 2
b10110111110000010100110111000010 ,
b110101010110010010110110000011 -
b1001000001111101011001000111101 0
b11101101000110100111101101000110 1
b1001110 3
b110010111010000100111101100 G
b11010100111101101001110100100101 H
b1010101111110001100011101111011 I
b10111110101110011011110110101 J
b100000000001101000001001000011010001000011010111011011110111 L
b110010111010000100111101100 /
b1101100011001001111011101011011 7
b11100110011101100010101111110110 6
b110101010110010010110110000011 D
b10110111110000010100110111000010 C
b11010001000011010111011011110111 O
b110101010110010010110110000011 M
b10110111110000010100110111000010 N
b11001100010011101010000001001 8
b1010010110110110010001101010001 9
#820000
0#
0:
#825000
1#
1:
b1001111 2
b11001100010011101010000001001 ,
b1010010110110110010001101010001 -
b11100110011101100010101111110110 0
b1101100011001001111011101011011 1
b1001111 3
b11010001000011010111011011110111 G
b110010111010000100111101100 H
b10110111110000010100110111000010 I
b110101010110010010110110000011 J
b10011001001011000001111111100000110101000001111110010001000110 L
b11010001000011010111011011110111 /
b11101011101011110111001101110000 7
b10000100101011011010010110101111 6
b1010010110110110010001101010001 D
b11001100010011101010000001001 C
b110101000001111110010001000110 O
b1010010110110110010001101010001 M
b11001100010011101010000001001 N
b1111011010100100101101001010000 8
b1110000010111010001100100011111 9
#830000
0#
0:
#835000
1#
1:
b1010000 2
b1111011010100100101101001010000 ,
b1110000010111010001100100011111 -
b10000100101011011010010110101111 0
b11101011101011110111001101110000 1
b1010000 3
b110101000001111110010001000110 G
b11010001000011010111011011110111 H
b11001100010011101010000001001 I
b1010010110110110010001101010001 J
b100001000100000000100101100100110010010011000101000111011001 L
b110101000001111110010001000110 /
b1101010111110011110111110000101 7
b100010111001010001111101101000 6
b1110000010111010001100100011111 D
b1111011010100100101101001010000 C
b110010010011000101000111011001 O
b1110000010111010001100100011111 M
b1111011010100100101101001010000 N
b11011101000110101110000010010111 8
b10001101110111110000111011101101 9
#840000
0#
0:
#845000
1#
1:
b1010001 2
b11011101000110101110000010010111 ,
b10001101110111110000111011101101 -
b100010111001010001111101101000 0
b1101010111110011110111110000101 1
b1010001 3
b110010010011000101000111011001 G
b110101000001111110010001000110 H
b1111011010100100101101001010000 I
b1110000010111010001100100011111 J
b11011000100000111000001000011111001000110110101011111110110000 L
b110010010011000101000111011001 /
b11101010010001000110101110011010 7
b11000001000111001001100100100001 6
b10001101110111110000111011101101 D
b11011101000110101110000010010111 C
b11001000110110101011111110110000 O
b10001101110111110000111011101101 M
b11011101000110101110000010010111 N
b111110111000110110011011011110 8
b10101011011000010000010010111011 9
#850000
0#
0:
#855000
1#
1:
b1010010 2
b111110111000110110011011011110 ,
b10101011011000010000010010111011 -
b11000001000111001001100100100001 0
b11101010010001000110101110011010 1
b1010010 3
b11001000110110101011111110110000 G
b110010010011000101000111011001 H
b11011101000110101110000010010111 I
b10001101110111110000111011101101 J
b111101010001000011101010000000011111000101100110010110111001011 L
b11001000110110101011111110110000 /
b1101001100011101110011110101111 7
b1011111010101000001001011011010 6
b10101011011000010000010010111011 D
b111110111000110110011011011110 C
b11111000101100110010110111001011 O
b10101011011000010000010010111011 M
b111110111000110110011011011110 N
b10100000101010111110110100100101 8
b11001000111000101111101010001001 9
#860000
0#
0:
#865000
1#
1:
b1010011 2
b10100000101010111110110100100101 ,
b11001000111000101111101010001001 -
b1011111010101000001001011011010 0
b1101001100011101110011110101111 1
b1010011 3
b11111000101100110010110111001011 G
b11001000110110101011111110110000 H
b111110111000110110011011011110 I
b10101011011000010000010010111011 J
b10101000011001101110110000100111000001110101011001110000101010 L
b11111000101100110010110111001011 /
b11101000110110010110001111000100 7
b11111101100010111000110010010011 6
b11001000111000101111101010001001 D
b10100000101010111110110100100101 C
b11000001110101011001110000101010 O
b11001000111000101111101010001001 M
b10100000101010111110110100100101 N
b10011101000111001101101100 8
b11100110011001001111000001010111 9
#870000
0#
0:
#875000
1#
1:
b1010100 2
b10011101000111001101101100 ,
b11100110011001001111000001010111 -
b11111101100010111000110010010011 0
b11101000110110010110001111000100 1
b1010100 3
b11000001110101011001110000101010 G
b11111000101100110010110111001011 H
b10100000101010111110110100100101 I
b11001000111000101111101010001001 J
b111111000010100110001100100101000100100010000100000101011001101 L
b11000001110101011001110000101010 /
b1101000001000111101111111011001 7
b10011011110000110000011001001100 6
b11100110011001001111000001010111 D
b10011101000111001101101100 C
b100100010000100000101011001101 O
b11100110011001001111000001010111 M
b10011101000111001101101100 N
b1100100001111001111100110110011 8
b11111001101110011000100101 9
#880000
0#
0:
#885000
1#
1:
b1010101 2
b1100100001111001111100110110011 ,
b11111001101110011000100101 -
b10011011110000110000011001001100 0
b1101000001000111101111111011001 1
b1010101 3
b100100010000100000101011001101 G
b11000001110101011001110000101010 H
b10011101000111001101101100 I
b11100110011001001111000001010111 J
b1000110101100101110111111000011111111110000111100110110100 L
b100100010000100000101011001101 /
b11100111011011100101101111101110 7
b111001111110101000000000000101 6
b11111001101110011000100101 D
b1100100001111001111100110110011 C
b11111111110000111100110110100 O
b11111001101110011000100101 M
b1100100001111001111100110110011 N
b11000110000001010111111111111010 8
b100001011010001101101111110011 9
#890000
0#
0:
#895000
1#
1:
b1010110 2
b11000110000001010111111111111010 ,
b100001011010001101101111110011 -
b111001111110101000000000000101 0
b11100111011011100101101111101110 1
b1010110 3
b11111111110000111100110110100 G
b100100010000100000101011001101 H
b1100100001111001111100110110011 I
b11111001101110011000100101 J
b110000111000111111101001010110100111110001110100011011111 L
b11111111110000111100110110100 /
b1100110101110001101100000000011 7
b11011000001100011111100110111110 6
b100001011010001101101111110011 D
b11000110000001010111111111111010 C
b10110100111110001110100011011111 O
b100001011010001101101111110011 M
b11000110000001010111111111111010 N
b100111110011100000011001000001 8
b111110111010101101000111000001 9
#900000
0#
0:
#905000
1#
1:
b1010111 2
b100111110011100000011001000001 ,
b111110111010101101000111000001 -
b11011000001100011111100110111110 0
b1100110101110001101100000000011 1
b1010111 3
b10110100111110001110100011011111 G
b11111111110000111100110110100 H
b11000110000001010111111111111010 I
b100001011010001101101111110011 J
b1100111010111110100011101110111100011010000110101100001001110 L
b10110100111110001110100011011111 /
b11100110000000110101010000011000 7
b1110110011010010111001101110111 6
b111110111010101101000111000001 D
b100111110011100000011001000001 C
b11100011010000110101100001001110 O
b111110111010101101000111000001 M
b100111110011100000011001000001 N
b10001001100101101000110010001000 8
b1011100011011001100011110001111 9
#910000
0#
0:
#915000
1#
1:
b1011000 2
b10001001100101101000110010001000 ,
b1011100011011001100011110001111 -
b1110110011010010111001101110111 0
b11100110000000110101010000011000 1
b1011000 3
b11100011010000110101100001001110 G
b10110100111110001110100011011111 H
b100111110011100000011001000001 I
b111110111010101101000111000001 J
b100111001000011010000111001010101010110101111100100000000001 L
b11100011010000110101100001001110 /
b1100101010011011101000000101101 7
b10100101000001110110100110000 6
b1011100011011001100011110001111 D
b10001001100101101000110010001000 C
b10101010110101111100100000000001 O
b1011100011011001100011110001111 M
b10001001100101101000110010001000 N
b11101011010111110001001011001111 8
b1111001111011101011110101011101 9
#920000
0#
0:
#925000
1#
1:
b1011001 2
b11101011010111110001001011001111 ,
b1111001111011101011110101011101 -
b10100101000001110110100110000 0
b1100101010011011101000000101101 1
b1011001 3
b10101010110101111100100000000001 G
b11100011010000110101100001001110 H
b10001001100101101000110010001000 I
b1011100011011001100011110001111 J
b11000110101100100100010100010100001011101101100011011111111000 L
b10101010110101111100100000000001 /
b11100100100110000100110001000010 7
b10110010110110000110011011101001 6
b1111001111011101011110101011101 D
b11101011010111110001001011001111 C
b1011101101100011011111111000 O
b1111001111011101011110101011101 M
b11101011010111110001001011001111 N
b1001101001001111001100100010110 8
b10010111011100001011001100101011 9
#930000
0#
0:
#935000
1#
1:
b1011010 2
b1001101001001111001100100010110 ,
b10010111011100001011001100101011 -
b10110010110110000110011011101001 0
b11100100100110000100110001000010 1
b1011010 3
b1011101101100011011111111000 G
b10101010110101111100100000000001 H
b11101011010111110001001011001111 I
b1111001111011101011110101011101 J
b111000000011011011100000110001000000101110111101010100000110011 L
b1011101101100011011111111000 /
b1100011111000101100100001010111 7
b1010001000011111110000010100010 6
b10010111011100001011001100101011 D
b1001101001001111001100100010110 C
b101110111101010100000110011 O
b10010111011100001011001100101011 M
b1001101001001111001100100010110 N
b10101110111100000001111101011101 8
b10110100111100101010100011111001 9
#940000
0#
0:
#945000
1#
1:
b1011011 2
b10101110111100000001111101011101 ,
b10110100111100101010100011111001 -
b1010001000011111110000010100010 0
b1100011111000101100100001010111 1
b1011011 3
b101110111101010100000110011 G
b1011101101100011011111111000 H
b1001101001001111001100100010110 I
b10010111011100001011001100101011 J
b10110110100100010100101001111010011001010100010001100010110010 L
b101110111101010100000110011 /
b11100011001011010100010001101100 7
b11101111010001110101101001011011 6
b10110100111100101010100011111001 D
b10101110111100000001111101011101 C
b10011001010100010001100010110010 O
b10110100111100101010100011111001 M
b10101110111100000001111101011101 N
b10000101110001010010110100100 8
b11010010011101001001111011000111 9
#950000
0#
0:
#955000
1#
1:
b1011100 2
b10000101110001010010110100100 ,
b11010010011101001001111011000111 -
b11101111010001110101101001011011 0
b11100011001011010100010001101100 1
b1011100 3
b10011001010100010001100010110010 G
b101110111101010100000110011 H
b10101110111100000001111101011101 I
b10110100111100101010100011111001 J
b111101110100110101010001000001011000110000011011000100101110101 L
b10011001010100010001100010110010 /
b1100010011101111100000010000001 7
b10001101011111101101010000010100 6
b11010010011101001001111011000111 D
b10000101110001010010110100100 C
b11000110000011011000100101110101 O
b11010010011101001001111011000111 M
b10000101110001010010110100100 N
b1110010100000010010101111101011 8
b11101111111101101001010010010101 9
#960000
0#
0:
#965000
1#
1:
b1011101 2
b1110010100000010010101111101011 ,
b11101111111101101001010010010101 -
b10001101011111101101010000010100 0
b1100010011101111100000010000001 1
b1011101 3
b11000110000011011000100101110101 G
b10011001010100010001100010110010 H
b10000101110001010010110100100 I
b11010010011101001001111011000111 J
b110110111111000101011110101010001100000100111111101001111100 L
b11000110000011011000100101110101 /
b11100001110000100011110010010110 7
b101011101101100100110111001101 6
b11101111111101101001010010010101 D
b1110010100000010010101111101011 C
b10001100000100111111101001111100 O
b11101111111101101001010010010101 M
b1110010100000010010101111101011 N
b11010100010010011011001000110010 8
b1101011110001000101001100011 9
#970000
0#
0:
#975000
1#
1:
b1011110 2
b11010100010010011011001000110010 ,
b1101011110001000101001100011 -
b101011101101100100110111001101 0
b11100001110000100011110010010110 1
b1011110 3
b10001100000100111111101001111100 G
b11000110000011011000100101110101 H
b1110010100000010010101111101011 I
b11101111111101101001010010010101 J
b110101101010100111000101001010111101011011001000110101111000111 L
b10001100000100111111101001111100 /
b1100001000011001011100010101011 7
b11001001111011011100011110000110 6
b1101011110001000101001100011 D
b11010100010010011011001000110010 C
b11101011011001000110101111000111 O
b1101011110001000101001100011 M
b11010100010010011011001000110010 N
b110110000100100011100001111001 8
b101010111110101000000000110001 9
#980000
0#
0:
#985000
1#
1:
b1011111 2
b110110000100100011100001111001 ,
b101010111110101000000000110001 -
b11001001111011011100011110000110 0
b1100001000011001011100010101011 1
b1011111 3
b11101011011001000110101111000111 G
b10001100000100111111101001111100 H
b11010100010010011011001000110010 I
b1101011110001000101001100011 J
b101100101011101100110101100111100011111111101101110101010110 L
b11101011011001000110101111000111 /
b11100000010101110011010011000000 7
b1101000001001010100000100111111 6
b101010111110101000000000110001 D
b110110000100100011100001111001 C
b11100011111111101101110101010110 O
b101010111110101000000000110001 M
b110110000100100011100001111001 N
b10010111110110101011111011000000 8
b1001000011111000111010111111111 9
#990000
0#
0:
#995000
1#
1:
b1100000 2
b10010111110110101011111011000000 ,
b1001000011111000111010111111111 -
b1101000001001010100000100111111 0
b11100000010101110011010011000000 1
b1100000 3
b11100011111111101101110101010110 G
b11101011011001000110101111000111 H
b110110000100100011100001111001 I
b101010111110101000000000110001 J
b100100010011111001100010001001110101111000110100111100101001 L
b11100011111111101101110101010110 /
b1011111101000011011000011010101 7
b110010111001011101011111000 6
b1001000011111000111010111111111 D
b10010111110110101011111011000000 C
b1110101111000110100111100101001 O
b1001000011111000111010111111111 M
b10010111110110101011111011000000 N
b11111001101000110100010100000111 8
b1100101111111100110101111001101 9
#1000000
0#
0:
#1005000
1#
1:
b1100001 2
b11111001101000110100010100000111 ,
b1100101111111100110101111001101 -
b110010111001011101011111000 0
b1011111101000011011000011010101 1
b1100001 3
b1110101111000110100111100101001 G
b11100011111111101101110101010110 H
b10010111110110101011111011000000 I
b1001000011111000111010111111111 J
b10101011111111010110011001100010100001000100011100000101000000 L
b1110101111000110100111100101001 /
b11011110111011000010110011101010 7
b10100100100101000011010010110001 6
b1100101111111100110101111001101 D
b11111001101000110100010100000111 C
b10100001000100011100000101000000 O
b1100101111111100110101111001101 M
b11111001101000110100010100000111 N
b1011011011010111100101101001110 8
b10000011100000000110000110011011 9
#1010000
0#
0:
#1015000
1#
1:
b1100010 2
b1011011011010111100101101001110 ,
b10000011100000000110000110011011 -
b10100100100101000011010010110001 0
b11011110111011000010110011101010 1
b1100010 3
b10100001000100011100000101000000 G
b1110101111000110100111100101001 H
b11111001101000110100010100000111 I
b1100101111111100110101111001101 J
b110001101110101100000110101100101100101100010100011001110011011 L
b10100001000100011100000101000000 /
b1011110001101101010100011111111 7
b1000010110010111010111001101010 6
b10000011100000000110000110011011 D
b1011011011010111100101101001110 C
b1100101100010100011001110011011 O
b10000011100000000110000110011011 M
b1011011011010111100101101001110 N
b10111101001101000101000110010101 8
b10100001000000100101011101101001 9
#1020000
0#
0:
#1025000
1#
1:
b1100011 2
b10111101001101000101000110010101 ,
b10100001000000100101011101101001 -
b1000010110010111010111001101010 0
b1011110001101101010100011111111 1
b1100011 3
b1100101100010100011001110011011 G
b10100001000100011100000101000000 H
b1011011011010111100101101001110 I
b10000011100000000110000110011011 J
b10111011110110000000011100100111000011010011001010011000111010 L
b1100101100010100011001110011011 /
b11011101100000010010010100010100 7
b11100001000000110010100000100011 6
b10100001000000100101011101101001 D
b10111101001101000101000110010101 C
b11000011010011001010011000111010 O
b10100001000000100101011101101001 M
b10111101001101000101000110010101 N
b11110111111001101011111011100 8
b10111110100001000100110100110111 9
#1030000
0#
0:
#1035000
1#
1:
b1100100 2
b11110111111001101011111011100 ,
b10111110100001000100110100110111 -
b11100001000000110010100000100011 0
b11011101100000010010010100010100 1
b1100100 3
b11000011010011001010011000111010 G
b1100101100010100011001110011011 H
b10111101001101000101000110010101 I
b10100001000000100101011101101001 J
b111011011111111101000100101000110111010010110010001100100011101 L
b11000011010011001010011000111010 /
b1011100110010111010000100101001 7
b1111111001110101010000111011100 6
b10111110100001000100110100110111 D
b11110111111001101011111011100 C
b10111010010110010001100100011101 O
b10111110100001000100110100110111 M
b11110111111001101011111011100 N
b10000000110001010101111000100011 8
b11011100000001100100001100000101 9
#1040000
0#
0:
#1045000
1#
1:
b1100101 2
b10000000110001010101111000100011 ,
b11011100000001100100001100000101 -
b1111111001110101010000111011100 0
b1011100110010111010000100101001 1
b1100101 3
b10111010010110010001100100011101 G
b11000011010011001010011000111010 H
b11110111111001101011111011100 I
b10111110100001000100110100110111 J
b1011100001111101010111110110101001010101011111000110001000100 L
b10111010010110010001100100011101 /
b11011100000101100001110100111110 7
b11101011100100001101110010101 6
b11011100000001100100001100000101 D
b10000000110001010101111000100011 C
b1001010101011111000110001000100 O
b11011100000001100100001100000101 M
b10000000110001010101111000100011 N
b11100010100011011110010001101010 8
b11111001100010000011100011010011 9
#1050000
0#
0:
#1055000
1#
1:
b1100110 2
b11100010100011011110010001101010 ,
b11111001100010000011100011010011 -
b11101011100100001101110010101 0
b11011100000101100001110100111110 1
b1100110 3
b1001010101011111000110001000100 G
b10111010010110010001100100011101 H
b10000000110001010101111000100011 I
b11011100000001100100001100000101 J
b110111010101100110000110011110001110100010011111111111110101111 L
b1001010101011111000110001000100 /
b1011011011000001001100101010011 7
b10111011101010011001010101001110 6
b11111001100010000011100011010011 D
b11100010100011011110010001101010 C
b1110100010011111111111110101111 O
b11111001100010000011100011010011 M
b11100010100011011110010001101010 N
b1000100010101100110101010110001 8
b10111000010100010111010100001 9
#1060000
0#
0:
#1065000
1#
1:
b1100111 2
b1000100010101100110101010110001 ,
b10111000010100010111010100001 -
b10111011101010011001010101001110 0
b1011011011000001001100101010011 1
b1100111 3
b1110100010011111111111110101111 G
b1001010101011111000110001000100 H
b11100010100011011110010001101010 I
b11111001100010000011100011010011 J
b1101110011010100100100001101011000110111001110100111001101011110 L
b1110100010011111111111110101111 /
b11011010101010110001010101101000 7
b1011001111000010000111100000111 6
b10111000010100010111010100001 D
b1000100010101100110101010110001 C
b110111001110100111001101011110 O
b10111000010100010111010100001 M
b1000100010101100110101010110001 N
b10100110000111101111000011111000 8
b110100100011000010010001101111 9
#1070000
0#
0:
#1075000
1#
1:
b1101000 2
b10100110000111101111000011111000 ,
b110100100011000010010001101111 -
b1011001111000010000111100000111 0
b11011010101010110001010101101000 1
b1101000 3
b110111001110100111001101011110 G
b1110100010011111111111110101111 H
b1000100010101100110101010110001 I
b10111000010100010111010100001 J
b11000100110011110110110100010010011011011101110011101010001 L
b110111001110100111001101011110 /
b1011001111101011001000101111101 7
b11111000000110001000100011000000 6
b110100100011000010010001101111 D
b10100110000111101111000011111000 C
b10010011011011101110011101010001 O
b110100100011000010010001101111 M
b10100110000111101111000011111000 N
b111111001110111011100111111 8
b1010010000011100001101000111101 9
#1080000
0#
0:
#1085000
1#
1:
b1101001 2
b111111001110111011100111111 ,
b1010010000011100001101000111101 -
b11111000000110001000100011000000 0
b1011001111101011001000101111101 1
b1101001 3
b10010011011011101110011101010001 G
b110111001110100111001101011110 H
b10100110000111101111000011111000 I
b110100100011000010010001101111 J
b10001000011001001110011000001010001000111011010101101110001000 L
b10010011011011101110011101010001 /
b11011001010000000000110110010010 7
b10010110010100000000001001111001 6
b1010010000011100001101000111101 D
b111111001110111011100111111 C
b10001000111011010101101110001000 O
b1010010000011100001101000111101 M
b111111001110111011100111111 N
b1101001101011111111110110000110 8
b1101111100100000001000000001011 9
#1090000
0#
0:
#1095000
1#
1:
b1101010 2
b1101001101011111111110110000110 ,
b1101111100100000001000000001011 -
b10010110010100000000001001111001 0
b11011001010000000000110110010010 1
b1101010 3
b10001000111011010101101110001000 G
b10010011011011101110011101010001 H
b111111001110111011100111111 I
b1010010000011100001101000111101 J
b1010001000100100111010101000010111101101011101000000000011 L
b10001000111011010101101110001000 /
b1011000100010101000100110100111 7
b110100100001110111110000110010 6
b1101111100100000001000000001011 D
b1101001101011111111110110000110 C
b10111101101011101000000000011 O
b1101111100100000001000000001011 M
b1101001101011111111110110000110 N
b11001011011110001000001111001101 8
b10001101000100100000010111011001 9
#1100000
0#
0:
#1105000
1#
1:
b1101011 2
b11001011011110001000001111001101 ,
b10001101000100100000010111011001 -
b110100100001110111110000110010 0
b1011000100010101000100110100111 1
b1101011 3
b10111101101011101000000000011 G
b10001000111011010101101110001000 H
b1101001101011111111110110000110 I
b1101111100100000001000000001011 J
b10111000001110110010001000101100111111110010000100010011000010 L
b10111101101011101000000000011 /
b11010111110101010000010110111100 7
b11010010101111101111010111101011 6
b10001101000100100000010111011001 D
b11001011011110001000001111001101 C
b111111110010000100010011000010 O
b10001101000100100000010111011001 M
b11001011011110001000001111001101 N
b101101010000010000101000010100 8
b10101010100100111111101110100111 9
#1110000
0#
0:
#1115000
1#
1:
b1101100 2
b101101010000010000101000010100 ,
b10101010100100111111101110100111 -
b11010010101111101111010111101011 0
b11010111110101010000010110111100 1
b1101100 3
b111111110010000100010011000010 G
b10111101101011101000000000011 H
b11001011011110001000001111001101 I
b10001101000100100000010111011001 J
b111000000011111101100111011011100000001001001001011100111000101 L
b111111110010000100010011000010 /
b1010111000111111000000111010001 7
b1110000111101100110111110100100 6
b10101010100100111111101110100111 D
b101101010000010000101000010100 C
b1001001001011100111000101 O
b10101010100100111111101110100111 M
b101101010000010000101000010100 N
b10001111000010011001000001011011 8
b11001000000101011111000101110101 9
#1120000
0#
0:
#1125000
1#
1:
b1101101 2
b10001111000010011001000001011011 ,
b11001000000101011111000101110101 -
b1110000111101100110111110100100 0
b1010111000111111000000111010001 1
b1101101 3
b1001001001011100111000101 G
b111111110010000100010011000010 H
b101101010000010000101000010100 I
b10101010100100111111101110100111 J
b1111000100111010110011000011001011011110010110010111100001100 L
b1001001001011100111000101 /
b11010110011010011111110111100110 7
b1111001011011110100101011101 6
b11001000000101011111000101110101 D
b10001111000010011001000001011011 C
b1011011110010110010111100001100 O
b11001000000101011111000101110101 M
b10001111000010011001000001011011 N
b11110000110100100001011010100010 8
b11100101100101111110011101000011 9
#1130000
0#
0:
#1135000
1#
1:
b1101110 2
b11110000110100100001011010100010 ,
b11100101100101111110011101000011 -
b1111001011011110100101011101 0
b11010110011010011111110111100110 1
b1101110 3
b1011011110010110010111100001100 G
b1001001001011100111000101 H
b10001111000010011001000001011011 I
b11001000000101011111000101110101 J
b110111111001011101110110111100101001111101110111010010010010111 L
b1011011110010110010111100001100 /
b1010101101101000111100111111011 7
b10101101011001010110001100010110 6
b11100101100101111110011101000011 D
b11110000110100100001011010100010 C
b1001111101110111010010010010111 O
b11100101100101111110011101000011 M
b11110000110100100001011010100010 N
b1010010100110101001110011101001 8
b11000110011101110100010001 9
#1140000
0#
0:
#1145000
1#
1:
b1101111 2
b1010010100110101001110011101001 ,
b11000110011101110100010001 -
b10101101011001010110001100010110 0
b1010101101101000111100111111011 1
b1101111 3
b1001111101110111010010010010111 G
b1011011110010110010111100001100 H
b11110000110100100001011010100010 I
b11100101100101111110011101000011 J
b1101011111111010110100111011011011011100111101100001101001100110 L
b1001111101110111010010010010111 /
b11010100111111101111011000010000 7
b1001011100111001101110011001111 6
b11000110011101110100010001 D
b1010010100110101001110011101001 C
b11011100111101100001101001100110 O
b11000110011101110100010001 M
b1010010100110101001110011101001 N
b10110100011000110010001100110000 8
b100000100110111101001011011111 9
#1150000
0#
0:
#1155000
1#
1:
b1110000 2
b10110100011000110010001100110000 ,
b100000100110111101001011011111 -
b1001011100111001101110011001111 0
b11010100111111101111011000010000 1
b1110000 3
b11011100111101100001101001100110 G
b1001111101110111010010010010111 H
b1010010100110101001110011101001 I
b11000110011101110100010001 J
b100000000001010000100010100000011011110101001000001111001 L
b11011100111101100001101001100110 /
b1010100010010010111001000100101 7
b11101001110101000101011010001000 6
b100000100110111101001011011111 D
b10110100011000110010001100110000 C
b11011110101001000001111001 O
b100000100110111101001011011111 M
b10110100011000110010001100110000 N
b10110001010111010100101110111 8
b111110000111011100100010101101 9
#1160000
0#
0:
#1165000
1#
1:
b1110001 2
b10110001010111010100101110111 ,
b111110000111011100100010101101 -
b11101001110101000101011010001000 0
b1010100010010010111001000100101 1
b1110001 3
b11011110101001000001111001 G
b11011100111101100001101001100110 H
b10110100011000110010001100110000 I
b100000100110111101001011011111 J
b1011011111010001100010000001011000011010010010000011011010000 L
b11011110101001000001111001 /
b11010011100100111110111000111010 7
b10001000000010111101000001000001 6
b111110000111011100100010101101 D
b10110001010111010100101110111 C
b11000011010010010000011011010000 O
b111110000111011100100010101101 M
b10110001010111010100101110111 N
b1110111111101000010111110111110 8
b1011011100111111011111001111011 9
#1170000
0#
0:
#1175000
1#
1:
b1110010 2
b1110111111101000010111110111110 ,
b1011011100111111011111001111011 -
b10001000000010111101000001000001 0
b11010011100100111110111000111010 1
b1110010 3
b11000011010010010000011011010000 G
b11011110101001000001111001 H
b10110001010111010100101110111 I
b111110000111011100100010101101 J
b10101100001001001110101111000011100011000010111110101101011 L
b11000011010010010000011011010000 /
b1010010110111100110101001001111 7
b100110010000110100100111111010 6
b1011011100111111011111001111011 D
b1110111111101000010111110111110 C
b11100011000010111110101101011 O
b1011011100111111011111001111011 M
b1110111111101000010111110111110 N
b11011001101111001011011000000101 8
b1111001001000011011010001001001 9
#1180000
0#
0:
#1185000
1#
1:
b1110011 2
b11011001101111001011011000000101 ,
b1111001001000011011010001001001 -
b100110010000110100100111111010 0
b1010010110111100110101001001111 1
b1110011 3
b11100011000010111110101101011 G
b11000011010010010000011011010000 H
b1110111111101000010111110111110 I
b1011011100111111011111001111011 J
b10101011101110101001101110001100001110110000111111010001001010 L
b11100011000010111110101101011 /
b11010010001010001110011001100100 7
b11000100011110101100001110110011 6
b1111001001000011011010001001001 D
b11011001101111001011011000000101 C
b1110110000111111010001001010 O
b1111001001000011011010001001001 M
b11011001101111001011011000000101 N
b111011100001010011110001001100 8
b10010110101000111010101000010111 9
#1190000
0#
0:
#1195000
1#
1:
b1110100 2
b111011100001010011110001001100 ,
b10010110101000111010101000010111 -
b11000100011110101100001110110011 0
b11010010001010001110011001100100 1
b1110100 3
b1110110000111111010001001010 G
b11100011000010111110101101011 H
b11011001101111001011011000000101 I
b1111001001000011011010001001001 J
b110011100000110110111001011001010011010011100000110101101101101 L
b1110110000111111010001001010 /
b1010001011100110110001001111001 7
b1100010101100100011110101101100 6
b10010110101000111010101000010111 D
b111011100001010011110001001100 C
b10011010011100000110101101101101 O
b10010110101000111010101000010111 M
b111011100001010011110001001100 N
b10011101010011011100001010010011 8
b10110100001001011001111111100101 9
#1200000
0#
0:
#1205000
1#
1:
b1110101 2
b10011101010011011100001010010011 ,
b10110100001001011001111111100101 -
b1100010101100100011110101101100 0
b1010001011100110110001001111001 1
b1110101 3
b10011010011100000110101101101101 G
b1110110000111111010001001010 H
b111011100001010011110001001100 I
b10010110101000111010101000010111 J
b10001100000110000111101011010110111111011001101110001011010100 L
b10011010011100000110101101101101 /
b11010000101111011101111010001110 7
b111010011011011100100101 6
b10110100001001011001111111100101 D
b10011101010011011100001010010011 C
b10111111011001101110001011010100 O
b10110100001001011001111111100101 M
b10011101010011011100001010010011 N
b11111111000101100100100011011010 8
b11010001101001111001010110110011 9
#1210000
0#
0:
#1215000
1#
1:
b1110110 2
b11111111000101100100100011011010 ,
b11010001101001111001010110110011 -
b111010011011011100100101 0
b11010000101111011101111010001110 1
b1110110 3
b10111111011001101110001011010100 G
b10011010011100000110101101101101 H
b10011101010011011100001010010011 I
b10110100001001011001111111100101 J
b110111010110001110010110100110001111101101001110101101001111111 L
b10111111011001101110001011010100 /
b1010000000010000101101010100011 7
b10011111001000010011000011011110 6
b11010001101001111001010110110011 D
b11111111000101100100100011011010 C
b1111101101001110101101001111111 O
b11010001101001111001010110110011 M
b11111111000101100100100011011010 N
b1100000110111101100111100100001 8
b11101111001010011000101110000001 9
#1220000
0#
0:
#1225000
1#
1:
b1110111 2
b1100000110111101100111100100001 ,
b11101111001010011000101110000001 -
b10011111001000010011000011011110 0
b1010000000010000101101010100011 1
b1110111 3
b1111101101001110101101001111111 G
b10111111011001101110001011010100 H
b11111111000101100100100011011010 I
b11010001101001111001010110110011 J
b1101000011101000001011100010110111010101001100011101001001101110 L
b1111101101001110101101001111111 /
b11001111010100101101011010111000 7
b111101010110001010101010010111 6
b11101111001010011000101110000001 D
b1100000110111101100111100100001 C
b11010101001100011101001001101110 O
b11101111001010011000101110000001 M
b1100000110111101100111100100001 N
b11000010101001110101010101101000 8
b1100101010111000000101001111 9
#1230000
0#
0:
#1235000
1#
1:
b1111000 2
b11000010101001110101010101101000 ,
b1100101010111000000101001111 -
b111101010110001010101010010111 0
b11001111010100101101011010111000 1
b1111000 3
b11010101001100011101001001101110 G
b1111101101001110101101001111111 H
b1100000110111101100111100100001 I
b11101111001010011000101110000001 J
b101101001111111101110111101100011000110000001100100101010100001 L
b11010101001100011101001001101110 /
b1001110100111010101001011001101 7
b11011011100100000010010001010000 6
b1100101010111000000101001111 D
b11000010101001110101010101101000 C
b11000110000001100100101010100001 O
b1100101010111000000101001111 M
b11000010101001110101010101101000 N
b100100011011111101101110101111 8
b101010001011010111011100011101 9
#1240000
0#
0:
#1245000
1#
1:
b1111001 2
b100100011011111101101110101111 ,
b101010001011010111011100011101 -
b11011011100100000010010001010000 0
b1001110100111010101001011001101 1
b1111001 3
b11000110000001100100101010100001 G
b11010101001100011101001001101110 H
b11000010101001110101010101101000 I
b1100101010111000000101001111 J
b100110100010010000000001100101010000001001001100001100011000 L
b11000110000001100100101010100001 /
b11001101111001111100111011100010 7
b1111001110001111001111000001001 6
b101010001011010111011100011101 D
b100100011011111101101110101111 C
b1010000001001001100001100011000 O
b101010001011010111011100011101 M
b100100011011111101101110101111 N
b10000110001110000110000111110110 8
b1000111101011110110110011101011 9
#1250000
0#
0:
#1255000
1#
1:
b1111010 2
b10000110001110000110000111110110 ,
b1000111101011110110110011101011 -
b1111001110001111001111000001001 0
b11001101111001111100111011100010 1
b1111010 3
b1010000001001001100001100011000 G
b11000110000001100100101010100001 H
b100100011011111101101110101111 I
b101010001011010111011100011101 J
b11000000000110100101010100001110011100011010011101111010011 L
b1010000001001001100001100011000 /
b1001101001100100100101011110111 7
b10111111111110001011111000010 6
b1000111101011110110110011101011 D
b10000110001110000110000111110110 C
b1110011100011010011101111010011 O
b1000111101011110110110011101011 M
b10000110001110000110000111110110 N
b11101000000000001110100000111101 8
b1100101001100010110001010111001 9
#1260000
0#
0:
#1265000
1#
1:
b1111011 2
b11101000000000001110100000111101 ,
b1100101001100010110001010111001 -
b10111111111110001011111000010 0
b1001101001100100100101011110111 1
b1111011 3
b1110011100011010011101111010011 G
b1010000001001001100001100011000 H
b10000110001110000110000111110110 I
b1000111101011110110110011101011 J
b10010110010101100111001101000100110000001111111011010011010010 L
b1110011100011010011101111010011 /
b11001100011111001100011100001100 7
b10110110001101101001000101111011 6
b1100101001100010110001010111001 D
b11101000000000001110100000111101 C
b110000001111111011010011010010 O
b1100101001100010110001010111001 M
b11101000000000001110100000111101 N
b1001001110010010110111010000100 8
b10000010101100110101100010000111 9
#1270000
0#
0:
#1275000
1#
1:
b1111100 2
b1001001110010010110111010000100 ,
b10000010101100110101100010000111 -
b10110110001101101001000101111011 0
b11001100011111001100011100001100 1
b1111100 3
b110000001111111011010011010010 G
b1110011100011010011101111010011 H
b11101000000000001110100000111101 I
b1100101001100010110001010111001 J
b101101110110101000111010100010010000110001111000010111000010101 L
b110000001111111011010011010010 /
b1001011110001110100001100100001 7
b1010100011011100000101100110100 6
b10000010101100110101100010000111 D
b1001001110010010110111010000100 C
b10000110001111000010111000010101 O
b10000010101100110101100010000111 M
b1001001110010010110111010000100 N
b10101011100100011111010011001011 8
b10100000001101010100111001010101 9
#1280000
0#
0:
#1285000
1#
1:
b1111101 2
b10101011100100011111010011001011 ,
b10100000001101010100111001010101 -
b1010100011011100000101100110100 0
b1001011110001110100001100100001 1
b1111101 3
b10000110001111000010111000010101 G
b110000001111111011010011010010 H
b1001001110010010110111010000100 I
b10000010101100110101100010000111 J
b10010110101011111110110111101101110101100000101010011110011100 L
b10000110001111000010111000010101 /
b11001011000100011011111100110110 7
b11110010101001011000010011101101 6
b10100000001101010100111001010101 D
b10101011100100011111010011001011 C
b1110101100000101010011110011100 O
b10100000001101010100111001010101 M
b10101011100100011111010011001011 N
b1101010110100111101100010010 8
b10111101101101110100010000100011 9
#1290000
0#
0:
#1295000
1#
1:
b1111110 2
b1101010110100111101100010010 ,
b10111101101101110100010000100011 -
b11110010101001011000010011101101 0
b11001011000100011011111100110110 1
b1111110 3
b1110101100000101010011110011100 G
b10000110001111000010111000010101 H
b10101011100100011111010011001011 I
b10100000001101010100111001010101 J
b110101101011110111100101011010111111110000100110010000101100111 L
b1110101100000101010011110011100 /
b1001010010111000011101101001011 7
b10010000110111001111111010100110 6
b10111101101101110100010000100011 D
b1101010110100111101100010010 C
b11111110000100110010000101100111 O
b10111101101101110100010000100011 M
b1101010110100111101100010010 N
b1101111001000110000000101011001 8
b11011011001110010011100111110001 9
#1300000
0#
0:
#1305000
1#
1:
b1111111 2
b1101111001000110000000101011001 ,
b11011011001110010011100111110001 -
b10010000110111001111111010100110 0
b1001010010111000011101101001011 1
b1111111 3
b11111110000100110010000101100111 G
b1110101100000101010011110011100 H
b1101010110100111101100010010 I
b10111101101101110100010000100011 J
b100111100101010111000001100000011111111011011001101101110110 L
b11111110000100110010000101100111 /
b11001001101001101011011101100000 7
b101111000101000111100001011111 6
b11011011001110010011100111110001 D
b1101111001000110000000101011001 C
b11111111011011001101101110110 O
b11011011001110010011100111110001 M
b1101111001000110000000101011001 N
b11010000111010111000011110100000 8
b11111000101110110010111110111111 9
#1310000
0#
0:
#1315000
1#
1:
b10000000 2
b11010000111010111000011110100000 ,
b11111000101110110010111110111111 -
b101111000101000111100001011111 0
b11001001101001101011011101100000 1
b10000000 3
b11111111011011001101101110110 G
b11111110000100110010000101100111 H
b1101111001000110000000101011001 I
b11011011001110010011100111110001 J
b101111100101011110010100001100111011011000100100001010111001001 L
b11111111011011001101101110110 /
b1001000111100010011001101110101 7
b11001101010010111111001000011000 6
b11111000101110110010111110111111 D
b11010000111010111000011110100000 C
b11011011000100100001010111001001 O
b11111000101110110010111110111111 M
b11010000111010111000011110100000 N
b110010101101000000110111100111 8
b10110001111010010010110001101 9
#1320000
0#
0:
#1325000
1#
1:
b10000001 2
b110010101101000000110111100111 ,
b10110001111010010010110001101 -
b11001101010010111111001000011000 0
b1001000111100010011001101110101 1
b10000001 3
b11011011000100100001010111001001 G
b11111111011011001101101110110 H
b11010000111010111000011110100000 I
b11111000101110110010111110111111 J
b1100101011111100111011100110011000101111100000001001000001100000 L
b11011011000100100001010111001001 /
b11001000001110111010111110001010 7
b1101011100000110110101111010001 6
b10110001111010010010110001101 D
b110010101101000000110111100111 C
b101111100000001001000001100000 O
b10110001111010010010110001101 M
b110010101101000000110111100111 N
b10010100011111001001010000101110 8
b110011101111110001101101011011 9
#1330000
0#
0:
#1335000
1#
1:
b10000010 2
b10010100011111001001010000101110 ,
b110011101111110001101101011011 -
b1101011100000110110101111010001 0
b11001000001110111010111110001010 1
b10000010 3
b101111100000001001000001100000 G
b11011011000100100001010111001001 H
b110010101101000000110111100111 I
b10110001111010010010110001101 J
b10001100111100101011000100100011101001110010000101100111011 L
b101111100000001001000001100000 /
b1000111100001100010101110011111 7
b1001101110101110010110001010 6
b110011101111110001101101011011 D
b10010100011111001001010000101110 C
b11101001110010000101100111011 O
b110011101111110001101101011011 M
b10010100011111001001010000101110 N
b11110110010001010001101001110101 8
b1010001010000010001000100101001 9
#1340000
0#
0:
#1345000
1#
1:
b10000011 2
b11110110010001010001101001110101 ,
b1010001010000010001000100101001 -
b1001101110101110010110001010 0
b1000111100001100010101110011111 1
b10000011 3
b11101001110010000101100111011 G
b101111100000001001000001100000 H
b10010100011111001001010000101110 I
b110011101111110001101101011011 J
b1111000000011101010100101010110100100001110111000011001011010 L
b11101001110010000101100111011 /
b11000110110100001010011110110100 7
b10100111111100100101111101000011 6
b1010001010000010001000100101001 D
b11110110010001010001101001110101 C
b10100100001110111000011001011010 O
b1010001010000010001000100101001 M
b11110110010001010001101001110101 N
b1011000000011011010000010111100 8
b1101110110000110000011011110111 9
#1350000
0#
0:
#1355000
1#
1:
b10000100 2
b1011000000011011010000010111100 ,
b1101110110000110000011011110111 -
b10100111111100100101111101000011 0
b11000110110100001010011110110100 1
b10000100 3
b10100100001110111000011001011010 G
b11101001110010000101100111011 H
b11110110010001010001101001110101 I
b1010001010000010001000100101001 J
b100111000101010011101010110110011000100100010000000000110111101 L
b10100100001110111000011001011010 /
b1000110000110110010001111001001 7
b1000110001010011101100011111100 6
b1101110110000110000011011110111 D
b1011000000011011010000010111100 C
b11000100100010000000000110111101 O
b1101110110000110000011011110111 M
b1011000000011011010000010111100 N
b10111001110101100010011100000011 8
b10001100010001001111110011000101 9
#1360000
0#
0:
#1365000
1#
1:
b10000101 2
b10111001110101100010011100000011 ,
b10001100010001001111110011000101 -
b1000110001010011101100011111100 0
b1000110000110110010001111001001 1
b10000101 3
b11000100100010000000000110111101 G
b10100100001110111000011001011010 H
b1011000000011011010000010111100 I
b1101110110000110000011011110111 J
b10011000011000111011111101011101111110000111100111110101100100 L
b11000100100010000000000110111101 /
b11000101011001011001111111011110 7
b11100100011000010101001010110101 6
b10001100010001001111110011000101 D
b10111001110101100010011100000011 C
b1111110000111100111110101100100 O
b10001100010001001111110011000101 M
b10111001110101100010011100000011 N
b11011100111101010110101001010 8
b10101001110001101111001010010011 9
#1370000
0#
0:
#1375000
1#
1:
b10000110 2
b11011100111101010110101001010 ,
b10101001110001101111001010010011 -
b11100100011000010101001010110101 0
b11000101011001011001111111011110 1
b10000110 3
b1111110000111100111110101100100 G
b11000100100010000000000110111101 H
b10111001110101100010011100000011 I
b10001100010001001111110011000101 J
b110010111010011001100011011010111010000111111101111100101001111 L
b1111110000111100111110101100100 /
b1000100101100000001101111110011 7
b10000010100110001100110001101110 6
b10101001110001101111001010010011 D
b11011100111101010110101001010 C
b11010000111111101111100101001111 O
b10101001110001101111001010010011 M
b11011100111101010110101001010 N
b1111101011001110011001110010001 8
b11000111010010001110100001100001 9
#1380000
0#
0:
#1385000
1#
1:
b10000111 2
b1111101011001110011001110010001 ,
b11000111010010001110100001100001 -
b10000010100110001100110001101110 0
b1000100101100000001101111110011 1
b10000111 3
b11010000111111101111100101001111 G
b1111110000111100111110101100100 H
b11011100111101010110101001010 I
b10101001110001101111001010010011 J
b1001001010001001101110100101110111101001010010111010101111110 L
b11010000111111101111100101001111 /
b11000011111110101001100000001000 7
b100000110100000100011000100111 6
b11000111010010001110100001100001 D
b1111101011001110011001110010001 C
b10111101001010010111010101111110 O
b11000111010010001110100001100001 M
b1111101011001110011001110010001 N
b11011111001011111011100111011000 8
b11100100110010101101111000101111 9
#1390000
0#
0:
#1395000
1#
1:
b10001000 2
b11011111001011111011100111011000 ,
b11100100110010101101111000101111 -
b100000110100000100011000100111 0
b11000011111110101001100000001000 1
b10001000 3
b10111101001010010111010101111110 G
b11010000111111101111100101001111 H
b1111101011001110011001110010001 I
b11000111010010001110100001100001 J
b110000110011110111011111111000101000010100111011111000111110001 L
b10111101001010010111010101111110 /
b1000011010001010001010000011101 7
b10111111000001111011111111100000 6
b11100100110010101101111000101111 D
b11011111001011111011100111011000 C
b1000010100111011111000111110001 O
b11100100110010101101111000101111 M
b11011111001011111011100111011000 N
b1000000111110000100000000011111 8
b10010011001101001111111101 9
#1400000
0#
0:
#1405000
1#
1:
b10001001 2
b1000000111110000100000000011111 ,
b10010011001101001111111101 -
b10111111000001111011111111100000 0
b1000011010001010001010000011101 1
b10001001 3
b1000010100111011111000111110001 G
b10111101001010010111010101111110 H
b11011111001011111011100111011000 I
b11100100110010101101111000101111 J
b1100011101110111010111101110000101100001010111000110111010101000 L
b1000010100111011111000111110001 /
b11000010100011111001000000110010 7
b1011101001111110011100110011001 6
b10010011001101001111111101 D
b1000000111110000100000000011111 C
b1100001010111000110111010101000 O
b10010011001101001111111101 M
b1000000111110000100000000011111 N
b10100010110000001100011001100110 8
b11111110011101100100111001011 9
#1410000
0#
0:
#1415000
1#
1:
b10001010 2
b10100010110000001100011001100110 ,
b11111110011101100100111001011 -
b1011101001111110011100110011001 0
b11000010100011111001000000110010 1
b10001010 3
b1100001010111000110111010101000 G
b1000010100111011111000111110001 H
b1000000111110000100000000011111 I
b10010011001101001111111101 J
b10010101011100000000000000011001011001001110101110100011 L
b1100001010111000110111010101000 /
b1000001110110100000110001000111 7
b11111011011101101011001101010010 6
b11111110011101100100111001011 D
b10100010110000001100011001100110 C
b11001011001001110101110100011 O
b11111110011101100100111001011 M
b10100010110000001100011001100110 N
b100100010010100110010101101 8
b111101010100001011111110011001 9
#1420000
0#
0:
#1425000
1#
1:
b10001011 2
b100100010010100110010101101 ,
b111101010100001011111110011001 -
b11111011011101101011001101010010 0
b1000001110110100000110001000111 1
b10001011 3
b11001011001001110101110100011 G
b1100001010111000110111010101000 H
b10100010110000001100011001100110 I
b11111110011101100100111001011 J
b1010000111000110011110111000001101010101101110110100011100010 L
b11001011001001110101110100011 /
b11000001001001001000100001011100 7
b10011001101011100010110100001011 6
b111101010100001011111110011001 D
b100100010010100110010101101 C
b1101010101101110110100011100010 O
b111101010100001011111110011001 M
b100100010010100110010101101 N
b1100110010100011101001011110100 8
b1011010110100101011010101100111 9
#1430000
0#
0:
#1435000
1#
1:
b10001100 2
b1100110010100011101001011110100 ,
b1011010110100101011010101100111 -
b10011001101011100010110100001011 0
b11000001001001001000100001011100 1
b10001100 3
b1101010101101110110100011100010 G
b11001011001001110101110100011 H
b100100010010100110010101101 I
b111101010100001011111110011001 J
b100010110001001011001001001010101010100111110011001100101 L
b1101010101101110110100011100010 /
b1000000011011110000010001110001 7
b110111111001011010011011000100 6
b1011010110100101011010101100111 D
b1100110010100011101001011110100 C
b1010101010100111110011001100101 O
b1011010110100101011010101100111 M
b1100110010100011101001011110100 N
b11001000000110100101100100111011 8
b1111000010101001010101100110101 9
#1440000
0#
0:
#1445000
1#
1:
b10001101 2
b11001000000110100101100100111011 ,
b1111000010101001010101100110101 -
b110111111001011010011011000100 0
b1000000011011110000010001110001 1
b10001101 3
b1010101010100111110011001100101 G
b1101010101101110110100011100010 H
b1100110010100011101001011110100 I
b1011010110100101011010101100111 J
b10010001001100111110111100100111011001001110100110010000101100 L
b1010101010100111110011001100101 /
b10111111101110011000000010000110 7
b11010110000111010010000001111101 6
b1111000010101001010101100110101 D
b11001000000110100101100100111011 C
b11011001001110100110010000101100 O
b1111000010101001010101100110101 M
b11001000000110100101100100111011 N
b101001111000101101111110000010 8
b10010101110101101010000100000011 9
#1450000
0#
0:
#1455000
1#
1:
b10001110 2
b101001111000101101111110000010 ,
b10010101110101101010000100000011 -
b11010110000111010010000001111101 0
b10111111101110011000000010000110 1
b10001110 3
b11011001001110100110010000101100 G
b1010101010100111110011001100101 H
b11001000000110100101100100111011 I
b1111000010101001010101100110101 J
b101111000001110100010000100101111110110011010101110001000110111 L
b11011001001110100110010000101100 /
b111111000000111111110010011011 7
b1110100010101001001101000110110 6
b10010101110101101010000100000011 D
b101001111000101101111110000010 C
b11110110011010101110001000110111 O
b10010101110101101010000100000011 M
b101001111000101101111110000010 N
b10001011101010110110010111001001 8
b10110011010110001001011011010001 9
#1460000
0#
0:
#1465000
1#
1:
b10001111 2
b10001011101010110110010111001001 ,
b10110011010110001001011011010001 -
b1110100010101001001101000110110 0
b111111000000111111110010011011 1
b10001111 3
b11110110011010101110001000110111 G
b11011001001110100110010000101100 H
b101001111000101101111110000010 I
b10010101110101101010000100000011 J
b1100010000100001010100001010110101100111001010110000010000110 L
b11110110011010101110001000110111 /
b10111110010011100111100010110000 7
b10010100011000001001111101111 6
b10110011010110001001011011010001 D
b10001011101010110110010111001001 C
b10101100111001010110000010000110 O
b10110011010110001001011011010001 M
b10001011101010110110010111001001 N
b11101101011100111110110000010000 8
b11010000110110101000110010011111 9
#1470000
0#
0:
#1475000
1#
1:
b10010000 2
b11101101011100111110110000010000 ,
b11010000110110101000110010011111 -
b10010100011000001001111101111 0
b10111110010011100111100010110000 1
b10010000 3
b10101100111001010110000010000110 G
b11110110011010101110001000110111 H
b10001011101010110110010111001001 I
b10110011010110001001011011010001 J
b110000111011001001011010101111011111100101010011101111100011001 L
b10101100111001010110000010000110 /
b111101100110001111010011000101 7
b10110000110000111000110110101000 6
b11010000110110101000110010011111 D
b11101101011100111110110000010000 C
b11111100101010011101111100011001 O
b11010000110110101000110010011111 M
b11101101011100111110110000010000 N
b1001111001111000111001001010111 8
b11101110010111001000001001101101 9
#1480000
0#
0:
#1485000
1#
1:
b10010001 2
b1001111001111000111001001010111 ,
b11101110010111001000001001101101 -
b10110000110000111000110110101000 0
b111101100110001111010011000101 1
b10010001 3
b11111100101010011101111100011001 G
b10101100111001010110000010000110 H
b11101101011100111110110000010000 I
b11010000110110101000110010011111 J
b1100000110111000111001101111001011100101101110000101110111110000 L
b11111100101010011101111100011001 /
b10111100111000110111000011011010 7
b1001110111110110000011101100001 6
b11101110010111001000001001101101 D
b1001111001111000111001001010111 C
b11100101101110000101110111110000 O
b11101110010111001000001001101101 M
b1001111001111000111001001010111 N
b10110001000001001111100010011110 8
b1011110111100111100000111011 9
#1490000
0#
0:
#1495000
1#
1:
b10010010 2
b10110001000001001111100010011110 ,
b1011110111100111100000111011 -
b1001110111110110000011101100001 0
b10111100111000110111000011011010 1
b10010010 3
b11100101101110000101110111110000 G
b11111100101010011101111100011001 H
b1001111001111000111001001010111 I
b11101110010111001000001001101101 J
b100100111000110110101000110010001101000000100001101110100001011 L
b11100101101110000101110111110000 /
b111100001011011110110011101111 7
b11101101001100101000000100011010 6
b1011110111100111100000111011 D
b10110001000001001111100010011110 C
b1101000000100001101110100001011 O
b1011110111100111100000111011 M
b10110001000001001111100010011110 N
b10010110011010111111011100101 8
b101001011000000110111000001001 9
#1500000
0#
0:
#1505000
1#
1:
b10010011 2
b10010110011010111111011100101 ,
b101001011000000110111000001001 -
b11101101001100101000000100011010 0
b111100001011011110110011101111 1
b10010011 3
b1101000000100001101110100001011 G
b11100101101110000101110111110000 H
b10110001000001001111100010011110 I
b1011110111100111100000111011 J
b100000110101000011000010000110000011101100110101110001101010 L
b1101000000100001101110100001011 /
b10111011011110000110100100000100 7
b10001011011010011111101011010011 6
b101001011000000110111000001001 D
b10010110011010111111011100101 C
b10000011101100110101110001101010 O
b101001011000000110111000001001 M
b10010110011010111111011100101 N
b1110100100101100000010100101100 8
b1000110111000100110001111010111 9
#1510000
0#
0:
#1515000
1#
1:
b10010100 2
b1110100100101100000010100101100 ,
b1000110111000100110001111010111 -
b10001011011010011111101011010011 0
b10111011011110000110100100000100 1
b10010100 3
b10000011101100110101110001101010 G
b1101000000100001101110100001011 H
b10010110011010111111011100101 I
b101001011000000110111000001001 J
b1100001001111111100111011100111000100111111101110000001101 L
b10000011101100110101110001101010 /
b111010110000101110010100011001 7
b101001101000010111010010001100 6
b1000110111000100110001111010111 D
b1110100100101100000010100101100 C
b111000100111111101110000001101 O
b1000110111000100110001111010111 M
b1110100100101100000010100101100 N
b11010110010111101000101101110011 8
b1100100011001000101100110100101 9
#1520000
0#
0:
#1525000
1#
1:
b10010101 2
b11010110010111101000101101110011 ,
b1100100011001000101100110100101 -
b101001101000010111010010001100 0
b111010110000101110010100011001 1
b10010101 3
b111000100111111101110000001101 G
b10000011101100110101110001101010 H
b1110100100101100000010100101100 I
b1000110111000100110001111010111 J
b10000001001000000111110101001010000110110101100101101111110100 L
b111000100111111101110000001101 /
b10111010000011010110000100101110 7
b11000111110110001110111001000101 6
b1100100011001000101100110100101 D
b11010110010111101000101101110011 C
b10000110110101100101101111110100 O
b1100100011001000101100110100101 M
b11010110010111101000101101110011 N
b111000001001110001000110111010 8
b10000001111001100100111101110011 9
#1530000
0#
0:
#1535000
1#
1:
b10010110 2
b111000001001110001000110111010 ,
b10000001111001100100111101110011 -
b11000111110110001110111001000101 0
b10111010000011010110000100101110 1
b10010110 3
b10000110110101100101101111110100 G
b111000100111111101110000001101 H
b11010110010111101000101101110011 I
b1100100011001000101100110100101 J
b101010000010000111101100111100001101110010101101101110000011111 L
b10000110110101100101101111110100 /
b111001010101111101110101000011 7
b1100110000100000110011111111110 6
b10000001111001100100111101110011 D
b111000001001110001000110111010 C
b1101110010101101101110000011111 O
b10000001111001100100111101110011 M
b111000001001110001000110111010 N
b10011001111011111001100000000001 8
b10011111011010000100010101000001 9
#1540000
0#
0:
#1545000
1#
1:
b10010111 2
b10011001111011111001100000000001 ,
b10011111011010000100010101000001 -
b1100110000100000110011111111110 0
b111001010101111101110101000011 1
b10010111 3
b1101110010101101101110000011111 G
b10000110110101100101101111110100 H
b111000001001110001000110111010 I
b10000001111001100100111101110011 J
b1110001111110001101000111010111101111001000010101110010001110 L
b1101110010101101101110000011111 /
b10111000101000100101100101011000 7
b100010001111110000110110111 6
b10011111011010000100010101000001 D
b10011001111011111001100000000001 C
b11101111001000010101110010001110 O
b10011111011010000100010101000001 M
b10011001111011111001100000000001 N
b11111011101110000001111001001000 8
b10111100111010100011101100001111 9
#1550000
0#
0:
#1555000
1#
1:
b10011000 2
b11111011101110000001111001001000 ,
b10111100111010100011101100001111 -
b100010001111110000110110111 0
b10111000101000100101100101011000 1
b10011000 3
b11101111001000010101110010001110 G
b1101110010101101101110000011111 H
b10011001111011111001100000000001 I
b10011111011010000100010101000001 J
b101111111011010100000100110001100001001001101011101110101000001 L
b11101111001000010101110010001110 /
b110111111011001101010101101101 7
b10100010011111110101101101110000 6
b10111100111010100011101100001111 D
b11111011101110000001111001001000 C
b1001001101011101110101000001 O
b10111100111010100011101100001111 M
b11111011101110000001111001001000 N
b1011101100000001010010010001111 8
b11011010011011000011000011011101 9
#1560000
0#
0:
#1565000
1#
1:
b10011001 2
b1011101100000001010010010001111 ,
b11011010011011000011000011011101 -
b10100010011111110101101101110000 0
b110111111011001101010101101101 1
b10011001 3
b1001001101011101110101000001 G
b11101111001000010101110010001110 H
b11111011101110000001111001001000 I
b10111100111010100011101100001111 J
b1011100111000001100001101001101010111100100101000101111000111000 L
b1001001101011101110101000001 /
b10110111001101110101000110000010 7
b1000000101101101101010100101001 6
b11011010011011000011000011011101 D
b1011101100000001010010010001111 C
b10111100100101000101111000111000 O
b11011010011011000011000011011101 M
b1011101100000001010010010001111 N
b10111111010010010010101011010110 8
b11110111111011100010011010101011 9
#1570000
0#
0:
#1575000
1#
1:
b10011010 2
b10111111010010010010101011010110 ,
b11110111111011100010011010101011 -
b1000000101101101101010100101001 0
b10110111001101110101000110000010 1
b10011010 3
b10111100100101000101111000111000 G
b1001001101011101110101000001 H
b1011101100000001010010010001111 I
b11011010011011000011000011011101 J
b100111111000111000100000100000000001001001111001101111101110011 L
b10111100100101000101111000111000 /
b110110100000011100110110010111 7
b11011110111011100100111011100010 6
b11110111111011100010011010101011 D
b10111111010010010010101011010110 C
b1001001111001101111101110011 O
b11110111111011100010011010101011 M
b10111111010010010010101011010110 N
b100001000100011011000100011101 8
b10101011100000001110001111001 9
#1580000
0#
0:
#1585000
1#
1:
b10011011 2
b100001000100011011000100011101 ,
b10101011100000001110001111001 -
b11011110111011100100111011100010 0
b110110100000011100110110010111 1
b10011011 3
b1001001111001101111101110011 G
b10111100100101000101111000111000 H
b10111111010010010010101011010110 I
b11110111111011100010011010101011 J
b1011100101000001100010110011111011101111001011110110000011110010 L
b1001001111001101111101110011 /
b10110101110011000100100110101100 7
b1111101001001011100100010011011 6
b10101011100000001110001111001 D
b100001000100011011000100011101 C
b11101111001011110110000011110010 O
b10101011100000001110001111001 M
b100001000100011011000100011101 N
b10000010110110100011011101100100 8
b110010111100100001001001000111 9
#1590000
0#
0:
#1595000
1#
1:
b10011100 2
b10000010110110100011011101100100 ,
b110010111100100001001001000111 -
b1111101001001011100100010011011 0
b10110101110011000100100110101100 1
b10011100 3
b11101111001011110110000011110010 G
b1001001111001101111101110011 H
b100001000100011011000100011101 I
b10101011100000001110001111001 J
b1011000100111011101111001001101110011010111110001010110101 L
b11101111001011110110000011110010 /
b110101000101101100010111000001 7
b11011010111010100001001010100 6
b110010111100100001001001000111 D
b10000010110110100011011101100100 C
b1101110011010111110001010110101 O
b110010111100100001001001000111 M
b10000010110110100011011101100100 N
b11100100101000101011110110101011 8
b1010000011101000000100000010101 9
#1600000
0#
0:
#1605000
1#
1:
b10011101 2
b11100100101000101011110110101011 ,
b1010000011101000000100000010101 -
b11011010111010100001001010100 0
b110101000101101100010111000001 1
b10011101 3
b1101110011010111110001010110101 G
b11101111001011110110000011110010 H
b10000010110110100011011101100100 I
b110010111100100001001001000111 J
b1101000001010010110100111000110000110111100100110010010111100 L
b1101110011010111110001010110101 /
b10110100011000010100000111010110 7
b10111001100101001011110000001101 6
b1010000011101000000100000010101 D
b11100100101000101011110110101011 C
b10000110111100100110010010111100 O
b1010000011101000000100000010101 M
b11100100101000101011110110101011 N
b1000110011010110100001111110010 8
b1101101111101011111110111100011 9
#1610000
0#
0:
#1615000
1#
1:
b10011110 2
b1000110011010110100001111110010 ,
b1101101111101011111110111100011 -
b10111001100101001011110000001101 0
b10110100011000010100000111010110 1
b10011110 3
b10000110111100100110010010111100 G
b1101110011010111110001010110101 H
b11100100101000101011110110101011 I
b1010000011101000000100000010101 J
b100011111011010011111000011101100111000110000101110011100000111 L
b10000110111100100110010010111100 /
b110011101010111011110111101011 7
b1010111110011000011010111000110 6
b1101101111101011111110111100011 D
b1000110011010110100001111110010 C
b111000110000101110011100000111 O
b1101101111101011111110111100011 M
b1000110011010110100001111110010 N
b10101000001100111100101000111001 8
b10001011011101111111001110110001 9
#1620000
0#
0:
#1625000
1#
1:
b10011111 2
b10101000001100111100101000111001 ,
b10001011011101111111001110110001 -
b1010111110011000011010111000110 0
b110011101010111011110111101011 1
b10011111 3
b111000110000101110011100000111 G
b10000110111100100110010010111100 H
b1000110011010110100001111110010 I
b1101101111101011111110111100011 J
b1111000111111010101100110110010000011110111010110100110010110 L
b111000110000101110011100000111 /
b10110010111101100011101000000000 7
b11110110000000111010111101111111 6
b10001011011101111111001110110001 D
b10101000001100111100101000111001 C
b10000011110111010110100110010110 O
b10001011011101111111001110110001 M
b10101000001100111100101000111001 N
b1001111111000101000010000000 8
b10101000111110011110100101111111 9
#1630000
0#
0:
#1635000
1#
1:
b10100000 2
b1001111111000101000010000000 ,
b10101000111110011110100101111111 -
b11110110000000111010111101111111 0
b10110010111101100011101000000000 1
b10100000 3
b10000011110111010110100110010110 G
b111000110000101110011100000111 H
b10101000001100111100101000111001 I
b10001011011101111111001110110001 J
b101101110100010111011101111110101101000010000011110110001101001 L
b10000011110111010110100110010110 /
b110010010000001011011000010101 7
b10010100001110110010100100111000 6
b10101000111110011110100101111111 D
b1001111111000101000010000000 C
b1101000010000011110110001101001 O
b10101000111110011110100101111111 M
b1001111111000101000010000000 N
b1101011110001001101011011000111 8
b11000110011110111101111101001101 9
#1640000
0#
0:
#1645000
1#
1:
b10100001 2
b1101011110001001101011011000111 ,
b11000110011110111101111101001101 -
b10010100001110110010100100111000 0
b110010010000001011011000010101 1
b10100001 3
b1101000010000011110110001101001 G
b10000011110111010110100110010110 H
b1001111111000101000010000000 I
b10101000111110011110100101111111 J
b11010010111010101000101100111100101111100000110111110000000 L
b1101000010000011110110001101001 /
b10110001100010110011001000101010 7
b110010011100101010001011110001 6
b11000110011110111101111101001101 D
b1101011110001001101011011000111 C
b11100101111100000110111110000000 O
b11000110011110111101111101001101 M
b1101011110001001101011011000111 N
b11001101100011010101110100001110 8
b11100011111111011101010100011011 9
#1650000
0#
0:
#1655000
1#
1:
b10100010 2
b11001101100011010101110100001110 ,
b11100011111111011101010100011011 -
b110010011100101010001011110001 0
b10110001100010110011001000101010 1
b10100010 3
b11100101111100000110111110000000 G
b1101000010000011110110001101001 H
b1101011110001001101011011000111 I
b11000110011110111101111101001101 J
b101001110001110011000111011000111111100111010001111001011011011 L
b11100101111100000110111110000000 /
b110000110101011010111000111111 7
b11010000101010100001110010101010 6
b11100011111111011101010100011011 D
b11001101100011010101110100001110 C
b11111100111010001111001011011011 O
b11100011111111011101010100011011 M
b11001101100011010101110100001110 N
b101111010101011110001101010101 8
b1011111111100101011101001 9
#1660000
0#
0:
#1665000
1#
1:
b10100011 2
b101111010101011110001101010101 ,
b1011111111100101011101001 -
b11010000101010100001110010101010 0
b110000110101011010111000111111 1
b10100011 3
b11111100111010001111001011011011 G
b11100101111100000110111110000000 H
b11001101100011010101110100001110 I
b11100011111111011101010100011011 J
b1011011100010000001010010101010010101101001010110111011001111010 L
b11111100111010001111001011011011 /
b10110000001000000010101001010100 7
b1101110111000011001011001100011 6
b1011111111100101011101001 D
b101111010101011110001101010101 C
b10101101001010110111011001111010 O
b1011111111100101011101001 M
b101111010101011110001101010101 N
b10010001000111100110100110011100 8
b11111000000011100000010110111 9
#1670000
0#
0:
#1675000
1#
1:
b10100100 2
b10010001000111100110100110011100 ,
b11111000000011100000010110111 -
b1101110111000011001011001100011 0
b10110000001000000010101001010100 1
b10100100 3
b10101101001010110111011001111010 G
b11111100111010001111001011011011 H
b101111010101011110001101010101 I
b1011111111100101011101001 J
b1000110111101110000001111110110101101111111101001011101 L
b10101101001010110111011001111010 /
b101111011010101010011001101001 7
b1101000110010001000000011100 6
b11111000000011100000010110111 D
b10010001000111100110100110011100 C
b11110110101101111111101001011101 O
b11111000000011100000010110111 M
b10010001000111100110100110011100 N
b11110010111001101110111111100011 8
b111100100000111011011010000101 9
#1680000
0#
0:
#1685000
1#
1:
b10100101 2
b11110010111001101110111111100011 ,
b111100100000111011011010000101 -
b1101000110010001000000011100 0
b101111011010101010011001101001 1
b10100101 3
b11110110101101111111101001011101 G
b10101101001010110111011001111010 H
b10010001000111100110100110011100 I
b11111000000011100000010110111 J
b1000110010011101011010010011011011001100011100111111010000100 L
b11110110101101111111101001011101 /
b10101110101101010010001001111110 7
b10101011010100001000100111010101 6
b111100100000111011011010000101 D
b11110010111001101110111111100011 C
b11011001100011100111111010000100 O
b111100100000111011011010000101 M
b11110010111001101110111111100011 N
b1010100101011110111011000101010 8
b1011010000001011010110001010011 9
#1690000
0#
0:
#1695000
1#
1:
b10100110 2
b1010100101011110111011000101010 ,
b1011010000001011010110001010011 -
b10101011010100001000100111010101 0
b10101110101101010010001001111110 1
b10100110 3
b11011001100011100111111010000100 G
b11110110101101111111101001011101 H
b11110010111001101110111111100011 I
b111100100000111011011010000101 J
b11100101101011000110011001010001010101101011110000001011101111 L
b11011001100011100111111010000100 /
b101101111111111001111010010011 7
b1001001100010000000001110001110 6
b1011010000001011010110001010011 D
b1010100101011110111011000101010 C
b1010101101011110000001011101111 O
b1011010000001011010110001010011 M
b1010100101011110111011000101010 N
b10110110011101111111110001110001 8
b1110111100001111010001000100001 9
#1700000
0#
0:
#1705000
1#
1:
b10100111 2
b10110110011101111111110001110001 ,
b1110111100001111010001000100001 -
b1001001100010000000001110001110 0
b101101111111111001111010010011 1
b10100111 3
b1010101101011110000001011101111 G
b11011001100011100111111010000100 H
b1010100101011110111011000101010 I
b1011010000001011010110001010011 J
b1110111000111100011111111100101101011000110011000011110011110 L
b1010101101011110000001011101111 /
b10101101010010100001101010101000 7
b11100111101111110111110101000111 6
b1110111100001111010001000100001 D
b10110110011101111111110001110001 C
b1101011000110011000011110011110 O
b1110111100001111010001000100001 M
b10110110011101111111110001110001 N
b11000010000001000001010111000 8
b10010101000010011001011111101111 9
#1710000
0#
0:
#1715000
1#
1:
b10101000 2
b11000010000001000001010111000 ,
b10010101000010011001011111101111 -
b11100111101111110111110101000111 0
b10101101010010100001101010101000 1
b10101000 3
b1101011000110011000011110011110 G
b1010101101011110000001011101111 H
b10110110011101111111110001110001 I
b1110111100001111010001000100001 J
b101010100110010011100110010111000011001110011100000110010010001 L
b1101011000110011000011110011110 /
b101100100101001001011010111101 7
b10000101111101101111011100000000 6
b10010101000010011001011111101111 D
b11000010000001000001010111000 C
b11001110011100000110010010001 O
b10010101000010011001011111101111 M
b11000010000001000001010111000 N
b1111010000010010000100011111111 8
b10110010100010111000110110111101 9
#1720000
0#
0:
#1725000
1#
1:
b10101001 2
b1111010000010010000100011111111 ,
b10110010100010111000110110111101 -
b10000101111101101111011100000000 0
b101100100101001001011010111101 1
b10101001 3
b11001110011100000110010010001 G
b1101011000110011000011110011110 H
b11000010000001000001010111000 I
b10010101000010011001011111101111 J
b111000011110011101001011111001100001110011001001000111001000 L
b11001110011100000110010010001 /
b10101011110111110001001011010010 7
b100100001011100111000010111001 6
b10110010100010111000110110111101 D
b1111010000010010000100011111111 C
b1100001110011001001000111001000 O
b10110010100010111000110110111101 M
b1111010000010010000100011111111 N
b11011011110100011000111101000110 8
b11010000000011011000001110001011 9
#1730000
0#
0:
#1735000
1#
1:
b10101010 2
b11011011110100011000111101000110 ,
b11010000000011011000001110001011 -
b100100001011100111000010111001 0
b10101011110111110001001011010010 1
b10101010 3
b1100001110011001001000111001000 G
b11001110011100000110010010001 H
b1111010000010010000100011111111 I
b10110010100010111000110110111101 J
b101010100011100110011101011101001000011000101010001011101000011 L
b1100001110011001001000111001000 /
b101011001010011000111011100111 7
b11000010011001011110101001110010 6
b11010000000011011000001110001011 D
b11011011110100011000111101000110 C
b1000011000101010001011101000011 O
b11010000000011011000001110001011 M
b11011011110100011000111101000110 N
b111101100110100001010110001101 8
b11101101100011110111100101011001 9
#1740000
0#
0:
#1745000
1#
1:
b10101011 2
b111101100110100001010110001101 ,
b11101101100011110111100101011001 -
b11000010011001011110101001110010 0
b101011001010011000111011100111 1
b10101011 3
b1000011000101010001011101000011 G
b1100001110011001001000111001000 H
b11011011110100011000111101000110 I
b11010000000011011000001110001011 J
b1011001010100101110111110000000010111101101001111001110100000010 L
b1000011000101010001011101000011 /
b10101010011101000000101011111100 7
b1100000100111010110010000101011 6
b11101101100011110111100101011001 D
b111101100110100001010110001101 C
b10111101101001111001110100000010 O
b11101101100011110111100101011001 M
b111101100110100001010110001101 N
b10011111011000101001101111010100 8
b1011000100010110111100100111 9
#1750000
0#
0:
#1755000
1#
1:
b10101100 2
b10011111011000101001101111010100 ,
b1011000100010110111100100111 -
b1100000100111010110010000101011 0
b10101010011101000000101011111100 1
b10101100 3
b10111101101001111001110100000010 G
b1000011000101010001011101000011 H
b111101100110100001010110001101 I
b11101101100011110111100101011001 J
b11100100101010001011000011100011010001100001000010001100000101 L
b10111101101001111001110100000010 /
b101001101111101000011100010001 7
b11111110110101001101110111100100 6
b1011000100010110111100100111 D
b10011111011000101001101111010100 C
b11010001100001000010001100000101 O
b1011000100010110111100100111 M
b10011111011000101001101111010100 N
b1001010110010001000011011 8
b101000100100110110010011110101 9
#1760000
0#
0:
#1765000
1#
1:
b10101101 2
b1001010110010001000011011 ,
b101000100100110110010011110101 -
b11111110110101001101110111100100 0
b101001101111101000011100010001 1
b10101101 3
b11010001100001000010001100000101 G
b10111101101001111001110100000010 H
b10011111011000101001101111010100 I
b1011000100010110111100100111 J
b11011100100000101110111001001111110101010101010100101001100 L
b11010001100001000010001100000101 /
b10101001000010010000001100100110 7
b10011101000011000101011110011101 6
b101000100100110110010011110101 D
b1001010110010001000011011 C
b1111110101010101010100101001100 O
b101000100100110110010011110101 M
b1001010110010001000011011 N
b1100010111100111010100001100010 8
b1000110000101010101101011000011 9
#1770000
0#
0:
#1775000
1#
1:
b10101110 2
b1100010111100111010100001100010 ,
b1000110000101010101101011000011 -
b10011101000011000101011110011101 0
b10101001000010010000001100100110 1
b10101110 3
b1111110101010101010100101001100 G
b11010001100001000010001100000101 H
b1001010110010001000011011 I
b101000100100110110010011110101 J
b101111011010011000111011000101000110110010111111010111 L
b1111110101010101010100101001100 /
b101000010100110111111100111011 7
b111011010000111101000101010110 6
b1000110000101010101101011000011 D
b1100010111100111010100001100010 C
b11000101000110110010111111010111 O
b1000110000101010101101011000011 M
b1100010111100111010100001100010 N
b11000100101111000010111010101001 8
b1100011100101110101000010010001 9
#1780000
0#
0:
#1785000
1#
1:
b10101111 2
b11000100101111000010111010101001 ,
b1100011100101110101000010010001 -
b111011010000111101000101010110 0
b101000010100110111111100111011 1
b10101111 3
b11000101000110110010111111010111 G
b1111110101010101010100101001100 H
b1100010111100111010100001100010 I
b1000110000101010101101011000011 J
b1101100010110111000010001110010100100110101011011011010100110 L
b11000101000110110010111111010111 /
b10100111100111011111101101010000 7
b11011001011110110100101100001111 6
b1100011100101110101000010010001 D
b11000100101111000010111010101001 C
b10100100110101011011011010100110 O
b1100011100101110101000010010001 M
b11000100101111000010111010101001 N
b100110100001001011010011110000 8
b10000001000110010100011001011111 9
#1790000
0#
0:
#1795000
1#
1:
b10110000 2
b100110100001001011010011110000 ,
b10000001000110010100011001011111 -
b11011001011110110100101100001111 0
b10100111100111011111101101010000 1
b10110000 3
b10100100110101011011011010100110 G
b11000101000110110010111111010111 H
b11000100101111000010111010101001 I
b1100011100101110101000010010001 J
b100110010001001000011101111010100011101110110100011110110111001 L
b10100100110101011011011010100110 /
b100110111010000111011101100101 7
b1110111101100101100010011001000 6
b10000001000110010100011001011111 D
b100110100001001011010011110000 C
b11101110110100011110110111001 O
b10000001000110010100011001011111 M
b100110100001001011010011110000 N
b10001000010011010011101100110111 8
b10011110100110110011110000101101 9
#1800000
0#
0:
#1805000
1#
1:
b10110001 2
b10001000010011010011101100110111 ,
b10011110100110110011110000101101 -
b1110111101100101100010011001000 0
b100110111010000111011101100101 1
b10110001 3
b11101110110100011110110111001 G
b10100100110101011011011010100110 H
b100110100001001011010011110000 I
b10000001000110010100011001011111 J
b1001101101100101011001011100100110000001010001100010100010000 L
b11101110110100011110110111001 /
b10100110001100101111001101111010 7
b10101111010100011111010000001 6
b10011110100110110011110000101101 D
b10001000010011010011101100110111 C
b110000001010001100010100010000 O
b10011110100110110011110000101101 M
b10001000010011010011101100110111 N
b11101010000101011100000101111110 8
b10111100000111010011000111111011 9
#1810000
0#
0:
#1815000
1#
1:
b10110010 2
b11101010000101011100000101111110 ,
b10111100000111010011000111111011 -
b10101111010100011111010000001 0
b10100110001100101111001101111010 1
b10110010 3
b110000001010001100010100010000 G
b11101110110100011110110111001 H
b10001000010011010011101100110111 I
b10011110100110110011110000101101 J
b101010001110010010100010101100011011011110000010100110010101011 L
b110000001010001100010100010000 /
b100101011111010110111110001111 7
b10110100001000011011100000111010 6
b10111100000111010011000111111011 D
b11101010000101011100000101111110 C
b11011011110000010100110010101011 O
b10111100000111010011000111111011 M
b11101010000101011100000101111110 N
b1001011110111100100011111000101 8
b11011001100111110010011111001001 9
#1820000
0#
0:
#1825000
1#
1:
b10110011 2
b1001011110111100100011111000101 ,
b11011001100111110010011111001001 -
b10110100001000011011100000111010 0
b100101011111010110111110001111 1
b10110011 3
b11011011110000010100110010101011 G
b110000001010001100010100010000 H
b11101010000101011100000101111110 I
b10111100000111010011000111111011 J
b1010110000000010101011000100001100100000101000111101010010001010 L
b11011011110000010100110010101011 /
b10100100110001111110101110100100 7
b1010010010110010011000111110011 6
b11011001100111110010011111001001 D
b1001011110111100100011111000101 C
b100000101000111101010010001010 O
b11011001100111110010011111001001 M
b1001011110111100100011111000101 N
b10101101101001101100111000001100 8
b11110111001000010001110110010111 9
#1830000
0#
0:
#1835000
1#
1:
b10110100 2
b10101101101001101100111000001100 ,
b11110111001000010001110110010111 -
b1010010010110010011000111110011 0
b10100100110001111110101110100100 1
b10110100 3
b100000101000111101010010001010 G
b11011011110000010100110010101011 H
b1001011110111100100011111000101 I
b11011001100111110010011111001001 J
b100000001111110100101011010111011111110110100000101110010101101 L
b100000101000111101010010001010 /
b100100000100100110011110111001 7
b11110000100100001010101110101100 6
b11110111001000010001110110010111 D
b10101101101001101100111000001100 C
b11111110110100000101110010101101 O
b11110111001000010001110110010111 M
b10101101101001101100111000001100 N
b1111011011110101010001010011 8
b10100101000110001001101100101 9
#1840000
0#
0:
#1845000
1#
1:
b10110101 2
b1111011011110101010001010011 ,
b10100101000110001001101100101 -
b11110000100100001010101110101100 0
b100100000100100110011110111001 1
b10110101 3
b11111110110100000101110010101101 G
b100000101000111101010010001010 H
b10101101101001101100111000001100 I
b11110111001000010001110110010111 J
b1010011110100010011001110110000001110110010001101110010100010100 L
b11111110110100000101110010101101 /
b10100011010111001110001111001110 7
b10001110110010000010010101100101 6
b10100101000110001001101100101 D
b1111011011110101010001010011 C
b1110110010001101110010100010100 O
b10100101000110001001101100101 M
b1111011011110101010001010011 N
b1110001001101111101101010011010 8
b110010001001010000100100110011 9
#1850000
0#
0:
#1855000
1#
1:
b10110110 2
b1110001001101111101101010011010 ,
b110010001001010000100100110011 -
b10001110110010000010010101100101 0
b10100011010111001110001111001110 1
b10110110 3
b1110110010001101110010100010100 G
b11111110110100000101110010101101 H
b1111011011110101010001010011 I
b10100101000110001001101100101 J
b100111110100001111010010010000111000001110110110110111111 L
b1110110010001101110010100010100 /
b100010101001110101111111100011 7
b101100111111111001111100011110 6
b110010001001010000100100110011 D
b1110001001101111101101010011010 C
b10000111000001110110110110111111 O
b110010001001010000100100110011 M
b1110001001101111101101010011010 N
b11010011000000000110000011100001 8
b1001111101001101111111100000001 9
#1860000
0#
0:
#1865000
1#
1:
b10110111 2
b11010011000000000110000011100001 ,
b1001111101001101111111100000001 -
b101100111111111001111100011110 0
b100010101001110101111111100011 1
b10110111 3
b10000111000001110110110110111111 G
b1110110010001101110010100010100 H
b1110001001101111101101010011010 I
b110010001001010000100100110011 J
b1011000101101010010011101011000110001000100011111011010101110 L
b10000111000001110110110110111111 /
b10100001111100011101101111111000 7
b11001011001101110001100011010111 6
b1001111101001101111111100000001 D
b11010011000000000110000011100001 C
b110001000100011111011010101110 O
b1001111101001101111111100000001 M
b11010011000000000110000011100001 N
b110100110010001110011100101000 8
b1101101001010001111010011001111 9
#1870000
0#
0:
#1875000
1#
1:
b10111000 2
b110100110010001110011100101000 ,
b1101101001010001111010011001111 -
b11001011001101110001100011010111 0
b10100001111100011101101111111000 1
b10111000 3
b110001000100011111011010101110 G
b10000111000001110110110110111111 H
b11010011000000000110000011100001 I
b1001111101001101111111100000001 J
b100000110100110110000100101001001110100011001100111111111100001 L
b110001000100011111011010101110 /
b100001001111000101100000001101 7
b1101001011011101001001010010000 6
b1101101001010001111010011001111 D
b110100110010001110011100101000 C
b1110100011001100111111111100001 O
b1101101001010001111010011001111 M
b110100110010001110011100101000 N
b10010110100100010110110101101111 8
b10001010101010101110101010011101 9
#1880000
0#
0:
#1885000
1#
1:
b10111001 2
b10010110100100010110110101101111 ,
b10001010101010101110101010011101 -
b1101001011011101001001010010000 0
b100001001111000101100000001101 1
b10111001 3
b1110100011001100111111111100001 G
b110001000100011111011010101110 H
b110100110010001110011100101000 I
b1101101001010001111010011001111 J
b1011010000001111111000100101001010001000001010000100101011000 L
b1110100011001100111111111100001 /
b10100000100001101101010000100010 7
b111101001100000110001001001 6
b10001010101010101110101010011101 D
b10010110100100010110110101101111 C
b1010001000001010000100101011000 O
b10001010101010101110101010011101 M
b10010110100100010110110101101111 N
b11111000010110011111001110110110 8
b10101000001011001110000001101011 9
#1890000
0#
0:
#1895000
1#
1:
b10111010 2
b11111000010110011111001110110110 ,
b10101000001011001110000001101011 -
b111101001100000110001001001 0
b10100000100001101101010000100010 1
b10111010 3
b1010001000001010000100101011000 G
b1110100011001100111111111100001 H
b10010110100100010110110101101111 I
b10001010101010101110101010011101 J
b101000110001110111010111000110111000110111011011001001100010011 L
b1010001000001010000100101011000 /
b11111110100010101000000110111 7
b10100101110111011000011000000010 6
b10101000001011001110000001101011 D
b11111000010110011111001110110110 C
b11000110111011011001001100010011 O
b10101000001011001110000001101011 M
b11111000010110011111001110110110 N
b1011010001000100111100111111101 8
b11000101101011101101011000111001 9
#1900000
0#
0:
#1905000
1#
1:
b10111011 2
b1011010001000100111100111111101 ,
b11000101101011101101011000111001 -
b10100101110111011000011000000010 0
b11111110100010101000000110111 1
b10111011 3
b11000110111011011001001100010011 G
b1010001000001010000100101011000 H
b11111000010110011111001110110110 I
b10101000001011001110000001101011 J
b1010001100100110100100010001101111010110001000000001110100010010 L
b11000110111011011001001100010011 /
b10011111000110111100110001001100 7
b1000100000101001111111110111011 6
b11000101101011101101011000111001 D
b1011010001000100111100111111101 C
b11010110001000000001110100010010 O
b11000101101011101101011000111001 M
b1011010001000100111100111111101 N
b10111011111010110000000001000100 8
b11100011001100001100110000000111 9
#1910000
0#
0:
#1915000
1#
1:
b10111100 2
b10111011111010110000000001000100 ,
b11100011001100001100110000000111 -
b1000100000101001111111110111011 0
b10011111000110111100110001001100 1
b10111100 3
b11010110001000000001110100010010 G
b11000110111011011001001100010011 H
b1011010001000100111100111111101 I
b11000101101011101101011000111001 J
b100010110011010000101101011101101111110100111001010011101010101 L
b11010110001000000001110100010010 /
b11110011001100100100001100001 7
b11100010010011000111100101110100 6
b11100011001100001100110000000111 D
b10111011111010110000000001000100 C
b1111110100111001010011101010101 O
b11100011001100001100110000000111 M
b10111011111010110000000001000100 N
b11101101100111000011010001011 8
b101100101100000111010101 9
#1920000
0#
0:
#1925000
1#
1:
b10111101 2
b11101101100111000011010001011 ,
b101100101100000111010101 -
b11100010010011000111100101110100 0
b11110011001100100100001100001 1
b10111101 3
b1111110100111001010011101010101 G
b11010110001000000001110100010010 H
b10111011111010110000000001000100 I
b11100011001100001100110000000111 J
b1010011011000101001100110001000011000000011000110011000111011100 L
b1111110100111001010011101010101 /
b10011101101100001100010001110110 7
b10000000100000111111001100101101 6
b101100101100000111010101 D
b11101101100111000011010001011 C
b11000000011000110011000111011100 O
b101100101100000111010101 M
b11101101100111000011010001011 N
b1111111011111000000110011010010 8
b11110001101001011011110100011 9
#1930000
0#
0:
#1935000
1#
1:
b10111110 2
b1111111011111000000110011010010 ,
b11110001101001011011110100011 -
b10000000100000111111001100101101 0
b10011101101100001100010001110110 1
b10111110 3
b11000000011000110011000111011100 G
b1111110100111001010011101010101 H
b11101101100111000011010001011 I
b101100101100000111010101 J
b10100101111010101000010011011011100111011110010100111 L
b11000000011000110011000111011100 /
b11100111110110100000010001011 7
b11110101110110110110011100110 6
b11110001101001011011110100011 D
b1111111011111000000110011010010 C
b10011011011100111011110010100111 O
b11110001101001011011110100011 M
b1111111011111000000110011010010 N
b11100001010001001001001100011001 8
b111011101101101010110101110001 9
#1940000
0#
0:
#1945000
1#
1:
b10111111 2
b11100001010001001001001100011001 ,
b111011101101101010110101110001 -
b11110101110110110110011100110 0
b11100111110110100000010001011 1
b10111111 3
b10011011011100111011110010100111 G
b11000000011000110011000111011100 H
b1111111011111000000110011010010 I
b11110001101001011011110100011 J
b111100001010110010100010011000001111110011100100011110110110 L
b10011011011100111011110010100111 /
b10011100010001011011110010100000 7
b10111100111100101110011010011111 6
b111011101101101010110101110001 D
b11100001010001001001001100011001 C
b1111110011100100011110110110 O
b111011101101101010110101110001 M
b11100001010001001001001100011001 N
b1000011000011010001100101100000 8
b1011001001110001010001100111111 9
#1950000
0#
0:
#1955000
1#
1:
b11000000 2
b1000011000011010001100101100000 ,
b1011001001110001010001100111111 -
b10111100111100101110011010011111 0
b10011100010001011011110010100000 1
b11000000 3
b1111110011100100011110110110 G
b10011011011100111011110010100111 H
b11100001010001001001001100011001 I
b111011101101101010110101110001 J
b11010010001011100011010100011000011101011100101101001100001001 L
b1111110011100100011110110110 /
b11011100100000011100010110101 7
b1011011001010100110000001011000 6
b1011001001110001010001100111111 D
b1000011000011010001100101100000 C
b11101011100101101001100001001 O
b1011001001110001010001100111111 M
b1000011000011010001100101100000 N
b10100100110101011001111110100111 8
b1110110101110101001100100001101 9
#1960000
0#
0:
#1965000
1#
1:
b11000001 2
b10100100110101011001111110100111 ,
b1110110101110101001100100001101 -
b1011011001010100110000001011000 0
b11011100100000011100010110101 1
b11000001 3
b11101011100101101001100001001 G
b1111110011100100011110110110 H
b1000011000011010001100101100000 I
b1011001001110001010001100111111 J
b1011101011110011000110111000111000100011000010101111010100000 L
b11101011100101101001100001001 /
b10011010110110101011010011001010 7
b11111001011000011101101000010001 6
b1110110101110101001100100001101 D
b10100100110101011001111110100111 C
b11000100011000010101111010100000 O
b1110110101110101001100100001101 M
b10100100110101011001111110100111 N
b110100111100010010111101110 8
b10010100001111001000111011011011 9
#1970000
0#
0:
#1975000
1#
1:
b11000010 2
b110100111100010010111101110 ,
b10010100001111001000111011011011 -
b11111001011000011101101000010001 0
b10011010110110101011010011001010 1
b11000010 3
b11000100011000010101111010100000 G
b11101011100101101001100001001 H
b10100100110101011001111110100111 I
b1110110101110101001100100001101 J
b100110001110010100111010101100100000100100110011110101001111011 L
b11000100011000010101111010100000 /
b11010001001010011000011011111 7
b10010111100110010101001111001010 6
b10010100001111001000111011011011 D
b110100111100010010111101110 C
b100100110011110101001111011 O
b10010100001111001000111011011011 M
b110100111100010010111101110 N
b1101000011001101010110000110101 8
b10110001101111101000010010101001 9
#1980000
0#
0:
#1985000
1#
1:
b11000011 2
b1101000011001101010110000110101 ,
b10110001101111101000010010101001 -
b10010111100110010101001111001010 0
b11010001001010011000011011111 1
b11000011 3
b100100110011110101001111011 G
b11000100011000010101111010100000 H
b110100111100010010111101110 I
b10010100001111001000111011011011 J
b1111010100111111101010111111011110000111000111011010011010 L
b100100110011110101001111011 /
b10011001011011111010110011110100 7
b110101110100001100110110000011 6
b10110001101111101000010010101001 D
b1101000011001101010110000110101 C
b11011110000111000111011010011010 O
b10110001101111101000010010101001 M
b1101000011001101010110000110101 N
b11001010001011110011001001111100 8
b11001111010000000111101001110111 9
#1990000
0#
0:
#1995000
1#
1:
b11000100 2
b11001010001011110011001001111100 ,
b11001111010000000111101001110111 -
b110101110100001100110110000011 0
b10011001011011111010110011110100 1
b11000100 3
b11011110000111000111011010011010 G
b100100110011110101001111011 H
b1101000011001101010110000110101 I
b10110001101111101000010010101001 J
b100100001111100101011110101111001010000111010010000001011111101 L
b11011110000111000111011010011010 /
b11000101110100010100100001001 7
b11010100000010000100011100111100 6
b11001111010000000111101001110111 D
b11001010001011110011001001111100 C
b1010000111010010000001011111101 O
b11001111010000000111101001110111 M
b11001010001011110011001001111100 N
b101011111101111011100011000011 8
b11101100110000100111000001000101 9
#2000000
0#
0:
#2005000
1#
1:
b11000101 2
b101011111101111011100011000011 ,
b11101100110000100111000001000101 -
b11010100000010000100011100111100 0
b11000101110100010100100001001 1
b11000101 3
b1010000111010010000001011111101 G
b11011110000111000111011010011010 H
b11001010001011110011001001111100 I
b11001111010000000111101001110111 J
b1010001110101111000101100101011101011100111111111000111110100100 L
b1010000111010010000001011111101 /
b10011000000001001010010100011110 7
b1110010001111111100000011110101 6
b11101100110000100111000001000101 D
b101011111101111011100011000011 C
b1011100111111111000111110100100 O
b11101100110000100111000001000101 M
b101011111101111011100011000011 N
b10001101110000000011111100001010 8
b1010010001000110011000010011 9
#2010000
0#
0:
#2015000
1#
1:
b11000110 2
b10001101110000000011111100001010 ,
b1010010001000110011000010011 -
b1110010001111111100000011110101 0
b10011000000001001010010100011110 1
b11000110 3
b1011100111111111000111110100100 G
b1010000111010010000001011111101 H
b101011111101111011100011000011 I
b11101100110000100111000001000101 J
b10100010101001110000110101011000000010011000000001110010001111 L
b1011100111111111000111110100100 /
b10111010011110010000100110011 7
b10000011101110011101010101110 6
b1010010001000110011000010011 D
b10001101110000000011111100001010 C
b10011000000001110010001111 O
b1010010001000110011000010011 M
b10001101110000000011111100001010 N
b11101111100010001100010101010001 8
b100111110001100101101111100001 9
#2020000
0#
0:
#2025000
1#
1:
b11000111 2
b11101111100010001100010101010001 ,
b100111110001100101101111100001 -
b10000011101110011101010101110 0
b10111010011110010000100110011 1
b11000111 3
b10011000000001110010001111 G
b1011100111111111000111110100100 H
b10001101110000000011111100001010 I
b1010010001000110011000010011 J
b10110101111011000100000110001000001000010101010100110111110 L
b10011000000001110010001111 /
b10010110100110011001110101001000 7
b10101110101011101011010001100111 6
b100111110001100101101111100001 D
b11101111100010001100010101010001 C
b1000001000010101010100110111110 O
b100111110001100101101111100001 M
b11101111100010001100010101010001 N
b1010001010100010100101110011000 8
b1000101010010000101000110101111 9
#2030000
0#
0:
#2035000
1#
1:
b11001000 2
b1010001010100010100101110011000 ,
b1000101010010000101000110101111 -
b10101110101011101011010001100111 0
b10010110100110011001110101001000 1
b11001000 3
b1000001000010101010100110111110 G
b10011000000001110010001111 H
b11101111100010001100010101010001 I
b100111110001100101101111100001 J
b10010100110111011011111101000000011000111111110011011100110001 L
b1000001000010101010100110111110 /
b10101111001000001100101011101 7
b1001100111001100010111000100000 6
b1000101010010000101000110101111 D
b1010001010100010100101110011000 C
b11000111111110011011100110001 O
b1000101010010000101000110101111 M
b1010001010100010100101110011000 N
b10110011000110011101000111011111 8
b1100010110010100100011101111101 9
#2040000
0#
0:
#2045000
1#
1:
b11001001 2
b10110011000110011101000111011111 ,
b1100010110010100100011101111101 -
b1001100111001100010111000100000 0
b10101111001000001100101011101 1
b11001001 3
b11000111111110011011100110001 G
b1000001000010101010100110111110 H
b1010001010100010100101110011000 I
b1000101010010000101000110101111 J
b1011000000001111000100010111110001010001111011100010011101000 L
b11000111111110011011100110001 /
b10010101001011101001010101110010 7
b11101011000111011010011111011001 6
b1100010110010100100011101111101 D
b10110011000110011101000111011111 C
b10001010001111011100010011101000 O
b1100010110010100100011101111101 M
b10110011000110011101000111011111 N
b10100111000100101100000100110 8
b10000000010011000011110101001011 9
#2050000
0#
0:
#2055000
1#
1:
b11001010 2
b10100111000100101100000100110 ,
b10000000010011000011110101001011 -
b11101011000111011010011111011001 0
b10010101001011101001010101110010 1
b11001010 3
b10001010001111011100010011101000 G
b11000111111110011011100110001 H
b10110011000110011101000111011111 I
b1100010110010100100011101111101 J
b100010100011101011001101011101010010100110001100101001011100011 L
b10001010001111011100010011101000 /
b10100011110010001000110000111 7
b10001001010101010010000110010010 6
b10000000010011000011110101001011 D
b10100111000100101100000100110 C
b10010100110001100101001011100011 O
b10000000010011000011110101001011 M
b10100111000100101100000100110 N
b1110110101010101101111001101101 8
b10011101110011100011001100011001 9
#2060000
0#
0:
#2065000
1#
1:
b11001011 2
b1110110101010101101111001101101 ,
b10011101110011100011001100011001 -
b10001001010101010010000110010010 0
b10100011110010001000110000111 1
b11001011 3
b10010100110001100101001011100011 G
b10001010001111011100010011101000 H
b10100111000100101100000100110 I
b10000000010011000011110101001011 J
b101001110111011001000100010100111000100110001110000100100010 L
b10010100110001100101001011100011 /
b10010011110000111000110110011100 7
b100111100011001001101101001011 6
b10011101110011100011001100011001 D
b1110110101010101101111001101101 C
b111000100110001110000100100010 O
b10011101110011100011001100011001 M
b1110110101010101101111001101101 N
b11011000011100110110010010110100 8
b10111011010100000010100011100111 9
#2070000
0#
0:
#2075000
1#
1:
b11001100 2
b11011000011100110110010010110100 ,
b10111011010100000010100011100111 -
b100111100011001001101101001011 0
b10010011110000111000110110011100 1
b11001100 3
b111000100110001110000100100010 G
b10010100110001100101001011100011 H
b1110110101010101101111001101101 I
b10011101110011100011001100011001 J
b100100100100110010111111001011101110101101101010110111110100101 L
b111000100110001110000100100010 /
b10011000011100000100110110001 7
b11000101110001000001010100000100 6
b10111011010100000010100011100111 D
b11011000011100110110010010110100 C
b1110101101101010110111110100101 O
b10111011010100000010100011100111 M
b11011000011100110110010010110100 N
b111010001110111110101011111011 8
b11011000110100100001111010110101 9
#2080000
0#
0:
#2085000
1#
1:
b11001101 2
b111010001110111110101011111011 ,
b11011000110100100001111010110101 -
b11000101110001000001010100000100 0
b10011000011100000100110110001 1
b11001101 3
b1110101101101010110111110100101 G
b111000100110001110000100100010 H
b11011000011100110110010010110100 I
b10111011010100000010100011100111 J
b1001111001100000000100010011010001001100000110111111111001101100 L
b1110101101101010110111110100101 /
b10010010010110001000010111000110 7
b1100011111110111000111010111101 6
b11011000110100100001111010110101 D
b111010001110111110101011111011 C
b1001100000110111111111001101100 O
b11011000110100100001111010110101 M
b111010001110111110101011111011 N
b10011100000001000111000101000010 8
b11110110010101000001010010000011 9
#2090000
0#
0:
#2095000
1#
1:
b11001110 2
b10011100000001000111000101000010 ,
b11110110010101000001010010000011 -
b1100011111110111000111010111101 0
b10010010010110001000010111000110 1
b11001110 3
b1001100000110111111111001101100 G
b1110101101101010110111110100101 H
b111010001110111110101011111011 I
b11011000110100100001111010110101 J
b11000101010010010110100110011010111011110011001000110101110111 L
b1001100000110111111111001101100 /
b10001101000110000000111011011 7
b10001100110000100001110110 6
b11110110010101000001010010000011 D
b10011100000001000111000101000010 C
b10111011110011001000110101110111 O
b11110110010101000001010010000011 M
b10011100000001000111000101000010 N
b11111101110011001111011110001001 8
b10011110101100000101001010001 9
#2100000
0#
0:
#2105000
1#
1:
b11001111 2
b11111101110011001111011110001001 ,
b10011110101100000101001010001 -
b10001100110000100001110110 0
b10001101000110000000111011011 1
b11001111 3
b10111011110011001000110101110111 G
b1001100000110111111111001101100 H
b10011100000001000111000101000010 I
b11110110010101000001010010000011 J
b1001011000011111100000101100101011000100110001110001110011000110 L
b10111011110011001000110101110111 /
b10010000111011010111110111110000 7
b10100000011010101000001000101111 6
b10011110101100000101001010001 D
b11111101110011001111011110001001 C
b11000100110001110001110011000110 O
b10011110101100000101001010001 M
b11111101110011001111011110001001 N
b1011111100101010111110111010000 8
b110001010110000000000000011111 9
#2110000
0#
0:
#2115000
1#
1:
b11010000 2
b1011111100101010111110111010000 ,
b110001010110000000000000011111 -
b10100000011010101000001000101111 0
b10010000111011010111110111110000 1
b11010000 3
b11000100110001110001110011000110 G
b10111011110011001000110101110111 H
b11111101110011001111011110001001 I
b10011110101100000101001010001 J
b1001110101010011010011111000001100111000010111010110001011001 L
b11000100110001110001110011000110 /
b10000001101111111101000000101 7
b111110101000011111101111101000 6
b110001010110000000000000011111 D
b1011111100101010111110111010000 C
b1100111000010111010110001011001 O
b110001010110000000000000011111 M
b1011111100101010111110111010000 N
b11000001010111100000010000010111 8
b1001110110110011111010111101101 9
#2120000
0#
0:
#2125000
1#
1:
b11010001 2
b11000001010111100000010000010111 ,
b1001110110110011111010111101101 -
b111110101000011111101111101000 0
b10000001101111111101000000101 1
b11010001 3
b1100111000010111010110001011001 G
b11000100110001110001110011000110 H
b1011111100101010111110111010000 I
b110001010110000000000000011111 J
b1001001101100011110001000001110100010100110100011110000110000 L
b1100111000010111010110001011001 /
b10001111100000100111011000011010 7
b11011100110110010111010110100001 6
b1001110110110011111010111101101 D
b11000001010111100000010000010111 C
b10100010100110100011110000110000 O
b1001110110110011111010111101101 M
b11000001010111100000010000010111 N
b100011001001101000101001011110 8
b1101100010110111110101110111011 9
#2130000
0#
0:
#2135000
1#
1:
b11010010 2
b100011001001101000101001011110 ,
b1101100010110111110101110111011 -
b11011100110110010111010110100001 0
b10001111100000100111011000011010 1
b11010010 3
b10100010100110100011110000110000 G
b1100111000010111010110001011001 H
b11000001010111100000010000010111 I
b1001110110110011111010111101101 J
b11101110001111010001111011001001110111011100101100110001001011 L
b10100010100110100011110000110000 /
b1110110011001111001000101111 7
b1111011000100001110111101011010 6
b1101100010110111110101110111011 D
b100011001001101000101001011110 C
b1110111011100101100110001001011 O
b1101100010110111110101110111011 M
b100011001001101000101001011110 N
b10000100111011110001000010100101 8
b10001001110111011110000110001001 9
#2140000
0#
0:
#2145000
1#
1:
b11010011 2
b10000100111011110001000010100101 ,
b10001001110111011110000110001001 -
b1111011000100001110111101011010 0
b1110110011001111001000101111 1
b11010011 3
b1110111011100101100110001001011 G
b10100010100110100011110000110000 H
b100011001001101000101001011110 I
b1101100010110111110101110111011 J
b111011100000111000010111000011100101100101010101110010101010 L
b1110111011100101100110001001011 /
b10001110000101110110111001000100 7
b11001010010000110100100010011 6
b10001001110111011110000110001001 D
b10000100111011110001000010100101 C
b11100101100101010101110010101010 O
b10001001110111011110000110001001 M
b10000100111011110001000010100101 N
b11100110101101111001011011101100 8
b10100111010111111101011101010111 9
#2150000
0#
0:
#2155000
1#
1:
b11010100 2
b11100110101101111001011011101100 ,
b10100111010111111101011101010111 -
b11001010010000110100100010011 0
b10001110000101110110111001000100 1
b11010100 3
b11100101100101010101110010101010 G
b1110111011100101100110001001011 H
b10000100111011110001000010100101 I
b10001001110111011110000110001001 J
b100011110010111001001110110011011101101000000011110110101001101 L
b11100101100101010101110010101010 /
b1101011000011110101001011001 7
b10110111011111111110001011001100 6
b10100111010111111101011101010111 D
b11100110101101111001011011101100 C
b11101101000000011110110101001101 O
b10100111010111111101011101010111 M
b11100110101101111001011011101100 N
b1001000100000000001110100110011 8
b11000100111000011100110100100101 9
#2160000
0#
0:
#2165000
1#
1:
b11010101 2
b1001000100000000001110100110011 ,
b11000100111000011100110100100101 -
b10110111011111111110001011001100 0
b1101011000011110101001011001 1
b11010101 3
b11101101000000011110110101001101 G
b11100101100101010101110010101010 H
b11100110101101111001011011101100 I
b10100111010111111101011101010111 J
b1001011011011000001000111010011110001101101110000111111000110100 L
b11101101000000011110110101001101 /
b10001100101011000110011001101110 7
b1010101101101110101110010000101 6
b11000100111000011100110100100101 D
b1001000100000000001110100110011 C
b10001101101110000111111000110100 O
b11000100111000011100110100100101 M
b1001000100000000001110100110011 N
b10101010010010001010001101111010 8
b11100010011000111100001011110011 9
#2170000
0#
0:
#2175000
1#
1:
b11010110 2
b10101010010010001010001101111010 ,
b11100010011000111100001011110011 -
b1010101101101110101110010000101 0
b10001100101011000110011001101110 1
b11010110 3
b10001101101110000111111000110100 G
b11101101000000011110110101001101 H
b1001000100000000001110100110011 I
b11000100111000011100110100100101 J
b11011111000010000010010000110111000111101110010000111101011111 L
b10001101101110000111111000110100 /
b1011111101101110001010000011 7
b11110011111011101101011000111110 6
b11100010011000111100001011110011 D
b10101010010010001010001101111010 C
b11000111101110010000111101011111 O
b11100010011000111100001011110011 M
b10101010010010001010001101111010 N
b1100000100010010100111000001 8
b11111111111001011011100011000001 9
#2180000
0#
0:
#2185000
1#
1:
b11010111 2
b1100000100010010100111000001 ,
b11111111111001011011100011000001 -
b11110011111011101101011000111110 0
b1011111101101110001010000011 1
b11010111 3
b11000111101110010000111101011111 G
b10001101101110000111111000110100 H
b10101010010010001010001101111010 I
b11100010011000111100001011110011 J
b1001011010010110011111000001010110011011000000111010000011001110 L
b11000111101110010000111101011111 /
b10001011010000010101111010011000 7
b10010010001001100100111111110111 6
b11111111111001011011100011000001 D
b1100000100010010100111000001 C
b10011011000000111010000011001110 O
b11111111111001011011100011000001 M
b1100000100010010100111000001 N
b1101101110110011011000000001000 8
b11101011001111010111010001111 9
#2190000
0#
0:
#2195000
1#
1:
b11011000 2
b1101101110110011011000000001000 ,
b11101011001111010111010001111 -
b10010010001001100100111111110111 0
b10001011010000010101111010011000 1
b11011000 3
b10011011000000111010000011001110 G
b11000111101110010000111101011111 H
b1100000100010010100111000001 I
b11111111111001011011100011000001 J
b110000001111111011001010011100000111100110000011001010000001 L
b10011011000000111010000011001110 /
b1010100010111101101010101101 7
b110000010111011100100110110000 6
b11101011001111010111010001111 D
b1101101110110011011000000001000 C
b111100110000011001010000001 O
b11101011001111010111010001111 M
b1101101110110011011000000001000 N
b11001111101000100011011001001111 8
b111010111010011010010001011101 9
#2200000
0#
0:
#2205000
1#
1:
b11011001 2
b11001111101000100011011001001111 ,
b111010111010011010010001011101 -
b110000010111011100100110110000 0
b1010100010111101101010101101 1
b11011001 3
b111100110000011001010000001 G
b10011011000000111010000011001110 H
b1101101110110011011000000001000 I
b11101011001111010111010001111 J
b110010011110001001100110111000001101011101101100010001111000 L
b111100110000011001010000001 /
b10001001110101100101011011000010 7
b11001110100101010100001101101001 6
b111010111010011010010001011101 D
b11001111101000100011011001001111 C
b1101011101101100010001111000 O
b111010111010011010010001011101 M
b11001111101000100011011001001111 N
b110001011010101011110010010110 8
b1011000011010111001101000101011 9
#2210000
0#
0:
#2215000
1#
1:
b11011010 2
b110001011010101011110010010110 ,
b1011000011010111001101000101011 -
b11001110100101010100001101101001 0
b10001001110101100101011011000010 1
b11011010 3
b1101011101101100010001111000 G
b111100110000011001010000001 H
b11001111101000100011011001001111 I
b111010111010011010010001011101 J
b10111111001000010000000100000010101100100111110101011010110011 L
b1101011101101100010001111000 /
b1001001000001101001011010111 7
b1101100110011001011110100100010 6
b1011000011010111001101000101011 D
b110001011010101011110010010110 C
b10101100100111110101011010110011 O
b1011000011010111001101000101011 M
b110001011010101011110010010110 N
b10010011001100110100001011011101 8
b1110101111011011000111111111001 9
#2220000
0#
0:
#2225000
1#
1:
b11011011 2
b10010011001100110100001011011101 ,
b1110101111011011000111111111001 -
b1101100110011001011110100100010 0
b1001001000001101001011010111 1
b11011011 3
b10101100100111110101011010110011 G
b1101011101101100010001111000 H
b110001011010101011110010010110 I
b1011000011010111001101000101011 J
b1000100010001011101100011001011100101000100011110100100110010 L
b10101100100111110101011010110011 /
b10001000011010110100111011101100 7
b1011000001000011011011011011 6
b1110101111011011000111111111001 D
b10010011001100110100001011011101 C
b11100101000100011110100100110010 O
b1110101111011011000111111111001 M
b10010011001100110100001011011101 N
b11110100111110111100100100100100 8
b10010011011011111000010111000111 9
#2230000
0#
0:
#2235000
1#
1:
b11011100 2
b11110100111110111100100100100100 ,
b10010011011011111000010111000111 -
b1011000001000011011011011011 0
b10001000011010110100111011101100 1
b11011100 3
b11100101000100011110100100110010 G
b10101100100111110101011010110011 H
b10010011001100110100001011011101 I
b1110101111011011000111111111001 J
b100001111001111000001101100110010110110110011100111101111110101 L
b11100101000100011110100100110010 /
b111101101011100101100000001 7
b10101001001110111011000010010100 6
b10010011011011111000010111000111 D
b11110100111110111100100100100100 C
b10110110110011100111101111110101 O
b10010011011011111000010111000111 M
b11110100111110111100100100100100 N
b1010110110001000100111101101011 8
b10110000111100010111101110010101 9
#2240000
0#
0:
#2245000
1#
1:
b11011101 2
b1010110110001000100111101101011 ,
b10110000111100010111101110010101 -
b10101001001110111011000010010100 0
b111101101011100101100000001 1
b11011101 3
b10110110110011100111101111110101 G
b11100101000100011110100100110010 H
b11110100111110111100100100100100 I
b10010011011011111000010111000111 J
b1000110100010111010011011011000100100001110101010000111011111100 L
b10110110110011100111101111110101 /
b10000111000000000100011100010110 7
b1000111011100110010101001001101 6
b10110000111100010111101110010101 D
b1010110110001000100111101101011 C
b100001110101010000111011111100 O
b10110000111100010111101110010101 M
b1010110110001000100111101101011 N
b10111000100011001101010110110010 8
b11001110011100110111000101100011 9
#2250000
0#
0:
#2255000
1#
1:
b11011110 2
b10111000100011001101010110110010 ,
b11001110011100110111000101100011 -
b1000111011100110010101001001101 0
b10000111000000000100011100010110 1
b11011110 3
b100001110101010000111011111100 G
b10110110110011100111101111110101 H
b1010110110001000100111101101011 I
b10110000111100010111101110010101 J
b11101111111000110011110100101100100110001001011010001001000111 L
b100001110101010000111011111100 /
b110010010101100001100101011 7
b11100101101010101010010000000110 6
b11001110011100110111000101100011 D
b10111000100011001101010110110010 C
b100110001001011010001001000111 O
b11001110011100110111000101100011 M
b10111000100011001101010110110010 N
b11010010101010101101111111001 8
b11101011111101010110011100110001 9
#2260000
0#
0:
#2265000
1#
1:
b11011111 2
b11010010101010101101111111001 ,
b11101011111101010110011100110001 -
b11100101101010101010010000000110 0
b110010010101100001100101011 1
b11011111 3
b100110001001011010001001000111 G
b100001110101010000111011111100 H
b10111000100011001101010110110010 I
b11001110011100110111000101100011 J
b1001010011010100100011001111011011000011110000000011010111010110 L
b100110001001011010001001000111 /
b10000101100101010011111101000000 7
b10000011111000100001110110111111 6
b11101011111101010110011100110001 D
b11010010101010101101111111001 C
b11000011110000000011010111010110 O
b11101011111101010110011100110001 M
b11010010101010101101111111001 N
b1111100000111011110001001000000 8
b1001011101110101110011111111 9
#2270000
0#
0:
#2275000
1#
1:
b11100000 2
b1111100000111011110001001000000 ,
b1001011101110101110011111111 -
b10000011111000100001110110111111 0
b10000101100101010011111101000000 1
b11100000 3
b11000011110000000011010111010110 G
b100110001001011010001001000111 H
b11010010101010101101111111001 I
b11101011111101010110011100110001 J
b1100001000101100110011011101111111010101001001100100110101001 L
b11000011110000000011010111010110 /
b100110111111011101101010101 7
b100010000110011001011101111000 6
b1001011101110101110011111111 D
b1111100000111011110001001000000 C
b11111010101001001100100110101001 O
b1001011101110101110011111111 M
b1111100000111011110001001000000 N
b11011101111001100110100010000111 8
b100110111110010101001011001101 9
#2280000
0#
0:
#2285000
1#
1:
b11100001 2
b11011101111001100110100010000111 ,
b100110111110010101001011001101 -
b100010000110011001011101111000 0
b100110111111011101101010101 1
b11100001 3
b11111010101001001100100110101001 G
b11000011110000000011010111010110 H
b1111100000111011110001001000000 I
b1001011101110101110011111111 J
b10010010110111010111110111011001010110100110101110111000000 L
b11111010101001001100100110101001 /
b10000100001010100011011101101010 7
b11000000010100010001000100110001 6
b100110111110010101001011001101 D
b11011101111001100110100010000111 C
b11001010110100110101110111000000 O
b100110111110010101001011001101 M
b11011101111001100110100010000111 N
b111111101011101110111011001110 8
b1000100011110110100100010011011 9
#2290000
0#
0:
#2295000
1#
1:
b11100010 2
b111111101011101110111011001110 ,
b1000100011110110100100010011011 -
b11000000010100010001000100110001 0
b10000100001010100011011101101010 1
b11100010 3
b11001010110100110101110111000000 G
b11111010101001001100100110101001 H
b11011101111001100110100010000111 I
b100110111110010101001011001101 J
b10000111001000010100000110010100110100010010111111001000011011 L
b11001010110100110101110111000000 /
b11011101001011001101111111 7
b1011110100010001000101011101010 6
b1000100011110110100100010011011 D
b111111101011101110111011001110 C
b110100010010111111001000011011 O
b1000100011110110100100010011011 M
b111111101011101110111011001110 N
b10100001011101110111010100010101 8
b1100001111111010011111001101001 9
#2300000
0#
0:
#2305000
1#
1:
b11100011 2
b10100001011101110111010100010101 ,
b1100001111111010011111001101001 -
b1011110100010001000101011101010 0
b11011101001011001101111111 1
b11100011 3
b110100010010111111001000011011 G
b11001010110100110101110111000000 H
b111111101011101110111011001110 I
b1000100011110110100100010011011 J
b1000100001001001000101000101100110111000011101000011010111010 L
b110100010010111111001000011011 /
b10000010101111110010111110010100 7
b11111100110000000000010010100011 6
b1100001111111010011111001101001 D
b10100001011101110111010100010101 C
b110111000011101000011010111010 O
b1100001111111010011111001101001 M
b10100001011101110111010100010101 N
b11001111111111101101011100 8
b1111111011111110011010000110111 9
#2310000
0#
0:
#2315000
1#
1:
b11100100 2
b11001111111111101101011100 ,
b1111111011111110011010000110111 -
b11111100110000000000010010100011 0
b10000010101111110010111110010100 1
b11100100 3
b110111000011101000011010111010 G
b110100010010111111001000011011 H
b10100001011101110111010100010101 I
b1100001111111010011111001101001 J
b11110111001101111111011100100011010011000110110001101110011101 L
b110111000011101000011010111010 /
b10000010011010101110101001 7
b10011010111101110111111001011100 6
b1111111011111110011010000110111 D
b11001111111111101101011100 C
b11010011000110110001101110011101 O
b1111111011111110011010000110111 M
b11001111111111101101011100 N
b1100101000010001000000110100011 8
b10011101000000010010101000000101 9
#2320000
0#
0:
#2325000
1#
1:
b11100101 2
b1100101000010001000000110100011 ,
b10011101000000010010101000000101 -
b10011010111101110111111001011100 0
b10000010011010101110101001 1
b11100101 3
b11010011000110110001101110011101 G
b110111000011101000011010111010 H
b11001111111111101101011100 I
b1111111011111110011010000110111 J
b110011110010110110001101000001000011100011011000011000100 L
b11010011000110110001101110011101 /
b10000001010101000010011110111110 7
b111001001011101111100000010101 6
b10011101000000010010101000000101 D
b1100101000010001000000110100011 C
b1000011100011011000011000100 O
b10011101000000010010101000000101 M
b1100101000010001000000110100011 N
b11000110110100010000011111101010 8
b10111010100000110001111111010011 9
#2330000
0#
0:
#2335000
1#
1:
b11100110 2
b11000110110100010000011111101010 ,
b10111010100000110001111111010011 -
b111001001011101111100000010101 0
b10000001010101000010011110111110 1
b11100110 3
b1000011100011011000011000100 G
b11010011000110110001101110011101 H
b1100101000010001000000110100011 I
b10011101000000010010101000000101 J
b11110111110110101011010001111011010111000100100100011000101111 L
b1000011100011011000011000100 /
b100111101010001111010011 7
b11010111011001100111000111001110 6
b10111010100000110001111111010011 D
b11000110110100010000011111101010 C
b11010111000100100100011000101111 O
b10111010100000110001111111010011 M
b11000110110100010000011111101010 N
b101000100110011000111000110001 8
b11011000000001010001010110100001 9
#2340000
0#
0:
#2345000
1#
1:
b11100111 2
b101000100110011000111000110001 ,
b11011000000001010001010110100001 -
b11010111011001100111000111001110 0
b100111101010001111010011 1
b11100111 3
b11010111000100100100011000101111 G
b1000011100011011000011000100 H
b11000110110100010000011111101010 I
b10111010100000110001111111010011 J
b1001000011011001101101010110111000111110111111001101101111011110 L
b11010111000100100100011000101111 /
b1111111111010010001111111101000 7
b1110101100111011110101110000111 6
b11011000000001010001010110100001 D
b101000100110011000111000110001 C
b111110111111001101101111011110 O
b11011000000001010001010110100001 M
b101000100110011000111000110001 N
b10001010011000100001010001111000 8
b11110101100001110000101101101111 9
#2350000
0#
0:
#2355000
1#
1:
b11101000 2
b10001010011000100001010001111000 ,
b11110101100001110000101101101111 -
b1110101100111011110101110000111 0
b1111111111010010001111111101000 1
b11101000 3
b111110111111001101101111011110 G
b11010111000100100100011000101111 H
b101000100110011000111000110001 I
b11011000000001010001010110100001 J
b10001001000010010111100110011101000000001100010111000111010001 L
b111110111111001101101111011110 /
b11111111001100111001101111111101 7
b10011110101010110010101000000 6
b11110101100001110000101101101111 D
b10001010011000100001010001111000 C
b1000000001100010111000111010001 O
b11110101100001110000101101101111 M
b10001010011000100001010001111000 N
b11101100001010101001101010111111 8
b10011000010010000000100111101 9
#2360000
0#
0:
#2365000
1#
1:
b11101001 2
b11101100001010101001101010111111 ,
b10011000010010000000100111101 -
b10011110101010110010101000000 0
b11111111001100111001101111111101 1
b11101001 3
b1000000001100010111000111010001 G
b111110111111001101101111011110 H
b10001010011000100001010001111000 I
b11110101100001110000101101101111 J
b1000010010111000110111010111110111011010101100000000100000001000 L
b1000000001100010111000111010001 /
b1111110011111100001100000010010 7
b10110010000011001101111011111001 6
b10011000010010000000100111101 D
b11101100001010101001101010111111 C
b11011010101100000000100000001000 O
b10011000010010000000100111101 M
b11101100001010101001101010111111 N
b1001101111100110010000100000110 8
b110000100010101111011100001011 9
#2370000
0#
0:
#2375000
1#
1:
b11101010 2
b1001101111100110010000100000110 ,
b110000100010101111011100001011 -
b10110010000011001101111011111001 0
b1111110011111100001100000010010 1
b11101010 3
b11011010101100000000100000001000 G
b1000000001100010111000111010001 H
b11101100001010101001101010111111 I
b10011000010010000000100111101 J
b1000110001111011110000010000000001110011110001001111010000011 L
b11011010101100000000100000001000 /
b11111101110010001001010000100111 7
b1010000010001000101100010110010 6
b110000100010101111011100001011 D
b1001101111100110010000100000110 C
b1110011110001001111010000011 O
b110000100010101111011100001011 M
b1001101111100110010000100000110 N
b10101111101110111010011101001101 8
b1001110000011001110110011011001 9
#2380000
0#
0:
#2385000
1#
1:
b11101011 2
b10101111101110111010011101001101 ,
b1001110000011001110110011011001 -
b1010000010001000101100010110010 0
b11111101110010001001010000100111 1
b11101011 3
b1110011110001001111010000011 G
b11011010101100000000100000001000 H
b1001101111100110010000100000110 I
b110000100010101111011100001011 J
b111011000111111001100111100111011011100010110011010101000010 L
b1110011110001001111010000011 /
b1111101000100110001000000111100 7
b11101110011110111101001001101011 6
b1001110000011001110110011011001 D
b10101111101110111010011101001101 C
b11011011100010110011010101000010 O
b1001110000011001110110011011001 M
b10101111101110111010011101001101 N
b10001100001000010110110010100 8
b1101011100011101110001010100111 9
#2390000
0#
0:
#2395000
1#
1:
b11101100 2
b10001100001000010110110010100 ,
b1101011100011101110001010100111 -
b11101110011110111101001001101011 0
b1111101000100110001000000111100 1
b11101100 3
b11011011100010110011010101000010 G
b1110011110001001111010000011 H
b10101111101110111010011101001101 I
b1001110000011001110110011011001 J
b11010110010100000011000101101101000001111001111100110001000101 L
b11011011100010110011010101000010 /
b11111100010111011000110001010001 7
b10001100101100110100110000100100 6
b1101011100011101110001010100111 D
b10001100001000010110110010100 C
b1000001111001111100110001000101 O
b1101011100011101110001010100111 M
b10001100001000010110110010100 N
b1110011010011001011001111011011 8
b10001001000100001101100001110101 9
#2400000
0#
0:
#2405000
1#
1:
b11101101 2
b1110011010011001011001111011011 ,
b10001001000100001101100001110101 -
b10001100101100110100110000100100 0
b11111100010111011000110001010001 1
b11101101 3
b1000001111001111100110001000101 G
b11011011100010110011010101000010 H
b10001100001000010110110010100 I
b1101011100011101110001010100111 J
b11101011100000001011110000001000001100011100110001110001100 L
b1000001111001111100110001000101 /
b1111011101010000000100001100110 7
b101010111010101100010111011101 6
b10001001000100001101100001110101 D
b1110011010011001011001111011011 C
b1000001100011100110001110001100 O
b10001001000100001101100001110101 M
b1110011010011001011001111011011 N
b11010101000101010011101000100010 8
b10100110100100101100111001000011 9
#2410000
0#
0:
#2415000
1#
1:
b11101110 2
b11010101000101010011101000100010 ,
b10100110100100101100111001000011 -
b101010111010101100010111011101 0
b1111011101010000000100001100110 1
b11101110 3
b1000001100011100110001110001100 G
b1000001111001111100110001000101 H
b1110011010011001011001111011011 I
b10001001000100001101100001110101 J
b11110110111011101000101000100011011010011111101111101100010111 L
b1000001100011100110001110001100 /
b11111010111100101000010001111011 7
b11001001001000100011111110010110 6
b10100110100100101100111001000011 D
b11010101000101010011101000100010 C
b11011010011111101111101100010111 O
b10100110100100101100111001000011 M
b11010101000101010011101000100010 N
b110110110111011100000001101001 8
b11000100000101001100010000010001 9
#2420000
0#
0:
#2425000
1#
1:
b11101111 2
b110110110111011100000001101001 ,
b11000100000101001100010000010001 -
b11001001001000100011111110010110 0
b11111010111100101000010001111011 1
b11101111 3
b11011010011111101111101100010111 G
b1000001100011100110001110001100 H
b11010101000101010011101000100010 I
b10100110100100101100111001000011 J
b1000101010100101111101010111110000001100101110011001001011100110 L
b11011010011111101111101100010111 /
b1111010001111010000000010010000 7
b1100111010110011011100101001111 6
b11000100000101001100010000010001 D
b110110110111011100000001101001 C
b1100101110011001001011100110 O
b11000100000101001100010000010001 M
b110110110111011100000001101001 N
b10011000101001100100011010110000 8
b11100001100101101011100111011111 9
#2430000
0#
0:
#2435000
1#
1:
b11110000 2
b10011000101001100100011010110000 ,
b11100001100101101011100111011111 -
b1100111010110011011100101001111 0
b1111010001111010000000010010000 1
b11110000 3
b1100101110011001001011100110 G
b11011010011111101111101100010111 H
b110110110111011100000001101001 I
b11000100000101001100010000010001 J
b10101000000110001110101010100011011000001111100010101011111001 L
b1100101110011001001011100110 /
b11111001100001110111110010100101 7
b101100100010011001100001000 6
b11100001100101101011100111011111 D
b10011000101001100100011010110000 C
b11011000001111100010101011111001 O
b11100001100101101011100111011111 M
b10011000101001100100011010110000 N
b11111010011011101100110011110111 8
b11111111000110001010111110101101 9
#2440000
0#
0:
#2445000
1#
1:
b11110001 2
b11111010011011101100110011110111 ,
b11111111000110001010111110101101 -
b101100100010011001100001000 0
b11111001100001110111110010100101 1
b11110001 3
b11011000001111100010101011111001 G
b1100101110011001001011100110 H
b10011000101001100100011010110000 I
b11100001100101101011100111011111 J
b1000011010000100000001000110001100111101000011001100001101010000 L
b11011000001111100010101011111001 /
b1111000110100011111100010111010 7
b10100011110010001010110011000001 6
b11111111000110001010111110101101 D
b11111010011011101100110011110111 C
b111101000011001100001101010000 O
b11111111000110001010111110101101 M
b11111010011011101100110011110111 N
b1011100001101110101001100111110 8
b11100100110101010010101111011 9
#2450000
0#
0:
#2455000
1#
1:
b11110010 2
b1011100001101110101001100111110 ,
b11100100110101010010101111011 -
b10100011110010001010110011000001 0
b1111000110100011111100010111010 1
b11110010 3
b111101000011001100001101010000 G
b11011000001111100010101011111001 H
b11111010011011101100110011110111 I
b11111111000110001010111110101101 J
b1111100110001100100001000110100000111011001001010101101111101011 L
b111101000011001100001101010000 /
b11111000000111000111010011001111 7
b1000010000000000010011001111010 6
b11100100110101010010101111011 D
b1011100001101110101001100111110 C
b111011001001010101101111101011 O
b11100100110101010010101111011 M
b1011100001101110101001100111110 N
b10111101111111111101100110000101 8
b111010000111001001101101001001 9
#2460000
0#
0:
#2465000
1#
1:
b11110011 2
b10111101111111111101100110000101 ,
b111010000111001001101101001001 -
b1000010000000000010011001111010 0
b11111000000111000111010011001111 1
b11110011 3
b111011001001010101101111101011 G
b111101000011001100001101010000 H
b1011100001101110101001100111110 I
b11100100110101010010101111011 J
b101001001101110000011111111011010010100001111111010011001010 L
b111011001001010101101111101011 /
b1110111011001101111000011100100 7
b11100000001101111010000000110011 6
b111010000111001001101101001001 D
b10111101111111111101100110000101 C
b11010010100001111111010011001010 O
b111010000111001001101101001001 M
b10111101111111111101100110000101 N
b11111110010000101111111001100 8
b1010111100111101001000100010111 9
#2470000
0#
0:
#2475000
1#
1:
b11110100 2
b11111110010000101111111001100 ,
b1010111100111101001000100010111 -
b11100000001101111010000000110011 0
b1110111011001101111000011100100 1
b11110100 3
b11010010100001111111010011001010 G
b111011001001010101101111101011 H
b10111101111111111101100110000101 I
b111010000111001001101101001001 J
b10101100100001001100101000010000000011001101001000110111101101 L
b11010010100001111111010011001010 /
b11110110101100010110110011111001 7
b1111110011011110001100111101100 6
b1010111100111101001000100010111 D
b11111110010000101111111001100 C
b11001101001000110111101101 O
b1010111100111101001000100010111 M
b11111110010000101111111001100 N
b10000001100100001110011000010011 8
b1110101001000001000011011100101 9
#2480000
0#
0:
#2485000
1#
1:
b11110101 2
b10000001100100001110011000010011 ,
b1110101001000001000011011100101 -
b1111110011011110001100111101100 0
b11110110101100010110110011111001 1
b11110101 3
b11001101001000110111101101 G
b11010010100001111111010011001010 H
b11111110010000101111111001100 I
b1010111100111101001000100010111 J
b101011100000110010000011110011001101001010110010011101010100 L
b11001101001000110111101101 /
b1110101111110111110100100001110 7
b11100101001101001001110100101 6
b1110101001000001000011011100101 D
b10000001100100001110011000010011 C
b11001101001010110010011101010100 O
b1110101001000001000011011100101 M
b10000001100100001110011000010011 N
b11100011010110010110110001011010 8
b10010010101000100111110010110011 9
#2490000
0#
0:
#2495000
1#
1:
b11110110 2
b11100011010110010110110001011010 ,
b10010010101000100111110010110011 -
b11100101001101001001110100101 0
b1110101111110111110100100001110 1
b11110110 3
b11001101001010110010011101010100 G
b11001101001000110111101101 H
b10000001100100001110011000010011 I
b1110101001000001000011011100101 J
b11101101000111101011111000100100110000011010111100000011111111 L
b11001101001010110010011101010100 /
b11110101010001100110010100100011 7
b10111010110111100000110101011110 6
b10010010101000100111110010110011 D
b11100011010110010110110001011010 C
b110000011010111100000011111111 O
b10010010101000100111110010110011 M
b11100011010110010110110001011010 N
b1000101001000011111001010100001 8
b10110000001001000111001010000001 9
#2500000
0#
0:
#2505000
1#
1:
b11110111 2
b1000101001000011111001010100001 ,
b10110000001001000111001010000001 -
b10111010110111100000110101011110 0
b11110101010001100110010100100011 1
b11110111 3
b110000011010111100000011111111 G
b11001101001010110010011101010100 H
b11100011010110010110110001011010 I
b10010010101000100111110010110011 J
b1000001000111001010011010010000000101100111101100101101011101110 L
b110000011010111100000011111111 /
b1110100100100001110000100111000 7
b1011001000101011000011100010111 6
b10110000001001000111001010000001 D
b1000101001000011111001010100001 C
b101100111101100101101011101110 O
b10110000001001000111001010000001 M
b1000101001000011111001010100001 N
b10100110111010100111100011101000 8
b11001101101001100110100001001111 9
#2510000
0#
0:
#2515000
1#
1:
b11111000 2
b10100110111010100111100011101000 ,
b11001101101001100110100001001111 -
b1011001000101011000011100010111 0
b1110100100100001110000100111000 1
b11111000 3
b101100111101100101101011101110 G
b110000011010111100000011111111 H
b1000101001000011111001010100001 I
b10110000001001000111001010000001 J
b10111110010001001011101000000011000010110010101111010100100001 L
b101100111101100101101011101110 /
b11110011110110110101110101001101 7
b11110111010011010000000011010000 6
b11001101101001100110100001001111 D
b10100110111010100111100011101000 C
b11000010110010101111010100100001 O
b11001101101001100110100001001111 M
b10100110111010100111100011101000 N
b1000101100101111111100101111 8
b11101011001010000101111000011101 9
#2520000
0#
0:
#2525000
1#
1:
b11111001 2
b1000101100101111111100101111 ,
b11101011001010000101111000011101 -
b11110111010011010000000011010000 0
b11110011110110110101110101001101 1
b11111001 3
b11000010110010101111010100100001 G
b101100111101100101101011101110 H
b10100110111010100111100011101000 I
b11001101101001100110100001001111 J
b1000011000010110010000101101111011110001111010011000111110011000 L
b11000010110010101111010100100001 /
b1110011001001011101100101100010 7
b10010101100001000111101010001001 6
b11101011001010000101111000011101 D
b1000101100101111111100101111 C
b11110001111010011000111110011000 O
b11101011001010000101111000011101 M
b1000101100101111111100101111 N
b1101010011110111000010101110110 8
b1000101010100101001111101011 9
#2530000
0#
0:
#2535000
1#
1:
b11111010 2
b1101010011110111000010101110110 ,
b1000101010100101001111101011 -
b10010101100001000111101010001001 0
b1110011001001011101100101100010 1
b11111010 3
b11110001111010011000111110011000 G
b11000010110010101111010100100001 H
b1000101100101111111100101111 I
b11101011001010000101111000011101 J
b11111111101101011110110101010111010010100100010101001010011 L
b11110001111010011000111110011000 /
b11110010011100000101010101110111 7
b110011101110111111010001000010 6
b1000101010100101001111101011 D
b1101010011110111000010101110110 C
b10111010010100100010101001010011 O
b1000101010100101001111101011 M
b1101010011110111000010101110110 N
b11001100010001000000101110111101 8
b100110001011000100100110111001 9
#2540000
0#
0:
#2545000
1#
1:
b11111011 2
b11001100010001000000101110111101 ,
b100110001011000100100110111001 -
b110011101110111111010001000010 0
b11110010011100000101010101110111 1
b11111011 3
b10111010010100100010101001010011 G
b11110001111010011000111110011000 H
b1101010011110111000010101110110 I
b1000101010100101001111101011 J
b1110011010101101010001101000011100000001001100010101010010 L
b10111010010100100010101001010011 /
b1110001101110101101000110001100 7
b11010001111100110110110111111011 6
b100110001011000100100110111001 D
b11001100010001000000101110111101 C
b11100000001001100010101010010 O
b100110001011000100100110111001 M
b11001100010001000000101110111101 N
b101110000011001001001000000100 8
b1000011101011100011111110000111 9
#2550000
0#
0:
#2555000
1#
1:
b11111100 2
b101110000011001001001000000100 ,
b1000011101011100011111110000111 -
b11010001111100110110110111111011 0
b1110001101110101101000110001100 1
b11111100 3
b11100000001001100010101010010 G
b10111010010100100010101001010011 H
b11001100010001000000101110111101 I
b100110001011000100100110111001 J
b1111001110101011100000100001100010111000000010110000010010101 L
b11100000001001100010101010010 /
b11110001000001010100110110100001 7
b1110000001010101110011110110100 6
b1000011101011100011111110000111 D
b101110000011001001001000000100 C
b10111000000010110000010010101 O
b1000011101011100011111110000111 M
b101110000011001001001000000100 N
b10001111110101010001100001001011 8
b1100001001100000011010101010101 9
#2560000
0#
0:
#2565000
1#
1:
b11111101 2
b10001111110101010001100001001011 ,
b1100001001100000011010101010101 -
b1110000001010101110011110110100 0
b11110001000001010100110110100001 1
b11111101 3
b10111000000010110000010010101 G
b11100000001001100010101010010 H
b101110000011001001001000000100 I
b1000011101011100011111110000111 J
b110000101100101000100010111110101011010001111111110000011100 L
b10111000000010110000010010101 /
b1110000010011111100100110110110 7
b1110011000100110000101101101 6
b1100001001100000011010101010101 D
b10001111110101010001100001001011 C
b10101011010001111111110000011100 O
b1100001001100000011010101010101 M
b10001111110101010001100001001011 N
b11110001100111011001111010010010 8
b1111110101100100010101100100011 9
#2570000
0#
0:
#2575000
1#
1:
b11111110 2
b11110001100111011001111010010010 ,
b1111110101100100010101100100011 -
b1110011000100110000101101101 0
b1110000010011111100100110110110 1
b11111110 3
b10101011010001111111110000011100 G
b10111000000010110000010010101 H
b10001111110101010001100001001011 I
b1100001001100000011010101010101 J
b11011010011010110101000001111111011000110110001001011111100111 L
b10101011010001111111110000011100 /
b11101111100110100100010111001011 7
b10101100100110011101101100100110 6
b1111110101100100010101100100011 D
b11110001100111011001111010010010 C
b11011000110110001001011111100111 O
b1111110101100100010101100100011 M
b11110001100111011001111010010010 N
b1010011011001100010010011011001 8
b10011100001101000010000011110001 9
#2580000
0#
0:
#2585000
1#
1:
b11111111 2
b1010011011001100010010011011001 ,
b10011100001101000010000011110001 -
b10101100100110011101101100100110 0
b11101111100110100100010111001011 1
b11111111 3
b11011000110110001001011111100111 G
b10101011010001111111110000011100 H
b11110001100111011001111010010010 I
b1111110101100100010101100100011 J
b111011110010011101111000101101010011111101100110011001111110110 L
b11011000110110001001011111100111 /
b1101110111001001100000111100000 7
b1001010110100010101010011011111 6
b10011100001101000010000011110001 D
b1010011011001100010010011011001 C
b10011111101100110011001111110110 O
b10011100001101000010000011110001 M
b1010011011001100010010011011001 N
b10110101001011101010101100100000 8
b10111001101101100001011010111111 9
#2590000
0#
0:
#2595000
1#
1:
b100000000 2
b10110101001011101010101100100000 ,
b10111001101101100001011010111111 -
b1001010110100010101010011011111 0
b1101110111001001100000111100000 1
b100000000 3
b10011111101100110011001111110110 G
b11011000110110001001011111100111 H
b1010011011001100010010011011001 I
b10011100001101000010000011110001 J
b11001011100011001110011110111011111111110101111101000001001001 L
b10011111101100110011001111110110 /
b11101110001011110011110111110101 7
b11101001000010001100111010011000 6
b10111001101101100001011010111111 D
b10110101001011101010101100100000 C
b11111111110101111101000001001001 O
b10111001101101100001011010111111 M
b10110101001011101010101100100000 N
b10110111101110011000101100111 8
b11010111001110000000110010001101 9
#2600000
0#
0:
#2605000
1#
1:
b100000001 2
b10110111101110011000101100111 ,
b11010111001110000000110010001101 -
b11101001000010001100111010011000 0
b11101110001011110011110111110101 1
b100000001 3
b11111111110101111101000001001001 G
b10011111101100110011001111110110 H
b10110101001011101010101100100000 I
b10111001101101100001011010111111 J
b1000001101101111100110001111000011111001010001100110110011100000 L
b11111111110101111101000001001001 /
b1101101011110011011101000001010 7
b10000111010000000100100001010001 6
b11010111001110000000110010001101 D
b10110111101110011000101100111 C
b11111001010001100110110011100000 O
b11010111001110000000110010001101 M
b10110111101110011000101100111 N
b1111000101111111011011110101110 8
b11110100101110100000001001011011 9
#2610000
0#
0:
#2615000
1#
1:
b100000010 2
b1111000101111111011011110101110 ,
b11110100101110100000001001011011 -
b10000111010000000100100001010001 0
b1101101011110011011101000001010 1
b100000010 3
b11111001010001100110110011100000 G
b11111111110101111101000001001001 H
b10110111101110011000101100111 I
b11010111001110000000110010001101 J
b1001101001110101000011011000010001011111111110000100110111011 L
b11111001010001100110110011100000 /
b11101100110001000011011000011111 7
b100101011101111100001000001010 6
b11110100101110100000001001011011 D
b1111000101111111011011110101110 C
b10001011111111110000100110111011 O
b11110100101110100000001001011011 M
b1111000101111111011011110101110 N
b11011010100010000011110111110101 8
b10010001110111111100000101001 9
#2620000
0#
0:
#2625000
1#
1:
b100000011 2
b11011010100010000011110111110101 ,
b10010001110111111100000101001 -
b100101011101111100001000001010 0
b11101100110001000011011000011111 1
b100000011 3
b10001011111111110000100110111011 G
b11111001010001100110110011100000 H
b1111000101111111011011110101110 I
b11110100101110100000001001011011 J
b111001101101110011101110111100110111000000000011010011011011010 L
b10001011111111110000100110111011 /
b1101100000011101011001000110100 7
b11000011101011110011101111000011 6
b10010001110111111100000101001 D
b11011010100010000011110111110101 C
b10111000000000011010011011011010 O
b10010001110111111100000101001 M
b11011010100010000011110111110101 N
b111100010100001100010000111100 8
b101111101111011110110111110111 9
#2630000
0#
0:
#2635000
1#
1:
b100000100 2
b111100010100001100010000111100 ,
b101111101111011110110111110111 -
b11000011101011110011101111000011 0
b1101100000011101011001000110100 1
b100000100 3
b10111000000000011010011011011010 G
b10001011111111110000100110111011 H
b11011010100010000011110111110101 I
b10010001110111111100000101001 J
b111110010000110001011001100001111101010011100100010000111101 L
b10111000000000011010011011011010 /
b11101011010110010010111001001001 7
b1100001111001101011010101111100 6
b101111101111011110110111110111 D
b111100010100001100010000111100 C
b1111101010011100100010000111101 O
b101111101111011110110111110111 M
b111100010100001100010000111100 N
b10011110000110010100101010000011 8
b1001101001111111110001111000101 9
#2640000
0#
0:
#2645000
1#
1:
b100000101 2
b10011110000110010100101010000011 ,
b1001101001111111110001111000101 -
b1100001111001101011010101111100 0
b11101011010110010010111001001001 1
b100000101 3
b1111101010011100100010000111101 G
b10111000000000011010011011011010 H
b111100010100001100010000111100 I
b101111101111011110110111110111 J
b101100111111100100111011100011011011111001001110000111100100 L
b1111101010011100100010000111101 /
b1101010101000111010101001011110 7
b111100010111100110101 6
b1001101001111111110001111000101 D
b10011110000110010100101010000011 C
b11011011111001001110000111100100 O
b1001101001111111110001111000101 M
b10011110000110010100101010000011 N
b11111111111000011101000011001010 8
b1101010110000011101100110010011 9
#2650000
0#
0:
#2655000
1#
1:
b100000110 2
b11111111111000011101000011001010 ,
b1101010110000011101100110010011 -
b111100010111100110101 0
b1101010101000111010101001011110 1
b100000110 3
b11011011111001001110000111100100 G
b1111101010011100100010000111101 H
b10011110000110010100101010000011 I
b1001101001111111110001111000101 J
b10111110110101000100000100110011010011110001010111111111001111 L
b11011011111001001110000111100100 /
b11101001111011100010011001110011 7
b10011110010101011010100011101110 6
b1101010110000011101100110010011 D
b11111111111000011101000011001010 C
b11010011110001010111111111001111 O
b1101010110000011101100110010011 M
b11111111111000011101000011001010 N
b1100001101010100101011100010001 8
b10001000010000111100111101100001 9
#2660000
0#
0:
#2665000
1#
1:
b100000111 2
b1100001101010100101011100010001 ,
b10001000010000111100111101100001 -
b10011110010101011010100011101110 0
b11101001111011100010011001110011 1
b100000111 3
b11010011110001010111111111001111 G
b11011011111001001110000111100100 H
b11111111111000011101000011001010 I
b1101010110000011101100110010011 J
b110101010110101010000110010101101100100111100000001110111111110 L
b11010011110001010111111111001111 /
b1101001001110001010001010001000 7
b111100100011010010001010100111 6
b10001000010000111100111101100001 D
b1100001101010100101011100010001 C
b1100100111100000001110111111110 O
b10001000010000111100111101100001 M
b1100001101010100101011100010001 N
b11000011011100101101110101011000 8
b10100101110001011100010100101111 9
#2670000
0#
0:
#2675000
1#
1:
b100001000 2
b11000011011100101101110101011000 ,
b10100101110001011100010100101111 -
b111100100011010010001010100111 0
b1101001001110001010001010001000 1
b100001000 3
b1100100111100000001110111111110 G
b11010011110001010111111111001111 H
b1100001101010100101011100010001 I
b10001000010000111100111101100001 J
b11001111111100010111001111001110001111011001001011110001110001 L
b1100100111100000001110111111110 /
b11101000100000110001111010011101 7
b11011010110001001001110001100000 6
b10100101110001011100010100101111 D
b11000011011100101101110101011000 C
b10001111011001001011110001110001 O
b10100101110001011100010100101111 M
b11000011011100101101110101011000 N
b100101001110110110001110011111 8
b11000011010001111011101011111101 9
#2680000
0#
0:
#2685000
1#
1:
b100001001 2
b100101001110110110001110011111 ,
b11000011010001111011101011111101 -
b11011010110001001001110001100000 0
b11101000100000110001111010011101 1
b100001001 3
b10001111011001001011110001110001 G
b1100100111100000001110111111110 H
b11000011011100101101110101011000 I
b10100101110001011100010100101111 J
b111111010010000000001101001100101010011001000110101101100101000 L
b10001111011001001011110001110001 /
b1100111110011011001101010110010 7
b1111000111111000001011000011001 6
b11000011010001111011101011111101 D
b100101001110110110001110011111 C
b1010011001000110101101100101000 O
b11000011010001111011101011111101 M
b100101001110110110001110011111 N
b10000111000000111110100111100110 8
b11100000110010011011000011001011 9
#2690000
0#
0:
#2695000
1#
1:
b100001010 2
b10000111000000111110100111100110 ,
b11100000110010011011000011001011 -
b1111000111111000001011000011001 0
b1100111110011011001101010110010 1
b100001010 3
b1010011001000110101101100101000 G
b10001111011001001011110001110001 H
b100101001110110110001110011111 I
b11000011010001111011101011111101 J
b1110001100110101010111000110010110000001010111111101000100011 L
b1010011001000110101101100101000 /
b11100111000110000001011011000111 7
b10111001100111000111111010010 6
b11100000110010011011000011001011 D
b10000111000000111110100111100110 C
b10110000001010111111101000100011 O
b11100000110010011011000011001011 M
b10000111000000111110100111100110 N
b11101000110011000111000000101101 8
b11111110010010111010011010011001 9
#2700000
0#
0:
#2705000
1#
1:
b100001011 2
b11101000110011000111000000101101 ,
b11111110010010111010011010011001 -
b10111001100111000111111010010 0
b11100111000110000001011011000111 1
b100001011 3
b10110000001010111111101000100011 G
b1010011001000110101101100101000 H
b10000111000000111110100111100110 I
b11100000110010011011000011001011 J
b111011010001101110010111111100110100110011111101001100101100010 L
b10110000001010111111101000100011 /
b1100110011000101001001011011100 7
b10110101011010110000100110001011 6
b11111110010010111010011010011001 D
b11101000110011000111000000101101 C
b10100110011111101001100101100010 O
b11111110010010111010011010011001 M
b11101000110011000111000000101101 N
b1001010100101001111011001110100 8
b11011110011011001110001100111 9
#2710000
0#
0:
#2715000
1#
1:
b100001100 2
b1001010100101001111011001110100 ,
b11011110011011001110001100111 -
b10110101011010110000100110001011 0
b1100110011000101001001011011100 1
b100001100 3
b10100110011111101001100101100010 G
b10110000001010111111101000100011 H
b11101000110011000111000000101101 I
b11111110010010111010011010011001 J
b1110011100111111101000101011000100110110000110110011100011100101 L
b10100110011111101001100101100010 /
b11100101101011010000111011110001 7
b1010011101000101000001101000100 6
b11011110011011001110001100111 D
b1001010100101001111011001110100 C
b110110000110110011100011100101 O
b11011110011011001110001100111 M
b1001010100101001111011001110100 N
b10101100010111010111110010111011 8
b111001010011111001001000110101 9
#2720000
0#
0:
#2725000
1#
1:
b100001101 2
b10101100010111010111110010111011 ,
b111001010011111001001000110101 -
b1010011101000101000001101000100 0
b11100101101011010000111011110001 1
b100001101 3
b110110000110110011100011100101 G
b10100110011111101001100101100010 H
b1001010100101001111011001110100 I
b11011110011011001110001100111 J
b100000011001100111001101100001011111000000011101100010101100 L
b110110000110110011100011100101 /
b1100100111101111000101100000110 7
b11110001110110011111110011111101 6
b111001010011111001001000110101 D
b10101100010111010111110010111011 C
b1011111000000011101100010101100 O
b111001010011111001001000110101 M
b10101100010111010111110010111011 N
b1110001001100000001100000010 8
b1010110110100011000100000000011 9
#2730000
0#
0:
#2735000
1#
1:
b100001110 2
b1110001001100000001100000010 ,
b1010110110100011000100000000011 -
b11110001110110011111110011111101 0
b1100100111101111000101100000110 1
b100001110 3
b1011111000000011101100010101100 G
b110110000110110011100011100101 H
b10101100010111010111110010111011 I
b111001010011111001001000110101 J
b10011010010110011001000001000000100001001100100111100010110111 L
b1011111000000011101100010101100 /
b11100100010000100000011100011011 7
b10010000000100010111011010110110 6
b1010110110100011000100000000011 D
b1110001001100000001100000010 C
b100001001100100111100010110111 O
b1010110110100011000100000000011 M
b1110001001100000001100000010 N
b1101111111011101000100101001001 8
b1110100010100110111110111010001 9
#2740000
0#
0:
#2745000
1#
1:
b100001111 2
b1101111111011101000100101001001 ,
b1110100010100110111110111010001 -
b10010000000100010111011010110110 0
b11100100010000100000011100011011 1
b100001111 3
b100001001100100111100010110111 G
b1011111000000011101100010101100 H
b1110001001100000001100000010 I
b1010110110100011000100000000011 J
b10011001100010110011000111101111100101011010001100100000110 L
b100001001100100111100010110111 /
b1100011100011001000001100110000 7
b101110010010001111000001101111 6
b1110100010100110111110111010001 D
b1101111111011101000100101001001 C
b1111100101011010001100100000110 O
b1110100010100110111110111010001 M
b1101111111011101000100101001001 N
b11010001101101110000111110010000 8
b10010001110101010111001110011111 9
#2750000
0#
0:
#2755000
1#
1:
b100010000 2
b11010001101101110000111110010000 ,
b10010001110101010111001110011111 -
b101110010010001111000001101111 0
b1100011100011001000001100110000 1
b100010000 3
b1111100101011010001100100000110 G
b100001001100100111100010110111 H
b1101111111011101000100101001001 I
b1110100010100110111110111010001 J
b11001011011100100101111000111001110001011100011011100110011001 L
b1111100101011010001100100000110 /
b11100010110101101111111101000101 7
b11001100100000000110101000101000 6
b10010001110101010111001110011111 D
b11010001101101110000111110010000 C
b1110001011100011011100110011001 O
b10010001110101010111001110011111 M
b11010001101101110000111110010000 N
b110011011111111001010111010111 8
b10101111010101110110100101101101 9
#2760000
0#
0:
#2765000
1#
1:
b100010001 2
b110011011111111001010111010111 ,
b10101111010101110110100101101101 -
b11001100100000000110101000101000 0
b11100010110101101111111101000101 1
b100010001 3
b1110001011100011011100110011001 G
b1111100101011010001100100000110 H
b11010001101101110000111110010000 I
b10010001110101010111001110011111 J
b111011101110111100010111101011111111111100000000101101001110000 L
b1110001011100011011100110011001 /
b1100010001000010111101101011010 7
b1101010101101111110001111100001 6
b10101111010101110110100101101101 D
b110011011111111001010111010111 C
b11111111100000000101101001110000 O
b10101111010101110110100101101101 M
b110011011111111001010111010111 N
b10010101010010000001110000011110 8
b11001100110110010101111100111011 9
#2770000
0#
0:
#2775000
1#
1:
b100010010 2
b10010101010010000001110000011110 ,
b11001100110110010101111100111011 -
b1101010101101111110001111100001 0
b1100010001000010111101101011010 1
b100010010 3
b11111111100000000101101001110000 G
b1110001011100011011100110011001 H
b110011011111111001010111010111 I
b10101111010101110110100101101101 J
b10001101000101110011001111111100100110110110001111101110001011 L
b11111111100000000101101001110000 /
b11100001011010111111011101101111 7
b1000111011110101110110011010 6
b11001100110110010101111100111011 D
b10010101010010000001110000011110 C
b100110110110001111101110001011 O
b11001100110110010101111100111011 M
b10010101010010000001110000011110 N
b11110111000100001010001001100101 8
b11101010010110110101010100001001 9
#2780000
0#
0:
#2785000
1#
1:
b100010011 2
b11110111000100001010001001100101 ,
b11101010010110110101010100001001 -
b1000111011110101110110011010 0
b11100001011010111111011101101111 1
b100010011 3
b100110110110001111101110001011 G
b11111111100000000101101001110000 H
b10010101010010000001110000011110 I
b11001100110110010101111100111011 J
b111011101110100001110000000111111100111011110111001110011101010 L
b100110110110001111101110001011 /
b1100000101101100111001110000100 7
b10100111001001101101011101010011 6
b11101010010110110101010100001001 D
b11110111000100001010001001100101 C
b11100111011110111001110011101010 O
b11101010010110110101010100001001 M
b11110111000100001010001001100101 N
b1011000110110010010100010101100 8
b111110111010100101011010111 9
#2790000
0#
0:
#2795000
1#
1:
b100010100 2
b1011000110110010010100010101100 ,
b111110111010100101011010111 -
b10100111001001101101011101010011 0
b1100000101101100111001110000100 1
b100010100 3
b11100111011110111001110011101010 G
b100110110110001111101110001011 H
b11110111000100001010001001100101 I
b11101010010110110101010100001001 J
b1110001000101101010110010110101101000001011010000011111010001101 L
b11100111011110111001110011101010 /
b11100000000000001110111110011001 7
b1000101010111100101000100001100 6
b111110111010100101011010111 D
b1011000110110010010100010101100 C
b1000001011010000011111010001101 O
b111110111010100101011010111 M
b1011000110110010010100010101100 N
b10111010101000011010111011110011 8
b100101010111110100000010100101 9
#2800000
0#
0:
#2805000
1#
1:
b100010101 2
b10111010101000011010111011110011 ,
b100101010111110100000010100101 -
b1000101010111100101000100001100 0
b11100000000000001110111110011001 1
b100010101 3
b1000001011010000011111010001101 G
b11100111011110111001110011101010 H
b1011000110110010010100010101100 I
b111110111010100101011010111 J
b1010111010101111011000111000110100100111101110000001110100 L
b1000001011010000011111010001101 /
b1011111010010110110101110101110 7
b11100011100101011100101011000101 6
b100101010111110100000010100101 D
b10111010101000011010111011110011 C
b110100100111101110000001110100 O
b100101010111110100000010100101 M
b10111010101000011010111011110011 N
b11100011010100011010100111010 8
b1000010111000010011011001110011 9
#2810000
0#
0:
#2815000
1#
1:
b100010110 2
b11100011010100011010100111010 ,
b1000010111000010011011001110011 -
b11100011100101011100101011000101 0
b1011111010010110110101110101110 1
b100010110 3
b110100100111101110000001110100 G
b1000001011010000011111010001101 H
b10111010101000011010111011110011 I
b100101010111110100000010100101 J
b1101100111110110011110110100111000001000111111000001010011111 L
b110100100111101110000001110100 /
b11011110100101011110011111000011 7
b10000001110011010100010001111110 6
b1000010111000010011011001110011 D
b11100011010100011010100111010 C
b11000001000111111000001010011111 O
b1000010111000010011011001110011 M
b11100011010100011010100111010 N
b1111110001100101011101110000001 8
b1100000011000110010110001000001 9
#2820000
0#
0:
#2825000
1#
1:
b100010111 2
b1111110001100101011101110000001 ,
b1100000011000110010110001000001 -
b10000001110011010100010001111110 0
b11011110100101011110011111000011 1
b100010111 3
b11000001000111111000001010011111 G
b110100100111101110000001110100 H
b11100011010100011010100111010 I
b1000010111000010011011001110011 J
b11101101100011000010001110011100110111010100010010100001110 L
b11000001000111111000001010011111 /
b1011101111000000110001111011000 7
b100000000001001011111000110111 6
b1100000011000110010110001000001 D
b1111110001100101011101110000001 C
b11100110111010100010010100001110 O
b1100000011000110010110001000001 M
b1111110001100101011101110000001 N
b11011111111110110100000111001000 8
b1111101111001010010001000001111 9
#2830000
0#
0:
#2835000
1#
1:
b100011000 2
b11011111111110110100000111001000 ,
b1111101111001010010001000001111 -
b100000000001001011111000110111 0
b1011101111000000110001111011000 1
b100011000 3
b11100110111010100010010100001110 G
b11000001000111111000001010011111 H
b1111110001100101011101110000001 I
b1100000011000110010110001000001 J
b10111110000011111010011011111110100101111111101100011111000001 L
b11100110111010100010010100001110 /
b11011101001010101101111111101101 7
b10111110001111000011011111110000 6
b1111101111001010010001000001111 D
b11011111111110110100000111001000 C
b10100101111111101100011111000001 O
b1111101111001010010001000001111 M
b11011111111110110100000111001000 N
b1000001110000111100100000001111 8
b10011011011001110001011111011101 9
#2840000
0#
0:
#2845000
1#
1:
b100011001 2
b1000001110000111100100000001111 ,
b10011011011001110001011111011101 -
b10111110001111000011011111110000 0
b11011101001010101101111111101101 1
b100011001 3
b10100101111111101100011111000001 G
b11100110111010100010010100001110 H
b11011111111110110100000111001000 I
b1111101111001010010001000001111 J
b110111000100110001010001010110011111110010111010110101010111000 L
b10100101111111101100011111000001 /
b1011100011101010101110000000010 7
b1011100011100111011000110101001 6
b10011011011001110001011111011101 D
b1000001110000111100100000001111 C
b11111110010111010110101010111000 O
b10011011011001110001011111011101 M
b1000001110000111100100000001111 N
b10100011100011000100111001010110 8
b10111000111010010000110110101011 9
#2850000
0#
0:
#2855000
1#
1:
b100011010 2
b10100011100011000100111001010110 ,
b10111000111010010000110110101011 -
b1011100011100111011000110101001 0
b1011100011101010101110000000010 1
b100011010 3
b11111110010111010110101010111000 G
b10100101111111101100011111000001 H
b1000001110000111100100000001111 I
b10011011011001110001011111011101 J
b10011111101100000001100000011111110000000001100000110111110011 L
b11111110010111010110101010111000 /
b11011011101111111101100000010111 7
b11111010101010110010101101100010 6
b10111000111010010000110110101011 D
b10100011100011000100111001010110 C
b11110000000001100000110111110011 O
b10111000111010010000110110101011 M
b10100011100011000100111001010110 N
b101010101001101010010011101 8
b11010110011010110000001101111001 9
#2860000
0#
0:
#2865000
1#
1:
b100011011 2
b101010101001101010010011101 ,
b11010110011010110000001101111001 -
b11111010101010110010101101100010 0
b11011011101111111101100000010111 1
b100011011 3
b11110000000001100000110111110011 G
b11111110010111010110101010111000 H
b10100011100011000100111001010110 I
b10111000111010010000110110101011 J
b111011000100001101110111011110001111010111110001011000101110010 L
b11110000000001100000110111110011 /
b1011011000010100101010000101100 7
b10011000111000101010010100011011 6
b11010110011010110000001101111001 D
b101010101001101010010011101 C
b1111010111110001011000101110010 O
b11010110011010110000001101111001 M
b101010101001101010010011101 N
b1100111000111010101101011100100 8
b11110011111011001111100101000111 9
#2870000
0#
0:
#2875000
1#
1:
b100011100 2
b1100111000111010101101011100100 ,
b11110011111011001111100101000111 -
b10011000111000101010010100011011 0
b1011011000010100101010000101100 1
b100011100 3
b1111010111110001011000101110010 G
b11110000000001100000110111110011 H
b101010101001101010010011101 I
b11010110011010110000001101111001 J
b10001110111001001000100001010011111001101010101010100110101 L
b1111010111110001011000101110010 /
b11011010010101001101000001000001 7
b110111000110100001111011010100 6
b11110011111011001111100101000111 D
b1100111000111010101101011100100 C
b10011111001101010101010100110101 O
b11110011111011001111100101000111 M
b1100111000111010101101011100100 N
b11001000111001011110000100101011 8
b10001011011101110111100010101 9
#2880000
0#
0:
#2885000
1#
1:
b100011101 2
b11001000111001011110000100101011 ,
b10001011011101110111100010101 -
b110111000110100001111011010100 0
b11011010010101001101000001000001 1
b100011101 3
b10011111001101010101010100110101 G
b1111010111110001011000101110010 H
b1100111000111010101101011100100 I
b11110011111011001111100101000111 J
b110001001000000010100001011111001011100101110111111100100111100 L
b10011111001101010101010100110101 /
b1011001100111110100110001010110 7
b11010101010100011001100010001101 6
b10001011011101110111100010101 D
b11001000111001011110000100101011 C
b1011100101110111111100100111100 O
b10001011011101110111100010101 M
b11001000111001011110000100101011 N
b101010101011100110011101110010 8
b101110111100001110010011100011 9
#2890000
0#
0:
#2895000
1#
1:
b100011110 2
b101010101011100110011101110010 ,
b101110111100001110010011100011 -
b11010101010100011001100010001101 0
b1011001100111110100110001010110 1
b100011110 3
b1011100101110111111100100111100 G
b10011111001101010101010100110101 H
b11001000111001011110000100101011 I
b10001011011101110111100010101 J
b110110101110010100100101100110110011100011001001110110000111 L
b1011100101110111111100100111100 /
b11011000111010011100100001101011 7
b1110011100010010001001001000110 6
b101110111100001110010011100011 D
b101010101011100110011101110010 C
b10110011100011001001110110000111 O
b101110111100001110010011100011 M
b101010101011100110011101110010 N
b10001100011101101110110110111001 8
b1001100011100101101101010110001 9
#2900000
0#
0:
#2905000
1#
1:
b100011111 2
b10001100011101101110110110111001 ,
b1001100011100101101101010110001 -
b1110011100010010001001001000110 0
b11011000111010011100100001101011 1
b100011111 3
b10110011100011001001110110000111 G
b1011100101110111111100100111100 H
b101010101011100110011101110010 I
b101110111100001110010011100011 J
b11111010011100000000100000010100011101001110100001000010110 L
b10110011100011001001110110000111 /
b1011000001101000100010010000000 7
b10001110000001000101111111111 6
b1001100011100101101101010110001 D
b10001100011101101110110110111001 C
b10100011101001110100001000010110 O
b1001100011100101101101010110001 M
b10001100011101101110110110111001 N
b11101110001111110111010000000000 8
b1101001111101001101000001111111 9
#2910000
0#
0:
#2915000
1#
1:
b100100000 2
b11101110001111110111010000000000 ,
b1101001111101001101000001111111 -
b10001110000001000101111111111 0
b1011000001101000100010010000000 1
b100100000 3
b10100011101001110100001000010110 G
b10110011100011001001110110000111 H
b10001100011101101110110110111001 I
b1001100011100101101101010110001 J
b10100111110010010100111000011100101101000010111110011011101001 L
b10100011101001110100001000010110 /
b11010111011111101100000010010101 7
b10101111111110000000010110111000 6
b1101001111101001101000001111111 D
b11101110001111110111010000000000 C
b101101000010111110011011101001 O
b1101001111101001101000001111111 M
b11101110001111110111010000000000 N
b1010000000001111111101001000111 8
b10000111011101101100011001001101 9
#2920000
0#
0:
#2925000
1#
1:
b100100001 2
b1010000000001111111101001000111 ,
b10000111011101101100011001001101 -
b10101111111110000000010110111000 0
b11010111011111101100000010010101 1
b100100001 3
b101101000010111110011011101001 G
b10100011101001110100001000010110 H
b11101110001111110111010000000000 I
b1101001111101001101000001111111 J
b110001010011011110111010001100001001111101110101000110000000000 L
b101101000010111110011011101001 /
b1010110110010010011110010101010 7
b1001110001011110111111101110001 6
b10000111011101101100011001001101 D
b1010000000001111111101001000111 C
b1001111101110101000110000000000 O
b10000111011101101100011001001101 M
b1010000000001111111101001000111 N
b10110001110100001000000010001110 8
b10100100111110001011110000011011 9
#2930000
0#
0:
#2935000
1#
1:
b100100010 2
b10110001110100001000000010001110 ,
b10100100111110001011110000011011 -
b1001110001011110111111101110001 0
b1010110110010010011110010101010 1
b100100010 3
b1001111101110101000110000000000 G
b101101000010111110011011101001 H
b1010000000001111111101001000111 I
b10000111011101101100011001001101 J
b10101001011001010101101010011100001011101100110011000101011011 L
b1001111101110101000110000000000 /
b11010110000100111011100010111111 7
b11101100011001101111100100101010 6
b10100100111110001011110000011011 D
b10110001110100001000000010001110 C
b1011101100110011000101011011 O
b10100100111110001011110000011011 M
b10110001110100001000000010001110 N
b10011100110010000011011010101 8
b11000010011110101011000111101001 9
#2940000
0#
0:
#2945000
1#
1:
b100100011 2
b10011100110010000011011010101 ,
b11000010011110101011000111101001 -
b11101100011001101111100100101010 0
b11010110000100111011100010111111 1
b100100011 3
b1011101100110011000101011011 G
b1001111101110101000110000000000 H
b10110001110100001000000010001110 I
b10100100111110001011110000011011 J
b111001010010110010101101111111101100000111101011101011011111010 L
b1011101100110011000101011011 /
b1010101010111100011010011010100 7
b10001010100111100111001011100011 6
b11000010011110101011000111101001 D
b10011100110010000011011010101 C
b1100000111101011101011011111010 O
b11000010011110101011000111101001 M
b10011100110010000011011010101 N
b1110101011000011000110100011100 8
b11011111111111001010011110110111 9
#2950000
0#
0:
#2955000
1#
1:
b100100100 2
b1110101011000011000110100011100 ,
b11011111111111001010011110110111 -
b10001010100111100111001011100011 0
b1010101010111100011010011010100 1
b100100100 3
b1100000111101011101011011111010 G
b1011101100110011000101011011 H
b10011100110010000011011010101 I
b11000010011110101011000111101001 J
b111011100011010110111011100101001111100000100111110011011101 L
b1100000111101011101011011111010 /
b11010100101010001011000011101001 7
b101000110101011110110010011100 6
b11011111111111001010011110110111 D
b1110101011000011000110100011100 C
b1001111100000100111110011011101 O
b11011111111111001010011110110111 M
b1110101011000011000110100011100 N
b11010111001010100001001101100011 8
b11111101011111101001110110000101 9
#2960000
0#
0:
#2965000
1#
1:
b100100101 2
b11010111001010100001001101100011 ,
b11111101011111101001110110000101 -
b101000110101011110110010011100 0
b11010100101010001011000011101001 1
b100100101 3
b1001111100000100111110011011101 G
b1100000111101011101011011111010 H
b1110101011000011000110100011100 I
b11011111111111001010011110110111 J
b110011010110011110100101101100011010111010110010010001100000100 L
b1001111100000100111110011011101 /
b1010011111100110010110011111110 7
b11000111000011010110011001010101 6
b11111101011111101001110110000101 D
b11010111001010100001001101100011 C
b11010111010110010010001100000100 O
b11111101011111101001110110000101 M
b11010111001010100001001101100011 N
b111000111100101001100110101010 8
b11011000000001001001101010011 9
#2970000
0#
0:
#2975000
1#
1:
b100100110 2
b111000111100101001100110101010 ,
b11011000000001001001101010011 -
b11000111000011010110011001010101 0
b1010011111100110010110011111110 1
b100100110 3
b11010111010110010010001100000100 G
b1001111100000100111110011011101 H
b11010111001010100001001101100011 I
b11111101011111101001110110000101 J
b1101010100001111000000000100001011111000011110011100100101101111 L
b11010111010110010010001100000100 /
b11010011001111011010100100010011 7
b1100101010001001110000000001110 6
b11011000000001001001101010011 D
b111000111100101001100110101010 C
b11111000011110011100100101101111 O
b11011000000001001001101010011 M
b111000111100101001100110101010 N
b10011010101110110001111111110001 8
b111000100000101000100100100001 9
#2980000
0#
0:
#2985000
1#
1:
b100100111 2
b10011010101110110001111111110001 ,
b111000100000101000100100100001 -
b1100101010001001110000000001110 0
b11010011001111011010100100010011 1
b100100111 3
b11111000011110011100100101101111 G
b11010111010110010010001100000100 H
b111000111100101001100110101010 I
b11011000000001001001101010011 J
b11000000001101101101111101010110010111001000111000000011110 L
b11111000011110011100100101101111 /
b1010010100010000010010100101000 7
b11011111000101100111000111 6
b111000100000101000100100100001 D
b10011010101110110001111111110001 C
b10110010111001000111000000011110 O
b111000100000101000100100100001 M
b10011010101110110001111111110001 N
b11111100100000111010011000111000 8
b1010110000001000111111011101111 9
#2990000
0#
0:
#2995000
1#
1:
b100101000 2
b11111100100000111010011000111000 ,
b1010110000001000111111011101111 -
b11011111000101100111000111 0
b1010010100010000010010100101000 1
b100101000 3
b10110010111001000111000000011110 G
b11111000011110011100100101101111 H
b10011010101110110001111111110001 I
b111000100000101000100100100001 J
b10001000100111110101001110010100000110100110010001011100010001 L
b10110010111001000111000000011110 /
b11010001110100101010000100111101 7
b10100001101100111101001110000000 6
b1010110000001000111111011101111 D
b11111100100000111010011000111000 C
b110100110010001011100010001 O
b1010110000001000111111011101111 M
b11111100100000111010011000111000 N
b1011110010011000010110001111111 8
b1110011100001100111010010111101 9
#3000000
0#
0:
#3005000
1#
1:
b100101001 2
b1011110010011000010110001111111 ,
b1110011100001100111010010111101 -
b10100001101100111101001110000000 0
b11010001110100101010000100111101 1
b100101001 3
b110100110010001011100010001 G
b10110010111001000111000000011110 H
b11111100100000111010011000111000 I
b1010110000001000111111011101111 J
b101010011011000101010010001100111110011100101111011111001001000 L
b110100110010001011100010001 /
b1010001000111010001110101010010 7
b111111111010110100110100111001 6
b1110011100001100111010010111101 D
b1011110010011000010110001111111 C
b11110011100101111011111001001000 O
b1110011100001100111010010111101 M
b1011110010011000010110001111111 N
b11000000000101001011001011000110 8
b10010001000010000110101010001011 9
#3010000
0#
0:
#3015000
1#
1:
b100101010 2
b11000000000101001011001011000110 ,
b10010001000010000110101010001011 -
b111111111010110100110100111001 0
b1010001000111010001110101010010 1
b100101010 3
b11110011100101111011111001001000 G
b110100110010001011100010001 H
b1011110010011000010110001111111 I
b1110011100001100111010010111101 J
b10101010001101101111101101110001111001111000000110010111000011 L
b11110011100101111011111001001000 /
b11010000011001111001100101100111 7
b11011110001000101100011011110010 6
b10010001000010000110101010001011 D
b11000000000101001011001011000110 C
b1111001111000000110010111000011 O
b10010001000010000110101010001011 M
b11000000000101001011001011000110 N
b100001110111010011100100001101 8
b10101110100010100110000001011001 9
#3020000
0#
0:
#3025000
1#
1:
b100101011 2
b100001110111010011100100001101 ,
b10101110100010100110000001011001 -
b11011110001000101100011011110010 0
b11010000011001111001100101100111 1
b100101011 3
b1111001111000000110010111000011 G
b11110011100101111011111001001000 H
b11000000000101001011001011000110 I
b10010001000010000110101010001011 J
b110110011010010000010011101100010011001011100110000110110000010 L
b1111001111000000110010111000011 /
b1001111101100100001010101111100 7
b1111100010110100100000010101011 6
b10101110100010100110000001011001 D
b100001110111010011100100001101 C
b10011001011100110000110110000010 O
b10101110100010100110000001011001 M
b100001110111010011100100001101 N
b10000011101001011011111101010100 8
b11001100000011000101011000100111 9
#3030000
0#
0:
#3035000
1#
1:
b100101100 2
b10000011101001011011111101010100 ,
b11001100000011000101011000100111 -
b1111100010110100100000010101011 0
b1001111101100100001010101111100 1
b100101100 3
b10011001011100110000110110000010 G
b1111001111000000110010111000011 H
b100001110111010011100100001101 I
b10101110100010100110000001011001 J
b1011100010110101010101100011001010010010011111011010110000101 L
b10011001011100110000110110000010 /
b11001110111111001001000110010001 7
b11010100100011011101001100100 6
b11001100000011000101011000100111 D
b10000011101001011011111101010100 C
b1010010010011111011010110000101 O
b11001100000011000101011000100111 M
b10000011101001011011111101010100 N
b11100101011011100100010110011011 8
b11101001100011100100101111110101 9
#3040000
0#
0:
#3045000
1#
1:
b100101101 2
b11100101011011100100010110011011 ,
b11101001100011100100101111110101 -
b11010100100011011101001100100 0
b11001110111111001001000110010001 1
b100101101 3
b1010010010011111011010110000101 G
b10011001011100110000110110000010 H
b10000011101001011011111101010100 I
b11001100000011000101011000100111 J
b110100011101110011011001000100110100100011101100101110111001100 L
b1010010010011111011010110000101 /
b1001110010001110000110110100110 7
b10111000110010010011010000011101 6
b11101001100011100100101111110101 D
b11100101011011100100010110011011 C
b10100100011101100101110111001100 O
b11101001100011100100101111110101 M
b11100101011011100100010110011011 N
b1000111001101101100101111100010 8
b111000100000100000111000011 9
#3050000
0#
0:
#3055000
1#
1:
b100101110 2
b1000111001101101100101111100010 ,
b111000100000100000111000011 -
b10111000110010010011010000011101 0
b1001110010001110000110110100110 1
b100101110 3
b10100100011101100101110111001100 G
b1010010010011111011010110000101 H
b11100101011011100100010110011011 I
b11101001100011100100101111110101 J
b1101000101010000111001001001011110001111111001110000011001010111 L
b10100100011101100101110111001100 /
b11001101100100011000100110111011 7
b1010111000000001010110111010110 6
b111000100000100000111000011 D
b1000111001101101100101111100010 C
b10001111111001110000011001010111 O
b111000100000100000111000011 M
b1000111001101101100101111100010 N
b10101000111111110101001000101001 8
b100100100100100011011110010001 9
#3060000
0#
0:
#3065000
1#
1:
b100101111 2
b10101000111111110101001000101001 ,
b100100100100100011011110010001 -
b1010111000000001010110111010110 0
b11001101100100011000100110111011 1
b100101111 3
b10001111111001110000011001010111 G
b10100100011101100101110111001100 H
b1000111001101101100101111100010 I
b111000100000100000111000011 J
b111110111000001010100101100010100101000011010111100100110 L
b10001111111001110000011001010111 /
b1001100110111000000010111010000 7
b11110101001110000010011110001111 6
b100100100100100011011110010001 D
b10101000111111110101001000101001 C
b10100101000011010111100100110 O
b100100100100100011011110010001 M
b10101000111111110101001000101001 N
b1010110001111101100001110000 8
b1000010000101000010110101011111 9
#3070000
0#
0:
#3075000
1#
1:
b100110000 2
b1010110001111101100001110000 ,
b1000010000101000010110101011111 -
b11110101001110000010011110001111 0
b1001100110111000000010111010000 1
b100110000 3
b10100101000011010111100100110 G
b10001111111001110000011001010111 H
b10101000111111110101001000101001 I
b100100100100100011011110010001 J
b1100000100100011011011101100100110010101001100101100000111001 L
b10100101000011010111100100110 /
b11001100001001101000000111100101 7
b10010011011011111010000101001000 6
b1000010000101000010110101011111 D
b1010110001111101100001110000 C
b110010101001100101100000111001 O
b1000010000101000010110101011111 M
b1010110001111101100001110000 N
b1101100100100000101111010110111 8
b1011111100101100010001100101101 9
#3080000
0#
0:
#3085000
1#
1:
b100110001 2
b1101100100100000101111010110111 ,
b1011111100101100010001100101101 -
b10010011011011111010000101001000 0
b11001100001001101000000111100101 1
b100110001 3
b110010101001100101100000111001 G
b10100101000011010111100100110 H
b1010110001111101100001110000 I
b1000010000101000010110101011111 J
b1011001000010111110101001011101001111101010000000110010000 L
b110010101001100101100000111001 /
b1001011011100001111110111111010 7
b110001101001110001101100000001 6
b1011111100101100010001100101101 D
b1101100100100000101111010110111 C
b11101001111101010000000110010000 O
b1011111100101100010001100101101 M
b1101100100100000101111010110111 N
b11001110010110001110010011111110 8
b1111101000110000001100011111011 9
#3090000
0#
0:
#3095000
1#
1:
b100110010 2
b11001110010110001110010011111110 ,
b1111101000110000001100011111011 -
b110001101001110001101100000001 0
b1001011011100001111110111111010 1
b100110010 3
b11101001111101010000000110010000 G
b110010101001100101100000111001 H
b1101100100100000101111010110111 I
b1011111100101100010001100101101 J
b10100010001001001111101010100000111010100011011010101100101011 L
b11101001111101010000000110010000 /
b11001010101110110111101000001111 7
b11001111110111101001010010111010 6
b1111101000110000001100011111011 D
b11001110010110001110010011111110 C
b111010100011011010101100101011 O
b1111101000110000001100011111011 M
b11001110010110001110010011111110 N
b110000001000010110101101000101 8
b10011010100110100000111011001001 9
#3100000
0#
0:
#3105000
1#
1:
b100110011 2
b110000001000010110101101000101 ,
b10011010100110100000111011001001 -
b11001111110111101001010010111010 0
b11001010101110110111101000001111 1
b100110011 3
b111010100011011010101100101011 G
b11101001111101010000000110010000 H
b11001110010110001110010011111110 I
b1111101000110000001100011111011 J
b110010011010100110101000100100000100100011100000101010100001010 L
b111010100011011010101100101011 /
b1001010000001011111011000100100 7
b1101110000101100000111001110011 6
b10011010100110100000111011001001 D
b110000001000010110101101000101 C
b100100011100000101010100001010 O
b10011010100110100000111011001001 M
b110000001000010110101101000101 N
b10010001111010011111000110001100 8
b10111000000111000000010010010111 9
#3110000
0#
0:
#3115000
1#
1:
b100110100 2
b10010001111010011111000110001100 ,
b10111000000111000000010010010111 -
b1101110000101100000111001110011 0
b1001010000001011111011000100100 1
b100110100 3
b100100011100000101010100001010 G
b111010100011011010101100101011 H
b110000001000010110101101000101 I
b10011010100110100000111011001001 J
b1110100010001000100010110100110100111100111001111111100101101 L
b100100011100000101010100001010 /
b11001001010100000111001000111001 7
b1100010011011000100000101100 6
b10111000000111000000010010010111 D
b10010001111010011111000110001100 C
b10100111100111001111111100101101 O
b10111000000111000000010010010111 M
b10010001111010011111000110001100 N
b11110011101100100111011111010011 8
b11010101100111011111101001100101 9
#3120000
0#
0:
#3125000
1#
1:
b100110101 2
b11110011101100100111011111010011 ,
b11010101100111011111101001100101 -
b1100010011011000100000101100 0
b11001001010100000111001000111001 1
b100110101 3
b10100111100111001111111100101101 G
b100100011100000101010100001010 H
b10010001111010011111000110001100 I
b10111000000111000000010010010111 J
b110100011110000000111011101000011000100000100111010100110010100 L
b10100111100111001111111100101101 /
b1001000100110101110111001001110 7
b10101010100001010000000111100101 6
b11010101100111011111101001100101 D
b11110011101100100111011111010011 C
b11000100000100111010100110010100 O
b11010101100111011111101001100101 M
b11110011101100100111011111010011 N
b1010101011110101111111000011010 8
b11110011000111111111000000110011 9
#3130000
0#
0:
#3135000
1#
1:
b100110110 2
b1010101011110101111111000011010 ,
b11110011000111111111000000110011 -
b10101010100001010000000111100101 0
b1001000100110101110111001001110 1
b100110110 3
b11000100000100111010100110010100 G
b10100111100111001111111100101101 H
b11110011101100100111011111010011 I
b11010101100111011111101001100101 J
b1100101101011001111000001000001001111001110101000101010000111111 L
b11000100000100111010100110010100 /
b11000111111001010110101001100011 7
b1001000101111000111101110011110 6
b11110011000111111111000000110011 D
b1010101011110101111111000011010 C
b1111001110101000101010000111111 O
b11110011000111111111000000110011 M
b1010101011110101111111000011010 N
b10110111010000111000010001100001 8
b10000101000011110011000000001 9
#3140000
0#
0:
#3145000
1#
1:
b100110111 2
b10110111010000111000010001100001 ,
b10000101000011110011000000001 -
b1001000101111000111101110011110 0
b11000111111001010110101001100011 1
b100110111 3
b1111001110101000101010000111111 G
b11000100000100111010100110010100 H
b1010101011110101111111000011010 I
b11110011000111111111000000110011 J
b101000100101110011010010100101111001000110111101111111100101110 L
b1111001110101000101010000111111 /
b1000111001011111110011001111000 7
b11100110111100111111010101010111 6
b10000101000011110011000000001 D
b10110111010000111000010001100001 C
b11001000110111101111111100101110 O
b10000101000011110011000000001 M
b10110111010000111000010001100001 N
b11001000011000000101010101000 8
b101110001000111101101111001111 9
#3150000
0#
0:
#3155000
1#
1:
b100111000 2
b11001000011000000101010101000 ,
b101110001000111101101111001111 -
b11100110111100111111010101010111 0
b1000111001011111110011001111000 1
b100111000 3
b11001000110111101111111100101110 G
b1111001110101000101010000111111 H
b10110111010000111000010001100001 I
b10000101000011110011000000001 J
b101111101000000111100110001110110001001100111010101001100001 L
b11001000110111101111111100101110 /
b11000110011110100110001010001101 7
b10000101001010110110111100010000 6
b101110001000111101101111001111 D
b11001000011000000101010101000 C
b10110001001100111010101001100001 O
b101110001000111101101111001111 M
b11001000011000000101010101000 N
b1111010110101001001000011101111 8
b1001011101001011101000110011101 9
#3160000
0#
0:
#3165000
1#
1:
b100111001 2
b1111010110101001001000011101111 ,
b1001011101001011101000110011101 -
b10000101001010110110111100010000 0
b11000110011110100110001010001101 1
b100111001 3
b10110001001100111010101001100001 G
b11001000110111101111111100101110 H
b11001000011000000101010101000 I
b101110001000111101101111001111 J
b10010000011101011000001000100110010110100100101010111011000 L
b10110001001100111010101001100001 /
b1000101110001001101111010100010 7
b100011011000101110100011001001 6
b1001011101001011101000110011101 D
b1111010110101001001000011101111 C
b110010110100100101010111011000 O
b1001011101001011101000110011101 M
b1111010110101001001000011101111 N
b11011100100111010001011100110110 8
b1101001001001111100011101101011 9
#3170000
0#
0:
#3175000
1#
1:
b100111010 2
b11011100100111010001011100110110 ,
b1101001001001111100011101101011 -
b100011011000101110100011001001 0
b1000101110001001101111010100010 1
b100111010 3
b110010110100100101010111011000 G
b10110001001100111010101001100001 H
b1111010110101001001000011101111 I
b1001011101001011101000110011101 J
b10010001001011110101100000101001001101101110110000000110010011 L
b110010110100100101010111011000 /
b11000101000011110101101010110111 7
b11000001100110100110001010000010 6
b1101001001001111100011101101011 D
b11011100100111010001011100110110 C
b1001101101110110000000110010011 O
b1101001001001111100011101101011 M
b11011100100111010001011100110110 N
b111110011001011001110101111101 8
b10000110101010011011110100111001 9
#3180000
0#
0:
#3185000
1#
1:
b100111011 2
b111110011001011001110101111101 ,
b10000110101010011011110100111001 -
b11000001100110100110001010000010 0
b11000101000011110101101010110111 1
b100111011 3
b1001101101110110000000110010011 G
b110010110100100101010111011000 H
b11011100100111010001011100110110 I
b1101001001001111100011101101011 J
b101101010011110101101100100111000000001111011011010110110010010 L
b1001101101110110000000110010011 /
b1000100010110011101011011001100 7
b1011111110100011101110000111011 6
b10000110101010011011110100111001 D
b111110011001011001110101111101 C
b1111011011010110110010010 O
b10000110101010011011110100111001 M
b111110011001011001110101111101 N
b10100000001011100010001111000100 8
b10100100001010111011001100000111 9
#3190000
0#
0:
#3195000
1#
1:
b100111100 2
b10100000001011100010001111000100 ,
b10100100001010111011001100000111 -
b1011111110100011101110000111011 0
b1000100010110011101011011001100 1
b100111100 3
b1111011011010110110010010 G
b1001101101110110000000110010011 H
b111110011001011001110101111101 I
b10000110101010011011110100111001 J
b10000011010010100011111010001101001111011010100101100111010101 L
b1111011011010110110010010 /
b11000011101001000101001011100001 7
b11111110000010010101010111110100 6
b10100100001010111011001100000111 D
b10100000001011100010001111000100 C
b1001111011010100101100111010101 O
b10100100001010111011001100000111 M
b10100000001011100010001111000100 N
b1111101101010101000001011 8
b11000001101011011010100011010101 9
#3200000
0#
0:
#3205000
1#
1:
b100111101 2
b1111101101010101000001011 ,
b11000001101011011010100011010101 -
b11111110000010010101010111110100 0
b11000011101001000101001011100001 1
b100111101 3
b1001111011010100101100111010101 G
b1111011011010110110010010 H
b10100000001011100010001111000100 I
b10100100001010111011001100000111 J
b110011010111000111001101010111000110110001100010000011001011100 L
b1001111011010100101100111010101 /
b1000010111011101100111011110110 7
b10011100010000001100111110101101 6
b11000001101011011010100011010101 D
b1111101101010101000001011 C
b110110001100010000011001011100 O
b11000001101011011010100011010101 M
b1111101101010101000001011 N
b1100011101111110011000001010010 8
b11011111001011111001111010100011 9
#3210000
0#
0:
#3215000
1#
1:
b100111110 2
b1100011101111110011000001010010 ,
b11011111001011111001111010100011 -
b10011100010000001100111110101101 0
b1000010111011101100111011110110 1
b100111110 3
b110110001100010000011001011100 G
b1001111011010100101100111010101 H
b1111101101010101000001011 I
b11000001101011011010100011010101 J
b101111100010010110010111010110110010000011011001100100111 L
b110110001100010000011001011100 /
b11000010001110010100101100001011 7
b111010011110000100100101100110 6
b11011111001011111001111010100011 D
b1100011101111110011000001010010 C
b10110110010000011011001100100111 O
b11011111001011111001111010100011 M
b1100011101111110011000001010010 N
b11000101100001111011011010011001 8
b11111100101100011001010001110001 9
#3220000
0#
0:
#3225000
1#
1:
b100111111 2
b11000101100001111011011010011001 ,
b11111100101100011001010001110001 -
b111010011110000100100101100110 0
b11000010001110010100101100001011 1
b100111111 3
b10110110010000011011001100100111 G
b110110001100010000011001011100 H
b1100011101111110011000001010010 I
b11011111001011111001111010100011 J
b101011011110110000110010000000011001111100111000110000000110110 L
b10110110010000011011001100100111 /
b1000001100000111100011100100000 7
b11011000101011111100001100011111 6
b11111100101100011001010001110001 D
b11000101100001111011011010011001 C
b11001111100111000110000000110110 O
b11111100101100011001010001110001 M
b11000101100001111011011010011001 N
b100111010100000011110011100000 8
b11010001100111000101000111111 9
#3230000
0#
0:
#3235000
1#
1:
b101000000 2
b100111010100000011110011100000 ,
b11010001100111000101000111111 -
b11011000101011111100001100011111 0
b1000001100000111100011100100000 1
b101000000 3
b11001111100111000110000000110110 G
b10110110010000011011001100100111 H
b11000101100001111011011010011001 I
b11111100101100011001010001110001 J
b1100001011111010100111010001110110000010010000010000110110001001 L
b11001111100111000110000000110110 /
b11000000110011100100001100110101 7
b1110110111001110011110011011000 6
b11010001100111000101000111111 D
b100111010100000011110011100000 C
b10000010010000010000110110001001 O
b11010001100111000101000111111 M
b100111010100000011110011100000 N
b10001001000110001100001100100111 8
b110111101101011000000000001101 9
#3240000
0#
0:
#3245000
1#
1:
b101000001 2
b10001001000110001100001100100111 ,
b110111101101011000000000001101 -
b1110110111001110011110011011000 0
b11000000110011100100001100110101 1
b101000001 3
b10000010010000010000110110001001 G
b11001111100111000110000000110110 H
b100111010100000011110011100000 I
b11010001100111000101000111111 J
b10000000110000100000110010111001110001011111011101100100000 L
b10000010010000010000110110001001 /
b1000000000110001011111101001010 7
b10101000111101011011010010001 6
b110111101101011000000000001101 D
b10001001000110001100001100100111 C
b11001110001011111011101100100000 O
b110111101101011000000000001101 M
b10001001000110001100001100100111 N
b11101010111000010100100101101110 8
b1010101001101110111010111011011 9
#3250000
0#
0:
#3255000
1#
1:
b101000010 2
b11101010111000010100100101101110 ,
b1010101001101110111010111011011 -
b10101000111101011011010010001 0
b1000000000110001011111101001010 1
b101000010 3
b11001110001011111011101100100000 G
b10000010010000010000110110001001 H
b10001001000110001100001100100111 I
b110111101101011000000000001101 J
b1110111010101100001010000001010110011011010000110100011111011 L
b11001110001011111011101100100000 /
b10111111011000110011101101011111 7
b10110011010101100011000001001010 6
b1010101001101110111010111011011 D
b11101010111000010100100101101110 C
b10110011011010000110100011111011 O
b1010101001101110111010111011011 M
b11101010111000010100100101101110 N
b1001100101010011100111110110101 8
b1110010101110010110101110101001 9
#3260000
0#
0:
#3265000
1#
1:
b101000011 2
b1001100101010011100111110110101 ,
b1110010101110010110101110101001 -
b10110011010101100011000001001010 0
b10111111011000110011101101011111 1
b101000011 3
b10110011011010000110100011111011 G
b11001110001011111011101100100000 H
b11101010111000010100100101101110 I
b1010101001101110111010111011011 J
b100111000101111101011111110101000110001111010110001011100011010 L
b10110011011010000110100011111011 /
b111110101011011011011101110100 7
b1010001100011011010101000000011 6
b1110010101110010110101110101001 D
b1001100101010011100111110110101 C
b110001111010110001011100011010 O
b1110010101110010110101110101001 M
b1001100101010011100111110110101 N
b10101110011100100101010111111100 8
b10010000001110110110000101110111 9
#3270000
0#
0:
#3275000
1#
1:
b101000100 2
b10101110011100100101010111111100 ,
b10010000001110110110000101110111 -
b1010001100011011010101000000011 0
b111110101011011011011101110100 1
b101000100 3
b110001111010110001011100011010 G
b10110011011010000110100011111011 H
b1001100101010011100111110110101 I
b1110010101110010110101110101001 J
b10001001011011001001010111001101001001101101111100010101111101 L
b110001111010110001011100011010 /
b10111101111110000011001110001001 7
b11101111110001010010001110111100 6
b10010000001110110110000101110111 D
b10101110011100100101010111111100 C
b1001001101101111100010101111101 O
b10010000001110110110000101110111 M
b10101110011100100101010111111100 N
b10000001110101101110001000011 8
b10101101101111010101011101000101 9
#3280000
0#
0:
#3285000
1#
1:
b101000101 2
b10000001110101101110001000011 ,
b10101101101111010101011101000101 -
b11101111110001010010001110111100 0
b10111101111110000011001110001001 1
b101000101 3
b1001001101101111100010101111101 G
b110001111010110001011100011010 H
b10101110011100100101010111111100 I
b10010000001110110110000101110111 J
b110001001001000110001110010000111111010110011100111010000100100 L
b1001001101101111100010101111101 /
b111101010000101010111110011110 7
b10001101111111001001110101110101 6
b10101101101111010101011101000101 D
b10000001110101101110001000011 C
b11111010110011100111010000100100 O
b10101101101111010101011101000101 M
b10000001110101101110001000011 N
b1110010000000110110001010001010 8
b11001011001111110100110100010011 9
#3290000
0#
0:
#3295000
1#
1:
b101000110 2
b1110010000000110110001010001010 ,
b11001011001111110100110100010011 -
b10001101111111001001110101110101 0
b111101010000101010111110011110 1
b101000110 3
b11111010110011100111010000100100 G
b1001001101101111100010101111101 H
b10000001110101101110001000011 I
b10101101101111010101011101000101 J
b101100000011110001111101011001000101001011110010001100001111 L
b11111010110011100111010000100100 /
b10111100100011010010101110110011 7
b101100001101000001011100101110 6
b11001011001111110100110100010011 D
b1110010000000110110001010001010 C
b1000101001011110010001100001111 O
b11001011001111110100110100010011 M
b1110010000000110110001010001010 N
b11010011110010111110100011010001 8
b11101000110000010100001011100001 9
#3300000
0#
0:
#3305000
1#
1:
b101000111 2
b11010011110010111110100011010001 ,
b11101000110000010100001011100001 -
b101100001101000001011100101110 0
b10111100100011010010101110110011 1
b101000111 3
b1000101001011110010001100001111 G
b11111010110011100111010000100100 H
b1110010000000110110001010001010 I
b11001011001111110100110100010011 J
b101101010000100111000000100110000101000110110011101001000111110 L
b1000101001011110010001100001111 /
b111011110101111010011111001000 7
b11001010011010111001000011100111 6
b11101000110000010100001011100001 D
b11010011110010111110100011010001 C
b101000110110011101001000111110 O
b11101000110000010100001011100001 M
b11010011110010111110100011010001 N
b110101100101000110111100011000 8
b110010000110011100010101111 9
#3310000
0#
0:
#3315000
1#
1:
b101001000 2
b110101100101000110111100011000 ,
b110010000110011100010101111 -
b11001010011010111001000011100111 0
b111011110101111010011111001000 1
b101001000 3
b101000110110011101001000111110 G
b1000101001011110010001100001111 H
b11010011110010111110100011010001 I
b11101000110000010100001011100001 J
b1100000010010000101011110000110010100101110011101000000110110001 L
b101000110110011101001000111110 /
b10111011001000100010001111011101 7
b1101000101000110000101010100000 6
b110010000110011100010101111 D
b110101100101000110111100011000 C
b10100101110011101000000110110001 O
b110010000110011100010101111 M
b110101100101000110111100011000 N
b10010111010111001111010101011111 8
b100011110001010010111001111101 9
#3320000
0#
0:
#3325000
1#
1:
b101001001 2
b10010111010111001111010101011111 ,
b100011110001010010111001111101 -
b1101000101000110000101010100000 0
b10111011001000100010001111011101 1
b101001001 3
b10100101110011101000000110110001 G
b101000110110011101001000111110 H
b110101100101000110111100011000 I
b110010000110011100010101111 J
b101001111100011000101000010111100000011010011000101101000 L
b10100101110011101000000110110001 /
b111010011011001001111111110010 7
b110110110101000010001011001 6
b100011110001010010111001111101 D
b10010111010111001111010101011111 C
b10111100000011010011000101101000 O
b100011110001010010111001111101 M
b10010111010111001111010101011111 N
b11111001001001010111101110100110 8
b1000001010001110010010001001011 9
#3330000
0#
0:
#3335000
1#
1:
b101001010 2
b11111001001001010111101110100110 ,
b1000001010001110010010001001011 -
b110110110101000010001011001 0
b111010011011001001111111110010 1
b101001010 3
b10111100000011010011000101101000 G
b10100101110011101000000110110001 H
b10010111010111001111010101011111 I
b100011110001010010111001111101 J
b1010100100110010010111001000101101011100101011110000101100011 L
b10111100000011010011000101101000 /
b10111001101101110001110000000111 7
b10100101000100011111111000010010 6
b1000001010001110010010001001011 D
b11111001001001010111101110100110 C
b1101011100101011110000101100011 O
b1000001010001110010010001001011 M
b11111001001001010111101110100110 N
b1011010111011100000000111101101 8
b1011110110010010001101000011001 9
#3340000
0#
0:
#3345000
1#
1:
b101001011 2
b1011010111011100000000111101101 ,
b1011110110010010001101000011001 -
b10100101000100011111111000010010 0
b10111001101101110001110000000111 1
b101001011 3
b1101011100101011110000101100011 G
b10111100000011010011000101101000 H
b11111001001001010111101110100110 I
b1000001010001110010010001001011 J
b11111110000111110000010001110010110100011010001001000110100010 L
b1101011100101011110000101100011 /
b111001000000011001100000011100 7
b1000011010010010111011111001011 6
b1011110110010010001101000011001 D
b1011010111011100000000111101101 C
b10110100011010001001000110100010 O
b1011110110010010001101000011001 M
b1011010111011100000000111101101 N
b10111100101101101000100000110100 8
b1111100010010110000111111100111 9
#3350000
0#
0:
#3355000
1#
1:
b101001100 2
b10111100101101101000100000110100 ,
b1111100010010110000111111100111 -
b1000011010010010111011111001011 0
b111001000000011001100000011100 1
b101001100 3
b10110100011010001001000110100010 G
b1101011100101011110000101100011 H
b1011010111011100000000111101101 I
b1011110110010010001101000011001 J
b10000110101010110100101101100110010110100001010100001000100101 L
b10110100011010001001000110100010 /
b10111000010011000001010000110001 7
b11100001100000001111000110000100 6
b1111100010010110000111111100111 D
b10111100101101101000100000110100 C
b10010110100001010100001000100101 O
b1111100010010110000111111100111 M
b10111100101101101000100000110100 N
b11110011111110000111001111011 8
b10011001110011010000010110110101 9
#3360000
0#
0:
#3365000
1#
1:
b101001101 2
b11110011111110000111001111011 ,
b10011001110011010000010110110101 -
b11100001100000001111000110000100 0
b10111000010011000001010000110001 1
b101001101 3
b10010110100001010100001000100101 G
b10110100011010001001000110100010 H
b10111100101101101000100000110100 I
b1111100010010110000111111100111 J
b101101110011111101111110010110000010001111010111111001011101100 L
b10010110100001010100001000100101 /
b110111100101101001000001000110 7
b1111111101110000110101100111101 6
b10011001110011010000010110110101 D
b11110011111110000111001111011 C
b10001111010111111001011101100 O
b10011001110011010000010110110101 M
b11110011111110000111001111011 N
b10000000010001111001010011000010 8
b10110111010011101111101110000011 9
#3370000
0#
0:
#3375000
1#
1:
b101001110 2
b10000000010001111001010011000010 ,
b10110111010011101111101110000011 -
b1111111101110000110101100111101 0
b110111100101101001000001000110 1
b101001110 3
b10001111010111111001011101100 G
b10010110100001010100001000100101 H
b11110011111110000111001111011 I
b10011001110011010000010110110101 J
b1001001010010010111000001010000100110100111001010001111110111 L
b10001111010111111001011101100 /
b10110110111000010000110001011011 7
b11101111011111110010011110110 6
b10110111010011101111101110000011 D
b10000000010001111001010011000010 C
b100110100111001010001111110111 O
b10110111010011101111101110000011 M
b10000000010001111001010011000010 N
b11100010000100000001101100001001 8
b11010100110100001111000101010001 9
#3380000
0#
0:
#3385000
1#
1:
b101001111 2
b11100010000100000001101100001001 ,
b11010100110100001111000101010001 -
b11101111011111110010011110110 0
b10110110111000010000110001011011 1
b101001111 3
b100110100111001010001111110111 G
b10001111010111111001011101100 H
b10000000010001111001010011000010 I
b10110111010011101111101110000011 J
b101101111011010101111110010110111010100100101110101010101000110 L
b100110100111001010001111110111 /
b110110001010111000100001110000 7
b10111100001001110101111010101111 6
b11010100110100001111000101010001 D
b11100010000100000001101100001001 C
b11010100100101110101010101000110 O
b11010100110100001111000101010001 M
b11100010000100000001101100001001 N
b1000011110110001010000101010000 8
b11110010010100101110011100011111 9
#3390000
0#
0:
#3395000
1#
1:
b101010000 2
b1000011110110001010000101010000 ,
b11110010010100101110011100011111 -
b10111100001001110101111010101111 0
b110110001010111000100001110000 1
b101010000 3
b11010100100101110101010101000110 G
b100110100111001010001111110111 H
b11100010000100000001101100001001 I
b11010100110100001111000101010001 J
b1011101111101101110110001001001000011011110111000000011011011001 L
b11010100100101110101010101000110 /
b10110101011101100000010010000101 7
b1011010010111101101100001101000 6
b11110010010100101110011100011111 D
b1000011110110001010000101010000 C
b11011110111000000011011011001 O
b11110010010100101110011100011111 M
b1000011110110001010000101010000 N
b10100101101000010010011110010111 8
b1111110101001101110011101101 9
#3400000
0#
0:
#3405000
1#
1:
b101010001 2
b10100101101000010010011110010111 ,
b1111110101001101110011101101 -
b1011010010111101101100001101000 0
b10110101011101100000010010000101 1
b101010001 3
b11011110111000000011011011001 G
b11010100100101110101010101000110 H
b1000011110110001010000101010000 I
b11110010010100101110011100011111 J
b100000000111000110000010010000111111100011010101011100010110000 L
b11011110111000000011011011001 /
b110100110000001000000010011010 7
b11111000100101100101001000100001 6
b1111110101001101110011101101 D
b10100101101000010010011110010111 C
b11111100011010101011100010110000 O
b1111110101001101110011101101 M
b10100101101000010010011110010111 N
b111011010011010110111011110 8
b101101010101101101001010111011 9
#3410000
0#
0:
#3415000
1#
1:
b101010010 2
b111011010011010110111011110 ,
b101101010101101101001010111011 -
b11111000100101100101001000100001 0
b110100110000001000000010011010 1
b101010010 3
b11111100011010101011100010110000 G
b11011110111000000011011011001 H
b10100101101000010010011110010111 I
b1111110101001101110011101101 J
b101000111110001010011011011001110110010000110110101011001011 L
b11111100011010101011100010110000 /
b10110100000010101111110010101111 7
b10010110110011011100101111011010 6
b101101010101101101001010111011 D
b111011010011010110111011110 C
b1110110010000110110101011001011 O
b101101010101101101001010111011 M
b111011010011010110111011110 N
b1101001001100100011010000100101 8
b1001010110110001100100010001001 9
#3420000
0#
0:
#3425000
1#
1:
b101010011 2
b1101001001100100011010000100101 ,
b1001010110110001100100010001001 -
b10010110110011011100101111011010 0
b10110100000010101111110010101111 1
b101010011 3
b1110110010000110110101011001011 G
b11111100011010101011100010110000 H
b111011010011010110111011110 I
b101101010101101101001010111011 J
b101010000000101110010101010001001011001100001110100101010 L
b1110110010000110110101011001011 /
b110011010101010111100011000100 7
b110101000001010100010110010011 6
b1001010110110001100100010001001 D
b1101001001100100011010000100101 C
b10001001011001100001110100101010 O
b1001010110110001100100010001001 M
b1101001001100100011010000100101 N
b11001010111110101011101001101100 8
b1101000010110101011111001010111 9
#3430000
0#
0:
#3435000
1#
1:
b101010100 2
b11001010111110101011101001101100 ,
b1101000010110101011111001010111 -
b110101000001010100010110010011 0
b110011010101010111100011000100 1
b101010100 3
b10001001011001100001110100101010 G
b1110110010000110110101011001011 H
b1101001001100100011010000100101 I
b1001010110110001100100010001001 J
b1111011000001100101111101011000110101110100101100111111001101 L
b10001001011001100001110100101010 /
b10110010100111111111010011011001 7
b11010011001111001011111101001100 6
b1101000010110101011111001010111 D
b11001010111110101011101001101100 C
b110101110100101100111111001101 O
b1101000010110101011111001010111 M
b11001010111110101011101001101100 N
b101100110000110100000010110011 8
b10000101110111001011010000100101 9
#3440000
0#
0:
#3445000
1#
1:
b101010101 2
b101100110000110100000010110011 ,
b10000101110111001011010000100101 -
b11010011001111001011111101001100 0
b10110010100111111111010011011001 1
b101010101 3
b110101110100101100111111001101 G
b10001001011001100001110100101010 H
b11001010111110101011101001101100 I
b1101000010110101011111001010111 J
b101001010111101110011101100110001111011100010011000001010110100 L
b110101110100101100111111001101 /
b110001111010100111000011101110 7
b1110001011101000011100100000101 6
b10000101110111001011010000100101 D
b101100110000110100000010110011 C
b1111011100010011000001010110100 O
b10000101110111001011010000100101 M
b101100110000110100000010110011 N
b10001110100010111100011011111010 8
b10100011010111101010100111110011 9
#3450000
0#
0:
#3455000
1#
1:
b101010110 2
b10001110100010111100011011111010 ,
b10100011010111101010100111110011 -
b1110001011101000011100100000101 0
b110001111010100111000011101110 1
b101010110 3
b1111011100010011000001010110100 G
b110101110100101100111111001101 H
b101100110000110100000010110011 I
b10000101110111001011010000100101 J
b1011101101000000001111110100001011010100010100011010111011111 L
b1111011100010011000001010110100 /
b10110001001101001110110100000011 7
b1111101010111011001010111110 6
b10100011010111101010100111110011 D
b10001110100010111100011011111010 C
b1011010100010100011010111011111 O
b10100011010111101010100111110011 M
b10001110100010111100011011111010 N
b11110000010101000100110101000001 8
b11000000111000001001111111000001 9
#3460000
0#
0:
#3465000
1#
1:
b101010111 2
b11110000010101000100110101000001 ,
b11000000111000001001111111000001 -
b1111101010111011001010111110 0
b10110001001101001110110100000011 1
b101010111 3
b1011010100010100011010111011111 G
b1111011100010011000001010110100 H
b10001110100010111100011011111010 I
b10100011010111101010100111110011 J
b101101011110111101101011010010111010010110101001110100101001110 L
b1011010100010100011010111011111 /
b110000011111110110100100011000 7
b10101101111000110010110001110111 6
b11000000111000001001111111000001 D
b11110000010101000100110101000001 C
b11010010110101001110100101001110 O
b11000000111000001001111111000001 M
b11110000010101000100110101000001 N
b1010010000111001101001110001000 8
b11011110011000101001010110001111 9
#3470000
0#
0:
#3475000
1#
1:
b101011000 2
b1010010000111001101001110001000 ,
b11011110011000101001010110001111 -
b10101101111000110010110001110111 0
b110000011111110110100100011000 1
b101011000 3
b11010010110101001110100101001110 G
b1011010100010100011010111011111 H
b11110000010101000100110101000001 I
b11000000111000001001111111000001 J
b1011010100010010000110011010110111100100011010011001110100000001 L
b11010010110101001110100101001110 /
b10101111110010011110010100101101 7
b1001100000110101010011000110000 6
b11011110011000101001010110001111 D
b1010010000111001101001110001000 C
b11100100011010011001110100000001 O
b11011110011000101001010110001111 M
b1010010000111001101001110001000 N
b10110011111001010101100111001111 8
b11111011111001001000101101011101 9
#3480000
0#
0:
#3485000
1#
1:
b101011001 2
b10110011111001010101100111001111 ,
b11111011111001001000101101011101 -
b1001100000110101010011000110000 0
b10101111110010011110010100101101 1
b101011001 3
b11100100011010011001110100000001 G
b11010010110101001110100101001110 H
b1010010000111001101001110001000 I
b11011110011000101001010110001111 J
b100011101010100100111100111000110001111010010000101000011111000 L
b11100100011010011001110100000001 /
b101111000101000110000101000010 7
b11101010010100100001111111101001 6
b11111011111001001000101101011101 D
b10110011111001010101100111001111 C
b10001111010010000101000011111000 O
b11111011111001001000101101011101 M
b10110011111001010101100111001111 N
b10101101011011110000000010110 8
b11001011001101000000100101011 9
#3490000
0#
0:
#3495000
1#
1:
b101011010 2
b10101101011011110000000010110 ,
b11001011001101000000100101011 -
b11101010010100100001111111101001 0
b101111000101000110000101000010 1
b101011010 3
b10001111010010000101000011111000 G
b11100100011010011001110100000001 H
b10110011111001010101100111001111 I
b11111011111001001000101101011101 J
b1011000100000010011110010100000011010011011100010000010100110011 L
b10001111010010000101000011111000 /
b10101110010111101101110101010111 7
b10001000100010011001100110100010 6
b11001011001101000000100101011 D
b10101101011011110000000010110 C
b11010011011100010000010100110011 O
b11001011001101000000100101011 M
b10101101011011110000000010110 N
b1110111011101100110011001011101 8
b110110111010000111011011111001 9
#3500000
0#
0:
#3505000
1#
1:
b101011011 2
b1110111011101100110011001011101 ,
b110110111010000111011011111001 -
b10001000100010011001100110100010 0
b10101110010111101101110101010111 1
b101011011 3
b11010011011100010000010100110011 G
b10001111010010000101000011111000 H
b10101101011011110000000010110 I
b11001011001101000000100101011 J
b1000100110101010010001100110110000111000111011100110110010 L
b11010011011100010000010100110011 /
b101101101010010101100101101100 7
b100110110000010001001101011011 6
b110110111010000111011011111001 D
b1110111011101100110011001011101 C
b10110000111000111011100110110010 O
b110110111010000111011011111001 M
b1110111011101100110011001011101 N
b11011001001111101110110010100100 8
b1010100011010100110110011000111 9
#3510000
0#
0:
#3515000
1#
1:
b101011100 2
b11011001001111101110110010100100 ,
b1010100011010100110110011000111 -
b100110110000010001001101011011 0
b101101101010010101100101101100 1
b101011100 3
b10110000111000111011100110110010 G
b11010011011100010000010100110011 H
b1110111011101100110011001011101 I
b110110111010000111011011111001 J
b1100110011111011101000110100100100111101000000110111001110101 L
b10110000111000111011100110110010 /
b10101100111100111101010110000001 7
b11000100111110001000110100010100 6
b1010100011010100110110011000111 D
b11011001001111101110110010100100 C
b100111101000000110111001110101 O
b1010100011010100110110011000111 M
b11011001001111101110110010100100 N
b111011000001110111001011101011 8
b1110001111011000110001010010101 9
#3520000
0#
0:
#3525000
1#
1:
b101011101 2
b111011000001110111001011101011 ,
b1110001111011000110001010010101 -
b11000100111110001000110100010100 0
b10101100111100111101010110000001 1
b101011101 3
b100111101000000110111001110101 G
b10110000111000111011100110110010 H
b11011001001111101110110010100100 I
b1010100011010100110110011000111 J
b100011110100010111101100000001100110111101001110010001101111100 L
b100111101000000110111001110101 /
b101100001111100101000110010110 7
b1100011001100000000011011001101 6
b1110001111011000110001010010101 D
b111011000001110111001011101011 C
b110111101001110010001101111100 O
b1110001111011000110001010010101 M
b111011000001110111001011101011 N
b10011100110011111111100100110010 8
b10001111011011100101100001100011 9
#3530000
0#
0:
#3535000
1#
1:
b101011110 2
b10011100110011111111100100110010 ,
b10001111011011100101100001100011 -
b1100011001100000000011011001101 0
b101100001111100101000110010110 1
b101011110 3
b110111101001110010001101111100 G
b100111101000000110111001110101 H
b111011000001110111001011101011 I
b1110001111011000110001010010101 J
b1101001000100110010110101001011100000111101111101100011000111 L
b110111101001110010001101111100 /
b10101011100010001100110110101011 7
b1011001111000000010000110 6
b10001111011011100101100001100011 D
b10011100110011111111100100110010 C
b11100000111101111101100011000111 O
b10001111011011100101100001100011 M
b10011100110011111111100100110010 N
b11111110100110000111111101111001 8
b10101100111100000100111000110001 9
#3540000
0#
0:
#3545000
1#
1:
b101011111 2
b11111110100110000111111101111001 ,
b10101100111100000100111000110001 -
b1011001111000000010000110 0
b10101011100010001100110110101011 1
b101011111 3
b11100000111101111101100011000111 G
b110111101001110010001101111100 H
b10011100110011111111100100110010 I
b10001111011011100101100001100011 J
b101011111011011110000111011010000100011100100101000111001010110 L
b11100000111101111101100011000111 /
b101010110100110100100111000000 7
b10011111100111101111101000111111 6
b10101100111100000100111000110001 D
b11111110100110000111111101111001 C
b100011100100101000111001010110 O
b10101100111100000100111000110001 M
b11111110100110000111111101111001 N
b1100000011000010000010111000000 8
b11001010011100100100001111111111 9
#3550000
0#
0:
#3555000
1#
1:
b101100000 2
b1100000011000010000010111000000 ,
b11001010011100100100001111111111 -
b10011111100111101111101000111111 0
b101010110100110100100111000000 1
b101100000 3
b100011100100101000111001010110 G
b11100000111101111101100011000111 H
b11111110100110000111111101111001 I
b10101100111100000100111000110001 J
b1010101111111101011100100101111111111111011101110100010000101001 L
b100011100100101000111001010110 /
b10101010000111011100010111010101 7
b111101110101100111001111111000 6
b11001010011100100100001111111111 D
b1100000011000010000010111000000 C
b11111111011101110100010000101001 O
b11001010011100100100001111111111 M
b1100000011000010000010111000000 N
b11000010001010011000110000000111 8
b11100111111101000011100111001101 9
#3560000
0#
0:
#3565000
1#
1:
b101100001 2
b11000010001010011000110000000111 ,
b11100111111101000011100111001101 -
b111101110101100111001111111000 0
b10101010000111011100010111010101 1
b101100001 3
b11111111011101110100010000101001 G
b100011100100101000111001010110 H
b1100000011000010000010111000000 I
b11001010011100100100001111111111 J
b100110000110111100100110101011101110100101001011111101001000000 L
b11111111011101110100010000101001 /
b101001011010000100000111101010 7
b11011100000011011110110110110001 6
b11100111111101000011100111001101 D
b11000010001010011000110000000111 C
b1110100101001011111101001000000 O
b11100111111101000011100111001101 M
b11000010001010011000110000000111 N
b100011111100100001001001001110 8
b101011101100010111110011011 9
#3570000
0#
0:
#3575000
1#
1:
b101100010 2
b100011111100100001001001001110 ,
b101011101100010111110011011 -
b11011100000011011110110110110001 0
b101001011010000100000111101010 1
b101100010 3
b1110100101001011111101001000000 G
b11111111011101110100010000101001 H
b11000010001010011000110000000111 I
b11100111111101000011100111001101 J
b1010111111101100101110001100101010000011000111101011000010011011 L
b1110100101001011111101001000000 /
b10101000101100101011110111111111 7
b1111010010001010110011101101010 6
b101011101100010111110011011 D
b100011111100100001001001001110 C
b10000011000111101011000010011011 O
b101011101100010111110011011 M
b100011111100100001001001001110 N
b10000101101110101001100010010101 8
b100010111110000010010101101001 9
#3580000
0#
0:
#3585000
1#
1:
b101100011 2
b10000101101110101001100010010101 ,
b100010111110000010010101101001 -
b1111010010001010110011101101010 0
b10101000101100101011110111111111 1
b101100011 3
b10000011000111101011000010011011 G
b1110100101001011111101001000000 H
b100011111100100001001001001110 I
b101011101100010111110011011 J
b11000100010100101001111100101010111000010110011100111010 L
b10000011000111101011000010011011 /
b100111111111010011101000010100 7
b11000011111001110000100100011 6
b100010111110000010010101101001 D
b10000101101110101001100010010101 C
b101010111000010110011100111010 O
b100010111110000010010101101001 M
b10000101101110101001100010010101 N
b11100111100000110001111011011100 8
b1000000011110100001101100110111 9
#3590000
0#
0:
#3595000
1#
1:
b101100100 2
b11100111100000110001111011011100 ,
b1000000011110100001101100110111 -
b11000011111001110000100100011 0
b100111111111010011101000010100 1
b101100100 3
b101010111000010110011100111010 G
b10000011000111101011000010011011 H
b10000101101110101001100010010101 I
b100010111110000010010101101001 J
b1001001000100011010001001001001101011111011100001111000011101 L
b101010111000010110011100111010 /
b10100111010001111011011000101001 7
b10110110101101000101101011011100 6
b1000000011110100001101100110111 D
b11100111100000110001111011011100 C
b1101011111011100001111000011101 O
b1000000011110100001101100110111 M
b11100111100000110001111011011100 N
b1001001010010111010010100100011 8
b1011101111111000001000100000101 9
#3600000
0#
0:
#3605000
1#
1:
b101100101 2
b1001001010010111010010100100011 ,
b1011101111111000001000100000101 -
b10110110101101000101101011011100 0
b10100111010001111011011000101001 1
b101100101 3
b1101011111011100001111000011101 G
b101010111000010110011100111010 H
b11100111100000110001111011011100 I
b1000000011110100001101100110111 J
b11101001001111001101001101000001000110010001001101010101000100 L
b1101011111011100001111000011101 /
b100110100100100011001000111110 7
b1010100111010111101010010010101 6
b1011101111111000001000100000101 D
b1001001010010111010010100100011 C
b1000110010001001101010101000100 O
b1011101111111000001000100000101 M
b1001001010010111010010100100011 N
b10101011000101000010101101101010 8
b1111011011111100000011011010011 9
#3610000
0#
0:
#3615000
1#
1:
b101100110 2
b10101011000101000010101101101010 ,
b1111011011111100000011011010011 -
b1010100111010111101010010010101 0
b100110100100100011001000111110 1
b101100110 3
b1000110010001001101010101000100 G
b1101011111011100001111000011101 H
b1001001010010111010010100100011 I
b1011101111111000001000100000101 J
b1101011101000101001100101001110111001111001011000110010101111 L
b1000110010001001101010101000100 /
b10100101110111001010111001010011 7
b11110011001000110100111001001110 6
b1111011011111100000011011010011 D
b10101011000101000010101101101010 C
b10111001111001011000110010101111 O
b1111011011111100000011011010011 M
b10101011000101000010101101101010 N
b1100110111001011000110110001 8
b10011000111111111111110010100001 9
#3620000
0#
0:
#3625000
1#
1:
b101100111 2
b1100110111001011000110110001 ,
b10011000111111111111110010100001 -
b11110011001000110100111001001110 0
b10100101110111001010111001010011 1
b101100111 3
b10111001111001011000110010101111 G
b1000110010001001101010101000100 H
b10101011000101000010101101101010 I
b1111011011111100000011011010011 J
b101001010000110111010010101100011000110110100000100010001011110 L
b10111001111001011000110010101111 /
b100101001001110010101001101000 7
b10010001010110101100100000000111 6
b10011000111111111111110010100001 D
b1100110111001011000110110001 C
b11000110110100000100010001011110 O
b10011000111111111111110010100001 M
b1100110111001011000110110001 N
b1101110101001010011011111111000 8
b10110110100000011111001001101111 9
#3630000
0#
0:
#3635000
1#
1:
b101101000 2
b1101110101001010011011111111000 ,
b10110110100000011111001001101111 -
b10010001010110101100100000000111 0
b100101001001110010101001101000 1
b101101000 3
b11000110110100000100010001011110 G
b10111001111001011000110010101111 H
b1100110111001011000110110001 I
b10011000111111111111110010100001 J
b11110101111111001100000011101101101000001001111110001010001 L
b11000110110100000100010001011110 /
b10100100011100011010011001111101 7
b101111100100100100000111000000 6
b10110110100000011111001001101111 D
b1101110101001010011011111111000 C
b1101101000001001111110001010001 O
b10110110100000011111001001101111 M
b1101110101001010011011111111000 N
b11010000011011011011111000111111 8
b11010100000000111110100000111101 9
#3640000
0#
0:
#3645000
1#
1:
b101101001 2
b11010000011011011011111000111111 ,
b11010100000000111110100000111101 -
b101111100100100100000111000000 0
b10100100011100011010011001111101 1
b101101001 3
b1101101000001001111110001010001 G
b11000110110100000100010001011110 H
b1101110101001010011011111111000 I
b10110110100000011111001001101111 J
b100111011100001100111111101001110101100100000111011010010001000 L
b1101101000001001111110001010001 /
b100011101111000010001010010010 7
b11001101110010011011101101111001 6
b11010100000000111110100000111101 D
b11010000011011011011111000111111 C
b10101100100000111011010010001000 O
b11010100000000111110100000111101 M
b11010000011011011011111000111111 N
b110010001101100100010010000110 8
b11110001100001011101111000001011 9
#3650000
0#
0:
#3655000
1#
1:
b101101010 2
b110010001101100100010010000110 ,
b11110001100001011101111000001011 -
b11001101110010011011101101111001 0
b100011101111000010001010010010 1
b101101010 3
b10101100100000111011010010001000 G
b1101101000001001111110001010001 H
b11010000011011011011111000111111 I
b11010100000000111110100000111101 J
b1010110010011110000011111110101010000101010011000110110100000011 L
b10101100100000111011010010001000 /
b10100011000001101001111010100111 7
b1101100000000010011010100110010 6
b11110001100001011101111000001011 D
b110010001101100100010010000110 C
b10000101010011000110110100000011 O
b11110001100001011101111000001011 M
b110010001101100100010010000110 N
b10010011111111101100101011001101 8
b1111000001111101001111011001 9
#3660000
0#
0:
#3665000
1#
1:
b101101011 2
b10010011111111101100101011001101 ,
b1111000001111101001111011001 -
b1101100000000010011010100110010 0
b10100011000001101001111010100111 1
b101101011 3
b10000101010011000110110100000011 G
b10101100100000111011010010001000 H
b110010001101100100010010000110 I
b11110001100001011101111000001011 J
b10111101011111010110000100000011110111010111110010010111000010 L
b10000101010011000110110100000011 /
b100010010100010001101010111100 7
b1010001110001010111011101011 6
b1111000001111101001111011001 D
b10010011111111101100101011001101 C
b11110111010111110010010111000010 O
b1111000001111101001111011001 M
b10010011111111101100101011001101 N
b11110101110001110101000100010100 8
b101100100010011100100110100111 9
#3670000
0#
0:
#3675000
1#
1:
b101101100 2
b11110101110001110101000100010100 ,
b101100100010011100100110100111 -
b1010001110001010111011101011 0
b100010010100010001101010111100 1
b101101100 3
b11110111010111110010010111000010 G
b10000101010011000110110100000011 H
b10010011111111101100101011001101 I
b1111000001111101001111011001 J
b100010110000011101000101001000000010101110111101111011000101 L
b11110111010111110010010111000010 /
b10100001100110111001011011010001 7
b10101000011100000010100010100100 6
b101100100010011100100110100111 D
b11110101110001110101000100010100 C
b10101110111101111011000101 O
b101100100010011100100110100111 M
b11110101110001110101000100010100 N
b1010111100011111101011101011011 8
b1001010000010111011111101110101 9
#3680000
0#
0:
#3685000
1#
1:
b101101101 2
b1010111100011111101011101011011 ,
b1001010000010111011111101110101 -
b10101000011100000010100010100100 0
b10100001100110111001011011010001 1
b101101101 3
b10101110111101111011000101 G
b11110111010111110010010111000010 H
b11110101110001110101000100010100 I
b101100100010011100100110100111 J
b10101011000010100010110011001110100111011000101001100000001100 L
b10101110111101111011000101 /
b100000111001100001001011100110 7
b1000110101001111010001001011101 6
b1001010000010111011111101110101 D
b1010111100011111101011101011011 C
b10100111011000101001100000001100 O
b1001010000010111011111101110101 M
b1010111100011111101011101011011 N
b10111001010110000101110110100010 8
b1100111100011011011010101000011 9
#3690000
0#
0:
#3695000
1#
1:
b101101110 2
b10111001010110000101110110100010 ,
b1100111100011011011010101000011 -
b1000110101001111010001001011101 0
b100000111001100001001011100110 1
b101101110 3
b10100111011000101001100000001100 G
b10101110111101111011000101 H
b1010111100011111101011101011011 I
b1001010000010111011111101110101 J
b1100101010011100110001110101011100101010100110101000110010111 L
b10100111011000101001100000001100 /
b10100000001100001000111011111011 7
b11100100110111110001110000010110 6
b1100111100011011011010101000011 D
b10111001010110000101110110100010 C
b11100101010100110101000110010111 O
b1100111100011011011010101000011 M
b10111001010110000101110110100010 N
b11011001000001110001111101001 8
b10000101000011111010101100010001 9
#3700000
0#
0:
#3705000
1#
1:
b101101111 2
b11011001000001110001111101001 ,
b10000101000011111010101100010001 -
b11100100110111110001110000010110 0
b10100000001100001000111011111011 1
b101101111 3
b11100101010100110101000110010111 G
b10100111011000101001100000001100 H
b10111001010110000101110110100010 I
b1100111100011011011010101000011 J
b100101011111001001001101001001110111100100011100000101101100110 L
b11100101010100110101000110010111 /
b11111011110110000101100010000 7
b10000011000101101001010111001111 6
b10000101000011111010101100010001 D
b11011001000001110001111101001 C
b10111100100011100000101101100110 O
b10000101000011111010101100010001 M
b11011001000001110001111101001 N
b1111100111010010110101000110000 8
b10100010100100011010000011011111 9
#3710000
0#
0:
#3715000
1#
1:
b101110000 2
b1111100111010010110101000110000 ,
b10100010100100011010000011011111 -
b10000011000101101001010111001111 0
b11111011110110000101100010000 1
b101110000 3
b10111100100011100000101101100110 G
b11100101010100110101000110010111 H
b11011001000001110001111101001 I
b10000101000011111010101100010001 J
b111000011001101111110111011000101101000100101100010101111001 L
b10111100100011100000101101100110 /
b10011110110001011000011100100101 7
b100001010011100000111110001000 6
b10100010100100011010000011011111 D
b1111100111010010110101000110000 C
b101101000100101100010101111001 O
b10100010100100011010000011011111 M
b1111100111010010110101000110000 N
b11011110101100011111000001110111 8
b11000000000100111001011010101101 9
#3720000
0#
0:
#3725000
1#
1:
b101110001 2
b11011110101100011111000001110111 ,
b11000000000100111001011010101101 -
b100001010011100000111110001000 0
b10011110110001011000011100100101 1
b101110001 3
b101101000100101100010101111001 G
b10111100100011100000101101100110 H
b1111100111010010110101000110000 I
b10100010100100011010000011011111 J
b100111101010010110000111110011000110110111000010111111111010000 L
b101101000100101100010101111001 /
b11110000100000000001100111010 7
b10111111100001011000100101000001 6
b11000000000100111001011010101101 D
b11011110101100011111000001110111 C
b110110111000010111111111010000 O
b11000000000100111001011010101101 M
b11011110101100011111000001110111 N
b1000000011110100111011010111110 8
b11011101100101011000110001111011 9
#3730000
0#
0:
#3735000
1#
1:
b101110010 2
b1000000011110100111011010111110 ,
b11011101100101011000110001111011 -
b10111111100001011000100101000001 0
b11110000100000000001100111010 1
b101110010 3
b110110111000010111111111010000 G
b101101000100101100010101111001 H
b11011110101100011111000001110111 I
b11000000000100111001011010101101 J
b1010011100010110011111101010000011011001111110100011101001101011 L
b110110111000010111111111010000 /
b10011101010110100111111101001111 7
b1011101101111010000001011111010 6
b11011101100101011000110001111011 D
b1000000011110100111011010111110 C
b11011001111110100011101001101011 O
b11011101100101011000110001111011 M
b1000000011110100111011010111110 N
b10100010010000101111110100000101 8
b11111011000101111000001001001001 9
#3740000
0#
0:
#3745000
1#
1:
b101110011 2
b10100010010000101111110100000101 ,
b11111011000101111000001001001001 -
b1011101101111010000001011111010 0
b10011101010110100111111101001111 1
b101110011 3
b11011001111110100011101001101011 G
b110110111000010111111111010000 H
b1000000011110100111011010111110 I
b11011101100101011000110001111011 J
b11011111001111011000110010101100010110010111001111010101001010 L
b11011001111110100011101001101011 /
b11100101001001111101101100100 7
b11111011111101000111110010110011 6
b11111011000101111000001001001001 D
b10100010010000101111110100000101 C
b10110010111001111010101001010 O
b11111011000101111000001001001001 M
b10100010010000101111110100000101 N
b100000010111000001101001100 8
b11000100110010111100000010111 9
#3750000
0#
0:
#3755000
1#
1:
b101110100 2
b100000010111000001101001100 ,
b11000100110010111100000010111 -
b11111011111101000111110010110011 0
b11100101001001111101101100100 1
b101110100 3
b10110010111001111010101001010 G
b11011001111110100011101001101011 H
b10100010010000101111110100000101 I
b11111011000101111000001001001001 J
b1001111100100110100101001010110011101100000010011011000001101101 L
b10110010111001111010101001010 /
b10011011111011110111011101111001 7
b10011010001010111111011001101100 6
b11000100110010111100000010111 D
b100000010111000001101001100 C
b11101100000010011011000001101101 O
b11000100110010111100000010111 M
b100000010111000001101001100 N
b1100101110101000000100110010011 8
b110110000110110110110111100101 9
#3760000
0#
0:
#3765000
1#
1:
b101110101 2
b1100101110101000000100110010011 ,
b110110000110110110110111100101 -
b10011010001010111111011001101100 0
b10011011111011110111011101111001 1
b101110101 3
b11101100000010011011000001101101 G
b10110010111001111010101001010 H
b100000010111000001101001100 I
b11000100110010111100000010111 J
b1100011100000010001011001011011000000000110101111010100 L
b11101100000010011011000001101101 /
b11011001110011111001110001110 7
b111000011000110111000000100101 6
b110110000110110110110111100101 D
b1100101110101000000100110010011 C
b1011011000000000110101111010100 O
b110110000110110110110111100101 M
b1100101110101000000100110010011 N
b11000111100111001000111111011010 8
b1010011100111010110001110110011 9
#3770000
0#
0:
#3775000
1#
1:
b101110110 2
b11000111100111001000111111011010 ,
b1010011100111010110001110110011 -
b111000011000110111000000100101 0
b11011001110011111001110001110 1
b101110110 3
b1011011000000000110101111010100 G
b11101100000010011011000001101101 H
b1100101110101000000100110010011 I
b110110000110110110110111100101 J
b1010110000101101000110001100001100011010000010010011101111111 L
b1011011000000000110101111010100 /
b10011010100001000110111110100011 7
b11010110100110101110100111011110 6
b1010011100111010110001110110011 D
b11000111100111001000111111011010 C
b1100011010000010010011101111111 O
b1010011100111010110001110110011 M
b11000111100111001000111111011010 N
b101001011001010001011000100001 8
b1110001000111110101100110000001 9
#3780000
0#
0:
#3785000
1#
1:
b101110111 2
b101001011001010001011000100001 ,
b1110001000111110101100110000001 -
b11010110100110101110100111011110 0
b10011010100001000110111110100011 1
b101110111 3
b1100011010000010010011101111111 G
b1011011000000000110101111010100 H
b11000111100111001000111111011010 I
b1010011100111010110001110110011 J
b100000100110010011110110110010100000100110010111110001101101110 L
b1100011010000010010011101111111 /
b11001110011101110101110111000 7
b1110100110100100110001110010111 6
b1110001000111110101100110000001 D
b101001011001010001011000100001 C
b100110010111110001101101110 O
b1110001000111110101100110000001 M
b101001011001010001011000100001 N
b10001011001011011001110001101000 8
b10001110101000010100111101001111 9
#3790000
0#
0:
#3795000
1#
1:
b101111000 2
b10001011001011011001110001101000 ,
b10001110101000010100111101001111 -
b1110100110100100110001110010111 0
b11001110011101110101110111000 1
b101111000 3
b100110010111110001101101110 G
b1100011010000010010011101111111 H
b101001011001010001011000100001 I
b1110001000111110101100110000001 J
b1001001001010101100000111101100111111101000001001111110100001 L
b100110010111110001101101110 /
b10011001000110010110011111001101 7
b10011000010011101110101010000 6
b10001110101000010100111101001111 D
b10001011001011011001110001101000 C
b111111101000001001111110100001 O
b10001110101000010100111101001111 M
b10001011001011011001110001101000 N
b11101100111101100010001010101111 8
b10101100001000110100010100011101 9
#3800000
0#
0:
#3805000
1#
1:
b101111001 2
b11101100111101100010001010101111 ,
b10101100001000110100010100011101 -
b10011000010011101110101010000 0
b10011001000110010110011111001101 1
b101111001 3
b111111101000001001111110100001 G
b100110010111110001101101110 H
b10001011001011011001110001101000 I
b10001110101000010100111101001111 J
b100110110001010111111111000111100010011101111110101110000011000 L
b111111101000001001111110100001 /
b11000011000111110001111100010 7
b10110001010000010101011100001001 6
b10101100001000110100010100011101 D
b11101100111101100010001010101111 C
b10011101111110101110000011000 O
b10101100001000110100010100011101 M
b11101100111101100010001010101111 N
b1001110101111101010100011110110 8
b11001001101001010011101011101011 9
#3810000
0#
0:
#3815000
1#
1:
b101111010 2
b1001110101111101010100011110110 ,
b11001001101001010011101011101011 -
b10110001010000010101011100001001 0
b11000011000111110001111100010 1
b101111010 3
b10011101111110101110000011000 G
b111111101000001001111110100001 H
b11101100111101100010001010101111 I
b10101100001000110100010100011101 J
b1001111101010110000001001110110110000001001010000001100011010011 L
b10011101111110101110000011000 /
b10010111101011100101111111110111 7
b1001111011110001101000011000010 6
b11001001101001010011101011101011 D
b1001110101111101010100011110110 C
b10000001001010000001100011010011 O
b11001001101001010011101011101011 M
b1001110101111101010100011110110 N
b10110000100001110010111100111101 8
b11100111001001110011000010111001 9
#3820000
0#
0:
#3825000
1#
1:
b101111011 2
b10110000100001110010111100111101 ,
b11100111001001110011000010111001 -
b1001111011110001101000011000010 0
b10010111101011100101111111110111 1
b101111011 3
b10000001001010000001100011010011 G
b10011101111110101110000011000 H
b1001110101111101010100011110110 I
b11001001101001010011101011101011 J
b11111000000110100001011010101110000111110110101101010111010010 L
b10000001001010000001100011010011 /
b10110111110001101110000001100 7
b11101101101100000100101001111011 6
b11100111001001110011000010111001 D
b10110000100001110010111100111101 C
b10000111110110101101010111010010 O
b11100111001001110011000010111001 M
b10110000100001110010111100111101 N
b10010010011111011010110000100 8
b100101010010010011010000111 9
#3830000
0#
0:
#3835000
1#
1:
b101111100 2
b10010010011111011010110000100 ,
b100101010010010011010000111 -
b11101101101100000100101001111011 0
b10110111110001101110000001100 1
b101111100 3
b10000111110110101101010111010010 G
b10000001001010000001100011010011 H
b10110000100001110010111100111101 I
b11100111001001110011000010111001 J
b1001111101100101000000011101000100100111110101111001001100010101 L
b10000111110110101101010111010010 /
b10010110010000110101100000100001 7
b10001011111001111100010000110100 6
b100101010010010011010000111 D
b10010010011111011010110000100 C
b100111110101111001001100010101 O
b100101010010010011010000111 M
b10010010011111011010110000100 N
b1110100000110000011101111001011 8
b100010001010110001110001010101 9
#3840000
0#
0:
#3845000
1#
1:
b101111101 2
b1110100000110000011101111001011 ,
b100010001010110001110001010101 -
b10001011111001111100010000110100 0
b10010110010000110101100000100001 1
b101111101 3
b100111110101111001001100010101 G
b10000111110110101101010111010010 H
b10010010011111011010110000100 I
b100101010010010011010000111 J
b1010101010110000011011001100001000111100101000010011100 L
b100111110101111001001100010101 /
b10101100011011101010000110110 7
b101010000111110011110111101101 6
b100010001010110001110001010101 D
b1110100000110000011101111001011 C
b1100001000111100101000010011100 O
b100010001010110001110001010101 M
b1110100000110000011101111001011 N
b11010101111000001100001000010010 8
b111111101011010001001000100011 9
#3850000
0#
0:
#3855000
1#
1:
b101111110 2
b11010101111000001100001000010010 ,
b111111101011010001001000100011 -
b101010000111110011110111101101 0
b10101100011011101010000110110 1
b101111110 3
b1100001000111100101000010011100 G
b100111110101111001001100010101 H
b1110100000110000011101111001011 I
b100010001010110001110001010101 J
b111101111110110001001101110000110011101011110000111001100111 L
b1100001000111100101000010011100 /
b10010100110110000101000001001011 7
b11001000010101101011011110100110 6
b111111101011010001001000100011 D
b11010101111000001100001000010010 C
b110011101011110000111001100111 O
b111111101011010001001000100011 M
b11010101111000001100001000010010 N
b110111101010010100100001011001 8
b1011101001011110000011111110001 9
#3860000
0#
0:
#3865000
1#
1:
b101111111 2
b110111101010010100100001011001 ,
b1011101001011110000011111110001 -
b11001000010101101011011110100110 0
b10010100110110000101000001001011 1
b101111111 3
b110011101011110000111001100111 G
b1100001000111100101000010011100 H
b11010101111000001100001000010010 I
b111111101011010001001000100011 J
b11010100110010111001111100110010011111100010011100110001110110 L
b110011101011110000111001100111 /
b10100001000101100110001100000 7
b1100110100011100011000101011111 6
b1011101001011110000011111110001 D
b110111101010010100100001011001 C
b10011111100010011100110001110110 O
b1011101001011110000011111110001 M
b110111101010010100100001011001 N
b10011001011100011100111010100000 8
b1111010101100001111110110111111 9
#3870000
0#
0:
#3875000
1#
1:
b110000000 2
b10011001011100011100111010100000 ,
b1111010101100001111110110111111 -
b1100110100011100011000101011111 0
b10100001000101100110001100000 1
b110000000 3
b10011111100010011100110001110110 G
b110011101011110000111001100111 H
b110111101010010100100001011001 I
b1011101001011110000011111110001 J
b1010001000010101110010001011010100100101011101000101011001001 L
b10011111100010011100110001110110 /
b10010011011011010100100001110101 7
b100110001011010101100011000 6
b1111010101100001111110110111111 D
b10011001011100011100111010100000 C
b10100100101011101000101011001001 O
b1111010101100001111110110111111 M
b10011001011100011100111010100000 N
b11111011001110100101010011100111 8
b10011000001100101111001110001101 9
#3880000
0#
0:
#3885000
1#
1:
b110000001 2
b11111011001110100101010011100111 ,
b10011000001100101111001110001101 -
b100110001011010101100011000 0
b10010011011011010100100001110101 1
b110000001 3
b10100100101011101000101011001001 G
b10011111100010011100110001110110 H
b10011001011100011100111010100000 I
b1111010101100001111110110111111 J
b100100110001010010100101100111001000011000111010100100101100000 L
b10100100101011101000101011001001 /
b10010101101111100010010001010 7
b10100010111111010010010011010001 6
b10011000001100101111001110001101 D
b11111011001110100101010011100111 C
b1000011000111010100100101100000 O
b10011000001100101111001110001101 M
b11111011001110100101010011100111 N
b1011101000000101101101100101110 8
b10110101101101001110100101011011 9
#3890000
0#
0:
#3895000
1#
1:
b110000010 2
b1011101000000101101101100101110 ,
b10110101101101001110100101011011 -
b10100010111111010010010011010001 0
b10010101101111100010010001010 1
b110000010 3
b1000011000111010100100101100000 G
b10100100101011101000101011001001 H
b11111011001110100101010011100111 I
b10011000001100101111001110001101 J
b1001010101011100101000101101000001111010110101100000100000111011 L
b1000011000111010100100101100000 /
b10010010000000100100000010011111 7
b1000001001101001001111010001010 6
b10110101101101001110100101011011 D
b1011101000000101101101100101110 C
b1111010110101100000100000111011 O
b10110101101101001110100101011011 M
b1011101000000101101101100101110 N
b10111110110010110110000101110101 8
b11010011001101101101111100101001 9
#3900000
0#
0:
#3905000
1#
1:
b110000011 2
b10111110110010110110000101110101 ,
b11010011001101101101111100101001 -
b1000001001101001001111010001010 0
b10010010000000100100000010011111 1
b110000011 3
b1111010110101100000100000111011 G
b1000011000111010100100101100000 H
b1011101000000101101101100101110 I
b10110101101101001110100101011011 J
b100001000000100101111111100001001001011110110001100011101011010 L
b1111010110101100000100000111011 /
b10001010011001011110010110100 7
b11011111011011000001100001000011 6
b11010011001101101101111100101001 D
b10111110110010110110000101110101 C
b1001011110110001100011101011010 O
b11010011001101101101111100101001 M
b10111110110010110110000101110101 N
b100000100100111110011110111100 8
b11110000101110001101010011110111 9
#3910000
0#
0:
#3915000
1#
1:
b110000100 2
b100000100100111110011110111100 ,
b11110000101110001101010011110111 -
b11011111011011000001100001000011 0
b10001010011001011110010110100 1
b110000100 3
b1001011110110001100011101011010 G
b1111010110101100000100000111011 H
b10111110110010110110000101110101 I
b11010011001101101101111100101001 J
b1001110101101010100001101000101110110110001001011000011010111101 L
b1001011110110001100011101011010 /
b10010000100101110011100011001001 7
b1111101101000111001000111111100 6
b11110000101110001101010011110111 D
b100000100100111110011110111100 C
b10110110001001011000011010111101 O
b11110000101110001101010011110111 M
b100000100100111110011110111100 N
b10000010010111000110111000000011 8
b1110001110101100101011000101 9
#3920000
0#
0:
#3925000
1#
1:
b110000101 2
b10000010010111000110111000000011 ,
b1110001110101100101011000101 -
b1111101101000111001000111111100 0
b10010000100101110011100011001001 1
b110000101 3
b10110110001001011000011010111101 G
b1001011110110001100011101011010 H
b100000100100111110011110111100 I
b11110000101110001101010011110111 J
b1111010100010001011101010100010111001101111000100011001100100 L
b10110110001001011000011010111101 /
b1111111000011011010011011110 7
b11011110110110000101110110101 6
b1110001110101100101011000101 D
b10000010010111000110111000000011 C
b10111001101111000100011001100100 O
b1110001110101100101011000101 M
b10000010010111000110111000000011 N
b11100100001001001111010001001010 8
b101011101111001100000010010011 9
#3930000
0#
0:
#3935000
1#
1:
b110000110 2
b11100100001001001111010001001010 ,
b101011101111001100000010010011 -
b11011110110110000101110110101 0
b1111111000011011010011011110 1
b110000110 3
b10111001101111000100011001100100 G
b10110110001001011000011010111101 H
b10000010010111000110111000000011 I
b1110001110101100101011000101 J
b11100111110111111100011011001010110100111010000011001001111 L
b10111001101111000100011001100100 /
b10001111001011000011000011110011 7
b10111010000100101000010101101110 6
b101011101111001100000010010011 D
b11100100001001001111010001001010 C
b1010110100111010000011001001111 O
b101011101111001100000010010011 M
b11100100001001001111010001001010 N
b1000101111011010111101010010001 8
b1001001001111101011011001100001 9
#3940000
0#
0:
#3945000
1#
1:
b110000111 2
b1000101111011010111101010010001 ,
b1001001001111101011011001100001 -
b10111010000100101000010101101110 0
b10001111001011000011000011110011 1
b110000111 3
b1010110100111010000011001001111 G
b10111001101111000100011001100100 H
b11100100001001001111010001001010 I
b101011101111001100000010010011 J
b10011011111010011010111100101010001100110001111100011001111110 L
b1010110100111010000011001001111 /
b1110011101101010110100001000 7
b1011000010010011111111100100111 6
b1001001001111101011011001100001 D
b1000101111011010111101010010001 C
b10001100110001111100011001111110 O
b1001001001111101011011001100001 M
b1000101111011010111101010010001 N
b10100111101101100000000011011000 8
b1100110110000001010110000101111 9
#3950000
0#
0:
#3955000
1#
1:
b110001000 2
b10100111101101100000000011011000 ,
b1100110110000001010110000101111 -
b1011000010010011111111100100111 0
b1110011101101010110100001000 1
b110001000 3
b10001100110001111100011001111110 G
b1010110100111010000011001001111 H
b1000101111011010111101010010001 I
b1001001001111101011011001100001 J
b1010000000001110110010100100001011100001111001000011011110001 L
b10001100110001111100011001111110 /
b10001101110000010010100100011101 7
b11110110100000010111100011100000 6
b1100110110000001010110000101111 D
b10100111101101100000000011011000 C
b1011100001111001000011011110001 O
b1100110110000001010110000101111 M
b10100111101101100000000011011000 N
b1001011111101000011100011111 8
b10000100010000101010000111111101 9
#3960000
0#
0:
#3965000
1#
1:
b110001001 2
b1001011111101000011100011111 ,
b10000100010000101010000111111101 -
b11110110100000010111100011100000 0
b10001101110000010010100100011101 1
b110001001 3
b1011100001111001000011011110001 G
b10001100110001111100011001111110 H
b10100111101101100000000011011000 I
b1100110110000001010110000101111 J
b100001101010000101111011010001111000100111110110100011110101000 L
b1011100001111001000011011110001 /
b1101000010111010010100110010 7
b10010100101110001111001010011001 6
b10000100010000101010000111111101 D
b1001011111101000011100011111 C
b11000100111110110100011110101000 O
b10000100010000101010000111111101 M
b1001011111101000011100011111 N
b1101011010001110000110101100110 8
b10100001110001001001011111001011 9
#3970000
0#
0:
#3975000
1#
1:
b110001010 2
b1101011010001110000110101100110 ,
b10100001110001001001011111001011 -
b10010100101110001111001010011001 0
b1101000010111010010100110010 1
b110001010 3
b11000100111110110100011110101000 G
b1011100001111001000011011110001 H
b1001011111101000011100011111 I
b10000100010000101010000111111101 J
b10011100111101101100100110011000111000001000000100010100011 L
b11000100111110110100011110101000 /
b10001100010101100010000101000111 7
b110010111100000110110001010010 6
b10100001110001001001011111001011 D
b1101011010001110000110101100110 C
b11000111000001000000100010100011 O
b10100001110001001001011111001011 M
b1101011010001110000110101100110 N
b11001101000011111001001110101101 8
b10111111010001101000110110011001 9
#3980000
0#
0:
#3985000
1#
1:
b110001011 2
b11001101000011111001001110101101 ,
b10111111010001101000110110011001 -
b110010111100000110110001010010 0
b10001100010101100010000101000111 1
b110001011 3
b11000111000001000000100010100011 G
b11000100111110110100011110101000 H
b1101011010001110000110101100110 I
b10100001110001001001011111001011 J
b100001111001010000100010110111101100010010101101100100111100010 L
b11000111000001000000100010100011 /
b1011101000001001110101011100 7
b11010001001001111110011000001011 6
b10111111010001101000110110011001 D
b11001101000011111001001110101101 C
b1100010010101101100100111100010 O
b10111111010001101000110110011001 M
b11001101000011111001001110101101 N
b101110110110000001100111110100 8
b11011100110010001000001101100111 9
#3990000
0#
0:
#3995000
1#
1:
b110001100 2
b101110110110000001100111110100 ,
b11011100110010001000001101100111 -
b11010001001001111110011000001011 0
b1011101000001001110101011100 1
b110001100 3
b1100010010101101100100111100010 G
b11000111000001000000100010100011 H
b11001101000011111001001110101101 I
b10111111010001101000110110011001 J
b1001100100110111001000101101110010010110111100111000101101100101 L
b1100010010101101100100111100010 /
b10001010111010110001100101110001 7
b1101111010111110101111111000100 6
b11011100110010001000001101100111 D
b101110110110000001100111110100 C
b10010110111100111000101101100101 O
b11011100110010001000001101100111 M
b101110110110000001100111110100 N
b10010000101000001010000000111011 8
b11111010010010100111100100110101 9
#4000000
0#
0:
#4005000
1#
1:
b110001101 2
b10010000101000001010000000111011 ,
b11111010010010100111100100110101 -
b1101111010111110101111111000100 0
b10001010111010110001100101110001 1
b110001101 3
b10010110111100111000101101100101 G
b1100010010101101100100111100010 H
b101110110110000001100111110100 I
b11011100110010001000001101100111 J
b10100001100110011001110010110101100100110110100100110100101100 L
b10010110111100111000101101100101 /
b1010001101011001010110000110 7
b1101100101101101100101111101 6
b11111010010010100111100100110101 D
b10010000101000001010000000111011 C
b1100100110110100100110100101100 O
b11111010010010100111100100110101 M
b10010000101000001010000000111011 N
b11110010011010010010011010000010 8
b10111110011000110111100000011 9
#4010000
0#
0:
#4015000
1#
1:
b110001110 2
b11110010011010010010011010000010 ,
b10111110011000110111100000011 -
b1101100101101101100101111101 0
b1010001101011001010110000110 1
b110001110 3
b1100100110110100100110100101100 G
b10010110111100111000101101100101 H
b10010000101000001010000000111011 I
b11111010010010100111100100110101 J
b1000110101100110111011110110000111001100000010110000111100110111 L
b1100100110110100100110100101100 /
b10001001100000000001000110011011 7
b10101011110011100101001100110110 6
b10111110011000110111100000011 D
b11110010011010010010011010000010 C
b11001100000010110000111100110111 O
b10111110011000110111100000011 M
b11110010011010010010011010000010 N
b1010100001100011010110011001001 8
b110101010011100110010011010001 9
#4020000
0#
0:
#4025000
1#
1:
b110001111 2
b1010100001100011010110011001001 ,
b110101010011100110010011010001 -
b10101011110011100101001100110110 0
b10001001100000000001000110011011 1
b110001111 3
b11001100000010110000111100110111 G
b1100100110110100100110100101100 H
b11110010011010010010011010000010 I
b10111110011000110111100000011 J
b1011010001001000001110101111011001100100001011101000110000110 L
b11001100000010110000111100110111 /
b1000110010101000110110110000 7
b1001010000001011100110011101111 6
b110101010011100110010011010001 D
b1010100001100011010110011001001 C
b11001100100001011101000110000110 O
b110101010011100110010011010001 M
b1010100001100011010110011001001 N
b10110101111110100011001100010000 8
b1010010110100000101101010011111 9
#4030000
0#
0:
#4035000
1#
1:
b110010000 2
b10110101111110100011001100010000 ,
b1010010110100000101101010011111 -
b1001010000001011100110011101111 0
b1000110010101000110110110000 1
b110010000 3
b11001100100001011101000110000110 G
b11001100000010110000111100110111 H
b1010100001100011010110011001001 I
b110101010011100110010011010001 J
b1000110001000000100010001000001100110010010101001010000011001 L
b11001100100001011101000110000110 /
b10001000000101010000100111000101 7
b11101000001111010100011010101000 6
b1010010110100000101101010011111 D
b10110101111110100011001100010000 C
b1100110010010101001010000011001 O
b1010010110100000101101010011111 M
b10110101111110100011001100010000 N
b10111110000101011100101010111 8
b1110000010100100101000001101101 9
#4040000
0#
0:
#4045000
1#
1:
b110010001 2
b10111110000101011100101010111 ,
b1110000010100100101000001101101 -
b11101000001111010100011010101000 0
b10001000000101010000100111000101 1
b110010001 3
b1100110010010101001010000011001 G
b11001100100001011101000110000110 H
b10110101111110100011001100010000 I
b1010010110100000101101010011111 J
b11101011011110010000000000111110011001010110010101011011110000 L
b1100110010010101001010000011001 /
b111010111111000010111011010 7
b10000110011101001100000001100001 6
b1110000010100100101000001101101 D
b10111110000101011100101010111 C
b10011001010110010101011011110000 O
b1110000010100100101000001101101 M
b10111110000101011100101010111 N
b1111001100010110011111110011110 8
b10001101110101000100011000111011 9
#4050000
0#
0:
#4055000
1#
1:
b110010010 2
b1111001100010110011111110011110 ,
b10001101110101000100011000111011 -
b10000110011101001100000001100001 0
b111010111111000010111011010 1
b110010010 3
b10011001010110010101011011110000 G
b1100110010010101001010000011001 H
b10111110000101011100101010111 I
b1110000010100100101000001101101 J
b101001101100110101001110110001100101101100100001101000001011 L
b10011001010110010101011011110000 /
b10000110101010100000000111101111 7
b100100101011000011101000011010 6
b10001101110101000100011000111011 D
b1111001100010110011111110011110 C
b1100101101100100001101000001011 O
b10001101110101000100011000111011 M
b1111001100010110011111110011110 N
b11011011010100111100010111100101 8
b10101011010101100011110000001001 9
#4060000
0#
0:
#4065000
1#
1:
b110010011 2
b11011011010100111100010111100101 ,
b10101011010101100011110000001001 -
b100100101011000011101000011010 0
b10000110101010100000000111101111 1
b110010011 3
b1100101101100100001101000001011 G
b10011001010110010101011011110000 H
b1111001100010110011111110011110 I
b10001101110101000100011000111011 J
b100001101010110011110101011001011001011010101001101110101101010 L
b1100101101100100001101000001011 /
b101111101000111111000000100 7
b11000010111000111011001111010011 6
b10101011010101100011110000001001 D
b11011011010100111100010111100101 C
b11001011010101001101110101101010 O
b10101011010101100011110000001001 M
b11011011010100111100010111100101 N
b111101000111000100110000101100 8
b11001000110110000011000111010111 9
#4070000
0#
0:
#4075000
1#
1:
b110010100 2
b111101000111000100110000101100 ,
b11001000110110000011000111010111 -
b11000010111000111011001111010011 0
b101111101000111111000000100 1
b110010100 3
b11001011010101001101110101101010 G
b1100101101100100001101000001011 H
b11011011010100111100010111100101 I
b10101011010101100011110000001001 J
b1001001011001010110101101100001111001010010000011010000100001101 L
b11001011010101001101110101101010 /
b10000101001111101111101000011001 7
b1100001000110110010110110001100 6
b11001000110110000011000111010111 D
b111101000111000100110000101100 C
b11001010010000011010000100001101 O
b11001000110110000011000111010111 M
b111101000111000100110000101100 N
b10011110111001001101001001110011 8
b11100110010110100010011110100101 9
#4080000
0#
0:
#4085000
1#
1:
b110010101 2
b10011110111001001101001001110011 ,
b11100110010110100010011110100101 -
b1100001000110110010110110001100 0
b10000101001111101111101000011001 1
b110010101 3
b11001010010000011010000100001101 G
b11001011010101001101110101101010 H
b111101000111000100110000101100 I
b11001000110110000011000111010111 J
b10111111110001101101110100100001100010011110000110010011110100 L
b11001010010000011010000100001101 /
b100100010010111011000101110 7
b11111111010100101010011101000101 6
b11100110010110100010011110100101 D
b10011110111001001101001001110011 C
b1100010011110000110010011110100 O
b11100110010110100010011110100101 M
b10011110111001001101001001110011 N
b101011010101100010111010 8
b11110111000001110101110011 9
#4090000
0#
0:
#4095000
1#
1:
b110010110 2
b101011010101100010111010 ,
b11110111000001110101110011 -
b11111111010100101010011101000101 0
b100100010010111011000101110 1
b110010110 3
b1100010011110000110010011110100 G
b11001010010000011010000100001101 H
b10011110111001001101001001110011 I
b11100110010110100010011110100101 J
b1000111011111001100010100010000010010011111110010010100100011111 L
b1100010011110000110010011110100 /
b10000011110100111111001001000011 7
b10011101100010100010000011111110 6
b11110111000001110101110011 D
b101011010101100010111010 C
b10010011111110010010100100011111 O
b11110111000001110101110011 M
b101011010101100010111010 N
b1100010011101011101111100000001 8
b100001010111100001001101000001 9
#4100000
0#
0:
#4105000
1#
1:
b110010111 2
b1100010011101011101111100000001 ,
b100001010111100001001101000001 -
b10011101100010100010000011111110 0
b10000011110100111111001001000011 1
b110010111 3
b10010011111110010010100100011111 G
b1100010011110000110010011110100 H
b101011010101100010111010 I
b11110111000001110101110011 J
b10100111010001011001011110110000111110110110001110 L
b10010011111110010010100100011111 /
b11000111100110111001011000 7
b111011110000011001101010110111 6
b100001010111100001001101000001 D
b1100010011101011101111100000001 C
b1011110110000111110110110001110 O
b100001010111100001001101000001 M
b1100010011101011101111100000001 N
b11000100001111100110010101001000 8
b111110111000000000100100001111 9
#4110000
0#
0:
#4115000
1#
1:
b110011000 2
b11000100001111100110010101001000 ,
b111110111000000000100100001111 -
b111011110000011001101010110111 0
b11000111100110111001011000 1
b110011000 3
b1011110110000111110110110001110 G
b10010011111110010010100100011111 H
b1100010011101011101111100000001 I
b100001010111100001001101000001 J
b110011010101011000000110111011000010110110001011001001000001 L
b1011110110000111110110110001110 /
b10000010011010001110101001101101 7
b11011001111110010001010001110000 6
b111110111000000000100100001111 D
b11000100001111100110010101001000 C
b11000010110110001011001001000001 O
b111110111000000000100100001111 M
b11000100001111100110010101001000 N
b100110000001101110101110001111 8
b1011100011000011111111011011101 9
#4120000
0#
0:
#4125000
1#
1:
b110011001 2
b100110000001101110101110001111 ,
b1011100011000011111111011011101 -
b11011001111110010001010001110000 0
b10000010011010001110101001101101 1
b110011001 3
b11000010110110001011001001000001 G
b1011110110000111110110110001110 H
b11000100001111100110010101001000 I
b111110111000000000100100001111 J
b11000000110010110110100001000111000000001101110111011100111000 L
b11000010110110001011001001000001 /
b1101100110110011010000010 7
b1111000001100001000111000101001 6
b1011100011000011111111011011101 D
b100110000001101110101110001111 C
b11000000001101110111011100111000 O
b1011100011000011111111011011101 M
b100110000001101110101110001111 N
b10000111110011110111000111010110 8
b1111001111000111111010010101011 9
#4130000
0#
0:
#4135000
1#
1:
b110011010 2
b10000111110011110111000111010110 ,
b1111001111000111111010010101011 -
b1111000001100001000111000101001 0
b1101100110110011010000010 1
b110011010 3
b11000000001101110111011100111000 G
b11000010110110001011001001000001 H
b100110000001101110101110001111 I
b1011100011000011111111011011101 J
b110110111001000010110010001001010110111000000011110001110011 L
b11000000001101110111011100111000 /
b10000000111111011110001010010111 7
b10110011010000000011111100010 6
b1111001111000111111010010101011 D
b10000111110011110111000111010110 C
b1010110111000000011110001110011 O
b1111001111000111111010010101011 M
b10000111110011110111000111010110 N
b11101001100101111111100000011101 8
b10010111011001011110101001111001 9
#4140000
0#
0:
#4145000
1#
1:
b110011011 2
b11101001100101111111100000011101 ,
b10010111011001011110101001111001 -
b10110011010000000011111100010 0
b10000000111111011110001010010111 1
b110011011 3
b1010110111000000011110001110011 G
b11000000001101110111011100111000 H
b10000111110011110111000111010110 I
b1111001111000111111010010101011 J
b100000010101001111110111000110010000110110100110000000111110010 L
b1010110111000000011110001110011 /
b10010000101111010101100 7
b10110100100111111000000110011011 6
b10010111011001011110101001111001 D
b11101001100101111111100000011101 C
b10000110110100110000000111110010 O
b10010111011001011110101001111001 M
b11101001100101111111100000011101 N
b1001011011000000111111001100100 8
b10110100111001111110000001000111 9
#4150000
0#
0:
#4155000
1#
1:
b110011100 2
b1001011011000000111111001100100 ,
b10110100111001111110000001000111 -
b10110100100111111000000110011011 0
b10010000101111010101100 1
b110011100 3
b10000110110100110000000111110010 G
b1010110111000000011110001110011 H
b11101001100101111111100000011101 I
b10010111011001011110101001111001 J
b1000101000100101101000100100000101010000000011111100011110110101 L
b10000110110100110000000111110010 /
b1111111100100101101101011000001 7
b1010010110101101111101101010100 6
b10110100111001111110000001000111 D
b1001011011000000111111001100100 C
b1010000000011111100011110110101 O
b10110100111001111110000001000111 M
b1001011011000000111111001100100 N
b10101101001010010000010010101011 8
b11010010011010011101011000010101 9
#4160000
0#
0:
#4165000
1#
1:
b110011101 2
b10101101001010010000010010101011 ,
b11010010011010011101011000010101 -
b1010010110101101111101101010100 0
b1111111100100101101101011000001 1
b110011101 3
b1010000000011111100011110110101 G
b10000110110100110000000111110010 H
b1001011011000000111111001100100 I
b10110100111001111110000001000111 J
b11010101000100000111101111100110110010100101101000110110111100 L
b1010000000011111100011110110101 /
b11111110110111010101011011010110 7
b11110001000011100111010100001101 6
b11010010011010011101011000010101 D
b10101101001010010000010010101011 C
b10110010100101101000110110111100 O
b11010010011010011101011000010101 M
b10101101001010010000010010101011 N
b1110111100011000101011110010 8
b11101111111010111100101111100011 9
#4170000
0#
0:
#4175000
1#
1:
b110011110 2
b1110111100011000101011110010 ,
b11101111111010111100101111100011 -
b11110001000011100111010100001101 0
b11111110110111010101011011010110 1
b110011110 3
b10110010100101101000110110111100 G
b1010000000011111100011110110101 H
b10101101001010010000010010101011 I
b11010010011010011101011000010101 J
b1000111001010011001111000111010110101110011001110101010000000111 L
b10110010100101101000110110111100 /
b1111110001001111101001011101011 7
b10001111010001011110111011000110 6
b11101111111010111100101111100011 D
b1110111100011000101011110010 C
b10101110011001110101010000000111 O
b11101111111010111100101111100011 M
b1110111100011000101011110010 N
b1110000101110100001000100111001 8
b1101011011011100000110110001 9
#4180000
0#
0:
#4185000
1#
1:
b110011111 2
b1110000101110100001000100111001 ,
b1101011011011100000110110001 -
b10001111010001011110111011000110 0
b1111110001001111101001011101011 1
b110011111 3
b10101110011001110101010000000111 G
b10110010100101101000110110111100 H
b1110111100011000101011110010 I
b11101111111010111100101111100011 J
b111000000001010001000101100101000011100000100001101010010110 L
b10101110011001110101010000000111 /
b11111101011100100100111100000000 7
b101101011111010110100001111111 6
b1101011011011100000110110001 D
b1110000101110100001000100111001 C
b1000011100000100001101010010110 O
b1101011011011100000110110001 M
b1110000101110100001000100111001 N
b11010010100000101001011110000000 8
b101010111011111011011101111111 9
#4190000
0#
0:
#4195000
1#
1:
b110100000 2
b11010010100000101001011110000000 ,
b101010111011111011011101111111 -
b101101011111010110100001111111 0
b11111101011100100100111100000000 1
b110100000 3
b1000011100000100001101010010110 G
b10101110011001110101010000000111 H
b1110000101110100001000100111001 I
b1101011011011100000110110001 J
b10111101001110001110110001101110001111001101110000101101001 L
b1000011100000100001101010010110 /
b1111100101111001100101100010101 7
b11001011101101001110001000111000 6
b101010111011111011011101111111 D
b11010010100000101001011110000000 C
b1110001111001101110000101101001 O
b101010111011111011011101111111 M
b11010010100000101001011110000000 N
b110100010010110001110111000111 8
b1001000011100011010110101001101 9
#4200000
0#
0:
#4205000
1#
1:
b110100001 2
b110100010010110001110111000111 ,
b1001000011100011010110101001101 -
b11001011101101001110001000111000 0
b1111100101111001100101100010101 1
b110100001 3
b1110001111001101110000101101001 G
b1000011100000100001101010010110 H
b11010010100000101001011110000000 I
b101010111011111011011101111111 J
b10001101001110100010111010101000111001100101011010100010000000 L
b1110001111001101110000101101001 /
b11111100000001110100011100101010 7
b1101001111011000101101111110001 6
b1001000011100011010110101001101 D
b110100010010110001110111000111 C
b111001100101011010100010000000 O
b1001000011100011010110101001101 M
b110100010010110001110111000111 N
b10010110000100111010010000001110 8
b1100101111100111010001100011011 9
#4210000
0#
0:
#4215000
1#
1:
b110100010 2
b10010110000100111010010000001110 ,
b1100101111100111010001100011011 -
b1101001111011000101101111110001 0
b11111100000001110100011100101010 1
b110100010 3
b111001100101011010100010000000 G
b1110001111001101110000101101001 H
b110100010010110001110111000111 I
b1001000011100011010110101001101 J
b111011001100010110001110111010011010100011100110111111011011 L
b111001100101011010100010000000 /
b1111011010100011100001100111111 7
b1000001000111101010110101010 6
b1100101111100111010001100011011 D
b10010110000100111010010000001110 C
b10011010100011100110111111011011 O
b1100101111100111010001100011011 M
b10010110000100111010010000001110 N
b11110111110111000010101001010101 8
b10000011011101011001100011101001 9
#4220000
0#
0:
#4225000
1#
1:
b110100011 2
b11110111110111000010101001010101 ,
b10000011011101011001100011101001 -
b1000001000111101010110101010 0
b1111011010100011100001100111111 1
b110100011 3
b10011010100011100110111111011011 G
b111001100101011010100010000000 H
b10010110000100111010010000001110 I
b1100101111100111010001100011011 J
b11101111000100100100111111110010010100110100010011011101111010 L
b10011010100011100110111111011011 /
b11111010100111000011111101010100 7
b10100110010110110100111101100011 6
b10000011011101011001100011101001 D
b11110111110111000010101001010101 C
b10010100110100010011011101111010 O
b10000011011101011001100011101001 M
b11110111110111000010101001010101 N
b1011001101001001011000010011100 8
b10100000111101111000111010110111 9
#4230000
0#
0:
#4235000
1#
1:
b110100100 2
b1011001101001001011000010011100 ,
b10100000111101111000111010110111 -
b10100110010110110100111101100011 0
b11111010100111000011111101010100 1
b110100100 3
b10010100110100010011011101111010 G
b10011010100011100110111111011011 H
b11110111110111000010101001010101 I
b10000011011101011001100011101001 J
b111111101000111100001010101010100101000010111011111111101011101 L
b10010100110100010011011101111010 /
b1111001111001101011101101101001 7
b1000100100100101100100100011100 6
b10100000111101111000111010110111 D
b1011001101001001011000010011100 C
b101000010111011111111101011101 O
b10100000111101111000111010110111 M
b1011001101001001011000010011100 N
b10111011011011010011011011100011 8
b10111110011110011000010010000101 9
#4240000
0#
0:
#4245000
1#
1:
b110100101 2
b10111011011011010011011011100011 ,
b10111110011110011000010010000101 -
b1000100100100101100100100011100 0
b1111001111001101011101101101001 1
b110100101 3
b101000010111011111111101011101 G
b10010100110100010011011101111010 H
b1011001101001001011000010011100 I
b10100000111101111000111010110111 J
b11100001011101100111100100000101010101001101001100011110000100 L
b101000010111011111111101011101 /
b11111001001100010011011101111110 7
b11100010110010100100001011010101 6
b10111110011110011000010010000101 D
b10111011011011010011011011100011 C
b1010101001101001100011110000100 O
b10111110011110011000010010000101 M
b10111011011011010011011011100011 N
b11101001101011011110100101010 8
b11011011111110110111101001010011 9
#4250000
0#
0:
#4255000
1#
1:
b110100110 2
b11101001101011011110100101010 ,
b11011011111110110111101001010011 -
b11100010110010100100001011010101 0
b11111001001100010011011101111110 1
b110100110 3
b1010101001101001100011110000100 G
b101000010111011111111101011101 H
b10111011011011010011011011100011 I
b10111110011110011000010010000101 J
b1000101101110100000001100110000100011011010101011000111111101111 L
b1010101001101001100011110000100 /
b1111000011110111011001110010011 7
b10000001000000011011110010001110 6
b11011011111110110111101001010011 D
b11101001101011011110100101010 C
b11011010101011000111111101111 O
b11011011111110110111101001010011 M
b11101001101011011110100101010 N
b1111110111111100100001101110001 8
b11111001011111010111000000100001 9
#4260000
0#
0:
#4265000
1#
1:
b110100111 2
b1111110111111100100001101110001 ,
b11111001011111010111000000100001 -
b10000001000000011011110010001110 0
b1111000011110111011001110010011 1
b110100111 3
b11011010101011000111111101111 G
b1010101001101001100011110000100 H
b11101001101011011110100101010 I
b11011011111110110111101001010011 J
b1100100011001101010100111100001111010110000000101100010011110 L
b11011010101011000111111101111 /
b11110111110001100010111110101000 7
b11111001110010011011001000111 6
b11111001011111010111000000100001 D
b1111110111111100100001101110001 C
b1111010110000000101100010011110 O
b11111001011111010111000000100001 M
b1111110111111100100001101110001 N
b11100000110001101100100110111000 8
b10110111111110110010111101111 9
#4270000
0#
0:
#4275000
1#
1:
b110101000 2
b11100000110001101100100110111000 ,
b10110111111110110010111101111 -
b11111001110010011011001000111 0
b11110111110001100010111110101000 1
b110101000 3
b1111010110000000101100010011110 G
b11011010101011000111111101111 H
b1111110111111100100001101110001 I
b11111001011111010111000000100001 J
b111101111000011100010010101111101110011011101010010000110010001 L
b1111010110000000101100010011110 /
b1110111000100001010101110111101 7
b10111101011100001011000000000000 6
b10110111111110110010111101111 D
b11100000110001101100100110111000 C
b1110011011101010010000110010001 O
b10110111111110110010111101111 M
b11100000110001101100100110111000 N
b1000010100011110100111111111111 8
b110100100000010101101110111101 9
#4280000
0#
0:
#4285000
1#
1:
b110101001 2
b1000010100011110100111111111111 ,
b110100100000010101101110111101 -
b10111101011100001011000000000000 0
b1110111000100001010101110111101 1
b110101001 3
b1110011011101010010000110010001 G
b1111010110000000101100010011110 H
b11100000110001101100100110111000 I
b10110111111110110010111101111 J
b1010000110001010101001101100100000101011100111110101011001000 L
b1110011011101010010000110010001 /
b11110110010110110010011111010010 7
b1011011101010000010100110111001 6
b110100100000010101101110111101 D
b1000010100011110100111111111111 C
b101011100111110101011001000 O
b110100100000010101101110111101 M
b1000010100011110100111111111111 N
b10100100010101111101011001000110 8
b1010010000000110101000110001011 9
#4290000
0#
0:
#4295000
1#
1:
b110101010 2
b10100100010101111101011001000110 ,
b1010010000000110101000110001011 -
b1011011101010000010100110111001 0
b11110110010110110010011111010010 1
b110101010 3
b101011100111110101011001000 G
b1110011011101010010000110010001 H
b1000010100011110100111111111111 I
b110100100000010101101110111101 J
b110110100110101111100101000100110000101111001011010001000011 L
b101011100111110101011001000 /
b1110101101001011010001111100111 7
b11111001110111111010001101110010 6
b1010010000000110101000110001011 D
b10100100010101111101011001000110 C
b110000101111001011010001000011 O
b1010010000000110101000110001011 M
b10100100010101111101011001000110 N
b110001000000101110010001101 8
b1101111100001010100011101011001 9
#4300000
0#
0:
#4305000
1#
1:
b110101011 2
b110001000000101110010001101 ,
b1101111100001010100011101011001 -
b11111001110111111010001101110010 0
b1110101101001011010001111100111 1
b110101011 3
b110000101111001011010001000011 G
b101011100111110101011001000 H
b10100100010101111101011001000110 I
b1010010000000110101000110001011 J
b11010010100110010001000000001011110101010011110111111000000010 L
b110000101111001011010001000011 /
b11110100111100000001111111111100 7
b10011000000101110001110100101011 6
b1101111100001010100011101011001 D
b110001000000101110010001101 C
b11110101010011110111111000000010 O
b1101111100001010100011101011001 M
b110001000000101110010001101 N
b1100111111010001110001011010100 8
b10001101000001110011110100100111 9
#4310000
0#
0:
#4315000
1#
1:
b110101100 2
b1100111111010001110001011010100 ,
b10001101000001110011110100100111 -
b10011000000101110001110100101011 0
b11110100111100000001111111111100 1
b110101100 3
b11110101010011110111111000000010 G
b110000101111001011010001000011 H
b110001000000101110010001101 I
b1101111100001010100011101011001 J
b1010101011001110001010011001010011001011000100100000000101 L
b11110101010011110111111000000010 /
b1110100001110101001110000010001 7
b110110010011101001011011100100 6
b10001101000001110011110100100111 D
b1100111111010001110001011010100 C
b1010011001011000100100000000101 O
b10001101000001110011110100100111 M
b1100111111010001110001011010100 N
b11001001101100010110100100011011 8
b10101010100010010011001011110101 9
#4320000
0#
0:
#4325000
1#
1:
b110101101 2
b11001001101100010110100100011011 ,
b10101010100010010011001011110101 -
b110110010011101001011011100100 0
b1110100001110101001110000010001 1
b110101101 3
b1010011001011000100100000000101 G
b11110101010011110111111000000010 H
b1100111111010001110001011010100 I
b10001101000001110011110100100111 J
b11100100111110001101010001111101001010010100110001001001001100 L
b1010011001011000100100000000101 /
b11110011100001010001100000100110 7
b11010100100001100001000010011101 6
b10101010100010010011001011110101 D
b11001001101100010110100100011011 C
b1001010010100110001001001001100 O
b10101010100010010011001011110101 M
b11001001101100010110100100011011 N
b101011011110011110111101100010 8
b11001000000010110010100011000011 9
#4330000
0#
0:
#4335000
1#
1:
b110101110 2
b101011011110011110111101100010 ,
b11001000000010110010100011000011 -
b11010100100001100001000010011101 0
b11110011100001010001100000100110 1
b110101110 3
b1001010010100110001001001001100 G
b1010011001011000100100000000101 H
b11001001101100010110100100011011 I
b10101010100010010011001011110101 J
b1000011001011011111001111110001011011010110000111101110011010111 L
b1001010010100110001001001001100 /
b1110010110011111001010000111011 7
b1110010101111011000101001010110 6
b11001000000010110010100011000011 D
b101011011110011110111101100010 C
b11011010110000111101110011010111 O
b11001000000010110010100011000011 M
b101011011110011110111101100010 N
b10001101010000100111010110101001 8
b11100101100011010001111010010001 9
#4340000
0#
0:
#4345000
1#
1:
b110101111 2
b10001101010000100111010110101001 ,
b11100101100011010001111010010001 -
b1110010101111011000101001010110 0
b1110010110011111001010000111011 1
b110101111 3
b11011010110000111101110011010111 G
b1001010010100110001001001001100 H
b101011011110011110111101100010 I
b11001000000010110010100011000011 J
b10000111111001001010000010111000000100011111101010011110100110 L
b11011010110000111101110011010111 /
b11110010000110100001000001010000 7
b10000111101010000010000001111 6
b11100101100011010001111010010001 D
b10001101010000100111010110101001 C
b100011111101010011110100110 O
b11100101100011010001111010010001 M
b10001101010000100111010110101001 N
b11101111000010101111101111110000 8
b11000011110001010001011111 9
#4350000
0#
0:
#4355000
1#
1:
b110110000 2
b11101111000010101111101111110000 ,
b11000011110001010001011111 -
b10000111101010000010000001111 0
b11110010000110100001000001010000 1
b110110000 3
b100011111101010011110100110 G
b11011010110000111101110011010111 H
b10001101010000100111010110101001 I
b11100101100011010001111010010001 J
b111111010101010010100011011100011000111100000110111001010111001 L
b100011111101010011110100110 /
b1110001011001001000110001100101 7
b10101111001011000111110111001000 6
b11000011110001010001011111 D
b11101111000010101111101111110000 C
b11000111100000110111001010111001 O
b11000011110001010001011111 M
b11101111000010101111101111110000 N
b1010000110100111000001000110111 8
b100000100100010000101000101101 9
#4360000
0#
0:
#4365000
1#
1:
b110110001 2
b1010000110100111000001000110111 ,
b100000100100010000101000101101 -
b10101111001011000111110111001000 0
b1110001011001001000110001100101 1
b110110001 3
b11000111100000110111001010111001 G
b100011111101010011110100110 H
b11101111000010101111101111110000 I
b11000011110001010001011111 J
b1011011011001101011001111000100011110100100011111000010000 L
b11000111100000110111001010111001 /
b11110000101011110000100001111010 7
b1001101011000111111011110000001 6
b100000100100010000101000101101 D
b1010000110100111000001000110111 C
b100011110100100011111000010000 O
b100000100100010000101000101101 M
b1010000110100111000001000110111 N
b10110010100111000000100001111110 8
b111110000100101111111111111011 9
#4370000
0#
0:
#4375000
1#
1:
b110110010 2
b10110010100111000000100001111110 ,
b111110000100101111111111111011 -
b1001101011000111111011110000001 0
b11110000101011110000100001111010 1
b110110010 3
b100011110100100011111000010000 G
b11000111100000110111001010111001 H
b1010000110100111000001000110111 I
b100000100100010000101000101101 J
b101001001000001110110100101000011001011010110000100110101011 L
b100011110100100011111000010000 /
b1101111111110011000010010001111 7
b11101011100110110111000100111010 6
b111110000100101111111111111011 D
b10110010100111000000100001111110 C
b11001011010110000100110101011 O
b111110000100101111111111111011 M
b10110010100111000000100001111110 N
b10100011001001000111011000101 8
b1011011100101001111010111001001 9
#4380000
0#
0:
#4385000
1#
1:
b110110011 2
b10100011001001000111011000101 ,
b1011011100101001111010111001001 -
b11101011100110110111000100111010 0
b1101111111110011000010010001111 1
b110110011 3
b11001011010110000100110101011 G
b100011110100100011111000010000 H
b10110010100111000000100001111110 I
b111110000100101111111111111011 J
b10101101001111000010111001111110101000010011011101010110001010 L
b11001011010110000100110101011 /
b11101111010001000000000010100100 7
b10001001110100101110101011110011 6
b1011011100101001111010111001001 D
b10100011001001000111011000101 C
b10101000010011011101010110001010 O
b1011011100101001111010111001001 M
b10100011001001000111011000101 N
b1110110001011010001010100001100 8
b1111001000101101110101110010111 9
#4390000
0#
0:
#4395000
1#
1:
b110110100 2
b1110110001011010001010100001100 ,
b1111001000101101110101110010111 -
b10001001110100101110101011110011 0
b11101111010001000000000010100100 1
b110110100 3
b10101000010011011101010110001010 G
b11001011010110000100110101011 H
b10100011001001000111011000101 I
b1011011100101001111010111001001 J
b11101001011100111000111011011010000011110101010000110101101 L
b10101000010011011101010110001010 /
b1101110100011100111110010111001 7
b101000000010100110010010101100 6
b1111001000101101110101110010111 D
b1110110001011010001010100001100 C
b11010000011110101010000110101101 O
b1111001000101101110101110010111 M
b1110110001011010001010100001100 N
b11010111111101011001101101010011 8
b10010110100110001110000101100101 9
#4400000
0#
0:
#4405000
1#
1:
b110110101 2
b11010111111101011001101101010011 ,
b10010110100110001110000101100101 -
b101000000010100110010010101100 0
b1101110100011100111110010111001 1
b110110101 3
b11010000011110101010000110101101 G
b10101000010011011101010110001010 H
b1110110001011010001010100001100 I
b1111001000101101110101110010111 J
b11011111100101111000111001001110010001111100010110111000010100 L
b11010000011110101010000110101101 /
b11101101110110001111100011001110 7
b11000110010000011101111001100101 6
b10010110100110001110000101100101 D
b11010111111101011001101101010011 C
b10010001111100010110111000010100 O
b10010110100110001110000101100101 M
b11010111111101011001101101010011 N
b111001101111100010000110011010 8
b10110100000110101101011100110011 9
#4410000
0#
0:
#4415000
1#
1:
b110110110 2
b111001101111100010000110011010 ,
b10110100000110101101011100110011 -
b11000110010000011101111001100101 0
b11101101110110001111100011001110 1
b110110110 3
b10010001111100010110111000010100 G
b11010000011110101010000110101101 H
b11010111111101011001101101010011 I
b10010110100110001110000101100101 J
b111111100001010111000001111101011101100101100100011101010111111 L
b10010001111100010110111000010100 /
b1101101001000110111010011100011 7
b1100100011110010101100000011110 6
b10110100000110101101011100110011 D
b111001101111100010000110011010 C
b11101100101100100011101010111111 O
b10110100000110101101011100110011 M
b111001101111100010000110011010 N
b10011011100001101010011111100001 8
b11010001100111001100110100000001 9
#4420000
0#
0:
#4425000
1#
1:
b110110111 2
b10011011100001101010011111100001 ,
b11010001100111001100110100000001 -
b1100100011110010101100000011110 0
b1101101001000110111010011100011 1
b110110111 3
b11101100101100100011101010111111 G
b10010001111100010110111000010100 H
b111001101111100010000110011010 I
b10110100000110101101011100110011 J
b10100010011111101111010111100111100000101111010000011110101110 L
b11101100101100100011101010111111 /
b11101100011011011111000011111000 7
b10101100001101000111010111 6
b11010001100111001100110100000001 D
b10011011100001101010011111100001 C
b11100000101111010000011110101110 O
b11010001100111001100110100000001 M
b10011011100001101010011111100001 N
b11111101010011110010111000101000 8
b11101111000111101100001011001111 9
#4430000
0#
0:
#4435000
1#
1:
b110111000 2
b11111101010011110010111000101000 ,
b11101111000111101100001011001111 -
b10101100001101000111010111 0
b11101100011011011111000011111000 1
b110111000 3
b11100000101111010000011110101110 G
b11101100101100100011101010111111 H
b10011011100001101010011111100001 I
b11010001100111001100110100000001 J
b111111101011000001100011010100001101110000100011101010011100001 L
b11100000101111010000011110101110 /
b1101011101110000110110100001101 7
b10100000111010000100101110010000 6
b11101111000111101100001011001111 D
b11111101010011110010111000101000 C
b1101110000100011101010011100001 O
b11101111000111101100001011001111 M
b11111101010011110010111000101000 N
b1011111000101111011010001101111 8
b1100101000001011100010011101 9
#4440000
0#
0:
#4445000
1#
1:
b110111001 2
b1011111000101111011010001101111 ,
b1100101000001011100010011101 -
b10100000111010000100101110010000 0
b1101011101110000110110100001101 1
b110111001 3
b1101110000100011101010011100001 G
b11100000101111010000011110101110 H
b11111101010011110010111000101000 I
b11101111000111101100001011001111 J
b1110110010011011010111000010000110010100101100001010001001011000 L
b1101110000100011101010011100001 /
b11101011000000101110100100100010 7
b111111000111111100010101001001 6
b1100101000001011100010011101 D
b1011111000101111011010001101111 C
b10010100101100001010001001011000 O
b1100101000001011100010011101 M
b1011111000101111011010001101111 N
b11000000111000000011101010110110 8
b101010001000101010111001101011 9
#4450000
0#
0:
#4455000
1#
1:
b110111010 2
b11000000111000000011101010110110 ,
b101010001000101010111001101011 -
b111111000111111100010101001001 0
b11101011000000101110100100100010 1
b110111010 3
b10010100101100001010001001011000 G
b1101110000100011101010011100001 H
b1011111000101111011010001101111 I
b1100101000001011100010011101 J
b10010110000110011111101100101010100100110010111000000010011 L
b10010100101100001010001001011000 /
b1101010010011010110010100110111 7
b11011101010101110011111100000010 6
b101010001000101010111001101011 D
b11000000111000000011101010110110 C
b1010100100110010111000000010011 O
b101010001000101010111001101011 M
b11000000111000000011101010110110 N
b100010101010001100000011111101 8
b1000111101001001010010000111001 9
#4460000
0#
0:
#4465000
1#
1:
b110111011 2
b100010101010001100000011111101 ,
b1000111101001001010010000111001 -
b11011101010101110011111100000010 0
b1101010010011010110010100110111 1
b110111011 3
b1010100100110010111000000010011 G
b10010100101100001010001001011000 H
b11000000111000000011101010110110 I
b101010001000101010111001101011 J
b1111110111110111010101101001010101101110011000011111000010010 L
b1010100100110010111000000010011 /
b11101001100101111110000101001100 7
b1111011100011101011100010111011 6
b1000111101001001010010000111001 D
b100010101010001100000011111101 C
b10101101110011000011111000010010 O
b1000111101001001010010000111001 M
b100010101010001100000011111101 N
b10000100011100010100011101000100 8
b1100101001001101001101000000111 9
#4470000
0#
0:
#4475000
1#
1:
b110111100 2
b10000100011100010100011101000100 ,
b1100101001001101001101000000111 -
b1111011100011101011100010111011 0
b11101001100101111110000101001100 1
b110111100 3
b10101101110011000011111000010010 G
b1010100100110010111000000010011 H
b100010101010001100000011111101 I
b1000111101001001010010000111001 J
b100110110011000101111101110110100000010010010000110001010101 L
b10101101110011000011111000010010 /
b1101000111000100101110101100001 7
b11001110001100011001001110100 6
b1100101001001101001101000000111 D
b10000100011100010100011101000100 C
b10100000010010010000110001010101 O
b1100101001001101001101000000111 M
b10000100011100010100011101000100 N
b11100110001110011100110110001011 8
b10000010101010001000111111010101 9
#4480000
0#
0:
#4485000
1#
1:
b110111101 2
b11100110001110011100110110001011 ,
b10000010101010001000111111010101 -
b11001110001100011001001110100 0
b1101000111000100101110101100001 1
b110111101 3
b10100000010010010000110001010101 G
b10101101110011000011111000010010 H
b10000100011100010100011101000100 I
b1100101001001101001101000000111 J
b11010001010100101010011001111000101100000011111101101011011100 L
b10100000010010010000110001010101 /
b11101000001011001101100101110110 7
b10110111111111011010110000101101 6
b10000010101010001000111111010101 D
b11100110001110011100110110001011 C
b101100000011111101101011011100 O
b10000010101010001000111111010101 M
b11100110001110011100110110001011 N
b1001000000000100101001111010010 8
b10100000001010101000010110100011 9
#4490000
0#
0:
#4495000
1#
1:
b110111110 2
b1001000000000100101001111010010 ,
b10100000001010101000010110100011 -
b10110111111111011010110000101101 0
b11101000001011001101100101110110 1
b110111110 3
b101100000011111101101011011100 G
b10100000010010010000110001010101 H
b11100110001110011100110110001011 I
b10000010101010001000111111010101 J
b111010110000000111100011010100101010001001000001010100110100111 L
b101100000011111101101011011100 /
b1100111011101110101010110001011 7
b1010110001101010010010111100110 6
b10100000001010101000010110100011 D
b1001000000000100101001111010010 C
b1010001001000001010100110100111 O
b10100000001010101000010110100011 M
b1001000000000100101001111010010 N
b10101001110010101101101000011001 8
b10111101101011000111101101110001 9
#4500000
0#
0:
#4505000
1#
1:
b110111111 2
b10101001110010101101101000011001 ,
b10111101101011000111101101110001 -
b1010110001101010010010111100110 0
b1100111011101110101010110001011 1
b110111111 3
b1010001001000001010100110100111 G
b101100000011111101101011011100 H
b1001000000000100101001111010010 I
b10100000001010101000010110100011 J
b10110100001101011010100101110000001111011110110111100010110110 L
b1010001001000001010100110100111 /
b11100110110000011101000110100000 7
b11110100011011001001111110011111 6
b10111101101011000111101101110001 D
b10101001110010101101101000011001 C
b1111011110110111100010110110 O
b10111101101011000111101101110001 M
b10101001110010101101101000011001 N
b1011100100110110000001100000 8
b11011011001011100111000100111111 9
#4510000
0#
0:
#4515000
1#
1:
b111000000 2
b1011100100110110000001100000 ,
b11011011001011100111000100111111 -
b11110100011011001001111110011111 0
b11100110110000011101000110100000 1
b111000000 3
b1111011110110111100010110110 G
b1010001001000001010100110100111 H
b10101001110010101101101000011001 I
b10111101101011000111101101110001 J
b111110111001101001010010010111001100111001000000100100000001001 L
b1111011110110111100010110110 /
b1100110000011000100110110110101 7
b10010010101001000001100101011000 6
b11011011001011100111000100111111 D
b1011100100110110000001100000 C
b1100111001000000100100000001001 O
b11011011001011100111000100111111 M
b1011100100110110000001100000 N
b1101101010110111110011010100111 8
b11111000101100000110011100001101 9
#4520000
0#
0:
#4525000
1#
1:
b111000001 2
b1101101010110111110011010100111 ,
b11111000101100000110011100001101 -
b10010010101001000001100101011000 0
b1100110000011000100110110110101 1
b111000001 3
b1100111001000000100100000001001 G
b1111011110110111100010110110 H
b1011100100110110000001100000 I
b11011011001011100111000100111111 J
b100111101001001011010000110001011000000011110001011110100000 L
b1100111001000000100100000001001 /
b11100101010101101100100111001010 7
b110000110110111001001100010001 6
b11111000101100000110011100001101 D
b1101101010110111110011010100111 C
b1011000000011110001011110100000 O
b11111000101100000110011100001101 M
b1101101010110111110011010100111 N
b11001111001001000110110011101110 8
b10110001100100101110011011011 9
#4530000
0#
0:
#4535000
1#
1:
b111000010 2
b11001111001001000110110011101110 ,
b10110001100100101110011011011 -
b110000110110111001001100010001 0
b11100101010101101100100111001010 1
b111000010 3
b1011000000011110001011110100000 G
b1100111001000000100100000001001 H
b1101101010110111110011010100111 I
b11111000101100000110011100001101 J
b110101000111100011000101010010111100010010001111110011101111011 L
b1011000000011110001011110100000 /
b1100100101000010100010111011111 7
b11001111000100110000110011001010 6
b10110001100100101110011011011 D
b11001111001001000110110011101110 C
b11100010010001111110011101111011 O
b10110001100100101110011011011 M
b11001111001001000110110011101110 N
b110000111011001111001100110101 8
b110011101101000101001010101001 9
#4540000
0#
0:
#4545000
1#
1:
b111000011 2
b110000111011001111001100110101 ,
b110011101101000101001010101001 -
b11001111000100110000110011001010 0
b1100100101000010100010111011111 1
b111000011 3
b11100010010001111110011101111011 G
b1011000000011110001011110100000 H
b11001111001001000110110011101110 I
b10110001100100101110011011011 J
b1000111110101111000011001110000000101110010101011011110011010 L
b11100010010001111110011101111011 /
b11100011111010111100000111110100 7
b1101101010010101000011010000011 6
b110011101101000101001010101001 D
b110000111011001111001100110101 C
b101110010101011011110011010 O
b110011101101000101001010101001 M
b110000111011001111001100110101 N
b10010010101101010111100101111100 8
b1010001001101100100100001110111 9
#4550000
0#
0:
#4555000
1#
1:
b111000100 2
b10010010101101010111100101111100 ,
b1010001001101100100100001110111 -
b1101101010010101000011010000011 0
b11100011111010111100000111110100 1
b111000100 3
b101110010101011011110011010 G
b11100010010001111110011101111011 H
b110000111011001111001100110101 I
b110011101101000101001010101001 J
b100111100001101010101101101011000010100101111000011111111101 L
b101110010101011011110011010 /
b1100011001101100011111000001001 7
b1011100000100000000000111100 6
b1010001001101100100100001110111 D
b10010010101101010111100101111100 C
b11000010100101111000011111111101 O
b1010001001101100100100001110111 M
b10010010101101010111100101111100 N
b11110100011111011111111111000011 8
b1101110101110000011111001000101 9
#4560000
0#
0:
#4565000
1#
1:
b111000101 2
b11110100011111011111111111000011 ,
b1101110101110000011111001000101 -
b1011100000100000000000111100 0
b1100011001101100011111000001001 1
b111000101 3
b11000010100101111000011111111101 G
b101110010101011011110011010 H
b10010010101101010111100101111100 I
b1010001001101100100100001110111 J
b10111010001010100001110011111100011000101011100101100010100100 L
b11000010100101111000011111111101 /
b11100010100000001011101000011110 7
b10101001101110010111100111110101 6
b1101110101110000011111001000101 D
b11110100011111011111111111000011 C
b11000101011100101100010100100 O
b1101110101110000011111001000101 M
b11110100011111011111111111000011 N
b1010110010001101000011000001010 8
b10001100001110100011010000010011 9
#4570000
0#
0:
#4575000
1#
1:
b111000110 2
b1010110010001101000011000001010 ,
b10001100001110100011010000010011 -
b10101001101110010111100111110101 0
b11100010100000001011101000011110 1
b111000110 3
b11000101011100101100010100100 G
b11000010100101111000011111111101 H
b11110100011111011111111111000011 I
b1101110101110000011111001000101 J
b110100110111110000110011110111000001000000011110010100110001111 L
b11000101011100101100010100100 /
b1100001110010110011011000110011 7
b1000111111100001111001110101110 6
b10001100001110100011010000010011 D
b1010110010001101000011000001010 C
b1000000011110010100110001111 O
b10001100001110100011010000010011 M
b1010110010001101000011000001010 N
b10111000000011110000110001010001 8
b10101001101111000010100111100001 9
#4580000
0#
0:
#4585000
1#
1:
b111000111 2
b10111000000011110000110001010001 ,
b10101001101111000010100111100001 -
b1000111111100001111001110101110 0
b1100001110010110011011000110011 1
b111000111 3
b1000000011110010100110001111 G
b11000101011100101100010100100 H
b1010110010001101000011000001010 I
b10001100001110100011010000010011 J
b10111101000010001011101101010010010000101110011111101010111110 L
b1000000011110010100110001111 /
b11100001000101011011001001001000 7
b11100110001010000110110101100111 6
b10101001101111000010100111100001 D
b10111000000011110000110001010001 C
b10010000101110011111101010111110 O
b10101001101111000010100111100001 M
b10111000000011110000110001010001 N
b11001110101111001001010011000 8
b11000111001111100001111110101111 9
#4590000
0#
0:
#4595000
1#
1:
b111001000 2
b11001110101111001001010011000 ,
b11000111001111100001111110101111 -
b11100110001010000110110101100111 0
b11100001000101011011001001001000 1
b111001000 3
b10010000101110011111101010111110 G
b1000000011110010100110001111 H
b10111000000011110000110001010001 I
b10101001101111000010100111100001 J
b111101000001001001110000100101010110010101011101100110000110001 L
b10010000101110011111101010111110 /
b1100000011000000010111001011101 7
b10000100010111111110011100100000 6
b11000111001111100001111110101111 D
b11001110101111001001010011000 C
b10110010101011101100110000110001 O
b11000111001111100001111110101111 M
b11001110101111001001010011000 N
b1111011101000000001100011011111 8
b11100100110000000001010101111101 9
#4600000
0#
0:
#4605000
1#
1:
b111001001 2
b1111011101000000001100011011111 ,
b11100100110000000001010101111101 -
b10000100010111111110011100100000 0
b1100000011000000010111001011101 1
b111001001 3
b10110010101011101100110000110001 G
b10010000101110011111101010111110 H
b11001110101111001001010011000 I
b11000111001111100001111110101111 J
b1010000011100110110000101110001101101111011011001110111101000 L
b10110010101011101100110000110001 /
b11011111101010101010101001110010 7
b100010100101110110000011011001 6
b11100100110000000001010101111101 D
b1111011101000000001100011011111 C
b1101101111011011001110111101000 O
b11100100110000000001010101111101 M
b1111011101000000001100011011111 N
b11011101011010001001111100100110 8
b10010000100000101101001011 9
#4610000
0#
0:
#4615000
1#
1:
b111001010 2
b11011101011010001001111100100110 ,
b10010000100000101101001011 -
b100010100101110110000011011001 0
b11011111101010101010101001110010 1
b111001010 3
b1101101111011011001110111101000 G
b10110010101011101100110000110001 H
b1111011101000000001100011011111 I
b11100100110000000001010101111101 J
b110111001110111010110001001100111000010011101100110111111100011 L
b1101101111011011001110111101000 /
b1011110111101010010011010000111 7
b11000000110011101101101010010010 6
b10010000100000101101001011 D
b11011101011010001001111100100110 C
b11000010011101100110111111100011 O
b10010000100000101101001011 M
b11011101011010001001111100100110 N
b111111001100010010010101101101 8
b11111110001000000000100011001 9
#4620000
0#
0:
#4625000
1#
1:
b111001011 2
b111111001100010010010101101101 ,
b11111110001000000000100011001 -
b11000000110011101101101010010010 0
b1011110111101010010011010000111 1
b111001011 3
b11000010011101100110111111100011 G
b1101101111011011001110111101000 H
b11011101011010001001111100100110 I
b10010000100000101101001011 J
b111110011111011111111101110110000010010010100001000100010 L
b11000010011101100110111111100011 /
b11011110001111111010001010011100 7
b1011111000001100101010001001011 6
b11111110001000000000100011001 D
b111111001100010010010101101101 C
b10110000010010010100001000100010 O
b11111110001000000000100011001 M
b111111001100010010010101101101 N
b10100000111110011010101110110100 8
b111101010001011111011011100111 9
#4630000
0#
0:
#4635000
1#
1:
b111001100 2
b10100000111110011010101110110100 ,
b111101010001011111011011100111 -
b1011111000001100101010001001011 0
b11011110001111111010001010011100 1
b111001100 3
b10110000010010010100001000100010 G
b11000010011101100110111111100011 H
b111111001100010010010101101101 I
b11111110001000000000100011001 J
b11111010111010101010110111000110111011001100001010010100101 L
b10110000010010010100001000100010 /
b1011101100010100001111010110001 7
b11111101001111011100111000000100 6
b111101010001011111011011100111 D
b10100000111110011010101110110100 C
b110111011001100001010010100101 O
b111101010001011111011011100111 M
b10100000111110011010101110110100 N
b10110000100011000111111011 8
b1011010110001111110110010110101 9
#4640000
0#
0:
#4645000
1#
1:
b111001101 2
b10110000100011000111111011 ,
b1011010110001111110110010110101 -
b11111101001111011100111000000100 0
b1011101100010100001111010110001 1
b111001101 3
b110111011001100001010010100101 G
b10110000010010010100001000100010 H
b10100000111110011010101110110100 I
b111101010001011111011011100111 J
b10011010000111011111000111011001010111110011001110011101101100 L
b110111011001100001010010100101 /
b11011100110101001001101011000110 7
b10011011011101010100011110111101 6
b1011010110001111110110010110101 D
b10110000100011000111111011 C
b1010111110011001110011101101100 O
b1011010110001111110110010110101 M
b10110000100011000111111011 N
b1100100100010101011100001000010 8
b1111000010010011110001010000011 9
#4650000
0#
0:
#4655000
1#
1:
b111001110 2
b1100100100010101011100001000010 ,
b1111000010010011110001010000011 -
b10011011011101010100011110111101 0
b11011100110101001001101011000110 1
b111001110 3
b1010111110011001110011101101100 G
b110111011001100001010010100101 H
b10110000100011000111111011 I
b1011010110001111110110010110101 J
b11111010011011010001010000010001011111011011101001110111 L
b1010111110011001110011101101100 /
b1011100000111110001011011011011 7
b111001101011001100000101110110 6
b1111000010010011110001010000011 D
b1100100100010101011100001000010 C
b10001011111011011101001110111 O
b1111000010010011110001010000011 M
b1100100100010101011100001000010 N
b11000110010100110011111010001001 8
b10010101110010111101100001010001 9
#4660000
0#
0:
#4665000
1#
1:
b111001111 2
b11000110010100110011111010001001 ,
b10010101110010111101100001010001 -
b111001101011001100000101110110 0
b1011100000111110001011011011011 1
b111001111 3
b10001011111011011101001110111 G
b1010111110011001110011101101100 H
b1100100100010101011100001000010 I
b1111000010010011110001010000011 J
b10111100111110000010101110001101100100011110001000110111000110 L
b10001011111011011101001110111 /
b11011011011010011001001011110000 7
b11010111111001000011101100101111 6
b10010101110010111101100001010001 D
b11000110010100110011111010001001 C
b1100100011110001000110111000110 O
b10010101110010111101100001010001 M
b11000110010100110011111010001001 N
b101000000110111100010011010000 8
b10110011010011011100111000011111 9
#4670000
0#
0:
#4675000
1#
1:
b111010000 2
b101000000110111100010011010000 ,
b10110011010011011100111000011111 -
b11010111111001000011101100101111 0
b11011011011010011001001011110000 1
b111010000 3
b1100100011110001000110111000110 G
b10001011111011011101001110111 H
b11000110010100110011111010001001 I
b10010101110010111101100001010001 J
b111010000001100010111101111110101010000101111010110000101011001 L
b1100100011110001000110111000110 /
b1011010101101000000111100000101 7
b1110110000110111011010011101000 6
b10110011010011011100111000011111 D
b101000000110111100010011010000 C
b1010000101111010110000101011001 O
b10110011010011011100111000011111 M
b101000000110111100010011010000 N
b10001001111001000100101100010111 8
b11010000110011111100001111101101 9
#4680000
0#
0:
#4685000
1#
1:
b111010001 2
b10001001111001000100101100010111 ,
b11010000110011111100001111101101 -
b1110110000110111011010011101000 0
b1011010101101000000111100000101 1
b111010001 3
b1010000101111010110000101011001 G
b1100100011110001000110111000110 H
b101000000110111100010011010000 I
b10110011010011011100111000011111 J
b1110000010111100110110100001011010110010011000011010100110000 L
b1010000101111010110000101011001 /
b11011001111111101000101100011010 7
b10100010100110010111010100001 6
b11010000110011111100001111101101 D
b10001001111001000100101100010111 C
b11010110010011000011010100110000 O
b11010000110011111100001111101101 M
b10001001111001000100101100010111 N
b11101011101011001101000101011110 8
b11101110010100011011100110111011 9
#4690000
0#
0:
#4695000
1#
1:
b111010010 2
b11101011101011001101000101011110 ,
b11101110010100011011100110111011 -
b10100010100110010111010100001 0
b11011001111111101000101100011010 1
b111010010 3
b11010110010011000011010100110000 G
b1010000101111010110000101011001 H
b10001001111001000100101100010111 I
b11010000110011111100001111101101 J
b111000001111001011001100010001111110101001001010000100101001011 L
b11010110010011000011010100110000 /
b1011001010010010000011100101111 7
b10110010100010101010100001011010 6
b11101110010100011011100110111011 D
b11101011101011001101000101011110 C
b11110101001001010000100101001011 O
b11101110010100011011100110111011 M
b11101011101011001101000101011110 N
b1001101011101010101011110100101 8
b1011110100111010111110001001 9
#4700000
0#
0:
#4705000
1#
1:
b111010011 2
b1001101011101010101011110100101 ,
b1011110100111010111110001001 -
b10110010100010101010100001011010 0
b1011001010010010000011100101111 1
b111010011 3
b11110101001001010000100101001011 G
b11010110010011000011010100110000 H
b11101011101011001101000101011110 I
b11101110010100011011100110111011 J
b1101101101100101111001110100111110101101010001111101110110101010 L
b11110101001001010000100101001011 /
b11011000100100111000001101000100 7
b1010000110000100010001000010011 6
b1011110100111010111110001001 D
b1001101011101010101011110100101 C
b10101101010001111101110110101010 O
b1011110100111010111110001001 M
b1001101011101010101011110100101 N
b10101111001111011101110111101100 8
b101001010101011010010101010111 9
#4710000
0#
0:
#4715000
1#
1:
b111010100 2
b10101111001111011101110111101100 ,
b101001010101011010010101010111 -
b1010000110000100010001000010011 0
b11011000100100111000001101000100 1
b111010100 3
b10101101010001111101110110101010 G
b11110101001001010000100101001011 H
b1001101011101010101011110100101 I
b1011110100111010111110001001 J
b1110010100000101111001011111111110101101001011001001001101 L
b10101101010001111101110110101010 /
b1010111110111011111111101011001 7
b11101110111110011001101111001100 6
b101001010101011010010101010111 D
b10101111001111011101110111101100 C
b11111110101101001011001001001101 O
b101001010101011010010101010111 M
b10101111001111011101110111101100 N
b10001000001100110010000110011 8
b1000110110101111001101100100101 9
#4720000
0#
0:
#4725000
1#
1:
b111010101 2
b10001000001100110010000110011 ,
b1000110110101111001101100100101 -
b11101110111110011001101111001100 0
b1010111110111011111111101011001 1
b111010101 3
b11111110101101001011001001001101 G
b10101101010001111101110110101010 H
b10101111001111011101110111101100 I
b101001010101011010010101010111 J
b1110001001011100010010100001111101001011010111000011100110100 L
b11111110101101001011001001001101 /
b11010111001010000111101101101110 7
b10001101001100010001010110000101 6
b1000110110101111001101100100101 D
b10001000001100110010000110011 C
b11101001011010111000011100110100 O
b1000110110101111001101100100101 M
b10001000001100110010000110011 N
b1110010110011101110101001111010 8
b1100100010110011001000011110011 9
#4730000
0#
0:
#4735000
1#
1:
b111010110 2
b1110010110011101110101001111010 ,
b1100100010110011001000011110011 -
b10001101001100010001010110000101 0
b11010111001010000111101101101110 1
b111010110 3
b11101001011010111000011100110100 G
b11111110101101001011001001001101 H
b10001000001100110010000110011 I
b1000110110101111001101100100101 J
b10010110110000101100001010101101101011011000101110001011111 L
b11101001011010111000011100110100 /
b1010110011100101111011110000011 7
b101011011010001000111100111110 6
b1100100010110011001000011110011 D
b1110010110011101110101001111010 C
b1101101011011000101110001011111 O
b1100100010110011001000011110011 M
b1110010110011101110101001111010 N
b11010100100101110111000011000001 8
b10000001110110111000011011000001 9
#4740000
0#
0:
#4745000
1#
1:
b111010111 2
b11010100100101110111000011000001 ,
b10000001110110111000011011000001 -
b101011011010001000111100111110 0
b1010110011100101111011110000011 1
b111010111 3
b1101101011011000101110001011111 G
b11101001011010111000011100110100 H
b1110010110011101110101001111010 I
b1100100010110011001000011110011 J
b10110100000000111111101000100010001010101101110011000111001110 L
b1101101011011000101110001011111 /
b11010101101111010111001110011000 7
b11001001101000000000100011110111 6
b10000001110110111000011011000001 D
b11010100100101110111000011000001 C
b10001010101101110011000111001110 O
b10000001110110111000011011000001 M
b11010100100101110111000011000001 N
b110110010111111111011100001000 8
b10011111010111010111110010001111 9
#4750000
0#
0:
#4755000
1#
1:
b111011000 2
b110110010111111111011100001000 ,
b10011111010111010111110010001111 -
b11001001101000000000100011110111 0
b11010101101111010111001110011000 1
b111011000 3
b10001010101101110011000111001110 G
b1101101011011000101110001011111 H
b11010100100101110111000011000001 I
b10000001110110111000011011000001 J
b110101111010110100111010100011001000001010011000000011110000001 L
b10001010101101110011000111001110 /
b1010101000001111110111110101101 7
b1100111110101111000001010110000 6
b10011111010111010111110010001111 D
b110110010111111111011100001000 C
b1000001010011000000011110000001 O
b10011111010111010111110010001111 M
b110110010111111111011100001000 N
b10011000001010000111110101001111 8
b10111100110111110111001001011101 9
#4760000
0#
0:
#4765000
1#
1:
b111011001 2
b10011000001010000111110101001111 ,
b10111100110111110111001001011101 -
b1100111110101111000001010110000 0
b1010101000001111110111110101101 1
b111011001 3
b1000001010011000000011110000001 G
b10001010101101110011000111001110 H
b110110010111111111011100001000 I
b10011111010111010111110010001111 J
b10000111011001011101011011111110010001001010101101110101111000 L
b1000001010011000000011110000001 /
b11010100010100100110101111000010 7
b110000011101111110001101001 6
b10111100110111110111001001011101 D
b10011000001010000111110101001111 C
b10010001001010101101110101111000 O
b10111100110111110111001001011101 M
b10011000001010000111110101001111 N
b11111001111100010000001110010110 8
b11011010011000010110100000101011 9
#4770000
0#
0:
#4775000
1#
1:
b111011010 2
b11111001111100010000001110010110 ,
b11011010011000010110100000101011 -
b110000011101111110001101001 0
b11010100010100100110101111000010 1
b111011010 3
b10010001001010101101110101111000 G
b1000001010011000000011110000001 H
b10011000001010000111110101001111 I
b10111100110111110111001001011101 J
b111000001000010100010110100010001111010010100111011001110110011 L
b10010001001010101101110101111000 /
b1010011100111001110011111010111 7
b10100100010001100111011000100010 6
b11011010011000010110100000101011 D
b11111001111100010000001110010110 C
b1111010010100111011001110110011 O
b11011010011000010110100000101011 M
b11111001111100010000001110010110 N
b1011011101110011000100111011101 8
b11110111111000110101110111111001 9
#4780000
0#
0:
#4785000
1#
1:
b111011011 2
b1011011101110011000100111011101 ,
b11110111111000110101110111111001 -
b10100100010001100111011000100010 0
b1010011100111001110011111010111 1
b111011011 3
b1111010010100111011001110110011 G
b10010001001010101101110101111000 H
b11111001111100010000001110010110 I
b11011010011000010110100000101011 J
b1101010100110110010101110001001111111100110001101000101000110010 L
b1111010010100111011001110110011 /
b11010010111001110110001111101100 7
b1000010011111011110111111011011 6
b11110111111000110101110111111001 D
b1011011101110011000100111011101 C
b11111100110001101000101000110010 O
b11110111111000110101110111111001 M
b1011011101110011000100111011101 N
b10111101100000100001000000100100 8
b10101011001010101001111000111 9
#4790000
0#
0:
#4795000
1#
1:
b111011100 2
b10111101100000100001000000100100 ,
b10101011001010101001111000111 -
b1000010011111011110111111011011 0
b11010010111001110110001111101100 1
b111011100 3
b11111100110001101000101000110010 G
b1111010010100111011001110110011 H
b1011011101110011000100111011101 I
b11110111111000110101110111111001 J
b101100011010001011110110011010100011000100000110110000011110101 L
b11111100110001101000101000110010 /
b1010010001100011110000000000001 7
b11100000101101010110100110010100 6
b10101011001010101001111000111 D
b10111101100000100001000000100100 C
b11000100000110110000011110101 O
b10101011001010101001111000111 M
b10111101100000100001000000100100 N
b11111010010101001011001101011 8
b110010111001110100100110010101 9
#4800000
0#
0:
#4805000
1#
1:
b111011101 2
b11111010010101001011001101011 ,
b110010111001110100100110010101 -
b11100000101101010110100110010100 0
b1010010001100011110000000000001 1
b111011101 3
b11000100000110110000011110101 G
b11111100110001101000101000110010 H
b10111101100000100001000000100100 I
b10101011001010101001111000111 J
b111111010110101011011010011111001101100010100011011111111100 L
b11000100000110110000011110101 /
b11010001011111000101110000010110 7
b1111110111011001110001101001101 6
b110010111001110100100110010101 D
b11111010010101001011001101011 C
b11001101100010100011011111111100 O
b110010111001110100100110010101 M
b11111010010101001011001101011 N
b10000001000100110001110010110010 8
b1010000011010010011111101100011 9
#4810000
0#
0:
#4815000
1#
1:
b111011110 2
b10000001000100110001110010110010 ,
b1010000011010010011111101100011 -
b1111110111011001110001101001101 0
b11010001011111000101110000010110 1
b111011110 3
b11001101100010100011011111111100 G
b11000100000110110000011110101 H
b11111010010101001011001101011 I
b110010111001110100100110010101 J
b11000111000110101101010110100011011110110110000111101000111 L
b11001101100010100011011111111100 /
b1010000110001101101100000101011 7
b11101001001000101110100000110 6
b1010000011010010011111101100011 D
b10000001000100110001110010110010 C
b11011110110110000111101000111 O
b1010000011010010011111101100011 M
b10000001000100110001110010110010 N
b11100010110110111010001011111001 8
b1101101111010110011010100110001 9
#4820000
0#
0:
#4825000
1#
1:
b111011111 2
b11100010110110111010001011111001 ,
b1101101111010110011010100110001 -
b11101001001000101110100000110 0
b1010000110001101101100000101011 1
b111011111 3
b11011110110110000111101000111 G
b11001101100010100011011111111100 H
b10000001000100110001110010110010 I
b1010000011010010011111101100011 J
b10100010001011000010011100010000000011011101011110011011010110 L
b11011110110110000111101000111 /
b11010000000100010101010001000000 7
b10111011010110111101011010111111 6
b1101101111010110011010100110001 D
b11100010110110111010001011111001 C
b11011101011110011011010110 O
b1101101111010110011010100110001 M
b11100010110110111010001011111001 N
b1000100101001000010100101000000 8
b10001011011011010010101011111111 9
#4830000
0#
0:
#4835000
1#
1:
b111100000 2
b1000100101001000010100101000000 ,
b10001011011011010010101011111111 -
b10111011010110111101011010111111 0
b11010000000100010101010001000000 1
b111100000 3
b11011101011110011011010110 G
b11011110110110000111101000111 H
b11100010110110111010001011111001 I
b1101101111010110011010100110001 J
b110000101100111111100110010010110000100010110101011111010101001 L
b11011101011110011011010110 /
b1001111010110111101000001010101 7
b1011001100100110101000001111000 6
b10001011011011010010101011111111 D
b1000100101001000010100101000000 C
b10000100010110101011111010101001 O
b10001011011011010010101011111111 M
b1000100101001000010100101000000 N
b10100110011011001010111110000111 8
b10101000111011110010000011001101 9
#4840000
0#
0:
#4845000
1#
1:
b111100001 2
b10100110011011001010111110000111 ,
b10101000111011110010000011001101 -
b1011001100100110101000001111000 0
b1001111010110111101000001010101 1
b111100001 3
b10000100010110101011111010101001 G
b11011101011110011011010110 H
b1000100101001000010100101000000 I
b10001011011011010010101011111111 J
b10010101100010011001111101001010011110100010011001011011000000 L
b10000100010110101011111010101001 /
b11001110101001100100110001101010 7
b11110111110010101100101000110001 6
b10101000111011110010000011001101 D
b10100110011011001010111110000111 C
b10011110100010011001011011000000 O
b10101000111011110010000011001101 M
b10100110011011001010111110000111 N
b1000001101010011010111001110 8
b11000110011100010001011010011011 9
#4850000
0#
0:
#4855000
1#
1:
b111100010 2
b1000001101010011010111001110 ,
b11000110011100010001011010011011 -
b11110111110010101100101000110001 0
b11001110101001100100110001101010 1
b111100010 3
b10011110100010011001011011000000 G
b10000100010110101011111010101001 H
b10100110011011001010111110000111 I
b10101000111011110010000011001101 J
b110110111010010110001111111101101010010000000100110111100011011 L
b10011110100010011001011011000000 /
b1001101111100001100100001111111 7
b10010110000000100100001111101010 6
b11000110011100010001011010011011 D
b1000001101010011010111001110 C
b1010010000000100110111100011011 O
b11000110011100010001011010011011 M
b1000001101010011010111001110 N
b1101001111111011011110000010101 8
b11100011111100110000110001101001 9
#4860000
0#
0:
#4865000
1#
1:
b111100011 2
b1101001111111011011110000010101 ,
b11100011111100110000110001101001 -
b10010110000000100100001111101010 0
b1001101111100001100100001111111 1
b111100011 3
b1010010000000100110111100011011 G
b10011110100010011001011011000000 H
b1000001101010011010111001110 I
b11000110011100010001011010011011 J
b11001011100110001111101001110011110110001010100011110111010 L
b1010010000000100110111100011011 /
b11001101001110110100010010010100 7
b110100001110011011110110100011 6
b11100011111100110000110001101001 D
b1101001111111011011110000010101 C
b10011110110001010100011110111010 O
b11100011111100110000110001101001 M
b1101001111111011011110000010101 N
b11001011110001100100001001011100 8
b1011101010000001000110111 9
#4870000
0#
0:
#4875000
1#
1:
b111100100 2
b11001011110001100100001001011100 ,
b1011101010000001000110111 -
b110100001110011011110110100011 0
b11001101001110110100010010010100 1
b111100100 3
b10011110110001010100011110111010 G
b1010010000000100110111100011011 H
b1101001111111011011110000010101 I
b11100011111100110000110001101001 J
b101111001100000100111101100001110000100110100100010000010011101 L
b10011110110001010100011110111010 /
b1001100100001011100000010101001 7
b11010010011100010011011101011100 6
b1011101010000001000110111 D
b11001011110001100100001001011100 C
b10000100110100100010000010011101 O
b1011101010000001000110111 M
b11001011110001100100001001011100 N
b101101100011101100100010100011 8
b11110111101101111100000000101 9
#4880000
0#
0:
#4885000
1#
1:
b111100101 2
b101101100011101100100010100011 ,
b11110111101101111100000000101 -
b11010010011100010011011101011100 0
b1001100100001011100000010101001 1
b111100101 3
b10000100110100100010000010011101 G
b10011110110001010100011110111010 H
b11001011110001100100001001011100 I
b1011101010000001000110111 J
b100101000111010011010001000000100001010001111100111000100 L
b10000100110100100010000010011101 /
b11001011110100000011110010111110 7
b1110000101010001011000100010101 6
b11110111101101111100000000101 D
b101101100011101100100010100011 C
b100001010001111100111000100 O
b11110111101101111100000000101 M
b101101100011101100100010100011 N
b10001111010101110100111011101010 8
b111100011110001110110111010011 9
#4890000
0#
0:
#4895000
1#
1:
b111100110 2
b10001111010101110100111011101010 ,
b111100011110001110110111010011 -
b1110000101010001011000100010101 0
b11001011110100000011110010111110 1
b111100110 3
b100001010001111100111000100 G
b10000100110100100010000010011101 H
b101101100011101100100010100011 I
b11110111101101111100000000101 J
b10110000010101011101101101100011100110010011101001100101111 L
b100001010001111100111000100 /
b1001011000110101011100011010011 7
b1110111000000010101011001110 6
b111100011110001110110111010011 D
b10001111010101110100111011101010 C
b11100110010011101001100101111 O
b111100011110001110110111010011 M
b10001111010101110100111011101010 N
b11110001000111111101010100110001 8
b1011001111110101110001110100001 9
#4900000
0#
0:
#4905000
1#
1:
b111100111 2
b11110001000111111101010100110001 ,
b1011001111110101110001110100001 -
b1110111000000010101011001110 0
b1001011000110101011100011010011 1
b111100111 3
b11100110010011101001100101111 G
b100001010001111100111000100 H
b10001111010101110100111011101010 I
b111100011110001110110111010011 J
b10000111011100001011001001010111001110101101001010110011011110 L
b11100110010011101001100101111 /
b11001010011001010011010011101000 7
b10101101000101111010010010000111 6
b1011001111110101110001110100001 D
b11110001000111111101010100110001 C
b11001110101101001010110011011110 O
b1011001111110101110001110100001 M
b11110001000111111101010100110001 N
b1010010111010000101101101111000 8
b1110111011111001101100101101111 9
#4910000
0#
0:
#4915000
1#
1:
b111101000 2
b1010010111010000101101101111000 ,
b1110111011111001101100101101111 -
b10101101000101111010010010000111 0
b11001010011001010011010011101000 1
b111101000 3
b11001110101101001010110011011110 G
b11100110010011101001100101111 H
b11110001000111111101010100110001 I
b1011001111110101110001110100001 J
b101010011000000011000001001101100011001111010011000011011010001 L
b11001110101101001010110011011110 /
b1001001101011111011000011111101 7
b1001011010011110001111001000000 6
b1110111011111001101100101101111 D
b1010010111010000101101101111000 C
b11001111010011000011011010001 O
b1110111011111001101100101101111 M
b1010010111010000101101101111000 N
b10110100101100001110000110111111 8
b10010100111111101100111100111101 9
#4920000
0#
0:
#4925000
1#
1:
b111101001 2
b10110100101100001110000110111111 ,
b10010100111111101100111100111101 -
b1001011010011110001111001000000 0
b1001001101011111011000011111101 1
b111101001 3
b11001111010011000011011010001 G
b11001110101101001010110011011110 H
b1010010111010000101101101111000 I
b1110111011111001101100101101111 J
b10011010110010011100010111101111111110011010000110000100001000 L
b11001111010011000011011010001 /
b11001000111110100010110100010010 7
b11101001100001101001011111111001 6
b10010100111111101100111100111101 D
b10110100101100001110000110111111 C
b11111110011010000110000100001000 O
b10010100111111101100111100111101 M
b10110100101100001110000110111111 N
b10110011110010110100000000110 8
b10110010100000001100010100001011 9
#4930000
0#
0:
#4935000
1#
1:
b111101010 2
b10110011110010110100000000110 ,
b10110010100000001100010100001011 -
b11101001100001101001011111111001 0
b11001000111110100010110100010010 1
b111101010 3
b11111110011010000110000100001000 G
b11001111010011000011011010001 H
b10110100101100001110000110111111 I
b10010100111111101100111100111101 J
b110100100101010000111000100100001111100001100010011101110000011 L
b11111110011010000110000100001000 /
b1001000010001001010100100100111 7
b10000111101111100001000110110010 6
b10110010100000001100010100001011 D
b10110011110010110100000000110 C
b1111100001100010011101110000011 O
b10110010100000001100010100001011 M
b10110011110010110100000000110 N
b1111000010000011110111001001101 8
b11010000000000101011101011011001 9
#4940000
0#
0:
#4945000
1#
1:
b111101011 2
b1111000010000011110111001001101 ,
b11010000000000101011101011011001 -
b10000111101111100001000110110010 0
b1001000010001001010100100100111 1
b111101011 3
b1111100001100010011101110000011 G
b11111110011010000110000100001000 H
b10110011110010110100000000110 I
b10110010100000001100010100001011 J
b111110101011101110000101010010010011010001000001011001000010 L
b1111100001100010011101110000011 /
b11000111100011110010010100111100 7
b100101111101011000101101101011 6
b11010000000000101011101011011001 D
b1111000010000011110111001001101 C
b10010011010001000001011001000010 O
b11010000000000101011101011011001 M
b1111000010000011110111001001101 N
b11011010000010100111010010010100 8
b11101101100001001011000010100111 9
#4950000
0#
0:
#4955000
1#
1:
b111101100 2
b11011010000010100111010010010100 ,
b11101101100001001011000010100111 -
b100101111101011000101101101011 0
b11000111100011110010010100111100 1
b111101100 3
b10010011010001000001011001000010 G
b1111100001100010011101110000011 H
b1111000010000011110111001001101 I
b11010000000000101011101011011001 J
b110000110110110110110011110100001000011101000001111000101000101 L
b10010011010001000001011001000010 /
b1000110110110011010000101010001 7
b11000100001011010000010100100100 6
b11101101100001001011000010100111 D
b11011010000010100111010010010100 C
b1000011101000001111000101000101 O
b11101101100001001011000010100111 M
b11011010000010100111010010010100 N
b111011110100101111101011011011 8
b1011000001101010011001110101 9
#4960000
0#
0:
#4965000
1#
1:
b111101101 2
b111011110100101111101011011011 ,
b1011000001101010011001110101 -
b11000100001011010000010100100100 0
b1000110110110011010000101010001 1
b111101101 3
b1000011101000001111000101000101 G
b10010011010001000001011001000010 H
b11011010000010100111010010010100 I
b11101101100001001011000010100111 J
b1100101001001100101100011100011010001101010001111100110010001100 L
b1000011101000001111000101000101 /
b11000110001001000001110101100110 7
b1100010011001000111111011011101 6
b1011000001101010011001110101 D
b111011110100101111101011011011 C
b10001101010001111100110010001100 O
b1011000001101010011001110101 M
b111011110100101111101011011011 N
b10011101100110111000000100100010 8
b101000100010001001110001000011 9
#4970000
0#
0:
#4975000
1#
1:
b111101110 2
b10011101100110111000000100100010 ,
b101000100010001001110001000011 -
b1100010011001000111111011011101 0
b11000110001001000001110101100110 1
b111101110 3
b10001101010001111100110010001100 G
b1000011101000001111000101000101 H
b111011110100101111101011011011 I
b1011000001101010011001110101 J
b1010010011100111101001111101110000001110001010100000010111 L
b10001101010001111100110010001100 /
b1000101011011101001100101111011 7
b100110111111100010010110 6
b101000100010001001110001000011 D
b10011101100110111000000100100010 C
b1110000001110001010100000010111 O
b101000100010001001110001000011 M
b10011101100110111000000100100010 N
b11111111011001000000011101101001 8
b1000110000010101001001000010001 9
#4980000
0#
0:
#4985000
1#
1:
b111101111 2
b11111111011001000000011101101001 ,
b1000110000010101001001000010001 -
b100110111111100010010110 0
b1000101011011101001100101111011 1
b111101111 3
b1110000001110001010100000010111 G
b10001101010001111100110010001100 H
b10011101100110111000000100100010 I
b101000100010001001110001000011 J
b1100011110100011001101111110111101100011100111000001111100110 L
b1110000001110001010100000010111 /
b11000100101110010001010110010000 7
b10011110110100110111001001001111 6
b1000110000010101001001000010001 D
b11111111011001000000011101101001 C
b11101100011100111000001111100110 O
b1000110000010101001001000010001 M
b11111111011001000000011101101001 N
b1100001001011001000110110110000 8
b1100011100011001000011111011111 9
#4990000
0#
0:
#4995000
1#
1:
b111110000 2
b1100001001011001000110110110000 ,
b1100011100011001000011111011111 -
b10011110110100110111001001001111 0
b11000100101110010001010110010000 1
b111110000 3
b11101100011100111000001111100110 G
b1110000001110001010100000010111 H
b11111111011001000000011101101001 I
b1000110000010101001001000010001 J
b100010111011111111001011010011100000001111110000101111111111001 L
b11101100011100111000001111100110 /
b1000100000000111001000110100101 7
b111101000010101110110000001000 6
b1100011100011001000011111011111 D
b1100001001011001000110110110000 C
b1111110000101111111111001 O
b1100011100011001000011111011111 M
b1100001001011001000110110110000 N
b11000010111101010001001111110111 8
b10000001000011100111110110101101 9
#5000000
0#
0:
#5005000
1#
1:
b111110001 2
b11000010111101010001001111110111 ,
b10000001000011100111110110101101 -
b111101000010101110110000001000 0
b1000100000000111001000110100101 1
b111110001 3
b1111110000101111111111001 G
b11101100011100111000001111100110 H
b1100001001011001000110110110000 I
b1100011100011001000011111011111 J
b10010111001001100100101011101110110000110001110011110001010000 L
b1111110000101111111111001 /
b11000011010011100000110110111010 7
b11011011010000100110010111000001 6
b10000001000011100111110110101101 D
b11000010111101010001001111110111 C
b10110000110001110011110001010000 O
b10000001000011100111110110101101 M
b11000010111101010001001111110111 N
b100100101111011001101000111110 8
b10011110100100000111001101111011 9
#5010000
0#
0:
#5015000
1#
1:
b111110010 2
b100100101111011001101000111110 ,
b10011110100100000111001101111011 -
b11011011010000100110010111000001 0
b11000011010011100000110110111010 1
b111110010 3
b10110000110001110011110001010000 G
b1111110000101111111111001 H
b11000010111101010001001111110111 I
b10000001000011100111110110101101 J
b110001001001000100010000010101111111000111000000001100011101011 L
b10110000110001110011110001010000 /
b1000010100110001000100111001111 7
b1111001011110011101111101111010 6
b10011110100100000111001101111011 D
b100100101111011001101000111110 C
b11111000111000000001100011101011 O
b10011110100100000111001101111011 M
b100100101111011001101000111110 N
b10000110100001100010000010000101 8
b10111100000100100110100101001001 9
#5020000
0#
0:
#5025000
1#
1:
b111110011 2
b10000110100001100010000010000101 ,
b10111100000100100110100101001001 -
b1111001011110011101111101111010 0
b1000010100110001000100111001111 1
b111110011 3
b11111000111000000001100011101011 G
b10110000110001110011110001010000 H
b100100101111011001101000111110 I
b10011110100100000111001101111011 J
b1011011000001110000000110101111011010010000101111010111001010 L
b11111000111000000001100011101011 /
b11000001111000110000010111100100 7
b10111101100010101100100110011 6
b10111100000100100110100101001001 D
b10000110100001100010000010000101 C
b11011010010000101111010111001010 O
b10111100000100100110100101001001 M
b10000110100001100010000010000101 N
b11101000010011101010011011001100 8
b11011001100101000101111100010111 9
#5030000
0#
0:
#5035000
1#
1:
b111110100 2
b11101000010011101010011011001100 ,
b11011001100101000101111100010111 -
b10111101100010101100100110011 0
b11000001111000110000010111100100 1
b111110100 3
b11011010010000101111010111001010 G
b11111000111000000001100011101011 H
b10000110100001100010000010000101 I
b10111100000100100110100101001001 J
b110001011010100001011001010001101010100111011111101001011101101 L
b11011010010000101111010111001010 /
b1000001001011011000000111111001 7
b10110101111010001101001011101100 6
b11011001100101000101111100010111 D
b11101000010011101010011011001100 C
b1010100111011111101001011101101 O
b11011001100101000101111100010111 M
b11101000010011101010011011001100 N
b1001010000101110010110100010011 8
b11110111000101100101010011100101 9
#5040000
0#
0:
#5045000
1#
1:
b111110101 2
b1001010000101110010110100010011 ,
b11110111000101100101010011100101 -
b10110101111010001101001011101100 0
b1000001001011011000000111111001 1
b111110101 3
b1010100111011111101001011101101 G
b11011010010000101111010111001010 H
b11101000010011101010011011001100 I
b11011001100101000101111100010111 J
b1100010101110001010011110010010101101000111001101011000001010100 L
b1010100111011111101001011101101 /
b11000000011101111111111000001110 7
b1010100001000000100110010100101 6
b11110111000101100101010011100101 D
b1001010000101110010110100010011 C
b1101000111001101011000001010100 O
b11110111000101100101010011100101 M
b1001010000101110010110100010011 N
b10101011110111111011001101011010 8
b10100100110000100101010110011 9
#5050000
0#
0:
#5055000
1#
1:
b111110110 2
b10101011110111111011001101011010 ,
b10100100110000100101010110011 -
b1010100001000000100110010100101 0
b11000000011101111111111000001110 1
b111110110 3
b1101000111001101011000001010100 G
b1010100111011111101001011101101 H
b1001010000101110010110100010011 I
b11110111000101100101010011100101 J
b100011110000010110100110000110100010110001001111000110111111111 L
b1101000111001101011000001010100 /
b111111110000100111101000100011 7
b11110010010101111100011001011110 6
b10100100110000100101010110011 D
b10101011110111111011001101011010 C
b10110001001111000110111111111 O
b10100100110000100101010110011 M
b10101011110111111011001101011010 N
b1101101010000011100110100001 8
b110010000110100100000010000001 9
#5060000
0#
0:
#5065000
1#
1:
b111110111 2
b1101101010000011100110100001 ,
b110010000110100100000010000001 -
b11110010010101111100011001011110 0
b111111110000100111101000100011 1
b111110111 3
b10110001001111000110111111111 G
b1101000111001101011000001010100 H
b10101011110111111011001101011010 I
b10100100110000100101010110011 J
b110111010011101110001111110001011100101100100110101111101110 L
b10110001001111000110111111111 /
b10111111000011001111011000111000 7
b10010000100011110100000000010111 6
b110010000110100100000010000001 D
b1101101010000011100110100001 C
b1011100101100100110101111101110 O
b110010000110100100000010000001 M
b1101101010000011100110100001 N
b1101111011100001011111111101000 8
b1001111100111000011011001001111 9
#5070000
0#
0:
#5075000
1#
1:
b111111000 2
b1101111011100001011111111101000 ,
b1001111100111000011011001001111 -
b10010000100011110100000000010111 0
b10111111000011001111011000111000 1
b111111000 3
b1011100101100100110101111101110 G
b10110001001111000110111111111 H
b1101101010000011100110100001 I
b110010000110100100000010000001 J
b1010101100010000011100100000111100100001110100101000100001 L
b1011100101100100110101111101110 /
b111110010101110111001001001101 7
b101110110001101011100111010000 6
b1001111100111000011011001001111 D
b1101111011100001011111111101000 C
b111100100001110100101000100001 O
b1001111100111000011011001001111 M
b1101111011100001011111111101000 N
b11010001001110010100011000101111 8
b1101101000111100010110000011101 9
#5080000
0#
0:
#5085000
1#
1:
b111111001 2
b11010001001110010100011000101111 ,
b1101101000111100010110000011101 -
b101110110001101011100111010000 0
b111110010101110111001001001101 1
b111111001 3
b111100100001110100101000100001 G
b1011100101100100110101111101110 H
b1101111011100001011111111101000 I
b1001111100111000011011001001111 J
b10001010100111110010111001000110110101101001100010100010011000 L
b111100100001110100101000100001 /
b10111101101000011110111001100010 7
b11001100111111100011001110001001 6
b1101101000111100010110000011101 D
b11010001001110010100011000101111 C
b10110101101001100010100010011000 O
b1101101000111100010110000011101 M
b11010001001110010100011000101111 N
b110011000000011100110001110110 8
b10001010101000000010000111101011 9
#5090000
0#
0:
#5095000
1#
1:
b111111010 2
b110011000000011100110001110110 ,
b10001010101000000010000111101011 -
b11001100111111100011001110001001 0
b10111101101000011110111001100010 1
b111111010 3
b10110101101001100010100010011000 G
b111100100001110100101000100001 H
b11010001001110010100011000101111 I
b1101101000111100010110000011101 J
b101100100101110000010111010010111001000000011110000011101010011 L
b10110101101001100010100010011000 /
b111100111011000110101001110111 7
b1101011001101011010110101000010 6
b10001010101000000010000111101011 D
b110011000000011100110001110110 C
b11001000000011110000011101010011 O
b10001010101000000010000111101011 M
b110011000000011100110001110110 N
b10010100110010100101001010111101 8
b10101000001000100001011110111001 9
#5100000
0#
0:
#5105000
1#
1:
b111111011 2
b10010100110010100101001010111101 ,
b10101000001000100001011110111001 -
b1101011001101011010110101000010 0
b111100111011000110101001110111 1
b111111011 3
b11001000000011110000011101010011 G
b10110101101001100010100010011000 H
b110011000000011100110001110110 I
b10001010101000000010000111101011 J
b1101110011110111000000001100101110011110000011110011001010010 L
b11001000000011110000011101010011 /
b10111100001101101110011010001100 7
b1001011011010010011011111011 6
b10101000001000100001011110111001 D
b10010100110010100101001010111101 C
b1110011110000011110011001010010 O
b10101000001000100001011110111001 M
b10010100110010100101001010111101 N
b11110110100100101101100100000100 8
b11000101101001000000110110000111 9
#5110000
0#
0:
#5115000
1#
1:
b111111100 2
b11110110100100101101100100000100 ,
b11000101101001000000110110000111 -
b1001011011010010011011111011 0
b10111100001101101110011010001100 1
b111111100 3
b1110011110000011110011001010010 G
b11001000000011110000011101010011 H
b10010100110010100101001010111101 I
b10101000001000100001011110111001 J
b110000110111000100101101111010010111000101111101100010110010101 L
b1110011110000011110011001010010 /
b111011100000010110001010100001 7
b10100111101001001010000010110100 6
b11000101101001000000110110000111 D
b11110110100100101101100100000100 C
b10111000101111101100010110010101 O
b11000101101001000000110110000111 M
b11110110100100101101100100000100 N
b1011000010110110101111101001011 8
b11100011001001100000001101010101 9
#5120000
0#
0:
#5125000
1#
1:
b111111101 2
b1011000010110110101111101001011 ,
b11100011001001100000001101010101 -
b10100111101001001010000010110100 0
b111011100000010110001010100001 1
b111111101 3
b10111000101111101100010110010101 G
b1110011110000011110011001010010 H
b11110110100100101101100100000100 I
b11000101101001000000110110000111 J
b1011111001011101000001000001101010010111000001011010010100011100 L
b10111000101111101100010110010101 /
b10111010110010111101111010110110 7
b1000101110111000001101001101101 6
b11100011001001100000001101010101 D
b1011000010110110101111101001011 C
b10010111000001011010010100011100 O
b11100011001001100000001101010101 M
b1011000010110110101111101001011 N
b10111010001000111110010110010010 8
b101001111111100100100011 9
#5130000
0#
0:
#5135000
1#
1:
b111111110 2
b10111010001000111110010110010010 ,
b101001111111100100100011 -
b1000101110111000001101001101101 0
b10111010110010111101111010110110 1
b111111110 3
b10010111000001011010010100011100 G
b10111000101111101100010110010101 H
b1011000010110110101111101001011 I
b11100011001001100000001101010101 J
b100111001100110001001000011011000001110100101101000010011100111 L
b10010111000001011010010100011100 /
b111010000101100101101011001011 7
b11100100000100111001010000100110 6
b101001111111100100100011 D
b10111010001000111110010110010010 C
b1110100101101000010011100111 O
b101001111111100100100011 M
b10111010001000111110010110010010 N
b11011111011000110101111011001 8
b11110001010011110111011110001 9
#5140000
0#
0:
#5145000
1#
1:
b111111111 2
b11011111011000110101111011001 ,
b11110001010011110111011110001 -
b11100100000100111001010000100110 0
b111010000101100101101011001011 1
b111111111 3
b1110100101101000010011100111 G
b10010111000001011010010100011100 H
b10111010001000111110010110010010 I
b101001111111100100100011 J
b1111010001000101001000100011111011100010110010011110110 L
b1110100101101000010011100111 /
b10111001011000001101011011100000 7
b10000010010010110000110111011111 6
b11110001010011110111011110001 D
b11011111011000110101111011001 C
b11111011100010110010011110110 O
b11110001010011110111011110001 M
b11011111011000110101111011001 N
b1111101101101001111001000100000 8
b111011101010111110010010111111 9
#5150000
0#
0:
#5155000
1#
1:
b1000000000 2
b1111101101101001111001000100000 ,
b111011101010111110010010111111 -
b10000010010010110000110111011111 0
b10111001011000001101011011100000 1
b1000000000 3
b11111011100010110010011110110 G
b1110100101101000010011100111 H
b11011111011000110101111011001 I
b11110001010011110111011110001 J
b1101001010010001111001000011001001100101100100010101001001 L
b11111011100010110010011110110 /
b111000101010110101001011110101 7
b100000100000101000011110011000 6
b111011101010111110010010111111 D
b1111101101101001111001000100000 C
b11001001100101100100010101001001 O
b111011101010111110010010111111 M
b1111101101101001111001000100000 N
b11011111011111010111100001100111 8
b1011001001011011101101010001101 9
#5160000
0#
0:
#5165000
1#
1:
b1000000001 2
b11011111011111010111100001100111 ,
b1011001001011011101101010001101 -
b100000100000101000011110011000 0
b111000101010110101001011110101 1
b1000000001 3
b11001001100101100100010101001001 G
b11111011100010110010011110110 H
b1111101101101001111001000100000 I
b111011101010111110010010111111 J
b1110101001101000110111111111000001101000001010010010111100000 L
b11001001100101100100010101001001 /
b10110111111101011100111100001010 7
b10111110101110100000000101010001 6
b1011001001011011101101010001101 D
b11011111011111010111100001100111 C
b1101000001010010010111100000 O
b1011001001011011101101010001101 M
b11011111011111010111100001100111 N
b1000001010001011111111010101110 8
b1110110101011111101000001011011 9
#5170000
0#
0:
#5175000
1#
1:
b1000000010 2
b1000001010001011111111010101110 ,
b1110110101011111101000001011011 -
b10111110101110100000000101010001 0
b10110111111101011100111100001010 1
b1000000010 3
b1101000001010010010111100000 G
b11001001100101100100010101001001 H
b11011111011111010111100001100111 I
b1011001001011011101101010001101 J
b100110111011010101001101011010111101001101111100000011010111011 L
b1101000001010010010111100000 /
b110111010000000100101100011111 7
b1011100111100010111101100001010 6
b1110110101011111101000001011011 D
b1000001010001011111111010101110 C
b11101001101111100000011010111011 O
b1110110101011111101000001011011 M
b1000001010001011111111010101110 N
b10100011000011101000010011110101 8
b10010100001100011100011000101001 9
#5180000
0#
0:
#5185000
1#
1:
b1000000011 2
b10100011000011101000010011110101 ,
b10010100001100011100011000101001 -
b1011100111100010111101100001010 0
b110111010000000100101100011111 1
b1000000011 3
b11101001101111100000011010111011 G
b1101000001010010010111100000 H
b1000001010001011111111010101110 I
b1110110101011111101000001011011 J
b1111001000011000101110101110101011111110000001110011111011010 L
b11101001101111100000011010111011 /
b10110110100010101100011100110100 7
b11111011001010001111010011000011 6
b10010100001100011100011000101001 D
b10100011000011101000010011110101 C
b1011111110000001110011111011010 O
b10010100001100011100011000101001 M
b10100011000011101000010011110101 N
b100110101110000101100111100 8
b10110001101100111011101111110111 9
#5190000
0#
0:
#5195000
1#
1:
b1000000100 2
b100110101110000101100111100 ,
b10110001101100111011101111110111 -
b11111011001010001111010011000011 0
b10110110100010101100011100110100 1
b1000000100 3
b1011111110000001110011111011010 G
b11101001101111100000011010111011 H
b10100011000011101000010011110101 I
b10010100001100011100011000101001 J
b101111001100100000110001101110001101111000011011100100100111101 L
b1011111110000001110011111011010 /
b110101110101010100001101001001 7
b10011001011000000110111001111100 6
b10110001101100111011101111110111 D
b100110101110000101100111100 C
b1101111000011011100100100111101 O
b10110001101100111011101111110111 M
b100110101110000101100111100 N
b1100110100111111001000110000011 8
b11001111001101011011000111000101 9
#5200000
0#
0:
#5205000
1#
1:
b1000000101 2
b1100110100111111001000110000011 ,
b11001111001101011011000111000101 -
b10011001011000000110111001111100 0
b110101110101010100001101001001 1
b1000000101 3
b1101111000011011100100100111101 G
b1011111110000001110011111011010 H
b100110101110000101100111100 I
b10110001101100111011101111110111 J
b1101011100000101001010111100010111101001001010101011100100 L
b1101111000011011100100100111101 /
b10110101000111111011111101011110 7
b110111100101111110100000110101 6
b11001111001101011011000111000101 D
b1100110100111111001000110000011 C
b10111101001001010101011100100 O
b11001111001101011011000111000101 M
b1100110100111111001000110000011 N
b11001000011010000001011111001010 8
b11101100101101111010011110010011 9
#5210000
0#
0:
#5215000
1#
1:
b1000000110 2
b11001000011010000001011111001010 ,
b11101100101101111010011110010011 -
b110111100101111110100000110101 0
b10110101000111111011111101011110 1
b1000000110 3
b10111101001001010101011100100 G
b1101111000011011100100100111101 H
b1100110100111111001000110000011 I
b11001111001101011011000111000101 J
b101001100010000100011001111010101011001100001011000110011001111 L
b10111101001001010101011100100 /
b110100011010100011101101110011 7
b11010101110011110110000111101110 6
b11101100101101111010011110010011 D
b11001000011010000001011111001010 C
b1011001100001011000110011001111 O
b11101100101101111010011110010011 M
b11001000011010000001011111001010 N
b101010001100001001111000010001 8
b1010001110011001110101100001 9
#5220000
0#
0:
#5225000
1#
1:
b1000000111 2
b101010001100001001111000010001 ,
b1010001110011001110101100001 -
b11010101110011110110000111101110 0
b110100011010100011101101110011 1
b1000000111 3
b1011001100001011000110011001111 G
b10111101001001010101011100100 H
b11001000011010000001011111001010 I
b11101100101101111010011110010011 J
b1011100101001111101110111000011000110100101100000110111011111110 L
b1011001100001011000110011001111 /
b10110011101101001011011110001000 7
b1110100000001101101101110100111 6
b1010001110011001110101100001 D
b101010001100001001111000010001 C
b110100101100000110111011111110 O
b1010001110011001110101100001 M
b101010001100001001111000010001 N
b10001011111110010010010001011000 8
b100111101110111001001100101111 9
#5230000
0#
0:
#5235000
1#
1:
b1000001000 2
b10001011111110010010010001011000 ,
b100111101110111001001100101111 -
b1110100000001101101101110100111 0
b10110011101101001011011110001000 1
b1000001000 3
b110100101100000110111011111110 G
b1011001100001011000110011001111 H
b101010001100001001111000010001 I
b1010001110011001110101100001 J
b110101111011001001110111110101001001001010101000101110001 L
b110100101100000110111011111110 /
b110010111111110011001110011101 7
b10010001111100101010101100000 6
b100111101110111001001100101111 D
b10001011111110010010010001011000 C
b10101001001001010101000101110001 O
b100111101110111001001100101111 M
b10001011111110010010010001011000 N
b11101101110000011010101010011111 8
b1000101001111011000100011111101 9
#5240000
0#
0:
#5245000
1#
1:
b1000001001 2
b11101101110000011010101010011111 ,
b1000101001111011000100011111101 -
b10010001111100101010101100000 0
b110010111111110011001110011101 1
b1000001001 3
b10101001001001010101000101110001 G
b110100101100000110111011111110 H
b10001011111110010010010001011000 I
b100111101110111001001100101111 J
b1010110111001100001000000000010110110111001000011010000101000 L
b10101001001001010101000101110001 /
b10110010010010011010111110110010 7
b10110000011101011100111100011001 6
b1000101001111011000100011111101 D
b11101101110000011010101010011111 C
b10110110111001000011010000101000 O
b1000101001111011000100011111101 M
b11101101110000011010101010011111 N
b1001111100010100011000011100110 8
b1100010101111110111111011001011 9
#5250000
0#
0:
#5255000
1#
1:
b1000001010 2
b1001111100010100011000011100110 ,
b1100010101111110111111011001011 -
b10110000011101011100111100011001 0
b10110010010010011010111110110010 1
b1000001010 3
b10110110111001000011010000101000 G
b10101001001001010101000101110001 H
b11101101110000011010101010011111 I
b1000101001111011000100011111101 J
b100000001001110010110010101110001011101111011010001011100100011 L
b10110110111001000011010000101000 /
b110001100101000010101111000111 7
b1001110101011010100100011010010 6
b1100010101111110111111011001011 D
b1001111100010100011000011100110 C
b1011101111011010001011100100011 O
b1100010101111110111111011001011 M
b1001111100010100011000011100110 N
b10110001010100101011011100101101 8
b10000000010000010111010010011001 9
#5260000
0#
0:
#5265000
1#
1:
b1000001011 2
b10110001010100101011011100101101 ,
b10000000010000010111010010011001 -
b1001110101011010100100011010010 0
b110001100101000010101111000111 1
b1000001011 3
b1011101111011010001011100100011 G
b10110110111001000011010000101000 H
b1001111100010100011000011100110 I
b1100010101111110111111011001011 J
b1111010101110011001100011011110011110001111111111101001100010 L
b1011101111011010001011100100011 /
b10110000110111101010011111011100 7
b11101100111001001100001010001011 6
b10000000010000010111010010011001 D
b10110001010100101011011100101101 C
b10011110001111111111101001100010 O
b10000000010000010111010010011001 M
b10110001010100101011011100101101 N
b10011000110110011110101110100 8
b10011101110000110110101001100111 9
#5270000
0#
0:
#5275000
1#
1:
b1000001100 2
b10011000110110011110101110100 ,
b10011101110000110110101001100111 -
b11101100111001001100001010001011 0
b10110000110111101010011111011100 1
b1000001100 3
b10011110001111111111101001100010 G
b1011101111011010001011100100011 H
b10110001010100101011011100101101 I
b10000000010000010111010010011001 J
b101100011010110101100100101101001110111110111001101110111100101 L
b10011110001111111111101001100010 /
b110000001010010010001111110001 7
b10001011000111000011110001000100 6
b10011101110000110110101001100111 D
b10011000110110011110101110100 C
b1110111110111001101110111100101 O
b10011101110000110110101001100111 M
b10011000110110011110101110100 N
b1110100111000111100001110111011 8
b10111011010001010110000000110101 9
#5280000
0#
0:
#5285000
1#
1:
b1000001101 2
b1110100111000111100001110111011 ,
b10111011010001010110000000110101 -
b10001011000111000011110001000100 0
b110000001010010010001111110001 1
b1000001101 3
b1110111110111001101110111100101 G
b10011110001111111111101001100010 H
b10011000110110011110101110100 I
b10011101110000110110101001100111 J
b101111000110010010100110000011101010110000111100000110101100 L
b1110111110111001101110111100101 /
b10101111011100111010000000000110 7
b101001010100111011010111111101 6
b10111011010001010110000000110101 D
b1110100111000111100001110111011 C
b11101010110000111100000110101100 O
b10111011010001010110000000110101 M
b1110100111000111100001110111011 N
b11010110101011000100101000000010 8
b11011000110001110101011000000011 9
#5290000
0#
0:
#5295000
1#
1:
b1000001110 2
b11010110101011000100101000000010 ,
b11011000110001110101011000000011 -
b101001010100111011010111111101 0
b10101111011100111010000000000110 1
b1000001110 3
b11101010110000111100000110101100 G
b1110111110111001101110111100101 H
b1110100111000111100001110111011 I
b10111011010001010110000000110101 J
b101010110000010000011010100101011110110111101001010010110110111 L
b11101010110000111100000110101100 /
b101110101111100001110000011011 7
b11000111100010110010111110110110 6
b11011000110001110101011000000011 D
b11010110101011000100101000000010 C
b11110110111101001010010110110111 O
b11011000110001110101011000000011 M
b11010110101011000100101000000010 N
b111000011101001101000001001001 8
b11110110010010010100101111010001 9
#5300000
0#
0:
#5305000
1#
1:
b1000001111 2
b111000011101001101000001001001 ,
b11110110010010010100101111010001 -
b11000111100010110010111110110110 0
b101110101111100001110000011011 1
b1000001111 3
b11110110111101001010010110110111 G
b11101010110000111100000110101100 H
b11010110101011000100101000000010 I
b11011000110001110101011000000011 J
b1011010111001000100001100111111110011100011011111000101000000110 L
b11110110111101001010010110110111 /
b10101110000010001001100000110000 7
b1100101110000101010100101101111 6
b11110110010010010100101111010001 D
b111000011101001101000001001001 C
b10011100011011111000101000000110 O
b11110110010010010100101111010001 M
b111000011101001101000001001001 N
b10011010001111010101011010010000 8
b10011110010110100000110011111 9
#5310000
0#
0:
#5315000
1#
1:
b1000010000 2
b10011010001111010101011010010000 ,
b10011110010110100000110011111 -
b1100101110000101010100101101111 0
b10101110000010001001100000110000 1
b1000010000 3
b10011100011011111000101000000110 G
b11110110111101001010010110110111 H
b111000011101001101000001001001 I
b11110110010010010100101111010001 J
b11011001010000011010100010110111011011001101000110111010011001 L
b10011100011011111000101000000110 /
b101101010100110001010001000101 7
b11111110100010001100101000 6
b10011110010110100000110011111 D
b10011010001111010101011010010000 C
b11011011001101000110111010011001 O
b10011110010110100000110011111 M
b10011010001111010101011010010000 N
b11111100000001011101110011010111 8
b110001010011010011011101101101 9
#5320000
0#
0:
#5325000
1#
1:
b1000010001 2
b11111100000001011101110011010111 ,
b110001010011010011011101101101 -
b11111110100010001100101000 0
b101101010100110001010001000101 1
b1000010001 3
b11011011001101000110111010011001 G
b10011100011011111000101000000110 H
b10011010001111010101011010010000 I
b10011110010110100000110011111 J
b101111101101000000111001100110110011010000110101001101110000 L
b11011011001101000110111010011001 /
b10101100100111011001000001011010 7
b10100010001100011001110011100001 6
b110001010011010011011101101101 D
b11111100000001011101110011010111 C
b10110011010000110101001101110000 O
b110001010011010011011101101101 M
b11111100000001011101110011010111 N
b1011101110011100110001100011110 8
b1001110110011110010110100111011 9
#5330000
0#
0:
#5335000
1#
1:
b1000010010 2
b1011101110011100110001100011110 ,
b1001110110011110010110100111011 -
b10100010001100011001110011100001 0
b10101100100111011001000001011010 1
b1000010010 3
b10110011010000110101001101110000 G
b11011011001101000110111010011001 H
b11111100000001011101110011010111 I
b110001010011010011011101101101 J
b11000010001001001000111001100100100100100111000011100010001011 L
b10110011010000110101001101110000 /
b101011111010000000110001101111 7
b1000000011010010001011010011010 6
b1001110110011110010110100111011 D
b1011101110011100110001100011110 C
b100100100111000011100010001011 O
b1001110110011110010110100111011 M
b1011101110011100110001100011110 N
b10111111100101101110100101100101 8
b1101100010100010010001100001001 9
#5340000
0#
0:
#5345000
1#
1:
b1000010011 2
b10111111100101101110100101100101 ,
b1101100010100010010001100001001 -
b1000000011010010001011010011010 0
b101011111010000000110001101111 1
b1000010011 3
b100100100111000011100010001011 G
b10110011010000110101001101110000 H
b1011101110011100110001100011110 I
b1001110110011110010110100111011 J
b1110011100000110011001010100000101111001111110001110111101010 L
b100100100111000011100010001011 /
b10101011001100101000100010000100 7
b11011110101000001001000001010011 6
b1101100010100010010001100001001 D
b10111111100101101110100101100101 C
b101111001111110001110111101010 O
b1101100010100010010001100001001 M
b10111111100101101110100101100101 N
b100001010111110110111110101100 8
b10001001110100110001100011010111 9
#5350000
0#
0:
#5355000
1#
1:
b1000010100 2
b100001010111110110111110101100 ,
b10001001110100110001100011010111 -
b11011110101000001001000001010011 0
b10101011001100101000100010000100 1
b1000010100 3
b101111001111110001110111101010 G
b100100100111000011100010001011 H
b10111111100101101110100101100101 I
b1101100010100010010001100001001 J
b101000100010000011000110110111011010011001011000000001110001101 L
b101111001111110001110111101010 /
b101010011111010000010010011001 7
b1111100110110000000101000001100 6
b10001001110100110001100011010111 D
b100001010111110110111110101100 C
b11010011001011000000001110001101 O
b10001001110100110001100011010111 M
b100001010111110110111110101100 N
b10000011001001111111010111110011 8
b10100111010101010000111010100101 9
#5360000
0#
0:
#5365000
1#
1:
b1000010101 2
b10000011001001111111010111110011 ,
b10100111010101010000111010100101 -
b1111100110110000000101000001100 0
b101010011111010000010010011001 1
b1000010101 3
b11010011001011000000001110001101 G
b101111001111110001110111101010 H
b100001010111110110111110101100 I
b10001001110100110001100011010111 J
b1000111110111100101111010100100010000011000101110100101110100 L
b11010011001011000000001110001101 /
b10101001110001111000000010101110 7
b11011000011111000001111000101 6
b10100111010101010000111010100101 D
b10000011001001111111010111110011 C
b10000011000101110100101110100 O
b10100111010101010000111010100101 M
b10000011001001111111010111110011 N
b11100100111100000111110000111010 8
b11000100110101110000010001110011 9
#5370000
0#
0:
#5375000
1#
1:
b1000010110 2
b11100100111100000111110000111010 ,
b11000100110101110000010001110011 -
b11011000011111000001111000101 0
b10101001110001111000000010101110 1
b1000010110 3
b10000011000101110100101110100 G
b11010011001011000000001110001101 H
b10000011001001111111010111110011 I
b10100111010101010000111010100101 J
b101010110111010101001010011011011100110111000111100111110011111 L
b10000011000101110100101110100 /
b101001000100011111110011000011 7
b10111001010001101111110101111110 6
b11000100110101110000010001110011 D
b11100100111100000111110000111010 C
b11100110111000111100111110011111 O
b11000100110101110000010001110011 M
b11100100111100000111110000111010 N
b1000110101110010000001010000001 8
b11100010010110001111101001000001 9
#5380000
0#
0:
#5385000
1#
1:
b1000010111 2
b1000110101110010000001010000001 ,
b11100010010110001111101001000001 -
b10111001010001101111110101111110 0
b101001000100011111110011000011 1
b1000010111 3
b11100110111000111100111110011111 G
b10000011000101110100101110100 H
b11100100111100000111110000111010 I
b11000100110101110000010001110011 J
b1011000000001000011010010000111101010110101011101011011000001110 L
b11100110111000111100111110011111 /
b10101000010111000111100011011000 7
b1010111011111100111011100110111 6
b11100010010110001111101001000001 D
b1000110101110010000001010000001 C
b1010110101011101011011000001110 O
b11100010010110001111101001000001 M
b1000110101110010000001010000001 N
b10101000100000011000100011001000 8
b11111111110110101111000000001111 9
#5390000
0#
0:
#5395000
1#
1:
b1000011000 2
b10101000100000011000100011001000 ,
b11111111110110101111000000001111 -
b1010111011111100111011100110111 0
b10101000010111000111100011011000 1
b1000011000 3
b1010110101011101011011000001110 G
b11100110111000111100111110011111 H
b1000110101110010000001010000001 I
b11100010010110001111101001000001 J
b11111010000111111010001111000101011111110000111001110011000001 L
b1010110101011101011011000001110 /
b100111101001101111010011101101 7
b11110101101101011111000011110000 6
b11111111110110101111000000001111 D
b10101000100000011000100011001000 C
b1011111110000111001110011000001 O
b11111111110110101111000000001111 M
b10101000100000011000100011001000 N
b1010010010100000111100001111 8
b11101010111001110010111011101 9
#5400000
0#
0:
#5405000
1#
1:
b1000011001 2
b1010010010100000111100001111 ,
b11101010111001110010111011101 -
b11110101101101011111000011110000 0
b100111101001101111010011101101 1
b1000011001 3
b1011111110000111001110011000001 G
b1010110101011101011011000001110 H
b10101000100000011000100011001000 I
b11111111110110101111000000001111 J
b1010100001101001001000111001000100000010001000101000001110111000 L
b1011111110000111001110011000001 /
b10100110111100010111000100000010 7
b10010011111011010110101010101001 6
b11101010111001110010111011101 D
b1010010010100000111100001111 C
b10001000101000001110111000 O
b11101010111001110010111011101 M
b1010010010100000111100001111 N
b1101100000100101001010101010110 8
b111010110111101101101110101011 9
#5410000
0#
0:
#5415000
1#
1:
b1000011010 2
b1101100000100101001010101010110 ,
b111010110111101101101110101011 -
b10010011111011010110101010101001 0
b10100110111100010111000100000010 1
b1000011010 3
b10001000101000001110111000 G
b1011111110000111001110011000001 H
b1010010010100000111100001111 I
b11101010111001110010111011101 J
b100101110000111111000111100111101110010110110101011110011 L
b10001000101000001110111000 /
b100110001110111110110100010111 7
b110010001001001110010001100010 6
b111010110111101101101110101011 D
b1101100000100101001010101010110 C
b111101110010110110101011110011 O
b111010110111101101101110101011 M
b1101100000100101001010101010110 N
b11001101110110110001101110011101 8
b1011000011000001101000101111001 9
#5420000
0#
0:
#5425000
1#
1:
b1000011011 2
b11001101110110110001101110011101 ,
b1011000011000001101000101111001 -
b110010001001001110010001100010 0
b100110001110111110110100010111 1
b1000011011 3
b111101110010110110101011110011 G
b10001000101000001110111000 H
b1101100000100101001010101010110 I
b111010110111101101101110101011 J
b1100011011010010010101010111100010010101111100101001001110010 L
b111101110010110110101011110011 /
b10100101100001100110100100101100 7
b11010000010111000101111000011011 6
b1011000011000001101000101111001 D
b11001101110110110001101110011101 C
b10010101111100101001001110010 O
b1011000011000001101000101111001 M
b11001101110110110001101110011101 N
b101111101000111010000111100100 8
b1110101111000101100011101000111 9
#5430000
0#
0:
#5435000
1#
1:
b1000011100 2
b101111101000111010000111100100 ,
b1110101111000101100011101000111 -
b11010000010111000101111000011011 0
b10100101100001100110100100101100 1
b1000011100 3
b10010101111100101001001110010 G
b111101110010110110101011110011 H
b11001101110110110001101110011101 I
b1011000011000001101000101111001 J
b100011100010001001011000001100110000000111110110011101000110101 L
b10010101111100101001001110010 /
b100100110100001110010101000001 7
b1101110100100111101011111010100 6
b1110101111000101100011101000111 D
b101111101000111010000111100100 C
b10000000111110110011101000110101 O
b1110101111000101100011101000111 M
b101111101000111010000111100100 N
b10010001011011000010100000101011 8
b10010011011001001011110100010101 9
#5440000
0#
0:
#5445000
1#
1:
b1000011101 2
b10010001011011000010100000101011 ,
b10010011011001001011110100010101 -
b1101110100100111101011111010100 0
b100100110100001110010101000001 1
b1000011101 3
b10000000111110110011101000110101 G
b10010101111100101001001110010 H
b101111101000111010000111100100 I
b1110101111000101100011101000111 J
b1010111101111111111001000011110001000100000100010001000111100 L
b10000000111110110011101000110101 /
b10100100000110110110000101010110 7
b1100110010110101000110001101 6
b10010011011001001011110100010101 D
b10010001011011000010100000101011 C
b10001000100000100010001000111100 O
b10010011011001001011110100010101 M
b10010001011011000010100000101011 N
b11110011001101001010111001110010 8
b10110000111001101011001011100011 9
#5450000
0#
0:
#5455000
1#
1:
b1000011110 2
b11110011001101001010111001110010 ,
b10110000111001101011001011100011 -
b1100110010110101000110001101 0
b10100100000110110110000101010110 1
b1000011110 3
b10001000100000100010001000111100 G
b10000000111110110011101000110101 H
b10010001011011000010100000101011 I
b10010011011001001011110100010101 J
b101001110111010010101001011100100101001010100110000101010000111 L
b10001000100000100010001000111100 /
b100011011001011101110101101011 7
b10101011000000101100101101000110 6
b10110000111001101011001011100011 D
b11110011001101001010111001110010 C
b101001010100110000101010000111 O
b10110000111001101011001011100011 M
b11110011001101001010111001110010 N
b1010100111111010011010010111001 8
b11001110011010001010100010110001 9
#5460000
0#
0:
#5465000
1#
1:
b1000011111 2
b1010100111111010011010010111001 ,
b11001110011010001010100010110001 -
b10101011000000101100101101000110 0
b100011011001011101110101101011 1
b1000011111 3
b101001010100110000101010000111 G
b10001000100000100010001000111100 H
b11110011001101001010111001110010 I
b10110000111001101011001011100011 J
b1010100000001111011000110011010101100011011011011111001100010110 L
b101001010100110000101010000111 /
b10100010101100000101100110000000 7
b1001001001110100100010011111111 6
b11001110011010001010100010110001 D
b1010100111111010011010010111001 C
b1100011011011011111001100010110 O
b11001110011010001010100010110001 M
b1010100111111010011010010111001 N
b10110110110001011011101100000000 8
b11101011111010101001111001111111 9
#5470000
0#
0:
#5475000
1#
1:
b1000100000 2
b10110110110001011011101100000000 ,
b11101011111010101001111001111111 -
b1001001001110100100010011111111 0
b10100010101100000101100110000000 1
b1000100000 3
b1100011011011011111001100010110 G
b101001010100110000101010000111 H
b1010100111111010011010010111001 I
b11001110011010001010100010110001 J
b100010010000110011111110100101100110110110100101101101111101001 L
b1100011011011011111001100010110 /
b100001111110101101010110010101 7
b11100111011100011011111010111000 6
b11101011111010101001111001111111 D
b10110110110001011011101100000000 C
b110110110100101101101111101001 O
b11101011111010101001111001111111 M
b10110110110001011011101100000000 N
b11000100011100100000101000111 8
b1001011011001001010001001101 9
#5480000
0#
0:
#5485000
1#
1:
b1000100001 2
b11000100011100100000101000111 ,
b1001011011001001010001001101 -
b11100111011100011011111010111000 0
b100001111110101101010110010101 1
b1000100001 3
b110110110100101101101111101001 G
b1100011011011011111001100010110 H
b10110110110001011011101100000000 I
b11101011111010101001111001111111 J
b1010100001101111000001001000111010100011100000011100010100000000 L
b110110110100101101101111101001 /
b10100001010001010101000110101010 7
b10000101101010010011100001110001 6
b1001011011001001010001001101 D
b11000100011100100000101000111 C
b10100011100000011100010100000000 O
b1001011011001001010001001101 M
b11000100011100100000101000111 N
b1111010010101101100011110001110 8
b100110111011101000101000011011 9
#5490000
0#
0:
#5495000
1#
1:
b1000100010 2
b1111010010101101100011110001110 ,
b100110111011101000101000011011 -
b10000101101010010011100001110001 0
b10100001010001010101000110101010 1
b1000100010 3
b10100011100000011100010100000000 G
b110110110100101101101111101001 H
b11000100011100100000101000111 I
b1001011011001001010001001101 J
b11100111011010101000100010101001011110101010111001011011 L
b10100011100000011100010100000000 /
b100000100011111100110110111111 7
b100011111000001011001000101010 6
b100110111011101000101000011011 D
b1111010010101101100011110001110 C
b10101001011110101010111001011011 O
b100110111011101000101000011011 M
b1111010010101101100011110001110 N
b11011100000111110100110111010101 8
b1000100011100000111111111101001 9
#5500000
0#
0:
#5505000
1#
1:
b1000100011 2
b11011100000111110100110111010101 ,
b1000100011100000111111111101001 -
b100011111000001011001000101010 0
b100000100011111100110110111111 1
b1000100011 3
b10101001011110101010111001011011 G
b10100011100000011100010100000000 H
b1111010010101101100011110001110 I
b100110111011101000101000011011 J
b1001010011010111000000100110001001000101111011001011111111010 L
b10101001011110101010111001011011 /
b10011111110110100100100111010100 7
b11000010000110000010101111100011 6
b1000100011100000111111111101001 D
b11011100000111110100110111010101 C
b1001000101111011001011111111010 O
b1000100011100000111111111101001 M
b11011100000111110100110111010101 N
b111101111001111101010000011100 8
b1100001111100100111010110110111 9
#5510000
0#
0:
#5515000
1#
1:
b1000100100 2
b111101111001111101010000011100 ,
b1100001111100100111010110110111 -
b11000010000110000010101111100011 0
b10011111110110100100100111010100 1
b1000100100 3
b1001000101111011001011111111010 G
b10101001011110101010111001011011 H
b11011100000111110100110111010101 I
b1000100011100000111111111101001 J
b11101011011001000011000101101010000001010010101000000111011101 L
b1001000101111011001011111111010 /
b11111001001001100010111101001 7
b1100000010011111010010110011100 6
b1100001111100100111010110110111 D
b111101111001111101010000011100 C
b10000001010010101000000111011101 O
b1100001111100100111010110110111 M
b111101111001111101010000011100 N
b10011111101100000101101001100011 8
b1111111011101000110101110000101 9
#5520000
0#
0:
#5525000
1#
1:
b1000100101 2
b10011111101100000101101001100011 ,
b1111111011101000110101110000101 -
b1100000010011111010010110011100 0
b11111001001001100010111101001 1
b1000100101 3
b10000001010010101000000111011101 G
b1001000101111011001011111111010 H
b111101111001111101010000011100 I
b1100001111100100111010110110111 J
b1011110101111011110001111110001010011001000010110110000000100 L
b10000001010010101000000111011101 /
b10011110011011110100000111111110 7
b11111110100001110001111101010101 6
b1111111011101000110101110000101 D
b10011111101100000101101001100011 C
b1010011001000010110110000000100 O
b1111111011101000110101110000101 M
b10011111101100000101101001100011 N
b1011110001110000010101010 8
b10011100111101100110000101010011 9
#5530000
0#
0:
#5535000
1#
1:
b1000100110 2
b1011110001110000010101010 ,
b10011100111101100110000101010011 -
b11111110100001110001111101010101 0
b10011110011011110100000111111110 1
b1000100110 3
b1010011001000010110110000000100 G
b10000001010010101000000111011101 H
b10011111101100000101101001100011 I
b1111111011101000110101110000101 J
b100111110000001000110111101000110111110010000100101011001101111 L
b1010011001000010110110000000100 /
b11101101110011011111000010011 7
b10011100101111101001100100001110 6
b10011100111101100110000101010011 D
b1011110001110000010101010 C
b10111110010000100101011001101111 O
b10011100111101100110000101010011 M
b1011110001110000010101010 N
b1100011010000010110011011110001 8
b10111010011110000101011100100001 9
#5540000
0#
0:
#5545000
1#
1:
b1000100111 2
b1100011010000010110011011110001 ,
b10111010011110000101011100100001 -
b10011100101111101001100100001110 0
b11101101110011011111000010011 1
b1000100111 3
b10111110010000100101011001101111 G
b1010011001000010110110000000100 H
b1011110001110000010101010 I
b10011100111101100110000101010011 J
b11100111000100111001111011000010101011010100000100011110 L
b10111110010000100101011001101111 /
b10011101000001000011101000101000 7
b111010111101100001001011000111 6
b10111010011110000101011100100001 D
b1100011010000010110011011110001 C
b11000010101011010100000100011110 O
b10111010011110000101011100100001 M
b1100011010000010110011011110001 N
b11000101000010011110110100111000 8
b11010111111110100100110011101111 9
#5550000
0#
0:
#5555000
1#
1:
b1000101000 2
b11000101000010011110110100111000 ,
b11010111111110100100110011101111 -
b111010111101100001001011000111 0
b10011101000001000011101000101000 1
b1000101000 3
b11000010101011010100000100011110 G
b10111110010000100101011001101111 H
b1100011010000010110011011110001 I
b10111010011110000101011100100001 J
b100100001001100001011010011101101100000011000100010110000010001 L
b11000010101011010100000100011110 /
b11100010011101011011000111101 7
b11011001001011011000110010000000 6
b11010111111110100100110011101111 D
b11000101000010011110110100111000 C
b1100000011000100010110000010001 O
b11010111111110100100110011101111 M
b11000101000010011110110100111000 N
b100110110100100111001101111111 8
b11110101011111000100001010111101 9
#5560000
0#
0:
#5565000
1#
1:
b1000101001 2
b100110110100100111001101111111 ,
b11110101011111000100001010111101 -
b11011001001011011000110010000000 0
b11100010011101011011000111101 1
b1000101001 3
b1100000011000100010110000010001 G
b11000010101011010100000100011110 H
b11000101000010011110110100111000 I
b11010111111110100100110011101111 J
b1010011000111011111111010010001010010111011000010001011101001000 L
b1100000011000100010110000010001 /
b10011011100110010011001001010010 7
b1110111011001010000011000111001 6
b11110101011111000100001010111101 D
b100110110100100111001101111111 C
b10010111011000010001011101001000 O
b11110101011111000100001010111101 M
b100110110100100111001101111111 N
b10001000100110101111100111000110 8
b10010111111100011100010001011 9
#5570000
0#
0:
#5575000
1#
1:
b1000101010 2
b10001000100110101111100111000110 ,
b10010111111100011100010001011 -
b1110111011001010000011000111001 0
b10011011100110010011001001010010 1
b1000101010 3
b10010111011000010001011101001000 G
b1100000011000100010110000010001 H
b100110110100100111001101111111 I
b11110101011111000100001010111101 J
b10010100111010010000001001011101100111101010100000001011000011 L
b10010111011000010001011101001000 /
b11010111000111010111001100111 7
b10101100111000111111111110010 6
b10010111111100011100010001011 D
b10001000100110101111100111000110 C
b1100111101010100000001011000011 O
b10010111111100011100010001011 M
b10001000100110101111100111000110 N
b11101010011000111000000000001101 8
b110000100000000010111001011001 9
#5580000
0#
0:
#5585000
1#
1:
b1000101011 2
b11101010011000111000000000001101 ,
b110000100000000010111001011001 -
b10101100111000111111111110010 0
b11010111000111010111001100111 1
b1000101011 3
b1100111101010100000001011000011 G
b10010111011000010001011101001000 H
b10001000100110101111100111000110 I
b10010111111100011100010001011 J
b101000100010100011010111111111010001001111001110111010000010 L
b1100111101010100000001011000011 /
b10011010001011100010101001111100 7
b10110011110100111111100110101011 6
b110000100000000010111001011001 D
b11101010011000111000000000001101 C
b11010001001111001110111010000010 O
b110000100000000010111001011001 M
b11101010011000111000000000001101 N
b1001100001011000000011001010100 8
b1001110000000100010010000100111 9
#5590000
0#
0:
#5595000
1#
1:
b1000101100 2
b1001100001011000000011001010100 ,
b1001110000000100010010000100111 -
b10110011110100111111100110101011 0
b10011010001011100010101001111100 1
b1000101100 3
b11010001001111001110111010000010 G
b1100111101010100000001011000011 H
b11101010011000111000000000001101 I
b110000100000000010111001011001 J
b10110001101000000001000011000111010100000110011101101010000101 L
b11010001001111001110111010000010 /
b11001011110001010011010010001 7
b1010010000010110111001101100100 6
b1001110000000100010010000100111 D
b1001100001011000000011001010100 C
b11010100000110011101101010000101 O
b1001110000000100010010000100111 M
b1001100001011000000011001010100 N
b10101101111101001000110010011011 8
b1101011100001000001100111110101 9
#5600000
0#
0:
#5605000
1#
1:
b1000101101 2
b10101101111101001000110010011011 ,
b1101011100001000001100111110101 -
b1010010000010110111001101100100 0
b11001011110001010011010010001 1
b1000101101 3
b11010100000110011101101010000101 G
b11010001001111001110111010000010 H
b1001100001011000000011001010100 I
b1001110000000100010010000100111 J
b1011100110110000011010000011101110000010000001100011011001100 L
b11010100000110011101101010000101 /
b10011000110000110010001010100110 7
b11110000010000101110110100011101 6
b1101011100001000001100111110101 D
b10101101111101001000110010011011 C
b1110000010000001100011011001100 O
b1101011100001000001100111110101 M
b10101101111101001000110010011011 N
b1111101111010001001011100010 8
b10001001000001100000111111000011 9
#5610000
0#
0:
#5615000
1#
1:
b1000101110 2
b1111101111010001001011100010 ,
b10001001000001100000111111000011 -
b11110000010000101110110100011101 0
b10011000110000110010001010100110 1
b1000101110 3
b1110000010000001100011011001100 G
b11010100000110011101101010000101 H
b10101101111101001000110010011011 I
b1101011100001000001100111110101 J
b100100100001110111110101000000010100101101100011011001101010111 L
b1110000010000001100011011001100 /
b11000000011011001111010111011 7
b10001110011110100110011011010110 6
b10001001000001100000111111000011 D
b1111101111010001001011100010 C
b10100101101100011011001101010111 O
b10001001000001100000111111000011 M
b1111101111010001001011100010 N
b1110001100001011001100100101001 8
b10100110100010000000010110010001 9
#5620000
0#
0:
#5625000
1#
1:
b1000101111 2
b1110001100001011001100100101001 ,
b10100110100010000000010110010001 -
b10001110011110100110011011010110 0
b11000000011011001111010111011 1
b1000101111 3
b10100101101100011011001101010111 G
b1110000010000001100011011001100 H
b1111101111010001001011100010 I
b10001001000001100000111111000011 J
b100001101100100011101000000101110100011011001010000000100110 L
b10100101101100011011001101010111 /
b10010111010110000001101011010000 7
b101100101100011110000010001111 6
b10100110100010000000010110010001 D
b1110001100001011001100100101001 C
b1110100011011001010000000100110 O
b10100110100010000000010110010001 M
b1110001100001011001100100101001 N
b11010011010011100001111101110000 8
b11000100000010011111101101011111 9
#5630000
0#
0:
#5635000
1#
1:
b1000110000 2
b11010011010011100001111101110000 ,
b11000100000010011111101101011111 -
b101100101100011110000010001111 0
b10010111010110000001101011010000 1
b1000110000 3
b1110100011011001010000000100110 G
b10100101101100011011001101010111 H
b1110001100001011001100100101001 I
b10100110100010000000010110010001 J
b100100111011000111100101100000111011100011100011000110100111001 L
b1110100011011001010000000100110 /
b10110101000101001011011100101 7
b11001010111010010101101001001000 6
b11000100000010011111101101011111 D
b11010011010011100001111101110000 C
b11011100011100011000110100111001 O
b11000100000010011111101101011111 M
b11010011010011100001111101110000 N
b110101000101101010010110110111 8
b11100001100010111111000100101101 9
#5640000
0#
0:
#5645000
1#
1:
b1000110001 2
b110101000101101010010110110111 ,
b11100001100010111111000100101101 -
b11001010111010010101101001001000 0
b10110101000101001011011100101 1
b1000110001 3
b11011100011100011000110100111001 G
b1110100011011001010000000100110 H
b11010011010011100001111101110000 I
b11000100000010011111101101011111 J
b1010000111010000000011010100110011011101110000000111101010010000 L
b11011100011100011000110100111001 /
b10010101111011010001001011111010 7
b1101001001000001101010000000001 6
b11100001100010111111000100101101 D
b110101000101101010010110110111 C
b11011101110000000111101010010000 O
b11100001100010111111000100101101 M
b110101000101101010010110110111 N
b10010110110111110010101111111110 8
b11111111000011011110011011111011 9
#5650000
0#
0:
#5655000
1#
1:
b1000110010 2
b10010110110111110010101111111110 ,
b11111111000011011110011011111011 -
b1101001001000001101010000000001 0
b10010101111011010001001011111010 1
b1000110010 3
b11011101110000000111101010010000 G
b11011100011100011000110100111001 H
b110101000101101010010110110111 I
b11100001100010111111000100101101 J
b10111011000101111011001111010101111000010110010110100000101011 L
b11011101110000000111101010010000 /
b10101001101111000111100001111 7
b111010110000100110110111010 6
b11111111000011011110011011111011 D
b10010110110111110010101111111110 C
b1111000010110010110100000101011 O
b11111111000011011110011011111011 M
b10010110110111110010101111111110 N
b11111000101001111011001001000101 8
b11100100011111101110011001001 9
#5660000
0#
0:
#5665000
1#
1:
b1000110011 2
b11111000101001111011001001000101 ,
b11100100011111101110011001001 -
b111010110000100110110111010 0
b10101001101111000111100001111 1
b1000110011 3
b1111000010110010110100000101011 G
b11011101110000000111101010010000 H
b10010110110111110010101111111110 I
b11111111000011011110011011111011 J
b1001011001010000011111100100011110101100001111000101011000001010 L
b1111000010110010110100000101011 /
b10010100100000100000101100100100 7
b10100101100011111100011101110011 6
b11100100011111101110011001001 D
b11111000101001111011001001000101 C
b10101100001111000101011000001010 O
b11100100011111101110011001001 M
b11111000101001111011001001000101 N
b1011010011100000011100010001100 8
b111010000100011101001010010111 9
#5670000
0#
0:
#5675000
1#
1:
b1000110100 2
b1011010011100000011100010001100 ,
b111010000100011101001010010111 -
b10100101100011111100011101110011 0
b10010100100000100000101100100100 1
b1000110100 3
b10101100001111000101011000001010 G
b1111000010110010110100000101011 H
b11111000101001111011001001000101 I
b11100100011111101110011001001 J
b1101110111110000100111001111101111001011010010100010000101101 L
b10101100001111000101011000001010 /
b10011110011001000011100111001 7
b1000011110001110100000100101100 6
b111010000100011101001010010111 D
b1011010011100000011100010001100 C
b1111001011010010100010000101101 O
b111010000100011101001010010111 M
b1011010011100000011100010001100 N
b10111100001110001011111011010011 8
b1010111100100111100100001100101 9
#5680000
0#
0:
#5685000
1#
1:
b1000110101 2
b10111100001110001011111011010011 ,
b1010111100100111100100001100101 -
b1000011110001110100000100101100 0
b10011110011001000011100111001 1
b1000110101 3
b1111001011010010100010000101101 G
b10101100001111000101011000001010 H
b1011010011100000011100010001100 I
b111010000100011101001010010111 J
b1010010000011101110001010100011011111111000000011001010010100 L
b1111001011010010100010000101101 /
b10010011000101110000001101001110 7
b11100001111111101011101011100101 6
b1010111100100111100100001100101 D
b10111100001110001011111011010011 C
b11011111111000000011001010010100 O
b1010111100100111100100001100101 M
b10111100001110001011111011010011 N
b11110000000010100010100011010 8
b1110101000101011011111000110011 9
#5690000
0#
0:
#5695000
1#
1:
b1000110110 2
b11110000000010100010100011010 ,
b1110101000101011011111000110011 -
b11100001111111101011101011100101 0
b10010011000101110000001101001110 1
b1000110110 3
b11011111111000000011001010010100 G
b1111001011010010100010000101101 H
b10111100001110001011111011010011 I
b1010111100100111100100001100101 J
b100000001100011111100001100010111011111101000010010000100111111 L
b11011111111000000011001010010100 /
b10010011000010111111101100011 7
b10000000001101100011010010011110 6
b1110101000101011011111000110011 D
b11110000000010100010100011010 C
b11011111101000010010000100111111 O
b1110101000101011011111000110011 M
b11110000000010100010100011010 N
b1111111110010011100101101100001 8
b10010010100101111011010000000001 9
#5700000
0#
0:
#5705000
1#
1:
b1000110111 2
b1111111110010011100101101100001 ,
b10010010100101111011010000000001 -
b10000000001101100011010010011110 0
b10010011000010111111101100011 1
b1000110111 3
b11011111101000010010000100111111 G
b11011111111000000011001010010100 H
b11110000000010100010100011010 I
b1110101000101011011111000110011 J
b110110111001001000001111101001111000101011000001000000101110 L
b11011111101000010010000100111111 /
b10010001101010111111101101111000 7
b11110011011011010111001010111 6
b10010010100101111011010000000001 D
b1111111110010011100101101100001 C
b1111000101011000001000000101110 O
b10010010100101111011010000000001 M
b1111111110010011100101101100001 N
b11100001100100100101000110101000 8
b10110000000110011010100111001111 9
#5710000
0#
0:
#5715000
1#
1:
b1000111000 2
b11100001100100100101000110101000 ,
b10110000000110011010100111001111 -
b11110011011011010111001010111 0
b10010001101010111111101101111000 1
b1000111000 3
b1111000101011000001000000101110 G
b11011111101000010010000100111111 H
b1111111110010011100101101100001 I
b10010010100101111011010000000001 J
b100100100101100110011111101111010101011000000001111111101100001 L
b1111000101011000001000000101110 /
b10000111101100111011110001101 7
b10111100101001010010100000010000 6
b10110000000110011010100111001111 D
b11100001100100100101000110101000 C
b10101011000000001111111101100001 O
b10110000000110011010100111001111 M
b11100001100100100101000110101000 N
b1000011010110101101011111101111 8
b11001101100110111001111110011101 9
#5720000
0#
0:
#5725000
1#
1:
b1000111001 2
b1000011010110101101011111101111 ,
b11001101100110111001111110011101 -
b10111100101001010010100000010000 0
b10000111101100111011110001101 1
b1000111001 3
b10101011000000001111111101100001 G
b1111000101011000001000000101110 H
b11100001100100100101000110101000 I
b10110000000110011010100111001111 J
b1001101100101011001101010000110101110110100111111110111011011000 L
b10101011000000001111111101100001 /
b10010000010000001111001110100010 7
b1011010110111001010000111001001 6
b11001101100110111001111110011101 D
b1000011010110101101011111101111 C
b1110110100111111110111011011000 O
b11001101100110111001111110011101 M
b1000011010110101101011111101111 N
b10100101001000110101111000110110 8
b11101011000111011001010101101011 9
#5730000
0#
0:
#5735000
1#
1:
b1000111010 2
b10100101001000110101111000110110 ,
b11101011000111011001010101101011 -
b1011010110111001010000111001001 0
b10010000010000001111001110100010 1
b1000111010 3
b1110110100111111110111011011000 G
b10101011000000001111111101100001 H
b1000011010110101101011111101111 I
b11001101100110111001111110011101 J
b11011000011000101100001110100111011011100010001101111010010011 L
b1110110100111111110111011011000 /
b1111100010110110111110110111 7
b11111001000101000001101110000010 6
b11101011000111011001010101101011 D
b10100101001000110101111000110110 C
b11011011100010001101111010010011 O
b11101011000111011001010101101011 M
b10100101001000110101111000110110 N
b110111010111110010001111101 8
b1000100111111000101100111001 9
#5740000
0#
0:
#5745000
1#
1:
b1000111011 2
b110111010111110010001111101 ,
b1000100111111000101100111001 -
b11111001000101000001101110000010 0
b1111100010110110111110110111 1
b1000111011 3
b11011011100010001101111010010011 G
b1110110100111111110111011011000 H
b10100101001000110101111000110110 I
b11101011000111011001010101101011 J
b1001011110101010100011001101111111011001101110111100111010010010 L
b11011011100010001101111010010011 /
b10001110110101011110101111001100 7
b10010111010010111001010100111011 6
b1000100111111000101100111001 D
b110111010111110010001111101 C
b11011001101110111100111010010010 O
b1000100111111000101100111001 M
b110111010111110010001111101 N
b1101000101101000110101011000100 8
b100110001000011000000100000111 9
#5750000
0#
0:
#5755000
1#
1:
b1000111100 2
b1101000101101000110101011000100 ,
b100110001000011000000100000111 -
b10010111010010111001010100111011 0
b10001110110101011110101111001100 1
b1000111100 3
b11011001101110111100111010010010 G
b11011011100010001101111010010011 H
b110111010111110010001111101 I
b1000100111111000101100111001 J
b111011101011110110101001110001001110001011111011010101 L
b11011001101110111100111010010010 /
b1110001000000110011111100001 7
b110101100000110000111011110100 6
b100110001000011000000100000111 D
b1101000101101000110101011000100 C
b1110001001110001011111011010101 O
b100110001000011000000100000111 M
b1101000101101000110101011000100 N
b11001010011111001111000100001011 8
b1000011101000110111011011010101 9
#5760000
0#
0:
#5765000
1#
1:
b1000111101 2
b11001010011111001111000100001011 ,
b1000011101000110111011011010101 -
b110101100000110000111011110100 0
b1110001000000110011111100001 1
b1000111101 3
b1110001001110001011111011010101 G
b11011001101110111100111010010010 H
b1101000101101000110101011000100 I
b100110001000011000000100000111 J
b111110011000011110111110000010100001111111111010111101011100 L
b1110001001110001011111011010101 /
b10001101011010101110001111110110 7
b11010011101110101000100010101101 6
b1000011101000110111011011010101 D
b11001010011111001111000100001011 C
b10100001111111111010111101011100 O
b1000011101000110111011011010101 M
b11001010011111001111000100001011 N
b101100010001010111011101010010 8
b1100001001001010110110010100011 9
#5770000
0#
0:
#5775000
1#
1:
b1000111110 2
b101100010001010111011101010010 ,
b1100001001001010110110010100011 -
b11010011101110101000100010101101 0
b10001101011010101110001111110110 1
b1000111110 3
b10100001111111111010111101011100 G
b1110001001110001011111011010101 H
b11001010011111001111000100001011 I
b1000011101000110111011011010101 J
b11010101111111111111101010000101101100000100001010000000100111 L
b10100001111111111010111101011100 /
b1100101101010110000000001011 7
b1110001111100100000001001100110 6
b1100001001001010110110010100011 D
b101100010001010111011101010010 C
b1101100000100001010000000100111 O
b1100001001001010110110010100011 M
b101100010001010111011101010010 N
b10001110000011011111110110011001 8
b1111110101001110110001001110001 9
#5780000
0#
0:
#5785000
1#
1:
b1000111111 2
b10001110000011011111110110011001 ,
b1111110101001110110001001110001 -
b1110001111100100000001001100110 0
b1100101101010110000000001011 1
b1000111111 3
b1101100000100001010000000100111 G
b10100001111111111010111101011100 H
b101100010001010111011101010010 I
b1100001001001010110110010100011 J
b1000011001100110010110000100111001111011010111001000100110110 L
b1101100000100001010000000100111 /
b10001011111111111101110000100000 7
b10000001010010111110000011111 6
b1111110101001110110001001110001 D
b10001110000011011111110110011001 C
b11001111011010111001000100110110 O
b1111110101001110110001001110001 M
b10001110000011011111110110011001 N
b11101111110101101000001111100000 8
b10011100001010010101100000111111 9
#5790000
0#
0:
#5795000
1#
1:
b1001000000 2
b11101111110101101000001111100000 ,
b10011100001010010101100000111111 -
b10000001010010111110000011111 0
b10001011111111111101110000100000 1
b1001000000 3
b11001111011010111001000100110110 G
b1101100000100001010000000100111 H
b10001110000011011111110110011001 I
b1111110101001110110001001110001 J
b100011001000111110001001001000111001100000100001000001010001001 L
b11001111011010111001000100110110 /
b1011010010100101100000110101 7
b10101110011000001111010111011000 6
b10011100001010010101100000111111 D
b11101111110101101000001111100000 C
b11001100000100001000001010001001 O
b10011100001010010101100000111111 M
b11101111110101101000001111100000 N
b1010001100111110000101000100111 8
b10111001101010110100111000001101 9
#5800000
0#
0:
#5805000
1#
1:
b1001000001 2
b1010001100111110000101000100111 ,
b10111001101010110100111000001101 -
b10101110011000001111010111011000 0
b1011010010100101100000110101 1
b1001000001 3
b11001100000100001000001010001001 G
b11001111011010111001000100110110 H
b11101111110101101000001111100000 I
b10011100001010010101100000111111 J
b1001001001001101011101000110010001100001111111110111010000100000 L
b11001100000100001000001010001001 /
b10001010100101001101010001001010 7
b1001100100110000110111110010001 6
b10111001101010110100111000001101 D
b1010001100111110000101000100111 C
b1100001111111110111010000100000 O
b10111001101010110100111000001101 M
b1010001100111110000101000100111 N
b10110011011001111001000001101110 8
b11010111001011010100001111011011 9
#5810000
0#
0:
#5815000
1#
1:
b1001000010 2
b10110011011001111001000001101110 ,
b11010111001011010100001111011011 -
b1001100100110000110111110010001 0
b10001010100101001101010001001010 1
b1001000010 3
b1100001111111110111010000100000 G
b11001100000100001000001010001001 H
b1010001100111110000101000100111 I
b10111001101010110100111000001101 J
b11101100110010100011000111010010010001001110000110010111111011 L
b1100001111111110111010000100000 /
b1001110111110101000001011111 7
b11101010110011111110100101001010 6
b11010111001011010100001111011011 D
b10110011011001111001000001101110 C
b10010001001110000110010111111011 O
b11010111001011010100001111011011 M
b10110011011001111001000001101110 N
b10101001100000001011010110101 8
b11110100101011110011100110101001 9
#5820000
0#
0:
#5825000
1#
1:
b1001000011 2
b10101001100000001011010110101 ,
b11110100101011110011100110101001 -
b11101010110011111110100101001010 0
b1001110111110101000001011111 1
b1001000011 3
b10010001001110000110010111111011 G
b1100001111111110111010000100000 H
b10110011011001111001000001101110 I
b11010111001011010100001111011011 J
b1001011011001011101100110000111001011001101110110101100000011010 L
b10010001001110000110010111111011 /
b10001001001010011100110001110100 7
b10001001000001110110001100000011 6
b11110100101011110011100110101001 D
b10101001100000001011010110101 C
b1011001101110110101100000011010 O
b11110100101011110011100110101001 M
b10101001100000001011010110101 N
b1110110111110001001110011111100 8
b10010001100010010111101110111 9
#5830000
0#
0:
#5835000
1#
1:
b1001000100 2
b1110110111110001001110011111100 ,
b10010001100010010111101110111 -
b10001001000001110110001100000011 0
b10001001001010011100110001110100 1
b1001000100 3
b1011001101110110101100000011010 G
b10010001001110000110010111111011 H
b10101001100000001011010110101 I
b11110100101011110011100110101001 J
b1010001000000010101100100100110111011100010000100101001111101 L
b1011001101110110101100000011010 /
b1000011101000100100010001001 7
b100111001111101101110010111100 6
b10010001100010010111101110111 D
b1110110111110001001110011111100 C
b10111011100010000100101001111101 O
b10010001100010010111101110111 M
b1110110111110001001110011111100 N
b11011000110000010010001101000011 8
b101111101100110010010101000101 9
#5840000
0#
0:
#5845000
1#
1:
b1001000101 2
b11011000110000010010001101000011 ,
b101111101100110010010101000101 -
b100111001111101101110010111100 0
b1000011101000100100010001001 1
b1001000101 3
b10111011100010000100101001111101 G
b1011001101110110101100000011010 H
b1110110111110001001110011111100 I
b10010001100010010111101110111 J
b100001110100010101101010111010110110100111110011110100100100 L
b10111011100010000100101001111101 /
b10000111101111101100010010011110 7
b11000101011101100101011001110101 6
b101111101100110010010101000101 D
b11011000110000010010001101000011 C
b10110110100111110011110100100100 O
b101111101100110010010101000101 M
b11011000110000010010001101000011 N
b111010100010011010100110001010 8
b1001101001101010001101100010011 9
#5850000
0#
0:
#5855000
1#
1:
b1001000110 2
b111010100010011010100110001010 ,
b1001101001101010001101100010011 -
b11000101011101100101011001110101 0
b10000111101111101100010010011110 1
b1001000110 3
b10110110100111110011110100100100 G
b10111011100010000100101001111101 H
b11011000110000010010001101000011 I
b101111101100110010010101000101 J
b10100001100011001001000001001101001011000000000011000000001111 L
b10110110100111110011110100100100 /
b111000010010100000010110011 7
b1100011101011011101000000101110 6
b1001101001101010001101100010011 D
b111010100010011010100110001010 C
b1001011000000000011000000001111 O
b1001101001101010001101100010011 M
b111010100010011010100110001010 N
b10011100010100100010111111010001 8
b1101010101101110001000011100001 9
#5860000
0#
0:
#5865000
1#
1:
b1001000111 2
b10011100010100100010111111010001 ,
b1101010101101110001000011100001 -
b1100011101011011101000000101110 0
b111000010010100000010110011 1
b1001000111 3
b1001011000000000011000000001111 G
b10110110100111110011110100100100 H
b111010100010011010100110001010 I
b1001101001101010001101100010011 J
b1000110100111100011001010111101111000101010110010001100111110 L
b1001011000000000011000000001111 /
b10000110010100111011110011001000 7
b1111001010100100111100111 6
b1101010101101110001000011100001 D
b10011100010100100010111111010001 C
b1111000101010110010001100111110 O
b1101010101101110001000011100001 M
b10011100010100100010111111010001 N
b11111110000110101011011000011000 8
b10001000001110010000011010101111 9
#5870000
0#
0:
#5875000
1#
1:
b1001001000 2
b11111110000110101011011000011000 ,
b10001000001110010000011010101111 -
b1111001010100100111100111 0
b10000110010100111011110011001000 1
b1001001000 3
b1111000101010110010001100111110 G
b1001011000000000011000000001111 H
b10011100010100100010111111010001 I
b1101010101101110001000011100001 J
b100000100101001110100001101101100111111101000000001011010110001 L
b1111000101010110010001100111110 /
b101100111100011100011011101 7
b10100000000111001100001110100000 6
b10001000001110010000011010101111 D
b11111110000110101011011000011000 C
b111111101000000001011010110001 O
b10001000001110010000011010101111 M
b11111110000110101011011000011000 N
b1011111111000110011110001011111 8
b10100101101110101111110001111101 9
#5880000
0#
0:
#5885000
1#
1:
b1001001001 2
b1011111111000110011110001011111 ,
b10100101101110101111110001111101 -
b10100000000111001100001110100000 0
b101100111100011100011011101 1
b1001001001 3
b111111101000000001011010110001 G
b1111000101010110010001100111110 H
b11111110000110101011011000011000 I
b10001000001110010000011010101111 J
b1000011100110110110010110101000110011111110111110000101001101000 L
b111111101000000001011010110001 /
b10000100111010001011010011110010 7
b111110010101000011110101011001 6
b10100101101110101111110001111101 D
b1011111111000110011110001011111 C
b10011111110111110000101001101000 O
b10100101101110101111110001111101 M
b1011111111000110011110001011111 N
b11000001101010111100001010100110 8
b11000011001111001111001001001011 9
#5890000
0#
0:
#5895000
1#
1:
b1001001010 2
b11000001101010111100001010100110 ,
b11000011001111001111001001001011 -
b111110010101000011110101011001 0
b10000100111010001011010011110010 1
b1001001010 3
b10011111110111110000101001101000 G
b111111101000000001011010110001 H
b1011111111000110011110001011111 I
b10100101101110101111110001111101 J
b11111000010011011111111001010110011001011001111111111001100011 L
b10011111110111110000101001101000 /
b100001100110011000100000111 7
b11011100100010111011011100010010 6
b11000011001111001111001001001011 D
b11000001101010111100001010100110 C
b10011001011001111111111001100011 O
b11000011001111001111001001001011 M
b11000001101010111100001010100110 N
b100011011101000100100011101101 8
b11100000101111101110100000011001 9
#5900000
0#
0:
#5905000
1#
1:
b1001001011 2
b100011011101000100100011101101 ,
b11100000101111101110100000011001 -
b11011100100010111011011100010010 0
b100001100110011000100000111 1
b1001001011 3
b10011001011001111111111001100011 G
b10011111110111110000101001101000 H
b11000001101010111100001010100110 I
b11000011001111001111001001001011 J
b1001001110110011111100001101001100101100001110101111001010100010 L
b10011001011001111111111001100011 /
b10000011011111011010110100011100 7
b1111010110000110011000011001011 6
b11100000101111101110100000011001 D
b100011011101000100100011101101 C
b101100001110101111001010100010 O
b11100000101111101110100000011001 M
b100011011101000100100011101101 N
b10000101001111001100111100110100 8
b11111110010000001101110111100111 9
#5910000
0#
0:
#5915000
1#
1:
b1001001100 2
b10000101001111001100111100110100 ,
b11111110010000001101110111100111 -
b1111010110000110011000011001011 0
b10000011011111011010110100011100 1
b1001001100 3
b101100001110101111001010100010 G
b10011001011001111111111001100011 H
b100011011101000100100011101101 I
b11100000101111101110100000011001 J
b1111100100000001100000100001001011000010101111110011100100101 L
b101100001110101111001010100010 /
b10110010000010100100110001 7
b11000111110101010101010000100 6
b11111110010000001101110111100111 D
b10000101001111001100111100110100 C
b1011000010101111110011100100101 O
b11111110010000001101110111100111 M
b10000101001111001100111100110100 N
b11100111000001010101010101111011 8
b11011110000101101001110110101 9
#5920000
0#
0:
#5925000
1#
1:
b1001001101 2
b11100111000001010101010101111011 ,
b11011110000101101001110110101 -
b11000111110101010101010000100 0
b10110010000010100100110001 1
b1001001101 3
b1011000010101111110011100100101 G
b101100001110101111001010100010 H
b10000101001111001100111100110100 I
b11111110010000001101110111100111 J
b1000010001010100000110000100011100011101101111101101101111101100 L
b1011000010101111110011100100101 /
b10000010000100101010010101000110 7
b10110111001100100010010000111101 6
b11011110000101101001110110101 D
b11100111000001010101010101111011 C
b11101101111101101101111101100 O
b11011110000101101001110110101 M
b11100111000001010101010101111011 N
b1001000110011011101101111000010 8
b111001010001001100100110000011 9
#5930000
0#
0:
#5935000
1#
1:
b1001001110 2
b1001000110011011101101111000010 ,
b111001010001001100100110000011 -
b10110111001100100010010000111101 0
b10000010000100101010010101000110 1
b1001001110 3
b11101101111101101101111101100 G
b1011000010101111110011100100101 H
b11100111000001010101010101111011 I
b11011110000101101001110110101 J
b1100100001101011000010001101101111100011011111101000011110111 L
b11101101111101101101111101100 /
b1010111010010000101011011 7
b1010101011010011001110111110110 6
b111001010001001100100110000011 D
b1001000110011011101101111000010 C
b1111100011011111101000011110111 O
b111001010001001100100110000011 M
b1001000110011011101101111000010 N
b10101010100101100110001000001001 8
b1010110110001101011111101010001 9
#5940000
0#
0:
#5945000
1#
1:
b1001001111 2
b10101010100101100110001000001001 ,
b1010110110001101011111101010001 -
b1010101011010011001110111110110 0
b1010111010010000101011011 1
b1001001111 3
b1111100011011111101000011110111 G
b11101101111101101101111101100 H
b1001000110011011101101111000010 I
b111001010001001100100110000011 J
b1000001001001011001011110101101110100011010101100011001000110 L
b1111100011011111101000011110111 /
b10000000101001111001110101110000 7
b11110011101000010001011110101111 6
b1010110110001101011111101010001 D
b10101010100101100110001000001001 C
b1110100011010101100011001000110 O
b1010110110001101011111101010001 M
b10101010100101100110001000001001 N
b1100010111101110100001010000 8
b1110100010010001011010100011111 9
#5950000
0#
0:
#5955000
1#
1:
b1001010000 2
b1100010111101110100001010000 ,
b1110100010010001011010100011111 -
b11110011101000010001011110101111 0
b10000000101001111001110101110000 1
b1001010000 3
b1110100011010101100011001000110 G
b1111100011011111101000011110111 H
b10101010100101100110001000001001 I
b1010110110001101011111101010001 J
b11100111010010111101001011101100000101101011111011101111011001 L
b1110100011010101100011001000110 /
b11111111111100100001100110000101 7
b10010001110110001001000101101000 6
b1110100010010001011010100011111 D
b1100010111101110100001010000 C
b101101011111011101111011001 O
b1110100010010001011010100011111 M
b1100010111101110100001010000 N
b1101110001001110110111010010111 8
b10010001110010101010101011101101 9
#5960000
0#
0:
#5965000
1#
1:
b1001010001 2
b1101110001001110110111010010111 ,
b10010001110010101010101011101101 -
b10010001110110001001000101101000 0
b11111111111100100001100110000101 1
b1001010001 3
b101101011111011101111011001 G
b1110100011010101100011001000110 H
b1100010111101110100001010000 I
b1110100010010001011010100011111 J
b10110011110100001001011011000110000001111101011000110110000 L
b101101011111011101111011001 /
b1111111001111001001010110011010 7
b110000000100000000101100100001 6
b10010001110010101010101011101101 D
b1101110001001110110111010010111 C
b110000001111101011000110110000 O
b10010001110010101010101011101101 M
b1101110001001110110111010010111 N
b11001111111011111111010011011110 8
b10101111010011001010000010111011 9
#5970000
0#
0:
#5975000
1#
1:
b1001010010 2
b11001111111011111111010011011110 ,
b10101111010011001010000010111011 -
b110000000100000000101100100001 0
b1111111001111001001010110011010 1
b1001010010 3
b110000001111101011000110110000 G
b101101011111011101111011001 H
b1101110001001110110111010010111 I
b10010001110010101010101011101101 J
b11111010111011100010100100110011110100000101111010011111001011 L
b110000001111101011000110110000 /
b11111110100001110001000110101111 7
b11001110010001111000010011011010 6
b10101111010011001010000010111011 D
b11001111111011111111010011011110 C
b11110100000101111010011111001011 O
b10101111010011001010000010111011 M
b11001111111011111111010011011110 N
b110001101110000111101100100101 8
b11001100110011101001011010001001 9
#5980000
0#
0:
#5985000
1#
1:
b1001010011 2
b110001101110000111101100100101 ,
b11001100110011101001011010001001 -
b11001110010001111000010011011010 0
b11111110100001110001000110101111 1
b1001010011 3
b11110100000101111010011111001011 G
b110000001111101011000110110000 H
b11001111111011111111010011011110 I
b10101111010011001010000010111011 J
b1000111001100011010001100010111001010001001110101001111000101010 L
b11110100000101111010011111001011 /
b1111101110100011000110111000100 7
b1101100011111101111111010010011 6
b11001100110011101001011010001001 D
b110001101110000111101100100101 C
b1010001001110101001111000101010 O
b11001100110011101001011010001001 M
b110001101110000111101100100101 N
b10010011100000010000000101101100 8
b11101010010100001000110001010111 9
#5990000
0#
0:
#5995000
1#
1:
b1001010100 2
b10010011100000010000000101101100 ,
b11101010010100001000110001010111 -
b1101100011111101111111010010011 0
b1111101110100011000110111000100 1
b1001010100 3
b1010001001110101001111000101010 G
b11110100000101111010011111001011 H
b110001101110000111101100100101 I
b11001100110011101001011010001001 J
b10011111000111001000011101000101000111101001111001010011001101 L
b1010001001110101001111000101010 /
b11111101000111000000100111011001 7
b1010101101100111100001001100 6
b11101010010100001000110001010111 D
b10010011100000010000000101101100 C
b1000111101001111001010011001101 O
b11101010010100001000110001010111 M
b10010011100000010000000101101100 N
b11110101010010011000011110110011 8
b111110100101000001000100101 9
#6000000
0#
0:
#6005000
1#
1:
b1001010101 2
b11110101010010011000011110110011 ,
b111110100101000001000100101 -
b1010101101100111100001001100 0
b11111101000111000000100111011001 1
b1001010101 3
b1000111101001111001010011001101 G
b1010001001110101001111000101010 H
b10010011100000010000000101101100 I
b11101010010100001000110001010111 J
b1000011100000010010101000111100111010111010111101000101110110100 L
b1000111101001111001010011001101 /
b1111100011001101000010111101110 7
b10101000111011011111001000000101 6
b111110100101000001000100101 D
b11110101010010011000011110110011 C
b11010111010111101000101110110100 O
b111110100101000001000100101 M
b11110101010010011000011110110011 N
b1010111000100100000110111111010 8
b100101010101000111011111110011 9
#6010000
0#
0:
#6015000
1#
1:
b1001010110 2
b1010111000100100000110111111010 ,
b100101010101000111011111110011 -
b10101000111011011111001000000101 0
b1111100011001101000010111101110 1
b1001010110 3
b11010111010111101000101110110100 G
b1000111101001111001010011001101 H
b11110101010010011000011110110011 I
b111110100101000001000100101 J
b11101111110101101011011101000000000010111111000001011011111 L
b11010111010111101000101110110100 /
b11111011101100010000001000000011 7
b1000111001001010110101110111110 6
b100101010101000111011111110011 D
b1010111000100100000110111111010 C
b10111111000001011011111 O
b100101010101000111011111110011 M
b1010111000100100000110111111010 N
b10111000110110101001010001000001 8
b1000010110101100110110111000001 9
#6020000
0#
0:
#6025000
1#
1:
b1001010111 2
b10111000110110101001010001000001 ,
b1000010110101100110110111000001 -
b1000111001001010110101110111110 0
b11111011101100010000001000000011 1
b1001010111 3
b10111111000001011011111 G
b11010111010111101000101110110100 H
b1010111000100100000110111111010 I
b100101010101000111011111110011 J
b110010110010010101101011110111000010101010100111101001001110 L
b10111111000001011011111 /
b1111010111110110111111000011000 7
b11100101010111001110010101110111 6
b1000010110101100110110111000001 D
b10111000110110101001010001000001 C
b11000010101010100111101001001110 O
b1000010110101100110110111000001 M
b10111000110110101001010001000001 N
b11010101000110001101010001000 8
b1100000010110000110001110001111 9
#6030000
0#
0:
#6035000
1#
1:
b1001011000 2
b11010101000110001101010001000 ,
b1100000010110000110001110001111 -
b11100101010111001110010101110111 0
b1111010111110110111111000011000 1
b1001011000 3
b11000010101010100111101001001110 G
b10111111000001011011111 H
b10111000110110101001010001000001 I
b1000010110101100110110111000001 J
b11000001000011001100000011000100011110001111110111001000000001 L
b11000010101010100111101001001110 /
b11111010010001011111101000101101 7
b10000011100101000101111100110000 6
b1100000010110000110001110001111 D
b11010101000110001101010001000 C
b11110001111110111001000000001 O
b1100000010110000110001110001111 M
b11010101000110001101010001000 N
b1111100011010111010000011001111 8
b1111101110110100101100101011101 9
#6040000
0#
0:
#6045000
1#
1:
b1001011001 2
b1111100011010111010000011001111 ,
b1111101110110100101100101011101 -
b10000011100101000101111100110000 0
b11111010010001011111101000101101 1
b1001011001 3
b11110001111110111001000000001 G
b11000010101010100111101001001110 H
b11010101000110001101010001000 I
b1100000010110000110001110001111 J
b101000000110010111000110000000010011000111100110100111111000 L
b11110001111110111001000000001 /
b1111001100100000111011001000010 7
b100001110010111101100011101001 6
b1111101110110100101100101011101 D
b1111100011010111010000011001111 C
b10011000111100110100111111000 O
b1111101110110100101100101011101 M
b1111100011010111010000011001111 N
b11011110001101000010011100010110 8
b10011011010111000100111100101011 9
#6050000
0#
0:
#6055000
1#
1:
b1001011010 2
b11011110001101000010011100010110 ,
b10011011010111000100111100101011 -
b100001110010111101100011101001 0
b1111001100100000111011001000010 1
b1001011010 3
b10011000111100110100111111000 G
b11110001111110111001000000001 H
b1111100011010111010000011001111 I
b1111101110110100101100101011101 J
b11110100101010101011001001101010100001010001110110001000110011 L
b10011000111100110100111111000 /
b11111000110110101111001001010111 7
b11000000000000110101001010100010 6
b10011011010111000100111100101011 D
b11011110001101000010011100010110 C
b10100001010001110110001000110011 O
b10011011010111000100111100101011 M
b11011110001101000010011100010110 N
b111111111111001010110101011101 8
b10111000110111100100010011111001 9
#6060000
0#
0:
#6065000
1#
1:
b1001011011 2
b111111111111001010110101011101 ,
b10111000110111100100010011111001 -
b11000000000000110101001010100010 0
b11111000110110101111001001010111 1
b1001011011 3
b10100001010001110110001000110011 G
b10011000111100110100111111000 H
b11011110001101000010011100010110 I
b10011011010111000100111100101011 J
b1000011011011001101100110001111111001000101110100101101010110010 L
b10100001010001110110001000110011 /
b1111000001001010110111001101100 7
b1011110001110101100110001011011 6
b10111000110111100100010011111001 D
b111111111111001010110101011101 C
b11001000101110100101101010110010 O
b10111000110111100100010011111001 M
b111111111111001010110101011101 N
b10100001110001010011001110100100 8
b11010110011000000011101011000111 9
#6070000
0#
0:
#6075000
1#
1:
b1001011100 2
b10100001110001010011001110100100 ,
b11010110011000000011101011000111 -
b1011110001110101100110001011011 0
b1111000001001010110111001101100 1
b1001011100 3
b11001000101110100101101010110010 G
b10100001010001110110001000110011 H
b111111111111001010110101011101 I
b10111000110111100100010011111001 J
b10111000110101001010101111011010001001011101110101001101110101 L
b11001000101110100101101010110010 /
b11110111011011111110101010000001 7
b11111100011100100100011000010100 6
b11010110011000000011101011000111 D
b10100001110001010011001110100100 C
b10001001011101110101001101110101 O
b11010110011000000011101011000111 M
b10100001110001010011001110100100 N
b11100011011011100111101011 8
b11110011111000100011000010010101 9
#6080000
0#
0:
#6085000
1#
1:
b1001011101 2
b11100011011011100111101011 ,
b11110011111000100011000010010101 -
b11111100011100100100011000010100 0
b11110111011011111110101010000001 1
b1001011101 3
b10001001011101110101001101110101 G
b11001000101110100101101010110010 H
b10100001110001010011001110100100 I
b11010110011000000011101011000111 J
b1000011101110111101010000100001011100011011111100100110001111100 L
b10001001011101110101001101110101 /
b1110110101110100110011010010110 7
b10011010101010011011111111001101 6
b11110011111000100011000010010101 D
b11100011011011100111101011 C
b11100011011111100100110001111100 O
b11110011111000100011000010010101 M
b11100011011011100111101011 N
b1100101010101100100000000110010 8
b10001011001000010011001100011 9
#6090000
0#
0:
#6095000
1#
1:
b1001011110 2
b1100101010101100100000000110010 ,
b10001011001000010011001100011 -
b10011010101010011011111111001101 0
b1110110101110100110011010010110 1
b1001011110 3
b11100011011111100100110001111100 G
b10001001011101110101001101110101 H
b11100011011011100111101011 I
b11110011111000100011000010010101 J
b1101100010101010110100010011010110110011110100010111000111 L
b11100011011111100100110001111100 /
b11110110000001001110001010101011 7
b111000111000010011100110000110 6
b10001011001000010011001100011 D
b1100101010101100100000000110010 C
b11010110110011110100010111000111 O
b10001011001000010011001100011 M
b1100101010101100100000000110010 N
b11000111000111101100011001111001 8
b101110111001100001110000110001 9
#6100000
0#
0:
#6105000
1#
1:
b1001011111 2
b11000111000111101100011001111001 ,
b101110111001100001110000110001 -
b111000111000010011100110000110 0
b11110110000001001110001010101011 1
b1001011111 3
b11010110110011110100010111000111 G
b11100011011111100100110001111100 H
b1100101010101100100000000110010 I
b10001011001000010011001100011 J
b11011100010010111110010011001100011011010100011111101010110 L
b11010110110011110100010111000111 /
b1110101010011110101111011000000 7
b11010111000110001011001100111111 6
b101110111001100001110000110001 D
b11000111000111101100011001111001 C
b1100011011010100011111101010110 O
b101110111001100001110000110001 M
b11000111000111101100011001111001 N
b101000111001110100110011000000 8
b1001100011010000001000111111111 9
#6110000
0#
0:
#6115000
1#
1:
b1001100000 2
b101000111001110100110011000000 ,
b1001100011010000001000111111111 -
b11010111000110001011001100111111 0
b1110101010011110101111011000000 1
b1001100000 3
b1100011011010100011111101010110 G
b11010110110011110100010111000111 H
b11000111000111101100011001111001 I
b101110111001100001110000110001 J
b10010001111010100000110011110110001001010011110011100100101001 L
b1100011011010100011111101010110 /
b11110100100110011101101011010101 7
b1110101010100000010110011111000 6
b1001100011010000001000111111111 D
b101000111001110100110011000000 C
b10001001010011110011100100101001 O
b1001100011010000001000111111111 M
b101000111001110100110011000000 N
b10001010101011111101001100000111 8
b1101001111010100000011111001101 9
#6120000
0#
0:
#6125000
1#
1:
b1001100001 2
b10001010101011111101001100000111 ,
b1101001111010100000011111001101 -
b1110101010100000010110011111000 0
b11110100100110011101101011010101 1
b1001100001 3
b10001001010011110011100100101001 G
b1100011011010100011111101010110 H
b101000111001110100110011000000 I
b1001100011010000001000111111111 J
b110000110101010010111010000001001000011111100011001101000000 L
b10001001010011110011100100101001 /
b1110011111001000101011011101010 7
b10011100001111010011010110001 6
b1101001111010100000011111001101 D
b10001010101011111101001100000111 C
b1001000011111100011001101000000 O
b1101001111010100000011111001101 M
b10001010101011111101001100000111 N
b11101100011110000101100101001110 8
b10000111011010111111110110011011 9
#6130000
0#
0:
#6135000
1#
1:
b1001100010 2
b11101100011110000101100101001110 ,
b10000111011010111111110110011011 -
b10011100001111010011010110001 0
b1110011111001000101011011101010 1
b1001100010 3
b1001000011111100011001101000000 G
b10001001010011110011100100101001 H
b10001010101011111101001100000111 I
b1101001111010100000011111001101 J
b11100101100000111001100111111010100000111101110010110110011011 L
b1001000011111100011001101000000 /
b11110011001011101101001011111111 7
b10110001101111110010000001101010 6
b10000111011010111111110110011011 D
b11101100011110000101100101001110 C
b10100000111101110010110110011011 O
b10000111011010111111110110011011 M
b11101100011110000101100101001110 N
b1001110010000001101111110010101 8
b10100100111011011111001101101001 9
#6140000
0#
0:
#6145000
1#
1:
b1001100011 2
b1001110010000001101111110010101 ,
b10100100111011011111001101101001 -
b10110001101111110010000001101010 0
b11110011001011101101001011111111 1
b1001100011 3
b10100000111101110010110110011011 G
b1001000011111100011001101000000 H
b11101100011110000101100101001110 I
b10000111011010111111110110011011 J
b111110100010111001101111010011110010010101110100010100000111010 L
b10100000111101110010110110011011 /
b1110010011110010100111100010100 7
b1001111111101101001101000100011 6
b10100100111011011111001101101001 D
b1001110010000001101111110010101 C
b10010010101110100010100000111010 O
b10100100111011011111001101101001 M
b1001110010000001101111110010101 N
b10110000000010010110010111011100 8
b11000010011011111110100100110111 9
#6150000
0#
0:
#6155000
1#
1:
b1001100100 2
b10110000000010010110010111011100 ,
b11000010011011111110100100110111 -
b1001111111101101001101000100011 0
b1110010011110010100111100010100 1
b1001100100 3
b10010010101110100010100000111010 G
b10100000111101110010110110011011 H
b1001110010000001101111110010101 I
b10100100111011011111001101101001 J
b11001001101010010010111011001000011101110001110010001100011101 L
b10010010101110100010100000111010 /
b11110001110000111100101100101001 7
b11101110001011100001001111011100 6
b11000010011011111110100100110111 D
b10110000000010010110010111011100 C
b11101110001110010001100011101 O
b11000010011011111110100100110111 M
b10110000000010010110010111011100 N
b10001110100011110110000100011 8
b11011111111100011101111100000101 9
#6160000
0#
0:
#6165000
1#
1:
b1001100101 2
b10001110100011110110000100011 ,
b11011111111100011101111100000101 -
b11101110001011100001001111011100 0
b11110001110000111100101100101001 1
b1001100101 3
b11101110001110010001100011101 G
b10010010101110100010100000111010 H
b10110000000010010110010111011100 I
b11000010011011111110100100110111 J
b1000010110110100000100111010001001000010000111100001111001000100 L
b11101110001110010001100011101 /
b1110001000011100100011100111110 7
b10001100011001011000110110010101 6
b11011111111100011101111100000101 D
b10001110100011110110000100011 C
b1000010000111100001111001000100 O
b11011111111100011101111100000101 M
b10001110100011110110000100011 N
b1110011100110100111001001101010 8
b11111101011100111101010011010011 9
#6170000
0#
0:
#6175000
1#
1:
b1001100110 2
b1110011100110100111001001101010 ,
b11111101011100111101010011010011 -
b10001100011001011000110110010101 0
b1110001000011100100011100111110 1
b1001100110 3
b1000010000111100001111001000100 G
b11101110001110010001100011101 H
b10001110100011110110000100011 I
b11011111111100011101111100000101 J
b111110010110101100101101011111111111101111110001100110101111 L
b1000010000111100001111001000100 /
b11110000010110001100001101010011 7
b101010100111010000011101001110 6
b11111101011100111101010011010011 D
b1110011100110100111001001101010 C
b11111111101111110001100110101111 O
b11111101011100111101010011010011 M
b1110011100110100111001001101010 N
b11010101011000101111100010110001 8
b11010111101011100101010100001 9
#6180000
0#
0:
#6185000
1#
1:
b1001100111 2
b11010101011000101111100010110001 ,
b11010111101011100101010100001 -
b101010100111010000011101001110 0
b11110000010110001100001101010011 1
b1001100111 3
b11111111101111110001100110101111 G
b1000010000111100001111001000100 H
b1110011100110100111001001101010 I
b11111101011100111101010011010011 J
b111001001110011111100011000111101010110101010100001010101011110 L
b11111111101111110001100110101111 /
b1101111101000110011111101101000 7
b11001000110101001000000100000111 6
b11010111101011100101010100001 D
b11010101011000101111100010110001 C
b1010110101010100001010101011110 O
b11010111101011100101010100001 M
b11010101011000101111100010110001 N
b110111001010110111111011111000 8
b111000011101111100000001101111 9
#6190000
0#
0:
#6195000
1#
1:
b1001101000 2
b110111001010110111111011111000 ,
b111000011101111100000001101111 -
b11001000110101001000000100000111 0
b1101111101000110011111101101000 1
b1001101000 3
b1010110101010100001010101011110 G
b11111111101111110001100110101111 H
b11010101011000101111100010110001 I
b11010111101011100101010100001 J
b1011001111000111011011110000001000110110111110001000101010001 L
b1010110101010100001010101011110 /
b11101110111011011011101101111101 7
b1100111000010111111101011000000 6
b111000011101111100000001101111 D
b110111001010110111111011111000 C
b1000110110111110001000101010001 O
b111000011101111100000001101111 M
b110111001010110111111011111000 N
b10011000111101000000010100111111 8
b1010101111110011011011000111101 9
#6200000
0#
0:
#6205000
1#
1:
b1001101001 2
b10011000111101000000010100111111 ,
b1010101111110011011011000111101 -
b1100111000010111111101011000000 0
b11101110111011011011101101111101 1
b1001101001 3
b1000110110111110001000101010001 G
b1010110101010100001010101011110 H
b110111001010110111111011111000 I
b111000011101111100000001101111 J
b110000101011010100100111011011010000010111100000110110001000 L
b1000110110111110001000101010001 /
b1101110001110000011011110010010 7
b101010000110111010001111001 6
b1010101111110011011011000111101 D
b10011000111101000000010100111111 C
b11010000010111100000110110001000 O
b1010101111110011011011000111101 M
b10011000111101000000010100111111 N
b11111010101111001000101110000110 8
b1110011011110111010110000001011 9
#6210000
0#
0:
#6215000
1#
1:
b1001101010 2
b11111010101111001000101110000110 ,
b1110011011110111010110000001011 -
b101010000110111010001111001 0
b1101110001110000011011110010010 1
b1001101010 3
b11010000010111100000110110001000 G
b1000110110111110001000101010001 H
b10011000111101000000010100111111 I
b1010101111110011011011000111101 J
b11001101011110001101111111100011110011001001110000101000000011 L
b11010000010111100000110110001000 /
b11101101100000101011001110100111 7
b10100011011110101110111000110010 6
b1110011011110111010110000001011 D
b11111010101111001000101110000110 C
b11110011001001110000101000000011 O
b1110011011110111010110000001011 M
b11111010101111001000101110000110 N
b1011100100001010001000111001101 8
b10010000111111011010000111011001 9
#6220000
0#
0:
#6225000
1#
1:
b1001101011 2
b1011100100001010001000111001101 ,
b10010000111111011010000111011001 -
b10100011011110101110111000110010 0
b11101101100000101011001110100111 1
b1001101011 3
b11110011001001110000101000000011 G
b11010000010111100000110110001000 H
b11111010101111001000101110000110 I
b1110011011110111010110000001011 J
b111000100011011110100111100010110101111001110100000011011000010 L
b11110011001001110000101000000011 /
b1101100110011010010111110111100 7
b1000001101100100110011111101011 6
b10010000111111011010000111011001 D
b1011100100001010001000111001101 C
b10101111001110100000011011000010 O
b10010000111111011010000111011001 M
b1011100100001010001000111001101 N
b10111110010011011001100000010100 8
b10101110011111111001011110100111 9
#6230000
0#
0:
#6235000
1#
1:
b1001101100 2
b10111110010011011001100000010100 ,
b10101110011111111001011110100111 -
b1000001101100100110011111101011 0
b1101100110011010010111110111100 1
b1001101100 3
b10101111001110100000011011000010 G
b11110011001001110000101000000011 H
b1011100100001010001000111001101 I
b10010000111111011010000111011001 J
b11010001100110100001000000010000000100100101110000001111000101 L
b10101111001110100000011011000010 /
b11101100000101111010101111010001 7
b11011111111010011110000110100100 6
b10101110011111111001011110100111 D
b10111110010011011001100000010100 C
b100100101110000001111000101 O
b10101110011111111001011110100111 M
b10111110010011011001100000010100 N
b100000000101100001111001011011 8
b11001100000000011000110101110101 9
#6240000
0#
0:
#6245000
1#
1:
b1001101101 2
b100000000101100001111001011011 ,
b11001100000000011000110101110101 -
b11011111111010011110000110100100 0
b11101100000101111010101111010001 1
b1001101101 3
b100100101110000001111000101 G
b10101111001110100000011011000010 H
b10111110010011011001100000010100 I
b10101110011111111001011110100111 J
b1000000110110111100101101001011111110011001111100000000100001100 L
b100100101110000001111000101 /
b1101011011000100010011111100110 7
b1111110001000010101101101011101 6
b11001100000000011000110101110101 D
b100000000101100001111001011011 C
b11110011001111100000000100001100 O
b11001100000000011000110101110101 M
b100000000101100001111001011011 N
b10000001110111101010010010100010 8
b11101001100000111000001101000011 9
#6250000
0#
0:
#6255000
1#
1:
b1001101110 2
b10000001110111101010010010100010 ,
b11101001100000111000001101000011 -
b1111110001000010101101101011101 0
b1101011011000100010011111100110 1
b1001101110 3
b11110011001111100000000100001100 G
b100100101110000001111000101 H
b100000000101100001111001011011 I
b11001100000000011000110101110101 J
b1100110010001110100100000000101111011001011101111111010010111 L
b11110011001111100000000100001100 /
b11101010101011001010001111111011 7
b11100010110001101010100010110 6
b11101001100000111000001101000011 D
b10000001110111101010010010100010 C
b1111011001011101111111010010111 O
b11101001100000111000001101000011 M
b10000001110111101010010010100010 N
b11100011101001110010101011101001 8
b111000001010111100100010001 9
#6260000
0#
0:
#6265000
1#
1:
b1001101111 2
b11100011101001110010101011101001 ,
b111000001010111100100010001 -
b11100010110001101010100010110 0
b11101010101011001010001111111011 1
b1001101111 3
b1111011001011101111111010010111 G
b11110011001111100000000100001100 H
b10000001110111101010010010100010 I
b11101001100000111000001101000011 J
b111011001110110010110110101110010011100011010011111110001100110 L
b1111011001011101111111010010111 /
b1101001111101110010000000010000 7
b10111010100100000100111011001111 6
b111000001010111100100010001 D
b11100011101001110010101011101001 C
b10011100011010011111110001100110 O
b111000001010111100100010001 M
b11100011101001110010101011101001 N
b1000101011011111011000100110000 8
b100100100001110110111011011111 9
#6270000
0#
0:
#6275000
1#
1:
b1001110000 2
b1000101011011111011000100110000 ,
b100100100001110110111011011111 -
b10111010100100000100111011001111 0
b1101001111101110010000000010000 1
b1001110000 3
b10011100011010011111110001100110 G
b1111011001011101111111010010111 H
b11100011101001110010101011101001 I
b111000001010111100100010001 J
b11000111110011100000001100101010110111011101111101001111001 L
b10011100011010011111110001100110 /
b11101001010000011001110000100101 7
b1011000110001111100100010001000 6
b100100100001110110111011011111 D
b1000101011011111011000100110000 C
b1010110111011101111101001111001 O
b100100100001110110111011011111 M
b1000101011011111011000100110000 N
b10100111001110000011011101110111 8
b1000010000010010110010010101101 9
#6280000
0#
0:
#6285000
1#
1:
b1001110001 2
b10100111001110000011011101110111 ,
b1000010000010010110010010101101 -
b1011000110001111100100010001000 0
b11101001010000011001110000100101 1
b1001110001 3
b1010110111011101111101001111001 G
b10011100011010011111110001100110 H
b1000101011011111011000100110000 I
b100100100001110110111011011111 J
b100111101000011100001110001110101010101111011111100011010000 L
b1010110111011101111101001111001 /
b1101000100011000001100000111010 7
b11110110111111110100001001000001 6
b1000010000010010110010010101101 D
b10100111001110000011011101110111 C
b10101010101111011111100011010000 O
b1000010000010010110010010101101 M
b10100111001110000011011101110111 N
b1001000000001011110110111110 8
b1011111100010110101101001111011 9
#6290000
0#
0:
#6295000
1#
1:
b1001110010 2
b1001000000001011110110111110 ,
b1011111100010110101101001111011 -
b11110110111111110100001001000001 0
b1101000100011000001100000111010 1
b1001110010 3
b10101010101111011111100011010000 G
b1010110111011101111101001111001 H
b10100111001110000011011101110111 I
b1000010000010010110010010101101 J
b10101100100010101000010000100110010111110101101111011101101011 L
b10101010101111011111100011010000 /
b11100111110101101001010001001111 7
b10010101001101101011101111111010 6
b1011111100010110101101001111011 D
b1001000000001011110110111110 C
b10010111110101101111011101101011 O
b1011111100010110101101001111011 M
b1001000000001011110110111110 N
b1101010110010010100010000000101 8
b1111101000011010101000001001001 9
#6300000
0#
0:
#6305000
1#
1:
b1001110011 2
b1101010110010010100010000000101 ,
b1111101000011010101000001001001 -
b10010101001101101011101111111010 0
b11100111110101101001010001001111 1
b1001110011 3
b10010111110101101111011101101011 G
b10101010101111011111100011010000 H
b1001000000001011110110111110 I
b1011111100010110101101001111011 J
b1101011100001011001111111100011110001110011111011001001010 L
b10010111110101101111011101101011 /
b1100111001000010001000001100100 7
b110011011011100011010110110011 6
b1111101000011010101000001001001 D
b1101010110010010100010000000101 C
b11110001110011111011001001010 O
b1111101000011010101000001001001 M
b1101010110010010100010000000101 N
b11001100100100011100101001001100 8
b10011010100011110100011000010111 9
#6310000
0#
0:
#6315000
1#
1:
b1001110100 2
b11001100100100011100101001001100 ,
b10011010100011110100011000010111 -
b110011011011100011010110110011 0
b1100111001000010001000001100100 1
b1001110100 3
b11110001110011111011001001010 G
b10010111110101101111011101101011 H
b1101010110010010100010000000101 I
b1111101000011010101000001001001 J
b11010000101001110100111110110000111101111001101111010101101101 L
b11110001110011111011001001010 /
b11100110011010111000110001111001 7
b11010001101001011010111101101100 6
b10011010100011110100011000010111 D
b11001100100100011100101001001100 C
b111101111001101111010101101101 O
b10011010100011110100011000010111 M
b11001100100100011100101001001100 N
b101110010110100101000010010011 8
b10111000000100010011101111100101 9
#6320000
0#
0:
#6325000
1#
1:
b1001110101 2
b101110010110100101000010010011 ,
b10111000000100010011101111100101 -
b11010001101001011010111101101100 0
b11100110011010111000110001111001 1
b1001110101 3
b111101111001101111010101101101 G
b11110001110011111011001001010 H
b11001100100100011100101001001100 I
b10011010100011110100011000010111 J
b111101110000010001100010010001111110110110111011111010011010100 L
b111101111001101111010101101101 /
b1100101101101100000100010001110 7
b1101111110111010010100100100101 6
b10111000000100010011101111100101 D
b101110010110100101000010010011 C
b11110110110111011111010011010100 O
b10111000000100010011101111100101 M
b101110010110100101000010010011 N
b10010000001000101101011011011010 8
b11010101100100110011000110110011 9
#6330000
0#
0:
#6335000
1#
1:
b1001110110 2
b10010000001000101101011011011010 ,
b11010101100100110011000110110011 -
b1101111110111010010100100100101 0
b1100101101101100000100010001110 1
b1001110110 3
b11110110110111011111010011010100 G
b111101111001101111010101101101 H
b101110010110100101000010010011 I
b10111000000100010011101111100101 J
b10000101010100000010001100000101001001000111101111010001111111 L
b11110110110111011111010011010100 /
b11100101000000001000010010100011 7
b1110000101001010001011011110 6
b11010101100100110011000110110011 D
b10010000001000101101011011011010 C
b1001001000111101111010001111111 O
b11010101100100110011000110110011 M
b10010000001000101101011011011010 N
b11110001111010110101110100100001 8
b11110011000101010010011110000001 9
#6340000
0#
0:
#6345000
1#
1:
b1001110111 2
b11110001111010110101110100100001 ,
b11110011000101010010011110000001 -
b1110000101001010001011011110 0
b11100101000000001000010010100011 1
b1001110111 3
b1001001000111101111010001111111 G
b11110110110111011111010011010100 H
b10010000001000101101011011011010 I
b11010101100100110011000110110011 J
b111100000111111110111001100000000110100101010011111010001101110 L
b1001001000111101111010001111111 /
b1100100010010110000000010111000 7
b10101100010011000001110010010111 6
b11110011000101010010011110000001 D
b11110001111010110101110100100001 C
b110100101010011111010001101110 O
b11110011000101010010011110000001 M
b11110001111010110101110100100001 N
b1010011101100111110001101101000 8
b10000100101110001110101001111 9
#6350000
0#
0:
#6355000
1#
1:
b1001111000 2
b1010011101100111110001101101000 ,
b10000100101110001110101001111 -
b10101100010011000001110010010111 0
b1100100010010110000000010111000 1
b1001111000 3
b110100101010011111010001101110 G
b1001001000111101111010001111111 H
b11110001111010110101110100100001 I
b11110011000101010010011110000001 J
b1110010110110110011001110000100110111001011111101111010010100001 L
b110100101010011111010001101110 /
b11100011100101010111110011001101 7
b1001010100000111001011001010000 6
b10000100101110001110101001111 D
b1010011101100111110001101101000 C
b10111001011111101111010010100001 O
b10000100101110001110101001111 M
b1010011101100111110001101101000 N
b10110101011111000110100110101111 8
b101110000110010001001100011101 9
#6360000
0#
0:
#6365000
1#
1:
b1001111001 2
b10110101011111000110100110101111 ,
b101110000110010001001100011101 -
b1001010100000111001011001010000 0
b11100011100101010111110011001101 1
b1001111001 3
b10111001011111101111010010100001 G
b110100101010011111010001101110 H
b1010011101100111110001101101000 I
b10000100101110001110101001111 J
b10101101100101001101110011011010111100111011111010100011000 L
b10111001011111101111010010100001 /
b1100010110111111111100011100010 7
b11101000101110110001000000001001 6
b101110000110010001001100011101 D
b10110101011111000110100110101111 C
b11010111100111011111010100011000 O
b101110000110010001001100011101 M
b10110101011111000110100110101111 N
b10111010001001110111111110110 8
b1001011100110110000100011101011 9
#6370000
0#
0:
#6375000
1#
1:
b1001111010 2
b10111010001001110111111110110 ,
b1001011100110110000100011101011 -
b11101000101110110001000000001001 0
b1100010110111111111100011100010 1
b1001111010 3
b11010111100111011111010100011000 G
b10111001011111101111010010100001 H
b10110101011111000110100110101111 I
b101110000110010001001100011101 J
b10000010101110001000011011000010001111000001101111010111010011 L
b11010111100111011111010100011000 /
b11100010001010100111010011110111 7
b10000110111100101000100111000010 6
b1001011100110110000100011101011 D
b10111010001001110111111110110 C
b10001111000001101111010111010011 O
b1001011100110110000100011101011 M
b10111010001001110111111110110 N
b1111001000011010111011000111101 8
b1101001000111001111111010111001 9
#6380000
0#
0:
#6385000
1#
1:
b1001111011 2
b1111001000011010111011000111101 ,
b1101001000111001111111010111001 -
b10000110111100101000100111000010 0
b11100010001010100111010011110111 1
b1001111011 3
b10001111000001101111010111010011 G
b11010111100111011111010100011000 H
b10111010001001110111111110110 I
b1001011100110110000100011101011 J
b11011011111010010011101100111011111101110011111011011010010 L
b10001111000001101111010111010011 /
b1100001011101001111000100001100 7
b100101001010100000001101111011 6
b1101001000111001111111010111001 D
b1111001000011010111011000111101 C
b11011111101110011111011011010010 O
b1101001000111001111111010111001 M
b1111001000011010111011000111101 N
b11011010110101011111110010000100 8
b10000110100111101111010010000111 9
#6390000
0#
0:
#6395000
1#
1:
b1001111100 2
b11011010110101011111110010000100 ,
b10000110100111101111010010000111 -
b100101001010100000001101111011 0
b1100001011101001111000100001100 1
b1001111100 3
b11011111101110011111011011010010 G
b10001111000001101111010111010011 H
b1111001000011010111011000111101 I
b1101001000111001111111010111001 J
b11000110110100001110110110101011001001101101101111100000010101 L
b11011111101110011111011011010010 /
b11100000101111110110110100100001 7
b11000011011000010111110100110100 6
b10000110100111101111010010000111 D
b11011010110101011111110010000100 C
b11001001101101101111100000010101 O
b10000110100111101111010010000111 M
b11011010110101011111110010000100 N
b111100100111101000001011001011 8
b10100100001000001110101001010101 9
#6400000
0#
0:
#6405000
1#
1:
b1001111101 2
b111100100111101000001011001011 ,
b10100100001000001110101001010101 -
b11000011011000010111110100110100 0
b11100000101111110110110100100001 1
b1001111101 3
b11001001101101101111100000010101 G
b11011111101110011111011011010010 H
b11011010110101011111110010000100 I
b10000110100111101111010010000111 J
b111001100010011111000110100011001001100111111011111100110011100 L
b11001001101101101111100000010101 /
b1100000000010011110100100110110 7
b1100001100110001111011011101101 6
b10100100001000001110101001010101 D
b111100100111101000001011001011 C
b1001100111111011111100110011100 O
b10100100001000001110101001010101 M
b111100100111101000001011001011 N
b10011110011001110000100100010010 8
b11000001101000101110000000100011 9
#6410000
0#
0:
#6415000
1#
1:
b1001111110 2
b10011110011001110000100100010010 ,
b11000001101000101110000000100011 -
b1100001100110001111011011101101 0
b1100000000010011110100100110110 1
b1001111110 3
b1001100111111011111100110011100 G
b11001001101101101111100000010101 H
b111100100111101000001011001011 I
b10100100001000001110101001010101 J
b10011011011101010101110001011101101001100011101111101101100111 L
b1001100111111011111100110011100 /
b11011111010101000110010101001011 7
b11111111110100000111000010100110 6
b11000001101000101110000000100011 D
b10011110011001110000100100010010 C
b1101001100011101111101101100111 O
b11000001101000101110000000100011 M
b10011110011001110000100100010010 N
b1011111000111101011001 8
b11011111001001001101010111110001 9
#6420000
0#
0:
#6425000
1#
1:
b1001111111 2
b1011111000111101011001 ,
b11011111001001001101010111110001 -
b11111111110100000111000010100110 0
b11011111010101000110010101001011 1
b1001111111 3
b1101001100011101111101101100111 G
b1001100111111011111100110011100 H
b10011110011001110000100100010010 I
b11000001101000101110000000100011 J
b111011111010000011101011011101000011111011010011111110101110110 L
b1101001100011101111101101100111 /
b1011110100111101110000101100000 7
b10011110000001111110101001011111 6
b11011111001001001101010111110001 D
b1011111000111101011001 C
b11111011010011111110101110110 O
b11011111001001001101010111110001 M
b1011111000111101011001 N
b1100001111110000001010110100000 8
b11111100101001101100101110111111 9
#6430000
0#
0:
#6435000
1#
1:
b1010000000 2
b1100001111110000001010110100000 ,
b11111100101001101100101110111111 -
b10011110000001111110101001011111 0
b1011110100111101110000101100000 1
b1010000000 3
b11111011010011111110101110110 G
b1101001100011101111101101100111 H
b1011111000111101011001 I
b11011111001001001101010111110001 J
b101001011101001011011001101110100011101111111111001001 L
b11111011010011111110101110110 /
b11011101111010010101110101110101 7
b111100001111110110010000011000 6
b11111100101001101100101110111111 D
b1100001111110000001010110100000 C
b1101110100011101111111111001001 O
b11111100101001101100101110111111 M
b1100001111110000001010110100000 N
b11000011110000001001101111100111 8
b11010001010001100000110001101 9
#6440000
0#
0:
#6445000
1#
1:
b1010000001 2
b11000011110000001001101111100111 ,
b11010001010001100000110001101 -
b111100001111110110010000011000 0
b11011101111010010101110101110101 1
b1010000001 3
b1101110100011101111111111001001 G
b11111011010011111110101110110 H
b1100001111110000001010110100000 I
b11111100101001101100101110111111 J
b110000010110000000010100010000001010110111111100000001001100000 L
b1101110100011101111111111001001 /
b1011101001100111101100110001010 7
b11011010011101101101110111010001 6
b11010001010001100000110001101 D
b11000011110000001001101111100111 C
b1010110111111100000001001100000 O
b11010001010001100000110001101 M
b11000011110000001001101111100111 N
b100101100010010010001000101110 8
b110111101010101011011101011011 9
#6450000
0#
0:
#6455000
1#
1:
b1010000010 2
b100101100010010010001000101110 ,
b110111101010101011011101011011 -
b11011010011101101101110111010001 0
b1011101001100111101100110001010 1
b1010000010 3
b1010110111111100000001001100000 G
b1101110100011101111111111001001 H
b11000011110000001001101111100111 I
b11010001010001100000110001101 J
b1010000000000101110011110110111011000101101110000010100111011 L
b1010110111111100000001001100000 /
b11011100011111100101010110011111 7
b1111000101011100101011110001010 6
b110111101010101011011101011011 D
b100101100010010010001000101110 C
b11011000101101110000010100111011 O
b110111101010101011011101011011 M
b100101100010010010001000101110 N
b10000111010100011010100001110101 8
b1010101001011001010110100101001 9
#6460000
0#
0:
#6465000
1#
1:
b1010000011 2
b10000111010100011010100001110101 ,
b1010101001011001010110100101001 -
b1111000101011100101011110001010 0
b11011100011111100101010110011111 1
b1010000011 3
b11011000101101110000010100111011 G
b1010110111111100000001001100000 H
b100101100010010010001000101110 I
b110111101010101011011101011011 J
b100000101001011111100100101011110011101110100000100001011010 L
b11011000101101110000010100111011 /
b1011011110010001101000110110100 7
b10110111001011101000101000011 6
b1010101001011001010110100101001 D
b10000111010100011010100001110101 C
b11110011101110100000100001011010 O
b1010101001011001010110100101001 M
b10000111010100011010100001110101 N
b11101001000110100010111010111100 8
b1110010101011101010001011110111 9
#6470000
0#
0:
#6475000
1#
1:
b1010000100 2
b11101001000110100010111010111100 ,
b1110010101011101010001011110111 -
b10110111001011101000101000011 0
b1011011110010001101000110110100 1
b1010000100 3
b11110011101110100000100001011010 G
b11011000101101110000010100111011 H
b10000111010100011010100001110101 I
b1010101001011001010110100101001 J
b10110100000101101110100111111110101000000001110000101110111101 L
b11110011101110100000100001011010 /
b11011011000100110100110111001001 7
b10110101000111010100101011111100 6
b1110010101011101010001011110111 D
b11101001000110100010111010111100 C
b10101000000001110000101110111101 O
b1110010101011101010001011110111 M
b11101001000110100010111010111100 N
b1001010111000101011010100000011 8
b10010000001100001001100011000101 9
#6480000
0#
0:
#6485000
1#
1:
b1010000101 2
b1001010111000101011010100000011 ,
b10010000001100001001100011000101 -
b10110101000111010100101011111100 0
b11011011000100110100110111001001 1
b1010000101 3
b10101000000001110000101110111101 G
b11110011101110100000100001011010 H
b11101001000110100010111010111100 I
b1110010101011101010001011110111 J
b110100001101100101011001111111011110101100111100000111101100100 L
b10101000000001110000101110111101 /
b1011010010111011100100111011110 7
b1010011010101001100010010110101 6
b10010000001100001001100011000101 D
b1001010111000101011010100000011 C
b11110101100111100000111101100100 O
b10010000001100001001100011000101 M
b1001010111000101011010100000011 N
b10101100101010110011101101001010 8
b10101101101100101000111010010011 9
#6490000
0#
0:
#6495000
1#
1:
b1010000110 2
b10101100101010110011101101001010 ,
b10101101101100101000111010010011 -
b1010011010101001100010010110101 0
b1011010010111011100100111011110 1
b1010000110 3
b11110101100111100000111101100100 G
b10101000000001110000101110111101 H
b1001010111000101011010100000011 I
b10010000001100001001100011000101 J
b10101000101101101111010000001111011100011111110001001101001111 L
b11110101100111100000111101100100 /
b11011001101010000100010111110011 7
b11110001100011000011111001101110 6
b10101101101100101000111010010011 D
b10101100101010110011101101001010 C
b11011100011111110001001101001111 O
b10101101101100101000111010010011 M
b10101100101010110011101101001010 N
b1110011100111100000110010001 8
b11001011001101001000010001100001 9
#6500000
0#
0:
#6505000
1#
1:
b1010000111 2
b1110011100111100000110010001 ,
b11001011001101001000010001100001 -
b11110001100011000011111001101110 0
b11011001101010000100010111110011 1
b1010000111 3
b11011100011111110001001101001111 G
b11110101100111100000111101100100 H
b10101100101010110011101101001010 I
b10101101101100101000111010010011 J
b111010100101000001001100100101001011100101010100001011101111110 L
b11011100011111110001001101001111 /
b1011000111100101100001000001000 7
b10001111110000111011100000100111 6
b11001011001101001000010001100001 D
b1110011100111100000110010001 C
b1011100101010100001011101111110 O
b11001011001101001000010001100001 M
b1110011100111100000110010001 N
b1110000001111000100011111011000 8
b11101000101101100111101000101111 9
#6510000
0#
0:
#6515000
1#
1:
b1010001000 2
b1110000001111000100011111011000 ,
b11101000101101100111101000101111 -
b10001111110000111011100000100111 0
b1011000111100101100001000001000 1
b1010001000 3
b1011100101010100001011101111110 G
b11011100011111110001001101001111 H
b1110011100111100000110010001 I
b11001011001101001000010001100001 J
b101101111000110000010111101001110110000111110001101111110001 L
b1011100101010100001011101111110 /
b11011000001111010011111000011101 7
b101101111110110011000111100000 6
b11101000101101100111101000101111 D
b1110000001111000100011111011000 C
b1110110000111110001101111110001 O
b11101000101101100111101000101111 M
b1110000001111000100011111011000 N
b11010010000001001100111000011111 8
b110001110000110111111111101 9
#6520000
0#
0:
#6525000
1#
1:
b1010001001 2
b11010010000001001100111000011111 ,
b110001110000110111111111101 -
b101101111110110011000111100000 0
b11011000001111010011111000011101 1
b1010001001 3
b1110110000111110001101111110001 G
b1011100101010100001011101111110 H
b1110000001111000100011111011000 I
b11101000101101100111101000101111 J
b110011000000110101000011000100000101000110111100010000010101000 L
b1110110000111110001101111110001 /
b1010111100001111011101000110010 7
b11001100001100101010101110011001 6
b110001110000110111111111101 D
b11010010000001001100111000011111 C
b101000110111100010000010101000 O
b110001110000110111111111101 M
b11010010000001001100111000011111 N
b110011110011010101010001100110 8
b100011101110100110010111001011 9
#6530000
0#
0:
#6535000
1#
1:
b1010001010 2
b110011110011010101010001100110 ,
b100011101110100110010111001011 -
b11001100001100101010101110011001 0
b1010111100001111011101000110010 1
b1010001010 3
b101000110111100010000010101000 G
b1110110000111110001101111110001 H
b11010010000001001100111000011111 I
b110001110000110111111111101 J
b10100011010011010011100000101110100111001110010010110100011 L
b101000110111100010000010101000 /
b11010110110100100011011001000111 7
b1101010011010100010010101010010 6
b100011101110100110010111001011 D
b110011110011010101010001100110 C
b1110100111001110010010110100011 O
b100011101110100110010111001011 M
b110011110011010101010001100110 N
b10010101100101011101101010101101 8
b1000001001111000101101110011001 9
#6540000
0#
0:
#6545000
1#
1:
b1010001011 2
b10010101100101011101101010101101 ,
b1000001001111000101101110011001 -
b1101010011010100010010101010010 0
b11010110110100100011011001000111 1
b1010001011 3
b1110100111001110010010110100011 G
b101000110111100010000010101000 H
b110011110011010101010001100110 I
b100011101110100110010111001011 J
b11100111010110010100101001001011010001110100010101011100010 L
b1110100111001110010010110100011 /
b1010110000111001011001001011100 7
b1000101000011001111100001011 6
b1000001001111000101101110011001 D
b10010101100101011101101010101101 C
b1011010001110100010101011100010 O
b1000001001111000101101110011001 M
b10010101100101011101101010101101 N
b11110111010111100110000011110100 8
b1011110101111100101000101100111 9
#6550000
0#
0:
#6555000
1#
1:
b1010001100 2
b11110111010111100110000011110100 ,
b1011110101111100101000101100111 -
b1000101000011001111100001011 0
b1010110000111001011001001011100 1
b1010001100 3
b1011010001110100010101011100010 G
b1110100111001110010010110100011 H
b10010101100101011101101010101101 I
b1000001001111000101101110011001 J
b10011000011110010100010010101011011000110101110011000001100101 L
b1011010001110100010101011100010 /
b11010101011001110010111001110001 7
b10100110110110010001100011000100 6
b1011110101111100101000101100111 D
b11110111010111100110000011110100 C
b11011000110101110011000001100101 O
b1011110101111100101000101100111 M
b11110111010111100110000011110100 N
b1011001001001101110011100111011 8
b1111100010000000100011100110101 9
#6560000
0#
0:
#6565000
1#
1:
b1010001101 2
b1011001001001101110011100111011 ,
b1111100010000000100011100110101 -
b10100110110110010001100011000100 0
b11010101011001110010111001110001 1
b1010001101 3
b11011000110101110011000001100101 G
b1011010001110100010101011100010 H
b11110111010111100110000011110100 I
b1011110101111100101000101100111 J
b101101110001100100011100100110111110000101111100011011000101100 L
b11011000110101110011000001100101 /
b1010100101100011010101010000110 7
b1000101000100001001001001111101 6
b1111100010000000100011100110101 D
b1011001001001101110011100111011 C
b11110000101111100011011000101100 O
b1111100010000000100011100110101 M
b1011001001001101110011100111011 N
b10111010111011110110110110000010 8
b10011001110000100011110100000011 9
#6570000
0#
0:
#6575000
1#
1:
b1010001110 2
b10111010111011110110110110000010 ,
b10011001110000100011110100000011 -
b1000101000100001001001001111101 0
b1010100101100011010101010000110 1
b1010001110 3
b11110000101111100011011000101100 G
b11011000110101110011000001100101 H
b1011001001001101110011100111011 I
b1111100010000000100011100110101 J
b10101101000101001110101000011010100001111011110011110000110111 L
b11110000101111100011011000101100 /
b11010011111111000010011010011011 7
b11100011010010000000110000110110 6
b10011001110000100011110100000011 D
b10111010111011110110110110000010 C
b10100001111011110011110000110111 O
b10011001110000100011110100000011 M
b10111010111011110110110110000010 N
b11100101101111111001111001001 8
b10110111010001000011001011010001 9
#6580000
0#
0:
#6585000
1#
1:
b1010001111 2
b11100101101111111001111001001 ,
b10110111010001000011001011010001 -
b11100011010010000000110000110110 0
b11010011111111000010011010011011 1
b1010001111 3
b10100001111011110011110000110111 G
b11110000101111100011011000101100 H
b10111010111011110110110110000010 I
b10011001110000100011110100000011 J
b111000001000110111011100111000011101100011010100100001010000110 L
b10100001111011110011110000110111 /
b1010011010001101010001010110000 7
b10000001011111111000010111101111 6
b10110111010001000011001011010001 D
b11100101101111111001111001001 C
b11101100011010100100001010000110 O
b10110111010001000011001011010001 M
b11100101101111111001111001001 N
b1111110100000000111101000010000 8
b11010100110001100010100010011111 9
#6590000
0#
0:
#6595000
1#
1:
b1010010000 2
b1111110100000000111101000010000 ,
b11010100110001100010100010011111 -
b10000001011111111000010111101111 0
b1010011010001101010001010110000 1
b1010010000 3
b11101100011010100100001010000110 G
b10100001111011110011110000110111 H
b11100101101111111001111001001 I
b10110111010001000011001011010001 J
b1010010001111001001011101010011010000001011110100100100011001 L
b11101100011010100100001010000110 /
b11010010100100010001111011000101 7
b11111101101101111111110101000 6
b11010100110001100010100010011111 D
b1111110100000000111101000010000 C
b11010000001011110100100100011001 O
b11010100110001100010100010011111 M
b1111110100000000111101000010000 N
b11100000010010010000000001010111 8
b11110010010010000001111001101101 9
#6600000
0#
0:
#6605000
1#
1:
b1010010001 2
b11100000010010010000000001010111 ,
b11110010010010000001111001101101 -
b11111101101101111111110101000 0
b11010010100100010001111011000101 1
b1010010001 3
b11010000001011110100100100011001 G
b11101100011010100100001010000110 H
b1111110100000000111101000010000 I
b11010100110001100010100010011111 J
b110100100100100010100001000011001001101001111100100111111110000 L
b11010000001011110100100100011001 /
b1010001110110111001101011011010 7
b10111101111011100111100101100001 6
b11110010010010000001111001101101 D
b11100000010010010000000001010111 C
b1001101001111100100111111110000 O
b11110010010010000001111001101101 M
b11100000010010010000000001010111 N
b1000010000100011000011010011110 8
b1111110010100001010000111011 9
#6610000
0#
0:
#6615000
1#
1:
b1010010010 2
b1000010000100011000011010011110 ,
b1111110010100001010000111011 -
b10111101111011100111100101100001 0
b1010001110110111001101011011010 1
b1010010010 3
b1001101001111100100111111110000 G
b11010000001011110100100100011001 H
b11100000010010010000000001010111 I
b11110010010010000001111001101101 J
b1101010001000100001100011000001001100011100101110101011100001011 L
b1001101001111100100111111110000 /
b11010001001001100001011011101111 7
b1011100001001011111001100011010 6
b1111110010100001010000111011 D
b1000010000100011000011010011110 C
b1100011100101110101011100001011 O
b1111110010100001010000111011 M
b1000010000100011000011010011110 N
b10100011110110100000110011100101 8
b101101010011000000101000001001 9
#6620000
0#
0:
#6625000
1#
1:
b1010010011 2
b10100011110110100000110011100101 ,
b101101010011000000101000001001 -
b1011100001001011111001100011010 0
b11010001001001100001011011101111 1
b1010010011 3
b1100011100101110101011100001011 G
b1001101001111100100111111110000 H
b1000010000100011000011010011110 I
b1111110010100001010000111011 J
b10000010011001011011111000000010011001110100101111001101010 L
b1100011100101110101011100001011 /
b1010000011100001001001100000100 7
b11111010010111010110110011010011 6
b101101010011000000101000001001 D
b10100011110110100000110011100101 C
b10011001110100101111001101010 O
b101101010011000000101000001001 M
b10100011110110100000110011100101 N
b101101000101001001100101100 8
b1001010110011011111111111010111 9
#6630000
0#
0:
#6635000
1#
1:
b1010010100 2
b101101000101001001100101100 ,
b1001010110011011111111111010111 -
b11111010010111010110110011010011 0
b1010000011100001001001100000100 1
b1010010100 3
b10011001110100101111001101010 G
b1100011100101110101011100001011 H
b10100011110110100000110011100101 I
b101101010011000000101000001001 J
b1110011111101111111110110110001011100001001110110011000001101 L
b10011001110100101111001101010 /
b11001111101110110000111100011001 7
b10011000100101001110011010001100 6
b1001010110011011111111111010111 D
b101101000101001001100101100 C
b1011100001001110110011000001101 O
b1001010110011011111111111010111 M
b101101000101001001100101100 N
b1100111011010110001100101110011 8
b1101000010011111111010110100101 9
#6640000
0#
0:
#6645000
1#
1:
b1010010101 2
b1100111011010110001100101110011 ,
b1101000010011111111010110100101 -
b10011000100101001110011010001100 0
b11001111101110110000111100011001 1
b1010010101 3
b1011100001001110110011000001101 G
b10011001110100101111001101010 H
b101101000101001001100101100 I
b1001010110011011111111111010111 J
b110100101100001110101110000111110010111100110110111110100 L
b1011100001001110110011000001101 /
b1001111000001011000101100101110 7
b110110110011000110000001000101 6
b1101000010011111111010110100101 D
b1100111011010110001100101110011 C
b111110010111100110110111110100 O
b1101000010011111111010110100101 M
b1100111011010110001100101110011 N
b11001001001100111001111110111010 8
b10000101110100011110101101110011 9
#6650000
0#
0:
#6655000
1#
1:
b1010010110 2
b11001001001100111001111110111010 ,
b10000101110100011110101101110011 -
b110110110011000110000001000101 0
b1001111000001011000101100101110 1
b1010010110 3
b111110010111100110110111110100 G
b1011100001001110110011000001101 H
b1100111011010110001100101110011 I
b1101000010011111111010110100101 J
b10101000100011110011111001111110111001110111110111011000011111 L
b111110010111100110110111110100 /
b11001110010100000000011101000011 7
b11010101000000111101100111111110 6
b10000101110100011110101101110011 D
b11001001001100111001111110111010 C
b10111001110111110111011000011111 O
b10000101110100011110101101110011 M
b11001001001100111001111110111010 N
b101010111111000010011000000001 8
b10100011010100111110000101000001 9
#6660000
0#
0:
#6665000
1#
1:
b1010010111 2
b101010111111000010011000000001 ,
b10100011010100111110000101000001 -
b11010101000000111101100111111110 0
b11001110010100000000011101000011 1
b1010010111 3
b10111001110111110111011000011111 G
b111110010111100110110111110100 H
b11001001001100111001111110111010 I
b10000101110100011110101101110011 J
b110100100101100110011100010110111001110101010100111111010001110 L
b10111001110111110111011000011111 /
b1001101100110101000001101011000 7
b1110011001110110101001110110111 6
b10100011010100111110000101000001 D
b101010111111000010011000000001 C
b11001110101010100111111010001110 O
b10100011010100111110000101000001 M
b101010111111000010011000000001 N
b10001100110001001010110001001000 8
b11000000110101011101011100001111 9
#6670000
0#
0:
#6675000
1#
1:
b1010011000 2
b10001100110001001010110001001000 ,
b11000000110101011101011100001111 -
b1110011001110110101001110110111 0
b1001101100110101000001101011000 1
b1010011000 3
b11001110101010100111111010001110 G
b10111001110111110111011000011111 H
b101010111111000010011000000001 I
b10100011010100111110000101000001 J
b1101101101100101000011100010101111100101111111000011101000001 L
b11001110101010100111111010001110 /
b11001100111001001111111101101101 7
b10001011100101100110101110000 6
b11000000110101011101011100001111 D
b10001100110001001010110001001000 C
b1111100101111111000011101000001 O
b11000000110101011101011100001111 M
b10001100110001001010110001001000 N
b11101110100011010011001010001111 8
b11011110010101111100110011011101 9
#6680000
0#
0:
#6685000
1#
1:
b1010011001 2
b11101110100011010011001010001111 ,
b11011110010101111100110011011101 -
b10001011100101100110101110000 0
b11001100111001001111111101101101 1
b1010011001 3
b1111100101111111000011101000001 G
b11001110101010100111111010001110 H
b10001100110001001010110001001000 I
b11000000110101011101011100001111 J
b110101000001001000101110001101011000100000111101001000000111000 L
b1111100101111111000011101000001 /
b1001100001011110111101110000010 7
b10101111101010100100011100101001 6
b11011110010101111100110011011101 D
b11101110100011010011001010001111 C
b11000100000111101001000000111000 O
b11011110010101111100110011011101 M
b11101110100011010011001010001111 N
b1010000010101011011100011010110 8
b11111011110110011100001010101011 9
#6690000
0#
0:
#6695000
1#
1:
b1010011010 2
b1010000010101011011100011010110 ,
b11111011110110011100001010101011 -
b10101111101010100100011100101001 0
b1001100001011110111101110000010 1
b1010011010 3
b11000100000111101001000000111000 G
b1111100101111111000011101000001 H
b11101110100011010011001010001111 I
b11011110010101111100110011011101 J
b1100111100110000010000101011101010100100110001111001100101110011 L
b11000100000111101001000000111000 /
b11001011011110011111011110010111 7
b1001101111000011100000011100010 6
b11111011110110011100001010101011 D
b1010000010101011011100011010110 C
b10100100110001111001100101110011 O
b11111011110110011100001010101011 M
b1010000010101011011100011010110 N
b10110010000111100011111100011101 8
b11001010110111011100001111001 9
#6700000
0#
0:
#6705000
1#
1:
b1010011011 2
b10110010000111100011111100011101 ,
b11001010110111011100001111001 -
b1001101111000011100000011100010 0
b11001011011110011111011110010111 1
b1010011011 3
b10100100110001111001100101110011 G
b11000100000111101001000000111000 H
b1010000010101011011100011010110 I
b11111011110110011100001010101011 J
b100111100001000011000011111101000011110101110101010001011110010 L
b10100100110001111001100101110011 /
b1001010110001000111001110101100 7
b11101100000110010011101010011011 6
b11001010110111011100001111001 D
b10110010000111100011111100011101 C
b11110101110101010001011110010 O
b11001010110111011100001111001 M
b10110010000111100011111100011101 N
b10011111001101100010101100100 8
b110110110111011010111001000111 9
#6710000
0#
0:
#6715000
1#
1:
b1010011100 2
b10011111001101100010101100100 ,
b110110110111011010111001000111 -
b11101100000110010011101010011011 0
b1001010110001000111001110101100 1
b1010011100 3
b11110101110101010001011110010 G
b10100100110001111001100101110011 H
b10110010000111100011111100011101 I
b11001010110111011100001111001 J
b1000110100100110001010100010000110001111101111010110010110101 L
b11110101110101010001011110010 /
b11001010000011101110111111000001 7
b10001010010100001011010001010100 6
b110110110111011010111001000111 D
b10011111001101100010101100100 C
b110001111101111010110010110101 O
b110110110111011010111001000111 M
b10011111001101100010101100100 N
b1110101101011110100101110101011 8
b1010100010111111010010000010101 9
#6720000
0#
0:
#6725000
1#
1:
b1010011101 2
b1110101101011110100101110101011 ,
b1010100010111111010010000010101 -
b10001010010100001011010001010100 0
b11001010000011101110111111000001 1
b1010011101 3
b110001111101111010110010110101 G
b11110101110101010001011110010 H
b10011111001101100010101100100 I
b110110110111011010111001000111 J
b10001000011111010010110011111011110011111101011011010111100 L
b110001111101111010110010110101 /
b1001001010110010110101111010110 7
b101000100010000010111000001101 6
b1010100010111111010010000010101 D
b1110101101011110100101110101011 C
b11011110011111101011011010111100 O
b1010100010111111010010000010101 M
b1110101101011110100101110101011 N
b11010111011101111101000111110010 8
b1110001111000011001100111100011 9
#6730000
0#
0:
#6735000
1#
1:
b1010011110 2
b11010111011101111101000111110010 ,
b1110001111000011001100111100011 -
b101000100010000010111000001101 0
b1001001010110010110101111010110 1
b1010011110 3
b11011110011111101011011010111100 G
b110001111101111010110010110101 H
b1110101101011110100101110101011 I
b1010100010111111010010000010101 J
b10011011001001011111000100111100100100010011111100000100000111 L
b11011110011111101011011010111100 /
b11001000101000111110011111101011 7
b11000110101111111010011111000110 6
b1110001111000011001100111100011 D
b11010111011101111101000111110010 C
b100100010011111100000100000111 O
b1110001111000011001100111100011 M
b11010111011101111101000111110010 N
b111001010000000101100000111001 8
b10001111011000111000111110110001 9
#6740000
0#
0:
#6745000
1#
1:
b1010011111 2
b111001010000000101100000111001 ,
b10001111011000111000111110110001 -
b11000110101111111010011111000110 0
b11001000101000111110011111101011 1
b1010011111 3
b100100010011111100000100000111 G
b11011110011111101011011010111100 H
b11010111011101111101000111110010 I
b1110001111000011001100111100011 J
b101111111011001110001011000000100000011011010101100101110010110 L
b100100010011111100000100000111 /
b1000111111011100110010000000000 7
b1100100111101110010000101111111 6
b10001111011000111000111110110001 D
b111001010000000101100000111001 C
b11011010101100101110010110 O
b10001111011000111000111110110001 M
b111001010000000101100000111001 N
b10011011000010001101111010000000 8
b10101100111001011000010101111111 9
#6750000
0#
0:
#6755000
1#
1:
b1010100000 2
b10011011000010001101111010000000 ,
b10101100111001011000010101111111 -
b1100100111101110010000101111111 0
b1000111111011100110010000000000 1
b1010100000 3
b11011010101100101110010110 G
b100100010011111100000100000111 H
b111001010000000101100000111001 I
b10001111011000111000111110110001 J
b10000000010001001101010100110001111011110011111101011001101001 L
b11011010101100101110010110 /
b11000111001110001110000000010101 7
b11001011101001101100111000 6
b10101100111001011000010101111111 D
b10011011000010001101111010000000 C
b1111011110011111101011001101001 O
b10101100111001011000010101111111 M
b10011011000010001101111010000000 N
b11111100110100010110010011000111 8
b11001010011001110111101101001101 9
#6760000
0#
0:
#6765000
1#
1:
b1010100001 2
b11111100110100010110010011000111 ,
b11001010011001110111101101001101 -
b11001011101001101100111000 0
b11000111001110001110000000010101 1
b1010100001 3
b1111011110011111101011001101001 G
b11011010101100101110010110 H
b10011011000010001101111010000000 I
b10101100111001011000010101111111 J
b110100010110100111101010100010110001101011111101110000110000000 L
b1111011110011111101011001101001 /
b1000110100000110101110000101010 7
b10100001011001100001010011110001 6
b11001010011001110111101101001101 D
b11111100110100010110010011000111 C
b10001101011111101110000110000000 O
b11001010011001110111101101001101 M
b11111100110100010110010011000111 N
b1011110100110011110101100001110 8
b11100111111010010111000100011011 9
#6770000
0#
0:
#6775000
1#
1:
b1010100010 2
b1011110100110011110101100001110 ,
b11100111111010010111000100011011 -
b10100001011001100001010011110001 0
b1000110100000110101110000101010 1
b1010100010 3
b10001101011111101110000110000000 G
b1111011110011111101011001101001 H
b11111100110100010110010011000111 I
b11001010011001110111101101001101 J
b1100011111100011011010111000100100111000011101111110110011011011 L
b10001101011111101110000110000000 /
b11000101110011011101100000111111 7
b111111100111011000111010101010 6
b11100111111010010111000100011011 D
b1011110100110011110101100001110 C
b111000011101111110110011011011 O
b11100111111010010111000100011011 M
b1011110100110011110101100001110 N
b11000000011000100111000101010101 8
b101011010110110011011101001 9
#6780000
0#
0:
#6785000
1#
1:
b1010100011 2
b11000000011000100111000101010101 ,
b101011010110110011011101001 -
b111111100111011000111010101010 0
b11000101110011011101100000111111 1
b1010100011 3
b111000011101111110110011011011 G
b10001101011111101110000110000000 H
b1011110100110011110101100001110 I
b11100111111010010111000100011011 J
b101010110110011001001101111110001111100101110101111100001111010 L
b111000011101111110110011011011 /
b1000101000110000101010001010100 7
b11011101110101010000100001100011 6
b101011010110110011011101001 D
b11000000011000100111000101010101 C
b1111100101110101111100001111010 O
b101011010110110011011101001 M
b11000000011000100111000101010101 N
b100010001010101111011110011100 8
b100010111011010101110010110111 9
#6790000
0#
0:
#6795000
1#
1:
b1010100100 2
b100010001010101111011110011100 ,
b100010111011010101110010110111 -
b11011101110101010000100001100011 0
b1000101000110000101010001010100 1
b1010100100 3
b1111100101110101111100001111010 G
b111000011101111110110011011011 H
b11000000011000100111000101010101 I
b101011010110110011011101001 J
b10000010010101000101011001001011010010010000000010001011101 L
b1111100101110101111100001111010 /
b11000100011000101101000001101001 7
b1111100000011001000001000011100 6
b100010111011010101110010110111 D
b100010001010101111011110011100 C
b1011010010010000000010001011101 O
b100010111011010101110010110111 M
b100010001010101111011110011100 N
b10000011111100110111110111100011 8
b1000000011011110101001010000101 9
#6800000
0#
0:
#6805000
1#
1:
b1010100101 2
b10000011111100110111110111100011 ,
b1000000011011110101001010000101 -
b1111100000011001000001000011100 0
b11000100011000101101000001101001 1
b1010100101 3
b1011010010010000000010001011101 G
b1111100101110101111100001111010 H
b100010001010101111011110011100 I
b100010111011010101110010110111 J
b10010101001011000110000100111010001000111110001000010000100 L
b1011010010010000000010001011101 /
b1000011101011010100110001111110 7
b11010010000111111101111010101 6
b1000000011011110101001010000101 D
b10000011111100110111110111100011 C
b11010001000111110001000010000100 O
b1000000011011110101001010000101 M
b10000011111100110111110111100011 N
b11100101101111000000010000101010 8
b1011101111100010100100001010011 9
#6810000
0#
0:
#6815000
1#
1:
b1010100110 2
b11100101101111000000010000101010 ,
b1011101111100010100100001010011 -
b11010010000111111101111010101 0
b1000011101011010100110001111110 1
b1010100110 3
b11010001000111110001000010000100 G
b1011010010010000000010001011101 H
b10000011111100110111110111100011 I
b1000000011011110101001010000101 J
b10000100110110010000001001010011100001010000000001110011101111 L
b11010001000111110001000010000100 /
b11000010111101111100100010010011 7
b10111000011110110111010110001110 6
b1011101111100010100100001010011 D
b11100101101111000000010000101010 C
b11100001010000000001110011101111 O
b1011101111100010100100001010011 M
b11100101101111000000010000101010 N
b1000111100001001000101001110001 8
b1111011011100110011111000100001 9
#6820000
0#
0:
#6825000
1#
1:
b1010100111 2
b1000111100001001000101001110001 ,
b1111011011100110011111000100001 -
b10111000011110110111010110001110 0
b11000010111101111100100010010011 1
b1010100111 3
b11100001010000000001110011101111 G
b11010001000111110001000010000100 H
b11100101101111000000010000101010 I
b1011101111100010100100001010011 J
b101010001001101110101000110101010001010101010110010100110011110 L
b11100001010000000001110011101111 /
b1000010010000100100010010101000 7
b1010110101100101110111101000111 6
b1111011011100110011111000100001 D
b1000111100001001000101001110001 C
b10001010101010110010100110011110 O
b1111011011100110011111000100001 M
b1000111100001001000101001110001 N
b10101001010011010001000010111000 8
b10011000111101010011001111101111 9
#6830000
0#
0:
#6835000
1#
1:
b1010101000 2
b10101001010011010001000010111000 ,
b10011000111101010011001111101111 -
b1010110101100101110111101000111 0
b1000010010000100100010010101000 1
b1010101000 3
b10001010101010110010100110011110 G
b11100001010000000001110011101111 H
b1000111100001001000101001110001 I
b1111011011100110011111000100001 J
b10001001111100111000000110100111001101011000000011011010010001 L
b10001010101010110010100110011110 /
b11000001100011001100000010111101 7
b11110100111010100110100100000000 6
b10011000111101010011001111101111 D
b10101001010011010001000010111000 C
b11001101011000000011011010010001 O
b10011000111101010011001111101111 M
b10101001010011010001000010111000 N
b1011000101011001011011111111 8
b10110110011101110010100110111101 9
#6840000
0#
0:
#6845000
1#
1:
b1010101001 2
b1011000101011001011011111111 ,
b10110110011101110010100110111101 -
b11110100111010100110100100000000 0
b11000001100011001100000010111101 1
b1010101001 3
b11001101011000000011011010010001 G
b10001010101010110010100110011110 H
b10101001010011010001000010111000 I
b10011000111101010011001111101111 J
b110010100100111111010110000011010101001010111110100001111001000 L
b11001101011000000011011010010001 /
b1000000110101110011110011010010 7
b10010011001000011110001010111001 6
b10110110011101110010100110111101 D
b1011000101011001011011111111 C
b10101001010111110100001111001000 O
b10110110011101110010100110111101 M
b1011000101011001011011111111 N
b1101100110111100001110101000110 8
b11010011111110010001111110001011 9
#6850000
0#
0:
#6855000
1#
1:
b1010101010 2
b1101100110111100001110101000110 ,
b11010011111110010001111110001011 -
b10010011001000011110001010111001 0
b1000000110101110011110011010010 1
b1010101010 3
b10101001010111110100001111001000 G
b11001101011000000011011010010001 H
b1011000101011001011011111111 I
b10110110011101110010100110111101 J
b11111100110100000100011000100011110101010000101000101000011 L
b10101001010111110100001111001000 /
b11000000001000011011100011100111 7
b110001010110010101110001110010 6
b11010011111110010001111110001011 D
b1101100110111100001110101000110 C
b11110101010000101000101000011 O
b11010011111110010001111110001011 M
b1101100110111100001110101000110 N
b11001110101001101010001110001101 8
b11110001011110110001010101011001 9
#6860000
0#
0:
#6865000
1#
1:
b1010101011 2
b11001110101001101010001110001101 ,
b11110001011110110001010101011001 -
b110001010110010101110001110010 0
b11000000001000011011100011100111 1
b1010101011 3
b11110101010000101000101000011 G
b10101001010111110100001111001000 H
b1101100110111100001110101000110 I
b11010011111110010001111110001011 J
b101101000100101000000111001010100101101001110110101111100000010 L
b11110101010000101000101000011 /
b111111011011000011010011111100 7
b11001111100100001101011000101011 6
b11110001011110110001010101011001 D
b11001110101001101010001110001101 C
b101101001110110101111100000010 O
b11110001011110110001010101011001 M
b11001110101001101010001110001101 N
b110000011011110010100111010100 8
b1110111111010000101100100111 9
#6870000
0#
0:
#6875000
1#
1:
b1010101100 2
b110000011011110010100111010100 ,
b1110111111010000101100100111 -
b11001111100100001101011000101011 0
b111111011011000011010011111100 1
b1010101100 3
b101101001110110101111100000010 G
b11110101010000101000101000011 H
b11001110101001101010001110001101 I
b11110001011110110001010101011001 J
b1100001011101110001110110100001111010101000110000110110100000101 L
b101101001110110101111100000010 /
b10111110101101101011000100010001 7
b1101101110010000100111111100100 6
b1110111111010000101100100111 D
b110000011011110010100111010100 C
b11010101000110000110110100000101 O
b1110111111010000101100100111 M
b110000011011110010100111010100 N
b10010010001101111011000000011011 8
b101100011111110000000011110101 9
#6880000
0#
0:
#6885000
1#
1:
b1010101101 2
b10010010001101111011000000011011 ,
b101100011111110000000011110101 -
b1101101110010000100111111100100 0
b10111110101101101011000100010001 1
b1010101101 3
b11010101000110000110110100000101 G
b101101001110110101111100000010 H
b110000011011110010100111010100 I
b1110111111010000101100100111 J
b1011010101111101000100001000010110001111110111101101001100 L
b11010101000110000110110100000101 /
b111110000000010010110100100110 7
b1011111111111100100110011101 6
b101100011111110000000011110101 D
b10010010001101111011000000011011 C
b10110001111110111101101001100 O
b101100011111110000000011110101 M
b10010010001101111011000000011011 N
b11110100000000000011011001100010 8
b1001010000000001111011011000011 9
#6890000
0#
0:
#6895000
1#
1:
b1010101110 2
b11110100000000000011011001100010 ,
b1001010000000001111011011000011 -
b1011111111111100100110011101 0
b111110000000010010110100100110 1
b1010101110 3
b10110001111110111101101001100 G
b11010101000110000110110100000101 H
b10010010001101111011000000011011 I
b101100011111110000000011110101 J
b1100101101010000111000111000011110000101100001000100111010111 L
b10110001111110111101101001100 /
b10111101010010111010100100111011 7
b10101010001101110100001101010110 6
b1001010000000001111011011000011 D
b11110100000000000011011001100010 C
b11110000101100001000100111010111 O
b1001010000000001111011011000011 M
b11110100000000000011011001100010 N
b1010101110010001011110010101001 8
b1100111100000101110110010010001 9
#6900000
0#
0:
#6905000
1#
1:
b1010101111 2
b1010101110010001011110010101001 ,
b1100111100000101110110010010001 -
b10101010001101110100001101010110 0
b10111101010010111010100100111011 1
b1010101111 3
b11110000101100001000100111010111 G
b10110001111110111101101001100 H
b11110100000000000011011001100010 I
b1001010000000001111011011000011 J
b100011010001000111110101110101001100100011010111001100010100110 L
b11110000101100001000100111010111 /
b111100100101100010010101010000 7
b1001000011011101011110100001111 6
b1100111100000101110110010010001 D
b1010101110010001011110010101001 C
b1100100011010111001100010100110 O
b1100111100000101110110010010001 M
b1010101110010001011110010101001 N
b10110111100100010100001011110000 8
b10000101000001001110001001011111 9
#6910000
0#
0:
#6915000
1#
1:
b1010110000 2
b10110111100100010100001011110000 ,
b10000101000001001110001001011111 -
b1001000011011101011110100001111 0
b111100100101100010010101010000 1
b1010110000 3
b1100100011010111001100010100110 G
b11110000101100001000100111010111 H
b1010101110010001011110010101001 I
b1100111100000101110110010010001 J
b10001010101111101000110001110101110001011100001010011110111001 L
b1100100011010111001100010100110 /
b10111011111000001010000101100101 7
b11100110101001100011011011001000 6
b10000101000001001110001001011111 D
b10110111100100010100001011110000 C
b1110001011100001010011110111001 O
b10000101000001001110001001011111 M
b10110111100100010100001011110000 N
b11001010110011100100100110111 8
b10100010100001101101100000101101 9
#6920000
0#
0:
#6925000
1#
1:
b1010110001 2
b11001010110011100100100110111 ,
b10100010100001101101100000101101 -
b11100110101001100011011011001000 0
b10111011111000001010000101100101 1
b1010110001 3
b1110001011100001010011110111001 G
b1100100011010111001100010100110 H
b10110111100100010100001011110000 I
b10000101000001001110001001011111 J
b101111101100001111110000101111000010111101111111011011100010000 L
b1110001011100001010011110111001 /
b111011001010110001110101111010 7
b10000100110111011011000010000001 6
b10100010100001101101100000101101 D
b11001010110011100100100110111 C
b10111101111111011011100010000 O
b10100010100001101101100000101101 M
b11001010110011100100100110111 N
b1111011001000100100111101111110 8
b11000000000010001100110111111011 9
#6930000
0#
0:
#6935000
1#
1:
b1010110010 2
b1111011001000100100111101111110 ,
b11000000000010001100110111111011 -
b10000100110111011011000010000001 0
b111011001010110001110101111010 1
b1010110010 3
b10111101111111011011100010000 G
b1110001011100001010011110111001 H
b11001010110011100100100110111 I
b10100010100001101101100000101101 J
b1000000011000001010111011110001010111010110001100011010101011 L
b10111101111111011011100010000 /
b10111010011101011001100110001111 7
b100011000101010010101000111010 6
b11000000000010001100110111111011 D
b1111011001000100100111101111110 C
b1010111010110001100011010101011 O
b11000000000010001100110111111011 M
b1111011001000100100111101111110 N
b11011100111010101101010111000101 8
b11011101100010101100001111001001 9
#6940000
0#
0:
#6945000
1#
1:
b1010110011 2
b11011100111010101101010111000101 ,
b11011101100010101100001111001001 -
b100011000101010010101000111010 0
b10111010011101011001100110001111 1
b1010110011 3
b1010111010110001100011010101011 G
b10111101111111011011100010000 H
b1111011001000100100111101111110 I
b11000000000010001100110111111011 J
b101110001011101111101111100010000110000001110111101011010001010 L
b1010111010110001100011010101011 /
b111001110000000001010110100100 7
b11000001010011001010001111110011 6
b11011101100010101100001111001001 D
b11011100111010101101010111000101 C
b110000001110111101011010001010 O
b11011101100010101100001111001001 M
b11011100111010101101010111000101 N
b111110101100110101110000001100 8
b11111011000011001011100110010111 9
#6950000
0#
0:
#6955000
1#
1:
b1010110100 2
b111110101100110101110000001100 ,
b11111011000011001011100110010111 -
b11000001010011001010001111110011 0
b111001110000000001010110100100 1
b1010110100 3
b110000001110111101011010001010 G
b1010111010110001100011010101011 H
b11011100111010101101010111000101 I
b11011101100010101100001111001001 J
b1011111100101110011110100001011010100010011010001110011010101101 L
b110000001110111101011010001010 /
b10111001000010101001000110111001 7
b1011111100001000001110110101100 6
b11111011000011001011100110010111 D
b111110101100110101110000001100 C
b10100010011010001110011010101101 O
b11111011000011001011100110010111 M
b111110101100110101110000001100 N
b10100000011110111110001001010011 8
b11000100011101010111101100101 9
#6960000
0#
0:
#6965000
1#
1:
b1010110101 2
b10100000011110111110001001010011 ,
b11000100011101010111101100101 -
b1011111100001000001110110101100 0
b10111001000010101001000110111001 1
b1010110101 3
b10100010011010001110011010101101 G
b110000001110111101011010001010 H
b111110101100110101110000001100 I
b11111011000011001011100110010111 J
b11110101111100111110010001110010101101110111111111011100010100 L
b10100010011010001110011010101101 /
b111000010101010000110111001110 7
b11111101101110111001011101100101 6
b11000100011101010111101100101 D
b10100000011110111110001001010011 C
b10101101110111111111011100010100 O
b11000100011101010111101100101 M
b10100000011110111110001001010011 N
b10010001000110100010011010 8
b110110000100001010010100110011 9
#6970000
0#
0:
#6975000
1#
1:
b1010110110 2
b10010001000110100010011010 ,
b110110000100001010010100110011 -
b11111101101110111001011101100101 0
b111000010101010000110111001110 1
b1010110110 3
b10101101110111111111011100010100 G
b10100010011010001110011010101101 H
b10100000011110111110001001010011 I
b11000100011101010111101100101 J
b111101100101000011111110001101010010101000010000011110111111 L
b10101101110111111111011100010100 /
b10110111100111111000100111100011 7
b10011011111100110001000100011110 6
b110110000100001010010100110011 D
b10010001000110100010011010 C
b1010010101000010000011110111111 O
b110110000100001010010100110011 M
b10010001000110100010011010 N
b1100100000011001110111011100001 8
b1010011100100101001101100000001 9
#6980000
0#
0:
#6985000
1#
1:
b1010110111 2
b1100100000011001110111011100001 ,
b1010011100100101001101100000001 -
b10011011111100110001000100011110 0
b10110111100111111000100111100011 1
b1010110111 3
b1010010101000010000011110111111 G
b10101101110111111111011100010100 H
b10010001000110100010011010 I
b110110000100001010010100110011 J
b1111010100100111100110110010000101011000001100010101110 L
b1010010101000010000011110111111 /
b110110111010100000010111111000 7
b111010001010101000101011010111 6
b1010011100100101001101100000001 D
b1100100000011001110111011100001 C
b10010000101011000001100010101110 O
b1010011100100101001101100000001 M
b1100100000011001110111011100001 N
b11000101110101010111010100101000 8
b1110001000101001001000011001111 9
#6990000
0#
0:
#6995000
1#
1:
b1010111000 2
b11000101110101010111010100101000 ,
b1110001000101001001000011001111 -
b111010001010101000101011010111 0
b110110111010100000010111111000 1
b1010111000 3
b10010000101011000001100010101110 G
b1010010101000010000011110111111 H
b1100100000011001110111011100001 I
b1010011100100101001101100000001 J
b10000010101001011111010110011101101000000000010010100111100001 L
b10010000101011000001100010101110 /
b10110110001101001000001000001101 7
b11011000011000100000010010010000 6
b1110001000101001001000011001111 D
b11000101110101010111010100101000 C
b1101000000000010010100111100001 O
b1110001000101001001000011001111 M
b11000101110101010111010100101000 N
b100111100111011111101101101111 8
b10001110100101101000011010011101 9
#7000000
0#
0:
#7005000
1#
1:
b1010111001 2
b100111100111011111101101101111 ,
b10001110100101101000011010011101 -
b11011000011000100000010010010000 0
b10110110001101001000001000001101 1
b1010111001 3
b1101000000000010010100111100001 G
b10010000101011000001100010101110 H
b11000101110101010111010100101000 I
b1110001000101001001000011001111 J
b101011101100011000111010100101111011000101000000011101101011000 L
b1101000000000010010100111100001 /
b110101011111101111111000100010 7
b1110110100110010111111001001001 6
b10001110100101101000011010011101 D
b100111100111011111101101101111 C
b11011000101000000011101101011000 O
b10001110100101101000011010011101 M
b100111100111011111101101101111 N
b10001001011001101000000110110110 8
b10101100000110000111110001101011 9
#7010000
0#
0:
#7015000
1#
1:
b1010111010 2
b10001001011001101000000110110110 ,
b10101100000110000111110001101011 -
b1110110100110010111111001001001 0
b110101011111101111111000100010 1
b1010111010 3
b11011000101000000011101101011000 G
b1101000000000010010100111100001 H
b100111100111011111101101101111 I
b10001110100101101000011010011101 J
b1011000010000111011001101110111100010100010010100110100010011 L
b11011000101000000011101101011000 /
b10110100110010010111101000110111 7
b10100110100001111100000000010 6
b10101100000110000111110001101011 D
b10001001011001101000000110110110 C
b11100010100010010100110100010011 O
b10101100000110000111110001101011 M
b10001001011001101000000110110110 N
b11101011001011110000011111111101 8
b11001001100110100111001000111001 9
#7020000
0#
0:
#7025000
1#
1:
b1010111011 2
b11101011001011110000011111111101 ,
b11001001100110100111001000111001 -
b10100110100001111100000000010 0
b10110100110010010111101000110111 1
b1010111011 3
b11100010100010010100110100010011 G
b11011000101000000011101101011000 H
b10001001011001101000000110110110 I
b10101100000110000111110001101011 J
b101110001011110000000111000100110000101101111000101111100010010 L
b11100010100010010100110100010011 /
b110100000100111111011001001100 7
b10110011000010000111000110111011 6
b11001001100110100111001000111001 D
b11101011001011110000011111111101 C
b10000101101111000101111100010010 O
b11001001100110100111001000111001 M
b11101011001011110000011111111101 N
b1001100111101111000111001000100 8
b11100111000111000110100000000111 9
#7030000
0#
0:
#7035000
1#
1:
b1010111100 2
b1001100111101111000111001000100 ,
b11100111000111000110100000000111 -
b10110011000010000111000110111011 0
b110100000100111111011001001100 1
b1010111100 3
b10000101101111000101111100010010 G
b11100010100010010100110100010011 H
b11101011001011110000011111111101 I
b11001001100110100111001000111001 J
b1011100100110101110100000111111111000010001110010111000101010101 L
b10000101101111000101111100010010 /
b10110011010111100111001001100001 7
b1010001001111111110101101110100 6
b11100111000111000110100000000111 D
b1001100111101111000111001000100 C
b11000010001110010111000101010101 O
b11100111000111000110100000000111 M
b1001100111101111000111001000100 N
b10101110110000000001010010001011 8
b100100111100101110111010101 9
#7040000
0#
0:
#7045000
1#
1:
b1010111101 2
b10101110110000000001010010001011 ,
b100100111100101110111010101 -
b1010001001111111110101101110100 0
b10110011010111100111001001100001 1
b1010111101 3
b11000010001110010111000101010101 G
b10000101101111000101111100010010 H
b1001100111101111000111001000100 I
b11100111000111000110100000000111 J
b100010101111011111010111011100110011000000000001000001111011100 L
b11000010001110010111000101010101 /
b110010101010001110111001110110 7
b11101111011101110110010100101101 6
b100100111100101110111010101 D
b10101110110000000001010010001011 C
b10011000000000001000001111011100 O
b100100111100101110111010101 M
b10101110110000000001010010001011 N
b10000100010001001101011010010 8
b100010001000000101001110100011 9
#7050000
0#
0:
#7055000
1#
1:
b1010111110 2
b10000100010001001101011010010 ,
b100010001000000101001110100011 -
b11101111011101110110010100101101 0
b110010101010001110111001110110 1
b1010111110 3
b10011000000000001000001111011100 G
b11000010001110010111000101010101 H
b10101110110000000001010010001011 I
b100100111100101110111010101 J
b1100100111000110101110110000000111000100011001011010100111 L
b10011000000000001000001111011100 /
b10110001111100110110101010001011 7
b10001101101011101101111011100110 6
b100010001000000101001110100011 D
b10000100010001001101011010010 C
b111000100011001011010100111 O
b100010001000000101001110100011 M
b10000100010001001101011010010 N
b1110010010100010010000100011001 8
b111111101000100100100101110001 9
#7060000
0#
0:
#7065000
1#
1:
b1010111111 2
b1110010010100010010000100011001 ,
b111111101000100100100101110001 -
b10001101101011101101111011100110 0
b10110001111100110110101010001011 1
b1010111111 3
b111000100011001011010100111 G
b10011000000000001000001111011100 H
b10000100010001001101011010010 I
b100010001000000101001110100011 J
b1000110100001110110000101000001111011011001010100110110110 L
b111000100011001011010100111 /
b110001001111011110011010100000 7
b101011111001100101100010011111 6
b111111101000100100100101110001 D
b1110010010100010010000100011001 C
b1111011011001010100110110110 O
b111111101000100100100101110001 M
b1110010010100010010000100011001 N
b11010100000110011010011101100000 8
b1011101001001000011111100111111 9
#7070000
0#
0:
#7075000
1#
1:
b1011000000 2
b11010100000110011010011101100000 ,
b1011101001001000011111100111111 -
b101011111001100101100010011111 0
b110001001111011110011010100000 1
b1011000000 3
b1111011011001010100110110110 G
b111000100011001011010100111 H
b1110010010100010010000100011001 I
b111111101000100100100101110001 J
b1110001101010011011110100011110110001000100011011110100001001 L
b1111011011001010100110110110 /
b10110000100010000110001010110101 7
b11001010000111011101001001011000 6
b1011101001001000011111100111111 D
b11010100000110011010011101100000 C
b10110001000100011011110100001001 O
b1011101001001000011111100111111 M
b11010100000110011010011101100000 N
b110101111000100010110110100111 8
b1111010101001100011010100001101 9
#7080000
0#
0:
#7085000
1#
1:
b1011000001 2
b110101111000100010110110100111 ,
b1111010101001100011010100001101 -
b11001010000111011101001001011000 0
b10110000100010000110001010110101 1
b1011000001 3
b10110001000100011011110100001001 G
b1111011011001010100110110110 H
b11010100000110011010011101100000 I
b1011101001001000011111100111111 J
b100110100101011010110011100111111101100000000001101000010100000 L
b10110001000100011011110100001001 /
b101111110100101101111011001010 7
b1101000010101010100110000010001 6
b1111010101001100011010100001101 D
b110101111000100010110110100111 C
b11101100000000001101000010100000 O
b1111010101001100011010100001101 M
b110101111000100010110110100111 N
b10010111101010101011001111101110 8
b10011000001010000010101011011011 9
#7090000
0#
0:
#7095000
1#
1:
b1011000010 2
b10010111101010101011001111101110 ,
b10011000001010000010101011011011 -
b1101000010101010100110000010001 0
b101111110100101101111011001010 1
b1011000010 3
b11101100000000001101000010100000 G
b10110001000100011011110100001001 H
b110101111000100010110110100111 I
b1111010101001100011010100001101 J
b1100111010000110001011001010111000000001110011110010001111011 L
b11101100000000001101000010100000 /
b10101111000111010101101011011111 7
b110100011001100010111001010 6
b10011000001010000010101011011011 D
b10010111101010101011001111101110 C
b11000000001110011110010001111011 O
b10011000001010000010101011011011 M
b10010111101010101011001111101110 N
b11111001011100110011101000110101 8
b10110101101010100010000010101001 9
#7100000
0#
0:
#7105000
1#
1:
b1011000011 2
b11111001011100110011101000110101 ,
b10110101101010100010000010101001 -
b110100011001100010111001010 0
b10101111000111010101101011011111 1
b1011000011 3
b11000000001110011110010001111011 G
b11101100000000001101000010100000 H
b10010111101010101011001111101110 I
b10011000001010000010101011011011 J
b101101000100101001001101110010100101101101111001111100010011010 L
b11000000001110011110010001111011 /
b101110011001111101011011110100 7
b10100100110001000011111110000011 6
b10110101101010100010000010101001 D
b11111001011100110011101000110101 C
b101101101111001111100010011010 O
b10110101101010100010000010101001 M
b11111001011100110011101000110101 N
b1011011001110111100000001111100 8
b11010011001011000001011001110111 9
#7110000
0#
0:
#7115000
1#
1:
b1011000100 2
b1011011001110111100000001111100 ,
b11010011001011000001011001110111 -
b10100100110001000011111110000011 0
b101110011001111101011011110100 1
b1011000100 3
b101101101111001111100010011010 G
b11000000001110011110010001111011 H
b11111001011100110011101000110101 I
b10110101101010100010000010101001 J
b1011000100000100001111100111111100110100100010100000110011111101 L
b101101101111001111100010011010 /
b10101101101100100101001100001001 7
b1000010111110111011100100111100 6
b11010011001011000001011001110111 D
b1011011001110111100000001111100 C
b110100100010100000110011111101 O
b11010011001011000001011001110111 M
b1011011001110111100000001111100 N
b10111101000001000100011011000011 8
b11110000101011100000110001000101 9
#7120000
0#
0:
#7125000
1#
1:
b1011000101 2
b10111101000001000100011011000011 ,
b11110000101011100000110001000101 -
b1000010111110111011100100111100 0
b10101101101100100101001100001001 1
b1011000101 3
b110100100010100000110011111101 G
b101101101111001111100010011010 H
b1011011001110111100000001111100 I
b11010011001011000001011001110111 J
b100101101000001111101011110110011010100101000010010000110100100 L
b110100100010100000110011111101 /
b101100111111001100111100011110 7
b11100001001100110011001011110101 6
b11110000101011100000110001000101 D
b10111101000001000100011011000011 C
b11010100101000010010000110100100 O
b11110000101011100000110001000101 M
b10111101000001000100011011000011 N
b11110110011001100110100001010 8
b1110001100000000001000010011 9
#7130000
0#
0:
#7135000
1#
1:
b1011000110 2
b11110110011001100110100001010 ,
b1110001100000000001000010011 -
b11100001001100110011001011110101 0
b101100111111001100111100011110 1
b1011000110 3
b11010100101000010010000110100100 G
b110100100010100000110011111101 H
b10111101000001000100011011000011 I
b11110000101011100000110001000101 J
b1011000110110100100001000100111000001110000000100011011010001111 L
b11010100101000010010000110100100 /
b10101100010001110100101100110011 7
b1111111011010101010110010101110 6
b1110001100000000001000010011 D
b11110110011001100110100001010 C
b1110000000100011011010001111 O
b1110001100000000001000010011 M
b11110110011001100110100001010 N
b10000000100101010101001101010001 8
b101011101100011111011111100001 9
#7140000
0#
0:
#7145000
1#
1:
b1011000111 2
b10000000100101010101001101010001 ,
b101011101100011111011111100001 -
b1111111011010101010110010101110 0
b10101100010001110100101100110011 1
b1011000111 3
b1110000000100011011010001111 G
b11010100101000010010000110100100 H
b11110110011001100110100001010 I
b1110001100000000001000010011 J
b110110100111110011101110011100000101011010100101110111110 L
b1110000000100011011010001111 /
b101011100100011100011101001000 7
b11101101000100010011001100111 6
b101011101100011111011111100001 D
b10000000100101010101001101010001 C
b11100000101011010100101110111110 O
b101011101100011111011111100001 M
b10000000100101010101001101010001 N
b11100010010111011101100110011000 8
b1001001001100111110110110101111 9
#7150000
0#
0:
#7155000
1#
1:
b1011001000 2
b11100010010111011101100110011000 ,
b1001001001100111110110110101111 -
b11101101000100010011001100111 0
b101011100100011100011101001000 1
b1011001000 3
b11100000101011010100101110111110 G
b1110000000100011011010001111 H
b10000000100101010101001101010001 I
b101011101100011111011111100001 J
b1010111110010011110001011111001001100101000100110000100110001 L
b11100000101011010100101110111110 /
b10101010110111000100001101011101 7
b10111011110110011010000000100000 6
b1001001001100111110110110101111 D
b11100010010111011101100110011000 C
b1001100101000100110000100110001 O
b1001001001100111110110110101111 M
b11100010010111011101100110011000 N
b1000100001001100101111111011111 8
b1100110101101011110001101111101 9
#7160000
0#
0:
#7165000
1#
1:
b1011001001 2
b1000100001001100101111111011111 ,
b1100110101101011110001101111101 -
b10111011110110011010000000100000 0
b10101010110111000100001101011101 1
b1011001001 3
b1001100101000100110000100110001 G
b11100000101011010100101110111110 H
b11100010010111011101100110011000 I
b1001001001100111110110110101111 J
b100000010111010101011011110101001010001111000010111011011101000 L
b1001100101000100110000100110001 /
b101010001001101011111101110010 7
b1011010000100010001100111011001 6
b1100110101101011110001101111101 D
b1000100001001100101111111011111 C
b1010001111000010111011011101000 O
b1100110101101011110001101111101 M
b1000100001001100101111111011111 N
b10100101111011101110011000100110 8
b10000100001101111101100101001011 9
#7170000
0#
0:
#7175000
1#
1:
b1011001010 2
b10100101111011101110011000100110 ,
b10000100001101111101100101001011 -
b1011010000100010001100111011001 0
b101010001001101011111101110010 1
b1011001010 3
b1010001111000010111011011101000 G
b1001100101000100110000100110001 H
b1000100001001100101111111011111 I
b1100110101101011110001101111101 J
b1101101010111101101011110001111110000011010101000110011100011 L
b1010001111000010111011011101000 /
b10101001011100010011101110000111 7
b11111000010010001001001110010010 6
b10000100001101111101100101001011 D
b10100101111011101110011000100110 C
b11110000011010101000110011100011 O
b10000100001101111101100101001011 M
b10100101111011101110011000100110 N
b111101101110110110001101101 8
b10100001101110011100111100011001 9
#7180000
0#
0:
#7185000
1#
1:
b1011001011 2
b111101101110110110001101101 ,
b10100001101110011100111100011001 -
b11111000010010001001001110010010 0
b10101001011100010011101110000111 1
b1011001011 3
b11110000011010101000110011100011 G
b1010001111000010111011011101000 H
b10100101111011101110011000100110 I
b10000100001101111101100101001011 J
b101010110110011011000011101011100101000001111011010001100100010 L
b11110000011010101000110011100011 /
b101000101110111011011110011100 7
b10010110100000000000110101001011 6
b10100001101110011100111100011001 D
b111101101110110110001101101 C
b101000001111011010001100100010 O
b10100001101110011100111100011001 M
b111101101110110110001101101 N
b1101001011111111111001010110100 8
b10111111001110111100010011100111 9
#7190000
0#
0:
#7195000
1#
1:
b1011001100 2
b1101001011111111111001010110100 ,
b10111111001110111100010011100111 -
b10010110100000000000110101001011 0
b101000101110111011011110011100 1
b1011001100 3
b101000001111011010001100100010 G
b11110000011010101000110011100011 H
b111101101110110110001101101 I
b10100001101110011100111100011001 J
b10011011111111101001111101111111001010110101011100110100101 L
b101000001111011010001100100010 /
b10101000000001100011001110110001 7
b110100101101111000011100000100 6
b10111111001110111100010011100111 D
b1101001011111111111001010110100 C
b11111001010110101011100110100101 O
b10111111001110111100010011100111 M
b1101001011111111111001010110100 N
b11001011010010000111100011111011 8
b11011100101111011011101010110101 9
#7200000
0#
0:
#7205000
1#
1:
b1011001101 2
b11001011010010000111100011111011 ,
b11011100101111011011101010110101 -
b110100101101111000011100000100 0
b10101000000001100011001110110001 1
b1011001101 3
b11111001010110101011100110100101 G
b101000001111011010001100100010 H
b1101001011111111111001010110100 I
b10111111001110111100010011100111 J
b100111011001111000101111011011001100011110000011101000001101100 L
b11111001010110101011100110100101 /
b100111010100001010111111000110 7
b11010010111011110000000010111101 6
b11011100101111011011101010110101 D
b11001011010010000111100011111011 C
b1100011110000011101000001101100 O
b11011100101111011011101010110101 M
b11001011010010000111100011111011 N
b101101000100001111111101000010 8
b11111010001111111011000010000011 9
#7210000
0#
0:
#7215000
1#
1:
b1011001110 2
b101101000100001111111101000010 ,
b11111010001111111011000010000011 -
b11010010111011110000000010111101 0
b100111010100001010111111000110 1
b1011001110 3
b1100011110000011101000001101100 G
b11111001010110101011100110100101 H
b11001011010010000111100011111011 I
b11011100101111011011101010110101 J
b1010111101001000111100001011101101100111011100101110011101110111 L
b1100011110000011101000001101100 /
b10100110100110110010101111011011 7
b1110001001001100111101001110110 6
b11111010001111111011000010000011 D
b101101000100001111111101000010 C
b1100111011100101110011101110111 O
b11111010001111111011000010000011 M
b101101000100001111111101000010 N
b10001110110110011000010110001001 8
b10111110000011010011001010001 9
#7220000
0#
0:
#7225000
1#
1:
b1011001111 2
b10001110110110011000010110001001 ,
b10111110000011010011001010001 -
b1110001001001100111101001110110 0
b10100110100110110010101111011011 1
b1011001111 3
b1100111011100101110011101110111 G
b1100011110000011101000001101100 H
b101101000100001111111101000010 I
b11111010001111111011000010000011 J
b10110000001101110011111000100000000100011011011111111011000110 L
b1100111011100101110011101110111 /
b100101111001011010011111110000 7
b1111010111011111010000101111 6
b10111110000011010011001010001 D
b10001110110110011000010110001001 C
b100011011011111111011000110 O
b10111110000011010011001010001 M
b10001110110110011000010110001001 N
b11110000101000100000101111010000 8
b110101010000111001110000011111 9
#7230000
0#
0:
#7235000
1#
1:
b1011010000 2
b11110000101000100000101111010000 ,
b110101010000111001110000011111 -
b1111010111011111010000101111 0
b100101111001011010011111110000 1
b1011010000 3
b100011011011111111011000110 G
b1100111011100101110011101110111 H
b10001110110110011000010110001001 I
b10111110000011010011001010001 J
b110101000001100110011100101100111010101100110001011001011001 L
b100011011011111111011000110 /
b10100101001100000010010000000101 7
b10101101100101010110110111101000 6
b110101010000111001110000011111 D
b11110000101000100000101111010000 C
b111010101100110001011001011001 O
b110101010000111001110000011111 M
b11110000101000100000101111010000 N
b1010010011010101001001000010111 8
b1010010110001011001000111101101 9
#7240000
0#
0:
#7245000
1#
1:
b1011010001 2
b1010010011010101001001000010111 ,
b1010010110001011001000111101101 -
b10101101100101010110110111101000 0
b10100101001100000010010000000101 1
b1011010001 3
b111010101100110001011001011001 G
b100011011011111111011000110 H
b11110000101000100000101111010000 I
b110101010000111001110000011111 J
b11001000010001000110011001101100001010010000100010111000110000 L
b111010101100110001011001011001 /
b100100011110101010000000011010 7
b1001011110011001110011110100001 6
b1010010110001011001000111101101 D
b1010010011010101001001000010111 C
b1010010000100010111000110000 O
b1010010110001011001000111101101 M
b1010010011010101001001000010111 N
b10110100001100110001100001011110 8
b1110000010001111000011110111011 9
#7250000
0#
0:
#7255000
1#
1:
b1011010010 2
b10110100001100110001100001011110 ,
b1110000010001111000011110111011 -
b1001011110011001110011110100001 0
b100100011110101010000000011010 1
b1011010010 3
b1010010000100010111000110000 G
b111010101100110001011001011001 H
b1010010011010101001001000010111 I
b1010010110001011001000111101101 J
b1101010100101101111011100100001110011000110110100011001001011 L
b1010010000100010111000110000 /
b10100011110001010001110000101111 7
b11101010000001000110000101011010 6
b1110000010001111000011110111011 D
b10110100001100110001100001011110 C
b1110011000110110100011001001011 O
b1110000010001111000011110111011 M
b10110100001100110001100001011110 N
b10101111110111001111010100101 8
b10001101110010010111110110001001 9
#7260000
0#
0:
#7265000
1#
1:
b1011010011 2
b10101111110111001111010100101 ,
b10001101110010010111110110001001 -
b11101010000001000110000101011010 0
b10100011110001010001110000101111 1
b1011010011 3
b1110011000110110100011001001011 G
b1010010000100010111000110000 H
b10110100001100110001100001011110 I
b1110000010001111000011110111011 J
b100111100001000101101000101111101110101001111100101111010101010 L
b1110011000110110100011001001011 /
b100011000011111001100001000100 7
b10001000001110111101101100010011 6
b10001101110010010111110110001001 D
b10101111110111001111010100101 C
b1110101001111100101111010101010 O
b10001101110010010111110110001001 M
b10101111110111001111010100101 N
b1110111110001000010010011101100 8
b10101011010010110111001101010111 9
#7270000
0#
0:
#7275000
1#
1:
b1011010100 2
b1110111110001000010010011101100 ,
b10101011010010110111001101010111 -
b10001000001110111101101100010011 0
b100011000011111001100001000100 1
b1011010100 3
b1110101001111100101111010101010 G
b1110011000110110100011001001011 H
b10101111110111001111010100101 I
b10001101110010010111110110001001 J
b110000101100111000111011100000010000101010110111011101001101 L
b1110101001111100101111010101010 /
b10100010010110100001010001011001 7
b100110011100110101010011001100 6
b10101011010010110111001101010111 D
b1110111110001000010010011101100 C
b10000101010110111011101001101 O
b10101011010010110111001101010111 M
b1110111110001000010010011101100 N
b11011001100011001010101100110011 8
b11001000110011010110100100100101 9
#7280000
0#
0:
#7285000
1#
1:
b1011010101 2
b11011001100011001010101100110011 ,
b11001000110011010110100100100101 -
b100110011100110101010011001100 0
b10100010010110100001010001011001 1
b1011010101 3
b10000101010110111011101001101 G
b1110101001111100101111010101010 H
b1110111110001000010010011101100 I
b10101011010010110111001101010111 J
b101000000100011010100010001011001000101011000101001000000110100 L
b10000101010110111011101001101 /
b100001101001001001000001101110 7
b11000100101010101100111010000101 6
b11001000110011010110100100100101 D
b11011001100011001010101100110011 C
b1000101011000101001000000110100 O
b11001000110011010110100100100101 M
b11011001100011001010101100110011 N
b111011010101010011000101111010 8
b11100110010011110101111011110011 9
#7290000
0#
0:
#7295000
1#
1:
b1011010110 2
b111011010101010011000101111010 ,
b11100110010011110101111011110011 -
b11000100101010101100111010000101 0
b100001101001001001000001101110 1
b1011010110 3
b1000101011000101001000000110100 G
b10000101010110111011101001101 H
b11011001100011001010101100110011 I
b11001000110011010110100100100101 J
b1010101010100100011101001011111100010011011000111010100101011111 L
b1000101011000101001000000110100 /
b10100000111011110000110010000011 7
b1100010111000100100100000111110 6
b11100110010011110101111011110011 D
b111011010101010011000101111010 C
b10011011000111010100101011111 O
b11100110010011110101111011110011 M
b111011010101010011000101111010 N
b10011101000111011011011111000001 8
b11110100010101010011000001 9
#7300000
0#
0:
#7305000
1#
1:
b1011010111 2
b10011101000111011011011111000001 ,
b11110100010101010011000001 -
b1100010111000100100100000111110 0
b10100000111011110000110010000011 1
b1011010111 3
b10011011000111010100101011111 G
b1000101011000101001000000110100 H
b111011010101010011000101111010 I
b11100110010011110101111011110011 J
b11010101100000111011111011111101111010101011101100001011001110 L
b10011011000111010100101011111 /
b100000001110011000100010011000 7
b1000110011100000111110111 6
b11110100010101010011000001 D
b10011101000111011011011111000001 C
b1111010101011101100001011001110 O
b11110100010101010011000001 M
b10011101000111011011011111000001 N
b11111110111001100011111000001000 8
b100001010100110100101010001111 9
#7310000
0#
0:
#7315000
1#
1:
b1011011000 2
b11111110111001100011111000001000 ,
b100001010100110100101010001111 -
b1000110011100000111110111 0
b100000001110011000100010011000 1
b1011011000 3
b1111010101011101100001011001110 G
b10011011000111010100101011111 H
b10011101000111011011011111000001 I
b11110100010101010011000001 J
b1001010111110100100110111001111011010000111101110010000001 L
b1111010101011101100001011001110 /
b10011111100001000000010010101101 7
b10011111010100010011101110110000 6
b100001010100110100101010001111 D
b11111110111001100011111000001000 C
b1111011010000111101110010000001 O
b100001010100110100101010001111 M
b11111110111001100011111000001000 N
b1100000101011101100010001001111 8
b111110110101010100000001011101 9
#7320000
0#
0:
#7325000
1#
1:
b1011011001 2
b1100000101011101100010001001111 ,
b111110110101010100000001011101 -
b10011111010100010011101110110000 0
b10011111100001000000010010101101 1
b1011011001 3
b1111011010000111101110010000001 G
b1111010101011101100001011001110 H
b11111110111001100011111000001000 I
b100001010100110100101010001111 J
b10000100101110100111001110001000010101001000101111011001111000 L
b1111011010000111101110010000001 /
b11110110011101000000011000010 7
b111101100010001011010101101001 6
b111110110101010100000001011101 D
b1100000101011101100010001001111 C
b10101001000101111011001111000 O
b111110110101010100000001011101 M
b1100000101011101100010001001111 N
b11000010011101110100101010010110 8
b1011100010101110011011000101011 9
#7330000
0#
0:
#7335000
1#
1:
b1011011010 2
b11000010011101110100101010010110 ,
b1011100010101110011011000101011 -
b111101100010001011010101101001 0
b11110110011101000000011000010 1
b1011011010 3
b10101001000101111011001111000 G
b1111011010000111101110010000001 H
b1100000101011101100010001001111 I
b111110110101010100000001011101 J
b1011110111010110111010100001101001000010011000001000010110011 L
b10101001000101111011001111000 /
b10011110000110001111110011010111 7
b11011011110000000010111100100010 6
b1011100010101110011011000101011 D
b11000010011101110100101010010110 C
b1001000010011000001000010110011 O
b1011100010101110011011000101011 M
b11000010011101110100101010010110 N
b100100001111111101000011011101 8
b1111001110110010010101111111001 9
#7340000
0#
0:
#7345000
1#
1:
b1011011011 2
b100100001111111101000011011101 ,
b1111001110110010010101111111001 -
b11011011110000000010111100100010 0
b10011110000110001111110011010111 1
b1011011011 3
b1001000010011000001000010110011 G
b10101001000101111011001111000 H
b11000010011101110100101010010110 I
b1011100010101110011011000101011 J
b100011000100101000111100111111000010100101111110010101100110010 L
b1001000010011000001000010110011 /
b11101011000110111100011101100 7
b1111001111101111010100011011011 6
b1111001110110010010101111111001 D
b100100001111111101000011011101 C
b10100101111110010101100110010 O
b1111001110110010010101111111001 M
b100100001111111101000011011101 N
b10000110000010000101011100100100 8
b10010111010110110010000111000111 9
#7350000
0#
0:
#7355000
1#
1:
b1011011100 2
b10000110000010000101011100100100 ,
b10010111010110110010000111000111 -
b1111001111101111010100011011011 0
b11101011000110111100011101100 1
b1011011100 3
b10100101111110010101100110010 G
b1001000010011000001000010110011 H
b100100001111111101000011011101 I
b1111001110110010010101111111001 J
b1000101000000111010100000101001111010011111000100010111110101 L
b10100101111110010101100110010 /
b10011100101011011111010100000001 7
b11000001011110010001010010100 6
b10010111010110110010000111000111 D
b10000110000010000101011100100100 C
b1111010011111000100010111110101 O
b10010111010110110010000111000111 M
b10000110000010000101011100100100 N
b11100111110100001101110101101011 8
b10110100110111010001011110010101 9
#7360000
0#
0:
#7365000
1#
1:
b1011011101 2
b11100111110100001101110101101011 ,
b10110100110111010001011110010101 -
b11000001011110010001010010100 0
b10011100101011011111010100000001 1
b1011011101 3
b1111010011111000100010111110101 G
b10100101111110010101100110010 H
b10000110000010000101011100100100 I
b10010111010110110010000111000111 J
b100111100111110101000100000110001111001100000110110000011111100 L
b1111010011111000100010111110101 /
b11011111110000111000100010110 7
b10110110011001101001110001001101 6
b10110100110111010001011110010101 D
b11100111110100001101110101101011 C
b1111001100000110110000011111100 O
b10110100110111010001011110010101 M
b11100111110100001101110101101011 N
b1001001100110010110001110110010 8
b11010010010111110000110101100011 9
#7370000
0#
0:
#7375000
1#
1:
b1011011110 2
b1001001100110010110001110110010 ,
b11010010010111110000110101100011 -
b10110110011001101001110001001101 0
b11011111110000111000100010110 1
b1011011110 3
b1111001100000110110000011111100 G
b1111010011111000100010111110101 H
b11100111110100001101110101101011 I
b10110100110111010001011110010101 J
b1010001111000111000100000101100100010001110101000111110001000111 L
b1111001100000110110000011111100 /
b10011011010000101110110100101011 7
b1010100100111100001011000000110 6
b11010010010111110000110101100011 D
b1001001100110010110001110110010 C
b10001110101000111110001000111 O
b11010010010111110000110101100011 M
b1001001100110010110001110110010 N
b10101011011000011110100111111001 8
b11101111111000010000001100110001 9
#7380000
0#
0:
#7385000
1#
1:
b1011011111 2
b10101011011000011110100111111001 ,
b11101111111000010000001100110001 -
b1010100100111100001011000000110 0
b10011011010000101110110100101011 1
b1011011111 3
b10001110101000111110001000111 G
b1111001100000110110000011111100 H
b1001001100110010110001110110010 I
b11010010010111110000110101100011 J
b11110001111011001001111000110101000011011011111001011111010110 L
b10001110101000111110001000111 /
b11010100011010110100101000000 7
b11110010110101011000111110111111 6
b11101111111000010000001100110001 D
b10101011011000011110100111111001 C
b1000011011011111001011111010110 O
b11101111111000010000001100110001 M
b10101011011000011110100111111001 N
b1101001010100111000001000000 8
b1101011000101111100011111111 9
#7390000
0#
0:
#7395000
1#
1:
b1011100000 2
b1101001010100111000001000000 ,
b1101011000101111100011111111 -
b11110010110101011000111110111111 0
b11010100011010110100101000000 1
b1011100000 3
b1000011011011111001011111010110 G
b10001110101000111110001000111 H
b10101011011000011110100111111001 I
b11101111111000010000001100110001 J
b1010000010010111000011001010000100001110010101001011001110101001 L
b1000011011011111001011111010110 /
b10011001110101111110010101010101 7
b10010001000011010000100101111000 6
b1101011000101111100011111111 D
b1101001010100111000001000000 C
b1110010101001011001110101001 O
b1101011000101111100011111111 M
b1101001010100111000001000000 N
b1101110111100101111011010000111 8
b101010111001001110111011001101 9
#7400000
0#
0:
#7405000
1#
1:
b1011100001 2
b1101110111100101111011010000111 ,
b101010111001001110111011001101 -
b10010001000011010000100101111000 0
b10011001110101111110010101010101 1
b1011100001 3
b1110010101001011001110101001 G
b1000011011011111001011111010110 H
b1101001010100111000001000000 I
b1101011000101111100011111111 J
b10110000001111101100000001110010100000111100111111000000 L
b1110010101001011001110101001 /
b11001001000100110000101101010 7
b101111010001001000001100110001 6
b101010111001001110111011001101 D
b1101110111100101111011010000111 C
b1110010100000111100111111000000 O
b101010111001001110111011001101 M
b1101110111100101111011010000111 N
b11010000101110110111110011001110 8
b1001000011001101110010010011011 9
#7410000
0#
0:
#7415000
1#
1:
b1011100010 2
b11010000101110110111110011001110 ,
b1001000011001101110010010011011 -
b101111010001001000001100110001 0
b11001001000100110000101101010 1
b1011100010 3
b1110010100000111100111111000000 G
b1110010101001011001110101001 H
b1101110111100101111011010000111 I
b101010111001001110111011001101 J
b1001010010111000101000101010001101111111111001110110000011011 L
b1110010100000111100111111000000 /
b10011000011011001101110101111111 7
b11001101011110111111110011101010 6
b1001000011001101110010010011011 D
b11010000101110110111110011001110 C
b1101111111111001110110000011011 O
b1001000011001101110010010011011 M
b11010000101110110111110011001110 N
b110010100001000000001100010101 8
b1100101111010001101101001101001 9
#7420000
0#
0:
#7425000
1#
1:
b1011100011 2
b110010100001000000001100010101 ,
b1100101111010001101101001101001 -
b11001101011110111111110011101010 0
b10011000011011001101110101111111 1
b1011100011 3
b1101111111111001110110000011011 G
b1110010100000111100111111000000 H
b11010000101110110111110011001110 I
b1001000011001101110010010011011 J
b11101100001000101000000011001100000110110000000000100010111010 L
b1101111111111001110110000011011 /
b10111101101110101100110010100 7
b1101011101100110111011010100011 6
b1100101111010001101101001101001 D
b110010100001000000001100010101 C
b110110000000000100010111010 O
b1100101111010001101101001101001 M
b110010100001000000001100010101 N
b10010100010011001000100101011100 8
b10000011011010101101000000110111 9
#7430000
0#
0:
#7435000
1#
1:
b1011100100 2
b10010100010011001000100101011100 ,
b10000011011010101101000000110111 -
b1101011101100110111011010100011 0
b10111101101110101100110010100 1
b1011100100 3
b110110000000000100010111010 G
b1101111111111001110110000011011 H
b110010100001000000001100010101 I
b1100101111010001101101001101001 J
b1010000011100000001111111001100110110110011010010010110011101 L
b110110000000000100010111010 /
b10010111000000011101010110101001 7
b1001111010101111000001011100 6
b10000011011010101101000000110111 D
b10010100010011001000100101011100 C
b110110110011010010010110011101 O
b10000011011010101101000000110111 M
b10010100010011001000100101011100 N
b11110110000101010000111110100011 8
b10100000111011001100011000000101 9
#7440000
0#
0:
#7445000
1#
1:
b1011100101 2
b11110110000101010000111110100011 ,
b10100000111011001100011000000101 -
b1001111010101111000001011100 0
b10010111000000011101010110101001 1
b1011100101 3
b110110110011010010010110011101 G
b110110000000000100010111010 H
b10010100010011001000100101011100 I
b10000011011010101101000000110111 J
b100110000100001000010101001100100000000001001000100001011000100 L
b110110110011010010010110011101 /
b10110010011000101000110111110 7
b10101000001000100110101000010101 6
b10100000111011001100011000000101 D
b11110110000101010000111110100011 C
b1001000100001011000100 O
b10100000111011001100011000000101 M
b11110110000101010000111110100011 N
b1010111110111011001010111101010 8
b10111110011011101011101111010011 9
#7450000
0#
0:
#7455000
1#
1:
b1011100110 2
b1010111110111011001010111101010 ,
b10111110011011101011101111010011 -
b10101000001000100110101000010101 0
b10110010011000101000110111110 1
b1011100110 3
b1001000100001011000100 G
b110110110011010010010110011101 H
b11110110000101010000111110100011 I
b10100000111011001100011000000101 J
b1001101010110000110000111000100101100010110001010110000000101111 L
b1001000100001011000100 /
b10010101100101101100110111010011 7
b1000110010110011110001111001110 6
b10111110011011101011101111010011 D
b1010111110111011001010111101010 C
b1100010110001010110000000101111 O
b10111110011011101011101111010011 M
b1010111110111011001010111101010 N
b10111001101001100001110000110001 8
b11011011111100001011000110100001 9
#7460000
0#
0:
#7465000
1#
1:
b1011100111 2
b10111001101001100001110000110001 ,
b11011011111100001011000110100001 -
b1000110010110011110001111001110 0
b10010101100101101100110111010011 1
b1011100111 3
b1100010110001010110000000101111 G
b1001000100001011000100 H
b1010111110111011001010111101010 I
b10111110011011101011101111010011 J
b100000101011100011101101111000101011110101100000111110111011110 L
b1100010110001010110000000101111 /
b10100111000010100100111101000 7
b11100100100100010101110110000111 6
b11011011111100001011000110100001 D
b10111001101001100001110000110001 C
b1011110101100000111110111011110 O
b11011011111100001011000110100001 M
b10111001101001100001110000110001 N
b11011011011101010001001111000 8
b11111001011100101010011101101111 9
#7470000
0#
0:
#7475000
1#
1:
b1011101000 2
b11011011011101010001001111000 ,
b11111001011100101010011101101111 -
b11100100100100010101110110000111 0
b10100111000010100100111101000 1
b1011101000 3
b1011110101100000111110111011110 G
b1100010110001010110000000101111 H
b10111001101001100001110000110001 I
b11011011111100001011000110100001 J
b1001111101111111101001101010100011110011111001011001101111010001 L
b1011110101100000111110111011110 /
b10010100001010111100010111111101 7
b10000010110010001101011101000000 6
b11111001011100101010011101101111 D
b11011011011101010001001111000 C
b11110011111001011001101111010001 O
b11111001011100101010011101101111 M
b11011011011101010001001111000 N
b1111101001101110010100010111111 8
b10110111101001001110100111101 9
#7480000
0#
0:
#7485000
1#
1:
b1011101001 2
b1111101001101110010100010111111 ,
b10110111101001001110100111101 -
b10000010110010001101011101000000 0
b10010100001010111100010111111101 1
b1011101001 3
b11110011111001011001101111010001 G
b1011110101100000111110111011110 H
b11011011011101010001001111000 I
b11111001011100101010011101101111 J
b1101010111010111001010011110000100010011001001011101000001000 L
b11110011111001011001101111010001 /
b10011011101100100001000010010 7
b100001000000000101000011111001 6
b10110111101001001110100111101 D
b1111101001101110010100010111111 C
b100010011001001011101000001000 O
b10110111101001001110100111101 M
b1111101001101110010100010111111 N
b11011110111111111010111100000110 8
b110100011101101001001100001011 9
#7490000
0#
0:
#7495000
1#
1:
b1011101010 2
b11011110111111111010111100000110 ,
b110100011101101001001100001011 -
b100001000000000101000011111001 0
b10011011101100100001000010010 1
b1011101010 3
b100010011001001011101000001000 G
b11110011111001011001101111010001 H
b1111101001101110010100010111111 I
b10110111101001001110100111101 J
b101100111010011000101111101111101010001011011101100010000011 L
b100010011001001011101000001000 /
b10010010110000001011111000100111 7
b10111111001101111100101010110010 6
b110100011101101001001100001011 D
b11011110111111111010111100000110 C
b11101010001011011101100010000011 O
b110100011101101001001100001011 M
b11011110111111111010111100000110 N
b1000000110010000011010101001101 8
b1010001111110001000100011011001 9
#7500000
0#
0:
#7505000
1#
1:
b1011101011 2
b1000000110010000011010101001101 ,
b1010001111110001000100011011001 -
b10111111001101111100101010110010 0
b10010010110000001011111000100111 1
b1011101011 3
b11101010001011011101100010000011 G
b100010011001001011101000001000 H
b11011110111111111010111100000110 I
b110100011101101001001100001011 J
b10110110110011001110010111111001001011010000001111011101000010 L
b11101010001011011101100010000011 /
b10010000010110011101000111100 7
b1011101011011110100010001101011 6
b1010001111110001000100011011001 D
b1000000110010000011010101001101 C
b1001011010000001111011101000010 O
b1010001111110001000100011011001 M
b1000000110010000011010101001101 N
b10100010100100001011101110010100 8
b1101111011110100111111010100111 9
#7510000
0#
0:
#7515000
1#
1:
b1011101100 2
b10100010100100001011101110010100 ,
b1101111011110100111111010100111 -
b1011101011011110100010001101011 0
b10010000010110011101000111100 1
b1011101100 3
b1001011010000001111011101000010 G
b11101010001011011101100010000011 H
b1000000110010000011010101001101 I
b1010001111110001000100011011001 J
b1010010111110001111010111001001000101100111100001011001000101 L
b1001011010000001111011101000010 /
b10010001010101011011011001010001 7
b11111011101001101011111000100100 6
b1101111011110100111111010100111 D
b10100010100100001011101110010100 C
b1000101100111100001011001000101 O
b1101111011110100111111010100111 M
b10100010100100001011101110010100 N
b100010110010100000111011011 8
b10001100111111000111010001110101 9
#7520000
0#
0:
#7525000
1#
1:
b1011101101 2
b100010110010100000111011011 ,
b10001100111111000111010001110101 -
b11111011101001101011111000100100 0
b10010001010101011011011001010001 1
b1011101101 3
b1000101100111100001011001000101 G
b1001011010000001111011101000010 H
b10100010100100001011101110010100 I
b1101111011110100111111010100111 J
b100011011001010100010101011101111011001010001010011010110001100 L
b1000101100111100001011001000101 /
b10000101000000011001001100110 7
b10011001110111100011011111011101 6
b10001100111111000111010001110101 D
b100010110010100000111011011 C
b11011001010001010011010110001100 O
b10001100111111000111010001110101 M
b100010110010100000111011011 N
b1100110001000011100100000100010 8
b10101010011111100110101001000011 9
#7530000
0#
0:
#7535000
1#
1:
b1011101110 2
b1100110001000011100100000100010 ,
b10101010011111100110101001000011 -
b10011001110111100011011111011101 0
b10000101000000011001001100110 1
b1011101110 3
b11011001010001010011010110001100 G
b1000101100111100001011001000101 H
b100010110010100000111011011 I
b10001100111111000111010001110101 J
b1001100101000110011101101100000110001101100101010100010111 L
b11011001010001010011010110001100 /
b10001111111010101010111001111011 7
b111000000101011011000110010110 6
b10101010011111100110101001000011 D
b1100110001000011100100000100010 C
b110001101100101010100010111 O
b10101010011111100110101001000011 M
b1100110001000011100100000100010 N
b11000111111010100100111001101001 8
b11001000000000000110000000010001 9
#7540000
0#
0:
#7545000
1#
1:
b1011101111 2
b11000111111010100100111001101001 ,
b11001000000000000110000000010001 -
b111000000101011011000110010110 0
b10001111111010101010111001111011 1
b1011101111 3
b110001101100101010100010111 G
b11011001010001010011010110001100 H
b1100110001000011100100000100010 I
b10101010011111100110101001000011 J
b100010000000100110111011110101111001100011100010111010011100110 L
b110001101100101010100010111 /
b1111001101010010101010010000 7
b11010110010011010010101101001111 6
b11001000000000000110000000010001 D
b11000111111010100100111001101001 C
b11001100011100010111010011100110 O
b11001000000000000110000000010001 M
b11000111111010100100111001101001 N
b101001101100101101010010110000 8
b11100101100000100101010111011111 9
#7550000
0#
0:
#7555000
1#
1:
b1011110000 2
b101001101100101101010010110000 ,
b11100101100000100101010111011111 -
b11010110010011010010101101001111 0
b1111001101010010101010010000 1
b1011110000 3
b11001100011100010111010011100110 G
b110001101100101010100010111 H
b11000111111010100100111001101001 I
b11001000000000000110000000010001 J
b1001110000101111010110000100011100101011111101101001010011111001 L
b11001100011100010111010011100110 /
b10001110011111111010011010100101 7
b1110100100001001010010100001000 6
b11100101100000100101010111011111 D
b101001101100101101010010110000 C
b101011111101101001010011111001 O
b11100101100000100101010111011111 M
b101001101100101101010010110000 N
b10001011011110110101101011110111 8
b11000001000100101110101101 9
#7560000
0#
0:
#7565000
1#
1:
b1011110001 2
b10001011011110110101101011110111 ,
b11000001000100101110101101 -
b1110100100001001010010100001000 0
b10001110011111111010011010100101 1
b1011110001 3
b101011111101101001010011111001 G
b11001100011100010111010011100110 H
b101001101100101101010010110000 I
b11100101100000100101010111011111 J
b10010101100010001100110000111000100100110001011011010101010000 L
b101011111101101001010011111001 /
b1101110010100010001010111010 7
b10010101111000001111011000001 6
b11000001000100101110101101 D
b10001011011110110101101011110111 C
b100100110001011011010101010000 O
b11000001000100101110101101 M
b10001011011110110101101011110111 N
b11101101010000111110000100111110 8
b100000100001100100000101111011 9
#7570000
0#
0:
#7575000
1#
1:
b1011110010 2
b11101101010000111110000100111110 ,
b100000100001100100000101111011 -
b10010101111000001111011000001 0
b1101110010100010001010111010 1
b1011110010 3
b100100110001011011010101010000 G
b101011111101101001010011111001 H
b10001011011110110101101011110111 I
b11000001000100101110101101 J
b110100100110010010011100110110110110111101101010111101011 L
b100100110001011011010101010000 /
b10001101000101001001111011001111 7
b10110000111100111001100001111010 6
b100000100001100100000101111011 D
b11101101010000111110000100111110 C
b10110110110111101101010111101011 O
b100000100001100100000101111011 M
b11101101010000111110000100111110 N
b1001111000011000110011110000101 8
b111110000010000011011101001001 9
#7580000
0#
0:
#7585000
1#
1:
b1011110011 2
b1001111000011000110011110000101 ,
b111110000010000011011101001001 -
b10110000111100111001100001111010 0
b10001101000101001001111011001111 1
b1011110011 3
b10110110110111101101010111101011 G
b100100110001011011010101010000 H
b11101101010000111110000100111110 I
b100000100001100100000101111011 J
b1111000100100111010100101111111100010010000011111011011001010 L
b10110110110111101101010111101011 /
b1100010111110001101011100100 7
b1001111001010110001001000110011 6
b111110000010000011011101001001 D
b1001111000011000110011110000101 C
b11100010010000011111011011001010 O
b111110000010000011011101001001 M
b1001111000011000110011110000101 N
b10110000110101001110110111001100 8
b1011011100010100010110100010111 9
#7590000
0#
0:
#7595000
1#
1:
b1011110100 2
b10110000110101001110110111001100 ,
b1011011100010100010110100010111 -
b1001111001010110001001000110011 0
b1100010111110001101011100100 1
b1011110100 3
b11100010010000011111011011001010 G
b10110110110111101101010111101011 H
b1001111000011000110011110000101 I
b111110000010000011011101001001 J
b1001100100111100010101000011110100110111011110001011111101101 L
b11100010010000011111011011001010 /
b10001011101010011001011011111001 7
b11101101011000101000101111101100 6
b1011011100010100010110100010111 D
b10110000110101001110110111001100 C
b10100110111011110001011111101101 O
b1011011100010100010110100010111 M
b10110000110101001110110111001100 N
b10010100111010111010000010011 8
b1111001000011000010001011100101 9
#7600000
0#
0:
#7605000
1#
1:
b1011110101 2
b10010100111010111010000010011 ,
b1111001000011000010001011100101 -
b11101101011000101000101111101100 0
b10001011101010011001011011111001 1
b1011110101 3
b10100110111011110001011111101101 G
b11100010010000011111011011001010 H
b10110000110101001110110111001100 I
b1011011100010100010110100010111 J
b11111100111011001000100111010100000100111001100011100101010100 L
b10100110111011110001011111101101 /
b1010111101000001001100001110 7
b10001011100110100000010110100101 6
b1111001000011000010001011100101 D
b10010100111010111010000010011 C
b100111001100011100101010100 O
b1111001000011000010001011100101 M
b10010100111010111010000010011 N
b1110100011001011111101001011010 8
b10010110100011100001100010110011 9
#7610000
0#
0:
#7615000
1#
1:
b1011110110 2
b1110100011001011111101001011010 ,
b10010110100011100001100010110011 -
b10001011100110100000010110100101 0
b1010111101000001001100001110 1
b1011110110 3
b100111001100011100101010100 G
b10100110111011110001011111101101 H
b10010100111010111010000010011 I
b1111001000011000010001011100101 J
b100011001101010011011100011111111100001001110101101011111111 L
b100111001100011100101010100 /
b10001010001111101000111100100011 7
b101001110100010111111101011110 6
b10010110100011100001100010110011 D
b1110100011001011111101001011010 C
b11111100001001110101101011111111 O
b10010110100011100001100010110011 M
b1110100011001011111101001011010 N
b11010110001011101000000010100001 8
b10110100000100000000111010000001 9
#7620000
0#
0:
#7625000
1#
1:
b1011110111 2
b11010110001011101000000010100001 ,
b10110100000100000000111010000001 -
b101001110100010111111101011110 0
b10001010001111101000111100100011 1
b1011110111 3
b11111100001001110101101011111111 G
b100111001100011100101010100 H
b1110100011001011111101001011010 I
b10010110100011100001100010110011 J
b100010001110100010111000111110010001100101100100111110011101110 L
b11111100001001110101101011111111 /
b1001100010010000101100111000 7
b11001000000010001111100100010111 6
b10110100000100000000111010000001 D
b11010110001011101000000010100001 C
b10001100101100100111110011101110 O
b10110100000100000000111010000001 M
b11010110001011101000000010100001 N
b110111111101110000011011101000 8
b11010001100100100000010001001111 9
#7630000
0#
0:
#7635000
1#
1:
b1011111000 2
b110111111101110000011011101000 ,
b11010001100100100000010001001111 -
b11001000000010001111100100010111 0
b1001100010010000101100111000 1
b1011111000 3
b10001100101100100111110011101110 G
b11111100001001110101101011111111 H
b11010110001011101000000010100001 I
b10110100000100000000111010000001 J
b1001011010100110001000010111101110110110100001111001111100100001 L
b10001100101100100111110011101110 /
b10001000110100111000011101001101 7
b1100110010000000111001011010000 6
b11010001100100100000010001001111 D
b110111111101110000011011101000 C
b10110110100001111001111100100001 O
b11010001100100100000010001001111 M
b110111111101110000011011101000 N
b10011001101111111000110100101111 8
b11101111000100111111101000011101 9
#7640000
0#
0:
#7645000
1#
1:
b1011111001 2
b10011001101111111000110100101111 ,
b11101111000100111111101000011101 -
b1100110010000000111001011010000 0
b10001000110100111000011101001101 1
b1011111001 3
b10110110100001111001111100100001 G
b10001100101100100111110011101110 H
b110111111101110000011011101000 I
b11010001100100100000010001001111 J
b10110111010000100110000111011001111001101001101100000110011000 L
b10110110100001111001111100100001 /
b1000000111100000001101100010 7
b100011101111110110010001001 6
b11101111000100111111101000011101 D
b10011001101111111000110100101111 C
b1111001101001101100000110011000 O
b11101111000100111111101000011101 M
b10011001101111111000110100101111 N
b11111011100010000001001101110110 8
b1100100101011110111111101011 9
#7650000
0#
0:
#7655000
1#
1:
b1011111010 2
b11111011100010000001001101110110 ,
b1100100101011110111111101011 -
b100011101111110110010001001 0
b1000000111100000001101100010 1
b1011111010 3
b1111001101001101100000110011000 G
b10110110100001111001111100100001 H
b10011001101111111000110100101111 I
b11101111000100111111101000011101 J
b1000111110010101110101000011110011010110000011111110010001010011 L
b1111001101001101100000110011000 /
b10000111011010000111111101110111 7
b10100010101011110110011001000010 6
b1100100101011110111111101011 D
b11111011100010000001001101110110 C
b11010110000011111110010001010011 O
b1100100101011110111111101011 M
b11111011100010000001001101110110 N
b1011101010100001001100110111101 8
b101010000101111110010110111001 9
#7660000
0#
0:
#7665000
1#
1:
b1011111011 2
b1011101010100001001100110111101 ,
b101010000101111110010110111001 -
b10100010101011110110011001000010 0
b10000111011010000111111101110111 1
b1011111011 3
b11010110000011111110010001010011 G
b1111001101001101100000110011000 H
b11111011100010000001001101110110 I
b1100100101011110111111101011 J
b110001011101101100101101011111001011110000110000011101010010 L
b11010110000011111110010001010011 /
b110101100101111101110001100 7
b1000000111001101101111111111011 6
b101010000101111110010110111001 D
b1011101010100001001100110111101 C
b11001011110000110000011101010010 O
b101010000101111110010110111001 M
b1011101010100001001100110111101 N
b10111111000110010010000000000100 8
b1000111100110011101101110000111 9
#7670000
0#
0:
#7675000
1#
1:
b1011111100 2
b10111111000110010010000000000100 ,
b1000111100110011101101110000111 -
b1000000111001101101111111111011 0
b110101100101111101110001100 1
b1011111100 3
b11001011110000110000011101010010 G
b11010110000011111110010001010011 H
b1011101010100001001100110111101 I
b101010000101111110010110111001 J
b111101010111111011110011001101011010110000000010101010010101 L
b11001011110000110000011101010010 /
b10000101111111010111011110100001 7
b11011111000111100101100110110100 6
b1000111100110011101101110000111 D
b10111111000110010010000000000100 C
b1011010110000000010101010010101 O
b1000111100110011101101110000111 M
b10111111000110010010000000000100 N
b100000111000011010011001001011 8
b1100101000110111101000101010101 9
#7680000
0#
0:
#7685000
1#
1:
b1011111101 2
b100000111000011010011001001011 ,
b1100101000110111101000101010101 -
b11011111000111100101100110110100 0
b10000101111111010111011110100001 1
b1011111101 3
b1011010110000000010101010010101 G
b11001011110000110000011101010010 H
b10111111000110010010000000000100 I
b1000111100110011101101110000111 J
b11010101110010110100011100010010000011000001110100111000011100 L
b1011010110000000010101010010101 /
b101010001111111001110110110 7
b1111101010101011101001101101101 6
b1100101000110111101000101010101 D
b100000111000011010011001001011 C
b10000011000001110100111000011100 O
b1100101000110111101000101010101 M
b100000111000011010011001001011 N
b10000010101010100010110010010010 8
b10000010100111011100011100100011 9
#7690000
0#
0:
#7695000
1#
1:
b1011111110 2
b10000010101010100010110010010010 ,
b10000010100111011100011100100011 -
b1111101010101011101001101101101 0
b101010001111111001110110110 1
b1011111110 3
b10000011000001110100111000011100 G
b1011010110000000010101010010101 H
b100000111000011010011001001011 I
b1100101000110111101000101010101 J
b110011111100100110010100101101000100100110000111000111100111 L
b10000011000001110100111000011100 /
b10000100100100100110111111001011 7
b11011100011010100110100100110 6
b10000010100111011100011100100011 D
b10000010101010100010110010010010 C
b1000100100110000111000111100111 O
b10000010100111011100011100100011 M
b10000010101010100010110010010010 N
b11100100011100101011001011011001 8
b10100000000111111011110011110001 9
#7700000
0#
0:
#7705000
1#
1:
b1011111111 2
b11100100011100101011001011011001 ,
b10100000000111111011110011110001 -
b11011100011010100110100100110 0
b10000100100100100110111111001011 1
b1011111111 3
b1000100100110000111000111100111 G
b10000011000001110100111000011100 H
b10000010101010100010110010010010 I
b10000010100111011100011100100011 J
b100001010101010111100101010001110011111011100111001010111110110 L
b1000100100110000111000111100111 /
b11110111001110101111100000 7
b10111001110001001100011011011111 6
b10100000000111111011110011110001 D
b11100100011100101011001011011001 C
b10011111011100111001010111110110 O
b10100000000111111011110011110001 M
b11100100011100101011001011011001 N
b1000110001110110011100100100000 8
b10111101101000011011001010111111 9
#7710000
0#
0:
#7715000
1#
1:
b1100000000 2
b1000110001110110011100100100000 ,
b10111101101000011011001010111111 -
b10111001110001001100011011011111 0
b11110111001110101111100000 1
b1100000000 3
b10011111011100111001010111110110 G
b1000100100110000111000111100111 H
b11100100011100101011001011011001 I
b10100000000111111011110011110001 J
b1000111011100100000000100100011010010011100110001011101001001001 L
b10011111011100111001010111110110 /
b10000011001001110110011111110101 7
b1010111111111000100000010011000 6
b10111101101000011011001010111111 D
b1000110001110110011100100100000 C
b10010011100110001011101001001001 O
b10111101101000011011001010111111 M
b1000110001110110011100100100000 N
b10101000000000111011111101100111 8
b11011011001000111010100010001101 9
#7720000
0#
0:
#7725000
1#
1:
b1100000001 2
b10101000000000111011111101100111 ,
b11011011001000111010100010001101 -
b1010111111111000100000010011000 0
b10000011001001110110011111110101 1
b1100000001 3
b10010011100110001011101001001001 G
b10011111011100111001010111110110 H
b1000110001110110011100100100000 I
b10111101101000011011001010111111 J
b11010000000110000101010111010100100001000001111101111011100000 L
b10010011100110001011101001001001 /
b10011100011110010000001010 7
b11110110001100111011101001010001 6
b11011011001000111010100010001101 D
b10101000000000111011111101100111 C
b100001000001111101111011100000 O
b11011011001000111010100010001101 M
b10101000000000111011111101100111 N
b1001110011000100010110101110 8
b11111000101001011001111001011011 9
#7730000
0#
0:
#7735000
1#
1:
b1100000010 2
b1001110011000100010110101110 ,
b11111000101001011001111001011011 -
b11110110001100111011101001010001 0
b10011100011110010000001010 1
b1100000010 3
b100001000001111101111011100000 G
b10010011100110001011101001001001 H
b10101000000000111011111101100111 I
b11011011001000111010100010001101 J
b1000111111010010100110111101111101000111110000010000001110111011 L
b100001000001111101111011100000 /
b10000001101111000110000000011111 7
b10010100011010110011010000001010 6
b11111000101001011001111001011011 D
b1001110011000100010110101110 C
b1000111110000010000001110111011 O
b11111000101001011001111001011011 M
b1001110011000100010110101110 N
b1101011100101001100101111110101 8
b10110001001111001010000101001 9
#7740000
0#
0:
#7745000
1#
1:
b1100000011 2
b1101011100101001100101111110101 ,
b10110001001111001010000101001 -
b10010100011010110011010000001010 0
b10000001101111000110000000011111 1
b1100000011 3
b1000111110000010000001110111011 G
b100001000001111101111011100000 H
b1001110011000100010110101110 I
b11111000101001011001111001011011 J
b100110000100001110100011100100000111110001000010100011011010 L
b1000111110000010000001110111011 /
b1000001101101110000110100 7
b110010101000101010110111000011 6
b10110001001111001010000101001 D
b1101011100101001100101111110101 C
b111110001000010100011011010 O
b10110001001111001010000101001 M
b1101011100101001100101111110101 N
b11001101010111010101001000111100 8
b110011101010011000100111110111 9
#7750000
0#
0:
#7755000
1#
1:
b1100000100 2
b11001101010111010101001000111100 ,
b110011101010011000100111110111 -
b110010101000101010110111000011 0
b1000001101101110000110100 1
b1100000100 3
b111110001000010100011011010 G
b1000111110000010000001110111011 H
b1101011100101001100101111110101 I
b10110001001111001010000101001 J
b100101001111011010110111010101100001000100010100111000111101 L
b111110001000010100011011010 /
b10000000010100010101100001001001 7
b11010000110110100010011101111100 6
b110011101010011000100111110111 D
b11001101010111010101001000111100 C
b1100001000100010100111000111101 O
b110011101010011000100111110111 M
b11001101010111010101001000111100 N
b101111001001011101100010000011 8
b1010001001010110111111111000101 9
#7760000
0#
0:
#7765000
1#
1:
b1100000101 2
b101111001001011101100010000011 ,
b1010001001010110111111111000101 -
b11010000110110100010011101111100 0
b10000000010100010101100001001001 1
b1100000101 3
b1100001000100010100111000111101 G
b111110001000010100011011010 H
b11001101010111010101001000111100 I
b110011101010011000100111110111 J
b10100101110001100110001010101001010011101010000111001111100100 L
b1100001000100010100111000111101 /
b11111111100110111101010001011110 7
b1101111000100011010000100110101 6
b1010001001010110111111111000101 D
b101111001001011101100010000011 C
b1010011101010000111001111100100 O
b1010001001010110111111111000101 M
b101111001001011101100010000011 N
b10010000111011100101111011001010 8
b1101110101011010111010110010011 9
#7770000
0#
0:
#7775000
1#
1:
b1100000110 2
b10010000111011100101111011001010 ,
b1101110101011010111010110010011 -
b1101111000100011010000100110101 0
b11111111100110111101010001011110 1
b1100000110 3
b1010011101010000111001111100100 G
b1100001000100010100111000111101 H
b101111001001011101100010000011 I
b1010001001010110111111111000101 J
b111011110010111111000110010011011111100010011001100111001111 L
b1010011101010000111001111100100 /
b1111110111001100101000001110011 7
b1101010010010001101011101110 6
b1101110101011010111010110010011 D
b10010000111011100101111011001010 C
b11011111100010011001100111001111 O
b1101110101011010111010110010011 M
b10010000111011100101111011001010 N
b11110010101101101110010100010001 8
b10001100001011110110101101100001 9
#7780000
0#
0:
#7785000
1#
1:
b1100000111 2
b11110010101101101110010100010001 ,
b10001100001011110110101101100001 -
b1101010010010001101011101110 0
b1111110111001100101000001110011 1
b1100000111 3
b11011111100010011001100111001111 G
b1010011101010000111001111100100 H
b10010000111011100101111011001010 I
b1101110101011010111010110010011 J
b11111010101000101000000110000100000100101101001011111111111110 L
b11011111100010011001100111001111 /
b11111110001100001100110010001000 7
b10101011100000001001010010100111 6
b10001100001011110110101101100001 D
b11110010101101101110010100010001 C
b100101101001011111111111110 O
b10001100001011110110101101100001 M
b11110010101101101110010100010001 N
b1010100011111110110101101011000 8
b10101001101100010110000100101111 9
#7790000
0#
0:
#7795000
1#
1:
b1100001000 2
b1010100011111110110101101011000 ,
b10101001101100010110000100101111 -
b10101011100000001001010010100111 0
b11111110001100001100110010001000 1
b1100001000 3
b100101101001011111111111110 G
b11011111100010011001100111001111 H
b11110010101101101110010100010001 I
b10001100001011110110101101100001 J
b1000010011101000111110101010011111000011001010011110011001110001 L
b100101101001011111111111110 /
b1111101011110110100100010011101 7
b1001001101110000000111001100000 6
b10101001101100010110000100101111 D
b1010100011111110110101101011000 C
b11000011001010011110011001110001 O
b10101001101100010110000100101111 M
b1010100011111110110101101011000 N
b10110110010001111111000110011111 8
b11000111001100110101011011111101 9
#7800000
0#
0:
#7805000
1#
1:
b1100001001 2
b10110110010001111111000110011111 ,
b11000111001100110101011011111101 -
b1001001101110000000111001100000 0
b1111101011110110100100010011101 1
b1100001001 3
b11000011001010011110011001110001 G
b100101101001011111111111110 H
b1010100011111110110101101011000 I
b10101001101100010110000100101111 J
b11100000000010101010100000101000011010111010010000110100101000 L
b11000011001010011110011001110001 /
b11111100110001011100010010110010 7
b11100111111011111000100000011001 6
b11000111001100110101011011111101 D
b10110110010001111111000110011111 C
b11010111010010000110100101000 O
b11000111001100110101011011111101 M
b10110110010001111111000110011111 N
b11000000100000111011111100110 8
b11100100101101010100110011001011 9
#7810000
0#
0:
#7815000
1#
1:
b1100001010 2
b11000000100000111011111100110 ,
b11100100101101010100110011001011 -
b11100111111011111000100000011001 0
b11111100110001011100010010110010 1
b1100001010 3
b11010111010010000110100101000 G
b11000011001010011110011001110001 H
b10110110010001111111000110011111 I
b11000111001100110101011011111101 J
b1000110111010110011110110001100000001011111100100011010000100011 L
b11010111010010000110100101000 /
b1111100000100000100000011000111 7
b10000110001001110000000111010010 6
b11100100101101010100110011001011 D
b11000000100000111011111100110 C
b1011111100100011010000100011 O
b11100100101101010100110011001011 M
b11000000100000111011111100110 N
b1111001110110001111111000101101 8
b10001101110100001010011001 9
#7820000
0#
0:
#7825000
1#
1:
b1100001011 2
b1111001110110001111111000101101 ,
b10001101110100001010011001 -
b10000110001001110000000111010010 0
b1111100000100000100000011000111 1
b1100001011 3
b1011111100100011010000100011 G
b11010111010010000110100101000 H
b11000000100000111011111100110 I
b11100100101101010100110011001011 J
b1010101111111101101011010010110010110010001010101101101100010 L
b1011111100100011010000100011 /
b11111011010110101011110011011100 7
b100100010111100111101110001011 6
b10001101110100001010011001 D
b1111001110110001111111000101101 C
b10010110010001010101101101100010 O
b10001101110100001010011001 M
b1111001110110001111111000101101 N
b11011011101000011000010001110100 8
b11111101110010011100001100111 9
#7830000
0#
0:
#7835000
1#
1:
b1100001100 2
b11011011101000011000010001110100 ,
b11111101110010011100001100111 -
b100100010111100111101110001011 0
b11111011010110101011110011011100 1
b1100001100 3
b10010110010001010101101101100010 G
b1011111100100011010000100011 H
b1111001110110001111111000101101 I
b10001101110100001010011001 J
b100001101111111110100110110111001111000101000001011100101 L
b10010110010001010101101101100010 /
b1111010101001010011100011110001 7
b11000010100101011111010101000100 6
b11111101110010011100001100111 D
b11011011101000011000010001110100 C
b10111001111000101000001011100101 O
b11111101110010011100001100111 M
b11011011101000011000010001110100 N
b111101011010100000101010111011 8
b111101001110110010111000110101 9
#7840000
0#
0:
#7845000
1#
1:
b1100001101 2
b111101011010100000101010111011 ,
b111101001110110010111000110101 -
b11000010100101011111010101000100 0
b1111010101001010011100011110001 1
b1100001101 3
b10111001111000101000001011100101 G
b10010110010001010101101101100010 H
b11011011101000011000010001110100 I
b11111101110010011100001100111 J
b1101100110111011101110010011001110110110010011010101010101100 L
b10111001111000101000001011100101 /
b11111001111011111011010100000110 7
b1100000110011010110111011111101 6
b111101001110110010111000110101 D
b111101011010100000101010111011 C
b1110110110010011010101010101100 O
b111101001110110010111000110101 M
b111101011010100000101010111011 N
b10011111001100101001000100000010 8
b1011010101111010010010000000011 9
#7850000
0#
0:
#7855000
1#
1:
b1100001110 2
b10011111001100101001000100000010 ,
b1011010101111010010010000000011 -
b1100000110011010110111011111101 0
b11111001111011111011010100000110 1
b1100001110 3
b1110110110010011010101010101100 G
b10111001111000101000001011100101 H
b111101011010100000101010111011 I
b111101001110110010111000110101 J
b111010110000011101110001010011001100111110101101001010110111 L
b1110110110010011010101010101100 /
b1111001001110100011000100011011 7
b11111111000001001110100010110110 6
b1011010101111010010010000000011 D
b10011111001100101001000100000010 C
b11001100111110101101001010110111 O
b1011010101111010010010000000011 M
b10011111001100101001000100000010 N
b111110110001011101001001 8
b1111000001111110001100111010001 9
#7860000
0#
0:
#7865000
1#
1:
b1100001111 2
b111110110001011101001001 ,
b1111000001111110001100111010001 -
b11111111000001001110100010110110 0
b1111001001110100011000100011011 1
b1100001111 3
b11001100111110101101001010110111 G
b1110110110010011010101010101100 H
b10011111001100101001000100000010 I
b1011010101111010010010000000011 J
b11100001101101011001011011010010111100011101011111101100000110 L
b11001100111110101101001010110111 /
b11111000100001001010110100110000 7
b10011101001111000110001001101111 6
b1111000001111110001100111010001 D
b111110110001011101001001 C
b10111100011101011111101100000110 O
b1111000001111110001100111010001 M
b111110110001011101001001 N
b1100010110000111001110110010000 8
b10010101110000010000111110011111 9
#7870000
0#
0:
#7875000
1#
1:
b1100010000 2
b1100010110000111001110110010000 ,
b10010101110000010000111110011111 -
b10011101001111000110001001101111 0
b11111000100001001010110100110000 1
b1100010000 3
b10111100011101011111101100000110 G
b11001100111110101101001010110111 H
b111110110001011101001001 I
b1111000001111110001100111010001 J
b1110101111100001100111001000101001110110010001110011001 L
b10111100011101011111101100000110 /
b1110111110011110010100101000101 7
b111011011100111101110000101000 6
b10010101110000010000111110011111 D
b1100010110000111001110110010000 C
b1000101001110110010001110011001 O
b10010101110000010000111110011111 M
b1100010110000111001110110010000 N
b11000100100011000010001111010111 8
b10110011010000110000010101101101 9
#7880000
0#
0:
#7885000
1#
1:
b1100010001 2
b11000100100011000010001111010111 ,
b10110011010000110000010101101101 -
b111011011100111101110000101000 0
b1110111110011110010100101000101 1
b1100010001 3
b1000101001110110010001110011001 G
b10111100011101011111101100000110 H
b1100010110000111001110110010000 I
b10010101110000010000111110011111 J
b11100111000110010101100011010101100111010010100100110001110000 L
b1000101001110110010001110011001 /
b11110111000110011010010101011010 7
b11011001101010110101010111100001 6
b10110011010000110000010101101101 D
b11000100100011000010001111010111 C
b1100111010010100100110001110000 O
b10110011010000110000010101101101 M
b11000100100011000010001111010111 N
b100110010101001010101000011110 8
b11010000110001001111101100111011 9
#7890000
0#
0:
#7895000
1#
1:
b1100010010 2
b100110010101001010101000011110 ,
b11010000110001001111101100111011 -
b11011001101010110101010111100001 0
b11110111000110011010010101011010 1
b1100010010 3
b1100111010010100100110001110000 G
b1000101001110110010001110011001 H
b11000100100011000010001111010111 I
b10110011010000110000010101101101 J
b1000100110100001011100011110011100100010101000110111010110001011 L
b1100111010010100100110001110000 /
b1110110011001000010000101101111 7
b1110111111000101100111110011010 6
b11010000110001001111101100111011 D
b100110010101001010101000011110 C
b100010101000110111010110001011 O
b11010000110001001111101100111011 M
b100110010101001010101000011110 N
b10001000000111010011000001100101 8
b11101110010001101111000100001001 9
#7900000
0#
0:
#7905000
1#
1:
b1100010011 2
b10001000000111010011000001100101 ,
b11101110010001101111000100001001 -
b1110111111000101100111110011010 0
b1110110011001000010000101101111 1
b1100010011 3
b100010101000110111010110001011 G
b1100111010010100100110001110000 H
b100110010101001010101000011110 I
b11010000110001001111101100111011 J
b1111101000010010010001010100001110111010001101001111011101010 L
b100010101000110111010110001011 /
b11110101101011101001110110000100 7
b10110000110100100100101010011 6
b11101110010001101111000100001001 D
b10001000000111010011000001100101 C
b1110111010001101001111011101010 O
b11101110010001101111000100001001 M
b10001000000111010011000001100101 N
b11101001111001011011011010101100 8
b1011110010001110011011010111 9
#7910000
0#
0:
#7915000
1#
1:
b1100010100 2
b11101001111001011011011010101100 ,
b1011110010001110011011010111 -
b10110000110100100100101010011 0
b11110101101011101001110110000100 1
b1100010100 3
b1110111010001101001111011101010 G
b100010101000110111010110001011 H
b10001000000111010011000001100101 I
b11101110010001101111000100001001 J
b111111010110000110110110010000101100101001100111100100010001101 L
b1110111010001101001111011101010 /
b1110100111110010001100110011001 7
b10110100010100011100001100001100 6
b1011110010001110011011010111 D
b11101001111001011011011010101100 C
b1100101001100111100100010001101 O
b1011110010001110011011010111 M
b11101001111001011011011010101100 N
b1001011101011100011110011110011 8
b101001010010101101110010100101 9
#7920000
0#
0:
#7925000
1#
1:
b1100010101 2
b1001011101011100011110011110011 ,
b101001010010101101110010100101 -
b10110100010100011100001100001100 0
b1110100111110010001100110011001 1
b1100010101 3
b1100101001100111100100010001101 G
b1110111010001101001111011101010 H
b11101001111001011011011010101100 I
b1011110010001110011011010111 J
b101011000100011011010011100011101100011010101111001001110100 L
b1100101001100111100100010001101 /
b11110100010000111001010110101110 7
b1010010100010010011110011000101 6
b101001010010101101110010100101 D
b1001011101011100011110011110011 C
b11101100011010101111001001110100 O
b101001010010101101110010100101 M
b1001011101011100011110011110011 N
b10101101011101101100001100111010 8
b1000110110011001101001001110011 9
#7930000
0#
0:
#7935000
1#
1:
b1100010110 2
b10101101011101101100001100111010 ,
b1000110110011001101001001110011 -
b1010010100010010011110011000101 0
b11110100010000111001010110101110 1
b1100010110 3
b11101100011010101111001001110100 G
b1100101001100111100100010001101 H
b1001011101011100011110011110011 I
b101001010010101101110010100101 J
b110000110101000010010101101100001100111011000001110010011111 L
b11101100011010101111001001110100 /
b1110011100011100001000111000011 7
b11110000110000001011011001111110 6
b1000110110011001101001001110011 D
b10101101011101101100001100111010 C
b1100111011000001110010011111 O
b1000110110011001101001001110011 M
b10101101011101101100001100111010 N
b1111001111110100100110000001 8
b1100100010011101100100001000001 9
#7940000
0#
0:
#7945000
1#
1:
b1100010111 2
b1111001111110100100110000001 ,
b1100100010011101100100001000001 -
b11110000110000001011011001111110 0
b1110011100011100001000111000011 1
b1100010111 3
b1100111011000001110010011111 G
b11101100011010101111001001110100 H
b10101101011101101100001100111010 I
b1000110110011001101001001110011 J
b10111111111001010000101001111011000110101101110100011100001110 L
b1100111011000001110010011111 /
b11110010110110001000110111011000 7
b10001110111110000011000000110111 6
b1100100010011101100100001000001 D
b1111001111110100100110000001 C
b11000110101101110100011100001110 O
b1100100010011101100100001000001 M
b1111001111110100100110000001 N
b1110001000001111100111111001000 8
b10000001110100001011111000001111 9
#7950000
0#
0:
#7955000
1#
1:
b1100011000 2
b1110001000001111100111111001000 ,
b10000001110100001011111000001111 -
b10001110111110000011000000110111 0
b11110010110110001000110111011000 1
b1100011000 3
b11000110101101110100011100001110 G
b1100111011000001110010011111 H
b1111001111110100100110000001 I
b1100100010011101100100001000001 J
b10111111001011010011110110000011001110011000111000111000001 L
b11000110101101110100011100001110 /
b1110010001000110000100111101101 7
b101101001011111010100111110000 6
b10000001110100001011111000001111 D
b1110001000001111100111111001000 C
b11001110011000111000111000001 O
b10000001110100001011111000001111 M
b1110001000001111100111111001000 N
b11010010110100000101011000001111 8
b10011111010100101011001111011101 9
#7960000
0#
0:
#7965000
1#
1:
b1100011001 2
b11010010110100000101011000001111 ,
b10011111010100101011001111011101 -
b101101001011111010100111110000 0
b1110010001000110000100111101101 1
b1100011001 3
b11001110011000111000111000001 G
b11000110101101110100011100001110 H
b1110001000001111100111111001000 I
b10000001110100001011111000001111 J
b11100101010001000110011111011100000110001010111001110010111000 L
b11001110011000111000111000001 /
b11110001011011011000011000000010 7
b11001011011001110010001110101001 6
b10011111010100101011001111011101 D
b11010010110100000101011000001111 C
b110001010111001110010111000 O
b10011111010100101011001111011101 M
b11010010110100000101011000001111 N
b110100100110001101110001010110 8
b10111100110101001010100110101011 9
#7970000
0#
0:
#7975000
1#
1:
b1100011010 2
b110100100110001101110001010110 ,
b10111100110101001010100110101011 -
b11001011011001110010001110101001 0
b11110001011011011000011000000010 1
b1100011010 3
b110001010111001110010111000 G
b11001110011000111000111000001 H
b11010010110100000101011000001111 I
b10011111010100101011001111011101 J
b1000001100110011100000000100110010001011110101001100011111110011 L
b110001010111001110010111000 /
b1110000101110000000001000010111 7
b1101001100111101001110101100010 6
b10111100110101001010100110101011 D
b110100100110001101110001010110 C
b10001011110101001100011111110011 O
b10111100110101001010100110101011 M
b110100100110001101110001010110 N
b10010110011000010110001010011101 8
b11011010010101101001111101111001 9
#7980000
0#
0:
#7985000
1#
1:
b1100011011 2
b10010110011000010110001010011101 ,
b11011010010101101001111101111001 -
b1101001100111101001110101100010 0
b1110000101110000000001000010111 1
b1100011011 3
b10001011110101001100011111110011 G
b110001010111001110010111000 H
b110100100110001101110001010110 I
b10111100110101001010100110101011 J
b10011011001011111100110100000110101010110001111111001101110010 L
b10001011110101001100011111110011 /
b11110000000000100111111000101100 7
b111110101100001011100011011 6
b11011010010101101001111101111001 D
b10010110011000010110001010011101 C
b10101010110001111111001101110010 O
b11011010010101101001111101111001 M
b10010110011000010110001010011101 N
b11111000001010011110100011100100 8
b11110111110110001001010101000111 9
#7990000
0#
0:
#7995000
1#
1:
b1100011100 2
b11111000001010011110100011100100 ,
b11110111110110001001010101000111 -
b111110101100001011100011011 0
b11110000000000100111111000101100 1
b1100011100 3
b10101010110001111111001101110010 G
b10001011110101001100011111110011 H
b10010110011000010110001010011101 I
b11011010010101101001111101111001 J
b1000000001000001110100000101111001100011000001010001111100110101 L
b10101010110001111111001101110010 /
b1101111010011001111101001000001 7
b10100110000011011001000011010100 6
b11110111110110001001010101000111 D
b11111000001010011110100011100100 C
b1100011000001010001111100110101 O
b11110111110110001001010101000111 M
b11111000001010011110100011100100 N
b1011001111100100110111100101011 8
b10101010110101000101100010101 9
#8000000
0#
0:
#8005000
1#
1:
b1100011101 2
b1011001111100100110111100101011 ,
b10101010110101000101100010101 -
b10100110000011011001000011010100 0
b1101111010011001111101001000001 1
b1100011101 3
b1100011000001010001111100110101 G
b10101010110001111111001101110010 H
b11111000001010011110100011100100 I
b11110111110110001001010101000111 J
b1111000001000010011000111100010110110100100011000100101100111100 L
b1100011000001010001111100110101 /
b11101110100101110111011001010110 7
b1000100010001010000101010001101 6
b10101010110101000101100010101 D
b1011001111100100110111100101011 C
b10110100100011000100101100111100 O
b10101010110101000101100010101 M
b1011001111100100110111100101011 N
b10111011101110101111010101110010 8
b110010110111001000000011100011 9
#8010000
0#
0:
#8015000
1#
1:
b1100011110 2
b10111011101110101111010101110010 ,
b110010110111001000000011100011 -
b1000100010001010000101010001101 0
b11101110100101110111011001010110 1
b1100011110 3
b10110100100011000100101100111100 G
b1100011000001010001111100110101 H
b1011001111100100110111100101011 I
b10101010110101000101100010101 J
b11110000000101100110011011110011111010111010111011110000111 L
b10110100100011000100101100111100 /
b1101101111000011111001001101011 7
b11100010011111001000010001000110 6
b110010110111001000000011100011 D
b10111011101110101111010101110010 C
b10011111010111010111011110000111 O
b110010110111001000000011100011 M
b10111011101110101111010101110010 N
b11101100000110111101110111001 8
b1010000010111100111011010110001 9
#8020000
0#
0:
#8025000
1#
1:
b1100011111 2
b11101100000110111101110111001 ,
b1010000010111100111011010110001 -
b11100010011111001000010001000110 0
b1101101111000011111001001101011 1
b1100011111 3
b10011111010111010111011110000111 G
b10110100100011000100101100111100 H
b10111011101110101111010101110010 I
b110010110111001000000011100011 J
b10010101001100001101110001111100100011011110001010010000010110 L
b10011111010111010111011110000111 /
b11101101001011000110111010000000 7
b10000000101100111111110111111111 6
b1010000010111100111011010110001 D
b11101100000110111101110111001 C
b100011011110001010010000010110 O
b1010000010111100111011010110001 M
b11101100000110111101110111001 N
b1111111010011000000001000000000 8
b1101101111000000110110001111111 9
#8030000
0#
0:
#8035000
1#
1:
b1100100000 2
b1111111010011000000001000000000 ,
b1101101111000000110110001111111 -
b10000000101100111111110111111111 0
b11101101001011000110111010000000 1
b1100100000 3
b100011011110001010010000010110 G
b10011111010111010111011110000111 H
b11101100000110111101110111001 I
b1010000010111100111011010110001 J
b100101000011111110101010000001000000110111011101000011101001 L
b100011011110001010010000010110 /
b1101100011101101110101010010101 7
b11110111010110111011110111000 6
b1101101111000000110110001111111 D
b1111111010011000000001000000000 C
b1000000110111011101000011101001 O
b1101101111000000110110001111111 M
b1111111010011000000001000000000 N
b11100001000101001000100001000111 8
b10001011011000100110001001001101 9
#8040000
0#
0:
#8045000
1#
1:
b1100100001 2
b11100001000101001000100001000111 ,
b10001011011000100110001001001101 -
b11110111010110111011110111000 0
b1101100011101101110101010010101 1
b1100100001 3
b1000000110111011101000011101001 G
b100011011110001010010000010110 H
b1111111010011000000001000000000 I
b1101101111000000110110001111111 J
b11011010100010111101010100111011110111100011001111111000000000 L
b1000000110111011101000011101001 /
b11101011110000010110011010101010 7
b10111101001000101111000101110001 6
b10001011011000100110001001001101 D
b11100001000101001000100001000111 C
b11110111100011001111111000000000 O
b10001011011000100110001001001101 M
b11100001000101001000100001000111 N
b1000010110111010000111010001110 8
b10101000111001000101100000011011 9
#8050000
0#
0:
#8055000
1#
1:
b1100100010 2
b1000010110111010000111010001110 ,
b10101000111001000101100000011011 -
b10111101001000101111000101110001 0
b11101011110000010110011010101010 1
b1100100010 3
b11110111100011001111111000000000 G
b1000000110111011101000011101001 H
b11100001000101001000100001000111 I
b10001011011000100110001001001101 J
b111101010001100101001100100100001000111100001100010101101011011 L
b11110111100011001111111000000000 /
b1101011000010111110001010111111 7
b1011011010110100110101100101010 6
b10101000111001000101100000011011 D
b1000010110111010000111010001110 C
b1000111100001100010101101011011 O
b10101000111001000101100000011011 M
b1000010110111010000111010001110 N
b10100100101001011001010011010101 8
b11000110011001100100110111101001 9
#8060000
0#
0:
#8065000
1#
1:
b1100100011 2
b10100100101001011001010011010101 ,
b11000110011001100100110111101001 -
b1011011010110100110101100101010 0
b1101011000010111110001010111111 1
b1100100011 3
b1000111100001100010101101011011 G
b11110111100011001111111000000000 H
b1000010110111010000111010001110 I
b10101000111001000101100000011011 J
b10110000011100101101010111000100110000110010010101100011111010 L
b1000111100001100010101101011011 /
b11101010010101100101111011010100 7
b11111001100100011110010011100011 6
b11000110011001100100110111101001 D
b10100100101001011001010011010101 C
b110000110010010101100011111010 O
b11000110011001100100110111101001 M
b10100100101001011001010011010101 N
b110011011100001101100011100 8
b11100011111010000100001110110111 9
#8070000
0#
0:
#8075000
1#
1:
b1100100100 2
b110011011100001101100011100 ,
b11100011111010000100001110110111 -
b11111001100100011110010011100011 0
b11101010010101100101111011010100 1
b1100100100 3
b110000110010010101100011111010 G
b1000111100001100010101101011011 H
b10100100101001011001010011010101 I
b11000110011001100100110111101001 J
b111111110011001110111010011000110110011010101101000011011011101 L
b110000110010010101100011111010 /
b1101001101000001101101011101001 7
b10010111110010010101111010011100 6
b11100011111010000100001110110111 D
b110011011100001101100011100 C
b10110011010101101000011011011101 O
b11100011111010000100001110110111 M
b110011011100001101100011100 N
b1101000001101101010000101100011 8
b1011010100011100110000101 9
#8080000
0#
0:
#8085000
1#
1:
b1100100101 2
b1101000001101101010000101100011 ,
b1011010100011100110000101 -
b10010111110010010101111010011100 0
b1101001101000001101101011101001 1
b1100100101 3
b10110011010101101000011011011101 G
b110000110010010101100011111010 H
b110011011100001101100011100 I
b11100011111010000100001110110111 J
b10110111001011101111000010111001111001011011011010100000100 L
b10110011010101101000011011011101 /
b11101000111010110101011011111110 7
b110110000000001101100001010101 6
b1011010100011100110000101 D
b1101000001101101010000101100011 C
b11001111001011011011010100000100 O
b1011010100011100110000101 M
b1101000001101101010000101100011 N
b11001001111111110010011110101010 8
b11110111011000010111101010011 9
#8090000
0#
0:
#8095000
1#
1:
b1100100110 2
b11001001111111110010011110101010 ,
b11110111011000010111101010011 -
b110110000000001101100001010101 0
b11101000111010110101011011111110 1
b1100100110 3
b11001111001011011011010100000100 G
b10110011010101101000011011011101 H
b1101000001101101010000101100011 I
b1011010100011100110000101 J
b10010011011101001010101010000100010011101110001101101111 L
b11001111001011011011010100000100 /
b1101000001101011101001100010011 7
b11010100001110000101001000001110 6
b11110111011000010111101010011 D
b11001001111111110010011110101010 C
b10000100010011101110001101101111 O
b11110111011000010111101010011 M
b11001001111111110010011110101010 N
b101011110001111010110111110001 8
b111100011011100010010100100001 9
#8100000
0#
0:
#8105000
1#
1:
b1100100111 2
b101011110001111010110111110001 ,
b111100011011100010010100100001 -
b11010100001110000101001000001110 0
b1101000001101011101001100010011 1
b1100100111 3
b10000100010011101110001101101111 G
b11001111001011011011010100000100 H
b11001001111111110010011110101010 I
b11110111011000010111101010011 J
b1100001100110010000110011010111010010101110100001001000011110 L
b10000100010011101110001101101111 /
b11100111100000000100111100101000 7
b1110010011011111100101111000111 6
b111100011011100010010100100001 D
b101011110001111010110111110001 C
b11010010101110100001001000011110 O
b111100011011100010010100100001 M
b101011110001111010110111110001 N
b10001101100100000011010000111000 8
b1011001111100000001101011101111 9
#8110000
0#
0:
#8115000
1#
1:
b1100101000 2
b10001101100100000011010000111000 ,
b1011001111100000001101011101111 -
b1110010011011111100101111000111 0
b11100111100000000100111100101000 1
b1100101000 3
b11010010101110100001001000011110 G
b10000100010011101110001101101111 H
b101011110001111010110111110001 I
b111100011011100010010100100001 J
b101001010101101000101110101010111010011011110100000100010001 L
b11010010101110100001001000011110 /
b1100110110010101100101100111101 7
b10000101001110100010110000000 6
b1011001111100000001101011101111 D
b10001101100100000011010000111000 C
b10111010011011110100000100010001 O
b1011001111100000001101011101111 M
b10001101100100000011010000111000 N
b11101111010110001011101001111111 8
b1110111011100100001000010111101 9
#8120000
0#
0:
#8125000
1#
1:
b1100101001 2
b11101111010110001011101001111111 ,
b1110111011100100001000010111101 -
b10000101001110100010110000000 0
b1100110110010101100101100111101 1
b1100101001 3
b10111010011011110100000100010001 G
b11010010101110100001001000011110 H
b10001101100100000011010000111000 I
b1011001111100000001101011101111 J
b11000110111011111010000011110100111011011011100111000001001000 L
b10111010011011110100000100010001 /
b11100110000101010100011101010010 7
b10101110110111101011111100111001 6
b1110111011100100001000010111101 D
b11101111010110001011101001111111 C
b111011011011100111000001001000 O
b1110111011100100001000010111101 M
b11101111010110001011101001111111 N
b1010001001000010100000011000110 8
b10010100111101000000011010001011 9
#8130000
0#
0:
#8135000
1#
1:
b1100101010 2
b1010001001000010100000011000110 ,
b10010100111101000000011010001011 -
b10101110110111101011111100111001 0
b11100110000101010100011101010010 1
b1100101010 3
b111011011011100111000001001000 G
b10111010011011110100000100010001 H
b11101111010110001011101001111111 I
b1110111011100100001000010111101 J
b110111110101100111000111101101001010101101101111001111111000011 L
b111011011011100111000001001000 /
b1100101010111111100001101100111 7
b1001101000101100011100011110010 6
b10010100111101000000011010001011 D
b1010001001000010100000011000110 C
b1010101101101111001111111000011 O
b10010100111101000000011010001011 M
b1010001001000010100000011000110 N
b10110010111010011100011100001101 8
b10110010011101011111110001011001 9
#8140000
0#
0:
#8145000
1#
1:
b1100101011 2
b10110010111010011100011100001101 ,
b10110010011101011111110001011001 -
b1001101000101100011100011110010 0
b1100101010111111100001101100111 1
b1100101011 3
b1010101101101111001111111000011 G
b111011011011100111000001001000 H
b1010001001000010100000011000110 I
b10010100111101000000011010001011 J
b10111100110100100011110011011100001001010010101100111110000010 L
b1010101101101111001111111000011 /
b11100100101010100011111101111100 7
b11101011010011011011001010101011 6
b10110010011101011111110001011001 D
b10110010111010011100011100001101 C
b1001010010101100111110000010 O
b10110010011101011111110001011001 M
b10110010111010011100011100001101 N
b10100101100100100110101010100 8
b11001111111101111111001000100111 9
#8150000
0#
0:
#8155000
1#
1:
b1100101100 2
b10100101100100100110101010100 ,
b11001111111101111111001000100111 -
b11101011010011011011001010101011 0
b11100100101010100011111101111100 1
b1100101100 3
b1001010010101100111110000010 G
b1010101101101111001111111000011 H
b10110010111010011100011100001101 I
b10110010011101011111110001011001 J
b111110010111001000000011001101101010110001001111111111110000101 L
b1001010010101100111110000010 /
b1100011111101001011101110010001 7
b10001001100001010010110001100100 6
b11001111111101111111001000100111 D
b10100101100100100110101010100 C
b1010110001001111111111110000101 O
b11001111111101111111001000100111 M
b10100101100100100110101010100 N
b1110110011110101101001110011011 8
b11101101011110011110011111110101 9
#8160000
0#
0:
#8165000
1#
1:
b1100101101 2
b1110110011110101101001110011011 ,
b11101101011110011110011111110101 -
b10001001100001010010110001100100 0
b1100011111101001011101110010001 1
b1100101101 3
b1010110001001111111111110000101 G
b1001010010101100111110000010 H
b10100101100100100110101010100 I
b11001111111101111111001000100111 J
b1000011010000001110000010001100111100010011110010111111001100 L
b1010110001001111111111110000101 /
b11100011001111110011011110100110 7
b100111101111001010011000011101 6
b11101101011110011110011111110101 D
b1110110011110101101001110011011 C
b111100010011110010111111001100 O
b11101101011110011110011111110101 M
b1110110011110101101001110011011 N
b11011000010000110101100111100010 8
b1010111110111101110111000011 9
#8170000
0#
0:
#8175000
1#
1:
b1100101110 2
b11011000010000110101100111100010 ,
b1010111110111101110111000011 -
b100111101111001010011000011101 0
b11100011001111110011011110100110 1
b1100101110 3
b111100010011110010111111001100 G
b1010110001001111111111110000101 H
b1110110011110101101001110011011 I
b11101101011110011110011111110101 J
b110110111101000001000010100111010111011110000000110000001010111 L
b111100010011110010111111001100 /
b1100010100010011011001110111011 7
b11000101111101000001111111010110 6
b1010111110111101110111000011 D
b11011000010000110101100111100010 C
b10111011110000000110000001010111 O
b1010111110111101110111000011 M
b11011000010000110101100111100010 N
b111010000010111110000000101001 8
b101000011111011101001110010001 9
#8180000
0#
0:
#8185000
1#
1:
b1100101111 2
b111010000010111110000000101001 ,
b101000011111011101001110010001 -
b11000101111101000001111111010110 0
b1100010100010011011001110111011 1
b1100101111 3
b10111011110000000110000001010111 G
b111100010011110010111111001100 H
b11011000010000110101100111100010 I
b1010111110111101110111000011 J
b100101000111011001101110001011010100011110111001000100100110 L
b10111011110000000110000001010111 /
b11100001110101000010111111010000 7
b1100100001010111001100110001111 6
b101000011111011101001110010001 D
b111010000010111110000000101001 C
b11010100011110111001000100100110 O
b101000011111011101001110010001 M
b111010000010111110000000101001 N
b10011011110101000110011001110000 8
b1000101111111111100100101011111 9
#8190000
0#
0:
#8195000
1#
1:
b1100110000 2
b10011011110101000110011001110000 ,
b1000101111111111100100101011111 -
b1100100001010111001100110001111 0
b11100001110101000010111111010000 1
b1100110000 3
b11010100011110111001000100100110 G
b10111011110000000110000001010111 H
b111010000010111110000000101001 I
b101000011111011101001110010001 J
b100100101110011000101100101110000110100000001100001000111001 L
b11010100011110111001000100100110 /
b1100001000111101010101111100101 7
b10011000110001001101001000 6
b1000101111111111100100101011111 D
b10011011110101000110011001110000 C
b10000110100000001100001000111001 O
b1000101111111111100100101011111 M
b10011011110101000110011001110000 N
b11111101100111001110110010110111 8
b1100011100000011011111100101101 9
#8200000
0#
0:
#8205000
1#
1:
b1100110001 2
b11111101100111001110110010110111 ,
b1100011100000011011111100101101 -
b10011000110001001101001000 0
b1100001000111101010101111100101 1
b1100110001 3
b10000110100000001100001000111001 G
b11010100011110111001000100100110 H
b10011011110101000110011001110000 I
b1000101111111111100100101011111 J
b10101010011011111100101100000111010001110011111111001110010000 L
b10000110100000001100001000111001 /
b11100000011010010010011111111010 7
b10100000100110101000110100000001 6
b1100011100000011011111100101101 D
b11111101100111001110110010110111 C
b11010001110011111111001110010000 O
b1100011100000011011111100101101 M
b11111101100111001110110010110111 N
b1011111011001010111001011111110 8
b10000001000000111011010011111011 9
#8210000
0#
0:
#8215000
1#
1:
b1100110010 2
b1011111011001010111001011111110 ,
b10000001000000111011010011111011 -
b10100000100110101000110100000001 0
b11100000011010010010011111111010 1
b1100110010 3
b11010001110011111111001110010000 G
b10000110100000001100001000111001 H
b11111101100111001110110010110111 I
b1100011100000011011111100101101 J
b110001010010100001110010000001010110110011010010010010100101011 L
b11010001110011111111001110010000 /
b1011111101100111010010000001111 7
b111110110100100000011010111010 6
b10000001000000111011010011111011 D
b1011111011001010111001011111110 C
b10110110011010010010010100101011 O
b10000001000000111011010011111011 M
b1011111011001010111001011111110 N
b11000001001011011111100101000101 8
b10011110100001011010101011001001 9
#8220000
0#
0:
#8225000
1#
1:
b1100110011 2
b11000001001011011111100101000101 ,
b10011110100001011010101011001001 -
b111110110100100000011010111010 0
b1011111101100111010010000001111 1
b1100110011 3
b10110110011010010010010100101011 G
b11010001110011111111001110010000 H
b1011111011001010111001011111110 I
b10000001000000111011010011111011 J
b11000000010011100000001001001100110100010011000101011100001010 L
b10110110011010010010010100101011 /
b11011110111111100010000000100100 7
b11011101000010011000000001110011 6
b10011110100001011010101011001001 D
b11000001001011011111100101000101 C
b110100010011000101011100001010 O
b10011110100001011010101011001001 M
b11000001001011011111100101000101 N
b100010111101100111111110001100 8
b10111100000001111010000010010111 9
#8230000
0#
0:
#8235000
1#
1:
b1100110100 2
b100010111101100111111110001100 ,
b10111100000001111010000010010111 -
b11011101000010011000000001110011 0
b11011110111111100010000000100100 1
b1100110100 3
b110100010011000101011100001010 G
b10110110011010010010010100101011 H
b11000001001011011111100101000101 I
b10011110100001011010101011001001 J
b111011110011111001111011001101101001011011110011000100100101101 L
b110100010011000101011100001010 /
b1011110010010001001110000111001 7
b1111011010000001111101000101100 6
b10111100000001111010000010010111 D
b100010111101100111111110001100 C
b1001011011110011000100100101101 O
b10111100000001111010000010010111 M
b100010111101100111111110001100 N
b10000100101111110000010111010011 8
b11011001100010011001011001100101 9
#8240000
0#
0:
#8245000
1#
1:
b1100110101 2
b10000100101111110000010111010011 ,
b11011001100010011001011001100101 -
b1111011010000001111101000101100 0
b1011110010010001001110000111001 1
b1100110101 3
b1001011011110011000100100101101 G
b110100010011000101011100001010 H
b100010111101100111111110001100 I
b10111100000001111010000010010111 J
b1100110101110000100000101011011111011111100001011101110010100 L
b1001011011110011000100100101101 /
b11011101100100110001100001001110 7
b11001011110000111001111100101 6
b11011001100010011001011001100101 D
b10000100101111110000010111010011 C
b11111011111100001011101110010100 O
b11011001100010011001011001100101 M
b10000100101111110000010111010011 N
b11100110100001111000110000011010 8
b11110111000010111000110000110011 9
#8250000
0#
0:
#8255000
1#
1:
b1100110110 2
b11100110100001111000110000011010 ,
b11110111000010111000110000110011 -
b11001011110000111001111100101 0
b11011101100100110001100001001110 1
b1100110110 3
b11111011111100001011101110010100 G
b1001011011110011000100100101101 H
b10000100101111110000010111010011 I
b11011001100010011001011001100101 J
b111000011001101010001000010011001000101101100011110111000111111 L
b11111011111100001011101110010100 /
b1011100110111011001010001100011 7
b10110111101011111110110110011110 6
b11110111000010111000110000110011 D
b11100110100001111000110000011010 C
b1000101101100011110111000111111 O
b11110111000010111000110000110011 M
b11100110100001111000110000011010 N
b1001000010100000001001001100001 8
b10100100011011000001000000001 9
#8260000
0#
0:
#8265000
1#
1:
b1100110111 2
b1001000010100000001001001100001 ,
b10100100011011000001000000001 -
b10110111101011111110110110011110 0
b1011100110111011001010001100011 1
b1100110111 3
b1000101101100011110111000111111 G
b11111011111100001011101110010100 H
b11100110100001111000110000011010 I
b11110111000010111000110000110011 J
b1101111001110111001011100100000000101000101111010010000100101110 L
b1000101101100011110111000111111 /
b11011100001010000001000001111000 7
b1010101111001110110011101010111 6
b10100100011011000001000000001 D
b1001000010100000001001001100001 C
b101000101111010010000100101110 O
b10100100011011000001000000001 M
b1001000010100000001001001100001 N
b10101010000110001001100010101000 8
b110010000011110111011111001111 9
#8270000
0#
0:
#8275000
1#
1:
b1100111000 2
b10101010000110001001100010101000 ,
b110010000011110111011111001111 -
b1010101111001110110011101010111 0
b11011100001010000001000001111000 1
b1100111000 3
b101000101111010010000100101110 G
b1000101101100011110111000111111 H
b1001000010100000001001001100001 I
b10100100011011000001000000001 J
b10111001110001110100100001010100101000100100101010001100001 L
b101000101111010010000100101110 /
b1011011011100101000110010001101 7
b11110100000111101110000100010000 6
b110010000011110111011111001111 D
b10101010000110001001100010101000 C
b10100101000100100101010001100001 O
b110010000011110111011111001111 M
b10101010000110001001100010101000 N
b1011111000010001111011101111 8
b1001111100100010110110110011101 9
#8280000
0#
0:
#8285000
1#
1:
b1100111001 2
b1011111000010001111011101111 ,
b1001111100100010110110110011101 -
b11110100000111101110000100010000 0
b1011011011100101000110010001101 1
b1100111001 3
b10100101000100100101010001100001 G
b101000101111010010000100101110 H
b10101010000110001001100010101000 I
b110010000011110111011111001111 J
b10000101000011000101001101110010111010101100011000011111011000 L
b10100101000100100101010001100001 /
b11011010101111010000100010100010 7
b10010010010101100101101011001001 6
b1001111100100010110110110011101 D
b1011111000010001111011101111 C
b10111010101100011000011111011000 O
b1001111100100010110110110011101 M
b1011111000010001111011101111 N
b1101101101010011010010100110110 8
b1101101000100110110001101101011 9
#8290000
0#
0:
#8295000
1#
1:
b1100111010 2
b1101101101010011010010100110110 ,
b1101101000100110110001101101011 -
b10010010010101100101101011001001 0
b11011010101111010000100010100010 1
b1100111010 3
b10111010101100011000011111011000 G
b10100101000100100101010001100001 H
b1011111000010001111011101111 I
b1001111100100010110110110011101 J
b1110110001001110000010010001101001100110101011101110010011 L
b10111010101100011000011111011000 /
b1011010000001111000010010110111 7
b110000100011011101010010000010 6
b1101101000100110110001101101011 D
b1101101101010011010010100110110 C
b1101001100110101011101110010011 O
b1101101000100110110001101101011 M
b1101101101010011010010100110110 N
b11001111011100100010101101111101 8
b10001010100101010101100100111001 9
#8300000
0#
0:
#8305000
1#
1:
b1100111011 2
b11001111011100100010101101111101 ,
b10001010100101010101100100111001 -
b110000100011011101010010000010 0
b1011010000001111000010010110111 1
b1100111011 3
b1101001100110101011101110010011 G
b10111010101100011000011111011000 H
b1101101101010011010010100110110 I
b1101101000100110110001101101011 J
b10111010111001100010011000010110110001110011011110111110010010 L
b1101001100110101011101110010011 /
b11011001010100100000000011001100 7
b11001110110001010100111000111011 6
b10001010100101010101100100111001 D
b11001111011100100010101101111101 C
b10110001110011011110111110010010 O
b10001010100101010101100100111001 M
b11001111011100100010101101111101 N
b110001001110101011000111000100 8
b10101000000101110100111100000111 9
#8310000
0#
0:
#8315000
1#
1:
b1100111100 2
b110001001110101011000111000100 ,
b10101000000101110100111100000111 -
b11001110110001010100111000111011 0
b11011001010100100000000011001100 1
b1100111100 3
b10110001110011011110111110010010 G
b1101001100110101011101110010011 H
b11001111011100100010101101111101 I
b10001010100101010101100100111001 J
b111000001001100100100010011000110010011010010110010001111010101 L
b10110001110011011110111110010010 /
b1011000100111000111110011100001 7
b1101100111111001100011111110100 6
b10101000000101110100111100000111 D
b110001001110101011000111000100 C
b10010011010010110010001111010101 O
b10101000000101110100111100000111 M
b110001001110101011000111000100 N
b10010011000000110011100000001011 8
b11000101100110010100010011010101 9
#8320000
0#
0:
#8325000
1#
1:
b1100111101 2
b10010011000000110011100000001011 ,
b11000101100110010100010011010101 -
b1101100111111001100011111110100 0
b1011000100111000111110011100001 1
b1100111101 3
b10010011010010110010001111010101 G
b10110001110011011110111110010010 H
b110001001110101011000111000100 I
b10101000000101110100111100000111 J
b10000001010011000000000010000100001110000100100101100001011100 L
b10010011010010110010001111010101 /
b11010111111001101111100011110110 7
b1011001101000100000110101101 6
b11000101100110010100010011010101 D
b10010011000000110011100000001011 C
b1110000100100101100001011100 O
b11000101100110010100010011010101 M
b10010011000000110011100000001011 N
b11110100110010111011111001010010 8
b11100011000110110011101010100011 9
#8330000
0#
0:
#8335000
1#
1:
b1100111110 2
b11110100110010111011111001010010 ,
b11100011000110110011101010100011 -
b1011001101000100000110101101 0
b11010111111001101111100011110110 1
b1100111110 3
b1110000100100101100001011100 G
b10010011010010110010001111010101 H
b10010011000000110011100000001011 I
b11000101100110010100010011010101 J
b111000101111001011111101001010000100010001000111000110100100111 L
b1110000100100101100001011100 /
b1010111001100010111010100001011 7
b10101001011010111011101101100110 6
b11100011000110110011101010100011 D
b11110100110010111011111001010010 C
b100010001000111000110100100111 O
b11100011000110110011101010100011 M
b11110100110010111011111001010010 N
b1010110100101000100010010011001 8
b100111010011000001110001 9
#8340000
0#
0:
#8345000
1#
1:
b1100111111 2
b1010110100101000100010010011001 ,
b100111010011000001110001 -
b10101001011010111011101101100110 0
b1010111001100010111010100001011 1
b1100111111 3
b100010001000111000110100100111 G
b1110000100100101100001011100 H
b11110100110010111011111001010010 I
b11100011000110110011101010100011 J
b1101100100101010101100110101000111001111011111101100001000110110 L
b100010001000111000110100100111 /
b11010110011110111111000100100000 7
b1000111101000110011010100011111 6
b100111010011000001110001 D
b1010110100101000100010010011001 C
b11001111011111101100001000110110 O
b100111010011000001110001 M
b1010110100101000100010010011001 N
b10111000010111001100101011100000 8
b11110000111110010011000111111 9
#8350000
0#
0:
#8355000
1#
1:
b1101000000 2
b10111000010111001100101011100000 ,
b11110000111110010011000111111 -
b1000111101000110011010100011111 0
b11010110011110111111000100100000 1
b1101000000 3
b11001111011111101100001000110110 G
b100010001000111000110100100111 H
b1010110100101000100010010011001 I
b100111010011000001110001 J
b110101001010010101000000010110001000111111011110001001 L
b11001111011111101100001000110110 /
b1010101110001100110110100110101 7
b11100101110110101010111011011000 6
b11110000111110010011000111111 D
b10111000010111001100101011100000 C
b10110001000111111011110001001 O
b11110000111110010011000111111 M
b10111000010111001100101011100000 N
b11010001001010101000100100111 8
b111011101000010001110000001101 9
#8360000
0#
0:
#8365000
1#
1:
b1101000001 2
b11010001001010101000100100111 ,
b111011101000010001110000001101 -
b11100101110110101010111011011000 0
b1010101110001100110110100110101 1
b1101000001 3
b10110001000111111011110001001 G
b11001111011111101100001000110110 H
b10111000010111001100101011100000 I
b11110000111110010011000111111 J
b1010110110001010011101000110111110110000100110010110100100000 L
b10110001000111111011110001001 /
b11010101000100001110100101001010 7
b10000100000100100010100010010001 6
b111011101000010001110000001101 D
b11010001001010101000100100111 C
b11110110000100110010110100100000 O
b111011101000010001110000001101 M
b11010001001010101000100100111 N
b1111011111011011101011101101110 8
b1011001001000110001000111011011 9
#8370000
0#
0:
#8375000
1#
1:
b1101000010 2
b1111011111011011101011101101110 ,
b1011001001000110001000111011011 -
b10000100000100100010100010010001 0
b11010101000100001110100101001010 1
b1101000010 3
b11110110000100110010110100100000 G
b10110001000111111011110001001 H
b11010001001010101000100100111 I
b111011101000010001110000001101 J
b11000010111000011100000100101101111010011000110001011111011 L
b11110110000100110010110100100000 /
b1010100010110110110010101011111 7
b100010010010011010001001001010 6
b1011001001000110001000111011011 D
b1111011111011011101011101101110 C
b1101111010011000110001011111011 O
b1011001001000110001000111011011 M
b1111011111011011101011101101110 N
b11011101101101100101110110110101 8
b1110110101001010000011110101001 9
#8380000
0#
0:
#8385000
1#
1:
b1101000011 2
b11011101101101100101110110110101 ,
b1110110101001010000011110101001 -
b100010010010011010001001001010 0
b1010100010110110110010101011111 1
b1101000011 3
b1101111010011000110001011111011 G
b11110110000100110010110100100000 H
b1111011111011011101011101101110 I
b1011001001000110001000111011011 J
b10101100100110101010100000111010000001110011111001100100011010 L
b1101111010011000110001011111011 /
b11010011101001011110000101110100 7
b11000000100000010001110000000011 6
b1110110101001010000011110101001 D
b11011101101101100101110110110101 C
b10000001110011111001100100011010 O
b1110110101001010000011110101001 M
b11011101101101100101110110110101 N
b111111011111101110001111111100 8
b10010100001001101111110101110111 9
#8390000
0#
0:
#8395000
1#
1:
b1101000100 2
b111111011111101110001111111100 ,
b10010100001001101111110101110111 -
b11000000100000010001110000000011 0
b11010011101001011110000101110100 1
b1101000100 3
b10000001110011111001100100011010 G
b1101111010011000110001011111011 H
b11011101101101100101110110110101 I
b1110110101001010000011110101001 J
b110011011000000111111000101111000101101100111001100111101111101 L
b10000001110011111001100100011010 /
b1010010111100000101110110001001 7
b1011110101110001001010110111100 6
b10010100001001101111110101110111 D
b111111011111101110001111111100 C
b101101100111001100111101111101 O
b10010100001001101111110101110111 M
b111111011111101110001111111100 N
b10100001010001110110101001000011 8
b10110001101010001111001101000101 9
#8400000
0#
0:
#8405000
1#
1:
b1101000101 2
b10100001010001110110101001000011 ,
b10110001101010001111001101000101 -
b1011110101110001001010110111100 0
b1010010111100000101110110001001 1
b1101000101 3
b101101100111001100111101111101 G
b10000001110011111001100100011010 H
b111111011111101110001111111100 I
b10010100001001101111110101110111 J
b10010010111111000001111000000101110010101101000000011000100100 L
b101101100111001100111101111101 /
b11010010001110101101100110011110 7
b11111100111100000000111101110101 6
b10110001101010001111001101000101 D
b10100001010001110110101001000011 C
b1110010101101000000011000100100 O
b10110001101010001111001101000101 M
b10100001010001110110101001000011 N
b11000011111111000010001010 8
b11001111001010101110100100010011 9
#8410000
0#
0:
#8415000
1#
1:
b1101000110 2
b11000011111111000010001010 ,
b11001111001010101110100100010011 -
b11111100111100000000111101110101 0
b11010010001110101101100110011110 1
b1101000110 3
b1110010101101000000011000100100 G
b101101100111001100111101111101 H
b10100001010001110110101001000011 I
b10110001101010001111001101000101 J
b110111111101100110100001001100001010001000101010011110100001111 L
b1110010101101000000011000100100 /
b1010001100001010101010110110011 7
b10011011001001111000100100101110 6
b11001111001010101110100100010011 D
b11000011111111000010001010 C
b1010001000101010011110100001111 O
b11001111001010101110100100010011 M
b11000011111111000010001010 N
b1100100110110000111011011010001 8
b11101100101011001101111011100001 9
#8420000
0#
0:
#8425000
1#
1:
b1101000111 2
b1100100110110000111011011010001 ,
b11101100101011001101111011100001 -
b10011011001001111000100100101110 0
b1010001100001010101010110110011 1
b1101000111 3
b1010001000101010011110100001111 G
b1110010101101000000011000100100 H
b11000011111111000010001010 I
b11001111001010101110100100010011 J
b1001111010011001101110011011001000110000000111010000111110 L
b1010001000101010011110100001111 /
b11010000110011111101000111001000 7
b111001010111110000001011100111 6
b11101100101011001101111011100001 D
b1100100110110000111011011010001 C
b11001000110000000111010000111110 O
b11101100101011001101111011100001 M
b1100100110110000111011011010001 N
b11000110101000001111110100011000 8
b1010001011101101010010101111 9
#8430000
0#
0:
#8435000
1#
1:
b1101001000 2
b11000110101000001111110100011000 ,
b1010001011101101010010101111 -
b111001010111110000001011100111 0
b11010000110011111101000111001000 1
b1101001000 3
b11001000110000000111010000111110 G
b1010001000101010011110100001111 H
b1100100110110000111011011010001 I
b11101100101011001101111011100001 J
b101110100111011101001101100010011011001101101011010101110110001 L
b11001000110000000111010000111110 /
b1010000000110100100110111011101 7
b11010111100101100111110010100000 6
b1010001011101101010010101111 D
b11000110101000001111110100011000 C
b11011001101101011010101110110001 O
b1010001011101101010010101111 M
b11000110101000001111110100011000 N
b101000011010011000001101011111 8
b100111101100001100101001111101 9
#8440000
0#
0:
#8445000
1#
1:
b1101001001 2
b101000011010011000001101011111 ,
b100111101100001100101001111101 -
b11010111100101100111110010100000 0
b1010000000110100100110111011101 1
b1101001001 3
b11011001101101011010101110110001 G
b11001000110000000111010000111110 H
b11000110101000001111110100011000 I
b1010001011101101010010101111 J
b11111100110100111111101010110000011111101001110001101101000 L
b11011001101101011010101110110001 /
b11001111011001001100100111110010 7
b1110101110011011111011001011001 6
b100111101100001100101001111101 D
b101000011010011000001101011111 C
b10000011111101001110001101101000 O
b100111101100001100101001111101 M
b101000011010011000001101011111 N
b10001010001100100000100110100110 8
b1000101001100101100000001001011 9
#8450000
0#
0:
#8455000
1#
1:
b1101001010 2
b10001010001100100000100110100110 ,
b1000101001100101100000001001011 -
b1110101110011011111011001011001 0
b11001111011001001100100111110010 1
b1101001010 3
b10000011111101001110001101101000 G
b11011001101101011010101110110001 H
b101000011010011000001101011111 I
b100111101100001100101001111101 J
b11001000011111110111000010011000111011111100001101101100011 L
b10000011111101001110001101101000 /
b1001110101011110100011000000111 7
b10100000001010111000000010010 6
b1000101001100101100000001001011 D
b10001010001100100000100110100110 C
b11000111011111100001101101100011 O
b1000101001100101100000001001011 M
b10001010001100100000100110100110 N
b11101011111110101000111111101101 8
b1100010101101001011011000011001 9
#8460000
0#
0:
#8465000
1#
1:
b1101001011 2
b11101011111110101000111111101101 ,
b1100010101101001011011000011001 -
b10100000001010111000000010010 0
b1001110101011110100011000000111 1
b1101001011 3
b11000111011111100001101101100011 G
b10000011111101001110001101101000 H
b10001010001100100000100110100110 I
b1000101001100101100000001001011 J
b10010101011010111000100010110110100100010100010101001110100010 L
b11000111011111100001101101100011 /
b11001101111110011100001000011100 7
b10110010001111001110100111001011 6
b1100010101101001011011000011001 D
b11101011111110101000111111101101 C
b10100100010100010101001110100010 O
b1100010101101001011011000011001 M
b11101011111110101000111111101101 N
b1001101110000110001011000110100 8
b10000000001101101010101111100111 9
#8470000
0#
0:
#8475000
1#
1:
b1101001100 2
b1001101110000110001011000110100 ,
b10000000001101101010101111100111 -
b10110010001111001110100111001011 0
b11001101111110011100001000011100 1
b1101001100 3
b10100100010100010101001110100010 G
b11000111011111100001101101100011 H
b11101011111110101000111111101101 I
b1100010101101001011011000011001 J
b101101011111100011111110010000100011010011011101000110000100101 L
b10100100010100010101001110100010 /
b1001101010001000011111000110001 7
b1010000011101000110001110000100 6
b10000000001101101010101111100111 D
b1001101110000110001011000110100 C
b11010011011101000110000100101 O
b10000000001101101010101111100111 M
b1001101110000110001011000110100 N
b10101111100010111001110001111011 8
b10011101101110001010000110110101 9
#8480000
0#
0:
#8485000
1#
1:
b1101001101 2
b10101111100010111001110001111011 ,
b10011101101110001010000110110101 -
b1010000011101000110001110000100 0
b1001101010001000011111000110001 1
b1101001101 3
b11010011011101000110000100101 G
b10100100010100010101001110100010 H
b1001101110000110001011000110100 I
b10000000001101101010101111100111 J
b10011011110010001001100111100000101001110101011100010011101100 L
b11010011011101000110000100101 /
b11001100100011101011101001000110 7
b11101110101010111101110100111101 6
b10011101101110001010000110110101 D
b10101111100010111001110001111011 C
b101001110101011100010011101100 O
b10011101101110001010000110110101 M
b10101111100010111001110001111011 N
b10001010101000010001011000010 8
b10111011001110101001011110000011 9
#8490000
0#
0:
#8495000
1#
1:
b1101001110 2
b10001010101000010001011000010 ,
b10111011001110101001011110000011 -
b11101110101010111101110100111101 0
b11001100100011101011101001000110 1
b1101001110 3
b101001110101011100010011101100 G
b11010011011101000110000100101 H
b10101111100010111001110001111011 I
b10011101101110001010000110110101 J
b110110000100111001110100011001011010010100001101111110111110111 L
b101001110101011100010011101100 /
b1001011110110010011011001011011 7
b10001100111000110101011011110110 6
b10111011001110101001011110000011 D
b10001010101000010001011000010 C
b11010010100001101111110111110111 O
b10111011001110101001011110000011 M
b10001010101000010001011000010 N
b1110011000111001010100100001001 8
b11011000101111001000110101010001 9
#8500000
0#
0:
#8505000
1#
1:
b1101001111 2
b1110011000111001010100100001001 ,
b11011000101111001000110101010001 -
b10001100111000110101011011110110 0
b1001011110110010011011001011011 1
b1101001111 3
b11010010100001101111110111110111 G
b101001110101011100010011101100 H
b10001010101000010001011000010 I
b10111011001110101001011110000011 J
b110010101100011011001011010100010100100000100011011101000110 L
b11010010100001101111110111110111 /
b11001011001000111011001001110000 7
b101011000110101101000010101111 6
b11011000101111001000110101010001 D
b1110011000111001010100100001001 C
b10100100000100011011101000110 O
b11011000101111001000110101010001 M
b1110011000111001010100100001001 N
b11010100111001010010111101010000 8
b11110110001111101000001100011111 9
#8510000
0#
0:
#8515000
1#
1:
b1101010000 2
b11010100111001010010111101010000 ,
b11110110001111101000001100011111 -
b101011000110101101000010101111 0
b11001011001000111011001001110000 1
b1101010000 3
b10100100000100011011101000110 G
b11010010100001101111110111110111 H
b1110011000111001010100100001001 I
b11011000101111001000110101010001 J
b110000101110100111101110011011011101111110001110111000011011001 L
b10100100000100011011101000110 /
b1001010011011100010111010000101 7
b11001001010100100100101001101000 6
b11110110001111101000001100011111 D
b11010100111001010010111101010000 C
b11101111110001110111000011011001 O
b11110110001111101000001100011111 M
b11010100111001010010111101010000 N
b110110101011011011010110010111 8
b10011110000000111100011101101 9
#8520000
0#
0:
#8525000
1#
1:
b1101010001 2
b110110101011011011010110010111 ,
b10011110000000111100011101101 -
b11001001010100100100101001101000 0
b1001010011011100010111010000101 1
b1101010001 3
b11101111110001110111000011011001 G
b10100100000100011011101000110 H
b11010100111001010010111101010000 I
b11110110001111101000001100011111 J
b1100110011001000001110000000001101100100010101101010101010110000 L
b11101111110001110111000011011001 /
b11001001101110001010101010011010 7
b1100111100010011100010000100001 6
b10011110000000111100011101101 D
b110110101011011011010110010111 C
b1100100010101101010101010110000 O
b10011110000000111100011101101 M
b110110101011011011010110010111 N
b10011000011101100011101111011110 8
b110001010000100110111010111011 9
#8530000
0#
0:
#8535000
1#
1:
b1101010010 2
b10011000011101100011101111011110 ,
b110001010000100110111010111011 -
b1100111100010011100010000100001 0
b11001001101110001010101010011010 1
b1101010010 3
b1100100010101101010101010110000 G
b11101111110001110111000011011001 H
b110110101011011011010110010111 I
b10011110000000111100011101101 J
b10000111000000000001001011001110010001011111110010011001011 L
b1100100010101101010101010110000 /
b1001001000000110010011010101111 7
b101110000010011110111011010 6
b110001010000100110111010111011 D
b10011000011101100011101111011110 C
b1110010001011111110010011001011 O
b110001010000100110111010111011 M
b10011000011101100011101111011110 N
b11111010001111101100001000100101 8
b1001110110001000110010010001001 9
#8540000
0#
0:
#8545000
1#
1:
b1101010011 2
b11111010001111101100001000100101 ,
b1001110110001000110010010001001 -
b101110000010011110111011010 0
b1001001000000110010011010101111 1
b1101010011 3
b1110010001011111110010011001011 G
b1100100010101101010101010110000 H
b10011000011101100011101111011110 I
b110001010000100110111010111011 J
b1110101010110001100011110001100011001010100110001111100101010 L
b1110010001011111110010011001011 /
b11001000010011011010001011000100 7
b10100011111110001011011110010011 6
b1001110110001000110010010001001 D
b11111010001111101100001000100101 C
b11001010100110001111100101010 O
b1001110110001000110010010001001 M
b11111010001111101100001000100101 N
b1011100000001110100100001101100 8
b1101100010001100101101001010111 9
#8550000
0#
0:
#8555000
1#
1:
b1101010100 2
b1011100000001110100100001101100 ,
b1101100010001100101101001010111 -
b10100011111110001011011110010011 0
b11001000010011011010001011000100 1
b1101010100 3
b11001010100110001111100101010 G
b1110010001011111110010011001011 H
b11111010001111101100001000100101 I
b1001110110001000110010010001001 J
b100110011111111000110010111101001011001110000000101100111001101 L
b11001010100110001111100101010 /
b1000111100110000001111011011001 7
b1000010001100000011000101001100 6
b1101100010001100101101001010111 D
b1011100000001110100100001101100 C
b1011001110000000101100111001101 O
b1101100010001100101101001010111 M
b1011100000001110100100001101100 N
b10111101110011111100111010110011 8
b10001001110010000101000000100101 9
#8560000
0#
0:
#8565000
1#
1:
b1101010101 2
b10111101110011111100111010110011 ,
b10001001110010000101000000100101 -
b1000010001100000011000101001100 0
b1000111100110000001111011011001 1
b1101010101 3
b1011001110000000101100111001101 G
b11001010100110001111100101010 H
b1011100000001110100100001101100 I
b1101100010001100101101001010111 J
b10011011101100010111010000010100110011011101111001010010110100 L
b1011001110000000101100111001101 /
b11000110111000101001101011101110 7
b11100000011001111010101100000101 6
b10001001110010000101000000100101 D
b10111101110011111100111010110011 C
b110011011101111001010010110100 O
b10001001110010000101000000100101 M
b10111101110011111100111010110011 N
b11111100110000101010011111010 8
b10100111010010100100010111110011 9
#8570000
0#
0:
#8575000
1#
1:
b1101010110 2
b11111100110000101010011111010 ,
b10100111010010100100010111110011 -
b11100000011001111010101100000101 0
b11000110111000101001101011101110 1
b1101010110 3
b110011011101111001010010110100 G
b1011001110000000101100111001101 H
b10111101110011111100111010110011 I
b10001001110010000101000000100101 J
b110011000101000101110110110001110100110011110001100111111011111 L
b110011011101111001010010110100 /
b1000110001011010001011100000011 7
b1111110100111110010010010111110 6
b10100111010010100100010111110011 D
b11111100110000101010011111010 C
b10100110011110001100111111011111 O
b10100111010010100100010111110011 M
b11111100110000101010011111010 N
b10000001011000001101101101000001 8
b11000100110011000011101111000001 9
#8580000
0#
0:
#8585000
1#
1:
b1101010111 2
b10000001011000001101101101000001 ,
b11000100110011000011101111000001 -
b1111110100111110010010010111110 0
b1000110001011010001011100000011 1
b1101010111 3
b10100110011110001100111111011111 G
b110011011101111001010010110100 H
b11111100110000101010011111010 I
b10100111010010100100010111110011 J
b1010010100101100010100001100110110010110001000000101101001110 L
b10100110011110001100111111011111 /
b11000101011101111001001100011000 7
b11100110101101001111001110111 6
b11000100110011000011101111000001 D
b10000001011000001101101101000001 C
b10110010110001000000101101001110 O
b11000100110011000011101111000001 M
b10000001011000001101101101000001 N
b11100011001010010110000110001000 8
b11100010010011100011000110001111 9
#8590000
0#
0:
#8595000
1#
1:
b1101011000 2
b11100011001010010110000110001000 ,
b11100010010011100011000110001111 -
b11100110101101001111001110111 0
b11000101011101111001001100011000 1
b1101011000 3
b10110010110001000000101101001110 G
b10100110011110001100111111011111 H
b10000001011000001101101101000001 I
b11000100110011000011101111000001 J
b110001101110101010111110011111101011000010110010100011100000001 L
b10110010110001000000101101001110 /
b1000100110000100000111100101101 7
b10111011000011100001100000110000 6
b11100010010011100011000110001111 D
b11100011001010010110000110001000 C
b1011000010110010100011100000001 O
b11100010010011100011000110001111 M
b11100011001010010110000110001000 N
b1000100111100011110011111001111 8
b11111111110100000010011101011101 9
#8600000
0#
0:
#8605000
1#
1:
b1101011001 2
b1000100111100011110011111001111 ,
b11111111110100000010011101011101 -
b10111011000011100001100000110000 0
b1000100110000100000111100101101 1
b1101011001 3
b1011000010110010100011100000001 G
b10110010110001000000101101001110 H
b11100011001010010110000110001000 I
b11100010010011100011000110001111 J
b1100100011001111111010101010111110010111001110001000001011111000 L
b1011000010110010100011100000001 /
b11000100000011001000101101000010 7
b1011001010001011001000111101001 6
b11111111110100000010011101011101 D
b1000100111100011110011111001111 C
b10010111001110001000001011111000 O
b11111111110100000010011101011101 M
b1000100111100011110011111001111 N
b10100110101110100110111000010110 8
b11101010100100001110100101011 9
#8610000
0#
0:
#8615000
1#
1:
b1101011010 2
b10100110101110100110111000010110 ,
b11101010100100001110100101011 -
b1011001010001011001000111101001 0
b11000100000011001000101101000010 1
b1101011010 3
b10010111001110001000001011111000 G
b1011000010110010100011100000001 H
b1000100111100011110011111001111 I
b11111111110100000010011101011101 J
b100010011100101000001010000110101101111011000011011111100110011 L
b10010111001110001000001011111000 /
b1000011010101110000011101010111 7
b11110111011111010000101110100010 6
b11101010100100001110100101011 D
b10100110101110100110111000010110 C
b1101111011000011011111100110011 O
b11101010100100001110100101011 M
b10100110101110100110111000010110 N
b1000100000101111010001011101 8
b111010110101000001001011111001 9
#8620000
0#
0:
#8625000
1#
1:
b1101011011 2
b1000100000101111010001011101 ,
b111010110101000001001011111001 -
b11110111011111010000101110100010 0
b1000011010101110000011101010111 1
b1101011011 3
b1101111011000011011111100110011 G
b10010111001110001000001011111000 H
b10100110101110100110111000010110 I
b11101010100100001110100101011 J
b1001100011000100110010010111011100000110101001111101110110010 L
b1101111011000011011111100110011 /
b11000010101000011000001101101100 7
b10010101101101001000010101011011 6
b111010110101000001001011111001 D
b1000100000101111010001011101 C
b11100000110101001111101110110010 O
b111010110101000001001011111001 M
b1000100000101111010001011101 N
b1101010010010110111101010100100 8
b1011000010101100000100011000111 9
#8630000
0#
0:
#8635000
1#
1:
b1101011100 2
b1101010010010110111101010100100 ,
b1011000010101100000100011000111 -
b10010101101101001000010101011011 0
b11000010101000011000001101101100 1
b1101011100 3
b11100000110101001111101110110010 G
b1101111011000011011111100110011 H
b1000100000101111010001011101 I
b111010110101000001001011111001 J
b111110100101110000111000011101011100100100011100001110101 L
b11100000110101001111101110110010 /
b1000001111010111111111110000001 7
b110011111010111111111100010100 6
b1011000010101100000100011000111 D
b1101010010010110111101010100100 C
b11101011100100100011100001110101 O
b1011000010101100000100011000111 M
b1101010010010110111101010100100 N
b11001100000101000000000011101011 8
b1110101110101111111111010010101 9
#8640000
0#
0:
#8645000
1#
1:
b1101011101 2
b11001100000101000000000011101011 ,
b1110101110101111111111010010101 -
b110011111010111111111100010100 0
b1000001111010111111111110000001 1
b1101011101 3
b11101011100100100011100001110101 G
b11100000110101001111101110110010 H
b1101010010010110111101010100100 I
b1011000010101100000100011000111 J
b10010010101101101010110010100010001111100110010111010101111100 L
b11101011100100100011100001110101 /
b11000001001101100111101110010110 7
b11010010001000110111100011001101 6
b1110101110101111111111010010101 D
b11001100000101000000000011101011 C
b10001111100110010111010101111100 O
b1110101110101111111111010010101 M
b11001100000101000000000011101011 N
b101101110111001000011100110010 8
b10010011010110011111010001100011 9
#8650000
0#
0:
#8655000
1#
1:
b1101011110 2
b101101110111001000011100110010 ,
b10010011010110011111010001100011 -
b11010010001000110111100011001101 0
b11000001001101100111101110010110 1
b1101011110 3
b10001111100110010111010101111100 G
b11101011100100100011100001110101 H
b11001100000101000000000011101011 I
b1110101110101111111111010010101 J
b101110111110001010101000010101011001100111010101011001011000111 L
b10001111100110010111010101111100 /
b1000000100000001111011110101011 7
b1110000010110101111001010000110 6
b10010011010110011111010001100011 D
b101101110111001000011100110010 C
b11001100111010101011001011000111 O
b10010011010110011111010001100011 M
b101101110111001000011100110010 N
b10001111101001010000110101111001 8
b10110000110110111110101000110001 9
#8660000
0#
0:
#8665000
1#
1:
b1101011111 2
b10001111101001010000110101111001 ,
b10110000110110111110101000110001 -
b1110000010110101111001010000110 0
b1000000100000001111011110101011 1
b1101011111 3
b11001100111010101011001011000111 G
b10001111100110010111010101111100 H
b101101110111001000011100110010 I
b10010011010110011111010001100011 J
b1101001100101101111110001010010100011100001011111000001010110 L
b11001100111010101011001011000111 /
b10111111110010110111001111000000 7
b1110100100100110110000111111 6
b10110000110110111110101000110001 D
b10001111101001010000110101111001 C
b10100011100001011111000001010110 O
b10110000110110111110101000110001 M
b10001111101001010000110101111001 N
b11110001011011011001001111000000 8
b11001110010111011101111111111111 9
#8670000
0#
0:
#8675000
1#
1:
b1101100000 2
b11110001011011011001001111000000 ,
b11001110010111011101111111111111 -
b1110100100100110110000111111 0
b10111111110010110111001111000000 1
b1101100000 3
b10100011100001011111000001010110 G
b11001100111010101011001011000111 H
b10001111101001010000110101111001 I
b10110000110110111110101000110001 J
b110001100111100110111101101111000010011011010110010111000101001 L
b10100011100001011111000001010110 /
b111111000101011110111111010101 7
b10101100110010011110010111111000 6
b11001110010111011101111111111111 D
b11110001011011011001001111000000 C
b10011011010110010111000101001 O
b11001110010111011101111111111111 M
b11110001011011011001001111000000 N
b1010011001101100001101000000111 8
b11101011110111111101010111001101 9
#8680000
0#
0:
#8685000
1#
1:
b1101100001 2
b1010011001101100001101000000111 ,
b11101011110111111101010111001101 -
b10101100110010011110010111111000 0
b111111000101011110111111010101 1
b1101100001 3
b10011011010110010111000101001 G
b10100011100001011111000001010110 H
b11110001011011011001001111000000 I
b11001110010111011101111111111111 J
b1100001010011110101101001111001000011100100110100110110001000000 L
b10011011010110010111000101001 /
b10111110011000000110101111101010 7
b1001011000000010101111110110001 6
b11101011110111111101010111001101 D
b1010011001101100001101000000111 C
b11100100110100110110001000000 O
b11101011110111111101010111001101 M
b1010011001101100001101000000111 N
b10110100111111101010000001001110 8
b1001011000011100101110011011 9
#8690000
0#
0:
#8695000
1#
1:
b1101100010 2
b10110100111111101010000001001110 ,
b1001011000011100101110011011 -
b1001011000000010101111110110001 0
b10111110011000000110101111101010 1
b1101100010 3
b11100100110100110110001000000 G
b10011011010110010111000101001 H
b1010011001101100001101000000111 I
b11101011110111111101010111001101 J
b100110010101011011010111000001110111111000100111010101010011011 L
b11100100110100110110001000000 /
b111101101010101110011111111111 7
b11101001001110001101100101101010 6
b1001011000011100101110011011 D
b10110100111111101010000001001110 C
b10111111000100111010101010011011 O
b1001011000011100101110011011 M
b10110100111111101010000001001110 N
b10110110001110010011010010101 8
b100110111000111100000101101001 9
#8700000
0#
0:
#8705000
1#
1:
b1101100011 2
b10110110001110010011010010101 ,
b100110111000111100000101101001 -
b11101001001110001101100101101010 0
b111101101010101110011111111111 1
b1101100011 3
b10111111000100111010101010011011 G
b11100100110100110110001000000 H
b10110100111111101010000001001110 I
b1001011000011100101110011011 J
b11010100010000110000001000011111010110101101110100100111010 L
b10111111000100111010101010011011 /
b10111100111101010110010000010100 7
b10000111011100000101001100100011 6
b100110111000111100000101101001 D
b10110110001110010011010010101 C
b11111010110101101110100100111010 O
b100110111000111100000101101001 M
b10110110001110010011010010101 N
b1111000100011111010110011011100 8
b1000100011001011011011100110111 9
#8710000
0#
0:
#8715000
1#
1:
b1101100100 2
b1111000100011111010110011011100 ,
b1000100011001011011011100110111 -
b10000111011100000101001100100011 0
b10111100111101010110010000010100 1
b1101100100 3
b11111010110101101110100100111010 G
b10111111000100111010101010011011 H
b10110110001110010011010010101 I
b100110111000111100000101101001 J
b1101110101110100111000011011001111111001000010100000011101 L
b11111010110101101110100100111010 /
b111100001111111110000000101001 7
b100101101001111100110011011100 6
b1000100011001011011011100110111 D
b1111000100011111010110011011100 C
b11001111111001000010100000011101 O
b1000100011001011011011100110111 M
b1111000100011111010110011011100 N
b11011010010110000011001100100011 8
b1100001111001111010110100000101 9
#8720000
0#
0:
#8725000
1#
1:
b1101100101 2
b11011010010110000011001100100011 ,
b1100001111001111010110100000101 -
b100101101001111100110011011100 0
b111100001111111110000000101001 1
b1101100101 3
b11001111111001000010100000011101 G
b11111010110101101110100100111010 H
b1111000100011111010110011011100 I
b1000100011001011011011100110111 J
b10000000110110000100001110001000111110001110110110011101000100 L
b11001111111001000010100000011101 /
b10111011100010100101110000111110 7
b11000011110111110100011010010101 6
b1100001111001111010110100000101 D
b11011010010110000011001100100011 C
b111110001110110110011101000100 O
b1100001111001111010110100000101 M
b11011010010110000011001100100011 N
b111100001000001011100101101010 8
b1111111011010011010001011010011 9
#8730000
0#
0:
#8735000
1#
1:
b1101100110 2
b111100001000001011100101101010 ,
b1111111011010011010001011010011 -
b11000011110111110100011010010101 0
b10111011100010100101110000111110 1
b1101100110 3
b111110001110110110011101000100 G
b11001111111001000010100000011101 H
b11011010010110000011001100100011 I
b1100001111001111010110100000101 J
b101001110000001000001001000100001000101110111001010011010101111 L
b111110001110110110011101000100 /
b111010110101001101100001010011 7
b1100010000101101100000001001110 6
b1111111011010011010001011010011 D
b111100001000001011100101101010 C
b1000101110111001010011010101111 O
b1111111011010011010001011010011 M
b111100001000001011100101101010 N
b10011101111010010011111110110001 8
b10011100111010111001100010100001 9
#8740000
0#
0:
#8745000
1#
1:
b1101100111 2
b10011101111010010011111110110001 ,
b10011100111010111001100010100001 -
b1100010000101101100000001001110 0
b111010110101001101100001010011 1
b1101100111 3
b1000101110111001010011010101111 G
b111110001110110110011101000100 H
b111100001000001011100101101010 I
b1111111011010011010001011010011 J
b1110111101101000010111010010111100110110001111110011001011110 L
b1000101110111001010011010101111 /
b10111010000111110101010001101000 7
b10011100011101000000111 6
b10011100111010111001100010100001 D
b10011101111010010011111110110001 C
b11100110110001111110011001011110 O
b10011100111010111001100010100001 M
b10011101111010010011111110110001 N
b11111111101100011100010111111000 8
b10111010011011011000111001101111 9
#8750000
0#
0:
#8755000
1#
1:
b1101101000 2
b11111111101100011100010111111000 ,
b10111010011011011000111001101111 -
b10011100011101000000111 0
b10111010000111110101010001101000 1
b1101101000 3
b11100110110001111110011001011110 G
b1000101110111001010011010101111 H
b10011101111010010011111110110001 I
b10011100111010111001100010100001 J
b110000011001011011101100001001100100000111111010010011001010001 L
b11100110110001111110011001011110 /
b111001011010011101000001111101 7
b10011110100001011011001111000000 6
b10111010011011011000111001101111 D
b11111111101100011100010111111000 C
b100000111111010010011001010001 O
b10111010011011011000111001101111 M
b11111111101100011100010111111000 N
b1100001011110100100110000111111 8
b11010111111011111000010000111101 9
#8760000
0#
0:
#8765000
1#
1:
b1101101001 2
b1100001011110100100110000111111 ,
b11010111111011111000010000111101 -
b10011110100001011011001111000000 0
b111001011010011101000001111101 1
b1101101001 3
b100000111111010010011001010001 G
b11100110110001111110011001011110 H
b11111111101100011100010111111000 I
b10111010011011011000111001101111 J
b1011101000110100100101101100101011110100011111000110011010001000 L
b100000111111010010011001010001 /
b10111000101101000100110010010010 7
b111100101111010010110101111001 6
b11010111111011111000010000111101 D
b1100001011110100100110000111111 C
b11110100011111000110011010001000 O
b11010111111011111000010000111101 M
b1100001011110100100110000111111 N
b11000011010000101101001010000110 8
b11110101011100010111101000001011 9
#8770000
0#
0:
#8775000
1#
1:
b1101101010 2
b11000011010000101101001010000110 ,
b11110101011100010111101000001011 -
b111100101111010010110101111001 0
b10111000101101000100110010010010 1
b1101101010 3
b11110100011111000110011010001000 G
b100000111111010010011001010001 H
b1100001011110100100110000111111 I
b11010111111011111000010000111101 J
b101001000111000111010011001000001100001010001011010011100000011 L
b11110100011111000110011010001000 /
b110111111111101100100010100111 7
b11011010111101001010011100110010 6
b11110101011100010111101000001011 D
b11000011010000101101001010000110 C
b1100001010001011010011100000011 O
b11110101011100010111101000001011 M
b11000011010000101101001010000110 N
b100101000010110101100011001101 8
b10010111100110110111111011001 9
#8780000
0#
0:
#8785000
1#
1:
b1101101011 2
b100101000010110101100011001101 ,
b10010111100110110111111011001 -
b11011010111101001010011100110010 0
b110111111111101100100010100111 1
b1101101011 3
b1100001010001011010011100000011 G
b11110100011111000110011010001000 H
b11000011010000101101001010000110 I
b11110101011100010111101000001011 J
b1011101100110101100000010000111101100111010110001110011111000010 L
b1100001010001011010011100000011 /
b10110111010010010100010010111100 7
b1111001001011000010000011101011 6
b10010111100110110111111011001 D
b100101000010110101100011001101 C
b1100111010110001110011111000010 O
b10010111100110110111111011001 M
b100101000010110101100011001101 N
b10000110110100111101111100010100 8
b110000011101010110010110100111 9
#8790000
0#
0:
#8795000
1#
1:
b1101101100 2
b10000110110100111101111100010100 ,
b110000011101010110010110100111 -
b1111001001011000010000011101011 0
b10110111010010010100010010111100 1
b1101101100 3
b1100111010110001110011111000010 G
b1100001010001011010011100000011 H
b100101000010110101100011001101 I
b10010111100110110111111011001 J
b1010111110000001100011001100000110101101100010100011000101 L
b1100111010110001110011111000010 /
b110110100100111100000011010001 7
b10111011000111001101010100100 6
b110000011101010110010110100111 D
b10000110110100111101111100010100 C
b110101101100010100011000101 O
b110000011101010110010110100111 M
b10000110110100111101111100010100 N
b11101000100111000110010101011011 8
b1001101111101110101101101110101 9
#8800000
0#
0:
#8805000
1#
1:
b1101101101 2
b11101000100111000110010101011011 ,
b1001101111101110101101101110101 -
b10111011000111001101010100100 0
b110110100100111100000011010001 1
b1101101101 3
b110101101100010100011000101 G
b1100111010110001110011111000010 H
b10000110110100111101111100010100 I
b110000011101010110010110100111 J
b1100110000101100011100011001000111111010111010110101000001100 L
b110101101100010100011000101 /
b10110101110111100011110011100110 7
b10110101100110110001010001011101 6
b1001101111101110101101101110101 D
b11101000100111000110010101011011 C
b111111010111010110101000001100 O
b1001101111101110101101101110101 M
b11101000100111000110010101011011 N
b1001010011001001110101110100010 8
b1101011011110010101000101000011 9
#8810000
0#
0:
#8815000
1#
1:
b1101101110 2
b1001010011001001110101110100010 ,
b1101011011110010101000101000011 -
b10110101100110110001010001011101 0
b10110101110111100011110011100110 1
b1101101110 3
b111111010111010110101000001100 G
b110101101100010100011000101 H
b11101000100111000110010101011011 I
b1001101111101110101101101110101 J
b100011011010111110011000111110000010001010011101010101110010111 L
b111111010111010110101000001100 /
b110101001010001011100011111011 7
b1010011110100101000111000010110 6
b1101011011110010101000101000011 D
b1001010011001001110101110100010 C
b10001010011101010101110010111 O
b1101011011110010101000101000011 M
b1001010011001001110101110100010 N
b10101100001011010111000111101001 8
b10001000111110110100011100010001 9
#8820000
0#
0:
#8825000
1#
1:
b1101101111 2
b10101100001011010111000111101001 ,
b10001000111110110100011100010001 -
b1010011110100101000111000010110 0
b110101001010001011100011111011 1
b1101101111 3
b10001010011101010101110010111 G
b111111010111010110101000001100 H
b1001010011001001110101110100010 I
b1101011011110010101000101000011 J
b1111100111011011011111100110101111100100010011110110101100110 L
b10001010011101010101110010111 /
b10110100011100110011010100010000 7
b11110010000010100000011111001111 6
b10001000111110110100011100010001 D
b10101100001011010111000111101001 C
b1111100100010011110110101100110 O
b10001000111110110100011100010001 M
b10101100001011010111000111101001 N
b1101111101011111100000110000 8
b10100110011111010011110011011111 9
#8830000
0#
0:
#8835000
1#
1:
b1101110000 2
b1101111101011111100000110000 ,
b10100110011111010011110011011111 -
b11110010000010100000011111001111 0
b10110100011100110011010100010000 1
b1101110000 3
b1111100100010011110110101100110 G
b10001010011101010101110010111 H
b10101100001011010111000111101001 I
b10001000111110110100011100010001 J
b101110000100001001001001101111010000001000011110010111101111001 L
b1111100100010011110110101100110 /
b110011101111011011000100100101 7
b10010000010000011000000110001000 6
b10100110011111010011110011011111 D
b1101111101011111100000110000 C
b10000001000011110010111101111001 O
b10100110011111010011110011011111 M
b1101111101011111100000110000 N
b1101111101111100111111001110111 8
b11000011111111110011001010101101 9
#8840000
0#
0:
#8845000
1#
1:
b1101110001 2
b1101111101111100111111001110111 ,
b11000011111111110011001010101101 -
b10010000010000011000000110001000 0
b110011101111011011000100100101 1
b1101110001 3
b10000001000011110010111101111001 G
b1111100100010011110110101100110 H
b1101111101011111100000110000 I
b10100110011111010011110011011111 J
b100100010100010100110101101100011110110111100111000111010000 L
b10000001000011110010111101111001 /
b10110011000010000010110100111010 7
b101110011110001111101101000001 6
b11000011111111110011001010101101 D
b1101111101111100111111001110111 C
b11110110111100111000111010000 O
b11000011111111110011001010101101 M
b1101111101111100111111001110111 N
b11010001100001110000010010111110 8
b11100001100000010010100001111011 9
#8850000
0#
0:
#8855000
1#
1:
b1101110010 2
b11010001100001110000010010111110 ,
b11100001100000010010100001111011 -
b101110011110001111101101000001 0
b10110011000010000010110100111010 1
b1101110010 3
b11110110111100111000111010000 G
b10000001000011110010111101111001 H
b1101111101111100111111001110111 I
b11000011111111110011001010101101 J
b101010110001101011111110011001101010101111101111011010001101011 L
b11110110111100111000111010000 /
b110010010100101010100101001111 7
b11001100101100000111010011111010 6
b11100001100000010010100001111011 D
b11010001100001110000010010111110 C
b1010101111101111011010001101011 O
b11100001100000010010100001111011 M
b11010001100001110000010010111110 N
b110011010011111000101100000101 8
b11111111000000110001111001001001 9
#8860000
0#
0:
#8865000
1#
1:
b1101110011 2
b110011010011111000101100000101 ,
b11111111000000110001111001001001 -
b11001100101100000111010011111010 0
b110010010100101010100101001111 1
b1101110011 3
b1010101111101111011010001101011 G
b11110110111100111000111010000 H
b11010001100001110000010010111110 I
b11100001100000010010100001111011 J
b1011100010010001011000010101011000100110010110101111011101001010 L
b1010101111101111011010001101011 /
b10110001100111010010010101100100 7
b1101010111001111110111010110011 6
b11111111000000110001111001001001 D
b110011010011111000101100000101 C
b100110010110101111011101001010 O
b11111111000000110001111001001001 M
b110011010011111000101100000101 N
b10010101000110000001000101001100 8
b11100100001010001010000010111 9
#8870000
0#
0:
#8875000
1#
1:
b1101110100 2
b10010101000110000001000101001100 ,
b11100100001010001010000010111 -
b1101010111001111110111010110011 0
b10110001100111010010010101100100 1
b1101110100 3
b100110010110101111011101001010 G
b1010101111101111011010001101011 H
b110011010011111000101100000101 I
b11111111000000110001111001001001 J
b11001100011100110110110111101010010000000010000011101001101101 L
b100110010110101111011101001010 /
b110000111001111010000101111001 7
b1001000111110110100001101100 6
b11100100001010001010000010111 D
b10010101000110000001000101001100 C
b10010000000010000011101001101101 O
b11100100001010001010000010111 M
b10010101000110000001000101001100 N
b11110110111000001001011110010011 8
b111010000001110000100111100101 9
#8880000
0#
0:
#8885000
1#
1:
b1101110101 2
b11110110111000001001011110010011 ,
b111010000001110000100111100101 -
b1001000111110110100001101100 0
b110000111001111010000101111001 1
b1101110101 3
b10010000000010000011101001101101 G
b100110010110101111011101001010 H
b10010101000110000001000101001100 I
b11100100001010001010000010111 J
b1000010011100001000110001100010010010111111110111110111010100 L
b10010000000010000011101001101101 /
b10110000001100100001110110001110 7
b10100111010101101110001000100101 6
b111010000001110000100111100101 D
b11110110111000001001011110010011 C
b10010010111111110111110111010100 O
b111010000001110000100111100101 M
b11110110111000001001011110010011 N
b1011000101010010001110111011010 8
b1010111100010001111111110110011 9
#8890000
0#
0:
#8895000
1#
1:
b1101110110 2
b1011000101010010001110111011010 ,
b1010111100010001111111110110011 -
b10100111010101101110001000100101 0
b10110000001100100001110110001110 1
b1101110110 3
b10010010111111110111110111010100 G
b10010000000010000011101001101101 H
b11110110111000001001011110010011 I
b111010000001110000100111100101 J
b11011111110101101011000000011000101111010000001100000101111111 L
b10010010111111110111110111010100 /
b101111011111001001100110100011 7
b1000101100011100101101111011110 6
b1010111100010001111111110110011 D
b1011000101010010001110111011010 C
b101111010000001100000101111111 O
b1010111100010001111111110110011 M
b1011000101010010001110111011010 N
b10111010011100011010010000100001 8
b1110101000010101111010110000001 9
#8900000
0#
0:
#8905000
1#
1:
b1101110111 2
b10111010011100011010010000100001 ,
b1110101000010101111010110000001 -
b1000101100011100101101111011110 0
b101111011111001001100110100011 1
b1101110111 3
b101111010000001100000101111111 G
b10010010111111110111110111010100 H
b1011000101010010001110111011010 I
b1010111100010001111111110110011 J
b1111001010000111010111000101101100100110011000000010101101110 L
b101111010000001100000101111111 /
b10101110110001110001010110111000 7
b11100011110001011101010110010111 6
b1110101000010101111010110000001 D
b10111010011100011010010000100001 C
b1100100110011000000010101101110 O
b1110101000010101111010110000001 M
b10111010011100011010010000100001 N
b11100001110100010101001101000 8
b10010010100011001110101101001111 9
#8910000
0#
0:
#8915000
1#
1:
b1101111000 2
b11100001110100010101001101000 ,
b10010010100011001110101101001111 -
b11100011110001011101010110010111 0
b10101110110001110001010110111000 1
b1101111000 3
b1100100110011000000010101101110 G
b101111010000001100000101111111 H
b10111010011100011010010000100001 I
b1110101000010101111010110000001 J
b101010100111101111010110100000000110011101000010100100110100001 L
b1100100110011000000010101101110 /
b101110000100011001000111001101 7
b10000001111111010100111101010000 6
b10010010100011001110101101001111 D
b11100001110100010101001101000 C
b110011101000010100100110100001 O
b10010010100011001110101101001111 M
b11100001110100010101001101000 N
b1111110000000101011000010101111 8
b10110000000011101110000100011101 9
#8920000
0#
0:
#8925000
1#
1:
b1101111001 2
b1111110000000101011000010101111 ,
b10110000000011101110000100011101 -
b10000001111111010100111101010000 0
b101110000100011001000111001101 1
b1101111001 3
b110011101000010100100110100001 G
b1100100110011000000010101101110 H
b11100001110100010101001101000 I
b10010010100011001110101101001111 J
b1000000101000101101011111000010011011110000001000111000011000 L
b110011101000010100100110100001 /
b10101101010111000000110111100010 7
b100000001101001100100100001001 6
b10110000000011101110000100011101 D
b1111110000000101011000010101111 C
b10011011110000001000111000011000 O
b10110000000011101110000100011101 M
b1111110000000101011000010101111 N
b11011111110010110011011011110110 8
b11001101100100001101011011101011 9
#8930000
0#
0:
#8935000
1#
1:
b1101111010 2
b11011111110010110011011011110110 ,
b11001101100100001101011011101011 -
b100000001101001100100100001001 0
b10101101010111000000110111100010 1
b1101111010 3
b10011011110000001000111000011000 G
b110011101000010100100110100001 H
b1111110000000101011000010101111 I
b10110000000011101110000100011101 J
b101011010101001001011000110110010011101001010011101001011010011 L
b10011011110000001000111000011000 /
b101100101001101000100111110111 7
b10111110011011000100001011000010 6
b11001101100100001101011011101011 D
b11011111110010110011011011110110 C
b10011101001010011101001011010011 O
b11001101100100001101011011101011 M
b11011111110010110011011011110110 N
b1000001100100111011110100111101 8
b11101011000100101100110010111001 9
#8940000
0#
0:
#8945000
1#
1:
b1101111011 2
b1000001100100111011110100111101 ,
b11101011000100101100110010111001 -
b10111110011011000100001011000010 0
b101100101001101000100111110111 1
b1101111011 3
b10011101001010011101001011010011 G
b10011011110000001000111000011000 H
b11011111110010110011011011110110 I
b11001101100100001101011011101011 J
b1011001110110100010110010011001100110111110111010001011111010010 L
b10011101001010011101001011010011 /
b10101011111100010000011000001100 7
b1011100101000111011110001111011 6
b11101011000100101100110010111001 D
b1000001100100111011110100111101 C
b110111110111010001011111010010 O
b11101011000100101100110010111001 M
b1000001100100111011110100111101 N
b10100011010111000100001110000100 8
b1000100101001100001010000111 9
#8950000
0#
0:
#8955000
1#
1:
b1101111100 2
b10100011010111000100001110000100 ,
b1000100101001100001010000111 -
b1011100101000111011110001111011 0
b10101011111100010000011000001100 1
b1101111100 3
b110111110111010001011111010010 G
b10011101001010011101001011010011 H
b1000001100100111011110100111101 I
b11101011000100101100110010111001 J
b11110000110111011011111000101101101011110110100101110100010101 L
b110111110111010001011111010010 /
b101011001110111000001000100001 7
b11111010110110110011011000110100 6
b1000100101001100001010000111 D
b10100011010111000100001110000100 C
b1101011110110100101110100010101 O
b1000100101001100001010000111 M
b10100011010111000100001110000100 N
b101001001001100100111001011 8
b100110000101101011100001010101 9
#8960000
0#
0:
#8965000
1#
1:
b1101111101 2
b101001001001100100111001011 ,
b100110000101101011100001010101 -
b11111010110110110011011000110100 0
b101011001110111000001000100001 1
b1101111101 3
b1101011110110100101110100010101 G
b110111110111010001011111010010 H
b10100011010111000100001110000100 I
b1000100101001100001010000111 J
b10101111001110011111001010100111001001000011010001010011100 L
b1101011110110100101110100010101 /
b10101010100001011111111000110110 7
b10011001000100101010111111101101 6
b100110000101101011100001010101 D
b101001001001100100111001011 C
b111001001000011010001010011100 O
b100110000101101011100001010101 M
b101001001001100100111001011 N
b1100110111011010101000000010010 8
b1000011100110001010111000100011 9
#8970000
0#
0:
#8975000
1#
1:
b1101111110 2
b1100110111011010101000000010010 ,
b1000011100110001010111000100011 -
b10011001000100101010111111101101 0
b10101010100001011111111000110110 1
b1101111110 3
b111001001000011010001010011100 G
b1101011110110100101110100010101 H
b101001001001100100111001011 I
b100110000101101011100001010101 J
b11000011111010101101000110011111101100101110100001100111 L
b111001001000011010001010011100 /
b101001110100000111101001001011 7
b110111010010100010100110100110 6
b1000011100110001010111000100011 D
b1100110111011010101000000010010 C
b10011111101100101110100001100111 O
b1000011100110001010111000100011 M
b1100110111011010101000000010010 N
b11001000101101011101011001011001 8
b1100001000110101010001111110001 9
#8980000
0#
0:
#8985000
1#
1:
b1101111111 2
b11001000101101011101011001011001 ,
b1100001000110101010001111110001 -
b110111010010100010100110100110 0
b101001110100000111101001001011 1
b1101111111 3
b10011111101100101110100001100111 G
b111001001000011010001010011100 H
b1100110111011010101000000010010 I
b1000011100110001010111000100011 J
b1101100101101011111101101111110011111100011100010111001110110 L
b10011111101100101110100001100111 /
b10101001000110101111011001100000 7
b11010101100000011010001101011111 6
b1100001000110101010001111110001 D
b11001000101101011101011001011001 C
b10011111100011100010111001110110 O
b1100001000110101010001111110001 M
b11001000101101011101011001011001 N
b101010011111100101110010100000 8
b1111110100111001001100110111111 9
#8990000
0#
0:
#8995000
1#
1:
b1110000000 2
b101010011111100101110010100000 ,
b1111110100111001001100110111111 -
b11010101100000011010001101011111 0
b10101001000110101111011001100000 1
b1110000000 3
b10011111100011100010111001110110 G
b10011111101100101110100001100111 H
b11001000101101011101011001011001 I
b1100001000110101010001111110001 J
b100110000100001110010010011100000111000101100110111010011001001 L
b10011111100011100010111001110110 /
b101000011001010111001001110101 7
b1110011101110010001110100011000 6
b1111110100111001001100110111111 D
b101010011111100101110010100000 C
b111000101100110111010011001001 O
b1111110100111001001100110111111 M
b101010011111100101110010100000 N
b10001100010001101110001011100111 8
b10011100000111101000111110001101 9
#9000000
0#
0:
#9005000
1#
1:
b1110000001 2
b10001100010001101110001011100111 ,
b10011100000111101000111110001101 -
b1110011101110010001110100011000 0
b101000011001010111001001110101 1
b1110000001 3
b111000101100110111010011001001 G
b10011111100011100010111001110110 H
b101010011111100101110010100000 I
b1111110100111001001100110111111 J
b1010100000100001100000001110001101011001000101011101101100000 L
b111000101100110111010011001001 /
b10100111101011111110111010001010 7
b10001111100001001011011010001 6
b10011100000111101000111110001101 D
b10001100010001101110001011100111 C
b1101011001000101011101101100000 O
b10011100000111101000111110001101 M
b10001100010001101110001011100111 N
b11101110000011110110100100101110 8
b10111001101000001000010101011011 9
#9010000
0#
0:
#9015000
1#
1:
b1110000010 2
b11101110000011110110100100101110 ,
b10111001101000001000010101011011 -
b10001111100001001011011010001 0
b10100111101011111110111010001010 1
b1110000010 3
b1101011001000101011101101100000 G
b111000101100110111010011001001 H
b10001100010001101110001011100111 I
b10011100000111101000111110001101 J
b101010110001011111100010011110000110110110111000000001000111011 L
b1101011001000101011101101100000 /
b100110111110100110101010011111 7
b10110000001010000001000010001010 6
b10111001101000001000010101011011 D
b11101110000011110110100100101110 C
b110110110111000000001000111011 O
b10111001101000001000010101011011 M
b11101110000011110110100100101110 N
b1001111110101111110111101110101 8
b11010111001000100111101100101001 9
#9020000
0#
0:
#9025000
1#
1:
b1110000011 2
b1001111110101111110111101110101 ,
b11010111001000100111101100101001 -
b10110000001010000001000010001010 0
b100110111110100110101010011111 1
b1110000011 3
b110110110111000000001000111011 G
b1101011001000101011101101100000 H
b11101110000011110110100100101110 I
b10111001101000001000010101011011 J
b1010110010011110011010001010011010011011110111110100100101011010 L
b110110110111000000001000111011 /
b10100110010001001110011010110100 7
b1001110010111111000101001000011 6
b11010111001000100111101100101001 D
b1001111110101111110111101110101 C
b10011011110111110100100101011010 O
b11010111001000100111101100101001 M
b1001111110101111110111101110101 N
b10110001101000000111010110111100 8
b11110100101001000111000011110111 9
#9030000
0#
0:
#9035000
1#
1:
b1110000100 2
b10110001101000000111010110111100 ,
b11110100101001000111000011110111 -
b1001110010111111000101001000011 0
b10100110010001001110011010110100 1
b1110000100 3
b10011011110111110100100101011010 G
b110110110111000000001000111011 H
b1001111110101111110111101110101 I
b11010111001000100111101100101001 J
b100001100011001000110110011001010011010001011001001000010111101 L
b10011011110111110100100101011010 /
b100101100011110110001011001001 7
b11101100100101110000001111111100 6
b11110100101001000111000011110111 D
b10110001101000000111010110111100 C
b10011010001011001001000010111101 O
b11110100101001000111000011110111 M
b10110001101000000111010110111100 N
b10011011010001111110000000011 8
b10010001001100110011011000101 9
#9040000
0#
0:
#9045000
1#
1:
b1110000101 2
b10011011010001111110000000011 ,
b10010001001100110011011000101 -
b11101100100101110000001111111100 0
b100101100011110110001011001001 1
b1110000101 3
b10011010001011001001000010111101 G
b10011011110111110100100101011010 H
b10110001101000000111010110111100 I
b11110100101001000111000011110111 J
b1010100110111111000010010110010000110001110000111101100001100100 L
b10011010001011001001000010111101 /
b10100100110110011101111011011110 7
b10001010110011100111110110110101 6
b10010001001100110011011000101 D
b10011011010001111110000000011 C
b110001110000111101100001100100 O
b10010001001100110011011000101 M
b10011011010001111110000000011 N
b1110101001100011000001001001010 8
b101111101010000101110010010011 9
#9050000
0#
0:
#9055000
1#
1:
b1110000110 2
b1110101001100011000001001001010 ,
b101111101010000101110010010011 -
b10001010110011100111110110110101 0
b10100100110110011101111011011110 1
b1110000110 3
b110001110000111101100001100100 G
b10011010001011001001000010111101 H
b10011011010001111110000000011 I
b10010001001100110011011000101 J
b101100000010010110001100001100010101001010010000001001111 L
b110001110000111101100001100100 /
b100100001001000101101011110011 7
b101001000001011111011101101110 6
b101111101010000101110010010011 D
b1110101001100011000001001001010 C
b1100010101001010010000001001111 O
b101111101010000101110010010011 M
b1110101001100011000001001001010 N
b11010110111110100000100010010001 8
b1001101001010100101001001100001 9
#9060000
0#
0:
#9065000
1#
1:
b1110000111 2
b11010110111110100000100010010001 ,
b1001101001010100101001001100001 -
b101001000001011111011101101110 0
b100100001001000101101011110011 1
b1110000111 3
b1100010101001010010000001001111 G
b110001110000111101100001100100 H
b1110101001100011000001001001010 I
b101111101010000101110010010011 J
b1010111010001001010011100101000101100110100000110100001111110 L
b1100010101001010010000001001111 /
b10100011011011101101011100001000 7
b11000111001111010111000100100111 6
b1001101001010100101001001100001 D
b11010110111110100000100010010001 C
b101100110100000110100001111110 O
b1001101001010100101001001100001 M
b11010110111110100000100010010001 N
b111000110000101000111011011000 8
b1101010101011000100100000101111 9
#9070000
0#
0:
#9075000
1#
1:
b1110001000 2
b111000110000101000111011011000 ,
b1101010101011000100100000101111 -
b11000111001111010111000100100111 0
b10100011011011101101011100001000 1
b1110001000 3
b101100110100000110100001111110 G
b1100010101001010010000001001111 H
b11010110111110100000100010010001 I
b1001101001010100101001001100001 J
b100000011001100101111101100011010010000010001011011000011110001 L
b101100110100000110100001111110 /
b100010101110010101001100011101 7
b1100101011101001110101011100000 6
b1101010101011000100100000101111 D
b111000110000101000111011011000 C
b10010000010001011011000011110001 O
b1101010101011000100100000101111 M
b111000110000101000111011011000 N
b10011010100010110001010100011111 8
b10001000001011100011110111111101 9
#9080000
0#
0:
#9085000
1#
1:
b1110001001 2
b10011010100010110001010100011111 ,
b10001000001011100011110111111101 -
b1100101011101001110101011100000 0
b100010101110010101001100011101 1
b1110001001 3
b10010000010001011011000011110001 G
b101100110100000110100001111110 H
b111000110000101000111011011000 I
b1101010101011000100100000101111 J
b1011110100110110000011101111010001101000001001111100110101000 L
b10010000010001011011000011110001 /
b10100010000000111100111100110010 7
b11101011000110010010011001 6
b10001000001011100011110111111101 D
b10011010100010110001010100011111 C
b10001101000001001111100110101000 O
b10001000001011100011110111111101 M
b10011010100010110001010100011111 N
b11111100010100111001101101100110 8
b10100101101100000011001111001011 9
#9090000
0#
0:
#9095000
1#
1:
b1110001010 2
b11111100010100111001101101100110 ,
b10100101101100000011001111001011 -
b11101011000110010010011001 0
b10100010000000111100111100110010 1
b1110001010 3
b10001101000001001111100110101000 G
b10010000010001011011000011110001 H
b10011010100010110001010100011111 I
b10001000001011100011110111111101 J
b101001000110101110011011010001000100011000011100100001010100011 L
b10001101000001001111100110101000 /
b100001010011100100101101000111 7
b10100001111000111101111001010010 6
b10100101101100000011001111001011 D
b11111100010100111001101101100110 C
b100011000011100100001010100011 O
b10100101101100000011001111001011 M
b11111100010100111001101101100110 N
b1011110000111000010000110101101 8
b11000011001100100010100110011001 9
#9100000
0#
0:
#9105000
1#
1:
b1110001011 2
b1011110000111000010000110101101 ,
b11000011001100100010100110011001 -
b10100001111000111101111001010010 0
b100001010011100100101101000111 1
b1110001011 3
b100011000011100100001010100011 G
b10001101000001001111100110101000 H
b11111100010100111001101101100110 I
b10100101101100000011001111001011 J
b1010001101001111100011111011000001010010011000011000101111100010 L
b100011000011100100001010100011 /
b10100000100110001100011101011100 7
b1000000000110110101100000001011 6
b11000011001100100010100110011001 D
b1011110000111000010000110101101 C
b1010010011000011000101111100010 O
b11000011001100100010100110011001 M
b1011110000111000010000110101101 N
b10111111111001001010011111110100 8
b11100000101101000001111101100111 9
#9110000
0#
0:
#9115000
1#
1:
b1110001100 2
b10111111111001001010011111110100 ,
b11100000101101000001111101100111 -
b1000000000110110101100000001011 0
b10100000100110001100011101011100 1
b1110001100 3
b1010010011000011000101111100010 G
b100011000011100100001010100011 H
b1011110000111000010000110101101 I
b11000011001100100010100110011001 J
b100011111000001110111100111000000011010111111101101010101100101 L
b1010010011000011000101111100010 /
b11111111000110100001101110001 7
b11011110010100101101000111000100 6
b11100000101101000001111101100111 D
b10111111111001001010011111110100 C
b11010111111101101010101100101 O
b11100000101101000001111101100111 M
b10111111111001001010011111110100 N
b100001101011010010111000111011 8
b11111110001101100001010100110101 9
#9120000
0#
0:
#9125000
1#
1:
b1110001101 2
b100001101011010010111000111011 ,
b11111110001101100001010100110101 -
b11011110010100101101000111000100 0
b11111111000110100001101110001 1
b1110001101 3
b11010111111101101010101100101 G
b1010010011000011000101111100010 H
b10111111111001001010011111110100 I
b11100000101101000001111101100111 J
b1010100001101111000101110100010101111100111001100001111100101100 L
b11010111111101101010101100101 /
b10011111001011011011111110000110 7
b1111100100010100100101101111101 6
b11111110001101100001010100110101 D
b100001101011010010111000111011 C
b1111100111001100001111100101100 O
b11111110001101100001010100110101 M
b100001101011010010111000111011 N
b10000011011101011011010010000010 8
b11011101110000000101100000011 9
#9130000
0#
0:
#9135000
1#
1:
b1110001110 2
b10000011011101011011010010000010 ,
b11011101110000000101100000011 -
b1111100100010100100101101111101 0
b10011111001011011011111110000110 1
b1110001110 3
b1111100111001100001111100101100 G
b11010111111101101010101100101 H
b100001101011010010111000111011 I
b11111110001101100001010100110101 J
b10000101110000111100010011000001111000000101110110100100110111 L
b1111100111001100001111100101100 /
b11110011110000011101110011011 7
b11010110000011100010100110110 6
b11011101110000000101100000011 D
b10000011011101011011010010000010 C
b1111000000101110110100100110111 O
b11011101110000000101100000011 M
b10000011011101011011010010000010 N
b11100101001111100011101011001001 8
b111001001110100000000011010001 9
#9140000
0#
0:
#9145000
1#
1:
b1110001111 2
b11100101001111100011101011001001 ,
b111001001110100000000011010001 -
b11010110000011100010100110110 0
b11110011110000011101110011011 1
b1110001111 3
b1111000000101110110100100110111 G
b1111100111001100001111100101100 H
b10000011011101011011010010000010 I
b11011101110000000101100000011 J
b111000111011111011000100101100001100100100101011001110000110 L
b1111000000101110110100100110111 /
b10011101110000101011011110110000 7
b10111000111110010011111011101111 6
b111001001110100000000011010001 D
b11100101001111100011101011001001 C
b1100100100101011001110000110 O
b111001001110100000000011010001 M
b11100101001111100011101011001001 N
b1000111000001101100000100010000 8
b1010110101110111111011010011111 9
#9150000
0#
0:
#9155000
1#
1:
b1110010000 2
b1000111000001101100000100010000 ,
b1010110101110111111011010011111 -
b10111000111110010011111011101111 0
b10011101110000101011011110110000 1
b1110010000 3
b1100100100101011001110000110 G
b1111000000101110110100100110111 H
b11100101001111100011101011001001 I
b111001001110100000000011010001 J
b11001100111110110010111110101100111010010101111111111000011001 L
b1100100100101011001110000110 /
b11101000011010011001111000101 7
b1010111001100001011100010101000 6
b1010110101110111111011010011111 D
b1000111000001101100000100010000 C
b111010010101111111111000011001 O
b1010110101110111111011010011111 M
b1000111000001101100000100010000 N
b10101000110011110100011101010111 8
b1110100001111011110110001101101 9
#9160000
0#
0:
#9165000
1#
1:
b1110010001 2
b10101000110011110100011101010111 ,
b1110100001111011110110001101101 -
b1010111001100001011100010101000 0
b11101000011010011001111000101 1
b1110010001 3
b111010010101111111111000011001 G
b1100100100101011001110000110 H
b1000111000001101100000100010000 I
b1010110101110111111011010011111 J
b1100000010000011010110011011100000001011001110100100011110000 L
b111010010101111111111000011001 /
b10011100010101111010111111011010 7
b11110101011010000011001001100001 6
b1110100001111011110110001101101 D
b10101000110011110100011101010111 C
b1011001110100100011110000 O
b1110100001111011110110001101101 M
b10101000110011110100011101010111 N
b1010100101111100110110011110 8
b10010001101111111110001000111011 9
#9170000
0#
0:
#9175000
1#
1:
b1110010010 2
b1010100101111100110110011110 ,
b10010001101111111110001000111011 -
b11110101011010000011001001100001 0
b10011100010101111010111111011010 1
b1110010010 3
b1011001110100100011110000 G
b111010010101111111111000011001 H
b10101000110011110100011101010111 I
b1110100001111011110110001101101 J
b100110010100110110000011001111001100001110000001001010000001011 L
b1011001110100100011110000 /
b11011101000100010101111101111 7
b10010011100111111010110000011010 6
b10010001101111111110001000111011 D
b1010100101111100110110011110 C
b1100001110000001001010000001011 O
b10010001101111111110001000111011 M
b1010100101111100110110011110 N
b1101100011000000101001111100101 8
b10101111010000011101100000001001 9
#9180000
0#
0:
#9185000
1#
1:
b1110010011 2
b1101100011000000101001111100101 ,
b10101111010000011101100000001001 -
b10010011100111111010110000011010 0
b11011101000100010101111101111 1
b1110010011 3
b1100001110000001001010000001011 G
b1011001110100100011110000 H
b1010100101111100110110011110 I
b10010001101111111110001000111011 J
b11000000111111011000001010101011011011000111101111101101010 L
b1100001110000001001010000001011 /
b10011010111011001010100000000100 7
b110001110101110010010111010011 6
b10101111010000011101100000001001 D
b1101100011000000101001111100101 C
b1011011011000111101111101101010 O
b10101111010000011101100000001001 M
b1101100011000000101001111100101 N
b11001110001010001101101000101100 8
b11001100110000111100110111010111 9
#9190000
0#
0:
#9195000
1#
1:
b1110010100 2
b11001110001010001101101000101100 ,
b11001100110000111100110111010111 -
b110001110101110010010111010011 0
b10011010111011001010100000000100 1
b1110010100 3
b1011011011000111101111101101010 G
b1100001110000001001010000001011 H
b1101100011000000101001111100101 I
b10101111010000011101100000001001 J
b100101000110001101110010100001111101110010100010010101100001101 L
b1011011011000111101111101101010 /
b11010001101110010010000011001 7
b11010000000011101001111110001100 6
b11001100110000111100110111010111 D
b11001110001010001101101000101100 C
b11101110010100010010101100001101 O
b11001100110000111100110111010111 M
b11001110001010001101101000101100 N
b101111111100010110000001110011 8
b11101010010001011100001110100101 9
#9200000
0#
0:
#9205000
1#
1:
b1110010101 2
b101111111100010110000001110011 ,
b11101010010001011100001110100101 -
b11010000000011101001111110001100 0
b11010001101110010010000011001 1
b1110010101 3
b11101110010100010010101100001101 G
b1011011011000111101111101101010 H
b11001110001010001101101000101100 I
b11001100110000111100110111010111 J
b1010010011100110001111001011110100011010100010000111011011110100 L
b11101110010100010010101100001101 /
b10011001100000011010000000101110 7
b1101110010001100001100101000101 6
b11101010010001011100001110100101 D
b101111111100010110000001110011 C
b11010100010000111011011110100 O
b11101010010001011100001110100101 M
b101111111100010110000001110011 N
b10010001101110011110011010111010 8
b111110001111011100101110011 9
#9210000
0#
0:
#9215000
1#
1:
b1110010110 2
b10010001101110011110011010111010 ,
b111110001111011100101110011 -
b1101110010001100001100101000101 0
b10011001100000011010000000101110 1
b1110010110 3
b11010100010000111011011110100 G
b11101110010100010010101100001101 H
b101111111100010110000001110011 I
b11101010010001011100001110100101 J
b10101111011111101100101101101111100000000010011100001100011111 L
b11010100010000111011011110100 /
b11000110011000001110001000011 7
b1100011111011001001011111110 6
b111110001111011100101110011 D
b10010001101110011110011010111010 C
b11100000000010011100001100011111 O
b111110001111011100101110011 M
b10010001101110011110011010111010 N
b11110011100000100110110100000001 8
b100101010010011010111101000001 9
#9220000
0#
0:
#9225000
1#
1:
b1110010111 2
b11110011100000100110110100000001 ,
b100101010010011010111101000001 -
b1100011111011001001011111110 0
b11000110011000001110001000011 1
b1110010111 3
b11100000000010011100001100011111 G
b11010100010000111011011110100 H
b10010001101110011110011010111010 I
b111110001111011100101110011 J
b10001101101110001100110001000111110110101010000111110001110 L
b11100000000010011100001100011111 /
b10011000000101101001100001011000 7
b10101010101101010000110010110111 6
b100101010010011010111101000001 D
b11110011100000100110110100000001 C
b111110110101010000111110001110 O
b100101010010011010111101000001 M
b11110011100000100110110100000001 N
b1010101010010101111001101001000 8
b1000010110010111010010100001111 9
#9230000
0#
0:
#9235000
1#
1:
b1110011000 2
b1010101010010101111001101001000 ,
b1000010110010111010010100001111 -
b10101010101101010000110010110111 0
b10011000000101101001100001011000 1
b1110011000 3
b111110110101010000111110001110 G
b11100000000010011100001100011111 H
b11110011100000100110110100000001 I
b100101010010011010111101000001 J
b10001101110111111100001010011000110110111010100101110001000001 L
b111110110101010000111110001110 /
b10111011000010001010001101101 7
b1001000111011001000011001110000 6
b1000010110010111010010100001111 D
b1010101010010101111001101001000 C
b110110111010100101110001000001 O
b1000010110010111010010100001111 M
b1010101010010101111001101001000 N
b10110111000100110111100110001111 8
b1100000010011011001101011011101 9
#9240000
0#
0:
#9245000
1#
1:
b1110011001 2
b10110111000100110111100110001111 ,
b1100000010011011001101011011101 -
b1001000111011001000011001110000 0
b10111011000010001010001101101 1
b1110011001 3
b110110111010100101110001000001 G
b111110110101010000111110001110 H
b1010101010010101111001101001000 I
b1000010110010111010010100001111 J
b1011001000001001011000010010111001000010010011010100100111000 L
b110110111010100101110001000001 /
b10010110101010111001000010000010 7
b11100111001001000000000000101001 6
b1100000010011011001101011011101 D
b10110111000100110111100110001111 C
b11001000010010011010100100111000 O
b1100000010011011001101011011101 M
b10110111000100110111100110001111 N
b11000110110111111111111010110 8
b1111101110011111001000010101011 9
#9250000
0#
0:
#9255000
1#
1:
b1110011010 2
b11000110110111111111111010110 ,
b1111101110011111001000010101011 -
b11100111001001000000000000101001 0
b10010110101010111001000010000010 1
b1110011010 3
b11001000010010011010100100111000 G
b110110111010100101110001000001 H
b10110111000100110111100110001111 I
b1100000010011011001101011011101 J
b100010011011110110011010011000011110010111100101111011001110011 L
b11001000010010011010100100111000 /
b10101111101100000110010010111 7
b10000101010110110111100111100010 6
b1111101110011111001000010101011 D
b11000110110111111111111010110 C
b11110010111100101111011001110011 O
b1111101110011111001000010101011 M
b11000110110111111111111010110 N
b1111010101001001000011000011101 8
b10011011010100011000011001111001 9
#9260000
0#
0:
#9265000
1#
1:
b1110011011 2
b1111010101001001000011000011101 ,
b10011011010100011000011001111001 -
b10000101010110110111100111100010 0
b10101111101100000110010010111 1
b1110011011 3
b11110010111100101111011001110011 G
b11001000010010011010100100111000 H
b11000110110111111111111010110 I
b1111101110011111001000010101011 J
b110000110111100100111101101110110110111001100100001111110010 L
b11110010111100101111011001110011 /
b10010101010000001000100010101100 7
b100011100100101111001110011011 6
b10011011010100011000011001111001 D
b1111010101001001000011000011101 C
b10110110111001100100001111110010 O
b10011011010100011000011001111001 M
b1111010101001001000011000011101 N
b11011100011011010000110001100100 8
b10111000110100110111110001000111 9
#9270000
0#
0:
#9275000
1#
1:
b1110011100 2
b11011100011011010000110001100100 ,
b10111000110100110111110001000111 -
b100011100100101111001110011011 0
b10010101010000001000100010101100 1
b1110011100 3
b10110110111001100100001111110010 G
b11110010111100101111011001110011 H
b1111010101001001000011000011101 I
b10011011010100011000011001111001 J
b100101001101000101010111010111000010100001000111001000110110101 L
b10110110111001100100001111110010 /
b10100100010110000010011000001 7
b11000001110010100110110101010100 6
b10111000110100110111110001000111 D
b11011100011011010000110001100100 C
b10100001000111001000110110101 O
b10111000110100110111110001000111 M
b11011100011011010000110001100100 N
b111110001101011001001010101011 8
b11010110010101010111001000010101 9
#9280000
0#
0:
#9285000
1#
1:
b1110011101 2
b111110001101011001001010101011 ,
b11010110010101010111001000010101 -
b11000001110010100110110101010100 0
b10100100010110000010011000001 1
b1110011101 3
b10100001000111001000110110101 G
b10110110111001100100001111110010 H
b11011100011011010000110001100100 I
b10111000110100110111110001000111 J
b1001111100100100011110011100101100001010101010101101111110111100 L
b10100001000111001000110110101 /
b10010011110101011000000011010110 7
b1100000000000011110011100001101 6
b11010110010101010111001000010101 D
b111110001101011001001010101011 C
b1010101010101101111110111100 O
b11010110010101010111001000010101 M
b111110001101011001001010101011 N
b10011111111111100001100011110010 8
b11110011110101110110011111100011 9
#9290000
0#
0:
#9295000
1#
1:
b1110011110 2
b10011111111111100001100011110010 ,
b11110011110101110110011111100011 -
b1100000000000011110011100001101 0
b10010011110101011000000011010110 1
b1110011110 3
b1010101010101101111110111100 G
b10100001000111001000110110101 H
b111110001101011001001010101011 I
b11010110010101010111001000010101 J
b11010000010101100011000001110110011010011111000010111000000111 L
b1010101010101101111110111100 /
b10011000111111111110011101011 7
b11111110001110010110000011000110 6
b11110011110101110110011111100011 D
b10011111111111100001100011110010 C
b10011010011111000010111000000111 O
b11110011110101110110011111100011 M
b10011111111111100001100011110010 N
b1110001101001111100111001 8
b10001010110010101110110110001 9
#9300000
0#
0:
#9305000
1#
1:
b1110011111 2
b1110001101001111100111001 ,
b10001010110010101110110110001 -
b11111110001110010110000011000110 0
b10011000111111111110011101011 1
b1110011111 3
b10011010011111000010111000000111 G
b1010101010101101111110111100 H
b10011111111111100001100011110010 I
b11110011110101110110011111100011 J
b1001100001100100110100010000000111000011100101110111110010010110 L
b10011010011111000010111000000111 /
b10010010011010100111100100000000 7
b10011100011100001101101001111111 6
b10001010110010101110110110001 D
b1110001101001111100111001 C
b11000011100101110111110010010110 O
b10001010110010101110110110001 M
b1110001101001111100111001 N
b1100011100011110010010110000000 8
b101110110110110101001101111111 9
#9310000
0#
0:
#9315000
1#
1:
b1110100000 2
b1100011100011110010010110000000 ,
b101110110110110101001101111111 -
b10011100011100001101101001111111 0
b10010010011010100111100100000000 1
b1110100000 3
b11000011100101110111110010010110 G
b10011010011111000010111000000111 H
b1110001101001111100111001 I
b10001010110010101110110110001 J
b11110110011110100011010000101111111001100101101101001 L
b11000011100101110111110010010110 /
b10001101101001111010100010101 7
b111010101010000101010000111000 6
b101110110110110101001101111111 D
b1100011100011110010010110000000 C
b10000101111111001100101101101001 O
b101110110110110101001101111111 M
b1100011100011110010010110000000 N
b11000101010101111010101111000111 8
b1001100010111010100100101001101 9
#9320000
0#
0:
#9325000
1#
1:
b1110100001 2
b11000101010101111010101111000111 ,
b1001100010111010100100101001101 -
b111010101010000101010000111000 0
b10001101101001111010100010101 1
b1110100001 3
b10000101111111001100101101101001 G
b11000011100101110111110010010110 H
b1100011100011110010010110000000 I
b101110110110110101001101111111 J
b1001000111001000001001010101011100001101011000001101010000000 L
b10000101111111001100101101101001 /
b10010000111111110111000100101010 7
b11011000110111111100110111110001 6
b1001100010111010100100101001101 D
b11000101010101111010101111000111 C
b11100001101011000001101010000000 O
b1001100010111010100100101001101 M
b11000101010101111010101111000111 N
b100111001000000011001000001110 8
b1101001110111110011111100011011 9
#9330000
0#
0:
#9335000
1#
1:
b1110100010 2
b100111001000000011001000001110 ,
b1101001110111110011111100011011 -
b11011000110111111100110111110001 0
b10010000111111110111000100101010 1
b1110100010 3
b11100001101011000001101010000000 G
b10000101111111001100101101101001 H
b11000101010101111010101111000111 I
b1001100010111010100100101001101 J
b11101011011101111100000101100111010110101001010110100111011011 L
b11100001101011000001101010000000 /
b10000010010011110110100111111 7
b1110111000101110100011110101010 6
b1101001110111110011111100011011 D
b100111001000000011001000001110 C
b11010110101001010110100111011011 O
b1101001110111110011111100011011 M
b100111001000000011001000001110 N
b10001000111010001011100001010101 8
b10000111011000010011010011101001 9
#9340000
0#
0:
#9345000
1#
1:
b1110100011 2
b10001000111010001011100001010101 ,
b10000111011000010011010011101001 -
b1110111000101110100011110101010 0
b10000010010011110110100111111 1
b1110100011 3
b11010110101001010110100111011011 G
b11100001101011000001101010000000 H
b100111001000000011001000001110 I
b1101001110111110011111100011011 J
b1000000101110010100110011100001100100111010001011100101111010 L
b11010110101001010110100111011011 /
b10001111100101000110100101010100 7
b10101010011101100000101100011 6
b10000111011000010011010011101001 D
b10001000111010001011100001010101 C
b1100100111010001011100101111010 O
b10000111011000010011010011101001 M
b10001000111010001011100001010101 N
b11101010101100010011111010011100 8
b10100100111000110010101010110111 9
#9350000
0#
0:
#9355000
1#
1:
b1110100100 2
b11101010101100010011111010011100 ,
b10100100111000110010101010110111 -
b10101010011101100000101100011 0
b10001111100101000110100101010100 1
b1110100100 3
b1100100111010001011100101111010 G
b11010110101001010110100111011011 H
b10001000111010001011100001010101 I
b10000111011000010011010011101001 J
b100100001100110101101011010111010001100011101100000100101011101 L
b1100100111010001011100101111010 /
b1110110111101110010101101001 7
b10110011100001100011101100011100 6
b10100100111000110010101010110111 D
b11101010101100010011111010011100 C
b10001100011101100000100101011101 O
b10100100111000110010101010110111 M
b11101010101100010011111010011100 N
b1001100011110011100010011100011 8
b11000010011001010010000010000101 9
#9360000
0#
0:
#9365000
1#
1:
b1110100101 2
b1001100011110011100010011100011 ,
b11000010011001010010000010000101 -
b10110011100001100011101100011100 0
b1110110111101110010101101001 1
b1110100101 3
b10001100011101100000100101011101 G
b1100100111010001011100101111010 H
b11101010101100010011111010011100 I
b10100100111000110010101010110111 J
b1001011100101001110011100110111101001101010011010101100110000100 L
b10001100011101100000100101011101 /
b10001110001010010110000101111110 7
b1010001101111011011010011010101 6
b11000010011001010010000010000101 D
b1001100011110011100010011100011 C
b1001101010011010101100110000100 O
b11000010011001010010000010000101 M
b1001100011110011100010011100011 N
b10101110010000100100101100101010 8
b11011111111001110001011001010011 9
#9370000
0#
0:
#9375000
1#
1:
b1110100110 2
b10101110010000100100101100101010 ,
b11011111111001110001011001010011 -
b1010001101111011011010011010101 0
b10001110001010010110000101111110 1
b1110100110 3
b1001101010011010101100110000100 G
b10001100011101100000100101011101 H
b1001100011110011100010011100011 I
b11000010011001010010000010000101 J
b11101000010010011111001111010110100111011011101010100111101111 L
b1001101010011010101100110000100 /
b1101011100111101110110010011 7
b11101111111101010010111010001110 6
b11011111111001110001011001010011 D
b10101110010000100100101100101010 C
b10100111011011101010100111101111 O
b11011111111001110001011001010011 M
b10101110010000100100101100101010 N
b10000000010101101000101110001 8
b11111101011010010000110000100001 9
#9380000
0#
0:
#9385000
1#
1:
b1110100111 2
b10000000010101101000101110001 ,
b11111101011010010000110000100001 -
b11101111111101010010111010001110 0
b1101011100111101110110010011 1
b1110100111 3
b10100111011011101010100111101111 G
b1001101010011010101100110000100 H
b10101110010000100100101100101010 I
b11011111111001110001011001010011 J
b1001100001101001000011000111110110011010110110011111101010011110 L
b10100111011011101010100111101111 /
b10001100101111100101100110101000 7
b10001110001011001010100001000111 6
b11111101011010010000110000100001 D
b10000000010101101000101110001 C
b10011010110110011111101010011110 O
b11111101011010010000110000100001 M
b10000000010101101000101110001 N
b1110001110100110101011110111000 8
b11010111010110000000111101111 9
#9390000
0#
0:
#9395000
1#
1:
b1110101000 2
b1110001110100110101011110111000 ,
b11010111010110000000111101111 -
b10001110001011001010100001000111 0
b10001100101111100101100110101000 1
b1110101000 3
b10011010110110011111101010011110 G
b10100111011011101010100111101111 H
b10000000010101101000101110001 I
b11111101011010010000110000100001 J
b111111100001010001100010111100100111100011110100101110010001 L
b10011010110110011111101010011110 /
b1100000010001101010110111101 7
b101100011001000010001000000000 6
b11010111010110000000111101111 D
b1110001110100110101011110111000 C
b100111100011110100101110010001 O
b11010111010110000000111101111 M
b1110001110100110101011110111000 N
b11010011100110111101110111111111 8
b111000011011001111011110111101 9
#9400000
0#
0:
#9405000
1#
1:
b1110101001 2
b11010011100110111101110111111111 ,
b111000011011001111011110111101 -
b101100011001000010001000000000 0
b1100000010001101010110111101 1
b1110101001 3
b100111100011110100101110010001 G
b10011010110110011111101010011110 H
b1110001110100110101011110111000 I
b11010111010110000000111101111 J
b101111110111111101001100011001001101100011101001110011001000 L
b100111100011110100101110010001 /
b10001011010100110101000111010010 7
b11001010100110111001101110111001 6
b111000011011001111011110111101 D
b11010011100110111101110111111111 C
b1001101100011101001110011001000 O
b111000011011001111011110111101 M
b11010011100110111101110111111111 N
b110101011001000110010001000110 8
b1010101111011101110110110001011 9
#9410000
0#
0:
#9415000
1#
1:
b1110101010 2
b110101011001000110010001000110 ,
b1010101111011101110110110001011 -
b11001010100110111001101110111001 0
b10001011010100110101000111010010 1
b1110101010 3
b1001101100011101001110011001000 G
b100111100011110100101110010001 H
b11010011100110111101110111111111 I
b111000011011001111011110111101 J
b10111010100100001010110001100100001100110101111110111001000011 L
b1001101100011101001110011001000 /
b1010100111011100110111100111 7
b1101000110100110001010101110010 6
b1010101111011101110110110001011 D
b110101011001000110010001000110 C
b1100110101111110111001000011 O
b1010101111011101110110110001011 M
b110101011001000110010001000110 N
b10010111001011001110101010001101 8
b1110011011100001110001101011001 9
#9420000
0#
0:
#9425000
1#
1:
b1110101011 2
b10010111001011001110101010001101 ,
b1110011011100001110001101011001 -
b1101000110100110001010101110010 0
b1010100111011100110111100111 1
b1110101011 3
b1100110101111110111001000011 G
b1001101100011101001110011001000 H
b110101011001000110010001000110 I
b1010101111011101110110110001011 J
b1000111101100001010100010101101100101011010110100000000000010 L
b1100110101111110111001000011 /
b10001001111010000100100111111100 7
b111000010101000111100101011 6
b1110011011100001110001101011001 D
b10010111001011001110101010001101 C
b1100101011010110100000000000010 O
b1110011011100001110001101011001 M
b10010111001011001110101010001101 N
b11111000111101010111000011010100 8
b10010000111100101101100100100111 9
#9430000
0#
0:
#9435000
1#
1:
b1110101100 2
b11111000111101010111000011010100 ,
b10010000111100101101100100100111 -
b111000010101000111100101011 0
b10001001111010000100100111111100 1
b1110101100 3
b1100101011010110100000000000010 G
b1100110101111110111001000011 H
b10010111001011001110101010001101 I
b1110011011100001110001101011001 J
b100010000101011110101110100010101010111010010001001001000000101 L
b1100101011010110100000000000010 /
b1001001100101100011000010001 7
b10100101010000100000100011100100 6
b10010000111100101101100100100111 D
b11111000111101010111000011010100 C
b1010111010010001001001000000101 O
b10010000111100101101100100100111 M
b11111000111101010111000011010100 N
b1011010101111011111011100011011 8
b10101110011101001100111011110101 9
#9440000
0#
0:
#9445000
1#
1:
b1110101101 2
b1011010101111011111011100011011 ,
b10101110011101001100111011110101 -
b10100101010000100000100011100100 0
b1001001100101100011000010001 1
b1110101101 3
b1010111010010001001001000000101 G
b1100101011010110100000000000010 H
b11111000111101010111000011010100 I
b10010000111100101101100100100111 J
b1000110011110110001110101010100111100010011011111110010001001100 L
b1010111010010001001001000000101 /
b10001000011111010100001000100110 7
b1000011011110011000001010011101 6
b10101110011101001100111011110101 D
b1011010101111011111011100011011 C
b11100010011011111110010001001100 O
b10101110011101001100111011110101 M
b1011010101111011111011100011011 N
b10111100100001100111110101100010 8
b11001011111101101100010011000011 9
#9450000
0#
0:
#9455000
1#
1:
b1110101110 2
b10111100100001100111110101100010 ,
b11001011111101101100010011000011 -
b1000011011110011000001010011101 0
b10001000011111010100001000100110 1
b1110101110 3
b11100010011011111110010001001100 G
b1010111010010001001001000000101 H
b1011010101111011111011100011011 I
b10101110011101001100111011110101 J
b11110111010110100001010110010000000110111000010011011011010111 L
b11100010011011111110010001001100 /
b111110001111011111000111011 7
b11100001101100001111110001010110 6
b11001011111101101100010011000011 D
b10111100100001100111110101100010 C
b110111000010011011011010111 O
b11001011111101101100010011000011 M
b10111100100001100111110101100010 N
b11110010011110000001110101001 8
b11101001011110001011101010010001 9
#9460000
0#
0:
#9465000
1#
1:
b1110101111 2
b11110010011110000001110101001 ,
b11101001011110001011101010010001 -
b11100001101100001111110001010110 0
b111110001111011111000111011 1
b1110101111 3
b110111000010011011011010111 G
b11100010011011111110010001001100 H
b10111100100001100111110101100010 I
b11001011111101101100010011000011 J
b1001011000110100010111111000111111000100100111001000100110100110 L
b110111000010011011011010111 /
b10000111000100100011101001010000 7
b1111111111010000111011000001111 6
b11101001011110001011101010010001 D
b11110010011110000001110101001 C
b11000100100111001000100110100110 O
b11101001011110001011101010010001 M
b11110010011110000001110101001 N
b10000000000101111000100111110000 8
b110111110101011000001011111 9
#9470000
0#
0:
#9475000
1#
1:
b1110110000 2
b10000000000101111000100111110000 ,
b110111110101011000001011111 -
b1111111111010000111011000001111 0
b10000111000100100011101001010000 1
b1110110000 3
b11000100100111001000100110100110 G
b110111000010011011011010111 H
b11110010011110000001110101001 I
b11101001011110001011101010010001 J
b1101110100100001101010111010100011011101000011101110010111001 L
b11000100100111001000100110100110 /
b110010111001011011001100101 7
b11110000111111110111111001000 6
b110111110101011000001011111 D
b10000000000101111000100111110000 C
b11011101000011101110010111001 O
b110111110101011000001011111 M
b10000000000101111000100111110000 N
b11100001111000000001000000110111 8
b100100011111001010011000101101 9
#9480000
0#
0:
#9485000
1#
1:
b1110110001 2
b11100001111000000001000000110111 ,
b100100011111001010011000101101 -
b11110000111111110111111001000 0
b110010111001011011001100101 1
b1110110001 3
b11011101000011101110010111001 G
b11000100100111001000100110100110 H
b10000000000101111000100111110000 I
b110111110101011000001011111 J
b1101111101111111000111100000001011111100010011000000010000 L
b11011101000011101110010111001 /
b10000101101001110011001001111010 7
b10111100010101110110100110000001 6
b100100011111001010011000101101 D
b11100001111000000001000000110111 C
b1011111100010011000000010000 O
b100100011111001010011000101101 M
b11100001111000000001000000110111 N
b1000011101010001001011001111110 8
b1000001111111101001101111111011 9
#9490000
0#
0:
#9495000
1#
1:
b1110110010 2
b1000011101010001001011001111110 ,
b1000001111111101001101111111011 -
b10111100010101110110100110000001 0
b10000101101001110011001001111010 1
b1110110010 3
b1011111100010011000000010000 G
b11011101000011101110010111001 H
b11100001111000000001000000110111 I
b100100011111001010011000101101 J
b10000000110001011111010110111010010101100010101000001110101011 L
b1011111100010011000000010000 /
b100111100011010111010001111 7
b1011010100011101110001100111010 6
b1000001111111101001101111111011 D
b1000011101010001001011001111110 C
b10010101100010101000001110101011 O
b1000001111111101001101111111011 M
b1000011101010001001011001111110 N
b10100101011100010001110011000101 8
b1011111100000001001000111001001 9
#9500000
0#
0:
#9505000
1#
1:
b1110110011 2
b10100101011100010001110011000101 ,
b1011111100000001001000111001001 -
b1011010100011101110001100111010 0
b100111100011010111010001111 1
b1110110011 3
b10010101100010101000001110101011 G
b1011111100010011000000010000 H
b1000011101010001001011001111110 I
b1000001111111101001101111111011 J
b1000101110001000110001011010010111000011011011101011110001010 L
b10010101100010101000001110101011 /
b10000100001111000010101010100100 7
b11111000110001100101110011110011 6
b1011111100000001001000111001001 D
b10100101011100010001110011000101 C
b10111000011011011101011110001010 O
b1011111100000001001000111001001 M
b10100101011100010001110011000101 N
b111001110011010001100001100 8
b1111101000000101000011110010111 9
#9510000
0#
0:
#9515000
1#
1:
b1110110100 2
b111001110011010001100001100 ,
b1111101000000101000011110010111 -
b11111000110001100101110011110011 0
b10000100001111000010101010100100 1
b1110110100 3
b10111000011011011101011110001010 G
b10010101100010101000001110101011 H
b10100101011100010001110011000101 I
b1011111100000001001000111001001 J
b11110110111000000100000111001001110100100110110010101110101101 L
b10111000011011011101011110001010 /
b11100001101010011010111001 7
b10010110111111011101011010101100 6
b1111101000000101000011110010111 D
b111001110011010001100001100 C
b1110100100110110010101110101101 O
b1111101000000101000011110010111 M
b111001110011010001100001100 N
b1101001000000100010100101010011 8
b10011010100001000111110101100101 9
#9520000
0#
0:
#9525000
1#
1:
b1110110101 2
b1101001000000100010100101010011 ,
b10011010100001000111110101100101 -
b10010110111111011101011010101100 0
b11100001101010011010111001 1
b1110110101 3
b1110100100110110010101110101101 G
b10111000011011011101011110001010 H
b111001110011010001100001100 I
b1111101000000101000011110010111 J
b1110000111001101101110001111001010000100101000000000010100 L
b1110100100110110010101110101101 /
b10000010110100010010001011001110 7
b110101001101010101000001100101 6
b10011010100001000111110101100101 D
b1101001000000100010100101010011 C
b11001010000100101000000000010100 O
b10011010100001000111110101100101 M
b1101001000000100010100101010011 N
b11001010110010101010111110011010 8
b10111000000001100111001100110011 9
#9530000
0#
0:
#9535000
1#
1:
b1110110110 2
b11001010110010101010111110011010 ,
b10111000000001100111001100110011 -
b110101001101010101000001100101 0
b10000010110100010010001011001110 1
b1110110110 3
b11001010000100101000000000010100 G
b1110100100110110010101110101101 H
b1101001000000100010100101010011 I
b10011010100001000111110101100101 J
b11111101100001101001010110100010111000110100111101010010111111 L
b11001010000100101000000000010100 /
b10000110111001111011100011 7
b11010011011011001100101000011110 6
b10111000000001100111001100110011 D
b11001010110010101010111110011010 C
b10111000110100111101010010111111 O
b10111000000001100111001100110011 M
b11001010110010101010111110011010 N
b101100100100110011010111100001 8
b11010101100010000110100100000001 9
#9540000
0#
0:
#9545000
1#
1:
b1110110111 2
b101100100100110011010111100001 ,
b11010101100010000110100100000001 -
b11010011011011001100101000011110 0
b10000110111001111011100011 1
b1110110111 3
b10111000110100111101010010111111 G
b11001010000100101000000000010100 H
b11001010110010101010111110011010 I
b10111000000001100111001100110011 J
b1001000111000110110010100011100001000000110111110010100110101110 L
b10111000110100111101010010111111 /
b10000001011001100001101011111000 7
b1110001101001000100001111010111 6
b11010101100010000110100100000001 D
b101100100100110011010111100001 C
b1000000110111110010100110101110 O
b11010101100010000110100100000001 M
b101100100100110011010111100001 N
b10001110010110111011110000101000 8
b11110011000010100101111011001111 9
#9550000
0#
0:
#9555000
1#
1:
b1110111000 2
b10001110010110111011110000101000 ,
b11110011000010100101111011001111 -
b1110001101001000100001111010111 0
b10000001011001100001101011111000 1
b1110111000 3
b1000000110111110010100110101110 G
b10111000110100111101010010111111 H
b101100100100110011010111100001 I
b11010101100010000110100100000001 J
b10010100101110001111000101000101100010001101000111111011100001 L
b1000000110111110010100110101110 /
b101100001001011100001101 7
b1111110110111011110110010000 6
b11110011000010100101111011001111 D
b10001110010110111011110000101000 C
b1100010001101000111111011100001 O
b11110011000010100101111011001111 M
b10001110010110111011110000101000 N
b11110000001001000100001001101111 8
b10000100011000101010010011101 9
#9560000
0#
0:
#9565000
1#
1:
b1110111001 2
b11110000001001000100001001101111 ,
b10000100011000101010010011101 -
b1111110110111011110110010000 0
b101100001001011100001101 1
b1110111001 3
b1100010001101000111111011100001 G
b1000000110111110010100110101110 H
b10001110010110111011110000101000 I
b11110011000010100101111011001111 J
b1000011100100110110101111110100000011100110100111101010001011000 L
b1100010001101000111111011100001 /
b1111111111110110001001100100010 7
b10101110000100110011011101001001 6
b10000100011000101010010011101 D
b11110000001001000100001001101111 C
b11100110100111101010001011000 O
b10000100011000101010010011101 M
b11110000001001000100001001101111 N
b1010001111011001100100010110110 8
b101110000011100100101001101011 9
#9570000
0#
0:
#9575000
1#
1:
b1110111010 2
b1010001111011001100100010110110 ,
b101110000011100100101001101011 -
b10101110000100110011011101001001 0
b1111111111110110001001100100010 1
b1110111010 3
b11100110100111101010001011000 G
b1100010001101000111111011100001 H
b11110000001001000100001001101111 I
b10000100011000101010010011101 J
b111110000101111001110101101001110000101111010010101000010011 L
b11100110100111101010001011000 /
b11111111010001011000111100110111 7
b1001100010010101011000100000010 6
b101110000011100100101001101011 D
b1010001111011001100100010110110 C
b1110000101111010010101000010011 O
b101110000011100100101001101011 M
b1010001111011001100100010110110 N
b10110011101101010100111011111101 8
b1001011100100000100000000111001 9
#9580000
0#
0:
#9585000
1#
1:
b1110111011 2
b10110011101101010100111011111101 ,
b1001011100100000100000000111001 -
b1001100010010101011000100000010 0
b11111111010001011000111100110111 1
b1110111011 3
b1110000101111010010101000010011 G
b11100110100111101010001011000 H
b1010001111011001100100010110110 I
b101110000011100100101001101011 J
b111010111101000111101101010001011101111100001000000000010010 L
b1110000101111010010101000010011 /
b1111110100100000000101101001100 7
b11101010100000100010101010111011 6
b1001011100100000100000000111001 D
b10110011101101010100111011111101 C
b1011101111100001000000000010010 O
b1001011100100000100000000111001 M
b10110011101101010100111011111101 N
b10101011111011101010101000100 8
b1101001000100100011011000000111 9
#9590000
0#
0:
#9595000
1#
1:
b1110111100 2
b10101011111011101010101000100 ,
b1101001000100100011011000000111 -
b11101010100000100010101010111011 0
b1111110100100000000101101001100 1
b1110111100 3
b1011101111100001000000000010010 G
b1110000101111010010101000010011 H
b10110011101101010100111011111101 I
b1001011100100000100000000111001 J
b11010100001011011000010011010111100100011011011101011001010101 L
b1011101111100001000000000010010 /
b11111101110110101000011101100001 7
b10001000101110011010010001110100 6
b1101001000100100011011000000111 D
b10101011111011101010101000100 C
b11100100011011011101011001010101 O
b1101001000100100011011000000111 M
b10101011111011101010101000100 N
b1110111010001100101101110001011 8
b10000110100101000010101111010101 9
#9600000
0#
0:
#9605000
1#
1:
b1110111101 2
b1110111010001100101101110001011 ,
b10000110100101000010101111010101 -
b10001000101110011010010001110100 0
b11111101110110101000011101100001 1
b1110111101 3
b11100100011011011101011001010101 G
b1011101111100001000000000010010 H
b10101011111011101010101000100 I
b1101001000100100011011000000111 J
b100011010010001000111101101100000100001101010010110011011100 L
b11100100011011011101011001010101 /
b1111101001001010000001101110110 7
b100110111100010001111000101101 6
b10000110100101000010101111010101 D
b1110111010001100101101110001011 C
b100001101010010110011011100 O
b10000110100101000010101111010101 M
b1110111010001100101101110001011 N
b11011001000011101110000111010010 8
b10100100000101100010000110100011 9
#9610000
0#
0:
#9615000
1#
1:
b1110111110 2
b11011001000011101110000111010010 ,
b10100100000101100010000110100011 -
b100110111100010001111000101101 0
b1111101001001010000001101110110 1
b1110111110 3
b100001101010010110011011100 G
b11100100011011011101011001010101 H
b1110111010001100101101110001011 I
b10000110100101000010101111010101 J
b11111010110011110111010000001110111101010001101000001110100111 L
b100001101010010110011011100 /
b11111100011011110111111110001011 7
b11000101001010001001011111100110 6
b10100100000101100010000110100011 D
b11011001000011101110000111010010 C
b10111101010001101000001110100111 O
b10100100000101100010000110100011 M
b11011001000011101110000111010010 N
b111010110101110110100000011001 8
b11000001100110000001011101110001 9
#9620000
0#
0:
#9625000
1#
1:
b1110111111 2
b111010110101110110100000011001 ,
b11000001100110000001011101110001 -
b11000101001010001001011111100110 0
b11111100011011110111111110001011 1
b1110111111 3
b10111101010001101000001110100111 G
b100001101010010110011011100 H
b11011001000011101110000111010010 I
b10100100000101100010000110100011 J
b1000101100100000010011000111011100001111101000011101101010110110 L
b10111101010001101000001110100111 /
b1111011101110011111101110100000 7
b1100011011000000001000110011111 6
b11000001100110000001011101110001 D
b111010110101110110100000011001 C
b1111101000011101101010110110 O
b11000001100110000001011101110001 M
b111010110101110110100000011001 N
b10011100100111111110111001100000 8
b11011111000110100000110100111111 9
#9630000
0#
0:
#9635000
1#
1:
b1111000000 2
b10011100100111111110111001100000 ,
b11011111000110100000110100111111 -
b1100011011000000001000110011111 0
b1111011101110011111101110100000 1
b1111000000 3
b1111101000011101101010110110 G
b10111101010001101000001110100111 H
b111010110101110110100000011001 I
b11000001100110000001011101110001 J
b10110001111111010110101100001111111011010001110011001000001001 L
b1111101000011101101010110110 /
b11111011000001000111011110110101 7
b1100101111000101101011000 6
b11011111000110100000110100111111 D
b10011100100111111110111001100000 C
b11111011010001110011001000001001 O
b11011111000110100000110100111111 M
b10011100100111111110111001100000 N
b11111110011010000111010010100111 8
b11111100100111000000001100001101 9
#9640000
0#
0:
#9645000
1#
1:
b1111000001 2
b11111110011010000111010010100111 ,
b11111100100111000000001100001101 -
b1100101111000101101011000 0
b11111011000001000111011110110101 1
b1111000001 3
b11111011010001110011001000001001 G
b1111101000011101101010110110 H
b10011100100111111110111001100000 I
b11011111000110100000110100111111 J
b1000100001111111010000001111111010000000001101101000100110100000 L
b11111011010001110011001000001001 /
b1111010010011101111001111001010 7
b10011111110011110000010100010001 6
b11111100100111000000001100001101 D
b11111110011010000111010010100111 C
b10000000001101101000100110100000 O
b11111100100111000000001100001101 M
b11111110011010000111010010100111 N
b1100000001100001111101011101110 8
b11010000111011111100011011011 9
#9650000
0#
0:
#9655000
1#
1:
b1111000010 2
b1100000001100001111101011101110 ,
b11010000111011111100011011011 -
b10011111110011110000010100010001 0
b1111010010011101111001111001010 1
b1111000010 3
b10000000001101101000100110100000 G
b11111011010001110011001000001001 H
b11111110011010000111010010100111 I
b11111100100111000000001100001101 J
b1111101100001001110111011000001110011110011011111110000101111011 L
b10000000001101101000100110100000 /
b11111001100110010110111111011111 7
b111110000001100111111011001010 6
b11010000111011111100011011011 D
b1100000001100001111101011101110 C
b10011110011011111110000101111011 O
b11010000111011111100011011011 M
b1100000001100001111101011101110 N
b11000001111110011000000100110101 8
b110111100111111110111010101001 9
#9660000
0#
0:
#9665000
1#
1:
b1111000011 2
b11000001111110011000000100110101 ,
b110111100111111110111010101001 -
b111110000001100111111011001010 0
b11111001100110010110111111011111 1
b1111000011 3
b10011110011011111110000101111011 G
b10000000001101101000100110100000 H
b1100000001100001111101011101110 I
b11010000111011111100011011011 J
b100111010000001111001000101001010101111100110011100110011010 L
b10011110011011111110000101111011 /
b1111000111000111110101111110100 7
b11011100001111011111100010000011 6
b110111100111111110111010101001 D
b11000001111110011000000100110101 C
b1010101111100110011100110011010 O
b110111100111111110111010101001 M
b11000001111110011000000100110101 N
b100011110000100000011101111100 8
b1010101001000011110010001110111 9
#9670000
0#
0:
#9675000
1#
1:
b1111000100 2
b100011110000100000011101111100 ,
b1010101001000011110010001110111 -
b11011100001111011111100010000011 0
b1111000111000111110101111110100 1
b1111000100 3
b1010101111100110011100110011010 G
b10011110011011111110000101111011 H
b11000001111110011000000100110101 I
b110111100111111110111010101001 J
b10101000100101110010011000111110100110110000001001000111111101 L
b1010101111100110011100110011010 /
b11111000001011100110100000001001 7
b1111010011101010111001000111100 6
b1010101001000011110010001110111 D
b100011110000100000011101111100 C
b10100110110000001001000111111101 O
b1010101001000011110010001110111 M
b100011110000100000011101111100 N
b10000101100010101000110111000011 8
b1110010101000111101101001000101 9
#9680000
0#
0:
#9685000
1#
1:
b1111000101 2
b10000101100010101000110111000011 ,
b1110010101000111101101001000101 -
b1111010011101010111001000111100 0
b11111000001011100110100000001001 1
b1111000101 3
b10100110110000001001000111111101 G
b1010101111100110011100110011010 H
b100011110000100000011101111100 I
b1010101001000011110010001110111 J
b101111100100001010000110100010010000110101111110101010100100 L
b10100110110000001001000111111101 /
b1110111011110001110010000011110 7
b11000101011001110101111110101 6
b1110010101000111101101001000101 D
b10000101100010101000110111000011 C
b10010000110101111110101010100100 O
b1110010101000111101101001000101 M
b10000101100010101000110111000011 N
b11100111010100110001010000001010 8
b10010000001001011101000000010011 9
#9690000
0#
0:
#9695000
1#
1:
b1111000110 2
b11100111010100110001010000001010 ,
b10010000001001011101000000010011 -
b11000101011001110101111110101 0
b1110111011110001110010000011110 1
b1111000110 3
b10010000110101111110101010100100 G
b10100110110000001001000111111101 H
b10000101100010101000110111000011 I
b1110010101000111101101001000101 J
b11101111001101001011000011010100010100001110010100001110001111 L
b10010000110101111110101010100100 /
b11110110110000110110000000110011 7
b10110110111001000110010110101110 6
b10010000001001011101000000010011 D
b11100111010100110001010000001010 C
b10100001110010100001110001111 O
b10010000001001011101000000010011 M
b11100111010100110001010000001010 N
b1001001000110111001101001010001 8
b10101101101001111100010111100001 9
#9700000
0#
0:
#9705000
1#
1:
b1111000111 2
b1001001000110111001101001010001 ,
b10101101101001111100010111100001 -
b10110110111001000110010110101110 0
b11110110110000110110000000110011 1
b1111000111 3
b10100001110010100001110001111 G
b10010000110101111110101010100100 H
b11100111010100110001010000001010 I
b10010000001001011101000000010011 J
b1000001001000000111001100100110000110000111001001001110010111110 L
b10100001110010100001110001111 /
b1110110000011011101110001001000 7
b1010101000110111101111101100111 6
b10101101101001111100010111100001 D
b1001001000110111001101001010001 C
b110000111001001001110010111110 O
b10101101101001111100010111100001 M
b1001001000110111001101001010001 N
b10101010111001000010000010011000 8
b11001011001010011011101110101111 9
#9710000
0#
0:
#9715000
1#
1:
b1111001000 2
b10101010111001000010000010011000 ,
b11001011001010011011101110101111 -
b1010101000110111101111101100111 0
b1110110000011011101110001001000 1
b1111001000 3
b110000111001001001110010111110 G
b10100001110010100001110001111 H
b1001001000110111001101001010001 I
b10101101101001111100010111100001 J
b11000110010111100100001100110011100110110110011111011000110001 L
b110000111001001001110010111110 /
b11110101010110000101100001011101 7
b11110011010100110101100100100000 6
b11001011001010011011101110101111 D
b10101010111001000010000010011000 C
b11100110110110011111011000110001 O
b11001011001010011011101110101111 M
b10101010111001000010000010011000 N
b1100101011001010011011011111 8
b11101000101010111011000101111101 9
#9720000
0#
0:
#9725000
1#
1:
b1111001001 2
b1100101011001010011011011111 ,
b11101000101010111011000101111101 -
b11110011010100110101100100100000 0
b11110101010110000101100001011101 1
b1111001001 3
b11100110110110011111011000110001 G
b110000111001001001110010111110 H
b10101010111001000010000010011000 I
b11001011001010011011101110101111 J
b1000011110011110110000011010101100110110000110010100111111101000 L
b11100110110110011111011000110001 /
b1110100101000101101010001110010 7
b10010001100010101101001011011001 6
b11101000101010111011000101111101 D
b1100101011001010011011011111 C
b110110000110010100111111101000 O
b11101000101010111011000101111101 M
b1100101011001010011011011111 N
b1101110011101010010110100100110 8
b110001011011010011101001011 9
#9730000
0#
0:
#9735000
1#
1:
b1111001010 2
b1101110011101010010110100100110 ,
b110001011011010011101001011 -
b10010001100010101101001011011001 0
b1110100101000101101010001110010 1
b1111001010 3
b110110000110010100111111101000 G
b11100110110110011111011000110001 H
b1100101011001010011011011111 I
b11101000101010111011000101111101 J
b101110000100111101110101011100011110101000101010100111100011 L
b110110000110010100111111101000 /
b11110011111011010101000010000111 7
b101111110000100100110010010010 6
b110001011011010011101001011 D
b1101110011101010010110100100110 C
b11110101000101010100111100011 O
b110001011011010011101001011 M
b1101110011101010010110100100110 N
b11010000001111011011001101101101 8
b100011101011111001110100011001 9
#9740000
0#
0:
#9745000
1#
1:
b1111001011 2
b11010000001111011011001101101101 ,
b100011101011111001110100011001 -
b101111110000100100110010010010 0
b11110011111011010101000010000111 1
b1111001011 3
b11110101000101010100111100011 G
b110110000110010100111111101000 H
b1101110011101010010110100100110 I
b110001011011010011101001011 J
b1010101010011100011101011010100000011101100000010000100010 L
b11110101000101010100111100011 /
b1110011001101111100110010011100 7
b11001101111110011100011001001011 6
b100011101011111001110100011001 D
b11010000001111011011001101101101 C
b10100000011101100000010000100010 O
b100011101011111001110100011001 M
b11010000001111011011001101101101 N
b110010000001100011100110110100 8
b1000001001100011001001011100111 9
#9750000
0#
0:
#9755000
1#
1:
b1111001100 2
b110010000001100011100110110100 ,
b1000001001100011001001011100111 -
b11001101111110011100011001001011 0
b1110011001101111100110010011100 1
b1111001100 3
b10100000011101100000010000100010 G
b11110101000101010100111100011 H
b11010000001111011011001101101101 I
b100011101011111001110100011001 J
b1110100000111010010010111111110111011100100110101111010100101 L
b10100000011101100000010000100010 /
b11110010100000100100100010110001 7
b1101100001100010100000000000100 6
b1000001001100011001001011100111 D
b110010000001100011100110110100 C
b10111011100100110101111010100101 O
b1000001001100011001001011100111 M
b110010000001100011100110110100 N
b10010011110011101011111111111011 8
b1011110101100111000100010110101 9
#9760000
0#
0:
#9765000
1#
1:
b1111001101 2
b10010011110011101011111111111011 ,
b1011110101100111000100010110101 -
b1101100001100010100000000000100 0
b11110010100000100100100010110001 1
b1111001101 3
b10111011100100110101111010100101 G
b10100000011101100000010000100010 H
b110010000001100011100110110100 I
b1000001001100011001001011100111 J
b110010111101010001001000110001101111111110101011100101101100 L
b10111011100100110101111010100101 /
b1110001110011001100010011000110 7
b1010011010001011100110111101 6
b1011110101100111000100010110101 D
b10010011110011101011111111111011 C
b1101111111110101011100101101100 O
b1011110101100111000100010110101 M
b10010011110011101011111111111011 N
b11110101100101110100011001000010 8
b1111100001101010111111010000011 9
#9770000
0#
0:
#9775000
1#
1:
b1111001110 2
b11110101100101110100011001000010 ,
b1111100001101010111111010000011 -
b1010011010001011100110111101 0
b1110001110011001100010011000110 1
b1111001110 3
b1101111111110101011100101101100 G
b10111011100100110101111010100101 H
b10010011110011101011111111111011 I
b1011110101100111000100010110101 J
b11011010101101100100101111110010111101101011000001010001110111 L
b1101111111110101011100101101100 /
b11110001000101110100000011011011 7
b10101000101000000011001101110110 6
b1111100001101010111111010000011 D
b11110101100101110100011001000010 C
b10111101101011000001010001110111 O
b1111100001101010111111010000011 M
b11110101100101110100011001000010 N
b1010111010111111100110010001001 8
b10011001101101110111010001010001 9
#9780000
0#
0:
#9785000
1#
1:
b1111001111 2
b1010111010111111100110010001001 ,
b10011001101101110111010001010001 -
b10101000101000000011001101110110 0
b11110001000101110100000011011011 1
b1111001111 3
b10111101101011000001010001110111 G
b1101111111110101011100101101100 H
b11110101100101110100011001000010 I
b1111100001101010111111010000011 J
b111011100101000100101111011011110100100101001110110111111000110 L
b10111101101011000001010001110111 /
b1110000011000011011110011110000 7
b1000110110101111010110100101111 6
b10011001101101110111010001010001 D
b1010111010111111100110010001001 C
b10100100101001110110111111000110 O
b10011001101101110111010001010001 M
b1010111010111111100110010001001 N
b10111001001010000101001011010000 8
b10110111001110010110101000011111 9
#9790000
0#
0:
#9795000
1#
1:
b1111010000 2
b10111001001010000101001011010000 ,
b10110111001110010110101000011111 -
b1000110110101111010110100101111 0
b1110000011000011011110011110000 1
b1111010000 3
b10100100101001110110111111000110 G
b10111101101011000001010001110111 H
b1010111010111111100110010001001 I
b10011001101101110111010001010001 J
b11010001110110110111100110110000100100111011001100101101011001 L
b10100100101001110110111111000110 /
b11101111101011000011100100000101 7
b11100101000011110010011011101000 6
b10110111001110010110101000011111 D
b10111001001010000101001011010000 C
b100100111011001100101101011001 O
b10110111001110010110101000011111 M
b10111001001010000101001011010000 N
b11010111100001101100100010111 8
b11010100101110110101111111101101 9
#9800000
0#
0:
#9805000
1#
1:
b1111010001 2
b11010111100001101100100010111 ,
b11010100101110110101111111101101 -
b11100101000011110010011011101000 0
b11101111101011000011100100000101 1
b1111010001 3
b100100111011001100101101011001 G
b10100100101001110110111111000110 H
b10111001001010000101001011010000 I
b10110111001110010110101000011111 J
b1000010010000101010110011110111000111110011111000010011100110000 L
b100100111011001100101101011001 /
b1101110111101101011010100011010 7
b10000011010001101010000010100001 6
b11010100101110110101111111101101 D
b11010111100001101100100010111 C
b111110011111000010011100110000 O
b11010100101110110101111111101101 M
b11010111100001101100100010111 N
b1111100101110010101111101011110 8
b11110010001111010101010110111011 9
#9810000
0#
0:
#9815000
1#
1:
b1111010010 2
b1111100101110010101111101011110 ,
b11110010001111010101010110111011 -
b10000011010001101010000010100001 0
b1101110111101101011010100011010 1
b1111010010 3
b111110011111000010011100110000 G
b100100111011001100101101011001 H
b11010111100001101100100010111 I
b11010100101110110101111111101101 J
b1011001100011001010111100110111110001010101011000001101001011 L
b111110011111000010011100110000 /
b11101110010000010011000100101111 7
b100001011111100001101001011010 6
b11110010001111010101010110111011 D
b1111100101110010101111101011110 C
b11110001010101011000001101001011 O
b11110010001111010101010110111011 M
b1111100101110010101111101011110 N
b11011110100000011110010110100101 8
b1111101111110100101110001001 9
#9820000
0#
0:
#9825000
1#
1:
b1111010011 2
b11011110100000011110010110100101 ,
b1111101111110100101110001001 -
b100001011111100001101001011010 0
b11101110010000010011000100101111 1
b1111010011 3
b11110001010101011000001101001011 G
b111110011111000010011100110000 H
b1111100101110010101111101011110 I
b11110010001111010101010110111011 J
b111011000000101000111100001011100111101011110001101111110101010 L
b11110001010101011000001101001011 /
b1101101100010111010110101000100 7
b10111111101101011001010000010011 6
b1111101111110100101110001001 D
b11011110100000011110010110100101 C
b111101011110001101111110101010 O
b1111101111110100101110001001 M
b11011110100000011110010110100101 N
b1000000010010100110101111101100 8
b101101010000010100000101010111 9
#9830000
0#
0:
#9835000
1#
1:
b1111010100 2
b1000000010010100110101111101100 ,
b101101010000010100000101010111 -
b10111111101101011001010000010011 0
b1101101100010111010110101000100 1
b1111010100 3
b111101011110001101111110101010 G
b11110001010101011000001101001011 H
b11011110100000011110010110100101 I
b1111101111110100101110001001 J
b110110101111111000010000011000100010111001100011110001001101 L
b111101011110001101111110101010 /
b11101100110101100010100101011001 7
b1011101111011010000110111001100 6
b101101010000010100000101010111 D
b1000000010010100110101111101100 C
b100010111001100011110001001101 O
b101101010000010100000101010111 M
b1000000010010100110101111101100 N
b10100010000100101111001000110011 8
b1001010110000110011011100100101 9
#9840000
0#
0:
#9845000
1#
1:
b1111010101 2
b10100010000100101111001000110011 ,
b1001010110000110011011100100101 -
b1011101111011010000110111001100 0
b11101100110101100010100101011001 1
b1111010101 3
b100010111001100011110001001101 G
b111101011110001101111110101010 H
b1000000010010100110101111101100 I
b101101010000010100000101010111 J
b101101011101011110000100011010100001100111011001100100110100 L
b100010111001100011110001001101 /
b1101100001000001010010101101110 7
b11111100001001001000011110000101 6
b1001010110000110011011100100101 D
b10100010000100101111001000110011 C
b10100001100111011001100100110100 O
b1001010110000110011011100100101 M
b10100010000100101111001000110011 N
b11110110110111100001111010 8
b1101000010001010010110011110011 9
#9850000
0#
0:
#9855000
1#
1:
b1111010110 2
b11110110110111100001111010 ,
b1101000010001010010110011110011 -
b11111100001001001000011110000101 0
b1101100001000001010010101101110 1
b1111010110 3
b10100001100111011001100100110100 G
b100010111001100011110001001101 H
b10100010000100101111001000110011 I
b1001010110000110011011100100101 J
b10111101010101000100010101101010111001100111101111011001011111 L
b10100001100111011001100100110100 /
b11101011011010110010000110000011 7
b10011010010111000000000100111110 6
b1101000010001010010110011110011 D
b11110110110111100001111010 C
b10111001100111101111011001011111 O
b1101000010001010010110011110011 M
b11110110110111100001111010 N
b1100101101000111111111011000001 8
b10000101110001110010001011000001 9
#9860000
0#
0:
#9865000
1#
1:
b1111010111 2
b1100101101000111111111011000001 ,
b10000101110001110010001011000001 -
b10011010010111000000000100111110 0
b11101011011010110010000110000011 1
b1111010111 3
b10111001100111101111011001011111 G
b10100001100111011001100100110100 H
b11110110110111100001111010 I
b1101000010001010010110011110011 J
b110010010001100111100011001101010111010100101001111001110 L
b10111001100111101111011001011111 /
b1101010101101011001110110011000 7
b111000100100110111101011110111 6
b10000101110001110010001011000001 D
b1100101101000111111111011000001 C
b1101010111010100101001111001110 O
b10000101110001110010001011000001 M
b1100101101000111111111011000001 N
b11000111011011001000010100001000 8
b10100011010010010001100010001111 9
#9870000
0#
0:
#9875000
1#
1:
b1111011000 2
b11000111011011001000010100001000 ,
b10100011010010010001100010001111 -
b111000100100110111101011110111 0
b1101010101101011001110110011000 1
b1111011000 3
b1101010111010100101001111001110 G
b10111001100111101111011001011111 H
b1100101101000111111111011000001 I
b10000101110001110010001011000001 J
b11010100011101010000111010000110110101011111111011000110000001 L
b1101010111010100101001111001110 /
b11101010000000000001100110101101 7
b11010110110010101111010010110000 6
b10100011010010010001100010001111 D
b11000111011011001000010100001000 C
b10110101011111111011000110000001 O
b10100011010010010001100010001111 M
b11000111011011001000010100001000 N
b101001001101010000101101001111 8
b11000000110010110000111001011101 9
#9880000
0#
0:
#9885000
1#
1:
b1111011001 2
b101001001101010000101101001111 ,
b11000000110010110000111001011101 -
b11010110110010101111010010110000 0
b11101010000000000001100110101101 1
b1111011001 3
b10110101011111111011000110000001 G
b1101010111010100101001111001110 H
b11000111011011001000010100001000 I
b10100011010010010001100010001111 J
b111111100110011000010011100011110011001010111110000111101111000 L
b10110101011111111011000110000001 /
b1101001010010101001010111000010 7
b1110101000000100110111001101001 6
b11000000110010110000111001011101 D
b101001001101010000101101001111 C
b10011001010111110000111101111000 O
b11000000110010110000111001011101 M
b101001001101010000101101001111 N
b10001010111111011001000110010110 8
b11011110010011010000010000101011 9
#9890000
0#
0:
#9895000
1#
1:
b1111011010 2
b10001010111111011001000110010110 ,
b11011110010011010000010000101011 -
b1110101000000100110111001101001 0
b1101001010010101001010111000010 1
b1111011010 3
b10011001010111110000111101111000 G
b10110101011111111011000110000001 H
b101001001101010000101101001111 I
b11000000110010110000111001011101 J
b1111100001000011101111101101100010110100010000110110110110011 L
b10011001010111110000111101111000 /
b11101000100101010001000111010111 7
b10011001110011110100000100010 6
b11011110010011010000010000101011 D
b10001010111111011001000110010110 C
b10110100010000110110110110011 O
b11011110010011010000010000101011 M
b10001010111111011001000110010110 N
b11101100110001100001011111011101 8
b11111011110011101111100111111001 9
#9900000
0#
0:
#9905000
1#
1:
b1111011011 2
b11101100110001100001011111011101 ,
b11111011110011101111100111111001 -
b10011001110011110100000100010 0
b11101000100101010001000111010111 1
b1111011011 3
b10110100010000110110110110011 G
b10011001010111110000111101111000 H
b10001010111111011001000110010110 I
b11011110010011010000010000101011 J
b111100010110001101101001100100000101100111110111100110000110010 L
b10110100010000110110110110011 /
b1100111110111111000110111101100 7
b10110001011100010110000111011011 6
b11111011110011101111100111111001 D
b11101100110001100001011111011101 C
b101100111110111100110000110010 O
b11111011110011101111100111111001 M
b11101100110001100001011111011101 N
b1001110100011101001111000100100 8
b11001010100001110111111000111 9
#9910000
0#
0:
#9915000
1#
1:
b1111011100 2
b1001110100011101001111000100100 ,
b11001010100001110111111000111 -
b10110001011100010110000111011011 0
b1100111110111111000110111101100 1
b1111011100 3
b101100111110111100110000110010 G
b10110100010000110110110110011 H
b11101100110001100001011111011101 I
b11111011110011101111100111111001 J
b1110100011100101101001111111111111011100101110010010101011110101 L
b101100111110111100110000110010 /
b11100111001010100000101000000001 7
b1001111101010001101101110010100 6
b11001010100001110111111000111 D
b1001110100011101001111000100100 C
b11011100101110010010101011110101 O
b11001010100001110111111000111 M
b1001110100011101001111000100100 N
b10110000010101110010010001101011 8
b110110110100101110010110010101 9
#9920000
0#
0:
#9925000
1#
1:
b1111011101 2
b10110000010101110010010001101011 ,
b110110110100101110010110010101 -
b1001111101010001101101110010100 0
b11100111001010100000101000000001 1
b1111011101 3
b11011100101110010010101011110101 G
b101100111110111100110000110010 H
b1001110100011101001111000100100 I
b11001010100001110111111000111 J
b11111000100110000111001011100100101110000001000100111111100 L
b11011100101110010010101011110101 /
b1100110011101001000011000010110 7
b11101101111000000101010101001101 6
b110110110100101110010110010101 D
b10110000010101110010010001101011 C
b100101110000001000100111111100 O
b110110110100101110010110010101 M
b10110000010101110010010001101011 N
b10010000111111010101010110010 8
b1010100010101001101101101100011 9
#9930000
0#
0:
#9935000
1#
1:
b1111011110 2
b10010000111111010101010110010 ,
b1010100010101001101101101100011 -
b11101101111000000101010101001101 0
b1100110011101001000011000010110 1
b1111011110 3
b100101110000001000100111111100 G
b11011100101110010010101011110101 H
b10110000010101110010010001101011 I
b110110110100101110010110010101 J
b10010111000011101001110100111100001000000100011110100101000111 L
b100101110000001000100111111100 /
b11100101101111110000001000101011 7
b10001100000101111100111100000110 6
b1010100010101001101101101100011 D
b10010000111111010101010110010 C
b1000000100011110100101000111 O
b1010100010101001101101101100011 M
b10010000111111010101010110010 N
b1110011111010000011000011111001 8
b1110001110101101101000100110001 9
#9940000
0#
0:
#9945000
1#
1:
b1111011111 2
b1110011111010000011000011111001 ,
b1110001110101101101000100110001 -
b10001100000101111100111100000110 0
b11100101101111110000001000101011 1
b1111011111 3
b1000000100011110100101000111 G
b100101110000001000100111111100 H
b10010000111111010101010110010 I
b1010100010101001101101101100011 J
b10111111000011001011110111010000011101011010100100011010110 L
b1000000100011110100101000111 /
b1100101000010010111111001000000 7
b101010010011110100100010111111 6
b1110001110101101101000100110001 D
b1110011111010000011000011111001 C
b10000011101011010100100011010110 O
b1110001110101101101000100110001 M
b1110011111010000011000011111001 N
b11010101101100001011011101000000 8
b10001111010110001100011011111111 9
#9950000
0#
0:
#9955000
1#
1:
b1111100000 2
b11010101101100001011011101000000 ,
b10001111010110001100011011111111 -
b101010010011110100100010111111 0
b1100101000010010111111001000000 1
b1111100000 3
b10000011101011010100100011010110 G
b1000000100011110100101000111 H
b1110011111010000011000011111001 I
b1110001110101101101000100110001 J
b11001110001010110000000110110110011000100100101010100010101001 L
b10000011101011010100100011010110 /
b11100100010100111111101001010101 7
b11001000100001101100001001111000 6
b10001111010110001100011011111111 D
b11010101101100001011011101000000 C
b10011000100100101010100010101001 O
b10001111010110001100011011111111 M
b11010101101100001011011101000000 N
b110111011110010011110110000111 8
b10101100110110101011110011001101 9
#9960000
0#
0:
#9965000
1#
1:
b1111100001 2
b110111011110010011110110000111 ,
b10101100110110101011110011001101 -
b11001000100001101100001001111000 0
b11100100010100111111101001010101 1
b1111100001 3
b10011000100100101010100010101001 G
b10000011101011010100100011010110 H
b11010101101100001011011101000000 I
b10001111010110001100011011111111 J
b111011110100111110100010011011101000110110000100000100011000000 L
b10011000100100101010100010101001 /
b1100011100111100111011001101010 7
b1100110101111100011110000110001 6
b10101100110110101011110011001101 D
b110111011110010011110110000111 C
b1000110110000100000100011000000 O
b10101100110110101011110011001101 M
b110111011110010011110110000111 N
b10011001010000011100001111001110 8
b11001010010111001011001010011011 9
#9970000
0#
0:
#9975000
1#
1:
b1111100010 2
b10011001010000011100001111001110 ,
b11001010010111001011001010011011 -
b1100110101111100011110000110001 0
b1100011100111100111011001101010 1
b1111100010 3
b1000110110000100000100011000000 G
b10011000100100101010100010101001 H
b110111011110010011110110000111 I
b10101100110110101011110011001101 J
b10010101110100110110110111111010001110001110110110100100011011 L
b1000110110000100000100011000000 /
b11100010111010001111001001111111 7
b100111101011011010111101010 6
b11001010010111001011001010011011 D
b10011001010000011100001111001110 C
b10001110001110110110100100011011 O
b11001010010111001011001010011011 M
b10011001010000011100001111001110 N
b11111011000010100100101000010101 8
b11100111110111101010100001101001 9
#9980000
0#
0:
#9985000
1#
1:
b1111100011 2
b11111011000010100100101000010101 ,
b11100111110111101010100001101001 -
b100111101011011010111101010 0
b11100010111010001111001001111111 1
b1111100011 3
b10001110001110110110100100011011 G
b1000110110000100000100011000000 H
b10011001010000011100001111001110 I
b11001010010111001011001010011011 J
b111100100100101011000110000111101101110111111101100100110111010 L
b10001110001110110110100100011011 /
b1100010001100110110111010010100 7
b10100011001011010010111110100011 6
b11100111110111101010100001101001 D
b11111011000010100100101000010101 C
b1101110111111101100100110111010 O
b11100111110111101010100001101001 M
b11111011000010100100101000010101 N
b1011100110100101101000001011100 8
b101011000001001111000110111 9
#9990000
0#
0:
#9995000
1#
1:
b1111100100 2
b1011100110100101101000001011100 ,
b101011000001001111000110111 -
b10100011001011010010111110100011 0
b1100010001100110110111010010100 1
b1111100100 3
b1101110111111101100100110111010 G
b10001110001110110110100100011011 H
b11111011000010100100101000010101 I
b11100111110111101010100001101001 J
b1110001101100000101000001110101011101001000011000010101010011101 L
b1101110111111101100100110111010 /
b11100001011111011110101010101001 7
b1000001011001001010100101011100 6
b101011000001001111000110111 D
b1011100110100101101000001011100 C
b11101001000011000010101010011101 O
b101011000001001111000110111 M
b1011100110100101101000001011100 N
b10111110100110110101011010100011 8
b100010111000101001010000000101 9
#10000000
0#
0:
#10005000
1#
1:
b1111100101 2
b10111110100110110101011010100011 ,
b100010111000101001010000000101 -
b1000001011001001010100101011100 0
b11100001011111011110101010101001 1
b1111100101 3
b11101001000011000010101010011101 G
b1101110111111101100100110111010 H
b1011100110100101101000001011100 I
b101011000001001111000110111 J
b111110011001001100111110111111100011000111000101111000100 L
b11101001000011000010101010011101 /
b1100000110010000110011010111110 7
b11011111100111000010001100010101 6
b100010111000101001010000000101 D
b10111110100110110101011010100011 C
b11111100011000111000101111000100 O
b100010111000101001010000000101 M
b10111110100110110101011010100011 N
b100000011000111101110011101010 8
b1000000011001001000100111010011 9
#10010000
0#
0:
#10015000
1#
1:
b1111100110 2
b100000011000111101110011101010 ,
b1000000011001001000100111010011 -
b11011111100111000010001100010101 0
b1100000110010000110011010111110 1
b1111100110 3
b11111100011000111000101111000100 G
b11101001000011000010101010011101 H
b10111110100110110101011010100011 I
b100010111000101001010000000101 J
b1100111111001010101001101100110101001000001001110110100101111 L
b11111100011000111000101111000100 /
b11100000000100101110001011010011 7
b1111101110100111001110011001110 6
b1000000011001001000100111010011 D
b100000011000111101110011101010 C
b10101001000001001110110100101111 O
b1000000011001001000100111010011 M
b100000011000111101110011101010 N
b10000010001011000110001100110001 8
b1011101111001100111111110100001 9
#10020000
0#
0:
#10025000
1#
1:
b1111100111 2
b10000010001011000110001100110001 ,
b1011101111001100111111110100001 -
b1111101110100111001110011001110 0
b11100000000100101110001011010011 1
b1111100111 3
b10101001000001001110110100101111 G
b11111100011000111000101111000100 H
b100000011000111101110011101010 I
b1000000011001001000100111010011 J
b100000100101101011111010110011101110111100000100111011011110 L
b10101001000001001110110100101111 /
b1011111010111010101111011101000 7
b11100000010110001011010000111 6
b1011101111001100111111110100001 D
b10000010001011000110001100110001 C
b11101110111100000100111011011110 O
b1011101111001100111111110100001 M
b10000010001011000110001100110001 N
b11100011111101001110100101111000 8
b1111011011010000111010101101111 9
#10030000
0#
0:
#10035000
1#
1:
b1111101000 2
b11100011111101001110100101111000 ,
b1111011011010000111010101101111 -
b11100000010110001011010000111 0
b1011111010111010101111011101000 1
b1111101000 3
b11101110111100000100111011011110 G
b10101001000001001110110100101111 H
b10000010001011000110001100110001 I
b1011101111001100111111110100001 J
b10111110111111010101001100111111001110001001011011000011010001 L
b11101110111100000100111011011110 /
b11011110101001111101101011111101 7
b10111010010000101001000001000000 6
b1111011011010000111010101101111 D
b11100011111101001110100101111000 C
b11001110001001011011000011010001 O
b1111011011010000111010101101111 M
b11100011111101001110100101111000 N
b1000101101111010110111110111111 8
b10011000111010100110101100111101 9
#10040000
0#
0:
#10045000
1#
1:
b1111101001 2
b1000101101111010110111110111111 ,
b10011000111010100110101100111101 -
b10111010010000101001000001000000 0
b11011110101001111101101011111101 1
b1111101001 3
b11001110001001011011000011010001 G
b11101110111100000100111011011110 H
b11100011111101001110100101111000 I
b1111011011010000111010101101111 J
b110110111100011101100000011110101000110101001010001001100001000 L
b11001110001001011011000011010001 /
b1011101111100100101011100010010 7
b1011000011110100000100111111001 6
b10011000111010100110101100111101 D
b1000101101111010110111110111111 C
b1000110101001010001001100001000 O
b10011000111010100110101100111101 M
b1000101101111010110111110111111 N
b10100111100001011111011000000110 8
b10110110011011000110000100001011 9
#10050000
0#
0:
#10055000
1#
1:
b1111101010 2
b10100111100001011111011000000110 ,
b10110110011011000110000100001011 -
b1011000011110100000100111111001 0
b1011101111100100101011100010010 1
b1111101010 3
b1000110101001010001001100001000 G
b11001110001001011011000011010001 H
b1000101101111010110111110111111 I
b10011000111010100110101100111101 J
b10100110101000010101101011100001011000011011100111010110000011 L
b1000110101001010001001100001000 /
b11011101001111001101001100100111 7
b11110110101100011000001110110010 6
b10110110011011000110000100001011 D
b10100111100001011111011000000110 C
b1011000011011100111010110000011 O
b10110110011011000110000100001011 M
b10100111100001011111011000000110 N
b1001010011100111110001001101 8
b11010011111011100101011011011001 9
#10060000
0#
0:
#10065000
1#
1:
b1111101011 2
b1001010011100111110001001101 ,
b11010011111011100101011011011001 -
b11110110101100011000001110110010 0
b11011101001111001101001100100111 1
b1111101011 3
b1011000011011100111010110000011 G
b1000110101001010001001100001000 H
b10100111100001011111011000000110 I
b10110110011011000110000100001011 J
b111011101100000001010001110110100000011100000011101100001000010 L
b1011000011011100111010110000011 /
b1011100100001110100111100111100 7
b10010100111010001111110101101011 6
b11010011111011100101011011011001 D
b1001010011100111110001001101 C
b11100000011101100001000010 O
b11010011111011100101011011011001 M
b1001010011100111110001001101 N
b1101011000101110000001010010100 8
b11110001011100000100110010100111 9
#10070000
0#
0:
#10075000
1#
1:
b1111101100 2
b1101011000101110000001010010100 ,
b11110001011100000100110010100111 -
b10010100111010001111110101101011 0
b1011100100001110100111100111100 1
b1111101100 3
b11100000011101100001000010 G
b1011000011011100111010110000011 H
b1001010011100111110001001101 I
b11010011111011100101011011011001 J
b11110110100010110101001001101000111110111110011101101000101 L
b11100000011101100001000010 /
b11011011110100011100101101010001 7
b110011001000000111011100100100 6
b11110001011100000100110010100111 D
b1101011000101110000001010010100 C
b1000111110111110011101101000101 O
b11110001011100000100110010100111 M
b1101011000101110000001010010100 N
b11001100110111111000100011011011 8
b1110111100100100001001110101 9
#10080000
0#
0:
#10085000
1#
1:
b1111101101 2
b11001100110111111000100011011011 ,
b1110111100100100001001110101 -
b110011001000000111011100100100 0
b11011011110100011100101101010001 1
b1111101101 3
b1000111110111110011101101000101 G
b11100000011101100001000010 H
b1101011000101110000001010010100 I
b11110001011100000100110010100111 J
b110010011111111101000111000111100100101100001101001111010001100 L
b1000111110111110011101101000101 /
b1011011000111000100011101100110 7
b11010001010101111111000011011101 6
b1110111100100100001001110101 D
b11001100110111111000100011011011 C
b100101100001101001111010001100 O
b1110111100100100001001110101 M
b11001100110111111000100011011011 N
b101110101010000000111100100010 8
b101100011101000011100001000011 9
#10090000
0#
0:
#10095000
1#
1:
b1111101110 2
b101110101010000000111100100010 ,
b101100011101000011100001000011 -
b11010001010101111111000011011101 0
b1011011000111000100011101100110 1
b1111101110 3
b100101100001101001111010001100 G
b1000111110111110011101101000101 H
b11001100110111111000100011011011 I
b1110111100100100001001110101 J
b101111110110000110011111101010011100011110000000001000010111 L
b100101100001101001111010001100 /
b11011010011001101100001101111011 7
b1101111100011110110101010010110 6
b101100011101000011100001000011 D
b101110101010000000111100100010 C
b10011100011110000000001000010111 O
b101100011101000011100001000011 M
b101110101010000000111100100010 N
b10010000011100001001010101101001 8
b1001001111101100010111000010001 9
#10100000
0#
0:
#10105000
1#
1:
b1111101111 2
b10010000011100001001010101101001 ,
b1001001111101100010111000010001 -
b1101111100011110110101010010110 0
b11011010011001101100001101111011 1
b1111101111 3
b10011100011110000000001000010111 G
b100101100001101001111010001100 H
b101110101010000000111100100010 I
b101100011101000011100001000011 J
b100000011010000100010000000110101100101100110110010111100110 L
b10011100011110000000001000010111 /
b1011001101100010011111110010000 7
b1101110001101110010001001111 6
b1001001111101100010111000010001 D
b10010000011100001001010101101001 C
b10101100101100110110010111100110 O
b1001001111101100010111000010001 M
b10010000011100001001010101101001 N
b11110010001110010001101110110000 8
b1100111011110000010001111011111 9
#10110000
0#
0:
#10115000
1#
1:
b1111110000 2
b11110010001110010001101110110000 ,
b1100111011110000010001111011111 -
b1101110001101110010001001111 0
b1011001101100010011111110010000 1
b1111110000 3
b10101100101100110110010111100110 G
b10011100011110000000001000010111 H
b10010000011100001001010101101001 I
b1001001111101100010111000010001 J
b10100110111011000000001100100001010110001110001100100111111001 L
b10101100101100110110010111100110 /
b11011000111110111011101110100101 7
b10101011111111100101111000001000 6
b1100111011110000010001111011111 D
b11110010001110010001101110110000 C
b1010110001110001100100111111001 O
b1100111011110000010001111011111 M
b11110010001110010001101110110000 N
b1010100000000011010000111110111 8
b10000100111110100001100110101101 9
#10120000
0#
0:
#10125000
1#
1:
b1111110001 2
b1010100000000011010000111110111 ,
b10000100111110100001100110101101 -
b10101011111111100101111000001000 0
b11011000111110111011101110100101 1
b1111110001 3
b1010110001110001100100111111001 G
b10101100101100110110010111100110 H
b11110010001110010001101110110000 I
b1100111011110000010001111011111 J
b110000111100110101001101101100110011001000010000010111001010000 L
b1010110001110001100100111111001 /
b1011000010001100011011110111010 7
b1001010001101011101011111000001 6
b10000100111110100001100110101101 D
b1010100000000011010000111110111 C
b10011001000010000010111001010000 O
b10000100111110100001100110101101 M
b1010100000000011010000111110111 N
b10110101110010100010100000111110 8
b10100010011111000000111101111011 9
#10130000
0#
0:
#10135000
1#
1:
b1111110010 2
b10110101110010100010100000111110 ,
b10100010011111000000111101111011 -
b1001010001101011101011111000001 0
b1011000010001100011011110111010 1
b1111110010 3
b10011001000010000010111001010000 G
b1010110001110001100100111111001 H
b1010100000000011010000111110111 I
b10000100111110100001100110101101 J
b10101110100010111010011000100001110101001000011001001011101011 L
b10011001000010000010111001010000 /
b11010111100100001011001111001111 7
b11101000011011010101000101111010 6
b10100010011111000000111101111011 D
b10110101110010100010100000111110 C
b1110101001000011001001011101011 O
b10100010011111000000111101111011 M
b10110101110010100010100000111110 N
b10111100100101010111010000101 8
b10111111111111100000010101001001 9
#10140000
0#
0:
#10145000
1#
1:
b1111110011 2
b10111100100101010111010000101 ,
b10111111111111100000010101001001 -
b11101000011011010101000101111010 0
b11010111100100001011001111001111 1
b1111110011 3
b1110101001000011001001011101011 G
b10011001000010000010111001010000 H
b10110101110010100010100000111110 I
b10100010011111000000111101111011 J
b111001101100010000001100110000011101010100001001111011111001010 L
b1110101001000011001001011101011 /
b1010110110110110010111111100100 7
b10000110101001001100101100110011 6
b10111111111111100000010101001001 D
b10111100100101010111010000101 C
b11101010100001001111011111001010 O
b10111111111111100000010101001001 M
b10111100100101010111010000101 N
b1111001010110110011010011001100 8
b11011101011111111111101100010111 9
#10150000
0#
0:
#10155000
1#
1:
b1111110100 2
b1111001010110110011010011001100 ,
b11011101011111111111101100010111 -
b10000110101001001100101100110011 0
b1010110110110110010111111100100 1
b1111110100 3
b11101010100001001111011111001010 G
b1110101001000011001001011101011 H
b10111100100101010111010000101 I
b10111111111111100000010101001001 J
b1000110101101110101000011101011111001001100100101110011101101 L
b11101010100001001111011111001010 /
b11010110001001011010101111111001 7
b100100110111000100010011101100 6
b11011101011111111111101100010111 D
b1111001010110110011010011001100 C
b11111001001100100101110011101101 O
b11011101011111111111101100010111 M
b1111001010110110011010011001100 N
b11011011001000111011101100010011 8
b11111011000000011111000011100101 9
#10160000
0#
0:
#10165000
1#
1:
b1111110101 2
b11011011001000111011101100010011 ,
b11111011000000011111000011100101 -
b100100110111000100010011101100 0
b11010110001001011010101111111001 1
b1111110101 3
b11111001001100100101110011101101 G
b11101010100001001111011111001010 H
b1111001010110110011010011001100 I
b11011101011111111111101100010111 J
b110100100000000011001111101101010100001001010011100001001010100 L
b11111001001100100101110011101101 /
b1010101011100000010100000001110 7
b11000011000100111011111010100101 6
b11111011000000011111000011100101 D
b11011011001000111011101100010011 C
b10100001001010011100001001010100 O
b11111011000000011111000011100101 M
b11011011001000111011101100010011 N
b111100111011000100000101011010 8
b11000100000111110011010110011 9
#10170000
0#
0:
#10175000
1#
1:
b1111110110 2
b111100111011000100000101011010 ,
b11000100000111110011010110011 -
b11000011000100111011111010100101 0
b1010101011100000010100000001110 1
b1111110110 3
b10100001001010011100001001010100 G
b11111001001100100101110011101101 H
b11011011001000111011101100010011 I
b11111011000000011111000011100101 J
b1101011011011101101100011100010011100010011010110010011111111111 L
b10100001001010011100001001010100 /
b11010100101110101010010000100011 7
b1100001010010110011100001011110 6
b11000100000111110011010110011 D
b111100111011000100000101011010 C
b11100010011010110010011111111111 O
b11000100000111110011010110011 M
b111100111011000100000101011010 N
b10011110101101001100011110100001 8
b110110000001011101110010000001 9
#10180000
0#
0:
#10185000
1#
1:
b1111110111 2
b10011110101101001100011110100001 ,
b110110000001011101110010000001 -
b1100001010010110011100001011110 0
b11010100101110101010010000100011 1
b1111110111 3
b11100010011010110010011111111111 G
b10100001001010011100001001010100 H
b111100111011000100000101011010 I
b11000100000111110011010110011 J
b10111010101100010011110110010111100111101101000110111101110 L
b11100010011010110010011111111111 /
b1010100000001010010000000111000 7
b11111111100000101011001000010111 6
b110110000001011101110010000001 D
b10011110101101001100011110100001 C
b10111100111101101000110111101110 O
b110110000001011101110010000001 M
b10011110101101001100011110100001 N
b11111010100110111101000 8
b1010011100001111101001001001111 9
#10190000
0#
0:
#10195000
1#
1:
b1111111000 2
b11111010100110111101000 ,
b1010011100001111101001001001111 -
b11111111100000101011001000010111 0
b1010100000001010010000000111000 1
b1111111000 3
b10111100111101101000110111101110 G
b11100010011010110010011111111111 H
b10011110101101001100011110100001 I
b110110000001011101110010000001 J
b10000101111101110001000101011100110000110010111111010000100001 L
b10111100111101101000110111101110 /
b11010011010011111001110001001101 7
b10011101101110100010101111010000 6
b1010011100001111101001001001111 D
b11111010100110111101000 C
b110000110010111111010000100001 O
b1010011100001111101001001001111 M
b11111010100110111101000 N
b1100010010001011101010000101111 8
b1110001000010011100100000011101 9
#10200000
0#
0:
#10205000
1#
1:
b1111111001 2
b1100010010001011101010000101111 ,
b1110001000010011100100000011101 -
b10011101101110100010101111010000 0
b11010011010011111001110001001101 1
b1111111001 3
b110000110010111111010000100001 G
b10111100111101101000110111101110 H
b11111010100110111101000 I
b1010011100001111101001001001111 J
b101000111000101011110100111101111010110101101010011000 L
b110000110010111111010000100001 /
b1010010100110100001100001100010 7
b111011111100011010010110001001 6
b1110001000010011100100000011101 D
b1100010010001011101010000101111 C
b111101111010110101101010011000 O
b1110001000010011100100000011101 M
b1100010010001011101010000101111 N
b11000100000011100101101001110110 8
b10001110100010111011110111101011 9
#10210000
0#
0:
#10215000
1#
1:
b1111111010 2
b11000100000011100101101001110110 ,
b10001110100010111011110111101011 -
b111011111100011010010110001001 0
b1010010100110100001100001100010 1
b1111111010 3
b111101111010110101101010011000 G
b110000110010111111010000100001 H
b1100010010001011101010000101111 I
b1110001000010011100100000011101 J
b10101101100100100100111110111011100100010101001100000101010011 L
b111101111010110101101010011000 /
b11010001111001001001010001110111 7
b11011010001010010001111101000010 6
b10001110100010111011110111101011 D
b11000100000011100101101001110110 C
b11100100010101001100000101010011 O
b10001110100010111011110111101011 M
b11000100000011100101101001110110 N
b100101110101101110000010111101 8
b10101100000011011011001110111001 9
#10220000
0#
0:
#10225000
1#
1:
b1111111011 2
b100101110101101110000010111101 ,
b10101100000011011011001110111001 -
b11011010001010010001111101000010 0
b11010001111001001001010001110111 1
b1111111011 3
b11100100010101001100000101010011 G
b111101111010110101101010011000 H
b11000100000011100101101001110110 I
b10001110100010111011110111101011 J
b110110100101010111110110110101100100100000010000010100001010010 L
b11100100010101001100000101010011 /
b1010001001011110001000010001100 7
b1111000011000001001100011111011 6
b10101100000011011011001110111001 D
b100101110101101110000010111101 C
b100100000010000010100001010010 O
b10101100000011011011001110111001 M
b100101110101101110000010111101 N
b10000111100111110110011100000100 8
b11001001100011111010100110000111 9
#10230000
0#
0:
#10235000
1#
1:
b1111111100 2
b10000111100111110110011100000100 ,
b11001001100011111010100110000111 -
b1111000011000001001100011111011 0
b1010001001011110001000010001100 1
b1111111100 3
b100100000010000010100001010010 G
b11100100010101001100000101010011 H
b100101110101101110000010111101 I
b10101100000011011011001110111001 J
b1100101101110011001010111100011111101000001011000111110010101 L
b100100000010000010100001010010 /
b11010000011110011000110010100001 7
b10110100110000001001010110100 6
b11001001100011111010100110000111 D
b10000111100111110110011100000100 C
b11111101000001011000111110010101 O
b11001001100011111010100110000111 M
b10000111100111110110011100000100 N
b11101001011001111110110101001011 8
b11100111000100011001111101010101 9
#10240000
0#
0:
#10245000
1#
1:
b1111111101 2
b11101001011001111110110101001011 ,
b11100111000100011001111101010101 -
b10110100110000001001010110100 0
b11010000011110011000110010100001 1
b1111111101 3
b11111101000001011000111110010101 G
b100100000010000010100001010010 H
b10000111100111110110011100000100 I
b11001001100011111010100110000111 J
b110101011001000010000111011110001101111010011001111011100011100 L
b11111101000001011000111110010101 /
b1001111110001000000100010110110 7
b10110100110011111000110001101101 6
b11100111000100011001111101010101 D
b11101001011001111110110101001011 C
b1101111010011001111011100011100 O
b11100111000100011001111101010101 M
b11101001011001111110110101001011 N
b1001011001100000111001110010010 8
b100100100111001010100100011 9
#10250000
0#
0:
#10255000
1#
1:
b1111111110 2
b1001011001100000111001110010010 ,
b100100100111001010100100011 -
b10110100110011111000110001101101 0
b1001111110001000000100010110110 1
b1111111110 3
b1101111010011001111011100011100 G
b11111101000001011000111110010101 H
b11101001011001111110110101001011 I
b11100111000100011001111101010101 J
b1101001010101100110110000100101001111010110111100101111011100111 L
b1101111010011001111011100011100 /
b11001111000011101000010011001011 7
b1010011000001110000011000100110 6
b100100100111001010100100011 D
b1001011001100000111001110010010 C
b1111010110111100101111011100111 O
b100100100111001010100100011 M
b1001011001100000111001110010010 N
b10101100111110001111100111011001 8
b100010000101011000101011110001 9
#10260000
0#
0:
#10265000
1#
1:
b1111111111 2
b10101100111110001111100111011001 ,
b100010000101011000101011110001 -
b1010011000001110000011000100110 0
b11001111000011101000010011001011 1
b1111111111 3
b1111010110111100101111011100111 G
b1101111010011001111011100011100 H
b1001011001100000111001110010010 I
b100100100111001010100100011 J
b101011000000110100110111000011111101110011100011011110110 L
b1111010110111100101111011100111 /
b1001110010110010000000011100000 7
b11110001001111100111111111011111 6
b100010000101011000101011110001 D
b10101100111110001111100111011001 C
b11111101110011100011011110110 O
b100010000101011000101011110001 M
b10101100111110001111100111011001 N
b1110110000011000000000100000 8
b111111100101111000000010111111 9
#10270000
0#
0:
#10275000
1#
1:
b10000000000 2
b1110110000011000000000100000 ,
b111111100101111000000010111111 -
b11110001001111100111111111011111 0
b1001110010110010000000011100000 1
b10000000000 3
b11111101110011100011011110110 G
b1111010110111100101111011100111 H
b10101100111110001111100111011001 I
b100010000101011000101011110001 J
b1011100000111100111110111110001011101110111110010111101001001 L
b11111101110011100011011110110 /
b11001101101000110111110011110101 7
b10001111011101011111100110011000 6
b111111100101111000000010111111 D
b1110110000011000000000100000 C
b1011101110111110010111101001001 O
b111111100101111000000010111111 M
b1110110000011000000000100000 N
b1110000100010100000011001100111 8
b1011101000110010111011010001101 9
#10280000
0#
0:
#10285000
1#
1:
b10000000001 2
0%
b1 4
b1011101110111110010111101001001 G
b11111101110011100011011110110 H
b1110110000011000000000100000 I
b111111100101111000000010111111 J
b1110101010010110100001011000110101010011101001011111100000 L
b1011101110111110010111101001001 /
0<
b110101010011101001011111100000 O
#10290000
0#
0:
#10295000
1#
1:
b10000000010 2
b10 4
b110101010011101001011111100000 G
b1011101110111110010111101001001 H
b0 I
b0 J
b0 L
b110101010011101001011111100000 /
b0 O
#10300000
0#
0:
#10305000
1#
1:
b10000000011 2
b11 4
b0 G
b110101010011101001011111100000 H
b0 /
#10310000
0#
0:
#10315000
1#
